
///////////////////////////////////
// Efinity Synthesis Started 
// Mar 07, 2023 14:44:10
///////////////////////////////////

[EFX-0012 VERI-INFO] default VHDL library search path is now "E:/Efinity/2022.2/sim_models/vhdl/packages/vhdl_2008" (VHDL-1504) 
[EFX-0012 VERI-INFO] undeclared symbol 'la_capture_mask', assumed default net type 'wire' (VERI-2561) (E:/Efinity/project/fnetriong/work_dbg/debug_top.v:4372)
[EFX-0012 VERI-INFO] undeclared symbol 'next_segment_pointer_eq', assumed default net type 'wire' (VERI-2561) (E:/Efinity/project/fnetriong/work_dbg/debug_top.v:4730)
[EFX-0012 VERI-INFO] undeclared symbol 'next_segment_msb_xor', assumed default net type 'wire' (VERI-2561) (E:/Efinity/project/fnetriong/work_dbg/debug_top.v:4731)
[EFX-0011 VERI-WARNING] port 'probe5' remains unconnected for this instance (VERI-1927) (E:/Efinity/project/fnetriong/work_dbg/debug_top.v:120)
[EFX-0012 VERI-INFO] compiling module 'edb_top' (VERI-1018) (E:/Efinity/project/fnetriong/work_dbg/debug_top.v:10)
[EFX-0012 VERI-INFO] compiling module 'edb_la_top_renamed_due_excessive_length_1' (VERI-1018) (E:/Efinity/project/fnetriong/work_dbg/debug_top.v:493)
[EFX-0011 VERI-WARNING] expression size 256 truncated to fit in target size 64 (VERI-1209) (E:/Efinity/project/fnetriong/work_dbg/debug_top.v:3589)
[EFX-0012 VERI-INFO] compiling module 'edb_adbg_crc32' (VERI-1018) (E:/Efinity/project/fnetriong/work_dbg/debug_top.v:194)
[EFX-0012 VERI-INFO] compiling module 'compare_unit(WIDTH=11'b01000,PIPE=1)' (VERI-1018) (E:/Efinity/project/fnetriong/work_dbg/debug_top.v:5453)
[EFX-0012 VERI-INFO] compiling module 'compare_unit(WIDTH=11'b01,PIPE=1)' (VERI-1018) (E:/Efinity/project/fnetriong/work_dbg/debug_top.v:5453)
[EFX-0012 VERI-INFO] compiling module 'compare_unit(WIDTH=11'b0100,PIPE=1)' (VERI-1018) (E:/Efinity/project/fnetriong/work_dbg/debug_top.v:5453)
[EFX-0012 VERI-INFO] compiling module 'trigger_unit(WIDTH=32'b0101,PIPE=1)' (VERI-1018) (E:/Efinity/project/fnetriong/work_dbg/debug_top.v:5658)
[EFX-0012 VERI-INFO] compiling module 'la_biu(CAPTURE_WIDTH=32'b010101,DATA_DEPTH=2048)' (VERI-1018) (E:/Efinity/project/fnetriong/work_dbg/debug_top.v:4807)
[EFX-0012 VERI-INFO] compiling module 'fifo_with_read(DATA_WIDTH=32'b010110,ADDR_WIDTH=11)' (VERI-1018) (E:/Efinity/project/fnetriong/work_dbg/debug_top.v:4549)
[EFX-0012 VERI-INFO] compiling module 'fifo_address_trancode_unit(TOTAL_ADDR_WIDTH=11,CELL_ADDR_WIDTH=12)' (VERI-1018) (E:/Efinity/project/fnetriong/work_dbg/debug_top.v:4499)
[EFX-0012 VERI-INFO] compiling module 'edb_simple_dual_port_ram(DATA_WIDTH=32'b010110,ADDR_WIDTH=11,RAM_INIT_FILE="")' (VERI-1018) (E:/Efinity/project/fnetriong/work_dbg/debug_top.v:403)
[EFX-0012 VERI-INFO] extracting RAM for identifier 'ram' (VERI-2571) (E:/Efinity/project/fnetriong/work_dbg/debug_top.v:418)
[EFX-0012 VERI-INFO] compiling module 'debug_hub' (VERI-1018) (E:/Efinity/project/fnetriong/work_dbg/debug_top.v:272)
[EFX-0011 VERI-WARNING] input port 'probe5[0]' remains unconnected for this instance (VDB-1053) (E:/Efinity/project/fnetriong/work_dbg/debug_top.v:95)
[EFX-0000 INFO] Setting Synthesis Option: mode=speed
[EFX-0012 VERI-INFO] compiling module 'EFX_ADD' (VERI-1018) (E:/Efinity/2022.2/sim_models/maplib/efinix_maplib.v:6)
[EFX-0012 VERI-INFO] compiling module 'EFX_FF' (VERI-1018) (E:/Efinity/2022.2/sim_models/maplib/efinix_maplib.v:19)
[EFX-0012 VERI-INFO] compiling module 'EFX_COMB4' (VERI-1018) (E:/Efinity/2022.2/sim_models/maplib/efinix_maplib.v:36)
[EFX-0012 VERI-INFO] compiling module 'EFX_GBUFCE' (VERI-1018) (E:/Efinity/2022.2/sim_models/maplib/efinix_maplib.v:46)
[EFX-0012 VERI-INFO] compiling module 'EFX_IDDR' (VERI-1018) (E:/Efinity/2022.2/sim_models/maplib/efinix_maplib.v:55)
[EFX-0012 VERI-INFO] compiling module 'EFX_ODDR' (VERI-1018) (E:/Efinity/2022.2/sim_models/maplib/efinix_maplib.v:69)
[EFX-0012 VERI-INFO] compiling module 'EFX_IOBUF' (VERI-1018) (E:/Efinity/2022.2/sim_models/maplib/efinix_maplib.v:85)
[EFX-0012 VERI-INFO] compiling module 'EFX_LUT4' (VERI-1018) (E:/Efinity/2022.2/sim_models/maplib/efinix_maplib.v:97)
[EFX-0012 VERI-INFO] compiling module 'EFX_MULT' (VERI-1018) (E:/Efinity/2022.2/sim_models/maplib/efinix_maplib.v:105)
[EFX-0012 VERI-INFO] compiling module 'EFX_DSP48' (VERI-1018) (E:/Efinity/2022.2/sim_models/maplib/efinix_maplib.v:140)
[EFX-0012 VERI-INFO] compiling module 'EFX_DSP24' (VERI-1018) (E:/Efinity/2022.2/sim_models/maplib/efinix_maplib.v:196)
[EFX-0012 VERI-INFO] compiling module 'EFX_DSP12' (VERI-1018) (E:/Efinity/2022.2/sim_models/maplib/efinix_maplib.v:249)
[EFX-0012 VERI-INFO] compiling module 'EFX_RAM_4K' (VERI-1018) (E:/Efinity/2022.2/sim_models/maplib/efinix_maplib.v:302)
[EFX-0012 VERI-INFO] compiling module 'EFX_RAM_5K' (VERI-1018) (E:/Efinity/2022.2/sim_models/maplib/efinix_maplib.v:362)
[EFX-0012 VERI-INFO] compiling module 'EFX_DPRAM_5K' (VERI-1018) (E:/Efinity/2022.2/sim_models/maplib/efinix_maplib.v:434)
[EFX-0012 VERI-INFO] compiling module 'RAMB5' (VERI-1018) (E:/Efinity/2022.2/sim_models/maplib/efinix_maplib.v:539)
[EFX-0012 VERI-INFO] compiling module 'EFX_RAM_10K' (VERI-1018) (E:/Efinity/2022.2/sim_models/maplib/efinix_maplib.v:601)
[EFX-0012 VERI-INFO] compiling module 'EFX_RAM10' (VERI-1018) (E:/Efinity/2022.2/sim_models/maplib/efinix_maplib.v:693)
[EFX-0012 VERI-INFO] compiling module 'EFX_DPRAM10' (VERI-1018) (E:/Efinity/2022.2/sim_models/maplib/efinix_maplib.v:794)
[EFX-0012 VERI-INFO] compiling module 'EFX_SRL8' (VERI-1018) (E:/Efinity/2022.2/sim_models/maplib/efinix_maplib.v:924)
[EFX-0000 INFO] ... Pre-synthesis checks begin
[EFX-0200 WARNING] Removing redundant signal : compared_in[0]. (E:/Efinity/project/fnetriong/work_dbg/debug_top.v:5459)
[EFX-0200 WARNING] Removing redundant signal : mask_in[0]. (E:/Efinity/project/fnetriong/work_dbg/debug_top.v:5460)
[EFX-0200 WARNING] Removing redundant signal : trigger_in. (E:/Efinity/project/fnetriong/work_dbg/debug_top.v:5670)
[EFX-0677 INFO] Zero initialization of uninitialized memory block 'ram'. (E:/Efinity/project/fnetriong/work_dbg/debug_top.v:418)
[EFX-0200 WARNING] Removing redundant signal : din[21]. (E:/Efinity/project/fnetriong/work_dbg/debug_top.v:4562)
[EFX-0200 WARNING] Removing redundant signal : trig_out. (E:/Efinity/project/fnetriong/work_dbg/debug_top.v:4841)
[EFX-0200 WARNING] Removing redundant signal : trig_out_ack. (E:/Efinity/project/fnetriong/work_dbg/debug_top.v:4842)
[EFX-0200 WARNING] Removing redundant signal : bscan_DRCK. (E:/Efinity/project/fnetriong/work_dbg/debug_top.v:1026)
[EFX-0200 WARNING] Removing redundant signal : bscan_RUNTEST. (E:/Efinity/project/fnetriong/work_dbg/debug_top.v:1028)
[EFX-0200 WARNING] Removing redundant signal : bscan_SEL. (E:/Efinity/project/fnetriong/work_dbg/debug_top.v:1029)
[EFX-0200 WARNING] Removing redundant signal : bscan_TMS. (E:/Efinity/project/fnetriong/work_dbg/debug_top.v:1033)
[EFX-0200 WARNING] Removing redundant signal : trig_in_ack. (E:/Efinity/project/fnetriong/work_dbg/debug_top.v:1044)
[EFX-0200 WARNING] Removing redundant signal : mux_capture_cmp[4]. (E:/Efinity/project/fnetriong/work_dbg/debug_top.v:3450)
[EFX-0200 WARNING] Removing redundant signal : mux_capture_cmp[3]. (E:/Efinity/project/fnetriong/work_dbg/debug_top.v:3450)
[EFX-0200 WARNING] Removing redundant signal : mux_capture_cmp[2]. (E:/Efinity/project/fnetriong/work_dbg/debug_top.v:3450)
[EFX-0200 WARNING] Removing redundant signal : mux_capture_cmp[1]. (E:/Efinity/project/fnetriong/work_dbg/debug_top.v:3450)
[EFX-0200 WARNING] Removing redundant signal : mux_capture_cmp[0]. (E:/Efinity/project/fnetriong/work_dbg/debug_top.v:3450)
[EFX-0200 WARNING] Removing redundant signal : bscan_CAPTURE. (E:/Efinity/project/fnetriong/work_dbg/debug_top.v:277)
[EFX-0200 WARNING] Removing redundant signal : bscan_DRCK. (E:/Efinity/project/fnetriong/work_dbg/debug_top.v:278)
[EFX-0200 WARNING] Removing redundant signal : bscan_RUNTEST. (E:/Efinity/project/fnetriong/work_dbg/debug_top.v:280)
[EFX-0200 WARNING] Removing redundant signal : bscan_TMS. (E:/Efinity/project/fnetriong/work_dbg/debug_top.v:285)
[EFX-0266 WARNING] Module Instance 'la0' input pin tied to constant (trig_in=0).
[EFX-0266 WARNING] Module Instance 'la0' input pin tied to constant (trig_out_ack=0).
[EFX-0201 WARNING] Re-wiring to GND non-driven net 'la0.probe5[0]'. (E:/Efinity/project/fnetriong/work_dbg/debug_top.v:95)
[EFX-0201 WARNING] Re-wiring to GND non-driven net 'la0.probe6[0]'. (E:/Efinity/project/fnetriong/work_dbg/debug_top.v:95)
[EFX-0201 WARNING] Re-wiring to GND non-driven net 'la0.probe7[0]'. (E:/Efinity/project/fnetriong/work_dbg/debug_top.v:95)
[EFX-0201 WARNING] Re-wiring to GND non-driven net 'la0.probe8[0]'. (E:/Efinity/project/fnetriong/work_dbg/debug_top.v:95)
[EFX-0201 WARNING] Re-wiring to GND non-driven net 'la0.probe9[0]'. (E:/Efinity/project/fnetriong/work_dbg/debug_top.v:95)
[EFX-0201 WARNING] Re-wiring to GND non-driven net 'la0.probe10[0]'. (E:/Efinity/project/fnetriong/work_dbg/debug_top.v:95)
[EFX-0201 WARNING] Re-wiring to GND non-driven net 'la0.probe11[0]'. (E:/Efinity/project/fnetriong/work_dbg/debug_top.v:95)
[EFX-0201 WARNING] Re-wiring to GND non-driven net 'la0.probe12[0]'. (E:/Efinity/project/fnetriong/work_dbg/debug_top.v:95)
[EFX-0201 WARNING] Re-wiring to GND non-driven net 'la0.probe13[0]'. (E:/Efinity/project/fnetriong/work_dbg/debug_top.v:95)
[EFX-0201 WARNING] Re-wiring to GND non-driven net 'la0.probe14[0]'. (E:/Efinity/project/fnetriong/work_dbg/debug_top.v:95)
[EFX-0000 INFO] ... Pre-synthesis checks end (Real time : 0s)
[EFX-0000 INFO] ... NameSpace init begin
[EFX-0000 INFO] ... NameSpace init end (Real time : 0s)
[EFX-0000 INFO] ... Mapping design "edb_top"
[EFX-0000 INFO] ... Hierarchical pre-synthesis "edb_adbg_crc32" begin
[EFX-0000 INFO] ... Hierarchical pre-synthesis "edb_adbg_crc32" end (Real time : 0s)
[EFX-0000 INFO] ... Hierarchical pre-synthesis "compare_unit(WIDTH=11'b01000,PIPE=1)" begin
[EFX-0000 INFO] ... Hierarchical pre-synthesis "compare_unit(WIDTH=11'b01000,PIPE=1)" end (Real time : 0s)
[EFX-0000 INFO] ... Hierarchical pre-synthesis "compare_unit(WIDTH=11'b01,PIPE=1)" begin
[EFX-0000 INFO] ... Hierarchical pre-synthesis "compare_unit(WIDTH=11'b01,PIPE=1)" end (Real time : 0s)
[EFX-0000 INFO] ... Hierarchical pre-synthesis "compare_unit(WIDTH=11'b0100,PIPE=1)" begin
[EFX-0000 INFO] ... Hierarchical pre-synthesis "compare_unit(WIDTH=11'b0100,PIPE=1)" end (Real time : 0s)
[EFX-0000 INFO] ... Hierarchical pre-synthesis "trigger_unit(WIDTH=32'b0101,PIPE=1)" begin
[EFX-0000 INFO] ... Hierarchical pre-synthesis "trigger_unit(WIDTH=32'b0101,PIPE=1)" end (Real time : 0s)
[EFX-0000 INFO] ... Hierarchical pre-synthesis "fifo_address_trancode_unit(TOTAL_ADDR_WIDTH=11,CELL_ADDR_WIDTH=12)" begin
[EFX-0000 INFO] ... Hierarchical pre-synthesis "fifo_address_trancode_unit(TOTAL_ADDR_WIDTH=11,CELL_ADDR_WIDTH=12)" end (Real time : 0s)
[EFX-0000 INFO] ... Hierarchical pre-synthesis "edb_simple_dual_port_ram(DATA_WIDTH=32'b010110,ADDR_WIDTH=11,RAM_INIT_FILE="")" begin
[EFX-0000 INFO] ... Hierarchical pre-synthesis "edb_simple_dual_port_ram(DATA_WIDTH=32'b010110,ADDR_WIDTH=11,RAM_INIT_FILE="")" end (Real time : 0s)
[EFX-0000 INFO] ... Hierarchical pre-synthesis "fifo_with_read(DATA_WIDTH=32'b010110,ADDR_WIDTH=11)" begin
[EFX-0000 INFO] ... Hierarchical pre-synthesis "fifo_with_read(DATA_WIDTH=32'b010110,ADDR_WIDTH=11)" end (Real time : 0s)
[EFX-0000 INFO] ... Hierarchical pre-synthesis "la_biu(CAPTURE_WIDTH=32'b010101,DATA_DEPTH=2048)" begin
[EFX-0000 INFO] ... Hierarchical pre-synthesis "la_biu(CAPTURE_WIDTH=32'b010101,DATA_DEPTH=2048)" end (Real time : 0s)
[EFX-0000 INFO] ... Hierarchical pre-synthesis "edb_la_top_renamed_due_excessive_length_1" begin
[EFX-0000 INFO] ... Hierarchical pre-synthesis "edb_la_top_renamed_due_excessive_length_1" end (Real time : 0s)
[EFX-0000 INFO] ... Hierarchical pre-synthesis "debug_hub" begin
[EFX-0000 INFO] ... Hierarchical pre-synthesis "debug_hub" end (Real time : 0s)
[EFX-0000 INFO] ... Hierarchical pre-synthesis "edb_top" begin
[EFX-0000 INFO] ... Clock Enable Synthesis Performed on 132 flops.
[EFX-0000 INFO] ... Hierarchical pre-synthesis "edb_top" end (Real time : 0s)
[EFX-0000 INFO] ... Flat optimizations begin
[EFX-0000 INFO] ... Flat optimizations end (Real time : 0s)
[EFX-0000 INFO] ... Flat synthesis begin
[EFX-0000 INFO] ... Flat synthesis end (Real time : 0s)
[EFX-0000 INFO] ... Flat optimizations begin
[EFX-0000 INFO] ... Flat optimizations end (Real time : 0s)
[EFX-0000 INFO] ... Check and break combinational loops begin
[EFX-0000 INFO] ... Check and break combinational loops end (Real time : 0s)
[EFX-0000 INFO] ... Sequential Optimization begin
[EFX-0000 INFO] ... Clock Network bscan_TCK with 439 loads will be considered for sequential optimization.
[EFX-0000 INFO] ... Clock Network la0_clk with 299 loads will be considered for sequential optimization.
[EFX-0000 INFO] ... Sequential Optimization deduced 238 equivalent points.
[EFX-0000 INFO] ... Sequential Optimization end (Real time : 10s)
[EFX-0000 INFO] ... SOP modeling begin
[EFX-0000 INFO] ... SOP modeling end (Real time : 0s)
[EFX-0000 INFO] ... LUT mapping begin
[EFX-0000 INFO] ... LS, strategy: 3, nd: 765, ed: 2495, lv: 7, pw: 1620.56
[EFX-0000 INFO] ... LUT mapping end (Real time : 4s)
[EFX-0000 INFO] ... Post-synthesis Verific netlist creation begin
[EFX-0000 INFO] ... Post-synthesis Verific netlist creation end (Real time : 0s)
[EFX-0000 INFO] ... Postmap Retiming Optimization begin
[EFX-0000 INFO] ... Clock Network n9 with 439 loads will be considered for retiming optimization.
[EFX-0000 INFO] ... Clock Network n13 with 299 loads will be considered for retiming optimization.
[EFX-0000 INFO] ... Performed 0 retime moves.
[EFX-0000 INFO] ... Postmap Retiming Optimization end (Real time : 0s)
[EFX-0000 INFO] ... Post-synthesis Verific netlist unification/params processing begin
[EFX-0000 INFO] ... Post-synthesis Verific netlist unification/params processing end (Real time : 0s)
[EFX-0011 VERI-WARNING] Input/Inout Port bscan_DRCK is unconnected and will be removed 
[EFX-0011 VERI-WARNING] Input/Inout Port bscan_RUNTEST is unconnected and will be removed 
[EFX-0011 VERI-WARNING] Input/Inout Port bscan_TMS is unconnected and will be removed 
[EFX-0012 VERI-INFO] Found 3 warnings in the post-synthesis netlist. 
[EFX-0000 INFO] Resource Summary 
[EFX-0000 INFO] =============================== 
[EFX-0000 INFO] EFX_ADD         : 	97
[EFX-0000 INFO] EFX_LUT4        : 	753
[EFX-0000 INFO] EFX_FF          : 	718
[EFX-0000 INFO] EFX_RAM_5K      : 	11
[EFX-0000 INFO] EFX_GBUFCE      : 	2
[EFX-0000 INFO] =============================== 

///////////////////////////////////
// Efinity Synthesis Started 
// Mar 07, 2023 14:44:30
///////////////////////////////////

[EFX-0000 INFO] Setting Synthesis Option: mode=speed
[EFX-0000 INFO] ... Pre-synthesis checks begin
[EFX-0266 WARNING] Module Instance 'fifo' input pin tied to constant (out_want_b=1).
[EFX-0200 WARNING] Removing redundant signal : start_found. (E:\Efinity\project\fnetriong\efnet_octet_to_word.vhd:60)
[EFX-0200 WARNING] Removing redundant signal : packet_start. (E:\Efinity\project\fnetriong\efnet_octet_to_word.vhd:62)
[EFX-0200 WARNING] Removing redundant signal : packet_end. (E:\Efinity\project\fnetriong\efnet_octet_to_word.vhd:63)
[EFX-0200 WARNING] Removing redundant signal : word[15]. (E:\Efinity\project\fnetriong\efnet_octet_to_word.vhd:65)
[EFX-0200 WARNING] Removing redundant signal : word[14]. (E:\Efinity\project\fnetriong\efnet_octet_to_word.vhd:65)
[EFX-0200 WARNING] Removing redundant signal : word[13]. (E:\Efinity\project\fnetriong\efnet_octet_to_word.vhd:65)
[EFX-0200 WARNING] Removing redundant signal : word[12]. (E:\Efinity\project\fnetriong\efnet_octet_to_word.vhd:65)
[EFX-0200 WARNING] Removing redundant signal : word[11]. (E:\Efinity\project\fnetriong\efnet_octet_to_word.vhd:65)
[EFX-0200 WARNING] Removing redundant signal : word[10]. (E:\Efinity\project\fnetriong\efnet_octet_to_word.vhd:65)
[EFX-0200 WARNING] Removing redundant signal : word[9]. (E:\Efinity\project\fnetriong\efnet_octet_to_word.vhd:65)
[EFX-0200 WARNING] Removing redundant signal : word[8]. (E:\Efinity\project\fnetriong\efnet_octet_to_word.vhd:65)
[EFX-0200 WARNING] Removing redundant signal : word[7]. (E:\Efinity\project\fnetriong\efnet_octet_to_word.vhd:65)
[EFX-0200 WARNING] Removing redundant signal : word[6]. (E:\Efinity\project\fnetriong\efnet_octet_to_word.vhd:65)
[EFX-0200 WARNING] Removing redundant signal : word[5]. (E:\Efinity\project\fnetriong\efnet_octet_to_word.vhd:65)
[EFX-0200 WARNING] Removing redundant signal : word[4]. (E:\Efinity\project\fnetriong\efnet_octet_to_word.vhd:65)
[EFX-0200 WARNING] Removing redundant signal : word[3]. (E:\Efinity\project\fnetriong\efnet_octet_to_word.vhd:65)
[EFX-0200 WARNING] Removing redundant signal : word[2]. (E:\Efinity\project\fnetriong\efnet_octet_to_word.vhd:65)
[EFX-0200 WARNING] Removing redundant signal : word[1]. (E:\Efinity\project\fnetriong\efnet_octet_to_word.vhd:65)
[EFX-0200 WARNING] Removing redundant signal : word[0]. (E:\Efinity\project\fnetriong\efnet_octet_to_word.vhd:65)
[EFX-0200 WARNING] Removing redundant signal : octet_counter[0]. (E:\Efinity\project\fnetriong\efnet_octet_to_word.vhd:66)
[EFX-0266 WARNING] Module Instance 'out_sm' input pin tied to constant (idx_tcp_prep[0][31]=0).
[EFX-0266 WARNING] Module Instance 'out_sm' input pin tied to constant (idx_tcp_prep[0][30]=0).
[EFX-0266 WARNING] Module Instance 'out_sm' input pin tied to constant (idx_tcp_prep[0][29]=0).
[EFX-0266 WARNING] Module Instance 'out_sm' input pin tied to constant (idx_tcp_prep[0][28]=0).
[EFX-0266 WARNING] Module Instance 'out_sm' input pin tied to constant (idx_tcp_prep[0][27]=0).
[EFX-0266 WARNING] Module Instance 'out_sm' input pin tied to constant (idx_tcp_prep[0][26]=0).
[EFX-0266 WARNING] Module Instance 'out_sm' input pin tied to constant (idx_tcp_prep[0][25]=0).
[EFX-0266 WARNING] Module Instance 'out_sm' input pin tied to constant (idx_tcp_prep[0][24]=0).
[EFX-0266 WARNING] Module Instance 'out_sm' input pin tied to constant (idx_tcp_prep[0][23]=0).
[EFX-0266 WARNING] Module Instance 'out_sm' input pin tied to constant (idx_tcp_prep[0][22]=0).
[EFX-0266 WARNING] Module Instance 'out_sm' input pin tied to constant (idx_tcp_prep[0][21]=0).
[EFX-0266 WARNING] Module Instance 'out_sm' input pin tied to constant (idx_tcp_prep[0][20]=0).
[EFX-0266 WARNING] Module Instance 'out_sm' input pin tied to constant (idx_tcp_prep[0][19]=0).
[EFX-0266 WARNING] Module Instance 'out_sm' input pin tied to constant (idx_tcp_prep[0][18]=0).
[EFX-0266 WARNING] Module Instance 'out_sm' input pin tied to constant (idx_tcp_prep[0][17]=0).
[EFX-0266 WARNING] Module Instance 'out_sm' input pin tied to constant (idx_tcp_prep[0][16]=0).
[EFX-0266 WARNING] Module Instance 'out_sm' input pin tied to constant (idx_tcp_prep[0][15]=0).
[EFX-0266 WARNING] Module Instance 'out_sm' input pin tied to constant (idx_tcp_prep[0][14]=0).
[EFX-0266 WARNING] Module Instance 'out_sm' input pin tied to constant (idx_tcp_prep[0][13]=0).
[EFX-0266 WARNING] Module Instance 'out_sm' input pin tied to constant (idx_tcp_prep[0][12]=0).
[EFX-0266 WARNING] Module Instance 'out_sm' input pin tied to constant (idx_tcp_prep[0][11]=0).
[EFX-0266 WARNING] Module Instance 'out_sm' input pin tied to constant (idx_tcp_prep[0][10]=0).
[EFX-0266 WARNING] Module Instance 'out_sm' input pin tied to constant (idx_tcp_prep[0][9]=0).
[EFX-0266 WARNING] Module Instance 'out_sm' input pin tied to constant (idx_tcp_prep[0][8]=0).
[EFX-0266 WARNING] Module Instance 'out_sm' input pin tied to constant (idx_tcp_prep[0][7]=0).
[EFX-0266 WARNING] Module Instance 'out_sm' input pin tied to constant (idx_tcp_prep[0][6]=0).
[EFX-0266 WARNING] Module Instance 'out_sm' input pin tied to constant (idx_tcp_prep[0][5]=0).
[EFX-0266 WARNING] Module Instance 'out_sm' input pin tied to constant (idx_tcp_prep[0][4]=0).
[EFX-0266 WARNING] Module Instance 'out_sm' input pin tied to constant (idx_tcp_prep[0][3]=0).
[EFX-0266 WARNING] Module Instance 'out_sm' input pin tied to constant (idx_tcp_prep[0][2]=1).
[EFX-0266 WARNING] Module Instance 'out_sm' input pin tied to constant (idx_tcp_prep[0][1]=0).
[EFX-0266 WARNING] Module Instance 'out_sm' input pin tied to constant (idx_tcp_prep[0][0]=1).
[EFX-0266 WARNING] Module Instance 'out_sm' input pin tied to constant (idx_tcp_prep[1][31]=0).
[EFX-0266 WARNING] Module Instance 'out_sm' input pin tied to constant (idx_tcp_prep[1][30]=0).
[EFX-0266 WARNING] Module Instance 'out_sm' input pin tied to constant (idx_tcp_prep[1][29]=0).
[EFX-0266 WARNING] Module Instance 'out_sm' input pin tied to constant (idx_tcp_prep[1][28]=0).
[EFX-0266 WARNING] Module Instance 'out_sm' input pin tied to constant (idx_tcp_prep[1][27]=0).
[EFX-0266 WARNING] Module Instance 'out_sm' input pin tied to constant (idx_tcp_prep[1][26]=0).
[EFX-0266 WARNING] Module Instance 'out_sm' input pin tied to constant (idx_tcp_prep[1][25]=0).
[EFX-0266 WARNING] Module Instance 'out_sm' input pin tied to constant (idx_tcp_prep[1][24]=0).
[EFX-0266 WARNING] Module Instance 'out_sm' input pin tied to constant (idx_tcp_prep[1][23]=0).
[EFX-0266 WARNING] Module Instance 'out_sm' input pin tied to constant (idx_tcp_prep[1][22]=0).
[EFX-0266 WARNING] Module Instance 'out_sm' input pin tied to constant (idx_tcp_prep[1][21]=0).
[EFX-0266 WARNING] Module Instance 'out_sm' input pin tied to constant (idx_tcp_prep[1][20]=0).
[EFX-0266 WARNING] Module Instance 'out_sm' input pin tied to constant (idx_tcp_prep[1][19]=0).
[EFX-0266 WARNING] Module Instance 'out_sm' input pin tied to constant (idx_tcp_prep[1][18]=0).
[EFX-0266 WARNING] Module Instance 'out_sm' input pin tied to constant (idx_tcp_prep[1][17]=0).
[EFX-0266 WARNING] Module Instance 'out_sm' input pin tied to constant (idx_tcp_prep[1][16]=0).
[EFX-0266 WARNING] Module Instance 'out_sm' input pin tied to constant (idx_tcp_prep[1][15]=0).
[EFX-0266 WARNING] Module Instance 'out_sm' input pin tied to constant (idx_tcp_prep[1][14]=0).
[EFX-0266 WARNING] Module Instance 'out_sm' input pin tied to constant (idx_tcp_prep[1][13]=0).
[EFX-0266 WARNING] Module Instance 'out_sm' input pin tied to constant (idx_tcp_prep[1][12]=0).
[EFX-0266 WARNING] Module Instance 'out_sm' input pin tied to constant (idx_tcp_prep[1][11]=0).
[EFX-0266 WARNING] Module Instance 'out_sm' input pin tied to constant (idx_tcp_prep[1][10]=0).
[EFX-0266 WARNING] Module Instance 'out_sm' input pin tied to constant (idx_tcp_prep[1][9]=0).
[EFX-0266 WARNING] Module Instance 'out_sm' input pin tied to constant (idx_tcp_prep[1][8]=0).
[EFX-0266 WARNING] Module Instance 'out_sm' input pin tied to constant (idx_tcp_prep[1][7]=0).
[EFX-0266 WARNING] Module Instance 'out_sm' input pin tied to constant (idx_tcp_prep[1][6]=0).
[EFX-0266 WARNING] Module Instance 'out_sm' input pin tied to constant (idx_tcp_prep[1][5]=0).
[EFX-0266 WARNING] Module Instance 'out_sm' input pin tied to constant (idx_tcp_prep[1][4]=0).
[EFX-0266 WARNING] Module Instance 'out_sm' input pin tied to constant (idx_tcp_prep[1][3]=0).
[EFX-0266 WARNING] Module Instance 'out_sm' input pin tied to constant (idx_tcp_prep[1][2]=1).
[EFX-0266 WARNING] Module Instance 'out_sm' input pin tied to constant (idx_tcp_prep[1][1]=1).
[EFX-0266 WARNING] Module Instance 'out_sm' input pin tied to constant (idx_tcp_prep[1][0]=0).
[EFX-0266 WARNING] Module Instance 'out_sm' input pin tied to constant (idx_gen[31]=0).
[EFX-0266 WARNING] Module Instance 'out_sm' input pin tied to constant (idx_gen[30]=0).
[EFX-0266 WARNING] Module Instance 'out_sm' input pin tied to constant (idx_gen[29]=0).
[EFX-0266 WARNING] Module Instance 'out_sm' input pin tied to constant (idx_gen[28]=0).
[EFX-0266 WARNING] Module Instance 'out_sm' input pin tied to constant (idx_gen[27]=0).
[EFX-0266 WARNING] Module Instance 'out_sm' input pin tied to constant (idx_gen[26]=0).
[EFX-0266 WARNING] Module Instance 'out_sm' input pin tied to constant (idx_gen[25]=0).
[EFX-0266 WARNING] Module Instance 'out_sm' input pin tied to constant (idx_gen[24]=0).
[EFX-0266 WARNING] Module Instance 'out_sm' input pin tied to constant (idx_gen[23]=0).
[EFX-0266 WARNING] Module Instance 'out_sm' input pin tied to constant (idx_gen[22]=0).
[EFX-0266 WARNING] Module Instance 'out_sm' input pin tied to constant (idx_gen[21]=0).
[EFX-0266 WARNING] Module Instance 'out_sm' input pin tied to constant (idx_gen[20]=0).
[EFX-0266 WARNING] Module Instance 'out_sm' input pin tied to constant (idx_gen[19]=0).
[EFX-0266 WARNING] Module Instance 'out_sm' input pin tied to constant (idx_gen[18]=0).
[EFX-0266 WARNING] Module Instance 'out_sm' input pin tied to constant (idx_gen[17]=0).
[EFX-0266 WARNING] Module Instance 'out_sm' input pin tied to constant (idx_gen[16]=0).
[EFX-0266 WARNING] Module Instance 'out_sm' input pin tied to constant (idx_gen[15]=0).
[EFX-0266 WARNING] Module Instance 'out_sm' input pin tied to constant (idx_gen[14]=0).
[EFX-0266 WARNING] Module Instance 'out_sm' input pin tied to constant (idx_gen[13]=0).
[EFX-0266 WARNING] Module Instance 'out_sm' input pin tied to constant (idx_gen[12]=0).
[EFX-0266 WARNING] Module Instance 'out_sm' input pin tied to constant (idx_gen[11]=0).
[EFX-0266 WARNING] Module Instance 'out_sm' input pin tied to constant (idx_gen[10]=0).
[EFX-0266 WARNING] Module Instance 'out_sm' input pin tied to constant (idx_gen[9]=0).
[EFX-0266 WARNING] Module Instance 'out_sm' input pin tied to constant (idx_gen[8]=0).
[EFX-0266 WARNING] Module Instance 'out_sm' input pin tied to constant (idx_gen[7]=0).
[EFX-0266 WARNING] Module Instance 'out_sm' input pin tied to constant (idx_gen[6]=0).
[EFX-0266 WARNING] Module Instance 'out_sm' input pin tied to constant (idx_gen[5]=0).
[EFX-0266 WARNING] Module Instance 'out_sm' input pin tied to constant (idx_gen[4]=0).
[EFX-0266 WARNING] Module Instance 'out_sm' input pin tied to constant (idx_gen[3]=0).
[EFX-0266 WARNING] Module Instance 'out_sm' input pin tied to constant (idx_gen[2]=0).
[EFX-0266 WARNING] Module Instance 'out_sm' input pin tied to constant (idx_gen[1]=0).
[EFX-0266 WARNING] Module Instance 'out_sm' input pin tied to constant (idx_gen[0]=1).
[EFX-0266 WARNING] Module Instance 'mdio' input pin tied to constant (b_req_data[31]=0).
[EFX-0266 WARNING] Module Instance 'mdio' input pin tied to constant (b_req_data[30]=0).
[EFX-0266 WARNING] Module Instance 'mdio' input pin tied to constant (b_req_data[29]=0).
[EFX-0201 WARNING] Re-wiring to GND non-driven net 'ram_udp_regidp.prod2.set_again'. (E:\Efinity\project\fnetriong\fakernet_module.vhd:134)
[EFX-0201 WARNING] Re-wiring to GND non-driven net 'ram_tcp_template.prod2.set_again'. (E:\Efinity\project\fnetriong\fakernet_module.vhd:136)
[EFX-0201 WARNING] Re-wiring to GND non-driven net 'ram_tcp_prep2[0].prod2.set_again'. (E:\Efinity\project\fnetriong\fakernet_module.vhd:137)
[EFX-0201 WARNING] Re-wiring to GND non-driven net 'ram_tcp_prep2[1].prod2.set_again'. (E:\Efinity\project\fnetriong\fakernet_module.vhd:137)
[EFX-0000 INFO] ... Pre-synthesis checks end (Real time : 1s)
[EFX-0000 INFO] ... NameSpace init begin
[EFX-0000 INFO] ... NameSpace init end (Real time : 0s)
[EFX-0000 INFO] ... Mapping design "fnetriong"
[EFX-0000 INFO] ... Hierarchical pre-synthesis "fnet_async_fifo(width=17)" begin
[EFX-0000 INFO] ... Hierarchical pre-synthesis "fnet_async_fifo(width=17)" end (Real time : 0s)
[EFX-0000 INFO] ... Hierarchical pre-synthesis "efnet_octet_to_word" begin
[EFX-0000 INFO] ... Hierarchical pre-synthesis "efnet_octet_to_word" end (Real time : 0s)
[EFX-0000 INFO] ... Hierarchical pre-synthesis "efb_uart_trace_mem(width=32,samples=512)" begin
[EFX-0000 INFO] ... Hierarchical pre-synthesis "efb_uart_trace_mem(width=32,samples=512)" end (Real time : 0s)
[EFX-0000 INFO] ... Hierarchical pre-synthesis "efb_uart_tx(15,0)" begin
[EFX-0000 INFO] ... Hierarchical pre-synthesis "efb_uart_tx(15,0)" end (Real time : 0s)
[EFX-0000 INFO] ... Hierarchical pre-synthesis "efnet_word_to_octet" begin
[EFX-0000 INFO] ... Hierarchical pre-synthesis "efnet_word_to_octet" end (Real time : 0s)
[EFX-0000 INFO] ... Hierarchical pre-synthesis "efnet_data_array_inject(0,0)(31,0)(0,0)(0,0)(9,0)(7,0)" begin
[EFX-0000 INFO] ... Hierarchical pre-synthesis "efnet_data_array_inject(0,0)(31,0)(0,0)(0,0)(9,0)(7,0)" end (Real time : 0s)
[EFX-0000 INFO] ... Hierarchical pre-synthesis "fnet_crc32" begin
[EFX-0000 INFO] ... Hierarchical pre-synthesis "fnet_crc32" end (Real time : 0s)
[EFX-0000 INFO] ... Hierarchical pre-synthesis "fnet_in_state" begin
[EFX-0000 INFO] ... Hierarchical pre-synthesis "fnet_in_state" end (Real time : 0s)
[EFX-0000 INFO] ... Hierarchical pre-synthesis "fnet_dyn_control" begin
[EFX-0000 INFO] ... Hierarchical pre-synthesis "fnet_dyn_control" end (Real time : 0s)
[EFX-0000 INFO] ... Hierarchical pre-synthesis "fnet_ntp_query_control" begin
[EFX-0000 INFO] ... Hierarchical pre-synthesis "fnet_ntp_query_control" end (Real time : 0s)
[EFX-0000 INFO] ... Hierarchical pre-synthesis "fnet_packet_gen" begin
[EFX-0000 INFO] ... Hierarchical pre-synthesis "fnet_packet_gen" end (Real time : 0s)
[EFX-0000 INFO] ... Hierarchical pre-synthesis "fnet_out_state" begin
[EFX-0000 INFO] ... Hierarchical pre-synthesis "fnet_out_state" end (Real time : 0s)
[EFX-0000 INFO] ... Hierarchical pre-synthesis "fnet_out_pipeline" begin
[EFX-0000 INFO] ... Hierarchical pre-synthesis "fnet_out_pipeline" end (Real time : 0s)
[EFX-0000 INFO] ... Hierarchical pre-synthesis "fnet_regaccess" begin
[EFX-0000 INFO] ... Hierarchical pre-synthesis "fnet_regaccess" end (Real time : 0s)
[EFX-0000 INFO] ... Hierarchical pre-synthesis "ram_block_a11d16" begin
[EFX-0000 INFO] ... Hierarchical pre-synthesis "ram_block_a11d16" end (Real time : 0s)
[EFX-0000 INFO] ... Hierarchical pre-synthesis "fnet_local_reg(test_regs=true,lcl_data_gen=true,limit_payload_window=true,debug_regs=true,debug_counters=true,compiletime=1)" begin
[EFX-0000 INFO] ... Hierarchical pre-synthesis "fnet_local_reg(test_regs=true,lcl_data_gen=true,limit_payload_window=true,debug_regs=true,debug_counters=true,compiletime=1)" end (Real time : 1s)
[EFX-0000 INFO] ... Hierarchical pre-synthesis "fnet_tcp_state(data_bufsize_addrbits=13)" begin
[EFX-0000 INFO] ... Hierarchical pre-synthesis "fnet_tcp_state(data_bufsize_addrbits=13)" end (Real time : 0s)
[EFX-0000 INFO] ... Hierarchical pre-synthesis "fnet_tcp_control(data_bufsize_addrbits=13)" begin
[EFX-0000 INFO] ... Hierarchical pre-synthesis "fnet_tcp_control(data_bufsize_addrbits=13)" end (Real time : 0s)
[EFX-0000 INFO] ... Hierarchical pre-synthesis "fnet_tcp_prepare(data_bufsize_addrbits=13)(12,0)(31,0)" begin
[EFX-0000 INFO] ... Hierarchical pre-synthesis "fnet_tcp_prepare(data_bufsize_addrbits=13)(12,0)(31,0)" end (Real time : 0s)
[EFX-0000 INFO] ... Hierarchical pre-synthesis "fnet_tcp_buffer(data_bufsize_addrbits=13)(9,0)(7,0)(7,0)(5,0)(12,0)(31,0)" begin
[EFX-0000 INFO] ... Hierarchical pre-synthesis "fnet_tcp_buffer(data_bufsize_addrbits=13)(9,0)(7,0)(7,0)(5,0)(12,0)(31,0)" end (Real time : 0s)
[EFX-0000 INFO] ... Hierarchical pre-synthesis "fnet_test_datagen(data_bufsize_addrbits=13)" begin
[EFX-0000 INFO] ... Hierarchical pre-synthesis "fnet_test_datagen(data_bufsize_addrbits=13)" end (Real time : 0s)
[EFX-0000 INFO] ... Hierarchical pre-synthesis "fnet_ram_block_data(addrbits=13)" begin
[EFX-0000 INFO] ... Hierarchical pre-synthesis "fnet_ram_block_data(addrbits=13)" end (Real time : 0s)
[EFX-0000 INFO] ... Hierarchical pre-synthesis "fnet_ram_block_stat" begin
[EFX-0000 INFO] ... Hierarchical pre-synthesis "fnet_ram_block_stat" end (Real time : 0s)
[EFX-0000 INFO] ... Hierarchical pre-synthesis "fnet_regacc_aux_stat" begin
[EFX-0000 INFO] ... Hierarchical pre-synthesis "fnet_regacc_aux_stat" end (Real time : 0s)
[EFX-0000 INFO] ... Hierarchical pre-synthesis "fnet_mdio" begin
[EFX-0000 INFO] ... Hierarchical pre-synthesis "fnet_mdio" end (Real time : 0s)
[EFX-0000 INFO] ... Hierarchical pre-synthesis "fakernet_module(data_bufsize_addrbits=13,compiletime=1)(9,0)(7,0)" begin
[EFX-0000 INFO] ... Hierarchical pre-synthesis "fakernet_module(data_bufsize_addrbits=13,compiletime=1)(9,0)(7,0)" end (Real time : 0s)
[EFX-0000 INFO] ... Hierarchical pre-synthesis "efb_common_top(clk_freq=125000000)(0,-1)(31,0)(0,-1)(0,-1)" begin
[EFX-0000 INFO] ... Hierarchical pre-synthesis "efb_common_top(clk_freq=125000000)(0,-1)(31,0)(0,-1)(0,-1)" end (Real time : 1s)
[EFX-0000 INFO] ... Hierarchical pre-synthesis "edb_top" begin
[EFX-0000 INFO] ... Hierarchical pre-synthesis "edb_top" end (Real time : 0s)
[EFX-0000 INFO] ... Hierarchical pre-synthesis "fnetriong" begin
[EFX-0000 INFO] ... Clock Enable Synthesis Performed on 694 flops.
[EFX-0000 INFO] ... Hierarchical pre-synthesis "fnetriong" end (Real time : 2s)
[EFX-0201 WARNING] Re-wiring to GND non-driven net 't/fakernet/dp_ram_arp_icmp.port_a.o.rd'. (E:\Efinity\project\fnetriong\fakernet_module.vhd:144)
[EFX-0201 WARNING] Re-wiring to GND non-driven net 't/fakernet/dp_ram_pkt_gen.port_a.o.rd'. (E:\Efinity\project\fnetriong\fakernet_module.vhd:145)
[EFX-0201 WARNING] Re-wiring to GND non-driven net 't/fakernet/dp_ram_udp_regacc.port_a.o.rd'. (E:\Efinity\project\fnetriong\fakernet_module.vhd:146)
[EFX-0201 WARNING] Re-wiring to GND non-driven net 't/fakernet/dp_ram_udp_regacc.port_b.o.wr'. (E:\Efinity\project\fnetriong\fakernet_module.vhd:146)
[EFX-0201 WARNING] Re-wiring to GND non-driven net 't/fakernet/dp_ram_udp_regidp.port_a.o.rd'. (E:\Efinity\project\fnetriong\fakernet_module.vhd:147)
[EFX-0201 WARNING] Re-wiring to GND non-driven net 't/fakernet/dp_ram_tcp_template.port_a.o.rd'. (E:\Efinity\project\fnetriong\fakernet_module.vhd:150)
[EFX-0000 INFO] ... Flat optimizations begin
[EFX-0000 INFO] ... Flat optimizations end (Real time : 0s)
[EFX-0000 INFO] ... Flat synthesis begin
[EFX-0000 INFO] ... Flat synthesis end (Real time : 0s)
[EFX-0000 INFO] ... Flat optimizations begin
[EFX-0000 INFO] ... Flat optimizations end (Real time : 0s)
[EFX-0000 INFO] ... Check and break combinational loops begin
[EFX-0000 INFO] ... Check and break combinational loops end (Real time : 0s)
[EFX-0000 INFO] ... Sequential Optimization begin
[EFX-0000 INFO] ... Clock Network clk with 3597 loads will be considered for sequential optimization.
[EFX-0000 INFO] ... Clock Network jtag_inst1_TCK with 433 loads will be considered for sequential optimization.
[EFX-0000 INFO] ... Clock Network eth_rx_clk with 344 loads will be considered for sequential optimization.
[EFX-0000 INFO] ... Inverted Clock Network clk with 10 loads will be considered for sequential optimization.
[EFX-0000 INFO] ... Sequential Optimization deduced 536 equivalent points.
[EFX-0000 INFO] ... Sequential Optimization end (Real time : 25s)
[EFX-0000 INFO] ... SOP modeling begin
[EFX-0000 INFO] ... SOP modeling end (Real time : 0s)
[EFX-0000 INFO] ... LUT mapping begin
[EFX-0000 INFO] ... LS, strategy: 3, nd: 4731, ed: 15478, lv: 7, pw: 12779.09
[EFX-0000 INFO] ... LUT mapping end (Real time : 16s)
[EFX-0000 INFO] ... Post-synthesis Verific netlist creation begin
[EFX-0000 INFO] ... Post-synthesis Verific netlist creation end (Real time : 0s)
[EFX-0000 INFO] ... Postmap Retiming Optimization begin
[EFX-0000 INFO] ... Clock Network n3 with 3531 loads will be considered for retiming optimization.
[EFX-0000 INFO] ... Clock Network n26 with 433 loads will be considered for retiming optimization.
[EFX-0000 INFO] ... Clock Network n13 with 284 loads will be considered for retiming optimization.
[EFX-0000 INFO] ... Inverted Clock Network n3 with 10 loads will be considered for retiming optimization.
[EFX-0000 INFO] ... Performed 4 retime moves.
[EFX-0000 INFO] ... Postmap Retiming Optimization end (Real time : 0s)
[EFX-0000 INFO] ... Post-synthesis Verific netlist unification/params processing begin
[EFX-0000 INFO] ... Post-synthesis Verific netlist unification/params processing end (Real time : 1s)
[EFX-0000 INFO] Resource Summary 
[EFX-0000 INFO] =============================== 
[EFX-0000 INFO] EFX_ADD         : 	752
[EFX-0000 INFO] EFX_LUT4        : 	5393
[EFX-0000 INFO] EFX_FF          : 	4204
[EFX-0000 INFO] EFX_RAM_5K      : 	118
[EFX-0000 INFO] EFX_DPRAM_5K    : 	4
[EFX-0000 INFO] EFX_GBUFCE      : 	3
[EFX-0000 INFO] =============================== 

///////////////////////////////////
// Efinity Synthesis Started 
// Mar 07, 2023 15:17:17
///////////////////////////////////

[EFX-0012 VERI-INFO] default VHDL library search path is now "E:/Efinity/2022.2/sim_models/vhdl/packages/vhdl_2008" (VHDL-1504) 
[EFX-0012 VERI-INFO] undeclared symbol 'la_capture_mask', assumed default net type 'wire' (VERI-2561) (E:/Efinity/project/fnetriong/work_dbg/debug_top.v:4372)
[EFX-0012 VERI-INFO] undeclared symbol 'next_segment_pointer_eq', assumed default net type 'wire' (VERI-2561) (E:/Efinity/project/fnetriong/work_dbg/debug_top.v:4730)
[EFX-0012 VERI-INFO] undeclared symbol 'next_segment_msb_xor', assumed default net type 'wire' (VERI-2561) (E:/Efinity/project/fnetriong/work_dbg/debug_top.v:4731)
[EFX-0011 VERI-WARNING] port 'probe5' remains unconnected for this instance (VERI-1927) (E:/Efinity/project/fnetriong/work_dbg/debug_top.v:120)
[EFX-0012 VERI-INFO] compiling module 'edb_top' (VERI-1018) (E:/Efinity/project/fnetriong/work_dbg/debug_top.v:10)
[EFX-0012 VERI-INFO] compiling module 'edb_la_top_renamed_due_excessive_length_1' (VERI-1018) (E:/Efinity/project/fnetriong/work_dbg/debug_top.v:493)
[EFX-0011 VERI-WARNING] expression size 256 truncated to fit in target size 64 (VERI-1209) (E:/Efinity/project/fnetriong/work_dbg/debug_top.v:3589)
[EFX-0012 VERI-INFO] compiling module 'edb_adbg_crc32' (VERI-1018) (E:/Efinity/project/fnetriong/work_dbg/debug_top.v:194)
[EFX-0012 VERI-INFO] compiling module 'compare_unit(WIDTH=11'b01000,PIPE=1)' (VERI-1018) (E:/Efinity/project/fnetriong/work_dbg/debug_top.v:5453)
[EFX-0012 VERI-INFO] compiling module 'compare_unit(WIDTH=11'b01,PIPE=1)' (VERI-1018) (E:/Efinity/project/fnetriong/work_dbg/debug_top.v:5453)
[EFX-0012 VERI-INFO] compiling module 'compare_unit(WIDTH=11'b0100,PIPE=1)' (VERI-1018) (E:/Efinity/project/fnetriong/work_dbg/debug_top.v:5453)
[EFX-0012 VERI-INFO] compiling module 'trigger_unit(WIDTH=32'b0101,PIPE=1)' (VERI-1018) (E:/Efinity/project/fnetriong/work_dbg/debug_top.v:5658)
[EFX-0012 VERI-INFO] compiling module 'la_biu(CAPTURE_WIDTH=32'b010101,DATA_DEPTH=2048)' (VERI-1018) (E:/Efinity/project/fnetriong/work_dbg/debug_top.v:4807)
[EFX-0012 VERI-INFO] compiling module 'fifo_with_read(DATA_WIDTH=32'b010110,ADDR_WIDTH=11)' (VERI-1018) (E:/Efinity/project/fnetriong/work_dbg/debug_top.v:4549)
[EFX-0012 VERI-INFO] compiling module 'fifo_address_trancode_unit(TOTAL_ADDR_WIDTH=11,CELL_ADDR_WIDTH=12)' (VERI-1018) (E:/Efinity/project/fnetriong/work_dbg/debug_top.v:4499)
[EFX-0012 VERI-INFO] compiling module 'edb_simple_dual_port_ram(DATA_WIDTH=32'b010110,ADDR_WIDTH=11,RAM_INIT_FILE="")' (VERI-1018) (E:/Efinity/project/fnetriong/work_dbg/debug_top.v:403)
[EFX-0012 VERI-INFO] extracting RAM for identifier 'ram' (VERI-2571) (E:/Efinity/project/fnetriong/work_dbg/debug_top.v:418)
[EFX-0012 VERI-INFO] compiling module 'debug_hub' (VERI-1018) (E:/Efinity/project/fnetriong/work_dbg/debug_top.v:272)
[EFX-0011 VERI-WARNING] input port 'probe5[0]' remains unconnected for this instance (VDB-1053) (E:/Efinity/project/fnetriong/work_dbg/debug_top.v:95)
[EFX-0000 INFO] Setting Synthesis Option: mode=speed
[EFX-0012 VERI-INFO] compiling module 'EFX_ADD' (VERI-1018) (E:/Efinity/2022.2/sim_models/maplib/efinix_maplib.v:6)
[EFX-0012 VERI-INFO] compiling module 'EFX_FF' (VERI-1018) (E:/Efinity/2022.2/sim_models/maplib/efinix_maplib.v:19)
[EFX-0012 VERI-INFO] compiling module 'EFX_COMB4' (VERI-1018) (E:/Efinity/2022.2/sim_models/maplib/efinix_maplib.v:36)
[EFX-0012 VERI-INFO] compiling module 'EFX_GBUFCE' (VERI-1018) (E:/Efinity/2022.2/sim_models/maplib/efinix_maplib.v:46)
[EFX-0012 VERI-INFO] compiling module 'EFX_IDDR' (VERI-1018) (E:/Efinity/2022.2/sim_models/maplib/efinix_maplib.v:55)
[EFX-0012 VERI-INFO] compiling module 'EFX_ODDR' (VERI-1018) (E:/Efinity/2022.2/sim_models/maplib/efinix_maplib.v:69)
[EFX-0012 VERI-INFO] compiling module 'EFX_IOBUF' (VERI-1018) (E:/Efinity/2022.2/sim_models/maplib/efinix_maplib.v:85)
[EFX-0012 VERI-INFO] compiling module 'EFX_LUT4' (VERI-1018) (E:/Efinity/2022.2/sim_models/maplib/efinix_maplib.v:97)
[EFX-0012 VERI-INFO] compiling module 'EFX_MULT' (VERI-1018) (E:/Efinity/2022.2/sim_models/maplib/efinix_maplib.v:105)
[EFX-0012 VERI-INFO] compiling module 'EFX_DSP48' (VERI-1018) (E:/Efinity/2022.2/sim_models/maplib/efinix_maplib.v:140)
[EFX-0012 VERI-INFO] compiling module 'EFX_DSP24' (VERI-1018) (E:/Efinity/2022.2/sim_models/maplib/efinix_maplib.v:196)
[EFX-0012 VERI-INFO] compiling module 'EFX_DSP12' (VERI-1018) (E:/Efinity/2022.2/sim_models/maplib/efinix_maplib.v:249)
[EFX-0012 VERI-INFO] compiling module 'EFX_RAM_4K' (VERI-1018) (E:/Efinity/2022.2/sim_models/maplib/efinix_maplib.v:302)
[EFX-0012 VERI-INFO] compiling module 'EFX_RAM_5K' (VERI-1018) (E:/Efinity/2022.2/sim_models/maplib/efinix_maplib.v:362)
[EFX-0012 VERI-INFO] compiling module 'EFX_DPRAM_5K' (VERI-1018) (E:/Efinity/2022.2/sim_models/maplib/efinix_maplib.v:434)
[EFX-0012 VERI-INFO] compiling module 'RAMB5' (VERI-1018) (E:/Efinity/2022.2/sim_models/maplib/efinix_maplib.v:539)
[EFX-0012 VERI-INFO] compiling module 'EFX_RAM_10K' (VERI-1018) (E:/Efinity/2022.2/sim_models/maplib/efinix_maplib.v:601)
[EFX-0012 VERI-INFO] compiling module 'EFX_RAM10' (VERI-1018) (E:/Efinity/2022.2/sim_models/maplib/efinix_maplib.v:693)
[EFX-0012 VERI-INFO] compiling module 'EFX_DPRAM10' (VERI-1018) (E:/Efinity/2022.2/sim_models/maplib/efinix_maplib.v:794)
[EFX-0012 VERI-INFO] compiling module 'EFX_SRL8' (VERI-1018) (E:/Efinity/2022.2/sim_models/maplib/efinix_maplib.v:924)
[EFX-0000 INFO] ... Pre-synthesis checks begin
[EFX-0200 WARNING] Removing redundant signal : compared_in[0]. (E:/Efinity/project/fnetriong/work_dbg/debug_top.v:5459)
[EFX-0200 WARNING] Removing redundant signal : mask_in[0]. (E:/Efinity/project/fnetriong/work_dbg/debug_top.v:5460)
[EFX-0200 WARNING] Removing redundant signal : trigger_in. (E:/Efinity/project/fnetriong/work_dbg/debug_top.v:5670)
[EFX-0677 INFO] Zero initialization of uninitialized memory block 'ram'. (E:/Efinity/project/fnetriong/work_dbg/debug_top.v:418)
[EFX-0200 WARNING] Removing redundant signal : din[21]. (E:/Efinity/project/fnetriong/work_dbg/debug_top.v:4562)
[EFX-0200 WARNING] Removing redundant signal : trig_out. (E:/Efinity/project/fnetriong/work_dbg/debug_top.v:4841)
[EFX-0200 WARNING] Removing redundant signal : trig_out_ack. (E:/Efinity/project/fnetriong/work_dbg/debug_top.v:4842)
[EFX-0200 WARNING] Removing redundant signal : bscan_DRCK. (E:/Efinity/project/fnetriong/work_dbg/debug_top.v:1026)
[EFX-0200 WARNING] Removing redundant signal : bscan_RUNTEST. (E:/Efinity/project/fnetriong/work_dbg/debug_top.v:1028)
[EFX-0200 WARNING] Removing redundant signal : bscan_SEL. (E:/Efinity/project/fnetriong/work_dbg/debug_top.v:1029)
[EFX-0200 WARNING] Removing redundant signal : bscan_TMS. (E:/Efinity/project/fnetriong/work_dbg/debug_top.v:1033)
[EFX-0200 WARNING] Removing redundant signal : trig_in_ack. (E:/Efinity/project/fnetriong/work_dbg/debug_top.v:1044)
[EFX-0200 WARNING] Removing redundant signal : mux_capture_cmp[4]. (E:/Efinity/project/fnetriong/work_dbg/debug_top.v:3450)
[EFX-0200 WARNING] Removing redundant signal : mux_capture_cmp[3]. (E:/Efinity/project/fnetriong/work_dbg/debug_top.v:3450)
[EFX-0200 WARNING] Removing redundant signal : mux_capture_cmp[2]. (E:/Efinity/project/fnetriong/work_dbg/debug_top.v:3450)
[EFX-0200 WARNING] Removing redundant signal : mux_capture_cmp[1]. (E:/Efinity/project/fnetriong/work_dbg/debug_top.v:3450)
[EFX-0200 WARNING] Removing redundant signal : mux_capture_cmp[0]. (E:/Efinity/project/fnetriong/work_dbg/debug_top.v:3450)
[EFX-0200 WARNING] Removing redundant signal : bscan_CAPTURE. (E:/Efinity/project/fnetriong/work_dbg/debug_top.v:277)
[EFX-0200 WARNING] Removing redundant signal : bscan_DRCK. (E:/Efinity/project/fnetriong/work_dbg/debug_top.v:278)
[EFX-0200 WARNING] Removing redundant signal : bscan_RUNTEST. (E:/Efinity/project/fnetriong/work_dbg/debug_top.v:280)
[EFX-0200 WARNING] Removing redundant signal : bscan_TMS. (E:/Efinity/project/fnetriong/work_dbg/debug_top.v:285)
[EFX-0266 WARNING] Module Instance 'la0' input pin tied to constant (trig_in=0).
[EFX-0266 WARNING] Module Instance 'la0' input pin tied to constant (trig_out_ack=0).
[EFX-0201 WARNING] Re-wiring to GND non-driven net 'la0.probe5[0]'. (E:/Efinity/project/fnetriong/work_dbg/debug_top.v:95)
[EFX-0201 WARNING] Re-wiring to GND non-driven net 'la0.probe6[0]'. (E:/Efinity/project/fnetriong/work_dbg/debug_top.v:95)
[EFX-0201 WARNING] Re-wiring to GND non-driven net 'la0.probe7[0]'. (E:/Efinity/project/fnetriong/work_dbg/debug_top.v:95)
[EFX-0201 WARNING] Re-wiring to GND non-driven net 'la0.probe8[0]'. (E:/Efinity/project/fnetriong/work_dbg/debug_top.v:95)
[EFX-0201 WARNING] Re-wiring to GND non-driven net 'la0.probe9[0]'. (E:/Efinity/project/fnetriong/work_dbg/debug_top.v:95)
[EFX-0201 WARNING] Re-wiring to GND non-driven net 'la0.probe10[0]'. (E:/Efinity/project/fnetriong/work_dbg/debug_top.v:95)
[EFX-0201 WARNING] Re-wiring to GND non-driven net 'la0.probe11[0]'. (E:/Efinity/project/fnetriong/work_dbg/debug_top.v:95)
[EFX-0201 WARNING] Re-wiring to GND non-driven net 'la0.probe12[0]'. (E:/Efinity/project/fnetriong/work_dbg/debug_top.v:95)
[EFX-0201 WARNING] Re-wiring to GND non-driven net 'la0.probe13[0]'. (E:/Efinity/project/fnetriong/work_dbg/debug_top.v:95)
[EFX-0201 WARNING] Re-wiring to GND non-driven net 'la0.probe14[0]'. (E:/Efinity/project/fnetriong/work_dbg/debug_top.v:95)
[EFX-0000 INFO] ... Pre-synthesis checks end (Real time : 0s)
[EFX-0000 INFO] ... NameSpace init begin
[EFX-0000 INFO] ... NameSpace init end (Real time : 0s)
[EFX-0000 INFO] ... Mapping design "edb_top"
[EFX-0000 INFO] ... Hierarchical pre-synthesis "edb_adbg_crc32" begin
[EFX-0000 INFO] ... Hierarchical pre-synthesis "edb_adbg_crc32" end (Real time : 0s)
[EFX-0000 INFO] ... Hierarchical pre-synthesis "compare_unit(WIDTH=11'b01000,PIPE=1)" begin
[EFX-0000 INFO] ... Hierarchical pre-synthesis "compare_unit(WIDTH=11'b01000,PIPE=1)" end (Real time : 0s)
[EFX-0000 INFO] ... Hierarchical pre-synthesis "compare_unit(WIDTH=11'b01,PIPE=1)" begin
[EFX-0000 INFO] ... Hierarchical pre-synthesis "compare_unit(WIDTH=11'b01,PIPE=1)" end (Real time : 0s)
[EFX-0000 INFO] ... Hierarchical pre-synthesis "compare_unit(WIDTH=11'b0100,PIPE=1)" begin
[EFX-0000 INFO] ... Hierarchical pre-synthesis "compare_unit(WIDTH=11'b0100,PIPE=1)" end (Real time : 0s)
[EFX-0000 INFO] ... Hierarchical pre-synthesis "trigger_unit(WIDTH=32'b0101,PIPE=1)" begin
[EFX-0000 INFO] ... Hierarchical pre-synthesis "trigger_unit(WIDTH=32'b0101,PIPE=1)" end (Real time : 0s)
[EFX-0000 INFO] ... Hierarchical pre-synthesis "fifo_address_trancode_unit(TOTAL_ADDR_WIDTH=11,CELL_ADDR_WIDTH=12)" begin
[EFX-0000 INFO] ... Hierarchical pre-synthesis "fifo_address_trancode_unit(TOTAL_ADDR_WIDTH=11,CELL_ADDR_WIDTH=12)" end (Real time : 0s)
[EFX-0000 INFO] ... Hierarchical pre-synthesis "edb_simple_dual_port_ram(DATA_WIDTH=32'b010110,ADDR_WIDTH=11,RAM_INIT_FILE="")" begin
[EFX-0000 INFO] ... Hierarchical pre-synthesis "edb_simple_dual_port_ram(DATA_WIDTH=32'b010110,ADDR_WIDTH=11,RAM_INIT_FILE="")" end (Real time : 0s)
[EFX-0000 INFO] ... Hierarchical pre-synthesis "fifo_with_read(DATA_WIDTH=32'b010110,ADDR_WIDTH=11)" begin
[EFX-0000 INFO] ... Hierarchical pre-synthesis "fifo_with_read(DATA_WIDTH=32'b010110,ADDR_WIDTH=11)" end (Real time : 0s)
[EFX-0000 INFO] ... Hierarchical pre-synthesis "la_biu(CAPTURE_WIDTH=32'b010101,DATA_DEPTH=2048)" begin
[EFX-0000 INFO] ... Hierarchical pre-synthesis "la_biu(CAPTURE_WIDTH=32'b010101,DATA_DEPTH=2048)" end (Real time : 0s)
[EFX-0000 INFO] ... Hierarchical pre-synthesis "edb_la_top_renamed_due_excessive_length_1" begin
[EFX-0000 INFO] ... Hierarchical pre-synthesis "edb_la_top_renamed_due_excessive_length_1" end (Real time : 0s)
[EFX-0000 INFO] ... Hierarchical pre-synthesis "debug_hub" begin
[EFX-0000 INFO] ... Hierarchical pre-synthesis "debug_hub" end (Real time : 0s)
[EFX-0000 INFO] ... Hierarchical pre-synthesis "edb_top" begin
[EFX-0000 INFO] ... Clock Enable Synthesis Performed on 132 flops.
[EFX-0000 INFO] ... Hierarchical pre-synthesis "edb_top" end (Real time : 0s)
[EFX-0000 INFO] ... Flat optimizations begin
[EFX-0000 INFO] ... Flat optimizations end (Real time : 0s)
[EFX-0000 INFO] ... Flat synthesis begin
[EFX-0000 INFO] ... Flat synthesis end (Real time : 0s)
[EFX-0000 INFO] ... Flat optimizations begin
[EFX-0000 INFO] ... Flat optimizations end (Real time : 0s)
[EFX-0000 INFO] ... Check and break combinational loops begin
[EFX-0000 INFO] ... Check and break combinational loops end (Real time : 0s)
[EFX-0000 INFO] ... Sequential Optimization begin
[EFX-0000 INFO] ... Clock Network bscan_TCK with 439 loads will be considered for sequential optimization.
[EFX-0000 INFO] ... Clock Network la0_clk with 299 loads will be considered for sequential optimization.
[EFX-0000 INFO] ... Sequential Optimization deduced 238 equivalent points.
[EFX-0000 INFO] ... Sequential Optimization end (Real time : 11s)
[EFX-0000 INFO] ... SOP modeling begin
[EFX-0000 INFO] ... SOP modeling end (Real time : 0s)
[EFX-0000 INFO] ... LUT mapping begin
[EFX-0000 INFO] ... LS, strategy: 3, nd: 770, ed: 2536, lv: 7, pw: 1632.71
[EFX-0000 INFO] ... LUT mapping end (Real time : 4s)
[EFX-0000 INFO] ... Post-synthesis Verific netlist creation begin
[EFX-0000 INFO] ... Post-synthesis Verific netlist creation end (Real time : 0s)
[EFX-0000 INFO] ... Postmap Retiming Optimization begin
[EFX-0000 INFO] ... Clock Network n9 with 439 loads will be considered for retiming optimization.
[EFX-0000 INFO] ... Clock Network n13 with 299 loads will be considered for retiming optimization.
[EFX-0000 INFO] ... Performed 0 retime moves.
[EFX-0000 INFO] ... Postmap Retiming Optimization end (Real time : 0s)
[EFX-0000 INFO] ... Post-synthesis Verific netlist unification/params processing begin
[EFX-0000 INFO] ... Post-synthesis Verific netlist unification/params processing end (Real time : 0s)
[EFX-0011 VERI-WARNING] Input/Inout Port bscan_DRCK is unconnected and will be removed 
[EFX-0011 VERI-WARNING] Input/Inout Port bscan_RUNTEST is unconnected and will be removed 
[EFX-0011 VERI-WARNING] Input/Inout Port bscan_TMS is unconnected and will be removed 
[EFX-0012 VERI-INFO] Found 3 warnings in the post-synthesis netlist. 
[EFX-0000 INFO] Resource Summary 
[EFX-0000 INFO] =============================== 
[EFX-0000 INFO] EFX_ADD         : 	97
[EFX-0000 INFO] EFX_LUT4        : 	758
[EFX-0000 INFO] EFX_FF          : 	718
[EFX-0000 INFO] EFX_RAM_5K      : 	11
[EFX-0000 INFO] EFX_GBUFCE      : 	2
[EFX-0000 INFO] =============================== 

///////////////////////////////////
// Efinity Synthesis Started 
// Mar 07, 2023 15:17:37
///////////////////////////////////

[EFX-0210 ERROR] No Top design.

///////////////////////////////////
// Efinity Synthesis Started 
// Mar 07, 2023 15:29:27
///////////////////////////////////

[EFX-0012 VERI-INFO] default VHDL library search path is now "E:/Efinity/2022.2/sim_models/vhdl/packages/vhdl_2008" (VHDL-1504) 
[EFX-0012 VERI-INFO] undeclared symbol 'la_capture_mask', assumed default net type 'wire' (VERI-2561) (E:/Efinity/project/fnetriong/work_dbg/debug_top.v:4368)
[EFX-0012 VERI-INFO] undeclared symbol 'next_segment_pointer_eq', assumed default net type 'wire' (VERI-2561) (E:/Efinity/project/fnetriong/work_dbg/debug_top.v:4726)
[EFX-0012 VERI-INFO] undeclared symbol 'next_segment_msb_xor', assumed default net type 'wire' (VERI-2561) (E:/Efinity/project/fnetriong/work_dbg/debug_top.v:4727)
[EFX-0011 VERI-WARNING] port 'probe4' remains unconnected for this instance (VERI-1927) (E:/Efinity/project/fnetriong/work_dbg/debug_top.v:116)
[EFX-0012 VERI-INFO] compiling module 'edb_top' (VERI-1018) (E:/Efinity/project/fnetriong/work_dbg/debug_top.v:10)
[EFX-0012 VERI-INFO] compiling module 'edb_la_top_renamed_due_excessive_length_1' (VERI-1018) (E:/Efinity/project/fnetriong/work_dbg/debug_top.v:489)
[EFX-0011 VERI-WARNING] expression size 256 truncated to fit in target size 64 (VERI-1209) (E:/Efinity/project/fnetriong/work_dbg/debug_top.v:3585)
[EFX-0012 VERI-INFO] compiling module 'edb_adbg_crc32' (VERI-1018) (E:/Efinity/project/fnetriong/work_dbg/debug_top.v:190)
[EFX-0012 VERI-INFO] compiling module 'compare_unit(WIDTH=11'b01000,PIPE=1)' (VERI-1018) (E:/Efinity/project/fnetriong/work_dbg/debug_top.v:5449)
[EFX-0012 VERI-INFO] compiling module 'compare_unit(WIDTH=11'b01,PIPE=1)' (VERI-1018) (E:/Efinity/project/fnetriong/work_dbg/debug_top.v:5449)
[EFX-0012 VERI-INFO] compiling module 'compare_unit(WIDTH=11'b0100,PIPE=1)' (VERI-1018) (E:/Efinity/project/fnetriong/work_dbg/debug_top.v:5449)
[EFX-0012 VERI-INFO] compiling module 'trigger_unit(WIDTH=32'b0100,PIPE=1)' (VERI-1018) (E:/Efinity/project/fnetriong/work_dbg/debug_top.v:5654)
[EFX-0012 VERI-INFO] compiling module 'la_biu(CAPTURE_WIDTH=32'b010001,DATA_DEPTH=2048)' (VERI-1018) (E:/Efinity/project/fnetriong/work_dbg/debug_top.v:4803)
[EFX-0012 VERI-INFO] compiling module 'fifo_with_read(DATA_WIDTH=32'b010010,ADDR_WIDTH=11)' (VERI-1018) (E:/Efinity/project/fnetriong/work_dbg/debug_top.v:4545)
[EFX-0012 VERI-INFO] compiling module 'fifo_address_trancode_unit(TOTAL_ADDR_WIDTH=11,CELL_ADDR_WIDTH=12)' (VERI-1018) (E:/Efinity/project/fnetriong/work_dbg/debug_top.v:4495)
[EFX-0012 VERI-INFO] compiling module 'edb_simple_dual_port_ram(DATA_WIDTH=32'b010010,ADDR_WIDTH=11,RAM_INIT_FILE="")' (VERI-1018) (E:/Efinity/project/fnetriong/work_dbg/debug_top.v:399)
[EFX-0012 VERI-INFO] extracting RAM for identifier 'ram' (VERI-2571) (E:/Efinity/project/fnetriong/work_dbg/debug_top.v:414)
[EFX-0012 VERI-INFO] compiling module 'debug_hub' (VERI-1018) (E:/Efinity/project/fnetriong/work_dbg/debug_top.v:268)
[EFX-0011 VERI-WARNING] input port 'probe4[0]' remains unconnected for this instance (VDB-1053) (E:/Efinity/project/fnetriong/work_dbg/debug_top.v:92)
[EFX-0000 INFO] Setting Synthesis Option: mode=speed
[EFX-0012 VERI-INFO] compiling module 'EFX_ADD' (VERI-1018) (E:/Efinity/2022.2/sim_models/maplib/efinix_maplib.v:6)
[EFX-0012 VERI-INFO] compiling module 'EFX_FF' (VERI-1018) (E:/Efinity/2022.2/sim_models/maplib/efinix_maplib.v:19)
[EFX-0012 VERI-INFO] compiling module 'EFX_COMB4' (VERI-1018) (E:/Efinity/2022.2/sim_models/maplib/efinix_maplib.v:36)
[EFX-0012 VERI-INFO] compiling module 'EFX_GBUFCE' (VERI-1018) (E:/Efinity/2022.2/sim_models/maplib/efinix_maplib.v:46)
[EFX-0012 VERI-INFO] compiling module 'EFX_IDDR' (VERI-1018) (E:/Efinity/2022.2/sim_models/maplib/efinix_maplib.v:55)
[EFX-0012 VERI-INFO] compiling module 'EFX_ODDR' (VERI-1018) (E:/Efinity/2022.2/sim_models/maplib/efinix_maplib.v:69)
[EFX-0012 VERI-INFO] compiling module 'EFX_IOBUF' (VERI-1018) (E:/Efinity/2022.2/sim_models/maplib/efinix_maplib.v:85)
[EFX-0012 VERI-INFO] compiling module 'EFX_LUT4' (VERI-1018) (E:/Efinity/2022.2/sim_models/maplib/efinix_maplib.v:97)
[EFX-0012 VERI-INFO] compiling module 'EFX_MULT' (VERI-1018) (E:/Efinity/2022.2/sim_models/maplib/efinix_maplib.v:105)
[EFX-0012 VERI-INFO] compiling module 'EFX_DSP48' (VERI-1018) (E:/Efinity/2022.2/sim_models/maplib/efinix_maplib.v:140)
[EFX-0012 VERI-INFO] compiling module 'EFX_DSP24' (VERI-1018) (E:/Efinity/2022.2/sim_models/maplib/efinix_maplib.v:196)
[EFX-0012 VERI-INFO] compiling module 'EFX_DSP12' (VERI-1018) (E:/Efinity/2022.2/sim_models/maplib/efinix_maplib.v:249)
[EFX-0012 VERI-INFO] compiling module 'EFX_RAM_4K' (VERI-1018) (E:/Efinity/2022.2/sim_models/maplib/efinix_maplib.v:302)
[EFX-0012 VERI-INFO] compiling module 'EFX_RAM_5K' (VERI-1018) (E:/Efinity/2022.2/sim_models/maplib/efinix_maplib.v:362)
[EFX-0012 VERI-INFO] compiling module 'EFX_DPRAM_5K' (VERI-1018) (E:/Efinity/2022.2/sim_models/maplib/efinix_maplib.v:434)
[EFX-0012 VERI-INFO] compiling module 'RAMB5' (VERI-1018) (E:/Efinity/2022.2/sim_models/maplib/efinix_maplib.v:539)
[EFX-0012 VERI-INFO] compiling module 'EFX_RAM_10K' (VERI-1018) (E:/Efinity/2022.2/sim_models/maplib/efinix_maplib.v:601)
[EFX-0012 VERI-INFO] compiling module 'EFX_RAM10' (VERI-1018) (E:/Efinity/2022.2/sim_models/maplib/efinix_maplib.v:693)
[EFX-0012 VERI-INFO] compiling module 'EFX_DPRAM10' (VERI-1018) (E:/Efinity/2022.2/sim_models/maplib/efinix_maplib.v:794)
[EFX-0012 VERI-INFO] compiling module 'EFX_SRL8' (VERI-1018) (E:/Efinity/2022.2/sim_models/maplib/efinix_maplib.v:924)
[EFX-0000 INFO] ... Pre-synthesis checks begin
[EFX-0200 WARNING] Removing redundant signal : compared_in[0]. (E:/Efinity/project/fnetriong/work_dbg/debug_top.v:5455)
[EFX-0200 WARNING] Removing redundant signal : mask_in[0]. (E:/Efinity/project/fnetriong/work_dbg/debug_top.v:5456)
[EFX-0200 WARNING] Removing redundant signal : trigger_in. (E:/Efinity/project/fnetriong/work_dbg/debug_top.v:5666)
[EFX-0677 INFO] Zero initialization of uninitialized memory block 'ram'. (E:/Efinity/project/fnetriong/work_dbg/debug_top.v:414)
[EFX-0200 WARNING] Removing redundant signal : din[17]. (E:/Efinity/project/fnetriong/work_dbg/debug_top.v:4558)
[EFX-0200 WARNING] Removing redundant signal : trig_out. (E:/Efinity/project/fnetriong/work_dbg/debug_top.v:4837)
[EFX-0200 WARNING] Removing redundant signal : trig_out_ack. (E:/Efinity/project/fnetriong/work_dbg/debug_top.v:4838)
[EFX-0200 WARNING] Removing redundant signal : bscan_DRCK. (E:/Efinity/project/fnetriong/work_dbg/debug_top.v:1022)
[EFX-0200 WARNING] Removing redundant signal : bscan_RUNTEST. (E:/Efinity/project/fnetriong/work_dbg/debug_top.v:1024)
[EFX-0200 WARNING] Removing redundant signal : bscan_SEL. (E:/Efinity/project/fnetriong/work_dbg/debug_top.v:1025)
[EFX-0200 WARNING] Removing redundant signal : bscan_TMS. (E:/Efinity/project/fnetriong/work_dbg/debug_top.v:1029)
[EFX-0200 WARNING] Removing redundant signal : trig_in_ack. (E:/Efinity/project/fnetriong/work_dbg/debug_top.v:1040)
[EFX-0200 WARNING] Removing redundant signal : mux_capture_cmp[3]. (E:/Efinity/project/fnetriong/work_dbg/debug_top.v:3446)
[EFX-0200 WARNING] Removing redundant signal : mux_capture_cmp[2]. (E:/Efinity/project/fnetriong/work_dbg/debug_top.v:3446)
[EFX-0200 WARNING] Removing redundant signal : mux_capture_cmp[1]. (E:/Efinity/project/fnetriong/work_dbg/debug_top.v:3446)
[EFX-0200 WARNING] Removing redundant signal : mux_capture_cmp[0]. (E:/Efinity/project/fnetriong/work_dbg/debug_top.v:3446)
[EFX-0200 WARNING] Removing redundant signal : bscan_CAPTURE. (E:/Efinity/project/fnetriong/work_dbg/debug_top.v:273)
[EFX-0200 WARNING] Removing redundant signal : bscan_DRCK. (E:/Efinity/project/fnetriong/work_dbg/debug_top.v:274)
[EFX-0200 WARNING] Removing redundant signal : bscan_RUNTEST. (E:/Efinity/project/fnetriong/work_dbg/debug_top.v:276)
[EFX-0200 WARNING] Removing redundant signal : bscan_TMS. (E:/Efinity/project/fnetriong/work_dbg/debug_top.v:281)
[EFX-0266 WARNING] Module Instance 'la0' input pin tied to constant (trig_in=0).
[EFX-0266 WARNING] Module Instance 'la0' input pin tied to constant (trig_out_ack=0).
[EFX-0201 WARNING] Re-wiring to GND non-driven net 'la0.probe4[0]'. (E:/Efinity/project/fnetriong/work_dbg/debug_top.v:92)
[EFX-0201 WARNING] Re-wiring to GND non-driven net 'la0.probe5[0]'. (E:/Efinity/project/fnetriong/work_dbg/debug_top.v:92)
[EFX-0201 WARNING] Re-wiring to GND non-driven net 'la0.probe6[0]'. (E:/Efinity/project/fnetriong/work_dbg/debug_top.v:92)
[EFX-0201 WARNING] Re-wiring to GND non-driven net 'la0.probe7[0]'. (E:/Efinity/project/fnetriong/work_dbg/debug_top.v:92)
[EFX-0201 WARNING] Re-wiring to GND non-driven net 'la0.probe8[0]'. (E:/Efinity/project/fnetriong/work_dbg/debug_top.v:92)
[EFX-0201 WARNING] Re-wiring to GND non-driven net 'la0.probe9[0]'. (E:/Efinity/project/fnetriong/work_dbg/debug_top.v:92)
[EFX-0201 WARNING] Re-wiring to GND non-driven net 'la0.probe10[0]'. (E:/Efinity/project/fnetriong/work_dbg/debug_top.v:92)
[EFX-0201 WARNING] Re-wiring to GND non-driven net 'la0.probe11[0]'. (E:/Efinity/project/fnetriong/work_dbg/debug_top.v:92)
[EFX-0201 WARNING] Re-wiring to GND non-driven net 'la0.probe12[0]'. (E:/Efinity/project/fnetriong/work_dbg/debug_top.v:92)
[EFX-0201 WARNING] Re-wiring to GND non-driven net 'la0.probe13[0]'. (E:/Efinity/project/fnetriong/work_dbg/debug_top.v:92)
[EFX-0000 INFO] ... Pre-synthesis checks end (Real time : 0s)
[EFX-0000 INFO] ... NameSpace init begin
[EFX-0000 INFO] ... NameSpace init end (Real time : 0s)
[EFX-0000 INFO] ... Mapping design "edb_top"
[EFX-0000 INFO] ... Hierarchical pre-synthesis "edb_adbg_crc32" begin
[EFX-0000 INFO] ... Hierarchical pre-synthesis "edb_adbg_crc32" end (Real time : 0s)
[EFX-0000 INFO] ... Hierarchical pre-synthesis "compare_unit(WIDTH=11'b01000,PIPE=1)" begin
[EFX-0000 INFO] ... Hierarchical pre-synthesis "compare_unit(WIDTH=11'b01000,PIPE=1)" end (Real time : 0s)
[EFX-0000 INFO] ... Hierarchical pre-synthesis "compare_unit(WIDTH=11'b01,PIPE=1)" begin
[EFX-0000 INFO] ... Hierarchical pre-synthesis "compare_unit(WIDTH=11'b01,PIPE=1)" end (Real time : 0s)
[EFX-0000 INFO] ... Hierarchical pre-synthesis "compare_unit(WIDTH=11'b0100,PIPE=1)" begin
[EFX-0000 INFO] ... Hierarchical pre-synthesis "compare_unit(WIDTH=11'b0100,PIPE=1)" end (Real time : 0s)
[EFX-0000 INFO] ... Hierarchical pre-synthesis "trigger_unit(WIDTH=32'b0100,PIPE=1)" begin
[EFX-0000 INFO] ... Hierarchical pre-synthesis "trigger_unit(WIDTH=32'b0100,PIPE=1)" end (Real time : 0s)
[EFX-0000 INFO] ... Hierarchical pre-synthesis "fifo_address_trancode_unit(TOTAL_ADDR_WIDTH=11,CELL_ADDR_WIDTH=12)" begin
[EFX-0000 INFO] ... Hierarchical pre-synthesis "fifo_address_trancode_unit(TOTAL_ADDR_WIDTH=11,CELL_ADDR_WIDTH=12)" end (Real time : 0s)
[EFX-0000 INFO] ... Hierarchical pre-synthesis "edb_simple_dual_port_ram(DATA_WIDTH=32'b010010,ADDR_WIDTH=11,RAM_INIT_FILE="")" begin
[EFX-0000 INFO] ... Hierarchical pre-synthesis "edb_simple_dual_port_ram(DATA_WIDTH=32'b010010,ADDR_WIDTH=11,RAM_INIT_FILE="")" end (Real time : 0s)
[EFX-0000 INFO] ... Hierarchical pre-synthesis "fifo_with_read(DATA_WIDTH=32'b010010,ADDR_WIDTH=11)" begin
[EFX-0000 INFO] ... Hierarchical pre-synthesis "fifo_with_read(DATA_WIDTH=32'b010010,ADDR_WIDTH=11)" end (Real time : 0s)
[EFX-0000 INFO] ... Hierarchical pre-synthesis "la_biu(CAPTURE_WIDTH=32'b010001,DATA_DEPTH=2048)" begin
[EFX-0000 INFO] ... Hierarchical pre-synthesis "la_biu(CAPTURE_WIDTH=32'b010001,DATA_DEPTH=2048)" end (Real time : 0s)
[EFX-0000 INFO] ... Hierarchical pre-synthesis "edb_la_top_renamed_due_excessive_length_1" begin
[EFX-0000 INFO] ... Hierarchical pre-synthesis "edb_la_top_renamed_due_excessive_length_1" end (Real time : 1s)
[EFX-0000 INFO] ... Hierarchical pre-synthesis "debug_hub" begin
[EFX-0000 INFO] ... Hierarchical pre-synthesis "debug_hub" end (Real time : 0s)
[EFX-0000 INFO] ... Hierarchical pre-synthesis "edb_top" begin
[EFX-0000 INFO] ... Clock Enable Synthesis Performed on 132 flops.
[EFX-0000 INFO] ... Hierarchical pre-synthesis "edb_top" end (Real time : 0s)
[EFX-0000 INFO] ... Flat optimizations begin
[EFX-0000 INFO] ... Flat optimizations end (Real time : 0s)
[EFX-0000 INFO] ... Flat synthesis begin
[EFX-0000 INFO] ... Flat synthesis end (Real time : 0s)
[EFX-0000 INFO] ... Flat optimizations begin
[EFX-0000 INFO] ... Flat optimizations end (Real time : 0s)
[EFX-0000 INFO] ... Check and break combinational loops begin
[EFX-0000 INFO] ... Check and break combinational loops end (Real time : 0s)
[EFX-0000 INFO] ... Sequential Optimization begin
[EFX-0000 INFO] ... Clock Network bscan_TCK with 428 loads will be considered for sequential optimization.
[EFX-0000 INFO] ... Clock Network la0_clk with 264 loads will be considered for sequential optimization.
[EFX-0000 INFO] ... Sequential Optimization deduced 277 equivalent points.
[EFX-0000 INFO] ... Sequential Optimization end (Real time : 11s)
[EFX-0000 INFO] ... SOP modeling begin
[EFX-0000 INFO] ... SOP modeling end (Real time : 0s)
[EFX-0000 INFO] ... LUT mapping begin
[EFX-0000 INFO] ... LS, strategy: 3, nd: 730, ed: 2415, lv: 7, pw: 1545.65
[EFX-0000 INFO] ... LUT mapping end (Real time : 3s)
[EFX-0000 INFO] ... Post-synthesis Verific netlist creation begin
[EFX-0000 INFO] ... Post-synthesis Verific netlist creation end (Real time : 0s)
[EFX-0000 INFO] ... Postmap Retiming Optimization begin
[EFX-0000 INFO] ... Clock Network n9 with 428 loads will be considered for retiming optimization.
[EFX-0000 INFO] ... Clock Network n13 with 264 loads will be considered for retiming optimization.
[EFX-0000 INFO] ... Performed 0 retime moves.
[EFX-0000 INFO] ... Postmap Retiming Optimization end (Real time : 0s)
[EFX-0000 INFO] ... Post-synthesis Verific netlist unification/params processing begin
[EFX-0000 INFO] ... Post-synthesis Verific netlist unification/params processing end (Real time : 0s)
[EFX-0011 VERI-WARNING] Input/Inout Port bscan_DRCK is unconnected and will be removed 
[EFX-0011 VERI-WARNING] Input/Inout Port bscan_RUNTEST is unconnected and will be removed 
[EFX-0011 VERI-WARNING] Input/Inout Port bscan_TMS is unconnected and will be removed 
[EFX-0012 VERI-INFO] Found 3 warnings in the post-synthesis netlist. 
[EFX-0000 INFO] Resource Summary 
[EFX-0000 INFO] =============================== 
[EFX-0000 INFO] EFX_ADD         : 	97
[EFX-0000 INFO] EFX_LUT4        : 	718
[EFX-0000 INFO] EFX_FF          : 	672
[EFX-0000 INFO] EFX_RAM_5K      : 	9
[EFX-0000 INFO] EFX_GBUFCE      : 	2
[EFX-0000 INFO] =============================== 

///////////////////////////////////
// Efinity Synthesis Started 
// Mar 07, 2023 15:29:46
///////////////////////////////////

[EFX-0000 INFO] Setting Synthesis Option: mode=speed
[EFX-0000 INFO] ... Pre-synthesis checks begin
[EFX-0266 WARNING] Module Instance 'fifo' input pin tied to constant (out_want_b=1).
[EFX-0200 WARNING] Removing redundant signal : start_found. (E:\Efinity\project\fnetriong\efnet_octet_to_word.vhd:60)
[EFX-0200 WARNING] Removing redundant signal : packet_start. (E:\Efinity\project\fnetriong\efnet_octet_to_word.vhd:62)
[EFX-0200 WARNING] Removing redundant signal : packet_end. (E:\Efinity\project\fnetriong\efnet_octet_to_word.vhd:63)
[EFX-0200 WARNING] Removing redundant signal : word[15]. (E:\Efinity\project\fnetriong\efnet_octet_to_word.vhd:65)
[EFX-0200 WARNING] Removing redundant signal : word[14]. (E:\Efinity\project\fnetriong\efnet_octet_to_word.vhd:65)
[EFX-0200 WARNING] Removing redundant signal : word[13]. (E:\Efinity\project\fnetriong\efnet_octet_to_word.vhd:65)
[EFX-0200 WARNING] Removing redundant signal : word[12]. (E:\Efinity\project\fnetriong\efnet_octet_to_word.vhd:65)
[EFX-0200 WARNING] Removing redundant signal : word[11]. (E:\Efinity\project\fnetriong\efnet_octet_to_word.vhd:65)
[EFX-0200 WARNING] Removing redundant signal : word[10]. (E:\Efinity\project\fnetriong\efnet_octet_to_word.vhd:65)
[EFX-0200 WARNING] Removing redundant signal : word[9]. (E:\Efinity\project\fnetriong\efnet_octet_to_word.vhd:65)
[EFX-0200 WARNING] Removing redundant signal : word[8]. (E:\Efinity\project\fnetriong\efnet_octet_to_word.vhd:65)
[EFX-0200 WARNING] Removing redundant signal : word[7]. (E:\Efinity\project\fnetriong\efnet_octet_to_word.vhd:65)
[EFX-0200 WARNING] Removing redundant signal : word[6]. (E:\Efinity\project\fnetriong\efnet_octet_to_word.vhd:65)
[EFX-0200 WARNING] Removing redundant signal : word[5]. (E:\Efinity\project\fnetriong\efnet_octet_to_word.vhd:65)
[EFX-0200 WARNING] Removing redundant signal : word[4]. (E:\Efinity\project\fnetriong\efnet_octet_to_word.vhd:65)
[EFX-0200 WARNING] Removing redundant signal : word[3]. (E:\Efinity\project\fnetriong\efnet_octet_to_word.vhd:65)
[EFX-0200 WARNING] Removing redundant signal : word[2]. (E:\Efinity\project\fnetriong\efnet_octet_to_word.vhd:65)
[EFX-0200 WARNING] Removing redundant signal : word[1]. (E:\Efinity\project\fnetriong\efnet_octet_to_word.vhd:65)
[EFX-0200 WARNING] Removing redundant signal : word[0]. (E:\Efinity\project\fnetriong\efnet_octet_to_word.vhd:65)
[EFX-0200 WARNING] Removing redundant signal : octet_counter[0]. (E:\Efinity\project\fnetriong\efnet_octet_to_word.vhd:66)
[EFX-0266 WARNING] Module Instance 'out_sm' input pin tied to constant (idx_tcp_prep[0][31]=0).
[EFX-0266 WARNING] Module Instance 'out_sm' input pin tied to constant (idx_tcp_prep[0][30]=0).
[EFX-0266 WARNING] Module Instance 'out_sm' input pin tied to constant (idx_tcp_prep[0][29]=0).
[EFX-0266 WARNING] Module Instance 'out_sm' input pin tied to constant (idx_tcp_prep[0][28]=0).
[EFX-0266 WARNING] Module Instance 'out_sm' input pin tied to constant (idx_tcp_prep[0][27]=0).
[EFX-0266 WARNING] Module Instance 'out_sm' input pin tied to constant (idx_tcp_prep[0][26]=0).
[EFX-0266 WARNING] Module Instance 'out_sm' input pin tied to constant (idx_tcp_prep[0][25]=0).
[EFX-0266 WARNING] Module Instance 'out_sm' input pin tied to constant (idx_tcp_prep[0][24]=0).
[EFX-0266 WARNING] Module Instance 'out_sm' input pin tied to constant (idx_tcp_prep[0][23]=0).
[EFX-0266 WARNING] Module Instance 'out_sm' input pin tied to constant (idx_tcp_prep[0][22]=0).
[EFX-0266 WARNING] Module Instance 'out_sm' input pin tied to constant (idx_tcp_prep[0][21]=0).
[EFX-0266 WARNING] Module Instance 'out_sm' input pin tied to constant (idx_tcp_prep[0][20]=0).
[EFX-0266 WARNING] Module Instance 'out_sm' input pin tied to constant (idx_tcp_prep[0][19]=0).
[EFX-0266 WARNING] Module Instance 'out_sm' input pin tied to constant (idx_tcp_prep[0][18]=0).
[EFX-0266 WARNING] Module Instance 'out_sm' input pin tied to constant (idx_tcp_prep[0][17]=0).
[EFX-0266 WARNING] Module Instance 'out_sm' input pin tied to constant (idx_tcp_prep[0][16]=0).
[EFX-0266 WARNING] Module Instance 'out_sm' input pin tied to constant (idx_tcp_prep[0][15]=0).
[EFX-0266 WARNING] Module Instance 'out_sm' input pin tied to constant (idx_tcp_prep[0][14]=0).
[EFX-0266 WARNING] Module Instance 'out_sm' input pin tied to constant (idx_tcp_prep[0][13]=0).
[EFX-0266 WARNING] Module Instance 'out_sm' input pin tied to constant (idx_tcp_prep[0][12]=0).
[EFX-0266 WARNING] Module Instance 'out_sm' input pin tied to constant (idx_tcp_prep[0][11]=0).
[EFX-0266 WARNING] Module Instance 'out_sm' input pin tied to constant (idx_tcp_prep[0][10]=0).
[EFX-0266 WARNING] Module Instance 'out_sm' input pin tied to constant (idx_tcp_prep[0][9]=0).
[EFX-0266 WARNING] Module Instance 'out_sm' input pin tied to constant (idx_tcp_prep[0][8]=0).
[EFX-0266 WARNING] Module Instance 'out_sm' input pin tied to constant (idx_tcp_prep[0][7]=0).
[EFX-0266 WARNING] Module Instance 'out_sm' input pin tied to constant (idx_tcp_prep[0][6]=0).
[EFX-0266 WARNING] Module Instance 'out_sm' input pin tied to constant (idx_tcp_prep[0][5]=0).
[EFX-0266 WARNING] Module Instance 'out_sm' input pin tied to constant (idx_tcp_prep[0][4]=0).
[EFX-0266 WARNING] Module Instance 'out_sm' input pin tied to constant (idx_tcp_prep[0][3]=0).
[EFX-0266 WARNING] Module Instance 'out_sm' input pin tied to constant (idx_tcp_prep[0][2]=1).
[EFX-0266 WARNING] Module Instance 'out_sm' input pin tied to constant (idx_tcp_prep[0][1]=0).
[EFX-0266 WARNING] Module Instance 'out_sm' input pin tied to constant (idx_tcp_prep[0][0]=1).
[EFX-0266 WARNING] Module Instance 'out_sm' input pin tied to constant (idx_tcp_prep[1][31]=0).
[EFX-0266 WARNING] Module Instance 'out_sm' input pin tied to constant (idx_tcp_prep[1][30]=0).
[EFX-0266 WARNING] Module Instance 'out_sm' input pin tied to constant (idx_tcp_prep[1][29]=0).
[EFX-0266 WARNING] Module Instance 'out_sm' input pin tied to constant (idx_tcp_prep[1][28]=0).
[EFX-0266 WARNING] Module Instance 'out_sm' input pin tied to constant (idx_tcp_prep[1][27]=0).
[EFX-0266 WARNING] Module Instance 'out_sm' input pin tied to constant (idx_tcp_prep[1][26]=0).
[EFX-0266 WARNING] Module Instance 'out_sm' input pin tied to constant (idx_tcp_prep[1][25]=0).
[EFX-0266 WARNING] Module Instance 'out_sm' input pin tied to constant (idx_tcp_prep[1][24]=0).
[EFX-0266 WARNING] Module Instance 'out_sm' input pin tied to constant (idx_tcp_prep[1][23]=0).
[EFX-0266 WARNING] Module Instance 'out_sm' input pin tied to constant (idx_tcp_prep[1][22]=0).
[EFX-0266 WARNING] Module Instance 'out_sm' input pin tied to constant (idx_tcp_prep[1][21]=0).
[EFX-0266 WARNING] Module Instance 'out_sm' input pin tied to constant (idx_tcp_prep[1][20]=0).
[EFX-0266 WARNING] Module Instance 'out_sm' input pin tied to constant (idx_tcp_prep[1][19]=0).
[EFX-0266 WARNING] Module Instance 'out_sm' input pin tied to constant (idx_tcp_prep[1][18]=0).
[EFX-0266 WARNING] Module Instance 'out_sm' input pin tied to constant (idx_tcp_prep[1][17]=0).
[EFX-0266 WARNING] Module Instance 'out_sm' input pin tied to constant (idx_tcp_prep[1][16]=0).
[EFX-0266 WARNING] Module Instance 'out_sm' input pin tied to constant (idx_tcp_prep[1][15]=0).
[EFX-0266 WARNING] Module Instance 'out_sm' input pin tied to constant (idx_tcp_prep[1][14]=0).
[EFX-0266 WARNING] Module Instance 'out_sm' input pin tied to constant (idx_tcp_prep[1][13]=0).
[EFX-0266 WARNING] Module Instance 'out_sm' input pin tied to constant (idx_tcp_prep[1][12]=0).
[EFX-0266 WARNING] Module Instance 'out_sm' input pin tied to constant (idx_tcp_prep[1][11]=0).
[EFX-0266 WARNING] Module Instance 'out_sm' input pin tied to constant (idx_tcp_prep[1][10]=0).
[EFX-0266 WARNING] Module Instance 'out_sm' input pin tied to constant (idx_tcp_prep[1][9]=0).
[EFX-0266 WARNING] Module Instance 'out_sm' input pin tied to constant (idx_tcp_prep[1][8]=0).
[EFX-0266 WARNING] Module Instance 'out_sm' input pin tied to constant (idx_tcp_prep[1][7]=0).
[EFX-0266 WARNING] Module Instance 'out_sm' input pin tied to constant (idx_tcp_prep[1][6]=0).
[EFX-0266 WARNING] Module Instance 'out_sm' input pin tied to constant (idx_tcp_prep[1][5]=0).
[EFX-0266 WARNING] Module Instance 'out_sm' input pin tied to constant (idx_tcp_prep[1][4]=0).
[EFX-0266 WARNING] Module Instance 'out_sm' input pin tied to constant (idx_tcp_prep[1][3]=0).
[EFX-0266 WARNING] Module Instance 'out_sm' input pin tied to constant (idx_tcp_prep[1][2]=1).
[EFX-0266 WARNING] Module Instance 'out_sm' input pin tied to constant (idx_tcp_prep[1][1]=1).
[EFX-0266 WARNING] Module Instance 'out_sm' input pin tied to constant (idx_tcp_prep[1][0]=0).
[EFX-0266 WARNING] Module Instance 'out_sm' input pin tied to constant (idx_gen[31]=0).
[EFX-0266 WARNING] Module Instance 'out_sm' input pin tied to constant (idx_gen[30]=0).
[EFX-0266 WARNING] Module Instance 'out_sm' input pin tied to constant (idx_gen[29]=0).
[EFX-0266 WARNING] Module Instance 'out_sm' input pin tied to constant (idx_gen[28]=0).
[EFX-0266 WARNING] Module Instance 'out_sm' input pin tied to constant (idx_gen[27]=0).
[EFX-0266 WARNING] Module Instance 'out_sm' input pin tied to constant (idx_gen[26]=0).
[EFX-0266 WARNING] Module Instance 'out_sm' input pin tied to constant (idx_gen[25]=0).
[EFX-0266 WARNING] Module Instance 'out_sm' input pin tied to constant (idx_gen[24]=0).
[EFX-0266 WARNING] Module Instance 'out_sm' input pin tied to constant (idx_gen[23]=0).
[EFX-0266 WARNING] Module Instance 'out_sm' input pin tied to constant (idx_gen[22]=0).
[EFX-0266 WARNING] Module Instance 'out_sm' input pin tied to constant (idx_gen[21]=0).
[EFX-0266 WARNING] Module Instance 'out_sm' input pin tied to constant (idx_gen[20]=0).
[EFX-0266 WARNING] Module Instance 'out_sm' input pin tied to constant (idx_gen[19]=0).
[EFX-0266 WARNING] Module Instance 'out_sm' input pin tied to constant (idx_gen[18]=0).
[EFX-0266 WARNING] Module Instance 'out_sm' input pin tied to constant (idx_gen[17]=0).
[EFX-0266 WARNING] Module Instance 'out_sm' input pin tied to constant (idx_gen[16]=0).
[EFX-0266 WARNING] Module Instance 'out_sm' input pin tied to constant (idx_gen[15]=0).
[EFX-0266 WARNING] Module Instance 'out_sm' input pin tied to constant (idx_gen[14]=0).
[EFX-0266 WARNING] Module Instance 'out_sm' input pin tied to constant (idx_gen[13]=0).
[EFX-0266 WARNING] Module Instance 'out_sm' input pin tied to constant (idx_gen[12]=0).
[EFX-0266 WARNING] Module Instance 'out_sm' input pin tied to constant (idx_gen[11]=0).
[EFX-0266 WARNING] Module Instance 'out_sm' input pin tied to constant (idx_gen[10]=0).
[EFX-0266 WARNING] Module Instance 'out_sm' input pin tied to constant (idx_gen[9]=0).
[EFX-0266 WARNING] Module Instance 'out_sm' input pin tied to constant (idx_gen[8]=0).
[EFX-0266 WARNING] Module Instance 'out_sm' input pin tied to constant (idx_gen[7]=0).
[EFX-0266 WARNING] Module Instance 'out_sm' input pin tied to constant (idx_gen[6]=0).
[EFX-0266 WARNING] Module Instance 'out_sm' input pin tied to constant (idx_gen[5]=0).
[EFX-0266 WARNING] Module Instance 'out_sm' input pin tied to constant (idx_gen[4]=0).
[EFX-0266 WARNING] Module Instance 'out_sm' input pin tied to constant (idx_gen[3]=0).
[EFX-0266 WARNING] Module Instance 'out_sm' input pin tied to constant (idx_gen[2]=0).
[EFX-0266 WARNING] Module Instance 'out_sm' input pin tied to constant (idx_gen[1]=0).
[EFX-0266 WARNING] Module Instance 'out_sm' input pin tied to constant (idx_gen[0]=1).
[EFX-0266 WARNING] Module Instance 'mdio' input pin tied to constant (b_req_data[31]=0).
[EFX-0266 WARNING] Module Instance 'mdio' input pin tied to constant (b_req_data[30]=0).
[EFX-0266 WARNING] Module Instance 'mdio' input pin tied to constant (b_req_data[29]=0).
[EFX-0201 WARNING] Re-wiring to GND non-driven net 'ram_udp_regidp.prod2.set_again'. (E:\Efinity\project\fnetriong\fakernet_module.vhd:134)
[EFX-0201 WARNING] Re-wiring to GND non-driven net 'ram_tcp_template.prod2.set_again'. (E:\Efinity\project\fnetriong\fakernet_module.vhd:136)
[EFX-0201 WARNING] Re-wiring to GND non-driven net 'ram_tcp_prep2[0].prod2.set_again'. (E:\Efinity\project\fnetriong\fakernet_module.vhd:137)
[EFX-0201 WARNING] Re-wiring to GND non-driven net 'ram_tcp_prep2[1].prod2.set_again'. (E:\Efinity\project\fnetriong\fakernet_module.vhd:137)
[EFX-0000 INFO] ... Pre-synthesis checks end (Real time : 1s)
[EFX-0000 INFO] ... NameSpace init begin
[EFX-0000 INFO] ... NameSpace init end (Real time : 0s)
[EFX-0000 INFO] ... Mapping design "fnetriong"
[EFX-0000 INFO] ... Hierarchical pre-synthesis "fnet_async_fifo(width=17)" begin
[EFX-0000 INFO] ... Hierarchical pre-synthesis "fnet_async_fifo(width=17)" end (Real time : 0s)
[EFX-0000 INFO] ... Hierarchical pre-synthesis "efnet_octet_to_word" begin
[EFX-0000 INFO] ... Hierarchical pre-synthesis "efnet_octet_to_word" end (Real time : 0s)
[EFX-0000 INFO] ... Hierarchical pre-synthesis "efb_uart_trace_mem(width=32,samples=512)" begin
[EFX-0000 INFO] ... Hierarchical pre-synthesis "efb_uart_trace_mem(width=32,samples=512)" end (Real time : 0s)
[EFX-0000 INFO] ... Hierarchical pre-synthesis "efb_uart_tx(15,0)" begin
[EFX-0000 INFO] ... Hierarchical pre-synthesis "efb_uart_tx(15,0)" end (Real time : 0s)
[EFX-0000 INFO] ... Hierarchical pre-synthesis "efnet_word_to_octet" begin
[EFX-0000 INFO] ... Hierarchical pre-synthesis "efnet_word_to_octet" end (Real time : 0s)
[EFX-0000 INFO] ... Hierarchical pre-synthesis "efnet_data_array_inject(0,0)(31,0)(0,0)(0,0)(9,0)(7,0)" begin
[EFX-0000 INFO] ... Hierarchical pre-synthesis "efnet_data_array_inject(0,0)(31,0)(0,0)(0,0)(9,0)(7,0)" end (Real time : 0s)
[EFX-0000 INFO] ... Hierarchical pre-synthesis "fnet_crc32" begin
[EFX-0000 INFO] ... Hierarchical pre-synthesis "fnet_crc32" end (Real time : 0s)
[EFX-0000 INFO] ... Hierarchical pre-synthesis "fnet_in_state" begin
[EFX-0000 INFO] ... Hierarchical pre-synthesis "fnet_in_state" end (Real time : 0s)
[EFX-0000 INFO] ... Hierarchical pre-synthesis "fnet_dyn_control" begin
[EFX-0000 INFO] ... Hierarchical pre-synthesis "fnet_dyn_control" end (Real time : 0s)
[EFX-0000 INFO] ... Hierarchical pre-synthesis "fnet_ntp_query_control" begin
[EFX-0000 INFO] ... Hierarchical pre-synthesis "fnet_ntp_query_control" end (Real time : 0s)
[EFX-0000 INFO] ... Hierarchical pre-synthesis "fnet_packet_gen" begin
[EFX-0000 INFO] ... Hierarchical pre-synthesis "fnet_packet_gen" end (Real time : 0s)
[EFX-0000 INFO] ... Hierarchical pre-synthesis "fnet_out_state" begin
[EFX-0000 INFO] ... Hierarchical pre-synthesis "fnet_out_state" end (Real time : 0s)
[EFX-0000 INFO] ... Hierarchical pre-synthesis "fnet_out_pipeline" begin
[EFX-0000 INFO] ... Hierarchical pre-synthesis "fnet_out_pipeline" end (Real time : 0s)
[EFX-0000 INFO] ... Hierarchical pre-synthesis "fnet_regaccess" begin
[EFX-0000 INFO] ... Hierarchical pre-synthesis "fnet_regaccess" end (Real time : 0s)
[EFX-0000 INFO] ... Hierarchical pre-synthesis "ram_block_a11d16" begin
[EFX-0000 INFO] ... Hierarchical pre-synthesis "ram_block_a11d16" end (Real time : 0s)
[EFX-0000 INFO] ... Hierarchical pre-synthesis "fnet_local_reg(test_regs=true,lcl_data_gen=true,limit_payload_window=true,debug_regs=true,debug_counters=true,compiletime=1)" begin
[EFX-0000 INFO] ... Hierarchical pre-synthesis "fnet_local_reg(test_regs=true,lcl_data_gen=true,limit_payload_window=true,debug_regs=true,debug_counters=true,compiletime=1)" end (Real time : 1s)
[EFX-0000 INFO] ... Hierarchical pre-synthesis "fnet_tcp_state(data_bufsize_addrbits=13)" begin
[EFX-0000 INFO] ... Hierarchical pre-synthesis "fnet_tcp_state(data_bufsize_addrbits=13)" end (Real time : 0s)
[EFX-0000 INFO] ... Hierarchical pre-synthesis "fnet_tcp_control(data_bufsize_addrbits=13)" begin
[EFX-0000 INFO] ... Hierarchical pre-synthesis "fnet_tcp_control(data_bufsize_addrbits=13)" end (Real time : 0s)
[EFX-0000 INFO] ... Hierarchical pre-synthesis "fnet_tcp_prepare(data_bufsize_addrbits=13)(12,0)(31,0)" begin
[EFX-0000 INFO] ... Hierarchical pre-synthesis "fnet_tcp_prepare(data_bufsize_addrbits=13)(12,0)(31,0)" end (Real time : 0s)
[EFX-0000 INFO] ... Hierarchical pre-synthesis "fnet_tcp_buffer(data_bufsize_addrbits=13)(9,0)(7,0)(7,0)(5,0)(12,0)(31,0)" begin
[EFX-0000 INFO] ... Hierarchical pre-synthesis "fnet_tcp_buffer(data_bufsize_addrbits=13)(9,0)(7,0)(7,0)(5,0)(12,0)(31,0)" end (Real time : 0s)
[EFX-0000 INFO] ... Hierarchical pre-synthesis "fnet_test_datagen(data_bufsize_addrbits=13)" begin
[EFX-0000 INFO] ... Hierarchical pre-synthesis "fnet_test_datagen(data_bufsize_addrbits=13)" end (Real time : 0s)
[EFX-0000 INFO] ... Hierarchical pre-synthesis "fnet_ram_block_data(addrbits=13)" begin
[EFX-0000 INFO] ... Hierarchical pre-synthesis "fnet_ram_block_data(addrbits=13)" end (Real time : 0s)
[EFX-0000 INFO] ... Hierarchical pre-synthesis "fnet_ram_block_stat" begin
[EFX-0000 INFO] ... Hierarchical pre-synthesis "fnet_ram_block_stat" end (Real time : 0s)
[EFX-0000 INFO] ... Hierarchical pre-synthesis "fnet_regacc_aux_stat" begin
[EFX-0000 INFO] ... Hierarchical pre-synthesis "fnet_regacc_aux_stat" end (Real time : 0s)
[EFX-0000 INFO] ... Hierarchical pre-synthesis "fnet_mdio" begin
[EFX-0000 INFO] ... Hierarchical pre-synthesis "fnet_mdio" end (Real time : 0s)
[EFX-0000 INFO] ... Hierarchical pre-synthesis "fakernet_module(data_bufsize_addrbits=13,compiletime=1)(9,0)(7,0)" begin
[EFX-0000 INFO] ... Hierarchical pre-synthesis "fakernet_module(data_bufsize_addrbits=13,compiletime=1)(9,0)(7,0)" end (Real time : 0s)
[EFX-0000 INFO] ... Hierarchical pre-synthesis "efb_common_top(clk_freq=125000000)(0,-1)(31,0)(0,-1)(0,-1)" begin
[EFX-0000 INFO] ... Hierarchical pre-synthesis "efb_common_top(clk_freq=125000000)(0,-1)(31,0)(0,-1)(0,-1)" end (Real time : 1s)
[EFX-0000 INFO] ... Hierarchical pre-synthesis "edb_top" begin
[EFX-0000 INFO] ... Hierarchical pre-synthesis "edb_top" end (Real time : 0s)
[EFX-0000 INFO] ... Hierarchical pre-synthesis "fnetriong" begin
[EFX-0000 INFO] ... Clock Enable Synthesis Performed on 694 flops.
[EFX-0000 INFO] ... Hierarchical pre-synthesis "fnetriong" end (Real time : 2s)
[EFX-0201 WARNING] Re-wiring to GND non-driven net 't/fakernet/dp_ram_arp_icmp.port_a.o.rd'. (E:\Efinity\project\fnetriong\fakernet_module.vhd:144)
[EFX-0201 WARNING] Re-wiring to GND non-driven net 't/fakernet/dp_ram_pkt_gen.port_a.o.rd'. (E:\Efinity\project\fnetriong\fakernet_module.vhd:145)
[EFX-0201 WARNING] Re-wiring to GND non-driven net 't/fakernet/dp_ram_udp_regacc.port_a.o.rd'. (E:\Efinity\project\fnetriong\fakernet_module.vhd:146)
[EFX-0201 WARNING] Re-wiring to GND non-driven net 't/fakernet/dp_ram_udp_regacc.port_b.o.wr'. (E:\Efinity\project\fnetriong\fakernet_module.vhd:146)
[EFX-0201 WARNING] Re-wiring to GND non-driven net 't/fakernet/dp_ram_udp_regidp.port_a.o.rd'. (E:\Efinity\project\fnetriong\fakernet_module.vhd:147)
[EFX-0201 WARNING] Re-wiring to GND non-driven net 't/fakernet/dp_ram_tcp_template.port_a.o.rd'. (E:\Efinity\project\fnetriong\fakernet_module.vhd:150)
[EFX-0000 INFO] ... Flat optimizations begin
[EFX-0000 INFO] ... Flat optimizations end (Real time : 0s)
[EFX-0000 INFO] ... Flat synthesis begin
[EFX-0000 INFO] ... Flat synthesis end (Real time : 0s)
[EFX-0000 INFO] ... Flat optimizations begin
[EFX-0000 INFO] ... Flat optimizations end (Real time : 0s)
[EFX-0000 INFO] ... Check and break combinational loops begin
[EFX-0000 INFO] ... Check and break combinational loops end (Real time : 0s)
[EFX-0000 INFO] ... Sequential Optimization begin
[EFX-0000 INFO] ... Clock Network clk with 3597 loads will be considered for sequential optimization.
[EFX-0000 INFO] ... Clock Network jtag_inst1_TCK with 422 loads will be considered for sequential optimization.
[EFX-0000 INFO] ... Clock Network eth_rx_clk with 304 loads will be considered for sequential optimization.
[EFX-0000 INFO] ... Inverted Clock Network clk with 10 loads will be considered for sequential optimization.
[EFX-0000 INFO] ... Sequential Optimization deduced 517 equivalent points.
[EFX-0000 INFO] ... Sequential Optimization end (Real time : 24s)
[EFX-0000 INFO] ... SOP modeling begin
[EFX-0000 INFO] ... SOP modeling end (Real time : 0s)
[EFX-0000 INFO] ... LUT mapping begin
[EFX-0000 INFO] ... LS, strategy: 3, nd: 4735, ed: 15469, lv: 7, pw: 12692.71
[EFX-0000 INFO] ... LUT mapping end (Real time : 17s)
[EFX-0000 INFO] ... Post-synthesis Verific netlist creation begin
[EFX-0000 INFO] ... Post-synthesis Verific netlist creation end (Real time : 0s)
[EFX-0000 INFO] ... Postmap Retiming Optimization begin
[EFX-0000 INFO] ... Clock Network n3 with 3531 loads will be considered for retiming optimization.
[EFX-0000 INFO] ... Clock Network n26 with 422 loads will be considered for retiming optimization.
[EFX-0000 INFO] ... Clock Network n13 with 264 loads will be considered for retiming optimization.
[EFX-0000 INFO] ... Inverted Clock Network n3 with 10 loads will be considered for retiming optimization.
[EFX-0000 INFO] ... Performed 3 retime moves.
[EFX-0000 INFO] ... Postmap Retiming Optimization end (Real time : 0s)
[EFX-0000 INFO] ... Post-synthesis Verific netlist unification/params processing begin
[EFX-0000 INFO] ... Post-synthesis Verific netlist unification/params processing end (Real time : 1s)
[EFX-0000 INFO] Resource Summary 
[EFX-0000 INFO] =============================== 
[EFX-0000 INFO] EFX_ADD         : 	752
[EFX-0000 INFO] EFX_LUT4        : 	5366
[EFX-0000 INFO] EFX_FF          : 	4171
[EFX-0000 INFO] EFX_RAM_5K      : 	116
[EFX-0000 INFO] EFX_DPRAM_5K    : 	4
[EFX-0000 INFO] EFX_GBUFCE      : 	3
[EFX-0000 INFO] =============================== 

///////////////////////////////////
// Efinity Synthesis Started 
// Mar 07, 2023 16:05:06
///////////////////////////////////

[EFX-0012 VERI-INFO] default VHDL library search path is now "E:/Efinity/2022.2/sim_models/vhdl/packages/vhdl_2008" (VHDL-1504) 
[EFX-0012 VERI-INFO] undeclared symbol 'la_capture_mask', assumed default net type 'wire' (VERI-2561) (E:/Efinity/project/fnetriong/work_dbg/debug_top.v:4368)
[EFX-0012 VERI-INFO] undeclared symbol 'next_segment_pointer_eq', assumed default net type 'wire' (VERI-2561) (E:/Efinity/project/fnetriong/work_dbg/debug_top.v:4726)
[EFX-0012 VERI-INFO] undeclared symbol 'next_segment_msb_xor', assumed default net type 'wire' (VERI-2561) (E:/Efinity/project/fnetriong/work_dbg/debug_top.v:4727)
[EFX-0011 VERI-WARNING] port 'probe4' remains unconnected for this instance (VERI-1927) (E:/Efinity/project/fnetriong/work_dbg/debug_top.v:116)
[EFX-0012 VERI-INFO] compiling module 'edb_top' (VERI-1018) (E:/Efinity/project/fnetriong/work_dbg/debug_top.v:10)
[EFX-0012 VERI-INFO] compiling module 'edb_la_top_renamed_due_excessive_length_1' (VERI-1018) (E:/Efinity/project/fnetriong/work_dbg/debug_top.v:489)
[EFX-0011 VERI-WARNING] expression size 256 truncated to fit in target size 64 (VERI-1209) (E:/Efinity/project/fnetriong/work_dbg/debug_top.v:3585)
[EFX-0012 VERI-INFO] compiling module 'edb_adbg_crc32' (VERI-1018) (E:/Efinity/project/fnetriong/work_dbg/debug_top.v:190)
[EFX-0012 VERI-INFO] compiling module 'compare_unit(WIDTH=11'b01000,PIPE=1)' (VERI-1018) (E:/Efinity/project/fnetriong/work_dbg/debug_top.v:5449)
[EFX-0012 VERI-INFO] compiling module 'compare_unit(WIDTH=11'b01,PIPE=1)' (VERI-1018) (E:/Efinity/project/fnetriong/work_dbg/debug_top.v:5449)
[EFX-0012 VERI-INFO] compiling module 'compare_unit(WIDTH=11'b0100,PIPE=1)' (VERI-1018) (E:/Efinity/project/fnetriong/work_dbg/debug_top.v:5449)
[EFX-0012 VERI-INFO] compiling module 'trigger_unit(WIDTH=32'b0100,PIPE=1)' (VERI-1018) (E:/Efinity/project/fnetriong/work_dbg/debug_top.v:5654)
[EFX-0012 VERI-INFO] compiling module 'la_biu(CAPTURE_WIDTH=32'b010001,DATA_DEPTH=2048)' (VERI-1018) (E:/Efinity/project/fnetriong/work_dbg/debug_top.v:4803)
[EFX-0012 VERI-INFO] compiling module 'fifo_with_read(DATA_WIDTH=32'b010010,ADDR_WIDTH=11)' (VERI-1018) (E:/Efinity/project/fnetriong/work_dbg/debug_top.v:4545)
[EFX-0012 VERI-INFO] compiling module 'fifo_address_trancode_unit(TOTAL_ADDR_WIDTH=11,CELL_ADDR_WIDTH=12)' (VERI-1018) (E:/Efinity/project/fnetriong/work_dbg/debug_top.v:4495)
[EFX-0012 VERI-INFO] compiling module 'edb_simple_dual_port_ram(DATA_WIDTH=32'b010010,ADDR_WIDTH=11,RAM_INIT_FILE="")' (VERI-1018) (E:/Efinity/project/fnetriong/work_dbg/debug_top.v:399)
[EFX-0012 VERI-INFO] extracting RAM for identifier 'ram' (VERI-2571) (E:/Efinity/project/fnetriong/work_dbg/debug_top.v:414)
[EFX-0012 VERI-INFO] compiling module 'debug_hub' (VERI-1018) (E:/Efinity/project/fnetriong/work_dbg/debug_top.v:268)
[EFX-0011 VERI-WARNING] input port 'probe4[0]' remains unconnected for this instance (VDB-1053) (E:/Efinity/project/fnetriong/work_dbg/debug_top.v:92)
[EFX-0000 INFO] Setting Synthesis Option: mode=speed
[EFX-0012 VERI-INFO] compiling module 'EFX_ADD' (VERI-1018) (E:/Efinity/2022.2/sim_models/maplib/efinix_maplib.v:6)
[EFX-0012 VERI-INFO] compiling module 'EFX_FF' (VERI-1018) (E:/Efinity/2022.2/sim_models/maplib/efinix_maplib.v:19)
[EFX-0012 VERI-INFO] compiling module 'EFX_COMB4' (VERI-1018) (E:/Efinity/2022.2/sim_models/maplib/efinix_maplib.v:36)
[EFX-0012 VERI-INFO] compiling module 'EFX_GBUFCE' (VERI-1018) (E:/Efinity/2022.2/sim_models/maplib/efinix_maplib.v:46)
[EFX-0012 VERI-INFO] compiling module 'EFX_IDDR' (VERI-1018) (E:/Efinity/2022.2/sim_models/maplib/efinix_maplib.v:55)
[EFX-0012 VERI-INFO] compiling module 'EFX_ODDR' (VERI-1018) (E:/Efinity/2022.2/sim_models/maplib/efinix_maplib.v:69)
[EFX-0012 VERI-INFO] compiling module 'EFX_IOBUF' (VERI-1018) (E:/Efinity/2022.2/sim_models/maplib/efinix_maplib.v:85)
[EFX-0012 VERI-INFO] compiling module 'EFX_LUT4' (VERI-1018) (E:/Efinity/2022.2/sim_models/maplib/efinix_maplib.v:97)
[EFX-0012 VERI-INFO] compiling module 'EFX_MULT' (VERI-1018) (E:/Efinity/2022.2/sim_models/maplib/efinix_maplib.v:105)
[EFX-0012 VERI-INFO] compiling module 'EFX_DSP48' (VERI-1018) (E:/Efinity/2022.2/sim_models/maplib/efinix_maplib.v:140)
[EFX-0012 VERI-INFO] compiling module 'EFX_DSP24' (VERI-1018) (E:/Efinity/2022.2/sim_models/maplib/efinix_maplib.v:196)
[EFX-0012 VERI-INFO] compiling module 'EFX_DSP12' (VERI-1018) (E:/Efinity/2022.2/sim_models/maplib/efinix_maplib.v:249)
[EFX-0012 VERI-INFO] compiling module 'EFX_RAM_4K' (VERI-1018) (E:/Efinity/2022.2/sim_models/maplib/efinix_maplib.v:302)
[EFX-0012 VERI-INFO] compiling module 'EFX_RAM_5K' (VERI-1018) (E:/Efinity/2022.2/sim_models/maplib/efinix_maplib.v:362)
[EFX-0012 VERI-INFO] compiling module 'EFX_DPRAM_5K' (VERI-1018) (E:/Efinity/2022.2/sim_models/maplib/efinix_maplib.v:434)
[EFX-0012 VERI-INFO] compiling module 'RAMB5' (VERI-1018) (E:/Efinity/2022.2/sim_models/maplib/efinix_maplib.v:539)
[EFX-0012 VERI-INFO] compiling module 'EFX_RAM_10K' (VERI-1018) (E:/Efinity/2022.2/sim_models/maplib/efinix_maplib.v:601)
[EFX-0012 VERI-INFO] compiling module 'EFX_RAM10' (VERI-1018) (E:/Efinity/2022.2/sim_models/maplib/efinix_maplib.v:693)
[EFX-0012 VERI-INFO] compiling module 'EFX_DPRAM10' (VERI-1018) (E:/Efinity/2022.2/sim_models/maplib/efinix_maplib.v:794)
[EFX-0012 VERI-INFO] compiling module 'EFX_SRL8' (VERI-1018) (E:/Efinity/2022.2/sim_models/maplib/efinix_maplib.v:924)
[EFX-0000 INFO] ... Pre-synthesis checks begin
[EFX-0200 WARNING] Removing redundant signal : compared_in[0]. (E:/Efinity/project/fnetriong/work_dbg/debug_top.v:5455)
[EFX-0200 WARNING] Removing redundant signal : mask_in[0]. (E:/Efinity/project/fnetriong/work_dbg/debug_top.v:5456)
[EFX-0200 WARNING] Removing redundant signal : trigger_in. (E:/Efinity/project/fnetriong/work_dbg/debug_top.v:5666)
[EFX-0677 INFO] Zero initialization of uninitialized memory block 'ram'. (E:/Efinity/project/fnetriong/work_dbg/debug_top.v:414)
[EFX-0200 WARNING] Removing redundant signal : din[17]. (E:/Efinity/project/fnetriong/work_dbg/debug_top.v:4558)
[EFX-0200 WARNING] Removing redundant signal : trig_out. (E:/Efinity/project/fnetriong/work_dbg/debug_top.v:4837)
[EFX-0200 WARNING] Removing redundant signal : trig_out_ack. (E:/Efinity/project/fnetriong/work_dbg/debug_top.v:4838)
[EFX-0200 WARNING] Removing redundant signal : bscan_DRCK. (E:/Efinity/project/fnetriong/work_dbg/debug_top.v:1022)
[EFX-0200 WARNING] Removing redundant signal : bscan_RUNTEST. (E:/Efinity/project/fnetriong/work_dbg/debug_top.v:1024)
[EFX-0200 WARNING] Removing redundant signal : bscan_SEL. (E:/Efinity/project/fnetriong/work_dbg/debug_top.v:1025)
[EFX-0200 WARNING] Removing redundant signal : bscan_TMS. (E:/Efinity/project/fnetriong/work_dbg/debug_top.v:1029)
[EFX-0200 WARNING] Removing redundant signal : trig_in_ack. (E:/Efinity/project/fnetriong/work_dbg/debug_top.v:1040)
[EFX-0200 WARNING] Removing redundant signal : mux_capture_cmp[3]. (E:/Efinity/project/fnetriong/work_dbg/debug_top.v:3446)
[EFX-0200 WARNING] Removing redundant signal : mux_capture_cmp[2]. (E:/Efinity/project/fnetriong/work_dbg/debug_top.v:3446)
[EFX-0200 WARNING] Removing redundant signal : mux_capture_cmp[1]. (E:/Efinity/project/fnetriong/work_dbg/debug_top.v:3446)
[EFX-0200 WARNING] Removing redundant signal : mux_capture_cmp[0]. (E:/Efinity/project/fnetriong/work_dbg/debug_top.v:3446)
[EFX-0200 WARNING] Removing redundant signal : bscan_CAPTURE. (E:/Efinity/project/fnetriong/work_dbg/debug_top.v:273)
[EFX-0200 WARNING] Removing redundant signal : bscan_DRCK. (E:/Efinity/project/fnetriong/work_dbg/debug_top.v:274)
[EFX-0200 WARNING] Removing redundant signal : bscan_RUNTEST. (E:/Efinity/project/fnetriong/work_dbg/debug_top.v:276)
[EFX-0200 WARNING] Removing redundant signal : bscan_TMS. (E:/Efinity/project/fnetriong/work_dbg/debug_top.v:281)
[EFX-0266 WARNING] Module Instance 'la0' input pin tied to constant (trig_in=0).
[EFX-0266 WARNING] Module Instance 'la0' input pin tied to constant (trig_out_ack=0).
[EFX-0201 WARNING] Re-wiring to GND non-driven net 'la0.probe4[0]'. (E:/Efinity/project/fnetriong/work_dbg/debug_top.v:92)
[EFX-0201 WARNING] Re-wiring to GND non-driven net 'la0.probe5[0]'. (E:/Efinity/project/fnetriong/work_dbg/debug_top.v:92)
[EFX-0201 WARNING] Re-wiring to GND non-driven net 'la0.probe6[0]'. (E:/Efinity/project/fnetriong/work_dbg/debug_top.v:92)
[EFX-0201 WARNING] Re-wiring to GND non-driven net 'la0.probe7[0]'. (E:/Efinity/project/fnetriong/work_dbg/debug_top.v:92)
[EFX-0201 WARNING] Re-wiring to GND non-driven net 'la0.probe8[0]'. (E:/Efinity/project/fnetriong/work_dbg/debug_top.v:92)
[EFX-0201 WARNING] Re-wiring to GND non-driven net 'la0.probe9[0]'. (E:/Efinity/project/fnetriong/work_dbg/debug_top.v:92)
[EFX-0201 WARNING] Re-wiring to GND non-driven net 'la0.probe10[0]'. (E:/Efinity/project/fnetriong/work_dbg/debug_top.v:92)
[EFX-0201 WARNING] Re-wiring to GND non-driven net 'la0.probe11[0]'. (E:/Efinity/project/fnetriong/work_dbg/debug_top.v:92)
[EFX-0201 WARNING] Re-wiring to GND non-driven net 'la0.probe12[0]'. (E:/Efinity/project/fnetriong/work_dbg/debug_top.v:92)
[EFX-0201 WARNING] Re-wiring to GND non-driven net 'la0.probe13[0]'. (E:/Efinity/project/fnetriong/work_dbg/debug_top.v:92)
[EFX-0000 INFO] ... Pre-synthesis checks end (Real time : 0s)
[EFX-0000 INFO] ... NameSpace init begin
[EFX-0000 INFO] ... NameSpace init end (Real time : 0s)
[EFX-0000 INFO] ... Mapping design "edb_top"
[EFX-0000 INFO] ... Hierarchical pre-synthesis "edb_adbg_crc32" begin
[EFX-0000 INFO] ... Hierarchical pre-synthesis "edb_adbg_crc32" end (Real time : 0s)
[EFX-0000 INFO] ... Hierarchical pre-synthesis "compare_unit(WIDTH=11'b01000,PIPE=1)" begin
[EFX-0000 INFO] ... Hierarchical pre-synthesis "compare_unit(WIDTH=11'b01000,PIPE=1)" end (Real time : 0s)
[EFX-0000 INFO] ... Hierarchical pre-synthesis "compare_unit(WIDTH=11'b01,PIPE=1)" begin
[EFX-0000 INFO] ... Hierarchical pre-synthesis "compare_unit(WIDTH=11'b01,PIPE=1)" end (Real time : 0s)
[EFX-0000 INFO] ... Hierarchical pre-synthesis "compare_unit(WIDTH=11'b0100,PIPE=1)" begin
[EFX-0000 INFO] ... Hierarchical pre-synthesis "compare_unit(WIDTH=11'b0100,PIPE=1)" end (Real time : 0s)
[EFX-0000 INFO] ... Hierarchical pre-synthesis "trigger_unit(WIDTH=32'b0100,PIPE=1)" begin
[EFX-0000 INFO] ... Hierarchical pre-synthesis "trigger_unit(WIDTH=32'b0100,PIPE=1)" end (Real time : 0s)
[EFX-0000 INFO] ... Hierarchical pre-synthesis "fifo_address_trancode_unit(TOTAL_ADDR_WIDTH=11,CELL_ADDR_WIDTH=12)" begin
[EFX-0000 INFO] ... Hierarchical pre-synthesis "fifo_address_trancode_unit(TOTAL_ADDR_WIDTH=11,CELL_ADDR_WIDTH=12)" end (Real time : 0s)
[EFX-0000 INFO] ... Hierarchical pre-synthesis "edb_simple_dual_port_ram(DATA_WIDTH=32'b010010,ADDR_WIDTH=11,RAM_INIT_FILE="")" begin
[EFX-0000 INFO] ... Hierarchical pre-synthesis "edb_simple_dual_port_ram(DATA_WIDTH=32'b010010,ADDR_WIDTH=11,RAM_INIT_FILE="")" end (Real time : 0s)
[EFX-0000 INFO] ... Hierarchical pre-synthesis "fifo_with_read(DATA_WIDTH=32'b010010,ADDR_WIDTH=11)" begin
[EFX-0000 INFO] ... Hierarchical pre-synthesis "fifo_with_read(DATA_WIDTH=32'b010010,ADDR_WIDTH=11)" end (Real time : 0s)
[EFX-0000 INFO] ... Hierarchical pre-synthesis "la_biu(CAPTURE_WIDTH=32'b010001,DATA_DEPTH=2048)" begin
[EFX-0000 INFO] ... Hierarchical pre-synthesis "la_biu(CAPTURE_WIDTH=32'b010001,DATA_DEPTH=2048)" end (Real time : 1s)
[EFX-0000 INFO] ... Hierarchical pre-synthesis "edb_la_top_renamed_due_excessive_length_1" begin
[EFX-0000 INFO] ... Hierarchical pre-synthesis "edb_la_top_renamed_due_excessive_length_1" end (Real time : 0s)
[EFX-0000 INFO] ... Hierarchical pre-synthesis "debug_hub" begin
[EFX-0000 INFO] ... Hierarchical pre-synthesis "debug_hub" end (Real time : 0s)
[EFX-0000 INFO] ... Hierarchical pre-synthesis "edb_top" begin
[EFX-0000 INFO] ... Clock Enable Synthesis Performed on 132 flops.
[EFX-0000 INFO] ... Hierarchical pre-synthesis "edb_top" end (Real time : 0s)
[EFX-0000 INFO] ... Flat optimizations begin
[EFX-0000 INFO] ... Flat optimizations end (Real time : 0s)
[EFX-0000 INFO] ... Flat synthesis begin
[EFX-0000 INFO] ... Flat synthesis end (Real time : 0s)
[EFX-0000 INFO] ... Flat optimizations begin
[EFX-0000 INFO] ... Flat optimizations end (Real time : 0s)
[EFX-0000 INFO] ... Check and break combinational loops begin
[EFX-0000 INFO] ... Check and break combinational loops end (Real time : 0s)
[EFX-0000 INFO] ... Sequential Optimization begin
[EFX-0000 INFO] ... Clock Network bscan_TCK with 428 loads will be considered for sequential optimization.
[EFX-0000 INFO] ... Clock Network la0_clk with 264 loads will be considered for sequential optimization.
[EFX-0000 INFO] ... Sequential Optimization deduced 279 equivalent points.
[EFX-0000 INFO] ... Sequential Optimization end (Real time : 11s)
[EFX-0000 INFO] ... SOP modeling begin
[EFX-0000 INFO] ... SOP modeling end (Real time : 0s)
[EFX-0000 INFO] ... LUT mapping begin
[EFX-0000 INFO] ... LS, strategy: 3, nd: 736, ed: 2431, lv: 7, pw: 1545.92
[EFX-0000 INFO] ... LUT mapping end (Real time : 3s)
[EFX-0000 INFO] ... Post-synthesis Verific netlist creation begin
[EFX-0000 INFO] ... Post-synthesis Verific netlist creation end (Real time : 0s)
[EFX-0000 INFO] ... Postmap Retiming Optimization begin
[EFX-0000 INFO] ... Clock Network n9 with 428 loads will be considered for retiming optimization.
[EFX-0000 INFO] ... Clock Network n13 with 264 loads will be considered for retiming optimization.
[EFX-0000 INFO] ... Performed 0 retime moves.
[EFX-0000 INFO] ... Postmap Retiming Optimization end (Real time : 0s)
[EFX-0000 INFO] ... Post-synthesis Verific netlist unification/params processing begin
[EFX-0000 INFO] ... Post-synthesis Verific netlist unification/params processing end (Real time : 0s)
[EFX-0011 VERI-WARNING] Input/Inout Port bscan_DRCK is unconnected and will be removed 
[EFX-0011 VERI-WARNING] Input/Inout Port bscan_RUNTEST is unconnected and will be removed 
[EFX-0011 VERI-WARNING] Input/Inout Port bscan_TMS is unconnected and will be removed 
[EFX-0012 VERI-INFO] Found 3 warnings in the post-synthesis netlist. 
[EFX-0000 INFO] Resource Summary 
[EFX-0000 INFO] =============================== 
[EFX-0000 INFO] EFX_ADD         : 	97
[EFX-0000 INFO] EFX_LUT4        : 	724
[EFX-0000 INFO] EFX_FF          : 	672
[EFX-0000 INFO] EFX_RAM_5K      : 	9
[EFX-0000 INFO] EFX_GBUFCE      : 	2
[EFX-0000 INFO] =============================== 

///////////////////////////////////
// Efinity Synthesis Started 
// Mar 07, 2023 16:05:26
///////////////////////////////////

[EFX-0000 INFO] Setting Synthesis Option: mode=speed
[EFX-0000 INFO] ... Pre-synthesis checks begin
[EFX-0266 WARNING] Module Instance 'fifo' input pin tied to constant (out_want_b=1).
[EFX-0200 WARNING] Removing redundant signal : start_found. (E:\Efinity\project\fnetriong\efnet_octet_to_word.vhd:60)
[EFX-0200 WARNING] Removing redundant signal : packet_start. (E:\Efinity\project\fnetriong\efnet_octet_to_word.vhd:62)
[EFX-0200 WARNING] Removing redundant signal : packet_end. (E:\Efinity\project\fnetriong\efnet_octet_to_word.vhd:63)
[EFX-0200 WARNING] Removing redundant signal : word[15]. (E:\Efinity\project\fnetriong\efnet_octet_to_word.vhd:65)
[EFX-0200 WARNING] Removing redundant signal : word[14]. (E:\Efinity\project\fnetriong\efnet_octet_to_word.vhd:65)
[EFX-0200 WARNING] Removing redundant signal : word[13]. (E:\Efinity\project\fnetriong\efnet_octet_to_word.vhd:65)
[EFX-0200 WARNING] Removing redundant signal : word[12]. (E:\Efinity\project\fnetriong\efnet_octet_to_word.vhd:65)
[EFX-0200 WARNING] Removing redundant signal : word[11]. (E:\Efinity\project\fnetriong\efnet_octet_to_word.vhd:65)
[EFX-0200 WARNING] Removing redundant signal : word[10]. (E:\Efinity\project\fnetriong\efnet_octet_to_word.vhd:65)
[EFX-0200 WARNING] Removing redundant signal : word[9]. (E:\Efinity\project\fnetriong\efnet_octet_to_word.vhd:65)
[EFX-0200 WARNING] Removing redundant signal : word[8]. (E:\Efinity\project\fnetriong\efnet_octet_to_word.vhd:65)
[EFX-0200 WARNING] Removing redundant signal : word[7]. (E:\Efinity\project\fnetriong\efnet_octet_to_word.vhd:65)
[EFX-0200 WARNING] Removing redundant signal : word[6]. (E:\Efinity\project\fnetriong\efnet_octet_to_word.vhd:65)
[EFX-0200 WARNING] Removing redundant signal : word[5]. (E:\Efinity\project\fnetriong\efnet_octet_to_word.vhd:65)
[EFX-0200 WARNING] Removing redundant signal : word[4]. (E:\Efinity\project\fnetriong\efnet_octet_to_word.vhd:65)
[EFX-0200 WARNING] Removing redundant signal : word[3]. (E:\Efinity\project\fnetriong\efnet_octet_to_word.vhd:65)
[EFX-0200 WARNING] Removing redundant signal : word[2]. (E:\Efinity\project\fnetriong\efnet_octet_to_word.vhd:65)
[EFX-0200 WARNING] Removing redundant signal : word[1]. (E:\Efinity\project\fnetriong\efnet_octet_to_word.vhd:65)
[EFX-0200 WARNING] Removing redundant signal : word[0]. (E:\Efinity\project\fnetriong\efnet_octet_to_word.vhd:65)
[EFX-0200 WARNING] Removing redundant signal : octet_counter[0]. (E:\Efinity\project\fnetriong\efnet_octet_to_word.vhd:66)
[EFX-0266 WARNING] Module Instance 'out_sm' input pin tied to constant (idx_tcp_prep[0][31]=0).
[EFX-0266 WARNING] Module Instance 'out_sm' input pin tied to constant (idx_tcp_prep[0][30]=0).
[EFX-0266 WARNING] Module Instance 'out_sm' input pin tied to constant (idx_tcp_prep[0][29]=0).
[EFX-0266 WARNING] Module Instance 'out_sm' input pin tied to constant (idx_tcp_prep[0][28]=0).
[EFX-0266 WARNING] Module Instance 'out_sm' input pin tied to constant (idx_tcp_prep[0][27]=0).
[EFX-0266 WARNING] Module Instance 'out_sm' input pin tied to constant (idx_tcp_prep[0][26]=0).
[EFX-0266 WARNING] Module Instance 'out_sm' input pin tied to constant (idx_tcp_prep[0][25]=0).
[EFX-0266 WARNING] Module Instance 'out_sm' input pin tied to constant (idx_tcp_prep[0][24]=0).
[EFX-0266 WARNING] Module Instance 'out_sm' input pin tied to constant (idx_tcp_prep[0][23]=0).
[EFX-0266 WARNING] Module Instance 'out_sm' input pin tied to constant (idx_tcp_prep[0][22]=0).
[EFX-0266 WARNING] Module Instance 'out_sm' input pin tied to constant (idx_tcp_prep[0][21]=0).
[EFX-0266 WARNING] Module Instance 'out_sm' input pin tied to constant (idx_tcp_prep[0][20]=0).
[EFX-0266 WARNING] Module Instance 'out_sm' input pin tied to constant (idx_tcp_prep[0][19]=0).
[EFX-0266 WARNING] Module Instance 'out_sm' input pin tied to constant (idx_tcp_prep[0][18]=0).
[EFX-0266 WARNING] Module Instance 'out_sm' input pin tied to constant (idx_tcp_prep[0][17]=0).
[EFX-0266 WARNING] Module Instance 'out_sm' input pin tied to constant (idx_tcp_prep[0][16]=0).
[EFX-0266 WARNING] Module Instance 'out_sm' input pin tied to constant (idx_tcp_prep[0][15]=0).
[EFX-0266 WARNING] Module Instance 'out_sm' input pin tied to constant (idx_tcp_prep[0][14]=0).
[EFX-0266 WARNING] Module Instance 'out_sm' input pin tied to constant (idx_tcp_prep[0][13]=0).
[EFX-0266 WARNING] Module Instance 'out_sm' input pin tied to constant (idx_tcp_prep[0][12]=0).
[EFX-0266 WARNING] Module Instance 'out_sm' input pin tied to constant (idx_tcp_prep[0][11]=0).
[EFX-0266 WARNING] Module Instance 'out_sm' input pin tied to constant (idx_tcp_prep[0][10]=0).
[EFX-0266 WARNING] Module Instance 'out_sm' input pin tied to constant (idx_tcp_prep[0][9]=0).
[EFX-0266 WARNING] Module Instance 'out_sm' input pin tied to constant (idx_tcp_prep[0][8]=0).
[EFX-0266 WARNING] Module Instance 'out_sm' input pin tied to constant (idx_tcp_prep[0][7]=0).
[EFX-0266 WARNING] Module Instance 'out_sm' input pin tied to constant (idx_tcp_prep[0][6]=0).
[EFX-0266 WARNING] Module Instance 'out_sm' input pin tied to constant (idx_tcp_prep[0][5]=0).
[EFX-0266 WARNING] Module Instance 'out_sm' input pin tied to constant (idx_tcp_prep[0][4]=0).
[EFX-0266 WARNING] Module Instance 'out_sm' input pin tied to constant (idx_tcp_prep[0][3]=0).
[EFX-0266 WARNING] Module Instance 'out_sm' input pin tied to constant (idx_tcp_prep[0][2]=1).
[EFX-0266 WARNING] Module Instance 'out_sm' input pin tied to constant (idx_tcp_prep[0][1]=0).
[EFX-0266 WARNING] Module Instance 'out_sm' input pin tied to constant (idx_tcp_prep[0][0]=1).
[EFX-0266 WARNING] Module Instance 'out_sm' input pin tied to constant (idx_tcp_prep[1][31]=0).
[EFX-0266 WARNING] Module Instance 'out_sm' input pin tied to constant (idx_tcp_prep[1][30]=0).
[EFX-0266 WARNING] Module Instance 'out_sm' input pin tied to constant (idx_tcp_prep[1][29]=0).
[EFX-0266 WARNING] Module Instance 'out_sm' input pin tied to constant (idx_tcp_prep[1][28]=0).
[EFX-0266 WARNING] Module Instance 'out_sm' input pin tied to constant (idx_tcp_prep[1][27]=0).
[EFX-0266 WARNING] Module Instance 'out_sm' input pin tied to constant (idx_tcp_prep[1][26]=0).
[EFX-0266 WARNING] Module Instance 'out_sm' input pin tied to constant (idx_tcp_prep[1][25]=0).
[EFX-0266 WARNING] Module Instance 'out_sm' input pin tied to constant (idx_tcp_prep[1][24]=0).
[EFX-0266 WARNING] Module Instance 'out_sm' input pin tied to constant (idx_tcp_prep[1][23]=0).
[EFX-0266 WARNING] Module Instance 'out_sm' input pin tied to constant (idx_tcp_prep[1][22]=0).
[EFX-0266 WARNING] Module Instance 'out_sm' input pin tied to constant (idx_tcp_prep[1][21]=0).
[EFX-0266 WARNING] Module Instance 'out_sm' input pin tied to constant (idx_tcp_prep[1][20]=0).
[EFX-0266 WARNING] Module Instance 'out_sm' input pin tied to constant (idx_tcp_prep[1][19]=0).
[EFX-0266 WARNING] Module Instance 'out_sm' input pin tied to constant (idx_tcp_prep[1][18]=0).
[EFX-0266 WARNING] Module Instance 'out_sm' input pin tied to constant (idx_tcp_prep[1][17]=0).
[EFX-0266 WARNING] Module Instance 'out_sm' input pin tied to constant (idx_tcp_prep[1][16]=0).
[EFX-0266 WARNING] Module Instance 'out_sm' input pin tied to constant (idx_tcp_prep[1][15]=0).
[EFX-0266 WARNING] Module Instance 'out_sm' input pin tied to constant (idx_tcp_prep[1][14]=0).
[EFX-0266 WARNING] Module Instance 'out_sm' input pin tied to constant (idx_tcp_prep[1][13]=0).
[EFX-0266 WARNING] Module Instance 'out_sm' input pin tied to constant (idx_tcp_prep[1][12]=0).
[EFX-0266 WARNING] Module Instance 'out_sm' input pin tied to constant (idx_tcp_prep[1][11]=0).
[EFX-0266 WARNING] Module Instance 'out_sm' input pin tied to constant (idx_tcp_prep[1][10]=0).
[EFX-0266 WARNING] Module Instance 'out_sm' input pin tied to constant (idx_tcp_prep[1][9]=0).
[EFX-0266 WARNING] Module Instance 'out_sm' input pin tied to constant (idx_tcp_prep[1][8]=0).
[EFX-0266 WARNING] Module Instance 'out_sm' input pin tied to constant (idx_tcp_prep[1][7]=0).
[EFX-0266 WARNING] Module Instance 'out_sm' input pin tied to constant (idx_tcp_prep[1][6]=0).
[EFX-0266 WARNING] Module Instance 'out_sm' input pin tied to constant (idx_tcp_prep[1][5]=0).
[EFX-0266 WARNING] Module Instance 'out_sm' input pin tied to constant (idx_tcp_prep[1][4]=0).
[EFX-0266 WARNING] Module Instance 'out_sm' input pin tied to constant (idx_tcp_prep[1][3]=0).
[EFX-0266 WARNING] Module Instance 'out_sm' input pin tied to constant (idx_tcp_prep[1][2]=1).
[EFX-0266 WARNING] Module Instance 'out_sm' input pin tied to constant (idx_tcp_prep[1][1]=1).
[EFX-0266 WARNING] Module Instance 'out_sm' input pin tied to constant (idx_tcp_prep[1][0]=0).
[EFX-0266 WARNING] Module Instance 'out_sm' input pin tied to constant (idx_gen[31]=0).
[EFX-0266 WARNING] Module Instance 'out_sm' input pin tied to constant (idx_gen[30]=0).
[EFX-0266 WARNING] Module Instance 'out_sm' input pin tied to constant (idx_gen[29]=0).
[EFX-0266 WARNING] Module Instance 'out_sm' input pin tied to constant (idx_gen[28]=0).
[EFX-0266 WARNING] Module Instance 'out_sm' input pin tied to constant (idx_gen[27]=0).
[EFX-0266 WARNING] Module Instance 'out_sm' input pin tied to constant (idx_gen[26]=0).
[EFX-0266 WARNING] Module Instance 'out_sm' input pin tied to constant (idx_gen[25]=0).
[EFX-0266 WARNING] Module Instance 'out_sm' input pin tied to constant (idx_gen[24]=0).
[EFX-0266 WARNING] Module Instance 'out_sm' input pin tied to constant (idx_gen[23]=0).
[EFX-0266 WARNING] Module Instance 'out_sm' input pin tied to constant (idx_gen[22]=0).
[EFX-0266 WARNING] Module Instance 'out_sm' input pin tied to constant (idx_gen[21]=0).
[EFX-0266 WARNING] Module Instance 'out_sm' input pin tied to constant (idx_gen[20]=0).
[EFX-0266 WARNING] Module Instance 'out_sm' input pin tied to constant (idx_gen[19]=0).
[EFX-0266 WARNING] Module Instance 'out_sm' input pin tied to constant (idx_gen[18]=0).
[EFX-0266 WARNING] Module Instance 'out_sm' input pin tied to constant (idx_gen[17]=0).
[EFX-0266 WARNING] Module Instance 'out_sm' input pin tied to constant (idx_gen[16]=0).
[EFX-0266 WARNING] Module Instance 'out_sm' input pin tied to constant (idx_gen[15]=0).
[EFX-0266 WARNING] Module Instance 'out_sm' input pin tied to constant (idx_gen[14]=0).
[EFX-0266 WARNING] Module Instance 'out_sm' input pin tied to constant (idx_gen[13]=0).
[EFX-0266 WARNING] Module Instance 'out_sm' input pin tied to constant (idx_gen[12]=0).
[EFX-0266 WARNING] Module Instance 'out_sm' input pin tied to constant (idx_gen[11]=0).
[EFX-0266 WARNING] Module Instance 'out_sm' input pin tied to constant (idx_gen[10]=0).
[EFX-0266 WARNING] Module Instance 'out_sm' input pin tied to constant (idx_gen[9]=0).
[EFX-0266 WARNING] Module Instance 'out_sm' input pin tied to constant (idx_gen[8]=0).
[EFX-0266 WARNING] Module Instance 'out_sm' input pin tied to constant (idx_gen[7]=0).
[EFX-0266 WARNING] Module Instance 'out_sm' input pin tied to constant (idx_gen[6]=0).
[EFX-0266 WARNING] Module Instance 'out_sm' input pin tied to constant (idx_gen[5]=0).
[EFX-0266 WARNING] Module Instance 'out_sm' input pin tied to constant (idx_gen[4]=0).
[EFX-0266 WARNING] Module Instance 'out_sm' input pin tied to constant (idx_gen[3]=0).
[EFX-0266 WARNING] Module Instance 'out_sm' input pin tied to constant (idx_gen[2]=0).
[EFX-0266 WARNING] Module Instance 'out_sm' input pin tied to constant (idx_gen[1]=0).
[EFX-0266 WARNING] Module Instance 'out_sm' input pin tied to constant (idx_gen[0]=1).
[EFX-0266 WARNING] Module Instance 'mdio' input pin tied to constant (b_req_data[31]=0).
[EFX-0266 WARNING] Module Instance 'mdio' input pin tied to constant (b_req_data[30]=0).
[EFX-0266 WARNING] Module Instance 'mdio' input pin tied to constant (b_req_data[29]=0).
[EFX-0201 WARNING] Re-wiring to GND non-driven net 'ram_udp_regidp.prod2.set_again'. (E:\Efinity\project\fnetriong\fakernet_module.vhd:134)
[EFX-0201 WARNING] Re-wiring to GND non-driven net 'ram_tcp_template.prod2.set_again'. (E:\Efinity\project\fnetriong\fakernet_module.vhd:136)
[EFX-0201 WARNING] Re-wiring to GND non-driven net 'ram_tcp_prep2[0].prod2.set_again'. (E:\Efinity\project\fnetriong\fakernet_module.vhd:137)
[EFX-0201 WARNING] Re-wiring to GND non-driven net 'ram_tcp_prep2[1].prod2.set_again'. (E:\Efinity\project\fnetriong\fakernet_module.vhd:137)
[EFX-0000 INFO] ... Pre-synthesis checks end (Real time : 0s)
[EFX-0000 INFO] ... NameSpace init begin
[EFX-0000 INFO] ... NameSpace init end (Real time : 0s)
[EFX-0000 INFO] ... Mapping design "fnetriong"
[EFX-0000 INFO] ... Hierarchical pre-synthesis "fnet_async_fifo(width=17)" begin
[EFX-0000 INFO] ... Hierarchical pre-synthesis "fnet_async_fifo(width=17)" end (Real time : 0s)
[EFX-0000 INFO] ... Hierarchical pre-synthesis "efnet_octet_to_word" begin
[EFX-0000 INFO] ... Hierarchical pre-synthesis "efnet_octet_to_word" end (Real time : 0s)
[EFX-0000 INFO] ... Hierarchical pre-synthesis "efb_uart_trace_mem(width=32,samples=512)" begin
[EFX-0000 INFO] ... Hierarchical pre-synthesis "efb_uart_trace_mem(width=32,samples=512)" end (Real time : 0s)
[EFX-0000 INFO] ... Hierarchical pre-synthesis "efb_uart_tx(15,0)" begin
[EFX-0000 INFO] ... Hierarchical pre-synthesis "efb_uart_tx(15,0)" end (Real time : 0s)
[EFX-0000 INFO] ... Hierarchical pre-synthesis "efnet_word_to_octet" begin
[EFX-0000 INFO] ... Hierarchical pre-synthesis "efnet_word_to_octet" end (Real time : 0s)
[EFX-0000 INFO] ... Hierarchical pre-synthesis "efnet_data_array_inject(0,0)(31,0)(0,0)(0,0)(9,0)(7,0)" begin
[EFX-0000 INFO] ... Hierarchical pre-synthesis "efnet_data_array_inject(0,0)(31,0)(0,0)(0,0)(9,0)(7,0)" end (Real time : 0s)
[EFX-0000 INFO] ... Hierarchical pre-synthesis "fnet_crc32" begin
[EFX-0000 INFO] ... Hierarchical pre-synthesis "fnet_crc32" end (Real time : 0s)
[EFX-0000 INFO] ... Hierarchical pre-synthesis "fnet_in_state" begin
[EFX-0000 INFO] ... Hierarchical pre-synthesis "fnet_in_state" end (Real time : 1s)
[EFX-0000 INFO] ... Hierarchical pre-synthesis "fnet_dyn_control" begin
[EFX-0000 INFO] ... Hierarchical pre-synthesis "fnet_dyn_control" end (Real time : 0s)
[EFX-0000 INFO] ... Hierarchical pre-synthesis "fnet_ntp_query_control" begin
[EFX-0000 INFO] ... Hierarchical pre-synthesis "fnet_ntp_query_control" end (Real time : 0s)
[EFX-0000 INFO] ... Hierarchical pre-synthesis "fnet_packet_gen" begin
[EFX-0000 INFO] ... Hierarchical pre-synthesis "fnet_packet_gen" end (Real time : 0s)
[EFX-0000 INFO] ... Hierarchical pre-synthesis "fnet_out_state" begin
[EFX-0000 INFO] ... Hierarchical pre-synthesis "fnet_out_state" end (Real time : 0s)
[EFX-0000 INFO] ... Hierarchical pre-synthesis "fnet_out_pipeline" begin
[EFX-0000 INFO] ... Hierarchical pre-synthesis "fnet_out_pipeline" end (Real time : 0s)
[EFX-0000 INFO] ... Hierarchical pre-synthesis "fnet_regaccess" begin
[EFX-0000 INFO] ... Hierarchical pre-synthesis "fnet_regaccess" end (Real time : 0s)
[EFX-0000 INFO] ... Hierarchical pre-synthesis "ram_block_a11d16" begin
[EFX-0000 INFO] ... Hierarchical pre-synthesis "ram_block_a11d16" end (Real time : 0s)
[EFX-0000 INFO] ... Hierarchical pre-synthesis "fnet_local_reg(test_regs=true,lcl_data_gen=true,limit_payload_window=true,debug_regs=true,debug_counters=true,compiletime=1)" begin
[EFX-0000 INFO] ... Hierarchical pre-synthesis "fnet_local_reg(test_regs=true,lcl_data_gen=true,limit_payload_window=true,debug_regs=true,debug_counters=true,compiletime=1)" end (Real time : 0s)
[EFX-0000 INFO] ... Hierarchical pre-synthesis "fnet_tcp_state(data_bufsize_addrbits=13)" begin
[EFX-0000 INFO] ... Hierarchical pre-synthesis "fnet_tcp_state(data_bufsize_addrbits=13)" end (Real time : 0s)
[EFX-0000 INFO] ... Hierarchical pre-synthesis "fnet_tcp_control(data_bufsize_addrbits=13)" begin
[EFX-0000 INFO] ... Hierarchical pre-synthesis "fnet_tcp_control(data_bufsize_addrbits=13)" end (Real time : 0s)
[EFX-0000 INFO] ... Hierarchical pre-synthesis "fnet_tcp_prepare(data_bufsize_addrbits=13)(12,0)(31,0)" begin
[EFX-0000 INFO] ... Hierarchical pre-synthesis "fnet_tcp_prepare(data_bufsize_addrbits=13)(12,0)(31,0)" end (Real time : 0s)
[EFX-0000 INFO] ... Hierarchical pre-synthesis "fnet_tcp_buffer(data_bufsize_addrbits=13)(9,0)(7,0)(7,0)(5,0)(12,0)(31,0)" begin
[EFX-0000 INFO] ... Hierarchical pre-synthesis "fnet_tcp_buffer(data_bufsize_addrbits=13)(9,0)(7,0)(7,0)(5,0)(12,0)(31,0)" end (Real time : 0s)
[EFX-0000 INFO] ... Hierarchical pre-synthesis "fnet_test_datagen(data_bufsize_addrbits=13)" begin
[EFX-0000 INFO] ... Hierarchical pre-synthesis "fnet_test_datagen(data_bufsize_addrbits=13)" end (Real time : 0s)
[EFX-0000 INFO] ... Hierarchical pre-synthesis "fnet_ram_block_data(addrbits=13)" begin
[EFX-0000 INFO] ... Hierarchical pre-synthesis "fnet_ram_block_data(addrbits=13)" end (Real time : 0s)
[EFX-0000 INFO] ... Hierarchical pre-synthesis "fnet_ram_block_stat" begin
[EFX-0000 INFO] ... Hierarchical pre-synthesis "fnet_ram_block_stat" end (Real time : 0s)
[EFX-0000 INFO] ... Hierarchical pre-synthesis "fnet_regacc_aux_stat" begin
[EFX-0000 INFO] ... Hierarchical pre-synthesis "fnet_regacc_aux_stat" end (Real time : 0s)
[EFX-0000 INFO] ... Hierarchical pre-synthesis "fnet_mdio" begin
[EFX-0000 INFO] ... Hierarchical pre-synthesis "fnet_mdio" end (Real time : 0s)
[EFX-0000 INFO] ... Hierarchical pre-synthesis "fakernet_module(data_bufsize_addrbits=13,compiletime=1)(9,0)(7,0)" begin
[EFX-0000 INFO] ... Hierarchical pre-synthesis "fakernet_module(data_bufsize_addrbits=13,compiletime=1)(9,0)(7,0)" end (Real time : 1s)
[EFX-0000 INFO] ... Hierarchical pre-synthesis "efb_common_top(clk_freq=125000000)(0,-1)(31,0)(0,-1)(0,-1)" begin
[EFX-0000 INFO] ... Hierarchical pre-synthesis "efb_common_top(clk_freq=125000000)(0,-1)(31,0)(0,-1)(0,-1)" end (Real time : 1s)
[EFX-0000 INFO] ... Hierarchical pre-synthesis "edb_top" begin
[EFX-0000 INFO] ... Hierarchical pre-synthesis "edb_top" end (Real time : 0s)
[EFX-0000 INFO] ... Hierarchical pre-synthesis "fnetriong" begin
[EFX-0000 INFO] ... Clock Enable Synthesis Performed on 694 flops.
[EFX-0000 INFO] ... Hierarchical pre-synthesis "fnetriong" end (Real time : 1s)
[EFX-0201 WARNING] Re-wiring to GND non-driven net 't/fakernet/dp_ram_arp_icmp.port_a.o.rd'. (E:\Efinity\project\fnetriong\fakernet_module.vhd:144)
[EFX-0201 WARNING] Re-wiring to GND non-driven net 't/fakernet/dp_ram_pkt_gen.port_a.o.rd'. (E:\Efinity\project\fnetriong\fakernet_module.vhd:145)
[EFX-0201 WARNING] Re-wiring to GND non-driven net 't/fakernet/dp_ram_udp_regacc.port_a.o.rd'. (E:\Efinity\project\fnetriong\fakernet_module.vhd:146)
[EFX-0201 WARNING] Re-wiring to GND non-driven net 't/fakernet/dp_ram_udp_regacc.port_b.o.wr'. (E:\Efinity\project\fnetriong\fakernet_module.vhd:146)
[EFX-0201 WARNING] Re-wiring to GND non-driven net 't/fakernet/dp_ram_udp_regidp.port_a.o.rd'. (E:\Efinity\project\fnetriong\fakernet_module.vhd:147)
[EFX-0201 WARNING] Re-wiring to GND non-driven net 't/fakernet/dp_ram_tcp_template.port_a.o.rd'. (E:\Efinity\project\fnetriong\fakernet_module.vhd:150)
[EFX-0000 INFO] ... Flat optimizations begin
[EFX-0000 INFO] ... Flat optimizations end (Real time : 0s)
[EFX-0000 INFO] ... Flat synthesis begin
[EFX-0000 INFO] ... Flat synthesis end (Real time : 0s)
[EFX-0000 INFO] ... Flat optimizations begin
[EFX-0000 INFO] ... Flat optimizations end (Real time : 0s)
[EFX-0000 INFO] ... Check and break combinational loops begin
[EFX-0000 INFO] ... Check and break combinational loops end (Real time : 0s)
[EFX-0000 INFO] ... Sequential Optimization begin
[EFX-0000 INFO] ... Clock Network clk with 3597 loads will be considered for sequential optimization.
[EFX-0000 INFO] ... Clock Network jtag_inst1_TCK with 422 loads will be considered for sequential optimization.
[EFX-0000 INFO] ... Clock Network eth_rx_clk with 304 loads will be considered for sequential optimization.
[EFX-0000 INFO] ... Inverted Clock Network clk with 10 loads will be considered for sequential optimization.
[EFX-0000 INFO] ... Sequential Optimization deduced 515 equivalent points.
[EFX-0000 INFO] ... Sequential Optimization end (Real time : 24s)
[EFX-0000 INFO] ... SOP modeling begin
[EFX-0000 INFO] ... SOP modeling end (Real time : 0s)
[EFX-0000 INFO] ... LUT mapping begin
[EFX-0000 INFO] ... LS, strategy: 3, nd: 4742, ed: 15494, lv: 7, pw: 12693.12
[EFX-0000 INFO] ... LUT mapping end (Real time : 16s)
[EFX-0000 INFO] ... Post-synthesis Verific netlist creation begin
[EFX-0000 INFO] ... Post-synthesis Verific netlist creation end (Real time : 1s)
[EFX-0000 INFO] ... Postmap Retiming Optimization begin
[EFX-0000 INFO] ... Clock Network n3 with 3531 loads will be considered for retiming optimization.
[EFX-0000 INFO] ... Clock Network n26 with 422 loads will be considered for retiming optimization.
[EFX-0000 INFO] ... Clock Network n13 with 264 loads will be considered for retiming optimization.
[EFX-0000 INFO] ... Inverted Clock Network n3 with 10 loads will be considered for retiming optimization.
[EFX-0000 INFO] ... Performed 4 retime moves.
[EFX-0000 INFO] ... Postmap Retiming Optimization end (Real time : 0s)
[EFX-0000 INFO] ... Post-synthesis Verific netlist unification/params processing begin
[EFX-0000 INFO] ... Post-synthesis Verific netlist unification/params processing end (Real time : 0s)
[EFX-0000 INFO] Resource Summary 
[EFX-0000 INFO] =============================== 
[EFX-0000 INFO] EFX_ADD         : 	752
[EFX-0000 INFO] EFX_LUT4        : 	5379
[EFX-0000 INFO] EFX_FF          : 	4174
[EFX-0000 INFO] EFX_RAM_5K      : 	116
[EFX-0000 INFO] EFX_DPRAM_5K    : 	4
[EFX-0000 INFO] EFX_GBUFCE      : 	3
[EFX-0000 INFO] =============================== 

///////////////////////////////////
// Efinity Synthesis Started 
// Mar 07, 2023 16:41:58
///////////////////////////////////

[EFX-0012 VERI-INFO] default VHDL library search path is now "E:/Efinity/2022.2/sim_models/vhdl/packages/vhdl_2008" (VHDL-1504) 
[EFX-0012 VERI-INFO] undeclared symbol 'la_capture_mask', assumed default net type 'wire' (VERI-2561) (E:/Efinity/project/fnetriong/work_dbg/debug_top.v:4421)
[EFX-0012 VERI-INFO] undeclared symbol 'next_segment_pointer_eq', assumed default net type 'wire' (VERI-2561) (E:/Efinity/project/fnetriong/work_dbg/debug_top.v:4779)
[EFX-0012 VERI-INFO] undeclared symbol 'next_segment_msb_xor', assumed default net type 'wire' (VERI-2561) (E:/Efinity/project/fnetriong/work_dbg/debug_top.v:4780)
[EFX-0011 VERI-WARNING] port 'probe4' remains unconnected for this instance (VERI-1927) (E:/Efinity/project/fnetriong/work_dbg/debug_top.v:126)
[EFX-0011 VERI-WARNING] port 'probe4' remains unconnected for this instance (VERI-1927) (E:/Efinity/project/fnetriong/work_dbg/debug_top.v:169)
[EFX-0012 VERI-INFO] compiling module 'edb_top' (VERI-1018) (E:/Efinity/project/fnetriong/work_dbg/debug_top.v:10)
[EFX-0012 VERI-INFO] compiling module 'edb_la_top_renamed_due_excessive_length_1' (VERI-1018) (E:/Efinity/project/fnetriong/work_dbg/debug_top.v:542)
[EFX-0011 VERI-WARNING] expression size 256 truncated to fit in target size 64 (VERI-1209) (E:/Efinity/project/fnetriong/work_dbg/debug_top.v:3638)
[EFX-0012 VERI-INFO] compiling module 'edb_adbg_crc32' (VERI-1018) (E:/Efinity/project/fnetriong/work_dbg/debug_top.v:243)
[EFX-0012 VERI-INFO] compiling module 'compare_unit(WIDTH=11'b01000,PIPE=1)' (VERI-1018) (E:/Efinity/project/fnetriong/work_dbg/debug_top.v:5502)
[EFX-0012 VERI-INFO] compiling module 'compare_unit(WIDTH=11'b01,PIPE=1)' (VERI-1018) (E:/Efinity/project/fnetriong/work_dbg/debug_top.v:5502)
[EFX-0012 VERI-INFO] compiling module 'compare_unit(WIDTH=11'b0100,PIPE=1)' (VERI-1018) (E:/Efinity/project/fnetriong/work_dbg/debug_top.v:5502)
[EFX-0012 VERI-INFO] compiling module 'trigger_unit(WIDTH=32'b0100,PIPE=1)' (VERI-1018) (E:/Efinity/project/fnetriong/work_dbg/debug_top.v:5707)
[EFX-0012 VERI-INFO] compiling module 'la_biu(CAPTURE_WIDTH=32'b010001)' (VERI-1018) (E:/Efinity/project/fnetriong/work_dbg/debug_top.v:4856)
[EFX-0012 VERI-INFO] compiling module 'fifo_with_read(DATA_WIDTH=32'b010010)' (VERI-1018) (E:/Efinity/project/fnetriong/work_dbg/debug_top.v:4598)
[EFX-0012 VERI-INFO] compiling module 'fifo_address_trancode_unit' (VERI-1018) (E:/Efinity/project/fnetriong/work_dbg/debug_top.v:4548)
[EFX-0012 VERI-INFO] compiling module 'edb_simple_dual_port_ram(DATA_WIDTH=32'b010010,ADDR_WIDTH=10,RAM_INIT_FILE="")' (VERI-1018) (E:/Efinity/project/fnetriong/work_dbg/debug_top.v:452)
[EFX-0012 VERI-INFO] extracting RAM for identifier 'ram' (VERI-2571) (E:/Efinity/project/fnetriong/work_dbg/debug_top.v:467)
[EFX-0012 VERI-INFO] compiling module 'edb_la_top_renamed_due_excessive_length_2' (VERI-1018) (E:/Efinity/project/fnetriong/work_dbg/debug_top.v:542)
[EFX-0011 VERI-WARNING] expression size 256 truncated to fit in target size 64 (VERI-1209) (E:/Efinity/project/fnetriong/work_dbg/debug_top.v:3638)
[EFX-0012 VERI-INFO] compiling module 'la_biu(CAPTURE_WIDTH=32'b01011)' (VERI-1018) (E:/Efinity/project/fnetriong/work_dbg/debug_top.v:4856)
[EFX-0012 VERI-INFO] compiling module 'fifo_with_read(DATA_WIDTH=32'b01100)' (VERI-1018) (E:/Efinity/project/fnetriong/work_dbg/debug_top.v:4598)
[EFX-0012 VERI-INFO] compiling module 'edb_simple_dual_port_ram(DATA_WIDTH=32'b01100,ADDR_WIDTH=10,RAM_INIT_FILE="")' (VERI-1018) (E:/Efinity/project/fnetriong/work_dbg/debug_top.v:452)
[EFX-0012 VERI-INFO] extracting RAM for identifier 'ram' (VERI-2571) (E:/Efinity/project/fnetriong/work_dbg/debug_top.v:467)
[EFX-0012 VERI-INFO] compiling module 'debug_hub' (VERI-1018) (E:/Efinity/project/fnetriong/work_dbg/debug_top.v:321)
[EFX-0011 VERI-WARNING] input port 'probe4[0]' remains unconnected for this instance (VDB-1053) (E:/Efinity/project/fnetriong/work_dbg/debug_top.v:102)
[EFX-0011 VERI-WARNING] input port 'probe4[0]' remains unconnected for this instance (VDB-1053) (E:/Efinity/project/fnetriong/work_dbg/debug_top.v:145)
[EFX-0000 INFO] Setting Synthesis Option: mode=speed
[EFX-0012 VERI-INFO] compiling module 'EFX_ADD' (VERI-1018) (E:/Efinity/2022.2/sim_models/maplib/efinix_maplib.v:6)
[EFX-0012 VERI-INFO] compiling module 'EFX_FF' (VERI-1018) (E:/Efinity/2022.2/sim_models/maplib/efinix_maplib.v:19)
[EFX-0012 VERI-INFO] compiling module 'EFX_COMB4' (VERI-1018) (E:/Efinity/2022.2/sim_models/maplib/efinix_maplib.v:36)
[EFX-0012 VERI-INFO] compiling module 'EFX_GBUFCE' (VERI-1018) (E:/Efinity/2022.2/sim_models/maplib/efinix_maplib.v:46)
[EFX-0012 VERI-INFO] compiling module 'EFX_IDDR' (VERI-1018) (E:/Efinity/2022.2/sim_models/maplib/efinix_maplib.v:55)
[EFX-0012 VERI-INFO] compiling module 'EFX_ODDR' (VERI-1018) (E:/Efinity/2022.2/sim_models/maplib/efinix_maplib.v:69)
[EFX-0012 VERI-INFO] compiling module 'EFX_IOBUF' (VERI-1018) (E:/Efinity/2022.2/sim_models/maplib/efinix_maplib.v:85)
[EFX-0012 VERI-INFO] compiling module 'EFX_LUT4' (VERI-1018) (E:/Efinity/2022.2/sim_models/maplib/efinix_maplib.v:97)
[EFX-0012 VERI-INFO] compiling module 'EFX_MULT' (VERI-1018) (E:/Efinity/2022.2/sim_models/maplib/efinix_maplib.v:105)
[EFX-0012 VERI-INFO] compiling module 'EFX_DSP48' (VERI-1018) (E:/Efinity/2022.2/sim_models/maplib/efinix_maplib.v:140)
[EFX-0012 VERI-INFO] compiling module 'EFX_DSP24' (VERI-1018) (E:/Efinity/2022.2/sim_models/maplib/efinix_maplib.v:196)
[EFX-0012 VERI-INFO] compiling module 'EFX_DSP12' (VERI-1018) (E:/Efinity/2022.2/sim_models/maplib/efinix_maplib.v:249)
[EFX-0012 VERI-INFO] compiling module 'EFX_RAM_4K' (VERI-1018) (E:/Efinity/2022.2/sim_models/maplib/efinix_maplib.v:302)
[EFX-0012 VERI-INFO] compiling module 'EFX_RAM_5K' (VERI-1018) (E:/Efinity/2022.2/sim_models/maplib/efinix_maplib.v:362)
[EFX-0012 VERI-INFO] compiling module 'EFX_DPRAM_5K' (VERI-1018) (E:/Efinity/2022.2/sim_models/maplib/efinix_maplib.v:434)
[EFX-0012 VERI-INFO] compiling module 'RAMB5' (VERI-1018) (E:/Efinity/2022.2/sim_models/maplib/efinix_maplib.v:539)
[EFX-0012 VERI-INFO] compiling module 'EFX_RAM_10K' (VERI-1018) (E:/Efinity/2022.2/sim_models/maplib/efinix_maplib.v:601)
[EFX-0012 VERI-INFO] compiling module 'EFX_RAM10' (VERI-1018) (E:/Efinity/2022.2/sim_models/maplib/efinix_maplib.v:693)
[EFX-0012 VERI-INFO] compiling module 'EFX_DPRAM10' (VERI-1018) (E:/Efinity/2022.2/sim_models/maplib/efinix_maplib.v:794)
[EFX-0012 VERI-INFO] compiling module 'EFX_SRL8' (VERI-1018) (E:/Efinity/2022.2/sim_models/maplib/efinix_maplib.v:924)
[EFX-0000 INFO] ... Pre-synthesis checks begin
[EFX-0200 WARNING] Removing redundant signal : compared_in[0]. (E:/Efinity/project/fnetriong/work_dbg/debug_top.v:5508)
[EFX-0200 WARNING] Removing redundant signal : mask_in[0]. (E:/Efinity/project/fnetriong/work_dbg/debug_top.v:5509)
[EFX-0200 WARNING] Removing redundant signal : trigger_in. (E:/Efinity/project/fnetriong/work_dbg/debug_top.v:5719)
[EFX-0677 INFO] Zero initialization of uninitialized memory block 'ram'. (E:/Efinity/project/fnetriong/work_dbg/debug_top.v:467)
[EFX-0200 WARNING] Removing redundant signal : din[17]. (E:/Efinity/project/fnetriong/work_dbg/debug_top.v:4611)
[EFX-0200 WARNING] Removing redundant signal : trig_out. (E:/Efinity/project/fnetriong/work_dbg/debug_top.v:4890)
[EFX-0200 WARNING] Removing redundant signal : trig_out_ack. (E:/Efinity/project/fnetriong/work_dbg/debug_top.v:4891)
[EFX-0200 WARNING] Removing redundant signal : bscan_DRCK. (E:/Efinity/project/fnetriong/work_dbg/debug_top.v:1075)
[EFX-0200 WARNING] Removing redundant signal : bscan_RUNTEST. (E:/Efinity/project/fnetriong/work_dbg/debug_top.v:1077)
[EFX-0200 WARNING] Removing redundant signal : bscan_SEL. (E:/Efinity/project/fnetriong/work_dbg/debug_top.v:1078)
[EFX-0200 WARNING] Removing redundant signal : bscan_TMS. (E:/Efinity/project/fnetriong/work_dbg/debug_top.v:1082)
[EFX-0200 WARNING] Removing redundant signal : trig_in_ack. (E:/Efinity/project/fnetriong/work_dbg/debug_top.v:1093)
[EFX-0200 WARNING] Removing redundant signal : mux_capture_cmp[3]. (E:/Efinity/project/fnetriong/work_dbg/debug_top.v:3499)
[EFX-0200 WARNING] Removing redundant signal : mux_capture_cmp[2]. (E:/Efinity/project/fnetriong/work_dbg/debug_top.v:3499)
[EFX-0200 WARNING] Removing redundant signal : mux_capture_cmp[1]. (E:/Efinity/project/fnetriong/work_dbg/debug_top.v:3499)
[EFX-0200 WARNING] Removing redundant signal : mux_capture_cmp[0]. (E:/Efinity/project/fnetriong/work_dbg/debug_top.v:3499)
[EFX-0677 INFO] Zero initialization of uninitialized memory block 'ram'. (E:/Efinity/project/fnetriong/work_dbg/debug_top.v:467)
[EFX-0200 WARNING] Removing redundant signal : din[11]. (E:/Efinity/project/fnetriong/work_dbg/debug_top.v:4611)
[EFX-0200 WARNING] Removing redundant signal : trig_out. (E:/Efinity/project/fnetriong/work_dbg/debug_top.v:4890)
[EFX-0200 WARNING] Removing redundant signal : trig_out_ack. (E:/Efinity/project/fnetriong/work_dbg/debug_top.v:4891)
[EFX-0200 WARNING] Removing redundant signal : bscan_DRCK. (E:/Efinity/project/fnetriong/work_dbg/debug_top.v:1075)
[EFX-0200 WARNING] Removing redundant signal : bscan_RUNTEST. (E:/Efinity/project/fnetriong/work_dbg/debug_top.v:1077)
[EFX-0266 WARNING] Module Instance 'la0' input pin tied to constant (trig_in=0).
[EFX-0266 WARNING] Module Instance 'la0' input pin tied to constant (trig_out_ack=0).
[EFX-0201 WARNING] Re-wiring to GND non-driven net 'la0.probe4[0]'. (E:/Efinity/project/fnetriong/work_dbg/debug_top.v:102)
[EFX-0201 WARNING] Re-wiring to GND non-driven net 'la0.probe5[0]'. (E:/Efinity/project/fnetriong/work_dbg/debug_top.v:102)
[EFX-0201 WARNING] Re-wiring to GND non-driven net 'la0.probe6[0]'. (E:/Efinity/project/fnetriong/work_dbg/debug_top.v:102)
[EFX-0201 WARNING] Re-wiring to GND non-driven net 'la0.probe7[0]'. (E:/Efinity/project/fnetriong/work_dbg/debug_top.v:102)
[EFX-0201 WARNING] Re-wiring to GND non-driven net 'la0.probe8[0]'. (E:/Efinity/project/fnetriong/work_dbg/debug_top.v:102)
[EFX-0201 WARNING] Re-wiring to GND non-driven net 'la0.probe9[0]'. (E:/Efinity/project/fnetriong/work_dbg/debug_top.v:102)
[EFX-0201 WARNING] Re-wiring to GND non-driven net 'la0.probe10[0]'. (E:/Efinity/project/fnetriong/work_dbg/debug_top.v:102)
[EFX-0201 WARNING] Re-wiring to GND non-driven net 'la0.probe11[0]'. (E:/Efinity/project/fnetriong/work_dbg/debug_top.v:102)
[EFX-0201 WARNING] Re-wiring to GND non-driven net 'la0.probe12[0]'. (E:/Efinity/project/fnetriong/work_dbg/debug_top.v:102)
[EFX-0201 WARNING] Re-wiring to GND non-driven net 'la0.probe13[0]'. (E:/Efinity/project/fnetriong/work_dbg/debug_top.v:102)
[EFX-0266 WARNING] Module Instance 'la1' input pin tied to constant (trig_in=0).
[EFX-0266 WARNING] Module Instance 'la1' input pin tied to constant (trig_out_ack=0).
[EFX-0000 INFO] ... Pre-synthesis checks end (Real time : 0s)
[EFX-0000 INFO] ... NameSpace init begin
[EFX-0000 INFO] ... NameSpace init end (Real time : 0s)
[EFX-0000 INFO] ... Mapping design "edb_top"
[EFX-0000 INFO] ... Hierarchical pre-synthesis "edb_adbg_crc32" begin
[EFX-0000 INFO] ... Hierarchical pre-synthesis "edb_adbg_crc32" end (Real time : 0s)
[EFX-0000 INFO] ... Hierarchical pre-synthesis "compare_unit(WIDTH=11'b01000,PIPE=1)" begin
[EFX-0000 INFO] ... Hierarchical pre-synthesis "compare_unit(WIDTH=11'b01000,PIPE=1)" end (Real time : 0s)
[EFX-0000 INFO] ... Hierarchical pre-synthesis "compare_unit(WIDTH=11'b01,PIPE=1)" begin
[EFX-0000 INFO] ... Hierarchical pre-synthesis "compare_unit(WIDTH=11'b01,PIPE=1)" end (Real time : 0s)
[EFX-0000 INFO] ... Hierarchical pre-synthesis "compare_unit(WIDTH=11'b0100,PIPE=1)" begin
[EFX-0000 INFO] ... Hierarchical pre-synthesis "compare_unit(WIDTH=11'b0100,PIPE=1)" end (Real time : 0s)
[EFX-0000 INFO] ... Hierarchical pre-synthesis "trigger_unit(WIDTH=32'b0100,PIPE=1)" begin
[EFX-0000 INFO] ... Hierarchical pre-synthesis "trigger_unit(WIDTH=32'b0100,PIPE=1)" end (Real time : 0s)
[EFX-0000 INFO] ... Hierarchical pre-synthesis "fifo_address_trancode_unit" begin
[EFX-0000 INFO] ... Hierarchical pre-synthesis "fifo_address_trancode_unit" end (Real time : 0s)
[EFX-0000 INFO] ... Hierarchical pre-synthesis "edb_simple_dual_port_ram(DATA_WIDTH=32'b010010,ADDR_WIDTH=10,RAM_INIT_FILE="")" begin
[EFX-0000 INFO] ... Hierarchical pre-synthesis "edb_simple_dual_port_ram(DATA_WIDTH=32'b010010,ADDR_WIDTH=10,RAM_INIT_FILE="")" end (Real time : 0s)
[EFX-0000 INFO] ... Hierarchical pre-synthesis "fifo_with_read(DATA_WIDTH=32'b010010)" begin
[EFX-0000 INFO] ... Hierarchical pre-synthesis "fifo_with_read(DATA_WIDTH=32'b010010)" end (Real time : 0s)
[EFX-0000 INFO] ... Hierarchical pre-synthesis "la_biu(CAPTURE_WIDTH=32'b010001)" begin
[EFX-0000 INFO] ... Hierarchical pre-synthesis "la_biu(CAPTURE_WIDTH=32'b010001)" end (Real time : 0s)
[EFX-0000 INFO] ... Hierarchical pre-synthesis "edb_la_top_renamed_due_excessive_length_1" begin
[EFX-0000 INFO] ... Hierarchical pre-synthesis "edb_la_top_renamed_due_excessive_length_1" end (Real time : 0s)
[EFX-0000 INFO] ... Hierarchical pre-synthesis "edb_simple_dual_port_ram(DATA_WIDTH=32'b01100,ADDR_WIDTH=10,RAM_INIT_FILE="")" begin
[EFX-0000 INFO] ... Hierarchical pre-synthesis "edb_simple_dual_port_ram(DATA_WIDTH=32'b01100,ADDR_WIDTH=10,RAM_INIT_FILE="")" end (Real time : 0s)
[EFX-0000 INFO] ... Hierarchical pre-synthesis "fifo_with_read(DATA_WIDTH=32'b01100)" begin
[EFX-0000 INFO] ... Hierarchical pre-synthesis "fifo_with_read(DATA_WIDTH=32'b01100)" end (Real time : 0s)
[EFX-0000 INFO] ... Hierarchical pre-synthesis "la_biu(CAPTURE_WIDTH=32'b01011)" begin
[EFX-0000 INFO] ... Hierarchical pre-synthesis "la_biu(CAPTURE_WIDTH=32'b01011)" end (Real time : 0s)
[EFX-0000 INFO] ... Hierarchical pre-synthesis "edb_la_top_renamed_due_excessive_length_2" begin
[EFX-0000 INFO] ... Hierarchical pre-synthesis "edb_la_top_renamed_due_excessive_length_2" end (Real time : 0s)
[EFX-0000 INFO] ... Hierarchical pre-synthesis "debug_hub" begin
[EFX-0000 INFO] ... Hierarchical pre-synthesis "debug_hub" end (Real time : 0s)
[EFX-0000 INFO] ... Hierarchical pre-synthesis "edb_top" begin
[EFX-0000 INFO] ... Clock Enable Synthesis Performed on 260 flops.
[EFX-0000 INFO] ... Hierarchical pre-synthesis "edb_top" end (Real time : 1s)
[EFX-0000 INFO] ... Flat optimizations begin
[EFX-0000 INFO] ... Flat optimizations end (Real time : 0s)
[EFX-0000 INFO] ... Flat synthesis begin
[EFX-0000 INFO] ... Flat synthesis end (Real time : 0s)
[EFX-0000 INFO] ... Flat optimizations begin
[EFX-0000 INFO] ... Flat optimizations end (Real time : 0s)
[EFX-0000 INFO] ... Check and break combinational loops begin
[EFX-0000 INFO] ... Check and break combinational loops end (Real time : 0s)
[EFX-0000 INFO] ... Sequential Optimization begin
[EFX-0000 INFO] ... Clock Network bscan_TCK with 752 loads will be considered for sequential optimization.
[EFX-0000 INFO] ... Clock Network la0_clk with 256 loads will be considered for sequential optimization.
[EFX-0000 INFO] ... Clock Network la1_clk with 210 loads will be considered for sequential optimization.
[EFX-0000 INFO] ... Sequential Optimization deduced 534 equivalent points.
[EFX-0000 INFO] ... Sequential Optimization end (Real time : 16s)
[EFX-0000 INFO] ... SOP modeling begin
[EFX-0000 INFO] ... SOP modeling end (Real time : 0s)
[EFX-0000 INFO] ... LUT mapping begin
[EFX-0000 INFO] ... LS, strategy: 3, nd: 1406, ed: 4643, lv: 7, pw: 2817.77
[EFX-0000 INFO] ... LUT mapping end (Real time : 8s)
[EFX-0000 INFO] ... Post-synthesis Verific netlist creation begin
[EFX-0000 INFO] ... Post-synthesis Verific netlist creation end (Real time : 0s)
[EFX-0000 INFO] ... Postmap Retiming Optimization begin
[EFX-0000 INFO] ... Clock Network n9 with 752 loads will be considered for retiming optimization.
[EFX-0000 INFO] ... Clock Network n13 with 256 loads will be considered for retiming optimization.
[EFX-0000 INFO] ... Clock Network n31 with 210 loads will be considered for retiming optimization.
[EFX-0000 INFO] ... Performed 0 retime moves.
[EFX-0000 INFO] ... Postmap Retiming Optimization end (Real time : 0s)
[EFX-0000 INFO] ... Post-synthesis Verific netlist unification/params processing begin
[EFX-0000 INFO] ... Post-synthesis Verific netlist unification/params processing end (Real time : 0s)
[EFX-0011 VERI-WARNING] Input/Inout Port bscan_DRCK is unconnected and will be removed 
[EFX-0011 VERI-WARNING] Input/Inout Port bscan_RUNTEST is unconnected and will be removed 
[EFX-0011 VERI-WARNING] Input/Inout Port bscan_TMS is unconnected and will be removed 
[EFX-0012 VERI-INFO] Found 3 warnings in the post-synthesis netlist. 
[EFX-0000 INFO] Resource Summary 
[EFX-0000 INFO] =============================== 
[EFX-0000 INFO] EFX_ADD         : 	180
[EFX-0000 INFO] EFX_LUT4        : 	1377
[EFX-0000 INFO] EFX_FF          : 	1178
[EFX-0000 INFO] EFX_RAM_5K      : 	7
[EFX-0000 INFO] EFX_GBUFCE      : 	3
[EFX-0000 INFO] =============================== 

///////////////////////////////////
// Efinity Synthesis Started 
// Mar 07, 2023 16:42:29
///////////////////////////////////

[EFX-0000 INFO] Setting Synthesis Option: mode=speed
[EFX-0000 INFO] ... Pre-synthesis checks begin
[EFX-0266 WARNING] Module Instance 'fifo' input pin tied to constant (out_want_b=1).
[EFX-0200 WARNING] Removing redundant signal : start_found. (E:\Efinity\project\fnetriong\efnet_octet_to_word.vhd:60)
[EFX-0200 WARNING] Removing redundant signal : packet_start. (E:\Efinity\project\fnetriong\efnet_octet_to_word.vhd:62)
[EFX-0200 WARNING] Removing redundant signal : packet_end. (E:\Efinity\project\fnetriong\efnet_octet_to_word.vhd:63)
[EFX-0200 WARNING] Removing redundant signal : word[15]. (E:\Efinity\project\fnetriong\efnet_octet_to_word.vhd:65)
[EFX-0200 WARNING] Removing redundant signal : word[14]. (E:\Efinity\project\fnetriong\efnet_octet_to_word.vhd:65)
[EFX-0200 WARNING] Removing redundant signal : word[13]. (E:\Efinity\project\fnetriong\efnet_octet_to_word.vhd:65)
[EFX-0200 WARNING] Removing redundant signal : word[12]. (E:\Efinity\project\fnetriong\efnet_octet_to_word.vhd:65)
[EFX-0200 WARNING] Removing redundant signal : word[11]. (E:\Efinity\project\fnetriong\efnet_octet_to_word.vhd:65)
[EFX-0200 WARNING] Removing redundant signal : word[10]. (E:\Efinity\project\fnetriong\efnet_octet_to_word.vhd:65)
[EFX-0200 WARNING] Removing redundant signal : word[9]. (E:\Efinity\project\fnetriong\efnet_octet_to_word.vhd:65)
[EFX-0200 WARNING] Removing redundant signal : word[8]. (E:\Efinity\project\fnetriong\efnet_octet_to_word.vhd:65)
[EFX-0200 WARNING] Removing redundant signal : word[7]. (E:\Efinity\project\fnetriong\efnet_octet_to_word.vhd:65)
[EFX-0200 WARNING] Removing redundant signal : word[6]. (E:\Efinity\project\fnetriong\efnet_octet_to_word.vhd:65)
[EFX-0200 WARNING] Removing redundant signal : word[5]. (E:\Efinity\project\fnetriong\efnet_octet_to_word.vhd:65)
[EFX-0200 WARNING] Removing redundant signal : word[4]. (E:\Efinity\project\fnetriong\efnet_octet_to_word.vhd:65)
[EFX-0200 WARNING] Removing redundant signal : word[3]. (E:\Efinity\project\fnetriong\efnet_octet_to_word.vhd:65)
[EFX-0200 WARNING] Removing redundant signal : word[2]. (E:\Efinity\project\fnetriong\efnet_octet_to_word.vhd:65)
[EFX-0200 WARNING] Removing redundant signal : word[1]. (E:\Efinity\project\fnetriong\efnet_octet_to_word.vhd:65)
[EFX-0200 WARNING] Removing redundant signal : word[0]. (E:\Efinity\project\fnetriong\efnet_octet_to_word.vhd:65)
[EFX-0200 WARNING] Removing redundant signal : octet_counter[0]. (E:\Efinity\project\fnetriong\efnet_octet_to_word.vhd:66)
[EFX-0266 WARNING] Module Instance 'out_sm' input pin tied to constant (idx_tcp_prep[0][31]=0).
[EFX-0266 WARNING] Module Instance 'out_sm' input pin tied to constant (idx_tcp_prep[0][30]=0).
[EFX-0266 WARNING] Module Instance 'out_sm' input pin tied to constant (idx_tcp_prep[0][29]=0).
[EFX-0266 WARNING] Module Instance 'out_sm' input pin tied to constant (idx_tcp_prep[0][28]=0).
[EFX-0266 WARNING] Module Instance 'out_sm' input pin tied to constant (idx_tcp_prep[0][27]=0).
[EFX-0266 WARNING] Module Instance 'out_sm' input pin tied to constant (idx_tcp_prep[0][26]=0).
[EFX-0266 WARNING] Module Instance 'out_sm' input pin tied to constant (idx_tcp_prep[0][25]=0).
[EFX-0266 WARNING] Module Instance 'out_sm' input pin tied to constant (idx_tcp_prep[0][24]=0).
[EFX-0266 WARNING] Module Instance 'out_sm' input pin tied to constant (idx_tcp_prep[0][23]=0).
[EFX-0266 WARNING] Module Instance 'out_sm' input pin tied to constant (idx_tcp_prep[0][22]=0).
[EFX-0266 WARNING] Module Instance 'out_sm' input pin tied to constant (idx_tcp_prep[0][21]=0).
[EFX-0266 WARNING] Module Instance 'out_sm' input pin tied to constant (idx_tcp_prep[0][20]=0).
[EFX-0266 WARNING] Module Instance 'out_sm' input pin tied to constant (idx_tcp_prep[0][19]=0).
[EFX-0266 WARNING] Module Instance 'out_sm' input pin tied to constant (idx_tcp_prep[0][18]=0).
[EFX-0266 WARNING] Module Instance 'out_sm' input pin tied to constant (idx_tcp_prep[0][17]=0).
[EFX-0266 WARNING] Module Instance 'out_sm' input pin tied to constant (idx_tcp_prep[0][16]=0).
[EFX-0266 WARNING] Module Instance 'out_sm' input pin tied to constant (idx_tcp_prep[0][15]=0).
[EFX-0266 WARNING] Module Instance 'out_sm' input pin tied to constant (idx_tcp_prep[0][14]=0).
[EFX-0266 WARNING] Module Instance 'out_sm' input pin tied to constant (idx_tcp_prep[0][13]=0).
[EFX-0266 WARNING] Module Instance 'out_sm' input pin tied to constant (idx_tcp_prep[0][12]=0).
[EFX-0266 WARNING] Module Instance 'out_sm' input pin tied to constant (idx_tcp_prep[0][11]=0).
[EFX-0266 WARNING] Module Instance 'out_sm' input pin tied to constant (idx_tcp_prep[0][10]=0).
[EFX-0266 WARNING] Module Instance 'out_sm' input pin tied to constant (idx_tcp_prep[0][9]=0).
[EFX-0266 WARNING] Module Instance 'out_sm' input pin tied to constant (idx_tcp_prep[0][8]=0).
[EFX-0266 WARNING] Module Instance 'out_sm' input pin tied to constant (idx_tcp_prep[0][7]=0).
[EFX-0266 WARNING] Module Instance 'out_sm' input pin tied to constant (idx_tcp_prep[0][6]=0).
[EFX-0266 WARNING] Module Instance 'out_sm' input pin tied to constant (idx_tcp_prep[0][5]=0).
[EFX-0266 WARNING] Module Instance 'out_sm' input pin tied to constant (idx_tcp_prep[0][4]=0).
[EFX-0266 WARNING] Module Instance 'out_sm' input pin tied to constant (idx_tcp_prep[0][3]=0).
[EFX-0266 WARNING] Module Instance 'out_sm' input pin tied to constant (idx_tcp_prep[0][2]=1).
[EFX-0266 WARNING] Module Instance 'out_sm' input pin tied to constant (idx_tcp_prep[0][1]=0).
[EFX-0266 WARNING] Module Instance 'out_sm' input pin tied to constant (idx_tcp_prep[0][0]=1).
[EFX-0266 WARNING] Module Instance 'out_sm' input pin tied to constant (idx_tcp_prep[1][31]=0).
[EFX-0266 WARNING] Module Instance 'out_sm' input pin tied to constant (idx_tcp_prep[1][30]=0).
[EFX-0266 WARNING] Module Instance 'out_sm' input pin tied to constant (idx_tcp_prep[1][29]=0).
[EFX-0266 WARNING] Module Instance 'out_sm' input pin tied to constant (idx_tcp_prep[1][28]=0).
[EFX-0266 WARNING] Module Instance 'out_sm' input pin tied to constant (idx_tcp_prep[1][27]=0).
[EFX-0266 WARNING] Module Instance 'out_sm' input pin tied to constant (idx_tcp_prep[1][26]=0).
[EFX-0266 WARNING] Module Instance 'out_sm' input pin tied to constant (idx_tcp_prep[1][25]=0).
[EFX-0266 WARNING] Module Instance 'out_sm' input pin tied to constant (idx_tcp_prep[1][24]=0).
[EFX-0266 WARNING] Module Instance 'out_sm' input pin tied to constant (idx_tcp_prep[1][23]=0).
[EFX-0266 WARNING] Module Instance 'out_sm' input pin tied to constant (idx_tcp_prep[1][22]=0).
[EFX-0266 WARNING] Module Instance 'out_sm' input pin tied to constant (idx_tcp_prep[1][21]=0).
[EFX-0266 WARNING] Module Instance 'out_sm' input pin tied to constant (idx_tcp_prep[1][20]=0).
[EFX-0266 WARNING] Module Instance 'out_sm' input pin tied to constant (idx_tcp_prep[1][19]=0).
[EFX-0266 WARNING] Module Instance 'out_sm' input pin tied to constant (idx_tcp_prep[1][18]=0).
[EFX-0266 WARNING] Module Instance 'out_sm' input pin tied to constant (idx_tcp_prep[1][17]=0).
[EFX-0266 WARNING] Module Instance 'out_sm' input pin tied to constant (idx_tcp_prep[1][16]=0).
[EFX-0266 WARNING] Module Instance 'out_sm' input pin tied to constant (idx_tcp_prep[1][15]=0).
[EFX-0266 WARNING] Module Instance 'out_sm' input pin tied to constant (idx_tcp_prep[1][14]=0).
[EFX-0266 WARNING] Module Instance 'out_sm' input pin tied to constant (idx_tcp_prep[1][13]=0).
[EFX-0266 WARNING] Module Instance 'out_sm' input pin tied to constant (idx_tcp_prep[1][12]=0).
[EFX-0266 WARNING] Module Instance 'out_sm' input pin tied to constant (idx_tcp_prep[1][11]=0).
[EFX-0266 WARNING] Module Instance 'out_sm' input pin tied to constant (idx_tcp_prep[1][10]=0).
[EFX-0266 WARNING] Module Instance 'out_sm' input pin tied to constant (idx_tcp_prep[1][9]=0).
[EFX-0266 WARNING] Module Instance 'out_sm' input pin tied to constant (idx_tcp_prep[1][8]=0).
[EFX-0266 WARNING] Module Instance 'out_sm' input pin tied to constant (idx_tcp_prep[1][7]=0).
[EFX-0266 WARNING] Module Instance 'out_sm' input pin tied to constant (idx_tcp_prep[1][6]=0).
[EFX-0266 WARNING] Module Instance 'out_sm' input pin tied to constant (idx_tcp_prep[1][5]=0).
[EFX-0266 WARNING] Module Instance 'out_sm' input pin tied to constant (idx_tcp_prep[1][4]=0).
[EFX-0266 WARNING] Module Instance 'out_sm' input pin tied to constant (idx_tcp_prep[1][3]=0).
[EFX-0266 WARNING] Module Instance 'out_sm' input pin tied to constant (idx_tcp_prep[1][2]=1).
[EFX-0266 WARNING] Module Instance 'out_sm' input pin tied to constant (idx_tcp_prep[1][1]=1).
[EFX-0266 WARNING] Module Instance 'out_sm' input pin tied to constant (idx_tcp_prep[1][0]=0).
[EFX-0266 WARNING] Module Instance 'out_sm' input pin tied to constant (idx_gen[31]=0).
[EFX-0266 WARNING] Module Instance 'out_sm' input pin tied to constant (idx_gen[30]=0).
[EFX-0266 WARNING] Module Instance 'out_sm' input pin tied to constant (idx_gen[29]=0).
[EFX-0266 WARNING] Module Instance 'out_sm' input pin tied to constant (idx_gen[28]=0).
[EFX-0266 WARNING] Module Instance 'out_sm' input pin tied to constant (idx_gen[27]=0).
[EFX-0266 WARNING] Module Instance 'out_sm' input pin tied to constant (idx_gen[26]=0).
[EFX-0266 WARNING] Module Instance 'out_sm' input pin tied to constant (idx_gen[25]=0).
[EFX-0266 WARNING] Module Instance 'out_sm' input pin tied to constant (idx_gen[24]=0).
[EFX-0266 WARNING] Module Instance 'out_sm' input pin tied to constant (idx_gen[23]=0).
[EFX-0266 WARNING] Module Instance 'out_sm' input pin tied to constant (idx_gen[22]=0).
[EFX-0266 WARNING] Module Instance 'out_sm' input pin tied to constant (idx_gen[21]=0).
[EFX-0266 WARNING] Module Instance 'out_sm' input pin tied to constant (idx_gen[20]=0).
[EFX-0266 WARNING] Module Instance 'out_sm' input pin tied to constant (idx_gen[19]=0).
[EFX-0266 WARNING] Module Instance 'out_sm' input pin tied to constant (idx_gen[18]=0).
[EFX-0266 WARNING] Module Instance 'out_sm' input pin tied to constant (idx_gen[17]=0).
[EFX-0266 WARNING] Module Instance 'out_sm' input pin tied to constant (idx_gen[16]=0).
[EFX-0266 WARNING] Module Instance 'out_sm' input pin tied to constant (idx_gen[15]=0).
[EFX-0266 WARNING] Module Instance 'out_sm' input pin tied to constant (idx_gen[14]=0).
[EFX-0266 WARNING] Module Instance 'out_sm' input pin tied to constant (idx_gen[13]=0).
[EFX-0266 WARNING] Module Instance 'out_sm' input pin tied to constant (idx_gen[12]=0).
[EFX-0266 WARNING] Module Instance 'out_sm' input pin tied to constant (idx_gen[11]=0).
[EFX-0266 WARNING] Module Instance 'out_sm' input pin tied to constant (idx_gen[10]=0).
[EFX-0266 WARNING] Module Instance 'out_sm' input pin tied to constant (idx_gen[9]=0).
[EFX-0266 WARNING] Module Instance 'out_sm' input pin tied to constant (idx_gen[8]=0).
[EFX-0266 WARNING] Module Instance 'out_sm' input pin tied to constant (idx_gen[7]=0).
[EFX-0266 WARNING] Module Instance 'out_sm' input pin tied to constant (idx_gen[6]=0).
[EFX-0266 WARNING] Module Instance 'out_sm' input pin tied to constant (idx_gen[5]=0).
[EFX-0266 WARNING] Module Instance 'out_sm' input pin tied to constant (idx_gen[4]=0).
[EFX-0266 WARNING] Module Instance 'out_sm' input pin tied to constant (idx_gen[3]=0).
[EFX-0266 WARNING] Module Instance 'out_sm' input pin tied to constant (idx_gen[2]=0).
[EFX-0266 WARNING] Module Instance 'out_sm' input pin tied to constant (idx_gen[1]=0).
[EFX-0266 WARNING] Module Instance 'out_sm' input pin tied to constant (idx_gen[0]=1).
[EFX-0266 WARNING] Module Instance 'mdio' input pin tied to constant (b_req_data[31]=0).
[EFX-0266 WARNING] Module Instance 'mdio' input pin tied to constant (b_req_data[30]=0).
[EFX-0266 WARNING] Module Instance 'mdio' input pin tied to constant (b_req_data[29]=0).
[EFX-0201 WARNING] Re-wiring to GND non-driven net 'ram_udp_regidp.prod2.set_again'. (E:\Efinity\project\fnetriong\fakernet_module.vhd:134)
[EFX-0201 WARNING] Re-wiring to GND non-driven net 'ram_tcp_template.prod2.set_again'. (E:\Efinity\project\fnetriong\fakernet_module.vhd:136)
[EFX-0201 WARNING] Re-wiring to GND non-driven net 'ram_tcp_prep2[0].prod2.set_again'. (E:\Efinity\project\fnetriong\fakernet_module.vhd:137)
[EFX-0201 WARNING] Re-wiring to GND non-driven net 'ram_tcp_prep2[1].prod2.set_again'. (E:\Efinity\project\fnetriong\fakernet_module.vhd:137)
[EFX-0000 INFO] ... Pre-synthesis checks end (Real time : 0s)
[EFX-0000 INFO] ... NameSpace init begin
[EFX-0000 INFO] ... NameSpace init end (Real time : 0s)
[EFX-0000 INFO] ... Mapping design "fnetriong"
[EFX-0000 INFO] ... Hierarchical pre-synthesis "fnet_async_fifo(width=17)" begin
[EFX-0000 INFO] ... Hierarchical pre-synthesis "fnet_async_fifo(width=17)" end (Real time : 0s)
[EFX-0000 INFO] ... Hierarchical pre-synthesis "efnet_octet_to_word" begin
[EFX-0000 INFO] ... Hierarchical pre-synthesis "efnet_octet_to_word" end (Real time : 0s)
[EFX-0000 INFO] ... Hierarchical pre-synthesis "efb_uart_trace_mem(width=32,samples=512)" begin
[EFX-0000 INFO] ... Hierarchical pre-synthesis "efb_uart_trace_mem(width=32,samples=512)" end (Real time : 0s)
[EFX-0000 INFO] ... Hierarchical pre-synthesis "efb_uart_tx(15,0)" begin
[EFX-0000 INFO] ... Hierarchical pre-synthesis "efb_uart_tx(15,0)" end (Real time : 0s)
[EFX-0000 INFO] ... Hierarchical pre-synthesis "efnet_word_to_octet" begin
[EFX-0000 INFO] ... Hierarchical pre-synthesis "efnet_word_to_octet" end (Real time : 0s)
[EFX-0000 INFO] ... Hierarchical pre-synthesis "efnet_data_array_inject(0,0)(31,0)(0,0)(0,0)(9,0)(7,0)" begin
[EFX-0000 INFO] ... Hierarchical pre-synthesis "efnet_data_array_inject(0,0)(31,0)(0,0)(0,0)(9,0)(7,0)" end (Real time : 0s)
[EFX-0000 INFO] ... Hierarchical pre-synthesis "fnet_crc32" begin
[EFX-0000 INFO] ... Hierarchical pre-synthesis "fnet_crc32" end (Real time : 0s)
[EFX-0000 INFO] ... Hierarchical pre-synthesis "fnet_in_state" begin
[EFX-0000 INFO] ... Hierarchical pre-synthesis "fnet_in_state" end (Real time : 1s)
[EFX-0000 INFO] ... Hierarchical pre-synthesis "fnet_dyn_control" begin
[EFX-0000 INFO] ... Hierarchical pre-synthesis "fnet_dyn_control" end (Real time : 0s)
[EFX-0000 INFO] ... Hierarchical pre-synthesis "fnet_ntp_query_control" begin
[EFX-0000 INFO] ... Hierarchical pre-synthesis "fnet_ntp_query_control" end (Real time : 0s)
[EFX-0000 INFO] ... Hierarchical pre-synthesis "fnet_packet_gen" begin
[EFX-0000 INFO] ... Hierarchical pre-synthesis "fnet_packet_gen" end (Real time : 0s)
[EFX-0000 INFO] ... Hierarchical pre-synthesis "fnet_out_state" begin
[EFX-0000 INFO] ... Hierarchical pre-synthesis "fnet_out_state" end (Real time : 0s)
[EFX-0000 INFO] ... Hierarchical pre-synthesis "fnet_out_pipeline" begin
[EFX-0000 INFO] ... Hierarchical pre-synthesis "fnet_out_pipeline" end (Real time : 0s)
[EFX-0000 INFO] ... Hierarchical pre-synthesis "fnet_regaccess" begin
[EFX-0000 INFO] ... Hierarchical pre-synthesis "fnet_regaccess" end (Real time : 0s)
[EFX-0000 INFO] ... Hierarchical pre-synthesis "ram_block_a11d16" begin
[EFX-0000 INFO] ... Hierarchical pre-synthesis "ram_block_a11d16" end (Real time : 0s)
[EFX-0000 INFO] ... Hierarchical pre-synthesis "fnet_local_reg(test_regs=true,lcl_data_gen=true,limit_payload_window=true,debug_regs=true,debug_counters=true,compiletime=1)" begin
[EFX-0000 INFO] ... Hierarchical pre-synthesis "fnet_local_reg(test_regs=true,lcl_data_gen=true,limit_payload_window=true,debug_regs=true,debug_counters=true,compiletime=1)" end (Real time : 0s)
[EFX-0000 INFO] ... Hierarchical pre-synthesis "fnet_tcp_state(data_bufsize_addrbits=13)" begin
[EFX-0000 INFO] ... Hierarchical pre-synthesis "fnet_tcp_state(data_bufsize_addrbits=13)" end (Real time : 0s)
[EFX-0000 INFO] ... Hierarchical pre-synthesis "fnet_tcp_control(data_bufsize_addrbits=13)" begin
[EFX-0000 INFO] ... Hierarchical pre-synthesis "fnet_tcp_control(data_bufsize_addrbits=13)" end (Real time : 0s)
[EFX-0000 INFO] ... Hierarchical pre-synthesis "fnet_tcp_prepare(data_bufsize_addrbits=13)(12,0)(31,0)" begin
[EFX-0000 INFO] ... Hierarchical pre-synthesis "fnet_tcp_prepare(data_bufsize_addrbits=13)(12,0)(31,0)" end (Real time : 0s)
[EFX-0000 INFO] ... Hierarchical pre-synthesis "fnet_tcp_buffer(data_bufsize_addrbits=13)(9,0)(7,0)(7,0)(5,0)(12,0)(31,0)" begin
[EFX-0000 INFO] ... Hierarchical pre-synthesis "fnet_tcp_buffer(data_bufsize_addrbits=13)(9,0)(7,0)(7,0)(5,0)(12,0)(31,0)" end (Real time : 0s)
[EFX-0000 INFO] ... Hierarchical pre-synthesis "fnet_test_datagen(data_bufsize_addrbits=13)" begin
[EFX-0000 INFO] ... Hierarchical pre-synthesis "fnet_test_datagen(data_bufsize_addrbits=13)" end (Real time : 0s)
[EFX-0000 INFO] ... Hierarchical pre-synthesis "fnet_ram_block_data(addrbits=13)" begin
[EFX-0000 INFO] ... Hierarchical pre-synthesis "fnet_ram_block_data(addrbits=13)" end (Real time : 0s)
[EFX-0000 INFO] ... Hierarchical pre-synthesis "fnet_ram_block_stat" begin
[EFX-0000 INFO] ... Hierarchical pre-synthesis "fnet_ram_block_stat" end (Real time : 0s)
[EFX-0000 INFO] ... Hierarchical pre-synthesis "fnet_regacc_aux_stat" begin
[EFX-0000 INFO] ... Hierarchical pre-synthesis "fnet_regacc_aux_stat" end (Real time : 0s)
[EFX-0000 INFO] ... Hierarchical pre-synthesis "fnet_mdio" begin
[EFX-0000 INFO] ... Hierarchical pre-synthesis "fnet_mdio" end (Real time : 0s)
[EFX-0000 INFO] ... Hierarchical pre-synthesis "fakernet_module(data_bufsize_addrbits=13,compiletime=1)(9,0)(7,0)" begin
[EFX-0000 INFO] ... Hierarchical pre-synthesis "fakernet_module(data_bufsize_addrbits=13,compiletime=1)(9,0)(7,0)" end (Real time : 1s)
[EFX-0000 INFO] ... Hierarchical pre-synthesis "efb_common_top(clk_freq=125000000)(0,-1)(31,0)(0,-1)(0,-1)" begin
[EFX-0000 INFO] ... Hierarchical pre-synthesis "efb_common_top(clk_freq=125000000)(0,-1)(31,0)(0,-1)(0,-1)" end (Real time : 0s)
[EFX-0000 INFO] ... Hierarchical pre-synthesis "edb_top" begin
[EFX-0000 INFO] ... Hierarchical pre-synthesis "edb_top" end (Real time : 1s)
[EFX-0000 INFO] ... Hierarchical pre-synthesis "fnetriong" begin
[EFX-0000 INFO] ... Clock Enable Synthesis Performed on 694 flops.
[EFX-0000 INFO] ... Hierarchical pre-synthesis "fnetriong" end (Real time : 1s)
[EFX-0201 WARNING] Re-wiring to GND non-driven net 't/fakernet/dp_ram_arp_icmp.port_a.o.rd'. (E:\Efinity\project\fnetriong\fakernet_module.vhd:144)
[EFX-0201 WARNING] Re-wiring to GND non-driven net 't/fakernet/dp_ram_pkt_gen.port_a.o.rd'. (E:\Efinity\project\fnetriong\fakernet_module.vhd:145)
[EFX-0201 WARNING] Re-wiring to GND non-driven net 't/fakernet/dp_ram_udp_regacc.port_a.o.rd'. (E:\Efinity\project\fnetriong\fakernet_module.vhd:146)
[EFX-0201 WARNING] Re-wiring to GND non-driven net 't/fakernet/dp_ram_udp_regacc.port_b.o.wr'. (E:\Efinity\project\fnetriong\fakernet_module.vhd:146)
[EFX-0201 WARNING] Re-wiring to GND non-driven net 't/fakernet/dp_ram_udp_regidp.port_a.o.rd'. (E:\Efinity\project\fnetriong\fakernet_module.vhd:147)
[EFX-0201 WARNING] Re-wiring to GND non-driven net 't/fakernet/dp_ram_tcp_template.port_a.o.rd'. (E:\Efinity\project\fnetriong\fakernet_module.vhd:150)
[EFX-0000 INFO] ... Flat optimizations begin
[EFX-0000 INFO] ... Flat optimizations end (Real time : 0s)
[EFX-0000 INFO] ... Flat synthesis begin
[EFX-0000 INFO] ... Flat synthesis end (Real time : 0s)
[EFX-0000 INFO] ... Flat optimizations begin
[EFX-0000 INFO] ... Flat optimizations end (Real time : 0s)
[EFX-0000 INFO] ... Check and break combinational loops begin
[EFX-0000 INFO] ... Check and break combinational loops end (Real time : 0s)
[EFX-0000 INFO] ... Sequential Optimization begin
[EFX-0000 INFO] ... Clock Network clk with 3794 loads will be considered for sequential optimization.
[EFX-0000 INFO] ... Clock Network jtag_inst1_TCK with 738 loads will be considered for sequential optimization.
[EFX-0000 INFO] ... Clock Network eth_rx_clk with 297 loads will be considered for sequential optimization.
[EFX-0000 INFO] ... Sequential Optimization deduced 530 equivalent points.
[EFX-0000 INFO] ... Sequential Optimization end (Real time : 25s)
[EFX-0000 INFO] ... SOP modeling begin
[EFX-0000 INFO] ... SOP modeling end (Real time : 0s)
[EFX-0000 INFO] ... LUT mapping begin
[EFX-0000 INFO] ... LS, strategy: 3, nd: 4845, ed: 16070, lv: 7, pw: 15275.79
[EFX-0000 INFO] ... LUT mapping end (Real time : 17s)
[EFX-0000 INFO] ... Post-synthesis Verific netlist creation begin
[EFX-0000 INFO] ... Post-synthesis Verific netlist creation end (Real time : 0s)
[EFX-0000 INFO] ... Postmap Retiming Optimization begin
[EFX-0000 INFO] ... Clock Network n3 with 3715 loads will be considered for retiming optimization.
[EFX-0000 INFO] ... Clock Network n26 with 738 loads will be considered for retiming optimization.
[EFX-0000 INFO] ... Clock Network n13 with 257 loads will be considered for retiming optimization.
[EFX-0000 INFO] ... Inverted Clock Network n3 with 9 loads will be considered for retiming optimization.
[EFX-0000 INFO] ... Performed 3 retime moves.
[EFX-0000 INFO] ... Postmap Retiming Optimization end (Real time : 0s)
[EFX-0000 INFO] ... Post-synthesis Verific netlist unification/params processing begin
[EFX-0000 INFO] ... Post-synthesis Verific netlist unification/params processing end (Real time : 1s)
[EFX-0000 INFO] Resource Summary 
[EFX-0000 INFO] =============================== 
[EFX-0000 INFO] EFX_ADD         : 	835
[EFX-0000 INFO] EFX_LUT4        : 	6125
[EFX-0000 INFO] EFX_FF          : 	4662
[EFX-0000 INFO] EFX_RAM_5K      : 	114
[EFX-0000 INFO] EFX_DPRAM_5K    : 	4
[EFX-0000 INFO] EFX_GBUFCE      : 	3
[EFX-0000 INFO] =============================== 

///////////////////////////////////
// Efinity Synthesis Started 
// Mar 08, 2023 10:19:53
///////////////////////////////////

[EFX-0012 VERI-INFO] default VHDL library search path is now "E:/Efinity/2022.2/sim_models/vhdl/packages/vhdl_2008" (VHDL-1504) 
[EFX-0012 VERI-INFO] undeclared symbol 'la_capture_mask', assumed default net type 'wire' (VERI-2561) (E:/Efinity/project/fnetriong/work_dbg/debug_top.v:4421)
[EFX-0012 VERI-INFO] undeclared symbol 'next_segment_pointer_eq', assumed default net type 'wire' (VERI-2561) (E:/Efinity/project/fnetriong/work_dbg/debug_top.v:4779)
[EFX-0012 VERI-INFO] undeclared symbol 'next_segment_msb_xor', assumed default net type 'wire' (VERI-2561) (E:/Efinity/project/fnetriong/work_dbg/debug_top.v:4780)
[EFX-0011 VERI-WARNING] port 'probe4' remains unconnected for this instance (VERI-1927) (E:/Efinity/project/fnetriong/work_dbg/debug_top.v:126)
[EFX-0011 VERI-WARNING] port 'probe4' remains unconnected for this instance (VERI-1927) (E:/Efinity/project/fnetriong/work_dbg/debug_top.v:169)
[EFX-0012 VERI-INFO] compiling module 'edb_top' (VERI-1018) (E:/Efinity/project/fnetriong/work_dbg/debug_top.v:10)
[EFX-0012 VERI-INFO] compiling module 'edb_la_top_renamed_due_excessive_length_1' (VERI-1018) (E:/Efinity/project/fnetriong/work_dbg/debug_top.v:542)
[EFX-0011 VERI-WARNING] expression size 256 truncated to fit in target size 64 (VERI-1209) (E:/Efinity/project/fnetriong/work_dbg/debug_top.v:3638)
[EFX-0012 VERI-INFO] compiling module 'edb_adbg_crc32' (VERI-1018) (E:/Efinity/project/fnetriong/work_dbg/debug_top.v:243)
[EFX-0012 VERI-INFO] compiling module 'compare_unit(WIDTH=11'b01000,PIPE=1)' (VERI-1018) (E:/Efinity/project/fnetriong/work_dbg/debug_top.v:5502)
[EFX-0012 VERI-INFO] compiling module 'compare_unit(WIDTH=11'b01,PIPE=1)' (VERI-1018) (E:/Efinity/project/fnetriong/work_dbg/debug_top.v:5502)
[EFX-0012 VERI-INFO] compiling module 'compare_unit(WIDTH=11'b0100,PIPE=1)' (VERI-1018) (E:/Efinity/project/fnetriong/work_dbg/debug_top.v:5502)
[EFX-0012 VERI-INFO] compiling module 'trigger_unit(WIDTH=32'b0100,PIPE=1)' (VERI-1018) (E:/Efinity/project/fnetriong/work_dbg/debug_top.v:5707)
[EFX-0012 VERI-INFO] compiling module 'la_biu(CAPTURE_WIDTH=32'b010001)' (VERI-1018) (E:/Efinity/project/fnetriong/work_dbg/debug_top.v:4856)
[EFX-0012 VERI-INFO] compiling module 'fifo_with_read(DATA_WIDTH=32'b010010)' (VERI-1018) (E:/Efinity/project/fnetriong/work_dbg/debug_top.v:4598)
[EFX-0012 VERI-INFO] compiling module 'fifo_address_trancode_unit' (VERI-1018) (E:/Efinity/project/fnetriong/work_dbg/debug_top.v:4548)
[EFX-0012 VERI-INFO] compiling module 'edb_simple_dual_port_ram(DATA_WIDTH=32'b010010,ADDR_WIDTH=10,RAM_INIT_FILE="")' (VERI-1018) (E:/Efinity/project/fnetriong/work_dbg/debug_top.v:452)
[EFX-0012 VERI-INFO] extracting RAM for identifier 'ram' (VERI-2571) (E:/Efinity/project/fnetriong/work_dbg/debug_top.v:467)
[EFX-0012 VERI-INFO] compiling module 'edb_la_top_renamed_due_excessive_length_2' (VERI-1018) (E:/Efinity/project/fnetriong/work_dbg/debug_top.v:542)
[EFX-0011 VERI-WARNING] expression size 256 truncated to fit in target size 64 (VERI-1209) (E:/Efinity/project/fnetriong/work_dbg/debug_top.v:3638)
[EFX-0012 VERI-INFO] compiling module 'la_biu(CAPTURE_WIDTH=32'b01011)' (VERI-1018) (E:/Efinity/project/fnetriong/work_dbg/debug_top.v:4856)
[EFX-0012 VERI-INFO] compiling module 'fifo_with_read(DATA_WIDTH=32'b01100)' (VERI-1018) (E:/Efinity/project/fnetriong/work_dbg/debug_top.v:4598)
[EFX-0012 VERI-INFO] compiling module 'edb_simple_dual_port_ram(DATA_WIDTH=32'b01100,ADDR_WIDTH=10,RAM_INIT_FILE="")' (VERI-1018) (E:/Efinity/project/fnetriong/work_dbg/debug_top.v:452)
[EFX-0012 VERI-INFO] extracting RAM for identifier 'ram' (VERI-2571) (E:/Efinity/project/fnetriong/work_dbg/debug_top.v:467)
[EFX-0012 VERI-INFO] compiling module 'debug_hub' (VERI-1018) (E:/Efinity/project/fnetriong/work_dbg/debug_top.v:321)
[EFX-0011 VERI-WARNING] input port 'probe4[0]' remains unconnected for this instance (VDB-1053) (E:/Efinity/project/fnetriong/work_dbg/debug_top.v:102)
[EFX-0011 VERI-WARNING] input port 'probe4[0]' remains unconnected for this instance (VDB-1053) (E:/Efinity/project/fnetriong/work_dbg/debug_top.v:145)
[EFX-0000 INFO] Setting Synthesis Option: mode=speed
[EFX-0012 VERI-INFO] compiling module 'EFX_ADD' (VERI-1018) (E:/Efinity/2022.2/sim_models/maplib/efinix_maplib.v:6)
[EFX-0012 VERI-INFO] compiling module 'EFX_FF' (VERI-1018) (E:/Efinity/2022.2/sim_models/maplib/efinix_maplib.v:19)
[EFX-0012 VERI-INFO] compiling module 'EFX_COMB4' (VERI-1018) (E:/Efinity/2022.2/sim_models/maplib/efinix_maplib.v:36)
[EFX-0012 VERI-INFO] compiling module 'EFX_GBUFCE' (VERI-1018) (E:/Efinity/2022.2/sim_models/maplib/efinix_maplib.v:46)
[EFX-0012 VERI-INFO] compiling module 'EFX_IDDR' (VERI-1018) (E:/Efinity/2022.2/sim_models/maplib/efinix_maplib.v:55)
[EFX-0012 VERI-INFO] compiling module 'EFX_ODDR' (VERI-1018) (E:/Efinity/2022.2/sim_models/maplib/efinix_maplib.v:69)
[EFX-0012 VERI-INFO] compiling module 'EFX_IOBUF' (VERI-1018) (E:/Efinity/2022.2/sim_models/maplib/efinix_maplib.v:85)
[EFX-0012 VERI-INFO] compiling module 'EFX_LUT4' (VERI-1018) (E:/Efinity/2022.2/sim_models/maplib/efinix_maplib.v:97)
[EFX-0012 VERI-INFO] compiling module 'EFX_MULT' (VERI-1018) (E:/Efinity/2022.2/sim_models/maplib/efinix_maplib.v:105)
[EFX-0012 VERI-INFO] compiling module 'EFX_DSP48' (VERI-1018) (E:/Efinity/2022.2/sim_models/maplib/efinix_maplib.v:140)
[EFX-0012 VERI-INFO] compiling module 'EFX_DSP24' (VERI-1018) (E:/Efinity/2022.2/sim_models/maplib/efinix_maplib.v:196)
[EFX-0012 VERI-INFO] compiling module 'EFX_DSP12' (VERI-1018) (E:/Efinity/2022.2/sim_models/maplib/efinix_maplib.v:249)
[EFX-0012 VERI-INFO] compiling module 'EFX_RAM_4K' (VERI-1018) (E:/Efinity/2022.2/sim_models/maplib/efinix_maplib.v:302)
[EFX-0012 VERI-INFO] compiling module 'EFX_RAM_5K' (VERI-1018) (E:/Efinity/2022.2/sim_models/maplib/efinix_maplib.v:362)
[EFX-0012 VERI-INFO] compiling module 'EFX_DPRAM_5K' (VERI-1018) (E:/Efinity/2022.2/sim_models/maplib/efinix_maplib.v:434)
[EFX-0012 VERI-INFO] compiling module 'RAMB5' (VERI-1018) (E:/Efinity/2022.2/sim_models/maplib/efinix_maplib.v:539)
[EFX-0012 VERI-INFO] compiling module 'EFX_RAM_10K' (VERI-1018) (E:/Efinity/2022.2/sim_models/maplib/efinix_maplib.v:601)
[EFX-0012 VERI-INFO] compiling module 'EFX_RAM10' (VERI-1018) (E:/Efinity/2022.2/sim_models/maplib/efinix_maplib.v:693)
[EFX-0012 VERI-INFO] compiling module 'EFX_DPRAM10' (VERI-1018) (E:/Efinity/2022.2/sim_models/maplib/efinix_maplib.v:794)
[EFX-0012 VERI-INFO] compiling module 'EFX_SRL8' (VERI-1018) (E:/Efinity/2022.2/sim_models/maplib/efinix_maplib.v:924)
[EFX-0000 INFO] ... Pre-synthesis checks begin
[EFX-0200 WARNING] Removing redundant signal : compared_in[0]. (E:/Efinity/project/fnetriong/work_dbg/debug_top.v:5508)
[EFX-0200 WARNING] Removing redundant signal : mask_in[0]. (E:/Efinity/project/fnetriong/work_dbg/debug_top.v:5509)
[EFX-0200 WARNING] Removing redundant signal : trigger_in. (E:/Efinity/project/fnetriong/work_dbg/debug_top.v:5719)
[EFX-0677 INFO] Zero initialization of uninitialized memory block 'ram'. (E:/Efinity/project/fnetriong/work_dbg/debug_top.v:467)
[EFX-0200 WARNING] Removing redundant signal : din[17]. (E:/Efinity/project/fnetriong/work_dbg/debug_top.v:4611)
[EFX-0200 WARNING] Removing redundant signal : trig_out. (E:/Efinity/project/fnetriong/work_dbg/debug_top.v:4890)
[EFX-0200 WARNING] Removing redundant signal : trig_out_ack. (E:/Efinity/project/fnetriong/work_dbg/debug_top.v:4891)
[EFX-0200 WARNING] Removing redundant signal : bscan_DRCK. (E:/Efinity/project/fnetriong/work_dbg/debug_top.v:1075)
[EFX-0200 WARNING] Removing redundant signal : bscan_RUNTEST. (E:/Efinity/project/fnetriong/work_dbg/debug_top.v:1077)
[EFX-0200 WARNING] Removing redundant signal : bscan_SEL. (E:/Efinity/project/fnetriong/work_dbg/debug_top.v:1078)
[EFX-0200 WARNING] Removing redundant signal : bscan_TMS. (E:/Efinity/project/fnetriong/work_dbg/debug_top.v:1082)
[EFX-0200 WARNING] Removing redundant signal : trig_in_ack. (E:/Efinity/project/fnetriong/work_dbg/debug_top.v:1093)
[EFX-0200 WARNING] Removing redundant signal : mux_capture_cmp[3]. (E:/Efinity/project/fnetriong/work_dbg/debug_top.v:3499)
[EFX-0200 WARNING] Removing redundant signal : mux_capture_cmp[2]. (E:/Efinity/project/fnetriong/work_dbg/debug_top.v:3499)
[EFX-0200 WARNING] Removing redundant signal : mux_capture_cmp[1]. (E:/Efinity/project/fnetriong/work_dbg/debug_top.v:3499)
[EFX-0200 WARNING] Removing redundant signal : mux_capture_cmp[0]. (E:/Efinity/project/fnetriong/work_dbg/debug_top.v:3499)
[EFX-0677 INFO] Zero initialization of uninitialized memory block 'ram'. (E:/Efinity/project/fnetriong/work_dbg/debug_top.v:467)
[EFX-0200 WARNING] Removing redundant signal : din[11]. (E:/Efinity/project/fnetriong/work_dbg/debug_top.v:4611)
[EFX-0200 WARNING] Removing redundant signal : trig_out. (E:/Efinity/project/fnetriong/work_dbg/debug_top.v:4890)
[EFX-0200 WARNING] Removing redundant signal : trig_out_ack. (E:/Efinity/project/fnetriong/work_dbg/debug_top.v:4891)
[EFX-0200 WARNING] Removing redundant signal : bscan_DRCK. (E:/Efinity/project/fnetriong/work_dbg/debug_top.v:1075)
[EFX-0200 WARNING] Removing redundant signal : bscan_RUNTEST. (E:/Efinity/project/fnetriong/work_dbg/debug_top.v:1077)
[EFX-0266 WARNING] Module Instance 'la0' input pin tied to constant (trig_in=0).
[EFX-0266 WARNING] Module Instance 'la0' input pin tied to constant (trig_out_ack=0).
[EFX-0201 WARNING] Re-wiring to GND non-driven net 'la0.probe4[0]'. (E:/Efinity/project/fnetriong/work_dbg/debug_top.v:102)
[EFX-0201 WARNING] Re-wiring to GND non-driven net 'la0.probe5[0]'. (E:/Efinity/project/fnetriong/work_dbg/debug_top.v:102)
[EFX-0201 WARNING] Re-wiring to GND non-driven net 'la0.probe6[0]'. (E:/Efinity/project/fnetriong/work_dbg/debug_top.v:102)
[EFX-0201 WARNING] Re-wiring to GND non-driven net 'la0.probe7[0]'. (E:/Efinity/project/fnetriong/work_dbg/debug_top.v:102)
[EFX-0201 WARNING] Re-wiring to GND non-driven net 'la0.probe8[0]'. (E:/Efinity/project/fnetriong/work_dbg/debug_top.v:102)
[EFX-0201 WARNING] Re-wiring to GND non-driven net 'la0.probe9[0]'. (E:/Efinity/project/fnetriong/work_dbg/debug_top.v:102)
[EFX-0201 WARNING] Re-wiring to GND non-driven net 'la0.probe10[0]'. (E:/Efinity/project/fnetriong/work_dbg/debug_top.v:102)
[EFX-0201 WARNING] Re-wiring to GND non-driven net 'la0.probe11[0]'. (E:/Efinity/project/fnetriong/work_dbg/debug_top.v:102)
[EFX-0201 WARNING] Re-wiring to GND non-driven net 'la0.probe12[0]'. (E:/Efinity/project/fnetriong/work_dbg/debug_top.v:102)
[EFX-0201 WARNING] Re-wiring to GND non-driven net 'la0.probe13[0]'. (E:/Efinity/project/fnetriong/work_dbg/debug_top.v:102)
[EFX-0266 WARNING] Module Instance 'la1' input pin tied to constant (trig_in=0).
[EFX-0266 WARNING] Module Instance 'la1' input pin tied to constant (trig_out_ack=0).
[EFX-0000 INFO] ... Pre-synthesis checks end (Real time : 0s)
[EFX-0000 INFO] ... NameSpace init begin
[EFX-0000 INFO] ... NameSpace init end (Real time : 0s)
[EFX-0000 INFO] ... Mapping design "edb_top"
[EFX-0000 INFO] ... Hierarchical pre-synthesis "edb_adbg_crc32" begin
[EFX-0000 INFO] ... Hierarchical pre-synthesis "edb_adbg_crc32" end (Real time : 0s)
[EFX-0000 INFO] ... Hierarchical pre-synthesis "compare_unit(WIDTH=11'b01000,PIPE=1)" begin
[EFX-0000 INFO] ... Hierarchical pre-synthesis "compare_unit(WIDTH=11'b01000,PIPE=1)" end (Real time : 0s)
[EFX-0000 INFO] ... Hierarchical pre-synthesis "compare_unit(WIDTH=11'b01,PIPE=1)" begin
[EFX-0000 INFO] ... Hierarchical pre-synthesis "compare_unit(WIDTH=11'b01,PIPE=1)" end (Real time : 0s)
[EFX-0000 INFO] ... Hierarchical pre-synthesis "compare_unit(WIDTH=11'b0100,PIPE=1)" begin
[EFX-0000 INFO] ... Hierarchical pre-synthesis "compare_unit(WIDTH=11'b0100,PIPE=1)" end (Real time : 0s)
[EFX-0000 INFO] ... Hierarchical pre-synthesis "trigger_unit(WIDTH=32'b0100,PIPE=1)" begin
[EFX-0000 INFO] ... Hierarchical pre-synthesis "trigger_unit(WIDTH=32'b0100,PIPE=1)" end (Real time : 0s)
[EFX-0000 INFO] ... Hierarchical pre-synthesis "fifo_address_trancode_unit" begin
[EFX-0000 INFO] ... Hierarchical pre-synthesis "fifo_address_trancode_unit" end (Real time : 0s)
[EFX-0000 INFO] ... Hierarchical pre-synthesis "edb_simple_dual_port_ram(DATA_WIDTH=32'b010010,ADDR_WIDTH=10,RAM_INIT_FILE="")" begin
[EFX-0000 INFO] ... Hierarchical pre-synthesis "edb_simple_dual_port_ram(DATA_WIDTH=32'b010010,ADDR_WIDTH=10,RAM_INIT_FILE="")" end (Real time : 0s)
[EFX-0000 INFO] ... Hierarchical pre-synthesis "fifo_with_read(DATA_WIDTH=32'b010010)" begin
[EFX-0000 INFO] ... Hierarchical pre-synthesis "fifo_with_read(DATA_WIDTH=32'b010010)" end (Real time : 0s)
[EFX-0000 INFO] ... Hierarchical pre-synthesis "la_biu(CAPTURE_WIDTH=32'b010001)" begin
[EFX-0000 INFO] ... Hierarchical pre-synthesis "la_biu(CAPTURE_WIDTH=32'b010001)" end (Real time : 0s)
[EFX-0000 INFO] ... Hierarchical pre-synthesis "edb_la_top_renamed_due_excessive_length_1" begin
[EFX-0000 INFO] ... Hierarchical pre-synthesis "edb_la_top_renamed_due_excessive_length_1" end (Real time : 1s)
[EFX-0000 INFO] ... Hierarchical pre-synthesis "edb_simple_dual_port_ram(DATA_WIDTH=32'b01100,ADDR_WIDTH=10,RAM_INIT_FILE="")" begin
[EFX-0000 INFO] ... Hierarchical pre-synthesis "edb_simple_dual_port_ram(DATA_WIDTH=32'b01100,ADDR_WIDTH=10,RAM_INIT_FILE="")" end (Real time : 0s)
[EFX-0000 INFO] ... Hierarchical pre-synthesis "fifo_with_read(DATA_WIDTH=32'b01100)" begin
[EFX-0000 INFO] ... Hierarchical pre-synthesis "fifo_with_read(DATA_WIDTH=32'b01100)" end (Real time : 0s)
[EFX-0000 INFO] ... Hierarchical pre-synthesis "la_biu(CAPTURE_WIDTH=32'b01011)" begin
[EFX-0000 INFO] ... Hierarchical pre-synthesis "la_biu(CAPTURE_WIDTH=32'b01011)" end (Real time : 0s)
[EFX-0000 INFO] ... Hierarchical pre-synthesis "edb_la_top_renamed_due_excessive_length_2" begin
[EFX-0000 INFO] ... Hierarchical pre-synthesis "edb_la_top_renamed_due_excessive_length_2" end (Real time : 0s)
[EFX-0000 INFO] ... Hierarchical pre-synthesis "debug_hub" begin
[EFX-0000 INFO] ... Hierarchical pre-synthesis "debug_hub" end (Real time : 0s)
[EFX-0000 INFO] ... Hierarchical pre-synthesis "edb_top" begin
[EFX-0000 INFO] ... Clock Enable Synthesis Performed on 260 flops.
[EFX-0000 INFO] ... Hierarchical pre-synthesis "edb_top" end (Real time : 0s)
[EFX-0000 INFO] ... Flat optimizations begin
[EFX-0000 INFO] ... Flat optimizations end (Real time : 0s)
[EFX-0000 INFO] ... Flat synthesis begin
[EFX-0000 INFO] ... Flat synthesis end (Real time : 0s)
[EFX-0000 INFO] ... Flat optimizations begin
[EFX-0000 INFO] ... Flat optimizations end (Real time : 0s)
[EFX-0000 INFO] ... Check and break combinational loops begin
[EFX-0000 INFO] ... Check and break combinational loops end (Real time : 0s)
[EFX-0000 INFO] ... Sequential Optimization begin
[EFX-0000 INFO] ... Clock Network bscan_TCK with 752 loads will be considered for sequential optimization.
[EFX-0000 INFO] ... Clock Network la0_clk with 256 loads will be considered for sequential optimization.
[EFX-0000 INFO] ... Clock Network la1_clk with 210 loads will be considered for sequential optimization.
[EFX-0000 INFO] ... Sequential Optimization deduced 536 equivalent points.
[EFX-0000 INFO] ... Sequential Optimization end (Real time : 17s)
[EFX-0000 INFO] ... SOP modeling begin
[EFX-0000 INFO] ... SOP modeling end (Real time : 0s)
[EFX-0000 INFO] ... LUT mapping begin
[EFX-0000 INFO] ... LS, strategy: 3, nd: 1439, ed: 4694, lv: 7, pw: 2820.39
[EFX-0000 INFO] ... LUT mapping end (Real time : 7s)
[EFX-0000 INFO] ... Post-synthesis Verific netlist creation begin
[EFX-0000 INFO] ... Post-synthesis Verific netlist creation end (Real time : 1s)
[EFX-0000 INFO] ... Postmap Retiming Optimization begin
[EFX-0000 INFO] ... Clock Network n9 with 752 loads will be considered for retiming optimization.
[EFX-0000 INFO] ... Clock Network n13 with 256 loads will be considered for retiming optimization.
[EFX-0000 INFO] ... Clock Network n31 with 210 loads will be considered for retiming optimization.
[EFX-0000 INFO] ... Performed 0 retime moves.
[EFX-0000 INFO] ... Postmap Retiming Optimization end (Real time : 0s)
[EFX-0000 INFO] ... Post-synthesis Verific netlist unification/params processing begin
[EFX-0000 INFO] ... Post-synthesis Verific netlist unification/params processing end (Real time : 0s)
[EFX-0011 VERI-WARNING] Input/Inout Port bscan_DRCK is unconnected and will be removed 
[EFX-0011 VERI-WARNING] Input/Inout Port bscan_RUNTEST is unconnected and will be removed 
[EFX-0011 VERI-WARNING] Input/Inout Port bscan_TMS is unconnected and will be removed 
[EFX-0012 VERI-INFO] Found 3 warnings in the post-synthesis netlist. 
[EFX-0000 INFO] Resource Summary 
[EFX-0000 INFO] =============================== 
[EFX-0000 INFO] EFX_ADD         : 	180
[EFX-0000 INFO] EFX_LUT4        : 	1411
[EFX-0000 INFO] EFX_FF          : 	1178
[EFX-0000 INFO] EFX_RAM_5K      : 	7
[EFX-0000 INFO] EFX_GBUFCE      : 	3
[EFX-0000 INFO] =============================== 

///////////////////////////////////
// Efinity Synthesis Started 
// Mar 08, 2023 10:20:23
///////////////////////////////////

[EFX-0000 INFO] Setting Synthesis Option: mode=speed
[EFX-0000 INFO] ... Pre-synthesis checks begin
[EFX-0266 WARNING] Module Instance 'fifo' input pin tied to constant (out_want_b=1).
[EFX-0200 WARNING] Removing redundant signal : start_found. (E:\Efinity\project\fnetriong\efnet_octet_to_word.vhd:60)
[EFX-0200 WARNING] Removing redundant signal : packet_start. (E:\Efinity\project\fnetriong\efnet_octet_to_word.vhd:62)
[EFX-0200 WARNING] Removing redundant signal : packet_end. (E:\Efinity\project\fnetriong\efnet_octet_to_word.vhd:63)
[EFX-0200 WARNING] Removing redundant signal : word[15]. (E:\Efinity\project\fnetriong\efnet_octet_to_word.vhd:65)
[EFX-0200 WARNING] Removing redundant signal : word[14]. (E:\Efinity\project\fnetriong\efnet_octet_to_word.vhd:65)
[EFX-0200 WARNING] Removing redundant signal : word[13]. (E:\Efinity\project\fnetriong\efnet_octet_to_word.vhd:65)
[EFX-0200 WARNING] Removing redundant signal : word[12]. (E:\Efinity\project\fnetriong\efnet_octet_to_word.vhd:65)
[EFX-0200 WARNING] Removing redundant signal : word[11]. (E:\Efinity\project\fnetriong\efnet_octet_to_word.vhd:65)
[EFX-0200 WARNING] Removing redundant signal : word[10]. (E:\Efinity\project\fnetriong\efnet_octet_to_word.vhd:65)
[EFX-0200 WARNING] Removing redundant signal : word[9]. (E:\Efinity\project\fnetriong\efnet_octet_to_word.vhd:65)
[EFX-0200 WARNING] Removing redundant signal : word[8]. (E:\Efinity\project\fnetriong\efnet_octet_to_word.vhd:65)
[EFX-0200 WARNING] Removing redundant signal : word[7]. (E:\Efinity\project\fnetriong\efnet_octet_to_word.vhd:65)
[EFX-0200 WARNING] Removing redundant signal : word[6]. (E:\Efinity\project\fnetriong\efnet_octet_to_word.vhd:65)
[EFX-0200 WARNING] Removing redundant signal : word[5]. (E:\Efinity\project\fnetriong\efnet_octet_to_word.vhd:65)
[EFX-0200 WARNING] Removing redundant signal : word[4]. (E:\Efinity\project\fnetriong\efnet_octet_to_word.vhd:65)
[EFX-0200 WARNING] Removing redundant signal : word[3]. (E:\Efinity\project\fnetriong\efnet_octet_to_word.vhd:65)
[EFX-0200 WARNING] Removing redundant signal : word[2]. (E:\Efinity\project\fnetriong\efnet_octet_to_word.vhd:65)
[EFX-0200 WARNING] Removing redundant signal : word[1]. (E:\Efinity\project\fnetriong\efnet_octet_to_word.vhd:65)
[EFX-0200 WARNING] Removing redundant signal : word[0]. (E:\Efinity\project\fnetriong\efnet_octet_to_word.vhd:65)
[EFX-0200 WARNING] Removing redundant signal : octet_counter[0]. (E:\Efinity\project\fnetriong\efnet_octet_to_word.vhd:66)
[EFX-0266 WARNING] Module Instance 'out_sm' input pin tied to constant (idx_tcp_prep[0][31]=0).
[EFX-0266 WARNING] Module Instance 'out_sm' input pin tied to constant (idx_tcp_prep[0][30]=0).
[EFX-0266 WARNING] Module Instance 'out_sm' input pin tied to constant (idx_tcp_prep[0][29]=0).
[EFX-0266 WARNING] Module Instance 'out_sm' input pin tied to constant (idx_tcp_prep[0][28]=0).
[EFX-0266 WARNING] Module Instance 'out_sm' input pin tied to constant (idx_tcp_prep[0][27]=0).
[EFX-0266 WARNING] Module Instance 'out_sm' input pin tied to constant (idx_tcp_prep[0][26]=0).
[EFX-0266 WARNING] Module Instance 'out_sm' input pin tied to constant (idx_tcp_prep[0][25]=0).
[EFX-0266 WARNING] Module Instance 'out_sm' input pin tied to constant (idx_tcp_prep[0][24]=0).
[EFX-0266 WARNING] Module Instance 'out_sm' input pin tied to constant (idx_tcp_prep[0][23]=0).
[EFX-0266 WARNING] Module Instance 'out_sm' input pin tied to constant (idx_tcp_prep[0][22]=0).
[EFX-0266 WARNING] Module Instance 'out_sm' input pin tied to constant (idx_tcp_prep[0][21]=0).
[EFX-0266 WARNING] Module Instance 'out_sm' input pin tied to constant (idx_tcp_prep[0][20]=0).
[EFX-0266 WARNING] Module Instance 'out_sm' input pin tied to constant (idx_tcp_prep[0][19]=0).
[EFX-0266 WARNING] Module Instance 'out_sm' input pin tied to constant (idx_tcp_prep[0][18]=0).
[EFX-0266 WARNING] Module Instance 'out_sm' input pin tied to constant (idx_tcp_prep[0][17]=0).
[EFX-0266 WARNING] Module Instance 'out_sm' input pin tied to constant (idx_tcp_prep[0][16]=0).
[EFX-0266 WARNING] Module Instance 'out_sm' input pin tied to constant (idx_tcp_prep[0][15]=0).
[EFX-0266 WARNING] Module Instance 'out_sm' input pin tied to constant (idx_tcp_prep[0][14]=0).
[EFX-0266 WARNING] Module Instance 'out_sm' input pin tied to constant (idx_tcp_prep[0][13]=0).
[EFX-0266 WARNING] Module Instance 'out_sm' input pin tied to constant (idx_tcp_prep[0][12]=0).
[EFX-0266 WARNING] Module Instance 'out_sm' input pin tied to constant (idx_tcp_prep[0][11]=0).
[EFX-0266 WARNING] Module Instance 'out_sm' input pin tied to constant (idx_tcp_prep[0][10]=0).
[EFX-0266 WARNING] Module Instance 'out_sm' input pin tied to constant (idx_tcp_prep[0][9]=0).
[EFX-0266 WARNING] Module Instance 'out_sm' input pin tied to constant (idx_tcp_prep[0][8]=0).
[EFX-0266 WARNING] Module Instance 'out_sm' input pin tied to constant (idx_tcp_prep[0][7]=0).
[EFX-0266 WARNING] Module Instance 'out_sm' input pin tied to constant (idx_tcp_prep[0][6]=0).
[EFX-0266 WARNING] Module Instance 'out_sm' input pin tied to constant (idx_tcp_prep[0][5]=0).
[EFX-0266 WARNING] Module Instance 'out_sm' input pin tied to constant (idx_tcp_prep[0][4]=0).
[EFX-0266 WARNING] Module Instance 'out_sm' input pin tied to constant (idx_tcp_prep[0][3]=0).
[EFX-0266 WARNING] Module Instance 'out_sm' input pin tied to constant (idx_tcp_prep[0][2]=1).
[EFX-0266 WARNING] Module Instance 'out_sm' input pin tied to constant (idx_tcp_prep[0][1]=0).
[EFX-0266 WARNING] Module Instance 'out_sm' input pin tied to constant (idx_tcp_prep[0][0]=1).
[EFX-0266 WARNING] Module Instance 'out_sm' input pin tied to constant (idx_tcp_prep[1][31]=0).
[EFX-0266 WARNING] Module Instance 'out_sm' input pin tied to constant (idx_tcp_prep[1][30]=0).
[EFX-0266 WARNING] Module Instance 'out_sm' input pin tied to constant (idx_tcp_prep[1][29]=0).
[EFX-0266 WARNING] Module Instance 'out_sm' input pin tied to constant (idx_tcp_prep[1][28]=0).
[EFX-0266 WARNING] Module Instance 'out_sm' input pin tied to constant (idx_tcp_prep[1][27]=0).
[EFX-0266 WARNING] Module Instance 'out_sm' input pin tied to constant (idx_tcp_prep[1][26]=0).
[EFX-0266 WARNING] Module Instance 'out_sm' input pin tied to constant (idx_tcp_prep[1][25]=0).
[EFX-0266 WARNING] Module Instance 'out_sm' input pin tied to constant (idx_tcp_prep[1][24]=0).
[EFX-0266 WARNING] Module Instance 'out_sm' input pin tied to constant (idx_tcp_prep[1][23]=0).
[EFX-0266 WARNING] Module Instance 'out_sm' input pin tied to constant (idx_tcp_prep[1][22]=0).
[EFX-0266 WARNING] Module Instance 'out_sm' input pin tied to constant (idx_tcp_prep[1][21]=0).
[EFX-0266 WARNING] Module Instance 'out_sm' input pin tied to constant (idx_tcp_prep[1][20]=0).
[EFX-0266 WARNING] Module Instance 'out_sm' input pin tied to constant (idx_tcp_prep[1][19]=0).
[EFX-0266 WARNING] Module Instance 'out_sm' input pin tied to constant (idx_tcp_prep[1][18]=0).
[EFX-0266 WARNING] Module Instance 'out_sm' input pin tied to constant (idx_tcp_prep[1][17]=0).
[EFX-0266 WARNING] Module Instance 'out_sm' input pin tied to constant (idx_tcp_prep[1][16]=0).
[EFX-0266 WARNING] Module Instance 'out_sm' input pin tied to constant (idx_tcp_prep[1][15]=0).
[EFX-0266 WARNING] Module Instance 'out_sm' input pin tied to constant (idx_tcp_prep[1][14]=0).
[EFX-0266 WARNING] Module Instance 'out_sm' input pin tied to constant (idx_tcp_prep[1][13]=0).
[EFX-0266 WARNING] Module Instance 'out_sm' input pin tied to constant (idx_tcp_prep[1][12]=0).
[EFX-0266 WARNING] Module Instance 'out_sm' input pin tied to constant (idx_tcp_prep[1][11]=0).
[EFX-0266 WARNING] Module Instance 'out_sm' input pin tied to constant (idx_tcp_prep[1][10]=0).
[EFX-0266 WARNING] Module Instance 'out_sm' input pin tied to constant (idx_tcp_prep[1][9]=0).
[EFX-0266 WARNING] Module Instance 'out_sm' input pin tied to constant (idx_tcp_prep[1][8]=0).
[EFX-0266 WARNING] Module Instance 'out_sm' input pin tied to constant (idx_tcp_prep[1][7]=0).
[EFX-0266 WARNING] Module Instance 'out_sm' input pin tied to constant (idx_tcp_prep[1][6]=0).
[EFX-0266 WARNING] Module Instance 'out_sm' input pin tied to constant (idx_tcp_prep[1][5]=0).
[EFX-0266 WARNING] Module Instance 'out_sm' input pin tied to constant (idx_tcp_prep[1][4]=0).
[EFX-0266 WARNING] Module Instance 'out_sm' input pin tied to constant (idx_tcp_prep[1][3]=0).
[EFX-0266 WARNING] Module Instance 'out_sm' input pin tied to constant (idx_tcp_prep[1][2]=1).
[EFX-0266 WARNING] Module Instance 'out_sm' input pin tied to constant (idx_tcp_prep[1][1]=1).
[EFX-0266 WARNING] Module Instance 'out_sm' input pin tied to constant (idx_tcp_prep[1][0]=0).
[EFX-0266 WARNING] Module Instance 'out_sm' input pin tied to constant (idx_gen[31]=0).
[EFX-0266 WARNING] Module Instance 'out_sm' input pin tied to constant (idx_gen[30]=0).
[EFX-0266 WARNING] Module Instance 'out_sm' input pin tied to constant (idx_gen[29]=0).
[EFX-0266 WARNING] Module Instance 'out_sm' input pin tied to constant (idx_gen[28]=0).
[EFX-0266 WARNING] Module Instance 'out_sm' input pin tied to constant (idx_gen[27]=0).
[EFX-0266 WARNING] Module Instance 'out_sm' input pin tied to constant (idx_gen[26]=0).
[EFX-0266 WARNING] Module Instance 'out_sm' input pin tied to constant (idx_gen[25]=0).
[EFX-0266 WARNING] Module Instance 'out_sm' input pin tied to constant (idx_gen[24]=0).
[EFX-0266 WARNING] Module Instance 'out_sm' input pin tied to constant (idx_gen[23]=0).
[EFX-0266 WARNING] Module Instance 'out_sm' input pin tied to constant (idx_gen[22]=0).
[EFX-0266 WARNING] Module Instance 'out_sm' input pin tied to constant (idx_gen[21]=0).
[EFX-0266 WARNING] Module Instance 'out_sm' input pin tied to constant (idx_gen[20]=0).
[EFX-0266 WARNING] Module Instance 'out_sm' input pin tied to constant (idx_gen[19]=0).
[EFX-0266 WARNING] Module Instance 'out_sm' input pin tied to constant (idx_gen[18]=0).
[EFX-0266 WARNING] Module Instance 'out_sm' input pin tied to constant (idx_gen[17]=0).
[EFX-0266 WARNING] Module Instance 'out_sm' input pin tied to constant (idx_gen[16]=0).
[EFX-0266 WARNING] Module Instance 'out_sm' input pin tied to constant (idx_gen[15]=0).
[EFX-0266 WARNING] Module Instance 'out_sm' input pin tied to constant (idx_gen[14]=0).
[EFX-0266 WARNING] Module Instance 'out_sm' input pin tied to constant (idx_gen[13]=0).
[EFX-0266 WARNING] Module Instance 'out_sm' input pin tied to constant (idx_gen[12]=0).
[EFX-0266 WARNING] Module Instance 'out_sm' input pin tied to constant (idx_gen[11]=0).
[EFX-0266 WARNING] Module Instance 'out_sm' input pin tied to constant (idx_gen[10]=0).
[EFX-0266 WARNING] Module Instance 'out_sm' input pin tied to constant (idx_gen[9]=0).
[EFX-0266 WARNING] Module Instance 'out_sm' input pin tied to constant (idx_gen[8]=0).
[EFX-0266 WARNING] Module Instance 'out_sm' input pin tied to constant (idx_gen[7]=0).
[EFX-0266 WARNING] Module Instance 'out_sm' input pin tied to constant (idx_gen[6]=0).
[EFX-0266 WARNING] Module Instance 'out_sm' input pin tied to constant (idx_gen[5]=0).
[EFX-0266 WARNING] Module Instance 'out_sm' input pin tied to constant (idx_gen[4]=0).
[EFX-0266 WARNING] Module Instance 'out_sm' input pin tied to constant (idx_gen[3]=0).
[EFX-0266 WARNING] Module Instance 'out_sm' input pin tied to constant (idx_gen[2]=0).
[EFX-0266 WARNING] Module Instance 'out_sm' input pin tied to constant (idx_gen[1]=0).
[EFX-0266 WARNING] Module Instance 'out_sm' input pin tied to constant (idx_gen[0]=1).
[EFX-0266 WARNING] Module Instance 'mdio' input pin tied to constant (b_req_data[31]=0).
[EFX-0266 WARNING] Module Instance 'mdio' input pin tied to constant (b_req_data[30]=0).
[EFX-0266 WARNING] Module Instance 'mdio' input pin tied to constant (b_req_data[29]=0).
[EFX-0201 WARNING] Re-wiring to GND non-driven net 'ram_udp_regidp.prod2.set_again'. (E:\Efinity\project\fnetriong\fakernet_module.vhd:134)
[EFX-0201 WARNING] Re-wiring to GND non-driven net 'ram_tcp_template.prod2.set_again'. (E:\Efinity\project\fnetriong\fakernet_module.vhd:136)
[EFX-0201 WARNING] Re-wiring to GND non-driven net 'ram_tcp_prep2[0].prod2.set_again'. (E:\Efinity\project\fnetriong\fakernet_module.vhd:137)
[EFX-0201 WARNING] Re-wiring to GND non-driven net 'ram_tcp_prep2[1].prod2.set_again'. (E:\Efinity\project\fnetriong\fakernet_module.vhd:137)
[EFX-0000 INFO] ... Pre-synthesis checks end (Real time : 0s)
[EFX-0000 INFO] ... NameSpace init begin
[EFX-0000 INFO] ... NameSpace init end (Real time : 0s)
[EFX-0000 INFO] ... Mapping design "fnetriong"
[EFX-0000 INFO] ... Hierarchical pre-synthesis "fnet_async_fifo(width=17)" begin
[EFX-0000 INFO] ... Hierarchical pre-synthesis "fnet_async_fifo(width=17)" end (Real time : 0s)
[EFX-0000 INFO] ... Hierarchical pre-synthesis "efnet_octet_to_word" begin
[EFX-0000 INFO] ... Hierarchical pre-synthesis "efnet_octet_to_word" end (Real time : 0s)
[EFX-0000 INFO] ... Hierarchical pre-synthesis "efb_uart_trace_mem(width=32,samples=512)" begin
[EFX-0000 INFO] ... Hierarchical pre-synthesis "efb_uart_trace_mem(width=32,samples=512)" end (Real time : 0s)
[EFX-0000 INFO] ... Hierarchical pre-synthesis "efb_uart_tx(15,0)" begin
[EFX-0000 INFO] ... Hierarchical pre-synthesis "efb_uart_tx(15,0)" end (Real time : 0s)
[EFX-0000 INFO] ... Hierarchical pre-synthesis "efnet_word_to_octet" begin
[EFX-0000 INFO] ... Hierarchical pre-synthesis "efnet_word_to_octet" end (Real time : 0s)
[EFX-0000 INFO] ... Hierarchical pre-synthesis "efnet_data_array_inject(0,0)(31,0)(0,0)(0,0)(9,0)(7,0)" begin
[EFX-0000 INFO] ... Hierarchical pre-synthesis "efnet_data_array_inject(0,0)(31,0)(0,0)(0,0)(9,0)(7,0)" end (Real time : 0s)
[EFX-0000 INFO] ... Hierarchical pre-synthesis "fnet_crc32" begin
[EFX-0000 INFO] ... Hierarchical pre-synthesis "fnet_crc32" end (Real time : 0s)
[EFX-0000 INFO] ... Hierarchical pre-synthesis "fnet_in_state" begin
[EFX-0000 INFO] ... Hierarchical pre-synthesis "fnet_in_state" end (Real time : 1s)
[EFX-0000 INFO] ... Hierarchical pre-synthesis "fnet_dyn_control" begin
[EFX-0000 INFO] ... Hierarchical pre-synthesis "fnet_dyn_control" end (Real time : 0s)
[EFX-0000 INFO] ... Hierarchical pre-synthesis "fnet_ntp_query_control" begin
[EFX-0000 INFO] ... Hierarchical pre-synthesis "fnet_ntp_query_control" end (Real time : 0s)
[EFX-0000 INFO] ... Hierarchical pre-synthesis "fnet_packet_gen" begin
[EFX-0000 INFO] ... Hierarchical pre-synthesis "fnet_packet_gen" end (Real time : 0s)
[EFX-0000 INFO] ... Hierarchical pre-synthesis "fnet_out_state" begin
[EFX-0000 INFO] ... Hierarchical pre-synthesis "fnet_out_state" end (Real time : 0s)
[EFX-0000 INFO] ... Hierarchical pre-synthesis "fnet_out_pipeline" begin
[EFX-0000 INFO] ... Hierarchical pre-synthesis "fnet_out_pipeline" end (Real time : 0s)
[EFX-0000 INFO] ... Hierarchical pre-synthesis "fnet_regaccess" begin
[EFX-0000 INFO] ... Hierarchical pre-synthesis "fnet_regaccess" end (Real time : 0s)
[EFX-0000 INFO] ... Hierarchical pre-synthesis "ram_block_a11d16" begin
[EFX-0000 INFO] ... Hierarchical pre-synthesis "ram_block_a11d16" end (Real time : 0s)
[EFX-0000 INFO] ... Hierarchical pre-synthesis "fnet_local_reg(test_regs=true,lcl_data_gen=true,limit_payload_window=true,debug_regs=true,debug_counters=true,compiletime=1)" begin
[EFX-0000 INFO] ... Hierarchical pre-synthesis "fnet_local_reg(test_regs=true,lcl_data_gen=true,limit_payload_window=true,debug_regs=true,debug_counters=true,compiletime=1)" end (Real time : 0s)
[EFX-0000 INFO] ... Hierarchical pre-synthesis "fnet_tcp_state(data_bufsize_addrbits=13)" begin
[EFX-0000 INFO] ... Hierarchical pre-synthesis "fnet_tcp_state(data_bufsize_addrbits=13)" end (Real time : 0s)
[EFX-0000 INFO] ... Hierarchical pre-synthesis "fnet_tcp_control(data_bufsize_addrbits=13)" begin
[EFX-0000 INFO] ... Hierarchical pre-synthesis "fnet_tcp_control(data_bufsize_addrbits=13)" end (Real time : 0s)
[EFX-0000 INFO] ... Hierarchical pre-synthesis "fnet_tcp_prepare(data_bufsize_addrbits=13)(12,0)(31,0)" begin
[EFX-0000 INFO] ... Hierarchical pre-synthesis "fnet_tcp_prepare(data_bufsize_addrbits=13)(12,0)(31,0)" end (Real time : 0s)
[EFX-0000 INFO] ... Hierarchical pre-synthesis "fnet_tcp_buffer(data_bufsize_addrbits=13)(9,0)(7,0)(7,0)(5,0)(12,0)(31,0)" begin
[EFX-0000 INFO] ... Hierarchical pre-synthesis "fnet_tcp_buffer(data_bufsize_addrbits=13)(9,0)(7,0)(7,0)(5,0)(12,0)(31,0)" end (Real time : 0s)
[EFX-0000 INFO] ... Hierarchical pre-synthesis "fnet_test_datagen(data_bufsize_addrbits=13)" begin
[EFX-0000 INFO] ... Hierarchical pre-synthesis "fnet_test_datagen(data_bufsize_addrbits=13)" end (Real time : 0s)
[EFX-0000 INFO] ... Hierarchical pre-synthesis "fnet_ram_block_data(addrbits=13)" begin
[EFX-0000 INFO] ... Hierarchical pre-synthesis "fnet_ram_block_data(addrbits=13)" end (Real time : 1s)
[EFX-0000 INFO] ... Hierarchical pre-synthesis "fnet_ram_block_stat" begin
[EFX-0000 INFO] ... Hierarchical pre-synthesis "fnet_ram_block_stat" end (Real time : 0s)
[EFX-0000 INFO] ... Hierarchical pre-synthesis "fnet_regacc_aux_stat" begin
[EFX-0000 INFO] ... Hierarchical pre-synthesis "fnet_regacc_aux_stat" end (Real time : 0s)
[EFX-0000 INFO] ... Hierarchical pre-synthesis "fnet_mdio" begin
[EFX-0000 INFO] ... Hierarchical pre-synthesis "fnet_mdio" end (Real time : 0s)
[EFX-0000 INFO] ... Hierarchical pre-synthesis "fakernet_module(data_bufsize_addrbits=13,compiletime=1)(9,0)(7,0)" begin
[EFX-0000 INFO] ... Hierarchical pre-synthesis "fakernet_module(data_bufsize_addrbits=13,compiletime=1)(9,0)(7,0)" end (Real time : 0s)
[EFX-0000 INFO] ... Hierarchical pre-synthesis "efb_common_top(clk_freq=125000000)(0,-1)(31,0)(0,-1)(0,-1)" begin
[EFX-0000 INFO] ... Hierarchical pre-synthesis "efb_common_top(clk_freq=125000000)(0,-1)(31,0)(0,-1)(0,-1)" end (Real time : 1s)
[EFX-0000 INFO] ... Hierarchical pre-synthesis "edb_top" begin
[EFX-0000 INFO] ... Hierarchical pre-synthesis "edb_top" end (Real time : 0s)
[EFX-0000 INFO] ... Hierarchical pre-synthesis "fnetriong" begin
[EFX-0000 INFO] ... Clock Enable Synthesis Performed on 694 flops.
[EFX-0000 INFO] ... Hierarchical pre-synthesis "fnetriong" end (Real time : 1s)
[EFX-0201 WARNING] Re-wiring to GND non-driven net 't/fakernet/dp_ram_arp_icmp.port_a.o.rd'. (E:\Efinity\project\fnetriong\fakernet_module.vhd:144)
[EFX-0201 WARNING] Re-wiring to GND non-driven net 't/fakernet/dp_ram_pkt_gen.port_a.o.rd'. (E:\Efinity\project\fnetriong\fakernet_module.vhd:145)
[EFX-0201 WARNING] Re-wiring to GND non-driven net 't/fakernet/dp_ram_udp_regacc.port_a.o.rd'. (E:\Efinity\project\fnetriong\fakernet_module.vhd:146)
[EFX-0201 WARNING] Re-wiring to GND non-driven net 't/fakernet/dp_ram_udp_regacc.port_b.o.wr'. (E:\Efinity\project\fnetriong\fakernet_module.vhd:146)
[EFX-0201 WARNING] Re-wiring to GND non-driven net 't/fakernet/dp_ram_udp_regidp.port_a.o.rd'. (E:\Efinity\project\fnetriong\fakernet_module.vhd:147)
[EFX-0201 WARNING] Re-wiring to GND non-driven net 't/fakernet/dp_ram_tcp_template.port_a.o.rd'. (E:\Efinity\project\fnetriong\fakernet_module.vhd:150)
[EFX-0000 INFO] ... Flat optimizations begin
[EFX-0000 INFO] ... Flat optimizations end (Real time : 0s)
[EFX-0000 INFO] ... Flat synthesis begin
[EFX-0000 INFO] ... Flat synthesis end (Real time : 0s)
[EFX-0000 INFO] ... Flat optimizations begin
[EFX-0000 INFO] ... Flat optimizations end (Real time : 0s)
[EFX-0000 INFO] ... Check and break combinational loops begin
[EFX-0000 INFO] ... Check and break combinational loops end (Real time : 0s)
[EFX-0000 INFO] ... Sequential Optimization begin
[EFX-0000 INFO] ... Clock Network clk with 3785 loads will be considered for sequential optimization.
[EFX-0000 INFO] ... Clock Network jtag_inst1_TCK with 738 loads will be considered for sequential optimization.
[EFX-0000 INFO] ... Clock Network eth_rx_clk with 297 loads will be considered for sequential optimization.
[EFX-0000 INFO] ... Sequential Optimization deduced 539 equivalent points.
[EFX-0000 INFO] ... Sequential Optimization end (Real time : 26s)
[EFX-0000 INFO] ... SOP modeling begin
[EFX-0000 INFO] ... SOP modeling end (Real time : 0s)
[EFX-0000 INFO] ... LUT mapping begin
[EFX-0000 INFO] ... LS, strategy: 3, nd: 4820, ed: 15903, lv: 7, pw: 15220.10
[EFX-0000 INFO] ... LUT mapping end (Real time : 16s)
[EFX-0000 INFO] ... Post-synthesis Verific netlist creation begin
[EFX-0000 INFO] ... Post-synthesis Verific netlist creation end (Real time : 0s)
[EFX-0000 INFO] ... Postmap Retiming Optimization begin
[EFX-0000 INFO] ... Clock Network n3 with 3706 loads will be considered for retiming optimization.
[EFX-0000 INFO] ... Clock Network n26 with 738 loads will be considered for retiming optimization.
[EFX-0000 INFO] ... Clock Network n13 with 257 loads will be considered for retiming optimization.
[EFX-0000 INFO] ... Performed 2 retime moves.
[EFX-0000 INFO] ... Postmap Retiming Optimization end (Real time : 1s)
[EFX-0000 INFO] ... Post-synthesis Verific netlist unification/params processing begin
[EFX-0000 INFO] ... Post-synthesis Verific netlist unification/params processing end (Real time : 0s)
[EFX-0000 INFO] Resource Summary 
[EFX-0000 INFO] =============================== 
[EFX-0000 INFO] EFX_ADD         : 	837
[EFX-0000 INFO] EFX_LUT4        : 	6142
[EFX-0000 INFO] EFX_FF          : 	4632
[EFX-0000 INFO] EFX_RAM_5K      : 	114
[EFX-0000 INFO] EFX_DPRAM_5K    : 	4
[EFX-0000 INFO] EFX_GBUFCE      : 	3
[EFX-0000 INFO] =============================== 

///////////////////////////////////
// Efinity Synthesis Started 
// Mar 08, 2023 10:39:42
///////////////////////////////////

[EFX-0012 VERI-INFO] default VHDL library search path is now "E:/Efinity/2022.2/sim_models/vhdl/packages/vhdl_2008" (VHDL-1504) 
[EFX-0012 VERI-INFO] undeclared symbol 'la_capture_mask', assumed default net type 'wire' (VERI-2561) (E:/Efinity/project/fnetriong/work_dbg/debug_top.v:4421)
[EFX-0012 VERI-INFO] undeclared symbol 'next_segment_pointer_eq', assumed default net type 'wire' (VERI-2561) (E:/Efinity/project/fnetriong/work_dbg/debug_top.v:4779)
[EFX-0012 VERI-INFO] undeclared symbol 'next_segment_msb_xor', assumed default net type 'wire' (VERI-2561) (E:/Efinity/project/fnetriong/work_dbg/debug_top.v:4780)
[EFX-0011 VERI-WARNING] port 'probe4' remains unconnected for this instance (VERI-1927) (E:/Efinity/project/fnetriong/work_dbg/debug_top.v:126)
[EFX-0011 VERI-WARNING] port 'probe4' remains unconnected for this instance (VERI-1927) (E:/Efinity/project/fnetriong/work_dbg/debug_top.v:169)
[EFX-0012 VERI-INFO] compiling module 'edb_top' (VERI-1018) (E:/Efinity/project/fnetriong/work_dbg/debug_top.v:10)
[EFX-0012 VERI-INFO] compiling module 'edb_la_top_renamed_due_excessive_length_1' (VERI-1018) (E:/Efinity/project/fnetriong/work_dbg/debug_top.v:542)
[EFX-0011 VERI-WARNING] expression size 256 truncated to fit in target size 64 (VERI-1209) (E:/Efinity/project/fnetriong/work_dbg/debug_top.v:3638)
[EFX-0012 VERI-INFO] compiling module 'edb_adbg_crc32' (VERI-1018) (E:/Efinity/project/fnetriong/work_dbg/debug_top.v:243)
[EFX-0012 VERI-INFO] compiling module 'compare_unit(WIDTH=11'b01000,PIPE=1)' (VERI-1018) (E:/Efinity/project/fnetriong/work_dbg/debug_top.v:5502)
[EFX-0012 VERI-INFO] compiling module 'compare_unit(WIDTH=11'b01,PIPE=1)' (VERI-1018) (E:/Efinity/project/fnetriong/work_dbg/debug_top.v:5502)
[EFX-0012 VERI-INFO] compiling module 'compare_unit(WIDTH=11'b0100,PIPE=1)' (VERI-1018) (E:/Efinity/project/fnetriong/work_dbg/debug_top.v:5502)
[EFX-0012 VERI-INFO] compiling module 'trigger_unit(WIDTH=32'b0100,PIPE=1)' (VERI-1018) (E:/Efinity/project/fnetriong/work_dbg/debug_top.v:5707)
[EFX-0012 VERI-INFO] compiling module 'la_biu(CAPTURE_WIDTH=32'b010001)' (VERI-1018) (E:/Efinity/project/fnetriong/work_dbg/debug_top.v:4856)
[EFX-0012 VERI-INFO] compiling module 'fifo_with_read(DATA_WIDTH=32'b010010)' (VERI-1018) (E:/Efinity/project/fnetriong/work_dbg/debug_top.v:4598)
[EFX-0012 VERI-INFO] compiling module 'fifo_address_trancode_unit' (VERI-1018) (E:/Efinity/project/fnetriong/work_dbg/debug_top.v:4548)
[EFX-0012 VERI-INFO] compiling module 'edb_simple_dual_port_ram(DATA_WIDTH=32'b010010,ADDR_WIDTH=10,RAM_INIT_FILE="")' (VERI-1018) (E:/Efinity/project/fnetriong/work_dbg/debug_top.v:452)
[EFX-0012 VERI-INFO] extracting RAM for identifier 'ram' (VERI-2571) (E:/Efinity/project/fnetriong/work_dbg/debug_top.v:467)
[EFX-0012 VERI-INFO] compiling module 'edb_la_top_renamed_due_excessive_length_2' (VERI-1018) (E:/Efinity/project/fnetriong/work_dbg/debug_top.v:542)
[EFX-0011 VERI-WARNING] expression size 256 truncated to fit in target size 64 (VERI-1209) (E:/Efinity/project/fnetriong/work_dbg/debug_top.v:3638)
[EFX-0012 VERI-INFO] compiling module 'la_biu(CAPTURE_WIDTH=32'b01011)' (VERI-1018) (E:/Efinity/project/fnetriong/work_dbg/debug_top.v:4856)
[EFX-0012 VERI-INFO] compiling module 'fifo_with_read(DATA_WIDTH=32'b01100)' (VERI-1018) (E:/Efinity/project/fnetriong/work_dbg/debug_top.v:4598)
[EFX-0012 VERI-INFO] compiling module 'edb_simple_dual_port_ram(DATA_WIDTH=32'b01100,ADDR_WIDTH=10,RAM_INIT_FILE="")' (VERI-1018) (E:/Efinity/project/fnetriong/work_dbg/debug_top.v:452)
[EFX-0012 VERI-INFO] extracting RAM for identifier 'ram' (VERI-2571) (E:/Efinity/project/fnetriong/work_dbg/debug_top.v:467)
[EFX-0012 VERI-INFO] compiling module 'debug_hub' (VERI-1018) (E:/Efinity/project/fnetriong/work_dbg/debug_top.v:321)
[EFX-0011 VERI-WARNING] input port 'probe4[0]' remains unconnected for this instance (VDB-1053) (E:/Efinity/project/fnetriong/work_dbg/debug_top.v:102)
[EFX-0011 VERI-WARNING] input port 'probe4[0]' remains unconnected for this instance (VDB-1053) (E:/Efinity/project/fnetriong/work_dbg/debug_top.v:145)
[EFX-0000 INFO] Setting Synthesis Option: mode=speed
[EFX-0012 VERI-INFO] compiling module 'EFX_ADD' (VERI-1018) (E:/Efinity/2022.2/sim_models/maplib/efinix_maplib.v:6)
[EFX-0012 VERI-INFO] compiling module 'EFX_FF' (VERI-1018) (E:/Efinity/2022.2/sim_models/maplib/efinix_maplib.v:19)
[EFX-0012 VERI-INFO] compiling module 'EFX_COMB4' (VERI-1018) (E:/Efinity/2022.2/sim_models/maplib/efinix_maplib.v:36)
[EFX-0012 VERI-INFO] compiling module 'EFX_GBUFCE' (VERI-1018) (E:/Efinity/2022.2/sim_models/maplib/efinix_maplib.v:46)
[EFX-0012 VERI-INFO] compiling module 'EFX_IDDR' (VERI-1018) (E:/Efinity/2022.2/sim_models/maplib/efinix_maplib.v:55)
[EFX-0012 VERI-INFO] compiling module 'EFX_ODDR' (VERI-1018) (E:/Efinity/2022.2/sim_models/maplib/efinix_maplib.v:69)
[EFX-0012 VERI-INFO] compiling module 'EFX_IOBUF' (VERI-1018) (E:/Efinity/2022.2/sim_models/maplib/efinix_maplib.v:85)
[EFX-0012 VERI-INFO] compiling module 'EFX_LUT4' (VERI-1018) (E:/Efinity/2022.2/sim_models/maplib/efinix_maplib.v:97)
[EFX-0012 VERI-INFO] compiling module 'EFX_MULT' (VERI-1018) (E:/Efinity/2022.2/sim_models/maplib/efinix_maplib.v:105)
[EFX-0012 VERI-INFO] compiling module 'EFX_DSP48' (VERI-1018) (E:/Efinity/2022.2/sim_models/maplib/efinix_maplib.v:140)
[EFX-0012 VERI-INFO] compiling module 'EFX_DSP24' (VERI-1018) (E:/Efinity/2022.2/sim_models/maplib/efinix_maplib.v:196)
[EFX-0012 VERI-INFO] compiling module 'EFX_DSP12' (VERI-1018) (E:/Efinity/2022.2/sim_models/maplib/efinix_maplib.v:249)
[EFX-0012 VERI-INFO] compiling module 'EFX_RAM_4K' (VERI-1018) (E:/Efinity/2022.2/sim_models/maplib/efinix_maplib.v:302)
[EFX-0012 VERI-INFO] compiling module 'EFX_RAM_5K' (VERI-1018) (E:/Efinity/2022.2/sim_models/maplib/efinix_maplib.v:362)
[EFX-0012 VERI-INFO] compiling module 'EFX_DPRAM_5K' (VERI-1018) (E:/Efinity/2022.2/sim_models/maplib/efinix_maplib.v:434)
[EFX-0012 VERI-INFO] compiling module 'RAMB5' (VERI-1018) (E:/Efinity/2022.2/sim_models/maplib/efinix_maplib.v:539)
[EFX-0012 VERI-INFO] compiling module 'EFX_RAM_10K' (VERI-1018) (E:/Efinity/2022.2/sim_models/maplib/efinix_maplib.v:601)
[EFX-0012 VERI-INFO] compiling module 'EFX_RAM10' (VERI-1018) (E:/Efinity/2022.2/sim_models/maplib/efinix_maplib.v:693)
[EFX-0012 VERI-INFO] compiling module 'EFX_DPRAM10' (VERI-1018) (E:/Efinity/2022.2/sim_models/maplib/efinix_maplib.v:794)
[EFX-0012 VERI-INFO] compiling module 'EFX_SRL8' (VERI-1018) (E:/Efinity/2022.2/sim_models/maplib/efinix_maplib.v:924)
[EFX-0000 INFO] ... Pre-synthesis checks begin
[EFX-0200 WARNING] Removing redundant signal : compared_in[0]. (E:/Efinity/project/fnetriong/work_dbg/debug_top.v:5508)
[EFX-0200 WARNING] Removing redundant signal : mask_in[0]. (E:/Efinity/project/fnetriong/work_dbg/debug_top.v:5509)
[EFX-0200 WARNING] Removing redundant signal : trigger_in. (E:/Efinity/project/fnetriong/work_dbg/debug_top.v:5719)
[EFX-0677 INFO] Zero initialization of uninitialized memory block 'ram'. (E:/Efinity/project/fnetriong/work_dbg/debug_top.v:467)
[EFX-0200 WARNING] Removing redundant signal : din[17]. (E:/Efinity/project/fnetriong/work_dbg/debug_top.v:4611)
[EFX-0200 WARNING] Removing redundant signal : trig_out. (E:/Efinity/project/fnetriong/work_dbg/debug_top.v:4890)
[EFX-0200 WARNING] Removing redundant signal : trig_out_ack. (E:/Efinity/project/fnetriong/work_dbg/debug_top.v:4891)
[EFX-0200 WARNING] Removing redundant signal : bscan_DRCK. (E:/Efinity/project/fnetriong/work_dbg/debug_top.v:1075)
[EFX-0200 WARNING] Removing redundant signal : bscan_RUNTEST. (E:/Efinity/project/fnetriong/work_dbg/debug_top.v:1077)
[EFX-0200 WARNING] Removing redundant signal : bscan_SEL. (E:/Efinity/project/fnetriong/work_dbg/debug_top.v:1078)
[EFX-0200 WARNING] Removing redundant signal : bscan_TMS. (E:/Efinity/project/fnetriong/work_dbg/debug_top.v:1082)
[EFX-0200 WARNING] Removing redundant signal : trig_in_ack. (E:/Efinity/project/fnetriong/work_dbg/debug_top.v:1093)
[EFX-0200 WARNING] Removing redundant signal : mux_capture_cmp[3]. (E:/Efinity/project/fnetriong/work_dbg/debug_top.v:3499)
[EFX-0200 WARNING] Removing redundant signal : mux_capture_cmp[2]. (E:/Efinity/project/fnetriong/work_dbg/debug_top.v:3499)
[EFX-0200 WARNING] Removing redundant signal : mux_capture_cmp[1]. (E:/Efinity/project/fnetriong/work_dbg/debug_top.v:3499)
[EFX-0200 WARNING] Removing redundant signal : mux_capture_cmp[0]. (E:/Efinity/project/fnetriong/work_dbg/debug_top.v:3499)
[EFX-0677 INFO] Zero initialization of uninitialized memory block 'ram'. (E:/Efinity/project/fnetriong/work_dbg/debug_top.v:467)
[EFX-0200 WARNING] Removing redundant signal : din[11]. (E:/Efinity/project/fnetriong/work_dbg/debug_top.v:4611)
[EFX-0200 WARNING] Removing redundant signal : trig_out. (E:/Efinity/project/fnetriong/work_dbg/debug_top.v:4890)
[EFX-0200 WARNING] Removing redundant signal : trig_out_ack. (E:/Efinity/project/fnetriong/work_dbg/debug_top.v:4891)
[EFX-0200 WARNING] Removing redundant signal : bscan_DRCK. (E:/Efinity/project/fnetriong/work_dbg/debug_top.v:1075)
[EFX-0200 WARNING] Removing redundant signal : bscan_RUNTEST. (E:/Efinity/project/fnetriong/work_dbg/debug_top.v:1077)
[EFX-0266 WARNING] Module Instance 'la0' input pin tied to constant (trig_in=0).
[EFX-0266 WARNING] Module Instance 'la0' input pin tied to constant (trig_out_ack=0).
[EFX-0201 WARNING] Re-wiring to GND non-driven net 'la0.probe4[0]'. (E:/Efinity/project/fnetriong/work_dbg/debug_top.v:102)
[EFX-0201 WARNING] Re-wiring to GND non-driven net 'la0.probe5[0]'. (E:/Efinity/project/fnetriong/work_dbg/debug_top.v:102)
[EFX-0201 WARNING] Re-wiring to GND non-driven net 'la0.probe6[0]'. (E:/Efinity/project/fnetriong/work_dbg/debug_top.v:102)
[EFX-0201 WARNING] Re-wiring to GND non-driven net 'la0.probe7[0]'. (E:/Efinity/project/fnetriong/work_dbg/debug_top.v:102)
[EFX-0201 WARNING] Re-wiring to GND non-driven net 'la0.probe8[0]'. (E:/Efinity/project/fnetriong/work_dbg/debug_top.v:102)
[EFX-0201 WARNING] Re-wiring to GND non-driven net 'la0.probe9[0]'. (E:/Efinity/project/fnetriong/work_dbg/debug_top.v:102)
[EFX-0201 WARNING] Re-wiring to GND non-driven net 'la0.probe10[0]'. (E:/Efinity/project/fnetriong/work_dbg/debug_top.v:102)
[EFX-0201 WARNING] Re-wiring to GND non-driven net 'la0.probe11[0]'. (E:/Efinity/project/fnetriong/work_dbg/debug_top.v:102)
[EFX-0201 WARNING] Re-wiring to GND non-driven net 'la0.probe12[0]'. (E:/Efinity/project/fnetriong/work_dbg/debug_top.v:102)
[EFX-0201 WARNING] Re-wiring to GND non-driven net 'la0.probe13[0]'. (E:/Efinity/project/fnetriong/work_dbg/debug_top.v:102)
[EFX-0266 WARNING] Module Instance 'la1' input pin tied to constant (trig_in=0).
[EFX-0266 WARNING] Module Instance 'la1' input pin tied to constant (trig_out_ack=0).
[EFX-0000 INFO] ... Pre-synthesis checks end (Real time : 0s)
[EFX-0000 INFO] ... NameSpace init begin
[EFX-0000 INFO] ... NameSpace init end (Real time : 0s)
[EFX-0000 INFO] ... Mapping design "edb_top"
[EFX-0000 INFO] ... Hierarchical pre-synthesis "edb_adbg_crc32" begin
[EFX-0000 INFO] ... Hierarchical pre-synthesis "edb_adbg_crc32" end (Real time : 0s)
[EFX-0000 INFO] ... Hierarchical pre-synthesis "compare_unit(WIDTH=11'b01000,PIPE=1)" begin
[EFX-0000 INFO] ... Hierarchical pre-synthesis "compare_unit(WIDTH=11'b01000,PIPE=1)" end (Real time : 0s)
[EFX-0000 INFO] ... Hierarchical pre-synthesis "compare_unit(WIDTH=11'b01,PIPE=1)" begin
[EFX-0000 INFO] ... Hierarchical pre-synthesis "compare_unit(WIDTH=11'b01,PIPE=1)" end (Real time : 0s)
[EFX-0000 INFO] ... Hierarchical pre-synthesis "compare_unit(WIDTH=11'b0100,PIPE=1)" begin
[EFX-0000 INFO] ... Hierarchical pre-synthesis "compare_unit(WIDTH=11'b0100,PIPE=1)" end (Real time : 0s)
[EFX-0000 INFO] ... Hierarchical pre-synthesis "trigger_unit(WIDTH=32'b0100,PIPE=1)" begin
[EFX-0000 INFO] ... Hierarchical pre-synthesis "trigger_unit(WIDTH=32'b0100,PIPE=1)" end (Real time : 0s)
[EFX-0000 INFO] ... Hierarchical pre-synthesis "fifo_address_trancode_unit" begin
[EFX-0000 INFO] ... Hierarchical pre-synthesis "fifo_address_trancode_unit" end (Real time : 0s)
[EFX-0000 INFO] ... Hierarchical pre-synthesis "edb_simple_dual_port_ram(DATA_WIDTH=32'b010010,ADDR_WIDTH=10,RAM_INIT_FILE="")" begin
[EFX-0000 INFO] ... Hierarchical pre-synthesis "edb_simple_dual_port_ram(DATA_WIDTH=32'b010010,ADDR_WIDTH=10,RAM_INIT_FILE="")" end (Real time : 0s)
[EFX-0000 INFO] ... Hierarchical pre-synthesis "fifo_with_read(DATA_WIDTH=32'b010010)" begin
[EFX-0000 INFO] ... Hierarchical pre-synthesis "fifo_with_read(DATA_WIDTH=32'b010010)" end (Real time : 0s)
[EFX-0000 INFO] ... Hierarchical pre-synthesis "la_biu(CAPTURE_WIDTH=32'b010001)" begin
[EFX-0000 INFO] ... Hierarchical pre-synthesis "la_biu(CAPTURE_WIDTH=32'b010001)" end (Real time : 0s)
[EFX-0000 INFO] ... Hierarchical pre-synthesis "edb_la_top_renamed_due_excessive_length_1" begin
[EFX-0000 INFO] ... Hierarchical pre-synthesis "edb_la_top_renamed_due_excessive_length_1" end (Real time : 0s)
[EFX-0000 INFO] ... Hierarchical pre-synthesis "edb_simple_dual_port_ram(DATA_WIDTH=32'b01100,ADDR_WIDTH=10,RAM_INIT_FILE="")" begin
[EFX-0000 INFO] ... Hierarchical pre-synthesis "edb_simple_dual_port_ram(DATA_WIDTH=32'b01100,ADDR_WIDTH=10,RAM_INIT_FILE="")" end (Real time : 0s)
[EFX-0000 INFO] ... Hierarchical pre-synthesis "fifo_with_read(DATA_WIDTH=32'b01100)" begin
[EFX-0000 INFO] ... Hierarchical pre-synthesis "fifo_with_read(DATA_WIDTH=32'b01100)" end (Real time : 0s)
[EFX-0000 INFO] ... Hierarchical pre-synthesis "la_biu(CAPTURE_WIDTH=32'b01011)" begin
[EFX-0000 INFO] ... Hierarchical pre-synthesis "la_biu(CAPTURE_WIDTH=32'b01011)" end (Real time : 0s)
[EFX-0000 INFO] ... Hierarchical pre-synthesis "edb_la_top_renamed_due_excessive_length_2" begin
[EFX-0000 INFO] ... Hierarchical pre-synthesis "edb_la_top_renamed_due_excessive_length_2" end (Real time : 0s)
[EFX-0000 INFO] ... Hierarchical pre-synthesis "debug_hub" begin
[EFX-0000 INFO] ... Hierarchical pre-synthesis "debug_hub" end (Real time : 0s)
[EFX-0000 INFO] ... Hierarchical pre-synthesis "edb_top" begin
[EFX-0000 INFO] ... Clock Enable Synthesis Performed on 260 flops.
[EFX-0000 INFO] ... Hierarchical pre-synthesis "edb_top" end (Real time : 1s)
[EFX-0000 INFO] ... Flat optimizations begin
[EFX-0000 INFO] ... Flat optimizations end (Real time : 0s)
[EFX-0000 INFO] ... Flat synthesis begin
[EFX-0000 INFO] ... Flat synthesis end (Real time : 0s)
[EFX-0000 INFO] ... Flat optimizations begin
[EFX-0000 INFO] ... Flat optimizations end (Real time : 0s)
[EFX-0000 INFO] ... Check and break combinational loops begin
[EFX-0000 INFO] ... Check and break combinational loops end (Real time : 0s)
[EFX-0000 INFO] ... Sequential Optimization begin
[EFX-0000 INFO] ... Clock Network bscan_TCK with 752 loads will be considered for sequential optimization.
[EFX-0000 INFO] ... Clock Network la0_clk with 256 loads will be considered for sequential optimization.
[EFX-0000 INFO] ... Clock Network la1_clk with 210 loads will be considered for sequential optimization.
[EFX-0000 INFO] ... Sequential Optimization deduced 535 equivalent points.
[EFX-0000 INFO] ... Sequential Optimization end (Real time : 16s)
[EFX-0000 INFO] ... SOP modeling begin
[EFX-0000 INFO] ... SOP modeling end (Real time : 0s)
[EFX-0000 INFO] ... LUT mapping begin
[EFX-0000 INFO] ... LS, strategy: 3, nd: 1426, ed: 4678, lv: 7, pw: 2786.21
[EFX-0000 INFO] ... LUT mapping end (Real time : 8s)
[EFX-0000 INFO] ... Post-synthesis Verific netlist creation begin
[EFX-0000 INFO] ... Post-synthesis Verific netlist creation end (Real time : 0s)
[EFX-0000 INFO] ... Postmap Retiming Optimization begin
[EFX-0000 INFO] ... Clock Network n9 with 752 loads will be considered for retiming optimization.
[EFX-0000 INFO] ... Clock Network n13 with 256 loads will be considered for retiming optimization.
[EFX-0000 INFO] ... Clock Network n31 with 210 loads will be considered for retiming optimization.
[EFX-0000 INFO] ... Performed 0 retime moves.
[EFX-0000 INFO] ... Postmap Retiming Optimization end (Real time : 1s)
[EFX-0000 INFO] ... Post-synthesis Verific netlist unification/params processing begin
[EFX-0000 INFO] ... Post-synthesis Verific netlist unification/params processing end (Real time : 0s)
[EFX-0011 VERI-WARNING] Input/Inout Port bscan_DRCK is unconnected and will be removed 
[EFX-0011 VERI-WARNING] Input/Inout Port bscan_RUNTEST is unconnected and will be removed 
[EFX-0011 VERI-WARNING] Input/Inout Port bscan_TMS is unconnected and will be removed 
[EFX-0012 VERI-INFO] Found 3 warnings in the post-synthesis netlist. 
[EFX-0000 INFO] Resource Summary 
[EFX-0000 INFO] =============================== 
[EFX-0000 INFO] EFX_ADD         : 	180
[EFX-0000 INFO] EFX_LUT4        : 	1398
[EFX-0000 INFO] EFX_FF          : 	1178
[EFX-0000 INFO] EFX_RAM_5K      : 	7
[EFX-0000 INFO] EFX_GBUFCE      : 	3
[EFX-0000 INFO] =============================== 

///////////////////////////////////
// Efinity Synthesis Started 
// Mar 08, 2023 10:40:13
///////////////////////////////////

[EFX-0000 INFO] Setting Synthesis Option: mode=speed
[EFX-0000 INFO] ... Pre-synthesis checks begin
[EFX-0266 WARNING] Module Instance 'fifo' input pin tied to constant (out_want_b=1).
[EFX-0200 WARNING] Removing redundant signal : start_found. (E:\Efinity\project\fnetriong\efnet_octet_to_word.vhd:60)
[EFX-0200 WARNING] Removing redundant signal : packet_start. (E:\Efinity\project\fnetriong\efnet_octet_to_word.vhd:62)
[EFX-0200 WARNING] Removing redundant signal : packet_end. (E:\Efinity\project\fnetriong\efnet_octet_to_word.vhd:63)
[EFX-0200 WARNING] Removing redundant signal : word[15]. (E:\Efinity\project\fnetriong\efnet_octet_to_word.vhd:65)
[EFX-0200 WARNING] Removing redundant signal : word[14]. (E:\Efinity\project\fnetriong\efnet_octet_to_word.vhd:65)
[EFX-0200 WARNING] Removing redundant signal : word[13]. (E:\Efinity\project\fnetriong\efnet_octet_to_word.vhd:65)
[EFX-0200 WARNING] Removing redundant signal : word[12]. (E:\Efinity\project\fnetriong\efnet_octet_to_word.vhd:65)
[EFX-0200 WARNING] Removing redundant signal : word[11]. (E:\Efinity\project\fnetriong\efnet_octet_to_word.vhd:65)
[EFX-0200 WARNING] Removing redundant signal : word[10]. (E:\Efinity\project\fnetriong\efnet_octet_to_word.vhd:65)
[EFX-0200 WARNING] Removing redundant signal : word[9]. (E:\Efinity\project\fnetriong\efnet_octet_to_word.vhd:65)
[EFX-0200 WARNING] Removing redundant signal : word[8]. (E:\Efinity\project\fnetriong\efnet_octet_to_word.vhd:65)
[EFX-0200 WARNING] Removing redundant signal : word[7]. (E:\Efinity\project\fnetriong\efnet_octet_to_word.vhd:65)
[EFX-0200 WARNING] Removing redundant signal : word[6]. (E:\Efinity\project\fnetriong\efnet_octet_to_word.vhd:65)
[EFX-0200 WARNING] Removing redundant signal : word[5]. (E:\Efinity\project\fnetriong\efnet_octet_to_word.vhd:65)
[EFX-0200 WARNING] Removing redundant signal : word[4]. (E:\Efinity\project\fnetriong\efnet_octet_to_word.vhd:65)
[EFX-0200 WARNING] Removing redundant signal : word[3]. (E:\Efinity\project\fnetriong\efnet_octet_to_word.vhd:65)
[EFX-0200 WARNING] Removing redundant signal : word[2]. (E:\Efinity\project\fnetriong\efnet_octet_to_word.vhd:65)
[EFX-0200 WARNING] Removing redundant signal : word[1]. (E:\Efinity\project\fnetriong\efnet_octet_to_word.vhd:65)
[EFX-0200 WARNING] Removing redundant signal : word[0]. (E:\Efinity\project\fnetriong\efnet_octet_to_word.vhd:65)
[EFX-0200 WARNING] Removing redundant signal : octet_counter[0]. (E:\Efinity\project\fnetriong\efnet_octet_to_word.vhd:66)
[EFX-0266 WARNING] Module Instance 'out_sm' input pin tied to constant (idx_tcp_prep[0][31]=0).
[EFX-0266 WARNING] Module Instance 'out_sm' input pin tied to constant (idx_tcp_prep[0][30]=0).
[EFX-0266 WARNING] Module Instance 'out_sm' input pin tied to constant (idx_tcp_prep[0][29]=0).
[EFX-0266 WARNING] Module Instance 'out_sm' input pin tied to constant (idx_tcp_prep[0][28]=0).
[EFX-0266 WARNING] Module Instance 'out_sm' input pin tied to constant (idx_tcp_prep[0][27]=0).
[EFX-0266 WARNING] Module Instance 'out_sm' input pin tied to constant (idx_tcp_prep[0][26]=0).
[EFX-0266 WARNING] Module Instance 'out_sm' input pin tied to constant (idx_tcp_prep[0][25]=0).
[EFX-0266 WARNING] Module Instance 'out_sm' input pin tied to constant (idx_tcp_prep[0][24]=0).
[EFX-0266 WARNING] Module Instance 'out_sm' input pin tied to constant (idx_tcp_prep[0][23]=0).
[EFX-0266 WARNING] Module Instance 'out_sm' input pin tied to constant (idx_tcp_prep[0][22]=0).
[EFX-0266 WARNING] Module Instance 'out_sm' input pin tied to constant (idx_tcp_prep[0][21]=0).
[EFX-0266 WARNING] Module Instance 'out_sm' input pin tied to constant (idx_tcp_prep[0][20]=0).
[EFX-0266 WARNING] Module Instance 'out_sm' input pin tied to constant (idx_tcp_prep[0][19]=0).
[EFX-0266 WARNING] Module Instance 'out_sm' input pin tied to constant (idx_tcp_prep[0][18]=0).
[EFX-0266 WARNING] Module Instance 'out_sm' input pin tied to constant (idx_tcp_prep[0][17]=0).
[EFX-0266 WARNING] Module Instance 'out_sm' input pin tied to constant (idx_tcp_prep[0][16]=0).
[EFX-0266 WARNING] Module Instance 'out_sm' input pin tied to constant (idx_tcp_prep[0][15]=0).
[EFX-0266 WARNING] Module Instance 'out_sm' input pin tied to constant (idx_tcp_prep[0][14]=0).
[EFX-0266 WARNING] Module Instance 'out_sm' input pin tied to constant (idx_tcp_prep[0][13]=0).
[EFX-0266 WARNING] Module Instance 'out_sm' input pin tied to constant (idx_tcp_prep[0][12]=0).
[EFX-0266 WARNING] Module Instance 'out_sm' input pin tied to constant (idx_tcp_prep[0][11]=0).
[EFX-0266 WARNING] Module Instance 'out_sm' input pin tied to constant (idx_tcp_prep[0][10]=0).
[EFX-0266 WARNING] Module Instance 'out_sm' input pin tied to constant (idx_tcp_prep[0][9]=0).
[EFX-0266 WARNING] Module Instance 'out_sm' input pin tied to constant (idx_tcp_prep[0][8]=0).
[EFX-0266 WARNING] Module Instance 'out_sm' input pin tied to constant (idx_tcp_prep[0][7]=0).
[EFX-0266 WARNING] Module Instance 'out_sm' input pin tied to constant (idx_tcp_prep[0][6]=0).
[EFX-0266 WARNING] Module Instance 'out_sm' input pin tied to constant (idx_tcp_prep[0][5]=0).
[EFX-0266 WARNING] Module Instance 'out_sm' input pin tied to constant (idx_tcp_prep[0][4]=0).
[EFX-0266 WARNING] Module Instance 'out_sm' input pin tied to constant (idx_tcp_prep[0][3]=0).
[EFX-0266 WARNING] Module Instance 'out_sm' input pin tied to constant (idx_tcp_prep[0][2]=1).
[EFX-0266 WARNING] Module Instance 'out_sm' input pin tied to constant (idx_tcp_prep[0][1]=0).
[EFX-0266 WARNING] Module Instance 'out_sm' input pin tied to constant (idx_tcp_prep[0][0]=1).
[EFX-0266 WARNING] Module Instance 'out_sm' input pin tied to constant (idx_tcp_prep[1][31]=0).
[EFX-0266 WARNING] Module Instance 'out_sm' input pin tied to constant (idx_tcp_prep[1][30]=0).
[EFX-0266 WARNING] Module Instance 'out_sm' input pin tied to constant (idx_tcp_prep[1][29]=0).
[EFX-0266 WARNING] Module Instance 'out_sm' input pin tied to constant (idx_tcp_prep[1][28]=0).
[EFX-0266 WARNING] Module Instance 'out_sm' input pin tied to constant (idx_tcp_prep[1][27]=0).
[EFX-0266 WARNING] Module Instance 'out_sm' input pin tied to constant (idx_tcp_prep[1][26]=0).
[EFX-0266 WARNING] Module Instance 'out_sm' input pin tied to constant (idx_tcp_prep[1][25]=0).
[EFX-0266 WARNING] Module Instance 'out_sm' input pin tied to constant (idx_tcp_prep[1][24]=0).
[EFX-0266 WARNING] Module Instance 'out_sm' input pin tied to constant (idx_tcp_prep[1][23]=0).
[EFX-0266 WARNING] Module Instance 'out_sm' input pin tied to constant (idx_tcp_prep[1][22]=0).
[EFX-0266 WARNING] Module Instance 'out_sm' input pin tied to constant (idx_tcp_prep[1][21]=0).
[EFX-0266 WARNING] Module Instance 'out_sm' input pin tied to constant (idx_tcp_prep[1][20]=0).
[EFX-0266 WARNING] Module Instance 'out_sm' input pin tied to constant (idx_tcp_prep[1][19]=0).
[EFX-0266 WARNING] Module Instance 'out_sm' input pin tied to constant (idx_tcp_prep[1][18]=0).
[EFX-0266 WARNING] Module Instance 'out_sm' input pin tied to constant (idx_tcp_prep[1][17]=0).
[EFX-0266 WARNING] Module Instance 'out_sm' input pin tied to constant (idx_tcp_prep[1][16]=0).
[EFX-0266 WARNING] Module Instance 'out_sm' input pin tied to constant (idx_tcp_prep[1][15]=0).
[EFX-0266 WARNING] Module Instance 'out_sm' input pin tied to constant (idx_tcp_prep[1][14]=0).
[EFX-0266 WARNING] Module Instance 'out_sm' input pin tied to constant (idx_tcp_prep[1][13]=0).
[EFX-0266 WARNING] Module Instance 'out_sm' input pin tied to constant (idx_tcp_prep[1][12]=0).
[EFX-0266 WARNING] Module Instance 'out_sm' input pin tied to constant (idx_tcp_prep[1][11]=0).
[EFX-0266 WARNING] Module Instance 'out_sm' input pin tied to constant (idx_tcp_prep[1][10]=0).
[EFX-0266 WARNING] Module Instance 'out_sm' input pin tied to constant (idx_tcp_prep[1][9]=0).
[EFX-0266 WARNING] Module Instance 'out_sm' input pin tied to constant (idx_tcp_prep[1][8]=0).
[EFX-0266 WARNING] Module Instance 'out_sm' input pin tied to constant (idx_tcp_prep[1][7]=0).
[EFX-0266 WARNING] Module Instance 'out_sm' input pin tied to constant (idx_tcp_prep[1][6]=0).
[EFX-0266 WARNING] Module Instance 'out_sm' input pin tied to constant (idx_tcp_prep[1][5]=0).
[EFX-0266 WARNING] Module Instance 'out_sm' input pin tied to constant (idx_tcp_prep[1][4]=0).
[EFX-0266 WARNING] Module Instance 'out_sm' input pin tied to constant (idx_tcp_prep[1][3]=0).
[EFX-0266 WARNING] Module Instance 'out_sm' input pin tied to constant (idx_tcp_prep[1][2]=1).
[EFX-0266 WARNING] Module Instance 'out_sm' input pin tied to constant (idx_tcp_prep[1][1]=1).
[EFX-0266 WARNING] Module Instance 'out_sm' input pin tied to constant (idx_tcp_prep[1][0]=0).
[EFX-0266 WARNING] Module Instance 'out_sm' input pin tied to constant (idx_gen[31]=0).
[EFX-0266 WARNING] Module Instance 'out_sm' input pin tied to constant (idx_gen[30]=0).
[EFX-0266 WARNING] Module Instance 'out_sm' input pin tied to constant (idx_gen[29]=0).
[EFX-0266 WARNING] Module Instance 'out_sm' input pin tied to constant (idx_gen[28]=0).
[EFX-0266 WARNING] Module Instance 'out_sm' input pin tied to constant (idx_gen[27]=0).
[EFX-0266 WARNING] Module Instance 'out_sm' input pin tied to constant (idx_gen[26]=0).
[EFX-0266 WARNING] Module Instance 'out_sm' input pin tied to constant (idx_gen[25]=0).
[EFX-0266 WARNING] Module Instance 'out_sm' input pin tied to constant (idx_gen[24]=0).
[EFX-0266 WARNING] Module Instance 'out_sm' input pin tied to constant (idx_gen[23]=0).
[EFX-0266 WARNING] Module Instance 'out_sm' input pin tied to constant (idx_gen[22]=0).
[EFX-0266 WARNING] Module Instance 'out_sm' input pin tied to constant (idx_gen[21]=0).
[EFX-0266 WARNING] Module Instance 'out_sm' input pin tied to constant (idx_gen[20]=0).
[EFX-0266 WARNING] Module Instance 'out_sm' input pin tied to constant (idx_gen[19]=0).
[EFX-0266 WARNING] Module Instance 'out_sm' input pin tied to constant (idx_gen[18]=0).
[EFX-0266 WARNING] Module Instance 'out_sm' input pin tied to constant (idx_gen[17]=0).
[EFX-0266 WARNING] Module Instance 'out_sm' input pin tied to constant (idx_gen[16]=0).
[EFX-0266 WARNING] Module Instance 'out_sm' input pin tied to constant (idx_gen[15]=0).
[EFX-0266 WARNING] Module Instance 'out_sm' input pin tied to constant (idx_gen[14]=0).
[EFX-0266 WARNING] Module Instance 'out_sm' input pin tied to constant (idx_gen[13]=0).
[EFX-0266 WARNING] Module Instance 'out_sm' input pin tied to constant (idx_gen[12]=0).
[EFX-0266 WARNING] Module Instance 'out_sm' input pin tied to constant (idx_gen[11]=0).
[EFX-0266 WARNING] Module Instance 'out_sm' input pin tied to constant (idx_gen[10]=0).
[EFX-0266 WARNING] Module Instance 'out_sm' input pin tied to constant (idx_gen[9]=0).
[EFX-0266 WARNING] Module Instance 'out_sm' input pin tied to constant (idx_gen[8]=0).
[EFX-0266 WARNING] Module Instance 'out_sm' input pin tied to constant (idx_gen[7]=0).
[EFX-0266 WARNING] Module Instance 'out_sm' input pin tied to constant (idx_gen[6]=0).
[EFX-0266 WARNING] Module Instance 'out_sm' input pin tied to constant (idx_gen[5]=0).
[EFX-0266 WARNING] Module Instance 'out_sm' input pin tied to constant (idx_gen[4]=0).
[EFX-0266 WARNING] Module Instance 'out_sm' input pin tied to constant (idx_gen[3]=0).
[EFX-0266 WARNING] Module Instance 'out_sm' input pin tied to constant (idx_gen[2]=0).
[EFX-0266 WARNING] Module Instance 'out_sm' input pin tied to constant (idx_gen[1]=0).
[EFX-0266 WARNING] Module Instance 'out_sm' input pin tied to constant (idx_gen[0]=1).
[EFX-0266 WARNING] Module Instance 'mdio' input pin tied to constant (b_req_data[31]=0).
[EFX-0266 WARNING] Module Instance 'mdio' input pin tied to constant (b_req_data[30]=0).
[EFX-0266 WARNING] Module Instance 'mdio' input pin tied to constant (b_req_data[29]=0).
[EFX-0201 WARNING] Re-wiring to GND non-driven net 'ram_udp_regidp.prod2.set_again'. (E:\Efinity\project\fnetriong\fakernet_module.vhd:134)
[EFX-0201 WARNING] Re-wiring to GND non-driven net 'ram_tcp_template.prod2.set_again'. (E:\Efinity\project\fnetriong\fakernet_module.vhd:136)
[EFX-0201 WARNING] Re-wiring to GND non-driven net 'ram_tcp_prep2[0].prod2.set_again'. (E:\Efinity\project\fnetriong\fakernet_module.vhd:137)
[EFX-0201 WARNING] Re-wiring to GND non-driven net 'ram_tcp_prep2[1].prod2.set_again'. (E:\Efinity\project\fnetriong\fakernet_module.vhd:137)
[EFX-0000 INFO] ... Pre-synthesis checks end (Real time : 0s)
[EFX-0000 INFO] ... NameSpace init begin
[EFX-0000 INFO] ... NameSpace init end (Real time : 0s)
[EFX-0000 INFO] ... Mapping design "fnetriong"
[EFX-0000 INFO] ... Hierarchical pre-synthesis "fnet_async_fifo(width=17)" begin
[EFX-0000 INFO] ... Hierarchical pre-synthesis "fnet_async_fifo(width=17)" end (Real time : 0s)
[EFX-0000 INFO] ... Hierarchical pre-synthesis "efnet_octet_to_word" begin
[EFX-0000 INFO] ... Hierarchical pre-synthesis "efnet_octet_to_word" end (Real time : 0s)
[EFX-0000 INFO] ... Hierarchical pre-synthesis "efb_uart_trace_mem(width=32,samples=512)" begin
[EFX-0000 INFO] ... Hierarchical pre-synthesis "efb_uart_trace_mem(width=32,samples=512)" end (Real time : 0s)
[EFX-0000 INFO] ... Hierarchical pre-synthesis "efb_uart_tx(15,0)" begin
[EFX-0000 INFO] ... Hierarchical pre-synthesis "efb_uart_tx(15,0)" end (Real time : 0s)
[EFX-0000 INFO] ... Hierarchical pre-synthesis "efnet_word_to_octet" begin
[EFX-0000 INFO] ... Hierarchical pre-synthesis "efnet_word_to_octet" end (Real time : 0s)
[EFX-0000 INFO] ... Hierarchical pre-synthesis "efnet_data_array_inject(0,0)(31,0)(0,0)(0,0)(9,0)(7,0)" begin
[EFX-0000 INFO] ... Hierarchical pre-synthesis "efnet_data_array_inject(0,0)(31,0)(0,0)(0,0)(9,0)(7,0)" end (Real time : 0s)
[EFX-0000 INFO] ... Hierarchical pre-synthesis "fnet_crc32" begin
[EFX-0000 INFO] ... Hierarchical pre-synthesis "fnet_crc32" end (Real time : 0s)
[EFX-0000 INFO] ... Hierarchical pre-synthesis "fnet_in_state" begin
[EFX-0000 INFO] ... Hierarchical pre-synthesis "fnet_in_state" end (Real time : 1s)
[EFX-0000 INFO] ... Hierarchical pre-synthesis "fnet_dyn_control" begin
[EFX-0000 INFO] ... Hierarchical pre-synthesis "fnet_dyn_control" end (Real time : 0s)
[EFX-0000 INFO] ... Hierarchical pre-synthesis "fnet_ntp_query_control" begin
[EFX-0000 INFO] ... Hierarchical pre-synthesis "fnet_ntp_query_control" end (Real time : 0s)
[EFX-0000 INFO] ... Hierarchical pre-synthesis "fnet_packet_gen" begin
[EFX-0000 INFO] ... Hierarchical pre-synthesis "fnet_packet_gen" end (Real time : 0s)
[EFX-0000 INFO] ... Hierarchical pre-synthesis "fnet_out_state" begin
[EFX-0000 INFO] ... Hierarchical pre-synthesis "fnet_out_state" end (Real time : 0s)
[EFX-0000 INFO] ... Hierarchical pre-synthesis "fnet_out_pipeline" begin
[EFX-0000 INFO] ... Hierarchical pre-synthesis "fnet_out_pipeline" end (Real time : 0s)
[EFX-0000 INFO] ... Hierarchical pre-synthesis "fnet_regaccess" begin
[EFX-0000 INFO] ... Hierarchical pre-synthesis "fnet_regaccess" end (Real time : 0s)
[EFX-0000 INFO] ... Hierarchical pre-synthesis "ram_block_a11d16" begin
[EFX-0000 INFO] ... Hierarchical pre-synthesis "ram_block_a11d16" end (Real time : 0s)
[EFX-0000 INFO] ... Hierarchical pre-synthesis "fnet_local_reg(test_regs=true,lcl_data_gen=true,limit_payload_window=true,debug_regs=true,debug_counters=true,compiletime=1)" begin
[EFX-0000 INFO] ... Hierarchical pre-synthesis "fnet_local_reg(test_regs=true,lcl_data_gen=true,limit_payload_window=true,debug_regs=true,debug_counters=true,compiletime=1)" end (Real time : 0s)
[EFX-0000 INFO] ... Hierarchical pre-synthesis "fnet_tcp_state(data_bufsize_addrbits=13)" begin
[EFX-0000 INFO] ... Hierarchical pre-synthesis "fnet_tcp_state(data_bufsize_addrbits=13)" end (Real time : 1s)
[EFX-0000 INFO] ... Hierarchical pre-synthesis "fnet_tcp_control(data_bufsize_addrbits=13)" begin
[EFX-0000 INFO] ... Hierarchical pre-synthesis "fnet_tcp_control(data_bufsize_addrbits=13)" end (Real time : 0s)
[EFX-0000 INFO] ... Hierarchical pre-synthesis "fnet_tcp_prepare(data_bufsize_addrbits=13)(12,0)(31,0)" begin
[EFX-0000 INFO] ... Hierarchical pre-synthesis "fnet_tcp_prepare(data_bufsize_addrbits=13)(12,0)(31,0)" end (Real time : 0s)
[EFX-0000 INFO] ... Hierarchical pre-synthesis "fnet_tcp_buffer(data_bufsize_addrbits=13)(9,0)(7,0)(7,0)(5,0)(12,0)(31,0)" begin
[EFX-0000 INFO] ... Hierarchical pre-synthesis "fnet_tcp_buffer(data_bufsize_addrbits=13)(9,0)(7,0)(7,0)(5,0)(12,0)(31,0)" end (Real time : 0s)
[EFX-0000 INFO] ... Hierarchical pre-synthesis "fnet_test_datagen(data_bufsize_addrbits=13)" begin
[EFX-0000 INFO] ... Hierarchical pre-synthesis "fnet_test_datagen(data_bufsize_addrbits=13)" end (Real time : 0s)
[EFX-0000 INFO] ... Hierarchical pre-synthesis "fnet_ram_block_data(addrbits=13)" begin
[EFX-0000 INFO] ... Hierarchical pre-synthesis "fnet_ram_block_data(addrbits=13)" end (Real time : 0s)
[EFX-0000 INFO] ... Hierarchical pre-synthesis "fnet_ram_block_stat" begin
[EFX-0000 INFO] ... Hierarchical pre-synthesis "fnet_ram_block_stat" end (Real time : 0s)
[EFX-0000 INFO] ... Hierarchical pre-synthesis "fnet_regacc_aux_stat" begin
[EFX-0000 INFO] ... Hierarchical pre-synthesis "fnet_regacc_aux_stat" end (Real time : 0s)
[EFX-0000 INFO] ... Hierarchical pre-synthesis "fnet_mdio" begin
[EFX-0000 INFO] ... Hierarchical pre-synthesis "fnet_mdio" end (Real time : 0s)
[EFX-0000 INFO] ... Hierarchical pre-synthesis "fakernet_module(data_bufsize_addrbits=13,compiletime=1)(9,0)(7,0)" begin
[EFX-0000 INFO] ... Hierarchical pre-synthesis "fakernet_module(data_bufsize_addrbits=13,compiletime=1)(9,0)(7,0)" end (Real time : 0s)
[EFX-0000 INFO] ... Hierarchical pre-synthesis "efb_common_top(clk_freq=125000000)(0,-1)(31,0)(0,-1)(0,-1)" begin
[EFX-0000 INFO] ... Hierarchical pre-synthesis "efb_common_top(clk_freq=125000000)(0,-1)(31,0)(0,-1)(0,-1)" end (Real time : 1s)
[EFX-0000 INFO] ... Hierarchical pre-synthesis "edb_top" begin
[EFX-0000 INFO] ... Hierarchical pre-synthesis "edb_top" end (Real time : 0s)
[EFX-0000 INFO] ... Hierarchical pre-synthesis "fnetriong" begin
[EFX-0000 INFO] ... Clock Enable Synthesis Performed on 694 flops.
[EFX-0000 INFO] ... Hierarchical pre-synthesis "fnetriong" end (Real time : 2s)
[EFX-0201 WARNING] Re-wiring to GND non-driven net 't/fakernet/dp_ram_arp_icmp.port_a.o.rd'. (E:\Efinity\project\fnetriong\fakernet_module.vhd:144)
[EFX-0201 WARNING] Re-wiring to GND non-driven net 't/fakernet/dp_ram_pkt_gen.port_a.o.rd'. (E:\Efinity\project\fnetriong\fakernet_module.vhd:145)
[EFX-0201 WARNING] Re-wiring to GND non-driven net 't/fakernet/dp_ram_udp_regacc.port_a.o.rd'. (E:\Efinity\project\fnetriong\fakernet_module.vhd:146)
[EFX-0201 WARNING] Re-wiring to GND non-driven net 't/fakernet/dp_ram_udp_regacc.port_b.o.wr'. (E:\Efinity\project\fnetriong\fakernet_module.vhd:146)
[EFX-0201 WARNING] Re-wiring to GND non-driven net 't/fakernet/dp_ram_udp_regidp.port_a.o.rd'. (E:\Efinity\project\fnetriong\fakernet_module.vhd:147)
[EFX-0201 WARNING] Re-wiring to GND non-driven net 't/fakernet/dp_ram_tcp_template.port_a.o.rd'. (E:\Efinity\project\fnetriong\fakernet_module.vhd:150)
[EFX-0000 INFO] ... Flat optimizations begin
[EFX-0000 INFO] ... Flat optimizations end (Real time : 0s)
[EFX-0000 INFO] ... Flat synthesis begin
[EFX-0000 INFO] ... Flat synthesis end (Real time : 0s)
[EFX-0000 INFO] ... Flat optimizations begin
[EFX-0000 INFO] ... Flat optimizations end (Real time : 0s)
[EFX-0000 INFO] ... Check and break combinational loops begin
[EFX-0000 INFO] ... Check and break combinational loops end (Real time : 0s)
[EFX-0000 INFO] ... Sequential Optimization begin
[EFX-0000 INFO] ... Clock Network clk with 3785 loads will be considered for sequential optimization.
[EFX-0000 INFO] ... Clock Network jtag_inst1_TCK with 738 loads will be considered for sequential optimization.
[EFX-0000 INFO] ... Clock Network eth_rx_clk with 297 loads will be considered for sequential optimization.
[EFX-0000 INFO] ... Sequential Optimization deduced 531 equivalent points.
[EFX-0000 INFO] ... Sequential Optimization end (Real time : 25s)
[EFX-0000 INFO] ... SOP modeling begin
[EFX-0000 INFO] ... SOP modeling end (Real time : 0s)
[EFX-0000 INFO] ... LUT mapping begin
[EFX-0000 INFO] ... LS, strategy: 3, nd: 4848, ed: 16083, lv: 7, pw: 15344.92
[EFX-0000 INFO] ... LUT mapping end (Real time : 17s)
[EFX-0000 INFO] ... Post-synthesis Verific netlist creation begin
[EFX-0000 INFO] ... Post-synthesis Verific netlist creation end (Real time : 0s)
[EFX-0000 INFO] ... Postmap Retiming Optimization begin
[EFX-0000 INFO] ... Clock Network n3 with 3706 loads will be considered for retiming optimization.
[EFX-0000 INFO] ... Clock Network n26 with 738 loads will be considered for retiming optimization.
[EFX-0000 INFO] ... Clock Network n13 with 257 loads will be considered for retiming optimization.
[EFX-0000 INFO] ... Performed 3 retime moves.
[EFX-0000 INFO] ... Postmap Retiming Optimization end (Real time : 0s)
[EFX-0000 INFO] ... Post-synthesis Verific netlist unification/params processing begin
[EFX-0000 INFO] ... Post-synthesis Verific netlist unification/params processing end (Real time : 0s)
[EFX-0000 INFO] Resource Summary 
[EFX-0000 INFO] =============================== 
[EFX-0000 INFO] EFX_ADD         : 	835
[EFX-0000 INFO] EFX_LUT4        : 	6156
[EFX-0000 INFO] EFX_FF          : 	4644
[EFX-0000 INFO] EFX_RAM_5K      : 	114
[EFX-0000 INFO] EFX_DPRAM_5K    : 	4
[EFX-0000 INFO] EFX_GBUFCE      : 	3
[EFX-0000 INFO] =============================== 

///////////////////////////////////
// Efinity Synthesis Started 
// Mar 08, 2023 10:56:18
///////////////////////////////////

[EFX-0012 VERI-INFO] default VHDL library search path is now "E:/Efinity/2022.2/sim_models/vhdl/packages/vhdl_2008" (VHDL-1504) 
[EFX-0012 VERI-INFO] undeclared symbol 'la_capture_mask', assumed default net type 'wire' (VERI-2561) (E:/Efinity/project/fnetriong/work_dbg/debug_top.v:4421)
[EFX-0012 VERI-INFO] undeclared symbol 'next_segment_pointer_eq', assumed default net type 'wire' (VERI-2561) (E:/Efinity/project/fnetriong/work_dbg/debug_top.v:4779)
[EFX-0012 VERI-INFO] undeclared symbol 'next_segment_msb_xor', assumed default net type 'wire' (VERI-2561) (E:/Efinity/project/fnetriong/work_dbg/debug_top.v:4780)
[EFX-0011 VERI-WARNING] port 'probe4' remains unconnected for this instance (VERI-1927) (E:/Efinity/project/fnetriong/work_dbg/debug_top.v:126)
[EFX-0011 VERI-WARNING] port 'probe4' remains unconnected for this instance (VERI-1927) (E:/Efinity/project/fnetriong/work_dbg/debug_top.v:169)
[EFX-0012 VERI-INFO] compiling module 'edb_top' (VERI-1018) (E:/Efinity/project/fnetriong/work_dbg/debug_top.v:10)
[EFX-0012 VERI-INFO] compiling module 'edb_la_top_renamed_due_excessive_length_1' (VERI-1018) (E:/Efinity/project/fnetriong/work_dbg/debug_top.v:542)
[EFX-0011 VERI-WARNING] expression size 256 truncated to fit in target size 64 (VERI-1209) (E:/Efinity/project/fnetriong/work_dbg/debug_top.v:3638)
[EFX-0012 VERI-INFO] compiling module 'edb_adbg_crc32' (VERI-1018) (E:/Efinity/project/fnetriong/work_dbg/debug_top.v:243)
[EFX-0012 VERI-INFO] compiling module 'compare_unit(WIDTH=11'b01000,PIPE=1)' (VERI-1018) (E:/Efinity/project/fnetriong/work_dbg/debug_top.v:5502)
[EFX-0012 VERI-INFO] compiling module 'compare_unit(WIDTH=11'b01,PIPE=1)' (VERI-1018) (E:/Efinity/project/fnetriong/work_dbg/debug_top.v:5502)
[EFX-0012 VERI-INFO] compiling module 'compare_unit(WIDTH=11'b0100,PIPE=1)' (VERI-1018) (E:/Efinity/project/fnetriong/work_dbg/debug_top.v:5502)
[EFX-0012 VERI-INFO] compiling module 'trigger_unit(WIDTH=32'b0100,PIPE=1)' (VERI-1018) (E:/Efinity/project/fnetriong/work_dbg/debug_top.v:5707)
[EFX-0012 VERI-INFO] compiling module 'la_biu(CAPTURE_WIDTH=32'b010001)' (VERI-1018) (E:/Efinity/project/fnetriong/work_dbg/debug_top.v:4856)
[EFX-0012 VERI-INFO] compiling module 'fifo_with_read(DATA_WIDTH=32'b010010)' (VERI-1018) (E:/Efinity/project/fnetriong/work_dbg/debug_top.v:4598)
[EFX-0012 VERI-INFO] compiling module 'fifo_address_trancode_unit' (VERI-1018) (E:/Efinity/project/fnetriong/work_dbg/debug_top.v:4548)
[EFX-0012 VERI-INFO] compiling module 'edb_simple_dual_port_ram(DATA_WIDTH=32'b010010,ADDR_WIDTH=10,RAM_INIT_FILE="")' (VERI-1018) (E:/Efinity/project/fnetriong/work_dbg/debug_top.v:452)
[EFX-0012 VERI-INFO] extracting RAM for identifier 'ram' (VERI-2571) (E:/Efinity/project/fnetriong/work_dbg/debug_top.v:467)
[EFX-0012 VERI-INFO] compiling module 'edb_la_top_renamed_due_excessive_length_2' (VERI-1018) (E:/Efinity/project/fnetriong/work_dbg/debug_top.v:542)
[EFX-0011 VERI-WARNING] expression size 256 truncated to fit in target size 64 (VERI-1209) (E:/Efinity/project/fnetriong/work_dbg/debug_top.v:3638)
[EFX-0012 VERI-INFO] compiling module 'la_biu(CAPTURE_WIDTH=32'b01011)' (VERI-1018) (E:/Efinity/project/fnetriong/work_dbg/debug_top.v:4856)
[EFX-0012 VERI-INFO] compiling module 'fifo_with_read(DATA_WIDTH=32'b01100)' (VERI-1018) (E:/Efinity/project/fnetriong/work_dbg/debug_top.v:4598)
[EFX-0012 VERI-INFO] compiling module 'edb_simple_dual_port_ram(DATA_WIDTH=32'b01100,ADDR_WIDTH=10,RAM_INIT_FILE="")' (VERI-1018) (E:/Efinity/project/fnetriong/work_dbg/debug_top.v:452)
[EFX-0012 VERI-INFO] extracting RAM for identifier 'ram' (VERI-2571) (E:/Efinity/project/fnetriong/work_dbg/debug_top.v:467)
[EFX-0012 VERI-INFO] compiling module 'debug_hub' (VERI-1018) (E:/Efinity/project/fnetriong/work_dbg/debug_top.v:321)
[EFX-0011 VERI-WARNING] input port 'probe4[0]' remains unconnected for this instance (VDB-1053) (E:/Efinity/project/fnetriong/work_dbg/debug_top.v:102)
[EFX-0011 VERI-WARNING] input port 'probe4[0]' remains unconnected for this instance (VDB-1053) (E:/Efinity/project/fnetriong/work_dbg/debug_top.v:145)
[EFX-0000 INFO] Setting Synthesis Option: mode=speed
[EFX-0012 VERI-INFO] compiling module 'EFX_ADD' (VERI-1018) (E:/Efinity/2022.2/sim_models/maplib/efinix_maplib.v:6)
[EFX-0012 VERI-INFO] compiling module 'EFX_FF' (VERI-1018) (E:/Efinity/2022.2/sim_models/maplib/efinix_maplib.v:19)
[EFX-0012 VERI-INFO] compiling module 'EFX_COMB4' (VERI-1018) (E:/Efinity/2022.2/sim_models/maplib/efinix_maplib.v:36)
[EFX-0012 VERI-INFO] compiling module 'EFX_GBUFCE' (VERI-1018) (E:/Efinity/2022.2/sim_models/maplib/efinix_maplib.v:46)
[EFX-0012 VERI-INFO] compiling module 'EFX_IDDR' (VERI-1018) (E:/Efinity/2022.2/sim_models/maplib/efinix_maplib.v:55)
[EFX-0012 VERI-INFO] compiling module 'EFX_ODDR' (VERI-1018) (E:/Efinity/2022.2/sim_models/maplib/efinix_maplib.v:69)
[EFX-0012 VERI-INFO] compiling module 'EFX_IOBUF' (VERI-1018) (E:/Efinity/2022.2/sim_models/maplib/efinix_maplib.v:85)
[EFX-0012 VERI-INFO] compiling module 'EFX_LUT4' (VERI-1018) (E:/Efinity/2022.2/sim_models/maplib/efinix_maplib.v:97)
[EFX-0012 VERI-INFO] compiling module 'EFX_MULT' (VERI-1018) (E:/Efinity/2022.2/sim_models/maplib/efinix_maplib.v:105)
[EFX-0012 VERI-INFO] compiling module 'EFX_DSP48' (VERI-1018) (E:/Efinity/2022.2/sim_models/maplib/efinix_maplib.v:140)
[EFX-0012 VERI-INFO] compiling module 'EFX_DSP24' (VERI-1018) (E:/Efinity/2022.2/sim_models/maplib/efinix_maplib.v:196)
[EFX-0012 VERI-INFO] compiling module 'EFX_DSP12' (VERI-1018) (E:/Efinity/2022.2/sim_models/maplib/efinix_maplib.v:249)
[EFX-0012 VERI-INFO] compiling module 'EFX_RAM_4K' (VERI-1018) (E:/Efinity/2022.2/sim_models/maplib/efinix_maplib.v:302)
[EFX-0012 VERI-INFO] compiling module 'EFX_RAM_5K' (VERI-1018) (E:/Efinity/2022.2/sim_models/maplib/efinix_maplib.v:362)
[EFX-0012 VERI-INFO] compiling module 'EFX_DPRAM_5K' (VERI-1018) (E:/Efinity/2022.2/sim_models/maplib/efinix_maplib.v:434)
[EFX-0012 VERI-INFO] compiling module 'RAMB5' (VERI-1018) (E:/Efinity/2022.2/sim_models/maplib/efinix_maplib.v:539)
[EFX-0012 VERI-INFO] compiling module 'EFX_RAM_10K' (VERI-1018) (E:/Efinity/2022.2/sim_models/maplib/efinix_maplib.v:601)
[EFX-0012 VERI-INFO] compiling module 'EFX_RAM10' (VERI-1018) (E:/Efinity/2022.2/sim_models/maplib/efinix_maplib.v:693)
[EFX-0012 VERI-INFO] compiling module 'EFX_DPRAM10' (VERI-1018) (E:/Efinity/2022.2/sim_models/maplib/efinix_maplib.v:794)
[EFX-0012 VERI-INFO] compiling module 'EFX_SRL8' (VERI-1018) (E:/Efinity/2022.2/sim_models/maplib/efinix_maplib.v:924)
[EFX-0000 INFO] ... Pre-synthesis checks begin
[EFX-0200 WARNING] Removing redundant signal : compared_in[0]. (E:/Efinity/project/fnetriong/work_dbg/debug_top.v:5508)
[EFX-0200 WARNING] Removing redundant signal : mask_in[0]. (E:/Efinity/project/fnetriong/work_dbg/debug_top.v:5509)
[EFX-0200 WARNING] Removing redundant signal : trigger_in. (E:/Efinity/project/fnetriong/work_dbg/debug_top.v:5719)
[EFX-0677 INFO] Zero initialization of uninitialized memory block 'ram'. (E:/Efinity/project/fnetriong/work_dbg/debug_top.v:467)
[EFX-0200 WARNING] Removing redundant signal : din[17]. (E:/Efinity/project/fnetriong/work_dbg/debug_top.v:4611)
[EFX-0200 WARNING] Removing redundant signal : trig_out. (E:/Efinity/project/fnetriong/work_dbg/debug_top.v:4890)
[EFX-0200 WARNING] Removing redundant signal : trig_out_ack. (E:/Efinity/project/fnetriong/work_dbg/debug_top.v:4891)
[EFX-0200 WARNING] Removing redundant signal : bscan_DRCK. (E:/Efinity/project/fnetriong/work_dbg/debug_top.v:1075)
[EFX-0200 WARNING] Removing redundant signal : bscan_RUNTEST. (E:/Efinity/project/fnetriong/work_dbg/debug_top.v:1077)
[EFX-0200 WARNING] Removing redundant signal : bscan_SEL. (E:/Efinity/project/fnetriong/work_dbg/debug_top.v:1078)
[EFX-0200 WARNING] Removing redundant signal : bscan_TMS. (E:/Efinity/project/fnetriong/work_dbg/debug_top.v:1082)
[EFX-0200 WARNING] Removing redundant signal : trig_in_ack. (E:/Efinity/project/fnetriong/work_dbg/debug_top.v:1093)
[EFX-0200 WARNING] Removing redundant signal : mux_capture_cmp[3]. (E:/Efinity/project/fnetriong/work_dbg/debug_top.v:3499)
[EFX-0200 WARNING] Removing redundant signal : mux_capture_cmp[2]. (E:/Efinity/project/fnetriong/work_dbg/debug_top.v:3499)
[EFX-0200 WARNING] Removing redundant signal : mux_capture_cmp[1]. (E:/Efinity/project/fnetriong/work_dbg/debug_top.v:3499)
[EFX-0200 WARNING] Removing redundant signal : mux_capture_cmp[0]. (E:/Efinity/project/fnetriong/work_dbg/debug_top.v:3499)
[EFX-0677 INFO] Zero initialization of uninitialized memory block 'ram'. (E:/Efinity/project/fnetriong/work_dbg/debug_top.v:467)
[EFX-0200 WARNING] Removing redundant signal : din[11]. (E:/Efinity/project/fnetriong/work_dbg/debug_top.v:4611)
[EFX-0200 WARNING] Removing redundant signal : trig_out. (E:/Efinity/project/fnetriong/work_dbg/debug_top.v:4890)
[EFX-0200 WARNING] Removing redundant signal : trig_out_ack. (E:/Efinity/project/fnetriong/work_dbg/debug_top.v:4891)
[EFX-0200 WARNING] Removing redundant signal : bscan_DRCK. (E:/Efinity/project/fnetriong/work_dbg/debug_top.v:1075)
[EFX-0200 WARNING] Removing redundant signal : bscan_RUNTEST. (E:/Efinity/project/fnetriong/work_dbg/debug_top.v:1077)
[EFX-0266 WARNING] Module Instance 'la0' input pin tied to constant (trig_in=0).
[EFX-0266 WARNING] Module Instance 'la0' input pin tied to constant (trig_out_ack=0).
[EFX-0201 WARNING] Re-wiring to GND non-driven net 'la0.probe4[0]'. (E:/Efinity/project/fnetriong/work_dbg/debug_top.v:102)
[EFX-0201 WARNING] Re-wiring to GND non-driven net 'la0.probe5[0]'. (E:/Efinity/project/fnetriong/work_dbg/debug_top.v:102)
[EFX-0201 WARNING] Re-wiring to GND non-driven net 'la0.probe6[0]'. (E:/Efinity/project/fnetriong/work_dbg/debug_top.v:102)
[EFX-0201 WARNING] Re-wiring to GND non-driven net 'la0.probe7[0]'. (E:/Efinity/project/fnetriong/work_dbg/debug_top.v:102)
[EFX-0201 WARNING] Re-wiring to GND non-driven net 'la0.probe8[0]'. (E:/Efinity/project/fnetriong/work_dbg/debug_top.v:102)
[EFX-0201 WARNING] Re-wiring to GND non-driven net 'la0.probe9[0]'. (E:/Efinity/project/fnetriong/work_dbg/debug_top.v:102)
[EFX-0201 WARNING] Re-wiring to GND non-driven net 'la0.probe10[0]'. (E:/Efinity/project/fnetriong/work_dbg/debug_top.v:102)
[EFX-0201 WARNING] Re-wiring to GND non-driven net 'la0.probe11[0]'. (E:/Efinity/project/fnetriong/work_dbg/debug_top.v:102)
[EFX-0201 WARNING] Re-wiring to GND non-driven net 'la0.probe12[0]'. (E:/Efinity/project/fnetriong/work_dbg/debug_top.v:102)
[EFX-0201 WARNING] Re-wiring to GND non-driven net 'la0.probe13[0]'. (E:/Efinity/project/fnetriong/work_dbg/debug_top.v:102)
[EFX-0266 WARNING] Module Instance 'la1' input pin tied to constant (trig_in=0).
[EFX-0266 WARNING] Module Instance 'la1' input pin tied to constant (trig_out_ack=0).
[EFX-0000 INFO] ... Pre-synthesis checks end (Real time : 0s)
[EFX-0000 INFO] ... NameSpace init begin
[EFX-0000 INFO] ... NameSpace init end (Real time : 0s)
[EFX-0000 INFO] ... Mapping design "edb_top"
[EFX-0000 INFO] ... Hierarchical pre-synthesis "edb_adbg_crc32" begin
[EFX-0000 INFO] ... Hierarchical pre-synthesis "edb_adbg_crc32" end (Real time : 0s)
[EFX-0000 INFO] ... Hierarchical pre-synthesis "compare_unit(WIDTH=11'b01000,PIPE=1)" begin
[EFX-0000 INFO] ... Hierarchical pre-synthesis "compare_unit(WIDTH=11'b01000,PIPE=1)" end (Real time : 0s)
[EFX-0000 INFO] ... Hierarchical pre-synthesis "compare_unit(WIDTH=11'b01,PIPE=1)" begin
[EFX-0000 INFO] ... Hierarchical pre-synthesis "compare_unit(WIDTH=11'b01,PIPE=1)" end (Real time : 0s)
[EFX-0000 INFO] ... Hierarchical pre-synthesis "compare_unit(WIDTH=11'b0100,PIPE=1)" begin
[EFX-0000 INFO] ... Hierarchical pre-synthesis "compare_unit(WIDTH=11'b0100,PIPE=1)" end (Real time : 0s)
[EFX-0000 INFO] ... Hierarchical pre-synthesis "trigger_unit(WIDTH=32'b0100,PIPE=1)" begin
[EFX-0000 INFO] ... Hierarchical pre-synthesis "trigger_unit(WIDTH=32'b0100,PIPE=1)" end (Real time : 0s)
[EFX-0000 INFO] ... Hierarchical pre-synthesis "fifo_address_trancode_unit" begin
[EFX-0000 INFO] ... Hierarchical pre-synthesis "fifo_address_trancode_unit" end (Real time : 0s)
[EFX-0000 INFO] ... Hierarchical pre-synthesis "edb_simple_dual_port_ram(DATA_WIDTH=32'b010010,ADDR_WIDTH=10,RAM_INIT_FILE="")" begin
[EFX-0000 INFO] ... Hierarchical pre-synthesis "edb_simple_dual_port_ram(DATA_WIDTH=32'b010010,ADDR_WIDTH=10,RAM_INIT_FILE="")" end (Real time : 0s)
[EFX-0000 INFO] ... Hierarchical pre-synthesis "fifo_with_read(DATA_WIDTH=32'b010010)" begin
[EFX-0000 INFO] ... Hierarchical pre-synthesis "fifo_with_read(DATA_WIDTH=32'b010010)" end (Real time : 0s)
[EFX-0000 INFO] ... Hierarchical pre-synthesis "la_biu(CAPTURE_WIDTH=32'b010001)" begin
[EFX-0000 INFO] ... Hierarchical pre-synthesis "la_biu(CAPTURE_WIDTH=32'b010001)" end (Real time : 0s)
[EFX-0000 INFO] ... Hierarchical pre-synthesis "edb_la_top_renamed_due_excessive_length_1" begin
[EFX-0000 INFO] ... Hierarchical pre-synthesis "edb_la_top_renamed_due_excessive_length_1" end (Real time : 0s)
[EFX-0000 INFO] ... Hierarchical pre-synthesis "edb_simple_dual_port_ram(DATA_WIDTH=32'b01100,ADDR_WIDTH=10,RAM_INIT_FILE="")" begin
[EFX-0000 INFO] ... Hierarchical pre-synthesis "edb_simple_dual_port_ram(DATA_WIDTH=32'b01100,ADDR_WIDTH=10,RAM_INIT_FILE="")" end (Real time : 0s)
[EFX-0000 INFO] ... Hierarchical pre-synthesis "fifo_with_read(DATA_WIDTH=32'b01100)" begin
[EFX-0000 INFO] ... Hierarchical pre-synthesis "fifo_with_read(DATA_WIDTH=32'b01100)" end (Real time : 0s)
[EFX-0000 INFO] ... Hierarchical pre-synthesis "la_biu(CAPTURE_WIDTH=32'b01011)" begin
[EFX-0000 INFO] ... Hierarchical pre-synthesis "la_biu(CAPTURE_WIDTH=32'b01011)" end (Real time : 0s)
[EFX-0000 INFO] ... Hierarchical pre-synthesis "edb_la_top_renamed_due_excessive_length_2" begin
[EFX-0000 INFO] ... Hierarchical pre-synthesis "edb_la_top_renamed_due_excessive_length_2" end (Real time : 0s)
[EFX-0000 INFO] ... Hierarchical pre-synthesis "debug_hub" begin
[EFX-0000 INFO] ... Hierarchical pre-synthesis "debug_hub" end (Real time : 0s)
[EFX-0000 INFO] ... Hierarchical pre-synthesis "edb_top" begin
[EFX-0000 INFO] ... Clock Enable Synthesis Performed on 260 flops.
[EFX-0000 INFO] ... Hierarchical pre-synthesis "edb_top" end (Real time : 1s)
[EFX-0000 INFO] ... Flat optimizations begin
[EFX-0000 INFO] ... Flat optimizations end (Real time : 0s)
[EFX-0000 INFO] ... Flat synthesis begin
[EFX-0000 INFO] ... Flat synthesis end (Real time : 0s)
[EFX-0000 INFO] ... Flat optimizations begin
[EFX-0000 INFO] ... Flat optimizations end (Real time : 0s)
[EFX-0000 INFO] ... Check and break combinational loops begin
[EFX-0000 INFO] ... Check and break combinational loops end (Real time : 0s)
[EFX-0000 INFO] ... Sequential Optimization begin
[EFX-0000 INFO] ... Clock Network bscan_TCK with 752 loads will be considered for sequential optimization.
[EFX-0000 INFO] ... Clock Network la0_clk with 256 loads will be considered for sequential optimization.
[EFX-0000 INFO] ... Clock Network la1_clk with 210 loads will be considered for sequential optimization.
[EFX-0000 INFO] ... Sequential Optimization deduced 534 equivalent points.
[EFX-0000 INFO] ... Sequential Optimization end (Real time : 16s)
[EFX-0000 INFO] ... SOP modeling begin
[EFX-0000 INFO] ... SOP modeling end (Real time : 0s)
[EFX-0000 INFO] ... LUT mapping begin
[EFX-0000 INFO] ... LS, strategy: 3, nd: 1412, ed: 4600, lv: 7, pw: 2787.81
[EFX-0000 INFO] ... LUT mapping end (Real time : 8s)
[EFX-0000 INFO] ... Post-synthesis Verific netlist creation begin
[EFX-0000 INFO] ... Post-synthesis Verific netlist creation end (Real time : 0s)
[EFX-0000 INFO] ... Postmap Retiming Optimization begin
[EFX-0000 INFO] ... Clock Network n9 with 752 loads will be considered for retiming optimization.
[EFX-0000 INFO] ... Clock Network n13 with 256 loads will be considered for retiming optimization.
[EFX-0000 INFO] ... Clock Network n31 with 210 loads will be considered for retiming optimization.
[EFX-0000 INFO] ... Performed 0 retime moves.
[EFX-0000 INFO] ... Postmap Retiming Optimization end (Real time : 0s)
[EFX-0000 INFO] ... Post-synthesis Verific netlist unification/params processing begin
[EFX-0000 INFO] ... Post-synthesis Verific netlist unification/params processing end (Real time : 0s)
[EFX-0011 VERI-WARNING] Input/Inout Port bscan_DRCK is unconnected and will be removed 
[EFX-0011 VERI-WARNING] Input/Inout Port bscan_RUNTEST is unconnected and will be removed 
[EFX-0011 VERI-WARNING] Input/Inout Port bscan_TMS is unconnected and will be removed 
[EFX-0012 VERI-INFO] Found 3 warnings in the post-synthesis netlist. 
[EFX-0000 INFO] Resource Summary 
[EFX-0000 INFO] =============================== 
[EFX-0000 INFO] EFX_ADD         : 	180
[EFX-0000 INFO] EFX_LUT4        : 	1384
[EFX-0000 INFO] EFX_FF          : 	1178
[EFX-0000 INFO] EFX_RAM_5K      : 	7
[EFX-0000 INFO] EFX_GBUFCE      : 	3
[EFX-0000 INFO] =============================== 

///////////////////////////////////
// Efinity Synthesis Started 
// Mar 08, 2023 10:56:48
///////////////////////////////////

[EFX-0000 INFO] Setting Synthesis Option: mode=speed
[EFX-0000 INFO] ... Pre-synthesis checks begin
[EFX-0266 WARNING] Module Instance 'fifo' input pin tied to constant (out_want_b=1).
[EFX-0200 WARNING] Removing redundant signal : start_found. (E:\Efinity\project\fnetriong\efnet_octet_to_word.vhd:60)
[EFX-0200 WARNING] Removing redundant signal : packet_start. (E:\Efinity\project\fnetriong\efnet_octet_to_word.vhd:62)
[EFX-0200 WARNING] Removing redundant signal : packet_end. (E:\Efinity\project\fnetriong\efnet_octet_to_word.vhd:63)
[EFX-0200 WARNING] Removing redundant signal : word[15]. (E:\Efinity\project\fnetriong\efnet_octet_to_word.vhd:65)
[EFX-0200 WARNING] Removing redundant signal : word[14]. (E:\Efinity\project\fnetriong\efnet_octet_to_word.vhd:65)
[EFX-0200 WARNING] Removing redundant signal : word[13]. (E:\Efinity\project\fnetriong\efnet_octet_to_word.vhd:65)
[EFX-0200 WARNING] Removing redundant signal : word[12]. (E:\Efinity\project\fnetriong\efnet_octet_to_word.vhd:65)
[EFX-0200 WARNING] Removing redundant signal : word[11]. (E:\Efinity\project\fnetriong\efnet_octet_to_word.vhd:65)
[EFX-0200 WARNING] Removing redundant signal : word[10]. (E:\Efinity\project\fnetriong\efnet_octet_to_word.vhd:65)
[EFX-0200 WARNING] Removing redundant signal : word[9]. (E:\Efinity\project\fnetriong\efnet_octet_to_word.vhd:65)
[EFX-0200 WARNING] Removing redundant signal : word[8]. (E:\Efinity\project\fnetriong\efnet_octet_to_word.vhd:65)
[EFX-0200 WARNING] Removing redundant signal : word[7]. (E:\Efinity\project\fnetriong\efnet_octet_to_word.vhd:65)
[EFX-0200 WARNING] Removing redundant signal : word[6]. (E:\Efinity\project\fnetriong\efnet_octet_to_word.vhd:65)
[EFX-0200 WARNING] Removing redundant signal : word[5]. (E:\Efinity\project\fnetriong\efnet_octet_to_word.vhd:65)
[EFX-0200 WARNING] Removing redundant signal : word[4]. (E:\Efinity\project\fnetriong\efnet_octet_to_word.vhd:65)
[EFX-0200 WARNING] Removing redundant signal : word[3]. (E:\Efinity\project\fnetriong\efnet_octet_to_word.vhd:65)
[EFX-0200 WARNING] Removing redundant signal : word[2]. (E:\Efinity\project\fnetriong\efnet_octet_to_word.vhd:65)
[EFX-0200 WARNING] Removing redundant signal : word[1]. (E:\Efinity\project\fnetriong\efnet_octet_to_word.vhd:65)
[EFX-0200 WARNING] Removing redundant signal : word[0]. (E:\Efinity\project\fnetriong\efnet_octet_to_word.vhd:65)
[EFX-0200 WARNING] Removing redundant signal : octet_counter[0]. (E:\Efinity\project\fnetriong\efnet_octet_to_word.vhd:66)
[EFX-0266 WARNING] Module Instance 'out_sm' input pin tied to constant (idx_tcp_prep[0][31]=0).
[EFX-0266 WARNING] Module Instance 'out_sm' input pin tied to constant (idx_tcp_prep[0][30]=0).
[EFX-0266 WARNING] Module Instance 'out_sm' input pin tied to constant (idx_tcp_prep[0][29]=0).
[EFX-0266 WARNING] Module Instance 'out_sm' input pin tied to constant (idx_tcp_prep[0][28]=0).
[EFX-0266 WARNING] Module Instance 'out_sm' input pin tied to constant (idx_tcp_prep[0][27]=0).
[EFX-0266 WARNING] Module Instance 'out_sm' input pin tied to constant (idx_tcp_prep[0][26]=0).
[EFX-0266 WARNING] Module Instance 'out_sm' input pin tied to constant (idx_tcp_prep[0][25]=0).
[EFX-0266 WARNING] Module Instance 'out_sm' input pin tied to constant (idx_tcp_prep[0][24]=0).
[EFX-0266 WARNING] Module Instance 'out_sm' input pin tied to constant (idx_tcp_prep[0][23]=0).
[EFX-0266 WARNING] Module Instance 'out_sm' input pin tied to constant (idx_tcp_prep[0][22]=0).
[EFX-0266 WARNING] Module Instance 'out_sm' input pin tied to constant (idx_tcp_prep[0][21]=0).
[EFX-0266 WARNING] Module Instance 'out_sm' input pin tied to constant (idx_tcp_prep[0][20]=0).
[EFX-0266 WARNING] Module Instance 'out_sm' input pin tied to constant (idx_tcp_prep[0][19]=0).
[EFX-0266 WARNING] Module Instance 'out_sm' input pin tied to constant (idx_tcp_prep[0][18]=0).
[EFX-0266 WARNING] Module Instance 'out_sm' input pin tied to constant (idx_tcp_prep[0][17]=0).
[EFX-0266 WARNING] Module Instance 'out_sm' input pin tied to constant (idx_tcp_prep[0][16]=0).
[EFX-0266 WARNING] Module Instance 'out_sm' input pin tied to constant (idx_tcp_prep[0][15]=0).
[EFX-0266 WARNING] Module Instance 'out_sm' input pin tied to constant (idx_tcp_prep[0][14]=0).
[EFX-0266 WARNING] Module Instance 'out_sm' input pin tied to constant (idx_tcp_prep[0][13]=0).
[EFX-0266 WARNING] Module Instance 'out_sm' input pin tied to constant (idx_tcp_prep[0][12]=0).
[EFX-0266 WARNING] Module Instance 'out_sm' input pin tied to constant (idx_tcp_prep[0][11]=0).
[EFX-0266 WARNING] Module Instance 'out_sm' input pin tied to constant (idx_tcp_prep[0][10]=0).
[EFX-0266 WARNING] Module Instance 'out_sm' input pin tied to constant (idx_tcp_prep[0][9]=0).
[EFX-0266 WARNING] Module Instance 'out_sm' input pin tied to constant (idx_tcp_prep[0][8]=0).
[EFX-0266 WARNING] Module Instance 'out_sm' input pin tied to constant (idx_tcp_prep[0][7]=0).
[EFX-0266 WARNING] Module Instance 'out_sm' input pin tied to constant (idx_tcp_prep[0][6]=0).
[EFX-0266 WARNING] Module Instance 'out_sm' input pin tied to constant (idx_tcp_prep[0][5]=0).
[EFX-0266 WARNING] Module Instance 'out_sm' input pin tied to constant (idx_tcp_prep[0][4]=0).
[EFX-0266 WARNING] Module Instance 'out_sm' input pin tied to constant (idx_tcp_prep[0][3]=0).
[EFX-0266 WARNING] Module Instance 'out_sm' input pin tied to constant (idx_tcp_prep[0][2]=1).
[EFX-0266 WARNING] Module Instance 'out_sm' input pin tied to constant (idx_tcp_prep[0][1]=0).
[EFX-0266 WARNING] Module Instance 'out_sm' input pin tied to constant (idx_tcp_prep[0][0]=1).
[EFX-0266 WARNING] Module Instance 'out_sm' input pin tied to constant (idx_tcp_prep[1][31]=0).
[EFX-0266 WARNING] Module Instance 'out_sm' input pin tied to constant (idx_tcp_prep[1][30]=0).
[EFX-0266 WARNING] Module Instance 'out_sm' input pin tied to constant (idx_tcp_prep[1][29]=0).
[EFX-0266 WARNING] Module Instance 'out_sm' input pin tied to constant (idx_tcp_prep[1][28]=0).
[EFX-0266 WARNING] Module Instance 'out_sm' input pin tied to constant (idx_tcp_prep[1][27]=0).
[EFX-0266 WARNING] Module Instance 'out_sm' input pin tied to constant (idx_tcp_prep[1][26]=0).
[EFX-0266 WARNING] Module Instance 'out_sm' input pin tied to constant (idx_tcp_prep[1][25]=0).
[EFX-0266 WARNING] Module Instance 'out_sm' input pin tied to constant (idx_tcp_prep[1][24]=0).
[EFX-0266 WARNING] Module Instance 'out_sm' input pin tied to constant (idx_tcp_prep[1][23]=0).
[EFX-0266 WARNING] Module Instance 'out_sm' input pin tied to constant (idx_tcp_prep[1][22]=0).
[EFX-0266 WARNING] Module Instance 'out_sm' input pin tied to constant (idx_tcp_prep[1][21]=0).
[EFX-0266 WARNING] Module Instance 'out_sm' input pin tied to constant (idx_tcp_prep[1][20]=0).
[EFX-0266 WARNING] Module Instance 'out_sm' input pin tied to constant (idx_tcp_prep[1][19]=0).
[EFX-0266 WARNING] Module Instance 'out_sm' input pin tied to constant (idx_tcp_prep[1][18]=0).
[EFX-0266 WARNING] Module Instance 'out_sm' input pin tied to constant (idx_tcp_prep[1][17]=0).
[EFX-0266 WARNING] Module Instance 'out_sm' input pin tied to constant (idx_tcp_prep[1][16]=0).
[EFX-0266 WARNING] Module Instance 'out_sm' input pin tied to constant (idx_tcp_prep[1][15]=0).
[EFX-0266 WARNING] Module Instance 'out_sm' input pin tied to constant (idx_tcp_prep[1][14]=0).
[EFX-0266 WARNING] Module Instance 'out_sm' input pin tied to constant (idx_tcp_prep[1][13]=0).
[EFX-0266 WARNING] Module Instance 'out_sm' input pin tied to constant (idx_tcp_prep[1][12]=0).
[EFX-0266 WARNING] Module Instance 'out_sm' input pin tied to constant (idx_tcp_prep[1][11]=0).
[EFX-0266 WARNING] Module Instance 'out_sm' input pin tied to constant (idx_tcp_prep[1][10]=0).
[EFX-0266 WARNING] Module Instance 'out_sm' input pin tied to constant (idx_tcp_prep[1][9]=0).
[EFX-0266 WARNING] Module Instance 'out_sm' input pin tied to constant (idx_tcp_prep[1][8]=0).
[EFX-0266 WARNING] Module Instance 'out_sm' input pin tied to constant (idx_tcp_prep[1][7]=0).
[EFX-0266 WARNING] Module Instance 'out_sm' input pin tied to constant (idx_tcp_prep[1][6]=0).
[EFX-0266 WARNING] Module Instance 'out_sm' input pin tied to constant (idx_tcp_prep[1][5]=0).
[EFX-0266 WARNING] Module Instance 'out_sm' input pin tied to constant (idx_tcp_prep[1][4]=0).
[EFX-0266 WARNING] Module Instance 'out_sm' input pin tied to constant (idx_tcp_prep[1][3]=0).
[EFX-0266 WARNING] Module Instance 'out_sm' input pin tied to constant (idx_tcp_prep[1][2]=1).
[EFX-0266 WARNING] Module Instance 'out_sm' input pin tied to constant (idx_tcp_prep[1][1]=1).
[EFX-0266 WARNING] Module Instance 'out_sm' input pin tied to constant (idx_tcp_prep[1][0]=0).
[EFX-0266 WARNING] Module Instance 'out_sm' input pin tied to constant (idx_gen[31]=0).
[EFX-0266 WARNING] Module Instance 'out_sm' input pin tied to constant (idx_gen[30]=0).
[EFX-0266 WARNING] Module Instance 'out_sm' input pin tied to constant (idx_gen[29]=0).
[EFX-0266 WARNING] Module Instance 'out_sm' input pin tied to constant (idx_gen[28]=0).
[EFX-0266 WARNING] Module Instance 'out_sm' input pin tied to constant (idx_gen[27]=0).
[EFX-0266 WARNING] Module Instance 'out_sm' input pin tied to constant (idx_gen[26]=0).
[EFX-0266 WARNING] Module Instance 'out_sm' input pin tied to constant (idx_gen[25]=0).
[EFX-0266 WARNING] Module Instance 'out_sm' input pin tied to constant (idx_gen[24]=0).
[EFX-0266 WARNING] Module Instance 'out_sm' input pin tied to constant (idx_gen[23]=0).
[EFX-0266 WARNING] Module Instance 'out_sm' input pin tied to constant (idx_gen[22]=0).
[EFX-0266 WARNING] Module Instance 'out_sm' input pin tied to constant (idx_gen[21]=0).
[EFX-0266 WARNING] Module Instance 'out_sm' input pin tied to constant (idx_gen[20]=0).
[EFX-0266 WARNING] Module Instance 'out_sm' input pin tied to constant (idx_gen[19]=0).
[EFX-0266 WARNING] Module Instance 'out_sm' input pin tied to constant (idx_gen[18]=0).
[EFX-0266 WARNING] Module Instance 'out_sm' input pin tied to constant (idx_gen[17]=0).
[EFX-0266 WARNING] Module Instance 'out_sm' input pin tied to constant (idx_gen[16]=0).
[EFX-0266 WARNING] Module Instance 'out_sm' input pin tied to constant (idx_gen[15]=0).
[EFX-0266 WARNING] Module Instance 'out_sm' input pin tied to constant (idx_gen[14]=0).
[EFX-0266 WARNING] Module Instance 'out_sm' input pin tied to constant (idx_gen[13]=0).
[EFX-0266 WARNING] Module Instance 'out_sm' input pin tied to constant (idx_gen[12]=0).
[EFX-0266 WARNING] Module Instance 'out_sm' input pin tied to constant (idx_gen[11]=0).
[EFX-0266 WARNING] Module Instance 'out_sm' input pin tied to constant (idx_gen[10]=0).
[EFX-0266 WARNING] Module Instance 'out_sm' input pin tied to constant (idx_gen[9]=0).
[EFX-0266 WARNING] Module Instance 'out_sm' input pin tied to constant (idx_gen[8]=0).
[EFX-0266 WARNING] Module Instance 'out_sm' input pin tied to constant (idx_gen[7]=0).
[EFX-0266 WARNING] Module Instance 'out_sm' input pin tied to constant (idx_gen[6]=0).
[EFX-0266 WARNING] Module Instance 'out_sm' input pin tied to constant (idx_gen[5]=0).
[EFX-0266 WARNING] Module Instance 'out_sm' input pin tied to constant (idx_gen[4]=0).
[EFX-0266 WARNING] Module Instance 'out_sm' input pin tied to constant (idx_gen[3]=0).
[EFX-0266 WARNING] Module Instance 'out_sm' input pin tied to constant (idx_gen[2]=0).
[EFX-0266 WARNING] Module Instance 'out_sm' input pin tied to constant (idx_gen[1]=0).
[EFX-0266 WARNING] Module Instance 'out_sm' input pin tied to constant (idx_gen[0]=1).
[EFX-0266 WARNING] Module Instance 'mdio' input pin tied to constant (b_req_data[31]=0).
[EFX-0266 WARNING] Module Instance 'mdio' input pin tied to constant (b_req_data[30]=0).
[EFX-0266 WARNING] Module Instance 'mdio' input pin tied to constant (b_req_data[29]=0).
[EFX-0201 WARNING] Re-wiring to GND non-driven net 'ram_udp_regidp.prod2.set_again'. (E:\Efinity\project\fnetriong\fakernet_module.vhd:134)
[EFX-0201 WARNING] Re-wiring to GND non-driven net 'ram_tcp_template.prod2.set_again'. (E:\Efinity\project\fnetriong\fakernet_module.vhd:136)
[EFX-0201 WARNING] Re-wiring to GND non-driven net 'ram_tcp_prep2[0].prod2.set_again'. (E:\Efinity\project\fnetriong\fakernet_module.vhd:137)
[EFX-0201 WARNING] Re-wiring to GND non-driven net 'ram_tcp_prep2[1].prod2.set_again'. (E:\Efinity\project\fnetriong\fakernet_module.vhd:137)
[EFX-0000 INFO] ... Pre-synthesis checks end (Real time : 0s)
[EFX-0000 INFO] ... NameSpace init begin
[EFX-0000 INFO] ... NameSpace init end (Real time : 0s)
[EFX-0000 INFO] ... Mapping design "fnetriong"
[EFX-0000 INFO] ... Hierarchical pre-synthesis "fnet_async_fifo(width=17)" begin
[EFX-0000 INFO] ... Hierarchical pre-synthesis "fnet_async_fifo(width=17)" end (Real time : 0s)
[EFX-0000 INFO] ... Hierarchical pre-synthesis "efnet_octet_to_word" begin
[EFX-0000 INFO] ... Hierarchical pre-synthesis "efnet_octet_to_word" end (Real time : 0s)
[EFX-0000 INFO] ... Hierarchical pre-synthesis "efb_uart_trace_mem(width=32,samples=512)" begin
[EFX-0000 INFO] ... Hierarchical pre-synthesis "efb_uart_trace_mem(width=32,samples=512)" end (Real time : 0s)
[EFX-0000 INFO] ... Hierarchical pre-synthesis "efb_uart_tx(15,0)" begin
[EFX-0000 INFO] ... Hierarchical pre-synthesis "efb_uart_tx(15,0)" end (Real time : 0s)
[EFX-0000 INFO] ... Hierarchical pre-synthesis "efnet_word_to_octet" begin
[EFX-0000 INFO] ... Hierarchical pre-synthesis "efnet_word_to_octet" end (Real time : 0s)
[EFX-0000 INFO] ... Hierarchical pre-synthesis "efnet_data_array_inject(0,0)(31,0)(0,0)(0,0)(9,0)(7,0)" begin
[EFX-0000 INFO] ... Hierarchical pre-synthesis "efnet_data_array_inject(0,0)(31,0)(0,0)(0,0)(9,0)(7,0)" end (Real time : 0s)
[EFX-0000 INFO] ... Hierarchical pre-synthesis "fnet_crc32" begin
[EFX-0000 INFO] ... Hierarchical pre-synthesis "fnet_crc32" end (Real time : 0s)
[EFX-0000 INFO] ... Hierarchical pre-synthesis "fnet_in_state" begin
[EFX-0000 INFO] ... Hierarchical pre-synthesis "fnet_in_state" end (Real time : 0s)
[EFX-0000 INFO] ... Hierarchical pre-synthesis "fnet_dyn_control" begin
[EFX-0000 INFO] ... Hierarchical pre-synthesis "fnet_dyn_control" end (Real time : 0s)
[EFX-0000 INFO] ... Hierarchical pre-synthesis "fnet_ntp_query_control" begin
[EFX-0000 INFO] ... Hierarchical pre-synthesis "fnet_ntp_query_control" end (Real time : 0s)
[EFX-0000 INFO] ... Hierarchical pre-synthesis "fnet_packet_gen" begin
[EFX-0000 INFO] ... Hierarchical pre-synthesis "fnet_packet_gen" end (Real time : 1s)
[EFX-0000 INFO] ... Hierarchical pre-synthesis "fnet_out_state" begin
[EFX-0000 INFO] ... Hierarchical pre-synthesis "fnet_out_state" end (Real time : 0s)
[EFX-0000 INFO] ... Hierarchical pre-synthesis "fnet_out_pipeline" begin
[EFX-0000 INFO] ... Hierarchical pre-synthesis "fnet_out_pipeline" end (Real time : 0s)
[EFX-0000 INFO] ... Hierarchical pre-synthesis "fnet_regaccess" begin
[EFX-0000 INFO] ... Hierarchical pre-synthesis "fnet_regaccess" end (Real time : 0s)
[EFX-0000 INFO] ... Hierarchical pre-synthesis "ram_block_a11d16" begin
[EFX-0000 INFO] ... Hierarchical pre-synthesis "ram_block_a11d16" end (Real time : 0s)
[EFX-0000 INFO] ... Hierarchical pre-synthesis "fnet_local_reg(test_regs=true,lcl_data_gen=true,limit_payload_window=true,debug_regs=true,debug_counters=true,compiletime=1)" begin
[EFX-0000 INFO] ... Hierarchical pre-synthesis "fnet_local_reg(test_regs=true,lcl_data_gen=true,limit_payload_window=true,debug_regs=true,debug_counters=true,compiletime=1)" end (Real time : 0s)
[EFX-0000 INFO] ... Hierarchical pre-synthesis "fnet_tcp_state(data_bufsize_addrbits=13)" begin
[EFX-0000 INFO] ... Hierarchical pre-synthesis "fnet_tcp_state(data_bufsize_addrbits=13)" end (Real time : 0s)
[EFX-0000 INFO] ... Hierarchical pre-synthesis "fnet_tcp_control(data_bufsize_addrbits=13)" begin
[EFX-0000 INFO] ... Hierarchical pre-synthesis "fnet_tcp_control(data_bufsize_addrbits=13)" end (Real time : 0s)
[EFX-0000 INFO] ... Hierarchical pre-synthesis "fnet_tcp_prepare(data_bufsize_addrbits=13)(12,0)(31,0)" begin
[EFX-0000 INFO] ... Hierarchical pre-synthesis "fnet_tcp_prepare(data_bufsize_addrbits=13)(12,0)(31,0)" end (Real time : 0s)
[EFX-0000 INFO] ... Hierarchical pre-synthesis "fnet_tcp_buffer(data_bufsize_addrbits=13)(9,0)(7,0)(7,0)(5,0)(12,0)(31,0)" begin
[EFX-0000 INFO] ... Hierarchical pre-synthesis "fnet_tcp_buffer(data_bufsize_addrbits=13)(9,0)(7,0)(7,0)(5,0)(12,0)(31,0)" end (Real time : 0s)
[EFX-0000 INFO] ... Hierarchical pre-synthesis "fnet_test_datagen(data_bufsize_addrbits=13)" begin
[EFX-0000 INFO] ... Hierarchical pre-synthesis "fnet_test_datagen(data_bufsize_addrbits=13)" end (Real time : 0s)
[EFX-0000 INFO] ... Hierarchical pre-synthesis "fnet_ram_block_data(addrbits=13)" begin
[EFX-0000 INFO] ... Hierarchical pre-synthesis "fnet_ram_block_data(addrbits=13)" end (Real time : 0s)
[EFX-0000 INFO] ... Hierarchical pre-synthesis "fnet_ram_block_stat" begin
[EFX-0000 INFO] ... Hierarchical pre-synthesis "fnet_ram_block_stat" end (Real time : 0s)
[EFX-0000 INFO] ... Hierarchical pre-synthesis "fnet_regacc_aux_stat" begin
[EFX-0000 INFO] ... Hierarchical pre-synthesis "fnet_regacc_aux_stat" end (Real time : 0s)
[EFX-0000 INFO] ... Hierarchical pre-synthesis "fnet_mdio" begin
[EFX-0000 INFO] ... Hierarchical pre-synthesis "fnet_mdio" end (Real time : 0s)
[EFX-0000 INFO] ... Hierarchical pre-synthesis "fakernet_module(data_bufsize_addrbits=13,compiletime=1)(9,0)(7,0)" begin
[EFX-0000 INFO] ... Hierarchical pre-synthesis "fakernet_module(data_bufsize_addrbits=13,compiletime=1)(9,0)(7,0)" end (Real time : 1s)
[EFX-0000 INFO] ... Hierarchical pre-synthesis "efb_common_top(clk_freq=125000000)(0,-1)(31,0)(0,-1)(0,-1)" begin
[EFX-0000 INFO] ... Hierarchical pre-synthesis "efb_common_top(clk_freq=125000000)(0,-1)(31,0)(0,-1)(0,-1)" end (Real time : 1s)
[EFX-0000 INFO] ... Hierarchical pre-synthesis "edb_top" begin
[EFX-0000 INFO] ... Hierarchical pre-synthesis "edb_top" end (Real time : 0s)
[EFX-0000 INFO] ... Hierarchical pre-synthesis "fnetriong" begin
[EFX-0000 INFO] ... Clock Enable Synthesis Performed on 694 flops.
[EFX-0000 INFO] ... Hierarchical pre-synthesis "fnetriong" end (Real time : 1s)
[EFX-0201 WARNING] Re-wiring to GND non-driven net 't/fakernet/dp_ram_arp_icmp.port_a.o.rd'. (E:\Efinity\project\fnetriong\fakernet_module.vhd:144)
[EFX-0201 WARNING] Re-wiring to GND non-driven net 't/fakernet/dp_ram_pkt_gen.port_a.o.rd'. (E:\Efinity\project\fnetriong\fakernet_module.vhd:145)
[EFX-0201 WARNING] Re-wiring to GND non-driven net 't/fakernet/dp_ram_udp_regacc.port_a.o.rd'. (E:\Efinity\project\fnetriong\fakernet_module.vhd:146)
[EFX-0201 WARNING] Re-wiring to GND non-driven net 't/fakernet/dp_ram_udp_regacc.port_b.o.wr'. (E:\Efinity\project\fnetriong\fakernet_module.vhd:146)
[EFX-0201 WARNING] Re-wiring to GND non-driven net 't/fakernet/dp_ram_udp_regidp.port_a.o.rd'. (E:\Efinity\project\fnetriong\fakernet_module.vhd:147)
[EFX-0201 WARNING] Re-wiring to GND non-driven net 't/fakernet/dp_ram_tcp_template.port_a.o.rd'. (E:\Efinity\project\fnetriong\fakernet_module.vhd:150)
[EFX-0000 INFO] ... Flat optimizations begin
[EFX-0000 INFO] ... Flat optimizations end (Real time : 0s)
[EFX-0000 INFO] ... Flat synthesis begin
[EFX-0000 INFO] ... Flat synthesis end (Real time : 0s)
[EFX-0000 INFO] ... Flat optimizations begin
[EFX-0000 INFO] ... Flat optimizations end (Real time : 0s)
[EFX-0000 INFO] ... Check and break combinational loops begin
[EFX-0000 INFO] ... Check and break combinational loops end (Real time : 0s)
[EFX-0000 INFO] ... Sequential Optimization begin
[EFX-0000 INFO] ... Clock Network clk with 3785 loads will be considered for sequential optimization.
[EFX-0000 INFO] ... Clock Network jtag_inst1_TCK with 738 loads will be considered for sequential optimization.
[EFX-0000 INFO] ... Clock Network eth_rx_clk with 297 loads will be considered for sequential optimization.
[EFX-0000 INFO] ... Sequential Optimization deduced 533 equivalent points.
[EFX-0000 INFO] ... Sequential Optimization end (Real time : 25s)
[EFX-0000 INFO] ... SOP modeling begin
[EFX-0000 INFO] ... SOP modeling end (Real time : 0s)
[EFX-0000 INFO] ... LUT mapping begin
[EFX-0000 INFO] ... LS, strategy: 3, nd: 4748, ed: 15538, lv: 7, pw: 15067.57
[EFX-0000 INFO] ... LUT mapping end (Real time : 17s)
[EFX-0000 INFO] ... Post-synthesis Verific netlist creation begin
[EFX-0000 INFO] ... Post-synthesis Verific netlist creation end (Real time : 0s)
[EFX-0000 INFO] ... Postmap Retiming Optimization begin
[EFX-0000 INFO] ... Clock Network n3 with 3705 loads will be considered for retiming optimization.
[EFX-0000 INFO] ... Clock Network n26 with 738 loads will be considered for retiming optimization.
[EFX-0000 INFO] ... Clock Network n13 with 257 loads will be considered for retiming optimization.
[EFX-0000 INFO] ... Performed 4 retime moves.
[EFX-0000 INFO] ... Postmap Retiming Optimization end (Real time : 0s)
[EFX-0000 INFO] ... Post-synthesis Verific netlist unification/params processing begin
[EFX-0000 INFO] ... Post-synthesis Verific netlist unification/params processing end (Real time : 1s)
[EFX-0000 INFO] Resource Summary 
[EFX-0000 INFO] =============================== 
[EFX-0000 INFO] EFX_ADD         : 	835
[EFX-0000 INFO] EFX_LUT4        : 	6044
[EFX-0000 INFO] EFX_FF          : 	4647
[EFX-0000 INFO] EFX_RAM_5K      : 	114
[EFX-0000 INFO] EFX_DPRAM_5K    : 	4
[EFX-0000 INFO] EFX_GBUFCE      : 	3
[EFX-0000 INFO] =============================== 

///////////////////////////////////
// Efinity Synthesis Started 
// Mar 08, 2023 11:12:55
///////////////////////////////////

[EFX-0012 VERI-INFO] default VHDL library search path is now "E:/Efinity/2022.2/sim_models/vhdl/packages/vhdl_2008" (VHDL-1504) 
[EFX-0012 VERI-INFO] undeclared symbol 'la_capture_mask', assumed default net type 'wire' (VERI-2561) (E:/Efinity/project/fnetriong/work_dbg/debug_top.v:4421)
[EFX-0012 VERI-INFO] undeclared symbol 'next_segment_pointer_eq', assumed default net type 'wire' (VERI-2561) (E:/Efinity/project/fnetriong/work_dbg/debug_top.v:4779)
[EFX-0012 VERI-INFO] undeclared symbol 'next_segment_msb_xor', assumed default net type 'wire' (VERI-2561) (E:/Efinity/project/fnetriong/work_dbg/debug_top.v:4780)
[EFX-0011 VERI-WARNING] port 'probe4' remains unconnected for this instance (VERI-1927) (E:/Efinity/project/fnetriong/work_dbg/debug_top.v:126)
[EFX-0011 VERI-WARNING] port 'probe4' remains unconnected for this instance (VERI-1927) (E:/Efinity/project/fnetriong/work_dbg/debug_top.v:169)
[EFX-0012 VERI-INFO] compiling module 'edb_top' (VERI-1018) (E:/Efinity/project/fnetriong/work_dbg/debug_top.v:10)
[EFX-0012 VERI-INFO] compiling module 'edb_la_top_renamed_due_excessive_length_1' (VERI-1018) (E:/Efinity/project/fnetriong/work_dbg/debug_top.v:542)
[EFX-0011 VERI-WARNING] expression size 256 truncated to fit in target size 64 (VERI-1209) (E:/Efinity/project/fnetriong/work_dbg/debug_top.v:3638)
[EFX-0012 VERI-INFO] compiling module 'edb_adbg_crc32' (VERI-1018) (E:/Efinity/project/fnetriong/work_dbg/debug_top.v:243)
[EFX-0012 VERI-INFO] compiling module 'compare_unit(WIDTH=11'b01000,PIPE=1)' (VERI-1018) (E:/Efinity/project/fnetriong/work_dbg/debug_top.v:5502)
[EFX-0012 VERI-INFO] compiling module 'compare_unit(WIDTH=11'b01,PIPE=1)' (VERI-1018) (E:/Efinity/project/fnetriong/work_dbg/debug_top.v:5502)
[EFX-0012 VERI-INFO] compiling module 'compare_unit(WIDTH=11'b0100,PIPE=1)' (VERI-1018) (E:/Efinity/project/fnetriong/work_dbg/debug_top.v:5502)
[EFX-0012 VERI-INFO] compiling module 'trigger_unit(WIDTH=32'b0100,PIPE=1)' (VERI-1018) (E:/Efinity/project/fnetriong/work_dbg/debug_top.v:5707)
[EFX-0012 VERI-INFO] compiling module 'la_biu(CAPTURE_WIDTH=32'b010001)' (VERI-1018) (E:/Efinity/project/fnetriong/work_dbg/debug_top.v:4856)
[EFX-0012 VERI-INFO] compiling module 'fifo_with_read(DATA_WIDTH=32'b010010)' (VERI-1018) (E:/Efinity/project/fnetriong/work_dbg/debug_top.v:4598)
[EFX-0012 VERI-INFO] compiling module 'fifo_address_trancode_unit' (VERI-1018) (E:/Efinity/project/fnetriong/work_dbg/debug_top.v:4548)
[EFX-0012 VERI-INFO] compiling module 'edb_simple_dual_port_ram(DATA_WIDTH=32'b010010,ADDR_WIDTH=10,RAM_INIT_FILE="")' (VERI-1018) (E:/Efinity/project/fnetriong/work_dbg/debug_top.v:452)
[EFX-0012 VERI-INFO] extracting RAM for identifier 'ram' (VERI-2571) (E:/Efinity/project/fnetriong/work_dbg/debug_top.v:467)
[EFX-0012 VERI-INFO] compiling module 'edb_la_top_renamed_due_excessive_length_2' (VERI-1018) (E:/Efinity/project/fnetriong/work_dbg/debug_top.v:542)
[EFX-0011 VERI-WARNING] expression size 256 truncated to fit in target size 64 (VERI-1209) (E:/Efinity/project/fnetriong/work_dbg/debug_top.v:3638)
[EFX-0012 VERI-INFO] compiling module 'la_biu(CAPTURE_WIDTH=32'b01011)' (VERI-1018) (E:/Efinity/project/fnetriong/work_dbg/debug_top.v:4856)
[EFX-0012 VERI-INFO] compiling module 'fifo_with_read(DATA_WIDTH=32'b01100)' (VERI-1018) (E:/Efinity/project/fnetriong/work_dbg/debug_top.v:4598)
[EFX-0012 VERI-INFO] compiling module 'edb_simple_dual_port_ram(DATA_WIDTH=32'b01100,ADDR_WIDTH=10,RAM_INIT_FILE="")' (VERI-1018) (E:/Efinity/project/fnetriong/work_dbg/debug_top.v:452)
[EFX-0012 VERI-INFO] extracting RAM for identifier 'ram' (VERI-2571) (E:/Efinity/project/fnetriong/work_dbg/debug_top.v:467)
[EFX-0012 VERI-INFO] compiling module 'debug_hub' (VERI-1018) (E:/Efinity/project/fnetriong/work_dbg/debug_top.v:321)
[EFX-0011 VERI-WARNING] input port 'probe4[0]' remains unconnected for this instance (VDB-1053) (E:/Efinity/project/fnetriong/work_dbg/debug_top.v:102)
[EFX-0011 VERI-WARNING] input port 'probe4[0]' remains unconnected for this instance (VDB-1053) (E:/Efinity/project/fnetriong/work_dbg/debug_top.v:145)
[EFX-0000 INFO] Setting Synthesis Option: mode=speed
[EFX-0012 VERI-INFO] compiling module 'EFX_ADD' (VERI-1018) (E:/Efinity/2022.2/sim_models/maplib/efinix_maplib.v:6)
[EFX-0012 VERI-INFO] compiling module 'EFX_FF' (VERI-1018) (E:/Efinity/2022.2/sim_models/maplib/efinix_maplib.v:19)
[EFX-0012 VERI-INFO] compiling module 'EFX_COMB4' (VERI-1018) (E:/Efinity/2022.2/sim_models/maplib/efinix_maplib.v:36)
[EFX-0012 VERI-INFO] compiling module 'EFX_GBUFCE' (VERI-1018) (E:/Efinity/2022.2/sim_models/maplib/efinix_maplib.v:46)
[EFX-0012 VERI-INFO] compiling module 'EFX_IDDR' (VERI-1018) (E:/Efinity/2022.2/sim_models/maplib/efinix_maplib.v:55)
[EFX-0012 VERI-INFO] compiling module 'EFX_ODDR' (VERI-1018) (E:/Efinity/2022.2/sim_models/maplib/efinix_maplib.v:69)
[EFX-0012 VERI-INFO] compiling module 'EFX_IOBUF' (VERI-1018) (E:/Efinity/2022.2/sim_models/maplib/efinix_maplib.v:85)
[EFX-0012 VERI-INFO] compiling module 'EFX_LUT4' (VERI-1018) (E:/Efinity/2022.2/sim_models/maplib/efinix_maplib.v:97)
[EFX-0012 VERI-INFO] compiling module 'EFX_MULT' (VERI-1018) (E:/Efinity/2022.2/sim_models/maplib/efinix_maplib.v:105)
[EFX-0012 VERI-INFO] compiling module 'EFX_DSP48' (VERI-1018) (E:/Efinity/2022.2/sim_models/maplib/efinix_maplib.v:140)
[EFX-0012 VERI-INFO] compiling module 'EFX_DSP24' (VERI-1018) (E:/Efinity/2022.2/sim_models/maplib/efinix_maplib.v:196)
[EFX-0012 VERI-INFO] compiling module 'EFX_DSP12' (VERI-1018) (E:/Efinity/2022.2/sim_models/maplib/efinix_maplib.v:249)
[EFX-0012 VERI-INFO] compiling module 'EFX_RAM_4K' (VERI-1018) (E:/Efinity/2022.2/sim_models/maplib/efinix_maplib.v:302)
[EFX-0012 VERI-INFO] compiling module 'EFX_RAM_5K' (VERI-1018) (E:/Efinity/2022.2/sim_models/maplib/efinix_maplib.v:362)
[EFX-0012 VERI-INFO] compiling module 'EFX_DPRAM_5K' (VERI-1018) (E:/Efinity/2022.2/sim_models/maplib/efinix_maplib.v:434)
[EFX-0012 VERI-INFO] compiling module 'RAMB5' (VERI-1018) (E:/Efinity/2022.2/sim_models/maplib/efinix_maplib.v:539)
[EFX-0012 VERI-INFO] compiling module 'EFX_RAM_10K' (VERI-1018) (E:/Efinity/2022.2/sim_models/maplib/efinix_maplib.v:601)
[EFX-0012 VERI-INFO] compiling module 'EFX_RAM10' (VERI-1018) (E:/Efinity/2022.2/sim_models/maplib/efinix_maplib.v:693)
[EFX-0012 VERI-INFO] compiling module 'EFX_DPRAM10' (VERI-1018) (E:/Efinity/2022.2/sim_models/maplib/efinix_maplib.v:794)
[EFX-0012 VERI-INFO] compiling module 'EFX_SRL8' (VERI-1018) (E:/Efinity/2022.2/sim_models/maplib/efinix_maplib.v:924)
[EFX-0000 INFO] ... Pre-synthesis checks begin
[EFX-0200 WARNING] Removing redundant signal : compared_in[0]. (E:/Efinity/project/fnetriong/work_dbg/debug_top.v:5508)
[EFX-0200 WARNING] Removing redundant signal : mask_in[0]. (E:/Efinity/project/fnetriong/work_dbg/debug_top.v:5509)
[EFX-0200 WARNING] Removing redundant signal : trigger_in. (E:/Efinity/project/fnetriong/work_dbg/debug_top.v:5719)
[EFX-0677 INFO] Zero initialization of uninitialized memory block 'ram'. (E:/Efinity/project/fnetriong/work_dbg/debug_top.v:467)
[EFX-0200 WARNING] Removing redundant signal : din[17]. (E:/Efinity/project/fnetriong/work_dbg/debug_top.v:4611)
[EFX-0200 WARNING] Removing redundant signal : trig_out. (E:/Efinity/project/fnetriong/work_dbg/debug_top.v:4890)
[EFX-0200 WARNING] Removing redundant signal : trig_out_ack. (E:/Efinity/project/fnetriong/work_dbg/debug_top.v:4891)
[EFX-0200 WARNING] Removing redundant signal : bscan_DRCK. (E:/Efinity/project/fnetriong/work_dbg/debug_top.v:1075)
[EFX-0200 WARNING] Removing redundant signal : bscan_RUNTEST. (E:/Efinity/project/fnetriong/work_dbg/debug_top.v:1077)
[EFX-0200 WARNING] Removing redundant signal : bscan_SEL. (E:/Efinity/project/fnetriong/work_dbg/debug_top.v:1078)
[EFX-0200 WARNING] Removing redundant signal : bscan_TMS. (E:/Efinity/project/fnetriong/work_dbg/debug_top.v:1082)
[EFX-0200 WARNING] Removing redundant signal : trig_in_ack. (E:/Efinity/project/fnetriong/work_dbg/debug_top.v:1093)
[EFX-0200 WARNING] Removing redundant signal : mux_capture_cmp[3]. (E:/Efinity/project/fnetriong/work_dbg/debug_top.v:3499)
[EFX-0200 WARNING] Removing redundant signal : mux_capture_cmp[2]. (E:/Efinity/project/fnetriong/work_dbg/debug_top.v:3499)
[EFX-0200 WARNING] Removing redundant signal : mux_capture_cmp[1]. (E:/Efinity/project/fnetriong/work_dbg/debug_top.v:3499)
[EFX-0200 WARNING] Removing redundant signal : mux_capture_cmp[0]. (E:/Efinity/project/fnetriong/work_dbg/debug_top.v:3499)
[EFX-0677 INFO] Zero initialization of uninitialized memory block 'ram'. (E:/Efinity/project/fnetriong/work_dbg/debug_top.v:467)
[EFX-0200 WARNING] Removing redundant signal : din[11]. (E:/Efinity/project/fnetriong/work_dbg/debug_top.v:4611)
[EFX-0200 WARNING] Removing redundant signal : trig_out. (E:/Efinity/project/fnetriong/work_dbg/debug_top.v:4890)
[EFX-0200 WARNING] Removing redundant signal : trig_out_ack. (E:/Efinity/project/fnetriong/work_dbg/debug_top.v:4891)
[EFX-0200 WARNING] Removing redundant signal : bscan_DRCK. (E:/Efinity/project/fnetriong/work_dbg/debug_top.v:1075)
[EFX-0200 WARNING] Removing redundant signal : bscan_RUNTEST. (E:/Efinity/project/fnetriong/work_dbg/debug_top.v:1077)
[EFX-0266 WARNING] Module Instance 'la0' input pin tied to constant (trig_in=0).
[EFX-0266 WARNING] Module Instance 'la0' input pin tied to constant (trig_out_ack=0).
[EFX-0201 WARNING] Re-wiring to GND non-driven net 'la0.probe4[0]'. (E:/Efinity/project/fnetriong/work_dbg/debug_top.v:102)
[EFX-0201 WARNING] Re-wiring to GND non-driven net 'la0.probe5[0]'. (E:/Efinity/project/fnetriong/work_dbg/debug_top.v:102)
[EFX-0201 WARNING] Re-wiring to GND non-driven net 'la0.probe6[0]'. (E:/Efinity/project/fnetriong/work_dbg/debug_top.v:102)
[EFX-0201 WARNING] Re-wiring to GND non-driven net 'la0.probe7[0]'. (E:/Efinity/project/fnetriong/work_dbg/debug_top.v:102)
[EFX-0201 WARNING] Re-wiring to GND non-driven net 'la0.probe8[0]'. (E:/Efinity/project/fnetriong/work_dbg/debug_top.v:102)
[EFX-0201 WARNING] Re-wiring to GND non-driven net 'la0.probe9[0]'. (E:/Efinity/project/fnetriong/work_dbg/debug_top.v:102)
[EFX-0201 WARNING] Re-wiring to GND non-driven net 'la0.probe10[0]'. (E:/Efinity/project/fnetriong/work_dbg/debug_top.v:102)
[EFX-0201 WARNING] Re-wiring to GND non-driven net 'la0.probe11[0]'. (E:/Efinity/project/fnetriong/work_dbg/debug_top.v:102)
[EFX-0201 WARNING] Re-wiring to GND non-driven net 'la0.probe12[0]'. (E:/Efinity/project/fnetriong/work_dbg/debug_top.v:102)
[EFX-0201 WARNING] Re-wiring to GND non-driven net 'la0.probe13[0]'. (E:/Efinity/project/fnetriong/work_dbg/debug_top.v:102)
[EFX-0266 WARNING] Module Instance 'la1' input pin tied to constant (trig_in=0).
[EFX-0266 WARNING] Module Instance 'la1' input pin tied to constant (trig_out_ack=0).
[EFX-0000 INFO] ... Pre-synthesis checks end (Real time : 0s)
[EFX-0000 INFO] ... NameSpace init begin
[EFX-0000 INFO] ... NameSpace init end (Real time : 0s)
[EFX-0000 INFO] ... Mapping design "edb_top"
[EFX-0000 INFO] ... Hierarchical pre-synthesis "edb_adbg_crc32" begin
[EFX-0000 INFO] ... Hierarchical pre-synthesis "edb_adbg_crc32" end (Real time : 0s)
[EFX-0000 INFO] ... Hierarchical pre-synthesis "compare_unit(WIDTH=11'b01000,PIPE=1)" begin
[EFX-0000 INFO] ... Hierarchical pre-synthesis "compare_unit(WIDTH=11'b01000,PIPE=1)" end (Real time : 0s)
[EFX-0000 INFO] ... Hierarchical pre-synthesis "compare_unit(WIDTH=11'b01,PIPE=1)" begin
[EFX-0000 INFO] ... Hierarchical pre-synthesis "compare_unit(WIDTH=11'b01,PIPE=1)" end (Real time : 0s)
[EFX-0000 INFO] ... Hierarchical pre-synthesis "compare_unit(WIDTH=11'b0100,PIPE=1)" begin
[EFX-0000 INFO] ... Hierarchical pre-synthesis "compare_unit(WIDTH=11'b0100,PIPE=1)" end (Real time : 0s)
[EFX-0000 INFO] ... Hierarchical pre-synthesis "trigger_unit(WIDTH=32'b0100,PIPE=1)" begin
[EFX-0000 INFO] ... Hierarchical pre-synthesis "trigger_unit(WIDTH=32'b0100,PIPE=1)" end (Real time : 0s)
[EFX-0000 INFO] ... Hierarchical pre-synthesis "fifo_address_trancode_unit" begin
[EFX-0000 INFO] ... Hierarchical pre-synthesis "fifo_address_trancode_unit" end (Real time : 0s)
[EFX-0000 INFO] ... Hierarchical pre-synthesis "edb_simple_dual_port_ram(DATA_WIDTH=32'b010010,ADDR_WIDTH=10,RAM_INIT_FILE="")" begin
[EFX-0000 INFO] ... Hierarchical pre-synthesis "edb_simple_dual_port_ram(DATA_WIDTH=32'b010010,ADDR_WIDTH=10,RAM_INIT_FILE="")" end (Real time : 0s)
[EFX-0000 INFO] ... Hierarchical pre-synthesis "fifo_with_read(DATA_WIDTH=32'b010010)" begin
[EFX-0000 INFO] ... Hierarchical pre-synthesis "fifo_with_read(DATA_WIDTH=32'b010010)" end (Real time : 0s)
[EFX-0000 INFO] ... Hierarchical pre-synthesis "la_biu(CAPTURE_WIDTH=32'b010001)" begin
[EFX-0000 INFO] ... Hierarchical pre-synthesis "la_biu(CAPTURE_WIDTH=32'b010001)" end (Real time : 0s)
[EFX-0000 INFO] ... Hierarchical pre-synthesis "edb_la_top_renamed_due_excessive_length_1" begin
[EFX-0000 INFO] ... Hierarchical pre-synthesis "edb_la_top_renamed_due_excessive_length_1" end (Real time : 0s)
[EFX-0000 INFO] ... Hierarchical pre-synthesis "edb_simple_dual_port_ram(DATA_WIDTH=32'b01100,ADDR_WIDTH=10,RAM_INIT_FILE="")" begin
[EFX-0000 INFO] ... Hierarchical pre-synthesis "edb_simple_dual_port_ram(DATA_WIDTH=32'b01100,ADDR_WIDTH=10,RAM_INIT_FILE="")" end (Real time : 0s)
[EFX-0000 INFO] ... Hierarchical pre-synthesis "fifo_with_read(DATA_WIDTH=32'b01100)" begin
[EFX-0000 INFO] ... Hierarchical pre-synthesis "fifo_with_read(DATA_WIDTH=32'b01100)" end (Real time : 0s)
[EFX-0000 INFO] ... Hierarchical pre-synthesis "la_biu(CAPTURE_WIDTH=32'b01011)" begin
[EFX-0000 INFO] ... Hierarchical pre-synthesis "la_biu(CAPTURE_WIDTH=32'b01011)" end (Real time : 0s)
[EFX-0000 INFO] ... Hierarchical pre-synthesis "edb_la_top_renamed_due_excessive_length_2" begin
[EFX-0000 INFO] ... Hierarchical pre-synthesis "edb_la_top_renamed_due_excessive_length_2" end (Real time : 0s)
[EFX-0000 INFO] ... Hierarchical pre-synthesis "debug_hub" begin
[EFX-0000 INFO] ... Hierarchical pre-synthesis "debug_hub" end (Real time : 0s)
[EFX-0000 INFO] ... Hierarchical pre-synthesis "edb_top" begin
[EFX-0000 INFO] ... Clock Enable Synthesis Performed on 260 flops.
[EFX-0000 INFO] ... Hierarchical pre-synthesis "edb_top" end (Real time : 1s)
[EFX-0000 INFO] ... Flat optimizations begin
[EFX-0000 INFO] ... Flat optimizations end (Real time : 0s)
[EFX-0000 INFO] ... Flat synthesis begin
[EFX-0000 INFO] ... Flat synthesis end (Real time : 0s)
[EFX-0000 INFO] ... Flat optimizations begin
[EFX-0000 INFO] ... Flat optimizations end (Real time : 0s)
[EFX-0000 INFO] ... Check and break combinational loops begin
[EFX-0000 INFO] ... Check and break combinational loops end (Real time : 0s)
[EFX-0000 INFO] ... Sequential Optimization begin
[EFX-0000 INFO] ... Clock Network bscan_TCK with 752 loads will be considered for sequential optimization.
[EFX-0000 INFO] ... Clock Network la0_clk with 256 loads will be considered for sequential optimization.
[EFX-0000 INFO] ... Clock Network la1_clk with 210 loads will be considered for sequential optimization.
[EFX-0000 INFO] ... Sequential Optimization deduced 534 equivalent points.
[EFX-0000 INFO] ... Sequential Optimization end (Real time : 16s)
[EFX-0000 INFO] ... SOP modeling begin
[EFX-0000 INFO] ... SOP modeling end (Real time : 0s)
[EFX-0000 INFO] ... LUT mapping begin
[EFX-0000 INFO] ... LS, strategy: 3, nd: 1418, ed: 4675, lv: 7, pw: 2828.59
[EFX-0000 INFO] ... LUT mapping end (Real time : 8s)
[EFX-0000 INFO] ... Post-synthesis Verific netlist creation begin
[EFX-0000 INFO] ... Post-synthesis Verific netlist creation end (Real time : 0s)
[EFX-0000 INFO] ... Postmap Retiming Optimization begin
[EFX-0000 INFO] ... Clock Network n9 with 752 loads will be considered for retiming optimization.
[EFX-0000 INFO] ... Clock Network n13 with 256 loads will be considered for retiming optimization.
[EFX-0000 INFO] ... Clock Network n31 with 210 loads will be considered for retiming optimization.
[EFX-0000 INFO] ... Performed 0 retime moves.
[EFX-0000 INFO] ... Postmap Retiming Optimization end (Real time : 0s)
[EFX-0000 INFO] ... Post-synthesis Verific netlist unification/params processing begin
[EFX-0000 INFO] ... Post-synthesis Verific netlist unification/params processing end (Real time : 0s)
[EFX-0011 VERI-WARNING] Input/Inout Port bscan_DRCK is unconnected and will be removed 
[EFX-0011 VERI-WARNING] Input/Inout Port bscan_RUNTEST is unconnected and will be removed 
[EFX-0011 VERI-WARNING] Input/Inout Port bscan_TMS is unconnected and will be removed 
[EFX-0012 VERI-INFO] Found 3 warnings in the post-synthesis netlist. 
[EFX-0000 INFO] Resource Summary 
[EFX-0000 INFO] =============================== 
[EFX-0000 INFO] EFX_ADD         : 	180
[EFX-0000 INFO] EFX_LUT4        : 	1389
[EFX-0000 INFO] EFX_FF          : 	1178
[EFX-0000 INFO] EFX_RAM_5K      : 	7
[EFX-0000 INFO] EFX_GBUFCE      : 	3
[EFX-0000 INFO] =============================== 

///////////////////////////////////
// Efinity Synthesis Started 
// Mar 08, 2023 11:13:26
///////////////////////////////////

[EFX-0000 INFO] Setting Synthesis Option: mode=speed
[EFX-0000 INFO] ... Pre-synthesis checks begin
[EFX-0266 WARNING] Module Instance 'fifo' input pin tied to constant (out_want_b=1).
[EFX-0200 WARNING] Removing redundant signal : start_found. (E:\Efinity\project\fnetriong\efnet_octet_to_word.vhd:60)
[EFX-0200 WARNING] Removing redundant signal : packet_start. (E:\Efinity\project\fnetriong\efnet_octet_to_word.vhd:62)
[EFX-0200 WARNING] Removing redundant signal : packet_end. (E:\Efinity\project\fnetriong\efnet_octet_to_word.vhd:63)
[EFX-0200 WARNING] Removing redundant signal : word[15]. (E:\Efinity\project\fnetriong\efnet_octet_to_word.vhd:65)
[EFX-0200 WARNING] Removing redundant signal : word[14]. (E:\Efinity\project\fnetriong\efnet_octet_to_word.vhd:65)
[EFX-0200 WARNING] Removing redundant signal : word[13]. (E:\Efinity\project\fnetriong\efnet_octet_to_word.vhd:65)
[EFX-0200 WARNING] Removing redundant signal : word[12]. (E:\Efinity\project\fnetriong\efnet_octet_to_word.vhd:65)
[EFX-0200 WARNING] Removing redundant signal : word[11]. (E:\Efinity\project\fnetriong\efnet_octet_to_word.vhd:65)
[EFX-0200 WARNING] Removing redundant signal : word[10]. (E:\Efinity\project\fnetriong\efnet_octet_to_word.vhd:65)
[EFX-0200 WARNING] Removing redundant signal : word[9]. (E:\Efinity\project\fnetriong\efnet_octet_to_word.vhd:65)
[EFX-0200 WARNING] Removing redundant signal : word[8]. (E:\Efinity\project\fnetriong\efnet_octet_to_word.vhd:65)
[EFX-0200 WARNING] Removing redundant signal : word[7]. (E:\Efinity\project\fnetriong\efnet_octet_to_word.vhd:65)
[EFX-0200 WARNING] Removing redundant signal : word[6]. (E:\Efinity\project\fnetriong\efnet_octet_to_word.vhd:65)
[EFX-0200 WARNING] Removing redundant signal : word[5]. (E:\Efinity\project\fnetriong\efnet_octet_to_word.vhd:65)
[EFX-0200 WARNING] Removing redundant signal : word[4]. (E:\Efinity\project\fnetriong\efnet_octet_to_word.vhd:65)
[EFX-0200 WARNING] Removing redundant signal : word[3]. (E:\Efinity\project\fnetriong\efnet_octet_to_word.vhd:65)
[EFX-0200 WARNING] Removing redundant signal : word[2]. (E:\Efinity\project\fnetriong\efnet_octet_to_word.vhd:65)
[EFX-0200 WARNING] Removing redundant signal : word[1]. (E:\Efinity\project\fnetriong\efnet_octet_to_word.vhd:65)
[EFX-0200 WARNING] Removing redundant signal : word[0]. (E:\Efinity\project\fnetriong\efnet_octet_to_word.vhd:65)
[EFX-0200 WARNING] Removing redundant signal : octet_counter[0]. (E:\Efinity\project\fnetriong\efnet_octet_to_word.vhd:66)
[EFX-0266 WARNING] Module Instance 'out_sm' input pin tied to constant (idx_tcp_prep[0][31]=0).
[EFX-0266 WARNING] Module Instance 'out_sm' input pin tied to constant (idx_tcp_prep[0][30]=0).
[EFX-0266 WARNING] Module Instance 'out_sm' input pin tied to constant (idx_tcp_prep[0][29]=0).
[EFX-0266 WARNING] Module Instance 'out_sm' input pin tied to constant (idx_tcp_prep[0][28]=0).
[EFX-0266 WARNING] Module Instance 'out_sm' input pin tied to constant (idx_tcp_prep[0][27]=0).
[EFX-0266 WARNING] Module Instance 'out_sm' input pin tied to constant (idx_tcp_prep[0][26]=0).
[EFX-0266 WARNING] Module Instance 'out_sm' input pin tied to constant (idx_tcp_prep[0][25]=0).
[EFX-0266 WARNING] Module Instance 'out_sm' input pin tied to constant (idx_tcp_prep[0][24]=0).
[EFX-0266 WARNING] Module Instance 'out_sm' input pin tied to constant (idx_tcp_prep[0][23]=0).
[EFX-0266 WARNING] Module Instance 'out_sm' input pin tied to constant (idx_tcp_prep[0][22]=0).
[EFX-0266 WARNING] Module Instance 'out_sm' input pin tied to constant (idx_tcp_prep[0][21]=0).
[EFX-0266 WARNING] Module Instance 'out_sm' input pin tied to constant (idx_tcp_prep[0][20]=0).
[EFX-0266 WARNING] Module Instance 'out_sm' input pin tied to constant (idx_tcp_prep[0][19]=0).
[EFX-0266 WARNING] Module Instance 'out_sm' input pin tied to constant (idx_tcp_prep[0][18]=0).
[EFX-0266 WARNING] Module Instance 'out_sm' input pin tied to constant (idx_tcp_prep[0][17]=0).
[EFX-0266 WARNING] Module Instance 'out_sm' input pin tied to constant (idx_tcp_prep[0][16]=0).
[EFX-0266 WARNING] Module Instance 'out_sm' input pin tied to constant (idx_tcp_prep[0][15]=0).
[EFX-0266 WARNING] Module Instance 'out_sm' input pin tied to constant (idx_tcp_prep[0][14]=0).
[EFX-0266 WARNING] Module Instance 'out_sm' input pin tied to constant (idx_tcp_prep[0][13]=0).
[EFX-0266 WARNING] Module Instance 'out_sm' input pin tied to constant (idx_tcp_prep[0][12]=0).
[EFX-0266 WARNING] Module Instance 'out_sm' input pin tied to constant (idx_tcp_prep[0][11]=0).
[EFX-0266 WARNING] Module Instance 'out_sm' input pin tied to constant (idx_tcp_prep[0][10]=0).
[EFX-0266 WARNING] Module Instance 'out_sm' input pin tied to constant (idx_tcp_prep[0][9]=0).
[EFX-0266 WARNING] Module Instance 'out_sm' input pin tied to constant (idx_tcp_prep[0][8]=0).
[EFX-0266 WARNING] Module Instance 'out_sm' input pin tied to constant (idx_tcp_prep[0][7]=0).
[EFX-0266 WARNING] Module Instance 'out_sm' input pin tied to constant (idx_tcp_prep[0][6]=0).
[EFX-0266 WARNING] Module Instance 'out_sm' input pin tied to constant (idx_tcp_prep[0][5]=0).
[EFX-0266 WARNING] Module Instance 'out_sm' input pin tied to constant (idx_tcp_prep[0][4]=0).
[EFX-0266 WARNING] Module Instance 'out_sm' input pin tied to constant (idx_tcp_prep[0][3]=0).
[EFX-0266 WARNING] Module Instance 'out_sm' input pin tied to constant (idx_tcp_prep[0][2]=1).
[EFX-0266 WARNING] Module Instance 'out_sm' input pin tied to constant (idx_tcp_prep[0][1]=0).
[EFX-0266 WARNING] Module Instance 'out_sm' input pin tied to constant (idx_tcp_prep[0][0]=1).
[EFX-0266 WARNING] Module Instance 'out_sm' input pin tied to constant (idx_tcp_prep[1][31]=0).
[EFX-0266 WARNING] Module Instance 'out_sm' input pin tied to constant (idx_tcp_prep[1][30]=0).
[EFX-0266 WARNING] Module Instance 'out_sm' input pin tied to constant (idx_tcp_prep[1][29]=0).
[EFX-0266 WARNING] Module Instance 'out_sm' input pin tied to constant (idx_tcp_prep[1][28]=0).
[EFX-0266 WARNING] Module Instance 'out_sm' input pin tied to constant (idx_tcp_prep[1][27]=0).
[EFX-0266 WARNING] Module Instance 'out_sm' input pin tied to constant (idx_tcp_prep[1][26]=0).
[EFX-0266 WARNING] Module Instance 'out_sm' input pin tied to constant (idx_tcp_prep[1][25]=0).
[EFX-0266 WARNING] Module Instance 'out_sm' input pin tied to constant (idx_tcp_prep[1][24]=0).
[EFX-0266 WARNING] Module Instance 'out_sm' input pin tied to constant (idx_tcp_prep[1][23]=0).
[EFX-0266 WARNING] Module Instance 'out_sm' input pin tied to constant (idx_tcp_prep[1][22]=0).
[EFX-0266 WARNING] Module Instance 'out_sm' input pin tied to constant (idx_tcp_prep[1][21]=0).
[EFX-0266 WARNING] Module Instance 'out_sm' input pin tied to constant (idx_tcp_prep[1][20]=0).
[EFX-0266 WARNING] Module Instance 'out_sm' input pin tied to constant (idx_tcp_prep[1][19]=0).
[EFX-0266 WARNING] Module Instance 'out_sm' input pin tied to constant (idx_tcp_prep[1][18]=0).
[EFX-0266 WARNING] Module Instance 'out_sm' input pin tied to constant (idx_tcp_prep[1][17]=0).
[EFX-0266 WARNING] Module Instance 'out_sm' input pin tied to constant (idx_tcp_prep[1][16]=0).
[EFX-0266 WARNING] Module Instance 'out_sm' input pin tied to constant (idx_tcp_prep[1][15]=0).
[EFX-0266 WARNING] Module Instance 'out_sm' input pin tied to constant (idx_tcp_prep[1][14]=0).
[EFX-0266 WARNING] Module Instance 'out_sm' input pin tied to constant (idx_tcp_prep[1][13]=0).
[EFX-0266 WARNING] Module Instance 'out_sm' input pin tied to constant (idx_tcp_prep[1][12]=0).
[EFX-0266 WARNING] Module Instance 'out_sm' input pin tied to constant (idx_tcp_prep[1][11]=0).
[EFX-0266 WARNING] Module Instance 'out_sm' input pin tied to constant (idx_tcp_prep[1][10]=0).
[EFX-0266 WARNING] Module Instance 'out_sm' input pin tied to constant (idx_tcp_prep[1][9]=0).
[EFX-0266 WARNING] Module Instance 'out_sm' input pin tied to constant (idx_tcp_prep[1][8]=0).
[EFX-0266 WARNING] Module Instance 'out_sm' input pin tied to constant (idx_tcp_prep[1][7]=0).
[EFX-0266 WARNING] Module Instance 'out_sm' input pin tied to constant (idx_tcp_prep[1][6]=0).
[EFX-0266 WARNING] Module Instance 'out_sm' input pin tied to constant (idx_tcp_prep[1][5]=0).
[EFX-0266 WARNING] Module Instance 'out_sm' input pin tied to constant (idx_tcp_prep[1][4]=0).
[EFX-0266 WARNING] Module Instance 'out_sm' input pin tied to constant (idx_tcp_prep[1][3]=0).
[EFX-0266 WARNING] Module Instance 'out_sm' input pin tied to constant (idx_tcp_prep[1][2]=1).
[EFX-0266 WARNING] Module Instance 'out_sm' input pin tied to constant (idx_tcp_prep[1][1]=1).
[EFX-0266 WARNING] Module Instance 'out_sm' input pin tied to constant (idx_tcp_prep[1][0]=0).
[EFX-0266 WARNING] Module Instance 'out_sm' input pin tied to constant (idx_gen[31]=0).
[EFX-0266 WARNING] Module Instance 'out_sm' input pin tied to constant (idx_gen[30]=0).
[EFX-0266 WARNING] Module Instance 'out_sm' input pin tied to constant (idx_gen[29]=0).
[EFX-0266 WARNING] Module Instance 'out_sm' input pin tied to constant (idx_gen[28]=0).
[EFX-0266 WARNING] Module Instance 'out_sm' input pin tied to constant (idx_gen[27]=0).
[EFX-0266 WARNING] Module Instance 'out_sm' input pin tied to constant (idx_gen[26]=0).
[EFX-0266 WARNING] Module Instance 'out_sm' input pin tied to constant (idx_gen[25]=0).
[EFX-0266 WARNING] Module Instance 'out_sm' input pin tied to constant (idx_gen[24]=0).
[EFX-0266 WARNING] Module Instance 'out_sm' input pin tied to constant (idx_gen[23]=0).
[EFX-0266 WARNING] Module Instance 'out_sm' input pin tied to constant (idx_gen[22]=0).
[EFX-0266 WARNING] Module Instance 'out_sm' input pin tied to constant (idx_gen[21]=0).
[EFX-0266 WARNING] Module Instance 'out_sm' input pin tied to constant (idx_gen[20]=0).
[EFX-0266 WARNING] Module Instance 'out_sm' input pin tied to constant (idx_gen[19]=0).
[EFX-0266 WARNING] Module Instance 'out_sm' input pin tied to constant (idx_gen[18]=0).
[EFX-0266 WARNING] Module Instance 'out_sm' input pin tied to constant (idx_gen[17]=0).
[EFX-0266 WARNING] Module Instance 'out_sm' input pin tied to constant (idx_gen[16]=0).
[EFX-0266 WARNING] Module Instance 'out_sm' input pin tied to constant (idx_gen[15]=0).
[EFX-0266 WARNING] Module Instance 'out_sm' input pin tied to constant (idx_gen[14]=0).
[EFX-0266 WARNING] Module Instance 'out_sm' input pin tied to constant (idx_gen[13]=0).
[EFX-0266 WARNING] Module Instance 'out_sm' input pin tied to constant (idx_gen[12]=0).
[EFX-0266 WARNING] Module Instance 'out_sm' input pin tied to constant (idx_gen[11]=0).
[EFX-0266 WARNING] Module Instance 'out_sm' input pin tied to constant (idx_gen[10]=0).
[EFX-0266 WARNING] Module Instance 'out_sm' input pin tied to constant (idx_gen[9]=0).
[EFX-0266 WARNING] Module Instance 'out_sm' input pin tied to constant (idx_gen[8]=0).
[EFX-0266 WARNING] Module Instance 'out_sm' input pin tied to constant (idx_gen[7]=0).
[EFX-0266 WARNING] Module Instance 'out_sm' input pin tied to constant (idx_gen[6]=0).
[EFX-0266 WARNING] Module Instance 'out_sm' input pin tied to constant (idx_gen[5]=0).
[EFX-0266 WARNING] Module Instance 'out_sm' input pin tied to constant (idx_gen[4]=0).
[EFX-0266 WARNING] Module Instance 'out_sm' input pin tied to constant (idx_gen[3]=0).
[EFX-0266 WARNING] Module Instance 'out_sm' input pin tied to constant (idx_gen[2]=0).
[EFX-0266 WARNING] Module Instance 'out_sm' input pin tied to constant (idx_gen[1]=0).
[EFX-0266 WARNING] Module Instance 'out_sm' input pin tied to constant (idx_gen[0]=1).
[EFX-0266 WARNING] Module Instance 'mdio' input pin tied to constant (b_req_data[31]=0).
[EFX-0266 WARNING] Module Instance 'mdio' input pin tied to constant (b_req_data[30]=0).
[EFX-0266 WARNING] Module Instance 'mdio' input pin tied to constant (b_req_data[29]=0).
[EFX-0201 WARNING] Re-wiring to GND non-driven net 'ram_udp_regidp.prod2.set_again'. (E:\Efinity\project\fnetriong\fakernet_module.vhd:134)
[EFX-0201 WARNING] Re-wiring to GND non-driven net 'ram_tcp_template.prod2.set_again'. (E:\Efinity\project\fnetriong\fakernet_module.vhd:136)
[EFX-0201 WARNING] Re-wiring to GND non-driven net 'ram_tcp_prep2[0].prod2.set_again'. (E:\Efinity\project\fnetriong\fakernet_module.vhd:137)
[EFX-0201 WARNING] Re-wiring to GND non-driven net 'ram_tcp_prep2[1].prod2.set_again'. (E:\Efinity\project\fnetriong\fakernet_module.vhd:137)
[EFX-0000 INFO] ... Pre-synthesis checks end (Real time : 0s)
[EFX-0000 INFO] ... NameSpace init begin
[EFX-0000 INFO] ... NameSpace init end (Real time : 0s)
[EFX-0000 INFO] ... Mapping design "fnetriong"
[EFX-0000 INFO] ... Hierarchical pre-synthesis "fnet_async_fifo(width=17)" begin
[EFX-0000 INFO] ... Hierarchical pre-synthesis "fnet_async_fifo(width=17)" end (Real time : 0s)
[EFX-0000 INFO] ... Hierarchical pre-synthesis "efnet_octet_to_word" begin
[EFX-0000 INFO] ... Hierarchical pre-synthesis "efnet_octet_to_word" end (Real time : 0s)
[EFX-0000 INFO] ... Hierarchical pre-synthesis "efb_uart_trace_mem(width=32,samples=512)" begin
[EFX-0000 INFO] ... Hierarchical pre-synthesis "efb_uart_trace_mem(width=32,samples=512)" end (Real time : 0s)
[EFX-0000 INFO] ... Hierarchical pre-synthesis "efb_uart_tx(15,0)" begin
[EFX-0000 INFO] ... Hierarchical pre-synthesis "efb_uart_tx(15,0)" end (Real time : 0s)
[EFX-0000 INFO] ... Hierarchical pre-synthesis "efnet_word_to_octet" begin
[EFX-0000 INFO] ... Hierarchical pre-synthesis "efnet_word_to_octet" end (Real time : 0s)
[EFX-0000 INFO] ... Hierarchical pre-synthesis "efnet_data_array_inject(0,0)(31,0)(0,0)(0,0)(9,0)(7,0)" begin
[EFX-0000 INFO] ... Hierarchical pre-synthesis "efnet_data_array_inject(0,0)(31,0)(0,0)(0,0)(9,0)(7,0)" end (Real time : 0s)
[EFX-0000 INFO] ... Hierarchical pre-synthesis "fnet_crc32" begin
[EFX-0000 INFO] ... Hierarchical pre-synthesis "fnet_crc32" end (Real time : 0s)
[EFX-0000 INFO] ... Hierarchical pre-synthesis "fnet_in_state" begin
[EFX-0000 INFO] ... Hierarchical pre-synthesis "fnet_in_state" end (Real time : 1s)
[EFX-0000 INFO] ... Hierarchical pre-synthesis "fnet_dyn_control" begin
[EFX-0000 INFO] ... Hierarchical pre-synthesis "fnet_dyn_control" end (Real time : 0s)
[EFX-0000 INFO] ... Hierarchical pre-synthesis "fnet_ntp_query_control" begin
[EFX-0000 INFO] ... Hierarchical pre-synthesis "fnet_ntp_query_control" end (Real time : 0s)
[EFX-0000 INFO] ... Hierarchical pre-synthesis "fnet_packet_gen" begin
[EFX-0000 INFO] ... Hierarchical pre-synthesis "fnet_packet_gen" end (Real time : 0s)
[EFX-0000 INFO] ... Hierarchical pre-synthesis "fnet_out_state" begin
[EFX-0000 INFO] ... Hierarchical pre-synthesis "fnet_out_state" end (Real time : 0s)
[EFX-0000 INFO] ... Hierarchical pre-synthesis "fnet_out_pipeline" begin
[EFX-0000 INFO] ... Hierarchical pre-synthesis "fnet_out_pipeline" end (Real time : 0s)
[EFX-0000 INFO] ... Hierarchical pre-synthesis "fnet_regaccess" begin
[EFX-0000 INFO] ... Hierarchical pre-synthesis "fnet_regaccess" end (Real time : 0s)
[EFX-0000 INFO] ... Hierarchical pre-synthesis "ram_block_a11d16" begin
[EFX-0000 INFO] ... Hierarchical pre-synthesis "ram_block_a11d16" end (Real time : 0s)
[EFX-0000 INFO] ... Hierarchical pre-synthesis "fnet_local_reg(test_regs=true,lcl_data_gen=true,limit_payload_window=true,debug_regs=true,debug_counters=true,compiletime=1)" begin
[EFX-0000 INFO] ... Hierarchical pre-synthesis "fnet_local_reg(test_regs=true,lcl_data_gen=true,limit_payload_window=true,debug_regs=true,debug_counters=true,compiletime=1)" end (Real time : 0s)
[EFX-0000 INFO] ... Hierarchical pre-synthesis "fnet_tcp_state(data_bufsize_addrbits=13)" begin
[EFX-0000 INFO] ... Hierarchical pre-synthesis "fnet_tcp_state(data_bufsize_addrbits=13)" end (Real time : 0s)
[EFX-0000 INFO] ... Hierarchical pre-synthesis "fnet_tcp_control(data_bufsize_addrbits=13)" begin
[EFX-0000 INFO] ... Hierarchical pre-synthesis "fnet_tcp_control(data_bufsize_addrbits=13)" end (Real time : 0s)
[EFX-0000 INFO] ... Hierarchical pre-synthesis "fnet_tcp_prepare(data_bufsize_addrbits=13)(12,0)(31,0)" begin
[EFX-0000 INFO] ... Hierarchical pre-synthesis "fnet_tcp_prepare(data_bufsize_addrbits=13)(12,0)(31,0)" end (Real time : 1s)
[EFX-0000 INFO] ... Hierarchical pre-synthesis "fnet_tcp_buffer(data_bufsize_addrbits=13)(9,0)(7,0)(7,0)(5,0)(12,0)(31,0)" begin
[EFX-0000 INFO] ... Hierarchical pre-synthesis "fnet_tcp_buffer(data_bufsize_addrbits=13)(9,0)(7,0)(7,0)(5,0)(12,0)(31,0)" end (Real time : 0s)
[EFX-0000 INFO] ... Hierarchical pre-synthesis "fnet_test_datagen(data_bufsize_addrbits=13)" begin
[EFX-0000 INFO] ... Hierarchical pre-synthesis "fnet_test_datagen(data_bufsize_addrbits=13)" end (Real time : 0s)
[EFX-0000 INFO] ... Hierarchical pre-synthesis "fnet_ram_block_data(addrbits=13)" begin
[EFX-0000 INFO] ... Hierarchical pre-synthesis "fnet_ram_block_data(addrbits=13)" end (Real time : 0s)
[EFX-0000 INFO] ... Hierarchical pre-synthesis "fnet_ram_block_stat" begin
[EFX-0000 INFO] ... Hierarchical pre-synthesis "fnet_ram_block_stat" end (Real time : 0s)
[EFX-0000 INFO] ... Hierarchical pre-synthesis "fnet_regacc_aux_stat" begin
[EFX-0000 INFO] ... Hierarchical pre-synthesis "fnet_regacc_aux_stat" end (Real time : 0s)
[EFX-0000 INFO] ... Hierarchical pre-synthesis "fnet_mdio" begin
[EFX-0000 INFO] ... Hierarchical pre-synthesis "fnet_mdio" end (Real time : 0s)
[EFX-0000 INFO] ... Hierarchical pre-synthesis "fakernet_module(data_bufsize_addrbits=13,compiletime=1)(9,0)(7,0)" begin
[EFX-0000 INFO] ... Hierarchical pre-synthesis "fakernet_module(data_bufsize_addrbits=13,compiletime=1)(9,0)(7,0)" end (Real time : 0s)
[EFX-0000 INFO] ... Hierarchical pre-synthesis "efb_common_top(clk_freq=125000000)(0,-1)(31,0)(0,-1)(0,-1)" begin
[EFX-0000 INFO] ... Hierarchical pre-synthesis "efb_common_top(clk_freq=125000000)(0,-1)(31,0)(0,-1)(0,-1)" end (Real time : 1s)
[EFX-0000 INFO] ... Hierarchical pre-synthesis "edb_top" begin
[EFX-0000 INFO] ... Hierarchical pre-synthesis "edb_top" end (Real time : 0s)
[EFX-0000 INFO] ... Hierarchical pre-synthesis "fnetriong" begin
[EFX-0000 INFO] ... Clock Enable Synthesis Performed on 694 flops.
[EFX-0000 INFO] ... Hierarchical pre-synthesis "fnetriong" end (Real time : 2s)
[EFX-0201 WARNING] Re-wiring to GND non-driven net 't/fakernet/dp_ram_arp_icmp.port_a.o.rd'. (E:\Efinity\project\fnetriong\fakernet_module.vhd:144)
[EFX-0201 WARNING] Re-wiring to GND non-driven net 't/fakernet/dp_ram_pkt_gen.port_a.o.rd'. (E:\Efinity\project\fnetriong\fakernet_module.vhd:145)
[EFX-0201 WARNING] Re-wiring to GND non-driven net 't/fakernet/dp_ram_udp_regacc.port_a.o.rd'. (E:\Efinity\project\fnetriong\fakernet_module.vhd:146)
[EFX-0201 WARNING] Re-wiring to GND non-driven net 't/fakernet/dp_ram_udp_regacc.port_b.o.wr'. (E:\Efinity\project\fnetriong\fakernet_module.vhd:146)
[EFX-0201 WARNING] Re-wiring to GND non-driven net 't/fakernet/dp_ram_udp_regidp.port_a.o.rd'. (E:\Efinity\project\fnetriong\fakernet_module.vhd:147)
[EFX-0201 WARNING] Re-wiring to GND non-driven net 't/fakernet/dp_ram_tcp_template.port_a.o.rd'. (E:\Efinity\project\fnetriong\fakernet_module.vhd:150)
[EFX-0000 INFO] ... Flat optimizations begin
[EFX-0000 INFO] ... Flat optimizations end (Real time : 0s)
[EFX-0000 INFO] ... Flat synthesis begin
[EFX-0000 INFO] ... Flat synthesis end (Real time : 0s)
[EFX-0000 INFO] ... Flat optimizations begin
[EFX-0000 INFO] ... Flat optimizations end (Real time : 0s)
[EFX-0000 INFO] ... Check and break combinational loops begin
[EFX-0000 INFO] ... Check and break combinational loops end (Real time : 0s)
[EFX-0000 INFO] ... Sequential Optimization begin
[EFX-0000 INFO] ... Clock Network clk with 3785 loads will be considered for sequential optimization.
[EFX-0000 INFO] ... Clock Network jtag_inst1_TCK with 738 loads will be considered for sequential optimization.
[EFX-0000 INFO] ... Clock Network eth_rx_clk with 297 loads will be considered for sequential optimization.
[EFX-0000 INFO] ... Sequential Optimization deduced 534 equivalent points.
[EFX-0000 INFO] ... Sequential Optimization end (Real time : 26s)
[EFX-0000 INFO] ... SOP modeling begin
[EFX-0000 INFO] ... SOP modeling end (Real time : 0s)
[EFX-0000 INFO] ... LUT mapping begin
[EFX-0000 INFO] ... LS, strategy: 3, nd: 4709, ed: 15401, lv: 8, pw: 15014.21
[EFX-0000 INFO] ... LUT mapping end (Real time : 17s)
[EFX-0000 INFO] ... Post-synthesis Verific netlist creation begin
[EFX-0000 INFO] ... Post-synthesis Verific netlist creation end (Real time : 0s)
[EFX-0000 INFO] ... Postmap Retiming Optimization begin
[EFX-0000 INFO] ... Clock Network n3 with 3707 loads will be considered for retiming optimization.
[EFX-0000 INFO] ... Clock Network n26 with 738 loads will be considered for retiming optimization.
[EFX-0000 INFO] ... Clock Network n13 with 257 loads will be considered for retiming optimization.
[EFX-0000 INFO] ... Performed 5 retime moves.
[EFX-0000 INFO] ... Postmap Retiming Optimization end (Real time : 0s)
[EFX-0000 INFO] ... Post-synthesis Verific netlist unification/params processing begin
[EFX-0000 INFO] ... Post-synthesis Verific netlist unification/params processing end (Real time : 0s)
[EFX-0000 INFO] Resource Summary 
[EFX-0000 INFO] =============================== 
[EFX-0000 INFO] EFX_ADD         : 	836
[EFX-0000 INFO] EFX_LUT4        : 	6011
[EFX-0000 INFO] EFX_FF          : 	4641
[EFX-0000 INFO] EFX_RAM_5K      : 	114
[EFX-0000 INFO] EFX_DPRAM_5K    : 	4
[EFX-0000 INFO] EFX_GBUFCE      : 	3
[EFX-0000 INFO] =============================== 

///////////////////////////////////
// Efinity Synthesis Started 
// Mar 13, 2023 09:33:40
///////////////////////////////////

[EFX-0012 VERI-INFO] default VHDL library search path is now "E:/Efinity/2022.2/sim_models/vhdl/packages/vhdl_2008" (VHDL-1504) 
[EFX-0012 VERI-INFO] undeclared symbol 'la_capture_mask', assumed default net type 'wire' (VERI-2561) (E:/Efinity/project/fnetriong/work_dbg/debug_top.v:4368)
[EFX-0012 VERI-INFO] undeclared symbol 'next_segment_pointer_eq', assumed default net type 'wire' (VERI-2561) (E:/Efinity/project/fnetriong/work_dbg/debug_top.v:4726)
[EFX-0012 VERI-INFO] undeclared symbol 'next_segment_msb_xor', assumed default net type 'wire' (VERI-2561) (E:/Efinity/project/fnetriong/work_dbg/debug_top.v:4727)
[EFX-0011 VERI-WARNING] port 'probe4' remains unconnected for this instance (VERI-1927) (E:/Efinity/project/fnetriong/work_dbg/debug_top.v:116)
[EFX-0012 VERI-INFO] compiling module 'edb_top' (VERI-1018) (E:/Efinity/project/fnetriong/work_dbg/debug_top.v:10)
[EFX-0012 VERI-INFO] compiling module 'edb_la_top_renamed_due_excessive_length_1' (VERI-1018) (E:/Efinity/project/fnetriong/work_dbg/debug_top.v:489)
[EFX-0011 VERI-WARNING] expression size 256 truncated to fit in target size 64 (VERI-1209) (E:/Efinity/project/fnetriong/work_dbg/debug_top.v:3585)
[EFX-0012 VERI-INFO] compiling module 'edb_adbg_crc32' (VERI-1018) (E:/Efinity/project/fnetriong/work_dbg/debug_top.v:190)
[EFX-0012 VERI-INFO] compiling module 'compare_unit(WIDTH=11'b01000,PIPE=1)' (VERI-1018) (E:/Efinity/project/fnetriong/work_dbg/debug_top.v:5449)
[EFX-0012 VERI-INFO] compiling module 'compare_unit(WIDTH=11'b01,PIPE=1)' (VERI-1018) (E:/Efinity/project/fnetriong/work_dbg/debug_top.v:5449)
[EFX-0012 VERI-INFO] compiling module 'compare_unit(WIDTH=11'b0100,PIPE=1)' (VERI-1018) (E:/Efinity/project/fnetriong/work_dbg/debug_top.v:5449)
[EFX-0012 VERI-INFO] compiling module 'trigger_unit(WIDTH=32'b0100,PIPE=1)' (VERI-1018) (E:/Efinity/project/fnetriong/work_dbg/debug_top.v:5654)
[EFX-0012 VERI-INFO] compiling module 'la_biu(CAPTURE_WIDTH=32'b010001)' (VERI-1018) (E:/Efinity/project/fnetriong/work_dbg/debug_top.v:4803)
[EFX-0012 VERI-INFO] compiling module 'fifo_with_read(DATA_WIDTH=32'b010010)' (VERI-1018) (E:/Efinity/project/fnetriong/work_dbg/debug_top.v:4545)
[EFX-0012 VERI-INFO] compiling module 'fifo_address_trancode_unit' (VERI-1018) (E:/Efinity/project/fnetriong/work_dbg/debug_top.v:4495)
[EFX-0012 VERI-INFO] compiling module 'edb_simple_dual_port_ram(DATA_WIDTH=32'b010010,ADDR_WIDTH=10,RAM_INIT_FILE="")' (VERI-1018) (E:/Efinity/project/fnetriong/work_dbg/debug_top.v:399)
[EFX-0012 VERI-INFO] extracting RAM for identifier 'ram' (VERI-2571) (E:/Efinity/project/fnetriong/work_dbg/debug_top.v:414)
[EFX-0012 VERI-INFO] compiling module 'debug_hub' (VERI-1018) (E:/Efinity/project/fnetriong/work_dbg/debug_top.v:268)
[EFX-0011 VERI-WARNING] input port 'probe4[0]' remains unconnected for this instance (VDB-1053) (E:/Efinity/project/fnetriong/work_dbg/debug_top.v:92)
[EFX-0000 INFO] Setting Synthesis Option: mode=speed
[EFX-0012 VERI-INFO] compiling module 'EFX_ADD' (VERI-1018) (E:/Efinity/2022.2/sim_models/maplib/efinix_maplib.v:6)
[EFX-0012 VERI-INFO] compiling module 'EFX_FF' (VERI-1018) (E:/Efinity/2022.2/sim_models/maplib/efinix_maplib.v:19)
[EFX-0012 VERI-INFO] compiling module 'EFX_COMB4' (VERI-1018) (E:/Efinity/2022.2/sim_models/maplib/efinix_maplib.v:36)
[EFX-0012 VERI-INFO] compiling module 'EFX_GBUFCE' (VERI-1018) (E:/Efinity/2022.2/sim_models/maplib/efinix_maplib.v:46)
[EFX-0012 VERI-INFO] compiling module 'EFX_IDDR' (VERI-1018) (E:/Efinity/2022.2/sim_models/maplib/efinix_maplib.v:55)
[EFX-0012 VERI-INFO] compiling module 'EFX_ODDR' (VERI-1018) (E:/Efinity/2022.2/sim_models/maplib/efinix_maplib.v:69)
[EFX-0012 VERI-INFO] compiling module 'EFX_IOBUF' (VERI-1018) (E:/Efinity/2022.2/sim_models/maplib/efinix_maplib.v:85)
[EFX-0012 VERI-INFO] compiling module 'EFX_LUT4' (VERI-1018) (E:/Efinity/2022.2/sim_models/maplib/efinix_maplib.v:97)
[EFX-0012 VERI-INFO] compiling module 'EFX_MULT' (VERI-1018) (E:/Efinity/2022.2/sim_models/maplib/efinix_maplib.v:105)
[EFX-0012 VERI-INFO] compiling module 'EFX_DSP48' (VERI-1018) (E:/Efinity/2022.2/sim_models/maplib/efinix_maplib.v:140)
[EFX-0012 VERI-INFO] compiling module 'EFX_DSP24' (VERI-1018) (E:/Efinity/2022.2/sim_models/maplib/efinix_maplib.v:196)
[EFX-0012 VERI-INFO] compiling module 'EFX_DSP12' (VERI-1018) (E:/Efinity/2022.2/sim_models/maplib/efinix_maplib.v:249)
[EFX-0012 VERI-INFO] compiling module 'EFX_RAM_4K' (VERI-1018) (E:/Efinity/2022.2/sim_models/maplib/efinix_maplib.v:302)
[EFX-0012 VERI-INFO] compiling module 'EFX_RAM_5K' (VERI-1018) (E:/Efinity/2022.2/sim_models/maplib/efinix_maplib.v:362)
[EFX-0012 VERI-INFO] compiling module 'EFX_DPRAM_5K' (VERI-1018) (E:/Efinity/2022.2/sim_models/maplib/efinix_maplib.v:434)
[EFX-0012 VERI-INFO] compiling module 'RAMB5' (VERI-1018) (E:/Efinity/2022.2/sim_models/maplib/efinix_maplib.v:539)
[EFX-0012 VERI-INFO] compiling module 'EFX_RAM_10K' (VERI-1018) (E:/Efinity/2022.2/sim_models/maplib/efinix_maplib.v:601)
[EFX-0012 VERI-INFO] compiling module 'EFX_RAM10' (VERI-1018) (E:/Efinity/2022.2/sim_models/maplib/efinix_maplib.v:693)
[EFX-0012 VERI-INFO] compiling module 'EFX_DPRAM10' (VERI-1018) (E:/Efinity/2022.2/sim_models/maplib/efinix_maplib.v:794)
[EFX-0012 VERI-INFO] compiling module 'EFX_SRL8' (VERI-1018) (E:/Efinity/2022.2/sim_models/maplib/efinix_maplib.v:924)
[EFX-0000 INFO] ... Pre-synthesis checks begin
[EFX-0200 WARNING] Removing redundant signal : compared_in[0]. (E:/Efinity/project/fnetriong/work_dbg/debug_top.v:5455)
[EFX-0200 WARNING] Removing redundant signal : mask_in[0]. (E:/Efinity/project/fnetriong/work_dbg/debug_top.v:5456)
[EFX-0200 WARNING] Removing redundant signal : trigger_in. (E:/Efinity/project/fnetriong/work_dbg/debug_top.v:5666)
[EFX-0677 INFO] Zero initialization of uninitialized memory block 'ram'. (E:/Efinity/project/fnetriong/work_dbg/debug_top.v:414)
[EFX-0200 WARNING] Removing redundant signal : din[17]. (E:/Efinity/project/fnetriong/work_dbg/debug_top.v:4558)
[EFX-0200 WARNING] Removing redundant signal : trig_out. (E:/Efinity/project/fnetriong/work_dbg/debug_top.v:4837)
[EFX-0200 WARNING] Removing redundant signal : trig_out_ack. (E:/Efinity/project/fnetriong/work_dbg/debug_top.v:4838)
[EFX-0200 WARNING] Removing redundant signal : bscan_DRCK. (E:/Efinity/project/fnetriong/work_dbg/debug_top.v:1022)
[EFX-0200 WARNING] Removing redundant signal : bscan_RUNTEST. (E:/Efinity/project/fnetriong/work_dbg/debug_top.v:1024)
[EFX-0200 WARNING] Removing redundant signal : bscan_SEL. (E:/Efinity/project/fnetriong/work_dbg/debug_top.v:1025)
[EFX-0200 WARNING] Removing redundant signal : bscan_TMS. (E:/Efinity/project/fnetriong/work_dbg/debug_top.v:1029)
[EFX-0200 WARNING] Removing redundant signal : trig_in_ack. (E:/Efinity/project/fnetriong/work_dbg/debug_top.v:1040)
[EFX-0200 WARNING] Removing redundant signal : mux_capture_cmp[3]. (E:/Efinity/project/fnetriong/work_dbg/debug_top.v:3446)
[EFX-0200 WARNING] Removing redundant signal : mux_capture_cmp[2]. (E:/Efinity/project/fnetriong/work_dbg/debug_top.v:3446)
[EFX-0200 WARNING] Removing redundant signal : mux_capture_cmp[1]. (E:/Efinity/project/fnetriong/work_dbg/debug_top.v:3446)
[EFX-0200 WARNING] Removing redundant signal : mux_capture_cmp[0]. (E:/Efinity/project/fnetriong/work_dbg/debug_top.v:3446)
[EFX-0200 WARNING] Removing redundant signal : bscan_CAPTURE. (E:/Efinity/project/fnetriong/work_dbg/debug_top.v:273)
[EFX-0200 WARNING] Removing redundant signal : bscan_DRCK. (E:/Efinity/project/fnetriong/work_dbg/debug_top.v:274)
[EFX-0200 WARNING] Removing redundant signal : bscan_RUNTEST. (E:/Efinity/project/fnetriong/work_dbg/debug_top.v:276)
[EFX-0200 WARNING] Removing redundant signal : bscan_TMS. (E:/Efinity/project/fnetriong/work_dbg/debug_top.v:281)
[EFX-0266 WARNING] Module Instance 'la0' input pin tied to constant (trig_in=0).
[EFX-0266 WARNING] Module Instance 'la0' input pin tied to constant (trig_out_ack=0).
[EFX-0201 WARNING] Re-wiring to GND non-driven net 'la0.probe4[0]'. (E:/Efinity/project/fnetriong/work_dbg/debug_top.v:92)
[EFX-0201 WARNING] Re-wiring to GND non-driven net 'la0.probe5[0]'. (E:/Efinity/project/fnetriong/work_dbg/debug_top.v:92)
[EFX-0201 WARNING] Re-wiring to GND non-driven net 'la0.probe6[0]'. (E:/Efinity/project/fnetriong/work_dbg/debug_top.v:92)
[EFX-0201 WARNING] Re-wiring to GND non-driven net 'la0.probe7[0]'. (E:/Efinity/project/fnetriong/work_dbg/debug_top.v:92)
[EFX-0201 WARNING] Re-wiring to GND non-driven net 'la0.probe8[0]'. (E:/Efinity/project/fnetriong/work_dbg/debug_top.v:92)
[EFX-0201 WARNING] Re-wiring to GND non-driven net 'la0.probe9[0]'. (E:/Efinity/project/fnetriong/work_dbg/debug_top.v:92)
[EFX-0201 WARNING] Re-wiring to GND non-driven net 'la0.probe10[0]'. (E:/Efinity/project/fnetriong/work_dbg/debug_top.v:92)
[EFX-0201 WARNING] Re-wiring to GND non-driven net 'la0.probe11[0]'. (E:/Efinity/project/fnetriong/work_dbg/debug_top.v:92)
[EFX-0201 WARNING] Re-wiring to GND non-driven net 'la0.probe12[0]'. (E:/Efinity/project/fnetriong/work_dbg/debug_top.v:92)
[EFX-0201 WARNING] Re-wiring to GND non-driven net 'la0.probe13[0]'. (E:/Efinity/project/fnetriong/work_dbg/debug_top.v:92)
[EFX-0000 INFO] ... Pre-synthesis checks end (Real time : 0s)
[EFX-0000 INFO] ... NameSpace init begin
[EFX-0000 INFO] ... NameSpace init end (Real time : 0s)
[EFX-0000 INFO] ... Mapping design "edb_top"
[EFX-0000 INFO] ... Hierarchical pre-synthesis "edb_adbg_crc32" begin
[EFX-0000 INFO] ... Hierarchical pre-synthesis "edb_adbg_crc32" end (Real time : 0s)
[EFX-0000 INFO] ... Hierarchical pre-synthesis "compare_unit(WIDTH=11'b01000,PIPE=1)" begin
[EFX-0000 INFO] ... Hierarchical pre-synthesis "compare_unit(WIDTH=11'b01000,PIPE=1)" end (Real time : 0s)
[EFX-0000 INFO] ... Hierarchical pre-synthesis "compare_unit(WIDTH=11'b01,PIPE=1)" begin
[EFX-0000 INFO] ... Hierarchical pre-synthesis "compare_unit(WIDTH=11'b01,PIPE=1)" end (Real time : 0s)
[EFX-0000 INFO] ... Hierarchical pre-synthesis "compare_unit(WIDTH=11'b0100,PIPE=1)" begin
[EFX-0000 INFO] ... Hierarchical pre-synthesis "compare_unit(WIDTH=11'b0100,PIPE=1)" end (Real time : 0s)
[EFX-0000 INFO] ... Hierarchical pre-synthesis "trigger_unit(WIDTH=32'b0100,PIPE=1)" begin
[EFX-0000 INFO] ... Hierarchical pre-synthesis "trigger_unit(WIDTH=32'b0100,PIPE=1)" end (Real time : 0s)
[EFX-0000 INFO] ... Hierarchical pre-synthesis "fifo_address_trancode_unit" begin
[EFX-0000 INFO] ... Hierarchical pre-synthesis "fifo_address_trancode_unit" end (Real time : 0s)
[EFX-0000 INFO] ... Hierarchical pre-synthesis "edb_simple_dual_port_ram(DATA_WIDTH=32'b010010,ADDR_WIDTH=10,RAM_INIT_FILE="")" begin
[EFX-0000 INFO] ... Hierarchical pre-synthesis "edb_simple_dual_port_ram(DATA_WIDTH=32'b010010,ADDR_WIDTH=10,RAM_INIT_FILE="")" end (Real time : 0s)
[EFX-0000 INFO] ... Hierarchical pre-synthesis "fifo_with_read(DATA_WIDTH=32'b010010)" begin
[EFX-0000 INFO] ... Hierarchical pre-synthesis "fifo_with_read(DATA_WIDTH=32'b010010)" end (Real time : 0s)
[EFX-0000 INFO] ... Hierarchical pre-synthesis "la_biu(CAPTURE_WIDTH=32'b010001)" begin
[EFX-0000 INFO] ... Hierarchical pre-synthesis "la_biu(CAPTURE_WIDTH=32'b010001)" end (Real time : 0s)
[EFX-0000 INFO] ... Hierarchical pre-synthesis "edb_la_top_renamed_due_excessive_length_1" begin
[EFX-0000 INFO] ... Hierarchical pre-synthesis "edb_la_top_renamed_due_excessive_length_1" end (Real time : 0s)
[EFX-0000 INFO] ... Hierarchical pre-synthesis "debug_hub" begin
[EFX-0000 INFO] ... Hierarchical pre-synthesis "debug_hub" end (Real time : 0s)
[EFX-0000 INFO] ... Hierarchical pre-synthesis "edb_top" begin
[EFX-0000 INFO] ... Clock Enable Synthesis Performed on 130 flops.
[EFX-0000 INFO] ... Hierarchical pre-synthesis "edb_top" end (Real time : 0s)
[EFX-0000 INFO] ... Flat optimizations begin
[EFX-0000 INFO] ... Flat optimizations end (Real time : 0s)
[EFX-0000 INFO] ... Flat synthesis begin
[EFX-0000 INFO] ... Flat synthesis end (Real time : 0s)
[EFX-0000 INFO] ... Flat optimizations begin
[EFX-0000 INFO] ... Flat optimizations end (Real time : 0s)
[EFX-0000 INFO] ... Check and break combinational loops begin
[EFX-0000 INFO] ... Check and break combinational loops end (Real time : 0s)
[EFX-0000 INFO] ... Sequential Optimization begin
[EFX-0000 INFO] ... Clock Network bscan_TCK with 427 loads will be considered for sequential optimization.
[EFX-0000 INFO] ... Clock Network la0_clk with 256 loads will be considered for sequential optimization.
[EFX-0000 INFO] ... Sequential Optimization deduced 283 equivalent points.
[EFX-0000 INFO] ... Sequential Optimization end (Real time : 11s)
[EFX-0000 INFO] ... SOP modeling begin
[EFX-0000 INFO] ... SOP modeling end (Real time : 0s)
[EFX-0000 INFO] ... LUT mapping begin
[EFX-0000 INFO] ... LS, strategy: 3, nd: 738, ed: 2422, lv: 7, pw: 1502.62
[EFX-0000 INFO] ... LUT mapping end (Real time : 4s)
[EFX-0000 INFO] ... Post-synthesis Verific netlist creation begin
[EFX-0000 INFO] ... Post-synthesis Verific netlist creation end (Real time : 0s)
[EFX-0000 INFO] ... Postmap Retiming Optimization begin
[EFX-0000 INFO] ... Clock Network n9 with 427 loads will be considered for retiming optimization.
[EFX-0000 INFO] ... Clock Network n13 with 256 loads will be considered for retiming optimization.
[EFX-0000 INFO] ... Performed 0 retime moves.
[EFX-0000 INFO] ... Postmap Retiming Optimization end (Real time : 0s)
[EFX-0000 INFO] ... Post-synthesis Verific netlist unification/params processing begin
[EFX-0000 INFO] ... Post-synthesis Verific netlist unification/params processing end (Real time : 0s)
[EFX-0011 VERI-WARNING] Input/Inout Port bscan_DRCK is unconnected and will be removed 
[EFX-0011 VERI-WARNING] Input/Inout Port bscan_RUNTEST is unconnected and will be removed 
[EFX-0011 VERI-WARNING] Input/Inout Port bscan_TMS is unconnected and will be removed 
[EFX-0012 VERI-INFO] Found 3 warnings in the post-synthesis netlist. 
[EFX-0000 INFO] Resource Summary 
[EFX-0000 INFO] =============================== 
[EFX-0000 INFO] EFX_ADD         : 	90
[EFX-0000 INFO] EFX_LUT4        : 	724
[EFX-0000 INFO] EFX_FF          : 	663
[EFX-0000 INFO] EFX_RAM_5K      : 	4
[EFX-0000 INFO] EFX_GBUFCE      : 	2
[EFX-0000 INFO] =============================== 

///////////////////////////////////
// Efinity Synthesis Started 
// Mar 13, 2023 09:34:00
///////////////////////////////////

[EFX-0000 INFO] Setting Synthesis Option: mode=speed
[EFX-0000 INFO] ... Pre-synthesis checks begin
[EFX-0266 WARNING] Module Instance 'fifo' input pin tied to constant (out_want_b=1).
[EFX-0200 WARNING] Removing redundant signal : start_found. (E:\Efinity\project\fnetriong\efnet_octet_to_word.vhd:60)
[EFX-0200 WARNING] Removing redundant signal : packet_start. (E:\Efinity\project\fnetriong\efnet_octet_to_word.vhd:62)
[EFX-0200 WARNING] Removing redundant signal : packet_end. (E:\Efinity\project\fnetriong\efnet_octet_to_word.vhd:63)
[EFX-0200 WARNING] Removing redundant signal : word[15]. (E:\Efinity\project\fnetriong\efnet_octet_to_word.vhd:65)
[EFX-0200 WARNING] Removing redundant signal : word[14]. (E:\Efinity\project\fnetriong\efnet_octet_to_word.vhd:65)
[EFX-0200 WARNING] Removing redundant signal : word[13]. (E:\Efinity\project\fnetriong\efnet_octet_to_word.vhd:65)
[EFX-0200 WARNING] Removing redundant signal : word[12]. (E:\Efinity\project\fnetriong\efnet_octet_to_word.vhd:65)
[EFX-0200 WARNING] Removing redundant signal : word[11]. (E:\Efinity\project\fnetriong\efnet_octet_to_word.vhd:65)
[EFX-0200 WARNING] Removing redundant signal : word[10]. (E:\Efinity\project\fnetriong\efnet_octet_to_word.vhd:65)
[EFX-0200 WARNING] Removing redundant signal : word[9]. (E:\Efinity\project\fnetriong\efnet_octet_to_word.vhd:65)
[EFX-0200 WARNING] Removing redundant signal : word[8]. (E:\Efinity\project\fnetriong\efnet_octet_to_word.vhd:65)
[EFX-0200 WARNING] Removing redundant signal : word[7]. (E:\Efinity\project\fnetriong\efnet_octet_to_word.vhd:65)
[EFX-0200 WARNING] Removing redundant signal : word[6]. (E:\Efinity\project\fnetriong\efnet_octet_to_word.vhd:65)
[EFX-0200 WARNING] Removing redundant signal : word[5]. (E:\Efinity\project\fnetriong\efnet_octet_to_word.vhd:65)
[EFX-0200 WARNING] Removing redundant signal : word[4]. (E:\Efinity\project\fnetriong\efnet_octet_to_word.vhd:65)
[EFX-0200 WARNING] Removing redundant signal : word[3]. (E:\Efinity\project\fnetriong\efnet_octet_to_word.vhd:65)
[EFX-0200 WARNING] Removing redundant signal : word[2]. (E:\Efinity\project\fnetriong\efnet_octet_to_word.vhd:65)
[EFX-0200 WARNING] Removing redundant signal : word[1]. (E:\Efinity\project\fnetriong\efnet_octet_to_word.vhd:65)
[EFX-0200 WARNING] Removing redundant signal : word[0]. (E:\Efinity\project\fnetriong\efnet_octet_to_word.vhd:65)
[EFX-0200 WARNING] Removing redundant signal : octet_counter[0]. (E:\Efinity\project\fnetriong\efnet_octet_to_word.vhd:66)
[EFX-0266 WARNING] Module Instance 'out_sm' input pin tied to constant (idx_tcp_prep[0][31]=0).
[EFX-0266 WARNING] Module Instance 'out_sm' input pin tied to constant (idx_tcp_prep[0][30]=0).
[EFX-0266 WARNING] Module Instance 'out_sm' input pin tied to constant (idx_tcp_prep[0][29]=0).
[EFX-0266 WARNING] Module Instance 'out_sm' input pin tied to constant (idx_tcp_prep[0][28]=0).
[EFX-0266 WARNING] Module Instance 'out_sm' input pin tied to constant (idx_tcp_prep[0][27]=0).
[EFX-0266 WARNING] Module Instance 'out_sm' input pin tied to constant (idx_tcp_prep[0][26]=0).
[EFX-0266 WARNING] Module Instance 'out_sm' input pin tied to constant (idx_tcp_prep[0][25]=0).
[EFX-0266 WARNING] Module Instance 'out_sm' input pin tied to constant (idx_tcp_prep[0][24]=0).
[EFX-0266 WARNING] Module Instance 'out_sm' input pin tied to constant (idx_tcp_prep[0][23]=0).
[EFX-0266 WARNING] Module Instance 'out_sm' input pin tied to constant (idx_tcp_prep[0][22]=0).
[EFX-0266 WARNING] Module Instance 'out_sm' input pin tied to constant (idx_tcp_prep[0][21]=0).
[EFX-0266 WARNING] Module Instance 'out_sm' input pin tied to constant (idx_tcp_prep[0][20]=0).
[EFX-0266 WARNING] Module Instance 'out_sm' input pin tied to constant (idx_tcp_prep[0][19]=0).
[EFX-0266 WARNING] Module Instance 'out_sm' input pin tied to constant (idx_tcp_prep[0][18]=0).
[EFX-0266 WARNING] Module Instance 'out_sm' input pin tied to constant (idx_tcp_prep[0][17]=0).
[EFX-0266 WARNING] Module Instance 'out_sm' input pin tied to constant (idx_tcp_prep[0][16]=0).
[EFX-0266 WARNING] Module Instance 'out_sm' input pin tied to constant (idx_tcp_prep[0][15]=0).
[EFX-0266 WARNING] Module Instance 'out_sm' input pin tied to constant (idx_tcp_prep[0][14]=0).
[EFX-0266 WARNING] Module Instance 'out_sm' input pin tied to constant (idx_tcp_prep[0][13]=0).
[EFX-0266 WARNING] Module Instance 'out_sm' input pin tied to constant (idx_tcp_prep[0][12]=0).
[EFX-0266 WARNING] Module Instance 'out_sm' input pin tied to constant (idx_tcp_prep[0][11]=0).
[EFX-0266 WARNING] Module Instance 'out_sm' input pin tied to constant (idx_tcp_prep[0][10]=0).
[EFX-0266 WARNING] Module Instance 'out_sm' input pin tied to constant (idx_tcp_prep[0][9]=0).
[EFX-0266 WARNING] Module Instance 'out_sm' input pin tied to constant (idx_tcp_prep[0][8]=0).
[EFX-0266 WARNING] Module Instance 'out_sm' input pin tied to constant (idx_tcp_prep[0][7]=0).
[EFX-0266 WARNING] Module Instance 'out_sm' input pin tied to constant (idx_tcp_prep[0][6]=0).
[EFX-0266 WARNING] Module Instance 'out_sm' input pin tied to constant (idx_tcp_prep[0][5]=0).
[EFX-0266 WARNING] Module Instance 'out_sm' input pin tied to constant (idx_tcp_prep[0][4]=0).
[EFX-0266 WARNING] Module Instance 'out_sm' input pin tied to constant (idx_tcp_prep[0][3]=0).
[EFX-0266 WARNING] Module Instance 'out_sm' input pin tied to constant (idx_tcp_prep[0][2]=1).
[EFX-0266 WARNING] Module Instance 'out_sm' input pin tied to constant (idx_tcp_prep[0][1]=0).
[EFX-0266 WARNING] Module Instance 'out_sm' input pin tied to constant (idx_tcp_prep[0][0]=1).
[EFX-0266 WARNING] Module Instance 'out_sm' input pin tied to constant (idx_tcp_prep[1][31]=0).
[EFX-0266 WARNING] Module Instance 'out_sm' input pin tied to constant (idx_tcp_prep[1][30]=0).
[EFX-0266 WARNING] Module Instance 'out_sm' input pin tied to constant (idx_tcp_prep[1][29]=0).
[EFX-0266 WARNING] Module Instance 'out_sm' input pin tied to constant (idx_tcp_prep[1][28]=0).
[EFX-0266 WARNING] Module Instance 'out_sm' input pin tied to constant (idx_tcp_prep[1][27]=0).
[EFX-0266 WARNING] Module Instance 'out_sm' input pin tied to constant (idx_tcp_prep[1][26]=0).
[EFX-0266 WARNING] Module Instance 'out_sm' input pin tied to constant (idx_tcp_prep[1][25]=0).
[EFX-0266 WARNING] Module Instance 'out_sm' input pin tied to constant (idx_tcp_prep[1][24]=0).
[EFX-0266 WARNING] Module Instance 'out_sm' input pin tied to constant (idx_tcp_prep[1][23]=0).
[EFX-0266 WARNING] Module Instance 'out_sm' input pin tied to constant (idx_tcp_prep[1][22]=0).
[EFX-0266 WARNING] Module Instance 'out_sm' input pin tied to constant (idx_tcp_prep[1][21]=0).
[EFX-0266 WARNING] Module Instance 'out_sm' input pin tied to constant (idx_tcp_prep[1][20]=0).
[EFX-0266 WARNING] Module Instance 'out_sm' input pin tied to constant (idx_tcp_prep[1][19]=0).
[EFX-0266 WARNING] Module Instance 'out_sm' input pin tied to constant (idx_tcp_prep[1][18]=0).
[EFX-0266 WARNING] Module Instance 'out_sm' input pin tied to constant (idx_tcp_prep[1][17]=0).
[EFX-0266 WARNING] Module Instance 'out_sm' input pin tied to constant (idx_tcp_prep[1][16]=0).
[EFX-0266 WARNING] Module Instance 'out_sm' input pin tied to constant (idx_tcp_prep[1][15]=0).
[EFX-0266 WARNING] Module Instance 'out_sm' input pin tied to constant (idx_tcp_prep[1][14]=0).
[EFX-0266 WARNING] Module Instance 'out_sm' input pin tied to constant (idx_tcp_prep[1][13]=0).
[EFX-0266 WARNING] Module Instance 'out_sm' input pin tied to constant (idx_tcp_prep[1][12]=0).
[EFX-0266 WARNING] Module Instance 'out_sm' input pin tied to constant (idx_tcp_prep[1][11]=0).
[EFX-0266 WARNING] Module Instance 'out_sm' input pin tied to constant (idx_tcp_prep[1][10]=0).
[EFX-0266 WARNING] Module Instance 'out_sm' input pin tied to constant (idx_tcp_prep[1][9]=0).
[EFX-0266 WARNING] Module Instance 'out_sm' input pin tied to constant (idx_tcp_prep[1][8]=0).
[EFX-0266 WARNING] Module Instance 'out_sm' input pin tied to constant (idx_tcp_prep[1][7]=0).
[EFX-0266 WARNING] Module Instance 'out_sm' input pin tied to constant (idx_tcp_prep[1][6]=0).
[EFX-0266 WARNING] Module Instance 'out_sm' input pin tied to constant (idx_tcp_prep[1][5]=0).
[EFX-0266 WARNING] Module Instance 'out_sm' input pin tied to constant (idx_tcp_prep[1][4]=0).
[EFX-0266 WARNING] Module Instance 'out_sm' input pin tied to constant (idx_tcp_prep[1][3]=0).
[EFX-0266 WARNING] Module Instance 'out_sm' input pin tied to constant (idx_tcp_prep[1][2]=1).
[EFX-0266 WARNING] Module Instance 'out_sm' input pin tied to constant (idx_tcp_prep[1][1]=1).
[EFX-0266 WARNING] Module Instance 'out_sm' input pin tied to constant (idx_tcp_prep[1][0]=0).
[EFX-0266 WARNING] Module Instance 'out_sm' input pin tied to constant (idx_gen[31]=0).
[EFX-0266 WARNING] Module Instance 'out_sm' input pin tied to constant (idx_gen[30]=0).
[EFX-0266 WARNING] Module Instance 'out_sm' input pin tied to constant (idx_gen[29]=0).
[EFX-0266 WARNING] Module Instance 'out_sm' input pin tied to constant (idx_gen[28]=0).
[EFX-0266 WARNING] Module Instance 'out_sm' input pin tied to constant (idx_gen[27]=0).
[EFX-0266 WARNING] Module Instance 'out_sm' input pin tied to constant (idx_gen[26]=0).
[EFX-0266 WARNING] Module Instance 'out_sm' input pin tied to constant (idx_gen[25]=0).
[EFX-0266 WARNING] Module Instance 'out_sm' input pin tied to constant (idx_gen[24]=0).
[EFX-0266 WARNING] Module Instance 'out_sm' input pin tied to constant (idx_gen[23]=0).
[EFX-0266 WARNING] Module Instance 'out_sm' input pin tied to constant (idx_gen[22]=0).
[EFX-0266 WARNING] Module Instance 'out_sm' input pin tied to constant (idx_gen[21]=0).
[EFX-0266 WARNING] Module Instance 'out_sm' input pin tied to constant (idx_gen[20]=0).
[EFX-0266 WARNING] Module Instance 'out_sm' input pin tied to constant (idx_gen[19]=0).
[EFX-0266 WARNING] Module Instance 'out_sm' input pin tied to constant (idx_gen[18]=0).
[EFX-0266 WARNING] Module Instance 'out_sm' input pin tied to constant (idx_gen[17]=0).
[EFX-0266 WARNING] Module Instance 'out_sm' input pin tied to constant (idx_gen[16]=0).
[EFX-0266 WARNING] Module Instance 'out_sm' input pin tied to constant (idx_gen[15]=0).
[EFX-0266 WARNING] Module Instance 'out_sm' input pin tied to constant (idx_gen[14]=0).
[EFX-0266 WARNING] Module Instance 'out_sm' input pin tied to constant (idx_gen[13]=0).
[EFX-0266 WARNING] Module Instance 'out_sm' input pin tied to constant (idx_gen[12]=0).
[EFX-0266 WARNING] Module Instance 'out_sm' input pin tied to constant (idx_gen[11]=0).
[EFX-0266 WARNING] Module Instance 'out_sm' input pin tied to constant (idx_gen[10]=0).
[EFX-0266 WARNING] Module Instance 'out_sm' input pin tied to constant (idx_gen[9]=0).
[EFX-0266 WARNING] Module Instance 'out_sm' input pin tied to constant (idx_gen[8]=0).
[EFX-0266 WARNING] Module Instance 'out_sm' input pin tied to constant (idx_gen[7]=0).
[EFX-0266 WARNING] Module Instance 'out_sm' input pin tied to constant (idx_gen[6]=0).
[EFX-0266 WARNING] Module Instance 'out_sm' input pin tied to constant (idx_gen[5]=0).
[EFX-0266 WARNING] Module Instance 'out_sm' input pin tied to constant (idx_gen[4]=0).
[EFX-0266 WARNING] Module Instance 'out_sm' input pin tied to constant (idx_gen[3]=0).
[EFX-0266 WARNING] Module Instance 'out_sm' input pin tied to constant (idx_gen[2]=0).
[EFX-0266 WARNING] Module Instance 'out_sm' input pin tied to constant (idx_gen[1]=0).
[EFX-0266 WARNING] Module Instance 'out_sm' input pin tied to constant (idx_gen[0]=1).
[EFX-0266 WARNING] Module Instance 'mdio' input pin tied to constant (b_req_data[31]=0).
[EFX-0266 WARNING] Module Instance 'mdio' input pin tied to constant (b_req_data[30]=0).
[EFX-0266 WARNING] Module Instance 'mdio' input pin tied to constant (b_req_data[29]=0).
[EFX-0201 WARNING] Re-wiring to GND non-driven net 'ram_udp_regidp.prod2.set_again'. (E:\Efinity\project\fnetriong\fakernet_module.vhd:134)
[EFX-0201 WARNING] Re-wiring to GND non-driven net 'ram_tcp_template.prod2.set_again'. (E:\Efinity\project\fnetriong\fakernet_module.vhd:136)
[EFX-0201 WARNING] Re-wiring to GND non-driven net 'ram_tcp_prep2[0].prod2.set_again'. (E:\Efinity\project\fnetriong\fakernet_module.vhd:137)
[EFX-0201 WARNING] Re-wiring to GND non-driven net 'ram_tcp_prep2[1].prod2.set_again'. (E:\Efinity\project\fnetriong\fakernet_module.vhd:137)
[EFX-0031 INFO] 'i4' instance is encountered with don't-care(1'bx) input, rewiring to GND. (E:\Efinity\project\fnetriong\fnetriong.vhd:104)
[EFX-0000 INFO] ... Pre-synthesis checks end (Real time : 0s)
[EFX-0000 INFO] ... NameSpace init begin
[EFX-0000 INFO] ... NameSpace init end (Real time : 0s)
[EFX-0000 INFO] ... Mapping design "fnetriong"
[EFX-0000 INFO] ... Hierarchical pre-synthesis "fnet_async_fifo(width=17)" begin
[EFX-0000 INFO] ... Hierarchical pre-synthesis "fnet_async_fifo(width=17)" end (Real time : 0s)
[EFX-0000 INFO] ... Hierarchical pre-synthesis "efnet_octet_to_word" begin
[EFX-0000 INFO] ... Hierarchical pre-synthesis "efnet_octet_to_word" end (Real time : 0s)
[EFX-0000 INFO] ... Hierarchical pre-synthesis "efb_uart_trace_mem(width=32,samples=512)" begin
[EFX-0000 INFO] ... Hierarchical pre-synthesis "efb_uart_trace_mem(width=32,samples=512)" end (Real time : 0s)
[EFX-0000 INFO] ... Hierarchical pre-synthesis "efb_uart_tx(15,0)" begin
[EFX-0000 INFO] ... Hierarchical pre-synthesis "efb_uart_tx(15,0)" end (Real time : 0s)
[EFX-0000 INFO] ... Hierarchical pre-synthesis "efnet_word_to_octet" begin
[EFX-0000 INFO] ... Hierarchical pre-synthesis "efnet_word_to_octet" end (Real time : 0s)
[EFX-0000 INFO] ... Hierarchical pre-synthesis "efnet_data_array_inject(0,0)(31,0)(0,0)(0,0)(9,0)(7,0)" begin
[EFX-0000 INFO] ... Hierarchical pre-synthesis "efnet_data_array_inject(0,0)(31,0)(0,0)(0,0)(9,0)(7,0)" end (Real time : 0s)
[EFX-0000 INFO] ... Hierarchical pre-synthesis "fnet_crc32" begin
[EFX-0000 INFO] ... Hierarchical pre-synthesis "fnet_crc32" end (Real time : 0s)
[EFX-0000 INFO] ... Hierarchical pre-synthesis "fnet_in_state" begin
[EFX-0000 INFO] ... Hierarchical pre-synthesis "fnet_in_state" end (Real time : 1s)
[EFX-0000 INFO] ... Hierarchical pre-synthesis "fnet_dyn_control" begin
[EFX-0000 INFO] ... Hierarchical pre-synthesis "fnet_dyn_control" end (Real time : 0s)
[EFX-0000 INFO] ... Hierarchical pre-synthesis "fnet_ntp_query_control" begin
[EFX-0000 INFO] ... Hierarchical pre-synthesis "fnet_ntp_query_control" end (Real time : 0s)
[EFX-0000 INFO] ... Hierarchical pre-synthesis "fnet_packet_gen" begin
[EFX-0000 INFO] ... Hierarchical pre-synthesis "fnet_packet_gen" end (Real time : 0s)
[EFX-0000 INFO] ... Hierarchical pre-synthesis "fnet_out_state" begin
[EFX-0000 INFO] ... Hierarchical pre-synthesis "fnet_out_state" end (Real time : 0s)
[EFX-0000 INFO] ... Hierarchical pre-synthesis "fnet_out_pipeline" begin
[EFX-0000 INFO] ... Hierarchical pre-synthesis "fnet_out_pipeline" end (Real time : 0s)
[EFX-0000 INFO] ... Hierarchical pre-synthesis "fnet_regaccess" begin
[EFX-0000 INFO] ... Hierarchical pre-synthesis "fnet_regaccess" end (Real time : 0s)
[EFX-0000 INFO] ... Hierarchical pre-synthesis "ram_block_a11d16" begin
[EFX-0000 INFO] ... Hierarchical pre-synthesis "ram_block_a11d16" end (Real time : 0s)
[EFX-0000 INFO] ... Hierarchical pre-synthesis "fnet_local_reg(test_regs=true,lcl_data_gen=true,limit_payload_window=true,debug_regs=true,debug_counters=true,compiletime=1)" begin
[EFX-0000 INFO] ... Hierarchical pre-synthesis "fnet_local_reg(test_regs=true,lcl_data_gen=true,limit_payload_window=true,debug_regs=true,debug_counters=true,compiletime=1)" end (Real time : 0s)
[EFX-0000 INFO] ... Hierarchical pre-synthesis "fnet_tcp_state(data_bufsize_addrbits=13)" begin
[EFX-0000 INFO] ... Hierarchical pre-synthesis "fnet_tcp_state(data_bufsize_addrbits=13)" end (Real time : 0s)
[EFX-0000 INFO] ... Hierarchical pre-synthesis "fnet_tcp_control(data_bufsize_addrbits=13)" begin
[EFX-0000 INFO] ... Hierarchical pre-synthesis "fnet_tcp_control(data_bufsize_addrbits=13)" end (Real time : 0s)
[EFX-0000 INFO] ... Hierarchical pre-synthesis "fnet_tcp_prepare(data_bufsize_addrbits=13)(12,0)(31,0)" begin
[EFX-0000 INFO] ... Hierarchical pre-synthesis "fnet_tcp_prepare(data_bufsize_addrbits=13)(12,0)(31,0)" end (Real time : 0s)
[EFX-0000 INFO] ... Hierarchical pre-synthesis "fnet_tcp_buffer(data_bufsize_addrbits=13)(9,0)(7,0)(7,0)(5,0)(12,0)(31,0)" begin
[EFX-0000 INFO] ... Hierarchical pre-synthesis "fnet_tcp_buffer(data_bufsize_addrbits=13)(9,0)(7,0)(7,0)(5,0)(12,0)(31,0)" end (Real time : 0s)
[EFX-0000 INFO] ... Hierarchical pre-synthesis "fnet_test_datagen(data_bufsize_addrbits=13)" begin
[EFX-0000 INFO] ... Hierarchical pre-synthesis "fnet_test_datagen(data_bufsize_addrbits=13)" end (Real time : 0s)
[EFX-0000 INFO] ... Hierarchical pre-synthesis "fnet_ram_block_data(addrbits=13)" begin
[EFX-0000 INFO] ... Hierarchical pre-synthesis "fnet_ram_block_data(addrbits=13)" end (Real time : 0s)
[EFX-0000 INFO] ... Hierarchical pre-synthesis "fnet_ram_block_stat" begin
[EFX-0000 INFO] ... Hierarchical pre-synthesis "fnet_ram_block_stat" end (Real time : 0s)
[EFX-0000 INFO] ... Hierarchical pre-synthesis "fnet_regacc_aux_stat" begin
[EFX-0000 INFO] ... Hierarchical pre-synthesis "fnet_regacc_aux_stat" end (Real time : 0s)
[EFX-0000 INFO] ... Hierarchical pre-synthesis "fnet_mdio" begin
[EFX-0000 INFO] ... Hierarchical pre-synthesis "fnet_mdio" end (Real time : 0s)
[EFX-0000 INFO] ... Hierarchical pre-synthesis "fakernet_module(data_bufsize_addrbits=13,compiletime=1)(9,0)(7,0)" begin
[EFX-0000 INFO] ... Hierarchical pre-synthesis "fakernet_module(data_bufsize_addrbits=13,compiletime=1)(9,0)(7,0)" end (Real time : 1s)
[EFX-0000 INFO] ... Hierarchical pre-synthesis "efb_common_top(clk_freq=125000000)(0,-1)(31,0)(0,-1)(0,-1)" begin
[EFX-0000 INFO] ... Hierarchical pre-synthesis "efb_common_top(clk_freq=125000000)(0,-1)(31,0)(0,-1)(0,-1)" end (Real time : 1s)
[EFX-0000 INFO] ... Hierarchical pre-synthesis "edb_top" begin
[EFX-0000 INFO] ... Hierarchical pre-synthesis "edb_top" end (Real time : 0s)
[EFX-0000 INFO] ... Hierarchical pre-synthesis "fnetriong" begin
[EFX-0000 INFO] ... Clock Enable Synthesis Performed on 692 flops.
[EFX-0000 INFO] ... Hierarchical pre-synthesis "fnetriong" end (Real time : 1s)
[EFX-0031 INFO] 't/fakernet/in_sm/i1765' instance is encountered with don't-care(1'bx) input, rewiring to GND. (E:\Efinity\project\fnetriong\fnet_in_state.vhd:2484)
[EFX-0201 WARNING] Re-wiring to GND non-driven net 't/fakernet/dp_ram_arp_icmp.port_a.o.rd'. (E:\Efinity\project\fnetriong\fakernet_module.vhd:144)
[EFX-0201 WARNING] Re-wiring to GND non-driven net 't/fakernet/dp_ram_udp_regacc.port_a.o.rd'. (E:\Efinity\project\fnetriong\fakernet_module.vhd:146)
[EFX-0201 WARNING] Re-wiring to GND non-driven net 't/fakernet/dp_ram_udp_regacc.port_b.o.wr'. (E:\Efinity\project\fnetriong\fakernet_module.vhd:146)
[EFX-0201 WARNING] Re-wiring to GND non-driven net 't/fakernet/dp_ram_udp_regidp.port_a.o.rd'. (E:\Efinity\project\fnetriong\fakernet_module.vhd:147)
[EFX-0201 WARNING] Re-wiring to GND non-driven net 't/fakernet/dp_ram_tcp_template.port_a.o.rd'. (E:\Efinity\project\fnetriong\fakernet_module.vhd:150)
[EFX-0201 WARNING] Re-wiring to GND non-driven net 't/fakernet/dp_ram_tcp_template.port_b.o.wr'. (E:\Efinity\project\fnetriong\fakernet_module.vhd:150)
[EFX-0000 INFO] ... Flat optimizations begin
[EFX-0656 WARNING] Optimizing into logic zero initialized read-only memory block 't/fakernet/dpdp_ram_pkt_gen/ram__D$b12'. (E:\Efinity\project\fnetriong\fnet_ram_block_a11d16.vhd:52)
[EFX-0656 WARNING] Optimizing into logic zero initialized read-only memory block 't/fakernet/dpdp_ram_pkt_gen/ram__D$12'. (E:\Efinity\project\fnetriong\fnet_ram_block_a11d16.vhd:52)
[EFX-0656 WARNING] Optimizing into logic zero initialized read-only memory block 't/fakernet/dpdp_ram_pkt_gen/ram__D$c1'. (E:\Efinity\project\fnetriong\fnet_ram_block_a11d16.vhd:52)
[EFX-0656 WARNING] Optimizing into logic zero initialized read-only memory block 't/fakernet/dpdp_ram_pkt_gen/ram__D$2'. (E:\Efinity\project\fnetriong\fnet_ram_block_a11d16.vhd:52)
[EFX-0000 INFO] ... Flat optimizations end (Real time : 0s)
[EFX-0000 INFO] ... Flat synthesis begin
[EFX-0000 INFO] ... Flat synthesis end (Real time : 0s)
[EFX-0000 INFO] ... Flat optimizations begin
[EFX-0000 INFO] ... Flat optimizations end (Real time : 0s)
[EFX-0000 INFO] ... Check and break combinational loops begin
[EFX-0000 INFO] ... Check and break combinational loops end (Real time : 0s)
[EFX-0000 INFO] ... Sequential Optimization begin
[EFX-0000 INFO] ... Clock Network clk with 3167 loads will be considered for sequential optimization.
[EFX-0000 INFO] ... Clock Network jtag_inst1_TCK with 420 loads will be considered for sequential optimization.
[EFX-0000 INFO] ... Clock Network eth_rx_clk with 288 loads will be considered for sequential optimization.
[EFX-0000 INFO] ... Sequential Optimization deduced 966 equivalent points.
[EFX-0000 INFO] ... Sequential Optimization end (Real time : 22s)
[EFX-0000 INFO] ... SOP modeling begin
[EFX-0000 INFO] ... SOP modeling end (Real time : 0s)
[EFX-0000 INFO] ... LUT mapping begin
[EFX-0000 INFO] ... LS, strategy: 3, nd: 4090, ed: 13234, lv: 7, pw: 11048.71
[EFX-0000 INFO] ... LUT mapping end (Real time : 14s)
[EFX-0000 INFO] ... Post-synthesis Verific netlist creation begin
[EFX-0000 INFO] ... Post-synthesis Verific netlist creation end (Real time : 0s)
[EFX-0000 INFO] ... Postmap Retiming Optimization begin
[EFX-0000 INFO] ... Clock Network n3 with 2858 loads will be considered for retiming optimization.
[EFX-0000 INFO] ... Clock Network n25 with 420 loads will be considered for retiming optimization.
[EFX-0000 INFO] ... Clock Network n13 with 248 loads will be considered for retiming optimization.
[EFX-0000 INFO] ... Performed 3 retime moves.
[EFX-0000 INFO] ... Postmap Retiming Optimization end (Real time : 0s)
[EFX-0000 INFO] ... Post-synthesis Verific netlist unification/params processing begin
[EFX-0000 INFO] ... Post-synthesis Verific netlist unification/params processing end (Real time : 1s)
[EFX-0000 INFO] Resource Summary 
[EFX-0000 INFO] =============================== 
[EFX-0000 INFO] EFX_ADD         : 	587
[EFX-0000 INFO] EFX_LUT4        : 	4664
[EFX-0000 INFO] EFX_FF          : 	3368
[EFX-0000 INFO] EFX_RAM_5K      : 	101
[EFX-0000 INFO] EFX_DPRAM_5K    : 	4
[EFX-0000 INFO] EFX_GBUFCE      : 	3
[EFX-0000 INFO] =============================== 

///////////////////////////////////
// Efinity Synthesis Started 
// Mar 13, 2023 12:36:22
///////////////////////////////////

[EFX-0012 VERI-INFO] default VHDL library search path is now "E:/Efinity/2022.2/sim_models/vhdl/packages/vhdl_2008" (VHDL-1504) 
[EFX-0012 VERI-INFO] undeclared symbol 'la_capture_mask', assumed default net type 'wire' (VERI-2561) (E:/Efinity/project/fnetriong/work_dbg/debug_top.v:4364)
[EFX-0012 VERI-INFO] undeclared symbol 'next_segment_pointer_eq', assumed default net type 'wire' (VERI-2561) (E:/Efinity/project/fnetriong/work_dbg/debug_top.v:4722)
[EFX-0012 VERI-INFO] undeclared symbol 'next_segment_msb_xor', assumed default net type 'wire' (VERI-2561) (E:/Efinity/project/fnetriong/work_dbg/debug_top.v:4723)
[EFX-0011 VERI-WARNING] port 'probe3' remains unconnected for this instance (VERI-1927) (E:/Efinity/project/fnetriong/work_dbg/debug_top.v:112)
[EFX-0012 VERI-INFO] compiling module 'edb_top' (VERI-1018) (E:/Efinity/project/fnetriong/work_dbg/debug_top.v:10)
[EFX-0012 VERI-INFO] compiling module 'edb_la_top_renamed_due_excessive_length_1' (VERI-1018) (E:/Efinity/project/fnetriong/work_dbg/debug_top.v:485)
[EFX-0011 VERI-WARNING] expression size 256 truncated to fit in target size 64 (VERI-1209) (E:/Efinity/project/fnetriong/work_dbg/debug_top.v:3581)
[EFX-0012 VERI-INFO] compiling module 'edb_adbg_crc32' (VERI-1018) (E:/Efinity/project/fnetriong/work_dbg/debug_top.v:186)
[EFX-0012 VERI-INFO] compiling module 'compare_unit(WIDTH=11'b01,PIPE=1)' (VERI-1018) (E:/Efinity/project/fnetriong/work_dbg/debug_top.v:5445)
[EFX-0012 VERI-INFO] compiling module 'compare_unit(WIDTH=11'b010000,PIPE=1)' (VERI-1018) (E:/Efinity/project/fnetriong/work_dbg/debug_top.v:5445)
[EFX-0012 VERI-INFO] compiling module 'trigger_unit(WIDTH=32'b011,PIPE=1)' (VERI-1018) (E:/Efinity/project/fnetriong/work_dbg/debug_top.v:5650)
[EFX-0012 VERI-INFO] compiling module 'la_biu(CAPTURE_WIDTH=32'b010010)' (VERI-1018) (E:/Efinity/project/fnetriong/work_dbg/debug_top.v:4799)
[EFX-0012 VERI-INFO] compiling module 'fifo_with_read(DATA_WIDTH=32'b010011)' (VERI-1018) (E:/Efinity/project/fnetriong/work_dbg/debug_top.v:4541)
[EFX-0012 VERI-INFO] compiling module 'fifo_address_trancode_unit' (VERI-1018) (E:/Efinity/project/fnetriong/work_dbg/debug_top.v:4491)
[EFX-0012 VERI-INFO] compiling module 'edb_simple_dual_port_ram(DATA_WIDTH=32'b010011,ADDR_WIDTH=10,RAM_INIT_FILE="")' (VERI-1018) (E:/Efinity/project/fnetriong/work_dbg/debug_top.v:395)
[EFX-0012 VERI-INFO] extracting RAM for identifier 'ram' (VERI-2571) (E:/Efinity/project/fnetriong/work_dbg/debug_top.v:410)
[EFX-0012 VERI-INFO] compiling module 'debug_hub' (VERI-1018) (E:/Efinity/project/fnetriong/work_dbg/debug_top.v:264)
[EFX-0011 VERI-WARNING] input port 'probe3[0]' remains unconnected for this instance (VDB-1053) (E:/Efinity/project/fnetriong/work_dbg/debug_top.v:89)
[EFX-0000 INFO] Setting Synthesis Option: mode=speed
[EFX-0012 VERI-INFO] compiling module 'EFX_ADD' (VERI-1018) (E:/Efinity/2022.2/sim_models/maplib/efinix_maplib.v:6)
[EFX-0012 VERI-INFO] compiling module 'EFX_FF' (VERI-1018) (E:/Efinity/2022.2/sim_models/maplib/efinix_maplib.v:19)
[EFX-0012 VERI-INFO] compiling module 'EFX_COMB4' (VERI-1018) (E:/Efinity/2022.2/sim_models/maplib/efinix_maplib.v:36)
[EFX-0012 VERI-INFO] compiling module 'EFX_GBUFCE' (VERI-1018) (E:/Efinity/2022.2/sim_models/maplib/efinix_maplib.v:46)
[EFX-0012 VERI-INFO] compiling module 'EFX_IDDR' (VERI-1018) (E:/Efinity/2022.2/sim_models/maplib/efinix_maplib.v:55)
[EFX-0012 VERI-INFO] compiling module 'EFX_ODDR' (VERI-1018) (E:/Efinity/2022.2/sim_models/maplib/efinix_maplib.v:69)
[EFX-0012 VERI-INFO] compiling module 'EFX_IOBUF' (VERI-1018) (E:/Efinity/2022.2/sim_models/maplib/efinix_maplib.v:85)
[EFX-0012 VERI-INFO] compiling module 'EFX_LUT4' (VERI-1018) (E:/Efinity/2022.2/sim_models/maplib/efinix_maplib.v:97)
[EFX-0012 VERI-INFO] compiling module 'EFX_MULT' (VERI-1018) (E:/Efinity/2022.2/sim_models/maplib/efinix_maplib.v:105)
[EFX-0012 VERI-INFO] compiling module 'EFX_DSP48' (VERI-1018) (E:/Efinity/2022.2/sim_models/maplib/efinix_maplib.v:140)
[EFX-0012 VERI-INFO] compiling module 'EFX_DSP24' (VERI-1018) (E:/Efinity/2022.2/sim_models/maplib/efinix_maplib.v:196)
[EFX-0012 VERI-INFO] compiling module 'EFX_DSP12' (VERI-1018) (E:/Efinity/2022.2/sim_models/maplib/efinix_maplib.v:249)
[EFX-0012 VERI-INFO] compiling module 'EFX_RAM_4K' (VERI-1018) (E:/Efinity/2022.2/sim_models/maplib/efinix_maplib.v:302)
[EFX-0012 VERI-INFO] compiling module 'EFX_RAM_5K' (VERI-1018) (E:/Efinity/2022.2/sim_models/maplib/efinix_maplib.v:362)
[EFX-0012 VERI-INFO] compiling module 'EFX_DPRAM_5K' (VERI-1018) (E:/Efinity/2022.2/sim_models/maplib/efinix_maplib.v:434)
[EFX-0012 VERI-INFO] compiling module 'RAMB5' (VERI-1018) (E:/Efinity/2022.2/sim_models/maplib/efinix_maplib.v:539)
[EFX-0012 VERI-INFO] compiling module 'EFX_RAM_10K' (VERI-1018) (E:/Efinity/2022.2/sim_models/maplib/efinix_maplib.v:601)
[EFX-0012 VERI-INFO] compiling module 'EFX_RAM10' (VERI-1018) (E:/Efinity/2022.2/sim_models/maplib/efinix_maplib.v:693)
[EFX-0012 VERI-INFO] compiling module 'EFX_DPRAM10' (VERI-1018) (E:/Efinity/2022.2/sim_models/maplib/efinix_maplib.v:794)
[EFX-0012 VERI-INFO] compiling module 'EFX_SRL8' (VERI-1018) (E:/Efinity/2022.2/sim_models/maplib/efinix_maplib.v:924)
[EFX-0000 INFO] ... Pre-synthesis checks begin
[EFX-0200 WARNING] Removing redundant signal : compared_in[0]. (E:/Efinity/project/fnetriong/work_dbg/debug_top.v:5451)
[EFX-0200 WARNING] Removing redundant signal : mask_in[0]. (E:/Efinity/project/fnetriong/work_dbg/debug_top.v:5452)
[EFX-0200 WARNING] Removing redundant signal : trigger_in. (E:/Efinity/project/fnetriong/work_dbg/debug_top.v:5662)
[EFX-0677 INFO] Zero initialization of uninitialized memory block 'ram'. (E:/Efinity/project/fnetriong/work_dbg/debug_top.v:410)
[EFX-0200 WARNING] Removing redundant signal : din[18]. (E:/Efinity/project/fnetriong/work_dbg/debug_top.v:4554)
[EFX-0200 WARNING] Removing redundant signal : trig_out. (E:/Efinity/project/fnetriong/work_dbg/debug_top.v:4833)
[EFX-0200 WARNING] Removing redundant signal : trig_out_ack. (E:/Efinity/project/fnetriong/work_dbg/debug_top.v:4834)
[EFX-0200 WARNING] Removing redundant signal : bscan_DRCK. (E:/Efinity/project/fnetriong/work_dbg/debug_top.v:1018)
[EFX-0200 WARNING] Removing redundant signal : bscan_RUNTEST. (E:/Efinity/project/fnetriong/work_dbg/debug_top.v:1020)
[EFX-0200 WARNING] Removing redundant signal : bscan_SEL. (E:/Efinity/project/fnetriong/work_dbg/debug_top.v:1021)
[EFX-0200 WARNING] Removing redundant signal : bscan_TMS. (E:/Efinity/project/fnetriong/work_dbg/debug_top.v:1025)
[EFX-0200 WARNING] Removing redundant signal : trig_in_ack. (E:/Efinity/project/fnetriong/work_dbg/debug_top.v:1036)
[EFX-0200 WARNING] Removing redundant signal : mux_capture_cmp[2]. (E:/Efinity/project/fnetriong/work_dbg/debug_top.v:3442)
[EFX-0200 WARNING] Removing redundant signal : mux_capture_cmp[1]. (E:/Efinity/project/fnetriong/work_dbg/debug_top.v:3442)
[EFX-0200 WARNING] Removing redundant signal : mux_capture_cmp[0]. (E:/Efinity/project/fnetriong/work_dbg/debug_top.v:3442)
[EFX-0200 WARNING] Removing redundant signal : bscan_CAPTURE. (E:/Efinity/project/fnetriong/work_dbg/debug_top.v:269)
[EFX-0200 WARNING] Removing redundant signal : bscan_DRCK. (E:/Efinity/project/fnetriong/work_dbg/debug_top.v:270)
[EFX-0200 WARNING] Removing redundant signal : bscan_RUNTEST. (E:/Efinity/project/fnetriong/work_dbg/debug_top.v:272)
[EFX-0200 WARNING] Removing redundant signal : bscan_TMS. (E:/Efinity/project/fnetriong/work_dbg/debug_top.v:277)
[EFX-0266 WARNING] Module Instance 'la0' input pin tied to constant (trig_in=0).
[EFX-0266 WARNING] Module Instance 'la0' input pin tied to constant (trig_out_ack=0).
[EFX-0201 WARNING] Re-wiring to GND non-driven net 'la0.probe3[0]'. (E:/Efinity/project/fnetriong/work_dbg/debug_top.v:89)
[EFX-0201 WARNING] Re-wiring to GND non-driven net 'la0.probe4[0]'. (E:/Efinity/project/fnetriong/work_dbg/debug_top.v:89)
[EFX-0201 WARNING] Re-wiring to GND non-driven net 'la0.probe5[0]'. (E:/Efinity/project/fnetriong/work_dbg/debug_top.v:89)
[EFX-0201 WARNING] Re-wiring to GND non-driven net 'la0.probe6[0]'. (E:/Efinity/project/fnetriong/work_dbg/debug_top.v:89)
[EFX-0201 WARNING] Re-wiring to GND non-driven net 'la0.probe7[0]'. (E:/Efinity/project/fnetriong/work_dbg/debug_top.v:89)
[EFX-0201 WARNING] Re-wiring to GND non-driven net 'la0.probe8[0]'. (E:/Efinity/project/fnetriong/work_dbg/debug_top.v:89)
[EFX-0201 WARNING] Re-wiring to GND non-driven net 'la0.probe9[0]'. (E:/Efinity/project/fnetriong/work_dbg/debug_top.v:89)
[EFX-0201 WARNING] Re-wiring to GND non-driven net 'la0.probe10[0]'. (E:/Efinity/project/fnetriong/work_dbg/debug_top.v:89)
[EFX-0201 WARNING] Re-wiring to GND non-driven net 'la0.probe11[0]'. (E:/Efinity/project/fnetriong/work_dbg/debug_top.v:89)
[EFX-0201 WARNING] Re-wiring to GND non-driven net 'la0.probe12[0]'. (E:/Efinity/project/fnetriong/work_dbg/debug_top.v:89)
[EFX-0000 INFO] ... Pre-synthesis checks end (Real time : 0s)
[EFX-0000 INFO] ... NameSpace init begin
[EFX-0000 INFO] ... NameSpace init end (Real time : 0s)
[EFX-0000 INFO] ... Mapping design "edb_top"
[EFX-0000 INFO] ... Hierarchical pre-synthesis "edb_adbg_crc32" begin
[EFX-0000 INFO] ... Hierarchical pre-synthesis "edb_adbg_crc32" end (Real time : 0s)
[EFX-0000 INFO] ... Hierarchical pre-synthesis "compare_unit(WIDTH=11'b01,PIPE=1)" begin
[EFX-0000 INFO] ... Hierarchical pre-synthesis "compare_unit(WIDTH=11'b01,PIPE=1)" end (Real time : 0s)
[EFX-0000 INFO] ... Hierarchical pre-synthesis "compare_unit(WIDTH=11'b010000,PIPE=1)" begin
[EFX-0000 INFO] ... Hierarchical pre-synthesis "compare_unit(WIDTH=11'b010000,PIPE=1)" end (Real time : 0s)
[EFX-0000 INFO] ... Hierarchical pre-synthesis "trigger_unit(WIDTH=32'b011,PIPE=1)" begin
[EFX-0000 INFO] ... Hierarchical pre-synthesis "trigger_unit(WIDTH=32'b011,PIPE=1)" end (Real time : 0s)
[EFX-0000 INFO] ... Hierarchical pre-synthesis "fifo_address_trancode_unit" begin
[EFX-0000 INFO] ... Hierarchical pre-synthesis "fifo_address_trancode_unit" end (Real time : 0s)
[EFX-0000 INFO] ... Hierarchical pre-synthesis "edb_simple_dual_port_ram(DATA_WIDTH=32'b010011,ADDR_WIDTH=10,RAM_INIT_FILE="")" begin
[EFX-0000 INFO] ... Hierarchical pre-synthesis "edb_simple_dual_port_ram(DATA_WIDTH=32'b010011,ADDR_WIDTH=10,RAM_INIT_FILE="")" end (Real time : 0s)
[EFX-0000 INFO] ... Hierarchical pre-synthesis "fifo_with_read(DATA_WIDTH=32'b010011)" begin
[EFX-0000 INFO] ... Hierarchical pre-synthesis "fifo_with_read(DATA_WIDTH=32'b010011)" end (Real time : 0s)
[EFX-0000 INFO] ... Hierarchical pre-synthesis "la_biu(CAPTURE_WIDTH=32'b010010)" begin
[EFX-0000 INFO] ... Hierarchical pre-synthesis "la_biu(CAPTURE_WIDTH=32'b010010)" end (Real time : 0s)
[EFX-0000 INFO] ... Hierarchical pre-synthesis "edb_la_top_renamed_due_excessive_length_1" begin
[EFX-0000 INFO] ... Hierarchical pre-synthesis "edb_la_top_renamed_due_excessive_length_1" end (Real time : 0s)
[EFX-0000 INFO] ... Hierarchical pre-synthesis "debug_hub" begin
[EFX-0000 INFO] ... Hierarchical pre-synthesis "debug_hub" end (Real time : 0s)
[EFX-0000 INFO] ... Hierarchical pre-synthesis "edb_top" begin
[EFX-0000 INFO] ... Clock Enable Synthesis Performed on 130 flops.
[EFX-0000 INFO] ... Hierarchical pre-synthesis "edb_top" end (Real time : 0s)
[EFX-0000 INFO] ... Flat optimizations begin
[EFX-0000 INFO] ... Flat optimizations end (Real time : 0s)
[EFX-0000 INFO] ... Flat synthesis begin
[EFX-0000 INFO] ... Flat synthesis end (Real time : 0s)
[EFX-0000 INFO] ... Flat optimizations begin
[EFX-0000 INFO] ... Flat optimizations end (Real time : 0s)
[EFX-0000 INFO] ... Check and break combinational loops begin
[EFX-0000 INFO] ... Check and break combinational loops end (Real time : 0s)
[EFX-0000 INFO] ... Sequential Optimization begin
[EFX-0000 INFO] ... Clock Network bscan_TCK with 424 loads will be considered for sequential optimization.
[EFX-0000 INFO] ... Clock Network la0_clk with 262 loads will be considered for sequential optimization.
[EFX-0000 INFO] ... Sequential Optimization deduced 281 equivalent points.
[EFX-0000 INFO] ... Sequential Optimization end (Real time : 11s)
[EFX-0000 INFO] ... SOP modeling begin
[EFX-0000 INFO] ... SOP modeling end (Real time : 0s)
[EFX-0000 INFO] ... LUT mapping begin
[EFX-0000 INFO] ... LS, strategy: 3, nd: 732, ed: 2389, lv: 7, pw: 1495.58
[EFX-0000 INFO] ... LUT mapping end (Real time : 4s)
[EFX-0000 INFO] ... Post-synthesis Verific netlist creation begin
[EFX-0000 INFO] ... Post-synthesis Verific netlist creation end (Real time : 0s)
[EFX-0000 INFO] ... Postmap Retiming Optimization begin
[EFX-0000 INFO] ... Clock Network n9 with 424 loads will be considered for retiming optimization.
[EFX-0000 INFO] ... Clock Network n13 with 262 loads will be considered for retiming optimization.
[EFX-0000 INFO] ... Performed 0 retime moves.
[EFX-0000 INFO] ... Postmap Retiming Optimization end (Real time : 0s)
[EFX-0000 INFO] ... Post-synthesis Verific netlist unification/params processing begin
[EFX-0000 INFO] ... Post-synthesis Verific netlist unification/params processing end (Real time : 0s)
[EFX-0011 VERI-WARNING] Input/Inout Port bscan_DRCK is unconnected and will be removed 
[EFX-0011 VERI-WARNING] Input/Inout Port bscan_RUNTEST is unconnected and will be removed 
[EFX-0011 VERI-WARNING] Input/Inout Port bscan_TMS is unconnected and will be removed 
[EFX-0012 VERI-INFO] Found 3 warnings in the post-synthesis netlist. 
[EFX-0000 INFO] Resource Summary 
[EFX-0000 INFO] =============================== 
[EFX-0000 INFO] EFX_ADD         : 	90
[EFX-0000 INFO] EFX_LUT4        : 	718
[EFX-0000 INFO] EFX_FF          : 	666
[EFX-0000 INFO] EFX_RAM_5K      : 	5
[EFX-0000 INFO] EFX_GBUFCE      : 	2
[EFX-0000 INFO] =============================== 

///////////////////////////////////
// Efinity Synthesis Started 
// Mar 13, 2023 12:36:41
///////////////////////////////////

[EFX-0000 INFO] Setting Synthesis Option: mode=speed
[EFX-0000 INFO] ... Pre-synthesis checks begin
[EFX-0266 WARNING] Module Instance 'fifo' input pin tied to constant (out_want_b=1).
[EFX-0200 WARNING] Removing redundant signal : start_found. (E:\Efinity\project\fnetriong\efnet_octet_to_word.vhd:60)
[EFX-0200 WARNING] Removing redundant signal : packet_start. (E:\Efinity\project\fnetriong\efnet_octet_to_word.vhd:62)
[EFX-0200 WARNING] Removing redundant signal : packet_end. (E:\Efinity\project\fnetriong\efnet_octet_to_word.vhd:63)
[EFX-0200 WARNING] Removing redundant signal : word[15]. (E:\Efinity\project\fnetriong\efnet_octet_to_word.vhd:65)
[EFX-0200 WARNING] Removing redundant signal : word[14]. (E:\Efinity\project\fnetriong\efnet_octet_to_word.vhd:65)
[EFX-0200 WARNING] Removing redundant signal : word[13]. (E:\Efinity\project\fnetriong\efnet_octet_to_word.vhd:65)
[EFX-0200 WARNING] Removing redundant signal : word[12]. (E:\Efinity\project\fnetriong\efnet_octet_to_word.vhd:65)
[EFX-0200 WARNING] Removing redundant signal : word[11]. (E:\Efinity\project\fnetriong\efnet_octet_to_word.vhd:65)
[EFX-0200 WARNING] Removing redundant signal : word[10]. (E:\Efinity\project\fnetriong\efnet_octet_to_word.vhd:65)
[EFX-0200 WARNING] Removing redundant signal : word[9]. (E:\Efinity\project\fnetriong\efnet_octet_to_word.vhd:65)
[EFX-0200 WARNING] Removing redundant signal : word[8]. (E:\Efinity\project\fnetriong\efnet_octet_to_word.vhd:65)
[EFX-0200 WARNING] Removing redundant signal : word[7]. (E:\Efinity\project\fnetriong\efnet_octet_to_word.vhd:65)
[EFX-0200 WARNING] Removing redundant signal : word[6]. (E:\Efinity\project\fnetriong\efnet_octet_to_word.vhd:65)
[EFX-0200 WARNING] Removing redundant signal : word[5]. (E:\Efinity\project\fnetriong\efnet_octet_to_word.vhd:65)
[EFX-0200 WARNING] Removing redundant signal : word[4]. (E:\Efinity\project\fnetriong\efnet_octet_to_word.vhd:65)
[EFX-0200 WARNING] Removing redundant signal : word[3]. (E:\Efinity\project\fnetriong\efnet_octet_to_word.vhd:65)
[EFX-0200 WARNING] Removing redundant signal : word[2]. (E:\Efinity\project\fnetriong\efnet_octet_to_word.vhd:65)
[EFX-0200 WARNING] Removing redundant signal : word[1]. (E:\Efinity\project\fnetriong\efnet_octet_to_word.vhd:65)
[EFX-0200 WARNING] Removing redundant signal : word[0]. (E:\Efinity\project\fnetriong\efnet_octet_to_word.vhd:65)
[EFX-0200 WARNING] Removing redundant signal : octet_counter[0]. (E:\Efinity\project\fnetriong\efnet_octet_to_word.vhd:66)
[EFX-0266 WARNING] Module Instance 'out_sm' input pin tied to constant (idx_tcp_prep[0][31]=0).
[EFX-0266 WARNING] Module Instance 'out_sm' input pin tied to constant (idx_tcp_prep[0][30]=0).
[EFX-0266 WARNING] Module Instance 'out_sm' input pin tied to constant (idx_tcp_prep[0][29]=0).
[EFX-0266 WARNING] Module Instance 'out_sm' input pin tied to constant (idx_tcp_prep[0][28]=0).
[EFX-0266 WARNING] Module Instance 'out_sm' input pin tied to constant (idx_tcp_prep[0][27]=0).
[EFX-0266 WARNING] Module Instance 'out_sm' input pin tied to constant (idx_tcp_prep[0][26]=0).
[EFX-0266 WARNING] Module Instance 'out_sm' input pin tied to constant (idx_tcp_prep[0][25]=0).
[EFX-0266 WARNING] Module Instance 'out_sm' input pin tied to constant (idx_tcp_prep[0][24]=0).
[EFX-0266 WARNING] Module Instance 'out_sm' input pin tied to constant (idx_tcp_prep[0][23]=0).
[EFX-0266 WARNING] Module Instance 'out_sm' input pin tied to constant (idx_tcp_prep[0][22]=0).
[EFX-0266 WARNING] Module Instance 'out_sm' input pin tied to constant (idx_tcp_prep[0][21]=0).
[EFX-0266 WARNING] Module Instance 'out_sm' input pin tied to constant (idx_tcp_prep[0][20]=0).
[EFX-0266 WARNING] Module Instance 'out_sm' input pin tied to constant (idx_tcp_prep[0][19]=0).
[EFX-0266 WARNING] Module Instance 'out_sm' input pin tied to constant (idx_tcp_prep[0][18]=0).
[EFX-0266 WARNING] Module Instance 'out_sm' input pin tied to constant (idx_tcp_prep[0][17]=0).
[EFX-0266 WARNING] Module Instance 'out_sm' input pin tied to constant (idx_tcp_prep[0][16]=0).
[EFX-0266 WARNING] Module Instance 'out_sm' input pin tied to constant (idx_tcp_prep[0][15]=0).
[EFX-0266 WARNING] Module Instance 'out_sm' input pin tied to constant (idx_tcp_prep[0][14]=0).
[EFX-0266 WARNING] Module Instance 'out_sm' input pin tied to constant (idx_tcp_prep[0][13]=0).
[EFX-0266 WARNING] Module Instance 'out_sm' input pin tied to constant (idx_tcp_prep[0][12]=0).
[EFX-0266 WARNING] Module Instance 'out_sm' input pin tied to constant (idx_tcp_prep[0][11]=0).
[EFX-0266 WARNING] Module Instance 'out_sm' input pin tied to constant (idx_tcp_prep[0][10]=0).
[EFX-0266 WARNING] Module Instance 'out_sm' input pin tied to constant (idx_tcp_prep[0][9]=0).
[EFX-0266 WARNING] Module Instance 'out_sm' input pin tied to constant (idx_tcp_prep[0][8]=0).
[EFX-0266 WARNING] Module Instance 'out_sm' input pin tied to constant (idx_tcp_prep[0][7]=0).
[EFX-0266 WARNING] Module Instance 'out_sm' input pin tied to constant (idx_tcp_prep[0][6]=0).
[EFX-0266 WARNING] Module Instance 'out_sm' input pin tied to constant (idx_tcp_prep[0][5]=0).
[EFX-0266 WARNING] Module Instance 'out_sm' input pin tied to constant (idx_tcp_prep[0][4]=0).
[EFX-0266 WARNING] Module Instance 'out_sm' input pin tied to constant (idx_tcp_prep[0][3]=0).
[EFX-0266 WARNING] Module Instance 'out_sm' input pin tied to constant (idx_tcp_prep[0][2]=1).
[EFX-0266 WARNING] Module Instance 'out_sm' input pin tied to constant (idx_tcp_prep[0][1]=0).
[EFX-0266 WARNING] Module Instance 'out_sm' input pin tied to constant (idx_tcp_prep[0][0]=1).
[EFX-0266 WARNING] Module Instance 'out_sm' input pin tied to constant (idx_tcp_prep[1][31]=0).
[EFX-0266 WARNING] Module Instance 'out_sm' input pin tied to constant (idx_tcp_prep[1][30]=0).
[EFX-0266 WARNING] Module Instance 'out_sm' input pin tied to constant (idx_tcp_prep[1][29]=0).
[EFX-0266 WARNING] Module Instance 'out_sm' input pin tied to constant (idx_tcp_prep[1][28]=0).
[EFX-0266 WARNING] Module Instance 'out_sm' input pin tied to constant (idx_tcp_prep[1][27]=0).
[EFX-0266 WARNING] Module Instance 'out_sm' input pin tied to constant (idx_tcp_prep[1][26]=0).
[EFX-0266 WARNING] Module Instance 'out_sm' input pin tied to constant (idx_tcp_prep[1][25]=0).
[EFX-0266 WARNING] Module Instance 'out_sm' input pin tied to constant (idx_tcp_prep[1][24]=0).
[EFX-0266 WARNING] Module Instance 'out_sm' input pin tied to constant (idx_tcp_prep[1][23]=0).
[EFX-0266 WARNING] Module Instance 'out_sm' input pin tied to constant (idx_tcp_prep[1][22]=0).
[EFX-0266 WARNING] Module Instance 'out_sm' input pin tied to constant (idx_tcp_prep[1][21]=0).
[EFX-0266 WARNING] Module Instance 'out_sm' input pin tied to constant (idx_tcp_prep[1][20]=0).
[EFX-0266 WARNING] Module Instance 'out_sm' input pin tied to constant (idx_tcp_prep[1][19]=0).
[EFX-0266 WARNING] Module Instance 'out_sm' input pin tied to constant (idx_tcp_prep[1][18]=0).
[EFX-0266 WARNING] Module Instance 'out_sm' input pin tied to constant (idx_tcp_prep[1][17]=0).
[EFX-0266 WARNING] Module Instance 'out_sm' input pin tied to constant (idx_tcp_prep[1][16]=0).
[EFX-0266 WARNING] Module Instance 'out_sm' input pin tied to constant (idx_tcp_prep[1][15]=0).
[EFX-0266 WARNING] Module Instance 'out_sm' input pin tied to constant (idx_tcp_prep[1][14]=0).
[EFX-0266 WARNING] Module Instance 'out_sm' input pin tied to constant (idx_tcp_prep[1][13]=0).
[EFX-0266 WARNING] Module Instance 'out_sm' input pin tied to constant (idx_tcp_prep[1][12]=0).
[EFX-0266 WARNING] Module Instance 'out_sm' input pin tied to constant (idx_tcp_prep[1][11]=0).
[EFX-0266 WARNING] Module Instance 'out_sm' input pin tied to constant (idx_tcp_prep[1][10]=0).
[EFX-0266 WARNING] Module Instance 'out_sm' input pin tied to constant (idx_tcp_prep[1][9]=0).
[EFX-0266 WARNING] Module Instance 'out_sm' input pin tied to constant (idx_tcp_prep[1][8]=0).
[EFX-0266 WARNING] Module Instance 'out_sm' input pin tied to constant (idx_tcp_prep[1][7]=0).
[EFX-0266 WARNING] Module Instance 'out_sm' input pin tied to constant (idx_tcp_prep[1][6]=0).
[EFX-0266 WARNING] Module Instance 'out_sm' input pin tied to constant (idx_tcp_prep[1][5]=0).
[EFX-0266 WARNING] Module Instance 'out_sm' input pin tied to constant (idx_tcp_prep[1][4]=0).
[EFX-0266 WARNING] Module Instance 'out_sm' input pin tied to constant (idx_tcp_prep[1][3]=0).
[EFX-0266 WARNING] Module Instance 'out_sm' input pin tied to constant (idx_tcp_prep[1][2]=1).
[EFX-0266 WARNING] Module Instance 'out_sm' input pin tied to constant (idx_tcp_prep[1][1]=1).
[EFX-0266 WARNING] Module Instance 'out_sm' input pin tied to constant (idx_tcp_prep[1][0]=0).
[EFX-0266 WARNING] Module Instance 'out_sm' input pin tied to constant (idx_gen[31]=0).
[EFX-0266 WARNING] Module Instance 'out_sm' input pin tied to constant (idx_gen[30]=0).
[EFX-0266 WARNING] Module Instance 'out_sm' input pin tied to constant (idx_gen[29]=0).
[EFX-0266 WARNING] Module Instance 'out_sm' input pin tied to constant (idx_gen[28]=0).
[EFX-0266 WARNING] Module Instance 'out_sm' input pin tied to constant (idx_gen[27]=0).
[EFX-0266 WARNING] Module Instance 'out_sm' input pin tied to constant (idx_gen[26]=0).
[EFX-0266 WARNING] Module Instance 'out_sm' input pin tied to constant (idx_gen[25]=0).
[EFX-0266 WARNING] Module Instance 'out_sm' input pin tied to constant (idx_gen[24]=0).
[EFX-0266 WARNING] Module Instance 'out_sm' input pin tied to constant (idx_gen[23]=0).
[EFX-0266 WARNING] Module Instance 'out_sm' input pin tied to constant (idx_gen[22]=0).
[EFX-0266 WARNING] Module Instance 'out_sm' input pin tied to constant (idx_gen[21]=0).
[EFX-0266 WARNING] Module Instance 'out_sm' input pin tied to constant (idx_gen[20]=0).
[EFX-0266 WARNING] Module Instance 'out_sm' input pin tied to constant (idx_gen[19]=0).
[EFX-0266 WARNING] Module Instance 'out_sm' input pin tied to constant (idx_gen[18]=0).
[EFX-0266 WARNING] Module Instance 'out_sm' input pin tied to constant (idx_gen[17]=0).
[EFX-0266 WARNING] Module Instance 'out_sm' input pin tied to constant (idx_gen[16]=0).
[EFX-0266 WARNING] Module Instance 'out_sm' input pin tied to constant (idx_gen[15]=0).
[EFX-0266 WARNING] Module Instance 'out_sm' input pin tied to constant (idx_gen[14]=0).
[EFX-0266 WARNING] Module Instance 'out_sm' input pin tied to constant (idx_gen[13]=0).
[EFX-0266 WARNING] Module Instance 'out_sm' input pin tied to constant (idx_gen[12]=0).
[EFX-0266 WARNING] Module Instance 'out_sm' input pin tied to constant (idx_gen[11]=0).
[EFX-0266 WARNING] Module Instance 'out_sm' input pin tied to constant (idx_gen[10]=0).
[EFX-0266 WARNING] Module Instance 'out_sm' input pin tied to constant (idx_gen[9]=0).
[EFX-0266 WARNING] Module Instance 'out_sm' input pin tied to constant (idx_gen[8]=0).
[EFX-0266 WARNING] Module Instance 'out_sm' input pin tied to constant (idx_gen[7]=0).
[EFX-0266 WARNING] Module Instance 'out_sm' input pin tied to constant (idx_gen[6]=0).
[EFX-0266 WARNING] Module Instance 'out_sm' input pin tied to constant (idx_gen[5]=0).
[EFX-0266 WARNING] Module Instance 'out_sm' input pin tied to constant (idx_gen[4]=0).
[EFX-0266 WARNING] Module Instance 'out_sm' input pin tied to constant (idx_gen[3]=0).
[EFX-0266 WARNING] Module Instance 'out_sm' input pin tied to constant (idx_gen[2]=0).
[EFX-0266 WARNING] Module Instance 'out_sm' input pin tied to constant (idx_gen[1]=0).
[EFX-0266 WARNING] Module Instance 'out_sm' input pin tied to constant (idx_gen[0]=1).
[EFX-0266 WARNING] Module Instance 'mdio' input pin tied to constant (b_req_data[31]=0).
[EFX-0266 WARNING] Module Instance 'mdio' input pin tied to constant (b_req_data[30]=0).
[EFX-0266 WARNING] Module Instance 'mdio' input pin tied to constant (b_req_data[29]=0).
[EFX-0201 WARNING] Re-wiring to GND non-driven net 'ram_udp_regidp.prod2.set_again'. (E:\Efinity\project\fnetriong\fakernet_module.vhd:134)
[EFX-0201 WARNING] Re-wiring to GND non-driven net 'ram_tcp_template.prod2.set_again'. (E:\Efinity\project\fnetriong\fakernet_module.vhd:136)
[EFX-0201 WARNING] Re-wiring to GND non-driven net 'ram_tcp_prep2[0].prod2.set_again'. (E:\Efinity\project\fnetriong\fakernet_module.vhd:137)
[EFX-0201 WARNING] Re-wiring to GND non-driven net 'ram_tcp_prep2[1].prod2.set_again'. (E:\Efinity\project\fnetriong\fakernet_module.vhd:137)
[EFX-0031 INFO] 'i4' instance is encountered with don't-care(1'bx) input, rewiring to GND. (E:\Efinity\project\fnetriong\fnetriong.vhd:104)
[EFX-0000 INFO] ... Pre-synthesis checks end (Real time : 1s)
[EFX-0000 INFO] ... NameSpace init begin
[EFX-0000 INFO] ... NameSpace init end (Real time : 0s)
[EFX-0000 INFO] ... Mapping design "fnetriong"
[EFX-0000 INFO] ... Hierarchical pre-synthesis "fnet_async_fifo(width=17)" begin
[EFX-0000 INFO] ... Hierarchical pre-synthesis "fnet_async_fifo(width=17)" end (Real time : 0s)
[EFX-0000 INFO] ... Hierarchical pre-synthesis "efnet_octet_to_word" begin
[EFX-0000 INFO] ... Hierarchical pre-synthesis "efnet_octet_to_word" end (Real time : 0s)
[EFX-0000 INFO] ... Hierarchical pre-synthesis "efb_uart_trace_mem(width=32,samples=512)" begin
[EFX-0000 INFO] ... Hierarchical pre-synthesis "efb_uart_trace_mem(width=32,samples=512)" end (Real time : 0s)
[EFX-0000 INFO] ... Hierarchical pre-synthesis "efb_uart_tx(15,0)" begin
[EFX-0000 INFO] ... Hierarchical pre-synthesis "efb_uart_tx(15,0)" end (Real time : 0s)
[EFX-0000 INFO] ... Hierarchical pre-synthesis "efnet_word_to_octet" begin
[EFX-0000 INFO] ... Hierarchical pre-synthesis "efnet_word_to_octet" end (Real time : 0s)
[EFX-0000 INFO] ... Hierarchical pre-synthesis "efnet_data_array_inject(0,0)(31,0)(0,0)(0,0)(9,0)(7,0)" begin
[EFX-0000 INFO] ... Hierarchical pre-synthesis "efnet_data_array_inject(0,0)(31,0)(0,0)(0,0)(9,0)(7,0)" end (Real time : 0s)
[EFX-0000 INFO] ... Hierarchical pre-synthesis "fnet_crc32" begin
[EFX-0000 INFO] ... Hierarchical pre-synthesis "fnet_crc32" end (Real time : 0s)
[EFX-0000 INFO] ... Hierarchical pre-synthesis "fnet_in_state" begin
[EFX-0000 INFO] ... Hierarchical pre-synthesis "fnet_in_state" end (Real time : 0s)
[EFX-0000 INFO] ... Hierarchical pre-synthesis "fnet_dyn_control" begin
[EFX-0000 INFO] ... Hierarchical pre-synthesis "fnet_dyn_control" end (Real time : 0s)
[EFX-0000 INFO] ... Hierarchical pre-synthesis "fnet_ntp_query_control" begin
[EFX-0000 INFO] ... Hierarchical pre-synthesis "fnet_ntp_query_control" end (Real time : 0s)
[EFX-0000 INFO] ... Hierarchical pre-synthesis "fnet_packet_gen" begin
[EFX-0000 INFO] ... Hierarchical pre-synthesis "fnet_packet_gen" end (Real time : 0s)
[EFX-0000 INFO] ... Hierarchical pre-synthesis "fnet_out_state" begin
[EFX-0000 INFO] ... Hierarchical pre-synthesis "fnet_out_state" end (Real time : 0s)
[EFX-0000 INFO] ... Hierarchical pre-synthesis "fnet_out_pipeline" begin
[EFX-0000 INFO] ... Hierarchical pre-synthesis "fnet_out_pipeline" end (Real time : 0s)
[EFX-0000 INFO] ... Hierarchical pre-synthesis "fnet_regaccess" begin
[EFX-0000 INFO] ... Hierarchical pre-synthesis "fnet_regaccess" end (Real time : 0s)
[EFX-0000 INFO] ... Hierarchical pre-synthesis "ram_block_a11d16" begin
[EFX-0000 INFO] ... Hierarchical pre-synthesis "ram_block_a11d16" end (Real time : 0s)
[EFX-0000 INFO] ... Hierarchical pre-synthesis "fnet_local_reg(test_regs=true,lcl_data_gen=true,limit_payload_window=true,debug_regs=true,debug_counters=true,compiletime=1)" begin
[EFX-0000 INFO] ... Hierarchical pre-synthesis "fnet_local_reg(test_regs=true,lcl_data_gen=true,limit_payload_window=true,debug_regs=true,debug_counters=true,compiletime=1)" end (Real time : 1s)
[EFX-0000 INFO] ... Hierarchical pre-synthesis "fnet_tcp_state(data_bufsize_addrbits=13)" begin
[EFX-0000 INFO] ... Hierarchical pre-synthesis "fnet_tcp_state(data_bufsize_addrbits=13)" end (Real time : 0s)
[EFX-0000 INFO] ... Hierarchical pre-synthesis "fnet_tcp_control(data_bufsize_addrbits=13)" begin
[EFX-0000 INFO] ... Hierarchical pre-synthesis "fnet_tcp_control(data_bufsize_addrbits=13)" end (Real time : 0s)
[EFX-0000 INFO] ... Hierarchical pre-synthesis "fnet_tcp_prepare(data_bufsize_addrbits=13)(12,0)(31,0)" begin
[EFX-0000 INFO] ... Hierarchical pre-synthesis "fnet_tcp_prepare(data_bufsize_addrbits=13)(12,0)(31,0)" end (Real time : 0s)
[EFX-0000 INFO] ... Hierarchical pre-synthesis "fnet_tcp_buffer(data_bufsize_addrbits=13)(9,0)(7,0)(7,0)(5,0)(12,0)(31,0)" begin
[EFX-0000 INFO] ... Hierarchical pre-synthesis "fnet_tcp_buffer(data_bufsize_addrbits=13)(9,0)(7,0)(7,0)(5,0)(12,0)(31,0)" end (Real time : 0s)
[EFX-0000 INFO] ... Hierarchical pre-synthesis "fnet_test_datagen(data_bufsize_addrbits=13)" begin
[EFX-0000 INFO] ... Hierarchical pre-synthesis "fnet_test_datagen(data_bufsize_addrbits=13)" end (Real time : 0s)
[EFX-0000 INFO] ... Hierarchical pre-synthesis "fnet_ram_block_data(addrbits=13)" begin
[EFX-0000 INFO] ... Hierarchical pre-synthesis "fnet_ram_block_data(addrbits=13)" end (Real time : 0s)
[EFX-0000 INFO] ... Hierarchical pre-synthesis "fnet_ram_block_stat" begin
[EFX-0000 INFO] ... Hierarchical pre-synthesis "fnet_ram_block_stat" end (Real time : 0s)
[EFX-0000 INFO] ... Hierarchical pre-synthesis "fnet_regacc_aux_stat" begin
[EFX-0000 INFO] ... Hierarchical pre-synthesis "fnet_regacc_aux_stat" end (Real time : 0s)
[EFX-0000 INFO] ... Hierarchical pre-synthesis "fnet_mdio" begin
[EFX-0000 INFO] ... Hierarchical pre-synthesis "fnet_mdio" end (Real time : 0s)
[EFX-0000 INFO] ... Hierarchical pre-synthesis "fakernet_module(data_bufsize_addrbits=13,compiletime=1)(9,0)(7,0)" begin
[EFX-0000 INFO] ... Hierarchical pre-synthesis "fakernet_module(data_bufsize_addrbits=13,compiletime=1)(9,0)(7,0)" end (Real time : 0s)
[EFX-0000 INFO] ... Hierarchical pre-synthesis "efb_common_top(clk_freq=125000000)(0,-1)(31,0)(0,-1)(0,-1)" begin
[EFX-0000 INFO] ... Hierarchical pre-synthesis "efb_common_top(clk_freq=125000000)(0,-1)(31,0)(0,-1)(0,-1)" end (Real time : 1s)
[EFX-0000 INFO] ... Hierarchical pre-synthesis "edb_top" begin
[EFX-0000 INFO] ... Hierarchical pre-synthesis "edb_top" end (Real time : 0s)
[EFX-0000 INFO] ... Hierarchical pre-synthesis "fnetriong" begin
[EFX-0000 INFO] ... Clock Enable Synthesis Performed on 692 flops.
[EFX-0000 INFO] ... Hierarchical pre-synthesis "fnetriong" end (Real time : 2s)
[EFX-0031 INFO] 't/fakernet/in_sm/i1765' instance is encountered with don't-care(1'bx) input, rewiring to GND. (E:\Efinity\project\fnetriong\fnet_in_state.vhd:2484)
[EFX-0201 WARNING] Re-wiring to GND non-driven net 't/fakernet/dp_ram_arp_icmp.port_a.o.rd'. (E:\Efinity\project\fnetriong\fakernet_module.vhd:144)
[EFX-0201 WARNING] Re-wiring to GND non-driven net 't/fakernet/dp_ram_udp_regacc.port_a.o.rd'. (E:\Efinity\project\fnetriong\fakernet_module.vhd:146)
[EFX-0201 WARNING] Re-wiring to GND non-driven net 't/fakernet/dp_ram_udp_regacc.port_b.o.wr'. (E:\Efinity\project\fnetriong\fakernet_module.vhd:146)
[EFX-0201 WARNING] Re-wiring to GND non-driven net 't/fakernet/dp_ram_udp_regidp.port_a.o.rd'. (E:\Efinity\project\fnetriong\fakernet_module.vhd:147)
[EFX-0201 WARNING] Re-wiring to GND non-driven net 't/fakernet/dp_ram_tcp_template.port_a.o.rd'. (E:\Efinity\project\fnetriong\fakernet_module.vhd:150)
[EFX-0201 WARNING] Re-wiring to GND non-driven net 't/fakernet/dp_ram_tcp_template.port_b.o.wr'. (E:\Efinity\project\fnetriong\fakernet_module.vhd:150)
[EFX-0000 INFO] ... Flat optimizations begin
[EFX-0656 WARNING] Optimizing into logic zero initialized read-only memory block 't/fakernet/dpdp_ram_pkt_gen/ram__D$b12'. (E:\Efinity\project\fnetriong\fnet_ram_block_a11d16.vhd:52)
[EFX-0656 WARNING] Optimizing into logic zero initialized read-only memory block 't/fakernet/dpdp_ram_pkt_gen/ram__D$12'. (E:\Efinity\project\fnetriong\fnet_ram_block_a11d16.vhd:52)
[EFX-0656 WARNING] Optimizing into logic zero initialized read-only memory block 't/fakernet/dpdp_ram_pkt_gen/ram__D$c1'. (E:\Efinity\project\fnetriong\fnet_ram_block_a11d16.vhd:52)
[EFX-0656 WARNING] Optimizing into logic zero initialized read-only memory block 't/fakernet/dpdp_ram_pkt_gen/ram__D$2'. (E:\Efinity\project\fnetriong\fnet_ram_block_a11d16.vhd:52)
[EFX-0000 INFO] ... Flat optimizations end (Real time : 0s)
[EFX-0000 INFO] ... Flat synthesis begin
[EFX-0000 INFO] ... Flat synthesis end (Real time : 0s)
[EFX-0000 INFO] ... Flat optimizations begin
[EFX-0000 INFO] ... Flat optimizations end (Real time : 0s)
[EFX-0000 INFO] ... Check and break combinational loops begin
[EFX-0000 INFO] ... Check and break combinational loops end (Real time : 0s)
[EFX-0000 INFO] ... Sequential Optimization begin
[EFX-0000 INFO] ... Clock Network clk with 3416 loads will be considered for sequential optimization.
[EFX-0000 INFO] ... Clock Network jtag_inst1_TCK with 417 loads will be considered for sequential optimization.
[EFX-0000 INFO] ... Clock Network eth_rx_clk with 45 loads will be considered for sequential optimization.
[EFX-0000 INFO] ... Sequential Optimization deduced 958 equivalent points.
[EFX-0000 INFO] ... Sequential Optimization end (Real time : 17s)
[EFX-0000 INFO] ... SOP modeling begin
[EFX-0000 INFO] ... SOP modeling end (Real time : 1s)
[EFX-0000 INFO] ... LUT mapping begin
[EFX-0000 INFO] ... LS, strategy: 3, nd: 4080, ed: 13162, lv: 8, pw: 11000.50
[EFX-0000 INFO] ... LUT mapping end (Real time : 14s)
[EFX-0000 INFO] ... Post-synthesis Verific netlist creation begin
[EFX-0000 INFO] ... Post-synthesis Verific netlist creation end (Real time : 0s)
[EFX-0000 INFO] ... Postmap Retiming Optimization begin
[EFX-0000 INFO] ... Clock Network n3 with 3071 loads will be considered for retiming optimization.
[EFX-0000 INFO] ... Clock Network n25 with 417 loads will be considered for retiming optimization.
[EFX-0000 INFO] ... Clock Network n13 with 45 loads will be considered for retiming optimization.
[EFX-0000 INFO] ... Performed 4 retime moves.
[EFX-0000 INFO] ... Postmap Retiming Optimization end (Real time : 0s)
[EFX-0000 INFO] ... Post-synthesis Verific netlist unification/params processing begin
[EFX-0000 INFO] ... Post-synthesis Verific netlist unification/params processing end (Real time : 1s)
[EFX-0000 INFO] Resource Summary 
[EFX-0000 INFO] =============================== 
[EFX-0000 INFO] EFX_ADD         : 	587
[EFX-0000 INFO] EFX_LUT4        : 	4654
[EFX-0000 INFO] EFX_FF          : 	3368
[EFX-0000 INFO] EFX_RAM_5K      : 	102
[EFX-0000 INFO] EFX_DPRAM_5K    : 	4
[EFX-0000 INFO] EFX_GBUFCE      : 	3
[EFX-0000 INFO] =============================== 

///////////////////////////////////
// Efinity Synthesis Started 
// Mar 13, 2023 13:59:41
///////////////////////////////////

[EFX-0012 VERI-INFO] default VHDL library search path is now "E:/Efinity/2022.2/sim_models/vhdl/packages/vhdl_2008" (VHDL-1504) 
[EFX-0012 VERI-INFO] undeclared symbol 'la_capture_mask', assumed default net type 'wire' (VERI-2561) (E:/Efinity/project/fnetriong/work_dbg/debug_top.v:4364)
[EFX-0012 VERI-INFO] undeclared symbol 'next_segment_pointer_eq', assumed default net type 'wire' (VERI-2561) (E:/Efinity/project/fnetriong/work_dbg/debug_top.v:4722)
[EFX-0012 VERI-INFO] undeclared symbol 'next_segment_msb_xor', assumed default net type 'wire' (VERI-2561) (E:/Efinity/project/fnetriong/work_dbg/debug_top.v:4723)
[EFX-0011 VERI-WARNING] port 'probe3' remains unconnected for this instance (VERI-1927) (E:/Efinity/project/fnetriong/work_dbg/debug_top.v:112)
[EFX-0012 VERI-INFO] compiling module 'edb_top' (VERI-1018) (E:/Efinity/project/fnetriong/work_dbg/debug_top.v:10)
[EFX-0012 VERI-INFO] compiling module 'edb_la_top_renamed_due_excessive_length_1' (VERI-1018) (E:/Efinity/project/fnetriong/work_dbg/debug_top.v:485)
[EFX-0011 VERI-WARNING] expression size 256 truncated to fit in target size 64 (VERI-1209) (E:/Efinity/project/fnetriong/work_dbg/debug_top.v:3581)
[EFX-0012 VERI-INFO] compiling module 'edb_adbg_crc32' (VERI-1018) (E:/Efinity/project/fnetriong/work_dbg/debug_top.v:186)
[EFX-0012 VERI-INFO] compiling module 'compare_unit(WIDTH=11'b01,PIPE=1)' (VERI-1018) (E:/Efinity/project/fnetriong/work_dbg/debug_top.v:5445)
[EFX-0012 VERI-INFO] compiling module 'compare_unit(WIDTH=11'b010000,PIPE=1)' (VERI-1018) (E:/Efinity/project/fnetriong/work_dbg/debug_top.v:5445)
[EFX-0012 VERI-INFO] compiling module 'trigger_unit(WIDTH=32'b011,PIPE=1)' (VERI-1018) (E:/Efinity/project/fnetriong/work_dbg/debug_top.v:5650)
[EFX-0012 VERI-INFO] compiling module 'la_biu(CAPTURE_WIDTH=32'b010010)' (VERI-1018) (E:/Efinity/project/fnetriong/work_dbg/debug_top.v:4799)
[EFX-0012 VERI-INFO] compiling module 'fifo_with_read(DATA_WIDTH=32'b010011)' (VERI-1018) (E:/Efinity/project/fnetriong/work_dbg/debug_top.v:4541)
[EFX-0012 VERI-INFO] compiling module 'fifo_address_trancode_unit' (VERI-1018) (E:/Efinity/project/fnetriong/work_dbg/debug_top.v:4491)
[EFX-0012 VERI-INFO] compiling module 'edb_simple_dual_port_ram(DATA_WIDTH=32'b010011,ADDR_WIDTH=10,RAM_INIT_FILE="")' (VERI-1018) (E:/Efinity/project/fnetriong/work_dbg/debug_top.v:395)
[EFX-0012 VERI-INFO] extracting RAM for identifier 'ram' (VERI-2571) (E:/Efinity/project/fnetriong/work_dbg/debug_top.v:410)
[EFX-0012 VERI-INFO] compiling module 'debug_hub' (VERI-1018) (E:/Efinity/project/fnetriong/work_dbg/debug_top.v:264)
[EFX-0011 VERI-WARNING] input port 'probe3[0]' remains unconnected for this instance (VDB-1053) (E:/Efinity/project/fnetriong/work_dbg/debug_top.v:89)
[EFX-0000 INFO] Setting Synthesis Option: mode=speed
[EFX-0012 VERI-INFO] compiling module 'EFX_ADD' (VERI-1018) (E:/Efinity/2022.2/sim_models/maplib/efinix_maplib.v:6)
[EFX-0012 VERI-INFO] compiling module 'EFX_FF' (VERI-1018) (E:/Efinity/2022.2/sim_models/maplib/efinix_maplib.v:19)
[EFX-0012 VERI-INFO] compiling module 'EFX_COMB4' (VERI-1018) (E:/Efinity/2022.2/sim_models/maplib/efinix_maplib.v:36)
[EFX-0012 VERI-INFO] compiling module 'EFX_GBUFCE' (VERI-1018) (E:/Efinity/2022.2/sim_models/maplib/efinix_maplib.v:46)
[EFX-0012 VERI-INFO] compiling module 'EFX_IDDR' (VERI-1018) (E:/Efinity/2022.2/sim_models/maplib/efinix_maplib.v:55)
[EFX-0012 VERI-INFO] compiling module 'EFX_ODDR' (VERI-1018) (E:/Efinity/2022.2/sim_models/maplib/efinix_maplib.v:69)
[EFX-0012 VERI-INFO] compiling module 'EFX_IOBUF' (VERI-1018) (E:/Efinity/2022.2/sim_models/maplib/efinix_maplib.v:85)
[EFX-0012 VERI-INFO] compiling module 'EFX_LUT4' (VERI-1018) (E:/Efinity/2022.2/sim_models/maplib/efinix_maplib.v:97)
[EFX-0012 VERI-INFO] compiling module 'EFX_MULT' (VERI-1018) (E:/Efinity/2022.2/sim_models/maplib/efinix_maplib.v:105)
[EFX-0012 VERI-INFO] compiling module 'EFX_DSP48' (VERI-1018) (E:/Efinity/2022.2/sim_models/maplib/efinix_maplib.v:140)
[EFX-0012 VERI-INFO] compiling module 'EFX_DSP24' (VERI-1018) (E:/Efinity/2022.2/sim_models/maplib/efinix_maplib.v:196)
[EFX-0012 VERI-INFO] compiling module 'EFX_DSP12' (VERI-1018) (E:/Efinity/2022.2/sim_models/maplib/efinix_maplib.v:249)
[EFX-0012 VERI-INFO] compiling module 'EFX_RAM_4K' (VERI-1018) (E:/Efinity/2022.2/sim_models/maplib/efinix_maplib.v:302)
[EFX-0012 VERI-INFO] compiling module 'EFX_RAM_5K' (VERI-1018) (E:/Efinity/2022.2/sim_models/maplib/efinix_maplib.v:362)
[EFX-0012 VERI-INFO] compiling module 'EFX_DPRAM_5K' (VERI-1018) (E:/Efinity/2022.2/sim_models/maplib/efinix_maplib.v:434)
[EFX-0012 VERI-INFO] compiling module 'RAMB5' (VERI-1018) (E:/Efinity/2022.2/sim_models/maplib/efinix_maplib.v:539)
[EFX-0012 VERI-INFO] compiling module 'EFX_RAM_10K' (VERI-1018) (E:/Efinity/2022.2/sim_models/maplib/efinix_maplib.v:601)
[EFX-0012 VERI-INFO] compiling module 'EFX_RAM10' (VERI-1018) (E:/Efinity/2022.2/sim_models/maplib/efinix_maplib.v:693)
[EFX-0012 VERI-INFO] compiling module 'EFX_DPRAM10' (VERI-1018) (E:/Efinity/2022.2/sim_models/maplib/efinix_maplib.v:794)
[EFX-0012 VERI-INFO] compiling module 'EFX_SRL8' (VERI-1018) (E:/Efinity/2022.2/sim_models/maplib/efinix_maplib.v:924)
[EFX-0000 INFO] ... Pre-synthesis checks begin
[EFX-0200 WARNING] Removing redundant signal : compared_in[0]. (E:/Efinity/project/fnetriong/work_dbg/debug_top.v:5451)
[EFX-0200 WARNING] Removing redundant signal : mask_in[0]. (E:/Efinity/project/fnetriong/work_dbg/debug_top.v:5452)
[EFX-0200 WARNING] Removing redundant signal : trigger_in. (E:/Efinity/project/fnetriong/work_dbg/debug_top.v:5662)
[EFX-0677 INFO] Zero initialization of uninitialized memory block 'ram'. (E:/Efinity/project/fnetriong/work_dbg/debug_top.v:410)
[EFX-0200 WARNING] Removing redundant signal : din[18]. (E:/Efinity/project/fnetriong/work_dbg/debug_top.v:4554)
[EFX-0200 WARNING] Removing redundant signal : trig_out. (E:/Efinity/project/fnetriong/work_dbg/debug_top.v:4833)
[EFX-0200 WARNING] Removing redundant signal : trig_out_ack. (E:/Efinity/project/fnetriong/work_dbg/debug_top.v:4834)
[EFX-0200 WARNING] Removing redundant signal : bscan_DRCK. (E:/Efinity/project/fnetriong/work_dbg/debug_top.v:1018)
[EFX-0200 WARNING] Removing redundant signal : bscan_RUNTEST. (E:/Efinity/project/fnetriong/work_dbg/debug_top.v:1020)
[EFX-0200 WARNING] Removing redundant signal : bscan_SEL. (E:/Efinity/project/fnetriong/work_dbg/debug_top.v:1021)
[EFX-0200 WARNING] Removing redundant signal : bscan_TMS. (E:/Efinity/project/fnetriong/work_dbg/debug_top.v:1025)
[EFX-0200 WARNING] Removing redundant signal : trig_in_ack. (E:/Efinity/project/fnetriong/work_dbg/debug_top.v:1036)
[EFX-0200 WARNING] Removing redundant signal : mux_capture_cmp[2]. (E:/Efinity/project/fnetriong/work_dbg/debug_top.v:3442)
[EFX-0200 WARNING] Removing redundant signal : mux_capture_cmp[1]. (E:/Efinity/project/fnetriong/work_dbg/debug_top.v:3442)
[EFX-0200 WARNING] Removing redundant signal : mux_capture_cmp[0]. (E:/Efinity/project/fnetriong/work_dbg/debug_top.v:3442)
[EFX-0200 WARNING] Removing redundant signal : bscan_CAPTURE. (E:/Efinity/project/fnetriong/work_dbg/debug_top.v:269)
[EFX-0200 WARNING] Removing redundant signal : bscan_DRCK. (E:/Efinity/project/fnetriong/work_dbg/debug_top.v:270)
[EFX-0200 WARNING] Removing redundant signal : bscan_RUNTEST. (E:/Efinity/project/fnetriong/work_dbg/debug_top.v:272)
[EFX-0200 WARNING] Removing redundant signal : bscan_TMS. (E:/Efinity/project/fnetriong/work_dbg/debug_top.v:277)
[EFX-0266 WARNING] Module Instance 'la0' input pin tied to constant (trig_in=0).
[EFX-0266 WARNING] Module Instance 'la0' input pin tied to constant (trig_out_ack=0).
[EFX-0201 WARNING] Re-wiring to GND non-driven net 'la0.probe3[0]'. (E:/Efinity/project/fnetriong/work_dbg/debug_top.v:89)
[EFX-0201 WARNING] Re-wiring to GND non-driven net 'la0.probe4[0]'. (E:/Efinity/project/fnetriong/work_dbg/debug_top.v:89)
[EFX-0201 WARNING] Re-wiring to GND non-driven net 'la0.probe5[0]'. (E:/Efinity/project/fnetriong/work_dbg/debug_top.v:89)
[EFX-0201 WARNING] Re-wiring to GND non-driven net 'la0.probe6[0]'. (E:/Efinity/project/fnetriong/work_dbg/debug_top.v:89)
[EFX-0201 WARNING] Re-wiring to GND non-driven net 'la0.probe7[0]'. (E:/Efinity/project/fnetriong/work_dbg/debug_top.v:89)
[EFX-0201 WARNING] Re-wiring to GND non-driven net 'la0.probe8[0]'. (E:/Efinity/project/fnetriong/work_dbg/debug_top.v:89)
[EFX-0201 WARNING] Re-wiring to GND non-driven net 'la0.probe9[0]'. (E:/Efinity/project/fnetriong/work_dbg/debug_top.v:89)
[EFX-0201 WARNING] Re-wiring to GND non-driven net 'la0.probe10[0]'. (E:/Efinity/project/fnetriong/work_dbg/debug_top.v:89)
[EFX-0201 WARNING] Re-wiring to GND non-driven net 'la0.probe11[0]'. (E:/Efinity/project/fnetriong/work_dbg/debug_top.v:89)
[EFX-0201 WARNING] Re-wiring to GND non-driven net 'la0.probe12[0]'. (E:/Efinity/project/fnetriong/work_dbg/debug_top.v:89)
[EFX-0000 INFO] ... Pre-synthesis checks end (Real time : 0s)
[EFX-0000 INFO] ... NameSpace init begin
[EFX-0000 INFO] ... NameSpace init end (Real time : 0s)
[EFX-0000 INFO] ... Mapping design "edb_top"
[EFX-0000 INFO] ... Hierarchical pre-synthesis "edb_adbg_crc32" begin
[EFX-0000 INFO] ... Hierarchical pre-synthesis "edb_adbg_crc32" end (Real time : 0s)
[EFX-0000 INFO] ... Hierarchical pre-synthesis "compare_unit(WIDTH=11'b01,PIPE=1)" begin
[EFX-0000 INFO] ... Hierarchical pre-synthesis "compare_unit(WIDTH=11'b01,PIPE=1)" end (Real time : 0s)
[EFX-0000 INFO] ... Hierarchical pre-synthesis "compare_unit(WIDTH=11'b010000,PIPE=1)" begin
[EFX-0000 INFO] ... Hierarchical pre-synthesis "compare_unit(WIDTH=11'b010000,PIPE=1)" end (Real time : 0s)
[EFX-0000 INFO] ... Hierarchical pre-synthesis "trigger_unit(WIDTH=32'b011,PIPE=1)" begin
[EFX-0000 INFO] ... Hierarchical pre-synthesis "trigger_unit(WIDTH=32'b011,PIPE=1)" end (Real time : 0s)
[EFX-0000 INFO] ... Hierarchical pre-synthesis "fifo_address_trancode_unit" begin
[EFX-0000 INFO] ... Hierarchical pre-synthesis "fifo_address_trancode_unit" end (Real time : 0s)
[EFX-0000 INFO] ... Hierarchical pre-synthesis "edb_simple_dual_port_ram(DATA_WIDTH=32'b010011,ADDR_WIDTH=10,RAM_INIT_FILE="")" begin
[EFX-0000 INFO] ... Hierarchical pre-synthesis "edb_simple_dual_port_ram(DATA_WIDTH=32'b010011,ADDR_WIDTH=10,RAM_INIT_FILE="")" end (Real time : 0s)
[EFX-0000 INFO] ... Hierarchical pre-synthesis "fifo_with_read(DATA_WIDTH=32'b010011)" begin
[EFX-0000 INFO] ... Hierarchical pre-synthesis "fifo_with_read(DATA_WIDTH=32'b010011)" end (Real time : 0s)
[EFX-0000 INFO] ... Hierarchical pre-synthesis "la_biu(CAPTURE_WIDTH=32'b010010)" begin
[EFX-0000 INFO] ... Hierarchical pre-synthesis "la_biu(CAPTURE_WIDTH=32'b010010)" end (Real time : 0s)
[EFX-0000 INFO] ... Hierarchical pre-synthesis "edb_la_top_renamed_due_excessive_length_1" begin
[EFX-0000 INFO] ... Hierarchical pre-synthesis "edb_la_top_renamed_due_excessive_length_1" end (Real time : 0s)
[EFX-0000 INFO] ... Hierarchical pre-synthesis "debug_hub" begin
[EFX-0000 INFO] ... Hierarchical pre-synthesis "debug_hub" end (Real time : 0s)
[EFX-0000 INFO] ... Hierarchical pre-synthesis "edb_top" begin
[EFX-0000 INFO] ... Clock Enable Synthesis Performed on 130 flops.
[EFX-0000 INFO] ... Hierarchical pre-synthesis "edb_top" end (Real time : 0s)
[EFX-0000 INFO] ... Flat optimizations begin
[EFX-0000 INFO] ... Flat optimizations end (Real time : 0s)
[EFX-0000 INFO] ... Flat synthesis begin
[EFX-0000 INFO] ... Flat synthesis end (Real time : 0s)
[EFX-0000 INFO] ... Flat optimizations begin
[EFX-0000 INFO] ... Flat optimizations end (Real time : 0s)
[EFX-0000 INFO] ... Check and break combinational loops begin
[EFX-0000 INFO] ... Check and break combinational loops end (Real time : 0s)
[EFX-0000 INFO] ... Sequential Optimization begin
[EFX-0000 INFO] ... Clock Network bscan_TCK with 424 loads will be considered for sequential optimization.
[EFX-0000 INFO] ... Clock Network la0_clk with 262 loads will be considered for sequential optimization.
[EFX-0000 INFO] ... Sequential Optimization deduced 279 equivalent points.
[EFX-0000 INFO] ... Sequential Optimization end (Real time : 11s)
[EFX-0000 INFO] ... SOP modeling begin
[EFX-0000 INFO] ... SOP modeling end (Real time : 0s)
[EFX-0000 INFO] ... LUT mapping begin
[EFX-0000 INFO] ... LS, strategy: 3, nd: 721, ed: 2353, lv: 7, pw: 1476.27
[EFX-0000 INFO] ... LUT mapping end (Real time : 3s)
[EFX-0000 INFO] ... Post-synthesis Verific netlist creation begin
[EFX-0000 INFO] ... Post-synthesis Verific netlist creation end (Real time : 0s)
[EFX-0000 INFO] ... Postmap Retiming Optimization begin
[EFX-0000 INFO] ... Clock Network n9 with 424 loads will be considered for retiming optimization.
[EFX-0000 INFO] ... Clock Network n13 with 262 loads will be considered for retiming optimization.
[EFX-0000 INFO] ... Performed 0 retime moves.
[EFX-0000 INFO] ... Postmap Retiming Optimization end (Real time : 0s)
[EFX-0000 INFO] ... Post-synthesis Verific netlist unification/params processing begin
[EFX-0000 INFO] ... Post-synthesis Verific netlist unification/params processing end (Real time : 0s)
[EFX-0011 VERI-WARNING] Input/Inout Port bscan_DRCK is unconnected and will be removed 
[EFX-0011 VERI-WARNING] Input/Inout Port bscan_RUNTEST is unconnected and will be removed 
[EFX-0011 VERI-WARNING] Input/Inout Port bscan_TMS is unconnected and will be removed 
[EFX-0012 VERI-INFO] Found 3 warnings in the post-synthesis netlist. 
[EFX-0000 INFO] Resource Summary 
[EFX-0000 INFO] =============================== 
[EFX-0000 INFO] EFX_ADD         : 	90
[EFX-0000 INFO] EFX_LUT4        : 	707
[EFX-0000 INFO] EFX_FF          : 	666
[EFX-0000 INFO] EFX_RAM_5K      : 	5
[EFX-0000 INFO] EFX_GBUFCE      : 	2
[EFX-0000 INFO] =============================== 

///////////////////////////////////
// Efinity Synthesis Started 
// Mar 13, 2023 14:00:00
///////////////////////////////////

[EFX-0000 INFO] Setting Synthesis Option: mode=speed
[EFX-0000 INFO] ... Pre-synthesis checks begin
[EFX-0266 WARNING] Module Instance 'fifo' input pin tied to constant (out_want_b=1).
[EFX-0200 WARNING] Removing redundant signal : start_found. (E:\Efinity\project\fnetriong\efnet_octet_to_word.vhd:60)
[EFX-0200 WARNING] Removing redundant signal : packet_start. (E:\Efinity\project\fnetriong\efnet_octet_to_word.vhd:62)
[EFX-0200 WARNING] Removing redundant signal : packet_end. (E:\Efinity\project\fnetriong\efnet_octet_to_word.vhd:63)
[EFX-0200 WARNING] Removing redundant signal : word[15]. (E:\Efinity\project\fnetriong\efnet_octet_to_word.vhd:65)
[EFX-0200 WARNING] Removing redundant signal : word[14]. (E:\Efinity\project\fnetriong\efnet_octet_to_word.vhd:65)
[EFX-0200 WARNING] Removing redundant signal : word[13]. (E:\Efinity\project\fnetriong\efnet_octet_to_word.vhd:65)
[EFX-0200 WARNING] Removing redundant signal : word[12]. (E:\Efinity\project\fnetriong\efnet_octet_to_word.vhd:65)
[EFX-0200 WARNING] Removing redundant signal : word[11]. (E:\Efinity\project\fnetriong\efnet_octet_to_word.vhd:65)
[EFX-0200 WARNING] Removing redundant signal : word[10]. (E:\Efinity\project\fnetriong\efnet_octet_to_word.vhd:65)
[EFX-0200 WARNING] Removing redundant signal : word[9]. (E:\Efinity\project\fnetriong\efnet_octet_to_word.vhd:65)
[EFX-0200 WARNING] Removing redundant signal : word[8]. (E:\Efinity\project\fnetriong\efnet_octet_to_word.vhd:65)
[EFX-0200 WARNING] Removing redundant signal : word[7]. (E:\Efinity\project\fnetriong\efnet_octet_to_word.vhd:65)
[EFX-0200 WARNING] Removing redundant signal : word[6]. (E:\Efinity\project\fnetriong\efnet_octet_to_word.vhd:65)
[EFX-0200 WARNING] Removing redundant signal : word[5]. (E:\Efinity\project\fnetriong\efnet_octet_to_word.vhd:65)
[EFX-0200 WARNING] Removing redundant signal : word[4]. (E:\Efinity\project\fnetriong\efnet_octet_to_word.vhd:65)
[EFX-0200 WARNING] Removing redundant signal : word[3]. (E:\Efinity\project\fnetriong\efnet_octet_to_word.vhd:65)
[EFX-0200 WARNING] Removing redundant signal : word[2]. (E:\Efinity\project\fnetriong\efnet_octet_to_word.vhd:65)
[EFX-0200 WARNING] Removing redundant signal : word[1]. (E:\Efinity\project\fnetriong\efnet_octet_to_word.vhd:65)
[EFX-0200 WARNING] Removing redundant signal : word[0]. (E:\Efinity\project\fnetriong\efnet_octet_to_word.vhd:65)
[EFX-0200 WARNING] Removing redundant signal : octet_counter[0]. (E:\Efinity\project\fnetriong\efnet_octet_to_word.vhd:66)
[EFX-0266 WARNING] Module Instance 'out_sm' input pin tied to constant (idx_tcp_prep[0][31]=0).
[EFX-0266 WARNING] Module Instance 'out_sm' input pin tied to constant (idx_tcp_prep[0][30]=0).
[EFX-0266 WARNING] Module Instance 'out_sm' input pin tied to constant (idx_tcp_prep[0][29]=0).
[EFX-0266 WARNING] Module Instance 'out_sm' input pin tied to constant (idx_tcp_prep[0][28]=0).
[EFX-0266 WARNING] Module Instance 'out_sm' input pin tied to constant (idx_tcp_prep[0][27]=0).
[EFX-0266 WARNING] Module Instance 'out_sm' input pin tied to constant (idx_tcp_prep[0][26]=0).
[EFX-0266 WARNING] Module Instance 'out_sm' input pin tied to constant (idx_tcp_prep[0][25]=0).
[EFX-0266 WARNING] Module Instance 'out_sm' input pin tied to constant (idx_tcp_prep[0][24]=0).
[EFX-0266 WARNING] Module Instance 'out_sm' input pin tied to constant (idx_tcp_prep[0][23]=0).
[EFX-0266 WARNING] Module Instance 'out_sm' input pin tied to constant (idx_tcp_prep[0][22]=0).
[EFX-0266 WARNING] Module Instance 'out_sm' input pin tied to constant (idx_tcp_prep[0][21]=0).
[EFX-0266 WARNING] Module Instance 'out_sm' input pin tied to constant (idx_tcp_prep[0][20]=0).
[EFX-0266 WARNING] Module Instance 'out_sm' input pin tied to constant (idx_tcp_prep[0][19]=0).
[EFX-0266 WARNING] Module Instance 'out_sm' input pin tied to constant (idx_tcp_prep[0][18]=0).
[EFX-0266 WARNING] Module Instance 'out_sm' input pin tied to constant (idx_tcp_prep[0][17]=0).
[EFX-0266 WARNING] Module Instance 'out_sm' input pin tied to constant (idx_tcp_prep[0][16]=0).
[EFX-0266 WARNING] Module Instance 'out_sm' input pin tied to constant (idx_tcp_prep[0][15]=0).
[EFX-0266 WARNING] Module Instance 'out_sm' input pin tied to constant (idx_tcp_prep[0][14]=0).
[EFX-0266 WARNING] Module Instance 'out_sm' input pin tied to constant (idx_tcp_prep[0][13]=0).
[EFX-0266 WARNING] Module Instance 'out_sm' input pin tied to constant (idx_tcp_prep[0][12]=0).
[EFX-0266 WARNING] Module Instance 'out_sm' input pin tied to constant (idx_tcp_prep[0][11]=0).
[EFX-0266 WARNING] Module Instance 'out_sm' input pin tied to constant (idx_tcp_prep[0][10]=0).
[EFX-0266 WARNING] Module Instance 'out_sm' input pin tied to constant (idx_tcp_prep[0][9]=0).
[EFX-0266 WARNING] Module Instance 'out_sm' input pin tied to constant (idx_tcp_prep[0][8]=0).
[EFX-0266 WARNING] Module Instance 'out_sm' input pin tied to constant (idx_tcp_prep[0][7]=0).
[EFX-0266 WARNING] Module Instance 'out_sm' input pin tied to constant (idx_tcp_prep[0][6]=0).
[EFX-0266 WARNING] Module Instance 'out_sm' input pin tied to constant (idx_tcp_prep[0][5]=0).
[EFX-0266 WARNING] Module Instance 'out_sm' input pin tied to constant (idx_tcp_prep[0][4]=0).
[EFX-0266 WARNING] Module Instance 'out_sm' input pin tied to constant (idx_tcp_prep[0][3]=0).
[EFX-0266 WARNING] Module Instance 'out_sm' input pin tied to constant (idx_tcp_prep[0][2]=1).
[EFX-0266 WARNING] Module Instance 'out_sm' input pin tied to constant (idx_tcp_prep[0][1]=0).
[EFX-0266 WARNING] Module Instance 'out_sm' input pin tied to constant (idx_tcp_prep[0][0]=1).
[EFX-0266 WARNING] Module Instance 'out_sm' input pin tied to constant (idx_tcp_prep[1][31]=0).
[EFX-0266 WARNING] Module Instance 'out_sm' input pin tied to constant (idx_tcp_prep[1][30]=0).
[EFX-0266 WARNING] Module Instance 'out_sm' input pin tied to constant (idx_tcp_prep[1][29]=0).
[EFX-0266 WARNING] Module Instance 'out_sm' input pin tied to constant (idx_tcp_prep[1][28]=0).
[EFX-0266 WARNING] Module Instance 'out_sm' input pin tied to constant (idx_tcp_prep[1][27]=0).
[EFX-0266 WARNING] Module Instance 'out_sm' input pin tied to constant (idx_tcp_prep[1][26]=0).
[EFX-0266 WARNING] Module Instance 'out_sm' input pin tied to constant (idx_tcp_prep[1][25]=0).
[EFX-0266 WARNING] Module Instance 'out_sm' input pin tied to constant (idx_tcp_prep[1][24]=0).
[EFX-0266 WARNING] Module Instance 'out_sm' input pin tied to constant (idx_tcp_prep[1][23]=0).
[EFX-0266 WARNING] Module Instance 'out_sm' input pin tied to constant (idx_tcp_prep[1][22]=0).
[EFX-0266 WARNING] Module Instance 'out_sm' input pin tied to constant (idx_tcp_prep[1][21]=0).
[EFX-0266 WARNING] Module Instance 'out_sm' input pin tied to constant (idx_tcp_prep[1][20]=0).
[EFX-0266 WARNING] Module Instance 'out_sm' input pin tied to constant (idx_tcp_prep[1][19]=0).
[EFX-0266 WARNING] Module Instance 'out_sm' input pin tied to constant (idx_tcp_prep[1][18]=0).
[EFX-0266 WARNING] Module Instance 'out_sm' input pin tied to constant (idx_tcp_prep[1][17]=0).
[EFX-0266 WARNING] Module Instance 'out_sm' input pin tied to constant (idx_tcp_prep[1][16]=0).
[EFX-0266 WARNING] Module Instance 'out_sm' input pin tied to constant (idx_tcp_prep[1][15]=0).
[EFX-0266 WARNING] Module Instance 'out_sm' input pin tied to constant (idx_tcp_prep[1][14]=0).
[EFX-0266 WARNING] Module Instance 'out_sm' input pin tied to constant (idx_tcp_prep[1][13]=0).
[EFX-0266 WARNING] Module Instance 'out_sm' input pin tied to constant (idx_tcp_prep[1][12]=0).
[EFX-0266 WARNING] Module Instance 'out_sm' input pin tied to constant (idx_tcp_prep[1][11]=0).
[EFX-0266 WARNING] Module Instance 'out_sm' input pin tied to constant (idx_tcp_prep[1][10]=0).
[EFX-0266 WARNING] Module Instance 'out_sm' input pin tied to constant (idx_tcp_prep[1][9]=0).
[EFX-0266 WARNING] Module Instance 'out_sm' input pin tied to constant (idx_tcp_prep[1][8]=0).
[EFX-0266 WARNING] Module Instance 'out_sm' input pin tied to constant (idx_tcp_prep[1][7]=0).
[EFX-0266 WARNING] Module Instance 'out_sm' input pin tied to constant (idx_tcp_prep[1][6]=0).
[EFX-0266 WARNING] Module Instance 'out_sm' input pin tied to constant (idx_tcp_prep[1][5]=0).
[EFX-0266 WARNING] Module Instance 'out_sm' input pin tied to constant (idx_tcp_prep[1][4]=0).
[EFX-0266 WARNING] Module Instance 'out_sm' input pin tied to constant (idx_tcp_prep[1][3]=0).
[EFX-0266 WARNING] Module Instance 'out_sm' input pin tied to constant (idx_tcp_prep[1][2]=1).
[EFX-0266 WARNING] Module Instance 'out_sm' input pin tied to constant (idx_tcp_prep[1][1]=1).
[EFX-0266 WARNING] Module Instance 'out_sm' input pin tied to constant (idx_tcp_prep[1][0]=0).
[EFX-0266 WARNING] Module Instance 'out_sm' input pin tied to constant (idx_gen[31]=0).
[EFX-0266 WARNING] Module Instance 'out_sm' input pin tied to constant (idx_gen[30]=0).
[EFX-0266 WARNING] Module Instance 'out_sm' input pin tied to constant (idx_gen[29]=0).
[EFX-0266 WARNING] Module Instance 'out_sm' input pin tied to constant (idx_gen[28]=0).
[EFX-0266 WARNING] Module Instance 'out_sm' input pin tied to constant (idx_gen[27]=0).
[EFX-0266 WARNING] Module Instance 'out_sm' input pin tied to constant (idx_gen[26]=0).
[EFX-0266 WARNING] Module Instance 'out_sm' input pin tied to constant (idx_gen[25]=0).
[EFX-0266 WARNING] Module Instance 'out_sm' input pin tied to constant (idx_gen[24]=0).
[EFX-0266 WARNING] Module Instance 'out_sm' input pin tied to constant (idx_gen[23]=0).
[EFX-0266 WARNING] Module Instance 'out_sm' input pin tied to constant (idx_gen[22]=0).
[EFX-0266 WARNING] Module Instance 'out_sm' input pin tied to constant (idx_gen[21]=0).
[EFX-0266 WARNING] Module Instance 'out_sm' input pin tied to constant (idx_gen[20]=0).
[EFX-0266 WARNING] Module Instance 'out_sm' input pin tied to constant (idx_gen[19]=0).
[EFX-0266 WARNING] Module Instance 'out_sm' input pin tied to constant (idx_gen[18]=0).
[EFX-0266 WARNING] Module Instance 'out_sm' input pin tied to constant (idx_gen[17]=0).
[EFX-0266 WARNING] Module Instance 'out_sm' input pin tied to constant (idx_gen[16]=0).
[EFX-0266 WARNING] Module Instance 'out_sm' input pin tied to constant (idx_gen[15]=0).
[EFX-0266 WARNING] Module Instance 'out_sm' input pin tied to constant (idx_gen[14]=0).
[EFX-0266 WARNING] Module Instance 'out_sm' input pin tied to constant (idx_gen[13]=0).
[EFX-0266 WARNING] Module Instance 'out_sm' input pin tied to constant (idx_gen[12]=0).
[EFX-0266 WARNING] Module Instance 'out_sm' input pin tied to constant (idx_gen[11]=0).
[EFX-0266 WARNING] Module Instance 'out_sm' input pin tied to constant (idx_gen[10]=0).
[EFX-0266 WARNING] Module Instance 'out_sm' input pin tied to constant (idx_gen[9]=0).
[EFX-0266 WARNING] Module Instance 'out_sm' input pin tied to constant (idx_gen[8]=0).
[EFX-0266 WARNING] Module Instance 'out_sm' input pin tied to constant (idx_gen[7]=0).
[EFX-0266 WARNING] Module Instance 'out_sm' input pin tied to constant (idx_gen[6]=0).
[EFX-0266 WARNING] Module Instance 'out_sm' input pin tied to constant (idx_gen[5]=0).
[EFX-0266 WARNING] Module Instance 'out_sm' input pin tied to constant (idx_gen[4]=0).
[EFX-0266 WARNING] Module Instance 'out_sm' input pin tied to constant (idx_gen[3]=0).
[EFX-0266 WARNING] Module Instance 'out_sm' input pin tied to constant (idx_gen[2]=0).
[EFX-0266 WARNING] Module Instance 'out_sm' input pin tied to constant (idx_gen[1]=0).
[EFX-0266 WARNING] Module Instance 'out_sm' input pin tied to constant (idx_gen[0]=1).
[EFX-0266 WARNING] Module Instance 'mdio' input pin tied to constant (b_req_data[31]=0).
[EFX-0266 WARNING] Module Instance 'mdio' input pin tied to constant (b_req_data[30]=0).
[EFX-0266 WARNING] Module Instance 'mdio' input pin tied to constant (b_req_data[29]=0).
[EFX-0201 WARNING] Re-wiring to GND non-driven net 'ram_udp_regidp.prod2.set_again'. (E:\Efinity\project\fnetriong\fakernet_module.vhd:134)
[EFX-0201 WARNING] Re-wiring to GND non-driven net 'ram_tcp_template.prod2.set_again'. (E:\Efinity\project\fnetriong\fakernet_module.vhd:136)
[EFX-0201 WARNING] Re-wiring to GND non-driven net 'ram_tcp_prep2[0].prod2.set_again'. (E:\Efinity\project\fnetriong\fakernet_module.vhd:137)
[EFX-0201 WARNING] Re-wiring to GND non-driven net 'ram_tcp_prep2[1].prod2.set_again'. (E:\Efinity\project\fnetriong\fakernet_module.vhd:137)
[EFX-0031 INFO] 'i4' instance is encountered with don't-care(1'bx) input, rewiring to GND. (E:\Efinity\project\fnetriong\fnetriong.vhd:104)
[EFX-0000 INFO] ... Pre-synthesis checks end (Real time : 0s)
[EFX-0000 INFO] ... NameSpace init begin
[EFX-0000 INFO] ... NameSpace init end (Real time : 0s)
[EFX-0000 INFO] ... Mapping design "fnetriong"
[EFX-0000 INFO] ... Hierarchical pre-synthesis "fnet_async_fifo(width=17)" begin
[EFX-0000 INFO] ... Hierarchical pre-synthesis "fnet_async_fifo(width=17)" end (Real time : 0s)
[EFX-0000 INFO] ... Hierarchical pre-synthesis "efnet_octet_to_word" begin
[EFX-0000 INFO] ... Hierarchical pre-synthesis "efnet_octet_to_word" end (Real time : 0s)
[EFX-0000 INFO] ... Hierarchical pre-synthesis "efb_uart_trace_mem(width=32,samples=512)" begin
[EFX-0000 INFO] ... Hierarchical pre-synthesis "efb_uart_trace_mem(width=32,samples=512)" end (Real time : 0s)
[EFX-0000 INFO] ... Hierarchical pre-synthesis "efb_uart_tx(15,0)" begin
[EFX-0000 INFO] ... Hierarchical pre-synthesis "efb_uart_tx(15,0)" end (Real time : 0s)
[EFX-0000 INFO] ... Hierarchical pre-synthesis "efnet_word_to_octet" begin
[EFX-0000 INFO] ... Hierarchical pre-synthesis "efnet_word_to_octet" end (Real time : 0s)
[EFX-0000 INFO] ... Hierarchical pre-synthesis "efnet_data_array_inject(0,0)(31,0)(0,0)(0,0)(9,0)(7,0)" begin
[EFX-0000 INFO] ... Hierarchical pre-synthesis "efnet_data_array_inject(0,0)(31,0)(0,0)(0,0)(9,0)(7,0)" end (Real time : 0s)
[EFX-0000 INFO] ... Hierarchical pre-synthesis "fnet_crc32" begin
[EFX-0000 INFO] ... Hierarchical pre-synthesis "fnet_crc32" end (Real time : 0s)
[EFX-0000 INFO] ... Hierarchical pre-synthesis "fnet_in_state" begin
[EFX-0000 INFO] ... Hierarchical pre-synthesis "fnet_in_state" end (Real time : 0s)
[EFX-0000 INFO] ... Hierarchical pre-synthesis "fnet_dyn_control" begin
[EFX-0000 INFO] ... Hierarchical pre-synthesis "fnet_dyn_control" end (Real time : 0s)
[EFX-0000 INFO] ... Hierarchical pre-synthesis "fnet_ntp_query_control" begin
[EFX-0000 INFO] ... Hierarchical pre-synthesis "fnet_ntp_query_control" end (Real time : 0s)
[EFX-0000 INFO] ... Hierarchical pre-synthesis "fnet_packet_gen" begin
[EFX-0000 INFO] ... Hierarchical pre-synthesis "fnet_packet_gen" end (Real time : 0s)
[EFX-0000 INFO] ... Hierarchical pre-synthesis "fnet_out_state" begin
[EFX-0000 INFO] ... Hierarchical pre-synthesis "fnet_out_state" end (Real time : 1s)
[EFX-0000 INFO] ... Hierarchical pre-synthesis "fnet_out_pipeline" begin
[EFX-0000 INFO] ... Hierarchical pre-synthesis "fnet_out_pipeline" end (Real time : 0s)
[EFX-0000 INFO] ... Hierarchical pre-synthesis "fnet_regaccess" begin
[EFX-0000 INFO] ... Hierarchical pre-synthesis "fnet_regaccess" end (Real time : 0s)
[EFX-0000 INFO] ... Hierarchical pre-synthesis "ram_block_a11d16" begin
[EFX-0000 INFO] ... Hierarchical pre-synthesis "ram_block_a11d16" end (Real time : 0s)
[EFX-0000 INFO] ... Hierarchical pre-synthesis "fnet_local_reg(test_regs=true,lcl_data_gen=true,limit_payload_window=true,debug_regs=true,debug_counters=true,compiletime=1)" begin
[EFX-0000 INFO] ... Hierarchical pre-synthesis "fnet_local_reg(test_regs=true,lcl_data_gen=true,limit_payload_window=true,debug_regs=true,debug_counters=true,compiletime=1)" end (Real time : 0s)
[EFX-0000 INFO] ... Hierarchical pre-synthesis "fnet_tcp_state(data_bufsize_addrbits=13)" begin
[EFX-0000 INFO] ... Hierarchical pre-synthesis "fnet_tcp_state(data_bufsize_addrbits=13)" end (Real time : 0s)
[EFX-0000 INFO] ... Hierarchical pre-synthesis "fnet_tcp_control(data_bufsize_addrbits=13)" begin
[EFX-0000 INFO] ... Hierarchical pre-synthesis "fnet_tcp_control(data_bufsize_addrbits=13)" end (Real time : 0s)
[EFX-0000 INFO] ... Hierarchical pre-synthesis "fnet_tcp_prepare(data_bufsize_addrbits=13)(12,0)(31,0)" begin
[EFX-0000 INFO] ... Hierarchical pre-synthesis "fnet_tcp_prepare(data_bufsize_addrbits=13)(12,0)(31,0)" end (Real time : 0s)
[EFX-0000 INFO] ... Hierarchical pre-synthesis "fnet_tcp_buffer(data_bufsize_addrbits=13)(9,0)(7,0)(7,0)(5,0)(12,0)(31,0)" begin
[EFX-0000 INFO] ... Hierarchical pre-synthesis "fnet_tcp_buffer(data_bufsize_addrbits=13)(9,0)(7,0)(7,0)(5,0)(12,0)(31,0)" end (Real time : 0s)
[EFX-0000 INFO] ... Hierarchical pre-synthesis "fnet_test_datagen(data_bufsize_addrbits=13)" begin
[EFX-0000 INFO] ... Hierarchical pre-synthesis "fnet_test_datagen(data_bufsize_addrbits=13)" end (Real time : 0s)
[EFX-0000 INFO] ... Hierarchical pre-synthesis "fnet_ram_block_data(addrbits=13)" begin
[EFX-0000 INFO] ... Hierarchical pre-synthesis "fnet_ram_block_data(addrbits=13)" end (Real time : 0s)
[EFX-0000 INFO] ... Hierarchical pre-synthesis "fnet_ram_block_stat" begin
[EFX-0000 INFO] ... Hierarchical pre-synthesis "fnet_ram_block_stat" end (Real time : 0s)
[EFX-0000 INFO] ... Hierarchical pre-synthesis "fnet_regacc_aux_stat" begin
[EFX-0000 INFO] ... Hierarchical pre-synthesis "fnet_regacc_aux_stat" end (Real time : 0s)
[EFX-0000 INFO] ... Hierarchical pre-synthesis "fnet_mdio" begin
[EFX-0000 INFO] ... Hierarchical pre-synthesis "fnet_mdio" end (Real time : 0s)
[EFX-0000 INFO] ... Hierarchical pre-synthesis "fakernet_module(data_bufsize_addrbits=13,compiletime=1)(9,0)(7,0)" begin
[EFX-0000 INFO] ... Hierarchical pre-synthesis "fakernet_module(data_bufsize_addrbits=13,compiletime=1)(9,0)(7,0)" end (Real time : 1s)
[EFX-0000 INFO] ... Hierarchical pre-synthesis "efb_common_top(clk_freq=125000000)(0,-1)(31,0)(0,-1)(0,-1)" begin
[EFX-0000 INFO] ... Hierarchical pre-synthesis "efb_common_top(clk_freq=125000000)(0,-1)(31,0)(0,-1)(0,-1)" end (Real time : 1s)
[EFX-0000 INFO] ... Hierarchical pre-synthesis "edb_top" begin
[EFX-0000 INFO] ... Hierarchical pre-synthesis "edb_top" end (Real time : 0s)
[EFX-0000 INFO] ... Hierarchical pre-synthesis "fnetriong" begin
[EFX-0000 INFO] ... Clock Enable Synthesis Performed on 692 flops.
[EFX-0000 INFO] ... Hierarchical pre-synthesis "fnetriong" end (Real time : 1s)
[EFX-0031 INFO] 't/fakernet/in_sm/i1765' instance is encountered with don't-care(1'bx) input, rewiring to GND. (E:\Efinity\project\fnetriong\fnet_in_state.vhd:2484)
[EFX-0201 WARNING] Re-wiring to GND non-driven net 't/fakernet/dp_ram_arp_icmp.port_a.o.rd'. (E:\Efinity\project\fnetriong\fakernet_module.vhd:144)
[EFX-0201 WARNING] Re-wiring to GND non-driven net 't/fakernet/dp_ram_udp_regacc.port_a.o.rd'. (E:\Efinity\project\fnetriong\fakernet_module.vhd:146)
[EFX-0201 WARNING] Re-wiring to GND non-driven net 't/fakernet/dp_ram_udp_regacc.port_b.o.wr'. (E:\Efinity\project\fnetriong\fakernet_module.vhd:146)
[EFX-0201 WARNING] Re-wiring to GND non-driven net 't/fakernet/dp_ram_udp_regidp.port_a.o.rd'. (E:\Efinity\project\fnetriong\fakernet_module.vhd:147)
[EFX-0201 WARNING] Re-wiring to GND non-driven net 't/fakernet/dp_ram_tcp_template.port_a.o.rd'. (E:\Efinity\project\fnetriong\fakernet_module.vhd:150)
[EFX-0201 WARNING] Re-wiring to GND non-driven net 't/fakernet/dp_ram_tcp_template.port_b.o.wr'. (E:\Efinity\project\fnetriong\fakernet_module.vhd:150)
[EFX-0000 INFO] ... Flat optimizations begin
[EFX-0656 WARNING] Optimizing into logic zero initialized read-only memory block 't/fakernet/dpdp_ram_pkt_gen/ram__D$b12'. (E:\Efinity\project\fnetriong\fnet_ram_block_a11d16.vhd:52)
[EFX-0656 WARNING] Optimizing into logic zero initialized read-only memory block 't/fakernet/dpdp_ram_pkt_gen/ram__D$12'. (E:\Efinity\project\fnetriong\fnet_ram_block_a11d16.vhd:52)
[EFX-0656 WARNING] Optimizing into logic zero initialized read-only memory block 't/fakernet/dpdp_ram_pkt_gen/ram__D$c1'. (E:\Efinity\project\fnetriong\fnet_ram_block_a11d16.vhd:52)
[EFX-0656 WARNING] Optimizing into logic zero initialized read-only memory block 't/fakernet/dpdp_ram_pkt_gen/ram__D$2'. (E:\Efinity\project\fnetriong\fnet_ram_block_a11d16.vhd:52)
[EFX-0000 INFO] ... Flat optimizations end (Real time : 0s)
[EFX-0000 INFO] ... Flat synthesis begin
[EFX-0000 INFO] ... Flat synthesis end (Real time : 0s)
[EFX-0000 INFO] ... Flat optimizations begin
[EFX-0000 INFO] ... Flat optimizations end (Real time : 0s)
[EFX-0000 INFO] ... Check and break combinational loops begin
[EFX-0000 INFO] ... Check and break combinational loops end (Real time : 0s)
[EFX-0000 INFO] ... Sequential Optimization begin
[EFX-0000 INFO] ... Clock Network clk with 3416 loads will be considered for sequential optimization.
[EFX-0000 INFO] ... Clock Network jtag_inst1_TCK with 417 loads will be considered for sequential optimization.
[EFX-0000 INFO] ... Clock Network eth_rx_clk with 45 loads will be considered for sequential optimization.
[EFX-0000 INFO] ... Sequential Optimization deduced 928 equivalent points.
[EFX-0000 INFO] ... Sequential Optimization end (Real time : 18s)
[EFX-0000 INFO] ... SOP modeling begin
[EFX-0000 INFO] ... SOP modeling end (Real time : 0s)
[EFX-0000 INFO] ... LUT mapping begin
[EFX-0000 INFO] ... LS, strategy: 3, nd: 4096, ed: 13231, lv: 8, pw: 11038.80
[EFX-0000 INFO] ... LUT mapping end (Real time : 14s)
[EFX-0000 INFO] ... Post-synthesis Verific netlist creation begin
[EFX-0000 INFO] ... Post-synthesis Verific netlist creation end (Real time : 0s)
[EFX-0000 INFO] ... Postmap Retiming Optimization begin
[EFX-0000 INFO] ... Clock Network n3 with 3103 loads will be considered for retiming optimization.
[EFX-0000 INFO] ... Clock Network n25 with 417 loads will be considered for retiming optimization.
[EFX-0000 INFO] ... Clock Network n13 with 45 loads will be considered for retiming optimization.
[EFX-0000 INFO] ... Performed 2 retime moves.
[EFX-0000 INFO] ... Postmap Retiming Optimization end (Real time : 0s)
[EFX-0000 INFO] ... Post-synthesis Verific netlist unification/params processing begin
[EFX-0000 INFO] ... Post-synthesis Verific netlist unification/params processing end (Real time : 1s)
[EFX-0000 INFO] Resource Summary 
[EFX-0000 INFO] =============================== 
[EFX-0000 INFO] EFX_ADD         : 	587
[EFX-0000 INFO] EFX_LUT4        : 	4656
[EFX-0000 INFO] EFX_FF          : 	3404
[EFX-0000 INFO] EFX_RAM_5K      : 	102
[EFX-0000 INFO] EFX_DPRAM_5K    : 	4
[EFX-0000 INFO] EFX_GBUFCE      : 	3
[EFX-0000 INFO] =============================== 

///////////////////////////////////
// Efinity Synthesis Started 
// Mar 13, 2023 14:17:40
///////////////////////////////////

[EFX-0012 VERI-INFO] default VHDL library search path is now "E:/Efinity/2022.2/sim_models/vhdl/packages/vhdl_2008" (VHDL-1504) 
[EFX-0012 VERI-INFO] undeclared symbol 'la_capture_mask', assumed default net type 'wire' (VERI-2561) (E:/Efinity/project/fnetriong/work_dbg/debug_top.v:4380)
[EFX-0012 VERI-INFO] undeclared symbol 'next_segment_pointer_eq', assumed default net type 'wire' (VERI-2561) (E:/Efinity/project/fnetriong/work_dbg/debug_top.v:4738)
[EFX-0012 VERI-INFO] undeclared symbol 'next_segment_msb_xor', assumed default net type 'wire' (VERI-2561) (E:/Efinity/project/fnetriong/work_dbg/debug_top.v:4739)
[EFX-0011 VERI-WARNING] port 'probe7' remains unconnected for this instance (VERI-1927) (E:/Efinity/project/fnetriong/work_dbg/debug_top.v:128)
[EFX-0012 VERI-INFO] compiling module 'edb_top' (VERI-1018) (E:/Efinity/project/fnetriong/work_dbg/debug_top.v:10)
[EFX-0012 VERI-INFO] compiling module 'edb_la_top_renamed_due_excessive_length_1' (VERI-1018) (E:/Efinity/project/fnetriong/work_dbg/debug_top.v:501)
[EFX-0011 VERI-WARNING] expression size 256 truncated to fit in target size 64 (VERI-1209) (E:/Efinity/project/fnetriong/work_dbg/debug_top.v:3597)
[EFX-0012 VERI-INFO] compiling module 'edb_adbg_crc32' (VERI-1018) (E:/Efinity/project/fnetriong/work_dbg/debug_top.v:202)
[EFX-0012 VERI-INFO] compiling module 'compare_unit(WIDTH=11'b01,PIPE=1)' (VERI-1018) (E:/Efinity/project/fnetriong/work_dbg/debug_top.v:5461)
[EFX-0012 VERI-INFO] compiling module 'compare_unit(WIDTH=11'b010000,PIPE=1)' (VERI-1018) (E:/Efinity/project/fnetriong/work_dbg/debug_top.v:5461)
[EFX-0012 VERI-INFO] compiling module 'trigger_unit(WIDTH=32'b0111,PIPE=1)' (VERI-1018) (E:/Efinity/project/fnetriong/work_dbg/debug_top.v:5666)
[EFX-0012 VERI-INFO] compiling module 'la_biu(CAPTURE_WIDTH=32'b0100101)' (VERI-1018) (E:/Efinity/project/fnetriong/work_dbg/debug_top.v:4815)
[EFX-0012 VERI-INFO] compiling module 'fifo_with_read(DATA_WIDTH=32'b0100110)' (VERI-1018) (E:/Efinity/project/fnetriong/work_dbg/debug_top.v:4557)
[EFX-0012 VERI-INFO] compiling module 'fifo_address_trancode_unit' (VERI-1018) (E:/Efinity/project/fnetriong/work_dbg/debug_top.v:4507)
[EFX-0012 VERI-INFO] compiling module 'edb_simple_dual_port_ram(DATA_WIDTH=32'b0100110,ADDR_WIDTH=10,RAM_INIT_FILE="")' (VERI-1018) (E:/Efinity/project/fnetriong/work_dbg/debug_top.v:411)
[EFX-0012 VERI-INFO] extracting RAM for identifier 'ram' (VERI-2571) (E:/Efinity/project/fnetriong/work_dbg/debug_top.v:426)
[EFX-0012 VERI-INFO] compiling module 'debug_hub' (VERI-1018) (E:/Efinity/project/fnetriong/work_dbg/debug_top.v:280)
[EFX-0011 VERI-WARNING] input port 'probe7[0]' remains unconnected for this instance (VDB-1053) (E:/Efinity/project/fnetriong/work_dbg/debug_top.v:101)
[EFX-0000 INFO] Setting Synthesis Option: mode=speed
[EFX-0012 VERI-INFO] compiling module 'EFX_ADD' (VERI-1018) (E:/Efinity/2022.2/sim_models/maplib/efinix_maplib.v:6)
[EFX-0012 VERI-INFO] compiling module 'EFX_FF' (VERI-1018) (E:/Efinity/2022.2/sim_models/maplib/efinix_maplib.v:19)
[EFX-0012 VERI-INFO] compiling module 'EFX_COMB4' (VERI-1018) (E:/Efinity/2022.2/sim_models/maplib/efinix_maplib.v:36)
[EFX-0012 VERI-INFO] compiling module 'EFX_GBUFCE' (VERI-1018) (E:/Efinity/2022.2/sim_models/maplib/efinix_maplib.v:46)
[EFX-0012 VERI-INFO] compiling module 'EFX_IDDR' (VERI-1018) (E:/Efinity/2022.2/sim_models/maplib/efinix_maplib.v:55)
[EFX-0012 VERI-INFO] compiling module 'EFX_ODDR' (VERI-1018) (E:/Efinity/2022.2/sim_models/maplib/efinix_maplib.v:69)
[EFX-0012 VERI-INFO] compiling module 'EFX_IOBUF' (VERI-1018) (E:/Efinity/2022.2/sim_models/maplib/efinix_maplib.v:85)
[EFX-0012 VERI-INFO] compiling module 'EFX_LUT4' (VERI-1018) (E:/Efinity/2022.2/sim_models/maplib/efinix_maplib.v:97)
[EFX-0012 VERI-INFO] compiling module 'EFX_MULT' (VERI-1018) (E:/Efinity/2022.2/sim_models/maplib/efinix_maplib.v:105)
[EFX-0012 VERI-INFO] compiling module 'EFX_DSP48' (VERI-1018) (E:/Efinity/2022.2/sim_models/maplib/efinix_maplib.v:140)
[EFX-0012 VERI-INFO] compiling module 'EFX_DSP24' (VERI-1018) (E:/Efinity/2022.2/sim_models/maplib/efinix_maplib.v:196)
[EFX-0012 VERI-INFO] compiling module 'EFX_DSP12' (VERI-1018) (E:/Efinity/2022.2/sim_models/maplib/efinix_maplib.v:249)
[EFX-0012 VERI-INFO] compiling module 'EFX_RAM_4K' (VERI-1018) (E:/Efinity/2022.2/sim_models/maplib/efinix_maplib.v:302)
[EFX-0012 VERI-INFO] compiling module 'EFX_RAM_5K' (VERI-1018) (E:/Efinity/2022.2/sim_models/maplib/efinix_maplib.v:362)
[EFX-0012 VERI-INFO] compiling module 'EFX_DPRAM_5K' (VERI-1018) (E:/Efinity/2022.2/sim_models/maplib/efinix_maplib.v:434)
[EFX-0012 VERI-INFO] compiling module 'RAMB5' (VERI-1018) (E:/Efinity/2022.2/sim_models/maplib/efinix_maplib.v:539)
[EFX-0012 VERI-INFO] compiling module 'EFX_RAM_10K' (VERI-1018) (E:/Efinity/2022.2/sim_models/maplib/efinix_maplib.v:601)
[EFX-0012 VERI-INFO] compiling module 'EFX_RAM10' (VERI-1018) (E:/Efinity/2022.2/sim_models/maplib/efinix_maplib.v:693)
[EFX-0012 VERI-INFO] compiling module 'EFX_DPRAM10' (VERI-1018) (E:/Efinity/2022.2/sim_models/maplib/efinix_maplib.v:794)
[EFX-0012 VERI-INFO] compiling module 'EFX_SRL8' (VERI-1018) (E:/Efinity/2022.2/sim_models/maplib/efinix_maplib.v:924)
[EFX-0000 INFO] ... Pre-synthesis checks begin
[EFX-0200 WARNING] Removing redundant signal : compared_in[0]. (E:/Efinity/project/fnetriong/work_dbg/debug_top.v:5467)
[EFX-0200 WARNING] Removing redundant signal : mask_in[0]. (E:/Efinity/project/fnetriong/work_dbg/debug_top.v:5468)
[EFX-0200 WARNING] Removing redundant signal : trigger_in. (E:/Efinity/project/fnetriong/work_dbg/debug_top.v:5678)
[EFX-0677 INFO] Zero initialization of uninitialized memory block 'ram'. (E:/Efinity/project/fnetriong/work_dbg/debug_top.v:426)
[EFX-0200 WARNING] Removing redundant signal : din[37]. (E:/Efinity/project/fnetriong/work_dbg/debug_top.v:4570)
[EFX-0200 WARNING] Removing redundant signal : trig_out. (E:/Efinity/project/fnetriong/work_dbg/debug_top.v:4849)
[EFX-0200 WARNING] Removing redundant signal : trig_out_ack. (E:/Efinity/project/fnetriong/work_dbg/debug_top.v:4850)
[EFX-0200 WARNING] Removing redundant signal : bscan_DRCK. (E:/Efinity/project/fnetriong/work_dbg/debug_top.v:1034)
[EFX-0200 WARNING] Removing redundant signal : bscan_RUNTEST. (E:/Efinity/project/fnetriong/work_dbg/debug_top.v:1036)
[EFX-0200 WARNING] Removing redundant signal : bscan_SEL. (E:/Efinity/project/fnetriong/work_dbg/debug_top.v:1037)
[EFX-0200 WARNING] Removing redundant signal : bscan_TMS. (E:/Efinity/project/fnetriong/work_dbg/debug_top.v:1041)
[EFX-0200 WARNING] Removing redundant signal : trig_in_ack. (E:/Efinity/project/fnetriong/work_dbg/debug_top.v:1052)
[EFX-0200 WARNING] Removing redundant signal : mux_capture_cmp[6]. (E:/Efinity/project/fnetriong/work_dbg/debug_top.v:3458)
[EFX-0200 WARNING] Removing redundant signal : mux_capture_cmp[5]. (E:/Efinity/project/fnetriong/work_dbg/debug_top.v:3458)
[EFX-0200 WARNING] Removing redundant signal : mux_capture_cmp[4]. (E:/Efinity/project/fnetriong/work_dbg/debug_top.v:3458)
[EFX-0200 WARNING] Removing redundant signal : mux_capture_cmp[3]. (E:/Efinity/project/fnetriong/work_dbg/debug_top.v:3458)
[EFX-0200 WARNING] Removing redundant signal : mux_capture_cmp[2]. (E:/Efinity/project/fnetriong/work_dbg/debug_top.v:3458)
[EFX-0200 WARNING] Removing redundant signal : mux_capture_cmp[1]. (E:/Efinity/project/fnetriong/work_dbg/debug_top.v:3458)
[EFX-0200 WARNING] Removing redundant signal : mux_capture_cmp[0]. (E:/Efinity/project/fnetriong/work_dbg/debug_top.v:3458)
[EFX-0200 WARNING] Removing redundant signal : bscan_CAPTURE. (E:/Efinity/project/fnetriong/work_dbg/debug_top.v:285)
[EFX-0200 WARNING] Removing redundant signal : bscan_DRCK. (E:/Efinity/project/fnetriong/work_dbg/debug_top.v:286)
[EFX-0266 WARNING] Module Instance 'la0' input pin tied to constant (trig_in=0).
[EFX-0266 WARNING] Module Instance 'la0' input pin tied to constant (trig_out_ack=0).
[EFX-0201 WARNING] Re-wiring to GND non-driven net 'la0.probe7[0]'. (E:/Efinity/project/fnetriong/work_dbg/debug_top.v:101)
[EFX-0201 WARNING] Re-wiring to GND non-driven net 'la0.probe8[0]'. (E:/Efinity/project/fnetriong/work_dbg/debug_top.v:101)
[EFX-0201 WARNING] Re-wiring to GND non-driven net 'la0.probe9[0]'. (E:/Efinity/project/fnetriong/work_dbg/debug_top.v:101)
[EFX-0201 WARNING] Re-wiring to GND non-driven net 'la0.probe10[0]'. (E:/Efinity/project/fnetriong/work_dbg/debug_top.v:101)
[EFX-0201 WARNING] Re-wiring to GND non-driven net 'la0.probe11[0]'. (E:/Efinity/project/fnetriong/work_dbg/debug_top.v:101)
[EFX-0201 WARNING] Re-wiring to GND non-driven net 'la0.probe12[0]'. (E:/Efinity/project/fnetriong/work_dbg/debug_top.v:101)
[EFX-0201 WARNING] Re-wiring to GND non-driven net 'la0.probe13[0]'. (E:/Efinity/project/fnetriong/work_dbg/debug_top.v:101)
[EFX-0201 WARNING] Re-wiring to GND non-driven net 'la0.probe14[0]'. (E:/Efinity/project/fnetriong/work_dbg/debug_top.v:101)
[EFX-0201 WARNING] Re-wiring to GND non-driven net 'la0.probe15[0]'. (E:/Efinity/project/fnetriong/work_dbg/debug_top.v:101)
[EFX-0201 WARNING] Re-wiring to GND non-driven net 'la0.probe16[0]'. (E:/Efinity/project/fnetriong/work_dbg/debug_top.v:101)
[EFX-0000 INFO] ... Pre-synthesis checks end (Real time : 0s)
[EFX-0000 INFO] ... NameSpace init begin
[EFX-0000 INFO] ... NameSpace init end (Real time : 0s)
[EFX-0000 INFO] ... Mapping design "edb_top"
[EFX-0000 INFO] ... Hierarchical pre-synthesis "edb_adbg_crc32" begin
[EFX-0000 INFO] ... Hierarchical pre-synthesis "edb_adbg_crc32" end (Real time : 0s)
[EFX-0000 INFO] ... Hierarchical pre-synthesis "compare_unit(WIDTH=11'b01,PIPE=1)" begin
[EFX-0000 INFO] ... Hierarchical pre-synthesis "compare_unit(WIDTH=11'b01,PIPE=1)" end (Real time : 0s)
[EFX-0000 INFO] ... Hierarchical pre-synthesis "compare_unit(WIDTH=11'b010000,PIPE=1)" begin
[EFX-0000 INFO] ... Hierarchical pre-synthesis "compare_unit(WIDTH=11'b010000,PIPE=1)" end (Real time : 0s)
[EFX-0000 INFO] ... Hierarchical pre-synthesis "trigger_unit(WIDTH=32'b0111,PIPE=1)" begin
[EFX-0000 INFO] ... Hierarchical pre-synthesis "trigger_unit(WIDTH=32'b0111,PIPE=1)" end (Real time : 0s)
[EFX-0000 INFO] ... Hierarchical pre-synthesis "fifo_address_trancode_unit" begin
[EFX-0000 INFO] ... Hierarchical pre-synthesis "fifo_address_trancode_unit" end (Real time : 0s)
[EFX-0000 INFO] ... Hierarchical pre-synthesis "edb_simple_dual_port_ram(DATA_WIDTH=32'b0100110,ADDR_WIDTH=10,RAM_INIT_FILE="")" begin
[EFX-0000 INFO] ... Hierarchical pre-synthesis "edb_simple_dual_port_ram(DATA_WIDTH=32'b0100110,ADDR_WIDTH=10,RAM_INIT_FILE="")" end (Real time : 0s)
[EFX-0000 INFO] ... Hierarchical pre-synthesis "fifo_with_read(DATA_WIDTH=32'b0100110)" begin
[EFX-0000 INFO] ... Hierarchical pre-synthesis "fifo_with_read(DATA_WIDTH=32'b0100110)" end (Real time : 0s)
[EFX-0000 INFO] ... Hierarchical pre-synthesis "la_biu(CAPTURE_WIDTH=32'b0100101)" begin
[EFX-0000 INFO] ... Hierarchical pre-synthesis "la_biu(CAPTURE_WIDTH=32'b0100101)" end (Real time : 0s)
[EFX-0000 INFO] ... Hierarchical pre-synthesis "edb_la_top_renamed_due_excessive_length_1" begin
[EFX-0000 INFO] ... Hierarchical pre-synthesis "edb_la_top_renamed_due_excessive_length_1" end (Real time : 0s)
[EFX-0000 INFO] ... Hierarchical pre-synthesis "debug_hub" begin
[EFX-0000 INFO] ... Hierarchical pre-synthesis "debug_hub" end (Real time : 0s)
[EFX-0000 INFO] ... Hierarchical pre-synthesis "edb_top" begin
[EFX-0000 INFO] ... Clock Enable Synthesis Performed on 130 flops.
[EFX-0000 INFO] ... Hierarchical pre-synthesis "edb_top" end (Real time : 0s)
[EFX-0000 INFO] ... Flat optimizations begin
[EFX-0000 INFO] ... Flat optimizations end (Real time : 0s)
[EFX-0000 INFO] ... Flat synthesis begin
[EFX-0000 INFO] ... Flat synthesis end (Real time : 0s)
[EFX-0000 INFO] ... Flat optimizations begin
[EFX-0000 INFO] ... Flat optimizations end (Real time : 0s)
[EFX-0000 INFO] ... Check and break combinational loops begin
[EFX-0000 INFO] ... Check and break combinational loops end (Real time : 0s)
[EFX-0000 INFO] ... Sequential Optimization begin
[EFX-0000 INFO] ... Clock Network bscan_TCK with 468 loads will be considered for sequential optimization.
[EFX-0000 INFO] ... Clock Network la0_clk with 429 loads will be considered for sequential optimization.
[EFX-0000 INFO] ... Sequential Optimization deduced 285 equivalent points.
[EFX-0000 INFO] ... Sequential Optimization end (Real time : 11s)
[EFX-0000 INFO] ... SOP modeling begin
[EFX-0000 INFO] ... SOP modeling end (Real time : 0s)
[EFX-0000 INFO] ... LUT mapping begin
[EFX-0000 INFO] ... LS, strategy: 3, nd: 883, ed: 2850, lv: 7, pw: 1815.15
[EFX-0000 INFO] ... LUT mapping end (Real time : 4s)
[EFX-0000 INFO] ... Post-synthesis Verific netlist creation begin
[EFX-0000 INFO] ... Post-synthesis Verific netlist creation end (Real time : 0s)
[EFX-0000 INFO] ... Postmap Retiming Optimization begin
[EFX-0000 INFO] ... Clock Network n9 with 468 loads will be considered for retiming optimization.
[EFX-0000 INFO] ... Clock Network n13 with 429 loads will be considered for retiming optimization.
[EFX-0000 INFO] ... Performed 0 retime moves.
[EFX-0000 INFO] ... Postmap Retiming Optimization end (Real time : 0s)
[EFX-0000 INFO] ... Post-synthesis Verific netlist unification/params processing begin
[EFX-0000 INFO] ... Post-synthesis Verific netlist unification/params processing end (Real time : 0s)
[EFX-0011 VERI-WARNING] Input/Inout Port bscan_DRCK is unconnected and will be removed 
[EFX-0011 VERI-WARNING] Input/Inout Port bscan_RUNTEST is unconnected and will be removed 
[EFX-0011 VERI-WARNING] Input/Inout Port bscan_TMS is unconnected and will be removed 
[EFX-0012 VERI-INFO] Found 3 warnings in the post-synthesis netlist. 
[EFX-0000 INFO] Resource Summary 
[EFX-0000 INFO] =============================== 
[EFX-0000 INFO] EFX_ADD         : 	88
[EFX-0000 INFO] EFX_LUT4        : 	869
[EFX-0000 INFO] EFX_FF          : 	877
[EFX-0000 INFO] EFX_RAM_5K      : 	8
[EFX-0000 INFO] EFX_GBUFCE      : 	2
[EFX-0000 INFO] =============================== 

///////////////////////////////////
// Efinity Synthesis Started 
// Mar 13, 2023 14:18:00
///////////////////////////////////

[EFX-0000 INFO] Setting Synthesis Option: mode=speed
[EFX-0000 INFO] ... Pre-synthesis checks begin
[EFX-0266 WARNING] Module Instance 'fifo' input pin tied to constant (out_want_b=1).
[EFX-0200 WARNING] Removing redundant signal : start_found. (E:\Efinity\project\fnetriong\efnet_octet_to_word.vhd:60)
[EFX-0200 WARNING] Removing redundant signal : packet_start. (E:\Efinity\project\fnetriong\efnet_octet_to_word.vhd:62)
[EFX-0200 WARNING] Removing redundant signal : packet_end. (E:\Efinity\project\fnetriong\efnet_octet_to_word.vhd:63)
[EFX-0200 WARNING] Removing redundant signal : word[15]. (E:\Efinity\project\fnetriong\efnet_octet_to_word.vhd:65)
[EFX-0200 WARNING] Removing redundant signal : word[14]. (E:\Efinity\project\fnetriong\efnet_octet_to_word.vhd:65)
[EFX-0200 WARNING] Removing redundant signal : word[13]. (E:\Efinity\project\fnetriong\efnet_octet_to_word.vhd:65)
[EFX-0200 WARNING] Removing redundant signal : word[12]. (E:\Efinity\project\fnetriong\efnet_octet_to_word.vhd:65)
[EFX-0200 WARNING] Removing redundant signal : word[11]. (E:\Efinity\project\fnetriong\efnet_octet_to_word.vhd:65)
[EFX-0200 WARNING] Removing redundant signal : word[10]. (E:\Efinity\project\fnetriong\efnet_octet_to_word.vhd:65)
[EFX-0200 WARNING] Removing redundant signal : word[9]. (E:\Efinity\project\fnetriong\efnet_octet_to_word.vhd:65)
[EFX-0200 WARNING] Removing redundant signal : word[8]. (E:\Efinity\project\fnetriong\efnet_octet_to_word.vhd:65)
[EFX-0200 WARNING] Removing redundant signal : word[7]. (E:\Efinity\project\fnetriong\efnet_octet_to_word.vhd:65)
[EFX-0200 WARNING] Removing redundant signal : word[6]. (E:\Efinity\project\fnetriong\efnet_octet_to_word.vhd:65)
[EFX-0200 WARNING] Removing redundant signal : word[5]. (E:\Efinity\project\fnetriong\efnet_octet_to_word.vhd:65)
[EFX-0200 WARNING] Removing redundant signal : word[4]. (E:\Efinity\project\fnetriong\efnet_octet_to_word.vhd:65)
[EFX-0200 WARNING] Removing redundant signal : word[3]. (E:\Efinity\project\fnetriong\efnet_octet_to_word.vhd:65)
[EFX-0200 WARNING] Removing redundant signal : word[2]. (E:\Efinity\project\fnetriong\efnet_octet_to_word.vhd:65)
[EFX-0200 WARNING] Removing redundant signal : word[1]. (E:\Efinity\project\fnetriong\efnet_octet_to_word.vhd:65)
[EFX-0200 WARNING] Removing redundant signal : word[0]. (E:\Efinity\project\fnetriong\efnet_octet_to_word.vhd:65)
[EFX-0200 WARNING] Removing redundant signal : octet_counter[0]. (E:\Efinity\project\fnetriong\efnet_octet_to_word.vhd:66)
[EFX-0266 WARNING] Module Instance 'out_sm' input pin tied to constant (idx_tcp_prep[0][31]=0).
[EFX-0266 WARNING] Module Instance 'out_sm' input pin tied to constant (idx_tcp_prep[0][30]=0).
[EFX-0266 WARNING] Module Instance 'out_sm' input pin tied to constant (idx_tcp_prep[0][29]=0).
[EFX-0266 WARNING] Module Instance 'out_sm' input pin tied to constant (idx_tcp_prep[0][28]=0).
[EFX-0266 WARNING] Module Instance 'out_sm' input pin tied to constant (idx_tcp_prep[0][27]=0).
[EFX-0266 WARNING] Module Instance 'out_sm' input pin tied to constant (idx_tcp_prep[0][26]=0).
[EFX-0266 WARNING] Module Instance 'out_sm' input pin tied to constant (idx_tcp_prep[0][25]=0).
[EFX-0266 WARNING] Module Instance 'out_sm' input pin tied to constant (idx_tcp_prep[0][24]=0).
[EFX-0266 WARNING] Module Instance 'out_sm' input pin tied to constant (idx_tcp_prep[0][23]=0).
[EFX-0266 WARNING] Module Instance 'out_sm' input pin tied to constant (idx_tcp_prep[0][22]=0).
[EFX-0266 WARNING] Module Instance 'out_sm' input pin tied to constant (idx_tcp_prep[0][21]=0).
[EFX-0266 WARNING] Module Instance 'out_sm' input pin tied to constant (idx_tcp_prep[0][20]=0).
[EFX-0266 WARNING] Module Instance 'out_sm' input pin tied to constant (idx_tcp_prep[0][19]=0).
[EFX-0266 WARNING] Module Instance 'out_sm' input pin tied to constant (idx_tcp_prep[0][18]=0).
[EFX-0266 WARNING] Module Instance 'out_sm' input pin tied to constant (idx_tcp_prep[0][17]=0).
[EFX-0266 WARNING] Module Instance 'out_sm' input pin tied to constant (idx_tcp_prep[0][16]=0).
[EFX-0266 WARNING] Module Instance 'out_sm' input pin tied to constant (idx_tcp_prep[0][15]=0).
[EFX-0266 WARNING] Module Instance 'out_sm' input pin tied to constant (idx_tcp_prep[0][14]=0).
[EFX-0266 WARNING] Module Instance 'out_sm' input pin tied to constant (idx_tcp_prep[0][13]=0).
[EFX-0266 WARNING] Module Instance 'out_sm' input pin tied to constant (idx_tcp_prep[0][12]=0).
[EFX-0266 WARNING] Module Instance 'out_sm' input pin tied to constant (idx_tcp_prep[0][11]=0).
[EFX-0266 WARNING] Module Instance 'out_sm' input pin tied to constant (idx_tcp_prep[0][10]=0).
[EFX-0266 WARNING] Module Instance 'out_sm' input pin tied to constant (idx_tcp_prep[0][9]=0).
[EFX-0266 WARNING] Module Instance 'out_sm' input pin tied to constant (idx_tcp_prep[0][8]=0).
[EFX-0266 WARNING] Module Instance 'out_sm' input pin tied to constant (idx_tcp_prep[0][7]=0).
[EFX-0266 WARNING] Module Instance 'out_sm' input pin tied to constant (idx_tcp_prep[0][6]=0).
[EFX-0266 WARNING] Module Instance 'out_sm' input pin tied to constant (idx_tcp_prep[0][5]=0).
[EFX-0266 WARNING] Module Instance 'out_sm' input pin tied to constant (idx_tcp_prep[0][4]=0).
[EFX-0266 WARNING] Module Instance 'out_sm' input pin tied to constant (idx_tcp_prep[0][3]=0).
[EFX-0266 WARNING] Module Instance 'out_sm' input pin tied to constant (idx_tcp_prep[0][2]=1).
[EFX-0266 WARNING] Module Instance 'out_sm' input pin tied to constant (idx_tcp_prep[0][1]=0).
[EFX-0266 WARNING] Module Instance 'out_sm' input pin tied to constant (idx_tcp_prep[0][0]=1).
[EFX-0266 WARNING] Module Instance 'out_sm' input pin tied to constant (idx_tcp_prep[1][31]=0).
[EFX-0266 WARNING] Module Instance 'out_sm' input pin tied to constant (idx_tcp_prep[1][30]=0).
[EFX-0266 WARNING] Module Instance 'out_sm' input pin tied to constant (idx_tcp_prep[1][29]=0).
[EFX-0266 WARNING] Module Instance 'out_sm' input pin tied to constant (idx_tcp_prep[1][28]=0).
[EFX-0266 WARNING] Module Instance 'out_sm' input pin tied to constant (idx_tcp_prep[1][27]=0).
[EFX-0266 WARNING] Module Instance 'out_sm' input pin tied to constant (idx_tcp_prep[1][26]=0).
[EFX-0266 WARNING] Module Instance 'out_sm' input pin tied to constant (idx_tcp_prep[1][25]=0).
[EFX-0266 WARNING] Module Instance 'out_sm' input pin tied to constant (idx_tcp_prep[1][24]=0).
[EFX-0266 WARNING] Module Instance 'out_sm' input pin tied to constant (idx_tcp_prep[1][23]=0).
[EFX-0266 WARNING] Module Instance 'out_sm' input pin tied to constant (idx_tcp_prep[1][22]=0).
[EFX-0266 WARNING] Module Instance 'out_sm' input pin tied to constant (idx_tcp_prep[1][21]=0).
[EFX-0266 WARNING] Module Instance 'out_sm' input pin tied to constant (idx_tcp_prep[1][20]=0).
[EFX-0266 WARNING] Module Instance 'out_sm' input pin tied to constant (idx_tcp_prep[1][19]=0).
[EFX-0266 WARNING] Module Instance 'out_sm' input pin tied to constant (idx_tcp_prep[1][18]=0).
[EFX-0266 WARNING] Module Instance 'out_sm' input pin tied to constant (idx_tcp_prep[1][17]=0).
[EFX-0266 WARNING] Module Instance 'out_sm' input pin tied to constant (idx_tcp_prep[1][16]=0).
[EFX-0266 WARNING] Module Instance 'out_sm' input pin tied to constant (idx_tcp_prep[1][15]=0).
[EFX-0266 WARNING] Module Instance 'out_sm' input pin tied to constant (idx_tcp_prep[1][14]=0).
[EFX-0266 WARNING] Module Instance 'out_sm' input pin tied to constant (idx_tcp_prep[1][13]=0).
[EFX-0266 WARNING] Module Instance 'out_sm' input pin tied to constant (idx_tcp_prep[1][12]=0).
[EFX-0266 WARNING] Module Instance 'out_sm' input pin tied to constant (idx_tcp_prep[1][11]=0).
[EFX-0266 WARNING] Module Instance 'out_sm' input pin tied to constant (idx_tcp_prep[1][10]=0).
[EFX-0266 WARNING] Module Instance 'out_sm' input pin tied to constant (idx_tcp_prep[1][9]=0).
[EFX-0266 WARNING] Module Instance 'out_sm' input pin tied to constant (idx_tcp_prep[1][8]=0).
[EFX-0266 WARNING] Module Instance 'out_sm' input pin tied to constant (idx_tcp_prep[1][7]=0).
[EFX-0266 WARNING] Module Instance 'out_sm' input pin tied to constant (idx_tcp_prep[1][6]=0).
[EFX-0266 WARNING] Module Instance 'out_sm' input pin tied to constant (idx_tcp_prep[1][5]=0).
[EFX-0266 WARNING] Module Instance 'out_sm' input pin tied to constant (idx_tcp_prep[1][4]=0).
[EFX-0266 WARNING] Module Instance 'out_sm' input pin tied to constant (idx_tcp_prep[1][3]=0).
[EFX-0266 WARNING] Module Instance 'out_sm' input pin tied to constant (idx_tcp_prep[1][2]=1).
[EFX-0266 WARNING] Module Instance 'out_sm' input pin tied to constant (idx_tcp_prep[1][1]=1).
[EFX-0266 WARNING] Module Instance 'out_sm' input pin tied to constant (idx_tcp_prep[1][0]=0).
[EFX-0266 WARNING] Module Instance 'out_sm' input pin tied to constant (idx_gen[31]=0).
[EFX-0266 WARNING] Module Instance 'out_sm' input pin tied to constant (idx_gen[30]=0).
[EFX-0266 WARNING] Module Instance 'out_sm' input pin tied to constant (idx_gen[29]=0).
[EFX-0266 WARNING] Module Instance 'out_sm' input pin tied to constant (idx_gen[28]=0).
[EFX-0266 WARNING] Module Instance 'out_sm' input pin tied to constant (idx_gen[27]=0).
[EFX-0266 WARNING] Module Instance 'out_sm' input pin tied to constant (idx_gen[26]=0).
[EFX-0266 WARNING] Module Instance 'out_sm' input pin tied to constant (idx_gen[25]=0).
[EFX-0266 WARNING] Module Instance 'out_sm' input pin tied to constant (idx_gen[24]=0).
[EFX-0266 WARNING] Module Instance 'out_sm' input pin tied to constant (idx_gen[23]=0).
[EFX-0266 WARNING] Module Instance 'out_sm' input pin tied to constant (idx_gen[22]=0).
[EFX-0266 WARNING] Module Instance 'out_sm' input pin tied to constant (idx_gen[21]=0).
[EFX-0266 WARNING] Module Instance 'out_sm' input pin tied to constant (idx_gen[20]=0).
[EFX-0266 WARNING] Module Instance 'out_sm' input pin tied to constant (idx_gen[19]=0).
[EFX-0266 WARNING] Module Instance 'out_sm' input pin tied to constant (idx_gen[18]=0).
[EFX-0266 WARNING] Module Instance 'out_sm' input pin tied to constant (idx_gen[17]=0).
[EFX-0266 WARNING] Module Instance 'out_sm' input pin tied to constant (idx_gen[16]=0).
[EFX-0266 WARNING] Module Instance 'out_sm' input pin tied to constant (idx_gen[15]=0).
[EFX-0266 WARNING] Module Instance 'out_sm' input pin tied to constant (idx_gen[14]=0).
[EFX-0266 WARNING] Module Instance 'out_sm' input pin tied to constant (idx_gen[13]=0).
[EFX-0266 WARNING] Module Instance 'out_sm' input pin tied to constant (idx_gen[12]=0).
[EFX-0266 WARNING] Module Instance 'out_sm' input pin tied to constant (idx_gen[11]=0).
[EFX-0266 WARNING] Module Instance 'out_sm' input pin tied to constant (idx_gen[10]=0).
[EFX-0266 WARNING] Module Instance 'out_sm' input pin tied to constant (idx_gen[9]=0).
[EFX-0266 WARNING] Module Instance 'out_sm' input pin tied to constant (idx_gen[8]=0).
[EFX-0266 WARNING] Module Instance 'out_sm' input pin tied to constant (idx_gen[7]=0).
[EFX-0266 WARNING] Module Instance 'out_sm' input pin tied to constant (idx_gen[6]=0).
[EFX-0266 WARNING] Module Instance 'out_sm' input pin tied to constant (idx_gen[5]=0).
[EFX-0266 WARNING] Module Instance 'out_sm' input pin tied to constant (idx_gen[4]=0).
[EFX-0266 WARNING] Module Instance 'out_sm' input pin tied to constant (idx_gen[3]=0).
[EFX-0266 WARNING] Module Instance 'out_sm' input pin tied to constant (idx_gen[2]=0).
[EFX-0266 WARNING] Module Instance 'out_sm' input pin tied to constant (idx_gen[1]=0).
[EFX-0266 WARNING] Module Instance 'out_sm' input pin tied to constant (idx_gen[0]=1).
[EFX-0266 WARNING] Module Instance 'mdio' input pin tied to constant (b_req_data[31]=0).
[EFX-0266 WARNING] Module Instance 'mdio' input pin tied to constant (b_req_data[30]=0).
[EFX-0266 WARNING] Module Instance 'mdio' input pin tied to constant (b_req_data[29]=0).
[EFX-0201 WARNING] Re-wiring to GND non-driven net 'ram_udp_regidp.prod2.set_again'. (E:\Efinity\project\fnetriong\fakernet_module.vhd:134)
[EFX-0201 WARNING] Re-wiring to GND non-driven net 'ram_tcp_template.prod2.set_again'. (E:\Efinity\project\fnetriong\fakernet_module.vhd:136)
[EFX-0201 WARNING] Re-wiring to GND non-driven net 'ram_tcp_prep2[0].prod2.set_again'. (E:\Efinity\project\fnetriong\fakernet_module.vhd:137)
[EFX-0201 WARNING] Re-wiring to GND non-driven net 'ram_tcp_prep2[1].prod2.set_again'. (E:\Efinity\project\fnetriong\fakernet_module.vhd:137)
[EFX-0031 INFO] 'i4' instance is encountered with don't-care(1'bx) input, rewiring to GND. (E:\Efinity\project\fnetriong\fnetriong.vhd:104)
[EFX-0000 INFO] ... Pre-synthesis checks end (Real time : 0s)
[EFX-0000 INFO] ... NameSpace init begin
[EFX-0000 INFO] ... NameSpace init end (Real time : 0s)
[EFX-0000 INFO] ... Mapping design "fnetriong"
[EFX-0000 INFO] ... Hierarchical pre-synthesis "fnet_async_fifo(width=17)" begin
[EFX-0000 INFO] ... Hierarchical pre-synthesis "fnet_async_fifo(width=17)" end (Real time : 0s)
[EFX-0000 INFO] ... Hierarchical pre-synthesis "efnet_octet_to_word" begin
[EFX-0000 INFO] ... Hierarchical pre-synthesis "efnet_octet_to_word" end (Real time : 0s)
[EFX-0000 INFO] ... Hierarchical pre-synthesis "efb_uart_trace_mem(width=32,samples=512)" begin
[EFX-0000 INFO] ... Hierarchical pre-synthesis "efb_uart_trace_mem(width=32,samples=512)" end (Real time : 0s)
[EFX-0000 INFO] ... Hierarchical pre-synthesis "efb_uart_tx(15,0)" begin
[EFX-0000 INFO] ... Hierarchical pre-synthesis "efb_uart_tx(15,0)" end (Real time : 0s)
[EFX-0000 INFO] ... Hierarchical pre-synthesis "efnet_word_to_octet" begin
[EFX-0000 INFO] ... Hierarchical pre-synthesis "efnet_word_to_octet" end (Real time : 0s)
[EFX-0000 INFO] ... Hierarchical pre-synthesis "efnet_data_array_inject(0,0)(31,0)(0,0)(0,0)(9,0)(7,0)" begin
[EFX-0000 INFO] ... Hierarchical pre-synthesis "efnet_data_array_inject(0,0)(31,0)(0,0)(0,0)(9,0)(7,0)" end (Real time : 0s)
[EFX-0000 INFO] ... Hierarchical pre-synthesis "fnet_crc32" begin
[EFX-0000 INFO] ... Hierarchical pre-synthesis "fnet_crc32" end (Real time : 0s)
[EFX-0000 INFO] ... Hierarchical pre-synthesis "fnet_in_state" begin
[EFX-0000 INFO] ... Hierarchical pre-synthesis "fnet_in_state" end (Real time : 0s)
[EFX-0000 INFO] ... Hierarchical pre-synthesis "fnet_dyn_control" begin
[EFX-0000 INFO] ... Hierarchical pre-synthesis "fnet_dyn_control" end (Real time : 0s)
[EFX-0000 INFO] ... Hierarchical pre-synthesis "fnet_ntp_query_control" begin
[EFX-0000 INFO] ... Hierarchical pre-synthesis "fnet_ntp_query_control" end (Real time : 0s)
[EFX-0000 INFO] ... Hierarchical pre-synthesis "fnet_packet_gen" begin
[EFX-0000 INFO] ... Hierarchical pre-synthesis "fnet_packet_gen" end (Real time : 0s)
[EFX-0000 INFO] ... Hierarchical pre-synthesis "fnet_out_state" begin
[EFX-0000 INFO] ... Hierarchical pre-synthesis "fnet_out_state" end (Real time : 0s)
[EFX-0000 INFO] ... Hierarchical pre-synthesis "fnet_out_pipeline" begin
[EFX-0000 INFO] ... Hierarchical pre-synthesis "fnet_out_pipeline" end (Real time : 0s)
[EFX-0000 INFO] ... Hierarchical pre-synthesis "fnet_regaccess" begin
[EFX-0000 INFO] ... Hierarchical pre-synthesis "fnet_regaccess" end (Real time : 0s)
[EFX-0000 INFO] ... Hierarchical pre-synthesis "ram_block_a11d16" begin
[EFX-0000 INFO] ... Hierarchical pre-synthesis "ram_block_a11d16" end (Real time : 0s)
[EFX-0000 INFO] ... Hierarchical pre-synthesis "fnet_local_reg(test_regs=true,lcl_data_gen=true,limit_payload_window=true,debug_regs=true,debug_counters=true,compiletime=1)" begin
[EFX-0000 INFO] ... Hierarchical pre-synthesis "fnet_local_reg(test_regs=true,lcl_data_gen=true,limit_payload_window=true,debug_regs=true,debug_counters=true,compiletime=1)" end (Real time : 1s)
[EFX-0000 INFO] ... Hierarchical pre-synthesis "fnet_tcp_state(data_bufsize_addrbits=13)" begin
[EFX-0000 INFO] ... Hierarchical pre-synthesis "fnet_tcp_state(data_bufsize_addrbits=13)" end (Real time : 0s)
[EFX-0000 INFO] ... Hierarchical pre-synthesis "fnet_tcp_control(data_bufsize_addrbits=13)" begin
[EFX-0000 INFO] ... Hierarchical pre-synthesis "fnet_tcp_control(data_bufsize_addrbits=13)" end (Real time : 0s)
[EFX-0000 INFO] ... Hierarchical pre-synthesis "fnet_tcp_prepare(data_bufsize_addrbits=13)(12,0)(31,0)" begin
[EFX-0000 INFO] ... Hierarchical pre-synthesis "fnet_tcp_prepare(data_bufsize_addrbits=13)(12,0)(31,0)" end (Real time : 0s)
[EFX-0000 INFO] ... Hierarchical pre-synthesis "fnet_tcp_buffer(data_bufsize_addrbits=13)(9,0)(7,0)(7,0)(5,0)(12,0)(31,0)" begin
[EFX-0000 INFO] ... Hierarchical pre-synthesis "fnet_tcp_buffer(data_bufsize_addrbits=13)(9,0)(7,0)(7,0)(5,0)(12,0)(31,0)" end (Real time : 0s)
[EFX-0000 INFO] ... Hierarchical pre-synthesis "fnet_test_datagen(data_bufsize_addrbits=13)" begin
[EFX-0000 INFO] ... Hierarchical pre-synthesis "fnet_test_datagen(data_bufsize_addrbits=13)" end (Real time : 0s)
[EFX-0000 INFO] ... Hierarchical pre-synthesis "fnet_ram_block_data(addrbits=13)" begin
[EFX-0000 INFO] ... Hierarchical pre-synthesis "fnet_ram_block_data(addrbits=13)" end (Real time : 0s)
[EFX-0000 INFO] ... Hierarchical pre-synthesis "fnet_ram_block_stat" begin
[EFX-0000 INFO] ... Hierarchical pre-synthesis "fnet_ram_block_stat" end (Real time : 0s)
[EFX-0000 INFO] ... Hierarchical pre-synthesis "fnet_regacc_aux_stat" begin
[EFX-0000 INFO] ... Hierarchical pre-synthesis "fnet_regacc_aux_stat" end (Real time : 0s)
[EFX-0000 INFO] ... Hierarchical pre-synthesis "fnet_mdio" begin
[EFX-0000 INFO] ... Hierarchical pre-synthesis "fnet_mdio" end (Real time : 0s)
[EFX-0000 INFO] ... Hierarchical pre-synthesis "fakernet_module(data_bufsize_addrbits=13,compiletime=1)(9,0)(7,0)" begin
[EFX-0000 INFO] ... Hierarchical pre-synthesis "fakernet_module(data_bufsize_addrbits=13,compiletime=1)(9,0)(7,0)" end (Real time : 0s)
[EFX-0000 INFO] ... Hierarchical pre-synthesis "efb_common_top(clk_freq=125000000)(0,-1)(31,0)(0,-1)(0,-1)" begin
[EFX-0000 INFO] ... Hierarchical pre-synthesis "efb_common_top(clk_freq=125000000)(0,-1)(31,0)(0,-1)(0,-1)" end (Real time : 1s)
[EFX-0000 INFO] ... Hierarchical pre-synthesis "edb_top" begin
[EFX-0000 INFO] ... Hierarchical pre-synthesis "edb_top" end (Real time : 0s)
[EFX-0000 INFO] ... Hierarchical pre-synthesis "fnetriong" begin
[EFX-0000 INFO] ... Clock Enable Synthesis Performed on 692 flops.
[EFX-0000 INFO] ... Hierarchical pre-synthesis "fnetriong" end (Real time : 2s)
[EFX-0031 INFO] 't/fakernet/in_sm/i1765' instance is encountered with don't-care(1'bx) input, rewiring to GND. (E:\Efinity\project\fnetriong\fnet_in_state.vhd:2484)
[EFX-0201 WARNING] Re-wiring to GND non-driven net 't/fakernet/dp_ram_arp_icmp.port_a.o.rd'. (E:\Efinity\project\fnetriong\fakernet_module.vhd:144)
[EFX-0201 WARNING] Re-wiring to GND non-driven net 't/fakernet/dp_ram_udp_regacc.port_a.o.rd'. (E:\Efinity\project\fnetriong\fakernet_module.vhd:146)
[EFX-0201 WARNING] Re-wiring to GND non-driven net 't/fakernet/dp_ram_udp_regacc.port_b.o.wr'. (E:\Efinity\project\fnetriong\fakernet_module.vhd:146)
[EFX-0201 WARNING] Re-wiring to GND non-driven net 't/fakernet/dp_ram_udp_regidp.port_a.o.rd'. (E:\Efinity\project\fnetriong\fakernet_module.vhd:147)
[EFX-0201 WARNING] Re-wiring to GND non-driven net 't/fakernet/dp_ram_tcp_template.port_a.o.rd'. (E:\Efinity\project\fnetriong\fakernet_module.vhd:150)
[EFX-0201 WARNING] Re-wiring to GND non-driven net 't/fakernet/dp_ram_tcp_template.port_b.o.wr'. (E:\Efinity\project\fnetriong\fakernet_module.vhd:150)
[EFX-0000 INFO] ... Flat optimizations begin
[EFX-0656 WARNING] Optimizing into logic zero initialized read-only memory block 't/fakernet/dpdp_ram_pkt_gen/ram__D$b12'. (E:\Efinity\project\fnetriong\fnet_ram_block_a11d16.vhd:52)
[EFX-0656 WARNING] Optimizing into logic zero initialized read-only memory block 't/fakernet/dpdp_ram_pkt_gen/ram__D$12'. (E:\Efinity\project\fnetriong\fnet_ram_block_a11d16.vhd:52)
[EFX-0656 WARNING] Optimizing into logic zero initialized read-only memory block 't/fakernet/dpdp_ram_pkt_gen/ram__D$c1'. (E:\Efinity\project\fnetriong\fnet_ram_block_a11d16.vhd:52)
[EFX-0656 WARNING] Optimizing into logic zero initialized read-only memory block 't/fakernet/dpdp_ram_pkt_gen/ram__D$2'. (E:\Efinity\project\fnetriong\fnet_ram_block_a11d16.vhd:52)
[EFX-0000 INFO] ... Flat optimizations end (Real time : 0s)
[EFX-0000 INFO] ... Flat synthesis begin
[EFX-0000 INFO] ... Flat synthesis end (Real time : 0s)
[EFX-0000 INFO] ... Flat optimizations begin
[EFX-0000 INFO] ... Flat optimizations end (Real time : 0s)
[EFX-0000 INFO] ... Check and break combinational loops begin
[EFX-0000 INFO] ... Check and break combinational loops end (Real time : 0s)
[EFX-0000 INFO] ... Sequential Optimization begin
[EFX-0000 INFO] ... Clock Network clk with 3583 loads will be considered for sequential optimization.
[EFX-0000 INFO] ... Clock Network jtag_inst1_TCK with 461 loads will be considered for sequential optimization.
[EFX-0000 INFO] ... Clock Network eth_rx_clk with 45 loads will be considered for sequential optimization.
[EFX-0000 INFO] ... Sequential Optimization deduced 1029 equivalent points.
[EFX-0000 INFO] ... Sequential Optimization end (Real time : 18s)
[EFX-0000 INFO] ... SOP modeling begin
[EFX-0000 INFO] ... SOP modeling end (Real time : 0s)
[EFX-0000 INFO] ... LUT mapping begin
[EFX-0000 INFO] ... LS, strategy: 3, nd: 4072, ed: 13181, lv: 8, pw: 11519.05
[EFX-0000 INFO] ... LUT mapping end (Real time : 14s)
[EFX-0000 INFO] ... Post-synthesis Verific netlist creation begin
[EFX-0000 INFO] ... Post-synthesis Verific netlist creation end (Real time : 0s)
[EFX-0000 INFO] ... Postmap Retiming Optimization begin
[EFX-0000 INFO] ... Clock Network n3 with 3169 loads will be considered for retiming optimization.
[EFX-0000 INFO] ... Clock Network n25 with 461 loads will be considered for retiming optimization.
[EFX-0000 INFO] ... Clock Network n13 with 45 loads will be considered for retiming optimization.
[EFX-0000 INFO] ... Performed 5 retime moves.
[EFX-0000 INFO] ... Postmap Retiming Optimization end (Real time : 0s)
[EFX-0000 INFO] ... Post-synthesis Verific netlist unification/params processing begin
[EFX-0000 INFO] ... Post-synthesis Verific netlist unification/params processing end (Real time : 1s)
[EFX-0000 INFO] Resource Summary 
[EFX-0000 INFO] =============================== 
[EFX-0000 INFO] EFX_ADD         : 	585
[EFX-0000 INFO] EFX_LUT4        : 	4798
[EFX-0000 INFO] EFX_FF          : 	3512
[EFX-0000 INFO] EFX_RAM_5K      : 	105
[EFX-0000 INFO] EFX_DPRAM_5K    : 	4
[EFX-0000 INFO] EFX_GBUFCE      : 	3
[EFX-0000 INFO] =============================== 

///////////////////////////////////
// Efinity Synthesis Started 
// Mar 13, 2023 15:27:38
///////////////////////////////////

[EFX-0012 VERI-INFO] default VHDL library search path is now "E:/Efinity/2022.2/sim_models/vhdl/packages/vhdl_2008" (VHDL-1504) 
[EFX-0012 VERI-INFO] undeclared symbol 'la_capture_mask', assumed default net type 'wire' (VERI-2561) (E:/Efinity/project/fnetriong/work_dbg/debug_top.v:4416)
[EFX-0012 VERI-INFO] undeclared symbol 'next_segment_pointer_eq', assumed default net type 'wire' (VERI-2561) (E:/Efinity/project/fnetriong/work_dbg/debug_top.v:4774)
[EFX-0012 VERI-INFO] undeclared symbol 'next_segment_msb_xor', assumed default net type 'wire' (VERI-2561) (E:/Efinity/project/fnetriong/work_dbg/debug_top.v:4775)
[EFX-0011 VERI-WARNING] port 'probe16' remains unconnected for this instance (VERI-1927) (E:/Efinity/project/fnetriong/work_dbg/debug_top.v:164)
[EFX-0012 VERI-INFO] compiling module 'edb_top' (VERI-1018) (E:/Efinity/project/fnetriong/work_dbg/debug_top.v:10)
[EFX-0012 VERI-INFO] compiling module 'edb_la_top_renamed_due_excessive_length_1' (VERI-1018) (E:/Efinity/project/fnetriong/work_dbg/debug_top.v:537)
[EFX-0011 VERI-WARNING] expression size 256 truncated to fit in target size 64 (VERI-1209) (E:/Efinity/project/fnetriong/work_dbg/debug_top.v:3633)
[EFX-0012 VERI-INFO] compiling module 'edb_adbg_crc32' (VERI-1018) (E:/Efinity/project/fnetriong/work_dbg/debug_top.v:238)
[EFX-0012 VERI-INFO] compiling module 'compare_unit(WIDTH=11'b01,PIPE=1)' (VERI-1018) (E:/Efinity/project/fnetriong/work_dbg/debug_top.v:5497)
[EFX-0012 VERI-INFO] compiling module 'trigger_unit(WIDTH=32'b010000,PIPE=1)' (VERI-1018) (E:/Efinity/project/fnetriong/work_dbg/debug_top.v:5702)
[EFX-0012 VERI-INFO] compiling module 'la_biu(CAPTURE_WIDTH=32'b010000)' (VERI-1018) (E:/Efinity/project/fnetriong/work_dbg/debug_top.v:4851)
[EFX-0012 VERI-INFO] compiling module 'fifo_with_read(DATA_WIDTH=32'b010001)' (VERI-1018) (E:/Efinity/project/fnetriong/work_dbg/debug_top.v:4593)
[EFX-0012 VERI-INFO] compiling module 'fifo_address_trancode_unit' (VERI-1018) (E:/Efinity/project/fnetriong/work_dbg/debug_top.v:4543)
[EFX-0012 VERI-INFO] compiling module 'edb_simple_dual_port_ram(DATA_WIDTH=32'b010001,ADDR_WIDTH=10,RAM_INIT_FILE="")' (VERI-1018) (E:/Efinity/project/fnetriong/work_dbg/debug_top.v:447)
[EFX-0012 VERI-INFO] extracting RAM for identifier 'ram' (VERI-2571) (E:/Efinity/project/fnetriong/work_dbg/debug_top.v:462)
[EFX-0012 VERI-INFO] compiling module 'debug_hub' (VERI-1018) (E:/Efinity/project/fnetriong/work_dbg/debug_top.v:316)
[EFX-0011 VERI-WARNING] input port 'probe16[0]' remains unconnected for this instance (VDB-1053) (E:/Efinity/project/fnetriong/work_dbg/debug_top.v:128)
[EFX-0000 INFO] Setting Synthesis Option: mode=speed
[EFX-0012 VERI-INFO] compiling module 'EFX_ADD' (VERI-1018) (E:/Efinity/2022.2/sim_models/maplib/efinix_maplib.v:6)
[EFX-0012 VERI-INFO] compiling module 'EFX_FF' (VERI-1018) (E:/Efinity/2022.2/sim_models/maplib/efinix_maplib.v:19)
[EFX-0012 VERI-INFO] compiling module 'EFX_COMB4' (VERI-1018) (E:/Efinity/2022.2/sim_models/maplib/efinix_maplib.v:36)
[EFX-0012 VERI-INFO] compiling module 'EFX_GBUFCE' (VERI-1018) (E:/Efinity/2022.2/sim_models/maplib/efinix_maplib.v:46)
[EFX-0012 VERI-INFO] compiling module 'EFX_IDDR' (VERI-1018) (E:/Efinity/2022.2/sim_models/maplib/efinix_maplib.v:55)
[EFX-0012 VERI-INFO] compiling module 'EFX_ODDR' (VERI-1018) (E:/Efinity/2022.2/sim_models/maplib/efinix_maplib.v:69)
[EFX-0012 VERI-INFO] compiling module 'EFX_IOBUF' (VERI-1018) (E:/Efinity/2022.2/sim_models/maplib/efinix_maplib.v:85)
[EFX-0012 VERI-INFO] compiling module 'EFX_LUT4' (VERI-1018) (E:/Efinity/2022.2/sim_models/maplib/efinix_maplib.v:97)
[EFX-0012 VERI-INFO] compiling module 'EFX_MULT' (VERI-1018) (E:/Efinity/2022.2/sim_models/maplib/efinix_maplib.v:105)
[EFX-0012 VERI-INFO] compiling module 'EFX_DSP48' (VERI-1018) (E:/Efinity/2022.2/sim_models/maplib/efinix_maplib.v:140)
[EFX-0012 VERI-INFO] compiling module 'EFX_DSP24' (VERI-1018) (E:/Efinity/2022.2/sim_models/maplib/efinix_maplib.v:196)
[EFX-0012 VERI-INFO] compiling module 'EFX_DSP12' (VERI-1018) (E:/Efinity/2022.2/sim_models/maplib/efinix_maplib.v:249)
[EFX-0012 VERI-INFO] compiling module 'EFX_RAM_4K' (VERI-1018) (E:/Efinity/2022.2/sim_models/maplib/efinix_maplib.v:302)
[EFX-0012 VERI-INFO] compiling module 'EFX_RAM_5K' (VERI-1018) (E:/Efinity/2022.2/sim_models/maplib/efinix_maplib.v:362)
[EFX-0012 VERI-INFO] compiling module 'EFX_DPRAM_5K' (VERI-1018) (E:/Efinity/2022.2/sim_models/maplib/efinix_maplib.v:434)
[EFX-0012 VERI-INFO] compiling module 'RAMB5' (VERI-1018) (E:/Efinity/2022.2/sim_models/maplib/efinix_maplib.v:539)
[EFX-0012 VERI-INFO] compiling module 'EFX_RAM_10K' (VERI-1018) (E:/Efinity/2022.2/sim_models/maplib/efinix_maplib.v:601)
[EFX-0012 VERI-INFO] compiling module 'EFX_RAM10' (VERI-1018) (E:/Efinity/2022.2/sim_models/maplib/efinix_maplib.v:693)
[EFX-0012 VERI-INFO] compiling module 'EFX_DPRAM10' (VERI-1018) (E:/Efinity/2022.2/sim_models/maplib/efinix_maplib.v:794)
[EFX-0012 VERI-INFO] compiling module 'EFX_SRL8' (VERI-1018) (E:/Efinity/2022.2/sim_models/maplib/efinix_maplib.v:924)
[EFX-0000 INFO] ... Pre-synthesis checks begin
[EFX-0200 WARNING] Removing redundant signal : compared_in[0]. (E:/Efinity/project/fnetriong/work_dbg/debug_top.v:5503)
[EFX-0200 WARNING] Removing redundant signal : mask_in[0]. (E:/Efinity/project/fnetriong/work_dbg/debug_top.v:5504)
[EFX-0200 WARNING] Removing redundant signal : trigger_in. (E:/Efinity/project/fnetriong/work_dbg/debug_top.v:5714)
[EFX-0677 INFO] Zero initialization of uninitialized memory block 'ram'. (E:/Efinity/project/fnetriong/work_dbg/debug_top.v:462)
[EFX-0200 WARNING] Removing redundant signal : din[16]. (E:/Efinity/project/fnetriong/work_dbg/debug_top.v:4606)
[EFX-0200 WARNING] Removing redundant signal : trig_out. (E:/Efinity/project/fnetriong/work_dbg/debug_top.v:4885)
[EFX-0200 WARNING] Removing redundant signal : trig_out_ack. (E:/Efinity/project/fnetriong/work_dbg/debug_top.v:4886)
[EFX-0200 WARNING] Removing redundant signal : bscan_DRCK. (E:/Efinity/project/fnetriong/work_dbg/debug_top.v:1070)
[EFX-0200 WARNING] Removing redundant signal : bscan_RUNTEST. (E:/Efinity/project/fnetriong/work_dbg/debug_top.v:1072)
[EFX-0200 WARNING] Removing redundant signal : bscan_SEL. (E:/Efinity/project/fnetriong/work_dbg/debug_top.v:1073)
[EFX-0200 WARNING] Removing redundant signal : bscan_TMS. (E:/Efinity/project/fnetriong/work_dbg/debug_top.v:1077)
[EFX-0200 WARNING] Removing redundant signal : trig_in_ack. (E:/Efinity/project/fnetriong/work_dbg/debug_top.v:1088)
[EFX-0200 WARNING] Removing redundant signal : mux_capture_cmp[15]. (E:/Efinity/project/fnetriong/work_dbg/debug_top.v:3494)
[EFX-0200 WARNING] Removing redundant signal : mux_capture_cmp[14]. (E:/Efinity/project/fnetriong/work_dbg/debug_top.v:3494)
[EFX-0200 WARNING] Removing redundant signal : mux_capture_cmp[13]. (E:/Efinity/project/fnetriong/work_dbg/debug_top.v:3494)
[EFX-0200 WARNING] Removing redundant signal : mux_capture_cmp[12]. (E:/Efinity/project/fnetriong/work_dbg/debug_top.v:3494)
[EFX-0200 WARNING] Removing redundant signal : mux_capture_cmp[11]. (E:/Efinity/project/fnetriong/work_dbg/debug_top.v:3494)
[EFX-0200 WARNING] Removing redundant signal : mux_capture_cmp[10]. (E:/Efinity/project/fnetriong/work_dbg/debug_top.v:3494)
[EFX-0200 WARNING] Removing redundant signal : mux_capture_cmp[9]. (E:/Efinity/project/fnetriong/work_dbg/debug_top.v:3494)
[EFX-0200 WARNING] Removing redundant signal : mux_capture_cmp[8]. (E:/Efinity/project/fnetriong/work_dbg/debug_top.v:3494)
[EFX-0200 WARNING] Removing redundant signal : mux_capture_cmp[7]. (E:/Efinity/project/fnetriong/work_dbg/debug_top.v:3494)
[EFX-0266 WARNING] Module Instance 'la0' input pin tied to constant (trig_in=0).
[EFX-0266 WARNING] Module Instance 'la0' input pin tied to constant (trig_out_ack=0).
[EFX-0201 WARNING] Re-wiring to GND non-driven net 'la0.probe16[0]'. (E:/Efinity/project/fnetriong/work_dbg/debug_top.v:128)
[EFX-0201 WARNING] Re-wiring to GND non-driven net 'la0.probe17[0]'. (E:/Efinity/project/fnetriong/work_dbg/debug_top.v:128)
[EFX-0201 WARNING] Re-wiring to GND non-driven net 'la0.probe18[0]'. (E:/Efinity/project/fnetriong/work_dbg/debug_top.v:128)
[EFX-0201 WARNING] Re-wiring to GND non-driven net 'la0.probe19[0]'. (E:/Efinity/project/fnetriong/work_dbg/debug_top.v:128)
[EFX-0201 WARNING] Re-wiring to GND non-driven net 'la0.probe20[0]'. (E:/Efinity/project/fnetriong/work_dbg/debug_top.v:128)
[EFX-0201 WARNING] Re-wiring to GND non-driven net 'la0.probe21[0]'. (E:/Efinity/project/fnetriong/work_dbg/debug_top.v:128)
[EFX-0201 WARNING] Re-wiring to GND non-driven net 'la0.probe22[0]'. (E:/Efinity/project/fnetriong/work_dbg/debug_top.v:128)
[EFX-0201 WARNING] Re-wiring to GND non-driven net 'la0.probe23[0]'. (E:/Efinity/project/fnetriong/work_dbg/debug_top.v:128)
[EFX-0201 WARNING] Re-wiring to GND non-driven net 'la0.probe24[0]'. (E:/Efinity/project/fnetriong/work_dbg/debug_top.v:128)
[EFX-0201 WARNING] Re-wiring to GND non-driven net 'la0.probe25[0]'. (E:/Efinity/project/fnetriong/work_dbg/debug_top.v:128)
[EFX-0000 INFO] ... Pre-synthesis checks end (Real time : 0s)
[EFX-0000 INFO] ... NameSpace init begin
[EFX-0000 INFO] ... NameSpace init end (Real time : 0s)
[EFX-0000 INFO] ... Mapping design "edb_top"
[EFX-0000 INFO] ... Hierarchical pre-synthesis "edb_adbg_crc32" begin
[EFX-0000 INFO] ... Hierarchical pre-synthesis "edb_adbg_crc32" end (Real time : 0s)
[EFX-0000 INFO] ... Hierarchical pre-synthesis "compare_unit(WIDTH=11'b01,PIPE=1)" begin
[EFX-0000 INFO] ... Hierarchical pre-synthesis "compare_unit(WIDTH=11'b01,PIPE=1)" end (Real time : 0s)
[EFX-0000 INFO] ... Hierarchical pre-synthesis "trigger_unit(WIDTH=32'b010000,PIPE=1)" begin
[EFX-0000 INFO] ... Hierarchical pre-synthesis "trigger_unit(WIDTH=32'b010000,PIPE=1)" end (Real time : 0s)
[EFX-0000 INFO] ... Hierarchical pre-synthesis "fifo_address_trancode_unit" begin
[EFX-0000 INFO] ... Hierarchical pre-synthesis "fifo_address_trancode_unit" end (Real time : 0s)
[EFX-0000 INFO] ... Hierarchical pre-synthesis "edb_simple_dual_port_ram(DATA_WIDTH=32'b010001,ADDR_WIDTH=10,RAM_INIT_FILE="")" begin
[EFX-0000 INFO] ... Hierarchical pre-synthesis "edb_simple_dual_port_ram(DATA_WIDTH=32'b010001,ADDR_WIDTH=10,RAM_INIT_FILE="")" end (Real time : 0s)
[EFX-0000 INFO] ... Hierarchical pre-synthesis "fifo_with_read(DATA_WIDTH=32'b010001)" begin
[EFX-0000 INFO] ... Hierarchical pre-synthesis "fifo_with_read(DATA_WIDTH=32'b010001)" end (Real time : 0s)
[EFX-0000 INFO] ... Hierarchical pre-synthesis "la_biu(CAPTURE_WIDTH=32'b010000)" begin
[EFX-0000 INFO] ... Hierarchical pre-synthesis "la_biu(CAPTURE_WIDTH=32'b010000)" end (Real time : 0s)
[EFX-0000 INFO] ... Hierarchical pre-synthesis "edb_la_top_renamed_due_excessive_length_1" begin
[EFX-0000 INFO] ... Hierarchical pre-synthesis "edb_la_top_renamed_due_excessive_length_1" end (Real time : 0s)
[EFX-0000 INFO] ... Hierarchical pre-synthesis "debug_hub" begin
[EFX-0000 INFO] ... Hierarchical pre-synthesis "debug_hub" end (Real time : 0s)
[EFX-0000 INFO] ... Hierarchical pre-synthesis "edb_top" begin
[EFX-0000 INFO] ... Clock Enable Synthesis Performed on 130 flops.
[EFX-0000 INFO] ... Hierarchical pre-synthesis "edb_top" end (Real time : 1s)
[EFX-0000 INFO] ... Flat optimizations begin
[EFX-0000 INFO] ... Flat optimizations end (Real time : 0s)
[EFX-0000 INFO] ... Flat synthesis begin
[EFX-0000 INFO] ... Flat synthesis end (Real time : 0s)
[EFX-0000 INFO] ... Flat optimizations begin
[EFX-0000 INFO] ... Flat optimizations end (Real time : 0s)
[EFX-0000 INFO] ... Check and break combinational loops begin
[EFX-0000 INFO] ... Check and break combinational loops end (Real time : 0s)
[EFX-0000 INFO] ... Sequential Optimization begin
[EFX-0000 INFO] ... Clock Network bscan_TCK with 431 loads will be considered for sequential optimization.
[EFX-0000 INFO] ... Clock Network la0_clk with 299 loads will be considered for sequential optimization.
[EFX-0000 INFO] ... Sequential Optimization deduced 310 equivalent points.
[EFX-0000 INFO] ... Sequential Optimization end (Real time : 10s)
[EFX-0000 INFO] ... SOP modeling begin
[EFX-0000 INFO] ... SOP modeling end (Real time : 0s)
[EFX-0000 INFO] ... LUT mapping begin
[EFX-0000 INFO] ... LS, strategy: 3, nd: 809, ed: 2663, lv: 7, pw: 1648.25
[EFX-0000 INFO] ... LUT mapping end (Real time : 4s)
[EFX-0000 INFO] ... Post-synthesis Verific netlist creation begin
[EFX-0000 INFO] ... Post-synthesis Verific netlist creation end (Real time : 0s)
[EFX-0000 INFO] ... Postmap Retiming Optimization begin
[EFX-0000 INFO] ... Clock Network n9 with 431 loads will be considered for retiming optimization.
[EFX-0000 INFO] ... Clock Network n13 with 299 loads will be considered for retiming optimization.
[EFX-0000 INFO] ... Performed 0 retime moves.
[EFX-0000 INFO] ... Postmap Retiming Optimization end (Real time : 0s)
[EFX-0000 INFO] ... Post-synthesis Verific netlist unification/params processing begin
[EFX-0000 INFO] ... Post-synthesis Verific netlist unification/params processing end (Real time : 0s)
[EFX-0011 VERI-WARNING] Input/Inout Port bscan_DRCK is unconnected and will be removed 
[EFX-0011 VERI-WARNING] Input/Inout Port bscan_RUNTEST is unconnected and will be removed 
[EFX-0011 VERI-WARNING] Input/Inout Port bscan_TMS is unconnected and will be removed 
[EFX-0012 VERI-INFO] Found 3 warnings in the post-synthesis netlist. 
[EFX-0000 INFO] Resource Summary 
[EFX-0000 INFO] =============================== 
[EFX-0000 INFO] EFX_ADD         : 	88
[EFX-0000 INFO] EFX_LUT4        : 	794
[EFX-0000 INFO] EFX_FF          : 	710
[EFX-0000 INFO] EFX_RAM_5K      : 	5
[EFX-0000 INFO] EFX_GBUFCE      : 	2
[EFX-0000 INFO] =============================== 

///////////////////////////////////
// Efinity Synthesis Started 
// Mar 13, 2023 15:27:58
///////////////////////////////////

[EFX-0000 INFO] Setting Synthesis Option: mode=speed
[EFX-0000 INFO] ... Pre-synthesis checks begin
[EFX-0266 WARNING] Module Instance 'fifo' input pin tied to constant (out_want_b=1).
[EFX-0200 WARNING] Removing redundant signal : start_found. (E:\Efinity\project\fnetriong\efnet_octet_to_word.vhd:60)
[EFX-0200 WARNING] Removing redundant signal : packet_start. (E:\Efinity\project\fnetriong\efnet_octet_to_word.vhd:62)
[EFX-0200 WARNING] Removing redundant signal : packet_end. (E:\Efinity\project\fnetriong\efnet_octet_to_word.vhd:63)
[EFX-0200 WARNING] Removing redundant signal : word[15]. (E:\Efinity\project\fnetriong\efnet_octet_to_word.vhd:65)
[EFX-0200 WARNING] Removing redundant signal : word[14]. (E:\Efinity\project\fnetriong\efnet_octet_to_word.vhd:65)
[EFX-0200 WARNING] Removing redundant signal : word[13]. (E:\Efinity\project\fnetriong\efnet_octet_to_word.vhd:65)
[EFX-0200 WARNING] Removing redundant signal : word[12]. (E:\Efinity\project\fnetriong\efnet_octet_to_word.vhd:65)
[EFX-0200 WARNING] Removing redundant signal : word[11]. (E:\Efinity\project\fnetriong\efnet_octet_to_word.vhd:65)
[EFX-0200 WARNING] Removing redundant signal : word[10]. (E:\Efinity\project\fnetriong\efnet_octet_to_word.vhd:65)
[EFX-0200 WARNING] Removing redundant signal : word[9]. (E:\Efinity\project\fnetriong\efnet_octet_to_word.vhd:65)
[EFX-0200 WARNING] Removing redundant signal : word[8]. (E:\Efinity\project\fnetriong\efnet_octet_to_word.vhd:65)
[EFX-0200 WARNING] Removing redundant signal : word[7]. (E:\Efinity\project\fnetriong\efnet_octet_to_word.vhd:65)
[EFX-0200 WARNING] Removing redundant signal : word[6]. (E:\Efinity\project\fnetriong\efnet_octet_to_word.vhd:65)
[EFX-0200 WARNING] Removing redundant signal : word[5]. (E:\Efinity\project\fnetriong\efnet_octet_to_word.vhd:65)
[EFX-0200 WARNING] Removing redundant signal : word[4]. (E:\Efinity\project\fnetriong\efnet_octet_to_word.vhd:65)
[EFX-0200 WARNING] Removing redundant signal : word[3]. (E:\Efinity\project\fnetriong\efnet_octet_to_word.vhd:65)
[EFX-0200 WARNING] Removing redundant signal : word[2]. (E:\Efinity\project\fnetriong\efnet_octet_to_word.vhd:65)
[EFX-0200 WARNING] Removing redundant signal : word[1]. (E:\Efinity\project\fnetriong\efnet_octet_to_word.vhd:65)
[EFX-0200 WARNING] Removing redundant signal : word[0]. (E:\Efinity\project\fnetriong\efnet_octet_to_word.vhd:65)
[EFX-0200 WARNING] Removing redundant signal : octet_counter[0]. (E:\Efinity\project\fnetriong\efnet_octet_to_word.vhd:66)
[EFX-0266 WARNING] Module Instance 'out_sm' input pin tied to constant (idx_tcp_prep[0][31]=0).
[EFX-0266 WARNING] Module Instance 'out_sm' input pin tied to constant (idx_tcp_prep[0][30]=0).
[EFX-0266 WARNING] Module Instance 'out_sm' input pin tied to constant (idx_tcp_prep[0][29]=0).
[EFX-0266 WARNING] Module Instance 'out_sm' input pin tied to constant (idx_tcp_prep[0][28]=0).
[EFX-0266 WARNING] Module Instance 'out_sm' input pin tied to constant (idx_tcp_prep[0][27]=0).
[EFX-0266 WARNING] Module Instance 'out_sm' input pin tied to constant (idx_tcp_prep[0][26]=0).
[EFX-0266 WARNING] Module Instance 'out_sm' input pin tied to constant (idx_tcp_prep[0][25]=0).
[EFX-0266 WARNING] Module Instance 'out_sm' input pin tied to constant (idx_tcp_prep[0][24]=0).
[EFX-0266 WARNING] Module Instance 'out_sm' input pin tied to constant (idx_tcp_prep[0][23]=0).
[EFX-0266 WARNING] Module Instance 'out_sm' input pin tied to constant (idx_tcp_prep[0][22]=0).
[EFX-0266 WARNING] Module Instance 'out_sm' input pin tied to constant (idx_tcp_prep[0][21]=0).
[EFX-0266 WARNING] Module Instance 'out_sm' input pin tied to constant (idx_tcp_prep[0][20]=0).
[EFX-0266 WARNING] Module Instance 'out_sm' input pin tied to constant (idx_tcp_prep[0][19]=0).
[EFX-0266 WARNING] Module Instance 'out_sm' input pin tied to constant (idx_tcp_prep[0][18]=0).
[EFX-0266 WARNING] Module Instance 'out_sm' input pin tied to constant (idx_tcp_prep[0][17]=0).
[EFX-0266 WARNING] Module Instance 'out_sm' input pin tied to constant (idx_tcp_prep[0][16]=0).
[EFX-0266 WARNING] Module Instance 'out_sm' input pin tied to constant (idx_tcp_prep[0][15]=0).
[EFX-0266 WARNING] Module Instance 'out_sm' input pin tied to constant (idx_tcp_prep[0][14]=0).
[EFX-0266 WARNING] Module Instance 'out_sm' input pin tied to constant (idx_tcp_prep[0][13]=0).
[EFX-0266 WARNING] Module Instance 'out_sm' input pin tied to constant (idx_tcp_prep[0][12]=0).
[EFX-0266 WARNING] Module Instance 'out_sm' input pin tied to constant (idx_tcp_prep[0][11]=0).
[EFX-0266 WARNING] Module Instance 'out_sm' input pin tied to constant (idx_tcp_prep[0][10]=0).
[EFX-0266 WARNING] Module Instance 'out_sm' input pin tied to constant (idx_tcp_prep[0][9]=0).
[EFX-0266 WARNING] Module Instance 'out_sm' input pin tied to constant (idx_tcp_prep[0][8]=0).
[EFX-0266 WARNING] Module Instance 'out_sm' input pin tied to constant (idx_tcp_prep[0][7]=0).
[EFX-0266 WARNING] Module Instance 'out_sm' input pin tied to constant (idx_tcp_prep[0][6]=0).
[EFX-0266 WARNING] Module Instance 'out_sm' input pin tied to constant (idx_tcp_prep[0][5]=0).
[EFX-0266 WARNING] Module Instance 'out_sm' input pin tied to constant (idx_tcp_prep[0][4]=0).
[EFX-0266 WARNING] Module Instance 'out_sm' input pin tied to constant (idx_tcp_prep[0][3]=0).
[EFX-0266 WARNING] Module Instance 'out_sm' input pin tied to constant (idx_tcp_prep[0][2]=1).
[EFX-0266 WARNING] Module Instance 'out_sm' input pin tied to constant (idx_tcp_prep[0][1]=0).
[EFX-0266 WARNING] Module Instance 'out_sm' input pin tied to constant (idx_tcp_prep[0][0]=1).
[EFX-0266 WARNING] Module Instance 'out_sm' input pin tied to constant (idx_tcp_prep[1][31]=0).
[EFX-0266 WARNING] Module Instance 'out_sm' input pin tied to constant (idx_tcp_prep[1][30]=0).
[EFX-0266 WARNING] Module Instance 'out_sm' input pin tied to constant (idx_tcp_prep[1][29]=0).
[EFX-0266 WARNING] Module Instance 'out_sm' input pin tied to constant (idx_tcp_prep[1][28]=0).
[EFX-0266 WARNING] Module Instance 'out_sm' input pin tied to constant (idx_tcp_prep[1][27]=0).
[EFX-0266 WARNING] Module Instance 'out_sm' input pin tied to constant (idx_tcp_prep[1][26]=0).
[EFX-0266 WARNING] Module Instance 'out_sm' input pin tied to constant (idx_tcp_prep[1][25]=0).
[EFX-0266 WARNING] Module Instance 'out_sm' input pin tied to constant (idx_tcp_prep[1][24]=0).
[EFX-0266 WARNING] Module Instance 'out_sm' input pin tied to constant (idx_tcp_prep[1][23]=0).
[EFX-0266 WARNING] Module Instance 'out_sm' input pin tied to constant (idx_tcp_prep[1][22]=0).
[EFX-0266 WARNING] Module Instance 'out_sm' input pin tied to constant (idx_tcp_prep[1][21]=0).
[EFX-0266 WARNING] Module Instance 'out_sm' input pin tied to constant (idx_tcp_prep[1][20]=0).
[EFX-0266 WARNING] Module Instance 'out_sm' input pin tied to constant (idx_tcp_prep[1][19]=0).
[EFX-0266 WARNING] Module Instance 'out_sm' input pin tied to constant (idx_tcp_prep[1][18]=0).
[EFX-0266 WARNING] Module Instance 'out_sm' input pin tied to constant (idx_tcp_prep[1][17]=0).
[EFX-0266 WARNING] Module Instance 'out_sm' input pin tied to constant (idx_tcp_prep[1][16]=0).
[EFX-0266 WARNING] Module Instance 'out_sm' input pin tied to constant (idx_tcp_prep[1][15]=0).
[EFX-0266 WARNING] Module Instance 'out_sm' input pin tied to constant (idx_tcp_prep[1][14]=0).
[EFX-0266 WARNING] Module Instance 'out_sm' input pin tied to constant (idx_tcp_prep[1][13]=0).
[EFX-0266 WARNING] Module Instance 'out_sm' input pin tied to constant (idx_tcp_prep[1][12]=0).
[EFX-0266 WARNING] Module Instance 'out_sm' input pin tied to constant (idx_tcp_prep[1][11]=0).
[EFX-0266 WARNING] Module Instance 'out_sm' input pin tied to constant (idx_tcp_prep[1][10]=0).
[EFX-0266 WARNING] Module Instance 'out_sm' input pin tied to constant (idx_tcp_prep[1][9]=0).
[EFX-0266 WARNING] Module Instance 'out_sm' input pin tied to constant (idx_tcp_prep[1][8]=0).
[EFX-0266 WARNING] Module Instance 'out_sm' input pin tied to constant (idx_tcp_prep[1][7]=0).
[EFX-0266 WARNING] Module Instance 'out_sm' input pin tied to constant (idx_tcp_prep[1][6]=0).
[EFX-0266 WARNING] Module Instance 'out_sm' input pin tied to constant (idx_tcp_prep[1][5]=0).
[EFX-0266 WARNING] Module Instance 'out_sm' input pin tied to constant (idx_tcp_prep[1][4]=0).
[EFX-0266 WARNING] Module Instance 'out_sm' input pin tied to constant (idx_tcp_prep[1][3]=0).
[EFX-0266 WARNING] Module Instance 'out_sm' input pin tied to constant (idx_tcp_prep[1][2]=1).
[EFX-0266 WARNING] Module Instance 'out_sm' input pin tied to constant (idx_tcp_prep[1][1]=1).
[EFX-0266 WARNING] Module Instance 'out_sm' input pin tied to constant (idx_tcp_prep[1][0]=0).
[EFX-0266 WARNING] Module Instance 'out_sm' input pin tied to constant (idx_gen[31]=0).
[EFX-0266 WARNING] Module Instance 'out_sm' input pin tied to constant (idx_gen[30]=0).
[EFX-0266 WARNING] Module Instance 'out_sm' input pin tied to constant (idx_gen[29]=0).
[EFX-0266 WARNING] Module Instance 'out_sm' input pin tied to constant (idx_gen[28]=0).
[EFX-0266 WARNING] Module Instance 'out_sm' input pin tied to constant (idx_gen[27]=0).
[EFX-0266 WARNING] Module Instance 'out_sm' input pin tied to constant (idx_gen[26]=0).
[EFX-0266 WARNING] Module Instance 'out_sm' input pin tied to constant (idx_gen[25]=0).
[EFX-0266 WARNING] Module Instance 'out_sm' input pin tied to constant (idx_gen[24]=0).
[EFX-0266 WARNING] Module Instance 'out_sm' input pin tied to constant (idx_gen[23]=0).
[EFX-0266 WARNING] Module Instance 'out_sm' input pin tied to constant (idx_gen[22]=0).
[EFX-0266 WARNING] Module Instance 'out_sm' input pin tied to constant (idx_gen[21]=0).
[EFX-0266 WARNING] Module Instance 'out_sm' input pin tied to constant (idx_gen[20]=0).
[EFX-0266 WARNING] Module Instance 'out_sm' input pin tied to constant (idx_gen[19]=0).
[EFX-0266 WARNING] Module Instance 'out_sm' input pin tied to constant (idx_gen[18]=0).
[EFX-0266 WARNING] Module Instance 'out_sm' input pin tied to constant (idx_gen[17]=0).
[EFX-0266 WARNING] Module Instance 'out_sm' input pin tied to constant (idx_gen[16]=0).
[EFX-0266 WARNING] Module Instance 'out_sm' input pin tied to constant (idx_gen[15]=0).
[EFX-0266 WARNING] Module Instance 'out_sm' input pin tied to constant (idx_gen[14]=0).
[EFX-0266 WARNING] Module Instance 'out_sm' input pin tied to constant (idx_gen[13]=0).
[EFX-0266 WARNING] Module Instance 'out_sm' input pin tied to constant (idx_gen[12]=0).
[EFX-0266 WARNING] Module Instance 'out_sm' input pin tied to constant (idx_gen[11]=0).
[EFX-0266 WARNING] Module Instance 'out_sm' input pin tied to constant (idx_gen[10]=0).
[EFX-0266 WARNING] Module Instance 'out_sm' input pin tied to constant (idx_gen[9]=0).
[EFX-0266 WARNING] Module Instance 'out_sm' input pin tied to constant (idx_gen[8]=0).
[EFX-0266 WARNING] Module Instance 'out_sm' input pin tied to constant (idx_gen[7]=0).
[EFX-0266 WARNING] Module Instance 'out_sm' input pin tied to constant (idx_gen[6]=0).
[EFX-0266 WARNING] Module Instance 'out_sm' input pin tied to constant (idx_gen[5]=0).
[EFX-0266 WARNING] Module Instance 'out_sm' input pin tied to constant (idx_gen[4]=0).
[EFX-0266 WARNING] Module Instance 'out_sm' input pin tied to constant (idx_gen[3]=0).
[EFX-0266 WARNING] Module Instance 'out_sm' input pin tied to constant (idx_gen[2]=0).
[EFX-0266 WARNING] Module Instance 'out_sm' input pin tied to constant (idx_gen[1]=0).
[EFX-0266 WARNING] Module Instance 'out_sm' input pin tied to constant (idx_gen[0]=1).
[EFX-0266 WARNING] Module Instance 'mdio' input pin tied to constant (b_req_data[31]=0).
[EFX-0266 WARNING] Module Instance 'mdio' input pin tied to constant (b_req_data[30]=0).
[EFX-0266 WARNING] Module Instance 'mdio' input pin tied to constant (b_req_data[29]=0).
[EFX-0201 WARNING] Re-wiring to GND non-driven net 'ram_udp_regidp.prod2.set_again'. (E:\Efinity\project\fnetriong\fakernet_module.vhd:134)
[EFX-0201 WARNING] Re-wiring to GND non-driven net 'ram_tcp_template.prod2.set_again'. (E:\Efinity\project\fnetriong\fakernet_module.vhd:136)
[EFX-0201 WARNING] Re-wiring to GND non-driven net 'ram_tcp_prep2[0].prod2.set_again'. (E:\Efinity\project\fnetriong\fakernet_module.vhd:137)
[EFX-0201 WARNING] Re-wiring to GND non-driven net 'ram_tcp_prep2[1].prod2.set_again'. (E:\Efinity\project\fnetriong\fakernet_module.vhd:137)
[EFX-0031 INFO] 'i4' instance is encountered with don't-care(1'bx) input, rewiring to GND. (E:\Efinity\project\fnetriong\fnetriong.vhd:104)
[EFX-0000 INFO] ... Pre-synthesis checks end (Real time : 0s)
[EFX-0000 INFO] ... NameSpace init begin
[EFX-0000 INFO] ... NameSpace init end (Real time : 0s)
[EFX-0000 INFO] ... Mapping design "fnetriong"
[EFX-0000 INFO] ... Hierarchical pre-synthesis "fnet_async_fifo(width=17)" begin
[EFX-0000 INFO] ... Hierarchical pre-synthesis "fnet_async_fifo(width=17)" end (Real time : 0s)
[EFX-0000 INFO] ... Hierarchical pre-synthesis "efnet_octet_to_word" begin
[EFX-0000 INFO] ... Hierarchical pre-synthesis "efnet_octet_to_word" end (Real time : 0s)
[EFX-0000 INFO] ... Hierarchical pre-synthesis "efb_uart_trace_mem(width=32,samples=512)" begin
[EFX-0000 INFO] ... Hierarchical pre-synthesis "efb_uart_trace_mem(width=32,samples=512)" end (Real time : 0s)
[EFX-0000 INFO] ... Hierarchical pre-synthesis "efb_uart_tx(15,0)" begin
[EFX-0000 INFO] ... Hierarchical pre-synthesis "efb_uart_tx(15,0)" end (Real time : 0s)
[EFX-0000 INFO] ... Hierarchical pre-synthesis "efnet_word_to_octet" begin
[EFX-0000 INFO] ... Hierarchical pre-synthesis "efnet_word_to_octet" end (Real time : 0s)
[EFX-0000 INFO] ... Hierarchical pre-synthesis "efnet_data_array_inject(0,0)(31,0)(0,0)(0,0)(9,0)(7,0)" begin
[EFX-0000 INFO] ... Hierarchical pre-synthesis "efnet_data_array_inject(0,0)(31,0)(0,0)(0,0)(9,0)(7,0)" end (Real time : 0s)
[EFX-0000 INFO] ... Hierarchical pre-synthesis "fnet_crc32" begin
[EFX-0000 INFO] ... Hierarchical pre-synthesis "fnet_crc32" end (Real time : 0s)
[EFX-0000 INFO] ... Hierarchical pre-synthesis "fnet_in_state" begin
[EFX-0000 INFO] ... Hierarchical pre-synthesis "fnet_in_state" end (Real time : 1s)
[EFX-0000 INFO] ... Hierarchical pre-synthesis "fnet_dyn_control" begin
[EFX-0000 INFO] ... Hierarchical pre-synthesis "fnet_dyn_control" end (Real time : 0s)
[EFX-0000 INFO] ... Hierarchical pre-synthesis "fnet_ntp_query_control" begin
[EFX-0000 INFO] ... Hierarchical pre-synthesis "fnet_ntp_query_control" end (Real time : 0s)
[EFX-0000 INFO] ... Hierarchical pre-synthesis "fnet_packet_gen" begin
[EFX-0000 INFO] ... Hierarchical pre-synthesis "fnet_packet_gen" end (Real time : 0s)
[EFX-0000 INFO] ... Hierarchical pre-synthesis "fnet_out_state" begin
[EFX-0000 INFO] ... Hierarchical pre-synthesis "fnet_out_state" end (Real time : 0s)
[EFX-0000 INFO] ... Hierarchical pre-synthesis "fnet_out_pipeline" begin
[EFX-0000 INFO] ... Hierarchical pre-synthesis "fnet_out_pipeline" end (Real time : 0s)
[EFX-0000 INFO] ... Hierarchical pre-synthesis "fnet_regaccess" begin
[EFX-0000 INFO] ... Hierarchical pre-synthesis "fnet_regaccess" end (Real time : 0s)
[EFX-0000 INFO] ... Hierarchical pre-synthesis "ram_block_a11d16" begin
[EFX-0000 INFO] ... Hierarchical pre-synthesis "ram_block_a11d16" end (Real time : 0s)
[EFX-0000 INFO] ... Hierarchical pre-synthesis "fnet_local_reg(test_regs=true,lcl_data_gen=true,limit_payload_window=true,debug_regs=true,debug_counters=true,compiletime=1)" begin
[EFX-0000 INFO] ... Hierarchical pre-synthesis "fnet_local_reg(test_regs=true,lcl_data_gen=true,limit_payload_window=true,debug_regs=true,debug_counters=true,compiletime=1)" end (Real time : 0s)
[EFX-0000 INFO] ... Hierarchical pre-synthesis "fnet_tcp_state(data_bufsize_addrbits=13)" begin
[EFX-0000 INFO] ... Hierarchical pre-synthesis "fnet_tcp_state(data_bufsize_addrbits=13)" end (Real time : 0s)
[EFX-0000 INFO] ... Hierarchical pre-synthesis "fnet_tcp_control(data_bufsize_addrbits=13)" begin
[EFX-0000 INFO] ... Hierarchical pre-synthesis "fnet_tcp_control(data_bufsize_addrbits=13)" end (Real time : 0s)
[EFX-0000 INFO] ... Hierarchical pre-synthesis "fnet_tcp_prepare(data_bufsize_addrbits=13)(12,0)(31,0)" begin
[EFX-0000 INFO] ... Hierarchical pre-synthesis "fnet_tcp_prepare(data_bufsize_addrbits=13)(12,0)(31,0)" end (Real time : 1s)
[EFX-0000 INFO] ... Hierarchical pre-synthesis "fnet_tcp_buffer(data_bufsize_addrbits=13)(9,0)(7,0)(7,0)(5,0)(12,0)(31,0)" begin
[EFX-0000 INFO] ... Hierarchical pre-synthesis "fnet_tcp_buffer(data_bufsize_addrbits=13)(9,0)(7,0)(7,0)(5,0)(12,0)(31,0)" end (Real time : 0s)
[EFX-0000 INFO] ... Hierarchical pre-synthesis "fnet_test_datagen(data_bufsize_addrbits=13)" begin
[EFX-0000 INFO] ... Hierarchical pre-synthesis "fnet_test_datagen(data_bufsize_addrbits=13)" end (Real time : 0s)
[EFX-0000 INFO] ... Hierarchical pre-synthesis "fnet_ram_block_data(addrbits=13)" begin
[EFX-0000 INFO] ... Hierarchical pre-synthesis "fnet_ram_block_data(addrbits=13)" end (Real time : 0s)
[EFX-0000 INFO] ... Hierarchical pre-synthesis "fnet_ram_block_stat" begin
[EFX-0000 INFO] ... Hierarchical pre-synthesis "fnet_ram_block_stat" end (Real time : 0s)
[EFX-0000 INFO] ... Hierarchical pre-synthesis "fnet_regacc_aux_stat" begin
[EFX-0000 INFO] ... Hierarchical pre-synthesis "fnet_regacc_aux_stat" end (Real time : 0s)
[EFX-0000 INFO] ... Hierarchical pre-synthesis "fnet_mdio" begin
[EFX-0000 INFO] ... Hierarchical pre-synthesis "fnet_mdio" end (Real time : 0s)
[EFX-0000 INFO] ... Hierarchical pre-synthesis "fakernet_module(data_bufsize_addrbits=13,compiletime=1)(9,0)(7,0)" begin
[EFX-0000 INFO] ... Hierarchical pre-synthesis "fakernet_module(data_bufsize_addrbits=13,compiletime=1)(9,0)(7,0)" end (Real time : 0s)
[EFX-0000 INFO] ... Hierarchical pre-synthesis "efb_common_top(clk_freq=125000000)(0,-1)(31,0)(0,-1)(0,-1)" begin
[EFX-0000 INFO] ... Hierarchical pre-synthesis "efb_common_top(clk_freq=125000000)(0,-1)(31,0)(0,-1)(0,-1)" end (Real time : 1s)
[EFX-0000 INFO] ... Hierarchical pre-synthesis "edb_top" begin
[EFX-0000 INFO] ... Hierarchical pre-synthesis "edb_top" end (Real time : 0s)
[EFX-0000 INFO] ... Hierarchical pre-synthesis "fnetriong" begin
[EFX-0000 INFO] ... Clock Enable Synthesis Performed on 694 flops.
[EFX-0000 INFO] ... Hierarchical pre-synthesis "fnetriong" end (Real time : 2s)
[EFX-0201 WARNING] Re-wiring to GND non-driven net 't/fakernet/dp_ram_arp_icmp.port_a.o.rd'. (E:\Efinity\project\fnetriong\fakernet_module.vhd:144)
[EFX-0201 WARNING] Re-wiring to GND non-driven net 't/fakernet/dp_ram_pkt_gen.port_a.o.rd'. (E:\Efinity\project\fnetriong\fakernet_module.vhd:145)
[EFX-0201 WARNING] Re-wiring to GND non-driven net 't/fakernet/dp_ram_udp_regacc.port_a.o.rd'. (E:\Efinity\project\fnetriong\fakernet_module.vhd:146)
[EFX-0201 WARNING] Re-wiring to GND non-driven net 't/fakernet/dp_ram_udp_regacc.port_b.o.wr'. (E:\Efinity\project\fnetriong\fakernet_module.vhd:146)
[EFX-0201 WARNING] Re-wiring to GND non-driven net 't/fakernet/dp_ram_udp_regidp.port_a.o.rd'. (E:\Efinity\project\fnetriong\fakernet_module.vhd:147)
[EFX-0201 WARNING] Re-wiring to GND non-driven net 't/fakernet/dp_ram_tcp_template.port_a.o.rd'. (E:\Efinity\project\fnetriong\fakernet_module.vhd:150)
[EFX-0000 INFO] ... Flat optimizations begin
[EFX-0000 INFO] ... Flat optimizations end (Real time : 0s)
[EFX-0000 INFO] ... Flat synthesis begin
[EFX-0000 INFO] ... Flat synthesis end (Real time : 0s)
[EFX-0000 INFO] ... Flat optimizations begin
[EFX-0000 INFO] ... Flat optimizations end (Real time : 0s)
[EFX-0000 INFO] ... Check and break combinational loops begin
[EFX-0000 INFO] ... Check and break combinational loops end (Real time : 0s)
[EFX-0000 INFO] ... Sequential Optimization begin
[EFX-0000 INFO] ... Clock Network clk with 3659 loads will be considered for sequential optimization.
[EFX-0000 INFO] ... Clock Network jtag_inst1_TCK with 424 loads will be considered for sequential optimization.
[EFX-0000 INFO] ... Clock Network eth_rx_clk with 45 loads will be considered for sequential optimization.
[EFX-0000 INFO] ... Sequential Optimization deduced 482 equivalent points.
[EFX-0000 INFO] ... Sequential Optimization end (Real time : 19s)
[EFX-0000 INFO] ... SOP modeling begin
[EFX-0000 INFO] ... SOP modeling end (Real time : 0s)
[EFX-0000 INFO] ... LUT mapping begin
[EFX-0000 INFO] ... LS, strategy: 3, nd: 4501, ed: 14675, lv: 7, pw: 12242.00
[EFX-0000 INFO] ... LUT mapping end (Real time : 15s)
[EFX-0000 INFO] ... Post-synthesis Verific netlist creation begin
[EFX-0000 INFO] ... Post-synthesis Verific netlist creation end (Real time : 0s)
[EFX-0000 INFO] ... Postmap Retiming Optimization begin
[EFX-0000 INFO] ... Clock Network n3 with 3578 loads will be considered for retiming optimization.
[EFX-0000 INFO] ... Clock Network n25 with 424 loads will be considered for retiming optimization.
[EFX-0000 INFO] ... Clock Network n13 with 45 loads will be considered for retiming optimization.
[EFX-0000 INFO] ... Performed 2 retime moves.
[EFX-0000 INFO] ... Postmap Retiming Optimization end (Real time : 0s)
[EFX-0000 INFO] ... Post-synthesis Verific netlist unification/params processing begin
[EFX-0000 INFO] ... Post-synthesis Verific netlist unification/params processing end (Real time : 1s)
[EFX-0000 INFO] Resource Summary 
[EFX-0000 INFO] =============================== 
[EFX-0000 INFO] EFX_ADD         : 	659
[EFX-0000 INFO] EFX_LUT4        : 	5139
[EFX-0000 INFO] EFX_FF          : 	3917
[EFX-0000 INFO] EFX_RAM_5K      : 	108
[EFX-0000 INFO] EFX_DPRAM_5K    : 	4
[EFX-0000 INFO] EFX_GBUFCE      : 	3
[EFX-0000 INFO] =============================== 

///////////////////////////////////
// Efinity Synthesis Started 
// Mar 13, 2023 15:58:30
///////////////////////////////////

[EFX-0012 VERI-INFO] default VHDL library search path is now "E:/Efinity/2022.2/sim_models/vhdl/packages/vhdl_2008" (VHDL-1504) 
[EFX-0012 VERI-INFO] undeclared symbol 'la_capture_mask', assumed default net type 'wire' (VERI-2561) (E:/Efinity/project/fnetriong/work_dbg/debug_top.v:4368)
[EFX-0012 VERI-INFO] undeclared symbol 'next_segment_pointer_eq', assumed default net type 'wire' (VERI-2561) (E:/Efinity/project/fnetriong/work_dbg/debug_top.v:4726)
[EFX-0012 VERI-INFO] undeclared symbol 'next_segment_msb_xor', assumed default net type 'wire' (VERI-2561) (E:/Efinity/project/fnetriong/work_dbg/debug_top.v:4727)
[EFX-0011 VERI-WARNING] port 'probe4' remains unconnected for this instance (VERI-1927) (E:/Efinity/project/fnetriong/work_dbg/debug_top.v:116)
[EFX-0012 VERI-INFO] compiling module 'edb_top' (VERI-1018) (E:/Efinity/project/fnetriong/work_dbg/debug_top.v:10)
[EFX-0012 VERI-INFO] compiling module 'edb_la_top_renamed_due_excessive_length_1' (VERI-1018) (E:/Efinity/project/fnetriong/work_dbg/debug_top.v:489)
[EFX-0011 VERI-WARNING] expression size 256 truncated to fit in target size 64 (VERI-1209) (E:/Efinity/project/fnetriong/work_dbg/debug_top.v:3585)
[EFX-0012 VERI-INFO] compiling module 'edb_adbg_crc32' (VERI-1018) (E:/Efinity/project/fnetriong/work_dbg/debug_top.v:190)
[EFX-0012 VERI-INFO] compiling module 'compare_unit(WIDTH=11'b01,PIPE=1)' (VERI-1018) (E:/Efinity/project/fnetriong/work_dbg/debug_top.v:5449)
[EFX-0012 VERI-INFO] compiling module 'compare_unit(WIDTH=11'b01000,PIPE=1)' (VERI-1018) (E:/Efinity/project/fnetriong/work_dbg/debug_top.v:5449)
[EFX-0012 VERI-INFO] compiling module 'compare_unit(WIDTH=11'b0100,PIPE=1)' (VERI-1018) (E:/Efinity/project/fnetriong/work_dbg/debug_top.v:5449)
[EFX-0012 VERI-INFO] compiling module 'trigger_unit(WIDTH=32'b0100,PIPE=1)' (VERI-1018) (E:/Efinity/project/fnetriong/work_dbg/debug_top.v:5654)
[EFX-0012 VERI-INFO] compiling module 'la_biu(CAPTURE_WIDTH=32'b01110)' (VERI-1018) (E:/Efinity/project/fnetriong/work_dbg/debug_top.v:4803)
[EFX-0012 VERI-INFO] compiling module 'fifo_with_read(DATA_WIDTH=32'b01111)' (VERI-1018) (E:/Efinity/project/fnetriong/work_dbg/debug_top.v:4545)
[EFX-0012 VERI-INFO] compiling module 'fifo_address_trancode_unit' (VERI-1018) (E:/Efinity/project/fnetriong/work_dbg/debug_top.v:4495)
[EFX-0012 VERI-INFO] compiling module 'edb_simple_dual_port_ram(DATA_WIDTH=32'b01111,ADDR_WIDTH=10,RAM_INIT_FILE="")' (VERI-1018) (E:/Efinity/project/fnetriong/work_dbg/debug_top.v:399)
[EFX-0012 VERI-INFO] extracting RAM for identifier 'ram' (VERI-2571) (E:/Efinity/project/fnetriong/work_dbg/debug_top.v:414)
[EFX-0012 VERI-INFO] compiling module 'debug_hub' (VERI-1018) (E:/Efinity/project/fnetriong/work_dbg/debug_top.v:268)
[EFX-0011 VERI-WARNING] input port 'probe4[0]' remains unconnected for this instance (VDB-1053) (E:/Efinity/project/fnetriong/work_dbg/debug_top.v:92)
[EFX-0000 INFO] Setting Synthesis Option: mode=speed
[EFX-0012 VERI-INFO] compiling module 'EFX_ADD' (VERI-1018) (E:/Efinity/2022.2/sim_models/maplib/efinix_maplib.v:6)
[EFX-0012 VERI-INFO] compiling module 'EFX_FF' (VERI-1018) (E:/Efinity/2022.2/sim_models/maplib/efinix_maplib.v:19)
[EFX-0012 VERI-INFO] compiling module 'EFX_COMB4' (VERI-1018) (E:/Efinity/2022.2/sim_models/maplib/efinix_maplib.v:36)
[EFX-0012 VERI-INFO] compiling module 'EFX_GBUFCE' (VERI-1018) (E:/Efinity/2022.2/sim_models/maplib/efinix_maplib.v:46)
[EFX-0012 VERI-INFO] compiling module 'EFX_IDDR' (VERI-1018) (E:/Efinity/2022.2/sim_models/maplib/efinix_maplib.v:55)
[EFX-0012 VERI-INFO] compiling module 'EFX_ODDR' (VERI-1018) (E:/Efinity/2022.2/sim_models/maplib/efinix_maplib.v:69)
[EFX-0012 VERI-INFO] compiling module 'EFX_IOBUF' (VERI-1018) (E:/Efinity/2022.2/sim_models/maplib/efinix_maplib.v:85)
[EFX-0012 VERI-INFO] compiling module 'EFX_LUT4' (VERI-1018) (E:/Efinity/2022.2/sim_models/maplib/efinix_maplib.v:97)
[EFX-0012 VERI-INFO] compiling module 'EFX_MULT' (VERI-1018) (E:/Efinity/2022.2/sim_models/maplib/efinix_maplib.v:105)
[EFX-0012 VERI-INFO] compiling module 'EFX_DSP48' (VERI-1018) (E:/Efinity/2022.2/sim_models/maplib/efinix_maplib.v:140)
[EFX-0012 VERI-INFO] compiling module 'EFX_DSP24' (VERI-1018) (E:/Efinity/2022.2/sim_models/maplib/efinix_maplib.v:196)
[EFX-0012 VERI-INFO] compiling module 'EFX_DSP12' (VERI-1018) (E:/Efinity/2022.2/sim_models/maplib/efinix_maplib.v:249)
[EFX-0012 VERI-INFO] compiling module 'EFX_RAM_4K' (VERI-1018) (E:/Efinity/2022.2/sim_models/maplib/efinix_maplib.v:302)
[EFX-0012 VERI-INFO] compiling module 'EFX_RAM_5K' (VERI-1018) (E:/Efinity/2022.2/sim_models/maplib/efinix_maplib.v:362)
[EFX-0012 VERI-INFO] compiling module 'EFX_DPRAM_5K' (VERI-1018) (E:/Efinity/2022.2/sim_models/maplib/efinix_maplib.v:434)
[EFX-0012 VERI-INFO] compiling module 'RAMB5' (VERI-1018) (E:/Efinity/2022.2/sim_models/maplib/efinix_maplib.v:539)
[EFX-0012 VERI-INFO] compiling module 'EFX_RAM_10K' (VERI-1018) (E:/Efinity/2022.2/sim_models/maplib/efinix_maplib.v:601)
[EFX-0012 VERI-INFO] compiling module 'EFX_RAM10' (VERI-1018) (E:/Efinity/2022.2/sim_models/maplib/efinix_maplib.v:693)
[EFX-0012 VERI-INFO] compiling module 'EFX_DPRAM10' (VERI-1018) (E:/Efinity/2022.2/sim_models/maplib/efinix_maplib.v:794)
[EFX-0012 VERI-INFO] compiling module 'EFX_SRL8' (VERI-1018) (E:/Efinity/2022.2/sim_models/maplib/efinix_maplib.v:924)
[EFX-0000 INFO] ... Pre-synthesis checks begin
[EFX-0200 WARNING] Removing redundant signal : compared_in[0]. (E:/Efinity/project/fnetriong/work_dbg/debug_top.v:5455)
[EFX-0200 WARNING] Removing redundant signal : mask_in[0]. (E:/Efinity/project/fnetriong/work_dbg/debug_top.v:5456)
[EFX-0200 WARNING] Removing redundant signal : trigger_in. (E:/Efinity/project/fnetriong/work_dbg/debug_top.v:5666)
[EFX-0677 INFO] Zero initialization of uninitialized memory block 'ram'. (E:/Efinity/project/fnetriong/work_dbg/debug_top.v:414)
[EFX-0200 WARNING] Removing redundant signal : din[14]. (E:/Efinity/project/fnetriong/work_dbg/debug_top.v:4558)
[EFX-0200 WARNING] Removing redundant signal : trig_out. (E:/Efinity/project/fnetriong/work_dbg/debug_top.v:4837)
[EFX-0200 WARNING] Removing redundant signal : trig_out_ack. (E:/Efinity/project/fnetriong/work_dbg/debug_top.v:4838)
[EFX-0200 WARNING] Removing redundant signal : bscan_DRCK. (E:/Efinity/project/fnetriong/work_dbg/debug_top.v:1022)
[EFX-0200 WARNING] Removing redundant signal : bscan_RUNTEST. (E:/Efinity/project/fnetriong/work_dbg/debug_top.v:1024)
[EFX-0200 WARNING] Removing redundant signal : bscan_SEL. (E:/Efinity/project/fnetriong/work_dbg/debug_top.v:1025)
[EFX-0200 WARNING] Removing redundant signal : bscan_TMS. (E:/Efinity/project/fnetriong/work_dbg/debug_top.v:1029)
[EFX-0200 WARNING] Removing redundant signal : trig_in_ack. (E:/Efinity/project/fnetriong/work_dbg/debug_top.v:1040)
[EFX-0200 WARNING] Removing redundant signal : mux_capture_cmp[3]. (E:/Efinity/project/fnetriong/work_dbg/debug_top.v:3446)
[EFX-0200 WARNING] Removing redundant signal : mux_capture_cmp[2]. (E:/Efinity/project/fnetriong/work_dbg/debug_top.v:3446)
[EFX-0200 WARNING] Removing redundant signal : mux_capture_cmp[1]. (E:/Efinity/project/fnetriong/work_dbg/debug_top.v:3446)
[EFX-0200 WARNING] Removing redundant signal : mux_capture_cmp[0]. (E:/Efinity/project/fnetriong/work_dbg/debug_top.v:3446)
[EFX-0200 WARNING] Removing redundant signal : bscan_CAPTURE. (E:/Efinity/project/fnetriong/work_dbg/debug_top.v:273)
[EFX-0200 WARNING] Removing redundant signal : bscan_DRCK. (E:/Efinity/project/fnetriong/work_dbg/debug_top.v:274)
[EFX-0200 WARNING] Removing redundant signal : bscan_RUNTEST. (E:/Efinity/project/fnetriong/work_dbg/debug_top.v:276)
[EFX-0200 WARNING] Removing redundant signal : bscan_TMS. (E:/Efinity/project/fnetriong/work_dbg/debug_top.v:281)
[EFX-0266 WARNING] Module Instance 'la0' input pin tied to constant (trig_in=0).
[EFX-0266 WARNING] Module Instance 'la0' input pin tied to constant (trig_out_ack=0).
[EFX-0201 WARNING] Re-wiring to GND non-driven net 'la0.probe4[0]'. (E:/Efinity/project/fnetriong/work_dbg/debug_top.v:92)
[EFX-0201 WARNING] Re-wiring to GND non-driven net 'la0.probe5[0]'. (E:/Efinity/project/fnetriong/work_dbg/debug_top.v:92)
[EFX-0201 WARNING] Re-wiring to GND non-driven net 'la0.probe6[0]'. (E:/Efinity/project/fnetriong/work_dbg/debug_top.v:92)
[EFX-0201 WARNING] Re-wiring to GND non-driven net 'la0.probe7[0]'. (E:/Efinity/project/fnetriong/work_dbg/debug_top.v:92)
[EFX-0201 WARNING] Re-wiring to GND non-driven net 'la0.probe8[0]'. (E:/Efinity/project/fnetriong/work_dbg/debug_top.v:92)
[EFX-0201 WARNING] Re-wiring to GND non-driven net 'la0.probe9[0]'. (E:/Efinity/project/fnetriong/work_dbg/debug_top.v:92)
[EFX-0201 WARNING] Re-wiring to GND non-driven net 'la0.probe10[0]'. (E:/Efinity/project/fnetriong/work_dbg/debug_top.v:92)
[EFX-0201 WARNING] Re-wiring to GND non-driven net 'la0.probe11[0]'. (E:/Efinity/project/fnetriong/work_dbg/debug_top.v:92)
[EFX-0201 WARNING] Re-wiring to GND non-driven net 'la0.probe12[0]'. (E:/Efinity/project/fnetriong/work_dbg/debug_top.v:92)
[EFX-0201 WARNING] Re-wiring to GND non-driven net 'la0.probe13[0]'. (E:/Efinity/project/fnetriong/work_dbg/debug_top.v:92)
[EFX-0000 INFO] ... Pre-synthesis checks end (Real time : 0s)
[EFX-0000 INFO] ... NameSpace init begin
[EFX-0000 INFO] ... NameSpace init end (Real time : 0s)
[EFX-0000 INFO] ... Mapping design "edb_top"
[EFX-0000 INFO] ... Hierarchical pre-synthesis "edb_adbg_crc32" begin
[EFX-0000 INFO] ... Hierarchical pre-synthesis "edb_adbg_crc32" end (Real time : 0s)
[EFX-0000 INFO] ... Hierarchical pre-synthesis "compare_unit(WIDTH=11'b01,PIPE=1)" begin
[EFX-0000 INFO] ... Hierarchical pre-synthesis "compare_unit(WIDTH=11'b01,PIPE=1)" end (Real time : 0s)
[EFX-0000 INFO] ... Hierarchical pre-synthesis "compare_unit(WIDTH=11'b01000,PIPE=1)" begin
[EFX-0000 INFO] ... Hierarchical pre-synthesis "compare_unit(WIDTH=11'b01000,PIPE=1)" end (Real time : 0s)
[EFX-0000 INFO] ... Hierarchical pre-synthesis "compare_unit(WIDTH=11'b0100,PIPE=1)" begin
[EFX-0000 INFO] ... Hierarchical pre-synthesis "compare_unit(WIDTH=11'b0100,PIPE=1)" end (Real time : 0s)
[EFX-0000 INFO] ... Hierarchical pre-synthesis "trigger_unit(WIDTH=32'b0100,PIPE=1)" begin
[EFX-0000 INFO] ... Hierarchical pre-synthesis "trigger_unit(WIDTH=32'b0100,PIPE=1)" end (Real time : 0s)
[EFX-0000 INFO] ... Hierarchical pre-synthesis "fifo_address_trancode_unit" begin
[EFX-0000 INFO] ... Hierarchical pre-synthesis "fifo_address_trancode_unit" end (Real time : 0s)
[EFX-0000 INFO] ... Hierarchical pre-synthesis "edb_simple_dual_port_ram(DATA_WIDTH=32'b01111,ADDR_WIDTH=10,RAM_INIT_FILE="")" begin
[EFX-0000 INFO] ... Hierarchical pre-synthesis "edb_simple_dual_port_ram(DATA_WIDTH=32'b01111,ADDR_WIDTH=10,RAM_INIT_FILE="")" end (Real time : 0s)
[EFX-0000 INFO] ... Hierarchical pre-synthesis "fifo_with_read(DATA_WIDTH=32'b01111)" begin
[EFX-0000 INFO] ... Hierarchical pre-synthesis "fifo_with_read(DATA_WIDTH=32'b01111)" end (Real time : 0s)
[EFX-0000 INFO] ... Hierarchical pre-synthesis "la_biu(CAPTURE_WIDTH=32'b01110)" begin
[EFX-0000 INFO] ... Hierarchical pre-synthesis "la_biu(CAPTURE_WIDTH=32'b01110)" end (Real time : 0s)
[EFX-0000 INFO] ... Hierarchical pre-synthesis "edb_la_top_renamed_due_excessive_length_1" begin
[EFX-0000 INFO] ... Hierarchical pre-synthesis "edb_la_top_renamed_due_excessive_length_1" end (Real time : 0s)
[EFX-0000 INFO] ... Hierarchical pre-synthesis "debug_hub" begin
[EFX-0000 INFO] ... Hierarchical pre-synthesis "debug_hub" end (Real time : 0s)
[EFX-0000 INFO] ... Hierarchical pre-synthesis "edb_top" begin
[EFX-0000 INFO] ... Clock Enable Synthesis Performed on 130 flops.
[EFX-0000 INFO] ... Hierarchical pre-synthesis "edb_top" end (Real time : 0s)
[EFX-0000 INFO] ... Flat optimizations begin
[EFX-0000 INFO] ... Flat optimizations end (Real time : 0s)
[EFX-0000 INFO] ... Flat synthesis begin
[EFX-0000 INFO] ... Flat synthesis end (Real time : 0s)
[EFX-0000 INFO] ... Flat optimizations begin
[EFX-0000 INFO] ... Flat optimizations end (Real time : 0s)
[EFX-0000 INFO] ... Check and break combinational loops begin
[EFX-0000 INFO] ... Check and break combinational loops end (Real time : 0s)
[EFX-0000 INFO] ... Sequential Optimization begin
[EFX-0000 INFO] ... Clock Network bscan_TCK with 419 loads will be considered for sequential optimization.
[EFX-0000 INFO] ... Clock Network la0_clk with 233 loads will be considered for sequential optimization.
[EFX-0000 INFO] ... Sequential Optimization deduced 282 equivalent points.
[EFX-0000 INFO] ... Sequential Optimization end (Real time : 11s)
[EFX-0000 INFO] ... SOP modeling begin
[EFX-0000 INFO] ... SOP modeling end (Real time : 0s)
[EFX-0000 INFO] ... LUT mapping begin
[EFX-0000 INFO] ... LS, strategy: 3, nd: 724, ed: 2356, lv: 7, pw: 1470.09
[EFX-0000 INFO] ... LUT mapping end (Real time : 3s)
[EFX-0000 INFO] ... Post-synthesis Verific netlist creation begin
[EFX-0000 INFO] ... Post-synthesis Verific netlist creation end (Real time : 0s)
[EFX-0000 INFO] ... Postmap Retiming Optimization begin
[EFX-0000 INFO] ... Clock Network n9 with 419 loads will be considered for retiming optimization.
[EFX-0000 INFO] ... Clock Network n13 with 233 loads will be considered for retiming optimization.
[EFX-0000 INFO] ... Performed 0 retime moves.
[EFX-0000 INFO] ... Postmap Retiming Optimization end (Real time : 0s)
[EFX-0000 INFO] ... Post-synthesis Verific netlist unification/params processing begin
[EFX-0000 INFO] ... Post-synthesis Verific netlist unification/params processing end (Real time : 1s)
[EFX-0011 VERI-WARNING] Input/Inout Port bscan_DRCK is unconnected and will be removed 
[EFX-0011 VERI-WARNING] Input/Inout Port bscan_RUNTEST is unconnected and will be removed 
[EFX-0011 VERI-WARNING] Input/Inout Port bscan_TMS is unconnected and will be removed 
[EFX-0012 VERI-INFO] Found 3 warnings in the post-synthesis netlist. 
[EFX-0000 INFO] Resource Summary 
[EFX-0000 INFO] =============================== 
[EFX-0000 INFO] EFX_ADD         : 	90
[EFX-0000 INFO] EFX_LUT4        : 	709
[EFX-0000 INFO] EFX_FF          : 	632
[EFX-0000 INFO] EFX_RAM_5K      : 	3
[EFX-0000 INFO] EFX_GBUFCE      : 	2
[EFX-0000 INFO] =============================== 

///////////////////////////////////
// Efinity Synthesis Started 
// Mar 13, 2023 15:58:50
///////////////////////////////////

[EFX-0000 INFO] Setting Synthesis Option: mode=speed
[EFX-0000 INFO] ... Pre-synthesis checks begin
[EFX-0266 WARNING] Module Instance 'fifo' input pin tied to constant (out_want_b=1).
[EFX-0200 WARNING] Removing redundant signal : start_found. (E:\Efinity\project\fnetriong\efnet_octet_to_word.vhd:60)
[EFX-0200 WARNING] Removing redundant signal : packet_start. (E:\Efinity\project\fnetriong\efnet_octet_to_word.vhd:62)
[EFX-0200 WARNING] Removing redundant signal : packet_end. (E:\Efinity\project\fnetriong\efnet_octet_to_word.vhd:63)
[EFX-0200 WARNING] Removing redundant signal : word[15]. (E:\Efinity\project\fnetriong\efnet_octet_to_word.vhd:65)
[EFX-0200 WARNING] Removing redundant signal : word[14]. (E:\Efinity\project\fnetriong\efnet_octet_to_word.vhd:65)
[EFX-0200 WARNING] Removing redundant signal : word[13]. (E:\Efinity\project\fnetriong\efnet_octet_to_word.vhd:65)
[EFX-0200 WARNING] Removing redundant signal : word[12]. (E:\Efinity\project\fnetriong\efnet_octet_to_word.vhd:65)
[EFX-0200 WARNING] Removing redundant signal : word[11]. (E:\Efinity\project\fnetriong\efnet_octet_to_word.vhd:65)
[EFX-0200 WARNING] Removing redundant signal : word[10]. (E:\Efinity\project\fnetriong\efnet_octet_to_word.vhd:65)
[EFX-0200 WARNING] Removing redundant signal : word[9]. (E:\Efinity\project\fnetriong\efnet_octet_to_word.vhd:65)
[EFX-0200 WARNING] Removing redundant signal : word[8]. (E:\Efinity\project\fnetriong\efnet_octet_to_word.vhd:65)
[EFX-0200 WARNING] Removing redundant signal : word[7]. (E:\Efinity\project\fnetriong\efnet_octet_to_word.vhd:65)
[EFX-0200 WARNING] Removing redundant signal : word[6]. (E:\Efinity\project\fnetriong\efnet_octet_to_word.vhd:65)
[EFX-0200 WARNING] Removing redundant signal : word[5]. (E:\Efinity\project\fnetriong\efnet_octet_to_word.vhd:65)
[EFX-0200 WARNING] Removing redundant signal : word[4]. (E:\Efinity\project\fnetriong\efnet_octet_to_word.vhd:65)
[EFX-0200 WARNING] Removing redundant signal : word[3]. (E:\Efinity\project\fnetriong\efnet_octet_to_word.vhd:65)
[EFX-0200 WARNING] Removing redundant signal : word[2]. (E:\Efinity\project\fnetriong\efnet_octet_to_word.vhd:65)
[EFX-0200 WARNING] Removing redundant signal : word[1]. (E:\Efinity\project\fnetriong\efnet_octet_to_word.vhd:65)
[EFX-0200 WARNING] Removing redundant signal : word[0]. (E:\Efinity\project\fnetriong\efnet_octet_to_word.vhd:65)
[EFX-0200 WARNING] Removing redundant signal : octet_counter[0]. (E:\Efinity\project\fnetriong\efnet_octet_to_word.vhd:66)
[EFX-0266 WARNING] Module Instance 'out_sm' input pin tied to constant (idx_tcp_prep[0][31]=0).
[EFX-0266 WARNING] Module Instance 'out_sm' input pin tied to constant (idx_tcp_prep[0][30]=0).
[EFX-0266 WARNING] Module Instance 'out_sm' input pin tied to constant (idx_tcp_prep[0][29]=0).
[EFX-0266 WARNING] Module Instance 'out_sm' input pin tied to constant (idx_tcp_prep[0][28]=0).
[EFX-0266 WARNING] Module Instance 'out_sm' input pin tied to constant (idx_tcp_prep[0][27]=0).
[EFX-0266 WARNING] Module Instance 'out_sm' input pin tied to constant (idx_tcp_prep[0][26]=0).
[EFX-0266 WARNING] Module Instance 'out_sm' input pin tied to constant (idx_tcp_prep[0][25]=0).
[EFX-0266 WARNING] Module Instance 'out_sm' input pin tied to constant (idx_tcp_prep[0][24]=0).
[EFX-0266 WARNING] Module Instance 'out_sm' input pin tied to constant (idx_tcp_prep[0][23]=0).
[EFX-0266 WARNING] Module Instance 'out_sm' input pin tied to constant (idx_tcp_prep[0][22]=0).
[EFX-0266 WARNING] Module Instance 'out_sm' input pin tied to constant (idx_tcp_prep[0][21]=0).
[EFX-0266 WARNING] Module Instance 'out_sm' input pin tied to constant (idx_tcp_prep[0][20]=0).
[EFX-0266 WARNING] Module Instance 'out_sm' input pin tied to constant (idx_tcp_prep[0][19]=0).
[EFX-0266 WARNING] Module Instance 'out_sm' input pin tied to constant (idx_tcp_prep[0][18]=0).
[EFX-0266 WARNING] Module Instance 'out_sm' input pin tied to constant (idx_tcp_prep[0][17]=0).
[EFX-0266 WARNING] Module Instance 'out_sm' input pin tied to constant (idx_tcp_prep[0][16]=0).
[EFX-0266 WARNING] Module Instance 'out_sm' input pin tied to constant (idx_tcp_prep[0][15]=0).
[EFX-0266 WARNING] Module Instance 'out_sm' input pin tied to constant (idx_tcp_prep[0][14]=0).
[EFX-0266 WARNING] Module Instance 'out_sm' input pin tied to constant (idx_tcp_prep[0][13]=0).
[EFX-0266 WARNING] Module Instance 'out_sm' input pin tied to constant (idx_tcp_prep[0][12]=0).
[EFX-0266 WARNING] Module Instance 'out_sm' input pin tied to constant (idx_tcp_prep[0][11]=0).
[EFX-0266 WARNING] Module Instance 'out_sm' input pin tied to constant (idx_tcp_prep[0][10]=0).
[EFX-0266 WARNING] Module Instance 'out_sm' input pin tied to constant (idx_tcp_prep[0][9]=0).
[EFX-0266 WARNING] Module Instance 'out_sm' input pin tied to constant (idx_tcp_prep[0][8]=0).
[EFX-0266 WARNING] Module Instance 'out_sm' input pin tied to constant (idx_tcp_prep[0][7]=0).
[EFX-0266 WARNING] Module Instance 'out_sm' input pin tied to constant (idx_tcp_prep[0][6]=0).
[EFX-0266 WARNING] Module Instance 'out_sm' input pin tied to constant (idx_tcp_prep[0][5]=0).
[EFX-0266 WARNING] Module Instance 'out_sm' input pin tied to constant (idx_tcp_prep[0][4]=0).
[EFX-0266 WARNING] Module Instance 'out_sm' input pin tied to constant (idx_tcp_prep[0][3]=0).
[EFX-0266 WARNING] Module Instance 'out_sm' input pin tied to constant (idx_tcp_prep[0][2]=1).
[EFX-0266 WARNING] Module Instance 'out_sm' input pin tied to constant (idx_tcp_prep[0][1]=0).
[EFX-0266 WARNING] Module Instance 'out_sm' input pin tied to constant (idx_tcp_prep[0][0]=1).
[EFX-0266 WARNING] Module Instance 'out_sm' input pin tied to constant (idx_tcp_prep[1][31]=0).
[EFX-0266 WARNING] Module Instance 'out_sm' input pin tied to constant (idx_tcp_prep[1][30]=0).
[EFX-0266 WARNING] Module Instance 'out_sm' input pin tied to constant (idx_tcp_prep[1][29]=0).
[EFX-0266 WARNING] Module Instance 'out_sm' input pin tied to constant (idx_tcp_prep[1][28]=0).
[EFX-0266 WARNING] Module Instance 'out_sm' input pin tied to constant (idx_tcp_prep[1][27]=0).
[EFX-0266 WARNING] Module Instance 'out_sm' input pin tied to constant (idx_tcp_prep[1][26]=0).
[EFX-0266 WARNING] Module Instance 'out_sm' input pin tied to constant (idx_tcp_prep[1][25]=0).
[EFX-0266 WARNING] Module Instance 'out_sm' input pin tied to constant (idx_tcp_prep[1][24]=0).
[EFX-0266 WARNING] Module Instance 'out_sm' input pin tied to constant (idx_tcp_prep[1][23]=0).
[EFX-0266 WARNING] Module Instance 'out_sm' input pin tied to constant (idx_tcp_prep[1][22]=0).
[EFX-0266 WARNING] Module Instance 'out_sm' input pin tied to constant (idx_tcp_prep[1][21]=0).
[EFX-0266 WARNING] Module Instance 'out_sm' input pin tied to constant (idx_tcp_prep[1][20]=0).
[EFX-0266 WARNING] Module Instance 'out_sm' input pin tied to constant (idx_tcp_prep[1][19]=0).
[EFX-0266 WARNING] Module Instance 'out_sm' input pin tied to constant (idx_tcp_prep[1][18]=0).
[EFX-0266 WARNING] Module Instance 'out_sm' input pin tied to constant (idx_tcp_prep[1][17]=0).
[EFX-0266 WARNING] Module Instance 'out_sm' input pin tied to constant (idx_tcp_prep[1][16]=0).
[EFX-0266 WARNING] Module Instance 'out_sm' input pin tied to constant (idx_tcp_prep[1][15]=0).
[EFX-0266 WARNING] Module Instance 'out_sm' input pin tied to constant (idx_tcp_prep[1][14]=0).
[EFX-0266 WARNING] Module Instance 'out_sm' input pin tied to constant (idx_tcp_prep[1][13]=0).
[EFX-0266 WARNING] Module Instance 'out_sm' input pin tied to constant (idx_tcp_prep[1][12]=0).
[EFX-0266 WARNING] Module Instance 'out_sm' input pin tied to constant (idx_tcp_prep[1][11]=0).
[EFX-0266 WARNING] Module Instance 'out_sm' input pin tied to constant (idx_tcp_prep[1][10]=0).
[EFX-0266 WARNING] Module Instance 'out_sm' input pin tied to constant (idx_tcp_prep[1][9]=0).
[EFX-0266 WARNING] Module Instance 'out_sm' input pin tied to constant (idx_tcp_prep[1][8]=0).
[EFX-0266 WARNING] Module Instance 'out_sm' input pin tied to constant (idx_tcp_prep[1][7]=0).
[EFX-0266 WARNING] Module Instance 'out_sm' input pin tied to constant (idx_tcp_prep[1][6]=0).
[EFX-0266 WARNING] Module Instance 'out_sm' input pin tied to constant (idx_tcp_prep[1][5]=0).
[EFX-0266 WARNING] Module Instance 'out_sm' input pin tied to constant (idx_tcp_prep[1][4]=0).
[EFX-0266 WARNING] Module Instance 'out_sm' input pin tied to constant (idx_tcp_prep[1][3]=0).
[EFX-0266 WARNING] Module Instance 'out_sm' input pin tied to constant (idx_tcp_prep[1][2]=1).
[EFX-0266 WARNING] Module Instance 'out_sm' input pin tied to constant (idx_tcp_prep[1][1]=1).
[EFX-0266 WARNING] Module Instance 'out_sm' input pin tied to constant (idx_tcp_prep[1][0]=0).
[EFX-0266 WARNING] Module Instance 'out_sm' input pin tied to constant (idx_gen[31]=0).
[EFX-0266 WARNING] Module Instance 'out_sm' input pin tied to constant (idx_gen[30]=0).
[EFX-0266 WARNING] Module Instance 'out_sm' input pin tied to constant (idx_gen[29]=0).
[EFX-0266 WARNING] Module Instance 'out_sm' input pin tied to constant (idx_gen[28]=0).
[EFX-0266 WARNING] Module Instance 'out_sm' input pin tied to constant (idx_gen[27]=0).
[EFX-0266 WARNING] Module Instance 'out_sm' input pin tied to constant (idx_gen[26]=0).
[EFX-0266 WARNING] Module Instance 'out_sm' input pin tied to constant (idx_gen[25]=0).
[EFX-0266 WARNING] Module Instance 'out_sm' input pin tied to constant (idx_gen[24]=0).
[EFX-0266 WARNING] Module Instance 'out_sm' input pin tied to constant (idx_gen[23]=0).
[EFX-0266 WARNING] Module Instance 'out_sm' input pin tied to constant (idx_gen[22]=0).
[EFX-0266 WARNING] Module Instance 'out_sm' input pin tied to constant (idx_gen[21]=0).
[EFX-0266 WARNING] Module Instance 'out_sm' input pin tied to constant (idx_gen[20]=0).
[EFX-0266 WARNING] Module Instance 'out_sm' input pin tied to constant (idx_gen[19]=0).
[EFX-0266 WARNING] Module Instance 'out_sm' input pin tied to constant (idx_gen[18]=0).
[EFX-0266 WARNING] Module Instance 'out_sm' input pin tied to constant (idx_gen[17]=0).
[EFX-0266 WARNING] Module Instance 'out_sm' input pin tied to constant (idx_gen[16]=0).
[EFX-0266 WARNING] Module Instance 'out_sm' input pin tied to constant (idx_gen[15]=0).
[EFX-0266 WARNING] Module Instance 'out_sm' input pin tied to constant (idx_gen[14]=0).
[EFX-0266 WARNING] Module Instance 'out_sm' input pin tied to constant (idx_gen[13]=0).
[EFX-0266 WARNING] Module Instance 'out_sm' input pin tied to constant (idx_gen[12]=0).
[EFX-0266 WARNING] Module Instance 'out_sm' input pin tied to constant (idx_gen[11]=0).
[EFX-0266 WARNING] Module Instance 'out_sm' input pin tied to constant (idx_gen[10]=0).
[EFX-0266 WARNING] Module Instance 'out_sm' input pin tied to constant (idx_gen[9]=0).
[EFX-0266 WARNING] Module Instance 'out_sm' input pin tied to constant (idx_gen[8]=0).
[EFX-0266 WARNING] Module Instance 'out_sm' input pin tied to constant (idx_gen[7]=0).
[EFX-0266 WARNING] Module Instance 'out_sm' input pin tied to constant (idx_gen[6]=0).
[EFX-0266 WARNING] Module Instance 'out_sm' input pin tied to constant (idx_gen[5]=0).
[EFX-0266 WARNING] Module Instance 'out_sm' input pin tied to constant (idx_gen[4]=0).
[EFX-0266 WARNING] Module Instance 'out_sm' input pin tied to constant (idx_gen[3]=0).
[EFX-0266 WARNING] Module Instance 'out_sm' input pin tied to constant (idx_gen[2]=0).
[EFX-0266 WARNING] Module Instance 'out_sm' input pin tied to constant (idx_gen[1]=0).
[EFX-0266 WARNING] Module Instance 'out_sm' input pin tied to constant (idx_gen[0]=1).
[EFX-0266 WARNING] Module Instance 'mdio' input pin tied to constant (b_req_data[31]=0).
[EFX-0266 WARNING] Module Instance 'mdio' input pin tied to constant (b_req_data[30]=0).
[EFX-0266 WARNING] Module Instance 'mdio' input pin tied to constant (b_req_data[29]=0).
[EFX-0201 WARNING] Re-wiring to GND non-driven net 'ram_udp_regidp.prod2.set_again'. (E:\Efinity\project\fnetriong\fakernet_module.vhd:134)
[EFX-0201 WARNING] Re-wiring to GND non-driven net 'ram_tcp_template.prod2.set_again'. (E:\Efinity\project\fnetriong\fakernet_module.vhd:136)
[EFX-0201 WARNING] Re-wiring to GND non-driven net 'ram_tcp_prep2[0].prod2.set_again'. (E:\Efinity\project\fnetriong\fakernet_module.vhd:137)
[EFX-0201 WARNING] Re-wiring to GND non-driven net 'ram_tcp_prep2[1].prod2.set_again'. (E:\Efinity\project\fnetriong\fakernet_module.vhd:137)
[EFX-0031 INFO] 'i4' instance is encountered with don't-care(1'bx) input, rewiring to GND. (E:\Efinity\project\fnetriong\fnetriong.vhd:104)
[EFX-0000 INFO] ... Pre-synthesis checks end (Real time : 0s)
[EFX-0000 INFO] ... NameSpace init begin
[EFX-0000 INFO] ... NameSpace init end (Real time : 0s)
[EFX-0000 INFO] ... Mapping design "fnetriong"
[EFX-0000 INFO] ... Hierarchical pre-synthesis "fnet_async_fifo(width=17)" begin
[EFX-0000 INFO] ... Hierarchical pre-synthesis "fnet_async_fifo(width=17)" end (Real time : 0s)
[EFX-0000 INFO] ... Hierarchical pre-synthesis "efnet_octet_to_word" begin
[EFX-0000 INFO] ... Hierarchical pre-synthesis "efnet_octet_to_word" end (Real time : 0s)
[EFX-0000 INFO] ... Hierarchical pre-synthesis "efb_uart_trace_mem(width=32,samples=512)" begin
[EFX-0000 INFO] ... Hierarchical pre-synthesis "efb_uart_trace_mem(width=32,samples=512)" end (Real time : 0s)
[EFX-0000 INFO] ... Hierarchical pre-synthesis "efb_uart_tx(15,0)" begin
[EFX-0000 INFO] ... Hierarchical pre-synthesis "efb_uart_tx(15,0)" end (Real time : 0s)
[EFX-0000 INFO] ... Hierarchical pre-synthesis "efnet_word_to_octet" begin
[EFX-0000 INFO] ... Hierarchical pre-synthesis "efnet_word_to_octet" end (Real time : 0s)
[EFX-0000 INFO] ... Hierarchical pre-synthesis "efnet_data_array_inject(0,0)(31,0)(0,0)(0,0)(9,0)(7,0)" begin
[EFX-0000 INFO] ... Hierarchical pre-synthesis "efnet_data_array_inject(0,0)(31,0)(0,0)(0,0)(9,0)(7,0)" end (Real time : 0s)
[EFX-0000 INFO] ... Hierarchical pre-synthesis "fnet_crc32" begin
[EFX-0000 INFO] ... Hierarchical pre-synthesis "fnet_crc32" end (Real time : 0s)
[EFX-0000 INFO] ... Hierarchical pre-synthesis "fnet_in_state" begin
[EFX-0000 INFO] ... Hierarchical pre-synthesis "fnet_in_state" end (Real time : 1s)
[EFX-0000 INFO] ... Hierarchical pre-synthesis "fnet_dyn_control" begin
[EFX-0000 INFO] ... Hierarchical pre-synthesis "fnet_dyn_control" end (Real time : 0s)
[EFX-0000 INFO] ... Hierarchical pre-synthesis "fnet_ntp_query_control" begin
[EFX-0000 INFO] ... Hierarchical pre-synthesis "fnet_ntp_query_control" end (Real time : 0s)
[EFX-0000 INFO] ... Hierarchical pre-synthesis "fnet_packet_gen" begin
[EFX-0000 INFO] ... Hierarchical pre-synthesis "fnet_packet_gen" end (Real time : 0s)
[EFX-0000 INFO] ... Hierarchical pre-synthesis "fnet_out_state" begin
[EFX-0000 INFO] ... Hierarchical pre-synthesis "fnet_out_state" end (Real time : 0s)
[EFX-0000 INFO] ... Hierarchical pre-synthesis "fnet_out_pipeline" begin
[EFX-0000 INFO] ... Hierarchical pre-synthesis "fnet_out_pipeline" end (Real time : 0s)
[EFX-0000 INFO] ... Hierarchical pre-synthesis "fnet_regaccess" begin
[EFX-0000 INFO] ... Hierarchical pre-synthesis "fnet_regaccess" end (Real time : 0s)
[EFX-0000 INFO] ... Hierarchical pre-synthesis "ram_block_a11d16" begin
[EFX-0000 INFO] ... Hierarchical pre-synthesis "ram_block_a11d16" end (Real time : 0s)
[EFX-0000 INFO] ... Hierarchical pre-synthesis "fnet_local_reg(test_regs=true,lcl_data_gen=true,limit_payload_window=true,debug_regs=true,debug_counters=true,compiletime=1)" begin
[EFX-0000 INFO] ... Hierarchical pre-synthesis "fnet_local_reg(test_regs=true,lcl_data_gen=true,limit_payload_window=true,debug_regs=true,debug_counters=true,compiletime=1)" end (Real time : 0s)
[EFX-0000 INFO] ... Hierarchical pre-synthesis "fnet_tcp_state(data_bufsize_addrbits=13)" begin
[EFX-0000 INFO] ... Hierarchical pre-synthesis "fnet_tcp_state(data_bufsize_addrbits=13)" end (Real time : 0s)
[EFX-0000 INFO] ... Hierarchical pre-synthesis "fnet_tcp_control(data_bufsize_addrbits=13)" begin
[EFX-0000 INFO] ... Hierarchical pre-synthesis "fnet_tcp_control(data_bufsize_addrbits=13)" end (Real time : 0s)
[EFX-0000 INFO] ... Hierarchical pre-synthesis "fnet_tcp_prepare(data_bufsize_addrbits=13)(12,0)(31,0)" begin
[EFX-0000 INFO] ... Hierarchical pre-synthesis "fnet_tcp_prepare(data_bufsize_addrbits=13)(12,0)(31,0)" end (Real time : 0s)
[EFX-0000 INFO] ... Hierarchical pre-synthesis "fnet_tcp_buffer(data_bufsize_addrbits=13)(9,0)(7,0)(7,0)(5,0)(12,0)(31,0)" begin
[EFX-0000 INFO] ... Hierarchical pre-synthesis "fnet_tcp_buffer(data_bufsize_addrbits=13)(9,0)(7,0)(7,0)(5,0)(12,0)(31,0)" end (Real time : 0s)
[EFX-0000 INFO] ... Hierarchical pre-synthesis "fnet_test_datagen(data_bufsize_addrbits=13)" begin
[EFX-0000 INFO] ... Hierarchical pre-synthesis "fnet_test_datagen(data_bufsize_addrbits=13)" end (Real time : 0s)
[EFX-0000 INFO] ... Hierarchical pre-synthesis "fnet_ram_block_data(addrbits=13)" begin
[EFX-0000 INFO] ... Hierarchical pre-synthesis "fnet_ram_block_data(addrbits=13)" end (Real time : 0s)
[EFX-0000 INFO] ... Hierarchical pre-synthesis "fnet_ram_block_stat" begin
[EFX-0000 INFO] ... Hierarchical pre-synthesis "fnet_ram_block_stat" end (Real time : 0s)
[EFX-0000 INFO] ... Hierarchical pre-synthesis "fnet_regacc_aux_stat" begin
[EFX-0000 INFO] ... Hierarchical pre-synthesis "fnet_regacc_aux_stat" end (Real time : 0s)
[EFX-0000 INFO] ... Hierarchical pre-synthesis "fnet_mdio" begin
[EFX-0000 INFO] ... Hierarchical pre-synthesis "fnet_mdio" end (Real time : 0s)
[EFX-0000 INFO] ... Hierarchical pre-synthesis "fakernet_module(data_bufsize_addrbits=13,compiletime=1)(9,0)(7,0)" begin
[EFX-0000 INFO] ... Hierarchical pre-synthesis "fakernet_module(data_bufsize_addrbits=13,compiletime=1)(9,0)(7,0)" end (Real time : 1s)
[EFX-0000 INFO] ... Hierarchical pre-synthesis "efb_common_top(clk_freq=125000000)(0,-1)(31,0)(0,-1)(0,-1)" begin
[EFX-0000 INFO] ... Hierarchical pre-synthesis "efb_common_top(clk_freq=125000000)(0,-1)(31,0)(0,-1)(0,-1)" end (Real time : 0s)
[EFX-0000 INFO] ... Hierarchical pre-synthesis "edb_top" begin
[EFX-0000 INFO] ... Hierarchical pre-synthesis "edb_top" end (Real time : 0s)
[EFX-0000 INFO] ... Hierarchical pre-synthesis "fnetriong" begin
[EFX-0000 INFO] ... Clock Enable Synthesis Performed on 694 flops.
[EFX-0000 INFO] ... Hierarchical pre-synthesis "fnetriong" end (Real time : 2s)
[EFX-0201 WARNING] Re-wiring to GND non-driven net 't/fakernet/dp_ram_arp_icmp.port_a.o.rd'. (E:\Efinity\project\fnetriong\fakernet_module.vhd:144)
[EFX-0201 WARNING] Re-wiring to GND non-driven net 't/fakernet/dp_ram_pkt_gen.port_a.o.rd'. (E:\Efinity\project\fnetriong\fakernet_module.vhd:145)
[EFX-0201 WARNING] Re-wiring to GND non-driven net 't/fakernet/dp_ram_udp_regacc.port_a.o.rd'. (E:\Efinity\project\fnetriong\fakernet_module.vhd:146)
[EFX-0201 WARNING] Re-wiring to GND non-driven net 't/fakernet/dp_ram_udp_regacc.port_b.o.wr'. (E:\Efinity\project\fnetriong\fakernet_module.vhd:146)
[EFX-0201 WARNING] Re-wiring to GND non-driven net 't/fakernet/dp_ram_udp_regidp.port_a.o.rd'. (E:\Efinity\project\fnetriong\fakernet_module.vhd:147)
[EFX-0201 WARNING] Re-wiring to GND non-driven net 't/fakernet/dp_ram_tcp_template.port_a.o.rd'. (E:\Efinity\project\fnetriong\fakernet_module.vhd:150)
[EFX-0000 INFO] ... Flat optimizations begin
[EFX-0000 INFO] ... Flat optimizations end (Real time : 0s)
[EFX-0000 INFO] ... Flat synthesis begin
[EFX-0000 INFO] ... Flat synthesis end (Real time : 0s)
[EFX-0000 INFO] ... Flat optimizations begin
[EFX-0000 INFO] ... Flat optimizations end (Real time : 0s)
[EFX-0000 INFO] ... Check and break combinational loops begin
[EFX-0000 INFO] ... Check and break combinational loops end (Real time : 0s)
[EFX-0000 INFO] ... Sequential Optimization begin
[EFX-0000 INFO] ... Clock Network clk with 3605 loads will be considered for sequential optimization.
[EFX-0000 INFO] ... Clock Network jtag_inst1_TCK with 412 loads will be considered for sequential optimization.
[EFX-0000 INFO] ... Clock Network eth_rx_clk with 45 loads will be considered for sequential optimization.
[EFX-0000 INFO] ... Sequential Optimization deduced 492 equivalent points.
[EFX-0000 INFO] ... Sequential Optimization end (Real time : 19s)
[EFX-0000 INFO] ... SOP modeling begin
[EFX-0000 INFO] ... SOP modeling end (Real time : 0s)
[EFX-0000 INFO] ... LUT mapping begin
[EFX-0000 INFO] ... LS, strategy: 3, nd: 4595, ed: 15112, lv: 7, pw: 12163.59
[EFX-0000 INFO] ... LUT mapping end (Real time : 16s)
[EFX-0000 INFO] ... Post-synthesis Verific netlist creation begin
[EFX-0000 INFO] ... Post-synthesis Verific netlist creation end (Real time : 0s)
[EFX-0000 INFO] ... Postmap Retiming Optimization begin
[EFX-0000 INFO] ... Clock Network n3 with 3533 loads will be considered for retiming optimization.
[EFX-0000 INFO] ... Clock Network n25 with 412 loads will be considered for retiming optimization.
[EFX-0000 INFO] ... Clock Network n13 with 45 loads will be considered for retiming optimization.
[EFX-0000 INFO] ... Performed 2 retime moves.
[EFX-0000 INFO] ... Postmap Retiming Optimization end (Real time : 1s)
[EFX-0000 INFO] ... Post-synthesis Verific netlist unification/params processing begin
[EFX-0000 INFO] ... Post-synthesis Verific netlist unification/params processing end (Real time : 0s)
[EFX-0000 INFO] Resource Summary 
[EFX-0000 INFO] =============================== 
[EFX-0000 INFO] EFX_ADD         : 	661
[EFX-0000 INFO] EFX_LUT4        : 	5154
[EFX-0000 INFO] EFX_FF          : 	3860
[EFX-0000 INFO] EFX_RAM_5K      : 	106
[EFX-0000 INFO] EFX_DPRAM_5K    : 	4
[EFX-0000 INFO] EFX_GBUFCE      : 	3
[EFX-0000 INFO] =============================== 

///////////////////////////////////
// Efinity Synthesis Started 
// Mar 13, 2023 16:50:45
///////////////////////////////////

[EFX-0012 VERI-INFO] default VHDL library search path is now "E:/Efinity/2022.2/sim_models/vhdl/packages/vhdl_2008" (VHDL-1504) 
[EFX-0012 VERI-INFO] undeclared symbol 'la_capture_mask', assumed default net type 'wire' (VERI-2561) (E:/Efinity/project/fnetriong/work_dbg/debug_top.v:4392)
[EFX-0012 VERI-INFO] undeclared symbol 'next_segment_pointer_eq', assumed default net type 'wire' (VERI-2561) (E:/Efinity/project/fnetriong/work_dbg/debug_top.v:4750)
[EFX-0012 VERI-INFO] undeclared symbol 'next_segment_msb_xor', assumed default net type 'wire' (VERI-2561) (E:/Efinity/project/fnetriong/work_dbg/debug_top.v:4751)
[EFX-0011 VERI-WARNING] port 'probe10' remains unconnected for this instance (VERI-1927) (E:/Efinity/project/fnetriong/work_dbg/debug_top.v:140)
[EFX-0012 VERI-INFO] compiling module 'edb_top' (VERI-1018) (E:/Efinity/project/fnetriong/work_dbg/debug_top.v:10)
[EFX-0012 VERI-INFO] compiling module 'edb_la_top_renamed_due_excessive_length_1' (VERI-1018) (E:/Efinity/project/fnetriong/work_dbg/debug_top.v:513)
[EFX-0011 VERI-WARNING] expression size 256 truncated to fit in target size 64 (VERI-1209) (E:/Efinity/project/fnetriong/work_dbg/debug_top.v:3609)
[EFX-0012 VERI-INFO] compiling module 'edb_adbg_crc32' (VERI-1018) (E:/Efinity/project/fnetriong/work_dbg/debug_top.v:214)
[EFX-0012 VERI-INFO] compiling module 'compare_unit(WIDTH=11'b01,PIPE=1)' (VERI-1018) (E:/Efinity/project/fnetriong/work_dbg/debug_top.v:5473)
[EFX-0012 VERI-INFO] compiling module 'compare_unit(WIDTH=11'b01000,PIPE=1)' (VERI-1018) (E:/Efinity/project/fnetriong/work_dbg/debug_top.v:5473)
[EFX-0012 VERI-INFO] compiling module 'compare_unit(WIDTH=11'b0100,PIPE=1)' (VERI-1018) (E:/Efinity/project/fnetriong/work_dbg/debug_top.v:5473)
[EFX-0012 VERI-INFO] compiling module 'trigger_unit(WIDTH=32'b01000,PIPE=1)' (VERI-1018) (E:/Efinity/project/fnetriong/work_dbg/debug_top.v:5678)
[EFX-0012 VERI-INFO] compiling module 'la_biu(CAPTURE_WIDTH=32'b01100010)' (VERI-1018) (E:/Efinity/project/fnetriong/work_dbg/debug_top.v:4827)
[EFX-0012 VERI-INFO] compiling module 'fifo_with_read(DATA_WIDTH=32'b01100011)' (VERI-1018) (E:/Efinity/project/fnetriong/work_dbg/debug_top.v:4569)
[EFX-0012 VERI-INFO] compiling module 'fifo_address_trancode_unit' (VERI-1018) (E:/Efinity/project/fnetriong/work_dbg/debug_top.v:4519)
[EFX-0012 VERI-INFO] compiling module 'edb_simple_dual_port_ram(DATA_WIDTH=32'b01100011,ADDR_WIDTH=10,RAM_INIT_FILE="")' (VERI-1018) (E:/Efinity/project/fnetriong/work_dbg/debug_top.v:423)
[EFX-0012 VERI-INFO] extracting RAM for identifier 'ram' (VERI-2571) (E:/Efinity/project/fnetriong/work_dbg/debug_top.v:438)
[EFX-0012 VERI-INFO] compiling module 'debug_hub' (VERI-1018) (E:/Efinity/project/fnetriong/work_dbg/debug_top.v:292)
[EFX-0011 VERI-WARNING] input port 'probe10[0]' remains unconnected for this instance (VDB-1053) (E:/Efinity/project/fnetriong/work_dbg/debug_top.v:110)
[EFX-0000 INFO] Setting Synthesis Option: mode=speed
[EFX-0012 VERI-INFO] compiling module 'EFX_ADD' (VERI-1018) (E:/Efinity/2022.2/sim_models/maplib/efinix_maplib.v:6)
[EFX-0012 VERI-INFO] compiling module 'EFX_FF' (VERI-1018) (E:/Efinity/2022.2/sim_models/maplib/efinix_maplib.v:19)
[EFX-0012 VERI-INFO] compiling module 'EFX_COMB4' (VERI-1018) (E:/Efinity/2022.2/sim_models/maplib/efinix_maplib.v:36)
[EFX-0012 VERI-INFO] compiling module 'EFX_GBUFCE' (VERI-1018) (E:/Efinity/2022.2/sim_models/maplib/efinix_maplib.v:46)
[EFX-0012 VERI-INFO] compiling module 'EFX_IDDR' (VERI-1018) (E:/Efinity/2022.2/sim_models/maplib/efinix_maplib.v:55)
[EFX-0012 VERI-INFO] compiling module 'EFX_ODDR' (VERI-1018) (E:/Efinity/2022.2/sim_models/maplib/efinix_maplib.v:69)
[EFX-0012 VERI-INFO] compiling module 'EFX_IOBUF' (VERI-1018) (E:/Efinity/2022.2/sim_models/maplib/efinix_maplib.v:85)
[EFX-0012 VERI-INFO] compiling module 'EFX_LUT4' (VERI-1018) (E:/Efinity/2022.2/sim_models/maplib/efinix_maplib.v:97)
[EFX-0012 VERI-INFO] compiling module 'EFX_MULT' (VERI-1018) (E:/Efinity/2022.2/sim_models/maplib/efinix_maplib.v:105)
[EFX-0012 VERI-INFO] compiling module 'EFX_DSP48' (VERI-1018) (E:/Efinity/2022.2/sim_models/maplib/efinix_maplib.v:140)
[EFX-0012 VERI-INFO] compiling module 'EFX_DSP24' (VERI-1018) (E:/Efinity/2022.2/sim_models/maplib/efinix_maplib.v:196)
[EFX-0012 VERI-INFO] compiling module 'EFX_DSP12' (VERI-1018) (E:/Efinity/2022.2/sim_models/maplib/efinix_maplib.v:249)
[EFX-0012 VERI-INFO] compiling module 'EFX_RAM_4K' (VERI-1018) (E:/Efinity/2022.2/sim_models/maplib/efinix_maplib.v:302)
[EFX-0012 VERI-INFO] compiling module 'EFX_RAM_5K' (VERI-1018) (E:/Efinity/2022.2/sim_models/maplib/efinix_maplib.v:362)
[EFX-0012 VERI-INFO] compiling module 'EFX_DPRAM_5K' (VERI-1018) (E:/Efinity/2022.2/sim_models/maplib/efinix_maplib.v:434)
[EFX-0012 VERI-INFO] compiling module 'RAMB5' (VERI-1018) (E:/Efinity/2022.2/sim_models/maplib/efinix_maplib.v:539)
[EFX-0012 VERI-INFO] compiling module 'EFX_RAM_10K' (VERI-1018) (E:/Efinity/2022.2/sim_models/maplib/efinix_maplib.v:601)
[EFX-0012 VERI-INFO] compiling module 'EFX_RAM10' (VERI-1018) (E:/Efinity/2022.2/sim_models/maplib/efinix_maplib.v:693)
[EFX-0012 VERI-INFO] compiling module 'EFX_DPRAM10' (VERI-1018) (E:/Efinity/2022.2/sim_models/maplib/efinix_maplib.v:794)
[EFX-0012 VERI-INFO] compiling module 'EFX_SRL8' (VERI-1018) (E:/Efinity/2022.2/sim_models/maplib/efinix_maplib.v:924)
[EFX-0000 INFO] ... Pre-synthesis checks begin
[EFX-0200 WARNING] Removing redundant signal : compared_in[0]. (E:/Efinity/project/fnetriong/work_dbg/debug_top.v:5479)
[EFX-0200 WARNING] Removing redundant signal : mask_in[0]. (E:/Efinity/project/fnetriong/work_dbg/debug_top.v:5480)
[EFX-0200 WARNING] Removing redundant signal : trigger_in. (E:/Efinity/project/fnetriong/work_dbg/debug_top.v:5690)
[EFX-0677 INFO] Zero initialization of uninitialized memory block 'ram'. (E:/Efinity/project/fnetriong/work_dbg/debug_top.v:438)
[EFX-0200 WARNING] Removing redundant signal : din[98]. (E:/Efinity/project/fnetriong/work_dbg/debug_top.v:4582)
[EFX-0200 WARNING] Removing redundant signal : trig_out. (E:/Efinity/project/fnetriong/work_dbg/debug_top.v:4861)
[EFX-0200 WARNING] Removing redundant signal : trig_out_ack. (E:/Efinity/project/fnetriong/work_dbg/debug_top.v:4862)
[EFX-0200 WARNING] Removing redundant signal : bscan_DRCK. (E:/Efinity/project/fnetriong/work_dbg/debug_top.v:1046)
[EFX-0200 WARNING] Removing redundant signal : bscan_RUNTEST. (E:/Efinity/project/fnetriong/work_dbg/debug_top.v:1048)
[EFX-0200 WARNING] Removing redundant signal : bscan_SEL. (E:/Efinity/project/fnetriong/work_dbg/debug_top.v:1049)
[EFX-0200 WARNING] Removing redundant signal : bscan_TMS. (E:/Efinity/project/fnetriong/work_dbg/debug_top.v:1053)
[EFX-0200 WARNING] Removing redundant signal : trig_in_ack. (E:/Efinity/project/fnetriong/work_dbg/debug_top.v:1064)
[EFX-0200 WARNING] Removing redundant signal : mux_capture_cmp[9]. (E:/Efinity/project/fnetriong/work_dbg/debug_top.v:3470)
[EFX-0200 WARNING] Removing redundant signal : mux_capture_cmp[8]. (E:/Efinity/project/fnetriong/work_dbg/debug_top.v:3470)
[EFX-0200 WARNING] Removing redundant signal : mux_capture_cmp[7]. (E:/Efinity/project/fnetriong/work_dbg/debug_top.v:3470)
[EFX-0200 WARNING] Removing redundant signal : mux_capture_cmp[6]. (E:/Efinity/project/fnetriong/work_dbg/debug_top.v:3470)
[EFX-0200 WARNING] Removing redundant signal : mux_capture_cmp[5]. (E:/Efinity/project/fnetriong/work_dbg/debug_top.v:3470)
[EFX-0200 WARNING] Removing redundant signal : mux_capture_cmp[4]. (E:/Efinity/project/fnetriong/work_dbg/debug_top.v:3470)
[EFX-0200 WARNING] Removing redundant signal : mux_capture_cmp[3]. (E:/Efinity/project/fnetriong/work_dbg/debug_top.v:3470)
[EFX-0200 WARNING] Removing redundant signal : mux_capture_cmp[2]. (E:/Efinity/project/fnetriong/work_dbg/debug_top.v:3470)
[EFX-0200 WARNING] Removing redundant signal : mux_capture_cmp[1]. (E:/Efinity/project/fnetriong/work_dbg/debug_top.v:3470)
[EFX-0266 WARNING] Module Instance 'la0' input pin tied to constant (trig_in=0).
[EFX-0266 WARNING] Module Instance 'la0' input pin tied to constant (trig_out_ack=0).
[EFX-0201 WARNING] Re-wiring to GND non-driven net 'la0.probe10[0]'. (E:/Efinity/project/fnetriong/work_dbg/debug_top.v:110)
[EFX-0201 WARNING] Re-wiring to GND non-driven net 'la0.probe11[0]'. (E:/Efinity/project/fnetriong/work_dbg/debug_top.v:110)
[EFX-0201 WARNING] Re-wiring to GND non-driven net 'la0.probe12[0]'. (E:/Efinity/project/fnetriong/work_dbg/debug_top.v:110)
[EFX-0201 WARNING] Re-wiring to GND non-driven net 'la0.probe13[0]'. (E:/Efinity/project/fnetriong/work_dbg/debug_top.v:110)
[EFX-0201 WARNING] Re-wiring to GND non-driven net 'la0.probe14[0]'. (E:/Efinity/project/fnetriong/work_dbg/debug_top.v:110)
[EFX-0201 WARNING] Re-wiring to GND non-driven net 'la0.probe15[0]'. (E:/Efinity/project/fnetriong/work_dbg/debug_top.v:110)
[EFX-0201 WARNING] Re-wiring to GND non-driven net 'la0.probe16[0]'. (E:/Efinity/project/fnetriong/work_dbg/debug_top.v:110)
[EFX-0201 WARNING] Re-wiring to GND non-driven net 'la0.probe17[0]'. (E:/Efinity/project/fnetriong/work_dbg/debug_top.v:110)
[EFX-0201 WARNING] Re-wiring to GND non-driven net 'la0.probe18[0]'. (E:/Efinity/project/fnetriong/work_dbg/debug_top.v:110)
[EFX-0201 WARNING] Re-wiring to GND non-driven net 'la0.probe19[0]'. (E:/Efinity/project/fnetriong/work_dbg/debug_top.v:110)
[EFX-0000 INFO] ... Pre-synthesis checks end (Real time : 0s)
[EFX-0000 INFO] ... NameSpace init begin
[EFX-0000 INFO] ... NameSpace init end (Real time : 0s)
[EFX-0000 INFO] ... Mapping design "edb_top"
[EFX-0000 INFO] ... Hierarchical pre-synthesis "edb_adbg_crc32" begin
[EFX-0000 INFO] ... Hierarchical pre-synthesis "edb_adbg_crc32" end (Real time : 0s)
[EFX-0000 INFO] ... Hierarchical pre-synthesis "compare_unit(WIDTH=11'b01,PIPE=1)" begin
[EFX-0000 INFO] ... Hierarchical pre-synthesis "compare_unit(WIDTH=11'b01,PIPE=1)" end (Real time : 0s)
[EFX-0000 INFO] ... Hierarchical pre-synthesis "compare_unit(WIDTH=11'b01000,PIPE=1)" begin
[EFX-0000 INFO] ... Hierarchical pre-synthesis "compare_unit(WIDTH=11'b01000,PIPE=1)" end (Real time : 0s)
[EFX-0000 INFO] ... Hierarchical pre-synthesis "compare_unit(WIDTH=11'b0100,PIPE=1)" begin
[EFX-0000 INFO] ... Hierarchical pre-synthesis "compare_unit(WIDTH=11'b0100,PIPE=1)" end (Real time : 0s)
[EFX-0000 INFO] ... Hierarchical pre-synthesis "trigger_unit(WIDTH=32'b01000,PIPE=1)" begin
[EFX-0000 INFO] ... Hierarchical pre-synthesis "trigger_unit(WIDTH=32'b01000,PIPE=1)" end (Real time : 0s)
[EFX-0000 INFO] ... Hierarchical pre-synthesis "fifo_address_trancode_unit" begin
[EFX-0000 INFO] ... Hierarchical pre-synthesis "fifo_address_trancode_unit" end (Real time : 0s)
[EFX-0000 INFO] ... Hierarchical pre-synthesis "edb_simple_dual_port_ram(DATA_WIDTH=32'b01100011,ADDR_WIDTH=10,RAM_INIT_FILE="")" begin
[EFX-0000 INFO] ... Hierarchical pre-synthesis "edb_simple_dual_port_ram(DATA_WIDTH=32'b01100011,ADDR_WIDTH=10,RAM_INIT_FILE="")" end (Real time : 0s)
[EFX-0000 INFO] ... Hierarchical pre-synthesis "fifo_with_read(DATA_WIDTH=32'b01100011)" begin
[EFX-0000 INFO] ... Hierarchical pre-synthesis "fifo_with_read(DATA_WIDTH=32'b01100011)" end (Real time : 0s)
[EFX-0000 INFO] ... Hierarchical pre-synthesis "la_biu(CAPTURE_WIDTH=32'b01100010)" begin
[EFX-0000 INFO] ... Hierarchical pre-synthesis "la_biu(CAPTURE_WIDTH=32'b01100010)" end (Real time : 0s)
[EFX-0000 INFO] ... Hierarchical pre-synthesis "edb_la_top_renamed_due_excessive_length_1" begin
[EFX-0000 INFO] ... Hierarchical pre-synthesis "edb_la_top_renamed_due_excessive_length_1" end (Real time : 1s)
[EFX-0000 INFO] ... Hierarchical pre-synthesis "debug_hub" begin
[EFX-0000 INFO] ... Hierarchical pre-synthesis "debug_hub" end (Real time : 0s)
[EFX-0000 INFO] ... Hierarchical pre-synthesis "edb_top" begin
[EFX-0000 INFO] ... Clock Enable Synthesis Performed on 130 flops.
[EFX-0000 INFO] ... Hierarchical pre-synthesis "edb_top" end (Real time : 0s)
[EFX-0000 INFO] ... Flat optimizations begin
[EFX-0000 INFO] ... Flat optimizations end (Real time : 0s)
[EFX-0000 INFO] ... Flat synthesis begin
[EFX-0000 INFO] ... Flat synthesis end (Real time : 0s)
[EFX-0000 INFO] ... Flat optimizations begin
[EFX-0000 INFO] ... Flat optimizations end (Real time : 0s)
[EFX-0000 INFO] ... Check and break combinational loops begin
[EFX-0000 INFO] ... Check and break combinational loops end (Real time : 0s)
[EFX-0000 INFO] ... Sequential Optimization begin
[EFX-0000 INFO] ... Clock Network la0_clk with 726 loads will be considered for sequential optimization.
[EFX-0000 INFO] ... Clock Network bscan_TCK with 432 loads will be considered for sequential optimization.
[EFX-0000 INFO] ... Sequential Optimization deduced 206 equivalent points.
[EFX-0000 INFO] ... Sequential Optimization end (Real time : 11s)
[EFX-0000 INFO] ... SOP modeling begin
[EFX-0000 INFO] ... SOP modeling end (Real time : 0s)
[EFX-0000 INFO] ... LUT mapping begin
[EFX-0000 INFO] ... LS, strategy: 3, nd: 857, ed: 2780, lv: 7, pw: 2161.28
[EFX-0000 INFO] ... LUT mapping end (Real time : 4s)
[EFX-0000 INFO] ... Post-synthesis Verific netlist creation begin
[EFX-0000 INFO] ... Post-synthesis Verific netlist creation end (Real time : 0s)
[EFX-0000 INFO] ... Postmap Retiming Optimization begin
[EFX-0000 INFO] ... Clock Network n13 with 726 loads will be considered for retiming optimization.
[EFX-0000 INFO] ... Clock Network n9 with 432 loads will be considered for retiming optimization.
[EFX-0000 INFO] ... Performed 0 retime moves.
[EFX-0000 INFO] ... Postmap Retiming Optimization end (Real time : 0s)
[EFX-0000 INFO] ... Post-synthesis Verific netlist unification/params processing begin
[EFX-0000 INFO] ... Post-synthesis Verific netlist unification/params processing end (Real time : 0s)
[EFX-0011 VERI-WARNING] Input/Inout Port bscan_DRCK is unconnected and will be removed 
[EFX-0011 VERI-WARNING] Input/Inout Port bscan_RUNTEST is unconnected and will be removed 
[EFX-0011 VERI-WARNING] Input/Inout Port bscan_TMS is unconnected and will be removed 
[EFX-0012 VERI-INFO] Found 3 warnings in the post-synthesis netlist. 
[EFX-0000 INFO] Resource Summary 
[EFX-0000 INFO] =============================== 
[EFX-0000 INFO] EFX_ADD         : 	90
[EFX-0000 INFO] EFX_LUT4        : 	843
[EFX-0000 INFO] EFX_FF          : 	1138
[EFX-0000 INFO] EFX_RAM_5K      : 	21
[EFX-0000 INFO] EFX_GBUFCE      : 	2
[EFX-0000 INFO] =============================== 

///////////////////////////////////
// Efinity Synthesis Started 
// Mar 13, 2023 16:51:05
///////////////////////////////////

[EFX-0000 INFO] Setting Synthesis Option: mode=speed
[EFX-0000 INFO] ... Pre-synthesis checks begin
[EFX-0266 WARNING] Module Instance 'fifo' input pin tied to constant (out_want_b=1).
[EFX-0200 WARNING] Removing redundant signal : start_found. (E:\Efinity\project\fnetriong\efnet_octet_to_word.vhd:60)
[EFX-0200 WARNING] Removing redundant signal : packet_start. (E:\Efinity\project\fnetriong\efnet_octet_to_word.vhd:62)
[EFX-0200 WARNING] Removing redundant signal : packet_end. (E:\Efinity\project\fnetriong\efnet_octet_to_word.vhd:63)
[EFX-0200 WARNING] Removing redundant signal : word[15]. (E:\Efinity\project\fnetriong\efnet_octet_to_word.vhd:65)
[EFX-0200 WARNING] Removing redundant signal : word[14]. (E:\Efinity\project\fnetriong\efnet_octet_to_word.vhd:65)
[EFX-0200 WARNING] Removing redundant signal : word[13]. (E:\Efinity\project\fnetriong\efnet_octet_to_word.vhd:65)
[EFX-0200 WARNING] Removing redundant signal : word[12]. (E:\Efinity\project\fnetriong\efnet_octet_to_word.vhd:65)
[EFX-0200 WARNING] Removing redundant signal : word[11]. (E:\Efinity\project\fnetriong\efnet_octet_to_word.vhd:65)
[EFX-0200 WARNING] Removing redundant signal : word[10]. (E:\Efinity\project\fnetriong\efnet_octet_to_word.vhd:65)
[EFX-0200 WARNING] Removing redundant signal : word[9]. (E:\Efinity\project\fnetriong\efnet_octet_to_word.vhd:65)
[EFX-0200 WARNING] Removing redundant signal : word[8]. (E:\Efinity\project\fnetriong\efnet_octet_to_word.vhd:65)
[EFX-0200 WARNING] Removing redundant signal : word[7]. (E:\Efinity\project\fnetriong\efnet_octet_to_word.vhd:65)
[EFX-0200 WARNING] Removing redundant signal : word[6]. (E:\Efinity\project\fnetriong\efnet_octet_to_word.vhd:65)
[EFX-0200 WARNING] Removing redundant signal : word[5]. (E:\Efinity\project\fnetriong\efnet_octet_to_word.vhd:65)
[EFX-0200 WARNING] Removing redundant signal : word[4]. (E:\Efinity\project\fnetriong\efnet_octet_to_word.vhd:65)
[EFX-0200 WARNING] Removing redundant signal : word[3]. (E:\Efinity\project\fnetriong\efnet_octet_to_word.vhd:65)
[EFX-0200 WARNING] Removing redundant signal : word[2]. (E:\Efinity\project\fnetriong\efnet_octet_to_word.vhd:65)
[EFX-0200 WARNING] Removing redundant signal : word[1]. (E:\Efinity\project\fnetriong\efnet_octet_to_word.vhd:65)
[EFX-0200 WARNING] Removing redundant signal : word[0]. (E:\Efinity\project\fnetriong\efnet_octet_to_word.vhd:65)
[EFX-0200 WARNING] Removing redundant signal : octet_counter[0]. (E:\Efinity\project\fnetriong\efnet_octet_to_word.vhd:66)
[EFX-0266 WARNING] Module Instance 'out_sm' input pin tied to constant (idx_tcp_prep[0][31]=0).
[EFX-0266 WARNING] Module Instance 'out_sm' input pin tied to constant (idx_tcp_prep[0][30]=0).
[EFX-0266 WARNING] Module Instance 'out_sm' input pin tied to constant (idx_tcp_prep[0][29]=0).
[EFX-0266 WARNING] Module Instance 'out_sm' input pin tied to constant (idx_tcp_prep[0][28]=0).
[EFX-0266 WARNING] Module Instance 'out_sm' input pin tied to constant (idx_tcp_prep[0][27]=0).
[EFX-0266 WARNING] Module Instance 'out_sm' input pin tied to constant (idx_tcp_prep[0][26]=0).
[EFX-0266 WARNING] Module Instance 'out_sm' input pin tied to constant (idx_tcp_prep[0][25]=0).
[EFX-0266 WARNING] Module Instance 'out_sm' input pin tied to constant (idx_tcp_prep[0][24]=0).
[EFX-0266 WARNING] Module Instance 'out_sm' input pin tied to constant (idx_tcp_prep[0][23]=0).
[EFX-0266 WARNING] Module Instance 'out_sm' input pin tied to constant (idx_tcp_prep[0][22]=0).
[EFX-0266 WARNING] Module Instance 'out_sm' input pin tied to constant (idx_tcp_prep[0][21]=0).
[EFX-0266 WARNING] Module Instance 'out_sm' input pin tied to constant (idx_tcp_prep[0][20]=0).
[EFX-0266 WARNING] Module Instance 'out_sm' input pin tied to constant (idx_tcp_prep[0][19]=0).
[EFX-0266 WARNING] Module Instance 'out_sm' input pin tied to constant (idx_tcp_prep[0][18]=0).
[EFX-0266 WARNING] Module Instance 'out_sm' input pin tied to constant (idx_tcp_prep[0][17]=0).
[EFX-0266 WARNING] Module Instance 'out_sm' input pin tied to constant (idx_tcp_prep[0][16]=0).
[EFX-0266 WARNING] Module Instance 'out_sm' input pin tied to constant (idx_tcp_prep[0][15]=0).
[EFX-0266 WARNING] Module Instance 'out_sm' input pin tied to constant (idx_tcp_prep[0][14]=0).
[EFX-0266 WARNING] Module Instance 'out_sm' input pin tied to constant (idx_tcp_prep[0][13]=0).
[EFX-0266 WARNING] Module Instance 'out_sm' input pin tied to constant (idx_tcp_prep[0][12]=0).
[EFX-0266 WARNING] Module Instance 'out_sm' input pin tied to constant (idx_tcp_prep[0][11]=0).
[EFX-0266 WARNING] Module Instance 'out_sm' input pin tied to constant (idx_tcp_prep[0][10]=0).
[EFX-0266 WARNING] Module Instance 'out_sm' input pin tied to constant (idx_tcp_prep[0][9]=0).
[EFX-0266 WARNING] Module Instance 'out_sm' input pin tied to constant (idx_tcp_prep[0][8]=0).
[EFX-0266 WARNING] Module Instance 'out_sm' input pin tied to constant (idx_tcp_prep[0][7]=0).
[EFX-0266 WARNING] Module Instance 'out_sm' input pin tied to constant (idx_tcp_prep[0][6]=0).
[EFX-0266 WARNING] Module Instance 'out_sm' input pin tied to constant (idx_tcp_prep[0][5]=0).
[EFX-0266 WARNING] Module Instance 'out_sm' input pin tied to constant (idx_tcp_prep[0][4]=0).
[EFX-0266 WARNING] Module Instance 'out_sm' input pin tied to constant (idx_tcp_prep[0][3]=0).
[EFX-0266 WARNING] Module Instance 'out_sm' input pin tied to constant (idx_tcp_prep[0][2]=1).
[EFX-0266 WARNING] Module Instance 'out_sm' input pin tied to constant (idx_tcp_prep[0][1]=0).
[EFX-0266 WARNING] Module Instance 'out_sm' input pin tied to constant (idx_tcp_prep[0][0]=1).
[EFX-0266 WARNING] Module Instance 'out_sm' input pin tied to constant (idx_tcp_prep[1][31]=0).
[EFX-0266 WARNING] Module Instance 'out_sm' input pin tied to constant (idx_tcp_prep[1][30]=0).
[EFX-0266 WARNING] Module Instance 'out_sm' input pin tied to constant (idx_tcp_prep[1][29]=0).
[EFX-0266 WARNING] Module Instance 'out_sm' input pin tied to constant (idx_tcp_prep[1][28]=0).
[EFX-0266 WARNING] Module Instance 'out_sm' input pin tied to constant (idx_tcp_prep[1][27]=0).
[EFX-0266 WARNING] Module Instance 'out_sm' input pin tied to constant (idx_tcp_prep[1][26]=0).
[EFX-0266 WARNING] Module Instance 'out_sm' input pin tied to constant (idx_tcp_prep[1][25]=0).
[EFX-0266 WARNING] Module Instance 'out_sm' input pin tied to constant (idx_tcp_prep[1][24]=0).
[EFX-0266 WARNING] Module Instance 'out_sm' input pin tied to constant (idx_tcp_prep[1][23]=0).
[EFX-0266 WARNING] Module Instance 'out_sm' input pin tied to constant (idx_tcp_prep[1][22]=0).
[EFX-0266 WARNING] Module Instance 'out_sm' input pin tied to constant (idx_tcp_prep[1][21]=0).
[EFX-0266 WARNING] Module Instance 'out_sm' input pin tied to constant (idx_tcp_prep[1][20]=0).
[EFX-0266 WARNING] Module Instance 'out_sm' input pin tied to constant (idx_tcp_prep[1][19]=0).
[EFX-0266 WARNING] Module Instance 'out_sm' input pin tied to constant (idx_tcp_prep[1][18]=0).
[EFX-0266 WARNING] Module Instance 'out_sm' input pin tied to constant (idx_tcp_prep[1][17]=0).
[EFX-0266 WARNING] Module Instance 'out_sm' input pin tied to constant (idx_tcp_prep[1][16]=0).
[EFX-0266 WARNING] Module Instance 'out_sm' input pin tied to constant (idx_tcp_prep[1][15]=0).
[EFX-0266 WARNING] Module Instance 'out_sm' input pin tied to constant (idx_tcp_prep[1][14]=0).
[EFX-0266 WARNING] Module Instance 'out_sm' input pin tied to constant (idx_tcp_prep[1][13]=0).
[EFX-0266 WARNING] Module Instance 'out_sm' input pin tied to constant (idx_tcp_prep[1][12]=0).
[EFX-0266 WARNING] Module Instance 'out_sm' input pin tied to constant (idx_tcp_prep[1][11]=0).
[EFX-0266 WARNING] Module Instance 'out_sm' input pin tied to constant (idx_tcp_prep[1][10]=0).
[EFX-0266 WARNING] Module Instance 'out_sm' input pin tied to constant (idx_tcp_prep[1][9]=0).
[EFX-0266 WARNING] Module Instance 'out_sm' input pin tied to constant (idx_tcp_prep[1][8]=0).
[EFX-0266 WARNING] Module Instance 'out_sm' input pin tied to constant (idx_tcp_prep[1][7]=0).
[EFX-0266 WARNING] Module Instance 'out_sm' input pin tied to constant (idx_tcp_prep[1][6]=0).
[EFX-0266 WARNING] Module Instance 'out_sm' input pin tied to constant (idx_tcp_prep[1][5]=0).
[EFX-0266 WARNING] Module Instance 'out_sm' input pin tied to constant (idx_tcp_prep[1][4]=0).
[EFX-0266 WARNING] Module Instance 'out_sm' input pin tied to constant (idx_tcp_prep[1][3]=0).
[EFX-0266 WARNING] Module Instance 'out_sm' input pin tied to constant (idx_tcp_prep[1][2]=1).
[EFX-0266 WARNING] Module Instance 'out_sm' input pin tied to constant (idx_tcp_prep[1][1]=1).
[EFX-0266 WARNING] Module Instance 'out_sm' input pin tied to constant (idx_tcp_prep[1][0]=0).
[EFX-0266 WARNING] Module Instance 'out_sm' input pin tied to constant (idx_gen[31]=0).
[EFX-0266 WARNING] Module Instance 'out_sm' input pin tied to constant (idx_gen[30]=0).
[EFX-0266 WARNING] Module Instance 'out_sm' input pin tied to constant (idx_gen[29]=0).
[EFX-0266 WARNING] Module Instance 'out_sm' input pin tied to constant (idx_gen[28]=0).
[EFX-0266 WARNING] Module Instance 'out_sm' input pin tied to constant (idx_gen[27]=0).
[EFX-0266 WARNING] Module Instance 'out_sm' input pin tied to constant (idx_gen[26]=0).
[EFX-0266 WARNING] Module Instance 'out_sm' input pin tied to constant (idx_gen[25]=0).
[EFX-0266 WARNING] Module Instance 'out_sm' input pin tied to constant (idx_gen[24]=0).
[EFX-0266 WARNING] Module Instance 'out_sm' input pin tied to constant (idx_gen[23]=0).
[EFX-0266 WARNING] Module Instance 'out_sm' input pin tied to constant (idx_gen[22]=0).
[EFX-0266 WARNING] Module Instance 'out_sm' input pin tied to constant (idx_gen[21]=0).
[EFX-0266 WARNING] Module Instance 'out_sm' input pin tied to constant (idx_gen[20]=0).
[EFX-0266 WARNING] Module Instance 'out_sm' input pin tied to constant (idx_gen[19]=0).
[EFX-0266 WARNING] Module Instance 'out_sm' input pin tied to constant (idx_gen[18]=0).
[EFX-0266 WARNING] Module Instance 'out_sm' input pin tied to constant (idx_gen[17]=0).
[EFX-0266 WARNING] Module Instance 'out_sm' input pin tied to constant (idx_gen[16]=0).
[EFX-0266 WARNING] Module Instance 'out_sm' input pin tied to constant (idx_gen[15]=0).
[EFX-0266 WARNING] Module Instance 'out_sm' input pin tied to constant (idx_gen[14]=0).
[EFX-0266 WARNING] Module Instance 'out_sm' input pin tied to constant (idx_gen[13]=0).
[EFX-0266 WARNING] Module Instance 'out_sm' input pin tied to constant (idx_gen[12]=0).
[EFX-0266 WARNING] Module Instance 'out_sm' input pin tied to constant (idx_gen[11]=0).
[EFX-0266 WARNING] Module Instance 'out_sm' input pin tied to constant (idx_gen[10]=0).
[EFX-0266 WARNING] Module Instance 'out_sm' input pin tied to constant (idx_gen[9]=0).
[EFX-0266 WARNING] Module Instance 'out_sm' input pin tied to constant (idx_gen[8]=0).
[EFX-0266 WARNING] Module Instance 'out_sm' input pin tied to constant (idx_gen[7]=0).
[EFX-0266 WARNING] Module Instance 'out_sm' input pin tied to constant (idx_gen[6]=0).
[EFX-0266 WARNING] Module Instance 'out_sm' input pin tied to constant (idx_gen[5]=0).
[EFX-0266 WARNING] Module Instance 'out_sm' input pin tied to constant (idx_gen[4]=0).
[EFX-0266 WARNING] Module Instance 'out_sm' input pin tied to constant (idx_gen[3]=0).
[EFX-0266 WARNING] Module Instance 'out_sm' input pin tied to constant (idx_gen[2]=0).
[EFX-0266 WARNING] Module Instance 'out_sm' input pin tied to constant (idx_gen[1]=0).
[EFX-0266 WARNING] Module Instance 'out_sm' input pin tied to constant (idx_gen[0]=1).
[EFX-0266 WARNING] Module Instance 'mdio' input pin tied to constant (b_req_data[31]=0).
[EFX-0266 WARNING] Module Instance 'mdio' input pin tied to constant (b_req_data[30]=0).
[EFX-0266 WARNING] Module Instance 'mdio' input pin tied to constant (b_req_data[29]=0).
[EFX-0201 WARNING] Re-wiring to GND non-driven net 'ram_udp_regidp.prod2.set_again'. (E:\Efinity\project\fnetriong\fakernet_module.vhd:134)
[EFX-0201 WARNING] Re-wiring to GND non-driven net 'ram_tcp_template.prod2.set_again'. (E:\Efinity\project\fnetriong\fakernet_module.vhd:136)
[EFX-0201 WARNING] Re-wiring to GND non-driven net 'ram_tcp_prep2[0].prod2.set_again'. (E:\Efinity\project\fnetriong\fakernet_module.vhd:137)
[EFX-0201 WARNING] Re-wiring to GND non-driven net 'ram_tcp_prep2[1].prod2.set_again'. (E:\Efinity\project\fnetriong\fakernet_module.vhd:137)
[EFX-0031 INFO] 'i4' instance is encountered with don't-care(1'bx) input, rewiring to GND. (E:\Efinity\project\fnetriong\fnetriong.vhd:104)
[EFX-0000 INFO] ... Pre-synthesis checks end (Real time : 0s)
[EFX-0000 INFO] ... NameSpace init begin
[EFX-0000 INFO] ... NameSpace init end (Real time : 0s)
[EFX-0000 INFO] ... Mapping design "fnetriong"
[EFX-0000 INFO] ... Hierarchical pre-synthesis "fnet_async_fifo(width=17)" begin
[EFX-0000 INFO] ... Hierarchical pre-synthesis "fnet_async_fifo(width=17)" end (Real time : 0s)
[EFX-0000 INFO] ... Hierarchical pre-synthesis "efnet_octet_to_word" begin
[EFX-0000 INFO] ... Hierarchical pre-synthesis "efnet_octet_to_word" end (Real time : 0s)
[EFX-0000 INFO] ... Hierarchical pre-synthesis "efb_uart_trace_mem(width=32,samples=512)" begin
[EFX-0000 INFO] ... Hierarchical pre-synthesis "efb_uart_trace_mem(width=32,samples=512)" end (Real time : 0s)
[EFX-0000 INFO] ... Hierarchical pre-synthesis "efb_uart_tx(15,0)" begin
[EFX-0000 INFO] ... Hierarchical pre-synthesis "efb_uart_tx(15,0)" end (Real time : 0s)
[EFX-0000 INFO] ... Hierarchical pre-synthesis "efnet_word_to_octet" begin
[EFX-0000 INFO] ... Hierarchical pre-synthesis "efnet_word_to_octet" end (Real time : 0s)
[EFX-0000 INFO] ... Hierarchical pre-synthesis "efnet_data_array_inject(0,0)(31,0)(0,0)(0,0)(9,0)(7,0)" begin
[EFX-0000 INFO] ... Hierarchical pre-synthesis "efnet_data_array_inject(0,0)(31,0)(0,0)(0,0)(9,0)(7,0)" end (Real time : 0s)
[EFX-0000 INFO] ... Hierarchical pre-synthesis "fnet_crc32" begin
[EFX-0000 INFO] ... Hierarchical pre-synthesis "fnet_crc32" end (Real time : 0s)
[EFX-0000 INFO] ... Hierarchical pre-synthesis "fnet_in_state" begin
[EFX-0000 INFO] ... Hierarchical pre-synthesis "fnet_in_state" end (Real time : 1s)
[EFX-0000 INFO] ... Hierarchical pre-synthesis "fnet_dyn_control" begin
[EFX-0000 INFO] ... Hierarchical pre-synthesis "fnet_dyn_control" end (Real time : 0s)
[EFX-0000 INFO] ... Hierarchical pre-synthesis "fnet_ntp_query_control" begin
[EFX-0000 INFO] ... Hierarchical pre-synthesis "fnet_ntp_query_control" end (Real time : 0s)
[EFX-0000 INFO] ... Hierarchical pre-synthesis "fnet_packet_gen" begin
[EFX-0000 INFO] ... Hierarchical pre-synthesis "fnet_packet_gen" end (Real time : 0s)
[EFX-0000 INFO] ... Hierarchical pre-synthesis "fnet_out_state" begin
[EFX-0000 INFO] ... Hierarchical pre-synthesis "fnet_out_state" end (Real time : 0s)
[EFX-0000 INFO] ... Hierarchical pre-synthesis "fnet_out_pipeline" begin
[EFX-0000 INFO] ... Hierarchical pre-synthesis "fnet_out_pipeline" end (Real time : 0s)
[EFX-0000 INFO] ... Hierarchical pre-synthesis "fnet_regaccess" begin
[EFX-0000 INFO] ... Hierarchical pre-synthesis "fnet_regaccess" end (Real time : 0s)
[EFX-0000 INFO] ... Hierarchical pre-synthesis "ram_block_a11d16" begin
[EFX-0000 INFO] ... Hierarchical pre-synthesis "ram_block_a11d16" end (Real time : 0s)
[EFX-0000 INFO] ... Hierarchical pre-synthesis "fnet_local_reg(test_regs=true,lcl_data_gen=true,limit_payload_window=true,debug_regs=true,debug_counters=true,compiletime=1)" begin
[EFX-0000 INFO] ... Hierarchical pre-synthesis "fnet_local_reg(test_regs=true,lcl_data_gen=true,limit_payload_window=true,debug_regs=true,debug_counters=true,compiletime=1)" end (Real time : 0s)
[EFX-0000 INFO] ... Hierarchical pre-synthesis "fnet_tcp_state(data_bufsize_addrbits=13)" begin
[EFX-0000 INFO] ... Hierarchical pre-synthesis "fnet_tcp_state(data_bufsize_addrbits=13)" end (Real time : 0s)
[EFX-0000 INFO] ... Hierarchical pre-synthesis "fnet_tcp_control(data_bufsize_addrbits=13)" begin
[EFX-0000 INFO] ... Hierarchical pre-synthesis "fnet_tcp_control(data_bufsize_addrbits=13)" end (Real time : 0s)
[EFX-0000 INFO] ... Hierarchical pre-synthesis "fnet_tcp_prepare(data_bufsize_addrbits=13)(12,0)(31,0)" begin
[EFX-0000 INFO] ... Hierarchical pre-synthesis "fnet_tcp_prepare(data_bufsize_addrbits=13)(12,0)(31,0)" end (Real time : 0s)
[EFX-0000 INFO] ... Hierarchical pre-synthesis "fnet_tcp_buffer(data_bufsize_addrbits=13)(9,0)(7,0)(7,0)(5,0)(12,0)(31,0)" begin
[EFX-0000 INFO] ... Hierarchical pre-synthesis "fnet_tcp_buffer(data_bufsize_addrbits=13)(9,0)(7,0)(7,0)(5,0)(12,0)(31,0)" end (Real time : 0s)
[EFX-0000 INFO] ... Hierarchical pre-synthesis "fnet_test_datagen(data_bufsize_addrbits=13)" begin
[EFX-0000 INFO] ... Hierarchical pre-synthesis "fnet_test_datagen(data_bufsize_addrbits=13)" end (Real time : 1s)
[EFX-0000 INFO] ... Hierarchical pre-synthesis "fnet_ram_block_data(addrbits=13)" begin
[EFX-0000 INFO] ... Hierarchical pre-synthesis "fnet_ram_block_data(addrbits=13)" end (Real time : 0s)
[EFX-0000 INFO] ... Hierarchical pre-synthesis "fnet_ram_block_stat" begin
[EFX-0000 INFO] ... Hierarchical pre-synthesis "fnet_ram_block_stat" end (Real time : 0s)
[EFX-0000 INFO] ... Hierarchical pre-synthesis "fnet_regacc_aux_stat" begin
[EFX-0000 INFO] ... Hierarchical pre-synthesis "fnet_regacc_aux_stat" end (Real time : 0s)
[EFX-0000 INFO] ... Hierarchical pre-synthesis "fnet_mdio" begin
[EFX-0000 INFO] ... Hierarchical pre-synthesis "fnet_mdio" end (Real time : 0s)
[EFX-0000 INFO] ... Hierarchical pre-synthesis "fakernet_module(data_bufsize_addrbits=13,compiletime=1)(9,0)(7,0)" begin
[EFX-0000 INFO] ... Hierarchical pre-synthesis "fakernet_module(data_bufsize_addrbits=13,compiletime=1)(9,0)(7,0)" end (Real time : 0s)
[EFX-0000 INFO] ... Hierarchical pre-synthesis "efb_common_top(clk_freq=125000000)(0,-1)(31,0)(0,-1)(0,-1)" begin
[EFX-0000 INFO] ... Hierarchical pre-synthesis "efb_common_top(clk_freq=125000000)(0,-1)(31,0)(0,-1)(0,-1)" end (Real time : 1s)
[EFX-0000 INFO] ... Hierarchical pre-synthesis "edb_top" begin
[EFX-0000 INFO] ... Hierarchical pre-synthesis "edb_top" end (Real time : 0s)
[EFX-0000 INFO] ... Hierarchical pre-synthesis "fnetriong" begin
[EFX-0000 INFO] ... Clock Enable Synthesis Performed on 687 flops.
[EFX-0000 INFO] ... Hierarchical pre-synthesis "fnetriong" end (Real time : 2s)
[EFX-0201 WARNING] Re-wiring to GND non-driven net 't/fakernet/dp_ram_arp_icmp.port_a.o.rd'. (E:\Efinity\project\fnetriong\fakernet_module.vhd:144)
[EFX-0201 WARNING] Re-wiring to GND non-driven net 't/fakernet/dp_ram_pkt_gen.port_a.o.rd'. (E:\Efinity\project\fnetriong\fakernet_module.vhd:145)
[EFX-0201 WARNING] Re-wiring to GND non-driven net 't/fakernet/dp_ram_udp_regacc.port_a.o.rd'. (E:\Efinity\project\fnetriong\fakernet_module.vhd:146)
[EFX-0201 WARNING] Re-wiring to GND non-driven net 't/fakernet/dp_ram_udp_regacc.port_b.o.wr'. (E:\Efinity\project\fnetriong\fakernet_module.vhd:146)
[EFX-0201 WARNING] Re-wiring to GND non-driven net 't/fakernet/dp_ram_udp_regidp.port_a.o.rd'. (E:\Efinity\project\fnetriong\fakernet_module.vhd:147)
[EFX-0201 WARNING] Re-wiring to GND non-driven net 't/fakernet/dp_ram_tcp_template.port_a.o.rd'. (E:\Efinity\project\fnetriong\fakernet_module.vhd:150)
[EFX-0000 INFO] ... Flat optimizations begin
[EFX-0000 INFO] ... Flat optimizations end (Real time : 0s)
[EFX-0000 INFO] ... Flat synthesis begin
[EFX-0000 INFO] ... Flat synthesis end (Real time : 0s)
[EFX-0000 INFO] ... Flat optimizations begin
[EFX-0000 INFO] ... Flat optimizations end (Real time : 0s)
[EFX-0000 INFO] ... Check and break combinational loops begin
[EFX-0000 INFO] ... Check and break combinational loops end (Real time : 0s)
[EFX-0000 INFO] ... Sequential Optimization begin
[EFX-0000 INFO] ... Clock Network clk with 4098 loads will be considered for sequential optimization.
[EFX-0000 INFO] ... Clock Network jtag_inst1_TCK with 425 loads will be considered for sequential optimization.
[EFX-0000 INFO] ... Clock Network eth_rx_clk with 45 loads will be considered for sequential optimization.
[EFX-0000 INFO] ... Sequential Optimization deduced 879 equivalent points.
[EFX-0000 INFO] ... Sequential Optimization end (Real time : 20s)
[EFX-0000 INFO] ... SOP modeling begin
[EFX-0000 INFO] ... SOP modeling end (Real time : 0s)
[EFX-0000 INFO] ... LUT mapping begin
[EFX-0000 INFO] ... LS, strategy: 3, nd: 4591, ed: 15209, lv: 7, pw: 12715.82
[EFX-0000 INFO] ... LUT mapping end (Real time : 15s)
[EFX-0000 INFO] ... Post-synthesis Verific netlist creation begin
[EFX-0000 INFO] ... Post-synthesis Verific netlist creation end (Real time : 1s)
[EFX-0000 INFO] ... Postmap Retiming Optimization begin
[EFX-0000 INFO] ... Clock Network n3 with 3630 loads will be considered for retiming optimization.
[EFX-0000 INFO] ... Clock Network n25 with 425 loads will be considered for retiming optimization.
[EFX-0000 INFO] ... Clock Network n13 with 45 loads will be considered for retiming optimization.
[EFX-0000 INFO] ... Performed 7 retime moves.
[EFX-0000 INFO] ... Postmap Retiming Optimization end (Real time : 0s)
[EFX-0000 INFO] ... Post-synthesis Verific netlist unification/params processing begin
[EFX-0000 INFO] ... Post-synthesis Verific netlist unification/params processing end (Real time : 0s)
[EFX-0000 INFO] Resource Summary 
[EFX-0000 INFO] =============================== 
[EFX-0000 INFO] EFX_ADD         : 	661
[EFX-0000 INFO] EFX_LUT4        : 	5284
[EFX-0000 INFO] EFX_FF          : 	3973
[EFX-0000 INFO] EFX_RAM_5K      : 	124
[EFX-0000 INFO] EFX_DPRAM_5K    : 	4
[EFX-0000 INFO] EFX_GBUFCE      : 	3
[EFX-0000 INFO] =============================== 

///////////////////////////////////
// Efinity Synthesis Started 
// Mar 13, 2023 17:06:31
///////////////////////////////////

[EFX-0012 VERI-INFO] default VHDL library search path is now "E:/Efinity/2022.2/sim_models/vhdl/packages/vhdl_2008" (VHDL-1504) 
[EFX-0012 VERI-INFO] undeclared symbol 'la_capture_mask', assumed default net type 'wire' (VERI-2561) (E:/Efinity/project/fnetriong/work_dbg/debug_top.v:4416)
[EFX-0012 VERI-INFO] undeclared symbol 'next_segment_pointer_eq', assumed default net type 'wire' (VERI-2561) (E:/Efinity/project/fnetriong/work_dbg/debug_top.v:4774)
[EFX-0012 VERI-INFO] undeclared symbol 'next_segment_msb_xor', assumed default net type 'wire' (VERI-2561) (E:/Efinity/project/fnetriong/work_dbg/debug_top.v:4775)
[EFX-0011 VERI-WARNING] port 'probe16' remains unconnected for this instance (VERI-1927) (E:/Efinity/project/fnetriong/work_dbg/debug_top.v:164)
[EFX-0012 VERI-INFO] compiling module 'edb_top' (VERI-1018) (E:/Efinity/project/fnetriong/work_dbg/debug_top.v:10)
[EFX-0012 VERI-INFO] compiling module 'edb_la_top_renamed_due_excessive_length_1' (VERI-1018) (E:/Efinity/project/fnetriong/work_dbg/debug_top.v:537)
[EFX-0011 VERI-WARNING] expression size 256 truncated to fit in target size 64 (VERI-1209) (E:/Efinity/project/fnetriong/work_dbg/debug_top.v:3633)
[EFX-0012 VERI-INFO] compiling module 'edb_adbg_crc32' (VERI-1018) (E:/Efinity/project/fnetriong/work_dbg/debug_top.v:238)
[EFX-0012 VERI-INFO] compiling module 'compare_unit(WIDTH=11'b01,PIPE=1)' (VERI-1018) (E:/Efinity/project/fnetriong/work_dbg/debug_top.v:5497)
[EFX-0012 VERI-INFO] compiling module 'compare_unit(WIDTH=11'b01000,PIPE=1)' (VERI-1018) (E:/Efinity/project/fnetriong/work_dbg/debug_top.v:5497)
[EFX-0012 VERI-INFO] compiling module 'compare_unit(WIDTH=11'b0100,PIPE=1)' (VERI-1018) (E:/Efinity/project/fnetriong/work_dbg/debug_top.v:5497)
[EFX-0012 VERI-INFO] compiling module 'trigger_unit(WIDTH=32'b010000,PIPE=1)' (VERI-1018) (E:/Efinity/project/fnetriong/work_dbg/debug_top.v:5702)
[EFX-0012 VERI-INFO] compiling module 'la_biu(CAPTURE_WIDTH=32'b011010)' (VERI-1018) (E:/Efinity/project/fnetriong/work_dbg/debug_top.v:4851)
[EFX-0012 VERI-INFO] compiling module 'fifo_with_read(DATA_WIDTH=32'b011011)' (VERI-1018) (E:/Efinity/project/fnetriong/work_dbg/debug_top.v:4593)
[EFX-0012 VERI-INFO] compiling module 'fifo_address_trancode_unit' (VERI-1018) (E:/Efinity/project/fnetriong/work_dbg/debug_top.v:4543)
[EFX-0012 VERI-INFO] compiling module 'edb_simple_dual_port_ram(DATA_WIDTH=32'b011011,ADDR_WIDTH=10,RAM_INIT_FILE="")' (VERI-1018) (E:/Efinity/project/fnetriong/work_dbg/debug_top.v:447)
[EFX-0012 VERI-INFO] extracting RAM for identifier 'ram' (VERI-2571) (E:/Efinity/project/fnetriong/work_dbg/debug_top.v:462)
[EFX-0012 VERI-INFO] compiling module 'debug_hub' (VERI-1018) (E:/Efinity/project/fnetriong/work_dbg/debug_top.v:316)
[EFX-0011 VERI-WARNING] input port 'probe16[0]' remains unconnected for this instance (VDB-1053) (E:/Efinity/project/fnetriong/work_dbg/debug_top.v:128)
[EFX-0000 INFO] Setting Synthesis Option: mode=speed
[EFX-0012 VERI-INFO] compiling module 'EFX_ADD' (VERI-1018) (E:/Efinity/2022.2/sim_models/maplib/efinix_maplib.v:6)
[EFX-0012 VERI-INFO] compiling module 'EFX_FF' (VERI-1018) (E:/Efinity/2022.2/sim_models/maplib/efinix_maplib.v:19)
[EFX-0012 VERI-INFO] compiling module 'EFX_COMB4' (VERI-1018) (E:/Efinity/2022.2/sim_models/maplib/efinix_maplib.v:36)
[EFX-0012 VERI-INFO] compiling module 'EFX_GBUFCE' (VERI-1018) (E:/Efinity/2022.2/sim_models/maplib/efinix_maplib.v:46)
[EFX-0012 VERI-INFO] compiling module 'EFX_IDDR' (VERI-1018) (E:/Efinity/2022.2/sim_models/maplib/efinix_maplib.v:55)
[EFX-0012 VERI-INFO] compiling module 'EFX_ODDR' (VERI-1018) (E:/Efinity/2022.2/sim_models/maplib/efinix_maplib.v:69)
[EFX-0012 VERI-INFO] compiling module 'EFX_IOBUF' (VERI-1018) (E:/Efinity/2022.2/sim_models/maplib/efinix_maplib.v:85)
[EFX-0012 VERI-INFO] compiling module 'EFX_LUT4' (VERI-1018) (E:/Efinity/2022.2/sim_models/maplib/efinix_maplib.v:97)
[EFX-0012 VERI-INFO] compiling module 'EFX_MULT' (VERI-1018) (E:/Efinity/2022.2/sim_models/maplib/efinix_maplib.v:105)
[EFX-0012 VERI-INFO] compiling module 'EFX_DSP48' (VERI-1018) (E:/Efinity/2022.2/sim_models/maplib/efinix_maplib.v:140)
[EFX-0012 VERI-INFO] compiling module 'EFX_DSP24' (VERI-1018) (E:/Efinity/2022.2/sim_models/maplib/efinix_maplib.v:196)
[EFX-0012 VERI-INFO] compiling module 'EFX_DSP12' (VERI-1018) (E:/Efinity/2022.2/sim_models/maplib/efinix_maplib.v:249)
[EFX-0012 VERI-INFO] compiling module 'EFX_RAM_4K' (VERI-1018) (E:/Efinity/2022.2/sim_models/maplib/efinix_maplib.v:302)
[EFX-0012 VERI-INFO] compiling module 'EFX_RAM_5K' (VERI-1018) (E:/Efinity/2022.2/sim_models/maplib/efinix_maplib.v:362)
[EFX-0012 VERI-INFO] compiling module 'EFX_DPRAM_5K' (VERI-1018) (E:/Efinity/2022.2/sim_models/maplib/efinix_maplib.v:434)
[EFX-0012 VERI-INFO] compiling module 'RAMB5' (VERI-1018) (E:/Efinity/2022.2/sim_models/maplib/efinix_maplib.v:539)
[EFX-0012 VERI-INFO] compiling module 'EFX_RAM_10K' (VERI-1018) (E:/Efinity/2022.2/sim_models/maplib/efinix_maplib.v:601)
[EFX-0012 VERI-INFO] compiling module 'EFX_RAM10' (VERI-1018) (E:/Efinity/2022.2/sim_models/maplib/efinix_maplib.v:693)
[EFX-0012 VERI-INFO] compiling module 'EFX_DPRAM10' (VERI-1018) (E:/Efinity/2022.2/sim_models/maplib/efinix_maplib.v:794)
[EFX-0012 VERI-INFO] compiling module 'EFX_SRL8' (VERI-1018) (E:/Efinity/2022.2/sim_models/maplib/efinix_maplib.v:924)
[EFX-0000 INFO] ... Pre-synthesis checks begin
[EFX-0200 WARNING] Removing redundant signal : compared_in[0]. (E:/Efinity/project/fnetriong/work_dbg/debug_top.v:5503)
[EFX-0200 WARNING] Removing redundant signal : mask_in[0]. (E:/Efinity/project/fnetriong/work_dbg/debug_top.v:5504)
[EFX-0200 WARNING] Removing redundant signal : trigger_in. (E:/Efinity/project/fnetriong/work_dbg/debug_top.v:5714)
[EFX-0677 INFO] Zero initialization of uninitialized memory block 'ram'. (E:/Efinity/project/fnetriong/work_dbg/debug_top.v:462)
[EFX-0200 WARNING] Removing redundant signal : din[26]. (E:/Efinity/project/fnetriong/work_dbg/debug_top.v:4606)
[EFX-0200 WARNING] Removing redundant signal : trig_out. (E:/Efinity/project/fnetriong/work_dbg/debug_top.v:4885)
[EFX-0200 WARNING] Removing redundant signal : trig_out_ack. (E:/Efinity/project/fnetriong/work_dbg/debug_top.v:4886)
[EFX-0200 WARNING] Removing redundant signal : bscan_DRCK. (E:/Efinity/project/fnetriong/work_dbg/debug_top.v:1070)
[EFX-0200 WARNING] Removing redundant signal : bscan_RUNTEST. (E:/Efinity/project/fnetriong/work_dbg/debug_top.v:1072)
[EFX-0200 WARNING] Removing redundant signal : bscan_SEL. (E:/Efinity/project/fnetriong/work_dbg/debug_top.v:1073)
[EFX-0200 WARNING] Removing redundant signal : bscan_TMS. (E:/Efinity/project/fnetriong/work_dbg/debug_top.v:1077)
[EFX-0200 WARNING] Removing redundant signal : trig_in_ack. (E:/Efinity/project/fnetriong/work_dbg/debug_top.v:1088)
[EFX-0200 WARNING] Removing redundant signal : mux_capture_cmp[15]. (E:/Efinity/project/fnetriong/work_dbg/debug_top.v:3494)
[EFX-0200 WARNING] Removing redundant signal : mux_capture_cmp[14]. (E:/Efinity/project/fnetriong/work_dbg/debug_top.v:3494)
[EFX-0200 WARNING] Removing redundant signal : mux_capture_cmp[13]. (E:/Efinity/project/fnetriong/work_dbg/debug_top.v:3494)
[EFX-0200 WARNING] Removing redundant signal : mux_capture_cmp[12]. (E:/Efinity/project/fnetriong/work_dbg/debug_top.v:3494)
[EFX-0200 WARNING] Removing redundant signal : mux_capture_cmp[11]. (E:/Efinity/project/fnetriong/work_dbg/debug_top.v:3494)
[EFX-0200 WARNING] Removing redundant signal : mux_capture_cmp[10]. (E:/Efinity/project/fnetriong/work_dbg/debug_top.v:3494)
[EFX-0200 WARNING] Removing redundant signal : mux_capture_cmp[9]. (E:/Efinity/project/fnetriong/work_dbg/debug_top.v:3494)
[EFX-0200 WARNING] Removing redundant signal : mux_capture_cmp[8]. (E:/Efinity/project/fnetriong/work_dbg/debug_top.v:3494)
[EFX-0200 WARNING] Removing redundant signal : mux_capture_cmp[7]. (E:/Efinity/project/fnetriong/work_dbg/debug_top.v:3494)
[EFX-0266 WARNING] Module Instance 'la0' input pin tied to constant (trig_in=0).
[EFX-0266 WARNING] Module Instance 'la0' input pin tied to constant (trig_out_ack=0).
[EFX-0201 WARNING] Re-wiring to GND non-driven net 'la0.probe16[0]'. (E:/Efinity/project/fnetriong/work_dbg/debug_top.v:128)
[EFX-0201 WARNING] Re-wiring to GND non-driven net 'la0.probe17[0]'. (E:/Efinity/project/fnetriong/work_dbg/debug_top.v:128)
[EFX-0201 WARNING] Re-wiring to GND non-driven net 'la0.probe18[0]'. (E:/Efinity/project/fnetriong/work_dbg/debug_top.v:128)
[EFX-0201 WARNING] Re-wiring to GND non-driven net 'la0.probe19[0]'. (E:/Efinity/project/fnetriong/work_dbg/debug_top.v:128)
[EFX-0201 WARNING] Re-wiring to GND non-driven net 'la0.probe20[0]'. (E:/Efinity/project/fnetriong/work_dbg/debug_top.v:128)
[EFX-0201 WARNING] Re-wiring to GND non-driven net 'la0.probe21[0]'. (E:/Efinity/project/fnetriong/work_dbg/debug_top.v:128)
[EFX-0201 WARNING] Re-wiring to GND non-driven net 'la0.probe22[0]'. (E:/Efinity/project/fnetriong/work_dbg/debug_top.v:128)
[EFX-0201 WARNING] Re-wiring to GND non-driven net 'la0.probe23[0]'. (E:/Efinity/project/fnetriong/work_dbg/debug_top.v:128)
[EFX-0201 WARNING] Re-wiring to GND non-driven net 'la0.probe24[0]'. (E:/Efinity/project/fnetriong/work_dbg/debug_top.v:128)
[EFX-0201 WARNING] Re-wiring to GND non-driven net 'la0.probe25[0]'. (E:/Efinity/project/fnetriong/work_dbg/debug_top.v:128)
[EFX-0000 INFO] ... Pre-synthesis checks end (Real time : 0s)
[EFX-0000 INFO] ... NameSpace init begin
[EFX-0000 INFO] ... NameSpace init end (Real time : 0s)
[EFX-0000 INFO] ... Mapping design "edb_top"
[EFX-0000 INFO] ... Hierarchical pre-synthesis "edb_adbg_crc32" begin
[EFX-0000 INFO] ... Hierarchical pre-synthesis "edb_adbg_crc32" end (Real time : 0s)
[EFX-0000 INFO] ... Hierarchical pre-synthesis "compare_unit(WIDTH=11'b01,PIPE=1)" begin
[EFX-0000 INFO] ... Hierarchical pre-synthesis "compare_unit(WIDTH=11'b01,PIPE=1)" end (Real time : 0s)
[EFX-0000 INFO] ... Hierarchical pre-synthesis "compare_unit(WIDTH=11'b01000,PIPE=1)" begin
[EFX-0000 INFO] ... Hierarchical pre-synthesis "compare_unit(WIDTH=11'b01000,PIPE=1)" end (Real time : 0s)
[EFX-0000 INFO] ... Hierarchical pre-synthesis "compare_unit(WIDTH=11'b0100,PIPE=1)" begin
[EFX-0000 INFO] ... Hierarchical pre-synthesis "compare_unit(WIDTH=11'b0100,PIPE=1)" end (Real time : 0s)
[EFX-0000 INFO] ... Hierarchical pre-synthesis "trigger_unit(WIDTH=32'b010000,PIPE=1)" begin
[EFX-0000 INFO] ... Hierarchical pre-synthesis "trigger_unit(WIDTH=32'b010000,PIPE=1)" end (Real time : 0s)
[EFX-0000 INFO] ... Hierarchical pre-synthesis "fifo_address_trancode_unit" begin
[EFX-0000 INFO] ... Hierarchical pre-synthesis "fifo_address_trancode_unit" end (Real time : 0s)
[EFX-0000 INFO] ... Hierarchical pre-synthesis "edb_simple_dual_port_ram(DATA_WIDTH=32'b011011,ADDR_WIDTH=10,RAM_INIT_FILE="")" begin
[EFX-0000 INFO] ... Hierarchical pre-synthesis "edb_simple_dual_port_ram(DATA_WIDTH=32'b011011,ADDR_WIDTH=10,RAM_INIT_FILE="")" end (Real time : 0s)
[EFX-0000 INFO] ... Hierarchical pre-synthesis "fifo_with_read(DATA_WIDTH=32'b011011)" begin
[EFX-0000 INFO] ... Hierarchical pre-synthesis "fifo_with_read(DATA_WIDTH=32'b011011)" end (Real time : 0s)
[EFX-0000 INFO] ... Hierarchical pre-synthesis "la_biu(CAPTURE_WIDTH=32'b011010)" begin
[EFX-0000 INFO] ... Hierarchical pre-synthesis "la_biu(CAPTURE_WIDTH=32'b011010)" end (Real time : 0s)
[EFX-0000 INFO] ... Hierarchical pre-synthesis "edb_la_top_renamed_due_excessive_length_1" begin
[EFX-0000 INFO] ... Hierarchical pre-synthesis "edb_la_top_renamed_due_excessive_length_1" end (Real time : 1s)
[EFX-0000 INFO] ... Hierarchical pre-synthesis "debug_hub" begin
[EFX-0000 INFO] ... Hierarchical pre-synthesis "debug_hub" end (Real time : 0s)
[EFX-0000 INFO] ... Hierarchical pre-synthesis "edb_top" begin
[EFX-0000 INFO] ... Clock Enable Synthesis Performed on 130 flops.
[EFX-0000 INFO] ... Hierarchical pre-synthesis "edb_top" end (Real time : 0s)
[EFX-0000 INFO] ... Flat optimizations begin
[EFX-0000 INFO] ... Flat optimizations end (Real time : 0s)
[EFX-0000 INFO] ... Flat synthesis begin
[EFX-0000 INFO] ... Flat synthesis end (Real time : 0s)
[EFX-0000 INFO] ... Flat optimizations begin
[EFX-0000 INFO] ... Flat optimizations end (Real time : 0s)
[EFX-0000 INFO] ... Check and break combinational loops begin
[EFX-0000 INFO] ... Check and break combinational loops end (Real time : 0s)
[EFX-0000 INFO] ... Sequential Optimization begin
[EFX-0000 INFO] ... Clock Network bscan_TCK with 455 loads will be considered for sequential optimization.
[EFX-0000 INFO] ... Clock Network la0_clk with 377 loads will be considered for sequential optimization.
[EFX-0000 INFO] ... Sequential Optimization deduced 240 equivalent points.
[EFX-0000 INFO] ... Sequential Optimization end (Real time : 11s)
[EFX-0000 INFO] ... SOP modeling begin
[EFX-0000 INFO] ... SOP modeling end (Real time : 0s)
[EFX-0000 INFO] ... LUT mapping begin
[EFX-0000 INFO] ... LS, strategy: 3, nd: 862, ed: 2823, lv: 7, pw: 1777.21
[EFX-0000 INFO] ... LUT mapping end (Real time : 3s)
[EFX-0000 INFO] ... Post-synthesis Verific netlist creation begin
[EFX-0000 INFO] ... Post-synthesis Verific netlist creation end (Real time : 0s)
[EFX-0000 INFO] ... Postmap Retiming Optimization begin
[EFX-0000 INFO] ... Clock Network n9 with 455 loads will be considered for retiming optimization.
[EFX-0000 INFO] ... Clock Network n13 with 377 loads will be considered for retiming optimization.
[EFX-0000 INFO] ... Performed 0 retime moves.
[EFX-0000 INFO] ... Postmap Retiming Optimization end (Real time : 1s)
[EFX-0000 INFO] ... Post-synthesis Verific netlist unification/params processing begin
[EFX-0000 INFO] ... Post-synthesis Verific netlist unification/params processing end (Real time : 0s)
[EFX-0011 VERI-WARNING] Input/Inout Port bscan_DRCK is unconnected and will be removed 
[EFX-0011 VERI-WARNING] Input/Inout Port bscan_RUNTEST is unconnected and will be removed 
[EFX-0011 VERI-WARNING] Input/Inout Port bscan_TMS is unconnected and will be removed 
[EFX-0012 VERI-INFO] Found 3 warnings in the post-synthesis netlist. 
[EFX-0000 INFO] Resource Summary 
[EFX-0000 INFO] =============================== 
[EFX-0000 INFO] EFX_ADD         : 	88
[EFX-0000 INFO] EFX_LUT4        : 	848
[EFX-0000 INFO] EFX_FF          : 	812
[EFX-0000 INFO] EFX_RAM_5K      : 	7
[EFX-0000 INFO] EFX_GBUFCE      : 	2
[EFX-0000 INFO] =============================== 

///////////////////////////////////
// Efinity Synthesis Started 
// Mar 13, 2023 17:06:52
///////////////////////////////////

[EFX-0000 INFO] Setting Synthesis Option: mode=speed
[EFX-0000 INFO] ... Pre-synthesis checks begin
[EFX-0266 WARNING] Module Instance 'fifo' input pin tied to constant (out_want_b=1).
[EFX-0200 WARNING] Removing redundant signal : start_found. (E:\Efinity\project\fnetriong\efnet_octet_to_word.vhd:60)
[EFX-0200 WARNING] Removing redundant signal : packet_start. (E:\Efinity\project\fnetriong\efnet_octet_to_word.vhd:62)
[EFX-0200 WARNING] Removing redundant signal : packet_end. (E:\Efinity\project\fnetriong\efnet_octet_to_word.vhd:63)
[EFX-0200 WARNING] Removing redundant signal : word[15]. (E:\Efinity\project\fnetriong\efnet_octet_to_word.vhd:65)
[EFX-0200 WARNING] Removing redundant signal : word[14]. (E:\Efinity\project\fnetriong\efnet_octet_to_word.vhd:65)
[EFX-0200 WARNING] Removing redundant signal : word[13]. (E:\Efinity\project\fnetriong\efnet_octet_to_word.vhd:65)
[EFX-0200 WARNING] Removing redundant signal : word[12]. (E:\Efinity\project\fnetriong\efnet_octet_to_word.vhd:65)
[EFX-0200 WARNING] Removing redundant signal : word[11]. (E:\Efinity\project\fnetriong\efnet_octet_to_word.vhd:65)
[EFX-0200 WARNING] Removing redundant signal : word[10]. (E:\Efinity\project\fnetriong\efnet_octet_to_word.vhd:65)
[EFX-0200 WARNING] Removing redundant signal : word[9]. (E:\Efinity\project\fnetriong\efnet_octet_to_word.vhd:65)
[EFX-0200 WARNING] Removing redundant signal : word[8]. (E:\Efinity\project\fnetriong\efnet_octet_to_word.vhd:65)
[EFX-0200 WARNING] Removing redundant signal : word[7]. (E:\Efinity\project\fnetriong\efnet_octet_to_word.vhd:65)
[EFX-0200 WARNING] Removing redundant signal : word[6]. (E:\Efinity\project\fnetriong\efnet_octet_to_word.vhd:65)
[EFX-0200 WARNING] Removing redundant signal : word[5]. (E:\Efinity\project\fnetriong\efnet_octet_to_word.vhd:65)
[EFX-0200 WARNING] Removing redundant signal : word[4]. (E:\Efinity\project\fnetriong\efnet_octet_to_word.vhd:65)
[EFX-0200 WARNING] Removing redundant signal : word[3]. (E:\Efinity\project\fnetriong\efnet_octet_to_word.vhd:65)
[EFX-0200 WARNING] Removing redundant signal : word[2]. (E:\Efinity\project\fnetriong\efnet_octet_to_word.vhd:65)
[EFX-0200 WARNING] Removing redundant signal : word[1]. (E:\Efinity\project\fnetriong\efnet_octet_to_word.vhd:65)
[EFX-0200 WARNING] Removing redundant signal : word[0]. (E:\Efinity\project\fnetriong\efnet_octet_to_word.vhd:65)
[EFX-0200 WARNING] Removing redundant signal : octet_counter[0]. (E:\Efinity\project\fnetriong\efnet_octet_to_word.vhd:66)
[EFX-0266 WARNING] Module Instance 'out_sm' input pin tied to constant (idx_tcp_prep[0][31]=0).
[EFX-0266 WARNING] Module Instance 'out_sm' input pin tied to constant (idx_tcp_prep[0][30]=0).
[EFX-0266 WARNING] Module Instance 'out_sm' input pin tied to constant (idx_tcp_prep[0][29]=0).
[EFX-0266 WARNING] Module Instance 'out_sm' input pin tied to constant (idx_tcp_prep[0][28]=0).
[EFX-0266 WARNING] Module Instance 'out_sm' input pin tied to constant (idx_tcp_prep[0][27]=0).
[EFX-0266 WARNING] Module Instance 'out_sm' input pin tied to constant (idx_tcp_prep[0][26]=0).
[EFX-0266 WARNING] Module Instance 'out_sm' input pin tied to constant (idx_tcp_prep[0][25]=0).
[EFX-0266 WARNING] Module Instance 'out_sm' input pin tied to constant (idx_tcp_prep[0][24]=0).
[EFX-0266 WARNING] Module Instance 'out_sm' input pin tied to constant (idx_tcp_prep[0][23]=0).
[EFX-0266 WARNING] Module Instance 'out_sm' input pin tied to constant (idx_tcp_prep[0][22]=0).
[EFX-0266 WARNING] Module Instance 'out_sm' input pin tied to constant (idx_tcp_prep[0][21]=0).
[EFX-0266 WARNING] Module Instance 'out_sm' input pin tied to constant (idx_tcp_prep[0][20]=0).
[EFX-0266 WARNING] Module Instance 'out_sm' input pin tied to constant (idx_tcp_prep[0][19]=0).
[EFX-0266 WARNING] Module Instance 'out_sm' input pin tied to constant (idx_tcp_prep[0][18]=0).
[EFX-0266 WARNING] Module Instance 'out_sm' input pin tied to constant (idx_tcp_prep[0][17]=0).
[EFX-0266 WARNING] Module Instance 'out_sm' input pin tied to constant (idx_tcp_prep[0][16]=0).
[EFX-0266 WARNING] Module Instance 'out_sm' input pin tied to constant (idx_tcp_prep[0][15]=0).
[EFX-0266 WARNING] Module Instance 'out_sm' input pin tied to constant (idx_tcp_prep[0][14]=0).
[EFX-0266 WARNING] Module Instance 'out_sm' input pin tied to constant (idx_tcp_prep[0][13]=0).
[EFX-0266 WARNING] Module Instance 'out_sm' input pin tied to constant (idx_tcp_prep[0][12]=0).
[EFX-0266 WARNING] Module Instance 'out_sm' input pin tied to constant (idx_tcp_prep[0][11]=0).
[EFX-0266 WARNING] Module Instance 'out_sm' input pin tied to constant (idx_tcp_prep[0][10]=0).
[EFX-0266 WARNING] Module Instance 'out_sm' input pin tied to constant (idx_tcp_prep[0][9]=0).
[EFX-0266 WARNING] Module Instance 'out_sm' input pin tied to constant (idx_tcp_prep[0][8]=0).
[EFX-0266 WARNING] Module Instance 'out_sm' input pin tied to constant (idx_tcp_prep[0][7]=0).
[EFX-0266 WARNING] Module Instance 'out_sm' input pin tied to constant (idx_tcp_prep[0][6]=0).
[EFX-0266 WARNING] Module Instance 'out_sm' input pin tied to constant (idx_tcp_prep[0][5]=0).
[EFX-0266 WARNING] Module Instance 'out_sm' input pin tied to constant (idx_tcp_prep[0][4]=0).
[EFX-0266 WARNING] Module Instance 'out_sm' input pin tied to constant (idx_tcp_prep[0][3]=0).
[EFX-0266 WARNING] Module Instance 'out_sm' input pin tied to constant (idx_tcp_prep[0][2]=1).
[EFX-0266 WARNING] Module Instance 'out_sm' input pin tied to constant (idx_tcp_prep[0][1]=0).
[EFX-0266 WARNING] Module Instance 'out_sm' input pin tied to constant (idx_tcp_prep[0][0]=1).
[EFX-0266 WARNING] Module Instance 'out_sm' input pin tied to constant (idx_tcp_prep[1][31]=0).
[EFX-0266 WARNING] Module Instance 'out_sm' input pin tied to constant (idx_tcp_prep[1][30]=0).
[EFX-0266 WARNING] Module Instance 'out_sm' input pin tied to constant (idx_tcp_prep[1][29]=0).
[EFX-0266 WARNING] Module Instance 'out_sm' input pin tied to constant (idx_tcp_prep[1][28]=0).
[EFX-0266 WARNING] Module Instance 'out_sm' input pin tied to constant (idx_tcp_prep[1][27]=0).
[EFX-0266 WARNING] Module Instance 'out_sm' input pin tied to constant (idx_tcp_prep[1][26]=0).
[EFX-0266 WARNING] Module Instance 'out_sm' input pin tied to constant (idx_tcp_prep[1][25]=0).
[EFX-0266 WARNING] Module Instance 'out_sm' input pin tied to constant (idx_tcp_prep[1][24]=0).
[EFX-0266 WARNING] Module Instance 'out_sm' input pin tied to constant (idx_tcp_prep[1][23]=0).
[EFX-0266 WARNING] Module Instance 'out_sm' input pin tied to constant (idx_tcp_prep[1][22]=0).
[EFX-0266 WARNING] Module Instance 'out_sm' input pin tied to constant (idx_tcp_prep[1][21]=0).
[EFX-0266 WARNING] Module Instance 'out_sm' input pin tied to constant (idx_tcp_prep[1][20]=0).
[EFX-0266 WARNING] Module Instance 'out_sm' input pin tied to constant (idx_tcp_prep[1][19]=0).
[EFX-0266 WARNING] Module Instance 'out_sm' input pin tied to constant (idx_tcp_prep[1][18]=0).
[EFX-0266 WARNING] Module Instance 'out_sm' input pin tied to constant (idx_tcp_prep[1][17]=0).
[EFX-0266 WARNING] Module Instance 'out_sm' input pin tied to constant (idx_tcp_prep[1][16]=0).
[EFX-0266 WARNING] Module Instance 'out_sm' input pin tied to constant (idx_tcp_prep[1][15]=0).
[EFX-0266 WARNING] Module Instance 'out_sm' input pin tied to constant (idx_tcp_prep[1][14]=0).
[EFX-0266 WARNING] Module Instance 'out_sm' input pin tied to constant (idx_tcp_prep[1][13]=0).
[EFX-0266 WARNING] Module Instance 'out_sm' input pin tied to constant (idx_tcp_prep[1][12]=0).
[EFX-0266 WARNING] Module Instance 'out_sm' input pin tied to constant (idx_tcp_prep[1][11]=0).
[EFX-0266 WARNING] Module Instance 'out_sm' input pin tied to constant (idx_tcp_prep[1][10]=0).
[EFX-0266 WARNING] Module Instance 'out_sm' input pin tied to constant (idx_tcp_prep[1][9]=0).
[EFX-0266 WARNING] Module Instance 'out_sm' input pin tied to constant (idx_tcp_prep[1][8]=0).
[EFX-0266 WARNING] Module Instance 'out_sm' input pin tied to constant (idx_tcp_prep[1][7]=0).
[EFX-0266 WARNING] Module Instance 'out_sm' input pin tied to constant (idx_tcp_prep[1][6]=0).
[EFX-0266 WARNING] Module Instance 'out_sm' input pin tied to constant (idx_tcp_prep[1][5]=0).
[EFX-0266 WARNING] Module Instance 'out_sm' input pin tied to constant (idx_tcp_prep[1][4]=0).
[EFX-0266 WARNING] Module Instance 'out_sm' input pin tied to constant (idx_tcp_prep[1][3]=0).
[EFX-0266 WARNING] Module Instance 'out_sm' input pin tied to constant (idx_tcp_prep[1][2]=1).
[EFX-0266 WARNING] Module Instance 'out_sm' input pin tied to constant (idx_tcp_prep[1][1]=1).
[EFX-0266 WARNING] Module Instance 'out_sm' input pin tied to constant (idx_tcp_prep[1][0]=0).
[EFX-0266 WARNING] Module Instance 'out_sm' input pin tied to constant (idx_gen[31]=0).
[EFX-0266 WARNING] Module Instance 'out_sm' input pin tied to constant (idx_gen[30]=0).
[EFX-0266 WARNING] Module Instance 'out_sm' input pin tied to constant (idx_gen[29]=0).
[EFX-0266 WARNING] Module Instance 'out_sm' input pin tied to constant (idx_gen[28]=0).
[EFX-0266 WARNING] Module Instance 'out_sm' input pin tied to constant (idx_gen[27]=0).
[EFX-0266 WARNING] Module Instance 'out_sm' input pin tied to constant (idx_gen[26]=0).
[EFX-0266 WARNING] Module Instance 'out_sm' input pin tied to constant (idx_gen[25]=0).
[EFX-0266 WARNING] Module Instance 'out_sm' input pin tied to constant (idx_gen[24]=0).
[EFX-0266 WARNING] Module Instance 'out_sm' input pin tied to constant (idx_gen[23]=0).
[EFX-0266 WARNING] Module Instance 'out_sm' input pin tied to constant (idx_gen[22]=0).
[EFX-0266 WARNING] Module Instance 'out_sm' input pin tied to constant (idx_gen[21]=0).
[EFX-0266 WARNING] Module Instance 'out_sm' input pin tied to constant (idx_gen[20]=0).
[EFX-0266 WARNING] Module Instance 'out_sm' input pin tied to constant (idx_gen[19]=0).
[EFX-0266 WARNING] Module Instance 'out_sm' input pin tied to constant (idx_gen[18]=0).
[EFX-0266 WARNING] Module Instance 'out_sm' input pin tied to constant (idx_gen[17]=0).
[EFX-0266 WARNING] Module Instance 'out_sm' input pin tied to constant (idx_gen[16]=0).
[EFX-0266 WARNING] Module Instance 'out_sm' input pin tied to constant (idx_gen[15]=0).
[EFX-0266 WARNING] Module Instance 'out_sm' input pin tied to constant (idx_gen[14]=0).
[EFX-0266 WARNING] Module Instance 'out_sm' input pin tied to constant (idx_gen[13]=0).
[EFX-0266 WARNING] Module Instance 'out_sm' input pin tied to constant (idx_gen[12]=0).
[EFX-0266 WARNING] Module Instance 'out_sm' input pin tied to constant (idx_gen[11]=0).
[EFX-0266 WARNING] Module Instance 'out_sm' input pin tied to constant (idx_gen[10]=0).
[EFX-0266 WARNING] Module Instance 'out_sm' input pin tied to constant (idx_gen[9]=0).
[EFX-0266 WARNING] Module Instance 'out_sm' input pin tied to constant (idx_gen[8]=0).
[EFX-0266 WARNING] Module Instance 'out_sm' input pin tied to constant (idx_gen[7]=0).
[EFX-0266 WARNING] Module Instance 'out_sm' input pin tied to constant (idx_gen[6]=0).
[EFX-0266 WARNING] Module Instance 'out_sm' input pin tied to constant (idx_gen[5]=0).
[EFX-0266 WARNING] Module Instance 'out_sm' input pin tied to constant (idx_gen[4]=0).
[EFX-0266 WARNING] Module Instance 'out_sm' input pin tied to constant (idx_gen[3]=0).
[EFX-0266 WARNING] Module Instance 'out_sm' input pin tied to constant (idx_gen[2]=0).
[EFX-0266 WARNING] Module Instance 'out_sm' input pin tied to constant (idx_gen[1]=0).
[EFX-0266 WARNING] Module Instance 'out_sm' input pin tied to constant (idx_gen[0]=1).
[EFX-0266 WARNING] Module Instance 'mdio' input pin tied to constant (b_req_data[31]=0).
[EFX-0266 WARNING] Module Instance 'mdio' input pin tied to constant (b_req_data[30]=0).
[EFX-0266 WARNING] Module Instance 'mdio' input pin tied to constant (b_req_data[29]=0).
[EFX-0201 WARNING] Re-wiring to GND non-driven net 'ram_udp_regidp.prod2.set_again'. (E:\Efinity\project\fnetriong\fakernet_module.vhd:134)
[EFX-0201 WARNING] Re-wiring to GND non-driven net 'ram_tcp_template.prod2.set_again'. (E:\Efinity\project\fnetriong\fakernet_module.vhd:136)
[EFX-0201 WARNING] Re-wiring to GND non-driven net 'ram_tcp_prep2[0].prod2.set_again'. (E:\Efinity\project\fnetriong\fakernet_module.vhd:137)
[EFX-0201 WARNING] Re-wiring to GND non-driven net 'ram_tcp_prep2[1].prod2.set_again'. (E:\Efinity\project\fnetriong\fakernet_module.vhd:137)
[EFX-0031 INFO] 'i4' instance is encountered with don't-care(1'bx) input, rewiring to GND. (E:\Efinity\project\fnetriong\fnetriong.vhd:104)
[EFX-0000 INFO] ... Pre-synthesis checks end (Real time : 0s)
[EFX-0000 INFO] ... NameSpace init begin
[EFX-0000 INFO] ... NameSpace init end (Real time : 0s)
[EFX-0000 INFO] ... Mapping design "fnetriong"
[EFX-0000 INFO] ... Hierarchical pre-synthesis "fnet_async_fifo(width=17)" begin
[EFX-0000 INFO] ... Hierarchical pre-synthesis "fnet_async_fifo(width=17)" end (Real time : 0s)
[EFX-0000 INFO] ... Hierarchical pre-synthesis "efnet_octet_to_word" begin
[EFX-0000 INFO] ... Hierarchical pre-synthesis "efnet_octet_to_word" end (Real time : 0s)
[EFX-0000 INFO] ... Hierarchical pre-synthesis "efb_uart_trace_mem(width=32,samples=512)" begin
[EFX-0000 INFO] ... Hierarchical pre-synthesis "efb_uart_trace_mem(width=32,samples=512)" end (Real time : 0s)
[EFX-0000 INFO] ... Hierarchical pre-synthesis "efb_uart_tx(15,0)" begin
[EFX-0000 INFO] ... Hierarchical pre-synthesis "efb_uart_tx(15,0)" end (Real time : 0s)
[EFX-0000 INFO] ... Hierarchical pre-synthesis "efnet_word_to_octet" begin
[EFX-0000 INFO] ... Hierarchical pre-synthesis "efnet_word_to_octet" end (Real time : 0s)
[EFX-0000 INFO] ... Hierarchical pre-synthesis "efnet_data_array_inject(0,0)(31,0)(0,0)(0,0)(9,0)(7,0)" begin
[EFX-0000 INFO] ... Hierarchical pre-synthesis "efnet_data_array_inject(0,0)(31,0)(0,0)(0,0)(9,0)(7,0)" end (Real time : 0s)
[EFX-0000 INFO] ... Hierarchical pre-synthesis "fnet_crc32" begin
[EFX-0000 INFO] ... Hierarchical pre-synthesis "fnet_crc32" end (Real time : 0s)
[EFX-0000 INFO] ... Hierarchical pre-synthesis "fnet_in_state" begin
[EFX-0000 INFO] ... Hierarchical pre-synthesis "fnet_in_state" end (Real time : 1s)
[EFX-0000 INFO] ... Hierarchical pre-synthesis "fnet_dyn_control" begin
[EFX-0000 INFO] ... Hierarchical pre-synthesis "fnet_dyn_control" end (Real time : 0s)
[EFX-0000 INFO] ... Hierarchical pre-synthesis "fnet_ntp_query_control" begin
[EFX-0000 INFO] ... Hierarchical pre-synthesis "fnet_ntp_query_control" end (Real time : 0s)
[EFX-0000 INFO] ... Hierarchical pre-synthesis "fnet_packet_gen" begin
[EFX-0000 INFO] ... Hierarchical pre-synthesis "fnet_packet_gen" end (Real time : 0s)
[EFX-0000 INFO] ... Hierarchical pre-synthesis "fnet_out_state" begin
[EFX-0000 INFO] ... Hierarchical pre-synthesis "fnet_out_state" end (Real time : 0s)
[EFX-0000 INFO] ... Hierarchical pre-synthesis "fnet_out_pipeline" begin
[EFX-0000 INFO] ... Hierarchical pre-synthesis "fnet_out_pipeline" end (Real time : 0s)
[EFX-0000 INFO] ... Hierarchical pre-synthesis "fnet_regaccess" begin
[EFX-0000 INFO] ... Hierarchical pre-synthesis "fnet_regaccess" end (Real time : 0s)
[EFX-0000 INFO] ... Hierarchical pre-synthesis "ram_block_a11d16" begin
[EFX-0000 INFO] ... Hierarchical pre-synthesis "ram_block_a11d16" end (Real time : 0s)
[EFX-0000 INFO] ... Hierarchical pre-synthesis "fnet_local_reg(test_regs=true,lcl_data_gen=true,limit_payload_window=true,debug_regs=true,debug_counters=true,compiletime=1)" begin
[EFX-0000 INFO] ... Hierarchical pre-synthesis "fnet_local_reg(test_regs=true,lcl_data_gen=true,limit_payload_window=true,debug_regs=true,debug_counters=true,compiletime=1)" end (Real time : 0s)
[EFX-0000 INFO] ... Hierarchical pre-synthesis "fnet_tcp_state(data_bufsize_addrbits=13)" begin
[EFX-0000 INFO] ... Hierarchical pre-synthesis "fnet_tcp_state(data_bufsize_addrbits=13)" end (Real time : 0s)
[EFX-0000 INFO] ... Hierarchical pre-synthesis "fnet_tcp_control(data_bufsize_addrbits=13)" begin
[EFX-0000 INFO] ... Hierarchical pre-synthesis "fnet_tcp_control(data_bufsize_addrbits=13)" end (Real time : 0s)
[EFX-0000 INFO] ... Hierarchical pre-synthesis "fnet_tcp_prepare(data_bufsize_addrbits=13)(12,0)(31,0)" begin
[EFX-0000 INFO] ... Hierarchical pre-synthesis "fnet_tcp_prepare(data_bufsize_addrbits=13)(12,0)(31,0)" end (Real time : 0s)
[EFX-0000 INFO] ... Hierarchical pre-synthesis "fnet_tcp_buffer(data_bufsize_addrbits=13)(9,0)(7,0)(7,0)(5,0)(12,0)(31,0)" begin
[EFX-0000 INFO] ... Hierarchical pre-synthesis "fnet_tcp_buffer(data_bufsize_addrbits=13)(9,0)(7,0)(7,0)(5,0)(12,0)(31,0)" end (Real time : 0s)
[EFX-0000 INFO] ... Hierarchical pre-synthesis "fnet_test_datagen(data_bufsize_addrbits=13)" begin
[EFX-0000 INFO] ... Hierarchical pre-synthesis "fnet_test_datagen(data_bufsize_addrbits=13)" end (Real time : 0s)
[EFX-0000 INFO] ... Hierarchical pre-synthesis "fnet_ram_block_data(addrbits=13)" begin
[EFX-0000 INFO] ... Hierarchical pre-synthesis "fnet_ram_block_data(addrbits=13)" end (Real time : 0s)
[EFX-0000 INFO] ... Hierarchical pre-synthesis "fnet_ram_block_stat" begin
[EFX-0000 INFO] ... Hierarchical pre-synthesis "fnet_ram_block_stat" end (Real time : 0s)
[EFX-0000 INFO] ... Hierarchical pre-synthesis "fnet_regacc_aux_stat" begin
[EFX-0000 INFO] ... Hierarchical pre-synthesis "fnet_regacc_aux_stat" end (Real time : 0s)
[EFX-0000 INFO] ... Hierarchical pre-synthesis "fnet_mdio" begin
[EFX-0000 INFO] ... Hierarchical pre-synthesis "fnet_mdio" end (Real time : 0s)
[EFX-0000 INFO] ... Hierarchical pre-synthesis "fakernet_module(data_bufsize_addrbits=13,compiletime=1)(9,0)(7,0)" begin
[EFX-0000 INFO] ... Hierarchical pre-synthesis "fakernet_module(data_bufsize_addrbits=13,compiletime=1)(9,0)(7,0)" end (Real time : 1s)
[EFX-0000 INFO] ... Hierarchical pre-synthesis "efb_common_top(clk_freq=125000000)(0,-1)(31,0)(0,-1)(0,-1)" begin
[EFX-0000 INFO] ... Hierarchical pre-synthesis "efb_common_top(clk_freq=125000000)(0,-1)(31,0)(0,-1)(0,-1)" end (Real time : 1s)
[EFX-0000 INFO] ... Hierarchical pre-synthesis "edb_top" begin
[EFX-0000 INFO] ... Hierarchical pre-synthesis "edb_top" end (Real time : 0s)
[EFX-0000 INFO] ... Hierarchical pre-synthesis "fnetriong" begin
[EFX-0000 INFO] ... Clock Enable Synthesis Performed on 681 flops.
[EFX-0000 INFO] ... Hierarchical pre-synthesis "fnetriong" end (Real time : 1s)
[EFX-0201 WARNING] Re-wiring to GND non-driven net 't/fakernet/dp_ram_arp_icmp.port_a.o.rd'. (E:\Efinity\project\fnetriong\fakernet_module.vhd:144)
[EFX-0201 WARNING] Re-wiring to GND non-driven net 't/fakernet/dp_ram_pkt_gen.port_a.o.rd'. (E:\Efinity\project\fnetriong\fakernet_module.vhd:145)
[EFX-0201 WARNING] Re-wiring to GND non-driven net 't/fakernet/dp_ram_udp_regacc.port_a.o.rd'. (E:\Efinity\project\fnetriong\fakernet_module.vhd:146)
[EFX-0201 WARNING] Re-wiring to GND non-driven net 't/fakernet/dp_ram_udp_regacc.port_b.o.wr'. (E:\Efinity\project\fnetriong\fakernet_module.vhd:146)
[EFX-0201 WARNING] Re-wiring to GND non-driven net 't/fakernet/dp_ram_udp_regidp.port_a.o.rd'. (E:\Efinity\project\fnetriong\fakernet_module.vhd:147)
[EFX-0201 WARNING] Re-wiring to GND non-driven net 't/fakernet/dp_ram_tcp_template.port_a.o.rd'. (E:\Efinity\project\fnetriong\fakernet_module.vhd:150)
[EFX-0000 INFO] ... Flat optimizations begin
[EFX-0000 INFO] ... Flat optimizations end (Real time : 0s)
[EFX-0000 INFO] ... Flat synthesis begin
[EFX-0000 INFO] ... Flat synthesis end (Real time : 0s)
[EFX-0000 INFO] ... Flat optimizations begin
[EFX-0000 INFO] ... Flat optimizations end (Real time : 0s)
[EFX-0000 INFO] ... Check and break combinational loops begin
[EFX-0000 INFO] ... Check and break combinational loops end (Real time : 0s)
[EFX-0000 INFO] ... Sequential Optimization begin
[EFX-0000 INFO] ... Clock Network clk with 3749 loads will be considered for sequential optimization.
[EFX-0000 INFO] ... Clock Network jtag_inst1_TCK with 448 loads will be considered for sequential optimization.
[EFX-0000 INFO] ... Clock Network eth_rx_clk with 45 loads will be considered for sequential optimization.
[EFX-0000 INFO] ... Sequential Optimization deduced 486 equivalent points.
[EFX-0000 INFO] ... Sequential Optimization end (Real time : 19s)
[EFX-0000 INFO] ... SOP modeling begin
[EFX-0000 INFO] ... SOP modeling end (Real time : 0s)
[EFX-0000 INFO] ... LUT mapping begin
[EFX-0000 INFO] ... LS, strategy: 3, nd: 4631, ed: 15302, lv: 7, pw: 12722.64
[EFX-0000 INFO] ... LUT mapping end (Real time : 16s)
[EFX-0000 INFO] ... Post-synthesis Verific netlist creation begin
[EFX-0000 INFO] ... Post-synthesis Verific netlist creation end (Real time : 0s)
[EFX-0000 INFO] ... Postmap Retiming Optimization begin
[EFX-0000 INFO] ... Clock Network n3 with 3672 loads will be considered for retiming optimization.
[EFX-0000 INFO] ... Clock Network n25 with 448 loads will be considered for retiming optimization.
[EFX-0000 INFO] ... Clock Network n13 with 45 loads will be considered for retiming optimization.
[EFX-0000 INFO] ... Performed 2 retime moves.
[EFX-0000 INFO] ... Postmap Retiming Optimization end (Real time : 0s)
[EFX-0000 INFO] ... Post-synthesis Verific netlist unification/params processing begin
[EFX-0000 INFO] ... Post-synthesis Verific netlist unification/params processing end (Real time : 1s)
[EFX-0000 INFO] Resource Summary 
[EFX-0000 INFO] =============================== 
[EFX-0000 INFO] EFX_ADD         : 	659
[EFX-0000 INFO] EFX_LUT4        : 	5331
[EFX-0000 INFO] EFX_FF          : 	4035
[EFX-0000 INFO] EFX_RAM_5K      : 	110
[EFX-0000 INFO] EFX_DPRAM_5K    : 	4
[EFX-0000 INFO] EFX_GBUFCE      : 	3
[EFX-0000 INFO] =============================== 

///////////////////////////////////
// Efinity Synthesis Started 
// Mar 13, 2023 17:48:36
///////////////////////////////////

[EFX-0012 VERI-INFO] default VHDL library search path is now "E:/Efinity/2022.2/sim_models/vhdl/packages/vhdl_2008" (VHDL-1504) 
[EFX-0012 VERI-INFO] undeclared symbol 'la_capture_mask', assumed default net type 'wire' (VERI-2561) (E:/Efinity/project/fnetriong/work_dbg/debug_top.v:4416)
[EFX-0012 VERI-INFO] undeclared symbol 'next_segment_pointer_eq', assumed default net type 'wire' (VERI-2561) (E:/Efinity/project/fnetriong/work_dbg/debug_top.v:4774)
[EFX-0012 VERI-INFO] undeclared symbol 'next_segment_msb_xor', assumed default net type 'wire' (VERI-2561) (E:/Efinity/project/fnetriong/work_dbg/debug_top.v:4775)
[EFX-0011 VERI-WARNING] port 'probe16' remains unconnected for this instance (VERI-1927) (E:/Efinity/project/fnetriong/work_dbg/debug_top.v:164)
[EFX-0012 VERI-INFO] compiling module 'edb_top' (VERI-1018) (E:/Efinity/project/fnetriong/work_dbg/debug_top.v:10)
[EFX-0012 VERI-INFO] compiling module 'edb_la_top_renamed_due_excessive_length_1' (VERI-1018) (E:/Efinity/project/fnetriong/work_dbg/debug_top.v:537)
[EFX-0011 VERI-WARNING] expression size 256 truncated to fit in target size 64 (VERI-1209) (E:/Efinity/project/fnetriong/work_dbg/debug_top.v:3633)
[EFX-0012 VERI-INFO] compiling module 'edb_adbg_crc32' (VERI-1018) (E:/Efinity/project/fnetriong/work_dbg/debug_top.v:238)
[EFX-0012 VERI-INFO] compiling module 'compare_unit(WIDTH=11'b01,PIPE=1)' (VERI-1018) (E:/Efinity/project/fnetriong/work_dbg/debug_top.v:5497)
[EFX-0012 VERI-INFO] compiling module 'compare_unit(WIDTH=11'b01000,PIPE=1)' (VERI-1018) (E:/Efinity/project/fnetriong/work_dbg/debug_top.v:5497)
[EFX-0012 VERI-INFO] compiling module 'compare_unit(WIDTH=11'b0100,PIPE=1)' (VERI-1018) (E:/Efinity/project/fnetriong/work_dbg/debug_top.v:5497)
[EFX-0012 VERI-INFO] compiling module 'trigger_unit(WIDTH=32'b010000,PIPE=1)' (VERI-1018) (E:/Efinity/project/fnetriong/work_dbg/debug_top.v:5702)
[EFX-0012 VERI-INFO] compiling module 'la_biu(CAPTURE_WIDTH=32'b011010)' (VERI-1018) (E:/Efinity/project/fnetriong/work_dbg/debug_top.v:4851)
[EFX-0012 VERI-INFO] compiling module 'fifo_with_read(DATA_WIDTH=32'b011011)' (VERI-1018) (E:/Efinity/project/fnetriong/work_dbg/debug_top.v:4593)
[EFX-0012 VERI-INFO] compiling module 'fifo_address_trancode_unit' (VERI-1018) (E:/Efinity/project/fnetriong/work_dbg/debug_top.v:4543)
[EFX-0012 VERI-INFO] compiling module 'edb_simple_dual_port_ram(DATA_WIDTH=32'b011011,ADDR_WIDTH=10,RAM_INIT_FILE="")' (VERI-1018) (E:/Efinity/project/fnetriong/work_dbg/debug_top.v:447)
[EFX-0012 VERI-INFO] extracting RAM for identifier 'ram' (VERI-2571) (E:/Efinity/project/fnetriong/work_dbg/debug_top.v:462)
[EFX-0012 VERI-INFO] compiling module 'debug_hub' (VERI-1018) (E:/Efinity/project/fnetriong/work_dbg/debug_top.v:316)
[EFX-0011 VERI-WARNING] input port 'probe16[0]' remains unconnected for this instance (VDB-1053) (E:/Efinity/project/fnetriong/work_dbg/debug_top.v:128)
[EFX-0000 INFO] Setting Synthesis Option: mode=speed
[EFX-0012 VERI-INFO] compiling module 'EFX_ADD' (VERI-1018) (E:/Efinity/2022.2/sim_models/maplib/efinix_maplib.v:6)
[EFX-0012 VERI-INFO] compiling module 'EFX_FF' (VERI-1018) (E:/Efinity/2022.2/sim_models/maplib/efinix_maplib.v:19)
[EFX-0012 VERI-INFO] compiling module 'EFX_COMB4' (VERI-1018) (E:/Efinity/2022.2/sim_models/maplib/efinix_maplib.v:36)
[EFX-0012 VERI-INFO] compiling module 'EFX_GBUFCE' (VERI-1018) (E:/Efinity/2022.2/sim_models/maplib/efinix_maplib.v:46)
[EFX-0012 VERI-INFO] compiling module 'EFX_IDDR' (VERI-1018) (E:/Efinity/2022.2/sim_models/maplib/efinix_maplib.v:55)
[EFX-0012 VERI-INFO] compiling module 'EFX_ODDR' (VERI-1018) (E:/Efinity/2022.2/sim_models/maplib/efinix_maplib.v:69)
[EFX-0012 VERI-INFO] compiling module 'EFX_IOBUF' (VERI-1018) (E:/Efinity/2022.2/sim_models/maplib/efinix_maplib.v:85)
[EFX-0012 VERI-INFO] compiling module 'EFX_LUT4' (VERI-1018) (E:/Efinity/2022.2/sim_models/maplib/efinix_maplib.v:97)
[EFX-0012 VERI-INFO] compiling module 'EFX_MULT' (VERI-1018) (E:/Efinity/2022.2/sim_models/maplib/efinix_maplib.v:105)
[EFX-0012 VERI-INFO] compiling module 'EFX_DSP48' (VERI-1018) (E:/Efinity/2022.2/sim_models/maplib/efinix_maplib.v:140)
[EFX-0012 VERI-INFO] compiling module 'EFX_DSP24' (VERI-1018) (E:/Efinity/2022.2/sim_models/maplib/efinix_maplib.v:196)
[EFX-0012 VERI-INFO] compiling module 'EFX_DSP12' (VERI-1018) (E:/Efinity/2022.2/sim_models/maplib/efinix_maplib.v:249)
[EFX-0012 VERI-INFO] compiling module 'EFX_RAM_4K' (VERI-1018) (E:/Efinity/2022.2/sim_models/maplib/efinix_maplib.v:302)
[EFX-0012 VERI-INFO] compiling module 'EFX_RAM_5K' (VERI-1018) (E:/Efinity/2022.2/sim_models/maplib/efinix_maplib.v:362)
[EFX-0012 VERI-INFO] compiling module 'EFX_DPRAM_5K' (VERI-1018) (E:/Efinity/2022.2/sim_models/maplib/efinix_maplib.v:434)
[EFX-0012 VERI-INFO] compiling module 'RAMB5' (VERI-1018) (E:/Efinity/2022.2/sim_models/maplib/efinix_maplib.v:539)
[EFX-0012 VERI-INFO] compiling module 'EFX_RAM_10K' (VERI-1018) (E:/Efinity/2022.2/sim_models/maplib/efinix_maplib.v:601)
[EFX-0012 VERI-INFO] compiling module 'EFX_RAM10' (VERI-1018) (E:/Efinity/2022.2/sim_models/maplib/efinix_maplib.v:693)
[EFX-0012 VERI-INFO] compiling module 'EFX_DPRAM10' (VERI-1018) (E:/Efinity/2022.2/sim_models/maplib/efinix_maplib.v:794)
[EFX-0012 VERI-INFO] compiling module 'EFX_SRL8' (VERI-1018) (E:/Efinity/2022.2/sim_models/maplib/efinix_maplib.v:924)
[EFX-0000 INFO] ... Pre-synthesis checks begin
[EFX-0200 WARNING] Removing redundant signal : compared_in[0]. (E:/Efinity/project/fnetriong/work_dbg/debug_top.v:5503)
[EFX-0200 WARNING] Removing redundant signal : mask_in[0]. (E:/Efinity/project/fnetriong/work_dbg/debug_top.v:5504)
[EFX-0200 WARNING] Removing redundant signal : trigger_in. (E:/Efinity/project/fnetriong/work_dbg/debug_top.v:5714)
[EFX-0677 INFO] Zero initialization of uninitialized memory block 'ram'. (E:/Efinity/project/fnetriong/work_dbg/debug_top.v:462)
[EFX-0200 WARNING] Removing redundant signal : din[26]. (E:/Efinity/project/fnetriong/work_dbg/debug_top.v:4606)
[EFX-0200 WARNING] Removing redundant signal : trig_out. (E:/Efinity/project/fnetriong/work_dbg/debug_top.v:4885)
[EFX-0200 WARNING] Removing redundant signal : trig_out_ack. (E:/Efinity/project/fnetriong/work_dbg/debug_top.v:4886)
[EFX-0200 WARNING] Removing redundant signal : bscan_DRCK. (E:/Efinity/project/fnetriong/work_dbg/debug_top.v:1070)
[EFX-0200 WARNING] Removing redundant signal : bscan_RUNTEST. (E:/Efinity/project/fnetriong/work_dbg/debug_top.v:1072)
[EFX-0200 WARNING] Removing redundant signal : bscan_SEL. (E:/Efinity/project/fnetriong/work_dbg/debug_top.v:1073)
[EFX-0200 WARNING] Removing redundant signal : bscan_TMS. (E:/Efinity/project/fnetriong/work_dbg/debug_top.v:1077)
[EFX-0200 WARNING] Removing redundant signal : trig_in_ack. (E:/Efinity/project/fnetriong/work_dbg/debug_top.v:1088)
[EFX-0200 WARNING] Removing redundant signal : mux_capture_cmp[15]. (E:/Efinity/project/fnetriong/work_dbg/debug_top.v:3494)
[EFX-0200 WARNING] Removing redundant signal : mux_capture_cmp[14]. (E:/Efinity/project/fnetriong/work_dbg/debug_top.v:3494)
[EFX-0200 WARNING] Removing redundant signal : mux_capture_cmp[13]. (E:/Efinity/project/fnetriong/work_dbg/debug_top.v:3494)
[EFX-0200 WARNING] Removing redundant signal : mux_capture_cmp[12]. (E:/Efinity/project/fnetriong/work_dbg/debug_top.v:3494)
[EFX-0200 WARNING] Removing redundant signal : mux_capture_cmp[11]. (E:/Efinity/project/fnetriong/work_dbg/debug_top.v:3494)
[EFX-0200 WARNING] Removing redundant signal : mux_capture_cmp[10]. (E:/Efinity/project/fnetriong/work_dbg/debug_top.v:3494)
[EFX-0200 WARNING] Removing redundant signal : mux_capture_cmp[9]. (E:/Efinity/project/fnetriong/work_dbg/debug_top.v:3494)
[EFX-0200 WARNING] Removing redundant signal : mux_capture_cmp[8]. (E:/Efinity/project/fnetriong/work_dbg/debug_top.v:3494)
[EFX-0200 WARNING] Removing redundant signal : mux_capture_cmp[7]. (E:/Efinity/project/fnetriong/work_dbg/debug_top.v:3494)
[EFX-0266 WARNING] Module Instance 'la0' input pin tied to constant (trig_in=0).
[EFX-0266 WARNING] Module Instance 'la0' input pin tied to constant (trig_out_ack=0).
[EFX-0201 WARNING] Re-wiring to GND non-driven net 'la0.probe16[0]'. (E:/Efinity/project/fnetriong/work_dbg/debug_top.v:128)
[EFX-0201 WARNING] Re-wiring to GND non-driven net 'la0.probe17[0]'. (E:/Efinity/project/fnetriong/work_dbg/debug_top.v:128)
[EFX-0201 WARNING] Re-wiring to GND non-driven net 'la0.probe18[0]'. (E:/Efinity/project/fnetriong/work_dbg/debug_top.v:128)
[EFX-0201 WARNING] Re-wiring to GND non-driven net 'la0.probe19[0]'. (E:/Efinity/project/fnetriong/work_dbg/debug_top.v:128)
[EFX-0201 WARNING] Re-wiring to GND non-driven net 'la0.probe20[0]'. (E:/Efinity/project/fnetriong/work_dbg/debug_top.v:128)
[EFX-0201 WARNING] Re-wiring to GND non-driven net 'la0.probe21[0]'. (E:/Efinity/project/fnetriong/work_dbg/debug_top.v:128)
[EFX-0201 WARNING] Re-wiring to GND non-driven net 'la0.probe22[0]'. (E:/Efinity/project/fnetriong/work_dbg/debug_top.v:128)
[EFX-0201 WARNING] Re-wiring to GND non-driven net 'la0.probe23[0]'. (E:/Efinity/project/fnetriong/work_dbg/debug_top.v:128)
[EFX-0201 WARNING] Re-wiring to GND non-driven net 'la0.probe24[0]'. (E:/Efinity/project/fnetriong/work_dbg/debug_top.v:128)
[EFX-0201 WARNING] Re-wiring to GND non-driven net 'la0.probe25[0]'. (E:/Efinity/project/fnetriong/work_dbg/debug_top.v:128)
[EFX-0000 INFO] ... Pre-synthesis checks end (Real time : 0s)
[EFX-0000 INFO] ... NameSpace init begin
[EFX-0000 INFO] ... NameSpace init end (Real time : 0s)
[EFX-0000 INFO] ... Mapping design "edb_top"
[EFX-0000 INFO] ... Hierarchical pre-synthesis "edb_adbg_crc32" begin
[EFX-0000 INFO] ... Hierarchical pre-synthesis "edb_adbg_crc32" end (Real time : 0s)
[EFX-0000 INFO] ... Hierarchical pre-synthesis "compare_unit(WIDTH=11'b01,PIPE=1)" begin
[EFX-0000 INFO] ... Hierarchical pre-synthesis "compare_unit(WIDTH=11'b01,PIPE=1)" end (Real time : 0s)
[EFX-0000 INFO] ... Hierarchical pre-synthesis "compare_unit(WIDTH=11'b01000,PIPE=1)" begin
[EFX-0000 INFO] ... Hierarchical pre-synthesis "compare_unit(WIDTH=11'b01000,PIPE=1)" end (Real time : 0s)
[EFX-0000 INFO] ... Hierarchical pre-synthesis "compare_unit(WIDTH=11'b0100,PIPE=1)" begin
[EFX-0000 INFO] ... Hierarchical pre-synthesis "compare_unit(WIDTH=11'b0100,PIPE=1)" end (Real time : 0s)
[EFX-0000 INFO] ... Hierarchical pre-synthesis "trigger_unit(WIDTH=32'b010000,PIPE=1)" begin
[EFX-0000 INFO] ... Hierarchical pre-synthesis "trigger_unit(WIDTH=32'b010000,PIPE=1)" end (Real time : 0s)
[EFX-0000 INFO] ... Hierarchical pre-synthesis "fifo_address_trancode_unit" begin
[EFX-0000 INFO] ... Hierarchical pre-synthesis "fifo_address_trancode_unit" end (Real time : 0s)
[EFX-0000 INFO] ... Hierarchical pre-synthesis "edb_simple_dual_port_ram(DATA_WIDTH=32'b011011,ADDR_WIDTH=10,RAM_INIT_FILE="")" begin
[EFX-0000 INFO] ... Hierarchical pre-synthesis "edb_simple_dual_port_ram(DATA_WIDTH=32'b011011,ADDR_WIDTH=10,RAM_INIT_FILE="")" end (Real time : 0s)
[EFX-0000 INFO] ... Hierarchical pre-synthesis "fifo_with_read(DATA_WIDTH=32'b011011)" begin
[EFX-0000 INFO] ... Hierarchical pre-synthesis "fifo_with_read(DATA_WIDTH=32'b011011)" end (Real time : 0s)
[EFX-0000 INFO] ... Hierarchical pre-synthesis "la_biu(CAPTURE_WIDTH=32'b011010)" begin
[EFX-0000 INFO] ... Hierarchical pre-synthesis "la_biu(CAPTURE_WIDTH=32'b011010)" end (Real time : 0s)
[EFX-0000 INFO] ... Hierarchical pre-synthesis "edb_la_top_renamed_due_excessive_length_1" begin
[EFX-0000 INFO] ... Hierarchical pre-synthesis "edb_la_top_renamed_due_excessive_length_1" end (Real time : 1s)
[EFX-0000 INFO] ... Hierarchical pre-synthesis "debug_hub" begin
[EFX-0000 INFO] ... Hierarchical pre-synthesis "debug_hub" end (Real time : 0s)
[EFX-0000 INFO] ... Hierarchical pre-synthesis "edb_top" begin
[EFX-0000 INFO] ... Clock Enable Synthesis Performed on 130 flops.
[EFX-0000 INFO] ... Hierarchical pre-synthesis "edb_top" end (Real time : 0s)
[EFX-0000 INFO] ... Flat optimizations begin
[EFX-0000 INFO] ... Flat optimizations end (Real time : 0s)
[EFX-0000 INFO] ... Flat synthesis begin
[EFX-0000 INFO] ... Flat synthesis end (Real time : 0s)
[EFX-0000 INFO] ... Flat optimizations begin
[EFX-0000 INFO] ... Flat optimizations end (Real time : 0s)
[EFX-0000 INFO] ... Check and break combinational loops begin
[EFX-0000 INFO] ... Check and break combinational loops end (Real time : 0s)
[EFX-0000 INFO] ... Sequential Optimization begin
[EFX-0000 INFO] ... Clock Network bscan_TCK with 455 loads will be considered for sequential optimization.
[EFX-0000 INFO] ... Clock Network la0_clk with 377 loads will be considered for sequential optimization.
[EFX-0000 INFO] ... Sequential Optimization deduced 241 equivalent points.
[EFX-0000 INFO] ... Sequential Optimization end (Real time : 11s)
[EFX-0000 INFO] ... SOP modeling begin
[EFX-0000 INFO] ... SOP modeling end (Real time : 0s)
[EFX-0000 INFO] ... LUT mapping begin
[EFX-0000 INFO] ... LS, strategy: 3, nd: 876, ed: 2847, lv: 7, pw: 1731.19
[EFX-0000 INFO] ... LUT mapping end (Real time : 4s)
[EFX-0000 INFO] ... Post-synthesis Verific netlist creation begin
[EFX-0000 INFO] ... Post-synthesis Verific netlist creation end (Real time : 0s)
[EFX-0000 INFO] ... Postmap Retiming Optimization begin
[EFX-0000 INFO] ... Clock Network n9 with 455 loads will be considered for retiming optimization.
[EFX-0000 INFO] ... Clock Network n13 with 377 loads will be considered for retiming optimization.
[EFX-0000 INFO] ... Performed 0 retime moves.
[EFX-0000 INFO] ... Postmap Retiming Optimization end (Real time : 0s)
[EFX-0000 INFO] ... Post-synthesis Verific netlist unification/params processing begin
[EFX-0000 INFO] ... Post-synthesis Verific netlist unification/params processing end (Real time : 0s)
[EFX-0011 VERI-WARNING] Input/Inout Port bscan_DRCK is unconnected and will be removed 
[EFX-0011 VERI-WARNING] Input/Inout Port bscan_RUNTEST is unconnected and will be removed 
[EFX-0011 VERI-WARNING] Input/Inout Port bscan_TMS is unconnected and will be removed 
[EFX-0012 VERI-INFO] Found 3 warnings in the post-synthesis netlist. 
[EFX-0000 INFO] Resource Summary 
[EFX-0000 INFO] =============================== 
[EFX-0000 INFO] EFX_ADD         : 	88
[EFX-0000 INFO] EFX_LUT4        : 	862
[EFX-0000 INFO] EFX_FF          : 	812
[EFX-0000 INFO] EFX_RAM_5K      : 	7
[EFX-0000 INFO] EFX_GBUFCE      : 	2
[EFX-0000 INFO] =============================== 

///////////////////////////////////
// Efinity Synthesis Started 
// Mar 13, 2023 17:48:57
///////////////////////////////////

[EFX-0000 INFO] Setting Synthesis Option: mode=speed
[EFX-0000 INFO] ... Pre-synthesis checks begin
[EFX-0266 WARNING] Module Instance 'fifo' input pin tied to constant (out_want_b=1).
[EFX-0200 WARNING] Removing redundant signal : start_found. (E:\Efinity\project\fnetriong\efnet_octet_to_word.vhd:60)
[EFX-0200 WARNING] Removing redundant signal : packet_start. (E:\Efinity\project\fnetriong\efnet_octet_to_word.vhd:62)
[EFX-0200 WARNING] Removing redundant signal : packet_end. (E:\Efinity\project\fnetriong\efnet_octet_to_word.vhd:63)
[EFX-0200 WARNING] Removing redundant signal : word[15]. (E:\Efinity\project\fnetriong\efnet_octet_to_word.vhd:65)
[EFX-0200 WARNING] Removing redundant signal : word[14]. (E:\Efinity\project\fnetriong\efnet_octet_to_word.vhd:65)
[EFX-0200 WARNING] Removing redundant signal : word[13]. (E:\Efinity\project\fnetriong\efnet_octet_to_word.vhd:65)
[EFX-0200 WARNING] Removing redundant signal : word[12]. (E:\Efinity\project\fnetriong\efnet_octet_to_word.vhd:65)
[EFX-0200 WARNING] Removing redundant signal : word[11]. (E:\Efinity\project\fnetriong\efnet_octet_to_word.vhd:65)
[EFX-0200 WARNING] Removing redundant signal : word[10]. (E:\Efinity\project\fnetriong\efnet_octet_to_word.vhd:65)
[EFX-0200 WARNING] Removing redundant signal : word[9]. (E:\Efinity\project\fnetriong\efnet_octet_to_word.vhd:65)
[EFX-0200 WARNING] Removing redundant signal : word[8]. (E:\Efinity\project\fnetriong\efnet_octet_to_word.vhd:65)
[EFX-0200 WARNING] Removing redundant signal : word[7]. (E:\Efinity\project\fnetriong\efnet_octet_to_word.vhd:65)
[EFX-0200 WARNING] Removing redundant signal : word[6]. (E:\Efinity\project\fnetriong\efnet_octet_to_word.vhd:65)
[EFX-0200 WARNING] Removing redundant signal : word[5]. (E:\Efinity\project\fnetriong\efnet_octet_to_word.vhd:65)
[EFX-0200 WARNING] Removing redundant signal : word[4]. (E:\Efinity\project\fnetriong\efnet_octet_to_word.vhd:65)
[EFX-0200 WARNING] Removing redundant signal : word[3]. (E:\Efinity\project\fnetriong\efnet_octet_to_word.vhd:65)
[EFX-0200 WARNING] Removing redundant signal : word[2]. (E:\Efinity\project\fnetriong\efnet_octet_to_word.vhd:65)
[EFX-0200 WARNING] Removing redundant signal : word[1]. (E:\Efinity\project\fnetriong\efnet_octet_to_word.vhd:65)
[EFX-0200 WARNING] Removing redundant signal : word[0]. (E:\Efinity\project\fnetriong\efnet_octet_to_word.vhd:65)
[EFX-0200 WARNING] Removing redundant signal : octet_counter[0]. (E:\Efinity\project\fnetriong\efnet_octet_to_word.vhd:66)
[EFX-0266 WARNING] Module Instance 'out_sm' input pin tied to constant (idx_tcp_prep[0][31]=0).
[EFX-0266 WARNING] Module Instance 'out_sm' input pin tied to constant (idx_tcp_prep[0][30]=0).
[EFX-0266 WARNING] Module Instance 'out_sm' input pin tied to constant (idx_tcp_prep[0][29]=0).
[EFX-0266 WARNING] Module Instance 'out_sm' input pin tied to constant (idx_tcp_prep[0][28]=0).
[EFX-0266 WARNING] Module Instance 'out_sm' input pin tied to constant (idx_tcp_prep[0][27]=0).
[EFX-0266 WARNING] Module Instance 'out_sm' input pin tied to constant (idx_tcp_prep[0][26]=0).
[EFX-0266 WARNING] Module Instance 'out_sm' input pin tied to constant (idx_tcp_prep[0][25]=0).
[EFX-0266 WARNING] Module Instance 'out_sm' input pin tied to constant (idx_tcp_prep[0][24]=0).
[EFX-0266 WARNING] Module Instance 'out_sm' input pin tied to constant (idx_tcp_prep[0][23]=0).
[EFX-0266 WARNING] Module Instance 'out_sm' input pin tied to constant (idx_tcp_prep[0][22]=0).
[EFX-0266 WARNING] Module Instance 'out_sm' input pin tied to constant (idx_tcp_prep[0][21]=0).
[EFX-0266 WARNING] Module Instance 'out_sm' input pin tied to constant (idx_tcp_prep[0][20]=0).
[EFX-0266 WARNING] Module Instance 'out_sm' input pin tied to constant (idx_tcp_prep[0][19]=0).
[EFX-0266 WARNING] Module Instance 'out_sm' input pin tied to constant (idx_tcp_prep[0][18]=0).
[EFX-0266 WARNING] Module Instance 'out_sm' input pin tied to constant (idx_tcp_prep[0][17]=0).
[EFX-0266 WARNING] Module Instance 'out_sm' input pin tied to constant (idx_tcp_prep[0][16]=0).
[EFX-0266 WARNING] Module Instance 'out_sm' input pin tied to constant (idx_tcp_prep[0][15]=0).
[EFX-0266 WARNING] Module Instance 'out_sm' input pin tied to constant (idx_tcp_prep[0][14]=0).
[EFX-0266 WARNING] Module Instance 'out_sm' input pin tied to constant (idx_tcp_prep[0][13]=0).
[EFX-0266 WARNING] Module Instance 'out_sm' input pin tied to constant (idx_tcp_prep[0][12]=0).
[EFX-0266 WARNING] Module Instance 'out_sm' input pin tied to constant (idx_tcp_prep[0][11]=0).
[EFX-0266 WARNING] Module Instance 'out_sm' input pin tied to constant (idx_tcp_prep[0][10]=0).
[EFX-0266 WARNING] Module Instance 'out_sm' input pin tied to constant (idx_tcp_prep[0][9]=0).
[EFX-0266 WARNING] Module Instance 'out_sm' input pin tied to constant (idx_tcp_prep[0][8]=0).
[EFX-0266 WARNING] Module Instance 'out_sm' input pin tied to constant (idx_tcp_prep[0][7]=0).
[EFX-0266 WARNING] Module Instance 'out_sm' input pin tied to constant (idx_tcp_prep[0][6]=0).
[EFX-0266 WARNING] Module Instance 'out_sm' input pin tied to constant (idx_tcp_prep[0][5]=0).
[EFX-0266 WARNING] Module Instance 'out_sm' input pin tied to constant (idx_tcp_prep[0][4]=0).
[EFX-0266 WARNING] Module Instance 'out_sm' input pin tied to constant (idx_tcp_prep[0][3]=0).
[EFX-0266 WARNING] Module Instance 'out_sm' input pin tied to constant (idx_tcp_prep[0][2]=1).
[EFX-0266 WARNING] Module Instance 'out_sm' input pin tied to constant (idx_tcp_prep[0][1]=0).
[EFX-0266 WARNING] Module Instance 'out_sm' input pin tied to constant (idx_tcp_prep[0][0]=1).
[EFX-0266 WARNING] Module Instance 'out_sm' input pin tied to constant (idx_tcp_prep[1][31]=0).
[EFX-0266 WARNING] Module Instance 'out_sm' input pin tied to constant (idx_tcp_prep[1][30]=0).
[EFX-0266 WARNING] Module Instance 'out_sm' input pin tied to constant (idx_tcp_prep[1][29]=0).
[EFX-0266 WARNING] Module Instance 'out_sm' input pin tied to constant (idx_tcp_prep[1][28]=0).
[EFX-0266 WARNING] Module Instance 'out_sm' input pin tied to constant (idx_tcp_prep[1][27]=0).
[EFX-0266 WARNING] Module Instance 'out_sm' input pin tied to constant (idx_tcp_prep[1][26]=0).
[EFX-0266 WARNING] Module Instance 'out_sm' input pin tied to constant (idx_tcp_prep[1][25]=0).
[EFX-0266 WARNING] Module Instance 'out_sm' input pin tied to constant (idx_tcp_prep[1][24]=0).
[EFX-0266 WARNING] Module Instance 'out_sm' input pin tied to constant (idx_tcp_prep[1][23]=0).
[EFX-0266 WARNING] Module Instance 'out_sm' input pin tied to constant (idx_tcp_prep[1][22]=0).
[EFX-0266 WARNING] Module Instance 'out_sm' input pin tied to constant (idx_tcp_prep[1][21]=0).
[EFX-0266 WARNING] Module Instance 'out_sm' input pin tied to constant (idx_tcp_prep[1][20]=0).
[EFX-0266 WARNING] Module Instance 'out_sm' input pin tied to constant (idx_tcp_prep[1][19]=0).
[EFX-0266 WARNING] Module Instance 'out_sm' input pin tied to constant (idx_tcp_prep[1][18]=0).
[EFX-0266 WARNING] Module Instance 'out_sm' input pin tied to constant (idx_tcp_prep[1][17]=0).
[EFX-0266 WARNING] Module Instance 'out_sm' input pin tied to constant (idx_tcp_prep[1][16]=0).
[EFX-0266 WARNING] Module Instance 'out_sm' input pin tied to constant (idx_tcp_prep[1][15]=0).
[EFX-0266 WARNING] Module Instance 'out_sm' input pin tied to constant (idx_tcp_prep[1][14]=0).
[EFX-0266 WARNING] Module Instance 'out_sm' input pin tied to constant (idx_tcp_prep[1][13]=0).
[EFX-0266 WARNING] Module Instance 'out_sm' input pin tied to constant (idx_tcp_prep[1][12]=0).
[EFX-0266 WARNING] Module Instance 'out_sm' input pin tied to constant (idx_tcp_prep[1][11]=0).
[EFX-0266 WARNING] Module Instance 'out_sm' input pin tied to constant (idx_tcp_prep[1][10]=0).
[EFX-0266 WARNING] Module Instance 'out_sm' input pin tied to constant (idx_tcp_prep[1][9]=0).
[EFX-0266 WARNING] Module Instance 'out_sm' input pin tied to constant (idx_tcp_prep[1][8]=0).
[EFX-0266 WARNING] Module Instance 'out_sm' input pin tied to constant (idx_tcp_prep[1][7]=0).
[EFX-0266 WARNING] Module Instance 'out_sm' input pin tied to constant (idx_tcp_prep[1][6]=0).
[EFX-0266 WARNING] Module Instance 'out_sm' input pin tied to constant (idx_tcp_prep[1][5]=0).
[EFX-0266 WARNING] Module Instance 'out_sm' input pin tied to constant (idx_tcp_prep[1][4]=0).
[EFX-0266 WARNING] Module Instance 'out_sm' input pin tied to constant (idx_tcp_prep[1][3]=0).
[EFX-0266 WARNING] Module Instance 'out_sm' input pin tied to constant (idx_tcp_prep[1][2]=1).
[EFX-0266 WARNING] Module Instance 'out_sm' input pin tied to constant (idx_tcp_prep[1][1]=1).
[EFX-0266 WARNING] Module Instance 'out_sm' input pin tied to constant (idx_tcp_prep[1][0]=0).
[EFX-0266 WARNING] Module Instance 'out_sm' input pin tied to constant (idx_gen[31]=0).
[EFX-0266 WARNING] Module Instance 'out_sm' input pin tied to constant (idx_gen[30]=0).
[EFX-0266 WARNING] Module Instance 'out_sm' input pin tied to constant (idx_gen[29]=0).
[EFX-0266 WARNING] Module Instance 'out_sm' input pin tied to constant (idx_gen[28]=0).
[EFX-0266 WARNING] Module Instance 'out_sm' input pin tied to constant (idx_gen[27]=0).
[EFX-0266 WARNING] Module Instance 'out_sm' input pin tied to constant (idx_gen[26]=0).
[EFX-0266 WARNING] Module Instance 'out_sm' input pin tied to constant (idx_gen[25]=0).
[EFX-0266 WARNING] Module Instance 'out_sm' input pin tied to constant (idx_gen[24]=0).
[EFX-0266 WARNING] Module Instance 'out_sm' input pin tied to constant (idx_gen[23]=0).
[EFX-0266 WARNING] Module Instance 'out_sm' input pin tied to constant (idx_gen[22]=0).
[EFX-0266 WARNING] Module Instance 'out_sm' input pin tied to constant (idx_gen[21]=0).
[EFX-0266 WARNING] Module Instance 'out_sm' input pin tied to constant (idx_gen[20]=0).
[EFX-0266 WARNING] Module Instance 'out_sm' input pin tied to constant (idx_gen[19]=0).
[EFX-0266 WARNING] Module Instance 'out_sm' input pin tied to constant (idx_gen[18]=0).
[EFX-0266 WARNING] Module Instance 'out_sm' input pin tied to constant (idx_gen[17]=0).
[EFX-0266 WARNING] Module Instance 'out_sm' input pin tied to constant (idx_gen[16]=0).
[EFX-0266 WARNING] Module Instance 'out_sm' input pin tied to constant (idx_gen[15]=0).
[EFX-0266 WARNING] Module Instance 'out_sm' input pin tied to constant (idx_gen[14]=0).
[EFX-0266 WARNING] Module Instance 'out_sm' input pin tied to constant (idx_gen[13]=0).
[EFX-0266 WARNING] Module Instance 'out_sm' input pin tied to constant (idx_gen[12]=0).
[EFX-0266 WARNING] Module Instance 'out_sm' input pin tied to constant (idx_gen[11]=0).
[EFX-0266 WARNING] Module Instance 'out_sm' input pin tied to constant (idx_gen[10]=0).
[EFX-0266 WARNING] Module Instance 'out_sm' input pin tied to constant (idx_gen[9]=0).
[EFX-0266 WARNING] Module Instance 'out_sm' input pin tied to constant (idx_gen[8]=0).
[EFX-0266 WARNING] Module Instance 'out_sm' input pin tied to constant (idx_gen[7]=0).
[EFX-0266 WARNING] Module Instance 'out_sm' input pin tied to constant (idx_gen[6]=0).
[EFX-0266 WARNING] Module Instance 'out_sm' input pin tied to constant (idx_gen[5]=0).
[EFX-0266 WARNING] Module Instance 'out_sm' input pin tied to constant (idx_gen[4]=0).
[EFX-0266 WARNING] Module Instance 'out_sm' input pin tied to constant (idx_gen[3]=0).
[EFX-0266 WARNING] Module Instance 'out_sm' input pin tied to constant (idx_gen[2]=0).
[EFX-0266 WARNING] Module Instance 'out_sm' input pin tied to constant (idx_gen[1]=0).
[EFX-0266 WARNING] Module Instance 'out_sm' input pin tied to constant (idx_gen[0]=1).
[EFX-0266 WARNING] Module Instance 'mdio' input pin tied to constant (b_req_data[31]=0).
[EFX-0266 WARNING] Module Instance 'mdio' input pin tied to constant (b_req_data[30]=0).
[EFX-0266 WARNING] Module Instance 'mdio' input pin tied to constant (b_req_data[29]=0).
[EFX-0201 WARNING] Re-wiring to GND non-driven net 'ram_udp_regidp.prod2.set_again'. (E:\Efinity\project\fnetriong\fakernet_module.vhd:135)
[EFX-0201 WARNING] Re-wiring to GND non-driven net 'ram_tcp_template.prod2.set_again'. (E:\Efinity\project\fnetriong\fakernet_module.vhd:137)
[EFX-0201 WARNING] Re-wiring to GND non-driven net 'ram_tcp_prep2[0].prod2.set_again'. (E:\Efinity\project\fnetriong\fakernet_module.vhd:138)
[EFX-0201 WARNING] Re-wiring to GND non-driven net 'ram_tcp_prep2[1].prod2.set_again'. (E:\Efinity\project\fnetriong\fakernet_module.vhd:138)
[EFX-0031 INFO] 'i4' instance is encountered with don't-care(1'bx) input, rewiring to GND. (E:\Efinity\project\fnetriong\fnetriong.vhd:104)
[EFX-0000 INFO] ... Pre-synthesis checks end (Real time : 0s)
[EFX-0000 INFO] ... NameSpace init begin
[EFX-0000 INFO] ... NameSpace init end (Real time : 0s)
[EFX-0000 INFO] ... Mapping design "fnetriong"
[EFX-0000 INFO] ... Hierarchical pre-synthesis "fnet_async_fifo(width=17)" begin
[EFX-0000 INFO] ... Hierarchical pre-synthesis "fnet_async_fifo(width=17)" end (Real time : 0s)
[EFX-0000 INFO] ... Hierarchical pre-synthesis "efnet_octet_to_word" begin
[EFX-0000 INFO] ... Hierarchical pre-synthesis "efnet_octet_to_word" end (Real time : 0s)
[EFX-0000 INFO] ... Hierarchical pre-synthesis "efb_uart_trace_mem(width=32,samples=512)" begin
[EFX-0000 INFO] ... Hierarchical pre-synthesis "efb_uart_trace_mem(width=32,samples=512)" end (Real time : 0s)
[EFX-0000 INFO] ... Hierarchical pre-synthesis "efb_uart_tx(15,0)" begin
[EFX-0000 INFO] ... Hierarchical pre-synthesis "efb_uart_tx(15,0)" end (Real time : 0s)
[EFX-0000 INFO] ... Hierarchical pre-synthesis "efnet_word_to_octet" begin
[EFX-0000 INFO] ... Hierarchical pre-synthesis "efnet_word_to_octet" end (Real time : 0s)
[EFX-0000 INFO] ... Hierarchical pre-synthesis "efnet_data_array_inject(0,0)(31,0)(0,0)(0,0)(9,0)(7,0)" begin
[EFX-0000 INFO] ... Hierarchical pre-synthesis "efnet_data_array_inject(0,0)(31,0)(0,0)(0,0)(9,0)(7,0)" end (Real time : 0s)
[EFX-0000 INFO] ... Hierarchical pre-synthesis "fnet_crc32" begin
[EFX-0000 INFO] ... Hierarchical pre-synthesis "fnet_crc32" end (Real time : 0s)
[EFX-0000 INFO] ... Hierarchical pre-synthesis "fnet_in_state" begin
[EFX-0000 INFO] ... Hierarchical pre-synthesis "fnet_in_state" end (Real time : 1s)
[EFX-0000 INFO] ... Hierarchical pre-synthesis "fnet_dyn_control" begin
[EFX-0000 INFO] ... Hierarchical pre-synthesis "fnet_dyn_control" end (Real time : 0s)
[EFX-0000 INFO] ... Hierarchical pre-synthesis "fnet_ntp_query_control" begin
[EFX-0000 INFO] ... Hierarchical pre-synthesis "fnet_ntp_query_control" end (Real time : 0s)
[EFX-0000 INFO] ... Hierarchical pre-synthesis "fnet_packet_gen" begin
[EFX-0000 INFO] ... Hierarchical pre-synthesis "fnet_packet_gen" end (Real time : 0s)
[EFX-0000 INFO] ... Hierarchical pre-synthesis "fnet_out_state" begin
[EFX-0000 INFO] ... Hierarchical pre-synthesis "fnet_out_state" end (Real time : 0s)
[EFX-0000 INFO] ... Hierarchical pre-synthesis "fnet_out_pipeline" begin
[EFX-0000 INFO] ... Hierarchical pre-synthesis "fnet_out_pipeline" end (Real time : 0s)
[EFX-0000 INFO] ... Hierarchical pre-synthesis "fnet_regaccess" begin
[EFX-0000 INFO] ... Hierarchical pre-synthesis "fnet_regaccess" end (Real time : 0s)
[EFX-0000 INFO] ... Hierarchical pre-synthesis "ram_block_a11d16" begin
[EFX-0000 INFO] ... Hierarchical pre-synthesis "ram_block_a11d16" end (Real time : 0s)
[EFX-0000 INFO] ... Hierarchical pre-synthesis "fnet_local_reg(test_regs=true,lcl_data_gen=true,limit_payload_window=true,debug_regs=true,debug_counters=true,compiletime=1)" begin
[EFX-0000 INFO] ... Hierarchical pre-synthesis "fnet_local_reg(test_regs=true,lcl_data_gen=true,limit_payload_window=true,debug_regs=true,debug_counters=true,compiletime=1)" end (Real time : 0s)
[EFX-0000 INFO] ... Hierarchical pre-synthesis "fnet_tcp_state(data_bufsize_addrbits=13)" begin
[EFX-0000 INFO] ... Hierarchical pre-synthesis "fnet_tcp_state(data_bufsize_addrbits=13)" end (Real time : 0s)
[EFX-0000 INFO] ... Hierarchical pre-synthesis "fnet_tcp_control(data_bufsize_addrbits=13)" begin
[EFX-0000 INFO] ... Hierarchical pre-synthesis "fnet_tcp_control(data_bufsize_addrbits=13)" end (Real time : 0s)
[EFX-0000 INFO] ... Hierarchical pre-synthesis "fnet_tcp_prepare(data_bufsize_addrbits=13)(12,0)(31,0)" begin
[EFX-0000 INFO] ... Hierarchical pre-synthesis "fnet_tcp_prepare(data_bufsize_addrbits=13)(12,0)(31,0)" end (Real time : 0s)
[EFX-0000 INFO] ... Hierarchical pre-synthesis "fnet_tcp_buffer(data_bufsize_addrbits=13)(9,0)(7,0)(7,0)(5,0)(12,0)(31,0)" begin
[EFX-0000 INFO] ... Hierarchical pre-synthesis "fnet_tcp_buffer(data_bufsize_addrbits=13)(9,0)(7,0)(7,0)(5,0)(12,0)(31,0)" end (Real time : 0s)
[EFX-0000 INFO] ... Hierarchical pre-synthesis "fnet_test_datagen(data_bufsize_addrbits=13)" begin
[EFX-0000 INFO] ... Hierarchical pre-synthesis "fnet_test_datagen(data_bufsize_addrbits=13)" end (Real time : 0s)
[EFX-0000 INFO] ... Hierarchical pre-synthesis "fnet_ram_block_data(addrbits=13)" begin
[EFX-0000 INFO] ... Hierarchical pre-synthesis "fnet_ram_block_data(addrbits=13)" end (Real time : 0s)
[EFX-0000 INFO] ... Hierarchical pre-synthesis "fnet_ram_block_stat" begin
[EFX-0000 INFO] ... Hierarchical pre-synthesis "fnet_ram_block_stat" end (Real time : 0s)
[EFX-0000 INFO] ... Hierarchical pre-synthesis "fnet_regacc_aux_stat" begin
[EFX-0000 INFO] ... Hierarchical pre-synthesis "fnet_regacc_aux_stat" end (Real time : 0s)
[EFX-0000 INFO] ... Hierarchical pre-synthesis "fnet_mdio" begin
[EFX-0000 INFO] ... Hierarchical pre-synthesis "fnet_mdio" end (Real time : 0s)
[EFX-0000 INFO] ... Hierarchical pre-synthesis "fakernet_module(data_bufsize_addrbits=13,compiletime=1)(9,0)(7,0)" begin
[EFX-0000 INFO] ... Hierarchical pre-synthesis "fakernet_module(data_bufsize_addrbits=13,compiletime=1)(9,0)(7,0)" end (Real time : 1s)
[EFX-0000 INFO] ... Hierarchical pre-synthesis "efb_common_top(clk_freq=125000000)(0,-1)(31,0)(0,-1)(0,-1)" begin
[EFX-0000 INFO] ... Hierarchical pre-synthesis "efb_common_top(clk_freq=125000000)(0,-1)(31,0)(0,-1)(0,-1)" end (Real time : 1s)
[EFX-0000 INFO] ... Hierarchical pre-synthesis "edb_top" begin
[EFX-0000 INFO] ... Hierarchical pre-synthesis "edb_top" end (Real time : 0s)
[EFX-0000 INFO] ... Hierarchical pre-synthesis "fnetriong" begin
[EFX-0000 INFO] ... Clock Enable Synthesis Performed on 681 flops.
[EFX-0000 INFO] ... Hierarchical pre-synthesis "fnetriong" end (Real time : 1s)
[EFX-0201 WARNING] Re-wiring to GND non-driven net 't/fakernet/dp_ram_arp_icmp.port_a.o.rd'. (E:\Efinity\project\fnetriong\fakernet_module.vhd:145)
[EFX-0201 WARNING] Re-wiring to GND non-driven net 't/fakernet/dp_ram_pkt_gen.port_a.o.rd'. (E:\Efinity\project\fnetriong\fakernet_module.vhd:146)
[EFX-0201 WARNING] Re-wiring to GND non-driven net 't/fakernet/dp_ram_udp_regacc.port_a.o.rd'. (E:\Efinity\project\fnetriong\fakernet_module.vhd:147)
[EFX-0201 WARNING] Re-wiring to GND non-driven net 't/fakernet/dp_ram_udp_regacc.port_b.o.wr'. (E:\Efinity\project\fnetriong\fakernet_module.vhd:147)
[EFX-0201 WARNING] Re-wiring to GND non-driven net 't/fakernet/dp_ram_udp_regidp.port_a.o.rd'. (E:\Efinity\project\fnetriong\fakernet_module.vhd:148)
[EFX-0201 WARNING] Re-wiring to GND non-driven net 't/fakernet/dp_ram_tcp_template.port_a.o.rd'. (E:\Efinity\project\fnetriong\fakernet_module.vhd:151)
[EFX-0000 INFO] ... Flat optimizations begin
[EFX-0000 INFO] ... Flat optimizations end (Real time : 0s)
[EFX-0000 INFO] ... Flat synthesis begin
[EFX-0000 INFO] ... Flat synthesis end (Real time : 0s)
[EFX-0000 INFO] ... Flat optimizations begin
[EFX-0000 INFO] ... Flat optimizations end (Real time : 0s)
[EFX-0000 INFO] ... Check and break combinational loops begin
[EFX-0000 INFO] ... Check and break combinational loops end (Real time : 0s)
[EFX-0000 INFO] ... Sequential Optimization begin
[EFX-0000 INFO] ... Clock Network clk with 3778 loads will be considered for sequential optimization.
[EFX-0000 INFO] ... Clock Network jtag_inst1_TCK with 448 loads will be considered for sequential optimization.
[EFX-0000 INFO] ... Clock Network eth_rx_clk with 45 loads will be considered for sequential optimization.
[EFX-0000 INFO] ... Sequential Optimization deduced 495 equivalent points.
[EFX-0000 INFO] ... Sequential Optimization end (Real time : 19s)
[EFX-0000 INFO] ... SOP modeling begin
[EFX-0000 INFO] ... SOP modeling end (Real time : 1s)
[EFX-0000 INFO] ... LUT mapping begin
[EFX-0000 INFO] ... LS, strategy: 3, nd: 4542, ed: 14758, lv: 8, pw: 12620.89
[EFX-0000 INFO] ... LUT mapping end (Real time : 15s)
[EFX-0000 INFO] ... Post-synthesis Verific netlist creation begin
[EFX-0000 INFO] ... Post-synthesis Verific netlist creation end (Real time : 0s)
[EFX-0000 INFO] ... Postmap Retiming Optimization begin
[EFX-0000 INFO] ... Clock Network n3 with 3701 loads will be considered for retiming optimization.
[EFX-0000 INFO] ... Clock Network n25 with 448 loads will be considered for retiming optimization.
[EFX-0000 INFO] ... Clock Network n13 with 45 loads will be considered for retiming optimization.
[EFX-0000 INFO] ... Performed 4 retime moves.
[EFX-0000 INFO] ... Postmap Retiming Optimization end (Real time : 0s)
[EFX-0000 INFO] ... Post-synthesis Verific netlist unification/params processing begin
[EFX-0000 INFO] ... Post-synthesis Verific netlist unification/params processing end (Real time : 1s)
[EFX-0000 INFO] Resource Summary 
[EFX-0000 INFO] =============================== 
[EFX-0000 INFO] EFX_ADD         : 	684
[EFX-0000 INFO] EFX_LUT4        : 	5260
[EFX-0000 INFO] EFX_FF          : 	4060
[EFX-0000 INFO] EFX_RAM_5K      : 	110
[EFX-0000 INFO] EFX_DPRAM_5K    : 	4
[EFX-0000 INFO] EFX_GBUFCE      : 	3
[EFX-0000 INFO] =============================== 

///////////////////////////////////
// Efinity Synthesis Started 
// Mar 13, 2023 17:58:19
///////////////////////////////////

[EFX-0012 VERI-INFO] default VHDL library search path is now "E:/Efinity/2022.2/sim_models/vhdl/packages/vhdl_2008" (VHDL-1504) 
[EFX-0012 VERI-INFO] undeclared symbol 'la_capture_mask', assumed default net type 'wire' (VERI-2561) (E:/Efinity/project/fnetriong/work_dbg/debug_top.v:4380)
[EFX-0012 VERI-INFO] undeclared symbol 'next_segment_pointer_eq', assumed default net type 'wire' (VERI-2561) (E:/Efinity/project/fnetriong/work_dbg/debug_top.v:4738)
[EFX-0012 VERI-INFO] undeclared symbol 'next_segment_msb_xor', assumed default net type 'wire' (VERI-2561) (E:/Efinity/project/fnetriong/work_dbg/debug_top.v:4739)
[EFX-0011 VERI-WARNING] port 'probe7' remains unconnected for this instance (VERI-1927) (E:/Efinity/project/fnetriong/work_dbg/debug_top.v:128)
[EFX-0012 VERI-INFO] compiling module 'edb_top' (VERI-1018) (E:/Efinity/project/fnetriong/work_dbg/debug_top.v:10)
[EFX-0012 VERI-INFO] compiling module 'edb_la_top_renamed_due_excessive_length_1' (VERI-1018) (E:/Efinity/project/fnetriong/work_dbg/debug_top.v:501)
[EFX-0011 VERI-WARNING] expression size 256 truncated to fit in target size 64 (VERI-1209) (E:/Efinity/project/fnetriong/work_dbg/debug_top.v:3597)
[EFX-0012 VERI-INFO] compiling module 'edb_adbg_crc32' (VERI-1018) (E:/Efinity/project/fnetriong/work_dbg/debug_top.v:202)
[EFX-0012 VERI-INFO] compiling module 'compare_unit(WIDTH=11'b01,PIPE=1)' (VERI-1018) (E:/Efinity/project/fnetriong/work_dbg/debug_top.v:5461)
[EFX-0012 VERI-INFO] compiling module 'compare_unit(WIDTH=11'b010000,PIPE=1)' (VERI-1018) (E:/Efinity/project/fnetriong/work_dbg/debug_top.v:5461)
[EFX-0012 VERI-INFO] compiling module 'compare_unit(WIDTH=11'b0100,PIPE=1)' (VERI-1018) (E:/Efinity/project/fnetriong/work_dbg/debug_top.v:5461)
[EFX-0012 VERI-INFO] compiling module 'compare_unit(WIDTH=11'b01000,PIPE=1)' (VERI-1018) (E:/Efinity/project/fnetriong/work_dbg/debug_top.v:5461)
[EFX-0012 VERI-INFO] compiling module 'trigger_unit(WIDTH=32'b0111,PIPE=1)' (VERI-1018) (E:/Efinity/project/fnetriong/work_dbg/debug_top.v:5666)
[EFX-0012 VERI-INFO] compiling module 'la_biu(CAPTURE_WIDTH=32'b0100011)' (VERI-1018) (E:/Efinity/project/fnetriong/work_dbg/debug_top.v:4815)
[EFX-0012 VERI-INFO] compiling module 'fifo_with_read(DATA_WIDTH=32'b0100100)' (VERI-1018) (E:/Efinity/project/fnetriong/work_dbg/debug_top.v:4557)
[EFX-0012 VERI-INFO] compiling module 'fifo_address_trancode_unit' (VERI-1018) (E:/Efinity/project/fnetriong/work_dbg/debug_top.v:4507)
[EFX-0012 VERI-INFO] compiling module 'edb_simple_dual_port_ram(DATA_WIDTH=32'b0100100,ADDR_WIDTH=10,RAM_INIT_FILE="")' (VERI-1018) (E:/Efinity/project/fnetriong/work_dbg/debug_top.v:411)
[EFX-0012 VERI-INFO] extracting RAM for identifier 'ram' (VERI-2571) (E:/Efinity/project/fnetriong/work_dbg/debug_top.v:426)
[EFX-0012 VERI-INFO] compiling module 'debug_hub' (VERI-1018) (E:/Efinity/project/fnetriong/work_dbg/debug_top.v:280)
[EFX-0011 VERI-WARNING] input port 'probe7[0]' remains unconnected for this instance (VDB-1053) (E:/Efinity/project/fnetriong/work_dbg/debug_top.v:101)
[EFX-0000 INFO] Setting Synthesis Option: mode=speed
[EFX-0012 VERI-INFO] compiling module 'EFX_ADD' (VERI-1018) (E:/Efinity/2022.2/sim_models/maplib/efinix_maplib.v:6)
[EFX-0012 VERI-INFO] compiling module 'EFX_FF' (VERI-1018) (E:/Efinity/2022.2/sim_models/maplib/efinix_maplib.v:19)
[EFX-0012 VERI-INFO] compiling module 'EFX_COMB4' (VERI-1018) (E:/Efinity/2022.2/sim_models/maplib/efinix_maplib.v:36)
[EFX-0012 VERI-INFO] compiling module 'EFX_GBUFCE' (VERI-1018) (E:/Efinity/2022.2/sim_models/maplib/efinix_maplib.v:46)
[EFX-0012 VERI-INFO] compiling module 'EFX_IDDR' (VERI-1018) (E:/Efinity/2022.2/sim_models/maplib/efinix_maplib.v:55)
[EFX-0012 VERI-INFO] compiling module 'EFX_ODDR' (VERI-1018) (E:/Efinity/2022.2/sim_models/maplib/efinix_maplib.v:69)
[EFX-0012 VERI-INFO] compiling module 'EFX_IOBUF' (VERI-1018) (E:/Efinity/2022.2/sim_models/maplib/efinix_maplib.v:85)
[EFX-0012 VERI-INFO] compiling module 'EFX_LUT4' (VERI-1018) (E:/Efinity/2022.2/sim_models/maplib/efinix_maplib.v:97)
[EFX-0012 VERI-INFO] compiling module 'EFX_MULT' (VERI-1018) (E:/Efinity/2022.2/sim_models/maplib/efinix_maplib.v:105)
[EFX-0012 VERI-INFO] compiling module 'EFX_DSP48' (VERI-1018) (E:/Efinity/2022.2/sim_models/maplib/efinix_maplib.v:140)
[EFX-0012 VERI-INFO] compiling module 'EFX_DSP24' (VERI-1018) (E:/Efinity/2022.2/sim_models/maplib/efinix_maplib.v:196)
[EFX-0012 VERI-INFO] compiling module 'EFX_DSP12' (VERI-1018) (E:/Efinity/2022.2/sim_models/maplib/efinix_maplib.v:249)
[EFX-0012 VERI-INFO] compiling module 'EFX_RAM_4K' (VERI-1018) (E:/Efinity/2022.2/sim_models/maplib/efinix_maplib.v:302)
[EFX-0012 VERI-INFO] compiling module 'EFX_RAM_5K' (VERI-1018) (E:/Efinity/2022.2/sim_models/maplib/efinix_maplib.v:362)
[EFX-0012 VERI-INFO] compiling module 'EFX_DPRAM_5K' (VERI-1018) (E:/Efinity/2022.2/sim_models/maplib/efinix_maplib.v:434)
[EFX-0012 VERI-INFO] compiling module 'RAMB5' (VERI-1018) (E:/Efinity/2022.2/sim_models/maplib/efinix_maplib.v:539)
[EFX-0012 VERI-INFO] compiling module 'EFX_RAM_10K' (VERI-1018) (E:/Efinity/2022.2/sim_models/maplib/efinix_maplib.v:601)
[EFX-0012 VERI-INFO] compiling module 'EFX_RAM10' (VERI-1018) (E:/Efinity/2022.2/sim_models/maplib/efinix_maplib.v:693)
[EFX-0012 VERI-INFO] compiling module 'EFX_DPRAM10' (VERI-1018) (E:/Efinity/2022.2/sim_models/maplib/efinix_maplib.v:794)
[EFX-0012 VERI-INFO] compiling module 'EFX_SRL8' (VERI-1018) (E:/Efinity/2022.2/sim_models/maplib/efinix_maplib.v:924)
[EFX-0000 INFO] ... Pre-synthesis checks begin
[EFX-0200 WARNING] Removing redundant signal : compared_in[0]. (E:/Efinity/project/fnetriong/work_dbg/debug_top.v:5467)
[EFX-0200 WARNING] Removing redundant signal : mask_in[0]. (E:/Efinity/project/fnetriong/work_dbg/debug_top.v:5468)
[EFX-0200 WARNING] Removing redundant signal : trigger_in. (E:/Efinity/project/fnetriong/work_dbg/debug_top.v:5678)
[EFX-0677 INFO] Zero initialization of uninitialized memory block 'ram'. (E:/Efinity/project/fnetriong/work_dbg/debug_top.v:426)
[EFX-0200 WARNING] Removing redundant signal : din[35]. (E:/Efinity/project/fnetriong/work_dbg/debug_top.v:4570)
[EFX-0200 WARNING] Removing redundant signal : trig_out. (E:/Efinity/project/fnetriong/work_dbg/debug_top.v:4849)
[EFX-0200 WARNING] Removing redundant signal : trig_out_ack. (E:/Efinity/project/fnetriong/work_dbg/debug_top.v:4850)
[EFX-0200 WARNING] Removing redundant signal : bscan_DRCK. (E:/Efinity/project/fnetriong/work_dbg/debug_top.v:1034)
[EFX-0200 WARNING] Removing redundant signal : bscan_RUNTEST. (E:/Efinity/project/fnetriong/work_dbg/debug_top.v:1036)
[EFX-0200 WARNING] Removing redundant signal : bscan_SEL. (E:/Efinity/project/fnetriong/work_dbg/debug_top.v:1037)
[EFX-0200 WARNING] Removing redundant signal : bscan_TMS. (E:/Efinity/project/fnetriong/work_dbg/debug_top.v:1041)
[EFX-0200 WARNING] Removing redundant signal : trig_in_ack. (E:/Efinity/project/fnetriong/work_dbg/debug_top.v:1052)
[EFX-0200 WARNING] Removing redundant signal : mux_capture_cmp[6]. (E:/Efinity/project/fnetriong/work_dbg/debug_top.v:3458)
[EFX-0200 WARNING] Removing redundant signal : mux_capture_cmp[5]. (E:/Efinity/project/fnetriong/work_dbg/debug_top.v:3458)
[EFX-0200 WARNING] Removing redundant signal : mux_capture_cmp[4]. (E:/Efinity/project/fnetriong/work_dbg/debug_top.v:3458)
[EFX-0200 WARNING] Removing redundant signal : mux_capture_cmp[3]. (E:/Efinity/project/fnetriong/work_dbg/debug_top.v:3458)
[EFX-0200 WARNING] Removing redundant signal : mux_capture_cmp[2]. (E:/Efinity/project/fnetriong/work_dbg/debug_top.v:3458)
[EFX-0200 WARNING] Removing redundant signal : mux_capture_cmp[1]. (E:/Efinity/project/fnetriong/work_dbg/debug_top.v:3458)
[EFX-0200 WARNING] Removing redundant signal : mux_capture_cmp[0]. (E:/Efinity/project/fnetriong/work_dbg/debug_top.v:3458)
[EFX-0200 WARNING] Removing redundant signal : bscan_CAPTURE. (E:/Efinity/project/fnetriong/work_dbg/debug_top.v:285)
[EFX-0200 WARNING] Removing redundant signal : bscan_DRCK. (E:/Efinity/project/fnetriong/work_dbg/debug_top.v:286)
[EFX-0266 WARNING] Module Instance 'la0' input pin tied to constant (trig_in=0).
[EFX-0266 WARNING] Module Instance 'la0' input pin tied to constant (trig_out_ack=0).
[EFX-0201 WARNING] Re-wiring to GND non-driven net 'la0.probe7[0]'. (E:/Efinity/project/fnetriong/work_dbg/debug_top.v:101)
[EFX-0201 WARNING] Re-wiring to GND non-driven net 'la0.probe8[0]'. (E:/Efinity/project/fnetriong/work_dbg/debug_top.v:101)
[EFX-0201 WARNING] Re-wiring to GND non-driven net 'la0.probe9[0]'. (E:/Efinity/project/fnetriong/work_dbg/debug_top.v:101)
[EFX-0201 WARNING] Re-wiring to GND non-driven net 'la0.probe10[0]'. (E:/Efinity/project/fnetriong/work_dbg/debug_top.v:101)
[EFX-0201 WARNING] Re-wiring to GND non-driven net 'la0.probe11[0]'. (E:/Efinity/project/fnetriong/work_dbg/debug_top.v:101)
[EFX-0201 WARNING] Re-wiring to GND non-driven net 'la0.probe12[0]'. (E:/Efinity/project/fnetriong/work_dbg/debug_top.v:101)
[EFX-0201 WARNING] Re-wiring to GND non-driven net 'la0.probe13[0]'. (E:/Efinity/project/fnetriong/work_dbg/debug_top.v:101)
[EFX-0201 WARNING] Re-wiring to GND non-driven net 'la0.probe14[0]'. (E:/Efinity/project/fnetriong/work_dbg/debug_top.v:101)
[EFX-0201 WARNING] Re-wiring to GND non-driven net 'la0.probe15[0]'. (E:/Efinity/project/fnetriong/work_dbg/debug_top.v:101)
[EFX-0201 WARNING] Re-wiring to GND non-driven net 'la0.probe16[0]'. (E:/Efinity/project/fnetriong/work_dbg/debug_top.v:101)
[EFX-0000 INFO] ... Pre-synthesis checks end (Real time : 0s)
[EFX-0000 INFO] ... NameSpace init begin
[EFX-0000 INFO] ... NameSpace init end (Real time : 0s)
[EFX-0000 INFO] ... Mapping design "edb_top"
[EFX-0000 INFO] ... Hierarchical pre-synthesis "edb_adbg_crc32" begin
[EFX-0000 INFO] ... Hierarchical pre-synthesis "edb_adbg_crc32" end (Real time : 0s)
[EFX-0000 INFO] ... Hierarchical pre-synthesis "compare_unit(WIDTH=11'b01,PIPE=1)" begin
[EFX-0000 INFO] ... Hierarchical pre-synthesis "compare_unit(WIDTH=11'b01,PIPE=1)" end (Real time : 0s)
[EFX-0000 INFO] ... Hierarchical pre-synthesis "compare_unit(WIDTH=11'b010000,PIPE=1)" begin
[EFX-0000 INFO] ... Hierarchical pre-synthesis "compare_unit(WIDTH=11'b010000,PIPE=1)" end (Real time : 0s)
[EFX-0000 INFO] ... Hierarchical pre-synthesis "compare_unit(WIDTH=11'b0100,PIPE=1)" begin
[EFX-0000 INFO] ... Hierarchical pre-synthesis "compare_unit(WIDTH=11'b0100,PIPE=1)" end (Real time : 0s)
[EFX-0000 INFO] ... Hierarchical pre-synthesis "compare_unit(WIDTH=11'b01000,PIPE=1)" begin
[EFX-0000 INFO] ... Hierarchical pre-synthesis "compare_unit(WIDTH=11'b01000,PIPE=1)" end (Real time : 0s)
[EFX-0000 INFO] ... Hierarchical pre-synthesis "trigger_unit(WIDTH=32'b0111,PIPE=1)" begin
[EFX-0000 INFO] ... Hierarchical pre-synthesis "trigger_unit(WIDTH=32'b0111,PIPE=1)" end (Real time : 0s)
[EFX-0000 INFO] ... Hierarchical pre-synthesis "fifo_address_trancode_unit" begin
[EFX-0000 INFO] ... Hierarchical pre-synthesis "fifo_address_trancode_unit" end (Real time : 0s)
[EFX-0000 INFO] ... Hierarchical pre-synthesis "edb_simple_dual_port_ram(DATA_WIDTH=32'b0100100,ADDR_WIDTH=10,RAM_INIT_FILE="")" begin
[EFX-0000 INFO] ... Hierarchical pre-synthesis "edb_simple_dual_port_ram(DATA_WIDTH=32'b0100100,ADDR_WIDTH=10,RAM_INIT_FILE="")" end (Real time : 0s)
[EFX-0000 INFO] ... Hierarchical pre-synthesis "fifo_with_read(DATA_WIDTH=32'b0100100)" begin
[EFX-0000 INFO] ... Hierarchical pre-synthesis "fifo_with_read(DATA_WIDTH=32'b0100100)" end (Real time : 0s)
[EFX-0000 INFO] ... Hierarchical pre-synthesis "la_biu(CAPTURE_WIDTH=32'b0100011)" begin
[EFX-0000 INFO] ... Hierarchical pre-synthesis "la_biu(CAPTURE_WIDTH=32'b0100011)" end (Real time : 0s)
[EFX-0000 INFO] ... Hierarchical pre-synthesis "edb_la_top_renamed_due_excessive_length_1" begin
[EFX-0000 INFO] ... Hierarchical pre-synthesis "edb_la_top_renamed_due_excessive_length_1" end (Real time : 0s)
[EFX-0000 INFO] ... Hierarchical pre-synthesis "debug_hub" begin
[EFX-0000 INFO] ... Hierarchical pre-synthesis "debug_hub" end (Real time : 1s)
[EFX-0000 INFO] ... Hierarchical pre-synthesis "edb_top" begin
[EFX-0000 INFO] ... Clock Enable Synthesis Performed on 130 flops.
[EFX-0000 INFO] ... Hierarchical pre-synthesis "edb_top" end (Real time : 0s)
[EFX-0000 INFO] ... Flat optimizations begin
[EFX-0000 INFO] ... Flat optimizations end (Real time : 0s)
[EFX-0000 INFO] ... Flat synthesis begin
[EFX-0000 INFO] ... Flat synthesis end (Real time : 0s)
[EFX-0000 INFO] ... Flat optimizations begin
[EFX-0000 INFO] ... Flat optimizations end (Real time : 0s)
[EFX-0000 INFO] ... Check and break combinational loops begin
[EFX-0000 INFO] ... Check and break combinational loops end (Real time : 0s)
[EFX-0000 INFO] ... Sequential Optimization begin
[EFX-0000 INFO] ... Clock Network bscan_TCK with 468 loads will be considered for sequential optimization.
[EFX-0000 INFO] ... Clock Network la0_clk with 411 loads will be considered for sequential optimization.
[EFX-0000 INFO] ... Sequential Optimization deduced 241 equivalent points.
[EFX-0000 INFO] ... Sequential Optimization end (Real time : 11s)
[EFX-0000 INFO] ... SOP modeling begin
[EFX-0000 INFO] ... SOP modeling end (Real time : 0s)
[EFX-0000 INFO] ... LUT mapping begin
[EFX-0000 INFO] ... LS, strategy: 3, nd: 866, ed: 2793, lv: 7, pw: 1777.67
[EFX-0000 INFO] ... LUT mapping end (Real time : 4s)
[EFX-0000 INFO] ... Post-synthesis Verific netlist creation begin
[EFX-0000 INFO] ... Post-synthesis Verific netlist creation end (Real time : 0s)
[EFX-0000 INFO] ... Postmap Retiming Optimization begin
[EFX-0000 INFO] ... Clock Network n9 with 468 loads will be considered for retiming optimization.
[EFX-0000 INFO] ... Clock Network n13 with 411 loads will be considered for retiming optimization.
[EFX-0000 INFO] ... Performed 0 retime moves.
[EFX-0000 INFO] ... Postmap Retiming Optimization end (Real time : 0s)
[EFX-0000 INFO] ... Post-synthesis Verific netlist unification/params processing begin
[EFX-0000 INFO] ... Post-synthesis Verific netlist unification/params processing end (Real time : 0s)
[EFX-0011 VERI-WARNING] Input/Inout Port bscan_DRCK is unconnected and will be removed 
[EFX-0011 VERI-WARNING] Input/Inout Port bscan_RUNTEST is unconnected and will be removed 
[EFX-0011 VERI-WARNING] Input/Inout Port bscan_TMS is unconnected and will be removed 
[EFX-0012 VERI-INFO] Found 3 warnings in the post-synthesis netlist. 
[EFX-0000 INFO] Resource Summary 
[EFX-0000 INFO] =============================== 
[EFX-0000 INFO] EFX_ADD         : 	88
[EFX-0000 INFO] EFX_LUT4        : 	852
[EFX-0000 INFO] EFX_FF          : 	859
[EFX-0000 INFO] EFX_RAM_5K      : 	8
[EFX-0000 INFO] EFX_GBUFCE      : 	2
[EFX-0000 INFO] =============================== 

///////////////////////////////////
// Efinity Synthesis Started 
// Mar 13, 2023 17:58:39
///////////////////////////////////

[EFX-0000 INFO] Setting Synthesis Option: mode=speed
[EFX-0000 INFO] ... Pre-synthesis checks begin
[EFX-0266 WARNING] Module Instance 'fifo' input pin tied to constant (out_want_b=1).
[EFX-0200 WARNING] Removing redundant signal : start_found. (E:\Efinity\project\fnetriong\efnet_octet_to_word.vhd:60)
[EFX-0200 WARNING] Removing redundant signal : packet_start. (E:\Efinity\project\fnetriong\efnet_octet_to_word.vhd:62)
[EFX-0200 WARNING] Removing redundant signal : packet_end. (E:\Efinity\project\fnetriong\efnet_octet_to_word.vhd:63)
[EFX-0200 WARNING] Removing redundant signal : word[15]. (E:\Efinity\project\fnetriong\efnet_octet_to_word.vhd:65)
[EFX-0200 WARNING] Removing redundant signal : word[14]. (E:\Efinity\project\fnetriong\efnet_octet_to_word.vhd:65)
[EFX-0200 WARNING] Removing redundant signal : word[13]. (E:\Efinity\project\fnetriong\efnet_octet_to_word.vhd:65)
[EFX-0200 WARNING] Removing redundant signal : word[12]. (E:\Efinity\project\fnetriong\efnet_octet_to_word.vhd:65)
[EFX-0200 WARNING] Removing redundant signal : word[11]. (E:\Efinity\project\fnetriong\efnet_octet_to_word.vhd:65)
[EFX-0200 WARNING] Removing redundant signal : word[10]. (E:\Efinity\project\fnetriong\efnet_octet_to_word.vhd:65)
[EFX-0200 WARNING] Removing redundant signal : word[9]. (E:\Efinity\project\fnetriong\efnet_octet_to_word.vhd:65)
[EFX-0200 WARNING] Removing redundant signal : word[8]. (E:\Efinity\project\fnetriong\efnet_octet_to_word.vhd:65)
[EFX-0200 WARNING] Removing redundant signal : word[7]. (E:\Efinity\project\fnetriong\efnet_octet_to_word.vhd:65)
[EFX-0200 WARNING] Removing redundant signal : word[6]. (E:\Efinity\project\fnetriong\efnet_octet_to_word.vhd:65)
[EFX-0200 WARNING] Removing redundant signal : word[5]. (E:\Efinity\project\fnetriong\efnet_octet_to_word.vhd:65)
[EFX-0200 WARNING] Removing redundant signal : word[4]. (E:\Efinity\project\fnetriong\efnet_octet_to_word.vhd:65)
[EFX-0200 WARNING] Removing redundant signal : word[3]. (E:\Efinity\project\fnetriong\efnet_octet_to_word.vhd:65)
[EFX-0200 WARNING] Removing redundant signal : word[2]. (E:\Efinity\project\fnetriong\efnet_octet_to_word.vhd:65)
[EFX-0200 WARNING] Removing redundant signal : word[1]. (E:\Efinity\project\fnetriong\efnet_octet_to_word.vhd:65)
[EFX-0200 WARNING] Removing redundant signal : word[0]. (E:\Efinity\project\fnetriong\efnet_octet_to_word.vhd:65)
[EFX-0200 WARNING] Removing redundant signal : octet_counter[0]. (E:\Efinity\project\fnetriong\efnet_octet_to_word.vhd:66)
[EFX-0266 WARNING] Module Instance 'out_sm' input pin tied to constant (idx_tcp_prep[0][31]=0).
[EFX-0266 WARNING] Module Instance 'out_sm' input pin tied to constant (idx_tcp_prep[0][30]=0).
[EFX-0266 WARNING] Module Instance 'out_sm' input pin tied to constant (idx_tcp_prep[0][29]=0).
[EFX-0266 WARNING] Module Instance 'out_sm' input pin tied to constant (idx_tcp_prep[0][28]=0).
[EFX-0266 WARNING] Module Instance 'out_sm' input pin tied to constant (idx_tcp_prep[0][27]=0).
[EFX-0266 WARNING] Module Instance 'out_sm' input pin tied to constant (idx_tcp_prep[0][26]=0).
[EFX-0266 WARNING] Module Instance 'out_sm' input pin tied to constant (idx_tcp_prep[0][25]=0).
[EFX-0266 WARNING] Module Instance 'out_sm' input pin tied to constant (idx_tcp_prep[0][24]=0).
[EFX-0266 WARNING] Module Instance 'out_sm' input pin tied to constant (idx_tcp_prep[0][23]=0).
[EFX-0266 WARNING] Module Instance 'out_sm' input pin tied to constant (idx_tcp_prep[0][22]=0).
[EFX-0266 WARNING] Module Instance 'out_sm' input pin tied to constant (idx_tcp_prep[0][21]=0).
[EFX-0266 WARNING] Module Instance 'out_sm' input pin tied to constant (idx_tcp_prep[0][20]=0).
[EFX-0266 WARNING] Module Instance 'out_sm' input pin tied to constant (idx_tcp_prep[0][19]=0).
[EFX-0266 WARNING] Module Instance 'out_sm' input pin tied to constant (idx_tcp_prep[0][18]=0).
[EFX-0266 WARNING] Module Instance 'out_sm' input pin tied to constant (idx_tcp_prep[0][17]=0).
[EFX-0266 WARNING] Module Instance 'out_sm' input pin tied to constant (idx_tcp_prep[0][16]=0).
[EFX-0266 WARNING] Module Instance 'out_sm' input pin tied to constant (idx_tcp_prep[0][15]=0).
[EFX-0266 WARNING] Module Instance 'out_sm' input pin tied to constant (idx_tcp_prep[0][14]=0).
[EFX-0266 WARNING] Module Instance 'out_sm' input pin tied to constant (idx_tcp_prep[0][13]=0).
[EFX-0266 WARNING] Module Instance 'out_sm' input pin tied to constant (idx_tcp_prep[0][12]=0).
[EFX-0266 WARNING] Module Instance 'out_sm' input pin tied to constant (idx_tcp_prep[0][11]=0).
[EFX-0266 WARNING] Module Instance 'out_sm' input pin tied to constant (idx_tcp_prep[0][10]=0).
[EFX-0266 WARNING] Module Instance 'out_sm' input pin tied to constant (idx_tcp_prep[0][9]=0).
[EFX-0266 WARNING] Module Instance 'out_sm' input pin tied to constant (idx_tcp_prep[0][8]=0).
[EFX-0266 WARNING] Module Instance 'out_sm' input pin tied to constant (idx_tcp_prep[0][7]=0).
[EFX-0266 WARNING] Module Instance 'out_sm' input pin tied to constant (idx_tcp_prep[0][6]=0).
[EFX-0266 WARNING] Module Instance 'out_sm' input pin tied to constant (idx_tcp_prep[0][5]=0).
[EFX-0266 WARNING] Module Instance 'out_sm' input pin tied to constant (idx_tcp_prep[0][4]=0).
[EFX-0266 WARNING] Module Instance 'out_sm' input pin tied to constant (idx_tcp_prep[0][3]=0).
[EFX-0266 WARNING] Module Instance 'out_sm' input pin tied to constant (idx_tcp_prep[0][2]=1).
[EFX-0266 WARNING] Module Instance 'out_sm' input pin tied to constant (idx_tcp_prep[0][1]=0).
[EFX-0266 WARNING] Module Instance 'out_sm' input pin tied to constant (idx_tcp_prep[0][0]=1).
[EFX-0266 WARNING] Module Instance 'out_sm' input pin tied to constant (idx_tcp_prep[1][31]=0).
[EFX-0266 WARNING] Module Instance 'out_sm' input pin tied to constant (idx_tcp_prep[1][30]=0).
[EFX-0266 WARNING] Module Instance 'out_sm' input pin tied to constant (idx_tcp_prep[1][29]=0).
[EFX-0266 WARNING] Module Instance 'out_sm' input pin tied to constant (idx_tcp_prep[1][28]=0).
[EFX-0266 WARNING] Module Instance 'out_sm' input pin tied to constant (idx_tcp_prep[1][27]=0).
[EFX-0266 WARNING] Module Instance 'out_sm' input pin tied to constant (idx_tcp_prep[1][26]=0).
[EFX-0266 WARNING] Module Instance 'out_sm' input pin tied to constant (idx_tcp_prep[1][25]=0).
[EFX-0266 WARNING] Module Instance 'out_sm' input pin tied to constant (idx_tcp_prep[1][24]=0).
[EFX-0266 WARNING] Module Instance 'out_sm' input pin tied to constant (idx_tcp_prep[1][23]=0).
[EFX-0266 WARNING] Module Instance 'out_sm' input pin tied to constant (idx_tcp_prep[1][22]=0).
[EFX-0266 WARNING] Module Instance 'out_sm' input pin tied to constant (idx_tcp_prep[1][21]=0).
[EFX-0266 WARNING] Module Instance 'out_sm' input pin tied to constant (idx_tcp_prep[1][20]=0).
[EFX-0266 WARNING] Module Instance 'out_sm' input pin tied to constant (idx_tcp_prep[1][19]=0).
[EFX-0266 WARNING] Module Instance 'out_sm' input pin tied to constant (idx_tcp_prep[1][18]=0).
[EFX-0266 WARNING] Module Instance 'out_sm' input pin tied to constant (idx_tcp_prep[1][17]=0).
[EFX-0266 WARNING] Module Instance 'out_sm' input pin tied to constant (idx_tcp_prep[1][16]=0).
[EFX-0266 WARNING] Module Instance 'out_sm' input pin tied to constant (idx_tcp_prep[1][15]=0).
[EFX-0266 WARNING] Module Instance 'out_sm' input pin tied to constant (idx_tcp_prep[1][14]=0).
[EFX-0266 WARNING] Module Instance 'out_sm' input pin tied to constant (idx_tcp_prep[1][13]=0).
[EFX-0266 WARNING] Module Instance 'out_sm' input pin tied to constant (idx_tcp_prep[1][12]=0).
[EFX-0266 WARNING] Module Instance 'out_sm' input pin tied to constant (idx_tcp_prep[1][11]=0).
[EFX-0266 WARNING] Module Instance 'out_sm' input pin tied to constant (idx_tcp_prep[1][10]=0).
[EFX-0266 WARNING] Module Instance 'out_sm' input pin tied to constant (idx_tcp_prep[1][9]=0).
[EFX-0266 WARNING] Module Instance 'out_sm' input pin tied to constant (idx_tcp_prep[1][8]=0).
[EFX-0266 WARNING] Module Instance 'out_sm' input pin tied to constant (idx_tcp_prep[1][7]=0).
[EFX-0266 WARNING] Module Instance 'out_sm' input pin tied to constant (idx_tcp_prep[1][6]=0).
[EFX-0266 WARNING] Module Instance 'out_sm' input pin tied to constant (idx_tcp_prep[1][5]=0).
[EFX-0266 WARNING] Module Instance 'out_sm' input pin tied to constant (idx_tcp_prep[1][4]=0).
[EFX-0266 WARNING] Module Instance 'out_sm' input pin tied to constant (idx_tcp_prep[1][3]=0).
[EFX-0266 WARNING] Module Instance 'out_sm' input pin tied to constant (idx_tcp_prep[1][2]=1).
[EFX-0266 WARNING] Module Instance 'out_sm' input pin tied to constant (idx_tcp_prep[1][1]=1).
[EFX-0266 WARNING] Module Instance 'out_sm' input pin tied to constant (idx_tcp_prep[1][0]=0).
[EFX-0266 WARNING] Module Instance 'out_sm' input pin tied to constant (idx_gen[31]=0).
[EFX-0266 WARNING] Module Instance 'out_sm' input pin tied to constant (idx_gen[30]=0).
[EFX-0266 WARNING] Module Instance 'out_sm' input pin tied to constant (idx_gen[29]=0).
[EFX-0266 WARNING] Module Instance 'out_sm' input pin tied to constant (idx_gen[28]=0).
[EFX-0266 WARNING] Module Instance 'out_sm' input pin tied to constant (idx_gen[27]=0).
[EFX-0266 WARNING] Module Instance 'out_sm' input pin tied to constant (idx_gen[26]=0).
[EFX-0266 WARNING] Module Instance 'out_sm' input pin tied to constant (idx_gen[25]=0).
[EFX-0266 WARNING] Module Instance 'out_sm' input pin tied to constant (idx_gen[24]=0).
[EFX-0266 WARNING] Module Instance 'out_sm' input pin tied to constant (idx_gen[23]=0).
[EFX-0266 WARNING] Module Instance 'out_sm' input pin tied to constant (idx_gen[22]=0).
[EFX-0266 WARNING] Module Instance 'out_sm' input pin tied to constant (idx_gen[21]=0).
[EFX-0266 WARNING] Module Instance 'out_sm' input pin tied to constant (idx_gen[20]=0).
[EFX-0266 WARNING] Module Instance 'out_sm' input pin tied to constant (idx_gen[19]=0).
[EFX-0266 WARNING] Module Instance 'out_sm' input pin tied to constant (idx_gen[18]=0).
[EFX-0266 WARNING] Module Instance 'out_sm' input pin tied to constant (idx_gen[17]=0).
[EFX-0266 WARNING] Module Instance 'out_sm' input pin tied to constant (idx_gen[16]=0).
[EFX-0266 WARNING] Module Instance 'out_sm' input pin tied to constant (idx_gen[15]=0).
[EFX-0266 WARNING] Module Instance 'out_sm' input pin tied to constant (idx_gen[14]=0).
[EFX-0266 WARNING] Module Instance 'out_sm' input pin tied to constant (idx_gen[13]=0).
[EFX-0266 WARNING] Module Instance 'out_sm' input pin tied to constant (idx_gen[12]=0).
[EFX-0266 WARNING] Module Instance 'out_sm' input pin tied to constant (idx_gen[11]=0).
[EFX-0266 WARNING] Module Instance 'out_sm' input pin tied to constant (idx_gen[10]=0).
[EFX-0266 WARNING] Module Instance 'out_sm' input pin tied to constant (idx_gen[9]=0).
[EFX-0266 WARNING] Module Instance 'out_sm' input pin tied to constant (idx_gen[8]=0).
[EFX-0266 WARNING] Module Instance 'out_sm' input pin tied to constant (idx_gen[7]=0).
[EFX-0266 WARNING] Module Instance 'out_sm' input pin tied to constant (idx_gen[6]=0).
[EFX-0266 WARNING] Module Instance 'out_sm' input pin tied to constant (idx_gen[5]=0).
[EFX-0266 WARNING] Module Instance 'out_sm' input pin tied to constant (idx_gen[4]=0).
[EFX-0266 WARNING] Module Instance 'out_sm' input pin tied to constant (idx_gen[3]=0).
[EFX-0266 WARNING] Module Instance 'out_sm' input pin tied to constant (idx_gen[2]=0).
[EFX-0266 WARNING] Module Instance 'out_sm' input pin tied to constant (idx_gen[1]=0).
[EFX-0266 WARNING] Module Instance 'out_sm' input pin tied to constant (idx_gen[0]=1).
[EFX-0266 WARNING] Module Instance 'mdio' input pin tied to constant (b_req_data[31]=0).
[EFX-0266 WARNING] Module Instance 'mdio' input pin tied to constant (b_req_data[30]=0).
[EFX-0266 WARNING] Module Instance 'mdio' input pin tied to constant (b_req_data[29]=0).
[EFX-0201 WARNING] Re-wiring to GND non-driven net 'ram_udp_regidp.prod2.set_again'. (E:\Efinity\project\fnetriong\fakernet_module.vhd:135)
[EFX-0201 WARNING] Re-wiring to GND non-driven net 'ram_tcp_template.prod2.set_again'. (E:\Efinity\project\fnetriong\fakernet_module.vhd:137)
[EFX-0201 WARNING] Re-wiring to GND non-driven net 'ram_tcp_prep2[0].prod2.set_again'. (E:\Efinity\project\fnetriong\fakernet_module.vhd:138)
[EFX-0201 WARNING] Re-wiring to GND non-driven net 'ram_tcp_prep2[1].prod2.set_again'. (E:\Efinity\project\fnetriong\fakernet_module.vhd:138)
[EFX-0031 INFO] 'i4' instance is encountered with don't-care(1'bx) input, rewiring to GND. (E:\Efinity\project\fnetriong\fnetriong.vhd:104)
[EFX-0000 INFO] ... Pre-synthesis checks end (Real time : 0s)
[EFX-0000 INFO] ... NameSpace init begin
[EFX-0000 INFO] ... NameSpace init end (Real time : 0s)
[EFX-0000 INFO] ... Mapping design "fnetriong"
[EFX-0000 INFO] ... Hierarchical pre-synthesis "fnet_async_fifo(width=17)" begin
[EFX-0000 INFO] ... Hierarchical pre-synthesis "fnet_async_fifo(width=17)" end (Real time : 0s)
[EFX-0000 INFO] ... Hierarchical pre-synthesis "efnet_octet_to_word" begin
[EFX-0000 INFO] ... Hierarchical pre-synthesis "efnet_octet_to_word" end (Real time : 0s)
[EFX-0000 INFO] ... Hierarchical pre-synthesis "efb_uart_trace_mem(width=32,samples=512)" begin
[EFX-0000 INFO] ... Hierarchical pre-synthesis "efb_uart_trace_mem(width=32,samples=512)" end (Real time : 0s)
[EFX-0000 INFO] ... Hierarchical pre-synthesis "efb_uart_tx(15,0)" begin
[EFX-0000 INFO] ... Hierarchical pre-synthesis "efb_uart_tx(15,0)" end (Real time : 0s)
[EFX-0000 INFO] ... Hierarchical pre-synthesis "efnet_word_to_octet" begin
[EFX-0000 INFO] ... Hierarchical pre-synthesis "efnet_word_to_octet" end (Real time : 0s)
[EFX-0000 INFO] ... Hierarchical pre-synthesis "efnet_data_array_inject(0,0)(31,0)(0,0)(0,0)(9,0)(7,0)" begin
[EFX-0000 INFO] ... Hierarchical pre-synthesis "efnet_data_array_inject(0,0)(31,0)(0,0)(0,0)(9,0)(7,0)" end (Real time : 0s)
[EFX-0000 INFO] ... Hierarchical pre-synthesis "fnet_crc32" begin
[EFX-0000 INFO] ... Hierarchical pre-synthesis "fnet_crc32" end (Real time : 0s)
[EFX-0000 INFO] ... Hierarchical pre-synthesis "fnet_in_state" begin
[EFX-0000 INFO] ... Hierarchical pre-synthesis "fnet_in_state" end (Real time : 1s)
[EFX-0000 INFO] ... Hierarchical pre-synthesis "fnet_dyn_control" begin
[EFX-0000 INFO] ... Hierarchical pre-synthesis "fnet_dyn_control" end (Real time : 0s)
[EFX-0000 INFO] ... Hierarchical pre-synthesis "fnet_ntp_query_control" begin
[EFX-0000 INFO] ... Hierarchical pre-synthesis "fnet_ntp_query_control" end (Real time : 0s)
[EFX-0000 INFO] ... Hierarchical pre-synthesis "fnet_packet_gen" begin
[EFX-0000 INFO] ... Hierarchical pre-synthesis "fnet_packet_gen" end (Real time : 0s)
[EFX-0000 INFO] ... Hierarchical pre-synthesis "fnet_out_state" begin
[EFX-0000 INFO] ... Hierarchical pre-synthesis "fnet_out_state" end (Real time : 0s)
[EFX-0000 INFO] ... Hierarchical pre-synthesis "fnet_out_pipeline" begin
[EFX-0000 INFO] ... Hierarchical pre-synthesis "fnet_out_pipeline" end (Real time : 0s)
[EFX-0000 INFO] ... Hierarchical pre-synthesis "fnet_regaccess" begin
[EFX-0000 INFO] ... Hierarchical pre-synthesis "fnet_regaccess" end (Real time : 0s)
[EFX-0000 INFO] ... Hierarchical pre-synthesis "ram_block_a11d16" begin
[EFX-0000 INFO] ... Hierarchical pre-synthesis "ram_block_a11d16" end (Real time : 0s)
[EFX-0000 INFO] ... Hierarchical pre-synthesis "fnet_local_reg(test_regs=true,lcl_data_gen=true,limit_payload_window=true,debug_regs=true,debug_counters=true,compiletime=1)" begin
[EFX-0000 INFO] ... Hierarchical pre-synthesis "fnet_local_reg(test_regs=true,lcl_data_gen=true,limit_payload_window=true,debug_regs=true,debug_counters=true,compiletime=1)" end (Real time : 0s)
[EFX-0000 INFO] ... Hierarchical pre-synthesis "fnet_tcp_state(data_bufsize_addrbits=13)" begin
[EFX-0000 INFO] ... Hierarchical pre-synthesis "fnet_tcp_state(data_bufsize_addrbits=13)" end (Real time : 0s)
[EFX-0000 INFO] ... Hierarchical pre-synthesis "fnet_tcp_control(data_bufsize_addrbits=13)" begin
[EFX-0000 INFO] ... Hierarchical pre-synthesis "fnet_tcp_control(data_bufsize_addrbits=13)" end (Real time : 0s)
[EFX-0000 INFO] ... Hierarchical pre-synthesis "fnet_tcp_prepare(data_bufsize_addrbits=13)(12,0)(31,0)" begin
[EFX-0000 INFO] ... Hierarchical pre-synthesis "fnet_tcp_prepare(data_bufsize_addrbits=13)(12,0)(31,0)" end (Real time : 0s)
[EFX-0000 INFO] ... Hierarchical pre-synthesis "fnet_tcp_buffer(data_bufsize_addrbits=13)(9,0)(7,0)(7,0)(5,0)(12,0)(31,0)" begin
[EFX-0000 INFO] ... Hierarchical pre-synthesis "fnet_tcp_buffer(data_bufsize_addrbits=13)(9,0)(7,0)(7,0)(5,0)(12,0)(31,0)" end (Real time : 0s)
[EFX-0000 INFO] ... Hierarchical pre-synthesis "fnet_test_datagen(data_bufsize_addrbits=13)" begin
[EFX-0000 INFO] ... Hierarchical pre-synthesis "fnet_test_datagen(data_bufsize_addrbits=13)" end (Real time : 0s)
[EFX-0000 INFO] ... Hierarchical pre-synthesis "fnet_ram_block_data(addrbits=13)" begin
[EFX-0000 INFO] ... Hierarchical pre-synthesis "fnet_ram_block_data(addrbits=13)" end (Real time : 0s)
[EFX-0000 INFO] ... Hierarchical pre-synthesis "fnet_ram_block_stat" begin
[EFX-0000 INFO] ... Hierarchical pre-synthesis "fnet_ram_block_stat" end (Real time : 0s)
[EFX-0000 INFO] ... Hierarchical pre-synthesis "fnet_regacc_aux_stat" begin
[EFX-0000 INFO] ... Hierarchical pre-synthesis "fnet_regacc_aux_stat" end (Real time : 0s)
[EFX-0000 INFO] ... Hierarchical pre-synthesis "fnet_mdio" begin
[EFX-0000 INFO] ... Hierarchical pre-synthesis "fnet_mdio" end (Real time : 0s)
[EFX-0000 INFO] ... Hierarchical pre-synthesis "fakernet_module(data_bufsize_addrbits=13,compiletime=1)(9,0)(7,0)" begin
[EFX-0000 INFO] ... Hierarchical pre-synthesis "fakernet_module(data_bufsize_addrbits=13,compiletime=1)(9,0)(7,0)" end (Real time : 1s)
[EFX-0000 INFO] ... Hierarchical pre-synthesis "efb_common_top(clk_freq=125000000)(0,-1)(31,0)(0,-1)(0,-1)" begin
[EFX-0000 INFO] ... Hierarchical pre-synthesis "efb_common_top(clk_freq=125000000)(0,-1)(31,0)(0,-1)(0,-1)" end (Real time : 1s)
[EFX-0000 INFO] ... Hierarchical pre-synthesis "edb_top" begin
[EFX-0000 INFO] ... Hierarchical pre-synthesis "edb_top" end (Real time : 0s)
[EFX-0000 INFO] ... Hierarchical pre-synthesis "fnetriong" begin
[EFX-0000 INFO] ... Clock Enable Synthesis Performed on 694 flops.
[EFX-0000 INFO] ... Hierarchical pre-synthesis "fnetriong" end (Real time : 1s)
[EFX-0201 WARNING] Re-wiring to GND non-driven net 't/fakernet/dp_ram_arp_icmp.port_a.o.rd'. (E:\Efinity\project\fnetriong\fakernet_module.vhd:145)
[EFX-0201 WARNING] Re-wiring to GND non-driven net 't/fakernet/dp_ram_pkt_gen.port_a.o.rd'. (E:\Efinity\project\fnetriong\fakernet_module.vhd:146)
[EFX-0201 WARNING] Re-wiring to GND non-driven net 't/fakernet/dp_ram_udp_regacc.port_a.o.rd'. (E:\Efinity\project\fnetriong\fakernet_module.vhd:147)
[EFX-0201 WARNING] Re-wiring to GND non-driven net 't/fakernet/dp_ram_udp_regacc.port_b.o.wr'. (E:\Efinity\project\fnetriong\fakernet_module.vhd:147)
[EFX-0201 WARNING] Re-wiring to GND non-driven net 't/fakernet/dp_ram_udp_regidp.port_a.o.rd'. (E:\Efinity\project\fnetriong\fakernet_module.vhd:148)
[EFX-0201 WARNING] Re-wiring to GND non-driven net 't/fakernet/dp_ram_tcp_template.port_a.o.rd'. (E:\Efinity\project\fnetriong\fakernet_module.vhd:151)
[EFX-0000 INFO] ... Flat optimizations begin
[EFX-0000 INFO] ... Flat optimizations end (Real time : 0s)
[EFX-0000 INFO] ... Flat synthesis begin
[EFX-0000 INFO] ... Flat synthesis end (Real time : 0s)
[EFX-0000 INFO] ... Flat optimizations begin
[EFX-0000 INFO] ... Flat optimizations end (Real time : 1s)
[EFX-0000 INFO] ... Check and break combinational loops begin
[EFX-0000 INFO] ... Check and break combinational loops end (Real time : 0s)
[EFX-0000 INFO] ... Sequential Optimization begin
[EFX-0000 INFO] ... Clock Network clk with 3797 loads will be considered for sequential optimization.
[EFX-0000 INFO] ... Clock Network jtag_inst1_TCK with 461 loads will be considered for sequential optimization.
[EFX-0000 INFO] ... Clock Network eth_rx_clk with 45 loads will be considered for sequential optimization.
[EFX-0000 INFO] ... Sequential Optimization deduced 501 equivalent points.
[EFX-0000 INFO] ... Sequential Optimization end (Real time : 19s)
[EFX-0000 INFO] ... SOP modeling begin
[EFX-0000 INFO] ... SOP modeling end (Real time : 0s)
[EFX-0000 INFO] ... LUT mapping begin
[EFX-0000 INFO] ... LS, strategy: 3, nd: 4597, ed: 15144, lv: 7, pw: 12756.67
[EFX-0000 INFO] ... LUT mapping end (Real time : 15s)
[EFX-0000 INFO] ... Post-synthesis Verific netlist creation begin
[EFX-0000 INFO] ... Post-synthesis Verific netlist creation end (Real time : 1s)
[EFX-0000 INFO] ... Postmap Retiming Optimization begin
[EFX-0000 INFO] ... Clock Network n3 with 3683 loads will be considered for retiming optimization.
[EFX-0000 INFO] ... Clock Network n25 with 461 loads will be considered for retiming optimization.
[EFX-0000 INFO] ... Clock Network n13 with 45 loads will be considered for retiming optimization.
[EFX-0000 INFO] ... Performed 2 retime moves.
[EFX-0000 INFO] ... Postmap Retiming Optimization end (Real time : 0s)
[EFX-0000 INFO] ... Post-synthesis Verific netlist unification/params processing begin
[EFX-0000 INFO] ... Post-synthesis Verific netlist unification/params processing end (Real time : 0s)
[EFX-0000 INFO] Resource Summary 
[EFX-0000 INFO] =============================== 
[EFX-0000 INFO] EFX_ADD         : 	683
[EFX-0000 INFO] EFX_LUT4        : 	5298
[EFX-0000 INFO] EFX_FF          : 	4059
[EFX-0000 INFO] EFX_RAM_5K      : 	111
[EFX-0000 INFO] EFX_DPRAM_5K    : 	4
[EFX-0000 INFO] EFX_GBUFCE      : 	3
[EFX-0000 INFO] =============================== 
