
///////////////////////////////////
// Efinity Synthesis Started 
// Mar 07, 2023 14:44:10
///////////////////////////////////

[EFX-0011 VERI-WARNING] port 'probe5' remains unconnected for this instance (VERI-1927) (E:/Efinity/project/fnetriong/work_dbg/debug_top.v:120)
[EFX-0011 VERI-WARNING] expression size 256 truncated to fit in target size 64 (VERI-1209) (E:/Efinity/project/fnetriong/work_dbg/debug_top.v:3589)
[EFX-0011 VERI-WARNING] input port 'probe5[0]' remains unconnected for this instance (VDB-1053) (E:/Efinity/project/fnetriong/work_dbg/debug_top.v:95)
[EFX-0200 WARNING] Removing redundant signal : compared_in[0]. (E:/Efinity/project/fnetriong/work_dbg/debug_top.v:5459)
[EFX-0200 WARNING] Removing redundant signal : mask_in[0]. (E:/Efinity/project/fnetriong/work_dbg/debug_top.v:5460)
[EFX-0200 WARNING] Removing redundant signal : trigger_in. (E:/Efinity/project/fnetriong/work_dbg/debug_top.v:5670)
[EFX-0200 WARNING] Removing redundant signal : din[21]. (E:/Efinity/project/fnetriong/work_dbg/debug_top.v:4562)
[EFX-0200 WARNING] Removing redundant signal : trig_out. (E:/Efinity/project/fnetriong/work_dbg/debug_top.v:4841)
[EFX-0200 WARNING] Removing redundant signal : trig_out_ack. (E:/Efinity/project/fnetriong/work_dbg/debug_top.v:4842)
[EFX-0200 WARNING] Removing redundant signal : bscan_DRCK. (E:/Efinity/project/fnetriong/work_dbg/debug_top.v:1026)
[EFX-0200 WARNING] Removing redundant signal : bscan_RUNTEST. (E:/Efinity/project/fnetriong/work_dbg/debug_top.v:1028)
[EFX-0200 WARNING] Removing redundant signal : bscan_SEL. (E:/Efinity/project/fnetriong/work_dbg/debug_top.v:1029)
[EFX-0200 WARNING] Removing redundant signal : bscan_TMS. (E:/Efinity/project/fnetriong/work_dbg/debug_top.v:1033)
[EFX-0200 WARNING] Removing redundant signal : trig_in_ack. (E:/Efinity/project/fnetriong/work_dbg/debug_top.v:1044)
[EFX-0200 WARNING] Removing redundant signal : mux_capture_cmp[4]. (E:/Efinity/project/fnetriong/work_dbg/debug_top.v:3450)
[EFX-0200 WARNING] Removing redundant signal : mux_capture_cmp[3]. (E:/Efinity/project/fnetriong/work_dbg/debug_top.v:3450)
[EFX-0200 WARNING] Removing redundant signal : mux_capture_cmp[2]. (E:/Efinity/project/fnetriong/work_dbg/debug_top.v:3450)
[EFX-0200 WARNING] Removing redundant signal : mux_capture_cmp[1]. (E:/Efinity/project/fnetriong/work_dbg/debug_top.v:3450)
[EFX-0200 WARNING] Removing redundant signal : mux_capture_cmp[0]. (E:/Efinity/project/fnetriong/work_dbg/debug_top.v:3450)
[EFX-0200 WARNING] Removing redundant signal : bscan_CAPTURE. (E:/Efinity/project/fnetriong/work_dbg/debug_top.v:277)
[EFX-0200 WARNING] Removing redundant signal : bscan_DRCK. (E:/Efinity/project/fnetriong/work_dbg/debug_top.v:278)
[EFX-0200 WARNING] Removing redundant signal : bscan_RUNTEST. (E:/Efinity/project/fnetriong/work_dbg/debug_top.v:280)
[EFX-0200 WARNING] Removing redundant signal : bscan_TMS. (E:/Efinity/project/fnetriong/work_dbg/debug_top.v:285)
[EFX-0266 WARNING] Module Instance 'la0' input pin tied to constant (trig_in=0).
[EFX-0266 WARNING] Module Instance 'la0' input pin tied to constant (trig_out_ack=0).
[EFX-0201 WARNING] Re-wiring to GND non-driven net 'la0.probe5[0]'. (E:/Efinity/project/fnetriong/work_dbg/debug_top.v:95)
[EFX-0201 WARNING] Re-wiring to GND non-driven net 'la0.probe6[0]'. (E:/Efinity/project/fnetriong/work_dbg/debug_top.v:95)
[EFX-0201 WARNING] Re-wiring to GND non-driven net 'la0.probe7[0]'. (E:/Efinity/project/fnetriong/work_dbg/debug_top.v:95)
[EFX-0201 WARNING] Re-wiring to GND non-driven net 'la0.probe8[0]'. (E:/Efinity/project/fnetriong/work_dbg/debug_top.v:95)
[EFX-0201 WARNING] Re-wiring to GND non-driven net 'la0.probe9[0]'. (E:/Efinity/project/fnetriong/work_dbg/debug_top.v:95)
[EFX-0201 WARNING] Re-wiring to GND non-driven net 'la0.probe10[0]'. (E:/Efinity/project/fnetriong/work_dbg/debug_top.v:95)
[EFX-0201 WARNING] Re-wiring to GND non-driven net 'la0.probe11[0]'. (E:/Efinity/project/fnetriong/work_dbg/debug_top.v:95)
[EFX-0201 WARNING] Re-wiring to GND non-driven net 'la0.probe12[0]'. (E:/Efinity/project/fnetriong/work_dbg/debug_top.v:95)
[EFX-0201 WARNING] Re-wiring to GND non-driven net 'la0.probe13[0]'. (E:/Efinity/project/fnetriong/work_dbg/debug_top.v:95)
[EFX-0201 WARNING] Re-wiring to GND non-driven net 'la0.probe14[0]'. (E:/Efinity/project/fnetriong/work_dbg/debug_top.v:95)
[EFX-0011 VERI-WARNING] Input/Inout Port bscan_DRCK is unconnected and will be removed 
[EFX-0011 VERI-WARNING] Input/Inout Port bscan_RUNTEST is unconnected and will be removed 
[EFX-0011 VERI-WARNING] Input/Inout Port bscan_TMS is unconnected and will be removed 

///////////////////////////////////
// Efinity Synthesis Started 
// Mar 07, 2023 14:44:30
///////////////////////////////////

[EFX-0266 WARNING] Module Instance 'fifo' input pin tied to constant (out_want_b=1).
[EFX-0200 WARNING] Removing redundant signal : start_found. (E:\Efinity\project\fnetriong\efnet_octet_to_word.vhd:60)
[EFX-0200 WARNING] Removing redundant signal : packet_start. (E:\Efinity\project\fnetriong\efnet_octet_to_word.vhd:62)
[EFX-0200 WARNING] Removing redundant signal : packet_end. (E:\Efinity\project\fnetriong\efnet_octet_to_word.vhd:63)
[EFX-0200 WARNING] Removing redundant signal : word[15]. (E:\Efinity\project\fnetriong\efnet_octet_to_word.vhd:65)
[EFX-0200 WARNING] Removing redundant signal : word[14]. (E:\Efinity\project\fnetriong\efnet_octet_to_word.vhd:65)
[EFX-0200 WARNING] Removing redundant signal : word[13]. (E:\Efinity\project\fnetriong\efnet_octet_to_word.vhd:65)
[EFX-0200 WARNING] Removing redundant signal : word[12]. (E:\Efinity\project\fnetriong\efnet_octet_to_word.vhd:65)
[EFX-0200 WARNING] Removing redundant signal : word[11]. (E:\Efinity\project\fnetriong\efnet_octet_to_word.vhd:65)
[EFX-0200 WARNING] Removing redundant signal : word[10]. (E:\Efinity\project\fnetriong\efnet_octet_to_word.vhd:65)
[EFX-0200 WARNING] Removing redundant signal : word[9]. (E:\Efinity\project\fnetriong\efnet_octet_to_word.vhd:65)
[EFX-0200 WARNING] Removing redundant signal : word[8]. (E:\Efinity\project\fnetriong\efnet_octet_to_word.vhd:65)
[EFX-0200 WARNING] Removing redundant signal : word[7]. (E:\Efinity\project\fnetriong\efnet_octet_to_word.vhd:65)
[EFX-0200 WARNING] Removing redundant signal : word[6]. (E:\Efinity\project\fnetriong\efnet_octet_to_word.vhd:65)
[EFX-0200 WARNING] Removing redundant signal : word[5]. (E:\Efinity\project\fnetriong\efnet_octet_to_word.vhd:65)
[EFX-0200 WARNING] Removing redundant signal : word[4]. (E:\Efinity\project\fnetriong\efnet_octet_to_word.vhd:65)
[EFX-0200 WARNING] Removing redundant signal : word[3]. (E:\Efinity\project\fnetriong\efnet_octet_to_word.vhd:65)
[EFX-0200 WARNING] Removing redundant signal : word[2]. (E:\Efinity\project\fnetriong\efnet_octet_to_word.vhd:65)
[EFX-0200 WARNING] Removing redundant signal : word[1]. (E:\Efinity\project\fnetriong\efnet_octet_to_word.vhd:65)
[EFX-0200 WARNING] Removing redundant signal : word[0]. (E:\Efinity\project\fnetriong\efnet_octet_to_word.vhd:65)
[EFX-0200 WARNING] Removing redundant signal : octet_counter[0]. (E:\Efinity\project\fnetriong\efnet_octet_to_word.vhd:66)
[EFX-0266 WARNING] Module Instance 'out_sm' input pin tied to constant (idx_tcp_prep[0][31]=0).
[EFX-0266 WARNING] Module Instance 'out_sm' input pin tied to constant (idx_tcp_prep[0][30]=0).
[EFX-0266 WARNING] Module Instance 'out_sm' input pin tied to constant (idx_tcp_prep[0][29]=0).
[EFX-0266 WARNING] Module Instance 'out_sm' input pin tied to constant (idx_tcp_prep[0][28]=0).
[EFX-0266 WARNING] Module Instance 'out_sm' input pin tied to constant (idx_tcp_prep[0][27]=0).
[EFX-0266 WARNING] Module Instance 'out_sm' input pin tied to constant (idx_tcp_prep[0][26]=0).
[EFX-0266 WARNING] Module Instance 'out_sm' input pin tied to constant (idx_tcp_prep[0][25]=0).
[EFX-0266 WARNING] Module Instance 'out_sm' input pin tied to constant (idx_tcp_prep[0][24]=0).
[EFX-0266 WARNING] Module Instance 'out_sm' input pin tied to constant (idx_tcp_prep[0][23]=0).
[EFX-0266 WARNING] Module Instance 'out_sm' input pin tied to constant (idx_tcp_prep[0][22]=0).
[EFX-0266 WARNING] Module Instance 'out_sm' input pin tied to constant (idx_tcp_prep[0][21]=0).
[EFX-0266 WARNING] Module Instance 'out_sm' input pin tied to constant (idx_tcp_prep[0][20]=0).
[EFX-0266 WARNING] Module Instance 'out_sm' input pin tied to constant (idx_tcp_prep[0][19]=0).
[EFX-0266 WARNING] Module Instance 'out_sm' input pin tied to constant (idx_tcp_prep[0][18]=0).
[EFX-0266 WARNING] Module Instance 'out_sm' input pin tied to constant (idx_tcp_prep[0][17]=0).
[EFX-0266 WARNING] Module Instance 'out_sm' input pin tied to constant (idx_tcp_prep[0][16]=0).
[EFX-0266 WARNING] Module Instance 'out_sm' input pin tied to constant (idx_tcp_prep[0][15]=0).
[EFX-0266 WARNING] Module Instance 'out_sm' input pin tied to constant (idx_tcp_prep[0][14]=0).
[EFX-0266 WARNING] Module Instance 'out_sm' input pin tied to constant (idx_tcp_prep[0][13]=0).
[EFX-0266 WARNING] Module Instance 'out_sm' input pin tied to constant (idx_tcp_prep[0][12]=0).
[EFX-0266 WARNING] Module Instance 'out_sm' input pin tied to constant (idx_tcp_prep[0][11]=0).
[EFX-0266 WARNING] Module Instance 'out_sm' input pin tied to constant (idx_tcp_prep[0][10]=0).
[EFX-0266 WARNING] Module Instance 'out_sm' input pin tied to constant (idx_tcp_prep[0][9]=0).
[EFX-0266 WARNING] Module Instance 'out_sm' input pin tied to constant (idx_tcp_prep[0][8]=0).
[EFX-0266 WARNING] Module Instance 'out_sm' input pin tied to constant (idx_tcp_prep[0][7]=0).
[EFX-0266 WARNING] Module Instance 'out_sm' input pin tied to constant (idx_tcp_prep[0][6]=0).
[EFX-0266 WARNING] Module Instance 'out_sm' input pin tied to constant (idx_tcp_prep[0][5]=0).
[EFX-0266 WARNING] Module Instance 'out_sm' input pin tied to constant (idx_tcp_prep[0][4]=0).
[EFX-0266 WARNING] Module Instance 'out_sm' input pin tied to constant (idx_tcp_prep[0][3]=0).
[EFX-0266 WARNING] Module Instance 'out_sm' input pin tied to constant (idx_tcp_prep[0][2]=1).
[EFX-0266 WARNING] Module Instance 'out_sm' input pin tied to constant (idx_tcp_prep[0][1]=0).
[EFX-0266 WARNING] Module Instance 'out_sm' input pin tied to constant (idx_tcp_prep[0][0]=1).
[EFX-0266 WARNING] Module Instance 'out_sm' input pin tied to constant (idx_tcp_prep[1][31]=0).
[EFX-0266 WARNING] Module Instance 'out_sm' input pin tied to constant (idx_tcp_prep[1][30]=0).
[EFX-0266 WARNING] Module Instance 'out_sm' input pin tied to constant (idx_tcp_prep[1][29]=0).
[EFX-0266 WARNING] Module Instance 'out_sm' input pin tied to constant (idx_tcp_prep[1][28]=0).
[EFX-0266 WARNING] Module Instance 'out_sm' input pin tied to constant (idx_tcp_prep[1][27]=0).
[EFX-0266 WARNING] Module Instance 'out_sm' input pin tied to constant (idx_tcp_prep[1][26]=0).
[EFX-0266 WARNING] Module Instance 'out_sm' input pin tied to constant (idx_tcp_prep[1][25]=0).
[EFX-0266 WARNING] Module Instance 'out_sm' input pin tied to constant (idx_tcp_prep[1][24]=0).
[EFX-0266 WARNING] Module Instance 'out_sm' input pin tied to constant (idx_tcp_prep[1][23]=0).
[EFX-0266 WARNING] Module Instance 'out_sm' input pin tied to constant (idx_tcp_prep[1][22]=0).
[EFX-0266 WARNING] Module Instance 'out_sm' input pin tied to constant (idx_tcp_prep[1][21]=0).
[EFX-0266 WARNING] Module Instance 'out_sm' input pin tied to constant (idx_tcp_prep[1][20]=0).
[EFX-0266 WARNING] Module Instance 'out_sm' input pin tied to constant (idx_tcp_prep[1][19]=0).
[EFX-0266 WARNING] Module Instance 'out_sm' input pin tied to constant (idx_tcp_prep[1][18]=0).
[EFX-0266 WARNING] Module Instance 'out_sm' input pin tied to constant (idx_tcp_prep[1][17]=0).
[EFX-0266 WARNING] Module Instance 'out_sm' input pin tied to constant (idx_tcp_prep[1][16]=0).
[EFX-0266 WARNING] Module Instance 'out_sm' input pin tied to constant (idx_tcp_prep[1][15]=0).
[EFX-0266 WARNING] Module Instance 'out_sm' input pin tied to constant (idx_tcp_prep[1][14]=0).
[EFX-0266 WARNING] Module Instance 'out_sm' input pin tied to constant (idx_tcp_prep[1][13]=0).
[EFX-0266 WARNING] Module Instance 'out_sm' input pin tied to constant (idx_tcp_prep[1][12]=0).
[EFX-0266 WARNING] Module Instance 'out_sm' input pin tied to constant (idx_tcp_prep[1][11]=0).
[EFX-0266 WARNING] Module Instance 'out_sm' input pin tied to constant (idx_tcp_prep[1][10]=0).
[EFX-0266 WARNING] Module Instance 'out_sm' input pin tied to constant (idx_tcp_prep[1][9]=0).
[EFX-0266 WARNING] Module Instance 'out_sm' input pin tied to constant (idx_tcp_prep[1][8]=0).
[EFX-0266 WARNING] Module Instance 'out_sm' input pin tied to constant (idx_tcp_prep[1][7]=0).
[EFX-0266 WARNING] Module Instance 'out_sm' input pin tied to constant (idx_tcp_prep[1][6]=0).
[EFX-0266 WARNING] Module Instance 'out_sm' input pin tied to constant (idx_tcp_prep[1][5]=0).
[EFX-0266 WARNING] Module Instance 'out_sm' input pin tied to constant (idx_tcp_prep[1][4]=0).
[EFX-0266 WARNING] Module Instance 'out_sm' input pin tied to constant (idx_tcp_prep[1][3]=0).
[EFX-0266 WARNING] Module Instance 'out_sm' input pin tied to constant (idx_tcp_prep[1][2]=1).
[EFX-0266 WARNING] Module Instance 'out_sm' input pin tied to constant (idx_tcp_prep[1][1]=1).
[EFX-0266 WARNING] Module Instance 'out_sm' input pin tied to constant (idx_tcp_prep[1][0]=0).
[EFX-0266 WARNING] Module Instance 'out_sm' input pin tied to constant (idx_gen[31]=0).
[EFX-0266 WARNING] Module Instance 'out_sm' input pin tied to constant (idx_gen[30]=0).
[EFX-0266 WARNING] Module Instance 'out_sm' input pin tied to constant (idx_gen[29]=0).
[EFX-0266 WARNING] Module Instance 'out_sm' input pin tied to constant (idx_gen[28]=0).
[EFX-0266 WARNING] Module Instance 'out_sm' input pin tied to constant (idx_gen[27]=0).
[EFX-0266 WARNING] Module Instance 'out_sm' input pin tied to constant (idx_gen[26]=0).
[EFX-0266 WARNING] Module Instance 'out_sm' input pin tied to constant (idx_gen[25]=0).
[EFX-0266 WARNING] Module Instance 'out_sm' input pin tied to constant (idx_gen[24]=0).
[EFX-0266 WARNING] Module Instance 'out_sm' input pin tied to constant (idx_gen[23]=0).
[EFX-0266 WARNING] Module Instance 'out_sm' input pin tied to constant (idx_gen[22]=0).
[EFX-0266 WARNING] Module Instance 'out_sm' input pin tied to constant (idx_gen[21]=0).
[EFX-0266 WARNING] Module Instance 'out_sm' input pin tied to constant (idx_gen[20]=0).
[EFX-0266 WARNING] Module Instance 'out_sm' input pin tied to constant (idx_gen[19]=0).
[EFX-0266 WARNING] Module Instance 'out_sm' input pin tied to constant (idx_gen[18]=0).
[EFX-0266 WARNING] Module Instance 'out_sm' input pin tied to constant (idx_gen[17]=0).
[EFX-0266 WARNING] Module Instance 'out_sm' input pin tied to constant (idx_gen[16]=0).
[EFX-0266 WARNING] Module Instance 'out_sm' input pin tied to constant (idx_gen[15]=0).
[EFX-0266 WARNING] Module Instance 'out_sm' input pin tied to constant (idx_gen[14]=0).
[EFX-0266 WARNING] Module Instance 'out_sm' input pin tied to constant (idx_gen[13]=0).
[EFX-0266 WARNING] Module Instance 'out_sm' input pin tied to constant (idx_gen[12]=0).
[EFX-0266 WARNING] Module Instance 'out_sm' input pin tied to constant (idx_gen[11]=0).
[EFX-0266 WARNING] Module Instance 'out_sm' input pin tied to constant (idx_gen[10]=0).
[EFX-0266 WARNING] Module Instance 'out_sm' input pin tied to constant (idx_gen[9]=0).
[EFX-0266 WARNING] Module Instance 'out_sm' input pin tied to constant (idx_gen[8]=0).
[EFX-0266 WARNING] Module Instance 'out_sm' input pin tied to constant (idx_gen[7]=0).
[EFX-0266 WARNING] Module Instance 'out_sm' input pin tied to constant (idx_gen[6]=0).
[EFX-0266 WARNING] Module Instance 'out_sm' input pin tied to constant (idx_gen[5]=0).
[EFX-0266 WARNING] Module Instance 'out_sm' input pin tied to constant (idx_gen[4]=0).
[EFX-0266 WARNING] Module Instance 'out_sm' input pin tied to constant (idx_gen[3]=0).
[EFX-0266 WARNING] Module Instance 'out_sm' input pin tied to constant (idx_gen[2]=0).
[EFX-0266 WARNING] Module Instance 'out_sm' input pin tied to constant (idx_gen[1]=0).
[EFX-0266 WARNING] Module Instance 'out_sm' input pin tied to constant (idx_gen[0]=1).
[EFX-0266 WARNING] Module Instance 'mdio' input pin tied to constant (b_req_data[31]=0).
[EFX-0266 WARNING] Module Instance 'mdio' input pin tied to constant (b_req_data[30]=0).
[EFX-0266 WARNING] Module Instance 'mdio' input pin tied to constant (b_req_data[29]=0).
[EFX-0201 WARNING] Re-wiring to GND non-driven net 'ram_udp_regidp.prod2.set_again'. (E:\Efinity\project\fnetriong\fakernet_module.vhd:134)
[EFX-0201 WARNING] Re-wiring to GND non-driven net 'ram_tcp_template.prod2.set_again'. (E:\Efinity\project\fnetriong\fakernet_module.vhd:136)
[EFX-0201 WARNING] Re-wiring to GND non-driven net 'ram_tcp_prep2[0].prod2.set_again'. (E:\Efinity\project\fnetriong\fakernet_module.vhd:137)
[EFX-0201 WARNING] Re-wiring to GND non-driven net 'ram_tcp_prep2[1].prod2.set_again'. (E:\Efinity\project\fnetriong\fakernet_module.vhd:137)
[EFX-0201 WARNING] Re-wiring to GND non-driven net 't/fakernet/dp_ram_arp_icmp.port_a.o.rd'. (E:\Efinity\project\fnetriong\fakernet_module.vhd:144)
[EFX-0201 WARNING] Re-wiring to GND non-driven net 't/fakernet/dp_ram_pkt_gen.port_a.o.rd'. (E:\Efinity\project\fnetriong\fakernet_module.vhd:145)
[EFX-0201 WARNING] Re-wiring to GND non-driven net 't/fakernet/dp_ram_udp_regacc.port_a.o.rd'. (E:\Efinity\project\fnetriong\fakernet_module.vhd:146)
[EFX-0201 WARNING] Re-wiring to GND non-driven net 't/fakernet/dp_ram_udp_regacc.port_b.o.wr'. (E:\Efinity\project\fnetriong\fakernet_module.vhd:146)
[EFX-0201 WARNING] Re-wiring to GND non-driven net 't/fakernet/dp_ram_udp_regidp.port_a.o.rd'. (E:\Efinity\project\fnetriong\fakernet_module.vhd:147)
[EFX-0201 WARNING] Re-wiring to GND non-driven net 't/fakernet/dp_ram_tcp_template.port_a.o.rd'. (E:\Efinity\project\fnetriong\fakernet_module.vhd:150)

///////////////////////////////////
// Efinity Synthesis Started 
// Mar 07, 2023 15:17:17
///////////////////////////////////

[EFX-0011 VERI-WARNING] port 'probe5' remains unconnected for this instance (VERI-1927) (E:/Efinity/project/fnetriong/work_dbg/debug_top.v:120)
[EFX-0011 VERI-WARNING] expression size 256 truncated to fit in target size 64 (VERI-1209) (E:/Efinity/project/fnetriong/work_dbg/debug_top.v:3589)
[EFX-0011 VERI-WARNING] input port 'probe5[0]' remains unconnected for this instance (VDB-1053) (E:/Efinity/project/fnetriong/work_dbg/debug_top.v:95)
[EFX-0200 WARNING] Removing redundant signal : compared_in[0]. (E:/Efinity/project/fnetriong/work_dbg/debug_top.v:5459)
[EFX-0200 WARNING] Removing redundant signal : mask_in[0]. (E:/Efinity/project/fnetriong/work_dbg/debug_top.v:5460)
[EFX-0200 WARNING] Removing redundant signal : trigger_in. (E:/Efinity/project/fnetriong/work_dbg/debug_top.v:5670)
[EFX-0200 WARNING] Removing redundant signal : din[21]. (E:/Efinity/project/fnetriong/work_dbg/debug_top.v:4562)
[EFX-0200 WARNING] Removing redundant signal : trig_out. (E:/Efinity/project/fnetriong/work_dbg/debug_top.v:4841)
[EFX-0200 WARNING] Removing redundant signal : trig_out_ack. (E:/Efinity/project/fnetriong/work_dbg/debug_top.v:4842)
[EFX-0200 WARNING] Removing redundant signal : bscan_DRCK. (E:/Efinity/project/fnetriong/work_dbg/debug_top.v:1026)
[EFX-0200 WARNING] Removing redundant signal : bscan_RUNTEST. (E:/Efinity/project/fnetriong/work_dbg/debug_top.v:1028)
[EFX-0200 WARNING] Removing redundant signal : bscan_SEL. (E:/Efinity/project/fnetriong/work_dbg/debug_top.v:1029)
[EFX-0200 WARNING] Removing redundant signal : bscan_TMS. (E:/Efinity/project/fnetriong/work_dbg/debug_top.v:1033)
[EFX-0200 WARNING] Removing redundant signal : trig_in_ack. (E:/Efinity/project/fnetriong/work_dbg/debug_top.v:1044)
[EFX-0200 WARNING] Removing redundant signal : mux_capture_cmp[4]. (E:/Efinity/project/fnetriong/work_dbg/debug_top.v:3450)
[EFX-0200 WARNING] Removing redundant signal : mux_capture_cmp[3]. (E:/Efinity/project/fnetriong/work_dbg/debug_top.v:3450)
[EFX-0200 WARNING] Removing redundant signal : mux_capture_cmp[2]. (E:/Efinity/project/fnetriong/work_dbg/debug_top.v:3450)
[EFX-0200 WARNING] Removing redundant signal : mux_capture_cmp[1]. (E:/Efinity/project/fnetriong/work_dbg/debug_top.v:3450)
[EFX-0200 WARNING] Removing redundant signal : mux_capture_cmp[0]. (E:/Efinity/project/fnetriong/work_dbg/debug_top.v:3450)
[EFX-0200 WARNING] Removing redundant signal : bscan_CAPTURE. (E:/Efinity/project/fnetriong/work_dbg/debug_top.v:277)
[EFX-0200 WARNING] Removing redundant signal : bscan_DRCK. (E:/Efinity/project/fnetriong/work_dbg/debug_top.v:278)
[EFX-0200 WARNING] Removing redundant signal : bscan_RUNTEST. (E:/Efinity/project/fnetriong/work_dbg/debug_top.v:280)
[EFX-0200 WARNING] Removing redundant signal : bscan_TMS. (E:/Efinity/project/fnetriong/work_dbg/debug_top.v:285)
[EFX-0266 WARNING] Module Instance 'la0' input pin tied to constant (trig_in=0).
[EFX-0266 WARNING] Module Instance 'la0' input pin tied to constant (trig_out_ack=0).
[EFX-0201 WARNING] Re-wiring to GND non-driven net 'la0.probe5[0]'. (E:/Efinity/project/fnetriong/work_dbg/debug_top.v:95)
[EFX-0201 WARNING] Re-wiring to GND non-driven net 'la0.probe6[0]'. (E:/Efinity/project/fnetriong/work_dbg/debug_top.v:95)
[EFX-0201 WARNING] Re-wiring to GND non-driven net 'la0.probe7[0]'. (E:/Efinity/project/fnetriong/work_dbg/debug_top.v:95)
[EFX-0201 WARNING] Re-wiring to GND non-driven net 'la0.probe8[0]'. (E:/Efinity/project/fnetriong/work_dbg/debug_top.v:95)
[EFX-0201 WARNING] Re-wiring to GND non-driven net 'la0.probe9[0]'. (E:/Efinity/project/fnetriong/work_dbg/debug_top.v:95)
[EFX-0201 WARNING] Re-wiring to GND non-driven net 'la0.probe10[0]'. (E:/Efinity/project/fnetriong/work_dbg/debug_top.v:95)
[EFX-0201 WARNING] Re-wiring to GND non-driven net 'la0.probe11[0]'. (E:/Efinity/project/fnetriong/work_dbg/debug_top.v:95)
[EFX-0201 WARNING] Re-wiring to GND non-driven net 'la0.probe12[0]'. (E:/Efinity/project/fnetriong/work_dbg/debug_top.v:95)
[EFX-0201 WARNING] Re-wiring to GND non-driven net 'la0.probe13[0]'. (E:/Efinity/project/fnetriong/work_dbg/debug_top.v:95)
[EFX-0201 WARNING] Re-wiring to GND non-driven net 'la0.probe14[0]'. (E:/Efinity/project/fnetriong/work_dbg/debug_top.v:95)
[EFX-0011 VERI-WARNING] Input/Inout Port bscan_DRCK is unconnected and will be removed 
[EFX-0011 VERI-WARNING] Input/Inout Port bscan_RUNTEST is unconnected and will be removed 
[EFX-0011 VERI-WARNING] Input/Inout Port bscan_TMS is unconnected and will be removed 

///////////////////////////////////
// Efinity Synthesis Started 
// Mar 07, 2023 15:17:37
///////////////////////////////////


///////////////////////////////////
// Efinity Synthesis Started 
// Mar 07, 2023 15:29:27
///////////////////////////////////

[EFX-0011 VERI-WARNING] port 'probe4' remains unconnected for this instance (VERI-1927) (E:/Efinity/project/fnetriong/work_dbg/debug_top.v:116)
[EFX-0011 VERI-WARNING] expression size 256 truncated to fit in target size 64 (VERI-1209) (E:/Efinity/project/fnetriong/work_dbg/debug_top.v:3585)
[EFX-0011 VERI-WARNING] input port 'probe4[0]' remains unconnected for this instance (VDB-1053) (E:/Efinity/project/fnetriong/work_dbg/debug_top.v:92)
[EFX-0200 WARNING] Removing redundant signal : compared_in[0]. (E:/Efinity/project/fnetriong/work_dbg/debug_top.v:5455)
[EFX-0200 WARNING] Removing redundant signal : mask_in[0]. (E:/Efinity/project/fnetriong/work_dbg/debug_top.v:5456)
[EFX-0200 WARNING] Removing redundant signal : trigger_in. (E:/Efinity/project/fnetriong/work_dbg/debug_top.v:5666)
[EFX-0200 WARNING] Removing redundant signal : din[17]. (E:/Efinity/project/fnetriong/work_dbg/debug_top.v:4558)
[EFX-0200 WARNING] Removing redundant signal : trig_out. (E:/Efinity/project/fnetriong/work_dbg/debug_top.v:4837)
[EFX-0200 WARNING] Removing redundant signal : trig_out_ack. (E:/Efinity/project/fnetriong/work_dbg/debug_top.v:4838)
[EFX-0200 WARNING] Removing redundant signal : bscan_DRCK. (E:/Efinity/project/fnetriong/work_dbg/debug_top.v:1022)
[EFX-0200 WARNING] Removing redundant signal : bscan_RUNTEST. (E:/Efinity/project/fnetriong/work_dbg/debug_top.v:1024)
[EFX-0200 WARNING] Removing redundant signal : bscan_SEL. (E:/Efinity/project/fnetriong/work_dbg/debug_top.v:1025)
[EFX-0200 WARNING] Removing redundant signal : bscan_TMS. (E:/Efinity/project/fnetriong/work_dbg/debug_top.v:1029)
[EFX-0200 WARNING] Removing redundant signal : trig_in_ack. (E:/Efinity/project/fnetriong/work_dbg/debug_top.v:1040)
[EFX-0200 WARNING] Removing redundant signal : mux_capture_cmp[3]. (E:/Efinity/project/fnetriong/work_dbg/debug_top.v:3446)
[EFX-0200 WARNING] Removing redundant signal : mux_capture_cmp[2]. (E:/Efinity/project/fnetriong/work_dbg/debug_top.v:3446)
[EFX-0200 WARNING] Removing redundant signal : mux_capture_cmp[1]. (E:/Efinity/project/fnetriong/work_dbg/debug_top.v:3446)
[EFX-0200 WARNING] Removing redundant signal : mux_capture_cmp[0]. (E:/Efinity/project/fnetriong/work_dbg/debug_top.v:3446)
[EFX-0200 WARNING] Removing redundant signal : bscan_CAPTURE. (E:/Efinity/project/fnetriong/work_dbg/debug_top.v:273)
[EFX-0200 WARNING] Removing redundant signal : bscan_DRCK. (E:/Efinity/project/fnetriong/work_dbg/debug_top.v:274)
[EFX-0200 WARNING] Removing redundant signal : bscan_RUNTEST. (E:/Efinity/project/fnetriong/work_dbg/debug_top.v:276)
[EFX-0200 WARNING] Removing redundant signal : bscan_TMS. (E:/Efinity/project/fnetriong/work_dbg/debug_top.v:281)
[EFX-0266 WARNING] Module Instance 'la0' input pin tied to constant (trig_in=0).
[EFX-0266 WARNING] Module Instance 'la0' input pin tied to constant (trig_out_ack=0).
[EFX-0201 WARNING] Re-wiring to GND non-driven net 'la0.probe4[0]'. (E:/Efinity/project/fnetriong/work_dbg/debug_top.v:92)
[EFX-0201 WARNING] Re-wiring to GND non-driven net 'la0.probe5[0]'. (E:/Efinity/project/fnetriong/work_dbg/debug_top.v:92)
[EFX-0201 WARNING] Re-wiring to GND non-driven net 'la0.probe6[0]'. (E:/Efinity/project/fnetriong/work_dbg/debug_top.v:92)
[EFX-0201 WARNING] Re-wiring to GND non-driven net 'la0.probe7[0]'. (E:/Efinity/project/fnetriong/work_dbg/debug_top.v:92)
[EFX-0201 WARNING] Re-wiring to GND non-driven net 'la0.probe8[0]'. (E:/Efinity/project/fnetriong/work_dbg/debug_top.v:92)
[EFX-0201 WARNING] Re-wiring to GND non-driven net 'la0.probe9[0]'. (E:/Efinity/project/fnetriong/work_dbg/debug_top.v:92)
[EFX-0201 WARNING] Re-wiring to GND non-driven net 'la0.probe10[0]'. (E:/Efinity/project/fnetriong/work_dbg/debug_top.v:92)
[EFX-0201 WARNING] Re-wiring to GND non-driven net 'la0.probe11[0]'. (E:/Efinity/project/fnetriong/work_dbg/debug_top.v:92)
[EFX-0201 WARNING] Re-wiring to GND non-driven net 'la0.probe12[0]'. (E:/Efinity/project/fnetriong/work_dbg/debug_top.v:92)
[EFX-0201 WARNING] Re-wiring to GND non-driven net 'la0.probe13[0]'. (E:/Efinity/project/fnetriong/work_dbg/debug_top.v:92)
[EFX-0011 VERI-WARNING] Input/Inout Port bscan_DRCK is unconnected and will be removed 
[EFX-0011 VERI-WARNING] Input/Inout Port bscan_RUNTEST is unconnected and will be removed 
[EFX-0011 VERI-WARNING] Input/Inout Port bscan_TMS is unconnected and will be removed 

///////////////////////////////////
// Efinity Synthesis Started 
// Mar 07, 2023 15:29:46
///////////////////////////////////

[EFX-0266 WARNING] Module Instance 'fifo' input pin tied to constant (out_want_b=1).
[EFX-0200 WARNING] Removing redundant signal : start_found. (E:\Efinity\project\fnetriong\efnet_octet_to_word.vhd:60)
[EFX-0200 WARNING] Removing redundant signal : packet_start. (E:\Efinity\project\fnetriong\efnet_octet_to_word.vhd:62)
[EFX-0200 WARNING] Removing redundant signal : packet_end. (E:\Efinity\project\fnetriong\efnet_octet_to_word.vhd:63)
[EFX-0200 WARNING] Removing redundant signal : word[15]. (E:\Efinity\project\fnetriong\efnet_octet_to_word.vhd:65)
[EFX-0200 WARNING] Removing redundant signal : word[14]. (E:\Efinity\project\fnetriong\efnet_octet_to_word.vhd:65)
[EFX-0200 WARNING] Removing redundant signal : word[13]. (E:\Efinity\project\fnetriong\efnet_octet_to_word.vhd:65)
[EFX-0200 WARNING] Removing redundant signal : word[12]. (E:\Efinity\project\fnetriong\efnet_octet_to_word.vhd:65)
[EFX-0200 WARNING] Removing redundant signal : word[11]. (E:\Efinity\project\fnetriong\efnet_octet_to_word.vhd:65)
[EFX-0200 WARNING] Removing redundant signal : word[10]. (E:\Efinity\project\fnetriong\efnet_octet_to_word.vhd:65)
[EFX-0200 WARNING] Removing redundant signal : word[9]. (E:\Efinity\project\fnetriong\efnet_octet_to_word.vhd:65)
[EFX-0200 WARNING] Removing redundant signal : word[8]. (E:\Efinity\project\fnetriong\efnet_octet_to_word.vhd:65)
[EFX-0200 WARNING] Removing redundant signal : word[7]. (E:\Efinity\project\fnetriong\efnet_octet_to_word.vhd:65)
[EFX-0200 WARNING] Removing redundant signal : word[6]. (E:\Efinity\project\fnetriong\efnet_octet_to_word.vhd:65)
[EFX-0200 WARNING] Removing redundant signal : word[5]. (E:\Efinity\project\fnetriong\efnet_octet_to_word.vhd:65)
[EFX-0200 WARNING] Removing redundant signal : word[4]. (E:\Efinity\project\fnetriong\efnet_octet_to_word.vhd:65)
[EFX-0200 WARNING] Removing redundant signal : word[3]. (E:\Efinity\project\fnetriong\efnet_octet_to_word.vhd:65)
[EFX-0200 WARNING] Removing redundant signal : word[2]. (E:\Efinity\project\fnetriong\efnet_octet_to_word.vhd:65)
[EFX-0200 WARNING] Removing redundant signal : word[1]. (E:\Efinity\project\fnetriong\efnet_octet_to_word.vhd:65)
[EFX-0200 WARNING] Removing redundant signal : word[0]. (E:\Efinity\project\fnetriong\efnet_octet_to_word.vhd:65)
[EFX-0200 WARNING] Removing redundant signal : octet_counter[0]. (E:\Efinity\project\fnetriong\efnet_octet_to_word.vhd:66)
[EFX-0266 WARNING] Module Instance 'out_sm' input pin tied to constant (idx_tcp_prep[0][31]=0).
[EFX-0266 WARNING] Module Instance 'out_sm' input pin tied to constant (idx_tcp_prep[0][30]=0).
[EFX-0266 WARNING] Module Instance 'out_sm' input pin tied to constant (idx_tcp_prep[0][29]=0).
[EFX-0266 WARNING] Module Instance 'out_sm' input pin tied to constant (idx_tcp_prep[0][28]=0).
[EFX-0266 WARNING] Module Instance 'out_sm' input pin tied to constant (idx_tcp_prep[0][27]=0).
[EFX-0266 WARNING] Module Instance 'out_sm' input pin tied to constant (idx_tcp_prep[0][26]=0).
[EFX-0266 WARNING] Module Instance 'out_sm' input pin tied to constant (idx_tcp_prep[0][25]=0).
[EFX-0266 WARNING] Module Instance 'out_sm' input pin tied to constant (idx_tcp_prep[0][24]=0).
[EFX-0266 WARNING] Module Instance 'out_sm' input pin tied to constant (idx_tcp_prep[0][23]=0).
[EFX-0266 WARNING] Module Instance 'out_sm' input pin tied to constant (idx_tcp_prep[0][22]=0).
[EFX-0266 WARNING] Module Instance 'out_sm' input pin tied to constant (idx_tcp_prep[0][21]=0).
[EFX-0266 WARNING] Module Instance 'out_sm' input pin tied to constant (idx_tcp_prep[0][20]=0).
[EFX-0266 WARNING] Module Instance 'out_sm' input pin tied to constant (idx_tcp_prep[0][19]=0).
[EFX-0266 WARNING] Module Instance 'out_sm' input pin tied to constant (idx_tcp_prep[0][18]=0).
[EFX-0266 WARNING] Module Instance 'out_sm' input pin tied to constant (idx_tcp_prep[0][17]=0).
[EFX-0266 WARNING] Module Instance 'out_sm' input pin tied to constant (idx_tcp_prep[0][16]=0).
[EFX-0266 WARNING] Module Instance 'out_sm' input pin tied to constant (idx_tcp_prep[0][15]=0).
[EFX-0266 WARNING] Module Instance 'out_sm' input pin tied to constant (idx_tcp_prep[0][14]=0).
[EFX-0266 WARNING] Module Instance 'out_sm' input pin tied to constant (idx_tcp_prep[0][13]=0).
[EFX-0266 WARNING] Module Instance 'out_sm' input pin tied to constant (idx_tcp_prep[0][12]=0).
[EFX-0266 WARNING] Module Instance 'out_sm' input pin tied to constant (idx_tcp_prep[0][11]=0).
[EFX-0266 WARNING] Module Instance 'out_sm' input pin tied to constant (idx_tcp_prep[0][10]=0).
[EFX-0266 WARNING] Module Instance 'out_sm' input pin tied to constant (idx_tcp_prep[0][9]=0).
[EFX-0266 WARNING] Module Instance 'out_sm' input pin tied to constant (idx_tcp_prep[0][8]=0).
[EFX-0266 WARNING] Module Instance 'out_sm' input pin tied to constant (idx_tcp_prep[0][7]=0).
[EFX-0266 WARNING] Module Instance 'out_sm' input pin tied to constant (idx_tcp_prep[0][6]=0).
[EFX-0266 WARNING] Module Instance 'out_sm' input pin tied to constant (idx_tcp_prep[0][5]=0).
[EFX-0266 WARNING] Module Instance 'out_sm' input pin tied to constant (idx_tcp_prep[0][4]=0).
[EFX-0266 WARNING] Module Instance 'out_sm' input pin tied to constant (idx_tcp_prep[0][3]=0).
[EFX-0266 WARNING] Module Instance 'out_sm' input pin tied to constant (idx_tcp_prep[0][2]=1).
[EFX-0266 WARNING] Module Instance 'out_sm' input pin tied to constant (idx_tcp_prep[0][1]=0).
[EFX-0266 WARNING] Module Instance 'out_sm' input pin tied to constant (idx_tcp_prep[0][0]=1).
[EFX-0266 WARNING] Module Instance 'out_sm' input pin tied to constant (idx_tcp_prep[1][31]=0).
[EFX-0266 WARNING] Module Instance 'out_sm' input pin tied to constant (idx_tcp_prep[1][30]=0).
[EFX-0266 WARNING] Module Instance 'out_sm' input pin tied to constant (idx_tcp_prep[1][29]=0).
[EFX-0266 WARNING] Module Instance 'out_sm' input pin tied to constant (idx_tcp_prep[1][28]=0).
[EFX-0266 WARNING] Module Instance 'out_sm' input pin tied to constant (idx_tcp_prep[1][27]=0).
[EFX-0266 WARNING] Module Instance 'out_sm' input pin tied to constant (idx_tcp_prep[1][26]=0).
[EFX-0266 WARNING] Module Instance 'out_sm' input pin tied to constant (idx_tcp_prep[1][25]=0).
[EFX-0266 WARNING] Module Instance 'out_sm' input pin tied to constant (idx_tcp_prep[1][24]=0).
[EFX-0266 WARNING] Module Instance 'out_sm' input pin tied to constant (idx_tcp_prep[1][23]=0).
[EFX-0266 WARNING] Module Instance 'out_sm' input pin tied to constant (idx_tcp_prep[1][22]=0).
[EFX-0266 WARNING] Module Instance 'out_sm' input pin tied to constant (idx_tcp_prep[1][21]=0).
[EFX-0266 WARNING] Module Instance 'out_sm' input pin tied to constant (idx_tcp_prep[1][20]=0).
[EFX-0266 WARNING] Module Instance 'out_sm' input pin tied to constant (idx_tcp_prep[1][19]=0).
[EFX-0266 WARNING] Module Instance 'out_sm' input pin tied to constant (idx_tcp_prep[1][18]=0).
[EFX-0266 WARNING] Module Instance 'out_sm' input pin tied to constant (idx_tcp_prep[1][17]=0).
[EFX-0266 WARNING] Module Instance 'out_sm' input pin tied to constant (idx_tcp_prep[1][16]=0).
[EFX-0266 WARNING] Module Instance 'out_sm' input pin tied to constant (idx_tcp_prep[1][15]=0).
[EFX-0266 WARNING] Module Instance 'out_sm' input pin tied to constant (idx_tcp_prep[1][14]=0).
[EFX-0266 WARNING] Module Instance 'out_sm' input pin tied to constant (idx_tcp_prep[1][13]=0).
[EFX-0266 WARNING] Module Instance 'out_sm' input pin tied to constant (idx_tcp_prep[1][12]=0).
[EFX-0266 WARNING] Module Instance 'out_sm' input pin tied to constant (idx_tcp_prep[1][11]=0).
[EFX-0266 WARNING] Module Instance 'out_sm' input pin tied to constant (idx_tcp_prep[1][10]=0).
[EFX-0266 WARNING] Module Instance 'out_sm' input pin tied to constant (idx_tcp_prep[1][9]=0).
[EFX-0266 WARNING] Module Instance 'out_sm' input pin tied to constant (idx_tcp_prep[1][8]=0).
[EFX-0266 WARNING] Module Instance 'out_sm' input pin tied to constant (idx_tcp_prep[1][7]=0).
[EFX-0266 WARNING] Module Instance 'out_sm' input pin tied to constant (idx_tcp_prep[1][6]=0).
[EFX-0266 WARNING] Module Instance 'out_sm' input pin tied to constant (idx_tcp_prep[1][5]=0).
[EFX-0266 WARNING] Module Instance 'out_sm' input pin tied to constant (idx_tcp_prep[1][4]=0).
[EFX-0266 WARNING] Module Instance 'out_sm' input pin tied to constant (idx_tcp_prep[1][3]=0).
[EFX-0266 WARNING] Module Instance 'out_sm' input pin tied to constant (idx_tcp_prep[1][2]=1).
[EFX-0266 WARNING] Module Instance 'out_sm' input pin tied to constant (idx_tcp_prep[1][1]=1).
[EFX-0266 WARNING] Module Instance 'out_sm' input pin tied to constant (idx_tcp_prep[1][0]=0).
[EFX-0266 WARNING] Module Instance 'out_sm' input pin tied to constant (idx_gen[31]=0).
[EFX-0266 WARNING] Module Instance 'out_sm' input pin tied to constant (idx_gen[30]=0).
[EFX-0266 WARNING] Module Instance 'out_sm' input pin tied to constant (idx_gen[29]=0).
[EFX-0266 WARNING] Module Instance 'out_sm' input pin tied to constant (idx_gen[28]=0).
[EFX-0266 WARNING] Module Instance 'out_sm' input pin tied to constant (idx_gen[27]=0).
[EFX-0266 WARNING] Module Instance 'out_sm' input pin tied to constant (idx_gen[26]=0).
[EFX-0266 WARNING] Module Instance 'out_sm' input pin tied to constant (idx_gen[25]=0).
[EFX-0266 WARNING] Module Instance 'out_sm' input pin tied to constant (idx_gen[24]=0).
[EFX-0266 WARNING] Module Instance 'out_sm' input pin tied to constant (idx_gen[23]=0).
[EFX-0266 WARNING] Module Instance 'out_sm' input pin tied to constant (idx_gen[22]=0).
[EFX-0266 WARNING] Module Instance 'out_sm' input pin tied to constant (idx_gen[21]=0).
[EFX-0266 WARNING] Module Instance 'out_sm' input pin tied to constant (idx_gen[20]=0).
[EFX-0266 WARNING] Module Instance 'out_sm' input pin tied to constant (idx_gen[19]=0).
[EFX-0266 WARNING] Module Instance 'out_sm' input pin tied to constant (idx_gen[18]=0).
[EFX-0266 WARNING] Module Instance 'out_sm' input pin tied to constant (idx_gen[17]=0).
[EFX-0266 WARNING] Module Instance 'out_sm' input pin tied to constant (idx_gen[16]=0).
[EFX-0266 WARNING] Module Instance 'out_sm' input pin tied to constant (idx_gen[15]=0).
[EFX-0266 WARNING] Module Instance 'out_sm' input pin tied to constant (idx_gen[14]=0).
[EFX-0266 WARNING] Module Instance 'out_sm' input pin tied to constant (idx_gen[13]=0).
[EFX-0266 WARNING] Module Instance 'out_sm' input pin tied to constant (idx_gen[12]=0).
[EFX-0266 WARNING] Module Instance 'out_sm' input pin tied to constant (idx_gen[11]=0).
[EFX-0266 WARNING] Module Instance 'out_sm' input pin tied to constant (idx_gen[10]=0).
[EFX-0266 WARNING] Module Instance 'out_sm' input pin tied to constant (idx_gen[9]=0).
[EFX-0266 WARNING] Module Instance 'out_sm' input pin tied to constant (idx_gen[8]=0).
[EFX-0266 WARNING] Module Instance 'out_sm' input pin tied to constant (idx_gen[7]=0).
[EFX-0266 WARNING] Module Instance 'out_sm' input pin tied to constant (idx_gen[6]=0).
[EFX-0266 WARNING] Module Instance 'out_sm' input pin tied to constant (idx_gen[5]=0).
[EFX-0266 WARNING] Module Instance 'out_sm' input pin tied to constant (idx_gen[4]=0).
[EFX-0266 WARNING] Module Instance 'out_sm' input pin tied to constant (idx_gen[3]=0).
[EFX-0266 WARNING] Module Instance 'out_sm' input pin tied to constant (idx_gen[2]=0).
[EFX-0266 WARNING] Module Instance 'out_sm' input pin tied to constant (idx_gen[1]=0).
[EFX-0266 WARNING] Module Instance 'out_sm' input pin tied to constant (idx_gen[0]=1).
[EFX-0266 WARNING] Module Instance 'mdio' input pin tied to constant (b_req_data[31]=0).
[EFX-0266 WARNING] Module Instance 'mdio' input pin tied to constant (b_req_data[30]=0).
[EFX-0266 WARNING] Module Instance 'mdio' input pin tied to constant (b_req_data[29]=0).
[EFX-0201 WARNING] Re-wiring to GND non-driven net 'ram_udp_regidp.prod2.set_again'. (E:\Efinity\project\fnetriong\fakernet_module.vhd:134)
[EFX-0201 WARNING] Re-wiring to GND non-driven net 'ram_tcp_template.prod2.set_again'. (E:\Efinity\project\fnetriong\fakernet_module.vhd:136)
[EFX-0201 WARNING] Re-wiring to GND non-driven net 'ram_tcp_prep2[0].prod2.set_again'. (E:\Efinity\project\fnetriong\fakernet_module.vhd:137)
[EFX-0201 WARNING] Re-wiring to GND non-driven net 'ram_tcp_prep2[1].prod2.set_again'. (E:\Efinity\project\fnetriong\fakernet_module.vhd:137)
[EFX-0201 WARNING] Re-wiring to GND non-driven net 't/fakernet/dp_ram_arp_icmp.port_a.o.rd'. (E:\Efinity\project\fnetriong\fakernet_module.vhd:144)
[EFX-0201 WARNING] Re-wiring to GND non-driven net 't/fakernet/dp_ram_pkt_gen.port_a.o.rd'. (E:\Efinity\project\fnetriong\fakernet_module.vhd:145)
[EFX-0201 WARNING] Re-wiring to GND non-driven net 't/fakernet/dp_ram_udp_regacc.port_a.o.rd'. (E:\Efinity\project\fnetriong\fakernet_module.vhd:146)
[EFX-0201 WARNING] Re-wiring to GND non-driven net 't/fakernet/dp_ram_udp_regacc.port_b.o.wr'. (E:\Efinity\project\fnetriong\fakernet_module.vhd:146)
[EFX-0201 WARNING] Re-wiring to GND non-driven net 't/fakernet/dp_ram_udp_regidp.port_a.o.rd'. (E:\Efinity\project\fnetriong\fakernet_module.vhd:147)
[EFX-0201 WARNING] Re-wiring to GND non-driven net 't/fakernet/dp_ram_tcp_template.port_a.o.rd'. (E:\Efinity\project\fnetriong\fakernet_module.vhd:150)

///////////////////////////////////
// Efinity Synthesis Started 
// Mar 07, 2023 16:05:06
///////////////////////////////////

[EFX-0011 VERI-WARNING] port 'probe4' remains unconnected for this instance (VERI-1927) (E:/Efinity/project/fnetriong/work_dbg/debug_top.v:116)
[EFX-0011 VERI-WARNING] expression size 256 truncated to fit in target size 64 (VERI-1209) (E:/Efinity/project/fnetriong/work_dbg/debug_top.v:3585)
[EFX-0011 VERI-WARNING] input port 'probe4[0]' remains unconnected for this instance (VDB-1053) (E:/Efinity/project/fnetriong/work_dbg/debug_top.v:92)
[EFX-0200 WARNING] Removing redundant signal : compared_in[0]. (E:/Efinity/project/fnetriong/work_dbg/debug_top.v:5455)
[EFX-0200 WARNING] Removing redundant signal : mask_in[0]. (E:/Efinity/project/fnetriong/work_dbg/debug_top.v:5456)
[EFX-0200 WARNING] Removing redundant signal : trigger_in. (E:/Efinity/project/fnetriong/work_dbg/debug_top.v:5666)
[EFX-0200 WARNING] Removing redundant signal : din[17]. (E:/Efinity/project/fnetriong/work_dbg/debug_top.v:4558)
[EFX-0200 WARNING] Removing redundant signal : trig_out. (E:/Efinity/project/fnetriong/work_dbg/debug_top.v:4837)
[EFX-0200 WARNING] Removing redundant signal : trig_out_ack. (E:/Efinity/project/fnetriong/work_dbg/debug_top.v:4838)
[EFX-0200 WARNING] Removing redundant signal : bscan_DRCK. (E:/Efinity/project/fnetriong/work_dbg/debug_top.v:1022)
[EFX-0200 WARNING] Removing redundant signal : bscan_RUNTEST. (E:/Efinity/project/fnetriong/work_dbg/debug_top.v:1024)
[EFX-0200 WARNING] Removing redundant signal : bscan_SEL. (E:/Efinity/project/fnetriong/work_dbg/debug_top.v:1025)
[EFX-0200 WARNING] Removing redundant signal : bscan_TMS. (E:/Efinity/project/fnetriong/work_dbg/debug_top.v:1029)
[EFX-0200 WARNING] Removing redundant signal : trig_in_ack. (E:/Efinity/project/fnetriong/work_dbg/debug_top.v:1040)
[EFX-0200 WARNING] Removing redundant signal : mux_capture_cmp[3]. (E:/Efinity/project/fnetriong/work_dbg/debug_top.v:3446)
[EFX-0200 WARNING] Removing redundant signal : mux_capture_cmp[2]. (E:/Efinity/project/fnetriong/work_dbg/debug_top.v:3446)
[EFX-0200 WARNING] Removing redundant signal : mux_capture_cmp[1]. (E:/Efinity/project/fnetriong/work_dbg/debug_top.v:3446)
[EFX-0200 WARNING] Removing redundant signal : mux_capture_cmp[0]. (E:/Efinity/project/fnetriong/work_dbg/debug_top.v:3446)
[EFX-0200 WARNING] Removing redundant signal : bscan_CAPTURE. (E:/Efinity/project/fnetriong/work_dbg/debug_top.v:273)
[EFX-0200 WARNING] Removing redundant signal : bscan_DRCK. (E:/Efinity/project/fnetriong/work_dbg/debug_top.v:274)
[EFX-0200 WARNING] Removing redundant signal : bscan_RUNTEST. (E:/Efinity/project/fnetriong/work_dbg/debug_top.v:276)
[EFX-0200 WARNING] Removing redundant signal : bscan_TMS. (E:/Efinity/project/fnetriong/work_dbg/debug_top.v:281)
[EFX-0266 WARNING] Module Instance 'la0' input pin tied to constant (trig_in=0).
[EFX-0266 WARNING] Module Instance 'la0' input pin tied to constant (trig_out_ack=0).
[EFX-0201 WARNING] Re-wiring to GND non-driven net 'la0.probe4[0]'. (E:/Efinity/project/fnetriong/work_dbg/debug_top.v:92)
[EFX-0201 WARNING] Re-wiring to GND non-driven net 'la0.probe5[0]'. (E:/Efinity/project/fnetriong/work_dbg/debug_top.v:92)
[EFX-0201 WARNING] Re-wiring to GND non-driven net 'la0.probe6[0]'. (E:/Efinity/project/fnetriong/work_dbg/debug_top.v:92)
[EFX-0201 WARNING] Re-wiring to GND non-driven net 'la0.probe7[0]'. (E:/Efinity/project/fnetriong/work_dbg/debug_top.v:92)
[EFX-0201 WARNING] Re-wiring to GND non-driven net 'la0.probe8[0]'. (E:/Efinity/project/fnetriong/work_dbg/debug_top.v:92)
[EFX-0201 WARNING] Re-wiring to GND non-driven net 'la0.probe9[0]'. (E:/Efinity/project/fnetriong/work_dbg/debug_top.v:92)
[EFX-0201 WARNING] Re-wiring to GND non-driven net 'la0.probe10[0]'. (E:/Efinity/project/fnetriong/work_dbg/debug_top.v:92)
[EFX-0201 WARNING] Re-wiring to GND non-driven net 'la0.probe11[0]'. (E:/Efinity/project/fnetriong/work_dbg/debug_top.v:92)
[EFX-0201 WARNING] Re-wiring to GND non-driven net 'la0.probe12[0]'. (E:/Efinity/project/fnetriong/work_dbg/debug_top.v:92)
[EFX-0201 WARNING] Re-wiring to GND non-driven net 'la0.probe13[0]'. (E:/Efinity/project/fnetriong/work_dbg/debug_top.v:92)
[EFX-0011 VERI-WARNING] Input/Inout Port bscan_DRCK is unconnected and will be removed 
[EFX-0011 VERI-WARNING] Input/Inout Port bscan_RUNTEST is unconnected and will be removed 
[EFX-0011 VERI-WARNING] Input/Inout Port bscan_TMS is unconnected and will be removed 

///////////////////////////////////
// Efinity Synthesis Started 
// Mar 07, 2023 16:05:26
///////////////////////////////////

[EFX-0266 WARNING] Module Instance 'fifo' input pin tied to constant (out_want_b=1).
[EFX-0200 WARNING] Removing redundant signal : start_found. (E:\Efinity\project\fnetriong\efnet_octet_to_word.vhd:60)
[EFX-0200 WARNING] Removing redundant signal : packet_start. (E:\Efinity\project\fnetriong\efnet_octet_to_word.vhd:62)
[EFX-0200 WARNING] Removing redundant signal : packet_end. (E:\Efinity\project\fnetriong\efnet_octet_to_word.vhd:63)
[EFX-0200 WARNING] Removing redundant signal : word[15]. (E:\Efinity\project\fnetriong\efnet_octet_to_word.vhd:65)
[EFX-0200 WARNING] Removing redundant signal : word[14]. (E:\Efinity\project\fnetriong\efnet_octet_to_word.vhd:65)
[EFX-0200 WARNING] Removing redundant signal : word[13]. (E:\Efinity\project\fnetriong\efnet_octet_to_word.vhd:65)
[EFX-0200 WARNING] Removing redundant signal : word[12]. (E:\Efinity\project\fnetriong\efnet_octet_to_word.vhd:65)
[EFX-0200 WARNING] Removing redundant signal : word[11]. (E:\Efinity\project\fnetriong\efnet_octet_to_word.vhd:65)
[EFX-0200 WARNING] Removing redundant signal : word[10]. (E:\Efinity\project\fnetriong\efnet_octet_to_word.vhd:65)
[EFX-0200 WARNING] Removing redundant signal : word[9]. (E:\Efinity\project\fnetriong\efnet_octet_to_word.vhd:65)
[EFX-0200 WARNING] Removing redundant signal : word[8]. (E:\Efinity\project\fnetriong\efnet_octet_to_word.vhd:65)
[EFX-0200 WARNING] Removing redundant signal : word[7]. (E:\Efinity\project\fnetriong\efnet_octet_to_word.vhd:65)
[EFX-0200 WARNING] Removing redundant signal : word[6]. (E:\Efinity\project\fnetriong\efnet_octet_to_word.vhd:65)
[EFX-0200 WARNING] Removing redundant signal : word[5]. (E:\Efinity\project\fnetriong\efnet_octet_to_word.vhd:65)
[EFX-0200 WARNING] Removing redundant signal : word[4]. (E:\Efinity\project\fnetriong\efnet_octet_to_word.vhd:65)
[EFX-0200 WARNING] Removing redundant signal : word[3]. (E:\Efinity\project\fnetriong\efnet_octet_to_word.vhd:65)
[EFX-0200 WARNING] Removing redundant signal : word[2]. (E:\Efinity\project\fnetriong\efnet_octet_to_word.vhd:65)
[EFX-0200 WARNING] Removing redundant signal : word[1]. (E:\Efinity\project\fnetriong\efnet_octet_to_word.vhd:65)
[EFX-0200 WARNING] Removing redundant signal : word[0]. (E:\Efinity\project\fnetriong\efnet_octet_to_word.vhd:65)
[EFX-0200 WARNING] Removing redundant signal : octet_counter[0]. (E:\Efinity\project\fnetriong\efnet_octet_to_word.vhd:66)
[EFX-0266 WARNING] Module Instance 'out_sm' input pin tied to constant (idx_tcp_prep[0][31]=0).
[EFX-0266 WARNING] Module Instance 'out_sm' input pin tied to constant (idx_tcp_prep[0][30]=0).
[EFX-0266 WARNING] Module Instance 'out_sm' input pin tied to constant (idx_tcp_prep[0][29]=0).
[EFX-0266 WARNING] Module Instance 'out_sm' input pin tied to constant (idx_tcp_prep[0][28]=0).
[EFX-0266 WARNING] Module Instance 'out_sm' input pin tied to constant (idx_tcp_prep[0][27]=0).
[EFX-0266 WARNING] Module Instance 'out_sm' input pin tied to constant (idx_tcp_prep[0][26]=0).
[EFX-0266 WARNING] Module Instance 'out_sm' input pin tied to constant (idx_tcp_prep[0][25]=0).
[EFX-0266 WARNING] Module Instance 'out_sm' input pin tied to constant (idx_tcp_prep[0][24]=0).
[EFX-0266 WARNING] Module Instance 'out_sm' input pin tied to constant (idx_tcp_prep[0][23]=0).
[EFX-0266 WARNING] Module Instance 'out_sm' input pin tied to constant (idx_tcp_prep[0][22]=0).
[EFX-0266 WARNING] Module Instance 'out_sm' input pin tied to constant (idx_tcp_prep[0][21]=0).
[EFX-0266 WARNING] Module Instance 'out_sm' input pin tied to constant (idx_tcp_prep[0][20]=0).
[EFX-0266 WARNING] Module Instance 'out_sm' input pin tied to constant (idx_tcp_prep[0][19]=0).
[EFX-0266 WARNING] Module Instance 'out_sm' input pin tied to constant (idx_tcp_prep[0][18]=0).
[EFX-0266 WARNING] Module Instance 'out_sm' input pin tied to constant (idx_tcp_prep[0][17]=0).
[EFX-0266 WARNING] Module Instance 'out_sm' input pin tied to constant (idx_tcp_prep[0][16]=0).
[EFX-0266 WARNING] Module Instance 'out_sm' input pin tied to constant (idx_tcp_prep[0][15]=0).
[EFX-0266 WARNING] Module Instance 'out_sm' input pin tied to constant (idx_tcp_prep[0][14]=0).
[EFX-0266 WARNING] Module Instance 'out_sm' input pin tied to constant (idx_tcp_prep[0][13]=0).
[EFX-0266 WARNING] Module Instance 'out_sm' input pin tied to constant (idx_tcp_prep[0][12]=0).
[EFX-0266 WARNING] Module Instance 'out_sm' input pin tied to constant (idx_tcp_prep[0][11]=0).
[EFX-0266 WARNING] Module Instance 'out_sm' input pin tied to constant (idx_tcp_prep[0][10]=0).
[EFX-0266 WARNING] Module Instance 'out_sm' input pin tied to constant (idx_tcp_prep[0][9]=0).
[EFX-0266 WARNING] Module Instance 'out_sm' input pin tied to constant (idx_tcp_prep[0][8]=0).
[EFX-0266 WARNING] Module Instance 'out_sm' input pin tied to constant (idx_tcp_prep[0][7]=0).
[EFX-0266 WARNING] Module Instance 'out_sm' input pin tied to constant (idx_tcp_prep[0][6]=0).
[EFX-0266 WARNING] Module Instance 'out_sm' input pin tied to constant (idx_tcp_prep[0][5]=0).
[EFX-0266 WARNING] Module Instance 'out_sm' input pin tied to constant (idx_tcp_prep[0][4]=0).
[EFX-0266 WARNING] Module Instance 'out_sm' input pin tied to constant (idx_tcp_prep[0][3]=0).
[EFX-0266 WARNING] Module Instance 'out_sm' input pin tied to constant (idx_tcp_prep[0][2]=1).
[EFX-0266 WARNING] Module Instance 'out_sm' input pin tied to constant (idx_tcp_prep[0][1]=0).
[EFX-0266 WARNING] Module Instance 'out_sm' input pin tied to constant (idx_tcp_prep[0][0]=1).
[EFX-0266 WARNING] Module Instance 'out_sm' input pin tied to constant (idx_tcp_prep[1][31]=0).
[EFX-0266 WARNING] Module Instance 'out_sm' input pin tied to constant (idx_tcp_prep[1][30]=0).
[EFX-0266 WARNING] Module Instance 'out_sm' input pin tied to constant (idx_tcp_prep[1][29]=0).
[EFX-0266 WARNING] Module Instance 'out_sm' input pin tied to constant (idx_tcp_prep[1][28]=0).
[EFX-0266 WARNING] Module Instance 'out_sm' input pin tied to constant (idx_tcp_prep[1][27]=0).
[EFX-0266 WARNING] Module Instance 'out_sm' input pin tied to constant (idx_tcp_prep[1][26]=0).
[EFX-0266 WARNING] Module Instance 'out_sm' input pin tied to constant (idx_tcp_prep[1][25]=0).
[EFX-0266 WARNING] Module Instance 'out_sm' input pin tied to constant (idx_tcp_prep[1][24]=0).
[EFX-0266 WARNING] Module Instance 'out_sm' input pin tied to constant (idx_tcp_prep[1][23]=0).
[EFX-0266 WARNING] Module Instance 'out_sm' input pin tied to constant (idx_tcp_prep[1][22]=0).
[EFX-0266 WARNING] Module Instance 'out_sm' input pin tied to constant (idx_tcp_prep[1][21]=0).
[EFX-0266 WARNING] Module Instance 'out_sm' input pin tied to constant (idx_tcp_prep[1][20]=0).
[EFX-0266 WARNING] Module Instance 'out_sm' input pin tied to constant (idx_tcp_prep[1][19]=0).
[EFX-0266 WARNING] Module Instance 'out_sm' input pin tied to constant (idx_tcp_prep[1][18]=0).
[EFX-0266 WARNING] Module Instance 'out_sm' input pin tied to constant (idx_tcp_prep[1][17]=0).
[EFX-0266 WARNING] Module Instance 'out_sm' input pin tied to constant (idx_tcp_prep[1][16]=0).
[EFX-0266 WARNING] Module Instance 'out_sm' input pin tied to constant (idx_tcp_prep[1][15]=0).
[EFX-0266 WARNING] Module Instance 'out_sm' input pin tied to constant (idx_tcp_prep[1][14]=0).
[EFX-0266 WARNING] Module Instance 'out_sm' input pin tied to constant (idx_tcp_prep[1][13]=0).
[EFX-0266 WARNING] Module Instance 'out_sm' input pin tied to constant (idx_tcp_prep[1][12]=0).
[EFX-0266 WARNING] Module Instance 'out_sm' input pin tied to constant (idx_tcp_prep[1][11]=0).
[EFX-0266 WARNING] Module Instance 'out_sm' input pin tied to constant (idx_tcp_prep[1][10]=0).
[EFX-0266 WARNING] Module Instance 'out_sm' input pin tied to constant (idx_tcp_prep[1][9]=0).
[EFX-0266 WARNING] Module Instance 'out_sm' input pin tied to constant (idx_tcp_prep[1][8]=0).
[EFX-0266 WARNING] Module Instance 'out_sm' input pin tied to constant (idx_tcp_prep[1][7]=0).
[EFX-0266 WARNING] Module Instance 'out_sm' input pin tied to constant (idx_tcp_prep[1][6]=0).
[EFX-0266 WARNING] Module Instance 'out_sm' input pin tied to constant (idx_tcp_prep[1][5]=0).
[EFX-0266 WARNING] Module Instance 'out_sm' input pin tied to constant (idx_tcp_prep[1][4]=0).
[EFX-0266 WARNING] Module Instance 'out_sm' input pin tied to constant (idx_tcp_prep[1][3]=0).
[EFX-0266 WARNING] Module Instance 'out_sm' input pin tied to constant (idx_tcp_prep[1][2]=1).
[EFX-0266 WARNING] Module Instance 'out_sm' input pin tied to constant (idx_tcp_prep[1][1]=1).
[EFX-0266 WARNING] Module Instance 'out_sm' input pin tied to constant (idx_tcp_prep[1][0]=0).
[EFX-0266 WARNING] Module Instance 'out_sm' input pin tied to constant (idx_gen[31]=0).
[EFX-0266 WARNING] Module Instance 'out_sm' input pin tied to constant (idx_gen[30]=0).
[EFX-0266 WARNING] Module Instance 'out_sm' input pin tied to constant (idx_gen[29]=0).
[EFX-0266 WARNING] Module Instance 'out_sm' input pin tied to constant (idx_gen[28]=0).
[EFX-0266 WARNING] Module Instance 'out_sm' input pin tied to constant (idx_gen[27]=0).
[EFX-0266 WARNING] Module Instance 'out_sm' input pin tied to constant (idx_gen[26]=0).
[EFX-0266 WARNING] Module Instance 'out_sm' input pin tied to constant (idx_gen[25]=0).
[EFX-0266 WARNING] Module Instance 'out_sm' input pin tied to constant (idx_gen[24]=0).
[EFX-0266 WARNING] Module Instance 'out_sm' input pin tied to constant (idx_gen[23]=0).
[EFX-0266 WARNING] Module Instance 'out_sm' input pin tied to constant (idx_gen[22]=0).
[EFX-0266 WARNING] Module Instance 'out_sm' input pin tied to constant (idx_gen[21]=0).
[EFX-0266 WARNING] Module Instance 'out_sm' input pin tied to constant (idx_gen[20]=0).
[EFX-0266 WARNING] Module Instance 'out_sm' input pin tied to constant (idx_gen[19]=0).
[EFX-0266 WARNING] Module Instance 'out_sm' input pin tied to constant (idx_gen[18]=0).
[EFX-0266 WARNING] Module Instance 'out_sm' input pin tied to constant (idx_gen[17]=0).
[EFX-0266 WARNING] Module Instance 'out_sm' input pin tied to constant (idx_gen[16]=0).
[EFX-0266 WARNING] Module Instance 'out_sm' input pin tied to constant (idx_gen[15]=0).
[EFX-0266 WARNING] Module Instance 'out_sm' input pin tied to constant (idx_gen[14]=0).
[EFX-0266 WARNING] Module Instance 'out_sm' input pin tied to constant (idx_gen[13]=0).
[EFX-0266 WARNING] Module Instance 'out_sm' input pin tied to constant (idx_gen[12]=0).
[EFX-0266 WARNING] Module Instance 'out_sm' input pin tied to constant (idx_gen[11]=0).
[EFX-0266 WARNING] Module Instance 'out_sm' input pin tied to constant (idx_gen[10]=0).
[EFX-0266 WARNING] Module Instance 'out_sm' input pin tied to constant (idx_gen[9]=0).
[EFX-0266 WARNING] Module Instance 'out_sm' input pin tied to constant (idx_gen[8]=0).
[EFX-0266 WARNING] Module Instance 'out_sm' input pin tied to constant (idx_gen[7]=0).
[EFX-0266 WARNING] Module Instance 'out_sm' input pin tied to constant (idx_gen[6]=0).
[EFX-0266 WARNING] Module Instance 'out_sm' input pin tied to constant (idx_gen[5]=0).
[EFX-0266 WARNING] Module Instance 'out_sm' input pin tied to constant (idx_gen[4]=0).
[EFX-0266 WARNING] Module Instance 'out_sm' input pin tied to constant (idx_gen[3]=0).
[EFX-0266 WARNING] Module Instance 'out_sm' input pin tied to constant (idx_gen[2]=0).
[EFX-0266 WARNING] Module Instance 'out_sm' input pin tied to constant (idx_gen[1]=0).
[EFX-0266 WARNING] Module Instance 'out_sm' input pin tied to constant (idx_gen[0]=1).
[EFX-0266 WARNING] Module Instance 'mdio' input pin tied to constant (b_req_data[31]=0).
[EFX-0266 WARNING] Module Instance 'mdio' input pin tied to constant (b_req_data[30]=0).
[EFX-0266 WARNING] Module Instance 'mdio' input pin tied to constant (b_req_data[29]=0).
[EFX-0201 WARNING] Re-wiring to GND non-driven net 'ram_udp_regidp.prod2.set_again'. (E:\Efinity\project\fnetriong\fakernet_module.vhd:134)
[EFX-0201 WARNING] Re-wiring to GND non-driven net 'ram_tcp_template.prod2.set_again'. (E:\Efinity\project\fnetriong\fakernet_module.vhd:136)
[EFX-0201 WARNING] Re-wiring to GND non-driven net 'ram_tcp_prep2[0].prod2.set_again'. (E:\Efinity\project\fnetriong\fakernet_module.vhd:137)
[EFX-0201 WARNING] Re-wiring to GND non-driven net 'ram_tcp_prep2[1].prod2.set_again'. (E:\Efinity\project\fnetriong\fakernet_module.vhd:137)
[EFX-0201 WARNING] Re-wiring to GND non-driven net 't/fakernet/dp_ram_arp_icmp.port_a.o.rd'. (E:\Efinity\project\fnetriong\fakernet_module.vhd:144)
[EFX-0201 WARNING] Re-wiring to GND non-driven net 't/fakernet/dp_ram_pkt_gen.port_a.o.rd'. (E:\Efinity\project\fnetriong\fakernet_module.vhd:145)
[EFX-0201 WARNING] Re-wiring to GND non-driven net 't/fakernet/dp_ram_udp_regacc.port_a.o.rd'. (E:\Efinity\project\fnetriong\fakernet_module.vhd:146)
[EFX-0201 WARNING] Re-wiring to GND non-driven net 't/fakernet/dp_ram_udp_regacc.port_b.o.wr'. (E:\Efinity\project\fnetriong\fakernet_module.vhd:146)
[EFX-0201 WARNING] Re-wiring to GND non-driven net 't/fakernet/dp_ram_udp_regidp.port_a.o.rd'. (E:\Efinity\project\fnetriong\fakernet_module.vhd:147)
[EFX-0201 WARNING] Re-wiring to GND non-driven net 't/fakernet/dp_ram_tcp_template.port_a.o.rd'. (E:\Efinity\project\fnetriong\fakernet_module.vhd:150)

///////////////////////////////////
// Efinity Synthesis Started 
// Mar 07, 2023 16:41:58
///////////////////////////////////

[EFX-0011 VERI-WARNING] port 'probe4' remains unconnected for this instance (VERI-1927) (E:/Efinity/project/fnetriong/work_dbg/debug_top.v:126)
[EFX-0011 VERI-WARNING] port 'probe4' remains unconnected for this instance (VERI-1927) (E:/Efinity/project/fnetriong/work_dbg/debug_top.v:169)
[EFX-0011 VERI-WARNING] expression size 256 truncated to fit in target size 64 (VERI-1209) (E:/Efinity/project/fnetriong/work_dbg/debug_top.v:3638)
[EFX-0011 VERI-WARNING] expression size 256 truncated to fit in target size 64 (VERI-1209) (E:/Efinity/project/fnetriong/work_dbg/debug_top.v:3638)
[EFX-0011 VERI-WARNING] input port 'probe4[0]' remains unconnected for this instance (VDB-1053) (E:/Efinity/project/fnetriong/work_dbg/debug_top.v:102)
[EFX-0011 VERI-WARNING] input port 'probe4[0]' remains unconnected for this instance (VDB-1053) (E:/Efinity/project/fnetriong/work_dbg/debug_top.v:145)
[EFX-0200 WARNING] Removing redundant signal : compared_in[0]. (E:/Efinity/project/fnetriong/work_dbg/debug_top.v:5508)
[EFX-0200 WARNING] Removing redundant signal : mask_in[0]. (E:/Efinity/project/fnetriong/work_dbg/debug_top.v:5509)
[EFX-0200 WARNING] Removing redundant signal : trigger_in. (E:/Efinity/project/fnetriong/work_dbg/debug_top.v:5719)
[EFX-0200 WARNING] Removing redundant signal : din[17]. (E:/Efinity/project/fnetriong/work_dbg/debug_top.v:4611)
[EFX-0200 WARNING] Removing redundant signal : trig_out. (E:/Efinity/project/fnetriong/work_dbg/debug_top.v:4890)
[EFX-0200 WARNING] Removing redundant signal : trig_out_ack. (E:/Efinity/project/fnetriong/work_dbg/debug_top.v:4891)
[EFX-0200 WARNING] Removing redundant signal : bscan_DRCK. (E:/Efinity/project/fnetriong/work_dbg/debug_top.v:1075)
[EFX-0200 WARNING] Removing redundant signal : bscan_RUNTEST. (E:/Efinity/project/fnetriong/work_dbg/debug_top.v:1077)
[EFX-0200 WARNING] Removing redundant signal : bscan_SEL. (E:/Efinity/project/fnetriong/work_dbg/debug_top.v:1078)
[EFX-0200 WARNING] Removing redundant signal : bscan_TMS. (E:/Efinity/project/fnetriong/work_dbg/debug_top.v:1082)
[EFX-0200 WARNING] Removing redundant signal : trig_in_ack. (E:/Efinity/project/fnetriong/work_dbg/debug_top.v:1093)
[EFX-0200 WARNING] Removing redundant signal : mux_capture_cmp[3]. (E:/Efinity/project/fnetriong/work_dbg/debug_top.v:3499)
[EFX-0200 WARNING] Removing redundant signal : mux_capture_cmp[2]. (E:/Efinity/project/fnetriong/work_dbg/debug_top.v:3499)
[EFX-0200 WARNING] Removing redundant signal : mux_capture_cmp[1]. (E:/Efinity/project/fnetriong/work_dbg/debug_top.v:3499)
[EFX-0200 WARNING] Removing redundant signal : mux_capture_cmp[0]. (E:/Efinity/project/fnetriong/work_dbg/debug_top.v:3499)
[EFX-0200 WARNING] Removing redundant signal : din[11]. (E:/Efinity/project/fnetriong/work_dbg/debug_top.v:4611)
[EFX-0200 WARNING] Removing redundant signal : trig_out. (E:/Efinity/project/fnetriong/work_dbg/debug_top.v:4890)
[EFX-0200 WARNING] Removing redundant signal : trig_out_ack. (E:/Efinity/project/fnetriong/work_dbg/debug_top.v:4891)
[EFX-0200 WARNING] Removing redundant signal : bscan_DRCK. (E:/Efinity/project/fnetriong/work_dbg/debug_top.v:1075)
[EFX-0200 WARNING] Removing redundant signal : bscan_RUNTEST. (E:/Efinity/project/fnetriong/work_dbg/debug_top.v:1077)
[EFX-0266 WARNING] Module Instance 'la0' input pin tied to constant (trig_in=0).
[EFX-0266 WARNING] Module Instance 'la0' input pin tied to constant (trig_out_ack=0).
[EFX-0201 WARNING] Re-wiring to GND non-driven net 'la0.probe4[0]'. (E:/Efinity/project/fnetriong/work_dbg/debug_top.v:102)
[EFX-0201 WARNING] Re-wiring to GND non-driven net 'la0.probe5[0]'. (E:/Efinity/project/fnetriong/work_dbg/debug_top.v:102)
[EFX-0201 WARNING] Re-wiring to GND non-driven net 'la0.probe6[0]'. (E:/Efinity/project/fnetriong/work_dbg/debug_top.v:102)
[EFX-0201 WARNING] Re-wiring to GND non-driven net 'la0.probe7[0]'. (E:/Efinity/project/fnetriong/work_dbg/debug_top.v:102)
[EFX-0201 WARNING] Re-wiring to GND non-driven net 'la0.probe8[0]'. (E:/Efinity/project/fnetriong/work_dbg/debug_top.v:102)
[EFX-0201 WARNING] Re-wiring to GND non-driven net 'la0.probe9[0]'. (E:/Efinity/project/fnetriong/work_dbg/debug_top.v:102)
[EFX-0201 WARNING] Re-wiring to GND non-driven net 'la0.probe10[0]'. (E:/Efinity/project/fnetriong/work_dbg/debug_top.v:102)
[EFX-0201 WARNING] Re-wiring to GND non-driven net 'la0.probe11[0]'. (E:/Efinity/project/fnetriong/work_dbg/debug_top.v:102)
[EFX-0201 WARNING] Re-wiring to GND non-driven net 'la0.probe12[0]'. (E:/Efinity/project/fnetriong/work_dbg/debug_top.v:102)
[EFX-0201 WARNING] Re-wiring to GND non-driven net 'la0.probe13[0]'. (E:/Efinity/project/fnetriong/work_dbg/debug_top.v:102)
[EFX-0266 WARNING] Module Instance 'la1' input pin tied to constant (trig_in=0).
[EFX-0266 WARNING] Module Instance 'la1' input pin tied to constant (trig_out_ack=0).
[EFX-0011 VERI-WARNING] Input/Inout Port bscan_DRCK is unconnected and will be removed 
[EFX-0011 VERI-WARNING] Input/Inout Port bscan_RUNTEST is unconnected and will be removed 
[EFX-0011 VERI-WARNING] Input/Inout Port bscan_TMS is unconnected and will be removed 

///////////////////////////////////
// Efinity Synthesis Started 
// Mar 07, 2023 16:42:29
///////////////////////////////////

[EFX-0266 WARNING] Module Instance 'fifo' input pin tied to constant (out_want_b=1).
[EFX-0200 WARNING] Removing redundant signal : start_found. (E:\Efinity\project\fnetriong\efnet_octet_to_word.vhd:60)
[EFX-0200 WARNING] Removing redundant signal : packet_start. (E:\Efinity\project\fnetriong\efnet_octet_to_word.vhd:62)
[EFX-0200 WARNING] Removing redundant signal : packet_end. (E:\Efinity\project\fnetriong\efnet_octet_to_word.vhd:63)
[EFX-0200 WARNING] Removing redundant signal : word[15]. (E:\Efinity\project\fnetriong\efnet_octet_to_word.vhd:65)
[EFX-0200 WARNING] Removing redundant signal : word[14]. (E:\Efinity\project\fnetriong\efnet_octet_to_word.vhd:65)
[EFX-0200 WARNING] Removing redundant signal : word[13]. (E:\Efinity\project\fnetriong\efnet_octet_to_word.vhd:65)
[EFX-0200 WARNING] Removing redundant signal : word[12]. (E:\Efinity\project\fnetriong\efnet_octet_to_word.vhd:65)
[EFX-0200 WARNING] Removing redundant signal : word[11]. (E:\Efinity\project\fnetriong\efnet_octet_to_word.vhd:65)
[EFX-0200 WARNING] Removing redundant signal : word[10]. (E:\Efinity\project\fnetriong\efnet_octet_to_word.vhd:65)
[EFX-0200 WARNING] Removing redundant signal : word[9]. (E:\Efinity\project\fnetriong\efnet_octet_to_word.vhd:65)
[EFX-0200 WARNING] Removing redundant signal : word[8]. (E:\Efinity\project\fnetriong\efnet_octet_to_word.vhd:65)
[EFX-0200 WARNING] Removing redundant signal : word[7]. (E:\Efinity\project\fnetriong\efnet_octet_to_word.vhd:65)
[EFX-0200 WARNING] Removing redundant signal : word[6]. (E:\Efinity\project\fnetriong\efnet_octet_to_word.vhd:65)
[EFX-0200 WARNING] Removing redundant signal : word[5]. (E:\Efinity\project\fnetriong\efnet_octet_to_word.vhd:65)
[EFX-0200 WARNING] Removing redundant signal : word[4]. (E:\Efinity\project\fnetriong\efnet_octet_to_word.vhd:65)
[EFX-0200 WARNING] Removing redundant signal : word[3]. (E:\Efinity\project\fnetriong\efnet_octet_to_word.vhd:65)
[EFX-0200 WARNING] Removing redundant signal : word[2]. (E:\Efinity\project\fnetriong\efnet_octet_to_word.vhd:65)
[EFX-0200 WARNING] Removing redundant signal : word[1]. (E:\Efinity\project\fnetriong\efnet_octet_to_word.vhd:65)
[EFX-0200 WARNING] Removing redundant signal : word[0]. (E:\Efinity\project\fnetriong\efnet_octet_to_word.vhd:65)
[EFX-0200 WARNING] Removing redundant signal : octet_counter[0]. (E:\Efinity\project\fnetriong\efnet_octet_to_word.vhd:66)
[EFX-0266 WARNING] Module Instance 'out_sm' input pin tied to constant (idx_tcp_prep[0][31]=0).
[EFX-0266 WARNING] Module Instance 'out_sm' input pin tied to constant (idx_tcp_prep[0][30]=0).
[EFX-0266 WARNING] Module Instance 'out_sm' input pin tied to constant (idx_tcp_prep[0][29]=0).
[EFX-0266 WARNING] Module Instance 'out_sm' input pin tied to constant (idx_tcp_prep[0][28]=0).
[EFX-0266 WARNING] Module Instance 'out_sm' input pin tied to constant (idx_tcp_prep[0][27]=0).
[EFX-0266 WARNING] Module Instance 'out_sm' input pin tied to constant (idx_tcp_prep[0][26]=0).
[EFX-0266 WARNING] Module Instance 'out_sm' input pin tied to constant (idx_tcp_prep[0][25]=0).
[EFX-0266 WARNING] Module Instance 'out_sm' input pin tied to constant (idx_tcp_prep[0][24]=0).
[EFX-0266 WARNING] Module Instance 'out_sm' input pin tied to constant (idx_tcp_prep[0][23]=0).
[EFX-0266 WARNING] Module Instance 'out_sm' input pin tied to constant (idx_tcp_prep[0][22]=0).
[EFX-0266 WARNING] Module Instance 'out_sm' input pin tied to constant (idx_tcp_prep[0][21]=0).
[EFX-0266 WARNING] Module Instance 'out_sm' input pin tied to constant (idx_tcp_prep[0][20]=0).
[EFX-0266 WARNING] Module Instance 'out_sm' input pin tied to constant (idx_tcp_prep[0][19]=0).
[EFX-0266 WARNING] Module Instance 'out_sm' input pin tied to constant (idx_tcp_prep[0][18]=0).
[EFX-0266 WARNING] Module Instance 'out_sm' input pin tied to constant (idx_tcp_prep[0][17]=0).
[EFX-0266 WARNING] Module Instance 'out_sm' input pin tied to constant (idx_tcp_prep[0][16]=0).
[EFX-0266 WARNING] Module Instance 'out_sm' input pin tied to constant (idx_tcp_prep[0][15]=0).
[EFX-0266 WARNING] Module Instance 'out_sm' input pin tied to constant (idx_tcp_prep[0][14]=0).
[EFX-0266 WARNING] Module Instance 'out_sm' input pin tied to constant (idx_tcp_prep[0][13]=0).
[EFX-0266 WARNING] Module Instance 'out_sm' input pin tied to constant (idx_tcp_prep[0][12]=0).
[EFX-0266 WARNING] Module Instance 'out_sm' input pin tied to constant (idx_tcp_prep[0][11]=0).
[EFX-0266 WARNING] Module Instance 'out_sm' input pin tied to constant (idx_tcp_prep[0][10]=0).
[EFX-0266 WARNING] Module Instance 'out_sm' input pin tied to constant (idx_tcp_prep[0][9]=0).
[EFX-0266 WARNING] Module Instance 'out_sm' input pin tied to constant (idx_tcp_prep[0][8]=0).
[EFX-0266 WARNING] Module Instance 'out_sm' input pin tied to constant (idx_tcp_prep[0][7]=0).
[EFX-0266 WARNING] Module Instance 'out_sm' input pin tied to constant (idx_tcp_prep[0][6]=0).
[EFX-0266 WARNING] Module Instance 'out_sm' input pin tied to constant (idx_tcp_prep[0][5]=0).
[EFX-0266 WARNING] Module Instance 'out_sm' input pin tied to constant (idx_tcp_prep[0][4]=0).
[EFX-0266 WARNING] Module Instance 'out_sm' input pin tied to constant (idx_tcp_prep[0][3]=0).
[EFX-0266 WARNING] Module Instance 'out_sm' input pin tied to constant (idx_tcp_prep[0][2]=1).
[EFX-0266 WARNING] Module Instance 'out_sm' input pin tied to constant (idx_tcp_prep[0][1]=0).
[EFX-0266 WARNING] Module Instance 'out_sm' input pin tied to constant (idx_tcp_prep[0][0]=1).
[EFX-0266 WARNING] Module Instance 'out_sm' input pin tied to constant (idx_tcp_prep[1][31]=0).
[EFX-0266 WARNING] Module Instance 'out_sm' input pin tied to constant (idx_tcp_prep[1][30]=0).
[EFX-0266 WARNING] Module Instance 'out_sm' input pin tied to constant (idx_tcp_prep[1][29]=0).
[EFX-0266 WARNING] Module Instance 'out_sm' input pin tied to constant (idx_tcp_prep[1][28]=0).
[EFX-0266 WARNING] Module Instance 'out_sm' input pin tied to constant (idx_tcp_prep[1][27]=0).
[EFX-0266 WARNING] Module Instance 'out_sm' input pin tied to constant (idx_tcp_prep[1][26]=0).
[EFX-0266 WARNING] Module Instance 'out_sm' input pin tied to constant (idx_tcp_prep[1][25]=0).
[EFX-0266 WARNING] Module Instance 'out_sm' input pin tied to constant (idx_tcp_prep[1][24]=0).
[EFX-0266 WARNING] Module Instance 'out_sm' input pin tied to constant (idx_tcp_prep[1][23]=0).
[EFX-0266 WARNING] Module Instance 'out_sm' input pin tied to constant (idx_tcp_prep[1][22]=0).
[EFX-0266 WARNING] Module Instance 'out_sm' input pin tied to constant (idx_tcp_prep[1][21]=0).
[EFX-0266 WARNING] Module Instance 'out_sm' input pin tied to constant (idx_tcp_prep[1][20]=0).
[EFX-0266 WARNING] Module Instance 'out_sm' input pin tied to constant (idx_tcp_prep[1][19]=0).
[EFX-0266 WARNING] Module Instance 'out_sm' input pin tied to constant (idx_tcp_prep[1][18]=0).
[EFX-0266 WARNING] Module Instance 'out_sm' input pin tied to constant (idx_tcp_prep[1][17]=0).
[EFX-0266 WARNING] Module Instance 'out_sm' input pin tied to constant (idx_tcp_prep[1][16]=0).
[EFX-0266 WARNING] Module Instance 'out_sm' input pin tied to constant (idx_tcp_prep[1][15]=0).
[EFX-0266 WARNING] Module Instance 'out_sm' input pin tied to constant (idx_tcp_prep[1][14]=0).
[EFX-0266 WARNING] Module Instance 'out_sm' input pin tied to constant (idx_tcp_prep[1][13]=0).
[EFX-0266 WARNING] Module Instance 'out_sm' input pin tied to constant (idx_tcp_prep[1][12]=0).
[EFX-0266 WARNING] Module Instance 'out_sm' input pin tied to constant (idx_tcp_prep[1][11]=0).
[EFX-0266 WARNING] Module Instance 'out_sm' input pin tied to constant (idx_tcp_prep[1][10]=0).
[EFX-0266 WARNING] Module Instance 'out_sm' input pin tied to constant (idx_tcp_prep[1][9]=0).
[EFX-0266 WARNING] Module Instance 'out_sm' input pin tied to constant (idx_tcp_prep[1][8]=0).
[EFX-0266 WARNING] Module Instance 'out_sm' input pin tied to constant (idx_tcp_prep[1][7]=0).
[EFX-0266 WARNING] Module Instance 'out_sm' input pin tied to constant (idx_tcp_prep[1][6]=0).
[EFX-0266 WARNING] Module Instance 'out_sm' input pin tied to constant (idx_tcp_prep[1][5]=0).
[EFX-0266 WARNING] Module Instance 'out_sm' input pin tied to constant (idx_tcp_prep[1][4]=0).
[EFX-0266 WARNING] Module Instance 'out_sm' input pin tied to constant (idx_tcp_prep[1][3]=0).
[EFX-0266 WARNING] Module Instance 'out_sm' input pin tied to constant (idx_tcp_prep[1][2]=1).
[EFX-0266 WARNING] Module Instance 'out_sm' input pin tied to constant (idx_tcp_prep[1][1]=1).
[EFX-0266 WARNING] Module Instance 'out_sm' input pin tied to constant (idx_tcp_prep[1][0]=0).
[EFX-0266 WARNING] Module Instance 'out_sm' input pin tied to constant (idx_gen[31]=0).
[EFX-0266 WARNING] Module Instance 'out_sm' input pin tied to constant (idx_gen[30]=0).
[EFX-0266 WARNING] Module Instance 'out_sm' input pin tied to constant (idx_gen[29]=0).
[EFX-0266 WARNING] Module Instance 'out_sm' input pin tied to constant (idx_gen[28]=0).
[EFX-0266 WARNING] Module Instance 'out_sm' input pin tied to constant (idx_gen[27]=0).
[EFX-0266 WARNING] Module Instance 'out_sm' input pin tied to constant (idx_gen[26]=0).
[EFX-0266 WARNING] Module Instance 'out_sm' input pin tied to constant (idx_gen[25]=0).
[EFX-0266 WARNING] Module Instance 'out_sm' input pin tied to constant (idx_gen[24]=0).
[EFX-0266 WARNING] Module Instance 'out_sm' input pin tied to constant (idx_gen[23]=0).
[EFX-0266 WARNING] Module Instance 'out_sm' input pin tied to constant (idx_gen[22]=0).
[EFX-0266 WARNING] Module Instance 'out_sm' input pin tied to constant (idx_gen[21]=0).
[EFX-0266 WARNING] Module Instance 'out_sm' input pin tied to constant (idx_gen[20]=0).
[EFX-0266 WARNING] Module Instance 'out_sm' input pin tied to constant (idx_gen[19]=0).
[EFX-0266 WARNING] Module Instance 'out_sm' input pin tied to constant (idx_gen[18]=0).
[EFX-0266 WARNING] Module Instance 'out_sm' input pin tied to constant (idx_gen[17]=0).
[EFX-0266 WARNING] Module Instance 'out_sm' input pin tied to constant (idx_gen[16]=0).
[EFX-0266 WARNING] Module Instance 'out_sm' input pin tied to constant (idx_gen[15]=0).
[EFX-0266 WARNING] Module Instance 'out_sm' input pin tied to constant (idx_gen[14]=0).
[EFX-0266 WARNING] Module Instance 'out_sm' input pin tied to constant (idx_gen[13]=0).
[EFX-0266 WARNING] Module Instance 'out_sm' input pin tied to constant (idx_gen[12]=0).
[EFX-0266 WARNING] Module Instance 'out_sm' input pin tied to constant (idx_gen[11]=0).
[EFX-0266 WARNING] Module Instance 'out_sm' input pin tied to constant (idx_gen[10]=0).
[EFX-0266 WARNING] Module Instance 'out_sm' input pin tied to constant (idx_gen[9]=0).
[EFX-0266 WARNING] Module Instance 'out_sm' input pin tied to constant (idx_gen[8]=0).
[EFX-0266 WARNING] Module Instance 'out_sm' input pin tied to constant (idx_gen[7]=0).
[EFX-0266 WARNING] Module Instance 'out_sm' input pin tied to constant (idx_gen[6]=0).
[EFX-0266 WARNING] Module Instance 'out_sm' input pin tied to constant (idx_gen[5]=0).
[EFX-0266 WARNING] Module Instance 'out_sm' input pin tied to constant (idx_gen[4]=0).
[EFX-0266 WARNING] Module Instance 'out_sm' input pin tied to constant (idx_gen[3]=0).
[EFX-0266 WARNING] Module Instance 'out_sm' input pin tied to constant (idx_gen[2]=0).
[EFX-0266 WARNING] Module Instance 'out_sm' input pin tied to constant (idx_gen[1]=0).
[EFX-0266 WARNING] Module Instance 'out_sm' input pin tied to constant (idx_gen[0]=1).
[EFX-0266 WARNING] Module Instance 'mdio' input pin tied to constant (b_req_data[31]=0).
[EFX-0266 WARNING] Module Instance 'mdio' input pin tied to constant (b_req_data[30]=0).
[EFX-0266 WARNING] Module Instance 'mdio' input pin tied to constant (b_req_data[29]=0).
[EFX-0201 WARNING] Re-wiring to GND non-driven net 'ram_udp_regidp.prod2.set_again'. (E:\Efinity\project\fnetriong\fakernet_module.vhd:134)
[EFX-0201 WARNING] Re-wiring to GND non-driven net 'ram_tcp_template.prod2.set_again'. (E:\Efinity\project\fnetriong\fakernet_module.vhd:136)
[EFX-0201 WARNING] Re-wiring to GND non-driven net 'ram_tcp_prep2[0].prod2.set_again'. (E:\Efinity\project\fnetriong\fakernet_module.vhd:137)
[EFX-0201 WARNING] Re-wiring to GND non-driven net 'ram_tcp_prep2[1].prod2.set_again'. (E:\Efinity\project\fnetriong\fakernet_module.vhd:137)
[EFX-0201 WARNING] Re-wiring to GND non-driven net 't/fakernet/dp_ram_arp_icmp.port_a.o.rd'. (E:\Efinity\project\fnetriong\fakernet_module.vhd:144)
[EFX-0201 WARNING] Re-wiring to GND non-driven net 't/fakernet/dp_ram_pkt_gen.port_a.o.rd'. (E:\Efinity\project\fnetriong\fakernet_module.vhd:145)
[EFX-0201 WARNING] Re-wiring to GND non-driven net 't/fakernet/dp_ram_udp_regacc.port_a.o.rd'. (E:\Efinity\project\fnetriong\fakernet_module.vhd:146)
[EFX-0201 WARNING] Re-wiring to GND non-driven net 't/fakernet/dp_ram_udp_regacc.port_b.o.wr'. (E:\Efinity\project\fnetriong\fakernet_module.vhd:146)
[EFX-0201 WARNING] Re-wiring to GND non-driven net 't/fakernet/dp_ram_udp_regidp.port_a.o.rd'. (E:\Efinity\project\fnetriong\fakernet_module.vhd:147)
[EFX-0201 WARNING] Re-wiring to GND non-driven net 't/fakernet/dp_ram_tcp_template.port_a.o.rd'. (E:\Efinity\project\fnetriong\fakernet_module.vhd:150)

///////////////////////////////////
// Efinity Synthesis Started 
// Mar 08, 2023 10:19:53
///////////////////////////////////

[EFX-0011 VERI-WARNING] port 'probe4' remains unconnected for this instance (VERI-1927) (E:/Efinity/project/fnetriong/work_dbg/debug_top.v:126)
[EFX-0011 VERI-WARNING] port 'probe4' remains unconnected for this instance (VERI-1927) (E:/Efinity/project/fnetriong/work_dbg/debug_top.v:169)
[EFX-0011 VERI-WARNING] expression size 256 truncated to fit in target size 64 (VERI-1209) (E:/Efinity/project/fnetriong/work_dbg/debug_top.v:3638)
[EFX-0011 VERI-WARNING] expression size 256 truncated to fit in target size 64 (VERI-1209) (E:/Efinity/project/fnetriong/work_dbg/debug_top.v:3638)
[EFX-0011 VERI-WARNING] input port 'probe4[0]' remains unconnected for this instance (VDB-1053) (E:/Efinity/project/fnetriong/work_dbg/debug_top.v:102)
[EFX-0011 VERI-WARNING] input port 'probe4[0]' remains unconnected for this instance (VDB-1053) (E:/Efinity/project/fnetriong/work_dbg/debug_top.v:145)
[EFX-0200 WARNING] Removing redundant signal : compared_in[0]. (E:/Efinity/project/fnetriong/work_dbg/debug_top.v:5508)
[EFX-0200 WARNING] Removing redundant signal : mask_in[0]. (E:/Efinity/project/fnetriong/work_dbg/debug_top.v:5509)
[EFX-0200 WARNING] Removing redundant signal : trigger_in. (E:/Efinity/project/fnetriong/work_dbg/debug_top.v:5719)
[EFX-0200 WARNING] Removing redundant signal : din[17]. (E:/Efinity/project/fnetriong/work_dbg/debug_top.v:4611)
[EFX-0200 WARNING] Removing redundant signal : trig_out. (E:/Efinity/project/fnetriong/work_dbg/debug_top.v:4890)
[EFX-0200 WARNING] Removing redundant signal : trig_out_ack. (E:/Efinity/project/fnetriong/work_dbg/debug_top.v:4891)
[EFX-0200 WARNING] Removing redundant signal : bscan_DRCK. (E:/Efinity/project/fnetriong/work_dbg/debug_top.v:1075)
[EFX-0200 WARNING] Removing redundant signal : bscan_RUNTEST. (E:/Efinity/project/fnetriong/work_dbg/debug_top.v:1077)
[EFX-0200 WARNING] Removing redundant signal : bscan_SEL. (E:/Efinity/project/fnetriong/work_dbg/debug_top.v:1078)
[EFX-0200 WARNING] Removing redundant signal : bscan_TMS. (E:/Efinity/project/fnetriong/work_dbg/debug_top.v:1082)
[EFX-0200 WARNING] Removing redundant signal : trig_in_ack. (E:/Efinity/project/fnetriong/work_dbg/debug_top.v:1093)
[EFX-0200 WARNING] Removing redundant signal : mux_capture_cmp[3]. (E:/Efinity/project/fnetriong/work_dbg/debug_top.v:3499)
[EFX-0200 WARNING] Removing redundant signal : mux_capture_cmp[2]. (E:/Efinity/project/fnetriong/work_dbg/debug_top.v:3499)
[EFX-0200 WARNING] Removing redundant signal : mux_capture_cmp[1]. (E:/Efinity/project/fnetriong/work_dbg/debug_top.v:3499)
[EFX-0200 WARNING] Removing redundant signal : mux_capture_cmp[0]. (E:/Efinity/project/fnetriong/work_dbg/debug_top.v:3499)
[EFX-0200 WARNING] Removing redundant signal : din[11]. (E:/Efinity/project/fnetriong/work_dbg/debug_top.v:4611)
[EFX-0200 WARNING] Removing redundant signal : trig_out. (E:/Efinity/project/fnetriong/work_dbg/debug_top.v:4890)
[EFX-0200 WARNING] Removing redundant signal : trig_out_ack. (E:/Efinity/project/fnetriong/work_dbg/debug_top.v:4891)
[EFX-0200 WARNING] Removing redundant signal : bscan_DRCK. (E:/Efinity/project/fnetriong/work_dbg/debug_top.v:1075)
[EFX-0200 WARNING] Removing redundant signal : bscan_RUNTEST. (E:/Efinity/project/fnetriong/work_dbg/debug_top.v:1077)
[EFX-0266 WARNING] Module Instance 'la0' input pin tied to constant (trig_in=0).
[EFX-0266 WARNING] Module Instance 'la0' input pin tied to constant (trig_out_ack=0).
[EFX-0201 WARNING] Re-wiring to GND non-driven net 'la0.probe4[0]'. (E:/Efinity/project/fnetriong/work_dbg/debug_top.v:102)
[EFX-0201 WARNING] Re-wiring to GND non-driven net 'la0.probe5[0]'. (E:/Efinity/project/fnetriong/work_dbg/debug_top.v:102)
[EFX-0201 WARNING] Re-wiring to GND non-driven net 'la0.probe6[0]'. (E:/Efinity/project/fnetriong/work_dbg/debug_top.v:102)
[EFX-0201 WARNING] Re-wiring to GND non-driven net 'la0.probe7[0]'. (E:/Efinity/project/fnetriong/work_dbg/debug_top.v:102)
[EFX-0201 WARNING] Re-wiring to GND non-driven net 'la0.probe8[0]'. (E:/Efinity/project/fnetriong/work_dbg/debug_top.v:102)
[EFX-0201 WARNING] Re-wiring to GND non-driven net 'la0.probe9[0]'. (E:/Efinity/project/fnetriong/work_dbg/debug_top.v:102)
[EFX-0201 WARNING] Re-wiring to GND non-driven net 'la0.probe10[0]'. (E:/Efinity/project/fnetriong/work_dbg/debug_top.v:102)
[EFX-0201 WARNING] Re-wiring to GND non-driven net 'la0.probe11[0]'. (E:/Efinity/project/fnetriong/work_dbg/debug_top.v:102)
[EFX-0201 WARNING] Re-wiring to GND non-driven net 'la0.probe12[0]'. (E:/Efinity/project/fnetriong/work_dbg/debug_top.v:102)
[EFX-0201 WARNING] Re-wiring to GND non-driven net 'la0.probe13[0]'. (E:/Efinity/project/fnetriong/work_dbg/debug_top.v:102)
[EFX-0266 WARNING] Module Instance 'la1' input pin tied to constant (trig_in=0).
[EFX-0266 WARNING] Module Instance 'la1' input pin tied to constant (trig_out_ack=0).
[EFX-0011 VERI-WARNING] Input/Inout Port bscan_DRCK is unconnected and will be removed 
[EFX-0011 VERI-WARNING] Input/Inout Port bscan_RUNTEST is unconnected and will be removed 
[EFX-0011 VERI-WARNING] Input/Inout Port bscan_TMS is unconnected and will be removed 

///////////////////////////////////
// Efinity Synthesis Started 
// Mar 08, 2023 10:20:23
///////////////////////////////////

[EFX-0266 WARNING] Module Instance 'fifo' input pin tied to constant (out_want_b=1).
[EFX-0200 WARNING] Removing redundant signal : start_found. (E:\Efinity\project\fnetriong\efnet_octet_to_word.vhd:60)
[EFX-0200 WARNING] Removing redundant signal : packet_start. (E:\Efinity\project\fnetriong\efnet_octet_to_word.vhd:62)
[EFX-0200 WARNING] Removing redundant signal : packet_end. (E:\Efinity\project\fnetriong\efnet_octet_to_word.vhd:63)
[EFX-0200 WARNING] Removing redundant signal : word[15]. (E:\Efinity\project\fnetriong\efnet_octet_to_word.vhd:65)
[EFX-0200 WARNING] Removing redundant signal : word[14]. (E:\Efinity\project\fnetriong\efnet_octet_to_word.vhd:65)
[EFX-0200 WARNING] Removing redundant signal : word[13]. (E:\Efinity\project\fnetriong\efnet_octet_to_word.vhd:65)
[EFX-0200 WARNING] Removing redundant signal : word[12]. (E:\Efinity\project\fnetriong\efnet_octet_to_word.vhd:65)
[EFX-0200 WARNING] Removing redundant signal : word[11]. (E:\Efinity\project\fnetriong\efnet_octet_to_word.vhd:65)
[EFX-0200 WARNING] Removing redundant signal : word[10]. (E:\Efinity\project\fnetriong\efnet_octet_to_word.vhd:65)
[EFX-0200 WARNING] Removing redundant signal : word[9]. (E:\Efinity\project\fnetriong\efnet_octet_to_word.vhd:65)
[EFX-0200 WARNING] Removing redundant signal : word[8]. (E:\Efinity\project\fnetriong\efnet_octet_to_word.vhd:65)
[EFX-0200 WARNING] Removing redundant signal : word[7]. (E:\Efinity\project\fnetriong\efnet_octet_to_word.vhd:65)
[EFX-0200 WARNING] Removing redundant signal : word[6]. (E:\Efinity\project\fnetriong\efnet_octet_to_word.vhd:65)
[EFX-0200 WARNING] Removing redundant signal : word[5]. (E:\Efinity\project\fnetriong\efnet_octet_to_word.vhd:65)
[EFX-0200 WARNING] Removing redundant signal : word[4]. (E:\Efinity\project\fnetriong\efnet_octet_to_word.vhd:65)
[EFX-0200 WARNING] Removing redundant signal : word[3]. (E:\Efinity\project\fnetriong\efnet_octet_to_word.vhd:65)
[EFX-0200 WARNING] Removing redundant signal : word[2]. (E:\Efinity\project\fnetriong\efnet_octet_to_word.vhd:65)
[EFX-0200 WARNING] Removing redundant signal : word[1]. (E:\Efinity\project\fnetriong\efnet_octet_to_word.vhd:65)
[EFX-0200 WARNING] Removing redundant signal : word[0]. (E:\Efinity\project\fnetriong\efnet_octet_to_word.vhd:65)
[EFX-0200 WARNING] Removing redundant signal : octet_counter[0]. (E:\Efinity\project\fnetriong\efnet_octet_to_word.vhd:66)
[EFX-0266 WARNING] Module Instance 'out_sm' input pin tied to constant (idx_tcp_prep[0][31]=0).
[EFX-0266 WARNING] Module Instance 'out_sm' input pin tied to constant (idx_tcp_prep[0][30]=0).
[EFX-0266 WARNING] Module Instance 'out_sm' input pin tied to constant (idx_tcp_prep[0][29]=0).
[EFX-0266 WARNING] Module Instance 'out_sm' input pin tied to constant (idx_tcp_prep[0][28]=0).
[EFX-0266 WARNING] Module Instance 'out_sm' input pin tied to constant (idx_tcp_prep[0][27]=0).
[EFX-0266 WARNING] Module Instance 'out_sm' input pin tied to constant (idx_tcp_prep[0][26]=0).
[EFX-0266 WARNING] Module Instance 'out_sm' input pin tied to constant (idx_tcp_prep[0][25]=0).
[EFX-0266 WARNING] Module Instance 'out_sm' input pin tied to constant (idx_tcp_prep[0][24]=0).
[EFX-0266 WARNING] Module Instance 'out_sm' input pin tied to constant (idx_tcp_prep[0][23]=0).
[EFX-0266 WARNING] Module Instance 'out_sm' input pin tied to constant (idx_tcp_prep[0][22]=0).
[EFX-0266 WARNING] Module Instance 'out_sm' input pin tied to constant (idx_tcp_prep[0][21]=0).
[EFX-0266 WARNING] Module Instance 'out_sm' input pin tied to constant (idx_tcp_prep[0][20]=0).
[EFX-0266 WARNING] Module Instance 'out_sm' input pin tied to constant (idx_tcp_prep[0][19]=0).
[EFX-0266 WARNING] Module Instance 'out_sm' input pin tied to constant (idx_tcp_prep[0][18]=0).
[EFX-0266 WARNING] Module Instance 'out_sm' input pin tied to constant (idx_tcp_prep[0][17]=0).
[EFX-0266 WARNING] Module Instance 'out_sm' input pin tied to constant (idx_tcp_prep[0][16]=0).
[EFX-0266 WARNING] Module Instance 'out_sm' input pin tied to constant (idx_tcp_prep[0][15]=0).
[EFX-0266 WARNING] Module Instance 'out_sm' input pin tied to constant (idx_tcp_prep[0][14]=0).
[EFX-0266 WARNING] Module Instance 'out_sm' input pin tied to constant (idx_tcp_prep[0][13]=0).
[EFX-0266 WARNING] Module Instance 'out_sm' input pin tied to constant (idx_tcp_prep[0][12]=0).
[EFX-0266 WARNING] Module Instance 'out_sm' input pin tied to constant (idx_tcp_prep[0][11]=0).
[EFX-0266 WARNING] Module Instance 'out_sm' input pin tied to constant (idx_tcp_prep[0][10]=0).
[EFX-0266 WARNING] Module Instance 'out_sm' input pin tied to constant (idx_tcp_prep[0][9]=0).
[EFX-0266 WARNING] Module Instance 'out_sm' input pin tied to constant (idx_tcp_prep[0][8]=0).
[EFX-0266 WARNING] Module Instance 'out_sm' input pin tied to constant (idx_tcp_prep[0][7]=0).
[EFX-0266 WARNING] Module Instance 'out_sm' input pin tied to constant (idx_tcp_prep[0][6]=0).
[EFX-0266 WARNING] Module Instance 'out_sm' input pin tied to constant (idx_tcp_prep[0][5]=0).
[EFX-0266 WARNING] Module Instance 'out_sm' input pin tied to constant (idx_tcp_prep[0][4]=0).
[EFX-0266 WARNING] Module Instance 'out_sm' input pin tied to constant (idx_tcp_prep[0][3]=0).
[EFX-0266 WARNING] Module Instance 'out_sm' input pin tied to constant (idx_tcp_prep[0][2]=1).
[EFX-0266 WARNING] Module Instance 'out_sm' input pin tied to constant (idx_tcp_prep[0][1]=0).
[EFX-0266 WARNING] Module Instance 'out_sm' input pin tied to constant (idx_tcp_prep[0][0]=1).
[EFX-0266 WARNING] Module Instance 'out_sm' input pin tied to constant (idx_tcp_prep[1][31]=0).
[EFX-0266 WARNING] Module Instance 'out_sm' input pin tied to constant (idx_tcp_prep[1][30]=0).
[EFX-0266 WARNING] Module Instance 'out_sm' input pin tied to constant (idx_tcp_prep[1][29]=0).
[EFX-0266 WARNING] Module Instance 'out_sm' input pin tied to constant (idx_tcp_prep[1][28]=0).
[EFX-0266 WARNING] Module Instance 'out_sm' input pin tied to constant (idx_tcp_prep[1][27]=0).
[EFX-0266 WARNING] Module Instance 'out_sm' input pin tied to constant (idx_tcp_prep[1][26]=0).
[EFX-0266 WARNING] Module Instance 'out_sm' input pin tied to constant (idx_tcp_prep[1][25]=0).
[EFX-0266 WARNING] Module Instance 'out_sm' input pin tied to constant (idx_tcp_prep[1][24]=0).
[EFX-0266 WARNING] Module Instance 'out_sm' input pin tied to constant (idx_tcp_prep[1][23]=0).
[EFX-0266 WARNING] Module Instance 'out_sm' input pin tied to constant (idx_tcp_prep[1][22]=0).
[EFX-0266 WARNING] Module Instance 'out_sm' input pin tied to constant (idx_tcp_prep[1][21]=0).
[EFX-0266 WARNING] Module Instance 'out_sm' input pin tied to constant (idx_tcp_prep[1][20]=0).
[EFX-0266 WARNING] Module Instance 'out_sm' input pin tied to constant (idx_tcp_prep[1][19]=0).
[EFX-0266 WARNING] Module Instance 'out_sm' input pin tied to constant (idx_tcp_prep[1][18]=0).
[EFX-0266 WARNING] Module Instance 'out_sm' input pin tied to constant (idx_tcp_prep[1][17]=0).
[EFX-0266 WARNING] Module Instance 'out_sm' input pin tied to constant (idx_tcp_prep[1][16]=0).
[EFX-0266 WARNING] Module Instance 'out_sm' input pin tied to constant (idx_tcp_prep[1][15]=0).
[EFX-0266 WARNING] Module Instance 'out_sm' input pin tied to constant (idx_tcp_prep[1][14]=0).
[EFX-0266 WARNING] Module Instance 'out_sm' input pin tied to constant (idx_tcp_prep[1][13]=0).
[EFX-0266 WARNING] Module Instance 'out_sm' input pin tied to constant (idx_tcp_prep[1][12]=0).
[EFX-0266 WARNING] Module Instance 'out_sm' input pin tied to constant (idx_tcp_prep[1][11]=0).
[EFX-0266 WARNING] Module Instance 'out_sm' input pin tied to constant (idx_tcp_prep[1][10]=0).
[EFX-0266 WARNING] Module Instance 'out_sm' input pin tied to constant (idx_tcp_prep[1][9]=0).
[EFX-0266 WARNING] Module Instance 'out_sm' input pin tied to constant (idx_tcp_prep[1][8]=0).
[EFX-0266 WARNING] Module Instance 'out_sm' input pin tied to constant (idx_tcp_prep[1][7]=0).
[EFX-0266 WARNING] Module Instance 'out_sm' input pin tied to constant (idx_tcp_prep[1][6]=0).
[EFX-0266 WARNING] Module Instance 'out_sm' input pin tied to constant (idx_tcp_prep[1][5]=0).
[EFX-0266 WARNING] Module Instance 'out_sm' input pin tied to constant (idx_tcp_prep[1][4]=0).
[EFX-0266 WARNING] Module Instance 'out_sm' input pin tied to constant (idx_tcp_prep[1][3]=0).
[EFX-0266 WARNING] Module Instance 'out_sm' input pin tied to constant (idx_tcp_prep[1][2]=1).
[EFX-0266 WARNING] Module Instance 'out_sm' input pin tied to constant (idx_tcp_prep[1][1]=1).
[EFX-0266 WARNING] Module Instance 'out_sm' input pin tied to constant (idx_tcp_prep[1][0]=0).
[EFX-0266 WARNING] Module Instance 'out_sm' input pin tied to constant (idx_gen[31]=0).
[EFX-0266 WARNING] Module Instance 'out_sm' input pin tied to constant (idx_gen[30]=0).
[EFX-0266 WARNING] Module Instance 'out_sm' input pin tied to constant (idx_gen[29]=0).
[EFX-0266 WARNING] Module Instance 'out_sm' input pin tied to constant (idx_gen[28]=0).
[EFX-0266 WARNING] Module Instance 'out_sm' input pin tied to constant (idx_gen[27]=0).
[EFX-0266 WARNING] Module Instance 'out_sm' input pin tied to constant (idx_gen[26]=0).
[EFX-0266 WARNING] Module Instance 'out_sm' input pin tied to constant (idx_gen[25]=0).
[EFX-0266 WARNING] Module Instance 'out_sm' input pin tied to constant (idx_gen[24]=0).
[EFX-0266 WARNING] Module Instance 'out_sm' input pin tied to constant (idx_gen[23]=0).
[EFX-0266 WARNING] Module Instance 'out_sm' input pin tied to constant (idx_gen[22]=0).
[EFX-0266 WARNING] Module Instance 'out_sm' input pin tied to constant (idx_gen[21]=0).
[EFX-0266 WARNING] Module Instance 'out_sm' input pin tied to constant (idx_gen[20]=0).
[EFX-0266 WARNING] Module Instance 'out_sm' input pin tied to constant (idx_gen[19]=0).
[EFX-0266 WARNING] Module Instance 'out_sm' input pin tied to constant (idx_gen[18]=0).
[EFX-0266 WARNING] Module Instance 'out_sm' input pin tied to constant (idx_gen[17]=0).
[EFX-0266 WARNING] Module Instance 'out_sm' input pin tied to constant (idx_gen[16]=0).
[EFX-0266 WARNING] Module Instance 'out_sm' input pin tied to constant (idx_gen[15]=0).
[EFX-0266 WARNING] Module Instance 'out_sm' input pin tied to constant (idx_gen[14]=0).
[EFX-0266 WARNING] Module Instance 'out_sm' input pin tied to constant (idx_gen[13]=0).
[EFX-0266 WARNING] Module Instance 'out_sm' input pin tied to constant (idx_gen[12]=0).
[EFX-0266 WARNING] Module Instance 'out_sm' input pin tied to constant (idx_gen[11]=0).
[EFX-0266 WARNING] Module Instance 'out_sm' input pin tied to constant (idx_gen[10]=0).
[EFX-0266 WARNING] Module Instance 'out_sm' input pin tied to constant (idx_gen[9]=0).
[EFX-0266 WARNING] Module Instance 'out_sm' input pin tied to constant (idx_gen[8]=0).
[EFX-0266 WARNING] Module Instance 'out_sm' input pin tied to constant (idx_gen[7]=0).
[EFX-0266 WARNING] Module Instance 'out_sm' input pin tied to constant (idx_gen[6]=0).
[EFX-0266 WARNING] Module Instance 'out_sm' input pin tied to constant (idx_gen[5]=0).
[EFX-0266 WARNING] Module Instance 'out_sm' input pin tied to constant (idx_gen[4]=0).
[EFX-0266 WARNING] Module Instance 'out_sm' input pin tied to constant (idx_gen[3]=0).
[EFX-0266 WARNING] Module Instance 'out_sm' input pin tied to constant (idx_gen[2]=0).
[EFX-0266 WARNING] Module Instance 'out_sm' input pin tied to constant (idx_gen[1]=0).
[EFX-0266 WARNING] Module Instance 'out_sm' input pin tied to constant (idx_gen[0]=1).
[EFX-0266 WARNING] Module Instance 'mdio' input pin tied to constant (b_req_data[31]=0).
[EFX-0266 WARNING] Module Instance 'mdio' input pin tied to constant (b_req_data[30]=0).
[EFX-0266 WARNING] Module Instance 'mdio' input pin tied to constant (b_req_data[29]=0).
[EFX-0201 WARNING] Re-wiring to GND non-driven net 'ram_udp_regidp.prod2.set_again'. (E:\Efinity\project\fnetriong\fakernet_module.vhd:134)
[EFX-0201 WARNING] Re-wiring to GND non-driven net 'ram_tcp_template.prod2.set_again'. (E:\Efinity\project\fnetriong\fakernet_module.vhd:136)
[EFX-0201 WARNING] Re-wiring to GND non-driven net 'ram_tcp_prep2[0].prod2.set_again'. (E:\Efinity\project\fnetriong\fakernet_module.vhd:137)
[EFX-0201 WARNING] Re-wiring to GND non-driven net 'ram_tcp_prep2[1].prod2.set_again'. (E:\Efinity\project\fnetriong\fakernet_module.vhd:137)
[EFX-0201 WARNING] Re-wiring to GND non-driven net 't/fakernet/dp_ram_arp_icmp.port_a.o.rd'. (E:\Efinity\project\fnetriong\fakernet_module.vhd:144)
[EFX-0201 WARNING] Re-wiring to GND non-driven net 't/fakernet/dp_ram_pkt_gen.port_a.o.rd'. (E:\Efinity\project\fnetriong\fakernet_module.vhd:145)
[EFX-0201 WARNING] Re-wiring to GND non-driven net 't/fakernet/dp_ram_udp_regacc.port_a.o.rd'. (E:\Efinity\project\fnetriong\fakernet_module.vhd:146)
[EFX-0201 WARNING] Re-wiring to GND non-driven net 't/fakernet/dp_ram_udp_regacc.port_b.o.wr'. (E:\Efinity\project\fnetriong\fakernet_module.vhd:146)
[EFX-0201 WARNING] Re-wiring to GND non-driven net 't/fakernet/dp_ram_udp_regidp.port_a.o.rd'. (E:\Efinity\project\fnetriong\fakernet_module.vhd:147)
[EFX-0201 WARNING] Re-wiring to GND non-driven net 't/fakernet/dp_ram_tcp_template.port_a.o.rd'. (E:\Efinity\project\fnetriong\fakernet_module.vhd:150)

///////////////////////////////////
// Efinity Synthesis Started 
// Mar 08, 2023 10:39:42
///////////////////////////////////

[EFX-0011 VERI-WARNING] port 'probe4' remains unconnected for this instance (VERI-1927) (E:/Efinity/project/fnetriong/work_dbg/debug_top.v:126)
[EFX-0011 VERI-WARNING] port 'probe4' remains unconnected for this instance (VERI-1927) (E:/Efinity/project/fnetriong/work_dbg/debug_top.v:169)
[EFX-0011 VERI-WARNING] expression size 256 truncated to fit in target size 64 (VERI-1209) (E:/Efinity/project/fnetriong/work_dbg/debug_top.v:3638)
[EFX-0011 VERI-WARNING] expression size 256 truncated to fit in target size 64 (VERI-1209) (E:/Efinity/project/fnetriong/work_dbg/debug_top.v:3638)
[EFX-0011 VERI-WARNING] input port 'probe4[0]' remains unconnected for this instance (VDB-1053) (E:/Efinity/project/fnetriong/work_dbg/debug_top.v:102)
[EFX-0011 VERI-WARNING] input port 'probe4[0]' remains unconnected for this instance (VDB-1053) (E:/Efinity/project/fnetriong/work_dbg/debug_top.v:145)
[EFX-0200 WARNING] Removing redundant signal : compared_in[0]. (E:/Efinity/project/fnetriong/work_dbg/debug_top.v:5508)
[EFX-0200 WARNING] Removing redundant signal : mask_in[0]. (E:/Efinity/project/fnetriong/work_dbg/debug_top.v:5509)
[EFX-0200 WARNING] Removing redundant signal : trigger_in. (E:/Efinity/project/fnetriong/work_dbg/debug_top.v:5719)
[EFX-0200 WARNING] Removing redundant signal : din[17]. (E:/Efinity/project/fnetriong/work_dbg/debug_top.v:4611)
[EFX-0200 WARNING] Removing redundant signal : trig_out. (E:/Efinity/project/fnetriong/work_dbg/debug_top.v:4890)
[EFX-0200 WARNING] Removing redundant signal : trig_out_ack. (E:/Efinity/project/fnetriong/work_dbg/debug_top.v:4891)
[EFX-0200 WARNING] Removing redundant signal : bscan_DRCK. (E:/Efinity/project/fnetriong/work_dbg/debug_top.v:1075)
[EFX-0200 WARNING] Removing redundant signal : bscan_RUNTEST. (E:/Efinity/project/fnetriong/work_dbg/debug_top.v:1077)
[EFX-0200 WARNING] Removing redundant signal : bscan_SEL. (E:/Efinity/project/fnetriong/work_dbg/debug_top.v:1078)
[EFX-0200 WARNING] Removing redundant signal : bscan_TMS. (E:/Efinity/project/fnetriong/work_dbg/debug_top.v:1082)
[EFX-0200 WARNING] Removing redundant signal : trig_in_ack. (E:/Efinity/project/fnetriong/work_dbg/debug_top.v:1093)
[EFX-0200 WARNING] Removing redundant signal : mux_capture_cmp[3]. (E:/Efinity/project/fnetriong/work_dbg/debug_top.v:3499)
[EFX-0200 WARNING] Removing redundant signal : mux_capture_cmp[2]. (E:/Efinity/project/fnetriong/work_dbg/debug_top.v:3499)
[EFX-0200 WARNING] Removing redundant signal : mux_capture_cmp[1]. (E:/Efinity/project/fnetriong/work_dbg/debug_top.v:3499)
[EFX-0200 WARNING] Removing redundant signal : mux_capture_cmp[0]. (E:/Efinity/project/fnetriong/work_dbg/debug_top.v:3499)
[EFX-0200 WARNING] Removing redundant signal : din[11]. (E:/Efinity/project/fnetriong/work_dbg/debug_top.v:4611)
[EFX-0200 WARNING] Removing redundant signal : trig_out. (E:/Efinity/project/fnetriong/work_dbg/debug_top.v:4890)
[EFX-0200 WARNING] Removing redundant signal : trig_out_ack. (E:/Efinity/project/fnetriong/work_dbg/debug_top.v:4891)
[EFX-0200 WARNING] Removing redundant signal : bscan_DRCK. (E:/Efinity/project/fnetriong/work_dbg/debug_top.v:1075)
[EFX-0200 WARNING] Removing redundant signal : bscan_RUNTEST. (E:/Efinity/project/fnetriong/work_dbg/debug_top.v:1077)
[EFX-0266 WARNING] Module Instance 'la0' input pin tied to constant (trig_in=0).
[EFX-0266 WARNING] Module Instance 'la0' input pin tied to constant (trig_out_ack=0).
[EFX-0201 WARNING] Re-wiring to GND non-driven net 'la0.probe4[0]'. (E:/Efinity/project/fnetriong/work_dbg/debug_top.v:102)
[EFX-0201 WARNING] Re-wiring to GND non-driven net 'la0.probe5[0]'. (E:/Efinity/project/fnetriong/work_dbg/debug_top.v:102)
[EFX-0201 WARNING] Re-wiring to GND non-driven net 'la0.probe6[0]'. (E:/Efinity/project/fnetriong/work_dbg/debug_top.v:102)
[EFX-0201 WARNING] Re-wiring to GND non-driven net 'la0.probe7[0]'. (E:/Efinity/project/fnetriong/work_dbg/debug_top.v:102)
[EFX-0201 WARNING] Re-wiring to GND non-driven net 'la0.probe8[0]'. (E:/Efinity/project/fnetriong/work_dbg/debug_top.v:102)
[EFX-0201 WARNING] Re-wiring to GND non-driven net 'la0.probe9[0]'. (E:/Efinity/project/fnetriong/work_dbg/debug_top.v:102)
[EFX-0201 WARNING] Re-wiring to GND non-driven net 'la0.probe10[0]'. (E:/Efinity/project/fnetriong/work_dbg/debug_top.v:102)
[EFX-0201 WARNING] Re-wiring to GND non-driven net 'la0.probe11[0]'. (E:/Efinity/project/fnetriong/work_dbg/debug_top.v:102)
[EFX-0201 WARNING] Re-wiring to GND non-driven net 'la0.probe12[0]'. (E:/Efinity/project/fnetriong/work_dbg/debug_top.v:102)
[EFX-0201 WARNING] Re-wiring to GND non-driven net 'la0.probe13[0]'. (E:/Efinity/project/fnetriong/work_dbg/debug_top.v:102)
[EFX-0266 WARNING] Module Instance 'la1' input pin tied to constant (trig_in=0).
[EFX-0266 WARNING] Module Instance 'la1' input pin tied to constant (trig_out_ack=0).
[EFX-0011 VERI-WARNING] Input/Inout Port bscan_DRCK is unconnected and will be removed 
[EFX-0011 VERI-WARNING] Input/Inout Port bscan_RUNTEST is unconnected and will be removed 
[EFX-0011 VERI-WARNING] Input/Inout Port bscan_TMS is unconnected and will be removed 

///////////////////////////////////
// Efinity Synthesis Started 
// Mar 08, 2023 10:40:13
///////////////////////////////////

[EFX-0266 WARNING] Module Instance 'fifo' input pin tied to constant (out_want_b=1).
[EFX-0200 WARNING] Removing redundant signal : start_found. (E:\Efinity\project\fnetriong\efnet_octet_to_word.vhd:60)
[EFX-0200 WARNING] Removing redundant signal : packet_start. (E:\Efinity\project\fnetriong\efnet_octet_to_word.vhd:62)
[EFX-0200 WARNING] Removing redundant signal : packet_end. (E:\Efinity\project\fnetriong\efnet_octet_to_word.vhd:63)
[EFX-0200 WARNING] Removing redundant signal : word[15]. (E:\Efinity\project\fnetriong\efnet_octet_to_word.vhd:65)
[EFX-0200 WARNING] Removing redundant signal : word[14]. (E:\Efinity\project\fnetriong\efnet_octet_to_word.vhd:65)
[EFX-0200 WARNING] Removing redundant signal : word[13]. (E:\Efinity\project\fnetriong\efnet_octet_to_word.vhd:65)
[EFX-0200 WARNING] Removing redundant signal : word[12]. (E:\Efinity\project\fnetriong\efnet_octet_to_word.vhd:65)
[EFX-0200 WARNING] Removing redundant signal : word[11]. (E:\Efinity\project\fnetriong\efnet_octet_to_word.vhd:65)
[EFX-0200 WARNING] Removing redundant signal : word[10]. (E:\Efinity\project\fnetriong\efnet_octet_to_word.vhd:65)
[EFX-0200 WARNING] Removing redundant signal : word[9]. (E:\Efinity\project\fnetriong\efnet_octet_to_word.vhd:65)
[EFX-0200 WARNING] Removing redundant signal : word[8]. (E:\Efinity\project\fnetriong\efnet_octet_to_word.vhd:65)
[EFX-0200 WARNING] Removing redundant signal : word[7]. (E:\Efinity\project\fnetriong\efnet_octet_to_word.vhd:65)
[EFX-0200 WARNING] Removing redundant signal : word[6]. (E:\Efinity\project\fnetriong\efnet_octet_to_word.vhd:65)
[EFX-0200 WARNING] Removing redundant signal : word[5]. (E:\Efinity\project\fnetriong\efnet_octet_to_word.vhd:65)
[EFX-0200 WARNING] Removing redundant signal : word[4]. (E:\Efinity\project\fnetriong\efnet_octet_to_word.vhd:65)
[EFX-0200 WARNING] Removing redundant signal : word[3]. (E:\Efinity\project\fnetriong\efnet_octet_to_word.vhd:65)
[EFX-0200 WARNING] Removing redundant signal : word[2]. (E:\Efinity\project\fnetriong\efnet_octet_to_word.vhd:65)
[EFX-0200 WARNING] Removing redundant signal : word[1]. (E:\Efinity\project\fnetriong\efnet_octet_to_word.vhd:65)
[EFX-0200 WARNING] Removing redundant signal : word[0]. (E:\Efinity\project\fnetriong\efnet_octet_to_word.vhd:65)
[EFX-0200 WARNING] Removing redundant signal : octet_counter[0]. (E:\Efinity\project\fnetriong\efnet_octet_to_word.vhd:66)
[EFX-0266 WARNING] Module Instance 'out_sm' input pin tied to constant (idx_tcp_prep[0][31]=0).
[EFX-0266 WARNING] Module Instance 'out_sm' input pin tied to constant (idx_tcp_prep[0][30]=0).
[EFX-0266 WARNING] Module Instance 'out_sm' input pin tied to constant (idx_tcp_prep[0][29]=0).
[EFX-0266 WARNING] Module Instance 'out_sm' input pin tied to constant (idx_tcp_prep[0][28]=0).
[EFX-0266 WARNING] Module Instance 'out_sm' input pin tied to constant (idx_tcp_prep[0][27]=0).
[EFX-0266 WARNING] Module Instance 'out_sm' input pin tied to constant (idx_tcp_prep[0][26]=0).
[EFX-0266 WARNING] Module Instance 'out_sm' input pin tied to constant (idx_tcp_prep[0][25]=0).
[EFX-0266 WARNING] Module Instance 'out_sm' input pin tied to constant (idx_tcp_prep[0][24]=0).
[EFX-0266 WARNING] Module Instance 'out_sm' input pin tied to constant (idx_tcp_prep[0][23]=0).
[EFX-0266 WARNING] Module Instance 'out_sm' input pin tied to constant (idx_tcp_prep[0][22]=0).
[EFX-0266 WARNING] Module Instance 'out_sm' input pin tied to constant (idx_tcp_prep[0][21]=0).
[EFX-0266 WARNING] Module Instance 'out_sm' input pin tied to constant (idx_tcp_prep[0][20]=0).
[EFX-0266 WARNING] Module Instance 'out_sm' input pin tied to constant (idx_tcp_prep[0][19]=0).
[EFX-0266 WARNING] Module Instance 'out_sm' input pin tied to constant (idx_tcp_prep[0][18]=0).
[EFX-0266 WARNING] Module Instance 'out_sm' input pin tied to constant (idx_tcp_prep[0][17]=0).
[EFX-0266 WARNING] Module Instance 'out_sm' input pin tied to constant (idx_tcp_prep[0][16]=0).
[EFX-0266 WARNING] Module Instance 'out_sm' input pin tied to constant (idx_tcp_prep[0][15]=0).
[EFX-0266 WARNING] Module Instance 'out_sm' input pin tied to constant (idx_tcp_prep[0][14]=0).
[EFX-0266 WARNING] Module Instance 'out_sm' input pin tied to constant (idx_tcp_prep[0][13]=0).
[EFX-0266 WARNING] Module Instance 'out_sm' input pin tied to constant (idx_tcp_prep[0][12]=0).
[EFX-0266 WARNING] Module Instance 'out_sm' input pin tied to constant (idx_tcp_prep[0][11]=0).
[EFX-0266 WARNING] Module Instance 'out_sm' input pin tied to constant (idx_tcp_prep[0][10]=0).
[EFX-0266 WARNING] Module Instance 'out_sm' input pin tied to constant (idx_tcp_prep[0][9]=0).
[EFX-0266 WARNING] Module Instance 'out_sm' input pin tied to constant (idx_tcp_prep[0][8]=0).
[EFX-0266 WARNING] Module Instance 'out_sm' input pin tied to constant (idx_tcp_prep[0][7]=0).
[EFX-0266 WARNING] Module Instance 'out_sm' input pin tied to constant (idx_tcp_prep[0][6]=0).
[EFX-0266 WARNING] Module Instance 'out_sm' input pin tied to constant (idx_tcp_prep[0][5]=0).
[EFX-0266 WARNING] Module Instance 'out_sm' input pin tied to constant (idx_tcp_prep[0][4]=0).
[EFX-0266 WARNING] Module Instance 'out_sm' input pin tied to constant (idx_tcp_prep[0][3]=0).
[EFX-0266 WARNING] Module Instance 'out_sm' input pin tied to constant (idx_tcp_prep[0][2]=1).
[EFX-0266 WARNING] Module Instance 'out_sm' input pin tied to constant (idx_tcp_prep[0][1]=0).
[EFX-0266 WARNING] Module Instance 'out_sm' input pin tied to constant (idx_tcp_prep[0][0]=1).
[EFX-0266 WARNING] Module Instance 'out_sm' input pin tied to constant (idx_tcp_prep[1][31]=0).
[EFX-0266 WARNING] Module Instance 'out_sm' input pin tied to constant (idx_tcp_prep[1][30]=0).
[EFX-0266 WARNING] Module Instance 'out_sm' input pin tied to constant (idx_tcp_prep[1][29]=0).
[EFX-0266 WARNING] Module Instance 'out_sm' input pin tied to constant (idx_tcp_prep[1][28]=0).
[EFX-0266 WARNING] Module Instance 'out_sm' input pin tied to constant (idx_tcp_prep[1][27]=0).
[EFX-0266 WARNING] Module Instance 'out_sm' input pin tied to constant (idx_tcp_prep[1][26]=0).
[EFX-0266 WARNING] Module Instance 'out_sm' input pin tied to constant (idx_tcp_prep[1][25]=0).
[EFX-0266 WARNING] Module Instance 'out_sm' input pin tied to constant (idx_tcp_prep[1][24]=0).
[EFX-0266 WARNING] Module Instance 'out_sm' input pin tied to constant (idx_tcp_prep[1][23]=0).
[EFX-0266 WARNING] Module Instance 'out_sm' input pin tied to constant (idx_tcp_prep[1][22]=0).
[EFX-0266 WARNING] Module Instance 'out_sm' input pin tied to constant (idx_tcp_prep[1][21]=0).
[EFX-0266 WARNING] Module Instance 'out_sm' input pin tied to constant (idx_tcp_prep[1][20]=0).
[EFX-0266 WARNING] Module Instance 'out_sm' input pin tied to constant (idx_tcp_prep[1][19]=0).
[EFX-0266 WARNING] Module Instance 'out_sm' input pin tied to constant (idx_tcp_prep[1][18]=0).
[EFX-0266 WARNING] Module Instance 'out_sm' input pin tied to constant (idx_tcp_prep[1][17]=0).
[EFX-0266 WARNING] Module Instance 'out_sm' input pin tied to constant (idx_tcp_prep[1][16]=0).
[EFX-0266 WARNING] Module Instance 'out_sm' input pin tied to constant (idx_tcp_prep[1][15]=0).
[EFX-0266 WARNING] Module Instance 'out_sm' input pin tied to constant (idx_tcp_prep[1][14]=0).
[EFX-0266 WARNING] Module Instance 'out_sm' input pin tied to constant (idx_tcp_prep[1][13]=0).
[EFX-0266 WARNING] Module Instance 'out_sm' input pin tied to constant (idx_tcp_prep[1][12]=0).
[EFX-0266 WARNING] Module Instance 'out_sm' input pin tied to constant (idx_tcp_prep[1][11]=0).
[EFX-0266 WARNING] Module Instance 'out_sm' input pin tied to constant (idx_tcp_prep[1][10]=0).
[EFX-0266 WARNING] Module Instance 'out_sm' input pin tied to constant (idx_tcp_prep[1][9]=0).
[EFX-0266 WARNING] Module Instance 'out_sm' input pin tied to constant (idx_tcp_prep[1][8]=0).
[EFX-0266 WARNING] Module Instance 'out_sm' input pin tied to constant (idx_tcp_prep[1][7]=0).
[EFX-0266 WARNING] Module Instance 'out_sm' input pin tied to constant (idx_tcp_prep[1][6]=0).
[EFX-0266 WARNING] Module Instance 'out_sm' input pin tied to constant (idx_tcp_prep[1][5]=0).
[EFX-0266 WARNING] Module Instance 'out_sm' input pin tied to constant (idx_tcp_prep[1][4]=0).
[EFX-0266 WARNING] Module Instance 'out_sm' input pin tied to constant (idx_tcp_prep[1][3]=0).
[EFX-0266 WARNING] Module Instance 'out_sm' input pin tied to constant (idx_tcp_prep[1][2]=1).
[EFX-0266 WARNING] Module Instance 'out_sm' input pin tied to constant (idx_tcp_prep[1][1]=1).
[EFX-0266 WARNING] Module Instance 'out_sm' input pin tied to constant (idx_tcp_prep[1][0]=0).
[EFX-0266 WARNING] Module Instance 'out_sm' input pin tied to constant (idx_gen[31]=0).
[EFX-0266 WARNING] Module Instance 'out_sm' input pin tied to constant (idx_gen[30]=0).
[EFX-0266 WARNING] Module Instance 'out_sm' input pin tied to constant (idx_gen[29]=0).
[EFX-0266 WARNING] Module Instance 'out_sm' input pin tied to constant (idx_gen[28]=0).
[EFX-0266 WARNING] Module Instance 'out_sm' input pin tied to constant (idx_gen[27]=0).
[EFX-0266 WARNING] Module Instance 'out_sm' input pin tied to constant (idx_gen[26]=0).
[EFX-0266 WARNING] Module Instance 'out_sm' input pin tied to constant (idx_gen[25]=0).
[EFX-0266 WARNING] Module Instance 'out_sm' input pin tied to constant (idx_gen[24]=0).
[EFX-0266 WARNING] Module Instance 'out_sm' input pin tied to constant (idx_gen[23]=0).
[EFX-0266 WARNING] Module Instance 'out_sm' input pin tied to constant (idx_gen[22]=0).
[EFX-0266 WARNING] Module Instance 'out_sm' input pin tied to constant (idx_gen[21]=0).
[EFX-0266 WARNING] Module Instance 'out_sm' input pin tied to constant (idx_gen[20]=0).
[EFX-0266 WARNING] Module Instance 'out_sm' input pin tied to constant (idx_gen[19]=0).
[EFX-0266 WARNING] Module Instance 'out_sm' input pin tied to constant (idx_gen[18]=0).
[EFX-0266 WARNING] Module Instance 'out_sm' input pin tied to constant (idx_gen[17]=0).
[EFX-0266 WARNING] Module Instance 'out_sm' input pin tied to constant (idx_gen[16]=0).
[EFX-0266 WARNING] Module Instance 'out_sm' input pin tied to constant (idx_gen[15]=0).
[EFX-0266 WARNING] Module Instance 'out_sm' input pin tied to constant (idx_gen[14]=0).
[EFX-0266 WARNING] Module Instance 'out_sm' input pin tied to constant (idx_gen[13]=0).
[EFX-0266 WARNING] Module Instance 'out_sm' input pin tied to constant (idx_gen[12]=0).
[EFX-0266 WARNING] Module Instance 'out_sm' input pin tied to constant (idx_gen[11]=0).
[EFX-0266 WARNING] Module Instance 'out_sm' input pin tied to constant (idx_gen[10]=0).
[EFX-0266 WARNING] Module Instance 'out_sm' input pin tied to constant (idx_gen[9]=0).
[EFX-0266 WARNING] Module Instance 'out_sm' input pin tied to constant (idx_gen[8]=0).
[EFX-0266 WARNING] Module Instance 'out_sm' input pin tied to constant (idx_gen[7]=0).
[EFX-0266 WARNING] Module Instance 'out_sm' input pin tied to constant (idx_gen[6]=0).
[EFX-0266 WARNING] Module Instance 'out_sm' input pin tied to constant (idx_gen[5]=0).
[EFX-0266 WARNING] Module Instance 'out_sm' input pin tied to constant (idx_gen[4]=0).
[EFX-0266 WARNING] Module Instance 'out_sm' input pin tied to constant (idx_gen[3]=0).
[EFX-0266 WARNING] Module Instance 'out_sm' input pin tied to constant (idx_gen[2]=0).
[EFX-0266 WARNING] Module Instance 'out_sm' input pin tied to constant (idx_gen[1]=0).
[EFX-0266 WARNING] Module Instance 'out_sm' input pin tied to constant (idx_gen[0]=1).
[EFX-0266 WARNING] Module Instance 'mdio' input pin tied to constant (b_req_data[31]=0).
[EFX-0266 WARNING] Module Instance 'mdio' input pin tied to constant (b_req_data[30]=0).
[EFX-0266 WARNING] Module Instance 'mdio' input pin tied to constant (b_req_data[29]=0).
[EFX-0201 WARNING] Re-wiring to GND non-driven net 'ram_udp_regidp.prod2.set_again'. (E:\Efinity\project\fnetriong\fakernet_module.vhd:134)
[EFX-0201 WARNING] Re-wiring to GND non-driven net 'ram_tcp_template.prod2.set_again'. (E:\Efinity\project\fnetriong\fakernet_module.vhd:136)
[EFX-0201 WARNING] Re-wiring to GND non-driven net 'ram_tcp_prep2[0].prod2.set_again'. (E:\Efinity\project\fnetriong\fakernet_module.vhd:137)
[EFX-0201 WARNING] Re-wiring to GND non-driven net 'ram_tcp_prep2[1].prod2.set_again'. (E:\Efinity\project\fnetriong\fakernet_module.vhd:137)
[EFX-0201 WARNING] Re-wiring to GND non-driven net 't/fakernet/dp_ram_arp_icmp.port_a.o.rd'. (E:\Efinity\project\fnetriong\fakernet_module.vhd:144)
[EFX-0201 WARNING] Re-wiring to GND non-driven net 't/fakernet/dp_ram_pkt_gen.port_a.o.rd'. (E:\Efinity\project\fnetriong\fakernet_module.vhd:145)
[EFX-0201 WARNING] Re-wiring to GND non-driven net 't/fakernet/dp_ram_udp_regacc.port_a.o.rd'. (E:\Efinity\project\fnetriong\fakernet_module.vhd:146)
[EFX-0201 WARNING] Re-wiring to GND non-driven net 't/fakernet/dp_ram_udp_regacc.port_b.o.wr'. (E:\Efinity\project\fnetriong\fakernet_module.vhd:146)
[EFX-0201 WARNING] Re-wiring to GND non-driven net 't/fakernet/dp_ram_udp_regidp.port_a.o.rd'. (E:\Efinity\project\fnetriong\fakernet_module.vhd:147)
[EFX-0201 WARNING] Re-wiring to GND non-driven net 't/fakernet/dp_ram_tcp_template.port_a.o.rd'. (E:\Efinity\project\fnetriong\fakernet_module.vhd:150)

///////////////////////////////////
// Efinity Synthesis Started 
// Mar 08, 2023 10:56:18
///////////////////////////////////

[EFX-0011 VERI-WARNING] port 'probe4' remains unconnected for this instance (VERI-1927) (E:/Efinity/project/fnetriong/work_dbg/debug_top.v:126)
[EFX-0011 VERI-WARNING] port 'probe4' remains unconnected for this instance (VERI-1927) (E:/Efinity/project/fnetriong/work_dbg/debug_top.v:169)
[EFX-0011 VERI-WARNING] expression size 256 truncated to fit in target size 64 (VERI-1209) (E:/Efinity/project/fnetriong/work_dbg/debug_top.v:3638)
[EFX-0011 VERI-WARNING] expression size 256 truncated to fit in target size 64 (VERI-1209) (E:/Efinity/project/fnetriong/work_dbg/debug_top.v:3638)
[EFX-0011 VERI-WARNING] input port 'probe4[0]' remains unconnected for this instance (VDB-1053) (E:/Efinity/project/fnetriong/work_dbg/debug_top.v:102)
[EFX-0011 VERI-WARNING] input port 'probe4[0]' remains unconnected for this instance (VDB-1053) (E:/Efinity/project/fnetriong/work_dbg/debug_top.v:145)
[EFX-0200 WARNING] Removing redundant signal : compared_in[0]. (E:/Efinity/project/fnetriong/work_dbg/debug_top.v:5508)
[EFX-0200 WARNING] Removing redundant signal : mask_in[0]. (E:/Efinity/project/fnetriong/work_dbg/debug_top.v:5509)
[EFX-0200 WARNING] Removing redundant signal : trigger_in. (E:/Efinity/project/fnetriong/work_dbg/debug_top.v:5719)
[EFX-0200 WARNING] Removing redundant signal : din[17]. (E:/Efinity/project/fnetriong/work_dbg/debug_top.v:4611)
[EFX-0200 WARNING] Removing redundant signal : trig_out. (E:/Efinity/project/fnetriong/work_dbg/debug_top.v:4890)
[EFX-0200 WARNING] Removing redundant signal : trig_out_ack. (E:/Efinity/project/fnetriong/work_dbg/debug_top.v:4891)
[EFX-0200 WARNING] Removing redundant signal : bscan_DRCK. (E:/Efinity/project/fnetriong/work_dbg/debug_top.v:1075)
[EFX-0200 WARNING] Removing redundant signal : bscan_RUNTEST. (E:/Efinity/project/fnetriong/work_dbg/debug_top.v:1077)
[EFX-0200 WARNING] Removing redundant signal : bscan_SEL. (E:/Efinity/project/fnetriong/work_dbg/debug_top.v:1078)
[EFX-0200 WARNING] Removing redundant signal : bscan_TMS. (E:/Efinity/project/fnetriong/work_dbg/debug_top.v:1082)
[EFX-0200 WARNING] Removing redundant signal : trig_in_ack. (E:/Efinity/project/fnetriong/work_dbg/debug_top.v:1093)
[EFX-0200 WARNING] Removing redundant signal : mux_capture_cmp[3]. (E:/Efinity/project/fnetriong/work_dbg/debug_top.v:3499)
[EFX-0200 WARNING] Removing redundant signal : mux_capture_cmp[2]. (E:/Efinity/project/fnetriong/work_dbg/debug_top.v:3499)
[EFX-0200 WARNING] Removing redundant signal : mux_capture_cmp[1]. (E:/Efinity/project/fnetriong/work_dbg/debug_top.v:3499)
[EFX-0200 WARNING] Removing redundant signal : mux_capture_cmp[0]. (E:/Efinity/project/fnetriong/work_dbg/debug_top.v:3499)
[EFX-0200 WARNING] Removing redundant signal : din[11]. (E:/Efinity/project/fnetriong/work_dbg/debug_top.v:4611)
[EFX-0200 WARNING] Removing redundant signal : trig_out. (E:/Efinity/project/fnetriong/work_dbg/debug_top.v:4890)
[EFX-0200 WARNING] Removing redundant signal : trig_out_ack. (E:/Efinity/project/fnetriong/work_dbg/debug_top.v:4891)
[EFX-0200 WARNING] Removing redundant signal : bscan_DRCK. (E:/Efinity/project/fnetriong/work_dbg/debug_top.v:1075)
[EFX-0200 WARNING] Removing redundant signal : bscan_RUNTEST. (E:/Efinity/project/fnetriong/work_dbg/debug_top.v:1077)
[EFX-0266 WARNING] Module Instance 'la0' input pin tied to constant (trig_in=0).
[EFX-0266 WARNING] Module Instance 'la0' input pin tied to constant (trig_out_ack=0).
[EFX-0201 WARNING] Re-wiring to GND non-driven net 'la0.probe4[0]'. (E:/Efinity/project/fnetriong/work_dbg/debug_top.v:102)
[EFX-0201 WARNING] Re-wiring to GND non-driven net 'la0.probe5[0]'. (E:/Efinity/project/fnetriong/work_dbg/debug_top.v:102)
[EFX-0201 WARNING] Re-wiring to GND non-driven net 'la0.probe6[0]'. (E:/Efinity/project/fnetriong/work_dbg/debug_top.v:102)
[EFX-0201 WARNING] Re-wiring to GND non-driven net 'la0.probe7[0]'. (E:/Efinity/project/fnetriong/work_dbg/debug_top.v:102)
[EFX-0201 WARNING] Re-wiring to GND non-driven net 'la0.probe8[0]'. (E:/Efinity/project/fnetriong/work_dbg/debug_top.v:102)
[EFX-0201 WARNING] Re-wiring to GND non-driven net 'la0.probe9[0]'. (E:/Efinity/project/fnetriong/work_dbg/debug_top.v:102)
[EFX-0201 WARNING] Re-wiring to GND non-driven net 'la0.probe10[0]'. (E:/Efinity/project/fnetriong/work_dbg/debug_top.v:102)
[EFX-0201 WARNING] Re-wiring to GND non-driven net 'la0.probe11[0]'. (E:/Efinity/project/fnetriong/work_dbg/debug_top.v:102)
[EFX-0201 WARNING] Re-wiring to GND non-driven net 'la0.probe12[0]'. (E:/Efinity/project/fnetriong/work_dbg/debug_top.v:102)
[EFX-0201 WARNING] Re-wiring to GND non-driven net 'la0.probe13[0]'. (E:/Efinity/project/fnetriong/work_dbg/debug_top.v:102)
[EFX-0266 WARNING] Module Instance 'la1' input pin tied to constant (trig_in=0).
[EFX-0266 WARNING] Module Instance 'la1' input pin tied to constant (trig_out_ack=0).
[EFX-0011 VERI-WARNING] Input/Inout Port bscan_DRCK is unconnected and will be removed 
[EFX-0011 VERI-WARNING] Input/Inout Port bscan_RUNTEST is unconnected and will be removed 
[EFX-0011 VERI-WARNING] Input/Inout Port bscan_TMS is unconnected and will be removed 

///////////////////////////////////
// Efinity Synthesis Started 
// Mar 08, 2023 10:56:48
///////////////////////////////////

[EFX-0266 WARNING] Module Instance 'fifo' input pin tied to constant (out_want_b=1).
[EFX-0200 WARNING] Removing redundant signal : start_found. (E:\Efinity\project\fnetriong\efnet_octet_to_word.vhd:60)
[EFX-0200 WARNING] Removing redundant signal : packet_start. (E:\Efinity\project\fnetriong\efnet_octet_to_word.vhd:62)
[EFX-0200 WARNING] Removing redundant signal : packet_end. (E:\Efinity\project\fnetriong\efnet_octet_to_word.vhd:63)
[EFX-0200 WARNING] Removing redundant signal : word[15]. (E:\Efinity\project\fnetriong\efnet_octet_to_word.vhd:65)
[EFX-0200 WARNING] Removing redundant signal : word[14]. (E:\Efinity\project\fnetriong\efnet_octet_to_word.vhd:65)
[EFX-0200 WARNING] Removing redundant signal : word[13]. (E:\Efinity\project\fnetriong\efnet_octet_to_word.vhd:65)
[EFX-0200 WARNING] Removing redundant signal : word[12]. (E:\Efinity\project\fnetriong\efnet_octet_to_word.vhd:65)
[EFX-0200 WARNING] Removing redundant signal : word[11]. (E:\Efinity\project\fnetriong\efnet_octet_to_word.vhd:65)
[EFX-0200 WARNING] Removing redundant signal : word[10]. (E:\Efinity\project\fnetriong\efnet_octet_to_word.vhd:65)
[EFX-0200 WARNING] Removing redundant signal : word[9]. (E:\Efinity\project\fnetriong\efnet_octet_to_word.vhd:65)
[EFX-0200 WARNING] Removing redundant signal : word[8]. (E:\Efinity\project\fnetriong\efnet_octet_to_word.vhd:65)
[EFX-0200 WARNING] Removing redundant signal : word[7]. (E:\Efinity\project\fnetriong\efnet_octet_to_word.vhd:65)
[EFX-0200 WARNING] Removing redundant signal : word[6]. (E:\Efinity\project\fnetriong\efnet_octet_to_word.vhd:65)
[EFX-0200 WARNING] Removing redundant signal : word[5]. (E:\Efinity\project\fnetriong\efnet_octet_to_word.vhd:65)
[EFX-0200 WARNING] Removing redundant signal : word[4]. (E:\Efinity\project\fnetriong\efnet_octet_to_word.vhd:65)
[EFX-0200 WARNING] Removing redundant signal : word[3]. (E:\Efinity\project\fnetriong\efnet_octet_to_word.vhd:65)
[EFX-0200 WARNING] Removing redundant signal : word[2]. (E:\Efinity\project\fnetriong\efnet_octet_to_word.vhd:65)
[EFX-0200 WARNING] Removing redundant signal : word[1]. (E:\Efinity\project\fnetriong\efnet_octet_to_word.vhd:65)
[EFX-0200 WARNING] Removing redundant signal : word[0]. (E:\Efinity\project\fnetriong\efnet_octet_to_word.vhd:65)
[EFX-0200 WARNING] Removing redundant signal : octet_counter[0]. (E:\Efinity\project\fnetriong\efnet_octet_to_word.vhd:66)
[EFX-0266 WARNING] Module Instance 'out_sm' input pin tied to constant (idx_tcp_prep[0][31]=0).
[EFX-0266 WARNING] Module Instance 'out_sm' input pin tied to constant (idx_tcp_prep[0][30]=0).
[EFX-0266 WARNING] Module Instance 'out_sm' input pin tied to constant (idx_tcp_prep[0][29]=0).
[EFX-0266 WARNING] Module Instance 'out_sm' input pin tied to constant (idx_tcp_prep[0][28]=0).
[EFX-0266 WARNING] Module Instance 'out_sm' input pin tied to constant (idx_tcp_prep[0][27]=0).
[EFX-0266 WARNING] Module Instance 'out_sm' input pin tied to constant (idx_tcp_prep[0][26]=0).
[EFX-0266 WARNING] Module Instance 'out_sm' input pin tied to constant (idx_tcp_prep[0][25]=0).
[EFX-0266 WARNING] Module Instance 'out_sm' input pin tied to constant (idx_tcp_prep[0][24]=0).
[EFX-0266 WARNING] Module Instance 'out_sm' input pin tied to constant (idx_tcp_prep[0][23]=0).
[EFX-0266 WARNING] Module Instance 'out_sm' input pin tied to constant (idx_tcp_prep[0][22]=0).
[EFX-0266 WARNING] Module Instance 'out_sm' input pin tied to constant (idx_tcp_prep[0][21]=0).
[EFX-0266 WARNING] Module Instance 'out_sm' input pin tied to constant (idx_tcp_prep[0][20]=0).
[EFX-0266 WARNING] Module Instance 'out_sm' input pin tied to constant (idx_tcp_prep[0][19]=0).
[EFX-0266 WARNING] Module Instance 'out_sm' input pin tied to constant (idx_tcp_prep[0][18]=0).
[EFX-0266 WARNING] Module Instance 'out_sm' input pin tied to constant (idx_tcp_prep[0][17]=0).
[EFX-0266 WARNING] Module Instance 'out_sm' input pin tied to constant (idx_tcp_prep[0][16]=0).
[EFX-0266 WARNING] Module Instance 'out_sm' input pin tied to constant (idx_tcp_prep[0][15]=0).
[EFX-0266 WARNING] Module Instance 'out_sm' input pin tied to constant (idx_tcp_prep[0][14]=0).
[EFX-0266 WARNING] Module Instance 'out_sm' input pin tied to constant (idx_tcp_prep[0][13]=0).
[EFX-0266 WARNING] Module Instance 'out_sm' input pin tied to constant (idx_tcp_prep[0][12]=0).
[EFX-0266 WARNING] Module Instance 'out_sm' input pin tied to constant (idx_tcp_prep[0][11]=0).
[EFX-0266 WARNING] Module Instance 'out_sm' input pin tied to constant (idx_tcp_prep[0][10]=0).
[EFX-0266 WARNING] Module Instance 'out_sm' input pin tied to constant (idx_tcp_prep[0][9]=0).
[EFX-0266 WARNING] Module Instance 'out_sm' input pin tied to constant (idx_tcp_prep[0][8]=0).
[EFX-0266 WARNING] Module Instance 'out_sm' input pin tied to constant (idx_tcp_prep[0][7]=0).
[EFX-0266 WARNING] Module Instance 'out_sm' input pin tied to constant (idx_tcp_prep[0][6]=0).
[EFX-0266 WARNING] Module Instance 'out_sm' input pin tied to constant (idx_tcp_prep[0][5]=0).
[EFX-0266 WARNING] Module Instance 'out_sm' input pin tied to constant (idx_tcp_prep[0][4]=0).
[EFX-0266 WARNING] Module Instance 'out_sm' input pin tied to constant (idx_tcp_prep[0][3]=0).
[EFX-0266 WARNING] Module Instance 'out_sm' input pin tied to constant (idx_tcp_prep[0][2]=1).
[EFX-0266 WARNING] Module Instance 'out_sm' input pin tied to constant (idx_tcp_prep[0][1]=0).
[EFX-0266 WARNING] Module Instance 'out_sm' input pin tied to constant (idx_tcp_prep[0][0]=1).
[EFX-0266 WARNING] Module Instance 'out_sm' input pin tied to constant (idx_tcp_prep[1][31]=0).
[EFX-0266 WARNING] Module Instance 'out_sm' input pin tied to constant (idx_tcp_prep[1][30]=0).
[EFX-0266 WARNING] Module Instance 'out_sm' input pin tied to constant (idx_tcp_prep[1][29]=0).
[EFX-0266 WARNING] Module Instance 'out_sm' input pin tied to constant (idx_tcp_prep[1][28]=0).
[EFX-0266 WARNING] Module Instance 'out_sm' input pin tied to constant (idx_tcp_prep[1][27]=0).
[EFX-0266 WARNING] Module Instance 'out_sm' input pin tied to constant (idx_tcp_prep[1][26]=0).
[EFX-0266 WARNING] Module Instance 'out_sm' input pin tied to constant (idx_tcp_prep[1][25]=0).
[EFX-0266 WARNING] Module Instance 'out_sm' input pin tied to constant (idx_tcp_prep[1][24]=0).
[EFX-0266 WARNING] Module Instance 'out_sm' input pin tied to constant (idx_tcp_prep[1][23]=0).
[EFX-0266 WARNING] Module Instance 'out_sm' input pin tied to constant (idx_tcp_prep[1][22]=0).
[EFX-0266 WARNING] Module Instance 'out_sm' input pin tied to constant (idx_tcp_prep[1][21]=0).
[EFX-0266 WARNING] Module Instance 'out_sm' input pin tied to constant (idx_tcp_prep[1][20]=0).
[EFX-0266 WARNING] Module Instance 'out_sm' input pin tied to constant (idx_tcp_prep[1][19]=0).
[EFX-0266 WARNING] Module Instance 'out_sm' input pin tied to constant (idx_tcp_prep[1][18]=0).
[EFX-0266 WARNING] Module Instance 'out_sm' input pin tied to constant (idx_tcp_prep[1][17]=0).
[EFX-0266 WARNING] Module Instance 'out_sm' input pin tied to constant (idx_tcp_prep[1][16]=0).
[EFX-0266 WARNING] Module Instance 'out_sm' input pin tied to constant (idx_tcp_prep[1][15]=0).
[EFX-0266 WARNING] Module Instance 'out_sm' input pin tied to constant (idx_tcp_prep[1][14]=0).
[EFX-0266 WARNING] Module Instance 'out_sm' input pin tied to constant (idx_tcp_prep[1][13]=0).
[EFX-0266 WARNING] Module Instance 'out_sm' input pin tied to constant (idx_tcp_prep[1][12]=0).
[EFX-0266 WARNING] Module Instance 'out_sm' input pin tied to constant (idx_tcp_prep[1][11]=0).
[EFX-0266 WARNING] Module Instance 'out_sm' input pin tied to constant (idx_tcp_prep[1][10]=0).
[EFX-0266 WARNING] Module Instance 'out_sm' input pin tied to constant (idx_tcp_prep[1][9]=0).
[EFX-0266 WARNING] Module Instance 'out_sm' input pin tied to constant (idx_tcp_prep[1][8]=0).
[EFX-0266 WARNING] Module Instance 'out_sm' input pin tied to constant (idx_tcp_prep[1][7]=0).
[EFX-0266 WARNING] Module Instance 'out_sm' input pin tied to constant (idx_tcp_prep[1][6]=0).
[EFX-0266 WARNING] Module Instance 'out_sm' input pin tied to constant (idx_tcp_prep[1][5]=0).
[EFX-0266 WARNING] Module Instance 'out_sm' input pin tied to constant (idx_tcp_prep[1][4]=0).
[EFX-0266 WARNING] Module Instance 'out_sm' input pin tied to constant (idx_tcp_prep[1][3]=0).
[EFX-0266 WARNING] Module Instance 'out_sm' input pin tied to constant (idx_tcp_prep[1][2]=1).
[EFX-0266 WARNING] Module Instance 'out_sm' input pin tied to constant (idx_tcp_prep[1][1]=1).
[EFX-0266 WARNING] Module Instance 'out_sm' input pin tied to constant (idx_tcp_prep[1][0]=0).
[EFX-0266 WARNING] Module Instance 'out_sm' input pin tied to constant (idx_gen[31]=0).
[EFX-0266 WARNING] Module Instance 'out_sm' input pin tied to constant (idx_gen[30]=0).
[EFX-0266 WARNING] Module Instance 'out_sm' input pin tied to constant (idx_gen[29]=0).
[EFX-0266 WARNING] Module Instance 'out_sm' input pin tied to constant (idx_gen[28]=0).
[EFX-0266 WARNING] Module Instance 'out_sm' input pin tied to constant (idx_gen[27]=0).
[EFX-0266 WARNING] Module Instance 'out_sm' input pin tied to constant (idx_gen[26]=0).
[EFX-0266 WARNING] Module Instance 'out_sm' input pin tied to constant (idx_gen[25]=0).
[EFX-0266 WARNING] Module Instance 'out_sm' input pin tied to constant (idx_gen[24]=0).
[EFX-0266 WARNING] Module Instance 'out_sm' input pin tied to constant (idx_gen[23]=0).
[EFX-0266 WARNING] Module Instance 'out_sm' input pin tied to constant (idx_gen[22]=0).
[EFX-0266 WARNING] Module Instance 'out_sm' input pin tied to constant (idx_gen[21]=0).
[EFX-0266 WARNING] Module Instance 'out_sm' input pin tied to constant (idx_gen[20]=0).
[EFX-0266 WARNING] Module Instance 'out_sm' input pin tied to constant (idx_gen[19]=0).
[EFX-0266 WARNING] Module Instance 'out_sm' input pin tied to constant (idx_gen[18]=0).
[EFX-0266 WARNING] Module Instance 'out_sm' input pin tied to constant (idx_gen[17]=0).
[EFX-0266 WARNING] Module Instance 'out_sm' input pin tied to constant (idx_gen[16]=0).
[EFX-0266 WARNING] Module Instance 'out_sm' input pin tied to constant (idx_gen[15]=0).
[EFX-0266 WARNING] Module Instance 'out_sm' input pin tied to constant (idx_gen[14]=0).
[EFX-0266 WARNING] Module Instance 'out_sm' input pin tied to constant (idx_gen[13]=0).
[EFX-0266 WARNING] Module Instance 'out_sm' input pin tied to constant (idx_gen[12]=0).
[EFX-0266 WARNING] Module Instance 'out_sm' input pin tied to constant (idx_gen[11]=0).
[EFX-0266 WARNING] Module Instance 'out_sm' input pin tied to constant (idx_gen[10]=0).
[EFX-0266 WARNING] Module Instance 'out_sm' input pin tied to constant (idx_gen[9]=0).
[EFX-0266 WARNING] Module Instance 'out_sm' input pin tied to constant (idx_gen[8]=0).
[EFX-0266 WARNING] Module Instance 'out_sm' input pin tied to constant (idx_gen[7]=0).
[EFX-0266 WARNING] Module Instance 'out_sm' input pin tied to constant (idx_gen[6]=0).
[EFX-0266 WARNING] Module Instance 'out_sm' input pin tied to constant (idx_gen[5]=0).
[EFX-0266 WARNING] Module Instance 'out_sm' input pin tied to constant (idx_gen[4]=0).
[EFX-0266 WARNING] Module Instance 'out_sm' input pin tied to constant (idx_gen[3]=0).
[EFX-0266 WARNING] Module Instance 'out_sm' input pin tied to constant (idx_gen[2]=0).
[EFX-0266 WARNING] Module Instance 'out_sm' input pin tied to constant (idx_gen[1]=0).
[EFX-0266 WARNING] Module Instance 'out_sm' input pin tied to constant (idx_gen[0]=1).
[EFX-0266 WARNING] Module Instance 'mdio' input pin tied to constant (b_req_data[31]=0).
[EFX-0266 WARNING] Module Instance 'mdio' input pin tied to constant (b_req_data[30]=0).
[EFX-0266 WARNING] Module Instance 'mdio' input pin tied to constant (b_req_data[29]=0).
[EFX-0201 WARNING] Re-wiring to GND non-driven net 'ram_udp_regidp.prod2.set_again'. (E:\Efinity\project\fnetriong\fakernet_module.vhd:134)
[EFX-0201 WARNING] Re-wiring to GND non-driven net 'ram_tcp_template.prod2.set_again'. (E:\Efinity\project\fnetriong\fakernet_module.vhd:136)
[EFX-0201 WARNING] Re-wiring to GND non-driven net 'ram_tcp_prep2[0].prod2.set_again'. (E:\Efinity\project\fnetriong\fakernet_module.vhd:137)
[EFX-0201 WARNING] Re-wiring to GND non-driven net 'ram_tcp_prep2[1].prod2.set_again'. (E:\Efinity\project\fnetriong\fakernet_module.vhd:137)
[EFX-0201 WARNING] Re-wiring to GND non-driven net 't/fakernet/dp_ram_arp_icmp.port_a.o.rd'. (E:\Efinity\project\fnetriong\fakernet_module.vhd:144)
[EFX-0201 WARNING] Re-wiring to GND non-driven net 't/fakernet/dp_ram_pkt_gen.port_a.o.rd'. (E:\Efinity\project\fnetriong\fakernet_module.vhd:145)
[EFX-0201 WARNING] Re-wiring to GND non-driven net 't/fakernet/dp_ram_udp_regacc.port_a.o.rd'. (E:\Efinity\project\fnetriong\fakernet_module.vhd:146)
[EFX-0201 WARNING] Re-wiring to GND non-driven net 't/fakernet/dp_ram_udp_regacc.port_b.o.wr'. (E:\Efinity\project\fnetriong\fakernet_module.vhd:146)
[EFX-0201 WARNING] Re-wiring to GND non-driven net 't/fakernet/dp_ram_udp_regidp.port_a.o.rd'. (E:\Efinity\project\fnetriong\fakernet_module.vhd:147)
[EFX-0201 WARNING] Re-wiring to GND non-driven net 't/fakernet/dp_ram_tcp_template.port_a.o.rd'. (E:\Efinity\project\fnetriong\fakernet_module.vhd:150)

///////////////////////////////////
// Efinity Synthesis Started 
// Mar 08, 2023 11:12:55
///////////////////////////////////

[EFX-0011 VERI-WARNING] port 'probe4' remains unconnected for this instance (VERI-1927) (E:/Efinity/project/fnetriong/work_dbg/debug_top.v:126)
[EFX-0011 VERI-WARNING] port 'probe4' remains unconnected for this instance (VERI-1927) (E:/Efinity/project/fnetriong/work_dbg/debug_top.v:169)
[EFX-0011 VERI-WARNING] expression size 256 truncated to fit in target size 64 (VERI-1209) (E:/Efinity/project/fnetriong/work_dbg/debug_top.v:3638)
[EFX-0011 VERI-WARNING] expression size 256 truncated to fit in target size 64 (VERI-1209) (E:/Efinity/project/fnetriong/work_dbg/debug_top.v:3638)
[EFX-0011 VERI-WARNING] input port 'probe4[0]' remains unconnected for this instance (VDB-1053) (E:/Efinity/project/fnetriong/work_dbg/debug_top.v:102)
[EFX-0011 VERI-WARNING] input port 'probe4[0]' remains unconnected for this instance (VDB-1053) (E:/Efinity/project/fnetriong/work_dbg/debug_top.v:145)
[EFX-0200 WARNING] Removing redundant signal : compared_in[0]. (E:/Efinity/project/fnetriong/work_dbg/debug_top.v:5508)
[EFX-0200 WARNING] Removing redundant signal : mask_in[0]. (E:/Efinity/project/fnetriong/work_dbg/debug_top.v:5509)
[EFX-0200 WARNING] Removing redundant signal : trigger_in. (E:/Efinity/project/fnetriong/work_dbg/debug_top.v:5719)
[EFX-0200 WARNING] Removing redundant signal : din[17]. (E:/Efinity/project/fnetriong/work_dbg/debug_top.v:4611)
[EFX-0200 WARNING] Removing redundant signal : trig_out. (E:/Efinity/project/fnetriong/work_dbg/debug_top.v:4890)
[EFX-0200 WARNING] Removing redundant signal : trig_out_ack. (E:/Efinity/project/fnetriong/work_dbg/debug_top.v:4891)
[EFX-0200 WARNING] Removing redundant signal : bscan_DRCK. (E:/Efinity/project/fnetriong/work_dbg/debug_top.v:1075)
[EFX-0200 WARNING] Removing redundant signal : bscan_RUNTEST. (E:/Efinity/project/fnetriong/work_dbg/debug_top.v:1077)
[EFX-0200 WARNING] Removing redundant signal : bscan_SEL. (E:/Efinity/project/fnetriong/work_dbg/debug_top.v:1078)
[EFX-0200 WARNING] Removing redundant signal : bscan_TMS. (E:/Efinity/project/fnetriong/work_dbg/debug_top.v:1082)
[EFX-0200 WARNING] Removing redundant signal : trig_in_ack. (E:/Efinity/project/fnetriong/work_dbg/debug_top.v:1093)
[EFX-0200 WARNING] Removing redundant signal : mux_capture_cmp[3]. (E:/Efinity/project/fnetriong/work_dbg/debug_top.v:3499)
[EFX-0200 WARNING] Removing redundant signal : mux_capture_cmp[2]. (E:/Efinity/project/fnetriong/work_dbg/debug_top.v:3499)
[EFX-0200 WARNING] Removing redundant signal : mux_capture_cmp[1]. (E:/Efinity/project/fnetriong/work_dbg/debug_top.v:3499)
[EFX-0200 WARNING] Removing redundant signal : mux_capture_cmp[0]. (E:/Efinity/project/fnetriong/work_dbg/debug_top.v:3499)
[EFX-0200 WARNING] Removing redundant signal : din[11]. (E:/Efinity/project/fnetriong/work_dbg/debug_top.v:4611)
[EFX-0200 WARNING] Removing redundant signal : trig_out. (E:/Efinity/project/fnetriong/work_dbg/debug_top.v:4890)
[EFX-0200 WARNING] Removing redundant signal : trig_out_ack. (E:/Efinity/project/fnetriong/work_dbg/debug_top.v:4891)
[EFX-0200 WARNING] Removing redundant signal : bscan_DRCK. (E:/Efinity/project/fnetriong/work_dbg/debug_top.v:1075)
[EFX-0200 WARNING] Removing redundant signal : bscan_RUNTEST. (E:/Efinity/project/fnetriong/work_dbg/debug_top.v:1077)
[EFX-0266 WARNING] Module Instance 'la0' input pin tied to constant (trig_in=0).
[EFX-0266 WARNING] Module Instance 'la0' input pin tied to constant (trig_out_ack=0).
[EFX-0201 WARNING] Re-wiring to GND non-driven net 'la0.probe4[0]'. (E:/Efinity/project/fnetriong/work_dbg/debug_top.v:102)
[EFX-0201 WARNING] Re-wiring to GND non-driven net 'la0.probe5[0]'. (E:/Efinity/project/fnetriong/work_dbg/debug_top.v:102)
[EFX-0201 WARNING] Re-wiring to GND non-driven net 'la0.probe6[0]'. (E:/Efinity/project/fnetriong/work_dbg/debug_top.v:102)
[EFX-0201 WARNING] Re-wiring to GND non-driven net 'la0.probe7[0]'. (E:/Efinity/project/fnetriong/work_dbg/debug_top.v:102)
[EFX-0201 WARNING] Re-wiring to GND non-driven net 'la0.probe8[0]'. (E:/Efinity/project/fnetriong/work_dbg/debug_top.v:102)
[EFX-0201 WARNING] Re-wiring to GND non-driven net 'la0.probe9[0]'. (E:/Efinity/project/fnetriong/work_dbg/debug_top.v:102)
[EFX-0201 WARNING] Re-wiring to GND non-driven net 'la0.probe10[0]'. (E:/Efinity/project/fnetriong/work_dbg/debug_top.v:102)
[EFX-0201 WARNING] Re-wiring to GND non-driven net 'la0.probe11[0]'. (E:/Efinity/project/fnetriong/work_dbg/debug_top.v:102)
[EFX-0201 WARNING] Re-wiring to GND non-driven net 'la0.probe12[0]'. (E:/Efinity/project/fnetriong/work_dbg/debug_top.v:102)
[EFX-0201 WARNING] Re-wiring to GND non-driven net 'la0.probe13[0]'. (E:/Efinity/project/fnetriong/work_dbg/debug_top.v:102)
[EFX-0266 WARNING] Module Instance 'la1' input pin tied to constant (trig_in=0).
[EFX-0266 WARNING] Module Instance 'la1' input pin tied to constant (trig_out_ack=0).
[EFX-0011 VERI-WARNING] Input/Inout Port bscan_DRCK is unconnected and will be removed 
[EFX-0011 VERI-WARNING] Input/Inout Port bscan_RUNTEST is unconnected and will be removed 
[EFX-0011 VERI-WARNING] Input/Inout Port bscan_TMS is unconnected and will be removed 

///////////////////////////////////
// Efinity Synthesis Started 
// Mar 08, 2023 11:13:26
///////////////////////////////////

[EFX-0266 WARNING] Module Instance 'fifo' input pin tied to constant (out_want_b=1).
[EFX-0200 WARNING] Removing redundant signal : start_found. (E:\Efinity\project\fnetriong\efnet_octet_to_word.vhd:60)
[EFX-0200 WARNING] Removing redundant signal : packet_start. (E:\Efinity\project\fnetriong\efnet_octet_to_word.vhd:62)
[EFX-0200 WARNING] Removing redundant signal : packet_end. (E:\Efinity\project\fnetriong\efnet_octet_to_word.vhd:63)
[EFX-0200 WARNING] Removing redundant signal : word[15]. (E:\Efinity\project\fnetriong\efnet_octet_to_word.vhd:65)
[EFX-0200 WARNING] Removing redundant signal : word[14]. (E:\Efinity\project\fnetriong\efnet_octet_to_word.vhd:65)
[EFX-0200 WARNING] Removing redundant signal : word[13]. (E:\Efinity\project\fnetriong\efnet_octet_to_word.vhd:65)
[EFX-0200 WARNING] Removing redundant signal : word[12]. (E:\Efinity\project\fnetriong\efnet_octet_to_word.vhd:65)
[EFX-0200 WARNING] Removing redundant signal : word[11]. (E:\Efinity\project\fnetriong\efnet_octet_to_word.vhd:65)
[EFX-0200 WARNING] Removing redundant signal : word[10]. (E:\Efinity\project\fnetriong\efnet_octet_to_word.vhd:65)
[EFX-0200 WARNING] Removing redundant signal : word[9]. (E:\Efinity\project\fnetriong\efnet_octet_to_word.vhd:65)
[EFX-0200 WARNING] Removing redundant signal : word[8]. (E:\Efinity\project\fnetriong\efnet_octet_to_word.vhd:65)
[EFX-0200 WARNING] Removing redundant signal : word[7]. (E:\Efinity\project\fnetriong\efnet_octet_to_word.vhd:65)
[EFX-0200 WARNING] Removing redundant signal : word[6]. (E:\Efinity\project\fnetriong\efnet_octet_to_word.vhd:65)
[EFX-0200 WARNING] Removing redundant signal : word[5]. (E:\Efinity\project\fnetriong\efnet_octet_to_word.vhd:65)
[EFX-0200 WARNING] Removing redundant signal : word[4]. (E:\Efinity\project\fnetriong\efnet_octet_to_word.vhd:65)
[EFX-0200 WARNING] Removing redundant signal : word[3]. (E:\Efinity\project\fnetriong\efnet_octet_to_word.vhd:65)
[EFX-0200 WARNING] Removing redundant signal : word[2]. (E:\Efinity\project\fnetriong\efnet_octet_to_word.vhd:65)
[EFX-0200 WARNING] Removing redundant signal : word[1]. (E:\Efinity\project\fnetriong\efnet_octet_to_word.vhd:65)
[EFX-0200 WARNING] Removing redundant signal : word[0]. (E:\Efinity\project\fnetriong\efnet_octet_to_word.vhd:65)
[EFX-0200 WARNING] Removing redundant signal : octet_counter[0]. (E:\Efinity\project\fnetriong\efnet_octet_to_word.vhd:66)
[EFX-0266 WARNING] Module Instance 'out_sm' input pin tied to constant (idx_tcp_prep[0][31]=0).
[EFX-0266 WARNING] Module Instance 'out_sm' input pin tied to constant (idx_tcp_prep[0][30]=0).
[EFX-0266 WARNING] Module Instance 'out_sm' input pin tied to constant (idx_tcp_prep[0][29]=0).
[EFX-0266 WARNING] Module Instance 'out_sm' input pin tied to constant (idx_tcp_prep[0][28]=0).
[EFX-0266 WARNING] Module Instance 'out_sm' input pin tied to constant (idx_tcp_prep[0][27]=0).
[EFX-0266 WARNING] Module Instance 'out_sm' input pin tied to constant (idx_tcp_prep[0][26]=0).
[EFX-0266 WARNING] Module Instance 'out_sm' input pin tied to constant (idx_tcp_prep[0][25]=0).
[EFX-0266 WARNING] Module Instance 'out_sm' input pin tied to constant (idx_tcp_prep[0][24]=0).
[EFX-0266 WARNING] Module Instance 'out_sm' input pin tied to constant (idx_tcp_prep[0][23]=0).
[EFX-0266 WARNING] Module Instance 'out_sm' input pin tied to constant (idx_tcp_prep[0][22]=0).
[EFX-0266 WARNING] Module Instance 'out_sm' input pin tied to constant (idx_tcp_prep[0][21]=0).
[EFX-0266 WARNING] Module Instance 'out_sm' input pin tied to constant (idx_tcp_prep[0][20]=0).
[EFX-0266 WARNING] Module Instance 'out_sm' input pin tied to constant (idx_tcp_prep[0][19]=0).
[EFX-0266 WARNING] Module Instance 'out_sm' input pin tied to constant (idx_tcp_prep[0][18]=0).
[EFX-0266 WARNING] Module Instance 'out_sm' input pin tied to constant (idx_tcp_prep[0][17]=0).
[EFX-0266 WARNING] Module Instance 'out_sm' input pin tied to constant (idx_tcp_prep[0][16]=0).
[EFX-0266 WARNING] Module Instance 'out_sm' input pin tied to constant (idx_tcp_prep[0][15]=0).
[EFX-0266 WARNING] Module Instance 'out_sm' input pin tied to constant (idx_tcp_prep[0][14]=0).
[EFX-0266 WARNING] Module Instance 'out_sm' input pin tied to constant (idx_tcp_prep[0][13]=0).
[EFX-0266 WARNING] Module Instance 'out_sm' input pin tied to constant (idx_tcp_prep[0][12]=0).
[EFX-0266 WARNING] Module Instance 'out_sm' input pin tied to constant (idx_tcp_prep[0][11]=0).
[EFX-0266 WARNING] Module Instance 'out_sm' input pin tied to constant (idx_tcp_prep[0][10]=0).
[EFX-0266 WARNING] Module Instance 'out_sm' input pin tied to constant (idx_tcp_prep[0][9]=0).
[EFX-0266 WARNING] Module Instance 'out_sm' input pin tied to constant (idx_tcp_prep[0][8]=0).
[EFX-0266 WARNING] Module Instance 'out_sm' input pin tied to constant (idx_tcp_prep[0][7]=0).
[EFX-0266 WARNING] Module Instance 'out_sm' input pin tied to constant (idx_tcp_prep[0][6]=0).
[EFX-0266 WARNING] Module Instance 'out_sm' input pin tied to constant (idx_tcp_prep[0][5]=0).
[EFX-0266 WARNING] Module Instance 'out_sm' input pin tied to constant (idx_tcp_prep[0][4]=0).
[EFX-0266 WARNING] Module Instance 'out_sm' input pin tied to constant (idx_tcp_prep[0][3]=0).
[EFX-0266 WARNING] Module Instance 'out_sm' input pin tied to constant (idx_tcp_prep[0][2]=1).
[EFX-0266 WARNING] Module Instance 'out_sm' input pin tied to constant (idx_tcp_prep[0][1]=0).
[EFX-0266 WARNING] Module Instance 'out_sm' input pin tied to constant (idx_tcp_prep[0][0]=1).
[EFX-0266 WARNING] Module Instance 'out_sm' input pin tied to constant (idx_tcp_prep[1][31]=0).
[EFX-0266 WARNING] Module Instance 'out_sm' input pin tied to constant (idx_tcp_prep[1][30]=0).
[EFX-0266 WARNING] Module Instance 'out_sm' input pin tied to constant (idx_tcp_prep[1][29]=0).
[EFX-0266 WARNING] Module Instance 'out_sm' input pin tied to constant (idx_tcp_prep[1][28]=0).
[EFX-0266 WARNING] Module Instance 'out_sm' input pin tied to constant (idx_tcp_prep[1][27]=0).
[EFX-0266 WARNING] Module Instance 'out_sm' input pin tied to constant (idx_tcp_prep[1][26]=0).
[EFX-0266 WARNING] Module Instance 'out_sm' input pin tied to constant (idx_tcp_prep[1][25]=0).
[EFX-0266 WARNING] Module Instance 'out_sm' input pin tied to constant (idx_tcp_prep[1][24]=0).
[EFX-0266 WARNING] Module Instance 'out_sm' input pin tied to constant (idx_tcp_prep[1][23]=0).
[EFX-0266 WARNING] Module Instance 'out_sm' input pin tied to constant (idx_tcp_prep[1][22]=0).
[EFX-0266 WARNING] Module Instance 'out_sm' input pin tied to constant (idx_tcp_prep[1][21]=0).
[EFX-0266 WARNING] Module Instance 'out_sm' input pin tied to constant (idx_tcp_prep[1][20]=0).
[EFX-0266 WARNING] Module Instance 'out_sm' input pin tied to constant (idx_tcp_prep[1][19]=0).
[EFX-0266 WARNING] Module Instance 'out_sm' input pin tied to constant (idx_tcp_prep[1][18]=0).
[EFX-0266 WARNING] Module Instance 'out_sm' input pin tied to constant (idx_tcp_prep[1][17]=0).
[EFX-0266 WARNING] Module Instance 'out_sm' input pin tied to constant (idx_tcp_prep[1][16]=0).
[EFX-0266 WARNING] Module Instance 'out_sm' input pin tied to constant (idx_tcp_prep[1][15]=0).
[EFX-0266 WARNING] Module Instance 'out_sm' input pin tied to constant (idx_tcp_prep[1][14]=0).
[EFX-0266 WARNING] Module Instance 'out_sm' input pin tied to constant (idx_tcp_prep[1][13]=0).
[EFX-0266 WARNING] Module Instance 'out_sm' input pin tied to constant (idx_tcp_prep[1][12]=0).
[EFX-0266 WARNING] Module Instance 'out_sm' input pin tied to constant (idx_tcp_prep[1][11]=0).
[EFX-0266 WARNING] Module Instance 'out_sm' input pin tied to constant (idx_tcp_prep[1][10]=0).
[EFX-0266 WARNING] Module Instance 'out_sm' input pin tied to constant (idx_tcp_prep[1][9]=0).
[EFX-0266 WARNING] Module Instance 'out_sm' input pin tied to constant (idx_tcp_prep[1][8]=0).
[EFX-0266 WARNING] Module Instance 'out_sm' input pin tied to constant (idx_tcp_prep[1][7]=0).
[EFX-0266 WARNING] Module Instance 'out_sm' input pin tied to constant (idx_tcp_prep[1][6]=0).
[EFX-0266 WARNING] Module Instance 'out_sm' input pin tied to constant (idx_tcp_prep[1][5]=0).
[EFX-0266 WARNING] Module Instance 'out_sm' input pin tied to constant (idx_tcp_prep[1][4]=0).
[EFX-0266 WARNING] Module Instance 'out_sm' input pin tied to constant (idx_tcp_prep[1][3]=0).
[EFX-0266 WARNING] Module Instance 'out_sm' input pin tied to constant (idx_tcp_prep[1][2]=1).
[EFX-0266 WARNING] Module Instance 'out_sm' input pin tied to constant (idx_tcp_prep[1][1]=1).
[EFX-0266 WARNING] Module Instance 'out_sm' input pin tied to constant (idx_tcp_prep[1][0]=0).
[EFX-0266 WARNING] Module Instance 'out_sm' input pin tied to constant (idx_gen[31]=0).
[EFX-0266 WARNING] Module Instance 'out_sm' input pin tied to constant (idx_gen[30]=0).
[EFX-0266 WARNING] Module Instance 'out_sm' input pin tied to constant (idx_gen[29]=0).
[EFX-0266 WARNING] Module Instance 'out_sm' input pin tied to constant (idx_gen[28]=0).
[EFX-0266 WARNING] Module Instance 'out_sm' input pin tied to constant (idx_gen[27]=0).
[EFX-0266 WARNING] Module Instance 'out_sm' input pin tied to constant (idx_gen[26]=0).
[EFX-0266 WARNING] Module Instance 'out_sm' input pin tied to constant (idx_gen[25]=0).
[EFX-0266 WARNING] Module Instance 'out_sm' input pin tied to constant (idx_gen[24]=0).
[EFX-0266 WARNING] Module Instance 'out_sm' input pin tied to constant (idx_gen[23]=0).
[EFX-0266 WARNING] Module Instance 'out_sm' input pin tied to constant (idx_gen[22]=0).
[EFX-0266 WARNING] Module Instance 'out_sm' input pin tied to constant (idx_gen[21]=0).
[EFX-0266 WARNING] Module Instance 'out_sm' input pin tied to constant (idx_gen[20]=0).
[EFX-0266 WARNING] Module Instance 'out_sm' input pin tied to constant (idx_gen[19]=0).
[EFX-0266 WARNING] Module Instance 'out_sm' input pin tied to constant (idx_gen[18]=0).
[EFX-0266 WARNING] Module Instance 'out_sm' input pin tied to constant (idx_gen[17]=0).
[EFX-0266 WARNING] Module Instance 'out_sm' input pin tied to constant (idx_gen[16]=0).
[EFX-0266 WARNING] Module Instance 'out_sm' input pin tied to constant (idx_gen[15]=0).
[EFX-0266 WARNING] Module Instance 'out_sm' input pin tied to constant (idx_gen[14]=0).
[EFX-0266 WARNING] Module Instance 'out_sm' input pin tied to constant (idx_gen[13]=0).
[EFX-0266 WARNING] Module Instance 'out_sm' input pin tied to constant (idx_gen[12]=0).
[EFX-0266 WARNING] Module Instance 'out_sm' input pin tied to constant (idx_gen[11]=0).
[EFX-0266 WARNING] Module Instance 'out_sm' input pin tied to constant (idx_gen[10]=0).
[EFX-0266 WARNING] Module Instance 'out_sm' input pin tied to constant (idx_gen[9]=0).
[EFX-0266 WARNING] Module Instance 'out_sm' input pin tied to constant (idx_gen[8]=0).
[EFX-0266 WARNING] Module Instance 'out_sm' input pin tied to constant (idx_gen[7]=0).
[EFX-0266 WARNING] Module Instance 'out_sm' input pin tied to constant (idx_gen[6]=0).
[EFX-0266 WARNING] Module Instance 'out_sm' input pin tied to constant (idx_gen[5]=0).
[EFX-0266 WARNING] Module Instance 'out_sm' input pin tied to constant (idx_gen[4]=0).
[EFX-0266 WARNING] Module Instance 'out_sm' input pin tied to constant (idx_gen[3]=0).
[EFX-0266 WARNING] Module Instance 'out_sm' input pin tied to constant (idx_gen[2]=0).
[EFX-0266 WARNING] Module Instance 'out_sm' input pin tied to constant (idx_gen[1]=0).
[EFX-0266 WARNING] Module Instance 'out_sm' input pin tied to constant (idx_gen[0]=1).
[EFX-0266 WARNING] Module Instance 'mdio' input pin tied to constant (b_req_data[31]=0).
[EFX-0266 WARNING] Module Instance 'mdio' input pin tied to constant (b_req_data[30]=0).
[EFX-0266 WARNING] Module Instance 'mdio' input pin tied to constant (b_req_data[29]=0).
[EFX-0201 WARNING] Re-wiring to GND non-driven net 'ram_udp_regidp.prod2.set_again'. (E:\Efinity\project\fnetriong\fakernet_module.vhd:134)
[EFX-0201 WARNING] Re-wiring to GND non-driven net 'ram_tcp_template.prod2.set_again'. (E:\Efinity\project\fnetriong\fakernet_module.vhd:136)
[EFX-0201 WARNING] Re-wiring to GND non-driven net 'ram_tcp_prep2[0].prod2.set_again'. (E:\Efinity\project\fnetriong\fakernet_module.vhd:137)
[EFX-0201 WARNING] Re-wiring to GND non-driven net 'ram_tcp_prep2[1].prod2.set_again'. (E:\Efinity\project\fnetriong\fakernet_module.vhd:137)
[EFX-0201 WARNING] Re-wiring to GND non-driven net 't/fakernet/dp_ram_arp_icmp.port_a.o.rd'. (E:\Efinity\project\fnetriong\fakernet_module.vhd:144)
[EFX-0201 WARNING] Re-wiring to GND non-driven net 't/fakernet/dp_ram_pkt_gen.port_a.o.rd'. (E:\Efinity\project\fnetriong\fakernet_module.vhd:145)
[EFX-0201 WARNING] Re-wiring to GND non-driven net 't/fakernet/dp_ram_udp_regacc.port_a.o.rd'. (E:\Efinity\project\fnetriong\fakernet_module.vhd:146)
[EFX-0201 WARNING] Re-wiring to GND non-driven net 't/fakernet/dp_ram_udp_regacc.port_b.o.wr'. (E:\Efinity\project\fnetriong\fakernet_module.vhd:146)
[EFX-0201 WARNING] Re-wiring to GND non-driven net 't/fakernet/dp_ram_udp_regidp.port_a.o.rd'. (E:\Efinity\project\fnetriong\fakernet_module.vhd:147)
[EFX-0201 WARNING] Re-wiring to GND non-driven net 't/fakernet/dp_ram_tcp_template.port_a.o.rd'. (E:\Efinity\project\fnetriong\fakernet_module.vhd:150)

///////////////////////////////////
// Efinity Synthesis Started 
// Mar 13, 2023 09:33:40
///////////////////////////////////

[EFX-0011 VERI-WARNING] port 'probe4' remains unconnected for this instance (VERI-1927) (E:/Efinity/project/fnetriong/work_dbg/debug_top.v:116)
[EFX-0011 VERI-WARNING] expression size 256 truncated to fit in target size 64 (VERI-1209) (E:/Efinity/project/fnetriong/work_dbg/debug_top.v:3585)
[EFX-0011 VERI-WARNING] input port 'probe4[0]' remains unconnected for this instance (VDB-1053) (E:/Efinity/project/fnetriong/work_dbg/debug_top.v:92)
[EFX-0200 WARNING] Removing redundant signal : compared_in[0]. (E:/Efinity/project/fnetriong/work_dbg/debug_top.v:5455)
[EFX-0200 WARNING] Removing redundant signal : mask_in[0]. (E:/Efinity/project/fnetriong/work_dbg/debug_top.v:5456)
[EFX-0200 WARNING] Removing redundant signal : trigger_in. (E:/Efinity/project/fnetriong/work_dbg/debug_top.v:5666)
[EFX-0200 WARNING] Removing redundant signal : din[17]. (E:/Efinity/project/fnetriong/work_dbg/debug_top.v:4558)
[EFX-0200 WARNING] Removing redundant signal : trig_out. (E:/Efinity/project/fnetriong/work_dbg/debug_top.v:4837)
[EFX-0200 WARNING] Removing redundant signal : trig_out_ack. (E:/Efinity/project/fnetriong/work_dbg/debug_top.v:4838)
[EFX-0200 WARNING] Removing redundant signal : bscan_DRCK. (E:/Efinity/project/fnetriong/work_dbg/debug_top.v:1022)
[EFX-0200 WARNING] Removing redundant signal : bscan_RUNTEST. (E:/Efinity/project/fnetriong/work_dbg/debug_top.v:1024)
[EFX-0200 WARNING] Removing redundant signal : bscan_SEL. (E:/Efinity/project/fnetriong/work_dbg/debug_top.v:1025)
[EFX-0200 WARNING] Removing redundant signal : bscan_TMS. (E:/Efinity/project/fnetriong/work_dbg/debug_top.v:1029)
[EFX-0200 WARNING] Removing redundant signal : trig_in_ack. (E:/Efinity/project/fnetriong/work_dbg/debug_top.v:1040)
[EFX-0200 WARNING] Removing redundant signal : mux_capture_cmp[3]. (E:/Efinity/project/fnetriong/work_dbg/debug_top.v:3446)
[EFX-0200 WARNING] Removing redundant signal : mux_capture_cmp[2]. (E:/Efinity/project/fnetriong/work_dbg/debug_top.v:3446)
[EFX-0200 WARNING] Removing redundant signal : mux_capture_cmp[1]. (E:/Efinity/project/fnetriong/work_dbg/debug_top.v:3446)
[EFX-0200 WARNING] Removing redundant signal : mux_capture_cmp[0]. (E:/Efinity/project/fnetriong/work_dbg/debug_top.v:3446)
[EFX-0200 WARNING] Removing redundant signal : bscan_CAPTURE. (E:/Efinity/project/fnetriong/work_dbg/debug_top.v:273)
[EFX-0200 WARNING] Removing redundant signal : bscan_DRCK. (E:/Efinity/project/fnetriong/work_dbg/debug_top.v:274)
[EFX-0200 WARNING] Removing redundant signal : bscan_RUNTEST. (E:/Efinity/project/fnetriong/work_dbg/debug_top.v:276)
[EFX-0200 WARNING] Removing redundant signal : bscan_TMS. (E:/Efinity/project/fnetriong/work_dbg/debug_top.v:281)
[EFX-0266 WARNING] Module Instance 'la0' input pin tied to constant (trig_in=0).
[EFX-0266 WARNING] Module Instance 'la0' input pin tied to constant (trig_out_ack=0).
[EFX-0201 WARNING] Re-wiring to GND non-driven net 'la0.probe4[0]'. (E:/Efinity/project/fnetriong/work_dbg/debug_top.v:92)
[EFX-0201 WARNING] Re-wiring to GND non-driven net 'la0.probe5[0]'. (E:/Efinity/project/fnetriong/work_dbg/debug_top.v:92)
[EFX-0201 WARNING] Re-wiring to GND non-driven net 'la0.probe6[0]'. (E:/Efinity/project/fnetriong/work_dbg/debug_top.v:92)
[EFX-0201 WARNING] Re-wiring to GND non-driven net 'la0.probe7[0]'. (E:/Efinity/project/fnetriong/work_dbg/debug_top.v:92)
[EFX-0201 WARNING] Re-wiring to GND non-driven net 'la0.probe8[0]'. (E:/Efinity/project/fnetriong/work_dbg/debug_top.v:92)
[EFX-0201 WARNING] Re-wiring to GND non-driven net 'la0.probe9[0]'. (E:/Efinity/project/fnetriong/work_dbg/debug_top.v:92)
[EFX-0201 WARNING] Re-wiring to GND non-driven net 'la0.probe10[0]'. (E:/Efinity/project/fnetriong/work_dbg/debug_top.v:92)
[EFX-0201 WARNING] Re-wiring to GND non-driven net 'la0.probe11[0]'. (E:/Efinity/project/fnetriong/work_dbg/debug_top.v:92)
[EFX-0201 WARNING] Re-wiring to GND non-driven net 'la0.probe12[0]'. (E:/Efinity/project/fnetriong/work_dbg/debug_top.v:92)
[EFX-0201 WARNING] Re-wiring to GND non-driven net 'la0.probe13[0]'. (E:/Efinity/project/fnetriong/work_dbg/debug_top.v:92)
[EFX-0011 VERI-WARNING] Input/Inout Port bscan_DRCK is unconnected and will be removed 
[EFX-0011 VERI-WARNING] Input/Inout Port bscan_RUNTEST is unconnected and will be removed 
[EFX-0011 VERI-WARNING] Input/Inout Port bscan_TMS is unconnected and will be removed 

///////////////////////////////////
// Efinity Synthesis Started 
// Mar 13, 2023 09:34:00
///////////////////////////////////

[EFX-0266 WARNING] Module Instance 'fifo' input pin tied to constant (out_want_b=1).
[EFX-0200 WARNING] Removing redundant signal : start_found. (E:\Efinity\project\fnetriong\efnet_octet_to_word.vhd:60)
[EFX-0200 WARNING] Removing redundant signal : packet_start. (E:\Efinity\project\fnetriong\efnet_octet_to_word.vhd:62)
[EFX-0200 WARNING] Removing redundant signal : packet_end. (E:\Efinity\project\fnetriong\efnet_octet_to_word.vhd:63)
[EFX-0200 WARNING] Removing redundant signal : word[15]. (E:\Efinity\project\fnetriong\efnet_octet_to_word.vhd:65)
[EFX-0200 WARNING] Removing redundant signal : word[14]. (E:\Efinity\project\fnetriong\efnet_octet_to_word.vhd:65)
[EFX-0200 WARNING] Removing redundant signal : word[13]. (E:\Efinity\project\fnetriong\efnet_octet_to_word.vhd:65)
[EFX-0200 WARNING] Removing redundant signal : word[12]. (E:\Efinity\project\fnetriong\efnet_octet_to_word.vhd:65)
[EFX-0200 WARNING] Removing redundant signal : word[11]. (E:\Efinity\project\fnetriong\efnet_octet_to_word.vhd:65)
[EFX-0200 WARNING] Removing redundant signal : word[10]. (E:\Efinity\project\fnetriong\efnet_octet_to_word.vhd:65)
[EFX-0200 WARNING] Removing redundant signal : word[9]. (E:\Efinity\project\fnetriong\efnet_octet_to_word.vhd:65)
[EFX-0200 WARNING] Removing redundant signal : word[8]. (E:\Efinity\project\fnetriong\efnet_octet_to_word.vhd:65)
[EFX-0200 WARNING] Removing redundant signal : word[7]. (E:\Efinity\project\fnetriong\efnet_octet_to_word.vhd:65)
[EFX-0200 WARNING] Removing redundant signal : word[6]. (E:\Efinity\project\fnetriong\efnet_octet_to_word.vhd:65)
[EFX-0200 WARNING] Removing redundant signal : word[5]. (E:\Efinity\project\fnetriong\efnet_octet_to_word.vhd:65)
[EFX-0200 WARNING] Removing redundant signal : word[4]. (E:\Efinity\project\fnetriong\efnet_octet_to_word.vhd:65)
[EFX-0200 WARNING] Removing redundant signal : word[3]. (E:\Efinity\project\fnetriong\efnet_octet_to_word.vhd:65)
[EFX-0200 WARNING] Removing redundant signal : word[2]. (E:\Efinity\project\fnetriong\efnet_octet_to_word.vhd:65)
[EFX-0200 WARNING] Removing redundant signal : word[1]. (E:\Efinity\project\fnetriong\efnet_octet_to_word.vhd:65)
[EFX-0200 WARNING] Removing redundant signal : word[0]. (E:\Efinity\project\fnetriong\efnet_octet_to_word.vhd:65)
[EFX-0200 WARNING] Removing redundant signal : octet_counter[0]. (E:\Efinity\project\fnetriong\efnet_octet_to_word.vhd:66)
[EFX-0266 WARNING] Module Instance 'out_sm' input pin tied to constant (idx_tcp_prep[0][31]=0).
[EFX-0266 WARNING] Module Instance 'out_sm' input pin tied to constant (idx_tcp_prep[0][30]=0).
[EFX-0266 WARNING] Module Instance 'out_sm' input pin tied to constant (idx_tcp_prep[0][29]=0).
[EFX-0266 WARNING] Module Instance 'out_sm' input pin tied to constant (idx_tcp_prep[0][28]=0).
[EFX-0266 WARNING] Module Instance 'out_sm' input pin tied to constant (idx_tcp_prep[0][27]=0).
[EFX-0266 WARNING] Module Instance 'out_sm' input pin tied to constant (idx_tcp_prep[0][26]=0).
[EFX-0266 WARNING] Module Instance 'out_sm' input pin tied to constant (idx_tcp_prep[0][25]=0).
[EFX-0266 WARNING] Module Instance 'out_sm' input pin tied to constant (idx_tcp_prep[0][24]=0).
[EFX-0266 WARNING] Module Instance 'out_sm' input pin tied to constant (idx_tcp_prep[0][23]=0).
[EFX-0266 WARNING] Module Instance 'out_sm' input pin tied to constant (idx_tcp_prep[0][22]=0).
[EFX-0266 WARNING] Module Instance 'out_sm' input pin tied to constant (idx_tcp_prep[0][21]=0).
[EFX-0266 WARNING] Module Instance 'out_sm' input pin tied to constant (idx_tcp_prep[0][20]=0).
[EFX-0266 WARNING] Module Instance 'out_sm' input pin tied to constant (idx_tcp_prep[0][19]=0).
[EFX-0266 WARNING] Module Instance 'out_sm' input pin tied to constant (idx_tcp_prep[0][18]=0).
[EFX-0266 WARNING] Module Instance 'out_sm' input pin tied to constant (idx_tcp_prep[0][17]=0).
[EFX-0266 WARNING] Module Instance 'out_sm' input pin tied to constant (idx_tcp_prep[0][16]=0).
[EFX-0266 WARNING] Module Instance 'out_sm' input pin tied to constant (idx_tcp_prep[0][15]=0).
[EFX-0266 WARNING] Module Instance 'out_sm' input pin tied to constant (idx_tcp_prep[0][14]=0).
[EFX-0266 WARNING] Module Instance 'out_sm' input pin tied to constant (idx_tcp_prep[0][13]=0).
[EFX-0266 WARNING] Module Instance 'out_sm' input pin tied to constant (idx_tcp_prep[0][12]=0).
[EFX-0266 WARNING] Module Instance 'out_sm' input pin tied to constant (idx_tcp_prep[0][11]=0).
[EFX-0266 WARNING] Module Instance 'out_sm' input pin tied to constant (idx_tcp_prep[0][10]=0).
[EFX-0266 WARNING] Module Instance 'out_sm' input pin tied to constant (idx_tcp_prep[0][9]=0).
[EFX-0266 WARNING] Module Instance 'out_sm' input pin tied to constant (idx_tcp_prep[0][8]=0).
[EFX-0266 WARNING] Module Instance 'out_sm' input pin tied to constant (idx_tcp_prep[0][7]=0).
[EFX-0266 WARNING] Module Instance 'out_sm' input pin tied to constant (idx_tcp_prep[0][6]=0).
[EFX-0266 WARNING] Module Instance 'out_sm' input pin tied to constant (idx_tcp_prep[0][5]=0).
[EFX-0266 WARNING] Module Instance 'out_sm' input pin tied to constant (idx_tcp_prep[0][4]=0).
[EFX-0266 WARNING] Module Instance 'out_sm' input pin tied to constant (idx_tcp_prep[0][3]=0).
[EFX-0266 WARNING] Module Instance 'out_sm' input pin tied to constant (idx_tcp_prep[0][2]=1).
[EFX-0266 WARNING] Module Instance 'out_sm' input pin tied to constant (idx_tcp_prep[0][1]=0).
[EFX-0266 WARNING] Module Instance 'out_sm' input pin tied to constant (idx_tcp_prep[0][0]=1).
[EFX-0266 WARNING] Module Instance 'out_sm' input pin tied to constant (idx_tcp_prep[1][31]=0).
[EFX-0266 WARNING] Module Instance 'out_sm' input pin tied to constant (idx_tcp_prep[1][30]=0).
[EFX-0266 WARNING] Module Instance 'out_sm' input pin tied to constant (idx_tcp_prep[1][29]=0).
[EFX-0266 WARNING] Module Instance 'out_sm' input pin tied to constant (idx_tcp_prep[1][28]=0).
[EFX-0266 WARNING] Module Instance 'out_sm' input pin tied to constant (idx_tcp_prep[1][27]=0).
[EFX-0266 WARNING] Module Instance 'out_sm' input pin tied to constant (idx_tcp_prep[1][26]=0).
[EFX-0266 WARNING] Module Instance 'out_sm' input pin tied to constant (idx_tcp_prep[1][25]=0).
[EFX-0266 WARNING] Module Instance 'out_sm' input pin tied to constant (idx_tcp_prep[1][24]=0).
[EFX-0266 WARNING] Module Instance 'out_sm' input pin tied to constant (idx_tcp_prep[1][23]=0).
[EFX-0266 WARNING] Module Instance 'out_sm' input pin tied to constant (idx_tcp_prep[1][22]=0).
[EFX-0266 WARNING] Module Instance 'out_sm' input pin tied to constant (idx_tcp_prep[1][21]=0).
[EFX-0266 WARNING] Module Instance 'out_sm' input pin tied to constant (idx_tcp_prep[1][20]=0).
[EFX-0266 WARNING] Module Instance 'out_sm' input pin tied to constant (idx_tcp_prep[1][19]=0).
[EFX-0266 WARNING] Module Instance 'out_sm' input pin tied to constant (idx_tcp_prep[1][18]=0).
[EFX-0266 WARNING] Module Instance 'out_sm' input pin tied to constant (idx_tcp_prep[1][17]=0).
[EFX-0266 WARNING] Module Instance 'out_sm' input pin tied to constant (idx_tcp_prep[1][16]=0).
[EFX-0266 WARNING] Module Instance 'out_sm' input pin tied to constant (idx_tcp_prep[1][15]=0).
[EFX-0266 WARNING] Module Instance 'out_sm' input pin tied to constant (idx_tcp_prep[1][14]=0).
[EFX-0266 WARNING] Module Instance 'out_sm' input pin tied to constant (idx_tcp_prep[1][13]=0).
[EFX-0266 WARNING] Module Instance 'out_sm' input pin tied to constant (idx_tcp_prep[1][12]=0).
[EFX-0266 WARNING] Module Instance 'out_sm' input pin tied to constant (idx_tcp_prep[1][11]=0).
[EFX-0266 WARNING] Module Instance 'out_sm' input pin tied to constant (idx_tcp_prep[1][10]=0).
[EFX-0266 WARNING] Module Instance 'out_sm' input pin tied to constant (idx_tcp_prep[1][9]=0).
[EFX-0266 WARNING] Module Instance 'out_sm' input pin tied to constant (idx_tcp_prep[1][8]=0).
[EFX-0266 WARNING] Module Instance 'out_sm' input pin tied to constant (idx_tcp_prep[1][7]=0).
[EFX-0266 WARNING] Module Instance 'out_sm' input pin tied to constant (idx_tcp_prep[1][6]=0).
[EFX-0266 WARNING] Module Instance 'out_sm' input pin tied to constant (idx_tcp_prep[1][5]=0).
[EFX-0266 WARNING] Module Instance 'out_sm' input pin tied to constant (idx_tcp_prep[1][4]=0).
[EFX-0266 WARNING] Module Instance 'out_sm' input pin tied to constant (idx_tcp_prep[1][3]=0).
[EFX-0266 WARNING] Module Instance 'out_sm' input pin tied to constant (idx_tcp_prep[1][2]=1).
[EFX-0266 WARNING] Module Instance 'out_sm' input pin tied to constant (idx_tcp_prep[1][1]=1).
[EFX-0266 WARNING] Module Instance 'out_sm' input pin tied to constant (idx_tcp_prep[1][0]=0).
[EFX-0266 WARNING] Module Instance 'out_sm' input pin tied to constant (idx_gen[31]=0).
[EFX-0266 WARNING] Module Instance 'out_sm' input pin tied to constant (idx_gen[30]=0).
[EFX-0266 WARNING] Module Instance 'out_sm' input pin tied to constant (idx_gen[29]=0).
[EFX-0266 WARNING] Module Instance 'out_sm' input pin tied to constant (idx_gen[28]=0).
[EFX-0266 WARNING] Module Instance 'out_sm' input pin tied to constant (idx_gen[27]=0).
[EFX-0266 WARNING] Module Instance 'out_sm' input pin tied to constant (idx_gen[26]=0).
[EFX-0266 WARNING] Module Instance 'out_sm' input pin tied to constant (idx_gen[25]=0).
[EFX-0266 WARNING] Module Instance 'out_sm' input pin tied to constant (idx_gen[24]=0).
[EFX-0266 WARNING] Module Instance 'out_sm' input pin tied to constant (idx_gen[23]=0).
[EFX-0266 WARNING] Module Instance 'out_sm' input pin tied to constant (idx_gen[22]=0).
[EFX-0266 WARNING] Module Instance 'out_sm' input pin tied to constant (idx_gen[21]=0).
[EFX-0266 WARNING] Module Instance 'out_sm' input pin tied to constant (idx_gen[20]=0).
[EFX-0266 WARNING] Module Instance 'out_sm' input pin tied to constant (idx_gen[19]=0).
[EFX-0266 WARNING] Module Instance 'out_sm' input pin tied to constant (idx_gen[18]=0).
[EFX-0266 WARNING] Module Instance 'out_sm' input pin tied to constant (idx_gen[17]=0).
[EFX-0266 WARNING] Module Instance 'out_sm' input pin tied to constant (idx_gen[16]=0).
[EFX-0266 WARNING] Module Instance 'out_sm' input pin tied to constant (idx_gen[15]=0).
[EFX-0266 WARNING] Module Instance 'out_sm' input pin tied to constant (idx_gen[14]=0).
[EFX-0266 WARNING] Module Instance 'out_sm' input pin tied to constant (idx_gen[13]=0).
[EFX-0266 WARNING] Module Instance 'out_sm' input pin tied to constant (idx_gen[12]=0).
[EFX-0266 WARNING] Module Instance 'out_sm' input pin tied to constant (idx_gen[11]=0).
[EFX-0266 WARNING] Module Instance 'out_sm' input pin tied to constant (idx_gen[10]=0).
[EFX-0266 WARNING] Module Instance 'out_sm' input pin tied to constant (idx_gen[9]=0).
[EFX-0266 WARNING] Module Instance 'out_sm' input pin tied to constant (idx_gen[8]=0).
[EFX-0266 WARNING] Module Instance 'out_sm' input pin tied to constant (idx_gen[7]=0).
[EFX-0266 WARNING] Module Instance 'out_sm' input pin tied to constant (idx_gen[6]=0).
[EFX-0266 WARNING] Module Instance 'out_sm' input pin tied to constant (idx_gen[5]=0).
[EFX-0266 WARNING] Module Instance 'out_sm' input pin tied to constant (idx_gen[4]=0).
[EFX-0266 WARNING] Module Instance 'out_sm' input pin tied to constant (idx_gen[3]=0).
[EFX-0266 WARNING] Module Instance 'out_sm' input pin tied to constant (idx_gen[2]=0).
[EFX-0266 WARNING] Module Instance 'out_sm' input pin tied to constant (idx_gen[1]=0).
[EFX-0266 WARNING] Module Instance 'out_sm' input pin tied to constant (idx_gen[0]=1).
[EFX-0266 WARNING] Module Instance 'mdio' input pin tied to constant (b_req_data[31]=0).
[EFX-0266 WARNING] Module Instance 'mdio' input pin tied to constant (b_req_data[30]=0).
[EFX-0266 WARNING] Module Instance 'mdio' input pin tied to constant (b_req_data[29]=0).
[EFX-0201 WARNING] Re-wiring to GND non-driven net 'ram_udp_regidp.prod2.set_again'. (E:\Efinity\project\fnetriong\fakernet_module.vhd:134)
[EFX-0201 WARNING] Re-wiring to GND non-driven net 'ram_tcp_template.prod2.set_again'. (E:\Efinity\project\fnetriong\fakernet_module.vhd:136)
[EFX-0201 WARNING] Re-wiring to GND non-driven net 'ram_tcp_prep2[0].prod2.set_again'. (E:\Efinity\project\fnetriong\fakernet_module.vhd:137)
[EFX-0201 WARNING] Re-wiring to GND non-driven net 'ram_tcp_prep2[1].prod2.set_again'. (E:\Efinity\project\fnetriong\fakernet_module.vhd:137)
[EFX-0201 WARNING] Re-wiring to GND non-driven net 't/fakernet/dp_ram_arp_icmp.port_a.o.rd'. (E:\Efinity\project\fnetriong\fakernet_module.vhd:144)
[EFX-0201 WARNING] Re-wiring to GND non-driven net 't/fakernet/dp_ram_udp_regacc.port_a.o.rd'. (E:\Efinity\project\fnetriong\fakernet_module.vhd:146)
[EFX-0201 WARNING] Re-wiring to GND non-driven net 't/fakernet/dp_ram_udp_regacc.port_b.o.wr'. (E:\Efinity\project\fnetriong\fakernet_module.vhd:146)
[EFX-0201 WARNING] Re-wiring to GND non-driven net 't/fakernet/dp_ram_udp_regidp.port_a.o.rd'. (E:\Efinity\project\fnetriong\fakernet_module.vhd:147)
[EFX-0201 WARNING] Re-wiring to GND non-driven net 't/fakernet/dp_ram_tcp_template.port_a.o.rd'. (E:\Efinity\project\fnetriong\fakernet_module.vhd:150)
[EFX-0201 WARNING] Re-wiring to GND non-driven net 't/fakernet/dp_ram_tcp_template.port_b.o.wr'. (E:\Efinity\project\fnetriong\fakernet_module.vhd:150)
[EFX-0656 WARNING] Optimizing into logic zero initialized read-only memory block 't/fakernet/dpdp_ram_pkt_gen/ram__D$b12'. (E:\Efinity\project\fnetriong\fnet_ram_block_a11d16.vhd:52)
[EFX-0656 WARNING] Optimizing into logic zero initialized read-only memory block 't/fakernet/dpdp_ram_pkt_gen/ram__D$12'. (E:\Efinity\project\fnetriong\fnet_ram_block_a11d16.vhd:52)
[EFX-0656 WARNING] Optimizing into logic zero initialized read-only memory block 't/fakernet/dpdp_ram_pkt_gen/ram__D$c1'. (E:\Efinity\project\fnetriong\fnet_ram_block_a11d16.vhd:52)
[EFX-0656 WARNING] Optimizing into logic zero initialized read-only memory block 't/fakernet/dpdp_ram_pkt_gen/ram__D$2'. (E:\Efinity\project\fnetriong\fnet_ram_block_a11d16.vhd:52)

///////////////////////////////////
// Efinity Synthesis Started 
// Mar 13, 2023 12:36:22
///////////////////////////////////

[EFX-0011 VERI-WARNING] port 'probe3' remains unconnected for this instance (VERI-1927) (E:/Efinity/project/fnetriong/work_dbg/debug_top.v:112)
[EFX-0011 VERI-WARNING] expression size 256 truncated to fit in target size 64 (VERI-1209) (E:/Efinity/project/fnetriong/work_dbg/debug_top.v:3581)
[EFX-0011 VERI-WARNING] input port 'probe3[0]' remains unconnected for this instance (VDB-1053) (E:/Efinity/project/fnetriong/work_dbg/debug_top.v:89)
[EFX-0200 WARNING] Removing redundant signal : compared_in[0]. (E:/Efinity/project/fnetriong/work_dbg/debug_top.v:5451)
[EFX-0200 WARNING] Removing redundant signal : mask_in[0]. (E:/Efinity/project/fnetriong/work_dbg/debug_top.v:5452)
[EFX-0200 WARNING] Removing redundant signal : trigger_in. (E:/Efinity/project/fnetriong/work_dbg/debug_top.v:5662)
[EFX-0200 WARNING] Removing redundant signal : din[18]. (E:/Efinity/project/fnetriong/work_dbg/debug_top.v:4554)
[EFX-0200 WARNING] Removing redundant signal : trig_out. (E:/Efinity/project/fnetriong/work_dbg/debug_top.v:4833)
[EFX-0200 WARNING] Removing redundant signal : trig_out_ack. (E:/Efinity/project/fnetriong/work_dbg/debug_top.v:4834)
[EFX-0200 WARNING] Removing redundant signal : bscan_DRCK. (E:/Efinity/project/fnetriong/work_dbg/debug_top.v:1018)
[EFX-0200 WARNING] Removing redundant signal : bscan_RUNTEST. (E:/Efinity/project/fnetriong/work_dbg/debug_top.v:1020)
[EFX-0200 WARNING] Removing redundant signal : bscan_SEL. (E:/Efinity/project/fnetriong/work_dbg/debug_top.v:1021)
[EFX-0200 WARNING] Removing redundant signal : bscan_TMS. (E:/Efinity/project/fnetriong/work_dbg/debug_top.v:1025)
[EFX-0200 WARNING] Removing redundant signal : trig_in_ack. (E:/Efinity/project/fnetriong/work_dbg/debug_top.v:1036)
[EFX-0200 WARNING] Removing redundant signal : mux_capture_cmp[2]. (E:/Efinity/project/fnetriong/work_dbg/debug_top.v:3442)
[EFX-0200 WARNING] Removing redundant signal : mux_capture_cmp[1]. (E:/Efinity/project/fnetriong/work_dbg/debug_top.v:3442)
[EFX-0200 WARNING] Removing redundant signal : mux_capture_cmp[0]. (E:/Efinity/project/fnetriong/work_dbg/debug_top.v:3442)
[EFX-0200 WARNING] Removing redundant signal : bscan_CAPTURE. (E:/Efinity/project/fnetriong/work_dbg/debug_top.v:269)
[EFX-0200 WARNING] Removing redundant signal : bscan_DRCK. (E:/Efinity/project/fnetriong/work_dbg/debug_top.v:270)
[EFX-0200 WARNING] Removing redundant signal : bscan_RUNTEST. (E:/Efinity/project/fnetriong/work_dbg/debug_top.v:272)
[EFX-0200 WARNING] Removing redundant signal : bscan_TMS. (E:/Efinity/project/fnetriong/work_dbg/debug_top.v:277)
[EFX-0266 WARNING] Module Instance 'la0' input pin tied to constant (trig_in=0).
[EFX-0266 WARNING] Module Instance 'la0' input pin tied to constant (trig_out_ack=0).
[EFX-0201 WARNING] Re-wiring to GND non-driven net 'la0.probe3[0]'. (E:/Efinity/project/fnetriong/work_dbg/debug_top.v:89)
[EFX-0201 WARNING] Re-wiring to GND non-driven net 'la0.probe4[0]'. (E:/Efinity/project/fnetriong/work_dbg/debug_top.v:89)
[EFX-0201 WARNING] Re-wiring to GND non-driven net 'la0.probe5[0]'. (E:/Efinity/project/fnetriong/work_dbg/debug_top.v:89)
[EFX-0201 WARNING] Re-wiring to GND non-driven net 'la0.probe6[0]'. (E:/Efinity/project/fnetriong/work_dbg/debug_top.v:89)
[EFX-0201 WARNING] Re-wiring to GND non-driven net 'la0.probe7[0]'. (E:/Efinity/project/fnetriong/work_dbg/debug_top.v:89)
[EFX-0201 WARNING] Re-wiring to GND non-driven net 'la0.probe8[0]'. (E:/Efinity/project/fnetriong/work_dbg/debug_top.v:89)
[EFX-0201 WARNING] Re-wiring to GND non-driven net 'la0.probe9[0]'. (E:/Efinity/project/fnetriong/work_dbg/debug_top.v:89)
[EFX-0201 WARNING] Re-wiring to GND non-driven net 'la0.probe10[0]'. (E:/Efinity/project/fnetriong/work_dbg/debug_top.v:89)
[EFX-0201 WARNING] Re-wiring to GND non-driven net 'la0.probe11[0]'. (E:/Efinity/project/fnetriong/work_dbg/debug_top.v:89)
[EFX-0201 WARNING] Re-wiring to GND non-driven net 'la0.probe12[0]'. (E:/Efinity/project/fnetriong/work_dbg/debug_top.v:89)
[EFX-0011 VERI-WARNING] Input/Inout Port bscan_DRCK is unconnected and will be removed 
[EFX-0011 VERI-WARNING] Input/Inout Port bscan_RUNTEST is unconnected and will be removed 
[EFX-0011 VERI-WARNING] Input/Inout Port bscan_TMS is unconnected and will be removed 

///////////////////////////////////
// Efinity Synthesis Started 
// Mar 13, 2023 12:36:41
///////////////////////////////////

[EFX-0266 WARNING] Module Instance 'fifo' input pin tied to constant (out_want_b=1).
[EFX-0200 WARNING] Removing redundant signal : start_found. (E:\Efinity\project\fnetriong\efnet_octet_to_word.vhd:60)
[EFX-0200 WARNING] Removing redundant signal : packet_start. (E:\Efinity\project\fnetriong\efnet_octet_to_word.vhd:62)
[EFX-0200 WARNING] Removing redundant signal : packet_end. (E:\Efinity\project\fnetriong\efnet_octet_to_word.vhd:63)
[EFX-0200 WARNING] Removing redundant signal : word[15]. (E:\Efinity\project\fnetriong\efnet_octet_to_word.vhd:65)
[EFX-0200 WARNING] Removing redundant signal : word[14]. (E:\Efinity\project\fnetriong\efnet_octet_to_word.vhd:65)
[EFX-0200 WARNING] Removing redundant signal : word[13]. (E:\Efinity\project\fnetriong\efnet_octet_to_word.vhd:65)
[EFX-0200 WARNING] Removing redundant signal : word[12]. (E:\Efinity\project\fnetriong\efnet_octet_to_word.vhd:65)
[EFX-0200 WARNING] Removing redundant signal : word[11]. (E:\Efinity\project\fnetriong\efnet_octet_to_word.vhd:65)
[EFX-0200 WARNING] Removing redundant signal : word[10]. (E:\Efinity\project\fnetriong\efnet_octet_to_word.vhd:65)
[EFX-0200 WARNING] Removing redundant signal : word[9]. (E:\Efinity\project\fnetriong\efnet_octet_to_word.vhd:65)
[EFX-0200 WARNING] Removing redundant signal : word[8]. (E:\Efinity\project\fnetriong\efnet_octet_to_word.vhd:65)
[EFX-0200 WARNING] Removing redundant signal : word[7]. (E:\Efinity\project\fnetriong\efnet_octet_to_word.vhd:65)
[EFX-0200 WARNING] Removing redundant signal : word[6]. (E:\Efinity\project\fnetriong\efnet_octet_to_word.vhd:65)
[EFX-0200 WARNING] Removing redundant signal : word[5]. (E:\Efinity\project\fnetriong\efnet_octet_to_word.vhd:65)
[EFX-0200 WARNING] Removing redundant signal : word[4]. (E:\Efinity\project\fnetriong\efnet_octet_to_word.vhd:65)
[EFX-0200 WARNING] Removing redundant signal : word[3]. (E:\Efinity\project\fnetriong\efnet_octet_to_word.vhd:65)
[EFX-0200 WARNING] Removing redundant signal : word[2]. (E:\Efinity\project\fnetriong\efnet_octet_to_word.vhd:65)
[EFX-0200 WARNING] Removing redundant signal : word[1]. (E:\Efinity\project\fnetriong\efnet_octet_to_word.vhd:65)
[EFX-0200 WARNING] Removing redundant signal : word[0]. (E:\Efinity\project\fnetriong\efnet_octet_to_word.vhd:65)
[EFX-0200 WARNING] Removing redundant signal : octet_counter[0]. (E:\Efinity\project\fnetriong\efnet_octet_to_word.vhd:66)
[EFX-0266 WARNING] Module Instance 'out_sm' input pin tied to constant (idx_tcp_prep[0][31]=0).
[EFX-0266 WARNING] Module Instance 'out_sm' input pin tied to constant (idx_tcp_prep[0][30]=0).
[EFX-0266 WARNING] Module Instance 'out_sm' input pin tied to constant (idx_tcp_prep[0][29]=0).
[EFX-0266 WARNING] Module Instance 'out_sm' input pin tied to constant (idx_tcp_prep[0][28]=0).
[EFX-0266 WARNING] Module Instance 'out_sm' input pin tied to constant (idx_tcp_prep[0][27]=0).
[EFX-0266 WARNING] Module Instance 'out_sm' input pin tied to constant (idx_tcp_prep[0][26]=0).
[EFX-0266 WARNING] Module Instance 'out_sm' input pin tied to constant (idx_tcp_prep[0][25]=0).
[EFX-0266 WARNING] Module Instance 'out_sm' input pin tied to constant (idx_tcp_prep[0][24]=0).
[EFX-0266 WARNING] Module Instance 'out_sm' input pin tied to constant (idx_tcp_prep[0][23]=0).
[EFX-0266 WARNING] Module Instance 'out_sm' input pin tied to constant (idx_tcp_prep[0][22]=0).
[EFX-0266 WARNING] Module Instance 'out_sm' input pin tied to constant (idx_tcp_prep[0][21]=0).
[EFX-0266 WARNING] Module Instance 'out_sm' input pin tied to constant (idx_tcp_prep[0][20]=0).
[EFX-0266 WARNING] Module Instance 'out_sm' input pin tied to constant (idx_tcp_prep[0][19]=0).
[EFX-0266 WARNING] Module Instance 'out_sm' input pin tied to constant (idx_tcp_prep[0][18]=0).
[EFX-0266 WARNING] Module Instance 'out_sm' input pin tied to constant (idx_tcp_prep[0][17]=0).
[EFX-0266 WARNING] Module Instance 'out_sm' input pin tied to constant (idx_tcp_prep[0][16]=0).
[EFX-0266 WARNING] Module Instance 'out_sm' input pin tied to constant (idx_tcp_prep[0][15]=0).
[EFX-0266 WARNING] Module Instance 'out_sm' input pin tied to constant (idx_tcp_prep[0][14]=0).
[EFX-0266 WARNING] Module Instance 'out_sm' input pin tied to constant (idx_tcp_prep[0][13]=0).
[EFX-0266 WARNING] Module Instance 'out_sm' input pin tied to constant (idx_tcp_prep[0][12]=0).
[EFX-0266 WARNING] Module Instance 'out_sm' input pin tied to constant (idx_tcp_prep[0][11]=0).
[EFX-0266 WARNING] Module Instance 'out_sm' input pin tied to constant (idx_tcp_prep[0][10]=0).
[EFX-0266 WARNING] Module Instance 'out_sm' input pin tied to constant (idx_tcp_prep[0][9]=0).
[EFX-0266 WARNING] Module Instance 'out_sm' input pin tied to constant (idx_tcp_prep[0][8]=0).
[EFX-0266 WARNING] Module Instance 'out_sm' input pin tied to constant (idx_tcp_prep[0][7]=0).
[EFX-0266 WARNING] Module Instance 'out_sm' input pin tied to constant (idx_tcp_prep[0][6]=0).
[EFX-0266 WARNING] Module Instance 'out_sm' input pin tied to constant (idx_tcp_prep[0][5]=0).
[EFX-0266 WARNING] Module Instance 'out_sm' input pin tied to constant (idx_tcp_prep[0][4]=0).
[EFX-0266 WARNING] Module Instance 'out_sm' input pin tied to constant (idx_tcp_prep[0][3]=0).
[EFX-0266 WARNING] Module Instance 'out_sm' input pin tied to constant (idx_tcp_prep[0][2]=1).
[EFX-0266 WARNING] Module Instance 'out_sm' input pin tied to constant (idx_tcp_prep[0][1]=0).
[EFX-0266 WARNING] Module Instance 'out_sm' input pin tied to constant (idx_tcp_prep[0][0]=1).
[EFX-0266 WARNING] Module Instance 'out_sm' input pin tied to constant (idx_tcp_prep[1][31]=0).
[EFX-0266 WARNING] Module Instance 'out_sm' input pin tied to constant (idx_tcp_prep[1][30]=0).
[EFX-0266 WARNING] Module Instance 'out_sm' input pin tied to constant (idx_tcp_prep[1][29]=0).
[EFX-0266 WARNING] Module Instance 'out_sm' input pin tied to constant (idx_tcp_prep[1][28]=0).
[EFX-0266 WARNING] Module Instance 'out_sm' input pin tied to constant (idx_tcp_prep[1][27]=0).
[EFX-0266 WARNING] Module Instance 'out_sm' input pin tied to constant (idx_tcp_prep[1][26]=0).
[EFX-0266 WARNING] Module Instance 'out_sm' input pin tied to constant (idx_tcp_prep[1][25]=0).
[EFX-0266 WARNING] Module Instance 'out_sm' input pin tied to constant (idx_tcp_prep[1][24]=0).
[EFX-0266 WARNING] Module Instance 'out_sm' input pin tied to constant (idx_tcp_prep[1][23]=0).
[EFX-0266 WARNING] Module Instance 'out_sm' input pin tied to constant (idx_tcp_prep[1][22]=0).
[EFX-0266 WARNING] Module Instance 'out_sm' input pin tied to constant (idx_tcp_prep[1][21]=0).
[EFX-0266 WARNING] Module Instance 'out_sm' input pin tied to constant (idx_tcp_prep[1][20]=0).
[EFX-0266 WARNING] Module Instance 'out_sm' input pin tied to constant (idx_tcp_prep[1][19]=0).
[EFX-0266 WARNING] Module Instance 'out_sm' input pin tied to constant (idx_tcp_prep[1][18]=0).
[EFX-0266 WARNING] Module Instance 'out_sm' input pin tied to constant (idx_tcp_prep[1][17]=0).
[EFX-0266 WARNING] Module Instance 'out_sm' input pin tied to constant (idx_tcp_prep[1][16]=0).
[EFX-0266 WARNING] Module Instance 'out_sm' input pin tied to constant (idx_tcp_prep[1][15]=0).
[EFX-0266 WARNING] Module Instance 'out_sm' input pin tied to constant (idx_tcp_prep[1][14]=0).
[EFX-0266 WARNING] Module Instance 'out_sm' input pin tied to constant (idx_tcp_prep[1][13]=0).
[EFX-0266 WARNING] Module Instance 'out_sm' input pin tied to constant (idx_tcp_prep[1][12]=0).
[EFX-0266 WARNING] Module Instance 'out_sm' input pin tied to constant (idx_tcp_prep[1][11]=0).
[EFX-0266 WARNING] Module Instance 'out_sm' input pin tied to constant (idx_tcp_prep[1][10]=0).
[EFX-0266 WARNING] Module Instance 'out_sm' input pin tied to constant (idx_tcp_prep[1][9]=0).
[EFX-0266 WARNING] Module Instance 'out_sm' input pin tied to constant (idx_tcp_prep[1][8]=0).
[EFX-0266 WARNING] Module Instance 'out_sm' input pin tied to constant (idx_tcp_prep[1][7]=0).
[EFX-0266 WARNING] Module Instance 'out_sm' input pin tied to constant (idx_tcp_prep[1][6]=0).
[EFX-0266 WARNING] Module Instance 'out_sm' input pin tied to constant (idx_tcp_prep[1][5]=0).
[EFX-0266 WARNING] Module Instance 'out_sm' input pin tied to constant (idx_tcp_prep[1][4]=0).
[EFX-0266 WARNING] Module Instance 'out_sm' input pin tied to constant (idx_tcp_prep[1][3]=0).
[EFX-0266 WARNING] Module Instance 'out_sm' input pin tied to constant (idx_tcp_prep[1][2]=1).
[EFX-0266 WARNING] Module Instance 'out_sm' input pin tied to constant (idx_tcp_prep[1][1]=1).
[EFX-0266 WARNING] Module Instance 'out_sm' input pin tied to constant (idx_tcp_prep[1][0]=0).
[EFX-0266 WARNING] Module Instance 'out_sm' input pin tied to constant (idx_gen[31]=0).
[EFX-0266 WARNING] Module Instance 'out_sm' input pin tied to constant (idx_gen[30]=0).
[EFX-0266 WARNING] Module Instance 'out_sm' input pin tied to constant (idx_gen[29]=0).
[EFX-0266 WARNING] Module Instance 'out_sm' input pin tied to constant (idx_gen[28]=0).
[EFX-0266 WARNING] Module Instance 'out_sm' input pin tied to constant (idx_gen[27]=0).
[EFX-0266 WARNING] Module Instance 'out_sm' input pin tied to constant (idx_gen[26]=0).
[EFX-0266 WARNING] Module Instance 'out_sm' input pin tied to constant (idx_gen[25]=0).
[EFX-0266 WARNING] Module Instance 'out_sm' input pin tied to constant (idx_gen[24]=0).
[EFX-0266 WARNING] Module Instance 'out_sm' input pin tied to constant (idx_gen[23]=0).
[EFX-0266 WARNING] Module Instance 'out_sm' input pin tied to constant (idx_gen[22]=0).
[EFX-0266 WARNING] Module Instance 'out_sm' input pin tied to constant (idx_gen[21]=0).
[EFX-0266 WARNING] Module Instance 'out_sm' input pin tied to constant (idx_gen[20]=0).
[EFX-0266 WARNING] Module Instance 'out_sm' input pin tied to constant (idx_gen[19]=0).
[EFX-0266 WARNING] Module Instance 'out_sm' input pin tied to constant (idx_gen[18]=0).
[EFX-0266 WARNING] Module Instance 'out_sm' input pin tied to constant (idx_gen[17]=0).
[EFX-0266 WARNING] Module Instance 'out_sm' input pin tied to constant (idx_gen[16]=0).
[EFX-0266 WARNING] Module Instance 'out_sm' input pin tied to constant (idx_gen[15]=0).
[EFX-0266 WARNING] Module Instance 'out_sm' input pin tied to constant (idx_gen[14]=0).
[EFX-0266 WARNING] Module Instance 'out_sm' input pin tied to constant (idx_gen[13]=0).
[EFX-0266 WARNING] Module Instance 'out_sm' input pin tied to constant (idx_gen[12]=0).
[EFX-0266 WARNING] Module Instance 'out_sm' input pin tied to constant (idx_gen[11]=0).
[EFX-0266 WARNING] Module Instance 'out_sm' input pin tied to constant (idx_gen[10]=0).
[EFX-0266 WARNING] Module Instance 'out_sm' input pin tied to constant (idx_gen[9]=0).
[EFX-0266 WARNING] Module Instance 'out_sm' input pin tied to constant (idx_gen[8]=0).
[EFX-0266 WARNING] Module Instance 'out_sm' input pin tied to constant (idx_gen[7]=0).
[EFX-0266 WARNING] Module Instance 'out_sm' input pin tied to constant (idx_gen[6]=0).
[EFX-0266 WARNING] Module Instance 'out_sm' input pin tied to constant (idx_gen[5]=0).
[EFX-0266 WARNING] Module Instance 'out_sm' input pin tied to constant (idx_gen[4]=0).
[EFX-0266 WARNING] Module Instance 'out_sm' input pin tied to constant (idx_gen[3]=0).
[EFX-0266 WARNING] Module Instance 'out_sm' input pin tied to constant (idx_gen[2]=0).
[EFX-0266 WARNING] Module Instance 'out_sm' input pin tied to constant (idx_gen[1]=0).
[EFX-0266 WARNING] Module Instance 'out_sm' input pin tied to constant (idx_gen[0]=1).
[EFX-0266 WARNING] Module Instance 'mdio' input pin tied to constant (b_req_data[31]=0).
[EFX-0266 WARNING] Module Instance 'mdio' input pin tied to constant (b_req_data[30]=0).
[EFX-0266 WARNING] Module Instance 'mdio' input pin tied to constant (b_req_data[29]=0).
[EFX-0201 WARNING] Re-wiring to GND non-driven net 'ram_udp_regidp.prod2.set_again'. (E:\Efinity\project\fnetriong\fakernet_module.vhd:134)
[EFX-0201 WARNING] Re-wiring to GND non-driven net 'ram_tcp_template.prod2.set_again'. (E:\Efinity\project\fnetriong\fakernet_module.vhd:136)
[EFX-0201 WARNING] Re-wiring to GND non-driven net 'ram_tcp_prep2[0].prod2.set_again'. (E:\Efinity\project\fnetriong\fakernet_module.vhd:137)
[EFX-0201 WARNING] Re-wiring to GND non-driven net 'ram_tcp_prep2[1].prod2.set_again'. (E:\Efinity\project\fnetriong\fakernet_module.vhd:137)
[EFX-0201 WARNING] Re-wiring to GND non-driven net 't/fakernet/dp_ram_arp_icmp.port_a.o.rd'. (E:\Efinity\project\fnetriong\fakernet_module.vhd:144)
[EFX-0201 WARNING] Re-wiring to GND non-driven net 't/fakernet/dp_ram_udp_regacc.port_a.o.rd'. (E:\Efinity\project\fnetriong\fakernet_module.vhd:146)
[EFX-0201 WARNING] Re-wiring to GND non-driven net 't/fakernet/dp_ram_udp_regacc.port_b.o.wr'. (E:\Efinity\project\fnetriong\fakernet_module.vhd:146)
[EFX-0201 WARNING] Re-wiring to GND non-driven net 't/fakernet/dp_ram_udp_regidp.port_a.o.rd'. (E:\Efinity\project\fnetriong\fakernet_module.vhd:147)
[EFX-0201 WARNING] Re-wiring to GND non-driven net 't/fakernet/dp_ram_tcp_template.port_a.o.rd'. (E:\Efinity\project\fnetriong\fakernet_module.vhd:150)
[EFX-0201 WARNING] Re-wiring to GND non-driven net 't/fakernet/dp_ram_tcp_template.port_b.o.wr'. (E:\Efinity\project\fnetriong\fakernet_module.vhd:150)
[EFX-0656 WARNING] Optimizing into logic zero initialized read-only memory block 't/fakernet/dpdp_ram_pkt_gen/ram__D$b12'. (E:\Efinity\project\fnetriong\fnet_ram_block_a11d16.vhd:52)
[EFX-0656 WARNING] Optimizing into logic zero initialized read-only memory block 't/fakernet/dpdp_ram_pkt_gen/ram__D$12'. (E:\Efinity\project\fnetriong\fnet_ram_block_a11d16.vhd:52)
[EFX-0656 WARNING] Optimizing into logic zero initialized read-only memory block 't/fakernet/dpdp_ram_pkt_gen/ram__D$c1'. (E:\Efinity\project\fnetriong\fnet_ram_block_a11d16.vhd:52)
[EFX-0656 WARNING] Optimizing into logic zero initialized read-only memory block 't/fakernet/dpdp_ram_pkt_gen/ram__D$2'. (E:\Efinity\project\fnetriong\fnet_ram_block_a11d16.vhd:52)

///////////////////////////////////
// Efinity Synthesis Started 
// Mar 13, 2023 13:59:41
///////////////////////////////////

[EFX-0011 VERI-WARNING] port 'probe3' remains unconnected for this instance (VERI-1927) (E:/Efinity/project/fnetriong/work_dbg/debug_top.v:112)
[EFX-0011 VERI-WARNING] expression size 256 truncated to fit in target size 64 (VERI-1209) (E:/Efinity/project/fnetriong/work_dbg/debug_top.v:3581)
[EFX-0011 VERI-WARNING] input port 'probe3[0]' remains unconnected for this instance (VDB-1053) (E:/Efinity/project/fnetriong/work_dbg/debug_top.v:89)
[EFX-0200 WARNING] Removing redundant signal : compared_in[0]. (E:/Efinity/project/fnetriong/work_dbg/debug_top.v:5451)
[EFX-0200 WARNING] Removing redundant signal : mask_in[0]. (E:/Efinity/project/fnetriong/work_dbg/debug_top.v:5452)
[EFX-0200 WARNING] Removing redundant signal : trigger_in. (E:/Efinity/project/fnetriong/work_dbg/debug_top.v:5662)
[EFX-0200 WARNING] Removing redundant signal : din[18]. (E:/Efinity/project/fnetriong/work_dbg/debug_top.v:4554)
[EFX-0200 WARNING] Removing redundant signal : trig_out. (E:/Efinity/project/fnetriong/work_dbg/debug_top.v:4833)
[EFX-0200 WARNING] Removing redundant signal : trig_out_ack. (E:/Efinity/project/fnetriong/work_dbg/debug_top.v:4834)
[EFX-0200 WARNING] Removing redundant signal : bscan_DRCK. (E:/Efinity/project/fnetriong/work_dbg/debug_top.v:1018)
[EFX-0200 WARNING] Removing redundant signal : bscan_RUNTEST. (E:/Efinity/project/fnetriong/work_dbg/debug_top.v:1020)
[EFX-0200 WARNING] Removing redundant signal : bscan_SEL. (E:/Efinity/project/fnetriong/work_dbg/debug_top.v:1021)
[EFX-0200 WARNING] Removing redundant signal : bscan_TMS. (E:/Efinity/project/fnetriong/work_dbg/debug_top.v:1025)
[EFX-0200 WARNING] Removing redundant signal : trig_in_ack. (E:/Efinity/project/fnetriong/work_dbg/debug_top.v:1036)
[EFX-0200 WARNING] Removing redundant signal : mux_capture_cmp[2]. (E:/Efinity/project/fnetriong/work_dbg/debug_top.v:3442)
[EFX-0200 WARNING] Removing redundant signal : mux_capture_cmp[1]. (E:/Efinity/project/fnetriong/work_dbg/debug_top.v:3442)
[EFX-0200 WARNING] Removing redundant signal : mux_capture_cmp[0]. (E:/Efinity/project/fnetriong/work_dbg/debug_top.v:3442)
[EFX-0200 WARNING] Removing redundant signal : bscan_CAPTURE. (E:/Efinity/project/fnetriong/work_dbg/debug_top.v:269)
[EFX-0200 WARNING] Removing redundant signal : bscan_DRCK. (E:/Efinity/project/fnetriong/work_dbg/debug_top.v:270)
[EFX-0200 WARNING] Removing redundant signal : bscan_RUNTEST. (E:/Efinity/project/fnetriong/work_dbg/debug_top.v:272)
[EFX-0200 WARNING] Removing redundant signal : bscan_TMS. (E:/Efinity/project/fnetriong/work_dbg/debug_top.v:277)
[EFX-0266 WARNING] Module Instance 'la0' input pin tied to constant (trig_in=0).
[EFX-0266 WARNING] Module Instance 'la0' input pin tied to constant (trig_out_ack=0).
[EFX-0201 WARNING] Re-wiring to GND non-driven net 'la0.probe3[0]'. (E:/Efinity/project/fnetriong/work_dbg/debug_top.v:89)
[EFX-0201 WARNING] Re-wiring to GND non-driven net 'la0.probe4[0]'. (E:/Efinity/project/fnetriong/work_dbg/debug_top.v:89)
[EFX-0201 WARNING] Re-wiring to GND non-driven net 'la0.probe5[0]'. (E:/Efinity/project/fnetriong/work_dbg/debug_top.v:89)
[EFX-0201 WARNING] Re-wiring to GND non-driven net 'la0.probe6[0]'. (E:/Efinity/project/fnetriong/work_dbg/debug_top.v:89)
[EFX-0201 WARNING] Re-wiring to GND non-driven net 'la0.probe7[0]'. (E:/Efinity/project/fnetriong/work_dbg/debug_top.v:89)
[EFX-0201 WARNING] Re-wiring to GND non-driven net 'la0.probe8[0]'. (E:/Efinity/project/fnetriong/work_dbg/debug_top.v:89)
[EFX-0201 WARNING] Re-wiring to GND non-driven net 'la0.probe9[0]'. (E:/Efinity/project/fnetriong/work_dbg/debug_top.v:89)
[EFX-0201 WARNING] Re-wiring to GND non-driven net 'la0.probe10[0]'. (E:/Efinity/project/fnetriong/work_dbg/debug_top.v:89)
[EFX-0201 WARNING] Re-wiring to GND non-driven net 'la0.probe11[0]'. (E:/Efinity/project/fnetriong/work_dbg/debug_top.v:89)
[EFX-0201 WARNING] Re-wiring to GND non-driven net 'la0.probe12[0]'. (E:/Efinity/project/fnetriong/work_dbg/debug_top.v:89)
[EFX-0011 VERI-WARNING] Input/Inout Port bscan_DRCK is unconnected and will be removed 
[EFX-0011 VERI-WARNING] Input/Inout Port bscan_RUNTEST is unconnected and will be removed 
[EFX-0011 VERI-WARNING] Input/Inout Port bscan_TMS is unconnected and will be removed 

///////////////////////////////////
// Efinity Synthesis Started 
// Mar 13, 2023 14:00:00
///////////////////////////////////

[EFX-0266 WARNING] Module Instance 'fifo' input pin tied to constant (out_want_b=1).
[EFX-0200 WARNING] Removing redundant signal : start_found. (E:\Efinity\project\fnetriong\efnet_octet_to_word.vhd:60)
[EFX-0200 WARNING] Removing redundant signal : packet_start. (E:\Efinity\project\fnetriong\efnet_octet_to_word.vhd:62)
[EFX-0200 WARNING] Removing redundant signal : packet_end. (E:\Efinity\project\fnetriong\efnet_octet_to_word.vhd:63)
[EFX-0200 WARNING] Removing redundant signal : word[15]. (E:\Efinity\project\fnetriong\efnet_octet_to_word.vhd:65)
[EFX-0200 WARNING] Removing redundant signal : word[14]. (E:\Efinity\project\fnetriong\efnet_octet_to_word.vhd:65)
[EFX-0200 WARNING] Removing redundant signal : word[13]. (E:\Efinity\project\fnetriong\efnet_octet_to_word.vhd:65)
[EFX-0200 WARNING] Removing redundant signal : word[12]. (E:\Efinity\project\fnetriong\efnet_octet_to_word.vhd:65)
[EFX-0200 WARNING] Removing redundant signal : word[11]. (E:\Efinity\project\fnetriong\efnet_octet_to_word.vhd:65)
[EFX-0200 WARNING] Removing redundant signal : word[10]. (E:\Efinity\project\fnetriong\efnet_octet_to_word.vhd:65)
[EFX-0200 WARNING] Removing redundant signal : word[9]. (E:\Efinity\project\fnetriong\efnet_octet_to_word.vhd:65)
[EFX-0200 WARNING] Removing redundant signal : word[8]. (E:\Efinity\project\fnetriong\efnet_octet_to_word.vhd:65)
[EFX-0200 WARNING] Removing redundant signal : word[7]. (E:\Efinity\project\fnetriong\efnet_octet_to_word.vhd:65)
[EFX-0200 WARNING] Removing redundant signal : word[6]. (E:\Efinity\project\fnetriong\efnet_octet_to_word.vhd:65)
[EFX-0200 WARNING] Removing redundant signal : word[5]. (E:\Efinity\project\fnetriong\efnet_octet_to_word.vhd:65)
[EFX-0200 WARNING] Removing redundant signal : word[4]. (E:\Efinity\project\fnetriong\efnet_octet_to_word.vhd:65)
[EFX-0200 WARNING] Removing redundant signal : word[3]. (E:\Efinity\project\fnetriong\efnet_octet_to_word.vhd:65)
[EFX-0200 WARNING] Removing redundant signal : word[2]. (E:\Efinity\project\fnetriong\efnet_octet_to_word.vhd:65)
[EFX-0200 WARNING] Removing redundant signal : word[1]. (E:\Efinity\project\fnetriong\efnet_octet_to_word.vhd:65)
[EFX-0200 WARNING] Removing redundant signal : word[0]. (E:\Efinity\project\fnetriong\efnet_octet_to_word.vhd:65)
[EFX-0200 WARNING] Removing redundant signal : octet_counter[0]. (E:\Efinity\project\fnetriong\efnet_octet_to_word.vhd:66)
[EFX-0266 WARNING] Module Instance 'out_sm' input pin tied to constant (idx_tcp_prep[0][31]=0).
[EFX-0266 WARNING] Module Instance 'out_sm' input pin tied to constant (idx_tcp_prep[0][30]=0).
[EFX-0266 WARNING] Module Instance 'out_sm' input pin tied to constant (idx_tcp_prep[0][29]=0).
[EFX-0266 WARNING] Module Instance 'out_sm' input pin tied to constant (idx_tcp_prep[0][28]=0).
[EFX-0266 WARNING] Module Instance 'out_sm' input pin tied to constant (idx_tcp_prep[0][27]=0).
[EFX-0266 WARNING] Module Instance 'out_sm' input pin tied to constant (idx_tcp_prep[0][26]=0).
[EFX-0266 WARNING] Module Instance 'out_sm' input pin tied to constant (idx_tcp_prep[0][25]=0).
[EFX-0266 WARNING] Module Instance 'out_sm' input pin tied to constant (idx_tcp_prep[0][24]=0).
[EFX-0266 WARNING] Module Instance 'out_sm' input pin tied to constant (idx_tcp_prep[0][23]=0).
[EFX-0266 WARNING] Module Instance 'out_sm' input pin tied to constant (idx_tcp_prep[0][22]=0).
[EFX-0266 WARNING] Module Instance 'out_sm' input pin tied to constant (idx_tcp_prep[0][21]=0).
[EFX-0266 WARNING] Module Instance 'out_sm' input pin tied to constant (idx_tcp_prep[0][20]=0).
[EFX-0266 WARNING] Module Instance 'out_sm' input pin tied to constant (idx_tcp_prep[0][19]=0).
[EFX-0266 WARNING] Module Instance 'out_sm' input pin tied to constant (idx_tcp_prep[0][18]=0).
[EFX-0266 WARNING] Module Instance 'out_sm' input pin tied to constant (idx_tcp_prep[0][17]=0).
[EFX-0266 WARNING] Module Instance 'out_sm' input pin tied to constant (idx_tcp_prep[0][16]=0).
[EFX-0266 WARNING] Module Instance 'out_sm' input pin tied to constant (idx_tcp_prep[0][15]=0).
[EFX-0266 WARNING] Module Instance 'out_sm' input pin tied to constant (idx_tcp_prep[0][14]=0).
[EFX-0266 WARNING] Module Instance 'out_sm' input pin tied to constant (idx_tcp_prep[0][13]=0).
[EFX-0266 WARNING] Module Instance 'out_sm' input pin tied to constant (idx_tcp_prep[0][12]=0).
[EFX-0266 WARNING] Module Instance 'out_sm' input pin tied to constant (idx_tcp_prep[0][11]=0).
[EFX-0266 WARNING] Module Instance 'out_sm' input pin tied to constant (idx_tcp_prep[0][10]=0).
[EFX-0266 WARNING] Module Instance 'out_sm' input pin tied to constant (idx_tcp_prep[0][9]=0).
[EFX-0266 WARNING] Module Instance 'out_sm' input pin tied to constant (idx_tcp_prep[0][8]=0).
[EFX-0266 WARNING] Module Instance 'out_sm' input pin tied to constant (idx_tcp_prep[0][7]=0).
[EFX-0266 WARNING] Module Instance 'out_sm' input pin tied to constant (idx_tcp_prep[0][6]=0).
[EFX-0266 WARNING] Module Instance 'out_sm' input pin tied to constant (idx_tcp_prep[0][5]=0).
[EFX-0266 WARNING] Module Instance 'out_sm' input pin tied to constant (idx_tcp_prep[0][4]=0).
[EFX-0266 WARNING] Module Instance 'out_sm' input pin tied to constant (idx_tcp_prep[0][3]=0).
[EFX-0266 WARNING] Module Instance 'out_sm' input pin tied to constant (idx_tcp_prep[0][2]=1).
[EFX-0266 WARNING] Module Instance 'out_sm' input pin tied to constant (idx_tcp_prep[0][1]=0).
[EFX-0266 WARNING] Module Instance 'out_sm' input pin tied to constant (idx_tcp_prep[0][0]=1).
[EFX-0266 WARNING] Module Instance 'out_sm' input pin tied to constant (idx_tcp_prep[1][31]=0).
[EFX-0266 WARNING] Module Instance 'out_sm' input pin tied to constant (idx_tcp_prep[1][30]=0).
[EFX-0266 WARNING] Module Instance 'out_sm' input pin tied to constant (idx_tcp_prep[1][29]=0).
[EFX-0266 WARNING] Module Instance 'out_sm' input pin tied to constant (idx_tcp_prep[1][28]=0).
[EFX-0266 WARNING] Module Instance 'out_sm' input pin tied to constant (idx_tcp_prep[1][27]=0).
[EFX-0266 WARNING] Module Instance 'out_sm' input pin tied to constant (idx_tcp_prep[1][26]=0).
[EFX-0266 WARNING] Module Instance 'out_sm' input pin tied to constant (idx_tcp_prep[1][25]=0).
[EFX-0266 WARNING] Module Instance 'out_sm' input pin tied to constant (idx_tcp_prep[1][24]=0).
[EFX-0266 WARNING] Module Instance 'out_sm' input pin tied to constant (idx_tcp_prep[1][23]=0).
[EFX-0266 WARNING] Module Instance 'out_sm' input pin tied to constant (idx_tcp_prep[1][22]=0).
[EFX-0266 WARNING] Module Instance 'out_sm' input pin tied to constant (idx_tcp_prep[1][21]=0).
[EFX-0266 WARNING] Module Instance 'out_sm' input pin tied to constant (idx_tcp_prep[1][20]=0).
[EFX-0266 WARNING] Module Instance 'out_sm' input pin tied to constant (idx_tcp_prep[1][19]=0).
[EFX-0266 WARNING] Module Instance 'out_sm' input pin tied to constant (idx_tcp_prep[1][18]=0).
[EFX-0266 WARNING] Module Instance 'out_sm' input pin tied to constant (idx_tcp_prep[1][17]=0).
[EFX-0266 WARNING] Module Instance 'out_sm' input pin tied to constant (idx_tcp_prep[1][16]=0).
[EFX-0266 WARNING] Module Instance 'out_sm' input pin tied to constant (idx_tcp_prep[1][15]=0).
[EFX-0266 WARNING] Module Instance 'out_sm' input pin tied to constant (idx_tcp_prep[1][14]=0).
[EFX-0266 WARNING] Module Instance 'out_sm' input pin tied to constant (idx_tcp_prep[1][13]=0).
[EFX-0266 WARNING] Module Instance 'out_sm' input pin tied to constant (idx_tcp_prep[1][12]=0).
[EFX-0266 WARNING] Module Instance 'out_sm' input pin tied to constant (idx_tcp_prep[1][11]=0).
[EFX-0266 WARNING] Module Instance 'out_sm' input pin tied to constant (idx_tcp_prep[1][10]=0).
[EFX-0266 WARNING] Module Instance 'out_sm' input pin tied to constant (idx_tcp_prep[1][9]=0).
[EFX-0266 WARNING] Module Instance 'out_sm' input pin tied to constant (idx_tcp_prep[1][8]=0).
[EFX-0266 WARNING] Module Instance 'out_sm' input pin tied to constant (idx_tcp_prep[1][7]=0).
[EFX-0266 WARNING] Module Instance 'out_sm' input pin tied to constant (idx_tcp_prep[1][6]=0).
[EFX-0266 WARNING] Module Instance 'out_sm' input pin tied to constant (idx_tcp_prep[1][5]=0).
[EFX-0266 WARNING] Module Instance 'out_sm' input pin tied to constant (idx_tcp_prep[1][4]=0).
[EFX-0266 WARNING] Module Instance 'out_sm' input pin tied to constant (idx_tcp_prep[1][3]=0).
[EFX-0266 WARNING] Module Instance 'out_sm' input pin tied to constant (idx_tcp_prep[1][2]=1).
[EFX-0266 WARNING] Module Instance 'out_sm' input pin tied to constant (idx_tcp_prep[1][1]=1).
[EFX-0266 WARNING] Module Instance 'out_sm' input pin tied to constant (idx_tcp_prep[1][0]=0).
[EFX-0266 WARNING] Module Instance 'out_sm' input pin tied to constant (idx_gen[31]=0).
[EFX-0266 WARNING] Module Instance 'out_sm' input pin tied to constant (idx_gen[30]=0).
[EFX-0266 WARNING] Module Instance 'out_sm' input pin tied to constant (idx_gen[29]=0).
[EFX-0266 WARNING] Module Instance 'out_sm' input pin tied to constant (idx_gen[28]=0).
[EFX-0266 WARNING] Module Instance 'out_sm' input pin tied to constant (idx_gen[27]=0).
[EFX-0266 WARNING] Module Instance 'out_sm' input pin tied to constant (idx_gen[26]=0).
[EFX-0266 WARNING] Module Instance 'out_sm' input pin tied to constant (idx_gen[25]=0).
[EFX-0266 WARNING] Module Instance 'out_sm' input pin tied to constant (idx_gen[24]=0).
[EFX-0266 WARNING] Module Instance 'out_sm' input pin tied to constant (idx_gen[23]=0).
[EFX-0266 WARNING] Module Instance 'out_sm' input pin tied to constant (idx_gen[22]=0).
[EFX-0266 WARNING] Module Instance 'out_sm' input pin tied to constant (idx_gen[21]=0).
[EFX-0266 WARNING] Module Instance 'out_sm' input pin tied to constant (idx_gen[20]=0).
[EFX-0266 WARNING] Module Instance 'out_sm' input pin tied to constant (idx_gen[19]=0).
[EFX-0266 WARNING] Module Instance 'out_sm' input pin tied to constant (idx_gen[18]=0).
[EFX-0266 WARNING] Module Instance 'out_sm' input pin tied to constant (idx_gen[17]=0).
[EFX-0266 WARNING] Module Instance 'out_sm' input pin tied to constant (idx_gen[16]=0).
[EFX-0266 WARNING] Module Instance 'out_sm' input pin tied to constant (idx_gen[15]=0).
[EFX-0266 WARNING] Module Instance 'out_sm' input pin tied to constant (idx_gen[14]=0).
[EFX-0266 WARNING] Module Instance 'out_sm' input pin tied to constant (idx_gen[13]=0).
[EFX-0266 WARNING] Module Instance 'out_sm' input pin tied to constant (idx_gen[12]=0).
[EFX-0266 WARNING] Module Instance 'out_sm' input pin tied to constant (idx_gen[11]=0).
[EFX-0266 WARNING] Module Instance 'out_sm' input pin tied to constant (idx_gen[10]=0).
[EFX-0266 WARNING] Module Instance 'out_sm' input pin tied to constant (idx_gen[9]=0).
[EFX-0266 WARNING] Module Instance 'out_sm' input pin tied to constant (idx_gen[8]=0).
[EFX-0266 WARNING] Module Instance 'out_sm' input pin tied to constant (idx_gen[7]=0).
[EFX-0266 WARNING] Module Instance 'out_sm' input pin tied to constant (idx_gen[6]=0).
[EFX-0266 WARNING] Module Instance 'out_sm' input pin tied to constant (idx_gen[5]=0).
[EFX-0266 WARNING] Module Instance 'out_sm' input pin tied to constant (idx_gen[4]=0).
[EFX-0266 WARNING] Module Instance 'out_sm' input pin tied to constant (idx_gen[3]=0).
[EFX-0266 WARNING] Module Instance 'out_sm' input pin tied to constant (idx_gen[2]=0).
[EFX-0266 WARNING] Module Instance 'out_sm' input pin tied to constant (idx_gen[1]=0).
[EFX-0266 WARNING] Module Instance 'out_sm' input pin tied to constant (idx_gen[0]=1).
[EFX-0266 WARNING] Module Instance 'mdio' input pin tied to constant (b_req_data[31]=0).
[EFX-0266 WARNING] Module Instance 'mdio' input pin tied to constant (b_req_data[30]=0).
[EFX-0266 WARNING] Module Instance 'mdio' input pin tied to constant (b_req_data[29]=0).
[EFX-0201 WARNING] Re-wiring to GND non-driven net 'ram_udp_regidp.prod2.set_again'. (E:\Efinity\project\fnetriong\fakernet_module.vhd:134)
[EFX-0201 WARNING] Re-wiring to GND non-driven net 'ram_tcp_template.prod2.set_again'. (E:\Efinity\project\fnetriong\fakernet_module.vhd:136)
[EFX-0201 WARNING] Re-wiring to GND non-driven net 'ram_tcp_prep2[0].prod2.set_again'. (E:\Efinity\project\fnetriong\fakernet_module.vhd:137)
[EFX-0201 WARNING] Re-wiring to GND non-driven net 'ram_tcp_prep2[1].prod2.set_again'. (E:\Efinity\project\fnetriong\fakernet_module.vhd:137)
[EFX-0201 WARNING] Re-wiring to GND non-driven net 't/fakernet/dp_ram_arp_icmp.port_a.o.rd'. (E:\Efinity\project\fnetriong\fakernet_module.vhd:144)
[EFX-0201 WARNING] Re-wiring to GND non-driven net 't/fakernet/dp_ram_udp_regacc.port_a.o.rd'. (E:\Efinity\project\fnetriong\fakernet_module.vhd:146)
[EFX-0201 WARNING] Re-wiring to GND non-driven net 't/fakernet/dp_ram_udp_regacc.port_b.o.wr'. (E:\Efinity\project\fnetriong\fakernet_module.vhd:146)
[EFX-0201 WARNING] Re-wiring to GND non-driven net 't/fakernet/dp_ram_udp_regidp.port_a.o.rd'. (E:\Efinity\project\fnetriong\fakernet_module.vhd:147)
[EFX-0201 WARNING] Re-wiring to GND non-driven net 't/fakernet/dp_ram_tcp_template.port_a.o.rd'. (E:\Efinity\project\fnetriong\fakernet_module.vhd:150)
[EFX-0201 WARNING] Re-wiring to GND non-driven net 't/fakernet/dp_ram_tcp_template.port_b.o.wr'. (E:\Efinity\project\fnetriong\fakernet_module.vhd:150)
[EFX-0656 WARNING] Optimizing into logic zero initialized read-only memory block 't/fakernet/dpdp_ram_pkt_gen/ram__D$b12'. (E:\Efinity\project\fnetriong\fnet_ram_block_a11d16.vhd:52)
[EFX-0656 WARNING] Optimizing into logic zero initialized read-only memory block 't/fakernet/dpdp_ram_pkt_gen/ram__D$12'. (E:\Efinity\project\fnetriong\fnet_ram_block_a11d16.vhd:52)
[EFX-0656 WARNING] Optimizing into logic zero initialized read-only memory block 't/fakernet/dpdp_ram_pkt_gen/ram__D$c1'. (E:\Efinity\project\fnetriong\fnet_ram_block_a11d16.vhd:52)
[EFX-0656 WARNING] Optimizing into logic zero initialized read-only memory block 't/fakernet/dpdp_ram_pkt_gen/ram__D$2'. (E:\Efinity\project\fnetriong\fnet_ram_block_a11d16.vhd:52)

///////////////////////////////////
// Efinity Synthesis Started 
// Mar 13, 2023 14:17:40
///////////////////////////////////

[EFX-0011 VERI-WARNING] port 'probe7' remains unconnected for this instance (VERI-1927) (E:/Efinity/project/fnetriong/work_dbg/debug_top.v:128)
[EFX-0011 VERI-WARNING] expression size 256 truncated to fit in target size 64 (VERI-1209) (E:/Efinity/project/fnetriong/work_dbg/debug_top.v:3597)
[EFX-0011 VERI-WARNING] input port 'probe7[0]' remains unconnected for this instance (VDB-1053) (E:/Efinity/project/fnetriong/work_dbg/debug_top.v:101)
[EFX-0200 WARNING] Removing redundant signal : compared_in[0]. (E:/Efinity/project/fnetriong/work_dbg/debug_top.v:5467)
[EFX-0200 WARNING] Removing redundant signal : mask_in[0]. (E:/Efinity/project/fnetriong/work_dbg/debug_top.v:5468)
[EFX-0200 WARNING] Removing redundant signal : trigger_in. (E:/Efinity/project/fnetriong/work_dbg/debug_top.v:5678)
[EFX-0200 WARNING] Removing redundant signal : din[37]. (E:/Efinity/project/fnetriong/work_dbg/debug_top.v:4570)
[EFX-0200 WARNING] Removing redundant signal : trig_out. (E:/Efinity/project/fnetriong/work_dbg/debug_top.v:4849)
[EFX-0200 WARNING] Removing redundant signal : trig_out_ack. (E:/Efinity/project/fnetriong/work_dbg/debug_top.v:4850)
[EFX-0200 WARNING] Removing redundant signal : bscan_DRCK. (E:/Efinity/project/fnetriong/work_dbg/debug_top.v:1034)
[EFX-0200 WARNING] Removing redundant signal : bscan_RUNTEST. (E:/Efinity/project/fnetriong/work_dbg/debug_top.v:1036)
[EFX-0200 WARNING] Removing redundant signal : bscan_SEL. (E:/Efinity/project/fnetriong/work_dbg/debug_top.v:1037)
[EFX-0200 WARNING] Removing redundant signal : bscan_TMS. (E:/Efinity/project/fnetriong/work_dbg/debug_top.v:1041)
[EFX-0200 WARNING] Removing redundant signal : trig_in_ack. (E:/Efinity/project/fnetriong/work_dbg/debug_top.v:1052)
[EFX-0200 WARNING] Removing redundant signal : mux_capture_cmp[6]. (E:/Efinity/project/fnetriong/work_dbg/debug_top.v:3458)
[EFX-0200 WARNING] Removing redundant signal : mux_capture_cmp[5]. (E:/Efinity/project/fnetriong/work_dbg/debug_top.v:3458)
[EFX-0200 WARNING] Removing redundant signal : mux_capture_cmp[4]. (E:/Efinity/project/fnetriong/work_dbg/debug_top.v:3458)
[EFX-0200 WARNING] Removing redundant signal : mux_capture_cmp[3]. (E:/Efinity/project/fnetriong/work_dbg/debug_top.v:3458)
[EFX-0200 WARNING] Removing redundant signal : mux_capture_cmp[2]. (E:/Efinity/project/fnetriong/work_dbg/debug_top.v:3458)
[EFX-0200 WARNING] Removing redundant signal : mux_capture_cmp[1]. (E:/Efinity/project/fnetriong/work_dbg/debug_top.v:3458)
[EFX-0200 WARNING] Removing redundant signal : mux_capture_cmp[0]. (E:/Efinity/project/fnetriong/work_dbg/debug_top.v:3458)
[EFX-0200 WARNING] Removing redundant signal : bscan_CAPTURE. (E:/Efinity/project/fnetriong/work_dbg/debug_top.v:285)
[EFX-0200 WARNING] Removing redundant signal : bscan_DRCK. (E:/Efinity/project/fnetriong/work_dbg/debug_top.v:286)
[EFX-0266 WARNING] Module Instance 'la0' input pin tied to constant (trig_in=0).
[EFX-0266 WARNING] Module Instance 'la0' input pin tied to constant (trig_out_ack=0).
[EFX-0201 WARNING] Re-wiring to GND non-driven net 'la0.probe7[0]'. (E:/Efinity/project/fnetriong/work_dbg/debug_top.v:101)
[EFX-0201 WARNING] Re-wiring to GND non-driven net 'la0.probe8[0]'. (E:/Efinity/project/fnetriong/work_dbg/debug_top.v:101)
[EFX-0201 WARNING] Re-wiring to GND non-driven net 'la0.probe9[0]'. (E:/Efinity/project/fnetriong/work_dbg/debug_top.v:101)
[EFX-0201 WARNING] Re-wiring to GND non-driven net 'la0.probe10[0]'. (E:/Efinity/project/fnetriong/work_dbg/debug_top.v:101)
[EFX-0201 WARNING] Re-wiring to GND non-driven net 'la0.probe11[0]'. (E:/Efinity/project/fnetriong/work_dbg/debug_top.v:101)
[EFX-0201 WARNING] Re-wiring to GND non-driven net 'la0.probe12[0]'. (E:/Efinity/project/fnetriong/work_dbg/debug_top.v:101)
[EFX-0201 WARNING] Re-wiring to GND non-driven net 'la0.probe13[0]'. (E:/Efinity/project/fnetriong/work_dbg/debug_top.v:101)
[EFX-0201 WARNING] Re-wiring to GND non-driven net 'la0.probe14[0]'. (E:/Efinity/project/fnetriong/work_dbg/debug_top.v:101)
[EFX-0201 WARNING] Re-wiring to GND non-driven net 'la0.probe15[0]'. (E:/Efinity/project/fnetriong/work_dbg/debug_top.v:101)
[EFX-0201 WARNING] Re-wiring to GND non-driven net 'la0.probe16[0]'. (E:/Efinity/project/fnetriong/work_dbg/debug_top.v:101)
[EFX-0011 VERI-WARNING] Input/Inout Port bscan_DRCK is unconnected and will be removed 
[EFX-0011 VERI-WARNING] Input/Inout Port bscan_RUNTEST is unconnected and will be removed 
[EFX-0011 VERI-WARNING] Input/Inout Port bscan_TMS is unconnected and will be removed 

///////////////////////////////////
// Efinity Synthesis Started 
// Mar 13, 2023 14:18:00
///////////////////////////////////

[EFX-0266 WARNING] Module Instance 'fifo' input pin tied to constant (out_want_b=1).
[EFX-0200 WARNING] Removing redundant signal : start_found. (E:\Efinity\project\fnetriong\efnet_octet_to_word.vhd:60)
[EFX-0200 WARNING] Removing redundant signal : packet_start. (E:\Efinity\project\fnetriong\efnet_octet_to_word.vhd:62)
[EFX-0200 WARNING] Removing redundant signal : packet_end. (E:\Efinity\project\fnetriong\efnet_octet_to_word.vhd:63)
[EFX-0200 WARNING] Removing redundant signal : word[15]. (E:\Efinity\project\fnetriong\efnet_octet_to_word.vhd:65)
[EFX-0200 WARNING] Removing redundant signal : word[14]. (E:\Efinity\project\fnetriong\efnet_octet_to_word.vhd:65)
[EFX-0200 WARNING] Removing redundant signal : word[13]. (E:\Efinity\project\fnetriong\efnet_octet_to_word.vhd:65)
[EFX-0200 WARNING] Removing redundant signal : word[12]. (E:\Efinity\project\fnetriong\efnet_octet_to_word.vhd:65)
[EFX-0200 WARNING] Removing redundant signal : word[11]. (E:\Efinity\project\fnetriong\efnet_octet_to_word.vhd:65)
[EFX-0200 WARNING] Removing redundant signal : word[10]. (E:\Efinity\project\fnetriong\efnet_octet_to_word.vhd:65)
[EFX-0200 WARNING] Removing redundant signal : word[9]. (E:\Efinity\project\fnetriong\efnet_octet_to_word.vhd:65)
[EFX-0200 WARNING] Removing redundant signal : word[8]. (E:\Efinity\project\fnetriong\efnet_octet_to_word.vhd:65)
[EFX-0200 WARNING] Removing redundant signal : word[7]. (E:\Efinity\project\fnetriong\efnet_octet_to_word.vhd:65)
[EFX-0200 WARNING] Removing redundant signal : word[6]. (E:\Efinity\project\fnetriong\efnet_octet_to_word.vhd:65)
[EFX-0200 WARNING] Removing redundant signal : word[5]. (E:\Efinity\project\fnetriong\efnet_octet_to_word.vhd:65)
[EFX-0200 WARNING] Removing redundant signal : word[4]. (E:\Efinity\project\fnetriong\efnet_octet_to_word.vhd:65)
[EFX-0200 WARNING] Removing redundant signal : word[3]. (E:\Efinity\project\fnetriong\efnet_octet_to_word.vhd:65)
[EFX-0200 WARNING] Removing redundant signal : word[2]. (E:\Efinity\project\fnetriong\efnet_octet_to_word.vhd:65)
[EFX-0200 WARNING] Removing redundant signal : word[1]. (E:\Efinity\project\fnetriong\efnet_octet_to_word.vhd:65)
[EFX-0200 WARNING] Removing redundant signal : word[0]. (E:\Efinity\project\fnetriong\efnet_octet_to_word.vhd:65)
[EFX-0200 WARNING] Removing redundant signal : octet_counter[0]. (E:\Efinity\project\fnetriong\efnet_octet_to_word.vhd:66)
[EFX-0266 WARNING] Module Instance 'out_sm' input pin tied to constant (idx_tcp_prep[0][31]=0).
[EFX-0266 WARNING] Module Instance 'out_sm' input pin tied to constant (idx_tcp_prep[0][30]=0).
[EFX-0266 WARNING] Module Instance 'out_sm' input pin tied to constant (idx_tcp_prep[0][29]=0).
[EFX-0266 WARNING] Module Instance 'out_sm' input pin tied to constant (idx_tcp_prep[0][28]=0).
[EFX-0266 WARNING] Module Instance 'out_sm' input pin tied to constant (idx_tcp_prep[0][27]=0).
[EFX-0266 WARNING] Module Instance 'out_sm' input pin tied to constant (idx_tcp_prep[0][26]=0).
[EFX-0266 WARNING] Module Instance 'out_sm' input pin tied to constant (idx_tcp_prep[0][25]=0).
[EFX-0266 WARNING] Module Instance 'out_sm' input pin tied to constant (idx_tcp_prep[0][24]=0).
[EFX-0266 WARNING] Module Instance 'out_sm' input pin tied to constant (idx_tcp_prep[0][23]=0).
[EFX-0266 WARNING] Module Instance 'out_sm' input pin tied to constant (idx_tcp_prep[0][22]=0).
[EFX-0266 WARNING] Module Instance 'out_sm' input pin tied to constant (idx_tcp_prep[0][21]=0).
[EFX-0266 WARNING] Module Instance 'out_sm' input pin tied to constant (idx_tcp_prep[0][20]=0).
[EFX-0266 WARNING] Module Instance 'out_sm' input pin tied to constant (idx_tcp_prep[0][19]=0).
[EFX-0266 WARNING] Module Instance 'out_sm' input pin tied to constant (idx_tcp_prep[0][18]=0).
[EFX-0266 WARNING] Module Instance 'out_sm' input pin tied to constant (idx_tcp_prep[0][17]=0).
[EFX-0266 WARNING] Module Instance 'out_sm' input pin tied to constant (idx_tcp_prep[0][16]=0).
[EFX-0266 WARNING] Module Instance 'out_sm' input pin tied to constant (idx_tcp_prep[0][15]=0).
[EFX-0266 WARNING] Module Instance 'out_sm' input pin tied to constant (idx_tcp_prep[0][14]=0).
[EFX-0266 WARNING] Module Instance 'out_sm' input pin tied to constant (idx_tcp_prep[0][13]=0).
[EFX-0266 WARNING] Module Instance 'out_sm' input pin tied to constant (idx_tcp_prep[0][12]=0).
[EFX-0266 WARNING] Module Instance 'out_sm' input pin tied to constant (idx_tcp_prep[0][11]=0).
[EFX-0266 WARNING] Module Instance 'out_sm' input pin tied to constant (idx_tcp_prep[0][10]=0).
[EFX-0266 WARNING] Module Instance 'out_sm' input pin tied to constant (idx_tcp_prep[0][9]=0).
[EFX-0266 WARNING] Module Instance 'out_sm' input pin tied to constant (idx_tcp_prep[0][8]=0).
[EFX-0266 WARNING] Module Instance 'out_sm' input pin tied to constant (idx_tcp_prep[0][7]=0).
[EFX-0266 WARNING] Module Instance 'out_sm' input pin tied to constant (idx_tcp_prep[0][6]=0).
[EFX-0266 WARNING] Module Instance 'out_sm' input pin tied to constant (idx_tcp_prep[0][5]=0).
[EFX-0266 WARNING] Module Instance 'out_sm' input pin tied to constant (idx_tcp_prep[0][4]=0).
[EFX-0266 WARNING] Module Instance 'out_sm' input pin tied to constant (idx_tcp_prep[0][3]=0).
[EFX-0266 WARNING] Module Instance 'out_sm' input pin tied to constant (idx_tcp_prep[0][2]=1).
[EFX-0266 WARNING] Module Instance 'out_sm' input pin tied to constant (idx_tcp_prep[0][1]=0).
[EFX-0266 WARNING] Module Instance 'out_sm' input pin tied to constant (idx_tcp_prep[0][0]=1).
[EFX-0266 WARNING] Module Instance 'out_sm' input pin tied to constant (idx_tcp_prep[1][31]=0).
[EFX-0266 WARNING] Module Instance 'out_sm' input pin tied to constant (idx_tcp_prep[1][30]=0).
[EFX-0266 WARNING] Module Instance 'out_sm' input pin tied to constant (idx_tcp_prep[1][29]=0).
[EFX-0266 WARNING] Module Instance 'out_sm' input pin tied to constant (idx_tcp_prep[1][28]=0).
[EFX-0266 WARNING] Module Instance 'out_sm' input pin tied to constant (idx_tcp_prep[1][27]=0).
[EFX-0266 WARNING] Module Instance 'out_sm' input pin tied to constant (idx_tcp_prep[1][26]=0).
[EFX-0266 WARNING] Module Instance 'out_sm' input pin tied to constant (idx_tcp_prep[1][25]=0).
[EFX-0266 WARNING] Module Instance 'out_sm' input pin tied to constant (idx_tcp_prep[1][24]=0).
[EFX-0266 WARNING] Module Instance 'out_sm' input pin tied to constant (idx_tcp_prep[1][23]=0).
[EFX-0266 WARNING] Module Instance 'out_sm' input pin tied to constant (idx_tcp_prep[1][22]=0).
[EFX-0266 WARNING] Module Instance 'out_sm' input pin tied to constant (idx_tcp_prep[1][21]=0).
[EFX-0266 WARNING] Module Instance 'out_sm' input pin tied to constant (idx_tcp_prep[1][20]=0).
[EFX-0266 WARNING] Module Instance 'out_sm' input pin tied to constant (idx_tcp_prep[1][19]=0).
[EFX-0266 WARNING] Module Instance 'out_sm' input pin tied to constant (idx_tcp_prep[1][18]=0).
[EFX-0266 WARNING] Module Instance 'out_sm' input pin tied to constant (idx_tcp_prep[1][17]=0).
[EFX-0266 WARNING] Module Instance 'out_sm' input pin tied to constant (idx_tcp_prep[1][16]=0).
[EFX-0266 WARNING] Module Instance 'out_sm' input pin tied to constant (idx_tcp_prep[1][15]=0).
[EFX-0266 WARNING] Module Instance 'out_sm' input pin tied to constant (idx_tcp_prep[1][14]=0).
[EFX-0266 WARNING] Module Instance 'out_sm' input pin tied to constant (idx_tcp_prep[1][13]=0).
[EFX-0266 WARNING] Module Instance 'out_sm' input pin tied to constant (idx_tcp_prep[1][12]=0).
[EFX-0266 WARNING] Module Instance 'out_sm' input pin tied to constant (idx_tcp_prep[1][11]=0).
[EFX-0266 WARNING] Module Instance 'out_sm' input pin tied to constant (idx_tcp_prep[1][10]=0).
[EFX-0266 WARNING] Module Instance 'out_sm' input pin tied to constant (idx_tcp_prep[1][9]=0).
[EFX-0266 WARNING] Module Instance 'out_sm' input pin tied to constant (idx_tcp_prep[1][8]=0).
[EFX-0266 WARNING] Module Instance 'out_sm' input pin tied to constant (idx_tcp_prep[1][7]=0).
[EFX-0266 WARNING] Module Instance 'out_sm' input pin tied to constant (idx_tcp_prep[1][6]=0).
[EFX-0266 WARNING] Module Instance 'out_sm' input pin tied to constant (idx_tcp_prep[1][5]=0).
[EFX-0266 WARNING] Module Instance 'out_sm' input pin tied to constant (idx_tcp_prep[1][4]=0).
[EFX-0266 WARNING] Module Instance 'out_sm' input pin tied to constant (idx_tcp_prep[1][3]=0).
[EFX-0266 WARNING] Module Instance 'out_sm' input pin tied to constant (idx_tcp_prep[1][2]=1).
[EFX-0266 WARNING] Module Instance 'out_sm' input pin tied to constant (idx_tcp_prep[1][1]=1).
[EFX-0266 WARNING] Module Instance 'out_sm' input pin tied to constant (idx_tcp_prep[1][0]=0).
[EFX-0266 WARNING] Module Instance 'out_sm' input pin tied to constant (idx_gen[31]=0).
[EFX-0266 WARNING] Module Instance 'out_sm' input pin tied to constant (idx_gen[30]=0).
[EFX-0266 WARNING] Module Instance 'out_sm' input pin tied to constant (idx_gen[29]=0).
[EFX-0266 WARNING] Module Instance 'out_sm' input pin tied to constant (idx_gen[28]=0).
[EFX-0266 WARNING] Module Instance 'out_sm' input pin tied to constant (idx_gen[27]=0).
[EFX-0266 WARNING] Module Instance 'out_sm' input pin tied to constant (idx_gen[26]=0).
[EFX-0266 WARNING] Module Instance 'out_sm' input pin tied to constant (idx_gen[25]=0).
[EFX-0266 WARNING] Module Instance 'out_sm' input pin tied to constant (idx_gen[24]=0).
[EFX-0266 WARNING] Module Instance 'out_sm' input pin tied to constant (idx_gen[23]=0).
[EFX-0266 WARNING] Module Instance 'out_sm' input pin tied to constant (idx_gen[22]=0).
[EFX-0266 WARNING] Module Instance 'out_sm' input pin tied to constant (idx_gen[21]=0).
[EFX-0266 WARNING] Module Instance 'out_sm' input pin tied to constant (idx_gen[20]=0).
[EFX-0266 WARNING] Module Instance 'out_sm' input pin tied to constant (idx_gen[19]=0).
[EFX-0266 WARNING] Module Instance 'out_sm' input pin tied to constant (idx_gen[18]=0).
[EFX-0266 WARNING] Module Instance 'out_sm' input pin tied to constant (idx_gen[17]=0).
[EFX-0266 WARNING] Module Instance 'out_sm' input pin tied to constant (idx_gen[16]=0).
[EFX-0266 WARNING] Module Instance 'out_sm' input pin tied to constant (idx_gen[15]=0).
[EFX-0266 WARNING] Module Instance 'out_sm' input pin tied to constant (idx_gen[14]=0).
[EFX-0266 WARNING] Module Instance 'out_sm' input pin tied to constant (idx_gen[13]=0).
[EFX-0266 WARNING] Module Instance 'out_sm' input pin tied to constant (idx_gen[12]=0).
[EFX-0266 WARNING] Module Instance 'out_sm' input pin tied to constant (idx_gen[11]=0).
[EFX-0266 WARNING] Module Instance 'out_sm' input pin tied to constant (idx_gen[10]=0).
[EFX-0266 WARNING] Module Instance 'out_sm' input pin tied to constant (idx_gen[9]=0).
[EFX-0266 WARNING] Module Instance 'out_sm' input pin tied to constant (idx_gen[8]=0).
[EFX-0266 WARNING] Module Instance 'out_sm' input pin tied to constant (idx_gen[7]=0).
[EFX-0266 WARNING] Module Instance 'out_sm' input pin tied to constant (idx_gen[6]=0).
[EFX-0266 WARNING] Module Instance 'out_sm' input pin tied to constant (idx_gen[5]=0).
[EFX-0266 WARNING] Module Instance 'out_sm' input pin tied to constant (idx_gen[4]=0).
[EFX-0266 WARNING] Module Instance 'out_sm' input pin tied to constant (idx_gen[3]=0).
[EFX-0266 WARNING] Module Instance 'out_sm' input pin tied to constant (idx_gen[2]=0).
[EFX-0266 WARNING] Module Instance 'out_sm' input pin tied to constant (idx_gen[1]=0).
[EFX-0266 WARNING] Module Instance 'out_sm' input pin tied to constant (idx_gen[0]=1).
[EFX-0266 WARNING] Module Instance 'mdio' input pin tied to constant (b_req_data[31]=0).
[EFX-0266 WARNING] Module Instance 'mdio' input pin tied to constant (b_req_data[30]=0).
[EFX-0266 WARNING] Module Instance 'mdio' input pin tied to constant (b_req_data[29]=0).
[EFX-0201 WARNING] Re-wiring to GND non-driven net 'ram_udp_regidp.prod2.set_again'. (E:\Efinity\project\fnetriong\fakernet_module.vhd:134)
[EFX-0201 WARNING] Re-wiring to GND non-driven net 'ram_tcp_template.prod2.set_again'. (E:\Efinity\project\fnetriong\fakernet_module.vhd:136)
[EFX-0201 WARNING] Re-wiring to GND non-driven net 'ram_tcp_prep2[0].prod2.set_again'. (E:\Efinity\project\fnetriong\fakernet_module.vhd:137)
[EFX-0201 WARNING] Re-wiring to GND non-driven net 'ram_tcp_prep2[1].prod2.set_again'. (E:\Efinity\project\fnetriong\fakernet_module.vhd:137)
[EFX-0201 WARNING] Re-wiring to GND non-driven net 't/fakernet/dp_ram_arp_icmp.port_a.o.rd'. (E:\Efinity\project\fnetriong\fakernet_module.vhd:144)
[EFX-0201 WARNING] Re-wiring to GND non-driven net 't/fakernet/dp_ram_udp_regacc.port_a.o.rd'. (E:\Efinity\project\fnetriong\fakernet_module.vhd:146)
[EFX-0201 WARNING] Re-wiring to GND non-driven net 't/fakernet/dp_ram_udp_regacc.port_b.o.wr'. (E:\Efinity\project\fnetriong\fakernet_module.vhd:146)
[EFX-0201 WARNING] Re-wiring to GND non-driven net 't/fakernet/dp_ram_udp_regidp.port_a.o.rd'. (E:\Efinity\project\fnetriong\fakernet_module.vhd:147)
[EFX-0201 WARNING] Re-wiring to GND non-driven net 't/fakernet/dp_ram_tcp_template.port_a.o.rd'. (E:\Efinity\project\fnetriong\fakernet_module.vhd:150)
[EFX-0201 WARNING] Re-wiring to GND non-driven net 't/fakernet/dp_ram_tcp_template.port_b.o.wr'. (E:\Efinity\project\fnetriong\fakernet_module.vhd:150)
[EFX-0656 WARNING] Optimizing into logic zero initialized read-only memory block 't/fakernet/dpdp_ram_pkt_gen/ram__D$b12'. (E:\Efinity\project\fnetriong\fnet_ram_block_a11d16.vhd:52)
[EFX-0656 WARNING] Optimizing into logic zero initialized read-only memory block 't/fakernet/dpdp_ram_pkt_gen/ram__D$12'. (E:\Efinity\project\fnetriong\fnet_ram_block_a11d16.vhd:52)
[EFX-0656 WARNING] Optimizing into logic zero initialized read-only memory block 't/fakernet/dpdp_ram_pkt_gen/ram__D$c1'. (E:\Efinity\project\fnetriong\fnet_ram_block_a11d16.vhd:52)
[EFX-0656 WARNING] Optimizing into logic zero initialized read-only memory block 't/fakernet/dpdp_ram_pkt_gen/ram__D$2'. (E:\Efinity\project\fnetriong\fnet_ram_block_a11d16.vhd:52)

///////////////////////////////////
// Efinity Synthesis Started 
// Mar 13, 2023 15:27:38
///////////////////////////////////

[EFX-0011 VERI-WARNING] port 'probe16' remains unconnected for this instance (VERI-1927) (E:/Efinity/project/fnetriong/work_dbg/debug_top.v:164)
[EFX-0011 VERI-WARNING] expression size 256 truncated to fit in target size 64 (VERI-1209) (E:/Efinity/project/fnetriong/work_dbg/debug_top.v:3633)
[EFX-0011 VERI-WARNING] input port 'probe16[0]' remains unconnected for this instance (VDB-1053) (E:/Efinity/project/fnetriong/work_dbg/debug_top.v:128)
[EFX-0200 WARNING] Removing redundant signal : compared_in[0]. (E:/Efinity/project/fnetriong/work_dbg/debug_top.v:5503)
[EFX-0200 WARNING] Removing redundant signal : mask_in[0]. (E:/Efinity/project/fnetriong/work_dbg/debug_top.v:5504)
[EFX-0200 WARNING] Removing redundant signal : trigger_in. (E:/Efinity/project/fnetriong/work_dbg/debug_top.v:5714)
[EFX-0200 WARNING] Removing redundant signal : din[16]. (E:/Efinity/project/fnetriong/work_dbg/debug_top.v:4606)
[EFX-0200 WARNING] Removing redundant signal : trig_out. (E:/Efinity/project/fnetriong/work_dbg/debug_top.v:4885)
[EFX-0200 WARNING] Removing redundant signal : trig_out_ack. (E:/Efinity/project/fnetriong/work_dbg/debug_top.v:4886)
[EFX-0200 WARNING] Removing redundant signal : bscan_DRCK. (E:/Efinity/project/fnetriong/work_dbg/debug_top.v:1070)
[EFX-0200 WARNING] Removing redundant signal : bscan_RUNTEST. (E:/Efinity/project/fnetriong/work_dbg/debug_top.v:1072)
[EFX-0200 WARNING] Removing redundant signal : bscan_SEL. (E:/Efinity/project/fnetriong/work_dbg/debug_top.v:1073)
[EFX-0200 WARNING] Removing redundant signal : bscan_TMS. (E:/Efinity/project/fnetriong/work_dbg/debug_top.v:1077)
[EFX-0200 WARNING] Removing redundant signal : trig_in_ack. (E:/Efinity/project/fnetriong/work_dbg/debug_top.v:1088)
[EFX-0200 WARNING] Removing redundant signal : mux_capture_cmp[15]. (E:/Efinity/project/fnetriong/work_dbg/debug_top.v:3494)
[EFX-0200 WARNING] Removing redundant signal : mux_capture_cmp[14]. (E:/Efinity/project/fnetriong/work_dbg/debug_top.v:3494)
[EFX-0200 WARNING] Removing redundant signal : mux_capture_cmp[13]. (E:/Efinity/project/fnetriong/work_dbg/debug_top.v:3494)
[EFX-0200 WARNING] Removing redundant signal : mux_capture_cmp[12]. (E:/Efinity/project/fnetriong/work_dbg/debug_top.v:3494)
[EFX-0200 WARNING] Removing redundant signal : mux_capture_cmp[11]. (E:/Efinity/project/fnetriong/work_dbg/debug_top.v:3494)
[EFX-0200 WARNING] Removing redundant signal : mux_capture_cmp[10]. (E:/Efinity/project/fnetriong/work_dbg/debug_top.v:3494)
[EFX-0200 WARNING] Removing redundant signal : mux_capture_cmp[9]. (E:/Efinity/project/fnetriong/work_dbg/debug_top.v:3494)
[EFX-0200 WARNING] Removing redundant signal : mux_capture_cmp[8]. (E:/Efinity/project/fnetriong/work_dbg/debug_top.v:3494)
[EFX-0200 WARNING] Removing redundant signal : mux_capture_cmp[7]. (E:/Efinity/project/fnetriong/work_dbg/debug_top.v:3494)
[EFX-0266 WARNING] Module Instance 'la0' input pin tied to constant (trig_in=0).
[EFX-0266 WARNING] Module Instance 'la0' input pin tied to constant (trig_out_ack=0).
[EFX-0201 WARNING] Re-wiring to GND non-driven net 'la0.probe16[0]'. (E:/Efinity/project/fnetriong/work_dbg/debug_top.v:128)
[EFX-0201 WARNING] Re-wiring to GND non-driven net 'la0.probe17[0]'. (E:/Efinity/project/fnetriong/work_dbg/debug_top.v:128)
[EFX-0201 WARNING] Re-wiring to GND non-driven net 'la0.probe18[0]'. (E:/Efinity/project/fnetriong/work_dbg/debug_top.v:128)
[EFX-0201 WARNING] Re-wiring to GND non-driven net 'la0.probe19[0]'. (E:/Efinity/project/fnetriong/work_dbg/debug_top.v:128)
[EFX-0201 WARNING] Re-wiring to GND non-driven net 'la0.probe20[0]'. (E:/Efinity/project/fnetriong/work_dbg/debug_top.v:128)
[EFX-0201 WARNING] Re-wiring to GND non-driven net 'la0.probe21[0]'. (E:/Efinity/project/fnetriong/work_dbg/debug_top.v:128)
[EFX-0201 WARNING] Re-wiring to GND non-driven net 'la0.probe22[0]'. (E:/Efinity/project/fnetriong/work_dbg/debug_top.v:128)
[EFX-0201 WARNING] Re-wiring to GND non-driven net 'la0.probe23[0]'. (E:/Efinity/project/fnetriong/work_dbg/debug_top.v:128)
[EFX-0201 WARNING] Re-wiring to GND non-driven net 'la0.probe24[0]'. (E:/Efinity/project/fnetriong/work_dbg/debug_top.v:128)
[EFX-0201 WARNING] Re-wiring to GND non-driven net 'la0.probe25[0]'. (E:/Efinity/project/fnetriong/work_dbg/debug_top.v:128)
[EFX-0011 VERI-WARNING] Input/Inout Port bscan_DRCK is unconnected and will be removed 
[EFX-0011 VERI-WARNING] Input/Inout Port bscan_RUNTEST is unconnected and will be removed 
[EFX-0011 VERI-WARNING] Input/Inout Port bscan_TMS is unconnected and will be removed 

///////////////////////////////////
// Efinity Synthesis Started 
// Mar 13, 2023 15:27:58
///////////////////////////////////

[EFX-0266 WARNING] Module Instance 'fifo' input pin tied to constant (out_want_b=1).
[EFX-0200 WARNING] Removing redundant signal : start_found. (E:\Efinity\project\fnetriong\efnet_octet_to_word.vhd:60)
[EFX-0200 WARNING] Removing redundant signal : packet_start. (E:\Efinity\project\fnetriong\efnet_octet_to_word.vhd:62)
[EFX-0200 WARNING] Removing redundant signal : packet_end. (E:\Efinity\project\fnetriong\efnet_octet_to_word.vhd:63)
[EFX-0200 WARNING] Removing redundant signal : word[15]. (E:\Efinity\project\fnetriong\efnet_octet_to_word.vhd:65)
[EFX-0200 WARNING] Removing redundant signal : word[14]. (E:\Efinity\project\fnetriong\efnet_octet_to_word.vhd:65)
[EFX-0200 WARNING] Removing redundant signal : word[13]. (E:\Efinity\project\fnetriong\efnet_octet_to_word.vhd:65)
[EFX-0200 WARNING] Removing redundant signal : word[12]. (E:\Efinity\project\fnetriong\efnet_octet_to_word.vhd:65)
[EFX-0200 WARNING] Removing redundant signal : word[11]. (E:\Efinity\project\fnetriong\efnet_octet_to_word.vhd:65)
[EFX-0200 WARNING] Removing redundant signal : word[10]. (E:\Efinity\project\fnetriong\efnet_octet_to_word.vhd:65)
[EFX-0200 WARNING] Removing redundant signal : word[9]. (E:\Efinity\project\fnetriong\efnet_octet_to_word.vhd:65)
[EFX-0200 WARNING] Removing redundant signal : word[8]. (E:\Efinity\project\fnetriong\efnet_octet_to_word.vhd:65)
[EFX-0200 WARNING] Removing redundant signal : word[7]. (E:\Efinity\project\fnetriong\efnet_octet_to_word.vhd:65)
[EFX-0200 WARNING] Removing redundant signal : word[6]. (E:\Efinity\project\fnetriong\efnet_octet_to_word.vhd:65)
[EFX-0200 WARNING] Removing redundant signal : word[5]. (E:\Efinity\project\fnetriong\efnet_octet_to_word.vhd:65)
[EFX-0200 WARNING] Removing redundant signal : word[4]. (E:\Efinity\project\fnetriong\efnet_octet_to_word.vhd:65)
[EFX-0200 WARNING] Removing redundant signal : word[3]. (E:\Efinity\project\fnetriong\efnet_octet_to_word.vhd:65)
[EFX-0200 WARNING] Removing redundant signal : word[2]. (E:\Efinity\project\fnetriong\efnet_octet_to_word.vhd:65)
[EFX-0200 WARNING] Removing redundant signal : word[1]. (E:\Efinity\project\fnetriong\efnet_octet_to_word.vhd:65)
[EFX-0200 WARNING] Removing redundant signal : word[0]. (E:\Efinity\project\fnetriong\efnet_octet_to_word.vhd:65)
[EFX-0200 WARNING] Removing redundant signal : octet_counter[0]. (E:\Efinity\project\fnetriong\efnet_octet_to_word.vhd:66)
[EFX-0266 WARNING] Module Instance 'out_sm' input pin tied to constant (idx_tcp_prep[0][31]=0).
[EFX-0266 WARNING] Module Instance 'out_sm' input pin tied to constant (idx_tcp_prep[0][30]=0).
[EFX-0266 WARNING] Module Instance 'out_sm' input pin tied to constant (idx_tcp_prep[0][29]=0).
[EFX-0266 WARNING] Module Instance 'out_sm' input pin tied to constant (idx_tcp_prep[0][28]=0).
[EFX-0266 WARNING] Module Instance 'out_sm' input pin tied to constant (idx_tcp_prep[0][27]=0).
[EFX-0266 WARNING] Module Instance 'out_sm' input pin tied to constant (idx_tcp_prep[0][26]=0).
[EFX-0266 WARNING] Module Instance 'out_sm' input pin tied to constant (idx_tcp_prep[0][25]=0).
[EFX-0266 WARNING] Module Instance 'out_sm' input pin tied to constant (idx_tcp_prep[0][24]=0).
[EFX-0266 WARNING] Module Instance 'out_sm' input pin tied to constant (idx_tcp_prep[0][23]=0).
[EFX-0266 WARNING] Module Instance 'out_sm' input pin tied to constant (idx_tcp_prep[0][22]=0).
[EFX-0266 WARNING] Module Instance 'out_sm' input pin tied to constant (idx_tcp_prep[0][21]=0).
[EFX-0266 WARNING] Module Instance 'out_sm' input pin tied to constant (idx_tcp_prep[0][20]=0).
[EFX-0266 WARNING] Module Instance 'out_sm' input pin tied to constant (idx_tcp_prep[0][19]=0).
[EFX-0266 WARNING] Module Instance 'out_sm' input pin tied to constant (idx_tcp_prep[0][18]=0).
[EFX-0266 WARNING] Module Instance 'out_sm' input pin tied to constant (idx_tcp_prep[0][17]=0).
[EFX-0266 WARNING] Module Instance 'out_sm' input pin tied to constant (idx_tcp_prep[0][16]=0).
[EFX-0266 WARNING] Module Instance 'out_sm' input pin tied to constant (idx_tcp_prep[0][15]=0).
[EFX-0266 WARNING] Module Instance 'out_sm' input pin tied to constant (idx_tcp_prep[0][14]=0).
[EFX-0266 WARNING] Module Instance 'out_sm' input pin tied to constant (idx_tcp_prep[0][13]=0).
[EFX-0266 WARNING] Module Instance 'out_sm' input pin tied to constant (idx_tcp_prep[0][12]=0).
[EFX-0266 WARNING] Module Instance 'out_sm' input pin tied to constant (idx_tcp_prep[0][11]=0).
[EFX-0266 WARNING] Module Instance 'out_sm' input pin tied to constant (idx_tcp_prep[0][10]=0).
[EFX-0266 WARNING] Module Instance 'out_sm' input pin tied to constant (idx_tcp_prep[0][9]=0).
[EFX-0266 WARNING] Module Instance 'out_sm' input pin tied to constant (idx_tcp_prep[0][8]=0).
[EFX-0266 WARNING] Module Instance 'out_sm' input pin tied to constant (idx_tcp_prep[0][7]=0).
[EFX-0266 WARNING] Module Instance 'out_sm' input pin tied to constant (idx_tcp_prep[0][6]=0).
[EFX-0266 WARNING] Module Instance 'out_sm' input pin tied to constant (idx_tcp_prep[0][5]=0).
[EFX-0266 WARNING] Module Instance 'out_sm' input pin tied to constant (idx_tcp_prep[0][4]=0).
[EFX-0266 WARNING] Module Instance 'out_sm' input pin tied to constant (idx_tcp_prep[0][3]=0).
[EFX-0266 WARNING] Module Instance 'out_sm' input pin tied to constant (idx_tcp_prep[0][2]=1).
[EFX-0266 WARNING] Module Instance 'out_sm' input pin tied to constant (idx_tcp_prep[0][1]=0).
[EFX-0266 WARNING] Module Instance 'out_sm' input pin tied to constant (idx_tcp_prep[0][0]=1).
[EFX-0266 WARNING] Module Instance 'out_sm' input pin tied to constant (idx_tcp_prep[1][31]=0).
[EFX-0266 WARNING] Module Instance 'out_sm' input pin tied to constant (idx_tcp_prep[1][30]=0).
[EFX-0266 WARNING] Module Instance 'out_sm' input pin tied to constant (idx_tcp_prep[1][29]=0).
[EFX-0266 WARNING] Module Instance 'out_sm' input pin tied to constant (idx_tcp_prep[1][28]=0).
[EFX-0266 WARNING] Module Instance 'out_sm' input pin tied to constant (idx_tcp_prep[1][27]=0).
[EFX-0266 WARNING] Module Instance 'out_sm' input pin tied to constant (idx_tcp_prep[1][26]=0).
[EFX-0266 WARNING] Module Instance 'out_sm' input pin tied to constant (idx_tcp_prep[1][25]=0).
[EFX-0266 WARNING] Module Instance 'out_sm' input pin tied to constant (idx_tcp_prep[1][24]=0).
[EFX-0266 WARNING] Module Instance 'out_sm' input pin tied to constant (idx_tcp_prep[1][23]=0).
[EFX-0266 WARNING] Module Instance 'out_sm' input pin tied to constant (idx_tcp_prep[1][22]=0).
[EFX-0266 WARNING] Module Instance 'out_sm' input pin tied to constant (idx_tcp_prep[1][21]=0).
[EFX-0266 WARNING] Module Instance 'out_sm' input pin tied to constant (idx_tcp_prep[1][20]=0).
[EFX-0266 WARNING] Module Instance 'out_sm' input pin tied to constant (idx_tcp_prep[1][19]=0).
[EFX-0266 WARNING] Module Instance 'out_sm' input pin tied to constant (idx_tcp_prep[1][18]=0).
[EFX-0266 WARNING] Module Instance 'out_sm' input pin tied to constant (idx_tcp_prep[1][17]=0).
[EFX-0266 WARNING] Module Instance 'out_sm' input pin tied to constant (idx_tcp_prep[1][16]=0).
[EFX-0266 WARNING] Module Instance 'out_sm' input pin tied to constant (idx_tcp_prep[1][15]=0).
[EFX-0266 WARNING] Module Instance 'out_sm' input pin tied to constant (idx_tcp_prep[1][14]=0).
[EFX-0266 WARNING] Module Instance 'out_sm' input pin tied to constant (idx_tcp_prep[1][13]=0).
[EFX-0266 WARNING] Module Instance 'out_sm' input pin tied to constant (idx_tcp_prep[1][12]=0).
[EFX-0266 WARNING] Module Instance 'out_sm' input pin tied to constant (idx_tcp_prep[1][11]=0).
[EFX-0266 WARNING] Module Instance 'out_sm' input pin tied to constant (idx_tcp_prep[1][10]=0).
[EFX-0266 WARNING] Module Instance 'out_sm' input pin tied to constant (idx_tcp_prep[1][9]=0).
[EFX-0266 WARNING] Module Instance 'out_sm' input pin tied to constant (idx_tcp_prep[1][8]=0).
[EFX-0266 WARNING] Module Instance 'out_sm' input pin tied to constant (idx_tcp_prep[1][7]=0).
[EFX-0266 WARNING] Module Instance 'out_sm' input pin tied to constant (idx_tcp_prep[1][6]=0).
[EFX-0266 WARNING] Module Instance 'out_sm' input pin tied to constant (idx_tcp_prep[1][5]=0).
[EFX-0266 WARNING] Module Instance 'out_sm' input pin tied to constant (idx_tcp_prep[1][4]=0).
[EFX-0266 WARNING] Module Instance 'out_sm' input pin tied to constant (idx_tcp_prep[1][3]=0).
[EFX-0266 WARNING] Module Instance 'out_sm' input pin tied to constant (idx_tcp_prep[1][2]=1).
[EFX-0266 WARNING] Module Instance 'out_sm' input pin tied to constant (idx_tcp_prep[1][1]=1).
[EFX-0266 WARNING] Module Instance 'out_sm' input pin tied to constant (idx_tcp_prep[1][0]=0).
[EFX-0266 WARNING] Module Instance 'out_sm' input pin tied to constant (idx_gen[31]=0).
[EFX-0266 WARNING] Module Instance 'out_sm' input pin tied to constant (idx_gen[30]=0).
[EFX-0266 WARNING] Module Instance 'out_sm' input pin tied to constant (idx_gen[29]=0).
[EFX-0266 WARNING] Module Instance 'out_sm' input pin tied to constant (idx_gen[28]=0).
[EFX-0266 WARNING] Module Instance 'out_sm' input pin tied to constant (idx_gen[27]=0).
[EFX-0266 WARNING] Module Instance 'out_sm' input pin tied to constant (idx_gen[26]=0).
[EFX-0266 WARNING] Module Instance 'out_sm' input pin tied to constant (idx_gen[25]=0).
[EFX-0266 WARNING] Module Instance 'out_sm' input pin tied to constant (idx_gen[24]=0).
[EFX-0266 WARNING] Module Instance 'out_sm' input pin tied to constant (idx_gen[23]=0).
[EFX-0266 WARNING] Module Instance 'out_sm' input pin tied to constant (idx_gen[22]=0).
[EFX-0266 WARNING] Module Instance 'out_sm' input pin tied to constant (idx_gen[21]=0).
[EFX-0266 WARNING] Module Instance 'out_sm' input pin tied to constant (idx_gen[20]=0).
[EFX-0266 WARNING] Module Instance 'out_sm' input pin tied to constant (idx_gen[19]=0).
[EFX-0266 WARNING] Module Instance 'out_sm' input pin tied to constant (idx_gen[18]=0).
[EFX-0266 WARNING] Module Instance 'out_sm' input pin tied to constant (idx_gen[17]=0).
[EFX-0266 WARNING] Module Instance 'out_sm' input pin tied to constant (idx_gen[16]=0).
[EFX-0266 WARNING] Module Instance 'out_sm' input pin tied to constant (idx_gen[15]=0).
[EFX-0266 WARNING] Module Instance 'out_sm' input pin tied to constant (idx_gen[14]=0).
[EFX-0266 WARNING] Module Instance 'out_sm' input pin tied to constant (idx_gen[13]=0).
[EFX-0266 WARNING] Module Instance 'out_sm' input pin tied to constant (idx_gen[12]=0).
[EFX-0266 WARNING] Module Instance 'out_sm' input pin tied to constant (idx_gen[11]=0).
[EFX-0266 WARNING] Module Instance 'out_sm' input pin tied to constant (idx_gen[10]=0).
[EFX-0266 WARNING] Module Instance 'out_sm' input pin tied to constant (idx_gen[9]=0).
[EFX-0266 WARNING] Module Instance 'out_sm' input pin tied to constant (idx_gen[8]=0).
[EFX-0266 WARNING] Module Instance 'out_sm' input pin tied to constant (idx_gen[7]=0).
[EFX-0266 WARNING] Module Instance 'out_sm' input pin tied to constant (idx_gen[6]=0).
[EFX-0266 WARNING] Module Instance 'out_sm' input pin tied to constant (idx_gen[5]=0).
[EFX-0266 WARNING] Module Instance 'out_sm' input pin tied to constant (idx_gen[4]=0).
[EFX-0266 WARNING] Module Instance 'out_sm' input pin tied to constant (idx_gen[3]=0).
[EFX-0266 WARNING] Module Instance 'out_sm' input pin tied to constant (idx_gen[2]=0).
[EFX-0266 WARNING] Module Instance 'out_sm' input pin tied to constant (idx_gen[1]=0).
[EFX-0266 WARNING] Module Instance 'out_sm' input pin tied to constant (idx_gen[0]=1).
[EFX-0266 WARNING] Module Instance 'mdio' input pin tied to constant (b_req_data[31]=0).
[EFX-0266 WARNING] Module Instance 'mdio' input pin tied to constant (b_req_data[30]=0).
[EFX-0266 WARNING] Module Instance 'mdio' input pin tied to constant (b_req_data[29]=0).
[EFX-0201 WARNING] Re-wiring to GND non-driven net 'ram_udp_regidp.prod2.set_again'. (E:\Efinity\project\fnetriong\fakernet_module.vhd:134)
[EFX-0201 WARNING] Re-wiring to GND non-driven net 'ram_tcp_template.prod2.set_again'. (E:\Efinity\project\fnetriong\fakernet_module.vhd:136)
[EFX-0201 WARNING] Re-wiring to GND non-driven net 'ram_tcp_prep2[0].prod2.set_again'. (E:\Efinity\project\fnetriong\fakernet_module.vhd:137)
[EFX-0201 WARNING] Re-wiring to GND non-driven net 'ram_tcp_prep2[1].prod2.set_again'. (E:\Efinity\project\fnetriong\fakernet_module.vhd:137)
[EFX-0201 WARNING] Re-wiring to GND non-driven net 't/fakernet/dp_ram_arp_icmp.port_a.o.rd'. (E:\Efinity\project\fnetriong\fakernet_module.vhd:144)
[EFX-0201 WARNING] Re-wiring to GND non-driven net 't/fakernet/dp_ram_pkt_gen.port_a.o.rd'. (E:\Efinity\project\fnetriong\fakernet_module.vhd:145)
[EFX-0201 WARNING] Re-wiring to GND non-driven net 't/fakernet/dp_ram_udp_regacc.port_a.o.rd'. (E:\Efinity\project\fnetriong\fakernet_module.vhd:146)
[EFX-0201 WARNING] Re-wiring to GND non-driven net 't/fakernet/dp_ram_udp_regacc.port_b.o.wr'. (E:\Efinity\project\fnetriong\fakernet_module.vhd:146)
[EFX-0201 WARNING] Re-wiring to GND non-driven net 't/fakernet/dp_ram_udp_regidp.port_a.o.rd'. (E:\Efinity\project\fnetriong\fakernet_module.vhd:147)
[EFX-0201 WARNING] Re-wiring to GND non-driven net 't/fakernet/dp_ram_tcp_template.port_a.o.rd'. (E:\Efinity\project\fnetriong\fakernet_module.vhd:150)

///////////////////////////////////
// Efinity Synthesis Started 
// Mar 13, 2023 15:58:30
///////////////////////////////////

[EFX-0011 VERI-WARNING] port 'probe4' remains unconnected for this instance (VERI-1927) (E:/Efinity/project/fnetriong/work_dbg/debug_top.v:116)
[EFX-0011 VERI-WARNING] expression size 256 truncated to fit in target size 64 (VERI-1209) (E:/Efinity/project/fnetriong/work_dbg/debug_top.v:3585)
[EFX-0011 VERI-WARNING] input port 'probe4[0]' remains unconnected for this instance (VDB-1053) (E:/Efinity/project/fnetriong/work_dbg/debug_top.v:92)
[EFX-0200 WARNING] Removing redundant signal : compared_in[0]. (E:/Efinity/project/fnetriong/work_dbg/debug_top.v:5455)
[EFX-0200 WARNING] Removing redundant signal : mask_in[0]. (E:/Efinity/project/fnetriong/work_dbg/debug_top.v:5456)
[EFX-0200 WARNING] Removing redundant signal : trigger_in. (E:/Efinity/project/fnetriong/work_dbg/debug_top.v:5666)
[EFX-0200 WARNING] Removing redundant signal : din[14]. (E:/Efinity/project/fnetriong/work_dbg/debug_top.v:4558)
[EFX-0200 WARNING] Removing redundant signal : trig_out. (E:/Efinity/project/fnetriong/work_dbg/debug_top.v:4837)
[EFX-0200 WARNING] Removing redundant signal : trig_out_ack. (E:/Efinity/project/fnetriong/work_dbg/debug_top.v:4838)
[EFX-0200 WARNING] Removing redundant signal : bscan_DRCK. (E:/Efinity/project/fnetriong/work_dbg/debug_top.v:1022)
[EFX-0200 WARNING] Removing redundant signal : bscan_RUNTEST. (E:/Efinity/project/fnetriong/work_dbg/debug_top.v:1024)
[EFX-0200 WARNING] Removing redundant signal : bscan_SEL. (E:/Efinity/project/fnetriong/work_dbg/debug_top.v:1025)
[EFX-0200 WARNING] Removing redundant signal : bscan_TMS. (E:/Efinity/project/fnetriong/work_dbg/debug_top.v:1029)
[EFX-0200 WARNING] Removing redundant signal : trig_in_ack. (E:/Efinity/project/fnetriong/work_dbg/debug_top.v:1040)
[EFX-0200 WARNING] Removing redundant signal : mux_capture_cmp[3]. (E:/Efinity/project/fnetriong/work_dbg/debug_top.v:3446)
[EFX-0200 WARNING] Removing redundant signal : mux_capture_cmp[2]. (E:/Efinity/project/fnetriong/work_dbg/debug_top.v:3446)
[EFX-0200 WARNING] Removing redundant signal : mux_capture_cmp[1]. (E:/Efinity/project/fnetriong/work_dbg/debug_top.v:3446)
[EFX-0200 WARNING] Removing redundant signal : mux_capture_cmp[0]. (E:/Efinity/project/fnetriong/work_dbg/debug_top.v:3446)
[EFX-0200 WARNING] Removing redundant signal : bscan_CAPTURE. (E:/Efinity/project/fnetriong/work_dbg/debug_top.v:273)
[EFX-0200 WARNING] Removing redundant signal : bscan_DRCK. (E:/Efinity/project/fnetriong/work_dbg/debug_top.v:274)
[EFX-0200 WARNING] Removing redundant signal : bscan_RUNTEST. (E:/Efinity/project/fnetriong/work_dbg/debug_top.v:276)
[EFX-0200 WARNING] Removing redundant signal : bscan_TMS. (E:/Efinity/project/fnetriong/work_dbg/debug_top.v:281)
[EFX-0266 WARNING] Module Instance 'la0' input pin tied to constant (trig_in=0).
[EFX-0266 WARNING] Module Instance 'la0' input pin tied to constant (trig_out_ack=0).
[EFX-0201 WARNING] Re-wiring to GND non-driven net 'la0.probe4[0]'. (E:/Efinity/project/fnetriong/work_dbg/debug_top.v:92)
[EFX-0201 WARNING] Re-wiring to GND non-driven net 'la0.probe5[0]'. (E:/Efinity/project/fnetriong/work_dbg/debug_top.v:92)
[EFX-0201 WARNING] Re-wiring to GND non-driven net 'la0.probe6[0]'. (E:/Efinity/project/fnetriong/work_dbg/debug_top.v:92)
[EFX-0201 WARNING] Re-wiring to GND non-driven net 'la0.probe7[0]'. (E:/Efinity/project/fnetriong/work_dbg/debug_top.v:92)
[EFX-0201 WARNING] Re-wiring to GND non-driven net 'la0.probe8[0]'. (E:/Efinity/project/fnetriong/work_dbg/debug_top.v:92)
[EFX-0201 WARNING] Re-wiring to GND non-driven net 'la0.probe9[0]'. (E:/Efinity/project/fnetriong/work_dbg/debug_top.v:92)
[EFX-0201 WARNING] Re-wiring to GND non-driven net 'la0.probe10[0]'. (E:/Efinity/project/fnetriong/work_dbg/debug_top.v:92)
[EFX-0201 WARNING] Re-wiring to GND non-driven net 'la0.probe11[0]'. (E:/Efinity/project/fnetriong/work_dbg/debug_top.v:92)
[EFX-0201 WARNING] Re-wiring to GND non-driven net 'la0.probe12[0]'. (E:/Efinity/project/fnetriong/work_dbg/debug_top.v:92)
[EFX-0201 WARNING] Re-wiring to GND non-driven net 'la0.probe13[0]'. (E:/Efinity/project/fnetriong/work_dbg/debug_top.v:92)
[EFX-0011 VERI-WARNING] Input/Inout Port bscan_DRCK is unconnected and will be removed 
[EFX-0011 VERI-WARNING] Input/Inout Port bscan_RUNTEST is unconnected and will be removed 
[EFX-0011 VERI-WARNING] Input/Inout Port bscan_TMS is unconnected and will be removed 

///////////////////////////////////
// Efinity Synthesis Started 
// Mar 13, 2023 15:58:50
///////////////////////////////////

[EFX-0266 WARNING] Module Instance 'fifo' input pin tied to constant (out_want_b=1).
[EFX-0200 WARNING] Removing redundant signal : start_found. (E:\Efinity\project\fnetriong\efnet_octet_to_word.vhd:60)
[EFX-0200 WARNING] Removing redundant signal : packet_start. (E:\Efinity\project\fnetriong\efnet_octet_to_word.vhd:62)
[EFX-0200 WARNING] Removing redundant signal : packet_end. (E:\Efinity\project\fnetriong\efnet_octet_to_word.vhd:63)
[EFX-0200 WARNING] Removing redundant signal : word[15]. (E:\Efinity\project\fnetriong\efnet_octet_to_word.vhd:65)
[EFX-0200 WARNING] Removing redundant signal : word[14]. (E:\Efinity\project\fnetriong\efnet_octet_to_word.vhd:65)
[EFX-0200 WARNING] Removing redundant signal : word[13]. (E:\Efinity\project\fnetriong\efnet_octet_to_word.vhd:65)
[EFX-0200 WARNING] Removing redundant signal : word[12]. (E:\Efinity\project\fnetriong\efnet_octet_to_word.vhd:65)
[EFX-0200 WARNING] Removing redundant signal : word[11]. (E:\Efinity\project\fnetriong\efnet_octet_to_word.vhd:65)
[EFX-0200 WARNING] Removing redundant signal : word[10]. (E:\Efinity\project\fnetriong\efnet_octet_to_word.vhd:65)
[EFX-0200 WARNING] Removing redundant signal : word[9]. (E:\Efinity\project\fnetriong\efnet_octet_to_word.vhd:65)
[EFX-0200 WARNING] Removing redundant signal : word[8]. (E:\Efinity\project\fnetriong\efnet_octet_to_word.vhd:65)
[EFX-0200 WARNING] Removing redundant signal : word[7]. (E:\Efinity\project\fnetriong\efnet_octet_to_word.vhd:65)
[EFX-0200 WARNING] Removing redundant signal : word[6]. (E:\Efinity\project\fnetriong\efnet_octet_to_word.vhd:65)
[EFX-0200 WARNING] Removing redundant signal : word[5]. (E:\Efinity\project\fnetriong\efnet_octet_to_word.vhd:65)
[EFX-0200 WARNING] Removing redundant signal : word[4]. (E:\Efinity\project\fnetriong\efnet_octet_to_word.vhd:65)
[EFX-0200 WARNING] Removing redundant signal : word[3]. (E:\Efinity\project\fnetriong\efnet_octet_to_word.vhd:65)
[EFX-0200 WARNING] Removing redundant signal : word[2]. (E:\Efinity\project\fnetriong\efnet_octet_to_word.vhd:65)
[EFX-0200 WARNING] Removing redundant signal : word[1]. (E:\Efinity\project\fnetriong\efnet_octet_to_word.vhd:65)
[EFX-0200 WARNING] Removing redundant signal : word[0]. (E:\Efinity\project\fnetriong\efnet_octet_to_word.vhd:65)
[EFX-0200 WARNING] Removing redundant signal : octet_counter[0]. (E:\Efinity\project\fnetriong\efnet_octet_to_word.vhd:66)
[EFX-0266 WARNING] Module Instance 'out_sm' input pin tied to constant (idx_tcp_prep[0][31]=0).
[EFX-0266 WARNING] Module Instance 'out_sm' input pin tied to constant (idx_tcp_prep[0][30]=0).
[EFX-0266 WARNING] Module Instance 'out_sm' input pin tied to constant (idx_tcp_prep[0][29]=0).
[EFX-0266 WARNING] Module Instance 'out_sm' input pin tied to constant (idx_tcp_prep[0][28]=0).
[EFX-0266 WARNING] Module Instance 'out_sm' input pin tied to constant (idx_tcp_prep[0][27]=0).
[EFX-0266 WARNING] Module Instance 'out_sm' input pin tied to constant (idx_tcp_prep[0][26]=0).
[EFX-0266 WARNING] Module Instance 'out_sm' input pin tied to constant (idx_tcp_prep[0][25]=0).
[EFX-0266 WARNING] Module Instance 'out_sm' input pin tied to constant (idx_tcp_prep[0][24]=0).
[EFX-0266 WARNING] Module Instance 'out_sm' input pin tied to constant (idx_tcp_prep[0][23]=0).
[EFX-0266 WARNING] Module Instance 'out_sm' input pin tied to constant (idx_tcp_prep[0][22]=0).
[EFX-0266 WARNING] Module Instance 'out_sm' input pin tied to constant (idx_tcp_prep[0][21]=0).
[EFX-0266 WARNING] Module Instance 'out_sm' input pin tied to constant (idx_tcp_prep[0][20]=0).
[EFX-0266 WARNING] Module Instance 'out_sm' input pin tied to constant (idx_tcp_prep[0][19]=0).
[EFX-0266 WARNING] Module Instance 'out_sm' input pin tied to constant (idx_tcp_prep[0][18]=0).
[EFX-0266 WARNING] Module Instance 'out_sm' input pin tied to constant (idx_tcp_prep[0][17]=0).
[EFX-0266 WARNING] Module Instance 'out_sm' input pin tied to constant (idx_tcp_prep[0][16]=0).
[EFX-0266 WARNING] Module Instance 'out_sm' input pin tied to constant (idx_tcp_prep[0][15]=0).
[EFX-0266 WARNING] Module Instance 'out_sm' input pin tied to constant (idx_tcp_prep[0][14]=0).
[EFX-0266 WARNING] Module Instance 'out_sm' input pin tied to constant (idx_tcp_prep[0][13]=0).
[EFX-0266 WARNING] Module Instance 'out_sm' input pin tied to constant (idx_tcp_prep[0][12]=0).
[EFX-0266 WARNING] Module Instance 'out_sm' input pin tied to constant (idx_tcp_prep[0][11]=0).
[EFX-0266 WARNING] Module Instance 'out_sm' input pin tied to constant (idx_tcp_prep[0][10]=0).
[EFX-0266 WARNING] Module Instance 'out_sm' input pin tied to constant (idx_tcp_prep[0][9]=0).
[EFX-0266 WARNING] Module Instance 'out_sm' input pin tied to constant (idx_tcp_prep[0][8]=0).
[EFX-0266 WARNING] Module Instance 'out_sm' input pin tied to constant (idx_tcp_prep[0][7]=0).
[EFX-0266 WARNING] Module Instance 'out_sm' input pin tied to constant (idx_tcp_prep[0][6]=0).
[EFX-0266 WARNING] Module Instance 'out_sm' input pin tied to constant (idx_tcp_prep[0][5]=0).
[EFX-0266 WARNING] Module Instance 'out_sm' input pin tied to constant (idx_tcp_prep[0][4]=0).
[EFX-0266 WARNING] Module Instance 'out_sm' input pin tied to constant (idx_tcp_prep[0][3]=0).
[EFX-0266 WARNING] Module Instance 'out_sm' input pin tied to constant (idx_tcp_prep[0][2]=1).
[EFX-0266 WARNING] Module Instance 'out_sm' input pin tied to constant (idx_tcp_prep[0][1]=0).
[EFX-0266 WARNING] Module Instance 'out_sm' input pin tied to constant (idx_tcp_prep[0][0]=1).
[EFX-0266 WARNING] Module Instance 'out_sm' input pin tied to constant (idx_tcp_prep[1][31]=0).
[EFX-0266 WARNING] Module Instance 'out_sm' input pin tied to constant (idx_tcp_prep[1][30]=0).
[EFX-0266 WARNING] Module Instance 'out_sm' input pin tied to constant (idx_tcp_prep[1][29]=0).
[EFX-0266 WARNING] Module Instance 'out_sm' input pin tied to constant (idx_tcp_prep[1][28]=0).
[EFX-0266 WARNING] Module Instance 'out_sm' input pin tied to constant (idx_tcp_prep[1][27]=0).
[EFX-0266 WARNING] Module Instance 'out_sm' input pin tied to constant (idx_tcp_prep[1][26]=0).
[EFX-0266 WARNING] Module Instance 'out_sm' input pin tied to constant (idx_tcp_prep[1][25]=0).
[EFX-0266 WARNING] Module Instance 'out_sm' input pin tied to constant (idx_tcp_prep[1][24]=0).
[EFX-0266 WARNING] Module Instance 'out_sm' input pin tied to constant (idx_tcp_prep[1][23]=0).
[EFX-0266 WARNING] Module Instance 'out_sm' input pin tied to constant (idx_tcp_prep[1][22]=0).
[EFX-0266 WARNING] Module Instance 'out_sm' input pin tied to constant (idx_tcp_prep[1][21]=0).
[EFX-0266 WARNING] Module Instance 'out_sm' input pin tied to constant (idx_tcp_prep[1][20]=0).
[EFX-0266 WARNING] Module Instance 'out_sm' input pin tied to constant (idx_tcp_prep[1][19]=0).
[EFX-0266 WARNING] Module Instance 'out_sm' input pin tied to constant (idx_tcp_prep[1][18]=0).
[EFX-0266 WARNING] Module Instance 'out_sm' input pin tied to constant (idx_tcp_prep[1][17]=0).
[EFX-0266 WARNING] Module Instance 'out_sm' input pin tied to constant (idx_tcp_prep[1][16]=0).
[EFX-0266 WARNING] Module Instance 'out_sm' input pin tied to constant (idx_tcp_prep[1][15]=0).
[EFX-0266 WARNING] Module Instance 'out_sm' input pin tied to constant (idx_tcp_prep[1][14]=0).
[EFX-0266 WARNING] Module Instance 'out_sm' input pin tied to constant (idx_tcp_prep[1][13]=0).
[EFX-0266 WARNING] Module Instance 'out_sm' input pin tied to constant (idx_tcp_prep[1][12]=0).
[EFX-0266 WARNING] Module Instance 'out_sm' input pin tied to constant (idx_tcp_prep[1][11]=0).
[EFX-0266 WARNING] Module Instance 'out_sm' input pin tied to constant (idx_tcp_prep[1][10]=0).
[EFX-0266 WARNING] Module Instance 'out_sm' input pin tied to constant (idx_tcp_prep[1][9]=0).
[EFX-0266 WARNING] Module Instance 'out_sm' input pin tied to constant (idx_tcp_prep[1][8]=0).
[EFX-0266 WARNING] Module Instance 'out_sm' input pin tied to constant (idx_tcp_prep[1][7]=0).
[EFX-0266 WARNING] Module Instance 'out_sm' input pin tied to constant (idx_tcp_prep[1][6]=0).
[EFX-0266 WARNING] Module Instance 'out_sm' input pin tied to constant (idx_tcp_prep[1][5]=0).
[EFX-0266 WARNING] Module Instance 'out_sm' input pin tied to constant (idx_tcp_prep[1][4]=0).
[EFX-0266 WARNING] Module Instance 'out_sm' input pin tied to constant (idx_tcp_prep[1][3]=0).
[EFX-0266 WARNING] Module Instance 'out_sm' input pin tied to constant (idx_tcp_prep[1][2]=1).
[EFX-0266 WARNING] Module Instance 'out_sm' input pin tied to constant (idx_tcp_prep[1][1]=1).
[EFX-0266 WARNING] Module Instance 'out_sm' input pin tied to constant (idx_tcp_prep[1][0]=0).
[EFX-0266 WARNING] Module Instance 'out_sm' input pin tied to constant (idx_gen[31]=0).
[EFX-0266 WARNING] Module Instance 'out_sm' input pin tied to constant (idx_gen[30]=0).
[EFX-0266 WARNING] Module Instance 'out_sm' input pin tied to constant (idx_gen[29]=0).
[EFX-0266 WARNING] Module Instance 'out_sm' input pin tied to constant (idx_gen[28]=0).
[EFX-0266 WARNING] Module Instance 'out_sm' input pin tied to constant (idx_gen[27]=0).
[EFX-0266 WARNING] Module Instance 'out_sm' input pin tied to constant (idx_gen[26]=0).
[EFX-0266 WARNING] Module Instance 'out_sm' input pin tied to constant (idx_gen[25]=0).
[EFX-0266 WARNING] Module Instance 'out_sm' input pin tied to constant (idx_gen[24]=0).
[EFX-0266 WARNING] Module Instance 'out_sm' input pin tied to constant (idx_gen[23]=0).
[EFX-0266 WARNING] Module Instance 'out_sm' input pin tied to constant (idx_gen[22]=0).
[EFX-0266 WARNING] Module Instance 'out_sm' input pin tied to constant (idx_gen[21]=0).
[EFX-0266 WARNING] Module Instance 'out_sm' input pin tied to constant (idx_gen[20]=0).
[EFX-0266 WARNING] Module Instance 'out_sm' input pin tied to constant (idx_gen[19]=0).
[EFX-0266 WARNING] Module Instance 'out_sm' input pin tied to constant (idx_gen[18]=0).
[EFX-0266 WARNING] Module Instance 'out_sm' input pin tied to constant (idx_gen[17]=0).
[EFX-0266 WARNING] Module Instance 'out_sm' input pin tied to constant (idx_gen[16]=0).
[EFX-0266 WARNING] Module Instance 'out_sm' input pin tied to constant (idx_gen[15]=0).
[EFX-0266 WARNING] Module Instance 'out_sm' input pin tied to constant (idx_gen[14]=0).
[EFX-0266 WARNING] Module Instance 'out_sm' input pin tied to constant (idx_gen[13]=0).
[EFX-0266 WARNING] Module Instance 'out_sm' input pin tied to constant (idx_gen[12]=0).
[EFX-0266 WARNING] Module Instance 'out_sm' input pin tied to constant (idx_gen[11]=0).
[EFX-0266 WARNING] Module Instance 'out_sm' input pin tied to constant (idx_gen[10]=0).
[EFX-0266 WARNING] Module Instance 'out_sm' input pin tied to constant (idx_gen[9]=0).
[EFX-0266 WARNING] Module Instance 'out_sm' input pin tied to constant (idx_gen[8]=0).
[EFX-0266 WARNING] Module Instance 'out_sm' input pin tied to constant (idx_gen[7]=0).
[EFX-0266 WARNING] Module Instance 'out_sm' input pin tied to constant (idx_gen[6]=0).
[EFX-0266 WARNING] Module Instance 'out_sm' input pin tied to constant (idx_gen[5]=0).
[EFX-0266 WARNING] Module Instance 'out_sm' input pin tied to constant (idx_gen[4]=0).
[EFX-0266 WARNING] Module Instance 'out_sm' input pin tied to constant (idx_gen[3]=0).
[EFX-0266 WARNING] Module Instance 'out_sm' input pin tied to constant (idx_gen[2]=0).
[EFX-0266 WARNING] Module Instance 'out_sm' input pin tied to constant (idx_gen[1]=0).
[EFX-0266 WARNING] Module Instance 'out_sm' input pin tied to constant (idx_gen[0]=1).
[EFX-0266 WARNING] Module Instance 'mdio' input pin tied to constant (b_req_data[31]=0).
[EFX-0266 WARNING] Module Instance 'mdio' input pin tied to constant (b_req_data[30]=0).
[EFX-0266 WARNING] Module Instance 'mdio' input pin tied to constant (b_req_data[29]=0).
[EFX-0201 WARNING] Re-wiring to GND non-driven net 'ram_udp_regidp.prod2.set_again'. (E:\Efinity\project\fnetriong\fakernet_module.vhd:134)
[EFX-0201 WARNING] Re-wiring to GND non-driven net 'ram_tcp_template.prod2.set_again'. (E:\Efinity\project\fnetriong\fakernet_module.vhd:136)
[EFX-0201 WARNING] Re-wiring to GND non-driven net 'ram_tcp_prep2[0].prod2.set_again'. (E:\Efinity\project\fnetriong\fakernet_module.vhd:137)
[EFX-0201 WARNING] Re-wiring to GND non-driven net 'ram_tcp_prep2[1].prod2.set_again'. (E:\Efinity\project\fnetriong\fakernet_module.vhd:137)
[EFX-0201 WARNING] Re-wiring to GND non-driven net 't/fakernet/dp_ram_arp_icmp.port_a.o.rd'. (E:\Efinity\project\fnetriong\fakernet_module.vhd:144)
[EFX-0201 WARNING] Re-wiring to GND non-driven net 't/fakernet/dp_ram_pkt_gen.port_a.o.rd'. (E:\Efinity\project\fnetriong\fakernet_module.vhd:145)
[EFX-0201 WARNING] Re-wiring to GND non-driven net 't/fakernet/dp_ram_udp_regacc.port_a.o.rd'. (E:\Efinity\project\fnetriong\fakernet_module.vhd:146)
[EFX-0201 WARNING] Re-wiring to GND non-driven net 't/fakernet/dp_ram_udp_regacc.port_b.o.wr'. (E:\Efinity\project\fnetriong\fakernet_module.vhd:146)
[EFX-0201 WARNING] Re-wiring to GND non-driven net 't/fakernet/dp_ram_udp_regidp.port_a.o.rd'. (E:\Efinity\project\fnetriong\fakernet_module.vhd:147)
[EFX-0201 WARNING] Re-wiring to GND non-driven net 't/fakernet/dp_ram_tcp_template.port_a.o.rd'. (E:\Efinity\project\fnetriong\fakernet_module.vhd:150)

///////////////////////////////////
// Efinity Synthesis Started 
// Mar 13, 2023 16:50:45
///////////////////////////////////

[EFX-0011 VERI-WARNING] port 'probe10' remains unconnected for this instance (VERI-1927) (E:/Efinity/project/fnetriong/work_dbg/debug_top.v:140)
[EFX-0011 VERI-WARNING] expression size 256 truncated to fit in target size 64 (VERI-1209) (E:/Efinity/project/fnetriong/work_dbg/debug_top.v:3609)
[EFX-0011 VERI-WARNING] input port 'probe10[0]' remains unconnected for this instance (VDB-1053) (E:/Efinity/project/fnetriong/work_dbg/debug_top.v:110)
[EFX-0200 WARNING] Removing redundant signal : compared_in[0]. (E:/Efinity/project/fnetriong/work_dbg/debug_top.v:5479)
[EFX-0200 WARNING] Removing redundant signal : mask_in[0]. (E:/Efinity/project/fnetriong/work_dbg/debug_top.v:5480)
[EFX-0200 WARNING] Removing redundant signal : trigger_in. (E:/Efinity/project/fnetriong/work_dbg/debug_top.v:5690)
[EFX-0200 WARNING] Removing redundant signal : din[98]. (E:/Efinity/project/fnetriong/work_dbg/debug_top.v:4582)
[EFX-0200 WARNING] Removing redundant signal : trig_out. (E:/Efinity/project/fnetriong/work_dbg/debug_top.v:4861)
[EFX-0200 WARNING] Removing redundant signal : trig_out_ack. (E:/Efinity/project/fnetriong/work_dbg/debug_top.v:4862)
[EFX-0200 WARNING] Removing redundant signal : bscan_DRCK. (E:/Efinity/project/fnetriong/work_dbg/debug_top.v:1046)
[EFX-0200 WARNING] Removing redundant signal : bscan_RUNTEST. (E:/Efinity/project/fnetriong/work_dbg/debug_top.v:1048)
[EFX-0200 WARNING] Removing redundant signal : bscan_SEL. (E:/Efinity/project/fnetriong/work_dbg/debug_top.v:1049)
[EFX-0200 WARNING] Removing redundant signal : bscan_TMS. (E:/Efinity/project/fnetriong/work_dbg/debug_top.v:1053)
[EFX-0200 WARNING] Removing redundant signal : trig_in_ack. (E:/Efinity/project/fnetriong/work_dbg/debug_top.v:1064)
[EFX-0200 WARNING] Removing redundant signal : mux_capture_cmp[9]. (E:/Efinity/project/fnetriong/work_dbg/debug_top.v:3470)
[EFX-0200 WARNING] Removing redundant signal : mux_capture_cmp[8]. (E:/Efinity/project/fnetriong/work_dbg/debug_top.v:3470)
[EFX-0200 WARNING] Removing redundant signal : mux_capture_cmp[7]. (E:/Efinity/project/fnetriong/work_dbg/debug_top.v:3470)
[EFX-0200 WARNING] Removing redundant signal : mux_capture_cmp[6]. (E:/Efinity/project/fnetriong/work_dbg/debug_top.v:3470)
[EFX-0200 WARNING] Removing redundant signal : mux_capture_cmp[5]. (E:/Efinity/project/fnetriong/work_dbg/debug_top.v:3470)
[EFX-0200 WARNING] Removing redundant signal : mux_capture_cmp[4]. (E:/Efinity/project/fnetriong/work_dbg/debug_top.v:3470)
[EFX-0200 WARNING] Removing redundant signal : mux_capture_cmp[3]. (E:/Efinity/project/fnetriong/work_dbg/debug_top.v:3470)
[EFX-0200 WARNING] Removing redundant signal : mux_capture_cmp[2]. (E:/Efinity/project/fnetriong/work_dbg/debug_top.v:3470)
[EFX-0200 WARNING] Removing redundant signal : mux_capture_cmp[1]. (E:/Efinity/project/fnetriong/work_dbg/debug_top.v:3470)
[EFX-0266 WARNING] Module Instance 'la0' input pin tied to constant (trig_in=0).
[EFX-0266 WARNING] Module Instance 'la0' input pin tied to constant (trig_out_ack=0).
[EFX-0201 WARNING] Re-wiring to GND non-driven net 'la0.probe10[0]'. (E:/Efinity/project/fnetriong/work_dbg/debug_top.v:110)
[EFX-0201 WARNING] Re-wiring to GND non-driven net 'la0.probe11[0]'. (E:/Efinity/project/fnetriong/work_dbg/debug_top.v:110)
[EFX-0201 WARNING] Re-wiring to GND non-driven net 'la0.probe12[0]'. (E:/Efinity/project/fnetriong/work_dbg/debug_top.v:110)
[EFX-0201 WARNING] Re-wiring to GND non-driven net 'la0.probe13[0]'. (E:/Efinity/project/fnetriong/work_dbg/debug_top.v:110)
[EFX-0201 WARNING] Re-wiring to GND non-driven net 'la0.probe14[0]'. (E:/Efinity/project/fnetriong/work_dbg/debug_top.v:110)
[EFX-0201 WARNING] Re-wiring to GND non-driven net 'la0.probe15[0]'. (E:/Efinity/project/fnetriong/work_dbg/debug_top.v:110)
[EFX-0201 WARNING] Re-wiring to GND non-driven net 'la0.probe16[0]'. (E:/Efinity/project/fnetriong/work_dbg/debug_top.v:110)
[EFX-0201 WARNING] Re-wiring to GND non-driven net 'la0.probe17[0]'. (E:/Efinity/project/fnetriong/work_dbg/debug_top.v:110)
[EFX-0201 WARNING] Re-wiring to GND non-driven net 'la0.probe18[0]'. (E:/Efinity/project/fnetriong/work_dbg/debug_top.v:110)
[EFX-0201 WARNING] Re-wiring to GND non-driven net 'la0.probe19[0]'. (E:/Efinity/project/fnetriong/work_dbg/debug_top.v:110)
[EFX-0011 VERI-WARNING] Input/Inout Port bscan_DRCK is unconnected and will be removed 
[EFX-0011 VERI-WARNING] Input/Inout Port bscan_RUNTEST is unconnected and will be removed 
[EFX-0011 VERI-WARNING] Input/Inout Port bscan_TMS is unconnected and will be removed 

///////////////////////////////////
// Efinity Synthesis Started 
// Mar 13, 2023 16:51:05
///////////////////////////////////

[EFX-0266 WARNING] Module Instance 'fifo' input pin tied to constant (out_want_b=1).
[EFX-0200 WARNING] Removing redundant signal : start_found. (E:\Efinity\project\fnetriong\efnet_octet_to_word.vhd:60)
[EFX-0200 WARNING] Removing redundant signal : packet_start. (E:\Efinity\project\fnetriong\efnet_octet_to_word.vhd:62)
[EFX-0200 WARNING] Removing redundant signal : packet_end. (E:\Efinity\project\fnetriong\efnet_octet_to_word.vhd:63)
[EFX-0200 WARNING] Removing redundant signal : word[15]. (E:\Efinity\project\fnetriong\efnet_octet_to_word.vhd:65)
[EFX-0200 WARNING] Removing redundant signal : word[14]. (E:\Efinity\project\fnetriong\efnet_octet_to_word.vhd:65)
[EFX-0200 WARNING] Removing redundant signal : word[13]. (E:\Efinity\project\fnetriong\efnet_octet_to_word.vhd:65)
[EFX-0200 WARNING] Removing redundant signal : word[12]. (E:\Efinity\project\fnetriong\efnet_octet_to_word.vhd:65)
[EFX-0200 WARNING] Removing redundant signal : word[11]. (E:\Efinity\project\fnetriong\efnet_octet_to_word.vhd:65)
[EFX-0200 WARNING] Removing redundant signal : word[10]. (E:\Efinity\project\fnetriong\efnet_octet_to_word.vhd:65)
[EFX-0200 WARNING] Removing redundant signal : word[9]. (E:\Efinity\project\fnetriong\efnet_octet_to_word.vhd:65)
[EFX-0200 WARNING] Removing redundant signal : word[8]. (E:\Efinity\project\fnetriong\efnet_octet_to_word.vhd:65)
[EFX-0200 WARNING] Removing redundant signal : word[7]. (E:\Efinity\project\fnetriong\efnet_octet_to_word.vhd:65)
[EFX-0200 WARNING] Removing redundant signal : word[6]. (E:\Efinity\project\fnetriong\efnet_octet_to_word.vhd:65)
[EFX-0200 WARNING] Removing redundant signal : word[5]. (E:\Efinity\project\fnetriong\efnet_octet_to_word.vhd:65)
[EFX-0200 WARNING] Removing redundant signal : word[4]. (E:\Efinity\project\fnetriong\efnet_octet_to_word.vhd:65)
[EFX-0200 WARNING] Removing redundant signal : word[3]. (E:\Efinity\project\fnetriong\efnet_octet_to_word.vhd:65)
[EFX-0200 WARNING] Removing redundant signal : word[2]. (E:\Efinity\project\fnetriong\efnet_octet_to_word.vhd:65)
[EFX-0200 WARNING] Removing redundant signal : word[1]. (E:\Efinity\project\fnetriong\efnet_octet_to_word.vhd:65)
[EFX-0200 WARNING] Removing redundant signal : word[0]. (E:\Efinity\project\fnetriong\efnet_octet_to_word.vhd:65)
[EFX-0200 WARNING] Removing redundant signal : octet_counter[0]. (E:\Efinity\project\fnetriong\efnet_octet_to_word.vhd:66)
[EFX-0266 WARNING] Module Instance 'out_sm' input pin tied to constant (idx_tcp_prep[0][31]=0).
[EFX-0266 WARNING] Module Instance 'out_sm' input pin tied to constant (idx_tcp_prep[0][30]=0).
[EFX-0266 WARNING] Module Instance 'out_sm' input pin tied to constant (idx_tcp_prep[0][29]=0).
[EFX-0266 WARNING] Module Instance 'out_sm' input pin tied to constant (idx_tcp_prep[0][28]=0).
[EFX-0266 WARNING] Module Instance 'out_sm' input pin tied to constant (idx_tcp_prep[0][27]=0).
[EFX-0266 WARNING] Module Instance 'out_sm' input pin tied to constant (idx_tcp_prep[0][26]=0).
[EFX-0266 WARNING] Module Instance 'out_sm' input pin tied to constant (idx_tcp_prep[0][25]=0).
[EFX-0266 WARNING] Module Instance 'out_sm' input pin tied to constant (idx_tcp_prep[0][24]=0).
[EFX-0266 WARNING] Module Instance 'out_sm' input pin tied to constant (idx_tcp_prep[0][23]=0).
[EFX-0266 WARNING] Module Instance 'out_sm' input pin tied to constant (idx_tcp_prep[0][22]=0).
[EFX-0266 WARNING] Module Instance 'out_sm' input pin tied to constant (idx_tcp_prep[0][21]=0).
[EFX-0266 WARNING] Module Instance 'out_sm' input pin tied to constant (idx_tcp_prep[0][20]=0).
[EFX-0266 WARNING] Module Instance 'out_sm' input pin tied to constant (idx_tcp_prep[0][19]=0).
[EFX-0266 WARNING] Module Instance 'out_sm' input pin tied to constant (idx_tcp_prep[0][18]=0).
[EFX-0266 WARNING] Module Instance 'out_sm' input pin tied to constant (idx_tcp_prep[0][17]=0).
[EFX-0266 WARNING] Module Instance 'out_sm' input pin tied to constant (idx_tcp_prep[0][16]=0).
[EFX-0266 WARNING] Module Instance 'out_sm' input pin tied to constant (idx_tcp_prep[0][15]=0).
[EFX-0266 WARNING] Module Instance 'out_sm' input pin tied to constant (idx_tcp_prep[0][14]=0).
[EFX-0266 WARNING] Module Instance 'out_sm' input pin tied to constant (idx_tcp_prep[0][13]=0).
[EFX-0266 WARNING] Module Instance 'out_sm' input pin tied to constant (idx_tcp_prep[0][12]=0).
[EFX-0266 WARNING] Module Instance 'out_sm' input pin tied to constant (idx_tcp_prep[0][11]=0).
[EFX-0266 WARNING] Module Instance 'out_sm' input pin tied to constant (idx_tcp_prep[0][10]=0).
[EFX-0266 WARNING] Module Instance 'out_sm' input pin tied to constant (idx_tcp_prep[0][9]=0).
[EFX-0266 WARNING] Module Instance 'out_sm' input pin tied to constant (idx_tcp_prep[0][8]=0).
[EFX-0266 WARNING] Module Instance 'out_sm' input pin tied to constant (idx_tcp_prep[0][7]=0).
[EFX-0266 WARNING] Module Instance 'out_sm' input pin tied to constant (idx_tcp_prep[0][6]=0).
[EFX-0266 WARNING] Module Instance 'out_sm' input pin tied to constant (idx_tcp_prep[0][5]=0).
[EFX-0266 WARNING] Module Instance 'out_sm' input pin tied to constant (idx_tcp_prep[0][4]=0).
[EFX-0266 WARNING] Module Instance 'out_sm' input pin tied to constant (idx_tcp_prep[0][3]=0).
[EFX-0266 WARNING] Module Instance 'out_sm' input pin tied to constant (idx_tcp_prep[0][2]=1).
[EFX-0266 WARNING] Module Instance 'out_sm' input pin tied to constant (idx_tcp_prep[0][1]=0).
[EFX-0266 WARNING] Module Instance 'out_sm' input pin tied to constant (idx_tcp_prep[0][0]=1).
[EFX-0266 WARNING] Module Instance 'out_sm' input pin tied to constant (idx_tcp_prep[1][31]=0).
[EFX-0266 WARNING] Module Instance 'out_sm' input pin tied to constant (idx_tcp_prep[1][30]=0).
[EFX-0266 WARNING] Module Instance 'out_sm' input pin tied to constant (idx_tcp_prep[1][29]=0).
[EFX-0266 WARNING] Module Instance 'out_sm' input pin tied to constant (idx_tcp_prep[1][28]=0).
[EFX-0266 WARNING] Module Instance 'out_sm' input pin tied to constant (idx_tcp_prep[1][27]=0).
[EFX-0266 WARNING] Module Instance 'out_sm' input pin tied to constant (idx_tcp_prep[1][26]=0).
[EFX-0266 WARNING] Module Instance 'out_sm' input pin tied to constant (idx_tcp_prep[1][25]=0).
[EFX-0266 WARNING] Module Instance 'out_sm' input pin tied to constant (idx_tcp_prep[1][24]=0).
[EFX-0266 WARNING] Module Instance 'out_sm' input pin tied to constant (idx_tcp_prep[1][23]=0).
[EFX-0266 WARNING] Module Instance 'out_sm' input pin tied to constant (idx_tcp_prep[1][22]=0).
[EFX-0266 WARNING] Module Instance 'out_sm' input pin tied to constant (idx_tcp_prep[1][21]=0).
[EFX-0266 WARNING] Module Instance 'out_sm' input pin tied to constant (idx_tcp_prep[1][20]=0).
[EFX-0266 WARNING] Module Instance 'out_sm' input pin tied to constant (idx_tcp_prep[1][19]=0).
[EFX-0266 WARNING] Module Instance 'out_sm' input pin tied to constant (idx_tcp_prep[1][18]=0).
[EFX-0266 WARNING] Module Instance 'out_sm' input pin tied to constant (idx_tcp_prep[1][17]=0).
[EFX-0266 WARNING] Module Instance 'out_sm' input pin tied to constant (idx_tcp_prep[1][16]=0).
[EFX-0266 WARNING] Module Instance 'out_sm' input pin tied to constant (idx_tcp_prep[1][15]=0).
[EFX-0266 WARNING] Module Instance 'out_sm' input pin tied to constant (idx_tcp_prep[1][14]=0).
[EFX-0266 WARNING] Module Instance 'out_sm' input pin tied to constant (idx_tcp_prep[1][13]=0).
[EFX-0266 WARNING] Module Instance 'out_sm' input pin tied to constant (idx_tcp_prep[1][12]=0).
[EFX-0266 WARNING] Module Instance 'out_sm' input pin tied to constant (idx_tcp_prep[1][11]=0).
[EFX-0266 WARNING] Module Instance 'out_sm' input pin tied to constant (idx_tcp_prep[1][10]=0).
[EFX-0266 WARNING] Module Instance 'out_sm' input pin tied to constant (idx_tcp_prep[1][9]=0).
[EFX-0266 WARNING] Module Instance 'out_sm' input pin tied to constant (idx_tcp_prep[1][8]=0).
[EFX-0266 WARNING] Module Instance 'out_sm' input pin tied to constant (idx_tcp_prep[1][7]=0).
[EFX-0266 WARNING] Module Instance 'out_sm' input pin tied to constant (idx_tcp_prep[1][6]=0).
[EFX-0266 WARNING] Module Instance 'out_sm' input pin tied to constant (idx_tcp_prep[1][5]=0).
[EFX-0266 WARNING] Module Instance 'out_sm' input pin tied to constant (idx_tcp_prep[1][4]=0).
[EFX-0266 WARNING] Module Instance 'out_sm' input pin tied to constant (idx_tcp_prep[1][3]=0).
[EFX-0266 WARNING] Module Instance 'out_sm' input pin tied to constant (idx_tcp_prep[1][2]=1).
[EFX-0266 WARNING] Module Instance 'out_sm' input pin tied to constant (idx_tcp_prep[1][1]=1).
[EFX-0266 WARNING] Module Instance 'out_sm' input pin tied to constant (idx_tcp_prep[1][0]=0).
[EFX-0266 WARNING] Module Instance 'out_sm' input pin tied to constant (idx_gen[31]=0).
[EFX-0266 WARNING] Module Instance 'out_sm' input pin tied to constant (idx_gen[30]=0).
[EFX-0266 WARNING] Module Instance 'out_sm' input pin tied to constant (idx_gen[29]=0).
[EFX-0266 WARNING] Module Instance 'out_sm' input pin tied to constant (idx_gen[28]=0).
[EFX-0266 WARNING] Module Instance 'out_sm' input pin tied to constant (idx_gen[27]=0).
[EFX-0266 WARNING] Module Instance 'out_sm' input pin tied to constant (idx_gen[26]=0).
[EFX-0266 WARNING] Module Instance 'out_sm' input pin tied to constant (idx_gen[25]=0).
[EFX-0266 WARNING] Module Instance 'out_sm' input pin tied to constant (idx_gen[24]=0).
[EFX-0266 WARNING] Module Instance 'out_sm' input pin tied to constant (idx_gen[23]=0).
[EFX-0266 WARNING] Module Instance 'out_sm' input pin tied to constant (idx_gen[22]=0).
[EFX-0266 WARNING] Module Instance 'out_sm' input pin tied to constant (idx_gen[21]=0).
[EFX-0266 WARNING] Module Instance 'out_sm' input pin tied to constant (idx_gen[20]=0).
[EFX-0266 WARNING] Module Instance 'out_sm' input pin tied to constant (idx_gen[19]=0).
[EFX-0266 WARNING] Module Instance 'out_sm' input pin tied to constant (idx_gen[18]=0).
[EFX-0266 WARNING] Module Instance 'out_sm' input pin tied to constant (idx_gen[17]=0).
[EFX-0266 WARNING] Module Instance 'out_sm' input pin tied to constant (idx_gen[16]=0).
[EFX-0266 WARNING] Module Instance 'out_sm' input pin tied to constant (idx_gen[15]=0).
[EFX-0266 WARNING] Module Instance 'out_sm' input pin tied to constant (idx_gen[14]=0).
[EFX-0266 WARNING] Module Instance 'out_sm' input pin tied to constant (idx_gen[13]=0).
[EFX-0266 WARNING] Module Instance 'out_sm' input pin tied to constant (idx_gen[12]=0).
[EFX-0266 WARNING] Module Instance 'out_sm' input pin tied to constant (idx_gen[11]=0).
[EFX-0266 WARNING] Module Instance 'out_sm' input pin tied to constant (idx_gen[10]=0).
[EFX-0266 WARNING] Module Instance 'out_sm' input pin tied to constant (idx_gen[9]=0).
[EFX-0266 WARNING] Module Instance 'out_sm' input pin tied to constant (idx_gen[8]=0).
[EFX-0266 WARNING] Module Instance 'out_sm' input pin tied to constant (idx_gen[7]=0).
[EFX-0266 WARNING] Module Instance 'out_sm' input pin tied to constant (idx_gen[6]=0).
[EFX-0266 WARNING] Module Instance 'out_sm' input pin tied to constant (idx_gen[5]=0).
[EFX-0266 WARNING] Module Instance 'out_sm' input pin tied to constant (idx_gen[4]=0).
[EFX-0266 WARNING] Module Instance 'out_sm' input pin tied to constant (idx_gen[3]=0).
[EFX-0266 WARNING] Module Instance 'out_sm' input pin tied to constant (idx_gen[2]=0).
[EFX-0266 WARNING] Module Instance 'out_sm' input pin tied to constant (idx_gen[1]=0).
[EFX-0266 WARNING] Module Instance 'out_sm' input pin tied to constant (idx_gen[0]=1).
[EFX-0266 WARNING] Module Instance 'mdio' input pin tied to constant (b_req_data[31]=0).
[EFX-0266 WARNING] Module Instance 'mdio' input pin tied to constant (b_req_data[30]=0).
[EFX-0266 WARNING] Module Instance 'mdio' input pin tied to constant (b_req_data[29]=0).
[EFX-0201 WARNING] Re-wiring to GND non-driven net 'ram_udp_regidp.prod2.set_again'. (E:\Efinity\project\fnetriong\fakernet_module.vhd:134)
[EFX-0201 WARNING] Re-wiring to GND non-driven net 'ram_tcp_template.prod2.set_again'. (E:\Efinity\project\fnetriong\fakernet_module.vhd:136)
[EFX-0201 WARNING] Re-wiring to GND non-driven net 'ram_tcp_prep2[0].prod2.set_again'. (E:\Efinity\project\fnetriong\fakernet_module.vhd:137)
[EFX-0201 WARNING] Re-wiring to GND non-driven net 'ram_tcp_prep2[1].prod2.set_again'. (E:\Efinity\project\fnetriong\fakernet_module.vhd:137)
[EFX-0201 WARNING] Re-wiring to GND non-driven net 't/fakernet/dp_ram_arp_icmp.port_a.o.rd'. (E:\Efinity\project\fnetriong\fakernet_module.vhd:144)
[EFX-0201 WARNING] Re-wiring to GND non-driven net 't/fakernet/dp_ram_pkt_gen.port_a.o.rd'. (E:\Efinity\project\fnetriong\fakernet_module.vhd:145)
[EFX-0201 WARNING] Re-wiring to GND non-driven net 't/fakernet/dp_ram_udp_regacc.port_a.o.rd'. (E:\Efinity\project\fnetriong\fakernet_module.vhd:146)
[EFX-0201 WARNING] Re-wiring to GND non-driven net 't/fakernet/dp_ram_udp_regacc.port_b.o.wr'. (E:\Efinity\project\fnetriong\fakernet_module.vhd:146)
[EFX-0201 WARNING] Re-wiring to GND non-driven net 't/fakernet/dp_ram_udp_regidp.port_a.o.rd'. (E:\Efinity\project\fnetriong\fakernet_module.vhd:147)
[EFX-0201 WARNING] Re-wiring to GND non-driven net 't/fakernet/dp_ram_tcp_template.port_a.o.rd'. (E:\Efinity\project\fnetriong\fakernet_module.vhd:150)

///////////////////////////////////
// Efinity Synthesis Started 
// Mar 13, 2023 17:06:31
///////////////////////////////////

[EFX-0011 VERI-WARNING] port 'probe16' remains unconnected for this instance (VERI-1927) (E:/Efinity/project/fnetriong/work_dbg/debug_top.v:164)
[EFX-0011 VERI-WARNING] expression size 256 truncated to fit in target size 64 (VERI-1209) (E:/Efinity/project/fnetriong/work_dbg/debug_top.v:3633)
[EFX-0011 VERI-WARNING] input port 'probe16[0]' remains unconnected for this instance (VDB-1053) (E:/Efinity/project/fnetriong/work_dbg/debug_top.v:128)
[EFX-0200 WARNING] Removing redundant signal : compared_in[0]. (E:/Efinity/project/fnetriong/work_dbg/debug_top.v:5503)
[EFX-0200 WARNING] Removing redundant signal : mask_in[0]. (E:/Efinity/project/fnetriong/work_dbg/debug_top.v:5504)
[EFX-0200 WARNING] Removing redundant signal : trigger_in. (E:/Efinity/project/fnetriong/work_dbg/debug_top.v:5714)
[EFX-0200 WARNING] Removing redundant signal : din[26]. (E:/Efinity/project/fnetriong/work_dbg/debug_top.v:4606)
[EFX-0200 WARNING] Removing redundant signal : trig_out. (E:/Efinity/project/fnetriong/work_dbg/debug_top.v:4885)
[EFX-0200 WARNING] Removing redundant signal : trig_out_ack. (E:/Efinity/project/fnetriong/work_dbg/debug_top.v:4886)
[EFX-0200 WARNING] Removing redundant signal : bscan_DRCK. (E:/Efinity/project/fnetriong/work_dbg/debug_top.v:1070)
[EFX-0200 WARNING] Removing redundant signal : bscan_RUNTEST. (E:/Efinity/project/fnetriong/work_dbg/debug_top.v:1072)
[EFX-0200 WARNING] Removing redundant signal : bscan_SEL. (E:/Efinity/project/fnetriong/work_dbg/debug_top.v:1073)
[EFX-0200 WARNING] Removing redundant signal : bscan_TMS. (E:/Efinity/project/fnetriong/work_dbg/debug_top.v:1077)
[EFX-0200 WARNING] Removing redundant signal : trig_in_ack. (E:/Efinity/project/fnetriong/work_dbg/debug_top.v:1088)
[EFX-0200 WARNING] Removing redundant signal : mux_capture_cmp[15]. (E:/Efinity/project/fnetriong/work_dbg/debug_top.v:3494)
[EFX-0200 WARNING] Removing redundant signal : mux_capture_cmp[14]. (E:/Efinity/project/fnetriong/work_dbg/debug_top.v:3494)
[EFX-0200 WARNING] Removing redundant signal : mux_capture_cmp[13]. (E:/Efinity/project/fnetriong/work_dbg/debug_top.v:3494)
[EFX-0200 WARNING] Removing redundant signal : mux_capture_cmp[12]. (E:/Efinity/project/fnetriong/work_dbg/debug_top.v:3494)
[EFX-0200 WARNING] Removing redundant signal : mux_capture_cmp[11]. (E:/Efinity/project/fnetriong/work_dbg/debug_top.v:3494)
[EFX-0200 WARNING] Removing redundant signal : mux_capture_cmp[10]. (E:/Efinity/project/fnetriong/work_dbg/debug_top.v:3494)
[EFX-0200 WARNING] Removing redundant signal : mux_capture_cmp[9]. (E:/Efinity/project/fnetriong/work_dbg/debug_top.v:3494)
[EFX-0200 WARNING] Removing redundant signal : mux_capture_cmp[8]. (E:/Efinity/project/fnetriong/work_dbg/debug_top.v:3494)
[EFX-0200 WARNING] Removing redundant signal : mux_capture_cmp[7]. (E:/Efinity/project/fnetriong/work_dbg/debug_top.v:3494)
[EFX-0266 WARNING] Module Instance 'la0' input pin tied to constant (trig_in=0).
[EFX-0266 WARNING] Module Instance 'la0' input pin tied to constant (trig_out_ack=0).
[EFX-0201 WARNING] Re-wiring to GND non-driven net 'la0.probe16[0]'. (E:/Efinity/project/fnetriong/work_dbg/debug_top.v:128)
[EFX-0201 WARNING] Re-wiring to GND non-driven net 'la0.probe17[0]'. (E:/Efinity/project/fnetriong/work_dbg/debug_top.v:128)
[EFX-0201 WARNING] Re-wiring to GND non-driven net 'la0.probe18[0]'. (E:/Efinity/project/fnetriong/work_dbg/debug_top.v:128)
[EFX-0201 WARNING] Re-wiring to GND non-driven net 'la0.probe19[0]'. (E:/Efinity/project/fnetriong/work_dbg/debug_top.v:128)
[EFX-0201 WARNING] Re-wiring to GND non-driven net 'la0.probe20[0]'. (E:/Efinity/project/fnetriong/work_dbg/debug_top.v:128)
[EFX-0201 WARNING] Re-wiring to GND non-driven net 'la0.probe21[0]'. (E:/Efinity/project/fnetriong/work_dbg/debug_top.v:128)
[EFX-0201 WARNING] Re-wiring to GND non-driven net 'la0.probe22[0]'. (E:/Efinity/project/fnetriong/work_dbg/debug_top.v:128)
[EFX-0201 WARNING] Re-wiring to GND non-driven net 'la0.probe23[0]'. (E:/Efinity/project/fnetriong/work_dbg/debug_top.v:128)
[EFX-0201 WARNING] Re-wiring to GND non-driven net 'la0.probe24[0]'. (E:/Efinity/project/fnetriong/work_dbg/debug_top.v:128)
[EFX-0201 WARNING] Re-wiring to GND non-driven net 'la0.probe25[0]'. (E:/Efinity/project/fnetriong/work_dbg/debug_top.v:128)
[EFX-0011 VERI-WARNING] Input/Inout Port bscan_DRCK is unconnected and will be removed 
[EFX-0011 VERI-WARNING] Input/Inout Port bscan_RUNTEST is unconnected and will be removed 
[EFX-0011 VERI-WARNING] Input/Inout Port bscan_TMS is unconnected and will be removed 

///////////////////////////////////
// Efinity Synthesis Started 
// Mar 13, 2023 17:06:52
///////////////////////////////////

[EFX-0266 WARNING] Module Instance 'fifo' input pin tied to constant (out_want_b=1).
[EFX-0200 WARNING] Removing redundant signal : start_found. (E:\Efinity\project\fnetriong\efnet_octet_to_word.vhd:60)
[EFX-0200 WARNING] Removing redundant signal : packet_start. (E:\Efinity\project\fnetriong\efnet_octet_to_word.vhd:62)
[EFX-0200 WARNING] Removing redundant signal : packet_end. (E:\Efinity\project\fnetriong\efnet_octet_to_word.vhd:63)
[EFX-0200 WARNING] Removing redundant signal : word[15]. (E:\Efinity\project\fnetriong\efnet_octet_to_word.vhd:65)
[EFX-0200 WARNING] Removing redundant signal : word[14]. (E:\Efinity\project\fnetriong\efnet_octet_to_word.vhd:65)
[EFX-0200 WARNING] Removing redundant signal : word[13]. (E:\Efinity\project\fnetriong\efnet_octet_to_word.vhd:65)
[EFX-0200 WARNING] Removing redundant signal : word[12]. (E:\Efinity\project\fnetriong\efnet_octet_to_word.vhd:65)
[EFX-0200 WARNING] Removing redundant signal : word[11]. (E:\Efinity\project\fnetriong\efnet_octet_to_word.vhd:65)
[EFX-0200 WARNING] Removing redundant signal : word[10]. (E:\Efinity\project\fnetriong\efnet_octet_to_word.vhd:65)
[EFX-0200 WARNING] Removing redundant signal : word[9]. (E:\Efinity\project\fnetriong\efnet_octet_to_word.vhd:65)
[EFX-0200 WARNING] Removing redundant signal : word[8]. (E:\Efinity\project\fnetriong\efnet_octet_to_word.vhd:65)
[EFX-0200 WARNING] Removing redundant signal : word[7]. (E:\Efinity\project\fnetriong\efnet_octet_to_word.vhd:65)
[EFX-0200 WARNING] Removing redundant signal : word[6]. (E:\Efinity\project\fnetriong\efnet_octet_to_word.vhd:65)
[EFX-0200 WARNING] Removing redundant signal : word[5]. (E:\Efinity\project\fnetriong\efnet_octet_to_word.vhd:65)
[EFX-0200 WARNING] Removing redundant signal : word[4]. (E:\Efinity\project\fnetriong\efnet_octet_to_word.vhd:65)
[EFX-0200 WARNING] Removing redundant signal : word[3]. (E:\Efinity\project\fnetriong\efnet_octet_to_word.vhd:65)
[EFX-0200 WARNING] Removing redundant signal : word[2]. (E:\Efinity\project\fnetriong\efnet_octet_to_word.vhd:65)
[EFX-0200 WARNING] Removing redundant signal : word[1]. (E:\Efinity\project\fnetriong\efnet_octet_to_word.vhd:65)
[EFX-0200 WARNING] Removing redundant signal : word[0]. (E:\Efinity\project\fnetriong\efnet_octet_to_word.vhd:65)
[EFX-0200 WARNING] Removing redundant signal : octet_counter[0]. (E:\Efinity\project\fnetriong\efnet_octet_to_word.vhd:66)
[EFX-0266 WARNING] Module Instance 'out_sm' input pin tied to constant (idx_tcp_prep[0][31]=0).
[EFX-0266 WARNING] Module Instance 'out_sm' input pin tied to constant (idx_tcp_prep[0][30]=0).
[EFX-0266 WARNING] Module Instance 'out_sm' input pin tied to constant (idx_tcp_prep[0][29]=0).
[EFX-0266 WARNING] Module Instance 'out_sm' input pin tied to constant (idx_tcp_prep[0][28]=0).
[EFX-0266 WARNING] Module Instance 'out_sm' input pin tied to constant (idx_tcp_prep[0][27]=0).
[EFX-0266 WARNING] Module Instance 'out_sm' input pin tied to constant (idx_tcp_prep[0][26]=0).
[EFX-0266 WARNING] Module Instance 'out_sm' input pin tied to constant (idx_tcp_prep[0][25]=0).
[EFX-0266 WARNING] Module Instance 'out_sm' input pin tied to constant (idx_tcp_prep[0][24]=0).
[EFX-0266 WARNING] Module Instance 'out_sm' input pin tied to constant (idx_tcp_prep[0][23]=0).
[EFX-0266 WARNING] Module Instance 'out_sm' input pin tied to constant (idx_tcp_prep[0][22]=0).
[EFX-0266 WARNING] Module Instance 'out_sm' input pin tied to constant (idx_tcp_prep[0][21]=0).
[EFX-0266 WARNING] Module Instance 'out_sm' input pin tied to constant (idx_tcp_prep[0][20]=0).
[EFX-0266 WARNING] Module Instance 'out_sm' input pin tied to constant (idx_tcp_prep[0][19]=0).
[EFX-0266 WARNING] Module Instance 'out_sm' input pin tied to constant (idx_tcp_prep[0][18]=0).
[EFX-0266 WARNING] Module Instance 'out_sm' input pin tied to constant (idx_tcp_prep[0][17]=0).
[EFX-0266 WARNING] Module Instance 'out_sm' input pin tied to constant (idx_tcp_prep[0][16]=0).
[EFX-0266 WARNING] Module Instance 'out_sm' input pin tied to constant (idx_tcp_prep[0][15]=0).
[EFX-0266 WARNING] Module Instance 'out_sm' input pin tied to constant (idx_tcp_prep[0][14]=0).
[EFX-0266 WARNING] Module Instance 'out_sm' input pin tied to constant (idx_tcp_prep[0][13]=0).
[EFX-0266 WARNING] Module Instance 'out_sm' input pin tied to constant (idx_tcp_prep[0][12]=0).
[EFX-0266 WARNING] Module Instance 'out_sm' input pin tied to constant (idx_tcp_prep[0][11]=0).
[EFX-0266 WARNING] Module Instance 'out_sm' input pin tied to constant (idx_tcp_prep[0][10]=0).
[EFX-0266 WARNING] Module Instance 'out_sm' input pin tied to constant (idx_tcp_prep[0][9]=0).
[EFX-0266 WARNING] Module Instance 'out_sm' input pin tied to constant (idx_tcp_prep[0][8]=0).
[EFX-0266 WARNING] Module Instance 'out_sm' input pin tied to constant (idx_tcp_prep[0][7]=0).
[EFX-0266 WARNING] Module Instance 'out_sm' input pin tied to constant (idx_tcp_prep[0][6]=0).
[EFX-0266 WARNING] Module Instance 'out_sm' input pin tied to constant (idx_tcp_prep[0][5]=0).
[EFX-0266 WARNING] Module Instance 'out_sm' input pin tied to constant (idx_tcp_prep[0][4]=0).
[EFX-0266 WARNING] Module Instance 'out_sm' input pin tied to constant (idx_tcp_prep[0][3]=0).
[EFX-0266 WARNING] Module Instance 'out_sm' input pin tied to constant (idx_tcp_prep[0][2]=1).
[EFX-0266 WARNING] Module Instance 'out_sm' input pin tied to constant (idx_tcp_prep[0][1]=0).
[EFX-0266 WARNING] Module Instance 'out_sm' input pin tied to constant (idx_tcp_prep[0][0]=1).
[EFX-0266 WARNING] Module Instance 'out_sm' input pin tied to constant (idx_tcp_prep[1][31]=0).
[EFX-0266 WARNING] Module Instance 'out_sm' input pin tied to constant (idx_tcp_prep[1][30]=0).
[EFX-0266 WARNING] Module Instance 'out_sm' input pin tied to constant (idx_tcp_prep[1][29]=0).
[EFX-0266 WARNING] Module Instance 'out_sm' input pin tied to constant (idx_tcp_prep[1][28]=0).
[EFX-0266 WARNING] Module Instance 'out_sm' input pin tied to constant (idx_tcp_prep[1][27]=0).
[EFX-0266 WARNING] Module Instance 'out_sm' input pin tied to constant (idx_tcp_prep[1][26]=0).
[EFX-0266 WARNING] Module Instance 'out_sm' input pin tied to constant (idx_tcp_prep[1][25]=0).
[EFX-0266 WARNING] Module Instance 'out_sm' input pin tied to constant (idx_tcp_prep[1][24]=0).
[EFX-0266 WARNING] Module Instance 'out_sm' input pin tied to constant (idx_tcp_prep[1][23]=0).
[EFX-0266 WARNING] Module Instance 'out_sm' input pin tied to constant (idx_tcp_prep[1][22]=0).
[EFX-0266 WARNING] Module Instance 'out_sm' input pin tied to constant (idx_tcp_prep[1][21]=0).
[EFX-0266 WARNING] Module Instance 'out_sm' input pin tied to constant (idx_tcp_prep[1][20]=0).
[EFX-0266 WARNING] Module Instance 'out_sm' input pin tied to constant (idx_tcp_prep[1][19]=0).
[EFX-0266 WARNING] Module Instance 'out_sm' input pin tied to constant (idx_tcp_prep[1][18]=0).
[EFX-0266 WARNING] Module Instance 'out_sm' input pin tied to constant (idx_tcp_prep[1][17]=0).
[EFX-0266 WARNING] Module Instance 'out_sm' input pin tied to constant (idx_tcp_prep[1][16]=0).
[EFX-0266 WARNING] Module Instance 'out_sm' input pin tied to constant (idx_tcp_prep[1][15]=0).
[EFX-0266 WARNING] Module Instance 'out_sm' input pin tied to constant (idx_tcp_prep[1][14]=0).
[EFX-0266 WARNING] Module Instance 'out_sm' input pin tied to constant (idx_tcp_prep[1][13]=0).
[EFX-0266 WARNING] Module Instance 'out_sm' input pin tied to constant (idx_tcp_prep[1][12]=0).
[EFX-0266 WARNING] Module Instance 'out_sm' input pin tied to constant (idx_tcp_prep[1][11]=0).
[EFX-0266 WARNING] Module Instance 'out_sm' input pin tied to constant (idx_tcp_prep[1][10]=0).
[EFX-0266 WARNING] Module Instance 'out_sm' input pin tied to constant (idx_tcp_prep[1][9]=0).
[EFX-0266 WARNING] Module Instance 'out_sm' input pin tied to constant (idx_tcp_prep[1][8]=0).
[EFX-0266 WARNING] Module Instance 'out_sm' input pin tied to constant (idx_tcp_prep[1][7]=0).
[EFX-0266 WARNING] Module Instance 'out_sm' input pin tied to constant (idx_tcp_prep[1][6]=0).
[EFX-0266 WARNING] Module Instance 'out_sm' input pin tied to constant (idx_tcp_prep[1][5]=0).
[EFX-0266 WARNING] Module Instance 'out_sm' input pin tied to constant (idx_tcp_prep[1][4]=0).
[EFX-0266 WARNING] Module Instance 'out_sm' input pin tied to constant (idx_tcp_prep[1][3]=0).
[EFX-0266 WARNING] Module Instance 'out_sm' input pin tied to constant (idx_tcp_prep[1][2]=1).
[EFX-0266 WARNING] Module Instance 'out_sm' input pin tied to constant (idx_tcp_prep[1][1]=1).
[EFX-0266 WARNING] Module Instance 'out_sm' input pin tied to constant (idx_tcp_prep[1][0]=0).
[EFX-0266 WARNING] Module Instance 'out_sm' input pin tied to constant (idx_gen[31]=0).
[EFX-0266 WARNING] Module Instance 'out_sm' input pin tied to constant (idx_gen[30]=0).
[EFX-0266 WARNING] Module Instance 'out_sm' input pin tied to constant (idx_gen[29]=0).
[EFX-0266 WARNING] Module Instance 'out_sm' input pin tied to constant (idx_gen[28]=0).
[EFX-0266 WARNING] Module Instance 'out_sm' input pin tied to constant (idx_gen[27]=0).
[EFX-0266 WARNING] Module Instance 'out_sm' input pin tied to constant (idx_gen[26]=0).
[EFX-0266 WARNING] Module Instance 'out_sm' input pin tied to constant (idx_gen[25]=0).
[EFX-0266 WARNING] Module Instance 'out_sm' input pin tied to constant (idx_gen[24]=0).
[EFX-0266 WARNING] Module Instance 'out_sm' input pin tied to constant (idx_gen[23]=0).
[EFX-0266 WARNING] Module Instance 'out_sm' input pin tied to constant (idx_gen[22]=0).
[EFX-0266 WARNING] Module Instance 'out_sm' input pin tied to constant (idx_gen[21]=0).
[EFX-0266 WARNING] Module Instance 'out_sm' input pin tied to constant (idx_gen[20]=0).
[EFX-0266 WARNING] Module Instance 'out_sm' input pin tied to constant (idx_gen[19]=0).
[EFX-0266 WARNING] Module Instance 'out_sm' input pin tied to constant (idx_gen[18]=0).
[EFX-0266 WARNING] Module Instance 'out_sm' input pin tied to constant (idx_gen[17]=0).
[EFX-0266 WARNING] Module Instance 'out_sm' input pin tied to constant (idx_gen[16]=0).
[EFX-0266 WARNING] Module Instance 'out_sm' input pin tied to constant (idx_gen[15]=0).
[EFX-0266 WARNING] Module Instance 'out_sm' input pin tied to constant (idx_gen[14]=0).
[EFX-0266 WARNING] Module Instance 'out_sm' input pin tied to constant (idx_gen[13]=0).
[EFX-0266 WARNING] Module Instance 'out_sm' input pin tied to constant (idx_gen[12]=0).
[EFX-0266 WARNING] Module Instance 'out_sm' input pin tied to constant (idx_gen[11]=0).
[EFX-0266 WARNING] Module Instance 'out_sm' input pin tied to constant (idx_gen[10]=0).
[EFX-0266 WARNING] Module Instance 'out_sm' input pin tied to constant (idx_gen[9]=0).
[EFX-0266 WARNING] Module Instance 'out_sm' input pin tied to constant (idx_gen[8]=0).
[EFX-0266 WARNING] Module Instance 'out_sm' input pin tied to constant (idx_gen[7]=0).
[EFX-0266 WARNING] Module Instance 'out_sm' input pin tied to constant (idx_gen[6]=0).
[EFX-0266 WARNING] Module Instance 'out_sm' input pin tied to constant (idx_gen[5]=0).
[EFX-0266 WARNING] Module Instance 'out_sm' input pin tied to constant (idx_gen[4]=0).
[EFX-0266 WARNING] Module Instance 'out_sm' input pin tied to constant (idx_gen[3]=0).
[EFX-0266 WARNING] Module Instance 'out_sm' input pin tied to constant (idx_gen[2]=0).
[EFX-0266 WARNING] Module Instance 'out_sm' input pin tied to constant (idx_gen[1]=0).
[EFX-0266 WARNING] Module Instance 'out_sm' input pin tied to constant (idx_gen[0]=1).
[EFX-0266 WARNING] Module Instance 'mdio' input pin tied to constant (b_req_data[31]=0).
[EFX-0266 WARNING] Module Instance 'mdio' input pin tied to constant (b_req_data[30]=0).
[EFX-0266 WARNING] Module Instance 'mdio' input pin tied to constant (b_req_data[29]=0).
[EFX-0201 WARNING] Re-wiring to GND non-driven net 'ram_udp_regidp.prod2.set_again'. (E:\Efinity\project\fnetriong\fakernet_module.vhd:134)
[EFX-0201 WARNING] Re-wiring to GND non-driven net 'ram_tcp_template.prod2.set_again'. (E:\Efinity\project\fnetriong\fakernet_module.vhd:136)
[EFX-0201 WARNING] Re-wiring to GND non-driven net 'ram_tcp_prep2[0].prod2.set_again'. (E:\Efinity\project\fnetriong\fakernet_module.vhd:137)
[EFX-0201 WARNING] Re-wiring to GND non-driven net 'ram_tcp_prep2[1].prod2.set_again'. (E:\Efinity\project\fnetriong\fakernet_module.vhd:137)
[EFX-0201 WARNING] Re-wiring to GND non-driven net 't/fakernet/dp_ram_arp_icmp.port_a.o.rd'. (E:\Efinity\project\fnetriong\fakernet_module.vhd:144)
[EFX-0201 WARNING] Re-wiring to GND non-driven net 't/fakernet/dp_ram_pkt_gen.port_a.o.rd'. (E:\Efinity\project\fnetriong\fakernet_module.vhd:145)
[EFX-0201 WARNING] Re-wiring to GND non-driven net 't/fakernet/dp_ram_udp_regacc.port_a.o.rd'. (E:\Efinity\project\fnetriong\fakernet_module.vhd:146)
[EFX-0201 WARNING] Re-wiring to GND non-driven net 't/fakernet/dp_ram_udp_regacc.port_b.o.wr'. (E:\Efinity\project\fnetriong\fakernet_module.vhd:146)
[EFX-0201 WARNING] Re-wiring to GND non-driven net 't/fakernet/dp_ram_udp_regidp.port_a.o.rd'. (E:\Efinity\project\fnetriong\fakernet_module.vhd:147)
[EFX-0201 WARNING] Re-wiring to GND non-driven net 't/fakernet/dp_ram_tcp_template.port_a.o.rd'. (E:\Efinity\project\fnetriong\fakernet_module.vhd:150)

///////////////////////////////////
// Efinity Synthesis Started 
// Mar 13, 2023 17:48:36
///////////////////////////////////

[EFX-0011 VERI-WARNING] port 'probe16' remains unconnected for this instance (VERI-1927) (E:/Efinity/project/fnetriong/work_dbg/debug_top.v:164)
[EFX-0011 VERI-WARNING] expression size 256 truncated to fit in target size 64 (VERI-1209) (E:/Efinity/project/fnetriong/work_dbg/debug_top.v:3633)
[EFX-0011 VERI-WARNING] input port 'probe16[0]' remains unconnected for this instance (VDB-1053) (E:/Efinity/project/fnetriong/work_dbg/debug_top.v:128)
[EFX-0200 WARNING] Removing redundant signal : compared_in[0]. (E:/Efinity/project/fnetriong/work_dbg/debug_top.v:5503)
[EFX-0200 WARNING] Removing redundant signal : mask_in[0]. (E:/Efinity/project/fnetriong/work_dbg/debug_top.v:5504)
[EFX-0200 WARNING] Removing redundant signal : trigger_in. (E:/Efinity/project/fnetriong/work_dbg/debug_top.v:5714)
[EFX-0200 WARNING] Removing redundant signal : din[26]. (E:/Efinity/project/fnetriong/work_dbg/debug_top.v:4606)
[EFX-0200 WARNING] Removing redundant signal : trig_out. (E:/Efinity/project/fnetriong/work_dbg/debug_top.v:4885)
[EFX-0200 WARNING] Removing redundant signal : trig_out_ack. (E:/Efinity/project/fnetriong/work_dbg/debug_top.v:4886)
[EFX-0200 WARNING] Removing redundant signal : bscan_DRCK. (E:/Efinity/project/fnetriong/work_dbg/debug_top.v:1070)
[EFX-0200 WARNING] Removing redundant signal : bscan_RUNTEST. (E:/Efinity/project/fnetriong/work_dbg/debug_top.v:1072)
[EFX-0200 WARNING] Removing redundant signal : bscan_SEL. (E:/Efinity/project/fnetriong/work_dbg/debug_top.v:1073)
[EFX-0200 WARNING] Removing redundant signal : bscan_TMS. (E:/Efinity/project/fnetriong/work_dbg/debug_top.v:1077)
[EFX-0200 WARNING] Removing redundant signal : trig_in_ack. (E:/Efinity/project/fnetriong/work_dbg/debug_top.v:1088)
[EFX-0200 WARNING] Removing redundant signal : mux_capture_cmp[15]. (E:/Efinity/project/fnetriong/work_dbg/debug_top.v:3494)
[EFX-0200 WARNING] Removing redundant signal : mux_capture_cmp[14]. (E:/Efinity/project/fnetriong/work_dbg/debug_top.v:3494)
[EFX-0200 WARNING] Removing redundant signal : mux_capture_cmp[13]. (E:/Efinity/project/fnetriong/work_dbg/debug_top.v:3494)
[EFX-0200 WARNING] Removing redundant signal : mux_capture_cmp[12]. (E:/Efinity/project/fnetriong/work_dbg/debug_top.v:3494)
[EFX-0200 WARNING] Removing redundant signal : mux_capture_cmp[11]. (E:/Efinity/project/fnetriong/work_dbg/debug_top.v:3494)
[EFX-0200 WARNING] Removing redundant signal : mux_capture_cmp[10]. (E:/Efinity/project/fnetriong/work_dbg/debug_top.v:3494)
[EFX-0200 WARNING] Removing redundant signal : mux_capture_cmp[9]. (E:/Efinity/project/fnetriong/work_dbg/debug_top.v:3494)
[EFX-0200 WARNING] Removing redundant signal : mux_capture_cmp[8]. (E:/Efinity/project/fnetriong/work_dbg/debug_top.v:3494)
[EFX-0200 WARNING] Removing redundant signal : mux_capture_cmp[7]. (E:/Efinity/project/fnetriong/work_dbg/debug_top.v:3494)
[EFX-0266 WARNING] Module Instance 'la0' input pin tied to constant (trig_in=0).
[EFX-0266 WARNING] Module Instance 'la0' input pin tied to constant (trig_out_ack=0).
[EFX-0201 WARNING] Re-wiring to GND non-driven net 'la0.probe16[0]'. (E:/Efinity/project/fnetriong/work_dbg/debug_top.v:128)
[EFX-0201 WARNING] Re-wiring to GND non-driven net 'la0.probe17[0]'. (E:/Efinity/project/fnetriong/work_dbg/debug_top.v:128)
[EFX-0201 WARNING] Re-wiring to GND non-driven net 'la0.probe18[0]'. (E:/Efinity/project/fnetriong/work_dbg/debug_top.v:128)
[EFX-0201 WARNING] Re-wiring to GND non-driven net 'la0.probe19[0]'. (E:/Efinity/project/fnetriong/work_dbg/debug_top.v:128)
[EFX-0201 WARNING] Re-wiring to GND non-driven net 'la0.probe20[0]'. (E:/Efinity/project/fnetriong/work_dbg/debug_top.v:128)
[EFX-0201 WARNING] Re-wiring to GND non-driven net 'la0.probe21[0]'. (E:/Efinity/project/fnetriong/work_dbg/debug_top.v:128)
[EFX-0201 WARNING] Re-wiring to GND non-driven net 'la0.probe22[0]'. (E:/Efinity/project/fnetriong/work_dbg/debug_top.v:128)
[EFX-0201 WARNING] Re-wiring to GND non-driven net 'la0.probe23[0]'. (E:/Efinity/project/fnetriong/work_dbg/debug_top.v:128)
[EFX-0201 WARNING] Re-wiring to GND non-driven net 'la0.probe24[0]'. (E:/Efinity/project/fnetriong/work_dbg/debug_top.v:128)
[EFX-0201 WARNING] Re-wiring to GND non-driven net 'la0.probe25[0]'. (E:/Efinity/project/fnetriong/work_dbg/debug_top.v:128)
[EFX-0011 VERI-WARNING] Input/Inout Port bscan_DRCK is unconnected and will be removed 
[EFX-0011 VERI-WARNING] Input/Inout Port bscan_RUNTEST is unconnected and will be removed 
[EFX-0011 VERI-WARNING] Input/Inout Port bscan_TMS is unconnected and will be removed 

///////////////////////////////////
// Efinity Synthesis Started 
// Mar 13, 2023 17:48:57
///////////////////////////////////

[EFX-0266 WARNING] Module Instance 'fifo' input pin tied to constant (out_want_b=1).
[EFX-0200 WARNING] Removing redundant signal : start_found. (E:\Efinity\project\fnetriong\efnet_octet_to_word.vhd:60)
[EFX-0200 WARNING] Removing redundant signal : packet_start. (E:\Efinity\project\fnetriong\efnet_octet_to_word.vhd:62)
[EFX-0200 WARNING] Removing redundant signal : packet_end. (E:\Efinity\project\fnetriong\efnet_octet_to_word.vhd:63)
[EFX-0200 WARNING] Removing redundant signal : word[15]. (E:\Efinity\project\fnetriong\efnet_octet_to_word.vhd:65)
[EFX-0200 WARNING] Removing redundant signal : word[14]. (E:\Efinity\project\fnetriong\efnet_octet_to_word.vhd:65)
[EFX-0200 WARNING] Removing redundant signal : word[13]. (E:\Efinity\project\fnetriong\efnet_octet_to_word.vhd:65)
[EFX-0200 WARNING] Removing redundant signal : word[12]. (E:\Efinity\project\fnetriong\efnet_octet_to_word.vhd:65)
[EFX-0200 WARNING] Removing redundant signal : word[11]. (E:\Efinity\project\fnetriong\efnet_octet_to_word.vhd:65)
[EFX-0200 WARNING] Removing redundant signal : word[10]. (E:\Efinity\project\fnetriong\efnet_octet_to_word.vhd:65)
[EFX-0200 WARNING] Removing redundant signal : word[9]. (E:\Efinity\project\fnetriong\efnet_octet_to_word.vhd:65)
[EFX-0200 WARNING] Removing redundant signal : word[8]. (E:\Efinity\project\fnetriong\efnet_octet_to_word.vhd:65)
[EFX-0200 WARNING] Removing redundant signal : word[7]. (E:\Efinity\project\fnetriong\efnet_octet_to_word.vhd:65)
[EFX-0200 WARNING] Removing redundant signal : word[6]. (E:\Efinity\project\fnetriong\efnet_octet_to_word.vhd:65)
[EFX-0200 WARNING] Removing redundant signal : word[5]. (E:\Efinity\project\fnetriong\efnet_octet_to_word.vhd:65)
[EFX-0200 WARNING] Removing redundant signal : word[4]. (E:\Efinity\project\fnetriong\efnet_octet_to_word.vhd:65)
[EFX-0200 WARNING] Removing redundant signal : word[3]. (E:\Efinity\project\fnetriong\efnet_octet_to_word.vhd:65)
[EFX-0200 WARNING] Removing redundant signal : word[2]. (E:\Efinity\project\fnetriong\efnet_octet_to_word.vhd:65)
[EFX-0200 WARNING] Removing redundant signal : word[1]. (E:\Efinity\project\fnetriong\efnet_octet_to_word.vhd:65)
[EFX-0200 WARNING] Removing redundant signal : word[0]. (E:\Efinity\project\fnetriong\efnet_octet_to_word.vhd:65)
[EFX-0200 WARNING] Removing redundant signal : octet_counter[0]. (E:\Efinity\project\fnetriong\efnet_octet_to_word.vhd:66)
[EFX-0266 WARNING] Module Instance 'out_sm' input pin tied to constant (idx_tcp_prep[0][31]=0).
[EFX-0266 WARNING] Module Instance 'out_sm' input pin tied to constant (idx_tcp_prep[0][30]=0).
[EFX-0266 WARNING] Module Instance 'out_sm' input pin tied to constant (idx_tcp_prep[0][29]=0).
[EFX-0266 WARNING] Module Instance 'out_sm' input pin tied to constant (idx_tcp_prep[0][28]=0).
[EFX-0266 WARNING] Module Instance 'out_sm' input pin tied to constant (idx_tcp_prep[0][27]=0).
[EFX-0266 WARNING] Module Instance 'out_sm' input pin tied to constant (idx_tcp_prep[0][26]=0).
[EFX-0266 WARNING] Module Instance 'out_sm' input pin tied to constant (idx_tcp_prep[0][25]=0).
[EFX-0266 WARNING] Module Instance 'out_sm' input pin tied to constant (idx_tcp_prep[0][24]=0).
[EFX-0266 WARNING] Module Instance 'out_sm' input pin tied to constant (idx_tcp_prep[0][23]=0).
[EFX-0266 WARNING] Module Instance 'out_sm' input pin tied to constant (idx_tcp_prep[0][22]=0).
[EFX-0266 WARNING] Module Instance 'out_sm' input pin tied to constant (idx_tcp_prep[0][21]=0).
[EFX-0266 WARNING] Module Instance 'out_sm' input pin tied to constant (idx_tcp_prep[0][20]=0).
[EFX-0266 WARNING] Module Instance 'out_sm' input pin tied to constant (idx_tcp_prep[0][19]=0).
[EFX-0266 WARNING] Module Instance 'out_sm' input pin tied to constant (idx_tcp_prep[0][18]=0).
[EFX-0266 WARNING] Module Instance 'out_sm' input pin tied to constant (idx_tcp_prep[0][17]=0).
[EFX-0266 WARNING] Module Instance 'out_sm' input pin tied to constant (idx_tcp_prep[0][16]=0).
[EFX-0266 WARNING] Module Instance 'out_sm' input pin tied to constant (idx_tcp_prep[0][15]=0).
[EFX-0266 WARNING] Module Instance 'out_sm' input pin tied to constant (idx_tcp_prep[0][14]=0).
[EFX-0266 WARNING] Module Instance 'out_sm' input pin tied to constant (idx_tcp_prep[0][13]=0).
[EFX-0266 WARNING] Module Instance 'out_sm' input pin tied to constant (idx_tcp_prep[0][12]=0).
[EFX-0266 WARNING] Module Instance 'out_sm' input pin tied to constant (idx_tcp_prep[0][11]=0).
[EFX-0266 WARNING] Module Instance 'out_sm' input pin tied to constant (idx_tcp_prep[0][10]=0).
[EFX-0266 WARNING] Module Instance 'out_sm' input pin tied to constant (idx_tcp_prep[0][9]=0).
[EFX-0266 WARNING] Module Instance 'out_sm' input pin tied to constant (idx_tcp_prep[0][8]=0).
[EFX-0266 WARNING] Module Instance 'out_sm' input pin tied to constant (idx_tcp_prep[0][7]=0).
[EFX-0266 WARNING] Module Instance 'out_sm' input pin tied to constant (idx_tcp_prep[0][6]=0).
[EFX-0266 WARNING] Module Instance 'out_sm' input pin tied to constant (idx_tcp_prep[0][5]=0).
[EFX-0266 WARNING] Module Instance 'out_sm' input pin tied to constant (idx_tcp_prep[0][4]=0).
[EFX-0266 WARNING] Module Instance 'out_sm' input pin tied to constant (idx_tcp_prep[0][3]=0).
[EFX-0266 WARNING] Module Instance 'out_sm' input pin tied to constant (idx_tcp_prep[0][2]=1).
[EFX-0266 WARNING] Module Instance 'out_sm' input pin tied to constant (idx_tcp_prep[0][1]=0).
[EFX-0266 WARNING] Module Instance 'out_sm' input pin tied to constant (idx_tcp_prep[0][0]=1).
[EFX-0266 WARNING] Module Instance 'out_sm' input pin tied to constant (idx_tcp_prep[1][31]=0).
[EFX-0266 WARNING] Module Instance 'out_sm' input pin tied to constant (idx_tcp_prep[1][30]=0).
[EFX-0266 WARNING] Module Instance 'out_sm' input pin tied to constant (idx_tcp_prep[1][29]=0).
[EFX-0266 WARNING] Module Instance 'out_sm' input pin tied to constant (idx_tcp_prep[1][28]=0).
[EFX-0266 WARNING] Module Instance 'out_sm' input pin tied to constant (idx_tcp_prep[1][27]=0).
[EFX-0266 WARNING] Module Instance 'out_sm' input pin tied to constant (idx_tcp_prep[1][26]=0).
[EFX-0266 WARNING] Module Instance 'out_sm' input pin tied to constant (idx_tcp_prep[1][25]=0).
[EFX-0266 WARNING] Module Instance 'out_sm' input pin tied to constant (idx_tcp_prep[1][24]=0).
[EFX-0266 WARNING] Module Instance 'out_sm' input pin tied to constant (idx_tcp_prep[1][23]=0).
[EFX-0266 WARNING] Module Instance 'out_sm' input pin tied to constant (idx_tcp_prep[1][22]=0).
[EFX-0266 WARNING] Module Instance 'out_sm' input pin tied to constant (idx_tcp_prep[1][21]=0).
[EFX-0266 WARNING] Module Instance 'out_sm' input pin tied to constant (idx_tcp_prep[1][20]=0).
[EFX-0266 WARNING] Module Instance 'out_sm' input pin tied to constant (idx_tcp_prep[1][19]=0).
[EFX-0266 WARNING] Module Instance 'out_sm' input pin tied to constant (idx_tcp_prep[1][18]=0).
[EFX-0266 WARNING] Module Instance 'out_sm' input pin tied to constant (idx_tcp_prep[1][17]=0).
[EFX-0266 WARNING] Module Instance 'out_sm' input pin tied to constant (idx_tcp_prep[1][16]=0).
[EFX-0266 WARNING] Module Instance 'out_sm' input pin tied to constant (idx_tcp_prep[1][15]=0).
[EFX-0266 WARNING] Module Instance 'out_sm' input pin tied to constant (idx_tcp_prep[1][14]=0).
[EFX-0266 WARNING] Module Instance 'out_sm' input pin tied to constant (idx_tcp_prep[1][13]=0).
[EFX-0266 WARNING] Module Instance 'out_sm' input pin tied to constant (idx_tcp_prep[1][12]=0).
[EFX-0266 WARNING] Module Instance 'out_sm' input pin tied to constant (idx_tcp_prep[1][11]=0).
[EFX-0266 WARNING] Module Instance 'out_sm' input pin tied to constant (idx_tcp_prep[1][10]=0).
[EFX-0266 WARNING] Module Instance 'out_sm' input pin tied to constant (idx_tcp_prep[1][9]=0).
[EFX-0266 WARNING] Module Instance 'out_sm' input pin tied to constant (idx_tcp_prep[1][8]=0).
[EFX-0266 WARNING] Module Instance 'out_sm' input pin tied to constant (idx_tcp_prep[1][7]=0).
[EFX-0266 WARNING] Module Instance 'out_sm' input pin tied to constant (idx_tcp_prep[1][6]=0).
[EFX-0266 WARNING] Module Instance 'out_sm' input pin tied to constant (idx_tcp_prep[1][5]=0).
[EFX-0266 WARNING] Module Instance 'out_sm' input pin tied to constant (idx_tcp_prep[1][4]=0).
[EFX-0266 WARNING] Module Instance 'out_sm' input pin tied to constant (idx_tcp_prep[1][3]=0).
[EFX-0266 WARNING] Module Instance 'out_sm' input pin tied to constant (idx_tcp_prep[1][2]=1).
[EFX-0266 WARNING] Module Instance 'out_sm' input pin tied to constant (idx_tcp_prep[1][1]=1).
[EFX-0266 WARNING] Module Instance 'out_sm' input pin tied to constant (idx_tcp_prep[1][0]=0).
[EFX-0266 WARNING] Module Instance 'out_sm' input pin tied to constant (idx_gen[31]=0).
[EFX-0266 WARNING] Module Instance 'out_sm' input pin tied to constant (idx_gen[30]=0).
[EFX-0266 WARNING] Module Instance 'out_sm' input pin tied to constant (idx_gen[29]=0).
[EFX-0266 WARNING] Module Instance 'out_sm' input pin tied to constant (idx_gen[28]=0).
[EFX-0266 WARNING] Module Instance 'out_sm' input pin tied to constant (idx_gen[27]=0).
[EFX-0266 WARNING] Module Instance 'out_sm' input pin tied to constant (idx_gen[26]=0).
[EFX-0266 WARNING] Module Instance 'out_sm' input pin tied to constant (idx_gen[25]=0).
[EFX-0266 WARNING] Module Instance 'out_sm' input pin tied to constant (idx_gen[24]=0).
[EFX-0266 WARNING] Module Instance 'out_sm' input pin tied to constant (idx_gen[23]=0).
[EFX-0266 WARNING] Module Instance 'out_sm' input pin tied to constant (idx_gen[22]=0).
[EFX-0266 WARNING] Module Instance 'out_sm' input pin tied to constant (idx_gen[21]=0).
[EFX-0266 WARNING] Module Instance 'out_sm' input pin tied to constant (idx_gen[20]=0).
[EFX-0266 WARNING] Module Instance 'out_sm' input pin tied to constant (idx_gen[19]=0).
[EFX-0266 WARNING] Module Instance 'out_sm' input pin tied to constant (idx_gen[18]=0).
[EFX-0266 WARNING] Module Instance 'out_sm' input pin tied to constant (idx_gen[17]=0).
[EFX-0266 WARNING] Module Instance 'out_sm' input pin tied to constant (idx_gen[16]=0).
[EFX-0266 WARNING] Module Instance 'out_sm' input pin tied to constant (idx_gen[15]=0).
[EFX-0266 WARNING] Module Instance 'out_sm' input pin tied to constant (idx_gen[14]=0).
[EFX-0266 WARNING] Module Instance 'out_sm' input pin tied to constant (idx_gen[13]=0).
[EFX-0266 WARNING] Module Instance 'out_sm' input pin tied to constant (idx_gen[12]=0).
[EFX-0266 WARNING] Module Instance 'out_sm' input pin tied to constant (idx_gen[11]=0).
[EFX-0266 WARNING] Module Instance 'out_sm' input pin tied to constant (idx_gen[10]=0).
[EFX-0266 WARNING] Module Instance 'out_sm' input pin tied to constant (idx_gen[9]=0).
[EFX-0266 WARNING] Module Instance 'out_sm' input pin tied to constant (idx_gen[8]=0).
[EFX-0266 WARNING] Module Instance 'out_sm' input pin tied to constant (idx_gen[7]=0).
[EFX-0266 WARNING] Module Instance 'out_sm' input pin tied to constant (idx_gen[6]=0).
[EFX-0266 WARNING] Module Instance 'out_sm' input pin tied to constant (idx_gen[5]=0).
[EFX-0266 WARNING] Module Instance 'out_sm' input pin tied to constant (idx_gen[4]=0).
[EFX-0266 WARNING] Module Instance 'out_sm' input pin tied to constant (idx_gen[3]=0).
[EFX-0266 WARNING] Module Instance 'out_sm' input pin tied to constant (idx_gen[2]=0).
[EFX-0266 WARNING] Module Instance 'out_sm' input pin tied to constant (idx_gen[1]=0).
[EFX-0266 WARNING] Module Instance 'out_sm' input pin tied to constant (idx_gen[0]=1).
[EFX-0266 WARNING] Module Instance 'mdio' input pin tied to constant (b_req_data[31]=0).
[EFX-0266 WARNING] Module Instance 'mdio' input pin tied to constant (b_req_data[30]=0).
[EFX-0266 WARNING] Module Instance 'mdio' input pin tied to constant (b_req_data[29]=0).
[EFX-0201 WARNING] Re-wiring to GND non-driven net 'ram_udp_regidp.prod2.set_again'. (E:\Efinity\project\fnetriong\fakernet_module.vhd:135)
[EFX-0201 WARNING] Re-wiring to GND non-driven net 'ram_tcp_template.prod2.set_again'. (E:\Efinity\project\fnetriong\fakernet_module.vhd:137)
[EFX-0201 WARNING] Re-wiring to GND non-driven net 'ram_tcp_prep2[0].prod2.set_again'. (E:\Efinity\project\fnetriong\fakernet_module.vhd:138)
[EFX-0201 WARNING] Re-wiring to GND non-driven net 'ram_tcp_prep2[1].prod2.set_again'. (E:\Efinity\project\fnetriong\fakernet_module.vhd:138)
[EFX-0201 WARNING] Re-wiring to GND non-driven net 't/fakernet/dp_ram_arp_icmp.port_a.o.rd'. (E:\Efinity\project\fnetriong\fakernet_module.vhd:145)
[EFX-0201 WARNING] Re-wiring to GND non-driven net 't/fakernet/dp_ram_pkt_gen.port_a.o.rd'. (E:\Efinity\project\fnetriong\fakernet_module.vhd:146)
[EFX-0201 WARNING] Re-wiring to GND non-driven net 't/fakernet/dp_ram_udp_regacc.port_a.o.rd'. (E:\Efinity\project\fnetriong\fakernet_module.vhd:147)
[EFX-0201 WARNING] Re-wiring to GND non-driven net 't/fakernet/dp_ram_udp_regacc.port_b.o.wr'. (E:\Efinity\project\fnetriong\fakernet_module.vhd:147)
[EFX-0201 WARNING] Re-wiring to GND non-driven net 't/fakernet/dp_ram_udp_regidp.port_a.o.rd'. (E:\Efinity\project\fnetriong\fakernet_module.vhd:148)
[EFX-0201 WARNING] Re-wiring to GND non-driven net 't/fakernet/dp_ram_tcp_template.port_a.o.rd'. (E:\Efinity\project\fnetriong\fakernet_module.vhd:151)

///////////////////////////////////
// Efinity Synthesis Started 
// Mar 13, 2023 17:58:19
///////////////////////////////////

[EFX-0011 VERI-WARNING] port 'probe7' remains unconnected for this instance (VERI-1927) (E:/Efinity/project/fnetriong/work_dbg/debug_top.v:128)
[EFX-0011 VERI-WARNING] expression size 256 truncated to fit in target size 64 (VERI-1209) (E:/Efinity/project/fnetriong/work_dbg/debug_top.v:3597)
[EFX-0011 VERI-WARNING] input port 'probe7[0]' remains unconnected for this instance (VDB-1053) (E:/Efinity/project/fnetriong/work_dbg/debug_top.v:101)
[EFX-0200 WARNING] Removing redundant signal : compared_in[0]. (E:/Efinity/project/fnetriong/work_dbg/debug_top.v:5467)
[EFX-0200 WARNING] Removing redundant signal : mask_in[0]. (E:/Efinity/project/fnetriong/work_dbg/debug_top.v:5468)
[EFX-0200 WARNING] Removing redundant signal : trigger_in. (E:/Efinity/project/fnetriong/work_dbg/debug_top.v:5678)
[EFX-0200 WARNING] Removing redundant signal : din[35]. (E:/Efinity/project/fnetriong/work_dbg/debug_top.v:4570)
[EFX-0200 WARNING] Removing redundant signal : trig_out. (E:/Efinity/project/fnetriong/work_dbg/debug_top.v:4849)
[EFX-0200 WARNING] Removing redundant signal : trig_out_ack. (E:/Efinity/project/fnetriong/work_dbg/debug_top.v:4850)
[EFX-0200 WARNING] Removing redundant signal : bscan_DRCK. (E:/Efinity/project/fnetriong/work_dbg/debug_top.v:1034)
[EFX-0200 WARNING] Removing redundant signal : bscan_RUNTEST. (E:/Efinity/project/fnetriong/work_dbg/debug_top.v:1036)
[EFX-0200 WARNING] Removing redundant signal : bscan_SEL. (E:/Efinity/project/fnetriong/work_dbg/debug_top.v:1037)
[EFX-0200 WARNING] Removing redundant signal : bscan_TMS. (E:/Efinity/project/fnetriong/work_dbg/debug_top.v:1041)
[EFX-0200 WARNING] Removing redundant signal : trig_in_ack. (E:/Efinity/project/fnetriong/work_dbg/debug_top.v:1052)
[EFX-0200 WARNING] Removing redundant signal : mux_capture_cmp[6]. (E:/Efinity/project/fnetriong/work_dbg/debug_top.v:3458)
[EFX-0200 WARNING] Removing redundant signal : mux_capture_cmp[5]. (E:/Efinity/project/fnetriong/work_dbg/debug_top.v:3458)
[EFX-0200 WARNING] Removing redundant signal : mux_capture_cmp[4]. (E:/Efinity/project/fnetriong/work_dbg/debug_top.v:3458)
[EFX-0200 WARNING] Removing redundant signal : mux_capture_cmp[3]. (E:/Efinity/project/fnetriong/work_dbg/debug_top.v:3458)
[EFX-0200 WARNING] Removing redundant signal : mux_capture_cmp[2]. (E:/Efinity/project/fnetriong/work_dbg/debug_top.v:3458)
[EFX-0200 WARNING] Removing redundant signal : mux_capture_cmp[1]. (E:/Efinity/project/fnetriong/work_dbg/debug_top.v:3458)
[EFX-0200 WARNING] Removing redundant signal : mux_capture_cmp[0]. (E:/Efinity/project/fnetriong/work_dbg/debug_top.v:3458)
[EFX-0200 WARNING] Removing redundant signal : bscan_CAPTURE. (E:/Efinity/project/fnetriong/work_dbg/debug_top.v:285)
[EFX-0200 WARNING] Removing redundant signal : bscan_DRCK. (E:/Efinity/project/fnetriong/work_dbg/debug_top.v:286)
[EFX-0266 WARNING] Module Instance 'la0' input pin tied to constant (trig_in=0).
[EFX-0266 WARNING] Module Instance 'la0' input pin tied to constant (trig_out_ack=0).
[EFX-0201 WARNING] Re-wiring to GND non-driven net 'la0.probe7[0]'. (E:/Efinity/project/fnetriong/work_dbg/debug_top.v:101)
[EFX-0201 WARNING] Re-wiring to GND non-driven net 'la0.probe8[0]'. (E:/Efinity/project/fnetriong/work_dbg/debug_top.v:101)
[EFX-0201 WARNING] Re-wiring to GND non-driven net 'la0.probe9[0]'. (E:/Efinity/project/fnetriong/work_dbg/debug_top.v:101)
[EFX-0201 WARNING] Re-wiring to GND non-driven net 'la0.probe10[0]'. (E:/Efinity/project/fnetriong/work_dbg/debug_top.v:101)
[EFX-0201 WARNING] Re-wiring to GND non-driven net 'la0.probe11[0]'. (E:/Efinity/project/fnetriong/work_dbg/debug_top.v:101)
[EFX-0201 WARNING] Re-wiring to GND non-driven net 'la0.probe12[0]'. (E:/Efinity/project/fnetriong/work_dbg/debug_top.v:101)
[EFX-0201 WARNING] Re-wiring to GND non-driven net 'la0.probe13[0]'. (E:/Efinity/project/fnetriong/work_dbg/debug_top.v:101)
[EFX-0201 WARNING] Re-wiring to GND non-driven net 'la0.probe14[0]'. (E:/Efinity/project/fnetriong/work_dbg/debug_top.v:101)
[EFX-0201 WARNING] Re-wiring to GND non-driven net 'la0.probe15[0]'. (E:/Efinity/project/fnetriong/work_dbg/debug_top.v:101)
[EFX-0201 WARNING] Re-wiring to GND non-driven net 'la0.probe16[0]'. (E:/Efinity/project/fnetriong/work_dbg/debug_top.v:101)
[EFX-0011 VERI-WARNING] Input/Inout Port bscan_DRCK is unconnected and will be removed 
[EFX-0011 VERI-WARNING] Input/Inout Port bscan_RUNTEST is unconnected and will be removed 
[EFX-0011 VERI-WARNING] Input/Inout Port bscan_TMS is unconnected and will be removed 

///////////////////////////////////
// Efinity Synthesis Started 
// Mar 13, 2023 17:58:39
///////////////////////////////////

[EFX-0266 WARNING] Module Instance 'fifo' input pin tied to constant (out_want_b=1).
[EFX-0200 WARNING] Removing redundant signal : start_found. (E:\Efinity\project\fnetriong\efnet_octet_to_word.vhd:60)
[EFX-0200 WARNING] Removing redundant signal : packet_start. (E:\Efinity\project\fnetriong\efnet_octet_to_word.vhd:62)
[EFX-0200 WARNING] Removing redundant signal : packet_end. (E:\Efinity\project\fnetriong\efnet_octet_to_word.vhd:63)
[EFX-0200 WARNING] Removing redundant signal : word[15]. (E:\Efinity\project\fnetriong\efnet_octet_to_word.vhd:65)
[EFX-0200 WARNING] Removing redundant signal : word[14]. (E:\Efinity\project\fnetriong\efnet_octet_to_word.vhd:65)
[EFX-0200 WARNING] Removing redundant signal : word[13]. (E:\Efinity\project\fnetriong\efnet_octet_to_word.vhd:65)
[EFX-0200 WARNING] Removing redundant signal : word[12]. (E:\Efinity\project\fnetriong\efnet_octet_to_word.vhd:65)
[EFX-0200 WARNING] Removing redundant signal : word[11]. (E:\Efinity\project\fnetriong\efnet_octet_to_word.vhd:65)
[EFX-0200 WARNING] Removing redundant signal : word[10]. (E:\Efinity\project\fnetriong\efnet_octet_to_word.vhd:65)
[EFX-0200 WARNING] Removing redundant signal : word[9]. (E:\Efinity\project\fnetriong\efnet_octet_to_word.vhd:65)
[EFX-0200 WARNING] Removing redundant signal : word[8]. (E:\Efinity\project\fnetriong\efnet_octet_to_word.vhd:65)
[EFX-0200 WARNING] Removing redundant signal : word[7]. (E:\Efinity\project\fnetriong\efnet_octet_to_word.vhd:65)
[EFX-0200 WARNING] Removing redundant signal : word[6]. (E:\Efinity\project\fnetriong\efnet_octet_to_word.vhd:65)
[EFX-0200 WARNING] Removing redundant signal : word[5]. (E:\Efinity\project\fnetriong\efnet_octet_to_word.vhd:65)
[EFX-0200 WARNING] Removing redundant signal : word[4]. (E:\Efinity\project\fnetriong\efnet_octet_to_word.vhd:65)
[EFX-0200 WARNING] Removing redundant signal : word[3]. (E:\Efinity\project\fnetriong\efnet_octet_to_word.vhd:65)
[EFX-0200 WARNING] Removing redundant signal : word[2]. (E:\Efinity\project\fnetriong\efnet_octet_to_word.vhd:65)
[EFX-0200 WARNING] Removing redundant signal : word[1]. (E:\Efinity\project\fnetriong\efnet_octet_to_word.vhd:65)
[EFX-0200 WARNING] Removing redundant signal : word[0]. (E:\Efinity\project\fnetriong\efnet_octet_to_word.vhd:65)
[EFX-0200 WARNING] Removing redundant signal : octet_counter[0]. (E:\Efinity\project\fnetriong\efnet_octet_to_word.vhd:66)
[EFX-0266 WARNING] Module Instance 'out_sm' input pin tied to constant (idx_tcp_prep[0][31]=0).
[EFX-0266 WARNING] Module Instance 'out_sm' input pin tied to constant (idx_tcp_prep[0][30]=0).
[EFX-0266 WARNING] Module Instance 'out_sm' input pin tied to constant (idx_tcp_prep[0][29]=0).
[EFX-0266 WARNING] Module Instance 'out_sm' input pin tied to constant (idx_tcp_prep[0][28]=0).
[EFX-0266 WARNING] Module Instance 'out_sm' input pin tied to constant (idx_tcp_prep[0][27]=0).
[EFX-0266 WARNING] Module Instance 'out_sm' input pin tied to constant (idx_tcp_prep[0][26]=0).
[EFX-0266 WARNING] Module Instance 'out_sm' input pin tied to constant (idx_tcp_prep[0][25]=0).
[EFX-0266 WARNING] Module Instance 'out_sm' input pin tied to constant (idx_tcp_prep[0][24]=0).
[EFX-0266 WARNING] Module Instance 'out_sm' input pin tied to constant (idx_tcp_prep[0][23]=0).
[EFX-0266 WARNING] Module Instance 'out_sm' input pin tied to constant (idx_tcp_prep[0][22]=0).
[EFX-0266 WARNING] Module Instance 'out_sm' input pin tied to constant (idx_tcp_prep[0][21]=0).
[EFX-0266 WARNING] Module Instance 'out_sm' input pin tied to constant (idx_tcp_prep[0][20]=0).
[EFX-0266 WARNING] Module Instance 'out_sm' input pin tied to constant (idx_tcp_prep[0][19]=0).
[EFX-0266 WARNING] Module Instance 'out_sm' input pin tied to constant (idx_tcp_prep[0][18]=0).
[EFX-0266 WARNING] Module Instance 'out_sm' input pin tied to constant (idx_tcp_prep[0][17]=0).
[EFX-0266 WARNING] Module Instance 'out_sm' input pin tied to constant (idx_tcp_prep[0][16]=0).
[EFX-0266 WARNING] Module Instance 'out_sm' input pin tied to constant (idx_tcp_prep[0][15]=0).
[EFX-0266 WARNING] Module Instance 'out_sm' input pin tied to constant (idx_tcp_prep[0][14]=0).
[EFX-0266 WARNING] Module Instance 'out_sm' input pin tied to constant (idx_tcp_prep[0][13]=0).
[EFX-0266 WARNING] Module Instance 'out_sm' input pin tied to constant (idx_tcp_prep[0][12]=0).
[EFX-0266 WARNING] Module Instance 'out_sm' input pin tied to constant (idx_tcp_prep[0][11]=0).
[EFX-0266 WARNING] Module Instance 'out_sm' input pin tied to constant (idx_tcp_prep[0][10]=0).
[EFX-0266 WARNING] Module Instance 'out_sm' input pin tied to constant (idx_tcp_prep[0][9]=0).
[EFX-0266 WARNING] Module Instance 'out_sm' input pin tied to constant (idx_tcp_prep[0][8]=0).
[EFX-0266 WARNING] Module Instance 'out_sm' input pin tied to constant (idx_tcp_prep[0][7]=0).
[EFX-0266 WARNING] Module Instance 'out_sm' input pin tied to constant (idx_tcp_prep[0][6]=0).
[EFX-0266 WARNING] Module Instance 'out_sm' input pin tied to constant (idx_tcp_prep[0][5]=0).
[EFX-0266 WARNING] Module Instance 'out_sm' input pin tied to constant (idx_tcp_prep[0][4]=0).
[EFX-0266 WARNING] Module Instance 'out_sm' input pin tied to constant (idx_tcp_prep[0][3]=0).
[EFX-0266 WARNING] Module Instance 'out_sm' input pin tied to constant (idx_tcp_prep[0][2]=1).
[EFX-0266 WARNING] Module Instance 'out_sm' input pin tied to constant (idx_tcp_prep[0][1]=0).
[EFX-0266 WARNING] Module Instance 'out_sm' input pin tied to constant (idx_tcp_prep[0][0]=1).
[EFX-0266 WARNING] Module Instance 'out_sm' input pin tied to constant (idx_tcp_prep[1][31]=0).
[EFX-0266 WARNING] Module Instance 'out_sm' input pin tied to constant (idx_tcp_prep[1][30]=0).
[EFX-0266 WARNING] Module Instance 'out_sm' input pin tied to constant (idx_tcp_prep[1][29]=0).
[EFX-0266 WARNING] Module Instance 'out_sm' input pin tied to constant (idx_tcp_prep[1][28]=0).
[EFX-0266 WARNING] Module Instance 'out_sm' input pin tied to constant (idx_tcp_prep[1][27]=0).
[EFX-0266 WARNING] Module Instance 'out_sm' input pin tied to constant (idx_tcp_prep[1][26]=0).
[EFX-0266 WARNING] Module Instance 'out_sm' input pin tied to constant (idx_tcp_prep[1][25]=0).
[EFX-0266 WARNING] Module Instance 'out_sm' input pin tied to constant (idx_tcp_prep[1][24]=0).
[EFX-0266 WARNING] Module Instance 'out_sm' input pin tied to constant (idx_tcp_prep[1][23]=0).
[EFX-0266 WARNING] Module Instance 'out_sm' input pin tied to constant (idx_tcp_prep[1][22]=0).
[EFX-0266 WARNING] Module Instance 'out_sm' input pin tied to constant (idx_tcp_prep[1][21]=0).
[EFX-0266 WARNING] Module Instance 'out_sm' input pin tied to constant (idx_tcp_prep[1][20]=0).
[EFX-0266 WARNING] Module Instance 'out_sm' input pin tied to constant (idx_tcp_prep[1][19]=0).
[EFX-0266 WARNING] Module Instance 'out_sm' input pin tied to constant (idx_tcp_prep[1][18]=0).
[EFX-0266 WARNING] Module Instance 'out_sm' input pin tied to constant (idx_tcp_prep[1][17]=0).
[EFX-0266 WARNING] Module Instance 'out_sm' input pin tied to constant (idx_tcp_prep[1][16]=0).
[EFX-0266 WARNING] Module Instance 'out_sm' input pin tied to constant (idx_tcp_prep[1][15]=0).
[EFX-0266 WARNING] Module Instance 'out_sm' input pin tied to constant (idx_tcp_prep[1][14]=0).
[EFX-0266 WARNING] Module Instance 'out_sm' input pin tied to constant (idx_tcp_prep[1][13]=0).
[EFX-0266 WARNING] Module Instance 'out_sm' input pin tied to constant (idx_tcp_prep[1][12]=0).
[EFX-0266 WARNING] Module Instance 'out_sm' input pin tied to constant (idx_tcp_prep[1][11]=0).
[EFX-0266 WARNING] Module Instance 'out_sm' input pin tied to constant (idx_tcp_prep[1][10]=0).
[EFX-0266 WARNING] Module Instance 'out_sm' input pin tied to constant (idx_tcp_prep[1][9]=0).
[EFX-0266 WARNING] Module Instance 'out_sm' input pin tied to constant (idx_tcp_prep[1][8]=0).
[EFX-0266 WARNING] Module Instance 'out_sm' input pin tied to constant (idx_tcp_prep[1][7]=0).
[EFX-0266 WARNING] Module Instance 'out_sm' input pin tied to constant (idx_tcp_prep[1][6]=0).
[EFX-0266 WARNING] Module Instance 'out_sm' input pin tied to constant (idx_tcp_prep[1][5]=0).
[EFX-0266 WARNING] Module Instance 'out_sm' input pin tied to constant (idx_tcp_prep[1][4]=0).
[EFX-0266 WARNING] Module Instance 'out_sm' input pin tied to constant (idx_tcp_prep[1][3]=0).
[EFX-0266 WARNING] Module Instance 'out_sm' input pin tied to constant (idx_tcp_prep[1][2]=1).
[EFX-0266 WARNING] Module Instance 'out_sm' input pin tied to constant (idx_tcp_prep[1][1]=1).
[EFX-0266 WARNING] Module Instance 'out_sm' input pin tied to constant (idx_tcp_prep[1][0]=0).
[EFX-0266 WARNING] Module Instance 'out_sm' input pin tied to constant (idx_gen[31]=0).
[EFX-0266 WARNING] Module Instance 'out_sm' input pin tied to constant (idx_gen[30]=0).
[EFX-0266 WARNING] Module Instance 'out_sm' input pin tied to constant (idx_gen[29]=0).
[EFX-0266 WARNING] Module Instance 'out_sm' input pin tied to constant (idx_gen[28]=0).
[EFX-0266 WARNING] Module Instance 'out_sm' input pin tied to constant (idx_gen[27]=0).
[EFX-0266 WARNING] Module Instance 'out_sm' input pin tied to constant (idx_gen[26]=0).
[EFX-0266 WARNING] Module Instance 'out_sm' input pin tied to constant (idx_gen[25]=0).
[EFX-0266 WARNING] Module Instance 'out_sm' input pin tied to constant (idx_gen[24]=0).
[EFX-0266 WARNING] Module Instance 'out_sm' input pin tied to constant (idx_gen[23]=0).
[EFX-0266 WARNING] Module Instance 'out_sm' input pin tied to constant (idx_gen[22]=0).
[EFX-0266 WARNING] Module Instance 'out_sm' input pin tied to constant (idx_gen[21]=0).
[EFX-0266 WARNING] Module Instance 'out_sm' input pin tied to constant (idx_gen[20]=0).
[EFX-0266 WARNING] Module Instance 'out_sm' input pin tied to constant (idx_gen[19]=0).
[EFX-0266 WARNING] Module Instance 'out_sm' input pin tied to constant (idx_gen[18]=0).
[EFX-0266 WARNING] Module Instance 'out_sm' input pin tied to constant (idx_gen[17]=0).
[EFX-0266 WARNING] Module Instance 'out_sm' input pin tied to constant (idx_gen[16]=0).
[EFX-0266 WARNING] Module Instance 'out_sm' input pin tied to constant (idx_gen[15]=0).
[EFX-0266 WARNING] Module Instance 'out_sm' input pin tied to constant (idx_gen[14]=0).
[EFX-0266 WARNING] Module Instance 'out_sm' input pin tied to constant (idx_gen[13]=0).
[EFX-0266 WARNING] Module Instance 'out_sm' input pin tied to constant (idx_gen[12]=0).
[EFX-0266 WARNING] Module Instance 'out_sm' input pin tied to constant (idx_gen[11]=0).
[EFX-0266 WARNING] Module Instance 'out_sm' input pin tied to constant (idx_gen[10]=0).
[EFX-0266 WARNING] Module Instance 'out_sm' input pin tied to constant (idx_gen[9]=0).
[EFX-0266 WARNING] Module Instance 'out_sm' input pin tied to constant (idx_gen[8]=0).
[EFX-0266 WARNING] Module Instance 'out_sm' input pin tied to constant (idx_gen[7]=0).
[EFX-0266 WARNING] Module Instance 'out_sm' input pin tied to constant (idx_gen[6]=0).
[EFX-0266 WARNING] Module Instance 'out_sm' input pin tied to constant (idx_gen[5]=0).
[EFX-0266 WARNING] Module Instance 'out_sm' input pin tied to constant (idx_gen[4]=0).
[EFX-0266 WARNING] Module Instance 'out_sm' input pin tied to constant (idx_gen[3]=0).
[EFX-0266 WARNING] Module Instance 'out_sm' input pin tied to constant (idx_gen[2]=0).
[EFX-0266 WARNING] Module Instance 'out_sm' input pin tied to constant (idx_gen[1]=0).
[EFX-0266 WARNING] Module Instance 'out_sm' input pin tied to constant (idx_gen[0]=1).
[EFX-0266 WARNING] Module Instance 'mdio' input pin tied to constant (b_req_data[31]=0).
[EFX-0266 WARNING] Module Instance 'mdio' input pin tied to constant (b_req_data[30]=0).
[EFX-0266 WARNING] Module Instance 'mdio' input pin tied to constant (b_req_data[29]=0).
[EFX-0201 WARNING] Re-wiring to GND non-driven net 'ram_udp_regidp.prod2.set_again'. (E:\Efinity\project\fnetriong\fakernet_module.vhd:135)
[EFX-0201 WARNING] Re-wiring to GND non-driven net 'ram_tcp_template.prod2.set_again'. (E:\Efinity\project\fnetriong\fakernet_module.vhd:137)
[EFX-0201 WARNING] Re-wiring to GND non-driven net 'ram_tcp_prep2[0].prod2.set_again'. (E:\Efinity\project\fnetriong\fakernet_module.vhd:138)
[EFX-0201 WARNING] Re-wiring to GND non-driven net 'ram_tcp_prep2[1].prod2.set_again'. (E:\Efinity\project\fnetriong\fakernet_module.vhd:138)
[EFX-0201 WARNING] Re-wiring to GND non-driven net 't/fakernet/dp_ram_arp_icmp.port_a.o.rd'. (E:\Efinity\project\fnetriong\fakernet_module.vhd:145)
[EFX-0201 WARNING] Re-wiring to GND non-driven net 't/fakernet/dp_ram_pkt_gen.port_a.o.rd'. (E:\Efinity\project\fnetriong\fakernet_module.vhd:146)
[EFX-0201 WARNING] Re-wiring to GND non-driven net 't/fakernet/dp_ram_udp_regacc.port_a.o.rd'. (E:\Efinity\project\fnetriong\fakernet_module.vhd:147)
[EFX-0201 WARNING] Re-wiring to GND non-driven net 't/fakernet/dp_ram_udp_regacc.port_b.o.wr'. (E:\Efinity\project\fnetriong\fakernet_module.vhd:147)
[EFX-0201 WARNING] Re-wiring to GND non-driven net 't/fakernet/dp_ram_udp_regidp.port_a.o.rd'. (E:\Efinity\project\fnetriong\fakernet_module.vhd:148)
[EFX-0201 WARNING] Re-wiring to GND non-driven net 't/fakernet/dp_ram_tcp_template.port_a.o.rd'. (E:\Efinity\project\fnetriong\fakernet_module.vhd:151)
