Synthesis report for project fnetriong
Generated at: Mar 14, 2023 10:47:43
Copyright (C) 2013 - 2022 Efinix Inc. All rights reserved.

### ### ### ### ### ### ### ### ### ### ### ### ### ### ###
Top-level Entity Name : fnetriong
Top-level Architecture : RTL

### ### File List (begin) ### ### ###
E:\Efinity\project\fnetriong\fnetriong.vhd
E:\Efinity\project\fnetriong\fakernet_module.vhd
E:\Efinity\project\fnetriong\fnet_local_reg.vhd
E:\Efinity\project\fnetriong\efnet_data_array_inject.vhd
E:\Efinity\project\fnetriong\efb_uart_tx.vhd
E:\Efinity\project\fnetriong\fnet_regaccess.vhd
E:\Efinity\project\fnetriong\fnet_regacc_aux_stat.vhd
E:\Efinity\project\fnetriong\fnet_in_state.vhd
E:\Efinity\project\fnetriong\fnet_async_fifo.vhd
E:\Efinity\project\fnetriong\fnet_tcp_control.vhd
E:\Efinity\project\fnetriong\efb_nmea_parse.vhd
E:\Efinity\project\fnetriong\efb_uart_rx.vhd
E:\Efinity\project\fnetriong\fnet_ram_block_stat.vhd
E:\Efinity\project\fnetriong\fnet_out_state.vhd
E:\Efinity\project\fnetriong\efb_count_low_bits.vhd
E:\Efinity\project\fnetriong\efb_track_pps_ts.vhd
E:\Efinity\project\fnetriong\fnet_out_pipeline.vhd
E:\Efinity\project\fnetriong\efnet_word_to_octet.vhd
E:\Efinity\project\fnetriong\fnet_test_datagen.vhd
E:\Efinity\project\fnetriong\fnet_tcp_buffer.vhd
E:\Efinity\project\fnetriong\fnet_ram_block_data.vhd
E:\Efinity\project\fnetriong\fnet_mdio.vhd
E:\Efinity\project\fnetriong\efb_uart_trace_mem.vhd
E:\Efinity\project\fnetriong\fnet_ram_block_a11d16.vhd
E:\Efinity\project\fnetriong\fnet_dyn_control.vhd
E:\Efinity\project\fnetriong\fnet_packet_gen.vhd
E:\Efinity\project\fnetriong\fnet_tcp_prepare.vhd
E:\Efinity\project\fnetriong\fnet_ntp_query_control.vhd
E:\Efinity\project\fnetriong\fnet_crc32.vhd
E:\Efinity\project\fnetriong\efb_common_top.vhd
E:\Efinity\project\fnetriong\fnet_tcp_state.vhd
E:\Efinity\project\fnetriong\efnet_octet_to_word.vhd
E:\Efinity\project\fnetriong\fnet_util_pkg.vhd,l:fnet_util_pkg
E:\Efinity\project\fnetriong\fnet_records.vhd,l:fnet_records
### ### File List (end) ### ### ###


### ### EFX_FF CE enables (begin) ### ### ###
Total number of enable signals: 212
Total number of FFs with enable signals: 2005
CE signal <phymon[1]>, number of controlling flip flops: 17
CE signal <rx/n217>, number of controlling flip flops: 1
CE signal <ceg_net25>, number of controlling flip flops: 1
CE signal <t/n1958>, number of controlling flip flops: 32
CE signal <t/n1994>, number of controlling flip flops: 32
CE signal <t/n2052>, number of controlling flip flops: 32
CE signal <in_new_packet>, number of controlling flip flops: 2
CE signal <t/phy_reset_counter[22]>, number of controlling flip flops: 23
CE signal <t/mon_data_write/n40>, number of controlling flip flops: 3
CE signal <t/fakernet/in_sm/got_word_prev>, number of controlling flip flops: 189
CE signal <ceg_net1913>, number of controlling flip flops: 2
CE signal <t/fakernet/in_sm/n10619>, number of controlling flip flops: 8
CE signal <ceg_net3206>, number of controlling flip flops: 1
CE signal <ceg_net2774>, number of controlling flip flops: 1
CE signal <ceg_net1938>, number of controlling flip flops: 3
CE signal <ceg_net2779>, number of controlling flip flops: 1
CE signal <ceg_net1960>, number of controlling flip flops: 1
CE signal <ceg_net1964>, number of controlling flip flops: 1
CE signal <t/fakernet/in_sm/n20543>, number of controlling flip flops: 2
CE signal <ceg_net3210>, number of controlling flip flops: 1
CE signal <ceg_net1976>, number of controlling flip flops: 1
CE signal <ceg_net2108>, number of controlling flip flops: 16
CE signal <ceg_net2168>, number of controlling flip flops: 16
CE signal <ceg_net2228>, number of controlling flip flops: 16
CE signal <ceg_net2890>, number of controlling flip flops: 16
CE signal <ceg_net2965>, number of controlling flip flops: 16
CE signal <t/fakernet/in_sm/n10620>, number of controlling flip flops: 48
CE signal <ceg_net617>, number of controlling flip flops: 8
CE signal <ceg_net2003>, number of controlling flip flops: 1
CE signal <ceg_net2007>, number of controlling flip flops: 1
CE signal <t/fakernet/in_sm/n10624>, number of controlling flip flops: 8
CE signal <ceg_net148>, number of controlling flip flops: 1
CE signal <ceg_net153>, number of controlling flip flops: 1
CE signal <ceg_net158>, number of controlling flip flops: 1
CE signal <t/fakernet/in_sm/n10629>, number of controlling flip flops: 48
CE signal <ceg_net657>, number of controlling flip flops: 8
CE signal <t/fakernet/in_sm/n10633>, number of controlling flip flops: 8
CE signal <ceg_net170>, number of controlling flip flops: 1
CE signal <ceg_net175>, number of controlling flip flops: 1
CE signal <ceg_net180>, number of controlling flip flops: 1
CE signal <t/fakernet/in_sm/n10638>, number of controlling flip flops: 48
CE signal <ceg_net2806>, number of controlling flip flops: 1
CE signal <ceg_net2810>, number of controlling flip flops: 1
CE signal <ceg_net2814>, number of controlling flip flops: 1
CE signal <ceg_net2818>, number of controlling flip flops: 1
CE signal <ceg_net2822>, number of controlling flip flops: 1
CE signal <ceg_net2826>, number of controlling flip flops: 1
CE signal <ceg_net2830>, number of controlling flip flops: 1
CE signal <t/fakernet/in_sm/n10641>, number of controlling flip flops: 16
CE signal <t/fakernet/in_sm/n10642>, number of controlling flip flops: 3
CE signal <ceg_net227>, number of controlling flip flops: 16
CE signal <t/fakernet/in_sm/n10648>, number of controlling flip flops: 17
CE signal <t/fakernet/in_sm/got_word_prev1>, number of controlling flip flops: 32
CE signal <t/fakernet/in_sm/n19732>, number of controlling flip flops: 16
CE signal <t/fakernet/in_sm/n10644>, number of controlling flip flops: 15
CE signal <t/fakernet/drive_lfsr>, number of controlling flip flops: 31
CE signal <t/fakernet/dyn_ctrl/n438>, number of controlling flip flops: 32
CE signal <t/fakernet/dyn_ctrl/n173>, number of controlling flip flops: 32
CE signal <t/fakernet/dyn_ctrl_in_stat.good_rarp>, number of controlling flip flops: 1
CE signal <t/fakernet/dyn_ctrl_in_stat.good_bootp>, number of controlling flip flops: 1
CE signal <t/fakernet/dyn_ctrl/n1145>, number of controlling flip flops: 2
CE signal <ceg_net734>, number of controlling flip flops: 5
CE signal <t/fakernet/dyn_ctrl/n1122>, number of controlling flip flops: 1
CE signal <ceg_net825>, number of controlling flip flops: 8
CE signal <t/fakernet/pkt_gen/n1955>, number of controlling flip flops: 1
CE signal <ceg_net876>, number of controlling flip flops: 9
CE signal <t/fakernet/pkt_gen/n1436>, number of controlling flip flops: 1
CE signal <t/fakernet/pkt_gen/cmd_p1[5]>, number of controlling flip flops: 10
CE signal <t/fakernet/pkt_gen/cmd_p2[6]>, number of controlling flip flops: 17
CE signal <t/fakernet/pkt_gen/cmd_p2[4]>, number of controlling flip flops: 10
CE signal <t/fakernet/out_r_taken>, number of controlling flip flops: 108
CE signal <ceg_net2405>, number of controlling flip flops: 3
CE signal <ceg_net885>, number of controlling flip flops: 1
CE signal <t/slow_counter[0]>, number of controlling flip flops: 17
CE signal <t/fakernet/regacc/n2890>, number of controlling flip flops: 12
CE signal <t/fakernet/regacc/n2830>, number of controlling flip flops: 2
CE signal <t/fakernet/regacc/a.latch_data[2]>, number of controlling flip flops: 16
CE signal <t/fakernet/regacc/a.latch_done>, number of controlling flip flops: 33
CE signal <~t/fakernet/regacc/n2649>, number of controlling flip flops: 16
CE signal <ceg_net1024>, number of controlling flip flops: 10
CE signal <t/fakernet/regacc/a.off_store>, number of controlling flip flops: 10
CE signal <t/fakernet/lclreg/n4281>, number of controlling flip flops: 32
CE signal <t/fakernet/lclreg/n4282>, number of controlling flip flops: 32
CE signal <t/fakernet/lclreg/n4283>, number of controlling flip flops: 32
CE signal <t/fakernet/lclreg/n4284>, number of controlling flip flops: 32
CE signal <t/fakernet/lclreg/n4285>, number of controlling flip flops: 32
CE signal <t/fakernet/lclreg/n4286>, number of controlling flip flops: 32
CE signal <t/fakernet/lclreg/n4287>, number of controlling flip flops: 32
CE signal <ceg_net1033>, number of controlling flip flops: 16
CE signal <t/fakernet/lclreg/n4299>, number of controlling flip flops: 33
CE signal <t/fakernet/mdio_a_response>, number of controlling flip flops: 16
CE signal <t/fakernet/lclreg/equal_381/n3>, number of controlling flip flops: 7
CE signal <t/fakernet/lclreg/n4280>, number of controlling flip flops: 32
CE signal <ceg_net1177>, number of controlling flip flops: 16
CE signal <ceg_net1315>, number of controlling flip flops: 2
CE signal <t/fakernet/lclreg/n7737>, number of controlling flip flops: 1
CE signal <t/fakernet/lclreg/n7738>, number of controlling flip flops: 1
CE signal <t/fakernet/lclreg/n7739>, number of controlling flip flops: 1
CE signal <t/fakernet/lclreg/n7740>, number of controlling flip flops: 1
CE signal <t/fakernet/lclreg/n7741>, number of controlling flip flops: 1
CE signal <t/fakernet/lclreg/n7742>, number of controlling flip flops: 1
CE signal <t/fakernet/lclreg/n7743>, number of controlling flip flops: 1
CE signal <t/fakernet/lclreg/n7744>, number of controlling flip flops: 1
CE signal <t/fakernet/lclreg/n7745>, number of controlling flip flops: 1
CE signal <t/fakernet/lclreg/n7746>, number of controlling flip flops: 1
CE signal <t/fakernet/lclreg/n7747>, number of controlling flip flops: 1
CE signal <t/fakernet/lclreg/n7748>, number of controlling flip flops: 1
CE signal <t/fakernet/lclreg/n7749>, number of controlling flip flops: 1
CE signal <t/fakernet/lclreg/n7750>, number of controlling flip flops: 1
CE signal <t/fakernet/lclreg/n7751>, number of controlling flip flops: 1
CE signal <t/fakernet/lclreg/n7752>, number of controlling flip flops: 1
CE signal <t/fakernet/lclreg/n7753>, number of controlling flip flops: 1
CE signal <t/fakernet/lclreg/n7754>, number of controlling flip flops: 1
CE signal <t/fakernet/lclreg/n7755>, number of controlling flip flops: 1
CE signal <t/fakernet/lclreg/n7756>, number of controlling flip flops: 1
CE signal <t/fakernet/lclreg/n7757>, number of controlling flip flops: 1
CE signal <t/fakernet/lclreg/n7758>, number of controlling flip flops: 1
CE signal <t/fakernet/lclreg/n7759>, number of controlling flip flops: 1
CE signal <t/fakernet/lclreg/n7760>, number of controlling flip flops: 1
CE signal <t/fakernet/lclreg/n7761>, number of controlling flip flops: 1
CE signal <t/fakernet/lclreg/n7762>, number of controlling flip flops: 1
CE signal <t/fakernet/lclreg/n7763>, number of controlling flip flops: 1
CE signal <t/fakernet/lclreg/n7769>, number of controlling flip flops: 1
CE signal <t/fakernet/lclreg/n7770>, number of controlling flip flops: 1
CE signal <t/fakernet/lclreg/n7771>, number of controlling flip flops: 1
CE signal <t/fakernet/lclreg/n7779>, number of controlling flip flops: 1
CE signal <t/fakernet/lclreg/n7780>, number of controlling flip flops: 1
CE signal <t/fakernet/lclreg/n7783>, number of controlling flip flops: 1
CE signal <t/fakernet/lclreg/n7784>, number of controlling flip flops: 1
CE signal <t/fakernet/lclreg/n7785>, number of controlling flip flops: 1
CE signal <t/fakernet/lclreg/n7786>, number of controlling flip flops: 1
CE signal <t/fakernet/lclreg/n7787>, number of controlling flip flops: 1
CE signal <t/fakernet/lclreg/n7788>, number of controlling flip flops: 1
CE signal <t/fakernet/lclreg/n7789>, number of controlling flip flops: 1
CE signal <t/fakernet/lclreg/n7790>, number of controlling flip flops: 1
CE signal <t/fakernet/lclreg/n7791>, number of controlling flip flops: 1
CE signal <t/fakernet/lclreg/n7792>, number of controlling flip flops: 1
CE signal <t/fakernet/lclreg/n7793>, number of controlling flip flops: 1
CE signal <t/fakernet/lclreg/n7794>, number of controlling flip flops: 1
CE signal <t/fakernet/lclreg/n7795>, number of controlling flip flops: 1
CE signal <t/fakernet/lclreg/n7796>, number of controlling flip flops: 1
CE signal <t/fakernet/lclreg/n7797>, number of controlling flip flops: 1
CE signal <t/fakernet/lclreg/n7798>, number of controlling flip flops: 1
CE signal <t/fakernet/lclreg/n7799>, number of controlling flip flops: 1
CE signal <t/fakernet/lclreg/n7800>, number of controlling flip flops: 1
CE signal <t/fakernet/lclreg/n7801>, number of controlling flip flops: 1
CE signal <t/fakernet/lclreg/n7802>, number of controlling flip flops: 1
CE signal <t/fakernet/lclreg/n7803>, number of controlling flip flops: 1
CE signal <t/fakernet/lclreg/n7804>, number of controlling flip flops: 1
CE signal <t/fakernet/lclreg/n7805>, number of controlling flip flops: 1
CE signal <t/fakernet/lclreg/n7806>, number of controlling flip flops: 1
CE signal <t/fakernet/lclreg/n7807>, number of controlling flip flops: 1
CE signal <t/fakernet/lclreg/n7808>, number of controlling flip flops: 1
CE signal <t/fakernet/lclreg/n7809>, number of controlling flip flops: 1
CE signal <t/fakernet/lclreg/n7810>, number of controlling flip flops: 1
CE signal <t/fakernet/lclreg/n7812>, number of controlling flip flops: 1
CE signal <ceg_net1365>, number of controlling flip flops: 11
CE signal <t/fakernet/tcp_ctrl_recv.got_ack>, number of controlling flip flops: 33
CE signal <ceg_net1324>, number of controlling flip flops: 1
CE signal <t/fakernet/tcp_ctrl/n1577>, number of controlling flip flops: 17
CE signal <t/fakernet/tcp_ctrl/n1483>, number of controlling flip flops: 18
CE signal <t/fakernet/tcp_ctrl/n1621>, number of controlling flip flops: 1
CE signal <ceg_net1408>, number of controlling flip flops: 12
CE signal <ceg_net1444>, number of controlling flip flops: 12
CE signal <ceg_net1452>, number of controlling flip flops: 2
CE signal <t/fakernet/tcp_ctrl/n1510>, number of controlling flip flops: 12
CE signal <t/fakernet/tcp_ctrl/n1511>, number of controlling flip flops: 12
CE signal <t/fakernet/tcp_ctrl/take_rtt>, number of controlling flip flops: 4
CE signal <t/slow_counter_tick>, number of controlling flip flops: 1
CE signal <t/fakernet/tcp_ctrl/n1583>, number of controlling flip flops: 13
CE signal <ceg_net1368>, number of controlling flip flops: 3
CE signal <ceg_net1381>, number of controlling flip flops: 1
CE signal <ceg_net1488>, number of controlling flip flops: 12
CE signal <ceg_net3274>, number of controlling flip flops: 11
CE signal <ceg_net2545>, number of controlling flip flops: 3
CE signal <ceg_net3226>, number of controlling flip flops: 1
CE signal <ceg_net3173>, number of controlling flip flops: 16
CE signal <ceg_net1722>, number of controlling flip flops: 10
CE signal <t/fakernet/tcp_buffer/n497>, number of controlling flip flops: 1
CE signal <t/fakernet/tcp_buffer/n112>, number of controlling flip flops: 1
CE signal <t/fakernet/tcp_buffer/n495>, number of controlling flip flops: 13
CE signal <t/fakernet/data_gen.test_data_gen/n50>, number of controlling flip flops: 20
CE signal <ceg_net1769>, number of controlling flip flops: 8
CE signal <t/fakernet/data_gen.test_data_gen/n1238>, number of controlling flip flops: 16
CE signal <t/fakernet/data_gen.test_data_gen/n264>, number of controlling flip flops: 4
CE signal <t/fakernet/data_port_b_rd>, number of controlling flip flops: 1
CE signal <t/fakernet/ram_arp_icmp.prod.set_hasdata>, number of controlling flip flops: 11
CE signal <t/fakernet/osm_ram_cons_array[0].clear_hasdata>, number of controlling flip flops: 1
CE signal <t/fakernet/ram_pkt_gen.prod.set_hasdata>, number of controlling flip flops: 10
CE signal <t/fakernet/osm_ram_cons_array[1].clear_hasdata>, number of controlling flip flops: 1
CE signal <t/fakernet/ram_udp_regacc.prod.set_hasdata>, number of controlling flip flops: 10
CE signal <t/fakernet/ram_udp_regacc.cons.clear_hasdata>, number of controlling flip flops: 1
CE signal <t/fakernet/ram_udp_regidp.prod.set_hasdata>, number of controlling flip flops: 10
CE signal <t/fakernet/osm_ram_cons_array[2].clear_hasdata>, number of controlling flip flops: 1
CE signal <t/fakernet/ram_udp_regres_prod_tmp[0].set_hasdata>, number of controlling flip flops: 10
CE signal <t/fakernet/osm_ram_cons_array[3].clear_hasdata>, number of controlling flip flops: 1
CE signal <t/fakernet/ram_udp_regres_prod_tmp[1].set_hasdata>, number of controlling flip flops: 10
CE signal <t/fakernet/osm_ram_cons_array[4].clear_hasdata>, number of controlling flip flops: 1
CE signal <t/fakernet/ram_tcp_prep2[0].prod.set_hasdata>, number of controlling flip flops: 10
CE signal <t/fakernet/osm_ram_cons_array[5].clear_hasdata>, number of controlling flip flops: 1
CE signal <t/fakernet/ram_tcp_prep2[1].prod.set_hasdata>, number of controlling flip flops: 10
CE signal <t/fakernet/osm_ram_cons_array[6].clear_hasdata>, number of controlling flip flops: 1
CE signal <t/fakernet/regacc_aux_info.prod.set_reg_ch>, number of controlling flip flops: 2
CE signal <t/fakernet/regacc_aux_info.prod.set_checksum>, number of controlling flip flops: 17
CE signal <t/fakernet/regacc_aux_info.prod.set_end_words>, number of controlling flip flops: 10
CE signal <ceg_net3312>, number of controlling flip flops: 3
CE signal <n2877>, number of controlling flip flops: 11
CE signal <t/fakernet/mdio/n508>, number of controlling flip flops: 32
CE signal <ceg_net1783>, number of controlling flip flops: 16
CE signal <t/fakernet/mdio/n509>, number of controlling flip flops: 1
CE signal <ceg_net1881>, number of controlling flip flops: 2
CE signal <t/n2033>, number of controlling flip flops: 16
### ### EFX_FF CE enables (end) ### ### ###

### ### EFX_FF SR set/reset (begin) ### ### ###
Total number of set/reset signals: 130
Total number of FFs with set/reset signals: 577
SR signal <phymon[1]>, number of controlling flip flops: 17
SR signal <rx/n217>, number of controlling flip flops: 1
SR signal <rx/n219>, number of controlling flip flops: 1
SR signal <t/n2886>, number of controlling flip flops: 1
SR signal <t/n1918>, number of controlling flip flops: 4
SR signal <t/fakernet/in_sm/n10649>, number of controlling flip flops: 3
SR signal <t/fakernet/in_sm/n10655>, number of controlling flip flops: 1
SR signal <t/fakernet/in_sm/n10625>, number of controlling flip flops: 1
SR signal <t/fakernet/in_sm/n10657>, number of controlling flip flops: 2
SR signal <t/fakernet/in_sm/got_word_prev>, number of controlling flip flops: 67
SR signal <t/fakernet/in_sm/n10645>, number of controlling flip flops: 2
SR signal <t/fakernet/in_sm/new_packet_prev>, number of controlling flip flops: 17
SR signal <t/fakernet/in_sm/new_packet_prev1>, number of controlling flip flops: 32
SR signal <t/fakernet/in_sm/dly_actual_dowrite>, number of controlling flip flops: 3
SR signal <t/fakernet/in_sm/n17327>, number of controlling flip flops: 8
SR signal <t/fakernet/in_sm/dly_wudpcksum>, number of controlling flip flops: 2
SR signal <t/fakernet/dyn_ctrl_gen_stat.gen_rarp>, number of controlling flip flops: 2
SR signal <t/fakernet/dyn_ctrl_gen_stat.gen_bootp>, number of controlling flip flops: 2
SR signal <t/fakernet/dyn_ctrl/n438>, number of controlling flip flops: 2
SR signal <t/fakernet/dyn_ctrl/n173>, number of controlling flip flops: 1
SR signal <t/fakernet/pkt_gen/n405>, number of controlling flip flops: 2
SR signal <t/fakernet/pkt_gen/cmd_p1[7]>, number of controlling flip flops: 2
SR signal <t/fakernet/pkt_gen/n1437>, number of controlling flip flops: 1
SR signal <t/fakernet/pkt_gen/reset_offset_p0>, number of controlling flip flops: 10
SR signal <t/fakernet/pkt_gen/cmd_p1[1]>, number of controlling flip flops: 16
SR signal <t/fakernet/pkt_gen/cmd_p2[2]>, number of controlling flip flops: 18
SR signal <t/fakernet/pkt_gen/n2033>, number of controlling flip flops: 1
SR signal <t/fakernet/out_r_taken>, number of controlling flip flops: 3
SR signal <t/fakernet/out_sm/n1157>, number of controlling flip flops: 8
SR signal <t/fakernet/out_sm/n1165>, number of controlling flip flops: 1
SR signal <t/fakernet/regacc/a.reset_read>, number of controlling flip flops: 32
SR signal <t/fakernet/regacc/n419>, number of controlling flip flops: 4
SR signal <t/fakernet/ram_udp_regacc.cons.clear_hasdata>, number of controlling flip flops: 10
SR signal <t/fakernet/mdio_a_response>, number of controlling flip flops: 1
SR signal <t/fakernet/lclreg/to_count[63]>, number of controlling flip flops: 1
SR signal <t/fakernet/lclreg/equal_640/n3>, number of controlling flip flops: 1
SR signal <t/fakernet/lclreg/n4308>, number of controlling flip flops: 1
SR signal <t/fakernet/lclreg/n7151>, number of controlling flip flops: 1
SR signal <t/fakernet/lclreg/n7152>, number of controlling flip flops: 1
SR signal <t/fakernet/lclreg/n7153>, number of controlling flip flops: 1
SR signal <t/fakernet/lclreg/n7154>, number of controlling flip flops: 1
SR signal <t/fakernet/lclreg/n7155>, number of controlling flip flops: 1
SR signal <t/in_info.start_packet>, number of controlling flip flops: 1
SR signal <t/in_info.mac_for_us>, number of controlling flip flops: 1
SR signal <t/in_info.start_arp>, number of controlling flip flops: 1
SR signal <t/in_info.arp_our_ip>, number of controlling flip flops: 1
SR signal <t/in_info.ip_hdr_ok>, number of controlling flip flops: 1
SR signal <t/in_info.start_ipv4>, number of controlling flip flops: 1
SR signal <t/in_info.ip_a_for_us>, number of controlling flip flops: 1
SR signal <t/in_info.good_arp>, number of controlling flip flops: 1
SR signal <t/in_info.start_icmp>, number of controlling flip flops: 1
SR signal <t/in_info.start_udp>, number of controlling flip flops: 1
SR signal <t/in_info.start_tcp>, number of controlling flip flops: 1
SR signal <t/in_info.good_icmp>, number of controlling flip flops: 1
SR signal <t/in_info.good_udp>, number of controlling flip flops: 1
SR signal <t/in_info.good_tcp>, number of controlling flip flops: 1
SR signal <t/in_info.udp_arm>, number of controlling flip flops: 1
SR signal <t/in_info.udp_badactivearm>, number of controlling flip flops: 1
SR signal <t/in_info.udp_reset>, number of controlling flip flops: 1
SR signal <t/in_info.udp_badreset>, number of controlling flip flops: 1
SR signal <t/in_info.udp_disconnect>, number of controlling flip flops: 1
SR signal <t/in_info.udp_baddisconnect>, number of controlling flip flops: 1
SR signal <t/in_info.udp_regaccess>, number of controlling flip flops: 1
SR signal <t/in_info.udp_ra_is_otherip>, number of controlling flip flops: 1
SR signal <t/in_info.udp_ra_seqplus1>, number of controlling flip flops: 1
SR signal <t/in_info.udp_ra_repeat>, number of controlling flip flops: 1
SR signal <t/in_info.udp_ra_busy>, number of controlling flip flops: 1
SR signal <t/in_info.slow_tick>, number of controlling flip flops: 1
SR signal <t/in_info.timeout_tick>, number of controlling flip flops: 1
SR signal <t/out_info.arp_icmp>, number of controlling flip flops: 1
SR signal <t/fakernet/osm_ram_cons_array[3].clear_hasdata>, number of controlling flip flops: 1
SR signal <t/fakernet/osm_ram_cons_array[4].clear_hasdata>, number of controlling flip flops: 1
SR signal <t/out_info.tcp>, number of controlling flip flops: 1
SR signal <t/out_info.packets>, number of controlling flip flops: 1
SR signal <t/fakernet/ts_info_counts.start_meas_rtt>, number of controlling flip flops: 1
SR signal <t/fakernet/ts_info_counts.did_repeat>, number of controlling flip flops: 1
SR signal <t/fakernet/ts_info_counts.got_ack>, number of controlling flip flops: 1
SR signal <t/fakernet/ts_info_counts.got_meas_rtt>, number of controlling flip flops: 1
SR signal <t/fakernet/ts_info_counts.same_ack>, number of controlling flip flops: 1
SR signal <t/fakernet/ts_info_counts.twice_same_ack>, number of controlling flip flops: 1
SR signal <t/fakernet/ts_info_counts.abort_repeat>, number of controlling flip flops: 1
SR signal <t/fakernet/ts_info_counts.connect>, number of controlling flip flops: 1
SR signal <t/fakernet/ts_info_counts.got_syn>, number of controlling flip flops: 1
SR signal <t/fakernet/ts_info_counts.new_rtt_est>, number of controlling flip flops: 1
SR signal <t/fakernet/ts_info_counts.did_keepalive>, number of controlling flip flops: 1
SR signal <t/in_info.words_div_32>, number of controlling flip flops: 1
SR signal <t/out_info.words_div_32>, number of controlling flip flops: 1
SR signal <t/in_info.udp_regaccess_idp>, number of controlling flip flops: 1
SR signal <t/in_info.udp_ra_idp_busy>, number of controlling flip flops: 1
SR signal <t/fakernet/osm_ram_cons_array[2].clear_hasdata>, number of controlling flip flops: 1
SR signal <t/in_info.bad_cksum>, number of controlling flip flops: 1
SR signal <t/in_info.bad_crc>, number of controlling flip flops: 1
SR signal <t/in_info.incomplete>, number of controlling flip flops: 1
SR signal <t/in_info.spurious>, number of controlling flip flops: 1
SR signal <t/in_info.stop_parse>, number of controlling flip flops: 1
SR signal <t/fakernet/dyn_ctrl_in_stat.good_rarp>, number of controlling flip flops: 1
SR signal <t/in_info.ip_b_for_us>, number of controlling flip flops: 1
SR signal <t/fakernet/osm_ram_cons_array[1].clear_hasdata>, number of controlling flip flops: 1
SR signal <t/in_info.start_ntp>, number of controlling flip flops: 1
SR signal <t/in_info.good_ntp>, number of controlling flip flops: 1
SR signal <t/in_info.start_bootp>, number of controlling flip flops: 1
SR signal <t/fakernet/dyn_ctrl_in_stat.good_bootp>, number of controlling flip flops: 1
SR signal <t/out_info.drop_ntp>, number of controlling flip flops: 1
SR signal <t/fakernet/int_tcp_reset>, number of controlling flip flops: 142
SR signal <t/fakernet/tcp_ctrl/n1627>, number of controlling flip flops: 1
SR signal <t/fakernet/tcp_ctrl/n1529>, number of controlling flip flops: 1
SR signal <t/fakernet/tcp_ctrl/n1523>, number of controlling flip flops: 1
SR signal <t/fakernet/tcp_ctrl/n1525>, number of controlling flip flops: 1
SR signal <t/fakernet/tcp_ctrl_recv.got_ack>, number of controlling flip flops: 1
SR signal <t/fakernet/in_sm/equal_699/n3>, number of controlling flip flops: 2
SR signal <t/fakernet/tcp_ctrl/n1503>, number of controlling flip flops: 1
SR signal <t/fakernet/tcp_ctrl/n1577>, number of controlling flip flops: 1
SR signal <t/fakernet/preptcp/n5031>, number of controlling flip flops: 4
SR signal <t/fakernet/preptcp/s.state[5]>, number of controlling flip flops: 1
SR signal <t/fakernet/preptcp/n919>, number of controlling flip flops: 6
SR signal <t/fakernet/preptcp/a.cipcksum>, number of controlling flip flops: 13
SR signal <t/fakernet/preptcp/n3280>, number of controlling flip flops: 3
SR signal <t/fakernet/preptcp/n4211>, number of controlling flip flops: 7
SR signal <t/fakernet/packet_done.repeated>, number of controlling flip flops: 1
SR signal <t/fakernet/tc_do_lcl_datagen>, number of controlling flip flops: 14
SR signal <t/fakernet/data_gen.test_data_gen/n50>, number of controlling flip flops: 21
SR signal <t/fakernet/ram_arp_icmp.prod.set_hasdata>, number of controlling flip flops: 1
SR signal <t/fakernet/ram_pkt_gen.prod.set_hasdata>, number of controlling flip flops: 1
SR signal <t/fakernet/ram_udp_regacc.prod.set_hasdata>, number of controlling flip flops: 1
SR signal <t/fakernet/ram_udp_regidp.prod.set_hasdata>, number of controlling flip flops: 1
SR signal <t/fakernet/ctrl_ram_udp_regres[0].ctrl_ram_udp_regres_i/n75>, number of controlling flip flops: 1
SR signal <t/fakernet/ctrl_ram_udp_regres[1].ctrl_ram_udp_regres_i/n75>, number of controlling flip flops: 1
SR signal <t/fakernet/ram_tcp_prep2[0].prod.set_hasdata>, number of controlling flip flops: 1
SR signal <t/fakernet/ram_tcp_prep2[1].prod.set_hasdata>, number of controlling flip flops: 1
SR signal <ceg_net1881>, number of controlling flip flops: 1
### ### EFX_FF SR set/reset (end) ### ### ###

### ### Memory Trimming Report (begin) ### ### ### 
Memory instance 't/fakernet/pkt_gen/cmds__D$2' WE tied off to 0.
Memory instance 't/fakernet/pkt_gen/cmds__D$1' WE tied off to 0.
### ### Memory Trimming Report (end) ### ### ### 

### ### Sequential Elements Trimming Report (begin) ### ### ### 
FF|OPT : Flip-flop optimization by equivalence checking
@ "E:\Efinity\project\fnetriong\fnet_in_state.vhd (2502)" removed instance : t/fakernet/in_sm/dff_1813/i1
@ "E:\Efinity\project\fnetriong\fnet_in_state.vhd (2502)" representative instance : t/fakernet/in_sm/dff_1815/i1
FF|OPT : Flip-flop optimization by equivalence checking
@ "E:\Efinity\project\fnetriong\fnet_in_state.vhd (2502)" removed instance : t/fakernet/in_sm/dff_1901/i1
@ "E:\Efinity\project\fnetriong\fnet_in_state.vhd (2502)" representative instance : t/fakernet/in_sm/dff_1929/i1
FF|OPT : Flip-flop optimization by equivalence checking
@ "E:\Efinity\project\fnetriong\fnet_in_state.vhd (2502)" removed instance : t/fakernet/in_sm/i1917
@ "E:\Efinity\project\fnetriong\fnet_in_state.vhd (2502)" representative instance : t/fakernet/in_sm/i1918
FF|OPT : Flip-flop optimization by equivalence checking
@ "E:\Efinity\project\fnetriong\fnet_in_state.vhd (2502)" removed instance : t/fakernet/in_sm/i1933
@ "E:\Efinity\project\fnetriong\fnet_in_state.vhd (2502)" representative instance : t/fakernet/in_sm/i1918
FF|OPT : Flip-flop optimization by equivalence checking
@ "E:\Efinity\project\fnetriong\efnet_word_to_octet.vhd (99)" removed instance : tx/i17
@ "E:\Efinity\project\fnetriong\efnet_word_to_octet.vhd (99)" representative instance : tx/i20
FF|OPT : Flip-flop optimization by equivalence checking
@ "E:\Efinity\project\fnetriong\fnet_in_state.vhd (2502)" removed instance : t/fakernet/in_sm/dff_1931/i2
@ "E:\Efinity\project\fnetriong\fnet_in_state.vhd (2502)" representative instance : t/fakernet/in_sm/dff_1901/i2
FF|OPT : Flip-flop optimization by equivalence checking
@ "E:\Efinity\project\fnetriong\fnet_in_state.vhd (2502)" removed instance : t/fakernet/in_sm/dff_1931/i3
@ "E:\Efinity\project\fnetriong\fnet_in_state.vhd (2502)" representative instance : t/fakernet/in_sm/dff_1901/i3
FF|OPT : Flip-flop optimization by equivalence checking
@ "E:\Efinity\project\fnetriong\fnet_in_state.vhd (2502)" removed instance : t/fakernet/in_sm/dff_1931/i4
@ "E:\Efinity\project\fnetriong\fnet_in_state.vhd (2502)" representative instance : t/fakernet/in_sm/dff_1901/i4
FF|OPT : Flip-flop optimization by equivalence checking
@ "E:\Efinity\project\fnetriong\fnet_in_state.vhd (2502)" removed instance : t/fakernet/in_sm/dff_1931/i6
@ "E:\Efinity\project\fnetriong\fnet_in_state.vhd (2502)" representative instance : t/fakernet/in_sm/dff_1901/i6
FF|OPT : Flip-flop optimization by equivalence checking
@ "E:\Efinity\project\fnetriong\fnet_in_state.vhd (2502)" removed instance : t/fakernet/in_sm/dff_1931/i7
@ "E:\Efinity\project\fnetriong\fnet_in_state.vhd (2502)" representative instance : t/fakernet/in_sm/dff_1901/i7
FF|OPT : Flip-flop optimization by equivalence checking
@ "E:\Efinity\project\fnetriong\fnet_in_state.vhd (2502)" removed instance : t/fakernet/in_sm/dff_1931/i8
@ "E:\Efinity\project\fnetriong\fnet_in_state.vhd (2502)" representative instance : t/fakernet/in_sm/dff_1901/i8
FF|OPT : Flip-flop optimization by equivalence checking
@ "E:\Efinity\project\fnetriong\efnet_data_array_inject.vhd (164)" removed instance : t/mon_data_write/dffrs_51/i1
@ "E:\Efinity\project\fnetriong\efnet_data_array_inject.vhd (164)" representative instance : t/mon_data_write/dffrs_51/i2
FF|OPT : Flip-flop optimization by equivalence checking
@ "E:\Efinity\project\fnetriong\fnet_tcp_buffer.vhd (225)" removed instance : t/fakernet/tcp_buffer/i63
@ "E:\Efinity\project\fnetriong\fnet_tcp_buffer.vhd (225)" representative instance : t/fakernet/tcp_buffer/i64
FF|OPT : Flip-flop optimization by equivalence checking
@ "E:\Efinity\project\fnetriong\efnet_data_array_inject.vhd (164)" removed instance : t/mon_data_write/i35
@ "E:\Efinity\project\fnetriong\efnet_data_array_inject.vhd (164)" representative instance : t/mon_data_write/i34
FF|OPT : Flip-flop optimization by equivalence checking
@ "E:\Efinity\project\fnetriong\fnet_in_state.vhd (2502)" removed instance : t/fakernet/in_sm/dff_1931/i5
@ "E:\Efinity\project\fnetriong\fnet_in_state.vhd (2502)" representative instance : t/fakernet/in_sm/dff_1901/i5
FF|OPT : Flip-flop optimization by equivalence checking
@ "E:\Efinity\project\fnetriong\fnet_in_state.vhd (2502)" removed instance : t/fakernet/in_sm/dff_1931/i1
@ "E:\Efinity\project\fnetriong\fnet_in_state.vhd (2502)" representative instance : t/fakernet/in_sm/dff_1929/i1
FF|OPT : Flip-flop optimization by equivalence checking
@ "E:\Efinity\project\fnetriong\fnet_in_state.vhd (2502)" removed instance : t/fakernet/in_sm/dff_1812/i1
@ "E:\Efinity\project\fnetriong\fnet_in_state.vhd (2502)" representative instance : t/fakernet/in_sm/dff_1814/i1
FF|OPT : Flip-flop optimization by equivalence checking
@ "E:\Efinity\project\fnetriong\fnet_in_state.vhd (2502)" removed instance : t/fakernet/in_sm/i1927
@ "E:\Efinity\project\fnetriong\efnet_data_array_inject.vhd (164)" representative instance : t/mon_data_write/dffrs_51/i2
FF|OPT : Flip-flop optimization by equivalence checking
@ "E:\Efinity\project\fnetriong\fnet_in_state.vhd (2502)" removed instance : t/fakernet/in_sm/dff_1816/i3
@ "E:\Efinity\project\fnetriong\fnet_in_state.vhd (2502)" representative instance : t/fakernet/in_sm/dff_1814/i3
FF|OPT : Flip-flop optimization by equivalence checking
@ "E:\Efinity\project\fnetriong\fnet_in_state.vhd (2502)" removed instance : t/fakernet/in_sm/dff_1816/i2
@ "E:\Efinity\project\fnetriong\fnet_in_state.vhd (2502)" representative instance : t/fakernet/in_sm/dff_1814/i2
FF|OPT : Flip-flop optimization by equivalence checking
@ "E:\Efinity\project\fnetriong\fnet_in_state.vhd (2502)" removed instance : t/fakernet/in_sm/dff_1816/i1
@ "E:\Efinity\project\fnetriong\fnet_in_state.vhd (2502)" representative instance : t/fakernet/in_sm/dff_1814/i1
FF|OPT : Flip-flop optimization by equivalence checking
@ "E:\Efinity\project\fnetriong\efb_uart_trace_mem.vhd (188)" removed instance : trace_mem/i85
@ "E:\Efinity\project\fnetriong\efnet_data_array_inject.vhd (164)" representative instance : t/mon_data_write/dffrs_51/i2
FF|OPT : Flip-flop optimization by equivalence checking
@ "E:\Efinity\project\fnetriong\efnet_data_array_inject.vhd (164)" removed instance : t/mon_data_write/dff_38/i4
@ "E:\Efinity\project\fnetriong\efnet_data_array_inject.vhd (164)" representative instance : t/mon_data_write/dffrs_51/i2
FF|OPT : Flip-flop optimization by equivalence checking
@ "E:\Efinity\project\fnetriong\efnet_data_array_inject.vhd (164)" removed instance : t/mon_data_write/dff_38/i5
@ "E:\Efinity\project\fnetriong\efnet_data_array_inject.vhd (164)" representative instance : t/mon_data_write/dffrs_51/i2
FF|OPT : Flip-flop optimization by equivalence checking
@ "E:\Efinity\project\fnetriong\efnet_data_array_inject.vhd (164)" removed instance : t/mon_data_write/dff_38/i6
@ "E:\Efinity\project\fnetriong\efnet_data_array_inject.vhd (164)" representative instance : t/mon_data_write/dffrs_51/i2
FF|OPT : Flip-flop optimization by equivalence checking
@ "E:\Efinity\project\fnetriong\efnet_data_array_inject.vhd (164)" removed instance : t/mon_data_write/dff_38/i7
@ "E:\Efinity\project\fnetriong\efnet_data_array_inject.vhd (164)" representative instance : t/mon_data_write/dffrs_51/i2
FF|OPT : Flip-flop optimization by equivalence checking
@ "E:\Efinity\project\fnetriong\efnet_data_array_inject.vhd (164)" removed instance : t/mon_data_write/dff_38/i10
@ "E:\Efinity\project\fnetriong\efnet_data_array_inject.vhd (164)" representative instance : t/mon_data_write/dffrs_51/i2
FF|OPT : Flip-flop optimization by equivalence checking
@ "E:\Efinity\project\fnetriong\efnet_data_array_inject.vhd (164)" removed instance : t/mon_data_write/dff_38/i11
@ "E:\Efinity\project\fnetriong\efnet_data_array_inject.vhd (164)" representative instance : t/mon_data_write/dffrs_51/i2
FF|OPT : Flip-flop optimization by equivalence checking
@ "E:\Efinity\project\fnetriong\efnet_data_array_inject.vhd (164)" removed instance : t/mon_data_write/dff_38/i13
@ "E:\Efinity\project\fnetriong\efnet_data_array_inject.vhd (164)" representative instance : t/mon_data_write/dffrs_51/i2
FF|OPT : Flip-flop optimization by equivalence checking
@ "E:\Efinity\project\fnetriong\efnet_data_array_inject.vhd (164)" removed instance : t/mon_data_write/dff_38/i15
@ "E:\Efinity\project\fnetriong\efnet_data_array_inject.vhd (164)" representative instance : t/mon_data_write/dffrs_51/i2
FF|OPT : Flip-flop optimization by equivalence checking
@ "E:\Efinity\project\fnetriong\efnet_data_array_inject.vhd (164)" removed instance : t/mon_data_write/dff_38/i19
@ "E:\Efinity\project\fnetriong\efnet_data_array_inject.vhd (164)" representative instance : t/mon_data_write/dffrs_51/i2
FF|OPT : Flip-flop optimization by equivalence checking
@ "E:\Efinity\project\fnetriong\efnet_data_array_inject.vhd (164)" removed instance : t/mon_data_write/dff_38/i21
@ "E:\Efinity\project\fnetriong\efnet_data_array_inject.vhd (164)" representative instance : t/mon_data_write/dffrs_51/i2
FF|OPT : Flip-flop optimization by equivalence checking
@ "E:\Efinity\project\fnetriong\efnet_data_array_inject.vhd (164)" removed instance : t/mon_data_write/dff_38/i22
@ "E:\Efinity\project\fnetriong\efnet_data_array_inject.vhd (164)" representative instance : t/mon_data_write/dffrs_51/i2
FF|OPT : Flip-flop optimization by equivalence checking
@ "E:\Efinity\project\fnetriong\efnet_data_array_inject.vhd (164)" removed instance : t/mon_data_write/dff_38/i26
@ "E:\Efinity\project\fnetriong\efnet_data_array_inject.vhd (164)" representative instance : t/mon_data_write/dffrs_51/i2
FF|OPT : Flip-flop optimization by equivalence checking
@ "E:\Efinity\project\fnetriong\efnet_data_array_inject.vhd (164)" removed instance : t/mon_data_write/dff_38/i29
@ "E:\Efinity\project\fnetriong\efnet_data_array_inject.vhd (164)" representative instance : t/mon_data_write/dffrs_51/i2
FF|OPT : Flip-flop optimization by equivalence checking
@ "E:\Efinity\project\fnetriong\efnet_data_array_inject.vhd (164)" removed instance : t/mon_data_write/dff_39/i7
@ "E:\Efinity\project\fnetriong\efnet_data_array_inject.vhd (164)" representative instance : t/mon_data_write/dffrs_51/i2
FF|OPT : Flip-flop optimization by equivalence checking
@ "E:\Efinity\project\fnetriong\efnet_data_array_inject.vhd (164)" removed instance : t/mon_data_write/dff_39/i13
@ "E:\Efinity\project\fnetriong\efnet_data_array_inject.vhd (164)" representative instance : t/mon_data_write/dffrs_51/i2
FF|OPT : Flip-flop optimization by equivalence checking
@ "E:\Efinity\project\fnetriong\efnet_data_array_inject.vhd (164)" removed instance : t/mon_data_write/dff_39/i14
@ "E:\Efinity\project\fnetriong\efnet_data_array_inject.vhd (164)" representative instance : t/mon_data_write/dffrs_51/i2
FF|OPT : Flip-flop optimization by equivalence checking
@ "E:\Efinity\project\fnetriong\efnet_data_array_inject.vhd (164)" removed instance : t/mon_data_write/dff_39/i22
@ "E:\Efinity\project\fnetriong\efnet_data_array_inject.vhd (164)" representative instance : t/mon_data_write/dffrs_51/i2
FF|OPT : Flip-flop optimization by equivalence checking
@ "E:\Efinity\project\fnetriong\efnet_data_array_inject.vhd (164)" removed instance : t/mon_data_write/dff_39/i29
@ "E:\Efinity\project\fnetriong\efnet_data_array_inject.vhd (164)" representative instance : t/mon_data_write/dffrs_51/i2
FF|OPT : Flip-flop optimization by equivalence checking
@ "E:\Efinity\project\fnetriong\fnet_local_reg.vhd (397)" removed instance : t/fakernet/lclreg/dff_756/i1
@ "E:\Efinity\project\fnetriong\fnet_tcp_prepare.vhd (804)" representative instance : t/fakernet/preptcp/dff_183/i1
FF|OPT : Flip-flop optimization by equivalence checking
@ "E:\Efinity\project\fnetriong\fnet_local_reg.vhd (397)" removed instance : t/fakernet/lclreg/dff_755/i1
@ "E:\Efinity\project\fnetriong\fnet_local_reg.vhd (397)" representative instance : t/fakernet/lclreg/dff_757/i1
FF|OPT : Flip-flop optimization by equivalence checking
@ "E:\Efinity\project\fnetriong\fnet_out_state.vhd (366)" removed instance : t/fakernet/out_sm/i228
@ "E:\Efinity\project\fnetriong\fnet_out_state.vhd (366)" representative instance : t/fakernet/out_sm/i219
FF|OPT : Flip-flop optimization by equivalence checking
@ "E:\Efinity\project\fnetriong\fnet_out_state.vhd (366)" removed instance : t/fakernet/out_sm/dff_229/i8
@ "E:\Efinity\project\fnetriong\fnet_out_state.vhd (366)" representative instance : t/fakernet/out_sm/i222
FF|OPT : Flip-flop optimization by equivalence checking
@ "E:\Efinity\project\fnetriong\fnet_out_state.vhd (366)" removed instance : t/fakernet/out_sm/dff_229/i9
@ "E:\Efinity\project\fnetriong\fnet_out_state.vhd (366)" representative instance : t/fakernet/out_sm/i221
FF|OPT : Flip-flop optimization by equivalence checking
@ "E:\Efinity\project\fnetriong\fnet_out_state.vhd (366)" removed instance : t/fakernet/out_sm/i229
@ "E:\Efinity\project\fnetriong\fnet_out_state.vhd (366)" representative instance : t/fakernet/out_sm/i220
FF|OPT : Flip-flop optimization by equivalence checking
@ "E:\Efinity\project\fnetriong\fnet_local_reg.vhd (397)" removed instance : t/fakernet/lclreg/dff_756/i2
@ "E:\Efinity\project\fnetriong\fnet_tcp_prepare.vhd (804)" representative instance : t/fakernet/preptcp/dff_183/i2
FF|OPT : Flip-flop optimization by equivalence checking
@ "E:\Efinity\project\fnetriong\fnet_local_reg.vhd (397)" removed instance : t/fakernet/lclreg/dff_756/i3
@ "E:\Efinity\project\fnetriong\fnet_tcp_prepare.vhd (804)" representative instance : t/fakernet/preptcp/dff_183/i3
FF|OPT : Flip-flop optimization by equivalence checking
@ "E:\Efinity\project\fnetriong\fnet_local_reg.vhd (397)" removed instance : t/fakernet/lclreg/dff_756/i4
@ "E:\Efinity\project\fnetriong\fnet_tcp_prepare.vhd (804)" representative instance : t/fakernet/preptcp/dff_183/i4
FF|OPT : Flip-flop optimization by equivalence checking
@ "E:\Efinity\project\fnetriong\fnet_local_reg.vhd (397)" removed instance : t/fakernet/lclreg/dff_756/i5
@ "E:\Efinity\project\fnetriong\fnet_tcp_prepare.vhd (804)" representative instance : t/fakernet/preptcp/dff_183/i5
FF|OPT : Flip-flop optimization by equivalence checking
@ "E:\Efinity\project\fnetriong\fnet_local_reg.vhd (397)" removed instance : t/fakernet/lclreg/dff_756/i6
@ "E:\Efinity\project\fnetriong\fnet_tcp_prepare.vhd (804)" representative instance : t/fakernet/preptcp/dff_183/i6
FF|OPT : Flip-flop optimization by equivalence checking
@ "E:\Efinity\project\fnetriong\fnet_local_reg.vhd (397)" removed instance : t/fakernet/lclreg/dff_756/i7
@ "E:\Efinity\project\fnetriong\fnet_tcp_prepare.vhd (804)" representative instance : t/fakernet/preptcp/dff_183/i7
FF|OPT : Flip-flop optimization by equivalence checking
@ "E:\Efinity\project\fnetriong\fnet_local_reg.vhd (397)" removed instance : t/fakernet/lclreg/dff_756/i8
@ "E:\Efinity\project\fnetriong\fnet_tcp_prepare.vhd (804)" representative instance : t/fakernet/preptcp/dff_183/i8
FF|OPT : Flip-flop optimization by equivalence checking
@ "E:\Efinity\project\fnetriong\fnet_local_reg.vhd (397)" removed instance : t/fakernet/lclreg/dff_756/i9
@ "E:\Efinity\project\fnetriong\fnet_tcp_prepare.vhd (804)" representative instance : t/fakernet/preptcp/dff_183/i9
FF|OPT : Flip-flop optimization by equivalence checking
@ "E:\Efinity\project\fnetriong\fnet_local_reg.vhd (397)" removed instance : t/fakernet/lclreg/dff_756/i10
@ "E:\Efinity\project\fnetriong\fnet_tcp_prepare.vhd (804)" representative instance : t/fakernet/preptcp/dff_183/i10
FF|OPT : Flip-flop optimization by equivalence checking
@ "E:\Efinity\project\fnetriong\fnet_local_reg.vhd (397)" removed instance : t/fakernet/lclreg/dff_756/i11
@ "E:\Efinity\project\fnetriong\fnet_tcp_prepare.vhd (804)" representative instance : t/fakernet/preptcp/dff_183/i11
FF|OPT : Flip-flop optimization by equivalence checking
@ "E:\Efinity\project\fnetriong\efb_uart_trace_mem.vhd (188)" removed instance : t/uart_ctrl/i86
@ "E:\Efinity\project\fnetriong\fnet_in_state.vhd (2502)" representative instance : t/fakernet/in_sm/i1907
FF|OPT : Flip-flop optimization by equivalence checking
@ "E:\Efinity\project\fnetriong\efnet_word_to_octet.vhd (99)" removed instance : tx/i18
@ "E:\Efinity\project\fnetriong\efb_uart_trace_mem.vhd (188)" representative instance : trace_mem/i86
FF|OPT : Flip-flop optimization by equivalence checking
@ "E:\Efinity\project\fnetriong\efnet_data_array_inject.vhd (164)" removed instance : t/mon_data_write/dff_35/i13
@ "E:\Efinity\project\fnetriong\efnet_data_array_inject.vhd (164)" representative instance : t/mon_data_write/dff_35/i29
FF|OPT : Flip-flop optimization by equivalence checking
@ "E:\Efinity\project\fnetriong\fnet_in_state.vhd (2502)" removed instance : t/fakernet/in_sm/i1781
@ "E:\Efinity\project\fnetriong\fnet_in_state.vhd (2502)" representative instance : t/fakernet/in_sm/i1782
FF|OPT : Flip-flop optimization by equivalence checking
@ "E:\Efinity\project\fnetriong\efnet_data_array_inject.vhd (164)" removed instance : t/mon_data_write/dff_35/i7
@ "E:\Efinity\project\fnetriong\efnet_data_array_inject.vhd (164)" representative instance : t/mon_data_write/dff_35/i29
FF|OPT : Flip-flop optimization by equivalence checking
@ "E:\Efinity\project\fnetriong\efnet_data_array_inject.vhd (164)" removed instance : t/mon_data_write/dff_35/i6
@ "E:\Efinity\project\fnetriong\efnet_data_array_inject.vhd (164)" representative instance : t/mon_data_write/dff_35/i11
FF|OPT : Flip-flop optimization by equivalence checking
@ "E:\Efinity\project\fnetriong\efnet_data_array_inject.vhd (164)" removed instance : t/mon_data_write/dff_35/i22
@ "E:\Efinity\project\fnetriong\efnet_data_array_inject.vhd (164)" representative instance : t/mon_data_write/dff_35/i29
FF|OPT : Flip-flop optimization by equivalence checking
@ "E:\Efinity\project\fnetriong\efnet_data_array_inject.vhd (164)" removed instance : t/mon_data_write/dff_35/i5
@ "E:\Efinity\project\fnetriong\efnet_data_array_inject.vhd (164)" representative instance : t/mon_data_write/dff_35/i11
FF|OPT : Flip-flop optimization by equivalence checking
@ "E:\Efinity\project\fnetriong\efnet_data_array_inject.vhd (164)" removed instance : t/mon_data_write/dff_35/i21
@ "E:\Efinity\project\fnetriong\efnet_data_array_inject.vhd (164)" representative instance : t/mon_data_write/dff_35/i11
FF|OPT : Flip-flop optimization by equivalence checking
@ "E:\Efinity\project\fnetriong\efnet_data_array_inject.vhd (164)" removed instance : t/mon_data_write/dff_35/i4
@ "E:\Efinity\project\fnetriong\efnet_data_array_inject.vhd (164)" representative instance : t/mon_data_write/dff_35/i11
FF|OPT : Flip-flop optimization by equivalence checking
@ "E:\Efinity\project\fnetriong\efnet_data_array_inject.vhd (164)" removed instance : t/mon_data_write/dff_35/i19
@ "E:\Efinity\project\fnetriong\efnet_data_array_inject.vhd (164)" representative instance : t/mon_data_write/dff_35/i11
FF|OPT : Flip-flop optimization by equivalence checking
@ "E:\Efinity\project\fnetriong\efnet_data_array_inject.vhd (164)" removed instance : t/mon_data_write/dff_35/i15
@ "E:\Efinity\project\fnetriong\efnet_data_array_inject.vhd (164)" representative instance : t/mon_data_write/dff_35/i11
FF|OPT : Flip-flop optimization by equivalence checking
@ "E:\Efinity\project\fnetriong\efnet_data_array_inject.vhd (164)" removed instance : t/mon_data_write/dff_35/i10
@ "E:\Efinity\project\fnetriong\efnet_data_array_inject.vhd (164)" representative instance : t/mon_data_write/dff_35/i11
FF|OPT : Flip-flop optimization by equivalence checking
@ "E:\Efinity\project\fnetriong\efnet_data_array_inject.vhd (164)" removed instance : t/mon_data_write/dff_35/i26
@ "E:\Efinity\project\fnetriong\efnet_data_array_inject.vhd (164)" representative instance : t/mon_data_write/dff_35/i11
FF|OPT : Flip-flop optimization by equivalence checking
@ "E:\Efinity\project\fnetriong\fnet_local_reg.vhd (397)" removed instance : t/fakernet/lclreg/dffrs_832/i8
@ "E:\Efinity\project\fnetriong\fnet_tcp_prepare.vhd (804)" representative instance : t/fakernet/preptcp/dff_181/i8
FF|OPT : Flip-flop optimization by equivalence checking
@ "E:\Efinity\project\fnetriong\fnet_local_reg.vhd (397)" removed instance : t/fakernet/lclreg/dffrs_832/i7
@ "E:\Efinity\project\fnetriong\fnet_tcp_prepare.vhd (804)" representative instance : t/fakernet/preptcp/dff_181/i7
FF|OPT : Flip-flop optimization by equivalence checking
@ "E:\Efinity\project\fnetriong\fnet_local_reg.vhd (397)" removed instance : t/fakernet/lclreg/dffrs_832/i6
@ "E:\Efinity\project\fnetriong\fnet_tcp_prepare.vhd (804)" representative instance : t/fakernet/preptcp/dff_181/i6
FF|OPT : Flip-flop optimization by equivalence checking
@ "E:\Efinity\project\fnetriong\fnet_local_reg.vhd (397)" removed instance : t/fakernet/lclreg/dffrs_832/i5
@ "E:\Efinity\project\fnetriong\fnet_tcp_prepare.vhd (804)" representative instance : t/fakernet/preptcp/dff_181/i5
FF|OPT : Flip-flop optimization by equivalence checking
@ "E:\Efinity\project\fnetriong\fnet_local_reg.vhd (397)" removed instance : t/fakernet/lclreg/dffrs_832/i4
@ "E:\Efinity\project\fnetriong\fnet_tcp_prepare.vhd (804)" representative instance : t/fakernet/preptcp/dff_181/i4
FF|OPT : Flip-flop optimization by equivalence checking
@ "E:\Efinity\project\fnetriong\fnet_local_reg.vhd (397)" removed instance : t/fakernet/lclreg/dffrs_832/i3
@ "E:\Efinity\project\fnetriong\fnet_tcp_prepare.vhd (804)" representative instance : t/fakernet/preptcp/dff_181/i3
FF|OPT : Flip-flop optimization by equivalence checking
@ "E:\Efinity\project\fnetriong\fnet_local_reg.vhd (397)" removed instance : t/fakernet/lclreg/dffrs_832/i2
@ "E:\Efinity\project\fnetriong\fnet_tcp_prepare.vhd (804)" representative instance : t/fakernet/preptcp/dff_181/i2
FF|OPT : Flip-flop optimization by equivalence checking
@ "E:\Efinity\project\fnetriong\fnet_local_reg.vhd (397)" removed instance : t/fakernet/lclreg/dffrs_832/i1
@ "E:\Efinity\project\fnetriong\fnet_tcp_prepare.vhd (804)" representative instance : t/fakernet/preptcp/dff_181/i1
FF|OPT : Flip-flop optimization by equivalence checking
@ "E:\Efinity\project\fnetriong\fnet_local_reg.vhd (397)" removed instance : t/fakernet/lclreg/dffrs_832/i9
@ "E:\Efinity\project\fnetriong\fnet_tcp_prepare.vhd (804)" representative instance : t/fakernet/preptcp/dff_181/i9
FF|OPT : Flip-flop optimization by equivalence checking
@ "E:\Efinity\project\fnetriong\fnet_local_reg.vhd (397)" removed instance : t/fakernet/lclreg/dffrs_832/i10
@ "E:\Efinity\project\fnetriong\fnet_tcp_prepare.vhd (804)" representative instance : t/fakernet/preptcp/dff_181/i10
FF|OPT : Flip-flop optimization by equivalence checking
@ "E:\Efinity\project\fnetriong\fnet_local_reg.vhd (397)" removed instance : t/fakernet/lclreg/dffrs_832/i11
@ "E:\Efinity\project\fnetriong\fnet_tcp_prepare.vhd (804)" representative instance : t/fakernet/preptcp/dff_181/i11
FF Output: t/mon_data_write/latch_array[0][0](=0)
FF Output: t/mon_data_write/latch_array[1][0](=0)
FF Output: t/btn_latch[0](=0)
FF Output: t/infoc_pending[0](=0)
FF Output: t/mon_data_write/latch_array[0][1](=0)
FF Output: t/mon_data_write/latch_array[0][2](=0)
FF Output: t/mon_data_write/latch_array[0][7](=0)
FF Output: t/mon_data_write/latch_array[0][8](=0)
FF Output: t/mon_data_write/latch_array[0][11](=0)
FF Output: t/mon_data_write/latch_array[0][13](=0)
FF Output: t/mon_data_write/latch_array[0][15](=0)
FF Output: t/mon_data_write/latch_array[0][16](=0)
FF Output: t/mon_data_write/latch_array[0][17](=0)
FF Output: t/mon_data_write/latch_array[0][19](=0)
FF Output: t/mon_data_write/latch_array[0][22](=0)
FF Output: t/mon_data_write/latch_array[0][23](=0)
FF Output: t/mon_data_write/latch_array[0][24](=0)
FF Output: t/mon_data_write/latch_array[0][26](=0)
FF Output: t/mon_data_write/latch_array[0][27](=0)
FF Output: t/mon_data_write/latch_array[0][29](=0)
FF Output: t/mon_data_write/latch_array[0][30](=0)
FF Output: t/mon_data_write/latch_array[0][31](=0)
FF Output: t/mon_data_write/latch_array[1][1](=0)
FF Output: t/mon_data_write/latch_array[1][2](=0)
FF Output: t/mon_data_write/latch_array[1][3](=0)
FF Output: t/mon_data_write/latch_array[1][4](=0)
FF Output: t/mon_data_write/latch_array[1][5](=0)
FF Output: t/mon_data_write/latch_array[1][7](=0)
FF Output: t/mon_data_write/latch_array[1][8](=0)
FF Output: t/mon_data_write/latch_array[1][9](=0)
FF Output: t/mon_data_write/latch_array[1][10](=0)
FF Output: t/mon_data_write/latch_array[1][11](=0)
FF Output: t/mon_data_write/latch_array[1][14](=0)
FF Output: t/mon_data_write/latch_array[1][15](=0)
FF Output: t/mon_data_write/latch_array[1][16](=0)
FF Output: t/mon_data_write/latch_array[1][17](=0)
FF Output: t/mon_data_write/latch_array[1][18](=0)
FF Output: t/mon_data_write/latch_array[1][19](=0)
FF Output: t/mon_data_write/latch_array[1][20](=0)
FF Output: t/mon_data_write/latch_array[1][22](=0)
FF Output: t/mon_data_write/latch_array[1][23](=0)
FF Output: t/mon_data_write/latch_array[1][24](=0)
FF Output: t/mon_data_write/latch_array[1][25](=0)
FF Output: t/mon_data_write/latch_array[1][26](=0)
FF Output: t/mon_data_write/latch_array[1][27](=0)
FF Output: t/mon_data_write/latch_array[1][29](=0)
FF Output: t/mon_data_write/latch_array[1][30](=0)
FF Output: t/mon_data_write/latch_array[1][31](=0)
FF Output: t/regacc_data_rd[8](=0)
FF Output: t/regacc_data_rd[9](=0)
FF Output: t/regacc_data_rd[10](=0)
FF Output: t/regacc_data_rd[11](=0)
FF Output: t/regacc_data_rd[12](=0)
FF Output: t/regacc_data_rd[13](=0)
FF Output: t/regacc_data_rd[14](=0)
FF Output: t/regacc_data_rd[15](=0)
FF Output: t/regacc_data_rd[16](=0)
FF Output: t/regacc_data_rd[17](=0)
FF Output: t/regacc_data_rd[18](=0)
FF Output: t/regacc_data_rd[19](=0)
FF Output: t/regacc_data_rd[20](=0)
FF Output: t/regacc_data_rd[21](=0)
FF Output: t/regacc_data_rd[22](=0)
FF Output: t/regacc_data_rd[23](=0)
FF Output: t/regacc_data_rd[24](=0)
FF Output: t/regacc_data_rd[25](=0)
FF Output: t/regacc_data_rd[26](=0)
FF Output: t/regacc_data_rd[27](=0)
FF Output: t/regacc_data_rd[28](=0)
FF Output: t/regacc_data_rd[29](=0)
FF Output: t/regacc_data_rd[30](=0)
FF Output: t/regacc_data_rd[31](=0)
FF Output: t/fakernet/ram_arp_icmp.prod.set_broadcast(=0)
FF Output: t/fakernet/ram_arp_icmp.prod.set_words[0](=0)
FF Output: t/fakernet/in_sm/s.is_dhcp(=0)
FF Output: t/fakernet/in_sm/s.dyn_offer_ip_port.portno[0](=0)
FF Output: t/ntpr_recv_ts[0](=0)
FF Output: t/fakernet/in_sm/ntp_tx_delay_ref_ts[0](=0)
FF Output: t/fakernet/in_sm/s.dyn_offer_ip_port.portno[1](=0)
FF Output: t/fakernet/in_sm/s.dyn_offer_ip_port.portno[2](=0)
FF Output: t/fakernet/in_sm/s.dyn_offer_ip_port.portno[3](=0)
FF Output: t/fakernet/in_sm/s.dyn_offer_ip_port.portno[4](=0)
FF Output: t/fakernet/in_sm/s.dyn_offer_ip_port.portno[5](=0)
FF Output: t/fakernet/in_sm/s.dyn_offer_ip_port.portno[6](=0)
FF Output: t/fakernet/in_sm/s.dyn_offer_ip_port.portno[7](=0)
FF Output: t/fakernet/in_sm/s.dyn_offer_ip_port.portno[8](=0)
FF Output: t/fakernet/in_sm/s.dyn_offer_ip_port.portno[9](=0)
FF Output: t/fakernet/in_sm/s.dyn_offer_ip_port.portno[10](=0)
FF Output: t/fakernet/in_sm/s.dyn_offer_ip_port.portno[11](=0)
FF Output: t/fakernet/in_sm/s.dyn_offer_ip_port.portno[12](=0)
FF Output: t/fakernet/in_sm/s.dyn_offer_ip_port.portno[13](=0)
FF Output: t/fakernet/in_sm/s.dyn_offer_ip_port.portno[14](=0)
FF Output: t/fakernet/in_sm/s.dyn_offer_ip_port.portno[15](=0)
FF Output: t/ntpr_recv_ts[1](=0)
FF Output: t/ntpr_recv_ts[2](=0)
FF Output: t/ntpr_recv_ts[3](=0)
FF Output: t/ntpr_recv_ts[4](=0)
FF Output: t/ntpr_recv_ts[5](=0)
FF Output: t/ntpr_recv_ts[6](=0)
FF Output: t/ntpr_recv_ts[7](=0)
FF Output: t/ntpr_recv_ts[8](=0)
FF Output: t/ntpr_recv_ts[9](=0)
FF Output: t/ntpr_recv_ts[10](=0)
FF Output: t/ntpr_recv_ts[11](=0)
FF Output: t/ntpr_recv_ts[12](=0)
FF Output: t/ntpr_recv_ts[13](=0)
FF Output: t/ntpr_recv_ts[14](=0)
FF Output: t/ntpr_recv_ts[15](=0)
FF Output: t/ntpr_recv_ts[16](=0)
FF Output: t/ntpr_recv_ts[17](=0)
FF Output: t/ntpr_recv_ts[18](=0)
FF Output: t/ntpr_recv_ts[19](=0)
FF Output: t/ntpr_recv_ts[20](=0)
FF Output: t/ntpr_recv_ts[21](=0)
FF Output: t/ntpr_recv_ts[22](=0)
FF Output: t/ntpr_recv_ts[23](=0)
FF Output: t/ntpr_recv_ts[24](=0)
FF Output: t/ntpr_recv_ts[25](=0)
FF Output: t/ntpr_recv_ts[26](=0)
FF Output: t/ntpr_recv_ts[27](=0)
FF Output: t/ntpr_recv_ts[28](=0)
FF Output: t/ntpr_recv_ts[29](=0)
FF Output: t/ntpr_recv_ts[30](=0)
FF Output: t/ntpr_recv_ts[31](=0)
FF Output: t/ntpr_recv_ts[32](=0)
FF Output: t/ntpr_recv_ts[33](=0)
FF Output: t/ntpr_recv_ts[34](=0)
FF Output: t/ntpr_recv_ts[35](=0)
FF Output: t/ntpr_recv_ts[36](=0)
FF Output: t/ntpr_recv_ts[37](=0)
FF Output: t/ntpr_recv_ts[38](=0)
FF Output: t/ntpr_recv_ts[39](=0)
FF Output: t/ntpr_recv_ts[40](=0)
FF Output: t/ntpr_recv_ts[41](=0)
FF Output: t/ntpr_recv_ts[42](=0)
FF Output: t/ntpr_recv_ts[43](=0)
FF Output: t/ntpr_recv_ts[44](=0)
FF Output: t/ntpr_recv_ts[45](=0)
FF Output: t/ntpr_recv_ts[46](=0)
FF Output: t/ntpr_recv_ts[47](=0)
FF Output: t/ntpr_recv_ts[48](=0)
FF Output: t/ntpr_recv_ts[49](=0)
FF Output: t/ntpr_recv_ts[50](=0)
FF Output: t/ntpr_recv_ts[51](=0)
FF Output: t/ntpr_recv_ts[52](=0)
FF Output: t/ntpr_recv_ts[53](=0)
FF Output: t/ntpr_recv_ts[54](=0)
FF Output: t/ntpr_recv_ts[55](=0)
FF Output: t/ntpr_recv_ts[56](=0)
FF Output: t/ntpr_recv_ts[57](=0)
FF Output: t/ntpr_recv_ts[58](=0)
FF Output: t/ntpr_recv_ts[59](=0)
FF Output: t/ntpr_recv_ts[60](=0)
FF Output: t/ntpr_recv_ts[61](=0)
FF Output: t/ntpr_recv_ts[62](=0)
FF Output: t/ntpr_recv_ts[63](=0)
FF Output: t/fakernet/in_sm/ntp_tx_delay_ref_ts[1](=0)
FF Output: t/fakernet/in_sm/ntp_tx_delay_ref_ts[2](=0)
FF Output: t/fakernet/in_sm/ntp_tx_delay_ref_ts[3](=0)
FF Output: t/fakernet/in_sm/ntp_tx_delay_ref_ts[4](=0)
FF Output: t/fakernet/in_sm/ntp_tx_delay_ref_ts[5](=0)
FF Output: t/fakernet/in_sm/ntp_tx_delay_ref_ts[6](=0)
FF Output: t/fakernet/in_sm/ntp_tx_delay_ref_ts[7](=0)
FF Output: t/fakernet/in_sm/ntp_tx_delay_ref_ts[8](=0)
FF Output: t/fakernet/in_sm/ntp_tx_delay_ref_ts[9](=0)
FF Output: t/fakernet/in_sm/ntp_tx_delay_ref_ts[10](=0)
FF Output: t/fakernet/in_sm/ntp_tx_delay_ref_ts[11](=0)
FF Output: t/fakernet/in_sm/ntp_tx_delay_ref_ts[12](=0)
FF Output: t/fakernet/in_sm/ntp_tx_delay_ref_ts[13](=0)
FF Output: t/fakernet/in_sm/ntp_tx_delay_ref_ts[14](=0)
FF Output: t/fakernet/in_sm/ntp_tx_delay_ref_ts[15](=0)
FF Output: t/fakernet/in_sm/ntp_tx_delay_ref_ts[16](=0)
FF Output: t/fakernet/in_sm/ntp_tx_delay_ref_ts[17](=0)
FF Output: t/fakernet/in_sm/ntp_tx_delay_ref_ts[18](=0)
FF Output: t/fakernet/in_sm/ntp_tx_delay_ref_ts[19](=0)
FF Output: t/fakernet/in_sm/ntp_tx_delay_ref_ts[20](=0)
FF Output: t/fakernet/in_sm/ntp_tx_delay_ref_ts[21](=0)
FF Output: t/fakernet/in_sm/ntp_tx_future_ts[22](=0)
FF Output: t/fakernet/in_sm/ntp_tx_future_ts[23](=0)
FF Output: t/fakernet/in_sm/ntp_tx_future_ts[24](=0)
FF Output: t/fakernet/in_sm/ntp_tx_future_ts[25](=0)
FF Output: t/fakernet/in_sm/ntp_tx_future_ts[26](=0)
FF Output: t/fakernet/in_sm/ntp_tx_future_ts[27](=0)
FF Output: t/fakernet/in_sm/ntp_tx_future_ts[28](=0)
FF Output: t/fakernet/in_sm/ntp_tx_future_ts[29](=0)
FF Output: t/fakernet/in_sm/ntp_tx_future_ts[30](=0)
FF Output: t/fakernet/in_sm/ntp_tx_future_ts[31](=0)
FF Output: t/fakernet/in_sm/ntp_tx_future_ts[32](=0)
FF Output: t/fakernet/in_sm/ntp_tx_future_ts[33](=0)
FF Output: t/fakernet/in_sm/ntp_tx_future_ts[34](=0)
FF Output: t/fakernet/in_sm/ntp_tx_future_ts[35](=0)
FF Output: t/fakernet/in_sm/ntp_tx_future_ts[36](=0)
FF Output: t/fakernet/in_sm/ntp_tx_future_ts[37](=0)
FF Output: t/fakernet/in_sm/ntp_tx_future_ts[38](=0)
FF Output: t/fakernet/in_sm/ntp_tx_future_ts[39](=0)
FF Output: t/fakernet/in_sm/ntp_tx_future_ts[40](=0)
FF Output: t/fakernet/in_sm/ntp_tx_future_ts[41](=0)
FF Output: t/fakernet/in_sm/ntp_tx_future_ts[42](=0)
FF Output: t/fakernet/in_sm/ntp_tx_future_ts[43](=0)
FF Output: t/fakernet/in_sm/ntp_tx_future_ts[44](=0)
FF Output: t/fakernet/in_sm/ntp_tx_future_ts[45](=0)
FF Output: t/fakernet/in_sm/ntp_tx_future_ts[46](=0)
FF Output: t/fakernet/in_sm/ntp_tx_future_ts[47](=0)
FF Output: t/fakernet/in_sm/ntp_tx_future_ts[48](=0)
FF Output: t/fakernet/in_sm/ntp_tx_future_ts[49](=0)
FF Output: t/fakernet/in_sm/ntp_tx_future_ts[50](=0)
FF Output: t/fakernet/in_sm/ntp_tx_future_ts[51](=0)
FF Output: t/fakernet/in_sm/ntp_tx_future_ts[52](=0)
FF Output: t/fakernet/in_sm/ntp_tx_future_ts[53](=0)
FF Output: t/fakernet/in_sm/ntp_tx_future_ts[54](=0)
FF Output: t/fakernet/in_sm/ntp_tx_future_ts[55](=0)
FF Output: t/fakernet/in_sm/ntp_tx_future_ts[56](=0)
FF Output: t/fakernet/in_sm/ntp_tx_future_ts[57](=0)
FF Output: t/fakernet/in_sm/ntp_tx_future_ts[58](=0)
FF Output: t/fakernet/in_sm/ntp_tx_future_ts[59](=0)
FF Output: t/fakernet/in_sm/ntp_tx_future_ts[60](=0)
FF Output: t/fakernet/in_sm/ntp_tx_future_ts[61](=0)
FF Output: t/fakernet/in_sm/ntp_tx_future_ts[62](=0)
FF Output: t/fakernet/in_sm/ntp_tx_future_ts[63](=0)
FF Output: t/fakernet/dyn_ctrl_stat.pending_dhcp_disc(=0)
FF Output: t/fakernet/dyn_ctrl_stat.dhcp_xid[2](=0)
FF Output: t/fakernet/dyn_ctrl_stat.dhcp_xid[8](=0)
FF Output: t/fakernet/dyn_ctrl_stat.dhcp_xid[3](=0)
FF Output: t/fakernet/dyn_ctrl_stat.dhcp_xid[4](=0)
FF Output: t/fakernet/dyn_ctrl_stat.dhcp_xid[5](=0)
FF Output: t/fakernet/dyn_ctrl_stat.dhcp_xid[6](=0)
FF Output: t/fakernet/dyn_ctrl_stat.dhcp_xid[7](=0)
FF Output: t/fakernet/dyn_ctrl_stat.dhcp_xid[9](=0)
FF Output: t/fakernet/dyn_ctrl_stat.dhcp_xid[10](=0)
FF Output: t/fakernet/dyn_ctrl_stat.dhcp_xid[11](=0)
FF Output: t/fakernet/dyn_ctrl_stat.dhcp_xid[12](=0)
FF Output: t/fakernet/dyn_ctrl_stat.dhcp_xid[13](=0)
FF Output: t/fakernet/dyn_ctrl_stat.dhcp_xid[14](=0)
FF Output: t/fakernet/dyn_ctrl_stat.dhcp_xid[15](=0)
FF Output: t/fakernet/dyn_ctrl_stat.dhcp_xid[16](=0)
FF Output: t/fakernet/dyn_ctrl_stat.dhcp_xid[17](=0)
FF Output: t/fakernet/dyn_ctrl_stat.dhcp_xid[18](=0)
FF Output: t/fakernet/dyn_ctrl_stat.dhcp_xid[19](=0)
FF Output: t/fakernet/dyn_ctrl_stat.dhcp_xid[20](=0)
FF Output: t/fakernet/dyn_ctrl_stat.dhcp_xid[21](=0)
FF Output: t/fakernet/dyn_ctrl_stat.dhcp_xid[22](=0)
FF Output: t/fakernet/dyn_ctrl_stat.dhcp_xid[23](=0)
FF Output: t/fakernet/dyn_ctrl_stat.dhcp_xid[24](=0)
FF Output: t/fakernet/dyn_ctrl_stat.dhcp_xid[25](=0)
FF Output: t/fakernet/dyn_ctrl_stat.dhcp_xid[26](=0)
FF Output: t/fakernet/dyn_ctrl_stat.dhcp_xid[27](=0)
FF Output: t/fakernet/dyn_ctrl_stat.dhcp_xid[28](=0)
FF Output: t/fakernet/dyn_ctrl_stat.dhcp_xid[29](=0)
FF Output: t/fakernet/dyn_ctrl_stat.dhcp_xid[30](=0)
FF Output: t/fakernet/dyn_ctrl_stat.dhcp_xid[31](=0)
FF Output: t/fakernet/ntpq_ctrl/more_requests(=0)
FF Output: t/fakernet/ntpq_ctrl/first_wait(=0)
FF Output: t/fakernet/dyn_ctrl_gen_stat.gen_dhcp_disc(=0)
FF Output: t/out_info.udp[8](=0)
FF Output: t/fakernet/out_sm/s.cnt[0](=0)
FF Output: t/out_info.udp[7](=0)
FF Output: t/out_info.udp[6](=0)
FF Output: t/out_info.udp[5](=0)
FF Output: t/out_info.udp[4](=0)
FF Output: t/out_info.udp[3](=0)
FF Output: t/out_info.udp[2](=0)
FF Output: t/fakernet/regacc/regacc_pst2_ext_data_rd[8](=0)
FF Output: t/fakernet/regacc/regacc_pst2_ext_data_rd[9](=0)
FF Output: t/fakernet/regacc/regacc_pst2_ext_data_rd[10](=0)
FF Output: t/fakernet/regacc/regacc_pst2_ext_data_rd[11](=0)
FF Output: t/fakernet/regacc/regacc_pst2_ext_data_rd[12](=0)
FF Output: t/fakernet/regacc/regacc_pst2_ext_data_rd[13](=0)
FF Output: t/fakernet/regacc/regacc_pst2_ext_data_rd[14](=0)
FF Output: t/fakernet/regacc/regacc_pst2_ext_data_rd[15](=0)
FF Output: t/fakernet/regacc/regacc_pst2_ext_data_rd[16](=0)
FF Output: t/fakernet/regacc/regacc_pst2_ext_data_rd[17](=0)
FF Output: t/fakernet/regacc/regacc_pst2_ext_data_rd[18](=0)
FF Output: t/fakernet/regacc/regacc_pst2_ext_data_rd[19](=0)
FF Output: t/fakernet/regacc/regacc_pst2_ext_data_rd[20](=0)
FF Output: t/fakernet/regacc/regacc_pst2_ext_data_rd[21](=0)
FF Output: t/fakernet/regacc/regacc_pst2_ext_data_rd[22](=0)
FF Output: t/fakernet/regacc/regacc_pst2_ext_data_rd[23](=0)
FF Output: t/fakernet/regacc/regacc_pst2_ext_data_rd[24](=0)
FF Output: t/fakernet/regacc/regacc_pst2_ext_data_rd[25](=0)
FF Output: t/fakernet/regacc/regacc_pst2_ext_data_rd[26](=0)
FF Output: t/fakernet/regacc/regacc_pst2_ext_data_rd[27](=0)
FF Output: t/fakernet/regacc/regacc_pst2_ext_data_rd[28](=0)
FF Output: t/fakernet/regacc/regacc_pst2_ext_data_rd[29](=0)
FF Output: t/fakernet/regacc/regacc_pst2_ext_data_rd[30](=0)
FF Output: t/fakernet/regacc/regacc_pst2_ext_data_rd[31](=0)
FF Output: t/fakernet/lclreg/testctrl_reg[8][0](=0)
FF Output: t/fakernet/lclreg/testctrl_reg[8][1](=0)
FF Output: t/fakernet/lclreg/testctrl_reg[8][2](=0)
FF Output: t/fakernet/lclreg/testctrl_reg[8][3](=0)
FF Output: t/fakernet/lclreg/testctrl_reg[8][4](=0)
FF Output: t/fakernet/lclreg/testctrl_reg[8][5](=0)
FF Output: t/fakernet/lclreg/testctrl_reg[8][6](=0)
FF Output: t/fakernet/lclreg/testctrl_reg[8][7](=0)
FF Output: t/fakernet/lclreg/testctrl_reg[8][8](=0)
FF Output: t/fakernet/lclreg/testctrl_reg[8][9](=0)
FF Output: t/fakernet/lclreg/testctrl_reg[8][10](=0)
FF Output: t/fakernet/lclreg/testctrl_reg[8][11](=0)
FF Output: t/fakernet/lclreg/testctrl_reg[8][12](=0)
FF Output: t/fakernet/lclreg/testctrl_reg[8][13](=0)
FF Output: t/fakernet/lclreg/testctrl_reg[8][14](=0)
FF Output: t/fakernet/lclreg/testctrl_reg[8][15](=0)
FF Output: t/fakernet/lclreg/testctrl_reg[8][16](=0)
FF Output: t/fakernet/lclreg/testctrl_reg[8][17](=0)
FF Output: t/fakernet/lclreg/testctrl_reg[8][18](=0)
FF Output: t/fakernet/lclreg/testctrl_reg[8][19](=0)
FF Output: t/fakernet/lclreg/testctrl_reg[8][20](=0)
FF Output: t/fakernet/lclreg/testctrl_reg[8][21](=0)
FF Output: t/fakernet/lclreg/testctrl_reg[8][22](=0)
FF Output: t/fakernet/lclreg/testctrl_reg[8][23](=0)
FF Output: t/fakernet/lclreg/testctrl_reg[8][24](=0)
FF Output: t/fakernet/lclreg/testctrl_reg[8][25](=0)
FF Output: t/fakernet/lclreg/testctrl_reg[8][26](=0)
FF Output: t/fakernet/lclreg/testctrl_reg[8][27](=0)
FF Output: t/fakernet/lclreg/testctrl_reg[8][28](=0)
FF Output: t/fakernet/lclreg/testctrl_reg[8][29](=0)
FF Output: t/fakernet/lclreg/testctrl_reg[8][30](=0)
FF Output: t/fakernet/lclreg/testctrl_reg[8][31](=0)
FF Output: t/fakernet/lclreg/to_count[28](=0)
FF Output: t/fakernet/lclreg/to_count[29](=0)
FF Output: t/fakernet/lclreg/to_count[30](=0)
FF Output: t/fakernet/lclreg/to_count[31](=0)
FF Output: t/fakernet/lclreg/to_count[32](=0)
FF Output: t/fakernet/lclreg/to_count[36](=0)
FF Output: t/fakernet/lclreg/to_count[37](=0)
FF Output: t/fakernet/lclreg/to_count[38](=0)
FF Output: t/fakernet/lclreg/to_count[39](=0)
FF Output: t/fakernet/lclreg/to_count[40](=0)
FF Output: t/fakernet/lclreg/to_count[41](=0)
FF Output: t/fakernet/lclreg/to_count[42](=0)
FF Output: t/fakernet/lclreg/to_count[45](=0)
FF Output: t/fakernet/lclreg/to_count[46](=0)
FF Output: t/fakernet/lclreg/to_count[79](=0)
FF Output: t/fakernet/lclreg/to_count[80](=0)
FF Output: t/fakernet/lclreg/to_count[81](=0)
FF Output: t/fakernet/lclreg/to_count[82](=0)
FF Output: t/fakernet/lclreg/to_count[83](=0)
FF Output: t/fakernet/lclreg/to_count[84](=0)
FF Output: t/fakernet/lclreg/to_count[85](=0)
FF Output: t/fakernet/lclreg/to_count[86](=0)
FF Output: t/fakernet/lclreg/to_count[87](=0)
FF Output: t/fakernet/lclreg/to_count[88](=0)
FF Output: t/fakernet/lclreg/to_count[89](=0)
FF Output: t/fakernet/lclreg/to_count[90](=0)
FF Output: t/fakernet/lclreg/to_count[91](=0)
FF Output: t/fakernet/lclreg/to_count[92](=0)
FF Output: t/fakernet/lclreg/to_count[93](=0)
FF Output: t/fakernet/lclreg/to_count[94](=0)
FF Output: t/fakernet/lclreg/to_count[95](=0)
FF Output: t/fakernet/lclreg/to_count[96](=0)
FF Output: t/fakernet/lclreg/to_count[97](=0)
FF Output: t/fakernet/lclreg/to_count[98](=0)
FF Output: t/fakernet/lclreg/to_count[99](=0)
FF Output: t/fakernet/lclreg/to_count[100](=0)
FF Output: t/fakernet/lclreg/to_count[101](=0)
FF Output: t/fakernet/lclreg/to_count[102](=0)
FF Output: t/fakernet/lclreg/to_count[103](=0)
FF Output: t/fakernet/lclreg/to_count[104](=0)
FF Output: t/fakernet/lclreg/to_count[105](=0)
FF Output: t/fakernet/lclreg/to_count[106](=0)
FF Output: t/fakernet/lclreg/to_count[107](=0)
FF Output: t/fakernet/lclreg/to_count[108](=0)
FF Output: t/fakernet/lclreg/to_count[109](=0)
FF Output: t/fakernet/lclreg/to_count[110](=0)
FF Output: t/fakernet/lclreg/to_count[111](=0)
FF Output: t/fakernet/lclreg/to_count[112](=0)
FF Output: t/fakernet/lclreg/to_count[113](=0)
FF Output: t/fakernet/lclreg/to_count[114](=0)
FF Output: t/fakernet/lclreg/to_count[115](=0)
FF Output: t/fakernet/lclreg/to_count[116](=0)
FF Output: t/fakernet/lclreg/to_count[117](=0)
FF Output: t/fakernet/lclreg/to_count[118](=0)
FF Output: t/fakernet/lclreg/to_count[119](=0)
FF Output: t/fakernet/lclreg/to_count[120](=0)
FF Output: t/fakernet/lclreg/to_count[121](=0)
FF Output: t/fakernet/lclreg/to_count[122](=0)
FF Output: t/fakernet/lclreg/to_count[123](=0)
FF Output: t/fakernet/lclreg/to_count[124](=0)
FF Output: t/fakernet/lclreg/to_count[125](=0)
FF Output: t/fakernet/lclreg/to_count[126](=0)
FF Output: t/fakernet/lclreg/to_count[127](=0)
FF Output: t/fakernet/lclreg/rawregs[3][15](=0)
FF Output: t/fakernet/lclreg/rawregs[3][16](=0)
FF Output: t/fakernet/lclreg/rawregs[3][17](=0)
FF Output: t/fakernet/lclreg/rawregs[3][18](=0)
FF Output: t/fakernet/lclreg/rawregs[3][19](=0)
FF Output: t/fakernet/lclreg/rawregs[3][20](=0)
FF Output: t/fakernet/lclreg/rawregs[3][21](=0)
FF Output: t/fakernet/lclreg/rawregs[3][22](=0)
FF Output: t/fakernet/lclreg/rawregs[3][23](=0)
FF Output: t/fakernet/lclreg/rawregs[3][24](=0)
FF Output: t/fakernet/lclreg/rawregs[3][25](=0)
FF Output: t/fakernet/lclreg/rawregs[3][26](=0)
FF Output: t/fakernet/lclreg/rawregs[3][27](=0)
FF Output: t/fakernet/lclreg/rawregs[3][28](=0)
FF Output: t/fakernet/lclreg/rawregs[3][29](=0)
FF Output: t/fakernet/lclreg/rawregs[3][30](=0)
FF Output: t/fakernet/lclreg/rawregs[3][31](=0)
FF Output: t/fakernet/lclreg/rawregs[4][15](=0)
FF Output: t/fakernet/lclreg/rawregs[4][16](=0)
FF Output: t/fakernet/lclreg/rawregs[4][17](=0)
FF Output: t/fakernet/lclreg/rawregs[4][18](=0)
FF Output: t/fakernet/lclreg/rawregs[4][19](=0)
FF Output: t/fakernet/lclreg/rawregs[4][20](=0)
FF Output: t/fakernet/lclreg/rawregs[4][21](=0)
FF Output: t/fakernet/lclreg/rawregs[4][22](=0)
FF Output: t/fakernet/lclreg/rawregs[4][23](=0)
FF Output: t/fakernet/lclreg/rawregs[4][24](=0)
FF Output: t/fakernet/lclreg/rawregs[4][25](=0)
FF Output: t/fakernet/lclreg/rawregs[4][26](=0)
FF Output: t/fakernet/lclreg/rawregs[4][27](=0)
FF Output: t/fakernet/lclreg/rawregs[4][28](=0)
FF Output: t/fakernet/lclreg/rawregs[4][29](=0)
FF Output: t/fakernet/lclreg/rawregs[4][30](=0)
FF Output: t/fakernet/lclreg/rawregs[4][31](=0)
FF Output: t/fakernet/lclreg/rawregs[5][16](=0)
FF Output: t/fakernet/lclreg/rawregs[5][17](=0)
FF Output: t/fakernet/lclreg/rawregs[5][18](=0)
FF Output: t/fakernet/lclreg/rawregs[5][19](=0)
FF Output: t/fakernet/lclreg/rawregs[5][20](=0)
FF Output: t/fakernet/lclreg/rawregs[5][21](=0)
FF Output: t/fakernet/lclreg/rawregs[5][22](=0)
FF Output: t/fakernet/lclreg/rawregs[5][23](=0)
FF Output: t/fakernet/lclreg/rawregs[5][24](=0)
FF Output: t/fakernet/lclreg/rawregs[5][25](=0)
FF Output: t/fakernet/lclreg/rawregs[5][26](=0)
FF Output: t/fakernet/lclreg/rawregs[5][27](=0)
FF Output: t/fakernet/lclreg/rawregs[5][28](=0)
FF Output: t/fakernet/lclreg/rawregs[5][29](=0)
FF Output: t/fakernet/lclreg/rawregs[5][30](=0)
FF Output: t/fakernet/lclreg/rawregs[5][31](=0)
FF Output: t/fakernet/tcp_ctrl_stat.window_sz[0](=0)
FF Output: t/fakernet/ram_tcp_prep2[0].prod.set_words[0](=0)
FF Output: t/fakernet/preptcp/off_stored[0](=0)
FF Output: t/fakernet/preptcp/off_stored[1](=0)
FF Output: t/fakernet/preptcp/off_stored[2](=0)
FF Output: t/fakernet/preptcp/off_stored[3](=0)
FF Output: t/fakernet/preptcp/off_stored[4](=0)
FF Output: t/fakernet/preptcp/off_stored[5](=0)
FF Output: t/fakernet/preptcp/off_stored[6](=0)
FF Output: t/fakernet/preptcp/off_stored[7](=0)
FF Output: t/fakernet/preptcp/off_stored[8](=0)
FF Output: t/fakernet/preptcp/off_stored[9](=0)
FF Output: t/fakernet/preptcp/off_stored[10](=0)
FF Output: t/fakernet/data_port_a_rd(=0)
FF Output: t/fakernet/tcp_buf_stat.base_fill[0](=0)
FF Output: t/fakernet/tcp_buffer/data_pre_offset[8](=0)
FF Output: t/fakernet/tcp_buffer/data_pre_offset[9](=0)
FF Output: t/fakernet/tcp_buffer/data_pre_len[6](=0)
FF Output: t/fakernet/tcp_buffer/data_pre_len[7](=0)
FF Output: t/fakernet/tcp_buf_stat.base_fill[1](=0)
FF Output: t/fakernet/ram_arp_icmp.stat.words[0](=0)
FF Output: t/fakernet/ram_arp_icmp.stat.broadcast(=0)
FF Output: t/fakernet/ram_pkt_gen.stat.words[0](=0)
FF Output: t/fakernet/ram_pkt_gen.stat.broadcast(=0)
FF Output: t/fakernet/ram_udp_regacc.stat.words[0](=0)
FF Output: t/fakernet/ram_udp_regidp.stat.words[0](=0)
FF Output: t/fakernet/ram_udp_regidp.stat.broadcast(=0)
FF Output: t/fakernet/ram_udp_regres[0].stat.words[0](=0)
FF Output: t/fakernet/ram_udp_regres[0].stat.broadcast(=0)
FF Output: t/fakernet/ram_udp_regres[1].stat.words[0](=0)
FF Output: t/fakernet/ram_udp_regres[1].stat.broadcast(=0)
FF Output: t/fakernet/ram_tcp_prep2[0].stat.words[0](=0)
FF Output: t/fakernet/ram_tcp_prep2[0].stat.broadcast(=0)
FF Output: t/fakernet/ram_tcp_prep2[1].stat.words[0](=0)
FF Output: t/fakernet/ram_tcp_prep2[1].stat.broadcast(=0)
FF Output: t/fakernet/regacc_aux_info.stat.end_words[0](=0)
FF Output: t/btn_latch[1](=0)
FF Output: t/btn_latch[2](=0)
FF Output: t/btn_latch[3](=0)
FF Output: t/infoc_pending[2](=0)
FF Output: t/infoc_pending[3](=0)
FF Output: t/infoc_pending[4](=0)
FF Output: t/infoc_pending[5](=0)
FF Output: t/infoc_pending[6](=0)
FF Output: t/infoc_pending[7](=0)
FF Output: t/infoc_pending[8](=0)
FF Output: t/infoc_pending[9](=0)
FF Output: t/infoc_pending[10](=0)
FF Output: t/infoc_pending[11](=0)
FF Output: t/infoc_pending[12](=0)
FF Output: t/infoc_pending[13](=0)
FF Output: t/infoc_pending[14](=0)
FF Output: t/infoc_pending[15](=0)
FF Output: t/infoc_pending[17](=0)
FF Output: t/infoc_pending[18](=0)
FF Output: t/infoc_pending[19](=0)
FF Output: t/infoc_pending[22](=0)
FF Output: t/infoc_pending[23](=0)
FF Output: t/infoc_pending[24](=0)
FF Output: t/infoc_pending[25](=0)
FF Output: t/infoc_pending[26](=0)
FF Output: t/infoc_pending[27](=0)
FF Output: t/infoc_pending[28](=0)
FF Output: t/infoc_pending[29](=0)
FF Output: t/infoc_pending[30](=0)
FF Output: t/infoc_pending[32](=0)
FF Output: t/infoc_pending[35](=0)
FF Output: t/infoc_pending[36](=0)
FF Output: t/infoc_pending[37](=0)
FF Output: t/infoc_pending[38](=0)
FF Output: t/infoc_pending[39](=0)
FF Output: t/infoc_pending[40](=0)
FF Output: t/infoc_pending[42](=0)
FF Output: t/infoc_pending[43](=0)
FF Output: t/infoc_pending[44](=0)
FF Output: t/infoc_pending[45](=0)
FF Output: t/infoc_pending[47](=0)
FF Output: t/infoc_pending[48](=0)
FF Output: t/infoc_pending[49](=0)
FF Output: t/infoc_pending[51](=0)
FF Output: t/infoc_pending[54](=0)
FF Output: t/infoc_pending[55](=0)
FF Output: t/infoc_pending[56](=0)
FF Output: t/infoc_pending[57](=0)
FF Output: t/infoc_pending[58](=0)
FF Output: t/infoc_pending[59](=0)
FF Output: t/infoc_pending[60](=0)
FF Output: t/infoc_pending[61](=0)
FF Output: t/infoc_pending[62](=0)
FF Output: t/infoc_pending[63](=0)
FF Output: t/regacc_data_rd[0](=0)
FF Output: t/data_word[0](=0)
FF Output: t/data_word[1](=0)
FF Output: t/data_word[2](=0)
FF Output: t/data_word[7](=0)
FF Output: t/data_word[8](=0)
FF Output: t/data_word[11](=0)
FF Output: t/data_word[15](=0)
FF Output: t/data_word[16](=0)
FF Output: t/data_word[17](=0)
FF Output: t/data_word[19](=0)
FF Output: t/data_word[22](=0)
FF Output: t/data_word[23](=0)
FF Output: t/data_word[24](=0)
FF Output: t/data_word[26](=0)
FF Output: t/data_word[27](=0)
FF Output: t/data_word[29](=0)
FF Output: t/data_word[30](=0)
FF Output: t/data_word[31](=0)
FF Output: t/regacc_data_rd[1](=0)
FF Output: t/regacc_data_rd[2](=0)
FF Output: t/regacc_data_rd[3](=0)
FF Output: t/fakernet/dyn_ctrl_stat.expect_dhcp_offer(=0)
FF Output: t/fakernet/ntpq_ctrl/next_wait_clks[0](=0)
FF Output: t/fakernet/ntpq_ctrl_stat.pending_ntp_query(=0)
FF Output: t/fakernet/ntpq_ctrl/final_wait(=0)
FF Output: t/fakernet/ntpq_ctrl/response_clks[0](=0)
FF Output: t/fakernet/ntpq_ctrl/next_wait_clks[1](=0)
FF Output: t/fakernet/ntpq_ctrl/next_wait_clks[2](=0)
FF Output: t/fakernet/ntpq_ctrl/next_wait_clks[3](=0)
FF Output: t/fakernet/ntpq_ctrl/next_wait_clks[4](=0)
FF Output: t/fakernet/ntpq_ctrl/next_wait_clks[5](=0)
FF Output: t/fakernet/ntpq_ctrl/next_wait_clks[6](=0)
FF Output: t/fakernet/ntpq_ctrl/next_wait_clks[7](=0)
FF Output: t/fakernet/ntpq_ctrl/next_wait_clks[8](=0)
FF Output: t/fakernet/ntpq_ctrl/next_wait_clks[9](=0)
FF Output: t/fakernet/ntpq_ctrl/next_wait_clks[10](=0)
FF Output: t/fakernet/ntpq_ctrl/next_wait_clks[11](=0)
FF Output: t/fakernet/ntpq_ctrl/next_wait_clks[12](=0)
FF Output: t/fakernet/ntpq_ctrl/next_wait_clks[13](=0)
FF Output: t/fakernet/ntpq_ctrl/next_wait_clks[14](=0)
FF Output: t/fakernet/ntpq_ctrl/next_wait_clks[15](=0)
FF Output: t/fakernet/ntpq_ctrl/next_wait_clks[16](=0)
FF Output: t/fakernet/ntpq_ctrl/next_wait_clks[17](=0)
FF Output: t/fakernet/ntpq_ctrl/next_wait_clks[18](=0)
FF Output: t/fakernet/ntpq_ctrl/next_wait_clks[19](=0)
FF Output: t/fakernet/ntpq_ctrl/response_clks[1](=0)
FF Output: t/fakernet/ntpq_ctrl/response_clks[2](=0)
FF Output: t/fakernet/ntpq_ctrl/response_clks[3](=0)
FF Output: t/fakernet/ntpq_ctrl/response_clks[4](=0)
FF Output: t/fakernet/ntpq_ctrl/response_clks[5](=0)
FF Output: t/fakernet/ntpq_ctrl/response_clks[6](=0)
FF Output: t/fakernet/ntpq_ctrl/response_clks[7](=0)
FF Output: t/fakernet/ntpq_ctrl/response_clks[8](=0)
FF Output: t/fakernet/ntpq_ctrl/response_clks[9](=0)
FF Output: t/fakernet/ntpq_ctrl/response_clks[10](=0)
FF Output: t/fakernet/ntpq_ctrl/response_clks[11](=0)
FF Output: t/fakernet/ntpq_ctrl/response_clks[12](=0)
FF Output: t/fakernet/ntpq_ctrl/response_clks[13](=0)
FF Output: t/fakernet/ntpq_ctrl/response_clks[14](=0)
FF Output: t/fakernet/ntpq_ctrl/response_clks[15](=0)
FF Output: t/fakernet/ntpq_ctrl/response_clks[16](=0)
FF Output: t/fakernet/ntpq_ctrl/response_clks[17](=0)
FF Output: t/fakernet/ntpq_ctrl/response_clks[18](=0)
FF Output: t/fakernet/ntpq_ctrl/response_clks[19](=0)
FF Output: t/fakernet/out_sm/block_non_gen_since_tick(=0)
FF Output: t/fakernet/out_sm/block_non_gen_inhibit(=0)
FF Output: t/fakernet/regacc/regacc_pst2_ext_data_rd[0](=0)
FF Output: t/fakernet/regacc/regacc_pst_ext_data_rd[8](=0)
FF Output: t/fakernet/regacc/regacc_pst_ext_data_rd[9](=0)
FF Output: t/fakernet/regacc/regacc_pst_ext_data_rd[10](=0)
FF Output: t/fakernet/regacc/regacc_pst_ext_data_rd[11](=0)
FF Output: t/fakernet/regacc/regacc_pst_ext_data_rd[12](=0)
FF Output: t/fakernet/regacc/regacc_pst_ext_data_rd[13](=0)
FF Output: t/fakernet/regacc/regacc_pst_ext_data_rd[14](=0)
FF Output: t/fakernet/regacc/regacc_pst_ext_data_rd[15](=0)
FF Output: t/fakernet/regacc/regacc_pst_ext_data_rd[16](=0)
FF Output: t/fakernet/regacc/regacc_pst_ext_data_rd[17](=0)
FF Output: t/fakernet/regacc/regacc_pst_ext_data_rd[18](=0)
FF Output: t/fakernet/regacc/regacc_pst_ext_data_rd[19](=0)
FF Output: t/fakernet/regacc/regacc_pst_ext_data_rd[20](=0)
FF Output: t/fakernet/regacc/regacc_pst_ext_data_rd[21](=0)
FF Output: t/fakernet/regacc/regacc_pst_ext_data_rd[22](=0)
FF Output: t/fakernet/regacc/regacc_pst_ext_data_rd[23](=0)
FF Output: t/fakernet/regacc/regacc_pst_ext_data_rd[24](=0)
FF Output: t/fakernet/regacc/regacc_pst_ext_data_rd[25](=0)
FF Output: t/fakernet/regacc/regacc_pst_ext_data_rd[26](=0)
FF Output: t/fakernet/regacc/regacc_pst_ext_data_rd[27](=0)
FF Output: t/fakernet/regacc/regacc_pst_ext_data_rd[28](=0)
FF Output: t/fakernet/regacc/regacc_pst_ext_data_rd[29](=0)
FF Output: t/fakernet/regacc/regacc_pst_ext_data_rd[30](=0)
FF Output: t/fakernet/regacc/regacc_pst_ext_data_rd[31](=0)
FF Output: t/fakernet/regacc/regacc_pst2_ext_data_rd[1](=0)
FF Output: t/fakernet/regacc/regacc_pst2_ext_data_rd[2](=0)
FF Output: t/fakernet/regacc/regacc_pst2_ext_data_rd[3](=0)
FF Output: t/fakernet/lclreg/high_idx1[4](=0)
FF Output: t/fakernet/lclreg/high_idx1[5](=0)
FF Output: t/fakernet/dyn_ctrl_stat.dhcp_offer_ip[0](=0)
FF Output: t/fakernet/dyn_ctrl_stat.pending_dhcp_req(=0)
FF Output: t/fakernet/dyn_ctrl_stat.dhcp_offer_serv_ip[0](=0)
FF Output: t/fakernet/dyn_ctrl_stat.dhcp_offer_ip[1](=0)
FF Output: t/fakernet/dyn_ctrl_stat.dhcp_offer_ip[2](=0)
FF Output: t/fakernet/dyn_ctrl_stat.dhcp_offer_ip[3](=0)
FF Output: t/fakernet/dyn_ctrl_stat.dhcp_offer_ip[4](=0)
FF Output: t/fakernet/dyn_ctrl_stat.dhcp_offer_ip[5](=0)
FF Output: t/fakernet/dyn_ctrl_stat.dhcp_offer_ip[6](=0)
FF Output: t/fakernet/dyn_ctrl_stat.dhcp_offer_ip[7](=0)
FF Output: t/fakernet/dyn_ctrl_stat.dhcp_offer_ip[8](=0)
FF Output: t/fakernet/dyn_ctrl_stat.dhcp_offer_ip[9](=0)
FF Output: t/fakernet/dyn_ctrl_stat.dhcp_offer_ip[10](=0)
FF Output: t/fakernet/dyn_ctrl_stat.dhcp_offer_ip[11](=0)
FF Output: t/fakernet/dyn_ctrl_stat.dhcp_offer_ip[12](=0)
FF Output: t/fakernet/dyn_ctrl_stat.dhcp_offer_ip[13](=0)
FF Output: t/fakernet/dyn_ctrl_stat.dhcp_offer_ip[14](=0)
FF Output: t/fakernet/dyn_ctrl_stat.dhcp_offer_ip[15](=0)
FF Output: t/fakernet/dyn_ctrl_stat.dhcp_offer_ip[16](=0)
FF Output: t/fakernet/dyn_ctrl_stat.dhcp_offer_ip[17](=0)
FF Output: t/fakernet/dyn_ctrl_stat.dhcp_offer_ip[18](=0)
FF Output: t/fakernet/dyn_ctrl_stat.dhcp_offer_ip[19](=0)
FF Output: t/fakernet/dyn_ctrl_stat.dhcp_offer_ip[20](=0)
FF Output: t/fakernet/dyn_ctrl_stat.dhcp_offer_ip[21](=0)
FF Output: t/fakernet/dyn_ctrl_stat.dhcp_offer_ip[22](=0)
FF Output: t/fakernet/dyn_ctrl_stat.dhcp_offer_ip[23](=0)
FF Output: t/fakernet/dyn_ctrl_stat.dhcp_offer_ip[24](=0)
FF Output: t/fakernet/dyn_ctrl_stat.dhcp_offer_ip[25](=0)
FF Output: t/fakernet/dyn_ctrl_stat.dhcp_offer_ip[26](=0)
FF Output: t/fakernet/dyn_ctrl_stat.dhcp_offer_ip[27](=0)
FF Output: t/fakernet/dyn_ctrl_stat.dhcp_offer_ip[28](=0)
FF Output: t/fakernet/dyn_ctrl_stat.dhcp_offer_ip[29](=0)
FF Output: t/fakernet/dyn_ctrl_stat.dhcp_offer_ip[30](=0)
FF Output: t/fakernet/dyn_ctrl_stat.dhcp_offer_ip[31](=0)
FF Output: t/fakernet/dyn_ctrl_stat.dhcp_offer_serv_ip[1](=0)
FF Output: t/fakernet/dyn_ctrl_stat.dhcp_offer_serv_ip[2](=0)
FF Output: t/fakernet/dyn_ctrl_stat.dhcp_offer_serv_ip[3](=0)
FF Output: t/fakernet/dyn_ctrl_stat.dhcp_offer_serv_ip[4](=0)
FF Output: t/fakernet/dyn_ctrl_stat.dhcp_offer_serv_ip[5](=0)
FF Output: t/fakernet/dyn_ctrl_stat.dhcp_offer_serv_ip[6](=0)
FF Output: t/fakernet/dyn_ctrl_stat.dhcp_offer_serv_ip[7](=0)
FF Output: t/fakernet/dyn_ctrl_stat.dhcp_offer_serv_ip[8](=0)
FF Output: t/fakernet/dyn_ctrl_stat.dhcp_offer_serv_ip[9](=0)
FF Output: t/fakernet/dyn_ctrl_stat.dhcp_offer_serv_ip[10](=0)
FF Output: t/fakernet/dyn_ctrl_stat.dhcp_offer_serv_ip[11](=0)
FF Output: t/fakernet/dyn_ctrl_stat.dhcp_offer_serv_ip[12](=0)
FF Output: t/fakernet/dyn_ctrl_stat.dhcp_offer_serv_ip[13](=0)
FF Output: t/fakernet/dyn_ctrl_stat.dhcp_offer_serv_ip[14](=0)
FF Output: t/fakernet/dyn_ctrl_stat.dhcp_offer_serv_ip[15](=0)
FF Output: t/fakernet/dyn_ctrl_stat.dhcp_offer_serv_ip[16](=0)
FF Output: t/fakernet/dyn_ctrl_stat.dhcp_offer_serv_ip[17](=0)
FF Output: t/fakernet/dyn_ctrl_stat.dhcp_offer_serv_ip[18](=0)
FF Output: t/fakernet/dyn_ctrl_stat.dhcp_offer_serv_ip[19](=0)
FF Output: t/fakernet/dyn_ctrl_stat.dhcp_offer_serv_ip[20](=0)
FF Output: t/fakernet/dyn_ctrl_stat.dhcp_offer_serv_ip[21](=0)
FF Output: t/fakernet/dyn_ctrl_stat.dhcp_offer_serv_ip[22](=0)
FF Output: t/fakernet/dyn_ctrl_stat.dhcp_offer_serv_ip[23](=0)
FF Output: t/fakernet/dyn_ctrl_stat.dhcp_offer_serv_ip[24](=0)
FF Output: t/fakernet/dyn_ctrl_stat.dhcp_offer_serv_ip[25](=0)
FF Output: t/fakernet/dyn_ctrl_stat.dhcp_offer_serv_ip[26](=0)
FF Output: t/fakernet/dyn_ctrl_stat.dhcp_offer_serv_ip[27](=0)
FF Output: t/fakernet/dyn_ctrl_stat.dhcp_offer_serv_ip[28](=0)
FF Output: t/fakernet/dyn_ctrl_stat.dhcp_offer_serv_ip[29](=0)
FF Output: t/fakernet/dyn_ctrl_stat.dhcp_offer_serv_ip[30](=0)
FF Output: t/fakernet/dyn_ctrl_stat.dhcp_offer_serv_ip[31](=0)
FF Output: t/fakernet/dyn_ctrl_gen_stat.gen_dhcp_req(=0)
FF Output: t/out_info.block_bug(=0)
FF Output: t/fakernet/regacc/regacc_pst_ext_data_rd[0](=0)
FF Output: t/fakernet/regacc/regacc_pst_ext_data_rd[1](=0)
FF Output: t/fakernet/regacc/regacc_pst_ext_data_rd[2](=0)
FF Output: t/fakernet/regacc/regacc_pst_ext_data_rd[3](=0)
FF Output: t/fakernet/lclreg/to_count[75](=0)
FF Output: t/fakernet/dyn_ctrl_stat.expect_dhcp_ack(=0)
FF Output: t/fakernet/pkt_gen/active_ntp_query(=0)
FF Output: t/fakernet/pkt_gen/sending_ntp_query(=0)
FF Output: t/fakernet/dyn_ctrl_gen_stat.gen_ntp_query(=0)
FF Output: t/ntpq_sent(=0)
FF Output: t/ntpq_tm_lo[0](=0)
FF Output: t/ntpq_tm_lo[1](=0)
FF Output: t/ntpq_tm_lo[2](=0)
FF Output: t/ntpq_tm_lo[3](=0)
FF Output: t/ntpq_tm_lo[4](=0)
FF Output: t/ntpq_tm_lo[5](=0)
FF Output: t/ntpq_tm_lo[6](=0)
FF Output: t/ntpq_tm_lo[7](=0)
FF Output: t/ntpq_tm_lo[8](=0)
FF Output: t/ntpq_tm_lo[9](=0)
FF Output: t/ntpq_tm_lo[10](=0)
FF Output: t/ntpq_tm_lo[11](=0)
FF Output: t/ntpq_tm_lo[12](=0)
FF Output: t/ntpq_tm_lo[13](=0)
FF Output: t/ntpq_tm_lo[14](=0)
FF Output: t/ntpq_tm_lo[15](=0)
FF Output: t/fakernet/in_sm/ntp_tx_delay[1](=0)
FF Output: t/fakernet/in_sm/ntp_tx_future_ts[1](=0)
FF Output: t/fakernet/in_sm/ntp_tx_delay[17](=0)
FF Output: t/fakernet/in_sm/ntp_tx_future_ts[17](=0)
FF Output: t/fakernet/in_sm/ntp_tx_delay[2](=0)
FF Output: t/fakernet/in_sm/ntp_tx_future_ts[2](=0)
FF Output: t/fakernet/in_sm/ntp_tx_delay[18](=0)
FF Output: t/fakernet/in_sm/ntp_tx_future_ts[18](=0)
FF Output: t/fakernet/in_sm/ntp_tx_delay[3](=0)
FF Output: t/fakernet/in_sm/ntp_tx_future_ts[3](=0)
FF Output: t/fakernet/in_sm/ntp_tx_delay[19](=0)
FF Output: t/fakernet/in_sm/ntp_tx_future_ts[19](=0)
FF Output: t/fakernet/in_sm/ntp_tx_delay[4](=0)
FF Output: t/fakernet/in_sm/ntp_tx_future_ts[4](=0)
FF Output: t/fakernet/in_sm/ntp_tx_delay[20](=0)
FF Output: t/fakernet/in_sm/ntp_tx_future_ts[20](=0)
FF Output: t/fakernet/in_sm/ntp_tx_delay[5](=0)
FF Output: t/fakernet/in_sm/ntp_tx_future_ts[5](=0)
FF Output: t/fakernet/in_sm/ntp_tx_delay[21](=0)
FF Output: t/fakernet/in_sm/ntp_tx_future_ts[21](=0)
FF Output: t/fakernet/in_sm/ntp_tx_delay[6](=0)
FF Output: t/fakernet/in_sm/ntp_tx_future_ts[6](=0)
FF Output: t/fakernet/in_sm/ntp_tx_delay[7](=0)
FF Output: t/fakernet/in_sm/ntp_tx_future_ts[7](=0)
FF Output: t/fakernet/in_sm/ntp_tx_delay[9](=0)
FF Output: t/fakernet/in_sm/ntp_tx_future_ts[9](=0)
FF Output: t/fakernet/in_sm/ntp_tx_delay[10](=0)
FF Output: t/fakernet/in_sm/ntp_tx_future_ts[10](=0)
FF Output: t/fakernet/in_sm/ntp_tx_delay[11](=0)
FF Output: t/fakernet/in_sm/ntp_tx_future_ts[11](=0)
FF Output: t/fakernet/in_sm/ntp_tx_delay[12](=0)
FF Output: t/fakernet/in_sm/ntp_tx_future_ts[12](=0)
FF Output: t/fakernet/in_sm/ntp_tx_delay[13](=0)
FF Output: t/fakernet/in_sm/ntp_tx_future_ts[13](=0)
FF Output: t/fakernet/in_sm/ntp_tx_delay[14](=0)
FF Output: t/fakernet/in_sm/ntp_tx_future_ts[14](=0)
FF Output: t/fakernet/in_sm/ntp_tx_delay[15](=0)
FF Output: t/fakernet/in_sm/ntp_tx_future_ts[15](=0)
FF Output: t/fakernet/in_sm/ntp_tx_delay[0](=0)
FF Output: t/fakernet/in_sm/ntp_tx_future_ts[0](=0)
FF Output: t/fakernet/in_sm/ntp_tx_delay[16](=0)
FF Output: t/fakernet/in_sm/ntp_tx_future_ts[16](=0)
FF Output: t/fakernet/in_sm/ntp_tx_delay[8](=0)
FF Output: t/fakernet/in_sm/ntp_tx_future_ts[8](=0)
FF Output: t/fakernet/in_sm/s.is_dhcp_offer(=0)
FF Output: t/fakernet/in_sm/s.is_dhcp_ack(=0)
FF Output: t/in_info.good_dhcp_ack(=0)
FF Output: t/fakernet/lclreg/to_count[78](=0)
FF Output: t/fakernet/lclreg/to_count[77](=0)
FF instance: rx/debug_fifo[0]~FF(unreachable)
FF instance: rx/debug_fifo[1]~FF(unreachable)
FF instance: rx/debug_fifo[2]~FF(unreachable)
FF instance: rx/debug_fifo[3]~FF(unreachable)
FF instance: trace_mem/towrite[0]~FF(unreachable)
FF instance: trace_mem/triggered~FF(unreachable)
FF instance: trace_mem/write_addr[0]~FF(unreachable)
FF instance: trace_mem/writing~FF(unreachable)
FF instance: trace_mem/read_offset[0]~FF(unreachable)
FF instance: trace_mem/towrite[1]~FF(unreachable)
FF instance: trace_mem/towrite[2]~FF(unreachable)
FF instance: trace_mem/towrite[3]~FF(unreachable)
FF instance: trace_mem/towrite[4]~FF(unreachable)
FF instance: trace_mem/towrite[5]~FF(unreachable)
FF instance: trace_mem/towrite[6]~FF(unreachable)
FF instance: trace_mem/towrite[7]~FF(unreachable)
FF instance: trace_mem/towrite[8]~FF(unreachable)
FF instance: trace_mem/write_addr[1]~FF(unreachable)
FF instance: trace_mem/write_addr[2]~FF(unreachable)
FF instance: trace_mem/write_addr[3]~FF(unreachable)
FF instance: trace_mem/write_addr[4]~FF(unreachable)
FF instance: trace_mem/write_addr[5]~FF(unreachable)
FF instance: trace_mem/write_addr[6]~FF(unreachable)
FF instance: trace_mem/write_addr[7]~FF(unreachable)
FF instance: trace_mem/write_addr[8]~FF(unreachable)
FF instance: trace_mem/read_offset[1]~FF(unreachable)
FF instance: trace_mem/read_offset[2]~FF(unreachable)
FF instance: trace_mem/read_offset[3]~FF(unreachable)
FF instance: trace_mem/read_offset[4]~FF(unreachable)
FF instance: trace_mem/read_offset[5]~FF(unreachable)
FF instance: trace_mem/read_offset[6]~FF(unreachable)
FF instance: trace_mem/read_offset[7]~FF(unreachable)
FF instance: trace_mem/read_offset[8]~FF(unreachable)
FF instance: trace_mem/read_offset[9]~FF(unreachable)
FF instance: trace_mem/read_offset[10]~FF(unreachable)
FF instance: trace_mem/read_offset[11]~FF(unreachable)
FF instance: t/infoc_cycle[0]~FF(unreachable)
FF instance: t/fakernet/ntpq_ctrl/cur_wait_clks[1]~FF(unreachable)
FF instance: t/fakernet/ntpq_ctrl/cur_wait_clks[2]~FF(unreachable)
FF instance: t/fakernet/ntpq_ctrl/cur_wait_clks[3]~FF(unreachable)
FF instance: t/fakernet/ntpq_ctrl/cur_wait_clks[4]~FF(unreachable)
FF instance: t/fakernet/ntpq_ctrl/cur_wait_clks[5]~FF(unreachable)
FF instance: t/fakernet/ntpq_ctrl/cur_wait_clks[6]~FF(unreachable)
FF instance: t/fakernet/ntpq_ctrl/cur_wait_clks[7]~FF(unreachable)
FF instance: t/fakernet/ntpq_ctrl/cur_wait_clks[8]~FF(unreachable)
FF instance: t/fakernet/ntpq_ctrl/cur_wait_clks[9]~FF(unreachable)
FF instance: t/fakernet/ntpq_ctrl/cur_wait_clks[10]~FF(unreachable)
FF instance: t/fakernet/ntpq_ctrl/cur_wait_clks[11]~FF(unreachable)
FF instance: t/fakernet/ntpq_ctrl/cur_wait_clks[12]~FF(unreachable)
FF instance: t/fakernet/ntpq_ctrl/cur_wait_clks[13]~FF(unreachable)
FF instance: t/fakernet/ntpq_ctrl/cur_wait_clks[14]~FF(unreachable)
FF instance: t/fakernet/ntpq_ctrl/cur_wait_clks[15]~FF(unreachable)
FF instance: t/fakernet/ntpq_ctrl/cur_wait_clks[16]~FF(unreachable)
FF instance: t/fakernet/ntpq_ctrl/cur_wait_clks[17]~FF(unreachable)
FF instance: t/fakernet/ntpq_ctrl/cur_wait_clks[18]~FF(unreachable)
FF instance: t/fakernet/ntpq_ctrl/cur_wait_clks[19]~FF(unreachable)
FF instance: t/fakernet/pkt_gen/cmdi_p0[8]~FF(unreachable)
FF instance: t/fakernet/preptcp/s.drd_address[15]~FF(unreachable)
FF instance: t/fakernet/preptcp/s.drd_address[16]~FF(unreachable)
FF instance: t/fakernet/preptcp/s.drd_address[17]~FF(unreachable)
FF instance: t/fakernet/preptcp/s.drd_address[18]~FF(unreachable)
FF instance: t/fakernet/preptcp/s.drd_address[19]~FF(unreachable)
FF instance: t/fakernet/preptcp/s.drd_address[20]~FF(unreachable)
FF instance: t/fakernet/preptcp/s.drd_address[21]~FF(unreachable)
FF instance: t/fakernet/preptcp/s.drd_address[22]~FF(unreachable)
FF instance: t/fakernet/preptcp/s.drd_address[23]~FF(unreachable)
FF instance: t/fakernet/preptcp/s.drd_address[24]~FF(unreachable)
FF instance: t/fakernet/preptcp/s.drd_address[25]~FF(unreachable)
FF instance: t/fakernet/preptcp/s.drd_address[26]~FF(unreachable)
FF instance: t/fakernet/preptcp/s.drd_address[27]~FF(unreachable)
FF instance: t/fakernet/preptcp/s.drd_address[28]~FF(unreachable)
FF instance: t/fakernet/preptcp/s.drd_address[29]~FF(unreachable)
FF instance: t/fakernet/preptcp/s.drd_address[30]~FF(unreachable)
FF instance: t/fakernet/preptcp/s.drd_address[31]~FF(unreachable)
FF instance: t/fakernet/mdio/count[7]~FF(unreachable)
FF instance: t/uart_ctrl/towrite[0]~FF(unreachable)
FF instance: t/uart_ctrl/insert~FF(unreachable)
FF instance: t/uart_ctrl/triggered~FF(unreachable)
FF instance: t/uart_ctrl/write_addr[0]~FF(unreachable)
FF instance: t/uart_ctrl/writing~FF(unreachable)
FF instance: t/uart_ctrl/read_offset[0]~FF(unreachable)
FF instance: t/uart_ctrl/towrite[1]~FF(unreachable)
FF instance: t/uart_ctrl/towrite[2]~FF(unreachable)
FF instance: t/uart_ctrl/towrite[3]~FF(unreachable)
FF instance: t/uart_ctrl/towrite[4]~FF(unreachable)
FF instance: t/uart_ctrl/towrite[5]~FF(unreachable)
FF instance: t/uart_ctrl/towrite[6]~FF(unreachable)
FF instance: t/uart_ctrl/towrite[7]~FF(unreachable)
FF instance: t/uart_ctrl/towrite[8]~FF(unreachable)
FF instance: t/uart_ctrl/write_addr[1]~FF(unreachable)
FF instance: t/uart_ctrl/write_addr[2]~FF(unreachable)
FF instance: t/uart_ctrl/write_addr[3]~FF(unreachable)
FF instance: t/uart_ctrl/write_addr[4]~FF(unreachable)
FF instance: t/uart_ctrl/write_addr[5]~FF(unreachable)
FF instance: t/uart_ctrl/write_addr[6]~FF(unreachable)
FF instance: t/uart_ctrl/write_addr[7]~FF(unreachable)
FF instance: t/uart_ctrl/write_addr[8]~FF(unreachable)
FF instance: t/uart_ctrl/read_offset[1]~FF(unreachable)
FF instance: t/uart_ctrl/read_offset[2]~FF(unreachable)
FF instance: t/uart_ctrl/read_offset[3]~FF(unreachable)
FF instance: t/uart_ctrl/read_offset[4]~FF(unreachable)
FF instance: t/uart_ctrl/read_offset[5]~FF(unreachable)
FF instance: t/uart_ctrl/read_offset[6]~FF(unreachable)
FF instance: t/uart_ctrl/read_offset[7]~FF(unreachable)
FF instance: t/uart_ctrl/read_offset[8]~FF(unreachable)
FF instance: t/uart_ctrl/read_offset[9]~FF(unreachable)
FF instance: t/uart_ctrl/read_offset[10]~FF(unreachable)
FF instance: t/uart_ctrl/read_offset[11]~FF(unreachable)
FF instance: t/uart_tx_c/slot[0]~FF(unreachable)
FF instance: t/uart_tx_taken~FF(unreachable)
FF instance: t/uart_tx_c/slot[1]~FF(unreachable)
FF instance: t/uart_tx_c/slot[2]~FF(unreachable)
FF instance: t/uart_tx_c/slot[3]~FF(unreachable)
FF instance: t/uart_tx_c/count[3]~FF(unreachable)
FF instance: t/uart_tx_c/count[4]~FF(unreachable)
FF instance: t/uart_tx_c/count[5]~FF(unreachable)
FF instance: t/uart_tx_c/count[6]~FF(unreachable)
FF instance: t/uart_tx_c/count[7]~FF(unreachable)
FF instance: t/infoc_cycle[1]~FF(unreachable)
FF instance: t/infoc_cycle[2]~FF(unreachable)
FF instance: t/infoc_cycle[3]~FF(unreachable)
FF instance: t/infoc_cycle[4]~FF(unreachable)
FF instance: t/infoc_cycle[5]~FF(unreachable)
FF instance: t/infoc_pending[1]~FF(unreachable)
FF instance: t/infoc_pending[16]~FF(unreachable)
FF instance: t/infoc_pending[20]~FF(unreachable)
FF instance: t/infoc_pending[21]~FF(unreachable)
FF instance: t/infoc_pending[31]~FF(unreachable)
FF instance: t/infoc_pending[33]~FF(unreachable)
FF instance: t/infoc_pending[34]~FF(unreachable)
FF instance: t/infoc_pending[41]~FF(unreachable)
FF instance: t/infoc_pending[46]~FF(unreachable)
FF instance: t/infoc_pending[50]~FF(unreachable)
FF instance: t/infoc_pending[52]~FF(unreachable)
FF instance: t/infoc_pending[53]~FF(unreachable)
FF instance: t/packet_counter[2]~FF(unreachable)
FF instance: t/packet_counter[3]~FF(unreachable)
### ### Sequential Elements Trimming Report (end) ### ### ### 

### ### Module Resource Usage Distribution Estimates (begin) ### ###

**Note: some resources maybe grouped under different hierarchy due to optimization and LUT mapping

Module                                                               FFs        ADDs        LUTs      RAMs DSP/MULTs
------------------------------------------------------------         ---        ----        ----      ---- ---------
fnetriong:fnetriong                                              3255(9)      596(0)     4451(0)    107(0)      0(0)
 +rx:efnet_octet_to_word                                          71(20)       22(0)      29(11)      1(0)      0(0)
  +fifo:fnet_async_fifo(width=17)                                 51(51)      22(22)      18(18)      1(1)      0(0)
 +trace_mem:efb_uart_trace_mem(width=32,samples=512)                1(1)        0(0)        0(0)      0(0)      0(0)
 +tx:efnet_word_to_octet                                          17(17)        0(0)        8(8)      0(0)      0(0)
 +t:efb_common_top(clk_freq=125000000)(0,1)(31,0)(0,1)(0,1)    3157(176)     574(49)    4414(95)    106(0)      0(0)
  +mon_data_write:efnet_data_array_inject(0,1)(31,0)(0,1)...        6(6)        0(0)        6(6)      0(0)      0(0)
  +fakernet:fakernet_module(data_bufsize_addrbits=13,comp...     2975(0)      525(0)     4313(1)    106(0)      0(0)
   +in_sm:fnet_in_state                                         831(831)    152(152)  1667(1635)      0(0)      0(0)
    +crc32calc:fnet_crc32                                           0(0)        0(0)      32(32)      0(0)      0(0)
   +dyn_ctrl:fnet_dyn_control                                   105(105)        5(5)      41(41)      0(0)      0(0)
   +pkt_gen:fnet_packet_gen                                     136(136)      77(77)    150(150)      2(2)      0(0)
   +out_sm:fnet_out_state                                       124(124)      15(15)    276(276)      0(0)      0(0)
   +out_pl:fnet_out_pipeline                                      18(18)        0(0)        7(7)      0(0)      0(0)
   +regacc:fnet_regaccess                                       295(295)      34(34)    379(379)      0(0)      0(0)
   +lclreg:fnet_local_reg(test_regs=true,lcl_data_gen=tru...    485(485)      17(17)    482(482)      4(0)      0(0)
    +if_dpdp_ram_info_counts.dpdp_ram_info_counts:ram_blo...        0(0)        0(0)        0(0)      4(4)      0(0)
   +tcp_state:fnet_tcp_state(data_bufsize_addrbits=13)              0(0)      37(37)      19(19)      0(0)      0(0)
   +tcp_ctrl:fnet_tcp_control(data_bufsize_addrbits=13)         196(196)      44(44)    387(387)      0(0)      0(0)
   +preptcp:fnet_tcp_prepare(data_bufsize_addrbits=13)(12...    268(268)      73(73)    503(503)      0(0)      0(0)
   +tcp_buffer:fnet_tcp_buffer(data_bufsize_addrbits=13)(...    119(119)      26(26)      48(48)      0(0)      0(0)
   +data_gen.test_data_gen:fnet_test_datagen(data_bufsize...    210(210)      40(40)    152(152)      0(0)      0(0)
   +dpdp_ram_data:fnet_ram_block_data(addrbits=13)                  0(0)        0(0)      32(32)    64(64)      0(0)
   +dpdp_ram_arp_icmp:ram_block_a11d16                              0(0)        0(0)        0(0)      4(4)      0(0)
   +dpdp_ram_pkt_gen:ram_block_a11d16                               0(0)        0(0)        0(0)      4(4)      0(0)
   +dpdp_ram_udp_regacc:ram_block_a11d16                            0(0)        0(0)        0(0)      4(4)      0(0)
   +dpdp_ram_udp_regidp:ram_block_a11d16                            0(0)        0(0)        0(0)      4(4)      0(0)
   +dpdp_ram_udp_regres[0].dpdp_ram_udp_regres_i:ram_bloc...        0(0)        0(0)        0(0)      4(4)      0(0)
   +dpdp_ram_udp_regres[1].dpdp_ram_udp_regres_i:ram_bloc...        0(0)        0(0)        0(0)      4(4)      0(0)
   +dpdp_ram_tcp_template:ram_block_a11d16                          0(0)        0(0)        3(3)      4(4)      0(0)
   +dpdp_ram_tcp_prep0:ram_block_a11d16                             0(0)        0(0)        0(0)      4(4)      0(0)
   +dpdp_ram_tcp_prep1:ram_block_a11d16                             0(0)        0(0)        0(0)      4(4)      0(0)
   +ctrl_ram_arp_icmp:fnet_ram_block_stat                         12(12)        0(0)        1(1)      0(0)      0(0)
   +ctrl_ram_pkt_gen:fnet_ram_block_stat                          11(11)        0(0)        0(0)      0(0)      0(0)
   +ctrl_ram_udp_regacc:fnet_ram_block_stat                       11(11)        0(0)        0(0)      0(0)      0(0)
   +ctrl_ram_udp_regaidp:fnet_ram_block_stat                      11(11)        0(0)      14(14)      0(0)      0(0)
   +ctrl_ram_udp_regres[0].ctrl_ram_udp_regres_i:fnet_ram...      11(11)        0(0)      15(15)      0(0)      0(0)
   +ctrl_ram_udp_regres[1].ctrl_ram_udp_regres_i:fnet_ram...      11(11)        0(0)      12(12)      0(0)      0(0)
   +ctrl_ram_tcp_prep0:fnet_ram_block_stat                        11(11)        0(0)      12(12)      0(0)      0(0)
   +ctrl_ram_tcp_prep1:fnet_ram_block_stat                        11(11)        0(0)        0(0)      0(0)      0(0)
   +ctrl_regacc_aux:fnet_regacc_aux_stat                          29(29)        0(0)        7(7)      0(0)      0(0)
   +mdio:fnet_mdio                                                70(70)        5(5)    105(105)      0(0)      0(0)

### ### Module Resource Usage Distribution Estimates (end) ### ###


### ### Clock Load Distribution Report (begin) ### ###

     Clock     Flip-Flops   Memory Ports    Multipliers
     -----     ----------   ------------    -----------
 phymon[0]             45              1              0
       clk           3210            211              0

### ### Clock Load Distribution Report (end) ### ###

### ### EFX Flow Options (begin) ### ### ###

family : Trion
device : T120F324
project : fnetriong
project-xml : E:/Efinity/project/fnetriong/fnetriong.xml
root : fnetriong
I : E:/Efinity/project/fnetriong
output-dir : E:/Efinity/project/fnetriong/outflow
work-dir : E:/Efinity/project/fnetriong/work_syn
write-efx-verilog : E:/Efinity/project/fnetriong/outflow/fnetriong.map.v
binary-db : E:/Efinity/project/fnetriong/fnetriong.vdb
insert-ios : 0
max-carry-cascade : 640
max_mult : -1
max_ram : -1
mode : speed
veri_options : verilog_mode=verilog_2k,vhdl_mode=vhdl_2008

### ### EFX Flow Options (end) ### ### ###

### ### Resource Summary (begin) ### ### ### 
INPUT  PORTS    : 	16
OUTPUT PORTS    : 	25

EFX_ADD         : 	596
EFX_LUT4        : 	4451
   1-2  Inputs  : 	1044
   3    Inputs  : 	1201
   4    Inputs  : 	2206
EFX_FF          : 	3255
EFX_RAM_5K      : 	103
EFX_DPRAM_5K    : 	4
EFX_GBUFCE      : 	2
### ### Resource Summary (end) ### ### ###

Plain synthesis (without verilog dump and post-map checks) time : 39s
Elapsed synthesis time : 39s
