Copyright 1986-2022 Xilinx, Inc. All Rights Reserved.
-----------------------------------------------------------------------------------------------------------------------------------------------------------------------------------------------------------------------------------------------
| Tool Version      : Vivado v.2022.2 (lin64) Build 3671981 Fri Oct 14 04:59:54 MDT 2022
| Date              : Fri Aug  9 13:06:43 2024
| Host              : e16fpga01 running 64-bit Ubuntu 22.04.4 LTS
| Command           : report_timing_summary -max_paths 10 -report_unconstrained -file axi_iic_1_exdes_timing_summary_routed.rpt -pb axi_iic_1_exdes_timing_summary_routed.pb -rpx axi_iic_1_exdes_timing_summary_routed.rpx -warn_on_violation
| Design            : axi_iic_1_exdes
| Device            : xcau15p-sbvb484
| Speed File        : -1  PRODUCTION 1.29 03-25-2022
| Temperature Grade : I
-----------------------------------------------------------------------------------------------------------------------------------------------------------------------------------------------------------------------------------------------

Timing Summary Report

------------------------------------------------------------------------------------------------
| Timer Settings
| --------------
------------------------------------------------------------------------------------------------

  Enable Multi Corner Analysis               :  Yes
  Enable Pessimism Removal                   :  Yes
  Pessimism Removal Resolution               :  Nearest Common Node
  Enable Input Delay Default Clock           :  No
  Enable Preset / Clear Arcs                 :  No
  Disable Flight Delays                      :  No
  Ignore I/O Paths                           :  No
  Timing Early Launch at Borrowing Latches   :  No
  Borrow Time for Max Delay Exceptions       :  Yes
  Merge Timing Exceptions                    :  Yes

  Corner  Analyze    Analyze    
  Name    Max Paths  Min Paths  
  ------  ---------  ---------  
  Slow    Yes        Yes        
  Fast    Yes        Yes        


------------------------------------------------------------------------------------------------
| Report Methodology
| ------------------
------------------------------------------------------------------------------------------------

No report available as report_methodology has not been run prior. Run report_methodology on the current design for the summary of methodology violations.



check_timing report

Table of Contents
-----------------
1. checking no_clock (0)
2. checking constant_clock (0)
3. checking pulse_width_clock (0)
4. checking unconstrained_internal_endpoints (0)
5. checking no_input_delay (2)
6. checking no_output_delay (4)
7. checking multiple_clock (0)
8. checking generated_clocks (0)
9. checking loops (0)
10. checking partial_input_delay (0)
11. checking partial_output_delay (0)
12. checking latch_loops (0)

1. checking no_clock (0)
------------------------
 There are 0 register/latch pins with no clock.


2. checking constant_clock (0)
------------------------------
 There are 0 register/latch pins with constant_clock.


3. checking pulse_width_clock (0)
---------------------------------
 There are 0 register/latch pins which need pulse_width check


4. checking unconstrained_internal_endpoints (0)
------------------------------------------------
 There are 0 pins that are not constrained for maximum delay.

 There are 0 pins that are not constrained for maximum delay due to constant clock.


5. checking no_input_delay (2)
------------------------------
 There are 2 input ports with no input delay specified. (HIGH)

 There are 0 input ports with no input delay but user has a false path constraint.


6. checking no_output_delay (4)
-------------------------------
 There are 4 ports with no output delay specified. (HIGH)

 There are 0 ports with no output delay but user has a false path constraint

 There are 0 ports with no output delay but with a timing clock defined on it or propagating through it


7. checking multiple_clock (0)
------------------------------
 There are 0 register/latch pins with multiple clocks.


8. checking generated_clocks (0)
--------------------------------
 There are 0 generated clocks that are not connected to a clock source.


9. checking loops (0)
---------------------
 There are 0 combinational loops in the design.


10. checking partial_input_delay (0)
------------------------------------
 There are 0 input ports with partial input delay specified.


11. checking partial_output_delay (0)
-------------------------------------
 There are 0 ports with partial output delay specified.


12. checking latch_loops (0)
----------------------------
 There are 0 combinational latch loops in the design through latch input



------------------------------------------------------------------------------------------------
| Design Timing Summary
| ---------------------
------------------------------------------------------------------------------------------------

    WNS(ns)      TNS(ns)  TNS Failing Endpoints  TNS Total Endpoints      WHS(ns)      THS(ns)  THS Failing Endpoints  THS Total Endpoints     WPWS(ns)     TPWS(ns)  TPWS Failing Endpoints  TPWS Total Endpoints  
    -------      -------  ---------------------  -------------------      -------      -------  ---------------------  -------------------     --------     --------  ----------------------  --------------------  
     22.406        0.000                      0                 2121        0.025        0.000                      0                 2121        0.750        0.000                       0                   858  


All user specified timing constraints are met.


------------------------------------------------------------------------------------------------
| Clock Summary
| -------------
------------------------------------------------------------------------------------------------

Clock                 Waveform(ns)         Period(ns)      Frequency(MHz)
-----                 ------------         ----------      --------------
clk_in1_p             {0.000 2.500}        5.000           200.000         
  clk_out1_clk_wiz_0  {0.000 12.500}       25.000          40.000          


------------------------------------------------------------------------------------------------
| Intra Clock Table
| -----------------
------------------------------------------------------------------------------------------------

Clock                     WNS(ns)      TNS(ns)  TNS Failing Endpoints  TNS Total Endpoints      WHS(ns)      THS(ns)  THS Failing Endpoints  THS Total Endpoints     WPWS(ns)     TPWS(ns)  TPWS Failing Endpoints  TPWS Total Endpoints  
-----                     -------      -------  ---------------------  -------------------      -------      -------  ---------------------  -------------------     --------     --------  ----------------------  --------------------  
clk_in1_p                                                                                                                                                               0.750        0.000                       0                     1  
  clk_out1_clk_wiz_0       22.406        0.000                      0                 2121        0.025        0.000                      0                 2121       11.927        0.000                       0                   857  


------------------------------------------------------------------------------------------------
| Inter Clock Table
| -----------------
------------------------------------------------------------------------------------------------

From Clock    To Clock          WNS(ns)      TNS(ns)  TNS Failing Endpoints  TNS Total Endpoints      WHS(ns)      THS(ns)  THS Failing Endpoints  THS Total Endpoints  
----------    --------          -------      -------  ---------------------  -------------------      -------      -------  ---------------------  -------------------  


------------------------------------------------------------------------------------------------
| Other Path Groups Table
| -----------------------
------------------------------------------------------------------------------------------------

Path Group    From Clock    To Clock          WNS(ns)      TNS(ns)  TNS Failing Endpoints  TNS Total Endpoints      WHS(ns)      THS(ns)  THS Failing Endpoints  THS Total Endpoints  
----------    ----------    --------          -------      -------  ---------------------  -------------------      -------      -------  ---------------------  -------------------  


------------------------------------------------------------------------------------------------
| User Ignored Path Table
| -----------------------
------------------------------------------------------------------------------------------------

Path Group    From Clock    To Clock    
----------    ----------    --------    


------------------------------------------------------------------------------------------------
| Unconstrained Path Table
| ------------------------
------------------------------------------------------------------------------------------------

Path Group          From Clock          To Clock          
----------          ----------          --------          
(none)              clk_out1_clk_wiz_0                      
(none)                                  clk_out1_clk_wiz_0  


------------------------------------------------------------------------------------------------
| Timing Details
| --------------
------------------------------------------------------------------------------------------------


---------------------------------------------------------------------------------------------------
From Clock:  clk_in1_p
  To Clock:  clk_in1_p

Setup :           NA  Failing Endpoints,  Worst Slack           NA  ,  Total Violation           NA
Hold  :           NA  Failing Endpoints,  Worst Slack           NA  ,  Total Violation           NA
PW    :            0  Failing Endpoints,  Worst Slack        0.750ns,  Total Violation        0.000ns
---------------------------------------------------------------------------------------------------


Pulse Width Checks
--------------------------------------------------------------------------------------
Clock Name:         clk_in1_p
Waveform(ns):       { 0.000 2.500 }
Period(ns):         5.000
Sources:            { clk_in1_p }

Check Type        Corner  Lib Pin            Reference Pin  Required(ns)  Actual(ns)  Slack(ns)  Location   Pin
Min Period        n/a     MMCME4_ADV/CLKIN1  n/a            1.250         5.000       3.750      MMCM_X0Y1  CLOCK_GEN_INST/CLOCKING/inst/mmcme4_adv_inst/CLKIN1
Max Period        n/a     MMCME4_ADV/CLKIN1  n/a            100.000       5.000       95.000     MMCM_X0Y1  CLOCK_GEN_INST/CLOCKING/inst/mmcme4_adv_inst/CLKIN1
Low Pulse Width   Slow    MMCME4_ADV/CLKIN1  n/a            1.750         2.500       0.750      MMCM_X0Y1  CLOCK_GEN_INST/CLOCKING/inst/mmcme4_adv_inst/CLKIN1
Low Pulse Width   Fast    MMCME4_ADV/CLKIN1  n/a            1.750         2.500       0.750      MMCM_X0Y1  CLOCK_GEN_INST/CLOCKING/inst/mmcme4_adv_inst/CLKIN1
High Pulse Width  Slow    MMCME4_ADV/CLKIN1  n/a            1.750         2.500       0.750      MMCM_X0Y1  CLOCK_GEN_INST/CLOCKING/inst/mmcme4_adv_inst/CLKIN1
High Pulse Width  Fast    MMCME4_ADV/CLKIN1  n/a            1.750         2.500       0.750      MMCM_X0Y1  CLOCK_GEN_INST/CLOCKING/inst/mmcme4_adv_inst/CLKIN1



---------------------------------------------------------------------------------------------------
From Clock:  clk_out1_clk_wiz_0
  To Clock:  clk_out1_clk_wiz_0

Setup :            0  Failing Endpoints,  Worst Slack       22.406ns,  Total Violation        0.000ns
Hold  :            0  Failing Endpoints,  Worst Slack        0.025ns,  Total Violation        0.000ns
PW    :            0  Failing Endpoints,  Worst Slack       11.927ns,  Total Violation        0.000ns
---------------------------------------------------------------------------------------------------


Max Delay Paths
--------------------------------------------------------------------------------------
Slack (MET) :             22.406ns  (required time - arrival time)
  Source:                 ATG1/inst/ATG_MODE_SYSTEM_INIT_TEST.systeminit_top/static_mrdwr/max_retry_cntr_reg[11]/C
                            (rising edge-triggered cell FDRE clocked by clk_out1_clk_wiz_0  {rise@0.000ns fall@12.500ns period=25.000ns})
  Destination:            ATG1/inst/ATG_MODE_SYSTEM_INIT_TEST.systeminit_top/static_mrdwr/wdata_m_reg[5]/CE
                            (rising edge-triggered cell FDRE clocked by clk_out1_clk_wiz_0  {rise@0.000ns fall@12.500ns period=25.000ns})
  Path Group:             clk_out1_clk_wiz_0
  Path Type:              Setup (Max at Slow Process Corner)
  Requirement:            25.000ns  (clk_out1_clk_wiz_0 rise@25.000ns - clk_out1_clk_wiz_0 rise@0.000ns)
  Data Path Delay:        2.441ns  (logic 0.675ns (27.650%)  route 1.766ns (72.350%))
  Logic Levels:           4  (LUT4=3 LUT6=1)
  Clock Path Skew:        -0.038ns (DCD - SCD + CPR)
    Destination Clock Delay (DCD):    2.750ns = ( 27.750 - 25.000 ) 
    Source Clock Delay      (SCD):    2.346ns
    Clock Pessimism Removal (CPR):    -0.441ns
  Clock Uncertainty:      0.073ns  ((TSJ^2 + DJ^2)^1/2) / 2 + PE
    Total System Jitter     (TSJ):    0.071ns
    Discrete Jitter          (DJ):    0.127ns
    Phase Error              (PE):    0.000ns
  Clock Net Delay (Source):      1.200ns (routing 0.185ns, distribution 1.015ns)
  Clock Net Delay (Destination): 1.038ns (routing 0.170ns, distribution 0.868ns)

    Location             Delay type                Incr(ns)  Path(ns)    Netlist Resource(s)
  -------------------------------------------------------------------    -------------------
                         (clock clk_out1_clk_wiz_0 rise edge)
                                                      0.000     0.000 r  
    L17                                               0.000     0.000 r  clk_in1_p (IN)
                         net (fo=0)                   0.100     0.100    CLOCK_GEN_INST/CLOCKING/inst/clkin1_ibufds/I
    HPIOBDIFFINBUF_X0Y37 DIFFINBUF (Prop_DIFFINBUF_HPIOBDIFFINBUF_DIFF_IN_P_O)
                                                      0.415     0.515 r  CLOCK_GEN_INST/CLOCKING/inst/clkin1_ibufds/DIFFINBUF_INST/O
                         net (fo=1, routed)           0.050     0.565    CLOCK_GEN_INST/CLOCKING/inst/clkin1_ibufds/OUT
    L17                  IBUFCTRL (Prop_IBUFCTRL_HPIOB_M_I_O)
                                                      0.000     0.565 r  CLOCK_GEN_INST/CLOCKING/inst/clkin1_ibufds/IBUFCTRL_INST/O
                         net (fo=1, routed)           0.404     0.969    CLOCK_GEN_INST/CLOCKING/inst/clk_in1_clk_wiz_0
    MMCM_X0Y1            MMCME4_ADV (Prop_MMCM_CLKIN1_CLKOUT0)
                                                     -0.106     0.863 r  CLOCK_GEN_INST/CLOCKING/inst/mmcme4_adv_inst/CLKOUT0
                         net (fo=1, routed)           0.255     1.118    CLOCK_GEN_INST/CLOCKING/inst/clk_out1_clk_wiz_0
    BUFGCE_X0Y32         BUFGCE (Prop_BUFCE_BUFGCE_I_O)
                                                      0.028     1.146 r  CLOCK_GEN_INST/CLOCKING/inst/clkout1_buf/O
    X0Y1 (CLOCK_ROOT)    net (fo=855, routed)         1.200     2.346    ATG1/inst/ATG_MODE_SYSTEM_INIT_TEST.systeminit_top/static_mrdwr/s_axi_aclk
    SLICE_X9Y82          FDRE                                         r  ATG1/inst/ATG_MODE_SYSTEM_INIT_TEST.systeminit_top/static_mrdwr/max_retry_cntr_reg[11]/C
  -------------------------------------------------------------------    -------------------
    SLICE_X9Y82          FDRE (Prop_DFF_SLICEM_C_Q)
                                                      0.096     2.442 f  ATG1/inst/ATG_MODE_SYSTEM_INIT_TEST.systeminit_top/static_mrdwr/max_retry_cntr_reg[11]/Q
                         net (fo=3, routed)           0.215     2.658    ATG1/inst/ATG_MODE_SYSTEM_INIT_TEST.systeminit_top/static_mrdwr/max_retry_cntr_reg[11]
    SLICE_X10Y82         LUT4 (Prop_D5LUT_SLICEL_I1_O)
                                                      0.164     2.822 f  ATG1/inst/ATG_MODE_SYSTEM_INIT_TEST.systeminit_top/static_mrdwr/max_test_time_cntr[0]_i_10/O
                         net (fo=1, routed)           0.255     3.077    ATG1/inst/ATG_MODE_SYSTEM_INIT_TEST.systeminit_top/static_mrdwr/max_test_time_cntr[0]_i_10_n_0
    SLICE_X10Y82         LUT4 (Prop_H6LUT_SLICEL_I1_O)
                                                      0.179     3.256 f  ATG1/inst/ATG_MODE_SYSTEM_INIT_TEST.systeminit_top/static_mrdwr/max_test_time_cntr[0]_i_3/O
                         net (fo=1, routed)           0.220     3.476    ATG1/inst/ATG_MODE_SYSTEM_INIT_TEST.systeminit_top/static_mrdwr/max_test_time_cntr[0]_i_3_n_0
    SLICE_X9Y85          LUT6 (Prop_H6LUT_SLICEM_I1_O)
                                                      0.151     3.627 r  ATG1/inst/ATG_MODE_SYSTEM_INIT_TEST.systeminit_top/static_mrdwr/max_test_time_cntr[0]_i_1/O
                         net (fo=39, routed)          0.398     4.024    ATG1/inst/ATG_MODE_SYSTEM_INIT_TEST.systeminit_top/static_mrdwr/max_test_time_cntr[0]_i_1_n_0
    SLICE_X10Y78         LUT4 (Prop_A5LUT_SLICEL_I3_O)
                                                      0.085     4.109 r  ATG1/inst/ATG_MODE_SYSTEM_INIT_TEST.systeminit_top/static_mrdwr/awaddr_m[31]_i_2/O
                         net (fo=43, routed)          0.678     4.788    ATG1/inst/ATG_MODE_SYSTEM_INIT_TEST.systeminit_top/static_mrdwr/launch_new_wr
    SLICE_X10Y74         FDRE                                         r  ATG1/inst/ATG_MODE_SYSTEM_INIT_TEST.systeminit_top/static_mrdwr/wdata_m_reg[5]/CE
  -------------------------------------------------------------------    -------------------

                         (clock clk_out1_clk_wiz_0 rise edge)
                                                     25.000    25.000 r  
    L17                                               0.000    25.000 r  clk_in1_p (IN)
                         net (fo=0)                   0.079    25.079    CLOCK_GEN_INST/CLOCKING/inst/clkin1_ibufds/I
    HPIOBDIFFINBUF_X0Y37 DIFFINBUF (Prop_DIFFINBUF_HPIOBDIFFINBUF_DIFF_IN_P_O)
                                                      0.347    25.426 r  CLOCK_GEN_INST/CLOCKING/inst/clkin1_ibufds/DIFFINBUF_INST/O
                         net (fo=1, routed)           0.040    25.466    CLOCK_GEN_INST/CLOCKING/inst/clkin1_ibufds/OUT
    L17                  IBUFCTRL (Prop_IBUFCTRL_HPIOB_M_I_O)
                                                      0.000    25.466 r  CLOCK_GEN_INST/CLOCKING/inst/clkin1_ibufds/IBUFCTRL_INST/O
                         net (fo=1, routed)           0.351    25.817    CLOCK_GEN_INST/CLOCKING/inst/clk_in1_clk_wiz_0
    MMCM_X0Y1            MMCME4_ADV (Prop_MMCM_CLKIN1_CLKOUT0)
                                                      0.644    26.461 r  CLOCK_GEN_INST/CLOCKING/inst/mmcme4_adv_inst/CLKOUT0
                         net (fo=1, routed)           0.227    26.688    CLOCK_GEN_INST/CLOCKING/inst/clk_out1_clk_wiz_0
    BUFGCE_X0Y32         BUFGCE (Prop_BUFCE_BUFGCE_I_O)
                                                      0.024    26.712 r  CLOCK_GEN_INST/CLOCKING/inst/clkout1_buf/O
    X0Y1 (CLOCK_ROOT)    net (fo=855, routed)         1.038    27.750    ATG1/inst/ATG_MODE_SYSTEM_INIT_TEST.systeminit_top/static_mrdwr/s_axi_aclk
    SLICE_X10Y74         FDRE                                         r  ATG1/inst/ATG_MODE_SYSTEM_INIT_TEST.systeminit_top/static_mrdwr/wdata_m_reg[5]/C
                         clock pessimism             -0.441    27.309    
                         clock uncertainty           -0.073    27.236    
    SLICE_X10Y74         FDRE (Setup_AFF2_SLICEL_C_CE)
                                                     -0.042    27.194    ATG1/inst/ATG_MODE_SYSTEM_INIT_TEST.systeminit_top/static_mrdwr/wdata_m_reg[5]
  -------------------------------------------------------------------
                         required time                         27.194    
                         arrival time                          -4.788    
  -------------------------------------------------------------------
                         slack                                 22.406    

Slack (MET) :             22.406ns  (required time - arrival time)
  Source:                 ATG1/inst/ATG_MODE_SYSTEM_INIT_TEST.systeminit_top/static_mrdwr/max_retry_cntr_reg[11]/C
                            (rising edge-triggered cell FDRE clocked by clk_out1_clk_wiz_0  {rise@0.000ns fall@12.500ns period=25.000ns})
  Destination:            ATG1/inst/ATG_MODE_SYSTEM_INIT_TEST.systeminit_top/static_mrdwr/wdata_m_reg[9]/CE
                            (rising edge-triggered cell FDRE clocked by clk_out1_clk_wiz_0  {rise@0.000ns fall@12.500ns period=25.000ns})
  Path Group:             clk_out1_clk_wiz_0
  Path Type:              Setup (Max at Slow Process Corner)
  Requirement:            25.000ns  (clk_out1_clk_wiz_0 rise@25.000ns - clk_out1_clk_wiz_0 rise@0.000ns)
  Data Path Delay:        2.441ns  (logic 0.675ns (27.650%)  route 1.766ns (72.350%))
  Logic Levels:           4  (LUT4=3 LUT6=1)
  Clock Path Skew:        -0.038ns (DCD - SCD + CPR)
    Destination Clock Delay (DCD):    2.750ns = ( 27.750 - 25.000 ) 
    Source Clock Delay      (SCD):    2.346ns
    Clock Pessimism Removal (CPR):    -0.441ns
  Clock Uncertainty:      0.073ns  ((TSJ^2 + DJ^2)^1/2) / 2 + PE
    Total System Jitter     (TSJ):    0.071ns
    Discrete Jitter          (DJ):    0.127ns
    Phase Error              (PE):    0.000ns
  Clock Net Delay (Source):      1.200ns (routing 0.185ns, distribution 1.015ns)
  Clock Net Delay (Destination): 1.038ns (routing 0.170ns, distribution 0.868ns)

    Location             Delay type                Incr(ns)  Path(ns)    Netlist Resource(s)
  -------------------------------------------------------------------    -------------------
                         (clock clk_out1_clk_wiz_0 rise edge)
                                                      0.000     0.000 r  
    L17                                               0.000     0.000 r  clk_in1_p (IN)
                         net (fo=0)                   0.100     0.100    CLOCK_GEN_INST/CLOCKING/inst/clkin1_ibufds/I
    HPIOBDIFFINBUF_X0Y37 DIFFINBUF (Prop_DIFFINBUF_HPIOBDIFFINBUF_DIFF_IN_P_O)
                                                      0.415     0.515 r  CLOCK_GEN_INST/CLOCKING/inst/clkin1_ibufds/DIFFINBUF_INST/O
                         net (fo=1, routed)           0.050     0.565    CLOCK_GEN_INST/CLOCKING/inst/clkin1_ibufds/OUT
    L17                  IBUFCTRL (Prop_IBUFCTRL_HPIOB_M_I_O)
                                                      0.000     0.565 r  CLOCK_GEN_INST/CLOCKING/inst/clkin1_ibufds/IBUFCTRL_INST/O
                         net (fo=1, routed)           0.404     0.969    CLOCK_GEN_INST/CLOCKING/inst/clk_in1_clk_wiz_0
    MMCM_X0Y1            MMCME4_ADV (Prop_MMCM_CLKIN1_CLKOUT0)
                                                     -0.106     0.863 r  CLOCK_GEN_INST/CLOCKING/inst/mmcme4_adv_inst/CLKOUT0
                         net (fo=1, routed)           0.255     1.118    CLOCK_GEN_INST/CLOCKING/inst/clk_out1_clk_wiz_0
    BUFGCE_X0Y32         BUFGCE (Prop_BUFCE_BUFGCE_I_O)
                                                      0.028     1.146 r  CLOCK_GEN_INST/CLOCKING/inst/clkout1_buf/O
    X0Y1 (CLOCK_ROOT)    net (fo=855, routed)         1.200     2.346    ATG1/inst/ATG_MODE_SYSTEM_INIT_TEST.systeminit_top/static_mrdwr/s_axi_aclk
    SLICE_X9Y82          FDRE                                         r  ATG1/inst/ATG_MODE_SYSTEM_INIT_TEST.systeminit_top/static_mrdwr/max_retry_cntr_reg[11]/C
  -------------------------------------------------------------------    -------------------
    SLICE_X9Y82          FDRE (Prop_DFF_SLICEM_C_Q)
                                                      0.096     2.442 f  ATG1/inst/ATG_MODE_SYSTEM_INIT_TEST.systeminit_top/static_mrdwr/max_retry_cntr_reg[11]/Q
                         net (fo=3, routed)           0.215     2.658    ATG1/inst/ATG_MODE_SYSTEM_INIT_TEST.systeminit_top/static_mrdwr/max_retry_cntr_reg[11]
    SLICE_X10Y82         LUT4 (Prop_D5LUT_SLICEL_I1_O)
                                                      0.164     2.822 f  ATG1/inst/ATG_MODE_SYSTEM_INIT_TEST.systeminit_top/static_mrdwr/max_test_time_cntr[0]_i_10/O
                         net (fo=1, routed)           0.255     3.077    ATG1/inst/ATG_MODE_SYSTEM_INIT_TEST.systeminit_top/static_mrdwr/max_test_time_cntr[0]_i_10_n_0
    SLICE_X10Y82         LUT4 (Prop_H6LUT_SLICEL_I1_O)
                                                      0.179     3.256 f  ATG1/inst/ATG_MODE_SYSTEM_INIT_TEST.systeminit_top/static_mrdwr/max_test_time_cntr[0]_i_3/O
                         net (fo=1, routed)           0.220     3.476    ATG1/inst/ATG_MODE_SYSTEM_INIT_TEST.systeminit_top/static_mrdwr/max_test_time_cntr[0]_i_3_n_0
    SLICE_X9Y85          LUT6 (Prop_H6LUT_SLICEM_I1_O)
                                                      0.151     3.627 r  ATG1/inst/ATG_MODE_SYSTEM_INIT_TEST.systeminit_top/static_mrdwr/max_test_time_cntr[0]_i_1/O
                         net (fo=39, routed)          0.398     4.024    ATG1/inst/ATG_MODE_SYSTEM_INIT_TEST.systeminit_top/static_mrdwr/max_test_time_cntr[0]_i_1_n_0
    SLICE_X10Y78         LUT4 (Prop_A5LUT_SLICEL_I3_O)
                                                      0.085     4.109 r  ATG1/inst/ATG_MODE_SYSTEM_INIT_TEST.systeminit_top/static_mrdwr/awaddr_m[31]_i_2/O
                         net (fo=43, routed)          0.678     4.788    ATG1/inst/ATG_MODE_SYSTEM_INIT_TEST.systeminit_top/static_mrdwr/launch_new_wr
    SLICE_X10Y74         FDRE                                         r  ATG1/inst/ATG_MODE_SYSTEM_INIT_TEST.systeminit_top/static_mrdwr/wdata_m_reg[9]/CE
  -------------------------------------------------------------------    -------------------

                         (clock clk_out1_clk_wiz_0 rise edge)
                                                     25.000    25.000 r  
    L17                                               0.000    25.000 r  clk_in1_p (IN)
                         net (fo=0)                   0.079    25.079    CLOCK_GEN_INST/CLOCKING/inst/clkin1_ibufds/I
    HPIOBDIFFINBUF_X0Y37 DIFFINBUF (Prop_DIFFINBUF_HPIOBDIFFINBUF_DIFF_IN_P_O)
                                                      0.347    25.426 r  CLOCK_GEN_INST/CLOCKING/inst/clkin1_ibufds/DIFFINBUF_INST/O
                         net (fo=1, routed)           0.040    25.466    CLOCK_GEN_INST/CLOCKING/inst/clkin1_ibufds/OUT
    L17                  IBUFCTRL (Prop_IBUFCTRL_HPIOB_M_I_O)
                                                      0.000    25.466 r  CLOCK_GEN_INST/CLOCKING/inst/clkin1_ibufds/IBUFCTRL_INST/O
                         net (fo=1, routed)           0.351    25.817    CLOCK_GEN_INST/CLOCKING/inst/clk_in1_clk_wiz_0
    MMCM_X0Y1            MMCME4_ADV (Prop_MMCM_CLKIN1_CLKOUT0)
                                                      0.644    26.461 r  CLOCK_GEN_INST/CLOCKING/inst/mmcme4_adv_inst/CLKOUT0
                         net (fo=1, routed)           0.227    26.688    CLOCK_GEN_INST/CLOCKING/inst/clk_out1_clk_wiz_0
    BUFGCE_X0Y32         BUFGCE (Prop_BUFCE_BUFGCE_I_O)
                                                      0.024    26.712 r  CLOCK_GEN_INST/CLOCKING/inst/clkout1_buf/O
    X0Y1 (CLOCK_ROOT)    net (fo=855, routed)         1.038    27.750    ATG1/inst/ATG_MODE_SYSTEM_INIT_TEST.systeminit_top/static_mrdwr/s_axi_aclk
    SLICE_X10Y74         FDRE                                         r  ATG1/inst/ATG_MODE_SYSTEM_INIT_TEST.systeminit_top/static_mrdwr/wdata_m_reg[9]/C
                         clock pessimism             -0.441    27.309    
                         clock uncertainty           -0.073    27.236    
    SLICE_X10Y74         FDRE (Setup_BFF2_SLICEL_C_CE)
                                                     -0.042    27.194    ATG1/inst/ATG_MODE_SYSTEM_INIT_TEST.systeminit_top/static_mrdwr/wdata_m_reg[9]
  -------------------------------------------------------------------
                         required time                         27.194    
                         arrival time                          -4.788    
  -------------------------------------------------------------------
                         slack                                 22.406    

Slack (MET) :             22.407ns  (required time - arrival time)
  Source:                 ATG1/inst/ATG_MODE_SYSTEM_INIT_TEST.systeminit_top/static_mrdwr/max_retry_cntr_reg[11]/C
                            (rising edge-triggered cell FDRE clocked by clk_out1_clk_wiz_0  {rise@0.000ns fall@12.500ns period=25.000ns})
  Destination:            ATG1/inst/ATG_MODE_SYSTEM_INIT_TEST.systeminit_top/static_mrdwr/wdata_m_reg[4]/CE
                            (rising edge-triggered cell FDRE clocked by clk_out1_clk_wiz_0  {rise@0.000ns fall@12.500ns period=25.000ns})
  Path Group:             clk_out1_clk_wiz_0
  Path Type:              Setup (Max at Slow Process Corner)
  Requirement:            25.000ns  (clk_out1_clk_wiz_0 rise@25.000ns - clk_out1_clk_wiz_0 rise@0.000ns)
  Data Path Delay:        2.440ns  (logic 0.675ns (27.661%)  route 1.765ns (72.339%))
  Logic Levels:           4  (LUT4=3 LUT6=1)
  Clock Path Skew:        -0.038ns (DCD - SCD + CPR)
    Destination Clock Delay (DCD):    2.750ns = ( 27.750 - 25.000 ) 
    Source Clock Delay      (SCD):    2.346ns
    Clock Pessimism Removal (CPR):    -0.441ns
  Clock Uncertainty:      0.073ns  ((TSJ^2 + DJ^2)^1/2) / 2 + PE
    Total System Jitter     (TSJ):    0.071ns
    Discrete Jitter          (DJ):    0.127ns
    Phase Error              (PE):    0.000ns
  Clock Net Delay (Source):      1.200ns (routing 0.185ns, distribution 1.015ns)
  Clock Net Delay (Destination): 1.038ns (routing 0.170ns, distribution 0.868ns)

    Location             Delay type                Incr(ns)  Path(ns)    Netlist Resource(s)
  -------------------------------------------------------------------    -------------------
                         (clock clk_out1_clk_wiz_0 rise edge)
                                                      0.000     0.000 r  
    L17                                               0.000     0.000 r  clk_in1_p (IN)
                         net (fo=0)                   0.100     0.100    CLOCK_GEN_INST/CLOCKING/inst/clkin1_ibufds/I
    HPIOBDIFFINBUF_X0Y37 DIFFINBUF (Prop_DIFFINBUF_HPIOBDIFFINBUF_DIFF_IN_P_O)
                                                      0.415     0.515 r  CLOCK_GEN_INST/CLOCKING/inst/clkin1_ibufds/DIFFINBUF_INST/O
                         net (fo=1, routed)           0.050     0.565    CLOCK_GEN_INST/CLOCKING/inst/clkin1_ibufds/OUT
    L17                  IBUFCTRL (Prop_IBUFCTRL_HPIOB_M_I_O)
                                                      0.000     0.565 r  CLOCK_GEN_INST/CLOCKING/inst/clkin1_ibufds/IBUFCTRL_INST/O
                         net (fo=1, routed)           0.404     0.969    CLOCK_GEN_INST/CLOCKING/inst/clk_in1_clk_wiz_0
    MMCM_X0Y1            MMCME4_ADV (Prop_MMCM_CLKIN1_CLKOUT0)
                                                     -0.106     0.863 r  CLOCK_GEN_INST/CLOCKING/inst/mmcme4_adv_inst/CLKOUT0
                         net (fo=1, routed)           0.255     1.118    CLOCK_GEN_INST/CLOCKING/inst/clk_out1_clk_wiz_0
    BUFGCE_X0Y32         BUFGCE (Prop_BUFCE_BUFGCE_I_O)
                                                      0.028     1.146 r  CLOCK_GEN_INST/CLOCKING/inst/clkout1_buf/O
    X0Y1 (CLOCK_ROOT)    net (fo=855, routed)         1.200     2.346    ATG1/inst/ATG_MODE_SYSTEM_INIT_TEST.systeminit_top/static_mrdwr/s_axi_aclk
    SLICE_X9Y82          FDRE                                         r  ATG1/inst/ATG_MODE_SYSTEM_INIT_TEST.systeminit_top/static_mrdwr/max_retry_cntr_reg[11]/C
  -------------------------------------------------------------------    -------------------
    SLICE_X9Y82          FDRE (Prop_DFF_SLICEM_C_Q)
                                                      0.096     2.442 f  ATG1/inst/ATG_MODE_SYSTEM_INIT_TEST.systeminit_top/static_mrdwr/max_retry_cntr_reg[11]/Q
                         net (fo=3, routed)           0.215     2.658    ATG1/inst/ATG_MODE_SYSTEM_INIT_TEST.systeminit_top/static_mrdwr/max_retry_cntr_reg[11]
    SLICE_X10Y82         LUT4 (Prop_D5LUT_SLICEL_I1_O)
                                                      0.164     2.822 f  ATG1/inst/ATG_MODE_SYSTEM_INIT_TEST.systeminit_top/static_mrdwr/max_test_time_cntr[0]_i_10/O
                         net (fo=1, routed)           0.255     3.077    ATG1/inst/ATG_MODE_SYSTEM_INIT_TEST.systeminit_top/static_mrdwr/max_test_time_cntr[0]_i_10_n_0
    SLICE_X10Y82         LUT4 (Prop_H6LUT_SLICEL_I1_O)
                                                      0.179     3.256 f  ATG1/inst/ATG_MODE_SYSTEM_INIT_TEST.systeminit_top/static_mrdwr/max_test_time_cntr[0]_i_3/O
                         net (fo=1, routed)           0.220     3.476    ATG1/inst/ATG_MODE_SYSTEM_INIT_TEST.systeminit_top/static_mrdwr/max_test_time_cntr[0]_i_3_n_0
    SLICE_X9Y85          LUT6 (Prop_H6LUT_SLICEM_I1_O)
                                                      0.151     3.627 r  ATG1/inst/ATG_MODE_SYSTEM_INIT_TEST.systeminit_top/static_mrdwr/max_test_time_cntr[0]_i_1/O
                         net (fo=39, routed)          0.398     4.024    ATG1/inst/ATG_MODE_SYSTEM_INIT_TEST.systeminit_top/static_mrdwr/max_test_time_cntr[0]_i_1_n_0
    SLICE_X10Y78         LUT4 (Prop_A5LUT_SLICEL_I3_O)
                                                      0.085     4.109 r  ATG1/inst/ATG_MODE_SYSTEM_INIT_TEST.systeminit_top/static_mrdwr/awaddr_m[31]_i_2/O
                         net (fo=43, routed)          0.677     4.787    ATG1/inst/ATG_MODE_SYSTEM_INIT_TEST.systeminit_top/static_mrdwr/launch_new_wr
    SLICE_X10Y74         FDRE                                         r  ATG1/inst/ATG_MODE_SYSTEM_INIT_TEST.systeminit_top/static_mrdwr/wdata_m_reg[4]/CE
  -------------------------------------------------------------------    -------------------

                         (clock clk_out1_clk_wiz_0 rise edge)
                                                     25.000    25.000 r  
    L17                                               0.000    25.000 r  clk_in1_p (IN)
                         net (fo=0)                   0.079    25.079    CLOCK_GEN_INST/CLOCKING/inst/clkin1_ibufds/I
    HPIOBDIFFINBUF_X0Y37 DIFFINBUF (Prop_DIFFINBUF_HPIOBDIFFINBUF_DIFF_IN_P_O)
                                                      0.347    25.426 r  CLOCK_GEN_INST/CLOCKING/inst/clkin1_ibufds/DIFFINBUF_INST/O
                         net (fo=1, routed)           0.040    25.466    CLOCK_GEN_INST/CLOCKING/inst/clkin1_ibufds/OUT
    L17                  IBUFCTRL (Prop_IBUFCTRL_HPIOB_M_I_O)
                                                      0.000    25.466 r  CLOCK_GEN_INST/CLOCKING/inst/clkin1_ibufds/IBUFCTRL_INST/O
                         net (fo=1, routed)           0.351    25.817    CLOCK_GEN_INST/CLOCKING/inst/clk_in1_clk_wiz_0
    MMCM_X0Y1            MMCME4_ADV (Prop_MMCM_CLKIN1_CLKOUT0)
                                                      0.644    26.461 r  CLOCK_GEN_INST/CLOCKING/inst/mmcme4_adv_inst/CLKOUT0
                         net (fo=1, routed)           0.227    26.688    CLOCK_GEN_INST/CLOCKING/inst/clk_out1_clk_wiz_0
    BUFGCE_X0Y32         BUFGCE (Prop_BUFCE_BUFGCE_I_O)
                                                      0.024    26.712 r  CLOCK_GEN_INST/CLOCKING/inst/clkout1_buf/O
    X0Y1 (CLOCK_ROOT)    net (fo=855, routed)         1.038    27.750    ATG1/inst/ATG_MODE_SYSTEM_INIT_TEST.systeminit_top/static_mrdwr/s_axi_aclk
    SLICE_X10Y74         FDRE                                         r  ATG1/inst/ATG_MODE_SYSTEM_INIT_TEST.systeminit_top/static_mrdwr/wdata_m_reg[4]/C
                         clock pessimism             -0.441    27.309    
                         clock uncertainty           -0.073    27.236    
    SLICE_X10Y74         FDRE (Setup_AFF_SLICEL_C_CE)
                                                     -0.042    27.194    ATG1/inst/ATG_MODE_SYSTEM_INIT_TEST.systeminit_top/static_mrdwr/wdata_m_reg[4]
  -------------------------------------------------------------------
                         required time                         27.194    
                         arrival time                          -4.787    
  -------------------------------------------------------------------
                         slack                                 22.407    

Slack (MET) :             22.407ns  (required time - arrival time)
  Source:                 ATG1/inst/ATG_MODE_SYSTEM_INIT_TEST.systeminit_top/static_mrdwr/max_retry_cntr_reg[11]/C
                            (rising edge-triggered cell FDRE clocked by clk_out1_clk_wiz_0  {rise@0.000ns fall@12.500ns period=25.000ns})
  Destination:            ATG1/inst/ATG_MODE_SYSTEM_INIT_TEST.systeminit_top/static_mrdwr/wdata_m_reg[8]/CE
                            (rising edge-triggered cell FDRE clocked by clk_out1_clk_wiz_0  {rise@0.000ns fall@12.500ns period=25.000ns})
  Path Group:             clk_out1_clk_wiz_0
  Path Type:              Setup (Max at Slow Process Corner)
  Requirement:            25.000ns  (clk_out1_clk_wiz_0 rise@25.000ns - clk_out1_clk_wiz_0 rise@0.000ns)
  Data Path Delay:        2.440ns  (logic 0.675ns (27.661%)  route 1.765ns (72.339%))
  Logic Levels:           4  (LUT4=3 LUT6=1)
  Clock Path Skew:        -0.038ns (DCD - SCD + CPR)
    Destination Clock Delay (DCD):    2.750ns = ( 27.750 - 25.000 ) 
    Source Clock Delay      (SCD):    2.346ns
    Clock Pessimism Removal (CPR):    -0.441ns
  Clock Uncertainty:      0.073ns  ((TSJ^2 + DJ^2)^1/2) / 2 + PE
    Total System Jitter     (TSJ):    0.071ns
    Discrete Jitter          (DJ):    0.127ns
    Phase Error              (PE):    0.000ns
  Clock Net Delay (Source):      1.200ns (routing 0.185ns, distribution 1.015ns)
  Clock Net Delay (Destination): 1.038ns (routing 0.170ns, distribution 0.868ns)

    Location             Delay type                Incr(ns)  Path(ns)    Netlist Resource(s)
  -------------------------------------------------------------------    -------------------
                         (clock clk_out1_clk_wiz_0 rise edge)
                                                      0.000     0.000 r  
    L17                                               0.000     0.000 r  clk_in1_p (IN)
                         net (fo=0)                   0.100     0.100    CLOCK_GEN_INST/CLOCKING/inst/clkin1_ibufds/I
    HPIOBDIFFINBUF_X0Y37 DIFFINBUF (Prop_DIFFINBUF_HPIOBDIFFINBUF_DIFF_IN_P_O)
                                                      0.415     0.515 r  CLOCK_GEN_INST/CLOCKING/inst/clkin1_ibufds/DIFFINBUF_INST/O
                         net (fo=1, routed)           0.050     0.565    CLOCK_GEN_INST/CLOCKING/inst/clkin1_ibufds/OUT
    L17                  IBUFCTRL (Prop_IBUFCTRL_HPIOB_M_I_O)
                                                      0.000     0.565 r  CLOCK_GEN_INST/CLOCKING/inst/clkin1_ibufds/IBUFCTRL_INST/O
                         net (fo=1, routed)           0.404     0.969    CLOCK_GEN_INST/CLOCKING/inst/clk_in1_clk_wiz_0
    MMCM_X0Y1            MMCME4_ADV (Prop_MMCM_CLKIN1_CLKOUT0)
                                                     -0.106     0.863 r  CLOCK_GEN_INST/CLOCKING/inst/mmcme4_adv_inst/CLKOUT0
                         net (fo=1, routed)           0.255     1.118    CLOCK_GEN_INST/CLOCKING/inst/clk_out1_clk_wiz_0
    BUFGCE_X0Y32         BUFGCE (Prop_BUFCE_BUFGCE_I_O)
                                                      0.028     1.146 r  CLOCK_GEN_INST/CLOCKING/inst/clkout1_buf/O
    X0Y1 (CLOCK_ROOT)    net (fo=855, routed)         1.200     2.346    ATG1/inst/ATG_MODE_SYSTEM_INIT_TEST.systeminit_top/static_mrdwr/s_axi_aclk
    SLICE_X9Y82          FDRE                                         r  ATG1/inst/ATG_MODE_SYSTEM_INIT_TEST.systeminit_top/static_mrdwr/max_retry_cntr_reg[11]/C
  -------------------------------------------------------------------    -------------------
    SLICE_X9Y82          FDRE (Prop_DFF_SLICEM_C_Q)
                                                      0.096     2.442 f  ATG1/inst/ATG_MODE_SYSTEM_INIT_TEST.systeminit_top/static_mrdwr/max_retry_cntr_reg[11]/Q
                         net (fo=3, routed)           0.215     2.658    ATG1/inst/ATG_MODE_SYSTEM_INIT_TEST.systeminit_top/static_mrdwr/max_retry_cntr_reg[11]
    SLICE_X10Y82         LUT4 (Prop_D5LUT_SLICEL_I1_O)
                                                      0.164     2.822 f  ATG1/inst/ATG_MODE_SYSTEM_INIT_TEST.systeminit_top/static_mrdwr/max_test_time_cntr[0]_i_10/O
                         net (fo=1, routed)           0.255     3.077    ATG1/inst/ATG_MODE_SYSTEM_INIT_TEST.systeminit_top/static_mrdwr/max_test_time_cntr[0]_i_10_n_0
    SLICE_X10Y82         LUT4 (Prop_H6LUT_SLICEL_I1_O)
                                                      0.179     3.256 f  ATG1/inst/ATG_MODE_SYSTEM_INIT_TEST.systeminit_top/static_mrdwr/max_test_time_cntr[0]_i_3/O
                         net (fo=1, routed)           0.220     3.476    ATG1/inst/ATG_MODE_SYSTEM_INIT_TEST.systeminit_top/static_mrdwr/max_test_time_cntr[0]_i_3_n_0
    SLICE_X9Y85          LUT6 (Prop_H6LUT_SLICEM_I1_O)
                                                      0.151     3.627 r  ATG1/inst/ATG_MODE_SYSTEM_INIT_TEST.systeminit_top/static_mrdwr/max_test_time_cntr[0]_i_1/O
                         net (fo=39, routed)          0.398     4.024    ATG1/inst/ATG_MODE_SYSTEM_INIT_TEST.systeminit_top/static_mrdwr/max_test_time_cntr[0]_i_1_n_0
    SLICE_X10Y78         LUT4 (Prop_A5LUT_SLICEL_I3_O)
                                                      0.085     4.109 r  ATG1/inst/ATG_MODE_SYSTEM_INIT_TEST.systeminit_top/static_mrdwr/awaddr_m[31]_i_2/O
                         net (fo=43, routed)          0.677     4.787    ATG1/inst/ATG_MODE_SYSTEM_INIT_TEST.systeminit_top/static_mrdwr/launch_new_wr
    SLICE_X10Y74         FDRE                                         r  ATG1/inst/ATG_MODE_SYSTEM_INIT_TEST.systeminit_top/static_mrdwr/wdata_m_reg[8]/CE
  -------------------------------------------------------------------    -------------------

                         (clock clk_out1_clk_wiz_0 rise edge)
                                                     25.000    25.000 r  
    L17                                               0.000    25.000 r  clk_in1_p (IN)
                         net (fo=0)                   0.079    25.079    CLOCK_GEN_INST/CLOCKING/inst/clkin1_ibufds/I
    HPIOBDIFFINBUF_X0Y37 DIFFINBUF (Prop_DIFFINBUF_HPIOBDIFFINBUF_DIFF_IN_P_O)
                                                      0.347    25.426 r  CLOCK_GEN_INST/CLOCKING/inst/clkin1_ibufds/DIFFINBUF_INST/O
                         net (fo=1, routed)           0.040    25.466    CLOCK_GEN_INST/CLOCKING/inst/clkin1_ibufds/OUT
    L17                  IBUFCTRL (Prop_IBUFCTRL_HPIOB_M_I_O)
                                                      0.000    25.466 r  CLOCK_GEN_INST/CLOCKING/inst/clkin1_ibufds/IBUFCTRL_INST/O
                         net (fo=1, routed)           0.351    25.817    CLOCK_GEN_INST/CLOCKING/inst/clk_in1_clk_wiz_0
    MMCM_X0Y1            MMCME4_ADV (Prop_MMCM_CLKIN1_CLKOUT0)
                                                      0.644    26.461 r  CLOCK_GEN_INST/CLOCKING/inst/mmcme4_adv_inst/CLKOUT0
                         net (fo=1, routed)           0.227    26.688    CLOCK_GEN_INST/CLOCKING/inst/clk_out1_clk_wiz_0
    BUFGCE_X0Y32         BUFGCE (Prop_BUFCE_BUFGCE_I_O)
                                                      0.024    26.712 r  CLOCK_GEN_INST/CLOCKING/inst/clkout1_buf/O
    X0Y1 (CLOCK_ROOT)    net (fo=855, routed)         1.038    27.750    ATG1/inst/ATG_MODE_SYSTEM_INIT_TEST.systeminit_top/static_mrdwr/s_axi_aclk
    SLICE_X10Y74         FDRE                                         r  ATG1/inst/ATG_MODE_SYSTEM_INIT_TEST.systeminit_top/static_mrdwr/wdata_m_reg[8]/C
                         clock pessimism             -0.441    27.309    
                         clock uncertainty           -0.073    27.236    
    SLICE_X10Y74         FDRE (Setup_BFF_SLICEL_C_CE)
                                                     -0.042    27.194    ATG1/inst/ATG_MODE_SYSTEM_INIT_TEST.systeminit_top/static_mrdwr/wdata_m_reg[8]
  -------------------------------------------------------------------
                         required time                         27.194    
                         arrival time                          -4.787    
  -------------------------------------------------------------------
                         slack                                 22.407    

Slack (MET) :             22.408ns  (required time - arrival time)
  Source:                 DUT/U0/X_IIC/X_AXI_IPIF_SSP1/AXI_LITE_IPIF_I/I_SLAVE_ATTACHMENT/bus2ip_addr_i_reg[6]/C
                            (rising edge-triggered cell FDRE clocked by clk_out1_clk_wiz_0  {rise@0.000ns fall@12.500ns period=25.000ns})
  Destination:            DUT/U0/X_IIC/X_AXI_IPIF_SSP1/AXI_LITE_IPIF_I/I_SLAVE_ATTACHMENT/s_axi_rdata_i_reg[2]/D
                            (rising edge-triggered cell FDRE clocked by clk_out1_clk_wiz_0  {rise@0.000ns fall@12.500ns period=25.000ns})
  Path Group:             clk_out1_clk_wiz_0
  Path Type:              Setup (Max at Slow Process Corner)
  Requirement:            25.000ns  (clk_out1_clk_wiz_0 rise@25.000ns - clk_out1_clk_wiz_0 rise@0.000ns)
  Data Path Delay:        2.462ns  (logic 0.672ns (27.295%)  route 1.790ns (72.705%))
  Logic Levels:           4  (LUT5=1 LUT6=3)
  Clock Path Skew:        -0.085ns (DCD - SCD + CPR)
    Destination Clock Delay (DCD):    2.771ns = ( 27.771 - 25.000 ) 
    Source Clock Delay      (SCD):    2.348ns
    Clock Pessimism Removal (CPR):    -0.507ns
  Clock Uncertainty:      0.073ns  ((TSJ^2 + DJ^2)^1/2) / 2 + PE
    Total System Jitter     (TSJ):    0.071ns
    Discrete Jitter          (DJ):    0.127ns
    Phase Error              (PE):    0.000ns
  Clock Net Delay (Source):      1.202ns (routing 0.185ns, distribution 1.017ns)
  Clock Net Delay (Destination): 1.059ns (routing 0.170ns, distribution 0.889ns)

    Location             Delay type                Incr(ns)  Path(ns)    Netlist Resource(s)
  -------------------------------------------------------------------    -------------------
                         (clock clk_out1_clk_wiz_0 rise edge)
                                                      0.000     0.000 r  
    L17                                               0.000     0.000 r  clk_in1_p (IN)
                         net (fo=0)                   0.100     0.100    CLOCK_GEN_INST/CLOCKING/inst/clkin1_ibufds/I
    HPIOBDIFFINBUF_X0Y37 DIFFINBUF (Prop_DIFFINBUF_HPIOBDIFFINBUF_DIFF_IN_P_O)
                                                      0.415     0.515 r  CLOCK_GEN_INST/CLOCKING/inst/clkin1_ibufds/DIFFINBUF_INST/O
                         net (fo=1, routed)           0.050     0.565    CLOCK_GEN_INST/CLOCKING/inst/clkin1_ibufds/OUT
    L17                  IBUFCTRL (Prop_IBUFCTRL_HPIOB_M_I_O)
                                                      0.000     0.565 r  CLOCK_GEN_INST/CLOCKING/inst/clkin1_ibufds/IBUFCTRL_INST/O
                         net (fo=1, routed)           0.404     0.969    CLOCK_GEN_INST/CLOCKING/inst/clk_in1_clk_wiz_0
    MMCM_X0Y1            MMCME4_ADV (Prop_MMCM_CLKIN1_CLKOUT0)
                                                     -0.106     0.863 r  CLOCK_GEN_INST/CLOCKING/inst/mmcme4_adv_inst/CLKOUT0
                         net (fo=1, routed)           0.255     1.118    CLOCK_GEN_INST/CLOCKING/inst/clk_out1_clk_wiz_0
    BUFGCE_X0Y32         BUFGCE (Prop_BUFCE_BUFGCE_I_O)
                                                      0.028     1.146 r  CLOCK_GEN_INST/CLOCKING/inst/clkout1_buf/O
    X0Y1 (CLOCK_ROOT)    net (fo=855, routed)         1.202     2.348    DUT/U0/X_IIC/X_AXI_IPIF_SSP1/AXI_LITE_IPIF_I/I_SLAVE_ATTACHMENT/s_axi_aclk
    SLICE_X8Y74          FDRE                                         r  DUT/U0/X_IIC/X_AXI_IPIF_SSP1/AXI_LITE_IPIF_I/I_SLAVE_ATTACHMENT/bus2ip_addr_i_reg[6]/C
  -------------------------------------------------------------------    -------------------
    SLICE_X8Y74          FDRE (Prop_CFF2_SLICEL_C_Q)
                                                      0.097     2.445 r  DUT/U0/X_IIC/X_AXI_IPIF_SSP1/AXI_LITE_IPIF_I/I_SLAVE_ATTACHMENT/bus2ip_addr_i_reg[6]/Q
                         net (fo=64, routed)          1.151     3.596    DUT/U0/X_IIC/REG_INTERFACE_I/s_axi_rdata_i[0]_i_5[3]
    SLICE_X8Y71          LUT5 (Prop_B6LUT_SLICEL_I3_O)
                                                      0.177     3.773 r  DUT/U0/X_IIC/REG_INTERFACE_I/s_axi_rdata_i[2]_i_8/O
                         net (fo=1, routed)           0.105     3.878    DUT/U0/X_IIC/REG_INTERFACE_I/s_axi_rdata_i[2]_i_8_n_0
    SLICE_X8Y71          LUT6 (Prop_C6LUT_SLICEL_I5_O)
                                                      0.098     3.976 r  DUT/U0/X_IIC/REG_INTERFACE_I/s_axi_rdata_i[2]_i_5/O
                         net (fo=1, routed)           0.236     4.212    DUT/U0/X_IIC/X_AXI_IPIF_SSP1/AXI_LITE_IPIF_I/I_SLAVE_ATTACHMENT/s_axi_rdata_i_reg[2]_1
    SLICE_X10Y70         LUT6 (Prop_H6LUT_SLICEL_I4_O)
                                                      0.149     4.361 f  DUT/U0/X_IIC/X_AXI_IPIF_SSP1/AXI_LITE_IPIF_I/I_SLAVE_ATTACHMENT/s_axi_rdata_i[2]_i_2/O
                         net (fo=1, routed)           0.230     4.591    DUT/U0/X_IIC/X_AXI_IPIF_SSP1/AXI_LITE_IPIF_I/I_SLAVE_ATTACHMENT/I_DECODER/s_axi_rdata_i_reg[2]
    SLICE_X11Y72         LUT6 (Prop_H6LUT_SLICEM_I0_O)
                                                      0.151     4.742 r  DUT/U0/X_IIC/X_AXI_IPIF_SSP1/AXI_LITE_IPIF_I/I_SLAVE_ATTACHMENT/I_DECODER/s_axi_rdata_i[2]_i_1/O
                         net (fo=1, routed)           0.068     4.810    DUT/U0/X_IIC/X_AXI_IPIF_SSP1/AXI_LITE_IPIF_I/I_SLAVE_ATTACHMENT/AXI_IP2Bus_Data[29]
    SLICE_X11Y72         FDRE                                         r  DUT/U0/X_IIC/X_AXI_IPIF_SSP1/AXI_LITE_IPIF_I/I_SLAVE_ATTACHMENT/s_axi_rdata_i_reg[2]/D
  -------------------------------------------------------------------    -------------------

                         (clock clk_out1_clk_wiz_0 rise edge)
                                                     25.000    25.000 r  
    L17                                               0.000    25.000 r  clk_in1_p (IN)
                         net (fo=0)                   0.079    25.079    CLOCK_GEN_INST/CLOCKING/inst/clkin1_ibufds/I
    HPIOBDIFFINBUF_X0Y37 DIFFINBUF (Prop_DIFFINBUF_HPIOBDIFFINBUF_DIFF_IN_P_O)
                                                      0.347    25.426 r  CLOCK_GEN_INST/CLOCKING/inst/clkin1_ibufds/DIFFINBUF_INST/O
                         net (fo=1, routed)           0.040    25.466    CLOCK_GEN_INST/CLOCKING/inst/clkin1_ibufds/OUT
    L17                  IBUFCTRL (Prop_IBUFCTRL_HPIOB_M_I_O)
                                                      0.000    25.466 r  CLOCK_GEN_INST/CLOCKING/inst/clkin1_ibufds/IBUFCTRL_INST/O
                         net (fo=1, routed)           0.351    25.817    CLOCK_GEN_INST/CLOCKING/inst/clk_in1_clk_wiz_0
    MMCM_X0Y1            MMCME4_ADV (Prop_MMCM_CLKIN1_CLKOUT0)
                                                      0.644    26.461 r  CLOCK_GEN_INST/CLOCKING/inst/mmcme4_adv_inst/CLKOUT0
                         net (fo=1, routed)           0.227    26.688    CLOCK_GEN_INST/CLOCKING/inst/clk_out1_clk_wiz_0
    BUFGCE_X0Y32         BUFGCE (Prop_BUFCE_BUFGCE_I_O)
                                                      0.024    26.712 r  CLOCK_GEN_INST/CLOCKING/inst/clkout1_buf/O
    X0Y1 (CLOCK_ROOT)    net (fo=855, routed)         1.059    27.771    DUT/U0/X_IIC/X_AXI_IPIF_SSP1/AXI_LITE_IPIF_I/I_SLAVE_ATTACHMENT/s_axi_aclk
    SLICE_X11Y72         FDRE                                         r  DUT/U0/X_IIC/X_AXI_IPIF_SSP1/AXI_LITE_IPIF_I/I_SLAVE_ATTACHMENT/s_axi_rdata_i_reg[2]/C
                         clock pessimism             -0.507    27.264    
                         clock uncertainty           -0.073    27.191    
    SLICE_X11Y72         FDRE (Setup_HFF_SLICEM_C_D)
                                                      0.027    27.218    DUT/U0/X_IIC/X_AXI_IPIF_SSP1/AXI_LITE_IPIF_I/I_SLAVE_ATTACHMENT/s_axi_rdata_i_reg[2]
  -------------------------------------------------------------------
                         required time                         27.218    
                         arrival time                          -4.810    
  -------------------------------------------------------------------
                         slack                                 22.408    

Slack (MET) :             22.433ns  (required time - arrival time)
  Source:                 ATG1/inst/ATG_MODE_SYSTEM_INIT_TEST.systeminit_top/static_mrdwr/max_retry_cntr_reg[11]/C
                            (rising edge-triggered cell FDRE clocked by clk_out1_clk_wiz_0  {rise@0.000ns fall@12.500ns period=25.000ns})
  Destination:            ATG1/inst/ATG_MODE_SYSTEM_INIT_TEST.systeminit_top/static_mrdwr/awaddr_m_reg[8]/CE
                            (rising edge-triggered cell FDRE clocked by clk_out1_clk_wiz_0  {rise@0.000ns fall@12.500ns period=25.000ns})
  Path Group:             clk_out1_clk_wiz_0
  Path Type:              Setup (Max at Slow Process Corner)
  Requirement:            25.000ns  (clk_out1_clk_wiz_0 rise@25.000ns - clk_out1_clk_wiz_0 rise@0.000ns)
  Data Path Delay:        2.418ns  (logic 0.675ns (27.915%)  route 1.743ns (72.085%))
  Logic Levels:           4  (LUT4=3 LUT6=1)
  Clock Path Skew:        -0.034ns (DCD - SCD + CPR)
    Destination Clock Delay (DCD):    2.754ns = ( 27.754 - 25.000 ) 
    Source Clock Delay      (SCD):    2.346ns
    Clock Pessimism Removal (CPR):    -0.441ns
  Clock Uncertainty:      0.073ns  ((TSJ^2 + DJ^2)^1/2) / 2 + PE
    Total System Jitter     (TSJ):    0.071ns
    Discrete Jitter          (DJ):    0.127ns
    Phase Error              (PE):    0.000ns
  Clock Net Delay (Source):      1.200ns (routing 0.185ns, distribution 1.015ns)
  Clock Net Delay (Destination): 1.042ns (routing 0.170ns, distribution 0.872ns)

    Location             Delay type                Incr(ns)  Path(ns)    Netlist Resource(s)
  -------------------------------------------------------------------    -------------------
                         (clock clk_out1_clk_wiz_0 rise edge)
                                                      0.000     0.000 r  
    L17                                               0.000     0.000 r  clk_in1_p (IN)
                         net (fo=0)                   0.100     0.100    CLOCK_GEN_INST/CLOCKING/inst/clkin1_ibufds/I
    HPIOBDIFFINBUF_X0Y37 DIFFINBUF (Prop_DIFFINBUF_HPIOBDIFFINBUF_DIFF_IN_P_O)
                                                      0.415     0.515 r  CLOCK_GEN_INST/CLOCKING/inst/clkin1_ibufds/DIFFINBUF_INST/O
                         net (fo=1, routed)           0.050     0.565    CLOCK_GEN_INST/CLOCKING/inst/clkin1_ibufds/OUT
    L17                  IBUFCTRL (Prop_IBUFCTRL_HPIOB_M_I_O)
                                                      0.000     0.565 r  CLOCK_GEN_INST/CLOCKING/inst/clkin1_ibufds/IBUFCTRL_INST/O
                         net (fo=1, routed)           0.404     0.969    CLOCK_GEN_INST/CLOCKING/inst/clk_in1_clk_wiz_0
    MMCM_X0Y1            MMCME4_ADV (Prop_MMCM_CLKIN1_CLKOUT0)
                                                     -0.106     0.863 r  CLOCK_GEN_INST/CLOCKING/inst/mmcme4_adv_inst/CLKOUT0
                         net (fo=1, routed)           0.255     1.118    CLOCK_GEN_INST/CLOCKING/inst/clk_out1_clk_wiz_0
    BUFGCE_X0Y32         BUFGCE (Prop_BUFCE_BUFGCE_I_O)
                                                      0.028     1.146 r  CLOCK_GEN_INST/CLOCKING/inst/clkout1_buf/O
    X0Y1 (CLOCK_ROOT)    net (fo=855, routed)         1.200     2.346    ATG1/inst/ATG_MODE_SYSTEM_INIT_TEST.systeminit_top/static_mrdwr/s_axi_aclk
    SLICE_X9Y82          FDRE                                         r  ATG1/inst/ATG_MODE_SYSTEM_INIT_TEST.systeminit_top/static_mrdwr/max_retry_cntr_reg[11]/C
  -------------------------------------------------------------------    -------------------
    SLICE_X9Y82          FDRE (Prop_DFF_SLICEM_C_Q)
                                                      0.096     2.442 f  ATG1/inst/ATG_MODE_SYSTEM_INIT_TEST.systeminit_top/static_mrdwr/max_retry_cntr_reg[11]/Q
                         net (fo=3, routed)           0.215     2.658    ATG1/inst/ATG_MODE_SYSTEM_INIT_TEST.systeminit_top/static_mrdwr/max_retry_cntr_reg[11]
    SLICE_X10Y82         LUT4 (Prop_D5LUT_SLICEL_I1_O)
                                                      0.164     2.822 f  ATG1/inst/ATG_MODE_SYSTEM_INIT_TEST.systeminit_top/static_mrdwr/max_test_time_cntr[0]_i_10/O
                         net (fo=1, routed)           0.255     3.077    ATG1/inst/ATG_MODE_SYSTEM_INIT_TEST.systeminit_top/static_mrdwr/max_test_time_cntr[0]_i_10_n_0
    SLICE_X10Y82         LUT4 (Prop_H6LUT_SLICEL_I1_O)
                                                      0.179     3.256 f  ATG1/inst/ATG_MODE_SYSTEM_INIT_TEST.systeminit_top/static_mrdwr/max_test_time_cntr[0]_i_3/O
                         net (fo=1, routed)           0.220     3.476    ATG1/inst/ATG_MODE_SYSTEM_INIT_TEST.systeminit_top/static_mrdwr/max_test_time_cntr[0]_i_3_n_0
    SLICE_X9Y85          LUT6 (Prop_H6LUT_SLICEM_I1_O)
                                                      0.151     3.627 r  ATG1/inst/ATG_MODE_SYSTEM_INIT_TEST.systeminit_top/static_mrdwr/max_test_time_cntr[0]_i_1/O
                         net (fo=39, routed)          0.398     4.024    ATG1/inst/ATG_MODE_SYSTEM_INIT_TEST.systeminit_top/static_mrdwr/max_test_time_cntr[0]_i_1_n_0
    SLICE_X10Y78         LUT4 (Prop_A5LUT_SLICEL_I3_O)
                                                      0.085     4.109 r  ATG1/inst/ATG_MODE_SYSTEM_INIT_TEST.systeminit_top/static_mrdwr/awaddr_m[31]_i_2/O
                         net (fo=43, routed)          0.655     4.764    ATG1/inst/ATG_MODE_SYSTEM_INIT_TEST.systeminit_top/static_mrdwr/launch_new_wr
    SLICE_X10Y74         FDRE                                         r  ATG1/inst/ATG_MODE_SYSTEM_INIT_TEST.systeminit_top/static_mrdwr/awaddr_m_reg[8]/CE
  -------------------------------------------------------------------    -------------------

                         (clock clk_out1_clk_wiz_0 rise edge)
                                                     25.000    25.000 r  
    L17                                               0.000    25.000 r  clk_in1_p (IN)
                         net (fo=0)                   0.079    25.079    CLOCK_GEN_INST/CLOCKING/inst/clkin1_ibufds/I
    HPIOBDIFFINBUF_X0Y37 DIFFINBUF (Prop_DIFFINBUF_HPIOBDIFFINBUF_DIFF_IN_P_O)
                                                      0.347    25.426 r  CLOCK_GEN_INST/CLOCKING/inst/clkin1_ibufds/DIFFINBUF_INST/O
                         net (fo=1, routed)           0.040    25.466    CLOCK_GEN_INST/CLOCKING/inst/clkin1_ibufds/OUT
    L17                  IBUFCTRL (Prop_IBUFCTRL_HPIOB_M_I_O)
                                                      0.000    25.466 r  CLOCK_GEN_INST/CLOCKING/inst/clkin1_ibufds/IBUFCTRL_INST/O
                         net (fo=1, routed)           0.351    25.817    CLOCK_GEN_INST/CLOCKING/inst/clk_in1_clk_wiz_0
    MMCM_X0Y1            MMCME4_ADV (Prop_MMCM_CLKIN1_CLKOUT0)
                                                      0.644    26.461 r  CLOCK_GEN_INST/CLOCKING/inst/mmcme4_adv_inst/CLKOUT0
                         net (fo=1, routed)           0.227    26.688    CLOCK_GEN_INST/CLOCKING/inst/clk_out1_clk_wiz_0
    BUFGCE_X0Y32         BUFGCE (Prop_BUFCE_BUFGCE_I_O)
                                                      0.024    26.712 r  CLOCK_GEN_INST/CLOCKING/inst/clkout1_buf/O
    X0Y1 (CLOCK_ROOT)    net (fo=855, routed)         1.042    27.754    ATG1/inst/ATG_MODE_SYSTEM_INIT_TEST.systeminit_top/static_mrdwr/s_axi_aclk
    SLICE_X10Y74         FDRE                                         r  ATG1/inst/ATG_MODE_SYSTEM_INIT_TEST.systeminit_top/static_mrdwr/awaddr_m_reg[8]/C
                         clock pessimism             -0.441    27.313    
                         clock uncertainty           -0.073    27.240    
    SLICE_X10Y74         FDRE (Setup_HFF_SLICEL_C_CE)
                                                     -0.043    27.197    ATG1/inst/ATG_MODE_SYSTEM_INIT_TEST.systeminit_top/static_mrdwr/awaddr_m_reg[8]
  -------------------------------------------------------------------
                         required time                         27.197    
                         arrival time                          -4.764    
  -------------------------------------------------------------------
                         slack                                 22.433    

Slack (MET) :             22.433ns  (required time - arrival time)
  Source:                 ATG1/inst/ATG_MODE_SYSTEM_INIT_TEST.systeminit_top/static_mrdwr/max_retry_cntr_reg[11]/C
                            (rising edge-triggered cell FDRE clocked by clk_out1_clk_wiz_0  {rise@0.000ns fall@12.500ns period=25.000ns})
  Destination:            ATG1/inst/ATG_MODE_SYSTEM_INIT_TEST.systeminit_top/static_mrdwr/wdata_m_reg[31]/CE
                            (rising edge-triggered cell FDRE clocked by clk_out1_clk_wiz_0  {rise@0.000ns fall@12.500ns period=25.000ns})
  Path Group:             clk_out1_clk_wiz_0
  Path Type:              Setup (Max at Slow Process Corner)
  Requirement:            25.000ns  (clk_out1_clk_wiz_0 rise@25.000ns - clk_out1_clk_wiz_0 rise@0.000ns)
  Data Path Delay:        2.418ns  (logic 0.675ns (27.915%)  route 1.743ns (72.085%))
  Logic Levels:           4  (LUT4=3 LUT6=1)
  Clock Path Skew:        -0.034ns (DCD - SCD + CPR)
    Destination Clock Delay (DCD):    2.754ns = ( 27.754 - 25.000 ) 
    Source Clock Delay      (SCD):    2.346ns
    Clock Pessimism Removal (CPR):    -0.441ns
  Clock Uncertainty:      0.073ns  ((TSJ^2 + DJ^2)^1/2) / 2 + PE
    Total System Jitter     (TSJ):    0.071ns
    Discrete Jitter          (DJ):    0.127ns
    Phase Error              (PE):    0.000ns
  Clock Net Delay (Source):      1.200ns (routing 0.185ns, distribution 1.015ns)
  Clock Net Delay (Destination): 1.042ns (routing 0.170ns, distribution 0.872ns)

    Location             Delay type                Incr(ns)  Path(ns)    Netlist Resource(s)
  -------------------------------------------------------------------    -------------------
                         (clock clk_out1_clk_wiz_0 rise edge)
                                                      0.000     0.000 r  
    L17                                               0.000     0.000 r  clk_in1_p (IN)
                         net (fo=0)                   0.100     0.100    CLOCK_GEN_INST/CLOCKING/inst/clkin1_ibufds/I
    HPIOBDIFFINBUF_X0Y37 DIFFINBUF (Prop_DIFFINBUF_HPIOBDIFFINBUF_DIFF_IN_P_O)
                                                      0.415     0.515 r  CLOCK_GEN_INST/CLOCKING/inst/clkin1_ibufds/DIFFINBUF_INST/O
                         net (fo=1, routed)           0.050     0.565    CLOCK_GEN_INST/CLOCKING/inst/clkin1_ibufds/OUT
    L17                  IBUFCTRL (Prop_IBUFCTRL_HPIOB_M_I_O)
                                                      0.000     0.565 r  CLOCK_GEN_INST/CLOCKING/inst/clkin1_ibufds/IBUFCTRL_INST/O
                         net (fo=1, routed)           0.404     0.969    CLOCK_GEN_INST/CLOCKING/inst/clk_in1_clk_wiz_0
    MMCM_X0Y1            MMCME4_ADV (Prop_MMCM_CLKIN1_CLKOUT0)
                                                     -0.106     0.863 r  CLOCK_GEN_INST/CLOCKING/inst/mmcme4_adv_inst/CLKOUT0
                         net (fo=1, routed)           0.255     1.118    CLOCK_GEN_INST/CLOCKING/inst/clk_out1_clk_wiz_0
    BUFGCE_X0Y32         BUFGCE (Prop_BUFCE_BUFGCE_I_O)
                                                      0.028     1.146 r  CLOCK_GEN_INST/CLOCKING/inst/clkout1_buf/O
    X0Y1 (CLOCK_ROOT)    net (fo=855, routed)         1.200     2.346    ATG1/inst/ATG_MODE_SYSTEM_INIT_TEST.systeminit_top/static_mrdwr/s_axi_aclk
    SLICE_X9Y82          FDRE                                         r  ATG1/inst/ATG_MODE_SYSTEM_INIT_TEST.systeminit_top/static_mrdwr/max_retry_cntr_reg[11]/C
  -------------------------------------------------------------------    -------------------
    SLICE_X9Y82          FDRE (Prop_DFF_SLICEM_C_Q)
                                                      0.096     2.442 f  ATG1/inst/ATG_MODE_SYSTEM_INIT_TEST.systeminit_top/static_mrdwr/max_retry_cntr_reg[11]/Q
                         net (fo=3, routed)           0.215     2.658    ATG1/inst/ATG_MODE_SYSTEM_INIT_TEST.systeminit_top/static_mrdwr/max_retry_cntr_reg[11]
    SLICE_X10Y82         LUT4 (Prop_D5LUT_SLICEL_I1_O)
                                                      0.164     2.822 f  ATG1/inst/ATG_MODE_SYSTEM_INIT_TEST.systeminit_top/static_mrdwr/max_test_time_cntr[0]_i_10/O
                         net (fo=1, routed)           0.255     3.077    ATG1/inst/ATG_MODE_SYSTEM_INIT_TEST.systeminit_top/static_mrdwr/max_test_time_cntr[0]_i_10_n_0
    SLICE_X10Y82         LUT4 (Prop_H6LUT_SLICEL_I1_O)
                                                      0.179     3.256 f  ATG1/inst/ATG_MODE_SYSTEM_INIT_TEST.systeminit_top/static_mrdwr/max_test_time_cntr[0]_i_3/O
                         net (fo=1, routed)           0.220     3.476    ATG1/inst/ATG_MODE_SYSTEM_INIT_TEST.systeminit_top/static_mrdwr/max_test_time_cntr[0]_i_3_n_0
    SLICE_X9Y85          LUT6 (Prop_H6LUT_SLICEM_I1_O)
                                                      0.151     3.627 r  ATG1/inst/ATG_MODE_SYSTEM_INIT_TEST.systeminit_top/static_mrdwr/max_test_time_cntr[0]_i_1/O
                         net (fo=39, routed)          0.398     4.024    ATG1/inst/ATG_MODE_SYSTEM_INIT_TEST.systeminit_top/static_mrdwr/max_test_time_cntr[0]_i_1_n_0
    SLICE_X10Y78         LUT4 (Prop_A5LUT_SLICEL_I3_O)
                                                      0.085     4.109 r  ATG1/inst/ATG_MODE_SYSTEM_INIT_TEST.systeminit_top/static_mrdwr/awaddr_m[31]_i_2/O
                         net (fo=43, routed)          0.655     4.764    ATG1/inst/ATG_MODE_SYSTEM_INIT_TEST.systeminit_top/static_mrdwr/launch_new_wr
    SLICE_X10Y74         FDRE                                         r  ATG1/inst/ATG_MODE_SYSTEM_INIT_TEST.systeminit_top/static_mrdwr/wdata_m_reg[31]/CE
  -------------------------------------------------------------------    -------------------

                         (clock clk_out1_clk_wiz_0 rise edge)
                                                     25.000    25.000 r  
    L17                                               0.000    25.000 r  clk_in1_p (IN)
                         net (fo=0)                   0.079    25.079    CLOCK_GEN_INST/CLOCKING/inst/clkin1_ibufds/I
    HPIOBDIFFINBUF_X0Y37 DIFFINBUF (Prop_DIFFINBUF_HPIOBDIFFINBUF_DIFF_IN_P_O)
                                                      0.347    25.426 r  CLOCK_GEN_INST/CLOCKING/inst/clkin1_ibufds/DIFFINBUF_INST/O
                         net (fo=1, routed)           0.040    25.466    CLOCK_GEN_INST/CLOCKING/inst/clkin1_ibufds/OUT
    L17                  IBUFCTRL (Prop_IBUFCTRL_HPIOB_M_I_O)
                                                      0.000    25.466 r  CLOCK_GEN_INST/CLOCKING/inst/clkin1_ibufds/IBUFCTRL_INST/O
                         net (fo=1, routed)           0.351    25.817    CLOCK_GEN_INST/CLOCKING/inst/clk_in1_clk_wiz_0
    MMCM_X0Y1            MMCME4_ADV (Prop_MMCM_CLKIN1_CLKOUT0)
                                                      0.644    26.461 r  CLOCK_GEN_INST/CLOCKING/inst/mmcme4_adv_inst/CLKOUT0
                         net (fo=1, routed)           0.227    26.688    CLOCK_GEN_INST/CLOCKING/inst/clk_out1_clk_wiz_0
    BUFGCE_X0Y32         BUFGCE (Prop_BUFCE_BUFGCE_I_O)
                                                      0.024    26.712 r  CLOCK_GEN_INST/CLOCKING/inst/clkout1_buf/O
    X0Y1 (CLOCK_ROOT)    net (fo=855, routed)         1.042    27.754    ATG1/inst/ATG_MODE_SYSTEM_INIT_TEST.systeminit_top/static_mrdwr/s_axi_aclk
    SLICE_X10Y74         FDRE                                         r  ATG1/inst/ATG_MODE_SYSTEM_INIT_TEST.systeminit_top/static_mrdwr/wdata_m_reg[31]/C
                         clock pessimism             -0.441    27.313    
                         clock uncertainty           -0.073    27.240    
    SLICE_X10Y74         FDRE (Setup_GFF_SLICEL_C_CE)
                                                     -0.043    27.197    ATG1/inst/ATG_MODE_SYSTEM_INIT_TEST.systeminit_top/static_mrdwr/wdata_m_reg[31]
  -------------------------------------------------------------------
                         required time                         27.197    
                         arrival time                          -4.764    
  -------------------------------------------------------------------
                         slack                                 22.433    

Slack (MET) :             22.433ns  (required time - arrival time)
  Source:                 ATG1/inst/ATG_MODE_SYSTEM_INIT_TEST.systeminit_top/static_mrdwr/max_retry_cntr_reg[11]/C
                            (rising edge-triggered cell FDRE clocked by clk_out1_clk_wiz_0  {rise@0.000ns fall@12.500ns period=25.000ns})
  Destination:            ATG1/inst/ATG_MODE_SYSTEM_INIT_TEST.systeminit_top/static_mrdwr/wdata_m_reg[6]/CE
                            (rising edge-triggered cell FDRE clocked by clk_out1_clk_wiz_0  {rise@0.000ns fall@12.500ns period=25.000ns})
  Path Group:             clk_out1_clk_wiz_0
  Path Type:              Setup (Max at Slow Process Corner)
  Requirement:            25.000ns  (clk_out1_clk_wiz_0 rise@25.000ns - clk_out1_clk_wiz_0 rise@0.000ns)
  Data Path Delay:        2.418ns  (logic 0.675ns (27.915%)  route 1.743ns (72.085%))
  Logic Levels:           4  (LUT4=3 LUT6=1)
  Clock Path Skew:        -0.034ns (DCD - SCD + CPR)
    Destination Clock Delay (DCD):    2.754ns = ( 27.754 - 25.000 ) 
    Source Clock Delay      (SCD):    2.346ns
    Clock Pessimism Removal (CPR):    -0.441ns
  Clock Uncertainty:      0.073ns  ((TSJ^2 + DJ^2)^1/2) / 2 + PE
    Total System Jitter     (TSJ):    0.071ns
    Discrete Jitter          (DJ):    0.127ns
    Phase Error              (PE):    0.000ns
  Clock Net Delay (Source):      1.200ns (routing 0.185ns, distribution 1.015ns)
  Clock Net Delay (Destination): 1.042ns (routing 0.170ns, distribution 0.872ns)

    Location             Delay type                Incr(ns)  Path(ns)    Netlist Resource(s)
  -------------------------------------------------------------------    -------------------
                         (clock clk_out1_clk_wiz_0 rise edge)
                                                      0.000     0.000 r  
    L17                                               0.000     0.000 r  clk_in1_p (IN)
                         net (fo=0)                   0.100     0.100    CLOCK_GEN_INST/CLOCKING/inst/clkin1_ibufds/I
    HPIOBDIFFINBUF_X0Y37 DIFFINBUF (Prop_DIFFINBUF_HPIOBDIFFINBUF_DIFF_IN_P_O)
                                                      0.415     0.515 r  CLOCK_GEN_INST/CLOCKING/inst/clkin1_ibufds/DIFFINBUF_INST/O
                         net (fo=1, routed)           0.050     0.565    CLOCK_GEN_INST/CLOCKING/inst/clkin1_ibufds/OUT
    L17                  IBUFCTRL (Prop_IBUFCTRL_HPIOB_M_I_O)
                                                      0.000     0.565 r  CLOCK_GEN_INST/CLOCKING/inst/clkin1_ibufds/IBUFCTRL_INST/O
                         net (fo=1, routed)           0.404     0.969    CLOCK_GEN_INST/CLOCKING/inst/clk_in1_clk_wiz_0
    MMCM_X0Y1            MMCME4_ADV (Prop_MMCM_CLKIN1_CLKOUT0)
                                                     -0.106     0.863 r  CLOCK_GEN_INST/CLOCKING/inst/mmcme4_adv_inst/CLKOUT0
                         net (fo=1, routed)           0.255     1.118    CLOCK_GEN_INST/CLOCKING/inst/clk_out1_clk_wiz_0
    BUFGCE_X0Y32         BUFGCE (Prop_BUFCE_BUFGCE_I_O)
                                                      0.028     1.146 r  CLOCK_GEN_INST/CLOCKING/inst/clkout1_buf/O
    X0Y1 (CLOCK_ROOT)    net (fo=855, routed)         1.200     2.346    ATG1/inst/ATG_MODE_SYSTEM_INIT_TEST.systeminit_top/static_mrdwr/s_axi_aclk
    SLICE_X9Y82          FDRE                                         r  ATG1/inst/ATG_MODE_SYSTEM_INIT_TEST.systeminit_top/static_mrdwr/max_retry_cntr_reg[11]/C
  -------------------------------------------------------------------    -------------------
    SLICE_X9Y82          FDRE (Prop_DFF_SLICEM_C_Q)
                                                      0.096     2.442 f  ATG1/inst/ATG_MODE_SYSTEM_INIT_TEST.systeminit_top/static_mrdwr/max_retry_cntr_reg[11]/Q
                         net (fo=3, routed)           0.215     2.658    ATG1/inst/ATG_MODE_SYSTEM_INIT_TEST.systeminit_top/static_mrdwr/max_retry_cntr_reg[11]
    SLICE_X10Y82         LUT4 (Prop_D5LUT_SLICEL_I1_O)
                                                      0.164     2.822 f  ATG1/inst/ATG_MODE_SYSTEM_INIT_TEST.systeminit_top/static_mrdwr/max_test_time_cntr[0]_i_10/O
                         net (fo=1, routed)           0.255     3.077    ATG1/inst/ATG_MODE_SYSTEM_INIT_TEST.systeminit_top/static_mrdwr/max_test_time_cntr[0]_i_10_n_0
    SLICE_X10Y82         LUT4 (Prop_H6LUT_SLICEL_I1_O)
                                                      0.179     3.256 f  ATG1/inst/ATG_MODE_SYSTEM_INIT_TEST.systeminit_top/static_mrdwr/max_test_time_cntr[0]_i_3/O
                         net (fo=1, routed)           0.220     3.476    ATG1/inst/ATG_MODE_SYSTEM_INIT_TEST.systeminit_top/static_mrdwr/max_test_time_cntr[0]_i_3_n_0
    SLICE_X9Y85          LUT6 (Prop_H6LUT_SLICEM_I1_O)
                                                      0.151     3.627 r  ATG1/inst/ATG_MODE_SYSTEM_INIT_TEST.systeminit_top/static_mrdwr/max_test_time_cntr[0]_i_1/O
                         net (fo=39, routed)          0.398     4.024    ATG1/inst/ATG_MODE_SYSTEM_INIT_TEST.systeminit_top/static_mrdwr/max_test_time_cntr[0]_i_1_n_0
    SLICE_X10Y78         LUT4 (Prop_A5LUT_SLICEL_I3_O)
                                                      0.085     4.109 r  ATG1/inst/ATG_MODE_SYSTEM_INIT_TEST.systeminit_top/static_mrdwr/awaddr_m[31]_i_2/O
                         net (fo=43, routed)          0.655     4.764    ATG1/inst/ATG_MODE_SYSTEM_INIT_TEST.systeminit_top/static_mrdwr/launch_new_wr
    SLICE_X10Y74         FDRE                                         r  ATG1/inst/ATG_MODE_SYSTEM_INIT_TEST.systeminit_top/static_mrdwr/wdata_m_reg[6]/CE
  -------------------------------------------------------------------    -------------------

                         (clock clk_out1_clk_wiz_0 rise edge)
                                                     25.000    25.000 r  
    L17                                               0.000    25.000 r  clk_in1_p (IN)
                         net (fo=0)                   0.079    25.079    CLOCK_GEN_INST/CLOCKING/inst/clkin1_ibufds/I
    HPIOBDIFFINBUF_X0Y37 DIFFINBUF (Prop_DIFFINBUF_HPIOBDIFFINBUF_DIFF_IN_P_O)
                                                      0.347    25.426 r  CLOCK_GEN_INST/CLOCKING/inst/clkin1_ibufds/DIFFINBUF_INST/O
                         net (fo=1, routed)           0.040    25.466    CLOCK_GEN_INST/CLOCKING/inst/clkin1_ibufds/OUT
    L17                  IBUFCTRL (Prop_IBUFCTRL_HPIOB_M_I_O)
                                                      0.000    25.466 r  CLOCK_GEN_INST/CLOCKING/inst/clkin1_ibufds/IBUFCTRL_INST/O
                         net (fo=1, routed)           0.351    25.817    CLOCK_GEN_INST/CLOCKING/inst/clk_in1_clk_wiz_0
    MMCM_X0Y1            MMCME4_ADV (Prop_MMCM_CLKIN1_CLKOUT0)
                                                      0.644    26.461 r  CLOCK_GEN_INST/CLOCKING/inst/mmcme4_adv_inst/CLKOUT0
                         net (fo=1, routed)           0.227    26.688    CLOCK_GEN_INST/CLOCKING/inst/clk_out1_clk_wiz_0
    BUFGCE_X0Y32         BUFGCE (Prop_BUFCE_BUFGCE_I_O)
                                                      0.024    26.712 r  CLOCK_GEN_INST/CLOCKING/inst/clkout1_buf/O
    X0Y1 (CLOCK_ROOT)    net (fo=855, routed)         1.042    27.754    ATG1/inst/ATG_MODE_SYSTEM_INIT_TEST.systeminit_top/static_mrdwr/s_axi_aclk
    SLICE_X10Y74         FDRE                                         r  ATG1/inst/ATG_MODE_SYSTEM_INIT_TEST.systeminit_top/static_mrdwr/wdata_m_reg[6]/C
                         clock pessimism             -0.441    27.313    
                         clock uncertainty           -0.073    27.240    
    SLICE_X10Y74         FDRE (Setup_FFF_SLICEL_C_CE)
                                                     -0.043    27.197    ATG1/inst/ATG_MODE_SYSTEM_INIT_TEST.systeminit_top/static_mrdwr/wdata_m_reg[6]
  -------------------------------------------------------------------
                         required time                         27.197    
                         arrival time                          -4.764    
  -------------------------------------------------------------------
                         slack                                 22.433    

Slack (MET) :             22.433ns  (required time - arrival time)
  Source:                 ATG1/inst/ATG_MODE_SYSTEM_INIT_TEST.systeminit_top/static_mrdwr/max_retry_cntr_reg[11]/C
                            (rising edge-triggered cell FDRE clocked by clk_out1_clk_wiz_0  {rise@0.000ns fall@12.500ns period=25.000ns})
  Destination:            ATG1/inst/ATG_MODE_SYSTEM_INIT_TEST.systeminit_top/static_mrdwr/wdata_m_reg[7]/CE
                            (rising edge-triggered cell FDRE clocked by clk_out1_clk_wiz_0  {rise@0.000ns fall@12.500ns period=25.000ns})
  Path Group:             clk_out1_clk_wiz_0
  Path Type:              Setup (Max at Slow Process Corner)
  Requirement:            25.000ns  (clk_out1_clk_wiz_0 rise@25.000ns - clk_out1_clk_wiz_0 rise@0.000ns)
  Data Path Delay:        2.418ns  (logic 0.675ns (27.915%)  route 1.743ns (72.085%))
  Logic Levels:           4  (LUT4=3 LUT6=1)
  Clock Path Skew:        -0.034ns (DCD - SCD + CPR)
    Destination Clock Delay (DCD):    2.754ns = ( 27.754 - 25.000 ) 
    Source Clock Delay      (SCD):    2.346ns
    Clock Pessimism Removal (CPR):    -0.441ns
  Clock Uncertainty:      0.073ns  ((TSJ^2 + DJ^2)^1/2) / 2 + PE
    Total System Jitter     (TSJ):    0.071ns
    Discrete Jitter          (DJ):    0.127ns
    Phase Error              (PE):    0.000ns
  Clock Net Delay (Source):      1.200ns (routing 0.185ns, distribution 1.015ns)
  Clock Net Delay (Destination): 1.042ns (routing 0.170ns, distribution 0.872ns)

    Location             Delay type                Incr(ns)  Path(ns)    Netlist Resource(s)
  -------------------------------------------------------------------    -------------------
                         (clock clk_out1_clk_wiz_0 rise edge)
                                                      0.000     0.000 r  
    L17                                               0.000     0.000 r  clk_in1_p (IN)
                         net (fo=0)                   0.100     0.100    CLOCK_GEN_INST/CLOCKING/inst/clkin1_ibufds/I
    HPIOBDIFFINBUF_X0Y37 DIFFINBUF (Prop_DIFFINBUF_HPIOBDIFFINBUF_DIFF_IN_P_O)
                                                      0.415     0.515 r  CLOCK_GEN_INST/CLOCKING/inst/clkin1_ibufds/DIFFINBUF_INST/O
                         net (fo=1, routed)           0.050     0.565    CLOCK_GEN_INST/CLOCKING/inst/clkin1_ibufds/OUT
    L17                  IBUFCTRL (Prop_IBUFCTRL_HPIOB_M_I_O)
                                                      0.000     0.565 r  CLOCK_GEN_INST/CLOCKING/inst/clkin1_ibufds/IBUFCTRL_INST/O
                         net (fo=1, routed)           0.404     0.969    CLOCK_GEN_INST/CLOCKING/inst/clk_in1_clk_wiz_0
    MMCM_X0Y1            MMCME4_ADV (Prop_MMCM_CLKIN1_CLKOUT0)
                                                     -0.106     0.863 r  CLOCK_GEN_INST/CLOCKING/inst/mmcme4_adv_inst/CLKOUT0
                         net (fo=1, routed)           0.255     1.118    CLOCK_GEN_INST/CLOCKING/inst/clk_out1_clk_wiz_0
    BUFGCE_X0Y32         BUFGCE (Prop_BUFCE_BUFGCE_I_O)
                                                      0.028     1.146 r  CLOCK_GEN_INST/CLOCKING/inst/clkout1_buf/O
    X0Y1 (CLOCK_ROOT)    net (fo=855, routed)         1.200     2.346    ATG1/inst/ATG_MODE_SYSTEM_INIT_TEST.systeminit_top/static_mrdwr/s_axi_aclk
    SLICE_X9Y82          FDRE                                         r  ATG1/inst/ATG_MODE_SYSTEM_INIT_TEST.systeminit_top/static_mrdwr/max_retry_cntr_reg[11]/C
  -------------------------------------------------------------------    -------------------
    SLICE_X9Y82          FDRE (Prop_DFF_SLICEM_C_Q)
                                                      0.096     2.442 f  ATG1/inst/ATG_MODE_SYSTEM_INIT_TEST.systeminit_top/static_mrdwr/max_retry_cntr_reg[11]/Q
                         net (fo=3, routed)           0.215     2.658    ATG1/inst/ATG_MODE_SYSTEM_INIT_TEST.systeminit_top/static_mrdwr/max_retry_cntr_reg[11]
    SLICE_X10Y82         LUT4 (Prop_D5LUT_SLICEL_I1_O)
                                                      0.164     2.822 f  ATG1/inst/ATG_MODE_SYSTEM_INIT_TEST.systeminit_top/static_mrdwr/max_test_time_cntr[0]_i_10/O
                         net (fo=1, routed)           0.255     3.077    ATG1/inst/ATG_MODE_SYSTEM_INIT_TEST.systeminit_top/static_mrdwr/max_test_time_cntr[0]_i_10_n_0
    SLICE_X10Y82         LUT4 (Prop_H6LUT_SLICEL_I1_O)
                                                      0.179     3.256 f  ATG1/inst/ATG_MODE_SYSTEM_INIT_TEST.systeminit_top/static_mrdwr/max_test_time_cntr[0]_i_3/O
                         net (fo=1, routed)           0.220     3.476    ATG1/inst/ATG_MODE_SYSTEM_INIT_TEST.systeminit_top/static_mrdwr/max_test_time_cntr[0]_i_3_n_0
    SLICE_X9Y85          LUT6 (Prop_H6LUT_SLICEM_I1_O)
                                                      0.151     3.627 r  ATG1/inst/ATG_MODE_SYSTEM_INIT_TEST.systeminit_top/static_mrdwr/max_test_time_cntr[0]_i_1/O
                         net (fo=39, routed)          0.398     4.024    ATG1/inst/ATG_MODE_SYSTEM_INIT_TEST.systeminit_top/static_mrdwr/max_test_time_cntr[0]_i_1_n_0
    SLICE_X10Y78         LUT4 (Prop_A5LUT_SLICEL_I3_O)
                                                      0.085     4.109 r  ATG1/inst/ATG_MODE_SYSTEM_INIT_TEST.systeminit_top/static_mrdwr/awaddr_m[31]_i_2/O
                         net (fo=43, routed)          0.655     4.764    ATG1/inst/ATG_MODE_SYSTEM_INIT_TEST.systeminit_top/static_mrdwr/launch_new_wr
    SLICE_X10Y74         FDRE                                         r  ATG1/inst/ATG_MODE_SYSTEM_INIT_TEST.systeminit_top/static_mrdwr/wdata_m_reg[7]/CE
  -------------------------------------------------------------------    -------------------

                         (clock clk_out1_clk_wiz_0 rise edge)
                                                     25.000    25.000 r  
    L17                                               0.000    25.000 r  clk_in1_p (IN)
                         net (fo=0)                   0.079    25.079    CLOCK_GEN_INST/CLOCKING/inst/clkin1_ibufds/I
    HPIOBDIFFINBUF_X0Y37 DIFFINBUF (Prop_DIFFINBUF_HPIOBDIFFINBUF_DIFF_IN_P_O)
                                                      0.347    25.426 r  CLOCK_GEN_INST/CLOCKING/inst/clkin1_ibufds/DIFFINBUF_INST/O
                         net (fo=1, routed)           0.040    25.466    CLOCK_GEN_INST/CLOCKING/inst/clkin1_ibufds/OUT
    L17                  IBUFCTRL (Prop_IBUFCTRL_HPIOB_M_I_O)
                                                      0.000    25.466 r  CLOCK_GEN_INST/CLOCKING/inst/clkin1_ibufds/IBUFCTRL_INST/O
                         net (fo=1, routed)           0.351    25.817    CLOCK_GEN_INST/CLOCKING/inst/clk_in1_clk_wiz_0
    MMCM_X0Y1            MMCME4_ADV (Prop_MMCM_CLKIN1_CLKOUT0)
                                                      0.644    26.461 r  CLOCK_GEN_INST/CLOCKING/inst/mmcme4_adv_inst/CLKOUT0
                         net (fo=1, routed)           0.227    26.688    CLOCK_GEN_INST/CLOCKING/inst/clk_out1_clk_wiz_0
    BUFGCE_X0Y32         BUFGCE (Prop_BUFCE_BUFGCE_I_O)
                                                      0.024    26.712 r  CLOCK_GEN_INST/CLOCKING/inst/clkout1_buf/O
    X0Y1 (CLOCK_ROOT)    net (fo=855, routed)         1.042    27.754    ATG1/inst/ATG_MODE_SYSTEM_INIT_TEST.systeminit_top/static_mrdwr/s_axi_aclk
    SLICE_X10Y74         FDRE                                         r  ATG1/inst/ATG_MODE_SYSTEM_INIT_TEST.systeminit_top/static_mrdwr/wdata_m_reg[7]/C
                         clock pessimism             -0.441    27.313    
                         clock uncertainty           -0.073    27.240    
    SLICE_X10Y74         FDRE (Setup_EFF_SLICEL_C_CE)
                                                     -0.043    27.197    ATG1/inst/ATG_MODE_SYSTEM_INIT_TEST.systeminit_top/static_mrdwr/wdata_m_reg[7]
  -------------------------------------------------------------------
                         required time                         27.197    
                         arrival time                          -4.764    
  -------------------------------------------------------------------
                         slack                                 22.433    

Slack (MET) :             22.459ns  (required time - arrival time)
  Source:                 ATG1/inst/ATG_MODE_SYSTEM_INIT_TEST.systeminit_top/static_mrdwr/new_trn_addr_reg[2]/C
                            (rising edge-triggered cell FDRE clocked by clk_out1_clk_wiz_0  {rise@0.000ns fall@12.500ns period=25.000ns})
  Destination:            ATG1/inst/ATG_MODE_SYSTEM_INIT_TEST.systeminit_top/static_mrdwr/max_retry_cntr_reg[10]/R
                            (rising edge-triggered cell FDRE clocked by clk_out1_clk_wiz_0  {rise@0.000ns fall@12.500ns period=25.000ns})
  Path Group:             clk_out1_clk_wiz_0
  Path Type:              Setup (Max at Slow Process Corner)
  Requirement:            25.000ns  (clk_out1_clk_wiz_0 rise@25.000ns - clk_out1_clk_wiz_0 rise@0.000ns)
  Data Path Delay:        2.333ns  (logic 0.656ns (28.117%)  route 1.677ns (71.883%))
  Logic Levels:           4  (CARRY8=2 LUT6=2)
  Clock Path Skew:        -0.063ns (DCD - SCD + CPR)
    Destination Clock Delay (DCD):    2.747ns = ( 27.747 - 25.000 ) 
    Source Clock Delay      (SCD):    2.368ns
    Clock Pessimism Removal (CPR):    -0.441ns
  Clock Uncertainty:      0.073ns  ((TSJ^2 + DJ^2)^1/2) / 2 + PE
    Total System Jitter     (TSJ):    0.071ns
    Discrete Jitter          (DJ):    0.127ns
    Phase Error              (PE):    0.000ns
  Clock Net Delay (Source):      1.222ns (routing 0.185ns, distribution 1.037ns)
  Clock Net Delay (Destination): 1.035ns (routing 0.170ns, distribution 0.865ns)

    Location             Delay type                Incr(ns)  Path(ns)    Netlist Resource(s)
  -------------------------------------------------------------------    -------------------
                         (clock clk_out1_clk_wiz_0 rise edge)
                                                      0.000     0.000 r  
    L17                                               0.000     0.000 r  clk_in1_p (IN)
                         net (fo=0)                   0.100     0.100    CLOCK_GEN_INST/CLOCKING/inst/clkin1_ibufds/I
    HPIOBDIFFINBUF_X0Y37 DIFFINBUF (Prop_DIFFINBUF_HPIOBDIFFINBUF_DIFF_IN_P_O)
                                                      0.415     0.515 r  CLOCK_GEN_INST/CLOCKING/inst/clkin1_ibufds/DIFFINBUF_INST/O
                         net (fo=1, routed)           0.050     0.565    CLOCK_GEN_INST/CLOCKING/inst/clkin1_ibufds/OUT
    L17                  IBUFCTRL (Prop_IBUFCTRL_HPIOB_M_I_O)
                                                      0.000     0.565 r  CLOCK_GEN_INST/CLOCKING/inst/clkin1_ibufds/IBUFCTRL_INST/O
                         net (fo=1, routed)           0.404     0.969    CLOCK_GEN_INST/CLOCKING/inst/clk_in1_clk_wiz_0
    MMCM_X0Y1            MMCME4_ADV (Prop_MMCM_CLKIN1_CLKOUT0)
                                                     -0.106     0.863 r  CLOCK_GEN_INST/CLOCKING/inst/mmcme4_adv_inst/CLKOUT0
                         net (fo=1, routed)           0.255     1.118    CLOCK_GEN_INST/CLOCKING/inst/clk_out1_clk_wiz_0
    BUFGCE_X0Y32         BUFGCE (Prop_BUFCE_BUFGCE_I_O)
                                                      0.028     1.146 r  CLOCK_GEN_INST/CLOCKING/inst/clkout1_buf/O
    X0Y1 (CLOCK_ROOT)    net (fo=855, routed)         1.222     2.368    ATG1/inst/ATG_MODE_SYSTEM_INIT_TEST.systeminit_top/static_mrdwr/s_axi_aclk
    SLICE_X10Y75         FDRE                                         r  ATG1/inst/ATG_MODE_SYSTEM_INIT_TEST.systeminit_top/static_mrdwr/new_trn_addr_reg[2]/C
  -------------------------------------------------------------------    -------------------
    SLICE_X10Y75         FDRE (Prop_GFF_SLICEL_C_Q)
                                                      0.097     2.465 r  ATG1/inst/ATG_MODE_SYSTEM_INIT_TEST.systeminit_top/static_mrdwr/new_trn_addr_reg[2]/Q
                         net (fo=1, routed)           0.834     3.299    ATG1/inst/ATG_MODE_SYSTEM_INIT_TEST.systeminit_top/static_mrdwr/new_trn_addr_reg_n_0_[2]
    SLICE_X8Y76          LUT6 (Prop_A6LUT_SLICEL_I4_O)
                                                      0.100     3.399 r  ATG1/inst/ATG_MODE_SYSTEM_INIT_TEST.systeminit_top/static_mrdwr/i__carry_i_8/O
                         net (fo=1, routed)           0.011     3.410    ATG1/inst/ATG_MODE_SYSTEM_INIT_TEST.systeminit_top/static_mrdwr/i__carry_i_8_n_0
    SLICE_X8Y76          CARRY8 (Prop_CARRY8_SLICEL_S[0]_CO[7])
                                                      0.238     3.648 f  ATG1/inst/ATG_MODE_SYSTEM_INIT_TEST.systeminit_top/static_mrdwr/max_retry_cntr2_inferred__0/i__carry/CO[7]
                         net (fo=1, routed)           0.028     3.676    ATG1/inst/ATG_MODE_SYSTEM_INIT_TEST.systeminit_top/static_mrdwr/max_retry_cntr2_inferred__0/i__carry_n_0
    SLICE_X8Y77          CARRY8 (Prop_CARRY8_SLICEL_CI_CO[2])
                                                      0.073     3.749 f  ATG1/inst/ATG_MODE_SYSTEM_INIT_TEST.systeminit_top/static_mrdwr/max_retry_cntr2_inferred__0/i__carry__0/CO[2]
                         net (fo=1, routed)           0.217     3.966    ATG1/inst/ATG_MODE_SYSTEM_INIT_TEST.systeminit_top/static_mrdwr/max_retry_cntr2
    SLICE_X9Y79          LUT6 (Prop_G6LUT_SLICEM_I2_O)
                                                      0.148     4.114 r  ATG1/inst/ATG_MODE_SYSTEM_INIT_TEST.systeminit_top/static_mrdwr/max_retry_cntr[0]_i_1/O
                         net (fo=32, routed)          0.587     4.701    ATG1/inst/ATG_MODE_SYSTEM_INIT_TEST.systeminit_top/static_mrdwr/max_retry_cntr[0]_i_1_n_0
    SLICE_X9Y82          FDRE                                         r  ATG1/inst/ATG_MODE_SYSTEM_INIT_TEST.systeminit_top/static_mrdwr/max_retry_cntr_reg[10]/R
  -------------------------------------------------------------------    -------------------

                         (clock clk_out1_clk_wiz_0 rise edge)
                                                     25.000    25.000 r  
    L17                                               0.000    25.000 r  clk_in1_p (IN)
                         net (fo=0)                   0.079    25.079    CLOCK_GEN_INST/CLOCKING/inst/clkin1_ibufds/I
    HPIOBDIFFINBUF_X0Y37 DIFFINBUF (Prop_DIFFINBUF_HPIOBDIFFINBUF_DIFF_IN_P_O)
                                                      0.347    25.426 r  CLOCK_GEN_INST/CLOCKING/inst/clkin1_ibufds/DIFFINBUF_INST/O
                         net (fo=1, routed)           0.040    25.466    CLOCK_GEN_INST/CLOCKING/inst/clkin1_ibufds/OUT
    L17                  IBUFCTRL (Prop_IBUFCTRL_HPIOB_M_I_O)
                                                      0.000    25.466 r  CLOCK_GEN_INST/CLOCKING/inst/clkin1_ibufds/IBUFCTRL_INST/O
                         net (fo=1, routed)           0.351    25.817    CLOCK_GEN_INST/CLOCKING/inst/clk_in1_clk_wiz_0
    MMCM_X0Y1            MMCME4_ADV (Prop_MMCM_CLKIN1_CLKOUT0)
                                                      0.644    26.461 r  CLOCK_GEN_INST/CLOCKING/inst/mmcme4_adv_inst/CLKOUT0
                         net (fo=1, routed)           0.227    26.688    CLOCK_GEN_INST/CLOCKING/inst/clk_out1_clk_wiz_0
    BUFGCE_X0Y32         BUFGCE (Prop_BUFCE_BUFGCE_I_O)
                                                      0.024    26.712 r  CLOCK_GEN_INST/CLOCKING/inst/clkout1_buf/O
    X0Y1 (CLOCK_ROOT)    net (fo=855, routed)         1.035    27.747    ATG1/inst/ATG_MODE_SYSTEM_INIT_TEST.systeminit_top/static_mrdwr/s_axi_aclk
    SLICE_X9Y82          FDRE                                         r  ATG1/inst/ATG_MODE_SYSTEM_INIT_TEST.systeminit_top/static_mrdwr/max_retry_cntr_reg[10]/C
                         clock pessimism             -0.441    27.305    
                         clock uncertainty           -0.073    27.233    
    SLICE_X9Y82          FDRE (Setup_CFF_SLICEM_C_R)
                                                     -0.072    27.161    ATG1/inst/ATG_MODE_SYSTEM_INIT_TEST.systeminit_top/static_mrdwr/max_retry_cntr_reg[10]
  -------------------------------------------------------------------
                         required time                         27.161    
                         arrival time                          -4.701    
  -------------------------------------------------------------------
                         slack                                 22.459    





Min Delay Paths
--------------------------------------------------------------------------------------
Slack (MET) :             0.025ns  (arrival time - required time)
  Source:                 DUT/U0/X_IIC/FILTER_I/SDA_DEBOUNCE/INPUT_DOUBLE_REGS/GENERATE_LEVEL_P_S_CDC.SINGLE_BIT.CROSS_PLEVEL_IN2SCNDRY_s_level_out_d4/C
                            (rising edge-triggered cell FDRE clocked by clk_out1_clk_wiz_0  {rise@0.000ns fall@12.500ns period=25.000ns})
  Destination:            DUT/U0/X_IIC/IIC_CONTROL_I/detect_start_reg/D
                            (rising edge-triggered cell FDRE clocked by clk_out1_clk_wiz_0  {rise@0.000ns fall@12.500ns period=25.000ns})
  Path Group:             clk_out1_clk_wiz_0
  Path Type:              Hold (Min at Slow Process Corner)
  Requirement:            0.000ns  (clk_out1_clk_wiz_0 rise@0.000ns - clk_out1_clk_wiz_0 rise@0.000ns)
  Data Path Delay:        0.199ns  (logic 0.098ns (49.156%)  route 0.101ns (50.844%))
  Logic Levels:           1  (LUT6=1)
  Clock Path Skew:        0.122ns (DCD - SCD - CPR)
    Destination Clock Delay (DCD):    2.369ns
    Source Clock Delay      (SCD):    2.755ns
    Clock Pessimism Removal (CPR):    -0.507ns
  Clock Net Delay (Source):      1.043ns (routing 0.170ns, distribution 0.873ns)
  Clock Net Delay (Destination): 1.223ns (routing 0.185ns, distribution 1.038ns)

    Location             Delay type                Incr(ns)  Path(ns)    Netlist Resource(s)
  -------------------------------------------------------------------    -------------------
                         (clock clk_out1_clk_wiz_0 rise edge)
                                                      0.000     0.000 r  
    L17                                               0.000     0.000 r  clk_in1_p (IN)
                         net (fo=0)                   0.079     0.079    CLOCK_GEN_INST/CLOCKING/inst/clkin1_ibufds/I
    HPIOBDIFFINBUF_X0Y37 DIFFINBUF (Prop_DIFFINBUF_HPIOBDIFFINBUF_DIFF_IN_P_O)
                                                      0.347     0.426 r  CLOCK_GEN_INST/CLOCKING/inst/clkin1_ibufds/DIFFINBUF_INST/O
                         net (fo=1, routed)           0.040     0.466    CLOCK_GEN_INST/CLOCKING/inst/clkin1_ibufds/OUT
    L17                  IBUFCTRL (Prop_IBUFCTRL_HPIOB_M_I_O)
                                                      0.000     0.466 r  CLOCK_GEN_INST/CLOCKING/inst/clkin1_ibufds/IBUFCTRL_INST/O
                         net (fo=1, routed)           0.351     0.817    CLOCK_GEN_INST/CLOCKING/inst/clk_in1_clk_wiz_0
    MMCM_X0Y1            MMCME4_ADV (Prop_MMCM_CLKIN1_CLKOUT0)
                                                      0.644     1.461 r  CLOCK_GEN_INST/CLOCKING/inst/mmcme4_adv_inst/CLKOUT0
                         net (fo=1, routed)           0.227     1.688    CLOCK_GEN_INST/CLOCKING/inst/clk_out1_clk_wiz_0
    BUFGCE_X0Y32         BUFGCE (Prop_BUFCE_BUFGCE_I_O)
                                                      0.024     1.712 r  CLOCK_GEN_INST/CLOCKING/inst/clkout1_buf/O
    X0Y1 (CLOCK_ROOT)    net (fo=855, routed)         1.043     2.755    DUT/U0/X_IIC/FILTER_I/SDA_DEBOUNCE/INPUT_DOUBLE_REGS/s_axi_aclk
    SLICE_X10Y66         FDRE                                         r  DUT/U0/X_IIC/FILTER_I/SDA_DEBOUNCE/INPUT_DOUBLE_REGS/GENERATE_LEVEL_P_S_CDC.SINGLE_BIT.CROSS_PLEVEL_IN2SCNDRY_s_level_out_d4/C
  -------------------------------------------------------------------    -------------------
    SLICE_X10Y66         FDRE (Prop_CFF2_SLICEL_C_Q)
                                                      0.071     2.826 r  DUT/U0/X_IIC/FILTER_I/SDA_DEBOUNCE/INPUT_DOUBLE_REGS/GENERATE_LEVEL_P_S_CDC.SINGLE_BIT.CROSS_PLEVEL_IN2SCNDRY_s_level_out_d4/Q
                         net (fo=14, routed)          0.076     2.902    DUT/U0/X_IIC/IIC_CONTROL_I/data_int_reg[0]
    SLICE_X8Y66          LUT6 (Prop_G6LUT_SLICEL_I2_O)
                                                      0.027     2.929 r  DUT/U0/X_IIC/IIC_CONTROL_I/detect_start_i_1/O
                         net (fo=1, routed)           0.025     2.954    DUT/U0/X_IIC/IIC_CONTROL_I/detect_start_i_1_n_0
    SLICE_X8Y66          FDRE                                         r  DUT/U0/X_IIC/IIC_CONTROL_I/detect_start_reg/D
  -------------------------------------------------------------------    -------------------

                         (clock clk_out1_clk_wiz_0 rise edge)
                                                      0.000     0.000 r  
    L17                                               0.000     0.000 r  clk_in1_p (IN)
                         net (fo=0)                   0.100     0.100    CLOCK_GEN_INST/CLOCKING/inst/clkin1_ibufds/I
    HPIOBDIFFINBUF_X0Y37 DIFFINBUF (Prop_DIFFINBUF_HPIOBDIFFINBUF_DIFF_IN_P_O)
                                                      0.415     0.515 r  CLOCK_GEN_INST/CLOCKING/inst/clkin1_ibufds/DIFFINBUF_INST/O
                         net (fo=1, routed)           0.050     0.565    CLOCK_GEN_INST/CLOCKING/inst/clkin1_ibufds/OUT
    L17                  IBUFCTRL (Prop_IBUFCTRL_HPIOB_M_I_O)
                                                      0.000     0.565 r  CLOCK_GEN_INST/CLOCKING/inst/clkin1_ibufds/IBUFCTRL_INST/O
                         net (fo=1, routed)           0.404     0.969    CLOCK_GEN_INST/CLOCKING/inst/clk_in1_clk_wiz_0
    MMCM_X0Y1            MMCME4_ADV (Prop_MMCM_CLKIN1_CLKOUT0)
                                                     -0.106     0.863 r  CLOCK_GEN_INST/CLOCKING/inst/mmcme4_adv_inst/CLKOUT0
                         net (fo=1, routed)           0.255     1.118    CLOCK_GEN_INST/CLOCKING/inst/clk_out1_clk_wiz_0
    BUFGCE_X0Y32         BUFGCE (Prop_BUFCE_BUFGCE_I_O)
                                                      0.028     1.146 r  CLOCK_GEN_INST/CLOCKING/inst/clkout1_buf/O
    X0Y1 (CLOCK_ROOT)    net (fo=855, routed)         1.223     2.369    DUT/U0/X_IIC/IIC_CONTROL_I/s_axi_aclk
    SLICE_X8Y66          FDRE                                         r  DUT/U0/X_IIC/IIC_CONTROL_I/detect_start_reg/C
                         clock pessimism              0.507     2.876    
    SLICE_X8Y66          FDRE (Hold_GFF_SLICEL_C_D)
                                                      0.053     2.929    DUT/U0/X_IIC/IIC_CONTROL_I/detect_start_reg
  -------------------------------------------------------------------
                         required time                         -2.929    
                         arrival time                           2.954    
  -------------------------------------------------------------------
                         slack                                  0.025    

Slack (MET) :             0.032ns  (arrival time - required time)
  Source:                 ATG1/inst/ATG_MODE_SYSTEM_INIT_TEST.systeminit_top/systeminit_dmg_addr/xpm_memory_spram_inst/xpm_memory_base_inst/gen_rd_a.gen_rd_a_synth_template.gen_rf_narrow_reg.douta_reg_reg[16]/C
                            (rising edge-triggered cell FDRE clocked by clk_out1_clk_wiz_0  {rise@0.000ns fall@12.500ns period=25.000ns})
  Destination:            ATG1/inst/ATG_MODE_SYSTEM_INIT_TEST.systeminit_top/static_mrdwr/araddr_m_reg[16]/D
                            (rising edge-triggered cell FDRE clocked by clk_out1_clk_wiz_0  {rise@0.000ns fall@12.500ns period=25.000ns})
  Path Group:             clk_out1_clk_wiz_0
  Path Type:              Hold (Min at Fast Process Corner)
  Requirement:            0.000ns  (clk_out1_clk_wiz_0 rise@0.000ns - clk_out1_clk_wiz_0 rise@0.000ns)
  Data Path Delay:        0.105ns  (logic 0.038ns (36.190%)  route 0.067ns (63.810%))
  Logic Levels:           0  
  Clock Path Skew:        0.026ns (DCD - SCD - CPR)
    Destination Clock Delay (DCD):    1.255ns
    Source Clock Delay      (SCD):    1.517ns
    Clock Pessimism Removal (CPR):    -0.288ns
  Clock Net Delay (Source):      0.608ns (routing 0.096ns, distribution 0.512ns)
  Clock Net Delay (Destination): 0.703ns (routing 0.108ns, distribution 0.595ns)

    Location             Delay type                Incr(ns)  Path(ns)    Netlist Resource(s)
  -------------------------------------------------------------------    -------------------
                         (clock clk_out1_clk_wiz_0 rise edge)
                                                      0.000     0.000 r  
    L17                                               0.000     0.000 r  clk_in1_p (IN)
                         net (fo=0)                   0.079     0.079    CLOCK_GEN_INST/CLOCKING/inst/clkin1_ibufds/I
    HPIOBDIFFINBUF_X0Y37 DIFFINBUF (Prop_DIFFINBUF_HPIOBDIFFINBUF_DIFF_IN_P_O)
                                                      0.202     0.281 r  CLOCK_GEN_INST/CLOCKING/inst/clkin1_ibufds/DIFFINBUF_INST/O
                         net (fo=1, routed)           0.040     0.321    CLOCK_GEN_INST/CLOCKING/inst/clkin1_ibufds/OUT
    L17                  IBUFCTRL (Prop_IBUFCTRL_HPIOB_M_I_O)
                                                      0.000     0.321 r  CLOCK_GEN_INST/CLOCKING/inst/clkin1_ibufds/IBUFCTRL_INST/O
                         net (fo=1, routed)           0.196     0.517    CLOCK_GEN_INST/CLOCKING/inst/clk_in1_clk_wiz_0
    MMCM_X0Y1            MMCME4_ADV (Prop_MMCM_CLKIN1_CLKOUT0)
                                                      0.230     0.747 r  CLOCK_GEN_INST/CLOCKING/inst/mmcme4_adv_inst/CLKOUT0
                         net (fo=1, routed)           0.145     0.892    CLOCK_GEN_INST/CLOCKING/inst/clk_out1_clk_wiz_0
    BUFGCE_X0Y32         BUFGCE (Prop_BUFCE_BUFGCE_I_O)
                                                      0.017     0.909 r  CLOCK_GEN_INST/CLOCKING/inst/clkout1_buf/O
    X0Y1 (CLOCK_ROOT)    net (fo=855, routed)         0.608     1.517    ATG1/inst/ATG_MODE_SYSTEM_INIT_TEST.systeminit_top/systeminit_dmg_addr/xpm_memory_spram_inst/xpm_memory_base_inst/clka
    SLICE_X7Y76          FDRE                                         r  ATG1/inst/ATG_MODE_SYSTEM_INIT_TEST.systeminit_top/systeminit_dmg_addr/xpm_memory_spram_inst/xpm_memory_base_inst/gen_rd_a.gen_rd_a_synth_template.gen_rf_narrow_reg.douta_reg_reg[16]/C
  -------------------------------------------------------------------    -------------------
    SLICE_X7Y76          FDRE (Prop_EFF_SLICEM_C_Q)
                                                      0.038     1.555 r  ATG1/inst/ATG_MODE_SYSTEM_INIT_TEST.systeminit_top/systeminit_dmg_addr/xpm_memory_spram_inst/xpm_memory_base_inst/gen_rd_a.gen_rd_a_synth_template.gen_rf_narrow_reg.douta_reg_reg[16]/Q
                         net (fo=3, routed)           0.067     1.622    ATG1/inst/ATG_MODE_SYSTEM_INIT_TEST.systeminit_top/static_mrdwr/D[16]
    SLICE_X7Y75          FDRE                                         r  ATG1/inst/ATG_MODE_SYSTEM_INIT_TEST.systeminit_top/static_mrdwr/araddr_m_reg[16]/D
  -------------------------------------------------------------------    -------------------

                         (clock clk_out1_clk_wiz_0 rise edge)
                                                      0.000     0.000 r  
    L17                                               0.000     0.000 r  clk_in1_p (IN)
                         net (fo=0)                   0.100     0.100    CLOCK_GEN_INST/CLOCKING/inst/clkin1_ibufds/I
    HPIOBDIFFINBUF_X0Y37 DIFFINBUF (Prop_DIFFINBUF_HPIOBDIFFINBUF_DIFF_IN_P_O)
                                                      0.291     0.391 r  CLOCK_GEN_INST/CLOCKING/inst/clkin1_ibufds/DIFFINBUF_INST/O
                         net (fo=1, routed)           0.050     0.441    CLOCK_GEN_INST/CLOCKING/inst/clkin1_ibufds/OUT
    L17                  IBUFCTRL (Prop_IBUFCTRL_HPIOB_M_I_O)
                                                      0.000     0.441 r  CLOCK_GEN_INST/CLOCKING/inst/clkin1_ibufds/IBUFCTRL_INST/O
                         net (fo=1, routed)           0.222     0.663    CLOCK_GEN_INST/CLOCKING/inst/clk_in1_clk_wiz_0
    MMCM_X0Y1            MMCME4_ADV (Prop_MMCM_CLKIN1_CLKOUT0)
                                                     -0.295     0.368 r  CLOCK_GEN_INST/CLOCKING/inst/mmcme4_adv_inst/CLKOUT0
                         net (fo=1, routed)           0.165     0.533    CLOCK_GEN_INST/CLOCKING/inst/clk_out1_clk_wiz_0
    BUFGCE_X0Y32         BUFGCE (Prop_BUFCE_BUFGCE_I_O)
                                                      0.019     0.552 r  CLOCK_GEN_INST/CLOCKING/inst/clkout1_buf/O
    X0Y1 (CLOCK_ROOT)    net (fo=855, routed)         0.703     1.255    ATG1/inst/ATG_MODE_SYSTEM_INIT_TEST.systeminit_top/static_mrdwr/s_axi_aclk
    SLICE_X7Y75          FDRE                                         r  ATG1/inst/ATG_MODE_SYSTEM_INIT_TEST.systeminit_top/static_mrdwr/araddr_m_reg[16]/C
                         clock pessimism              0.288     1.543    
    SLICE_X7Y75          FDRE (Hold_GFF2_SLICEM_C_D)
                                                      0.047     1.590    ATG1/inst/ATG_MODE_SYSTEM_INIT_TEST.systeminit_top/static_mrdwr/araddr_m_reg[16]
  -------------------------------------------------------------------
                         required time                         -1.590    
                         arrival time                           1.622    
  -------------------------------------------------------------------
                         slack                                  0.032    

Slack (MET) :             0.038ns  (arrival time - required time)
  Source:                 ATG1/inst/ATG_MODE_SYSTEM_INIT_TEST.systeminit_top/systeminit_dmg_addr/xpm_memory_spram_inst/xpm_memory_base_inst/gen_rd_a.gen_rd_a_synth_template.gen_rf_narrow_reg.douta_reg_reg[12]/C
                            (rising edge-triggered cell FDRE clocked by clk_out1_clk_wiz_0  {rise@0.000ns fall@12.500ns period=25.000ns})
  Destination:            ATG1/inst/ATG_MODE_SYSTEM_INIT_TEST.systeminit_top/static_mrdwr/awaddr_m_reg[12]/D
                            (rising edge-triggered cell FDRE clocked by clk_out1_clk_wiz_0  {rise@0.000ns fall@12.500ns period=25.000ns})
  Path Group:             clk_out1_clk_wiz_0
  Path Type:              Hold (Min at Fast Process Corner)
  Requirement:            0.000ns  (clk_out1_clk_wiz_0 rise@0.000ns - clk_out1_clk_wiz_0 rise@0.000ns)
  Data Path Delay:        0.110ns  (logic 0.039ns (35.509%)  route 0.071ns (64.491%))
  Logic Levels:           0  
  Clock Path Skew:        0.026ns (DCD - SCD - CPR)
    Destination Clock Delay (DCD):    1.255ns
    Source Clock Delay      (SCD):    1.517ns
    Clock Pessimism Removal (CPR):    -0.288ns
  Clock Net Delay (Source):      0.608ns (routing 0.096ns, distribution 0.512ns)
  Clock Net Delay (Destination): 0.703ns (routing 0.108ns, distribution 0.595ns)

    Location             Delay type                Incr(ns)  Path(ns)    Netlist Resource(s)
  -------------------------------------------------------------------    -------------------
                         (clock clk_out1_clk_wiz_0 rise edge)
                                                      0.000     0.000 r  
    L17                                               0.000     0.000 r  clk_in1_p (IN)
                         net (fo=0)                   0.079     0.079    CLOCK_GEN_INST/CLOCKING/inst/clkin1_ibufds/I
    HPIOBDIFFINBUF_X0Y37 DIFFINBUF (Prop_DIFFINBUF_HPIOBDIFFINBUF_DIFF_IN_P_O)
                                                      0.202     0.281 r  CLOCK_GEN_INST/CLOCKING/inst/clkin1_ibufds/DIFFINBUF_INST/O
                         net (fo=1, routed)           0.040     0.321    CLOCK_GEN_INST/CLOCKING/inst/clkin1_ibufds/OUT
    L17                  IBUFCTRL (Prop_IBUFCTRL_HPIOB_M_I_O)
                                                      0.000     0.321 r  CLOCK_GEN_INST/CLOCKING/inst/clkin1_ibufds/IBUFCTRL_INST/O
                         net (fo=1, routed)           0.196     0.517    CLOCK_GEN_INST/CLOCKING/inst/clk_in1_clk_wiz_0
    MMCM_X0Y1            MMCME4_ADV (Prop_MMCM_CLKIN1_CLKOUT0)
                                                      0.230     0.747 r  CLOCK_GEN_INST/CLOCKING/inst/mmcme4_adv_inst/CLKOUT0
                         net (fo=1, routed)           0.145     0.892    CLOCK_GEN_INST/CLOCKING/inst/clk_out1_clk_wiz_0
    BUFGCE_X0Y32         BUFGCE (Prop_BUFCE_BUFGCE_I_O)
                                                      0.017     0.909 r  CLOCK_GEN_INST/CLOCKING/inst/clkout1_buf/O
    X0Y1 (CLOCK_ROOT)    net (fo=855, routed)         0.608     1.517    ATG1/inst/ATG_MODE_SYSTEM_INIT_TEST.systeminit_top/systeminit_dmg_addr/xpm_memory_spram_inst/xpm_memory_base_inst/clka
    SLICE_X7Y76          FDRE                                         r  ATG1/inst/ATG_MODE_SYSTEM_INIT_TEST.systeminit_top/systeminit_dmg_addr/xpm_memory_spram_inst/xpm_memory_base_inst/gen_rd_a.gen_rd_a_synth_template.gen_rf_narrow_reg.douta_reg_reg[12]/C
  -------------------------------------------------------------------    -------------------
    SLICE_X7Y76          FDRE (Prop_GFF_SLICEM_C_Q)
                                                      0.039     1.556 r  ATG1/inst/ATG_MODE_SYSTEM_INIT_TEST.systeminit_top/systeminit_dmg_addr/xpm_memory_spram_inst/xpm_memory_base_inst/gen_rd_a.gen_rd_a_synth_template.gen_rf_narrow_reg.douta_reg_reg[12]/Q
                         net (fo=3, routed)           0.071     1.627    ATG1/inst/ATG_MODE_SYSTEM_INIT_TEST.systeminit_top/static_mrdwr/D[12]
    SLICE_X7Y75          FDRE                                         r  ATG1/inst/ATG_MODE_SYSTEM_INIT_TEST.systeminit_top/static_mrdwr/awaddr_m_reg[12]/D
  -------------------------------------------------------------------    -------------------

                         (clock clk_out1_clk_wiz_0 rise edge)
                                                      0.000     0.000 r  
    L17                                               0.000     0.000 r  clk_in1_p (IN)
                         net (fo=0)                   0.100     0.100    CLOCK_GEN_INST/CLOCKING/inst/clkin1_ibufds/I
    HPIOBDIFFINBUF_X0Y37 DIFFINBUF (Prop_DIFFINBUF_HPIOBDIFFINBUF_DIFF_IN_P_O)
                                                      0.291     0.391 r  CLOCK_GEN_INST/CLOCKING/inst/clkin1_ibufds/DIFFINBUF_INST/O
                         net (fo=1, routed)           0.050     0.441    CLOCK_GEN_INST/CLOCKING/inst/clkin1_ibufds/OUT
    L17                  IBUFCTRL (Prop_IBUFCTRL_HPIOB_M_I_O)
                                                      0.000     0.441 r  CLOCK_GEN_INST/CLOCKING/inst/clkin1_ibufds/IBUFCTRL_INST/O
                         net (fo=1, routed)           0.222     0.663    CLOCK_GEN_INST/CLOCKING/inst/clk_in1_clk_wiz_0
    MMCM_X0Y1            MMCME4_ADV (Prop_MMCM_CLKIN1_CLKOUT0)
                                                     -0.295     0.368 r  CLOCK_GEN_INST/CLOCKING/inst/mmcme4_adv_inst/CLKOUT0
                         net (fo=1, routed)           0.165     0.533    CLOCK_GEN_INST/CLOCKING/inst/clk_out1_clk_wiz_0
    BUFGCE_X0Y32         BUFGCE (Prop_BUFCE_BUFGCE_I_O)
                                                      0.019     0.552 r  CLOCK_GEN_INST/CLOCKING/inst/clkout1_buf/O
    X0Y1 (CLOCK_ROOT)    net (fo=855, routed)         0.703     1.255    ATG1/inst/ATG_MODE_SYSTEM_INIT_TEST.systeminit_top/static_mrdwr/s_axi_aclk
    SLICE_X7Y75          FDRE                                         r  ATG1/inst/ATG_MODE_SYSTEM_INIT_TEST.systeminit_top/static_mrdwr/awaddr_m_reg[12]/C
                         clock pessimism              0.288     1.543    
    SLICE_X7Y75          FDRE (Hold_HFF_SLICEM_C_D)
                                                      0.046     1.589    ATG1/inst/ATG_MODE_SYSTEM_INIT_TEST.systeminit_top/static_mrdwr/awaddr_m_reg[12]
  -------------------------------------------------------------------
                         required time                         -1.589    
                         arrival time                           1.627    
  -------------------------------------------------------------------
                         slack                                  0.038    

Slack (MET) :             0.039ns  (arrival time - required time)
  Source:                 DUT/U0/X_IIC/IIC_CONTROL_I/I2CDATA_REG/data_int_reg[6]/C
                            (rising edge-triggered cell FDRE clocked by clk_out1_clk_wiz_0  {rise@0.000ns fall@12.500ns period=25.000ns})
  Destination:            DUT/U0/X_IIC/IIC_CONTROL_I/data_i2c_i_reg[6]/D
                            (rising edge-triggered cell FDRE clocked by clk_out1_clk_wiz_0  {rise@0.000ns fall@12.500ns period=25.000ns})
  Path Group:             clk_out1_clk_wiz_0
  Path Type:              Hold (Min at Slow Process Corner)
  Requirement:            0.000ns  (clk_out1_clk_wiz_0 rise@0.000ns - clk_out1_clk_wiz_0 rise@0.000ns)
  Data Path Delay:        0.196ns  (logic 0.070ns (35.641%)  route 0.126ns (64.359%))
  Logic Levels:           0  
  Clock Path Skew:        0.104ns (DCD - SCD - CPR)
    Destination Clock Delay (DCD):    2.370ns
    Source Clock Delay      (SCD):    2.774ns
    Clock Pessimism Removal (CPR):    -0.507ns
  Clock Net Delay (Source):      1.062ns (routing 0.170ns, distribution 0.892ns)
  Clock Net Delay (Destination): 1.224ns (routing 0.185ns, distribution 1.039ns)

    Location             Delay type                Incr(ns)  Path(ns)    Netlist Resource(s)
  -------------------------------------------------------------------    -------------------
                         (clock clk_out1_clk_wiz_0 rise edge)
                                                      0.000     0.000 r  
    L17                                               0.000     0.000 r  clk_in1_p (IN)
                         net (fo=0)                   0.079     0.079    CLOCK_GEN_INST/CLOCKING/inst/clkin1_ibufds/I
    HPIOBDIFFINBUF_X0Y37 DIFFINBUF (Prop_DIFFINBUF_HPIOBDIFFINBUF_DIFF_IN_P_O)
                                                      0.347     0.426 r  CLOCK_GEN_INST/CLOCKING/inst/clkin1_ibufds/DIFFINBUF_INST/O
                         net (fo=1, routed)           0.040     0.466    CLOCK_GEN_INST/CLOCKING/inst/clkin1_ibufds/OUT
    L17                  IBUFCTRL (Prop_IBUFCTRL_HPIOB_M_I_O)
                                                      0.000     0.466 r  CLOCK_GEN_INST/CLOCKING/inst/clkin1_ibufds/IBUFCTRL_INST/O
                         net (fo=1, routed)           0.351     0.817    CLOCK_GEN_INST/CLOCKING/inst/clk_in1_clk_wiz_0
    MMCM_X0Y1            MMCME4_ADV (Prop_MMCM_CLKIN1_CLKOUT0)
                                                      0.644     1.461 r  CLOCK_GEN_INST/CLOCKING/inst/mmcme4_adv_inst/CLKOUT0
                         net (fo=1, routed)           0.227     1.688    CLOCK_GEN_INST/CLOCKING/inst/clk_out1_clk_wiz_0
    BUFGCE_X0Y32         BUFGCE (Prop_BUFCE_BUFGCE_I_O)
                                                      0.024     1.712 r  CLOCK_GEN_INST/CLOCKING/inst/clkout1_buf/O
    X0Y1 (CLOCK_ROOT)    net (fo=855, routed)         1.062     2.774    DUT/U0/X_IIC/IIC_CONTROL_I/I2CDATA_REG/s_axi_aclk
    SLICE_X11Y66         FDRE                                         r  DUT/U0/X_IIC/IIC_CONTROL_I/I2CDATA_REG/data_int_reg[6]/C
  -------------------------------------------------------------------    -------------------
    SLICE_X11Y66         FDRE (Prop_HFF_SLICEM_C_Q)
                                                      0.070     2.844 r  DUT/U0/X_IIC/IIC_CONTROL_I/I2CDATA_REG/data_int_reg[6]/Q
                         net (fo=3, routed)           0.126     2.970    DUT/U0/X_IIC/IIC_CONTROL_I/I2CDATA_REG_n_2
    SLICE_X9Y66          FDRE                                         r  DUT/U0/X_IIC/IIC_CONTROL_I/data_i2c_i_reg[6]/D
  -------------------------------------------------------------------    -------------------

                         (clock clk_out1_clk_wiz_0 rise edge)
                                                      0.000     0.000 r  
    L17                                               0.000     0.000 r  clk_in1_p (IN)
                         net (fo=0)                   0.100     0.100    CLOCK_GEN_INST/CLOCKING/inst/clkin1_ibufds/I
    HPIOBDIFFINBUF_X0Y37 DIFFINBUF (Prop_DIFFINBUF_HPIOBDIFFINBUF_DIFF_IN_P_O)
                                                      0.415     0.515 r  CLOCK_GEN_INST/CLOCKING/inst/clkin1_ibufds/DIFFINBUF_INST/O
                         net (fo=1, routed)           0.050     0.565    CLOCK_GEN_INST/CLOCKING/inst/clkin1_ibufds/OUT
    L17                  IBUFCTRL (Prop_IBUFCTRL_HPIOB_M_I_O)
                                                      0.000     0.565 r  CLOCK_GEN_INST/CLOCKING/inst/clkin1_ibufds/IBUFCTRL_INST/O
                         net (fo=1, routed)           0.404     0.969    CLOCK_GEN_INST/CLOCKING/inst/clk_in1_clk_wiz_0
    MMCM_X0Y1            MMCME4_ADV (Prop_MMCM_CLKIN1_CLKOUT0)
                                                     -0.106     0.863 r  CLOCK_GEN_INST/CLOCKING/inst/mmcme4_adv_inst/CLKOUT0
                         net (fo=1, routed)           0.255     1.118    CLOCK_GEN_INST/CLOCKING/inst/clk_out1_clk_wiz_0
    BUFGCE_X0Y32         BUFGCE (Prop_BUFCE_BUFGCE_I_O)
                                                      0.028     1.146 r  CLOCK_GEN_INST/CLOCKING/inst/clkout1_buf/O
    X0Y1 (CLOCK_ROOT)    net (fo=855, routed)         1.224     2.370    DUT/U0/X_IIC/IIC_CONTROL_I/s_axi_aclk
    SLICE_X9Y66          FDRE                                         r  DUT/U0/X_IIC/IIC_CONTROL_I/data_i2c_i_reg[6]/C
                         clock pessimism              0.507     2.878    
    SLICE_X9Y66          FDRE (Hold_DFF2_SLICEM_C_D)
                                                      0.054     2.932    DUT/U0/X_IIC/IIC_CONTROL_I/data_i2c_i_reg[6]
  -------------------------------------------------------------------
                         required time                         -2.932    
                         arrival time                           2.970    
  -------------------------------------------------------------------
                         slack                                  0.039    

Slack (MET) :             0.041ns  (arrival time - required time)
  Source:                 DUT/U0/X_IIC/IIC_CONTROL_I/I2CDATA_REG/data_int_reg[4]/C
                            (rising edge-triggered cell FDRE clocked by clk_out1_clk_wiz_0  {rise@0.000ns fall@12.500ns period=25.000ns})
  Destination:            DUT/U0/X_IIC/IIC_CONTROL_I/I2CDATA_REG/data_int_reg[5]/D
                            (rising edge-triggered cell FDRE clocked by clk_out1_clk_wiz_0  {rise@0.000ns fall@12.500ns period=25.000ns})
  Path Group:             clk_out1_clk_wiz_0
  Path Type:              Hold (Min at Fast Process Corner)
  Requirement:            0.000ns  (clk_out1_clk_wiz_0 rise@0.000ns - clk_out1_clk_wiz_0 rise@0.000ns)
  Data Path Delay:        0.094ns  (logic 0.060ns (64.046%)  route 0.034ns (35.954%))
  Logic Levels:           1  (LUT3=1)
  Clock Path Skew:        0.006ns (DCD - SCD - CPR)
    Destination Clock Delay (DCD):    1.252ns
    Source Clock Delay      (SCD):    1.521ns
    Clock Pessimism Removal (CPR):    -0.275ns
  Clock Net Delay (Source):      0.613ns (routing 0.096ns, distribution 0.517ns)
  Clock Net Delay (Destination): 0.700ns (routing 0.108ns, distribution 0.592ns)

    Location             Delay type                Incr(ns)  Path(ns)    Netlist Resource(s)
  -------------------------------------------------------------------    -------------------
                         (clock clk_out1_clk_wiz_0 rise edge)
                                                      0.000     0.000 r  
    L17                                               0.000     0.000 r  clk_in1_p (IN)
                         net (fo=0)                   0.079     0.079    CLOCK_GEN_INST/CLOCKING/inst/clkin1_ibufds/I
    HPIOBDIFFINBUF_X0Y37 DIFFINBUF (Prop_DIFFINBUF_HPIOBDIFFINBUF_DIFF_IN_P_O)
                                                      0.202     0.281 r  CLOCK_GEN_INST/CLOCKING/inst/clkin1_ibufds/DIFFINBUF_INST/O
                         net (fo=1, routed)           0.040     0.321    CLOCK_GEN_INST/CLOCKING/inst/clkin1_ibufds/OUT
    L17                  IBUFCTRL (Prop_IBUFCTRL_HPIOB_M_I_O)
                                                      0.000     0.321 r  CLOCK_GEN_INST/CLOCKING/inst/clkin1_ibufds/IBUFCTRL_INST/O
                         net (fo=1, routed)           0.196     0.517    CLOCK_GEN_INST/CLOCKING/inst/clk_in1_clk_wiz_0
    MMCM_X0Y1            MMCME4_ADV (Prop_MMCM_CLKIN1_CLKOUT0)
                                                      0.230     0.747 r  CLOCK_GEN_INST/CLOCKING/inst/mmcme4_adv_inst/CLKOUT0
                         net (fo=1, routed)           0.145     0.892    CLOCK_GEN_INST/CLOCKING/inst/clk_out1_clk_wiz_0
    BUFGCE_X0Y32         BUFGCE (Prop_BUFCE_BUFGCE_I_O)
                                                      0.017     0.909 r  CLOCK_GEN_INST/CLOCKING/inst/clkout1_buf/O
    X0Y1 (CLOCK_ROOT)    net (fo=855, routed)         0.613     1.521    DUT/U0/X_IIC/IIC_CONTROL_I/I2CDATA_REG/s_axi_aclk
    SLICE_X10Y67         FDRE                                         r  DUT/U0/X_IIC/IIC_CONTROL_I/I2CDATA_REG/data_int_reg[4]/C
  -------------------------------------------------------------------    -------------------
    SLICE_X10Y67         FDRE (Prop_BFF_SLICEL_C_Q)
                                                      0.039     1.560 r  DUT/U0/X_IIC/IIC_CONTROL_I/I2CDATA_REG/data_int_reg[4]/Q
                         net (fo=3, routed)           0.027     1.587    DUT/U0/X_IIC/IIC_CONTROL_I/I2CDATA_REG/Q[4]
    SLICE_X10Y67         LUT3 (Prop_B5LUT_SLICEL_I2_O)
                                                      0.021     1.608 r  DUT/U0/X_IIC/IIC_CONTROL_I/I2CDATA_REG/data_int[5]_i_1/O
                         net (fo=1, routed)           0.007     1.615    DUT/U0/X_IIC/IIC_CONTROL_I/I2CDATA_REG/p_2_in__0[5]
    SLICE_X10Y67         FDRE                                         r  DUT/U0/X_IIC/IIC_CONTROL_I/I2CDATA_REG/data_int_reg[5]/D
  -------------------------------------------------------------------    -------------------

                         (clock clk_out1_clk_wiz_0 rise edge)
                                                      0.000     0.000 r  
    L17                                               0.000     0.000 r  clk_in1_p (IN)
                         net (fo=0)                   0.100     0.100    CLOCK_GEN_INST/CLOCKING/inst/clkin1_ibufds/I
    HPIOBDIFFINBUF_X0Y37 DIFFINBUF (Prop_DIFFINBUF_HPIOBDIFFINBUF_DIFF_IN_P_O)
                                                      0.291     0.391 r  CLOCK_GEN_INST/CLOCKING/inst/clkin1_ibufds/DIFFINBUF_INST/O
                         net (fo=1, routed)           0.050     0.441    CLOCK_GEN_INST/CLOCKING/inst/clkin1_ibufds/OUT
    L17                  IBUFCTRL (Prop_IBUFCTRL_HPIOB_M_I_O)
                                                      0.000     0.441 r  CLOCK_GEN_INST/CLOCKING/inst/clkin1_ibufds/IBUFCTRL_INST/O
                         net (fo=1, routed)           0.222     0.663    CLOCK_GEN_INST/CLOCKING/inst/clk_in1_clk_wiz_0
    MMCM_X0Y1            MMCME4_ADV (Prop_MMCM_CLKIN1_CLKOUT0)
                                                     -0.295     0.368 r  CLOCK_GEN_INST/CLOCKING/inst/mmcme4_adv_inst/CLKOUT0
                         net (fo=1, routed)           0.165     0.533    CLOCK_GEN_INST/CLOCKING/inst/clk_out1_clk_wiz_0
    BUFGCE_X0Y32         BUFGCE (Prop_BUFCE_BUFGCE_I_O)
                                                      0.019     0.552 r  CLOCK_GEN_INST/CLOCKING/inst/clkout1_buf/O
    X0Y1 (CLOCK_ROOT)    net (fo=855, routed)         0.700     1.252    DUT/U0/X_IIC/IIC_CONTROL_I/I2CDATA_REG/s_axi_aclk
    SLICE_X10Y67         FDRE                                         r  DUT/U0/X_IIC/IIC_CONTROL_I/I2CDATA_REG/data_int_reg[5]/C
                         clock pessimism              0.275     1.527    
    SLICE_X10Y67         FDRE (Hold_BFF2_SLICEL_C_D)
                                                      0.047     1.574    DUT/U0/X_IIC/IIC_CONTROL_I/I2CDATA_REG/data_int_reg[5]
  -------------------------------------------------------------------
                         required time                         -1.574    
                         arrival time                           1.615    
  -------------------------------------------------------------------
                         slack                                  0.041    

Slack (MET) :             0.044ns  (arrival time - required time)
  Source:                 DUT/U0/X_IIC/IIC_CONTROL_I/FSM_onehot_scl_state_reg[9]/C
                            (rising edge-triggered cell FDRE clocked by clk_out1_clk_wiz_0  {rise@0.000ns fall@12.500ns period=25.000ns})
  Destination:            DUT/U0/X_IIC/IIC_CONTROL_I/FSM_onehot_scl_state_reg[0]/D
                            (rising edge-triggered cell FDSE clocked by clk_out1_clk_wiz_0  {rise@0.000ns fall@12.500ns period=25.000ns})
  Path Group:             clk_out1_clk_wiz_0
  Path Type:              Hold (Min at Fast Process Corner)
  Requirement:            0.000ns  (clk_out1_clk_wiz_0 rise@0.000ns - clk_out1_clk_wiz_0 rise@0.000ns)
  Data Path Delay:        0.107ns  (logic 0.052ns (48.425%)  route 0.055ns (51.575%))
  Logic Levels:           1  (LUT6=1)
  Clock Path Skew:        0.017ns (DCD - SCD - CPR)
    Destination Clock Delay (DCD):    1.254ns
    Source Clock Delay      (SCD):    1.524ns
    Clock Pessimism Removal (CPR):    -0.288ns
  Clock Net Delay (Source):      0.616ns (routing 0.096ns, distribution 0.520ns)
  Clock Net Delay (Destination): 0.701ns (routing 0.108ns, distribution 0.593ns)

    Location             Delay type                Incr(ns)  Path(ns)    Netlist Resource(s)
  -------------------------------------------------------------------    -------------------
                         (clock clk_out1_clk_wiz_0 rise edge)
                                                      0.000     0.000 r  
    L17                                               0.000     0.000 r  clk_in1_p (IN)
                         net (fo=0)                   0.079     0.079    CLOCK_GEN_INST/CLOCKING/inst/clkin1_ibufds/I
    HPIOBDIFFINBUF_X0Y37 DIFFINBUF (Prop_DIFFINBUF_HPIOBDIFFINBUF_DIFF_IN_P_O)
                                                      0.202     0.281 r  CLOCK_GEN_INST/CLOCKING/inst/clkin1_ibufds/DIFFINBUF_INST/O
                         net (fo=1, routed)           0.040     0.321    CLOCK_GEN_INST/CLOCKING/inst/clkin1_ibufds/OUT
    L17                  IBUFCTRL (Prop_IBUFCTRL_HPIOB_M_I_O)
                                                      0.000     0.321 r  CLOCK_GEN_INST/CLOCKING/inst/clkin1_ibufds/IBUFCTRL_INST/O
                         net (fo=1, routed)           0.196     0.517    CLOCK_GEN_INST/CLOCKING/inst/clk_in1_clk_wiz_0
    MMCM_X0Y1            MMCME4_ADV (Prop_MMCM_CLKIN1_CLKOUT0)
                                                      0.230     0.747 r  CLOCK_GEN_INST/CLOCKING/inst/mmcme4_adv_inst/CLKOUT0
                         net (fo=1, routed)           0.145     0.892    CLOCK_GEN_INST/CLOCKING/inst/clk_out1_clk_wiz_0
    BUFGCE_X0Y32         BUFGCE (Prop_BUFCE_BUFGCE_I_O)
                                                      0.017     0.909 r  CLOCK_GEN_INST/CLOCKING/inst/clkout1_buf/O
    X0Y1 (CLOCK_ROOT)    net (fo=855, routed)         0.616     1.524    DUT/U0/X_IIC/IIC_CONTROL_I/s_axi_aclk
    SLICE_X7Y65          FDRE                                         r  DUT/U0/X_IIC/IIC_CONTROL_I/FSM_onehot_scl_state_reg[9]/C
  -------------------------------------------------------------------    -------------------
    SLICE_X7Y65          FDRE (Prop_CFF_SLICEM_C_Q)
                                                      0.038     1.562 r  DUT/U0/X_IIC/IIC_CONTROL_I/FSM_onehot_scl_state_reg[9]/Q
                         net (fo=8, routed)           0.034     1.597    DUT/U0/X_IIC/IIC_CONTROL_I/FSM_onehot_scl_state_reg_n_0_[9]
    SLICE_X7Y64          LUT6 (Prop_G6LUT_SLICEM_I1_O)
                                                      0.014     1.611 r  DUT/U0/X_IIC/IIC_CONTROL_I/FSM_onehot_scl_state[0]_i_1/O
                         net (fo=1, routed)           0.021     1.632    DUT/U0/X_IIC/IIC_CONTROL_I/FSM_onehot_scl_state[0]_i_1_n_0
    SLICE_X7Y64          FDSE                                         r  DUT/U0/X_IIC/IIC_CONTROL_I/FSM_onehot_scl_state_reg[0]/D
  -------------------------------------------------------------------    -------------------

                         (clock clk_out1_clk_wiz_0 rise edge)
                                                      0.000     0.000 r  
    L17                                               0.000     0.000 r  clk_in1_p (IN)
                         net (fo=0)                   0.100     0.100    CLOCK_GEN_INST/CLOCKING/inst/clkin1_ibufds/I
    HPIOBDIFFINBUF_X0Y37 DIFFINBUF (Prop_DIFFINBUF_HPIOBDIFFINBUF_DIFF_IN_P_O)
                                                      0.291     0.391 r  CLOCK_GEN_INST/CLOCKING/inst/clkin1_ibufds/DIFFINBUF_INST/O
                         net (fo=1, routed)           0.050     0.441    CLOCK_GEN_INST/CLOCKING/inst/clkin1_ibufds/OUT
    L17                  IBUFCTRL (Prop_IBUFCTRL_HPIOB_M_I_O)
                                                      0.000     0.441 r  CLOCK_GEN_INST/CLOCKING/inst/clkin1_ibufds/IBUFCTRL_INST/O
                         net (fo=1, routed)           0.222     0.663    CLOCK_GEN_INST/CLOCKING/inst/clk_in1_clk_wiz_0
    MMCM_X0Y1            MMCME4_ADV (Prop_MMCM_CLKIN1_CLKOUT0)
                                                     -0.295     0.368 r  CLOCK_GEN_INST/CLOCKING/inst/mmcme4_adv_inst/CLKOUT0
                         net (fo=1, routed)           0.165     0.533    CLOCK_GEN_INST/CLOCKING/inst/clk_out1_clk_wiz_0
    BUFGCE_X0Y32         BUFGCE (Prop_BUFCE_BUFGCE_I_O)
                                                      0.019     0.552 r  CLOCK_GEN_INST/CLOCKING/inst/clkout1_buf/O
    X0Y1 (CLOCK_ROOT)    net (fo=855, routed)         0.701     1.254    DUT/U0/X_IIC/IIC_CONTROL_I/s_axi_aclk
    SLICE_X7Y64          FDSE                                         r  DUT/U0/X_IIC/IIC_CONTROL_I/FSM_onehot_scl_state_reg[0]/C
                         clock pessimism              0.288     1.542    
    SLICE_X7Y64          FDSE (Hold_GFF_SLICEM_C_D)
                                                      0.046     1.588    DUT/U0/X_IIC/IIC_CONTROL_I/FSM_onehot_scl_state_reg[0]
  -------------------------------------------------------------------
                         required time                         -1.588    
                         arrival time                           1.632    
  -------------------------------------------------------------------
                         slack                                  0.044    

Slack (MET) :             0.044ns  (arrival time - required time)
  Source:                 DUT/U0/X_IIC/IIC_CONTROL_I/I2CDATA_REG/data_int_reg[3]/C
                            (rising edge-triggered cell FDRE clocked by clk_out1_clk_wiz_0  {rise@0.000ns fall@12.500ns period=25.000ns})
  Destination:            DUT/U0/X_IIC/IIC_CONTROL_I/data_i2c_i_reg[3]/D
                            (rising edge-triggered cell FDRE clocked by clk_out1_clk_wiz_0  {rise@0.000ns fall@12.500ns period=25.000ns})
  Path Group:             clk_out1_clk_wiz_0
  Path Type:              Hold (Min at Fast Process Corner)
  Requirement:            0.000ns  (clk_out1_clk_wiz_0 rise@0.000ns - clk_out1_clk_wiz_0 rise@0.000ns)
  Data Path Delay:        0.111ns  (logic 0.040ns (35.897%)  route 0.071ns (64.103%))
  Logic Levels:           0  
  Clock Path Skew:        0.020ns (DCD - SCD - CPR)
    Destination Clock Delay (DCD):    1.259ns
    Source Clock Delay      (SCD):    1.521ns
    Clock Pessimism Removal (CPR):    -0.282ns
  Clock Net Delay (Source):      0.613ns (routing 0.096ns, distribution 0.517ns)
  Clock Net Delay (Destination): 0.707ns (routing 0.108ns, distribution 0.599ns)

    Location             Delay type                Incr(ns)  Path(ns)    Netlist Resource(s)
  -------------------------------------------------------------------    -------------------
                         (clock clk_out1_clk_wiz_0 rise edge)
                                                      0.000     0.000 r  
    L17                                               0.000     0.000 r  clk_in1_p (IN)
                         net (fo=0)                   0.079     0.079    CLOCK_GEN_INST/CLOCKING/inst/clkin1_ibufds/I
    HPIOBDIFFINBUF_X0Y37 DIFFINBUF (Prop_DIFFINBUF_HPIOBDIFFINBUF_DIFF_IN_P_O)
                                                      0.202     0.281 r  CLOCK_GEN_INST/CLOCKING/inst/clkin1_ibufds/DIFFINBUF_INST/O
                         net (fo=1, routed)           0.040     0.321    CLOCK_GEN_INST/CLOCKING/inst/clkin1_ibufds/OUT
    L17                  IBUFCTRL (Prop_IBUFCTRL_HPIOB_M_I_O)
                                                      0.000     0.321 r  CLOCK_GEN_INST/CLOCKING/inst/clkin1_ibufds/IBUFCTRL_INST/O
                         net (fo=1, routed)           0.196     0.517    CLOCK_GEN_INST/CLOCKING/inst/clk_in1_clk_wiz_0
    MMCM_X0Y1            MMCME4_ADV (Prop_MMCM_CLKIN1_CLKOUT0)
                                                      0.230     0.747 r  CLOCK_GEN_INST/CLOCKING/inst/mmcme4_adv_inst/CLKOUT0
                         net (fo=1, routed)           0.145     0.892    CLOCK_GEN_INST/CLOCKING/inst/clk_out1_clk_wiz_0
    BUFGCE_X0Y32         BUFGCE (Prop_BUFCE_BUFGCE_I_O)
                                                      0.017     0.909 r  CLOCK_GEN_INST/CLOCKING/inst/clkout1_buf/O
    X0Y1 (CLOCK_ROOT)    net (fo=855, routed)         0.613     1.521    DUT/U0/X_IIC/IIC_CONTROL_I/I2CDATA_REG/s_axi_aclk
    SLICE_X10Y67         FDRE                                         r  DUT/U0/X_IIC/IIC_CONTROL_I/I2CDATA_REG/data_int_reg[3]/C
  -------------------------------------------------------------------    -------------------
    SLICE_X10Y67         FDRE (Prop_CFF2_SLICEL_C_Q)
                                                      0.040     1.561 r  DUT/U0/X_IIC/IIC_CONTROL_I/I2CDATA_REG/data_int_reg[3]/Q
                         net (fo=3, routed)           0.071     1.633    DUT/U0/X_IIC/IIC_CONTROL_I/I2CDATA_REG_n_5
    SLICE_X9Y67          FDRE                                         r  DUT/U0/X_IIC/IIC_CONTROL_I/data_i2c_i_reg[3]/D
  -------------------------------------------------------------------    -------------------

                         (clock clk_out1_clk_wiz_0 rise edge)
                                                      0.000     0.000 r  
    L17                                               0.000     0.000 r  clk_in1_p (IN)
                         net (fo=0)                   0.100     0.100    CLOCK_GEN_INST/CLOCKING/inst/clkin1_ibufds/I
    HPIOBDIFFINBUF_X0Y37 DIFFINBUF (Prop_DIFFINBUF_HPIOBDIFFINBUF_DIFF_IN_P_O)
                                                      0.291     0.391 r  CLOCK_GEN_INST/CLOCKING/inst/clkin1_ibufds/DIFFINBUF_INST/O
                         net (fo=1, routed)           0.050     0.441    CLOCK_GEN_INST/CLOCKING/inst/clkin1_ibufds/OUT
    L17                  IBUFCTRL (Prop_IBUFCTRL_HPIOB_M_I_O)
                                                      0.000     0.441 r  CLOCK_GEN_INST/CLOCKING/inst/clkin1_ibufds/IBUFCTRL_INST/O
                         net (fo=1, routed)           0.222     0.663    CLOCK_GEN_INST/CLOCKING/inst/clk_in1_clk_wiz_0
    MMCM_X0Y1            MMCME4_ADV (Prop_MMCM_CLKIN1_CLKOUT0)
                                                     -0.295     0.368 r  CLOCK_GEN_INST/CLOCKING/inst/mmcme4_adv_inst/CLKOUT0
                         net (fo=1, routed)           0.165     0.533    CLOCK_GEN_INST/CLOCKING/inst/clk_out1_clk_wiz_0
    BUFGCE_X0Y32         BUFGCE (Prop_BUFCE_BUFGCE_I_O)
                                                      0.019     0.552 r  CLOCK_GEN_INST/CLOCKING/inst/clkout1_buf/O
    X0Y1 (CLOCK_ROOT)    net (fo=855, routed)         0.707     1.259    DUT/U0/X_IIC/IIC_CONTROL_I/s_axi_aclk
    SLICE_X9Y67          FDRE                                         r  DUT/U0/X_IIC/IIC_CONTROL_I/data_i2c_i_reg[3]/C
                         clock pessimism              0.282     1.541    
    SLICE_X9Y67          FDRE (Hold_FFF2_SLICEM_C_D)
                                                      0.047     1.588    DUT/U0/X_IIC/IIC_CONTROL_I/data_i2c_i_reg[3]
  -------------------------------------------------------------------
                         required time                         -1.588    
                         arrival time                           1.633    
  -------------------------------------------------------------------
                         slack                                  0.044    

Slack (MET) :             0.044ns  (arrival time - required time)
  Source:                 ATG1/inst/ATG_MODE_SYSTEM_INIT_TEST.systeminit_top/ATG_SYSINIT_DMG.systeminit_dmg_ctrl/xpm_memory_spram_inst/xpm_memory_base_inst/gen_rd_a.gen_rd_a_synth_template.gen_rf_narrow_reg.douta_reg_reg[5]/C
                            (rising edge-triggered cell FDRE clocked by clk_out1_clk_wiz_0  {rise@0.000ns fall@12.500ns period=25.000ns})
  Destination:            ATG1/inst/ATG_MODE_SYSTEM_INIT_TEST.systeminit_top/static_mrdwr/ATG_SYSTEST_NXT_PTR.nxt_rom_ptr_reg[5]/D
                            (rising edge-triggered cell FDRE clocked by clk_out1_clk_wiz_0  {rise@0.000ns fall@12.500ns period=25.000ns})
  Path Group:             clk_out1_clk_wiz_0
  Path Type:              Hold (Min at Fast Process Corner)
  Requirement:            0.000ns  (clk_out1_clk_wiz_0 rise@0.000ns - clk_out1_clk_wiz_0 rise@0.000ns)
  Data Path Delay:        0.126ns  (logic 0.071ns (56.349%)  route 0.055ns (43.651%))
  Logic Levels:           1  (LUT3=1)
  Clock Path Skew:        0.035ns (DCD - SCD - CPR)
    Destination Clock Delay (DCD):    1.241ns
    Source Clock Delay      (SCD):    1.526ns
    Clock Pessimism Removal (CPR):    -0.320ns
  Clock Net Delay (Source):      0.617ns (routing 0.096ns, distribution 0.521ns)
  Clock Net Delay (Destination): 0.688ns (routing 0.108ns, distribution 0.580ns)

    Location             Delay type                Incr(ns)  Path(ns)    Netlist Resource(s)
  -------------------------------------------------------------------    -------------------
                         (clock clk_out1_clk_wiz_0 rise edge)
                                                      0.000     0.000 r  
    L17                                               0.000     0.000 r  clk_in1_p (IN)
                         net (fo=0)                   0.079     0.079    CLOCK_GEN_INST/CLOCKING/inst/clkin1_ibufds/I
    HPIOBDIFFINBUF_X0Y37 DIFFINBUF (Prop_DIFFINBUF_HPIOBDIFFINBUF_DIFF_IN_P_O)
                                                      0.202     0.281 r  CLOCK_GEN_INST/CLOCKING/inst/clkin1_ibufds/DIFFINBUF_INST/O
                         net (fo=1, routed)           0.040     0.321    CLOCK_GEN_INST/CLOCKING/inst/clkin1_ibufds/OUT
    L17                  IBUFCTRL (Prop_IBUFCTRL_HPIOB_M_I_O)
                                                      0.000     0.321 r  CLOCK_GEN_INST/CLOCKING/inst/clkin1_ibufds/IBUFCTRL_INST/O
                         net (fo=1, routed)           0.196     0.517    CLOCK_GEN_INST/CLOCKING/inst/clk_in1_clk_wiz_0
    MMCM_X0Y1            MMCME4_ADV (Prop_MMCM_CLKIN1_CLKOUT0)
                                                      0.230     0.747 r  CLOCK_GEN_INST/CLOCKING/inst/mmcme4_adv_inst/CLKOUT0
                         net (fo=1, routed)           0.145     0.892    CLOCK_GEN_INST/CLOCKING/inst/clk_out1_clk_wiz_0
    BUFGCE_X0Y32         BUFGCE (Prop_BUFCE_BUFGCE_I_O)
                                                      0.017     0.909 r  CLOCK_GEN_INST/CLOCKING/inst/clkout1_buf/O
    X0Y1 (CLOCK_ROOT)    net (fo=855, routed)         0.617     1.526    ATG1/inst/ATG_MODE_SYSTEM_INIT_TEST.systeminit_top/ATG_SYSINIT_DMG.systeminit_dmg_ctrl/xpm_memory_spram_inst/xpm_memory_base_inst/clka
    SLICE_X9Y80          FDRE                                         r  ATG1/inst/ATG_MODE_SYSTEM_INIT_TEST.systeminit_top/ATG_SYSINIT_DMG.systeminit_dmg_ctrl/xpm_memory_spram_inst/xpm_memory_base_inst/gen_rd_a.gen_rd_a_synth_template.gen_rf_narrow_reg.douta_reg_reg[5]/C
  -------------------------------------------------------------------    -------------------
    SLICE_X9Y80          FDRE (Prop_BFF_SLICEM_C_Q)
                                                      0.038     1.564 r  ATG1/inst/ATG_MODE_SYSTEM_INIT_TEST.systeminit_top/ATG_SYSINIT_DMG.systeminit_dmg_ctrl/xpm_memory_spram_inst/xpm_memory_base_inst/gen_rd_a.gen_rd_a_synth_template.gen_rf_narrow_reg.douta_reg_reg[5]/Q
                         net (fo=1, routed)           0.049     1.613    ATG1/inst/ATG_MODE_SYSTEM_INIT_TEST.systeminit_top/ATG_SYSINIT_DMG.systeminit_dmg_ctrl/xpm_memory_spram_inst/rom_ctrl[5]
    SLICE_X8Y80          LUT3 (Prop_C5LUT_SLICEL_I0_O)
                                                      0.033     1.646 r  ATG1/inst/ATG_MODE_SYSTEM_INIT_TEST.systeminit_top/ATG_SYSINIT_DMG.systeminit_dmg_ctrl/xpm_memory_spram_inst/ATG_SYSTEST_NXT_PTR.nxt_rom_ptr[5]_i_1/O
                         net (fo=1, routed)           0.006     1.652    ATG1/inst/ATG_MODE_SYSTEM_INIT_TEST.systeminit_top/static_mrdwr/ATG_SYSTEST_NXT_PTR.nxt_rom_ptr_reg[7]_0[5]
    SLICE_X8Y80          FDRE                                         r  ATG1/inst/ATG_MODE_SYSTEM_INIT_TEST.systeminit_top/static_mrdwr/ATG_SYSTEST_NXT_PTR.nxt_rom_ptr_reg[5]/D
  -------------------------------------------------------------------    -------------------

                         (clock clk_out1_clk_wiz_0 rise edge)
                                                      0.000     0.000 r  
    L17                                               0.000     0.000 r  clk_in1_p (IN)
                         net (fo=0)                   0.100     0.100    CLOCK_GEN_INST/CLOCKING/inst/clkin1_ibufds/I
    HPIOBDIFFINBUF_X0Y37 DIFFINBUF (Prop_DIFFINBUF_HPIOBDIFFINBUF_DIFF_IN_P_O)
                                                      0.291     0.391 r  CLOCK_GEN_INST/CLOCKING/inst/clkin1_ibufds/DIFFINBUF_INST/O
                         net (fo=1, routed)           0.050     0.441    CLOCK_GEN_INST/CLOCKING/inst/clkin1_ibufds/OUT
    L17                  IBUFCTRL (Prop_IBUFCTRL_HPIOB_M_I_O)
                                                      0.000     0.441 r  CLOCK_GEN_INST/CLOCKING/inst/clkin1_ibufds/IBUFCTRL_INST/O
                         net (fo=1, routed)           0.222     0.663    CLOCK_GEN_INST/CLOCKING/inst/clk_in1_clk_wiz_0
    MMCM_X0Y1            MMCME4_ADV (Prop_MMCM_CLKIN1_CLKOUT0)
                                                     -0.295     0.368 r  CLOCK_GEN_INST/CLOCKING/inst/mmcme4_adv_inst/CLKOUT0
                         net (fo=1, routed)           0.165     0.533    CLOCK_GEN_INST/CLOCKING/inst/clk_out1_clk_wiz_0
    BUFGCE_X0Y32         BUFGCE (Prop_BUFCE_BUFGCE_I_O)
                                                      0.019     0.552 r  CLOCK_GEN_INST/CLOCKING/inst/clkout1_buf/O
    X0Y1 (CLOCK_ROOT)    net (fo=855, routed)         0.688     1.241    ATG1/inst/ATG_MODE_SYSTEM_INIT_TEST.systeminit_top/static_mrdwr/s_axi_aclk
    SLICE_X8Y80          FDRE                                         r  ATG1/inst/ATG_MODE_SYSTEM_INIT_TEST.systeminit_top/static_mrdwr/ATG_SYSTEST_NXT_PTR.nxt_rom_ptr_reg[5]/C
                         clock pessimism              0.320     1.560    
    SLICE_X8Y80          FDRE (Hold_CFF2_SLICEL_C_D)
                                                      0.047     1.607    ATG1/inst/ATG_MODE_SYSTEM_INIT_TEST.systeminit_top/static_mrdwr/ATG_SYSTEST_NXT_PTR.nxt_rom_ptr_reg[5]
  -------------------------------------------------------------------
                         required time                         -1.607    
                         arrival time                           1.652    
  -------------------------------------------------------------------
                         slack                                  0.044    

Slack (MET) :             0.046ns  (arrival time - required time)
  Source:                 DUT/U0/X_IIC/IIC_CONTROL_I/gen_start_reg/C
                            (rising edge-triggered cell FDRE clocked by clk_out1_clk_wiz_0  {rise@0.000ns fall@12.500ns period=25.000ns})
  Destination:            DUT/U0/X_IIC/IIC_CONTROL_I/gen_start_reg/D
                            (rising edge-triggered cell FDRE clocked by clk_out1_clk_wiz_0  {rise@0.000ns fall@12.500ns period=25.000ns})
  Path Group:             clk_out1_clk_wiz_0
  Path Type:              Hold (Min at Fast Process Corner)
  Requirement:            0.000ns  (clk_out1_clk_wiz_0 rise@0.000ns - clk_out1_clk_wiz_0 rise@0.000ns)
  Data Path Delay:        0.098ns  (logic 0.054ns (55.367%)  route 0.044ns (44.633%))
  Logic Levels:           1  (LUT4=1)
  Clock Path Skew:        0.006ns (DCD - SCD - CPR)
    Destination Clock Delay (DCD):    1.250ns
    Source Clock Delay      (SCD):    1.518ns
    Clock Pessimism Removal (CPR):    -0.274ns
  Clock Net Delay (Source):      0.610ns (routing 0.096ns, distribution 0.514ns)
  Clock Net Delay (Destination): 0.698ns (routing 0.108ns, distribution 0.590ns)

    Location             Delay type                Incr(ns)  Path(ns)    Netlist Resource(s)
  -------------------------------------------------------------------    -------------------
                         (clock clk_out1_clk_wiz_0 rise edge)
                                                      0.000     0.000 r  
    L17                                               0.000     0.000 r  clk_in1_p (IN)
                         net (fo=0)                   0.079     0.079    CLOCK_GEN_INST/CLOCKING/inst/clkin1_ibufds/I
    HPIOBDIFFINBUF_X0Y37 DIFFINBUF (Prop_DIFFINBUF_HPIOBDIFFINBUF_DIFF_IN_P_O)
                                                      0.202     0.281 r  CLOCK_GEN_INST/CLOCKING/inst/clkin1_ibufds/DIFFINBUF_INST/O
                         net (fo=1, routed)           0.040     0.321    CLOCK_GEN_INST/CLOCKING/inst/clkin1_ibufds/OUT
    L17                  IBUFCTRL (Prop_IBUFCTRL_HPIOB_M_I_O)
                                                      0.000     0.321 r  CLOCK_GEN_INST/CLOCKING/inst/clkin1_ibufds/IBUFCTRL_INST/O
                         net (fo=1, routed)           0.196     0.517    CLOCK_GEN_INST/CLOCKING/inst/clk_in1_clk_wiz_0
    MMCM_X0Y1            MMCME4_ADV (Prop_MMCM_CLKIN1_CLKOUT0)
                                                      0.230     0.747 r  CLOCK_GEN_INST/CLOCKING/inst/mmcme4_adv_inst/CLKOUT0
                         net (fo=1, routed)           0.145     0.892    CLOCK_GEN_INST/CLOCKING/inst/clk_out1_clk_wiz_0
    BUFGCE_X0Y32         BUFGCE (Prop_BUFCE_BUFGCE_I_O)
                                                      0.017     0.909 r  CLOCK_GEN_INST/CLOCKING/inst/clkout1_buf/O
    X0Y1 (CLOCK_ROOT)    net (fo=855, routed)         0.610     1.518    DUT/U0/X_IIC/IIC_CONTROL_I/s_axi_aclk
    SLICE_X8Y65          FDRE                                         r  DUT/U0/X_IIC/IIC_CONTROL_I/gen_start_reg/C
  -------------------------------------------------------------------    -------------------
    SLICE_X8Y65          FDRE (Prop_BFF_SLICEL_C_Q)
                                                      0.039     1.557 r  DUT/U0/X_IIC/IIC_CONTROL_I/gen_start_reg/Q
                         net (fo=5, routed)           0.029     1.586    DUT/U0/X_IIC/IIC_CONTROL_I/gen_start
    SLICE_X8Y65          LUT4 (Prop_B6LUT_SLICEL_I3_O)
                                                      0.015     1.601 r  DUT/U0/X_IIC/IIC_CONTROL_I/gen_start_i_1/O
                         net (fo=1, routed)           0.015     1.616    DUT/U0/X_IIC/IIC_CONTROL_I/gen_start_i_1_n_0
    SLICE_X8Y65          FDRE                                         r  DUT/U0/X_IIC/IIC_CONTROL_I/gen_start_reg/D
  -------------------------------------------------------------------    -------------------

                         (clock clk_out1_clk_wiz_0 rise edge)
                                                      0.000     0.000 r  
    L17                                               0.000     0.000 r  clk_in1_p (IN)
                         net (fo=0)                   0.100     0.100    CLOCK_GEN_INST/CLOCKING/inst/clkin1_ibufds/I
    HPIOBDIFFINBUF_X0Y37 DIFFINBUF (Prop_DIFFINBUF_HPIOBDIFFINBUF_DIFF_IN_P_O)
                                                      0.291     0.391 r  CLOCK_GEN_INST/CLOCKING/inst/clkin1_ibufds/DIFFINBUF_INST/O
                         net (fo=1, routed)           0.050     0.441    CLOCK_GEN_INST/CLOCKING/inst/clkin1_ibufds/OUT
    L17                  IBUFCTRL (Prop_IBUFCTRL_HPIOB_M_I_O)
                                                      0.000     0.441 r  CLOCK_GEN_INST/CLOCKING/inst/clkin1_ibufds/IBUFCTRL_INST/O
                         net (fo=1, routed)           0.222     0.663    CLOCK_GEN_INST/CLOCKING/inst/clk_in1_clk_wiz_0
    MMCM_X0Y1            MMCME4_ADV (Prop_MMCM_CLKIN1_CLKOUT0)
                                                     -0.295     0.368 r  CLOCK_GEN_INST/CLOCKING/inst/mmcme4_adv_inst/CLKOUT0
                         net (fo=1, routed)           0.165     0.533    CLOCK_GEN_INST/CLOCKING/inst/clk_out1_clk_wiz_0
    BUFGCE_X0Y32         BUFGCE (Prop_BUFCE_BUFGCE_I_O)
                                                      0.019     0.552 r  CLOCK_GEN_INST/CLOCKING/inst/clkout1_buf/O
    X0Y1 (CLOCK_ROOT)    net (fo=855, routed)         0.698     1.250    DUT/U0/X_IIC/IIC_CONTROL_I/s_axi_aclk
    SLICE_X8Y65          FDRE                                         r  DUT/U0/X_IIC/IIC_CONTROL_I/gen_start_reg/C
                         clock pessimism              0.274     1.524    
    SLICE_X8Y65          FDRE (Hold_BFF_SLICEL_C_D)
                                                      0.046     1.570    DUT/U0/X_IIC/IIC_CONTROL_I/gen_start_reg
  -------------------------------------------------------------------
                         required time                         -1.570    
                         arrival time                           1.616    
  -------------------------------------------------------------------
                         slack                                  0.046    

Slack (MET) :             0.046ns  (arrival time - required time)
  Source:                 DUT/U0/X_IIC/DYN_MASTER_I/rdByteCntr_reg[2]/C
                            (rising edge-triggered cell FDRE clocked by clk_out1_clk_wiz_0  {rise@0.000ns fall@12.500ns period=25.000ns})
  Destination:            DUT/U0/X_IIC/DYN_MASTER_I/rdByteCntr_reg[2]/D
                            (rising edge-triggered cell FDRE clocked by clk_out1_clk_wiz_0  {rise@0.000ns fall@12.500ns period=25.000ns})
  Path Group:             clk_out1_clk_wiz_0
  Path Type:              Hold (Min at Fast Process Corner)
  Requirement:            0.000ns  (clk_out1_clk_wiz_0 rise@0.000ns - clk_out1_clk_wiz_0 rise@0.000ns)
  Data Path Delay:        0.098ns  (logic 0.054ns (55.281%)  route 0.044ns (44.719%))
  Logic Levels:           1  (LUT5=1)
  Clock Path Skew:        0.006ns (DCD - SCD - CPR)
    Destination Clock Delay (DCD):    1.256ns
    Source Clock Delay      (SCD):    1.524ns
    Clock Pessimism Removal (CPR):    -0.274ns
  Clock Net Delay (Source):      0.616ns (routing 0.096ns, distribution 0.520ns)
  Clock Net Delay (Destination): 0.704ns (routing 0.108ns, distribution 0.596ns)

    Location             Delay type                Incr(ns)  Path(ns)    Netlist Resource(s)
  -------------------------------------------------------------------    -------------------
                         (clock clk_out1_clk_wiz_0 rise edge)
                                                      0.000     0.000 r  
    L17                                               0.000     0.000 r  clk_in1_p (IN)
                         net (fo=0)                   0.079     0.079    CLOCK_GEN_INST/CLOCKING/inst/clkin1_ibufds/I
    HPIOBDIFFINBUF_X0Y37 DIFFINBUF (Prop_DIFFINBUF_HPIOBDIFFINBUF_DIFF_IN_P_O)
                                                      0.202     0.281 r  CLOCK_GEN_INST/CLOCKING/inst/clkin1_ibufds/DIFFINBUF_INST/O
                         net (fo=1, routed)           0.040     0.321    CLOCK_GEN_INST/CLOCKING/inst/clkin1_ibufds/OUT
    L17                  IBUFCTRL (Prop_IBUFCTRL_HPIOB_M_I_O)
                                                      0.000     0.321 r  CLOCK_GEN_INST/CLOCKING/inst/clkin1_ibufds/IBUFCTRL_INST/O
                         net (fo=1, routed)           0.196     0.517    CLOCK_GEN_INST/CLOCKING/inst/clk_in1_clk_wiz_0
    MMCM_X0Y1            MMCME4_ADV (Prop_MMCM_CLKIN1_CLKOUT0)
                                                      0.230     0.747 r  CLOCK_GEN_INST/CLOCKING/inst/mmcme4_adv_inst/CLKOUT0
                         net (fo=1, routed)           0.145     0.892    CLOCK_GEN_INST/CLOCKING/inst/clk_out1_clk_wiz_0
    BUFGCE_X0Y32         BUFGCE (Prop_BUFCE_BUFGCE_I_O)
                                                      0.017     0.909 r  CLOCK_GEN_INST/CLOCKING/inst/clkout1_buf/O
    X0Y1 (CLOCK_ROOT)    net (fo=855, routed)         0.616     1.524    DUT/U0/X_IIC/DYN_MASTER_I/s_axi_aclk
    SLICE_X10Y67         FDRE                                         r  DUT/U0/X_IIC/DYN_MASTER_I/rdByteCntr_reg[2]/C
  -------------------------------------------------------------------    -------------------
    SLICE_X10Y67         FDRE (Prop_HFF_SLICEL_C_Q)
                                                      0.039     1.563 r  DUT/U0/X_IIC/DYN_MASTER_I/rdByteCntr_reg[2]/Q
                         net (fo=2, routed)           0.027     1.590    DUT/U0/X_IIC/DYN_MASTER_I/rdByteCntr_reg[2]
    SLICE_X10Y67         LUT5 (Prop_H6LUT_SLICEL_I4_O)
                                                      0.015     1.605 r  DUT/U0/X_IIC/DYN_MASTER_I/rdByteCntr[2]_i_1/O
                         net (fo=1, routed)           0.017     1.622    DUT/U0/X_IIC/DYN_MASTER_I/p_0_in__1[5]
    SLICE_X10Y67         FDRE                                         r  DUT/U0/X_IIC/DYN_MASTER_I/rdByteCntr_reg[2]/D
  -------------------------------------------------------------------    -------------------

                         (clock clk_out1_clk_wiz_0 rise edge)
                                                      0.000     0.000 r  
    L17                                               0.000     0.000 r  clk_in1_p (IN)
                         net (fo=0)                   0.100     0.100    CLOCK_GEN_INST/CLOCKING/inst/clkin1_ibufds/I
    HPIOBDIFFINBUF_X0Y37 DIFFINBUF (Prop_DIFFINBUF_HPIOBDIFFINBUF_DIFF_IN_P_O)
                                                      0.291     0.391 r  CLOCK_GEN_INST/CLOCKING/inst/clkin1_ibufds/DIFFINBUF_INST/O
                         net (fo=1, routed)           0.050     0.441    CLOCK_GEN_INST/CLOCKING/inst/clkin1_ibufds/OUT
    L17                  IBUFCTRL (Prop_IBUFCTRL_HPIOB_M_I_O)
                                                      0.000     0.441 r  CLOCK_GEN_INST/CLOCKING/inst/clkin1_ibufds/IBUFCTRL_INST/O
                         net (fo=1, routed)           0.222     0.663    CLOCK_GEN_INST/CLOCKING/inst/clk_in1_clk_wiz_0
    MMCM_X0Y1            MMCME4_ADV (Prop_MMCM_CLKIN1_CLKOUT0)
                                                     -0.295     0.368 r  CLOCK_GEN_INST/CLOCKING/inst/mmcme4_adv_inst/CLKOUT0
                         net (fo=1, routed)           0.165     0.533    CLOCK_GEN_INST/CLOCKING/inst/clk_out1_clk_wiz_0
    BUFGCE_X0Y32         BUFGCE (Prop_BUFCE_BUFGCE_I_O)
                                                      0.019     0.552 r  CLOCK_GEN_INST/CLOCKING/inst/clkout1_buf/O
    X0Y1 (CLOCK_ROOT)    net (fo=855, routed)         0.704     1.256    DUT/U0/X_IIC/DYN_MASTER_I/s_axi_aclk
    SLICE_X10Y67         FDRE                                         r  DUT/U0/X_IIC/DYN_MASTER_I/rdByteCntr_reg[2]/C
                         clock pessimism              0.274     1.530    
    SLICE_X10Y67         FDRE (Hold_HFF_SLICEL_C_D)
                                                      0.046     1.576    DUT/U0/X_IIC/DYN_MASTER_I/rdByteCntr_reg[2]
  -------------------------------------------------------------------
                         required time                         -1.576    
                         arrival time                           1.622    
  -------------------------------------------------------------------
                         slack                                  0.046    





Pulse Width Checks
--------------------------------------------------------------------------------------
Clock Name:         clk_out1_clk_wiz_0
Waveform(ns):       { 0.000 12.500 }
Period(ns):         25.000
Sources:            { CLOCK_GEN_INST/CLOCKING/inst/mmcme4_adv_inst/CLKOUT0 }

Check Type        Corner  Lib Pin             Reference Pin  Required(ns)  Actual(ns)  Slack(ns)  Location      Pin
Min Period        n/a     BUFGCE/I            n/a            1.499         25.000      23.501     BUFGCE_X0Y32  CLOCK_GEN_INST/CLOCKING/inst/clkout1_buf/I
Min Period        n/a     MMCME4_ADV/CLKOUT0  n/a            1.250         25.000      23.750     MMCM_X0Y1     CLOCK_GEN_INST/CLOCKING/inst/mmcme4_adv_inst/CLKOUT0
Min Period        n/a     RAMS32/CLK          n/a            1.146         25.000      23.854     SLICE_X9Y80   ATG1/inst/ATG_MODE_SYSTEM_INIT_TEST.systeminit_top/ATG_SYSINIT_DMG.systeminit_dmg_ctrl/xpm_memory_spram_inst/xpm_memory_base_inst/gen_wr_a.gen_byte_narrow.for_mem_cols[1].mem_reg_0_31_0_0/SP/CLK
Min Period        n/a     RAMS32/CLK          n/a            1.146         25.000      23.854     SLICE_X9Y80   ATG1/inst/ATG_MODE_SYSTEM_INIT_TEST.systeminit_top/ATG_SYSINIT_DMG.systeminit_dmg_ctrl/xpm_memory_spram_inst/xpm_memory_base_inst/gen_wr_a.gen_byte_narrow.for_mem_cols[1].mem_reg_0_31_10_10/SP/CLK
Min Period        n/a     RAMS32/CLK          n/a            1.146         25.000      23.854     SLICE_X9Y80   ATG1/inst/ATG_MODE_SYSTEM_INIT_TEST.systeminit_top/ATG_SYSINIT_DMG.systeminit_dmg_ctrl/xpm_memory_spram_inst/xpm_memory_base_inst/gen_wr_a.gen_byte_narrow.for_mem_cols[1].mem_reg_0_31_11_11/SP/CLK
Min Period        n/a     RAMS32/CLK          n/a            1.146         25.000      23.854     SLICE_X9Y80   ATG1/inst/ATG_MODE_SYSTEM_INIT_TEST.systeminit_top/ATG_SYSINIT_DMG.systeminit_dmg_ctrl/xpm_memory_spram_inst/xpm_memory_base_inst/gen_wr_a.gen_byte_narrow.for_mem_cols[1].mem_reg_0_31_12_12/SP/CLK
Min Period        n/a     RAMS32/CLK          n/a            1.146         25.000      23.854     SLICE_X9Y80   ATG1/inst/ATG_MODE_SYSTEM_INIT_TEST.systeminit_top/ATG_SYSINIT_DMG.systeminit_dmg_ctrl/xpm_memory_spram_inst/xpm_memory_base_inst/gen_wr_a.gen_byte_narrow.for_mem_cols[1].mem_reg_0_31_13_13/SP/CLK
Min Period        n/a     RAMS32/CLK          n/a            1.146         25.000      23.854     SLICE_X9Y80   ATG1/inst/ATG_MODE_SYSTEM_INIT_TEST.systeminit_top/ATG_SYSINIT_DMG.systeminit_dmg_ctrl/xpm_memory_spram_inst/xpm_memory_base_inst/gen_wr_a.gen_byte_narrow.for_mem_cols[1].mem_reg_0_31_16_16/SP/CLK
Min Period        n/a     RAMS32/CLK          n/a            1.146         25.000      23.854     SLICE_X9Y80   ATG1/inst/ATG_MODE_SYSTEM_INIT_TEST.systeminit_top/ATG_SYSINIT_DMG.systeminit_dmg_ctrl/xpm_memory_spram_inst/xpm_memory_base_inst/gen_wr_a.gen_byte_narrow.for_mem_cols[1].mem_reg_0_31_1_1/SP/CLK
Min Period        n/a     RAMS32/CLK          n/a            1.146         25.000      23.854     SLICE_X9Y80   ATG1/inst/ATG_MODE_SYSTEM_INIT_TEST.systeminit_top/ATG_SYSINIT_DMG.systeminit_dmg_ctrl/xpm_memory_spram_inst/xpm_memory_base_inst/gen_wr_a.gen_byte_narrow.for_mem_cols[1].mem_reg_0_31_20_20/SP/CLK
Low Pulse Width   Slow    RAMS32/CLK          n/a            0.573         12.500      11.927     SLICE_X9Y80   ATG1/inst/ATG_MODE_SYSTEM_INIT_TEST.systeminit_top/ATG_SYSINIT_DMG.systeminit_dmg_ctrl/xpm_memory_spram_inst/xpm_memory_base_inst/gen_wr_a.gen_byte_narrow.for_mem_cols[1].mem_reg_0_31_0_0/SP/CLK
Low Pulse Width   Fast    RAMS32/CLK          n/a            0.573         12.500      11.927     SLICE_X9Y80   ATG1/inst/ATG_MODE_SYSTEM_INIT_TEST.systeminit_top/ATG_SYSINIT_DMG.systeminit_dmg_ctrl/xpm_memory_spram_inst/xpm_memory_base_inst/gen_wr_a.gen_byte_narrow.for_mem_cols[1].mem_reg_0_31_0_0/SP/CLK
Low Pulse Width   Slow    RAMS32/CLK          n/a            0.573         12.500      11.927     SLICE_X9Y80   ATG1/inst/ATG_MODE_SYSTEM_INIT_TEST.systeminit_top/ATG_SYSINIT_DMG.systeminit_dmg_ctrl/xpm_memory_spram_inst/xpm_memory_base_inst/gen_wr_a.gen_byte_narrow.for_mem_cols[1].mem_reg_0_31_10_10/SP/CLK
Low Pulse Width   Fast    RAMS32/CLK          n/a            0.573         12.500      11.927     SLICE_X9Y80   ATG1/inst/ATG_MODE_SYSTEM_INIT_TEST.systeminit_top/ATG_SYSINIT_DMG.systeminit_dmg_ctrl/xpm_memory_spram_inst/xpm_memory_base_inst/gen_wr_a.gen_byte_narrow.for_mem_cols[1].mem_reg_0_31_10_10/SP/CLK
Low Pulse Width   Slow    RAMS32/CLK          n/a            0.573         12.500      11.927     SLICE_X9Y80   ATG1/inst/ATG_MODE_SYSTEM_INIT_TEST.systeminit_top/ATG_SYSINIT_DMG.systeminit_dmg_ctrl/xpm_memory_spram_inst/xpm_memory_base_inst/gen_wr_a.gen_byte_narrow.for_mem_cols[1].mem_reg_0_31_11_11/SP/CLK
Low Pulse Width   Fast    RAMS32/CLK          n/a            0.573         12.500      11.927     SLICE_X9Y80   ATG1/inst/ATG_MODE_SYSTEM_INIT_TEST.systeminit_top/ATG_SYSINIT_DMG.systeminit_dmg_ctrl/xpm_memory_spram_inst/xpm_memory_base_inst/gen_wr_a.gen_byte_narrow.for_mem_cols[1].mem_reg_0_31_11_11/SP/CLK
Low Pulse Width   Slow    RAMS32/CLK          n/a            0.573         12.500      11.927     SLICE_X9Y80   ATG1/inst/ATG_MODE_SYSTEM_INIT_TEST.systeminit_top/ATG_SYSINIT_DMG.systeminit_dmg_ctrl/xpm_memory_spram_inst/xpm_memory_base_inst/gen_wr_a.gen_byte_narrow.for_mem_cols[1].mem_reg_0_31_12_12/SP/CLK
Low Pulse Width   Fast    RAMS32/CLK          n/a            0.573         12.500      11.927     SLICE_X9Y80   ATG1/inst/ATG_MODE_SYSTEM_INIT_TEST.systeminit_top/ATG_SYSINIT_DMG.systeminit_dmg_ctrl/xpm_memory_spram_inst/xpm_memory_base_inst/gen_wr_a.gen_byte_narrow.for_mem_cols[1].mem_reg_0_31_12_12/SP/CLK
Low Pulse Width   Slow    RAMS32/CLK          n/a            0.573         12.500      11.927     SLICE_X9Y80   ATG1/inst/ATG_MODE_SYSTEM_INIT_TEST.systeminit_top/ATG_SYSINIT_DMG.systeminit_dmg_ctrl/xpm_memory_spram_inst/xpm_memory_base_inst/gen_wr_a.gen_byte_narrow.for_mem_cols[1].mem_reg_0_31_13_13/SP/CLK
Low Pulse Width   Fast    RAMS32/CLK          n/a            0.573         12.500      11.927     SLICE_X9Y80   ATG1/inst/ATG_MODE_SYSTEM_INIT_TEST.systeminit_top/ATG_SYSINIT_DMG.systeminit_dmg_ctrl/xpm_memory_spram_inst/xpm_memory_base_inst/gen_wr_a.gen_byte_narrow.for_mem_cols[1].mem_reg_0_31_13_13/SP/CLK
High Pulse Width  Slow    RAMS32/CLK          n/a            0.573         12.500      11.927     SLICE_X9Y80   ATG1/inst/ATG_MODE_SYSTEM_INIT_TEST.systeminit_top/ATG_SYSINIT_DMG.systeminit_dmg_ctrl/xpm_memory_spram_inst/xpm_memory_base_inst/gen_wr_a.gen_byte_narrow.for_mem_cols[1].mem_reg_0_31_0_0/SP/CLK
High Pulse Width  Fast    RAMS32/CLK          n/a            0.573         12.500      11.927     SLICE_X9Y80   ATG1/inst/ATG_MODE_SYSTEM_INIT_TEST.systeminit_top/ATG_SYSINIT_DMG.systeminit_dmg_ctrl/xpm_memory_spram_inst/xpm_memory_base_inst/gen_wr_a.gen_byte_narrow.for_mem_cols[1].mem_reg_0_31_0_0/SP/CLK
High Pulse Width  Slow    RAMS32/CLK          n/a            0.573         12.500      11.927     SLICE_X9Y80   ATG1/inst/ATG_MODE_SYSTEM_INIT_TEST.systeminit_top/ATG_SYSINIT_DMG.systeminit_dmg_ctrl/xpm_memory_spram_inst/xpm_memory_base_inst/gen_wr_a.gen_byte_narrow.for_mem_cols[1].mem_reg_0_31_10_10/SP/CLK
High Pulse Width  Fast    RAMS32/CLK          n/a            0.573         12.500      11.927     SLICE_X9Y80   ATG1/inst/ATG_MODE_SYSTEM_INIT_TEST.systeminit_top/ATG_SYSINIT_DMG.systeminit_dmg_ctrl/xpm_memory_spram_inst/xpm_memory_base_inst/gen_wr_a.gen_byte_narrow.for_mem_cols[1].mem_reg_0_31_10_10/SP/CLK
High Pulse Width  Slow    RAMS32/CLK          n/a            0.573         12.500      11.927     SLICE_X9Y80   ATG1/inst/ATG_MODE_SYSTEM_INIT_TEST.systeminit_top/ATG_SYSINIT_DMG.systeminit_dmg_ctrl/xpm_memory_spram_inst/xpm_memory_base_inst/gen_wr_a.gen_byte_narrow.for_mem_cols[1].mem_reg_0_31_11_11/SP/CLK
High Pulse Width  Fast    RAMS32/CLK          n/a            0.573         12.500      11.927     SLICE_X9Y80   ATG1/inst/ATG_MODE_SYSTEM_INIT_TEST.systeminit_top/ATG_SYSINIT_DMG.systeminit_dmg_ctrl/xpm_memory_spram_inst/xpm_memory_base_inst/gen_wr_a.gen_byte_narrow.for_mem_cols[1].mem_reg_0_31_11_11/SP/CLK
High Pulse Width  Slow    RAMS32/CLK          n/a            0.573         12.500      11.927     SLICE_X9Y80   ATG1/inst/ATG_MODE_SYSTEM_INIT_TEST.systeminit_top/ATG_SYSINIT_DMG.systeminit_dmg_ctrl/xpm_memory_spram_inst/xpm_memory_base_inst/gen_wr_a.gen_byte_narrow.for_mem_cols[1].mem_reg_0_31_12_12/SP/CLK
High Pulse Width  Fast    RAMS32/CLK          n/a            0.573         12.500      11.927     SLICE_X9Y80   ATG1/inst/ATG_MODE_SYSTEM_INIT_TEST.systeminit_top/ATG_SYSINIT_DMG.systeminit_dmg_ctrl/xpm_memory_spram_inst/xpm_memory_base_inst/gen_wr_a.gen_byte_narrow.for_mem_cols[1].mem_reg_0_31_12_12/SP/CLK
High Pulse Width  Slow    RAMS32/CLK          n/a            0.573         12.500      11.927     SLICE_X9Y80   ATG1/inst/ATG_MODE_SYSTEM_INIT_TEST.systeminit_top/ATG_SYSINIT_DMG.systeminit_dmg_ctrl/xpm_memory_spram_inst/xpm_memory_base_inst/gen_wr_a.gen_byte_narrow.for_mem_cols[1].mem_reg_0_31_13_13/SP/CLK
High Pulse Width  Fast    RAMS32/CLK          n/a            0.573         12.500      11.927     SLICE_X9Y80   ATG1/inst/ATG_MODE_SYSTEM_INIT_TEST.systeminit_top/ATG_SYSINIT_DMG.systeminit_dmg_ctrl/xpm_memory_spram_inst/xpm_memory_base_inst/gen_wr_a.gen_byte_narrow.for_mem_cols[1].mem_reg_0_31_13_13/SP/CLK



--------------------------------------------------------------------------------------
Path Group:  (none)
From Clock:  clk_out1_clk_wiz_0
  To Clock:  

Max Delay             4 Endpoints
Min Delay             4 Endpoints
--------------------------------------------------------------------------------------


Max Delay Paths
--------------------------------------------------------------------------------------
Slack:                    inf
  Source:                 DUT/U0/X_IIC/REG_INTERFACE_I/RD_FIFO_CNTRL.ro_prev_i_reg/C
                            (rising edge-triggered cell FDRE clocked by clk_out1_clk_wiz_0  {rise@0.000ns fall@12.500ns period=25.000ns})
  Destination:            scl_io
                            (output port)
  Path Group:             (none)
  Path Type:              Max at Slow Process Corner
  Data Path Delay:        7.878ns  (logic 5.886ns (74.716%)  route 1.992ns (25.284%))
  Logic Levels:           2  (LUT4=1 OBUFT=1)
  Clock Uncertainty:      0.151ns  ((TSJ^2 + DJ^2)^1/2) / 2 + PE
    Total System Jitter     (TSJ):    0.050ns
    Discrete Jitter          (DJ):    0.127ns
    Phase Error              (PE):    0.083ns
  Clock Net Delay (Source):      1.220ns (routing 0.185ns, distribution 1.035ns)

    Location             Delay type                Incr(ns)  Path(ns)    Netlist Resource(s)
  -------------------------------------------------------------------    -------------------
                         (clock clk_out1_clk_wiz_0 rise edge)
                                                      0.000     0.000 r  
    L17                                               0.000     0.000 r  clk_in1_p (IN)
                         net (fo=0)                   0.100     0.100    CLOCK_GEN_INST/CLOCKING/inst/clkin1_ibufds/I
    HPIOBDIFFINBUF_X0Y37 DIFFINBUF (Prop_DIFFINBUF_HPIOBDIFFINBUF_DIFF_IN_P_O)
                                                      0.415     0.515 r  CLOCK_GEN_INST/CLOCKING/inst/clkin1_ibufds/DIFFINBUF_INST/O
                         net (fo=1, routed)           0.050     0.565    CLOCK_GEN_INST/CLOCKING/inst/clkin1_ibufds/OUT
    L17                  IBUFCTRL (Prop_IBUFCTRL_HPIOB_M_I_O)
                                                      0.000     0.565 r  CLOCK_GEN_INST/CLOCKING/inst/clkin1_ibufds/IBUFCTRL_INST/O
                         net (fo=1, routed)           0.404     0.969    CLOCK_GEN_INST/CLOCKING/inst/clk_in1_clk_wiz_0
    MMCM_X0Y1            MMCME4_ADV (Prop_MMCM_CLKIN1_CLKOUT0)
                                                     -0.106     0.863 r  CLOCK_GEN_INST/CLOCKING/inst/mmcme4_adv_inst/CLKOUT0
                         net (fo=1, routed)           0.255     1.118    CLOCK_GEN_INST/CLOCKING/inst/clk_out1_clk_wiz_0
    BUFGCE_X0Y32         BUFGCE (Prop_BUFCE_BUFGCE_I_O)
                                                      0.028     1.146 r  CLOCK_GEN_INST/CLOCKING/inst/clkout1_buf/O
    X0Y1 (CLOCK_ROOT)    net (fo=855, routed)         1.220     2.366    DUT/U0/X_IIC/REG_INTERFACE_I/s_axi_aclk
    SLICE_X13Y70         FDRE                                         r  DUT/U0/X_IIC/REG_INTERFACE_I/RD_FIFO_CNTRL.ro_prev_i_reg/C
  -------------------------------------------------------------------    -------------------
    SLICE_X13Y70         FDRE (Prop_DFF_SLICEM_C_Q)
                                                      0.096     2.462 f  DUT/U0/X_IIC/REG_INTERFACE_I/RD_FIFO_CNTRL.ro_prev_i_reg/Q
                         net (fo=13, routed)          0.566     3.028    DUT/U0/X_IIC/IIC_CONTROL_I/Ro_prev
    SLICE_X7Y67          LUT4 (Prop_C6LUT_SLICEM_I3_O)
                                                      0.113     3.141 r  DUT/U0/X_IIC/IIC_CONTROL_I/scl_t_INST_0/O
                         net (fo=2, routed)           1.426     4.567    scl_inst/T
    A10                  OBUFT (TriStatD_OUTBUF_HDIOB_S_T_O)
                                                      5.677    10.245 r  scl_inst/OBUFT/O
                         net (fo=1, unset)            0.000    10.245    scl_io
    A10                                                               r  scl_io (INOUT)
  -------------------------------------------------------------------    -------------------

Slack:                    inf
  Source:                 DUT/U0/X_IIC/IIC_CONTROL_I/arb_lost_reg/C
                            (rising edge-triggered cell FDRE clocked by clk_out1_clk_wiz_0  {rise@0.000ns fall@12.500ns period=25.000ns})
  Destination:            sda_io
                            (output port)
  Path Group:             (none)
  Path Type:              Max at Slow Process Corner
  Data Path Delay:        7.570ns  (logic 5.897ns (77.901%)  route 1.673ns (22.099%))
  Logic Levels:           2  (LUT5=1 OBUFT=1)
  Clock Uncertainty:      0.151ns  ((TSJ^2 + DJ^2)^1/2) / 2 + PE
    Total System Jitter     (TSJ):    0.050ns
    Discrete Jitter          (DJ):    0.127ns
    Phase Error              (PE):    0.083ns
  Clock Net Delay (Source):      1.235ns (routing 0.185ns, distribution 1.050ns)

    Location             Delay type                Incr(ns)  Path(ns)    Netlist Resource(s)
  -------------------------------------------------------------------    -------------------
                         (clock clk_out1_clk_wiz_0 rise edge)
                                                      0.000     0.000 r  
    L17                                               0.000     0.000 r  clk_in1_p (IN)
                         net (fo=0)                   0.100     0.100    CLOCK_GEN_INST/CLOCKING/inst/clkin1_ibufds/I
    HPIOBDIFFINBUF_X0Y37 DIFFINBUF (Prop_DIFFINBUF_HPIOBDIFFINBUF_DIFF_IN_P_O)
                                                      0.415     0.515 r  CLOCK_GEN_INST/CLOCKING/inst/clkin1_ibufds/DIFFINBUF_INST/O
                         net (fo=1, routed)           0.050     0.565    CLOCK_GEN_INST/CLOCKING/inst/clkin1_ibufds/OUT
    L17                  IBUFCTRL (Prop_IBUFCTRL_HPIOB_M_I_O)
                                                      0.000     0.565 r  CLOCK_GEN_INST/CLOCKING/inst/clkin1_ibufds/IBUFCTRL_INST/O
                         net (fo=1, routed)           0.404     0.969    CLOCK_GEN_INST/CLOCKING/inst/clk_in1_clk_wiz_0
    MMCM_X0Y1            MMCME4_ADV (Prop_MMCM_CLKIN1_CLKOUT0)
                                                     -0.106     0.863 r  CLOCK_GEN_INST/CLOCKING/inst/mmcme4_adv_inst/CLKOUT0
                         net (fo=1, routed)           0.255     1.118    CLOCK_GEN_INST/CLOCKING/inst/clk_out1_clk_wiz_0
    BUFGCE_X0Y32         BUFGCE (Prop_BUFCE_BUFGCE_I_O)
                                                      0.028     1.146 r  CLOCK_GEN_INST/CLOCKING/inst/clkout1_buf/O
    X0Y1 (CLOCK_ROOT)    net (fo=855, routed)         1.235     2.381    DUT/U0/X_IIC/IIC_CONTROL_I/s_axi_aclk
    SLICE_X9Y64          FDRE                                         r  DUT/U0/X_IIC/IIC_CONTROL_I/arb_lost_reg/C
  -------------------------------------------------------------------    -------------------
    SLICE_X9Y64          FDRE (Prop_DFF_SLICEM_C_Q)
                                                      0.096     2.477 r  DUT/U0/X_IIC/IIC_CONTROL_I/arb_lost_reg/Q
                         net (fo=23, routed)          0.274     2.751    DUT/U0/X_IIC/IIC_CONTROL_I/arb_lost
    SLICE_X9Y66          LUT5 (Prop_B6LUT_SLICEM_I0_O)
                                                      0.116     2.867 r  DUT/U0/X_IIC/IIC_CONTROL_I/sda_t_INST_0/O
                         net (fo=2, routed)           1.399     4.266    sda_inst/T
    B8                   OBUFT (TriStatD_OUTBUF_HDIOB_M_T_O)
                                                      5.685     9.951 r  sda_inst/OBUFT/O
                         net (fo=1, unset)            0.000     9.951    sda_io
    B8                                                                r  sda_io (INOUT)
  -------------------------------------------------------------------    -------------------

Slack:                    inf
  Source:                 done_reg/C
                            (rising edge-triggered cell FDRE clocked by clk_out1_clk_wiz_0  {rise@0.000ns fall@12.500ns period=25.000ns})
  Destination:            done
                            (output port)
  Path Group:             (none)
  Path Type:              Max at Slow Process Corner
  Data Path Delay:        3.792ns  (logic 2.597ns (68.484%)  route 1.195ns (31.516%))
  Logic Levels:           1  (OBUF=1)
  Clock Uncertainty:      0.151ns  ((TSJ^2 + DJ^2)^1/2) / 2 + PE
    Total System Jitter     (TSJ):    0.050ns
    Discrete Jitter          (DJ):    0.127ns
    Phase Error              (PE):    0.083ns
  Clock Net Delay (Source):      1.194ns (routing 0.185ns, distribution 1.009ns)

    Location             Delay type                Incr(ns)  Path(ns)    Netlist Resource(s)
  -------------------------------------------------------------------    -------------------
                         (clock clk_out1_clk_wiz_0 rise edge)
                                                      0.000     0.000 r  
    L17                                               0.000     0.000 r  clk_in1_p (IN)
                         net (fo=0)                   0.100     0.100    CLOCK_GEN_INST/CLOCKING/inst/clkin1_ibufds/I
    HPIOBDIFFINBUF_X0Y37 DIFFINBUF (Prop_DIFFINBUF_HPIOBDIFFINBUF_DIFF_IN_P_O)
                                                      0.415     0.515 r  CLOCK_GEN_INST/CLOCKING/inst/clkin1_ibufds/DIFFINBUF_INST/O
                         net (fo=1, routed)           0.050     0.565    CLOCK_GEN_INST/CLOCKING/inst/clkin1_ibufds/OUT
    L17                  IBUFCTRL (Prop_IBUFCTRL_HPIOB_M_I_O)
                                                      0.000     0.565 r  CLOCK_GEN_INST/CLOCKING/inst/clkin1_ibufds/IBUFCTRL_INST/O
                         net (fo=1, routed)           0.404     0.969    CLOCK_GEN_INST/CLOCKING/inst/clk_in1_clk_wiz_0
    MMCM_X0Y1            MMCME4_ADV (Prop_MMCM_CLKIN1_CLKOUT0)
                                                     -0.106     0.863 r  CLOCK_GEN_INST/CLOCKING/inst/mmcme4_adv_inst/CLKOUT0
                         net (fo=1, routed)           0.255     1.118    CLOCK_GEN_INST/CLOCKING/inst/clk_out1_clk_wiz_0
    BUFGCE_X0Y32         BUFGCE (Prop_BUFCE_BUFGCE_I_O)
                                                      0.028     1.146 r  CLOCK_GEN_INST/CLOCKING/inst/clkout1_buf/O
    X0Y1 (CLOCK_ROOT)    net (fo=855, routed)         1.194     2.340    clock_lite
    SLICE_X9Y85          FDRE                                         r  done_reg/C
  -------------------------------------------------------------------    -------------------
    SLICE_X9Y85          FDRE (Prop_EFF2_SLICEM_C_Q)
                                                      0.098     2.438 r  done_reg/Q
                         net (fo=1, routed)           1.195     3.633    done_OBUF
    A11                  OBUF (Prop_OUTBUF_HDIOB_S_I_O)
                                                      2.499     6.132 r  done_OBUF_inst/O
                         net (fo=0)                   0.000     6.132    done
    A11                                                               r  done (OUT)
  -------------------------------------------------------------------    -------------------

Slack:                    inf
  Source:                 DUT/U0/X_IIC/REG_INTERFACE_I/GPO_GEN.gpo_i_reg[31]/C
                            (rising edge-triggered cell FDRE clocked by clk_out1_clk_wiz_0  {rise@0.000ns fall@12.500ns period=25.000ns})
  Destination:            to_led[0]
                            (output port)
  Path Group:             (none)
  Path Type:              Max at Slow Process Corner
  Data Path Delay:        3.725ns  (logic 2.593ns (69.630%)  route 1.131ns (30.370%))
  Logic Levels:           1  (OBUF=1)
  Clock Uncertainty:      0.151ns  ((TSJ^2 + DJ^2)^1/2) / 2 + PE
    Total System Jitter     (TSJ):    0.050ns
    Discrete Jitter          (DJ):    0.127ns
    Phase Error              (PE):    0.083ns
  Clock Net Delay (Source):      1.225ns (routing 0.185ns, distribution 1.040ns)

    Location             Delay type                Incr(ns)  Path(ns)    Netlist Resource(s)
  -------------------------------------------------------------------    -------------------
                         (clock clk_out1_clk_wiz_0 rise edge)
                                                      0.000     0.000 r  
    L17                                               0.000     0.000 r  clk_in1_p (IN)
                         net (fo=0)                   0.100     0.100    CLOCK_GEN_INST/CLOCKING/inst/clkin1_ibufds/I
    HPIOBDIFFINBUF_X0Y37 DIFFINBUF (Prop_DIFFINBUF_HPIOBDIFFINBUF_DIFF_IN_P_O)
                                                      0.415     0.515 r  CLOCK_GEN_INST/CLOCKING/inst/clkin1_ibufds/DIFFINBUF_INST/O
                         net (fo=1, routed)           0.050     0.565    CLOCK_GEN_INST/CLOCKING/inst/clkin1_ibufds/OUT
    L17                  IBUFCTRL (Prop_IBUFCTRL_HPIOB_M_I_O)
                                                      0.000     0.565 r  CLOCK_GEN_INST/CLOCKING/inst/clkin1_ibufds/IBUFCTRL_INST/O
                         net (fo=1, routed)           0.404     0.969    CLOCK_GEN_INST/CLOCKING/inst/clk_in1_clk_wiz_0
    MMCM_X0Y1            MMCME4_ADV (Prop_MMCM_CLKIN1_CLKOUT0)
                                                     -0.106     0.863 r  CLOCK_GEN_INST/CLOCKING/inst/mmcme4_adv_inst/CLKOUT0
                         net (fo=1, routed)           0.255     1.118    CLOCK_GEN_INST/CLOCKING/inst/clk_out1_clk_wiz_0
    BUFGCE_X0Y32         BUFGCE (Prop_BUFCE_BUFGCE_I_O)
                                                      0.028     1.146 r  CLOCK_GEN_INST/CLOCKING/inst/clkout1_buf/O
    X0Y1 (CLOCK_ROOT)    net (fo=855, routed)         1.225     2.371    DUT/U0/X_IIC/REG_INTERFACE_I/s_axi_aclk
    SLICE_X12Y72         FDRE                                         r  DUT/U0/X_IIC/REG_INTERFACE_I/GPO_GEN.gpo_i_reg[31]/C
  -------------------------------------------------------------------    -------------------
    SLICE_X12Y72         FDRE (Prop_DFF2_SLICEL_C_Q)
                                                      0.098     2.469 r  DUT/U0/X_IIC/REG_INTERFACE_I/GPO_GEN.gpo_i_reg[31]/Q
                         net (fo=3, routed)           1.131     3.600    to_led_OBUF[0]
    A12                  OBUF (Prop_OUTBUF_HDIOB_M_I_O)
                                                      2.495     6.096 r  to_led_OBUF[0]_inst/O
                         net (fo=0)                   0.000     6.096    to_led[0]
    A12                                                               r  to_led[0] (OUT)
  -------------------------------------------------------------------    -------------------





Min Delay Paths
--------------------------------------------------------------------------------------
Slack:                    inf
  Source:                 done_reg/C
                            (rising edge-triggered cell FDRE clocked by clk_out1_clk_wiz_0  {rise@0.000ns fall@12.500ns period=25.000ns})
  Destination:            done
                            (output port)
  Path Group:             (none)
  Path Type:              Min at Fast Process Corner
  Data Path Delay:        1.597ns  (logic 1.074ns (67.246%)  route 0.523ns (32.754%))
  Logic Levels:           1  (OBUF=1)
  Clock Uncertainty:      0.151ns  ((TSJ^2 + DJ^2)^1/2) / 2 + PE
    Total System Jitter     (TSJ):    0.050ns
    Discrete Jitter          (DJ):    0.127ns
    Phase Error              (PE):    0.083ns
  Clock Net Delay (Source):      0.603ns (routing 0.096ns, distribution 0.507ns)

    Location             Delay type                Incr(ns)  Path(ns)    Netlist Resource(s)
  -------------------------------------------------------------------    -------------------
                         (clock clk_out1_clk_wiz_0 rise edge)
                                                      0.000     0.000 r  
    L17                                               0.000     0.000 r  clk_in1_p (IN)
                         net (fo=0)                   0.079     0.079    CLOCK_GEN_INST/CLOCKING/inst/clkin1_ibufds/I
    HPIOBDIFFINBUF_X0Y37 DIFFINBUF (Prop_DIFFINBUF_HPIOBDIFFINBUF_DIFF_IN_P_O)
                                                      0.202     0.281 r  CLOCK_GEN_INST/CLOCKING/inst/clkin1_ibufds/DIFFINBUF_INST/O
                         net (fo=1, routed)           0.040     0.321    CLOCK_GEN_INST/CLOCKING/inst/clkin1_ibufds/OUT
    L17                  IBUFCTRL (Prop_IBUFCTRL_HPIOB_M_I_O)
                                                      0.000     0.321 r  CLOCK_GEN_INST/CLOCKING/inst/clkin1_ibufds/IBUFCTRL_INST/O
                         net (fo=1, routed)           0.196     0.517    CLOCK_GEN_INST/CLOCKING/inst/clk_in1_clk_wiz_0
    MMCM_X0Y1            MMCME4_ADV (Prop_MMCM_CLKIN1_CLKOUT0)
                                                      0.230     0.747 r  CLOCK_GEN_INST/CLOCKING/inst/mmcme4_adv_inst/CLKOUT0
                         net (fo=1, routed)           0.145     0.892    CLOCK_GEN_INST/CLOCKING/inst/clk_out1_clk_wiz_0
    BUFGCE_X0Y32         BUFGCE (Prop_BUFCE_BUFGCE_I_O)
                                                      0.017     0.909 r  CLOCK_GEN_INST/CLOCKING/inst/clkout1_buf/O
    X0Y1 (CLOCK_ROOT)    net (fo=855, routed)         0.603     1.511    clock_lite
    SLICE_X9Y85          FDRE                                         r  done_reg/C
  -------------------------------------------------------------------    -------------------
    SLICE_X9Y85          FDRE (Prop_EFF2_SLICEM_C_Q)
                                                      0.039     1.550 r  done_reg/Q
                         net (fo=1, routed)           0.523     2.073    done_OBUF
    A11                  OBUF (Prop_OUTBUF_HDIOB_S_I_O)
                                                      1.035     3.108 r  done_OBUF_inst/O
                         net (fo=0)                   0.000     3.108    done
    A11                                                               r  done (OUT)
  -------------------------------------------------------------------    -------------------

Slack:                    inf
  Source:                 DUT/U0/X_IIC/IIC_CONTROL_I/sda_cout_reg_reg/C
                            (rising edge-triggered cell FDSE clocked by clk_out1_clk_wiz_0  {rise@0.000ns fall@12.500ns period=25.000ns})
  Destination:            sda_io
                            (output port)
  Path Group:             (none)
  Path Type:              Min at Fast Process Corner
  Data Path Delay:        1.593ns  (logic 0.909ns (57.069%)  route 0.684ns (42.931%))
  Logic Levels:           2  (LUT5=1 OBUFT=1)
  Clock Uncertainty:      0.151ns  ((TSJ^2 + DJ^2)^1/2) / 2 + PE
    Total System Jitter     (TSJ):    0.050ns
    Discrete Jitter          (DJ):    0.127ns
    Phase Error              (PE):    0.083ns
  Clock Net Delay (Source):      0.615ns (routing 0.096ns, distribution 0.519ns)

    Location             Delay type                Incr(ns)  Path(ns)    Netlist Resource(s)
  -------------------------------------------------------------------    -------------------
                         (clock clk_out1_clk_wiz_0 rise edge)
                                                      0.000     0.000 r  
    L17                                               0.000     0.000 r  clk_in1_p (IN)
                         net (fo=0)                   0.079     0.079    CLOCK_GEN_INST/CLOCKING/inst/clkin1_ibufds/I
    HPIOBDIFFINBUF_X0Y37 DIFFINBUF (Prop_DIFFINBUF_HPIOBDIFFINBUF_DIFF_IN_P_O)
                                                      0.202     0.281 r  CLOCK_GEN_INST/CLOCKING/inst/clkin1_ibufds/DIFFINBUF_INST/O
                         net (fo=1, routed)           0.040     0.321    CLOCK_GEN_INST/CLOCKING/inst/clkin1_ibufds/OUT
    L17                  IBUFCTRL (Prop_IBUFCTRL_HPIOB_M_I_O)
                                                      0.000     0.321 r  CLOCK_GEN_INST/CLOCKING/inst/clkin1_ibufds/IBUFCTRL_INST/O
                         net (fo=1, routed)           0.196     0.517    CLOCK_GEN_INST/CLOCKING/inst/clk_in1_clk_wiz_0
    MMCM_X0Y1            MMCME4_ADV (Prop_MMCM_CLKIN1_CLKOUT0)
                                                      0.230     0.747 r  CLOCK_GEN_INST/CLOCKING/inst/mmcme4_adv_inst/CLKOUT0
                         net (fo=1, routed)           0.145     0.892    CLOCK_GEN_INST/CLOCKING/inst/clk_out1_clk_wiz_0
    BUFGCE_X0Y32         BUFGCE (Prop_BUFCE_BUFGCE_I_O)
                                                      0.017     0.909 r  CLOCK_GEN_INST/CLOCKING/inst/clkout1_buf/O
    X0Y1 (CLOCK_ROOT)    net (fo=855, routed)         0.615     1.524    DUT/U0/X_IIC/IIC_CONTROL_I/s_axi_aclk
    SLICE_X9Y66          FDSE                                         r  DUT/U0/X_IIC/IIC_CONTROL_I/sda_cout_reg_reg/C
  -------------------------------------------------------------------    -------------------
    SLICE_X9Y66          FDSE (Prop_DFF_SLICEM_C_Q)
                                                      0.039     1.563 f  DUT/U0/X_IIC/IIC_CONTROL_I/sda_cout_reg_reg/Q
                         net (fo=4, routed)           0.032     1.594    DUT/U0/X_IIC/IIC_CONTROL_I/sda_cout_reg
    SLICE_X9Y66          LUT5 (Prop_B6LUT_SLICEM_I1_O)
                                                      0.022     1.616 f  DUT/U0/X_IIC/IIC_CONTROL_I/sda_t_INST_0/O
                         net (fo=2, routed)           0.652     2.268    sda_inst/T
    B8                   OBUFT (TriStatE_OUTBUF_HDIOB_M_T_O)
                                                      0.848     3.116 r  sda_inst/OBUFT/O
                         net (fo=1, unset)            0.000     3.116    sda_io
    B8                                                                r  sda_io (INOUT)
  -------------------------------------------------------------------    -------------------

Slack:                    inf
  Source:                 DUT/U0/X_IIC/REG_INTERFACE_I/GPO_GEN.gpo_i_reg[31]/C
                            (rising edge-triggered cell FDRE clocked by clk_out1_clk_wiz_0  {rise@0.000ns fall@12.500ns period=25.000ns})
  Destination:            to_led[0]
                            (output port)
  Path Group:             (none)
  Path Type:              Min at Fast Process Corner
  Data Path Delay:        1.603ns  (logic 1.073ns (66.900%)  route 0.531ns (33.100%))
  Logic Levels:           1  (OBUF=1)
  Clock Uncertainty:      0.151ns  ((TSJ^2 + DJ^2)^1/2) / 2 + PE
    Total System Jitter     (TSJ):    0.050ns
    Discrete Jitter          (DJ):    0.127ns
    Phase Error              (PE):    0.083ns
  Clock Net Delay (Source):      0.613ns (routing 0.096ns, distribution 0.517ns)

    Location             Delay type                Incr(ns)  Path(ns)    Netlist Resource(s)
  -------------------------------------------------------------------    -------------------
                         (clock clk_out1_clk_wiz_0 rise edge)
                                                      0.000     0.000 r  
    L17                                               0.000     0.000 r  clk_in1_p (IN)
                         net (fo=0)                   0.079     0.079    CLOCK_GEN_INST/CLOCKING/inst/clkin1_ibufds/I
    HPIOBDIFFINBUF_X0Y37 DIFFINBUF (Prop_DIFFINBUF_HPIOBDIFFINBUF_DIFF_IN_P_O)
                                                      0.202     0.281 r  CLOCK_GEN_INST/CLOCKING/inst/clkin1_ibufds/DIFFINBUF_INST/O
                         net (fo=1, routed)           0.040     0.321    CLOCK_GEN_INST/CLOCKING/inst/clkin1_ibufds/OUT
    L17                  IBUFCTRL (Prop_IBUFCTRL_HPIOB_M_I_O)
                                                      0.000     0.321 r  CLOCK_GEN_INST/CLOCKING/inst/clkin1_ibufds/IBUFCTRL_INST/O
                         net (fo=1, routed)           0.196     0.517    CLOCK_GEN_INST/CLOCKING/inst/clk_in1_clk_wiz_0
    MMCM_X0Y1            MMCME4_ADV (Prop_MMCM_CLKIN1_CLKOUT0)
                                                      0.230     0.747 r  CLOCK_GEN_INST/CLOCKING/inst/mmcme4_adv_inst/CLKOUT0
                         net (fo=1, routed)           0.145     0.892    CLOCK_GEN_INST/CLOCKING/inst/clk_out1_clk_wiz_0
    BUFGCE_X0Y32         BUFGCE (Prop_BUFCE_BUFGCE_I_O)
                                                      0.017     0.909 r  CLOCK_GEN_INST/CLOCKING/inst/clkout1_buf/O
    X0Y1 (CLOCK_ROOT)    net (fo=855, routed)         0.613     1.521    DUT/U0/X_IIC/REG_INTERFACE_I/s_axi_aclk
    SLICE_X12Y72         FDRE                                         r  DUT/U0/X_IIC/REG_INTERFACE_I/GPO_GEN.gpo_i_reg[31]/C
  -------------------------------------------------------------------    -------------------
    SLICE_X12Y72         FDRE (Prop_DFF2_SLICEL_C_Q)
                                                      0.041     1.562 r  DUT/U0/X_IIC/REG_INTERFACE_I/GPO_GEN.gpo_i_reg[31]/Q
                         net (fo=3, routed)           0.531     2.093    to_led_OBUF[0]
    A12                  OBUF (Prop_OUTBUF_HDIOB_M_I_O)
                                                      1.032     3.124 r  to_led_OBUF[0]_inst/O
                         net (fo=0)                   0.000     3.124    to_led[0]
    A12                                                               r  to_led[0] (OUT)
  -------------------------------------------------------------------    -------------------

Slack:                    inf
  Source:                 DUT/U0/X_IIC/IIC_CONTROL_I/sda_setup_reg/C
                            (rising edge-triggered cell FDRE clocked by clk_out1_clk_wiz_0  {rise@0.000ns fall@12.500ns period=25.000ns})
  Destination:            scl_io
                            (output port)
  Path Group:             (none)
  Path Type:              Min at Fast Process Corner
  Data Path Delay:        1.616ns  (logic 0.914ns (56.571%)  route 0.702ns (43.429%))
  Logic Levels:           2  (LUT4=1 OBUFT=1)
  Clock Uncertainty:      0.151ns  ((TSJ^2 + DJ^2)^1/2) / 2 + PE
    Total System Jitter     (TSJ):    0.050ns
    Discrete Jitter          (DJ):    0.127ns
    Phase Error              (PE):    0.083ns
  Clock Net Delay (Source):      0.616ns (routing 0.096ns, distribution 0.520ns)

    Location             Delay type                Incr(ns)  Path(ns)    Netlist Resource(s)
  -------------------------------------------------------------------    -------------------
                         (clock clk_out1_clk_wiz_0 rise edge)
                                                      0.000     0.000 r  
    L17                                               0.000     0.000 r  clk_in1_p (IN)
                         net (fo=0)                   0.079     0.079    CLOCK_GEN_INST/CLOCKING/inst/clkin1_ibufds/I
    HPIOBDIFFINBUF_X0Y37 DIFFINBUF (Prop_DIFFINBUF_HPIOBDIFFINBUF_DIFF_IN_P_O)
                                                      0.202     0.281 r  CLOCK_GEN_INST/CLOCKING/inst/clkin1_ibufds/DIFFINBUF_INST/O
                         net (fo=1, routed)           0.040     0.321    CLOCK_GEN_INST/CLOCKING/inst/clkin1_ibufds/OUT
    L17                  IBUFCTRL (Prop_IBUFCTRL_HPIOB_M_I_O)
                                                      0.000     0.321 r  CLOCK_GEN_INST/CLOCKING/inst/clkin1_ibufds/IBUFCTRL_INST/O
                         net (fo=1, routed)           0.196     0.517    CLOCK_GEN_INST/CLOCKING/inst/clk_in1_clk_wiz_0
    MMCM_X0Y1            MMCME4_ADV (Prop_MMCM_CLKIN1_CLKOUT0)
                                                      0.230     0.747 r  CLOCK_GEN_INST/CLOCKING/inst/mmcme4_adv_inst/CLKOUT0
                         net (fo=1, routed)           0.145     0.892    CLOCK_GEN_INST/CLOCKING/inst/clk_out1_clk_wiz_0
    BUFGCE_X0Y32         BUFGCE (Prop_BUFCE_BUFGCE_I_O)
                                                      0.017     0.909 r  CLOCK_GEN_INST/CLOCKING/inst/clkout1_buf/O
    X0Y1 (CLOCK_ROOT)    net (fo=855, routed)         0.616     1.524    DUT/U0/X_IIC/IIC_CONTROL_I/s_axi_aclk
    SLICE_X7Y67          FDRE                                         r  DUT/U0/X_IIC/IIC_CONTROL_I/sda_setup_reg/C
  -------------------------------------------------------------------    -------------------
    SLICE_X7Y67          FDRE (Prop_DFF_SLICEM_C_Q)
                                                      0.039     1.563 r  DUT/U0/X_IIC/IIC_CONTROL_I/sda_setup_reg/Q
                         net (fo=3, routed)           0.029     1.592    DUT/U0/X_IIC/IIC_CONTROL_I/sda_setup
    SLICE_X7Y67          LUT4 (Prop_C6LUT_SLICEM_I0_O)
                                                      0.035     1.627 f  DUT/U0/X_IIC/IIC_CONTROL_I/scl_t_INST_0/O
                         net (fo=2, routed)           0.673     2.300    scl_inst/T
    A10                  OBUFT (TriStatE_OUTBUF_HDIOB_S_T_O)
                                                      0.840     3.141 r  scl_inst/OBUFT/O
                         net (fo=1, unset)            0.000     3.141    scl_io
    A10                                                               r  scl_io (INOUT)
  -------------------------------------------------------------------    -------------------





--------------------------------------------------------------------------------------
Path Group:  (none)
From Clock:  
  To Clock:  clk_out1_clk_wiz_0

Max Delay           537 Endpoints
Min Delay           537 Endpoints
--------------------------------------------------------------------------------------


Max Delay Paths
--------------------------------------------------------------------------------------
Slack:                    inf
  Source:                 CLOCK_GEN_INST/CLOCKING/inst/mmcme4_adv_inst/LOCKED
                            (internal pin)
  Destination:            DUT/U0/X_IIC/WRITE_FIFO_CTRL_I/Addr_Counters[3].FDRE_I/D
                            (rising edge-triggered cell FDRE clocked by clk_out1_clk_wiz_0  {rise@0.000ns fall@12.500ns period=25.000ns})
  Path Group:             (none)
  Path Type:              Setup (Max at Slow Process Corner)
  Data Path Delay:        3.554ns  (logic 0.688ns (19.361%)  route 2.866ns (80.639%))
  Logic Levels:           5  (CARRY8=1 LUT2=1 LUT4=1 LUT5=2)
  Clock Uncertainty:      0.151ns  ((TSJ^2 + DJ^2)^1/2) / 2 + PE
    Total System Jitter     (TSJ):    0.050ns
    Discrete Jitter          (DJ):    0.127ns
    Phase Error              (PE):    0.083ns
  Clock Net Delay (Destination): 1.057ns (routing 0.170ns, distribution 0.887ns)

    Location             Delay type                Incr(ns)  Path(ns)    Netlist Resource(s)
  -------------------------------------------------------------------    -------------------
    MMCM_X0Y1            MMCME4_ADV                   0.000     0.000 f  CLOCK_GEN_INST/CLOCKING/inst/mmcme4_adv_inst/LOCKED
                         net (fo=327, routed)         1.497     1.497    DUT/U0/X_IIC/X_AXI_IPIF_SSP1/X_SOFT_RESET/s_axi_aresetn
    SLICE_X12Y78         LUT2 (Prop_H6LUT_SLICEL_I1_O)
                                                      0.149     1.646 r  DUT/U0/X_IIC/X_AXI_IPIF_SSP1/X_SOFT_RESET/GPO_GEN.gpo_i[31]_i_1/O
                         net (fo=149, routed)         0.637     2.283    DUT/U0/X_IIC/REG_INTERFACE_I/Bus2IIC_Reset
    SLICE_X13Y67         LUT4 (Prop_D5LUT_SLICEM_I2_O)
                                                      0.167     2.450 r  DUT/U0/X_IIC/REG_INTERFACE_I/Data_Exists_DFF_i_2/O
                         net (fo=3, routed)           0.289     2.739    DUT/U0/X_IIC/WRITE_FIFO_CTRL_I/Addr_Counters[0].MUXCY_L_I_0
    SLICE_X13Y67         LUT5 (Prop_B6LUT_SLICEM_I0_O)
                                                      0.100     2.839 r  DUT/U0/X_IIC/WRITE_FIFO_CTRL_I/Addr_Counters[0].MUXCY_L_I_i_3/O
                         net (fo=4, routed)           0.174     3.013    DUT/U0/X_IIC/WRITE_FIFO_CTRL_I/Addr_Counters[0].MUXCY_L_I_i_3_n_0
    SLICE_X12Y67         LUT5 (Prop_G6LUT_SLICEL_I0_O)
                                                      0.100     3.113 r  DUT/U0/X_IIC/WRITE_FIFO_CTRL_I/Addr_Counters[0].MUXCY_L_I_i_1/O
                         net (fo=1, routed)           0.237     3.350    DUT/U0/X_IIC/WRITE_FIFO_CTRL_I/S
    SLICE_X12Y67         CARRY8 (Prop_CARRY8_SLICEL_S[0]_O[3])
                                                      0.172     3.522 r  DUT/U0/X_IIC/WRITE_FIFO_CTRL_I/Addr_Counters[0].MUXCY_L_I_CARRY4_CARRY8/O[3]
                         net (fo=1, routed)           0.032     3.554    DUT/U0/X_IIC/WRITE_FIFO_CTRL_I/sum_A_0
    SLICE_X12Y67         FDRE                                         r  DUT/U0/X_IIC/WRITE_FIFO_CTRL_I/Addr_Counters[3].FDRE_I/D
  -------------------------------------------------------------------    -------------------

                         (clock clk_out1_clk_wiz_0 rise edge)
                                                      0.000     0.000 r  
    L17                                               0.000     0.000 r  clk_in1_p (IN)
                         net (fo=0)                   0.079     0.079    CLOCK_GEN_INST/CLOCKING/inst/clkin1_ibufds/I
    HPIOBDIFFINBUF_X0Y37 DIFFINBUF (Prop_DIFFINBUF_HPIOBDIFFINBUF_DIFF_IN_P_O)
                                                      0.347     0.426 r  CLOCK_GEN_INST/CLOCKING/inst/clkin1_ibufds/DIFFINBUF_INST/O
                         net (fo=1, routed)           0.040     0.466    CLOCK_GEN_INST/CLOCKING/inst/clkin1_ibufds/OUT
    L17                  IBUFCTRL (Prop_IBUFCTRL_HPIOB_M_I_O)
                                                      0.000     0.466 r  CLOCK_GEN_INST/CLOCKING/inst/clkin1_ibufds/IBUFCTRL_INST/O
                         net (fo=1, routed)           0.351     0.817    CLOCK_GEN_INST/CLOCKING/inst/clk_in1_clk_wiz_0
    MMCM_X0Y1            MMCME4_ADV (Prop_MMCM_CLKIN1_CLKOUT0)
                                                      0.644     1.461 r  CLOCK_GEN_INST/CLOCKING/inst/mmcme4_adv_inst/CLKOUT0
                         net (fo=1, routed)           0.227     1.688    CLOCK_GEN_INST/CLOCKING/inst/clk_out1_clk_wiz_0
    BUFGCE_X0Y32         BUFGCE (Prop_BUFCE_BUFGCE_I_O)
                                                      0.024     1.712 r  CLOCK_GEN_INST/CLOCKING/inst/clkout1_buf/O
    X0Y1 (CLOCK_ROOT)    net (fo=855, routed)         1.057     2.769    DUT/U0/X_IIC/WRITE_FIFO_CTRL_I/s_axi_aclk
    SLICE_X12Y67         FDRE                                         r  DUT/U0/X_IIC/WRITE_FIFO_CTRL_I/Addr_Counters[3].FDRE_I/C

Slack:                    inf
  Source:                 CLOCK_GEN_INST/CLOCKING/inst/mmcme4_adv_inst/LOCKED
                            (internal pin)
  Destination:            DUT/U0/X_IIC/WRITE_FIFO_CTRL_I/Addr_Counters[2].FDRE_I/D
                            (rising edge-triggered cell FDRE clocked by clk_out1_clk_wiz_0  {rise@0.000ns fall@12.500ns period=25.000ns})
  Path Group:             (none)
  Path Type:              Setup (Max at Slow Process Corner)
  Data Path Delay:        3.547ns  (logic 0.681ns (19.202%)  route 2.866ns (80.798%))
  Logic Levels:           5  (CARRY8=1 LUT2=1 LUT4=1 LUT5=2)
  Clock Uncertainty:      0.151ns  ((TSJ^2 + DJ^2)^1/2) / 2 + PE
    Total System Jitter     (TSJ):    0.050ns
    Discrete Jitter          (DJ):    0.127ns
    Phase Error              (PE):    0.083ns
  Clock Net Delay (Destination): 1.057ns (routing 0.170ns, distribution 0.887ns)

    Location             Delay type                Incr(ns)  Path(ns)    Netlist Resource(s)
  -------------------------------------------------------------------    -------------------
    MMCM_X0Y1            MMCME4_ADV                   0.000     0.000 f  CLOCK_GEN_INST/CLOCKING/inst/mmcme4_adv_inst/LOCKED
                         net (fo=327, routed)         1.497     1.497    DUT/U0/X_IIC/X_AXI_IPIF_SSP1/X_SOFT_RESET/s_axi_aresetn
    SLICE_X12Y78         LUT2 (Prop_H6LUT_SLICEL_I1_O)
                                                      0.149     1.646 r  DUT/U0/X_IIC/X_AXI_IPIF_SSP1/X_SOFT_RESET/GPO_GEN.gpo_i[31]_i_1/O
                         net (fo=149, routed)         0.637     2.283    DUT/U0/X_IIC/REG_INTERFACE_I/Bus2IIC_Reset
    SLICE_X13Y67         LUT4 (Prop_D5LUT_SLICEM_I2_O)
                                                      0.167     2.450 r  DUT/U0/X_IIC/REG_INTERFACE_I/Data_Exists_DFF_i_2/O
                         net (fo=3, routed)           0.289     2.739    DUT/U0/X_IIC/WRITE_FIFO_CTRL_I/Addr_Counters[0].MUXCY_L_I_0
    SLICE_X13Y67         LUT5 (Prop_B6LUT_SLICEM_I0_O)
                                                      0.100     2.839 r  DUT/U0/X_IIC/WRITE_FIFO_CTRL_I/Addr_Counters[0].MUXCY_L_I_i_3/O
                         net (fo=4, routed)           0.174     3.013    DUT/U0/X_IIC/WRITE_FIFO_CTRL_I/Addr_Counters[0].MUXCY_L_I_i_3_n_0
    SLICE_X12Y67         LUT5 (Prop_G6LUT_SLICEL_I0_O)
                                                      0.100     3.113 r  DUT/U0/X_IIC/WRITE_FIFO_CTRL_I/Addr_Counters[0].MUXCY_L_I_i_1/O
                         net (fo=1, routed)           0.237     3.350    DUT/U0/X_IIC/WRITE_FIFO_CTRL_I/S
    SLICE_X12Y67         CARRY8 (Prop_CARRY8_SLICEL_S[0]_O[2])
                                                      0.165     3.515 r  DUT/U0/X_IIC/WRITE_FIFO_CTRL_I/Addr_Counters[0].MUXCY_L_I_CARRY4_CARRY8/O[2]
                         net (fo=1, routed)           0.032     3.547    DUT/U0/X_IIC/WRITE_FIFO_CTRL_I/sum_A_1
    SLICE_X12Y67         FDRE                                         r  DUT/U0/X_IIC/WRITE_FIFO_CTRL_I/Addr_Counters[2].FDRE_I/D
  -------------------------------------------------------------------    -------------------

                         (clock clk_out1_clk_wiz_0 rise edge)
                                                      0.000     0.000 r  
    L17                                               0.000     0.000 r  clk_in1_p (IN)
                         net (fo=0)                   0.079     0.079    CLOCK_GEN_INST/CLOCKING/inst/clkin1_ibufds/I
    HPIOBDIFFINBUF_X0Y37 DIFFINBUF (Prop_DIFFINBUF_HPIOBDIFFINBUF_DIFF_IN_P_O)
                                                      0.347     0.426 r  CLOCK_GEN_INST/CLOCKING/inst/clkin1_ibufds/DIFFINBUF_INST/O
                         net (fo=1, routed)           0.040     0.466    CLOCK_GEN_INST/CLOCKING/inst/clkin1_ibufds/OUT
    L17                  IBUFCTRL (Prop_IBUFCTRL_HPIOB_M_I_O)
                                                      0.000     0.466 r  CLOCK_GEN_INST/CLOCKING/inst/clkin1_ibufds/IBUFCTRL_INST/O
                         net (fo=1, routed)           0.351     0.817    CLOCK_GEN_INST/CLOCKING/inst/clk_in1_clk_wiz_0
    MMCM_X0Y1            MMCME4_ADV (Prop_MMCM_CLKIN1_CLKOUT0)
                                                      0.644     1.461 r  CLOCK_GEN_INST/CLOCKING/inst/mmcme4_adv_inst/CLKOUT0
                         net (fo=1, routed)           0.227     1.688    CLOCK_GEN_INST/CLOCKING/inst/clk_out1_clk_wiz_0
    BUFGCE_X0Y32         BUFGCE (Prop_BUFCE_BUFGCE_I_O)
                                                      0.024     1.712 r  CLOCK_GEN_INST/CLOCKING/inst/clkout1_buf/O
    X0Y1 (CLOCK_ROOT)    net (fo=855, routed)         1.057     2.769    DUT/U0/X_IIC/WRITE_FIFO_CTRL_I/s_axi_aclk
    SLICE_X12Y67         FDRE                                         r  DUT/U0/X_IIC/WRITE_FIFO_CTRL_I/Addr_Counters[2].FDRE_I/C

Slack:                    inf
  Source:                 CLOCK_GEN_INST/CLOCKING/inst/mmcme4_adv_inst/LOCKED
                            (internal pin)
  Destination:            DUT/U0/X_IIC/WRITE_FIFO_CTRL_I/Addr_Counters[1].FDRE_I/D
                            (rising edge-triggered cell FDRE clocked by clk_out1_clk_wiz_0  {rise@0.000ns fall@12.500ns period=25.000ns})
  Path Group:             (none)
  Path Type:              Setup (Max at Slow Process Corner)
  Data Path Delay:        3.500ns  (logic 0.635ns (18.145%)  route 2.865ns (81.855%))
  Logic Levels:           5  (CARRY8=1 LUT2=1 LUT4=1 LUT5=2)
  Clock Uncertainty:      0.151ns  ((TSJ^2 + DJ^2)^1/2) / 2 + PE
    Total System Jitter     (TSJ):    0.050ns
    Discrete Jitter          (DJ):    0.127ns
    Phase Error              (PE):    0.083ns
  Clock Net Delay (Destination): 1.057ns (routing 0.170ns, distribution 0.887ns)

    Location             Delay type                Incr(ns)  Path(ns)    Netlist Resource(s)
  -------------------------------------------------------------------    -------------------
    MMCM_X0Y1            MMCME4_ADV                   0.000     0.000 f  CLOCK_GEN_INST/CLOCKING/inst/mmcme4_adv_inst/LOCKED
                         net (fo=327, routed)         1.497     1.497    DUT/U0/X_IIC/X_AXI_IPIF_SSP1/X_SOFT_RESET/s_axi_aresetn
    SLICE_X12Y78         LUT2 (Prop_H6LUT_SLICEL_I1_O)
                                                      0.149     1.646 r  DUT/U0/X_IIC/X_AXI_IPIF_SSP1/X_SOFT_RESET/GPO_GEN.gpo_i[31]_i_1/O
                         net (fo=149, routed)         0.637     2.283    DUT/U0/X_IIC/REG_INTERFACE_I/Bus2IIC_Reset
    SLICE_X13Y67         LUT4 (Prop_D5LUT_SLICEM_I2_O)
                                                      0.167     2.450 r  DUT/U0/X_IIC/REG_INTERFACE_I/Data_Exists_DFF_i_2/O
                         net (fo=3, routed)           0.289     2.739    DUT/U0/X_IIC/WRITE_FIFO_CTRL_I/Addr_Counters[0].MUXCY_L_I_0
    SLICE_X13Y67         LUT5 (Prop_B6LUT_SLICEM_I0_O)
                                                      0.100     2.839 r  DUT/U0/X_IIC/WRITE_FIFO_CTRL_I/Addr_Counters[0].MUXCY_L_I_i_3/O
                         net (fo=4, routed)           0.174     3.013    DUT/U0/X_IIC/WRITE_FIFO_CTRL_I/Addr_Counters[0].MUXCY_L_I_i_3_n_0
    SLICE_X12Y67         LUT5 (Prop_G6LUT_SLICEL_I0_O)
                                                      0.100     3.113 r  DUT/U0/X_IIC/WRITE_FIFO_CTRL_I/Addr_Counters[0].MUXCY_L_I_i_1/O
                         net (fo=1, routed)           0.237     3.350    DUT/U0/X_IIC/WRITE_FIFO_CTRL_I/S
    SLICE_X12Y67         CARRY8 (Prop_CARRY8_SLICEL_S[0]_O[1])
                                                      0.119     3.469 r  DUT/U0/X_IIC/WRITE_FIFO_CTRL_I/Addr_Counters[0].MUXCY_L_I_CARRY4_CARRY8/O[1]
                         net (fo=1, routed)           0.031     3.500    DUT/U0/X_IIC/WRITE_FIFO_CTRL_I/sum_A_2
    SLICE_X12Y67         FDRE                                         r  DUT/U0/X_IIC/WRITE_FIFO_CTRL_I/Addr_Counters[1].FDRE_I/D
  -------------------------------------------------------------------    -------------------

                         (clock clk_out1_clk_wiz_0 rise edge)
                                                      0.000     0.000 r  
    L17                                               0.000     0.000 r  clk_in1_p (IN)
                         net (fo=0)                   0.079     0.079    CLOCK_GEN_INST/CLOCKING/inst/clkin1_ibufds/I
    HPIOBDIFFINBUF_X0Y37 DIFFINBUF (Prop_DIFFINBUF_HPIOBDIFFINBUF_DIFF_IN_P_O)
                                                      0.347     0.426 r  CLOCK_GEN_INST/CLOCKING/inst/clkin1_ibufds/DIFFINBUF_INST/O
                         net (fo=1, routed)           0.040     0.466    CLOCK_GEN_INST/CLOCKING/inst/clkin1_ibufds/OUT
    L17                  IBUFCTRL (Prop_IBUFCTRL_HPIOB_M_I_O)
                                                      0.000     0.466 r  CLOCK_GEN_INST/CLOCKING/inst/clkin1_ibufds/IBUFCTRL_INST/O
                         net (fo=1, routed)           0.351     0.817    CLOCK_GEN_INST/CLOCKING/inst/clk_in1_clk_wiz_0
    MMCM_X0Y1            MMCME4_ADV (Prop_MMCM_CLKIN1_CLKOUT0)
                                                      0.644     1.461 r  CLOCK_GEN_INST/CLOCKING/inst/mmcme4_adv_inst/CLKOUT0
                         net (fo=1, routed)           0.227     1.688    CLOCK_GEN_INST/CLOCKING/inst/clk_out1_clk_wiz_0
    BUFGCE_X0Y32         BUFGCE (Prop_BUFCE_BUFGCE_I_O)
                                                      0.024     1.712 r  CLOCK_GEN_INST/CLOCKING/inst/clkout1_buf/O
    X0Y1 (CLOCK_ROOT)    net (fo=855, routed)         1.057     2.769    DUT/U0/X_IIC/WRITE_FIFO_CTRL_I/s_axi_aclk
    SLICE_X12Y67         FDRE                                         r  DUT/U0/X_IIC/WRITE_FIFO_CTRL_I/Addr_Counters[1].FDRE_I/C

Slack:                    inf
  Source:                 CLOCK_GEN_INST/CLOCKING/inst/mmcme4_adv_inst/LOCKED
                            (internal pin)
  Destination:            DUT/U0/X_IIC/WRITE_FIFO_CTRL_I/Addr_Counters[0].FDRE_I/D
                            (rising edge-triggered cell FDRE clocked by clk_out1_clk_wiz_0  {rise@0.000ns fall@12.500ns period=25.000ns})
  Path Group:             (none)
  Path Type:              Setup (Max at Slow Process Corner)
  Data Path Delay:        3.449ns  (logic 0.585ns (16.963%)  route 2.864ns (83.037%))
  Logic Levels:           5  (CARRY8=1 LUT2=1 LUT4=1 LUT5=2)
  Clock Uncertainty:      0.151ns  ((TSJ^2 + DJ^2)^1/2) / 2 + PE
    Total System Jitter     (TSJ):    0.050ns
    Discrete Jitter          (DJ):    0.127ns
    Phase Error              (PE):    0.083ns
  Clock Net Delay (Destination): 1.057ns (routing 0.170ns, distribution 0.887ns)

    Location             Delay type                Incr(ns)  Path(ns)    Netlist Resource(s)
  -------------------------------------------------------------------    -------------------
    MMCM_X0Y1            MMCME4_ADV                   0.000     0.000 f  CLOCK_GEN_INST/CLOCKING/inst/mmcme4_adv_inst/LOCKED
                         net (fo=327, routed)         1.497     1.497    DUT/U0/X_IIC/X_AXI_IPIF_SSP1/X_SOFT_RESET/s_axi_aresetn
    SLICE_X12Y78         LUT2 (Prop_H6LUT_SLICEL_I1_O)
                                                      0.149     1.646 r  DUT/U0/X_IIC/X_AXI_IPIF_SSP1/X_SOFT_RESET/GPO_GEN.gpo_i[31]_i_1/O
                         net (fo=149, routed)         0.637     2.283    DUT/U0/X_IIC/REG_INTERFACE_I/Bus2IIC_Reset
    SLICE_X13Y67         LUT4 (Prop_D5LUT_SLICEM_I2_O)
                                                      0.167     2.450 r  DUT/U0/X_IIC/REG_INTERFACE_I/Data_Exists_DFF_i_2/O
                         net (fo=3, routed)           0.289     2.739    DUT/U0/X_IIC/WRITE_FIFO_CTRL_I/Addr_Counters[0].MUXCY_L_I_0
    SLICE_X13Y67         LUT5 (Prop_B6LUT_SLICEM_I0_O)
                                                      0.100     2.839 r  DUT/U0/X_IIC/WRITE_FIFO_CTRL_I/Addr_Counters[0].MUXCY_L_I_i_3/O
                         net (fo=4, routed)           0.174     3.013    DUT/U0/X_IIC/WRITE_FIFO_CTRL_I/Addr_Counters[0].MUXCY_L_I_i_3_n_0
    SLICE_X12Y67         LUT5 (Prop_G6LUT_SLICEL_I0_O)
                                                      0.100     3.113 r  DUT/U0/X_IIC/WRITE_FIFO_CTRL_I/Addr_Counters[0].MUXCY_L_I_i_1/O
                         net (fo=1, routed)           0.237     3.350    DUT/U0/X_IIC/WRITE_FIFO_CTRL_I/S
    SLICE_X12Y67         CARRY8 (Prop_CARRY8_SLICEL_S[0]_O[0])
                                                      0.069     3.419 r  DUT/U0/X_IIC/WRITE_FIFO_CTRL_I/Addr_Counters[0].MUXCY_L_I_CARRY4_CARRY8/O[0]
                         net (fo=1, routed)           0.030     3.449    DUT/U0/X_IIC/WRITE_FIFO_CTRL_I/sum_A_3
    SLICE_X12Y67         FDRE                                         r  DUT/U0/X_IIC/WRITE_FIFO_CTRL_I/Addr_Counters[0].FDRE_I/D
  -------------------------------------------------------------------    -------------------

                         (clock clk_out1_clk_wiz_0 rise edge)
                                                      0.000     0.000 r  
    L17                                               0.000     0.000 r  clk_in1_p (IN)
                         net (fo=0)                   0.079     0.079    CLOCK_GEN_INST/CLOCKING/inst/clkin1_ibufds/I
    HPIOBDIFFINBUF_X0Y37 DIFFINBUF (Prop_DIFFINBUF_HPIOBDIFFINBUF_DIFF_IN_P_O)
                                                      0.347     0.426 r  CLOCK_GEN_INST/CLOCKING/inst/clkin1_ibufds/DIFFINBUF_INST/O
                         net (fo=1, routed)           0.040     0.466    CLOCK_GEN_INST/CLOCKING/inst/clkin1_ibufds/OUT
    L17                  IBUFCTRL (Prop_IBUFCTRL_HPIOB_M_I_O)
                                                      0.000     0.466 r  CLOCK_GEN_INST/CLOCKING/inst/clkin1_ibufds/IBUFCTRL_INST/O
                         net (fo=1, routed)           0.351     0.817    CLOCK_GEN_INST/CLOCKING/inst/clk_in1_clk_wiz_0
    MMCM_X0Y1            MMCME4_ADV (Prop_MMCM_CLKIN1_CLKOUT0)
                                                      0.644     1.461 r  CLOCK_GEN_INST/CLOCKING/inst/mmcme4_adv_inst/CLKOUT0
                         net (fo=1, routed)           0.227     1.688    CLOCK_GEN_INST/CLOCKING/inst/clk_out1_clk_wiz_0
    BUFGCE_X0Y32         BUFGCE (Prop_BUFCE_BUFGCE_I_O)
                                                      0.024     1.712 r  CLOCK_GEN_INST/CLOCKING/inst/clkout1_buf/O
    X0Y1 (CLOCK_ROOT)    net (fo=855, routed)         1.057     2.769    DUT/U0/X_IIC/WRITE_FIFO_CTRL_I/s_axi_aclk
    SLICE_X12Y67         FDRE                                         r  DUT/U0/X_IIC/WRITE_FIFO_CTRL_I/Addr_Counters[0].FDRE_I/C

Slack:                    inf
  Source:                 CLOCK_GEN_INST/CLOCKING/inst/mmcme4_adv_inst/LOCKED
                            (internal pin)
  Destination:            DUT/U0/X_IIC/WRITE_FIFO_CTRL_I/FIFO_RAM[0].SRL16E_I/CE
                            (rising edge-triggered cell SRL16E clocked by clk_out1_clk_wiz_0  {rise@0.000ns fall@12.500ns period=25.000ns})
  Path Group:             (none)
  Path Type:              Setup (Max at Slow Process Corner)
  Data Path Delay:        2.992ns  (logic 0.465ns (15.540%)  route 2.527ns (84.460%))
  Logic Levels:           3  (LUT2=1 LUT4=1 LUT6=1)
  Clock Uncertainty:      0.151ns  ((TSJ^2 + DJ^2)^1/2) / 2 + PE
    Total System Jitter     (TSJ):    0.050ns
    Discrete Jitter          (DJ):    0.127ns
    Phase Error              (PE):    0.083ns
  Clock Net Delay (Destination): 1.096ns (routing 0.170ns, distribution 0.926ns)

    Location             Delay type                Incr(ns)  Path(ns)    Netlist Resource(s)
  -------------------------------------------------------------------    -------------------
    MMCM_X0Y1            MMCME4_ADV                   0.000     0.000 f  CLOCK_GEN_INST/CLOCKING/inst/mmcme4_adv_inst/LOCKED
                         net (fo=327, routed)         1.497     1.497    DUT/U0/X_IIC/X_AXI_IPIF_SSP1/X_SOFT_RESET/s_axi_aresetn
    SLICE_X12Y78         LUT2 (Prop_H6LUT_SLICEL_I1_O)
                                                      0.149     1.646 r  DUT/U0/X_IIC/X_AXI_IPIF_SSP1/X_SOFT_RESET/GPO_GEN.gpo_i[31]_i_1/O
                         net (fo=149, routed)         0.637     2.283    DUT/U0/X_IIC/REG_INTERFACE_I/Bus2IIC_Reset
    SLICE_X13Y67         LUT4 (Prop_D5LUT_SLICEM_I2_O)
                                                      0.167     2.450 r  DUT/U0/X_IIC/REG_INTERFACE_I/Data_Exists_DFF_i_2/O
                         net (fo=3, routed)           0.222     2.672    DUT/U0/X_IIC/WRITE_FIFO_CTRL_I/Addr_Counters[0].MUXCY_L_I_0
    SLICE_X12Y67         LUT6 (Prop_H6LUT_SLICEL_I0_O)
                                                      0.149     2.821 r  DUT/U0/X_IIC/WRITE_FIFO_CTRL_I/Addr_Counters[0].MUXCY_L_I_i_2/O
                         net (fo=3, routed)           0.171     2.992    DUT/U0/X_IIC/WRITE_FIFO_CTRL_I/CI
    SLICE_X11Y67         SRL16E                                       r  DUT/U0/X_IIC/WRITE_FIFO_CTRL_I/FIFO_RAM[0].SRL16E_I/CE
  -------------------------------------------------------------------    -------------------

                         (clock clk_out1_clk_wiz_0 rise edge)
                                                      0.000     0.000 r  
    L17                                               0.000     0.000 r  clk_in1_p (IN)
                         net (fo=0)                   0.079     0.079    CLOCK_GEN_INST/CLOCKING/inst/clkin1_ibufds/I
    HPIOBDIFFINBUF_X0Y37 DIFFINBUF (Prop_DIFFINBUF_HPIOBDIFFINBUF_DIFF_IN_P_O)
                                                      0.347     0.426 r  CLOCK_GEN_INST/CLOCKING/inst/clkin1_ibufds/DIFFINBUF_INST/O
                         net (fo=1, routed)           0.040     0.466    CLOCK_GEN_INST/CLOCKING/inst/clkin1_ibufds/OUT
    L17                  IBUFCTRL (Prop_IBUFCTRL_HPIOB_M_I_O)
                                                      0.000     0.466 r  CLOCK_GEN_INST/CLOCKING/inst/clkin1_ibufds/IBUFCTRL_INST/O
                         net (fo=1, routed)           0.351     0.817    CLOCK_GEN_INST/CLOCKING/inst/clk_in1_clk_wiz_0
    MMCM_X0Y1            MMCME4_ADV (Prop_MMCM_CLKIN1_CLKOUT0)
                                                      0.644     1.461 r  CLOCK_GEN_INST/CLOCKING/inst/mmcme4_adv_inst/CLKOUT0
                         net (fo=1, routed)           0.227     1.688    CLOCK_GEN_INST/CLOCKING/inst/clk_out1_clk_wiz_0
    BUFGCE_X0Y32         BUFGCE (Prop_BUFCE_BUFGCE_I_O)
                                                      0.024     1.712 r  CLOCK_GEN_INST/CLOCKING/inst/clkout1_buf/O
    X0Y1 (CLOCK_ROOT)    net (fo=855, routed)         1.096     2.808    DUT/U0/X_IIC/WRITE_FIFO_CTRL_I/s_axi_aclk
    SLICE_X11Y67         SRL16E                                       r  DUT/U0/X_IIC/WRITE_FIFO_CTRL_I/FIFO_RAM[0].SRL16E_I/CLK

Slack:                    inf
  Source:                 CLOCK_GEN_INST/CLOCKING/inst/mmcme4_adv_inst/LOCKED
                            (internal pin)
  Destination:            DUT/U0/X_IIC/WRITE_FIFO_CTRL_I/FIFO_RAM[1].SRL16E_I/CE
                            (rising edge-triggered cell SRL16E clocked by clk_out1_clk_wiz_0  {rise@0.000ns fall@12.500ns period=25.000ns})
  Path Group:             (none)
  Path Type:              Setup (Max at Slow Process Corner)
  Data Path Delay:        2.992ns  (logic 0.465ns (15.540%)  route 2.527ns (84.460%))
  Logic Levels:           3  (LUT2=1 LUT4=1 LUT6=1)
  Clock Uncertainty:      0.151ns  ((TSJ^2 + DJ^2)^1/2) / 2 + PE
    Total System Jitter     (TSJ):    0.050ns
    Discrete Jitter          (DJ):    0.127ns
    Phase Error              (PE):    0.083ns
  Clock Net Delay (Destination): 1.096ns (routing 0.170ns, distribution 0.926ns)

    Location             Delay type                Incr(ns)  Path(ns)    Netlist Resource(s)
  -------------------------------------------------------------------    -------------------
    MMCM_X0Y1            MMCME4_ADV                   0.000     0.000 f  CLOCK_GEN_INST/CLOCKING/inst/mmcme4_adv_inst/LOCKED
                         net (fo=327, routed)         1.497     1.497    DUT/U0/X_IIC/X_AXI_IPIF_SSP1/X_SOFT_RESET/s_axi_aresetn
    SLICE_X12Y78         LUT2 (Prop_H6LUT_SLICEL_I1_O)
                                                      0.149     1.646 r  DUT/U0/X_IIC/X_AXI_IPIF_SSP1/X_SOFT_RESET/GPO_GEN.gpo_i[31]_i_1/O
                         net (fo=149, routed)         0.637     2.283    DUT/U0/X_IIC/REG_INTERFACE_I/Bus2IIC_Reset
    SLICE_X13Y67         LUT4 (Prop_D5LUT_SLICEM_I2_O)
                                                      0.167     2.450 r  DUT/U0/X_IIC/REG_INTERFACE_I/Data_Exists_DFF_i_2/O
                         net (fo=3, routed)           0.222     2.672    DUT/U0/X_IIC/WRITE_FIFO_CTRL_I/Addr_Counters[0].MUXCY_L_I_0
    SLICE_X12Y67         LUT6 (Prop_H6LUT_SLICEL_I0_O)
                                                      0.149     2.821 r  DUT/U0/X_IIC/WRITE_FIFO_CTRL_I/Addr_Counters[0].MUXCY_L_I_i_2/O
                         net (fo=3, routed)           0.171     2.992    DUT/U0/X_IIC/WRITE_FIFO_CTRL_I/CI
    SLICE_X11Y67         SRL16E                                       r  DUT/U0/X_IIC/WRITE_FIFO_CTRL_I/FIFO_RAM[1].SRL16E_I/CE
  -------------------------------------------------------------------    -------------------

                         (clock clk_out1_clk_wiz_0 rise edge)
                                                      0.000     0.000 r  
    L17                                               0.000     0.000 r  clk_in1_p (IN)
                         net (fo=0)                   0.079     0.079    CLOCK_GEN_INST/CLOCKING/inst/clkin1_ibufds/I
    HPIOBDIFFINBUF_X0Y37 DIFFINBUF (Prop_DIFFINBUF_HPIOBDIFFINBUF_DIFF_IN_P_O)
                                                      0.347     0.426 r  CLOCK_GEN_INST/CLOCKING/inst/clkin1_ibufds/DIFFINBUF_INST/O
                         net (fo=1, routed)           0.040     0.466    CLOCK_GEN_INST/CLOCKING/inst/clkin1_ibufds/OUT
    L17                  IBUFCTRL (Prop_IBUFCTRL_HPIOB_M_I_O)
                                                      0.000     0.466 r  CLOCK_GEN_INST/CLOCKING/inst/clkin1_ibufds/IBUFCTRL_INST/O
                         net (fo=1, routed)           0.351     0.817    CLOCK_GEN_INST/CLOCKING/inst/clk_in1_clk_wiz_0
    MMCM_X0Y1            MMCME4_ADV (Prop_MMCM_CLKIN1_CLKOUT0)
                                                      0.644     1.461 r  CLOCK_GEN_INST/CLOCKING/inst/mmcme4_adv_inst/CLKOUT0
                         net (fo=1, routed)           0.227     1.688    CLOCK_GEN_INST/CLOCKING/inst/clk_out1_clk_wiz_0
    BUFGCE_X0Y32         BUFGCE (Prop_BUFCE_BUFGCE_I_O)
                                                      0.024     1.712 r  CLOCK_GEN_INST/CLOCKING/inst/clkout1_buf/O
    X0Y1 (CLOCK_ROOT)    net (fo=855, routed)         1.096     2.808    DUT/U0/X_IIC/WRITE_FIFO_CTRL_I/s_axi_aclk
    SLICE_X11Y67         SRL16E                                       r  DUT/U0/X_IIC/WRITE_FIFO_CTRL_I/FIFO_RAM[1].SRL16E_I/CLK

Slack:                    inf
  Source:                 CLOCK_GEN_INST/CLOCKING/inst/mmcme4_adv_inst/LOCKED
                            (internal pin)
  Destination:            DUT/U0/X_IIC/WRITE_FIFO_CTRL_I/Data_Exists_DFF/D
                            (rising edge-triggered cell FDRE clocked by clk_out1_clk_wiz_0  {rise@0.000ns fall@12.500ns period=25.000ns})
  Path Group:             (none)
  Path Type:              Setup (Max at Slow Process Corner)
  Data Path Delay:        2.874ns  (logic 0.429ns (14.929%)  route 2.445ns (85.071%))
  Logic Levels:           3  (LUT2=1 LUT4=1 LUT6=1)
  Clock Uncertainty:      0.151ns  ((TSJ^2 + DJ^2)^1/2) / 2 + PE
    Total System Jitter     (TSJ):    0.050ns
    Discrete Jitter          (DJ):    0.127ns
    Phase Error              (PE):    0.083ns
  Clock Net Delay (Destination): 1.049ns (routing 0.170ns, distribution 0.879ns)

    Location             Delay type                Incr(ns)  Path(ns)    Netlist Resource(s)
  -------------------------------------------------------------------    -------------------
    MMCM_X0Y1            MMCME4_ADV                   0.000     0.000 f  CLOCK_GEN_INST/CLOCKING/inst/mmcme4_adv_inst/LOCKED
                         net (fo=327, routed)         1.497     1.497    DUT/U0/X_IIC/X_AXI_IPIF_SSP1/X_SOFT_RESET/s_axi_aresetn
    SLICE_X12Y78         LUT2 (Prop_H6LUT_SLICEL_I1_O)
                                                      0.149     1.646 r  DUT/U0/X_IIC/X_AXI_IPIF_SSP1/X_SOFT_RESET/GPO_GEN.gpo_i[31]_i_1/O
                         net (fo=149, routed)         0.637     2.283    DUT/U0/X_IIC/REG_INTERFACE_I/Bus2IIC_Reset
    SLICE_X13Y67         LUT4 (Prop_D5LUT_SLICEM_I2_O)
                                                      0.167     2.450 r  DUT/U0/X_IIC/REG_INTERFACE_I/Data_Exists_DFF_i_2/O
                         net (fo=3, routed)           0.234     2.684    DUT/U0/X_IIC/REG_INTERFACE_I/Tx_fifo_wr_d_reg
    SLICE_X13Y67         LUT6 (Prop_C6LUT_SLICEM_I0_O)
                                                      0.113     2.797 r  DUT/U0/X_IIC/REG_INTERFACE_I/Data_Exists_DFF_i_1/O
                         net (fo=1, routed)           0.077     2.874    DUT/U0/X_IIC/WRITE_FIFO_CTRL_I/D
    SLICE_X13Y67         FDRE                                         r  DUT/U0/X_IIC/WRITE_FIFO_CTRL_I/Data_Exists_DFF/D
  -------------------------------------------------------------------    -------------------

                         (clock clk_out1_clk_wiz_0 rise edge)
                                                      0.000     0.000 r  
    L17                                               0.000     0.000 r  clk_in1_p (IN)
                         net (fo=0)                   0.079     0.079    CLOCK_GEN_INST/CLOCKING/inst/clkin1_ibufds/I
    HPIOBDIFFINBUF_X0Y37 DIFFINBUF (Prop_DIFFINBUF_HPIOBDIFFINBUF_DIFF_IN_P_O)
                                                      0.347     0.426 r  CLOCK_GEN_INST/CLOCKING/inst/clkin1_ibufds/DIFFINBUF_INST/O
                         net (fo=1, routed)           0.040     0.466    CLOCK_GEN_INST/CLOCKING/inst/clkin1_ibufds/OUT
    L17                  IBUFCTRL (Prop_IBUFCTRL_HPIOB_M_I_O)
                                                      0.000     0.466 r  CLOCK_GEN_INST/CLOCKING/inst/clkin1_ibufds/IBUFCTRL_INST/O
                         net (fo=1, routed)           0.351     0.817    CLOCK_GEN_INST/CLOCKING/inst/clk_in1_clk_wiz_0
    MMCM_X0Y1            MMCME4_ADV (Prop_MMCM_CLKIN1_CLKOUT0)
                                                      0.644     1.461 r  CLOCK_GEN_INST/CLOCKING/inst/mmcme4_adv_inst/CLKOUT0
                         net (fo=1, routed)           0.227     1.688    CLOCK_GEN_INST/CLOCKING/inst/clk_out1_clk_wiz_0
    BUFGCE_X0Y32         BUFGCE (Prop_BUFCE_BUFGCE_I_O)
                                                      0.024     1.712 r  CLOCK_GEN_INST/CLOCKING/inst/clkout1_buf/O
    X0Y1 (CLOCK_ROOT)    net (fo=855, routed)         1.049     2.761    DUT/U0/X_IIC/WRITE_FIFO_CTRL_I/s_axi_aclk
    SLICE_X13Y67         FDRE                                         r  DUT/U0/X_IIC/WRITE_FIFO_CTRL_I/Data_Exists_DFF/C

Slack:                    inf
  Source:                 CLOCK_GEN_INST/CLOCKING/inst/mmcme4_adv_inst/LOCKED
                            (internal pin)
  Destination:            DUT/U0/X_IIC/REG_INTERFACE_I/timing_param_thigh_i_reg[5]/R
                            (rising edge-triggered cell FDRE clocked by clk_out1_clk_wiz_0  {rise@0.000ns fall@12.500ns period=25.000ns})
  Path Group:             (none)
  Path Type:              Setup (Max at Slow Process Corner)
  Data Path Delay:        2.786ns  (logic 0.149ns (5.348%)  route 2.637ns (94.652%))
  Logic Levels:           1  (LUT2=1)
  Clock Uncertainty:      0.151ns  ((TSJ^2 + DJ^2)^1/2) / 2 + PE
    Total System Jitter     (TSJ):    0.050ns
    Discrete Jitter          (DJ):    0.127ns
    Phase Error              (PE):    0.083ns
  Clock Net Delay (Destination): 1.051ns (routing 0.170ns, distribution 0.881ns)

    Location             Delay type                Incr(ns)  Path(ns)    Netlist Resource(s)
  -------------------------------------------------------------------    -------------------
    MMCM_X0Y1            MMCME4_ADV                   0.000     0.000 f  CLOCK_GEN_INST/CLOCKING/inst/mmcme4_adv_inst/LOCKED
                         net (fo=327, routed)         1.497     1.497    DUT/U0/X_IIC/X_AXI_IPIF_SSP1/X_SOFT_RESET/s_axi_aresetn
    SLICE_X12Y78         LUT2 (Prop_H6LUT_SLICEL_I1_O)
                                                      0.149     1.646 r  DUT/U0/X_IIC/X_AXI_IPIF_SSP1/X_SOFT_RESET/GPO_GEN.gpo_i[31]_i_1/O
                         net (fo=149, routed)         1.140     2.786    DUT/U0/X_IIC/REG_INTERFACE_I/Bus2IIC_Reset
    SLICE_X7Y69          FDRE                                         r  DUT/U0/X_IIC/REG_INTERFACE_I/timing_param_thigh_i_reg[5]/R
  -------------------------------------------------------------------    -------------------

                         (clock clk_out1_clk_wiz_0 rise edge)
                                                      0.000     0.000 r  
    L17                                               0.000     0.000 r  clk_in1_p (IN)
                         net (fo=0)                   0.079     0.079    CLOCK_GEN_INST/CLOCKING/inst/clkin1_ibufds/I
    HPIOBDIFFINBUF_X0Y37 DIFFINBUF (Prop_DIFFINBUF_HPIOBDIFFINBUF_DIFF_IN_P_O)
                                                      0.347     0.426 r  CLOCK_GEN_INST/CLOCKING/inst/clkin1_ibufds/DIFFINBUF_INST/O
                         net (fo=1, routed)           0.040     0.466    CLOCK_GEN_INST/CLOCKING/inst/clkin1_ibufds/OUT
    L17                  IBUFCTRL (Prop_IBUFCTRL_HPIOB_M_I_O)
                                                      0.000     0.466 r  CLOCK_GEN_INST/CLOCKING/inst/clkin1_ibufds/IBUFCTRL_INST/O
                         net (fo=1, routed)           0.351     0.817    CLOCK_GEN_INST/CLOCKING/inst/clk_in1_clk_wiz_0
    MMCM_X0Y1            MMCME4_ADV (Prop_MMCM_CLKIN1_CLKOUT0)
                                                      0.644     1.461 r  CLOCK_GEN_INST/CLOCKING/inst/mmcme4_adv_inst/CLKOUT0
                         net (fo=1, routed)           0.227     1.688    CLOCK_GEN_INST/CLOCKING/inst/clk_out1_clk_wiz_0
    BUFGCE_X0Y32         BUFGCE (Prop_BUFCE_BUFGCE_I_O)
                                                      0.024     1.712 r  CLOCK_GEN_INST/CLOCKING/inst/clkout1_buf/O
    X0Y1 (CLOCK_ROOT)    net (fo=855, routed)         1.051     2.763    DUT/U0/X_IIC/REG_INTERFACE_I/s_axi_aclk
    SLICE_X7Y69          FDRE                                         r  DUT/U0/X_IIC/REG_INTERFACE_I/timing_param_thigh_i_reg[5]/C

Slack:                    inf
  Source:                 CLOCK_GEN_INST/CLOCKING/inst/mmcme4_adv_inst/LOCKED
                            (internal pin)
  Destination:            DUT/U0/X_IIC/REG_INTERFACE_I/timing_param_tsudat_i_reg[5]/R
                            (rising edge-triggered cell FDRE clocked by clk_out1_clk_wiz_0  {rise@0.000ns fall@12.500ns period=25.000ns})
  Path Group:             (none)
  Path Type:              Setup (Max at Slow Process Corner)
  Data Path Delay:        2.786ns  (logic 0.149ns (5.348%)  route 2.637ns (94.652%))
  Logic Levels:           1  (LUT2=1)
  Clock Uncertainty:      0.151ns  ((TSJ^2 + DJ^2)^1/2) / 2 + PE
    Total System Jitter     (TSJ):    0.050ns
    Discrete Jitter          (DJ):    0.127ns
    Phase Error              (PE):    0.083ns
  Clock Net Delay (Destination): 1.051ns (routing 0.170ns, distribution 0.881ns)

    Location             Delay type                Incr(ns)  Path(ns)    Netlist Resource(s)
  -------------------------------------------------------------------    -------------------
    MMCM_X0Y1            MMCME4_ADV                   0.000     0.000 f  CLOCK_GEN_INST/CLOCKING/inst/mmcme4_adv_inst/LOCKED
                         net (fo=327, routed)         1.497     1.497    DUT/U0/X_IIC/X_AXI_IPIF_SSP1/X_SOFT_RESET/s_axi_aresetn
    SLICE_X12Y78         LUT2 (Prop_H6LUT_SLICEL_I1_O)
                                                      0.149     1.646 r  DUT/U0/X_IIC/X_AXI_IPIF_SSP1/X_SOFT_RESET/GPO_GEN.gpo_i[31]_i_1/O
                         net (fo=149, routed)         1.140     2.786    DUT/U0/X_IIC/REG_INTERFACE_I/Bus2IIC_Reset
    SLICE_X7Y69          FDRE                                         r  DUT/U0/X_IIC/REG_INTERFACE_I/timing_param_tsudat_i_reg[5]/R
  -------------------------------------------------------------------    -------------------

                         (clock clk_out1_clk_wiz_0 rise edge)
                                                      0.000     0.000 r  
    L17                                               0.000     0.000 r  clk_in1_p (IN)
                         net (fo=0)                   0.079     0.079    CLOCK_GEN_INST/CLOCKING/inst/clkin1_ibufds/I
    HPIOBDIFFINBUF_X0Y37 DIFFINBUF (Prop_DIFFINBUF_HPIOBDIFFINBUF_DIFF_IN_P_O)
                                                      0.347     0.426 r  CLOCK_GEN_INST/CLOCKING/inst/clkin1_ibufds/DIFFINBUF_INST/O
                         net (fo=1, routed)           0.040     0.466    CLOCK_GEN_INST/CLOCKING/inst/clkin1_ibufds/OUT
    L17                  IBUFCTRL (Prop_IBUFCTRL_HPIOB_M_I_O)
                                                      0.000     0.466 r  CLOCK_GEN_INST/CLOCKING/inst/clkin1_ibufds/IBUFCTRL_INST/O
                         net (fo=1, routed)           0.351     0.817    CLOCK_GEN_INST/CLOCKING/inst/clk_in1_clk_wiz_0
    MMCM_X0Y1            MMCME4_ADV (Prop_MMCM_CLKIN1_CLKOUT0)
                                                      0.644     1.461 r  CLOCK_GEN_INST/CLOCKING/inst/mmcme4_adv_inst/CLKOUT0
                         net (fo=1, routed)           0.227     1.688    CLOCK_GEN_INST/CLOCKING/inst/clk_out1_clk_wiz_0
    BUFGCE_X0Y32         BUFGCE (Prop_BUFCE_BUFGCE_I_O)
                                                      0.024     1.712 r  CLOCK_GEN_INST/CLOCKING/inst/clkout1_buf/O
    X0Y1 (CLOCK_ROOT)    net (fo=855, routed)         1.051     2.763    DUT/U0/X_IIC/REG_INTERFACE_I/s_axi_aclk
    SLICE_X7Y69          FDRE                                         r  DUT/U0/X_IIC/REG_INTERFACE_I/timing_param_tsudat_i_reg[5]/C

Slack:                    inf
  Source:                 CLOCK_GEN_INST/CLOCKING/inst/mmcme4_adv_inst/LOCKED
                            (internal pin)
  Destination:            DUT/U0/X_IIC/REG_INTERFACE_I/timing_param_tsusto_i_reg[0]/R
                            (rising edge-triggered cell FDRE clocked by clk_out1_clk_wiz_0  {rise@0.000ns fall@12.500ns period=25.000ns})
  Path Group:             (none)
  Path Type:              Setup (Max at Slow Process Corner)
  Data Path Delay:        2.784ns  (logic 0.149ns (5.352%)  route 2.635ns (94.648%))
  Logic Levels:           1  (LUT2=1)
  Clock Uncertainty:      0.151ns  ((TSJ^2 + DJ^2)^1/2) / 2 + PE
    Total System Jitter     (TSJ):    0.050ns
    Discrete Jitter          (DJ):    0.127ns
    Phase Error              (PE):    0.083ns
  Clock Net Delay (Destination): 1.051ns (routing 0.170ns, distribution 0.881ns)

    Location             Delay type                Incr(ns)  Path(ns)    Netlist Resource(s)
  -------------------------------------------------------------------    -------------------
    MMCM_X0Y1            MMCME4_ADV                   0.000     0.000 f  CLOCK_GEN_INST/CLOCKING/inst/mmcme4_adv_inst/LOCKED
                         net (fo=327, routed)         1.497     1.497    DUT/U0/X_IIC/X_AXI_IPIF_SSP1/X_SOFT_RESET/s_axi_aresetn
    SLICE_X12Y78         LUT2 (Prop_H6LUT_SLICEL_I1_O)
                                                      0.149     1.646 r  DUT/U0/X_IIC/X_AXI_IPIF_SSP1/X_SOFT_RESET/GPO_GEN.gpo_i[31]_i_1/O
                         net (fo=149, routed)         1.138     2.784    DUT/U0/X_IIC/REG_INTERFACE_I/Bus2IIC_Reset
    SLICE_X7Y69          FDRE                                         r  DUT/U0/X_IIC/REG_INTERFACE_I/timing_param_tsusto_i_reg[0]/R
  -------------------------------------------------------------------    -------------------

                         (clock clk_out1_clk_wiz_0 rise edge)
                                                      0.000     0.000 r  
    L17                                               0.000     0.000 r  clk_in1_p (IN)
                         net (fo=0)                   0.079     0.079    CLOCK_GEN_INST/CLOCKING/inst/clkin1_ibufds/I
    HPIOBDIFFINBUF_X0Y37 DIFFINBUF (Prop_DIFFINBUF_HPIOBDIFFINBUF_DIFF_IN_P_O)
                                                      0.347     0.426 r  CLOCK_GEN_INST/CLOCKING/inst/clkin1_ibufds/DIFFINBUF_INST/O
                         net (fo=1, routed)           0.040     0.466    CLOCK_GEN_INST/CLOCKING/inst/clkin1_ibufds/OUT
    L17                  IBUFCTRL (Prop_IBUFCTRL_HPIOB_M_I_O)
                                                      0.000     0.466 r  CLOCK_GEN_INST/CLOCKING/inst/clkin1_ibufds/IBUFCTRL_INST/O
                         net (fo=1, routed)           0.351     0.817    CLOCK_GEN_INST/CLOCKING/inst/clk_in1_clk_wiz_0
    MMCM_X0Y1            MMCME4_ADV (Prop_MMCM_CLKIN1_CLKOUT0)
                                                      0.644     1.461 r  CLOCK_GEN_INST/CLOCKING/inst/mmcme4_adv_inst/CLKOUT0
                         net (fo=1, routed)           0.227     1.688    CLOCK_GEN_INST/CLOCKING/inst/clk_out1_clk_wiz_0
    BUFGCE_X0Y32         BUFGCE (Prop_BUFCE_BUFGCE_I_O)
                                                      0.024     1.712 r  CLOCK_GEN_INST/CLOCKING/inst/clkout1_buf/O
    X0Y1 (CLOCK_ROOT)    net (fo=855, routed)         1.051     2.763    DUT/U0/X_IIC/REG_INTERFACE_I/s_axi_aclk
    SLICE_X7Y69          FDRE                                         r  DUT/U0/X_IIC/REG_INTERFACE_I/timing_param_tsusto_i_reg[0]/C





Min Delay Paths
--------------------------------------------------------------------------------------
Slack:                    inf
  Source:                 CLOCK_GEN_INST/CLOCKING/inst/mmcme4_adv_inst/LOCKED
                            (internal pin)
  Destination:            ATG1/inst/ATG_MODE_SYSTEM_INIT_TEST.systeminit_top/static_mrdwr/araddr_m_reg[3]/R
                            (rising edge-triggered cell FDRE clocked by clk_out1_clk_wiz_0  {rise@0.000ns fall@12.500ns period=25.000ns})
  Path Group:             (none)
  Path Type:              Hold (Min at Fast Process Corner)
  Data Path Delay:        0.430ns  (logic 0.000ns (0.000%)  route 0.430ns (100.000%))
  Logic Levels:           0  
  Clock Uncertainty:      0.151ns  ((TSJ^2 + DJ^2)^1/2) / 2 + PE
    Total System Jitter     (TSJ):    0.050ns
    Discrete Jitter          (DJ):    0.127ns
    Phase Error              (PE):    0.083ns
  Clock Net Delay (Destination): 0.685ns (routing 0.108ns, distribution 0.577ns)

    Location             Delay type                Incr(ns)  Path(ns)    Netlist Resource(s)
  -------------------------------------------------------------------    -------------------
    MMCM_X0Y1            MMCME4_ADV                   0.000     0.000 f  CLOCK_GEN_INST/CLOCKING/inst/mmcme4_adv_inst/LOCKED
                         net (fo=327, routed)         0.430     0.430    ATG1/inst/ATG_MODE_SYSTEM_INIT_TEST.systeminit_top/static_mrdwr/s_axi_aresetn
    SLICE_X6Y77          FDRE                                         r  ATG1/inst/ATG_MODE_SYSTEM_INIT_TEST.systeminit_top/static_mrdwr/araddr_m_reg[3]/R  (IS_INVERTED)
  -------------------------------------------------------------------    -------------------

                         (clock clk_out1_clk_wiz_0 rise edge)
                                                      0.000     0.000 r  
    L17                                               0.000     0.000 r  clk_in1_p (IN)
                         net (fo=0)                   0.100     0.100    CLOCK_GEN_INST/CLOCKING/inst/clkin1_ibufds/I
    HPIOBDIFFINBUF_X0Y37 DIFFINBUF (Prop_DIFFINBUF_HPIOBDIFFINBUF_DIFF_IN_P_O)
                                                      0.291     0.391 r  CLOCK_GEN_INST/CLOCKING/inst/clkin1_ibufds/DIFFINBUF_INST/O
                         net (fo=1, routed)           0.050     0.441    CLOCK_GEN_INST/CLOCKING/inst/clkin1_ibufds/OUT
    L17                  IBUFCTRL (Prop_IBUFCTRL_HPIOB_M_I_O)
                                                      0.000     0.441 r  CLOCK_GEN_INST/CLOCKING/inst/clkin1_ibufds/IBUFCTRL_INST/O
                         net (fo=1, routed)           0.222     0.663    CLOCK_GEN_INST/CLOCKING/inst/clk_in1_clk_wiz_0
    MMCM_X0Y1            MMCME4_ADV (Prop_MMCM_CLKIN1_CLKOUT0)
                                                     -0.295     0.368 r  CLOCK_GEN_INST/CLOCKING/inst/mmcme4_adv_inst/CLKOUT0
                         net (fo=1, routed)           0.165     0.533    CLOCK_GEN_INST/CLOCKING/inst/clk_out1_clk_wiz_0
    BUFGCE_X0Y32         BUFGCE (Prop_BUFCE_BUFGCE_I_O)
                                                      0.019     0.552 r  CLOCK_GEN_INST/CLOCKING/inst/clkout1_buf/O
    X0Y1 (CLOCK_ROOT)    net (fo=855, routed)         0.685     1.237    ATG1/inst/ATG_MODE_SYSTEM_INIT_TEST.systeminit_top/static_mrdwr/s_axi_aclk
    SLICE_X6Y77          FDRE                                         r  ATG1/inst/ATG_MODE_SYSTEM_INIT_TEST.systeminit_top/static_mrdwr/araddr_m_reg[3]/C

Slack:                    inf
  Source:                 CLOCK_GEN_INST/CLOCKING/inst/mmcme4_adv_inst/LOCKED
                            (internal pin)
  Destination:            ATG1/inst/ATG_MODE_SYSTEM_INIT_TEST.systeminit_top/static_mrdwr/awaddr_m_reg[3]/R
                            (rising edge-triggered cell FDRE clocked by clk_out1_clk_wiz_0  {rise@0.000ns fall@12.500ns period=25.000ns})
  Path Group:             (none)
  Path Type:              Hold (Min at Fast Process Corner)
  Data Path Delay:        0.430ns  (logic 0.000ns (0.000%)  route 0.430ns (100.000%))
  Logic Levels:           0  
  Clock Uncertainty:      0.151ns  ((TSJ^2 + DJ^2)^1/2) / 2 + PE
    Total System Jitter     (TSJ):    0.050ns
    Discrete Jitter          (DJ):    0.127ns
    Phase Error              (PE):    0.083ns
  Clock Net Delay (Destination): 0.685ns (routing 0.108ns, distribution 0.577ns)

    Location             Delay type                Incr(ns)  Path(ns)    Netlist Resource(s)
  -------------------------------------------------------------------    -------------------
    MMCM_X0Y1            MMCME4_ADV                   0.000     0.000 f  CLOCK_GEN_INST/CLOCKING/inst/mmcme4_adv_inst/LOCKED
                         net (fo=327, routed)         0.430     0.430    ATG1/inst/ATG_MODE_SYSTEM_INIT_TEST.systeminit_top/static_mrdwr/s_axi_aresetn
    SLICE_X6Y77          FDRE                                         r  ATG1/inst/ATG_MODE_SYSTEM_INIT_TEST.systeminit_top/static_mrdwr/awaddr_m_reg[3]/R  (IS_INVERTED)
  -------------------------------------------------------------------    -------------------

                         (clock clk_out1_clk_wiz_0 rise edge)
                                                      0.000     0.000 r  
    L17                                               0.000     0.000 r  clk_in1_p (IN)
                         net (fo=0)                   0.100     0.100    CLOCK_GEN_INST/CLOCKING/inst/clkin1_ibufds/I
    HPIOBDIFFINBUF_X0Y37 DIFFINBUF (Prop_DIFFINBUF_HPIOBDIFFINBUF_DIFF_IN_P_O)
                                                      0.291     0.391 r  CLOCK_GEN_INST/CLOCKING/inst/clkin1_ibufds/DIFFINBUF_INST/O
                         net (fo=1, routed)           0.050     0.441    CLOCK_GEN_INST/CLOCKING/inst/clkin1_ibufds/OUT
    L17                  IBUFCTRL (Prop_IBUFCTRL_HPIOB_M_I_O)
                                                      0.000     0.441 r  CLOCK_GEN_INST/CLOCKING/inst/clkin1_ibufds/IBUFCTRL_INST/O
                         net (fo=1, routed)           0.222     0.663    CLOCK_GEN_INST/CLOCKING/inst/clk_in1_clk_wiz_0
    MMCM_X0Y1            MMCME4_ADV (Prop_MMCM_CLKIN1_CLKOUT0)
                                                     -0.295     0.368 r  CLOCK_GEN_INST/CLOCKING/inst/mmcme4_adv_inst/CLKOUT0
                         net (fo=1, routed)           0.165     0.533    CLOCK_GEN_INST/CLOCKING/inst/clk_out1_clk_wiz_0
    BUFGCE_X0Y32         BUFGCE (Prop_BUFCE_BUFGCE_I_O)
                                                      0.019     0.552 r  CLOCK_GEN_INST/CLOCKING/inst/clkout1_buf/O
    X0Y1 (CLOCK_ROOT)    net (fo=855, routed)         0.685     1.237    ATG1/inst/ATG_MODE_SYSTEM_INIT_TEST.systeminit_top/static_mrdwr/s_axi_aclk
    SLICE_X6Y77          FDRE                                         r  ATG1/inst/ATG_MODE_SYSTEM_INIT_TEST.systeminit_top/static_mrdwr/awaddr_m_reg[3]/C

Slack:                    inf
  Source:                 CLOCK_GEN_INST/CLOCKING/inst/mmcme4_adv_inst/LOCKED
                            (internal pin)
  Destination:            DUT/U0/X_IIC/X_AXI_IPIF_SSP1/X_SOFT_RESET/RESET_FLOPS[0].RST_FLOPS/R
                            (rising edge-triggered cell FDRE clocked by clk_out1_clk_wiz_0  {rise@0.000ns fall@12.500ns period=25.000ns})
  Path Group:             (none)
  Path Type:              Hold (Min at Fast Process Corner)
  Data Path Delay:        0.445ns  (logic 0.000ns (0.000%)  route 0.445ns (100.000%))
  Logic Levels:           0  
  Clock Uncertainty:      0.151ns  ((TSJ^2 + DJ^2)^1/2) / 2 + PE
    Total System Jitter     (TSJ):    0.050ns
    Discrete Jitter          (DJ):    0.127ns
    Phase Error              (PE):    0.083ns
  Clock Net Delay (Destination): 0.698ns (routing 0.108ns, distribution 0.590ns)

    Location             Delay type                Incr(ns)  Path(ns)    Netlist Resource(s)
  -------------------------------------------------------------------    -------------------
    MMCM_X0Y1            MMCME4_ADV                   0.000     0.000 f  CLOCK_GEN_INST/CLOCKING/inst/mmcme4_adv_inst/LOCKED
                         net (fo=327, routed)         0.445     0.445    DUT/U0/X_IIC/X_AXI_IPIF_SSP1/X_SOFT_RESET/s_axi_aresetn
    SLICE_X13Y78         FDRE                                         r  DUT/U0/X_IIC/X_AXI_IPIF_SSP1/X_SOFT_RESET/RESET_FLOPS[0].RST_FLOPS/R  (IS_INVERTED)
  -------------------------------------------------------------------    -------------------

                         (clock clk_out1_clk_wiz_0 rise edge)
                                                      0.000     0.000 r  
    L17                                               0.000     0.000 r  clk_in1_p (IN)
                         net (fo=0)                   0.100     0.100    CLOCK_GEN_INST/CLOCKING/inst/clkin1_ibufds/I
    HPIOBDIFFINBUF_X0Y37 DIFFINBUF (Prop_DIFFINBUF_HPIOBDIFFINBUF_DIFF_IN_P_O)
                                                      0.291     0.391 r  CLOCK_GEN_INST/CLOCKING/inst/clkin1_ibufds/DIFFINBUF_INST/O
                         net (fo=1, routed)           0.050     0.441    CLOCK_GEN_INST/CLOCKING/inst/clkin1_ibufds/OUT
    L17                  IBUFCTRL (Prop_IBUFCTRL_HPIOB_M_I_O)
                                                      0.000     0.441 r  CLOCK_GEN_INST/CLOCKING/inst/clkin1_ibufds/IBUFCTRL_INST/O
                         net (fo=1, routed)           0.222     0.663    CLOCK_GEN_INST/CLOCKING/inst/clk_in1_clk_wiz_0
    MMCM_X0Y1            MMCME4_ADV (Prop_MMCM_CLKIN1_CLKOUT0)
                                                     -0.295     0.368 r  CLOCK_GEN_INST/CLOCKING/inst/mmcme4_adv_inst/CLKOUT0
                         net (fo=1, routed)           0.165     0.533    CLOCK_GEN_INST/CLOCKING/inst/clk_out1_clk_wiz_0
    BUFGCE_X0Y32         BUFGCE (Prop_BUFCE_BUFGCE_I_O)
                                                      0.019     0.552 r  CLOCK_GEN_INST/CLOCKING/inst/clkout1_buf/O
    X0Y1 (CLOCK_ROOT)    net (fo=855, routed)         0.698     1.251    DUT/U0/X_IIC/X_AXI_IPIF_SSP1/X_SOFT_RESET/s_axi_aclk
    SLICE_X13Y78         FDRE                                         r  DUT/U0/X_IIC/X_AXI_IPIF_SSP1/X_SOFT_RESET/RESET_FLOPS[0].RST_FLOPS/C

Slack:                    inf
  Source:                 CLOCK_GEN_INST/CLOCKING/inst/mmcme4_adv_inst/LOCKED
                            (internal pin)
  Destination:            DUT/U0/X_IIC/X_AXI_IPIF_SSP1/X_SOFT_RESET/sw_rst_cond_d1_reg/R
                            (rising edge-triggered cell FDRE clocked by clk_out1_clk_wiz_0  {rise@0.000ns fall@12.500ns period=25.000ns})
  Path Group:             (none)
  Path Type:              Hold (Min at Fast Process Corner)
  Data Path Delay:        0.445ns  (logic 0.000ns (0.000%)  route 0.445ns (100.000%))
  Logic Levels:           0  
  Clock Uncertainty:      0.151ns  ((TSJ^2 + DJ^2)^1/2) / 2 + PE
    Total System Jitter     (TSJ):    0.050ns
    Discrete Jitter          (DJ):    0.127ns
    Phase Error              (PE):    0.083ns
  Clock Net Delay (Destination): 0.698ns (routing 0.108ns, distribution 0.590ns)

    Location             Delay type                Incr(ns)  Path(ns)    Netlist Resource(s)
  -------------------------------------------------------------------    -------------------
    MMCM_X0Y1            MMCME4_ADV                   0.000     0.000 f  CLOCK_GEN_INST/CLOCKING/inst/mmcme4_adv_inst/LOCKED
                         net (fo=327, routed)         0.445     0.445    DUT/U0/X_IIC/X_AXI_IPIF_SSP1/X_SOFT_RESET/s_axi_aresetn
    SLICE_X13Y78         FDRE                                         r  DUT/U0/X_IIC/X_AXI_IPIF_SSP1/X_SOFT_RESET/sw_rst_cond_d1_reg/R  (IS_INVERTED)
  -------------------------------------------------------------------    -------------------

                         (clock clk_out1_clk_wiz_0 rise edge)
                                                      0.000     0.000 r  
    L17                                               0.000     0.000 r  clk_in1_p (IN)
                         net (fo=0)                   0.100     0.100    CLOCK_GEN_INST/CLOCKING/inst/clkin1_ibufds/I
    HPIOBDIFFINBUF_X0Y37 DIFFINBUF (Prop_DIFFINBUF_HPIOBDIFFINBUF_DIFF_IN_P_O)
                                                      0.291     0.391 r  CLOCK_GEN_INST/CLOCKING/inst/clkin1_ibufds/DIFFINBUF_INST/O
                         net (fo=1, routed)           0.050     0.441    CLOCK_GEN_INST/CLOCKING/inst/clkin1_ibufds/OUT
    L17                  IBUFCTRL (Prop_IBUFCTRL_HPIOB_M_I_O)
                                                      0.000     0.441 r  CLOCK_GEN_INST/CLOCKING/inst/clkin1_ibufds/IBUFCTRL_INST/O
                         net (fo=1, routed)           0.222     0.663    CLOCK_GEN_INST/CLOCKING/inst/clk_in1_clk_wiz_0
    MMCM_X0Y1            MMCME4_ADV (Prop_MMCM_CLKIN1_CLKOUT0)
                                                     -0.295     0.368 r  CLOCK_GEN_INST/CLOCKING/inst/mmcme4_adv_inst/CLKOUT0
                         net (fo=1, routed)           0.165     0.533    CLOCK_GEN_INST/CLOCKING/inst/clk_out1_clk_wiz_0
    BUFGCE_X0Y32         BUFGCE (Prop_BUFCE_BUFGCE_I_O)
                                                      0.019     0.552 r  CLOCK_GEN_INST/CLOCKING/inst/clkout1_buf/O
    X0Y1 (CLOCK_ROOT)    net (fo=855, routed)         0.698     1.251    DUT/U0/X_IIC/X_AXI_IPIF_SSP1/X_SOFT_RESET/s_axi_aclk
    SLICE_X13Y78         FDRE                                         r  DUT/U0/X_IIC/X_AXI_IPIF_SSP1/X_SOFT_RESET/sw_rst_cond_d1_reg/C

Slack:                    inf
  Source:                 CLOCK_GEN_INST/CLOCKING/inst/mmcme4_adv_inst/LOCKED
                            (internal pin)
  Destination:            DUT/U0/X_IIC/X_AXI_IPIF_SSP1/X_SOFT_RESET/RESET_FLOPS[1].RST_FLOPS/R
                            (rising edge-triggered cell FDRE clocked by clk_out1_clk_wiz_0  {rise@0.000ns fall@12.500ns period=25.000ns})
  Path Group:             (none)
  Path Type:              Hold (Min at Fast Process Corner)
  Data Path Delay:        0.446ns  (logic 0.000ns (0.000%)  route 0.446ns (100.000%))
  Logic Levels:           0  
  Clock Uncertainty:      0.151ns  ((TSJ^2 + DJ^2)^1/2) / 2 + PE
    Total System Jitter     (TSJ):    0.050ns
    Discrete Jitter          (DJ):    0.127ns
    Phase Error              (PE):    0.083ns
  Clock Net Delay (Destination): 0.699ns (routing 0.108ns, distribution 0.591ns)

    Location             Delay type                Incr(ns)  Path(ns)    Netlist Resource(s)
  -------------------------------------------------------------------    -------------------
    MMCM_X0Y1            MMCME4_ADV                   0.000     0.000 f  CLOCK_GEN_INST/CLOCKING/inst/mmcme4_adv_inst/LOCKED
                         net (fo=327, routed)         0.446     0.446    DUT/U0/X_IIC/X_AXI_IPIF_SSP1/X_SOFT_RESET/s_axi_aresetn
    SLICE_X13Y78         FDRE                                         r  DUT/U0/X_IIC/X_AXI_IPIF_SSP1/X_SOFT_RESET/RESET_FLOPS[1].RST_FLOPS/R  (IS_INVERTED)
  -------------------------------------------------------------------    -------------------

                         (clock clk_out1_clk_wiz_0 rise edge)
                                                      0.000     0.000 r  
    L17                                               0.000     0.000 r  clk_in1_p (IN)
                         net (fo=0)                   0.100     0.100    CLOCK_GEN_INST/CLOCKING/inst/clkin1_ibufds/I
    HPIOBDIFFINBUF_X0Y37 DIFFINBUF (Prop_DIFFINBUF_HPIOBDIFFINBUF_DIFF_IN_P_O)
                                                      0.291     0.391 r  CLOCK_GEN_INST/CLOCKING/inst/clkin1_ibufds/DIFFINBUF_INST/O
                         net (fo=1, routed)           0.050     0.441    CLOCK_GEN_INST/CLOCKING/inst/clkin1_ibufds/OUT
    L17                  IBUFCTRL (Prop_IBUFCTRL_HPIOB_M_I_O)
                                                      0.000     0.441 r  CLOCK_GEN_INST/CLOCKING/inst/clkin1_ibufds/IBUFCTRL_INST/O
                         net (fo=1, routed)           0.222     0.663    CLOCK_GEN_INST/CLOCKING/inst/clk_in1_clk_wiz_0
    MMCM_X0Y1            MMCME4_ADV (Prop_MMCM_CLKIN1_CLKOUT0)
                                                     -0.295     0.368 r  CLOCK_GEN_INST/CLOCKING/inst/mmcme4_adv_inst/CLKOUT0
                         net (fo=1, routed)           0.165     0.533    CLOCK_GEN_INST/CLOCKING/inst/clk_out1_clk_wiz_0
    BUFGCE_X0Y32         BUFGCE (Prop_BUFCE_BUFGCE_I_O)
                                                      0.019     0.552 r  CLOCK_GEN_INST/CLOCKING/inst/clkout1_buf/O
    X0Y1 (CLOCK_ROOT)    net (fo=855, routed)         0.699     1.252    DUT/U0/X_IIC/X_AXI_IPIF_SSP1/X_SOFT_RESET/s_axi_aclk
    SLICE_X13Y78         FDRE                                         r  DUT/U0/X_IIC/X_AXI_IPIF_SSP1/X_SOFT_RESET/RESET_FLOPS[1].RST_FLOPS/C

Slack:                    inf
  Source:                 CLOCK_GEN_INST/CLOCKING/inst/mmcme4_adv_inst/LOCKED
                            (internal pin)
  Destination:            DUT/U0/X_IIC/X_AXI_IPIF_SSP1/X_SOFT_RESET/RESET_FLOPS[2].RST_FLOPS/R
                            (rising edge-triggered cell FDRE clocked by clk_out1_clk_wiz_0  {rise@0.000ns fall@12.500ns period=25.000ns})
  Path Group:             (none)
  Path Type:              Hold (Min at Fast Process Corner)
  Data Path Delay:        0.446ns  (logic 0.000ns (0.000%)  route 0.446ns (100.000%))
  Logic Levels:           0  
  Clock Uncertainty:      0.151ns  ((TSJ^2 + DJ^2)^1/2) / 2 + PE
    Total System Jitter     (TSJ):    0.050ns
    Discrete Jitter          (DJ):    0.127ns
    Phase Error              (PE):    0.083ns
  Clock Net Delay (Destination): 0.699ns (routing 0.108ns, distribution 0.591ns)

    Location             Delay type                Incr(ns)  Path(ns)    Netlist Resource(s)
  -------------------------------------------------------------------    -------------------
    MMCM_X0Y1            MMCME4_ADV                   0.000     0.000 f  CLOCK_GEN_INST/CLOCKING/inst/mmcme4_adv_inst/LOCKED
                         net (fo=327, routed)         0.446     0.446    DUT/U0/X_IIC/X_AXI_IPIF_SSP1/X_SOFT_RESET/s_axi_aresetn
    SLICE_X13Y78         FDRE                                         r  DUT/U0/X_IIC/X_AXI_IPIF_SSP1/X_SOFT_RESET/RESET_FLOPS[2].RST_FLOPS/R  (IS_INVERTED)
  -------------------------------------------------------------------    -------------------

                         (clock clk_out1_clk_wiz_0 rise edge)
                                                      0.000     0.000 r  
    L17                                               0.000     0.000 r  clk_in1_p (IN)
                         net (fo=0)                   0.100     0.100    CLOCK_GEN_INST/CLOCKING/inst/clkin1_ibufds/I
    HPIOBDIFFINBUF_X0Y37 DIFFINBUF (Prop_DIFFINBUF_HPIOBDIFFINBUF_DIFF_IN_P_O)
                                                      0.291     0.391 r  CLOCK_GEN_INST/CLOCKING/inst/clkin1_ibufds/DIFFINBUF_INST/O
                         net (fo=1, routed)           0.050     0.441    CLOCK_GEN_INST/CLOCKING/inst/clkin1_ibufds/OUT
    L17                  IBUFCTRL (Prop_IBUFCTRL_HPIOB_M_I_O)
                                                      0.000     0.441 r  CLOCK_GEN_INST/CLOCKING/inst/clkin1_ibufds/IBUFCTRL_INST/O
                         net (fo=1, routed)           0.222     0.663    CLOCK_GEN_INST/CLOCKING/inst/clk_in1_clk_wiz_0
    MMCM_X0Y1            MMCME4_ADV (Prop_MMCM_CLKIN1_CLKOUT0)
                                                     -0.295     0.368 r  CLOCK_GEN_INST/CLOCKING/inst/mmcme4_adv_inst/CLKOUT0
                         net (fo=1, routed)           0.165     0.533    CLOCK_GEN_INST/CLOCKING/inst/clk_out1_clk_wiz_0
    BUFGCE_X0Y32         BUFGCE (Prop_BUFCE_BUFGCE_I_O)
                                                      0.019     0.552 r  CLOCK_GEN_INST/CLOCKING/inst/clkout1_buf/O
    X0Y1 (CLOCK_ROOT)    net (fo=855, routed)         0.699     1.252    DUT/U0/X_IIC/X_AXI_IPIF_SSP1/X_SOFT_RESET/s_axi_aclk
    SLICE_X13Y78         FDRE                                         r  DUT/U0/X_IIC/X_AXI_IPIF_SSP1/X_SOFT_RESET/RESET_FLOPS[2].RST_FLOPS/C

Slack:                    inf
  Source:                 CLOCK_GEN_INST/CLOCKING/inst/mmcme4_adv_inst/LOCKED
                            (internal pin)
  Destination:            DUT/U0/X_IIC/X_AXI_IPIF_SSP1/X_SOFT_RESET/RESET_FLOPS[3].RST_FLOPS/R
                            (rising edge-triggered cell FDRE clocked by clk_out1_clk_wiz_0  {rise@0.000ns fall@12.500ns period=25.000ns})
  Path Group:             (none)
  Path Type:              Hold (Min at Fast Process Corner)
  Data Path Delay:        0.446ns  (logic 0.000ns (0.000%)  route 0.446ns (100.000%))
  Logic Levels:           0  
  Clock Uncertainty:      0.151ns  ((TSJ^2 + DJ^2)^1/2) / 2 + PE
    Total System Jitter     (TSJ):    0.050ns
    Discrete Jitter          (DJ):    0.127ns
    Phase Error              (PE):    0.083ns
  Clock Net Delay (Destination): 0.699ns (routing 0.108ns, distribution 0.591ns)

    Location             Delay type                Incr(ns)  Path(ns)    Netlist Resource(s)
  -------------------------------------------------------------------    -------------------
    MMCM_X0Y1            MMCME4_ADV                   0.000     0.000 f  CLOCK_GEN_INST/CLOCKING/inst/mmcme4_adv_inst/LOCKED
                         net (fo=327, routed)         0.446     0.446    DUT/U0/X_IIC/X_AXI_IPIF_SSP1/X_SOFT_RESET/s_axi_aresetn
    SLICE_X13Y78         FDRE                                         r  DUT/U0/X_IIC/X_AXI_IPIF_SSP1/X_SOFT_RESET/RESET_FLOPS[3].RST_FLOPS/R  (IS_INVERTED)
  -------------------------------------------------------------------    -------------------

                         (clock clk_out1_clk_wiz_0 rise edge)
                                                      0.000     0.000 r  
    L17                                               0.000     0.000 r  clk_in1_p (IN)
                         net (fo=0)                   0.100     0.100    CLOCK_GEN_INST/CLOCKING/inst/clkin1_ibufds/I
    HPIOBDIFFINBUF_X0Y37 DIFFINBUF (Prop_DIFFINBUF_HPIOBDIFFINBUF_DIFF_IN_P_O)
                                                      0.291     0.391 r  CLOCK_GEN_INST/CLOCKING/inst/clkin1_ibufds/DIFFINBUF_INST/O
                         net (fo=1, routed)           0.050     0.441    CLOCK_GEN_INST/CLOCKING/inst/clkin1_ibufds/OUT
    L17                  IBUFCTRL (Prop_IBUFCTRL_HPIOB_M_I_O)
                                                      0.000     0.441 r  CLOCK_GEN_INST/CLOCKING/inst/clkin1_ibufds/IBUFCTRL_INST/O
                         net (fo=1, routed)           0.222     0.663    CLOCK_GEN_INST/CLOCKING/inst/clk_in1_clk_wiz_0
    MMCM_X0Y1            MMCME4_ADV (Prop_MMCM_CLKIN1_CLKOUT0)
                                                     -0.295     0.368 r  CLOCK_GEN_INST/CLOCKING/inst/mmcme4_adv_inst/CLKOUT0
                         net (fo=1, routed)           0.165     0.533    CLOCK_GEN_INST/CLOCKING/inst/clk_out1_clk_wiz_0
    BUFGCE_X0Y32         BUFGCE (Prop_BUFCE_BUFGCE_I_O)
                                                      0.019     0.552 r  CLOCK_GEN_INST/CLOCKING/inst/clkout1_buf/O
    X0Y1 (CLOCK_ROOT)    net (fo=855, routed)         0.699     1.252    DUT/U0/X_IIC/X_AXI_IPIF_SSP1/X_SOFT_RESET/s_axi_aclk
    SLICE_X13Y78         FDRE                                         r  DUT/U0/X_IIC/X_AXI_IPIF_SSP1/X_SOFT_RESET/RESET_FLOPS[3].RST_FLOPS/C

Slack:                    inf
  Source:                 CLOCK_GEN_INST/CLOCKING/inst/mmcme4_adv_inst/LOCKED
                            (internal pin)
  Destination:            DUT/U0/X_IIC/X_AXI_IPIF_SSP1/X_SOFT_RESET/reset_trig_reg/R
                            (rising edge-triggered cell FDRE clocked by clk_out1_clk_wiz_0  {rise@0.000ns fall@12.500ns period=25.000ns})
  Path Group:             (none)
  Path Type:              Hold (Min at Fast Process Corner)
  Data Path Delay:        0.446ns  (logic 0.000ns (0.000%)  route 0.446ns (100.000%))
  Logic Levels:           0  
  Clock Uncertainty:      0.151ns  ((TSJ^2 + DJ^2)^1/2) / 2 + PE
    Total System Jitter     (TSJ):    0.050ns
    Discrete Jitter          (DJ):    0.127ns
    Phase Error              (PE):    0.083ns
  Clock Net Delay (Destination): 0.699ns (routing 0.108ns, distribution 0.591ns)

    Location             Delay type                Incr(ns)  Path(ns)    Netlist Resource(s)
  -------------------------------------------------------------------    -------------------
    MMCM_X0Y1            MMCME4_ADV                   0.000     0.000 f  CLOCK_GEN_INST/CLOCKING/inst/mmcme4_adv_inst/LOCKED
                         net (fo=327, routed)         0.446     0.446    DUT/U0/X_IIC/X_AXI_IPIF_SSP1/X_SOFT_RESET/s_axi_aresetn
    SLICE_X13Y78         FDRE                                         r  DUT/U0/X_IIC/X_AXI_IPIF_SSP1/X_SOFT_RESET/reset_trig_reg/R  (IS_INVERTED)
  -------------------------------------------------------------------    -------------------

                         (clock clk_out1_clk_wiz_0 rise edge)
                                                      0.000     0.000 r  
    L17                                               0.000     0.000 r  clk_in1_p (IN)
                         net (fo=0)                   0.100     0.100    CLOCK_GEN_INST/CLOCKING/inst/clkin1_ibufds/I
    HPIOBDIFFINBUF_X0Y37 DIFFINBUF (Prop_DIFFINBUF_HPIOBDIFFINBUF_DIFF_IN_P_O)
                                                      0.291     0.391 r  CLOCK_GEN_INST/CLOCKING/inst/clkin1_ibufds/DIFFINBUF_INST/O
                         net (fo=1, routed)           0.050     0.441    CLOCK_GEN_INST/CLOCKING/inst/clkin1_ibufds/OUT
    L17                  IBUFCTRL (Prop_IBUFCTRL_HPIOB_M_I_O)
                                                      0.000     0.441 r  CLOCK_GEN_INST/CLOCKING/inst/clkin1_ibufds/IBUFCTRL_INST/O
                         net (fo=1, routed)           0.222     0.663    CLOCK_GEN_INST/CLOCKING/inst/clk_in1_clk_wiz_0
    MMCM_X0Y1            MMCME4_ADV (Prop_MMCM_CLKIN1_CLKOUT0)
                                                     -0.295     0.368 r  CLOCK_GEN_INST/CLOCKING/inst/mmcme4_adv_inst/CLKOUT0
                         net (fo=1, routed)           0.165     0.533    CLOCK_GEN_INST/CLOCKING/inst/clk_out1_clk_wiz_0
    BUFGCE_X0Y32         BUFGCE (Prop_BUFCE_BUFGCE_I_O)
                                                      0.019     0.552 r  CLOCK_GEN_INST/CLOCKING/inst/clkout1_buf/O
    X0Y1 (CLOCK_ROOT)    net (fo=855, routed)         0.699     1.252    DUT/U0/X_IIC/X_AXI_IPIF_SSP1/X_SOFT_RESET/s_axi_aclk
    SLICE_X13Y78         FDRE                                         r  DUT/U0/X_IIC/X_AXI_IPIF_SSP1/X_SOFT_RESET/reset_trig_reg/C

Slack:                    inf
  Source:                 CLOCK_GEN_INST/CLOCKING/inst/mmcme4_adv_inst/LOCKED
                            (internal pin)
  Destination:            ATG1/inst/ATG_MODE_SYSTEM_INIT_TEST.systeminit_top/static_mrdwr/araddr_m_reg[0]/R
                            (rising edge-triggered cell FDRE clocked by clk_out1_clk_wiz_0  {rise@0.000ns fall@12.500ns period=25.000ns})
  Path Group:             (none)
  Path Type:              Hold (Min at Fast Process Corner)
  Data Path Delay:        0.473ns  (logic 0.000ns (0.000%)  route 0.473ns (100.000%))
  Logic Levels:           0  
  Clock Uncertainty:      0.151ns  ((TSJ^2 + DJ^2)^1/2) / 2 + PE
    Total System Jitter     (TSJ):    0.050ns
    Discrete Jitter          (DJ):    0.127ns
    Phase Error              (PE):    0.083ns
  Clock Net Delay (Destination): 0.685ns (routing 0.108ns, distribution 0.577ns)

    Location             Delay type                Incr(ns)  Path(ns)    Netlist Resource(s)
  -------------------------------------------------------------------    -------------------
    MMCM_X0Y1            MMCME4_ADV                   0.000     0.000 f  CLOCK_GEN_INST/CLOCKING/inst/mmcme4_adv_inst/LOCKED
                         net (fo=327, routed)         0.473     0.473    ATG1/inst/ATG_MODE_SYSTEM_INIT_TEST.systeminit_top/static_mrdwr/s_axi_aresetn
    SLICE_X6Y76          FDRE                                         r  ATG1/inst/ATG_MODE_SYSTEM_INIT_TEST.systeminit_top/static_mrdwr/araddr_m_reg[0]/R  (IS_INVERTED)
  -------------------------------------------------------------------    -------------------

                         (clock clk_out1_clk_wiz_0 rise edge)
                                                      0.000     0.000 r  
    L17                                               0.000     0.000 r  clk_in1_p (IN)
                         net (fo=0)                   0.100     0.100    CLOCK_GEN_INST/CLOCKING/inst/clkin1_ibufds/I
    HPIOBDIFFINBUF_X0Y37 DIFFINBUF (Prop_DIFFINBUF_HPIOBDIFFINBUF_DIFF_IN_P_O)
                                                      0.291     0.391 r  CLOCK_GEN_INST/CLOCKING/inst/clkin1_ibufds/DIFFINBUF_INST/O
                         net (fo=1, routed)           0.050     0.441    CLOCK_GEN_INST/CLOCKING/inst/clkin1_ibufds/OUT
    L17                  IBUFCTRL (Prop_IBUFCTRL_HPIOB_M_I_O)
                                                      0.000     0.441 r  CLOCK_GEN_INST/CLOCKING/inst/clkin1_ibufds/IBUFCTRL_INST/O
                         net (fo=1, routed)           0.222     0.663    CLOCK_GEN_INST/CLOCKING/inst/clk_in1_clk_wiz_0
    MMCM_X0Y1            MMCME4_ADV (Prop_MMCM_CLKIN1_CLKOUT0)
                                                     -0.295     0.368 r  CLOCK_GEN_INST/CLOCKING/inst/mmcme4_adv_inst/CLKOUT0
                         net (fo=1, routed)           0.165     0.533    CLOCK_GEN_INST/CLOCKING/inst/clk_out1_clk_wiz_0
    BUFGCE_X0Y32         BUFGCE (Prop_BUFCE_BUFGCE_I_O)
                                                      0.019     0.552 r  CLOCK_GEN_INST/CLOCKING/inst/clkout1_buf/O
    X0Y1 (CLOCK_ROOT)    net (fo=855, routed)         0.685     1.237    ATG1/inst/ATG_MODE_SYSTEM_INIT_TEST.systeminit_top/static_mrdwr/s_axi_aclk
    SLICE_X6Y76          FDRE                                         r  ATG1/inst/ATG_MODE_SYSTEM_INIT_TEST.systeminit_top/static_mrdwr/araddr_m_reg[0]/C

Slack:                    inf
  Source:                 CLOCK_GEN_INST/CLOCKING/inst/mmcme4_adv_inst/LOCKED
                            (internal pin)
  Destination:            ATG1/inst/ATG_MODE_SYSTEM_INIT_TEST.systeminit_top/static_mrdwr/cur_trn_addr_reg[14]/R
                            (rising edge-triggered cell FDRE clocked by clk_out1_clk_wiz_0  {rise@0.000ns fall@12.500ns period=25.000ns})
  Path Group:             (none)
  Path Type:              Hold (Min at Fast Process Corner)
  Data Path Delay:        0.473ns  (logic 0.000ns (0.000%)  route 0.473ns (100.000%))
  Logic Levels:           0  
  Clock Uncertainty:      0.151ns  ((TSJ^2 + DJ^2)^1/2) / 2 + PE
    Total System Jitter     (TSJ):    0.050ns
    Discrete Jitter          (DJ):    0.127ns
    Phase Error              (PE):    0.083ns
  Clock Net Delay (Destination): 0.685ns (routing 0.108ns, distribution 0.577ns)

    Location             Delay type                Incr(ns)  Path(ns)    Netlist Resource(s)
  -------------------------------------------------------------------    -------------------
    MMCM_X0Y1            MMCME4_ADV                   0.000     0.000 f  CLOCK_GEN_INST/CLOCKING/inst/mmcme4_adv_inst/LOCKED
                         net (fo=327, routed)         0.473     0.473    ATG1/inst/ATG_MODE_SYSTEM_INIT_TEST.systeminit_top/static_mrdwr/s_axi_aresetn
    SLICE_X6Y76          FDRE                                         r  ATG1/inst/ATG_MODE_SYSTEM_INIT_TEST.systeminit_top/static_mrdwr/cur_trn_addr_reg[14]/R  (IS_INVERTED)
  -------------------------------------------------------------------    -------------------

                         (clock clk_out1_clk_wiz_0 rise edge)
                                                      0.000     0.000 r  
    L17                                               0.000     0.000 r  clk_in1_p (IN)
                         net (fo=0)                   0.100     0.100    CLOCK_GEN_INST/CLOCKING/inst/clkin1_ibufds/I
    HPIOBDIFFINBUF_X0Y37 DIFFINBUF (Prop_DIFFINBUF_HPIOBDIFFINBUF_DIFF_IN_P_O)
                                                      0.291     0.391 r  CLOCK_GEN_INST/CLOCKING/inst/clkin1_ibufds/DIFFINBUF_INST/O
                         net (fo=1, routed)           0.050     0.441    CLOCK_GEN_INST/CLOCKING/inst/clkin1_ibufds/OUT
    L17                  IBUFCTRL (Prop_IBUFCTRL_HPIOB_M_I_O)
                                                      0.000     0.441 r  CLOCK_GEN_INST/CLOCKING/inst/clkin1_ibufds/IBUFCTRL_INST/O
                         net (fo=1, routed)           0.222     0.663    CLOCK_GEN_INST/CLOCKING/inst/clk_in1_clk_wiz_0
    MMCM_X0Y1            MMCME4_ADV (Prop_MMCM_CLKIN1_CLKOUT0)
                                                     -0.295     0.368 r  CLOCK_GEN_INST/CLOCKING/inst/mmcme4_adv_inst/CLKOUT0
                         net (fo=1, routed)           0.165     0.533    CLOCK_GEN_INST/CLOCKING/inst/clk_out1_clk_wiz_0
    BUFGCE_X0Y32         BUFGCE (Prop_BUFCE_BUFGCE_I_O)
                                                      0.019     0.552 r  CLOCK_GEN_INST/CLOCKING/inst/clkout1_buf/O
    X0Y1 (CLOCK_ROOT)    net (fo=855, routed)         0.685     1.237    ATG1/inst/ATG_MODE_SYSTEM_INIT_TEST.systeminit_top/static_mrdwr/s_axi_aclk
    SLICE_X6Y76          FDRE                                         r  ATG1/inst/ATG_MODE_SYSTEM_INIT_TEST.systeminit_top/static_mrdwr/cur_trn_addr_reg[14]/C





