#-----------------------------------------------------------
# Vivado v2022.2 (64-bit)
# SW Build 3671981 on Fri Oct 14 04:59:54 MDT 2022
# IP Build 3669848 on Fri Oct 14 08:30:02 MDT 2022
# Start of session at: Sat Aug 17 17:39:53 2024
# Process ID: 2208923
# Current directory: /home/nagafusa/work/spadi/Fakernet/SAMIDARE
# Command line: vivado
# Log file: /home/nagafusa/work/spadi/Fakernet/SAMIDARE/vivado.log
# Journal file: /home/nagafusa/work/spadi/Fakernet/SAMIDARE/vivado.jou
# Running On: e16fpga01, OS: Linux, CPU Frequency: 3000.000 MHz, CPU Physical cores: 32, Host memory: 66513 MB
#-----------------------------------------------------------
start_gui
WARNING: [Board 49-26] cannot add Board Part xilinx.com:k26c:part0:1.2 available at /opt/Xilinx/Vivado/2022.2/data/xhub/boards/XilinxBoardStore/boards/Xilinx/k26c/1.2/board.xml as part xck26-sfvc784-2lv-c specified in board_part file is either invalid or not available
WARNING: [Board 49-26] cannot add Board Part xilinx.com:k26c:part0:1.3 available at /opt/Xilinx/Vivado/2022.2/data/xhub/boards/XilinxBoardStore/boards/Xilinx/k26c/1.3/board.xml as part xck26-sfvc784-2lv-c specified in board_part file is either invalid or not available
WARNING: [Board 49-26] cannot add Board Part xilinx.com:k26c:part0:1.4 available at /opt/Xilinx/Vivado/2022.2/data/xhub/boards/XilinxBoardStore/boards/Xilinx/k26c/1.4/board.xml as part xck26-sfvc784-2lv-c specified in board_part file is either invalid or not available
WARNING: [Board 49-26] cannot add Board Part xilinx.com:k26i:part0:1.2 available at /opt/Xilinx/Vivado/2022.2/data/xhub/boards/XilinxBoardStore/boards/Xilinx/k26i/1.2/board.xml as part xck26-sfvc784-2lvi-i specified in board_part file is either invalid or not available
WARNING: [Board 49-26] cannot add Board Part xilinx.com:k26i:part0:1.3 available at /opt/Xilinx/Vivado/2022.2/data/xhub/boards/XilinxBoardStore/boards/Xilinx/k26i/1.3/board.xml as part xck26-sfvc784-2lvi-i specified in board_part file is either invalid or not available
WARNING: [Board 49-26] cannot add Board Part xilinx.com:k26i:part0:1.4 available at /opt/Xilinx/Vivado/2022.2/data/xhub/boards/XilinxBoardStore/boards/Xilinx/k26i/1.4/board.xml as part xck26-sfvc784-2lvi-i specified in board_part file is either invalid or not available
WARNING: [Board 49-26] cannot add Board Part xilinx.com:kcu105:part0:1.6 available at /opt/Xilinx/Vivado/2022.2/data/xhub/boards/XilinxBoardStore/boards/Xilinx/kcu105/1.6/board.xml as part xcku040-ffva1156-2-e specified in board_part file is either invalid or not available
WARNING: [Board 49-26] cannot add Board Part xilinx.com:kcu105:part0:1.7 available at /opt/Xilinx/Vivado/2022.2/data/xhub/boards/XilinxBoardStore/boards/Xilinx/kcu105/1.7/board.xml as part xcku040-ffva1156-2-e specified in board_part file is either invalid or not available
WARNING: [Board 49-26] cannot add Board Part xilinx.com:kcu116:part0:1.4 available at /opt/Xilinx/Vivado/2022.2/data/xhub/boards/XilinxBoardStore/boards/Xilinx/kcu116/1.4/board.xml as part xcku5p-ffvb676-2-e specified in board_part file is either invalid or not available
WARNING: [Board 49-26] cannot add Board Part xilinx.com:kcu116:part0:1.5 available at /opt/Xilinx/Vivado/2022.2/data/xhub/boards/XilinxBoardStore/boards/Xilinx/kcu116/1.5/board.xml as part xcku5p-ffvb676-2-e specified in board_part file is either invalid or not available
WARNING: [Board 49-26] cannot add Board Part xilinx.com:kcu1500:part0:1.2 available at /opt/Xilinx/Vivado/2022.2/data/xhub/boards/XilinxBoardStore/boards/Xilinx/kcu1500/1.2/board.xml as part xcku115-flvb2104-2-e specified in board_part file is either invalid or not available
WARNING: [Board 49-26] cannot add Board Part xilinx.com:kr260_som:part0:1.0 available at /opt/Xilinx/Vivado/2022.2/data/xhub/boards/XilinxBoardStore/boards/Xilinx/kr260_som/1.0/board.xml as part xck26-sfvc784-2lv-c specified in board_part file is either invalid or not available
WARNING: [Board 49-26] cannot add Board Part xilinx.com:kr260_som:part0:1.1 available at /opt/Xilinx/Vivado/2022.2/data/xhub/boards/XilinxBoardStore/boards/Xilinx/kr260_som/1.1/board.xml as part xck26-sfvc784-2lv-c specified in board_part file is either invalid or not available
WARNING: [Board 49-26] cannot add Board Part xilinx.com:kv260_som:part0:1.2 available at /opt/Xilinx/Vivado/2022.2/data/xhub/boards/XilinxBoardStore/boards/Xilinx/kv260_som/1.2/board.xml as part xck26-sfvc784-2lv-c specified in board_part file is either invalid or not available
WARNING: [Board 49-26] cannot add Board Part xilinx.com:kv260_som:part0:1.3 available at /opt/Xilinx/Vivado/2022.2/data/xhub/boards/XilinxBoardStore/boards/Xilinx/kv260_som/1.3/board.xml as part xck26-sfvc784-2lv-c specified in board_part file is either invalid or not available
WARNING: [Board 49-26] cannot add Board Part xilinx.com:kv260_som:part0:1.4 available at /opt/Xilinx/Vivado/2022.2/data/xhub/boards/XilinxBoardStore/boards/Xilinx/kv260_som/1.4/board.xml as part xck26-sfvc784-2lv-c specified in board_part file is either invalid or not available
WARNING: [Board 49-26] cannot add Board Part xilinx.com:vck190:part0:2.2 available at /opt/Xilinx/Vivado/2022.2/data/xhub/boards/XilinxBoardStore/boards/Xilinx/vck190/production/2.2/board.xml as part xcvc1902-vsva2197-2mp-e-s specified in board_part file is either invalid or not available
WARNING: [Board 49-26] cannot add Board Part xilinx.com:vck190:part0:3.0 available at /opt/Xilinx/Vivado/2022.2/data/xhub/boards/XilinxBoardStore/boards/Xilinx/vck190/production/3.0/board.xml as part xcvc1902-vsva2197-2mp-e-s specified in board_part file is either invalid or not available
WARNING: [Board 49-26] cannot add Board Part xilinx.com:vck190:part0:3.1 available at /opt/Xilinx/Vivado/2022.2/data/xhub/boards/XilinxBoardStore/boards/Xilinx/vck190/production/3.1/board.xml as part xcvc1902-vsva2197-2mp-e-s specified in board_part file is either invalid or not available
WARNING: [Board 49-26] cannot add Board Part xilinx.com:vck190_newl:part0:1.0 available at /opt/Xilinx/Vivado/2022.2/data/xhub/boards/XilinxBoardStore/boards/Xilinx/vck190_newl/production/1.0/board.xml as part xcvc1902-vsva2197-2mp-e-s specified in board_part file is either invalid or not available
WARNING: [Board 49-26] cannot add Board Part xilinx.com:vcu108:part0:1.6 available at /opt/Xilinx/Vivado/2022.2/data/xhub/boards/XilinxBoardStore/boards/Xilinx/vcu108/1.6/board.xml as part xcvu095-ffva2104-2-e specified in board_part file is either invalid or not available
WARNING: [Board 49-26] cannot add Board Part xilinx.com:vcu108:part0:1.7 available at /opt/Xilinx/Vivado/2022.2/data/xhub/boards/XilinxBoardStore/boards/Xilinx/vcu108/1.7/board.xml as part xcvu095-ffva2104-2-e specified in board_part file is either invalid or not available
WARNING: [Board 49-26] cannot add Board Part xilinx.com:vcu110:part0:1.4 available at /opt/Xilinx/Vivado/2022.2/data/xhub/boards/XilinxBoardStore/boards/Xilinx/vcu110/1.4/board.xml as part xcvu190-flgc2104-2-e specified in board_part file is either invalid or not available
WARNING: [Board 49-26] cannot add Board Part xilinx.com:vcu118:part0:2.0 available at /opt/Xilinx/Vivado/2022.2/data/xhub/boards/XilinxBoardStore/boards/Xilinx/vcu118/2.0/board.xml as part xcvu9p-flga2104-2l-e specified in board_part file is either invalid or not available
WARNING: [Board 49-26] cannot add Board Part xilinx.com:vcu118:part0:2.3 available at /opt/Xilinx/Vivado/2022.2/data/xhub/boards/XilinxBoardStore/boards/Xilinx/vcu118/2.3/board.xml as part xcvu9p-flga2104-2l-e specified in board_part file is either invalid or not available
WARNING: [Board 49-26] cannot add Board Part xilinx.com:vcu118:part0:2.4 available at /opt/Xilinx/Vivado/2022.2/data/xhub/boards/XilinxBoardStore/boards/Xilinx/vcu118/2.4/board.xml as part xcvu9p-flga2104-2l-e specified in board_part file is either invalid or not available
WARNING: [Board 49-26] cannot add Board Part xilinx.com:vcu128:part0:1.0 available at /opt/Xilinx/Vivado/2022.2/data/xhub/boards/XilinxBoardStore/boards/Xilinx/vcu128/production/1.0/board.xml as part xcvu37p-fsvh2892-2l-e specified in board_part file is either invalid or not available
WARNING: [Board 49-26] cannot add Board Part xilinx.com:vcu129:part0:1.0 available at /opt/Xilinx/Vivado/2022.2/data/xhub/boards/XilinxBoardStore/boards/Xilinx/vcu129/production/1.0/board.xml as part xcvu29p-fsga2577-2l-e specified in board_part file is either invalid or not available
WARNING: [Board 49-26] cannot add Board Part xilinx.com:vcu1525:part0:1.3 available at /opt/Xilinx/Vivado/2022.2/data/xhub/boards/XilinxBoardStore/boards/Xilinx/vcu1525/1.3/board.xml as part xcvu9p-fsgd2104-2l-e specified in board_part file is either invalid or not available
WARNING: [Board 49-26] cannot add Board Part xilinx.com:vek280_es:part0:1.0 available at /opt/Xilinx/Vivado/2022.2/data/xhub/boards/XilinxBoardStore/boards/Xilinx/vek280/es/1.0/board.xml as part xcve2802-vsvh1760-2lp-e-s-es1 specified in board_part file is either invalid or not available
WARNING: [Board 49-26] cannot add Board Part xilinx.com:vermeo_t1_mpsoc:part0:1.0 available at /opt/Xilinx/Vivado/2022.2/data/xhub/boards/XilinxBoardStore/boards/Xilinx/vermeo_t1_mpsoc/1.0/board.xml as part xczu19eg-ffvd1760-2l-e specified in board_part file is either invalid or not available
WARNING: [Board 49-26] cannot add Board Part xilinx.com:vermeo_t1_rfsoc:part0:1.0 available at /opt/Xilinx/Vivado/2022.2/data/xhub/boards/XilinxBoardStore/boards/Xilinx/vermeo_t1_rfsoc/1.0/board.xml as part xczu21dr-ffvd1156-2l-e specified in board_part file is either invalid or not available
WARNING: [Board 49-26] cannot add Board Part xilinx.com:vhk158_es:part0:1.0 available at /opt/Xilinx/Vivado/2022.2/data/xhub/boards/XilinxBoardStore/boards/Xilinx/vhk158/es/1.0/board.xml as part xcvh1582-vsva3697-2mp-e-s-es1 specified in board_part file is either invalid or not available
WARNING: [Board 49-26] cannot add Board Part xilinx.com:vmk180:part0:2.2 available at /opt/Xilinx/Vivado/2022.2/data/xhub/boards/XilinxBoardStore/boards/Xilinx/vmk180/production/2.2/board.xml as part xcvm1802-vsva2197-2mp-e-s specified in board_part file is either invalid or not available
WARNING: [Board 49-26] cannot add Board Part xilinx.com:vmk180:part0:3.0 available at /opt/Xilinx/Vivado/2022.2/data/xhub/boards/XilinxBoardStore/boards/Xilinx/vmk180/production/3.0/board.xml as part xcvm1802-vsva2197-2mp-e-s specified in board_part file is either invalid or not available
WARNING: [Board 49-26] cannot add Board Part xilinx.com:vmk180:part0:3.1 available at /opt/Xilinx/Vivado/2022.2/data/xhub/boards/XilinxBoardStore/boards/Xilinx/vmk180/production/3.1/board.xml as part xcvm1802-vsva2197-2mp-e-s specified in board_part file is either invalid or not available
WARNING: [Board 49-26] cannot add Board Part xilinx.com:vmk180_newl:part0:1.0 available at /opt/Xilinx/Vivado/2022.2/data/xhub/boards/XilinxBoardStore/boards/Xilinx/vmk180_newl/production/1.0/board.xml as part xcvm1802-vsva2197-2mp-e-s specified in board_part file is either invalid or not available
WARNING: [Board 49-26] cannot add Board Part xilinx.com:vpk120:part0:1.0 available at /opt/Xilinx/Vivado/2022.2/data/xhub/boards/XilinxBoardStore/boards/Xilinx/vpk120/production/1.0/board.xml as part xcvp1202-vsva2785-2mp-e-s specified in board_part file is either invalid or not available
WARNING: [Board 49-26] cannot add Board Part xilinx.com:vpk120_es:part0:1.2 available at /opt/Xilinx/Vivado/2022.2/data/xhub/boards/XilinxBoardStore/boards/Xilinx/vpk120/es/1.2/board.xml as part xcvp1202-vsva2785-2mp-e-s-es1 specified in board_part file is either invalid or not available
WARNING: [Board 49-26] cannot add Board Part xilinx.com:vpk120_es_revb:part0:1.0 available at /opt/Xilinx/Vivado/2022.2/data/xhub/boards/XilinxBoardStore/boards/Xilinx/vpk120_revb/es/1.0/board.xml as part xcvp1202-vsva2785-2mp-e-s-es1 specified in board_part file is either invalid or not available
WARNING: [Board 49-26] cannot add Board Part xilinx.com:vpk180_es:part0:1.0 available at /opt/Xilinx/Vivado/2022.2/data/xhub/boards/XilinxBoardStore/boards/Xilinx/vpk180/es/1.0/board.xml as part xcvp1802-lsvc4072-2mp-e-s-es1 specified in board_part file is either invalid or not available
WARNING: [Board 49-26] cannot add Board Part xilinx.com:zc702:part0:1.4 available at /opt/Xilinx/Vivado/2022.2/data/xhub/boards/XilinxBoardStore/boards/Xilinx/zc702/1.4/board.xml as part xc7z020clg484-1 specified in board_part file is either invalid or not available
WARNING: [Board 49-26] cannot add Board Part xilinx.com:zc706:part0:1.4 available at /opt/Xilinx/Vivado/2022.2/data/xhub/boards/XilinxBoardStore/boards/Xilinx/zc706/1.4/board.xml as part xc7z045ffg900-2 specified in board_part file is either invalid or not available
WARNING: [Board 49-26] cannot add Board Part xilinx.com:zcu102:part0:3.3 available at /opt/Xilinx/Vivado/2022.2/data/xhub/boards/XilinxBoardStore/boards/Xilinx/zcu102/3.3/board.xml as part xczu9eg-ffvb1156-2-e specified in board_part file is either invalid or not available
WARNING: [Board 49-26] cannot add Board Part xilinx.com:zcu102:part0:3.4 available at /opt/Xilinx/Vivado/2022.2/data/xhub/boards/XilinxBoardStore/boards/Xilinx/zcu102/3.4/board.xml as part xczu9eg-ffvb1156-2-e specified in board_part file is either invalid or not available
WARNING: [Board 49-26] cannot add Board Part xilinx.com:zcu104:part0:1.1 available at /opt/Xilinx/Vivado/2022.2/data/xhub/boards/XilinxBoardStore/boards/Xilinx/zcu104/1.1/board.xml as part xczu7ev-ffvc1156-2-e specified in board_part file is either invalid or not available
WARNING: [Board 49-26] cannot add Board Part xilinx.com:zcu106:part0:2.4 available at /opt/Xilinx/Vivado/2022.2/data/xhub/boards/XilinxBoardStore/boards/Xilinx/zcu106/2.4/board.xml as part xczu7ev-ffvc1156-2-e specified in board_part file is either invalid or not available
WARNING: [Board 49-26] cannot add Board Part xilinx.com:zcu106:part0:2.5 available at /opt/Xilinx/Vivado/2022.2/data/xhub/boards/XilinxBoardStore/boards/Xilinx/zcu106/2.5/board.xml as part xczu7ev-ffvc1156-2-e specified in board_part file is either invalid or not available
WARNING: [Board 49-26] cannot add Board Part xilinx.com:zcu106:part0:2.6 available at /opt/Xilinx/Vivado/2022.2/data/xhub/boards/XilinxBoardStore/boards/Xilinx/zcu106/2.6/board.xml as part xczu7ev-ffvc1156-2-e specified in board_part file is either invalid or not available
WARNING: [Board 49-26] cannot add Board Part xilinx.com:zcu111:part0:1.2 available at /opt/Xilinx/Vivado/2022.2/data/xhub/boards/XilinxBoardStore/boards/Xilinx/zcu111/1.2/board.xml as part xczu28dr-ffvg1517-2-e specified in board_part file is either invalid or not available
WARNING: [Board 49-26] cannot add Board Part xilinx.com:zcu111:part0:1.3 available at /opt/Xilinx/Vivado/2022.2/data/xhub/boards/XilinxBoardStore/boards/Xilinx/zcu111/1.3/board.xml as part xczu28dr-ffvg1517-2-e specified in board_part file is either invalid or not available
WARNING: [Board 49-26] cannot add Board Part xilinx.com:zcu111:part0:1.4 available at /opt/Xilinx/Vivado/2022.2/data/xhub/boards/XilinxBoardStore/boards/Xilinx/zcu111/1.4/board.xml as part xczu28dr-ffvg1517-2-e specified in board_part file is either invalid or not available
WARNING: [Board 49-26] cannot add Board Part xilinx.com:zcu1275:part0:1.0 available at /opt/Xilinx/Vivado/2022.2/data/xhub/boards/XilinxBoardStore/boards/Xilinx/zcu1275/1.0/board.xml as part xczu29dr-ffvf1760-2-e specified in board_part file is either invalid or not available
WARNING: [Board 49-26] cannot add Board Part xilinx.com:zcu1285:part0:1.0 available at /opt/Xilinx/Vivado/2022.2/data/xhub/boards/XilinxBoardStore/boards/Xilinx/zcu1285/1.0/board.xml as part xczu39dr-ffvf1760-2-i specified in board_part file is either invalid or not available
WARNING: [Board 49-26] cannot add Board Part xilinx.com:zcu208:part0:2.0 available at /opt/Xilinx/Vivado/2022.2/data/xhub/boards/XilinxBoardStore/boards/Xilinx/zcu208/production/2.0/board.xml as part xczu48dr-fsvg1517-2-e specified in board_part file is either invalid or not available
WARNING: [Board 49-26] cannot add Board Part xilinx.com:zcu208ld:part0:2.0 available at /opt/Xilinx/Vivado/2022.2/data/xhub/boards/XilinxBoardStore/boards/Xilinx/zcu208ld/production/2.0/board.xml as part xczu58dr-fsvg1517-2-i specified in board_part file is either invalid or not available
WARNING: [Board 49-26] cannot add Board Part xilinx.com:zcu216:part0:2.0 available at /opt/Xilinx/Vivado/2022.2/data/xhub/boards/XilinxBoardStore/boards/Xilinx/zcu216/production/2.0/board.xml as part xczu49dr-ffvf1760-2-e specified in board_part file is either invalid or not available
WARNING: [Board 49-26] cannot add Board Part xilinx.com:zcu216ld:part0:2.0 available at /opt/Xilinx/Vivado/2022.2/data/xhub/boards/XilinxBoardStore/boards/Xilinx/zcu216ld/production/2.0/board.xml as part xczu59dr-ffvf1760-2-i specified in board_part file is either invalid or not available
WARNING: [Board 49-26] cannot add Board Part xilinx.com:zcu670:part0:2.0 available at /opt/Xilinx/Vivado/2022.2/data/xhub/boards/XilinxBoardStore/boards/Xilinx/zcu670/2.0/board.xml as part xczu67dr-fsve1156-2-i specified in board_part file is either invalid or not available
WARNING: [Board 49-26] cannot add Board Part xilinx.com:zcu670ld:part0:1.0 available at /opt/Xilinx/Vivado/2022.2/data/xhub/boards/XilinxBoardStore/boards/Xilinx/zcu670ld/1.0/board.xml as part xczu57dr-fsve1156-2-i specified in board_part file is either invalid or not available
open_project /home/nagafusa/work/spadi/Fakernet/SAMIDARE/samidare.xpr
WARNING: [filemgmt 56-3] IP Repository Path: Could not find the directory '/home/nagafusa/work/spadi/Fakernet/ip_repo/I2C_controller_1_0'.
WARNING: [filemgmt 56-3] IP Repository Path: Could not find the directory '/home/nagafusa/work/spadi/Fakernet/ip_repo/I2C_controller_1_0'.
Scanning sources...
Finished scanning sources
INFO: [IP_Flow 19-234] Refreshing IP repositories
INFO: [IP_Flow 19-1700] Loaded user IP repository '/home/nagafusa/work/spadi/Fakernet/ip_repo/I2C_Controller_1_0'.
INFO: [IP_Flow 19-1700] Loaded user IP repository '/home/nagafusa/work/spadi/Fakernet/ip_repo/start_i2c_write_1_0'.
WARNING: [IP_Flow 19-2248] Failed to load user IP repository '/home/nagafusa/work/spadi/Fakernet/ip_repo/I2C_controller_1_0'; Can't find the specified path.
If this directory should no longer be in your list of user repositories, go to the IP Settings dialog and remove it.
WARNING: [IP_Flow 19-2207] Repository '/home/nagafusa/work/spadi/Fakernet/ip_repo/I2C_controller_1_0' already exists; ignoring attempt to add it again.
WARNING: [IP_Flow 19-2248] Failed to load user IP repository '/home/nagafusa/work/spadi/Fakernet/ip_repo/I2C_controller_1_0'; Can't find the specified path.
If this directory should no longer be in your list of user repositories, go to the IP Settings dialog and remove it.
INFO: [IP_Flow 19-2313] Loaded Vivado IP repository '/opt/Xilinx/Vivado/2022.2/data/ip'.
update_module_reference top_block_das_rx_0_0
INFO: [IP_Flow 19-5107] Inferred bus interface 'rst' of definition 'xilinx.com:signal:reset:1.0' (from Xilinx Repository).
INFO: [IP_Flow 19-5107] Inferred bus interface 'user_clk' of definition 'xilinx.com:signal:clock:1.0' (from Xilinx Repository).
INFO: [IP_Flow 19-4728] Bus Interface 'user_clk': Added interface parameter 'ASSOCIATED_RESET' with value 'rst'.
WARNING: [IP_Flow 19-5661] Bus Interface 'user_clk' does not have any bus interfaces associated with it.
INFO: [IP_Flow 19-234] Refreshing IP repositories
INFO: [IP_Flow 19-1700] Loaded user IP repository '/home/nagafusa/work/spadi/Fakernet/ip_repo/I2C_Controller_1_0'.
INFO: [IP_Flow 19-1700] Loaded user IP repository '/home/nagafusa/work/spadi/Fakernet/ip_repo/start_i2c_write_1_0'.
WARNING: [IP_Flow 19-2248] Failed to load user IP repository '/home/nagafusa/work/spadi/Fakernet/ip_repo/I2C_controller_1_0'; Can't find the specified path.
If this directory should no longer be in your list of user repositories, go to the IP Settings dialog and remove it.
WARNING: [IP_Flow 19-2207] Repository '/home/nagafusa/work/spadi/Fakernet/ip_repo/I2C_controller_1_0' already exists; ignoring attempt to add it again.
WARNING: [IP_Flow 19-2248] Failed to load user IP repository '/home/nagafusa/work/spadi/Fakernet/ip_repo/I2C_controller_1_0'; Can't find the specified path.
If this directory should no longer be in your list of user repositories, go to the IP Settings dialog and remove it.
Reading block design file </home/nagafusa/work/spadi/Fakernet/SAMIDARE/samidare.srcs/sources_1/bd/top_block/top_block.bd>...
Adding component instance block -- xilinx.com:ip:clk_wiz:6.0 - clk_wiz_0
Adding component instance block -- xilinx.com:module_ref:mii_initializer:1.0 - mii_initializer_0
Adding component instance block -- xilinx.com:ip:util_vector_logic:2.0 - util_vector_logic_0
Adding component instance block -- xilinx.com:ip:util_vector_logic:2.0 - util_vector_logic_1
Adding component instance block -- xilinx.com:ip:util_vector_logic:2.0 - util_vector_logic_2
Adding component instance block -- xilinx.com:ip:util_vector_logic:2.0 - util_vector_logic_3
Adding component instance block -- xilinx.com:ip:util_vector_logic:2.0 - util_vector_logic_0
Adding component instance block -- xilinx.com:ip:util_vector_logic:2.0 - util_vector_logic_1
Adding component instance block -- xilinx.com:ip:util_vector_logic:2.0 - util_vector_logic_2
Adding component instance block -- xilinx.com:ip:util_vector_logic:2.0 - util_vector_logic_3
Adding component instance block -- xilinx.com:ip:xlconstant:1.1 - xlconstant_0
Adding component instance block -- xilinx.com:ip:xlconstant:1.1 - xlconstant_1
Adding component instance block -- xilinx.com:ip:xlconstant:1.1 - xlconstant_2
Adding component instance block -- xilinx.com:ip:xlconstant:1.1 - xlconstant_3
Adding component instance block -- xilinx.com:module_ref:RESET_INST:1.0 - RESET_INST_0
Adding component instance block -- xilinx.com:module_ref:gig_ethernet_pcs_pma_0_example_design:1.0 - gig_ethernet_pcs_pma_0
Adding component instance block -- xilinx.com:module_ref:native_to_axi_lite_v1_0:1.0 - native_to_axi_lite_v_0
Adding component instance block -- xilinx.com:module_ref:fakernet_top:1.0 - fakernet_top_0
Adding component instance block -- xilinx.com:module_ref:reg_switch:1.0 - reg_switch_0
Adding component instance block -- xilinx.com:ip:util_vector_logic:2.0 - util_vector_logic_0
Adding component instance block -- xilinx.com:ip:xlconstant:1.1 - xlconstant_0
Adding component instance block -- xilinx.com:module_ref:u_led_inst:1.0 - u_led_inst_0
Adding component instance block -- xilinx.com:module_ref:LED_REG_READ_SEPARATE_v1_0:1.0 - LED_REG_READ_SEPARAT_0
Adding component instance block -- xilinx.com:module_ref:LED_REG_READ_SEPARATE_v1_0:1.0 - LED_REG_READ_SEPARAT_1
Adding component instance block -- xilinx.com:ip:vio:3.0 - vio_0
Adding component instance block -- xilinx.com:ip:proc_sys_reset:5.0 - rst_clk_wiz_0_125M
Adding component instance block -- xilinx.com:ip:xpm_cdc_gen:1.0 - xpm_cdc_gen_0
Adding component instance block -- xilinx.com:ip:axi_bram_ctrl:4.1 - axi_bram_ctrl_0
Adding component instance block -- xilinx.com:ip:blk_mem_gen:8.4 - blk_mem_gen_0
Adding component instance block -- xilinx.com:ip:axi_bram_ctrl:4.1 - axi_bram_ctrl_1
Adding component instance block -- xilinx.com:module_ref:data_gen_user:1.0 - data_gen_user_0
Adding component instance block -- xilinx.com:ip:axi_iic:2.1 - axi_iic_0
Adding component instance block -- xilinx.com:module_ref:I2C_Controller_v1_0:1.0 - I2C_Controller_v1_0_0
Adding component instance block -- xilinx.com:ip:proc_sys_reset:5.0 - rst_clk_wiz_0_40M
Adding component instance block -- xilinx.com:ip:axi_interconnect:2.1 - axi_mem_intercon
Adding component instance block -- xilinx.com:ip:axi_crossbar:2.1 - xbar
Adding component instance block -- xilinx.com:ip:clk_wiz:6.0 - clk_wiz_1
Adding component instance block -- xilinx.com:ip:util_ds_buf:2.2 - util_ds_buf_0
Adding component instance block -- xilinx.com:ip:xlconstant:1.1 - xlconstant_0
Adding component instance block -- xilinx.com:ip:util_vector_logic:2.0 - util_vector_logic_0
Adding component instance block -- xilinx.com:ip:util_ds_buf:2.2 - util_ds_buf_1
Adding component instance block -- xilinx.com:ip:util_ds_buf:2.2 - util_ds_buf_2
Adding component instance block -- xilinx.com:ip:xlconcat:2.1 - xlconcat_0
Adding component instance block -- xilinx.com:ip:clk_wiz:6.0 - clk_wiz_2
Adding component instance block -- xilinx.com:ip:xlconstant:1.1 - xlconstant_1
Adding component instance block -- xilinx.com:ip:xlconcat:2.1 - xlconcat_1
Adding component instance block -- xilinx.com:module_ref:SAMPA_PON_v1_0:1.0 - SAMPA_PON_v1_0_0
Adding component instance block -- xilinx.com:module_ref:iobuf_vhdl:1.0 - iobuf_vhdl_0
Adding component instance block -- xilinx.com:module_ref:iobuf_vhdl:1.0 - iobuf_vhdl_1
Adding component instance block -- xilinx.com:ip:util_ds_buf:2.2 - util_ds_buf_4
Adding component instance block -- xilinx.com:ip:util_ds_buf:2.2 - util_ds_buf_3
Adding component instance block -- xilinx.com:ip:util_vector_logic:2.0 - util_vector_logic_1
Adding component instance block -- xilinx.com:ip:xlconcat:2.1 - xlconcat_2
Adding component instance block -- xilinx.com:ip:util_ds_buf:2.2 - util_ds_buf_5
Adding component instance block -- xilinx.com:ip:util_ds_buf:2.2 - util_ds_buf_6
Adding component instance block -- xilinx.com:ip:util_ds_buf:2.2 - util_ds_buf_7
Adding component instance block -- xilinx.com:ip:util_ds_buf:2.2 - util_ds_buf_8
Adding component instance block -- xilinx.com:ip:util_vector_logic:2.0 - util_vector_logic_2
Adding component instance block -- xilinx.com:ip:vio:3.0 - vio_2
Adding component instance block -- xilinx.com:ip:vio:3.0 - vio_3
Adding component instance block -- xilinx.com:ip:vio:3.0 - vio_1
Adding component instance block -- xilinx.com:ip:vio:3.0 - vio_0
Adding component instance block -- xilinx.com:module_ref:das_rx:1.0 - das_rx_0
Successfully read diagram <top_block> from block design file </home/nagafusa/work/spadi/Fakernet/SAMIDARE/samidare.srcs/sources_1/bd/top_block/top_block.bd>
Upgrading '/home/nagafusa/work/spadi/Fakernet/SAMIDARE/samidare.srcs/sources_1/bd/top_block/top_block.bd'
INFO: [IP_Flow 19-3420] Updated top_block_das_rx_0_0 to use current project options
WARNING: [IP_Flow 19-4698] Upgrade has added port 'data_o'
WARNING: [IP_Flow 19-4698] Upgrade has added port 'rst'
WARNING: [IP_Flow 19-3298] Detected external port differences while upgrading 'top_block_das_rx_0_0'. These changes may impact your design.
CRITICAL WARNING: [Coretcl 2-1280] The upgrade of 'top_block_das_rx_0_0' has identified issues that may require user intervention. Please verify that the instance is correctly configured, and review any upgrade messages.
Wrote  : </home/nagafusa/work/spadi/Fakernet/SAMIDARE/samidare.srcs/sources_1/bd/top_block/top_block.bd> 
Wrote  : </home/nagafusa/work/spadi/Fakernet/SAMIDARE/samidare.srcs/sources_1/bd/top_block/ui/bd_3e573403.ui> 
Wrote  : </home/nagafusa/work/spadi/Fakernet/SAMIDARE/samidare.srcs/sources_1/bd/top_block/ui/bd_a2f47783.ui> 
update_compile_order -fileset sources_1
close [ open /home/nagafusa/work/spadi/Fakernet/SAMIDARE/samidare.srcs/sources_1/new/event_builder_v0.v w ]
add_files /home/nagafusa/work/spadi/Fakernet/SAMIDARE/samidare.srcs/sources_1/new/event_builder_v0.v
update_compile_order -fileset sources_1
create_bd_cell -type module -reference event_builder_v0 event_builder_v0_0
INFO: [IP_Flow 19-5107] Inferred bus interface 'clk' of definition 'xilinx.com:signal:clock:1.0' (from Xilinx Repository).
WARNING: [IP_Flow 19-5661] Bus Interface 'clk' does not have any bus interfaces associated with it.
INFO: [IP_Flow 19-234] Refreshing IP repositories
INFO: [IP_Flow 19-1700] Loaded user IP repository '/home/nagafusa/work/spadi/Fakernet/ip_repo/I2C_Controller_1_0'.
INFO: [IP_Flow 19-1700] Loaded user IP repository '/home/nagafusa/work/spadi/Fakernet/ip_repo/start_i2c_write_1_0'.
WARNING: [IP_Flow 19-2248] Failed to load user IP repository '/home/nagafusa/work/spadi/Fakernet/ip_repo/I2C_controller_1_0'; Can't find the specified path.
If this directory should no longer be in your list of user repositories, go to the IP Settings dialog and remove it.
WARNING: [IP_Flow 19-2207] Repository '/home/nagafusa/work/spadi/Fakernet/ip_repo/I2C_controller_1_0' already exists; ignoring attempt to add it again.
WARNING: [IP_Flow 19-2248] Failed to load user IP repository '/home/nagafusa/work/spadi/Fakernet/ip_repo/I2C_controller_1_0'; Can't find the specified path.
If this directory should no longer be in your list of user repositories, go to the IP Settings dialog and remove it.
move_bd_cells [get_bd_cells appUnit] [get_bd_cells event_builder_v0_0]
connect_bd_net [get_bd_pins appUnit/das_rx_0/data_o] [get_bd_pins appUnit/event_builder_v0_0/data]
connect_bd_net [get_bd_pins appUnit/das_rx_0/user_clk] [get_bd_pins appUnit/event_builder_v0_0/clk]
save_bd_design
WARNING: [BD 41-597] NET <Net> has no source
Wrote  : </home/nagafusa/work/spadi/Fakernet/SAMIDARE/samidare.srcs/sources_1/bd/top_block/top_block.bd> 
Wrote  : </home/nagafusa/work/spadi/Fakernet/SAMIDARE/samidare.srcs/sources_1/bd/top_block/ui/bd_3e573403.ui> 
Wrote  : </home/nagafusa/work/spadi/Fakernet/SAMIDARE/samidare.srcs/sources_1/bd/top_block/ui/bd_a2f47783.ui> 
update_compile_order -fileset sources_1
delete_bd_objs [get_bd_nets appUnit/das_rx_0_data_o]
update_module_reference top_block_das_rx_0_0
INFO: [IP_Flow 19-5107] Inferred bus interface 'user_clk' of definition 'xilinx.com:signal:clock:1.0' (from Xilinx Repository).
WARNING: [IP_Flow 19-5661] Bus Interface 'user_clk' does not have any bus interfaces associated with it.
INFO: [IP_Flow 19-234] Refreshing IP repositories
INFO: [IP_Flow 19-1700] Loaded user IP repository '/home/nagafusa/work/spadi/Fakernet/ip_repo/I2C_Controller_1_0'.
INFO: [IP_Flow 19-1700] Loaded user IP repository '/home/nagafusa/work/spadi/Fakernet/ip_repo/start_i2c_write_1_0'.
WARNING: [IP_Flow 19-2248] Failed to load user IP repository '/home/nagafusa/work/spadi/Fakernet/ip_repo/I2C_controller_1_0'; Can't find the specified path.
If this directory should no longer be in your list of user repositories, go to the IP Settings dialog and remove it.
WARNING: [IP_Flow 19-2207] Repository '/home/nagafusa/work/spadi/Fakernet/ip_repo/I2C_controller_1_0' already exists; ignoring attempt to add it again.
WARNING: [IP_Flow 19-2248] Failed to load user IP repository '/home/nagafusa/work/spadi/Fakernet/ip_repo/I2C_controller_1_0'; Can't find the specified path.
If this directory should no longer be in your list of user repositories, go to the IP Settings dialog and remove it.
Upgrading '/home/nagafusa/work/spadi/Fakernet/SAMIDARE/samidare.srcs/sources_1/bd/top_block/top_block.bd'
INFO: [IP_Flow 19-3420] Updated top_block_das_rx_0_0 to use current project options
WARNING: [IP_Flow 19-4700] Upgrade has removed port 'clkSO'
WARNING: [IP_Flow 19-4700] Upgrade has removed port 'data_o'
WARNING: [IP_Flow 19-4700] Upgrade has removed port 'rst'
WARNING: [IP_Flow 19-4698] Upgrade has added port 'bus0'
WARNING: [IP_Flow 19-4698] Upgrade has added port 'bus1'
WARNING: [IP_Flow 19-4698] Upgrade has added port 'bus2'
WARNING: [IP_Flow 19-4698] Upgrade has added port 'bus3'
WARNING: [IP_Flow 19-4698] Upgrade has added port 'clk_SO'
WARNING: [IP_Flow 19-3298] Detected external port differences while upgrading 'top_block_das_rx_0_0'. These changes may impact your design.
CRITICAL WARNING: [BD 41-1167] The pin 'clkSO' is not found on the upgraded version of the cell '/appUnit/das_rx_0'. Its connection to the net 'clk_1' has been removed.
CRITICAL WARNING: [Coretcl 2-1280] The upgrade of 'top_block_das_rx_0_0' has identified issues that may require user intervention. Please verify that the instance is correctly configured, and review any upgrade messages.
WARNING: [BD 41-597] NET <Net> has no source
Wrote  : </home/nagafusa/work/spadi/Fakernet/SAMIDARE/samidare.srcs/sources_1/bd/top_block/top_block.bd> 
Wrote  : </home/nagafusa/work/spadi/Fakernet/SAMIDARE/samidare.srcs/sources_1/bd/top_block/ui/bd_3e573403.ui> 
Wrote  : </home/nagafusa/work/spadi/Fakernet/SAMIDARE/samidare.srcs/sources_1/bd/top_block/ui/bd_a2f47783.ui> 
update_module_reference top_block_event_builder_v0_0_0
INFO: [IP_Flow 19-5107] Inferred bus interface 'clk' of definition 'xilinx.com:signal:clock:1.0' (from Xilinx Repository).
WARNING: [IP_Flow 19-5661] Bus Interface 'clk' does not have any bus interfaces associated with it.
INFO: [IP_Flow 19-234] Refreshing IP repositories
INFO: [IP_Flow 19-1700] Loaded user IP repository '/home/nagafusa/work/spadi/Fakernet/ip_repo/I2C_Controller_1_0'.
INFO: [IP_Flow 19-1700] Loaded user IP repository '/home/nagafusa/work/spadi/Fakernet/ip_repo/start_i2c_write_1_0'.
WARNING: [IP_Flow 19-2248] Failed to load user IP repository '/home/nagafusa/work/spadi/Fakernet/ip_repo/I2C_controller_1_0'; Can't find the specified path.
If this directory should no longer be in your list of user repositories, go to the IP Settings dialog and remove it.
WARNING: [IP_Flow 19-2207] Repository '/home/nagafusa/work/spadi/Fakernet/ip_repo/I2C_controller_1_0' already exists; ignoring attempt to add it again.
WARNING: [IP_Flow 19-2248] Failed to load user IP repository '/home/nagafusa/work/spadi/Fakernet/ip_repo/I2C_controller_1_0'; Can't find the specified path.
If this directory should no longer be in your list of user repositories, go to the IP Settings dialog and remove it.
Upgrading '/home/nagafusa/work/spadi/Fakernet/SAMIDARE/samidare.srcs/sources_1/bd/top_block/top_block.bd'
INFO: [IP_Flow 19-3420] Updated top_block_event_builder_v0_0_0 to use current project options
WARNING: [IP_Flow 19-4700] Upgrade has removed port 'data'
WARNING: [IP_Flow 19-4698] Upgrade has added port 'bus0_i'
WARNING: [IP_Flow 19-4698] Upgrade has added port 'bus1_i'
WARNING: [IP_Flow 19-4698] Upgrade has added port 'bus2_i'
WARNING: [IP_Flow 19-4698] Upgrade has added port 'bus3_i'
WARNING: [IP_Flow 19-3298] Detected external port differences while upgrading 'top_block_event_builder_v0_0_0'. These changes may impact your design.
CRITICAL WARNING: [Coretcl 2-1280] The upgrade of 'top_block_event_builder_v0_0_0' has identified issues that may require user intervention. Please verify that the instance is correctly configured, and review any upgrade messages.
WARNING: [BD 41-597] NET <Net> has no source
Wrote  : </home/nagafusa/work/spadi/Fakernet/SAMIDARE/samidare.srcs/sources_1/bd/top_block/top_block.bd> 
Wrote  : </home/nagafusa/work/spadi/Fakernet/SAMIDARE/samidare.srcs/sources_1/bd/top_block/ui/bd_3e573403.ui> 
Wrote  : </home/nagafusa/work/spadi/Fakernet/SAMIDARE/samidare.srcs/sources_1/bd/top_block/ui/bd_a2f47783.ui> 
connect_bd_net [get_bd_pins appUnit/das_rx_0/bus0] [get_bd_pins appUnit/event_builder_v0_0/bus0_i]
connect_bd_net [get_bd_pins appUnit/das_rx_0/bus1] [get_bd_pins appUnit/event_builder_v0_0/bus1_i]
connect_bd_net [get_bd_pins appUnit/das_rx_0/bus2] [get_bd_pins appUnit/event_builder_v0_0/bus2_i]
connect_bd_net [get_bd_pins appUnit/das_rx_0/bus3] [get_bd_pins appUnit/event_builder_v0_0/bus3_i]
update_module_reference top_block_das_rx_0_0
INFO: [IP_Flow 19-5107] Inferred bus interface 'user_clk' of definition 'xilinx.com:signal:clock:1.0' (from Xilinx Repository).
WARNING: [IP_Flow 19-5661] Bus Interface 'user_clk' does not have any bus interfaces associated with it.
INFO: [IP_Flow 19-234] Refreshing IP repositories
INFO: [IP_Flow 19-1700] Loaded user IP repository '/home/nagafusa/work/spadi/Fakernet/ip_repo/I2C_Controller_1_0'.
INFO: [IP_Flow 19-1700] Loaded user IP repository '/home/nagafusa/work/spadi/Fakernet/ip_repo/start_i2c_write_1_0'.
WARNING: [IP_Flow 19-2248] Failed to load user IP repository '/home/nagafusa/work/spadi/Fakernet/ip_repo/I2C_controller_1_0'; Can't find the specified path.
If this directory should no longer be in your list of user repositories, go to the IP Settings dialog and remove it.
WARNING: [IP_Flow 19-2207] Repository '/home/nagafusa/work/spadi/Fakernet/ip_repo/I2C_controller_1_0' already exists; ignoring attempt to add it again.
WARNING: [IP_Flow 19-2248] Failed to load user IP repository '/home/nagafusa/work/spadi/Fakernet/ip_repo/I2C_controller_1_0'; Can't find the specified path.
If this directory should no longer be in your list of user repositories, go to the IP Settings dialog and remove it.
Upgrading '/home/nagafusa/work/spadi/Fakernet/SAMIDARE/samidare.srcs/sources_1/bd/top_block/top_block.bd'
INFO: [IP_Flow 19-3420] Updated top_block_das_rx_0_0 to use current project options
WARNING: [IP_Flow 19-4698] Upgrade has added port 'clk_10MHz'
WARNING: [IP_Flow 19-3298] Detected external port differences while upgrading 'top_block_das_rx_0_0'. These changes may impact your design.
CRITICAL WARNING: [Coretcl 2-1280] The upgrade of 'top_block_das_rx_0_0' has identified issues that may require user intervention. Please verify that the instance is correctly configured, and review any upgrade messages.
WARNING: [BD 41-597] NET <Net> has no source
Wrote  : </home/nagafusa/work/spadi/Fakernet/SAMIDARE/samidare.srcs/sources_1/bd/top_block/top_block.bd> 
Wrote  : </home/nagafusa/work/spadi/Fakernet/SAMIDARE/samidare.srcs/sources_1/bd/top_block/ui/bd_3e573403.ui> 
Wrote  : </home/nagafusa/work/spadi/Fakernet/SAMIDARE/samidare.srcs/sources_1/bd/top_block/ui/bd_a2f47783.ui> 
update_module_reference top_block_event_builder_v0_0_0
INFO: [IP_Flow 19-5107] Inferred bus interface 'clk' of definition 'xilinx.com:signal:clock:1.0' (from Xilinx Repository).
WARNING: [IP_Flow 19-5661] Bus Interface 'clk' does not have any bus interfaces associated with it.
INFO: [IP_Flow 19-234] Refreshing IP repositories
INFO: [IP_Flow 19-1700] Loaded user IP repository '/home/nagafusa/work/spadi/Fakernet/ip_repo/I2C_Controller_1_0'.
INFO: [IP_Flow 19-1700] Loaded user IP repository '/home/nagafusa/work/spadi/Fakernet/ip_repo/start_i2c_write_1_0'.
WARNING: [IP_Flow 19-2248] Failed to load user IP repository '/home/nagafusa/work/spadi/Fakernet/ip_repo/I2C_controller_1_0'; Can't find the specified path.
If this directory should no longer be in your list of user repositories, go to the IP Settings dialog and remove it.
WARNING: [IP_Flow 19-2207] Repository '/home/nagafusa/work/spadi/Fakernet/ip_repo/I2C_controller_1_0' already exists; ignoring attempt to add it again.
WARNING: [IP_Flow 19-2248] Failed to load user IP repository '/home/nagafusa/work/spadi/Fakernet/ip_repo/I2C_controller_1_0'; Can't find the specified path.
If this directory should no longer be in your list of user repositories, go to the IP Settings dialog and remove it.
Upgrading '/home/nagafusa/work/spadi/Fakernet/SAMIDARE/samidare.srcs/sources_1/bd/top_block/top_block.bd'
INFO: [IP_Flow 19-3420] Updated top_block_event_builder_v0_0_0 to use current project options
WARNING: [IP_Flow 19-4698] Upgrade has added port 'clk_10MHz'
WARNING: [IP_Flow 19-3298] Detected external port differences while upgrading 'top_block_event_builder_v0_0_0'. These changes may impact your design.
CRITICAL WARNING: [Coretcl 2-1280] The upgrade of 'top_block_event_builder_v0_0_0' has identified issues that may require user intervention. Please verify that the instance is correctly configured, and review any upgrade messages.
WARNING: [BD 41-597] NET <Net> has no source
Wrote  : </home/nagafusa/work/spadi/Fakernet/SAMIDARE/samidare.srcs/sources_1/bd/top_block/top_block.bd> 
Wrote  : </home/nagafusa/work/spadi/Fakernet/SAMIDARE/samidare.srcs/sources_1/bd/top_block/ui/bd_3e573403.ui> 
Wrote  : </home/nagafusa/work/spadi/Fakernet/SAMIDARE/samidare.srcs/sources_1/bd/top_block/ui/bd_a2f47783.ui> 
connect_bd_net [get_bd_pins appUnit/das_rx_0/clk_10MHz] [get_bd_pins appUnit/event_builder_v0_0/clk_10MHz]
connect_bd_net [get_bd_pins appUnit/clk] [get_bd_pins appUnit/das_rx_0/clk_SO]
connect_bd_net [get_bd_pins clk_wiz_0/clk_out1] [get_bd_pins appUnit/das_rx_0/user_clk]
save_bd_design
Wrote  : </home/nagafusa/work/spadi/Fakernet/SAMIDARE/samidare.srcs/sources_1/bd/top_block/top_block.bd> 
Wrote  : </home/nagafusa/work/spadi/Fakernet/SAMIDARE/samidare.srcs/sources_1/bd/top_block/ui/bd_3e573403.ui> 
Wrote  : </home/nagafusa/work/spadi/Fakernet/SAMIDARE/samidare.srcs/sources_1/bd/top_block/ui/bd_a2f47783.ui> 
reset_run synth_1
INFO: [Project 1-1161] Replacing file /home/nagafusa/work/spadi/Fakernet/SAMIDARE/samidare.srcs/utils_1/imports/synth_1/top_level.dcp with file /home/nagafusa/work/spadi/Fakernet/SAMIDARE/samidare.runs/synth_1/top_block_wrapper.dcp
update_module_reference top_block_das_rx_0_0
INFO: [IP_Flow 19-5107] Inferred bus interface 'user_clk' of definition 'xilinx.com:signal:clock:1.0' (from Xilinx Repository).
WARNING: [IP_Flow 19-5661] Bus Interface 'user_clk' does not have any bus interfaces associated with it.
INFO: [IP_Flow 19-234] Refreshing IP repositories
INFO: [IP_Flow 19-1700] Loaded user IP repository '/home/nagafusa/work/spadi/Fakernet/ip_repo/I2C_Controller_1_0'.
INFO: [IP_Flow 19-1700] Loaded user IP repository '/home/nagafusa/work/spadi/Fakernet/ip_repo/start_i2c_write_1_0'.
WARNING: [IP_Flow 19-2248] Failed to load user IP repository '/home/nagafusa/work/spadi/Fakernet/ip_repo/I2C_controller_1_0'; Can't find the specified path.
If this directory should no longer be in your list of user repositories, go to the IP Settings dialog and remove it.
WARNING: [IP_Flow 19-2207] Repository '/home/nagafusa/work/spadi/Fakernet/ip_repo/I2C_controller_1_0' already exists; ignoring attempt to add it again.
WARNING: [IP_Flow 19-2248] Failed to load user IP repository '/home/nagafusa/work/spadi/Fakernet/ip_repo/I2C_controller_1_0'; Can't find the specified path.
If this directory should no longer be in your list of user repositories, go to the IP Settings dialog and remove it.
Upgrading '/home/nagafusa/work/spadi/Fakernet/SAMIDARE/samidare.srcs/sources_1/bd/top_block/top_block.bd'
INFO: [IP_Flow 19-3420] Updated top_block_das_rx_0_0 to use current project options
Wrote  : </home/nagafusa/work/spadi/Fakernet/SAMIDARE/samidare.srcs/sources_1/bd/top_block/top_block.bd> 
Wrote  : </home/nagafusa/work/spadi/Fakernet/SAMIDARE/samidare.srcs/sources_1/bd/top_block/ui/bd_3e573403.ui> 
Wrote  : </home/nagafusa/work/spadi/Fakernet/SAMIDARE/samidare.srcs/sources_1/bd/top_block/ui/bd_a2f47783.ui> 
launch_runs synth_1 -jobs 32
INFO: [Vivado 12-4149] The synthesis checkpoint for IP '/home/nagafusa/work/spadi/Fakernet/SAMIDARE/samidare.srcs/sources_1/ip/gig_ethernet_pcs_pma_0_2/gig_ethernet_pcs_pma_0.xci' is already up-to-date
WARNING: [BD 41-702] Propagation TCL tries to overwrite USER strength parameter In3_width(1) on '/xlconcat_1' with propagated value(16). Command ignored
WARNING: [BD 41-702] Propagation TCL tries to overwrite USER strength parameter In2_width(1) on '/xlconcat_1' with propagated value(16). Command ignored
WARNING: [BD 41-702] Propagation TCL tries to overwrite USER strength parameter In1_width(1) on '/xlconcat_1' with propagated value(16). Command ignored
WARNING: [BD 41-702] Propagation TCL tries to overwrite USER strength parameter In0_width(1) on '/xlconcat_1' with propagated value(16). Command ignored
WARNING: [BD 41-702] Propagation TCL tries to overwrite USER strength parameter In3_width(1) on '/xlconcat_2' with propagated value(16). Command ignored
WARNING: [BD 41-702] Propagation TCL tries to overwrite USER strength parameter In2_width(1) on '/xlconcat_2' with propagated value(16). Command ignored
WARNING: [BD 41-702] Propagation TCL tries to overwrite USER strength parameter In1_width(1) on '/xlconcat_2' with propagated value(16). Command ignored
unexpected operator ":" without preceding "?"
in expression "0.0:0.0:0.0:0.0 + 180"
ERROR: [BD 41-1273] Error running propagate TCL procedure: unexpected operator ":" without preceding "?"
    ::xilinx.com_ip_util_vector_logic_2.0::propagate Line 24
WARNING: [BD 41-702] Propagation TCL tries to overwrite USER strength parameter In3_width(1) on '/xlconcat_1' with propagated value(16). Command ignored
WARNING: [BD 41-702] Propagation TCL tries to overwrite USER strength parameter In2_width(1) on '/xlconcat_1' with propagated value(16). Command ignored
WARNING: [BD 41-702] Propagation TCL tries to overwrite USER strength parameter In1_width(1) on '/xlconcat_1' with propagated value(16). Command ignored
WARNING: [BD 41-702] Propagation TCL tries to overwrite USER strength parameter In0_width(1) on '/xlconcat_1' with propagated value(16). Command ignored
WARNING: [BD 41-702] Propagation TCL tries to overwrite USER strength parameter In3_width(1) on '/xlconcat_2' with propagated value(16). Command ignored
WARNING: [BD 41-702] Propagation TCL tries to overwrite USER strength parameter In2_width(1) on '/xlconcat_2' with propagated value(16). Command ignored
WARNING: [BD 41-702] Propagation TCL tries to overwrite USER strength parameter In1_width(1) on '/xlconcat_2' with propagated value(16). Command ignored
unexpected operator ":" without preceding "?"
in expression "0.0:0.0:0.0:0.0 + 180"
ERROR: [BD 41-1273] Error running propagate TCL procedure: unexpected operator ":" without preceding "?"
    ::xilinx.com_ip_util_vector_logic_2.0::propagate Line 24
CRITICAL WARNING: [BD 41-1344] Reset pin /SAMPA_I2C_wrapper/axi_iic_0/s_axi_aresetn (associated clock /SAMPA_I2C_wrapper/axi_iic_0/s_axi_aclk) is connected to reset source /reset/rst_clk_wiz_0_125M/peripheral_aresetn (synchronous to clock source /clk_wiz_0/clk_out5).
This may prevent design from meeting timing. Instead it should be connected to reset source /rst_clk_wiz_0_40M/peripheral_aresetn.
CRITICAL WARNING: [BD 41-1344] Reset pin /SAMPA_I2C_wrapper/I2C_Controller_v1_0_0/m01_axi_aresetn (associated clock /SAMPA_I2C_wrapper/I2C_Controller_v1_0_0/m01_axi_aclk) is connected to reset source /reset/rst_clk_wiz_0_125M/peripheral_aresetn (synchronous to clock source /clk_wiz_0/clk_out5).
This may prevent design from meeting timing. Instead it should be connected to reset source /rst_clk_wiz_0_40M/peripheral_aresetn.
INFO: [xilinx.com:ip:clk_wiz:6.0-1] /clk_wiz_2 clk_wiz propagate
INFO: [xilinx.com:ip:clk_wiz:6.0-1] /clk_wiz_1 clk_wiz propagate
INFO: [xilinx.com:ip:clk_wiz:6.0-1] /clk_wiz_0 clk_wiz propagate
CRITICAL WARNING: [BD 41-759] The input pins (listed below) are either not connected or do not have a source port, and they don't have a tie-off specified. These pins are tied-off to all 0's to avoid error in Implementation flow.
Please check your design and connect them as needed: 
/fakernet/gig_ethernet_pcs_pma_0/io_refclk
/fakernet/gig_ethernet_pcs_pma_0/gmii_tx_er
/fakernet/fakernet_top_0/spi_sdi
/fakernet/fakernet_top_0/sw
/fakernet/fakernet_top_0/btn
/fakernet/fakernet_top_0/ja0
/fakernet/fakernet_top_0/ja2
/fakernet/fakernet_top_0/ja3
/fakernet/fakernet_top_0/jd0
/fakernet/fakernet_top_0/jd2
/fakernet/fakernet_top_0/uart_rx
/led_module/u_led_inst_0/LED_REG0
/led_module/u_led_inst_0/LED_REG1
/SAMPA_I2C_wrapper/I2C_Controller_v1_0_0/m00_axi_init_axi_txn
/SAMPA_I2C_wrapper/I2C_Controller_v1_0_0/m01_axi_init_axi_txn
/SAMPA_PON_v1_0_0/m00_axi_init_axi_txn

Wrote  : </home/nagafusa/work/spadi/Fakernet/SAMIDARE/samidare.srcs/sources_1/bd/top_block/top_block.bd> 
Wrote  : </home/nagafusa/work/spadi/Fakernet/SAMIDARE/samidare.srcs/sources_1/bd/top_block/ui/bd_3e573403.ui> 
Wrote  : </home/nagafusa/work/spadi/Fakernet/SAMIDARE/samidare.srcs/sources_1/bd/top_block/ui/bd_a2f47783.ui> 
WARNING: [BD 41-2384] Width mismatch when connecting pin: '/reg_bram/blk_mem_gen_0/addra'(32) to pin: '/reg_bram/axi_bram_ctrl_0/bram_addr_a'(16) - Only lower order bits will be connected.
WARNING: [BD 41-2384] Width mismatch when connecting pin: '/reg_bram/blk_mem_gen_0/addrb'(32) to pin: '/reg_bram/axi_bram_ctrl_1/bram_addr_a'(16) - Only lower order bits will be connected.
Verilog Output written to : /home/nagafusa/work/spadi/Fakernet/SAMIDARE/samidare.gen/sources_1/bd/top_block/synth/top_block.v
WARNING: [BD 41-2384] Width mismatch when connecting pin: '/reg_bram/blk_mem_gen_0/addra'(32) to pin: '/reg_bram/axi_bram_ctrl_0/bram_addr_a'(16) - Only lower order bits will be connected.
WARNING: [BD 41-2384] Width mismatch when connecting pin: '/reg_bram/blk_mem_gen_0/addrb'(32) to pin: '/reg_bram/axi_bram_ctrl_1/bram_addr_a'(16) - Only lower order bits will be connected.
Verilog Output written to : /home/nagafusa/work/spadi/Fakernet/SAMIDARE/samidare.gen/sources_1/bd/top_block/sim/top_block.v
Verilog Output written to : /home/nagafusa/work/spadi/Fakernet/SAMIDARE/samidare.gen/sources_1/bd/top_block/hdl/top_block_wrapper.v
Wrote  : </home/nagafusa/work/spadi/Fakernet/SAMIDARE/samidare.srcs/sources_1/bd/top_block/ui/bd_3e573403.ui> 
Wrote  : </home/nagafusa/work/spadi/Fakernet/SAMIDARE/samidare.srcs/sources_1/bd/top_block/ui/bd_a2f47783.ui> 
INFO: [BD 41-1029] Generation completed for the IP Integrator block appUnit/das_rx_0 .
INFO: [BD 41-1029] Generation completed for the IP Integrator block appUnit/event_builder_v0_0 .
Exporting to file /home/nagafusa/work/spadi/Fakernet/SAMIDARE/samidare.gen/sources_1/bd/top_block/hw_handoff/top_block.hwh
Generated Hardware Definition File /home/nagafusa/work/spadi/Fakernet/SAMIDARE/samidare.gen/sources_1/bd/top_block/synth/top_block.hwdef
INFO: [IP_Flow 19-6930] IPCACHE: runCacheChecks() number of threads = 8
INFO: [IP_Flow 19-6921] IPCACHE: Adding cache check func to thread queue for IP top_block_das_rx_0_0
INFO: [IP_Flow 19-6921] IPCACHE: Adding cache check func to thread queue for IP top_block_event_builder_v0_0_0
INFO: [IP_Flow 19-8020] IPCACHE: runCacheChecks() calling threadPool finishWork()
INFO: [IP_Flow 19-6924] IPCACHE: Running cache check for IP inst: top_block_das_rx_0_0
INFO: [IP_Flow 19-6924] IPCACHE: Running cache check for IP inst: top_block_event_builder_v0_0_0
ERROR: [Vivado 12-4756] Launch of runs aborted due to earlier errors while preparing sub-designs for run execution.
regenerate_bd_layout
launch_runs synth_1 -jobs 32
INFO: [Vivado 12-4149] The synthesis checkpoint for IP '/home/nagafusa/work/spadi/Fakernet/SAMIDARE/samidare.srcs/sources_1/ip/gig_ethernet_pcs_pma_0_2/gig_ethernet_pcs_pma_0.xci' is already up-to-date
INFO: [IP_Flow 19-6930] IPCACHE: runCacheChecks() number of threads = 8
INFO: [IP_Flow 19-6921] IPCACHE: Adding cache check func to thread queue for IP top_block_das_rx_0_0
INFO: [IP_Flow 19-6921] IPCACHE: Adding cache check func to thread queue for IP top_block_event_builder_v0_0_0
INFO: [IP_Flow 19-8020] IPCACHE: runCacheChecks() calling threadPool finishWork()
INFO: [IP_Flow 19-6924] IPCACHE: Running cache check for IP inst: top_block_das_rx_0_0
INFO: [IP_Flow 19-6924] IPCACHE: Running cache check for IP inst: top_block_event_builder_v0_0_0
[Sun Aug 18 16:56:45 2024] Launched top_block_das_rx_0_0_synth_1, top_block_event_builder_v0_0_0_synth_1...
Run output will be captured here:
top_block_das_rx_0_0_synth_1: /home/nagafusa/work/spadi/Fakernet/SAMIDARE/samidare.runs/top_block_das_rx_0_0_synth_1/runme.log
top_block_event_builder_v0_0_0_synth_1: /home/nagafusa/work/spadi/Fakernet/SAMIDARE/samidare.runs/top_block_event_builder_v0_0_0_synth_1/runme.log
[Sun Aug 18 16:56:45 2024] Launched synth_1...
Run output will be captured here: /home/nagafusa/work/spadi/Fakernet/SAMIDARE/samidare.runs/synth_1/runme.log
open_run synth_1 -name synth_1
Design is defaulting to impl run constrset: constrs_1
Design is defaulting to synth run part: xcau15p-sbvb484-1-i
INFO: [Device 21-403] Loading part xcau15p-sbvb484-1-i
INFO: [Project 1-454] Reading design checkpoint '/home/nagafusa/work/spadi/Fakernet/SAMIDARE/samidare.gen/sources_1/bd/top_block/ip/top_block_SAMPA_PON_v1_0_0_0/top_block_SAMPA_PON_v1_0_0_0.dcp' for cell 'top_block_i/SAMPA_PON_v1_0_0'
INFO: [Project 1-454] Reading design checkpoint '/home/nagafusa/work/spadi/Fakernet/SAMIDARE/samidare.gen/sources_1/bd/top_block/ip/top_block_clk_wiz_0_0/top_block_clk_wiz_0_0.dcp' for cell 'top_block_i/clk_wiz_0'
INFO: [Project 1-454] Reading design checkpoint '/home/nagafusa/work/spadi/Fakernet/SAMIDARE/samidare.gen/sources_1/bd/top_block/ip/top_block_clk_wiz_1_0/top_block_clk_wiz_1_0.dcp' for cell 'top_block_i/clk_wiz_1'
INFO: [Project 1-454] Reading design checkpoint '/home/nagafusa/work/spadi/Fakernet/SAMIDARE/samidare.gen/sources_1/bd/top_block/ip/top_block_clk_wiz_2_0/top_block_clk_wiz_2_0.dcp' for cell 'top_block_i/clk_wiz_2'
INFO: [Project 1-454] Reading design checkpoint '/home/nagafusa/work/spadi/Fakernet/SAMIDARE/samidare.gen/sources_1/bd/top_block/ip/top_block_data_gen_user_0_0/top_block_data_gen_user_0_0.dcp' for cell 'top_block_i/data_gen_user_0'
INFO: [Project 1-454] Reading design checkpoint '/home/nagafusa/work/spadi/Fakernet/SAMIDARE/samidare.gen/sources_1/bd/top_block/ip/top_block_iobuf_vhdl_0_0/top_block_iobuf_vhdl_0_0.dcp' for cell 'top_block_i/iobuf_vhdl_0'
INFO: [Project 1-454] Reading design checkpoint '/home/nagafusa/work/spadi/Fakernet/SAMIDARE/samidare.gen/sources_1/bd/top_block/ip/top_block_iobuf_vhdl_1_0/top_block_iobuf_vhdl_1_0.dcp' for cell 'top_block_i/iobuf_vhdl_1'
INFO: [Project 1-454] Reading design checkpoint '/home/nagafusa/work/spadi/Fakernet/SAMIDARE/samidare.gen/sources_1/bd/top_block/ip/top_block_rst_clk_wiz_0_40M_3/top_block_rst_clk_wiz_0_40M_3.dcp' for cell 'top_block_i/rst_clk_wiz_0_40M'
INFO: [Project 1-454] Reading design checkpoint '/home/nagafusa/work/spadi/Fakernet/SAMIDARE/samidare.gen/sources_1/bd/top_block/ip/top_block_util_ds_buf_0_1/top_block_util_ds_buf_0_1.dcp' for cell 'top_block_i/util_ds_buf_0'
INFO: [Project 1-454] Reading design checkpoint '/home/nagafusa/work/spadi/Fakernet/SAMIDARE/samidare.gen/sources_1/bd/top_block/ip/top_block_util_ds_buf_1_1/top_block_util_ds_buf_1_1.dcp' for cell 'top_block_i/util_ds_buf_1'
INFO: [Project 1-454] Reading design checkpoint '/home/nagafusa/work/spadi/Fakernet/SAMIDARE/samidare.gen/sources_1/bd/top_block/ip/top_block_util_ds_buf_2_0/top_block_util_ds_buf_2_0.dcp' for cell 'top_block_i/util_ds_buf_2'
INFO: [Project 1-454] Reading design checkpoint '/home/nagafusa/work/spadi/Fakernet/SAMIDARE/samidare.gen/sources_1/bd/top_block/ip/top_block_util_ds_buf_3_2/top_block_util_ds_buf_3_2.dcp' for cell 'top_block_i/util_ds_buf_3'
INFO: [Project 1-454] Reading design checkpoint '/home/nagafusa/work/spadi/Fakernet/SAMIDARE/samidare.gen/sources_1/bd/top_block/ip/top_block_util_ds_buf_4_1/top_block_util_ds_buf_4_1.dcp' for cell 'top_block_i/util_ds_buf_4'
INFO: [Project 1-454] Reading design checkpoint '/home/nagafusa/work/spadi/Fakernet/SAMIDARE/samidare.gen/sources_1/bd/top_block/ip/top_block_util_ds_buf_5_0/top_block_util_ds_buf_5_0.dcp' for cell 'top_block_i/util_ds_buf_5'
INFO: [Project 1-454] Reading design checkpoint '/home/nagafusa/work/spadi/Fakernet/SAMIDARE/samidare.gen/sources_1/bd/top_block/ip/top_block_util_ds_buf_6_0/top_block_util_ds_buf_6_0.dcp' for cell 'top_block_i/util_ds_buf_6'
INFO: [Project 1-454] Reading design checkpoint '/home/nagafusa/work/spadi/Fakernet/SAMIDARE/samidare.gen/sources_1/bd/top_block/ip/top_block_util_ds_buf_6_1/top_block_util_ds_buf_6_1.dcp' for cell 'top_block_i/util_ds_buf_7'
INFO: [Project 1-454] Reading design checkpoint '/home/nagafusa/work/spadi/Fakernet/SAMIDARE/samidare.gen/sources_1/bd/top_block/ip/top_block_util_ds_buf_7_0/top_block_util_ds_buf_7_0.dcp' for cell 'top_block_i/util_ds_buf_8'
INFO: [Project 1-454] Reading design checkpoint '/home/nagafusa/work/spadi/Fakernet/SAMIDARE/samidare.gen/sources_1/bd/top_block/ip/top_block_util_vector_logic_0_3/top_block_util_vector_logic_0_3.dcp' for cell 'top_block_i/util_vector_logic_0'
INFO: [Project 1-454] Reading design checkpoint '/home/nagafusa/work/spadi/Fakernet/SAMIDARE/samidare.gen/sources_1/bd/top_block/ip/top_block_util_vector_logic_1_3/top_block_util_vector_logic_1_3.dcp' for cell 'top_block_i/util_vector_logic_1'
INFO: [Project 1-454] Reading design checkpoint '/home/nagafusa/work/spadi/Fakernet/SAMIDARE/samidare.gen/sources_1/bd/top_block/ip/top_block_util_vector_logic_2_2/top_block_util_vector_logic_2_2.dcp' for cell 'top_block_i/util_vector_logic_2'
INFO: [Project 1-454] Reading design checkpoint '/home/nagafusa/work/spadi/Fakernet/SAMIDARE/samidare.gen/sources_1/bd/top_block/ip/top_block_I2C_Controller_v1_0_0_1/top_block_I2C_Controller_v1_0_0_1.dcp' for cell 'top_block_i/SAMPA_I2C_wrapper/I2C_Controller_v1_0_0'
INFO: [Project 1-454] Reading design checkpoint '/home/nagafusa/work/spadi/Fakernet/SAMIDARE/samidare.gen/sources_1/bd/top_block/ip/top_block_axi_iic_0_0/top_block_axi_iic_0_0.dcp' for cell 'top_block_i/SAMPA_I2C_wrapper/axi_iic_0'
INFO: [Project 1-454] Reading design checkpoint '/home/nagafusa/work/spadi/Fakernet/SAMIDARE/samidare.gen/sources_1/bd/top_block/ip/top_block_das_rx_0_0/top_block_das_rx_0_0.dcp' for cell 'top_block_i/appUnit/das_rx_0'
INFO: [Project 1-454] Reading design checkpoint '/home/nagafusa/work/spadi/Fakernet/SAMIDARE/samidare.gen/sources_1/bd/top_block/ip/top_block_event_builder_v0_0_0/top_block_event_builder_v0_0_0.dcp' for cell 'top_block_i/appUnit/event_builder_v0_0'
INFO: [Project 1-454] Reading design checkpoint '/home/nagafusa/work/spadi/Fakernet/SAMIDARE/samidare.gen/sources_1/bd/top_block/ip/top_block_vio_0_1/top_block_vio_0_1.dcp' for cell 'top_block_i/appUnit/vio_0'
INFO: [Project 1-454] Reading design checkpoint '/home/nagafusa/work/spadi/Fakernet/SAMIDARE/samidare.gen/sources_1/bd/top_block/ip/top_block_vio_0_2/top_block_vio_0_2.dcp' for cell 'top_block_i/appUnit/vio_1'
INFO: [Project 1-454] Reading design checkpoint '/home/nagafusa/work/spadi/Fakernet/SAMIDARE/samidare.gen/sources_1/bd/top_block/ip/top_block_vio_1_0/top_block_vio_1_0.dcp' for cell 'top_block_i/appUnit/vio_2'
INFO: [Project 1-454] Reading design checkpoint '/home/nagafusa/work/spadi/Fakernet/SAMIDARE/samidare.gen/sources_1/bd/top_block/ip/top_block_vio_2_0/top_block_vio_2_0.dcp' for cell 'top_block_i/appUnit/vio_3'
INFO: [Project 1-454] Reading design checkpoint '/home/nagafusa/work/spadi/Fakernet/SAMIDARE/samidare.gen/sources_1/bd/top_block/ip/top_block_xbar_1/top_block_xbar_1.dcp' for cell 'top_block_i/axi_mem_intercon/xbar'
INFO: [Project 1-454] Reading design checkpoint '/home/nagafusa/work/spadi/Fakernet/SAMIDARE/samidare.gen/sources_1/bd/top_block/ip/top_block_RESET_INST_0_0/top_block_RESET_INST_0_0.dcp' for cell 'top_block_i/fakernet/RESET_INST_0'
INFO: [Project 1-454] Reading design checkpoint '/home/nagafusa/work/spadi/Fakernet/SAMIDARE/samidare.gen/sources_1/bd/top_block/ip/top_block_fakernet_top_0_0/top_block_fakernet_top_0_0.dcp' for cell 'top_block_i/fakernet/fakernet_top_0'
INFO: [Project 1-454] Reading design checkpoint '/home/nagafusa/work/spadi/Fakernet/SAMIDARE/samidare.gen/sources_1/bd/top_block/ip/top_block_gig_ethernet_pcs_pma_0_0/top_block_gig_ethernet_pcs_pma_0_0.dcp' for cell 'top_block_i/fakernet/gig_ethernet_pcs_pma_0'
INFO: [Project 1-454] Reading design checkpoint '/home/nagafusa/work/spadi/Fakernet/SAMIDARE/samidare.gen/sources_1/bd/top_block/ip/top_block_mii_initializer_0_0/top_block_mii_initializer_0_0.dcp' for cell 'top_block_i/fakernet/mii_initializer_0'
INFO: [Project 1-454] Reading design checkpoint '/home/nagafusa/work/spadi/Fakernet/SAMIDARE/samidare.gen/sources_1/bd/top_block/ip/top_block_native_to_axi_lite_v_0_0/top_block_native_to_axi_lite_v_0_0.dcp' for cell 'top_block_i/fakernet/native_to_axi_lite_v_0'
INFO: [Project 1-454] Reading design checkpoint '/home/nagafusa/work/spadi/Fakernet/SAMIDARE/samidare.gen/sources_1/bd/top_block/ip/top_block_reg_switch_0_0/top_block_reg_switch_0_0.dcp' for cell 'top_block_i/fakernet/reg_switch_0'
INFO: [Project 1-454] Reading design checkpoint '/home/nagafusa/work/spadi/Fakernet/SAMIDARE/samidare.gen/sources_1/bd/top_block/ip/top_block_util_vector_logic_0_0/top_block_util_vector_logic_0_0.dcp' for cell 'top_block_i/fakernet/if_gate/util_vector_logic_0'
INFO: [Project 1-454] Reading design checkpoint '/home/nagafusa/work/spadi/Fakernet/SAMIDARE/samidare.gen/sources_1/bd/top_block/ip/top_block_util_vector_logic_1_0/top_block_util_vector_logic_1_0.dcp' for cell 'top_block_i/fakernet/if_gate/util_vector_logic_1'
INFO: [Project 1-454] Reading design checkpoint '/home/nagafusa/work/spadi/Fakernet/SAMIDARE/samidare.gen/sources_1/bd/top_block/ip/top_block_util_vector_logic_2_0/top_block_util_vector_logic_2_0.dcp' for cell 'top_block_i/fakernet/if_gate/util_vector_logic_2'
INFO: [Project 1-454] Reading design checkpoint '/home/nagafusa/work/spadi/Fakernet/SAMIDARE/samidare.gen/sources_1/bd/top_block/ip/top_block_util_vector_logic_1_1/top_block_util_vector_logic_1_1.dcp' for cell 'top_block_i/fakernet/if_gate/util_vector_logic_3'
INFO: [Project 1-454] Reading design checkpoint '/home/nagafusa/work/spadi/Fakernet/SAMIDARE/samidare.gen/sources_1/bd/top_block/ip/top_block_util_vector_logic_0_1/top_block_util_vector_logic_0_1.dcp' for cell 'top_block_i/fakernet/if_gate1/util_vector_logic_0'
INFO: [Project 1-454] Reading design checkpoint '/home/nagafusa/work/spadi/Fakernet/SAMIDARE/samidare.gen/sources_1/bd/top_block/ip/top_block_util_vector_logic_1_2/top_block_util_vector_logic_1_2.dcp' for cell 'top_block_i/fakernet/if_gate1/util_vector_logic_1'
INFO: [Project 1-454] Reading design checkpoint '/home/nagafusa/work/spadi/Fakernet/SAMIDARE/samidare.gen/sources_1/bd/top_block/ip/top_block_util_vector_logic_2_1/top_block_util_vector_logic_2_1.dcp' for cell 'top_block_i/fakernet/if_gate1/util_vector_logic_2'
INFO: [Project 1-454] Reading design checkpoint '/home/nagafusa/work/spadi/Fakernet/SAMIDARE/samidare.gen/sources_1/bd/top_block/ip/top_block_util_vector_logic_3_0/top_block_util_vector_logic_3_0.dcp' for cell 'top_block_i/fakernet/if_gate1/util_vector_logic_3'
INFO: [Project 1-454] Reading design checkpoint '/home/nagafusa/work/spadi/Fakernet/SAMIDARE/samidare.gen/sources_1/bd/top_block/ip/top_block_LED_REG_READ_SEPARAT_0_0/top_block_LED_REG_READ_SEPARAT_0_0.dcp' for cell 'top_block_i/led_module/LED_REG_READ_SEPARAT_0'
INFO: [Project 1-454] Reading design checkpoint '/home/nagafusa/work/spadi/Fakernet/SAMIDARE/samidare.gen/sources_1/bd/top_block/ip/top_block_LED_REG_READ_SEPARAT_1_0/top_block_LED_REG_READ_SEPARAT_1_0.dcp' for cell 'top_block_i/led_module/LED_REG_READ_SEPARAT_1'
INFO: [Project 1-454] Reading design checkpoint '/home/nagafusa/work/spadi/Fakernet/SAMIDARE/samidare.gen/sources_1/bd/top_block/ip/top_block_u_led_inst_0_0/top_block_u_led_inst_0_0.dcp' for cell 'top_block_i/led_module/u_led_inst_0'
INFO: [Project 1-454] Reading design checkpoint '/home/nagafusa/work/spadi/Fakernet/SAMIDARE/samidare.gen/sources_1/bd/top_block/ip/top_block_util_vector_logic_0_2/top_block_util_vector_logic_0_2.dcp' for cell 'top_block_i/led_module/util_vector_logic_0'
INFO: [Project 1-454] Reading design checkpoint '/home/nagafusa/work/spadi/Fakernet/SAMIDARE/samidare.gen/sources_1/bd/top_block/ip/top_block_axi_bram_ctrl_0_0/top_block_axi_bram_ctrl_0_0.dcp' for cell 'top_block_i/reg_bram/axi_bram_ctrl_0'
INFO: [Project 1-454] Reading design checkpoint '/home/nagafusa/work/spadi/Fakernet/SAMIDARE/samidare.gen/sources_1/bd/top_block/ip/top_block_axi_bram_ctrl_1_0/top_block_axi_bram_ctrl_1_0.dcp' for cell 'top_block_i/reg_bram/axi_bram_ctrl_1'
INFO: [Project 1-454] Reading design checkpoint '/home/nagafusa/work/spadi/Fakernet/SAMIDARE/samidare.gen/sources_1/bd/top_block/ip/top_block_blk_mem_gen_0_0/top_block_blk_mem_gen_0_0.dcp' for cell 'top_block_i/reg_bram/blk_mem_gen_0'
INFO: [Project 1-454] Reading design checkpoint '/home/nagafusa/work/spadi/Fakernet/SAMIDARE/samidare.gen/sources_1/bd/top_block/ip/top_block_rst_clk_wiz_0_125M_0/top_block_rst_clk_wiz_0_125M_0.dcp' for cell 'top_block_i/reset/rst_clk_wiz_0_125M'
INFO: [Project 1-454] Reading design checkpoint '/home/nagafusa/work/spadi/Fakernet/SAMIDARE/samidare.gen/sources_1/bd/top_block/ip/top_block_vio_0_0/top_block_vio_0_0.dcp' for cell 'top_block_i/reset/vio_0'
INFO: [Project 1-454] Reading design checkpoint '/home/nagafusa/work/spadi/Fakernet/SAMIDARE/samidare.gen/sources_1/bd/top_block/ip/top_block_xpm_cdc_gen_0_0/top_block_xpm_cdc_gen_0_0.dcp' for cell 'top_block_i/reset/xpm_cdc_gen_0'
INFO: [Project 1-454] Reading design checkpoint '/home/nagafusa/work/spadi/Fakernet/SAMIDARE/.Xil/Vivado-2208923-e16fpga01/gig_ethernet_pcs_pma_0_2/gig_ethernet_pcs_pma_0.dcp' for cell 'top_block_i/fakernet/gig_ethernet_pcs_pma_0/inst/core_support_i/pcs_pma_i'
Netlist sorting complete. Time (s): cpu = 00:00:00.07 ; elapsed = 00:00:00.07 . Memory (MB): peak = 9878.516 ; gain = 0.000 ; free physical = 41930 ; free virtual = 62336
INFO: [Netlist 29-17] Analyzing 324 Unisim elements for replacement
CRITICAL WARNING: [Netlist 29-358] Reg 'top_block_i/fakernet/mii_initializer_0/inst/mdioData_reg[23]' of type 'FDCPE' cannot be timed accurately. Hardware behavior may be unpredictable. Use check_timing command for more information. [/home/nagafusa/work/spadi/Fakernet/SAMIDARE/imports/mii_init.v:82]
Resolution: Recode your design, so that you do not depend on both asynchronous set and reset for your desired functionality.
Convert at least one of them to synchronous signal, or get rid of at least one of those.
Often, the use of "initial" value will help you get rid of one of the asynchronous set/reset signals.
CRITICAL WARNING: [Netlist 29-358] Reg 'top_block_i/fakernet/mii_initializer_0/inst/mdioData_reg[24]' of type 'FDCPE' cannot be timed accurately. Hardware behavior may be unpredictable. Use check_timing command for more information. [/home/nagafusa/work/spadi/Fakernet/SAMIDARE/imports/mii_init.v:82]
Resolution: Recode your design, so that you do not depend on both asynchronous set and reset for your desired functionality.
Convert at least one of them to synchronous signal, or get rid of at least one of those.
Often, the use of "initial" value will help you get rid of one of the asynchronous set/reset signals.
CRITICAL WARNING: [Netlist 29-358] Reg 'top_block_i/fakernet/mii_initializer_0/inst/mdioData_reg[25]' of type 'FDCPE' cannot be timed accurately. Hardware behavior may be unpredictable. Use check_timing command for more information. [/home/nagafusa/work/spadi/Fakernet/SAMIDARE/imports/mii_init.v:82]
Resolution: Recode your design, so that you do not depend on both asynchronous set and reset for your desired functionality.
Convert at least one of them to synchronous signal, or get rid of at least one of those.
Often, the use of "initial" value will help you get rid of one of the asynchronous set/reset signals.
CRITICAL WARNING: [Netlist 29-358] Reg 'top_block_i/fakernet/mii_initializer_0/inst/mdioData_reg[26]' of type 'FDCPE' cannot be timed accurately. Hardware behavior may be unpredictable. Use check_timing command for more information. [/home/nagafusa/work/spadi/Fakernet/SAMIDARE/imports/mii_init.v:82]
Resolution: Recode your design, so that you do not depend on both asynchronous set and reset for your desired functionality.
Convert at least one of them to synchronous signal, or get rid of at least one of those.
Often, the use of "initial" value will help you get rid of one of the asynchronous set/reset signals.
CRITICAL WARNING: [Netlist 29-358] Reg 'top_block_i/fakernet/mii_initializer_0/inst/mdioData_reg[27]' of type 'FDCPE' cannot be timed accurately. Hardware behavior may be unpredictable. Use check_timing command for more information. [/home/nagafusa/work/spadi/Fakernet/SAMIDARE/imports/mii_init.v:82]
Resolution: Recode your design, so that you do not depend on both asynchronous set and reset for your desired functionality.
Convert at least one of them to synchronous signal, or get rid of at least one of those.
Often, the use of "initial" value will help you get rid of one of the asynchronous set/reset signals.
INFO: [Netlist 29-28] Unisim Transformation completed in 0 CPU seconds
WARNING: [Netlist 29-1115] Found multi-term driver net: top_block_i/util_ds_buf_8/U0/<const0>.
WARNING: [Netlist 29-1115] Found multi-term driver net: top_block_i/util_ds_buf_7/U0/<const0>.
WARNING: [Netlist 29-1115] Found multi-term driver net: top_block_i/util_ds_buf_6/U0/<const0>.
WARNING: [Netlist 29-1115] Found multi-term driver net: top_block_i/util_ds_buf_5/U0/<const0>.
WARNING: [Netlist 29-1115] Found multi-term driver net: top_block_i/util_ds_buf_4/U0/<const0>.
WARNING: [Netlist 29-1115] Found multi-term driver net: top_block_i/util_ds_buf_3/U0/<const0>.
WARNING: [Netlist 29-1115] Found multi-term driver net: top_block_i/util_ds_buf_2/U0/<const0>.
WARNING: [Netlist 29-1115] Found multi-term driver net: top_block_i/util_ds_buf_1/U0/<const0>.
WARNING: [Netlist 29-1115] Found multi-term driver net: top_block_i/util_ds_buf_0/U0/<const0>.
INFO: [Project 1-479] Netlist was created with Vivado 2022.2
INFO: [Project 1-570] Preparing netlist for logic optimization
WARNING: [Opt 31-32] Removing redundant IBUF since it is not being driven by a top-level port. top_block_i/clk_wiz_2/inst/clkin1_ibuf 
Resolution: The tool has removed redundant IBUF. To resolve this warning, check for redundant IBUF in the input design.
WARNING: [Constraints 18-550] Could not create 'IBUF_LOW_PWR' constraint because net 'top_block_i/clk_wiz_2/clk_in1' is not directly connected to top level port. Synthesis is ignored for IBUF_LOW_PWR but preserved for implementation.
WARNING: [Constraints 18-550] Could not create 'DRIVE' constraint because net 'top_block_i/iobuf_vhdl_0/i' is not directly connected to top level port. Synthesis is ignored for DRIVE but preserved for implementation.
WARNING: [Constraints 18-550] Could not create 'IBUF_LOW_PWR' constraint because net 'top_block_i/iobuf_vhdl_0/i' is not directly connected to top level port. Synthesis is ignored for IBUF_LOW_PWR but preserved for implementation.
WARNING: [Constraints 18-550] Could not create 'SLEW' constraint because net 'top_block_i/iobuf_vhdl_0/i' is not directly connected to top level port. Synthesis is ignored for SLEW but preserved for implementation.
WARNING: [Constraints 18-550] Could not create 'DRIVE' constraint because net 'top_block_i/iobuf_vhdl_0/o' is not directly connected to top level port. Synthesis is ignored for DRIVE but preserved for implementation.
WARNING: [Constraints 18-550] Could not create 'IBUF_LOW_PWR' constraint because net 'top_block_i/iobuf_vhdl_0/o' is not directly connected to top level port. Synthesis is ignored for IBUF_LOW_PWR but preserved for implementation.
WARNING: [Constraints 18-550] Could not create 'SLEW' constraint because net 'top_block_i/iobuf_vhdl_0/o' is not directly connected to top level port. Synthesis is ignored for SLEW but preserved for implementation.
WARNING: [Constraints 18-550] Could not create 'DRIVE' constraint because net 'top_block_i/iobuf_vhdl_0/t' is not directly connected to top level port. Synthesis is ignored for DRIVE but preserved for implementation.
WARNING: [Constraints 18-550] Could not create 'IBUF_LOW_PWR' constraint because net 'top_block_i/iobuf_vhdl_0/t' is not directly connected to top level port. Synthesis is ignored for IBUF_LOW_PWR but preserved for implementation.
WARNING: [Constraints 18-550] Could not create 'SLEW' constraint because net 'top_block_i/iobuf_vhdl_0/t' is not directly connected to top level port. Synthesis is ignored for SLEW but preserved for implementation.
WARNING: [Constraints 18-550] Could not create 'DRIVE' constraint because net 'top_block_i/iobuf_vhdl_1/i' is not directly connected to top level port. Synthesis is ignored for DRIVE but preserved for implementation.
WARNING: [Constraints 18-550] Could not create 'IBUF_LOW_PWR' constraint because net 'top_block_i/iobuf_vhdl_1/i' is not directly connected to top level port. Synthesis is ignored for IBUF_LOW_PWR but preserved for implementation.
WARNING: [Constraints 18-550] Could not create 'SLEW' constraint because net 'top_block_i/iobuf_vhdl_1/i' is not directly connected to top level port. Synthesis is ignored for SLEW but preserved for implementation.
WARNING: [Constraints 18-550] Could not create 'DRIVE' constraint because net 'top_block_i/iobuf_vhdl_1/o' is not directly connected to top level port. Synthesis is ignored for DRIVE but preserved for implementation.
WARNING: [Constraints 18-550] Could not create 'IBUF_LOW_PWR' constraint because net 'top_block_i/iobuf_vhdl_1/o' is not directly connected to top level port. Synthesis is ignored for IBUF_LOW_PWR but preserved for implementation.
WARNING: [Constraints 18-550] Could not create 'SLEW' constraint because net 'top_block_i/iobuf_vhdl_1/o' is not directly connected to top level port. Synthesis is ignored for SLEW but preserved for implementation.
WARNING: [Constraints 18-550] Could not create 'DRIVE' constraint because net 'top_block_i/iobuf_vhdl_1/t' is not directly connected to top level port. Synthesis is ignored for DRIVE but preserved for implementation.
WARNING: [Constraints 18-550] Could not create 'IBUF_LOW_PWR' constraint because net 'top_block_i/iobuf_vhdl_1/t' is not directly connected to top level port. Synthesis is ignored for IBUF_LOW_PWR but preserved for implementation.
WARNING: [Constraints 18-550] Could not create 'SLEW' constraint because net 'top_block_i/iobuf_vhdl_1/t' is not directly connected to top level port. Synthesis is ignored for SLEW but preserved for implementation.
WARNING: [Constraints 18-550] Could not create 'SLEW' constraint because net 'top_block_i/util_ds_buf_0/OBUF_IN[0]' is not directly connected to top level port. Synthesis is ignored for SLEW but preserved for implementation.
WARNING: [Constraints 18-550] Could not create 'SLEW' constraint because net 'top_block_i/util_ds_buf_0/OBUF_IN[1]' is not directly connected to top level port. Synthesis is ignored for SLEW but preserved for implementation.
WARNING: [Constraints 18-550] Could not create 'SLEW' constraint because net 'top_block_i/util_ds_buf_0/OBUF_IN[2]' is not directly connected to top level port. Synthesis is ignored for SLEW but preserved for implementation.
WARNING: [Constraints 18-550] Could not create 'SLEW' constraint because net 'top_block_i/util_ds_buf_0/OBUF_IN[3]' is not directly connected to top level port. Synthesis is ignored for SLEW but preserved for implementation.
WARNING: [Constraints 18-550] Could not create 'SLEW' constraint because net 'top_block_i/util_ds_buf_1/OBUF_IN[0]' is not directly connected to top level port. Synthesis is ignored for SLEW but preserved for implementation.
WARNING: [Constraints 18-550] Could not create 'SLEW' constraint because net 'top_block_i/util_ds_buf_1/OBUF_IN[1]' is not directly connected to top level port. Synthesis is ignored for SLEW but preserved for implementation.
WARNING: [Constraints 18-550] Could not create 'SLEW' constraint because net 'top_block_i/util_ds_buf_1/OBUF_IN[2]' is not directly connected to top level port. Synthesis is ignored for SLEW but preserved for implementation.
WARNING: [Constraints 18-550] Could not create 'SLEW' constraint because net 'top_block_i/util_ds_buf_1/OBUF_IN[3]' is not directly connected to top level port. Synthesis is ignored for SLEW but preserved for implementation.
WARNING: [Constraints 18-550] Could not create 'SLEW' constraint because net 'top_block_i/util_ds_buf_2/OBUF_IN[0]' is not directly connected to top level port. Synthesis is ignored for SLEW but preserved for implementation.
WARNING: [Constraints 18-550] Could not create 'SLEW' constraint because net 'top_block_i/util_ds_buf_2/OBUF_IN[1]' is not directly connected to top level port. Synthesis is ignored for SLEW but preserved for implementation.
WARNING: [Constraints 18-550] Could not create 'SLEW' constraint because net 'top_block_i/util_ds_buf_2/OBUF_IN[2]' is not directly connected to top level port. Synthesis is ignored for SLEW but preserved for implementation.
WARNING: [Constraints 18-550] Could not create 'SLEW' constraint because net 'top_block_i/util_ds_buf_2/OBUF_IN[3]' is not directly connected to top level port. Synthesis is ignored for SLEW but preserved for implementation.
WARNING: [Constraints 18-550] Could not create 'SLEW' constraint because net 'top_block_i/util_ds_buf_3/OBUF_IN[0]' is not directly connected to top level port. Synthesis is ignored for SLEW but preserved for implementation.
WARNING: [Constraints 18-550] Could not create 'SLEW' constraint because net 'top_block_i/util_ds_buf_4/OBUF_IN[0]' is not directly connected to top level port. Synthesis is ignored for SLEW but preserved for implementation.
WARNING: [Constraints 18-550] Could not create 'IBUF_LOW_PWR' constraint because net 'top_block_i/util_ds_buf_5/IBUF_OUT[0]' is not directly connected to top level port. Synthesis is ignored for IBUF_LOW_PWR but preserved for implementation.
WARNING: [Constraints 18-550] Could not create 'IBUF_LOW_PWR' constraint because net 'top_block_i/util_ds_buf_5/IBUF_OUT[10]' is not directly connected to top level port. Synthesis is ignored for IBUF_LOW_PWR but preserved for implementation.
WARNING: [Constraints 18-550] Could not create 'IBUF_LOW_PWR' constraint because net 'top_block_i/util_ds_buf_5/IBUF_OUT[1]' is not directly connected to top level port. Synthesis is ignored for IBUF_LOW_PWR but preserved for implementation.
WARNING: [Constraints 18-550] Could not create 'IBUF_LOW_PWR' constraint because net 'top_block_i/util_ds_buf_5/IBUF_OUT[2]' is not directly connected to top level port. Synthesis is ignored for IBUF_LOW_PWR but preserved for implementation.
WARNING: [Constraints 18-550] Could not create 'IBUF_LOW_PWR' constraint because net 'top_block_i/util_ds_buf_5/IBUF_OUT[3]' is not directly connected to top level port. Synthesis is ignored for IBUF_LOW_PWR but preserved for implementation.
WARNING: [Constraints 18-550] Could not create 'IBUF_LOW_PWR' constraint because net 'top_block_i/util_ds_buf_5/IBUF_OUT[4]' is not directly connected to top level port. Synthesis is ignored for IBUF_LOW_PWR but preserved for implementation.
WARNING: [Constraints 18-550] Could not create 'IBUF_LOW_PWR' constraint because net 'top_block_i/util_ds_buf_5/IBUF_OUT[5]' is not directly connected to top level port. Synthesis is ignored for IBUF_LOW_PWR but preserved for implementation.
WARNING: [Constraints 18-550] Could not create 'IBUF_LOW_PWR' constraint because net 'top_block_i/util_ds_buf_5/IBUF_OUT[6]' is not directly connected to top level port. Synthesis is ignored for IBUF_LOW_PWR but preserved for implementation.
WARNING: [Constraints 18-550] Could not create 'IBUF_LOW_PWR' constraint because net 'top_block_i/util_ds_buf_5/IBUF_OUT[7]' is not directly connected to top level port. Synthesis is ignored for IBUF_LOW_PWR but preserved for implementation.
WARNING: [Constraints 18-550] Could not create 'IBUF_LOW_PWR' constraint because net 'top_block_i/util_ds_buf_5/IBUF_OUT[8]' is not directly connected to top level port. Synthesis is ignored for IBUF_LOW_PWR but preserved for implementation.
WARNING: [Constraints 18-550] Could not create 'IBUF_LOW_PWR' constraint because net 'top_block_i/util_ds_buf_5/IBUF_OUT[9]' is not directly connected to top level port. Synthesis is ignored for IBUF_LOW_PWR but preserved for implementation.
WARNING: [Constraints 18-550] Could not create 'IBUF_LOW_PWR' constraint because net 'top_block_i/util_ds_buf_6/IBUF_OUT[0]' is not directly connected to top level port. Synthesis is ignored for IBUF_LOW_PWR but preserved for implementation.
WARNING: [Constraints 18-550] Could not create 'IBUF_LOW_PWR' constraint because net 'top_block_i/util_ds_buf_6/IBUF_OUT[10]' is not directly connected to top level port. Synthesis is ignored for IBUF_LOW_PWR but preserved for implementation.
WARNING: [Constraints 18-550] Could not create 'IBUF_LOW_PWR' constraint because net 'top_block_i/util_ds_buf_6/IBUF_OUT[1]' is not directly connected to top level port. Synthesis is ignored for IBUF_LOW_PWR but preserved for implementation.
WARNING: [Constraints 18-550] Could not create 'IBUF_LOW_PWR' constraint because net 'top_block_i/util_ds_buf_6/IBUF_OUT[2]' is not directly connected to top level port. Synthesis is ignored for IBUF_LOW_PWR but preserved for implementation.
WARNING: [Constraints 18-550] Could not create 'IBUF_LOW_PWR' constraint because net 'top_block_i/util_ds_buf_6/IBUF_OUT[3]' is not directly connected to top level port. Synthesis is ignored for IBUF_LOW_PWR but preserved for implementation.
WARNING: [Constraints 18-550] Could not create 'IBUF_LOW_PWR' constraint because net 'top_block_i/util_ds_buf_6/IBUF_OUT[4]' is not directly connected to top level port. Synthesis is ignored for IBUF_LOW_PWR but preserved for implementation.
WARNING: [Constraints 18-550] Could not create 'IBUF_LOW_PWR' constraint because net 'top_block_i/util_ds_buf_6/IBUF_OUT[5]' is not directly connected to top level port. Synthesis is ignored for IBUF_LOW_PWR but preserved for implementation.
WARNING: [Constraints 18-550] Could not create 'IBUF_LOW_PWR' constraint because net 'top_block_i/util_ds_buf_6/IBUF_OUT[6]' is not directly connected to top level port. Synthesis is ignored for IBUF_LOW_PWR but preserved for implementation.
WARNING: [Constraints 18-550] Could not create 'IBUF_LOW_PWR' constraint because net 'top_block_i/util_ds_buf_6/IBUF_OUT[7]' is not directly connected to top level port. Synthesis is ignored for IBUF_LOW_PWR but preserved for implementation.
WARNING: [Constraints 18-550] Could not create 'IBUF_LOW_PWR' constraint because net 'top_block_i/util_ds_buf_6/IBUF_OUT[8]' is not directly connected to top level port. Synthesis is ignored for IBUF_LOW_PWR but preserved for implementation.
WARNING: [Constraints 18-550] Could not create 'IBUF_LOW_PWR' constraint because net 'top_block_i/util_ds_buf_6/IBUF_OUT[9]' is not directly connected to top level port. Synthesis is ignored for IBUF_LOW_PWR but preserved for implementation.
WARNING: [Constraints 18-550] Could not create 'IBUF_LOW_PWR' constraint because net 'top_block_i/util_ds_buf_7/IBUF_OUT[0]' is not directly connected to top level port. Synthesis is ignored for IBUF_LOW_PWR but preserved for implementation.
WARNING: [Constraints 18-550] Could not create 'IBUF_LOW_PWR' constraint because net 'top_block_i/util_ds_buf_7/IBUF_OUT[10]' is not directly connected to top level port. Synthesis is ignored for IBUF_LOW_PWR but preserved for implementation.
WARNING: [Constraints 18-550] Could not create 'IBUF_LOW_PWR' constraint because net 'top_block_i/util_ds_buf_7/IBUF_OUT[1]' is not directly connected to top level port. Synthesis is ignored for IBUF_LOW_PWR but preserved for implementation.
WARNING: [Constraints 18-550] Could not create 'IBUF_LOW_PWR' constraint because net 'top_block_i/util_ds_buf_7/IBUF_OUT[2]' is not directly connected to top level port. Synthesis is ignored for IBUF_LOW_PWR but preserved for implementation.
WARNING: [Constraints 18-550] Could not create 'IBUF_LOW_PWR' constraint because net 'top_block_i/util_ds_buf_7/IBUF_OUT[3]' is not directly connected to top level port. Synthesis is ignored for IBUF_LOW_PWR but preserved for implementation.
WARNING: [Constraints 18-550] Could not create 'IBUF_LOW_PWR' constraint because net 'top_block_i/util_ds_buf_7/IBUF_OUT[4]' is not directly connected to top level port. Synthesis is ignored for IBUF_LOW_PWR but preserved for implementation.
WARNING: [Constraints 18-550] Could not create 'IBUF_LOW_PWR' constraint because net 'top_block_i/util_ds_buf_7/IBUF_OUT[5]' is not directly connected to top level port. Synthesis is ignored for IBUF_LOW_PWR but preserved for implementation.
WARNING: [Constraints 18-550] Could not create 'IBUF_LOW_PWR' constraint because net 'top_block_i/util_ds_buf_7/IBUF_OUT[6]' is not directly connected to top level port. Synthesis is ignored for IBUF_LOW_PWR but preserved for implementation.
WARNING: [Constraints 18-550] Could not create 'IBUF_LOW_PWR' constraint because net 'top_block_i/util_ds_buf_7/IBUF_OUT[7]' is not directly connected to top level port. Synthesis is ignored for IBUF_LOW_PWR but preserved for implementation.
WARNING: [Constraints 18-550] Could not create 'IBUF_LOW_PWR' constraint because net 'top_block_i/util_ds_buf_7/IBUF_OUT[8]' is not directly connected to top level port. Synthesis is ignored for IBUF_LOW_PWR but preserved for implementation.
WARNING: [Constraints 18-550] Could not create 'IBUF_LOW_PWR' constraint because net 'top_block_i/util_ds_buf_7/IBUF_OUT[9]' is not directly connected to top level port. Synthesis is ignored for IBUF_LOW_PWR but preserved for implementation.
WARNING: [Constraints 18-550] Could not create 'IBUF_LOW_PWR' constraint because net 'top_block_i/util_ds_buf_8/IBUF_OUT[0]' is not directly connected to top level port. Synthesis is ignored for IBUF_LOW_PWR but preserved for implementation.
WARNING: [Constraints 18-550] Could not create 'IBUF_LOW_PWR' constraint because net 'top_block_i/util_ds_buf_8/IBUF_OUT[10]' is not directly connected to top level port. Synthesis is ignored for IBUF_LOW_PWR but preserved for implementation.
WARNING: [Constraints 18-550] Could not create 'IBUF_LOW_PWR' constraint because net 'top_block_i/util_ds_buf_8/IBUF_OUT[1]' is not directly connected to top level port. Synthesis is ignored for IBUF_LOW_PWR but preserved for implementation.
WARNING: [Constraints 18-550] Could not create 'IBUF_LOW_PWR' constraint because net 'top_block_i/util_ds_buf_8/IBUF_OUT[2]' is not directly connected to top level port. Synthesis is ignored for IBUF_LOW_PWR but preserved for implementation.
WARNING: [Constraints 18-550] Could not create 'IBUF_LOW_PWR' constraint because net 'top_block_i/util_ds_buf_8/IBUF_OUT[3]' is not directly connected to top level port. Synthesis is ignored for IBUF_LOW_PWR but preserved for implementation.
WARNING: [Constraints 18-550] Could not create 'IBUF_LOW_PWR' constraint because net 'top_block_i/util_ds_buf_8/IBUF_OUT[4]' is not directly connected to top level port. Synthesis is ignored for IBUF_LOW_PWR but preserved for implementation.
WARNING: [Constraints 18-550] Could not create 'IBUF_LOW_PWR' constraint because net 'top_block_i/util_ds_buf_8/IBUF_OUT[5]' is not directly connected to top level port. Synthesis is ignored for IBUF_LOW_PWR but preserved for implementation.
WARNING: [Constraints 18-550] Could not create 'IBUF_LOW_PWR' constraint because net 'top_block_i/util_ds_buf_8/IBUF_OUT[6]' is not directly connected to top level port. Synthesis is ignored for IBUF_LOW_PWR but preserved for implementation.
WARNING: [Constraints 18-550] Could not create 'IBUF_LOW_PWR' constraint because net 'top_block_i/util_ds_buf_8/IBUF_OUT[7]' is not directly connected to top level port. Synthesis is ignored for IBUF_LOW_PWR but preserved for implementation.
WARNING: [Constraints 18-550] Could not create 'IBUF_LOW_PWR' constraint because net 'top_block_i/util_ds_buf_8/IBUF_OUT[8]' is not directly connected to top level port. Synthesis is ignored for IBUF_LOW_PWR but preserved for implementation.
WARNING: [Constraints 18-550] Could not create 'IBUF_LOW_PWR' constraint because net 'top_block_i/util_ds_buf_8/IBUF_OUT[9]' is not directly connected to top level port. Synthesis is ignored for IBUF_LOW_PWR but preserved for implementation.
INFO: [Chipscope 16-324] Core: top_block_i/appUnit/vio_0 UUID: 13660d3d-e6ea-5d97-bf24-94a8dafa59e8 
INFO: [Chipscope 16-324] Core: top_block_i/appUnit/vio_1 UUID: 8a544e20-624d-5c74-96ca-e01c0462adf8 
INFO: [Chipscope 16-324] Core: top_block_i/appUnit/vio_2 UUID: d7e1c2b4-e406-55fd-9524-4ee872a54a61 
INFO: [Chipscope 16-324] Core: top_block_i/appUnit/vio_3 UUID: 732c2164-c5ec-5a09-8cc3-0c8be781922a 
INFO: [Chipscope 16-324] Core: top_block_i/reset/vio_0 UUID: 499384b9-f309-5737-b91f-db55ccc11929 
Parsing XDC File [/home/nagafusa/work/spadi/Fakernet/SAMIDARE/samidare.gen/sources_1/bd/top_block/ip/top_block_clk_wiz_2_0/top_block_clk_wiz_2_0_board.xdc] for cell 'top_block_i/clk_wiz_2/inst'
Finished Parsing XDC File [/home/nagafusa/work/spadi/Fakernet/SAMIDARE/samidare.gen/sources_1/bd/top_block/ip/top_block_clk_wiz_2_0/top_block_clk_wiz_2_0_board.xdc] for cell 'top_block_i/clk_wiz_2/inst'
Parsing XDC File [/home/nagafusa/work/spadi/Fakernet/SAMIDARE/samidare.srcs/sources_1/ip/gig_ethernet_pcs_pma_0_2/synth/gig_ethernet_pcs_pma_0_clocks.xdc] for cell 'top_block_i/fakernet/gig_ethernet_pcs_pma_0/inst/core_support_i/pcs_pma_i/inst'
Finished Parsing XDC File [/home/nagafusa/work/spadi/Fakernet/SAMIDARE/samidare.srcs/sources_1/ip/gig_ethernet_pcs_pma_0_2/synth/gig_ethernet_pcs_pma_0_clocks.xdc] for cell 'top_block_i/fakernet/gig_ethernet_pcs_pma_0/inst/core_support_i/pcs_pma_i/inst'
Parsing XDC File [/home/nagafusa/work/spadi/Fakernet/SAMIDARE/samidare.srcs/sources_1/ip/gig_ethernet_pcs_pma_0_2/gig_ethernet_pcs_pma_0_board.xdc] for cell 'top_block_i/fakernet/gig_ethernet_pcs_pma_0/inst/core_support_i/pcs_pma_i/inst'
Finished Parsing XDC File [/home/nagafusa/work/spadi/Fakernet/SAMIDARE/samidare.srcs/sources_1/ip/gig_ethernet_pcs_pma_0_2/gig_ethernet_pcs_pma_0_board.xdc] for cell 'top_block_i/fakernet/gig_ethernet_pcs_pma_0/inst/core_support_i/pcs_pma_i/inst'
Parsing XDC File [/home/nagafusa/work/spadi/Fakernet/SAMIDARE/samidare.gen/sources_1/bd/top_block/ip/top_block_vio_0_1/top_block_vio_0_1.xdc] for cell 'top_block_i/appUnit/vio_0'
Finished Parsing XDC File [/home/nagafusa/work/spadi/Fakernet/SAMIDARE/samidare.gen/sources_1/bd/top_block/ip/top_block_vio_0_1/top_block_vio_0_1.xdc] for cell 'top_block_i/appUnit/vio_0'
Parsing XDC File [/home/nagafusa/work/spadi/Fakernet/SAMIDARE/samidare.gen/sources_1/bd/top_block/ip/top_block_vio_0_2/top_block_vio_0_2.xdc] for cell 'top_block_i/appUnit/vio_1'
Finished Parsing XDC File [/home/nagafusa/work/spadi/Fakernet/SAMIDARE/samidare.gen/sources_1/bd/top_block/ip/top_block_vio_0_2/top_block_vio_0_2.xdc] for cell 'top_block_i/appUnit/vio_1'
Parsing XDC File [/home/nagafusa/work/spadi/Fakernet/SAMIDARE/samidare.gen/sources_1/bd/top_block/ip/top_block_vio_2_0/top_block_vio_2_0.xdc] for cell 'top_block_i/appUnit/vio_3'
Finished Parsing XDC File [/home/nagafusa/work/spadi/Fakernet/SAMIDARE/samidare.gen/sources_1/bd/top_block/ip/top_block_vio_2_0/top_block_vio_2_0.xdc] for cell 'top_block_i/appUnit/vio_3'
Parsing XDC File [/home/nagafusa/work/spadi/Fakernet/SAMIDARE/samidare.gen/sources_1/bd/top_block/ip/top_block_vio_1_0/top_block_vio_1_0.xdc] for cell 'top_block_i/appUnit/vio_2'
Finished Parsing XDC File [/home/nagafusa/work/spadi/Fakernet/SAMIDARE/samidare.gen/sources_1/bd/top_block/ip/top_block_vio_1_0/top_block_vio_1_0.xdc] for cell 'top_block_i/appUnit/vio_2'
Parsing XDC File [/home/nagafusa/work/spadi/Fakernet/SAMIDARE/samidare.gen/sources_1/bd/top_block/ip/top_block_util_ds_buf_7_0/top_block_util_ds_buf_7_0_board.xdc] for cell 'top_block_i/util_ds_buf_8/U0'
Finished Parsing XDC File [/home/nagafusa/work/spadi/Fakernet/SAMIDARE/samidare.gen/sources_1/bd/top_block/ip/top_block_util_ds_buf_7_0/top_block_util_ds_buf_7_0_board.xdc] for cell 'top_block_i/util_ds_buf_8/U0'
Parsing XDC File [/home/nagafusa/work/spadi/Fakernet/SAMIDARE/samidare.gen/sources_1/bd/top_block/ip/top_block_util_ds_buf_6_1/top_block_util_ds_buf_6_1_board.xdc] for cell 'top_block_i/util_ds_buf_7/U0'
Finished Parsing XDC File [/home/nagafusa/work/spadi/Fakernet/SAMIDARE/samidare.gen/sources_1/bd/top_block/ip/top_block_util_ds_buf_6_1/top_block_util_ds_buf_6_1_board.xdc] for cell 'top_block_i/util_ds_buf_7/U0'
Parsing XDC File [/home/nagafusa/work/spadi/Fakernet/SAMIDARE/samidare.gen/sources_1/bd/top_block/ip/top_block_util_ds_buf_6_0/top_block_util_ds_buf_6_0_board.xdc] for cell 'top_block_i/util_ds_buf_6/U0'
Finished Parsing XDC File [/home/nagafusa/work/spadi/Fakernet/SAMIDARE/samidare.gen/sources_1/bd/top_block/ip/top_block_util_ds_buf_6_0/top_block_util_ds_buf_6_0_board.xdc] for cell 'top_block_i/util_ds_buf_6/U0'
Parsing XDC File [/home/nagafusa/work/spadi/Fakernet/SAMIDARE/samidare.gen/sources_1/bd/top_block/ip/top_block_util_ds_buf_5_0/top_block_util_ds_buf_5_0_board.xdc] for cell 'top_block_i/util_ds_buf_5/U0'
Finished Parsing XDC File [/home/nagafusa/work/spadi/Fakernet/SAMIDARE/samidare.gen/sources_1/bd/top_block/ip/top_block_util_ds_buf_5_0/top_block_util_ds_buf_5_0_board.xdc] for cell 'top_block_i/util_ds_buf_5/U0'
Parsing XDC File [/home/nagafusa/work/spadi/Fakernet/SAMIDARE/samidare.gen/sources_1/bd/top_block/ip/top_block_util_ds_buf_3_2/top_block_util_ds_buf_3_2_board.xdc] for cell 'top_block_i/util_ds_buf_3/U0'
Finished Parsing XDC File [/home/nagafusa/work/spadi/Fakernet/SAMIDARE/samidare.gen/sources_1/bd/top_block/ip/top_block_util_ds_buf_3_2/top_block_util_ds_buf_3_2_board.xdc] for cell 'top_block_i/util_ds_buf_3/U0'
Parsing XDC File [/home/nagafusa/work/spadi/Fakernet/SAMIDARE/samidare.gen/sources_1/bd/top_block/ip/top_block_util_ds_buf_4_1/top_block_util_ds_buf_4_1_board.xdc] for cell 'top_block_i/util_ds_buf_4/U0'
Finished Parsing XDC File [/home/nagafusa/work/spadi/Fakernet/SAMIDARE/samidare.gen/sources_1/bd/top_block/ip/top_block_util_ds_buf_4_1/top_block_util_ds_buf_4_1_board.xdc] for cell 'top_block_i/util_ds_buf_4/U0'
Parsing XDC File [/home/nagafusa/work/spadi/Fakernet/SAMIDARE/samidare.gen/sources_1/bd/top_block/ip/top_block_clk_wiz_2_0/top_block_clk_wiz_2_0.xdc] for cell 'top_block_i/clk_wiz_2/inst'
INFO: [Timing 38-35] Done setting XDC timing constraints. [/home/nagafusa/work/spadi/Fakernet/SAMIDARE/samidare.gen/sources_1/bd/top_block/ip/top_block_clk_wiz_2_0/top_block_clk_wiz_2_0.xdc:57]
INFO: [Timing 38-2] Deriving generated clocks [/home/nagafusa/work/spadi/Fakernet/SAMIDARE/samidare.gen/sources_1/bd/top_block/ip/top_block_clk_wiz_2_0/top_block_clk_wiz_2_0.xdc:57]
Finished Parsing XDC File [/home/nagafusa/work/spadi/Fakernet/SAMIDARE/samidare.gen/sources_1/bd/top_block/ip/top_block_clk_wiz_2_0/top_block_clk_wiz_2_0.xdc] for cell 'top_block_i/clk_wiz_2/inst'
Parsing XDC File [/home/nagafusa/work/spadi/Fakernet/SAMIDARE/samidare.srcs/sources_1/ip/gig_ethernet_pcs_pma_0_gt/synth/gig_ethernet_pcs_pma_0_gt.xdc] for cell 'top_block_i/fakernet/gig_ethernet_pcs_pma_0/inst/core_support_i/gig_ethernet_pcs_pma_0_gt_i/inst'
Finished Parsing XDC File [/home/nagafusa/work/spadi/Fakernet/SAMIDARE/samidare.srcs/sources_1/ip/gig_ethernet_pcs_pma_0_gt/synth/gig_ethernet_pcs_pma_0_gt.xdc] for cell 'top_block_i/fakernet/gig_ethernet_pcs_pma_0/inst/core_support_i/gig_ethernet_pcs_pma_0_gt_i/inst'
Parsing XDC File [/home/nagafusa/work/spadi/Fakernet/SAMIDARE/samidare.gen/sources_1/bd/top_block/ip/top_block_util_ds_buf_2_0/top_block_util_ds_buf_2_0_board.xdc] for cell 'top_block_i/util_ds_buf_2/U0'
Finished Parsing XDC File [/home/nagafusa/work/spadi/Fakernet/SAMIDARE/samidare.gen/sources_1/bd/top_block/ip/top_block_util_ds_buf_2_0/top_block_util_ds_buf_2_0_board.xdc] for cell 'top_block_i/util_ds_buf_2/U0'
Parsing XDC File [/home/nagafusa/work/spadi/Fakernet/SAMIDARE/samidare.gen/sources_1/bd/top_block/ip/top_block_util_ds_buf_1_1/top_block_util_ds_buf_1_1_board.xdc] for cell 'top_block_i/util_ds_buf_1/U0'
Finished Parsing XDC File [/home/nagafusa/work/spadi/Fakernet/SAMIDARE/samidare.gen/sources_1/bd/top_block/ip/top_block_util_ds_buf_1_1/top_block_util_ds_buf_1_1_board.xdc] for cell 'top_block_i/util_ds_buf_1/U0'
Parsing XDC File [/home/nagafusa/work/spadi/Fakernet/SAMIDARE/samidare.gen/sources_1/bd/top_block/ip/top_block_util_ds_buf_0_1/top_block_util_ds_buf_0_1_board.xdc] for cell 'top_block_i/util_ds_buf_0/U0'
Finished Parsing XDC File [/home/nagafusa/work/spadi/Fakernet/SAMIDARE/samidare.gen/sources_1/bd/top_block/ip/top_block_util_ds_buf_0_1/top_block_util_ds_buf_0_1_board.xdc] for cell 'top_block_i/util_ds_buf_0/U0'
Parsing XDC File [/home/nagafusa/work/spadi/Fakernet/SAMIDARE/samidare.gen/sources_1/bd/top_block/ip/top_block_clk_wiz_1_0/top_block_clk_wiz_1_0.xdc] for cell 'top_block_i/clk_wiz_1/inst'
Finished Parsing XDC File [/home/nagafusa/work/spadi/Fakernet/SAMIDARE/samidare.gen/sources_1/bd/top_block/ip/top_block_clk_wiz_1_0/top_block_clk_wiz_1_0.xdc] for cell 'top_block_i/clk_wiz_1/inst'
Parsing XDC File [/home/nagafusa/work/spadi/Fakernet/SAMIDARE/samidare.gen/sources_1/bd/top_block/ip/top_block_clk_wiz_1_0/top_block_clk_wiz_1_0_board.xdc] for cell 'top_block_i/clk_wiz_1/inst'
Finished Parsing XDC File [/home/nagafusa/work/spadi/Fakernet/SAMIDARE/samidare.gen/sources_1/bd/top_block/ip/top_block_clk_wiz_1_0/top_block_clk_wiz_1_0_board.xdc] for cell 'top_block_i/clk_wiz_1/inst'
Parsing XDC File [/home/nagafusa/work/spadi/Fakernet/SAMIDARE/samidare.gen/sources_1/bd/top_block/ip/top_block_rst_clk_wiz_0_40M_3/top_block_rst_clk_wiz_0_40M_3.xdc] for cell 'top_block_i/rst_clk_wiz_0_40M/U0'
Finished Parsing XDC File [/home/nagafusa/work/spadi/Fakernet/SAMIDARE/samidare.gen/sources_1/bd/top_block/ip/top_block_rst_clk_wiz_0_40M_3/top_block_rst_clk_wiz_0_40M_3.xdc] for cell 'top_block_i/rst_clk_wiz_0_40M/U0'
Parsing XDC File [/home/nagafusa/work/spadi/Fakernet/SAMIDARE/samidare.gen/sources_1/bd/top_block/ip/top_block_rst_clk_wiz_0_40M_3/top_block_rst_clk_wiz_0_40M_3_board.xdc] for cell 'top_block_i/rst_clk_wiz_0_40M/U0'
Finished Parsing XDC File [/home/nagafusa/work/spadi/Fakernet/SAMIDARE/samidare.gen/sources_1/bd/top_block/ip/top_block_rst_clk_wiz_0_40M_3/top_block_rst_clk_wiz_0_40M_3_board.xdc] for cell 'top_block_i/rst_clk_wiz_0_40M/U0'
Parsing XDC File [/home/nagafusa/work/spadi/Fakernet/SAMIDARE/samidare.gen/sources_1/bd/top_block/ip/top_block_axi_iic_0_0/top_block_axi_iic_0_0_board.xdc] for cell 'top_block_i/SAMPA_I2C_wrapper/axi_iic_0/U0'
Finished Parsing XDC File [/home/nagafusa/work/spadi/Fakernet/SAMIDARE/samidare.gen/sources_1/bd/top_block/ip/top_block_axi_iic_0_0/top_block_axi_iic_0_0_board.xdc] for cell 'top_block_i/SAMPA_I2C_wrapper/axi_iic_0/U0'
Parsing XDC File [/home/nagafusa/work/spadi/Fakernet/SAMIDARE/samidare.gen/sources_1/bd/top_block/ip/top_block_rst_clk_wiz_0_125M_0/top_block_rst_clk_wiz_0_125M_0.xdc] for cell 'top_block_i/reset/rst_clk_wiz_0_125M/U0'
Finished Parsing XDC File [/home/nagafusa/work/spadi/Fakernet/SAMIDARE/samidare.gen/sources_1/bd/top_block/ip/top_block_rst_clk_wiz_0_125M_0/top_block_rst_clk_wiz_0_125M_0.xdc] for cell 'top_block_i/reset/rst_clk_wiz_0_125M/U0'
Parsing XDC File [/home/nagafusa/work/spadi/Fakernet/SAMIDARE/samidare.gen/sources_1/bd/top_block/ip/top_block_rst_clk_wiz_0_125M_0/top_block_rst_clk_wiz_0_125M_0_board.xdc] for cell 'top_block_i/reset/rst_clk_wiz_0_125M/U0'
Finished Parsing XDC File [/home/nagafusa/work/spadi/Fakernet/SAMIDARE/samidare.gen/sources_1/bd/top_block/ip/top_block_rst_clk_wiz_0_125M_0/top_block_rst_clk_wiz_0_125M_0_board.xdc] for cell 'top_block_i/reset/rst_clk_wiz_0_125M/U0'
Parsing XDC File [/home/nagafusa/work/spadi/Fakernet/SAMIDARE/samidare.gen/sources_1/bd/top_block/ip/top_block_vio_0_0/top_block_vio_0_0.xdc] for cell 'top_block_i/reset/vio_0'
Finished Parsing XDC File [/home/nagafusa/work/spadi/Fakernet/SAMIDARE/samidare.gen/sources_1/bd/top_block/ip/top_block_vio_0_0/top_block_vio_0_0.xdc] for cell 'top_block_i/reset/vio_0'
Parsing XDC File [/home/nagafusa/work/spadi/Fakernet/SAMIDARE/samidare.gen/sources_1/bd/top_block/ip/top_block_clk_wiz_0_0/top_block_clk_wiz_0_0.xdc] for cell 'top_block_i/clk_wiz_0/inst'
INFO: [Timing 38-2] Deriving generated clocks [/home/nagafusa/work/spadi/Fakernet/SAMIDARE/samidare.gen/sources_1/bd/top_block/ip/top_block_clk_wiz_0_0/top_block_clk_wiz_0_0.xdc:57]
Finished Parsing XDC File [/home/nagafusa/work/spadi/Fakernet/SAMIDARE/samidare.gen/sources_1/bd/top_block/ip/top_block_clk_wiz_0_0/top_block_clk_wiz_0_0.xdc] for cell 'top_block_i/clk_wiz_0/inst'
Parsing XDC File [/home/nagafusa/work/spadi/Fakernet/SAMIDARE/samidare.gen/sources_1/bd/top_block/ip/top_block_clk_wiz_0_0/top_block_clk_wiz_0_0_board.xdc] for cell 'top_block_i/clk_wiz_0/inst'
Finished Parsing XDC File [/home/nagafusa/work/spadi/Fakernet/SAMIDARE/samidare.gen/sources_1/bd/top_block/ip/top_block_clk_wiz_0_0/top_block_clk_wiz_0_0_board.xdc] for cell 'top_block_i/clk_wiz_0/inst'
Parsing XDC File [/home/nagafusa/work/spadi/Fakernet/SAMIDARE/samidare.srcs/constrs_1/new/GTH.xdc]
Finished Parsing XDC File [/home/nagafusa/work/spadi/Fakernet/SAMIDARE/samidare.srcs/constrs_1/new/GTH.xdc]
Parsing XDC File [/home/nagafusa/work/spadi/Fakernet/SAMIDARE/samidare.srcs/constrs_1/new/main_io.xdc]
WARNING: [Constraints 18-619] A clock with name 'BASECLK' already exists, overwriting the previous clock with the same name. [/home/nagafusa/work/spadi/Fakernet/SAMIDARE/samidare.srcs/constrs_1/new/main_io.xdc:23]
WARNING: [Vivado 12-584] No ports matched 'BX_SYNX_TRG_N[0]'. [/home/nagafusa/work/spadi/Fakernet/SAMIDARE/samidare.srcs/constrs_1/new/main_io.xdc:150]
CRITICAL WARNING: [Common 17-55] 'set_property' expects at least one object. [/home/nagafusa/work/spadi/Fakernet/SAMIDARE/samidare.srcs/constrs_1/new/main_io.xdc:150]
Resolution: If [get_<value>] was used to populate the object, check to make sure this command returns at least one valid object.
Finished Parsing XDC File [/home/nagafusa/work/spadi/Fakernet/SAMIDARE/samidare.srcs/constrs_1/new/main_io.xdc]
Parsing XDC File [/home/nagafusa/work/spadi/Fakernet/SAMIDARE/samidare.srcs/constrs_1/new/samidare_io.xdc]
CRITICAL WARNING: [Vivado 12-1419] Debug core 'u_ila_0' was not found. [/home/nagafusa/work/spadi/Fakernet/SAMIDARE/samidare.srcs/constrs_1/new/samidare_io.xdc:5]
WARNING: [Vivado 12-507] No nets matched 'top_block_i/SAMPA_PON_v1_0_0/inst/SAMPA_PON_v1_0_M00_AXI_inst/m00_axi_rdata[0]'. [/home/nagafusa/work/spadi/Fakernet/SAMIDARE/samidare.srcs/constrs_1/new/samidare_io.xdc:11]
CRITICAL WARNING: [Vivado 12-1419] Debug core 'u_ila_0' was not found. [/home/nagafusa/work/spadi/Fakernet/SAMIDARE/samidare.srcs/constrs_1/new/samidare_io.xdc:11]
WARNING: [Vivado 12-507] No nets matched 'top_block_i/SAMPA_PON_v1_0_0/inst/reads_done_reg'. [/home/nagafusa/work/spadi/Fakernet/SAMIDARE/samidare.srcs/constrs_1/new/samidare_io.xdc:12]
CRITICAL WARNING: [Vivado 12-1419] Debug core 'u_ila_0' was not found. [/home/nagafusa/work/spadi/Fakernet/SAMIDARE/samidare.srcs/constrs_1/new/samidare_io.xdc:12]
WARNING: [Vivado 12-507] No nets matched 'top_block_i/SAMPA_I2C_wrapper/I2C_Controller_v1_0_0/inst/I2C_Controller_v1_0_M01_AXI_inst/i2c_done'. [/home/nagafusa/work/spadi/Fakernet/SAMIDARE/samidare.srcs/constrs_1/new/samidare_io.xdc:18]
CRITICAL WARNING: [Vivado 12-1419] Debug core 'u_ila_0' was not found. [/home/nagafusa/work/spadi/Fakernet/SAMIDARE/samidare.srcs/constrs_1/new/samidare_io.xdc:18]
WARNING: [Vivado 12-507] No nets matched 'top_block_i/SAMPA_I2C_wrapper/I2C_Controller_v1_0_0/inst/I2C_Controller_v1_0_M01_AXI_inst/start_i2c_write'. [/home/nagafusa/work/spadi/Fakernet/SAMIDARE/samidare.srcs/constrs_1/new/samidare_io.xdc:19]
CRITICAL WARNING: [Vivado 12-1419] Debug core 'u_ila_0' was not found. [/home/nagafusa/work/spadi/Fakernet/SAMIDARE/samidare.srcs/constrs_1/new/samidare_io.xdc:19]
WARNING: [Vivado 12-507] No nets matched 'top_block_i/SAMPA_I2C_wrapper/I2C_iobuf/IOBUF_IO_O1[0]'. [/home/nagafusa/work/spadi/Fakernet/SAMIDARE/samidare.srcs/constrs_1/new/samidare_io.xdc:23]
CRITICAL WARNING: [Vivado 12-1419] Debug core 'u_ila_1' was not found. [/home/nagafusa/work/spadi/Fakernet/SAMIDARE/samidare.srcs/constrs_1/new/samidare_io.xdc:23]
WARNING: [Vivado 12-507] No nets matched 'top_block_i/SAMPA_I2C_wrapper/I2C_iobuf/IOBUF_IO_T1[0]'. [/home/nagafusa/work/spadi/Fakernet/SAMIDARE/samidare.srcs/constrs_1/new/samidare_io.xdc:24]
CRITICAL WARNING: [Vivado 12-1419] Debug core 'u_ila_1' was not found. [/home/nagafusa/work/spadi/Fakernet/SAMIDARE/samidare.srcs/constrs_1/new/samidare_io.xdc:24]
WARNING: [Vivado 12-507] No nets matched 'top_block_i/SAMPA_I2C_wrapper/I2C_iobuf/IOBUF_IO_O[0]'. [/home/nagafusa/work/spadi/Fakernet/SAMIDARE/samidare.srcs/constrs_1/new/samidare_io.xdc:25]
CRITICAL WARNING: [Vivado 12-1419] Debug core 'u_ila_1' was not found. [/home/nagafusa/work/spadi/Fakernet/SAMIDARE/samidare.srcs/constrs_1/new/samidare_io.xdc:25]
WARNING: [Vivado 12-507] No nets matched 'top_block_i/SAMPA_I2C_wrapper/I2C_iobuf/IOBUF_IO_T[0]'. [/home/nagafusa/work/spadi/Fakernet/SAMIDARE/samidare.srcs/constrs_1/new/samidare_io.xdc:26]
CRITICAL WARNING: [Vivado 12-1419] Debug core 'u_ila_1' was not found. [/home/nagafusa/work/spadi/Fakernet/SAMIDARE/samidare.srcs/constrs_1/new/samidare_io.xdc:26]
WARNING: [Vivado 12-507] No nets matched 'top_block_i/SAMPA_I2C_wrapper/I2C_Controller_v1_0_0/m00_axi_araddr[0]'. [/home/nagafusa/work/spadi/Fakernet/SAMIDARE/samidare.srcs/constrs_1/new/samidare_io.xdc:30]
WARNING: [Vivado 12-507] No nets matched 'top_block_i/SAMPA_I2C_wrapper/I2C_Controller_v1_0_0/m00_axi_araddr[1]'. [/home/nagafusa/work/spadi/Fakernet/SAMIDARE/samidare.srcs/constrs_1/new/samidare_io.xdc:30]
CRITICAL WARNING: [Vivado 12-1419] Debug core 'u_ila_0' was not found. [/home/nagafusa/work/spadi/Fakernet/SAMIDARE/samidare.srcs/constrs_1/new/samidare_io.xdc:30]
CRITICAL WARNING: [Vivado 12-1419] Debug core 'u_ila_1' was not found. [/home/nagafusa/work/spadi/Fakernet/SAMIDARE/samidare.srcs/constrs_1/new/samidare_io.xdc:32]
CRITICAL WARNING: [Vivado 12-1419] Debug core 'u_ila_1' was not found. [/home/nagafusa/work/spadi/Fakernet/SAMIDARE/samidare.srcs/constrs_1/new/samidare_io.xdc:33]
CRITICAL WARNING: [Vivado 12-1419] Debug core 'u_ila_1' was not found. [/home/nagafusa/work/spadi/Fakernet/SAMIDARE/samidare.srcs/constrs_1/new/samidare_io.xdc:34]
CRITICAL WARNING: [Vivado 12-1419] Debug core 'u_ila_1' was not found. [/home/nagafusa/work/spadi/Fakernet/SAMIDARE/samidare.srcs/constrs_1/new/samidare_io.xdc:35]
CRITICAL WARNING: [Vivado 12-1419] Debug core 'u_ila_1' was not found. [/home/nagafusa/work/spadi/Fakernet/SAMIDARE/samidare.srcs/constrs_1/new/samidare_io.xdc:36]
Finished Parsing XDC File [/home/nagafusa/work/spadi/Fakernet/SAMIDARE/samidare.srcs/constrs_1/new/samidare_io.xdc]
Parsing XDC File [/home/nagafusa/work/spadi/Fakernet/SAMIDARE/samidare.srcs/sources_1/ip/gig_ethernet_pcs_pma_0_2/synth/gig_ethernet_pcs_pma_0.xdc] for cell 'top_block_i/fakernet/gig_ethernet_pcs_pma_0/inst/core_support_i/pcs_pma_i/inst'
Finished Parsing XDC File [/home/nagafusa/work/spadi/Fakernet/SAMIDARE/samidare.srcs/sources_1/ip/gig_ethernet_pcs_pma_0_2/synth/gig_ethernet_pcs_pma_0.xdc] for cell 'top_block_i/fakernet/gig_ethernet_pcs_pma_0/inst/core_support_i/pcs_pma_i/inst'
INFO: [Project 1-1714] 1 XPM XDC files have been applied to the design.
INFO: [Opt 31-138] Pushed 0 inverter(s) to 0 load pin(s).
INFO: [Opt 31-422] The CLOCK_DOMAINS attribute on the BRAM cell top_block_i/reg_bram/blk_mem_gen_0/U0/inst_blk_mem_gen/gnbram.gnative_mem_map_bmg.native_mem_map_blk_mem_gen/valid.cstr/ramloop[0].ram.r/prim_noinit.ram/DEVICE_8SERIES.WITH_BMM_INFO.TRUE_DP.SIMPLE_PRIM36.SERIES8_TDP_SP36_NO_ECC_ATTR.ram has been changed from INDEPENDENT to COMMON to match the clocking topology used for the BRAM.
INFO: [Opt 31-422] The CLOCK_DOMAINS attribute on the BRAM cell top_block_i/reg_bram/blk_mem_gen_0/U0/inst_blk_mem_gen/gnbram.gnative_mem_map_bmg.native_mem_map_blk_mem_gen/valid.cstr/ramloop[10].ram.r/prim_noinit.ram/DEVICE_8SERIES.WITH_BMM_INFO.TRUE_DP.SIMPLE_PRIM36.SERIES8_TDP_SP36_NO_ECC_ATTR.ram has been changed from INDEPENDENT to COMMON to match the clocking topology used for the BRAM.
INFO: [Opt 31-422] The CLOCK_DOMAINS attribute on the BRAM cell top_block_i/reg_bram/blk_mem_gen_0/U0/inst_blk_mem_gen/gnbram.gnative_mem_map_bmg.native_mem_map_blk_mem_gen/valid.cstr/ramloop[11].ram.r/prim_noinit.ram/DEVICE_8SERIES.WITH_BMM_INFO.TRUE_DP.SIMPLE_PRIM36.SERIES8_TDP_SP36_NO_ECC_ATTR.ram has been changed from INDEPENDENT to COMMON to match the clocking topology used for the BRAM.
INFO: [Opt 31-422] The CLOCK_DOMAINS attribute on the BRAM cell top_block_i/reg_bram/blk_mem_gen_0/U0/inst_blk_mem_gen/gnbram.gnative_mem_map_bmg.native_mem_map_blk_mem_gen/valid.cstr/ramloop[12].ram.r/prim_noinit.ram/DEVICE_8SERIES.WITH_BMM_INFO.TRUE_DP.SIMPLE_PRIM36.SERIES8_TDP_SP36_NO_ECC_ATTR.ram has been changed from INDEPENDENT to COMMON to match the clocking topology used for the BRAM.
INFO: [Opt 31-422] The CLOCK_DOMAINS attribute on the BRAM cell top_block_i/reg_bram/blk_mem_gen_0/U0/inst_blk_mem_gen/gnbram.gnative_mem_map_bmg.native_mem_map_blk_mem_gen/valid.cstr/ramloop[13].ram.r/prim_noinit.ram/DEVICE_8SERIES.WITH_BMM_INFO.TRUE_DP.SIMPLE_PRIM36.SERIES8_TDP_SP36_NO_ECC_ATTR.ram has been changed from INDEPENDENT to COMMON to match the clocking topology used for the BRAM.
INFO: [Opt 31-422] The CLOCK_DOMAINS attribute on the BRAM cell top_block_i/reg_bram/blk_mem_gen_0/U0/inst_blk_mem_gen/gnbram.gnative_mem_map_bmg.native_mem_map_blk_mem_gen/valid.cstr/ramloop[14].ram.r/prim_noinit.ram/DEVICE_8SERIES.WITH_BMM_INFO.TRUE_DP.SIMPLE_PRIM36.SERIES8_TDP_SP36_NO_ECC_ATTR.ram has been changed from INDEPENDENT to COMMON to match the clocking topology used for the BRAM.
INFO: [Opt 31-422] The CLOCK_DOMAINS attribute on the BRAM cell top_block_i/reg_bram/blk_mem_gen_0/U0/inst_blk_mem_gen/gnbram.gnative_mem_map_bmg.native_mem_map_blk_mem_gen/valid.cstr/ramloop[15].ram.r/prim_noinit.ram/DEVICE_8SERIES.WITH_BMM_INFO.TRUE_DP.SIMPLE_PRIM36.SERIES8_TDP_SP36_NO_ECC_ATTR.ram has been changed from INDEPENDENT to COMMON to match the clocking topology used for the BRAM.
INFO: [Opt 31-422] The CLOCK_DOMAINS attribute on the BRAM cell top_block_i/reg_bram/blk_mem_gen_0/U0/inst_blk_mem_gen/gnbram.gnative_mem_map_bmg.native_mem_map_blk_mem_gen/valid.cstr/ramloop[1].ram.r/prim_noinit.ram/DEVICE_8SERIES.WITH_BMM_INFO.TRUE_DP.SIMPLE_PRIM36.SERIES8_TDP_SP36_NO_ECC_ATTR.ram has been changed from INDEPENDENT to COMMON to match the clocking topology used for the BRAM.
INFO: [Opt 31-422] The CLOCK_DOMAINS attribute on the BRAM cell top_block_i/reg_bram/blk_mem_gen_0/U0/inst_blk_mem_gen/gnbram.gnative_mem_map_bmg.native_mem_map_blk_mem_gen/valid.cstr/ramloop[2].ram.r/prim_noinit.ram/DEVICE_8SERIES.WITH_BMM_INFO.TRUE_DP.SIMPLE_PRIM36.SERIES8_TDP_SP36_NO_ECC_ATTR.ram has been changed from INDEPENDENT to COMMON to match the clocking topology used for the BRAM.
INFO: [Opt 31-422] The CLOCK_DOMAINS attribute on the BRAM cell top_block_i/reg_bram/blk_mem_gen_0/U0/inst_blk_mem_gen/gnbram.gnative_mem_map_bmg.native_mem_map_blk_mem_gen/valid.cstr/ramloop[3].ram.r/prim_noinit.ram/DEVICE_8SERIES.WITH_BMM_INFO.TRUE_DP.SIMPLE_PRIM36.SERIES8_TDP_SP36_NO_ECC_ATTR.ram has been changed from INDEPENDENT to COMMON to match the clocking topology used for the BRAM.
INFO: [Opt 31-422] The CLOCK_DOMAINS attribute on the BRAM cell top_block_i/reg_bram/blk_mem_gen_0/U0/inst_blk_mem_gen/gnbram.gnative_mem_map_bmg.native_mem_map_blk_mem_gen/valid.cstr/ramloop[4].ram.r/prim_noinit.ram/DEVICE_8SERIES.WITH_BMM_INFO.TRUE_DP.SIMPLE_PRIM36.SERIES8_TDP_SP36_NO_ECC_ATTR.ram has been changed from INDEPENDENT to COMMON to match the clocking topology used for the BRAM.
INFO: [Opt 31-422] The CLOCK_DOMAINS attribute on the BRAM cell top_block_i/reg_bram/blk_mem_gen_0/U0/inst_blk_mem_gen/gnbram.gnative_mem_map_bmg.native_mem_map_blk_mem_gen/valid.cstr/ramloop[5].ram.r/prim_noinit.ram/DEVICE_8SERIES.WITH_BMM_INFO.TRUE_DP.SIMPLE_PRIM36.SERIES8_TDP_SP36_NO_ECC_ATTR.ram has been changed from INDEPENDENT to COMMON to match the clocking topology used for the BRAM.
INFO: [Opt 31-422] The CLOCK_DOMAINS attribute on the BRAM cell top_block_i/reg_bram/blk_mem_gen_0/U0/inst_blk_mem_gen/gnbram.gnative_mem_map_bmg.native_mem_map_blk_mem_gen/valid.cstr/ramloop[6].ram.r/prim_noinit.ram/DEVICE_8SERIES.WITH_BMM_INFO.TRUE_DP.SIMPLE_PRIM36.SERIES8_TDP_SP36_NO_ECC_ATTR.ram has been changed from INDEPENDENT to COMMON to match the clocking topology used for the BRAM.
INFO: [Opt 31-422] The CLOCK_DOMAINS attribute on the BRAM cell top_block_i/reg_bram/blk_mem_gen_0/U0/inst_blk_mem_gen/gnbram.gnative_mem_map_bmg.native_mem_map_blk_mem_gen/valid.cstr/ramloop[7].ram.r/prim_noinit.ram/DEVICE_8SERIES.WITH_BMM_INFO.TRUE_DP.SIMPLE_PRIM36.SERIES8_TDP_SP36_NO_ECC_ATTR.ram has been changed from INDEPENDENT to COMMON to match the clocking topology used for the BRAM.
INFO: [Opt 31-422] The CLOCK_DOMAINS attribute on the BRAM cell top_block_i/reg_bram/blk_mem_gen_0/U0/inst_blk_mem_gen/gnbram.gnative_mem_map_bmg.native_mem_map_blk_mem_gen/valid.cstr/ramloop[8].ram.r/prim_noinit.ram/DEVICE_8SERIES.WITH_BMM_INFO.TRUE_DP.SIMPLE_PRIM36.SERIES8_TDP_SP36_NO_ECC_ATTR.ram has been changed from INDEPENDENT to COMMON to match the clocking topology used for the BRAM.
INFO: [Opt 31-422] The CLOCK_DOMAINS attribute on the BRAM cell top_block_i/reg_bram/blk_mem_gen_0/U0/inst_blk_mem_gen/gnbram.gnative_mem_map_bmg.native_mem_map_blk_mem_gen/valid.cstr/ramloop[9].ram.r/prim_noinit.ram/DEVICE_8SERIES.WITH_BMM_INFO.TRUE_DP.SIMPLE_PRIM36.SERIES8_TDP_SP36_NO_ECC_ATTR.ram has been changed from INDEPENDENT to COMMON to match the clocking topology used for the BRAM.
INFO: [Project 1-1687] 22 scoped IP constraints or related sub-commands were skipped due to synthesis logic optimizations usually triggered by constant connectivity or unconnected output pins. To review the skipped constraints and messages, run the command 'set_param netlist.IPMsgFiltering false' before opening the design.
Netlist sorting complete. Time (s): cpu = 00:00:00 ; elapsed = 00:00:00 . Memory (MB): peak = 9884.695 ; gain = 0.000 ; free physical = 41592 ; free virtual = 61999
INFO: [Project 1-111] Unisim Transformation Summary:
  A total of 97 instances were transformed.
  FDCPE => FDCPE (FDCE, FDPE, LDCE, LUT3, VCC): 5 instances
  IBUF => IBUF (IBUFCTRL, INBUF): 18 instances
  IBUFDS => IBUFDS (DIFFINBUF, IBUFCTRL): 44 instances
  IOBUF => IOBUF (IBUFCTRL, INBUF, OBUFT): 2 instances
  OBUFDS => OBUFDS_DUAL_BUF (INV, OBUF(x2)): 14 instances
  RAM16X1D => RAM32X1D (RAMD32(x2)): 10 instances
  RAM32M => RAM32M (RAMD32(x6), RAMS32(x2)): 2 instances
  RAM32M16 => RAM32M16 (RAMD32(x14), RAMS32(x2)): 2 instances

open_run: Time (s): cpu = 00:00:20 ; elapsed = 00:00:10 . Memory (MB): peak = 10250.449 ; gain = 371.934 ; free physical = 41402 ; free virtual = 61809
delete_debug_core [get_debug_cores {u_ila_0 u_ila_1 }]
create_debug_core u_ila_0 ila
set_property C_DATA_DEPTH 2048 [get_debug_cores u_ila_0]
set_property C_TRIGIN_EN false [get_debug_cores u_ila_0]
set_property C_TRIGOUT_EN false [get_debug_cores u_ila_0]
set_property C_ADV_TRIGGER false [get_debug_cores u_ila_0]
set_property C_INPUT_PIPE_STAGES 0 [get_debug_cores u_ila_0]
set_property C_EN_STRG_QUAL false [get_debug_cores u_ila_0]
set_property ALL_PROBE_SAME_MU true [get_debug_cores u_ila_0]
set_property ALL_PROBE_SAME_MU_CNT 1 [get_debug_cores u_ila_0]
create_debug_core u_ila_1 ila
set_property C_DATA_DEPTH 2048 [get_debug_cores u_ila_1]
set_property C_TRIGIN_EN false [get_debug_cores u_ila_1]
set_property C_TRIGOUT_EN false [get_debug_cores u_ila_1]
set_property C_ADV_TRIGGER false [get_debug_cores u_ila_1]
set_property C_INPUT_PIPE_STAGES 0 [get_debug_cores u_ila_1]
set_property C_EN_STRG_QUAL false [get_debug_cores u_ila_1]
set_property ALL_PROBE_SAME_MU true [get_debug_cores u_ila_1]
set_property ALL_PROBE_SAME_MU_CNT 1 [get_debug_cores u_ila_1]
create_debug_core u_ila_2 ila
set_property C_DATA_DEPTH 2048 [get_debug_cores u_ila_2]
set_property C_TRIGIN_EN false [get_debug_cores u_ila_2]
set_property C_TRIGOUT_EN false [get_debug_cores u_ila_2]
set_property C_ADV_TRIGGER false [get_debug_cores u_ila_2]
set_property C_INPUT_PIPE_STAGES 0 [get_debug_cores u_ila_2]
set_property C_EN_STRG_QUAL false [get_debug_cores u_ila_2]
set_property ALL_PROBE_SAME_MU true [get_debug_cores u_ila_2]
set_property ALL_PROBE_SAME_MU_CNT 1 [get_debug_cores u_ila_2]
connect_debug_port u_ila_0/clk [get_nets [list top_block_i/clk_wiz_0/inst/clk_out1 ]]
connect_debug_port u_ila_1/clk [get_nets [list top_block_i/clk_wiz_0/inst/clk_out5 ]]
connect_debug_port u_ila_2/clk [get_nets [list top_block_i/clk_wiz_2/inst/clk_out1 ]]
set_property port_width 320 [get_debug_ports u_ila_0/probe0]
set_property PROBE_TYPE DATA_AND_TRIGGER [get_debug_ports u_ila_0/probe0]
connect_debug_port u_ila_0/probe0 [get_nets [list {top_block_i/appUnit/das_rx_0/inst/bus3[0]} {top_block_i/appUnit/das_rx_0/inst/bus3[1]} {top_block_i/appUnit/das_rx_0/inst/bus3[2]} {top_block_i/appUnit/das_rx_0/inst/bus3[3]} {top_block_i/appUnit/das_rx_0/inst/bus3[4]} {top_block_i/appUnit/das_rx_0/inst/bus3[5]} {top_block_i/appUnit/das_rx_0/inst/bus3[6]} {top_block_i/appUnit/das_rx_0/inst/bus3[7]} {top_block_i/appUnit/das_rx_0/inst/bus3[8]} {top_block_i/appUnit/das_rx_0/inst/bus3[9]} {top_block_i/appUnit/das_rx_0/inst/bus3[10]} {top_block_i/appUnit/das_rx_0/inst/bus3[11]} {top_block_i/appUnit/das_rx_0/inst/bus3[12]} {top_block_i/appUnit/das_rx_0/inst/bus3[13]} {top_block_i/appUnit/das_rx_0/inst/bus3[14]} {top_block_i/appUnit/das_rx_0/inst/bus3[15]} {top_block_i/appUnit/das_rx_0/inst/bus3[16]} {top_block_i/appUnit/das_rx_0/inst/bus3[17]} {top_block_i/appUnit/das_rx_0/inst/bus3[18]} {top_block_i/appUnit/das_rx_0/inst/bus3[19]} {top_block_i/appUnit/das_rx_0/inst/bus3[20]} {top_block_i/appUnit/das_rx_0/inst/bus3[21]} {top_block_i/appUnit/das_rx_0/inst/bus3[22]} {top_block_i/appUnit/das_rx_0/inst/bus3[23]} {top_block_i/appUnit/das_rx_0/inst/bus3[24]} {top_block_i/appUnit/das_rx_0/inst/bus3[25]} {top_block_i/appUnit/das_rx_0/inst/bus3[26]} {top_block_i/appUnit/das_rx_0/inst/bus3[27]} {top_block_i/appUnit/das_rx_0/inst/bus3[28]} {top_block_i/appUnit/das_rx_0/inst/bus3[29]} {top_block_i/appUnit/das_rx_0/inst/bus3[30]} {top_block_i/appUnit/das_rx_0/inst/bus3[31]} {top_block_i/appUnit/das_rx_0/inst/bus3[32]} {top_block_i/appUnit/das_rx_0/inst/bus3[33]} {top_block_i/appUnit/das_rx_0/inst/bus3[34]} {top_block_i/appUnit/das_rx_0/inst/bus3[35]} {top_block_i/appUnit/das_rx_0/inst/bus3[36]} {top_block_i/appUnit/das_rx_0/inst/bus3[37]} {top_block_i/appUnit/das_rx_0/inst/bus3[38]} {top_block_i/appUnit/das_rx_0/inst/bus3[39]} {top_block_i/appUnit/das_rx_0/inst/bus3[40]} {top_block_i/appUnit/das_rx_0/inst/bus3[41]} {top_block_i/appUnit/das_rx_0/inst/bus3[42]} {top_block_i/appUnit/das_rx_0/inst/bus3[43]} {top_block_i/appUnit/das_rx_0/inst/bus3[44]} {top_block_i/appUnit/das_rx_0/inst/bus3[45]} {top_block_i/appUnit/das_rx_0/inst/bus3[46]} {top_block_i/appUnit/das_rx_0/inst/bus3[47]} {top_block_i/appUnit/das_rx_0/inst/bus3[48]} {top_block_i/appUnit/das_rx_0/inst/bus3[49]} {top_block_i/appUnit/das_rx_0/inst/bus3[50]} {top_block_i/appUnit/das_rx_0/inst/bus3[51]} {top_block_i/appUnit/das_rx_0/inst/bus3[52]} {top_block_i/appUnit/das_rx_0/inst/bus3[53]} {top_block_i/appUnit/das_rx_0/inst/bus3[54]} {top_block_i/appUnit/das_rx_0/inst/bus3[55]} {top_block_i/appUnit/das_rx_0/inst/bus3[56]} {top_block_i/appUnit/das_rx_0/inst/bus3[57]} {top_block_i/appUnit/das_rx_0/inst/bus3[58]} {top_block_i/appUnit/das_rx_0/inst/bus3[59]} {top_block_i/appUnit/das_rx_0/inst/bus3[60]} {top_block_i/appUnit/das_rx_0/inst/bus3[61]} {top_block_i/appUnit/das_rx_0/inst/bus3[62]} {top_block_i/appUnit/das_rx_0/inst/bus3[63]} {top_block_i/appUnit/das_rx_0/inst/bus3[64]} {top_block_i/appUnit/das_rx_0/inst/bus3[65]} {top_block_i/appUnit/das_rx_0/inst/bus3[66]} {top_block_i/appUnit/das_rx_0/inst/bus3[67]} {top_block_i/appUnit/das_rx_0/inst/bus3[68]} {top_block_i/appUnit/das_rx_0/inst/bus3[69]} {top_block_i/appUnit/das_rx_0/inst/bus3[70]} {top_block_i/appUnit/das_rx_0/inst/bus3[71]} {top_block_i/appUnit/das_rx_0/inst/bus3[72]} {top_block_i/appUnit/das_rx_0/inst/bus3[73]} {top_block_i/appUnit/das_rx_0/inst/bus3[74]} {top_block_i/appUnit/das_rx_0/inst/bus3[75]} {top_block_i/appUnit/das_rx_0/inst/bus3[76]} {top_block_i/appUnit/das_rx_0/inst/bus3[77]} {top_block_i/appUnit/das_rx_0/inst/bus3[78]} {top_block_i/appUnit/das_rx_0/inst/bus3[79]} {top_block_i/appUnit/das_rx_0/inst/bus3[80]} {top_block_i/appUnit/das_rx_0/inst/bus3[81]} {top_block_i/appUnit/das_rx_0/inst/bus3[82]} {top_block_i/appUnit/das_rx_0/inst/bus3[83]} {top_block_i/appUnit/das_rx_0/inst/bus3[84]} {top_block_i/appUnit/das_rx_0/inst/bus3[85]} {top_block_i/appUnit/das_rx_0/inst/bus3[86]} {top_block_i/appUnit/das_rx_0/inst/bus3[87]} {top_block_i/appUnit/das_rx_0/inst/bus3[88]} {top_block_i/appUnit/das_rx_0/inst/bus3[89]} {top_block_i/appUnit/das_rx_0/inst/bus3[90]} {top_block_i/appUnit/das_rx_0/inst/bus3[91]} {top_block_i/appUnit/das_rx_0/inst/bus3[92]} {top_block_i/appUnit/das_rx_0/inst/bus3[93]} {top_block_i/appUnit/das_rx_0/inst/bus3[94]} {top_block_i/appUnit/das_rx_0/inst/bus3[95]} {top_block_i/appUnit/das_rx_0/inst/bus3[96]} {top_block_i/appUnit/das_rx_0/inst/bus3[97]} {top_block_i/appUnit/das_rx_0/inst/bus3[98]} {top_block_i/appUnit/das_rx_0/inst/bus3[99]} {top_block_i/appUnit/das_rx_0/inst/bus3[100]} {top_block_i/appUnit/das_rx_0/inst/bus3[101]} {top_block_i/appUnit/das_rx_0/inst/bus3[102]} {top_block_i/appUnit/das_rx_0/inst/bus3[103]} {top_block_i/appUnit/das_rx_0/inst/bus3[104]} {top_block_i/appUnit/das_rx_0/inst/bus3[105]} {top_block_i/appUnit/das_rx_0/inst/bus3[106]} {top_block_i/appUnit/das_rx_0/inst/bus3[107]} {top_block_i/appUnit/das_rx_0/inst/bus3[108]} {top_block_i/appUnit/das_rx_0/inst/bus3[109]} {top_block_i/appUnit/das_rx_0/inst/bus3[110]} {top_block_i/appUnit/das_rx_0/inst/bus3[111]} {top_block_i/appUnit/das_rx_0/inst/bus3[112]} {top_block_i/appUnit/das_rx_0/inst/bus3[113]} {top_block_i/appUnit/das_rx_0/inst/bus3[114]} {top_block_i/appUnit/das_rx_0/inst/bus3[115]} {top_block_i/appUnit/das_rx_0/inst/bus3[116]} {top_block_i/appUnit/das_rx_0/inst/bus3[117]} {top_block_i/appUnit/das_rx_0/inst/bus3[118]} {top_block_i/appUnit/das_rx_0/inst/bus3[119]} {top_block_i/appUnit/das_rx_0/inst/bus3[120]} {top_block_i/appUnit/das_rx_0/inst/bus3[121]} {top_block_i/appUnit/das_rx_0/inst/bus3[122]} {top_block_i/appUnit/das_rx_0/inst/bus3[123]} {top_block_i/appUnit/das_rx_0/inst/bus3[124]} {top_block_i/appUnit/das_rx_0/inst/bus3[125]} {top_block_i/appUnit/das_rx_0/inst/bus3[126]} {top_block_i/appUnit/das_rx_0/inst/bus3[127]} {top_block_i/appUnit/das_rx_0/inst/bus3[128]} {top_block_i/appUnit/das_rx_0/inst/bus3[129]} {top_block_i/appUnit/das_rx_0/inst/bus3[130]} {top_block_i/appUnit/das_rx_0/inst/bus3[131]} {top_block_i/appUnit/das_rx_0/inst/bus3[132]} {top_block_i/appUnit/das_rx_0/inst/bus3[133]} {top_block_i/appUnit/das_rx_0/inst/bus3[134]} {top_block_i/appUnit/das_rx_0/inst/bus3[135]} {top_block_i/appUnit/das_rx_0/inst/bus3[136]} {top_block_i/appUnit/das_rx_0/inst/bus3[137]} {top_block_i/appUnit/das_rx_0/inst/bus3[138]} {top_block_i/appUnit/das_rx_0/inst/bus3[139]} {top_block_i/appUnit/das_rx_0/inst/bus3[140]} {top_block_i/appUnit/das_rx_0/inst/bus3[141]} {top_block_i/appUnit/das_rx_0/inst/bus3[142]} {top_block_i/appUnit/das_rx_0/inst/bus3[143]} {top_block_i/appUnit/das_rx_0/inst/bus3[144]} {top_block_i/appUnit/das_rx_0/inst/bus3[145]} {top_block_i/appUnit/das_rx_0/inst/bus3[146]} {top_block_i/appUnit/das_rx_0/inst/bus3[147]} {top_block_i/appUnit/das_rx_0/inst/bus3[148]} {top_block_i/appUnit/das_rx_0/inst/bus3[149]} {top_block_i/appUnit/das_rx_0/inst/bus3[150]} {top_block_i/appUnit/das_rx_0/inst/bus3[151]} {top_block_i/appUnit/das_rx_0/inst/bus3[152]} {top_block_i/appUnit/das_rx_0/inst/bus3[153]} {top_block_i/appUnit/das_rx_0/inst/bus3[154]} {top_block_i/appUnit/das_rx_0/inst/bus3[155]} {top_block_i/appUnit/das_rx_0/inst/bus3[156]} {top_block_i/appUnit/das_rx_0/inst/bus3[157]} {top_block_i/appUnit/das_rx_0/inst/bus3[158]} {top_block_i/appUnit/das_rx_0/inst/bus3[159]} {top_block_i/appUnit/das_rx_0/inst/bus3[160]} {top_block_i/appUnit/das_rx_0/inst/bus3[161]} {top_block_i/appUnit/das_rx_0/inst/bus3[162]} {top_block_i/appUnit/das_rx_0/inst/bus3[163]} {top_block_i/appUnit/das_rx_0/inst/bus3[164]} {top_block_i/appUnit/das_rx_0/inst/bus3[165]} {top_block_i/appUnit/das_rx_0/inst/bus3[166]} {top_block_i/appUnit/das_rx_0/inst/bus3[167]} {top_block_i/appUnit/das_rx_0/inst/bus3[168]} {top_block_i/appUnit/das_rx_0/inst/bus3[169]} {top_block_i/appUnit/das_rx_0/inst/bus3[170]} {top_block_i/appUnit/das_rx_0/inst/bus3[171]} {top_block_i/appUnit/das_rx_0/inst/bus3[172]} {top_block_i/appUnit/das_rx_0/inst/bus3[173]} {top_block_i/appUnit/das_rx_0/inst/bus3[174]} {top_block_i/appUnit/das_rx_0/inst/bus3[175]} {top_block_i/appUnit/das_rx_0/inst/bus3[176]} {top_block_i/appUnit/das_rx_0/inst/bus3[177]} {top_block_i/appUnit/das_rx_0/inst/bus3[178]} {top_block_i/appUnit/das_rx_0/inst/bus3[179]} {top_block_i/appUnit/das_rx_0/inst/bus3[180]} {top_block_i/appUnit/das_rx_0/inst/bus3[181]} {top_block_i/appUnit/das_rx_0/inst/bus3[182]} {top_block_i/appUnit/das_rx_0/inst/bus3[183]} {top_block_i/appUnit/das_rx_0/inst/bus3[184]} {top_block_i/appUnit/das_rx_0/inst/bus3[185]} {top_block_i/appUnit/das_rx_0/inst/bus3[186]} {top_block_i/appUnit/das_rx_0/inst/bus3[187]} {top_block_i/appUnit/das_rx_0/inst/bus3[188]} {top_block_i/appUnit/das_rx_0/inst/bus3[189]} {top_block_i/appUnit/das_rx_0/inst/bus3[190]} {top_block_i/appUnit/das_rx_0/inst/bus3[191]} {top_block_i/appUnit/das_rx_0/inst/bus3[192]} {top_block_i/appUnit/das_rx_0/inst/bus3[193]} {top_block_i/appUnit/das_rx_0/inst/bus3[194]} {top_block_i/appUnit/das_rx_0/inst/bus3[195]} {top_block_i/appUnit/das_rx_0/inst/bus3[196]} {top_block_i/appUnit/das_rx_0/inst/bus3[197]} {top_block_i/appUnit/das_rx_0/inst/bus3[198]} {top_block_i/appUnit/das_rx_0/inst/bus3[199]} {top_block_i/appUnit/das_rx_0/inst/bus3[200]} {top_block_i/appUnit/das_rx_0/inst/bus3[201]} {top_block_i/appUnit/das_rx_0/inst/bus3[202]} {top_block_i/appUnit/das_rx_0/inst/bus3[203]} {top_block_i/appUnit/das_rx_0/inst/bus3[204]} {top_block_i/appUnit/das_rx_0/inst/bus3[205]} {top_block_i/appUnit/das_rx_0/inst/bus3[206]} {top_block_i/appUnit/das_rx_0/inst/bus3[207]} {top_block_i/appUnit/das_rx_0/inst/bus3[208]} {top_block_i/appUnit/das_rx_0/inst/bus3[209]} {top_block_i/appUnit/das_rx_0/inst/bus3[210]} {top_block_i/appUnit/das_rx_0/inst/bus3[211]} {top_block_i/appUnit/das_rx_0/inst/bus3[212]} {top_block_i/appUnit/das_rx_0/inst/bus3[213]} {top_block_i/appUnit/das_rx_0/inst/bus3[214]} {top_block_i/appUnit/das_rx_0/inst/bus3[215]} {top_block_i/appUnit/das_rx_0/inst/bus3[216]} {top_block_i/appUnit/das_rx_0/inst/bus3[217]} {top_block_i/appUnit/das_rx_0/inst/bus3[218]} {top_block_i/appUnit/das_rx_0/inst/bus3[219]} {top_block_i/appUnit/das_rx_0/inst/bus3[220]} {top_block_i/appUnit/das_rx_0/inst/bus3[221]} {top_block_i/appUnit/das_rx_0/inst/bus3[222]} {top_block_i/appUnit/das_rx_0/inst/bus3[223]} {top_block_i/appUnit/das_rx_0/inst/bus3[224]} {top_block_i/appUnit/das_rx_0/inst/bus3[225]} {top_block_i/appUnit/das_rx_0/inst/bus3[226]} {top_block_i/appUnit/das_rx_0/inst/bus3[227]} {top_block_i/appUnit/das_rx_0/inst/bus3[228]} {top_block_i/appUnit/das_rx_0/inst/bus3[229]} {top_block_i/appUnit/das_rx_0/inst/bus3[230]} {top_block_i/appUnit/das_rx_0/inst/bus3[231]} {top_block_i/appUnit/das_rx_0/inst/bus3[232]} {top_block_i/appUnit/das_rx_0/inst/bus3[233]} {top_block_i/appUnit/das_rx_0/inst/bus3[234]} {top_block_i/appUnit/das_rx_0/inst/bus3[235]} {top_block_i/appUnit/das_rx_0/inst/bus3[236]} {top_block_i/appUnit/das_rx_0/inst/bus3[237]} {top_block_i/appUnit/das_rx_0/inst/bus3[238]} {top_block_i/appUnit/das_rx_0/inst/bus3[239]} {top_block_i/appUnit/das_rx_0/inst/bus3[240]} {top_block_i/appUnit/das_rx_0/inst/bus3[241]} {top_block_i/appUnit/das_rx_0/inst/bus3[242]} {top_block_i/appUnit/das_rx_0/inst/bus3[243]} {top_block_i/appUnit/das_rx_0/inst/bus3[244]} {top_block_i/appUnit/das_rx_0/inst/bus3[245]} {top_block_i/appUnit/das_rx_0/inst/bus3[246]} {top_block_i/appUnit/das_rx_0/inst/bus3[247]} {top_block_i/appUnit/das_rx_0/inst/bus3[248]} {top_block_i/appUnit/das_rx_0/inst/bus3[249]} {top_block_i/appUnit/das_rx_0/inst/bus3[250]} {top_block_i/appUnit/das_rx_0/inst/bus3[251]} {top_block_i/appUnit/das_rx_0/inst/bus3[252]} {top_block_i/appUnit/das_rx_0/inst/bus3[253]} {top_block_i/appUnit/das_rx_0/inst/bus3[254]} {top_block_i/appUnit/das_rx_0/inst/bus3[255]} {top_block_i/appUnit/das_rx_0/inst/bus3[256]} {top_block_i/appUnit/das_rx_0/inst/bus3[257]} {top_block_i/appUnit/das_rx_0/inst/bus3[258]} {top_block_i/appUnit/das_rx_0/inst/bus3[259]} {top_block_i/appUnit/das_rx_0/inst/bus3[260]} {top_block_i/appUnit/das_rx_0/inst/bus3[261]} {top_block_i/appUnit/das_rx_0/inst/bus3[262]} {top_block_i/appUnit/das_rx_0/inst/bus3[263]} {top_block_i/appUnit/das_rx_0/inst/bus3[264]} {top_block_i/appUnit/das_rx_0/inst/bus3[265]} {top_block_i/appUnit/das_rx_0/inst/bus3[266]} {top_block_i/appUnit/das_rx_0/inst/bus3[267]} {top_block_i/appUnit/das_rx_0/inst/bus3[268]} {top_block_i/appUnit/das_rx_0/inst/bus3[269]} {top_block_i/appUnit/das_rx_0/inst/bus3[270]} {top_block_i/appUnit/das_rx_0/inst/bus3[271]} {top_block_i/appUnit/das_rx_0/inst/bus3[272]} {top_block_i/appUnit/das_rx_0/inst/bus3[273]} {top_block_i/appUnit/das_rx_0/inst/bus3[274]} {top_block_i/appUnit/das_rx_0/inst/bus3[275]} {top_block_i/appUnit/das_rx_0/inst/bus3[276]} {top_block_i/appUnit/das_rx_0/inst/bus3[277]} {top_block_i/appUnit/das_rx_0/inst/bus3[278]} {top_block_i/appUnit/das_rx_0/inst/bus3[279]} {top_block_i/appUnit/das_rx_0/inst/bus3[280]} {top_block_i/appUnit/das_rx_0/inst/bus3[281]} {top_block_i/appUnit/das_rx_0/inst/bus3[282]} {top_block_i/appUnit/das_rx_0/inst/bus3[283]} {top_block_i/appUnit/das_rx_0/inst/bus3[284]} {top_block_i/appUnit/das_rx_0/inst/bus3[285]} {top_block_i/appUnit/das_rx_0/inst/bus3[286]} {top_block_i/appUnit/das_rx_0/inst/bus3[287]} {top_block_i/appUnit/das_rx_0/inst/bus3[288]} {top_block_i/appUnit/das_rx_0/inst/bus3[289]} {top_block_i/appUnit/das_rx_0/inst/bus3[290]} {top_block_i/appUnit/das_rx_0/inst/bus3[291]} {top_block_i/appUnit/das_rx_0/inst/bus3[292]} {top_block_i/appUnit/das_rx_0/inst/bus3[293]} {top_block_i/appUnit/das_rx_0/inst/bus3[294]} {top_block_i/appUnit/das_rx_0/inst/bus3[295]} {top_block_i/appUnit/das_rx_0/inst/bus3[296]} {top_block_i/appUnit/das_rx_0/inst/bus3[297]} {top_block_i/appUnit/das_rx_0/inst/bus3[298]} {top_block_i/appUnit/das_rx_0/inst/bus3[299]} {top_block_i/appUnit/das_rx_0/inst/bus3[300]} {top_block_i/appUnit/das_rx_0/inst/bus3[301]} {top_block_i/appUnit/das_rx_0/inst/bus3[302]} {top_block_i/appUnit/das_rx_0/inst/bus3[303]} {top_block_i/appUnit/das_rx_0/inst/bus3[304]} {top_block_i/appUnit/das_rx_0/inst/bus3[305]} {top_block_i/appUnit/das_rx_0/inst/bus3[306]} {top_block_i/appUnit/das_rx_0/inst/bus3[307]} {top_block_i/appUnit/das_rx_0/inst/bus3[308]} {top_block_i/appUnit/das_rx_0/inst/bus3[309]} {top_block_i/appUnit/das_rx_0/inst/bus3[310]} {top_block_i/appUnit/das_rx_0/inst/bus3[311]} {top_block_i/appUnit/das_rx_0/inst/bus3[312]} {top_block_i/appUnit/das_rx_0/inst/bus3[313]} {top_block_i/appUnit/das_rx_0/inst/bus3[314]} {top_block_i/appUnit/das_rx_0/inst/bus3[315]} {top_block_i/appUnit/das_rx_0/inst/bus3[316]} {top_block_i/appUnit/das_rx_0/inst/bus3[317]} {top_block_i/appUnit/das_rx_0/inst/bus3[318]} {top_block_i/appUnit/das_rx_0/inst/bus3[319]} ]]
create_debug_port u_ila_0 probe
set_property port_width 320 [get_debug_ports u_ila_0/probe1]
set_property PROBE_TYPE DATA_AND_TRIGGER [get_debug_ports u_ila_0/probe1]
connect_debug_port u_ila_0/probe1 [get_nets [list {top_block_i/appUnit/das_rx_0/inst/bus1[0]} {top_block_i/appUnit/das_rx_0/inst/bus1[1]} {top_block_i/appUnit/das_rx_0/inst/bus1[2]} {top_block_i/appUnit/das_rx_0/inst/bus1[3]} {top_block_i/appUnit/das_rx_0/inst/bus1[4]} {top_block_i/appUnit/das_rx_0/inst/bus1[5]} {top_block_i/appUnit/das_rx_0/inst/bus1[6]} {top_block_i/appUnit/das_rx_0/inst/bus1[7]} {top_block_i/appUnit/das_rx_0/inst/bus1[8]} {top_block_i/appUnit/das_rx_0/inst/bus1[9]} {top_block_i/appUnit/das_rx_0/inst/bus1[10]} {top_block_i/appUnit/das_rx_0/inst/bus1[11]} {top_block_i/appUnit/das_rx_0/inst/bus1[12]} {top_block_i/appUnit/das_rx_0/inst/bus1[13]} {top_block_i/appUnit/das_rx_0/inst/bus1[14]} {top_block_i/appUnit/das_rx_0/inst/bus1[15]} {top_block_i/appUnit/das_rx_0/inst/bus1[16]} {top_block_i/appUnit/das_rx_0/inst/bus1[17]} {top_block_i/appUnit/das_rx_0/inst/bus1[18]} {top_block_i/appUnit/das_rx_0/inst/bus1[19]} {top_block_i/appUnit/das_rx_0/inst/bus1[20]} {top_block_i/appUnit/das_rx_0/inst/bus1[21]} {top_block_i/appUnit/das_rx_0/inst/bus1[22]} {top_block_i/appUnit/das_rx_0/inst/bus1[23]} {top_block_i/appUnit/das_rx_0/inst/bus1[24]} {top_block_i/appUnit/das_rx_0/inst/bus1[25]} {top_block_i/appUnit/das_rx_0/inst/bus1[26]} {top_block_i/appUnit/das_rx_0/inst/bus1[27]} {top_block_i/appUnit/das_rx_0/inst/bus1[28]} {top_block_i/appUnit/das_rx_0/inst/bus1[29]} {top_block_i/appUnit/das_rx_0/inst/bus1[30]} {top_block_i/appUnit/das_rx_0/inst/bus1[31]} {top_block_i/appUnit/das_rx_0/inst/bus1[32]} {top_block_i/appUnit/das_rx_0/inst/bus1[33]} {top_block_i/appUnit/das_rx_0/inst/bus1[34]} {top_block_i/appUnit/das_rx_0/inst/bus1[35]} {top_block_i/appUnit/das_rx_0/inst/bus1[36]} {top_block_i/appUnit/das_rx_0/inst/bus1[37]} {top_block_i/appUnit/das_rx_0/inst/bus1[38]} {top_block_i/appUnit/das_rx_0/inst/bus1[39]} {top_block_i/appUnit/das_rx_0/inst/bus1[40]} {top_block_i/appUnit/das_rx_0/inst/bus1[41]} {top_block_i/appUnit/das_rx_0/inst/bus1[42]} {top_block_i/appUnit/das_rx_0/inst/bus1[43]} {top_block_i/appUnit/das_rx_0/inst/bus1[44]} {top_block_i/appUnit/das_rx_0/inst/bus1[45]} {top_block_i/appUnit/das_rx_0/inst/bus1[46]} {top_block_i/appUnit/das_rx_0/inst/bus1[47]} {top_block_i/appUnit/das_rx_0/inst/bus1[48]} {top_block_i/appUnit/das_rx_0/inst/bus1[49]} {top_block_i/appUnit/das_rx_0/inst/bus1[50]} {top_block_i/appUnit/das_rx_0/inst/bus1[51]} {top_block_i/appUnit/das_rx_0/inst/bus1[52]} {top_block_i/appUnit/das_rx_0/inst/bus1[53]} {top_block_i/appUnit/das_rx_0/inst/bus1[54]} {top_block_i/appUnit/das_rx_0/inst/bus1[55]} {top_block_i/appUnit/das_rx_0/inst/bus1[56]} {top_block_i/appUnit/das_rx_0/inst/bus1[57]} {top_block_i/appUnit/das_rx_0/inst/bus1[58]} {top_block_i/appUnit/das_rx_0/inst/bus1[59]} {top_block_i/appUnit/das_rx_0/inst/bus1[60]} {top_block_i/appUnit/das_rx_0/inst/bus1[61]} {top_block_i/appUnit/das_rx_0/inst/bus1[62]} {top_block_i/appUnit/das_rx_0/inst/bus1[63]} {top_block_i/appUnit/das_rx_0/inst/bus1[64]} {top_block_i/appUnit/das_rx_0/inst/bus1[65]} {top_block_i/appUnit/das_rx_0/inst/bus1[66]} {top_block_i/appUnit/das_rx_0/inst/bus1[67]} {top_block_i/appUnit/das_rx_0/inst/bus1[68]} {top_block_i/appUnit/das_rx_0/inst/bus1[69]} {top_block_i/appUnit/das_rx_0/inst/bus1[70]} {top_block_i/appUnit/das_rx_0/inst/bus1[71]} {top_block_i/appUnit/das_rx_0/inst/bus1[72]} {top_block_i/appUnit/das_rx_0/inst/bus1[73]} {top_block_i/appUnit/das_rx_0/inst/bus1[74]} {top_block_i/appUnit/das_rx_0/inst/bus1[75]} {top_block_i/appUnit/das_rx_0/inst/bus1[76]} {top_block_i/appUnit/das_rx_0/inst/bus1[77]} {top_block_i/appUnit/das_rx_0/inst/bus1[78]} {top_block_i/appUnit/das_rx_0/inst/bus1[79]} {top_block_i/appUnit/das_rx_0/inst/bus1[80]} {top_block_i/appUnit/das_rx_0/inst/bus1[81]} {top_block_i/appUnit/das_rx_0/inst/bus1[82]} {top_block_i/appUnit/das_rx_0/inst/bus1[83]} {top_block_i/appUnit/das_rx_0/inst/bus1[84]} {top_block_i/appUnit/das_rx_0/inst/bus1[85]} {top_block_i/appUnit/das_rx_0/inst/bus1[86]} {top_block_i/appUnit/das_rx_0/inst/bus1[87]} {top_block_i/appUnit/das_rx_0/inst/bus1[88]} {top_block_i/appUnit/das_rx_0/inst/bus1[89]} {top_block_i/appUnit/das_rx_0/inst/bus1[90]} {top_block_i/appUnit/das_rx_0/inst/bus1[91]} {top_block_i/appUnit/das_rx_0/inst/bus1[92]} {top_block_i/appUnit/das_rx_0/inst/bus1[93]} {top_block_i/appUnit/das_rx_0/inst/bus1[94]} {top_block_i/appUnit/das_rx_0/inst/bus1[95]} {top_block_i/appUnit/das_rx_0/inst/bus1[96]} {top_block_i/appUnit/das_rx_0/inst/bus1[97]} {top_block_i/appUnit/das_rx_0/inst/bus1[98]} {top_block_i/appUnit/das_rx_0/inst/bus1[99]} {top_block_i/appUnit/das_rx_0/inst/bus1[100]} {top_block_i/appUnit/das_rx_0/inst/bus1[101]} {top_block_i/appUnit/das_rx_0/inst/bus1[102]} {top_block_i/appUnit/das_rx_0/inst/bus1[103]} {top_block_i/appUnit/das_rx_0/inst/bus1[104]} {top_block_i/appUnit/das_rx_0/inst/bus1[105]} {top_block_i/appUnit/das_rx_0/inst/bus1[106]} {top_block_i/appUnit/das_rx_0/inst/bus1[107]} {top_block_i/appUnit/das_rx_0/inst/bus1[108]} {top_block_i/appUnit/das_rx_0/inst/bus1[109]} {top_block_i/appUnit/das_rx_0/inst/bus1[110]} {top_block_i/appUnit/das_rx_0/inst/bus1[111]} {top_block_i/appUnit/das_rx_0/inst/bus1[112]} {top_block_i/appUnit/das_rx_0/inst/bus1[113]} {top_block_i/appUnit/das_rx_0/inst/bus1[114]} {top_block_i/appUnit/das_rx_0/inst/bus1[115]} {top_block_i/appUnit/das_rx_0/inst/bus1[116]} {top_block_i/appUnit/das_rx_0/inst/bus1[117]} {top_block_i/appUnit/das_rx_0/inst/bus1[118]} {top_block_i/appUnit/das_rx_0/inst/bus1[119]} {top_block_i/appUnit/das_rx_0/inst/bus1[120]} {top_block_i/appUnit/das_rx_0/inst/bus1[121]} {top_block_i/appUnit/das_rx_0/inst/bus1[122]} {top_block_i/appUnit/das_rx_0/inst/bus1[123]} {top_block_i/appUnit/das_rx_0/inst/bus1[124]} {top_block_i/appUnit/das_rx_0/inst/bus1[125]} {top_block_i/appUnit/das_rx_0/inst/bus1[126]} {top_block_i/appUnit/das_rx_0/inst/bus1[127]} {top_block_i/appUnit/das_rx_0/inst/bus1[128]} {top_block_i/appUnit/das_rx_0/inst/bus1[129]} {top_block_i/appUnit/das_rx_0/inst/bus1[130]} {top_block_i/appUnit/das_rx_0/inst/bus1[131]} {top_block_i/appUnit/das_rx_0/inst/bus1[132]} {top_block_i/appUnit/das_rx_0/inst/bus1[133]} {top_block_i/appUnit/das_rx_0/inst/bus1[134]} {top_block_i/appUnit/das_rx_0/inst/bus1[135]} {top_block_i/appUnit/das_rx_0/inst/bus1[136]} {top_block_i/appUnit/das_rx_0/inst/bus1[137]} {top_block_i/appUnit/das_rx_0/inst/bus1[138]} {top_block_i/appUnit/das_rx_0/inst/bus1[139]} {top_block_i/appUnit/das_rx_0/inst/bus1[140]} {top_block_i/appUnit/das_rx_0/inst/bus1[141]} {top_block_i/appUnit/das_rx_0/inst/bus1[142]} {top_block_i/appUnit/das_rx_0/inst/bus1[143]} {top_block_i/appUnit/das_rx_0/inst/bus1[144]} {top_block_i/appUnit/das_rx_0/inst/bus1[145]} {top_block_i/appUnit/das_rx_0/inst/bus1[146]} {top_block_i/appUnit/das_rx_0/inst/bus1[147]} {top_block_i/appUnit/das_rx_0/inst/bus1[148]} {top_block_i/appUnit/das_rx_0/inst/bus1[149]} {top_block_i/appUnit/das_rx_0/inst/bus1[150]} {top_block_i/appUnit/das_rx_0/inst/bus1[151]} {top_block_i/appUnit/das_rx_0/inst/bus1[152]} {top_block_i/appUnit/das_rx_0/inst/bus1[153]} {top_block_i/appUnit/das_rx_0/inst/bus1[154]} {top_block_i/appUnit/das_rx_0/inst/bus1[155]} {top_block_i/appUnit/das_rx_0/inst/bus1[156]} {top_block_i/appUnit/das_rx_0/inst/bus1[157]} {top_block_i/appUnit/das_rx_0/inst/bus1[158]} {top_block_i/appUnit/das_rx_0/inst/bus1[159]} {top_block_i/appUnit/das_rx_0/inst/bus1[160]} {top_block_i/appUnit/das_rx_0/inst/bus1[161]} {top_block_i/appUnit/das_rx_0/inst/bus1[162]} {top_block_i/appUnit/das_rx_0/inst/bus1[163]} {top_block_i/appUnit/das_rx_0/inst/bus1[164]} {top_block_i/appUnit/das_rx_0/inst/bus1[165]} {top_block_i/appUnit/das_rx_0/inst/bus1[166]} {top_block_i/appUnit/das_rx_0/inst/bus1[167]} {top_block_i/appUnit/das_rx_0/inst/bus1[168]} {top_block_i/appUnit/das_rx_0/inst/bus1[169]} {top_block_i/appUnit/das_rx_0/inst/bus1[170]} {top_block_i/appUnit/das_rx_0/inst/bus1[171]} {top_block_i/appUnit/das_rx_0/inst/bus1[172]} {top_block_i/appUnit/das_rx_0/inst/bus1[173]} {top_block_i/appUnit/das_rx_0/inst/bus1[174]} {top_block_i/appUnit/das_rx_0/inst/bus1[175]} {top_block_i/appUnit/das_rx_0/inst/bus1[176]} {top_block_i/appUnit/das_rx_0/inst/bus1[177]} {top_block_i/appUnit/das_rx_0/inst/bus1[178]} {top_block_i/appUnit/das_rx_0/inst/bus1[179]} {top_block_i/appUnit/das_rx_0/inst/bus1[180]} {top_block_i/appUnit/das_rx_0/inst/bus1[181]} {top_block_i/appUnit/das_rx_0/inst/bus1[182]} {top_block_i/appUnit/das_rx_0/inst/bus1[183]} {top_block_i/appUnit/das_rx_0/inst/bus1[184]} {top_block_i/appUnit/das_rx_0/inst/bus1[185]} {top_block_i/appUnit/das_rx_0/inst/bus1[186]} {top_block_i/appUnit/das_rx_0/inst/bus1[187]} {top_block_i/appUnit/das_rx_0/inst/bus1[188]} {top_block_i/appUnit/das_rx_0/inst/bus1[189]} {top_block_i/appUnit/das_rx_0/inst/bus1[190]} {top_block_i/appUnit/das_rx_0/inst/bus1[191]} {top_block_i/appUnit/das_rx_0/inst/bus1[192]} {top_block_i/appUnit/das_rx_0/inst/bus1[193]} {top_block_i/appUnit/das_rx_0/inst/bus1[194]} {top_block_i/appUnit/das_rx_0/inst/bus1[195]} {top_block_i/appUnit/das_rx_0/inst/bus1[196]} {top_block_i/appUnit/das_rx_0/inst/bus1[197]} {top_block_i/appUnit/das_rx_0/inst/bus1[198]} {top_block_i/appUnit/das_rx_0/inst/bus1[199]} {top_block_i/appUnit/das_rx_0/inst/bus1[200]} {top_block_i/appUnit/das_rx_0/inst/bus1[201]} {top_block_i/appUnit/das_rx_0/inst/bus1[202]} {top_block_i/appUnit/das_rx_0/inst/bus1[203]} {top_block_i/appUnit/das_rx_0/inst/bus1[204]} {top_block_i/appUnit/das_rx_0/inst/bus1[205]} {top_block_i/appUnit/das_rx_0/inst/bus1[206]} {top_block_i/appUnit/das_rx_0/inst/bus1[207]} {top_block_i/appUnit/das_rx_0/inst/bus1[208]} {top_block_i/appUnit/das_rx_0/inst/bus1[209]} {top_block_i/appUnit/das_rx_0/inst/bus1[210]} {top_block_i/appUnit/das_rx_0/inst/bus1[211]} {top_block_i/appUnit/das_rx_0/inst/bus1[212]} {top_block_i/appUnit/das_rx_0/inst/bus1[213]} {top_block_i/appUnit/das_rx_0/inst/bus1[214]} {top_block_i/appUnit/das_rx_0/inst/bus1[215]} {top_block_i/appUnit/das_rx_0/inst/bus1[216]} {top_block_i/appUnit/das_rx_0/inst/bus1[217]} {top_block_i/appUnit/das_rx_0/inst/bus1[218]} {top_block_i/appUnit/das_rx_0/inst/bus1[219]} {top_block_i/appUnit/das_rx_0/inst/bus1[220]} {top_block_i/appUnit/das_rx_0/inst/bus1[221]} {top_block_i/appUnit/das_rx_0/inst/bus1[222]} {top_block_i/appUnit/das_rx_0/inst/bus1[223]} {top_block_i/appUnit/das_rx_0/inst/bus1[224]} {top_block_i/appUnit/das_rx_0/inst/bus1[225]} {top_block_i/appUnit/das_rx_0/inst/bus1[226]} {top_block_i/appUnit/das_rx_0/inst/bus1[227]} {top_block_i/appUnit/das_rx_0/inst/bus1[228]} {top_block_i/appUnit/das_rx_0/inst/bus1[229]} {top_block_i/appUnit/das_rx_0/inst/bus1[230]} {top_block_i/appUnit/das_rx_0/inst/bus1[231]} {top_block_i/appUnit/das_rx_0/inst/bus1[232]} {top_block_i/appUnit/das_rx_0/inst/bus1[233]} {top_block_i/appUnit/das_rx_0/inst/bus1[234]} {top_block_i/appUnit/das_rx_0/inst/bus1[235]} {top_block_i/appUnit/das_rx_0/inst/bus1[236]} {top_block_i/appUnit/das_rx_0/inst/bus1[237]} {top_block_i/appUnit/das_rx_0/inst/bus1[238]} {top_block_i/appUnit/das_rx_0/inst/bus1[239]} {top_block_i/appUnit/das_rx_0/inst/bus1[240]} {top_block_i/appUnit/das_rx_0/inst/bus1[241]} {top_block_i/appUnit/das_rx_0/inst/bus1[242]} {top_block_i/appUnit/das_rx_0/inst/bus1[243]} {top_block_i/appUnit/das_rx_0/inst/bus1[244]} {top_block_i/appUnit/das_rx_0/inst/bus1[245]} {top_block_i/appUnit/das_rx_0/inst/bus1[246]} {top_block_i/appUnit/das_rx_0/inst/bus1[247]} {top_block_i/appUnit/das_rx_0/inst/bus1[248]} {top_block_i/appUnit/das_rx_0/inst/bus1[249]} {top_block_i/appUnit/das_rx_0/inst/bus1[250]} {top_block_i/appUnit/das_rx_0/inst/bus1[251]} {top_block_i/appUnit/das_rx_0/inst/bus1[252]} {top_block_i/appUnit/das_rx_0/inst/bus1[253]} {top_block_i/appUnit/das_rx_0/inst/bus1[254]} {top_block_i/appUnit/das_rx_0/inst/bus1[255]} {top_block_i/appUnit/das_rx_0/inst/bus1[256]} {top_block_i/appUnit/das_rx_0/inst/bus1[257]} {top_block_i/appUnit/das_rx_0/inst/bus1[258]} {top_block_i/appUnit/das_rx_0/inst/bus1[259]} {top_block_i/appUnit/das_rx_0/inst/bus1[260]} {top_block_i/appUnit/das_rx_0/inst/bus1[261]} {top_block_i/appUnit/das_rx_0/inst/bus1[262]} {top_block_i/appUnit/das_rx_0/inst/bus1[263]} {top_block_i/appUnit/das_rx_0/inst/bus1[264]} {top_block_i/appUnit/das_rx_0/inst/bus1[265]} {top_block_i/appUnit/das_rx_0/inst/bus1[266]} {top_block_i/appUnit/das_rx_0/inst/bus1[267]} {top_block_i/appUnit/das_rx_0/inst/bus1[268]} {top_block_i/appUnit/das_rx_0/inst/bus1[269]} {top_block_i/appUnit/das_rx_0/inst/bus1[270]} {top_block_i/appUnit/das_rx_0/inst/bus1[271]} {top_block_i/appUnit/das_rx_0/inst/bus1[272]} {top_block_i/appUnit/das_rx_0/inst/bus1[273]} {top_block_i/appUnit/das_rx_0/inst/bus1[274]} {top_block_i/appUnit/das_rx_0/inst/bus1[275]} {top_block_i/appUnit/das_rx_0/inst/bus1[276]} {top_block_i/appUnit/das_rx_0/inst/bus1[277]} {top_block_i/appUnit/das_rx_0/inst/bus1[278]} {top_block_i/appUnit/das_rx_0/inst/bus1[279]} {top_block_i/appUnit/das_rx_0/inst/bus1[280]} {top_block_i/appUnit/das_rx_0/inst/bus1[281]} {top_block_i/appUnit/das_rx_0/inst/bus1[282]} {top_block_i/appUnit/das_rx_0/inst/bus1[283]} {top_block_i/appUnit/das_rx_0/inst/bus1[284]} {top_block_i/appUnit/das_rx_0/inst/bus1[285]} {top_block_i/appUnit/das_rx_0/inst/bus1[286]} {top_block_i/appUnit/das_rx_0/inst/bus1[287]} {top_block_i/appUnit/das_rx_0/inst/bus1[288]} {top_block_i/appUnit/das_rx_0/inst/bus1[289]} {top_block_i/appUnit/das_rx_0/inst/bus1[290]} {top_block_i/appUnit/das_rx_0/inst/bus1[291]} {top_block_i/appUnit/das_rx_0/inst/bus1[292]} {top_block_i/appUnit/das_rx_0/inst/bus1[293]} {top_block_i/appUnit/das_rx_0/inst/bus1[294]} {top_block_i/appUnit/das_rx_0/inst/bus1[295]} {top_block_i/appUnit/das_rx_0/inst/bus1[296]} {top_block_i/appUnit/das_rx_0/inst/bus1[297]} {top_block_i/appUnit/das_rx_0/inst/bus1[298]} {top_block_i/appUnit/das_rx_0/inst/bus1[299]} {top_block_i/appUnit/das_rx_0/inst/bus1[300]} {top_block_i/appUnit/das_rx_0/inst/bus1[301]} {top_block_i/appUnit/das_rx_0/inst/bus1[302]} {top_block_i/appUnit/das_rx_0/inst/bus1[303]} {top_block_i/appUnit/das_rx_0/inst/bus1[304]} {top_block_i/appUnit/das_rx_0/inst/bus1[305]} {top_block_i/appUnit/das_rx_0/inst/bus1[306]} {top_block_i/appUnit/das_rx_0/inst/bus1[307]} {top_block_i/appUnit/das_rx_0/inst/bus1[308]} {top_block_i/appUnit/das_rx_0/inst/bus1[309]} {top_block_i/appUnit/das_rx_0/inst/bus1[310]} {top_block_i/appUnit/das_rx_0/inst/bus1[311]} {top_block_i/appUnit/das_rx_0/inst/bus1[312]} {top_block_i/appUnit/das_rx_0/inst/bus1[313]} {top_block_i/appUnit/das_rx_0/inst/bus1[314]} {top_block_i/appUnit/das_rx_0/inst/bus1[315]} {top_block_i/appUnit/das_rx_0/inst/bus1[316]} {top_block_i/appUnit/das_rx_0/inst/bus1[317]} {top_block_i/appUnit/das_rx_0/inst/bus1[318]} {top_block_i/appUnit/das_rx_0/inst/bus1[319]} ]]
create_debug_port u_ila_0 probe
set_property port_width 320 [get_debug_ports u_ila_0/probe2]
set_property PROBE_TYPE DATA_AND_TRIGGER [get_debug_ports u_ila_0/probe2]
connect_debug_port u_ila_0/probe2 [get_nets [list {top_block_i/appUnit/das_rx_0/inst/bus2[0]} {top_block_i/appUnit/das_rx_0/inst/bus2[1]} {top_block_i/appUnit/das_rx_0/inst/bus2[2]} {top_block_i/appUnit/das_rx_0/inst/bus2[3]} {top_block_i/appUnit/das_rx_0/inst/bus2[4]} {top_block_i/appUnit/das_rx_0/inst/bus2[5]} {top_block_i/appUnit/das_rx_0/inst/bus2[6]} {top_block_i/appUnit/das_rx_0/inst/bus2[7]} {top_block_i/appUnit/das_rx_0/inst/bus2[8]} {top_block_i/appUnit/das_rx_0/inst/bus2[9]} {top_block_i/appUnit/das_rx_0/inst/bus2[10]} {top_block_i/appUnit/das_rx_0/inst/bus2[11]} {top_block_i/appUnit/das_rx_0/inst/bus2[12]} {top_block_i/appUnit/das_rx_0/inst/bus2[13]} {top_block_i/appUnit/das_rx_0/inst/bus2[14]} {top_block_i/appUnit/das_rx_0/inst/bus2[15]} {top_block_i/appUnit/das_rx_0/inst/bus2[16]} {top_block_i/appUnit/das_rx_0/inst/bus2[17]} {top_block_i/appUnit/das_rx_0/inst/bus2[18]} {top_block_i/appUnit/das_rx_0/inst/bus2[19]} {top_block_i/appUnit/das_rx_0/inst/bus2[20]} {top_block_i/appUnit/das_rx_0/inst/bus2[21]} {top_block_i/appUnit/das_rx_0/inst/bus2[22]} {top_block_i/appUnit/das_rx_0/inst/bus2[23]} {top_block_i/appUnit/das_rx_0/inst/bus2[24]} {top_block_i/appUnit/das_rx_0/inst/bus2[25]} {top_block_i/appUnit/das_rx_0/inst/bus2[26]} {top_block_i/appUnit/das_rx_0/inst/bus2[27]} {top_block_i/appUnit/das_rx_0/inst/bus2[28]} {top_block_i/appUnit/das_rx_0/inst/bus2[29]} {top_block_i/appUnit/das_rx_0/inst/bus2[30]} {top_block_i/appUnit/das_rx_0/inst/bus2[31]} {top_block_i/appUnit/das_rx_0/inst/bus2[32]} {top_block_i/appUnit/das_rx_0/inst/bus2[33]} {top_block_i/appUnit/das_rx_0/inst/bus2[34]} {top_block_i/appUnit/das_rx_0/inst/bus2[35]} {top_block_i/appUnit/das_rx_0/inst/bus2[36]} {top_block_i/appUnit/das_rx_0/inst/bus2[37]} {top_block_i/appUnit/das_rx_0/inst/bus2[38]} {top_block_i/appUnit/das_rx_0/inst/bus2[39]} {top_block_i/appUnit/das_rx_0/inst/bus2[40]} {top_block_i/appUnit/das_rx_0/inst/bus2[41]} {top_block_i/appUnit/das_rx_0/inst/bus2[42]} {top_block_i/appUnit/das_rx_0/inst/bus2[43]} {top_block_i/appUnit/das_rx_0/inst/bus2[44]} {top_block_i/appUnit/das_rx_0/inst/bus2[45]} {top_block_i/appUnit/das_rx_0/inst/bus2[46]} {top_block_i/appUnit/das_rx_0/inst/bus2[47]} {top_block_i/appUnit/das_rx_0/inst/bus2[48]} {top_block_i/appUnit/das_rx_0/inst/bus2[49]} {top_block_i/appUnit/das_rx_0/inst/bus2[50]} {top_block_i/appUnit/das_rx_0/inst/bus2[51]} {top_block_i/appUnit/das_rx_0/inst/bus2[52]} {top_block_i/appUnit/das_rx_0/inst/bus2[53]} {top_block_i/appUnit/das_rx_0/inst/bus2[54]} {top_block_i/appUnit/das_rx_0/inst/bus2[55]} {top_block_i/appUnit/das_rx_0/inst/bus2[56]} {top_block_i/appUnit/das_rx_0/inst/bus2[57]} {top_block_i/appUnit/das_rx_0/inst/bus2[58]} {top_block_i/appUnit/das_rx_0/inst/bus2[59]} {top_block_i/appUnit/das_rx_0/inst/bus2[60]} {top_block_i/appUnit/das_rx_0/inst/bus2[61]} {top_block_i/appUnit/das_rx_0/inst/bus2[62]} {top_block_i/appUnit/das_rx_0/inst/bus2[63]} {top_block_i/appUnit/das_rx_0/inst/bus2[64]} {top_block_i/appUnit/das_rx_0/inst/bus2[65]} {top_block_i/appUnit/das_rx_0/inst/bus2[66]} {top_block_i/appUnit/das_rx_0/inst/bus2[67]} {top_block_i/appUnit/das_rx_0/inst/bus2[68]} {top_block_i/appUnit/das_rx_0/inst/bus2[69]} {top_block_i/appUnit/das_rx_0/inst/bus2[70]} {top_block_i/appUnit/das_rx_0/inst/bus2[71]} {top_block_i/appUnit/das_rx_0/inst/bus2[72]} {top_block_i/appUnit/das_rx_0/inst/bus2[73]} {top_block_i/appUnit/das_rx_0/inst/bus2[74]} {top_block_i/appUnit/das_rx_0/inst/bus2[75]} {top_block_i/appUnit/das_rx_0/inst/bus2[76]} {top_block_i/appUnit/das_rx_0/inst/bus2[77]} {top_block_i/appUnit/das_rx_0/inst/bus2[78]} {top_block_i/appUnit/das_rx_0/inst/bus2[79]} {top_block_i/appUnit/das_rx_0/inst/bus2[80]} {top_block_i/appUnit/das_rx_0/inst/bus2[81]} {top_block_i/appUnit/das_rx_0/inst/bus2[82]} {top_block_i/appUnit/das_rx_0/inst/bus2[83]} {top_block_i/appUnit/das_rx_0/inst/bus2[84]} {top_block_i/appUnit/das_rx_0/inst/bus2[85]} {top_block_i/appUnit/das_rx_0/inst/bus2[86]} {top_block_i/appUnit/das_rx_0/inst/bus2[87]} {top_block_i/appUnit/das_rx_0/inst/bus2[88]} {top_block_i/appUnit/das_rx_0/inst/bus2[89]} {top_block_i/appUnit/das_rx_0/inst/bus2[90]} {top_block_i/appUnit/das_rx_0/inst/bus2[91]} {top_block_i/appUnit/das_rx_0/inst/bus2[92]} {top_block_i/appUnit/das_rx_0/inst/bus2[93]} {top_block_i/appUnit/das_rx_0/inst/bus2[94]} {top_block_i/appUnit/das_rx_0/inst/bus2[95]} {top_block_i/appUnit/das_rx_0/inst/bus2[96]} {top_block_i/appUnit/das_rx_0/inst/bus2[97]} {top_block_i/appUnit/das_rx_0/inst/bus2[98]} {top_block_i/appUnit/das_rx_0/inst/bus2[99]} {top_block_i/appUnit/das_rx_0/inst/bus2[100]} {top_block_i/appUnit/das_rx_0/inst/bus2[101]} {top_block_i/appUnit/das_rx_0/inst/bus2[102]} {top_block_i/appUnit/das_rx_0/inst/bus2[103]} {top_block_i/appUnit/das_rx_0/inst/bus2[104]} {top_block_i/appUnit/das_rx_0/inst/bus2[105]} {top_block_i/appUnit/das_rx_0/inst/bus2[106]} {top_block_i/appUnit/das_rx_0/inst/bus2[107]} {top_block_i/appUnit/das_rx_0/inst/bus2[108]} {top_block_i/appUnit/das_rx_0/inst/bus2[109]} {top_block_i/appUnit/das_rx_0/inst/bus2[110]} {top_block_i/appUnit/das_rx_0/inst/bus2[111]} {top_block_i/appUnit/das_rx_0/inst/bus2[112]} {top_block_i/appUnit/das_rx_0/inst/bus2[113]} {top_block_i/appUnit/das_rx_0/inst/bus2[114]} {top_block_i/appUnit/das_rx_0/inst/bus2[115]} {top_block_i/appUnit/das_rx_0/inst/bus2[116]} {top_block_i/appUnit/das_rx_0/inst/bus2[117]} {top_block_i/appUnit/das_rx_0/inst/bus2[118]} {top_block_i/appUnit/das_rx_0/inst/bus2[119]} {top_block_i/appUnit/das_rx_0/inst/bus2[120]} {top_block_i/appUnit/das_rx_0/inst/bus2[121]} {top_block_i/appUnit/das_rx_0/inst/bus2[122]} {top_block_i/appUnit/das_rx_0/inst/bus2[123]} {top_block_i/appUnit/das_rx_0/inst/bus2[124]} {top_block_i/appUnit/das_rx_0/inst/bus2[125]} {top_block_i/appUnit/das_rx_0/inst/bus2[126]} {top_block_i/appUnit/das_rx_0/inst/bus2[127]} {top_block_i/appUnit/das_rx_0/inst/bus2[128]} {top_block_i/appUnit/das_rx_0/inst/bus2[129]} {top_block_i/appUnit/das_rx_0/inst/bus2[130]} {top_block_i/appUnit/das_rx_0/inst/bus2[131]} {top_block_i/appUnit/das_rx_0/inst/bus2[132]} {top_block_i/appUnit/das_rx_0/inst/bus2[133]} {top_block_i/appUnit/das_rx_0/inst/bus2[134]} {top_block_i/appUnit/das_rx_0/inst/bus2[135]} {top_block_i/appUnit/das_rx_0/inst/bus2[136]} {top_block_i/appUnit/das_rx_0/inst/bus2[137]} {top_block_i/appUnit/das_rx_0/inst/bus2[138]} {top_block_i/appUnit/das_rx_0/inst/bus2[139]} {top_block_i/appUnit/das_rx_0/inst/bus2[140]} {top_block_i/appUnit/das_rx_0/inst/bus2[141]} {top_block_i/appUnit/das_rx_0/inst/bus2[142]} {top_block_i/appUnit/das_rx_0/inst/bus2[143]} {top_block_i/appUnit/das_rx_0/inst/bus2[144]} {top_block_i/appUnit/das_rx_0/inst/bus2[145]} {top_block_i/appUnit/das_rx_0/inst/bus2[146]} {top_block_i/appUnit/das_rx_0/inst/bus2[147]} {top_block_i/appUnit/das_rx_0/inst/bus2[148]} {top_block_i/appUnit/das_rx_0/inst/bus2[149]} {top_block_i/appUnit/das_rx_0/inst/bus2[150]} {top_block_i/appUnit/das_rx_0/inst/bus2[151]} {top_block_i/appUnit/das_rx_0/inst/bus2[152]} {top_block_i/appUnit/das_rx_0/inst/bus2[153]} {top_block_i/appUnit/das_rx_0/inst/bus2[154]} {top_block_i/appUnit/das_rx_0/inst/bus2[155]} {top_block_i/appUnit/das_rx_0/inst/bus2[156]} {top_block_i/appUnit/das_rx_0/inst/bus2[157]} {top_block_i/appUnit/das_rx_0/inst/bus2[158]} {top_block_i/appUnit/das_rx_0/inst/bus2[159]} {top_block_i/appUnit/das_rx_0/inst/bus2[160]} {top_block_i/appUnit/das_rx_0/inst/bus2[161]} {top_block_i/appUnit/das_rx_0/inst/bus2[162]} {top_block_i/appUnit/das_rx_0/inst/bus2[163]} {top_block_i/appUnit/das_rx_0/inst/bus2[164]} {top_block_i/appUnit/das_rx_0/inst/bus2[165]} {top_block_i/appUnit/das_rx_0/inst/bus2[166]} {top_block_i/appUnit/das_rx_0/inst/bus2[167]} {top_block_i/appUnit/das_rx_0/inst/bus2[168]} {top_block_i/appUnit/das_rx_0/inst/bus2[169]} {top_block_i/appUnit/das_rx_0/inst/bus2[170]} {top_block_i/appUnit/das_rx_0/inst/bus2[171]} {top_block_i/appUnit/das_rx_0/inst/bus2[172]} {top_block_i/appUnit/das_rx_0/inst/bus2[173]} {top_block_i/appUnit/das_rx_0/inst/bus2[174]} {top_block_i/appUnit/das_rx_0/inst/bus2[175]} {top_block_i/appUnit/das_rx_0/inst/bus2[176]} {top_block_i/appUnit/das_rx_0/inst/bus2[177]} {top_block_i/appUnit/das_rx_0/inst/bus2[178]} {top_block_i/appUnit/das_rx_0/inst/bus2[179]} {top_block_i/appUnit/das_rx_0/inst/bus2[180]} {top_block_i/appUnit/das_rx_0/inst/bus2[181]} {top_block_i/appUnit/das_rx_0/inst/bus2[182]} {top_block_i/appUnit/das_rx_0/inst/bus2[183]} {top_block_i/appUnit/das_rx_0/inst/bus2[184]} {top_block_i/appUnit/das_rx_0/inst/bus2[185]} {top_block_i/appUnit/das_rx_0/inst/bus2[186]} {top_block_i/appUnit/das_rx_0/inst/bus2[187]} {top_block_i/appUnit/das_rx_0/inst/bus2[188]} {top_block_i/appUnit/das_rx_0/inst/bus2[189]} {top_block_i/appUnit/das_rx_0/inst/bus2[190]} {top_block_i/appUnit/das_rx_0/inst/bus2[191]} {top_block_i/appUnit/das_rx_0/inst/bus2[192]} {top_block_i/appUnit/das_rx_0/inst/bus2[193]} {top_block_i/appUnit/das_rx_0/inst/bus2[194]} {top_block_i/appUnit/das_rx_0/inst/bus2[195]} {top_block_i/appUnit/das_rx_0/inst/bus2[196]} {top_block_i/appUnit/das_rx_0/inst/bus2[197]} {top_block_i/appUnit/das_rx_0/inst/bus2[198]} {top_block_i/appUnit/das_rx_0/inst/bus2[199]} {top_block_i/appUnit/das_rx_0/inst/bus2[200]} {top_block_i/appUnit/das_rx_0/inst/bus2[201]} {top_block_i/appUnit/das_rx_0/inst/bus2[202]} {top_block_i/appUnit/das_rx_0/inst/bus2[203]} {top_block_i/appUnit/das_rx_0/inst/bus2[204]} {top_block_i/appUnit/das_rx_0/inst/bus2[205]} {top_block_i/appUnit/das_rx_0/inst/bus2[206]} {top_block_i/appUnit/das_rx_0/inst/bus2[207]} {top_block_i/appUnit/das_rx_0/inst/bus2[208]} {top_block_i/appUnit/das_rx_0/inst/bus2[209]} {top_block_i/appUnit/das_rx_0/inst/bus2[210]} {top_block_i/appUnit/das_rx_0/inst/bus2[211]} {top_block_i/appUnit/das_rx_0/inst/bus2[212]} {top_block_i/appUnit/das_rx_0/inst/bus2[213]} {top_block_i/appUnit/das_rx_0/inst/bus2[214]} {top_block_i/appUnit/das_rx_0/inst/bus2[215]} {top_block_i/appUnit/das_rx_0/inst/bus2[216]} {top_block_i/appUnit/das_rx_0/inst/bus2[217]} {top_block_i/appUnit/das_rx_0/inst/bus2[218]} {top_block_i/appUnit/das_rx_0/inst/bus2[219]} {top_block_i/appUnit/das_rx_0/inst/bus2[220]} {top_block_i/appUnit/das_rx_0/inst/bus2[221]} {top_block_i/appUnit/das_rx_0/inst/bus2[222]} {top_block_i/appUnit/das_rx_0/inst/bus2[223]} {top_block_i/appUnit/das_rx_0/inst/bus2[224]} {top_block_i/appUnit/das_rx_0/inst/bus2[225]} {top_block_i/appUnit/das_rx_0/inst/bus2[226]} {top_block_i/appUnit/das_rx_0/inst/bus2[227]} {top_block_i/appUnit/das_rx_0/inst/bus2[228]} {top_block_i/appUnit/das_rx_0/inst/bus2[229]} {top_block_i/appUnit/das_rx_0/inst/bus2[230]} {top_block_i/appUnit/das_rx_0/inst/bus2[231]} {top_block_i/appUnit/das_rx_0/inst/bus2[232]} {top_block_i/appUnit/das_rx_0/inst/bus2[233]} {top_block_i/appUnit/das_rx_0/inst/bus2[234]} {top_block_i/appUnit/das_rx_0/inst/bus2[235]} {top_block_i/appUnit/das_rx_0/inst/bus2[236]} {top_block_i/appUnit/das_rx_0/inst/bus2[237]} {top_block_i/appUnit/das_rx_0/inst/bus2[238]} {top_block_i/appUnit/das_rx_0/inst/bus2[239]} {top_block_i/appUnit/das_rx_0/inst/bus2[240]} {top_block_i/appUnit/das_rx_0/inst/bus2[241]} {top_block_i/appUnit/das_rx_0/inst/bus2[242]} {top_block_i/appUnit/das_rx_0/inst/bus2[243]} {top_block_i/appUnit/das_rx_0/inst/bus2[244]} {top_block_i/appUnit/das_rx_0/inst/bus2[245]} {top_block_i/appUnit/das_rx_0/inst/bus2[246]} {top_block_i/appUnit/das_rx_0/inst/bus2[247]} {top_block_i/appUnit/das_rx_0/inst/bus2[248]} {top_block_i/appUnit/das_rx_0/inst/bus2[249]} {top_block_i/appUnit/das_rx_0/inst/bus2[250]} {top_block_i/appUnit/das_rx_0/inst/bus2[251]} {top_block_i/appUnit/das_rx_0/inst/bus2[252]} {top_block_i/appUnit/das_rx_0/inst/bus2[253]} {top_block_i/appUnit/das_rx_0/inst/bus2[254]} {top_block_i/appUnit/das_rx_0/inst/bus2[255]} {top_block_i/appUnit/das_rx_0/inst/bus2[256]} {top_block_i/appUnit/das_rx_0/inst/bus2[257]} {top_block_i/appUnit/das_rx_0/inst/bus2[258]} {top_block_i/appUnit/das_rx_0/inst/bus2[259]} {top_block_i/appUnit/das_rx_0/inst/bus2[260]} {top_block_i/appUnit/das_rx_0/inst/bus2[261]} {top_block_i/appUnit/das_rx_0/inst/bus2[262]} {top_block_i/appUnit/das_rx_0/inst/bus2[263]} {top_block_i/appUnit/das_rx_0/inst/bus2[264]} {top_block_i/appUnit/das_rx_0/inst/bus2[265]} {top_block_i/appUnit/das_rx_0/inst/bus2[266]} {top_block_i/appUnit/das_rx_0/inst/bus2[267]} {top_block_i/appUnit/das_rx_0/inst/bus2[268]} {top_block_i/appUnit/das_rx_0/inst/bus2[269]} {top_block_i/appUnit/das_rx_0/inst/bus2[270]} {top_block_i/appUnit/das_rx_0/inst/bus2[271]} {top_block_i/appUnit/das_rx_0/inst/bus2[272]} {top_block_i/appUnit/das_rx_0/inst/bus2[273]} {top_block_i/appUnit/das_rx_0/inst/bus2[274]} {top_block_i/appUnit/das_rx_0/inst/bus2[275]} {top_block_i/appUnit/das_rx_0/inst/bus2[276]} {top_block_i/appUnit/das_rx_0/inst/bus2[277]} {top_block_i/appUnit/das_rx_0/inst/bus2[278]} {top_block_i/appUnit/das_rx_0/inst/bus2[279]} {top_block_i/appUnit/das_rx_0/inst/bus2[280]} {top_block_i/appUnit/das_rx_0/inst/bus2[281]} {top_block_i/appUnit/das_rx_0/inst/bus2[282]} {top_block_i/appUnit/das_rx_0/inst/bus2[283]} {top_block_i/appUnit/das_rx_0/inst/bus2[284]} {top_block_i/appUnit/das_rx_0/inst/bus2[285]} {top_block_i/appUnit/das_rx_0/inst/bus2[286]} {top_block_i/appUnit/das_rx_0/inst/bus2[287]} {top_block_i/appUnit/das_rx_0/inst/bus2[288]} {top_block_i/appUnit/das_rx_0/inst/bus2[289]} {top_block_i/appUnit/das_rx_0/inst/bus2[290]} {top_block_i/appUnit/das_rx_0/inst/bus2[291]} {top_block_i/appUnit/das_rx_0/inst/bus2[292]} {top_block_i/appUnit/das_rx_0/inst/bus2[293]} {top_block_i/appUnit/das_rx_0/inst/bus2[294]} {top_block_i/appUnit/das_rx_0/inst/bus2[295]} {top_block_i/appUnit/das_rx_0/inst/bus2[296]} {top_block_i/appUnit/das_rx_0/inst/bus2[297]} {top_block_i/appUnit/das_rx_0/inst/bus2[298]} {top_block_i/appUnit/das_rx_0/inst/bus2[299]} {top_block_i/appUnit/das_rx_0/inst/bus2[300]} {top_block_i/appUnit/das_rx_0/inst/bus2[301]} {top_block_i/appUnit/das_rx_0/inst/bus2[302]} {top_block_i/appUnit/das_rx_0/inst/bus2[303]} {top_block_i/appUnit/das_rx_0/inst/bus2[304]} {top_block_i/appUnit/das_rx_0/inst/bus2[305]} {top_block_i/appUnit/das_rx_0/inst/bus2[306]} {top_block_i/appUnit/das_rx_0/inst/bus2[307]} {top_block_i/appUnit/das_rx_0/inst/bus2[308]} {top_block_i/appUnit/das_rx_0/inst/bus2[309]} {top_block_i/appUnit/das_rx_0/inst/bus2[310]} {top_block_i/appUnit/das_rx_0/inst/bus2[311]} {top_block_i/appUnit/das_rx_0/inst/bus2[312]} {top_block_i/appUnit/das_rx_0/inst/bus2[313]} {top_block_i/appUnit/das_rx_0/inst/bus2[314]} {top_block_i/appUnit/das_rx_0/inst/bus2[315]} {top_block_i/appUnit/das_rx_0/inst/bus2[316]} {top_block_i/appUnit/das_rx_0/inst/bus2[317]} {top_block_i/appUnit/das_rx_0/inst/bus2[318]} {top_block_i/appUnit/das_rx_0/inst/bus2[319]} ]]
create_debug_port u_ila_0 probe
set_property port_width 2 [get_debug_ports u_ila_0/probe3]
set_property PROBE_TYPE DATA_AND_TRIGGER [get_debug_ports u_ila_0/probe3]
connect_debug_port u_ila_0/probe3 [get_nets [list {top_block_i/appUnit/das_rx_0/inst/clk_cnt[0]} {top_block_i/appUnit/das_rx_0/inst/clk_cnt[1]} ]]
create_debug_port u_ila_0 probe
set_property port_width 320 [get_debug_ports u_ila_0/probe4]
set_property PROBE_TYPE DATA_AND_TRIGGER [get_debug_ports u_ila_0/probe4]
connect_debug_port u_ila_0/probe4 [get_nets [list {top_block_i/appUnit/das_rx_0/inst/bus0[0]} {top_block_i/appUnit/das_rx_0/inst/bus0[1]} {top_block_i/appUnit/das_rx_0/inst/bus0[2]} {top_block_i/appUnit/das_rx_0/inst/bus0[3]} {top_block_i/appUnit/das_rx_0/inst/bus0[4]} {top_block_i/appUnit/das_rx_0/inst/bus0[5]} {top_block_i/appUnit/das_rx_0/inst/bus0[6]} {top_block_i/appUnit/das_rx_0/inst/bus0[7]} {top_block_i/appUnit/das_rx_0/inst/bus0[8]} {top_block_i/appUnit/das_rx_0/inst/bus0[9]} {top_block_i/appUnit/das_rx_0/inst/bus0[10]} {top_block_i/appUnit/das_rx_0/inst/bus0[11]} {top_block_i/appUnit/das_rx_0/inst/bus0[12]} {top_block_i/appUnit/das_rx_0/inst/bus0[13]} {top_block_i/appUnit/das_rx_0/inst/bus0[14]} {top_block_i/appUnit/das_rx_0/inst/bus0[15]} {top_block_i/appUnit/das_rx_0/inst/bus0[16]} {top_block_i/appUnit/das_rx_0/inst/bus0[17]} {top_block_i/appUnit/das_rx_0/inst/bus0[18]} {top_block_i/appUnit/das_rx_0/inst/bus0[19]} {top_block_i/appUnit/das_rx_0/inst/bus0[20]} {top_block_i/appUnit/das_rx_0/inst/bus0[21]} {top_block_i/appUnit/das_rx_0/inst/bus0[22]} {top_block_i/appUnit/das_rx_0/inst/bus0[23]} {top_block_i/appUnit/das_rx_0/inst/bus0[24]} {top_block_i/appUnit/das_rx_0/inst/bus0[25]} {top_block_i/appUnit/das_rx_0/inst/bus0[26]} {top_block_i/appUnit/das_rx_0/inst/bus0[27]} {top_block_i/appUnit/das_rx_0/inst/bus0[28]} {top_block_i/appUnit/das_rx_0/inst/bus0[29]} {top_block_i/appUnit/das_rx_0/inst/bus0[30]} {top_block_i/appUnit/das_rx_0/inst/bus0[31]} {top_block_i/appUnit/das_rx_0/inst/bus0[32]} {top_block_i/appUnit/das_rx_0/inst/bus0[33]} {top_block_i/appUnit/das_rx_0/inst/bus0[34]} {top_block_i/appUnit/das_rx_0/inst/bus0[35]} {top_block_i/appUnit/das_rx_0/inst/bus0[36]} {top_block_i/appUnit/das_rx_0/inst/bus0[37]} {top_block_i/appUnit/das_rx_0/inst/bus0[38]} {top_block_i/appUnit/das_rx_0/inst/bus0[39]} {top_block_i/appUnit/das_rx_0/inst/bus0[40]} {top_block_i/appUnit/das_rx_0/inst/bus0[41]} {top_block_i/appUnit/das_rx_0/inst/bus0[42]} {top_block_i/appUnit/das_rx_0/inst/bus0[43]} {top_block_i/appUnit/das_rx_0/inst/bus0[44]} {top_block_i/appUnit/das_rx_0/inst/bus0[45]} {top_block_i/appUnit/das_rx_0/inst/bus0[46]} {top_block_i/appUnit/das_rx_0/inst/bus0[47]} {top_block_i/appUnit/das_rx_0/inst/bus0[48]} {top_block_i/appUnit/das_rx_0/inst/bus0[49]} {top_block_i/appUnit/das_rx_0/inst/bus0[50]} {top_block_i/appUnit/das_rx_0/inst/bus0[51]} {top_block_i/appUnit/das_rx_0/inst/bus0[52]} {top_block_i/appUnit/das_rx_0/inst/bus0[53]} {top_block_i/appUnit/das_rx_0/inst/bus0[54]} {top_block_i/appUnit/das_rx_0/inst/bus0[55]} {top_block_i/appUnit/das_rx_0/inst/bus0[56]} {top_block_i/appUnit/das_rx_0/inst/bus0[57]} {top_block_i/appUnit/das_rx_0/inst/bus0[58]} {top_block_i/appUnit/das_rx_0/inst/bus0[59]} {top_block_i/appUnit/das_rx_0/inst/bus0[60]} {top_block_i/appUnit/das_rx_0/inst/bus0[61]} {top_block_i/appUnit/das_rx_0/inst/bus0[62]} {top_block_i/appUnit/das_rx_0/inst/bus0[63]} {top_block_i/appUnit/das_rx_0/inst/bus0[64]} {top_block_i/appUnit/das_rx_0/inst/bus0[65]} {top_block_i/appUnit/das_rx_0/inst/bus0[66]} {top_block_i/appUnit/das_rx_0/inst/bus0[67]} {top_block_i/appUnit/das_rx_0/inst/bus0[68]} {top_block_i/appUnit/das_rx_0/inst/bus0[69]} {top_block_i/appUnit/das_rx_0/inst/bus0[70]} {top_block_i/appUnit/das_rx_0/inst/bus0[71]} {top_block_i/appUnit/das_rx_0/inst/bus0[72]} {top_block_i/appUnit/das_rx_0/inst/bus0[73]} {top_block_i/appUnit/das_rx_0/inst/bus0[74]} {top_block_i/appUnit/das_rx_0/inst/bus0[75]} {top_block_i/appUnit/das_rx_0/inst/bus0[76]} {top_block_i/appUnit/das_rx_0/inst/bus0[77]} {top_block_i/appUnit/das_rx_0/inst/bus0[78]} {top_block_i/appUnit/das_rx_0/inst/bus0[79]} {top_block_i/appUnit/das_rx_0/inst/bus0[80]} {top_block_i/appUnit/das_rx_0/inst/bus0[81]} {top_block_i/appUnit/das_rx_0/inst/bus0[82]} {top_block_i/appUnit/das_rx_0/inst/bus0[83]} {top_block_i/appUnit/das_rx_0/inst/bus0[84]} {top_block_i/appUnit/das_rx_0/inst/bus0[85]} {top_block_i/appUnit/das_rx_0/inst/bus0[86]} {top_block_i/appUnit/das_rx_0/inst/bus0[87]} {top_block_i/appUnit/das_rx_0/inst/bus0[88]} {top_block_i/appUnit/das_rx_0/inst/bus0[89]} {top_block_i/appUnit/das_rx_0/inst/bus0[90]} {top_block_i/appUnit/das_rx_0/inst/bus0[91]} {top_block_i/appUnit/das_rx_0/inst/bus0[92]} {top_block_i/appUnit/das_rx_0/inst/bus0[93]} {top_block_i/appUnit/das_rx_0/inst/bus0[94]} {top_block_i/appUnit/das_rx_0/inst/bus0[95]} {top_block_i/appUnit/das_rx_0/inst/bus0[96]} {top_block_i/appUnit/das_rx_0/inst/bus0[97]} {top_block_i/appUnit/das_rx_0/inst/bus0[98]} {top_block_i/appUnit/das_rx_0/inst/bus0[99]} {top_block_i/appUnit/das_rx_0/inst/bus0[100]} {top_block_i/appUnit/das_rx_0/inst/bus0[101]} {top_block_i/appUnit/das_rx_0/inst/bus0[102]} {top_block_i/appUnit/das_rx_0/inst/bus0[103]} {top_block_i/appUnit/das_rx_0/inst/bus0[104]} {top_block_i/appUnit/das_rx_0/inst/bus0[105]} {top_block_i/appUnit/das_rx_0/inst/bus0[106]} {top_block_i/appUnit/das_rx_0/inst/bus0[107]} {top_block_i/appUnit/das_rx_0/inst/bus0[108]} {top_block_i/appUnit/das_rx_0/inst/bus0[109]} {top_block_i/appUnit/das_rx_0/inst/bus0[110]} {top_block_i/appUnit/das_rx_0/inst/bus0[111]} {top_block_i/appUnit/das_rx_0/inst/bus0[112]} {top_block_i/appUnit/das_rx_0/inst/bus0[113]} {top_block_i/appUnit/das_rx_0/inst/bus0[114]} {top_block_i/appUnit/das_rx_0/inst/bus0[115]} {top_block_i/appUnit/das_rx_0/inst/bus0[116]} {top_block_i/appUnit/das_rx_0/inst/bus0[117]} {top_block_i/appUnit/das_rx_0/inst/bus0[118]} {top_block_i/appUnit/das_rx_0/inst/bus0[119]} {top_block_i/appUnit/das_rx_0/inst/bus0[120]} {top_block_i/appUnit/das_rx_0/inst/bus0[121]} {top_block_i/appUnit/das_rx_0/inst/bus0[122]} {top_block_i/appUnit/das_rx_0/inst/bus0[123]} {top_block_i/appUnit/das_rx_0/inst/bus0[124]} {top_block_i/appUnit/das_rx_0/inst/bus0[125]} {top_block_i/appUnit/das_rx_0/inst/bus0[126]} {top_block_i/appUnit/das_rx_0/inst/bus0[127]} {top_block_i/appUnit/das_rx_0/inst/bus0[128]} {top_block_i/appUnit/das_rx_0/inst/bus0[129]} {top_block_i/appUnit/das_rx_0/inst/bus0[130]} {top_block_i/appUnit/das_rx_0/inst/bus0[131]} {top_block_i/appUnit/das_rx_0/inst/bus0[132]} {top_block_i/appUnit/das_rx_0/inst/bus0[133]} {top_block_i/appUnit/das_rx_0/inst/bus0[134]} {top_block_i/appUnit/das_rx_0/inst/bus0[135]} {top_block_i/appUnit/das_rx_0/inst/bus0[136]} {top_block_i/appUnit/das_rx_0/inst/bus0[137]} {top_block_i/appUnit/das_rx_0/inst/bus0[138]} {top_block_i/appUnit/das_rx_0/inst/bus0[139]} {top_block_i/appUnit/das_rx_0/inst/bus0[140]} {top_block_i/appUnit/das_rx_0/inst/bus0[141]} {top_block_i/appUnit/das_rx_0/inst/bus0[142]} {top_block_i/appUnit/das_rx_0/inst/bus0[143]} {top_block_i/appUnit/das_rx_0/inst/bus0[144]} {top_block_i/appUnit/das_rx_0/inst/bus0[145]} {top_block_i/appUnit/das_rx_0/inst/bus0[146]} {top_block_i/appUnit/das_rx_0/inst/bus0[147]} {top_block_i/appUnit/das_rx_0/inst/bus0[148]} {top_block_i/appUnit/das_rx_0/inst/bus0[149]} {top_block_i/appUnit/das_rx_0/inst/bus0[150]} {top_block_i/appUnit/das_rx_0/inst/bus0[151]} {top_block_i/appUnit/das_rx_0/inst/bus0[152]} {top_block_i/appUnit/das_rx_0/inst/bus0[153]} {top_block_i/appUnit/das_rx_0/inst/bus0[154]} {top_block_i/appUnit/das_rx_0/inst/bus0[155]} {top_block_i/appUnit/das_rx_0/inst/bus0[156]} {top_block_i/appUnit/das_rx_0/inst/bus0[157]} {top_block_i/appUnit/das_rx_0/inst/bus0[158]} {top_block_i/appUnit/das_rx_0/inst/bus0[159]} {top_block_i/appUnit/das_rx_0/inst/bus0[160]} {top_block_i/appUnit/das_rx_0/inst/bus0[161]} {top_block_i/appUnit/das_rx_0/inst/bus0[162]} {top_block_i/appUnit/das_rx_0/inst/bus0[163]} {top_block_i/appUnit/das_rx_0/inst/bus0[164]} {top_block_i/appUnit/das_rx_0/inst/bus0[165]} {top_block_i/appUnit/das_rx_0/inst/bus0[166]} {top_block_i/appUnit/das_rx_0/inst/bus0[167]} {top_block_i/appUnit/das_rx_0/inst/bus0[168]} {top_block_i/appUnit/das_rx_0/inst/bus0[169]} {top_block_i/appUnit/das_rx_0/inst/bus0[170]} {top_block_i/appUnit/das_rx_0/inst/bus0[171]} {top_block_i/appUnit/das_rx_0/inst/bus0[172]} {top_block_i/appUnit/das_rx_0/inst/bus0[173]} {top_block_i/appUnit/das_rx_0/inst/bus0[174]} {top_block_i/appUnit/das_rx_0/inst/bus0[175]} {top_block_i/appUnit/das_rx_0/inst/bus0[176]} {top_block_i/appUnit/das_rx_0/inst/bus0[177]} {top_block_i/appUnit/das_rx_0/inst/bus0[178]} {top_block_i/appUnit/das_rx_0/inst/bus0[179]} {top_block_i/appUnit/das_rx_0/inst/bus0[180]} {top_block_i/appUnit/das_rx_0/inst/bus0[181]} {top_block_i/appUnit/das_rx_0/inst/bus0[182]} {top_block_i/appUnit/das_rx_0/inst/bus0[183]} {top_block_i/appUnit/das_rx_0/inst/bus0[184]} {top_block_i/appUnit/das_rx_0/inst/bus0[185]} {top_block_i/appUnit/das_rx_0/inst/bus0[186]} {top_block_i/appUnit/das_rx_0/inst/bus0[187]} {top_block_i/appUnit/das_rx_0/inst/bus0[188]} {top_block_i/appUnit/das_rx_0/inst/bus0[189]} {top_block_i/appUnit/das_rx_0/inst/bus0[190]} {top_block_i/appUnit/das_rx_0/inst/bus0[191]} {top_block_i/appUnit/das_rx_0/inst/bus0[192]} {top_block_i/appUnit/das_rx_0/inst/bus0[193]} {top_block_i/appUnit/das_rx_0/inst/bus0[194]} {top_block_i/appUnit/das_rx_0/inst/bus0[195]} {top_block_i/appUnit/das_rx_0/inst/bus0[196]} {top_block_i/appUnit/das_rx_0/inst/bus0[197]} {top_block_i/appUnit/das_rx_0/inst/bus0[198]} {top_block_i/appUnit/das_rx_0/inst/bus0[199]} {top_block_i/appUnit/das_rx_0/inst/bus0[200]} {top_block_i/appUnit/das_rx_0/inst/bus0[201]} {top_block_i/appUnit/das_rx_0/inst/bus0[202]} {top_block_i/appUnit/das_rx_0/inst/bus0[203]} {top_block_i/appUnit/das_rx_0/inst/bus0[204]} {top_block_i/appUnit/das_rx_0/inst/bus0[205]} {top_block_i/appUnit/das_rx_0/inst/bus0[206]} {top_block_i/appUnit/das_rx_0/inst/bus0[207]} {top_block_i/appUnit/das_rx_0/inst/bus0[208]} {top_block_i/appUnit/das_rx_0/inst/bus0[209]} {top_block_i/appUnit/das_rx_0/inst/bus0[210]} {top_block_i/appUnit/das_rx_0/inst/bus0[211]} {top_block_i/appUnit/das_rx_0/inst/bus0[212]} {top_block_i/appUnit/das_rx_0/inst/bus0[213]} {top_block_i/appUnit/das_rx_0/inst/bus0[214]} {top_block_i/appUnit/das_rx_0/inst/bus0[215]} {top_block_i/appUnit/das_rx_0/inst/bus0[216]} {top_block_i/appUnit/das_rx_0/inst/bus0[217]} {top_block_i/appUnit/das_rx_0/inst/bus0[218]} {top_block_i/appUnit/das_rx_0/inst/bus0[219]} {top_block_i/appUnit/das_rx_0/inst/bus0[220]} {top_block_i/appUnit/das_rx_0/inst/bus0[221]} {top_block_i/appUnit/das_rx_0/inst/bus0[222]} {top_block_i/appUnit/das_rx_0/inst/bus0[223]} {top_block_i/appUnit/das_rx_0/inst/bus0[224]} {top_block_i/appUnit/das_rx_0/inst/bus0[225]} {top_block_i/appUnit/das_rx_0/inst/bus0[226]} {top_block_i/appUnit/das_rx_0/inst/bus0[227]} {top_block_i/appUnit/das_rx_0/inst/bus0[228]} {top_block_i/appUnit/das_rx_0/inst/bus0[229]} {top_block_i/appUnit/das_rx_0/inst/bus0[230]} {top_block_i/appUnit/das_rx_0/inst/bus0[231]} {top_block_i/appUnit/das_rx_0/inst/bus0[232]} {top_block_i/appUnit/das_rx_0/inst/bus0[233]} {top_block_i/appUnit/das_rx_0/inst/bus0[234]} {top_block_i/appUnit/das_rx_0/inst/bus0[235]} {top_block_i/appUnit/das_rx_0/inst/bus0[236]} {top_block_i/appUnit/das_rx_0/inst/bus0[237]} {top_block_i/appUnit/das_rx_0/inst/bus0[238]} {top_block_i/appUnit/das_rx_0/inst/bus0[239]} {top_block_i/appUnit/das_rx_0/inst/bus0[240]} {top_block_i/appUnit/das_rx_0/inst/bus0[241]} {top_block_i/appUnit/das_rx_0/inst/bus0[242]} {top_block_i/appUnit/das_rx_0/inst/bus0[243]} {top_block_i/appUnit/das_rx_0/inst/bus0[244]} {top_block_i/appUnit/das_rx_0/inst/bus0[245]} {top_block_i/appUnit/das_rx_0/inst/bus0[246]} {top_block_i/appUnit/das_rx_0/inst/bus0[247]} {top_block_i/appUnit/das_rx_0/inst/bus0[248]} {top_block_i/appUnit/das_rx_0/inst/bus0[249]} {top_block_i/appUnit/das_rx_0/inst/bus0[250]} {top_block_i/appUnit/das_rx_0/inst/bus0[251]} {top_block_i/appUnit/das_rx_0/inst/bus0[252]} {top_block_i/appUnit/das_rx_0/inst/bus0[253]} {top_block_i/appUnit/das_rx_0/inst/bus0[254]} {top_block_i/appUnit/das_rx_0/inst/bus0[255]} {top_block_i/appUnit/das_rx_0/inst/bus0[256]} {top_block_i/appUnit/das_rx_0/inst/bus0[257]} {top_block_i/appUnit/das_rx_0/inst/bus0[258]} {top_block_i/appUnit/das_rx_0/inst/bus0[259]} {top_block_i/appUnit/das_rx_0/inst/bus0[260]} {top_block_i/appUnit/das_rx_0/inst/bus0[261]} {top_block_i/appUnit/das_rx_0/inst/bus0[262]} {top_block_i/appUnit/das_rx_0/inst/bus0[263]} {top_block_i/appUnit/das_rx_0/inst/bus0[264]} {top_block_i/appUnit/das_rx_0/inst/bus0[265]} {top_block_i/appUnit/das_rx_0/inst/bus0[266]} {top_block_i/appUnit/das_rx_0/inst/bus0[267]} {top_block_i/appUnit/das_rx_0/inst/bus0[268]} {top_block_i/appUnit/das_rx_0/inst/bus0[269]} {top_block_i/appUnit/das_rx_0/inst/bus0[270]} {top_block_i/appUnit/das_rx_0/inst/bus0[271]} {top_block_i/appUnit/das_rx_0/inst/bus0[272]} {top_block_i/appUnit/das_rx_0/inst/bus0[273]} {top_block_i/appUnit/das_rx_0/inst/bus0[274]} {top_block_i/appUnit/das_rx_0/inst/bus0[275]} {top_block_i/appUnit/das_rx_0/inst/bus0[276]} {top_block_i/appUnit/das_rx_0/inst/bus0[277]} {top_block_i/appUnit/das_rx_0/inst/bus0[278]} {top_block_i/appUnit/das_rx_0/inst/bus0[279]} {top_block_i/appUnit/das_rx_0/inst/bus0[280]} {top_block_i/appUnit/das_rx_0/inst/bus0[281]} {top_block_i/appUnit/das_rx_0/inst/bus0[282]} {top_block_i/appUnit/das_rx_0/inst/bus0[283]} {top_block_i/appUnit/das_rx_0/inst/bus0[284]} {top_block_i/appUnit/das_rx_0/inst/bus0[285]} {top_block_i/appUnit/das_rx_0/inst/bus0[286]} {top_block_i/appUnit/das_rx_0/inst/bus0[287]} {top_block_i/appUnit/das_rx_0/inst/bus0[288]} {top_block_i/appUnit/das_rx_0/inst/bus0[289]} {top_block_i/appUnit/das_rx_0/inst/bus0[290]} {top_block_i/appUnit/das_rx_0/inst/bus0[291]} {top_block_i/appUnit/das_rx_0/inst/bus0[292]} {top_block_i/appUnit/das_rx_0/inst/bus0[293]} {top_block_i/appUnit/das_rx_0/inst/bus0[294]} {top_block_i/appUnit/das_rx_0/inst/bus0[295]} {top_block_i/appUnit/das_rx_0/inst/bus0[296]} {top_block_i/appUnit/das_rx_0/inst/bus0[297]} {top_block_i/appUnit/das_rx_0/inst/bus0[298]} {top_block_i/appUnit/das_rx_0/inst/bus0[299]} {top_block_i/appUnit/das_rx_0/inst/bus0[300]} {top_block_i/appUnit/das_rx_0/inst/bus0[301]} {top_block_i/appUnit/das_rx_0/inst/bus0[302]} {top_block_i/appUnit/das_rx_0/inst/bus0[303]} {top_block_i/appUnit/das_rx_0/inst/bus0[304]} {top_block_i/appUnit/das_rx_0/inst/bus0[305]} {top_block_i/appUnit/das_rx_0/inst/bus0[306]} {top_block_i/appUnit/das_rx_0/inst/bus0[307]} {top_block_i/appUnit/das_rx_0/inst/bus0[308]} {top_block_i/appUnit/das_rx_0/inst/bus0[309]} {top_block_i/appUnit/das_rx_0/inst/bus0[310]} {top_block_i/appUnit/das_rx_0/inst/bus0[311]} {top_block_i/appUnit/das_rx_0/inst/bus0[312]} {top_block_i/appUnit/das_rx_0/inst/bus0[313]} {top_block_i/appUnit/das_rx_0/inst/bus0[314]} {top_block_i/appUnit/das_rx_0/inst/bus0[315]} {top_block_i/appUnit/das_rx_0/inst/bus0[316]} {top_block_i/appUnit/das_rx_0/inst/bus0[317]} {top_block_i/appUnit/das_rx_0/inst/bus0[318]} {top_block_i/appUnit/das_rx_0/inst/bus0[319]} ]]
create_debug_port u_ila_0 probe
set_property port_width 1 [get_debug_ports u_ila_0/probe5]
set_property PROBE_TYPE DATA_AND_TRIGGER [get_debug_ports u_ila_0/probe5]
connect_debug_port u_ila_0/probe5 [get_nets [list top_block_i/appUnit/das_rx_0/inst/clk_10MHz ]]
set_property port_width 1 [get_debug_ports u_ila_1/probe0]
set_property PROBE_TYPE DATA_AND_TRIGGER [get_debug_ports u_ila_1/probe0]
connect_debug_port u_ila_1/probe0 [get_nets [list top_block_i/SAMPA_PON_v1_0_0/inst/sampa_power_on ]]
set_property port_width 11 [get_debug_ports u_ila_2/probe0]
set_property PROBE_TYPE DATA_AND_TRIGGER [get_debug_ports u_ila_2/probe0]
connect_debug_port u_ila_2/probe0 [get_nets [list {top_block_i/appUnit/das_rx_0/inst/SO1[0]} {top_block_i/appUnit/das_rx_0/inst/SO1[1]} {top_block_i/appUnit/das_rx_0/inst/SO1[2]} {top_block_i/appUnit/das_rx_0/inst/SO1[3]} {top_block_i/appUnit/das_rx_0/inst/SO1[4]} {top_block_i/appUnit/das_rx_0/inst/SO1[5]} {top_block_i/appUnit/das_rx_0/inst/SO1[6]} {top_block_i/appUnit/das_rx_0/inst/SO1[7]} {top_block_i/appUnit/das_rx_0/inst/SO1[8]} {top_block_i/appUnit/das_rx_0/inst/SO1[9]} {top_block_i/appUnit/das_rx_0/inst/SO1[10]} ]]
create_debug_port u_ila_2 probe
set_property port_width 11 [get_debug_ports u_ila_2/probe1]
set_property PROBE_TYPE DATA_AND_TRIGGER [get_debug_ports u_ila_2/probe1]
connect_debug_port u_ila_2/probe1 [get_nets [list {top_block_i/appUnit/das_rx_0/inst/SO0[0]} {top_block_i/appUnit/das_rx_0/inst/SO0[1]} {top_block_i/appUnit/das_rx_0/inst/SO0[2]} {top_block_i/appUnit/das_rx_0/inst/SO0[3]} {top_block_i/appUnit/das_rx_0/inst/SO0[4]} {top_block_i/appUnit/das_rx_0/inst/SO0[5]} {top_block_i/appUnit/das_rx_0/inst/SO0[6]} {top_block_i/appUnit/das_rx_0/inst/SO0[7]} {top_block_i/appUnit/das_rx_0/inst/SO0[8]} {top_block_i/appUnit/das_rx_0/inst/SO0[9]} {top_block_i/appUnit/das_rx_0/inst/SO0[10]} ]]
create_debug_port u_ila_2 probe
set_property port_width 11 [get_debug_ports u_ila_2/probe2]
set_property PROBE_TYPE DATA_AND_TRIGGER [get_debug_ports u_ila_2/probe2]
connect_debug_port u_ila_2/probe2 [get_nets [list {top_block_i/appUnit/das_rx_0/inst/SO2[0]} {top_block_i/appUnit/das_rx_0/inst/SO2[1]} {top_block_i/appUnit/das_rx_0/inst/SO2[2]} {top_block_i/appUnit/das_rx_0/inst/SO2[3]} {top_block_i/appUnit/das_rx_0/inst/SO2[4]} {top_block_i/appUnit/das_rx_0/inst/SO2[5]} {top_block_i/appUnit/das_rx_0/inst/SO2[6]} {top_block_i/appUnit/das_rx_0/inst/SO2[7]} {top_block_i/appUnit/das_rx_0/inst/SO2[8]} {top_block_i/appUnit/das_rx_0/inst/SO2[9]} {top_block_i/appUnit/das_rx_0/inst/SO2[10]} ]]
create_debug_port u_ila_2 probe
set_property port_width 11 [get_debug_ports u_ila_2/probe3]
set_property PROBE_TYPE DATA_AND_TRIGGER [get_debug_ports u_ila_2/probe3]
connect_debug_port u_ila_2/probe3 [get_nets [list {top_block_i/appUnit/das_rx_0/inst/SO3[0]} {top_block_i/appUnit/das_rx_0/inst/SO3[1]} {top_block_i/appUnit/das_rx_0/inst/SO3[2]} {top_block_i/appUnit/das_rx_0/inst/SO3[3]} {top_block_i/appUnit/das_rx_0/inst/SO3[4]} {top_block_i/appUnit/das_rx_0/inst/SO3[5]} {top_block_i/appUnit/das_rx_0/inst/SO3[6]} {top_block_i/appUnit/das_rx_0/inst/SO3[7]} {top_block_i/appUnit/das_rx_0/inst/SO3[8]} {top_block_i/appUnit/das_rx_0/inst/SO3[9]} {top_block_i/appUnit/das_rx_0/inst/SO3[10]} ]]
save_constraints
launch_runs impl_1 -to_step write_bitstream -jobs 32
INFO: [Vivado 12-4149] The synthesis checkpoint for IP '/home/nagafusa/work/spadi/Fakernet/SAMIDARE/samidare.srcs/sources_1/ip/gig_ethernet_pcs_pma_0_2/gig_ethernet_pcs_pma_0.xci' is already up-to-date
INFO: [Timing 38-480] Writing timing data to binary archive.
Writing XDEF routing.
Writing XDEF routing logical nets.
Writing XDEF routing special nets.
Write XDEF Complete: Time (s): cpu = 00:00:00.11 ; elapsed = 00:00:00.03 . Memory (MB): peak = 10888.961 ; gain = 40.020 ; free physical = 40982 ; free virtual = 61390
WARNING: [Common 17-210] 'write_hwdef' is deprecated.
[Sun Aug 18 17:01:03 2024] Launched impl_1...
Run output will be captured here: /home/nagafusa/work/spadi/Fakernet/SAMIDARE/samidare.runs/impl_1/runme.log
close_design
open_run impl_1
Netlist sorting complete. Time (s): cpu = 00:00:00.4 ; elapsed = 00:00:00.16 . Memory (MB): peak = 10888.961 ; gain = 0.000 ; free physical = 40966 ; free virtual = 61486
INFO: [Netlist 29-17] Analyzing 1441 Unisim elements for replacement
CRITICAL WARNING: [Netlist 29-358] Reg 'top_block_i/fakernet/mii_initializer_0/inst/mdioData_reg[23]' of type 'FDCPE' cannot be timed accurately. Hardware behavior may be unpredictable. Use check_timing command for more information.
Resolution: Recode your design, so that you do not depend on both asynchronous set and reset for your desired functionality.
Convert at least one of them to synchronous signal, or get rid of at least one of those.
Often, the use of "initial" value will help you get rid of one of the asynchronous set/reset signals.
CRITICAL WARNING: [Netlist 29-358] Reg 'top_block_i/fakernet/mii_initializer_0/inst/mdioData_reg[24]' of type 'FDCPE' cannot be timed accurately. Hardware behavior may be unpredictable. Use check_timing command for more information.
Resolution: Recode your design, so that you do not depend on both asynchronous set and reset for your desired functionality.
Convert at least one of them to synchronous signal, or get rid of at least one of those.
Often, the use of "initial" value will help you get rid of one of the asynchronous set/reset signals.
CRITICAL WARNING: [Netlist 29-358] Reg 'top_block_i/fakernet/mii_initializer_0/inst/mdioData_reg[25]' of type 'FDCPE' cannot be timed accurately. Hardware behavior may be unpredictable. Use check_timing command for more information.
Resolution: Recode your design, so that you do not depend on both asynchronous set and reset for your desired functionality.
Convert at least one of them to synchronous signal, or get rid of at least one of those.
Often, the use of "initial" value will help you get rid of one of the asynchronous set/reset signals.
CRITICAL WARNING: [Netlist 29-358] Reg 'top_block_i/fakernet/mii_initializer_0/inst/mdioData_reg[26]' of type 'FDCPE' cannot be timed accurately. Hardware behavior may be unpredictable. Use check_timing command for more information.
Resolution: Recode your design, so that you do not depend on both asynchronous set and reset for your desired functionality.
Convert at least one of them to synchronous signal, or get rid of at least one of those.
Often, the use of "initial" value will help you get rid of one of the asynchronous set/reset signals.
CRITICAL WARNING: [Netlist 29-358] Reg 'top_block_i/fakernet/mii_initializer_0/inst/mdioData_reg[27]' of type 'FDCPE' cannot be timed accurately. Hardware behavior may be unpredictable. Use check_timing command for more information.
Resolution: Recode your design, so that you do not depend on both asynchronous set and reset for your desired functionality.
Convert at least one of them to synchronous signal, or get rid of at least one of those.
Often, the use of "initial" value will help you get rid of one of the asynchronous set/reset signals.
INFO: [Netlist 29-28] Unisim Transformation completed in 0 CPU seconds
INFO: [Project 1-479] Netlist was created with Vivado 2022.2
INFO: [Project 1-570] Preparing netlist for logic optimization
WARNING: [Constraints 18-550] Could not create 'IBUF_LOW_PWR' constraint because net 'top_block_i/clk_wiz_2/clk_in1' is not directly connected to top level port. Synthesis is ignored for IBUF_LOW_PWR but preserved for implementation.
WARNING: [Constraints 18-550] Could not create 'DRIVE' constraint because net 'top_block_i/iobuf_vhdl_0/i' is not directly connected to top level port. Synthesis is ignored for DRIVE but preserved for implementation.
WARNING: [Constraints 18-550] Could not create 'IBUF_LOW_PWR' constraint because net 'top_block_i/iobuf_vhdl_0/i' is not directly connected to top level port. Synthesis is ignored for IBUF_LOW_PWR but preserved for implementation.
WARNING: [Constraints 18-550] Could not create 'SLEW' constraint because net 'top_block_i/iobuf_vhdl_0/i' is not directly connected to top level port. Synthesis is ignored for SLEW but preserved for implementation.
WARNING: [Constraints 18-550] Could not create 'DRIVE' constraint because net 'top_block_i/iobuf_vhdl_0/o' is not directly connected to top level port. Synthesis is ignored for DRIVE but preserved for implementation.
WARNING: [Constraints 18-550] Could not create 'IBUF_LOW_PWR' constraint because net 'top_block_i/iobuf_vhdl_0/o' is not directly connected to top level port. Synthesis is ignored for IBUF_LOW_PWR but preserved for implementation.
WARNING: [Constraints 18-550] Could not create 'SLEW' constraint because net 'top_block_i/iobuf_vhdl_0/o' is not directly connected to top level port. Synthesis is ignored for SLEW but preserved for implementation.
WARNING: [Constraints 18-550] Could not create 'DRIVE' constraint because net 'top_block_i/iobuf_vhdl_0/t' is not directly connected to top level port. Synthesis is ignored for DRIVE but preserved for implementation.
WARNING: [Constraints 18-550] Could not create 'IBUF_LOW_PWR' constraint because net 'top_block_i/iobuf_vhdl_0/t' is not directly connected to top level port. Synthesis is ignored for IBUF_LOW_PWR but preserved for implementation.
WARNING: [Constraints 18-550] Could not create 'SLEW' constraint because net 'top_block_i/iobuf_vhdl_0/t' is not directly connected to top level port. Synthesis is ignored for SLEW but preserved for implementation.
WARNING: [Constraints 18-550] Could not create 'DRIVE' constraint because net 'top_block_i/iobuf_vhdl_1/i' is not directly connected to top level port. Synthesis is ignored for DRIVE but preserved for implementation.
WARNING: [Constraints 18-550] Could not create 'IBUF_LOW_PWR' constraint because net 'top_block_i/iobuf_vhdl_1/i' is not directly connected to top level port. Synthesis is ignored for IBUF_LOW_PWR but preserved for implementation.
WARNING: [Constraints 18-550] Could not create 'SLEW' constraint because net 'top_block_i/iobuf_vhdl_1/i' is not directly connected to top level port. Synthesis is ignored for SLEW but preserved for implementation.
WARNING: [Constraints 18-550] Could not create 'DRIVE' constraint because net 'top_block_i/iobuf_vhdl_1/o' is not directly connected to top level port. Synthesis is ignored for DRIVE but preserved for implementation.
WARNING: [Constraints 18-550] Could not create 'IBUF_LOW_PWR' constraint because net 'top_block_i/iobuf_vhdl_1/o' is not directly connected to top level port. Synthesis is ignored for IBUF_LOW_PWR but preserved for implementation.
WARNING: [Constraints 18-550] Could not create 'SLEW' constraint because net 'top_block_i/iobuf_vhdl_1/o' is not directly connected to top level port. Synthesis is ignored for SLEW but preserved for implementation.
WARNING: [Constraints 18-550] Could not create 'DRIVE' constraint because net 'top_block_i/iobuf_vhdl_1/t' is not directly connected to top level port. Synthesis is ignored for DRIVE but preserved for implementation.
WARNING: [Constraints 18-550] Could not create 'IBUF_LOW_PWR' constraint because net 'top_block_i/iobuf_vhdl_1/t' is not directly connected to top level port. Synthesis is ignored for IBUF_LOW_PWR but preserved for implementation.
WARNING: [Constraints 18-550] Could not create 'SLEW' constraint because net 'top_block_i/iobuf_vhdl_1/t' is not directly connected to top level port. Synthesis is ignored for SLEW but preserved for implementation.
WARNING: [Constraints 18-550] Could not create 'SLEW' constraint because net 'top_block_i/util_ds_buf_0/OBUF_IN[0]' is not directly connected to top level port. Synthesis is ignored for SLEW but preserved for implementation.
WARNING: [Constraints 18-550] Could not create 'SLEW' constraint because net 'top_block_i/util_ds_buf_0/OBUF_IN[1]' is not directly connected to top level port. Synthesis is ignored for SLEW but preserved for implementation.
WARNING: [Constraints 18-550] Could not create 'SLEW' constraint because net 'top_block_i/util_ds_buf_0/OBUF_IN[2]' is not directly connected to top level port. Synthesis is ignored for SLEW but preserved for implementation.
WARNING: [Constraints 18-550] Could not create 'SLEW' constraint because net 'top_block_i/util_ds_buf_0/OBUF_IN[3]' is not directly connected to top level port. Synthesis is ignored for SLEW but preserved for implementation.
INFO: [Common 17-14] Message 'Constraints 18-550' appears 100 times and further instances of the messages will be disabled. Use the Tcl command set_msg_config to change the current settings.
INFO: [Timing 38-478] Restoring timing data from binary archive.
INFO: [Timing 38-479] Binary timing data restore complete.
INFO: [Project 1-856] Restoring constraints from binary archive.
INFO: [Project 1-853] Binary constraint restore complete.
Reading XDEF placement.
Reading placer database...
Reading XDEF routing.
Read XDEF Files: Time (s): cpu = 00:00:01 ; elapsed = 00:00:01 . Memory (MB): peak = 10888.961 ; gain = 0.000 ; free physical = 40756 ; free virtual = 61276
Restored from archive | CPU: 1.160000 secs | Memory: 29.817032 MB |
Finished XDEF File Restore: Time (s): cpu = 00:00:01 ; elapsed = 00:00:01 . Memory (MB): peak = 10888.961 ; gain = 0.000 ; free physical = 40756 ; free virtual = 61276
Netlist sorting complete. Time (s): cpu = 00:00:00 ; elapsed = 00:00:00 . Memory (MB): peak = 10888.961 ; gain = 0.000 ; free physical = 40756 ; free virtual = 61276
INFO: [Project 1-111] Unisim Transformation Summary:
  A total of 855 instances were transformed.
  CFGLUT5 => CFGLUT5 (SRL16E, SRLC32E): 768 instances
  FDCPE => FDCPE (FDCE, FDPE, LDCE, LUT3, VCC): 5 instances
  IBUF => IBUF (IBUFCTRL, INBUF): 2 instances
  IBUFDS => IBUFDS (DIFFINBUF, IBUFCTRL): 44 instances
  IOBUF => IOBUF (IBUFCTRL, INBUF, OBUFT): 2 instances
  OBUFDS => OBUFDS_DUAL_BUF (INV, OBUF(x2)): 14 instances
  RAM16X1D => RAM32X1D (RAMD32(x2)): 10 instances
  RAM32M => RAM32M (RAMD32(x6), RAMS32(x2)): 2 instances
  RAM32M16 => RAM32M16 (RAMD32(x14), RAMS32(x2)): 4 instances
  RAM32X1D => RAM32X1D (RAMD32(x2)): 4 instances

open_run: Time (s): cpu = 00:00:17 ; elapsed = 00:00:09 . Memory (MB): peak = 10928.984 ; gain = 40.023 ; free physical = 40620 ; free virtual = 61140
CRITICAL WARNING: [Timing 38-282] The design failed to meet the timing requirements. Please see the timing summary report for details on the timing violations.
WARNING: [Timing 38-436] There are set_bus_skew constraint(s) in this design. Please run report_bus_skew to ensure that bus skew requirements are met.
open_hw_manager
connect_hw_server -allow_non_jtag
INFO: [Labtools 27-2285] Connecting to hw_server url TCP:localhost:3121
INFO: [Labtools 27-2222] Launching hw_server...
INFO: [Labtools 27-2221] Launch Output:

****** Xilinx hw_server v2022.2
  **** Build date : Oct 14 2022 at 05:10:28
    ** Copyright 1986-2022 Xilinx, Inc. All Rights Reserved.


INFO: [Labtools 27-3415] Connecting to cs_server url TCP:localhost:0
INFO: [Labtools 27-3417] Launching cs_server...
INFO: [Labtools 27-2221] Launch Output:


******** Xilinx cs_server v2022.2.0
  ****** Build date   : Oct 05 2022-08:25:37
    **** Build number : 2022.2.1664925937
      ** Copyright 2017-2024 Xilinx, Inc. All Rights Reserved.



open_hw_target
INFO: [Labtoolstcl 44-466] Opening hw_target localhost:3121/xilinx_tcf/Xilinx/000013e24a8f01
set_property PROGRAM.FILE {/home/nagafusa/work/spadi/Fakernet/SAMIDARE/samidare.runs/impl_1/top_block_wrapper.bit} [get_hw_devices xcau15p_0]
set_property PROBES.FILE {/home/nagafusa/work/spadi/Fakernet/SAMIDARE/samidare.runs/impl_1/top_block_wrapper.ltx} [get_hw_devices xcau15p_0]
set_property FULL_PROBES.FILE {/home/nagafusa/work/spadi/Fakernet/SAMIDARE/samidare.runs/impl_1/top_block_wrapper.ltx} [get_hw_devices xcau15p_0]
current_hw_device [get_hw_devices xcau15p_0]
refresh_hw_device [lindex [get_hw_devices xcau15p_0] 0]
INFO: [Labtools 27-1435] Device xcau15p (JTAG device index = 0) is not programmed (DONE status = 0).
set_property PROBES.FILE {/home/nagafusa/work/spadi/Fakernet/SAMIDARE/samidare.runs/impl_1/top_block_wrapper.ltx} [get_hw_devices xcau15p_0]
set_property FULL_PROBES.FILE {/home/nagafusa/work/spadi/Fakernet/SAMIDARE/samidare.runs/impl_1/top_block_wrapper.ltx} [get_hw_devices xcau15p_0]
set_property PROGRAM.FILE {/home/nagafusa/work/spadi/Fakernet/SAMIDARE/samidare.runs/impl_1/top_block_wrapper.bit} [get_hw_devices xcau15p_0]
program_hw_devices [get_hw_devices xcau15p_0]
INFO: [Labtools 27-3164] End of startup status: HIGH
program_hw_devices: Time (s): cpu = 00:00:16 ; elapsed = 00:00:15 . Memory (MB): peak = 12733.500 ; gain = 0.000 ; free physical = 38253 ; free virtual = 58823
refresh_hw_device [lindex [get_hw_devices xcau15p_0] 0]
WARNING: [Xicom 50-38] xicom: No CseXsdb register file specified for CseXsdb slave type: 0, cse driver version: 0. Slave initialization skipped.
WARNING: [Xicom 50-38] xicom: No CseXsdb register file specified for CseXsdb slave type: 0, cse driver version: 0. Slave initialization skipped.
WARNING: [Xicom 50-38] xicom: No CseXsdb register file specified for CseXsdb slave type: 0, cse driver version: 0. Slave initialization skipped.
WARNING: [Xicom 50-38] xicom: No CseXsdb register file specified for CseXsdb slave type: 0, cse driver version: 0. Slave initialization skipped.
WARNING: [Xicom 50-38] xicom: No CseXsdb register file specified for CseXsdb slave type: 0, cse driver version: 0. Slave initialization skipped.
WARNING: [Xicom 50-38] xicom: No CseXsdb register file specified for CseXsdb slave type: 0, cse driver version: 0. Slave initialization skipped.
WARNING: [Xicom 50-38] xicom: No CseXsdb register file specified for CseXsdb slave type: 0, cse driver version: 0. Slave initialization skipped.
WARNING: [Xicom 50-38] xicom: No CseXsdb register file specified for CseXsdb slave type: 0, cse driver version: 0. Slave initialization skipped.
INFO: [Labtools 27-1434] Device xcau15p (JTAG device index = 0) is programmed with a design that has no supported debug core(s) in it.
WARNING: [Labtools 27-3361] The debug hub core was not detected.
Resolution: 
1. Make sure the clock connected to the debug hub (dbg_hub) core is a free running clock and is active.
2. Make sure the BSCAN_SWITCH_USER_MASK device property in Vivado Hardware Manager reflects the user scan chain setting in the design and refresh the device.  To determine the user scan chain setting in the design, open the implemented design and use 'get_property C_USER_SCAN_CHAIN [get_debug_cores dbg_hub]'.
For more details on setting the scan chain property, consult the Vivado Debug and Programming User Guide (UG908).
WARNING: [Labtools 27-3413] Dropping logic core with cellname:'top_block_i/appUnit/vio_0' at location 'uuid_13660D3DE6EA5D97BF2494A8DAFA59E8' from probes file, since it cannot be found on the programmed device.
WARNING: [Labtools 27-3413] Dropping logic core with cellname:'u_ila_0' at location 'uuid_23E7D65A79BC59F7BC47406C1714DFAE' from probes file, since it cannot be found on the programmed device.
WARNING: [Labtools 27-3413] Dropping logic core with cellname:'u_ila_1' at location 'uuid_3B505A030738513C98471D25F5B1F848' from probes file, since it cannot be found on the programmed device.
WARNING: [Labtools 27-3413] Dropping logic core with cellname:'top_block_i/reset/vio_0' at location 'uuid_499384B9F3095737B91FDB55CCC11929' from probes file, since it cannot be found on the programmed device.
WARNING: [Labtools 27-3413] Dropping logic core with cellname:'top_block_i/appUnit/vio_3' at location 'uuid_732C2164C5EC5A098CC30C8BE781922A' from probes file, since it cannot be found on the programmed device.
WARNING: [Labtools 27-3413] Dropping logic core with cellname:'top_block_i/appUnit/vio_1' at location 'uuid_8A544E20624D5C7496CAE01C0462ADF8' from probes file, since it cannot be found on the programmed device.
WARNING: [Labtools 27-3413] Dropping logic core with cellname:'u_ila_2' at location 'uuid_B13C981AC2D554BFB4FBE0EECEA5CFD7' from probes file, since it cannot be found on the programmed device.
WARNING: [Labtools 27-3413] Dropping logic core with cellname:'top_block_i/appUnit/vio_2' at location 'uuid_D7E1C2B4E40655FD95244EE872A54A61' from probes file, since it cannot be found on the programmed device.
refresh_hw_device [lindex [get_hw_devices xcau15p_0] 0]
INFO: [Labtools 27-1434] Device xcau15p (JTAG device index = 0) is programmed with a design that has no supported debug core(s) in it.
WARNING: [Labtools 27-3361] The debug hub core was not detected.
Resolution: 
1. Make sure the clock connected to the debug hub (dbg_hub) core is a free running clock and is active.
2. Make sure the BSCAN_SWITCH_USER_MASK device property in Vivado Hardware Manager reflects the user scan chain setting in the design and refresh the device.  To determine the user scan chain setting in the design, open the implemented design and use 'get_property C_USER_SCAN_CHAIN [get_debug_cores dbg_hub]'.
For more details on setting the scan chain property, consult the Vivado Debug and Programming User Guide (UG908).
WARNING: [Labtools 27-3413] Dropping logic core with cellname:'top_block_i/appUnit/vio_0' at location 'uuid_13660D3DE6EA5D97BF2494A8DAFA59E8' from probes file, since it cannot be found on the programmed device.
WARNING: [Labtools 27-3413] Dropping logic core with cellname:'u_ila_0' at location 'uuid_23E7D65A79BC59F7BC47406C1714DFAE' from probes file, since it cannot be found on the programmed device.
WARNING: [Labtools 27-3413] Dropping logic core with cellname:'u_ila_1' at location 'uuid_3B505A030738513C98471D25F5B1F848' from probes file, since it cannot be found on the programmed device.
WARNING: [Labtools 27-3413] Dropping logic core with cellname:'top_block_i/reset/vio_0' at location 'uuid_499384B9F3095737B91FDB55CCC11929' from probes file, since it cannot be found on the programmed device.
WARNING: [Labtools 27-3413] Dropping logic core with cellname:'top_block_i/appUnit/vio_3' at location 'uuid_732C2164C5EC5A098CC30C8BE781922A' from probes file, since it cannot be found on the programmed device.
WARNING: [Labtools 27-3413] Dropping logic core with cellname:'top_block_i/appUnit/vio_1' at location 'uuid_8A544E20624D5C7496CAE01C0462ADF8' from probes file, since it cannot be found on the programmed device.
WARNING: [Labtools 27-3413] Dropping logic core with cellname:'u_ila_2' at location 'uuid_B13C981AC2D554BFB4FBE0EECEA5CFD7' from probes file, since it cannot be found on the programmed device.
WARNING: [Labtools 27-3413] Dropping logic core with cellname:'top_block_i/appUnit/vio_2' at location 'uuid_D7E1C2B4E40655FD95244EE872A54A61' from probes file, since it cannot be found on the programmed device.
set_property PROBES.FILE {/home/nagafusa/work/spadi/Fakernet/SAMIDARE/samidare.runs/impl_1/top_block_wrapper.ltx} [get_hw_devices xcau15p_0]
set_property FULL_PROBES.FILE {/home/nagafusa/work/spadi/Fakernet/SAMIDARE/samidare.runs/impl_1/top_block_wrapper.ltx} [get_hw_devices xcau15p_0]
set_property PROGRAM.FILE {/home/nagafusa/work/spadi/Fakernet/SAMIDARE/samidare.runs/impl_1/top_block_wrapper.bit} [get_hw_devices xcau15p_0]
program_hw_devices [get_hw_devices xcau15p_0]
INFO: [Labtools 27-3164] End of startup status: HIGH
program_hw_devices: Time (s): cpu = 00:00:16 ; elapsed = 00:00:15 . Memory (MB): peak = 12733.500 ; gain = 0.000 ; free physical = 38253 ; free virtual = 58815
refresh_hw_device [lindex [get_hw_devices xcau15p_0] 0]
WARNING: [Xicom 50-38] xicom: No CseXsdb register file specified for CseXsdb slave type: 0, cse driver version: 0. Slave initialization skipped.
WARNING: [Xicom 50-38] xicom: No CseXsdb register file specified for CseXsdb slave type: 0, cse driver version: 0. Slave initialization skipped.
WARNING: [Xicom 50-38] xicom: No CseXsdb register file specified for CseXsdb slave type: 0, cse driver version: 0. Slave initialization skipped.
WARNING: [Xicom 50-38] xicom: No CseXsdb register file specified for CseXsdb slave type: 0, cse driver version: 0. Slave initialization skipped.
WARNING: [Xicom 50-38] xicom: No CseXsdb register file specified for CseXsdb slave type: 0, cse driver version: 0. Slave initialization skipped.
WARNING: [Xicom 50-38] xicom: No CseXsdb register file specified for CseXsdb slave type: 0, cse driver version: 0. Slave initialization skipped.
WARNING: [Xicom 50-38] xicom: No CseXsdb register file specified for CseXsdb slave type: 0, cse driver version: 0. Slave initialization skipped.
WARNING: [Xicom 50-38] xicom: No CseXsdb register file specified for CseXsdb slave type: 0, cse driver version: 0. Slave initialization skipped.
INFO: [Labtools 27-1434] Device xcau15p (JTAG device index = 0) is programmed with a design that has no supported debug core(s) in it.
WARNING: [Labtools 27-3361] The debug hub core was not detected.
Resolution: 
1. Make sure the clock connected to the debug hub (dbg_hub) core is a free running clock and is active.
2. Make sure the BSCAN_SWITCH_USER_MASK device property in Vivado Hardware Manager reflects the user scan chain setting in the design and refresh the device.  To determine the user scan chain setting in the design, open the implemented design and use 'get_property C_USER_SCAN_CHAIN [get_debug_cores dbg_hub]'.
For more details on setting the scan chain property, consult the Vivado Debug and Programming User Guide (UG908).
WARNING: [Labtools 27-3413] Dropping logic core with cellname:'top_block_i/appUnit/vio_0' at location 'uuid_13660D3DE6EA5D97BF2494A8DAFA59E8' from probes file, since it cannot be found on the programmed device.
WARNING: [Labtools 27-3413] Dropping logic core with cellname:'u_ila_0' at location 'uuid_23E7D65A79BC59F7BC47406C1714DFAE' from probes file, since it cannot be found on the programmed device.
WARNING: [Labtools 27-3413] Dropping logic core with cellname:'u_ila_1' at location 'uuid_3B505A030738513C98471D25F5B1F848' from probes file, since it cannot be found on the programmed device.
WARNING: [Labtools 27-3413] Dropping logic core with cellname:'top_block_i/reset/vio_0' at location 'uuid_499384B9F3095737B91FDB55CCC11929' from probes file, since it cannot be found on the programmed device.
WARNING: [Labtools 27-3413] Dropping logic core with cellname:'top_block_i/appUnit/vio_3' at location 'uuid_732C2164C5EC5A098CC30C8BE781922A' from probes file, since it cannot be found on the programmed device.
WARNING: [Labtools 27-3413] Dropping logic core with cellname:'top_block_i/appUnit/vio_1' at location 'uuid_8A544E20624D5C7496CAE01C0462ADF8' from probes file, since it cannot be found on the programmed device.
WARNING: [Labtools 27-3413] Dropping logic core with cellname:'u_ila_2' at location 'uuid_B13C981AC2D554BFB4FBE0EECEA5CFD7' from probes file, since it cannot be found on the programmed device.
WARNING: [Labtools 27-3413] Dropping logic core with cellname:'top_block_i/appUnit/vio_2' at location 'uuid_D7E1C2B4E40655FD95244EE872A54A61' from probes file, since it cannot be found on the programmed device.
open_run synth_1 -name synth_1
Design is defaulting to impl run constrset: constrs_1
Design is defaulting to synth run part: xcau15p-sbvb484-1-i
INFO: [Project 1-454] Reading design checkpoint '/home/nagafusa/work/spadi/Fakernet/SAMIDARE/samidare.gen/sources_1/bd/top_block/ip/top_block_SAMPA_PON_v1_0_0_0/top_block_SAMPA_PON_v1_0_0_0.dcp' for cell 'top_block_i/SAMPA_PON_v1_0_0'
INFO: [Project 1-454] Reading design checkpoint '/home/nagafusa/work/spadi/Fakernet/SAMIDARE/samidare.gen/sources_1/bd/top_block/ip/top_block_clk_wiz_0_0/top_block_clk_wiz_0_0.dcp' for cell 'top_block_i/clk_wiz_0'
INFO: [Project 1-454] Reading design checkpoint '/home/nagafusa/work/spadi/Fakernet/SAMIDARE/samidare.gen/sources_1/bd/top_block/ip/top_block_clk_wiz_1_0/top_block_clk_wiz_1_0.dcp' for cell 'top_block_i/clk_wiz_1'
INFO: [Project 1-454] Reading design checkpoint '/home/nagafusa/work/spadi/Fakernet/SAMIDARE/samidare.gen/sources_1/bd/top_block/ip/top_block_clk_wiz_2_0/top_block_clk_wiz_2_0.dcp' for cell 'top_block_i/clk_wiz_2'
INFO: [Project 1-454] Reading design checkpoint '/home/nagafusa/work/spadi/Fakernet/SAMIDARE/samidare.gen/sources_1/bd/top_block/ip/top_block_data_gen_user_0_0/top_block_data_gen_user_0_0.dcp' for cell 'top_block_i/data_gen_user_0'
INFO: [Project 1-454] Reading design checkpoint '/home/nagafusa/work/spadi/Fakernet/SAMIDARE/samidare.gen/sources_1/bd/top_block/ip/top_block_iobuf_vhdl_0_0/top_block_iobuf_vhdl_0_0.dcp' for cell 'top_block_i/iobuf_vhdl_0'
INFO: [Project 1-454] Reading design checkpoint '/home/nagafusa/work/spadi/Fakernet/SAMIDARE/samidare.gen/sources_1/bd/top_block/ip/top_block_iobuf_vhdl_1_0/top_block_iobuf_vhdl_1_0.dcp' for cell 'top_block_i/iobuf_vhdl_1'
INFO: [Project 1-454] Reading design checkpoint '/home/nagafusa/work/spadi/Fakernet/SAMIDARE/samidare.gen/sources_1/bd/top_block/ip/top_block_rst_clk_wiz_0_40M_3/top_block_rst_clk_wiz_0_40M_3.dcp' for cell 'top_block_i/rst_clk_wiz_0_40M'
INFO: [Project 1-454] Reading design checkpoint '/home/nagafusa/work/spadi/Fakernet/SAMIDARE/samidare.gen/sources_1/bd/top_block/ip/top_block_util_ds_buf_0_1/top_block_util_ds_buf_0_1.dcp' for cell 'top_block_i/util_ds_buf_0'
INFO: [Project 1-454] Reading design checkpoint '/home/nagafusa/work/spadi/Fakernet/SAMIDARE/samidare.gen/sources_1/bd/top_block/ip/top_block_util_ds_buf_1_1/top_block_util_ds_buf_1_1.dcp' for cell 'top_block_i/util_ds_buf_1'
INFO: [Project 1-454] Reading design checkpoint '/home/nagafusa/work/spadi/Fakernet/SAMIDARE/samidare.gen/sources_1/bd/top_block/ip/top_block_util_ds_buf_2_0/top_block_util_ds_buf_2_0.dcp' for cell 'top_block_i/util_ds_buf_2'
INFO: [Project 1-454] Reading design checkpoint '/home/nagafusa/work/spadi/Fakernet/SAMIDARE/samidare.gen/sources_1/bd/top_block/ip/top_block_util_ds_buf_3_2/top_block_util_ds_buf_3_2.dcp' for cell 'top_block_i/util_ds_buf_3'
INFO: [Project 1-454] Reading design checkpoint '/home/nagafusa/work/spadi/Fakernet/SAMIDARE/samidare.gen/sources_1/bd/top_block/ip/top_block_util_ds_buf_4_1/top_block_util_ds_buf_4_1.dcp' for cell 'top_block_i/util_ds_buf_4'
INFO: [Project 1-454] Reading design checkpoint '/home/nagafusa/work/spadi/Fakernet/SAMIDARE/samidare.gen/sources_1/bd/top_block/ip/top_block_util_ds_buf_5_0/top_block_util_ds_buf_5_0.dcp' for cell 'top_block_i/util_ds_buf_5'
INFO: [Project 1-454] Reading design checkpoint '/home/nagafusa/work/spadi/Fakernet/SAMIDARE/samidare.gen/sources_1/bd/top_block/ip/top_block_util_ds_buf_6_0/top_block_util_ds_buf_6_0.dcp' for cell 'top_block_i/util_ds_buf_6'
INFO: [Project 1-454] Reading design checkpoint '/home/nagafusa/work/spadi/Fakernet/SAMIDARE/samidare.gen/sources_1/bd/top_block/ip/top_block_util_ds_buf_6_1/top_block_util_ds_buf_6_1.dcp' for cell 'top_block_i/util_ds_buf_7'
INFO: [Project 1-454] Reading design checkpoint '/home/nagafusa/work/spadi/Fakernet/SAMIDARE/samidare.gen/sources_1/bd/top_block/ip/top_block_util_ds_buf_7_0/top_block_util_ds_buf_7_0.dcp' for cell 'top_block_i/util_ds_buf_8'
INFO: [Project 1-454] Reading design checkpoint '/home/nagafusa/work/spadi/Fakernet/SAMIDARE/samidare.gen/sources_1/bd/top_block/ip/top_block_util_vector_logic_0_3/top_block_util_vector_logic_0_3.dcp' for cell 'top_block_i/util_vector_logic_0'
INFO: [Project 1-454] Reading design checkpoint '/home/nagafusa/work/spadi/Fakernet/SAMIDARE/samidare.gen/sources_1/bd/top_block/ip/top_block_util_vector_logic_1_3/top_block_util_vector_logic_1_3.dcp' for cell 'top_block_i/util_vector_logic_1'
INFO: [Project 1-454] Reading design checkpoint '/home/nagafusa/work/spadi/Fakernet/SAMIDARE/samidare.gen/sources_1/bd/top_block/ip/top_block_util_vector_logic_2_2/top_block_util_vector_logic_2_2.dcp' for cell 'top_block_i/util_vector_logic_2'
INFO: [Project 1-454] Reading design checkpoint '/home/nagafusa/work/spadi/Fakernet/SAMIDARE/samidare.gen/sources_1/bd/top_block/ip/top_block_I2C_Controller_v1_0_0_1/top_block_I2C_Controller_v1_0_0_1.dcp' for cell 'top_block_i/SAMPA_I2C_wrapper/I2C_Controller_v1_0_0'
INFO: [Project 1-454] Reading design checkpoint '/home/nagafusa/work/spadi/Fakernet/SAMIDARE/samidare.gen/sources_1/bd/top_block/ip/top_block_axi_iic_0_0/top_block_axi_iic_0_0.dcp' for cell 'top_block_i/SAMPA_I2C_wrapper/axi_iic_0'
INFO: [Project 1-454] Reading design checkpoint '/home/nagafusa/work/spadi/Fakernet/SAMIDARE/samidare.gen/sources_1/bd/top_block/ip/top_block_das_rx_0_0/top_block_das_rx_0_0.dcp' for cell 'top_block_i/appUnit/das_rx_0'
INFO: [Project 1-454] Reading design checkpoint '/home/nagafusa/work/spadi/Fakernet/SAMIDARE/samidare.gen/sources_1/bd/top_block/ip/top_block_event_builder_v0_0_0/top_block_event_builder_v0_0_0.dcp' for cell 'top_block_i/appUnit/event_builder_v0_0'
INFO: [Project 1-454] Reading design checkpoint '/home/nagafusa/work/spadi/Fakernet/SAMIDARE/samidare.gen/sources_1/bd/top_block/ip/top_block_vio_0_1/top_block_vio_0_1.dcp' for cell 'top_block_i/appUnit/vio_0'
INFO: [Project 1-454] Reading design checkpoint '/home/nagafusa/work/spadi/Fakernet/SAMIDARE/samidare.gen/sources_1/bd/top_block/ip/top_block_vio_0_2/top_block_vio_0_2.dcp' for cell 'top_block_i/appUnit/vio_1'
INFO: [Project 1-454] Reading design checkpoint '/home/nagafusa/work/spadi/Fakernet/SAMIDARE/samidare.gen/sources_1/bd/top_block/ip/top_block_vio_1_0/top_block_vio_1_0.dcp' for cell 'top_block_i/appUnit/vio_2'
INFO: [Project 1-454] Reading design checkpoint '/home/nagafusa/work/spadi/Fakernet/SAMIDARE/samidare.gen/sources_1/bd/top_block/ip/top_block_vio_2_0/top_block_vio_2_0.dcp' for cell 'top_block_i/appUnit/vio_3'
INFO: [Project 1-454] Reading design checkpoint '/home/nagafusa/work/spadi/Fakernet/SAMIDARE/samidare.gen/sources_1/bd/top_block/ip/top_block_xbar_1/top_block_xbar_1.dcp' for cell 'top_block_i/axi_mem_intercon/xbar'
INFO: [Project 1-454] Reading design checkpoint '/home/nagafusa/work/spadi/Fakernet/SAMIDARE/samidare.gen/sources_1/bd/top_block/ip/top_block_RESET_INST_0_0/top_block_RESET_INST_0_0.dcp' for cell 'top_block_i/fakernet/RESET_INST_0'
INFO: [Project 1-454] Reading design checkpoint '/home/nagafusa/work/spadi/Fakernet/SAMIDARE/samidare.gen/sources_1/bd/top_block/ip/top_block_fakernet_top_0_0/top_block_fakernet_top_0_0.dcp' for cell 'top_block_i/fakernet/fakernet_top_0'
INFO: [Project 1-454] Reading design checkpoint '/home/nagafusa/work/spadi/Fakernet/SAMIDARE/samidare.gen/sources_1/bd/top_block/ip/top_block_gig_ethernet_pcs_pma_0_0/top_block_gig_ethernet_pcs_pma_0_0.dcp' for cell 'top_block_i/fakernet/gig_ethernet_pcs_pma_0'
INFO: [Project 1-454] Reading design checkpoint '/home/nagafusa/work/spadi/Fakernet/SAMIDARE/samidare.gen/sources_1/bd/top_block/ip/top_block_mii_initializer_0_0/top_block_mii_initializer_0_0.dcp' for cell 'top_block_i/fakernet/mii_initializer_0'
INFO: [Project 1-454] Reading design checkpoint '/home/nagafusa/work/spadi/Fakernet/SAMIDARE/samidare.gen/sources_1/bd/top_block/ip/top_block_native_to_axi_lite_v_0_0/top_block_native_to_axi_lite_v_0_0.dcp' for cell 'top_block_i/fakernet/native_to_axi_lite_v_0'
INFO: [Project 1-454] Reading design checkpoint '/home/nagafusa/work/spadi/Fakernet/SAMIDARE/samidare.gen/sources_1/bd/top_block/ip/top_block_reg_switch_0_0/top_block_reg_switch_0_0.dcp' for cell 'top_block_i/fakernet/reg_switch_0'
INFO: [Project 1-454] Reading design checkpoint '/home/nagafusa/work/spadi/Fakernet/SAMIDARE/samidare.gen/sources_1/bd/top_block/ip/top_block_util_vector_logic_0_0/top_block_util_vector_logic_0_0.dcp' for cell 'top_block_i/fakernet/if_gate/util_vector_logic_0'
INFO: [Project 1-454] Reading design checkpoint '/home/nagafusa/work/spadi/Fakernet/SAMIDARE/samidare.gen/sources_1/bd/top_block/ip/top_block_util_vector_logic_1_0/top_block_util_vector_logic_1_0.dcp' for cell 'top_block_i/fakernet/if_gate/util_vector_logic_1'
INFO: [Project 1-454] Reading design checkpoint '/home/nagafusa/work/spadi/Fakernet/SAMIDARE/samidare.gen/sources_1/bd/top_block/ip/top_block_util_vector_logic_2_0/top_block_util_vector_logic_2_0.dcp' for cell 'top_block_i/fakernet/if_gate/util_vector_logic_2'
INFO: [Project 1-454] Reading design checkpoint '/home/nagafusa/work/spadi/Fakernet/SAMIDARE/samidare.gen/sources_1/bd/top_block/ip/top_block_util_vector_logic_1_1/top_block_util_vector_logic_1_1.dcp' for cell 'top_block_i/fakernet/if_gate/util_vector_logic_3'
INFO: [Project 1-454] Reading design checkpoint '/home/nagafusa/work/spadi/Fakernet/SAMIDARE/samidare.gen/sources_1/bd/top_block/ip/top_block_util_vector_logic_0_1/top_block_util_vector_logic_0_1.dcp' for cell 'top_block_i/fakernet/if_gate1/util_vector_logic_0'
INFO: [Project 1-454] Reading design checkpoint '/home/nagafusa/work/spadi/Fakernet/SAMIDARE/samidare.gen/sources_1/bd/top_block/ip/top_block_util_vector_logic_1_2/top_block_util_vector_logic_1_2.dcp' for cell 'top_block_i/fakernet/if_gate1/util_vector_logic_1'
INFO: [Project 1-454] Reading design checkpoint '/home/nagafusa/work/spadi/Fakernet/SAMIDARE/samidare.gen/sources_1/bd/top_block/ip/top_block_util_vector_logic_2_1/top_block_util_vector_logic_2_1.dcp' for cell 'top_block_i/fakernet/if_gate1/util_vector_logic_2'
INFO: [Project 1-454] Reading design checkpoint '/home/nagafusa/work/spadi/Fakernet/SAMIDARE/samidare.gen/sources_1/bd/top_block/ip/top_block_util_vector_logic_3_0/top_block_util_vector_logic_3_0.dcp' for cell 'top_block_i/fakernet/if_gate1/util_vector_logic_3'
INFO: [Project 1-454] Reading design checkpoint '/home/nagafusa/work/spadi/Fakernet/SAMIDARE/samidare.gen/sources_1/bd/top_block/ip/top_block_LED_REG_READ_SEPARAT_0_0/top_block_LED_REG_READ_SEPARAT_0_0.dcp' for cell 'top_block_i/led_module/LED_REG_READ_SEPARAT_0'
INFO: [Project 1-454] Reading design checkpoint '/home/nagafusa/work/spadi/Fakernet/SAMIDARE/samidare.gen/sources_1/bd/top_block/ip/top_block_LED_REG_READ_SEPARAT_1_0/top_block_LED_REG_READ_SEPARAT_1_0.dcp' for cell 'top_block_i/led_module/LED_REG_READ_SEPARAT_1'
INFO: [Project 1-454] Reading design checkpoint '/home/nagafusa/work/spadi/Fakernet/SAMIDARE/samidare.gen/sources_1/bd/top_block/ip/top_block_u_led_inst_0_0/top_block_u_led_inst_0_0.dcp' for cell 'top_block_i/led_module/u_led_inst_0'
INFO: [Common 17-14] Message 'Project 1-454' appears 100 times and further instances of the messages will be disabled. Use the Tcl command set_msg_config to change the current settings.
Netlist sorting complete. Time (s): cpu = 00:00:00.07 ; elapsed = 00:00:00.07 . Memory (MB): peak = 12797.004 ; gain = 0.000 ; free physical = 38128 ; free virtual = 58690
INFO: [Netlist 29-17] Analyzing 324 Unisim elements for replacement
CRITICAL WARNING: [Netlist 29-358] Reg 'top_block_i/fakernet/mii_initializer_0/inst/mdioData_reg[23]' of type 'FDCPE' cannot be timed accurately. Hardware behavior may be unpredictable. Use check_timing command for more information. [/home/nagafusa/work/spadi/Fakernet/SAMIDARE/imports/mii_init.v:82]
Resolution: Recode your design, so that you do not depend on both asynchronous set and reset for your desired functionality.
Convert at least one of them to synchronous signal, or get rid of at least one of those.
Often, the use of "initial" value will help you get rid of one of the asynchronous set/reset signals.
CRITICAL WARNING: [Netlist 29-358] Reg 'top_block_i/fakernet/mii_initializer_0/inst/mdioData_reg[24]' of type 'FDCPE' cannot be timed accurately. Hardware behavior may be unpredictable. Use check_timing command for more information. [/home/nagafusa/work/spadi/Fakernet/SAMIDARE/imports/mii_init.v:82]
Resolution: Recode your design, so that you do not depend on both asynchronous set and reset for your desired functionality.
Convert at least one of them to synchronous signal, or get rid of at least one of those.
Often, the use of "initial" value will help you get rid of one of the asynchronous set/reset signals.
CRITICAL WARNING: [Netlist 29-358] Reg 'top_block_i/fakernet/mii_initializer_0/inst/mdioData_reg[25]' of type 'FDCPE' cannot be timed accurately. Hardware behavior may be unpredictable. Use check_timing command for more information. [/home/nagafusa/work/spadi/Fakernet/SAMIDARE/imports/mii_init.v:82]
Resolution: Recode your design, so that you do not depend on both asynchronous set and reset for your desired functionality.
Convert at least one of them to synchronous signal, or get rid of at least one of those.
Often, the use of "initial" value will help you get rid of one of the asynchronous set/reset signals.
CRITICAL WARNING: [Netlist 29-358] Reg 'top_block_i/fakernet/mii_initializer_0/inst/mdioData_reg[26]' of type 'FDCPE' cannot be timed accurately. Hardware behavior may be unpredictable. Use check_timing command for more information. [/home/nagafusa/work/spadi/Fakernet/SAMIDARE/imports/mii_init.v:82]
Resolution: Recode your design, so that you do not depend on both asynchronous set and reset for your desired functionality.
Convert at least one of them to synchronous signal, or get rid of at least one of those.
Often, the use of "initial" value will help you get rid of one of the asynchronous set/reset signals.
CRITICAL WARNING: [Netlist 29-358] Reg 'top_block_i/fakernet/mii_initializer_0/inst/mdioData_reg[27]' of type 'FDCPE' cannot be timed accurately. Hardware behavior may be unpredictable. Use check_timing command for more information. [/home/nagafusa/work/spadi/Fakernet/SAMIDARE/imports/mii_init.v:82]
Resolution: Recode your design, so that you do not depend on both asynchronous set and reset for your desired functionality.
Convert at least one of them to synchronous signal, or get rid of at least one of those.
Often, the use of "initial" value will help you get rid of one of the asynchronous set/reset signals.
INFO: [Netlist 29-28] Unisim Transformation completed in 0 CPU seconds
WARNING: [Netlist 29-1115] Found multi-term driver net: top_block_i/util_ds_buf_8/U0/<const0>.
WARNING: [Netlist 29-1115] Found multi-term driver net: top_block_i/util_ds_buf_7/U0/<const0>.
WARNING: [Netlist 29-1115] Found multi-term driver net: top_block_i/util_ds_buf_6/U0/<const0>.
WARNING: [Netlist 29-1115] Found multi-term driver net: top_block_i/util_ds_buf_5/U0/<const0>.
WARNING: [Netlist 29-1115] Found multi-term driver net: top_block_i/util_ds_buf_4/U0/<const0>.
WARNING: [Netlist 29-1115] Found multi-term driver net: top_block_i/util_ds_buf_3/U0/<const0>.
WARNING: [Netlist 29-1115] Found multi-term driver net: top_block_i/util_ds_buf_2/U0/<const0>.
WARNING: [Netlist 29-1115] Found multi-term driver net: top_block_i/util_ds_buf_1/U0/<const0>.
WARNING: [Netlist 29-1115] Found multi-term driver net: top_block_i/util_ds_buf_0/U0/<const0>.
INFO: [Project 1-479] Netlist was created with Vivado 2022.2
INFO: [Project 1-570] Preparing netlist for logic optimization
WARNING: [Opt 31-32] Removing redundant IBUF since it is not being driven by a top-level port. top_block_i/clk_wiz_2/inst/clkin1_ibuf 
Resolution: The tool has removed redundant IBUF. To resolve this warning, check for redundant IBUF in the input design.
INFO: [Chipscope 16-324] Core: top_block_i/appUnit/vio_0 UUID: 13660d3d-e6ea-5d97-bf24-94a8dafa59e8 
INFO: [Chipscope 16-324] Core: top_block_i/appUnit/vio_1 UUID: 8a544e20-624d-5c74-96ca-e01c0462adf8 
INFO: [Chipscope 16-324] Core: top_block_i/appUnit/vio_2 UUID: d7e1c2b4-e406-55fd-9524-4ee872a54a61 
INFO: [Chipscope 16-324] Core: top_block_i/appUnit/vio_3 UUID: 732c2164-c5ec-5a09-8cc3-0c8be781922a 
INFO: [Chipscope 16-324] Core: top_block_i/reset/vio_0 UUID: 499384b9-f309-5737-b91f-db55ccc11929 
Parsing XDC File [/home/nagafusa/work/spadi/Fakernet/SAMIDARE/samidare.gen/sources_1/bd/top_block/ip/top_block_clk_wiz_2_0/top_block_clk_wiz_2_0_board.xdc] for cell 'top_block_i/clk_wiz_2/inst'
Finished Parsing XDC File [/home/nagafusa/work/spadi/Fakernet/SAMIDARE/samidare.gen/sources_1/bd/top_block/ip/top_block_clk_wiz_2_0/top_block_clk_wiz_2_0_board.xdc] for cell 'top_block_i/clk_wiz_2/inst'
Parsing XDC File [/home/nagafusa/work/spadi/Fakernet/SAMIDARE/samidare.srcs/sources_1/ip/gig_ethernet_pcs_pma_0_2/synth/gig_ethernet_pcs_pma_0_clocks.xdc] for cell 'top_block_i/fakernet/gig_ethernet_pcs_pma_0/inst/core_support_i/pcs_pma_i/inst'
Finished Parsing XDC File [/home/nagafusa/work/spadi/Fakernet/SAMIDARE/samidare.srcs/sources_1/ip/gig_ethernet_pcs_pma_0_2/synth/gig_ethernet_pcs_pma_0_clocks.xdc] for cell 'top_block_i/fakernet/gig_ethernet_pcs_pma_0/inst/core_support_i/pcs_pma_i/inst'
Parsing XDC File [/home/nagafusa/work/spadi/Fakernet/SAMIDARE/samidare.srcs/sources_1/ip/gig_ethernet_pcs_pma_0_2/gig_ethernet_pcs_pma_0_board.xdc] for cell 'top_block_i/fakernet/gig_ethernet_pcs_pma_0/inst/core_support_i/pcs_pma_i/inst'
Finished Parsing XDC File [/home/nagafusa/work/spadi/Fakernet/SAMIDARE/samidare.srcs/sources_1/ip/gig_ethernet_pcs_pma_0_2/gig_ethernet_pcs_pma_0_board.xdc] for cell 'top_block_i/fakernet/gig_ethernet_pcs_pma_0/inst/core_support_i/pcs_pma_i/inst'
Parsing XDC File [/home/nagafusa/work/spadi/Fakernet/SAMIDARE/samidare.gen/sources_1/bd/top_block/ip/top_block_vio_0_1/top_block_vio_0_1.xdc] for cell 'top_block_i/appUnit/vio_0'
Finished Parsing XDC File [/home/nagafusa/work/spadi/Fakernet/SAMIDARE/samidare.gen/sources_1/bd/top_block/ip/top_block_vio_0_1/top_block_vio_0_1.xdc] for cell 'top_block_i/appUnit/vio_0'
Parsing XDC File [/home/nagafusa/work/spadi/Fakernet/SAMIDARE/samidare.gen/sources_1/bd/top_block/ip/top_block_vio_0_2/top_block_vio_0_2.xdc] for cell 'top_block_i/appUnit/vio_1'
Finished Parsing XDC File [/home/nagafusa/work/spadi/Fakernet/SAMIDARE/samidare.gen/sources_1/bd/top_block/ip/top_block_vio_0_2/top_block_vio_0_2.xdc] for cell 'top_block_i/appUnit/vio_1'
Parsing XDC File [/home/nagafusa/work/spadi/Fakernet/SAMIDARE/samidare.gen/sources_1/bd/top_block/ip/top_block_vio_2_0/top_block_vio_2_0.xdc] for cell 'top_block_i/appUnit/vio_3'
Finished Parsing XDC File [/home/nagafusa/work/spadi/Fakernet/SAMIDARE/samidare.gen/sources_1/bd/top_block/ip/top_block_vio_2_0/top_block_vio_2_0.xdc] for cell 'top_block_i/appUnit/vio_3'
Parsing XDC File [/home/nagafusa/work/spadi/Fakernet/SAMIDARE/samidare.gen/sources_1/bd/top_block/ip/top_block_vio_1_0/top_block_vio_1_0.xdc] for cell 'top_block_i/appUnit/vio_2'
Finished Parsing XDC File [/home/nagafusa/work/spadi/Fakernet/SAMIDARE/samidare.gen/sources_1/bd/top_block/ip/top_block_vio_1_0/top_block_vio_1_0.xdc] for cell 'top_block_i/appUnit/vio_2'
Parsing XDC File [/home/nagafusa/work/spadi/Fakernet/SAMIDARE/samidare.gen/sources_1/bd/top_block/ip/top_block_util_ds_buf_7_0/top_block_util_ds_buf_7_0_board.xdc] for cell 'top_block_i/util_ds_buf_8/U0'
Finished Parsing XDC File [/home/nagafusa/work/spadi/Fakernet/SAMIDARE/samidare.gen/sources_1/bd/top_block/ip/top_block_util_ds_buf_7_0/top_block_util_ds_buf_7_0_board.xdc] for cell 'top_block_i/util_ds_buf_8/U0'
Parsing XDC File [/home/nagafusa/work/spadi/Fakernet/SAMIDARE/samidare.gen/sources_1/bd/top_block/ip/top_block_util_ds_buf_6_1/top_block_util_ds_buf_6_1_board.xdc] for cell 'top_block_i/util_ds_buf_7/U0'
Finished Parsing XDC File [/home/nagafusa/work/spadi/Fakernet/SAMIDARE/samidare.gen/sources_1/bd/top_block/ip/top_block_util_ds_buf_6_1/top_block_util_ds_buf_6_1_board.xdc] for cell 'top_block_i/util_ds_buf_7/U0'
Parsing XDC File [/home/nagafusa/work/spadi/Fakernet/SAMIDARE/samidare.gen/sources_1/bd/top_block/ip/top_block_util_ds_buf_6_0/top_block_util_ds_buf_6_0_board.xdc] for cell 'top_block_i/util_ds_buf_6/U0'
Finished Parsing XDC File [/home/nagafusa/work/spadi/Fakernet/SAMIDARE/samidare.gen/sources_1/bd/top_block/ip/top_block_util_ds_buf_6_0/top_block_util_ds_buf_6_0_board.xdc] for cell 'top_block_i/util_ds_buf_6/U0'
Parsing XDC File [/home/nagafusa/work/spadi/Fakernet/SAMIDARE/samidare.gen/sources_1/bd/top_block/ip/top_block_util_ds_buf_5_0/top_block_util_ds_buf_5_0_board.xdc] for cell 'top_block_i/util_ds_buf_5/U0'
Finished Parsing XDC File [/home/nagafusa/work/spadi/Fakernet/SAMIDARE/samidare.gen/sources_1/bd/top_block/ip/top_block_util_ds_buf_5_0/top_block_util_ds_buf_5_0_board.xdc] for cell 'top_block_i/util_ds_buf_5/U0'
Parsing XDC File [/home/nagafusa/work/spadi/Fakernet/SAMIDARE/samidare.gen/sources_1/bd/top_block/ip/top_block_util_ds_buf_3_2/top_block_util_ds_buf_3_2_board.xdc] for cell 'top_block_i/util_ds_buf_3/U0'
Finished Parsing XDC File [/home/nagafusa/work/spadi/Fakernet/SAMIDARE/samidare.gen/sources_1/bd/top_block/ip/top_block_util_ds_buf_3_2/top_block_util_ds_buf_3_2_board.xdc] for cell 'top_block_i/util_ds_buf_3/U0'
Parsing XDC File [/home/nagafusa/work/spadi/Fakernet/SAMIDARE/samidare.gen/sources_1/bd/top_block/ip/top_block_util_ds_buf_4_1/top_block_util_ds_buf_4_1_board.xdc] for cell 'top_block_i/util_ds_buf_4/U0'
Finished Parsing XDC File [/home/nagafusa/work/spadi/Fakernet/SAMIDARE/samidare.gen/sources_1/bd/top_block/ip/top_block_util_ds_buf_4_1/top_block_util_ds_buf_4_1_board.xdc] for cell 'top_block_i/util_ds_buf_4/U0'
Parsing XDC File [/home/nagafusa/work/spadi/Fakernet/SAMIDARE/samidare.gen/sources_1/bd/top_block/ip/top_block_clk_wiz_2_0/top_block_clk_wiz_2_0.xdc] for cell 'top_block_i/clk_wiz_2/inst'
INFO: [Timing 38-35] Done setting XDC timing constraints. [/home/nagafusa/work/spadi/Fakernet/SAMIDARE/samidare.gen/sources_1/bd/top_block/ip/top_block_clk_wiz_2_0/top_block_clk_wiz_2_0.xdc:57]
INFO: [Timing 38-2] Deriving generated clocks [/home/nagafusa/work/spadi/Fakernet/SAMIDARE/samidare.gen/sources_1/bd/top_block/ip/top_block_clk_wiz_2_0/top_block_clk_wiz_2_0.xdc:57]
Finished Parsing XDC File [/home/nagafusa/work/spadi/Fakernet/SAMIDARE/samidare.gen/sources_1/bd/top_block/ip/top_block_clk_wiz_2_0/top_block_clk_wiz_2_0.xdc] for cell 'top_block_i/clk_wiz_2/inst'
Parsing XDC File [/home/nagafusa/work/spadi/Fakernet/SAMIDARE/samidare.srcs/sources_1/ip/gig_ethernet_pcs_pma_0_gt/synth/gig_ethernet_pcs_pma_0_gt.xdc] for cell 'top_block_i/fakernet/gig_ethernet_pcs_pma_0/inst/core_support_i/gig_ethernet_pcs_pma_0_gt_i/inst'
Finished Parsing XDC File [/home/nagafusa/work/spadi/Fakernet/SAMIDARE/samidare.srcs/sources_1/ip/gig_ethernet_pcs_pma_0_gt/synth/gig_ethernet_pcs_pma_0_gt.xdc] for cell 'top_block_i/fakernet/gig_ethernet_pcs_pma_0/inst/core_support_i/gig_ethernet_pcs_pma_0_gt_i/inst'
Parsing XDC File [/home/nagafusa/work/spadi/Fakernet/SAMIDARE/samidare.gen/sources_1/bd/top_block/ip/top_block_util_ds_buf_2_0/top_block_util_ds_buf_2_0_board.xdc] for cell 'top_block_i/util_ds_buf_2/U0'
Finished Parsing XDC File [/home/nagafusa/work/spadi/Fakernet/SAMIDARE/samidare.gen/sources_1/bd/top_block/ip/top_block_util_ds_buf_2_0/top_block_util_ds_buf_2_0_board.xdc] for cell 'top_block_i/util_ds_buf_2/U0'
Parsing XDC File [/home/nagafusa/work/spadi/Fakernet/SAMIDARE/samidare.gen/sources_1/bd/top_block/ip/top_block_util_ds_buf_1_1/top_block_util_ds_buf_1_1_board.xdc] for cell 'top_block_i/util_ds_buf_1/U0'
Finished Parsing XDC File [/home/nagafusa/work/spadi/Fakernet/SAMIDARE/samidare.gen/sources_1/bd/top_block/ip/top_block_util_ds_buf_1_1/top_block_util_ds_buf_1_1_board.xdc] for cell 'top_block_i/util_ds_buf_1/U0'
Parsing XDC File [/home/nagafusa/work/spadi/Fakernet/SAMIDARE/samidare.gen/sources_1/bd/top_block/ip/top_block_util_ds_buf_0_1/top_block_util_ds_buf_0_1_board.xdc] for cell 'top_block_i/util_ds_buf_0/U0'
Finished Parsing XDC File [/home/nagafusa/work/spadi/Fakernet/SAMIDARE/samidare.gen/sources_1/bd/top_block/ip/top_block_util_ds_buf_0_1/top_block_util_ds_buf_0_1_board.xdc] for cell 'top_block_i/util_ds_buf_0/U0'
Parsing XDC File [/home/nagafusa/work/spadi/Fakernet/SAMIDARE/samidare.gen/sources_1/bd/top_block/ip/top_block_clk_wiz_1_0/top_block_clk_wiz_1_0.xdc] for cell 'top_block_i/clk_wiz_1/inst'
Finished Parsing XDC File [/home/nagafusa/work/spadi/Fakernet/SAMIDARE/samidare.gen/sources_1/bd/top_block/ip/top_block_clk_wiz_1_0/top_block_clk_wiz_1_0.xdc] for cell 'top_block_i/clk_wiz_1/inst'
Parsing XDC File [/home/nagafusa/work/spadi/Fakernet/SAMIDARE/samidare.gen/sources_1/bd/top_block/ip/top_block_clk_wiz_1_0/top_block_clk_wiz_1_0_board.xdc] for cell 'top_block_i/clk_wiz_1/inst'
Finished Parsing XDC File [/home/nagafusa/work/spadi/Fakernet/SAMIDARE/samidare.gen/sources_1/bd/top_block/ip/top_block_clk_wiz_1_0/top_block_clk_wiz_1_0_board.xdc] for cell 'top_block_i/clk_wiz_1/inst'
Parsing XDC File [/home/nagafusa/work/spadi/Fakernet/SAMIDARE/samidare.gen/sources_1/bd/top_block/ip/top_block_rst_clk_wiz_0_40M_3/top_block_rst_clk_wiz_0_40M_3.xdc] for cell 'top_block_i/rst_clk_wiz_0_40M/U0'
Finished Parsing XDC File [/home/nagafusa/work/spadi/Fakernet/SAMIDARE/samidare.gen/sources_1/bd/top_block/ip/top_block_rst_clk_wiz_0_40M_3/top_block_rst_clk_wiz_0_40M_3.xdc] for cell 'top_block_i/rst_clk_wiz_0_40M/U0'
Parsing XDC File [/home/nagafusa/work/spadi/Fakernet/SAMIDARE/samidare.gen/sources_1/bd/top_block/ip/top_block_rst_clk_wiz_0_40M_3/top_block_rst_clk_wiz_0_40M_3_board.xdc] for cell 'top_block_i/rst_clk_wiz_0_40M/U0'
Finished Parsing XDC File [/home/nagafusa/work/spadi/Fakernet/SAMIDARE/samidare.gen/sources_1/bd/top_block/ip/top_block_rst_clk_wiz_0_40M_3/top_block_rst_clk_wiz_0_40M_3_board.xdc] for cell 'top_block_i/rst_clk_wiz_0_40M/U0'
Parsing XDC File [/home/nagafusa/work/spadi/Fakernet/SAMIDARE/samidare.gen/sources_1/bd/top_block/ip/top_block_axi_iic_0_0/top_block_axi_iic_0_0_board.xdc] for cell 'top_block_i/SAMPA_I2C_wrapper/axi_iic_0/U0'
Finished Parsing XDC File [/home/nagafusa/work/spadi/Fakernet/SAMIDARE/samidare.gen/sources_1/bd/top_block/ip/top_block_axi_iic_0_0/top_block_axi_iic_0_0_board.xdc] for cell 'top_block_i/SAMPA_I2C_wrapper/axi_iic_0/U0'
Parsing XDC File [/home/nagafusa/work/spadi/Fakernet/SAMIDARE/samidare.gen/sources_1/bd/top_block/ip/top_block_rst_clk_wiz_0_125M_0/top_block_rst_clk_wiz_0_125M_0.xdc] for cell 'top_block_i/reset/rst_clk_wiz_0_125M/U0'
Finished Parsing XDC File [/home/nagafusa/work/spadi/Fakernet/SAMIDARE/samidare.gen/sources_1/bd/top_block/ip/top_block_rst_clk_wiz_0_125M_0/top_block_rst_clk_wiz_0_125M_0.xdc] for cell 'top_block_i/reset/rst_clk_wiz_0_125M/U0'
Parsing XDC File [/home/nagafusa/work/spadi/Fakernet/SAMIDARE/samidare.gen/sources_1/bd/top_block/ip/top_block_rst_clk_wiz_0_125M_0/top_block_rst_clk_wiz_0_125M_0_board.xdc] for cell 'top_block_i/reset/rst_clk_wiz_0_125M/U0'
Finished Parsing XDC File [/home/nagafusa/work/spadi/Fakernet/SAMIDARE/samidare.gen/sources_1/bd/top_block/ip/top_block_rst_clk_wiz_0_125M_0/top_block_rst_clk_wiz_0_125M_0_board.xdc] for cell 'top_block_i/reset/rst_clk_wiz_0_125M/U0'
Parsing XDC File [/home/nagafusa/work/spadi/Fakernet/SAMIDARE/samidare.gen/sources_1/bd/top_block/ip/top_block_vio_0_0/top_block_vio_0_0.xdc] for cell 'top_block_i/reset/vio_0'
Finished Parsing XDC File [/home/nagafusa/work/spadi/Fakernet/SAMIDARE/samidare.gen/sources_1/bd/top_block/ip/top_block_vio_0_0/top_block_vio_0_0.xdc] for cell 'top_block_i/reset/vio_0'
Parsing XDC File [/home/nagafusa/work/spadi/Fakernet/SAMIDARE/samidare.gen/sources_1/bd/top_block/ip/top_block_clk_wiz_0_0/top_block_clk_wiz_0_0.xdc] for cell 'top_block_i/clk_wiz_0/inst'
INFO: [Timing 38-2] Deriving generated clocks [/home/nagafusa/work/spadi/Fakernet/SAMIDARE/samidare.gen/sources_1/bd/top_block/ip/top_block_clk_wiz_0_0/top_block_clk_wiz_0_0.xdc:57]
Finished Parsing XDC File [/home/nagafusa/work/spadi/Fakernet/SAMIDARE/samidare.gen/sources_1/bd/top_block/ip/top_block_clk_wiz_0_0/top_block_clk_wiz_0_0.xdc] for cell 'top_block_i/clk_wiz_0/inst'
Parsing XDC File [/home/nagafusa/work/spadi/Fakernet/SAMIDARE/samidare.gen/sources_1/bd/top_block/ip/top_block_clk_wiz_0_0/top_block_clk_wiz_0_0_board.xdc] for cell 'top_block_i/clk_wiz_0/inst'
Finished Parsing XDC File [/home/nagafusa/work/spadi/Fakernet/SAMIDARE/samidare.gen/sources_1/bd/top_block/ip/top_block_clk_wiz_0_0/top_block_clk_wiz_0_0_board.xdc] for cell 'top_block_i/clk_wiz_0/inst'
Parsing XDC File [/home/nagafusa/work/spadi/Fakernet/SAMIDARE/samidare.srcs/constrs_1/new/GTH.xdc]
Finished Parsing XDC File [/home/nagafusa/work/spadi/Fakernet/SAMIDARE/samidare.srcs/constrs_1/new/GTH.xdc]
Parsing XDC File [/home/nagafusa/work/spadi/Fakernet/SAMIDARE/samidare.srcs/constrs_1/new/main_io.xdc]
WARNING: [Constraints 18-619] A clock with name 'BASECLK' already exists, overwriting the previous clock with the same name. [/home/nagafusa/work/spadi/Fakernet/SAMIDARE/samidare.srcs/constrs_1/new/main_io.xdc:23]
WARNING: [Vivado 12-584] No ports matched 'BX_SYNX_TRG_N[0]'. [/home/nagafusa/work/spadi/Fakernet/SAMIDARE/samidare.srcs/constrs_1/new/main_io.xdc:150]
CRITICAL WARNING: [Common 17-55] 'set_property' expects at least one object. [/home/nagafusa/work/spadi/Fakernet/SAMIDARE/samidare.srcs/constrs_1/new/main_io.xdc:150]
Resolution: If [get_<value>] was used to populate the object, check to make sure this command returns at least one valid object.
Finished Parsing XDC File [/home/nagafusa/work/spadi/Fakernet/SAMIDARE/samidare.srcs/constrs_1/new/main_io.xdc]
Parsing XDC File [/home/nagafusa/work/spadi/Fakernet/SAMIDARE/samidare.srcs/constrs_1/new/samidare_io.xdc]
CRITICAL WARNING: [Vivado 12-1419] Debug core 'u_ila_0' was not found. [/home/nagafusa/work/spadi/Fakernet/SAMIDARE/samidare.srcs/constrs_1/new/samidare_io.xdc:5]
WARNING: [Vivado 12-507] No nets matched 'top_block_i/SAMPA_PON_v1_0_0/inst/SAMPA_PON_v1_0_M00_AXI_inst/m00_axi_rdata[0]'. [/home/nagafusa/work/spadi/Fakernet/SAMIDARE/samidare.srcs/constrs_1/new/samidare_io.xdc:11]
CRITICAL WARNING: [Vivado 12-1419] Debug core 'u_ila_0' was not found. [/home/nagafusa/work/spadi/Fakernet/SAMIDARE/samidare.srcs/constrs_1/new/samidare_io.xdc:11]
WARNING: [Vivado 12-507] No nets matched 'top_block_i/SAMPA_PON_v1_0_0/inst/reads_done_reg'. [/home/nagafusa/work/spadi/Fakernet/SAMIDARE/samidare.srcs/constrs_1/new/samidare_io.xdc:12]
CRITICAL WARNING: [Vivado 12-1419] Debug core 'u_ila_0' was not found. [/home/nagafusa/work/spadi/Fakernet/SAMIDARE/samidare.srcs/constrs_1/new/samidare_io.xdc:12]
WARNING: [Vivado 12-507] No nets matched 'top_block_i/SAMPA_I2C_wrapper/I2C_Controller_v1_0_0/inst/I2C_Controller_v1_0_M01_AXI_inst/i2c_done'. [/home/nagafusa/work/spadi/Fakernet/SAMIDARE/samidare.srcs/constrs_1/new/samidare_io.xdc:18]
CRITICAL WARNING: [Vivado 12-1419] Debug core 'u_ila_0' was not found. [/home/nagafusa/work/spadi/Fakernet/SAMIDARE/samidare.srcs/constrs_1/new/samidare_io.xdc:18]
WARNING: [Vivado 12-507] No nets matched 'top_block_i/SAMPA_I2C_wrapper/I2C_Controller_v1_0_0/inst/I2C_Controller_v1_0_M01_AXI_inst/start_i2c_write'. [/home/nagafusa/work/spadi/Fakernet/SAMIDARE/samidare.srcs/constrs_1/new/samidare_io.xdc:19]
CRITICAL WARNING: [Vivado 12-1419] Debug core 'u_ila_0' was not found. [/home/nagafusa/work/spadi/Fakernet/SAMIDARE/samidare.srcs/constrs_1/new/samidare_io.xdc:19]
WARNING: [Vivado 12-507] No nets matched 'top_block_i/SAMPA_I2C_wrapper/I2C_iobuf/IOBUF_IO_O1[0]'. [/home/nagafusa/work/spadi/Fakernet/SAMIDARE/samidare.srcs/constrs_1/new/samidare_io.xdc:23]
CRITICAL WARNING: [Vivado 12-1419] Debug core 'u_ila_1' was not found. [/home/nagafusa/work/spadi/Fakernet/SAMIDARE/samidare.srcs/constrs_1/new/samidare_io.xdc:23]
WARNING: [Vivado 12-507] No nets matched 'top_block_i/SAMPA_I2C_wrapper/I2C_iobuf/IOBUF_IO_T1[0]'. [/home/nagafusa/work/spadi/Fakernet/SAMIDARE/samidare.srcs/constrs_1/new/samidare_io.xdc:24]
CRITICAL WARNING: [Vivado 12-1419] Debug core 'u_ila_1' was not found. [/home/nagafusa/work/spadi/Fakernet/SAMIDARE/samidare.srcs/constrs_1/new/samidare_io.xdc:24]
WARNING: [Vivado 12-507] No nets matched 'top_block_i/SAMPA_I2C_wrapper/I2C_iobuf/IOBUF_IO_O[0]'. [/home/nagafusa/work/spadi/Fakernet/SAMIDARE/samidare.srcs/constrs_1/new/samidare_io.xdc:25]
CRITICAL WARNING: [Vivado 12-1419] Debug core 'u_ila_1' was not found. [/home/nagafusa/work/spadi/Fakernet/SAMIDARE/samidare.srcs/constrs_1/new/samidare_io.xdc:25]
WARNING: [Vivado 12-507] No nets matched 'top_block_i/SAMPA_I2C_wrapper/I2C_iobuf/IOBUF_IO_T[0]'. [/home/nagafusa/work/spadi/Fakernet/SAMIDARE/samidare.srcs/constrs_1/new/samidare_io.xdc:26]
CRITICAL WARNING: [Vivado 12-1419] Debug core 'u_ila_1' was not found. [/home/nagafusa/work/spadi/Fakernet/SAMIDARE/samidare.srcs/constrs_1/new/samidare_io.xdc:26]
WARNING: [Vivado 12-507] No nets matched 'top_block_i/SAMPA_I2C_wrapper/I2C_Controller_v1_0_0/m00_axi_araddr[0]'. [/home/nagafusa/work/spadi/Fakernet/SAMIDARE/samidare.srcs/constrs_1/new/samidare_io.xdc:30]
WARNING: [Vivado 12-507] No nets matched 'top_block_i/SAMPA_I2C_wrapper/I2C_Controller_v1_0_0/m00_axi_araddr[1]'. [/home/nagafusa/work/spadi/Fakernet/SAMIDARE/samidare.srcs/constrs_1/new/samidare_io.xdc:30]
CRITICAL WARNING: [Vivado 12-1419] Debug core 'u_ila_0' was not found. [/home/nagafusa/work/spadi/Fakernet/SAMIDARE/samidare.srcs/constrs_1/new/samidare_io.xdc:30]
CRITICAL WARNING: [Vivado 12-1419] Debug core 'u_ila_1' was not found. [/home/nagafusa/work/spadi/Fakernet/SAMIDARE/samidare.srcs/constrs_1/new/samidare_io.xdc:32]
CRITICAL WARNING: [Vivado 12-1419] Debug core 'u_ila_1' was not found. [/home/nagafusa/work/spadi/Fakernet/SAMIDARE/samidare.srcs/constrs_1/new/samidare_io.xdc:33]
CRITICAL WARNING: [Vivado 12-1419] Debug core 'u_ila_1' was not found. [/home/nagafusa/work/spadi/Fakernet/SAMIDARE/samidare.srcs/constrs_1/new/samidare_io.xdc:34]
CRITICAL WARNING: [Vivado 12-1419] Debug core 'u_ila_1' was not found. [/home/nagafusa/work/spadi/Fakernet/SAMIDARE/samidare.srcs/constrs_1/new/samidare_io.xdc:35]
CRITICAL WARNING: [Vivado 12-1419] Debug core 'u_ila_1' was not found. [/home/nagafusa/work/spadi/Fakernet/SAMIDARE/samidare.srcs/constrs_1/new/samidare_io.xdc:36]
Finished Parsing XDC File [/home/nagafusa/work/spadi/Fakernet/SAMIDARE/samidare.srcs/constrs_1/new/samidare_io.xdc]
Parsing XDC File [/home/nagafusa/work/spadi/Fakernet/SAMIDARE/samidare.srcs/sources_1/ip/gig_ethernet_pcs_pma_0_2/synth/gig_ethernet_pcs_pma_0.xdc] for cell 'top_block_i/fakernet/gig_ethernet_pcs_pma_0/inst/core_support_i/pcs_pma_i/inst'
Finished Parsing XDC File [/home/nagafusa/work/spadi/Fakernet/SAMIDARE/samidare.srcs/sources_1/ip/gig_ethernet_pcs_pma_0_2/synth/gig_ethernet_pcs_pma_0.xdc] for cell 'top_block_i/fakernet/gig_ethernet_pcs_pma_0/inst/core_support_i/pcs_pma_i/inst'
INFO: [Project 1-1714] 1 XPM XDC files have been applied to the design.
INFO: [Opt 31-138] Pushed 0 inverter(s) to 0 load pin(s).
INFO: [Opt 31-422] The CLOCK_DOMAINS attribute on the BRAM cell top_block_i/reg_bram/blk_mem_gen_0/U0/inst_blk_mem_gen/gnbram.gnative_mem_map_bmg.native_mem_map_blk_mem_gen/valid.cstr/ramloop[0].ram.r/prim_noinit.ram/DEVICE_8SERIES.WITH_BMM_INFO.TRUE_DP.SIMPLE_PRIM36.SERIES8_TDP_SP36_NO_ECC_ATTR.ram has been changed from INDEPENDENT to COMMON to match the clocking topology used for the BRAM.
INFO: [Opt 31-422] The CLOCK_DOMAINS attribute on the BRAM cell top_block_i/reg_bram/blk_mem_gen_0/U0/inst_blk_mem_gen/gnbram.gnative_mem_map_bmg.native_mem_map_blk_mem_gen/valid.cstr/ramloop[10].ram.r/prim_noinit.ram/DEVICE_8SERIES.WITH_BMM_INFO.TRUE_DP.SIMPLE_PRIM36.SERIES8_TDP_SP36_NO_ECC_ATTR.ram has been changed from INDEPENDENT to COMMON to match the clocking topology used for the BRAM.
INFO: [Opt 31-422] The CLOCK_DOMAINS attribute on the BRAM cell top_block_i/reg_bram/blk_mem_gen_0/U0/inst_blk_mem_gen/gnbram.gnative_mem_map_bmg.native_mem_map_blk_mem_gen/valid.cstr/ramloop[11].ram.r/prim_noinit.ram/DEVICE_8SERIES.WITH_BMM_INFO.TRUE_DP.SIMPLE_PRIM36.SERIES8_TDP_SP36_NO_ECC_ATTR.ram has been changed from INDEPENDENT to COMMON to match the clocking topology used for the BRAM.
INFO: [Opt 31-422] The CLOCK_DOMAINS attribute on the BRAM cell top_block_i/reg_bram/blk_mem_gen_0/U0/inst_blk_mem_gen/gnbram.gnative_mem_map_bmg.native_mem_map_blk_mem_gen/valid.cstr/ramloop[12].ram.r/prim_noinit.ram/DEVICE_8SERIES.WITH_BMM_INFO.TRUE_DP.SIMPLE_PRIM36.SERIES8_TDP_SP36_NO_ECC_ATTR.ram has been changed from INDEPENDENT to COMMON to match the clocking topology used for the BRAM.
INFO: [Opt 31-422] The CLOCK_DOMAINS attribute on the BRAM cell top_block_i/reg_bram/blk_mem_gen_0/U0/inst_blk_mem_gen/gnbram.gnative_mem_map_bmg.native_mem_map_blk_mem_gen/valid.cstr/ramloop[13].ram.r/prim_noinit.ram/DEVICE_8SERIES.WITH_BMM_INFO.TRUE_DP.SIMPLE_PRIM36.SERIES8_TDP_SP36_NO_ECC_ATTR.ram has been changed from INDEPENDENT to COMMON to match the clocking topology used for the BRAM.
INFO: [Opt 31-422] The CLOCK_DOMAINS attribute on the BRAM cell top_block_i/reg_bram/blk_mem_gen_0/U0/inst_blk_mem_gen/gnbram.gnative_mem_map_bmg.native_mem_map_blk_mem_gen/valid.cstr/ramloop[14].ram.r/prim_noinit.ram/DEVICE_8SERIES.WITH_BMM_INFO.TRUE_DP.SIMPLE_PRIM36.SERIES8_TDP_SP36_NO_ECC_ATTR.ram has been changed from INDEPENDENT to COMMON to match the clocking topology used for the BRAM.
INFO: [Opt 31-422] The CLOCK_DOMAINS attribute on the BRAM cell top_block_i/reg_bram/blk_mem_gen_0/U0/inst_blk_mem_gen/gnbram.gnative_mem_map_bmg.native_mem_map_blk_mem_gen/valid.cstr/ramloop[15].ram.r/prim_noinit.ram/DEVICE_8SERIES.WITH_BMM_INFO.TRUE_DP.SIMPLE_PRIM36.SERIES8_TDP_SP36_NO_ECC_ATTR.ram has been changed from INDEPENDENT to COMMON to match the clocking topology used for the BRAM.
INFO: [Opt 31-422] The CLOCK_DOMAINS attribute on the BRAM cell top_block_i/reg_bram/blk_mem_gen_0/U0/inst_blk_mem_gen/gnbram.gnative_mem_map_bmg.native_mem_map_blk_mem_gen/valid.cstr/ramloop[1].ram.r/prim_noinit.ram/DEVICE_8SERIES.WITH_BMM_INFO.TRUE_DP.SIMPLE_PRIM36.SERIES8_TDP_SP36_NO_ECC_ATTR.ram has been changed from INDEPENDENT to COMMON to match the clocking topology used for the BRAM.
INFO: [Opt 31-422] The CLOCK_DOMAINS attribute on the BRAM cell top_block_i/reg_bram/blk_mem_gen_0/U0/inst_blk_mem_gen/gnbram.gnative_mem_map_bmg.native_mem_map_blk_mem_gen/valid.cstr/ramloop[2].ram.r/prim_noinit.ram/DEVICE_8SERIES.WITH_BMM_INFO.TRUE_DP.SIMPLE_PRIM36.SERIES8_TDP_SP36_NO_ECC_ATTR.ram has been changed from INDEPENDENT to COMMON to match the clocking topology used for the BRAM.
INFO: [Opt 31-422] The CLOCK_DOMAINS attribute on the BRAM cell top_block_i/reg_bram/blk_mem_gen_0/U0/inst_blk_mem_gen/gnbram.gnative_mem_map_bmg.native_mem_map_blk_mem_gen/valid.cstr/ramloop[3].ram.r/prim_noinit.ram/DEVICE_8SERIES.WITH_BMM_INFO.TRUE_DP.SIMPLE_PRIM36.SERIES8_TDP_SP36_NO_ECC_ATTR.ram has been changed from INDEPENDENT to COMMON to match the clocking topology used for the BRAM.
INFO: [Opt 31-422] The CLOCK_DOMAINS attribute on the BRAM cell top_block_i/reg_bram/blk_mem_gen_0/U0/inst_blk_mem_gen/gnbram.gnative_mem_map_bmg.native_mem_map_blk_mem_gen/valid.cstr/ramloop[4].ram.r/prim_noinit.ram/DEVICE_8SERIES.WITH_BMM_INFO.TRUE_DP.SIMPLE_PRIM36.SERIES8_TDP_SP36_NO_ECC_ATTR.ram has been changed from INDEPENDENT to COMMON to match the clocking topology used for the BRAM.
INFO: [Opt 31-422] The CLOCK_DOMAINS attribute on the BRAM cell top_block_i/reg_bram/blk_mem_gen_0/U0/inst_blk_mem_gen/gnbram.gnative_mem_map_bmg.native_mem_map_blk_mem_gen/valid.cstr/ramloop[5].ram.r/prim_noinit.ram/DEVICE_8SERIES.WITH_BMM_INFO.TRUE_DP.SIMPLE_PRIM36.SERIES8_TDP_SP36_NO_ECC_ATTR.ram has been changed from INDEPENDENT to COMMON to match the clocking topology used for the BRAM.
INFO: [Opt 31-422] The CLOCK_DOMAINS attribute on the BRAM cell top_block_i/reg_bram/blk_mem_gen_0/U0/inst_blk_mem_gen/gnbram.gnative_mem_map_bmg.native_mem_map_blk_mem_gen/valid.cstr/ramloop[6].ram.r/prim_noinit.ram/DEVICE_8SERIES.WITH_BMM_INFO.TRUE_DP.SIMPLE_PRIM36.SERIES8_TDP_SP36_NO_ECC_ATTR.ram has been changed from INDEPENDENT to COMMON to match the clocking topology used for the BRAM.
INFO: [Opt 31-422] The CLOCK_DOMAINS attribute on the BRAM cell top_block_i/reg_bram/blk_mem_gen_0/U0/inst_blk_mem_gen/gnbram.gnative_mem_map_bmg.native_mem_map_blk_mem_gen/valid.cstr/ramloop[7].ram.r/prim_noinit.ram/DEVICE_8SERIES.WITH_BMM_INFO.TRUE_DP.SIMPLE_PRIM36.SERIES8_TDP_SP36_NO_ECC_ATTR.ram has been changed from INDEPENDENT to COMMON to match the clocking topology used for the BRAM.
INFO: [Opt 31-422] The CLOCK_DOMAINS attribute on the BRAM cell top_block_i/reg_bram/blk_mem_gen_0/U0/inst_blk_mem_gen/gnbram.gnative_mem_map_bmg.native_mem_map_blk_mem_gen/valid.cstr/ramloop[8].ram.r/prim_noinit.ram/DEVICE_8SERIES.WITH_BMM_INFO.TRUE_DP.SIMPLE_PRIM36.SERIES8_TDP_SP36_NO_ECC_ATTR.ram has been changed from INDEPENDENT to COMMON to match the clocking topology used for the BRAM.
INFO: [Opt 31-422] The CLOCK_DOMAINS attribute on the BRAM cell top_block_i/reg_bram/blk_mem_gen_0/U0/inst_blk_mem_gen/gnbram.gnative_mem_map_bmg.native_mem_map_blk_mem_gen/valid.cstr/ramloop[9].ram.r/prim_noinit.ram/DEVICE_8SERIES.WITH_BMM_INFO.TRUE_DP.SIMPLE_PRIM36.SERIES8_TDP_SP36_NO_ECC_ATTR.ram has been changed from INDEPENDENT to COMMON to match the clocking topology used for the BRAM.
INFO: [Project 1-1687] 22 scoped IP constraints or related sub-commands were skipped due to synthesis logic optimizations usually triggered by constant connectivity or unconnected output pins. To review the skipped constraints and messages, run the command 'set_param netlist.IPMsgFiltering false' before opening the design.
Netlist sorting complete. Time (s): cpu = 00:00:00.01 ; elapsed = 00:00:00 . Memory (MB): peak = 13029.043 ; gain = 0.000 ; free physical = 38038 ; free virtual = 58600
INFO: [Project 1-111] Unisim Transformation Summary:
  A total of 97 instances were transformed.
  FDCPE => FDCPE (FDCE, FDPE, LDCE, LUT3, VCC): 5 instances
  IBUF => IBUF (IBUFCTRL, INBUF): 18 instances
  IBUFDS => IBUFDS (DIFFINBUF, IBUFCTRL): 44 instances
  IOBUF => IOBUF (IBUFCTRL, INBUF, OBUFT): 2 instances
  OBUFDS => OBUFDS_DUAL_BUF (INV, OBUF(x2)): 14 instances
  RAM16X1D => RAM32X1D (RAMD32(x2)): 10 instances
  RAM32M => RAM32M (RAMD32(x6), RAMS32(x2)): 2 instances
  RAM32M16 => RAM32M16 (RAMD32(x14), RAMS32(x2)): 2 instances

open_run: Time (s): cpu = 00:00:13 ; elapsed = 00:00:07 . Memory (MB): peak = 13353.430 ; gain = 619.930 ; free physical = 37891 ; free virtual = 58453
delete_debug_core [get_debug_cores {u_ila_0 u_ila_1 u_ila_2 }]
create_debug_core u_ila_0 ila
set_property C_DATA_DEPTH 1024 [get_debug_cores u_ila_0]
set_property C_TRIGIN_EN false [get_debug_cores u_ila_0]
set_property C_TRIGOUT_EN false [get_debug_cores u_ila_0]
set_property C_ADV_TRIGGER false [get_debug_cores u_ila_0]
set_property C_INPUT_PIPE_STAGES 0 [get_debug_cores u_ila_0]
set_property C_EN_STRG_QUAL false [get_debug_cores u_ila_0]
set_property ALL_PROBE_SAME_MU true [get_debug_cores u_ila_0]
set_property ALL_PROBE_SAME_MU_CNT 1 [get_debug_cores u_ila_0]
create_debug_core u_ila_1 ila
set_property C_DATA_DEPTH 1024 [get_debug_cores u_ila_1]
set_property C_TRIGIN_EN false [get_debug_cores u_ila_1]
set_property C_TRIGOUT_EN false [get_debug_cores u_ila_1]
set_property C_ADV_TRIGGER false [get_debug_cores u_ila_1]
set_property C_INPUT_PIPE_STAGES 0 [get_debug_cores u_ila_1]
set_property C_EN_STRG_QUAL false [get_debug_cores u_ila_1]
set_property ALL_PROBE_SAME_MU true [get_debug_cores u_ila_1]
set_property ALL_PROBE_SAME_MU_CNT 1 [get_debug_cores u_ila_1]
create_debug_core u_ila_2 ila
set_property C_DATA_DEPTH 1024 [get_debug_cores u_ila_2]
set_property C_TRIGIN_EN false [get_debug_cores u_ila_2]
set_property C_TRIGOUT_EN false [get_debug_cores u_ila_2]
set_property C_ADV_TRIGGER false [get_debug_cores u_ila_2]
set_property C_INPUT_PIPE_STAGES 0 [get_debug_cores u_ila_2]
set_property C_EN_STRG_QUAL false [get_debug_cores u_ila_2]
set_property ALL_PROBE_SAME_MU true [get_debug_cores u_ila_2]
set_property ALL_PROBE_SAME_MU_CNT 1 [get_debug_cores u_ila_2]
connect_debug_port u_ila_0/clk [get_nets [list top_block_i/clk_wiz_0/inst/clk_out1 ]]
connect_debug_port u_ila_1/clk [get_nets [list top_block_i/clk_wiz_2/inst/clk_out1 ]]
connect_debug_port u_ila_2/clk [get_nets [list top_block_i/clk_wiz_0/inst/clk_out5 ]]
set_property port_width 320 [get_debug_ports u_ila_0/probe0]
set_property PROBE_TYPE DATA_AND_TRIGGER [get_debug_ports u_ila_0/probe0]
connect_debug_port u_ila_0/probe0 [get_nets [list {top_block_i/appUnit/das_rx_0/inst/bus0[0]} {top_block_i/appUnit/das_rx_0/inst/bus0[1]} {top_block_i/appUnit/das_rx_0/inst/bus0[2]} {top_block_i/appUnit/das_rx_0/inst/bus0[3]} {top_block_i/appUnit/das_rx_0/inst/bus0[4]} {top_block_i/appUnit/das_rx_0/inst/bus0[5]} {top_block_i/appUnit/das_rx_0/inst/bus0[6]} {top_block_i/appUnit/das_rx_0/inst/bus0[7]} {top_block_i/appUnit/das_rx_0/inst/bus0[8]} {top_block_i/appUnit/das_rx_0/inst/bus0[9]} {top_block_i/appUnit/das_rx_0/inst/bus0[10]} {top_block_i/appUnit/das_rx_0/inst/bus0[11]} {top_block_i/appUnit/das_rx_0/inst/bus0[12]} {top_block_i/appUnit/das_rx_0/inst/bus0[13]} {top_block_i/appUnit/das_rx_0/inst/bus0[14]} {top_block_i/appUnit/das_rx_0/inst/bus0[15]} {top_block_i/appUnit/das_rx_0/inst/bus0[16]} {top_block_i/appUnit/das_rx_0/inst/bus0[17]} {top_block_i/appUnit/das_rx_0/inst/bus0[18]} {top_block_i/appUnit/das_rx_0/inst/bus0[19]} {top_block_i/appUnit/das_rx_0/inst/bus0[20]} {top_block_i/appUnit/das_rx_0/inst/bus0[21]} {top_block_i/appUnit/das_rx_0/inst/bus0[22]} {top_block_i/appUnit/das_rx_0/inst/bus0[23]} {top_block_i/appUnit/das_rx_0/inst/bus0[24]} {top_block_i/appUnit/das_rx_0/inst/bus0[25]} {top_block_i/appUnit/das_rx_0/inst/bus0[26]} {top_block_i/appUnit/das_rx_0/inst/bus0[27]} {top_block_i/appUnit/das_rx_0/inst/bus0[28]} {top_block_i/appUnit/das_rx_0/inst/bus0[29]} {top_block_i/appUnit/das_rx_0/inst/bus0[30]} {top_block_i/appUnit/das_rx_0/inst/bus0[31]} {top_block_i/appUnit/das_rx_0/inst/bus0[32]} {top_block_i/appUnit/das_rx_0/inst/bus0[33]} {top_block_i/appUnit/das_rx_0/inst/bus0[34]} {top_block_i/appUnit/das_rx_0/inst/bus0[35]} {top_block_i/appUnit/das_rx_0/inst/bus0[36]} {top_block_i/appUnit/das_rx_0/inst/bus0[37]} {top_block_i/appUnit/das_rx_0/inst/bus0[38]} {top_block_i/appUnit/das_rx_0/inst/bus0[39]} {top_block_i/appUnit/das_rx_0/inst/bus0[40]} {top_block_i/appUnit/das_rx_0/inst/bus0[41]} {top_block_i/appUnit/das_rx_0/inst/bus0[42]} {top_block_i/appUnit/das_rx_0/inst/bus0[43]} {top_block_i/appUnit/das_rx_0/inst/bus0[44]} {top_block_i/appUnit/das_rx_0/inst/bus0[45]} {top_block_i/appUnit/das_rx_0/inst/bus0[46]} {top_block_i/appUnit/das_rx_0/inst/bus0[47]} {top_block_i/appUnit/das_rx_0/inst/bus0[48]} {top_block_i/appUnit/das_rx_0/inst/bus0[49]} {top_block_i/appUnit/das_rx_0/inst/bus0[50]} {top_block_i/appUnit/das_rx_0/inst/bus0[51]} {top_block_i/appUnit/das_rx_0/inst/bus0[52]} {top_block_i/appUnit/das_rx_0/inst/bus0[53]} {top_block_i/appUnit/das_rx_0/inst/bus0[54]} {top_block_i/appUnit/das_rx_0/inst/bus0[55]} {top_block_i/appUnit/das_rx_0/inst/bus0[56]} {top_block_i/appUnit/das_rx_0/inst/bus0[57]} {top_block_i/appUnit/das_rx_0/inst/bus0[58]} {top_block_i/appUnit/das_rx_0/inst/bus0[59]} {top_block_i/appUnit/das_rx_0/inst/bus0[60]} {top_block_i/appUnit/das_rx_0/inst/bus0[61]} {top_block_i/appUnit/das_rx_0/inst/bus0[62]} {top_block_i/appUnit/das_rx_0/inst/bus0[63]} {top_block_i/appUnit/das_rx_0/inst/bus0[64]} {top_block_i/appUnit/das_rx_0/inst/bus0[65]} {top_block_i/appUnit/das_rx_0/inst/bus0[66]} {top_block_i/appUnit/das_rx_0/inst/bus0[67]} {top_block_i/appUnit/das_rx_0/inst/bus0[68]} {top_block_i/appUnit/das_rx_0/inst/bus0[69]} {top_block_i/appUnit/das_rx_0/inst/bus0[70]} {top_block_i/appUnit/das_rx_0/inst/bus0[71]} {top_block_i/appUnit/das_rx_0/inst/bus0[72]} {top_block_i/appUnit/das_rx_0/inst/bus0[73]} {top_block_i/appUnit/das_rx_0/inst/bus0[74]} {top_block_i/appUnit/das_rx_0/inst/bus0[75]} {top_block_i/appUnit/das_rx_0/inst/bus0[76]} {top_block_i/appUnit/das_rx_0/inst/bus0[77]} {top_block_i/appUnit/das_rx_0/inst/bus0[78]} {top_block_i/appUnit/das_rx_0/inst/bus0[79]} {top_block_i/appUnit/das_rx_0/inst/bus0[80]} {top_block_i/appUnit/das_rx_0/inst/bus0[81]} {top_block_i/appUnit/das_rx_0/inst/bus0[82]} {top_block_i/appUnit/das_rx_0/inst/bus0[83]} {top_block_i/appUnit/das_rx_0/inst/bus0[84]} {top_block_i/appUnit/das_rx_0/inst/bus0[85]} {top_block_i/appUnit/das_rx_0/inst/bus0[86]} {top_block_i/appUnit/das_rx_0/inst/bus0[87]} {top_block_i/appUnit/das_rx_0/inst/bus0[88]} {top_block_i/appUnit/das_rx_0/inst/bus0[89]} {top_block_i/appUnit/das_rx_0/inst/bus0[90]} {top_block_i/appUnit/das_rx_0/inst/bus0[91]} {top_block_i/appUnit/das_rx_0/inst/bus0[92]} {top_block_i/appUnit/das_rx_0/inst/bus0[93]} {top_block_i/appUnit/das_rx_0/inst/bus0[94]} {top_block_i/appUnit/das_rx_0/inst/bus0[95]} {top_block_i/appUnit/das_rx_0/inst/bus0[96]} {top_block_i/appUnit/das_rx_0/inst/bus0[97]} {top_block_i/appUnit/das_rx_0/inst/bus0[98]} {top_block_i/appUnit/das_rx_0/inst/bus0[99]} {top_block_i/appUnit/das_rx_0/inst/bus0[100]} {top_block_i/appUnit/das_rx_0/inst/bus0[101]} {top_block_i/appUnit/das_rx_0/inst/bus0[102]} {top_block_i/appUnit/das_rx_0/inst/bus0[103]} {top_block_i/appUnit/das_rx_0/inst/bus0[104]} {top_block_i/appUnit/das_rx_0/inst/bus0[105]} {top_block_i/appUnit/das_rx_0/inst/bus0[106]} {top_block_i/appUnit/das_rx_0/inst/bus0[107]} {top_block_i/appUnit/das_rx_0/inst/bus0[108]} {top_block_i/appUnit/das_rx_0/inst/bus0[109]} {top_block_i/appUnit/das_rx_0/inst/bus0[110]} {top_block_i/appUnit/das_rx_0/inst/bus0[111]} {top_block_i/appUnit/das_rx_0/inst/bus0[112]} {top_block_i/appUnit/das_rx_0/inst/bus0[113]} {top_block_i/appUnit/das_rx_0/inst/bus0[114]} {top_block_i/appUnit/das_rx_0/inst/bus0[115]} {top_block_i/appUnit/das_rx_0/inst/bus0[116]} {top_block_i/appUnit/das_rx_0/inst/bus0[117]} {top_block_i/appUnit/das_rx_0/inst/bus0[118]} {top_block_i/appUnit/das_rx_0/inst/bus0[119]} {top_block_i/appUnit/das_rx_0/inst/bus0[120]} {top_block_i/appUnit/das_rx_0/inst/bus0[121]} {top_block_i/appUnit/das_rx_0/inst/bus0[122]} {top_block_i/appUnit/das_rx_0/inst/bus0[123]} {top_block_i/appUnit/das_rx_0/inst/bus0[124]} {top_block_i/appUnit/das_rx_0/inst/bus0[125]} {top_block_i/appUnit/das_rx_0/inst/bus0[126]} {top_block_i/appUnit/das_rx_0/inst/bus0[127]} {top_block_i/appUnit/das_rx_0/inst/bus0[128]} {top_block_i/appUnit/das_rx_0/inst/bus0[129]} {top_block_i/appUnit/das_rx_0/inst/bus0[130]} {top_block_i/appUnit/das_rx_0/inst/bus0[131]} {top_block_i/appUnit/das_rx_0/inst/bus0[132]} {top_block_i/appUnit/das_rx_0/inst/bus0[133]} {top_block_i/appUnit/das_rx_0/inst/bus0[134]} {top_block_i/appUnit/das_rx_0/inst/bus0[135]} {top_block_i/appUnit/das_rx_0/inst/bus0[136]} {top_block_i/appUnit/das_rx_0/inst/bus0[137]} {top_block_i/appUnit/das_rx_0/inst/bus0[138]} {top_block_i/appUnit/das_rx_0/inst/bus0[139]} {top_block_i/appUnit/das_rx_0/inst/bus0[140]} {top_block_i/appUnit/das_rx_0/inst/bus0[141]} {top_block_i/appUnit/das_rx_0/inst/bus0[142]} {top_block_i/appUnit/das_rx_0/inst/bus0[143]} {top_block_i/appUnit/das_rx_0/inst/bus0[144]} {top_block_i/appUnit/das_rx_0/inst/bus0[145]} {top_block_i/appUnit/das_rx_0/inst/bus0[146]} {top_block_i/appUnit/das_rx_0/inst/bus0[147]} {top_block_i/appUnit/das_rx_0/inst/bus0[148]} {top_block_i/appUnit/das_rx_0/inst/bus0[149]} {top_block_i/appUnit/das_rx_0/inst/bus0[150]} {top_block_i/appUnit/das_rx_0/inst/bus0[151]} {top_block_i/appUnit/das_rx_0/inst/bus0[152]} {top_block_i/appUnit/das_rx_0/inst/bus0[153]} {top_block_i/appUnit/das_rx_0/inst/bus0[154]} {top_block_i/appUnit/das_rx_0/inst/bus0[155]} {top_block_i/appUnit/das_rx_0/inst/bus0[156]} {top_block_i/appUnit/das_rx_0/inst/bus0[157]} {top_block_i/appUnit/das_rx_0/inst/bus0[158]} {top_block_i/appUnit/das_rx_0/inst/bus0[159]} {top_block_i/appUnit/das_rx_0/inst/bus0[160]} {top_block_i/appUnit/das_rx_0/inst/bus0[161]} {top_block_i/appUnit/das_rx_0/inst/bus0[162]} {top_block_i/appUnit/das_rx_0/inst/bus0[163]} {top_block_i/appUnit/das_rx_0/inst/bus0[164]} {top_block_i/appUnit/das_rx_0/inst/bus0[165]} {top_block_i/appUnit/das_rx_0/inst/bus0[166]} {top_block_i/appUnit/das_rx_0/inst/bus0[167]} {top_block_i/appUnit/das_rx_0/inst/bus0[168]} {top_block_i/appUnit/das_rx_0/inst/bus0[169]} {top_block_i/appUnit/das_rx_0/inst/bus0[170]} {top_block_i/appUnit/das_rx_0/inst/bus0[171]} {top_block_i/appUnit/das_rx_0/inst/bus0[172]} {top_block_i/appUnit/das_rx_0/inst/bus0[173]} {top_block_i/appUnit/das_rx_0/inst/bus0[174]} {top_block_i/appUnit/das_rx_0/inst/bus0[175]} {top_block_i/appUnit/das_rx_0/inst/bus0[176]} {top_block_i/appUnit/das_rx_0/inst/bus0[177]} {top_block_i/appUnit/das_rx_0/inst/bus0[178]} {top_block_i/appUnit/das_rx_0/inst/bus0[179]} {top_block_i/appUnit/das_rx_0/inst/bus0[180]} {top_block_i/appUnit/das_rx_0/inst/bus0[181]} {top_block_i/appUnit/das_rx_0/inst/bus0[182]} {top_block_i/appUnit/das_rx_0/inst/bus0[183]} {top_block_i/appUnit/das_rx_0/inst/bus0[184]} {top_block_i/appUnit/das_rx_0/inst/bus0[185]} {top_block_i/appUnit/das_rx_0/inst/bus0[186]} {top_block_i/appUnit/das_rx_0/inst/bus0[187]} {top_block_i/appUnit/das_rx_0/inst/bus0[188]} {top_block_i/appUnit/das_rx_0/inst/bus0[189]} {top_block_i/appUnit/das_rx_0/inst/bus0[190]} {top_block_i/appUnit/das_rx_0/inst/bus0[191]} {top_block_i/appUnit/das_rx_0/inst/bus0[192]} {top_block_i/appUnit/das_rx_0/inst/bus0[193]} {top_block_i/appUnit/das_rx_0/inst/bus0[194]} {top_block_i/appUnit/das_rx_0/inst/bus0[195]} {top_block_i/appUnit/das_rx_0/inst/bus0[196]} {top_block_i/appUnit/das_rx_0/inst/bus0[197]} {top_block_i/appUnit/das_rx_0/inst/bus0[198]} {top_block_i/appUnit/das_rx_0/inst/bus0[199]} {top_block_i/appUnit/das_rx_0/inst/bus0[200]} {top_block_i/appUnit/das_rx_0/inst/bus0[201]} {top_block_i/appUnit/das_rx_0/inst/bus0[202]} {top_block_i/appUnit/das_rx_0/inst/bus0[203]} {top_block_i/appUnit/das_rx_0/inst/bus0[204]} {top_block_i/appUnit/das_rx_0/inst/bus0[205]} {top_block_i/appUnit/das_rx_0/inst/bus0[206]} {top_block_i/appUnit/das_rx_0/inst/bus0[207]} {top_block_i/appUnit/das_rx_0/inst/bus0[208]} {top_block_i/appUnit/das_rx_0/inst/bus0[209]} {top_block_i/appUnit/das_rx_0/inst/bus0[210]} {top_block_i/appUnit/das_rx_0/inst/bus0[211]} {top_block_i/appUnit/das_rx_0/inst/bus0[212]} {top_block_i/appUnit/das_rx_0/inst/bus0[213]} {top_block_i/appUnit/das_rx_0/inst/bus0[214]} {top_block_i/appUnit/das_rx_0/inst/bus0[215]} {top_block_i/appUnit/das_rx_0/inst/bus0[216]} {top_block_i/appUnit/das_rx_0/inst/bus0[217]} {top_block_i/appUnit/das_rx_0/inst/bus0[218]} {top_block_i/appUnit/das_rx_0/inst/bus0[219]} {top_block_i/appUnit/das_rx_0/inst/bus0[220]} {top_block_i/appUnit/das_rx_0/inst/bus0[221]} {top_block_i/appUnit/das_rx_0/inst/bus0[222]} {top_block_i/appUnit/das_rx_0/inst/bus0[223]} {top_block_i/appUnit/das_rx_0/inst/bus0[224]} {top_block_i/appUnit/das_rx_0/inst/bus0[225]} {top_block_i/appUnit/das_rx_0/inst/bus0[226]} {top_block_i/appUnit/das_rx_0/inst/bus0[227]} {top_block_i/appUnit/das_rx_0/inst/bus0[228]} {top_block_i/appUnit/das_rx_0/inst/bus0[229]} {top_block_i/appUnit/das_rx_0/inst/bus0[230]} {top_block_i/appUnit/das_rx_0/inst/bus0[231]} {top_block_i/appUnit/das_rx_0/inst/bus0[232]} {top_block_i/appUnit/das_rx_0/inst/bus0[233]} {top_block_i/appUnit/das_rx_0/inst/bus0[234]} {top_block_i/appUnit/das_rx_0/inst/bus0[235]} {top_block_i/appUnit/das_rx_0/inst/bus0[236]} {top_block_i/appUnit/das_rx_0/inst/bus0[237]} {top_block_i/appUnit/das_rx_0/inst/bus0[238]} {top_block_i/appUnit/das_rx_0/inst/bus0[239]} {top_block_i/appUnit/das_rx_0/inst/bus0[240]} {top_block_i/appUnit/das_rx_0/inst/bus0[241]} {top_block_i/appUnit/das_rx_0/inst/bus0[242]} {top_block_i/appUnit/das_rx_0/inst/bus0[243]} {top_block_i/appUnit/das_rx_0/inst/bus0[244]} {top_block_i/appUnit/das_rx_0/inst/bus0[245]} {top_block_i/appUnit/das_rx_0/inst/bus0[246]} {top_block_i/appUnit/das_rx_0/inst/bus0[247]} {top_block_i/appUnit/das_rx_0/inst/bus0[248]} {top_block_i/appUnit/das_rx_0/inst/bus0[249]} {top_block_i/appUnit/das_rx_0/inst/bus0[250]} {top_block_i/appUnit/das_rx_0/inst/bus0[251]} {top_block_i/appUnit/das_rx_0/inst/bus0[252]} {top_block_i/appUnit/das_rx_0/inst/bus0[253]} {top_block_i/appUnit/das_rx_0/inst/bus0[254]} {top_block_i/appUnit/das_rx_0/inst/bus0[255]} {top_block_i/appUnit/das_rx_0/inst/bus0[256]} {top_block_i/appUnit/das_rx_0/inst/bus0[257]} {top_block_i/appUnit/das_rx_0/inst/bus0[258]} {top_block_i/appUnit/das_rx_0/inst/bus0[259]} {top_block_i/appUnit/das_rx_0/inst/bus0[260]} {top_block_i/appUnit/das_rx_0/inst/bus0[261]} {top_block_i/appUnit/das_rx_0/inst/bus0[262]} {top_block_i/appUnit/das_rx_0/inst/bus0[263]} {top_block_i/appUnit/das_rx_0/inst/bus0[264]} {top_block_i/appUnit/das_rx_0/inst/bus0[265]} {top_block_i/appUnit/das_rx_0/inst/bus0[266]} {top_block_i/appUnit/das_rx_0/inst/bus0[267]} {top_block_i/appUnit/das_rx_0/inst/bus0[268]} {top_block_i/appUnit/das_rx_0/inst/bus0[269]} {top_block_i/appUnit/das_rx_0/inst/bus0[270]} {top_block_i/appUnit/das_rx_0/inst/bus0[271]} {top_block_i/appUnit/das_rx_0/inst/bus0[272]} {top_block_i/appUnit/das_rx_0/inst/bus0[273]} {top_block_i/appUnit/das_rx_0/inst/bus0[274]} {top_block_i/appUnit/das_rx_0/inst/bus0[275]} {top_block_i/appUnit/das_rx_0/inst/bus0[276]} {top_block_i/appUnit/das_rx_0/inst/bus0[277]} {top_block_i/appUnit/das_rx_0/inst/bus0[278]} {top_block_i/appUnit/das_rx_0/inst/bus0[279]} {top_block_i/appUnit/das_rx_0/inst/bus0[280]} {top_block_i/appUnit/das_rx_0/inst/bus0[281]} {top_block_i/appUnit/das_rx_0/inst/bus0[282]} {top_block_i/appUnit/das_rx_0/inst/bus0[283]} {top_block_i/appUnit/das_rx_0/inst/bus0[284]} {top_block_i/appUnit/das_rx_0/inst/bus0[285]} {top_block_i/appUnit/das_rx_0/inst/bus0[286]} {top_block_i/appUnit/das_rx_0/inst/bus0[287]} {top_block_i/appUnit/das_rx_0/inst/bus0[288]} {top_block_i/appUnit/das_rx_0/inst/bus0[289]} {top_block_i/appUnit/das_rx_0/inst/bus0[290]} {top_block_i/appUnit/das_rx_0/inst/bus0[291]} {top_block_i/appUnit/das_rx_0/inst/bus0[292]} {top_block_i/appUnit/das_rx_0/inst/bus0[293]} {top_block_i/appUnit/das_rx_0/inst/bus0[294]} {top_block_i/appUnit/das_rx_0/inst/bus0[295]} {top_block_i/appUnit/das_rx_0/inst/bus0[296]} {top_block_i/appUnit/das_rx_0/inst/bus0[297]} {top_block_i/appUnit/das_rx_0/inst/bus0[298]} {top_block_i/appUnit/das_rx_0/inst/bus0[299]} {top_block_i/appUnit/das_rx_0/inst/bus0[300]} {top_block_i/appUnit/das_rx_0/inst/bus0[301]} {top_block_i/appUnit/das_rx_0/inst/bus0[302]} {top_block_i/appUnit/das_rx_0/inst/bus0[303]} {top_block_i/appUnit/das_rx_0/inst/bus0[304]} {top_block_i/appUnit/das_rx_0/inst/bus0[305]} {top_block_i/appUnit/das_rx_0/inst/bus0[306]} {top_block_i/appUnit/das_rx_0/inst/bus0[307]} {top_block_i/appUnit/das_rx_0/inst/bus0[308]} {top_block_i/appUnit/das_rx_0/inst/bus0[309]} {top_block_i/appUnit/das_rx_0/inst/bus0[310]} {top_block_i/appUnit/das_rx_0/inst/bus0[311]} {top_block_i/appUnit/das_rx_0/inst/bus0[312]} {top_block_i/appUnit/das_rx_0/inst/bus0[313]} {top_block_i/appUnit/das_rx_0/inst/bus0[314]} {top_block_i/appUnit/das_rx_0/inst/bus0[315]} {top_block_i/appUnit/das_rx_0/inst/bus0[316]} {top_block_i/appUnit/das_rx_0/inst/bus0[317]} {top_block_i/appUnit/das_rx_0/inst/bus0[318]} {top_block_i/appUnit/das_rx_0/inst/bus0[319]} ]]
create_debug_port u_ila_0 probe
set_property port_width 2 [get_debug_ports u_ila_0/probe1]
set_property PROBE_TYPE DATA_AND_TRIGGER [get_debug_ports u_ila_0/probe1]
connect_debug_port u_ila_0/probe1 [get_nets [list {top_block_i/appUnit/das_rx_0/inst/clk_cnt[0]} {top_block_i/appUnit/das_rx_0/inst/clk_cnt[1]} ]]
create_debug_port u_ila_0 probe
set_property port_width 320 [get_debug_ports u_ila_0/probe2]
set_property PROBE_TYPE DATA_AND_TRIGGER [get_debug_ports u_ila_0/probe2]
connect_debug_port u_ila_0/probe2 [get_nets [list {top_block_i/appUnit/das_rx_0/inst/bus2[0]} {top_block_i/appUnit/das_rx_0/inst/bus2[1]} {top_block_i/appUnit/das_rx_0/inst/bus2[2]} {top_block_i/appUnit/das_rx_0/inst/bus2[3]} {top_block_i/appUnit/das_rx_0/inst/bus2[4]} {top_block_i/appUnit/das_rx_0/inst/bus2[5]} {top_block_i/appUnit/das_rx_0/inst/bus2[6]} {top_block_i/appUnit/das_rx_0/inst/bus2[7]} {top_block_i/appUnit/das_rx_0/inst/bus2[8]} {top_block_i/appUnit/das_rx_0/inst/bus2[9]} {top_block_i/appUnit/das_rx_0/inst/bus2[10]} {top_block_i/appUnit/das_rx_0/inst/bus2[11]} {top_block_i/appUnit/das_rx_0/inst/bus2[12]} {top_block_i/appUnit/das_rx_0/inst/bus2[13]} {top_block_i/appUnit/das_rx_0/inst/bus2[14]} {top_block_i/appUnit/das_rx_0/inst/bus2[15]} {top_block_i/appUnit/das_rx_0/inst/bus2[16]} {top_block_i/appUnit/das_rx_0/inst/bus2[17]} {top_block_i/appUnit/das_rx_0/inst/bus2[18]} {top_block_i/appUnit/das_rx_0/inst/bus2[19]} {top_block_i/appUnit/das_rx_0/inst/bus2[20]} {top_block_i/appUnit/das_rx_0/inst/bus2[21]} {top_block_i/appUnit/das_rx_0/inst/bus2[22]} {top_block_i/appUnit/das_rx_0/inst/bus2[23]} {top_block_i/appUnit/das_rx_0/inst/bus2[24]} {top_block_i/appUnit/das_rx_0/inst/bus2[25]} {top_block_i/appUnit/das_rx_0/inst/bus2[26]} {top_block_i/appUnit/das_rx_0/inst/bus2[27]} {top_block_i/appUnit/das_rx_0/inst/bus2[28]} {top_block_i/appUnit/das_rx_0/inst/bus2[29]} {top_block_i/appUnit/das_rx_0/inst/bus2[30]} {top_block_i/appUnit/das_rx_0/inst/bus2[31]} {top_block_i/appUnit/das_rx_0/inst/bus2[32]} {top_block_i/appUnit/das_rx_0/inst/bus2[33]} {top_block_i/appUnit/das_rx_0/inst/bus2[34]} {top_block_i/appUnit/das_rx_0/inst/bus2[35]} {top_block_i/appUnit/das_rx_0/inst/bus2[36]} {top_block_i/appUnit/das_rx_0/inst/bus2[37]} {top_block_i/appUnit/das_rx_0/inst/bus2[38]} {top_block_i/appUnit/das_rx_0/inst/bus2[39]} {top_block_i/appUnit/das_rx_0/inst/bus2[40]} {top_block_i/appUnit/das_rx_0/inst/bus2[41]} {top_block_i/appUnit/das_rx_0/inst/bus2[42]} {top_block_i/appUnit/das_rx_0/inst/bus2[43]} {top_block_i/appUnit/das_rx_0/inst/bus2[44]} {top_block_i/appUnit/das_rx_0/inst/bus2[45]} {top_block_i/appUnit/das_rx_0/inst/bus2[46]} {top_block_i/appUnit/das_rx_0/inst/bus2[47]} {top_block_i/appUnit/das_rx_0/inst/bus2[48]} {top_block_i/appUnit/das_rx_0/inst/bus2[49]} {top_block_i/appUnit/das_rx_0/inst/bus2[50]} {top_block_i/appUnit/das_rx_0/inst/bus2[51]} {top_block_i/appUnit/das_rx_0/inst/bus2[52]} {top_block_i/appUnit/das_rx_0/inst/bus2[53]} {top_block_i/appUnit/das_rx_0/inst/bus2[54]} {top_block_i/appUnit/das_rx_0/inst/bus2[55]} {top_block_i/appUnit/das_rx_0/inst/bus2[56]} {top_block_i/appUnit/das_rx_0/inst/bus2[57]} {top_block_i/appUnit/das_rx_0/inst/bus2[58]} {top_block_i/appUnit/das_rx_0/inst/bus2[59]} {top_block_i/appUnit/das_rx_0/inst/bus2[60]} {top_block_i/appUnit/das_rx_0/inst/bus2[61]} {top_block_i/appUnit/das_rx_0/inst/bus2[62]} {top_block_i/appUnit/das_rx_0/inst/bus2[63]} {top_block_i/appUnit/das_rx_0/inst/bus2[64]} {top_block_i/appUnit/das_rx_0/inst/bus2[65]} {top_block_i/appUnit/das_rx_0/inst/bus2[66]} {top_block_i/appUnit/das_rx_0/inst/bus2[67]} {top_block_i/appUnit/das_rx_0/inst/bus2[68]} {top_block_i/appUnit/das_rx_0/inst/bus2[69]} {top_block_i/appUnit/das_rx_0/inst/bus2[70]} {top_block_i/appUnit/das_rx_0/inst/bus2[71]} {top_block_i/appUnit/das_rx_0/inst/bus2[72]} {top_block_i/appUnit/das_rx_0/inst/bus2[73]} {top_block_i/appUnit/das_rx_0/inst/bus2[74]} {top_block_i/appUnit/das_rx_0/inst/bus2[75]} {top_block_i/appUnit/das_rx_0/inst/bus2[76]} {top_block_i/appUnit/das_rx_0/inst/bus2[77]} {top_block_i/appUnit/das_rx_0/inst/bus2[78]} {top_block_i/appUnit/das_rx_0/inst/bus2[79]} {top_block_i/appUnit/das_rx_0/inst/bus2[80]} {top_block_i/appUnit/das_rx_0/inst/bus2[81]} {top_block_i/appUnit/das_rx_0/inst/bus2[82]} {top_block_i/appUnit/das_rx_0/inst/bus2[83]} {top_block_i/appUnit/das_rx_0/inst/bus2[84]} {top_block_i/appUnit/das_rx_0/inst/bus2[85]} {top_block_i/appUnit/das_rx_0/inst/bus2[86]} {top_block_i/appUnit/das_rx_0/inst/bus2[87]} {top_block_i/appUnit/das_rx_0/inst/bus2[88]} {top_block_i/appUnit/das_rx_0/inst/bus2[89]} {top_block_i/appUnit/das_rx_0/inst/bus2[90]} {top_block_i/appUnit/das_rx_0/inst/bus2[91]} {top_block_i/appUnit/das_rx_0/inst/bus2[92]} {top_block_i/appUnit/das_rx_0/inst/bus2[93]} {top_block_i/appUnit/das_rx_0/inst/bus2[94]} {top_block_i/appUnit/das_rx_0/inst/bus2[95]} {top_block_i/appUnit/das_rx_0/inst/bus2[96]} {top_block_i/appUnit/das_rx_0/inst/bus2[97]} {top_block_i/appUnit/das_rx_0/inst/bus2[98]} {top_block_i/appUnit/das_rx_0/inst/bus2[99]} {top_block_i/appUnit/das_rx_0/inst/bus2[100]} {top_block_i/appUnit/das_rx_0/inst/bus2[101]} {top_block_i/appUnit/das_rx_0/inst/bus2[102]} {top_block_i/appUnit/das_rx_0/inst/bus2[103]} {top_block_i/appUnit/das_rx_0/inst/bus2[104]} {top_block_i/appUnit/das_rx_0/inst/bus2[105]} {top_block_i/appUnit/das_rx_0/inst/bus2[106]} {top_block_i/appUnit/das_rx_0/inst/bus2[107]} {top_block_i/appUnit/das_rx_0/inst/bus2[108]} {top_block_i/appUnit/das_rx_0/inst/bus2[109]} {top_block_i/appUnit/das_rx_0/inst/bus2[110]} {top_block_i/appUnit/das_rx_0/inst/bus2[111]} {top_block_i/appUnit/das_rx_0/inst/bus2[112]} {top_block_i/appUnit/das_rx_0/inst/bus2[113]} {top_block_i/appUnit/das_rx_0/inst/bus2[114]} {top_block_i/appUnit/das_rx_0/inst/bus2[115]} {top_block_i/appUnit/das_rx_0/inst/bus2[116]} {top_block_i/appUnit/das_rx_0/inst/bus2[117]} {top_block_i/appUnit/das_rx_0/inst/bus2[118]} {top_block_i/appUnit/das_rx_0/inst/bus2[119]} {top_block_i/appUnit/das_rx_0/inst/bus2[120]} {top_block_i/appUnit/das_rx_0/inst/bus2[121]} {top_block_i/appUnit/das_rx_0/inst/bus2[122]} {top_block_i/appUnit/das_rx_0/inst/bus2[123]} {top_block_i/appUnit/das_rx_0/inst/bus2[124]} {top_block_i/appUnit/das_rx_0/inst/bus2[125]} {top_block_i/appUnit/das_rx_0/inst/bus2[126]} {top_block_i/appUnit/das_rx_0/inst/bus2[127]} {top_block_i/appUnit/das_rx_0/inst/bus2[128]} {top_block_i/appUnit/das_rx_0/inst/bus2[129]} {top_block_i/appUnit/das_rx_0/inst/bus2[130]} {top_block_i/appUnit/das_rx_0/inst/bus2[131]} {top_block_i/appUnit/das_rx_0/inst/bus2[132]} {top_block_i/appUnit/das_rx_0/inst/bus2[133]} {top_block_i/appUnit/das_rx_0/inst/bus2[134]} {top_block_i/appUnit/das_rx_0/inst/bus2[135]} {top_block_i/appUnit/das_rx_0/inst/bus2[136]} {top_block_i/appUnit/das_rx_0/inst/bus2[137]} {top_block_i/appUnit/das_rx_0/inst/bus2[138]} {top_block_i/appUnit/das_rx_0/inst/bus2[139]} {top_block_i/appUnit/das_rx_0/inst/bus2[140]} {top_block_i/appUnit/das_rx_0/inst/bus2[141]} {top_block_i/appUnit/das_rx_0/inst/bus2[142]} {top_block_i/appUnit/das_rx_0/inst/bus2[143]} {top_block_i/appUnit/das_rx_0/inst/bus2[144]} {top_block_i/appUnit/das_rx_0/inst/bus2[145]} {top_block_i/appUnit/das_rx_0/inst/bus2[146]} {top_block_i/appUnit/das_rx_0/inst/bus2[147]} {top_block_i/appUnit/das_rx_0/inst/bus2[148]} {top_block_i/appUnit/das_rx_0/inst/bus2[149]} {top_block_i/appUnit/das_rx_0/inst/bus2[150]} {top_block_i/appUnit/das_rx_0/inst/bus2[151]} {top_block_i/appUnit/das_rx_0/inst/bus2[152]} {top_block_i/appUnit/das_rx_0/inst/bus2[153]} {top_block_i/appUnit/das_rx_0/inst/bus2[154]} {top_block_i/appUnit/das_rx_0/inst/bus2[155]} {top_block_i/appUnit/das_rx_0/inst/bus2[156]} {top_block_i/appUnit/das_rx_0/inst/bus2[157]} {top_block_i/appUnit/das_rx_0/inst/bus2[158]} {top_block_i/appUnit/das_rx_0/inst/bus2[159]} {top_block_i/appUnit/das_rx_0/inst/bus2[160]} {top_block_i/appUnit/das_rx_0/inst/bus2[161]} {top_block_i/appUnit/das_rx_0/inst/bus2[162]} {top_block_i/appUnit/das_rx_0/inst/bus2[163]} {top_block_i/appUnit/das_rx_0/inst/bus2[164]} {top_block_i/appUnit/das_rx_0/inst/bus2[165]} {top_block_i/appUnit/das_rx_0/inst/bus2[166]} {top_block_i/appUnit/das_rx_0/inst/bus2[167]} {top_block_i/appUnit/das_rx_0/inst/bus2[168]} {top_block_i/appUnit/das_rx_0/inst/bus2[169]} {top_block_i/appUnit/das_rx_0/inst/bus2[170]} {top_block_i/appUnit/das_rx_0/inst/bus2[171]} {top_block_i/appUnit/das_rx_0/inst/bus2[172]} {top_block_i/appUnit/das_rx_0/inst/bus2[173]} {top_block_i/appUnit/das_rx_0/inst/bus2[174]} {top_block_i/appUnit/das_rx_0/inst/bus2[175]} {top_block_i/appUnit/das_rx_0/inst/bus2[176]} {top_block_i/appUnit/das_rx_0/inst/bus2[177]} {top_block_i/appUnit/das_rx_0/inst/bus2[178]} {top_block_i/appUnit/das_rx_0/inst/bus2[179]} {top_block_i/appUnit/das_rx_0/inst/bus2[180]} {top_block_i/appUnit/das_rx_0/inst/bus2[181]} {top_block_i/appUnit/das_rx_0/inst/bus2[182]} {top_block_i/appUnit/das_rx_0/inst/bus2[183]} {top_block_i/appUnit/das_rx_0/inst/bus2[184]} {top_block_i/appUnit/das_rx_0/inst/bus2[185]} {top_block_i/appUnit/das_rx_0/inst/bus2[186]} {top_block_i/appUnit/das_rx_0/inst/bus2[187]} {top_block_i/appUnit/das_rx_0/inst/bus2[188]} {top_block_i/appUnit/das_rx_0/inst/bus2[189]} {top_block_i/appUnit/das_rx_0/inst/bus2[190]} {top_block_i/appUnit/das_rx_0/inst/bus2[191]} {top_block_i/appUnit/das_rx_0/inst/bus2[192]} {top_block_i/appUnit/das_rx_0/inst/bus2[193]} {top_block_i/appUnit/das_rx_0/inst/bus2[194]} {top_block_i/appUnit/das_rx_0/inst/bus2[195]} {top_block_i/appUnit/das_rx_0/inst/bus2[196]} {top_block_i/appUnit/das_rx_0/inst/bus2[197]} {top_block_i/appUnit/das_rx_0/inst/bus2[198]} {top_block_i/appUnit/das_rx_0/inst/bus2[199]} {top_block_i/appUnit/das_rx_0/inst/bus2[200]} {top_block_i/appUnit/das_rx_0/inst/bus2[201]} {top_block_i/appUnit/das_rx_0/inst/bus2[202]} {top_block_i/appUnit/das_rx_0/inst/bus2[203]} {top_block_i/appUnit/das_rx_0/inst/bus2[204]} {top_block_i/appUnit/das_rx_0/inst/bus2[205]} {top_block_i/appUnit/das_rx_0/inst/bus2[206]} {top_block_i/appUnit/das_rx_0/inst/bus2[207]} {top_block_i/appUnit/das_rx_0/inst/bus2[208]} {top_block_i/appUnit/das_rx_0/inst/bus2[209]} {top_block_i/appUnit/das_rx_0/inst/bus2[210]} {top_block_i/appUnit/das_rx_0/inst/bus2[211]} {top_block_i/appUnit/das_rx_0/inst/bus2[212]} {top_block_i/appUnit/das_rx_0/inst/bus2[213]} {top_block_i/appUnit/das_rx_0/inst/bus2[214]} {top_block_i/appUnit/das_rx_0/inst/bus2[215]} {top_block_i/appUnit/das_rx_0/inst/bus2[216]} {top_block_i/appUnit/das_rx_0/inst/bus2[217]} {top_block_i/appUnit/das_rx_0/inst/bus2[218]} {top_block_i/appUnit/das_rx_0/inst/bus2[219]} {top_block_i/appUnit/das_rx_0/inst/bus2[220]} {top_block_i/appUnit/das_rx_0/inst/bus2[221]} {top_block_i/appUnit/das_rx_0/inst/bus2[222]} {top_block_i/appUnit/das_rx_0/inst/bus2[223]} {top_block_i/appUnit/das_rx_0/inst/bus2[224]} {top_block_i/appUnit/das_rx_0/inst/bus2[225]} {top_block_i/appUnit/das_rx_0/inst/bus2[226]} {top_block_i/appUnit/das_rx_0/inst/bus2[227]} {top_block_i/appUnit/das_rx_0/inst/bus2[228]} {top_block_i/appUnit/das_rx_0/inst/bus2[229]} {top_block_i/appUnit/das_rx_0/inst/bus2[230]} {top_block_i/appUnit/das_rx_0/inst/bus2[231]} {top_block_i/appUnit/das_rx_0/inst/bus2[232]} {top_block_i/appUnit/das_rx_0/inst/bus2[233]} {top_block_i/appUnit/das_rx_0/inst/bus2[234]} {top_block_i/appUnit/das_rx_0/inst/bus2[235]} {top_block_i/appUnit/das_rx_0/inst/bus2[236]} {top_block_i/appUnit/das_rx_0/inst/bus2[237]} {top_block_i/appUnit/das_rx_0/inst/bus2[238]} {top_block_i/appUnit/das_rx_0/inst/bus2[239]} {top_block_i/appUnit/das_rx_0/inst/bus2[240]} {top_block_i/appUnit/das_rx_0/inst/bus2[241]} {top_block_i/appUnit/das_rx_0/inst/bus2[242]} {top_block_i/appUnit/das_rx_0/inst/bus2[243]} {top_block_i/appUnit/das_rx_0/inst/bus2[244]} {top_block_i/appUnit/das_rx_0/inst/bus2[245]} {top_block_i/appUnit/das_rx_0/inst/bus2[246]} {top_block_i/appUnit/das_rx_0/inst/bus2[247]} {top_block_i/appUnit/das_rx_0/inst/bus2[248]} {top_block_i/appUnit/das_rx_0/inst/bus2[249]} {top_block_i/appUnit/das_rx_0/inst/bus2[250]} {top_block_i/appUnit/das_rx_0/inst/bus2[251]} {top_block_i/appUnit/das_rx_0/inst/bus2[252]} {top_block_i/appUnit/das_rx_0/inst/bus2[253]} {top_block_i/appUnit/das_rx_0/inst/bus2[254]} {top_block_i/appUnit/das_rx_0/inst/bus2[255]} {top_block_i/appUnit/das_rx_0/inst/bus2[256]} {top_block_i/appUnit/das_rx_0/inst/bus2[257]} {top_block_i/appUnit/das_rx_0/inst/bus2[258]} {top_block_i/appUnit/das_rx_0/inst/bus2[259]} {top_block_i/appUnit/das_rx_0/inst/bus2[260]} {top_block_i/appUnit/das_rx_0/inst/bus2[261]} {top_block_i/appUnit/das_rx_0/inst/bus2[262]} {top_block_i/appUnit/das_rx_0/inst/bus2[263]} {top_block_i/appUnit/das_rx_0/inst/bus2[264]} {top_block_i/appUnit/das_rx_0/inst/bus2[265]} {top_block_i/appUnit/das_rx_0/inst/bus2[266]} {top_block_i/appUnit/das_rx_0/inst/bus2[267]} {top_block_i/appUnit/das_rx_0/inst/bus2[268]} {top_block_i/appUnit/das_rx_0/inst/bus2[269]} {top_block_i/appUnit/das_rx_0/inst/bus2[270]} {top_block_i/appUnit/das_rx_0/inst/bus2[271]} {top_block_i/appUnit/das_rx_0/inst/bus2[272]} {top_block_i/appUnit/das_rx_0/inst/bus2[273]} {top_block_i/appUnit/das_rx_0/inst/bus2[274]} {top_block_i/appUnit/das_rx_0/inst/bus2[275]} {top_block_i/appUnit/das_rx_0/inst/bus2[276]} {top_block_i/appUnit/das_rx_0/inst/bus2[277]} {top_block_i/appUnit/das_rx_0/inst/bus2[278]} {top_block_i/appUnit/das_rx_0/inst/bus2[279]} {top_block_i/appUnit/das_rx_0/inst/bus2[280]} {top_block_i/appUnit/das_rx_0/inst/bus2[281]} {top_block_i/appUnit/das_rx_0/inst/bus2[282]} {top_block_i/appUnit/das_rx_0/inst/bus2[283]} {top_block_i/appUnit/das_rx_0/inst/bus2[284]} {top_block_i/appUnit/das_rx_0/inst/bus2[285]} {top_block_i/appUnit/das_rx_0/inst/bus2[286]} {top_block_i/appUnit/das_rx_0/inst/bus2[287]} {top_block_i/appUnit/das_rx_0/inst/bus2[288]} {top_block_i/appUnit/das_rx_0/inst/bus2[289]} {top_block_i/appUnit/das_rx_0/inst/bus2[290]} {top_block_i/appUnit/das_rx_0/inst/bus2[291]} {top_block_i/appUnit/das_rx_0/inst/bus2[292]} {top_block_i/appUnit/das_rx_0/inst/bus2[293]} {top_block_i/appUnit/das_rx_0/inst/bus2[294]} {top_block_i/appUnit/das_rx_0/inst/bus2[295]} {top_block_i/appUnit/das_rx_0/inst/bus2[296]} {top_block_i/appUnit/das_rx_0/inst/bus2[297]} {top_block_i/appUnit/das_rx_0/inst/bus2[298]} {top_block_i/appUnit/das_rx_0/inst/bus2[299]} {top_block_i/appUnit/das_rx_0/inst/bus2[300]} {top_block_i/appUnit/das_rx_0/inst/bus2[301]} {top_block_i/appUnit/das_rx_0/inst/bus2[302]} {top_block_i/appUnit/das_rx_0/inst/bus2[303]} {top_block_i/appUnit/das_rx_0/inst/bus2[304]} {top_block_i/appUnit/das_rx_0/inst/bus2[305]} {top_block_i/appUnit/das_rx_0/inst/bus2[306]} {top_block_i/appUnit/das_rx_0/inst/bus2[307]} {top_block_i/appUnit/das_rx_0/inst/bus2[308]} {top_block_i/appUnit/das_rx_0/inst/bus2[309]} {top_block_i/appUnit/das_rx_0/inst/bus2[310]} {top_block_i/appUnit/das_rx_0/inst/bus2[311]} {top_block_i/appUnit/das_rx_0/inst/bus2[312]} {top_block_i/appUnit/das_rx_0/inst/bus2[313]} {top_block_i/appUnit/das_rx_0/inst/bus2[314]} {top_block_i/appUnit/das_rx_0/inst/bus2[315]} {top_block_i/appUnit/das_rx_0/inst/bus2[316]} {top_block_i/appUnit/das_rx_0/inst/bus2[317]} {top_block_i/appUnit/das_rx_0/inst/bus2[318]} {top_block_i/appUnit/das_rx_0/inst/bus2[319]} ]]
create_debug_port u_ila_0 probe
set_property port_width 320 [get_debug_ports u_ila_0/probe3]
set_property PROBE_TYPE DATA_AND_TRIGGER [get_debug_ports u_ila_0/probe3]
connect_debug_port u_ila_0/probe3 [get_nets [list {top_block_i/appUnit/das_rx_0/inst/bus1[0]} {top_block_i/appUnit/das_rx_0/inst/bus1[1]} {top_block_i/appUnit/das_rx_0/inst/bus1[2]} {top_block_i/appUnit/das_rx_0/inst/bus1[3]} {top_block_i/appUnit/das_rx_0/inst/bus1[4]} {top_block_i/appUnit/das_rx_0/inst/bus1[5]} {top_block_i/appUnit/das_rx_0/inst/bus1[6]} {top_block_i/appUnit/das_rx_0/inst/bus1[7]} {top_block_i/appUnit/das_rx_0/inst/bus1[8]} {top_block_i/appUnit/das_rx_0/inst/bus1[9]} {top_block_i/appUnit/das_rx_0/inst/bus1[10]} {top_block_i/appUnit/das_rx_0/inst/bus1[11]} {top_block_i/appUnit/das_rx_0/inst/bus1[12]} {top_block_i/appUnit/das_rx_0/inst/bus1[13]} {top_block_i/appUnit/das_rx_0/inst/bus1[14]} {top_block_i/appUnit/das_rx_0/inst/bus1[15]} {top_block_i/appUnit/das_rx_0/inst/bus1[16]} {top_block_i/appUnit/das_rx_0/inst/bus1[17]} {top_block_i/appUnit/das_rx_0/inst/bus1[18]} {top_block_i/appUnit/das_rx_0/inst/bus1[19]} {top_block_i/appUnit/das_rx_0/inst/bus1[20]} {top_block_i/appUnit/das_rx_0/inst/bus1[21]} {top_block_i/appUnit/das_rx_0/inst/bus1[22]} {top_block_i/appUnit/das_rx_0/inst/bus1[23]} {top_block_i/appUnit/das_rx_0/inst/bus1[24]} {top_block_i/appUnit/das_rx_0/inst/bus1[25]} {top_block_i/appUnit/das_rx_0/inst/bus1[26]} {top_block_i/appUnit/das_rx_0/inst/bus1[27]} {top_block_i/appUnit/das_rx_0/inst/bus1[28]} {top_block_i/appUnit/das_rx_0/inst/bus1[29]} {top_block_i/appUnit/das_rx_0/inst/bus1[30]} {top_block_i/appUnit/das_rx_0/inst/bus1[31]} {top_block_i/appUnit/das_rx_0/inst/bus1[32]} {top_block_i/appUnit/das_rx_0/inst/bus1[33]} {top_block_i/appUnit/das_rx_0/inst/bus1[34]} {top_block_i/appUnit/das_rx_0/inst/bus1[35]} {top_block_i/appUnit/das_rx_0/inst/bus1[36]} {top_block_i/appUnit/das_rx_0/inst/bus1[37]} {top_block_i/appUnit/das_rx_0/inst/bus1[38]} {top_block_i/appUnit/das_rx_0/inst/bus1[39]} {top_block_i/appUnit/das_rx_0/inst/bus1[40]} {top_block_i/appUnit/das_rx_0/inst/bus1[41]} {top_block_i/appUnit/das_rx_0/inst/bus1[42]} {top_block_i/appUnit/das_rx_0/inst/bus1[43]} {top_block_i/appUnit/das_rx_0/inst/bus1[44]} {top_block_i/appUnit/das_rx_0/inst/bus1[45]} {top_block_i/appUnit/das_rx_0/inst/bus1[46]} {top_block_i/appUnit/das_rx_0/inst/bus1[47]} {top_block_i/appUnit/das_rx_0/inst/bus1[48]} {top_block_i/appUnit/das_rx_0/inst/bus1[49]} {top_block_i/appUnit/das_rx_0/inst/bus1[50]} {top_block_i/appUnit/das_rx_0/inst/bus1[51]} {top_block_i/appUnit/das_rx_0/inst/bus1[52]} {top_block_i/appUnit/das_rx_0/inst/bus1[53]} {top_block_i/appUnit/das_rx_0/inst/bus1[54]} {top_block_i/appUnit/das_rx_0/inst/bus1[55]} {top_block_i/appUnit/das_rx_0/inst/bus1[56]} {top_block_i/appUnit/das_rx_0/inst/bus1[57]} {top_block_i/appUnit/das_rx_0/inst/bus1[58]} {top_block_i/appUnit/das_rx_0/inst/bus1[59]} {top_block_i/appUnit/das_rx_0/inst/bus1[60]} {top_block_i/appUnit/das_rx_0/inst/bus1[61]} {top_block_i/appUnit/das_rx_0/inst/bus1[62]} {top_block_i/appUnit/das_rx_0/inst/bus1[63]} {top_block_i/appUnit/das_rx_0/inst/bus1[64]} {top_block_i/appUnit/das_rx_0/inst/bus1[65]} {top_block_i/appUnit/das_rx_0/inst/bus1[66]} {top_block_i/appUnit/das_rx_0/inst/bus1[67]} {top_block_i/appUnit/das_rx_0/inst/bus1[68]} {top_block_i/appUnit/das_rx_0/inst/bus1[69]} {top_block_i/appUnit/das_rx_0/inst/bus1[70]} {top_block_i/appUnit/das_rx_0/inst/bus1[71]} {top_block_i/appUnit/das_rx_0/inst/bus1[72]} {top_block_i/appUnit/das_rx_0/inst/bus1[73]} {top_block_i/appUnit/das_rx_0/inst/bus1[74]} {top_block_i/appUnit/das_rx_0/inst/bus1[75]} {top_block_i/appUnit/das_rx_0/inst/bus1[76]} {top_block_i/appUnit/das_rx_0/inst/bus1[77]} {top_block_i/appUnit/das_rx_0/inst/bus1[78]} {top_block_i/appUnit/das_rx_0/inst/bus1[79]} {top_block_i/appUnit/das_rx_0/inst/bus1[80]} {top_block_i/appUnit/das_rx_0/inst/bus1[81]} {top_block_i/appUnit/das_rx_0/inst/bus1[82]} {top_block_i/appUnit/das_rx_0/inst/bus1[83]} {top_block_i/appUnit/das_rx_0/inst/bus1[84]} {top_block_i/appUnit/das_rx_0/inst/bus1[85]} {top_block_i/appUnit/das_rx_0/inst/bus1[86]} {top_block_i/appUnit/das_rx_0/inst/bus1[87]} {top_block_i/appUnit/das_rx_0/inst/bus1[88]} {top_block_i/appUnit/das_rx_0/inst/bus1[89]} {top_block_i/appUnit/das_rx_0/inst/bus1[90]} {top_block_i/appUnit/das_rx_0/inst/bus1[91]} {top_block_i/appUnit/das_rx_0/inst/bus1[92]} {top_block_i/appUnit/das_rx_0/inst/bus1[93]} {top_block_i/appUnit/das_rx_0/inst/bus1[94]} {top_block_i/appUnit/das_rx_0/inst/bus1[95]} {top_block_i/appUnit/das_rx_0/inst/bus1[96]} {top_block_i/appUnit/das_rx_0/inst/bus1[97]} {top_block_i/appUnit/das_rx_0/inst/bus1[98]} {top_block_i/appUnit/das_rx_0/inst/bus1[99]} {top_block_i/appUnit/das_rx_0/inst/bus1[100]} {top_block_i/appUnit/das_rx_0/inst/bus1[101]} {top_block_i/appUnit/das_rx_0/inst/bus1[102]} {top_block_i/appUnit/das_rx_0/inst/bus1[103]} {top_block_i/appUnit/das_rx_0/inst/bus1[104]} {top_block_i/appUnit/das_rx_0/inst/bus1[105]} {top_block_i/appUnit/das_rx_0/inst/bus1[106]} {top_block_i/appUnit/das_rx_0/inst/bus1[107]} {top_block_i/appUnit/das_rx_0/inst/bus1[108]} {top_block_i/appUnit/das_rx_0/inst/bus1[109]} {top_block_i/appUnit/das_rx_0/inst/bus1[110]} {top_block_i/appUnit/das_rx_0/inst/bus1[111]} {top_block_i/appUnit/das_rx_0/inst/bus1[112]} {top_block_i/appUnit/das_rx_0/inst/bus1[113]} {top_block_i/appUnit/das_rx_0/inst/bus1[114]} {top_block_i/appUnit/das_rx_0/inst/bus1[115]} {top_block_i/appUnit/das_rx_0/inst/bus1[116]} {top_block_i/appUnit/das_rx_0/inst/bus1[117]} {top_block_i/appUnit/das_rx_0/inst/bus1[118]} {top_block_i/appUnit/das_rx_0/inst/bus1[119]} {top_block_i/appUnit/das_rx_0/inst/bus1[120]} {top_block_i/appUnit/das_rx_0/inst/bus1[121]} {top_block_i/appUnit/das_rx_0/inst/bus1[122]} {top_block_i/appUnit/das_rx_0/inst/bus1[123]} {top_block_i/appUnit/das_rx_0/inst/bus1[124]} {top_block_i/appUnit/das_rx_0/inst/bus1[125]} {top_block_i/appUnit/das_rx_0/inst/bus1[126]} {top_block_i/appUnit/das_rx_0/inst/bus1[127]} {top_block_i/appUnit/das_rx_0/inst/bus1[128]} {top_block_i/appUnit/das_rx_0/inst/bus1[129]} {top_block_i/appUnit/das_rx_0/inst/bus1[130]} {top_block_i/appUnit/das_rx_0/inst/bus1[131]} {top_block_i/appUnit/das_rx_0/inst/bus1[132]} {top_block_i/appUnit/das_rx_0/inst/bus1[133]} {top_block_i/appUnit/das_rx_0/inst/bus1[134]} {top_block_i/appUnit/das_rx_0/inst/bus1[135]} {top_block_i/appUnit/das_rx_0/inst/bus1[136]} {top_block_i/appUnit/das_rx_0/inst/bus1[137]} {top_block_i/appUnit/das_rx_0/inst/bus1[138]} {top_block_i/appUnit/das_rx_0/inst/bus1[139]} {top_block_i/appUnit/das_rx_0/inst/bus1[140]} {top_block_i/appUnit/das_rx_0/inst/bus1[141]} {top_block_i/appUnit/das_rx_0/inst/bus1[142]} {top_block_i/appUnit/das_rx_0/inst/bus1[143]} {top_block_i/appUnit/das_rx_0/inst/bus1[144]} {top_block_i/appUnit/das_rx_0/inst/bus1[145]} {top_block_i/appUnit/das_rx_0/inst/bus1[146]} {top_block_i/appUnit/das_rx_0/inst/bus1[147]} {top_block_i/appUnit/das_rx_0/inst/bus1[148]} {top_block_i/appUnit/das_rx_0/inst/bus1[149]} {top_block_i/appUnit/das_rx_0/inst/bus1[150]} {top_block_i/appUnit/das_rx_0/inst/bus1[151]} {top_block_i/appUnit/das_rx_0/inst/bus1[152]} {top_block_i/appUnit/das_rx_0/inst/bus1[153]} {top_block_i/appUnit/das_rx_0/inst/bus1[154]} {top_block_i/appUnit/das_rx_0/inst/bus1[155]} {top_block_i/appUnit/das_rx_0/inst/bus1[156]} {top_block_i/appUnit/das_rx_0/inst/bus1[157]} {top_block_i/appUnit/das_rx_0/inst/bus1[158]} {top_block_i/appUnit/das_rx_0/inst/bus1[159]} {top_block_i/appUnit/das_rx_0/inst/bus1[160]} {top_block_i/appUnit/das_rx_0/inst/bus1[161]} {top_block_i/appUnit/das_rx_0/inst/bus1[162]} {top_block_i/appUnit/das_rx_0/inst/bus1[163]} {top_block_i/appUnit/das_rx_0/inst/bus1[164]} {top_block_i/appUnit/das_rx_0/inst/bus1[165]} {top_block_i/appUnit/das_rx_0/inst/bus1[166]} {top_block_i/appUnit/das_rx_0/inst/bus1[167]} {top_block_i/appUnit/das_rx_0/inst/bus1[168]} {top_block_i/appUnit/das_rx_0/inst/bus1[169]} {top_block_i/appUnit/das_rx_0/inst/bus1[170]} {top_block_i/appUnit/das_rx_0/inst/bus1[171]} {top_block_i/appUnit/das_rx_0/inst/bus1[172]} {top_block_i/appUnit/das_rx_0/inst/bus1[173]} {top_block_i/appUnit/das_rx_0/inst/bus1[174]} {top_block_i/appUnit/das_rx_0/inst/bus1[175]} {top_block_i/appUnit/das_rx_0/inst/bus1[176]} {top_block_i/appUnit/das_rx_0/inst/bus1[177]} {top_block_i/appUnit/das_rx_0/inst/bus1[178]} {top_block_i/appUnit/das_rx_0/inst/bus1[179]} {top_block_i/appUnit/das_rx_0/inst/bus1[180]} {top_block_i/appUnit/das_rx_0/inst/bus1[181]} {top_block_i/appUnit/das_rx_0/inst/bus1[182]} {top_block_i/appUnit/das_rx_0/inst/bus1[183]} {top_block_i/appUnit/das_rx_0/inst/bus1[184]} {top_block_i/appUnit/das_rx_0/inst/bus1[185]} {top_block_i/appUnit/das_rx_0/inst/bus1[186]} {top_block_i/appUnit/das_rx_0/inst/bus1[187]} {top_block_i/appUnit/das_rx_0/inst/bus1[188]} {top_block_i/appUnit/das_rx_0/inst/bus1[189]} {top_block_i/appUnit/das_rx_0/inst/bus1[190]} {top_block_i/appUnit/das_rx_0/inst/bus1[191]} {top_block_i/appUnit/das_rx_0/inst/bus1[192]} {top_block_i/appUnit/das_rx_0/inst/bus1[193]} {top_block_i/appUnit/das_rx_0/inst/bus1[194]} {top_block_i/appUnit/das_rx_0/inst/bus1[195]} {top_block_i/appUnit/das_rx_0/inst/bus1[196]} {top_block_i/appUnit/das_rx_0/inst/bus1[197]} {top_block_i/appUnit/das_rx_0/inst/bus1[198]} {top_block_i/appUnit/das_rx_0/inst/bus1[199]} {top_block_i/appUnit/das_rx_0/inst/bus1[200]} {top_block_i/appUnit/das_rx_0/inst/bus1[201]} {top_block_i/appUnit/das_rx_0/inst/bus1[202]} {top_block_i/appUnit/das_rx_0/inst/bus1[203]} {top_block_i/appUnit/das_rx_0/inst/bus1[204]} {top_block_i/appUnit/das_rx_0/inst/bus1[205]} {top_block_i/appUnit/das_rx_0/inst/bus1[206]} {top_block_i/appUnit/das_rx_0/inst/bus1[207]} {top_block_i/appUnit/das_rx_0/inst/bus1[208]} {top_block_i/appUnit/das_rx_0/inst/bus1[209]} {top_block_i/appUnit/das_rx_0/inst/bus1[210]} {top_block_i/appUnit/das_rx_0/inst/bus1[211]} {top_block_i/appUnit/das_rx_0/inst/bus1[212]} {top_block_i/appUnit/das_rx_0/inst/bus1[213]} {top_block_i/appUnit/das_rx_0/inst/bus1[214]} {top_block_i/appUnit/das_rx_0/inst/bus1[215]} {top_block_i/appUnit/das_rx_0/inst/bus1[216]} {top_block_i/appUnit/das_rx_0/inst/bus1[217]} {top_block_i/appUnit/das_rx_0/inst/bus1[218]} {top_block_i/appUnit/das_rx_0/inst/bus1[219]} {top_block_i/appUnit/das_rx_0/inst/bus1[220]} {top_block_i/appUnit/das_rx_0/inst/bus1[221]} {top_block_i/appUnit/das_rx_0/inst/bus1[222]} {top_block_i/appUnit/das_rx_0/inst/bus1[223]} {top_block_i/appUnit/das_rx_0/inst/bus1[224]} {top_block_i/appUnit/das_rx_0/inst/bus1[225]} {top_block_i/appUnit/das_rx_0/inst/bus1[226]} {top_block_i/appUnit/das_rx_0/inst/bus1[227]} {top_block_i/appUnit/das_rx_0/inst/bus1[228]} {top_block_i/appUnit/das_rx_0/inst/bus1[229]} {top_block_i/appUnit/das_rx_0/inst/bus1[230]} {top_block_i/appUnit/das_rx_0/inst/bus1[231]} {top_block_i/appUnit/das_rx_0/inst/bus1[232]} {top_block_i/appUnit/das_rx_0/inst/bus1[233]} {top_block_i/appUnit/das_rx_0/inst/bus1[234]} {top_block_i/appUnit/das_rx_0/inst/bus1[235]} {top_block_i/appUnit/das_rx_0/inst/bus1[236]} {top_block_i/appUnit/das_rx_0/inst/bus1[237]} {top_block_i/appUnit/das_rx_0/inst/bus1[238]} {top_block_i/appUnit/das_rx_0/inst/bus1[239]} {top_block_i/appUnit/das_rx_0/inst/bus1[240]} {top_block_i/appUnit/das_rx_0/inst/bus1[241]} {top_block_i/appUnit/das_rx_0/inst/bus1[242]} {top_block_i/appUnit/das_rx_0/inst/bus1[243]} {top_block_i/appUnit/das_rx_0/inst/bus1[244]} {top_block_i/appUnit/das_rx_0/inst/bus1[245]} {top_block_i/appUnit/das_rx_0/inst/bus1[246]} {top_block_i/appUnit/das_rx_0/inst/bus1[247]} {top_block_i/appUnit/das_rx_0/inst/bus1[248]} {top_block_i/appUnit/das_rx_0/inst/bus1[249]} {top_block_i/appUnit/das_rx_0/inst/bus1[250]} {top_block_i/appUnit/das_rx_0/inst/bus1[251]} {top_block_i/appUnit/das_rx_0/inst/bus1[252]} {top_block_i/appUnit/das_rx_0/inst/bus1[253]} {top_block_i/appUnit/das_rx_0/inst/bus1[254]} {top_block_i/appUnit/das_rx_0/inst/bus1[255]} {top_block_i/appUnit/das_rx_0/inst/bus1[256]} {top_block_i/appUnit/das_rx_0/inst/bus1[257]} {top_block_i/appUnit/das_rx_0/inst/bus1[258]} {top_block_i/appUnit/das_rx_0/inst/bus1[259]} {top_block_i/appUnit/das_rx_0/inst/bus1[260]} {top_block_i/appUnit/das_rx_0/inst/bus1[261]} {top_block_i/appUnit/das_rx_0/inst/bus1[262]} {top_block_i/appUnit/das_rx_0/inst/bus1[263]} {top_block_i/appUnit/das_rx_0/inst/bus1[264]} {top_block_i/appUnit/das_rx_0/inst/bus1[265]} {top_block_i/appUnit/das_rx_0/inst/bus1[266]} {top_block_i/appUnit/das_rx_0/inst/bus1[267]} {top_block_i/appUnit/das_rx_0/inst/bus1[268]} {top_block_i/appUnit/das_rx_0/inst/bus1[269]} {top_block_i/appUnit/das_rx_0/inst/bus1[270]} {top_block_i/appUnit/das_rx_0/inst/bus1[271]} {top_block_i/appUnit/das_rx_0/inst/bus1[272]} {top_block_i/appUnit/das_rx_0/inst/bus1[273]} {top_block_i/appUnit/das_rx_0/inst/bus1[274]} {top_block_i/appUnit/das_rx_0/inst/bus1[275]} {top_block_i/appUnit/das_rx_0/inst/bus1[276]} {top_block_i/appUnit/das_rx_0/inst/bus1[277]} {top_block_i/appUnit/das_rx_0/inst/bus1[278]} {top_block_i/appUnit/das_rx_0/inst/bus1[279]} {top_block_i/appUnit/das_rx_0/inst/bus1[280]} {top_block_i/appUnit/das_rx_0/inst/bus1[281]} {top_block_i/appUnit/das_rx_0/inst/bus1[282]} {top_block_i/appUnit/das_rx_0/inst/bus1[283]} {top_block_i/appUnit/das_rx_0/inst/bus1[284]} {top_block_i/appUnit/das_rx_0/inst/bus1[285]} {top_block_i/appUnit/das_rx_0/inst/bus1[286]} {top_block_i/appUnit/das_rx_0/inst/bus1[287]} {top_block_i/appUnit/das_rx_0/inst/bus1[288]} {top_block_i/appUnit/das_rx_0/inst/bus1[289]} {top_block_i/appUnit/das_rx_0/inst/bus1[290]} {top_block_i/appUnit/das_rx_0/inst/bus1[291]} {top_block_i/appUnit/das_rx_0/inst/bus1[292]} {top_block_i/appUnit/das_rx_0/inst/bus1[293]} {top_block_i/appUnit/das_rx_0/inst/bus1[294]} {top_block_i/appUnit/das_rx_0/inst/bus1[295]} {top_block_i/appUnit/das_rx_0/inst/bus1[296]} {top_block_i/appUnit/das_rx_0/inst/bus1[297]} {top_block_i/appUnit/das_rx_0/inst/bus1[298]} {top_block_i/appUnit/das_rx_0/inst/bus1[299]} {top_block_i/appUnit/das_rx_0/inst/bus1[300]} {top_block_i/appUnit/das_rx_0/inst/bus1[301]} {top_block_i/appUnit/das_rx_0/inst/bus1[302]} {top_block_i/appUnit/das_rx_0/inst/bus1[303]} {top_block_i/appUnit/das_rx_0/inst/bus1[304]} {top_block_i/appUnit/das_rx_0/inst/bus1[305]} {top_block_i/appUnit/das_rx_0/inst/bus1[306]} {top_block_i/appUnit/das_rx_0/inst/bus1[307]} {top_block_i/appUnit/das_rx_0/inst/bus1[308]} {top_block_i/appUnit/das_rx_0/inst/bus1[309]} {top_block_i/appUnit/das_rx_0/inst/bus1[310]} {top_block_i/appUnit/das_rx_0/inst/bus1[311]} {top_block_i/appUnit/das_rx_0/inst/bus1[312]} {top_block_i/appUnit/das_rx_0/inst/bus1[313]} {top_block_i/appUnit/das_rx_0/inst/bus1[314]} {top_block_i/appUnit/das_rx_0/inst/bus1[315]} {top_block_i/appUnit/das_rx_0/inst/bus1[316]} {top_block_i/appUnit/das_rx_0/inst/bus1[317]} {top_block_i/appUnit/das_rx_0/inst/bus1[318]} {top_block_i/appUnit/das_rx_0/inst/bus1[319]} ]]
create_debug_port u_ila_0 probe
set_property port_width 320 [get_debug_ports u_ila_0/probe4]
set_property PROBE_TYPE DATA_AND_TRIGGER [get_debug_ports u_ila_0/probe4]
connect_debug_port u_ila_0/probe4 [get_nets [list {top_block_i/appUnit/das_rx_0/inst/bus3[0]} {top_block_i/appUnit/das_rx_0/inst/bus3[1]} {top_block_i/appUnit/das_rx_0/inst/bus3[2]} {top_block_i/appUnit/das_rx_0/inst/bus3[3]} {top_block_i/appUnit/das_rx_0/inst/bus3[4]} {top_block_i/appUnit/das_rx_0/inst/bus3[5]} {top_block_i/appUnit/das_rx_0/inst/bus3[6]} {top_block_i/appUnit/das_rx_0/inst/bus3[7]} {top_block_i/appUnit/das_rx_0/inst/bus3[8]} {top_block_i/appUnit/das_rx_0/inst/bus3[9]} {top_block_i/appUnit/das_rx_0/inst/bus3[10]} {top_block_i/appUnit/das_rx_0/inst/bus3[11]} {top_block_i/appUnit/das_rx_0/inst/bus3[12]} {top_block_i/appUnit/das_rx_0/inst/bus3[13]} {top_block_i/appUnit/das_rx_0/inst/bus3[14]} {top_block_i/appUnit/das_rx_0/inst/bus3[15]} {top_block_i/appUnit/das_rx_0/inst/bus3[16]} {top_block_i/appUnit/das_rx_0/inst/bus3[17]} {top_block_i/appUnit/das_rx_0/inst/bus3[18]} {top_block_i/appUnit/das_rx_0/inst/bus3[19]} {top_block_i/appUnit/das_rx_0/inst/bus3[20]} {top_block_i/appUnit/das_rx_0/inst/bus3[21]} {top_block_i/appUnit/das_rx_0/inst/bus3[22]} {top_block_i/appUnit/das_rx_0/inst/bus3[23]} {top_block_i/appUnit/das_rx_0/inst/bus3[24]} {top_block_i/appUnit/das_rx_0/inst/bus3[25]} {top_block_i/appUnit/das_rx_0/inst/bus3[26]} {top_block_i/appUnit/das_rx_0/inst/bus3[27]} {top_block_i/appUnit/das_rx_0/inst/bus3[28]} {top_block_i/appUnit/das_rx_0/inst/bus3[29]} {top_block_i/appUnit/das_rx_0/inst/bus3[30]} {top_block_i/appUnit/das_rx_0/inst/bus3[31]} {top_block_i/appUnit/das_rx_0/inst/bus3[32]} {top_block_i/appUnit/das_rx_0/inst/bus3[33]} {top_block_i/appUnit/das_rx_0/inst/bus3[34]} {top_block_i/appUnit/das_rx_0/inst/bus3[35]} {top_block_i/appUnit/das_rx_0/inst/bus3[36]} {top_block_i/appUnit/das_rx_0/inst/bus3[37]} {top_block_i/appUnit/das_rx_0/inst/bus3[38]} {top_block_i/appUnit/das_rx_0/inst/bus3[39]} {top_block_i/appUnit/das_rx_0/inst/bus3[40]} {top_block_i/appUnit/das_rx_0/inst/bus3[41]} {top_block_i/appUnit/das_rx_0/inst/bus3[42]} {top_block_i/appUnit/das_rx_0/inst/bus3[43]} {top_block_i/appUnit/das_rx_0/inst/bus3[44]} {top_block_i/appUnit/das_rx_0/inst/bus3[45]} {top_block_i/appUnit/das_rx_0/inst/bus3[46]} {top_block_i/appUnit/das_rx_0/inst/bus3[47]} {top_block_i/appUnit/das_rx_0/inst/bus3[48]} {top_block_i/appUnit/das_rx_0/inst/bus3[49]} {top_block_i/appUnit/das_rx_0/inst/bus3[50]} {top_block_i/appUnit/das_rx_0/inst/bus3[51]} {top_block_i/appUnit/das_rx_0/inst/bus3[52]} {top_block_i/appUnit/das_rx_0/inst/bus3[53]} {top_block_i/appUnit/das_rx_0/inst/bus3[54]} {top_block_i/appUnit/das_rx_0/inst/bus3[55]} {top_block_i/appUnit/das_rx_0/inst/bus3[56]} {top_block_i/appUnit/das_rx_0/inst/bus3[57]} {top_block_i/appUnit/das_rx_0/inst/bus3[58]} {top_block_i/appUnit/das_rx_0/inst/bus3[59]} {top_block_i/appUnit/das_rx_0/inst/bus3[60]} {top_block_i/appUnit/das_rx_0/inst/bus3[61]} {top_block_i/appUnit/das_rx_0/inst/bus3[62]} {top_block_i/appUnit/das_rx_0/inst/bus3[63]} {top_block_i/appUnit/das_rx_0/inst/bus3[64]} {top_block_i/appUnit/das_rx_0/inst/bus3[65]} {top_block_i/appUnit/das_rx_0/inst/bus3[66]} {top_block_i/appUnit/das_rx_0/inst/bus3[67]} {top_block_i/appUnit/das_rx_0/inst/bus3[68]} {top_block_i/appUnit/das_rx_0/inst/bus3[69]} {top_block_i/appUnit/das_rx_0/inst/bus3[70]} {top_block_i/appUnit/das_rx_0/inst/bus3[71]} {top_block_i/appUnit/das_rx_0/inst/bus3[72]} {top_block_i/appUnit/das_rx_0/inst/bus3[73]} {top_block_i/appUnit/das_rx_0/inst/bus3[74]} {top_block_i/appUnit/das_rx_0/inst/bus3[75]} {top_block_i/appUnit/das_rx_0/inst/bus3[76]} {top_block_i/appUnit/das_rx_0/inst/bus3[77]} {top_block_i/appUnit/das_rx_0/inst/bus3[78]} {top_block_i/appUnit/das_rx_0/inst/bus3[79]} {top_block_i/appUnit/das_rx_0/inst/bus3[80]} {top_block_i/appUnit/das_rx_0/inst/bus3[81]} {top_block_i/appUnit/das_rx_0/inst/bus3[82]} {top_block_i/appUnit/das_rx_0/inst/bus3[83]} {top_block_i/appUnit/das_rx_0/inst/bus3[84]} {top_block_i/appUnit/das_rx_0/inst/bus3[85]} {top_block_i/appUnit/das_rx_0/inst/bus3[86]} {top_block_i/appUnit/das_rx_0/inst/bus3[87]} {top_block_i/appUnit/das_rx_0/inst/bus3[88]} {top_block_i/appUnit/das_rx_0/inst/bus3[89]} {top_block_i/appUnit/das_rx_0/inst/bus3[90]} {top_block_i/appUnit/das_rx_0/inst/bus3[91]} {top_block_i/appUnit/das_rx_0/inst/bus3[92]} {top_block_i/appUnit/das_rx_0/inst/bus3[93]} {top_block_i/appUnit/das_rx_0/inst/bus3[94]} {top_block_i/appUnit/das_rx_0/inst/bus3[95]} {top_block_i/appUnit/das_rx_0/inst/bus3[96]} {top_block_i/appUnit/das_rx_0/inst/bus3[97]} {top_block_i/appUnit/das_rx_0/inst/bus3[98]} {top_block_i/appUnit/das_rx_0/inst/bus3[99]} {top_block_i/appUnit/das_rx_0/inst/bus3[100]} {top_block_i/appUnit/das_rx_0/inst/bus3[101]} {top_block_i/appUnit/das_rx_0/inst/bus3[102]} {top_block_i/appUnit/das_rx_0/inst/bus3[103]} {top_block_i/appUnit/das_rx_0/inst/bus3[104]} {top_block_i/appUnit/das_rx_0/inst/bus3[105]} {top_block_i/appUnit/das_rx_0/inst/bus3[106]} {top_block_i/appUnit/das_rx_0/inst/bus3[107]} {top_block_i/appUnit/das_rx_0/inst/bus3[108]} {top_block_i/appUnit/das_rx_0/inst/bus3[109]} {top_block_i/appUnit/das_rx_0/inst/bus3[110]} {top_block_i/appUnit/das_rx_0/inst/bus3[111]} {top_block_i/appUnit/das_rx_0/inst/bus3[112]} {top_block_i/appUnit/das_rx_0/inst/bus3[113]} {top_block_i/appUnit/das_rx_0/inst/bus3[114]} {top_block_i/appUnit/das_rx_0/inst/bus3[115]} {top_block_i/appUnit/das_rx_0/inst/bus3[116]} {top_block_i/appUnit/das_rx_0/inst/bus3[117]} {top_block_i/appUnit/das_rx_0/inst/bus3[118]} {top_block_i/appUnit/das_rx_0/inst/bus3[119]} {top_block_i/appUnit/das_rx_0/inst/bus3[120]} {top_block_i/appUnit/das_rx_0/inst/bus3[121]} {top_block_i/appUnit/das_rx_0/inst/bus3[122]} {top_block_i/appUnit/das_rx_0/inst/bus3[123]} {top_block_i/appUnit/das_rx_0/inst/bus3[124]} {top_block_i/appUnit/das_rx_0/inst/bus3[125]} {top_block_i/appUnit/das_rx_0/inst/bus3[126]} {top_block_i/appUnit/das_rx_0/inst/bus3[127]} {top_block_i/appUnit/das_rx_0/inst/bus3[128]} {top_block_i/appUnit/das_rx_0/inst/bus3[129]} {top_block_i/appUnit/das_rx_0/inst/bus3[130]} {top_block_i/appUnit/das_rx_0/inst/bus3[131]} {top_block_i/appUnit/das_rx_0/inst/bus3[132]} {top_block_i/appUnit/das_rx_0/inst/bus3[133]} {top_block_i/appUnit/das_rx_0/inst/bus3[134]} {top_block_i/appUnit/das_rx_0/inst/bus3[135]} {top_block_i/appUnit/das_rx_0/inst/bus3[136]} {top_block_i/appUnit/das_rx_0/inst/bus3[137]} {top_block_i/appUnit/das_rx_0/inst/bus3[138]} {top_block_i/appUnit/das_rx_0/inst/bus3[139]} {top_block_i/appUnit/das_rx_0/inst/bus3[140]} {top_block_i/appUnit/das_rx_0/inst/bus3[141]} {top_block_i/appUnit/das_rx_0/inst/bus3[142]} {top_block_i/appUnit/das_rx_0/inst/bus3[143]} {top_block_i/appUnit/das_rx_0/inst/bus3[144]} {top_block_i/appUnit/das_rx_0/inst/bus3[145]} {top_block_i/appUnit/das_rx_0/inst/bus3[146]} {top_block_i/appUnit/das_rx_0/inst/bus3[147]} {top_block_i/appUnit/das_rx_0/inst/bus3[148]} {top_block_i/appUnit/das_rx_0/inst/bus3[149]} {top_block_i/appUnit/das_rx_0/inst/bus3[150]} {top_block_i/appUnit/das_rx_0/inst/bus3[151]} {top_block_i/appUnit/das_rx_0/inst/bus3[152]} {top_block_i/appUnit/das_rx_0/inst/bus3[153]} {top_block_i/appUnit/das_rx_0/inst/bus3[154]} {top_block_i/appUnit/das_rx_0/inst/bus3[155]} {top_block_i/appUnit/das_rx_0/inst/bus3[156]} {top_block_i/appUnit/das_rx_0/inst/bus3[157]} {top_block_i/appUnit/das_rx_0/inst/bus3[158]} {top_block_i/appUnit/das_rx_0/inst/bus3[159]} {top_block_i/appUnit/das_rx_0/inst/bus3[160]} {top_block_i/appUnit/das_rx_0/inst/bus3[161]} {top_block_i/appUnit/das_rx_0/inst/bus3[162]} {top_block_i/appUnit/das_rx_0/inst/bus3[163]} {top_block_i/appUnit/das_rx_0/inst/bus3[164]} {top_block_i/appUnit/das_rx_0/inst/bus3[165]} {top_block_i/appUnit/das_rx_0/inst/bus3[166]} {top_block_i/appUnit/das_rx_0/inst/bus3[167]} {top_block_i/appUnit/das_rx_0/inst/bus3[168]} {top_block_i/appUnit/das_rx_0/inst/bus3[169]} {top_block_i/appUnit/das_rx_0/inst/bus3[170]} {top_block_i/appUnit/das_rx_0/inst/bus3[171]} {top_block_i/appUnit/das_rx_0/inst/bus3[172]} {top_block_i/appUnit/das_rx_0/inst/bus3[173]} {top_block_i/appUnit/das_rx_0/inst/bus3[174]} {top_block_i/appUnit/das_rx_0/inst/bus3[175]} {top_block_i/appUnit/das_rx_0/inst/bus3[176]} {top_block_i/appUnit/das_rx_0/inst/bus3[177]} {top_block_i/appUnit/das_rx_0/inst/bus3[178]} {top_block_i/appUnit/das_rx_0/inst/bus3[179]} {top_block_i/appUnit/das_rx_0/inst/bus3[180]} {top_block_i/appUnit/das_rx_0/inst/bus3[181]} {top_block_i/appUnit/das_rx_0/inst/bus3[182]} {top_block_i/appUnit/das_rx_0/inst/bus3[183]} {top_block_i/appUnit/das_rx_0/inst/bus3[184]} {top_block_i/appUnit/das_rx_0/inst/bus3[185]} {top_block_i/appUnit/das_rx_0/inst/bus3[186]} {top_block_i/appUnit/das_rx_0/inst/bus3[187]} {top_block_i/appUnit/das_rx_0/inst/bus3[188]} {top_block_i/appUnit/das_rx_0/inst/bus3[189]} {top_block_i/appUnit/das_rx_0/inst/bus3[190]} {top_block_i/appUnit/das_rx_0/inst/bus3[191]} {top_block_i/appUnit/das_rx_0/inst/bus3[192]} {top_block_i/appUnit/das_rx_0/inst/bus3[193]} {top_block_i/appUnit/das_rx_0/inst/bus3[194]} {top_block_i/appUnit/das_rx_0/inst/bus3[195]} {top_block_i/appUnit/das_rx_0/inst/bus3[196]} {top_block_i/appUnit/das_rx_0/inst/bus3[197]} {top_block_i/appUnit/das_rx_0/inst/bus3[198]} {top_block_i/appUnit/das_rx_0/inst/bus3[199]} {top_block_i/appUnit/das_rx_0/inst/bus3[200]} {top_block_i/appUnit/das_rx_0/inst/bus3[201]} {top_block_i/appUnit/das_rx_0/inst/bus3[202]} {top_block_i/appUnit/das_rx_0/inst/bus3[203]} {top_block_i/appUnit/das_rx_0/inst/bus3[204]} {top_block_i/appUnit/das_rx_0/inst/bus3[205]} {top_block_i/appUnit/das_rx_0/inst/bus3[206]} {top_block_i/appUnit/das_rx_0/inst/bus3[207]} {top_block_i/appUnit/das_rx_0/inst/bus3[208]} {top_block_i/appUnit/das_rx_0/inst/bus3[209]} {top_block_i/appUnit/das_rx_0/inst/bus3[210]} {top_block_i/appUnit/das_rx_0/inst/bus3[211]} {top_block_i/appUnit/das_rx_0/inst/bus3[212]} {top_block_i/appUnit/das_rx_0/inst/bus3[213]} {top_block_i/appUnit/das_rx_0/inst/bus3[214]} {top_block_i/appUnit/das_rx_0/inst/bus3[215]} {top_block_i/appUnit/das_rx_0/inst/bus3[216]} {top_block_i/appUnit/das_rx_0/inst/bus3[217]} {top_block_i/appUnit/das_rx_0/inst/bus3[218]} {top_block_i/appUnit/das_rx_0/inst/bus3[219]} {top_block_i/appUnit/das_rx_0/inst/bus3[220]} {top_block_i/appUnit/das_rx_0/inst/bus3[221]} {top_block_i/appUnit/das_rx_0/inst/bus3[222]} {top_block_i/appUnit/das_rx_0/inst/bus3[223]} {top_block_i/appUnit/das_rx_0/inst/bus3[224]} {top_block_i/appUnit/das_rx_0/inst/bus3[225]} {top_block_i/appUnit/das_rx_0/inst/bus3[226]} {top_block_i/appUnit/das_rx_0/inst/bus3[227]} {top_block_i/appUnit/das_rx_0/inst/bus3[228]} {top_block_i/appUnit/das_rx_0/inst/bus3[229]} {top_block_i/appUnit/das_rx_0/inst/bus3[230]} {top_block_i/appUnit/das_rx_0/inst/bus3[231]} {top_block_i/appUnit/das_rx_0/inst/bus3[232]} {top_block_i/appUnit/das_rx_0/inst/bus3[233]} {top_block_i/appUnit/das_rx_0/inst/bus3[234]} {top_block_i/appUnit/das_rx_0/inst/bus3[235]} {top_block_i/appUnit/das_rx_0/inst/bus3[236]} {top_block_i/appUnit/das_rx_0/inst/bus3[237]} {top_block_i/appUnit/das_rx_0/inst/bus3[238]} {top_block_i/appUnit/das_rx_0/inst/bus3[239]} {top_block_i/appUnit/das_rx_0/inst/bus3[240]} {top_block_i/appUnit/das_rx_0/inst/bus3[241]} {top_block_i/appUnit/das_rx_0/inst/bus3[242]} {top_block_i/appUnit/das_rx_0/inst/bus3[243]} {top_block_i/appUnit/das_rx_0/inst/bus3[244]} {top_block_i/appUnit/das_rx_0/inst/bus3[245]} {top_block_i/appUnit/das_rx_0/inst/bus3[246]} {top_block_i/appUnit/das_rx_0/inst/bus3[247]} {top_block_i/appUnit/das_rx_0/inst/bus3[248]} {top_block_i/appUnit/das_rx_0/inst/bus3[249]} {top_block_i/appUnit/das_rx_0/inst/bus3[250]} {top_block_i/appUnit/das_rx_0/inst/bus3[251]} {top_block_i/appUnit/das_rx_0/inst/bus3[252]} {top_block_i/appUnit/das_rx_0/inst/bus3[253]} {top_block_i/appUnit/das_rx_0/inst/bus3[254]} {top_block_i/appUnit/das_rx_0/inst/bus3[255]} {top_block_i/appUnit/das_rx_0/inst/bus3[256]} {top_block_i/appUnit/das_rx_0/inst/bus3[257]} {top_block_i/appUnit/das_rx_0/inst/bus3[258]} {top_block_i/appUnit/das_rx_0/inst/bus3[259]} {top_block_i/appUnit/das_rx_0/inst/bus3[260]} {top_block_i/appUnit/das_rx_0/inst/bus3[261]} {top_block_i/appUnit/das_rx_0/inst/bus3[262]} {top_block_i/appUnit/das_rx_0/inst/bus3[263]} {top_block_i/appUnit/das_rx_0/inst/bus3[264]} {top_block_i/appUnit/das_rx_0/inst/bus3[265]} {top_block_i/appUnit/das_rx_0/inst/bus3[266]} {top_block_i/appUnit/das_rx_0/inst/bus3[267]} {top_block_i/appUnit/das_rx_0/inst/bus3[268]} {top_block_i/appUnit/das_rx_0/inst/bus3[269]} {top_block_i/appUnit/das_rx_0/inst/bus3[270]} {top_block_i/appUnit/das_rx_0/inst/bus3[271]} {top_block_i/appUnit/das_rx_0/inst/bus3[272]} {top_block_i/appUnit/das_rx_0/inst/bus3[273]} {top_block_i/appUnit/das_rx_0/inst/bus3[274]} {top_block_i/appUnit/das_rx_0/inst/bus3[275]} {top_block_i/appUnit/das_rx_0/inst/bus3[276]} {top_block_i/appUnit/das_rx_0/inst/bus3[277]} {top_block_i/appUnit/das_rx_0/inst/bus3[278]} {top_block_i/appUnit/das_rx_0/inst/bus3[279]} {top_block_i/appUnit/das_rx_0/inst/bus3[280]} {top_block_i/appUnit/das_rx_0/inst/bus3[281]} {top_block_i/appUnit/das_rx_0/inst/bus3[282]} {top_block_i/appUnit/das_rx_0/inst/bus3[283]} {top_block_i/appUnit/das_rx_0/inst/bus3[284]} {top_block_i/appUnit/das_rx_0/inst/bus3[285]} {top_block_i/appUnit/das_rx_0/inst/bus3[286]} {top_block_i/appUnit/das_rx_0/inst/bus3[287]} {top_block_i/appUnit/das_rx_0/inst/bus3[288]} {top_block_i/appUnit/das_rx_0/inst/bus3[289]} {top_block_i/appUnit/das_rx_0/inst/bus3[290]} {top_block_i/appUnit/das_rx_0/inst/bus3[291]} {top_block_i/appUnit/das_rx_0/inst/bus3[292]} {top_block_i/appUnit/das_rx_0/inst/bus3[293]} {top_block_i/appUnit/das_rx_0/inst/bus3[294]} {top_block_i/appUnit/das_rx_0/inst/bus3[295]} {top_block_i/appUnit/das_rx_0/inst/bus3[296]} {top_block_i/appUnit/das_rx_0/inst/bus3[297]} {top_block_i/appUnit/das_rx_0/inst/bus3[298]} {top_block_i/appUnit/das_rx_0/inst/bus3[299]} {top_block_i/appUnit/das_rx_0/inst/bus3[300]} {top_block_i/appUnit/das_rx_0/inst/bus3[301]} {top_block_i/appUnit/das_rx_0/inst/bus3[302]} {top_block_i/appUnit/das_rx_0/inst/bus3[303]} {top_block_i/appUnit/das_rx_0/inst/bus3[304]} {top_block_i/appUnit/das_rx_0/inst/bus3[305]} {top_block_i/appUnit/das_rx_0/inst/bus3[306]} {top_block_i/appUnit/das_rx_0/inst/bus3[307]} {top_block_i/appUnit/das_rx_0/inst/bus3[308]} {top_block_i/appUnit/das_rx_0/inst/bus3[309]} {top_block_i/appUnit/das_rx_0/inst/bus3[310]} {top_block_i/appUnit/das_rx_0/inst/bus3[311]} {top_block_i/appUnit/das_rx_0/inst/bus3[312]} {top_block_i/appUnit/das_rx_0/inst/bus3[313]} {top_block_i/appUnit/das_rx_0/inst/bus3[314]} {top_block_i/appUnit/das_rx_0/inst/bus3[315]} {top_block_i/appUnit/das_rx_0/inst/bus3[316]} {top_block_i/appUnit/das_rx_0/inst/bus3[317]} {top_block_i/appUnit/das_rx_0/inst/bus3[318]} {top_block_i/appUnit/das_rx_0/inst/bus3[319]} ]]
create_debug_port u_ila_0 probe
set_property port_width 1 [get_debug_ports u_ila_0/probe5]
set_property PROBE_TYPE DATA_AND_TRIGGER [get_debug_ports u_ila_0/probe5]
connect_debug_port u_ila_0/probe5 [get_nets [list top_block_i/appUnit/das_rx_0/inst/clk_10MHz ]]
set_property port_width 11 [get_debug_ports u_ila_1/probe0]
set_property PROBE_TYPE DATA_AND_TRIGGER [get_debug_ports u_ila_1/probe0]
connect_debug_port u_ila_1/probe0 [get_nets [list {top_block_i/appUnit/das_rx_0/inst/SO1[0]} {top_block_i/appUnit/das_rx_0/inst/SO1[1]} {top_block_i/appUnit/das_rx_0/inst/SO1[2]} {top_block_i/appUnit/das_rx_0/inst/SO1[3]} {top_block_i/appUnit/das_rx_0/inst/SO1[4]} {top_block_i/appUnit/das_rx_0/inst/SO1[5]} {top_block_i/appUnit/das_rx_0/inst/SO1[6]} {top_block_i/appUnit/das_rx_0/inst/SO1[7]} {top_block_i/appUnit/das_rx_0/inst/SO1[8]} {top_block_i/appUnit/das_rx_0/inst/SO1[9]} {top_block_i/appUnit/das_rx_0/inst/SO1[10]} ]]
create_debug_port u_ila_1 probe
set_property port_width 11 [get_debug_ports u_ila_1/probe1]
set_property PROBE_TYPE DATA_AND_TRIGGER [get_debug_ports u_ila_1/probe1]
connect_debug_port u_ila_1/probe1 [get_nets [list {top_block_i/appUnit/das_rx_0/inst/SO3[0]} {top_block_i/appUnit/das_rx_0/inst/SO3[1]} {top_block_i/appUnit/das_rx_0/inst/SO3[2]} {top_block_i/appUnit/das_rx_0/inst/SO3[3]} {top_block_i/appUnit/das_rx_0/inst/SO3[4]} {top_block_i/appUnit/das_rx_0/inst/SO3[5]} {top_block_i/appUnit/das_rx_0/inst/SO3[6]} {top_block_i/appUnit/das_rx_0/inst/SO3[7]} {top_block_i/appUnit/das_rx_0/inst/SO3[8]} {top_block_i/appUnit/das_rx_0/inst/SO3[9]} {top_block_i/appUnit/das_rx_0/inst/SO3[10]} ]]
create_debug_port u_ila_1 probe
set_property port_width 11 [get_debug_ports u_ila_1/probe2]
set_property PROBE_TYPE DATA_AND_TRIGGER [get_debug_ports u_ila_1/probe2]
connect_debug_port u_ila_1/probe2 [get_nets [list {top_block_i/appUnit/das_rx_0/inst/SO2[0]} {top_block_i/appUnit/das_rx_0/inst/SO2[1]} {top_block_i/appUnit/das_rx_0/inst/SO2[2]} {top_block_i/appUnit/das_rx_0/inst/SO2[3]} {top_block_i/appUnit/das_rx_0/inst/SO2[4]} {top_block_i/appUnit/das_rx_0/inst/SO2[5]} {top_block_i/appUnit/das_rx_0/inst/SO2[6]} {top_block_i/appUnit/das_rx_0/inst/SO2[7]} {top_block_i/appUnit/das_rx_0/inst/SO2[8]} {top_block_i/appUnit/das_rx_0/inst/SO2[9]} {top_block_i/appUnit/das_rx_0/inst/SO2[10]} ]]
create_debug_port u_ila_1 probe
set_property port_width 11 [get_debug_ports u_ila_1/probe3]
set_property PROBE_TYPE DATA_AND_TRIGGER [get_debug_ports u_ila_1/probe3]
connect_debug_port u_ila_1/probe3 [get_nets [list {top_block_i/appUnit/das_rx_0/inst/SO0[0]} {top_block_i/appUnit/das_rx_0/inst/SO0[1]} {top_block_i/appUnit/das_rx_0/inst/SO0[2]} {top_block_i/appUnit/das_rx_0/inst/SO0[3]} {top_block_i/appUnit/das_rx_0/inst/SO0[4]} {top_block_i/appUnit/das_rx_0/inst/SO0[5]} {top_block_i/appUnit/das_rx_0/inst/SO0[6]} {top_block_i/appUnit/das_rx_0/inst/SO0[7]} {top_block_i/appUnit/das_rx_0/inst/SO0[8]} {top_block_i/appUnit/das_rx_0/inst/SO0[9]} {top_block_i/appUnit/das_rx_0/inst/SO0[10]} ]]
set_property port_width 1 [get_debug_ports u_ila_2/probe0]
set_property PROBE_TYPE DATA_AND_TRIGGER [get_debug_ports u_ila_2/probe0]
connect_debug_port u_ila_2/probe0 [get_nets [list top_block_i/SAMPA_PON_v1_0_0/inst/sampa_power_on ]]
save_constraints
reset_run impl_1
launch_runs impl_1 -to_step write_bitstream -jobs 32
INFO: [Vivado 12-4149] The synthesis checkpoint for IP '/home/nagafusa/work/spadi/Fakernet/SAMIDARE/samidare.srcs/sources_1/ip/gig_ethernet_pcs_pma_0_2/gig_ethernet_pcs_pma_0.xci' is already up-to-date
INFO: [Timing 38-480] Writing timing data to binary archive.
Writing XDEF routing.
Writing XDEF routing logical nets.
Writing XDEF routing special nets.
Write XDEF Complete: Time (s): cpu = 00:00:00.14 ; elapsed = 00:00:00.03 . Memory (MB): peak = 13353.430 ; gain = 0.000 ; free physical = 38024 ; free virtual = 58505
WARNING: [Common 17-210] 'write_hwdef' is deprecated.
[Sun Aug 18 17:11:54 2024] Launched impl_1...
Run output will be captured here: /home/nagafusa/work/spadi/Fakernet/SAMIDARE/samidare.runs/impl_1/runme.log
set_property PROBES.FILE {/home/nagafusa/work/spadi/Fakernet/SAMIDARE/samidare.runs/impl_1/top_block_wrapper.ltx} [get_hw_devices xcau15p_0]
set_property FULL_PROBES.FILE {/home/nagafusa/work/spadi/Fakernet/SAMIDARE/samidare.runs/impl_1/top_block_wrapper.ltx} [get_hw_devices xcau15p_0]
set_property PROGRAM.FILE {/home/nagafusa/work/spadi/Fakernet/SAMIDARE/samidare.runs/impl_1/top_block_wrapper.bit} [get_hw_devices xcau15p_0]
program_hw_devices [get_hw_devices xcau15p_0]
INFO: [Labtools 27-3164] End of startup status: HIGH
program_hw_devices: Time (s): cpu = 00:00:16 ; elapsed = 00:00:15 . Memory (MB): peak = 13353.430 ; gain = 0.000 ; free physical = 37891 ; free virtual = 58493
refresh_hw_device [lindex [get_hw_devices xcau15p_0] 0]
WARNING: [Xicom 50-38] xicom: No CseXsdb register file specified for CseXsdb slave type: 0, cse driver version: 0. Slave initialization skipped.
WARNING: [Xicom 50-38] xicom: No CseXsdb register file specified for CseXsdb slave type: 0, cse driver version: 0. Slave initialization skipped.
WARNING: [Xicom 50-38] xicom: No CseXsdb register file specified for CseXsdb slave type: 0, cse driver version: 0. Slave initialization skipped.
WARNING: [Xicom 50-38] xicom: No CseXsdb register file specified for CseXsdb slave type: 0, cse driver version: 0. Slave initialization skipped.
WARNING: [Xicom 50-38] xicom: No CseXsdb register file specified for CseXsdb slave type: 0, cse driver version: 0. Slave initialization skipped.
WARNING: [Xicom 50-38] xicom: No CseXsdb register file specified for CseXsdb slave type: 0, cse driver version: 0. Slave initialization skipped.
WARNING: [Xicom 50-38] xicom: No CseXsdb register file specified for CseXsdb slave type: 0, cse driver version: 0. Slave initialization skipped.
WARNING: [Xicom 50-38] xicom: No CseXsdb register file specified for CseXsdb slave type: 0, cse driver version: 0. Slave initialization skipped.
INFO: [Labtools 27-1434] Device xcau15p (JTAG device index = 0) is programmed with a design that has no supported debug core(s) in it.
WARNING: [Labtools 27-3361] The debug hub core was not detected.
Resolution: 
1. Make sure the clock connected to the debug hub (dbg_hub) core is a free running clock and is active.
2. Make sure the BSCAN_SWITCH_USER_MASK device property in Vivado Hardware Manager reflects the user scan chain setting in the design and refresh the device.  To determine the user scan chain setting in the design, open the implemented design and use 'get_property C_USER_SCAN_CHAIN [get_debug_cores dbg_hub]'.
For more details on setting the scan chain property, consult the Vivado Debug and Programming User Guide (UG908).
WARNING: [Labtools 27-3413] Dropping logic core with cellname:'top_block_i/appUnit/vio_0' at location 'uuid_13660D3DE6EA5D97BF2494A8DAFA59E8' from probes file, since it cannot be found on the programmed device.
WARNING: [Labtools 27-3413] Dropping logic core with cellname:'u_ila_0' at location 'uuid_23E7D65A79BC59F7BC47406C1714DFAE' from probes file, since it cannot be found on the programmed device.
WARNING: [Labtools 27-3413] Dropping logic core with cellname:'u_ila_1' at location 'uuid_3B505A030738513C98471D25F5B1F848' from probes file, since it cannot be found on the programmed device.
WARNING: [Labtools 27-3413] Dropping logic core with cellname:'top_block_i/reset/vio_0' at location 'uuid_499384B9F3095737B91FDB55CCC11929' from probes file, since it cannot be found on the programmed device.
WARNING: [Labtools 27-3413] Dropping logic core with cellname:'top_block_i/appUnit/vio_3' at location 'uuid_732C2164C5EC5A098CC30C8BE781922A' from probes file, since it cannot be found on the programmed device.
WARNING: [Labtools 27-3413] Dropping logic core with cellname:'top_block_i/appUnit/vio_1' at location 'uuid_8A544E20624D5C7496CAE01C0462ADF8' from probes file, since it cannot be found on the programmed device.
WARNING: [Labtools 27-3413] Dropping logic core with cellname:'u_ila_2' at location 'uuid_B13C981AC2D554BFB4FBE0EECEA5CFD7' from probes file, since it cannot be found on the programmed device.
WARNING: [Labtools 27-3413] Dropping logic core with cellname:'top_block_i/appUnit/vio_2' at location 'uuid_D7E1C2B4E40655FD95244EE872A54A61' from probes file, since it cannot be found on the programmed device.
refresh_hw_device [lindex [get_hw_devices xcau15p_0] 0]
INFO: [Labtools 27-1434] Device xcau15p (JTAG device index = 0) is programmed with a design that has no supported debug core(s) in it.
WARNING: [Labtools 27-3361] The debug hub core was not detected.
Resolution: 
1. Make sure the clock connected to the debug hub (dbg_hub) core is a free running clock and is active.
2. Make sure the BSCAN_SWITCH_USER_MASK device property in Vivado Hardware Manager reflects the user scan chain setting in the design and refresh the device.  To determine the user scan chain setting in the design, open the implemented design and use 'get_property C_USER_SCAN_CHAIN [get_debug_cores dbg_hub]'.
For more details on setting the scan chain property, consult the Vivado Debug and Programming User Guide (UG908).
WARNING: [Labtools 27-3413] Dropping logic core with cellname:'top_block_i/appUnit/vio_0' at location 'uuid_13660D3DE6EA5D97BF2494A8DAFA59E8' from probes file, since it cannot be found on the programmed device.
WARNING: [Labtools 27-3413] Dropping logic core with cellname:'u_ila_0' at location 'uuid_23E7D65A79BC59F7BC47406C1714DFAE' from probes file, since it cannot be found on the programmed device.
WARNING: [Labtools 27-3413] Dropping logic core with cellname:'u_ila_1' at location 'uuid_3B505A030738513C98471D25F5B1F848' from probes file, since it cannot be found on the programmed device.
WARNING: [Labtools 27-3413] Dropping logic core with cellname:'top_block_i/reset/vio_0' at location 'uuid_499384B9F3095737B91FDB55CCC11929' from probes file, since it cannot be found on the programmed device.
WARNING: [Labtools 27-3413] Dropping logic core with cellname:'top_block_i/appUnit/vio_3' at location 'uuid_732C2164C5EC5A098CC30C8BE781922A' from probes file, since it cannot be found on the programmed device.
WARNING: [Labtools 27-3413] Dropping logic core with cellname:'top_block_i/appUnit/vio_1' at location 'uuid_8A544E20624D5C7496CAE01C0462ADF8' from probes file, since it cannot be found on the programmed device.
WARNING: [Labtools 27-3413] Dropping logic core with cellname:'u_ila_2' at location 'uuid_B13C981AC2D554BFB4FBE0EECEA5CFD7' from probes file, since it cannot be found on the programmed device.
WARNING: [Labtools 27-3413] Dropping logic core with cellname:'top_block_i/appUnit/vio_2' at location 'uuid_D7E1C2B4E40655FD95244EE872A54A61' from probes file, since it cannot be found on the programmed device.
set_property PROBES.FILE {/home/nagafusa/work/spadi/Fakernet/SAMIDARE/samidare.runs/impl_1/top_block_wrapper.ltx} [get_hw_devices xcau15p_0]
set_property FULL_PROBES.FILE {/home/nagafusa/work/spadi/Fakernet/SAMIDARE/samidare.runs/impl_1/top_block_wrapper.ltx} [get_hw_devices xcau15p_0]
set_property PROGRAM.FILE {/home/nagafusa/work/spadi/Fakernet/SAMIDARE/samidare.runs/impl_1/top_block_wrapper.bit} [get_hw_devices xcau15p_0]
program_hw_devices [get_hw_devices xcau15p_0]
INFO: [Labtools 27-3164] End of startup status: HIGH
program_hw_devices: Time (s): cpu = 00:00:16 ; elapsed = 00:00:15 . Memory (MB): peak = 13353.430 ; gain = 0.000 ; free physical = 37889 ; free virtual = 58491
refresh_hw_device [lindex [get_hw_devices xcau15p_0] 0]
WARNING: [Xicom 50-38] xicom: No CseXsdb register file specified for CseXsdb slave type: 0, cse driver version: 0. Slave initialization skipped.
WARNING: [Xicom 50-38] xicom: No CseXsdb register file specified for CseXsdb slave type: 0, cse driver version: 0. Slave initialization skipped.
WARNING: [Xicom 50-38] xicom: No CseXsdb register file specified for CseXsdb slave type: 0, cse driver version: 0. Slave initialization skipped.
WARNING: [Xicom 50-38] xicom: No CseXsdb register file specified for CseXsdb slave type: 0, cse driver version: 0. Slave initialization skipped.
WARNING: [Xicom 50-38] xicom: No CseXsdb register file specified for CseXsdb slave type: 0, cse driver version: 0. Slave initialization skipped.
WARNING: [Xicom 50-38] xicom: No CseXsdb register file specified for CseXsdb slave type: 0, cse driver version: 0. Slave initialization skipped.
WARNING: [Xicom 50-38] xicom: No CseXsdb register file specified for CseXsdb slave type: 0, cse driver version: 0. Slave initialization skipped.
WARNING: [Xicom 50-38] xicom: No CseXsdb register file specified for CseXsdb slave type: 0, cse driver version: 0. Slave initialization skipped.
INFO: [Labtools 27-1434] Device xcau15p (JTAG device index = 0) is programmed with a design that has no supported debug core(s) in it.
WARNING: [Labtools 27-3361] The debug hub core was not detected.
Resolution: 
1. Make sure the clock connected to the debug hub (dbg_hub) core is a free running clock and is active.
2. Make sure the BSCAN_SWITCH_USER_MASK device property in Vivado Hardware Manager reflects the user scan chain setting in the design and refresh the device.  To determine the user scan chain setting in the design, open the implemented design and use 'get_property C_USER_SCAN_CHAIN [get_debug_cores dbg_hub]'.
For more details on setting the scan chain property, consult the Vivado Debug and Programming User Guide (UG908).
WARNING: [Labtools 27-3413] Dropping logic core with cellname:'top_block_i/appUnit/vio_0' at location 'uuid_13660D3DE6EA5D97BF2494A8DAFA59E8' from probes file, since it cannot be found on the programmed device.
WARNING: [Labtools 27-3413] Dropping logic core with cellname:'u_ila_0' at location 'uuid_23E7D65A79BC59F7BC47406C1714DFAE' from probes file, since it cannot be found on the programmed device.
WARNING: [Labtools 27-3413] Dropping logic core with cellname:'u_ila_1' at location 'uuid_3B505A030738513C98471D25F5B1F848' from probes file, since it cannot be found on the programmed device.
WARNING: [Labtools 27-3413] Dropping logic core with cellname:'top_block_i/reset/vio_0' at location 'uuid_499384B9F3095737B91FDB55CCC11929' from probes file, since it cannot be found on the programmed device.
WARNING: [Labtools 27-3413] Dropping logic core with cellname:'top_block_i/appUnit/vio_3' at location 'uuid_732C2164C5EC5A098CC30C8BE781922A' from probes file, since it cannot be found on the programmed device.
WARNING: [Labtools 27-3413] Dropping logic core with cellname:'top_block_i/appUnit/vio_1' at location 'uuid_8A544E20624D5C7496CAE01C0462ADF8' from probes file, since it cannot be found on the programmed device.
WARNING: [Labtools 27-3413] Dropping logic core with cellname:'u_ila_2' at location 'uuid_B13C981AC2D554BFB4FBE0EECEA5CFD7' from probes file, since it cannot be found on the programmed device.
WARNING: [Labtools 27-3413] Dropping logic core with cellname:'top_block_i/appUnit/vio_2' at location 'uuid_D7E1C2B4E40655FD95244EE872A54A61' from probes file, since it cannot be found on the programmed device.
refresh_hw_device [lindex [get_hw_devices xcau15p_0] 0]
INFO: [Labtools 27-1434] Device xcau15p (JTAG device index = 0) is programmed with a design that has no supported debug core(s) in it.
WARNING: [Labtools 27-3361] The debug hub core was not detected.
Resolution: 
1. Make sure the clock connected to the debug hub (dbg_hub) core is a free running clock and is active.
2. Make sure the BSCAN_SWITCH_USER_MASK device property in Vivado Hardware Manager reflects the user scan chain setting in the design and refresh the device.  To determine the user scan chain setting in the design, open the implemented design and use 'get_property C_USER_SCAN_CHAIN [get_debug_cores dbg_hub]'.
For more details on setting the scan chain property, consult the Vivado Debug and Programming User Guide (UG908).
WARNING: [Labtools 27-3413] Dropping logic core with cellname:'top_block_i/appUnit/vio_0' at location 'uuid_13660D3DE6EA5D97BF2494A8DAFA59E8' from probes file, since it cannot be found on the programmed device.
WARNING: [Labtools 27-3413] Dropping logic core with cellname:'u_ila_0' at location 'uuid_23E7D65A79BC59F7BC47406C1714DFAE' from probes file, since it cannot be found on the programmed device.
WARNING: [Labtools 27-3413] Dropping logic core with cellname:'u_ila_1' at location 'uuid_3B505A030738513C98471D25F5B1F848' from probes file, since it cannot be found on the programmed device.
WARNING: [Labtools 27-3413] Dropping logic core with cellname:'top_block_i/reset/vio_0' at location 'uuid_499384B9F3095737B91FDB55CCC11929' from probes file, since it cannot be found on the programmed device.
WARNING: [Labtools 27-3413] Dropping logic core with cellname:'top_block_i/appUnit/vio_3' at location 'uuid_732C2164C5EC5A098CC30C8BE781922A' from probes file, since it cannot be found on the programmed device.
WARNING: [Labtools 27-3413] Dropping logic core with cellname:'top_block_i/appUnit/vio_1' at location 'uuid_8A544E20624D5C7496CAE01C0462ADF8' from probes file, since it cannot be found on the programmed device.
WARNING: [Labtools 27-3413] Dropping logic core with cellname:'u_ila_2' at location 'uuid_B13C981AC2D554BFB4FBE0EECEA5CFD7' from probes file, since it cannot be found on the programmed device.
WARNING: [Labtools 27-3413] Dropping logic core with cellname:'top_block_i/appUnit/vio_2' at location 'uuid_D7E1C2B4E40655FD95244EE872A54A61' from probes file, since it cannot be found on the programmed device.
CRITICAL WARNING: [Chipscope 16-3] Cannot debug net 'u_ila_0_bus0[35]'; it was auto-generated for Vivado debug.
CRITICAL WARNING: [Chipscope 16-3] Cannot debug net 'u_ila_0_bus0[35]'; it was auto-generated for Vivado debug.
INFO: [IP_Flow 19-1839] IP Catalog is up to date.
INFO: [IP_Flow 19-1839] IP Catalog is up to date.
INFO: [IP_Flow 19-1839] IP Catalog is up to date.
INFO: [IP_Flow 19-1839] IP Catalog is up to date.
INFO: [IP_Flow 19-1839] IP Catalog is up to date.
INFO: [IP_Flow 19-1839] IP Catalog is up to date.
INFO: [IP_Flow 19-1839] IP Catalog is up to date.
INFO: [IP_Flow 19-1839] IP Catalog is up to date.
INFO: [IP_Flow 19-1839] IP Catalog is up to date.
INFO: [IP_Flow 19-1839] IP Catalog is up to date.
INFO: [IP_Flow 19-1839] IP Catalog is up to date.
INFO: [IP_Flow 19-1839] IP Catalog is up to date.
INFO: [IP_Flow 19-1839] IP Catalog is up to date.
INFO: [IP_Flow 19-1839] IP Catalog is up to date.
INFO: [IP_Flow 19-1839] IP Catalog is up to date.
INFO: [IP_Flow 19-1839] IP Catalog is up to date.
INFO: [IP_Flow 19-1839] IP Catalog is up to date.
ERROR: [Labtoolstcl 44-513] HW Target shutdown. Closing target: localhost:3121/xilinx_tcf/Xilinx/000013e24a8f01
INFO: [Labtoolstcl 44-466] Opening hw_target localhost:3121/xilinx_tcf/Xilinx/000013e24a8f01
INFO: [Labtools 27-1435] Device xcau15p (JTAG device index = 0) is not programmed (DONE status = 0).
WARNING: [Labtoolstcl 44-129] No matching hw_ila_data was found.
set_property PROBES.FILE {/home/nagafusa/work/spadi/Fakernet/SAMIDARE/samidare.runs/impl_1/top_block_wrapper.ltx} [get_hw_devices xcau15p_0]
set_property FULL_PROBES.FILE {/home/nagafusa/work/spadi/Fakernet/SAMIDARE/samidare.runs/impl_1/top_block_wrapper.ltx} [get_hw_devices xcau15p_0]
set_property PROGRAM.FILE {/home/nagafusa/work/spadi/Fakernet/SAMIDARE/samidare.runs/impl_1/top_block_wrapper.bit} [get_hw_devices xcau15p_0]
program_hw_devices [get_hw_devices xcau15p_0]
INFO: [Labtools 27-3164] End of startup status: HIGH
program_hw_devices: Time (s): cpu = 00:00:16 ; elapsed = 00:00:15 . Memory (MB): peak = 13353.430 ; gain = 0.000 ; free physical = 37896 ; free virtual = 58490
refresh_hw_device [lindex [get_hw_devices xcau15p_0] 0]
WARNING: [Xicom 50-38] xicom: No CseXsdb register file specified for CseXsdb slave type: 0, cse driver version: 0. Slave initialization skipped.
WARNING: [Xicom 50-38] xicom: No CseXsdb register file specified for CseXsdb slave type: 0, cse driver version: 0. Slave initialization skipped.
WARNING: [Xicom 50-38] xicom: No CseXsdb register file specified for CseXsdb slave type: 0, cse driver version: 0. Slave initialization skipped.
WARNING: [Xicom 50-38] xicom: No CseXsdb register file specified for CseXsdb slave type: 0, cse driver version: 0. Slave initialization skipped.
WARNING: [Xicom 50-38] xicom: No CseXsdb register file specified for CseXsdb slave type: 0, cse driver version: 0. Slave initialization skipped.
WARNING: [Xicom 50-38] xicom: No CseXsdb register file specified for CseXsdb slave type: 0, cse driver version: 0. Slave initialization skipped.
WARNING: [Xicom 50-38] xicom: No CseXsdb register file specified for CseXsdb slave type: 0, cse driver version: 0. Slave initialization skipped.
WARNING: [Xicom 50-38] xicom: No CseXsdb register file specified for CseXsdb slave type: 0, cse driver version: 0. Slave initialization skipped.
INFO: [Labtools 27-1434] Device xcau15p (JTAG device index = 0) is programmed with a design that has no supported debug core(s) in it.
WARNING: [Labtools 27-3361] The debug hub core was not detected.
Resolution: 
1. Make sure the clock connected to the debug hub (dbg_hub) core is a free running clock and is active.
2. Make sure the BSCAN_SWITCH_USER_MASK device property in Vivado Hardware Manager reflects the user scan chain setting in the design and refresh the device.  To determine the user scan chain setting in the design, open the implemented design and use 'get_property C_USER_SCAN_CHAIN [get_debug_cores dbg_hub]'.
For more details on setting the scan chain property, consult the Vivado Debug and Programming User Guide (UG908).
WARNING: [Labtools 27-3413] Dropping logic core with cellname:'top_block_i/appUnit/vio_0' at location 'uuid_13660D3DE6EA5D97BF2494A8DAFA59E8' from probes file, since it cannot be found on the programmed device.
WARNING: [Labtools 27-3413] Dropping logic core with cellname:'u_ila_0' at location 'uuid_23E7D65A79BC59F7BC47406C1714DFAE' from probes file, since it cannot be found on the programmed device.
WARNING: [Labtools 27-3413] Dropping logic core with cellname:'u_ila_1' at location 'uuid_3B505A030738513C98471D25F5B1F848' from probes file, since it cannot be found on the programmed device.
WARNING: [Labtools 27-3413] Dropping logic core with cellname:'top_block_i/reset/vio_0' at location 'uuid_499384B9F3095737B91FDB55CCC11929' from probes file, since it cannot be found on the programmed device.
WARNING: [Labtools 27-3413] Dropping logic core with cellname:'top_block_i/appUnit/vio_3' at location 'uuid_732C2164C5EC5A098CC30C8BE781922A' from probes file, since it cannot be found on the programmed device.
WARNING: [Labtools 27-3413] Dropping logic core with cellname:'top_block_i/appUnit/vio_1' at location 'uuid_8A544E20624D5C7496CAE01C0462ADF8' from probes file, since it cannot be found on the programmed device.
WARNING: [Labtools 27-3413] Dropping logic core with cellname:'u_ila_2' at location 'uuid_B13C981AC2D554BFB4FBE0EECEA5CFD7' from probes file, since it cannot be found on the programmed device.
WARNING: [Labtools 27-3413] Dropping logic core with cellname:'top_block_i/appUnit/vio_2' at location 'uuid_D7E1C2B4E40655FD95244EE872A54A61' from probes file, since it cannot be found on the programmed device.
refresh_hw_device [lindex [get_hw_devices xcau15p_0] 0]
INFO: [Labtools 27-1434] Device xcau15p (JTAG device index = 0) is programmed with a design that has no supported debug core(s) in it.
WARNING: [Labtools 27-3361] The debug hub core was not detected.
Resolution: 
1. Make sure the clock connected to the debug hub (dbg_hub) core is a free running clock and is active.
2. Make sure the BSCAN_SWITCH_USER_MASK device property in Vivado Hardware Manager reflects the user scan chain setting in the design and refresh the device.  To determine the user scan chain setting in the design, open the implemented design and use 'get_property C_USER_SCAN_CHAIN [get_debug_cores dbg_hub]'.
For more details on setting the scan chain property, consult the Vivado Debug and Programming User Guide (UG908).
WARNING: [Labtools 27-3413] Dropping logic core with cellname:'top_block_i/appUnit/vio_0' at location 'uuid_13660D3DE6EA5D97BF2494A8DAFA59E8' from probes file, since it cannot be found on the programmed device.
WARNING: [Labtools 27-3413] Dropping logic core with cellname:'u_ila_0' at location 'uuid_23E7D65A79BC59F7BC47406C1714DFAE' from probes file, since it cannot be found on the programmed device.
WARNING: [Labtools 27-3413] Dropping logic core with cellname:'u_ila_1' at location 'uuid_3B505A030738513C98471D25F5B1F848' from probes file, since it cannot be found on the programmed device.
WARNING: [Labtools 27-3413] Dropping logic core with cellname:'top_block_i/reset/vio_0' at location 'uuid_499384B9F3095737B91FDB55CCC11929' from probes file, since it cannot be found on the programmed device.
WARNING: [Labtools 27-3413] Dropping logic core with cellname:'top_block_i/appUnit/vio_3' at location 'uuid_732C2164C5EC5A098CC30C8BE781922A' from probes file, since it cannot be found on the programmed device.
WARNING: [Labtools 27-3413] Dropping logic core with cellname:'top_block_i/appUnit/vio_1' at location 'uuid_8A544E20624D5C7496CAE01C0462ADF8' from probes file, since it cannot be found on the programmed device.
WARNING: [Labtools 27-3413] Dropping logic core with cellname:'u_ila_2' at location 'uuid_B13C981AC2D554BFB4FBE0EECEA5CFD7' from probes file, since it cannot be found on the programmed device.
WARNING: [Labtools 27-3413] Dropping logic core with cellname:'top_block_i/appUnit/vio_2' at location 'uuid_D7E1C2B4E40655FD95244EE872A54A61' from probes file, since it cannot be found on the programmed device.
refresh_hw_device [lindex [get_hw_devices xcau15p_0] 0]
INFO: [Labtools 27-1434] Device xcau15p (JTAG device index = 0) is programmed with a design that has no supported debug core(s) in it.
WARNING: [Labtools 27-3361] The debug hub core was not detected.
Resolution: 
1. Make sure the clock connected to the debug hub (dbg_hub) core is a free running clock and is active.
2. Make sure the BSCAN_SWITCH_USER_MASK device property in Vivado Hardware Manager reflects the user scan chain setting in the design and refresh the device.  To determine the user scan chain setting in the design, open the implemented design and use 'get_property C_USER_SCAN_CHAIN [get_debug_cores dbg_hub]'.
For more details on setting the scan chain property, consult the Vivado Debug and Programming User Guide (UG908).
WARNING: [Labtools 27-3413] Dropping logic core with cellname:'top_block_i/appUnit/vio_0' at location 'uuid_13660D3DE6EA5D97BF2494A8DAFA59E8' from probes file, since it cannot be found on the programmed device.
WARNING: [Labtools 27-3413] Dropping logic core with cellname:'u_ila_0' at location 'uuid_23E7D65A79BC59F7BC47406C1714DFAE' from probes file, since it cannot be found on the programmed device.
WARNING: [Labtools 27-3413] Dropping logic core with cellname:'u_ila_1' at location 'uuid_3B505A030738513C98471D25F5B1F848' from probes file, since it cannot be found on the programmed device.
WARNING: [Labtools 27-3413] Dropping logic core with cellname:'top_block_i/reset/vio_0' at location 'uuid_499384B9F3095737B91FDB55CCC11929' from probes file, since it cannot be found on the programmed device.
WARNING: [Labtools 27-3413] Dropping logic core with cellname:'top_block_i/appUnit/vio_3' at location 'uuid_732C2164C5EC5A098CC30C8BE781922A' from probes file, since it cannot be found on the programmed device.
WARNING: [Labtools 27-3413] Dropping logic core with cellname:'top_block_i/appUnit/vio_1' at location 'uuid_8A544E20624D5C7496CAE01C0462ADF8' from probes file, since it cannot be found on the programmed device.
WARNING: [Labtools 27-3413] Dropping logic core with cellname:'u_ila_2' at location 'uuid_B13C981AC2D554BFB4FBE0EECEA5CFD7' from probes file, since it cannot be found on the programmed device.
WARNING: [Labtools 27-3413] Dropping logic core with cellname:'top_block_i/appUnit/vio_2' at location 'uuid_D7E1C2B4E40655FD95244EE872A54A61' from probes file, since it cannot be found on the programmed device.
close_hw_manager
open_hw_manager
connect_hw_server -allow_non_jtag
INFO: [Labtools 27-2285] Connecting to hw_server url TCP:localhost:3121
INFO: [Labtools 27-3415] Connecting to cs_server url TCP:localhost:0
INFO: [Labtools 27-3417] Launching cs_server...
INFO: [Labtools 27-2221] Launch Output:


******** Xilinx cs_server v2022.2.0
  ****** Build date   : Oct 05 2022-08:25:37
    **** Build number : 2022.2.1664925937
      ** Copyright 2017-2024 Xilinx, Inc. All Rights Reserved.



open_hw_target
INFO: [Labtoolstcl 44-466] Opening hw_target localhost:3121/xilinx_tcf/Xilinx/000013e24a8f01
set_property PROGRAM.FILE {/home/nagafusa/work/spadi/Fakernet/SAMIDARE/samidare.runs/impl_1/top_block_wrapper.bit} [get_hw_devices xcau15p_0]
set_property PROBES.FILE {/home/nagafusa/work/spadi/Fakernet/SAMIDARE/samidare.runs/impl_1/top_block_wrapper.ltx} [get_hw_devices xcau15p_0]
set_property FULL_PROBES.FILE {/home/nagafusa/work/spadi/Fakernet/SAMIDARE/samidare.runs/impl_1/top_block_wrapper.ltx} [get_hw_devices xcau15p_0]
current_hw_device [get_hw_devices xcau15p_0]
refresh_hw_device [lindex [get_hw_devices xcau15p_0] 0]
WARNING: [Xicom 50-38] xicom: No CseXsdb register file specified for CseXsdb slave type: 0, cse driver version: 0. Slave initialization skipped.
WARNING: [Xicom 50-38] xicom: No CseXsdb register file specified for CseXsdb slave type: 0, cse driver version: 0. Slave initialization skipped.
WARNING: [Xicom 50-38] xicom: No CseXsdb register file specified for CseXsdb slave type: 0, cse driver version: 0. Slave initialization skipped.
WARNING: [Xicom 50-38] xicom: No CseXsdb register file specified for CseXsdb slave type: 0, cse driver version: 0. Slave initialization skipped.
WARNING: [Xicom 50-38] xicom: No CseXsdb register file specified for CseXsdb slave type: 0, cse driver version: 0. Slave initialization skipped.
WARNING: [Xicom 50-38] xicom: No CseXsdb register file specified for CseXsdb slave type: 0, cse driver version: 0. Slave initialization skipped.
WARNING: [Xicom 50-38] xicom: No CseXsdb register file specified for CseXsdb slave type: 0, cse driver version: 0. Slave initialization skipped.
WARNING: [Xicom 50-38] xicom: No CseXsdb register file specified for CseXsdb slave type: 0, cse driver version: 0. Slave initialization skipped.
INFO: [Labtools 27-1434] Device xcau15p (JTAG device index = 0) is programmed with a design that has no supported debug core(s) in it.
WARNING: [Labtools 27-3361] The debug hub core was not detected.
Resolution: 
1. Make sure the clock connected to the debug hub (dbg_hub) core is a free running clock and is active.
2. Make sure the BSCAN_SWITCH_USER_MASK device property in Vivado Hardware Manager reflects the user scan chain setting in the design and refresh the device.  To determine the user scan chain setting in the design, open the implemented design and use 'get_property C_USER_SCAN_CHAIN [get_debug_cores dbg_hub]'.
For more details on setting the scan chain property, consult the Vivado Debug and Programming User Guide (UG908).
WARNING: [Labtools 27-3413] Dropping logic core with cellname:'top_block_i/appUnit/vio_0' at location 'uuid_13660D3DE6EA5D97BF2494A8DAFA59E8' from probes file, since it cannot be found on the programmed device.
WARNING: [Labtools 27-3413] Dropping logic core with cellname:'u_ila_0' at location 'uuid_23E7D65A79BC59F7BC47406C1714DFAE' from probes file, since it cannot be found on the programmed device.
WARNING: [Labtools 27-3413] Dropping logic core with cellname:'u_ila_1' at location 'uuid_3B505A030738513C98471D25F5B1F848' from probes file, since it cannot be found on the programmed device.
WARNING: [Labtools 27-3413] Dropping logic core with cellname:'top_block_i/reset/vio_0' at location 'uuid_499384B9F3095737B91FDB55CCC11929' from probes file, since it cannot be found on the programmed device.
WARNING: [Labtools 27-3413] Dropping logic core with cellname:'top_block_i/appUnit/vio_3' at location 'uuid_732C2164C5EC5A098CC30C8BE781922A' from probes file, since it cannot be found on the programmed device.
WARNING: [Labtools 27-3413] Dropping logic core with cellname:'top_block_i/appUnit/vio_1' at location 'uuid_8A544E20624D5C7496CAE01C0462ADF8' from probes file, since it cannot be found on the programmed device.
WARNING: [Labtools 27-3413] Dropping logic core with cellname:'u_ila_2' at location 'uuid_B13C981AC2D554BFB4FBE0EECEA5CFD7' from probes file, since it cannot be found on the programmed device.
WARNING: [Labtools 27-3413] Dropping logic core with cellname:'top_block_i/appUnit/vio_2' at location 'uuid_D7E1C2B4E40655FD95244EE872A54A61' from probes file, since it cannot be found on the programmed device.
set_property PROBES.FILE {/home/nagafusa/work/spadi/Fakernet/SAMIDARE/samidare.runs/impl_1/top_block_wrapper.ltx} [get_hw_devices xcau15p_0]
set_property FULL_PROBES.FILE {/home/nagafusa/work/spadi/Fakernet/SAMIDARE/samidare.runs/impl_1/top_block_wrapper.ltx} [get_hw_devices xcau15p_0]
set_property PROGRAM.FILE {/home/nagafusa/work/spadi/Fakernet/SAMIDARE/samidare.runs/impl_1/top_block_wrapper.bit} [get_hw_devices xcau15p_0]
program_hw_devices [get_hw_devices xcau15p_0]
INFO: [Labtools 27-3164] End of startup status: HIGH
program_hw_devices: Time (s): cpu = 00:00:16 ; elapsed = 00:00:15 . Memory (MB): peak = 13353.430 ; gain = 0.000 ; free physical = 37896 ; free virtual = 58489
refresh_hw_device [lindex [get_hw_devices xcau15p_0] 0]
WARNING: [Xicom 50-38] xicom: No CseXsdb register file specified for CseXsdb slave type: 0, cse driver version: 0. Slave initialization skipped.
WARNING: [Xicom 50-38] xicom: No CseXsdb register file specified for CseXsdb slave type: 0, cse driver version: 0. Slave initialization skipped.
WARNING: [Xicom 50-38] xicom: No CseXsdb register file specified for CseXsdb slave type: 0, cse driver version: 0. Slave initialization skipped.
WARNING: [Xicom 50-38] xicom: No CseXsdb register file specified for CseXsdb slave type: 0, cse driver version: 0. Slave initialization skipped.
WARNING: [Xicom 50-38] xicom: No CseXsdb register file specified for CseXsdb slave type: 0, cse driver version: 0. Slave initialization skipped.
WARNING: [Xicom 50-38] xicom: No CseXsdb register file specified for CseXsdb slave type: 0, cse driver version: 0. Slave initialization skipped.
WARNING: [Xicom 50-38] xicom: No CseXsdb register file specified for CseXsdb slave type: 0, cse driver version: 0. Slave initialization skipped.
WARNING: [Xicom 50-38] xicom: No CseXsdb register file specified for CseXsdb slave type: 0, cse driver version: 0. Slave initialization skipped.
INFO: [Labtools 27-1434] Device xcau15p (JTAG device index = 0) is programmed with a design that has no supported debug core(s) in it.
WARNING: [Labtools 27-3361] The debug hub core was not detected.
Resolution: 
1. Make sure the clock connected to the debug hub (dbg_hub) core is a free running clock and is active.
2. Make sure the BSCAN_SWITCH_USER_MASK device property in Vivado Hardware Manager reflects the user scan chain setting in the design and refresh the device.  To determine the user scan chain setting in the design, open the implemented design and use 'get_property C_USER_SCAN_CHAIN [get_debug_cores dbg_hub]'.
For more details on setting the scan chain property, consult the Vivado Debug and Programming User Guide (UG908).
WARNING: [Labtools 27-3413] Dropping logic core with cellname:'top_block_i/appUnit/vio_0' at location 'uuid_13660D3DE6EA5D97BF2494A8DAFA59E8' from probes file, since it cannot be found on the programmed device.
WARNING: [Labtools 27-3413] Dropping logic core with cellname:'u_ila_0' at location 'uuid_23E7D65A79BC59F7BC47406C1714DFAE' from probes file, since it cannot be found on the programmed device.
WARNING: [Labtools 27-3413] Dropping logic core with cellname:'u_ila_1' at location 'uuid_3B505A030738513C98471D25F5B1F848' from probes file, since it cannot be found on the programmed device.
WARNING: [Labtools 27-3413] Dropping logic core with cellname:'top_block_i/reset/vio_0' at location 'uuid_499384B9F3095737B91FDB55CCC11929' from probes file, since it cannot be found on the programmed device.
WARNING: [Labtools 27-3413] Dropping logic core with cellname:'top_block_i/appUnit/vio_3' at location 'uuid_732C2164C5EC5A098CC30C8BE781922A' from probes file, since it cannot be found on the programmed device.
WARNING: [Labtools 27-3413] Dropping logic core with cellname:'top_block_i/appUnit/vio_1' at location 'uuid_8A544E20624D5C7496CAE01C0462ADF8' from probes file, since it cannot be found on the programmed device.
WARNING: [Labtools 27-3413] Dropping logic core with cellname:'u_ila_2' at location 'uuid_B13C981AC2D554BFB4FBE0EECEA5CFD7' from probes file, since it cannot be found on the programmed device.
WARNING: [Labtools 27-3413] Dropping logic core with cellname:'top_block_i/appUnit/vio_2' at location 'uuid_D7E1C2B4E40655FD95244EE872A54A61' from probes file, since it cannot be found on the programmed device.
refresh_hw_device [lindex [get_hw_devices xcau15p_0] 0]
INFO: [Labtools 27-1434] Device xcau15p (JTAG device index = 0) is programmed with a design that has no supported debug core(s) in it.
WARNING: [Labtools 27-3361] The debug hub core was not detected.
Resolution: 
1. Make sure the clock connected to the debug hub (dbg_hub) core is a free running clock and is active.
2. Make sure the BSCAN_SWITCH_USER_MASK device property in Vivado Hardware Manager reflects the user scan chain setting in the design and refresh the device.  To determine the user scan chain setting in the design, open the implemented design and use 'get_property C_USER_SCAN_CHAIN [get_debug_cores dbg_hub]'.
For more details on setting the scan chain property, consult the Vivado Debug and Programming User Guide (UG908).
WARNING: [Labtools 27-3413] Dropping logic core with cellname:'top_block_i/appUnit/vio_0' at location 'uuid_13660D3DE6EA5D97BF2494A8DAFA59E8' from probes file, since it cannot be found on the programmed device.
WARNING: [Labtools 27-3413] Dropping logic core with cellname:'u_ila_0' at location 'uuid_23E7D65A79BC59F7BC47406C1714DFAE' from probes file, since it cannot be found on the programmed device.
WARNING: [Labtools 27-3413] Dropping logic core with cellname:'u_ila_1' at location 'uuid_3B505A030738513C98471D25F5B1F848' from probes file, since it cannot be found on the programmed device.
WARNING: [Labtools 27-3413] Dropping logic core with cellname:'top_block_i/reset/vio_0' at location 'uuid_499384B9F3095737B91FDB55CCC11929' from probes file, since it cannot be found on the programmed device.
INFO: [Common 17-14] Message 'Labtools 27-3413' appears 100 times and further instances of the messages will be disabled. Use the Tcl command set_msg_config to change the current settings.
refresh_hw_device [lindex [get_hw_devices xcau15p_0] 0]
INFO: [Labtools 27-1434] Device xcau15p (JTAG device index = 0) is programmed with a design that has no supported debug core(s) in it.
WARNING: [Labtools 27-3361] The debug hub core was not detected.
Resolution: 
1. Make sure the clock connected to the debug hub (dbg_hub) core is a free running clock and is active.
2. Make sure the BSCAN_SWITCH_USER_MASK device property in Vivado Hardware Manager reflects the user scan chain setting in the design and refresh the device.  To determine the user scan chain setting in the design, open the implemented design and use 'get_property C_USER_SCAN_CHAIN [get_debug_cores dbg_hub]'.
For more details on setting the scan chain property, consult the Vivado Debug and Programming User Guide (UG908).
set_property SYSMON_REFRESH_RATE_MS 5000 [get_hw_sysmons localhost:3121/xilinx_tcf/Xilinx/000013e24a8f01/xcau15p_0/SYSMON]
set_property SYSMON_REFRESH_RATE_MS 1000 [get_hw_sysmons localhost:3121/xilinx_tcf/Xilinx/000013e24a8f01/xcau15p_0/SYSMON]
delete_debug_core [get_debug_cores {u_ila_0 u_ila_1 u_ila_2 }]
create_debug_core u_ila_0 ila
set_property C_DATA_DEPTH 2048 [get_debug_cores u_ila_0]
set_property C_TRIGIN_EN false [get_debug_cores u_ila_0]
set_property C_TRIGOUT_EN false [get_debug_cores u_ila_0]
set_property C_ADV_TRIGGER false [get_debug_cores u_ila_0]
set_property C_INPUT_PIPE_STAGES 0 [get_debug_cores u_ila_0]
set_property C_EN_STRG_QUAL false [get_debug_cores u_ila_0]
set_property ALL_PROBE_SAME_MU true [get_debug_cores u_ila_0]
set_property ALL_PROBE_SAME_MU_CNT 1 [get_debug_cores u_ila_0]
create_debug_core u_ila_1 ila
set_property C_DATA_DEPTH 2048 [get_debug_cores u_ila_1]
set_property C_TRIGIN_EN false [get_debug_cores u_ila_1]
set_property C_TRIGOUT_EN false [get_debug_cores u_ila_1]
set_property C_ADV_TRIGGER false [get_debug_cores u_ila_1]
set_property C_INPUT_PIPE_STAGES 0 [get_debug_cores u_ila_1]
set_property C_EN_STRG_QUAL false [get_debug_cores u_ila_1]
set_property ALL_PROBE_SAME_MU true [get_debug_cores u_ila_1]
set_property ALL_PROBE_SAME_MU_CNT 1 [get_debug_cores u_ila_1]
create_debug_core u_ila_2 ila
set_property C_DATA_DEPTH 2048 [get_debug_cores u_ila_2]
set_property C_TRIGIN_EN false [get_debug_cores u_ila_2]
set_property C_TRIGOUT_EN false [get_debug_cores u_ila_2]
set_property C_ADV_TRIGGER false [get_debug_cores u_ila_2]
set_property C_INPUT_PIPE_STAGES 0 [get_debug_cores u_ila_2]
set_property C_EN_STRG_QUAL false [get_debug_cores u_ila_2]
set_property ALL_PROBE_SAME_MU true [get_debug_cores u_ila_2]
set_property ALL_PROBE_SAME_MU_CNT 1 [get_debug_cores u_ila_2]
connect_debug_port u_ila_0/clk [get_nets [list top_block_i/clk_wiz_1/inst/clk_out1 ]]
connect_debug_port u_ila_1/clk [get_nets [list top_block_i/clk_wiz_0/inst/clk_out5 ]]
connect_debug_port u_ila_2/clk [get_nets [list top_block_i/clk_wiz_0/inst/clk_out1 ]]
set_property port_width 11 [get_debug_ports u_ila_0/probe0]
set_property PROBE_TYPE DATA_AND_TRIGGER [get_debug_ports u_ila_0/probe0]
connect_debug_port u_ila_0/probe0 [get_nets [list {top_block_i/appUnit/das_rx_0/inst/SO1[0]} {top_block_i/appUnit/das_rx_0/inst/SO1[1]} {top_block_i/appUnit/das_rx_0/inst/SO1[2]} {top_block_i/appUnit/das_rx_0/inst/SO1[3]} {top_block_i/appUnit/das_rx_0/inst/SO1[4]} {top_block_i/appUnit/das_rx_0/inst/SO1[5]} {top_block_i/appUnit/das_rx_0/inst/SO1[6]} {top_block_i/appUnit/das_rx_0/inst/SO1[7]} {top_block_i/appUnit/das_rx_0/inst/SO1[8]} {top_block_i/appUnit/das_rx_0/inst/SO1[9]} {top_block_i/appUnit/das_rx_0/inst/SO1[10]} ]]
create_debug_port u_ila_0 probe
set_property port_width 11 [get_debug_ports u_ila_0/probe1]
set_property PROBE_TYPE DATA_AND_TRIGGER [get_debug_ports u_ila_0/probe1]
connect_debug_port u_ila_0/probe1 [get_nets [list {top_block_i/appUnit/das_rx_0/inst/SO3[0]} {top_block_i/appUnit/das_rx_0/inst/SO3[1]} {top_block_i/appUnit/das_rx_0/inst/SO3[2]} {top_block_i/appUnit/das_rx_0/inst/SO3[3]} {top_block_i/appUnit/das_rx_0/inst/SO3[4]} {top_block_i/appUnit/das_rx_0/inst/SO3[5]} {top_block_i/appUnit/das_rx_0/inst/SO3[6]} {top_block_i/appUnit/das_rx_0/inst/SO3[7]} {top_block_i/appUnit/das_rx_0/inst/SO3[8]} {top_block_i/appUnit/das_rx_0/inst/SO3[9]} {top_block_i/appUnit/das_rx_0/inst/SO3[10]} ]]
create_debug_port u_ila_0 probe
set_property port_width 11 [get_debug_ports u_ila_0/probe2]
set_property PROBE_TYPE DATA_AND_TRIGGER [get_debug_ports u_ila_0/probe2]
connect_debug_port u_ila_0/probe2 [get_nets [list {top_block_i/appUnit/das_rx_0/inst/SO2[0]} {top_block_i/appUnit/das_rx_0/inst/SO2[1]} {top_block_i/appUnit/das_rx_0/inst/SO2[2]} {top_block_i/appUnit/das_rx_0/inst/SO2[3]} {top_block_i/appUnit/das_rx_0/inst/SO2[4]} {top_block_i/appUnit/das_rx_0/inst/SO2[5]} {top_block_i/appUnit/das_rx_0/inst/SO2[6]} {top_block_i/appUnit/das_rx_0/inst/SO2[7]} {top_block_i/appUnit/das_rx_0/inst/SO2[8]} {top_block_i/appUnit/das_rx_0/inst/SO2[9]} {top_block_i/appUnit/das_rx_0/inst/SO2[10]} ]]
create_debug_port u_ila_0 probe
set_property port_width 11 [get_debug_ports u_ila_0/probe3]
set_property PROBE_TYPE DATA_AND_TRIGGER [get_debug_ports u_ila_0/probe3]
connect_debug_port u_ila_0/probe3 [get_nets [list {top_block_i/appUnit/das_rx_0/inst/SO0[0]} {top_block_i/appUnit/das_rx_0/inst/SO0[1]} {top_block_i/appUnit/das_rx_0/inst/SO0[2]} {top_block_i/appUnit/das_rx_0/inst/SO0[3]} {top_block_i/appUnit/das_rx_0/inst/SO0[4]} {top_block_i/appUnit/das_rx_0/inst/SO0[5]} {top_block_i/appUnit/das_rx_0/inst/SO0[6]} {top_block_i/appUnit/das_rx_0/inst/SO0[7]} {top_block_i/appUnit/das_rx_0/inst/SO0[8]} {top_block_i/appUnit/das_rx_0/inst/SO0[9]} {top_block_i/appUnit/das_rx_0/inst/SO0[10]} ]]
create_debug_port u_ila_0 probe
set_property port_width 320 [get_debug_ports u_ila_0/probe4]
set_property PROBE_TYPE DATA_AND_TRIGGER [get_debug_ports u_ila_0/probe4]
connect_debug_port u_ila_0/probe4 [get_nets [list {top_block_i/appUnit/das_rx_0/inst/bus0[0]} {top_block_i/appUnit/das_rx_0/inst/bus0[1]} {top_block_i/appUnit/das_rx_0/inst/bus0[2]} {top_block_i/appUnit/das_rx_0/inst/bus0[3]} {top_block_i/appUnit/das_rx_0/inst/bus0[4]} {top_block_i/appUnit/das_rx_0/inst/bus0[5]} {top_block_i/appUnit/das_rx_0/inst/bus0[6]} {top_block_i/appUnit/das_rx_0/inst/bus0[7]} {top_block_i/appUnit/das_rx_0/inst/bus0[8]} {top_block_i/appUnit/das_rx_0/inst/bus0[9]} {top_block_i/appUnit/das_rx_0/inst/bus0[10]} {top_block_i/appUnit/das_rx_0/inst/bus0[11]} {top_block_i/appUnit/das_rx_0/inst/bus0[12]} {top_block_i/appUnit/das_rx_0/inst/bus0[13]} {top_block_i/appUnit/das_rx_0/inst/bus0[14]} {top_block_i/appUnit/das_rx_0/inst/bus0[15]} {top_block_i/appUnit/das_rx_0/inst/bus0[16]} {top_block_i/appUnit/das_rx_0/inst/bus0[17]} {top_block_i/appUnit/das_rx_0/inst/bus0[18]} {top_block_i/appUnit/das_rx_0/inst/bus0[19]} {top_block_i/appUnit/das_rx_0/inst/bus0[20]} {top_block_i/appUnit/das_rx_0/inst/bus0[21]} {top_block_i/appUnit/das_rx_0/inst/bus0[22]} {top_block_i/appUnit/das_rx_0/inst/bus0[23]} {top_block_i/appUnit/das_rx_0/inst/bus0[24]} {top_block_i/appUnit/das_rx_0/inst/bus0[25]} {top_block_i/appUnit/das_rx_0/inst/bus0[26]} {top_block_i/appUnit/das_rx_0/inst/bus0[27]} {top_block_i/appUnit/das_rx_0/inst/bus0[28]} {top_block_i/appUnit/das_rx_0/inst/bus0[29]} {top_block_i/appUnit/das_rx_0/inst/bus0[30]} {top_block_i/appUnit/das_rx_0/inst/bus0[31]} {top_block_i/appUnit/das_rx_0/inst/bus0[32]} {top_block_i/appUnit/das_rx_0/inst/bus0[33]} {top_block_i/appUnit/das_rx_0/inst/bus0[34]} {top_block_i/appUnit/das_rx_0/inst/bus0[35]} {top_block_i/appUnit/das_rx_0/inst/bus0[36]} {top_block_i/appUnit/das_rx_0/inst/bus0[37]} {top_block_i/appUnit/das_rx_0/inst/bus0[38]} {top_block_i/appUnit/das_rx_0/inst/bus0[39]} {top_block_i/appUnit/das_rx_0/inst/bus0[40]} {top_block_i/appUnit/das_rx_0/inst/bus0[41]} {top_block_i/appUnit/das_rx_0/inst/bus0[42]} {top_block_i/appUnit/das_rx_0/inst/bus0[43]} {top_block_i/appUnit/das_rx_0/inst/bus0[44]} {top_block_i/appUnit/das_rx_0/inst/bus0[45]} {top_block_i/appUnit/das_rx_0/inst/bus0[46]} {top_block_i/appUnit/das_rx_0/inst/bus0[47]} {top_block_i/appUnit/das_rx_0/inst/bus0[48]} {top_block_i/appUnit/das_rx_0/inst/bus0[49]} {top_block_i/appUnit/das_rx_0/inst/bus0[50]} {top_block_i/appUnit/das_rx_0/inst/bus0[51]} {top_block_i/appUnit/das_rx_0/inst/bus0[52]} {top_block_i/appUnit/das_rx_0/inst/bus0[53]} {top_block_i/appUnit/das_rx_0/inst/bus0[54]} {top_block_i/appUnit/das_rx_0/inst/bus0[55]} {top_block_i/appUnit/das_rx_0/inst/bus0[56]} {top_block_i/appUnit/das_rx_0/inst/bus0[57]} {top_block_i/appUnit/das_rx_0/inst/bus0[58]} {top_block_i/appUnit/das_rx_0/inst/bus0[59]} {top_block_i/appUnit/das_rx_0/inst/bus0[60]} {top_block_i/appUnit/das_rx_0/inst/bus0[61]} {top_block_i/appUnit/das_rx_0/inst/bus0[62]} {top_block_i/appUnit/das_rx_0/inst/bus0[63]} {top_block_i/appUnit/das_rx_0/inst/bus0[64]} {top_block_i/appUnit/das_rx_0/inst/bus0[65]} {top_block_i/appUnit/das_rx_0/inst/bus0[66]} {top_block_i/appUnit/das_rx_0/inst/bus0[67]} {top_block_i/appUnit/das_rx_0/inst/bus0[68]} {top_block_i/appUnit/das_rx_0/inst/bus0[69]} {top_block_i/appUnit/das_rx_0/inst/bus0[70]} {top_block_i/appUnit/das_rx_0/inst/bus0[71]} {top_block_i/appUnit/das_rx_0/inst/bus0[72]} {top_block_i/appUnit/das_rx_0/inst/bus0[73]} {top_block_i/appUnit/das_rx_0/inst/bus0[74]} {top_block_i/appUnit/das_rx_0/inst/bus0[75]} {top_block_i/appUnit/das_rx_0/inst/bus0[76]} {top_block_i/appUnit/das_rx_0/inst/bus0[77]} {top_block_i/appUnit/das_rx_0/inst/bus0[78]} {top_block_i/appUnit/das_rx_0/inst/bus0[79]} {top_block_i/appUnit/das_rx_0/inst/bus0[80]} {top_block_i/appUnit/das_rx_0/inst/bus0[81]} {top_block_i/appUnit/das_rx_0/inst/bus0[82]} {top_block_i/appUnit/das_rx_0/inst/bus0[83]} {top_block_i/appUnit/das_rx_0/inst/bus0[84]} {top_block_i/appUnit/das_rx_0/inst/bus0[85]} {top_block_i/appUnit/das_rx_0/inst/bus0[86]} {top_block_i/appUnit/das_rx_0/inst/bus0[87]} {top_block_i/appUnit/das_rx_0/inst/bus0[88]} {top_block_i/appUnit/das_rx_0/inst/bus0[89]} {top_block_i/appUnit/das_rx_0/inst/bus0[90]} {top_block_i/appUnit/das_rx_0/inst/bus0[91]} {top_block_i/appUnit/das_rx_0/inst/bus0[92]} {top_block_i/appUnit/das_rx_0/inst/bus0[93]} {top_block_i/appUnit/das_rx_0/inst/bus0[94]} {top_block_i/appUnit/das_rx_0/inst/bus0[95]} {top_block_i/appUnit/das_rx_0/inst/bus0[96]} {top_block_i/appUnit/das_rx_0/inst/bus0[97]} {top_block_i/appUnit/das_rx_0/inst/bus0[98]} {top_block_i/appUnit/das_rx_0/inst/bus0[99]} {top_block_i/appUnit/das_rx_0/inst/bus0[100]} {top_block_i/appUnit/das_rx_0/inst/bus0[101]} {top_block_i/appUnit/das_rx_0/inst/bus0[102]} {top_block_i/appUnit/das_rx_0/inst/bus0[103]} {top_block_i/appUnit/das_rx_0/inst/bus0[104]} {top_block_i/appUnit/das_rx_0/inst/bus0[105]} {top_block_i/appUnit/das_rx_0/inst/bus0[106]} {top_block_i/appUnit/das_rx_0/inst/bus0[107]} {top_block_i/appUnit/das_rx_0/inst/bus0[108]} {top_block_i/appUnit/das_rx_0/inst/bus0[109]} {top_block_i/appUnit/das_rx_0/inst/bus0[110]} {top_block_i/appUnit/das_rx_0/inst/bus0[111]} {top_block_i/appUnit/das_rx_0/inst/bus0[112]} {top_block_i/appUnit/das_rx_0/inst/bus0[113]} {top_block_i/appUnit/das_rx_0/inst/bus0[114]} {top_block_i/appUnit/das_rx_0/inst/bus0[115]} {top_block_i/appUnit/das_rx_0/inst/bus0[116]} {top_block_i/appUnit/das_rx_0/inst/bus0[117]} {top_block_i/appUnit/das_rx_0/inst/bus0[118]} {top_block_i/appUnit/das_rx_0/inst/bus0[119]} {top_block_i/appUnit/das_rx_0/inst/bus0[120]} {top_block_i/appUnit/das_rx_0/inst/bus0[121]} {top_block_i/appUnit/das_rx_0/inst/bus0[122]} {top_block_i/appUnit/das_rx_0/inst/bus0[123]} {top_block_i/appUnit/das_rx_0/inst/bus0[124]} {top_block_i/appUnit/das_rx_0/inst/bus0[125]} {top_block_i/appUnit/das_rx_0/inst/bus0[126]} {top_block_i/appUnit/das_rx_0/inst/bus0[127]} {top_block_i/appUnit/das_rx_0/inst/bus0[128]} {top_block_i/appUnit/das_rx_0/inst/bus0[129]} {top_block_i/appUnit/das_rx_0/inst/bus0[130]} {top_block_i/appUnit/das_rx_0/inst/bus0[131]} {top_block_i/appUnit/das_rx_0/inst/bus0[132]} {top_block_i/appUnit/das_rx_0/inst/bus0[133]} {top_block_i/appUnit/das_rx_0/inst/bus0[134]} {top_block_i/appUnit/das_rx_0/inst/bus0[135]} {top_block_i/appUnit/das_rx_0/inst/bus0[136]} {top_block_i/appUnit/das_rx_0/inst/bus0[137]} {top_block_i/appUnit/das_rx_0/inst/bus0[138]} {top_block_i/appUnit/das_rx_0/inst/bus0[139]} {top_block_i/appUnit/das_rx_0/inst/bus0[140]} {top_block_i/appUnit/das_rx_0/inst/bus0[141]} {top_block_i/appUnit/das_rx_0/inst/bus0[142]} {top_block_i/appUnit/das_rx_0/inst/bus0[143]} {top_block_i/appUnit/das_rx_0/inst/bus0[144]} {top_block_i/appUnit/das_rx_0/inst/bus0[145]} {top_block_i/appUnit/das_rx_0/inst/bus0[146]} {top_block_i/appUnit/das_rx_0/inst/bus0[147]} {top_block_i/appUnit/das_rx_0/inst/bus0[148]} {top_block_i/appUnit/das_rx_0/inst/bus0[149]} {top_block_i/appUnit/das_rx_0/inst/bus0[150]} {top_block_i/appUnit/das_rx_0/inst/bus0[151]} {top_block_i/appUnit/das_rx_0/inst/bus0[152]} {top_block_i/appUnit/das_rx_0/inst/bus0[153]} {top_block_i/appUnit/das_rx_0/inst/bus0[154]} {top_block_i/appUnit/das_rx_0/inst/bus0[155]} {top_block_i/appUnit/das_rx_0/inst/bus0[156]} {top_block_i/appUnit/das_rx_0/inst/bus0[157]} {top_block_i/appUnit/das_rx_0/inst/bus0[158]} {top_block_i/appUnit/das_rx_0/inst/bus0[159]} {top_block_i/appUnit/das_rx_0/inst/bus0[160]} {top_block_i/appUnit/das_rx_0/inst/bus0[161]} {top_block_i/appUnit/das_rx_0/inst/bus0[162]} {top_block_i/appUnit/das_rx_0/inst/bus0[163]} {top_block_i/appUnit/das_rx_0/inst/bus0[164]} {top_block_i/appUnit/das_rx_0/inst/bus0[165]} {top_block_i/appUnit/das_rx_0/inst/bus0[166]} {top_block_i/appUnit/das_rx_0/inst/bus0[167]} {top_block_i/appUnit/das_rx_0/inst/bus0[168]} {top_block_i/appUnit/das_rx_0/inst/bus0[169]} {top_block_i/appUnit/das_rx_0/inst/bus0[170]} {top_block_i/appUnit/das_rx_0/inst/bus0[171]} {top_block_i/appUnit/das_rx_0/inst/bus0[172]} {top_block_i/appUnit/das_rx_0/inst/bus0[173]} {top_block_i/appUnit/das_rx_0/inst/bus0[174]} {top_block_i/appUnit/das_rx_0/inst/bus0[175]} {top_block_i/appUnit/das_rx_0/inst/bus0[176]} {top_block_i/appUnit/das_rx_0/inst/bus0[177]} {top_block_i/appUnit/das_rx_0/inst/bus0[178]} {top_block_i/appUnit/das_rx_0/inst/bus0[179]} {top_block_i/appUnit/das_rx_0/inst/bus0[180]} {top_block_i/appUnit/das_rx_0/inst/bus0[181]} {top_block_i/appUnit/das_rx_0/inst/bus0[182]} {top_block_i/appUnit/das_rx_0/inst/bus0[183]} {top_block_i/appUnit/das_rx_0/inst/bus0[184]} {top_block_i/appUnit/das_rx_0/inst/bus0[185]} {top_block_i/appUnit/das_rx_0/inst/bus0[186]} {top_block_i/appUnit/das_rx_0/inst/bus0[187]} {top_block_i/appUnit/das_rx_0/inst/bus0[188]} {top_block_i/appUnit/das_rx_0/inst/bus0[189]} {top_block_i/appUnit/das_rx_0/inst/bus0[190]} {top_block_i/appUnit/das_rx_0/inst/bus0[191]} {top_block_i/appUnit/das_rx_0/inst/bus0[192]} {top_block_i/appUnit/das_rx_0/inst/bus0[193]} {top_block_i/appUnit/das_rx_0/inst/bus0[194]} {top_block_i/appUnit/das_rx_0/inst/bus0[195]} {top_block_i/appUnit/das_rx_0/inst/bus0[196]} {top_block_i/appUnit/das_rx_0/inst/bus0[197]} {top_block_i/appUnit/das_rx_0/inst/bus0[198]} {top_block_i/appUnit/das_rx_0/inst/bus0[199]} {top_block_i/appUnit/das_rx_0/inst/bus0[200]} {top_block_i/appUnit/das_rx_0/inst/bus0[201]} {top_block_i/appUnit/das_rx_0/inst/bus0[202]} {top_block_i/appUnit/das_rx_0/inst/bus0[203]} {top_block_i/appUnit/das_rx_0/inst/bus0[204]} {top_block_i/appUnit/das_rx_0/inst/bus0[205]} {top_block_i/appUnit/das_rx_0/inst/bus0[206]} {top_block_i/appUnit/das_rx_0/inst/bus0[207]} {top_block_i/appUnit/das_rx_0/inst/bus0[208]} {top_block_i/appUnit/das_rx_0/inst/bus0[209]} {top_block_i/appUnit/das_rx_0/inst/bus0[210]} {top_block_i/appUnit/das_rx_0/inst/bus0[211]} {top_block_i/appUnit/das_rx_0/inst/bus0[212]} {top_block_i/appUnit/das_rx_0/inst/bus0[213]} {top_block_i/appUnit/das_rx_0/inst/bus0[214]} {top_block_i/appUnit/das_rx_0/inst/bus0[215]} {top_block_i/appUnit/das_rx_0/inst/bus0[216]} {top_block_i/appUnit/das_rx_0/inst/bus0[217]} {top_block_i/appUnit/das_rx_0/inst/bus0[218]} {top_block_i/appUnit/das_rx_0/inst/bus0[219]} {top_block_i/appUnit/das_rx_0/inst/bus0[220]} {top_block_i/appUnit/das_rx_0/inst/bus0[221]} {top_block_i/appUnit/das_rx_0/inst/bus0[222]} {top_block_i/appUnit/das_rx_0/inst/bus0[223]} {top_block_i/appUnit/das_rx_0/inst/bus0[224]} {top_block_i/appUnit/das_rx_0/inst/bus0[225]} {top_block_i/appUnit/das_rx_0/inst/bus0[226]} {top_block_i/appUnit/das_rx_0/inst/bus0[227]} {top_block_i/appUnit/das_rx_0/inst/bus0[228]} {top_block_i/appUnit/das_rx_0/inst/bus0[229]} {top_block_i/appUnit/das_rx_0/inst/bus0[230]} {top_block_i/appUnit/das_rx_0/inst/bus0[231]} {top_block_i/appUnit/das_rx_0/inst/bus0[232]} {top_block_i/appUnit/das_rx_0/inst/bus0[233]} {top_block_i/appUnit/das_rx_0/inst/bus0[234]} {top_block_i/appUnit/das_rx_0/inst/bus0[235]} {top_block_i/appUnit/das_rx_0/inst/bus0[236]} {top_block_i/appUnit/das_rx_0/inst/bus0[237]} {top_block_i/appUnit/das_rx_0/inst/bus0[238]} {top_block_i/appUnit/das_rx_0/inst/bus0[239]} {top_block_i/appUnit/das_rx_0/inst/bus0[240]} {top_block_i/appUnit/das_rx_0/inst/bus0[241]} {top_block_i/appUnit/das_rx_0/inst/bus0[242]} {top_block_i/appUnit/das_rx_0/inst/bus0[243]} {top_block_i/appUnit/das_rx_0/inst/bus0[244]} {top_block_i/appUnit/das_rx_0/inst/bus0[245]} {top_block_i/appUnit/das_rx_0/inst/bus0[246]} {top_block_i/appUnit/das_rx_0/inst/bus0[247]} {top_block_i/appUnit/das_rx_0/inst/bus0[248]} {top_block_i/appUnit/das_rx_0/inst/bus0[249]} {top_block_i/appUnit/das_rx_0/inst/bus0[250]} {top_block_i/appUnit/das_rx_0/inst/bus0[251]} {top_block_i/appUnit/das_rx_0/inst/bus0[252]} {top_block_i/appUnit/das_rx_0/inst/bus0[253]} {top_block_i/appUnit/das_rx_0/inst/bus0[254]} {top_block_i/appUnit/das_rx_0/inst/bus0[255]} {top_block_i/appUnit/das_rx_0/inst/bus0[256]} {top_block_i/appUnit/das_rx_0/inst/bus0[257]} {top_block_i/appUnit/das_rx_0/inst/bus0[258]} {top_block_i/appUnit/das_rx_0/inst/bus0[259]} {top_block_i/appUnit/das_rx_0/inst/bus0[260]} {top_block_i/appUnit/das_rx_0/inst/bus0[261]} {top_block_i/appUnit/das_rx_0/inst/bus0[262]} {top_block_i/appUnit/das_rx_0/inst/bus0[263]} {top_block_i/appUnit/das_rx_0/inst/bus0[264]} {top_block_i/appUnit/das_rx_0/inst/bus0[265]} {top_block_i/appUnit/das_rx_0/inst/bus0[266]} {top_block_i/appUnit/das_rx_0/inst/bus0[267]} {top_block_i/appUnit/das_rx_0/inst/bus0[268]} {top_block_i/appUnit/das_rx_0/inst/bus0[269]} {top_block_i/appUnit/das_rx_0/inst/bus0[270]} {top_block_i/appUnit/das_rx_0/inst/bus0[271]} {top_block_i/appUnit/das_rx_0/inst/bus0[272]} {top_block_i/appUnit/das_rx_0/inst/bus0[273]} {top_block_i/appUnit/das_rx_0/inst/bus0[274]} {top_block_i/appUnit/das_rx_0/inst/bus0[275]} {top_block_i/appUnit/das_rx_0/inst/bus0[276]} {top_block_i/appUnit/das_rx_0/inst/bus0[277]} {top_block_i/appUnit/das_rx_0/inst/bus0[278]} {top_block_i/appUnit/das_rx_0/inst/bus0[279]} {top_block_i/appUnit/das_rx_0/inst/bus0[280]} {top_block_i/appUnit/das_rx_0/inst/bus0[281]} {top_block_i/appUnit/das_rx_0/inst/bus0[282]} {top_block_i/appUnit/das_rx_0/inst/bus0[283]} {top_block_i/appUnit/das_rx_0/inst/bus0[284]} {top_block_i/appUnit/das_rx_0/inst/bus0[285]} {top_block_i/appUnit/das_rx_0/inst/bus0[286]} {top_block_i/appUnit/das_rx_0/inst/bus0[287]} {top_block_i/appUnit/das_rx_0/inst/bus0[288]} {top_block_i/appUnit/das_rx_0/inst/bus0[289]} {top_block_i/appUnit/das_rx_0/inst/bus0[290]} {top_block_i/appUnit/das_rx_0/inst/bus0[291]} {top_block_i/appUnit/das_rx_0/inst/bus0[292]} {top_block_i/appUnit/das_rx_0/inst/bus0[293]} {top_block_i/appUnit/das_rx_0/inst/bus0[294]} {top_block_i/appUnit/das_rx_0/inst/bus0[295]} {top_block_i/appUnit/das_rx_0/inst/bus0[296]} {top_block_i/appUnit/das_rx_0/inst/bus0[297]} {top_block_i/appUnit/das_rx_0/inst/bus0[298]} {top_block_i/appUnit/das_rx_0/inst/bus0[299]} {top_block_i/appUnit/das_rx_0/inst/bus0[300]} {top_block_i/appUnit/das_rx_0/inst/bus0[301]} {top_block_i/appUnit/das_rx_0/inst/bus0[302]} {top_block_i/appUnit/das_rx_0/inst/bus0[303]} {top_block_i/appUnit/das_rx_0/inst/bus0[304]} {top_block_i/appUnit/das_rx_0/inst/bus0[305]} {top_block_i/appUnit/das_rx_0/inst/bus0[306]} {top_block_i/appUnit/das_rx_0/inst/bus0[307]} {top_block_i/appUnit/das_rx_0/inst/bus0[308]} {top_block_i/appUnit/das_rx_0/inst/bus0[309]} {top_block_i/appUnit/das_rx_0/inst/bus0[310]} {top_block_i/appUnit/das_rx_0/inst/bus0[311]} {top_block_i/appUnit/das_rx_0/inst/bus0[312]} {top_block_i/appUnit/das_rx_0/inst/bus0[313]} {top_block_i/appUnit/das_rx_0/inst/bus0[314]} {top_block_i/appUnit/das_rx_0/inst/bus0[315]} {top_block_i/appUnit/das_rx_0/inst/bus0[316]} {top_block_i/appUnit/das_rx_0/inst/bus0[317]} {top_block_i/appUnit/das_rx_0/inst/bus0[318]} {top_block_i/appUnit/das_rx_0/inst/bus0[319]} ]]
create_debug_port u_ila_0 probe
set_property port_width 320 [get_debug_ports u_ila_0/probe5]
set_property PROBE_TYPE DATA_AND_TRIGGER [get_debug_ports u_ila_0/probe5]
connect_debug_port u_ila_0/probe5 [get_nets [list {top_block_i/appUnit/das_rx_0/inst/bus2[0]} {top_block_i/appUnit/das_rx_0/inst/bus2[1]} {top_block_i/appUnit/das_rx_0/inst/bus2[2]} {top_block_i/appUnit/das_rx_0/inst/bus2[3]} {top_block_i/appUnit/das_rx_0/inst/bus2[4]} {top_block_i/appUnit/das_rx_0/inst/bus2[5]} {top_block_i/appUnit/das_rx_0/inst/bus2[6]} {top_block_i/appUnit/das_rx_0/inst/bus2[7]} {top_block_i/appUnit/das_rx_0/inst/bus2[8]} {top_block_i/appUnit/das_rx_0/inst/bus2[9]} {top_block_i/appUnit/das_rx_0/inst/bus2[10]} {top_block_i/appUnit/das_rx_0/inst/bus2[11]} {top_block_i/appUnit/das_rx_0/inst/bus2[12]} {top_block_i/appUnit/das_rx_0/inst/bus2[13]} {top_block_i/appUnit/das_rx_0/inst/bus2[14]} {top_block_i/appUnit/das_rx_0/inst/bus2[15]} {top_block_i/appUnit/das_rx_0/inst/bus2[16]} {top_block_i/appUnit/das_rx_0/inst/bus2[17]} {top_block_i/appUnit/das_rx_0/inst/bus2[18]} {top_block_i/appUnit/das_rx_0/inst/bus2[19]} {top_block_i/appUnit/das_rx_0/inst/bus2[20]} {top_block_i/appUnit/das_rx_0/inst/bus2[21]} {top_block_i/appUnit/das_rx_0/inst/bus2[22]} {top_block_i/appUnit/das_rx_0/inst/bus2[23]} {top_block_i/appUnit/das_rx_0/inst/bus2[24]} {top_block_i/appUnit/das_rx_0/inst/bus2[25]} {top_block_i/appUnit/das_rx_0/inst/bus2[26]} {top_block_i/appUnit/das_rx_0/inst/bus2[27]} {top_block_i/appUnit/das_rx_0/inst/bus2[28]} {top_block_i/appUnit/das_rx_0/inst/bus2[29]} {top_block_i/appUnit/das_rx_0/inst/bus2[30]} {top_block_i/appUnit/das_rx_0/inst/bus2[31]} {top_block_i/appUnit/das_rx_0/inst/bus2[32]} {top_block_i/appUnit/das_rx_0/inst/bus2[33]} {top_block_i/appUnit/das_rx_0/inst/bus2[34]} {top_block_i/appUnit/das_rx_0/inst/bus2[35]} {top_block_i/appUnit/das_rx_0/inst/bus2[36]} {top_block_i/appUnit/das_rx_0/inst/bus2[37]} {top_block_i/appUnit/das_rx_0/inst/bus2[38]} {top_block_i/appUnit/das_rx_0/inst/bus2[39]} {top_block_i/appUnit/das_rx_0/inst/bus2[40]} {top_block_i/appUnit/das_rx_0/inst/bus2[41]} {top_block_i/appUnit/das_rx_0/inst/bus2[42]} {top_block_i/appUnit/das_rx_0/inst/bus2[43]} {top_block_i/appUnit/das_rx_0/inst/bus2[44]} {top_block_i/appUnit/das_rx_0/inst/bus2[45]} {top_block_i/appUnit/das_rx_0/inst/bus2[46]} {top_block_i/appUnit/das_rx_0/inst/bus2[47]} {top_block_i/appUnit/das_rx_0/inst/bus2[48]} {top_block_i/appUnit/das_rx_0/inst/bus2[49]} {top_block_i/appUnit/das_rx_0/inst/bus2[50]} {top_block_i/appUnit/das_rx_0/inst/bus2[51]} {top_block_i/appUnit/das_rx_0/inst/bus2[52]} {top_block_i/appUnit/das_rx_0/inst/bus2[53]} {top_block_i/appUnit/das_rx_0/inst/bus2[54]} {top_block_i/appUnit/das_rx_0/inst/bus2[55]} {top_block_i/appUnit/das_rx_0/inst/bus2[56]} {top_block_i/appUnit/das_rx_0/inst/bus2[57]} {top_block_i/appUnit/das_rx_0/inst/bus2[58]} {top_block_i/appUnit/das_rx_0/inst/bus2[59]} {top_block_i/appUnit/das_rx_0/inst/bus2[60]} {top_block_i/appUnit/das_rx_0/inst/bus2[61]} {top_block_i/appUnit/das_rx_0/inst/bus2[62]} {top_block_i/appUnit/das_rx_0/inst/bus2[63]} {top_block_i/appUnit/das_rx_0/inst/bus2[64]} {top_block_i/appUnit/das_rx_0/inst/bus2[65]} {top_block_i/appUnit/das_rx_0/inst/bus2[66]} {top_block_i/appUnit/das_rx_0/inst/bus2[67]} {top_block_i/appUnit/das_rx_0/inst/bus2[68]} {top_block_i/appUnit/das_rx_0/inst/bus2[69]} {top_block_i/appUnit/das_rx_0/inst/bus2[70]} {top_block_i/appUnit/das_rx_0/inst/bus2[71]} {top_block_i/appUnit/das_rx_0/inst/bus2[72]} {top_block_i/appUnit/das_rx_0/inst/bus2[73]} {top_block_i/appUnit/das_rx_0/inst/bus2[74]} {top_block_i/appUnit/das_rx_0/inst/bus2[75]} {top_block_i/appUnit/das_rx_0/inst/bus2[76]} {top_block_i/appUnit/das_rx_0/inst/bus2[77]} {top_block_i/appUnit/das_rx_0/inst/bus2[78]} {top_block_i/appUnit/das_rx_0/inst/bus2[79]} {top_block_i/appUnit/das_rx_0/inst/bus2[80]} {top_block_i/appUnit/das_rx_0/inst/bus2[81]} {top_block_i/appUnit/das_rx_0/inst/bus2[82]} {top_block_i/appUnit/das_rx_0/inst/bus2[83]} {top_block_i/appUnit/das_rx_0/inst/bus2[84]} {top_block_i/appUnit/das_rx_0/inst/bus2[85]} {top_block_i/appUnit/das_rx_0/inst/bus2[86]} {top_block_i/appUnit/das_rx_0/inst/bus2[87]} {top_block_i/appUnit/das_rx_0/inst/bus2[88]} {top_block_i/appUnit/das_rx_0/inst/bus2[89]} {top_block_i/appUnit/das_rx_0/inst/bus2[90]} {top_block_i/appUnit/das_rx_0/inst/bus2[91]} {top_block_i/appUnit/das_rx_0/inst/bus2[92]} {top_block_i/appUnit/das_rx_0/inst/bus2[93]} {top_block_i/appUnit/das_rx_0/inst/bus2[94]} {top_block_i/appUnit/das_rx_0/inst/bus2[95]} {top_block_i/appUnit/das_rx_0/inst/bus2[96]} {top_block_i/appUnit/das_rx_0/inst/bus2[97]} {top_block_i/appUnit/das_rx_0/inst/bus2[98]} {top_block_i/appUnit/das_rx_0/inst/bus2[99]} {top_block_i/appUnit/das_rx_0/inst/bus2[100]} {top_block_i/appUnit/das_rx_0/inst/bus2[101]} {top_block_i/appUnit/das_rx_0/inst/bus2[102]} {top_block_i/appUnit/das_rx_0/inst/bus2[103]} {top_block_i/appUnit/das_rx_0/inst/bus2[104]} {top_block_i/appUnit/das_rx_0/inst/bus2[105]} {top_block_i/appUnit/das_rx_0/inst/bus2[106]} {top_block_i/appUnit/das_rx_0/inst/bus2[107]} {top_block_i/appUnit/das_rx_0/inst/bus2[108]} {top_block_i/appUnit/das_rx_0/inst/bus2[109]} {top_block_i/appUnit/das_rx_0/inst/bus2[110]} {top_block_i/appUnit/das_rx_0/inst/bus2[111]} {top_block_i/appUnit/das_rx_0/inst/bus2[112]} {top_block_i/appUnit/das_rx_0/inst/bus2[113]} {top_block_i/appUnit/das_rx_0/inst/bus2[114]} {top_block_i/appUnit/das_rx_0/inst/bus2[115]} {top_block_i/appUnit/das_rx_0/inst/bus2[116]} {top_block_i/appUnit/das_rx_0/inst/bus2[117]} {top_block_i/appUnit/das_rx_0/inst/bus2[118]} {top_block_i/appUnit/das_rx_0/inst/bus2[119]} {top_block_i/appUnit/das_rx_0/inst/bus2[120]} {top_block_i/appUnit/das_rx_0/inst/bus2[121]} {top_block_i/appUnit/das_rx_0/inst/bus2[122]} {top_block_i/appUnit/das_rx_0/inst/bus2[123]} {top_block_i/appUnit/das_rx_0/inst/bus2[124]} {top_block_i/appUnit/das_rx_0/inst/bus2[125]} {top_block_i/appUnit/das_rx_0/inst/bus2[126]} {top_block_i/appUnit/das_rx_0/inst/bus2[127]} {top_block_i/appUnit/das_rx_0/inst/bus2[128]} {top_block_i/appUnit/das_rx_0/inst/bus2[129]} {top_block_i/appUnit/das_rx_0/inst/bus2[130]} {top_block_i/appUnit/das_rx_0/inst/bus2[131]} {top_block_i/appUnit/das_rx_0/inst/bus2[132]} {top_block_i/appUnit/das_rx_0/inst/bus2[133]} {top_block_i/appUnit/das_rx_0/inst/bus2[134]} {top_block_i/appUnit/das_rx_0/inst/bus2[135]} {top_block_i/appUnit/das_rx_0/inst/bus2[136]} {top_block_i/appUnit/das_rx_0/inst/bus2[137]} {top_block_i/appUnit/das_rx_0/inst/bus2[138]} {top_block_i/appUnit/das_rx_0/inst/bus2[139]} {top_block_i/appUnit/das_rx_0/inst/bus2[140]} {top_block_i/appUnit/das_rx_0/inst/bus2[141]} {top_block_i/appUnit/das_rx_0/inst/bus2[142]} {top_block_i/appUnit/das_rx_0/inst/bus2[143]} {top_block_i/appUnit/das_rx_0/inst/bus2[144]} {top_block_i/appUnit/das_rx_0/inst/bus2[145]} {top_block_i/appUnit/das_rx_0/inst/bus2[146]} {top_block_i/appUnit/das_rx_0/inst/bus2[147]} {top_block_i/appUnit/das_rx_0/inst/bus2[148]} {top_block_i/appUnit/das_rx_0/inst/bus2[149]} {top_block_i/appUnit/das_rx_0/inst/bus2[150]} {top_block_i/appUnit/das_rx_0/inst/bus2[151]} {top_block_i/appUnit/das_rx_0/inst/bus2[152]} {top_block_i/appUnit/das_rx_0/inst/bus2[153]} {top_block_i/appUnit/das_rx_0/inst/bus2[154]} {top_block_i/appUnit/das_rx_0/inst/bus2[155]} {top_block_i/appUnit/das_rx_0/inst/bus2[156]} {top_block_i/appUnit/das_rx_0/inst/bus2[157]} {top_block_i/appUnit/das_rx_0/inst/bus2[158]} {top_block_i/appUnit/das_rx_0/inst/bus2[159]} {top_block_i/appUnit/das_rx_0/inst/bus2[160]} {top_block_i/appUnit/das_rx_0/inst/bus2[161]} {top_block_i/appUnit/das_rx_0/inst/bus2[162]} {top_block_i/appUnit/das_rx_0/inst/bus2[163]} {top_block_i/appUnit/das_rx_0/inst/bus2[164]} {top_block_i/appUnit/das_rx_0/inst/bus2[165]} {top_block_i/appUnit/das_rx_0/inst/bus2[166]} {top_block_i/appUnit/das_rx_0/inst/bus2[167]} {top_block_i/appUnit/das_rx_0/inst/bus2[168]} {top_block_i/appUnit/das_rx_0/inst/bus2[169]} {top_block_i/appUnit/das_rx_0/inst/bus2[170]} {top_block_i/appUnit/das_rx_0/inst/bus2[171]} {top_block_i/appUnit/das_rx_0/inst/bus2[172]} {top_block_i/appUnit/das_rx_0/inst/bus2[173]} {top_block_i/appUnit/das_rx_0/inst/bus2[174]} {top_block_i/appUnit/das_rx_0/inst/bus2[175]} {top_block_i/appUnit/das_rx_0/inst/bus2[176]} {top_block_i/appUnit/das_rx_0/inst/bus2[177]} {top_block_i/appUnit/das_rx_0/inst/bus2[178]} {top_block_i/appUnit/das_rx_0/inst/bus2[179]} {top_block_i/appUnit/das_rx_0/inst/bus2[180]} {top_block_i/appUnit/das_rx_0/inst/bus2[181]} {top_block_i/appUnit/das_rx_0/inst/bus2[182]} {top_block_i/appUnit/das_rx_0/inst/bus2[183]} {top_block_i/appUnit/das_rx_0/inst/bus2[184]} {top_block_i/appUnit/das_rx_0/inst/bus2[185]} {top_block_i/appUnit/das_rx_0/inst/bus2[186]} {top_block_i/appUnit/das_rx_0/inst/bus2[187]} {top_block_i/appUnit/das_rx_0/inst/bus2[188]} {top_block_i/appUnit/das_rx_0/inst/bus2[189]} {top_block_i/appUnit/das_rx_0/inst/bus2[190]} {top_block_i/appUnit/das_rx_0/inst/bus2[191]} {top_block_i/appUnit/das_rx_0/inst/bus2[192]} {top_block_i/appUnit/das_rx_0/inst/bus2[193]} {top_block_i/appUnit/das_rx_0/inst/bus2[194]} {top_block_i/appUnit/das_rx_0/inst/bus2[195]} {top_block_i/appUnit/das_rx_0/inst/bus2[196]} {top_block_i/appUnit/das_rx_0/inst/bus2[197]} {top_block_i/appUnit/das_rx_0/inst/bus2[198]} {top_block_i/appUnit/das_rx_0/inst/bus2[199]} {top_block_i/appUnit/das_rx_0/inst/bus2[200]} {top_block_i/appUnit/das_rx_0/inst/bus2[201]} {top_block_i/appUnit/das_rx_0/inst/bus2[202]} {top_block_i/appUnit/das_rx_0/inst/bus2[203]} {top_block_i/appUnit/das_rx_0/inst/bus2[204]} {top_block_i/appUnit/das_rx_0/inst/bus2[205]} {top_block_i/appUnit/das_rx_0/inst/bus2[206]} {top_block_i/appUnit/das_rx_0/inst/bus2[207]} {top_block_i/appUnit/das_rx_0/inst/bus2[208]} {top_block_i/appUnit/das_rx_0/inst/bus2[209]} {top_block_i/appUnit/das_rx_0/inst/bus2[210]} {top_block_i/appUnit/das_rx_0/inst/bus2[211]} {top_block_i/appUnit/das_rx_0/inst/bus2[212]} {top_block_i/appUnit/das_rx_0/inst/bus2[213]} {top_block_i/appUnit/das_rx_0/inst/bus2[214]} {top_block_i/appUnit/das_rx_0/inst/bus2[215]} {top_block_i/appUnit/das_rx_0/inst/bus2[216]} {top_block_i/appUnit/das_rx_0/inst/bus2[217]} {top_block_i/appUnit/das_rx_0/inst/bus2[218]} {top_block_i/appUnit/das_rx_0/inst/bus2[219]} {top_block_i/appUnit/das_rx_0/inst/bus2[220]} {top_block_i/appUnit/das_rx_0/inst/bus2[221]} {top_block_i/appUnit/das_rx_0/inst/bus2[222]} {top_block_i/appUnit/das_rx_0/inst/bus2[223]} {top_block_i/appUnit/das_rx_0/inst/bus2[224]} {top_block_i/appUnit/das_rx_0/inst/bus2[225]} {top_block_i/appUnit/das_rx_0/inst/bus2[226]} {top_block_i/appUnit/das_rx_0/inst/bus2[227]} {top_block_i/appUnit/das_rx_0/inst/bus2[228]} {top_block_i/appUnit/das_rx_0/inst/bus2[229]} {top_block_i/appUnit/das_rx_0/inst/bus2[230]} {top_block_i/appUnit/das_rx_0/inst/bus2[231]} {top_block_i/appUnit/das_rx_0/inst/bus2[232]} {top_block_i/appUnit/das_rx_0/inst/bus2[233]} {top_block_i/appUnit/das_rx_0/inst/bus2[234]} {top_block_i/appUnit/das_rx_0/inst/bus2[235]} {top_block_i/appUnit/das_rx_0/inst/bus2[236]} {top_block_i/appUnit/das_rx_0/inst/bus2[237]} {top_block_i/appUnit/das_rx_0/inst/bus2[238]} {top_block_i/appUnit/das_rx_0/inst/bus2[239]} {top_block_i/appUnit/das_rx_0/inst/bus2[240]} {top_block_i/appUnit/das_rx_0/inst/bus2[241]} {top_block_i/appUnit/das_rx_0/inst/bus2[242]} {top_block_i/appUnit/das_rx_0/inst/bus2[243]} {top_block_i/appUnit/das_rx_0/inst/bus2[244]} {top_block_i/appUnit/das_rx_0/inst/bus2[245]} {top_block_i/appUnit/das_rx_0/inst/bus2[246]} {top_block_i/appUnit/das_rx_0/inst/bus2[247]} {top_block_i/appUnit/das_rx_0/inst/bus2[248]} {top_block_i/appUnit/das_rx_0/inst/bus2[249]} {top_block_i/appUnit/das_rx_0/inst/bus2[250]} {top_block_i/appUnit/das_rx_0/inst/bus2[251]} {top_block_i/appUnit/das_rx_0/inst/bus2[252]} {top_block_i/appUnit/das_rx_0/inst/bus2[253]} {top_block_i/appUnit/das_rx_0/inst/bus2[254]} {top_block_i/appUnit/das_rx_0/inst/bus2[255]} {top_block_i/appUnit/das_rx_0/inst/bus2[256]} {top_block_i/appUnit/das_rx_0/inst/bus2[257]} {top_block_i/appUnit/das_rx_0/inst/bus2[258]} {top_block_i/appUnit/das_rx_0/inst/bus2[259]} {top_block_i/appUnit/das_rx_0/inst/bus2[260]} {top_block_i/appUnit/das_rx_0/inst/bus2[261]} {top_block_i/appUnit/das_rx_0/inst/bus2[262]} {top_block_i/appUnit/das_rx_0/inst/bus2[263]} {top_block_i/appUnit/das_rx_0/inst/bus2[264]} {top_block_i/appUnit/das_rx_0/inst/bus2[265]} {top_block_i/appUnit/das_rx_0/inst/bus2[266]} {top_block_i/appUnit/das_rx_0/inst/bus2[267]} {top_block_i/appUnit/das_rx_0/inst/bus2[268]} {top_block_i/appUnit/das_rx_0/inst/bus2[269]} {top_block_i/appUnit/das_rx_0/inst/bus2[270]} {top_block_i/appUnit/das_rx_0/inst/bus2[271]} {top_block_i/appUnit/das_rx_0/inst/bus2[272]} {top_block_i/appUnit/das_rx_0/inst/bus2[273]} {top_block_i/appUnit/das_rx_0/inst/bus2[274]} {top_block_i/appUnit/das_rx_0/inst/bus2[275]} {top_block_i/appUnit/das_rx_0/inst/bus2[276]} {top_block_i/appUnit/das_rx_0/inst/bus2[277]} {top_block_i/appUnit/das_rx_0/inst/bus2[278]} {top_block_i/appUnit/das_rx_0/inst/bus2[279]} {top_block_i/appUnit/das_rx_0/inst/bus2[280]} {top_block_i/appUnit/das_rx_0/inst/bus2[281]} {top_block_i/appUnit/das_rx_0/inst/bus2[282]} {top_block_i/appUnit/das_rx_0/inst/bus2[283]} {top_block_i/appUnit/das_rx_0/inst/bus2[284]} {top_block_i/appUnit/das_rx_0/inst/bus2[285]} {top_block_i/appUnit/das_rx_0/inst/bus2[286]} {top_block_i/appUnit/das_rx_0/inst/bus2[287]} {top_block_i/appUnit/das_rx_0/inst/bus2[288]} {top_block_i/appUnit/das_rx_0/inst/bus2[289]} {top_block_i/appUnit/das_rx_0/inst/bus2[290]} {top_block_i/appUnit/das_rx_0/inst/bus2[291]} {top_block_i/appUnit/das_rx_0/inst/bus2[292]} {top_block_i/appUnit/das_rx_0/inst/bus2[293]} {top_block_i/appUnit/das_rx_0/inst/bus2[294]} {top_block_i/appUnit/das_rx_0/inst/bus2[295]} {top_block_i/appUnit/das_rx_0/inst/bus2[296]} {top_block_i/appUnit/das_rx_0/inst/bus2[297]} {top_block_i/appUnit/das_rx_0/inst/bus2[298]} {top_block_i/appUnit/das_rx_0/inst/bus2[299]} {top_block_i/appUnit/das_rx_0/inst/bus2[300]} {top_block_i/appUnit/das_rx_0/inst/bus2[301]} {top_block_i/appUnit/das_rx_0/inst/bus2[302]} {top_block_i/appUnit/das_rx_0/inst/bus2[303]} {top_block_i/appUnit/das_rx_0/inst/bus2[304]} {top_block_i/appUnit/das_rx_0/inst/bus2[305]} {top_block_i/appUnit/das_rx_0/inst/bus2[306]} {top_block_i/appUnit/das_rx_0/inst/bus2[307]} {top_block_i/appUnit/das_rx_0/inst/bus2[308]} {top_block_i/appUnit/das_rx_0/inst/bus2[309]} {top_block_i/appUnit/das_rx_0/inst/bus2[310]} {top_block_i/appUnit/das_rx_0/inst/bus2[311]} {top_block_i/appUnit/das_rx_0/inst/bus2[312]} {top_block_i/appUnit/das_rx_0/inst/bus2[313]} {top_block_i/appUnit/das_rx_0/inst/bus2[314]} {top_block_i/appUnit/das_rx_0/inst/bus2[315]} {top_block_i/appUnit/das_rx_0/inst/bus2[316]} {top_block_i/appUnit/das_rx_0/inst/bus2[317]} {top_block_i/appUnit/das_rx_0/inst/bus2[318]} {top_block_i/appUnit/das_rx_0/inst/bus2[319]} ]]
create_debug_port u_ila_0 probe
set_property port_width 320 [get_debug_ports u_ila_0/probe6]
set_property PROBE_TYPE DATA_AND_TRIGGER [get_debug_ports u_ila_0/probe6]
connect_debug_port u_ila_0/probe6 [get_nets [list {top_block_i/appUnit/das_rx_0/inst/bus1[0]} {top_block_i/appUnit/das_rx_0/inst/bus1[1]} {top_block_i/appUnit/das_rx_0/inst/bus1[2]} {top_block_i/appUnit/das_rx_0/inst/bus1[3]} {top_block_i/appUnit/das_rx_0/inst/bus1[4]} {top_block_i/appUnit/das_rx_0/inst/bus1[5]} {top_block_i/appUnit/das_rx_0/inst/bus1[6]} {top_block_i/appUnit/das_rx_0/inst/bus1[7]} {top_block_i/appUnit/das_rx_0/inst/bus1[8]} {top_block_i/appUnit/das_rx_0/inst/bus1[9]} {top_block_i/appUnit/das_rx_0/inst/bus1[10]} {top_block_i/appUnit/das_rx_0/inst/bus1[11]} {top_block_i/appUnit/das_rx_0/inst/bus1[12]} {top_block_i/appUnit/das_rx_0/inst/bus1[13]} {top_block_i/appUnit/das_rx_0/inst/bus1[14]} {top_block_i/appUnit/das_rx_0/inst/bus1[15]} {top_block_i/appUnit/das_rx_0/inst/bus1[16]} {top_block_i/appUnit/das_rx_0/inst/bus1[17]} {top_block_i/appUnit/das_rx_0/inst/bus1[18]} {top_block_i/appUnit/das_rx_0/inst/bus1[19]} {top_block_i/appUnit/das_rx_0/inst/bus1[20]} {top_block_i/appUnit/das_rx_0/inst/bus1[21]} {top_block_i/appUnit/das_rx_0/inst/bus1[22]} {top_block_i/appUnit/das_rx_0/inst/bus1[23]} {top_block_i/appUnit/das_rx_0/inst/bus1[24]} {top_block_i/appUnit/das_rx_0/inst/bus1[25]} {top_block_i/appUnit/das_rx_0/inst/bus1[26]} {top_block_i/appUnit/das_rx_0/inst/bus1[27]} {top_block_i/appUnit/das_rx_0/inst/bus1[28]} {top_block_i/appUnit/das_rx_0/inst/bus1[29]} {top_block_i/appUnit/das_rx_0/inst/bus1[30]} {top_block_i/appUnit/das_rx_0/inst/bus1[31]} {top_block_i/appUnit/das_rx_0/inst/bus1[32]} {top_block_i/appUnit/das_rx_0/inst/bus1[33]} {top_block_i/appUnit/das_rx_0/inst/bus1[34]} {top_block_i/appUnit/das_rx_0/inst/bus1[35]} {top_block_i/appUnit/das_rx_0/inst/bus1[36]} {top_block_i/appUnit/das_rx_0/inst/bus1[37]} {top_block_i/appUnit/das_rx_0/inst/bus1[38]} {top_block_i/appUnit/das_rx_0/inst/bus1[39]} {top_block_i/appUnit/das_rx_0/inst/bus1[40]} {top_block_i/appUnit/das_rx_0/inst/bus1[41]} {top_block_i/appUnit/das_rx_0/inst/bus1[42]} {top_block_i/appUnit/das_rx_0/inst/bus1[43]} {top_block_i/appUnit/das_rx_0/inst/bus1[44]} {top_block_i/appUnit/das_rx_0/inst/bus1[45]} {top_block_i/appUnit/das_rx_0/inst/bus1[46]} {top_block_i/appUnit/das_rx_0/inst/bus1[47]} {top_block_i/appUnit/das_rx_0/inst/bus1[48]} {top_block_i/appUnit/das_rx_0/inst/bus1[49]} {top_block_i/appUnit/das_rx_0/inst/bus1[50]} {top_block_i/appUnit/das_rx_0/inst/bus1[51]} {top_block_i/appUnit/das_rx_0/inst/bus1[52]} {top_block_i/appUnit/das_rx_0/inst/bus1[53]} {top_block_i/appUnit/das_rx_0/inst/bus1[54]} {top_block_i/appUnit/das_rx_0/inst/bus1[55]} {top_block_i/appUnit/das_rx_0/inst/bus1[56]} {top_block_i/appUnit/das_rx_0/inst/bus1[57]} {top_block_i/appUnit/das_rx_0/inst/bus1[58]} {top_block_i/appUnit/das_rx_0/inst/bus1[59]} {top_block_i/appUnit/das_rx_0/inst/bus1[60]} {top_block_i/appUnit/das_rx_0/inst/bus1[61]} {top_block_i/appUnit/das_rx_0/inst/bus1[62]} {top_block_i/appUnit/das_rx_0/inst/bus1[63]} {top_block_i/appUnit/das_rx_0/inst/bus1[64]} {top_block_i/appUnit/das_rx_0/inst/bus1[65]} {top_block_i/appUnit/das_rx_0/inst/bus1[66]} {top_block_i/appUnit/das_rx_0/inst/bus1[67]} {top_block_i/appUnit/das_rx_0/inst/bus1[68]} {top_block_i/appUnit/das_rx_0/inst/bus1[69]} {top_block_i/appUnit/das_rx_0/inst/bus1[70]} {top_block_i/appUnit/das_rx_0/inst/bus1[71]} {top_block_i/appUnit/das_rx_0/inst/bus1[72]} {top_block_i/appUnit/das_rx_0/inst/bus1[73]} {top_block_i/appUnit/das_rx_0/inst/bus1[74]} {top_block_i/appUnit/das_rx_0/inst/bus1[75]} {top_block_i/appUnit/das_rx_0/inst/bus1[76]} {top_block_i/appUnit/das_rx_0/inst/bus1[77]} {top_block_i/appUnit/das_rx_0/inst/bus1[78]} {top_block_i/appUnit/das_rx_0/inst/bus1[79]} {top_block_i/appUnit/das_rx_0/inst/bus1[80]} {top_block_i/appUnit/das_rx_0/inst/bus1[81]} {top_block_i/appUnit/das_rx_0/inst/bus1[82]} {top_block_i/appUnit/das_rx_0/inst/bus1[83]} {top_block_i/appUnit/das_rx_0/inst/bus1[84]} {top_block_i/appUnit/das_rx_0/inst/bus1[85]} {top_block_i/appUnit/das_rx_0/inst/bus1[86]} {top_block_i/appUnit/das_rx_0/inst/bus1[87]} {top_block_i/appUnit/das_rx_0/inst/bus1[88]} {top_block_i/appUnit/das_rx_0/inst/bus1[89]} {top_block_i/appUnit/das_rx_0/inst/bus1[90]} {top_block_i/appUnit/das_rx_0/inst/bus1[91]} {top_block_i/appUnit/das_rx_0/inst/bus1[92]} {top_block_i/appUnit/das_rx_0/inst/bus1[93]} {top_block_i/appUnit/das_rx_0/inst/bus1[94]} {top_block_i/appUnit/das_rx_0/inst/bus1[95]} {top_block_i/appUnit/das_rx_0/inst/bus1[96]} {top_block_i/appUnit/das_rx_0/inst/bus1[97]} {top_block_i/appUnit/das_rx_0/inst/bus1[98]} {top_block_i/appUnit/das_rx_0/inst/bus1[99]} {top_block_i/appUnit/das_rx_0/inst/bus1[100]} {top_block_i/appUnit/das_rx_0/inst/bus1[101]} {top_block_i/appUnit/das_rx_0/inst/bus1[102]} {top_block_i/appUnit/das_rx_0/inst/bus1[103]} {top_block_i/appUnit/das_rx_0/inst/bus1[104]} {top_block_i/appUnit/das_rx_0/inst/bus1[105]} {top_block_i/appUnit/das_rx_0/inst/bus1[106]} {top_block_i/appUnit/das_rx_0/inst/bus1[107]} {top_block_i/appUnit/das_rx_0/inst/bus1[108]} {top_block_i/appUnit/das_rx_0/inst/bus1[109]} {top_block_i/appUnit/das_rx_0/inst/bus1[110]} {top_block_i/appUnit/das_rx_0/inst/bus1[111]} {top_block_i/appUnit/das_rx_0/inst/bus1[112]} {top_block_i/appUnit/das_rx_0/inst/bus1[113]} {top_block_i/appUnit/das_rx_0/inst/bus1[114]} {top_block_i/appUnit/das_rx_0/inst/bus1[115]} {top_block_i/appUnit/das_rx_0/inst/bus1[116]} {top_block_i/appUnit/das_rx_0/inst/bus1[117]} {top_block_i/appUnit/das_rx_0/inst/bus1[118]} {top_block_i/appUnit/das_rx_0/inst/bus1[119]} {top_block_i/appUnit/das_rx_0/inst/bus1[120]} {top_block_i/appUnit/das_rx_0/inst/bus1[121]} {top_block_i/appUnit/das_rx_0/inst/bus1[122]} {top_block_i/appUnit/das_rx_0/inst/bus1[123]} {top_block_i/appUnit/das_rx_0/inst/bus1[124]} {top_block_i/appUnit/das_rx_0/inst/bus1[125]} {top_block_i/appUnit/das_rx_0/inst/bus1[126]} {top_block_i/appUnit/das_rx_0/inst/bus1[127]} {top_block_i/appUnit/das_rx_0/inst/bus1[128]} {top_block_i/appUnit/das_rx_0/inst/bus1[129]} {top_block_i/appUnit/das_rx_0/inst/bus1[130]} {top_block_i/appUnit/das_rx_0/inst/bus1[131]} {top_block_i/appUnit/das_rx_0/inst/bus1[132]} {top_block_i/appUnit/das_rx_0/inst/bus1[133]} {top_block_i/appUnit/das_rx_0/inst/bus1[134]} {top_block_i/appUnit/das_rx_0/inst/bus1[135]} {top_block_i/appUnit/das_rx_0/inst/bus1[136]} {top_block_i/appUnit/das_rx_0/inst/bus1[137]} {top_block_i/appUnit/das_rx_0/inst/bus1[138]} {top_block_i/appUnit/das_rx_0/inst/bus1[139]} {top_block_i/appUnit/das_rx_0/inst/bus1[140]} {top_block_i/appUnit/das_rx_0/inst/bus1[141]} {top_block_i/appUnit/das_rx_0/inst/bus1[142]} {top_block_i/appUnit/das_rx_0/inst/bus1[143]} {top_block_i/appUnit/das_rx_0/inst/bus1[144]} {top_block_i/appUnit/das_rx_0/inst/bus1[145]} {top_block_i/appUnit/das_rx_0/inst/bus1[146]} {top_block_i/appUnit/das_rx_0/inst/bus1[147]} {top_block_i/appUnit/das_rx_0/inst/bus1[148]} {top_block_i/appUnit/das_rx_0/inst/bus1[149]} {top_block_i/appUnit/das_rx_0/inst/bus1[150]} {top_block_i/appUnit/das_rx_0/inst/bus1[151]} {top_block_i/appUnit/das_rx_0/inst/bus1[152]} {top_block_i/appUnit/das_rx_0/inst/bus1[153]} {top_block_i/appUnit/das_rx_0/inst/bus1[154]} {top_block_i/appUnit/das_rx_0/inst/bus1[155]} {top_block_i/appUnit/das_rx_0/inst/bus1[156]} {top_block_i/appUnit/das_rx_0/inst/bus1[157]} {top_block_i/appUnit/das_rx_0/inst/bus1[158]} {top_block_i/appUnit/das_rx_0/inst/bus1[159]} {top_block_i/appUnit/das_rx_0/inst/bus1[160]} {top_block_i/appUnit/das_rx_0/inst/bus1[161]} {top_block_i/appUnit/das_rx_0/inst/bus1[162]} {top_block_i/appUnit/das_rx_0/inst/bus1[163]} {top_block_i/appUnit/das_rx_0/inst/bus1[164]} {top_block_i/appUnit/das_rx_0/inst/bus1[165]} {top_block_i/appUnit/das_rx_0/inst/bus1[166]} {top_block_i/appUnit/das_rx_0/inst/bus1[167]} {top_block_i/appUnit/das_rx_0/inst/bus1[168]} {top_block_i/appUnit/das_rx_0/inst/bus1[169]} {top_block_i/appUnit/das_rx_0/inst/bus1[170]} {top_block_i/appUnit/das_rx_0/inst/bus1[171]} {top_block_i/appUnit/das_rx_0/inst/bus1[172]} {top_block_i/appUnit/das_rx_0/inst/bus1[173]} {top_block_i/appUnit/das_rx_0/inst/bus1[174]} {top_block_i/appUnit/das_rx_0/inst/bus1[175]} {top_block_i/appUnit/das_rx_0/inst/bus1[176]} {top_block_i/appUnit/das_rx_0/inst/bus1[177]} {top_block_i/appUnit/das_rx_0/inst/bus1[178]} {top_block_i/appUnit/das_rx_0/inst/bus1[179]} {top_block_i/appUnit/das_rx_0/inst/bus1[180]} {top_block_i/appUnit/das_rx_0/inst/bus1[181]} {top_block_i/appUnit/das_rx_0/inst/bus1[182]} {top_block_i/appUnit/das_rx_0/inst/bus1[183]} {top_block_i/appUnit/das_rx_0/inst/bus1[184]} {top_block_i/appUnit/das_rx_0/inst/bus1[185]} {top_block_i/appUnit/das_rx_0/inst/bus1[186]} {top_block_i/appUnit/das_rx_0/inst/bus1[187]} {top_block_i/appUnit/das_rx_0/inst/bus1[188]} {top_block_i/appUnit/das_rx_0/inst/bus1[189]} {top_block_i/appUnit/das_rx_0/inst/bus1[190]} {top_block_i/appUnit/das_rx_0/inst/bus1[191]} {top_block_i/appUnit/das_rx_0/inst/bus1[192]} {top_block_i/appUnit/das_rx_0/inst/bus1[193]} {top_block_i/appUnit/das_rx_0/inst/bus1[194]} {top_block_i/appUnit/das_rx_0/inst/bus1[195]} {top_block_i/appUnit/das_rx_0/inst/bus1[196]} {top_block_i/appUnit/das_rx_0/inst/bus1[197]} {top_block_i/appUnit/das_rx_0/inst/bus1[198]} {top_block_i/appUnit/das_rx_0/inst/bus1[199]} {top_block_i/appUnit/das_rx_0/inst/bus1[200]} {top_block_i/appUnit/das_rx_0/inst/bus1[201]} {top_block_i/appUnit/das_rx_0/inst/bus1[202]} {top_block_i/appUnit/das_rx_0/inst/bus1[203]} {top_block_i/appUnit/das_rx_0/inst/bus1[204]} {top_block_i/appUnit/das_rx_0/inst/bus1[205]} {top_block_i/appUnit/das_rx_0/inst/bus1[206]} {top_block_i/appUnit/das_rx_0/inst/bus1[207]} {top_block_i/appUnit/das_rx_0/inst/bus1[208]} {top_block_i/appUnit/das_rx_0/inst/bus1[209]} {top_block_i/appUnit/das_rx_0/inst/bus1[210]} {top_block_i/appUnit/das_rx_0/inst/bus1[211]} {top_block_i/appUnit/das_rx_0/inst/bus1[212]} {top_block_i/appUnit/das_rx_0/inst/bus1[213]} {top_block_i/appUnit/das_rx_0/inst/bus1[214]} {top_block_i/appUnit/das_rx_0/inst/bus1[215]} {top_block_i/appUnit/das_rx_0/inst/bus1[216]} {top_block_i/appUnit/das_rx_0/inst/bus1[217]} {top_block_i/appUnit/das_rx_0/inst/bus1[218]} {top_block_i/appUnit/das_rx_0/inst/bus1[219]} {top_block_i/appUnit/das_rx_0/inst/bus1[220]} {top_block_i/appUnit/das_rx_0/inst/bus1[221]} {top_block_i/appUnit/das_rx_0/inst/bus1[222]} {top_block_i/appUnit/das_rx_0/inst/bus1[223]} {top_block_i/appUnit/das_rx_0/inst/bus1[224]} {top_block_i/appUnit/das_rx_0/inst/bus1[225]} {top_block_i/appUnit/das_rx_0/inst/bus1[226]} {top_block_i/appUnit/das_rx_0/inst/bus1[227]} {top_block_i/appUnit/das_rx_0/inst/bus1[228]} {top_block_i/appUnit/das_rx_0/inst/bus1[229]} {top_block_i/appUnit/das_rx_0/inst/bus1[230]} {top_block_i/appUnit/das_rx_0/inst/bus1[231]} {top_block_i/appUnit/das_rx_0/inst/bus1[232]} {top_block_i/appUnit/das_rx_0/inst/bus1[233]} {top_block_i/appUnit/das_rx_0/inst/bus1[234]} {top_block_i/appUnit/das_rx_0/inst/bus1[235]} {top_block_i/appUnit/das_rx_0/inst/bus1[236]} {top_block_i/appUnit/das_rx_0/inst/bus1[237]} {top_block_i/appUnit/das_rx_0/inst/bus1[238]} {top_block_i/appUnit/das_rx_0/inst/bus1[239]} {top_block_i/appUnit/das_rx_0/inst/bus1[240]} {top_block_i/appUnit/das_rx_0/inst/bus1[241]} {top_block_i/appUnit/das_rx_0/inst/bus1[242]} {top_block_i/appUnit/das_rx_0/inst/bus1[243]} {top_block_i/appUnit/das_rx_0/inst/bus1[244]} {top_block_i/appUnit/das_rx_0/inst/bus1[245]} {top_block_i/appUnit/das_rx_0/inst/bus1[246]} {top_block_i/appUnit/das_rx_0/inst/bus1[247]} {top_block_i/appUnit/das_rx_0/inst/bus1[248]} {top_block_i/appUnit/das_rx_0/inst/bus1[249]} {top_block_i/appUnit/das_rx_0/inst/bus1[250]} {top_block_i/appUnit/das_rx_0/inst/bus1[251]} {top_block_i/appUnit/das_rx_0/inst/bus1[252]} {top_block_i/appUnit/das_rx_0/inst/bus1[253]} {top_block_i/appUnit/das_rx_0/inst/bus1[254]} {top_block_i/appUnit/das_rx_0/inst/bus1[255]} {top_block_i/appUnit/das_rx_0/inst/bus1[256]} {top_block_i/appUnit/das_rx_0/inst/bus1[257]} {top_block_i/appUnit/das_rx_0/inst/bus1[258]} {top_block_i/appUnit/das_rx_0/inst/bus1[259]} {top_block_i/appUnit/das_rx_0/inst/bus1[260]} {top_block_i/appUnit/das_rx_0/inst/bus1[261]} {top_block_i/appUnit/das_rx_0/inst/bus1[262]} {top_block_i/appUnit/das_rx_0/inst/bus1[263]} {top_block_i/appUnit/das_rx_0/inst/bus1[264]} {top_block_i/appUnit/das_rx_0/inst/bus1[265]} {top_block_i/appUnit/das_rx_0/inst/bus1[266]} {top_block_i/appUnit/das_rx_0/inst/bus1[267]} {top_block_i/appUnit/das_rx_0/inst/bus1[268]} {top_block_i/appUnit/das_rx_0/inst/bus1[269]} {top_block_i/appUnit/das_rx_0/inst/bus1[270]} {top_block_i/appUnit/das_rx_0/inst/bus1[271]} {top_block_i/appUnit/das_rx_0/inst/bus1[272]} {top_block_i/appUnit/das_rx_0/inst/bus1[273]} {top_block_i/appUnit/das_rx_0/inst/bus1[274]} {top_block_i/appUnit/das_rx_0/inst/bus1[275]} {top_block_i/appUnit/das_rx_0/inst/bus1[276]} {top_block_i/appUnit/das_rx_0/inst/bus1[277]} {top_block_i/appUnit/das_rx_0/inst/bus1[278]} {top_block_i/appUnit/das_rx_0/inst/bus1[279]} {top_block_i/appUnit/das_rx_0/inst/bus1[280]} {top_block_i/appUnit/das_rx_0/inst/bus1[281]} {top_block_i/appUnit/das_rx_0/inst/bus1[282]} {top_block_i/appUnit/das_rx_0/inst/bus1[283]} {top_block_i/appUnit/das_rx_0/inst/bus1[284]} {top_block_i/appUnit/das_rx_0/inst/bus1[285]} {top_block_i/appUnit/das_rx_0/inst/bus1[286]} {top_block_i/appUnit/das_rx_0/inst/bus1[287]} {top_block_i/appUnit/das_rx_0/inst/bus1[288]} {top_block_i/appUnit/das_rx_0/inst/bus1[289]} {top_block_i/appUnit/das_rx_0/inst/bus1[290]} {top_block_i/appUnit/das_rx_0/inst/bus1[291]} {top_block_i/appUnit/das_rx_0/inst/bus1[292]} {top_block_i/appUnit/das_rx_0/inst/bus1[293]} {top_block_i/appUnit/das_rx_0/inst/bus1[294]} {top_block_i/appUnit/das_rx_0/inst/bus1[295]} {top_block_i/appUnit/das_rx_0/inst/bus1[296]} {top_block_i/appUnit/das_rx_0/inst/bus1[297]} {top_block_i/appUnit/das_rx_0/inst/bus1[298]} {top_block_i/appUnit/das_rx_0/inst/bus1[299]} {top_block_i/appUnit/das_rx_0/inst/bus1[300]} {top_block_i/appUnit/das_rx_0/inst/bus1[301]} {top_block_i/appUnit/das_rx_0/inst/bus1[302]} {top_block_i/appUnit/das_rx_0/inst/bus1[303]} {top_block_i/appUnit/das_rx_0/inst/bus1[304]} {top_block_i/appUnit/das_rx_0/inst/bus1[305]} {top_block_i/appUnit/das_rx_0/inst/bus1[306]} {top_block_i/appUnit/das_rx_0/inst/bus1[307]} {top_block_i/appUnit/das_rx_0/inst/bus1[308]} {top_block_i/appUnit/das_rx_0/inst/bus1[309]} {top_block_i/appUnit/das_rx_0/inst/bus1[310]} {top_block_i/appUnit/das_rx_0/inst/bus1[311]} {top_block_i/appUnit/das_rx_0/inst/bus1[312]} {top_block_i/appUnit/das_rx_0/inst/bus1[313]} {top_block_i/appUnit/das_rx_0/inst/bus1[314]} {top_block_i/appUnit/das_rx_0/inst/bus1[315]} {top_block_i/appUnit/das_rx_0/inst/bus1[316]} {top_block_i/appUnit/das_rx_0/inst/bus1[317]} {top_block_i/appUnit/das_rx_0/inst/bus1[318]} {top_block_i/appUnit/das_rx_0/inst/bus1[319]} ]]
create_debug_port u_ila_0 probe
set_property port_width 320 [get_debug_ports u_ila_0/probe7]
set_property PROBE_TYPE DATA_AND_TRIGGER [get_debug_ports u_ila_0/probe7]
connect_debug_port u_ila_0/probe7 [get_nets [list {top_block_i/appUnit/das_rx_0/inst/bus3[0]} {top_block_i/appUnit/das_rx_0/inst/bus3[1]} {top_block_i/appUnit/das_rx_0/inst/bus3[2]} {top_block_i/appUnit/das_rx_0/inst/bus3[3]} {top_block_i/appUnit/das_rx_0/inst/bus3[4]} {top_block_i/appUnit/das_rx_0/inst/bus3[5]} {top_block_i/appUnit/das_rx_0/inst/bus3[6]} {top_block_i/appUnit/das_rx_0/inst/bus3[7]} {top_block_i/appUnit/das_rx_0/inst/bus3[8]} {top_block_i/appUnit/das_rx_0/inst/bus3[9]} {top_block_i/appUnit/das_rx_0/inst/bus3[10]} {top_block_i/appUnit/das_rx_0/inst/bus3[11]} {top_block_i/appUnit/das_rx_0/inst/bus3[12]} {top_block_i/appUnit/das_rx_0/inst/bus3[13]} {top_block_i/appUnit/das_rx_0/inst/bus3[14]} {top_block_i/appUnit/das_rx_0/inst/bus3[15]} {top_block_i/appUnit/das_rx_0/inst/bus3[16]} {top_block_i/appUnit/das_rx_0/inst/bus3[17]} {top_block_i/appUnit/das_rx_0/inst/bus3[18]} {top_block_i/appUnit/das_rx_0/inst/bus3[19]} {top_block_i/appUnit/das_rx_0/inst/bus3[20]} {top_block_i/appUnit/das_rx_0/inst/bus3[21]} {top_block_i/appUnit/das_rx_0/inst/bus3[22]} {top_block_i/appUnit/das_rx_0/inst/bus3[23]} {top_block_i/appUnit/das_rx_0/inst/bus3[24]} {top_block_i/appUnit/das_rx_0/inst/bus3[25]} {top_block_i/appUnit/das_rx_0/inst/bus3[26]} {top_block_i/appUnit/das_rx_0/inst/bus3[27]} {top_block_i/appUnit/das_rx_0/inst/bus3[28]} {top_block_i/appUnit/das_rx_0/inst/bus3[29]} {top_block_i/appUnit/das_rx_0/inst/bus3[30]} {top_block_i/appUnit/das_rx_0/inst/bus3[31]} {top_block_i/appUnit/das_rx_0/inst/bus3[32]} {top_block_i/appUnit/das_rx_0/inst/bus3[33]} {top_block_i/appUnit/das_rx_0/inst/bus3[34]} {top_block_i/appUnit/das_rx_0/inst/bus3[35]} {top_block_i/appUnit/das_rx_0/inst/bus3[36]} {top_block_i/appUnit/das_rx_0/inst/bus3[37]} {top_block_i/appUnit/das_rx_0/inst/bus3[38]} {top_block_i/appUnit/das_rx_0/inst/bus3[39]} {top_block_i/appUnit/das_rx_0/inst/bus3[40]} {top_block_i/appUnit/das_rx_0/inst/bus3[41]} {top_block_i/appUnit/das_rx_0/inst/bus3[42]} {top_block_i/appUnit/das_rx_0/inst/bus3[43]} {top_block_i/appUnit/das_rx_0/inst/bus3[44]} {top_block_i/appUnit/das_rx_0/inst/bus3[45]} {top_block_i/appUnit/das_rx_0/inst/bus3[46]} {top_block_i/appUnit/das_rx_0/inst/bus3[47]} {top_block_i/appUnit/das_rx_0/inst/bus3[48]} {top_block_i/appUnit/das_rx_0/inst/bus3[49]} {top_block_i/appUnit/das_rx_0/inst/bus3[50]} {top_block_i/appUnit/das_rx_0/inst/bus3[51]} {top_block_i/appUnit/das_rx_0/inst/bus3[52]} {top_block_i/appUnit/das_rx_0/inst/bus3[53]} {top_block_i/appUnit/das_rx_0/inst/bus3[54]} {top_block_i/appUnit/das_rx_0/inst/bus3[55]} {top_block_i/appUnit/das_rx_0/inst/bus3[56]} {top_block_i/appUnit/das_rx_0/inst/bus3[57]} {top_block_i/appUnit/das_rx_0/inst/bus3[58]} {top_block_i/appUnit/das_rx_0/inst/bus3[59]} {top_block_i/appUnit/das_rx_0/inst/bus3[60]} {top_block_i/appUnit/das_rx_0/inst/bus3[61]} {top_block_i/appUnit/das_rx_0/inst/bus3[62]} {top_block_i/appUnit/das_rx_0/inst/bus3[63]} {top_block_i/appUnit/das_rx_0/inst/bus3[64]} {top_block_i/appUnit/das_rx_0/inst/bus3[65]} {top_block_i/appUnit/das_rx_0/inst/bus3[66]} {top_block_i/appUnit/das_rx_0/inst/bus3[67]} {top_block_i/appUnit/das_rx_0/inst/bus3[68]} {top_block_i/appUnit/das_rx_0/inst/bus3[69]} {top_block_i/appUnit/das_rx_0/inst/bus3[70]} {top_block_i/appUnit/das_rx_0/inst/bus3[71]} {top_block_i/appUnit/das_rx_0/inst/bus3[72]} {top_block_i/appUnit/das_rx_0/inst/bus3[73]} {top_block_i/appUnit/das_rx_0/inst/bus3[74]} {top_block_i/appUnit/das_rx_0/inst/bus3[75]} {top_block_i/appUnit/das_rx_0/inst/bus3[76]} {top_block_i/appUnit/das_rx_0/inst/bus3[77]} {top_block_i/appUnit/das_rx_0/inst/bus3[78]} {top_block_i/appUnit/das_rx_0/inst/bus3[79]} {top_block_i/appUnit/das_rx_0/inst/bus3[80]} {top_block_i/appUnit/das_rx_0/inst/bus3[81]} {top_block_i/appUnit/das_rx_0/inst/bus3[82]} {top_block_i/appUnit/das_rx_0/inst/bus3[83]} {top_block_i/appUnit/das_rx_0/inst/bus3[84]} {top_block_i/appUnit/das_rx_0/inst/bus3[85]} {top_block_i/appUnit/das_rx_0/inst/bus3[86]} {top_block_i/appUnit/das_rx_0/inst/bus3[87]} {top_block_i/appUnit/das_rx_0/inst/bus3[88]} {top_block_i/appUnit/das_rx_0/inst/bus3[89]} {top_block_i/appUnit/das_rx_0/inst/bus3[90]} {top_block_i/appUnit/das_rx_0/inst/bus3[91]} {top_block_i/appUnit/das_rx_0/inst/bus3[92]} {top_block_i/appUnit/das_rx_0/inst/bus3[93]} {top_block_i/appUnit/das_rx_0/inst/bus3[94]} {top_block_i/appUnit/das_rx_0/inst/bus3[95]} {top_block_i/appUnit/das_rx_0/inst/bus3[96]} {top_block_i/appUnit/das_rx_0/inst/bus3[97]} {top_block_i/appUnit/das_rx_0/inst/bus3[98]} {top_block_i/appUnit/das_rx_0/inst/bus3[99]} {top_block_i/appUnit/das_rx_0/inst/bus3[100]} {top_block_i/appUnit/das_rx_0/inst/bus3[101]} {top_block_i/appUnit/das_rx_0/inst/bus3[102]} {top_block_i/appUnit/das_rx_0/inst/bus3[103]} {top_block_i/appUnit/das_rx_0/inst/bus3[104]} {top_block_i/appUnit/das_rx_0/inst/bus3[105]} {top_block_i/appUnit/das_rx_0/inst/bus3[106]} {top_block_i/appUnit/das_rx_0/inst/bus3[107]} {top_block_i/appUnit/das_rx_0/inst/bus3[108]} {top_block_i/appUnit/das_rx_0/inst/bus3[109]} {top_block_i/appUnit/das_rx_0/inst/bus3[110]} {top_block_i/appUnit/das_rx_0/inst/bus3[111]} {top_block_i/appUnit/das_rx_0/inst/bus3[112]} {top_block_i/appUnit/das_rx_0/inst/bus3[113]} {top_block_i/appUnit/das_rx_0/inst/bus3[114]} {top_block_i/appUnit/das_rx_0/inst/bus3[115]} {top_block_i/appUnit/das_rx_0/inst/bus3[116]} {top_block_i/appUnit/das_rx_0/inst/bus3[117]} {top_block_i/appUnit/das_rx_0/inst/bus3[118]} {top_block_i/appUnit/das_rx_0/inst/bus3[119]} {top_block_i/appUnit/das_rx_0/inst/bus3[120]} {top_block_i/appUnit/das_rx_0/inst/bus3[121]} {top_block_i/appUnit/das_rx_0/inst/bus3[122]} {top_block_i/appUnit/das_rx_0/inst/bus3[123]} {top_block_i/appUnit/das_rx_0/inst/bus3[124]} {top_block_i/appUnit/das_rx_0/inst/bus3[125]} {top_block_i/appUnit/das_rx_0/inst/bus3[126]} {top_block_i/appUnit/das_rx_0/inst/bus3[127]} {top_block_i/appUnit/das_rx_0/inst/bus3[128]} {top_block_i/appUnit/das_rx_0/inst/bus3[129]} {top_block_i/appUnit/das_rx_0/inst/bus3[130]} {top_block_i/appUnit/das_rx_0/inst/bus3[131]} {top_block_i/appUnit/das_rx_0/inst/bus3[132]} {top_block_i/appUnit/das_rx_0/inst/bus3[133]} {top_block_i/appUnit/das_rx_0/inst/bus3[134]} {top_block_i/appUnit/das_rx_0/inst/bus3[135]} {top_block_i/appUnit/das_rx_0/inst/bus3[136]} {top_block_i/appUnit/das_rx_0/inst/bus3[137]} {top_block_i/appUnit/das_rx_0/inst/bus3[138]} {top_block_i/appUnit/das_rx_0/inst/bus3[139]} {top_block_i/appUnit/das_rx_0/inst/bus3[140]} {top_block_i/appUnit/das_rx_0/inst/bus3[141]} {top_block_i/appUnit/das_rx_0/inst/bus3[142]} {top_block_i/appUnit/das_rx_0/inst/bus3[143]} {top_block_i/appUnit/das_rx_0/inst/bus3[144]} {top_block_i/appUnit/das_rx_0/inst/bus3[145]} {top_block_i/appUnit/das_rx_0/inst/bus3[146]} {top_block_i/appUnit/das_rx_0/inst/bus3[147]} {top_block_i/appUnit/das_rx_0/inst/bus3[148]} {top_block_i/appUnit/das_rx_0/inst/bus3[149]} {top_block_i/appUnit/das_rx_0/inst/bus3[150]} {top_block_i/appUnit/das_rx_0/inst/bus3[151]} {top_block_i/appUnit/das_rx_0/inst/bus3[152]} {top_block_i/appUnit/das_rx_0/inst/bus3[153]} {top_block_i/appUnit/das_rx_0/inst/bus3[154]} {top_block_i/appUnit/das_rx_0/inst/bus3[155]} {top_block_i/appUnit/das_rx_0/inst/bus3[156]} {top_block_i/appUnit/das_rx_0/inst/bus3[157]} {top_block_i/appUnit/das_rx_0/inst/bus3[158]} {top_block_i/appUnit/das_rx_0/inst/bus3[159]} {top_block_i/appUnit/das_rx_0/inst/bus3[160]} {top_block_i/appUnit/das_rx_0/inst/bus3[161]} {top_block_i/appUnit/das_rx_0/inst/bus3[162]} {top_block_i/appUnit/das_rx_0/inst/bus3[163]} {top_block_i/appUnit/das_rx_0/inst/bus3[164]} {top_block_i/appUnit/das_rx_0/inst/bus3[165]} {top_block_i/appUnit/das_rx_0/inst/bus3[166]} {top_block_i/appUnit/das_rx_0/inst/bus3[167]} {top_block_i/appUnit/das_rx_0/inst/bus3[168]} {top_block_i/appUnit/das_rx_0/inst/bus3[169]} {top_block_i/appUnit/das_rx_0/inst/bus3[170]} {top_block_i/appUnit/das_rx_0/inst/bus3[171]} {top_block_i/appUnit/das_rx_0/inst/bus3[172]} {top_block_i/appUnit/das_rx_0/inst/bus3[173]} {top_block_i/appUnit/das_rx_0/inst/bus3[174]} {top_block_i/appUnit/das_rx_0/inst/bus3[175]} {top_block_i/appUnit/das_rx_0/inst/bus3[176]} {top_block_i/appUnit/das_rx_0/inst/bus3[177]} {top_block_i/appUnit/das_rx_0/inst/bus3[178]} {top_block_i/appUnit/das_rx_0/inst/bus3[179]} {top_block_i/appUnit/das_rx_0/inst/bus3[180]} {top_block_i/appUnit/das_rx_0/inst/bus3[181]} {top_block_i/appUnit/das_rx_0/inst/bus3[182]} {top_block_i/appUnit/das_rx_0/inst/bus3[183]} {top_block_i/appUnit/das_rx_0/inst/bus3[184]} {top_block_i/appUnit/das_rx_0/inst/bus3[185]} {top_block_i/appUnit/das_rx_0/inst/bus3[186]} {top_block_i/appUnit/das_rx_0/inst/bus3[187]} {top_block_i/appUnit/das_rx_0/inst/bus3[188]} {top_block_i/appUnit/das_rx_0/inst/bus3[189]} {top_block_i/appUnit/das_rx_0/inst/bus3[190]} {top_block_i/appUnit/das_rx_0/inst/bus3[191]} {top_block_i/appUnit/das_rx_0/inst/bus3[192]} {top_block_i/appUnit/das_rx_0/inst/bus3[193]} {top_block_i/appUnit/das_rx_0/inst/bus3[194]} {top_block_i/appUnit/das_rx_0/inst/bus3[195]} {top_block_i/appUnit/das_rx_0/inst/bus3[196]} {top_block_i/appUnit/das_rx_0/inst/bus3[197]} {top_block_i/appUnit/das_rx_0/inst/bus3[198]} {top_block_i/appUnit/das_rx_0/inst/bus3[199]} {top_block_i/appUnit/das_rx_0/inst/bus3[200]} {top_block_i/appUnit/das_rx_0/inst/bus3[201]} {top_block_i/appUnit/das_rx_0/inst/bus3[202]} {top_block_i/appUnit/das_rx_0/inst/bus3[203]} {top_block_i/appUnit/das_rx_0/inst/bus3[204]} {top_block_i/appUnit/das_rx_0/inst/bus3[205]} {top_block_i/appUnit/das_rx_0/inst/bus3[206]} {top_block_i/appUnit/das_rx_0/inst/bus3[207]} {top_block_i/appUnit/das_rx_0/inst/bus3[208]} {top_block_i/appUnit/das_rx_0/inst/bus3[209]} {top_block_i/appUnit/das_rx_0/inst/bus3[210]} {top_block_i/appUnit/das_rx_0/inst/bus3[211]} {top_block_i/appUnit/das_rx_0/inst/bus3[212]} {top_block_i/appUnit/das_rx_0/inst/bus3[213]} {top_block_i/appUnit/das_rx_0/inst/bus3[214]} {top_block_i/appUnit/das_rx_0/inst/bus3[215]} {top_block_i/appUnit/das_rx_0/inst/bus3[216]} {top_block_i/appUnit/das_rx_0/inst/bus3[217]} {top_block_i/appUnit/das_rx_0/inst/bus3[218]} {top_block_i/appUnit/das_rx_0/inst/bus3[219]} {top_block_i/appUnit/das_rx_0/inst/bus3[220]} {top_block_i/appUnit/das_rx_0/inst/bus3[221]} {top_block_i/appUnit/das_rx_0/inst/bus3[222]} {top_block_i/appUnit/das_rx_0/inst/bus3[223]} {top_block_i/appUnit/das_rx_0/inst/bus3[224]} {top_block_i/appUnit/das_rx_0/inst/bus3[225]} {top_block_i/appUnit/das_rx_0/inst/bus3[226]} {top_block_i/appUnit/das_rx_0/inst/bus3[227]} {top_block_i/appUnit/das_rx_0/inst/bus3[228]} {top_block_i/appUnit/das_rx_0/inst/bus3[229]} {top_block_i/appUnit/das_rx_0/inst/bus3[230]} {top_block_i/appUnit/das_rx_0/inst/bus3[231]} {top_block_i/appUnit/das_rx_0/inst/bus3[232]} {top_block_i/appUnit/das_rx_0/inst/bus3[233]} {top_block_i/appUnit/das_rx_0/inst/bus3[234]} {top_block_i/appUnit/das_rx_0/inst/bus3[235]} {top_block_i/appUnit/das_rx_0/inst/bus3[236]} {top_block_i/appUnit/das_rx_0/inst/bus3[237]} {top_block_i/appUnit/das_rx_0/inst/bus3[238]} {top_block_i/appUnit/das_rx_0/inst/bus3[239]} {top_block_i/appUnit/das_rx_0/inst/bus3[240]} {top_block_i/appUnit/das_rx_0/inst/bus3[241]} {top_block_i/appUnit/das_rx_0/inst/bus3[242]} {top_block_i/appUnit/das_rx_0/inst/bus3[243]} {top_block_i/appUnit/das_rx_0/inst/bus3[244]} {top_block_i/appUnit/das_rx_0/inst/bus3[245]} {top_block_i/appUnit/das_rx_0/inst/bus3[246]} {top_block_i/appUnit/das_rx_0/inst/bus3[247]} {top_block_i/appUnit/das_rx_0/inst/bus3[248]} {top_block_i/appUnit/das_rx_0/inst/bus3[249]} {top_block_i/appUnit/das_rx_0/inst/bus3[250]} {top_block_i/appUnit/das_rx_0/inst/bus3[251]} {top_block_i/appUnit/das_rx_0/inst/bus3[252]} {top_block_i/appUnit/das_rx_0/inst/bus3[253]} {top_block_i/appUnit/das_rx_0/inst/bus3[254]} {top_block_i/appUnit/das_rx_0/inst/bus3[255]} {top_block_i/appUnit/das_rx_0/inst/bus3[256]} {top_block_i/appUnit/das_rx_0/inst/bus3[257]} {top_block_i/appUnit/das_rx_0/inst/bus3[258]} {top_block_i/appUnit/das_rx_0/inst/bus3[259]} {top_block_i/appUnit/das_rx_0/inst/bus3[260]} {top_block_i/appUnit/das_rx_0/inst/bus3[261]} {top_block_i/appUnit/das_rx_0/inst/bus3[262]} {top_block_i/appUnit/das_rx_0/inst/bus3[263]} {top_block_i/appUnit/das_rx_0/inst/bus3[264]} {top_block_i/appUnit/das_rx_0/inst/bus3[265]} {top_block_i/appUnit/das_rx_0/inst/bus3[266]} {top_block_i/appUnit/das_rx_0/inst/bus3[267]} {top_block_i/appUnit/das_rx_0/inst/bus3[268]} {top_block_i/appUnit/das_rx_0/inst/bus3[269]} {top_block_i/appUnit/das_rx_0/inst/bus3[270]} {top_block_i/appUnit/das_rx_0/inst/bus3[271]} {top_block_i/appUnit/das_rx_0/inst/bus3[272]} {top_block_i/appUnit/das_rx_0/inst/bus3[273]} {top_block_i/appUnit/das_rx_0/inst/bus3[274]} {top_block_i/appUnit/das_rx_0/inst/bus3[275]} {top_block_i/appUnit/das_rx_0/inst/bus3[276]} {top_block_i/appUnit/das_rx_0/inst/bus3[277]} {top_block_i/appUnit/das_rx_0/inst/bus3[278]} {top_block_i/appUnit/das_rx_0/inst/bus3[279]} {top_block_i/appUnit/das_rx_0/inst/bus3[280]} {top_block_i/appUnit/das_rx_0/inst/bus3[281]} {top_block_i/appUnit/das_rx_0/inst/bus3[282]} {top_block_i/appUnit/das_rx_0/inst/bus3[283]} {top_block_i/appUnit/das_rx_0/inst/bus3[284]} {top_block_i/appUnit/das_rx_0/inst/bus3[285]} {top_block_i/appUnit/das_rx_0/inst/bus3[286]} {top_block_i/appUnit/das_rx_0/inst/bus3[287]} {top_block_i/appUnit/das_rx_0/inst/bus3[288]} {top_block_i/appUnit/das_rx_0/inst/bus3[289]} {top_block_i/appUnit/das_rx_0/inst/bus3[290]} {top_block_i/appUnit/das_rx_0/inst/bus3[291]} {top_block_i/appUnit/das_rx_0/inst/bus3[292]} {top_block_i/appUnit/das_rx_0/inst/bus3[293]} {top_block_i/appUnit/das_rx_0/inst/bus3[294]} {top_block_i/appUnit/das_rx_0/inst/bus3[295]} {top_block_i/appUnit/das_rx_0/inst/bus3[296]} {top_block_i/appUnit/das_rx_0/inst/bus3[297]} {top_block_i/appUnit/das_rx_0/inst/bus3[298]} {top_block_i/appUnit/das_rx_0/inst/bus3[299]} {top_block_i/appUnit/das_rx_0/inst/bus3[300]} {top_block_i/appUnit/das_rx_0/inst/bus3[301]} {top_block_i/appUnit/das_rx_0/inst/bus3[302]} {top_block_i/appUnit/das_rx_0/inst/bus3[303]} {top_block_i/appUnit/das_rx_0/inst/bus3[304]} {top_block_i/appUnit/das_rx_0/inst/bus3[305]} {top_block_i/appUnit/das_rx_0/inst/bus3[306]} {top_block_i/appUnit/das_rx_0/inst/bus3[307]} {top_block_i/appUnit/das_rx_0/inst/bus3[308]} {top_block_i/appUnit/das_rx_0/inst/bus3[309]} {top_block_i/appUnit/das_rx_0/inst/bus3[310]} {top_block_i/appUnit/das_rx_0/inst/bus3[311]} {top_block_i/appUnit/das_rx_0/inst/bus3[312]} {top_block_i/appUnit/das_rx_0/inst/bus3[313]} {top_block_i/appUnit/das_rx_0/inst/bus3[314]} {top_block_i/appUnit/das_rx_0/inst/bus3[315]} {top_block_i/appUnit/das_rx_0/inst/bus3[316]} {top_block_i/appUnit/das_rx_0/inst/bus3[317]} {top_block_i/appUnit/das_rx_0/inst/bus3[318]} {top_block_i/appUnit/das_rx_0/inst/bus3[319]} ]]
set_property port_width 32 [get_debug_ports u_ila_1/probe0]
set_property PROBE_TYPE DATA_AND_TRIGGER [get_debug_ports u_ila_1/probe0]
connect_debug_port u_ila_1/probe0 [get_nets [list {top_block_i/SAMPA_PON_v1_0_0/inst/m00_axi_araddr[0]} {top_block_i/SAMPA_PON_v1_0_0/inst/m00_axi_araddr[1]} {top_block_i/SAMPA_PON_v1_0_0/inst/m00_axi_araddr[2]} {top_block_i/SAMPA_PON_v1_0_0/inst/m00_axi_araddr[3]} {top_block_i/SAMPA_PON_v1_0_0/inst/m00_axi_araddr[4]} {top_block_i/SAMPA_PON_v1_0_0/inst/m00_axi_araddr[5]} {top_block_i/SAMPA_PON_v1_0_0/inst/m00_axi_araddr[6]} {top_block_i/SAMPA_PON_v1_0_0/inst/m00_axi_araddr[7]} {top_block_i/SAMPA_PON_v1_0_0/inst/m00_axi_araddr[8]} {top_block_i/SAMPA_PON_v1_0_0/inst/m00_axi_araddr[9]} {top_block_i/SAMPA_PON_v1_0_0/inst/m00_axi_araddr[10]} {top_block_i/SAMPA_PON_v1_0_0/inst/m00_axi_araddr[11]} {top_block_i/SAMPA_PON_v1_0_0/inst/m00_axi_araddr[12]} {top_block_i/SAMPA_PON_v1_0_0/inst/m00_axi_araddr[13]} {top_block_i/SAMPA_PON_v1_0_0/inst/m00_axi_araddr[14]} {top_block_i/SAMPA_PON_v1_0_0/inst/m00_axi_araddr[15]} {top_block_i/SAMPA_PON_v1_0_0/inst/m00_axi_araddr[16]} {top_block_i/SAMPA_PON_v1_0_0/inst/m00_axi_araddr[17]} {top_block_i/SAMPA_PON_v1_0_0/inst/m00_axi_araddr[18]} {top_block_i/SAMPA_PON_v1_0_0/inst/m00_axi_araddr[19]} {top_block_i/SAMPA_PON_v1_0_0/inst/m00_axi_araddr[20]} {top_block_i/SAMPA_PON_v1_0_0/inst/m00_axi_araddr[21]} {top_block_i/SAMPA_PON_v1_0_0/inst/m00_axi_araddr[22]} {top_block_i/SAMPA_PON_v1_0_0/inst/m00_axi_araddr[23]} {top_block_i/SAMPA_PON_v1_0_0/inst/m00_axi_araddr[24]} {top_block_i/SAMPA_PON_v1_0_0/inst/m00_axi_araddr[25]} {top_block_i/SAMPA_PON_v1_0_0/inst/m00_axi_araddr[26]} {top_block_i/SAMPA_PON_v1_0_0/inst/m00_axi_araddr[27]} {top_block_i/SAMPA_PON_v1_0_0/inst/m00_axi_araddr[28]} {top_block_i/SAMPA_PON_v1_0_0/inst/m00_axi_araddr[29]} {top_block_i/SAMPA_PON_v1_0_0/inst/m00_axi_araddr[30]} {top_block_i/SAMPA_PON_v1_0_0/inst/m00_axi_araddr[31]} ]]
create_debug_port u_ila_1 probe
set_property port_width 1 [get_debug_ports u_ila_1/probe1]
set_property PROBE_TYPE DATA_AND_TRIGGER [get_debug_ports u_ila_1/probe1]
connect_debug_port u_ila_1/probe1 [get_nets [list top_block_i/SAMPA_PON_v1_0_0/inst/sampa_power_on ]]
set_property port_width 1 [get_debug_ports u_ila_2/probe0]
set_property PROBE_TYPE DATA_AND_TRIGGER [get_debug_ports u_ila_2/probe0]
connect_debug_port u_ila_2/probe0 [get_nets [list top_block_i/appUnit/das_rx_0/inst/clk_10MHz ]]
create_debug_port u_ila_2 probe
set_property port_width 1 [get_debug_ports u_ila_2/probe1]
set_property PROBE_TYPE DATA_AND_TRIGGER [get_debug_ports u_ila_2/probe1]
connect_debug_port u_ila_2/probe1 [get_nets [list top_block_i/SAMPA_I2C_wrapper/I2C_Controller_v1_0_0/inst/I2C_Controller_v1_0_M01_AXI_inst/TXN_DONE ]]
save_constraints
reset_run impl_1
launch_runs impl_1 -to_step write_bitstream -jobs 32
INFO: [Vivado 12-4149] The synthesis checkpoint for IP '/home/nagafusa/work/spadi/Fakernet/SAMIDARE/samidare.srcs/sources_1/ip/gig_ethernet_pcs_pma_0_2/gig_ethernet_pcs_pma_0.xci' is already up-to-date
INFO: [Timing 38-480] Writing timing data to binary archive.
Writing XDEF routing.
Writing XDEF routing logical nets.
Writing XDEF routing special nets.
Write XDEF Complete: Time (s): cpu = 00:00:00.17 ; elapsed = 00:00:00.03 . Memory (MB): peak = 13353.430 ; gain = 0.000 ; free physical = 37943 ; free virtual = 58458
WARNING: [Common 17-210] 'write_hwdef' is deprecated.
[Sun Aug 18 17:28:19 2024] Launched impl_1...
Run output will be captured here: /home/nagafusa/work/spadi/Fakernet/SAMIDARE/samidare.runs/impl_1/runme.log
set_property PROBES.FILE {/home/nagafusa/work/spadi/Fakernet/SAMIDARE/samidare.runs/impl_1/top_block_wrapper.ltx} [get_hw_devices xcau15p_0]
set_property FULL_PROBES.FILE {/home/nagafusa/work/spadi/Fakernet/SAMIDARE/samidare.runs/impl_1/top_block_wrapper.ltx} [get_hw_devices xcau15p_0]
set_property PROGRAM.FILE {/home/nagafusa/work/spadi/Fakernet/SAMIDARE/samidare.runs/impl_1/top_block_wrapper.bit} [get_hw_devices xcau15p_0]
program_hw_devices [get_hw_devices xcau15p_0]
INFO: [Labtools 27-3164] End of startup status: HIGH
program_hw_devices: Time (s): cpu = 00:00:15 ; elapsed = 00:00:15 . Memory (MB): peak = 13353.430 ; gain = 0.000 ; free physical = 37842 ; free virtual = 58481
refresh_hw_device [lindex [get_hw_devices xcau15p_0] 0]
WARNING: [Xicom 50-38] xicom: No CseXsdb register file specified for CseXsdb slave type: 0, cse driver version: 0. Slave initialization skipped.
WARNING: [Xicom 50-38] xicom: No CseXsdb register file specified for CseXsdb slave type: 0, cse driver version: 0. Slave initialization skipped.
WARNING: [Xicom 50-38] xicom: No CseXsdb register file specified for CseXsdb slave type: 0, cse driver version: 0. Slave initialization skipped.
WARNING: [Xicom 50-38] xicom: No CseXsdb register file specified for CseXsdb slave type: 0, cse driver version: 0. Slave initialization skipped.
WARNING: [Xicom 50-38] xicom: No CseXsdb register file specified for CseXsdb slave type: 0, cse driver version: 0. Slave initialization skipped.
WARNING: [Xicom 50-38] xicom: No CseXsdb register file specified for CseXsdb slave type: 0, cse driver version: 0. Slave initialization skipped.
WARNING: [Xicom 50-38] xicom: No CseXsdb register file specified for CseXsdb slave type: 0, cse driver version: 0. Slave initialization skipped.
WARNING: [Xicom 50-38] xicom: No CseXsdb register file specified for CseXsdb slave type: 0, cse driver version: 0. Slave initialization skipped.
INFO: [Labtools 27-1434] Device xcau15p (JTAG device index = 0) is programmed with a design that has no supported debug core(s) in it.
WARNING: [Labtools 27-3361] The debug hub core was not detected.
Resolution: 
1. Make sure the clock connected to the debug hub (dbg_hub) core is a free running clock and is active.
2. Make sure the BSCAN_SWITCH_USER_MASK device property in Vivado Hardware Manager reflects the user scan chain setting in the design and refresh the device.  To determine the user scan chain setting in the design, open the implemented design and use 'get_property C_USER_SCAN_CHAIN [get_debug_cores dbg_hub]'.
For more details on setting the scan chain property, consult the Vivado Debug and Programming User Guide (UG908).
refresh_hw_device [lindex [get_hw_devices xcau15p_0] 0]
INFO: [Labtools 27-1434] Device xcau15p (JTAG device index = 0) is programmed with a design that has no supported debug core(s) in it.
WARNING: [Labtools 27-3361] The debug hub core was not detected.
Resolution: 
1. Make sure the clock connected to the debug hub (dbg_hub) core is a free running clock and is active.
2. Make sure the BSCAN_SWITCH_USER_MASK device property in Vivado Hardware Manager reflects the user scan chain setting in the design and refresh the device.  To determine the user scan chain setting in the design, open the implemented design and use 'get_property C_USER_SCAN_CHAIN [get_debug_cores dbg_hub]'.
For more details on setting the scan chain property, consult the Vivado Debug and Programming User Guide (UG908).
delete_debug_core [get_debug_cores {u_ila_0 u_ila_1 u_ila_2 }]
create_debug_core u_ila_0 ila
set_property C_DATA_DEPTH 1024 [get_debug_cores u_ila_0]
set_property C_TRIGIN_EN false [get_debug_cores u_ila_0]
set_property C_TRIGOUT_EN false [get_debug_cores u_ila_0]
set_property C_ADV_TRIGGER false [get_debug_cores u_ila_0]
set_property C_INPUT_PIPE_STAGES 0 [get_debug_cores u_ila_0]
set_property C_EN_STRG_QUAL false [get_debug_cores u_ila_0]
set_property ALL_PROBE_SAME_MU true [get_debug_cores u_ila_0]
set_property ALL_PROBE_SAME_MU_CNT 1 [get_debug_cores u_ila_0]
create_debug_core u_ila_1 ila
set_property C_DATA_DEPTH 1024 [get_debug_cores u_ila_1]
set_property C_TRIGIN_EN false [get_debug_cores u_ila_1]
set_property C_TRIGOUT_EN false [get_debug_cores u_ila_1]
set_property C_ADV_TRIGGER false [get_debug_cores u_ila_1]
set_property C_INPUT_PIPE_STAGES 0 [get_debug_cores u_ila_1]
set_property C_EN_STRG_QUAL false [get_debug_cores u_ila_1]
set_property ALL_PROBE_SAME_MU true [get_debug_cores u_ila_1]
set_property ALL_PROBE_SAME_MU_CNT 1 [get_debug_cores u_ila_1]
create_debug_core u_ila_2 ila
set_property C_DATA_DEPTH 1024 [get_debug_cores u_ila_2]
set_property C_TRIGIN_EN false [get_debug_cores u_ila_2]
set_property C_TRIGOUT_EN false [get_debug_cores u_ila_2]
set_property C_ADV_TRIGGER false [get_debug_cores u_ila_2]
set_property C_INPUT_PIPE_STAGES 0 [get_debug_cores u_ila_2]
set_property C_EN_STRG_QUAL false [get_debug_cores u_ila_2]
set_property ALL_PROBE_SAME_MU true [get_debug_cores u_ila_2]
set_property ALL_PROBE_SAME_MU_CNT 1 [get_debug_cores u_ila_2]
connect_debug_port u_ila_0/clk [get_nets [list top_block_i/clk_wiz_0/inst/clk_out5 ]]
connect_debug_port u_ila_1/clk [get_nets [list top_block_i/clk_wiz_1/inst/clk_out1 ]]
connect_debug_port u_ila_2/clk [get_nets [list top_block_i/clk_wiz_0/inst/clk_out1 ]]
set_property port_width 32 [get_debug_ports u_ila_0/probe0]
set_property PROBE_TYPE DATA_AND_TRIGGER [get_debug_ports u_ila_0/probe0]
connect_debug_port u_ila_0/probe0 [get_nets [list {top_block_i/SAMPA_PON_v1_0_0/inst/m00_axi_rdata[0]} {top_block_i/SAMPA_PON_v1_0_0/inst/m00_axi_rdata[1]} {top_block_i/SAMPA_PON_v1_0_0/inst/m00_axi_rdata[2]} {top_block_i/SAMPA_PON_v1_0_0/inst/m00_axi_rdata[3]} {top_block_i/SAMPA_PON_v1_0_0/inst/m00_axi_rdata[4]} {top_block_i/SAMPA_PON_v1_0_0/inst/m00_axi_rdata[5]} {top_block_i/SAMPA_PON_v1_0_0/inst/m00_axi_rdata[6]} {top_block_i/SAMPA_PON_v1_0_0/inst/m00_axi_rdata[7]} {top_block_i/SAMPA_PON_v1_0_0/inst/m00_axi_rdata[8]} {top_block_i/SAMPA_PON_v1_0_0/inst/m00_axi_rdata[9]} {top_block_i/SAMPA_PON_v1_0_0/inst/m00_axi_rdata[10]} {top_block_i/SAMPA_PON_v1_0_0/inst/m00_axi_rdata[11]} {top_block_i/SAMPA_PON_v1_0_0/inst/m00_axi_rdata[12]} {top_block_i/SAMPA_PON_v1_0_0/inst/m00_axi_rdata[13]} {top_block_i/SAMPA_PON_v1_0_0/inst/m00_axi_rdata[14]} {top_block_i/SAMPA_PON_v1_0_0/inst/m00_axi_rdata[15]} {top_block_i/SAMPA_PON_v1_0_0/inst/m00_axi_rdata[16]} {top_block_i/SAMPA_PON_v1_0_0/inst/m00_axi_rdata[17]} {top_block_i/SAMPA_PON_v1_0_0/inst/m00_axi_rdata[18]} {top_block_i/SAMPA_PON_v1_0_0/inst/m00_axi_rdata[19]} {top_block_i/SAMPA_PON_v1_0_0/inst/m00_axi_rdata[20]} {top_block_i/SAMPA_PON_v1_0_0/inst/m00_axi_rdata[21]} {top_block_i/SAMPA_PON_v1_0_0/inst/m00_axi_rdata[22]} {top_block_i/SAMPA_PON_v1_0_0/inst/m00_axi_rdata[23]} {top_block_i/SAMPA_PON_v1_0_0/inst/m00_axi_rdata[24]} {top_block_i/SAMPA_PON_v1_0_0/inst/m00_axi_rdata[25]} {top_block_i/SAMPA_PON_v1_0_0/inst/m00_axi_rdata[26]} {top_block_i/SAMPA_PON_v1_0_0/inst/m00_axi_rdata[27]} {top_block_i/SAMPA_PON_v1_0_0/inst/m00_axi_rdata[28]} {top_block_i/SAMPA_PON_v1_0_0/inst/m00_axi_rdata[29]} {top_block_i/SAMPA_PON_v1_0_0/inst/m00_axi_rdata[30]} {top_block_i/SAMPA_PON_v1_0_0/inst/m00_axi_rdata[31]} ]]
create_debug_port u_ila_0 probe
set_property port_width 32 [get_debug_ports u_ila_0/probe1]
set_property PROBE_TYPE DATA_AND_TRIGGER [get_debug_ports u_ila_0/probe1]
connect_debug_port u_ila_0/probe1 [get_nets [list {top_block_i/SAMPA_PON_v1_0_0/inst/m00_axi_araddr[0]} {top_block_i/SAMPA_PON_v1_0_0/inst/m00_axi_araddr[1]} {top_block_i/SAMPA_PON_v1_0_0/inst/m00_axi_araddr[2]} {top_block_i/SAMPA_PON_v1_0_0/inst/m00_axi_araddr[3]} {top_block_i/SAMPA_PON_v1_0_0/inst/m00_axi_araddr[4]} {top_block_i/SAMPA_PON_v1_0_0/inst/m00_axi_araddr[5]} {top_block_i/SAMPA_PON_v1_0_0/inst/m00_axi_araddr[6]} {top_block_i/SAMPA_PON_v1_0_0/inst/m00_axi_araddr[7]} {top_block_i/SAMPA_PON_v1_0_0/inst/m00_axi_araddr[8]} {top_block_i/SAMPA_PON_v1_0_0/inst/m00_axi_araddr[9]} {top_block_i/SAMPA_PON_v1_0_0/inst/m00_axi_araddr[10]} {top_block_i/SAMPA_PON_v1_0_0/inst/m00_axi_araddr[11]} {top_block_i/SAMPA_PON_v1_0_0/inst/m00_axi_araddr[12]} {top_block_i/SAMPA_PON_v1_0_0/inst/m00_axi_araddr[13]} {top_block_i/SAMPA_PON_v1_0_0/inst/m00_axi_araddr[14]} {top_block_i/SAMPA_PON_v1_0_0/inst/m00_axi_araddr[15]} {top_block_i/SAMPA_PON_v1_0_0/inst/m00_axi_araddr[16]} {top_block_i/SAMPA_PON_v1_0_0/inst/m00_axi_araddr[17]} {top_block_i/SAMPA_PON_v1_0_0/inst/m00_axi_araddr[18]} {top_block_i/SAMPA_PON_v1_0_0/inst/m00_axi_araddr[19]} {top_block_i/SAMPA_PON_v1_0_0/inst/m00_axi_araddr[20]} {top_block_i/SAMPA_PON_v1_0_0/inst/m00_axi_araddr[21]} {top_block_i/SAMPA_PON_v1_0_0/inst/m00_axi_araddr[22]} {top_block_i/SAMPA_PON_v1_0_0/inst/m00_axi_araddr[23]} {top_block_i/SAMPA_PON_v1_0_0/inst/m00_axi_araddr[24]} {top_block_i/SAMPA_PON_v1_0_0/inst/m00_axi_araddr[25]} {top_block_i/SAMPA_PON_v1_0_0/inst/m00_axi_araddr[26]} {top_block_i/SAMPA_PON_v1_0_0/inst/m00_axi_araddr[27]} {top_block_i/SAMPA_PON_v1_0_0/inst/m00_axi_araddr[28]} {top_block_i/SAMPA_PON_v1_0_0/inst/m00_axi_araddr[29]} {top_block_i/SAMPA_PON_v1_0_0/inst/m00_axi_araddr[30]} {top_block_i/SAMPA_PON_v1_0_0/inst/m00_axi_araddr[31]} ]]
create_debug_port u_ila_0 probe
set_property port_width 4 [get_debug_ports u_ila_0/probe2]
set_property PROBE_TYPE DATA_AND_TRIGGER [get_debug_ports u_ila_0/probe2]
connect_debug_port u_ila_0/probe2 [get_nets [list {top_block_i/SAMPA_I2C_wrapper/I2C_Controller_v1_0_0/inst/state_bram[0]} {top_block_i/SAMPA_I2C_wrapper/I2C_Controller_v1_0_0/inst/state_bram[1]} {top_block_i/SAMPA_I2C_wrapper/I2C_Controller_v1_0_0/inst/state_bram[2]} {top_block_i/SAMPA_I2C_wrapper/I2C_Controller_v1_0_0/inst/state_bram[3]} ]]
create_debug_port u_ila_0 probe
set_property port_width 4 [get_debug_ports u_ila_0/probe3]
set_property PROBE_TYPE DATA_AND_TRIGGER [get_debug_ports u_ila_0/probe3]
connect_debug_port u_ila_0/probe3 [get_nets [list {top_block_i/SAMPA_I2C_wrapper/I2C_Controller_v1_0_0/inst/state_i2c[0]} {top_block_i/SAMPA_I2C_wrapper/I2C_Controller_v1_0_0/inst/state_i2c[1]} {top_block_i/SAMPA_I2C_wrapper/I2C_Controller_v1_0_0/inst/state_i2c[2]} {top_block_i/SAMPA_I2C_wrapper/I2C_Controller_v1_0_0/inst/state_i2c[3]} ]]
create_debug_port u_ila_0 probe
set_property port_width 32 [get_debug_ports u_ila_0/probe4]
set_property PROBE_TYPE DATA_AND_TRIGGER [get_debug_ports u_ila_0/probe4]
connect_debug_port u_ila_0/probe4 [get_nets [list {top_block_i/led_module/LED_REG_READ_SEPARAT_0/inst/LED_REG_READ_SEPARATE_v1_0_M00_AXI_inst/axi_araddr[0]} {top_block_i/led_module/LED_REG_READ_SEPARAT_0/inst/LED_REG_READ_SEPARATE_v1_0_M00_AXI_inst/axi_araddr[1]} {top_block_i/led_module/LED_REG_READ_SEPARAT_0/inst/LED_REG_READ_SEPARATE_v1_0_M00_AXI_inst/axi_araddr[2]} {top_block_i/led_module/LED_REG_READ_SEPARAT_0/inst/LED_REG_READ_SEPARATE_v1_0_M00_AXI_inst/axi_araddr[3]} {top_block_i/led_module/LED_REG_READ_SEPARAT_0/inst/LED_REG_READ_SEPARATE_v1_0_M00_AXI_inst/axi_araddr[4]} {top_block_i/led_module/LED_REG_READ_SEPARAT_0/inst/LED_REG_READ_SEPARATE_v1_0_M00_AXI_inst/axi_araddr[5]} {top_block_i/led_module/LED_REG_READ_SEPARAT_0/inst/LED_REG_READ_SEPARATE_v1_0_M00_AXI_inst/axi_araddr[6]} {top_block_i/led_module/LED_REG_READ_SEPARAT_0/inst/LED_REG_READ_SEPARATE_v1_0_M00_AXI_inst/axi_araddr[7]} {top_block_i/led_module/LED_REG_READ_SEPARAT_0/inst/LED_REG_READ_SEPARATE_v1_0_M00_AXI_inst/axi_araddr[8]} {top_block_i/led_module/LED_REG_READ_SEPARAT_0/inst/LED_REG_READ_SEPARATE_v1_0_M00_AXI_inst/axi_araddr[9]} {top_block_i/led_module/LED_REG_READ_SEPARAT_0/inst/LED_REG_READ_SEPARATE_v1_0_M00_AXI_inst/axi_araddr[10]} {top_block_i/led_module/LED_REG_READ_SEPARAT_0/inst/LED_REG_READ_SEPARATE_v1_0_M00_AXI_inst/axi_araddr[11]} {top_block_i/led_module/LED_REG_READ_SEPARAT_0/inst/LED_REG_READ_SEPARATE_v1_0_M00_AXI_inst/axi_araddr[12]} {top_block_i/led_module/LED_REG_READ_SEPARAT_0/inst/LED_REG_READ_SEPARATE_v1_0_M00_AXI_inst/axi_araddr[13]} {top_block_i/led_module/LED_REG_READ_SEPARAT_0/inst/LED_REG_READ_SEPARATE_v1_0_M00_AXI_inst/axi_araddr[14]} {top_block_i/led_module/LED_REG_READ_SEPARAT_0/inst/LED_REG_READ_SEPARATE_v1_0_M00_AXI_inst/axi_araddr[15]} {top_block_i/led_module/LED_REG_READ_SEPARAT_0/inst/LED_REG_READ_SEPARATE_v1_0_M00_AXI_inst/axi_araddr[16]} {top_block_i/led_module/LED_REG_READ_SEPARAT_0/inst/LED_REG_READ_SEPARATE_v1_0_M00_AXI_inst/axi_araddr[17]} {top_block_i/led_module/LED_REG_READ_SEPARAT_0/inst/LED_REG_READ_SEPARATE_v1_0_M00_AXI_inst/axi_araddr[18]} {top_block_i/led_module/LED_REG_READ_SEPARAT_0/inst/LED_REG_READ_SEPARATE_v1_0_M00_AXI_inst/axi_araddr[19]} {top_block_i/led_module/LED_REG_READ_SEPARAT_0/inst/LED_REG_READ_SEPARATE_v1_0_M00_AXI_inst/axi_araddr[20]} {top_block_i/led_module/LED_REG_READ_SEPARAT_0/inst/LED_REG_READ_SEPARATE_v1_0_M00_AXI_inst/axi_araddr[21]} {top_block_i/led_module/LED_REG_READ_SEPARAT_0/inst/LED_REG_READ_SEPARATE_v1_0_M00_AXI_inst/axi_araddr[22]} {top_block_i/led_module/LED_REG_READ_SEPARAT_0/inst/LED_REG_READ_SEPARATE_v1_0_M00_AXI_inst/axi_araddr[23]} {top_block_i/led_module/LED_REG_READ_SEPARAT_0/inst/LED_REG_READ_SEPARATE_v1_0_M00_AXI_inst/axi_araddr[24]} {top_block_i/led_module/LED_REG_READ_SEPARAT_0/inst/LED_REG_READ_SEPARATE_v1_0_M00_AXI_inst/axi_araddr[25]} {top_block_i/led_module/LED_REG_READ_SEPARAT_0/inst/LED_REG_READ_SEPARATE_v1_0_M00_AXI_inst/axi_araddr[26]} {top_block_i/led_module/LED_REG_READ_SEPARAT_0/inst/LED_REG_READ_SEPARATE_v1_0_M00_AXI_inst/axi_araddr[27]} {top_block_i/led_module/LED_REG_READ_SEPARAT_0/inst/LED_REG_READ_SEPARATE_v1_0_M00_AXI_inst/axi_araddr[28]} {top_block_i/led_module/LED_REG_READ_SEPARAT_0/inst/LED_REG_READ_SEPARATE_v1_0_M00_AXI_inst/axi_araddr[29]} {top_block_i/led_module/LED_REG_READ_SEPARAT_0/inst/LED_REG_READ_SEPARATE_v1_0_M00_AXI_inst/axi_araddr[30]} {top_block_i/led_module/LED_REG_READ_SEPARAT_0/inst/LED_REG_READ_SEPARATE_v1_0_M00_AXI_inst/axi_araddr[31]} ]]
create_debug_port u_ila_0 probe
set_property port_width 32 [get_debug_ports u_ila_0/probe5]
set_property PROBE_TYPE DATA_AND_TRIGGER [get_debug_ports u_ila_0/probe5]
connect_debug_port u_ila_0/probe5 [get_nets [list {top_block_i/led_module/LED_REG_READ_SEPARAT_1/inst/LED_REG_READ_SEPARATE_v1_0_M00_AXI_inst/axi_araddr[0]} {top_block_i/led_module/LED_REG_READ_SEPARAT_1/inst/LED_REG_READ_SEPARATE_v1_0_M00_AXI_inst/axi_araddr[1]} {top_block_i/led_module/LED_REG_READ_SEPARAT_1/inst/LED_REG_READ_SEPARATE_v1_0_M00_AXI_inst/axi_araddr[2]} {top_block_i/led_module/LED_REG_READ_SEPARAT_1/inst/LED_REG_READ_SEPARATE_v1_0_M00_AXI_inst/axi_araddr[3]} {top_block_i/led_module/LED_REG_READ_SEPARAT_1/inst/LED_REG_READ_SEPARATE_v1_0_M00_AXI_inst/axi_araddr[4]} {top_block_i/led_module/LED_REG_READ_SEPARAT_1/inst/LED_REG_READ_SEPARATE_v1_0_M00_AXI_inst/axi_araddr[5]} {top_block_i/led_module/LED_REG_READ_SEPARAT_1/inst/LED_REG_READ_SEPARATE_v1_0_M00_AXI_inst/axi_araddr[6]} {top_block_i/led_module/LED_REG_READ_SEPARAT_1/inst/LED_REG_READ_SEPARATE_v1_0_M00_AXI_inst/axi_araddr[7]} {top_block_i/led_module/LED_REG_READ_SEPARAT_1/inst/LED_REG_READ_SEPARATE_v1_0_M00_AXI_inst/axi_araddr[8]} {top_block_i/led_module/LED_REG_READ_SEPARAT_1/inst/LED_REG_READ_SEPARATE_v1_0_M00_AXI_inst/axi_araddr[9]} {top_block_i/led_module/LED_REG_READ_SEPARAT_1/inst/LED_REG_READ_SEPARATE_v1_0_M00_AXI_inst/axi_araddr[10]} {top_block_i/led_module/LED_REG_READ_SEPARAT_1/inst/LED_REG_READ_SEPARATE_v1_0_M00_AXI_inst/axi_araddr[11]} {top_block_i/led_module/LED_REG_READ_SEPARAT_1/inst/LED_REG_READ_SEPARATE_v1_0_M00_AXI_inst/axi_araddr[12]} {top_block_i/led_module/LED_REG_READ_SEPARAT_1/inst/LED_REG_READ_SEPARATE_v1_0_M00_AXI_inst/axi_araddr[13]} {top_block_i/led_module/LED_REG_READ_SEPARAT_1/inst/LED_REG_READ_SEPARATE_v1_0_M00_AXI_inst/axi_araddr[14]} {top_block_i/led_module/LED_REG_READ_SEPARAT_1/inst/LED_REG_READ_SEPARATE_v1_0_M00_AXI_inst/axi_araddr[15]} {top_block_i/led_module/LED_REG_READ_SEPARAT_1/inst/LED_REG_READ_SEPARATE_v1_0_M00_AXI_inst/axi_araddr[16]} {top_block_i/led_module/LED_REG_READ_SEPARAT_1/inst/LED_REG_READ_SEPARATE_v1_0_M00_AXI_inst/axi_araddr[17]} {top_block_i/led_module/LED_REG_READ_SEPARAT_1/inst/LED_REG_READ_SEPARATE_v1_0_M00_AXI_inst/axi_araddr[18]} {top_block_i/led_module/LED_REG_READ_SEPARAT_1/inst/LED_REG_READ_SEPARATE_v1_0_M00_AXI_inst/axi_araddr[19]} {top_block_i/led_module/LED_REG_READ_SEPARAT_1/inst/LED_REG_READ_SEPARATE_v1_0_M00_AXI_inst/axi_araddr[20]} {top_block_i/led_module/LED_REG_READ_SEPARAT_1/inst/LED_REG_READ_SEPARATE_v1_0_M00_AXI_inst/axi_araddr[21]} {top_block_i/led_module/LED_REG_READ_SEPARAT_1/inst/LED_REG_READ_SEPARATE_v1_0_M00_AXI_inst/axi_araddr[22]} {top_block_i/led_module/LED_REG_READ_SEPARAT_1/inst/LED_REG_READ_SEPARATE_v1_0_M00_AXI_inst/axi_araddr[23]} {top_block_i/led_module/LED_REG_READ_SEPARAT_1/inst/LED_REG_READ_SEPARATE_v1_0_M00_AXI_inst/axi_araddr[24]} {top_block_i/led_module/LED_REG_READ_SEPARAT_1/inst/LED_REG_READ_SEPARATE_v1_0_M00_AXI_inst/axi_araddr[25]} {top_block_i/led_module/LED_REG_READ_SEPARAT_1/inst/LED_REG_READ_SEPARATE_v1_0_M00_AXI_inst/axi_araddr[26]} {top_block_i/led_module/LED_REG_READ_SEPARAT_1/inst/LED_REG_READ_SEPARATE_v1_0_M00_AXI_inst/axi_araddr[27]} {top_block_i/led_module/LED_REG_READ_SEPARAT_1/inst/LED_REG_READ_SEPARATE_v1_0_M00_AXI_inst/axi_araddr[28]} {top_block_i/led_module/LED_REG_READ_SEPARAT_1/inst/LED_REG_READ_SEPARATE_v1_0_M00_AXI_inst/axi_araddr[29]} {top_block_i/led_module/LED_REG_READ_SEPARAT_1/inst/LED_REG_READ_SEPARATE_v1_0_M00_AXI_inst/axi_araddr[30]} {top_block_i/led_module/LED_REG_READ_SEPARAT_1/inst/LED_REG_READ_SEPARATE_v1_0_M00_AXI_inst/axi_araddr[31]} ]]
create_debug_port u_ila_0 probe
set_property port_width 1 [get_debug_ports u_ila_0/probe6]
set_property PROBE_TYPE DATA_AND_TRIGGER [get_debug_ports u_ila_0/probe6]
connect_debug_port u_ila_0/probe6 [get_nets [list top_block_i/SAMPA_I2C_wrapper/I2C_Controller_v1_0_0/inst/bram_read_done ]]
create_debug_port u_ila_0 probe
set_property port_width 1 [get_debug_ports u_ila_0/probe7]
set_property PROBE_TYPE DATA_AND_TRIGGER [get_debug_ports u_ila_0/probe7]
connect_debug_port u_ila_0/probe7 [get_nets [list top_block_i/SAMPA_I2C_wrapper/I2C_Controller_v1_0_0/inst/I2C_Controller_v1_0_M01_AXI_inst/I2C_RD ]]
create_debug_port u_ila_0 probe
set_property port_width 1 [get_debug_ports u_ila_0/probe8]
set_property PROBE_TYPE DATA_AND_TRIGGER [get_debug_ports u_ila_0/probe8]
connect_debug_port u_ila_0/probe8 [get_nets [list top_block_i/SAMPA_I2C_wrapper/I2C_Controller_v1_0_0/inst/I2C_Controller_v1_0_M01_AXI_inst/I2C_WR ]]
create_debug_port u_ila_0 probe
set_property port_width 1 [get_debug_ports u_ila_0/probe9]
set_property PROBE_TYPE DATA_AND_TRIGGER [get_debug_ports u_ila_0/probe9]
connect_debug_port u_ila_0/probe9 [get_nets [list top_block_i/SAMPA_PON_v1_0_0/inst/sampa_power_on ]]
set_property port_width 11 [get_debug_ports u_ila_1/probe0]
set_property PROBE_TYPE DATA_AND_TRIGGER [get_debug_ports u_ila_1/probe0]
connect_debug_port u_ila_1/probe0 [get_nets [list {top_block_i/appUnit/das_rx_0/inst/SO1[0]} {top_block_i/appUnit/das_rx_0/inst/SO1[1]} {top_block_i/appUnit/das_rx_0/inst/SO1[2]} {top_block_i/appUnit/das_rx_0/inst/SO1[3]} {top_block_i/appUnit/das_rx_0/inst/SO1[4]} {top_block_i/appUnit/das_rx_0/inst/SO1[5]} {top_block_i/appUnit/das_rx_0/inst/SO1[6]} {top_block_i/appUnit/das_rx_0/inst/SO1[7]} {top_block_i/appUnit/das_rx_0/inst/SO1[8]} {top_block_i/appUnit/das_rx_0/inst/SO1[9]} {top_block_i/appUnit/das_rx_0/inst/SO1[10]} ]]
create_debug_port u_ila_1 probe
set_property port_width 11 [get_debug_ports u_ila_1/probe1]
set_property PROBE_TYPE DATA_AND_TRIGGER [get_debug_ports u_ila_1/probe1]
connect_debug_port u_ila_1/probe1 [get_nets [list {top_block_i/appUnit/das_rx_0/inst/SO3[0]} {top_block_i/appUnit/das_rx_0/inst/SO3[1]} {top_block_i/appUnit/das_rx_0/inst/SO3[2]} {top_block_i/appUnit/das_rx_0/inst/SO3[3]} {top_block_i/appUnit/das_rx_0/inst/SO3[4]} {top_block_i/appUnit/das_rx_0/inst/SO3[5]} {top_block_i/appUnit/das_rx_0/inst/SO3[6]} {top_block_i/appUnit/das_rx_0/inst/SO3[7]} {top_block_i/appUnit/das_rx_0/inst/SO3[8]} {top_block_i/appUnit/das_rx_0/inst/SO3[9]} {top_block_i/appUnit/das_rx_0/inst/SO3[10]} ]]
create_debug_port u_ila_1 probe
set_property port_width 11 [get_debug_ports u_ila_1/probe2]
set_property PROBE_TYPE DATA_AND_TRIGGER [get_debug_ports u_ila_1/probe2]
connect_debug_port u_ila_1/probe2 [get_nets [list {top_block_i/appUnit/das_rx_0/inst/SO2[0]} {top_block_i/appUnit/das_rx_0/inst/SO2[1]} {top_block_i/appUnit/das_rx_0/inst/SO2[2]} {top_block_i/appUnit/das_rx_0/inst/SO2[3]} {top_block_i/appUnit/das_rx_0/inst/SO2[4]} {top_block_i/appUnit/das_rx_0/inst/SO2[5]} {top_block_i/appUnit/das_rx_0/inst/SO2[6]} {top_block_i/appUnit/das_rx_0/inst/SO2[7]} {top_block_i/appUnit/das_rx_0/inst/SO2[8]} {top_block_i/appUnit/das_rx_0/inst/SO2[9]} {top_block_i/appUnit/das_rx_0/inst/SO2[10]} ]]
create_debug_port u_ila_1 probe
set_property port_width 11 [get_debug_ports u_ila_1/probe3]
set_property PROBE_TYPE DATA_AND_TRIGGER [get_debug_ports u_ila_1/probe3]
connect_debug_port u_ila_1/probe3 [get_nets [list {top_block_i/appUnit/das_rx_0/inst/SO0[0]} {top_block_i/appUnit/das_rx_0/inst/SO0[1]} {top_block_i/appUnit/das_rx_0/inst/SO0[2]} {top_block_i/appUnit/das_rx_0/inst/SO0[3]} {top_block_i/appUnit/das_rx_0/inst/SO0[4]} {top_block_i/appUnit/das_rx_0/inst/SO0[5]} {top_block_i/appUnit/das_rx_0/inst/SO0[6]} {top_block_i/appUnit/das_rx_0/inst/SO0[7]} {top_block_i/appUnit/das_rx_0/inst/SO0[8]} {top_block_i/appUnit/das_rx_0/inst/SO0[9]} {top_block_i/appUnit/das_rx_0/inst/SO0[10]} ]]
create_debug_port u_ila_1 probe
set_property port_width 320 [get_debug_ports u_ila_1/probe4]
set_property PROBE_TYPE DATA_AND_TRIGGER [get_debug_ports u_ila_1/probe4]
connect_debug_port u_ila_1/probe4 [get_nets [list {top_block_i/appUnit/das_rx_0/inst/bus0[0]} {top_block_i/appUnit/das_rx_0/inst/bus0[1]} {top_block_i/appUnit/das_rx_0/inst/bus0[2]} {top_block_i/appUnit/das_rx_0/inst/bus0[3]} {top_block_i/appUnit/das_rx_0/inst/bus0[4]} {top_block_i/appUnit/das_rx_0/inst/bus0[5]} {top_block_i/appUnit/das_rx_0/inst/bus0[6]} {top_block_i/appUnit/das_rx_0/inst/bus0[7]} {top_block_i/appUnit/das_rx_0/inst/bus0[8]} {top_block_i/appUnit/das_rx_0/inst/bus0[9]} {top_block_i/appUnit/das_rx_0/inst/bus0[10]} {top_block_i/appUnit/das_rx_0/inst/bus0[11]} {top_block_i/appUnit/das_rx_0/inst/bus0[12]} {top_block_i/appUnit/das_rx_0/inst/bus0[13]} {top_block_i/appUnit/das_rx_0/inst/bus0[14]} {top_block_i/appUnit/das_rx_0/inst/bus0[15]} {top_block_i/appUnit/das_rx_0/inst/bus0[16]} {top_block_i/appUnit/das_rx_0/inst/bus0[17]} {top_block_i/appUnit/das_rx_0/inst/bus0[18]} {top_block_i/appUnit/das_rx_0/inst/bus0[19]} {top_block_i/appUnit/das_rx_0/inst/bus0[20]} {top_block_i/appUnit/das_rx_0/inst/bus0[21]} {top_block_i/appUnit/das_rx_0/inst/bus0[22]} {top_block_i/appUnit/das_rx_0/inst/bus0[23]} {top_block_i/appUnit/das_rx_0/inst/bus0[24]} {top_block_i/appUnit/das_rx_0/inst/bus0[25]} {top_block_i/appUnit/das_rx_0/inst/bus0[26]} {top_block_i/appUnit/das_rx_0/inst/bus0[27]} {top_block_i/appUnit/das_rx_0/inst/bus0[28]} {top_block_i/appUnit/das_rx_0/inst/bus0[29]} {top_block_i/appUnit/das_rx_0/inst/bus0[30]} {top_block_i/appUnit/das_rx_0/inst/bus0[31]} {top_block_i/appUnit/das_rx_0/inst/bus0[32]} {top_block_i/appUnit/das_rx_0/inst/bus0[33]} {top_block_i/appUnit/das_rx_0/inst/bus0[34]} {top_block_i/appUnit/das_rx_0/inst/bus0[35]} {top_block_i/appUnit/das_rx_0/inst/bus0[36]} {top_block_i/appUnit/das_rx_0/inst/bus0[37]} {top_block_i/appUnit/das_rx_0/inst/bus0[38]} {top_block_i/appUnit/das_rx_0/inst/bus0[39]} {top_block_i/appUnit/das_rx_0/inst/bus0[40]} {top_block_i/appUnit/das_rx_0/inst/bus0[41]} {top_block_i/appUnit/das_rx_0/inst/bus0[42]} {top_block_i/appUnit/das_rx_0/inst/bus0[43]} {top_block_i/appUnit/das_rx_0/inst/bus0[44]} {top_block_i/appUnit/das_rx_0/inst/bus0[45]} {top_block_i/appUnit/das_rx_0/inst/bus0[46]} {top_block_i/appUnit/das_rx_0/inst/bus0[47]} {top_block_i/appUnit/das_rx_0/inst/bus0[48]} {top_block_i/appUnit/das_rx_0/inst/bus0[49]} {top_block_i/appUnit/das_rx_0/inst/bus0[50]} {top_block_i/appUnit/das_rx_0/inst/bus0[51]} {top_block_i/appUnit/das_rx_0/inst/bus0[52]} {top_block_i/appUnit/das_rx_0/inst/bus0[53]} {top_block_i/appUnit/das_rx_0/inst/bus0[54]} {top_block_i/appUnit/das_rx_0/inst/bus0[55]} {top_block_i/appUnit/das_rx_0/inst/bus0[56]} {top_block_i/appUnit/das_rx_0/inst/bus0[57]} {top_block_i/appUnit/das_rx_0/inst/bus0[58]} {top_block_i/appUnit/das_rx_0/inst/bus0[59]} {top_block_i/appUnit/das_rx_0/inst/bus0[60]} {top_block_i/appUnit/das_rx_0/inst/bus0[61]} {top_block_i/appUnit/das_rx_0/inst/bus0[62]} {top_block_i/appUnit/das_rx_0/inst/bus0[63]} {top_block_i/appUnit/das_rx_0/inst/bus0[64]} {top_block_i/appUnit/das_rx_0/inst/bus0[65]} {top_block_i/appUnit/das_rx_0/inst/bus0[66]} {top_block_i/appUnit/das_rx_0/inst/bus0[67]} {top_block_i/appUnit/das_rx_0/inst/bus0[68]} {top_block_i/appUnit/das_rx_0/inst/bus0[69]} {top_block_i/appUnit/das_rx_0/inst/bus0[70]} {top_block_i/appUnit/das_rx_0/inst/bus0[71]} {top_block_i/appUnit/das_rx_0/inst/bus0[72]} {top_block_i/appUnit/das_rx_0/inst/bus0[73]} {top_block_i/appUnit/das_rx_0/inst/bus0[74]} {top_block_i/appUnit/das_rx_0/inst/bus0[75]} {top_block_i/appUnit/das_rx_0/inst/bus0[76]} {top_block_i/appUnit/das_rx_0/inst/bus0[77]} {top_block_i/appUnit/das_rx_0/inst/bus0[78]} {top_block_i/appUnit/das_rx_0/inst/bus0[79]} {top_block_i/appUnit/das_rx_0/inst/bus0[80]} {top_block_i/appUnit/das_rx_0/inst/bus0[81]} {top_block_i/appUnit/das_rx_0/inst/bus0[82]} {top_block_i/appUnit/das_rx_0/inst/bus0[83]} {top_block_i/appUnit/das_rx_0/inst/bus0[84]} {top_block_i/appUnit/das_rx_0/inst/bus0[85]} {top_block_i/appUnit/das_rx_0/inst/bus0[86]} {top_block_i/appUnit/das_rx_0/inst/bus0[87]} {top_block_i/appUnit/das_rx_0/inst/bus0[88]} {top_block_i/appUnit/das_rx_0/inst/bus0[89]} {top_block_i/appUnit/das_rx_0/inst/bus0[90]} {top_block_i/appUnit/das_rx_0/inst/bus0[91]} {top_block_i/appUnit/das_rx_0/inst/bus0[92]} {top_block_i/appUnit/das_rx_0/inst/bus0[93]} {top_block_i/appUnit/das_rx_0/inst/bus0[94]} {top_block_i/appUnit/das_rx_0/inst/bus0[95]} {top_block_i/appUnit/das_rx_0/inst/bus0[96]} {top_block_i/appUnit/das_rx_0/inst/bus0[97]} {top_block_i/appUnit/das_rx_0/inst/bus0[98]} {top_block_i/appUnit/das_rx_0/inst/bus0[99]} {top_block_i/appUnit/das_rx_0/inst/bus0[100]} {top_block_i/appUnit/das_rx_0/inst/bus0[101]} {top_block_i/appUnit/das_rx_0/inst/bus0[102]} {top_block_i/appUnit/das_rx_0/inst/bus0[103]} {top_block_i/appUnit/das_rx_0/inst/bus0[104]} {top_block_i/appUnit/das_rx_0/inst/bus0[105]} {top_block_i/appUnit/das_rx_0/inst/bus0[106]} {top_block_i/appUnit/das_rx_0/inst/bus0[107]} {top_block_i/appUnit/das_rx_0/inst/bus0[108]} {top_block_i/appUnit/das_rx_0/inst/bus0[109]} {top_block_i/appUnit/das_rx_0/inst/bus0[110]} {top_block_i/appUnit/das_rx_0/inst/bus0[111]} {top_block_i/appUnit/das_rx_0/inst/bus0[112]} {top_block_i/appUnit/das_rx_0/inst/bus0[113]} {top_block_i/appUnit/das_rx_0/inst/bus0[114]} {top_block_i/appUnit/das_rx_0/inst/bus0[115]} {top_block_i/appUnit/das_rx_0/inst/bus0[116]} {top_block_i/appUnit/das_rx_0/inst/bus0[117]} {top_block_i/appUnit/das_rx_0/inst/bus0[118]} {top_block_i/appUnit/das_rx_0/inst/bus0[119]} {top_block_i/appUnit/das_rx_0/inst/bus0[120]} {top_block_i/appUnit/das_rx_0/inst/bus0[121]} {top_block_i/appUnit/das_rx_0/inst/bus0[122]} {top_block_i/appUnit/das_rx_0/inst/bus0[123]} {top_block_i/appUnit/das_rx_0/inst/bus0[124]} {top_block_i/appUnit/das_rx_0/inst/bus0[125]} {top_block_i/appUnit/das_rx_0/inst/bus0[126]} {top_block_i/appUnit/das_rx_0/inst/bus0[127]} {top_block_i/appUnit/das_rx_0/inst/bus0[128]} {top_block_i/appUnit/das_rx_0/inst/bus0[129]} {top_block_i/appUnit/das_rx_0/inst/bus0[130]} {top_block_i/appUnit/das_rx_0/inst/bus0[131]} {top_block_i/appUnit/das_rx_0/inst/bus0[132]} {top_block_i/appUnit/das_rx_0/inst/bus0[133]} {top_block_i/appUnit/das_rx_0/inst/bus0[134]} {top_block_i/appUnit/das_rx_0/inst/bus0[135]} {top_block_i/appUnit/das_rx_0/inst/bus0[136]} {top_block_i/appUnit/das_rx_0/inst/bus0[137]} {top_block_i/appUnit/das_rx_0/inst/bus0[138]} {top_block_i/appUnit/das_rx_0/inst/bus0[139]} {top_block_i/appUnit/das_rx_0/inst/bus0[140]} {top_block_i/appUnit/das_rx_0/inst/bus0[141]} {top_block_i/appUnit/das_rx_0/inst/bus0[142]} {top_block_i/appUnit/das_rx_0/inst/bus0[143]} {top_block_i/appUnit/das_rx_0/inst/bus0[144]} {top_block_i/appUnit/das_rx_0/inst/bus0[145]} {top_block_i/appUnit/das_rx_0/inst/bus0[146]} {top_block_i/appUnit/das_rx_0/inst/bus0[147]} {top_block_i/appUnit/das_rx_0/inst/bus0[148]} {top_block_i/appUnit/das_rx_0/inst/bus0[149]} {top_block_i/appUnit/das_rx_0/inst/bus0[150]} {top_block_i/appUnit/das_rx_0/inst/bus0[151]} {top_block_i/appUnit/das_rx_0/inst/bus0[152]} {top_block_i/appUnit/das_rx_0/inst/bus0[153]} {top_block_i/appUnit/das_rx_0/inst/bus0[154]} {top_block_i/appUnit/das_rx_0/inst/bus0[155]} {top_block_i/appUnit/das_rx_0/inst/bus0[156]} {top_block_i/appUnit/das_rx_0/inst/bus0[157]} {top_block_i/appUnit/das_rx_0/inst/bus0[158]} {top_block_i/appUnit/das_rx_0/inst/bus0[159]} {top_block_i/appUnit/das_rx_0/inst/bus0[160]} {top_block_i/appUnit/das_rx_0/inst/bus0[161]} {top_block_i/appUnit/das_rx_0/inst/bus0[162]} {top_block_i/appUnit/das_rx_0/inst/bus0[163]} {top_block_i/appUnit/das_rx_0/inst/bus0[164]} {top_block_i/appUnit/das_rx_0/inst/bus0[165]} {top_block_i/appUnit/das_rx_0/inst/bus0[166]} {top_block_i/appUnit/das_rx_0/inst/bus0[167]} {top_block_i/appUnit/das_rx_0/inst/bus0[168]} {top_block_i/appUnit/das_rx_0/inst/bus0[169]} {top_block_i/appUnit/das_rx_0/inst/bus0[170]} {top_block_i/appUnit/das_rx_0/inst/bus0[171]} {top_block_i/appUnit/das_rx_0/inst/bus0[172]} {top_block_i/appUnit/das_rx_0/inst/bus0[173]} {top_block_i/appUnit/das_rx_0/inst/bus0[174]} {top_block_i/appUnit/das_rx_0/inst/bus0[175]} {top_block_i/appUnit/das_rx_0/inst/bus0[176]} {top_block_i/appUnit/das_rx_0/inst/bus0[177]} {top_block_i/appUnit/das_rx_0/inst/bus0[178]} {top_block_i/appUnit/das_rx_0/inst/bus0[179]} {top_block_i/appUnit/das_rx_0/inst/bus0[180]} {top_block_i/appUnit/das_rx_0/inst/bus0[181]} {top_block_i/appUnit/das_rx_0/inst/bus0[182]} {top_block_i/appUnit/das_rx_0/inst/bus0[183]} {top_block_i/appUnit/das_rx_0/inst/bus0[184]} {top_block_i/appUnit/das_rx_0/inst/bus0[185]} {top_block_i/appUnit/das_rx_0/inst/bus0[186]} {top_block_i/appUnit/das_rx_0/inst/bus0[187]} {top_block_i/appUnit/das_rx_0/inst/bus0[188]} {top_block_i/appUnit/das_rx_0/inst/bus0[189]} {top_block_i/appUnit/das_rx_0/inst/bus0[190]} {top_block_i/appUnit/das_rx_0/inst/bus0[191]} {top_block_i/appUnit/das_rx_0/inst/bus0[192]} {top_block_i/appUnit/das_rx_0/inst/bus0[193]} {top_block_i/appUnit/das_rx_0/inst/bus0[194]} {top_block_i/appUnit/das_rx_0/inst/bus0[195]} {top_block_i/appUnit/das_rx_0/inst/bus0[196]} {top_block_i/appUnit/das_rx_0/inst/bus0[197]} {top_block_i/appUnit/das_rx_0/inst/bus0[198]} {top_block_i/appUnit/das_rx_0/inst/bus0[199]} {top_block_i/appUnit/das_rx_0/inst/bus0[200]} {top_block_i/appUnit/das_rx_0/inst/bus0[201]} {top_block_i/appUnit/das_rx_0/inst/bus0[202]} {top_block_i/appUnit/das_rx_0/inst/bus0[203]} {top_block_i/appUnit/das_rx_0/inst/bus0[204]} {top_block_i/appUnit/das_rx_0/inst/bus0[205]} {top_block_i/appUnit/das_rx_0/inst/bus0[206]} {top_block_i/appUnit/das_rx_0/inst/bus0[207]} {top_block_i/appUnit/das_rx_0/inst/bus0[208]} {top_block_i/appUnit/das_rx_0/inst/bus0[209]} {top_block_i/appUnit/das_rx_0/inst/bus0[210]} {top_block_i/appUnit/das_rx_0/inst/bus0[211]} {top_block_i/appUnit/das_rx_0/inst/bus0[212]} {top_block_i/appUnit/das_rx_0/inst/bus0[213]} {top_block_i/appUnit/das_rx_0/inst/bus0[214]} {top_block_i/appUnit/das_rx_0/inst/bus0[215]} {top_block_i/appUnit/das_rx_0/inst/bus0[216]} {top_block_i/appUnit/das_rx_0/inst/bus0[217]} {top_block_i/appUnit/das_rx_0/inst/bus0[218]} {top_block_i/appUnit/das_rx_0/inst/bus0[219]} {top_block_i/appUnit/das_rx_0/inst/bus0[220]} {top_block_i/appUnit/das_rx_0/inst/bus0[221]} {top_block_i/appUnit/das_rx_0/inst/bus0[222]} {top_block_i/appUnit/das_rx_0/inst/bus0[223]} {top_block_i/appUnit/das_rx_0/inst/bus0[224]} {top_block_i/appUnit/das_rx_0/inst/bus0[225]} {top_block_i/appUnit/das_rx_0/inst/bus0[226]} {top_block_i/appUnit/das_rx_0/inst/bus0[227]} {top_block_i/appUnit/das_rx_0/inst/bus0[228]} {top_block_i/appUnit/das_rx_0/inst/bus0[229]} {top_block_i/appUnit/das_rx_0/inst/bus0[230]} {top_block_i/appUnit/das_rx_0/inst/bus0[231]} {top_block_i/appUnit/das_rx_0/inst/bus0[232]} {top_block_i/appUnit/das_rx_0/inst/bus0[233]} {top_block_i/appUnit/das_rx_0/inst/bus0[234]} {top_block_i/appUnit/das_rx_0/inst/bus0[235]} {top_block_i/appUnit/das_rx_0/inst/bus0[236]} {top_block_i/appUnit/das_rx_0/inst/bus0[237]} {top_block_i/appUnit/das_rx_0/inst/bus0[238]} {top_block_i/appUnit/das_rx_0/inst/bus0[239]} {top_block_i/appUnit/das_rx_0/inst/bus0[240]} {top_block_i/appUnit/das_rx_0/inst/bus0[241]} {top_block_i/appUnit/das_rx_0/inst/bus0[242]} {top_block_i/appUnit/das_rx_0/inst/bus0[243]} {top_block_i/appUnit/das_rx_0/inst/bus0[244]} {top_block_i/appUnit/das_rx_0/inst/bus0[245]} {top_block_i/appUnit/das_rx_0/inst/bus0[246]} {top_block_i/appUnit/das_rx_0/inst/bus0[247]} {top_block_i/appUnit/das_rx_0/inst/bus0[248]} {top_block_i/appUnit/das_rx_0/inst/bus0[249]} {top_block_i/appUnit/das_rx_0/inst/bus0[250]} {top_block_i/appUnit/das_rx_0/inst/bus0[251]} {top_block_i/appUnit/das_rx_0/inst/bus0[252]} {top_block_i/appUnit/das_rx_0/inst/bus0[253]} {top_block_i/appUnit/das_rx_0/inst/bus0[254]} {top_block_i/appUnit/das_rx_0/inst/bus0[255]} {top_block_i/appUnit/das_rx_0/inst/bus0[256]} {top_block_i/appUnit/das_rx_0/inst/bus0[257]} {top_block_i/appUnit/das_rx_0/inst/bus0[258]} {top_block_i/appUnit/das_rx_0/inst/bus0[259]} {top_block_i/appUnit/das_rx_0/inst/bus0[260]} {top_block_i/appUnit/das_rx_0/inst/bus0[261]} {top_block_i/appUnit/das_rx_0/inst/bus0[262]} {top_block_i/appUnit/das_rx_0/inst/bus0[263]} {top_block_i/appUnit/das_rx_0/inst/bus0[264]} {top_block_i/appUnit/das_rx_0/inst/bus0[265]} {top_block_i/appUnit/das_rx_0/inst/bus0[266]} {top_block_i/appUnit/das_rx_0/inst/bus0[267]} {top_block_i/appUnit/das_rx_0/inst/bus0[268]} {top_block_i/appUnit/das_rx_0/inst/bus0[269]} {top_block_i/appUnit/das_rx_0/inst/bus0[270]} {top_block_i/appUnit/das_rx_0/inst/bus0[271]} {top_block_i/appUnit/das_rx_0/inst/bus0[272]} {top_block_i/appUnit/das_rx_0/inst/bus0[273]} {top_block_i/appUnit/das_rx_0/inst/bus0[274]} {top_block_i/appUnit/das_rx_0/inst/bus0[275]} {top_block_i/appUnit/das_rx_0/inst/bus0[276]} {top_block_i/appUnit/das_rx_0/inst/bus0[277]} {top_block_i/appUnit/das_rx_0/inst/bus0[278]} {top_block_i/appUnit/das_rx_0/inst/bus0[279]} {top_block_i/appUnit/das_rx_0/inst/bus0[280]} {top_block_i/appUnit/das_rx_0/inst/bus0[281]} {top_block_i/appUnit/das_rx_0/inst/bus0[282]} {top_block_i/appUnit/das_rx_0/inst/bus0[283]} {top_block_i/appUnit/das_rx_0/inst/bus0[284]} {top_block_i/appUnit/das_rx_0/inst/bus0[285]} {top_block_i/appUnit/das_rx_0/inst/bus0[286]} {top_block_i/appUnit/das_rx_0/inst/bus0[287]} {top_block_i/appUnit/das_rx_0/inst/bus0[288]} {top_block_i/appUnit/das_rx_0/inst/bus0[289]} {top_block_i/appUnit/das_rx_0/inst/bus0[290]} {top_block_i/appUnit/das_rx_0/inst/bus0[291]} {top_block_i/appUnit/das_rx_0/inst/bus0[292]} {top_block_i/appUnit/das_rx_0/inst/bus0[293]} {top_block_i/appUnit/das_rx_0/inst/bus0[294]} {top_block_i/appUnit/das_rx_0/inst/bus0[295]} {top_block_i/appUnit/das_rx_0/inst/bus0[296]} {top_block_i/appUnit/das_rx_0/inst/bus0[297]} {top_block_i/appUnit/das_rx_0/inst/bus0[298]} {top_block_i/appUnit/das_rx_0/inst/bus0[299]} {top_block_i/appUnit/das_rx_0/inst/bus0[300]} {top_block_i/appUnit/das_rx_0/inst/bus0[301]} {top_block_i/appUnit/das_rx_0/inst/bus0[302]} {top_block_i/appUnit/das_rx_0/inst/bus0[303]} {top_block_i/appUnit/das_rx_0/inst/bus0[304]} {top_block_i/appUnit/das_rx_0/inst/bus0[305]} {top_block_i/appUnit/das_rx_0/inst/bus0[306]} {top_block_i/appUnit/das_rx_0/inst/bus0[307]} {top_block_i/appUnit/das_rx_0/inst/bus0[308]} {top_block_i/appUnit/das_rx_0/inst/bus0[309]} {top_block_i/appUnit/das_rx_0/inst/bus0[310]} {top_block_i/appUnit/das_rx_0/inst/bus0[311]} {top_block_i/appUnit/das_rx_0/inst/bus0[312]} {top_block_i/appUnit/das_rx_0/inst/bus0[313]} {top_block_i/appUnit/das_rx_0/inst/bus0[314]} {top_block_i/appUnit/das_rx_0/inst/bus0[315]} {top_block_i/appUnit/das_rx_0/inst/bus0[316]} {top_block_i/appUnit/das_rx_0/inst/bus0[317]} {top_block_i/appUnit/das_rx_0/inst/bus0[318]} {top_block_i/appUnit/das_rx_0/inst/bus0[319]} ]]
create_debug_port u_ila_1 probe
set_property port_width 320 [get_debug_ports u_ila_1/probe5]
set_property PROBE_TYPE DATA_AND_TRIGGER [get_debug_ports u_ila_1/probe5]
connect_debug_port u_ila_1/probe5 [get_nets [list {top_block_i/appUnit/das_rx_0/inst/bus2[0]} {top_block_i/appUnit/das_rx_0/inst/bus2[1]} {top_block_i/appUnit/das_rx_0/inst/bus2[2]} {top_block_i/appUnit/das_rx_0/inst/bus2[3]} {top_block_i/appUnit/das_rx_0/inst/bus2[4]} {top_block_i/appUnit/das_rx_0/inst/bus2[5]} {top_block_i/appUnit/das_rx_0/inst/bus2[6]} {top_block_i/appUnit/das_rx_0/inst/bus2[7]} {top_block_i/appUnit/das_rx_0/inst/bus2[8]} {top_block_i/appUnit/das_rx_0/inst/bus2[9]} {top_block_i/appUnit/das_rx_0/inst/bus2[10]} {top_block_i/appUnit/das_rx_0/inst/bus2[11]} {top_block_i/appUnit/das_rx_0/inst/bus2[12]} {top_block_i/appUnit/das_rx_0/inst/bus2[13]} {top_block_i/appUnit/das_rx_0/inst/bus2[14]} {top_block_i/appUnit/das_rx_0/inst/bus2[15]} {top_block_i/appUnit/das_rx_0/inst/bus2[16]} {top_block_i/appUnit/das_rx_0/inst/bus2[17]} {top_block_i/appUnit/das_rx_0/inst/bus2[18]} {top_block_i/appUnit/das_rx_0/inst/bus2[19]} {top_block_i/appUnit/das_rx_0/inst/bus2[20]} {top_block_i/appUnit/das_rx_0/inst/bus2[21]} {top_block_i/appUnit/das_rx_0/inst/bus2[22]} {top_block_i/appUnit/das_rx_0/inst/bus2[23]} {top_block_i/appUnit/das_rx_0/inst/bus2[24]} {top_block_i/appUnit/das_rx_0/inst/bus2[25]} {top_block_i/appUnit/das_rx_0/inst/bus2[26]} {top_block_i/appUnit/das_rx_0/inst/bus2[27]} {top_block_i/appUnit/das_rx_0/inst/bus2[28]} {top_block_i/appUnit/das_rx_0/inst/bus2[29]} {top_block_i/appUnit/das_rx_0/inst/bus2[30]} {top_block_i/appUnit/das_rx_0/inst/bus2[31]} {top_block_i/appUnit/das_rx_0/inst/bus2[32]} {top_block_i/appUnit/das_rx_0/inst/bus2[33]} {top_block_i/appUnit/das_rx_0/inst/bus2[34]} {top_block_i/appUnit/das_rx_0/inst/bus2[35]} {top_block_i/appUnit/das_rx_0/inst/bus2[36]} {top_block_i/appUnit/das_rx_0/inst/bus2[37]} {top_block_i/appUnit/das_rx_0/inst/bus2[38]} {top_block_i/appUnit/das_rx_0/inst/bus2[39]} {top_block_i/appUnit/das_rx_0/inst/bus2[40]} {top_block_i/appUnit/das_rx_0/inst/bus2[41]} {top_block_i/appUnit/das_rx_0/inst/bus2[42]} {top_block_i/appUnit/das_rx_0/inst/bus2[43]} {top_block_i/appUnit/das_rx_0/inst/bus2[44]} {top_block_i/appUnit/das_rx_0/inst/bus2[45]} {top_block_i/appUnit/das_rx_0/inst/bus2[46]} {top_block_i/appUnit/das_rx_0/inst/bus2[47]} {top_block_i/appUnit/das_rx_0/inst/bus2[48]} {top_block_i/appUnit/das_rx_0/inst/bus2[49]} {top_block_i/appUnit/das_rx_0/inst/bus2[50]} {top_block_i/appUnit/das_rx_0/inst/bus2[51]} {top_block_i/appUnit/das_rx_0/inst/bus2[52]} {top_block_i/appUnit/das_rx_0/inst/bus2[53]} {top_block_i/appUnit/das_rx_0/inst/bus2[54]} {top_block_i/appUnit/das_rx_0/inst/bus2[55]} {top_block_i/appUnit/das_rx_0/inst/bus2[56]} {top_block_i/appUnit/das_rx_0/inst/bus2[57]} {top_block_i/appUnit/das_rx_0/inst/bus2[58]} {top_block_i/appUnit/das_rx_0/inst/bus2[59]} {top_block_i/appUnit/das_rx_0/inst/bus2[60]} {top_block_i/appUnit/das_rx_0/inst/bus2[61]} {top_block_i/appUnit/das_rx_0/inst/bus2[62]} {top_block_i/appUnit/das_rx_0/inst/bus2[63]} {top_block_i/appUnit/das_rx_0/inst/bus2[64]} {top_block_i/appUnit/das_rx_0/inst/bus2[65]} {top_block_i/appUnit/das_rx_0/inst/bus2[66]} {top_block_i/appUnit/das_rx_0/inst/bus2[67]} {top_block_i/appUnit/das_rx_0/inst/bus2[68]} {top_block_i/appUnit/das_rx_0/inst/bus2[69]} {top_block_i/appUnit/das_rx_0/inst/bus2[70]} {top_block_i/appUnit/das_rx_0/inst/bus2[71]} {top_block_i/appUnit/das_rx_0/inst/bus2[72]} {top_block_i/appUnit/das_rx_0/inst/bus2[73]} {top_block_i/appUnit/das_rx_0/inst/bus2[74]} {top_block_i/appUnit/das_rx_0/inst/bus2[75]} {top_block_i/appUnit/das_rx_0/inst/bus2[76]} {top_block_i/appUnit/das_rx_0/inst/bus2[77]} {top_block_i/appUnit/das_rx_0/inst/bus2[78]} {top_block_i/appUnit/das_rx_0/inst/bus2[79]} {top_block_i/appUnit/das_rx_0/inst/bus2[80]} {top_block_i/appUnit/das_rx_0/inst/bus2[81]} {top_block_i/appUnit/das_rx_0/inst/bus2[82]} {top_block_i/appUnit/das_rx_0/inst/bus2[83]} {top_block_i/appUnit/das_rx_0/inst/bus2[84]} {top_block_i/appUnit/das_rx_0/inst/bus2[85]} {top_block_i/appUnit/das_rx_0/inst/bus2[86]} {top_block_i/appUnit/das_rx_0/inst/bus2[87]} {top_block_i/appUnit/das_rx_0/inst/bus2[88]} {top_block_i/appUnit/das_rx_0/inst/bus2[89]} {top_block_i/appUnit/das_rx_0/inst/bus2[90]} {top_block_i/appUnit/das_rx_0/inst/bus2[91]} {top_block_i/appUnit/das_rx_0/inst/bus2[92]} {top_block_i/appUnit/das_rx_0/inst/bus2[93]} {top_block_i/appUnit/das_rx_0/inst/bus2[94]} {top_block_i/appUnit/das_rx_0/inst/bus2[95]} {top_block_i/appUnit/das_rx_0/inst/bus2[96]} {top_block_i/appUnit/das_rx_0/inst/bus2[97]} {top_block_i/appUnit/das_rx_0/inst/bus2[98]} {top_block_i/appUnit/das_rx_0/inst/bus2[99]} {top_block_i/appUnit/das_rx_0/inst/bus2[100]} {top_block_i/appUnit/das_rx_0/inst/bus2[101]} {top_block_i/appUnit/das_rx_0/inst/bus2[102]} {top_block_i/appUnit/das_rx_0/inst/bus2[103]} {top_block_i/appUnit/das_rx_0/inst/bus2[104]} {top_block_i/appUnit/das_rx_0/inst/bus2[105]} {top_block_i/appUnit/das_rx_0/inst/bus2[106]} {top_block_i/appUnit/das_rx_0/inst/bus2[107]} {top_block_i/appUnit/das_rx_0/inst/bus2[108]} {top_block_i/appUnit/das_rx_0/inst/bus2[109]} {top_block_i/appUnit/das_rx_0/inst/bus2[110]} {top_block_i/appUnit/das_rx_0/inst/bus2[111]} {top_block_i/appUnit/das_rx_0/inst/bus2[112]} {top_block_i/appUnit/das_rx_0/inst/bus2[113]} {top_block_i/appUnit/das_rx_0/inst/bus2[114]} {top_block_i/appUnit/das_rx_0/inst/bus2[115]} {top_block_i/appUnit/das_rx_0/inst/bus2[116]} {top_block_i/appUnit/das_rx_0/inst/bus2[117]} {top_block_i/appUnit/das_rx_0/inst/bus2[118]} {top_block_i/appUnit/das_rx_0/inst/bus2[119]} {top_block_i/appUnit/das_rx_0/inst/bus2[120]} {top_block_i/appUnit/das_rx_0/inst/bus2[121]} {top_block_i/appUnit/das_rx_0/inst/bus2[122]} {top_block_i/appUnit/das_rx_0/inst/bus2[123]} {top_block_i/appUnit/das_rx_0/inst/bus2[124]} {top_block_i/appUnit/das_rx_0/inst/bus2[125]} {top_block_i/appUnit/das_rx_0/inst/bus2[126]} {top_block_i/appUnit/das_rx_0/inst/bus2[127]} {top_block_i/appUnit/das_rx_0/inst/bus2[128]} {top_block_i/appUnit/das_rx_0/inst/bus2[129]} {top_block_i/appUnit/das_rx_0/inst/bus2[130]} {top_block_i/appUnit/das_rx_0/inst/bus2[131]} {top_block_i/appUnit/das_rx_0/inst/bus2[132]} {top_block_i/appUnit/das_rx_0/inst/bus2[133]} {top_block_i/appUnit/das_rx_0/inst/bus2[134]} {top_block_i/appUnit/das_rx_0/inst/bus2[135]} {top_block_i/appUnit/das_rx_0/inst/bus2[136]} {top_block_i/appUnit/das_rx_0/inst/bus2[137]} {top_block_i/appUnit/das_rx_0/inst/bus2[138]} {top_block_i/appUnit/das_rx_0/inst/bus2[139]} {top_block_i/appUnit/das_rx_0/inst/bus2[140]} {top_block_i/appUnit/das_rx_0/inst/bus2[141]} {top_block_i/appUnit/das_rx_0/inst/bus2[142]} {top_block_i/appUnit/das_rx_0/inst/bus2[143]} {top_block_i/appUnit/das_rx_0/inst/bus2[144]} {top_block_i/appUnit/das_rx_0/inst/bus2[145]} {top_block_i/appUnit/das_rx_0/inst/bus2[146]} {top_block_i/appUnit/das_rx_0/inst/bus2[147]} {top_block_i/appUnit/das_rx_0/inst/bus2[148]} {top_block_i/appUnit/das_rx_0/inst/bus2[149]} {top_block_i/appUnit/das_rx_0/inst/bus2[150]} {top_block_i/appUnit/das_rx_0/inst/bus2[151]} {top_block_i/appUnit/das_rx_0/inst/bus2[152]} {top_block_i/appUnit/das_rx_0/inst/bus2[153]} {top_block_i/appUnit/das_rx_0/inst/bus2[154]} {top_block_i/appUnit/das_rx_0/inst/bus2[155]} {top_block_i/appUnit/das_rx_0/inst/bus2[156]} {top_block_i/appUnit/das_rx_0/inst/bus2[157]} {top_block_i/appUnit/das_rx_0/inst/bus2[158]} {top_block_i/appUnit/das_rx_0/inst/bus2[159]} {top_block_i/appUnit/das_rx_0/inst/bus2[160]} {top_block_i/appUnit/das_rx_0/inst/bus2[161]} {top_block_i/appUnit/das_rx_0/inst/bus2[162]} {top_block_i/appUnit/das_rx_0/inst/bus2[163]} {top_block_i/appUnit/das_rx_0/inst/bus2[164]} {top_block_i/appUnit/das_rx_0/inst/bus2[165]} {top_block_i/appUnit/das_rx_0/inst/bus2[166]} {top_block_i/appUnit/das_rx_0/inst/bus2[167]} {top_block_i/appUnit/das_rx_0/inst/bus2[168]} {top_block_i/appUnit/das_rx_0/inst/bus2[169]} {top_block_i/appUnit/das_rx_0/inst/bus2[170]} {top_block_i/appUnit/das_rx_0/inst/bus2[171]} {top_block_i/appUnit/das_rx_0/inst/bus2[172]} {top_block_i/appUnit/das_rx_0/inst/bus2[173]} {top_block_i/appUnit/das_rx_0/inst/bus2[174]} {top_block_i/appUnit/das_rx_0/inst/bus2[175]} {top_block_i/appUnit/das_rx_0/inst/bus2[176]} {top_block_i/appUnit/das_rx_0/inst/bus2[177]} {top_block_i/appUnit/das_rx_0/inst/bus2[178]} {top_block_i/appUnit/das_rx_0/inst/bus2[179]} {top_block_i/appUnit/das_rx_0/inst/bus2[180]} {top_block_i/appUnit/das_rx_0/inst/bus2[181]} {top_block_i/appUnit/das_rx_0/inst/bus2[182]} {top_block_i/appUnit/das_rx_0/inst/bus2[183]} {top_block_i/appUnit/das_rx_0/inst/bus2[184]} {top_block_i/appUnit/das_rx_0/inst/bus2[185]} {top_block_i/appUnit/das_rx_0/inst/bus2[186]} {top_block_i/appUnit/das_rx_0/inst/bus2[187]} {top_block_i/appUnit/das_rx_0/inst/bus2[188]} {top_block_i/appUnit/das_rx_0/inst/bus2[189]} {top_block_i/appUnit/das_rx_0/inst/bus2[190]} {top_block_i/appUnit/das_rx_0/inst/bus2[191]} {top_block_i/appUnit/das_rx_0/inst/bus2[192]} {top_block_i/appUnit/das_rx_0/inst/bus2[193]} {top_block_i/appUnit/das_rx_0/inst/bus2[194]} {top_block_i/appUnit/das_rx_0/inst/bus2[195]} {top_block_i/appUnit/das_rx_0/inst/bus2[196]} {top_block_i/appUnit/das_rx_0/inst/bus2[197]} {top_block_i/appUnit/das_rx_0/inst/bus2[198]} {top_block_i/appUnit/das_rx_0/inst/bus2[199]} {top_block_i/appUnit/das_rx_0/inst/bus2[200]} {top_block_i/appUnit/das_rx_0/inst/bus2[201]} {top_block_i/appUnit/das_rx_0/inst/bus2[202]} {top_block_i/appUnit/das_rx_0/inst/bus2[203]} {top_block_i/appUnit/das_rx_0/inst/bus2[204]} {top_block_i/appUnit/das_rx_0/inst/bus2[205]} {top_block_i/appUnit/das_rx_0/inst/bus2[206]} {top_block_i/appUnit/das_rx_0/inst/bus2[207]} {top_block_i/appUnit/das_rx_0/inst/bus2[208]} {top_block_i/appUnit/das_rx_0/inst/bus2[209]} {top_block_i/appUnit/das_rx_0/inst/bus2[210]} {top_block_i/appUnit/das_rx_0/inst/bus2[211]} {top_block_i/appUnit/das_rx_0/inst/bus2[212]} {top_block_i/appUnit/das_rx_0/inst/bus2[213]} {top_block_i/appUnit/das_rx_0/inst/bus2[214]} {top_block_i/appUnit/das_rx_0/inst/bus2[215]} {top_block_i/appUnit/das_rx_0/inst/bus2[216]} {top_block_i/appUnit/das_rx_0/inst/bus2[217]} {top_block_i/appUnit/das_rx_0/inst/bus2[218]} {top_block_i/appUnit/das_rx_0/inst/bus2[219]} {top_block_i/appUnit/das_rx_0/inst/bus2[220]} {top_block_i/appUnit/das_rx_0/inst/bus2[221]} {top_block_i/appUnit/das_rx_0/inst/bus2[222]} {top_block_i/appUnit/das_rx_0/inst/bus2[223]} {top_block_i/appUnit/das_rx_0/inst/bus2[224]} {top_block_i/appUnit/das_rx_0/inst/bus2[225]} {top_block_i/appUnit/das_rx_0/inst/bus2[226]} {top_block_i/appUnit/das_rx_0/inst/bus2[227]} {top_block_i/appUnit/das_rx_0/inst/bus2[228]} {top_block_i/appUnit/das_rx_0/inst/bus2[229]} {top_block_i/appUnit/das_rx_0/inst/bus2[230]} {top_block_i/appUnit/das_rx_0/inst/bus2[231]} {top_block_i/appUnit/das_rx_0/inst/bus2[232]} {top_block_i/appUnit/das_rx_0/inst/bus2[233]} {top_block_i/appUnit/das_rx_0/inst/bus2[234]} {top_block_i/appUnit/das_rx_0/inst/bus2[235]} {top_block_i/appUnit/das_rx_0/inst/bus2[236]} {top_block_i/appUnit/das_rx_0/inst/bus2[237]} {top_block_i/appUnit/das_rx_0/inst/bus2[238]} {top_block_i/appUnit/das_rx_0/inst/bus2[239]} {top_block_i/appUnit/das_rx_0/inst/bus2[240]} {top_block_i/appUnit/das_rx_0/inst/bus2[241]} {top_block_i/appUnit/das_rx_0/inst/bus2[242]} {top_block_i/appUnit/das_rx_0/inst/bus2[243]} {top_block_i/appUnit/das_rx_0/inst/bus2[244]} {top_block_i/appUnit/das_rx_0/inst/bus2[245]} {top_block_i/appUnit/das_rx_0/inst/bus2[246]} {top_block_i/appUnit/das_rx_0/inst/bus2[247]} {top_block_i/appUnit/das_rx_0/inst/bus2[248]} {top_block_i/appUnit/das_rx_0/inst/bus2[249]} {top_block_i/appUnit/das_rx_0/inst/bus2[250]} {top_block_i/appUnit/das_rx_0/inst/bus2[251]} {top_block_i/appUnit/das_rx_0/inst/bus2[252]} {top_block_i/appUnit/das_rx_0/inst/bus2[253]} {top_block_i/appUnit/das_rx_0/inst/bus2[254]} {top_block_i/appUnit/das_rx_0/inst/bus2[255]} {top_block_i/appUnit/das_rx_0/inst/bus2[256]} {top_block_i/appUnit/das_rx_0/inst/bus2[257]} {top_block_i/appUnit/das_rx_0/inst/bus2[258]} {top_block_i/appUnit/das_rx_0/inst/bus2[259]} {top_block_i/appUnit/das_rx_0/inst/bus2[260]} {top_block_i/appUnit/das_rx_0/inst/bus2[261]} {top_block_i/appUnit/das_rx_0/inst/bus2[262]} {top_block_i/appUnit/das_rx_0/inst/bus2[263]} {top_block_i/appUnit/das_rx_0/inst/bus2[264]} {top_block_i/appUnit/das_rx_0/inst/bus2[265]} {top_block_i/appUnit/das_rx_0/inst/bus2[266]} {top_block_i/appUnit/das_rx_0/inst/bus2[267]} {top_block_i/appUnit/das_rx_0/inst/bus2[268]} {top_block_i/appUnit/das_rx_0/inst/bus2[269]} {top_block_i/appUnit/das_rx_0/inst/bus2[270]} {top_block_i/appUnit/das_rx_0/inst/bus2[271]} {top_block_i/appUnit/das_rx_0/inst/bus2[272]} {top_block_i/appUnit/das_rx_0/inst/bus2[273]} {top_block_i/appUnit/das_rx_0/inst/bus2[274]} {top_block_i/appUnit/das_rx_0/inst/bus2[275]} {top_block_i/appUnit/das_rx_0/inst/bus2[276]} {top_block_i/appUnit/das_rx_0/inst/bus2[277]} {top_block_i/appUnit/das_rx_0/inst/bus2[278]} {top_block_i/appUnit/das_rx_0/inst/bus2[279]} {top_block_i/appUnit/das_rx_0/inst/bus2[280]} {top_block_i/appUnit/das_rx_0/inst/bus2[281]} {top_block_i/appUnit/das_rx_0/inst/bus2[282]} {top_block_i/appUnit/das_rx_0/inst/bus2[283]} {top_block_i/appUnit/das_rx_0/inst/bus2[284]} {top_block_i/appUnit/das_rx_0/inst/bus2[285]} {top_block_i/appUnit/das_rx_0/inst/bus2[286]} {top_block_i/appUnit/das_rx_0/inst/bus2[287]} {top_block_i/appUnit/das_rx_0/inst/bus2[288]} {top_block_i/appUnit/das_rx_0/inst/bus2[289]} {top_block_i/appUnit/das_rx_0/inst/bus2[290]} {top_block_i/appUnit/das_rx_0/inst/bus2[291]} {top_block_i/appUnit/das_rx_0/inst/bus2[292]} {top_block_i/appUnit/das_rx_0/inst/bus2[293]} {top_block_i/appUnit/das_rx_0/inst/bus2[294]} {top_block_i/appUnit/das_rx_0/inst/bus2[295]} {top_block_i/appUnit/das_rx_0/inst/bus2[296]} {top_block_i/appUnit/das_rx_0/inst/bus2[297]} {top_block_i/appUnit/das_rx_0/inst/bus2[298]} {top_block_i/appUnit/das_rx_0/inst/bus2[299]} {top_block_i/appUnit/das_rx_0/inst/bus2[300]} {top_block_i/appUnit/das_rx_0/inst/bus2[301]} {top_block_i/appUnit/das_rx_0/inst/bus2[302]} {top_block_i/appUnit/das_rx_0/inst/bus2[303]} {top_block_i/appUnit/das_rx_0/inst/bus2[304]} {top_block_i/appUnit/das_rx_0/inst/bus2[305]} {top_block_i/appUnit/das_rx_0/inst/bus2[306]} {top_block_i/appUnit/das_rx_0/inst/bus2[307]} {top_block_i/appUnit/das_rx_0/inst/bus2[308]} {top_block_i/appUnit/das_rx_0/inst/bus2[309]} {top_block_i/appUnit/das_rx_0/inst/bus2[310]} {top_block_i/appUnit/das_rx_0/inst/bus2[311]} {top_block_i/appUnit/das_rx_0/inst/bus2[312]} {top_block_i/appUnit/das_rx_0/inst/bus2[313]} {top_block_i/appUnit/das_rx_0/inst/bus2[314]} {top_block_i/appUnit/das_rx_0/inst/bus2[315]} {top_block_i/appUnit/das_rx_0/inst/bus2[316]} {top_block_i/appUnit/das_rx_0/inst/bus2[317]} {top_block_i/appUnit/das_rx_0/inst/bus2[318]} {top_block_i/appUnit/das_rx_0/inst/bus2[319]} ]]
create_debug_port u_ila_1 probe
set_property port_width 320 [get_debug_ports u_ila_1/probe6]
set_property PROBE_TYPE DATA_AND_TRIGGER [get_debug_ports u_ila_1/probe6]
connect_debug_port u_ila_1/probe6 [get_nets [list {top_block_i/appUnit/das_rx_0/inst/bus1[0]} {top_block_i/appUnit/das_rx_0/inst/bus1[1]} {top_block_i/appUnit/das_rx_0/inst/bus1[2]} {top_block_i/appUnit/das_rx_0/inst/bus1[3]} {top_block_i/appUnit/das_rx_0/inst/bus1[4]} {top_block_i/appUnit/das_rx_0/inst/bus1[5]} {top_block_i/appUnit/das_rx_0/inst/bus1[6]} {top_block_i/appUnit/das_rx_0/inst/bus1[7]} {top_block_i/appUnit/das_rx_0/inst/bus1[8]} {top_block_i/appUnit/das_rx_0/inst/bus1[9]} {top_block_i/appUnit/das_rx_0/inst/bus1[10]} {top_block_i/appUnit/das_rx_0/inst/bus1[11]} {top_block_i/appUnit/das_rx_0/inst/bus1[12]} {top_block_i/appUnit/das_rx_0/inst/bus1[13]} {top_block_i/appUnit/das_rx_0/inst/bus1[14]} {top_block_i/appUnit/das_rx_0/inst/bus1[15]} {top_block_i/appUnit/das_rx_0/inst/bus1[16]} {top_block_i/appUnit/das_rx_0/inst/bus1[17]} {top_block_i/appUnit/das_rx_0/inst/bus1[18]} {top_block_i/appUnit/das_rx_0/inst/bus1[19]} {top_block_i/appUnit/das_rx_0/inst/bus1[20]} {top_block_i/appUnit/das_rx_0/inst/bus1[21]} {top_block_i/appUnit/das_rx_0/inst/bus1[22]} {top_block_i/appUnit/das_rx_0/inst/bus1[23]} {top_block_i/appUnit/das_rx_0/inst/bus1[24]} {top_block_i/appUnit/das_rx_0/inst/bus1[25]} {top_block_i/appUnit/das_rx_0/inst/bus1[26]} {top_block_i/appUnit/das_rx_0/inst/bus1[27]} {top_block_i/appUnit/das_rx_0/inst/bus1[28]} {top_block_i/appUnit/das_rx_0/inst/bus1[29]} {top_block_i/appUnit/das_rx_0/inst/bus1[30]} {top_block_i/appUnit/das_rx_0/inst/bus1[31]} {top_block_i/appUnit/das_rx_0/inst/bus1[32]} {top_block_i/appUnit/das_rx_0/inst/bus1[33]} {top_block_i/appUnit/das_rx_0/inst/bus1[34]} {top_block_i/appUnit/das_rx_0/inst/bus1[35]} {top_block_i/appUnit/das_rx_0/inst/bus1[36]} {top_block_i/appUnit/das_rx_0/inst/bus1[37]} {top_block_i/appUnit/das_rx_0/inst/bus1[38]} {top_block_i/appUnit/das_rx_0/inst/bus1[39]} {top_block_i/appUnit/das_rx_0/inst/bus1[40]} {top_block_i/appUnit/das_rx_0/inst/bus1[41]} {top_block_i/appUnit/das_rx_0/inst/bus1[42]} {top_block_i/appUnit/das_rx_0/inst/bus1[43]} {top_block_i/appUnit/das_rx_0/inst/bus1[44]} {top_block_i/appUnit/das_rx_0/inst/bus1[45]} {top_block_i/appUnit/das_rx_0/inst/bus1[46]} {top_block_i/appUnit/das_rx_0/inst/bus1[47]} {top_block_i/appUnit/das_rx_0/inst/bus1[48]} {top_block_i/appUnit/das_rx_0/inst/bus1[49]} {top_block_i/appUnit/das_rx_0/inst/bus1[50]} {top_block_i/appUnit/das_rx_0/inst/bus1[51]} {top_block_i/appUnit/das_rx_0/inst/bus1[52]} {top_block_i/appUnit/das_rx_0/inst/bus1[53]} {top_block_i/appUnit/das_rx_0/inst/bus1[54]} {top_block_i/appUnit/das_rx_0/inst/bus1[55]} {top_block_i/appUnit/das_rx_0/inst/bus1[56]} {top_block_i/appUnit/das_rx_0/inst/bus1[57]} {top_block_i/appUnit/das_rx_0/inst/bus1[58]} {top_block_i/appUnit/das_rx_0/inst/bus1[59]} {top_block_i/appUnit/das_rx_0/inst/bus1[60]} {top_block_i/appUnit/das_rx_0/inst/bus1[61]} {top_block_i/appUnit/das_rx_0/inst/bus1[62]} {top_block_i/appUnit/das_rx_0/inst/bus1[63]} {top_block_i/appUnit/das_rx_0/inst/bus1[64]} {top_block_i/appUnit/das_rx_0/inst/bus1[65]} {top_block_i/appUnit/das_rx_0/inst/bus1[66]} {top_block_i/appUnit/das_rx_0/inst/bus1[67]} {top_block_i/appUnit/das_rx_0/inst/bus1[68]} {top_block_i/appUnit/das_rx_0/inst/bus1[69]} {top_block_i/appUnit/das_rx_0/inst/bus1[70]} {top_block_i/appUnit/das_rx_0/inst/bus1[71]} {top_block_i/appUnit/das_rx_0/inst/bus1[72]} {top_block_i/appUnit/das_rx_0/inst/bus1[73]} {top_block_i/appUnit/das_rx_0/inst/bus1[74]} {top_block_i/appUnit/das_rx_0/inst/bus1[75]} {top_block_i/appUnit/das_rx_0/inst/bus1[76]} {top_block_i/appUnit/das_rx_0/inst/bus1[77]} {top_block_i/appUnit/das_rx_0/inst/bus1[78]} {top_block_i/appUnit/das_rx_0/inst/bus1[79]} {top_block_i/appUnit/das_rx_0/inst/bus1[80]} {top_block_i/appUnit/das_rx_0/inst/bus1[81]} {top_block_i/appUnit/das_rx_0/inst/bus1[82]} {top_block_i/appUnit/das_rx_0/inst/bus1[83]} {top_block_i/appUnit/das_rx_0/inst/bus1[84]} {top_block_i/appUnit/das_rx_0/inst/bus1[85]} {top_block_i/appUnit/das_rx_0/inst/bus1[86]} {top_block_i/appUnit/das_rx_0/inst/bus1[87]} {top_block_i/appUnit/das_rx_0/inst/bus1[88]} {top_block_i/appUnit/das_rx_0/inst/bus1[89]} {top_block_i/appUnit/das_rx_0/inst/bus1[90]} {top_block_i/appUnit/das_rx_0/inst/bus1[91]} {top_block_i/appUnit/das_rx_0/inst/bus1[92]} {top_block_i/appUnit/das_rx_0/inst/bus1[93]} {top_block_i/appUnit/das_rx_0/inst/bus1[94]} {top_block_i/appUnit/das_rx_0/inst/bus1[95]} {top_block_i/appUnit/das_rx_0/inst/bus1[96]} {top_block_i/appUnit/das_rx_0/inst/bus1[97]} {top_block_i/appUnit/das_rx_0/inst/bus1[98]} {top_block_i/appUnit/das_rx_0/inst/bus1[99]} {top_block_i/appUnit/das_rx_0/inst/bus1[100]} {top_block_i/appUnit/das_rx_0/inst/bus1[101]} {top_block_i/appUnit/das_rx_0/inst/bus1[102]} {top_block_i/appUnit/das_rx_0/inst/bus1[103]} {top_block_i/appUnit/das_rx_0/inst/bus1[104]} {top_block_i/appUnit/das_rx_0/inst/bus1[105]} {top_block_i/appUnit/das_rx_0/inst/bus1[106]} {top_block_i/appUnit/das_rx_0/inst/bus1[107]} {top_block_i/appUnit/das_rx_0/inst/bus1[108]} {top_block_i/appUnit/das_rx_0/inst/bus1[109]} {top_block_i/appUnit/das_rx_0/inst/bus1[110]} {top_block_i/appUnit/das_rx_0/inst/bus1[111]} {top_block_i/appUnit/das_rx_0/inst/bus1[112]} {top_block_i/appUnit/das_rx_0/inst/bus1[113]} {top_block_i/appUnit/das_rx_0/inst/bus1[114]} {top_block_i/appUnit/das_rx_0/inst/bus1[115]} {top_block_i/appUnit/das_rx_0/inst/bus1[116]} {top_block_i/appUnit/das_rx_0/inst/bus1[117]} {top_block_i/appUnit/das_rx_0/inst/bus1[118]} {top_block_i/appUnit/das_rx_0/inst/bus1[119]} {top_block_i/appUnit/das_rx_0/inst/bus1[120]} {top_block_i/appUnit/das_rx_0/inst/bus1[121]} {top_block_i/appUnit/das_rx_0/inst/bus1[122]} {top_block_i/appUnit/das_rx_0/inst/bus1[123]} {top_block_i/appUnit/das_rx_0/inst/bus1[124]} {top_block_i/appUnit/das_rx_0/inst/bus1[125]} {top_block_i/appUnit/das_rx_0/inst/bus1[126]} {top_block_i/appUnit/das_rx_0/inst/bus1[127]} {top_block_i/appUnit/das_rx_0/inst/bus1[128]} {top_block_i/appUnit/das_rx_0/inst/bus1[129]} {top_block_i/appUnit/das_rx_0/inst/bus1[130]} {top_block_i/appUnit/das_rx_0/inst/bus1[131]} {top_block_i/appUnit/das_rx_0/inst/bus1[132]} {top_block_i/appUnit/das_rx_0/inst/bus1[133]} {top_block_i/appUnit/das_rx_0/inst/bus1[134]} {top_block_i/appUnit/das_rx_0/inst/bus1[135]} {top_block_i/appUnit/das_rx_0/inst/bus1[136]} {top_block_i/appUnit/das_rx_0/inst/bus1[137]} {top_block_i/appUnit/das_rx_0/inst/bus1[138]} {top_block_i/appUnit/das_rx_0/inst/bus1[139]} {top_block_i/appUnit/das_rx_0/inst/bus1[140]} {top_block_i/appUnit/das_rx_0/inst/bus1[141]} {top_block_i/appUnit/das_rx_0/inst/bus1[142]} {top_block_i/appUnit/das_rx_0/inst/bus1[143]} {top_block_i/appUnit/das_rx_0/inst/bus1[144]} {top_block_i/appUnit/das_rx_0/inst/bus1[145]} {top_block_i/appUnit/das_rx_0/inst/bus1[146]} {top_block_i/appUnit/das_rx_0/inst/bus1[147]} {top_block_i/appUnit/das_rx_0/inst/bus1[148]} {top_block_i/appUnit/das_rx_0/inst/bus1[149]} {top_block_i/appUnit/das_rx_0/inst/bus1[150]} {top_block_i/appUnit/das_rx_0/inst/bus1[151]} {top_block_i/appUnit/das_rx_0/inst/bus1[152]} {top_block_i/appUnit/das_rx_0/inst/bus1[153]} {top_block_i/appUnit/das_rx_0/inst/bus1[154]} {top_block_i/appUnit/das_rx_0/inst/bus1[155]} {top_block_i/appUnit/das_rx_0/inst/bus1[156]} {top_block_i/appUnit/das_rx_0/inst/bus1[157]} {top_block_i/appUnit/das_rx_0/inst/bus1[158]} {top_block_i/appUnit/das_rx_0/inst/bus1[159]} {top_block_i/appUnit/das_rx_0/inst/bus1[160]} {top_block_i/appUnit/das_rx_0/inst/bus1[161]} {top_block_i/appUnit/das_rx_0/inst/bus1[162]} {top_block_i/appUnit/das_rx_0/inst/bus1[163]} {top_block_i/appUnit/das_rx_0/inst/bus1[164]} {top_block_i/appUnit/das_rx_0/inst/bus1[165]} {top_block_i/appUnit/das_rx_0/inst/bus1[166]} {top_block_i/appUnit/das_rx_0/inst/bus1[167]} {top_block_i/appUnit/das_rx_0/inst/bus1[168]} {top_block_i/appUnit/das_rx_0/inst/bus1[169]} {top_block_i/appUnit/das_rx_0/inst/bus1[170]} {top_block_i/appUnit/das_rx_0/inst/bus1[171]} {top_block_i/appUnit/das_rx_0/inst/bus1[172]} {top_block_i/appUnit/das_rx_0/inst/bus1[173]} {top_block_i/appUnit/das_rx_0/inst/bus1[174]} {top_block_i/appUnit/das_rx_0/inst/bus1[175]} {top_block_i/appUnit/das_rx_0/inst/bus1[176]} {top_block_i/appUnit/das_rx_0/inst/bus1[177]} {top_block_i/appUnit/das_rx_0/inst/bus1[178]} {top_block_i/appUnit/das_rx_0/inst/bus1[179]} {top_block_i/appUnit/das_rx_0/inst/bus1[180]} {top_block_i/appUnit/das_rx_0/inst/bus1[181]} {top_block_i/appUnit/das_rx_0/inst/bus1[182]} {top_block_i/appUnit/das_rx_0/inst/bus1[183]} {top_block_i/appUnit/das_rx_0/inst/bus1[184]} {top_block_i/appUnit/das_rx_0/inst/bus1[185]} {top_block_i/appUnit/das_rx_0/inst/bus1[186]} {top_block_i/appUnit/das_rx_0/inst/bus1[187]} {top_block_i/appUnit/das_rx_0/inst/bus1[188]} {top_block_i/appUnit/das_rx_0/inst/bus1[189]} {top_block_i/appUnit/das_rx_0/inst/bus1[190]} {top_block_i/appUnit/das_rx_0/inst/bus1[191]} {top_block_i/appUnit/das_rx_0/inst/bus1[192]} {top_block_i/appUnit/das_rx_0/inst/bus1[193]} {top_block_i/appUnit/das_rx_0/inst/bus1[194]} {top_block_i/appUnit/das_rx_0/inst/bus1[195]} {top_block_i/appUnit/das_rx_0/inst/bus1[196]} {top_block_i/appUnit/das_rx_0/inst/bus1[197]} {top_block_i/appUnit/das_rx_0/inst/bus1[198]} {top_block_i/appUnit/das_rx_0/inst/bus1[199]} {top_block_i/appUnit/das_rx_0/inst/bus1[200]} {top_block_i/appUnit/das_rx_0/inst/bus1[201]} {top_block_i/appUnit/das_rx_0/inst/bus1[202]} {top_block_i/appUnit/das_rx_0/inst/bus1[203]} {top_block_i/appUnit/das_rx_0/inst/bus1[204]} {top_block_i/appUnit/das_rx_0/inst/bus1[205]} {top_block_i/appUnit/das_rx_0/inst/bus1[206]} {top_block_i/appUnit/das_rx_0/inst/bus1[207]} {top_block_i/appUnit/das_rx_0/inst/bus1[208]} {top_block_i/appUnit/das_rx_0/inst/bus1[209]} {top_block_i/appUnit/das_rx_0/inst/bus1[210]} {top_block_i/appUnit/das_rx_0/inst/bus1[211]} {top_block_i/appUnit/das_rx_0/inst/bus1[212]} {top_block_i/appUnit/das_rx_0/inst/bus1[213]} {top_block_i/appUnit/das_rx_0/inst/bus1[214]} {top_block_i/appUnit/das_rx_0/inst/bus1[215]} {top_block_i/appUnit/das_rx_0/inst/bus1[216]} {top_block_i/appUnit/das_rx_0/inst/bus1[217]} {top_block_i/appUnit/das_rx_0/inst/bus1[218]} {top_block_i/appUnit/das_rx_0/inst/bus1[219]} {top_block_i/appUnit/das_rx_0/inst/bus1[220]} {top_block_i/appUnit/das_rx_0/inst/bus1[221]} {top_block_i/appUnit/das_rx_0/inst/bus1[222]} {top_block_i/appUnit/das_rx_0/inst/bus1[223]} {top_block_i/appUnit/das_rx_0/inst/bus1[224]} {top_block_i/appUnit/das_rx_0/inst/bus1[225]} {top_block_i/appUnit/das_rx_0/inst/bus1[226]} {top_block_i/appUnit/das_rx_0/inst/bus1[227]} {top_block_i/appUnit/das_rx_0/inst/bus1[228]} {top_block_i/appUnit/das_rx_0/inst/bus1[229]} {top_block_i/appUnit/das_rx_0/inst/bus1[230]} {top_block_i/appUnit/das_rx_0/inst/bus1[231]} {top_block_i/appUnit/das_rx_0/inst/bus1[232]} {top_block_i/appUnit/das_rx_0/inst/bus1[233]} {top_block_i/appUnit/das_rx_0/inst/bus1[234]} {top_block_i/appUnit/das_rx_0/inst/bus1[235]} {top_block_i/appUnit/das_rx_0/inst/bus1[236]} {top_block_i/appUnit/das_rx_0/inst/bus1[237]} {top_block_i/appUnit/das_rx_0/inst/bus1[238]} {top_block_i/appUnit/das_rx_0/inst/bus1[239]} {top_block_i/appUnit/das_rx_0/inst/bus1[240]} {top_block_i/appUnit/das_rx_0/inst/bus1[241]} {top_block_i/appUnit/das_rx_0/inst/bus1[242]} {top_block_i/appUnit/das_rx_0/inst/bus1[243]} {top_block_i/appUnit/das_rx_0/inst/bus1[244]} {top_block_i/appUnit/das_rx_0/inst/bus1[245]} {top_block_i/appUnit/das_rx_0/inst/bus1[246]} {top_block_i/appUnit/das_rx_0/inst/bus1[247]} {top_block_i/appUnit/das_rx_0/inst/bus1[248]} {top_block_i/appUnit/das_rx_0/inst/bus1[249]} {top_block_i/appUnit/das_rx_0/inst/bus1[250]} {top_block_i/appUnit/das_rx_0/inst/bus1[251]} {top_block_i/appUnit/das_rx_0/inst/bus1[252]} {top_block_i/appUnit/das_rx_0/inst/bus1[253]} {top_block_i/appUnit/das_rx_0/inst/bus1[254]} {top_block_i/appUnit/das_rx_0/inst/bus1[255]} {top_block_i/appUnit/das_rx_0/inst/bus1[256]} {top_block_i/appUnit/das_rx_0/inst/bus1[257]} {top_block_i/appUnit/das_rx_0/inst/bus1[258]} {top_block_i/appUnit/das_rx_0/inst/bus1[259]} {top_block_i/appUnit/das_rx_0/inst/bus1[260]} {top_block_i/appUnit/das_rx_0/inst/bus1[261]} {top_block_i/appUnit/das_rx_0/inst/bus1[262]} {top_block_i/appUnit/das_rx_0/inst/bus1[263]} {top_block_i/appUnit/das_rx_0/inst/bus1[264]} {top_block_i/appUnit/das_rx_0/inst/bus1[265]} {top_block_i/appUnit/das_rx_0/inst/bus1[266]} {top_block_i/appUnit/das_rx_0/inst/bus1[267]} {top_block_i/appUnit/das_rx_0/inst/bus1[268]} {top_block_i/appUnit/das_rx_0/inst/bus1[269]} {top_block_i/appUnit/das_rx_0/inst/bus1[270]} {top_block_i/appUnit/das_rx_0/inst/bus1[271]} {top_block_i/appUnit/das_rx_0/inst/bus1[272]} {top_block_i/appUnit/das_rx_0/inst/bus1[273]} {top_block_i/appUnit/das_rx_0/inst/bus1[274]} {top_block_i/appUnit/das_rx_0/inst/bus1[275]} {top_block_i/appUnit/das_rx_0/inst/bus1[276]} {top_block_i/appUnit/das_rx_0/inst/bus1[277]} {top_block_i/appUnit/das_rx_0/inst/bus1[278]} {top_block_i/appUnit/das_rx_0/inst/bus1[279]} {top_block_i/appUnit/das_rx_0/inst/bus1[280]} {top_block_i/appUnit/das_rx_0/inst/bus1[281]} {top_block_i/appUnit/das_rx_0/inst/bus1[282]} {top_block_i/appUnit/das_rx_0/inst/bus1[283]} {top_block_i/appUnit/das_rx_0/inst/bus1[284]} {top_block_i/appUnit/das_rx_0/inst/bus1[285]} {top_block_i/appUnit/das_rx_0/inst/bus1[286]} {top_block_i/appUnit/das_rx_0/inst/bus1[287]} {top_block_i/appUnit/das_rx_0/inst/bus1[288]} {top_block_i/appUnit/das_rx_0/inst/bus1[289]} {top_block_i/appUnit/das_rx_0/inst/bus1[290]} {top_block_i/appUnit/das_rx_0/inst/bus1[291]} {top_block_i/appUnit/das_rx_0/inst/bus1[292]} {top_block_i/appUnit/das_rx_0/inst/bus1[293]} {top_block_i/appUnit/das_rx_0/inst/bus1[294]} {top_block_i/appUnit/das_rx_0/inst/bus1[295]} {top_block_i/appUnit/das_rx_0/inst/bus1[296]} {top_block_i/appUnit/das_rx_0/inst/bus1[297]} {top_block_i/appUnit/das_rx_0/inst/bus1[298]} {top_block_i/appUnit/das_rx_0/inst/bus1[299]} {top_block_i/appUnit/das_rx_0/inst/bus1[300]} {top_block_i/appUnit/das_rx_0/inst/bus1[301]} {top_block_i/appUnit/das_rx_0/inst/bus1[302]} {top_block_i/appUnit/das_rx_0/inst/bus1[303]} {top_block_i/appUnit/das_rx_0/inst/bus1[304]} {top_block_i/appUnit/das_rx_0/inst/bus1[305]} {top_block_i/appUnit/das_rx_0/inst/bus1[306]} {top_block_i/appUnit/das_rx_0/inst/bus1[307]} {top_block_i/appUnit/das_rx_0/inst/bus1[308]} {top_block_i/appUnit/das_rx_0/inst/bus1[309]} {top_block_i/appUnit/das_rx_0/inst/bus1[310]} {top_block_i/appUnit/das_rx_0/inst/bus1[311]} {top_block_i/appUnit/das_rx_0/inst/bus1[312]} {top_block_i/appUnit/das_rx_0/inst/bus1[313]} {top_block_i/appUnit/das_rx_0/inst/bus1[314]} {top_block_i/appUnit/das_rx_0/inst/bus1[315]} {top_block_i/appUnit/das_rx_0/inst/bus1[316]} {top_block_i/appUnit/das_rx_0/inst/bus1[317]} {top_block_i/appUnit/das_rx_0/inst/bus1[318]} {top_block_i/appUnit/das_rx_0/inst/bus1[319]} ]]
create_debug_port u_ila_1 probe
set_property port_width 320 [get_debug_ports u_ila_1/probe7]
set_property PROBE_TYPE DATA_AND_TRIGGER [get_debug_ports u_ila_1/probe7]
connect_debug_port u_ila_1/probe7 [get_nets [list {top_block_i/appUnit/das_rx_0/inst/bus3[0]} {top_block_i/appUnit/das_rx_0/inst/bus3[1]} {top_block_i/appUnit/das_rx_0/inst/bus3[2]} {top_block_i/appUnit/das_rx_0/inst/bus3[3]} {top_block_i/appUnit/das_rx_0/inst/bus3[4]} {top_block_i/appUnit/das_rx_0/inst/bus3[5]} {top_block_i/appUnit/das_rx_0/inst/bus3[6]} {top_block_i/appUnit/das_rx_0/inst/bus3[7]} {top_block_i/appUnit/das_rx_0/inst/bus3[8]} {top_block_i/appUnit/das_rx_0/inst/bus3[9]} {top_block_i/appUnit/das_rx_0/inst/bus3[10]} {top_block_i/appUnit/das_rx_0/inst/bus3[11]} {top_block_i/appUnit/das_rx_0/inst/bus3[12]} {top_block_i/appUnit/das_rx_0/inst/bus3[13]} {top_block_i/appUnit/das_rx_0/inst/bus3[14]} {top_block_i/appUnit/das_rx_0/inst/bus3[15]} {top_block_i/appUnit/das_rx_0/inst/bus3[16]} {top_block_i/appUnit/das_rx_0/inst/bus3[17]} {top_block_i/appUnit/das_rx_0/inst/bus3[18]} {top_block_i/appUnit/das_rx_0/inst/bus3[19]} {top_block_i/appUnit/das_rx_0/inst/bus3[20]} {top_block_i/appUnit/das_rx_0/inst/bus3[21]} {top_block_i/appUnit/das_rx_0/inst/bus3[22]} {top_block_i/appUnit/das_rx_0/inst/bus3[23]} {top_block_i/appUnit/das_rx_0/inst/bus3[24]} {top_block_i/appUnit/das_rx_0/inst/bus3[25]} {top_block_i/appUnit/das_rx_0/inst/bus3[26]} {top_block_i/appUnit/das_rx_0/inst/bus3[27]} {top_block_i/appUnit/das_rx_0/inst/bus3[28]} {top_block_i/appUnit/das_rx_0/inst/bus3[29]} {top_block_i/appUnit/das_rx_0/inst/bus3[30]} {top_block_i/appUnit/das_rx_0/inst/bus3[31]} {top_block_i/appUnit/das_rx_0/inst/bus3[32]} {top_block_i/appUnit/das_rx_0/inst/bus3[33]} {top_block_i/appUnit/das_rx_0/inst/bus3[34]} {top_block_i/appUnit/das_rx_0/inst/bus3[35]} {top_block_i/appUnit/das_rx_0/inst/bus3[36]} {top_block_i/appUnit/das_rx_0/inst/bus3[37]} {top_block_i/appUnit/das_rx_0/inst/bus3[38]} {top_block_i/appUnit/das_rx_0/inst/bus3[39]} {top_block_i/appUnit/das_rx_0/inst/bus3[40]} {top_block_i/appUnit/das_rx_0/inst/bus3[41]} {top_block_i/appUnit/das_rx_0/inst/bus3[42]} {top_block_i/appUnit/das_rx_0/inst/bus3[43]} {top_block_i/appUnit/das_rx_0/inst/bus3[44]} {top_block_i/appUnit/das_rx_0/inst/bus3[45]} {top_block_i/appUnit/das_rx_0/inst/bus3[46]} {top_block_i/appUnit/das_rx_0/inst/bus3[47]} {top_block_i/appUnit/das_rx_0/inst/bus3[48]} {top_block_i/appUnit/das_rx_0/inst/bus3[49]} {top_block_i/appUnit/das_rx_0/inst/bus3[50]} {top_block_i/appUnit/das_rx_0/inst/bus3[51]} {top_block_i/appUnit/das_rx_0/inst/bus3[52]} {top_block_i/appUnit/das_rx_0/inst/bus3[53]} {top_block_i/appUnit/das_rx_0/inst/bus3[54]} {top_block_i/appUnit/das_rx_0/inst/bus3[55]} {top_block_i/appUnit/das_rx_0/inst/bus3[56]} {top_block_i/appUnit/das_rx_0/inst/bus3[57]} {top_block_i/appUnit/das_rx_0/inst/bus3[58]} {top_block_i/appUnit/das_rx_0/inst/bus3[59]} {top_block_i/appUnit/das_rx_0/inst/bus3[60]} {top_block_i/appUnit/das_rx_0/inst/bus3[61]} {top_block_i/appUnit/das_rx_0/inst/bus3[62]} {top_block_i/appUnit/das_rx_0/inst/bus3[63]} {top_block_i/appUnit/das_rx_0/inst/bus3[64]} {top_block_i/appUnit/das_rx_0/inst/bus3[65]} {top_block_i/appUnit/das_rx_0/inst/bus3[66]} {top_block_i/appUnit/das_rx_0/inst/bus3[67]} {top_block_i/appUnit/das_rx_0/inst/bus3[68]} {top_block_i/appUnit/das_rx_0/inst/bus3[69]} {top_block_i/appUnit/das_rx_0/inst/bus3[70]} {top_block_i/appUnit/das_rx_0/inst/bus3[71]} {top_block_i/appUnit/das_rx_0/inst/bus3[72]} {top_block_i/appUnit/das_rx_0/inst/bus3[73]} {top_block_i/appUnit/das_rx_0/inst/bus3[74]} {top_block_i/appUnit/das_rx_0/inst/bus3[75]} {top_block_i/appUnit/das_rx_0/inst/bus3[76]} {top_block_i/appUnit/das_rx_0/inst/bus3[77]} {top_block_i/appUnit/das_rx_0/inst/bus3[78]} {top_block_i/appUnit/das_rx_0/inst/bus3[79]} {top_block_i/appUnit/das_rx_0/inst/bus3[80]} {top_block_i/appUnit/das_rx_0/inst/bus3[81]} {top_block_i/appUnit/das_rx_0/inst/bus3[82]} {top_block_i/appUnit/das_rx_0/inst/bus3[83]} {top_block_i/appUnit/das_rx_0/inst/bus3[84]} {top_block_i/appUnit/das_rx_0/inst/bus3[85]} {top_block_i/appUnit/das_rx_0/inst/bus3[86]} {top_block_i/appUnit/das_rx_0/inst/bus3[87]} {top_block_i/appUnit/das_rx_0/inst/bus3[88]} {top_block_i/appUnit/das_rx_0/inst/bus3[89]} {top_block_i/appUnit/das_rx_0/inst/bus3[90]} {top_block_i/appUnit/das_rx_0/inst/bus3[91]} {top_block_i/appUnit/das_rx_0/inst/bus3[92]} {top_block_i/appUnit/das_rx_0/inst/bus3[93]} {top_block_i/appUnit/das_rx_0/inst/bus3[94]} {top_block_i/appUnit/das_rx_0/inst/bus3[95]} {top_block_i/appUnit/das_rx_0/inst/bus3[96]} {top_block_i/appUnit/das_rx_0/inst/bus3[97]} {top_block_i/appUnit/das_rx_0/inst/bus3[98]} {top_block_i/appUnit/das_rx_0/inst/bus3[99]} {top_block_i/appUnit/das_rx_0/inst/bus3[100]} {top_block_i/appUnit/das_rx_0/inst/bus3[101]} {top_block_i/appUnit/das_rx_0/inst/bus3[102]} {top_block_i/appUnit/das_rx_0/inst/bus3[103]} {top_block_i/appUnit/das_rx_0/inst/bus3[104]} {top_block_i/appUnit/das_rx_0/inst/bus3[105]} {top_block_i/appUnit/das_rx_0/inst/bus3[106]} {top_block_i/appUnit/das_rx_0/inst/bus3[107]} {top_block_i/appUnit/das_rx_0/inst/bus3[108]} {top_block_i/appUnit/das_rx_0/inst/bus3[109]} {top_block_i/appUnit/das_rx_0/inst/bus3[110]} {top_block_i/appUnit/das_rx_0/inst/bus3[111]} {top_block_i/appUnit/das_rx_0/inst/bus3[112]} {top_block_i/appUnit/das_rx_0/inst/bus3[113]} {top_block_i/appUnit/das_rx_0/inst/bus3[114]} {top_block_i/appUnit/das_rx_0/inst/bus3[115]} {top_block_i/appUnit/das_rx_0/inst/bus3[116]} {top_block_i/appUnit/das_rx_0/inst/bus3[117]} {top_block_i/appUnit/das_rx_0/inst/bus3[118]} {top_block_i/appUnit/das_rx_0/inst/bus3[119]} {top_block_i/appUnit/das_rx_0/inst/bus3[120]} {top_block_i/appUnit/das_rx_0/inst/bus3[121]} {top_block_i/appUnit/das_rx_0/inst/bus3[122]} {top_block_i/appUnit/das_rx_0/inst/bus3[123]} {top_block_i/appUnit/das_rx_0/inst/bus3[124]} {top_block_i/appUnit/das_rx_0/inst/bus3[125]} {top_block_i/appUnit/das_rx_0/inst/bus3[126]} {top_block_i/appUnit/das_rx_0/inst/bus3[127]} {top_block_i/appUnit/das_rx_0/inst/bus3[128]} {top_block_i/appUnit/das_rx_0/inst/bus3[129]} {top_block_i/appUnit/das_rx_0/inst/bus3[130]} {top_block_i/appUnit/das_rx_0/inst/bus3[131]} {top_block_i/appUnit/das_rx_0/inst/bus3[132]} {top_block_i/appUnit/das_rx_0/inst/bus3[133]} {top_block_i/appUnit/das_rx_0/inst/bus3[134]} {top_block_i/appUnit/das_rx_0/inst/bus3[135]} {top_block_i/appUnit/das_rx_0/inst/bus3[136]} {top_block_i/appUnit/das_rx_0/inst/bus3[137]} {top_block_i/appUnit/das_rx_0/inst/bus3[138]} {top_block_i/appUnit/das_rx_0/inst/bus3[139]} {top_block_i/appUnit/das_rx_0/inst/bus3[140]} {top_block_i/appUnit/das_rx_0/inst/bus3[141]} {top_block_i/appUnit/das_rx_0/inst/bus3[142]} {top_block_i/appUnit/das_rx_0/inst/bus3[143]} {top_block_i/appUnit/das_rx_0/inst/bus3[144]} {top_block_i/appUnit/das_rx_0/inst/bus3[145]} {top_block_i/appUnit/das_rx_0/inst/bus3[146]} {top_block_i/appUnit/das_rx_0/inst/bus3[147]} {top_block_i/appUnit/das_rx_0/inst/bus3[148]} {top_block_i/appUnit/das_rx_0/inst/bus3[149]} {top_block_i/appUnit/das_rx_0/inst/bus3[150]} {top_block_i/appUnit/das_rx_0/inst/bus3[151]} {top_block_i/appUnit/das_rx_0/inst/bus3[152]} {top_block_i/appUnit/das_rx_0/inst/bus3[153]} {top_block_i/appUnit/das_rx_0/inst/bus3[154]} {top_block_i/appUnit/das_rx_0/inst/bus3[155]} {top_block_i/appUnit/das_rx_0/inst/bus3[156]} {top_block_i/appUnit/das_rx_0/inst/bus3[157]} {top_block_i/appUnit/das_rx_0/inst/bus3[158]} {top_block_i/appUnit/das_rx_0/inst/bus3[159]} {top_block_i/appUnit/das_rx_0/inst/bus3[160]} {top_block_i/appUnit/das_rx_0/inst/bus3[161]} {top_block_i/appUnit/das_rx_0/inst/bus3[162]} {top_block_i/appUnit/das_rx_0/inst/bus3[163]} {top_block_i/appUnit/das_rx_0/inst/bus3[164]} {top_block_i/appUnit/das_rx_0/inst/bus3[165]} {top_block_i/appUnit/das_rx_0/inst/bus3[166]} {top_block_i/appUnit/das_rx_0/inst/bus3[167]} {top_block_i/appUnit/das_rx_0/inst/bus3[168]} {top_block_i/appUnit/das_rx_0/inst/bus3[169]} {top_block_i/appUnit/das_rx_0/inst/bus3[170]} {top_block_i/appUnit/das_rx_0/inst/bus3[171]} {top_block_i/appUnit/das_rx_0/inst/bus3[172]} {top_block_i/appUnit/das_rx_0/inst/bus3[173]} {top_block_i/appUnit/das_rx_0/inst/bus3[174]} {top_block_i/appUnit/das_rx_0/inst/bus3[175]} {top_block_i/appUnit/das_rx_0/inst/bus3[176]} {top_block_i/appUnit/das_rx_0/inst/bus3[177]} {top_block_i/appUnit/das_rx_0/inst/bus3[178]} {top_block_i/appUnit/das_rx_0/inst/bus3[179]} {top_block_i/appUnit/das_rx_0/inst/bus3[180]} {top_block_i/appUnit/das_rx_0/inst/bus3[181]} {top_block_i/appUnit/das_rx_0/inst/bus3[182]} {top_block_i/appUnit/das_rx_0/inst/bus3[183]} {top_block_i/appUnit/das_rx_0/inst/bus3[184]} {top_block_i/appUnit/das_rx_0/inst/bus3[185]} {top_block_i/appUnit/das_rx_0/inst/bus3[186]} {top_block_i/appUnit/das_rx_0/inst/bus3[187]} {top_block_i/appUnit/das_rx_0/inst/bus3[188]} {top_block_i/appUnit/das_rx_0/inst/bus3[189]} {top_block_i/appUnit/das_rx_0/inst/bus3[190]} {top_block_i/appUnit/das_rx_0/inst/bus3[191]} {top_block_i/appUnit/das_rx_0/inst/bus3[192]} {top_block_i/appUnit/das_rx_0/inst/bus3[193]} {top_block_i/appUnit/das_rx_0/inst/bus3[194]} {top_block_i/appUnit/das_rx_0/inst/bus3[195]} {top_block_i/appUnit/das_rx_0/inst/bus3[196]} {top_block_i/appUnit/das_rx_0/inst/bus3[197]} {top_block_i/appUnit/das_rx_0/inst/bus3[198]} {top_block_i/appUnit/das_rx_0/inst/bus3[199]} {top_block_i/appUnit/das_rx_0/inst/bus3[200]} {top_block_i/appUnit/das_rx_0/inst/bus3[201]} {top_block_i/appUnit/das_rx_0/inst/bus3[202]} {top_block_i/appUnit/das_rx_0/inst/bus3[203]} {top_block_i/appUnit/das_rx_0/inst/bus3[204]} {top_block_i/appUnit/das_rx_0/inst/bus3[205]} {top_block_i/appUnit/das_rx_0/inst/bus3[206]} {top_block_i/appUnit/das_rx_0/inst/bus3[207]} {top_block_i/appUnit/das_rx_0/inst/bus3[208]} {top_block_i/appUnit/das_rx_0/inst/bus3[209]} {top_block_i/appUnit/das_rx_0/inst/bus3[210]} {top_block_i/appUnit/das_rx_0/inst/bus3[211]} {top_block_i/appUnit/das_rx_0/inst/bus3[212]} {top_block_i/appUnit/das_rx_0/inst/bus3[213]} {top_block_i/appUnit/das_rx_0/inst/bus3[214]} {top_block_i/appUnit/das_rx_0/inst/bus3[215]} {top_block_i/appUnit/das_rx_0/inst/bus3[216]} {top_block_i/appUnit/das_rx_0/inst/bus3[217]} {top_block_i/appUnit/das_rx_0/inst/bus3[218]} {top_block_i/appUnit/das_rx_0/inst/bus3[219]} {top_block_i/appUnit/das_rx_0/inst/bus3[220]} {top_block_i/appUnit/das_rx_0/inst/bus3[221]} {top_block_i/appUnit/das_rx_0/inst/bus3[222]} {top_block_i/appUnit/das_rx_0/inst/bus3[223]} {top_block_i/appUnit/das_rx_0/inst/bus3[224]} {top_block_i/appUnit/das_rx_0/inst/bus3[225]} {top_block_i/appUnit/das_rx_0/inst/bus3[226]} {top_block_i/appUnit/das_rx_0/inst/bus3[227]} {top_block_i/appUnit/das_rx_0/inst/bus3[228]} {top_block_i/appUnit/das_rx_0/inst/bus3[229]} {top_block_i/appUnit/das_rx_0/inst/bus3[230]} {top_block_i/appUnit/das_rx_0/inst/bus3[231]} {top_block_i/appUnit/das_rx_0/inst/bus3[232]} {top_block_i/appUnit/das_rx_0/inst/bus3[233]} {top_block_i/appUnit/das_rx_0/inst/bus3[234]} {top_block_i/appUnit/das_rx_0/inst/bus3[235]} {top_block_i/appUnit/das_rx_0/inst/bus3[236]} {top_block_i/appUnit/das_rx_0/inst/bus3[237]} {top_block_i/appUnit/das_rx_0/inst/bus3[238]} {top_block_i/appUnit/das_rx_0/inst/bus3[239]} {top_block_i/appUnit/das_rx_0/inst/bus3[240]} {top_block_i/appUnit/das_rx_0/inst/bus3[241]} {top_block_i/appUnit/das_rx_0/inst/bus3[242]} {top_block_i/appUnit/das_rx_0/inst/bus3[243]} {top_block_i/appUnit/das_rx_0/inst/bus3[244]} {top_block_i/appUnit/das_rx_0/inst/bus3[245]} {top_block_i/appUnit/das_rx_0/inst/bus3[246]} {top_block_i/appUnit/das_rx_0/inst/bus3[247]} {top_block_i/appUnit/das_rx_0/inst/bus3[248]} {top_block_i/appUnit/das_rx_0/inst/bus3[249]} {top_block_i/appUnit/das_rx_0/inst/bus3[250]} {top_block_i/appUnit/das_rx_0/inst/bus3[251]} {top_block_i/appUnit/das_rx_0/inst/bus3[252]} {top_block_i/appUnit/das_rx_0/inst/bus3[253]} {top_block_i/appUnit/das_rx_0/inst/bus3[254]} {top_block_i/appUnit/das_rx_0/inst/bus3[255]} {top_block_i/appUnit/das_rx_0/inst/bus3[256]} {top_block_i/appUnit/das_rx_0/inst/bus3[257]} {top_block_i/appUnit/das_rx_0/inst/bus3[258]} {top_block_i/appUnit/das_rx_0/inst/bus3[259]} {top_block_i/appUnit/das_rx_0/inst/bus3[260]} {top_block_i/appUnit/das_rx_0/inst/bus3[261]} {top_block_i/appUnit/das_rx_0/inst/bus3[262]} {top_block_i/appUnit/das_rx_0/inst/bus3[263]} {top_block_i/appUnit/das_rx_0/inst/bus3[264]} {top_block_i/appUnit/das_rx_0/inst/bus3[265]} {top_block_i/appUnit/das_rx_0/inst/bus3[266]} {top_block_i/appUnit/das_rx_0/inst/bus3[267]} {top_block_i/appUnit/das_rx_0/inst/bus3[268]} {top_block_i/appUnit/das_rx_0/inst/bus3[269]} {top_block_i/appUnit/das_rx_0/inst/bus3[270]} {top_block_i/appUnit/das_rx_0/inst/bus3[271]} {top_block_i/appUnit/das_rx_0/inst/bus3[272]} {top_block_i/appUnit/das_rx_0/inst/bus3[273]} {top_block_i/appUnit/das_rx_0/inst/bus3[274]} {top_block_i/appUnit/das_rx_0/inst/bus3[275]} {top_block_i/appUnit/das_rx_0/inst/bus3[276]} {top_block_i/appUnit/das_rx_0/inst/bus3[277]} {top_block_i/appUnit/das_rx_0/inst/bus3[278]} {top_block_i/appUnit/das_rx_0/inst/bus3[279]} {top_block_i/appUnit/das_rx_0/inst/bus3[280]} {top_block_i/appUnit/das_rx_0/inst/bus3[281]} {top_block_i/appUnit/das_rx_0/inst/bus3[282]} {top_block_i/appUnit/das_rx_0/inst/bus3[283]} {top_block_i/appUnit/das_rx_0/inst/bus3[284]} {top_block_i/appUnit/das_rx_0/inst/bus3[285]} {top_block_i/appUnit/das_rx_0/inst/bus3[286]} {top_block_i/appUnit/das_rx_0/inst/bus3[287]} {top_block_i/appUnit/das_rx_0/inst/bus3[288]} {top_block_i/appUnit/das_rx_0/inst/bus3[289]} {top_block_i/appUnit/das_rx_0/inst/bus3[290]} {top_block_i/appUnit/das_rx_0/inst/bus3[291]} {top_block_i/appUnit/das_rx_0/inst/bus3[292]} {top_block_i/appUnit/das_rx_0/inst/bus3[293]} {top_block_i/appUnit/das_rx_0/inst/bus3[294]} {top_block_i/appUnit/das_rx_0/inst/bus3[295]} {top_block_i/appUnit/das_rx_0/inst/bus3[296]} {top_block_i/appUnit/das_rx_0/inst/bus3[297]} {top_block_i/appUnit/das_rx_0/inst/bus3[298]} {top_block_i/appUnit/das_rx_0/inst/bus3[299]} {top_block_i/appUnit/das_rx_0/inst/bus3[300]} {top_block_i/appUnit/das_rx_0/inst/bus3[301]} {top_block_i/appUnit/das_rx_0/inst/bus3[302]} {top_block_i/appUnit/das_rx_0/inst/bus3[303]} {top_block_i/appUnit/das_rx_0/inst/bus3[304]} {top_block_i/appUnit/das_rx_0/inst/bus3[305]} {top_block_i/appUnit/das_rx_0/inst/bus3[306]} {top_block_i/appUnit/das_rx_0/inst/bus3[307]} {top_block_i/appUnit/das_rx_0/inst/bus3[308]} {top_block_i/appUnit/das_rx_0/inst/bus3[309]} {top_block_i/appUnit/das_rx_0/inst/bus3[310]} {top_block_i/appUnit/das_rx_0/inst/bus3[311]} {top_block_i/appUnit/das_rx_0/inst/bus3[312]} {top_block_i/appUnit/das_rx_0/inst/bus3[313]} {top_block_i/appUnit/das_rx_0/inst/bus3[314]} {top_block_i/appUnit/das_rx_0/inst/bus3[315]} {top_block_i/appUnit/das_rx_0/inst/bus3[316]} {top_block_i/appUnit/das_rx_0/inst/bus3[317]} {top_block_i/appUnit/das_rx_0/inst/bus3[318]} {top_block_i/appUnit/das_rx_0/inst/bus3[319]} ]]
set_property port_width 2 [get_debug_ports u_ila_2/probe0]
set_property PROBE_TYPE DATA_AND_TRIGGER [get_debug_ports u_ila_2/probe0]
connect_debug_port u_ila_2/probe0 [get_nets [list {top_block_i/SAMPA_I2C_wrapper/I2C_Controller_v1_0_0/inst/I2C_Controller_v1_0_M01_AXI_inst/mst_exec_state[0]} {top_block_i/SAMPA_I2C_wrapper/I2C_Controller_v1_0_0/inst/I2C_Controller_v1_0_M01_AXI_inst/mst_exec_state[1]} ]]
create_debug_port u_ila_2 probe
set_property port_width 1 [get_debug_ports u_ila_2/probe1]
set_property PROBE_TYPE DATA_AND_TRIGGER [get_debug_ports u_ila_2/probe1]
connect_debug_port u_ila_2/probe1 [get_nets [list top_block_i/appUnit/das_rx_0/inst/clk_10MHz ]]
create_debug_port u_ila_2 probe
set_property port_width 1 [get_debug_ports u_ila_2/probe2]
set_property PROBE_TYPE DATA_AND_TRIGGER [get_debug_ports u_ila_2/probe2]
connect_debug_port u_ila_2/probe2 [get_nets [list top_block_i/SAMPA_I2C_wrapper/I2C_Controller_v1_0_0/inst/I2C_Controller_v1_0_M01_AXI_inst/TXN_DONE ]]
save_constraints
reset_run impl_1
launch_runs impl_1 -to_step write_bitstream -jobs 32
INFO: [Vivado 12-4149] The synthesis checkpoint for IP '/home/nagafusa/work/spadi/Fakernet/SAMIDARE/samidare.srcs/sources_1/ip/gig_ethernet_pcs_pma_0_2/gig_ethernet_pcs_pma_0.xci' is already up-to-date
INFO: [Timing 38-480] Writing timing data to binary archive.
Writing XDEF routing.
Writing XDEF routing logical nets.
Writing XDEF routing special nets.
Write XDEF Complete: Time (s): cpu = 00:00:00.14 ; elapsed = 00:00:00.03 . Memory (MB): peak = 13353.430 ; gain = 0.000 ; free physical = 37917 ; free virtual = 58469
WARNING: [Common 17-210] 'write_hwdef' is deprecated.
[Sun Aug 18 17:35:21 2024] Launched impl_1...
Run output will be captured here: /home/nagafusa/work/spadi/Fakernet/SAMIDARE/samidare.runs/impl_1/runme.log
refresh_hw_device [lindex [get_hw_devices xcau15p_0] 0]
INFO: [Labtools 27-1434] Device xcau15p (JTAG device index = 0) is programmed with a design that has no supported debug core(s) in it.
WARNING: [Labtools 27-3361] The debug hub core was not detected.
Resolution: 
1. Make sure the clock connected to the debug hub (dbg_hub) core is a free running clock and is active.
2. Make sure the BSCAN_SWITCH_USER_MASK device property in Vivado Hardware Manager reflects the user scan chain setting in the design and refresh the device.  To determine the user scan chain setting in the design, open the implemented design and use 'get_property C_USER_SCAN_CHAIN [get_debug_cores dbg_hub]'.
For more details on setting the scan chain property, consult the Vivado Debug and Programming User Guide (UG908).
set_property PROBES.FILE {/home/nagafusa/work/spadi/Fakernet/SAMIDARE/samidare.runs/impl_1/top_block_wrapper.ltx} [get_hw_devices xcau15p_0]
set_property FULL_PROBES.FILE {/home/nagafusa/work/spadi/Fakernet/SAMIDARE/samidare.runs/impl_1/top_block_wrapper.ltx} [get_hw_devices xcau15p_0]
set_property PROGRAM.FILE {/home/nagafusa/work/spadi/Fakernet/SAMIDARE/samidare.runs/impl_1/top_block_wrapper.bit} [get_hw_devices xcau15p_0]
program_hw_devices [get_hw_devices xcau15p_0]
INFO: [Labtools 27-3164] End of startup status: HIGH
program_hw_devices: Time (s): cpu = 00:00:16 ; elapsed = 00:00:15 . Memory (MB): peak = 13353.430 ; gain = 0.000 ; free physical = 37795 ; free virtual = 58471
refresh_hw_device [lindex [get_hw_devices xcau15p_0] 0]
WARNING: [Xicom 50-38] xicom: No CseXsdb register file specified for CseXsdb slave type: 0, cse driver version: 0. Slave initialization skipped.
WARNING: [Xicom 50-38] xicom: No CseXsdb register file specified for CseXsdb slave type: 0, cse driver version: 0. Slave initialization skipped.
WARNING: [Xicom 50-38] xicom: No CseXsdb register file specified for CseXsdb slave type: 0, cse driver version: 0. Slave initialization skipped.
WARNING: [Xicom 50-38] xicom: No CseXsdb register file specified for CseXsdb slave type: 0, cse driver version: 0. Slave initialization skipped.
WARNING: [Xicom 50-38] xicom: No CseXsdb register file specified for CseXsdb slave type: 0, cse driver version: 0. Slave initialization skipped.
WARNING: [Xicom 50-38] xicom: No CseXsdb register file specified for CseXsdb slave type: 0, cse driver version: 0. Slave initialization skipped.
WARNING: [Xicom 50-38] xicom: No CseXsdb register file specified for CseXsdb slave type: 0, cse driver version: 0. Slave initialization skipped.
WARNING: [Xicom 50-38] xicom: No CseXsdb register file specified for CseXsdb slave type: 0, cse driver version: 0. Slave initialization skipped.
INFO: [Labtools 27-1434] Device xcau15p (JTAG device index = 0) is programmed with a design that has no supported debug core(s) in it.
WARNING: [Labtools 27-3361] The debug hub core was not detected.
Resolution: 
1. Make sure the clock connected to the debug hub (dbg_hub) core is a free running clock and is active.
2. Make sure the BSCAN_SWITCH_USER_MASK device property in Vivado Hardware Manager reflects the user scan chain setting in the design and refresh the device.  To determine the user scan chain setting in the design, open the implemented design and use 'get_property C_USER_SCAN_CHAIN [get_debug_cores dbg_hub]'.
For more details on setting the scan chain property, consult the Vivado Debug and Programming User Guide (UG908).
refresh_hw_device [lindex [get_hw_devices xcau15p_0] 0]
INFO: [Labtools 27-1434] Device xcau15p (JTAG device index = 0) is programmed with a design that has no supported debug core(s) in it.
WARNING: [Labtools 27-3361] The debug hub core was not detected.
Resolution: 
1. Make sure the clock connected to the debug hub (dbg_hub) core is a free running clock and is active.
2. Make sure the BSCAN_SWITCH_USER_MASK device property in Vivado Hardware Manager reflects the user scan chain setting in the design and refresh the device.  To determine the user scan chain setting in the design, open the implemented design and use 'get_property C_USER_SCAN_CHAIN [get_debug_cores dbg_hub]'.
For more details on setting the scan chain property, consult the Vivado Debug and Programming User Guide (UG908).
refresh_hw_device [lindex [get_hw_devices xcau15p_0] 0]
INFO: [Labtools 27-1434] Device xcau15p (JTAG device index = 0) is programmed with a design that has no supported debug core(s) in it.
WARNING: [Labtools 27-3361] The debug hub core was not detected.
Resolution: 
1. Make sure the clock connected to the debug hub (dbg_hub) core is a free running clock and is active.
2. Make sure the BSCAN_SWITCH_USER_MASK device property in Vivado Hardware Manager reflects the user scan chain setting in the design and refresh the device.  To determine the user scan chain setting in the design, open the implemented design and use 'get_property C_USER_SCAN_CHAIN [get_debug_cores dbg_hub]'.
For more details on setting the scan chain property, consult the Vivado Debug and Programming User Guide (UG908).
exit
INFO: [Common 17-206] Exiting Vivado at Sun Aug 18 17:44:44 2024...
