#-----------------------------------------------------------
# Vivado v2022.2 (64-bit)
# SW Build 3671981 on Fri Oct 14 04:59:54 MDT 2022
# IP Build 3669848 on Fri Oct 14 08:30:02 MDT 2022
# Start of session at: Sat Aug 10 13:05:38 2024
# Process ID: 2742884
# Current directory: /home/nagafusa/work/spadi/Fakernet/SAMIDARE
# Command line: vivado
# Log file: /home/nagafusa/work/spadi/Fakernet/SAMIDARE/vivado.log
# Journal file: /home/nagafusa/work/spadi/Fakernet/SAMIDARE/vivado.jou
# Running On: e16fpga01, OS: Linux, CPU Frequency: 3000.000 MHz, CPU Physical cores: 32, Host memory: 66513 MB
#-----------------------------------------------------------
start_gui
WARNING: [Board 49-26] cannot add Board Part xilinx.com:k26c:part0:1.2 available at /opt/Xilinx/Vivado/2022.2/data/xhub/boards/XilinxBoardStore/boards/Xilinx/k26c/1.2/board.xml as part xck26-sfvc784-2lv-c specified in board_part file is either invalid or not available
WARNING: [Board 49-26] cannot add Board Part xilinx.com:k26c:part0:1.3 available at /opt/Xilinx/Vivado/2022.2/data/xhub/boards/XilinxBoardStore/boards/Xilinx/k26c/1.3/board.xml as part xck26-sfvc784-2lv-c specified in board_part file is either invalid or not available
WARNING: [Board 49-26] cannot add Board Part xilinx.com:k26c:part0:1.4 available at /opt/Xilinx/Vivado/2022.2/data/xhub/boards/XilinxBoardStore/boards/Xilinx/k26c/1.4/board.xml as part xck26-sfvc784-2lv-c specified in board_part file is either invalid or not available
WARNING: [Board 49-26] cannot add Board Part xilinx.com:k26i:part0:1.2 available at /opt/Xilinx/Vivado/2022.2/data/xhub/boards/XilinxBoardStore/boards/Xilinx/k26i/1.2/board.xml as part xck26-sfvc784-2lvi-i specified in board_part file is either invalid or not available
WARNING: [Board 49-26] cannot add Board Part xilinx.com:k26i:part0:1.3 available at /opt/Xilinx/Vivado/2022.2/data/xhub/boards/XilinxBoardStore/boards/Xilinx/k26i/1.3/board.xml as part xck26-sfvc784-2lvi-i specified in board_part file is either invalid or not available
WARNING: [Board 49-26] cannot add Board Part xilinx.com:k26i:part0:1.4 available at /opt/Xilinx/Vivado/2022.2/data/xhub/boards/XilinxBoardStore/boards/Xilinx/k26i/1.4/board.xml as part xck26-sfvc784-2lvi-i specified in board_part file is either invalid or not available
WARNING: [Board 49-26] cannot add Board Part xilinx.com:kcu105:part0:1.6 available at /opt/Xilinx/Vivado/2022.2/data/xhub/boards/XilinxBoardStore/boards/Xilinx/kcu105/1.6/board.xml as part xcku040-ffva1156-2-e specified in board_part file is either invalid or not available
WARNING: [Board 49-26] cannot add Board Part xilinx.com:kcu105:part0:1.7 available at /opt/Xilinx/Vivado/2022.2/data/xhub/boards/XilinxBoardStore/boards/Xilinx/kcu105/1.7/board.xml as part xcku040-ffva1156-2-e specified in board_part file is either invalid or not available
WARNING: [Board 49-26] cannot add Board Part xilinx.com:kcu116:part0:1.4 available at /opt/Xilinx/Vivado/2022.2/data/xhub/boards/XilinxBoardStore/boards/Xilinx/kcu116/1.4/board.xml as part xcku5p-ffvb676-2-e specified in board_part file is either invalid or not available
WARNING: [Board 49-26] cannot add Board Part xilinx.com:kcu116:part0:1.5 available at /opt/Xilinx/Vivado/2022.2/data/xhub/boards/XilinxBoardStore/boards/Xilinx/kcu116/1.5/board.xml as part xcku5p-ffvb676-2-e specified in board_part file is either invalid or not available
WARNING: [Board 49-26] cannot add Board Part xilinx.com:kcu1500:part0:1.2 available at /opt/Xilinx/Vivado/2022.2/data/xhub/boards/XilinxBoardStore/boards/Xilinx/kcu1500/1.2/board.xml as part xcku115-flvb2104-2-e specified in board_part file is either invalid or not available
WARNING: [Board 49-26] cannot add Board Part xilinx.com:kr260_som:part0:1.0 available at /opt/Xilinx/Vivado/2022.2/data/xhub/boards/XilinxBoardStore/boards/Xilinx/kr260_som/1.0/board.xml as part xck26-sfvc784-2lv-c specified in board_part file is either invalid or not available
WARNING: [Board 49-26] cannot add Board Part xilinx.com:kr260_som:part0:1.1 available at /opt/Xilinx/Vivado/2022.2/data/xhub/boards/XilinxBoardStore/boards/Xilinx/kr260_som/1.1/board.xml as part xck26-sfvc784-2lv-c specified in board_part file is either invalid or not available
WARNING: [Board 49-26] cannot add Board Part xilinx.com:kv260_som:part0:1.2 available at /opt/Xilinx/Vivado/2022.2/data/xhub/boards/XilinxBoardStore/boards/Xilinx/kv260_som/1.2/board.xml as part xck26-sfvc784-2lv-c specified in board_part file is either invalid or not available
WARNING: [Board 49-26] cannot add Board Part xilinx.com:kv260_som:part0:1.3 available at /opt/Xilinx/Vivado/2022.2/data/xhub/boards/XilinxBoardStore/boards/Xilinx/kv260_som/1.3/board.xml as part xck26-sfvc784-2lv-c specified in board_part file is either invalid or not available
WARNING: [Board 49-26] cannot add Board Part xilinx.com:kv260_som:part0:1.4 available at /opt/Xilinx/Vivado/2022.2/data/xhub/boards/XilinxBoardStore/boards/Xilinx/kv260_som/1.4/board.xml as part xck26-sfvc784-2lv-c specified in board_part file is either invalid or not available
WARNING: [Board 49-26] cannot add Board Part xilinx.com:vck190:part0:2.2 available at /opt/Xilinx/Vivado/2022.2/data/xhub/boards/XilinxBoardStore/boards/Xilinx/vck190/production/2.2/board.xml as part xcvc1902-vsva2197-2mp-e-s specified in board_part file is either invalid or not available
WARNING: [Board 49-26] cannot add Board Part xilinx.com:vck190:part0:3.0 available at /opt/Xilinx/Vivado/2022.2/data/xhub/boards/XilinxBoardStore/boards/Xilinx/vck190/production/3.0/board.xml as part xcvc1902-vsva2197-2mp-e-s specified in board_part file is either invalid or not available
WARNING: [Board 49-26] cannot add Board Part xilinx.com:vck190:part0:3.1 available at /opt/Xilinx/Vivado/2022.2/data/xhub/boards/XilinxBoardStore/boards/Xilinx/vck190/production/3.1/board.xml as part xcvc1902-vsva2197-2mp-e-s specified in board_part file is either invalid or not available
WARNING: [Board 49-26] cannot add Board Part xilinx.com:vck190_newl:part0:1.0 available at /opt/Xilinx/Vivado/2022.2/data/xhub/boards/XilinxBoardStore/boards/Xilinx/vck190_newl/production/1.0/board.xml as part xcvc1902-vsva2197-2mp-e-s specified in board_part file is either invalid or not available
WARNING: [Board 49-26] cannot add Board Part xilinx.com:vcu108:part0:1.6 available at /opt/Xilinx/Vivado/2022.2/data/xhub/boards/XilinxBoardStore/boards/Xilinx/vcu108/1.6/board.xml as part xcvu095-ffva2104-2-e specified in board_part file is either invalid or not available
WARNING: [Board 49-26] cannot add Board Part xilinx.com:vcu108:part0:1.7 available at /opt/Xilinx/Vivado/2022.2/data/xhub/boards/XilinxBoardStore/boards/Xilinx/vcu108/1.7/board.xml as part xcvu095-ffva2104-2-e specified in board_part file is either invalid or not available
WARNING: [Board 49-26] cannot add Board Part xilinx.com:vcu110:part0:1.4 available at /opt/Xilinx/Vivado/2022.2/data/xhub/boards/XilinxBoardStore/boards/Xilinx/vcu110/1.4/board.xml as part xcvu190-flgc2104-2-e specified in board_part file is either invalid or not available
WARNING: [Board 49-26] cannot add Board Part xilinx.com:vcu118:part0:2.0 available at /opt/Xilinx/Vivado/2022.2/data/xhub/boards/XilinxBoardStore/boards/Xilinx/vcu118/2.0/board.xml as part xcvu9p-flga2104-2l-e specified in board_part file is either invalid or not available
WARNING: [Board 49-26] cannot add Board Part xilinx.com:vcu118:part0:2.3 available at /opt/Xilinx/Vivado/2022.2/data/xhub/boards/XilinxBoardStore/boards/Xilinx/vcu118/2.3/board.xml as part xcvu9p-flga2104-2l-e specified in board_part file is either invalid or not available
WARNING: [Board 49-26] cannot add Board Part xilinx.com:vcu118:part0:2.4 available at /opt/Xilinx/Vivado/2022.2/data/xhub/boards/XilinxBoardStore/boards/Xilinx/vcu118/2.4/board.xml as part xcvu9p-flga2104-2l-e specified in board_part file is either invalid or not available
WARNING: [Board 49-26] cannot add Board Part xilinx.com:vcu128:part0:1.0 available at /opt/Xilinx/Vivado/2022.2/data/xhub/boards/XilinxBoardStore/boards/Xilinx/vcu128/production/1.0/board.xml as part xcvu37p-fsvh2892-2l-e specified in board_part file is either invalid or not available
WARNING: [Board 49-26] cannot add Board Part xilinx.com:vcu129:part0:1.0 available at /opt/Xilinx/Vivado/2022.2/data/xhub/boards/XilinxBoardStore/boards/Xilinx/vcu129/production/1.0/board.xml as part xcvu29p-fsga2577-2l-e specified in board_part file is either invalid or not available
WARNING: [Board 49-26] cannot add Board Part xilinx.com:vcu1525:part0:1.3 available at /opt/Xilinx/Vivado/2022.2/data/xhub/boards/XilinxBoardStore/boards/Xilinx/vcu1525/1.3/board.xml as part xcvu9p-fsgd2104-2l-e specified in board_part file is either invalid or not available
WARNING: [Board 49-26] cannot add Board Part xilinx.com:vek280_es:part0:1.0 available at /opt/Xilinx/Vivado/2022.2/data/xhub/boards/XilinxBoardStore/boards/Xilinx/vek280/es/1.0/board.xml as part xcve2802-vsvh1760-2lp-e-s-es1 specified in board_part file is either invalid or not available
WARNING: [Board 49-26] cannot add Board Part xilinx.com:vermeo_t1_mpsoc:part0:1.0 available at /opt/Xilinx/Vivado/2022.2/data/xhub/boards/XilinxBoardStore/boards/Xilinx/vermeo_t1_mpsoc/1.0/board.xml as part xczu19eg-ffvd1760-2l-e specified in board_part file is either invalid or not available
WARNING: [Board 49-26] cannot add Board Part xilinx.com:vermeo_t1_rfsoc:part0:1.0 available at /opt/Xilinx/Vivado/2022.2/data/xhub/boards/XilinxBoardStore/boards/Xilinx/vermeo_t1_rfsoc/1.0/board.xml as part xczu21dr-ffvd1156-2l-e specified in board_part file is either invalid or not available
WARNING: [Board 49-26] cannot add Board Part xilinx.com:vhk158_es:part0:1.0 available at /opt/Xilinx/Vivado/2022.2/data/xhub/boards/XilinxBoardStore/boards/Xilinx/vhk158/es/1.0/board.xml as part xcvh1582-vsva3697-2mp-e-s-es1 specified in board_part file is either invalid or not available
WARNING: [Board 49-26] cannot add Board Part xilinx.com:vmk180:part0:2.2 available at /opt/Xilinx/Vivado/2022.2/data/xhub/boards/XilinxBoardStore/boards/Xilinx/vmk180/production/2.2/board.xml as part xcvm1802-vsva2197-2mp-e-s specified in board_part file is either invalid or not available
WARNING: [Board 49-26] cannot add Board Part xilinx.com:vmk180:part0:3.0 available at /opt/Xilinx/Vivado/2022.2/data/xhub/boards/XilinxBoardStore/boards/Xilinx/vmk180/production/3.0/board.xml as part xcvm1802-vsva2197-2mp-e-s specified in board_part file is either invalid or not available
WARNING: [Board 49-26] cannot add Board Part xilinx.com:vmk180:part0:3.1 available at /opt/Xilinx/Vivado/2022.2/data/xhub/boards/XilinxBoardStore/boards/Xilinx/vmk180/production/3.1/board.xml as part xcvm1802-vsva2197-2mp-e-s specified in board_part file is either invalid or not available
WARNING: [Board 49-26] cannot add Board Part xilinx.com:vmk180_newl:part0:1.0 available at /opt/Xilinx/Vivado/2022.2/data/xhub/boards/XilinxBoardStore/boards/Xilinx/vmk180_newl/production/1.0/board.xml as part xcvm1802-vsva2197-2mp-e-s specified in board_part file is either invalid or not available
WARNING: [Board 49-26] cannot add Board Part xilinx.com:vpk120:part0:1.0 available at /opt/Xilinx/Vivado/2022.2/data/xhub/boards/XilinxBoardStore/boards/Xilinx/vpk120/production/1.0/board.xml as part xcvp1202-vsva2785-2mp-e-s specified in board_part file is either invalid or not available
WARNING: [Board 49-26] cannot add Board Part xilinx.com:vpk120_es:part0:1.2 available at /opt/Xilinx/Vivado/2022.2/data/xhub/boards/XilinxBoardStore/boards/Xilinx/vpk120/es/1.2/board.xml as part xcvp1202-vsva2785-2mp-e-s-es1 specified in board_part file is either invalid or not available
WARNING: [Board 49-26] cannot add Board Part xilinx.com:vpk120_es_revb:part0:1.0 available at /opt/Xilinx/Vivado/2022.2/data/xhub/boards/XilinxBoardStore/boards/Xilinx/vpk120_revb/es/1.0/board.xml as part xcvp1202-vsva2785-2mp-e-s-es1 specified in board_part file is either invalid or not available
WARNING: [Board 49-26] cannot add Board Part xilinx.com:vpk180_es:part0:1.0 available at /opt/Xilinx/Vivado/2022.2/data/xhub/boards/XilinxBoardStore/boards/Xilinx/vpk180/es/1.0/board.xml as part xcvp1802-lsvc4072-2mp-e-s-es1 specified in board_part file is either invalid or not available
WARNING: [Board 49-26] cannot add Board Part xilinx.com:zc702:part0:1.4 available at /opt/Xilinx/Vivado/2022.2/data/xhub/boards/XilinxBoardStore/boards/Xilinx/zc702/1.4/board.xml as part xc7z020clg484-1 specified in board_part file is either invalid or not available
WARNING: [Board 49-26] cannot add Board Part xilinx.com:zc706:part0:1.4 available at /opt/Xilinx/Vivado/2022.2/data/xhub/boards/XilinxBoardStore/boards/Xilinx/zc706/1.4/board.xml as part xc7z045ffg900-2 specified in board_part file is either invalid or not available
WARNING: [Board 49-26] cannot add Board Part xilinx.com:zcu102:part0:3.3 available at /opt/Xilinx/Vivado/2022.2/data/xhub/boards/XilinxBoardStore/boards/Xilinx/zcu102/3.3/board.xml as part xczu9eg-ffvb1156-2-e specified in board_part file is either invalid or not available
WARNING: [Board 49-26] cannot add Board Part xilinx.com:zcu102:part0:3.4 available at /opt/Xilinx/Vivado/2022.2/data/xhub/boards/XilinxBoardStore/boards/Xilinx/zcu102/3.4/board.xml as part xczu9eg-ffvb1156-2-e specified in board_part file is either invalid or not available
WARNING: [Board 49-26] cannot add Board Part xilinx.com:zcu104:part0:1.1 available at /opt/Xilinx/Vivado/2022.2/data/xhub/boards/XilinxBoardStore/boards/Xilinx/zcu104/1.1/board.xml as part xczu7ev-ffvc1156-2-e specified in board_part file is either invalid or not available
WARNING: [Board 49-26] cannot add Board Part xilinx.com:zcu106:part0:2.4 available at /opt/Xilinx/Vivado/2022.2/data/xhub/boards/XilinxBoardStore/boards/Xilinx/zcu106/2.4/board.xml as part xczu7ev-ffvc1156-2-e specified in board_part file is either invalid or not available
WARNING: [Board 49-26] cannot add Board Part xilinx.com:zcu106:part0:2.5 available at /opt/Xilinx/Vivado/2022.2/data/xhub/boards/XilinxBoardStore/boards/Xilinx/zcu106/2.5/board.xml as part xczu7ev-ffvc1156-2-e specified in board_part file is either invalid or not available
WARNING: [Board 49-26] cannot add Board Part xilinx.com:zcu106:part0:2.6 available at /opt/Xilinx/Vivado/2022.2/data/xhub/boards/XilinxBoardStore/boards/Xilinx/zcu106/2.6/board.xml as part xczu7ev-ffvc1156-2-e specified in board_part file is either invalid or not available
WARNING: [Board 49-26] cannot add Board Part xilinx.com:zcu111:part0:1.2 available at /opt/Xilinx/Vivado/2022.2/data/xhub/boards/XilinxBoardStore/boards/Xilinx/zcu111/1.2/board.xml as part xczu28dr-ffvg1517-2-e specified in board_part file is either invalid or not available
WARNING: [Board 49-26] cannot add Board Part xilinx.com:zcu111:part0:1.3 available at /opt/Xilinx/Vivado/2022.2/data/xhub/boards/XilinxBoardStore/boards/Xilinx/zcu111/1.3/board.xml as part xczu28dr-ffvg1517-2-e specified in board_part file is either invalid or not available
WARNING: [Board 49-26] cannot add Board Part xilinx.com:zcu111:part0:1.4 available at /opt/Xilinx/Vivado/2022.2/data/xhub/boards/XilinxBoardStore/boards/Xilinx/zcu111/1.4/board.xml as part xczu28dr-ffvg1517-2-e specified in board_part file is either invalid or not available
WARNING: [Board 49-26] cannot add Board Part xilinx.com:zcu1275:part0:1.0 available at /opt/Xilinx/Vivado/2022.2/data/xhub/boards/XilinxBoardStore/boards/Xilinx/zcu1275/1.0/board.xml as part xczu29dr-ffvf1760-2-e specified in board_part file is either invalid or not available
WARNING: [Board 49-26] cannot add Board Part xilinx.com:zcu1285:part0:1.0 available at /opt/Xilinx/Vivado/2022.2/data/xhub/boards/XilinxBoardStore/boards/Xilinx/zcu1285/1.0/board.xml as part xczu39dr-ffvf1760-2-i specified in board_part file is either invalid or not available
WARNING: [Board 49-26] cannot add Board Part xilinx.com:zcu208:part0:2.0 available at /opt/Xilinx/Vivado/2022.2/data/xhub/boards/XilinxBoardStore/boards/Xilinx/zcu208/production/2.0/board.xml as part xczu48dr-fsvg1517-2-e specified in board_part file is either invalid or not available
WARNING: [Board 49-26] cannot add Board Part xilinx.com:zcu208ld:part0:2.0 available at /opt/Xilinx/Vivado/2022.2/data/xhub/boards/XilinxBoardStore/boards/Xilinx/zcu208ld/production/2.0/board.xml as part xczu58dr-fsvg1517-2-i specified in board_part file is either invalid or not available
WARNING: [Board 49-26] cannot add Board Part xilinx.com:zcu216:part0:2.0 available at /opt/Xilinx/Vivado/2022.2/data/xhub/boards/XilinxBoardStore/boards/Xilinx/zcu216/production/2.0/board.xml as part xczu49dr-ffvf1760-2-e specified in board_part file is either invalid or not available
WARNING: [Board 49-26] cannot add Board Part xilinx.com:zcu216ld:part0:2.0 available at /opt/Xilinx/Vivado/2022.2/data/xhub/boards/XilinxBoardStore/boards/Xilinx/zcu216ld/production/2.0/board.xml as part xczu59dr-ffvf1760-2-i specified in board_part file is either invalid or not available
WARNING: [Board 49-26] cannot add Board Part xilinx.com:zcu670:part0:2.0 available at /opt/Xilinx/Vivado/2022.2/data/xhub/boards/XilinxBoardStore/boards/Xilinx/zcu670/2.0/board.xml as part xczu67dr-fsve1156-2-i specified in board_part file is either invalid or not available
WARNING: [Board 49-26] cannot add Board Part xilinx.com:zcu670ld:part0:1.0 available at /opt/Xilinx/Vivado/2022.2/data/xhub/boards/XilinxBoardStore/boards/Xilinx/zcu670ld/1.0/board.xml as part xczu57dr-fsve1156-2-i specified in board_part file is either invalid or not available
open_project /home/nagafusa/work/spadi/Fakernet/SAMIDARE/samidare.xpr
WARNING: [filemgmt 56-3] IP Repository Path: Could not find the directory '/home/nagafusa/work/spadi/Fakernet/ip_repo/I2C_controller_1_0'.
WARNING: [filemgmt 56-3] IP Repository Path: Could not find the directory '/home/nagafusa/work/spadi/Fakernet/ip_repo/I2C_controller_1_0'.
CRITICAL WARNING: [Project 1-19] Could not find the file '/home/nagafusa/work/spadi/Fakernet/SAMIDARE/imports/I2C_controller_v1_0.v'.
CRITICAL WARNING: [Project 1-19] Could not find the file '/home/nagafusa/work/spadi/Fakernet/SAMIDARE/imports/I2C_controller_v1_0_S00_AXI.v'.
CRITICAL WARNING: [Project 1-19] Could not find the file '/home/nagafusa/work/spadi/Fakernet/SAMIDARE/imports/I2C_controller_v1_0_M00_AXI.v'.
Scanning sources...
Finished scanning sources
INFO: [IP_Flow 19-234] Refreshing IP repositories
INFO: [IP_Flow 19-1700] Loaded user IP repository '/home/nagafusa/work/spadi/Fakernet/ip_repo/SAMPA_PON_1_0'.
INFO: [IP_Flow 19-1700] Loaded user IP repository '/home/nagafusa/work/spadi/Fakernet/ip_repo/I2C_Controller_1_0'.
INFO: [IP_Flow 19-1700] Loaded user IP repository '/home/nagafusa/work/spadi/Fakernet/ip_repo/start_i2c_write_1_0'.
WARNING: [IP_Flow 19-2248] Failed to load user IP repository '/home/nagafusa/work/spadi/Fakernet/ip_repo/I2C_controller_1_0'; Can't find the specified path.
If this directory should no longer be in your list of user repositories, go to the IP Settings dialog and remove it.
WARNING: [IP_Flow 19-2207] Repository '/home/nagafusa/work/spadi/Fakernet/ip_repo/I2C_controller_1_0' already exists; ignoring attempt to add it again.
WARNING: [IP_Flow 19-2248] Failed to load user IP repository '/home/nagafusa/work/spadi/Fakernet/ip_repo/I2C_controller_1_0'; Can't find the specified path.
If this directory should no longer be in your list of user repositories, go to the IP Settings dialog and remove it.
INFO: [IP_Flow 19-2313] Loaded Vivado IP repository '/opt/Xilinx/Vivado/2022.2/data/ip'.
update_compile_order -fileset sources_1
open_bd_design {/home/nagafusa/work/spadi/Fakernet/SAMIDARE/samidare.srcs/sources_1/bd/top_block/top_block.bd}
Reading block design file </home/nagafusa/work/spadi/Fakernet/SAMIDARE/samidare.srcs/sources_1/bd/top_block/top_block.bd>...
Adding component instance block -- xilinx.com:ip:clk_wiz:6.0 - clk_wiz_0
Adding component instance block -- xilinx.com:module_ref:mii_initializer:1.0 - mii_initializer_0
Adding component instance block -- xilinx.com:ip:util_vector_logic:2.0 - util_vector_logic_0
Adding component instance block -- xilinx.com:ip:util_vector_logic:2.0 - util_vector_logic_1
Adding component instance block -- xilinx.com:ip:util_vector_logic:2.0 - util_vector_logic_2
Adding component instance block -- xilinx.com:ip:util_vector_logic:2.0 - util_vector_logic_3
Adding component instance block -- xilinx.com:ip:util_vector_logic:2.0 - util_vector_logic_0
Adding component instance block -- xilinx.com:ip:util_vector_logic:2.0 - util_vector_logic_1
Adding component instance block -- xilinx.com:ip:util_vector_logic:2.0 - util_vector_logic_2
Adding component instance block -- xilinx.com:ip:util_vector_logic:2.0 - util_vector_logic_3
Adding component instance block -- xilinx.com:ip:xlconstant:1.1 - xlconstant_0
Adding component instance block -- xilinx.com:ip:xlconstant:1.1 - xlconstant_1
Adding component instance block -- xilinx.com:ip:xlconstant:1.1 - xlconstant_2
Adding component instance block -- xilinx.com:ip:xlconstant:1.1 - xlconstant_3
Adding component instance block -- xilinx.com:module_ref:RESET_INST:1.0 - RESET_INST_0
Adding component instance block -- xilinx.com:module_ref:gig_ethernet_pcs_pma_0_example_design:1.0 - gig_ethernet_pcs_pma_0
Adding component instance block -- xilinx.com:module_ref:native_to_axi_lite_v1_0:1.0 - native_to_axi_lite_v_0
Adding component instance block -- xilinx.com:module_ref:fakernet_top:1.0 - fakernet_top_0
Adding component instance block -- xilinx.com:module_ref:reg_switch:1.0 - reg_switch_0
Adding component instance block -- xilinx.com:ip:util_vector_logic:2.0 - util_vector_logic_0
Adding component instance block -- xilinx.com:ip:xlconstant:1.1 - xlconstant_0
Adding component instance block -- xilinx.com:module_ref:u_led_inst:1.0 - u_led_inst_0
Adding component instance block -- xilinx.com:module_ref:LED_REG_READ_SEPARATE_v1_0:1.0 - LED_REG_READ_SEPARAT_0
Adding component instance block -- xilinx.com:module_ref:LED_REG_READ_SEPARATE_v1_0:1.0 - LED_REG_READ_SEPARAT_1
Adding component instance block -- xilinx.com:ip:vio:3.0 - vio_0
Adding component instance block -- xilinx.com:ip:proc_sys_reset:5.0 - rst_clk_wiz_0_125M
Adding component instance block -- xilinx.com:ip:xpm_cdc_gen:1.0 - xpm_cdc_gen_0
Adding component instance block -- xilinx.com:ip:axi_bram_ctrl:4.1 - axi_bram_ctrl_0
Adding component instance block -- xilinx.com:ip:blk_mem_gen:8.4 - blk_mem_gen_0
Adding component instance block -- xilinx.com:ip:axi_bram_ctrl:4.1 - axi_bram_ctrl_1
Adding component instance block -- xilinx.com:module_ref:data_gen_user:1.0 - data_gen_user_0
Adding component instance block -- xilinx.com:ip:axi_iic:2.1 - axi_iic_0
Adding component instance block -- xilinx.com:module_ref:I2C_Controller_v1_0:1.0 - I2C_Controller_v1_0_0
Adding component instance block -- xilinx.com:ip:proc_sys_reset:5.0 - rst_clk_wiz_0_40M
Adding component instance block -- xilinx.com:ip:axi_interconnect:2.1 - axi_mem_intercon
Adding component instance block -- xilinx.com:ip:axi_crossbar:2.1 - xbar
Adding component instance block -- xilinx.com:ip:clk_wiz:6.0 - clk_wiz_1
Adding component instance block -- xilinx.com:ip:util_ds_buf:2.2 - util_ds_buf_0
Adding component instance block -- xilinx.com:ip:xlconstant:1.1 - xlconstant_0
Adding component instance block -- xilinx.com:ip:util_vector_logic:2.0 - util_vector_logic_0
Adding component instance block -- xilinx.com:ip:util_ds_buf:2.2 - util_ds_buf_1
Adding component instance block -- xilinx.com:ip:util_ds_buf:2.2 - util_ds_buf_2
Adding component instance block -- xilinx.com:ip:util_ds_buf:2.2 - util_ds_buf_3
Adding component instance block -- xilinx.com:ip:util_ds_buf:2.2 - util_ds_buf_4
Adding component instance block -- xilinx.com:ip:xlconcat:2.1 - xlconcat_0
Adding component instance block -- xilinx.com:ip:clk_wiz:6.0 - clk_wiz_2
Adding component instance block -- xilinx.com:ip:xlconstant:1.1 - xlconstant_1
Adding component instance block -- xilinx.com:ip:xlconcat:2.1 - xlconcat_1
Adding component instance block -- xilinx.com:ip:xlconcat:2.1 - xlconcat_2
Adding component instance block -- xilinx.com:module_ref:SAMPA_PON_v1_0:1.0 - SAMPA_PON_v1_0_0
Adding component instance block -- xilinx.com:module_ref:iobuf_vhdl:1.0 - iobuf_vhdl_0
Adding component instance block -- xilinx.com:module_ref:iobuf_vhdl:1.0 - iobuf_vhdl_1
Adding component instance block -- xilinx.com:ip:util_vector_logic:2.0 - util_vector_logic_1
Successfully read diagram <top_block> from block design file </home/nagafusa/work/spadi/Fakernet/SAMIDARE/samidare.srcs/sources_1/bd/top_block/top_block.bd>
regenerate_bd_layout
reset_run synth_1
INFO: [Project 1-1161] Replacing file /home/nagafusa/work/spadi/Fakernet/SAMIDARE/samidare.srcs/utils_1/imports/synth_1/top_level.dcp with file /home/nagafusa/work/spadi/Fakernet/SAMIDARE/samidare.runs/synth_1/top_block_wrapper.dcp
launch_runs synth_1 -jobs 32
INFO: [Vivado 12-4149] The synthesis checkpoint for IP '/home/nagafusa/work/spadi/Fakernet/SAMIDARE/samidare.srcs/sources_1/ip/gig_ethernet_pcs_pma_0_2/gig_ethernet_pcs_pma_0.xci' is already up-to-date
INFO: [IP_Flow 19-6924] IPCACHE: Running cache check for IP inst: top_block_util_vector_logic_1_3
[Sat Aug 10 13:06:47 2024] Launched top_block_util_vector_logic_1_3_synth_1...
Run output will be captured here: /home/nagafusa/work/spadi/Fakernet/SAMIDARE/samidare.runs/top_block_util_vector_logic_1_3_synth_1/runme.log
[Sat Aug 10 13:06:47 2024] Launched synth_1...
Run output will be captured here: /home/nagafusa/work/spadi/Fakernet/SAMIDARE/samidare.runs/synth_1/runme.log
open_run synth_1 -name synth_1
Design is defaulting to impl run constrset: constrs_1
Design is defaulting to synth run part: xcau15p-sbvb484-1-i
INFO: [Device 21-403] Loading part xcau15p-sbvb484-1-i
INFO: [Project 1-454] Reading design checkpoint '/home/nagafusa/work/spadi/Fakernet/SAMIDARE/samidare.gen/sources_1/bd/top_block/ip/top_block_SAMPA_PON_v1_0_0_0/top_block_SAMPA_PON_v1_0_0_0.dcp' for cell 'top_block_i/SAMPA_PON_v1_0_0'
INFO: [Project 1-454] Reading design checkpoint '/home/nagafusa/work/spadi/Fakernet/SAMIDARE/samidare.gen/sources_1/bd/top_block/ip/top_block_clk_wiz_0_0/top_block_clk_wiz_0_0.dcp' for cell 'top_block_i/clk_wiz_0'
INFO: [Project 1-454] Reading design checkpoint '/home/nagafusa/work/spadi/Fakernet/SAMIDARE/samidare.gen/sources_1/bd/top_block/ip/top_block_clk_wiz_1_0/top_block_clk_wiz_1_0.dcp' for cell 'top_block_i/clk_wiz_1'
INFO: [Project 1-454] Reading design checkpoint '/home/nagafusa/work/spadi/Fakernet/SAMIDARE/samidare.gen/sources_1/bd/top_block/ip/top_block_clk_wiz_2_0/top_block_clk_wiz_2_0.dcp' for cell 'top_block_i/clk_wiz_2'
INFO: [Project 1-454] Reading design checkpoint '/home/nagafusa/work/spadi/Fakernet/SAMIDARE/samidare.gen/sources_1/bd/top_block/ip/top_block_data_gen_user_0_0/top_block_data_gen_user_0_0.dcp' for cell 'top_block_i/data_gen_user_0'
INFO: [Project 1-454] Reading design checkpoint '/home/nagafusa/work/spadi/Fakernet/SAMIDARE/samidare.gen/sources_1/bd/top_block/ip/top_block_iobuf_vhdl_0_0/top_block_iobuf_vhdl_0_0.dcp' for cell 'top_block_i/iobuf_vhdl_0'
INFO: [Project 1-454] Reading design checkpoint '/home/nagafusa/work/spadi/Fakernet/SAMIDARE/samidare.gen/sources_1/bd/top_block/ip/top_block_iobuf_vhdl_1_0/top_block_iobuf_vhdl_1_0.dcp' for cell 'top_block_i/iobuf_vhdl_1'
INFO: [Project 1-454] Reading design checkpoint '/home/nagafusa/work/spadi/Fakernet/SAMIDARE/samidare.gen/sources_1/bd/top_block/ip/top_block_rst_clk_wiz_0_40M_3/top_block_rst_clk_wiz_0_40M_3.dcp' for cell 'top_block_i/rst_clk_wiz_0_40M'
INFO: [Project 1-454] Reading design checkpoint '/home/nagafusa/work/spadi/Fakernet/SAMIDARE/samidare.gen/sources_1/bd/top_block/ip/top_block_util_ds_buf_0_1/top_block_util_ds_buf_0_1.dcp' for cell 'top_block_i/util_ds_buf_0'
INFO: [Project 1-454] Reading design checkpoint '/home/nagafusa/work/spadi/Fakernet/SAMIDARE/samidare.gen/sources_1/bd/top_block/ip/top_block_util_ds_buf_1_1/top_block_util_ds_buf_1_1.dcp' for cell 'top_block_i/util_ds_buf_1'
INFO: [Project 1-454] Reading design checkpoint '/home/nagafusa/work/spadi/Fakernet/SAMIDARE/samidare.gen/sources_1/bd/top_block/ip/top_block_util_ds_buf_2_0/top_block_util_ds_buf_2_0.dcp' for cell 'top_block_i/util_ds_buf_2'
INFO: [Project 1-454] Reading design checkpoint '/home/nagafusa/work/spadi/Fakernet/SAMIDARE/samidare.gen/sources_1/bd/top_block/ip/top_block_util_ds_buf_3_0/top_block_util_ds_buf_3_0.dcp' for cell 'top_block_i/util_ds_buf_3'
INFO: [Project 1-454] Reading design checkpoint '/home/nagafusa/work/spadi/Fakernet/SAMIDARE/samidare.gen/sources_1/bd/top_block/ip/top_block_util_ds_buf_4_0/top_block_util_ds_buf_4_0.dcp' for cell 'top_block_i/util_ds_buf_4'
INFO: [Project 1-454] Reading design checkpoint '/home/nagafusa/work/spadi/Fakernet/SAMIDARE/samidare.gen/sources_1/bd/top_block/ip/top_block_util_vector_logic_0_3/top_block_util_vector_logic_0_3.dcp' for cell 'top_block_i/util_vector_logic_0'
INFO: [Project 1-454] Reading design checkpoint '/home/nagafusa/work/spadi/Fakernet/SAMIDARE/samidare.gen/sources_1/bd/top_block/ip/top_block_util_vector_logic_1_3/top_block_util_vector_logic_1_3.dcp' for cell 'top_block_i/util_vector_logic_1'
INFO: [Project 1-454] Reading design checkpoint '/home/nagafusa/work/spadi/Fakernet/SAMIDARE/samidare.gen/sources_1/bd/top_block/ip/top_block_I2C_Controller_v1_0_0_1/top_block_I2C_Controller_v1_0_0_1.dcp' for cell 'top_block_i/SAMPA_I2C_wrapper/I2C_Controller_v1_0_0'
INFO: [Project 1-454] Reading design checkpoint '/home/nagafusa/work/spadi/Fakernet/SAMIDARE/samidare.gen/sources_1/bd/top_block/ip/top_block_axi_iic_0_0/top_block_axi_iic_0_0.dcp' for cell 'top_block_i/SAMPA_I2C_wrapper/axi_iic_0'
INFO: [Project 1-454] Reading design checkpoint '/home/nagafusa/work/spadi/Fakernet/SAMIDARE/samidare.gen/sources_1/bd/top_block/ip/top_block_xbar_1/top_block_xbar_1.dcp' for cell 'top_block_i/axi_mem_intercon/xbar'
INFO: [Project 1-454] Reading design checkpoint '/home/nagafusa/work/spadi/Fakernet/SAMIDARE/samidare.gen/sources_1/bd/top_block/ip/top_block_RESET_INST_0_0/top_block_RESET_INST_0_0.dcp' for cell 'top_block_i/fakernet/RESET_INST_0'
INFO: [Project 1-454] Reading design checkpoint '/home/nagafusa/work/spadi/Fakernet/SAMIDARE/samidare.gen/sources_1/bd/top_block/ip/top_block_fakernet_top_0_0/top_block_fakernet_top_0_0.dcp' for cell 'top_block_i/fakernet/fakernet_top_0'
INFO: [Project 1-454] Reading design checkpoint '/home/nagafusa/work/spadi/Fakernet/SAMIDARE/samidare.gen/sources_1/bd/top_block/ip/top_block_gig_ethernet_pcs_pma_0_0/top_block_gig_ethernet_pcs_pma_0_0.dcp' for cell 'top_block_i/fakernet/gig_ethernet_pcs_pma_0'
INFO: [Project 1-454] Reading design checkpoint '/home/nagafusa/work/spadi/Fakernet/SAMIDARE/samidare.gen/sources_1/bd/top_block/ip/top_block_mii_initializer_0_0/top_block_mii_initializer_0_0.dcp' for cell 'top_block_i/fakernet/mii_initializer_0'
INFO: [Project 1-454] Reading design checkpoint '/home/nagafusa/work/spadi/Fakernet/SAMIDARE/samidare.gen/sources_1/bd/top_block/ip/top_block_native_to_axi_lite_v_0_0/top_block_native_to_axi_lite_v_0_0.dcp' for cell 'top_block_i/fakernet/native_to_axi_lite_v_0'
INFO: [Project 1-454] Reading design checkpoint '/home/nagafusa/work/spadi/Fakernet/SAMIDARE/samidare.gen/sources_1/bd/top_block/ip/top_block_reg_switch_0_0/top_block_reg_switch_0_0.dcp' for cell 'top_block_i/fakernet/reg_switch_0'
INFO: [Project 1-454] Reading design checkpoint '/home/nagafusa/work/spadi/Fakernet/SAMIDARE/samidare.gen/sources_1/bd/top_block/ip/top_block_util_vector_logic_0_0/top_block_util_vector_logic_0_0.dcp' for cell 'top_block_i/fakernet/if_gate/util_vector_logic_0'
INFO: [Project 1-454] Reading design checkpoint '/home/nagafusa/work/spadi/Fakernet/SAMIDARE/samidare.gen/sources_1/bd/top_block/ip/top_block_util_vector_logic_1_0/top_block_util_vector_logic_1_0.dcp' for cell 'top_block_i/fakernet/if_gate/util_vector_logic_1'
INFO: [Project 1-454] Reading design checkpoint '/home/nagafusa/work/spadi/Fakernet/SAMIDARE/samidare.gen/sources_1/bd/top_block/ip/top_block_util_vector_logic_2_0/top_block_util_vector_logic_2_0.dcp' for cell 'top_block_i/fakernet/if_gate/util_vector_logic_2'
INFO: [Project 1-454] Reading design checkpoint '/home/nagafusa/work/spadi/Fakernet/SAMIDARE/samidare.gen/sources_1/bd/top_block/ip/top_block_util_vector_logic_1_1/top_block_util_vector_logic_1_1.dcp' for cell 'top_block_i/fakernet/if_gate/util_vector_logic_3'
INFO: [Project 1-454] Reading design checkpoint '/home/nagafusa/work/spadi/Fakernet/SAMIDARE/samidare.gen/sources_1/bd/top_block/ip/top_block_util_vector_logic_0_1/top_block_util_vector_logic_0_1.dcp' for cell 'top_block_i/fakernet/if_gate1/util_vector_logic_0'
INFO: [Project 1-454] Reading design checkpoint '/home/nagafusa/work/spadi/Fakernet/SAMIDARE/samidare.gen/sources_1/bd/top_block/ip/top_block_util_vector_logic_1_2/top_block_util_vector_logic_1_2.dcp' for cell 'top_block_i/fakernet/if_gate1/util_vector_logic_1'
INFO: [Project 1-454] Reading design checkpoint '/home/nagafusa/work/spadi/Fakernet/SAMIDARE/samidare.gen/sources_1/bd/top_block/ip/top_block_util_vector_logic_2_1/top_block_util_vector_logic_2_1.dcp' for cell 'top_block_i/fakernet/if_gate1/util_vector_logic_2'
INFO: [Project 1-454] Reading design checkpoint '/home/nagafusa/work/spadi/Fakernet/SAMIDARE/samidare.gen/sources_1/bd/top_block/ip/top_block_util_vector_logic_3_0/top_block_util_vector_logic_3_0.dcp' for cell 'top_block_i/fakernet/if_gate1/util_vector_logic_3'
INFO: [Project 1-454] Reading design checkpoint '/home/nagafusa/work/spadi/Fakernet/SAMIDARE/samidare.gen/sources_1/bd/top_block/ip/top_block_LED_REG_READ_SEPARAT_0_0/top_block_LED_REG_READ_SEPARAT_0_0.dcp' for cell 'top_block_i/led_module/LED_REG_READ_SEPARAT_0'
INFO: [Project 1-454] Reading design checkpoint '/home/nagafusa/work/spadi/Fakernet/SAMIDARE/samidare.gen/sources_1/bd/top_block/ip/top_block_LED_REG_READ_SEPARAT_1_0/top_block_LED_REG_READ_SEPARAT_1_0.dcp' for cell 'top_block_i/led_module/LED_REG_READ_SEPARAT_1'
INFO: [Project 1-454] Reading design checkpoint '/home/nagafusa/work/spadi/Fakernet/SAMIDARE/samidare.gen/sources_1/bd/top_block/ip/top_block_u_led_inst_0_0/top_block_u_led_inst_0_0.dcp' for cell 'top_block_i/led_module/u_led_inst_0'
INFO: [Project 1-454] Reading design checkpoint '/home/nagafusa/work/spadi/Fakernet/SAMIDARE/samidare.gen/sources_1/bd/top_block/ip/top_block_util_vector_logic_0_2/top_block_util_vector_logic_0_2.dcp' for cell 'top_block_i/led_module/util_vector_logic_0'
INFO: [Project 1-454] Reading design checkpoint '/home/nagafusa/work/spadi/Fakernet/SAMIDARE/samidare.gen/sources_1/bd/top_block/ip/top_block_axi_bram_ctrl_0_0/top_block_axi_bram_ctrl_0_0.dcp' for cell 'top_block_i/reg_bram/axi_bram_ctrl_0'
INFO: [Project 1-454] Reading design checkpoint '/home/nagafusa/work/spadi/Fakernet/SAMIDARE/samidare.gen/sources_1/bd/top_block/ip/top_block_axi_bram_ctrl_1_0/top_block_axi_bram_ctrl_1_0.dcp' for cell 'top_block_i/reg_bram/axi_bram_ctrl_1'
INFO: [Project 1-454] Reading design checkpoint '/home/nagafusa/work/spadi/Fakernet/SAMIDARE/samidare.gen/sources_1/bd/top_block/ip/top_block_blk_mem_gen_0_0/top_block_blk_mem_gen_0_0.dcp' for cell 'top_block_i/reg_bram/blk_mem_gen_0'
INFO: [Project 1-454] Reading design checkpoint '/home/nagafusa/work/spadi/Fakernet/SAMIDARE/samidare.gen/sources_1/bd/top_block/ip/top_block_rst_clk_wiz_0_125M_0/top_block_rst_clk_wiz_0_125M_0.dcp' for cell 'top_block_i/reset/rst_clk_wiz_0_125M'
INFO: [Project 1-454] Reading design checkpoint '/home/nagafusa/work/spadi/Fakernet/SAMIDARE/samidare.gen/sources_1/bd/top_block/ip/top_block_vio_0_0/top_block_vio_0_0.dcp' for cell 'top_block_i/reset/vio_0'
INFO: [Project 1-454] Reading design checkpoint '/home/nagafusa/work/spadi/Fakernet/SAMIDARE/samidare.gen/sources_1/bd/top_block/ip/top_block_xpm_cdc_gen_0_0/top_block_xpm_cdc_gen_0_0.dcp' for cell 'top_block_i/reset/xpm_cdc_gen_0'
INFO: [Project 1-454] Reading design checkpoint '/home/nagafusa/work/spadi/Fakernet/SAMIDARE/.Xil/Vivado-2742884-e16fpga01/gig_ethernet_pcs_pma_0_2/gig_ethernet_pcs_pma_0.dcp' for cell 'top_block_i/fakernet/gig_ethernet_pcs_pma_0/inst/core_support_i/pcs_pma_i'
Netlist sorting complete. Time (s): cpu = 00:00:00.05 ; elapsed = 00:00:00.05 . Memory (MB): peak = 8936.027 ; gain = 0.000 ; free physical = 38728 ; free virtual = 57868
INFO: [Netlist 29-17] Analyzing 280 Unisim elements for replacement
CRITICAL WARNING: [Netlist 29-358] Reg 'top_block_i/fakernet/mii_initializer_0/inst/mdioData_reg[23]' of type 'FDCPE' cannot be timed accurately. Hardware behavior may be unpredictable. Use check_timing command for more information. [/home/nagafusa/work/spadi/Fakernet/SAMIDARE/imports/mii_init.v:82]
Resolution: Recode your design, so that you do not depend on both asynchronous set and reset for your desired functionality.
Convert at least one of them to synchronous signal, or get rid of at least one of those.
Often, the use of "initial" value will help you get rid of one of the asynchronous set/reset signals.
CRITICAL WARNING: [Netlist 29-358] Reg 'top_block_i/fakernet/mii_initializer_0/inst/mdioData_reg[24]' of type 'FDCPE' cannot be timed accurately. Hardware behavior may be unpredictable. Use check_timing command for more information. [/home/nagafusa/work/spadi/Fakernet/SAMIDARE/imports/mii_init.v:82]
Resolution: Recode your design, so that you do not depend on both asynchronous set and reset for your desired functionality.
Convert at least one of them to synchronous signal, or get rid of at least one of those.
Often, the use of "initial" value will help you get rid of one of the asynchronous set/reset signals.
CRITICAL WARNING: [Netlist 29-358] Reg 'top_block_i/fakernet/mii_initializer_0/inst/mdioData_reg[25]' of type 'FDCPE' cannot be timed accurately. Hardware behavior may be unpredictable. Use check_timing command for more information. [/home/nagafusa/work/spadi/Fakernet/SAMIDARE/imports/mii_init.v:82]
Resolution: Recode your design, so that you do not depend on both asynchronous set and reset for your desired functionality.
Convert at least one of them to synchronous signal, or get rid of at least one of those.
Often, the use of "initial" value will help you get rid of one of the asynchronous set/reset signals.
CRITICAL WARNING: [Netlist 29-358] Reg 'top_block_i/fakernet/mii_initializer_0/inst/mdioData_reg[26]' of type 'FDCPE' cannot be timed accurately. Hardware behavior may be unpredictable. Use check_timing command for more information. [/home/nagafusa/work/spadi/Fakernet/SAMIDARE/imports/mii_init.v:82]
Resolution: Recode your design, so that you do not depend on both asynchronous set and reset for your desired functionality.
Convert at least one of them to synchronous signal, or get rid of at least one of those.
Often, the use of "initial" value will help you get rid of one of the asynchronous set/reset signals.
CRITICAL WARNING: [Netlist 29-358] Reg 'top_block_i/fakernet/mii_initializer_0/inst/mdioData_reg[27]' of type 'FDCPE' cannot be timed accurately. Hardware behavior may be unpredictable. Use check_timing command for more information. [/home/nagafusa/work/spadi/Fakernet/SAMIDARE/imports/mii_init.v:82]
Resolution: Recode your design, so that you do not depend on both asynchronous set and reset for your desired functionality.
Convert at least one of them to synchronous signal, or get rid of at least one of those.
Often, the use of "initial" value will help you get rid of one of the asynchronous set/reset signals.
INFO: [Netlist 29-28] Unisim Transformation completed in 0 CPU seconds
WARNING: [Netlist 29-1115] Found multi-term driver net: top_block_i/util_ds_buf_4/U0/<const0>.
WARNING: [Netlist 29-1115] Found multi-term driver net: top_block_i/util_ds_buf_3/U0/<const0>.
WARNING: [Netlist 29-1115] Found multi-term driver net: top_block_i/util_ds_buf_2/U0/<const0>.
WARNING: [Netlist 29-1115] Found multi-term driver net: top_block_i/util_ds_buf_1/U0/<const0>.
WARNING: [Netlist 29-1115] Found multi-term driver net: top_block_i/util_ds_buf_0/U0/<const0>.
INFO: [Project 1-479] Netlist was created with Vivado 2022.2
INFO: [Project 1-570] Preparing netlist for logic optimization
WARNING: [Opt 31-32] Removing redundant IBUF since it is not being driven by a top-level port. top_block_i/clk_wiz_2/inst/clkin1_ibuf 
Resolution: The tool has removed redundant IBUF. To resolve this warning, check for redundant IBUF in the input design.
WARNING: [Constraints 18-550] Could not create 'IBUF_LOW_PWR' constraint because net 'top_block_i/clk_wiz_2/clk_in1' is not directly connected to top level port. Synthesis is ignored for IBUF_LOW_PWR but preserved for implementation.
WARNING: [Constraints 18-550] Could not create 'DRIVE' constraint because net 'top_block_i/iobuf_vhdl_0/i' is not directly connected to top level port. Synthesis is ignored for DRIVE but preserved for implementation.
WARNING: [Constraints 18-550] Could not create 'IBUF_LOW_PWR' constraint because net 'top_block_i/iobuf_vhdl_0/i' is not directly connected to top level port. Synthesis is ignored for IBUF_LOW_PWR but preserved for implementation.
WARNING: [Constraints 18-550] Could not create 'SLEW' constraint because net 'top_block_i/iobuf_vhdl_0/i' is not directly connected to top level port. Synthesis is ignored for SLEW but preserved for implementation.
WARNING: [Constraints 18-550] Could not create 'DRIVE' constraint because net 'top_block_i/iobuf_vhdl_0/o' is not directly connected to top level port. Synthesis is ignored for DRIVE but preserved for implementation.
WARNING: [Constraints 18-550] Could not create 'IBUF_LOW_PWR' constraint because net 'top_block_i/iobuf_vhdl_0/o' is not directly connected to top level port. Synthesis is ignored for IBUF_LOW_PWR but preserved for implementation.
WARNING: [Constraints 18-550] Could not create 'SLEW' constraint because net 'top_block_i/iobuf_vhdl_0/o' is not directly connected to top level port. Synthesis is ignored for SLEW but preserved for implementation.
WARNING: [Constraints 18-550] Could not create 'DRIVE' constraint because net 'top_block_i/iobuf_vhdl_0/t' is not directly connected to top level port. Synthesis is ignored for DRIVE but preserved for implementation.
WARNING: [Constraints 18-550] Could not create 'IBUF_LOW_PWR' constraint because net 'top_block_i/iobuf_vhdl_0/t' is not directly connected to top level port. Synthesis is ignored for IBUF_LOW_PWR but preserved for implementation.
WARNING: [Constraints 18-550] Could not create 'SLEW' constraint because net 'top_block_i/iobuf_vhdl_0/t' is not directly connected to top level port. Synthesis is ignored for SLEW but preserved for implementation.
WARNING: [Constraints 18-550] Could not create 'DRIVE' constraint because net 'top_block_i/iobuf_vhdl_1/i' is not directly connected to top level port. Synthesis is ignored for DRIVE but preserved for implementation.
WARNING: [Constraints 18-550] Could not create 'IBUF_LOW_PWR' constraint because net 'top_block_i/iobuf_vhdl_1/i' is not directly connected to top level port. Synthesis is ignored for IBUF_LOW_PWR but preserved for implementation.
WARNING: [Constraints 18-550] Could not create 'SLEW' constraint because net 'top_block_i/iobuf_vhdl_1/i' is not directly connected to top level port. Synthesis is ignored for SLEW but preserved for implementation.
WARNING: [Constraints 18-550] Could not create 'DRIVE' constraint because net 'top_block_i/iobuf_vhdl_1/o' is not directly connected to top level port. Synthesis is ignored for DRIVE but preserved for implementation.
WARNING: [Constraints 18-550] Could not create 'IBUF_LOW_PWR' constraint because net 'top_block_i/iobuf_vhdl_1/o' is not directly connected to top level port. Synthesis is ignored for IBUF_LOW_PWR but preserved for implementation.
WARNING: [Constraints 18-550] Could not create 'SLEW' constraint because net 'top_block_i/iobuf_vhdl_1/o' is not directly connected to top level port. Synthesis is ignored for SLEW but preserved for implementation.
WARNING: [Constraints 18-550] Could not create 'DRIVE' constraint because net 'top_block_i/iobuf_vhdl_1/t' is not directly connected to top level port. Synthesis is ignored for DRIVE but preserved for implementation.
WARNING: [Constraints 18-550] Could not create 'IBUF_LOW_PWR' constraint because net 'top_block_i/iobuf_vhdl_1/t' is not directly connected to top level port. Synthesis is ignored for IBUF_LOW_PWR but preserved for implementation.
WARNING: [Constraints 18-550] Could not create 'SLEW' constraint because net 'top_block_i/iobuf_vhdl_1/t' is not directly connected to top level port. Synthesis is ignored for SLEW but preserved for implementation.
WARNING: [Constraints 18-550] Could not create 'SLEW' constraint because net 'top_block_i/util_ds_buf_0/OBUF_IN[0]' is not directly connected to top level port. Synthesis is ignored for SLEW but preserved for implementation.
WARNING: [Constraints 18-550] Could not create 'SLEW' constraint because net 'top_block_i/util_ds_buf_0/OBUF_IN[1]' is not directly connected to top level port. Synthesis is ignored for SLEW but preserved for implementation.
WARNING: [Constraints 18-550] Could not create 'SLEW' constraint because net 'top_block_i/util_ds_buf_0/OBUF_IN[2]' is not directly connected to top level port. Synthesis is ignored for SLEW but preserved for implementation.
WARNING: [Constraints 18-550] Could not create 'SLEW' constraint because net 'top_block_i/util_ds_buf_0/OBUF_IN[3]' is not directly connected to top level port. Synthesis is ignored for SLEW but preserved for implementation.
WARNING: [Constraints 18-550] Could not create 'SLEW' constraint because net 'top_block_i/util_ds_buf_1/OBUF_IN[0]' is not directly connected to top level port. Synthesis is ignored for SLEW but preserved for implementation.
WARNING: [Constraints 18-550] Could not create 'SLEW' constraint because net 'top_block_i/util_ds_buf_1/OBUF_IN[1]' is not directly connected to top level port. Synthesis is ignored for SLEW but preserved for implementation.
WARNING: [Constraints 18-550] Could not create 'SLEW' constraint because net 'top_block_i/util_ds_buf_1/OBUF_IN[2]' is not directly connected to top level port. Synthesis is ignored for SLEW but preserved for implementation.
WARNING: [Constraints 18-550] Could not create 'SLEW' constraint because net 'top_block_i/util_ds_buf_1/OBUF_IN[3]' is not directly connected to top level port. Synthesis is ignored for SLEW but preserved for implementation.
WARNING: [Constraints 18-550] Could not create 'SLEW' constraint because net 'top_block_i/util_ds_buf_2/OBUF_IN[0]' is not directly connected to top level port. Synthesis is ignored for SLEW but preserved for implementation.
WARNING: [Constraints 18-550] Could not create 'SLEW' constraint because net 'top_block_i/util_ds_buf_2/OBUF_IN[1]' is not directly connected to top level port. Synthesis is ignored for SLEW but preserved for implementation.
WARNING: [Constraints 18-550] Could not create 'SLEW' constraint because net 'top_block_i/util_ds_buf_2/OBUF_IN[2]' is not directly connected to top level port. Synthesis is ignored for SLEW but preserved for implementation.
WARNING: [Constraints 18-550] Could not create 'SLEW' constraint because net 'top_block_i/util_ds_buf_2/OBUF_IN[3]' is not directly connected to top level port. Synthesis is ignored for SLEW but preserved for implementation.
WARNING: [Constraints 18-550] Could not create 'SLEW' constraint because net 'top_block_i/util_ds_buf_3/OBUF_IN[0]' is not directly connected to top level port. Synthesis is ignored for SLEW but preserved for implementation.
WARNING: [Constraints 18-550] Could not create 'SLEW' constraint because net 'top_block_i/util_ds_buf_4/OBUF_IN[0]' is not directly connected to top level port. Synthesis is ignored for SLEW but preserved for implementation.
INFO: [Chipscope 16-324] Core: top_block_i/reset/vio_0 UUID: 499384b9-f309-5737-b91f-db55ccc11929 
Parsing XDC File [/home/nagafusa/work/spadi/Fakernet/SAMIDARE/samidare.gen/sources_1/bd/top_block/ip/top_block_clk_wiz_1_0/top_block_clk_wiz_1_0.xdc] for cell 'top_block_i/clk_wiz_1/inst'
Finished Parsing XDC File [/home/nagafusa/work/spadi/Fakernet/SAMIDARE/samidare.gen/sources_1/bd/top_block/ip/top_block_clk_wiz_1_0/top_block_clk_wiz_1_0.xdc] for cell 'top_block_i/clk_wiz_1/inst'
Parsing XDC File [/home/nagafusa/work/spadi/Fakernet/SAMIDARE/samidare.srcs/sources_1/ip/gig_ethernet_pcs_pma_0_2/synth/gig_ethernet_pcs_pma_0_clocks.xdc] for cell 'top_block_i/fakernet/gig_ethernet_pcs_pma_0/inst/core_support_i/pcs_pma_i/inst'
Finished Parsing XDC File [/home/nagafusa/work/spadi/Fakernet/SAMIDARE/samidare.srcs/sources_1/ip/gig_ethernet_pcs_pma_0_2/synth/gig_ethernet_pcs_pma_0_clocks.xdc] for cell 'top_block_i/fakernet/gig_ethernet_pcs_pma_0/inst/core_support_i/pcs_pma_i/inst'
Parsing XDC File [/home/nagafusa/work/spadi/Fakernet/SAMIDARE/samidare.srcs/sources_1/ip/gig_ethernet_pcs_pma_0_2/gig_ethernet_pcs_pma_0_board.xdc] for cell 'top_block_i/fakernet/gig_ethernet_pcs_pma_0/inst/core_support_i/pcs_pma_i/inst'
Finished Parsing XDC File [/home/nagafusa/work/spadi/Fakernet/SAMIDARE/samidare.srcs/sources_1/ip/gig_ethernet_pcs_pma_0_2/gig_ethernet_pcs_pma_0_board.xdc] for cell 'top_block_i/fakernet/gig_ethernet_pcs_pma_0/inst/core_support_i/pcs_pma_i/inst'
Parsing XDC File [/home/nagafusa/work/spadi/Fakernet/SAMIDARE/samidare.gen/sources_1/bd/top_block/ip/top_block_clk_wiz_2_0/top_block_clk_wiz_2_0.xdc] for cell 'top_block_i/clk_wiz_2/inst'
INFO: [Timing 38-35] Done setting XDC timing constraints. [/home/nagafusa/work/spadi/Fakernet/SAMIDARE/samidare.gen/sources_1/bd/top_block/ip/top_block_clk_wiz_2_0/top_block_clk_wiz_2_0.xdc:57]
INFO: [Timing 38-2] Deriving generated clocks [/home/nagafusa/work/spadi/Fakernet/SAMIDARE/samidare.gen/sources_1/bd/top_block/ip/top_block_clk_wiz_2_0/top_block_clk_wiz_2_0.xdc:57]
Finished Parsing XDC File [/home/nagafusa/work/spadi/Fakernet/SAMIDARE/samidare.gen/sources_1/bd/top_block/ip/top_block_clk_wiz_2_0/top_block_clk_wiz_2_0.xdc] for cell 'top_block_i/clk_wiz_2/inst'
Parsing XDC File [/home/nagafusa/work/spadi/Fakernet/SAMIDARE/samidare.gen/sources_1/bd/top_block/ip/top_block_clk_wiz_2_0/top_block_clk_wiz_2_0_board.xdc] for cell 'top_block_i/clk_wiz_2/inst'
Finished Parsing XDC File [/home/nagafusa/work/spadi/Fakernet/SAMIDARE/samidare.gen/sources_1/bd/top_block/ip/top_block_clk_wiz_2_0/top_block_clk_wiz_2_0_board.xdc] for cell 'top_block_i/clk_wiz_2/inst'
Parsing XDC File [/home/nagafusa/work/spadi/Fakernet/SAMIDARE/samidare.gen/sources_1/bd/top_block/ip/top_block_util_ds_buf_4_0/top_block_util_ds_buf_4_0_board.xdc] for cell 'top_block_i/util_ds_buf_4/U0'
Finished Parsing XDC File [/home/nagafusa/work/spadi/Fakernet/SAMIDARE/samidare.gen/sources_1/bd/top_block/ip/top_block_util_ds_buf_4_0/top_block_util_ds_buf_4_0_board.xdc] for cell 'top_block_i/util_ds_buf_4/U0'
Parsing XDC File [/home/nagafusa/work/spadi/Fakernet/SAMIDARE/samidare.gen/sources_1/bd/top_block/ip/top_block_util_ds_buf_3_0/top_block_util_ds_buf_3_0_board.xdc] for cell 'top_block_i/util_ds_buf_3/U0'
Finished Parsing XDC File [/home/nagafusa/work/spadi/Fakernet/SAMIDARE/samidare.gen/sources_1/bd/top_block/ip/top_block_util_ds_buf_3_0/top_block_util_ds_buf_3_0_board.xdc] for cell 'top_block_i/util_ds_buf_3/U0'
Parsing XDC File [/home/nagafusa/work/spadi/Fakernet/SAMIDARE/samidare.gen/sources_1/bd/top_block/ip/top_block_util_ds_buf_2_0/top_block_util_ds_buf_2_0_board.xdc] for cell 'top_block_i/util_ds_buf_2/U0'
Finished Parsing XDC File [/home/nagafusa/work/spadi/Fakernet/SAMIDARE/samidare.gen/sources_1/bd/top_block/ip/top_block_util_ds_buf_2_0/top_block_util_ds_buf_2_0_board.xdc] for cell 'top_block_i/util_ds_buf_2/U0'
Parsing XDC File [/home/nagafusa/work/spadi/Fakernet/SAMIDARE/samidare.gen/sources_1/bd/top_block/ip/top_block_util_ds_buf_1_1/top_block_util_ds_buf_1_1_board.xdc] for cell 'top_block_i/util_ds_buf_1/U0'
Finished Parsing XDC File [/home/nagafusa/work/spadi/Fakernet/SAMIDARE/samidare.gen/sources_1/bd/top_block/ip/top_block_util_ds_buf_1_1/top_block_util_ds_buf_1_1_board.xdc] for cell 'top_block_i/util_ds_buf_1/U0'
Parsing XDC File [/home/nagafusa/work/spadi/Fakernet/SAMIDARE/samidare.gen/sources_1/bd/top_block/ip/top_block_util_ds_buf_0_1/top_block_util_ds_buf_0_1_board.xdc] for cell 'top_block_i/util_ds_buf_0/U0'
Finished Parsing XDC File [/home/nagafusa/work/spadi/Fakernet/SAMIDARE/samidare.gen/sources_1/bd/top_block/ip/top_block_util_ds_buf_0_1/top_block_util_ds_buf_0_1_board.xdc] for cell 'top_block_i/util_ds_buf_0/U0'
Parsing XDC File [/home/nagafusa/work/spadi/Fakernet/SAMIDARE/samidare.srcs/sources_1/ip/gig_ethernet_pcs_pma_0_gt/synth/gig_ethernet_pcs_pma_0_gt.xdc] for cell 'top_block_i/fakernet/gig_ethernet_pcs_pma_0/inst/core_support_i/gig_ethernet_pcs_pma_0_gt_i/inst'
Finished Parsing XDC File [/home/nagafusa/work/spadi/Fakernet/SAMIDARE/samidare.srcs/sources_1/ip/gig_ethernet_pcs_pma_0_gt/synth/gig_ethernet_pcs_pma_0_gt.xdc] for cell 'top_block_i/fakernet/gig_ethernet_pcs_pma_0/inst/core_support_i/gig_ethernet_pcs_pma_0_gt_i/inst'
Parsing XDC File [/home/nagafusa/work/spadi/Fakernet/SAMIDARE/samidare.gen/sources_1/bd/top_block/ip/top_block_clk_wiz_1_0/top_block_clk_wiz_1_0_board.xdc] for cell 'top_block_i/clk_wiz_1/inst'
Finished Parsing XDC File [/home/nagafusa/work/spadi/Fakernet/SAMIDARE/samidare.gen/sources_1/bd/top_block/ip/top_block_clk_wiz_1_0/top_block_clk_wiz_1_0_board.xdc] for cell 'top_block_i/clk_wiz_1/inst'
Parsing XDC File [/home/nagafusa/work/spadi/Fakernet/SAMIDARE/samidare.gen/sources_1/bd/top_block/ip/top_block_rst_clk_wiz_0_40M_3/top_block_rst_clk_wiz_0_40M_3.xdc] for cell 'top_block_i/rst_clk_wiz_0_40M/U0'
Finished Parsing XDC File [/home/nagafusa/work/spadi/Fakernet/SAMIDARE/samidare.gen/sources_1/bd/top_block/ip/top_block_rst_clk_wiz_0_40M_3/top_block_rst_clk_wiz_0_40M_3.xdc] for cell 'top_block_i/rst_clk_wiz_0_40M/U0'
Parsing XDC File [/home/nagafusa/work/spadi/Fakernet/SAMIDARE/samidare.gen/sources_1/bd/top_block/ip/top_block_rst_clk_wiz_0_40M_3/top_block_rst_clk_wiz_0_40M_3_board.xdc] for cell 'top_block_i/rst_clk_wiz_0_40M/U0'
Finished Parsing XDC File [/home/nagafusa/work/spadi/Fakernet/SAMIDARE/samidare.gen/sources_1/bd/top_block/ip/top_block_rst_clk_wiz_0_40M_3/top_block_rst_clk_wiz_0_40M_3_board.xdc] for cell 'top_block_i/rst_clk_wiz_0_40M/U0'
Parsing XDC File [/home/nagafusa/work/spadi/Fakernet/SAMIDARE/samidare.gen/sources_1/bd/top_block/ip/top_block_axi_iic_0_0/top_block_axi_iic_0_0_board.xdc] for cell 'top_block_i/SAMPA_I2C_wrapper/axi_iic_0/U0'
Finished Parsing XDC File [/home/nagafusa/work/spadi/Fakernet/SAMIDARE/samidare.gen/sources_1/bd/top_block/ip/top_block_axi_iic_0_0/top_block_axi_iic_0_0_board.xdc] for cell 'top_block_i/SAMPA_I2C_wrapper/axi_iic_0/U0'
Parsing XDC File [/home/nagafusa/work/spadi/Fakernet/SAMIDARE/samidare.gen/sources_1/bd/top_block/ip/top_block_rst_clk_wiz_0_125M_0/top_block_rst_clk_wiz_0_125M_0.xdc] for cell 'top_block_i/reset/rst_clk_wiz_0_125M/U0'
Finished Parsing XDC File [/home/nagafusa/work/spadi/Fakernet/SAMIDARE/samidare.gen/sources_1/bd/top_block/ip/top_block_rst_clk_wiz_0_125M_0/top_block_rst_clk_wiz_0_125M_0.xdc] for cell 'top_block_i/reset/rst_clk_wiz_0_125M/U0'
Parsing XDC File [/home/nagafusa/work/spadi/Fakernet/SAMIDARE/samidare.gen/sources_1/bd/top_block/ip/top_block_rst_clk_wiz_0_125M_0/top_block_rst_clk_wiz_0_125M_0_board.xdc] for cell 'top_block_i/reset/rst_clk_wiz_0_125M/U0'
Finished Parsing XDC File [/home/nagafusa/work/spadi/Fakernet/SAMIDARE/samidare.gen/sources_1/bd/top_block/ip/top_block_rst_clk_wiz_0_125M_0/top_block_rst_clk_wiz_0_125M_0_board.xdc] for cell 'top_block_i/reset/rst_clk_wiz_0_125M/U0'
Parsing XDC File [/home/nagafusa/work/spadi/Fakernet/SAMIDARE/samidare.gen/sources_1/bd/top_block/ip/top_block_vio_0_0/top_block_vio_0_0.xdc] for cell 'top_block_i/reset/vio_0'
Finished Parsing XDC File [/home/nagafusa/work/spadi/Fakernet/SAMIDARE/samidare.gen/sources_1/bd/top_block/ip/top_block_vio_0_0/top_block_vio_0_0.xdc] for cell 'top_block_i/reset/vio_0'
Parsing XDC File [/home/nagafusa/work/spadi/Fakernet/SAMIDARE/samidare.gen/sources_1/bd/top_block/ip/top_block_clk_wiz_0_0/top_block_clk_wiz_0_0.xdc] for cell 'top_block_i/clk_wiz_0/inst'
INFO: [Timing 38-2] Deriving generated clocks [/home/nagafusa/work/spadi/Fakernet/SAMIDARE/samidare.gen/sources_1/bd/top_block/ip/top_block_clk_wiz_0_0/top_block_clk_wiz_0_0.xdc:57]
Finished Parsing XDC File [/home/nagafusa/work/spadi/Fakernet/SAMIDARE/samidare.gen/sources_1/bd/top_block/ip/top_block_clk_wiz_0_0/top_block_clk_wiz_0_0.xdc] for cell 'top_block_i/clk_wiz_0/inst'
Parsing XDC File [/home/nagafusa/work/spadi/Fakernet/SAMIDARE/samidare.gen/sources_1/bd/top_block/ip/top_block_clk_wiz_0_0/top_block_clk_wiz_0_0_board.xdc] for cell 'top_block_i/clk_wiz_0/inst'
Finished Parsing XDC File [/home/nagafusa/work/spadi/Fakernet/SAMIDARE/samidare.gen/sources_1/bd/top_block/ip/top_block_clk_wiz_0_0/top_block_clk_wiz_0_0_board.xdc] for cell 'top_block_i/clk_wiz_0/inst'
Parsing XDC File [/home/nagafusa/work/spadi/Fakernet/SAMIDARE/samidare.srcs/constrs_1/new/GTH.xdc]
Finished Parsing XDC File [/home/nagafusa/work/spadi/Fakernet/SAMIDARE/samidare.srcs/constrs_1/new/GTH.xdc]
Parsing XDC File [/home/nagafusa/work/spadi/Fakernet/SAMIDARE/samidare.srcs/constrs_1/new/main_io.xdc]
WARNING: [Constraints 18-619] A clock with name 'BASECLK' already exists, overwriting the previous clock with the same name. [/home/nagafusa/work/spadi/Fakernet/SAMIDARE/samidare.srcs/constrs_1/new/main_io.xdc:23]
Finished Parsing XDC File [/home/nagafusa/work/spadi/Fakernet/SAMIDARE/samidare.srcs/constrs_1/new/main_io.xdc]
Parsing XDC File [/home/nagafusa/work/spadi/Fakernet/SAMIDARE/samidare.srcs/constrs_1/new/samidare_io.xdc]
CRITICAL WARNING: [Vivado 12-1419] Debug core 'u_ila_0' was not found. [/home/nagafusa/work/spadi/Fakernet/SAMIDARE/samidare.srcs/constrs_1/new/samidare_io.xdc:14]
WARNING: [Vivado 12-507] No nets matched 'top_block_i/SAMPA_PON_v1_0_0/inst/SAMPA_PON_v1_0_M00_AXI_inst/m00_axi_rdata[0]'. [/home/nagafusa/work/spadi/Fakernet/SAMIDARE/samidare.srcs/constrs_1/new/samidare_io.xdc:20]
CRITICAL WARNING: [Vivado 12-1419] Debug core 'u_ila_0' was not found. [/home/nagafusa/work/spadi/Fakernet/SAMIDARE/samidare.srcs/constrs_1/new/samidare_io.xdc:20]
WARNING: [Vivado 12-507] No nets matched 'top_block_i/SAMPA_PON_v1_0_0/inst/reads_done_reg'. [/home/nagafusa/work/spadi/Fakernet/SAMIDARE/samidare.srcs/constrs_1/new/samidare_io.xdc:21]
CRITICAL WARNING: [Vivado 12-1419] Debug core 'u_ila_0' was not found. [/home/nagafusa/work/spadi/Fakernet/SAMIDARE/samidare.srcs/constrs_1/new/samidare_io.xdc:21]
WARNING: [Vivado 12-507] No nets matched 'top_block_i/SAMPA_I2C_wrapper/I2C_Controller_v1_0_0/inst/I2C_Controller_v1_0_M01_AXI_inst/i2c_done'. [/home/nagafusa/work/spadi/Fakernet/SAMIDARE/samidare.srcs/constrs_1/new/samidare_io.xdc:27]
CRITICAL WARNING: [Vivado 12-1419] Debug core 'u_ila_0' was not found. [/home/nagafusa/work/spadi/Fakernet/SAMIDARE/samidare.srcs/constrs_1/new/samidare_io.xdc:27]
WARNING: [Vivado 12-507] No nets matched 'top_block_i/SAMPA_I2C_wrapper/I2C_Controller_v1_0_0/inst/I2C_Controller_v1_0_M01_AXI_inst/start_i2c_write'. [/home/nagafusa/work/spadi/Fakernet/SAMIDARE/samidare.srcs/constrs_1/new/samidare_io.xdc:28]
CRITICAL WARNING: [Vivado 12-1419] Debug core 'u_ila_0' was not found. [/home/nagafusa/work/spadi/Fakernet/SAMIDARE/samidare.srcs/constrs_1/new/samidare_io.xdc:28]
WARNING: [Vivado 12-507] No nets matched 'top_block_i/SAMPA_I2C_wrapper/I2C_iobuf/IOBUF_IO_O1[0]'. [/home/nagafusa/work/spadi/Fakernet/SAMIDARE/samidare.srcs/constrs_1/new/samidare_io.xdc:32]
CRITICAL WARNING: [Vivado 12-1419] Debug core 'u_ila_1' was not found. [/home/nagafusa/work/spadi/Fakernet/SAMIDARE/samidare.srcs/constrs_1/new/samidare_io.xdc:32]
WARNING: [Vivado 12-507] No nets matched 'top_block_i/SAMPA_I2C_wrapper/I2C_iobuf/IOBUF_IO_T1[0]'. [/home/nagafusa/work/spadi/Fakernet/SAMIDARE/samidare.srcs/constrs_1/new/samidare_io.xdc:33]
CRITICAL WARNING: [Vivado 12-1419] Debug core 'u_ila_1' was not found. [/home/nagafusa/work/spadi/Fakernet/SAMIDARE/samidare.srcs/constrs_1/new/samidare_io.xdc:33]
WARNING: [Vivado 12-507] No nets matched 'top_block_i/SAMPA_I2C_wrapper/I2C_iobuf/IOBUF_IO_O[0]'. [/home/nagafusa/work/spadi/Fakernet/SAMIDARE/samidare.srcs/constrs_1/new/samidare_io.xdc:34]
CRITICAL WARNING: [Vivado 12-1419] Debug core 'u_ila_1' was not found. [/home/nagafusa/work/spadi/Fakernet/SAMIDARE/samidare.srcs/constrs_1/new/samidare_io.xdc:34]
WARNING: [Vivado 12-507] No nets matched 'top_block_i/SAMPA_I2C_wrapper/I2C_iobuf/IOBUF_IO_T[0]'. [/home/nagafusa/work/spadi/Fakernet/SAMIDARE/samidare.srcs/constrs_1/new/samidare_io.xdc:35]
CRITICAL WARNING: [Vivado 12-1419] Debug core 'u_ila_1' was not found. [/home/nagafusa/work/spadi/Fakernet/SAMIDARE/samidare.srcs/constrs_1/new/samidare_io.xdc:35]
WARNING: [Vivado 12-507] No nets matched 'top_block_i/SAMPA_I2C_wrapper/I2C_Controller_v1_0_0/m00_axi_araddr[0]'. [/home/nagafusa/work/spadi/Fakernet/SAMIDARE/samidare.srcs/constrs_1/new/samidare_io.xdc:39]
WARNING: [Vivado 12-507] No nets matched 'top_block_i/SAMPA_I2C_wrapper/I2C_Controller_v1_0_0/m00_axi_araddr[1]'. [/home/nagafusa/work/spadi/Fakernet/SAMIDARE/samidare.srcs/constrs_1/new/samidare_io.xdc:39]
CRITICAL WARNING: [Vivado 12-1419] Debug core 'u_ila_0' was not found. [/home/nagafusa/work/spadi/Fakernet/SAMIDARE/samidare.srcs/constrs_1/new/samidare_io.xdc:39]
CRITICAL WARNING: [Vivado 12-1419] Debug core 'u_ila_1' was not found. [/home/nagafusa/work/spadi/Fakernet/SAMIDARE/samidare.srcs/constrs_1/new/samidare_io.xdc:41]
CRITICAL WARNING: [Vivado 12-1419] Debug core 'u_ila_1' was not found. [/home/nagafusa/work/spadi/Fakernet/SAMIDARE/samidare.srcs/constrs_1/new/samidare_io.xdc:42]
CRITICAL WARNING: [Vivado 12-1419] Debug core 'u_ila_1' was not found. [/home/nagafusa/work/spadi/Fakernet/SAMIDARE/samidare.srcs/constrs_1/new/samidare_io.xdc:43]
CRITICAL WARNING: [Vivado 12-1419] Debug core 'u_ila_1' was not found. [/home/nagafusa/work/spadi/Fakernet/SAMIDARE/samidare.srcs/constrs_1/new/samidare_io.xdc:44]
CRITICAL WARNING: [Vivado 12-1419] Debug core 'u_ila_1' was not found. [/home/nagafusa/work/spadi/Fakernet/SAMIDARE/samidare.srcs/constrs_1/new/samidare_io.xdc:45]
Finished Parsing XDC File [/home/nagafusa/work/spadi/Fakernet/SAMIDARE/samidare.srcs/constrs_1/new/samidare_io.xdc]
Parsing XDC File [/home/nagafusa/work/spadi/Fakernet/SAMIDARE/samidare.srcs/sources_1/ip/gig_ethernet_pcs_pma_0_2/synth/gig_ethernet_pcs_pma_0.xdc] for cell 'top_block_i/fakernet/gig_ethernet_pcs_pma_0/inst/core_support_i/pcs_pma_i/inst'
Finished Parsing XDC File [/home/nagafusa/work/spadi/Fakernet/SAMIDARE/samidare.srcs/sources_1/ip/gig_ethernet_pcs_pma_0_2/synth/gig_ethernet_pcs_pma_0.xdc] for cell 'top_block_i/fakernet/gig_ethernet_pcs_pma_0/inst/core_support_i/pcs_pma_i/inst'
INFO: [Project 1-1714] 1 XPM XDC files have been applied to the design.
INFO: [Opt 31-138] Pushed 0 inverter(s) to 0 load pin(s).
INFO: [Opt 31-422] The CLOCK_DOMAINS attribute on the BRAM cell top_block_i/reg_bram/blk_mem_gen_0/U0/inst_blk_mem_gen/gnbram.gnative_mem_map_bmg.native_mem_map_blk_mem_gen/valid.cstr/ramloop[0].ram.r/prim_noinit.ram/DEVICE_8SERIES.WITH_BMM_INFO.TRUE_DP.SIMPLE_PRIM36.SERIES8_TDP_SP36_NO_ECC_ATTR.ram has been changed from INDEPENDENT to COMMON to match the clocking topology used for the BRAM.
INFO: [Opt 31-422] The CLOCK_DOMAINS attribute on the BRAM cell top_block_i/reg_bram/blk_mem_gen_0/U0/inst_blk_mem_gen/gnbram.gnative_mem_map_bmg.native_mem_map_blk_mem_gen/valid.cstr/ramloop[10].ram.r/prim_noinit.ram/DEVICE_8SERIES.WITH_BMM_INFO.TRUE_DP.SIMPLE_PRIM36.SERIES8_TDP_SP36_NO_ECC_ATTR.ram has been changed from INDEPENDENT to COMMON to match the clocking topology used for the BRAM.
INFO: [Opt 31-422] The CLOCK_DOMAINS attribute on the BRAM cell top_block_i/reg_bram/blk_mem_gen_0/U0/inst_blk_mem_gen/gnbram.gnative_mem_map_bmg.native_mem_map_blk_mem_gen/valid.cstr/ramloop[11].ram.r/prim_noinit.ram/DEVICE_8SERIES.WITH_BMM_INFO.TRUE_DP.SIMPLE_PRIM36.SERIES8_TDP_SP36_NO_ECC_ATTR.ram has been changed from INDEPENDENT to COMMON to match the clocking topology used for the BRAM.
INFO: [Opt 31-422] The CLOCK_DOMAINS attribute on the BRAM cell top_block_i/reg_bram/blk_mem_gen_0/U0/inst_blk_mem_gen/gnbram.gnative_mem_map_bmg.native_mem_map_blk_mem_gen/valid.cstr/ramloop[12].ram.r/prim_noinit.ram/DEVICE_8SERIES.WITH_BMM_INFO.TRUE_DP.SIMPLE_PRIM36.SERIES8_TDP_SP36_NO_ECC_ATTR.ram has been changed from INDEPENDENT to COMMON to match the clocking topology used for the BRAM.
INFO: [Opt 31-422] The CLOCK_DOMAINS attribute on the BRAM cell top_block_i/reg_bram/blk_mem_gen_0/U0/inst_blk_mem_gen/gnbram.gnative_mem_map_bmg.native_mem_map_blk_mem_gen/valid.cstr/ramloop[13].ram.r/prim_noinit.ram/DEVICE_8SERIES.WITH_BMM_INFO.TRUE_DP.SIMPLE_PRIM36.SERIES8_TDP_SP36_NO_ECC_ATTR.ram has been changed from INDEPENDENT to COMMON to match the clocking topology used for the BRAM.
INFO: [Opt 31-422] The CLOCK_DOMAINS attribute on the BRAM cell top_block_i/reg_bram/blk_mem_gen_0/U0/inst_blk_mem_gen/gnbram.gnative_mem_map_bmg.native_mem_map_blk_mem_gen/valid.cstr/ramloop[14].ram.r/prim_noinit.ram/DEVICE_8SERIES.WITH_BMM_INFO.TRUE_DP.SIMPLE_PRIM36.SERIES8_TDP_SP36_NO_ECC_ATTR.ram has been changed from INDEPENDENT to COMMON to match the clocking topology used for the BRAM.
INFO: [Opt 31-422] The CLOCK_DOMAINS attribute on the BRAM cell top_block_i/reg_bram/blk_mem_gen_0/U0/inst_blk_mem_gen/gnbram.gnative_mem_map_bmg.native_mem_map_blk_mem_gen/valid.cstr/ramloop[15].ram.r/prim_noinit.ram/DEVICE_8SERIES.WITH_BMM_INFO.TRUE_DP.SIMPLE_PRIM36.SERIES8_TDP_SP36_NO_ECC_ATTR.ram has been changed from INDEPENDENT to COMMON to match the clocking topology used for the BRAM.
INFO: [Opt 31-422] The CLOCK_DOMAINS attribute on the BRAM cell top_block_i/reg_bram/blk_mem_gen_0/U0/inst_blk_mem_gen/gnbram.gnative_mem_map_bmg.native_mem_map_blk_mem_gen/valid.cstr/ramloop[1].ram.r/prim_noinit.ram/DEVICE_8SERIES.WITH_BMM_INFO.TRUE_DP.SIMPLE_PRIM36.SERIES8_TDP_SP36_NO_ECC_ATTR.ram has been changed from INDEPENDENT to COMMON to match the clocking topology used for the BRAM.
INFO: [Opt 31-422] The CLOCK_DOMAINS attribute on the BRAM cell top_block_i/reg_bram/blk_mem_gen_0/U0/inst_blk_mem_gen/gnbram.gnative_mem_map_bmg.native_mem_map_blk_mem_gen/valid.cstr/ramloop[2].ram.r/prim_noinit.ram/DEVICE_8SERIES.WITH_BMM_INFO.TRUE_DP.SIMPLE_PRIM36.SERIES8_TDP_SP36_NO_ECC_ATTR.ram has been changed from INDEPENDENT to COMMON to match the clocking topology used for the BRAM.
INFO: [Opt 31-422] The CLOCK_DOMAINS attribute on the BRAM cell top_block_i/reg_bram/blk_mem_gen_0/U0/inst_blk_mem_gen/gnbram.gnative_mem_map_bmg.native_mem_map_blk_mem_gen/valid.cstr/ramloop[3].ram.r/prim_noinit.ram/DEVICE_8SERIES.WITH_BMM_INFO.TRUE_DP.SIMPLE_PRIM36.SERIES8_TDP_SP36_NO_ECC_ATTR.ram has been changed from INDEPENDENT to COMMON to match the clocking topology used for the BRAM.
INFO: [Opt 31-422] The CLOCK_DOMAINS attribute on the BRAM cell top_block_i/reg_bram/blk_mem_gen_0/U0/inst_blk_mem_gen/gnbram.gnative_mem_map_bmg.native_mem_map_blk_mem_gen/valid.cstr/ramloop[4].ram.r/prim_noinit.ram/DEVICE_8SERIES.WITH_BMM_INFO.TRUE_DP.SIMPLE_PRIM36.SERIES8_TDP_SP36_NO_ECC_ATTR.ram has been changed from INDEPENDENT to COMMON to match the clocking topology used for the BRAM.
INFO: [Opt 31-422] The CLOCK_DOMAINS attribute on the BRAM cell top_block_i/reg_bram/blk_mem_gen_0/U0/inst_blk_mem_gen/gnbram.gnative_mem_map_bmg.native_mem_map_blk_mem_gen/valid.cstr/ramloop[5].ram.r/prim_noinit.ram/DEVICE_8SERIES.WITH_BMM_INFO.TRUE_DP.SIMPLE_PRIM36.SERIES8_TDP_SP36_NO_ECC_ATTR.ram has been changed from INDEPENDENT to COMMON to match the clocking topology used for the BRAM.
INFO: [Opt 31-422] The CLOCK_DOMAINS attribute on the BRAM cell top_block_i/reg_bram/blk_mem_gen_0/U0/inst_blk_mem_gen/gnbram.gnative_mem_map_bmg.native_mem_map_blk_mem_gen/valid.cstr/ramloop[6].ram.r/prim_noinit.ram/DEVICE_8SERIES.WITH_BMM_INFO.TRUE_DP.SIMPLE_PRIM36.SERIES8_TDP_SP36_NO_ECC_ATTR.ram has been changed from INDEPENDENT to COMMON to match the clocking topology used for the BRAM.
INFO: [Opt 31-422] The CLOCK_DOMAINS attribute on the BRAM cell top_block_i/reg_bram/blk_mem_gen_0/U0/inst_blk_mem_gen/gnbram.gnative_mem_map_bmg.native_mem_map_blk_mem_gen/valid.cstr/ramloop[7].ram.r/prim_noinit.ram/DEVICE_8SERIES.WITH_BMM_INFO.TRUE_DP.SIMPLE_PRIM36.SERIES8_TDP_SP36_NO_ECC_ATTR.ram has been changed from INDEPENDENT to COMMON to match the clocking topology used for the BRAM.
INFO: [Opt 31-422] The CLOCK_DOMAINS attribute on the BRAM cell top_block_i/reg_bram/blk_mem_gen_0/U0/inst_blk_mem_gen/gnbram.gnative_mem_map_bmg.native_mem_map_blk_mem_gen/valid.cstr/ramloop[8].ram.r/prim_noinit.ram/DEVICE_8SERIES.WITH_BMM_INFO.TRUE_DP.SIMPLE_PRIM36.SERIES8_TDP_SP36_NO_ECC_ATTR.ram has been changed from INDEPENDENT to COMMON to match the clocking topology used for the BRAM.
INFO: [Opt 31-422] The CLOCK_DOMAINS attribute on the BRAM cell top_block_i/reg_bram/blk_mem_gen_0/U0/inst_blk_mem_gen/gnbram.gnative_mem_map_bmg.native_mem_map_blk_mem_gen/valid.cstr/ramloop[9].ram.r/prim_noinit.ram/DEVICE_8SERIES.WITH_BMM_INFO.TRUE_DP.SIMPLE_PRIM36.SERIES8_TDP_SP36_NO_ECC_ATTR.ram has been changed from INDEPENDENT to COMMON to match the clocking topology used for the BRAM.
INFO: [Project 1-1687] 22 scoped IP constraints or related sub-commands were skipped due to synthesis logic optimizations usually triggered by constant connectivity or unconnected output pins. To review the skipped constraints and messages, run the command 'set_param netlist.IPMsgFiltering false' before opening the design.
Netlist sorting complete. Time (s): cpu = 00:00:00 ; elapsed = 00:00:00 . Memory (MB): peak = 9379.363 ; gain = 0.000 ; free physical = 38398 ; free virtual = 57537
INFO: [Project 1-111] Unisim Transformation Summary:
  A total of 53 instances were transformed.
  FDCPE => FDCPE (FDCE, FDPE, LDCE, LUT3, VCC): 5 instances
  IBUF => IBUF (IBUFCTRL, INBUF): 18 instances
  IOBUF => IOBUF (IBUFCTRL, INBUF, OBUFT): 2 instances
  OBUFDS => OBUFDS_DUAL_BUF (INV, OBUF(x2)): 14 instances
  RAM16X1D => RAM32X1D (RAMD32(x2)): 10 instances
  RAM32M => RAM32M (RAMD32(x6), RAMS32(x2)): 2 instances
  RAM32M16 => RAM32M16 (RAMD32(x14), RAMS32(x2)): 2 instances

open_run: Time (s): cpu = 00:00:18 ; elapsed = 00:00:10 . Memory (MB): peak = 9816.719 ; gain = 880.691 ; free physical = 38020 ; free virtual = 57159
delete_debug_core [get_debug_cores {u_ila_0 }]
create_debug_core u_ila_0 ila
set_property C_DATA_DEPTH 1024 [get_debug_cores u_ila_0]
set_property C_TRIGIN_EN false [get_debug_cores u_ila_0]
set_property C_TRIGOUT_EN false [get_debug_cores u_ila_0]
set_property C_ADV_TRIGGER false [get_debug_cores u_ila_0]
set_property C_INPUT_PIPE_STAGES 0 [get_debug_cores u_ila_0]
set_property C_EN_STRG_QUAL false [get_debug_cores u_ila_0]
set_property ALL_PROBE_SAME_MU true [get_debug_cores u_ila_0]
set_property ALL_PROBE_SAME_MU_CNT 1 [get_debug_cores u_ila_0]
create_debug_core u_ila_1 ila
set_property C_DATA_DEPTH 1024 [get_debug_cores u_ila_1]
set_property C_TRIGIN_EN false [get_debug_cores u_ila_1]
set_property C_TRIGOUT_EN false [get_debug_cores u_ila_1]
set_property C_ADV_TRIGGER false [get_debug_cores u_ila_1]
set_property C_INPUT_PIPE_STAGES 0 [get_debug_cores u_ila_1]
set_property C_EN_STRG_QUAL false [get_debug_cores u_ila_1]
set_property ALL_PROBE_SAME_MU true [get_debug_cores u_ila_1]
set_property ALL_PROBE_SAME_MU_CNT 1 [get_debug_cores u_ila_1]
connect_debug_port u_ila_0/clk [get_nets [list top_block_i/clk_wiz_0/inst/clk_out1 ]]
connect_debug_port u_ila_1/clk [get_nets [list top_block_i/clk_wiz_2/inst/clk_out1 ]]
set_property port_width 1 [get_debug_ports u_ila_0/probe0]
set_property PROBE_TYPE DATA_AND_TRIGGER [get_debug_ports u_ila_0/probe0]
connect_debug_port u_ila_0/probe0 [get_nets [list top_block_i/iobuf_vhdl_0/i ]]
create_debug_port u_ila_0 probe
set_property port_width 1 [get_debug_ports u_ila_0/probe1]
set_property PROBE_TYPE DATA_AND_TRIGGER [get_debug_ports u_ila_0/probe1]
connect_debug_port u_ila_0/probe1 [get_nets [list top_block_i/iobuf_vhdl_1/i ]]
create_debug_port u_ila_0 probe
set_property port_width 1 [get_debug_ports u_ila_0/probe2]
set_property PROBE_TYPE DATA_AND_TRIGGER [get_debug_ports u_ila_0/probe2]
connect_debug_port u_ila_0/probe2 [get_nets [list top_block_i/iobuf_vhdl_0/o ]]
create_debug_port u_ila_0 probe
set_property port_width 1 [get_debug_ports u_ila_0/probe3]
set_property PROBE_TYPE DATA_AND_TRIGGER [get_debug_ports u_ila_0/probe3]
connect_debug_port u_ila_0/probe3 [get_nets [list top_block_i/iobuf_vhdl_1/o ]]
create_debug_port u_ila_0 probe
set_property port_width 1 [get_debug_ports u_ila_0/probe4]
set_property PROBE_TYPE DATA_AND_TRIGGER [get_debug_ports u_ila_0/probe4]
connect_debug_port u_ila_0/probe4 [get_nets [list top_block_i/iobuf_vhdl_0/t ]]
create_debug_port u_ila_0 probe
set_property port_width 1 [get_debug_ports u_ila_0/probe5]
set_property PROBE_TYPE DATA_AND_TRIGGER [get_debug_ports u_ila_0/probe5]
connect_debug_port u_ila_0/probe5 [get_nets [list top_block_i/iobuf_vhdl_1/t ]]
set_property port_width 4 [get_debug_ports u_ila_1/probe0]
set_property PROBE_TYPE DATA_AND_TRIGGER [get_debug_ports u_ila_1/probe0]
connect_debug_port u_ila_1/probe0 [get_nets [list {top_block_i/util_vector_logic_1/Res[0]} {top_block_i/util_vector_logic_1/Res[1]} {top_block_i/util_vector_logic_1/Res[2]} {top_block_i/util_vector_logic_1/Res[3]} ]]
save_constraints
launch_runs impl_1 -to_step write_bitstream -jobs 32
INFO: [Vivado 12-4149] The synthesis checkpoint for IP '/home/nagafusa/work/spadi/Fakernet/SAMIDARE/samidare.srcs/sources_1/ip/gig_ethernet_pcs_pma_0_2/gig_ethernet_pcs_pma_0.xci' is already up-to-date
INFO: [Timing 38-480] Writing timing data to binary archive.
Writing XDEF routing.
Writing XDEF routing logical nets.
Writing XDEF routing special nets.
Write XDEF Complete: Time (s): cpu = 00:00:00.13 ; elapsed = 00:00:00.03 . Memory (MB): peak = 9816.719 ; gain = 0.000 ; free physical = 38063 ; free virtual = 57204
WARNING: [Common 17-210] 'write_hwdef' is deprecated.
[Sat Aug 10 13:09:14 2024] Launched impl_1...
Run output will be captured here: /home/nagafusa/work/spadi/Fakernet/SAMIDARE/samidare.runs/impl_1/runme.log
open_hw_manager
connect_hw_server -allow_non_jtag
INFO: [Labtools 27-2285] Connecting to hw_server url TCP:localhost:3121
INFO: [Labtools 27-3415] Connecting to cs_server url TCP:localhost:0
INFO: [Labtools 27-3417] Launching cs_server...
INFO: [Labtools 27-2221] Launch Output:


******** Xilinx cs_server v2022.2.0
  ****** Build date   : Oct 05 2022-08:25:37
    **** Build number : 2022.2.1664925937
      ** Copyright 2017-2024 Xilinx, Inc. All Rights Reserved.



open_hw_target
INFO: [Labtoolstcl 44-466] Opening hw_target localhost:3121/xilinx_tcf/Xilinx/000013e24a8f01
set_property PROGRAM.FILE {/home/nagafusa/work/spadi/Fakernet/SAMIDARE/samidare.runs/impl_1/top_block_wrapper.bit} [get_hw_devices xcau15p_0]
set_property PROBES.FILE {/home/nagafusa/work/spadi/Fakernet/SAMIDARE/samidare.runs/impl_1/top_block_wrapper.ltx} [get_hw_devices xcau15p_0]
set_property FULL_PROBES.FILE {/home/nagafusa/work/spadi/Fakernet/SAMIDARE/samidare.runs/impl_1/top_block_wrapper.ltx} [get_hw_devices xcau15p_0]
current_hw_device [get_hw_devices xcau15p_0]
refresh_hw_device [lindex [get_hw_devices xcau15p_0] 0]
INFO: [Labtools 27-2302] Device xcau15p (JTAG device index = 0) is programmed with a design that has 1 ILA core(s).
INFO: [Labtools 27-2302] Device xcau15p (JTAG device index = 0) is programmed with a design that has 1 VIO core(s).
WARNING: [Labtools 27-3413] Dropping logic core with cellname:'u_ila_1' at location 'uuid_3B505A030738513C98471D25F5B1F848' from probes file, since it cannot be found on the programmed device.
display_hw_ila_data [ get_hw_ila_data hw_ila_data_1 -of_objects [get_hw_ilas -of_objects [get_hw_devices xcau15p_0] -filter {CELL_NAME=~"u_ila_0"}]]
set_property PROBES.FILE {/home/nagafusa/work/spadi/Fakernet/SAMIDARE/samidare.runs/impl_1/top_block_wrapper.ltx} [get_hw_devices xcau15p_0]
set_property FULL_PROBES.FILE {/home/nagafusa/work/spadi/Fakernet/SAMIDARE/samidare.runs/impl_1/top_block_wrapper.ltx} [get_hw_devices xcau15p_0]
set_property PROGRAM.FILE {/home/nagafusa/work/spadi/Fakernet/SAMIDARE/samidare.runs/impl_1/top_block_wrapper.bit} [get_hw_devices xcau15p_0]
program_hw_devices [get_hw_devices xcau15p_0]
INFO: [Labtools 27-3164] End of startup status: HIGH
program_hw_devices: Time (s): cpu = 00:00:16 ; elapsed = 00:00:15 . Memory (MB): peak = 11845.191 ; gain = 0.000 ; free physical = 35836 ; free virtual = 55080
refresh_hw_device [lindex [get_hw_devices xcau15p_0] 0]
INFO: [Labtools 27-2302] Device xcau15p (JTAG device index = 0) is programmed with a design that has 2 ILA core(s).
INFO: [Labtools 27-2302] Device xcau15p (JTAG device index = 0) is programmed with a design that has 1 VIO core(s).
display_hw_ila_data [ get_hw_ila_data hw_ila_data_2 -of_objects [get_hw_ilas -of_objects [get_hw_devices xcau15p_0] -filter {CELL_NAME=~"u_ila_1"}]]
WARNING: Simulation object top_block_i/SAMPA_I2C_wrapper/I2C_Controller_v1_0_0/m01_axi_araddr was not found in the design.
WARNING: Simulation object top_block_i/SAMPA_I2C_wrapper/I2C_Controller_v1_0_0/m01_axi_arready was not found in the design.
WARNING: Simulation object top_block_i/SAMPA_I2C_wrapper/I2C_Controller_v1_0_0/m01_axi_arvalid was not found in the design.
WARNING: Simulation object top_block_i/SAMPA_I2C_wrapper/I2C_Controller_v1_0_0/m01_axi_awaddr was not found in the design.
WARNING: Simulation object top_block_i/SAMPA_I2C_wrapper/I2C_Controller_v1_0_0/m01_axi_awready was not found in the design.
WARNING: Simulation object top_block_i/SAMPA_I2C_wrapper/I2C_Controller_v1_0_0/m01_axi_awvalid was not found in the design.
WARNING: Simulation object top_block_i/SAMPA_I2C_wrapper/I2C_Controller_v1_0_0/m01_axi_bready was not found in the design.
WARNING: Simulation object top_block_i/SAMPA_I2C_wrapper/I2C_Controller_v1_0_0/m01_axi_bvalid was not found in the design.
WARNING: Simulation object top_block_i/SAMPA_I2C_wrapper/I2C_Controller_v1_0_0/m01_axi_rdata_1 was not found in the design.
WARNING: Simulation object top_block_i/SAMPA_I2C_wrapper/I2C_Controller_v1_0_0/m01_axi_rready was not found in the design.
WARNING: Simulation object top_block_i/SAMPA_I2C_wrapper/I2C_Controller_v1_0_0/m01_axi_rvalid was not found in the design.
WARNING: Simulation object top_block_i/SAMPA_I2C_wrapper/I2C_Controller_v1_0_0/m01_axi_txn_done was not found in the design.
WARNING: Simulation object top_block_i/SAMPA_I2C_wrapper/I2C_Controller_v1_0_0/m01_axi_wdata was not found in the design.
add_wave -into {hw_ila_data_2.wcfg} -radix hex { {top_block_i/util_vector_logic_1/Res} }
run_hw_ila [get_hw_ilas -of_objects [get_hw_devices xcau15p_0] -filter {CELL_NAME=~"u_ila_1"}] -trigger_now
ERROR: [Labtools 27-3428] Ila core [hw_ila_2] clock has stopped. Unable to arm ILA core.
run_hw_ila [get_hw_ilas -of_objects [get_hw_devices xcau15p_0] -filter {CELL_NAME=~"u_ila_0"}]
INFO: [Labtools 27-1964] The ILA core 'hw_ila_1' trigger was armed at 2024-Aug-10 13:14:10
wait_on_hw_ila [get_hw_ilas -of_objects [get_hw_devices xcau15p_0] -filter {CELL_NAME=~"u_ila_0"}]
display_hw_ila_data [upload_hw_ila_data [get_hw_ilas -of_objects [get_hw_devices xcau15p_0] -filter {CELL_NAME=~"u_ila_0"}]]
INFO: [Labtools 27-1966] The ILA core 'hw_ila_1' triggered at 2024-Aug-10 13:15:01
INFO: [Labtools 27-3304] ILA Waveform data saved to file /home/nagafusa/work/spadi/Fakernet/SAMIDARE/samidare.hw/backup/hw_ila_data_1.ila. Use Tcl command 'read_hw_ila_data' or Vivado File->Import->Import ILA Data menu item to import the previously saved data.
delete_debug_core [get_debug_cores {u_ila_0 u_ila_1 }]
create_debug_core u_ila_0 ila
set_property C_DATA_DEPTH 16384 [get_debug_cores u_ila_0]
set_property C_TRIGIN_EN false [get_debug_cores u_ila_0]
set_property C_TRIGOUT_EN false [get_debug_cores u_ila_0]
set_property C_ADV_TRIGGER false [get_debug_cores u_ila_0]
set_property C_INPUT_PIPE_STAGES 0 [get_debug_cores u_ila_0]
set_property C_EN_STRG_QUAL false [get_debug_cores u_ila_0]
set_property ALL_PROBE_SAME_MU true [get_debug_cores u_ila_0]
set_property ALL_PROBE_SAME_MU_CNT 1 [get_debug_cores u_ila_0]
connect_debug_port u_ila_0/clk [get_nets [list top_block_i/clk_wiz_0/inst/clk_out1 ]]
set_property port_width 4 [get_debug_ports u_ila_0/probe0]
set_property PROBE_TYPE DATA_AND_TRIGGER [get_debug_ports u_ila_0/probe0]
connect_debug_port u_ila_0/probe0 [get_nets [list {top_block_i/util_vector_logic_1/Res[0]} {top_block_i/util_vector_logic_1/Res[1]} {top_block_i/util_vector_logic_1/Res[2]} {top_block_i/util_vector_logic_1/Res[3]} ]]
create_debug_port u_ila_0 probe
set_property port_width 1 [get_debug_ports u_ila_0/probe1]
set_property PROBE_TYPE DATA_AND_TRIGGER [get_debug_ports u_ila_0/probe1]
connect_debug_port u_ila_0/probe1 [get_nets [list top_block_i/iobuf_vhdl_0/i ]]
create_debug_port u_ila_0 probe
set_property port_width 1 [get_debug_ports u_ila_0/probe2]
set_property PROBE_TYPE DATA_AND_TRIGGER [get_debug_ports u_ila_0/probe2]
connect_debug_port u_ila_0/probe2 [get_nets [list top_block_i/iobuf_vhdl_1/i ]]
create_debug_port u_ila_0 probe
set_property port_width 1 [get_debug_ports u_ila_0/probe3]
set_property PROBE_TYPE DATA_AND_TRIGGER [get_debug_ports u_ila_0/probe3]
connect_debug_port u_ila_0/probe3 [get_nets [list top_block_i/iobuf_vhdl_0/o ]]
create_debug_port u_ila_0 probe
set_property port_width 1 [get_debug_ports u_ila_0/probe4]
set_property PROBE_TYPE DATA_AND_TRIGGER [get_debug_ports u_ila_0/probe4]
connect_debug_port u_ila_0/probe4 [get_nets [list top_block_i/iobuf_vhdl_1/o ]]
create_debug_port u_ila_0 probe
set_property port_width 1 [get_debug_ports u_ila_0/probe5]
set_property PROBE_TYPE DATA_AND_TRIGGER [get_debug_ports u_ila_0/probe5]
connect_debug_port u_ila_0/probe5 [get_nets [list top_block_i/iobuf_vhdl_0/t ]]
create_debug_port u_ila_0 probe
set_property port_width 1 [get_debug_ports u_ila_0/probe6]
set_property PROBE_TYPE DATA_AND_TRIGGER [get_debug_ports u_ila_0/probe6]
connect_debug_port u_ila_0/probe6 [get_nets [list top_block_i/iobuf_vhdl_1/t ]]
save_constraints
reset_run impl_1
launch_runs impl_1 -to_step write_bitstream -jobs 32
INFO: [Vivado 12-4149] The synthesis checkpoint for IP '/home/nagafusa/work/spadi/Fakernet/SAMIDARE/samidare.srcs/sources_1/ip/gig_ethernet_pcs_pma_0_2/gig_ethernet_pcs_pma_0.xci' is already up-to-date
INFO: [Timing 38-480] Writing timing data to binary archive.
Writing XDEF routing.
Writing XDEF routing logical nets.
Writing XDEF routing special nets.
Write XDEF Complete: Time (s): cpu = 00:00:00.14 ; elapsed = 00:00:00.03 . Memory (MB): peak = 11854.141 ; gain = 0.000 ; free physical = 35894 ; free virtual = 55083
WARNING: [Common 17-210] 'write_hwdef' is deprecated.
[Sat Aug 10 13:16:24 2024] Launched impl_1...
Run output will be captured here: /home/nagafusa/work/spadi/Fakernet/SAMIDARE/samidare.runs/impl_1/runme.log
set_property PROBES.FILE {/home/nagafusa/work/spadi/Fakernet/SAMIDARE/samidare.runs/impl_1/top_block_wrapper.ltx} [get_hw_devices xcau15p_0]
set_property FULL_PROBES.FILE {/home/nagafusa/work/spadi/Fakernet/SAMIDARE/samidare.runs/impl_1/top_block_wrapper.ltx} [get_hw_devices xcau15p_0]
set_property PROGRAM.FILE {/home/nagafusa/work/spadi/Fakernet/SAMIDARE/samidare.runs/impl_1/top_block_wrapper.bit} [get_hw_devices xcau15p_0]
program_hw_devices [get_hw_devices xcau15p_0]
INFO: [Labtools 27-3164] End of startup status: HIGH
program_hw_devices: Time (s): cpu = 00:00:16 ; elapsed = 00:00:15 . Memory (MB): peak = 11854.141 ; gain = 0.000 ; free physical = 35862 ; free virtual = 55110
refresh_hw_device [lindex [get_hw_devices xcau15p_0] 0]
INFO: [Labtools 27-2302] Device xcau15p (JTAG device index = 0) is programmed with a design that has 1 ILA core(s).
INFO: [Labtools 27-2302] Device xcau15p (JTAG device index = 0) is programmed with a design that has 1 VIO core(s).
run_hw_ila [get_hw_ilas -of_objects [get_hw_devices xcau15p_0] -filter {CELL_NAME=~"u_ila_0"}] -trigger_now
INFO: [Labtools 27-1964] The ILA core 'hw_ila_1' trigger was armed at 2024-Aug-10 13:24:22
wait_on_hw_ila [get_hw_ilas -of_objects [get_hw_devices xcau15p_0] -filter {CELL_NAME=~"u_ila_0"}]
display_hw_ila_data [upload_hw_ila_data [get_hw_ilas -of_objects [get_hw_devices xcau15p_0] -filter {CELL_NAME=~"u_ila_0"}]]
INFO: [Labtools 27-1966] The ILA core 'hw_ila_1' triggered at 2024-Aug-10 13:24:23
INFO: [Labtools 27-3304] ILA Waveform data saved to file /home/nagafusa/work/spadi/Fakernet/SAMIDARE/samidare.hw/backup/hw_ila_data_1.ila. Use Tcl command 'read_hw_ila_data' or Vivado File->Import->Import ILA Data menu item to import the previously saved data.
add_wave -into {hw_ila_data_1.wcfg} -radix hex { {top_block_i/util_vector_logic_1/Res} }
run_hw_ila [get_hw_ilas -of_objects [get_hw_devices xcau15p_0] -filter {CELL_NAME=~"u_ila_0"}]
INFO: [Labtools 27-1964] The ILA core 'hw_ila_1' trigger was armed at 2024-Aug-10 13:25:30
wait_on_hw_ila [get_hw_ilas -of_objects [get_hw_devices xcau15p_0] -filter {CELL_NAME=~"u_ila_0"}]
display_hw_ila_data [upload_hw_ila_data [get_hw_ilas -of_objects [get_hw_devices xcau15p_0] -filter {CELL_NAME=~"u_ila_0"}]]
INFO: [Labtools 27-1966] The ILA core 'hw_ila_1' triggered at 2024-Aug-10 13:25:35
INFO: [Labtools 27-3304] ILA Waveform data saved to file /home/nagafusa/work/spadi/Fakernet/SAMIDARE/samidare.hw/backup/hw_ila_data_1.ila. Use Tcl command 'read_hw_ila_data' or Vivado File->Import->Import ILA Data menu item to import the previously saved data.
run_hw_ila [get_hw_ilas -of_objects [get_hw_devices xcau15p_0] -filter {CELL_NAME=~"u_ila_0"}]
INFO: [Labtools 27-1964] The ILA core 'hw_ila_1' trigger was armed at 2024-Aug-10 13:27:21
wait_on_hw_ila [get_hw_ilas -of_objects [get_hw_devices xcau15p_0] -filter {CELL_NAME=~"u_ila_0"}]
display_hw_ila_data [upload_hw_ila_data [get_hw_ilas -of_objects [get_hw_devices xcau15p_0] -filter {CELL_NAME=~"u_ila_0"}]]
INFO: [Labtools 27-1966] The ILA core 'hw_ila_1' triggered at 2024-Aug-10 13:27:25
INFO: [Labtools 27-3304] ILA Waveform data saved to file /home/nagafusa/work/spadi/Fakernet/SAMIDARE/samidare.hw/backup/hw_ila_data_1.ila. Use Tcl command 'read_hw_ila_data' or Vivado File->Import->Import ILA Data menu item to import the previously saved data.
run_hw_ila [get_hw_ilas -of_objects [get_hw_devices xcau15p_0] -filter {CELL_NAME=~"u_ila_0"}]
INFO: [Labtools 27-1964] The ILA core 'hw_ila_1' trigger was armed at 2024-Aug-10 13:30:18
wait_on_hw_ila [get_hw_ilas -of_objects [get_hw_devices xcau15p_0] -filter {CELL_NAME=~"u_ila_0"}]
display_hw_ila_data [upload_hw_ila_data [get_hw_ilas -of_objects [get_hw_devices xcau15p_0] -filter {CELL_NAME=~"u_ila_0"}]]
INFO: [Labtools 27-1966] The ILA core 'hw_ila_1' triggered at 2024-Aug-10 13:30:22
INFO: [Labtools 27-3304] ILA Waveform data saved to file /home/nagafusa/work/spadi/Fakernet/SAMIDARE/samidare.hw/backup/hw_ila_data_1.ila. Use Tcl command 'read_hw_ila_data' or Vivado File->Import->Import ILA Data menu item to import the previously saved data.
run_hw_ila [get_hw_ilas -of_objects [get_hw_devices xcau15p_0] -filter {CELL_NAME=~"u_ila_0"}]
INFO: [Labtools 27-1964] The ILA core 'hw_ila_1' trigger was armed at 2024-Aug-10 13:30:57
wait_on_hw_ila [get_hw_ilas -of_objects [get_hw_devices xcau15p_0] -filter {CELL_NAME=~"u_ila_0"}]
display_hw_ila_data [upload_hw_ila_data [get_hw_ilas -of_objects [get_hw_devices xcau15p_0] -filter {CELL_NAME=~"u_ila_0"}]]
INFO: [Labtools 27-1966] The ILA core 'hw_ila_1' triggered at 2024-Aug-10 13:31:01
INFO: [Labtools 27-3304] ILA Waveform data saved to file /home/nagafusa/work/spadi/Fakernet/SAMIDARE/samidare.hw/backup/hw_ila_data_1.ila. Use Tcl command 'read_hw_ila_data' or Vivado File->Import->Import ILA Data menu item to import the previously saved data.
run_hw_ila [get_hw_ilas -of_objects [get_hw_devices xcau15p_0] -filter {CELL_NAME=~"u_ila_0"}]
INFO: [Labtools 27-1964] The ILA core 'hw_ila_1' trigger was armed at 2024-Aug-10 13:31:25
wait_on_hw_ila [get_hw_ilas -of_objects [get_hw_devices xcau15p_0] -filter {CELL_NAME=~"u_ila_0"}]
display_hw_ila_data [upload_hw_ila_data [get_hw_ilas -of_objects [get_hw_devices xcau15p_0] -filter {CELL_NAME=~"u_ila_0"}]]
INFO: [Labtools 27-1966] The ILA core 'hw_ila_1' triggered at 2024-Aug-10 13:31:28
INFO: [Labtools 27-3304] ILA Waveform data saved to file /home/nagafusa/work/spadi/Fakernet/SAMIDARE/samidare.hw/backup/hw_ila_data_1.ila. Use Tcl command 'read_hw_ila_data' or Vivado File->Import->Import ILA Data menu item to import the previously saved data.
run_hw_ila [get_hw_ilas -of_objects [get_hw_devices xcau15p_0] -filter {CELL_NAME=~"u_ila_0"}]
INFO: [Labtools 27-1964] The ILA core 'hw_ila_1' trigger was armed at 2024-Aug-10 13:31:35
wait_on_hw_ila [get_hw_ilas -of_objects [get_hw_devices xcau15p_0] -filter {CELL_NAME=~"u_ila_0"}]
display_hw_ila_data [upload_hw_ila_data [get_hw_ilas -of_objects [get_hw_devices xcau15p_0] -filter {CELL_NAME=~"u_ila_0"}]]
INFO: [Labtools 27-1966] The ILA core 'hw_ila_1' triggered at 2024-Aug-10 13:31:37
INFO: [Labtools 27-3304] ILA Waveform data saved to file /home/nagafusa/work/spadi/Fakernet/SAMIDARE/samidare.hw/backup/hw_ila_data_1.ila. Use Tcl command 'read_hw_ila_data' or Vivado File->Import->Import ILA Data menu item to import the previously saved data.
run_hw_ila [get_hw_ilas -of_objects [get_hw_devices xcau15p_0] -filter {CELL_NAME=~"u_ila_0"}]
INFO: [Labtools 27-1964] The ILA core 'hw_ila_1' trigger was armed at 2024-Aug-10 13:34:29
wait_on_hw_ila [get_hw_ilas -of_objects [get_hw_devices xcau15p_0] -filter {CELL_NAME=~"u_ila_0"}]
display_hw_ila_data [upload_hw_ila_data [get_hw_ilas -of_objects [get_hw_devices xcau15p_0] -filter {CELL_NAME=~"u_ila_0"}]]
INFO: [Labtools 27-1966] The ILA core 'hw_ila_1' triggered at 2024-Aug-10 13:34:31
INFO: [Labtools 27-3304] ILA Waveform data saved to file /home/nagafusa/work/spadi/Fakernet/SAMIDARE/samidare.hw/backup/hw_ila_data_1.ila. Use Tcl command 'read_hw_ila_data' or Vivado File->Import->Import ILA Data menu item to import the previously saved data.
run_hw_ila [get_hw_ilas -of_objects [get_hw_devices xcau15p_0] -filter {CELL_NAME=~"u_ila_0"}]
INFO: [Labtools 27-1964] The ILA core 'hw_ila_1' trigger was armed at 2024-Aug-10 13:36:06
wait_on_hw_ila [get_hw_ilas -of_objects [get_hw_devices xcau15p_0] -filter {CELL_NAME=~"u_ila_0"}]
display_hw_ila_data [upload_hw_ila_data [get_hw_ilas -of_objects [get_hw_devices xcau15p_0] -filter {CELL_NAME=~"u_ila_0"}]]
INFO: [Labtools 27-1966] The ILA core 'hw_ila_1' triggered at 2024-Aug-10 13:36:08
INFO: [Labtools 27-3304] ILA Waveform data saved to file /home/nagafusa/work/spadi/Fakernet/SAMIDARE/samidare.hw/backup/hw_ila_data_1.ila. Use Tcl command 'read_hw_ila_data' or Vivado File->Import->Import ILA Data menu item to import the previously saved data.
run_hw_ila [get_hw_ilas -of_objects [get_hw_devices xcau15p_0] -filter {CELL_NAME=~"u_ila_0"}]
INFO: [Labtools 27-1964] The ILA core 'hw_ila_1' trigger was armed at 2024-Aug-10 13:37:42
wait_on_hw_ila [get_hw_ilas -of_objects [get_hw_devices xcau15p_0] -filter {CELL_NAME=~"u_ila_0"}]
display_hw_ila_data [upload_hw_ila_data [get_hw_ilas -of_objects [get_hw_devices xcau15p_0] -filter {CELL_NAME=~"u_ila_0"}]]
INFO: [Labtools 27-1966] The ILA core 'hw_ila_1' triggered at 2024-Aug-10 13:37:45
INFO: [Labtools 27-3304] ILA Waveform data saved to file /home/nagafusa/work/spadi/Fakernet/SAMIDARE/samidare.hw/backup/hw_ila_data_1.ila. Use Tcl command 'read_hw_ila_data' or Vivado File->Import->Import ILA Data menu item to import the previously saved data.
run_hw_ila [get_hw_ilas -of_objects [get_hw_devices xcau15p_0] -filter {CELL_NAME=~"u_ila_0"}]
INFO: [Labtools 27-1964] The ILA core 'hw_ila_1' trigger was armed at 2024-Aug-10 13:41:50
wait_on_hw_ila [get_hw_ilas -of_objects [get_hw_devices xcau15p_0] -filter {CELL_NAME=~"u_ila_0"}]
display_hw_ila_data [upload_hw_ila_data [get_hw_ilas -of_objects [get_hw_devices xcau15p_0] -filter {CELL_NAME=~"u_ila_0"}]]
INFO: [Labtools 27-1966] The ILA core 'hw_ila_1' triggered at 2024-Aug-10 13:41:53
INFO: [Labtools 27-3304] ILA Waveform data saved to file /home/nagafusa/work/spadi/Fakernet/SAMIDARE/samidare.hw/backup/hw_ila_data_1.ila. Use Tcl command 'read_hw_ila_data' or Vivado File->Import->Import ILA Data menu item to import the previously saved data.
run_hw_ila [get_hw_ilas -of_objects [get_hw_devices xcau15p_0] -filter {CELL_NAME=~"u_ila_0"}]
INFO: [Labtools 27-1964] The ILA core 'hw_ila_1' trigger was armed at 2024-Aug-10 13:43:23
wait_on_hw_ila [get_hw_ilas -of_objects [get_hw_devices xcau15p_0] -filter {CELL_NAME=~"u_ila_0"}]
display_hw_ila_data [upload_hw_ila_data [get_hw_ilas -of_objects [get_hw_devices xcau15p_0] -filter {CELL_NAME=~"u_ila_0"}]]
INFO: [Labtools 27-1966] The ILA core 'hw_ila_1' triggered at 2024-Aug-10 13:43:26
INFO: [Labtools 27-3304] ILA Waveform data saved to file /home/nagafusa/work/spadi/Fakernet/SAMIDARE/samidare.hw/backup/hw_ila_data_1.ila. Use Tcl command 'read_hw_ila_data' or Vivado File->Import->Import ILA Data menu item to import the previously saved data.
set_property location {4 1318 2001} [get_bd_cells util_vector_logic_1]
delete_bd_objs [get_bd_nets xlconcat_2_dout]
delete_bd_objs [get_bd_nets util_vector_logic_1_Res]
connect_bd_net [get_bd_pins xlconcat_2/dout] [get_bd_pins util_ds_buf_2/OBUF_IN]
startgroup
set_property CONFIG.C_SDA_LEVEL {0} [get_bd_cells SAMPA_I2C_wrapper/axi_iic_0]
endgroup
save_bd_design
Wrote  : </home/nagafusa/work/spadi/Fakernet/SAMIDARE/samidare.srcs/sources_1/bd/top_block/top_block.bd> 
Wrote  : </home/nagafusa/work/spadi/Fakernet/SAMIDARE/samidare.srcs/sources_1/bd/top_block/ui/bd_3e573403.ui> 
reset_run synth_1
INFO: [Project 1-1161] Replacing file /home/nagafusa/work/spadi/Fakernet/SAMIDARE/samidare.srcs/utils_1/imports/synth_1/top_level.dcp with file /home/nagafusa/work/spadi/Fakernet/SAMIDARE/samidare.runs/synth_1/top_block_wrapper.dcp
reset_run top_block_axi_iic_0_0_synth_1
launch_runs impl_1 -to_step write_bitstream -jobs 32
INFO: [Vivado 12-4149] The synthesis checkpoint for IP '/home/nagafusa/work/spadi/Fakernet/SAMIDARE/samidare.srcs/sources_1/ip/gig_ethernet_pcs_pma_0_2/gig_ethernet_pcs_pma_0.xci' is already up-to-date
CRITICAL WARNING: [BD 41-1344] Reset pin /SAMPA_I2C_wrapper/axi_iic_0/s_axi_aresetn (associated clock /SAMPA_I2C_wrapper/axi_iic_0/s_axi_aclk) is connected to reset source /reset/rst_clk_wiz_0_125M/peripheral_aresetn (synchronous to clock source /clk_wiz_0/clk_out5).
This may prevent design from meeting timing. Instead it should be connected to reset source /rst_clk_wiz_0_40M/peripheral_aresetn.
CRITICAL WARNING: [BD 41-1344] Reset pin /SAMPA_I2C_wrapper/I2C_Controller_v1_0_0/m01_axi_aresetn (associated clock /SAMPA_I2C_wrapper/I2C_Controller_v1_0_0/m01_axi_aclk) is connected to reset source /reset/rst_clk_wiz_0_125M/peripheral_aresetn (synchronous to clock source /clk_wiz_0/clk_out5).
This may prevent design from meeting timing. Instead it should be connected to reset source /rst_clk_wiz_0_40M/peripheral_aresetn.
INFO: [xilinx.com:ip:clk_wiz:6.0-1] /clk_wiz_2 clk_wiz propagate
INFO: [xilinx.com:ip:clk_wiz:6.0-1] /clk_wiz_1 clk_wiz propagate
INFO: [xilinx.com:ip:clk_wiz:6.0-1] /clk_wiz_0 clk_wiz propagate
CRITICAL WARNING: [BD 41-759] The input pins (listed below) are either not connected or do not have a source port, and they don't have a tie-off specified. These pins are tied-off to all 0's to avoid error in Implementation flow.
Please check your design and connect them as needed: 
/fakernet/gig_ethernet_pcs_pma_0/io_refclk
/fakernet/gig_ethernet_pcs_pma_0/gmii_tx_er
/fakernet/fakernet_top_0/spi_sdi
/fakernet/fakernet_top_0/sw
/fakernet/fakernet_top_0/btn
/fakernet/fakernet_top_0/ja0
/fakernet/fakernet_top_0/ja2
/fakernet/fakernet_top_0/ja3
/fakernet/fakernet_top_0/jd0
/fakernet/fakernet_top_0/jd2
/fakernet/fakernet_top_0/uart_rx
/led_module/u_led_inst_0/LED_REG0
/led_module/u_led_inst_0/LED_REG1
/SAMPA_I2C_wrapper/I2C_Controller_v1_0_0/m00_axi_init_axi_txn
/SAMPA_I2C_wrapper/I2C_Controller_v1_0_0/m01_axi_init_axi_txn
/SAMPA_PON_v1_0_0/m00_axi_init_axi_txn

Wrote  : </home/nagafusa/work/spadi/Fakernet/SAMIDARE/samidare.srcs/sources_1/bd/top_block/top_block.bd> 
Wrote  : </home/nagafusa/work/spadi/Fakernet/SAMIDARE/samidare.srcs/sources_1/bd/top_block/ui/bd_3e573403.ui> 
WARNING: [BD 41-2384] Width mismatch when connecting pin: '/reg_bram/blk_mem_gen_0/addra'(32) to pin: '/reg_bram/axi_bram_ctrl_0/bram_addr_a'(16) - Only lower order bits will be connected.
WARNING: [BD 41-2384] Width mismatch when connecting pin: '/reg_bram/blk_mem_gen_0/addrb'(32) to pin: '/reg_bram/axi_bram_ctrl_1/bram_addr_a'(16) - Only lower order bits will be connected.
Verilog Output written to : /home/nagafusa/work/spadi/Fakernet/SAMIDARE/samidare.gen/sources_1/bd/top_block/synth/top_block.v
WARNING: [BD 41-2384] Width mismatch when connecting pin: '/reg_bram/blk_mem_gen_0/addra'(32) to pin: '/reg_bram/axi_bram_ctrl_0/bram_addr_a'(16) - Only lower order bits will be connected.
WARNING: [BD 41-2384] Width mismatch when connecting pin: '/reg_bram/blk_mem_gen_0/addrb'(32) to pin: '/reg_bram/axi_bram_ctrl_1/bram_addr_a'(16) - Only lower order bits will be connected.
Verilog Output written to : /home/nagafusa/work/spadi/Fakernet/SAMIDARE/samidare.gen/sources_1/bd/top_block/sim/top_block.v
Verilog Output written to : /home/nagafusa/work/spadi/Fakernet/SAMIDARE/samidare.gen/sources_1/bd/top_block/hdl/top_block_wrapper.v
INFO: [BD 41-1029] Generation completed for the IP Integrator block SAMPA_I2C_wrapper/axi_iic_0 .
Exporting to file /home/nagafusa/work/spadi/Fakernet/SAMIDARE/samidare.gen/sources_1/bd/top_block/hw_handoff/top_block.hwh
Generated Hardware Definition File /home/nagafusa/work/spadi/Fakernet/SAMIDARE/samidare.gen/sources_1/bd/top_block/synth/top_block.hwdef
INFO: [IP_Flow 19-6924] IPCACHE: Running cache check for IP inst: top_block_axi_iic_0_0
WARNING: [Project 1-478] Design 'synth_1' is stale and will not be used when launching 'impl_1'
[Sat Aug 10 13:45:54 2024] Launched top_block_axi_iic_0_0_synth_1, synth_1...
Run output will be captured here:
top_block_axi_iic_0_0_synth_1: /home/nagafusa/work/spadi/Fakernet/SAMIDARE/samidare.runs/top_block_axi_iic_0_0_synth_1/runme.log
synth_1: /home/nagafusa/work/spadi/Fakernet/SAMIDARE/samidare.runs/synth_1/runme.log
[Sat Aug 10 13:45:54 2024] Launched impl_1...
Run output will be captured here: /home/nagafusa/work/spadi/Fakernet/SAMIDARE/samidare.runs/impl_1/runme.log
launch_runs: Time (s): cpu = 00:00:25 ; elapsed = 00:00:10 . Memory (MB): peak = 12590.719 ; gain = 0.000 ; free physical = 35816 ; free virtual = 55010
ERROR: [Labtoolstcl 44-513] HW Target shutdown. Closing target: localhost:3121/xilinx_tcf/Xilinx/000013e24a8f01
INFO: [Labtoolstcl 44-466] Opening hw_target localhost:3121/xilinx_tcf/Xilinx/000013e24a8f01
INFO: [Labtools 27-1435] Device xcau15p (JTAG device index = 0) is not programmed (DONE status = 0).
WARNING: [Labtoolstcl 44-129] No matching hw_ila_data was found.
set_property PROBES.FILE {/home/nagafusa/work/spadi/Fakernet/SAMIDARE/samidare.runs/impl_1/top_block_wrapper.ltx} [get_hw_devices xcau15p_0]
set_property FULL_PROBES.FILE {/home/nagafusa/work/spadi/Fakernet/SAMIDARE/samidare.runs/impl_1/top_block_wrapper.ltx} [get_hw_devices xcau15p_0]
set_property PROGRAM.FILE {/home/nagafusa/work/spadi/Fakernet/SAMIDARE/samidare.runs/impl_1/top_block_wrapper.bit} [get_hw_devices xcau15p_0]
program_hw_devices [get_hw_devices xcau15p_0]
INFO: [Labtools 27-3164] End of startup status: HIGH
program_hw_devices: Time (s): cpu = 00:00:15 ; elapsed = 00:00:15 . Memory (MB): peak = 12590.719 ; gain = 0.000 ; free physical = 35728 ; free virtual = 54976
refresh_hw_device [lindex [get_hw_devices xcau15p_0] 0]
INFO: [Labtools 27-2302] Device xcau15p (JTAG device index = 0) is programmed with a design that has 1 ILA core(s).
INFO: [Labtools 27-2302] Device xcau15p (JTAG device index = 0) is programmed with a design that has 1 VIO core(s).
display_hw_ila_data [ get_hw_ila_data hw_ila_data_1 -of_objects [get_hw_ilas -of_objects [get_hw_devices xcau15p_0] -filter {CELL_NAME=~"u_ila_0"}]]
WARNING: Simulation object top_block_i/util_vector_logic_1/Res was not found in the design.
run_hw_ila [get_hw_ilas -of_objects [get_hw_devices xcau15p_0] -filter {CELL_NAME=~"u_ila_0"}]
INFO: [Labtools 27-1964] The ILA core 'hw_ila_1' trigger was armed at 2024-Aug-10 15:20:49
wait_on_hw_ila [get_hw_ilas -of_objects [get_hw_devices xcau15p_0] -filter {CELL_NAME=~"u_ila_0"}]
display_hw_ila_data [upload_hw_ila_data [get_hw_ilas -of_objects [get_hw_devices xcau15p_0] -filter {CELL_NAME=~"u_ila_0"}]]
INFO: [Labtools 27-1966] The ILA core 'hw_ila_1' triggered at 2024-Aug-10 15:21:34
INFO: [Labtools 27-3304] ILA Waveform data saved to file /home/nagafusa/work/spadi/Fakernet/SAMIDARE/samidare.hw/backup/hw_ila_data_1.ila. Use Tcl command 'read_hw_ila_data' or Vivado File->Import->Import ILA Data menu item to import the previously saved data.
run_hw_ila [get_hw_ilas -of_objects [get_hw_devices xcau15p_0] -filter {CELL_NAME=~"u_ila_0"}]
INFO: [Labtools 27-1964] The ILA core 'hw_ila_1' trigger was armed at 2024-Aug-10 15:24:51
wait_on_hw_ila [get_hw_ilas -of_objects [get_hw_devices xcau15p_0] -filter {CELL_NAME=~"u_ila_0"}]
display_hw_ila_data [upload_hw_ila_data [get_hw_ilas -of_objects [get_hw_devices xcau15p_0] -filter {CELL_NAME=~"u_ila_0"}]]
INFO: [Labtools 27-1966] The ILA core 'hw_ila_1' triggered at 2024-Aug-10 15:25:10
INFO: [Labtools 27-3304] ILA Waveform data saved to file /home/nagafusa/work/spadi/Fakernet/SAMIDARE/samidare.hw/backup/hw_ila_data_1.ila. Use Tcl command 'read_hw_ila_data' or Vivado File->Import->Import ILA Data menu item to import the previously saved data.
run_hw_ila [get_hw_ilas -of_objects [get_hw_devices xcau15p_0] -filter {CELL_NAME=~"u_ila_0"}]
INFO: [Labtools 27-1964] The ILA core 'hw_ila_1' trigger was armed at 2024-Aug-10 15:26:57
wait_on_hw_ila [get_hw_ilas -of_objects [get_hw_devices xcau15p_0] -filter {CELL_NAME=~"u_ila_0"}]
display_hw_ila_data [upload_hw_ila_data [get_hw_ilas -of_objects [get_hw_devices xcau15p_0] -filter {CELL_NAME=~"u_ila_0"}]]
INFO: [Labtools 27-1966] The ILA core 'hw_ila_1' triggered at 2024-Aug-10 15:27:00
INFO: [Labtools 27-3304] ILA Waveform data saved to file /home/nagafusa/work/spadi/Fakernet/SAMIDARE/samidare.hw/backup/hw_ila_data_1.ila. Use Tcl command 'read_hw_ila_data' or Vivado File->Import->Import ILA Data menu item to import the previously saved data.
run_hw_ila [get_hw_ilas -of_objects [get_hw_devices xcau15p_0] -filter {CELL_NAME=~"u_ila_0"}]
INFO: [Labtools 27-1964] The ILA core 'hw_ila_1' trigger was armed at 2024-Aug-10 15:30:42
wait_on_hw_ila [get_hw_ilas -of_objects [get_hw_devices xcau15p_0] -filter {CELL_NAME=~"u_ila_0"}]
display_hw_ila_data [upload_hw_ila_data [get_hw_ilas -of_objects [get_hw_devices xcau15p_0] -filter {CELL_NAME=~"u_ila_0"}]]
INFO: [Labtools 27-1966] The ILA core 'hw_ila_1' triggered at 2024-Aug-10 15:30:45
INFO: [Labtools 27-3304] ILA Waveform data saved to file /home/nagafusa/work/spadi/Fakernet/SAMIDARE/samidare.hw/backup/hw_ila_data_1.ila. Use Tcl command 'read_hw_ila_data' or Vivado File->Import->Import ILA Data menu item to import the previously saved data.
run_hw_ila [get_hw_ilas -of_objects [get_hw_devices xcau15p_0] -filter {CELL_NAME=~"u_ila_0"}]
INFO: [Labtools 27-1964] The ILA core 'hw_ila_1' trigger was armed at 2024-Aug-10 15:34:24
wait_on_hw_ila [get_hw_ilas -of_objects [get_hw_devices xcau15p_0] -filter {CELL_NAME=~"u_ila_0"}]
display_hw_ila_data [upload_hw_ila_data [get_hw_ilas -of_objects [get_hw_devices xcau15p_0] -filter {CELL_NAME=~"u_ila_0"}]]
INFO: [Labtools 27-1966] The ILA core 'hw_ila_1' triggered at 2024-Aug-10 15:34:47
INFO: [Labtools 27-3304] ILA Waveform data saved to file /home/nagafusa/work/spadi/Fakernet/SAMIDARE/samidare.hw/backup/hw_ila_data_1.ila. Use Tcl command 'read_hw_ila_data' or Vivado File->Import->Import ILA Data menu item to import the previously saved data.
delete_bd_objs [get_bd_nets xlconcat_2_dout]
connect_bd_net [get_bd_pins util_vector_logic_1/Res] [get_bd_pins util_ds_buf_2/OBUF_IN]
connect_bd_net [get_bd_pins xlconcat_2/dout] [get_bd_pins util_vector_logic_1/Op1]
startgroup
set_property CONFIG.C_SDA_LEVEL {1} [get_bd_cells SAMPA_I2C_wrapper/axi_iic_0]
endgroup
startgroup
endgroup
save_bd_design
Wrote  : </home/nagafusa/work/spadi/Fakernet/SAMIDARE/samidare.srcs/sources_1/bd/top_block/top_block.bd> 
Wrote  : </home/nagafusa/work/spadi/Fakernet/SAMIDARE/samidare.srcs/sources_1/bd/top_block/ui/bd_3e573403.ui> 
reset_run synth_1
INFO: [Project 1-1161] Replacing file /home/nagafusa/work/spadi/Fakernet/SAMIDARE/samidare.srcs/utils_1/imports/synth_1/top_level.dcp with file /home/nagafusa/work/spadi/Fakernet/SAMIDARE/samidare.runs/synth_1/top_block_wrapper.dcp
reset_run top_block_axi_iic_0_0_synth_1
launch_runs impl_1 -to_step write_bitstream -jobs 32
INFO: [Vivado 12-4149] The synthesis checkpoint for IP '/home/nagafusa/work/spadi/Fakernet/SAMIDARE/samidare.srcs/sources_1/ip/gig_ethernet_pcs_pma_0_2/gig_ethernet_pcs_pma_0.xci' is already up-to-date
unexpected operator ":" without preceding "?"
in expression "0.0:0.0:0.0:0.0 + 180"
ERROR: [BD 41-1273] Error running propagate TCL procedure: unexpected operator ":" without preceding "?"
    ::xilinx.com_ip_util_vector_logic_2.0::propagate Line 24
CRITICAL WARNING: [BD 41-1344] Reset pin /SAMPA_I2C_wrapper/axi_iic_0/s_axi_aresetn (associated clock /SAMPA_I2C_wrapper/axi_iic_0/s_axi_aclk) is connected to reset source /reset/rst_clk_wiz_0_125M/peripheral_aresetn (synchronous to clock source /clk_wiz_0/clk_out5).
This may prevent design from meeting timing. Instead it should be connected to reset source /rst_clk_wiz_0_40M/peripheral_aresetn.
CRITICAL WARNING: [BD 41-1344] Reset pin /SAMPA_I2C_wrapper/I2C_Controller_v1_0_0/m01_axi_aresetn (associated clock /SAMPA_I2C_wrapper/I2C_Controller_v1_0_0/m01_axi_aclk) is connected to reset source /reset/rst_clk_wiz_0_125M/peripheral_aresetn (synchronous to clock source /clk_wiz_0/clk_out5).
This may prevent design from meeting timing. Instead it should be connected to reset source /rst_clk_wiz_0_40M/peripheral_aresetn.
INFO: [xilinx.com:ip:clk_wiz:6.0-1] /clk_wiz_2 clk_wiz propagate
INFO: [xilinx.com:ip:clk_wiz:6.0-1] /clk_wiz_1 clk_wiz propagate
INFO: [xilinx.com:ip:clk_wiz:6.0-1] /clk_wiz_0 clk_wiz propagate
CRITICAL WARNING: [BD 41-759] The input pins (listed below) are either not connected or do not have a source port, and they don't have a tie-off specified. These pins are tied-off to all 0's to avoid error in Implementation flow.
Please check your design and connect them as needed: 
/fakernet/gig_ethernet_pcs_pma_0/io_refclk
/fakernet/gig_ethernet_pcs_pma_0/gmii_tx_er
/fakernet/fakernet_top_0/spi_sdi
/fakernet/fakernet_top_0/sw
/fakernet/fakernet_top_0/btn
/fakernet/fakernet_top_0/ja0
/fakernet/fakernet_top_0/ja2
/fakernet/fakernet_top_0/ja3
/fakernet/fakernet_top_0/jd0
/fakernet/fakernet_top_0/jd2
/fakernet/fakernet_top_0/uart_rx
/led_module/u_led_inst_0/LED_REG0
/led_module/u_led_inst_0/LED_REG1
/SAMPA_I2C_wrapper/I2C_Controller_v1_0_0/m00_axi_init_axi_txn
/SAMPA_I2C_wrapper/I2C_Controller_v1_0_0/m01_axi_init_axi_txn
/SAMPA_PON_v1_0_0/m00_axi_init_axi_txn

Wrote  : </home/nagafusa/work/spadi/Fakernet/SAMIDARE/samidare.srcs/sources_1/bd/top_block/top_block.bd> 
Wrote  : </home/nagafusa/work/spadi/Fakernet/SAMIDARE/samidare.srcs/sources_1/bd/top_block/ui/bd_3e573403.ui> 
WARNING: [BD 41-2384] Width mismatch when connecting pin: '/reg_bram/blk_mem_gen_0/addra'(32) to pin: '/reg_bram/axi_bram_ctrl_0/bram_addr_a'(16) - Only lower order bits will be connected.
WARNING: [BD 41-2384] Width mismatch when connecting pin: '/reg_bram/blk_mem_gen_0/addrb'(32) to pin: '/reg_bram/axi_bram_ctrl_1/bram_addr_a'(16) - Only lower order bits will be connected.
Verilog Output written to : /home/nagafusa/work/spadi/Fakernet/SAMIDARE/samidare.gen/sources_1/bd/top_block/synth/top_block.v
WARNING: [BD 41-2384] Width mismatch when connecting pin: '/reg_bram/blk_mem_gen_0/addra'(32) to pin: '/reg_bram/axi_bram_ctrl_0/bram_addr_a'(16) - Only lower order bits will be connected.
WARNING: [BD 41-2384] Width mismatch when connecting pin: '/reg_bram/blk_mem_gen_0/addrb'(32) to pin: '/reg_bram/axi_bram_ctrl_1/bram_addr_a'(16) - Only lower order bits will be connected.
Verilog Output written to : /home/nagafusa/work/spadi/Fakernet/SAMIDARE/samidare.gen/sources_1/bd/top_block/sim/top_block.v
Verilog Output written to : /home/nagafusa/work/spadi/Fakernet/SAMIDARE/samidare.gen/sources_1/bd/top_block/hdl/top_block_wrapper.v
INFO: [BD 41-1029] Generation completed for the IP Integrator block SAMPA_I2C_wrapper/axi_iic_0 .
Exporting to file /home/nagafusa/work/spadi/Fakernet/SAMIDARE/samidare.gen/sources_1/bd/top_block/hw_handoff/top_block.hwh
Generated Hardware Definition File /home/nagafusa/work/spadi/Fakernet/SAMIDARE/samidare.gen/sources_1/bd/top_block/synth/top_block.hwdef
INFO: [IP_Flow 19-6924] IPCACHE: Running cache check for IP inst: top_block_axi_iic_0_0
INFO: [IP_Flow 19-6922] IPCACHE: Exporting cached entry f0860b8515e37fd6 to dir: /home/nagafusa/work/spadi/Fakernet/SAMIDARE/samidare.gen/sources_1/bd/top_block/ip/top_block_axi_iic_0_0
INFO: [IP_Flow 19-6928] IPCACHE: copied cached file /home/nagafusa/work/spadi/Fakernet/SAMIDARE/samidare.cache/ip/2022.2/f/0/f0860b8515e37fd6/top_block_axi_iic_0_0_stub.v to /home/nagafusa/work/spadi/Fakernet/SAMIDARE/samidare.gen/sources_1/bd/top_block/ip/top_block_axi_iic_0_0/top_block_axi_iic_0_0_stub.v.
INFO: [IP_Flow 19-6926] IPCACHE: added file to list for BOM: /home/nagafusa/work/spadi/Fakernet/SAMIDARE/samidare.gen/sources_1/bd/top_block/ip/top_block_axi_iic_0_0/top_block_axi_iic_0_0_stub.v
INFO: [IP_Flow 19-6928] IPCACHE: copied cached file /home/nagafusa/work/spadi/Fakernet/SAMIDARE/samidare.cache/ip/2022.2/f/0/f0860b8515e37fd6/top_block_axi_iic_0_0_sim_netlist.v to /home/nagafusa/work/spadi/Fakernet/SAMIDARE/samidare.gen/sources_1/bd/top_block/ip/top_block_axi_iic_0_0/top_block_axi_iic_0_0_sim_netlist.v.
INFO: [IP_Flow 19-6926] IPCACHE: added file to list for BOM: /home/nagafusa/work/spadi/Fakernet/SAMIDARE/samidare.gen/sources_1/bd/top_block/ip/top_block_axi_iic_0_0/top_block_axi_iic_0_0_sim_netlist.v
INFO: [IP_Flow 19-6928] IPCACHE: copied cached file /home/nagafusa/work/spadi/Fakernet/SAMIDARE/samidare.cache/ip/2022.2/f/0/f0860b8515e37fd6/top_block_axi_iic_0_0.dcp to /home/nagafusa/work/spadi/Fakernet/SAMIDARE/samidare.gen/sources_1/bd/top_block/ip/top_block_axi_iic_0_0/top_block_axi_iic_0_0.dcp.
INFO: [IP_Flow 19-6926] IPCACHE: added file to list for BOM: /home/nagafusa/work/spadi/Fakernet/SAMIDARE/samidare.gen/sources_1/bd/top_block/ip/top_block_axi_iic_0_0/top_block_axi_iic_0_0.dcp
INFO: [IP_Flow 19-6928] IPCACHE: copied cached file /home/nagafusa/work/spadi/Fakernet/SAMIDARE/samidare.cache/ip/2022.2/f/0/f0860b8515e37fd6/top_block_axi_iic_0_0_sim_netlist.vhdl to /home/nagafusa/work/spadi/Fakernet/SAMIDARE/samidare.gen/sources_1/bd/top_block/ip/top_block_axi_iic_0_0/top_block_axi_iic_0_0_sim_netlist.vhdl.
INFO: [IP_Flow 19-6926] IPCACHE: added file to list for BOM: /home/nagafusa/work/spadi/Fakernet/SAMIDARE/samidare.gen/sources_1/bd/top_block/ip/top_block_axi_iic_0_0/top_block_axi_iic_0_0_sim_netlist.vhdl
INFO: [IP_Flow 19-6928] IPCACHE: copied cached file /home/nagafusa/work/spadi/Fakernet/SAMIDARE/samidare.cache/ip/2022.2/f/0/f0860b8515e37fd6/top_block_axi_iic_0_0_stub.vhdl to /home/nagafusa/work/spadi/Fakernet/SAMIDARE/samidare.gen/sources_1/bd/top_block/ip/top_block_axi_iic_0_0/top_block_axi_iic_0_0_stub.vhdl.
INFO: [IP_Flow 19-6926] IPCACHE: added file to list for BOM: /home/nagafusa/work/spadi/Fakernet/SAMIDARE/samidare.gen/sources_1/bd/top_block/ip/top_block_axi_iic_0_0/top_block_axi_iic_0_0_stub.vhdl
INFO: [IP_Flow 19-4993] Using cached IP synthesis design for IP top_block_axi_iic_0_0, cache-ID = f0860b8515e37fd6; cache size = 642.182 MB.
ERROR: [Vivado 12-4756] Launch of runs aborted due to earlier errors while preparing sub-designs for run execution.
regenerate_bd_layout
launch_runs impl_1 -to_step write_bitstream -jobs 32
INFO: [Vivado 12-4149] The synthesis checkpoint for IP '/home/nagafusa/work/spadi/Fakernet/SAMIDARE/samidare.srcs/sources_1/ip/gig_ethernet_pcs_pma_0_2/gig_ethernet_pcs_pma_0.xci' is already up-to-date
WARNING: [Project 1-478] Design 'synth_1' is stale and will not be used when launching 'impl_1'
[Sat Aug 10 15:36:49 2024] Launched synth_1...
Run output will be captured here: /home/nagafusa/work/spadi/Fakernet/SAMIDARE/samidare.runs/synth_1/runme.log
[Sat Aug 10 15:36:49 2024] Launched impl_1...
Run output will be captured here: /home/nagafusa/work/spadi/Fakernet/SAMIDARE/samidare.runs/impl_1/runme.log
run_hw_ila [get_hw_ilas -of_objects [get_hw_devices xcau15p_0] -filter {CELL_NAME=~"u_ila_0"}]
INFO: [Labtools 27-1964] The ILA core 'hw_ila_1' trigger was armed at 2024-Aug-10 15:40:57
wait_on_hw_ila [get_hw_ilas -of_objects [get_hw_devices xcau15p_0] -filter {CELL_NAME=~"u_ila_0"}]
display_hw_ila_data [upload_hw_ila_data [get_hw_ilas -of_objects [get_hw_devices xcau15p_0] -filter {CELL_NAME=~"u_ila_0"}]]
INFO: [Labtools 27-1966] The ILA core 'hw_ila_1' triggered at 2024-Aug-10 15:41:53
INFO: [Labtools 27-3304] ILA Waveform data saved to file /home/nagafusa/work/spadi/Fakernet/SAMIDARE/samidare.hw/backup/hw_ila_data_1.ila. Use Tcl command 'read_hw_ila_data' or Vivado File->Import->Import ILA Data menu item to import the previously saved data.
add_wave -into {hw_ila_data_1.wcfg} -radix hex { {u_ila_0_Res} }
startgroup
set_property CONFIG.C_SDA_LEVEL {0} [get_bd_cells SAMPA_I2C_wrapper/axi_iic_0]
endgroup
save_bd_design
Wrote  : </home/nagafusa/work/spadi/Fakernet/SAMIDARE/samidare.srcs/sources_1/bd/top_block/top_block.bd> 
Wrote  : </home/nagafusa/work/spadi/Fakernet/SAMIDARE/samidare.srcs/sources_1/bd/top_block/ui/bd_3e573403.ui> 
reset_run synth_1
INFO: [Project 1-1161] Replacing file /home/nagafusa/work/spadi/Fakernet/SAMIDARE/samidare.srcs/utils_1/imports/synth_1/top_level.dcp with file /home/nagafusa/work/spadi/Fakernet/SAMIDARE/samidare.runs/synth_1/top_block_wrapper.dcp
launch_runs impl_1 -to_step write_bitstream -jobs 32
INFO: [Vivado 12-4149] The synthesis checkpoint for IP '/home/nagafusa/work/spadi/Fakernet/SAMIDARE/samidare.srcs/sources_1/ip/gig_ethernet_pcs_pma_0_2/gig_ethernet_pcs_pma_0.xci' is already up-to-date
unexpected operator ":" without preceding "?"
in expression "0.0:0.0:0.0:0.0 + 180"
ERROR: [BD 41-1273] Error running propagate TCL procedure: unexpected operator ":" without preceding "?"
    ::xilinx.com_ip_util_vector_logic_2.0::propagate Line 24
CRITICAL WARNING: [BD 41-1344] Reset pin /SAMPA_I2C_wrapper/axi_iic_0/s_axi_aresetn (associated clock /SAMPA_I2C_wrapper/axi_iic_0/s_axi_aclk) is connected to reset source /reset/rst_clk_wiz_0_125M/peripheral_aresetn (synchronous to clock source /clk_wiz_0/clk_out5).
This may prevent design from meeting timing. Instead it should be connected to reset source /rst_clk_wiz_0_40M/peripheral_aresetn.
CRITICAL WARNING: [BD 41-1344] Reset pin /SAMPA_I2C_wrapper/I2C_Controller_v1_0_0/m01_axi_aresetn (associated clock /SAMPA_I2C_wrapper/I2C_Controller_v1_0_0/m01_axi_aclk) is connected to reset source /reset/rst_clk_wiz_0_125M/peripheral_aresetn (synchronous to clock source /clk_wiz_0/clk_out5).
This may prevent design from meeting timing. Instead it should be connected to reset source /rst_clk_wiz_0_40M/peripheral_aresetn.
INFO: [xilinx.com:ip:clk_wiz:6.0-1] /clk_wiz_2 clk_wiz propagate
INFO: [xilinx.com:ip:clk_wiz:6.0-1] /clk_wiz_1 clk_wiz propagate
INFO: [xilinx.com:ip:clk_wiz:6.0-1] /clk_wiz_0 clk_wiz propagate
CRITICAL WARNING: [BD 41-759] The input pins (listed below) are either not connected or do not have a source port, and they don't have a tie-off specified. These pins are tied-off to all 0's to avoid error in Implementation flow.
Please check your design and connect them as needed: 
/fakernet/gig_ethernet_pcs_pma_0/io_refclk
/fakernet/gig_ethernet_pcs_pma_0/gmii_tx_er
/fakernet/fakernet_top_0/spi_sdi
/fakernet/fakernet_top_0/sw
/fakernet/fakernet_top_0/btn
/fakernet/fakernet_top_0/ja0
/fakernet/fakernet_top_0/ja2
/fakernet/fakernet_top_0/ja3
/fakernet/fakernet_top_0/jd0
/fakernet/fakernet_top_0/jd2
/fakernet/fakernet_top_0/uart_rx
/led_module/u_led_inst_0/LED_REG0
/led_module/u_led_inst_0/LED_REG1
/SAMPA_I2C_wrapper/I2C_Controller_v1_0_0/m00_axi_init_axi_txn
/SAMPA_I2C_wrapper/I2C_Controller_v1_0_0/m01_axi_init_axi_txn
/SAMPA_PON_v1_0_0/m00_axi_init_axi_txn

Wrote  : </home/nagafusa/work/spadi/Fakernet/SAMIDARE/samidare.srcs/sources_1/bd/top_block/top_block.bd> 
Wrote  : </home/nagafusa/work/spadi/Fakernet/SAMIDARE/samidare.srcs/sources_1/bd/top_block/ui/bd_3e573403.ui> 
WARNING: [BD 41-2384] Width mismatch when connecting pin: '/reg_bram/blk_mem_gen_0/addra'(32) to pin: '/reg_bram/axi_bram_ctrl_0/bram_addr_a'(16) - Only lower order bits will be connected.
WARNING: [BD 41-2384] Width mismatch when connecting pin: '/reg_bram/blk_mem_gen_0/addrb'(32) to pin: '/reg_bram/axi_bram_ctrl_1/bram_addr_a'(16) - Only lower order bits will be connected.
Verilog Output written to : /home/nagafusa/work/spadi/Fakernet/SAMIDARE/samidare.gen/sources_1/bd/top_block/synth/top_block.v
WARNING: [BD 41-2384] Width mismatch when connecting pin: '/reg_bram/blk_mem_gen_0/addra'(32) to pin: '/reg_bram/axi_bram_ctrl_0/bram_addr_a'(16) - Only lower order bits will be connected.
WARNING: [BD 41-2384] Width mismatch when connecting pin: '/reg_bram/blk_mem_gen_0/addrb'(32) to pin: '/reg_bram/axi_bram_ctrl_1/bram_addr_a'(16) - Only lower order bits will be connected.
Verilog Output written to : /home/nagafusa/work/spadi/Fakernet/SAMIDARE/samidare.gen/sources_1/bd/top_block/sim/top_block.v
Verilog Output written to : /home/nagafusa/work/spadi/Fakernet/SAMIDARE/samidare.gen/sources_1/bd/top_block/hdl/top_block_wrapper.v
INFO: [BD 41-1029] Generation completed for the IP Integrator block SAMPA_I2C_wrapper/axi_iic_0 .
Exporting to file /home/nagafusa/work/spadi/Fakernet/SAMIDARE/samidare.gen/sources_1/bd/top_block/hw_handoff/top_block.hwh
Generated Hardware Definition File /home/nagafusa/work/spadi/Fakernet/SAMIDARE/samidare.gen/sources_1/bd/top_block/synth/top_block.hwdef
INFO: [IP_Flow 19-6924] IPCACHE: Running cache check for IP inst: top_block_axi_iic_0_0
INFO: [IP_Flow 19-6922] IPCACHE: Exporting cached entry 41c77c0bbcf2d9ca to dir: /home/nagafusa/work/spadi/Fakernet/SAMIDARE/samidare.gen/sources_1/bd/top_block/ip/top_block_axi_iic_0_0
INFO: [IP_Flow 19-6928] IPCACHE: copied cached file /home/nagafusa/work/spadi/Fakernet/SAMIDARE/samidare.cache/ip/2022.2/4/1/41c77c0bbcf2d9ca/top_block_axi_iic_0_0_stub.v to /home/nagafusa/work/spadi/Fakernet/SAMIDARE/samidare.gen/sources_1/bd/top_block/ip/top_block_axi_iic_0_0/top_block_axi_iic_0_0_stub.v.
INFO: [IP_Flow 19-6926] IPCACHE: added file to list for BOM: /home/nagafusa/work/spadi/Fakernet/SAMIDARE/samidare.gen/sources_1/bd/top_block/ip/top_block_axi_iic_0_0/top_block_axi_iic_0_0_stub.v
INFO: [IP_Flow 19-6928] IPCACHE: copied cached file /home/nagafusa/work/spadi/Fakernet/SAMIDARE/samidare.cache/ip/2022.2/4/1/41c77c0bbcf2d9ca/top_block_axi_iic_0_0_sim_netlist.v to /home/nagafusa/work/spadi/Fakernet/SAMIDARE/samidare.gen/sources_1/bd/top_block/ip/top_block_axi_iic_0_0/top_block_axi_iic_0_0_sim_netlist.v.
INFO: [IP_Flow 19-6926] IPCACHE: added file to list for BOM: /home/nagafusa/work/spadi/Fakernet/SAMIDARE/samidare.gen/sources_1/bd/top_block/ip/top_block_axi_iic_0_0/top_block_axi_iic_0_0_sim_netlist.v
INFO: [IP_Flow 19-6928] IPCACHE: copied cached file /home/nagafusa/work/spadi/Fakernet/SAMIDARE/samidare.cache/ip/2022.2/4/1/41c77c0bbcf2d9ca/top_block_axi_iic_0_0.dcp to /home/nagafusa/work/spadi/Fakernet/SAMIDARE/samidare.gen/sources_1/bd/top_block/ip/top_block_axi_iic_0_0/top_block_axi_iic_0_0.dcp.
INFO: [IP_Flow 19-6926] IPCACHE: added file to list for BOM: /home/nagafusa/work/spadi/Fakernet/SAMIDARE/samidare.gen/sources_1/bd/top_block/ip/top_block_axi_iic_0_0/top_block_axi_iic_0_0.dcp
INFO: [IP_Flow 19-6928] IPCACHE: copied cached file /home/nagafusa/work/spadi/Fakernet/SAMIDARE/samidare.cache/ip/2022.2/4/1/41c77c0bbcf2d9ca/top_block_axi_iic_0_0_sim_netlist.vhdl to /home/nagafusa/work/spadi/Fakernet/SAMIDARE/samidare.gen/sources_1/bd/top_block/ip/top_block_axi_iic_0_0/top_block_axi_iic_0_0_sim_netlist.vhdl.
INFO: [IP_Flow 19-6926] IPCACHE: added file to list for BOM: /home/nagafusa/work/spadi/Fakernet/SAMIDARE/samidare.gen/sources_1/bd/top_block/ip/top_block_axi_iic_0_0/top_block_axi_iic_0_0_sim_netlist.vhdl
INFO: [IP_Flow 19-6928] IPCACHE: copied cached file /home/nagafusa/work/spadi/Fakernet/SAMIDARE/samidare.cache/ip/2022.2/4/1/41c77c0bbcf2d9ca/top_block_axi_iic_0_0_stub.vhdl to /home/nagafusa/work/spadi/Fakernet/SAMIDARE/samidare.gen/sources_1/bd/top_block/ip/top_block_axi_iic_0_0/top_block_axi_iic_0_0_stub.vhdl.
INFO: [IP_Flow 19-6926] IPCACHE: added file to list for BOM: /home/nagafusa/work/spadi/Fakernet/SAMIDARE/samidare.gen/sources_1/bd/top_block/ip/top_block_axi_iic_0_0/top_block_axi_iic_0_0_stub.vhdl
INFO: [IP_Flow 19-4993] Using cached IP synthesis design for IP top_block_axi_iic_0_0, cache-ID = 41c77c0bbcf2d9ca; cache size = 642.183 MB.
ERROR: [Vivado 12-4756] Launch of runs aborted due to earlier errors while preparing sub-designs for run execution.
regenerate_bd_layout
launch_runs impl_1 -to_step write_bitstream -jobs 32
INFO: [Vivado 12-4149] The synthesis checkpoint for IP '/home/nagafusa/work/spadi/Fakernet/SAMIDARE/samidare.srcs/sources_1/ip/gig_ethernet_pcs_pma_0_2/gig_ethernet_pcs_pma_0.xci' is already up-to-date
WARNING: [Project 1-478] Design 'synth_1' is stale and will not be used when launching 'impl_1'
[Sat Aug 10 15:43:02 2024] Launched synth_1...
Run output will be captured here: /home/nagafusa/work/spadi/Fakernet/SAMIDARE/samidare.runs/synth_1/runme.log
[Sat Aug 10 15:43:02 2024] Launched impl_1...
Run output will be captured here: /home/nagafusa/work/spadi/Fakernet/SAMIDARE/samidare.runs/impl_1/runme.log
open_run impl_1
Netlist sorting complete. Time (s): cpu = 00:00:00.07 ; elapsed = 00:00:00.07 . Memory (MB): peak = 13476.621 ; gain = 0.000 ; free physical = 35623 ; free virtual = 54871
INFO: [Netlist 29-17] Analyzing 346 Unisim elements for replacement
CRITICAL WARNING: [Netlist 29-358] Reg 'top_block_i/fakernet/mii_initializer_0/inst/mdioData_reg[23]' of type 'FDCPE' cannot be timed accurately. Hardware behavior may be unpredictable. Use check_timing command for more information. [/home/nagafusa/work/spadi/Fakernet/SAMIDARE/imports/mii_init.v:82]
Resolution: Recode your design, so that you do not depend on both asynchronous set and reset for your desired functionality.
Convert at least one of them to synchronous signal, or get rid of at least one of those.
Often, the use of "initial" value will help you get rid of one of the asynchronous set/reset signals.
CRITICAL WARNING: [Netlist 29-358] Reg 'top_block_i/fakernet/mii_initializer_0/inst/mdioData_reg[24]' of type 'FDCPE' cannot be timed accurately. Hardware behavior may be unpredictable. Use check_timing command for more information. [/home/nagafusa/work/spadi/Fakernet/SAMIDARE/imports/mii_init.v:82]
Resolution: Recode your design, so that you do not depend on both asynchronous set and reset for your desired functionality.
Convert at least one of them to synchronous signal, or get rid of at least one of those.
Often, the use of "initial" value will help you get rid of one of the asynchronous set/reset signals.
CRITICAL WARNING: [Netlist 29-358] Reg 'top_block_i/fakernet/mii_initializer_0/inst/mdioData_reg[25]' of type 'FDCPE' cannot be timed accurately. Hardware behavior may be unpredictable. Use check_timing command for more information. [/home/nagafusa/work/spadi/Fakernet/SAMIDARE/imports/mii_init.v:82]
Resolution: Recode your design, so that you do not depend on both asynchronous set and reset for your desired functionality.
Convert at least one of them to synchronous signal, or get rid of at least one of those.
Often, the use of "initial" value will help you get rid of one of the asynchronous set/reset signals.
CRITICAL WARNING: [Netlist 29-358] Reg 'top_block_i/fakernet/mii_initializer_0/inst/mdioData_reg[26]' of type 'FDCPE' cannot be timed accurately. Hardware behavior may be unpredictable. Use check_timing command for more information. [/home/nagafusa/work/spadi/Fakernet/SAMIDARE/imports/mii_init.v:82]
Resolution: Recode your design, so that you do not depend on both asynchronous set and reset for your desired functionality.
Convert at least one of them to synchronous signal, or get rid of at least one of those.
Often, the use of "initial" value will help you get rid of one of the asynchronous set/reset signals.
CRITICAL WARNING: [Netlist 29-358] Reg 'top_block_i/fakernet/mii_initializer_0/inst/mdioData_reg[27]' of type 'FDCPE' cannot be timed accurately. Hardware behavior may be unpredictable. Use check_timing command for more information. [/home/nagafusa/work/spadi/Fakernet/SAMIDARE/imports/mii_init.v:82]
Resolution: Recode your design, so that you do not depend on both asynchronous set and reset for your desired functionality.
Convert at least one of them to synchronous signal, or get rid of at least one of those.
Often, the use of "initial" value will help you get rid of one of the asynchronous set/reset signals.
INFO: [Netlist 29-28] Unisim Transformation completed in 0 CPU seconds
INFO: [Project 1-479] Netlist was created with Vivado 2022.2
INFO: [Project 1-570] Preparing netlist for logic optimization
WARNING: [Constraints 18-550] Could not create 'IBUF_LOW_PWR' constraint because net 'top_block_i/clk_wiz_2/clk_in1' is not directly connected to top level port. Synthesis is ignored for IBUF_LOW_PWR but preserved for implementation.
WARNING: [Constraints 18-550] Could not create 'DRIVE' constraint because net 'top_block_i/iobuf_vhdl_0/i' is not directly connected to top level port. Synthesis is ignored for DRIVE but preserved for implementation.
WARNING: [Constraints 18-550] Could not create 'IBUF_LOW_PWR' constraint because net 'top_block_i/iobuf_vhdl_0/i' is not directly connected to top level port. Synthesis is ignored for IBUF_LOW_PWR but preserved for implementation.
WARNING: [Constraints 18-550] Could not create 'SLEW' constraint because net 'top_block_i/iobuf_vhdl_0/i' is not directly connected to top level port. Synthesis is ignored for SLEW but preserved for implementation.
WARNING: [Constraints 18-550] Could not create 'DRIVE' constraint because net 'top_block_i/iobuf_vhdl_0/o' is not directly connected to top level port. Synthesis is ignored for DRIVE but preserved for implementation.
WARNING: [Constraints 18-550] Could not create 'IBUF_LOW_PWR' constraint because net 'top_block_i/iobuf_vhdl_0/o' is not directly connected to top level port. Synthesis is ignored for IBUF_LOW_PWR but preserved for implementation.
WARNING: [Constraints 18-550] Could not create 'SLEW' constraint because net 'top_block_i/iobuf_vhdl_0/o' is not directly connected to top level port. Synthesis is ignored for SLEW but preserved for implementation.
WARNING: [Constraints 18-550] Could not create 'DRIVE' constraint because net 'top_block_i/iobuf_vhdl_0/t' is not directly connected to top level port. Synthesis is ignored for DRIVE but preserved for implementation.
WARNING: [Constraints 18-550] Could not create 'IBUF_LOW_PWR' constraint because net 'top_block_i/iobuf_vhdl_0/t' is not directly connected to top level port. Synthesis is ignored for IBUF_LOW_PWR but preserved for implementation.
WARNING: [Constraints 18-550] Could not create 'SLEW' constraint because net 'top_block_i/iobuf_vhdl_0/t' is not directly connected to top level port. Synthesis is ignored for SLEW but preserved for implementation.
WARNING: [Constraints 18-550] Could not create 'DRIVE' constraint because net 'top_block_i/iobuf_vhdl_1/i' is not directly connected to top level port. Synthesis is ignored for DRIVE but preserved for implementation.
WARNING: [Constraints 18-550] Could not create 'IBUF_LOW_PWR' constraint because net 'top_block_i/iobuf_vhdl_1/i' is not directly connected to top level port. Synthesis is ignored for IBUF_LOW_PWR but preserved for implementation.
WARNING: [Constraints 18-550] Could not create 'SLEW' constraint because net 'top_block_i/iobuf_vhdl_1/i' is not directly connected to top level port. Synthesis is ignored for SLEW but preserved for implementation.
WARNING: [Constraints 18-550] Could not create 'DRIVE' constraint because net 'top_block_i/iobuf_vhdl_1/o' is not directly connected to top level port. Synthesis is ignored for DRIVE but preserved for implementation.
WARNING: [Constraints 18-550] Could not create 'IBUF_LOW_PWR' constraint because net 'top_block_i/iobuf_vhdl_1/o' is not directly connected to top level port. Synthesis is ignored for IBUF_LOW_PWR but preserved for implementation.
WARNING: [Constraints 18-550] Could not create 'SLEW' constraint because net 'top_block_i/iobuf_vhdl_1/o' is not directly connected to top level port. Synthesis is ignored for SLEW but preserved for implementation.
WARNING: [Constraints 18-550] Could not create 'DRIVE' constraint because net 'top_block_i/iobuf_vhdl_1/t' is not directly connected to top level port. Synthesis is ignored for DRIVE but preserved for implementation.
WARNING: [Constraints 18-550] Could not create 'IBUF_LOW_PWR' constraint because net 'top_block_i/iobuf_vhdl_1/t' is not directly connected to top level port. Synthesis is ignored for IBUF_LOW_PWR but preserved for implementation.
WARNING: [Constraints 18-550] Could not create 'SLEW' constraint because net 'top_block_i/iobuf_vhdl_1/t' is not directly connected to top level port. Synthesis is ignored for SLEW but preserved for implementation.
WARNING: [Constraints 18-550] Could not create 'SLEW' constraint because net 'top_block_i/util_ds_buf_0/OBUF_IN[0]' is not directly connected to top level port. Synthesis is ignored for SLEW but preserved for implementation.
WARNING: [Constraints 18-550] Could not create 'SLEW' constraint because net 'top_block_i/util_ds_buf_0/OBUF_IN[1]' is not directly connected to top level port. Synthesis is ignored for SLEW but preserved for implementation.
WARNING: [Constraints 18-550] Could not create 'SLEW' constraint because net 'top_block_i/util_ds_buf_0/OBUF_IN[2]' is not directly connected to top level port. Synthesis is ignored for SLEW but preserved for implementation.
WARNING: [Constraints 18-550] Could not create 'SLEW' constraint because net 'top_block_i/util_ds_buf_0/OBUF_IN[3]' is not directly connected to top level port. Synthesis is ignored for SLEW but preserved for implementation.
WARNING: [Constraints 18-550] Could not create 'SLEW' constraint because net 'top_block_i/util_ds_buf_1/OBUF_IN[0]' is not directly connected to top level port. Synthesis is ignored for SLEW but preserved for implementation.
WARNING: [Constraints 18-550] Could not create 'SLEW' constraint because net 'top_block_i/util_ds_buf_1/OBUF_IN[1]' is not directly connected to top level port. Synthesis is ignored for SLEW but preserved for implementation.
WARNING: [Constraints 18-550] Could not create 'SLEW' constraint because net 'top_block_i/util_ds_buf_1/OBUF_IN[2]' is not directly connected to top level port. Synthesis is ignored for SLEW but preserved for implementation.
WARNING: [Constraints 18-550] Could not create 'SLEW' constraint because net 'top_block_i/util_ds_buf_1/OBUF_IN[3]' is not directly connected to top level port. Synthesis is ignored for SLEW but preserved for implementation.
WARNING: [Constraints 18-550] Could not create 'SLEW' constraint because net 'top_block_i/util_ds_buf_2/OBUF_IN[0]' is not directly connected to top level port. Synthesis is ignored for SLEW but preserved for implementation.
WARNING: [Constraints 18-550] Could not create 'SLEW' constraint because net 'top_block_i/util_ds_buf_2/OBUF_IN[1]' is not directly connected to top level port. Synthesis is ignored for SLEW but preserved for implementation.
WARNING: [Constraints 18-550] Could not create 'SLEW' constraint because net 'top_block_i/util_ds_buf_2/OBUF_IN[2]' is not directly connected to top level port. Synthesis is ignored for SLEW but preserved for implementation.
WARNING: [Constraints 18-550] Could not create 'SLEW' constraint because net 'top_block_i/util_ds_buf_2/OBUF_IN[3]' is not directly connected to top level port. Synthesis is ignored for SLEW but preserved for implementation.
WARNING: [Constraints 18-550] Could not create 'SLEW' constraint because net 'top_block_i/util_ds_buf_3/OBUF_IN[0]' is not directly connected to top level port. Synthesis is ignored for SLEW but preserved for implementation.
WARNING: [Constraints 18-550] Could not create 'SLEW' constraint because net 'top_block_i/util_ds_buf_4/OBUF_IN[0]' is not directly connected to top level port. Synthesis is ignored for SLEW but preserved for implementation.
INFO: [Timing 38-478] Restoring timing data from binary archive.
INFO: [Timing 38-479] Binary timing data restore complete.
INFO: [Project 1-856] Restoring constraints from binary archive.
INFO: [Project 1-853] Binary constraint restore complete.
Reading XDEF placement.
Reading placer database...
Reading XDEF routing.
Read XDEF Files: Time (s): cpu = 00:00:00.56 ; elapsed = 00:00:00.57 . Memory (MB): peak = 13476.621 ; gain = 0.000 ; free physical = 35447 ; free virtual = 54695
Restored from archive | CPU: 0.600000 secs | Memory: 15.552872 MB |
Finished XDEF File Restore: Time (s): cpu = 00:00:00.56 ; elapsed = 00:00:00.58 . Memory (MB): peak = 13476.621 ; gain = 0.000 ; free physical = 35447 ; free virtual = 54695
Netlist sorting complete. Time (s): cpu = 00:00:00 ; elapsed = 00:00:00 . Memory (MB): peak = 13476.621 ; gain = 0.000 ; free physical = 35447 ; free virtual = 54696
INFO: [Project 1-111] Unisim Transformation Summary:
  A total of 99 instances were transformed.
  CFGLUT5 => CFGLUT5 (SRL16E, SRLC32E): 56 instances
  FDCPE => FDCPE (FDCE, FDPE, LDCE, LUT3, VCC): 5 instances
  IBUF => IBUF (IBUFCTRL, INBUF): 2 instances
  IOBUF => IOBUF (IBUFCTRL, INBUF, OBUFT): 2 instances
  OBUFDS => OBUFDS_DUAL_BUF (INV, OBUF(x2)): 14 instances
  RAM16X1D => RAM32X1D (RAMD32(x2)): 10 instances
  RAM32M => RAM32M (RAMD32(x6), RAMS32(x2)): 2 instances
  RAM32M16 => RAM32M16 (RAMD32(x14), RAMS32(x2)): 4 instances
  RAM32X1D => RAM32X1D (RAMD32(x2)): 4 instances

open_run: Time (s): cpu = 00:00:08 ; elapsed = 00:00:06 . Memory (MB): peak = 13476.621 ; gain = 0.000 ; free physical = 35323 ; free virtual = 54571
CRITICAL WARNING: [Timing 38-282] The design failed to meet the timing requirements. Please see the timing summary report for details on the timing violations.
WARNING: [Timing 38-436] There are set_bus_skew constraint(s) in this design. Please run report_bus_skew to ensure that bus skew requirements are met.
set_property PROBES.FILE {/home/nagafusa/work/spadi/Fakernet/SAMIDARE/samidare.runs/impl_1/top_block_wrapper.ltx} [get_hw_devices xcau15p_0]
set_property FULL_PROBES.FILE {/home/nagafusa/work/spadi/Fakernet/SAMIDARE/samidare.runs/impl_1/top_block_wrapper.ltx} [get_hw_devices xcau15p_0]
set_property PROGRAM.FILE {/home/nagafusa/work/spadi/Fakernet/SAMIDARE/samidare.runs/impl_1/top_block_wrapper.bit} [get_hw_devices xcau15p_0]
program_hw_devices [get_hw_devices xcau15p_0]
INFO: [Labtools 27-3164] End of startup status: HIGH
program_hw_devices: Time (s): cpu = 00:00:17 ; elapsed = 00:00:15 . Memory (MB): peak = 14094.410 ; gain = 0.000 ; free physical = 34880 ; free virtual = 54128
refresh_hw_device [lindex [get_hw_devices xcau15p_0] 0]
INFO: [Labtools 27-2302] Device xcau15p (JTAG device index = 0) is programmed with a design that has 1 ILA core(s).
INFO: [Labtools 27-2302] Device xcau15p (JTAG device index = 0) is programmed with a design that has 1 VIO core(s).
add_wave -into {hw_ila_data_1.wcfg} -radix hex { {top_block_i/util_vector_logic_1/Res} }
run_hw_ila [get_hw_ilas -of_objects [get_hw_devices xcau15p_0] -filter {CELL_NAME=~"u_ila_0"}] -trigger_now
INFO: [Labtools 27-1964] The ILA core 'hw_ila_1' trigger was armed at 2024-Aug-10 15:47:15
wait_on_hw_ila [get_hw_ilas -of_objects [get_hw_devices xcau15p_0] -filter {CELL_NAME=~"u_ila_0"}]
display_hw_ila_data [upload_hw_ila_data [get_hw_ilas -of_objects [get_hw_devices xcau15p_0] -filter {CELL_NAME=~"u_ila_0"}]]
INFO: [Labtools 27-1966] The ILA core 'hw_ila_1' triggered at 2024-Aug-10 15:47:15
INFO: [Labtools 27-3304] ILA Waveform data saved to file /home/nagafusa/work/spadi/Fakernet/SAMIDARE/samidare.hw/backup/hw_ila_data_1.ila. Use Tcl command 'read_hw_ila_data' or Vivado File->Import->Import ILA Data menu item to import the previously saved data.
run_hw_ila [get_hw_ilas -of_objects [get_hw_devices xcau15p_0] -filter {CELL_NAME=~"u_ila_0"}]
INFO: [Labtools 27-1964] The ILA core 'hw_ila_1' trigger was armed at 2024-Aug-10 15:47:18
wait_on_hw_ila [get_hw_ilas -of_objects [get_hw_devices xcau15p_0] -filter {CELL_NAME=~"u_ila_0"}]
display_hw_ila_data [upload_hw_ila_data [get_hw_ilas -of_objects [get_hw_devices xcau15p_0] -filter {CELL_NAME=~"u_ila_0"}]]
INFO: [Labtools 27-1966] The ILA core 'hw_ila_1' triggered at 2024-Aug-10 15:48:00
INFO: [Labtools 27-3304] ILA Waveform data saved to file /home/nagafusa/work/spadi/Fakernet/SAMIDARE/samidare.hw/backup/hw_ila_data_1.ila. Use Tcl command 'read_hw_ila_data' or Vivado File->Import->Import ILA Data menu item to import the previously saved data.
run_hw_ila [get_hw_ilas -of_objects [get_hw_devices xcau15p_0] -filter {CELL_NAME=~"u_ila_0"}]
INFO: [Labtools 27-1964] The ILA core 'hw_ila_1' trigger was armed at 2024-Aug-10 15:49:14
wait_on_hw_ila [get_hw_ilas -of_objects [get_hw_devices xcau15p_0] -filter {CELL_NAME=~"u_ila_0"}]
display_hw_ila_data [upload_hw_ila_data [get_hw_ilas -of_objects [get_hw_devices xcau15p_0] -filter {CELL_NAME=~"u_ila_0"}]]
INFO: [Labtools 27-1966] The ILA core 'hw_ila_1' triggered at 2024-Aug-10 15:49:36
INFO: [Labtools 27-3304] ILA Waveform data saved to file /home/nagafusa/work/spadi/Fakernet/SAMIDARE/samidare.hw/backup/hw_ila_data_1.ila. Use Tcl command 'read_hw_ila_data' or Vivado File->Import->Import ILA Data menu item to import the previously saved data.
startgroup
endgroup
startgroup
create_bd_cell -type ip -vlnv xilinx.com:ip:util_ds_buf:2.2 util_ds_buf_5
endgroup
startgroup
create_bd_cell -type ip -vlnv xilinx.com:ip:xpm_cdc_gen:1.0 xpm_cdc_gen_0
endgroup
xpm_cdc_async_rst  *****  2
xpm_cdc_handshake  *****  1
run_hw_ila [get_hw_ilas -of_objects [get_hw_devices xcau15p_0] -filter {CELL_NAME=~"u_ila_0"}]
INFO: [Labtools 27-1964] The ILA core 'hw_ila_1' trigger was armed at 2024-Aug-10 15:59:03
wait_on_hw_ila [get_hw_ilas -of_objects [get_hw_devices xcau15p_0] -filter {CELL_NAME=~"u_ila_0"}]
display_hw_ila_data [upload_hw_ila_data [get_hw_ilas -of_objects [get_hw_devices xcau15p_0] -filter {CELL_NAME=~"u_ila_0"}]]
INFO: [Labtools 27-1966] The ILA core 'hw_ila_1' triggered at 2024-Aug-10 15:59:09
INFO: [Labtools 27-3304] ILA Waveform data saved to file /home/nagafusa/work/spadi/Fakernet/SAMIDARE/samidare.hw/backup/hw_ila_data_1.ila. Use Tcl command 'read_hw_ila_data' or Vivado File->Import->Import ILA Data menu item to import the previously saved data.
run_hw_ila [get_hw_ilas -of_objects [get_hw_devices xcau15p_0] -filter {CELL_NAME=~"u_ila_0"}]
INFO: [Labtools 27-1964] The ILA core 'hw_ila_1' trigger was armed at 2024-Aug-10 15:59:48
wait_on_hw_ila [get_hw_ilas -of_objects [get_hw_devices xcau15p_0] -filter {CELL_NAME=~"u_ila_0"}]
display_hw_ila_data [upload_hw_ila_data [get_hw_ilas -of_objects [get_hw_devices xcau15p_0] -filter {CELL_NAME=~"u_ila_0"}]]
INFO: [Labtools 27-1966] The ILA core 'hw_ila_1' triggered at 2024-Aug-10 15:59:57
INFO: [Labtools 27-3304] ILA Waveform data saved to file /home/nagafusa/work/spadi/Fakernet/SAMIDARE/samidare.hw/backup/hw_ila_data_1.ila. Use Tcl command 'read_hw_ila_data' or Vivado File->Import->Import ILA Data menu item to import the previously saved data.
run_hw_ila [get_hw_ilas -of_objects [get_hw_devices xcau15p_0] -filter {CELL_NAME=~"u_ila_0"}]
INFO: [Labtools 27-1964] The ILA core 'hw_ila_1' trigger was armed at 2024-Aug-10 16:01:29
wait_on_hw_ila [get_hw_ilas -of_objects [get_hw_devices xcau15p_0] -filter {CELL_NAME=~"u_ila_0"}]
display_hw_ila_data [upload_hw_ila_data [get_hw_ilas -of_objects [get_hw_devices xcau15p_0] -filter {CELL_NAME=~"u_ila_0"}]]
INFO: [Labtools 27-1966] The ILA core 'hw_ila_1' triggered at 2024-Aug-10 16:01:31
INFO: [Labtools 27-3304] ILA Waveform data saved to file /home/nagafusa/work/spadi/Fakernet/SAMIDARE/samidare.hw/backup/hw_ila_data_1.ila. Use Tcl command 'read_hw_ila_data' or Vivado File->Import->Import ILA Data menu item to import the previously saved data.
run_hw_ila [get_hw_ilas -of_objects [get_hw_devices xcau15p_0] -filter {CELL_NAME=~"u_ila_0"}]
INFO: [Labtools 27-1964] The ILA core 'hw_ila_1' trigger was armed at 2024-Aug-10 16:02:44
wait_on_hw_ila [get_hw_ilas -of_objects [get_hw_devices xcau15p_0] -filter {CELL_NAME=~"u_ila_0"}]
display_hw_ila_data [upload_hw_ila_data [get_hw_ilas -of_objects [get_hw_devices xcau15p_0] -filter {CELL_NAME=~"u_ila_0"}]]
INFO: [Labtools 27-1966] The ILA core 'hw_ila_1' triggered at 2024-Aug-10 16:02:46
INFO: [Labtools 27-3304] ILA Waveform data saved to file /home/nagafusa/work/spadi/Fakernet/SAMIDARE/samidare.hw/backup/hw_ila_data_1.ila. Use Tcl command 'read_hw_ila_data' or Vivado File->Import->Import ILA Data menu item to import the previously saved data.
run_hw_ila [get_hw_ilas -of_objects [get_hw_devices xcau15p_0] -filter {CELL_NAME=~"u_ila_0"}]
INFO: [Labtools 27-1964] The ILA core 'hw_ila_1' trigger was armed at 2024-Aug-10 16:03:11
wait_on_hw_ila [get_hw_ilas -of_objects [get_hw_devices xcau15p_0] -filter {CELL_NAME=~"u_ila_0"}]
display_hw_ila_data [upload_hw_ila_data [get_hw_ilas -of_objects [get_hw_devices xcau15p_0] -filter {CELL_NAME=~"u_ila_0"}]]
INFO: [Labtools 27-1966] The ILA core 'hw_ila_1' triggered at 2024-Aug-10 16:03:16
INFO: [Labtools 27-3304] ILA Waveform data saved to file /home/nagafusa/work/spadi/Fakernet/SAMIDARE/samidare.hw/backup/hw_ila_data_1.ila. Use Tcl command 'read_hw_ila_data' or Vivado File->Import->Import ILA Data menu item to import the previously saved data.
run_hw_ila [get_hw_ilas -of_objects [get_hw_devices xcau15p_0] -filter {CELL_NAME=~"u_ila_0"}]
INFO: [Labtools 27-1964] The ILA core 'hw_ila_1' trigger was armed at 2024-Aug-10 16:04:25
wait_on_hw_ila [get_hw_ilas -of_objects [get_hw_devices xcau15p_0] -filter {CELL_NAME=~"u_ila_0"}]
display_hw_ila_data [upload_hw_ila_data [get_hw_ilas -of_objects [get_hw_devices xcau15p_0] -filter {CELL_NAME=~"u_ila_0"}]]
INFO: [Labtools 27-1966] The ILA core 'hw_ila_1' triggered at 2024-Aug-10 16:04:31
INFO: [Labtools 27-3304] ILA Waveform data saved to file /home/nagafusa/work/spadi/Fakernet/SAMIDARE/samidare.hw/backup/hw_ila_data_1.ila. Use Tcl command 'read_hw_ila_data' or Vivado File->Import->Import ILA Data menu item to import the previously saved data.
run_hw_ila [get_hw_ilas -of_objects [get_hw_devices xcau15p_0] -filter {CELL_NAME=~"u_ila_0"}]
INFO: [Labtools 27-1964] The ILA core 'hw_ila_1' trigger was armed at 2024-Aug-10 16:05:23
wait_on_hw_ila [get_hw_ilas -of_objects [get_hw_devices xcau15p_0] -filter {CELL_NAME=~"u_ila_0"}]
display_hw_ila_data [upload_hw_ila_data [get_hw_ilas -of_objects [get_hw_devices xcau15p_0] -filter {CELL_NAME=~"u_ila_0"}]]
INFO: [Labtools 27-1966] The ILA core 'hw_ila_1' triggered at 2024-Aug-10 16:05:26
INFO: [Labtools 27-3304] ILA Waveform data saved to file /home/nagafusa/work/spadi/Fakernet/SAMIDARE/samidare.hw/backup/hw_ila_data_1.ila. Use Tcl command 'read_hw_ila_data' or Vivado File->Import->Import ILA Data menu item to import the previously saved data.
run_hw_ila [get_hw_ilas -of_objects [get_hw_devices xcau15p_0] -filter {CELL_NAME=~"u_ila_0"}]
INFO: [Labtools 27-1964] The ILA core 'hw_ila_1' trigger was armed at 2024-Aug-10 16:06:55
wait_on_hw_ila [get_hw_ilas -of_objects [get_hw_devices xcau15p_0] -filter {CELL_NAME=~"u_ila_0"}]
display_hw_ila_data [upload_hw_ila_data [get_hw_ilas -of_objects [get_hw_devices xcau15p_0] -filter {CELL_NAME=~"u_ila_0"}]]
INFO: [Labtools 27-1966] The ILA core 'hw_ila_1' triggered at 2024-Aug-10 16:06:56
INFO: [Labtools 27-3304] ILA Waveform data saved to file /home/nagafusa/work/spadi/Fakernet/SAMIDARE/samidare.hw/backup/hw_ila_data_1.ila. Use Tcl command 'read_hw_ila_data' or Vivado File->Import->Import ILA Data menu item to import the previously saved data.
run_hw_ila [get_hw_ilas -of_objects [get_hw_devices xcau15p_0] -filter {CELL_NAME=~"u_ila_0"}]
INFO: [Labtools 27-1964] The ILA core 'hw_ila_1' trigger was armed at 2024-Aug-10 16:08:16
wait_on_hw_ila [get_hw_ilas -of_objects [get_hw_devices xcau15p_0] -filter {CELL_NAME=~"u_ila_0"}]
display_hw_ila_data [upload_hw_ila_data [get_hw_ilas -of_objects [get_hw_devices xcau15p_0] -filter {CELL_NAME=~"u_ila_0"}]]
INFO: [Labtools 27-1966] The ILA core 'hw_ila_1' triggered at 2024-Aug-10 16:08:18
INFO: [Labtools 27-3304] ILA Waveform data saved to file /home/nagafusa/work/spadi/Fakernet/SAMIDARE/samidare.hw/backup/hw_ila_data_1.ila. Use Tcl command 'read_hw_ila_data' or Vivado File->Import->Import ILA Data menu item to import the previously saved data.
run_hw_ila [get_hw_ilas -of_objects [get_hw_devices xcau15p_0] -filter {CELL_NAME=~"u_ila_0"}]
INFO: [Labtools 27-1964] The ILA core 'hw_ila_1' trigger was armed at 2024-Aug-10 16:11:13
wait_on_hw_ila [get_hw_ilas -of_objects [get_hw_devices xcau15p_0] -filter {CELL_NAME=~"u_ila_0"}]
display_hw_ila_data [upload_hw_ila_data [get_hw_ilas -of_objects [get_hw_devices xcau15p_0] -filter {CELL_NAME=~"u_ila_0"}]]
INFO: [Labtools 27-1966] The ILA core 'hw_ila_1' triggered at 2024-Aug-10 16:11:23
INFO: [Labtools 27-3304] ILA Waveform data saved to file /home/nagafusa/work/spadi/Fakernet/SAMIDARE/samidare.hw/backup/hw_ila_data_1.ila. Use Tcl command 'read_hw_ila_data' or Vivado File->Import->Import ILA Data menu item to import the previously saved data.
run_hw_ila [get_hw_ilas -of_objects [get_hw_devices xcau15p_0] -filter {CELL_NAME=~"u_ila_0"}]
INFO: [Labtools 27-1964] The ILA core 'hw_ila_1' trigger was armed at 2024-Aug-10 16:12:39
wait_on_hw_ila [get_hw_ilas -of_objects [get_hw_devices xcau15p_0] -filter {CELL_NAME=~"u_ila_0"}]
display_hw_ila_data [upload_hw_ila_data [get_hw_ilas -of_objects [get_hw_devices xcau15p_0] -filter {CELL_NAME=~"u_ila_0"}]]
INFO: [Labtools 27-1966] The ILA core 'hw_ila_1' triggered at 2024-Aug-10 16:12:46
INFO: [Labtools 27-3304] ILA Waveform data saved to file /home/nagafusa/work/spadi/Fakernet/SAMIDARE/samidare.hw/backup/hw_ila_data_1.ila. Use Tcl command 'read_hw_ila_data' or Vivado File->Import->Import ILA Data menu item to import the previously saved data.
run_hw_ila [get_hw_ilas -of_objects [get_hw_devices xcau15p_0] -filter {CELL_NAME=~"u_ila_0"}]
INFO: [Labtools 27-1964] The ILA core 'hw_ila_1' trigger was armed at 2024-Aug-10 16:15:42
wait_on_hw_ila [get_hw_ilas -of_objects [get_hw_devices xcau15p_0] -filter {CELL_NAME=~"u_ila_0"}]
display_hw_ila_data [upload_hw_ila_data [get_hw_ilas -of_objects [get_hw_devices xcau15p_0] -filter {CELL_NAME=~"u_ila_0"}]]
INFO: [Labtools 27-1966] The ILA core 'hw_ila_1' triggered at 2024-Aug-10 16:15:47
INFO: [Labtools 27-3304] ILA Waveform data saved to file /home/nagafusa/work/spadi/Fakernet/SAMIDARE/samidare.hw/backup/hw_ila_data_1.ila. Use Tcl command 'read_hw_ila_data' or Vivado File->Import->Import ILA Data menu item to import the previously saved data.
run_hw_ila [get_hw_ilas -of_objects [get_hw_devices xcau15p_0] -filter {CELL_NAME=~"u_ila_0"}]
INFO: [Labtools 27-1964] The ILA core 'hw_ila_1' trigger was armed at 2024-Aug-10 16:16:36
wait_on_hw_ila [get_hw_ilas -of_objects [get_hw_devices xcau15p_0] -filter {CELL_NAME=~"u_ila_0"}]
display_hw_ila_data [upload_hw_ila_data [get_hw_ilas -of_objects [get_hw_devices xcau15p_0] -filter {CELL_NAME=~"u_ila_0"}]]
INFO: [Labtools 27-1966] The ILA core 'hw_ila_1' triggered at 2024-Aug-10 16:16:38
INFO: [Labtools 27-3304] ILA Waveform data saved to file /home/nagafusa/work/spadi/Fakernet/SAMIDARE/samidare.hw/backup/hw_ila_data_1.ila. Use Tcl command 'read_hw_ila_data' or Vivado File->Import->Import ILA Data menu item to import the previously saved data.
run_hw_ila [get_hw_ilas -of_objects [get_hw_devices xcau15p_0] -filter {CELL_NAME=~"u_ila_0"}]
INFO: [Labtools 27-1964] The ILA core 'hw_ila_1' trigger was armed at 2024-Aug-10 16:17:04
wait_on_hw_ila [get_hw_ilas -of_objects [get_hw_devices xcau15p_0] -filter {CELL_NAME=~"u_ila_0"}]
display_hw_ila_data [upload_hw_ila_data [get_hw_ilas -of_objects [get_hw_devices xcau15p_0] -filter {CELL_NAME=~"u_ila_0"}]]
INFO: [Labtools 27-1966] The ILA core 'hw_ila_1' triggered at 2024-Aug-10 16:17:07
INFO: [Labtools 27-3304] ILA Waveform data saved to file /home/nagafusa/work/spadi/Fakernet/SAMIDARE/samidare.hw/backup/hw_ila_data_1.ila. Use Tcl command 'read_hw_ila_data' or Vivado File->Import->Import ILA Data menu item to import the previously saved data.
run_hw_ila [get_hw_ilas -of_objects [get_hw_devices xcau15p_0] -filter {CELL_NAME=~"u_ila_0"}]
INFO: [Labtools 27-1964] The ILA core 'hw_ila_1' trigger was armed at 2024-Aug-10 16:17:30
wait_on_hw_ila [get_hw_ilas -of_objects [get_hw_devices xcau15p_0] -filter {CELL_NAME=~"u_ila_0"}]
display_hw_ila_data [upload_hw_ila_data [get_hw_ilas -of_objects [get_hw_devices xcau15p_0] -filter {CELL_NAME=~"u_ila_0"}]]
INFO: [Labtools 27-1966] The ILA core 'hw_ila_1' triggered at 2024-Aug-10 16:17:36
INFO: [Labtools 27-3304] ILA Waveform data saved to file /home/nagafusa/work/spadi/Fakernet/SAMIDARE/samidare.hw/backup/hw_ila_data_1.ila. Use Tcl command 'read_hw_ila_data' or Vivado File->Import->Import ILA Data menu item to import the previously saved data.
ERROR: [Labtoolstcl 44-513] HW Target shutdown. Closing target: localhost:3121/xilinx_tcf/Xilinx/000013e24a8f01
INFO: [Labtoolstcl 44-466] Opening hw_target localhost:3121/xilinx_tcf/Xilinx/000013e24a8f01
INFO: [Labtools 27-1435] Device xcau15p (JTAG device index = 0) is not programmed (DONE status = 0).
WARNING: [Labtoolstcl 44-129] No matching hw_ila_data was found.
set_property PROBES.FILE {/home/nagafusa/work/spadi/Fakernet/SAMIDARE/samidare.runs/impl_1/top_block_wrapper.ltx} [get_hw_devices xcau15p_0]
set_property FULL_PROBES.FILE {/home/nagafusa/work/spadi/Fakernet/SAMIDARE/samidare.runs/impl_1/top_block_wrapper.ltx} [get_hw_devices xcau15p_0]
set_property PROGRAM.FILE {/home/nagafusa/work/spadi/Fakernet/SAMIDARE/samidare.runs/impl_1/top_block_wrapper.bit} [get_hw_devices xcau15p_0]
program_hw_devices [get_hw_devices xcau15p_0]
INFO: [Labtools 27-3164] End of startup status: HIGH
program_hw_devices: Time (s): cpu = 00:00:15 ; elapsed = 00:00:15 . Memory (MB): peak = 14981.012 ; gain = 0.000 ; free physical = 33531 ; free virtual = 52822
refresh_hw_device [lindex [get_hw_devices xcau15p_0] 0]
INFO: [Labtools 27-2302] Device xcau15p (JTAG device index = 0) is programmed with a design that has 1 ILA core(s).
INFO: [Labtools 27-2302] Device xcau15p (JTAG device index = 0) is programmed with a design that has 1 VIO core(s).
display_hw_ila_data [ get_hw_ila_data hw_ila_data_1 -of_objects [get_hw_ilas -of_objects [get_hw_devices xcau15p_0] -filter {CELL_NAME=~"u_ila_0"}]]
run_hw_ila [get_hw_ilas -of_objects [get_hw_devices xcau15p_0] -filter {CELL_NAME=~"u_ila_0"}]
INFO: [Labtools 27-1964] The ILA core 'hw_ila_1' trigger was armed at 2024-Aug-15 11:13:40
wait_on_hw_ila [get_hw_ilas -of_objects [get_hw_devices xcau15p_0] -filter {CELL_NAME=~"u_ila_0"}]
display_hw_ila_data [upload_hw_ila_data [get_hw_ilas -of_objects [get_hw_devices xcau15p_0] -filter {CELL_NAME=~"u_ila_0"}]]
INFO: [Labtools 27-1966] The ILA core 'hw_ila_1' triggered at 2024-Aug-15 11:13:51
INFO: [Labtools 27-3304] ILA Waveform data saved to file /home/nagafusa/work/spadi/Fakernet/SAMIDARE/samidare.hw/backup/hw_ila_data_1.ila. Use Tcl command 'read_hw_ila_data' or Vivado File->Import->Import ILA Data menu item to import the previously saved data.
run_hw_ila [get_hw_ilas -of_objects [get_hw_devices xcau15p_0] -filter {CELL_NAME=~"u_ila_0"}]
INFO: [Labtools 27-1964] The ILA core 'hw_ila_1' trigger was armed at 2024-Aug-15 11:15:45
wait_on_hw_ila [get_hw_ilas -of_objects [get_hw_devices xcau15p_0] -filter {CELL_NAME=~"u_ila_0"}]
display_hw_ila_data [upload_hw_ila_data [get_hw_ilas -of_objects [get_hw_devices xcau15p_0] -filter {CELL_NAME=~"u_ila_0"}]]
INFO: [Labtools 27-1966] The ILA core 'hw_ila_1' triggered at 2024-Aug-15 11:15:48
INFO: [Labtools 27-3304] ILA Waveform data saved to file /home/nagafusa/work/spadi/Fakernet/SAMIDARE/samidare.hw/backup/hw_ila_data_1.ila. Use Tcl command 'read_hw_ila_data' or Vivado File->Import->Import ILA Data menu item to import the previously saved data.
run_hw_ila [get_hw_ilas -of_objects [get_hw_devices xcau15p_0] -filter {CELL_NAME=~"u_ila_0"}]
INFO: [Labtools 27-1964] The ILA core 'hw_ila_1' trigger was armed at 2024-Aug-15 11:39:30
wait_on_hw_ila [get_hw_ilas -of_objects [get_hw_devices xcau15p_0] -filter {CELL_NAME=~"u_ila_0"}]
display_hw_ila_data [upload_hw_ila_data [get_hw_ilas -of_objects [get_hw_devices xcau15p_0] -filter {CELL_NAME=~"u_ila_0"}]]
INFO: [Labtools 27-1966] The ILA core 'hw_ila_1' triggered at 2024-Aug-15 11:39:31
INFO: [Labtools 27-3304] ILA Waveform data saved to file /home/nagafusa/work/spadi/Fakernet/SAMIDARE/samidare.hw/backup/hw_ila_data_1.ila. Use Tcl command 'read_hw_ila_data' or Vivado File->Import->Import ILA Data menu item to import the previously saved data.
startgroup
create_bd_cell -type ip -vlnv xilinx.com:ip:xlconcat:2.1 xlconcat_3
endgroup
set_property CONFIG.NUM_PORTS {4} [get_bd_cells xlconcat_3]
set_property location {6.5 3160 1145} [get_bd_cells xlconcat_3]
startgroup
create_bd_cell -type ip -vlnv xilinx.com:ip:xlconcat:2.1 xlconcat_4
endgroup
set_property location {8.5 3533 1161} [get_bd_cells xlconcat_4]
set_property CONFIG.NUM_PORTS {4} [get_bd_cells xlconcat_4]
delete_bd_objs [get_bd_nets util_ds_buf_4_OBUF_DS_P] [get_bd_nets util_ds_buf_4_OBUF_DS_N] [get_bd_cells util_ds_buf_4]
delete_bd_objs [get_bd_nets util_ds_buf_3_OBUF_DS_P] [get_bd_nets util_ds_buf_3_OBUF_DS_N] [get_bd_cells util_ds_buf_3]
connect_bd_net [get_bd_pins clk_wiz_2/clk_out1] [get_bd_pins xlconcat_3/In0]
startgroup
set_property location {5 1632 1165} [get_bd_cells xlconcat_4]
set_property location {4 1472 1145} [get_bd_cells xlconcat_3]
endgroup
set_property location {4 1659 1154} [get_bd_cells xlconcat_4]
connect_bd_net [get_bd_pins clk_wiz_2/clk_out1] [get_bd_pins xlconcat_3/In1]
connect_bd_net [get_bd_pins clk_wiz_2/clk_out1] [get_bd_pins xlconcat_3/In2]
connect_bd_net [get_bd_pins clk_wiz_2/clk_out1] [get_bd_pins xlconcat_3/In3]
connect_bd_net [get_bd_pins clk_wiz_2/clk_out1] [get_bd_pins xlconcat_4/In0]
connect_bd_net [get_bd_pins clk_wiz_2/clk_out1] [get_bd_pins xlconcat_4/In1]
connect_bd_net [get_bd_pins clk_wiz_2/clk_out1] [get_bd_pins xlconcat_4/In2]
connect_bd_net [get_bd_pins clk_wiz_2/clk_out1] [get_bd_pins xlconcat_4/In3]
delete_bd_objs [get_bd_ports BX_SYNC_TRG_P]
delete_bd_objs [get_bd_ports BX_SYNX_TRG_N]
create_bd_port -dir O -from 3 -to 0 BX_SYNC_TRG_P
create_bd_port -dir O -from 3 -to 0 BX_SYNC_TRG_N
set_property location {3680 1208} [get_bd_ports BX_SYNC_TRG_P]
startgroup
create_bd_cell -type ip -vlnv xilinx.com:ip:util_ds_buf:2.2 util_ds_buf_3
endgroup
set_property location {7 3379 1179} [get_bd_cells util_ds_buf_3]
set_property CONFIG.C_BUF_TYPE {OBUFDS} [get_bd_cells util_ds_buf_3]
connect_bd_net [get_bd_ports BX_SYNC_TRG_P] [get_bd_pins util_ds_buf_3/OBUF_DS_P]
WARNING: [BD 41-1306] The connection to interface pin </util_ds_buf_3/OBUF_DS_P> is being overridden by the user with net <util_ds_buf_3_OBUF_DS_P>. This pin will not be connected as a part of interface connection <CLK_OUT_D3>.
connect_bd_net [get_bd_ports BX_SYNC_TRG_N] [get_bd_pins util_ds_buf_3/OBUF_DS_N]
WARNING: [BD 41-1306] The connection to interface pin </util_ds_buf_3/OBUF_DS_N> is being overridden by the user with net <util_ds_buf_3_OBUF_DS_N>. This pin will not be connected as a part of interface connection <CLK_OUT_D3>.
startgroup
set_property CONFIG.C_SIZE {4} [get_bd_cells util_ds_buf_3]
endgroup
connect_bd_net [get_bd_pins util_ds_buf_3/OBUF_IN] [get_bd_pins xlconcat_3/dout]
startgroup
create_bd_cell -type ip -vlnv xilinx.com:ip:util_ds_buf:2.2 util_ds_buf_4
endgroup
set_property -dict [list \
  CONFIG.C_BUF_TYPE {OBUFDS} \
  CONFIG.C_SIZE {4} \
] [get_bd_cells util_ds_buf_4]
connect_bd_net [get_bd_pins xlconcat_4/dout] [get_bd_pins util_ds_buf_4/OBUF_IN]
set_property location {6 3279 1379} [get_bd_cells util_ds_buf_4]
delete_bd_objs [get_bd_ports HBTRG_P]
delete_bd_objs [get_bd_ports HBTRG_N]
create_bd_port -dir O -from 3 -to 0 HBTRG_P
create_bd_port -dir O -from 3 -to 0 HBTRG_N
connect_bd_net [get_bd_ports HBTRG_N] [get_bd_pins util_ds_buf_4/OBUF_DS_N]
WARNING: [BD 41-1306] The connection to interface pin </util_ds_buf_4/OBUF_DS_N> is being overridden by the user with net <util_ds_buf_4_OBUF_DS_N>. This pin will not be connected as a part of interface connection <CLK_OUT_D3>.
connect_bd_net [get_bd_ports HBTRG_P] [get_bd_pins util_ds_buf_4/OBUF_DS_P]
WARNING: [BD 41-1306] The connection to interface pin </util_ds_buf_4/OBUF_DS_P> is being overridden by the user with net <util_ds_buf_4_OBUF_DS_P>. This pin will not be connected as a part of interface connection <CLK_OUT_D3>.
regenerate_bd_layout
save_bd_design
Wrote  : </home/nagafusa/work/spadi/Fakernet/SAMIDARE/samidare.srcs/sources_1/bd/top_block/top_block.bd> 
Wrote  : </home/nagafusa/work/spadi/Fakernet/SAMIDARE/samidare.srcs/sources_1/bd/top_block/ui/bd_3e573403.ui> 
reset_run synth_1
INFO: [Project 1-1161] Replacing file /home/nagafusa/work/spadi/Fakernet/SAMIDARE/samidare.srcs/utils_1/imports/synth_1/top_level.dcp with file /home/nagafusa/work/spadi/Fakernet/SAMIDARE/samidare.runs/synth_1/top_block_wrapper.dcp
launch_runs impl_1 -to_step write_bitstream -jobs 32
INFO: [Vivado 12-4149] The synthesis checkpoint for IP '/home/nagafusa/work/spadi/Fakernet/SAMIDARE/samidare.srcs/sources_1/ip/gig_ethernet_pcs_pma_0_2/gig_ethernet_pcs_pma_0.xci' is already up-to-date
ERROR: [BD 41-758] The following clock pins are not connected to a valid clock source: 
/xpm_cdc_gen_0/src_clk
/xpm_cdc_gen_0/dest_clk
/util_ds_buf_5/CLK_IN_D

ERROR: [BD 41-1031] Hdl Generation failed for the IP Integrator design /home/nagafusa/work/spadi/Fakernet/SAMIDARE/samidare.srcs/sources_1/bd/top_block/top_block.bd 
INFO: [IP_Flow 19-6930] IPCACHE: runCacheChecks() number of threads = 8
INFO: [IP_Flow 19-6921] IPCACHE: Adding cache check func to thread queue for IP top_block_util_ds_buf_3_1
INFO: [IP_Flow 19-6921] IPCACHE: Adding cache check func to thread queue for IP top_block_util_ds_buf_4_1
INFO: [IP_Flow 19-6921] IPCACHE: Adding cache check func to thread queue for IP top_block_util_ds_buf_5_0
INFO: [IP_Flow 19-6921] IPCACHE: Adding cache check func to thread queue for IP top_block_xpm_cdc_gen_0_1
INFO: [IP_Flow 19-8020] IPCACHE: runCacheChecks() calling threadPool finishWork()
INFO: [IP_Flow 19-6924] IPCACHE: Running cache check for IP inst: top_block_util_ds_buf_3_1
INFO: [IP_Flow 19-6922] IPCACHE: Exporting cached entry 913d3794f8219345 to dir: /home/nagafusa/work/spadi/Fakernet/SAMIDARE/samidare.gen/sources_1/bd/top_block/ip/top_block_util_ds_buf_3_1
INFO: [IP_Flow 19-6928] IPCACHE: copied cached file /home/nagafusa/work/spadi/Fakernet/SAMIDARE/samidare.cache/ip/2022.2/9/1/913d3794f8219345/top_block_util_ds_buf_2_0_stub.v to /home/nagafusa/work/spadi/Fakernet/SAMIDARE/samidare.gen/sources_1/bd/top_block/ip/top_block_util_ds_buf_3_1/top_block_util_ds_buf_3_1_stub.v.
INFO: [IP_Flow 19-6926] IPCACHE: added file to list for BOM: /home/nagafusa/work/spadi/Fakernet/SAMIDARE/samidare.gen/sources_1/bd/top_block/ip/top_block_util_ds_buf_3_1/top_block_util_ds_buf_3_1_stub.v
INFO: [IP_Flow 19-6928] IPCACHE: copied cached file /home/nagafusa/work/spadi/Fakernet/SAMIDARE/samidare.cache/ip/2022.2/9/1/913d3794f8219345/top_block_util_ds_buf_2_0_sim_netlist.vhdl to /home/nagafusa/work/spadi/Fakernet/SAMIDARE/samidare.gen/sources_1/bd/top_block/ip/top_block_util_ds_buf_3_1/top_block_util_ds_buf_3_1_sim_netlist.vhdl.
INFO: [IP_Flow 19-6926] IPCACHE: added file to list for BOM: /home/nagafusa/work/spadi/Fakernet/SAMIDARE/samidare.gen/sources_1/bd/top_block/ip/top_block_util_ds_buf_3_1/top_block_util_ds_buf_3_1_sim_netlist.vhdl
INFO: [IP_Flow 19-6928] IPCACHE: copied cached file /home/nagafusa/work/spadi/Fakernet/SAMIDARE/samidare.cache/ip/2022.2/9/1/913d3794f8219345/top_block_util_ds_buf_2_0.dcp to /home/nagafusa/work/spadi/Fakernet/SAMIDARE/samidare.gen/sources_1/bd/top_block/ip/top_block_util_ds_buf_3_1/top_block_util_ds_buf_3_1.dcp.
INFO: [IP_Flow 19-6926] IPCACHE: added file to list for BOM: /home/nagafusa/work/spadi/Fakernet/SAMIDARE/samidare.gen/sources_1/bd/top_block/ip/top_block_util_ds_buf_3_1/top_block_util_ds_buf_3_1.dcp
INFO: [IP_Flow 19-6928] IPCACHE: copied cached file /home/nagafusa/work/spadi/Fakernet/SAMIDARE/samidare.cache/ip/2022.2/9/1/913d3794f8219345/top_block_util_ds_buf_2_0_sim_netlist.v to /home/nagafusa/work/spadi/Fakernet/SAMIDARE/samidare.gen/sources_1/bd/top_block/ip/top_block_util_ds_buf_3_1/top_block_util_ds_buf_3_1_sim_netlist.v.
INFO: [IP_Flow 19-6926] IPCACHE: added file to list for BOM: /home/nagafusa/work/spadi/Fakernet/SAMIDARE/samidare.gen/sources_1/bd/top_block/ip/top_block_util_ds_buf_3_1/top_block_util_ds_buf_3_1_sim_netlist.v
INFO: [IP_Flow 19-6928] IPCACHE: copied cached file /home/nagafusa/work/spadi/Fakernet/SAMIDARE/samidare.cache/ip/2022.2/9/1/913d3794f8219345/top_block_util_ds_buf_2_0_stub.vhdl to /home/nagafusa/work/spadi/Fakernet/SAMIDARE/samidare.gen/sources_1/bd/top_block/ip/top_block_util_ds_buf_3_1/top_block_util_ds_buf_3_1_stub.vhdl.
INFO: [IP_Flow 19-6926] IPCACHE: added file to list for BOM: /home/nagafusa/work/spadi/Fakernet/SAMIDARE/samidare.gen/sources_1/bd/top_block/ip/top_block_util_ds_buf_3_1/top_block_util_ds_buf_3_1_stub.vhdl
INFO: [IP_Flow 19-4993] Using cached IP synthesis design for IP top_block_util_ds_buf_3_1, cache-ID = 913d3794f8219345; cache size = 642.183 MB.
INFO: [IP_Flow 19-6924] IPCACHE: Running cache check for IP inst: top_block_util_ds_buf_4_1
INFO: [IP_Flow 19-6922] IPCACHE: Exporting cached entry 913d3794f8219345 to dir: /home/nagafusa/work/spadi/Fakernet/SAMIDARE/samidare.gen/sources_1/bd/top_block/ip/top_block_util_ds_buf_4_1
INFO: [IP_Flow 19-6928] IPCACHE: copied cached file /home/nagafusa/work/spadi/Fakernet/SAMIDARE/samidare.cache/ip/2022.2/9/1/913d3794f8219345/top_block_util_ds_buf_2_0_stub.v to /home/nagafusa/work/spadi/Fakernet/SAMIDARE/samidare.gen/sources_1/bd/top_block/ip/top_block_util_ds_buf_4_1/top_block_util_ds_buf_4_1_stub.v.
INFO: [IP_Flow 19-6926] IPCACHE: added file to list for BOM: /home/nagafusa/work/spadi/Fakernet/SAMIDARE/samidare.gen/sources_1/bd/top_block/ip/top_block_util_ds_buf_4_1/top_block_util_ds_buf_4_1_stub.v
INFO: [IP_Flow 19-6928] IPCACHE: copied cached file /home/nagafusa/work/spadi/Fakernet/SAMIDARE/samidare.cache/ip/2022.2/9/1/913d3794f8219345/top_block_util_ds_buf_2_0_sim_netlist.vhdl to /home/nagafusa/work/spadi/Fakernet/SAMIDARE/samidare.gen/sources_1/bd/top_block/ip/top_block_util_ds_buf_4_1/top_block_util_ds_buf_4_1_sim_netlist.vhdl.
INFO: [IP_Flow 19-6926] IPCACHE: added file to list for BOM: /home/nagafusa/work/spadi/Fakernet/SAMIDARE/samidare.gen/sources_1/bd/top_block/ip/top_block_util_ds_buf_4_1/top_block_util_ds_buf_4_1_sim_netlist.vhdl
INFO: [IP_Flow 19-6928] IPCACHE: copied cached file /home/nagafusa/work/spadi/Fakernet/SAMIDARE/samidare.cache/ip/2022.2/9/1/913d3794f8219345/top_block_util_ds_buf_2_0.dcp to /home/nagafusa/work/spadi/Fakernet/SAMIDARE/samidare.gen/sources_1/bd/top_block/ip/top_block_util_ds_buf_4_1/top_block_util_ds_buf_4_1.dcp.
INFO: [IP_Flow 19-6926] IPCACHE: added file to list for BOM: /home/nagafusa/work/spadi/Fakernet/SAMIDARE/samidare.gen/sources_1/bd/top_block/ip/top_block_util_ds_buf_4_1/top_block_util_ds_buf_4_1.dcp
INFO: [IP_Flow 19-6928] IPCACHE: copied cached file /home/nagafusa/work/spadi/Fakernet/SAMIDARE/samidare.cache/ip/2022.2/9/1/913d3794f8219345/top_block_util_ds_buf_2_0_sim_netlist.v to /home/nagafusa/work/spadi/Fakernet/SAMIDARE/samidare.gen/sources_1/bd/top_block/ip/top_block_util_ds_buf_4_1/top_block_util_ds_buf_4_1_sim_netlist.v.
INFO: [IP_Flow 19-6926] IPCACHE: added file to list for BOM: /home/nagafusa/work/spadi/Fakernet/SAMIDARE/samidare.gen/sources_1/bd/top_block/ip/top_block_util_ds_buf_4_1/top_block_util_ds_buf_4_1_sim_netlist.v
INFO: [IP_Flow 19-6928] IPCACHE: copied cached file /home/nagafusa/work/spadi/Fakernet/SAMIDARE/samidare.cache/ip/2022.2/9/1/913d3794f8219345/top_block_util_ds_buf_2_0_stub.vhdl to /home/nagafusa/work/spadi/Fakernet/SAMIDARE/samidare.gen/sources_1/bd/top_block/ip/top_block_util_ds_buf_4_1/top_block_util_ds_buf_4_1_stub.vhdl.
INFO: [IP_Flow 19-6926] IPCACHE: added file to list for BOM: /home/nagafusa/work/spadi/Fakernet/SAMIDARE/samidare.gen/sources_1/bd/top_block/ip/top_block_util_ds_buf_4_1/top_block_util_ds_buf_4_1_stub.vhdl
INFO: [IP_Flow 19-4993] Using cached IP synthesis design for IP top_block_util_ds_buf_4_1, cache-ID = 913d3794f8219345; cache size = 642.183 MB.
INFO: [IP_Flow 19-6924] IPCACHE: Running cache check for IP inst: top_block_util_ds_buf_5_0
INFO: [IP_Flow 19-6924] IPCACHE: Running cache check for IP inst: top_block_xpm_cdc_gen_0_1
ERROR: [Vivado 12-4756] Launch of runs aborted due to earlier errors while preparing sub-designs for run execution.
delete_bd_objs [get_bd_cells xpm_cdc_gen_0] [get_bd_cells util_ds_buf_5]
regenerate_bd_layout
save_bd_design
Wrote  : </home/nagafusa/work/spadi/Fakernet/SAMIDARE/samidare.srcs/sources_1/bd/top_block/top_block.bd> 
Wrote  : </home/nagafusa/work/spadi/Fakernet/SAMIDARE/samidare.srcs/sources_1/bd/top_block/ui/bd_3e573403.ui> 
launch_runs impl_1 -to_step write_bitstream -jobs 32
INFO: [Vivado 12-4149] The synthesis checkpoint for IP '/home/nagafusa/work/spadi/Fakernet/SAMIDARE/samidare.srcs/sources_1/ip/gig_ethernet_pcs_pma_0_2/gig_ethernet_pcs_pma_0.xci' is already up-to-date
unexpected operator ":" without preceding "?"
in expression "0.0:0.0:0.0:0.0 + 180"
ERROR: [BD 41-1273] Error running propagate TCL procedure: unexpected operator ":" without preceding "?"
    ::xilinx.com_ip_util_vector_logic_2.0::propagate Line 24
CRITICAL WARNING: [BD 41-1344] Reset pin /SAMPA_I2C_wrapper/axi_iic_0/s_axi_aresetn (associated clock /SAMPA_I2C_wrapper/axi_iic_0/s_axi_aclk) is connected to reset source /reset/rst_clk_wiz_0_125M/peripheral_aresetn (synchronous to clock source /clk_wiz_0/clk_out5).
This may prevent design from meeting timing. Instead it should be connected to reset source /rst_clk_wiz_0_40M/peripheral_aresetn.
CRITICAL WARNING: [BD 41-1344] Reset pin /SAMPA_I2C_wrapper/I2C_Controller_v1_0_0/m01_axi_aresetn (associated clock /SAMPA_I2C_wrapper/I2C_Controller_v1_0_0/m01_axi_aclk) is connected to reset source /reset/rst_clk_wiz_0_125M/peripheral_aresetn (synchronous to clock source /clk_wiz_0/clk_out5).
This may prevent design from meeting timing. Instead it should be connected to reset source /rst_clk_wiz_0_40M/peripheral_aresetn.
INFO: [xilinx.com:ip:clk_wiz:6.0-1] /clk_wiz_2 clk_wiz propagate
INFO: [xilinx.com:ip:clk_wiz:6.0-1] /clk_wiz_1 clk_wiz propagate
INFO: [xilinx.com:ip:clk_wiz:6.0-1] /clk_wiz_0 clk_wiz propagate
CRITICAL WARNING: [BD 41-759] The input pins (listed below) are either not connected or do not have a source port, and they don't have a tie-off specified. These pins are tied-off to all 0's to avoid error in Implementation flow.
Please check your design and connect them as needed: 
/fakernet/gig_ethernet_pcs_pma_0/io_refclk
/fakernet/gig_ethernet_pcs_pma_0/gmii_tx_er
/fakernet/fakernet_top_0/spi_sdi
/fakernet/fakernet_top_0/sw
/fakernet/fakernet_top_0/btn
/fakernet/fakernet_top_0/ja0
/fakernet/fakernet_top_0/ja2
/fakernet/fakernet_top_0/ja3
/fakernet/fakernet_top_0/jd0
/fakernet/fakernet_top_0/jd2
/fakernet/fakernet_top_0/uart_rx
/led_module/u_led_inst_0/LED_REG0
/led_module/u_led_inst_0/LED_REG1
/SAMPA_I2C_wrapper/I2C_Controller_v1_0_0/m00_axi_init_axi_txn
/SAMPA_I2C_wrapper/I2C_Controller_v1_0_0/m01_axi_init_axi_txn
/SAMPA_PON_v1_0_0/m00_axi_init_axi_txn

Wrote  : </home/nagafusa/work/spadi/Fakernet/SAMIDARE/samidare.srcs/sources_1/bd/top_block/top_block.bd> 
Wrote  : </home/nagafusa/work/spadi/Fakernet/SAMIDARE/samidare.srcs/sources_1/bd/top_block/ui/bd_3e573403.ui> 
WARNING: [BD 41-2384] Width mismatch when connecting pin: '/reg_bram/blk_mem_gen_0/addra'(32) to pin: '/reg_bram/axi_bram_ctrl_0/bram_addr_a'(16) - Only lower order bits will be connected.
WARNING: [BD 41-2384] Width mismatch when connecting pin: '/reg_bram/blk_mem_gen_0/addrb'(32) to pin: '/reg_bram/axi_bram_ctrl_1/bram_addr_a'(16) - Only lower order bits will be connected.
Verilog Output written to : /home/nagafusa/work/spadi/Fakernet/SAMIDARE/samidare.gen/sources_1/bd/top_block/synth/top_block.v
WARNING: [BD 41-2384] Width mismatch when connecting pin: '/reg_bram/blk_mem_gen_0/addra'(32) to pin: '/reg_bram/axi_bram_ctrl_0/bram_addr_a'(16) - Only lower order bits will be connected.
WARNING: [BD 41-2384] Width mismatch when connecting pin: '/reg_bram/blk_mem_gen_0/addrb'(32) to pin: '/reg_bram/axi_bram_ctrl_1/bram_addr_a'(16) - Only lower order bits will be connected.
Verilog Output written to : /home/nagafusa/work/spadi/Fakernet/SAMIDARE/samidare.gen/sources_1/bd/top_block/sim/top_block.v
Verilog Output written to : /home/nagafusa/work/spadi/Fakernet/SAMIDARE/samidare.gen/sources_1/bd/top_block/hdl/top_block_wrapper.v
INFO: [BD 41-1029] Generation completed for the IP Integrator block xlconcat_3 .
INFO: [BD 41-1029] Generation completed for the IP Integrator block xlconcat_4 .
can't use non-numeric string as operand of "/"
CRITICAL WARNING: [IP_Flow 19-1747] Failed to deliver file '/opt/Xilinx/Vivado/2022.2/data/rsb/iprepos/util_ds_buf_v2_2/xit/ooc_xdc.xit': can't use non-numeric string as operand of "/"
ERROR: [IP_Flow 19-167] Failed to deliver one or more file(s).
ERROR: [IP_Flow 19-911] XIT detected an open writer channel for file '/home/nagafusa/work/spadi/Fakernet/SAMIDARE/samidare.gen/sources_1/bd/top_block/ip/top_block_util_ds_buf_3_1/top_block_util_ds_buf_3_1_ooc.xdc'. Please use 'close_ipfile' command to close channels before exit.
ERROR: [IP_Flow 19-3505] IP Generation error: Failed to generate IP 'util_ds_buf_3'. Failed to generate 'VHDL Synthesis' outputs: 
ERROR: [IP_Flow 19-98] Generation of the IP CORE failed.
Failed to generate IP 'util_ds_buf_3'. Failed to generate 'VHDL Synthesis' outputs: 
ERROR: [BD 41-1030] Generation failed for the IP Integrator block util_ds_buf_3 
can't use non-numeric string as operand of "/"
CRITICAL WARNING: [IP_Flow 19-1747] Failed to deliver file '/opt/Xilinx/Vivado/2022.2/data/rsb/iprepos/util_ds_buf_v2_2/xit/ooc_xdc.xit': can't use non-numeric string as operand of "/"
ERROR: [IP_Flow 19-167] Failed to deliver one or more file(s).
ERROR: [IP_Flow 19-911] XIT detected an open writer channel for file '/home/nagafusa/work/spadi/Fakernet/SAMIDARE/samidare.gen/sources_1/bd/top_block/ip/top_block_util_ds_buf_4_1/top_block_util_ds_buf_4_1_ooc.xdc'. Please use 'close_ipfile' command to close channels before exit.
ERROR: [IP_Flow 19-3505] IP Generation error: Failed to generate IP 'util_ds_buf_4'. Failed to generate 'VHDL Synthesis' outputs: 
ERROR: [IP_Flow 19-98] Generation of the IP CORE failed.
Failed to generate IP 'util_ds_buf_4'. Failed to generate 'VHDL Synthesis' outputs: 
ERROR: [BD 41-1030] Generation failed for the IP Integrator block util_ds_buf_4 
Exporting to file /home/nagafusa/work/spadi/Fakernet/SAMIDARE/samidare.gen/sources_1/bd/top_block/hw_handoff/top_block.hwh
Generated Hardware Definition File /home/nagafusa/work/spadi/Fakernet/SAMIDARE/samidare.gen/sources_1/bd/top_block/synth/top_block.hwdef
ERROR: [Vivado 12-4756] Launch of runs aborted due to earlier errors while preparing sub-designs for run execution.
launch_runs impl_1 -to_step write_bitstream -jobs 32
INFO: [Vivado 12-4149] The synthesis checkpoint for IP '/home/nagafusa/work/spadi/Fakernet/SAMIDARE/samidare.srcs/sources_1/ip/gig_ethernet_pcs_pma_0_2/gig_ethernet_pcs_pma_0.xci' is already up-to-date
can't use non-numeric string as operand of "/"
CRITICAL WARNING: [IP_Flow 19-1747] Failed to deliver file '/opt/Xilinx/Vivado/2022.2/data/rsb/iprepos/util_ds_buf_v2_2/xit/ooc_xdc.xit': can't use non-numeric string as operand of "/"
ERROR: [IP_Flow 19-167] Failed to deliver one or more file(s).
ERROR: [IP_Flow 19-911] XIT detected an open writer channel for file '/home/nagafusa/work/spadi/Fakernet/SAMIDARE/samidare.gen/sources_1/bd/top_block/ip/top_block_util_ds_buf_3_1/top_block_util_ds_buf_3_1_ooc.xdc'. Please use 'close_ipfile' command to close channels before exit.
ERROR: [IP_Flow 19-3505] IP Generation error: Failed to generate IP 'util_ds_buf_3'. Failed to generate 'VHDL Synthesis' outputs: 
ERROR: [IP_Flow 19-98] Generation of the IP CORE failed.
Failed to generate IP 'util_ds_buf_3'. Failed to generate 'VHDL Synthesis' outputs: 
ERROR: [BD 41-1030] Generation failed for the IP Integrator block util_ds_buf_3 
can't use non-numeric string as operand of "/"
CRITICAL WARNING: [IP_Flow 19-1747] Failed to deliver file '/opt/Xilinx/Vivado/2022.2/data/rsb/iprepos/util_ds_buf_v2_2/xit/ooc_xdc.xit': can't use non-numeric string as operand of "/"
ERROR: [IP_Flow 19-167] Failed to deliver one or more file(s).
ERROR: [IP_Flow 19-911] XIT detected an open writer channel for file '/home/nagafusa/work/spadi/Fakernet/SAMIDARE/samidare.gen/sources_1/bd/top_block/ip/top_block_util_ds_buf_4_1/top_block_util_ds_buf_4_1_ooc.xdc'. Please use 'close_ipfile' command to close channels before exit.
ERROR: [IP_Flow 19-3505] IP Generation error: Failed to generate IP 'util_ds_buf_4'. Failed to generate 'VHDL Synthesis' outputs: 
ERROR: [IP_Flow 19-98] Generation of the IP CORE failed.
Failed to generate IP 'util_ds_buf_4'. Failed to generate 'VHDL Synthesis' outputs: 
ERROR: [BD 41-1030] Generation failed for the IP Integrator block util_ds_buf_4 
ERROR: [Vivado 12-4756] Launch of runs aborted due to earlier errors while preparing sub-designs for run execution.
launch_runs impl_1 -to_step write_bitstream -jobs 32
INFO: [Vivado 12-4149] The synthesis checkpoint for IP '/home/nagafusa/work/spadi/Fakernet/SAMIDARE/samidare.srcs/sources_1/ip/gig_ethernet_pcs_pma_0_2/gig_ethernet_pcs_pma_0.xci' is already up-to-date
can't use non-numeric string as operand of "/"
CRITICAL WARNING: [IP_Flow 19-1747] Failed to deliver file '/opt/Xilinx/Vivado/2022.2/data/rsb/iprepos/util_ds_buf_v2_2/xit/ooc_xdc.xit': can't use non-numeric string as operand of "/"
ERROR: [IP_Flow 19-167] Failed to deliver one or more file(s).
ERROR: [IP_Flow 19-911] XIT detected an open writer channel for file '/home/nagafusa/work/spadi/Fakernet/SAMIDARE/samidare.gen/sources_1/bd/top_block/ip/top_block_util_ds_buf_3_1/top_block_util_ds_buf_3_1_ooc.xdc'. Please use 'close_ipfile' command to close channels before exit.
ERROR: [IP_Flow 19-3505] IP Generation error: Failed to generate IP 'util_ds_buf_3'. Failed to generate 'VHDL Synthesis' outputs: 
ERROR: [IP_Flow 19-98] Generation of the IP CORE failed.
Failed to generate IP 'util_ds_buf_3'. Failed to generate 'VHDL Synthesis' outputs: 
ERROR: [BD 41-1030] Generation failed for the IP Integrator block util_ds_buf_3 
can't use non-numeric string as operand of "/"
CRITICAL WARNING: [IP_Flow 19-1747] Failed to deliver file '/opt/Xilinx/Vivado/2022.2/data/rsb/iprepos/util_ds_buf_v2_2/xit/ooc_xdc.xit': can't use non-numeric string as operand of "/"
ERROR: [IP_Flow 19-167] Failed to deliver one or more file(s).
ERROR: [IP_Flow 19-911] XIT detected an open writer channel for file '/home/nagafusa/work/spadi/Fakernet/SAMIDARE/samidare.gen/sources_1/bd/top_block/ip/top_block_util_ds_buf_4_1/top_block_util_ds_buf_4_1_ooc.xdc'. Please use 'close_ipfile' command to close channels before exit.
ERROR: [IP_Flow 19-3505] IP Generation error: Failed to generate IP 'util_ds_buf_4'. Failed to generate 'VHDL Synthesis' outputs: 
ERROR: [IP_Flow 19-98] Generation of the IP CORE failed.
Failed to generate IP 'util_ds_buf_4'. Failed to generate 'VHDL Synthesis' outputs: 
ERROR: [BD 41-1030] Generation failed for the IP Integrator block util_ds_buf_4 
ERROR: [Vivado 12-4756] Launch of runs aborted due to earlier errors while preparing sub-designs for run execution.
launch_runs impl_1 -to_step write_bitstream -jobs 32
INFO: [Vivado 12-4149] The synthesis checkpoint for IP '/home/nagafusa/work/spadi/Fakernet/SAMIDARE/samidare.srcs/sources_1/ip/gig_ethernet_pcs_pma_0_2/gig_ethernet_pcs_pma_0.xci' is already up-to-date
can't use non-numeric string as operand of "/"
CRITICAL WARNING: [IP_Flow 19-1747] Failed to deliver file '/opt/Xilinx/Vivado/2022.2/data/rsb/iprepos/util_ds_buf_v2_2/xit/ooc_xdc.xit': can't use non-numeric string as operand of "/"
ERROR: [IP_Flow 19-167] Failed to deliver one or more file(s).
ERROR: [IP_Flow 19-911] XIT detected an open writer channel for file '/home/nagafusa/work/spadi/Fakernet/SAMIDARE/samidare.gen/sources_1/bd/top_block/ip/top_block_util_ds_buf_3_1/top_block_util_ds_buf_3_1_ooc.xdc'. Please use 'close_ipfile' command to close channels before exit.
ERROR: [IP_Flow 19-3505] IP Generation error: Failed to generate IP 'util_ds_buf_3'. Failed to generate 'VHDL Synthesis' outputs: 
ERROR: [IP_Flow 19-98] Generation of the IP CORE failed.
Failed to generate IP 'util_ds_buf_3'. Failed to generate 'VHDL Synthesis' outputs: 
ERROR: [BD 41-1030] Generation failed for the IP Integrator block util_ds_buf_3 
can't use non-numeric string as operand of "/"
CRITICAL WARNING: [IP_Flow 19-1747] Failed to deliver file '/opt/Xilinx/Vivado/2022.2/data/rsb/iprepos/util_ds_buf_v2_2/xit/ooc_xdc.xit': can't use non-numeric string as operand of "/"
ERROR: [IP_Flow 19-167] Failed to deliver one or more file(s).
ERROR: [IP_Flow 19-911] XIT detected an open writer channel for file '/home/nagafusa/work/spadi/Fakernet/SAMIDARE/samidare.gen/sources_1/bd/top_block/ip/top_block_util_ds_buf_4_1/top_block_util_ds_buf_4_1_ooc.xdc'. Please use 'close_ipfile' command to close channels before exit.
ERROR: [IP_Flow 19-3505] IP Generation error: Failed to generate IP 'util_ds_buf_4'. Failed to generate 'VHDL Synthesis' outputs: 
ERROR: [IP_Flow 19-98] Generation of the IP CORE failed.
Failed to generate IP 'util_ds_buf_4'. Failed to generate 'VHDL Synthesis' outputs: 
ERROR: [BD 41-1030] Generation failed for the IP Integrator block util_ds_buf_4 
ERROR: [Vivado 12-4756] Launch of runs aborted due to earlier errors while preparing sub-designs for run execution.
delete_bd_objs [get_bd_nets xlconcat_3_dout] [get_bd_nets util_ds_buf_3_OBUF_DS_P] [get_bd_nets util_ds_buf_3_OBUF_DS_N] [get_bd_cells util_ds_buf_3]
startgroup
create_bd_cell -type ip -vlnv xilinx.com:ip:util_ds_buf:2.2 util_ds_buf_3
endgroup
set_property location {5 2476 1895} [get_bd_cells util_ds_buf_3]
set_property CONFIG.C_BUF_TYPE {OBUFDS} [get_bd_cells util_ds_buf_3]
connect_bd_net [get_bd_pins xlconcat_3/dout] [get_bd_pins util_ds_buf_3/OBUF_IN]
connect_bd_net [get_bd_ports BX_SYNC_TRG_P] [get_bd_pins util_ds_buf_3/OBUF_DS_P]
WARNING: [BD 41-1306] The connection to interface pin </util_ds_buf_3/OBUF_DS_P> is being overridden by the user with net <util_ds_buf_3_OBUF_DS_P>. This pin will not be connected as a part of interface connection <CLK_OUT_D3>.
connect_bd_net [get_bd_ports BX_SYNC_TRG_N] [get_bd_pins util_ds_buf_3/OBUF_DS_N]
WARNING: [BD 41-1306] The connection to interface pin </util_ds_buf_3/OBUF_DS_N> is being overridden by the user with net <util_ds_buf_3_OBUF_DS_N>. This pin will not be connected as a part of interface connection <CLK_OUT_D3>.
regenerate_bd_layout
save_bd_design
Wrote  : </home/nagafusa/work/spadi/Fakernet/SAMIDARE/samidare.srcs/sources_1/bd/top_block/top_block.bd> 
Wrote  : </home/nagafusa/work/spadi/Fakernet/SAMIDARE/samidare.srcs/sources_1/bd/top_block/ui/bd_3e573403.ui> 
launch_runs impl_1 -to_step write_bitstream -jobs 32
INFO: [Vivado 12-4149] The synthesis checkpoint for IP '/home/nagafusa/work/spadi/Fakernet/SAMIDARE/samidare.srcs/sources_1/ip/gig_ethernet_pcs_pma_0_2/gig_ethernet_pcs_pma_0.xci' is already up-to-date
unexpected operator ":" without preceding "?"
in expression "0.0:0.0:0.0:0.0 + 180"
ERROR: [BD 41-1273] Error running propagate TCL procedure: unexpected operator ":" without preceding "?"
    ::xilinx.com_ip_util_vector_logic_2.0::propagate Line 24
CRITICAL WARNING: [BD 41-1344] Reset pin /SAMPA_I2C_wrapper/axi_iic_0/s_axi_aresetn (associated clock /SAMPA_I2C_wrapper/axi_iic_0/s_axi_aclk) is connected to reset source /reset/rst_clk_wiz_0_125M/peripheral_aresetn (synchronous to clock source /clk_wiz_0/clk_out5).
This may prevent design from meeting timing. Instead it should be connected to reset source /rst_clk_wiz_0_40M/peripheral_aresetn.
CRITICAL WARNING: [BD 41-1344] Reset pin /SAMPA_I2C_wrapper/I2C_Controller_v1_0_0/m01_axi_aresetn (associated clock /SAMPA_I2C_wrapper/I2C_Controller_v1_0_0/m01_axi_aclk) is connected to reset source /reset/rst_clk_wiz_0_125M/peripheral_aresetn (synchronous to clock source /clk_wiz_0/clk_out5).
This may prevent design from meeting timing. Instead it should be connected to reset source /rst_clk_wiz_0_40M/peripheral_aresetn.
INFO: [xilinx.com:ip:clk_wiz:6.0-1] /clk_wiz_2 clk_wiz propagate
INFO: [xilinx.com:ip:clk_wiz:6.0-1] /clk_wiz_1 clk_wiz propagate
INFO: [xilinx.com:ip:clk_wiz:6.0-1] /clk_wiz_0 clk_wiz propagate
CRITICAL WARNING: [BD 41-759] The input pins (listed below) are either not connected or do not have a source port, and they don't have a tie-off specified. These pins are tied-off to all 0's to avoid error in Implementation flow.
Please check your design and connect them as needed: 
/fakernet/gig_ethernet_pcs_pma_0/io_refclk
/fakernet/gig_ethernet_pcs_pma_0/gmii_tx_er
/fakernet/fakernet_top_0/spi_sdi
/fakernet/fakernet_top_0/sw
/fakernet/fakernet_top_0/btn
/fakernet/fakernet_top_0/ja0
/fakernet/fakernet_top_0/ja2
/fakernet/fakernet_top_0/ja3
/fakernet/fakernet_top_0/jd0
/fakernet/fakernet_top_0/jd2
/fakernet/fakernet_top_0/uart_rx
/led_module/u_led_inst_0/LED_REG0
/led_module/u_led_inst_0/LED_REG1
/SAMPA_I2C_wrapper/I2C_Controller_v1_0_0/m00_axi_init_axi_txn
/SAMPA_I2C_wrapper/I2C_Controller_v1_0_0/m01_axi_init_axi_txn
/SAMPA_PON_v1_0_0/m00_axi_init_axi_txn

Wrote  : </home/nagafusa/work/spadi/Fakernet/SAMIDARE/samidare.srcs/sources_1/bd/top_block/top_block.bd> 
Wrote  : </home/nagafusa/work/spadi/Fakernet/SAMIDARE/samidare.srcs/sources_1/bd/top_block/ui/bd_3e573403.ui> 
WARNING: [BD 41-2384] Width mismatch when connecting pin: '/reg_bram/blk_mem_gen_0/addra'(32) to pin: '/reg_bram/axi_bram_ctrl_0/bram_addr_a'(16) - Only lower order bits will be connected.
WARNING: [BD 41-2384] Width mismatch when connecting pin: '/reg_bram/blk_mem_gen_0/addrb'(32) to pin: '/reg_bram/axi_bram_ctrl_1/bram_addr_a'(16) - Only lower order bits will be connected.
CRITICAL WARNING: [BD 41-2383] Width mismatch when connecting input pin '/util_ds_buf_3/OBUF_IN'(1) to pin '/xlconcat_3/dout'(4) - Only lower order bits will be connected, and other input bits of this pin will be left unconnected.
Verilog Output written to : /home/nagafusa/work/spadi/Fakernet/SAMIDARE/samidare.gen/sources_1/bd/top_block/synth/top_block.v
WARNING: [BD 41-2384] Width mismatch when connecting pin: '/reg_bram/blk_mem_gen_0/addra'(32) to pin: '/reg_bram/axi_bram_ctrl_0/bram_addr_a'(16) - Only lower order bits will be connected.
WARNING: [BD 41-2384] Width mismatch when connecting pin: '/reg_bram/blk_mem_gen_0/addrb'(32) to pin: '/reg_bram/axi_bram_ctrl_1/bram_addr_a'(16) - Only lower order bits will be connected.
CRITICAL WARNING: [BD 41-2383] Width mismatch when connecting input pin '/util_ds_buf_3/OBUF_IN'(1) to pin '/xlconcat_3/dout'(4) - Only lower order bits will be connected, and other input bits of this pin will be left unconnected.
Verilog Output written to : /home/nagafusa/work/spadi/Fakernet/SAMIDARE/samidare.gen/sources_1/bd/top_block/sim/top_block.v
Verilog Output written to : /home/nagafusa/work/spadi/Fakernet/SAMIDARE/samidare.gen/sources_1/bd/top_block/hdl/top_block_wrapper.v
can't use non-numeric string as operand of "/"
CRITICAL WARNING: [IP_Flow 19-1747] Failed to deliver file '/opt/Xilinx/Vivado/2022.2/data/rsb/iprepos/util_ds_buf_v2_2/xit/ooc_xdc.xit': can't use non-numeric string as operand of "/"
ERROR: [IP_Flow 19-167] Failed to deliver one or more file(s).
ERROR: [IP_Flow 19-911] XIT detected an open writer channel for file '/home/nagafusa/work/spadi/Fakernet/SAMIDARE/samidare.gen/sources_1/bd/top_block/ip/top_block_util_ds_buf_4_1/top_block_util_ds_buf_4_1_ooc.xdc'. Please use 'close_ipfile' command to close channels before exit.
ERROR: [IP_Flow 19-3505] IP Generation error: Failed to generate IP 'util_ds_buf_4'. Failed to generate 'VHDL Synthesis' outputs: 
ERROR: [IP_Flow 19-98] Generation of the IP CORE failed.
Failed to generate IP 'util_ds_buf_4'. Failed to generate 'VHDL Synthesis' outputs: 
ERROR: [BD 41-1030] Generation failed for the IP Integrator block util_ds_buf_4 
can't use non-numeric string as operand of "/"
CRITICAL WARNING: [IP_Flow 19-1747] Failed to deliver file '/opt/Xilinx/Vivado/2022.2/data/rsb/iprepos/util_ds_buf_v2_2/xit/ooc_xdc.xit': can't use non-numeric string as operand of "/"
ERROR: [IP_Flow 19-167] Failed to deliver one or more file(s).
ERROR: [IP_Flow 19-911] XIT detected an open writer channel for file '/home/nagafusa/work/spadi/Fakernet/SAMIDARE/samidare.gen/sources_1/bd/top_block/ip/top_block_util_ds_buf_3_2/top_block_util_ds_buf_3_2_ooc.xdc'. Please use 'close_ipfile' command to close channels before exit.
ERROR: [IP_Flow 19-3505] IP Generation error: Failed to generate IP 'util_ds_buf_3'. Failed to generate 'VHDL Synthesis' outputs: 
ERROR: [IP_Flow 19-98] Generation of the IP CORE failed.
Failed to generate IP 'util_ds_buf_3'. Failed to generate 'VHDL Synthesis' outputs: 
ERROR: [BD 41-1030] Generation failed for the IP Integrator block util_ds_buf_3 
Exporting to file /home/nagafusa/work/spadi/Fakernet/SAMIDARE/samidare.gen/sources_1/bd/top_block/hw_handoff/top_block.hwh
Generated Hardware Definition File /home/nagafusa/work/spadi/Fakernet/SAMIDARE/samidare.gen/sources_1/bd/top_block/synth/top_block.hwdef
INFO: [IP_Flow 19-6924] IPCACHE: Running cache check for IP inst: top_block_util_ds_buf_3_2
ERROR: [Vivado 12-4756] Launch of runs aborted due to earlier errors while preparing sub-designs for run execution.
save_wave_config {/home/nagafusa/work/spadi/Fakernet/SAMIDARE/samidare.hw/hw_1/wave/hw_ila_data_1/hw_ila_data_1.wcfg}
exit
INFO: [Common 17-206] Exiting Vivado at Thu Aug 15 11:59:33 2024...
