
****** Vivado v2022.2 (64-bit)
  **** SW Build 3671981 on Fri Oct 14 04:59:54 MDT 2022
  **** IP Build 3669848 on Fri Oct 14 08:30:02 MDT 2022
    ** Copyright 1986-2022 Xilinx, Inc. All Rights Reserved.

source /home/nagafusa/work/spadi/Fakernet/SAMIDARE/samidare.runs/impl_1/.Xil/Vivado-214377-e16fpga01/dc_drv.0/dc/debug_ip_core.tcl
# set_param power.enableLutRouteBelPower 1
# set_param power.enableCarry8RouteBelPower 1
# set_param power.enableUnconnectedCarry8PinPower 1
# set_param synth.enableIncremental 0
# set_param chipscope.maxJobs 8
# set_param power.BramSDPPropagationFix 1
# set_param constr.enable.ToolModifiedConstraintHandling 0
# set_param chipscope.flow 0
# set_param ips.addSpecialDataToCacheID 0
# set script_paths {/home/nagafusa/work/spadi/Fakernet/SAMIDARE/samidare.runs/impl_1/.Xil/Vivado-214377-e16fpga01/dbg_hub_CV.0/out/get_cs_ip.tcl /home/nagafusa/work/spadi/Fakernet/SAMIDARE/samidare.runs/impl_1/.Xil/Vivado-214377-e16fpga01/u_ila_0_CV.0/out/get_cs_ip.tcl /home/nagafusa/work/spadi/Fakernet/SAMIDARE/samidare.runs/impl_1/.Xil/Vivado-214377-e16fpga01/u_ila_1_CV.0/out/get_cs_ip.tcl /home/nagafusa/work/spadi/Fakernet/SAMIDARE/samidare.runs/impl_1/.Xil/Vivado-214377-e16fpga01/u_ila_2_CV.0/out/get_cs_ip.tcl}
# foreach script_path $script_paths { 
#     source $script_path
#     lappend debug_ip_vlnv $ip_vlnv 
#     lappend debug_ip_module_name $ip_module_name
#     lappend debug_params $params
#     lappend debug_intf_params $intf_params
#     lappend debug_connectivity $connectivity
#     lappend debug_output_xci $output_xci
#     lappend debug_output_dcp $output_dcp
#     lappend debug_output_dir $output_dir
#     lappend debug_synth_opts $synth_opts
#     lappend debug_xdc_files $xdc_files
# }
## set_param power.enableLutRouteBelPower 1
## set_param power.enableCarry8RouteBelPower 1
## set_param power.enableUnconnectedCarry8PinPower 1
## set_param synth.enableIncremental 0
## set_param chipscope.maxJobs 8
## set_param power.BramSDPPropagationFix 1
## set_param constr.enable.ToolModifiedConstraintHandling 0
## set_param chipscope.flow 0
## set part xcau15p-sbvb484-1-i
## set board_part_repo_paths {}
## set board_part {}
## set board_connections {}
## set tool_flow Vivado
## set ip_vlnv xilinx.com:ip:xsdbm:3.0
## set ip_module_name dbg_hub
## set params {{{PARAM_VALUE.C_BSCAN_MODE} {false} {PARAM_VALUE.C_BSCAN_MODE_WITH_CORE} {false} {PARAM_VALUE.C_CLK_INPUT_FREQ_HZ} {300000000} {PARAM_VALUE.C_ENABLE_CLK_DIVIDER} {false} {PARAM_VALUE.C_EN_BSCANID_VEC} {false} {PARAM_VALUE.C_NUM_BSCAN_MASTER_PORTS} {0} {PARAM_VALUE.C_TWO_PRIM_MODE} {false} {PARAM_VALUE.C_USER_SCAN_CHAIN} {1} {PARAM_VALUE.C_USE_EXT_BSCAN} {false} {PARAM_VALUE.C_XSDB_NUM_SLAVES} {7}}}
## set intf_params {}
## set connectivity {}
## set output_xci /home/nagafusa/work/spadi/Fakernet/SAMIDARE/samidare.runs/impl_1/.Xil/Vivado-214377-e16fpga01/dbg_hub_CV.0/out/result.xci
## set output_dcp /home/nagafusa/work/spadi/Fakernet/SAMIDARE/samidare.runs/impl_1/.Xil/Vivado-214377-e16fpga01/dbg_hub_CV.0/out/result.dcp
## set output_dir /home/nagafusa/work/spadi/Fakernet/SAMIDARE/samidare.runs/impl_1/.Xil/Vivado-214377-e16fpga01/dbg_hub_CV.0/out
## set ip_repo_paths {
##   /home/nagafusa/work/spadi/Fakernet/ip_repo/init_i2c_1_0
##   /home/nagafusa/work/spadi/Fakernet/ip_repo/INIT_I2C_1_0
##   /home/nagafusa/work/spadi/Fakernet/ip_repo/SAMPA_TRG_EN_1_0
##   /home/nagafusa/work/spadi/Fakernet/ip_repo/data_receiver_1_0
##   /home/nagafusa/work/spadi/Fakernet/ip_repo/data_sender_1_0
##   /home/nagafusa/work/spadi/Fakernet/ip_repo/SAMPA_PON_2_0
##   /home/nagafusa/work/spadi/Fakernet/ip_repo/I2C_Controller_1_0
##   /home/nagafusa/work/spadi/Fakernet/ip_repo/start_i2c_write_1_0
##   /home/nagafusa/work/spadi/Fakernet/ip_repo/I2C_controller_1_0
##   /home/nagafusa/work/spadi/Fakernet/ip_repo/I2C_controller_1_0
## }
## set ip_output_repo /home/nagafusa/work/spadi/Fakernet/SAMIDARE/samidare.cache/ip
## set ip_cache_permissions {read write}
## set oopbus_ip_repo_paths [get_param chipscope.oopbus_ip_repo_paths]
## set synth_opts {}
## set xdc_files {}
## set_param power.enableLutRouteBelPower 1
## set_param power.enableCarry8RouteBelPower 1
## set_param power.enableUnconnectedCarry8PinPower 1
## set_param synth.enableIncremental 0
## set_param chipscope.maxJobs 8
## set_param power.BramSDPPropagationFix 1
## set_param constr.enable.ToolModifiedConstraintHandling 0
## set_param chipscope.flow 0
## set part xcau15p-sbvb484-1-i
## set board_part_repo_paths {}
## set board_part {}
## set board_connections {}
## set tool_flow Vivado
## set ip_vlnv xilinx.com:ip:ila:6.2
## set ip_module_name u_ila_0
## set params {{{PARAM_VALUE.ALL_PROBE_SAME_MU} {true} {PARAM_VALUE.ALL_PROBE_SAME_MU_CNT} {1} {PARAM_VALUE.C_ADV_TRIGGER} {false} {PARAM_VALUE.C_DATA_DEPTH} {1024} {PARAM_VALUE.C_EN_STRG_QUAL} {false} {PARAM_VALUE.C_INPUT_PIPE_STAGES} {0} {PARAM_VALUE.C_NUM_OF_PROBES} {31} {PARAM_VALUE.C_PROBE0_TYPE} {0} {PARAM_VALUE.C_PROBE0_WIDTH} {32} {PARAM_VALUE.C_PROBE10_TYPE} {0} {PARAM_VALUE.C_PROBE10_WIDTH} {32} {PARAM_VALUE.C_PROBE11_TYPE} {0} {PARAM_VALUE.C_PROBE11_WIDTH} {32} {PARAM_VALUE.C_PROBE12_TYPE} {0} {PARAM_VALUE.C_PROBE12_WIDTH} {32} {PARAM_VALUE.C_PROBE13_TYPE} {0} {PARAM_VALUE.C_PROBE13_WIDTH} {32} {PARAM_VALUE.C_PROBE14_TYPE} {0} {PARAM_VALUE.C_PROBE14_WIDTH} {1} {PARAM_VALUE.C_PROBE15_TYPE} {0} {PARAM_VALUE.C_PROBE15_WIDTH} {1} {PARAM_VALUE.C_PROBE16_TYPE} {0} {PARAM_VALUE.C_PROBE16_WIDTH} {1} {PARAM_VALUE.C_PROBE17_TYPE} {0} {PARAM_VALUE.C_PROBE17_WIDTH} {1} {PARAM_VALUE.C_PROBE18_TYPE} {0} {PARAM_VALUE.C_PROBE18_WIDTH} {1} {PARAM_VALUE.C_PROBE19_TYPE} {0} {PARAM_VALUE.C_PROBE19_WIDTH} {1} {PARAM_VALUE.C_PROBE1_TYPE} {0} {PARAM_VALUE.C_PROBE1_WIDTH} {32} {PARAM_VALUE.C_PROBE20_TYPE} {0} {PARAM_VALUE.C_PROBE20_WIDTH} {1} {PARAM_VALUE.C_PROBE21_TYPE} {0} {PARAM_VALUE.C_PROBE21_WIDTH} {1} {PARAM_VALUE.C_PROBE22_TYPE} {0} {PARAM_VALUE.C_PROBE22_WIDTH} {1} {PARAM_VALUE.C_PROBE23_TYPE} {0} {PARAM_VALUE.C_PROBE23_WIDTH} {1} {PARAM_VALUE.C_PROBE24_TYPE} {0} {PARAM_VALUE.C_PROBE24_WIDTH} {1} {PARAM_VALUE.C_PROBE25_TYPE} {0} {PARAM_VALUE.C_PROBE25_WIDTH} {1} {PARAM_VALUE.C_PROBE26_TYPE} {0} {PARAM_VALUE.C_PROBE26_WIDTH} {1} {PARAM_VALUE.C_PROBE27_TYPE} {0} {PARAM_VALUE.C_PROBE27_WIDTH} {1} {PARAM_VALUE.C_PROBE28_TYPE} {0} {PARAM_VALUE.C_PROBE28_WIDTH} {1} {PARAM_VALUE.C_PROBE29_TYPE} {0} {PARAM_VALUE.C_PROBE29_WIDTH} {1} {PARAM_VALUE.C_PROBE2_TYPE} {0} {PARAM_VALUE.C_PROBE2_WIDTH} {4} {PARAM_VALUE.C_PROBE30_TYPE} {0} {PARAM_VALUE.C_PROBE30_WIDTH} {1} {PARAM_VALUE.C_PROBE3_TYPE} {0} {PARAM_VALUE.C_PROBE3_WIDTH} {4} {PARAM_VALUE.C_PROBE4_TYPE} {0} {PARAM_VALUE.C_PROBE4_WIDTH} {8} {PARAM_VALUE.C_PROBE5_TYPE} {0} {PARAM_VALUE.C_PROBE5_WIDTH} {2} {PARAM_VALUE.C_PROBE6_TYPE} {0} {PARAM_VALUE.C_PROBE6_WIDTH} {5} {PARAM_VALUE.C_PROBE7_TYPE} {0} {PARAM_VALUE.C_PROBE7_WIDTH} {8} {PARAM_VALUE.C_PROBE8_TYPE} {0} {PARAM_VALUE.C_PROBE8_WIDTH} {32} {PARAM_VALUE.C_PROBE9_TYPE} {0} {PARAM_VALUE.C_PROBE9_WIDTH} {10} {PARAM_VALUE.C_TRIGIN_EN} {0} {PARAM_VALUE.C_TRIGOUT_EN} {0}}}
## set intf_params {}
## set connectivity {}
## set output_xci /home/nagafusa/work/spadi/Fakernet/SAMIDARE/samidare.runs/impl_1/.Xil/Vivado-214377-e16fpga01/u_ila_0_CV.0/out/result.xci
## set output_dcp /home/nagafusa/work/spadi/Fakernet/SAMIDARE/samidare.runs/impl_1/.Xil/Vivado-214377-e16fpga01/u_ila_0_CV.0/out/result.dcp
## set output_dir /home/nagafusa/work/spadi/Fakernet/SAMIDARE/samidare.runs/impl_1/.Xil/Vivado-214377-e16fpga01/u_ila_0_CV.0/out
## set ip_repo_paths {
##   /home/nagafusa/work/spadi/Fakernet/ip_repo/init_i2c_1_0
##   /home/nagafusa/work/spadi/Fakernet/ip_repo/INIT_I2C_1_0
##   /home/nagafusa/work/spadi/Fakernet/ip_repo/SAMPA_TRG_EN_1_0
##   /home/nagafusa/work/spadi/Fakernet/ip_repo/data_receiver_1_0
##   /home/nagafusa/work/spadi/Fakernet/ip_repo/data_sender_1_0
##   /home/nagafusa/work/spadi/Fakernet/ip_repo/SAMPA_PON_2_0
##   /home/nagafusa/work/spadi/Fakernet/ip_repo/I2C_Controller_1_0
##   /home/nagafusa/work/spadi/Fakernet/ip_repo/start_i2c_write_1_0
##   /home/nagafusa/work/spadi/Fakernet/ip_repo/I2C_controller_1_0
##   /home/nagafusa/work/spadi/Fakernet/ip_repo/I2C_controller_1_0
## }
## set ip_output_repo /home/nagafusa/work/spadi/Fakernet/SAMIDARE/samidare.cache/ip
## set ip_cache_permissions {read write}
## set oopbus_ip_repo_paths [get_param chipscope.oopbus_ip_repo_paths]
## set synth_opts {}
## set xdc_files {}
## set_param power.enableLutRouteBelPower 1
## set_param power.enableCarry8RouteBelPower 1
## set_param power.enableUnconnectedCarry8PinPower 1
## set_param synth.enableIncremental 0
## set_param chipscope.maxJobs 8
## set_param power.BramSDPPropagationFix 1
## set_param constr.enable.ToolModifiedConstraintHandling 0
## set_param chipscope.flow 0
## set part xcau15p-sbvb484-1-i
## set board_part_repo_paths {}
## set board_part {}
## set board_connections {}
## set tool_flow Vivado
## set ip_vlnv xilinx.com:ip:ila:6.2
## set ip_module_name u_ila_1
## set params {{{PARAM_VALUE.ALL_PROBE_SAME_MU} {true} {PARAM_VALUE.ALL_PROBE_SAME_MU_CNT} {1} {PARAM_VALUE.C_ADV_TRIGGER} {false} {PARAM_VALUE.C_DATA_DEPTH} {1024} {PARAM_VALUE.C_EN_STRG_QUAL} {false} {PARAM_VALUE.C_INPUT_PIPE_STAGES} {0} {PARAM_VALUE.C_NUM_OF_PROBES} {106} {PARAM_VALUE.C_PROBE0_TYPE} {0} {PARAM_VALUE.C_PROBE0_WIDTH} {4} {PARAM_VALUE.C_PROBE100_TYPE} {0} {PARAM_VALUE.C_PROBE100_WIDTH} {1} {PARAM_VALUE.C_PROBE101_TYPE} {0} {PARAM_VALUE.C_PROBE101_WIDTH} {1} {PARAM_VALUE.C_PROBE102_TYPE} {0} {PARAM_VALUE.C_PROBE102_WIDTH} {1} {PARAM_VALUE.C_PROBE103_TYPE} {0} {PARAM_VALUE.C_PROBE103_WIDTH} {1} {PARAM_VALUE.C_PROBE104_TYPE} {0} {PARAM_VALUE.C_PROBE104_WIDTH} {1} {PARAM_VALUE.C_PROBE105_TYPE} {0} {PARAM_VALUE.C_PROBE105_WIDTH} {1} {PARAM_VALUE.C_PROBE10_TYPE} {0} {PARAM_VALUE.C_PROBE10_WIDTH} {4} {PARAM_VALUE.C_PROBE11_TYPE} {0} {PARAM_VALUE.C_PROBE11_WIDTH} {4} {PARAM_VALUE.C_PROBE12_TYPE} {0} {PARAM_VALUE.C_PROBE12_WIDTH} {4} {PARAM_VALUE.C_PROBE13_TYPE} {0} {PARAM_VALUE.C_PROBE13_WIDTH} {4} {PARAM_VALUE.C_PROBE14_TYPE} {0} {PARAM_VALUE.C_PROBE14_WIDTH} {11} {PARAM_VALUE.C_PROBE15_TYPE} {0} {PARAM_VALUE.C_PROBE15_WIDTH} {11} {PARAM_VALUE.C_PROBE16_TYPE} {0} {PARAM_VALUE.C_PROBE16_WIDTH} {11} {PARAM_VALUE.C_PROBE17_TYPE} {0} {PARAM_VALUE.C_PROBE17_WIDTH} {11} {PARAM_VALUE.C_PROBE18_TYPE} {0} {PARAM_VALUE.C_PROBE18_WIDTH} {4} {PARAM_VALUE.C_PROBE19_TYPE} {0} {PARAM_VALUE.C_PROBE19_WIDTH} {4} {PARAM_VALUE.C_PROBE1_TYPE} {0} {PARAM_VALUE.C_PROBE1_WIDTH} {4} {PARAM_VALUE.C_PROBE20_TYPE} {0} {PARAM_VALUE.C_PROBE20_WIDTH} {4} {PARAM_VALUE.C_PROBE21_TYPE} {0} {PARAM_VALUE.C_PROBE21_WIDTH} {4} {PARAM_VALUE.C_PROBE22_TYPE} {0} {PARAM_VALUE.C_PROBE22_WIDTH} {4} {PARAM_VALUE.C_PROBE23_TYPE} {0} {PARAM_VALUE.C_PROBE23_WIDTH} {4} {PARAM_VALUE.C_PROBE24_TYPE} {0} {PARAM_VALUE.C_PROBE24_WIDTH} {4} {PARAM_VALUE.C_PROBE25_TYPE} {0} {PARAM_VALUE.C_PROBE25_WIDTH} {4} {PARAM_VALUE.C_PROBE26_TYPE} {0} {PARAM_VALUE.C_PROBE26_WIDTH} {4} {PARAM_VALUE.C_PROBE27_TYPE} {0} {PARAM_VALUE.C_PROBE27_WIDTH} {4} {PARAM_VALUE.C_PROBE28_TYPE} {0} {PARAM_VALUE.C_PROBE28_WIDTH} {4} {PARAM_VALUE.C_PROBE29_TYPE} {0} {PARAM_VALUE.C_PROBE29_WIDTH} {5} {PARAM_VALUE.C_PROBE2_TYPE} {0} {PARAM_VALUE.C_PROBE2_WIDTH} {4} {PARAM_VALUE.C_PROBE30_TYPE} {0} {PARAM_VALUE.C_PROBE30_WIDTH} {4} {PARAM_VALUE.C_PROBE31_TYPE} {0} {PARAM_VALUE.C_PROBE31_WIDTH} {4} {PARAM_VALUE.C_PROBE32_TYPE} {0} {PARAM_VALUE.C_PROBE32_WIDTH} {4} {PARAM_VALUE.C_PROBE33_TYPE} {0} {PARAM_VALUE.C_PROBE33_WIDTH} {4} {PARAM_VALUE.C_PROBE34_TYPE} {0} {PARAM_VALUE.C_PROBE34_WIDTH} {4} {PARAM_VALUE.C_PROBE35_TYPE} {0} {PARAM_VALUE.C_PROBE35_WIDTH} {5} {PARAM_VALUE.C_PROBE36_TYPE} {0} {PARAM_VALUE.C_PROBE36_WIDTH} {4} {PARAM_VALUE.C_PROBE37_TYPE} {0} {PARAM_VALUE.C_PROBE37_WIDTH} {4} {PARAM_VALUE.C_PROBE38_TYPE} {0} {PARAM_VALUE.C_PROBE38_WIDTH} {4} {PARAM_VALUE.C_PROBE39_TYPE} {0} {PARAM_VALUE.C_PROBE39_WIDTH} {4} {PARAM_VALUE.C_PROBE3_TYPE} {0} {PARAM_VALUE.C_PROBE3_WIDTH} {4} {PARAM_VALUE.C_PROBE40_TYPE} {0} {PARAM_VALUE.C_PROBE40_WIDTH} {4} {PARAM_VALUE.C_PROBE41_TYPE} {0} {PARAM_VALUE.C_PROBE41_WIDTH} {4} {PARAM_VALUE.C_PROBE42_TYPE} {0} {PARAM_VALUE.C_PROBE42_WIDTH} {4} {PARAM_VALUE.C_PROBE43_TYPE} {0} {PARAM_VALUE.C_PROBE43_WIDTH} {4} {PARAM_VALUE.C_PROBE44_TYPE} {0} {PARAM_VALUE.C_PROBE44_WIDTH} {4} {PARAM_VALUE.C_PROBE45_TYPE} {0} {PARAM_VALUE.C_PROBE45_WIDTH} {4} {PARAM_VALUE.C_PROBE46_TYPE} {0} {PARAM_VALUE.C_PROBE46_WIDTH} {5} {PARAM_VALUE.C_PROBE47_TYPE} {0} {PARAM_VALUE.C_PROBE47_WIDTH} {4} {PARAM_VALUE.C_PROBE48_TYPE} {0} {PARAM_VALUE.C_PROBE48_WIDTH} {5} {PARAM_VALUE.C_PROBE49_TYPE} {0} {PARAM_VALUE.C_PROBE49_WIDTH} {4} {PARAM_VALUE.C_PROBE4_TYPE} {0} {PARAM_VALUE.C_PROBE4_WIDTH} {4} {PARAM_VALUE.C_PROBE50_TYPE} {0} {PARAM_VALUE.C_PROBE50_WIDTH} {4} {PARAM_VALUE.C_PROBE51_TYPE} {0} {PARAM_VALUE.C_PROBE51_WIDTH} {4} {PARAM_VALUE.C_PROBE52_TYPE} {0} {PARAM_VALUE.C_PROBE52_WIDTH} {4} {PARAM_VALUE.C_PROBE53_TYPE} {0} {PARAM_VALUE.C_PROBE53_WIDTH} {1} {PARAM_VALUE.C_PROBE54_TYPE} {0} {PARAM_VALUE.C_PROBE54_WIDTH} {1} {PARAM_VALUE.C_PROBE55_TYPE} {0} {PARAM_VALUE.C_PROBE55_WIDTH} {1} {PARAM_VALUE.C_PROBE56_TYPE} {0} {PARAM_VALUE.C_PROBE56_WIDTH} {1} {PARAM_VALUE.C_PROBE57_TYPE} {0} {PARAM_VALUE.C_PROBE57_WIDTH} {1} {PARAM_VALUE.C_PROBE58_TYPE} {0} {PARAM_VALUE.C_PROBE58_WIDTH} {1} {PARAM_VALUE.C_PROBE59_TYPE} {0} {PARAM_VALUE.C_PROBE59_WIDTH} {1} {PARAM_VALUE.C_PROBE5_TYPE} {0} {PARAM_VALUE.C_PROBE5_WIDTH} {4} {PARAM_VALUE.C_PROBE60_TYPE} {0} {PARAM_VALUE.C_PROBE60_WIDTH} {1} {PARAM_VALUE.C_PROBE61_TYPE} {0} {PARAM_VALUE.C_PROBE61_WIDTH} {1} {PARAM_VALUE.C_PROBE62_TYPE} {0} {PARAM_VALUE.C_PROBE62_WIDTH} {1} {PARAM_VALUE.C_PROBE63_TYPE} {0} {PARAM_VALUE.C_PROBE63_WIDTH} {1} {PARAM_VALUE.C_PROBE64_TYPE} {0} {PARAM_VALUE.C_PROBE64_WIDTH} {1} {PARAM_VALUE.C_PROBE65_TYPE} {0} {PARAM_VALUE.C_PROBE65_WIDTH} {1} {PARAM_VALUE.C_PROBE66_TYPE} {0} {PARAM_VALUE.C_PROBE66_WIDTH} {1} {PARAM_VALUE.C_PROBE67_TYPE} {0} {PARAM_VALUE.C_PROBE67_WIDTH} {1} {PARAM_VALUE.C_PROBE68_TYPE} {0} {PARAM_VALUE.C_PROBE68_WIDTH} {1} {PARAM_VALUE.C_PROBE69_TYPE} {0} {PARAM_VALUE.C_PROBE69_WIDTH} {1} {PARAM_VALUE.C_PROBE6_TYPE} {0} {PARAM_VALUE.C_PROBE6_WIDTH} {4} {PARAM_VALUE.C_PROBE70_TYPE} {0} {PARAM_VALUE.C_PROBE70_WIDTH} {1} {PARAM_VALUE.C_PROBE71_TYPE} {0} {PARAM_VALUE.C_PROBE71_WIDTH} {1} {PARAM_VALUE.C_PROBE72_TYPE} {0} {PARAM_VALUE.C_PROBE72_WIDTH} {1} {PARAM_VALUE.C_PROBE73_TYPE} {0} {PARAM_VALUE.C_PROBE73_WIDTH} {1} {PARAM_VALUE.C_PROBE74_TYPE} {0} {PARAM_VALUE.C_PROBE74_WIDTH} {1} {PARAM_VALUE.C_PROBE75_TYPE} {0} {PARAM_VALUE.C_PROBE75_WIDTH} {1} {PARAM_VALUE.C_PROBE76_TYPE} {0} {PARAM_VALUE.C_PROBE76_WIDTH} {1} {PARAM_VALUE.C_PROBE77_TYPE} {0} {PARAM_VALUE.C_PROBE77_WIDTH} {1} {PARAM_VALUE.C_PROBE78_TYPE} {0} {PARAM_VALUE.C_PROBE78_WIDTH} {1} {PARAM_VALUE.C_PROBE79_TYPE} {0} {PARAM_VALUE.C_PROBE79_WIDTH} {1} {PARAM_VALUE.C_PROBE7_TYPE} {0} {PARAM_VALUE.C_PROBE7_WIDTH} {4} {PARAM_VALUE.C_PROBE80_TYPE} {0} {PARAM_VALUE.C_PROBE80_WIDTH} {1} {PARAM_VALUE.C_PROBE81_TYPE} {0} {PARAM_VALUE.C_PROBE81_WIDTH} {1} {PARAM_VALUE.C_PROBE82_TYPE} {0} {PARAM_VALUE.C_PROBE82_WIDTH} {1} {PARAM_VALUE.C_PROBE83_TYPE} {0} {PARAM_VALUE.C_PROBE83_WIDTH} {1} {PARAM_VALUE.C_PROBE84_TYPE} {0} {PARAM_VALUE.C_PROBE84_WIDTH} {1} {PARAM_VALUE.C_PROBE85_TYPE} {0} {PARAM_VALUE.C_PROBE85_WIDTH} {1} {PARAM_VALUE.C_PROBE86_TYPE} {0} {PARAM_VALUE.C_PROBE86_WIDTH} {1} {PARAM_VALUE.C_PROBE87_TYPE} {0} {PARAM_VALUE.C_PROBE87_WIDTH} {1} {PARAM_VALUE.C_PROBE88_TYPE} {0} {PARAM_VALUE.C_PROBE88_WIDTH} {1} {PARAM_VALUE.C_PROBE89_TYPE} {0} {PARAM_VALUE.C_PROBE89_WIDTH} {1} {PARAM_VALUE.C_PROBE8_TYPE} {0} {PARAM_VALUE.C_PROBE8_WIDTH} {4} {PARAM_VALUE.C_PROBE90_TYPE} {0} {PARAM_VALUE.C_PROBE90_WIDTH} {1} {PARAM_VALUE.C_PROBE91_TYPE} {0} {PARAM_VALUE.C_PROBE91_WIDTH} {1} {PARAM_VALUE.C_PROBE92_TYPE} {0} {PARAM_VALUE.C_PROBE92_WIDTH} {1} {PARAM_VALUE.C_PROBE93_TYPE} {0} {PARAM_VALUE.C_PROBE93_WIDTH} {1} {PARAM_VALUE.C_PROBE94_TYPE} {0} {PARAM_VALUE.C_PROBE94_WIDTH} {1} {PARAM_VALUE.C_PROBE95_TYPE} {0} {PARAM_VALUE.C_PROBE95_WIDTH} {1} {PARAM_VALUE.C_PROBE96_TYPE} {0} {PARAM_VALUE.C_PROBE96_WIDTH} {1} {PARAM_VALUE.C_PROBE97_TYPE} {0} {PARAM_VALUE.C_PROBE97_WIDTH} {1} {PARAM_VALUE.C_PROBE98_TYPE} {0} {PARAM_VALUE.C_PROBE98_WIDTH} {1} {PARAM_VALUE.C_PROBE99_TYPE} {0} {PARAM_VALUE.C_PROBE99_WIDTH} {1} {PARAM_VALUE.C_PROBE9_TYPE} {0} {PARAM_VALUE.C_PROBE9_WIDTH} {4} {PARAM_VALUE.C_TRIGIN_EN} {0} {PARAM_VALUE.C_TRIGOUT_EN} {0}}}
## set intf_params {}
## set connectivity {}
## set output_xci /home/nagafusa/work/spadi/Fakernet/SAMIDARE/samidare.runs/impl_1/.Xil/Vivado-214377-e16fpga01/u_ila_1_CV.0/out/result.xci
## set output_dcp /home/nagafusa/work/spadi/Fakernet/SAMIDARE/samidare.runs/impl_1/.Xil/Vivado-214377-e16fpga01/u_ila_1_CV.0/out/result.dcp
## set output_dir /home/nagafusa/work/spadi/Fakernet/SAMIDARE/samidare.runs/impl_1/.Xil/Vivado-214377-e16fpga01/u_ila_1_CV.0/out
## set ip_repo_paths {
##   /home/nagafusa/work/spadi/Fakernet/ip_repo/init_i2c_1_0
##   /home/nagafusa/work/spadi/Fakernet/ip_repo/INIT_I2C_1_0
##   /home/nagafusa/work/spadi/Fakernet/ip_repo/SAMPA_TRG_EN_1_0
##   /home/nagafusa/work/spadi/Fakernet/ip_repo/data_receiver_1_0
##   /home/nagafusa/work/spadi/Fakernet/ip_repo/data_sender_1_0
##   /home/nagafusa/work/spadi/Fakernet/ip_repo/SAMPA_PON_2_0
##   /home/nagafusa/work/spadi/Fakernet/ip_repo/I2C_Controller_1_0
##   /home/nagafusa/work/spadi/Fakernet/ip_repo/start_i2c_write_1_0
##   /home/nagafusa/work/spadi/Fakernet/ip_repo/I2C_controller_1_0
##   /home/nagafusa/work/spadi/Fakernet/ip_repo/I2C_controller_1_0
## }
## set ip_output_repo /home/nagafusa/work/spadi/Fakernet/SAMIDARE/samidare.cache/ip
## set ip_cache_permissions {read write}
## set oopbus_ip_repo_paths [get_param chipscope.oopbus_ip_repo_paths]
## set synth_opts {}
## set xdc_files {}
## set_param power.enableLutRouteBelPower 1
## set_param power.enableCarry8RouteBelPower 1
## set_param power.enableUnconnectedCarry8PinPower 1
## set_param synth.enableIncremental 0
## set_param chipscope.maxJobs 8
## set_param power.BramSDPPropagationFix 1
## set_param constr.enable.ToolModifiedConstraintHandling 0
## set_param chipscope.flow 0
## set part xcau15p-sbvb484-1-i
## set board_part_repo_paths {}
## set board_part {}
## set board_connections {}
## set tool_flow Vivado
## set ip_vlnv xilinx.com:ip:ila:6.2
## set ip_module_name u_ila_2
## set params {{{PARAM_VALUE.ALL_PROBE_SAME_MU} {true} {PARAM_VALUE.ALL_PROBE_SAME_MU_CNT} {1} {PARAM_VALUE.C_ADV_TRIGGER} {false} {PARAM_VALUE.C_DATA_DEPTH} {1024} {PARAM_VALUE.C_EN_STRG_QUAL} {false} {PARAM_VALUE.C_INPUT_PIPE_STAGES} {0} {PARAM_VALUE.C_NUM_OF_PROBES} {4} {PARAM_VALUE.C_PROBE0_TYPE} {0} {PARAM_VALUE.C_PROBE0_WIDTH} {2} {PARAM_VALUE.C_PROBE1_TYPE} {0} {PARAM_VALUE.C_PROBE1_WIDTH} {1} {PARAM_VALUE.C_PROBE2_TYPE} {0} {PARAM_VALUE.C_PROBE2_WIDTH} {1} {PARAM_VALUE.C_PROBE3_TYPE} {0} {PARAM_VALUE.C_PROBE3_WIDTH} {1} {PARAM_VALUE.C_TRIGIN_EN} {0} {PARAM_VALUE.C_TRIGOUT_EN} {0}}}
## set intf_params {}
## set connectivity {}
## set output_xci /home/nagafusa/work/spadi/Fakernet/SAMIDARE/samidare.runs/impl_1/.Xil/Vivado-214377-e16fpga01/u_ila_2_CV.0/out/result.xci
## set output_dcp /home/nagafusa/work/spadi/Fakernet/SAMIDARE/samidare.runs/impl_1/.Xil/Vivado-214377-e16fpga01/u_ila_2_CV.0/out/result.dcp
## set output_dir /home/nagafusa/work/spadi/Fakernet/SAMIDARE/samidare.runs/impl_1/.Xil/Vivado-214377-e16fpga01/u_ila_2_CV.0/out
## set ip_repo_paths {
##   /home/nagafusa/work/spadi/Fakernet/ip_repo/init_i2c_1_0
##   /home/nagafusa/work/spadi/Fakernet/ip_repo/INIT_I2C_1_0
##   /home/nagafusa/work/spadi/Fakernet/ip_repo/SAMPA_TRG_EN_1_0
##   /home/nagafusa/work/spadi/Fakernet/ip_repo/data_receiver_1_0
##   /home/nagafusa/work/spadi/Fakernet/ip_repo/data_sender_1_0
##   /home/nagafusa/work/spadi/Fakernet/ip_repo/SAMPA_PON_2_0
##   /home/nagafusa/work/spadi/Fakernet/ip_repo/I2C_Controller_1_0
##   /home/nagafusa/work/spadi/Fakernet/ip_repo/start_i2c_write_1_0
##   /home/nagafusa/work/spadi/Fakernet/ip_repo/I2C_controller_1_0
##   /home/nagafusa/work/spadi/Fakernet/ip_repo/I2C_controller_1_0
## }
## set ip_output_repo /home/nagafusa/work/spadi/Fakernet/SAMIDARE/samidare.cache/ip
## set ip_cache_permissions {read write}
## set oopbus_ip_repo_paths [get_param chipscope.oopbus_ip_repo_paths]
## set synth_opts {}
## set xdc_files {}
# set debug_ip_repo_paths $ip_repo_paths
# set debug_ip_output_repo $ip_output_repo
# set debug_ip_cache_permissions $ip_cache_permissions
# set debug_oopbus_ip_repo_paths [get_param chipscope.oopbus_ip_repo_paths]
# set ordering_constrs 1
# set jobs 8
# source {/opt/Xilinx/Vivado/2022.2/scripts/ip/ipxchipscope.tcl}
INFO: [IP_Flow 19-234] Refreshing IP repositories
INFO: [IP_Flow 19-1700] Loaded user IP repository '/home/nagafusa/work/spadi/Fakernet/ip_repo/init_i2c_1_0'.
INFO: [IP_Flow 19-1700] Loaded user IP repository '/home/nagafusa/work/spadi/Fakernet/ip_repo/INIT_I2C_1_0'.
INFO: [IP_Flow 19-1700] Loaded user IP repository '/home/nagafusa/work/spadi/Fakernet/ip_repo/SAMPA_TRG_EN_1_0'.
INFO: [IP_Flow 19-1700] Loaded user IP repository '/home/nagafusa/work/spadi/Fakernet/ip_repo/data_receiver_1_0'.
INFO: [IP_Flow 19-1700] Loaded user IP repository '/home/nagafusa/work/spadi/Fakernet/ip_repo/data_sender_1_0'.
INFO: [IP_Flow 19-1700] Loaded user IP repository '/home/nagafusa/work/spadi/Fakernet/ip_repo/SAMPA_PON_2_0'.
INFO: [IP_Flow 19-1700] Loaded user IP repository '/home/nagafusa/work/spadi/Fakernet/ip_repo/I2C_Controller_1_0'.
INFO: [IP_Flow 19-1700] Loaded user IP repository '/home/nagafusa/work/spadi/Fakernet/ip_repo/start_i2c_write_1_0'.
WARNING: [IP_Flow 19-2248] Failed to load user IP repository '/home/nagafusa/work/spadi/Fakernet/ip_repo/I2C_controller_1_0'; Can't find the specified path.
If this directory should no longer be in your list of user repositories, go to the IP Settings dialog and remove it.
WARNING: [IP_Flow 19-2207] Repository '/home/nagafusa/work/spadi/Fakernet/ip_repo/I2C_controller_1_0' already exists; ignoring attempt to add it again.
WARNING: [IP_Flow 19-2248] Failed to load user IP repository '/home/nagafusa/work/spadi/Fakernet/ip_repo/I2C_controller_1_0'; Can't find the specified path.
If this directory should no longer be in your list of user repositories, go to the IP Settings dialog and remove it.
INFO: [IP_Flow 19-2313] Loaded Vivado IP repository '/opt/Xilinx/Vivado/2022.2/data/ip'.
IP SYNTH XDC FILES = 
Current synth_xdc_files = 
DBG: creating temporary IP: dbg_hub
/home/nagafusa/work/spadi/Fakernet/SAMIDARE/samidare.runs/impl_1/.Xil/Vivado-214377-e16fpga01/dc_drv.0/dc/prj_ip.srcs/sources_1/ip/dbg_hub/dbg_hub.xci
INFO: [IP_Flow 19-1686] Generating 'Instantiation Template' target for IP 'dbg_hub'...
INFO: [IP_Flow 19-1686] Generating 'Synthesis' target for IP 'dbg_hub'...
INFO: [IP_Flow 19-1686] Generating 'Simulation' target for IP 'dbg_hub'...
generation completed successfully
Succeeded copying xdc_files
Succeeded copying xci files
INFO: [IP_Flow 19-6924] IPCACHE: Running cache check for IP inst: dbg_hub
INFO: [IP_Flow 19-6922] IPCACHE: Exporting cached entry b5b6364c554eaa60 to dir: /home/nagafusa/work/spadi/Fakernet/SAMIDARE/samidare.runs/impl_1/.Xil/Vivado-214377-e16fpga01/dbg_hub_CV.0/out
INFO: [IP_Flow 19-6928] IPCACHE: copied cached file /home/nagafusa/work/spadi/Fakernet/SAMIDARE/samidare.cache/ip/2022.2/b/5/b5b6364c554eaa60/dbg_hub_sim_netlist.v to /home/nagafusa/work/spadi/Fakernet/SAMIDARE/samidare.runs/impl_1/.Xil/Vivado-214377-e16fpga01/dbg_hub_CV.0/out/result_sim_netlist.v.
INFO: [IP_Flow 19-6926] IPCACHE: added file to list for BOM: /home/nagafusa/work/spadi/Fakernet/SAMIDARE/samidare.runs/impl_1/.Xil/Vivado-214377-e16fpga01/dbg_hub_CV.0/out/result_sim_netlist.v
INFO: [IP_Flow 19-6928] IPCACHE: copied cached file /home/nagafusa/work/spadi/Fakernet/SAMIDARE/samidare.cache/ip/2022.2/b/5/b5b6364c554eaa60/dbg_hub.dcp to /home/nagafusa/work/spadi/Fakernet/SAMIDARE/samidare.runs/impl_1/.Xil/Vivado-214377-e16fpga01/dbg_hub_CV.0/out/result.dcp.
INFO: [IP_Flow 19-6926] IPCACHE: added file to list for BOM: /home/nagafusa/work/spadi/Fakernet/SAMIDARE/samidare.runs/impl_1/.Xil/Vivado-214377-e16fpga01/dbg_hub_CV.0/out/result.dcp
INFO: [IP_Flow 19-6928] IPCACHE: copied cached file /home/nagafusa/work/spadi/Fakernet/SAMIDARE/samidare.cache/ip/2022.2/b/5/b5b6364c554eaa60/dbg_hub_stub.vhdl to /home/nagafusa/work/spadi/Fakernet/SAMIDARE/samidare.runs/impl_1/.Xil/Vivado-214377-e16fpga01/dbg_hub_CV.0/out/result_stub.vhdl.
INFO: [IP_Flow 19-6926] IPCACHE: added file to list for BOM: /home/nagafusa/work/spadi/Fakernet/SAMIDARE/samidare.runs/impl_1/.Xil/Vivado-214377-e16fpga01/dbg_hub_CV.0/out/result_stub.vhdl
INFO: [IP_Flow 19-6928] IPCACHE: copied cached file /home/nagafusa/work/spadi/Fakernet/SAMIDARE/samidare.cache/ip/2022.2/b/5/b5b6364c554eaa60/dbg_hub_stub.v to /home/nagafusa/work/spadi/Fakernet/SAMIDARE/samidare.runs/impl_1/.Xil/Vivado-214377-e16fpga01/dbg_hub_CV.0/out/result_stub.v.
INFO: [IP_Flow 19-6926] IPCACHE: added file to list for BOM: /home/nagafusa/work/spadi/Fakernet/SAMIDARE/samidare.runs/impl_1/.Xil/Vivado-214377-e16fpga01/dbg_hub_CV.0/out/result_stub.v
INFO: [IP_Flow 19-6928] IPCACHE: copied cached file /home/nagafusa/work/spadi/Fakernet/SAMIDARE/samidare.cache/ip/2022.2/b/5/b5b6364c554eaa60/dbg_hub_sim_netlist.vhdl to /home/nagafusa/work/spadi/Fakernet/SAMIDARE/samidare.runs/impl_1/.Xil/Vivado-214377-e16fpga01/dbg_hub_CV.0/out/result_sim_netlist.vhdl.
INFO: [IP_Flow 19-6926] IPCACHE: added file to list for BOM: /home/nagafusa/work/spadi/Fakernet/SAMIDARE/samidare.runs/impl_1/.Xil/Vivado-214377-e16fpga01/dbg_hub_CV.0/out/result_sim_netlist.vhdl
INFO: [IP_Flow 19-4838] Using cached IP synthesis design for IP dbg_hub, cache-ID = b5b6364c554eaa60.
INFO: [InternalMarking_CacheHit-1] dbg_hub b5b6364c554eaa60
IP SYNTH XDC FILES = 
Current synth_xdc_files = 
DBG: creating temporary IP: u_ila_0
/home/nagafusa/work/spadi/Fakernet/SAMIDARE/samidare.runs/impl_1/.Xil/Vivado-214377-e16fpga01/dc_drv.0/dc/prj_ip.srcs/sources_1/ip/u_ila_0/u_ila_0.xci
INFO: [IP_Flow 19-1686] Generating 'Instantiation Template' target for IP 'u_ila_0'...
INFO: [IP_Flow 19-1686] Generating 'Synthesis' target for IP 'u_ila_0'...
WARNING: [IP_Flow 19-4994] Overwriting existing constraint file '/home/nagafusa/work/spadi/Fakernet/SAMIDARE/samidare.runs/impl_1/.Xil/Vivado-214377-e16fpga01/dc_drv.0/dc/prj_ip.gen/sources_1/ip/u_ila_0/u_ila_0_ooc.xdc'
INFO: [IP_Flow 19-1686] Generating 'Simulation' target for IP 'u_ila_0'...
INFO: [IP_Flow 19-1686] Generating 'Implementation' target for IP 'u_ila_0'...
INFO: [IP_Flow 19-1686] Generating 'Change Log' target for IP 'u_ila_0'...
generation completed successfully
Succeeded copying xdc_files
Succeeded copying xci files
INFO: [IP_Flow 19-6924] IPCACHE: Running cache check for IP inst: u_ila_0
created run u_ila_0_synth_1
IP SYNTH XDC FILES = 
Current synth_xdc_files = 
DBG: creating temporary IP: u_ila_1
/home/nagafusa/work/spadi/Fakernet/SAMIDARE/samidare.runs/impl_1/.Xil/Vivado-214377-e16fpga01/dc_drv.0/dc/prj_ip.srcs/sources_1/ip/u_ila_1/u_ila_1.xci
INFO: [IP_Flow 19-1686] Generating 'Instantiation Template' target for IP 'u_ila_1'...
INFO: [IP_Flow 19-1686] Generating 'Synthesis' target for IP 'u_ila_1'...
WARNING: [IP_Flow 19-4994] Overwriting existing constraint file '/home/nagafusa/work/spadi/Fakernet/SAMIDARE/samidare.runs/impl_1/.Xil/Vivado-214377-e16fpga01/dc_drv.0/dc/prj_ip.gen/sources_1/ip/u_ila_1/u_ila_1_ooc.xdc'
INFO: [IP_Flow 19-1686] Generating 'Simulation' target for IP 'u_ila_1'...
INFO: [IP_Flow 19-1686] Generating 'Implementation' target for IP 'u_ila_1'...
INFO: [IP_Flow 19-1686] Generating 'Change Log' target for IP 'u_ila_1'...
generation completed successfully
Succeeded copying xdc_files
Succeeded copying xci files
INFO: [IP_Flow 19-6924] IPCACHE: Running cache check for IP inst: u_ila_1
created run u_ila_1_synth_1
IP SYNTH XDC FILES = 
Current synth_xdc_files = 
DBG: creating temporary IP: u_ila_2
/home/nagafusa/work/spadi/Fakernet/SAMIDARE/samidare.runs/impl_1/.Xil/Vivado-214377-e16fpga01/dc_drv.0/dc/prj_ip.srcs/sources_1/ip/u_ila_2/u_ila_2.xci
INFO: [IP_Flow 19-1686] Generating 'Instantiation Template' target for IP 'u_ila_2'...
INFO: [IP_Flow 19-1686] Generating 'Synthesis' target for IP 'u_ila_2'...
WARNING: [IP_Flow 19-4994] Overwriting existing constraint file '/home/nagafusa/work/spadi/Fakernet/SAMIDARE/samidare.runs/impl_1/.Xil/Vivado-214377-e16fpga01/dc_drv.0/dc/prj_ip.gen/sources_1/ip/u_ila_2/u_ila_2_ooc.xdc'
INFO: [IP_Flow 19-1686] Generating 'Simulation' target for IP 'u_ila_2'...
INFO: [IP_Flow 19-1686] Generating 'Implementation' target for IP 'u_ila_2'...
INFO: [IP_Flow 19-1686] Generating 'Change Log' target for IP 'u_ila_2'...
generation completed successfully
Succeeded copying xdc_files
Succeeded copying xci files
INFO: [IP_Flow 19-6924] IPCACHE: Running cache check for IP inst: u_ila_2
INFO: [IP_Flow 19-6922] IPCACHE: Exporting cached entry 724e62d40d552351 to dir: /home/nagafusa/work/spadi/Fakernet/SAMIDARE/samidare.runs/impl_1/.Xil/Vivado-214377-e16fpga01/u_ila_2_CV.0/out
INFO: [IP_Flow 19-6928] IPCACHE: copied cached file /home/nagafusa/work/spadi/Fakernet/SAMIDARE/samidare.cache/ip/2022.2/7/2/724e62d40d552351/u_ila_2_sim_netlist.vhdl to /home/nagafusa/work/spadi/Fakernet/SAMIDARE/samidare.runs/impl_1/.Xil/Vivado-214377-e16fpga01/u_ila_2_CV.0/out/result_sim_netlist.vhdl.
INFO: [IP_Flow 19-6926] IPCACHE: added file to list for BOM: /home/nagafusa/work/spadi/Fakernet/SAMIDARE/samidare.runs/impl_1/.Xil/Vivado-214377-e16fpga01/u_ila_2_CV.0/out/result_sim_netlist.vhdl
INFO: [IP_Flow 19-6928] IPCACHE: copied cached file /home/nagafusa/work/spadi/Fakernet/SAMIDARE/samidare.cache/ip/2022.2/7/2/724e62d40d552351/u_ila_2_stub.vhdl to /home/nagafusa/work/spadi/Fakernet/SAMIDARE/samidare.runs/impl_1/.Xil/Vivado-214377-e16fpga01/u_ila_2_CV.0/out/result_stub.vhdl.
INFO: [IP_Flow 19-6926] IPCACHE: added file to list for BOM: /home/nagafusa/work/spadi/Fakernet/SAMIDARE/samidare.runs/impl_1/.Xil/Vivado-214377-e16fpga01/u_ila_2_CV.0/out/result_stub.vhdl
INFO: [IP_Flow 19-6928] IPCACHE: copied cached file /home/nagafusa/work/spadi/Fakernet/SAMIDARE/samidare.cache/ip/2022.2/7/2/724e62d40d552351/u_ila_2_sim_netlist.v to /home/nagafusa/work/spadi/Fakernet/SAMIDARE/samidare.runs/impl_1/.Xil/Vivado-214377-e16fpga01/u_ila_2_CV.0/out/result_sim_netlist.v.
INFO: [IP_Flow 19-6926] IPCACHE: added file to list for BOM: /home/nagafusa/work/spadi/Fakernet/SAMIDARE/samidare.runs/impl_1/.Xil/Vivado-214377-e16fpga01/u_ila_2_CV.0/out/result_sim_netlist.v
INFO: [IP_Flow 19-6928] IPCACHE: copied cached file /home/nagafusa/work/spadi/Fakernet/SAMIDARE/samidare.cache/ip/2022.2/7/2/724e62d40d552351/u_ila_2.dcp to /home/nagafusa/work/spadi/Fakernet/SAMIDARE/samidare.runs/impl_1/.Xil/Vivado-214377-e16fpga01/u_ila_2_CV.0/out/result.dcp.
INFO: [IP_Flow 19-6926] IPCACHE: added file to list for BOM: /home/nagafusa/work/spadi/Fakernet/SAMIDARE/samidare.runs/impl_1/.Xil/Vivado-214377-e16fpga01/u_ila_2_CV.0/out/result.dcp
INFO: [IP_Flow 19-6928] IPCACHE: copied cached file /home/nagafusa/work/spadi/Fakernet/SAMIDARE/samidare.cache/ip/2022.2/7/2/724e62d40d552351/u_ila_2_stub.v to /home/nagafusa/work/spadi/Fakernet/SAMIDARE/samidare.runs/impl_1/.Xil/Vivado-214377-e16fpga01/u_ila_2_CV.0/out/result_stub.v.
INFO: [IP_Flow 19-6926] IPCACHE: added file to list for BOM: /home/nagafusa/work/spadi/Fakernet/SAMIDARE/samidare.runs/impl_1/.Xil/Vivado-214377-e16fpga01/u_ila_2_CV.0/out/result_stub.v
INFO: [IP_Flow 19-4838] Using cached IP synthesis design for IP u_ila_2, cache-ID = 724e62d40d552351.
INFO: [InternalMarking_CacheHit-1] u_ila_2 724e62d40d552351
launching all runs u_ila_0_synth_1 u_ila_1_synth_1
INFO: [IP_Flow 19-6924] IPCACHE: Running cache check for IP inst: u_ila_0
INFO: [IP_Flow 19-6924] IPCACHE: Running cache check for IP inst: u_ila_1
[Fri Apr 11 09:15:27 2025] Launched u_ila_0_synth_1, u_ila_1_synth_1...
Run output will be captured here:
u_ila_0_synth_1: /home/nagafusa/work/spadi/Fakernet/SAMIDARE/samidare.runs/impl_1/.Xil/Vivado-214377-e16fpga01/dc_drv.0/dc/prj_ip.runs/u_ila_0_synth_1/runme.log
u_ila_1_synth_1: /home/nagafusa/work/spadi/Fakernet/SAMIDARE/samidare.runs/impl_1/.Xil/Vivado-214377-e16fpga01/dc_drv.0/dc/prj_ip.runs/u_ila_1_synth_1/runme.log
launch_runs: Time (s): cpu = 00:00:00.22 ; elapsed = 00:01:13 . Memory (MB): peak = 1788.586 ; gain = 32.121 ; free physical = 41402 ; free virtual = 57455
INFO: [InternalPartition_RunlogStart-1] u_ila_0
[Fri Apr 11 09:15:27 2025] Waiting for u_ila_0_synth_1 to finish...

*** Running vivado
    with args -log u_ila_0.vds -m64 -product Vivado -mode batch -messageDb vivado.pb -notrace -source u_ila_0.tcl


****** Vivado v2022.2 (64-bit)
  **** SW Build 3671981 on Fri Oct 14 04:59:54 MDT 2022
  **** IP Build 3669848 on Fri Oct 14 08:30:02 MDT 2022
    ** Copyright 1986-2022 Xilinx, Inc. All Rights Reserved.

source u_ila_0.tcl -notrace
INFO: [IP_Flow 19-234] Refreshing IP repositories
INFO: [IP_Flow 19-1700] Loaded user IP repository '/home/nagafusa/work/spadi/Fakernet/ip_repo/init_i2c_1_0'.
INFO: [IP_Flow 19-1700] Loaded user IP repository '/home/nagafusa/work/spadi/Fakernet/ip_repo/INIT_I2C_1_0'.
INFO: [IP_Flow 19-1700] Loaded user IP repository '/home/nagafusa/work/spadi/Fakernet/ip_repo/SAMPA_TRG_EN_1_0'.
INFO: [IP_Flow 19-1700] Loaded user IP repository '/home/nagafusa/work/spadi/Fakernet/ip_repo/data_receiver_1_0'.
INFO: [IP_Flow 19-1700] Loaded user IP repository '/home/nagafusa/work/spadi/Fakernet/ip_repo/data_sender_1_0'.
INFO: [IP_Flow 19-1700] Loaded user IP repository '/home/nagafusa/work/spadi/Fakernet/ip_repo/SAMPA_PON_2_0'.
INFO: [IP_Flow 19-1700] Loaded user IP repository '/home/nagafusa/work/spadi/Fakernet/ip_repo/I2C_Controller_1_0'.
INFO: [IP_Flow 19-1700] Loaded user IP repository '/home/nagafusa/work/spadi/Fakernet/ip_repo/start_i2c_write_1_0'.
WARNING: [IP_Flow 19-2248] Failed to load user IP repository '/home/nagafusa/work/spadi/Fakernet/ip_repo/I2C_controller_1_0'; Can't find the specified path.
If this directory should no longer be in your list of user repositories, go to the IP Settings dialog and remove it.
WARNING: [IP_Flow 19-2207] Repository '/home/nagafusa/work/spadi/Fakernet/ip_repo/I2C_controller_1_0' already exists; ignoring attempt to add it again.
WARNING: [IP_Flow 19-2248] Failed to load user IP repository '/home/nagafusa/work/spadi/Fakernet/ip_repo/I2C_controller_1_0'; Can't find the specified path.
If this directory should no longer be in your list of user repositories, go to the IP Settings dialog and remove it.
INFO: [IP_Flow 19-2313] Loaded Vivado IP repository '/opt/Xilinx/Vivado/2022.2/data/ip'.
INFO: [IP_Flow 19-6924] IPCACHE: Running cache check for IP inst: u_ila_0
Command: synth_design -top u_ila_0 -part xcau15p-sbvb484-1-i -incremental_mode off -mode out_of_context
Starting synth_design
Attempting to get a license for feature 'Synthesis' and/or device 'xcau15p'
INFO: [Common 17-349] Got license for feature 'Synthesis' and/or device 'xcau15p'
INFO: [Device 21-403] Loading part xcau15p-sbvb484-1-i
INFO: [Synth 8-7079] Multithreading enabled for synth_design using a maximum of 4 processes.
INFO: [Synth 8-7078] Launching helper process for spawning children vivado processes
INFO: [Synth 8-7075] Helper process launched with PID 215361
INFO: [Synth 8-11241] undeclared symbol 'REGCCE', assumed default net type 'wire' [/opt/Xilinx/Vivado/2022.2/data/verilog/src/unimacro/BRAM_SINGLE_MACRO.v:2170]
INFO: [Synth 8-11241] undeclared symbol 'rddata_rst_i', assumed default net type 'wire' [/home/nagafusa/work/spadi/Fakernet/SAMIDARE/samidare.runs/impl_1/.Xil/Vivado-214377-e16fpga01/dc_drv.0/dc/prj_ip.gen/sources_1/ip/u_ila_0/hdl/xsdbm_v3_0_vl_rfs.v:2188]
INFO: [Synth 8-11241] undeclared symbol 'datard_overflow', assumed default net type 'wire' [/home/nagafusa/work/spadi/Fakernet/SAMIDARE/samidare.runs/impl_1/.Xil/Vivado-214377-e16fpga01/dc_drv.0/dc/prj_ip.gen/sources_1/ip/u_ila_0/hdl/xsdbm_v3_0_vl_rfs.v:2235]
INFO: [Synth 8-11241] undeclared symbol 'datard_underflow', assumed default net type 'wire' [/home/nagafusa/work/spadi/Fakernet/SAMIDARE/samidare.runs/impl_1/.Xil/Vivado-214377-e16fpga01/dc_drv.0/dc/prj_ip.gen/sources_1/ip/u_ila_0/hdl/xsdbm_v3_0_vl_rfs.v:2236]
INFO: [Synth 8-11241] undeclared symbol 'tms_int', assumed default net type 'wire' [/home/nagafusa/work/spadi/Fakernet/SAMIDARE/samidare.runs/impl_1/.Xil/Vivado-214377-e16fpga01/dc_drv.0/dc/prj_ip.gen/sources_1/ip/u_ila_0/hdl/xsdbm_v3_0_vl_rfs.v:6379]
INFO: [Synth 8-11241] undeclared symbol 'runtest_int', assumed default net type 'wire' [/home/nagafusa/work/spadi/Fakernet/SAMIDARE/samidare.runs/impl_1/.Xil/Vivado-214377-e16fpga01/dc_drv.0/dc/prj_ip.gen/sources_1/ip/u_ila_0/hdl/xsdbm_v3_0_vl_rfs.v:6381]
INFO: [Synth 8-11241] undeclared symbol 'tms_int', assumed default net type 'wire' [/home/nagafusa/work/spadi/Fakernet/SAMIDARE/samidare.runs/impl_1/.Xil/Vivado-214377-e16fpga01/dc_drv.0/dc/prj_ip.gen/sources_1/ip/u_ila_0/hdl/xsdbm_v3_0_vl_rfs.v:6412]
INFO: [Synth 8-11241] undeclared symbol 'runtest_int', assumed default net type 'wire' [/home/nagafusa/work/spadi/Fakernet/SAMIDARE/samidare.runs/impl_1/.Xil/Vivado-214377-e16fpga01/dc_drv.0/dc/prj_ip.gen/sources_1/ip/u_ila_0/hdl/xsdbm_v3_0_vl_rfs.v:6414]
INFO: [Synth 8-11241] undeclared symbol 'tms_int', assumed default net type 'wire' [/home/nagafusa/work/spadi/Fakernet/SAMIDARE/samidare.runs/impl_1/.Xil/Vivado-214377-e16fpga01/dc_drv.0/dc/prj_ip.gen/sources_1/ip/u_ila_0/hdl/xsdbm_v3_0_vl_rfs.v:6447]
INFO: [Synth 8-11241] undeclared symbol 'runtest_int', assumed default net type 'wire' [/home/nagafusa/work/spadi/Fakernet/SAMIDARE/samidare.runs/impl_1/.Xil/Vivado-214377-e16fpga01/dc_drv.0/dc/prj_ip.gen/sources_1/ip/u_ila_0/hdl/xsdbm_v3_0_vl_rfs.v:6449]
INFO: [Synth 8-11241] undeclared symbol 'tms_int', assumed default net type 'wire' [/home/nagafusa/work/spadi/Fakernet/SAMIDARE/samidare.runs/impl_1/.Xil/Vivado-214377-e16fpga01/dc_drv.0/dc/prj_ip.gen/sources_1/ip/u_ila_0/hdl/verilog/xsdbm_v3_0_0_bs_core_ext.vh:30]
INFO: [Synth 8-11241] undeclared symbol 'runtest_int', assumed default net type 'wire' [/home/nagafusa/work/spadi/Fakernet/SAMIDARE/samidare.runs/impl_1/.Xil/Vivado-214377-e16fpga01/dc_drv.0/dc/prj_ip.gen/sources_1/ip/u_ila_0/hdl/verilog/xsdbm_v3_0_0_bs_core_ext.vh:32]
INFO: [Synth 8-11241] undeclared symbol 'tms_int', assumed default net type 'wire' [/home/nagafusa/work/spadi/Fakernet/SAMIDARE/samidare.runs/impl_1/.Xil/Vivado-214377-e16fpga01/dc_drv.0/dc/prj_ip.gen/sources_1/ip/u_ila_0/hdl/verilog/xsdbm_v3_0_0_bs_core_ext.vh:69]
INFO: [Synth 8-11241] undeclared symbol 'runtest_int', assumed default net type 'wire' [/home/nagafusa/work/spadi/Fakernet/SAMIDARE/samidare.runs/impl_1/.Xil/Vivado-214377-e16fpga01/dc_drv.0/dc/prj_ip.gen/sources_1/ip/u_ila_0/hdl/verilog/xsdbm_v3_0_0_bs_core_ext.vh:71]
INFO: [Synth 8-11241] undeclared symbol 'tms_int', assumed default net type 'wire' [/home/nagafusa/work/spadi/Fakernet/SAMIDARE/samidare.runs/impl_1/.Xil/Vivado-214377-e16fpga01/dc_drv.0/dc/prj_ip.gen/sources_1/ip/u_ila_0/hdl/verilog/xsdbm_v3_0_0_bs_core_ext.vh:109]
INFO: [Synth 8-11241] undeclared symbol 'runtest_int', assumed default net type 'wire' [/home/nagafusa/work/spadi/Fakernet/SAMIDARE/samidare.runs/impl_1/.Xil/Vivado-214377-e16fpga01/dc_drv.0/dc/prj_ip.gen/sources_1/ip/u_ila_0/hdl/verilog/xsdbm_v3_0_0_bs_core_ext.vh:111]
INFO: [Synth 8-11241] undeclared symbol 'tms_int', assumed default net type 'wire' [/home/nagafusa/work/spadi/Fakernet/SAMIDARE/samidare.runs/impl_1/.Xil/Vivado-214377-e16fpga01/dc_drv.0/dc/prj_ip.gen/sources_1/ip/u_ila_0/hdl/verilog/xsdbm_v3_0_0_bs_core_ext.vh:150]
INFO: [Synth 8-11241] undeclared symbol 'runtest_int', assumed default net type 'wire' [/home/nagafusa/work/spadi/Fakernet/SAMIDARE/samidare.runs/impl_1/.Xil/Vivado-214377-e16fpga01/dc_drv.0/dc/prj_ip.gen/sources_1/ip/u_ila_0/hdl/verilog/xsdbm_v3_0_0_bs_core_ext.vh:152]
INFO: [Synth 8-11241] undeclared symbol 'tms_int', assumed default net type 'wire' [/home/nagafusa/work/spadi/Fakernet/SAMIDARE/samidare.runs/impl_1/.Xil/Vivado-214377-e16fpga01/dc_drv.0/dc/prj_ip.gen/sources_1/ip/u_ila_0/hdl/verilog/xsdbm_v3_0_0_bs_core_ext.vh:192]
INFO: [Synth 8-11241] undeclared symbol 'runtest_int', assumed default net type 'wire' [/home/nagafusa/work/spadi/Fakernet/SAMIDARE/samidare.runs/impl_1/.Xil/Vivado-214377-e16fpga01/dc_drv.0/dc/prj_ip.gen/sources_1/ip/u_ila_0/hdl/verilog/xsdbm_v3_0_0_bs_core_ext.vh:194]
INFO: [Synth 8-11241] undeclared symbol 'tms_int', assumed default net type 'wire' [/home/nagafusa/work/spadi/Fakernet/SAMIDARE/samidare.runs/impl_1/.Xil/Vivado-214377-e16fpga01/dc_drv.0/dc/prj_ip.gen/sources_1/ip/u_ila_0/hdl/verilog/xsdbm_v3_0_0_bs_core_ext.vh:235]
INFO: [Synth 8-11241] undeclared symbol 'runtest_int', assumed default net type 'wire' [/home/nagafusa/work/spadi/Fakernet/SAMIDARE/samidare.runs/impl_1/.Xil/Vivado-214377-e16fpga01/dc_drv.0/dc/prj_ip.gen/sources_1/ip/u_ila_0/hdl/verilog/xsdbm_v3_0_0_bs_core_ext.vh:237]
INFO: [Synth 8-11241] undeclared symbol 'tms_int', assumed default net type 'wire' [/home/nagafusa/work/spadi/Fakernet/SAMIDARE/samidare.runs/impl_1/.Xil/Vivado-214377-e16fpga01/dc_drv.0/dc/prj_ip.gen/sources_1/ip/u_ila_0/hdl/verilog/xsdbm_v3_0_0_bs_core_ext.vh:279]
INFO: [Synth 8-11241] undeclared symbol 'runtest_int', assumed default net type 'wire' [/home/nagafusa/work/spadi/Fakernet/SAMIDARE/samidare.runs/impl_1/.Xil/Vivado-214377-e16fpga01/dc_drv.0/dc/prj_ip.gen/sources_1/ip/u_ila_0/hdl/verilog/xsdbm_v3_0_0_bs_core_ext.vh:281]
INFO: [Synth 8-11241] undeclared symbol 'tms_int', assumed default net type 'wire' [/home/nagafusa/work/spadi/Fakernet/SAMIDARE/samidare.runs/impl_1/.Xil/Vivado-214377-e16fpga01/dc_drv.0/dc/prj_ip.gen/sources_1/ip/u_ila_0/hdl/verilog/xsdbm_v3_0_0_bs_core_ext.vh:324]
INFO: [Synth 8-11241] undeclared symbol 'runtest_int', assumed default net type 'wire' [/home/nagafusa/work/spadi/Fakernet/SAMIDARE/samidare.runs/impl_1/.Xil/Vivado-214377-e16fpga01/dc_drv.0/dc/prj_ip.gen/sources_1/ip/u_ila_0/hdl/verilog/xsdbm_v3_0_0_bs_core_ext.vh:326]
INFO: [Synth 8-11241] undeclared symbol 'tms_int', assumed default net type 'wire' [/home/nagafusa/work/spadi/Fakernet/SAMIDARE/samidare.runs/impl_1/.Xil/Vivado-214377-e16fpga01/dc_drv.0/dc/prj_ip.gen/sources_1/ip/u_ila_0/hdl/verilog/xsdbm_v3_0_0_bs_core_ext.vh:370]
INFO: [Synth 8-11241] undeclared symbol 'runtest_int', assumed default net type 'wire' [/home/nagafusa/work/spadi/Fakernet/SAMIDARE/samidare.runs/impl_1/.Xil/Vivado-214377-e16fpga01/dc_drv.0/dc/prj_ip.gen/sources_1/ip/u_ila_0/hdl/verilog/xsdbm_v3_0_0_bs_core_ext.vh:372]
INFO: [Synth 8-11241] undeclared symbol 'tms_int', assumed default net type 'wire' [/home/nagafusa/work/spadi/Fakernet/SAMIDARE/samidare.runs/impl_1/.Xil/Vivado-214377-e16fpga01/dc_drv.0/dc/prj_ip.gen/sources_1/ip/u_ila_0/hdl/verilog/xsdbm_v3_0_0_bs_core_ext.vh:417]
INFO: [Synth 8-11241] undeclared symbol 'runtest_int', assumed default net type 'wire' [/home/nagafusa/work/spadi/Fakernet/SAMIDARE/samidare.runs/impl_1/.Xil/Vivado-214377-e16fpga01/dc_drv.0/dc/prj_ip.gen/sources_1/ip/u_ila_0/hdl/verilog/xsdbm_v3_0_0_bs_core_ext.vh:419]
INFO: [Synth 8-11241] undeclared symbol 'tms_int', assumed default net type 'wire' [/home/nagafusa/work/spadi/Fakernet/SAMIDARE/samidare.runs/impl_1/.Xil/Vivado-214377-e16fpga01/dc_drv.0/dc/prj_ip.gen/sources_1/ip/u_ila_0/hdl/verilog/xsdbm_v3_0_0_bs_core_ext.vh:465]
INFO: [Synth 8-11241] undeclared symbol 'runtest_int', assumed default net type 'wire' [/home/nagafusa/work/spadi/Fakernet/SAMIDARE/samidare.runs/impl_1/.Xil/Vivado-214377-e16fpga01/dc_drv.0/dc/prj_ip.gen/sources_1/ip/u_ila_0/hdl/verilog/xsdbm_v3_0_0_bs_core_ext.vh:467]
INFO: [Synth 8-11241] undeclared symbol 'tms_int', assumed default net type 'wire' [/home/nagafusa/work/spadi/Fakernet/SAMIDARE/samidare.runs/impl_1/.Xil/Vivado-214377-e16fpga01/dc_drv.0/dc/prj_ip.gen/sources_1/ip/u_ila_0/hdl/verilog/xsdbm_v3_0_0_bs_core_ext.vh:514]
INFO: [Synth 8-11241] undeclared symbol 'runtest_int', assumed default net type 'wire' [/home/nagafusa/work/spadi/Fakernet/SAMIDARE/samidare.runs/impl_1/.Xil/Vivado-214377-e16fpga01/dc_drv.0/dc/prj_ip.gen/sources_1/ip/u_ila_0/hdl/verilog/xsdbm_v3_0_0_bs_core_ext.vh:516]
INFO: [Synth 8-11241] undeclared symbol 'tms_int', assumed default net type 'wire' [/home/nagafusa/work/spadi/Fakernet/SAMIDARE/samidare.runs/impl_1/.Xil/Vivado-214377-e16fpga01/dc_drv.0/dc/prj_ip.gen/sources_1/ip/u_ila_0/hdl/verilog/xsdbm_v3_0_0_bs_core_ext.vh:564]
INFO: [Synth 8-11241] undeclared symbol 'runtest_int', assumed default net type 'wire' [/home/nagafusa/work/spadi/Fakernet/SAMIDARE/samidare.runs/impl_1/.Xil/Vivado-214377-e16fpga01/dc_drv.0/dc/prj_ip.gen/sources_1/ip/u_ila_0/hdl/verilog/xsdbm_v3_0_0_bs_core_ext.vh:566]
INFO: [Synth 8-11241] undeclared symbol 'tms_int', assumed default net type 'wire' [/home/nagafusa/work/spadi/Fakernet/SAMIDARE/samidare.runs/impl_1/.Xil/Vivado-214377-e16fpga01/dc_drv.0/dc/prj_ip.gen/sources_1/ip/u_ila_0/hdl/verilog/xsdbm_v3_0_0_bs_core_ext.vh:615]
INFO: [Synth 8-11241] undeclared symbol 'runtest_int', assumed default net type 'wire' [/home/nagafusa/work/spadi/Fakernet/SAMIDARE/samidare.runs/impl_1/.Xil/Vivado-214377-e16fpga01/dc_drv.0/dc/prj_ip.gen/sources_1/ip/u_ila_0/hdl/verilog/xsdbm_v3_0_0_bs_core_ext.vh:617]
INFO: [Synth 8-11241] undeclared symbol 'tms_int', assumed default net type 'wire' [/home/nagafusa/work/spadi/Fakernet/SAMIDARE/samidare.runs/impl_1/.Xil/Vivado-214377-e16fpga01/dc_drv.0/dc/prj_ip.gen/sources_1/ip/u_ila_0/hdl/xsdbm_v3_0_vl_rfs.v:6554]
INFO: [Synth 8-11241] undeclared symbol 'runtest_int', assumed default net type 'wire' [/home/nagafusa/work/spadi/Fakernet/SAMIDARE/samidare.runs/impl_1/.Xil/Vivado-214377-e16fpga01/dc_drv.0/dc/prj_ip.gen/sources_1/ip/u_ila_0/hdl/xsdbm_v3_0_vl_rfs.v:6556]
INFO: [Synth 8-11241] undeclared symbol 'tms_int', assumed default net type 'wire' [/home/nagafusa/work/spadi/Fakernet/SAMIDARE/samidare.runs/impl_1/.Xil/Vivado-214377-e16fpga01/dc_drv.0/dc/prj_ip.gen/sources_1/ip/u_ila_0/hdl/xsdbm_v3_0_vl_rfs.v:6589]
INFO: [Synth 8-11241] undeclared symbol 'runtest_int', assumed default net type 'wire' [/home/nagafusa/work/spadi/Fakernet/SAMIDARE/samidare.runs/impl_1/.Xil/Vivado-214377-e16fpga01/dc_drv.0/dc/prj_ip.gen/sources_1/ip/u_ila_0/hdl/xsdbm_v3_0_vl_rfs.v:6591]
INFO: [Synth 8-11241] undeclared symbol 'tms_int', assumed default net type 'wire' [/home/nagafusa/work/spadi/Fakernet/SAMIDARE/samidare.runs/impl_1/.Xil/Vivado-214377-e16fpga01/dc_drv.0/dc/prj_ip.gen/sources_1/ip/u_ila_0/hdl/verilog/xsdbm_v3_0_0_bs_core.vh:30]
INFO: [Synth 8-11241] undeclared symbol 'runtest_int', assumed default net type 'wire' [/home/nagafusa/work/spadi/Fakernet/SAMIDARE/samidare.runs/impl_1/.Xil/Vivado-214377-e16fpga01/dc_drv.0/dc/prj_ip.gen/sources_1/ip/u_ila_0/hdl/verilog/xsdbm_v3_0_0_bs_core.vh:32]
INFO: [Synth 8-11241] undeclared symbol 'tms_int', assumed default net type 'wire' [/home/nagafusa/work/spadi/Fakernet/SAMIDARE/samidare.runs/impl_1/.Xil/Vivado-214377-e16fpga01/dc_drv.0/dc/prj_ip.gen/sources_1/ip/u_ila_0/hdl/verilog/xsdbm_v3_0_0_bs_core.vh:69]
INFO: [Synth 8-11241] undeclared symbol 'runtest_int', assumed default net type 'wire' [/home/nagafusa/work/spadi/Fakernet/SAMIDARE/samidare.runs/impl_1/.Xil/Vivado-214377-e16fpga01/dc_drv.0/dc/prj_ip.gen/sources_1/ip/u_ila_0/hdl/verilog/xsdbm_v3_0_0_bs_core.vh:71]
INFO: [Synth 8-11241] undeclared symbol 'tms_int', assumed default net type 'wire' [/home/nagafusa/work/spadi/Fakernet/SAMIDARE/samidare.runs/impl_1/.Xil/Vivado-214377-e16fpga01/dc_drv.0/dc/prj_ip.gen/sources_1/ip/u_ila_0/hdl/verilog/xsdbm_v3_0_0_bs_core.vh:109]
INFO: [Synth 8-11241] undeclared symbol 'runtest_int', assumed default net type 'wire' [/home/nagafusa/work/spadi/Fakernet/SAMIDARE/samidare.runs/impl_1/.Xil/Vivado-214377-e16fpga01/dc_drv.0/dc/prj_ip.gen/sources_1/ip/u_ila_0/hdl/verilog/xsdbm_v3_0_0_bs_core.vh:111]
INFO: [Synth 8-11241] undeclared symbol 'tms_int', assumed default net type 'wire' [/home/nagafusa/work/spadi/Fakernet/SAMIDARE/samidare.runs/impl_1/.Xil/Vivado-214377-e16fpga01/dc_drv.0/dc/prj_ip.gen/sources_1/ip/u_ila_0/hdl/verilog/xsdbm_v3_0_0_bs_core.vh:150]
INFO: [Synth 8-11241] undeclared symbol 'runtest_int', assumed default net type 'wire' [/home/nagafusa/work/spadi/Fakernet/SAMIDARE/samidare.runs/impl_1/.Xil/Vivado-214377-e16fpga01/dc_drv.0/dc/prj_ip.gen/sources_1/ip/u_ila_0/hdl/verilog/xsdbm_v3_0_0_bs_core.vh:152]
INFO: [Synth 8-11241] undeclared symbol 'tms_int', assumed default net type 'wire' [/home/nagafusa/work/spadi/Fakernet/SAMIDARE/samidare.runs/impl_1/.Xil/Vivado-214377-e16fpga01/dc_drv.0/dc/prj_ip.gen/sources_1/ip/u_ila_0/hdl/verilog/xsdbm_v3_0_0_bs_core.vh:192]
INFO: [Synth 8-11241] undeclared symbol 'runtest_int', assumed default net type 'wire' [/home/nagafusa/work/spadi/Fakernet/SAMIDARE/samidare.runs/impl_1/.Xil/Vivado-214377-e16fpga01/dc_drv.0/dc/prj_ip.gen/sources_1/ip/u_ila_0/hdl/verilog/xsdbm_v3_0_0_bs_core.vh:194]
INFO: [Synth 8-11241] undeclared symbol 'tms_int', assumed default net type 'wire' [/home/nagafusa/work/spadi/Fakernet/SAMIDARE/samidare.runs/impl_1/.Xil/Vivado-214377-e16fpga01/dc_drv.0/dc/prj_ip.gen/sources_1/ip/u_ila_0/hdl/verilog/xsdbm_v3_0_0_bs_core.vh:235]
INFO: [Synth 8-11241] undeclared symbol 'runtest_int', assumed default net type 'wire' [/home/nagafusa/work/spadi/Fakernet/SAMIDARE/samidare.runs/impl_1/.Xil/Vivado-214377-e16fpga01/dc_drv.0/dc/prj_ip.gen/sources_1/ip/u_ila_0/hdl/verilog/xsdbm_v3_0_0_bs_core.vh:237]
INFO: [Synth 8-11241] undeclared symbol 'tms_int', assumed default net type 'wire' [/home/nagafusa/work/spadi/Fakernet/SAMIDARE/samidare.runs/impl_1/.Xil/Vivado-214377-e16fpga01/dc_drv.0/dc/prj_ip.gen/sources_1/ip/u_ila_0/hdl/verilog/xsdbm_v3_0_0_bs_core.vh:279]
INFO: [Synth 8-11241] undeclared symbol 'runtest_int', assumed default net type 'wire' [/home/nagafusa/work/spadi/Fakernet/SAMIDARE/samidare.runs/impl_1/.Xil/Vivado-214377-e16fpga01/dc_drv.0/dc/prj_ip.gen/sources_1/ip/u_ila_0/hdl/verilog/xsdbm_v3_0_0_bs_core.vh:281]
INFO: [Synth 8-11241] undeclared symbol 'tms_int', assumed default net type 'wire' [/home/nagafusa/work/spadi/Fakernet/SAMIDARE/samidare.runs/impl_1/.Xil/Vivado-214377-e16fpga01/dc_drv.0/dc/prj_ip.gen/sources_1/ip/u_ila_0/hdl/verilog/xsdbm_v3_0_0_bs_core.vh:324]
INFO: [Synth 8-11241] undeclared symbol 'runtest_int', assumed default net type 'wire' [/home/nagafusa/work/spadi/Fakernet/SAMIDARE/samidare.runs/impl_1/.Xil/Vivado-214377-e16fpga01/dc_drv.0/dc/prj_ip.gen/sources_1/ip/u_ila_0/hdl/verilog/xsdbm_v3_0_0_bs_core.vh:326]
INFO: [Synth 8-11241] undeclared symbol 'tms_int', assumed default net type 'wire' [/home/nagafusa/work/spadi/Fakernet/SAMIDARE/samidare.runs/impl_1/.Xil/Vivado-214377-e16fpga01/dc_drv.0/dc/prj_ip.gen/sources_1/ip/u_ila_0/hdl/verilog/xsdbm_v3_0_0_bs_core.vh:370]
INFO: [Synth 8-11241] undeclared symbol 'runtest_int', assumed default net type 'wire' [/home/nagafusa/work/spadi/Fakernet/SAMIDARE/samidare.runs/impl_1/.Xil/Vivado-214377-e16fpga01/dc_drv.0/dc/prj_ip.gen/sources_1/ip/u_ila_0/hdl/verilog/xsdbm_v3_0_0_bs_core.vh:372]
INFO: [Synth 8-11241] undeclared symbol 'tms_int', assumed default net type 'wire' [/home/nagafusa/work/spadi/Fakernet/SAMIDARE/samidare.runs/impl_1/.Xil/Vivado-214377-e16fpga01/dc_drv.0/dc/prj_ip.gen/sources_1/ip/u_ila_0/hdl/verilog/xsdbm_v3_0_0_bs_core.vh:417]
INFO: [Synth 8-11241] undeclared symbol 'runtest_int', assumed default net type 'wire' [/home/nagafusa/work/spadi/Fakernet/SAMIDARE/samidare.runs/impl_1/.Xil/Vivado-214377-e16fpga01/dc_drv.0/dc/prj_ip.gen/sources_1/ip/u_ila_0/hdl/verilog/xsdbm_v3_0_0_bs_core.vh:419]
INFO: [Synth 8-11241] undeclared symbol 'tms_int', assumed default net type 'wire' [/home/nagafusa/work/spadi/Fakernet/SAMIDARE/samidare.runs/impl_1/.Xil/Vivado-214377-e16fpga01/dc_drv.0/dc/prj_ip.gen/sources_1/ip/u_ila_0/hdl/verilog/xsdbm_v3_0_0_bs_core.vh:465]
INFO: [Synth 8-11241] undeclared symbol 'runtest_int', assumed default net type 'wire' [/home/nagafusa/work/spadi/Fakernet/SAMIDARE/samidare.runs/impl_1/.Xil/Vivado-214377-e16fpga01/dc_drv.0/dc/prj_ip.gen/sources_1/ip/u_ila_0/hdl/verilog/xsdbm_v3_0_0_bs_core.vh:467]
INFO: [Synth 8-11241] undeclared symbol 'tms_int', assumed default net type 'wire' [/home/nagafusa/work/spadi/Fakernet/SAMIDARE/samidare.runs/impl_1/.Xil/Vivado-214377-e16fpga01/dc_drv.0/dc/prj_ip.gen/sources_1/ip/u_ila_0/hdl/verilog/xsdbm_v3_0_0_bs_core.vh:514]
INFO: [Synth 8-11241] undeclared symbol 'runtest_int', assumed default net type 'wire' [/home/nagafusa/work/spadi/Fakernet/SAMIDARE/samidare.runs/impl_1/.Xil/Vivado-214377-e16fpga01/dc_drv.0/dc/prj_ip.gen/sources_1/ip/u_ila_0/hdl/verilog/xsdbm_v3_0_0_bs_core.vh:516]
INFO: [Synth 8-11241] undeclared symbol 'tms_int', assumed default net type 'wire' [/home/nagafusa/work/spadi/Fakernet/SAMIDARE/samidare.runs/impl_1/.Xil/Vivado-214377-e16fpga01/dc_drv.0/dc/prj_ip.gen/sources_1/ip/u_ila_0/hdl/verilog/xsdbm_v3_0_0_bs_core.vh:564]
INFO: [Synth 8-11241] undeclared symbol 'runtest_int', assumed default net type 'wire' [/home/nagafusa/work/spadi/Fakernet/SAMIDARE/samidare.runs/impl_1/.Xil/Vivado-214377-e16fpga01/dc_drv.0/dc/prj_ip.gen/sources_1/ip/u_ila_0/hdl/verilog/xsdbm_v3_0_0_bs_core.vh:566]
INFO: [Synth 8-11241] undeclared symbol 'tms_int', assumed default net type 'wire' [/home/nagafusa/work/spadi/Fakernet/SAMIDARE/samidare.runs/impl_1/.Xil/Vivado-214377-e16fpga01/dc_drv.0/dc/prj_ip.gen/sources_1/ip/u_ila_0/hdl/verilog/xsdbm_v3_0_0_bs_core.vh:615]
INFO: [Synth 8-11241] undeclared symbol 'runtest_int', assumed default net type 'wire' [/home/nagafusa/work/spadi/Fakernet/SAMIDARE/samidare.runs/impl_1/.Xil/Vivado-214377-e16fpga01/dc_drv.0/dc/prj_ip.gen/sources_1/ip/u_ila_0/hdl/verilog/xsdbm_v3_0_0_bs_core.vh:617]
INFO: [Synth 8-11241] undeclared symbol 'tms_int', assumed default net type 'wire' [/home/nagafusa/work/spadi/Fakernet/SAMIDARE/samidare.runs/impl_1/.Xil/Vivado-214377-e16fpga01/dc_drv.0/dc/prj_ip.gen/sources_1/ip/u_ila_0/hdl/xsdbm_v3_0_vl_rfs.v:10347]
INFO: [Synth 8-11241] undeclared symbol 'runtest_int', assumed default net type 'wire' [/home/nagafusa/work/spadi/Fakernet/SAMIDARE/samidare.runs/impl_1/.Xil/Vivado-214377-e16fpga01/dc_drv.0/dc/prj_ip.gen/sources_1/ip/u_ila_0/hdl/xsdbm_v3_0_vl_rfs.v:10349]
INFO: [Synth 8-11241] undeclared symbol 'tms_int', assumed default net type 'wire' [/home/nagafusa/work/spadi/Fakernet/SAMIDARE/samidare.runs/impl_1/.Xil/Vivado-214377-e16fpga01/dc_drv.0/dc/prj_ip.gen/sources_1/ip/u_ila_0/hdl/xsdbm_v3_0_vl_rfs.v:10380]
INFO: [Synth 8-11241] undeclared symbol 'runtest_int', assumed default net type 'wire' [/home/nagafusa/work/spadi/Fakernet/SAMIDARE/samidare.runs/impl_1/.Xil/Vivado-214377-e16fpga01/dc_drv.0/dc/prj_ip.gen/sources_1/ip/u_ila_0/hdl/xsdbm_v3_0_vl_rfs.v:10382]
INFO: [Synth 8-11241] undeclared symbol 'tms_int', assumed default net type 'wire' [/home/nagafusa/work/spadi/Fakernet/SAMIDARE/samidare.runs/impl_1/.Xil/Vivado-214377-e16fpga01/dc_drv.0/dc/prj_ip.gen/sources_1/ip/u_ila_0/hdl/xsdbm_v3_0_vl_rfs.v:10413]
INFO: [Synth 8-11241] undeclared symbol 'runtest_int', assumed default net type 'wire' [/home/nagafusa/work/spadi/Fakernet/SAMIDARE/samidare.runs/impl_1/.Xil/Vivado-214377-e16fpga01/dc_drv.0/dc/prj_ip.gen/sources_1/ip/u_ila_0/hdl/xsdbm_v3_0_vl_rfs.v:10415]
INFO: [Synth 8-11241] undeclared symbol 'tms_int', assumed default net type 'wire' [/home/nagafusa/work/spadi/Fakernet/SAMIDARE/samidare.runs/impl_1/.Xil/Vivado-214377-e16fpga01/dc_drv.0/dc/prj_ip.gen/sources_1/ip/u_ila_0/hdl/verilog/xsdbm_v3_0_0_bs_core_vec.vh:30]
INFO: [Synth 8-11241] undeclared symbol 'runtest_int', assumed default net type 'wire' [/home/nagafusa/work/spadi/Fakernet/SAMIDARE/samidare.runs/impl_1/.Xil/Vivado-214377-e16fpga01/dc_drv.0/dc/prj_ip.gen/sources_1/ip/u_ila_0/hdl/verilog/xsdbm_v3_0_0_bs_core_vec.vh:32]
INFO: [Synth 8-11241] undeclared symbol 'tms_int', assumed default net type 'wire' [/home/nagafusa/work/spadi/Fakernet/SAMIDARE/samidare.runs/impl_1/.Xil/Vivado-214377-e16fpga01/dc_drv.0/dc/prj_ip.gen/sources_1/ip/u_ila_0/hdl/verilog/xsdbm_v3_0_0_bs_core_vec.vh:65]
INFO: [Synth 8-11241] undeclared symbol 'runtest_int', assumed default net type 'wire' [/home/nagafusa/work/spadi/Fakernet/SAMIDARE/samidare.runs/impl_1/.Xil/Vivado-214377-e16fpga01/dc_drv.0/dc/prj_ip.gen/sources_1/ip/u_ila_0/hdl/verilog/xsdbm_v3_0_0_bs_core_vec.vh:67]
INFO: [Synth 8-11241] undeclared symbol 'tms_int', assumed default net type 'wire' [/home/nagafusa/work/spadi/Fakernet/SAMIDARE/samidare.runs/impl_1/.Xil/Vivado-214377-e16fpga01/dc_drv.0/dc/prj_ip.gen/sources_1/ip/u_ila_0/hdl/verilog/xsdbm_v3_0_0_bs_core_vec.vh:100]
INFO: [Synth 8-11241] undeclared symbol 'runtest_int', assumed default net type 'wire' [/home/nagafusa/work/spadi/Fakernet/SAMIDARE/samidare.runs/impl_1/.Xil/Vivado-214377-e16fpga01/dc_drv.0/dc/prj_ip.gen/sources_1/ip/u_ila_0/hdl/verilog/xsdbm_v3_0_0_bs_core_vec.vh:102]
INFO: [Synth 8-11241] undeclared symbol 'tms_int', assumed default net type 'wire' [/home/nagafusa/work/spadi/Fakernet/SAMIDARE/samidare.runs/impl_1/.Xil/Vivado-214377-e16fpga01/dc_drv.0/dc/prj_ip.gen/sources_1/ip/u_ila_0/hdl/verilog/xsdbm_v3_0_0_bs_core_vec.vh:135]
INFO: [Synth 8-11241] undeclared symbol 'runtest_int', assumed default net type 'wire' [/home/nagafusa/work/spadi/Fakernet/SAMIDARE/samidare.runs/impl_1/.Xil/Vivado-214377-e16fpga01/dc_drv.0/dc/prj_ip.gen/sources_1/ip/u_ila_0/hdl/verilog/xsdbm_v3_0_0_bs_core_vec.vh:137]
INFO: [Synth 8-11241] undeclared symbol 'tms_int', assumed default net type 'wire' [/home/nagafusa/work/spadi/Fakernet/SAMIDARE/samidare.runs/impl_1/.Xil/Vivado-214377-e16fpga01/dc_drv.0/dc/prj_ip.gen/sources_1/ip/u_ila_0/hdl/verilog/xsdbm_v3_0_0_bs_core_vec.vh:170]
INFO: [Synth 8-11241] undeclared symbol 'runtest_int', assumed default net type 'wire' [/home/nagafusa/work/spadi/Fakernet/SAMIDARE/samidare.runs/impl_1/.Xil/Vivado-214377-e16fpga01/dc_drv.0/dc/prj_ip.gen/sources_1/ip/u_ila_0/hdl/verilog/xsdbm_v3_0_0_bs_core_vec.vh:172]
INFO: [Synth 8-11241] undeclared symbol 'tms_int', assumed default net type 'wire' [/home/nagafusa/work/spadi/Fakernet/SAMIDARE/samidare.runs/impl_1/.Xil/Vivado-214377-e16fpga01/dc_drv.0/dc/prj_ip.gen/sources_1/ip/u_ila_0/hdl/verilog/xsdbm_v3_0_0_bs_core_vec.vh:205]
INFO: [Synth 8-11241] undeclared symbol 'runtest_int', assumed default net type 'wire' [/home/nagafusa/work/spadi/Fakernet/SAMIDARE/samidare.runs/impl_1/.Xil/Vivado-214377-e16fpga01/dc_drv.0/dc/prj_ip.gen/sources_1/ip/u_ila_0/hdl/verilog/xsdbm_v3_0_0_bs_core_vec.vh:207]
INFO: [Synth 8-11241] undeclared symbol 'tms_int', assumed default net type 'wire' [/home/nagafusa/work/spadi/Fakernet/SAMIDARE/samidare.runs/impl_1/.Xil/Vivado-214377-e16fpga01/dc_drv.0/dc/prj_ip.gen/sources_1/ip/u_ila_0/hdl/verilog/xsdbm_v3_0_0_bs_core_vec.vh:240]
INFO: [Synth 8-11241] undeclared symbol 'runtest_int', assumed default net type 'wire' [/home/nagafusa/work/spadi/Fakernet/SAMIDARE/samidare.runs/impl_1/.Xil/Vivado-214377-e16fpga01/dc_drv.0/dc/prj_ip.gen/sources_1/ip/u_ila_0/hdl/verilog/xsdbm_v3_0_0_bs_core_vec.vh:242]
INFO: [Synth 8-11241] undeclared symbol 'tms_int', assumed default net type 'wire' [/home/nagafusa/work/spadi/Fakernet/SAMIDARE/samidare.runs/impl_1/.Xil/Vivado-214377-e16fpga01/dc_drv.0/dc/prj_ip.gen/sources_1/ip/u_ila_0/hdl/verilog/xsdbm_v3_0_0_bs_core_vec.vh:275]
INFO: [Synth 8-11241] undeclared symbol 'runtest_int', assumed default net type 'wire' [/home/nagafusa/work/spadi/Fakernet/SAMIDARE/samidare.runs/impl_1/.Xil/Vivado-214377-e16fpga01/dc_drv.0/dc/prj_ip.gen/sources_1/ip/u_ila_0/hdl/verilog/xsdbm_v3_0_0_bs_core_vec.vh:277]
INFO: [Synth 8-11241] undeclared symbol 'tms_int', assumed default net type 'wire' [/home/nagafusa/work/spadi/Fakernet/SAMIDARE/samidare.runs/impl_1/.Xil/Vivado-214377-e16fpga01/dc_drv.0/dc/prj_ip.gen/sources_1/ip/u_ila_0/hdl/verilog/xsdbm_v3_0_0_bs_core_vec.vh:310]
INFO: [Synth 8-11241] undeclared symbol 'runtest_int', assumed default net type 'wire' [/home/nagafusa/work/spadi/Fakernet/SAMIDARE/samidare.runs/impl_1/.Xil/Vivado-214377-e16fpga01/dc_drv.0/dc/prj_ip.gen/sources_1/ip/u_ila_0/hdl/verilog/xsdbm_v3_0_0_bs_core_vec.vh:312]
INFO: [Synth 8-11241] undeclared symbol 'tms_int', assumed default net type 'wire' [/home/nagafusa/work/spadi/Fakernet/SAMIDARE/samidare.runs/impl_1/.Xil/Vivado-214377-e16fpga01/dc_drv.0/dc/prj_ip.gen/sources_1/ip/u_ila_0/hdl/verilog/xsdbm_v3_0_0_bs_core_vec.vh:345]
INFO: [Synth 8-11241] undeclared symbol 'runtest_int', assumed default net type 'wire' [/home/nagafusa/work/spadi/Fakernet/SAMIDARE/samidare.runs/impl_1/.Xil/Vivado-214377-e16fpga01/dc_drv.0/dc/prj_ip.gen/sources_1/ip/u_ila_0/hdl/verilog/xsdbm_v3_0_0_bs_core_vec.vh:347]
INFO: [Synth 8-11241] undeclared symbol 'tms_int', assumed default net type 'wire' [/home/nagafusa/work/spadi/Fakernet/SAMIDARE/samidare.runs/impl_1/.Xil/Vivado-214377-e16fpga01/dc_drv.0/dc/prj_ip.gen/sources_1/ip/u_ila_0/hdl/verilog/xsdbm_v3_0_0_bs_core_vec.vh:380]
INFO: [Synth 8-11241] undeclared symbol 'runtest_int', assumed default net type 'wire' [/home/nagafusa/work/spadi/Fakernet/SAMIDARE/samidare.runs/impl_1/.Xil/Vivado-214377-e16fpga01/dc_drv.0/dc/prj_ip.gen/sources_1/ip/u_ila_0/hdl/verilog/xsdbm_v3_0_0_bs_core_vec.vh:382]
INFO: [Synth 8-11241] undeclared symbol 'tms_int', assumed default net type 'wire' [/home/nagafusa/work/spadi/Fakernet/SAMIDARE/samidare.runs/impl_1/.Xil/Vivado-214377-e16fpga01/dc_drv.0/dc/prj_ip.gen/sources_1/ip/u_ila_0/hdl/verilog/xsdbm_v3_0_0_bs_core_vec.vh:415]
INFO: [Synth 8-11241] undeclared symbol 'runtest_int', assumed default net type 'wire' [/home/nagafusa/work/spadi/Fakernet/SAMIDARE/samidare.runs/impl_1/.Xil/Vivado-214377-e16fpga01/dc_drv.0/dc/prj_ip.gen/sources_1/ip/u_ila_0/hdl/verilog/xsdbm_v3_0_0_bs_core_vec.vh:417]
INFO: [Common 17-14] Message 'Synth 8-11241' appears 100 times and further instances of the messages will be disabled. Use the Tcl command set_msg_config to change the current settings.
WARNING: [Synth 8-10294] parameter declaration is not allowed here in this mode of Verilog [/home/nagafusa/work/spadi/Fakernet/SAMIDARE/samidare.runs/impl_1/.Xil/Vivado-214377-e16fpga01/dc_drv.0/dc/prj_ip.gen/sources_1/ip/u_ila_0/hdl/ila_v6_2_syn_rfs.v:4527]
WARNING: [Synth 8-10294] parameter declaration is not allowed here in this mode of Verilog [/home/nagafusa/work/spadi/Fakernet/SAMIDARE/samidare.runs/impl_1/.Xil/Vivado-214377-e16fpga01/dc_drv.0/dc/prj_ip.gen/sources_1/ip/u_ila_0/hdl/ila_v6_2_syn_rfs.v:4528]
WARNING: [Synth 8-10294] parameter declaration is not allowed here in this mode of Verilog [/home/nagafusa/work/spadi/Fakernet/SAMIDARE/samidare.runs/impl_1/.Xil/Vivado-214377-e16fpga01/dc_drv.0/dc/prj_ip.gen/sources_1/ip/u_ila_0/hdl/ila_v6_2_syn_rfs.v:4529]
WARNING: [Synth 8-10294] parameter declaration is not allowed here in this mode of Verilog [/home/nagafusa/work/spadi/Fakernet/SAMIDARE/samidare.runs/impl_1/.Xil/Vivado-214377-e16fpga01/dc_drv.0/dc/prj_ip.gen/sources_1/ip/u_ila_0/hdl/ila_v6_2_syn_rfs.v:4530]
WARNING: [Synth 8-10294] parameter declaration is not allowed here in this mode of Verilog [/home/nagafusa/work/spadi/Fakernet/SAMIDARE/samidare.runs/impl_1/.Xil/Vivado-214377-e16fpga01/dc_drv.0/dc/prj_ip.gen/sources_1/ip/u_ila_0/hdl/ila_v6_2_syn_rfs.v:4531]
WARNING: [Synth 8-10294] parameter declaration is not allowed here in this mode of Verilog [/home/nagafusa/work/spadi/Fakernet/SAMIDARE/samidare.runs/impl_1/.Xil/Vivado-214377-e16fpga01/dc_drv.0/dc/prj_ip.gen/sources_1/ip/u_ila_0/hdl/ila_v6_2_syn_rfs.v:4532]
WARNING: [Synth 8-10294] parameter declaration is not allowed here in this mode of Verilog [/home/nagafusa/work/spadi/Fakernet/SAMIDARE/samidare.runs/impl_1/.Xil/Vivado-214377-e16fpga01/dc_drv.0/dc/prj_ip.gen/sources_1/ip/u_ila_0/hdl/ila_v6_2_syn_rfs.v:4586]
WARNING: [Synth 8-10294] parameter declaration is not allowed here in this mode of Verilog [/home/nagafusa/work/spadi/Fakernet/SAMIDARE/samidare.runs/impl_1/.Xil/Vivado-214377-e16fpga01/dc_drv.0/dc/prj_ip.gen/sources_1/ip/u_ila_0/hdl/ila_v6_2_syn_rfs.v:4587]
WARNING: [Synth 8-10294] parameter declaration is not allowed here in this mode of Verilog [/home/nagafusa/work/spadi/Fakernet/SAMIDARE/samidare.runs/impl_1/.Xil/Vivado-214377-e16fpga01/dc_drv.0/dc/prj_ip.gen/sources_1/ip/u_ila_0/hdl/ila_v6_2_syn_rfs.v:4588]
WARNING: [Synth 8-10294] parameter declaration is not allowed here in this mode of Verilog [/home/nagafusa/work/spadi/Fakernet/SAMIDARE/samidare.runs/impl_1/.Xil/Vivado-214377-e16fpga01/dc_drv.0/dc/prj_ip.gen/sources_1/ip/u_ila_0/hdl/ila_v6_2_syn_rfs.v:5486]
---------------------------------------------------------------------------------
Starting RTL Elaboration : Time (s): cpu = 00:00:03 ; elapsed = 00:00:04 . Memory (MB): peak = 2176.043 ; gain = 370.648 ; free physical = 41562 ; free virtual = 57615
Synthesis current peak Physical Memory [PSS] (MB): peak = 1477.514; parent = 1322.316; children = 155.197
Synthesis current peak Virtual Memory [VSS] (MB): peak = 3168.262; parent = 2199.859; children = 968.402
---------------------------------------------------------------------------------
INFO: [Synth 8-6157] synthesizing module 'u_ila_0' [/home/nagafusa/work/spadi/Fakernet/SAMIDARE/samidare.runs/impl_1/.Xil/Vivado-214377-e16fpga01/dc_drv.0/dc/prj_ip.gen/sources_1/ip/u_ila_0/synth/u_ila_0.v:48]
INFO: [Synth 8-6157] synthesizing module 'CFGLUT5' [/opt/Xilinx/Vivado/2022.2/scripts/rt/data/unisim_comp.v:1534]
INFO: [Synth 8-6155] done synthesizing module 'CFGLUT5' (0#1) [/opt/Xilinx/Vivado/2022.2/scripts/rt/data/unisim_comp.v:1534]
INFO: [Synth 8-6157] synthesizing module 'CARRY4' [/opt/Xilinx/Vivado/2022.2/scripts/rt/data/unisim_comp.v:1497]
INFO: [Synth 8-6155] done synthesizing module 'CARRY4' (0#1) [/opt/Xilinx/Vivado/2022.2/scripts/rt/data/unisim_comp.v:1497]
INFO: [Synth 8-6157] synthesizing module 'SRLC32E' [/opt/Xilinx/Vivado/2022.2/scripts/rt/data/unisim_comp.v:131794]
INFO: [Synth 8-6155] done synthesizing module 'SRLC32E' (0#1) [/opt/Xilinx/Vivado/2022.2/scripts/rt/data/unisim_comp.v:131794]
INFO: [Synth 8-6157] synthesizing module 'SRL16E' [/opt/Xilinx/Vivado/2022.2/scripts/rt/data/unisim_comp.v:131644]
INFO: [Synth 8-6155] done synthesizing module 'SRL16E' (0#1) [/opt/Xilinx/Vivado/2022.2/scripts/rt/data/unisim_comp.v:131644]
INFO: [Synth 8-6157] synthesizing module 'SRLC16E' [/opt/Xilinx/Vivado/2022.2/scripts/rt/data/unisim_comp.v:131733]
INFO: [Synth 8-6155] done synthesizing module 'SRLC16E' (0#1) [/opt/Xilinx/Vivado/2022.2/scripts/rt/data/unisim_comp.v:131733]
INFO: [Synth 8-6157] synthesizing module 'FDRE' [/opt/Xilinx/Vivado/2022.2/scripts/rt/data/unisim_comp.v:38708]
INFO: [Synth 8-6155] done synthesizing module 'FDRE' (0#1) [/opt/Xilinx/Vivado/2022.2/scripts/rt/data/unisim_comp.v:38708]
WARNING: [Synth 8-7071] port 'clk_nobuf' of module 'ila_v6_2_12_ila' is unconnected for instance 'inst' [/home/nagafusa/work/spadi/Fakernet/SAMIDARE/samidare.runs/impl_1/.Xil/Vivado-214377-e16fpga01/dc_drv.0/dc/prj_ip.gen/sources_1/ip/u_ila_0/synth/u_ila_0.v:3269]
WARNING: [Synth 8-7071] port 'clkdiv_out' of module 'ila_v6_2_12_ila' is unconnected for instance 'inst' [/home/nagafusa/work/spadi/Fakernet/SAMIDARE/samidare.runs/impl_1/.Xil/Vivado-214377-e16fpga01/dc_drv.0/dc/prj_ip.gen/sources_1/ip/u_ila_0/synth/u_ila_0.v:3269]
WARNING: [Synth 8-7071] port 'trig_in' of module 'ila_v6_2_12_ila' is unconnected for instance 'inst' [/home/nagafusa/work/spadi/Fakernet/SAMIDARE/samidare.runs/impl_1/.Xil/Vivado-214377-e16fpga01/dc_drv.0/dc/prj_ip.gen/sources_1/ip/u_ila_0/synth/u_ila_0.v:3269]
WARNING: [Synth 8-7071] port 'trig_in_ack' of module 'ila_v6_2_12_ila' is unconnected for instance 'inst' [/home/nagafusa/work/spadi/Fakernet/SAMIDARE/samidare.runs/impl_1/.Xil/Vivado-214377-e16fpga01/dc_drv.0/dc/prj_ip.gen/sources_1/ip/u_ila_0/synth/u_ila_0.v:3269]
WARNING: [Synth 8-7071] port 'trig_out' of module 'ila_v6_2_12_ila' is unconnected for instance 'inst' [/home/nagafusa/work/spadi/Fakernet/SAMIDARE/samidare.runs/impl_1/.Xil/Vivado-214377-e16fpga01/dc_drv.0/dc/prj_ip.gen/sources_1/ip/u_ila_0/synth/u_ila_0.v:3269]
WARNING: [Synth 8-7071] port 'trig_out_ack' of module 'ila_v6_2_12_ila' is unconnected for instance 'inst' [/home/nagafusa/work/spadi/Fakernet/SAMIDARE/samidare.runs/impl_1/.Xil/Vivado-214377-e16fpga01/dc_drv.0/dc/prj_ip.gen/sources_1/ip/u_ila_0/synth/u_ila_0.v:3269]
WARNING: [Synth 8-7023] instance 'inst' of module 'ila_v6_2_12_ila' has 1033 connections declared, but only 1027 given [/home/nagafusa/work/spadi/Fakernet/SAMIDARE/samidare.runs/impl_1/.Xil/Vivado-214377-e16fpga01/dc_drv.0/dc/prj_ip.gen/sources_1/ip/u_ila_0/synth/u_ila_0.v:3269]
INFO: [Synth 8-6155] done synthesizing module 'u_ila_0' (0#1) [/home/nagafusa/work/spadi/Fakernet/SAMIDARE/samidare.runs/impl_1/.Xil/Vivado-214377-e16fpga01/dc_drv.0/dc/prj_ip.gen/sources_1/ip/u_ila_0/synth/u_ila_0.v:48]
WARNING: [Synth 8-3848] Net sl_iport0 in module/entity u_ila_0 does not have driver. [/home/nagafusa/work/spadi/Fakernet/SAMIDARE/samidare.runs/impl_1/.Xil/Vivado-214377-e16fpga01/dc_drv.0/dc/prj_ip.gen/sources_1/ip/u_ila_0/synth/u_ila_0.v:158]
WARNING: [Synth 8-7129] Port CLKB in module blk_mem_gen_v8_4_5_blk_mem_output_block is either unconnected or has no load
WARNING: [Synth 8-7129] Port DOUTA_I[282] in module blk_mem_gen_v8_4_5_blk_mem_output_block is either unconnected or has no load
WARNING: [Synth 8-7129] Port DOUTA_I[281] in module blk_mem_gen_v8_4_5_blk_mem_output_block is either unconnected or has no load
WARNING: [Synth 8-7129] Port DOUTA_I[280] in module blk_mem_gen_v8_4_5_blk_mem_output_block is either unconnected or has no load
WARNING: [Synth 8-7129] Port DOUTA_I[279] in module blk_mem_gen_v8_4_5_blk_mem_output_block is either unconnected or has no load
WARNING: [Synth 8-7129] Port DOUTA_I[278] in module blk_mem_gen_v8_4_5_blk_mem_output_block is either unconnected or has no load
WARNING: [Synth 8-7129] Port DOUTA_I[277] in module blk_mem_gen_v8_4_5_blk_mem_output_block is either unconnected or has no load
WARNING: [Synth 8-7129] Port DOUTA_I[276] in module blk_mem_gen_v8_4_5_blk_mem_output_block is either unconnected or has no load
WARNING: [Synth 8-7129] Port DOUTA_I[275] in module blk_mem_gen_v8_4_5_blk_mem_output_block is either unconnected or has no load
WARNING: [Synth 8-7129] Port DOUTA_I[274] in module blk_mem_gen_v8_4_5_blk_mem_output_block is either unconnected or has no load
WARNING: [Synth 8-7129] Port DOUTA_I[273] in module blk_mem_gen_v8_4_5_blk_mem_output_block is either unconnected or has no load
WARNING: [Synth 8-7129] Port DOUTA_I[272] in module blk_mem_gen_v8_4_5_blk_mem_output_block is either unconnected or has no load
WARNING: [Synth 8-7129] Port DOUTA_I[271] in module blk_mem_gen_v8_4_5_blk_mem_output_block is either unconnected or has no load
WARNING: [Synth 8-7129] Port DOUTA_I[270] in module blk_mem_gen_v8_4_5_blk_mem_output_block is either unconnected or has no load
WARNING: [Synth 8-7129] Port DOUTA_I[269] in module blk_mem_gen_v8_4_5_blk_mem_output_block is either unconnected or has no load
WARNING: [Synth 8-7129] Port DOUTA_I[268] in module blk_mem_gen_v8_4_5_blk_mem_output_block is either unconnected or has no load
WARNING: [Synth 8-7129] Port DOUTA_I[267] in module blk_mem_gen_v8_4_5_blk_mem_output_block is either unconnected or has no load
WARNING: [Synth 8-7129] Port DOUTA_I[266] in module blk_mem_gen_v8_4_5_blk_mem_output_block is either unconnected or has no load
WARNING: [Synth 8-7129] Port DOUTA_I[265] in module blk_mem_gen_v8_4_5_blk_mem_output_block is either unconnected or has no load
WARNING: [Synth 8-7129] Port DOUTA_I[264] in module blk_mem_gen_v8_4_5_blk_mem_output_block is either unconnected or has no load
WARNING: [Synth 8-7129] Port DOUTA_I[263] in module blk_mem_gen_v8_4_5_blk_mem_output_block is either unconnected or has no load
WARNING: [Synth 8-7129] Port DOUTA_I[262] in module blk_mem_gen_v8_4_5_blk_mem_output_block is either unconnected or has no load
WARNING: [Synth 8-7129] Port DOUTA_I[261] in module blk_mem_gen_v8_4_5_blk_mem_output_block is either unconnected or has no load
WARNING: [Synth 8-7129] Port DOUTA_I[260] in module blk_mem_gen_v8_4_5_blk_mem_output_block is either unconnected or has no load
WARNING: [Synth 8-7129] Port DOUTA_I[259] in module blk_mem_gen_v8_4_5_blk_mem_output_block is either unconnected or has no load
WARNING: [Synth 8-7129] Port DOUTA_I[258] in module blk_mem_gen_v8_4_5_blk_mem_output_block is either unconnected or has no load
WARNING: [Synth 8-7129] Port DOUTA_I[257] in module blk_mem_gen_v8_4_5_blk_mem_output_block is either unconnected or has no load
WARNING: [Synth 8-7129] Port DOUTA_I[256] in module blk_mem_gen_v8_4_5_blk_mem_output_block is either unconnected or has no load
WARNING: [Synth 8-7129] Port DOUTA_I[255] in module blk_mem_gen_v8_4_5_blk_mem_output_block is either unconnected or has no load
WARNING: [Synth 8-7129] Port DOUTA_I[254] in module blk_mem_gen_v8_4_5_blk_mem_output_block is either unconnected or has no load
WARNING: [Synth 8-7129] Port DOUTA_I[253] in module blk_mem_gen_v8_4_5_blk_mem_output_block is either unconnected or has no load
WARNING: [Synth 8-7129] Port DOUTA_I[252] in module blk_mem_gen_v8_4_5_blk_mem_output_block is either unconnected or has no load
WARNING: [Synth 8-7129] Port DOUTA_I[251] in module blk_mem_gen_v8_4_5_blk_mem_output_block is either unconnected or has no load
WARNING: [Synth 8-7129] Port DOUTA_I[250] in module blk_mem_gen_v8_4_5_blk_mem_output_block is either unconnected or has no load
WARNING: [Synth 8-7129] Port DOUTA_I[249] in module blk_mem_gen_v8_4_5_blk_mem_output_block is either unconnected or has no load
WARNING: [Synth 8-7129] Port DOUTA_I[248] in module blk_mem_gen_v8_4_5_blk_mem_output_block is either unconnected or has no load
WARNING: [Synth 8-7129] Port DOUTA_I[247] in module blk_mem_gen_v8_4_5_blk_mem_output_block is either unconnected or has no load
WARNING: [Synth 8-7129] Port DOUTA_I[246] in module blk_mem_gen_v8_4_5_blk_mem_output_block is either unconnected or has no load
WARNING: [Synth 8-7129] Port DOUTA_I[245] in module blk_mem_gen_v8_4_5_blk_mem_output_block is either unconnected or has no load
WARNING: [Synth 8-7129] Port DOUTA_I[244] in module blk_mem_gen_v8_4_5_blk_mem_output_block is either unconnected or has no load
WARNING: [Synth 8-7129] Port DOUTA_I[243] in module blk_mem_gen_v8_4_5_blk_mem_output_block is either unconnected or has no load
WARNING: [Synth 8-7129] Port DOUTA_I[242] in module blk_mem_gen_v8_4_5_blk_mem_output_block is either unconnected or has no load
WARNING: [Synth 8-7129] Port DOUTA_I[241] in module blk_mem_gen_v8_4_5_blk_mem_output_block is either unconnected or has no load
WARNING: [Synth 8-7129] Port DOUTA_I[240] in module blk_mem_gen_v8_4_5_blk_mem_output_block is either unconnected or has no load
WARNING: [Synth 8-7129] Port DOUTA_I[239] in module blk_mem_gen_v8_4_5_blk_mem_output_block is either unconnected or has no load
WARNING: [Synth 8-7129] Port DOUTA_I[238] in module blk_mem_gen_v8_4_5_blk_mem_output_block is either unconnected or has no load
WARNING: [Synth 8-7129] Port DOUTA_I[237] in module blk_mem_gen_v8_4_5_blk_mem_output_block is either unconnected or has no load
WARNING: [Synth 8-7129] Port DOUTA_I[236] in module blk_mem_gen_v8_4_5_blk_mem_output_block is either unconnected or has no load
WARNING: [Synth 8-7129] Port DOUTA_I[235] in module blk_mem_gen_v8_4_5_blk_mem_output_block is either unconnected or has no load
WARNING: [Synth 8-7129] Port DOUTA_I[234] in module blk_mem_gen_v8_4_5_blk_mem_output_block is either unconnected or has no load
WARNING: [Synth 8-7129] Port DOUTA_I[233] in module blk_mem_gen_v8_4_5_blk_mem_output_block is either unconnected or has no load
WARNING: [Synth 8-7129] Port DOUTA_I[232] in module blk_mem_gen_v8_4_5_blk_mem_output_block is either unconnected or has no load
WARNING: [Synth 8-7129] Port DOUTA_I[231] in module blk_mem_gen_v8_4_5_blk_mem_output_block is either unconnected or has no load
WARNING: [Synth 8-7129] Port DOUTA_I[230] in module blk_mem_gen_v8_4_5_blk_mem_output_block is either unconnected or has no load
WARNING: [Synth 8-7129] Port DOUTA_I[229] in module blk_mem_gen_v8_4_5_blk_mem_output_block is either unconnected or has no load
WARNING: [Synth 8-7129] Port DOUTA_I[228] in module blk_mem_gen_v8_4_5_blk_mem_output_block is either unconnected or has no load
WARNING: [Synth 8-7129] Port DOUTA_I[227] in module blk_mem_gen_v8_4_5_blk_mem_output_block is either unconnected or has no load
WARNING: [Synth 8-7129] Port DOUTA_I[226] in module blk_mem_gen_v8_4_5_blk_mem_output_block is either unconnected or has no load
WARNING: [Synth 8-7129] Port DOUTA_I[225] in module blk_mem_gen_v8_4_5_blk_mem_output_block is either unconnected or has no load
WARNING: [Synth 8-7129] Port DOUTA_I[224] in module blk_mem_gen_v8_4_5_blk_mem_output_block is either unconnected or has no load
WARNING: [Synth 8-7129] Port DOUTA_I[223] in module blk_mem_gen_v8_4_5_blk_mem_output_block is either unconnected or has no load
WARNING: [Synth 8-7129] Port DOUTA_I[222] in module blk_mem_gen_v8_4_5_blk_mem_output_block is either unconnected or has no load
WARNING: [Synth 8-7129] Port DOUTA_I[221] in module blk_mem_gen_v8_4_5_blk_mem_output_block is either unconnected or has no load
WARNING: [Synth 8-7129] Port DOUTA_I[220] in module blk_mem_gen_v8_4_5_blk_mem_output_block is either unconnected or has no load
WARNING: [Synth 8-7129] Port DOUTA_I[219] in module blk_mem_gen_v8_4_5_blk_mem_output_block is either unconnected or has no load
WARNING: [Synth 8-7129] Port DOUTA_I[218] in module blk_mem_gen_v8_4_5_blk_mem_output_block is either unconnected or has no load
WARNING: [Synth 8-7129] Port DOUTA_I[217] in module blk_mem_gen_v8_4_5_blk_mem_output_block is either unconnected or has no load
WARNING: [Synth 8-7129] Port DOUTA_I[216] in module blk_mem_gen_v8_4_5_blk_mem_output_block is either unconnected or has no load
WARNING: [Synth 8-7129] Port DOUTA_I[215] in module blk_mem_gen_v8_4_5_blk_mem_output_block is either unconnected or has no load
WARNING: [Synth 8-7129] Port DOUTA_I[214] in module blk_mem_gen_v8_4_5_blk_mem_output_block is either unconnected or has no load
WARNING: [Synth 8-7129] Port DOUTA_I[213] in module blk_mem_gen_v8_4_5_blk_mem_output_block is either unconnected or has no load
WARNING: [Synth 8-7129] Port DOUTA_I[212] in module blk_mem_gen_v8_4_5_blk_mem_output_block is either unconnected or has no load
WARNING: [Synth 8-7129] Port DOUTA_I[211] in module blk_mem_gen_v8_4_5_blk_mem_output_block is either unconnected or has no load
WARNING: [Synth 8-7129] Port DOUTA_I[210] in module blk_mem_gen_v8_4_5_blk_mem_output_block is either unconnected or has no load
WARNING: [Synth 8-7129] Port DOUTA_I[209] in module blk_mem_gen_v8_4_5_blk_mem_output_block is either unconnected or has no load
WARNING: [Synth 8-7129] Port DOUTA_I[208] in module blk_mem_gen_v8_4_5_blk_mem_output_block is either unconnected or has no load
WARNING: [Synth 8-7129] Port DOUTA_I[207] in module blk_mem_gen_v8_4_5_blk_mem_output_block is either unconnected or has no load
WARNING: [Synth 8-7129] Port DOUTA_I[206] in module blk_mem_gen_v8_4_5_blk_mem_output_block is either unconnected or has no load
WARNING: [Synth 8-7129] Port DOUTA_I[205] in module blk_mem_gen_v8_4_5_blk_mem_output_block is either unconnected or has no load
WARNING: [Synth 8-7129] Port DOUTA_I[204] in module blk_mem_gen_v8_4_5_blk_mem_output_block is either unconnected or has no load
WARNING: [Synth 8-7129] Port DOUTA_I[203] in module blk_mem_gen_v8_4_5_blk_mem_output_block is either unconnected or has no load
WARNING: [Synth 8-7129] Port DOUTA_I[202] in module blk_mem_gen_v8_4_5_blk_mem_output_block is either unconnected or has no load
WARNING: [Synth 8-7129] Port DOUTA_I[201] in module blk_mem_gen_v8_4_5_blk_mem_output_block is either unconnected or has no load
WARNING: [Synth 8-7129] Port DOUTA_I[200] in module blk_mem_gen_v8_4_5_blk_mem_output_block is either unconnected or has no load
WARNING: [Synth 8-7129] Port DOUTA_I[199] in module blk_mem_gen_v8_4_5_blk_mem_output_block is either unconnected or has no load
WARNING: [Synth 8-7129] Port DOUTA_I[198] in module blk_mem_gen_v8_4_5_blk_mem_output_block is either unconnected or has no load
WARNING: [Synth 8-7129] Port DOUTA_I[197] in module blk_mem_gen_v8_4_5_blk_mem_output_block is either unconnected or has no load
WARNING: [Synth 8-7129] Port DOUTA_I[196] in module blk_mem_gen_v8_4_5_blk_mem_output_block is either unconnected or has no load
WARNING: [Synth 8-7129] Port DOUTA_I[195] in module blk_mem_gen_v8_4_5_blk_mem_output_block is either unconnected or has no load
WARNING: [Synth 8-7129] Port DOUTA_I[194] in module blk_mem_gen_v8_4_5_blk_mem_output_block is either unconnected or has no load
WARNING: [Synth 8-7129] Port DOUTA_I[193] in module blk_mem_gen_v8_4_5_blk_mem_output_block is either unconnected or has no load
WARNING: [Synth 8-7129] Port DOUTA_I[192] in module blk_mem_gen_v8_4_5_blk_mem_output_block is either unconnected or has no load
WARNING: [Synth 8-7129] Port DOUTA_I[191] in module blk_mem_gen_v8_4_5_blk_mem_output_block is either unconnected or has no load
WARNING: [Synth 8-7129] Port DOUTA_I[190] in module blk_mem_gen_v8_4_5_blk_mem_output_block is either unconnected or has no load
WARNING: [Synth 8-7129] Port DOUTA_I[189] in module blk_mem_gen_v8_4_5_blk_mem_output_block is either unconnected or has no load
WARNING: [Synth 8-7129] Port DOUTA_I[188] in module blk_mem_gen_v8_4_5_blk_mem_output_block is either unconnected or has no load
WARNING: [Synth 8-7129] Port DOUTA_I[187] in module blk_mem_gen_v8_4_5_blk_mem_output_block is either unconnected or has no load
WARNING: [Synth 8-7129] Port DOUTA_I[186] in module blk_mem_gen_v8_4_5_blk_mem_output_block is either unconnected or has no load
WARNING: [Synth 8-7129] Port DOUTA_I[185] in module blk_mem_gen_v8_4_5_blk_mem_output_block is either unconnected or has no load
WARNING: [Synth 8-7129] Port DOUTA_I[184] in module blk_mem_gen_v8_4_5_blk_mem_output_block is either unconnected or has no load
INFO: [Common 17-14] Message 'Synth 8-7129' appears 100 times and further instances of the messages will be disabled. Use the Tcl command set_msg_config to change the current settings.
---------------------------------------------------------------------------------
Finished RTL Elaboration : Time (s): cpu = 00:00:11 ; elapsed = 00:00:13 . Memory (MB): peak = 2591.332 ; gain = 785.938 ; free physical = 41193 ; free virtual = 57249
Synthesis current peak Physical Memory [PSS] (MB): peak = 1798.011; parent = 1642.845; children = 155.197
Synthesis current peak Virtual Memory [VSS] (MB): peak = 3559.738; parent = 2591.336; children = 968.402
---------------------------------------------------------------------------------
---------------------------------------------------------------------------------
Start Handling Custom Attributes
---------------------------------------------------------------------------------
---------------------------------------------------------------------------------
Finished Handling Custom Attributes : Time (s): cpu = 00:00:11 ; elapsed = 00:00:13 . Memory (MB): peak = 2591.332 ; gain = 785.938 ; free physical = 41192 ; free virtual = 57248
Synthesis current peak Physical Memory [PSS] (MB): peak = 1798.011; parent = 1642.845; children = 155.197
Synthesis current peak Virtual Memory [VSS] (MB): peak = 3559.738; parent = 2591.336; children = 968.402
---------------------------------------------------------------------------------
---------------------------------------------------------------------------------
Finished RTL Optimization Phase 1 : Time (s): cpu = 00:00:11 ; elapsed = 00:00:13 . Memory (MB): peak = 2591.332 ; gain = 785.938 ; free physical = 41192 ; free virtual = 57248
Synthesis current peak Physical Memory [PSS] (MB): peak = 1798.011; parent = 1642.845; children = 155.197
Synthesis current peak Virtual Memory [VSS] (MB): peak = 3559.738; parent = 2591.336; children = 968.402
---------------------------------------------------------------------------------
Netlist sorting complete. Time (s): cpu = 00:00:00.06 ; elapsed = 00:00:00.07 . Memory (MB): peak = 2591.332 ; gain = 0.000 ; free physical = 41553 ; free virtual = 57632
INFO: [Netlist 29-17] Analyzing 385 Unisim elements for replacement
INFO: [Netlist 29-28] Unisim Transformation completed in 0 CPU seconds
INFO: [Project 1-570] Preparing netlist for logic optimization

Processing XDC Constraints
Initializing timing engine
Parsing XDC File [/home/nagafusa/work/spadi/Fakernet/SAMIDARE/samidare.runs/impl_1/.Xil/Vivado-214377-e16fpga01/dc_drv.0/dc/prj_ip.gen/sources_1/ip/u_ila_0/u_ila_0_ooc.xdc] for cell 'inst'
Finished Parsing XDC File [/home/nagafusa/work/spadi/Fakernet/SAMIDARE/samidare.runs/impl_1/.Xil/Vivado-214377-e16fpga01/dc_drv.0/dc/prj_ip.gen/sources_1/ip/u_ila_0/u_ila_0_ooc.xdc] for cell 'inst'
Parsing XDC File [/home/nagafusa/work/spadi/Fakernet/SAMIDARE/samidare.runs/impl_1/.Xil/Vivado-214377-e16fpga01/dc_drv.0/dc/prj_ip.gen/sources_1/ip/u_ila_0/ila_v6_2/constraints/ila.xdc] for cell 'inst'
Finished Parsing XDC File [/home/nagafusa/work/spadi/Fakernet/SAMIDARE/samidare.runs/impl_1/.Xil/Vivado-214377-e16fpga01/dc_drv.0/dc/prj_ip.gen/sources_1/ip/u_ila_0/ila_v6_2/constraints/ila.xdc] for cell 'inst'
Parsing XDC File [/home/nagafusa/work/spadi/Fakernet/SAMIDARE/samidare.runs/impl_1/.Xil/Vivado-214377-e16fpga01/dc_drv.0/dc/prj_ip.runs/u_ila_0_synth_1/dont_touch.xdc]
Finished Parsing XDC File [/home/nagafusa/work/spadi/Fakernet/SAMIDARE/samidare.runs/impl_1/.Xil/Vivado-214377-e16fpga01/dc_drv.0/dc/prj_ip.runs/u_ila_0_synth_1/dont_touch.xdc]
Completed Processing XDC Constraints

Netlist sorting complete. Time (s): cpu = 00:00:00 ; elapsed = 00:00:00 . Memory (MB): peak = 2662.996 ; gain = 0.000 ; free physical = 41433 ; free virtual = 57492
INFO: [Project 1-111] Unisim Transformation Summary:
  A total of 287 instances were transformed.
  CFGLUT5 => CFGLUT5 (SRL16E, SRLC32E): 252 instances
  CFGLUT5 => SRLC32E: 35 instances

Constraint Validation Runtime : Time (s): cpu = 00:00:00.1 ; elapsed = 00:00:00.06 . Memory (MB): peak = 2662.996 ; gain = 0.000 ; free physical = 41432 ; free virtual = 57490
INFO: [Designutils 20-5008] Incremental synthesis strategy off
---------------------------------------------------------------------------------
Finished Constraint Validation : Time (s): cpu = 00:00:17 ; elapsed = 00:00:20 . Memory (MB): peak = 2662.996 ; gain = 857.602 ; free physical = 41590 ; free virtual = 57649
Synthesis current peak Physical Memory [PSS] (MB): peak = 1798.011; parent = 1642.845; children = 155.197
Synthesis current peak Virtual Memory [VSS] (MB): peak = 3599.387; parent = 2630.984; children = 968.402
---------------------------------------------------------------------------------
---------------------------------------------------------------------------------
Start Loading Part and Timing Information
---------------------------------------------------------------------------------
Loading part: xcau15p-sbvb484-1-i
INFO: [Synth 8-6742] Reading net delay rules and data
---------------------------------------------------------------------------------
Finished Loading Part and Timing Information : Time (s): cpu = 00:00:17 ; elapsed = 00:00:20 . Memory (MB): peak = 2662.996 ; gain = 857.602 ; free physical = 41589 ; free virtual = 57648
Synthesis current peak Physical Memory [PSS] (MB): peak = 1798.011; parent = 1642.845; children = 155.197
Synthesis current peak Virtual Memory [VSS] (MB): peak = 3599.387; parent = 2630.984; children = 968.402
---------------------------------------------------------------------------------
---------------------------------------------------------------------------------
Start Applying 'set_property' XDC Constraints
---------------------------------------------------------------------------------
Applied set_property KEEP_HIERARCHY = SOFT for inst. (constraint file  /home/nagafusa/work/spadi/Fakernet/SAMIDARE/samidare.runs/impl_1/.Xil/Vivado-214377-e16fpga01/dc_drv.0/dc/prj_ip.runs/u_ila_0_synth_1/dont_touch.xdc, line 9).
---------------------------------------------------------------------------------
Finished applying 'set_property' XDC Constraints : Time (s): cpu = 00:00:17 ; elapsed = 00:00:20 . Memory (MB): peak = 2662.996 ; gain = 857.602 ; free physical = 41590 ; free virtual = 57648
Synthesis current peak Physical Memory [PSS] (MB): peak = 1798.011; parent = 1642.845; children = 155.197
Synthesis current peak Virtual Memory [VSS] (MB): peak = 3599.387; parent = 2630.984; children = 968.402
---------------------------------------------------------------------------------
INFO: [Synth 8-802] inferred FSM for state register 'current_state_reg' in module 'xsdbs_v1_0_2_reg_p2s'
INFO: [Synth 8-802] inferred FSM for state register 'current_state_reg' in module 'xsdbs_v1_0_2_reg_p2s__parameterized0'
INFO: [Synth 8-802] inferred FSM for state register 'current_state_reg' in module 'xsdbs_v1_0_2_reg_p2s__parameterized1'
INFO: [Synth 8-802] inferred FSM for state register 'current_state_reg' in module 'xsdbs_v1_0_2_reg_p2s__parameterized2'
INFO: [Synth 8-802] inferred FSM for state register 'current_state_reg' in module 'xsdbs_v1_0_2_reg_p2s__parameterized3'
INFO: [Synth 8-802] inferred FSM for state register 'current_state_reg' in module 'xsdbs_v1_0_2_reg_p2s__parameterized4'
INFO: [Synth 8-802] inferred FSM for state register 'current_state_reg' in module 'xsdbs_v1_0_2_reg_p2s__parameterized5'
INFO: [Synth 8-802] inferred FSM for state register 'current_state_reg' in module 'xsdbs_v1_0_2_reg_p2s__parameterized6'
INFO: [Synth 8-802] inferred FSM for state register 'current_state_reg' in module 'xsdbs_v1_0_2_reg_p2s__parameterized7'
INFO: [Synth 8-802] inferred FSM for state register 'current_state_reg' in module 'xsdbs_v1_0_2_reg_p2s__parameterized8'
INFO: [Synth 8-802] inferred FSM for state register 'current_state_reg' in module 'xsdbs_v1_0_2_reg_p2s__parameterized9'
INFO: [Synth 8-802] inferred FSM for state register 'current_state_reg' in module 'xsdbs_v1_0_2_reg_p2s__parameterized10'
INFO: [Synth 8-802] inferred FSM for state register 'current_state_reg' in module 'xsdbs_v1_0_2_reg_p2s__parameterized11'
INFO: [Synth 8-802] inferred FSM for state register 'current_state_reg' in module 'xsdbs_v1_0_2_reg_p2s__parameterized12'
INFO: [Synth 8-802] inferred FSM for state register 'current_state_reg' in module 'xsdbs_v1_0_2_reg_p2s__parameterized13'
INFO: [Synth 8-802] inferred FSM for state register 'current_state_reg' in module 'xsdbs_v1_0_2_reg_p2s__parameterized14'
INFO: [Synth 8-802] inferred FSM for state register 'current_state_reg' in module 'xsdbs_v1_0_2_reg_p2s__parameterized15'
INFO: [Synth 8-802] inferred FSM for state register 'current_state_reg' in module 'xsdbs_v1_0_2_reg_p2s__parameterized16'
INFO: [Synth 8-802] inferred FSM for state register 'current_state_reg' in module 'xsdbs_v1_0_2_reg_p2s__parameterized17'
INFO: [Synth 8-802] inferred FSM for state register 'current_state_reg' in module 'xsdbs_v1_0_2_reg_p2s__parameterized18'
INFO: [Synth 8-802] inferred FSM for state register 'current_state_reg' in module 'xsdbs_v1_0_2_reg_p2s__parameterized19'
INFO: [Synth 8-802] inferred FSM for state register 'current_state_reg' in module 'xsdbs_v1_0_2_reg_p2s__parameterized20'
INFO: [Synth 8-802] inferred FSM for state register 'current_state_reg' in module 'xsdbs_v1_0_2_reg_p2s__parameterized21'
INFO: [Synth 8-802] inferred FSM for state register 'current_state_reg' in module 'xsdbs_v1_0_2_reg_p2s__parameterized22'
INFO: [Synth 8-802] inferred FSM for state register 'current_state_reg' in module 'xsdbs_v1_0_2_reg_p2s__parameterized23'
INFO: [Synth 8-802] inferred FSM for state register 'current_state_reg' in module 'xsdbs_v1_0_2_reg_p2s__parameterized24'
INFO: [Synth 8-802] inferred FSM for state register 'current_state_reg' in module 'xsdbs_v1_0_2_reg_p2s__parameterized25'
INFO: [Synth 8-802] inferred FSM for state register 'current_state_reg' in module 'xsdbs_v1_0_2_reg_p2s__parameterized26'
INFO: [Synth 8-802] inferred FSM for state register 'current_state_reg' in module 'xsdbs_v1_0_2_reg_p2s__parameterized27'
INFO: [Synth 8-802] inferred FSM for state register 'current_state_reg' in module 'xsdbs_v1_0_2_reg_p2s__parameterized28'
INFO: [Synth 8-802] inferred FSM for state register 'current_state_reg' in module 'xsdbs_v1_0_2_reg_p2s__parameterized29'
INFO: [Synth 8-802] inferred FSM for state register 'current_state_reg' in module 'xsdbs_v1_0_2_reg_p2s__parameterized30'
INFO: [Synth 8-802] inferred FSM for state register 'current_state_reg' in module 'xsdbs_v1_0_2_reg_p2s__parameterized31'
INFO: [Synth 8-802] inferred FSM for state register 'current_state_reg' in module 'ltlib_v1_0_0_generic_memrd'
---------------------------------------------------------------------------------------------------
                   State |                     New Encoding |                Previous Encoding 
---------------------------------------------------------------------------------------------------
*
                    IDLE |                             0001 |                             0001
                     REG |                             0010 |                             0010
                     P2S |                             0100 |                             0100
                     S2P |                             1000 |                             1000
---------------------------------------------------------------------------------------------------
INFO: [Synth 8-3898] No Re-encoding of one hot register 'current_state_reg' in module 'xsdbs_v1_0_2_reg_p2s'
---------------------------------------------------------------------------------------------------
                   State |                     New Encoding |                Previous Encoding 
---------------------------------------------------------------------------------------------------
*
                    IDLE |                             0001 |                             0001
                     REG |                             0010 |                             0010
                     P2S |                             0100 |                             0100
                     S2P |                             1000 |                             1000
---------------------------------------------------------------------------------------------------
INFO: [Synth 8-3898] No Re-encoding of one hot register 'current_state_reg' in module 'xsdbs_v1_0_2_reg_p2s__parameterized0'
---------------------------------------------------------------------------------------------------
                   State |                     New Encoding |                Previous Encoding 
---------------------------------------------------------------------------------------------------
*
                    IDLE |                             0001 |                             0001
                     REG |                             0010 |                             0010
                     P2S |                             0100 |                             0100
                     S2P |                             1000 |                             1000
---------------------------------------------------------------------------------------------------
INFO: [Synth 8-3898] No Re-encoding of one hot register 'current_state_reg' in module 'xsdbs_v1_0_2_reg_p2s__parameterized1'
---------------------------------------------------------------------------------------------------
                   State |                     New Encoding |                Previous Encoding 
---------------------------------------------------------------------------------------------------
*
                    IDLE |                             0001 |                             0001
                     REG |                             0010 |                             0010
                     P2S |                             0100 |                             0100
                     S2P |                             1000 |                             1000
---------------------------------------------------------------------------------------------------
INFO: [Synth 8-3898] No Re-encoding of one hot register 'current_state_reg' in module 'xsdbs_v1_0_2_reg_p2s__parameterized2'
---------------------------------------------------------------------------------------------------
                   State |                     New Encoding |                Previous Encoding 
---------------------------------------------------------------------------------------------------
*
                    IDLE |                             0001 |                             0001
                     REG |                             0010 |                             0010
                     P2S |                             0100 |                             0100
                     S2P |                             1000 |                             1000
---------------------------------------------------------------------------------------------------
INFO: [Synth 8-3898] No Re-encoding of one hot register 'current_state_reg' in module 'xsdbs_v1_0_2_reg_p2s__parameterized3'
---------------------------------------------------------------------------------------------------
                   State |                     New Encoding |                Previous Encoding 
---------------------------------------------------------------------------------------------------
*
                    IDLE |                             0001 |                             0001
                     REG |                             0010 |                             0010
                     P2S |                             0100 |                             0100
                     S2P |                             1000 |                             1000
---------------------------------------------------------------------------------------------------
INFO: [Synth 8-3898] No Re-encoding of one hot register 'current_state_reg' in module 'xsdbs_v1_0_2_reg_p2s__parameterized4'
---------------------------------------------------------------------------------------------------
                   State |                     New Encoding |                Previous Encoding 
---------------------------------------------------------------------------------------------------
*
                    IDLE |                             0001 |                             0001
                     REG |                             0010 |                             0010
                     P2S |                             0100 |                             0100
                     S2P |                             1000 |                             1000
---------------------------------------------------------------------------------------------------
INFO: [Synth 8-3898] No Re-encoding of one hot register 'current_state_reg' in module 'xsdbs_v1_0_2_reg_p2s__parameterized5'
---------------------------------------------------------------------------------------------------
                   State |                     New Encoding |                Previous Encoding 
---------------------------------------------------------------------------------------------------
*
                    IDLE |                             0001 |                             0001
                     REG |                             0010 |                             0010
                     P2S |                             0100 |                             0100
                     S2P |                             1000 |                             1000
---------------------------------------------------------------------------------------------------
INFO: [Synth 8-3898] No Re-encoding of one hot register 'current_state_reg' in module 'xsdbs_v1_0_2_reg_p2s__parameterized6'
---------------------------------------------------------------------------------------------------
                   State |                     New Encoding |                Previous Encoding 
---------------------------------------------------------------------------------------------------
*
                    IDLE |                             0001 |                             0001
                     REG |                             0010 |                             0010
                     P2S |                             0100 |                             0100
                     S2P |                             1000 |                             1000
---------------------------------------------------------------------------------------------------
INFO: [Synth 8-3898] No Re-encoding of one hot register 'current_state_reg' in module 'xsdbs_v1_0_2_reg_p2s__parameterized7'
---------------------------------------------------------------------------------------------------
                   State |                     New Encoding |                Previous Encoding 
---------------------------------------------------------------------------------------------------
*
                    IDLE |                             0001 |                             0001
                     REG |                             0010 |                             0010
                     P2S |                             0100 |                             0100
                     S2P |                             1000 |                             1000
---------------------------------------------------------------------------------------------------
INFO: [Synth 8-3898] No Re-encoding of one hot register 'current_state_reg' in module 'xsdbs_v1_0_2_reg_p2s__parameterized8'
---------------------------------------------------------------------------------------------------
                   State |                     New Encoding |                Previous Encoding 
---------------------------------------------------------------------------------------------------
*
                    IDLE |                             0001 |                             0001
                     REG |                             0010 |                             0010
                     P2S |                             0100 |                             0100
                     S2P |                             1000 |                             1000
---------------------------------------------------------------------------------------------------
INFO: [Synth 8-3898] No Re-encoding of one hot register 'current_state_reg' in module 'xsdbs_v1_0_2_reg_p2s__parameterized9'
---------------------------------------------------------------------------------------------------
                   State |                     New Encoding |                Previous Encoding 
---------------------------------------------------------------------------------------------------
*
                    IDLE |                             0001 |                             0001
                     REG |                             0010 |                             0010
                     P2S |                             0100 |                             0100
                     S2P |                             1000 |                             1000
---------------------------------------------------------------------------------------------------
INFO: [Synth 8-3898] No Re-encoding of one hot register 'current_state_reg' in module 'xsdbs_v1_0_2_reg_p2s__parameterized10'
---------------------------------------------------------------------------------------------------
                   State |                     New Encoding |                Previous Encoding 
---------------------------------------------------------------------------------------------------
*
                    IDLE |                             0001 |                             0001
                     REG |                             0010 |                             0010
                     P2S |                             0100 |                             0100
                     S2P |                             1000 |                             1000
---------------------------------------------------------------------------------------------------
INFO: [Synth 8-3898] No Re-encoding of one hot register 'current_state_reg' in module 'xsdbs_v1_0_2_reg_p2s__parameterized11'
---------------------------------------------------------------------------------------------------
                   State |                     New Encoding |                Previous Encoding 
---------------------------------------------------------------------------------------------------
*
                    IDLE |                             0001 |                             0001
                     REG |                             0010 |                             0010
                     P2S |                             0100 |                             0100
                     S2P |                             1000 |                             1000
---------------------------------------------------------------------------------------------------
INFO: [Synth 8-3898] No Re-encoding of one hot register 'current_state_reg' in module 'xsdbs_v1_0_2_reg_p2s__parameterized12'
---------------------------------------------------------------------------------------------------
                   State |                     New Encoding |                Previous Encoding 
---------------------------------------------------------------------------------------------------
*
                    IDLE |                             0001 |                             0001
                     REG |                             0010 |                             0010
                     P2S |                             0100 |                             0100
                     S2P |                             1000 |                             1000
---------------------------------------------------------------------------------------------------
INFO: [Synth 8-3898] No Re-encoding of one hot register 'current_state_reg' in module 'xsdbs_v1_0_2_reg_p2s__parameterized13'
---------------------------------------------------------------------------------------------------
                   State |                     New Encoding |                Previous Encoding 
---------------------------------------------------------------------------------------------------
*
                    IDLE |                             0001 |                             0001
                     REG |                             0010 |                             0010
                     P2S |                             0100 |                             0100
                     S2P |                             1000 |                             1000
---------------------------------------------------------------------------------------------------
INFO: [Synth 8-3898] No Re-encoding of one hot register 'current_state_reg' in module 'xsdbs_v1_0_2_reg_p2s__parameterized14'
---------------------------------------------------------------------------------------------------
                   State |                     New Encoding |                Previous Encoding 
---------------------------------------------------------------------------------------------------
*
                    IDLE |                             0001 |                             0001
                     REG |                             0010 |                             0010
                     P2S |                             0100 |                             0100
                     S2P |                             1000 |                             1000
---------------------------------------------------------------------------------------------------
INFO: [Synth 8-3898] No Re-encoding of one hot register 'current_state_reg' in module 'xsdbs_v1_0_2_reg_p2s__parameterized15'
---------------------------------------------------------------------------------------------------
                   State |                     New Encoding |                Previous Encoding 
---------------------------------------------------------------------------------------------------
*
                    IDLE |                             0001 |                             0001
                     REG |                             0010 |                             0010
                     P2S |                             0100 |                             0100
                     S2P |                             1000 |                             1000
---------------------------------------------------------------------------------------------------
INFO: [Synth 8-3898] No Re-encoding of one hot register 'current_state_reg' in module 'xsdbs_v1_0_2_reg_p2s__parameterized16'
---------------------------------------------------------------------------------------------------
                   State |                     New Encoding |                Previous Encoding 
---------------------------------------------------------------------------------------------------
*
                    IDLE |                             0001 |                             0001
                     REG |                             0010 |                             0010
                     P2S |                             0100 |                             0100
                     S2P |                             1000 |                             1000
---------------------------------------------------------------------------------------------------
INFO: [Synth 8-3898] No Re-encoding of one hot register 'current_state_reg' in module 'xsdbs_v1_0_2_reg_p2s__parameterized17'
---------------------------------------------------------------------------------------------------
                   State |                     New Encoding |                Previous Encoding 
---------------------------------------------------------------------------------------------------
*
                    IDLE |                             0001 |                             0001
                     REG |                             0010 |                             0010
                     P2S |                             0100 |                             0100
                     S2P |                             1000 |                             1000
---------------------------------------------------------------------------------------------------
INFO: [Synth 8-3898] No Re-encoding of one hot register 'current_state_reg' in module 'xsdbs_v1_0_2_reg_p2s__parameterized18'
---------------------------------------------------------------------------------------------------
                   State |                     New Encoding |                Previous Encoding 
---------------------------------------------------------------------------------------------------
*
                    IDLE |                             0001 |                             0001
                     REG |                             0010 |                             0010
                     P2S |                             0100 |                             0100
                     S2P |                             1000 |                             1000
---------------------------------------------------------------------------------------------------
INFO: [Synth 8-3898] No Re-encoding of one hot register 'current_state_reg' in module 'xsdbs_v1_0_2_reg_p2s__parameterized19'
---------------------------------------------------------------------------------------------------
                   State |                     New Encoding |                Previous Encoding 
---------------------------------------------------------------------------------------------------
*
                    IDLE |                             0001 |                             0001
                     REG |                             0010 |                             0010
                     P2S |                             0100 |                             0100
                     S2P |                             1000 |                             1000
---------------------------------------------------------------------------------------------------
INFO: [Synth 8-3898] No Re-encoding of one hot register 'current_state_reg' in module 'xsdbs_v1_0_2_reg_p2s__parameterized20'
---------------------------------------------------------------------------------------------------
                   State |                     New Encoding |                Previous Encoding 
---------------------------------------------------------------------------------------------------
*
                    IDLE |                             0001 |                             0001
                     REG |                             0010 |                             0010
                     P2S |                             0100 |                             0100
                     S2P |                             1000 |                             1000
---------------------------------------------------------------------------------------------------
INFO: [Synth 8-3898] No Re-encoding of one hot register 'current_state_reg' in module 'xsdbs_v1_0_2_reg_p2s__parameterized21'
---------------------------------------------------------------------------------------------------
                   State |                     New Encoding |                Previous Encoding 
---------------------------------------------------------------------------------------------------
*
                    IDLE |                             0001 |                             0001
                     REG |                             0010 |                             0010
                     P2S |                             0100 |                             0100
                     S2P |                             1000 |                             1000
---------------------------------------------------------------------------------------------------
INFO: [Synth 8-3898] No Re-encoding of one hot register 'current_state_reg' in module 'xsdbs_v1_0_2_reg_p2s__parameterized22'
---------------------------------------------------------------------------------------------------
                   State |                     New Encoding |                Previous Encoding 
---------------------------------------------------------------------------------------------------
*
                    IDLE |                             0001 |                             0001
                     REG |                             0010 |                             0010
                     P2S |                             0100 |                             0100
                     S2P |                             1000 |                             1000
---------------------------------------------------------------------------------------------------
INFO: [Synth 8-3898] No Re-encoding of one hot register 'current_state_reg' in module 'xsdbs_v1_0_2_reg_p2s__parameterized23'
---------------------------------------------------------------------------------------------------
                   State |                     New Encoding |                Previous Encoding 
---------------------------------------------------------------------------------------------------
*
                    IDLE |                             0001 |                             0001
                     REG |                             0010 |                             0010
                     P2S |                             0100 |                             0100
                     S2P |                             1000 |                             1000
---------------------------------------------------------------------------------------------------
INFO: [Synth 8-3898] No Re-encoding of one hot register 'current_state_reg' in module 'xsdbs_v1_0_2_reg_p2s__parameterized24'
---------------------------------------------------------------------------------------------------
                   State |                     New Encoding |                Previous Encoding 
---------------------------------------------------------------------------------------------------
*
                    IDLE |                             0001 |                             0001
                     REG |                             0010 |                             0010
                     P2S |                             0100 |                             0100
                     S2P |                             1000 |                             1000
---------------------------------------------------------------------------------------------------
INFO: [Synth 8-3898] No Re-encoding of one hot register 'current_state_reg' in module 'xsdbs_v1_0_2_reg_p2s__parameterized25'
---------------------------------------------------------------------------------------------------
                   State |                     New Encoding |                Previous Encoding 
---------------------------------------------------------------------------------------------------
*
                    IDLE |                             0001 |                             0001
                     REG |                             0010 |                             0010
                     P2S |                             0100 |                             0100
                     S2P |                             1000 |                             1000
---------------------------------------------------------------------------------------------------
INFO: [Synth 8-3898] No Re-encoding of one hot register 'current_state_reg' in module 'xsdbs_v1_0_2_reg_p2s__parameterized26'
---------------------------------------------------------------------------------------------------
                   State |                     New Encoding |                Previous Encoding 
---------------------------------------------------------------------------------------------------
*
                    IDLE |                             0001 |                             0001
                     REG |                             0010 |                             0010
                     P2S |                             0100 |                             0100
                     S2P |                             1000 |                             1000
---------------------------------------------------------------------------------------------------
INFO: [Synth 8-3898] No Re-encoding of one hot register 'current_state_reg' in module 'xsdbs_v1_0_2_reg_p2s__parameterized27'
---------------------------------------------------------------------------------------------------
                   State |                     New Encoding |                Previous Encoding 
---------------------------------------------------------------------------------------------------
*
                    IDLE |                             0001 |                             0001
                     REG |                             0010 |                             0010
                     P2S |                             0100 |                             0100
                     S2P |                             1000 |                             1000
---------------------------------------------------------------------------------------------------
INFO: [Synth 8-3898] No Re-encoding of one hot register 'current_state_reg' in module 'xsdbs_v1_0_2_reg_p2s__parameterized28'
---------------------------------------------------------------------------------------------------
                   State |                     New Encoding |                Previous Encoding 
---------------------------------------------------------------------------------------------------
*
                    IDLE |                             0001 |                             0001
                     REG |                             0010 |                             0010
                     P2S |                             0100 |                             0100
                     S2P |                             1000 |                             1000
---------------------------------------------------------------------------------------------------
INFO: [Synth 8-3898] No Re-encoding of one hot register 'current_state_reg' in module 'xsdbs_v1_0_2_reg_p2s__parameterized29'
---------------------------------------------------------------------------------------------------
                   State |                     New Encoding |                Previous Encoding 
---------------------------------------------------------------------------------------------------
*
                    IDLE |                             0001 |                             0001
                     REG |                             0010 |                             0010
                     P2S |                             0100 |                             0100
                     S2P |                             1000 |                             1000
---------------------------------------------------------------------------------------------------
INFO: [Synth 8-3898] No Re-encoding of one hot register 'current_state_reg' in module 'xsdbs_v1_0_2_reg_p2s__parameterized30'
---------------------------------------------------------------------------------------------------
                   State |                     New Encoding |                Previous Encoding 
---------------------------------------------------------------------------------------------------
*
                    IDLE |                             0001 |                             0001
                     REG |                             0010 |                             0010
                     P2S |                             0100 |                             0100
                     S2P |                             1000 |                             1000
---------------------------------------------------------------------------------------------------
INFO: [Synth 8-3898] No Re-encoding of one hot register 'current_state_reg' in module 'xsdbs_v1_0_2_reg_p2s__parameterized31'
---------------------------------------------------------------------------------------------------
                   State |                     New Encoding |                Previous Encoding 
---------------------------------------------------------------------------------------------------
*
              RESET_ADDR |                          0000001 |                          0000001
            REQUEST_READ |                          0000010 |                          0000010
           WAIT_READ_ACK |                          0000100 |                          0000100
             OUTPUT_DATA |                          0001000 |                          0001000
                    IDLE |                          0010000 |                          0010000
         INCREMENT_BLOCK |                          0100000 |                          0100000
       INCREMENT_ADDRESS |                          1000000 |                          1000000
---------------------------------------------------------------------------------------------------
INFO: [Synth 8-3898] No Re-encoding of one hot register 'current_state_reg' in module 'ltlib_v1_0_0_generic_memrd'
---------------------------------------------------------------------------------
Finished RTL Optimization Phase 2 : Time (s): cpu = 00:00:18 ; elapsed = 00:00:21 . Memory (MB): peak = 2662.996 ; gain = 857.602 ; free physical = 41625 ; free virtual = 57684
Synthesis current peak Physical Memory [PSS] (MB): peak = 1798.011; parent = 1642.845; children = 155.197
Synthesis current peak Virtual Memory [VSS] (MB): peak = 3599.387; parent = 2630.984; children = 968.402
---------------------------------------------------------------------------------
---------------------------------------------------------------------------------
Start RTL Component Statistics 
---------------------------------------------------------------------------------
---------------------------------------------------------------------------------
Finished RTL Component Statistics 
---------------------------------------------------------------------------------
---------------------------------------------------------------------------------
Start Part Resource Summary
---------------------------------------------------------------------------------
Part Resources:
DSPs: 576 (col length:72)
BRAMs: 288 (col length: RAMB18 72 RAMB36 36)
---------------------------------------------------------------------------------
Finished Part Resource Summary
---------------------------------------------------------------------------------
---------------------------------------------------------------------------------
Start Cross Boundary and Area Optimization
---------------------------------------------------------------------------------
---------------------------------------------------------------------------------
Finished Cross Boundary and Area Optimization : Time (s): cpu = 00:00:25 ; elapsed = 00:00:29 . Memory (MB): peak = 2679.012 ; gain = 873.617 ; free physical = 41547 ; free virtual = 57606
Synthesis current peak Physical Memory [PSS] (MB): peak = 1798.011; parent = 1642.845; children = 155.197
Synthesis current peak Virtual Memory [VSS] (MB): peak = 3647.418; parent = 2679.016; children = 968.402
---------------------------------------------------------------------------------
---------------------------------------------------------------------------------
Start Applying XDC Timing Constraints
---------------------------------------------------------------------------------
---------------------------------------------------------------------------------
Finished Applying XDC Timing Constraints : Time (s): cpu = 00:00:27 ; elapsed = 00:00:32 . Memory (MB): peak = 2757.770 ; gain = 952.375 ; free physical = 41346 ; free virtual = 57406
Synthesis current peak Physical Memory [PSS] (MB): peak = 1798.011; parent = 1642.845; children = 155.197
Synthesis current peak Virtual Memory [VSS] (MB): peak = 3726.176; parent = 2757.773; children = 968.402
---------------------------------------------------------------------------------
---------------------------------------------------------------------------------
Start Timing Optimization
---------------------------------------------------------------------------------
---------------------------------------------------------------------------------
Finished Timing Optimization : Time (s): cpu = 00:00:28 ; elapsed = 00:00:32 . Memory (MB): peak = 2757.770 ; gain = 952.375 ; free physical = 41338 ; free virtual = 57397
Synthesis current peak Physical Memory [PSS] (MB): peak = 1798.011; parent = 1642.845; children = 155.197
Synthesis current peak Virtual Memory [VSS] (MB): peak = 3726.176; parent = 2757.773; children = 968.402
---------------------------------------------------------------------------------
---------------------------------------------------------------------------------
Start Technology Mapping
---------------------------------------------------------------------------------
---------------------------------------------------------------------------------
Finished Technology Mapping : Time (s): cpu = 00:00:28 ; elapsed = 00:00:34 . Memory (MB): peak = 2757.770 ; gain = 952.375 ; free physical = 41300 ; free virtual = 57359
Synthesis current peak Physical Memory [PSS] (MB): peak = 1798.011; parent = 1642.845; children = 155.197
Synthesis current peak Virtual Memory [VSS] (MB): peak = 3726.176; parent = 2757.773; children = 968.402
---------------------------------------------------------------------------------
---------------------------------------------------------------------------------
Start IO Insertion
---------------------------------------------------------------------------------
---------------------------------------------------------------------------------
Start Flattening Before IO Insertion
---------------------------------------------------------------------------------
---------------------------------------------------------------------------------
Finished Flattening Before IO Insertion
---------------------------------------------------------------------------------
---------------------------------------------------------------------------------
Start Final Netlist Cleanup
---------------------------------------------------------------------------------
---------------------------------------------------------------------------------
Finished Final Netlist Cleanup
---------------------------------------------------------------------------------
INFO: [Synth 8-3295] tying undriven pin dummy_inferred:in0 to constant 0
INFO: [Synth 8-3295] tying undriven pin inst:sl_iport0[36] to constant 0
INFO: [Synth 8-3295] tying undriven pin inst:sl_iport0[35] to constant 0
INFO: [Synth 8-3295] tying undriven pin inst:sl_iport0[34] to constant 0
INFO: [Synth 8-3295] tying undriven pin inst:sl_iport0[33] to constant 0
INFO: [Synth 8-3295] tying undriven pin inst:sl_iport0[32] to constant 0
INFO: [Synth 8-3295] tying undriven pin inst:sl_iport0[31] to constant 0
INFO: [Synth 8-3295] tying undriven pin inst:sl_iport0[30] to constant 0
INFO: [Synth 8-3295] tying undriven pin inst:sl_iport0[29] to constant 0
INFO: [Synth 8-3295] tying undriven pin inst:sl_iport0[28] to constant 0
INFO: [Synth 8-3295] tying undriven pin inst:sl_iport0[27] to constant 0
INFO: [Synth 8-3295] tying undriven pin inst:sl_iport0[26] to constant 0
INFO: [Synth 8-3295] tying undriven pin inst:sl_iport0[25] to constant 0
INFO: [Synth 8-3295] tying undriven pin inst:sl_iport0[24] to constant 0
INFO: [Synth 8-3295] tying undriven pin inst:sl_iport0[23] to constant 0
INFO: [Synth 8-3295] tying undriven pin inst:sl_iport0[22] to constant 0
INFO: [Synth 8-3295] tying undriven pin inst:sl_iport0[21] to constant 0
INFO: [Synth 8-3295] tying undriven pin inst:sl_iport0[20] to constant 0
INFO: [Synth 8-3295] tying undriven pin inst:sl_iport0[19] to constant 0
INFO: [Synth 8-3295] tying undriven pin inst:sl_iport0[18] to constant 0
INFO: [Synth 8-3295] tying undriven pin inst:sl_iport0[17] to constant 0
INFO: [Synth 8-3295] tying undriven pin inst:sl_iport0[16] to constant 0
INFO: [Synth 8-3295] tying undriven pin inst:sl_iport0[15] to constant 0
INFO: [Synth 8-3295] tying undriven pin inst:sl_iport0[14] to constant 0
INFO: [Synth 8-3295] tying undriven pin inst:sl_iport0[13] to constant 0
INFO: [Synth 8-3295] tying undriven pin inst:sl_iport0[12] to constant 0
INFO: [Synth 8-3295] tying undriven pin inst:sl_iport0[11] to constant 0
INFO: [Synth 8-3295] tying undriven pin inst:sl_iport0[10] to constant 0
INFO: [Synth 8-3295] tying undriven pin inst:sl_iport0[9] to constant 0
INFO: [Synth 8-3295] tying undriven pin inst:sl_iport0[8] to constant 0
INFO: [Synth 8-3295] tying undriven pin inst:sl_iport0[7] to constant 0
INFO: [Synth 8-3295] tying undriven pin inst:sl_iport0[6] to constant 0
INFO: [Synth 8-3295] tying undriven pin inst:sl_iport0[5] to constant 0
INFO: [Synth 8-3295] tying undriven pin inst:sl_iport0[4] to constant 0
INFO: [Synth 8-3295] tying undriven pin inst:sl_iport0[3] to constant 0
INFO: [Synth 8-3295] tying undriven pin inst:sl_iport0[2] to constant 0
INFO: [Synth 8-3295] tying undriven pin inst:sl_iport0[1] to constant 0
INFO: [Synth 8-3295] tying undriven pin inst:sl_iport0[0] to constant 0
INFO: [Synth 8-3295] tying undriven pin inst:trig_in to constant 0
INFO: [Synth 8-3295] tying undriven pin inst:trig_out_ack to constant 0
---------------------------------------------------------------------------------
Finished IO Insertion : Time (s): cpu = 00:00:30 ; elapsed = 00:00:36 . Memory (MB): peak = 2757.770 ; gain = 952.375 ; free physical = 41312 ; free virtual = 57372
Synthesis current peak Physical Memory [PSS] (MB): peak = 1798.011; parent = 1642.845; children = 155.197
Synthesis current peak Virtual Memory [VSS] (MB): peak = 3726.176; parent = 2757.773; children = 968.402
---------------------------------------------------------------------------------
---------------------------------------------------------------------------------
Start Renaming Generated Instances
---------------------------------------------------------------------------------
---------------------------------------------------------------------------------
Finished Renaming Generated Instances : Time (s): cpu = 00:00:30 ; elapsed = 00:00:36 . Memory (MB): peak = 2757.770 ; gain = 952.375 ; free physical = 41310 ; free virtual = 57370
Synthesis current peak Physical Memory [PSS] (MB): peak = 1798.011; parent = 1642.845; children = 155.197
Synthesis current peak Virtual Memory [VSS] (MB): peak = 3726.176; parent = 2757.773; children = 968.402
---------------------------------------------------------------------------------
---------------------------------------------------------------------------------
Start Rebuilding User Hierarchy
---------------------------------------------------------------------------------
---------------------------------------------------------------------------------
Finished Rebuilding User Hierarchy : Time (s): cpu = 00:00:30 ; elapsed = 00:00:36 . Memory (MB): peak = 2757.770 ; gain = 952.375 ; free physical = 41296 ; free virtual = 57355
Synthesis current peak Physical Memory [PSS] (MB): peak = 1798.011; parent = 1642.845; children = 155.197
Synthesis current peak Virtual Memory [VSS] (MB): peak = 3726.176; parent = 2757.773; children = 968.402
---------------------------------------------------------------------------------
---------------------------------------------------------------------------------
Start Renaming Generated Ports
---------------------------------------------------------------------------------
---------------------------------------------------------------------------------
Finished Renaming Generated Ports : Time (s): cpu = 00:00:30 ; elapsed = 00:00:36 . Memory (MB): peak = 2757.770 ; gain = 952.375 ; free physical = 41304 ; free virtual = 57363
Synthesis current peak Physical Memory [PSS] (MB): peak = 1798.011; parent = 1642.845; children = 155.197
Synthesis current peak Virtual Memory [VSS] (MB): peak = 3726.176; parent = 2757.773; children = 968.402
---------------------------------------------------------------------------------
---------------------------------------------------------------------------------
Start Handling Custom Attributes
---------------------------------------------------------------------------------
---------------------------------------------------------------------------------
Finished Handling Custom Attributes : Time (s): cpu = 00:00:30 ; elapsed = 00:00:36 . Memory (MB): peak = 2757.770 ; gain = 952.375 ; free physical = 41310 ; free virtual = 57369
Synthesis current peak Physical Memory [PSS] (MB): peak = 1798.011; parent = 1642.845; children = 155.197
Synthesis current peak Virtual Memory [VSS] (MB): peak = 3726.176; parent = 2757.773; children = 968.402
---------------------------------------------------------------------------------
---------------------------------------------------------------------------------
Start Renaming Generated Nets
---------------------------------------------------------------------------------
---------------------------------------------------------------------------------
Finished Renaming Generated Nets : Time (s): cpu = 00:00:30 ; elapsed = 00:00:36 . Memory (MB): peak = 2757.770 ; gain = 952.375 ; free physical = 41295 ; free virtual = 57355
Synthesis current peak Physical Memory [PSS] (MB): peak = 1798.011; parent = 1642.845; children = 155.197
Synthesis current peak Virtual Memory [VSS] (MB): peak = 3726.176; parent = 2757.773; children = 968.402
---------------------------------------------------------------------------------
---------------------------------------------------------------------------------
Start Writing Synthesis Report
---------------------------------------------------------------------------------

Report BlackBoxes: 
+-+--------------+----------+
| |BlackBox name |Instances |
+-+--------------+----------+
+-+--------------+----------+

Report Cell Usage: 
+------+---------+------+
|      |Cell     |Count |
+------+---------+------+
|1     |CARRY4   |    98|
|2     |CFGLUT5  |   287|
|3     |LUT1     |    59|
|4     |LUT2     |   348|
|5     |LUT3     |   179|
|6     |LUT4     |   347|
|7     |LUT5     |   200|
|8     |LUT6     |  1137|
|9     |MUXF7    |    91|
|10    |MUXF8    |    29|
|11    |RAMB18E2 |    16|
|12    |SRL16E   |   286|
|13    |SRLC16E  |     2|
|14    |SRLC32E  |    17|
|15    |FDRE     |  3580|
|16    |FDSE     |    14|
+------+---------+------+
---------------------------------------------------------------------------------
Finished Writing Synthesis Report : Time (s): cpu = 00:00:30 ; elapsed = 00:00:36 . Memory (MB): peak = 2757.770 ; gain = 952.375 ; free physical = 41304 ; free virtual = 57364
Synthesis current peak Physical Memory [PSS] (MB): peak = 1798.011; parent = 1642.845; children = 155.197
Synthesis current peak Virtual Memory [VSS] (MB): peak = 3726.176; parent = 2757.773; children = 968.402
---------------------------------------------------------------------------------
Synthesis finished with 0 errors, 0 critical warnings and 4828 warnings.
Synthesis Optimization Runtime : Time (s): cpu = 00:00:26 ; elapsed = 00:00:32 . Memory (MB): peak = 2757.770 ; gain = 880.711 ; free physical = 41324 ; free virtual = 57384
Synthesis Optimization Complete : Time (s): cpu = 00:00:30 ; elapsed = 00:00:36 . Memory (MB): peak = 2757.777 ; gain = 952.375 ; free physical = 41318 ; free virtual = 57378
INFO: [Project 1-571] Translating synthesized netlist
Netlist sorting complete. Time (s): cpu = 00:00:00.03 ; elapsed = 00:00:00.03 . Memory (MB): peak = 2757.777 ; gain = 0.000 ; free physical = 41421 ; free virtual = 57481
INFO: [Netlist 29-17] Analyzing 505 Unisim elements for replacement
INFO: [Netlist 29-28] Unisim Transformation completed in 0 CPU seconds
INFO: [Project 1-570] Preparing netlist for logic optimization
INFO: [Opt 31-138] Pushed 0 inverter(s) to 0 load pin(s).
Netlist sorting complete. Time (s): cpu = 00:00:00 ; elapsed = 00:00:00 . Memory (MB): peak = 2781.781 ; gain = 0.000 ; free physical = 41387 ; free virtual = 57446
INFO: [Project 1-111] Unisim Transformation Summary:
  A total of 342 instances were transformed.
  (CARRY4) => CARRY8: 55 instances
  CFGLUT5 => CFGLUT5 (SRL16E, SRLC32E): 252 instances
  CFGLUT5 => SRLC32E: 35 instances

Synth Design complete, checksum: 2add4f1a
INFO: [Common 17-83] Releasing license: Synthesis
253 Infos, 121 Warnings, 0 Critical Warnings and 0 Errors encountered.
synth_design completed successfully
synth_design: Time (s): cpu = 00:00:34 ; elapsed = 00:01:40 . Memory (MB): peak = 2781.781 ; gain = 1470.305 ; free physical = 41605 ; free virtual = 57664
INFO: [Common 17-1381] The checkpoint '/home/nagafusa/work/spadi/Fakernet/SAMIDARE/samidare.runs/impl_1/.Xil/Vivado-214377-e16fpga01/dc_drv.0/dc/prj_ip.runs/u_ila_0_synth_1/u_ila_0.dcp' has been generated.
INFO: [Coretcl 2-1648] Added synthesis output to IP cache for IP u_ila_0, cache-ID = 026a8aebf269c4ce
INFO: [Coretcl 2-1174] Renamed 308 cell refs.
INFO: [Common 17-1381] The checkpoint '/home/nagafusa/work/spadi/Fakernet/SAMIDARE/samidare.runs/impl_1/.Xil/Vivado-214377-e16fpga01/dc_drv.0/dc/prj_ip.runs/u_ila_0_synth_1/u_ila_0.dcp' has been generated.
INFO: [Common 17-206] Exiting Vivado at Fri Apr 11 09:16:02 2025...
[Fri Apr 11 09:16:17 2025] u_ila_0_synth_1 finished
wait_on_runs: Time (s): cpu = 00:00:00.08 ; elapsed = 00:00:50 . Memory (MB): peak = 1788.586 ; gain = 0.000 ; free physical = 42934 ; free virtual = 59029
INFO: [InternalPartition_RunlogEnd-1] u_ila_0
INFO: [InternalPartition_RunlogStart-1] u_ila_1
[Fri Apr 11 09:16:17 2025] Waiting for u_ila_1_synth_1 to finish...

*** Running vivado
    with args -log u_ila_1.vds -m64 -product Vivado -mode batch -messageDb vivado.pb -notrace -source u_ila_1.tcl


****** Vivado v2022.2 (64-bit)
  **** SW Build 3671981 on Fri Oct 14 04:59:54 MDT 2022
  **** IP Build 3669848 on Fri Oct 14 08:30:02 MDT 2022
    ** Copyright 1986-2022 Xilinx, Inc. All Rights Reserved.

source u_ila_1.tcl -notrace
INFO: [IP_Flow 19-234] Refreshing IP repositories
INFO: [IP_Flow 19-1700] Loaded user IP repository '/home/nagafusa/work/spadi/Fakernet/ip_repo/init_i2c_1_0'.
INFO: [IP_Flow 19-1700] Loaded user IP repository '/home/nagafusa/work/spadi/Fakernet/ip_repo/INIT_I2C_1_0'.
INFO: [IP_Flow 19-1700] Loaded user IP repository '/home/nagafusa/work/spadi/Fakernet/ip_repo/SAMPA_TRG_EN_1_0'.
INFO: [IP_Flow 19-1700] Loaded user IP repository '/home/nagafusa/work/spadi/Fakernet/ip_repo/data_receiver_1_0'.
INFO: [IP_Flow 19-1700] Loaded user IP repository '/home/nagafusa/work/spadi/Fakernet/ip_repo/data_sender_1_0'.
INFO: [IP_Flow 19-1700] Loaded user IP repository '/home/nagafusa/work/spadi/Fakernet/ip_repo/SAMPA_PON_2_0'.
INFO: [IP_Flow 19-1700] Loaded user IP repository '/home/nagafusa/work/spadi/Fakernet/ip_repo/I2C_Controller_1_0'.
INFO: [IP_Flow 19-1700] Loaded user IP repository '/home/nagafusa/work/spadi/Fakernet/ip_repo/start_i2c_write_1_0'.
WARNING: [IP_Flow 19-2248] Failed to load user IP repository '/home/nagafusa/work/spadi/Fakernet/ip_repo/I2C_controller_1_0'; Can't find the specified path.
If this directory should no longer be in your list of user repositories, go to the IP Settings dialog and remove it.
WARNING: [IP_Flow 19-2207] Repository '/home/nagafusa/work/spadi/Fakernet/ip_repo/I2C_controller_1_0' already exists; ignoring attempt to add it again.
WARNING: [IP_Flow 19-2248] Failed to load user IP repository '/home/nagafusa/work/spadi/Fakernet/ip_repo/I2C_controller_1_0'; Can't find the specified path.
If this directory should no longer be in your list of user repositories, go to the IP Settings dialog and remove it.
INFO: [IP_Flow 19-2313] Loaded Vivado IP repository '/opt/Xilinx/Vivado/2022.2/data/ip'.
INFO: [IP_Flow 19-6924] IPCACHE: Running cache check for IP inst: u_ila_1
Command: synth_design -top u_ila_1 -part xcau15p-sbvb484-1-i -incremental_mode off -mode out_of_context
Starting synth_design
Attempting to get a license for feature 'Synthesis' and/or device 'xcau15p'
INFO: [Common 17-349] Got license for feature 'Synthesis' and/or device 'xcau15p'
INFO: [Device 21-403] Loading part xcau15p-sbvb484-1-i
INFO: [Synth 8-7079] Multithreading enabled for synth_design using a maximum of 4 processes.
INFO: [Synth 8-7078] Launching helper process for spawning children vivado processes
INFO: [Synth 8-7075] Helper process launched with PID 215372
INFO: [Synth 8-11241] undeclared symbol 'REGCCE', assumed default net type 'wire' [/opt/Xilinx/Vivado/2022.2/data/verilog/src/unimacro/BRAM_SINGLE_MACRO.v:2170]
INFO: [Synth 8-11241] undeclared symbol 'rddata_rst_i', assumed default net type 'wire' [/home/nagafusa/work/spadi/Fakernet/SAMIDARE/samidare.runs/impl_1/.Xil/Vivado-214377-e16fpga01/dc_drv.0/dc/prj_ip.gen/sources_1/ip/u_ila_1/hdl/xsdbm_v3_0_vl_rfs.v:2188]
INFO: [Synth 8-11241] undeclared symbol 'datard_overflow', assumed default net type 'wire' [/home/nagafusa/work/spadi/Fakernet/SAMIDARE/samidare.runs/impl_1/.Xil/Vivado-214377-e16fpga01/dc_drv.0/dc/prj_ip.gen/sources_1/ip/u_ila_1/hdl/xsdbm_v3_0_vl_rfs.v:2235]
INFO: [Synth 8-11241] undeclared symbol 'datard_underflow', assumed default net type 'wire' [/home/nagafusa/work/spadi/Fakernet/SAMIDARE/samidare.runs/impl_1/.Xil/Vivado-214377-e16fpga01/dc_drv.0/dc/prj_ip.gen/sources_1/ip/u_ila_1/hdl/xsdbm_v3_0_vl_rfs.v:2236]
INFO: [Synth 8-11241] undeclared symbol 'tms_int', assumed default net type 'wire' [/home/nagafusa/work/spadi/Fakernet/SAMIDARE/samidare.runs/impl_1/.Xil/Vivado-214377-e16fpga01/dc_drv.0/dc/prj_ip.gen/sources_1/ip/u_ila_1/hdl/xsdbm_v3_0_vl_rfs.v:6379]
INFO: [Synth 8-11241] undeclared symbol 'runtest_int', assumed default net type 'wire' [/home/nagafusa/work/spadi/Fakernet/SAMIDARE/samidare.runs/impl_1/.Xil/Vivado-214377-e16fpga01/dc_drv.0/dc/prj_ip.gen/sources_1/ip/u_ila_1/hdl/xsdbm_v3_0_vl_rfs.v:6381]
INFO: [Synth 8-11241] undeclared symbol 'tms_int', assumed default net type 'wire' [/home/nagafusa/work/spadi/Fakernet/SAMIDARE/samidare.runs/impl_1/.Xil/Vivado-214377-e16fpga01/dc_drv.0/dc/prj_ip.gen/sources_1/ip/u_ila_1/hdl/xsdbm_v3_0_vl_rfs.v:6412]
INFO: [Synth 8-11241] undeclared symbol 'runtest_int', assumed default net type 'wire' [/home/nagafusa/work/spadi/Fakernet/SAMIDARE/samidare.runs/impl_1/.Xil/Vivado-214377-e16fpga01/dc_drv.0/dc/prj_ip.gen/sources_1/ip/u_ila_1/hdl/xsdbm_v3_0_vl_rfs.v:6414]
INFO: [Synth 8-11241] undeclared symbol 'tms_int', assumed default net type 'wire' [/home/nagafusa/work/spadi/Fakernet/SAMIDARE/samidare.runs/impl_1/.Xil/Vivado-214377-e16fpga01/dc_drv.0/dc/prj_ip.gen/sources_1/ip/u_ila_1/hdl/xsdbm_v3_0_vl_rfs.v:6447]
INFO: [Synth 8-11241] undeclared symbol 'runtest_int', assumed default net type 'wire' [/home/nagafusa/work/spadi/Fakernet/SAMIDARE/samidare.runs/impl_1/.Xil/Vivado-214377-e16fpga01/dc_drv.0/dc/prj_ip.gen/sources_1/ip/u_ila_1/hdl/xsdbm_v3_0_vl_rfs.v:6449]
INFO: [Synth 8-11241] undeclared symbol 'tms_int', assumed default net type 'wire' [/home/nagafusa/work/spadi/Fakernet/SAMIDARE/samidare.runs/impl_1/.Xil/Vivado-214377-e16fpga01/dc_drv.0/dc/prj_ip.gen/sources_1/ip/u_ila_1/hdl/verilog/xsdbm_v3_0_0_bs_core_ext.vh:30]
INFO: [Synth 8-11241] undeclared symbol 'runtest_int', assumed default net type 'wire' [/home/nagafusa/work/spadi/Fakernet/SAMIDARE/samidare.runs/impl_1/.Xil/Vivado-214377-e16fpga01/dc_drv.0/dc/prj_ip.gen/sources_1/ip/u_ila_1/hdl/verilog/xsdbm_v3_0_0_bs_core_ext.vh:32]
INFO: [Synth 8-11241] undeclared symbol 'tms_int', assumed default net type 'wire' [/home/nagafusa/work/spadi/Fakernet/SAMIDARE/samidare.runs/impl_1/.Xil/Vivado-214377-e16fpga01/dc_drv.0/dc/prj_ip.gen/sources_1/ip/u_ila_1/hdl/verilog/xsdbm_v3_0_0_bs_core_ext.vh:69]
INFO: [Synth 8-11241] undeclared symbol 'runtest_int', assumed default net type 'wire' [/home/nagafusa/work/spadi/Fakernet/SAMIDARE/samidare.runs/impl_1/.Xil/Vivado-214377-e16fpga01/dc_drv.0/dc/prj_ip.gen/sources_1/ip/u_ila_1/hdl/verilog/xsdbm_v3_0_0_bs_core_ext.vh:71]
INFO: [Synth 8-11241] undeclared symbol 'tms_int', assumed default net type 'wire' [/home/nagafusa/work/spadi/Fakernet/SAMIDARE/samidare.runs/impl_1/.Xil/Vivado-214377-e16fpga01/dc_drv.0/dc/prj_ip.gen/sources_1/ip/u_ila_1/hdl/verilog/xsdbm_v3_0_0_bs_core_ext.vh:109]
INFO: [Synth 8-11241] undeclared symbol 'runtest_int', assumed default net type 'wire' [/home/nagafusa/work/spadi/Fakernet/SAMIDARE/samidare.runs/impl_1/.Xil/Vivado-214377-e16fpga01/dc_drv.0/dc/prj_ip.gen/sources_1/ip/u_ila_1/hdl/verilog/xsdbm_v3_0_0_bs_core_ext.vh:111]
INFO: [Synth 8-11241] undeclared symbol 'tms_int', assumed default net type 'wire' [/home/nagafusa/work/spadi/Fakernet/SAMIDARE/samidare.runs/impl_1/.Xil/Vivado-214377-e16fpga01/dc_drv.0/dc/prj_ip.gen/sources_1/ip/u_ila_1/hdl/verilog/xsdbm_v3_0_0_bs_core_ext.vh:150]
INFO: [Synth 8-11241] undeclared symbol 'runtest_int', assumed default net type 'wire' [/home/nagafusa/work/spadi/Fakernet/SAMIDARE/samidare.runs/impl_1/.Xil/Vivado-214377-e16fpga01/dc_drv.0/dc/prj_ip.gen/sources_1/ip/u_ila_1/hdl/verilog/xsdbm_v3_0_0_bs_core_ext.vh:152]
INFO: [Synth 8-11241] undeclared symbol 'tms_int', assumed default net type 'wire' [/home/nagafusa/work/spadi/Fakernet/SAMIDARE/samidare.runs/impl_1/.Xil/Vivado-214377-e16fpga01/dc_drv.0/dc/prj_ip.gen/sources_1/ip/u_ila_1/hdl/verilog/xsdbm_v3_0_0_bs_core_ext.vh:192]
INFO: [Synth 8-11241] undeclared symbol 'runtest_int', assumed default net type 'wire' [/home/nagafusa/work/spadi/Fakernet/SAMIDARE/samidare.runs/impl_1/.Xil/Vivado-214377-e16fpga01/dc_drv.0/dc/prj_ip.gen/sources_1/ip/u_ila_1/hdl/verilog/xsdbm_v3_0_0_bs_core_ext.vh:194]
INFO: [Synth 8-11241] undeclared symbol 'tms_int', assumed default net type 'wire' [/home/nagafusa/work/spadi/Fakernet/SAMIDARE/samidare.runs/impl_1/.Xil/Vivado-214377-e16fpga01/dc_drv.0/dc/prj_ip.gen/sources_1/ip/u_ila_1/hdl/verilog/xsdbm_v3_0_0_bs_core_ext.vh:235]
INFO: [Synth 8-11241] undeclared symbol 'runtest_int', assumed default net type 'wire' [/home/nagafusa/work/spadi/Fakernet/SAMIDARE/samidare.runs/impl_1/.Xil/Vivado-214377-e16fpga01/dc_drv.0/dc/prj_ip.gen/sources_1/ip/u_ila_1/hdl/verilog/xsdbm_v3_0_0_bs_core_ext.vh:237]
INFO: [Synth 8-11241] undeclared symbol 'tms_int', assumed default net type 'wire' [/home/nagafusa/work/spadi/Fakernet/SAMIDARE/samidare.runs/impl_1/.Xil/Vivado-214377-e16fpga01/dc_drv.0/dc/prj_ip.gen/sources_1/ip/u_ila_1/hdl/verilog/xsdbm_v3_0_0_bs_core_ext.vh:279]
INFO: [Synth 8-11241] undeclared symbol 'runtest_int', assumed default net type 'wire' [/home/nagafusa/work/spadi/Fakernet/SAMIDARE/samidare.runs/impl_1/.Xil/Vivado-214377-e16fpga01/dc_drv.0/dc/prj_ip.gen/sources_1/ip/u_ila_1/hdl/verilog/xsdbm_v3_0_0_bs_core_ext.vh:281]
INFO: [Synth 8-11241] undeclared symbol 'tms_int', assumed default net type 'wire' [/home/nagafusa/work/spadi/Fakernet/SAMIDARE/samidare.runs/impl_1/.Xil/Vivado-214377-e16fpga01/dc_drv.0/dc/prj_ip.gen/sources_1/ip/u_ila_1/hdl/verilog/xsdbm_v3_0_0_bs_core_ext.vh:324]
INFO: [Synth 8-11241] undeclared symbol 'runtest_int', assumed default net type 'wire' [/home/nagafusa/work/spadi/Fakernet/SAMIDARE/samidare.runs/impl_1/.Xil/Vivado-214377-e16fpga01/dc_drv.0/dc/prj_ip.gen/sources_1/ip/u_ila_1/hdl/verilog/xsdbm_v3_0_0_bs_core_ext.vh:326]
INFO: [Synth 8-11241] undeclared symbol 'tms_int', assumed default net type 'wire' [/home/nagafusa/work/spadi/Fakernet/SAMIDARE/samidare.runs/impl_1/.Xil/Vivado-214377-e16fpga01/dc_drv.0/dc/prj_ip.gen/sources_1/ip/u_ila_1/hdl/verilog/xsdbm_v3_0_0_bs_core_ext.vh:370]
INFO: [Synth 8-11241] undeclared symbol 'runtest_int', assumed default net type 'wire' [/home/nagafusa/work/spadi/Fakernet/SAMIDARE/samidare.runs/impl_1/.Xil/Vivado-214377-e16fpga01/dc_drv.0/dc/prj_ip.gen/sources_1/ip/u_ila_1/hdl/verilog/xsdbm_v3_0_0_bs_core_ext.vh:372]
INFO: [Synth 8-11241] undeclared symbol 'tms_int', assumed default net type 'wire' [/home/nagafusa/work/spadi/Fakernet/SAMIDARE/samidare.runs/impl_1/.Xil/Vivado-214377-e16fpga01/dc_drv.0/dc/prj_ip.gen/sources_1/ip/u_ila_1/hdl/verilog/xsdbm_v3_0_0_bs_core_ext.vh:417]
INFO: [Synth 8-11241] undeclared symbol 'runtest_int', assumed default net type 'wire' [/home/nagafusa/work/spadi/Fakernet/SAMIDARE/samidare.runs/impl_1/.Xil/Vivado-214377-e16fpga01/dc_drv.0/dc/prj_ip.gen/sources_1/ip/u_ila_1/hdl/verilog/xsdbm_v3_0_0_bs_core_ext.vh:419]
INFO: [Synth 8-11241] undeclared symbol 'tms_int', assumed default net type 'wire' [/home/nagafusa/work/spadi/Fakernet/SAMIDARE/samidare.runs/impl_1/.Xil/Vivado-214377-e16fpga01/dc_drv.0/dc/prj_ip.gen/sources_1/ip/u_ila_1/hdl/verilog/xsdbm_v3_0_0_bs_core_ext.vh:465]
INFO: [Synth 8-11241] undeclared symbol 'runtest_int', assumed default net type 'wire' [/home/nagafusa/work/spadi/Fakernet/SAMIDARE/samidare.runs/impl_1/.Xil/Vivado-214377-e16fpga01/dc_drv.0/dc/prj_ip.gen/sources_1/ip/u_ila_1/hdl/verilog/xsdbm_v3_0_0_bs_core_ext.vh:467]
INFO: [Synth 8-11241] undeclared symbol 'tms_int', assumed default net type 'wire' [/home/nagafusa/work/spadi/Fakernet/SAMIDARE/samidare.runs/impl_1/.Xil/Vivado-214377-e16fpga01/dc_drv.0/dc/prj_ip.gen/sources_1/ip/u_ila_1/hdl/verilog/xsdbm_v3_0_0_bs_core_ext.vh:514]
INFO: [Synth 8-11241] undeclared symbol 'runtest_int', assumed default net type 'wire' [/home/nagafusa/work/spadi/Fakernet/SAMIDARE/samidare.runs/impl_1/.Xil/Vivado-214377-e16fpga01/dc_drv.0/dc/prj_ip.gen/sources_1/ip/u_ila_1/hdl/verilog/xsdbm_v3_0_0_bs_core_ext.vh:516]
INFO: [Synth 8-11241] undeclared symbol 'tms_int', assumed default net type 'wire' [/home/nagafusa/work/spadi/Fakernet/SAMIDARE/samidare.runs/impl_1/.Xil/Vivado-214377-e16fpga01/dc_drv.0/dc/prj_ip.gen/sources_1/ip/u_ila_1/hdl/verilog/xsdbm_v3_0_0_bs_core_ext.vh:564]
INFO: [Synth 8-11241] undeclared symbol 'runtest_int', assumed default net type 'wire' [/home/nagafusa/work/spadi/Fakernet/SAMIDARE/samidare.runs/impl_1/.Xil/Vivado-214377-e16fpga01/dc_drv.0/dc/prj_ip.gen/sources_1/ip/u_ila_1/hdl/verilog/xsdbm_v3_0_0_bs_core_ext.vh:566]
INFO: [Synth 8-11241] undeclared symbol 'tms_int', assumed default net type 'wire' [/home/nagafusa/work/spadi/Fakernet/SAMIDARE/samidare.runs/impl_1/.Xil/Vivado-214377-e16fpga01/dc_drv.0/dc/prj_ip.gen/sources_1/ip/u_ila_1/hdl/verilog/xsdbm_v3_0_0_bs_core_ext.vh:615]
INFO: [Synth 8-11241] undeclared symbol 'runtest_int', assumed default net type 'wire' [/home/nagafusa/work/spadi/Fakernet/SAMIDARE/samidare.runs/impl_1/.Xil/Vivado-214377-e16fpga01/dc_drv.0/dc/prj_ip.gen/sources_1/ip/u_ila_1/hdl/verilog/xsdbm_v3_0_0_bs_core_ext.vh:617]
INFO: [Synth 8-11241] undeclared symbol 'tms_int', assumed default net type 'wire' [/home/nagafusa/work/spadi/Fakernet/SAMIDARE/samidare.runs/impl_1/.Xil/Vivado-214377-e16fpga01/dc_drv.0/dc/prj_ip.gen/sources_1/ip/u_ila_1/hdl/xsdbm_v3_0_vl_rfs.v:6554]
INFO: [Synth 8-11241] undeclared symbol 'runtest_int', assumed default net type 'wire' [/home/nagafusa/work/spadi/Fakernet/SAMIDARE/samidare.runs/impl_1/.Xil/Vivado-214377-e16fpga01/dc_drv.0/dc/prj_ip.gen/sources_1/ip/u_ila_1/hdl/xsdbm_v3_0_vl_rfs.v:6556]
INFO: [Synth 8-11241] undeclared symbol 'tms_int', assumed default net type 'wire' [/home/nagafusa/work/spadi/Fakernet/SAMIDARE/samidare.runs/impl_1/.Xil/Vivado-214377-e16fpga01/dc_drv.0/dc/prj_ip.gen/sources_1/ip/u_ila_1/hdl/xsdbm_v3_0_vl_rfs.v:6589]
INFO: [Synth 8-11241] undeclared symbol 'runtest_int', assumed default net type 'wire' [/home/nagafusa/work/spadi/Fakernet/SAMIDARE/samidare.runs/impl_1/.Xil/Vivado-214377-e16fpga01/dc_drv.0/dc/prj_ip.gen/sources_1/ip/u_ila_1/hdl/xsdbm_v3_0_vl_rfs.v:6591]
INFO: [Synth 8-11241] undeclared symbol 'tms_int', assumed default net type 'wire' [/home/nagafusa/work/spadi/Fakernet/SAMIDARE/samidare.runs/impl_1/.Xil/Vivado-214377-e16fpga01/dc_drv.0/dc/prj_ip.gen/sources_1/ip/u_ila_1/hdl/verilog/xsdbm_v3_0_0_bs_core.vh:30]
INFO: [Synth 8-11241] undeclared symbol 'runtest_int', assumed default net type 'wire' [/home/nagafusa/work/spadi/Fakernet/SAMIDARE/samidare.runs/impl_1/.Xil/Vivado-214377-e16fpga01/dc_drv.0/dc/prj_ip.gen/sources_1/ip/u_ila_1/hdl/verilog/xsdbm_v3_0_0_bs_core.vh:32]
INFO: [Synth 8-11241] undeclared symbol 'tms_int', assumed default net type 'wire' [/home/nagafusa/work/spadi/Fakernet/SAMIDARE/samidare.runs/impl_1/.Xil/Vivado-214377-e16fpga01/dc_drv.0/dc/prj_ip.gen/sources_1/ip/u_ila_1/hdl/verilog/xsdbm_v3_0_0_bs_core.vh:69]
INFO: [Synth 8-11241] undeclared symbol 'runtest_int', assumed default net type 'wire' [/home/nagafusa/work/spadi/Fakernet/SAMIDARE/samidare.runs/impl_1/.Xil/Vivado-214377-e16fpga01/dc_drv.0/dc/prj_ip.gen/sources_1/ip/u_ila_1/hdl/verilog/xsdbm_v3_0_0_bs_core.vh:71]
INFO: [Synth 8-11241] undeclared symbol 'tms_int', assumed default net type 'wire' [/home/nagafusa/work/spadi/Fakernet/SAMIDARE/samidare.runs/impl_1/.Xil/Vivado-214377-e16fpga01/dc_drv.0/dc/prj_ip.gen/sources_1/ip/u_ila_1/hdl/verilog/xsdbm_v3_0_0_bs_core.vh:109]
INFO: [Synth 8-11241] undeclared symbol 'runtest_int', assumed default net type 'wire' [/home/nagafusa/work/spadi/Fakernet/SAMIDARE/samidare.runs/impl_1/.Xil/Vivado-214377-e16fpga01/dc_drv.0/dc/prj_ip.gen/sources_1/ip/u_ila_1/hdl/verilog/xsdbm_v3_0_0_bs_core.vh:111]
INFO: [Synth 8-11241] undeclared symbol 'tms_int', assumed default net type 'wire' [/home/nagafusa/work/spadi/Fakernet/SAMIDARE/samidare.runs/impl_1/.Xil/Vivado-214377-e16fpga01/dc_drv.0/dc/prj_ip.gen/sources_1/ip/u_ila_1/hdl/verilog/xsdbm_v3_0_0_bs_core.vh:150]
INFO: [Synth 8-11241] undeclared symbol 'runtest_int', assumed default net type 'wire' [/home/nagafusa/work/spadi/Fakernet/SAMIDARE/samidare.runs/impl_1/.Xil/Vivado-214377-e16fpga01/dc_drv.0/dc/prj_ip.gen/sources_1/ip/u_ila_1/hdl/verilog/xsdbm_v3_0_0_bs_core.vh:152]
INFO: [Synth 8-11241] undeclared symbol 'tms_int', assumed default net type 'wire' [/home/nagafusa/work/spadi/Fakernet/SAMIDARE/samidare.runs/impl_1/.Xil/Vivado-214377-e16fpga01/dc_drv.0/dc/prj_ip.gen/sources_1/ip/u_ila_1/hdl/verilog/xsdbm_v3_0_0_bs_core.vh:192]
INFO: [Synth 8-11241] undeclared symbol 'runtest_int', assumed default net type 'wire' [/home/nagafusa/work/spadi/Fakernet/SAMIDARE/samidare.runs/impl_1/.Xil/Vivado-214377-e16fpga01/dc_drv.0/dc/prj_ip.gen/sources_1/ip/u_ila_1/hdl/verilog/xsdbm_v3_0_0_bs_core.vh:194]
INFO: [Synth 8-11241] undeclared symbol 'tms_int', assumed default net type 'wire' [/home/nagafusa/work/spadi/Fakernet/SAMIDARE/samidare.runs/impl_1/.Xil/Vivado-214377-e16fpga01/dc_drv.0/dc/prj_ip.gen/sources_1/ip/u_ila_1/hdl/verilog/xsdbm_v3_0_0_bs_core.vh:235]
INFO: [Synth 8-11241] undeclared symbol 'runtest_int', assumed default net type 'wire' [/home/nagafusa/work/spadi/Fakernet/SAMIDARE/samidare.runs/impl_1/.Xil/Vivado-214377-e16fpga01/dc_drv.0/dc/prj_ip.gen/sources_1/ip/u_ila_1/hdl/verilog/xsdbm_v3_0_0_bs_core.vh:237]
INFO: [Synth 8-11241] undeclared symbol 'tms_int', assumed default net type 'wire' [/home/nagafusa/work/spadi/Fakernet/SAMIDARE/samidare.runs/impl_1/.Xil/Vivado-214377-e16fpga01/dc_drv.0/dc/prj_ip.gen/sources_1/ip/u_ila_1/hdl/verilog/xsdbm_v3_0_0_bs_core.vh:279]
INFO: [Synth 8-11241] undeclared symbol 'runtest_int', assumed default net type 'wire' [/home/nagafusa/work/spadi/Fakernet/SAMIDARE/samidare.runs/impl_1/.Xil/Vivado-214377-e16fpga01/dc_drv.0/dc/prj_ip.gen/sources_1/ip/u_ila_1/hdl/verilog/xsdbm_v3_0_0_bs_core.vh:281]
INFO: [Synth 8-11241] undeclared symbol 'tms_int', assumed default net type 'wire' [/home/nagafusa/work/spadi/Fakernet/SAMIDARE/samidare.runs/impl_1/.Xil/Vivado-214377-e16fpga01/dc_drv.0/dc/prj_ip.gen/sources_1/ip/u_ila_1/hdl/verilog/xsdbm_v3_0_0_bs_core.vh:324]
INFO: [Synth 8-11241] undeclared symbol 'runtest_int', assumed default net type 'wire' [/home/nagafusa/work/spadi/Fakernet/SAMIDARE/samidare.runs/impl_1/.Xil/Vivado-214377-e16fpga01/dc_drv.0/dc/prj_ip.gen/sources_1/ip/u_ila_1/hdl/verilog/xsdbm_v3_0_0_bs_core.vh:326]
INFO: [Synth 8-11241] undeclared symbol 'tms_int', assumed default net type 'wire' [/home/nagafusa/work/spadi/Fakernet/SAMIDARE/samidare.runs/impl_1/.Xil/Vivado-214377-e16fpga01/dc_drv.0/dc/prj_ip.gen/sources_1/ip/u_ila_1/hdl/verilog/xsdbm_v3_0_0_bs_core.vh:370]
INFO: [Synth 8-11241] undeclared symbol 'runtest_int', assumed default net type 'wire' [/home/nagafusa/work/spadi/Fakernet/SAMIDARE/samidare.runs/impl_1/.Xil/Vivado-214377-e16fpga01/dc_drv.0/dc/prj_ip.gen/sources_1/ip/u_ila_1/hdl/verilog/xsdbm_v3_0_0_bs_core.vh:372]
INFO: [Synth 8-11241] undeclared symbol 'tms_int', assumed default net type 'wire' [/home/nagafusa/work/spadi/Fakernet/SAMIDARE/samidare.runs/impl_1/.Xil/Vivado-214377-e16fpga01/dc_drv.0/dc/prj_ip.gen/sources_1/ip/u_ila_1/hdl/verilog/xsdbm_v3_0_0_bs_core.vh:417]
INFO: [Synth 8-11241] undeclared symbol 'runtest_int', assumed default net type 'wire' [/home/nagafusa/work/spadi/Fakernet/SAMIDARE/samidare.runs/impl_1/.Xil/Vivado-214377-e16fpga01/dc_drv.0/dc/prj_ip.gen/sources_1/ip/u_ila_1/hdl/verilog/xsdbm_v3_0_0_bs_core.vh:419]
INFO: [Synth 8-11241] undeclared symbol 'tms_int', assumed default net type 'wire' [/home/nagafusa/work/spadi/Fakernet/SAMIDARE/samidare.runs/impl_1/.Xil/Vivado-214377-e16fpga01/dc_drv.0/dc/prj_ip.gen/sources_1/ip/u_ila_1/hdl/verilog/xsdbm_v3_0_0_bs_core.vh:465]
INFO: [Synth 8-11241] undeclared symbol 'runtest_int', assumed default net type 'wire' [/home/nagafusa/work/spadi/Fakernet/SAMIDARE/samidare.runs/impl_1/.Xil/Vivado-214377-e16fpga01/dc_drv.0/dc/prj_ip.gen/sources_1/ip/u_ila_1/hdl/verilog/xsdbm_v3_0_0_bs_core.vh:467]
INFO: [Synth 8-11241] undeclared symbol 'tms_int', assumed default net type 'wire' [/home/nagafusa/work/spadi/Fakernet/SAMIDARE/samidare.runs/impl_1/.Xil/Vivado-214377-e16fpga01/dc_drv.0/dc/prj_ip.gen/sources_1/ip/u_ila_1/hdl/verilog/xsdbm_v3_0_0_bs_core.vh:514]
INFO: [Synth 8-11241] undeclared symbol 'runtest_int', assumed default net type 'wire' [/home/nagafusa/work/spadi/Fakernet/SAMIDARE/samidare.runs/impl_1/.Xil/Vivado-214377-e16fpga01/dc_drv.0/dc/prj_ip.gen/sources_1/ip/u_ila_1/hdl/verilog/xsdbm_v3_0_0_bs_core.vh:516]
INFO: [Synth 8-11241] undeclared symbol 'tms_int', assumed default net type 'wire' [/home/nagafusa/work/spadi/Fakernet/SAMIDARE/samidare.runs/impl_1/.Xil/Vivado-214377-e16fpga01/dc_drv.0/dc/prj_ip.gen/sources_1/ip/u_ila_1/hdl/verilog/xsdbm_v3_0_0_bs_core.vh:564]
INFO: [Synth 8-11241] undeclared symbol 'runtest_int', assumed default net type 'wire' [/home/nagafusa/work/spadi/Fakernet/SAMIDARE/samidare.runs/impl_1/.Xil/Vivado-214377-e16fpga01/dc_drv.0/dc/prj_ip.gen/sources_1/ip/u_ila_1/hdl/verilog/xsdbm_v3_0_0_bs_core.vh:566]
INFO: [Synth 8-11241] undeclared symbol 'tms_int', assumed default net type 'wire' [/home/nagafusa/work/spadi/Fakernet/SAMIDARE/samidare.runs/impl_1/.Xil/Vivado-214377-e16fpga01/dc_drv.0/dc/prj_ip.gen/sources_1/ip/u_ila_1/hdl/verilog/xsdbm_v3_0_0_bs_core.vh:615]
INFO: [Synth 8-11241] undeclared symbol 'runtest_int', assumed default net type 'wire' [/home/nagafusa/work/spadi/Fakernet/SAMIDARE/samidare.runs/impl_1/.Xil/Vivado-214377-e16fpga01/dc_drv.0/dc/prj_ip.gen/sources_1/ip/u_ila_1/hdl/verilog/xsdbm_v3_0_0_bs_core.vh:617]
INFO: [Synth 8-11241] undeclared symbol 'tms_int', assumed default net type 'wire' [/home/nagafusa/work/spadi/Fakernet/SAMIDARE/samidare.runs/impl_1/.Xil/Vivado-214377-e16fpga01/dc_drv.0/dc/prj_ip.gen/sources_1/ip/u_ila_1/hdl/xsdbm_v3_0_vl_rfs.v:10347]
INFO: [Synth 8-11241] undeclared symbol 'runtest_int', assumed default net type 'wire' [/home/nagafusa/work/spadi/Fakernet/SAMIDARE/samidare.runs/impl_1/.Xil/Vivado-214377-e16fpga01/dc_drv.0/dc/prj_ip.gen/sources_1/ip/u_ila_1/hdl/xsdbm_v3_0_vl_rfs.v:10349]
INFO: [Synth 8-11241] undeclared symbol 'tms_int', assumed default net type 'wire' [/home/nagafusa/work/spadi/Fakernet/SAMIDARE/samidare.runs/impl_1/.Xil/Vivado-214377-e16fpga01/dc_drv.0/dc/prj_ip.gen/sources_1/ip/u_ila_1/hdl/xsdbm_v3_0_vl_rfs.v:10380]
INFO: [Synth 8-11241] undeclared symbol 'runtest_int', assumed default net type 'wire' [/home/nagafusa/work/spadi/Fakernet/SAMIDARE/samidare.runs/impl_1/.Xil/Vivado-214377-e16fpga01/dc_drv.0/dc/prj_ip.gen/sources_1/ip/u_ila_1/hdl/xsdbm_v3_0_vl_rfs.v:10382]
INFO: [Synth 8-11241] undeclared symbol 'tms_int', assumed default net type 'wire' [/home/nagafusa/work/spadi/Fakernet/SAMIDARE/samidare.runs/impl_1/.Xil/Vivado-214377-e16fpga01/dc_drv.0/dc/prj_ip.gen/sources_1/ip/u_ila_1/hdl/xsdbm_v3_0_vl_rfs.v:10413]
INFO: [Synth 8-11241] undeclared symbol 'runtest_int', assumed default net type 'wire' [/home/nagafusa/work/spadi/Fakernet/SAMIDARE/samidare.runs/impl_1/.Xil/Vivado-214377-e16fpga01/dc_drv.0/dc/prj_ip.gen/sources_1/ip/u_ila_1/hdl/xsdbm_v3_0_vl_rfs.v:10415]
INFO: [Synth 8-11241] undeclared symbol 'tms_int', assumed default net type 'wire' [/home/nagafusa/work/spadi/Fakernet/SAMIDARE/samidare.runs/impl_1/.Xil/Vivado-214377-e16fpga01/dc_drv.0/dc/prj_ip.gen/sources_1/ip/u_ila_1/hdl/verilog/xsdbm_v3_0_0_bs_core_vec.vh:30]
INFO: [Synth 8-11241] undeclared symbol 'runtest_int', assumed default net type 'wire' [/home/nagafusa/work/spadi/Fakernet/SAMIDARE/samidare.runs/impl_1/.Xil/Vivado-214377-e16fpga01/dc_drv.0/dc/prj_ip.gen/sources_1/ip/u_ila_1/hdl/verilog/xsdbm_v3_0_0_bs_core_vec.vh:32]
INFO: [Synth 8-11241] undeclared symbol 'tms_int', assumed default net type 'wire' [/home/nagafusa/work/spadi/Fakernet/SAMIDARE/samidare.runs/impl_1/.Xil/Vivado-214377-e16fpga01/dc_drv.0/dc/prj_ip.gen/sources_1/ip/u_ila_1/hdl/verilog/xsdbm_v3_0_0_bs_core_vec.vh:65]
INFO: [Synth 8-11241] undeclared symbol 'runtest_int', assumed default net type 'wire' [/home/nagafusa/work/spadi/Fakernet/SAMIDARE/samidare.runs/impl_1/.Xil/Vivado-214377-e16fpga01/dc_drv.0/dc/prj_ip.gen/sources_1/ip/u_ila_1/hdl/verilog/xsdbm_v3_0_0_bs_core_vec.vh:67]
INFO: [Synth 8-11241] undeclared symbol 'tms_int', assumed default net type 'wire' [/home/nagafusa/work/spadi/Fakernet/SAMIDARE/samidare.runs/impl_1/.Xil/Vivado-214377-e16fpga01/dc_drv.0/dc/prj_ip.gen/sources_1/ip/u_ila_1/hdl/verilog/xsdbm_v3_0_0_bs_core_vec.vh:100]
INFO: [Synth 8-11241] undeclared symbol 'runtest_int', assumed default net type 'wire' [/home/nagafusa/work/spadi/Fakernet/SAMIDARE/samidare.runs/impl_1/.Xil/Vivado-214377-e16fpga01/dc_drv.0/dc/prj_ip.gen/sources_1/ip/u_ila_1/hdl/verilog/xsdbm_v3_0_0_bs_core_vec.vh:102]
INFO: [Synth 8-11241] undeclared symbol 'tms_int', assumed default net type 'wire' [/home/nagafusa/work/spadi/Fakernet/SAMIDARE/samidare.runs/impl_1/.Xil/Vivado-214377-e16fpga01/dc_drv.0/dc/prj_ip.gen/sources_1/ip/u_ila_1/hdl/verilog/xsdbm_v3_0_0_bs_core_vec.vh:135]
INFO: [Synth 8-11241] undeclared symbol 'runtest_int', assumed default net type 'wire' [/home/nagafusa/work/spadi/Fakernet/SAMIDARE/samidare.runs/impl_1/.Xil/Vivado-214377-e16fpga01/dc_drv.0/dc/prj_ip.gen/sources_1/ip/u_ila_1/hdl/verilog/xsdbm_v3_0_0_bs_core_vec.vh:137]
INFO: [Synth 8-11241] undeclared symbol 'tms_int', assumed default net type 'wire' [/home/nagafusa/work/spadi/Fakernet/SAMIDARE/samidare.runs/impl_1/.Xil/Vivado-214377-e16fpga01/dc_drv.0/dc/prj_ip.gen/sources_1/ip/u_ila_1/hdl/verilog/xsdbm_v3_0_0_bs_core_vec.vh:170]
INFO: [Synth 8-11241] undeclared symbol 'runtest_int', assumed default net type 'wire' [/home/nagafusa/work/spadi/Fakernet/SAMIDARE/samidare.runs/impl_1/.Xil/Vivado-214377-e16fpga01/dc_drv.0/dc/prj_ip.gen/sources_1/ip/u_ila_1/hdl/verilog/xsdbm_v3_0_0_bs_core_vec.vh:172]
INFO: [Synth 8-11241] undeclared symbol 'tms_int', assumed default net type 'wire' [/home/nagafusa/work/spadi/Fakernet/SAMIDARE/samidare.runs/impl_1/.Xil/Vivado-214377-e16fpga01/dc_drv.0/dc/prj_ip.gen/sources_1/ip/u_ila_1/hdl/verilog/xsdbm_v3_0_0_bs_core_vec.vh:205]
INFO: [Synth 8-11241] undeclared symbol 'runtest_int', assumed default net type 'wire' [/home/nagafusa/work/spadi/Fakernet/SAMIDARE/samidare.runs/impl_1/.Xil/Vivado-214377-e16fpga01/dc_drv.0/dc/prj_ip.gen/sources_1/ip/u_ila_1/hdl/verilog/xsdbm_v3_0_0_bs_core_vec.vh:207]
INFO: [Synth 8-11241] undeclared symbol 'tms_int', assumed default net type 'wire' [/home/nagafusa/work/spadi/Fakernet/SAMIDARE/samidare.runs/impl_1/.Xil/Vivado-214377-e16fpga01/dc_drv.0/dc/prj_ip.gen/sources_1/ip/u_ila_1/hdl/verilog/xsdbm_v3_0_0_bs_core_vec.vh:240]
INFO: [Synth 8-11241] undeclared symbol 'runtest_int', assumed default net type 'wire' [/home/nagafusa/work/spadi/Fakernet/SAMIDARE/samidare.runs/impl_1/.Xil/Vivado-214377-e16fpga01/dc_drv.0/dc/prj_ip.gen/sources_1/ip/u_ila_1/hdl/verilog/xsdbm_v3_0_0_bs_core_vec.vh:242]
INFO: [Synth 8-11241] undeclared symbol 'tms_int', assumed default net type 'wire' [/home/nagafusa/work/spadi/Fakernet/SAMIDARE/samidare.runs/impl_1/.Xil/Vivado-214377-e16fpga01/dc_drv.0/dc/prj_ip.gen/sources_1/ip/u_ila_1/hdl/verilog/xsdbm_v3_0_0_bs_core_vec.vh:275]
INFO: [Synth 8-11241] undeclared symbol 'runtest_int', assumed default net type 'wire' [/home/nagafusa/work/spadi/Fakernet/SAMIDARE/samidare.runs/impl_1/.Xil/Vivado-214377-e16fpga01/dc_drv.0/dc/prj_ip.gen/sources_1/ip/u_ila_1/hdl/verilog/xsdbm_v3_0_0_bs_core_vec.vh:277]
INFO: [Synth 8-11241] undeclared symbol 'tms_int', assumed default net type 'wire' [/home/nagafusa/work/spadi/Fakernet/SAMIDARE/samidare.runs/impl_1/.Xil/Vivado-214377-e16fpga01/dc_drv.0/dc/prj_ip.gen/sources_1/ip/u_ila_1/hdl/verilog/xsdbm_v3_0_0_bs_core_vec.vh:310]
INFO: [Synth 8-11241] undeclared symbol 'runtest_int', assumed default net type 'wire' [/home/nagafusa/work/spadi/Fakernet/SAMIDARE/samidare.runs/impl_1/.Xil/Vivado-214377-e16fpga01/dc_drv.0/dc/prj_ip.gen/sources_1/ip/u_ila_1/hdl/verilog/xsdbm_v3_0_0_bs_core_vec.vh:312]
INFO: [Synth 8-11241] undeclared symbol 'tms_int', assumed default net type 'wire' [/home/nagafusa/work/spadi/Fakernet/SAMIDARE/samidare.runs/impl_1/.Xil/Vivado-214377-e16fpga01/dc_drv.0/dc/prj_ip.gen/sources_1/ip/u_ila_1/hdl/verilog/xsdbm_v3_0_0_bs_core_vec.vh:345]
INFO: [Synth 8-11241] undeclared symbol 'runtest_int', assumed default net type 'wire' [/home/nagafusa/work/spadi/Fakernet/SAMIDARE/samidare.runs/impl_1/.Xil/Vivado-214377-e16fpga01/dc_drv.0/dc/prj_ip.gen/sources_1/ip/u_ila_1/hdl/verilog/xsdbm_v3_0_0_bs_core_vec.vh:347]
INFO: [Synth 8-11241] undeclared symbol 'tms_int', assumed default net type 'wire' [/home/nagafusa/work/spadi/Fakernet/SAMIDARE/samidare.runs/impl_1/.Xil/Vivado-214377-e16fpga01/dc_drv.0/dc/prj_ip.gen/sources_1/ip/u_ila_1/hdl/verilog/xsdbm_v3_0_0_bs_core_vec.vh:380]
INFO: [Synth 8-11241] undeclared symbol 'runtest_int', assumed default net type 'wire' [/home/nagafusa/work/spadi/Fakernet/SAMIDARE/samidare.runs/impl_1/.Xil/Vivado-214377-e16fpga01/dc_drv.0/dc/prj_ip.gen/sources_1/ip/u_ila_1/hdl/verilog/xsdbm_v3_0_0_bs_core_vec.vh:382]
INFO: [Synth 8-11241] undeclared symbol 'tms_int', assumed default net type 'wire' [/home/nagafusa/work/spadi/Fakernet/SAMIDARE/samidare.runs/impl_1/.Xil/Vivado-214377-e16fpga01/dc_drv.0/dc/prj_ip.gen/sources_1/ip/u_ila_1/hdl/verilog/xsdbm_v3_0_0_bs_core_vec.vh:415]
INFO: [Synth 8-11241] undeclared symbol 'runtest_int', assumed default net type 'wire' [/home/nagafusa/work/spadi/Fakernet/SAMIDARE/samidare.runs/impl_1/.Xil/Vivado-214377-e16fpga01/dc_drv.0/dc/prj_ip.gen/sources_1/ip/u_ila_1/hdl/verilog/xsdbm_v3_0_0_bs_core_vec.vh:417]
INFO: [Common 17-14] Message 'Synth 8-11241' appears 100 times and further instances of the messages will be disabled. Use the Tcl command set_msg_config to change the current settings.
WARNING: [Synth 8-10294] parameter declaration is not allowed here in this mode of Verilog [/home/nagafusa/work/spadi/Fakernet/SAMIDARE/samidare.runs/impl_1/.Xil/Vivado-214377-e16fpga01/dc_drv.0/dc/prj_ip.gen/sources_1/ip/u_ila_1/hdl/ila_v6_2_syn_rfs.v:4527]
WARNING: [Synth 8-10294] parameter declaration is not allowed here in this mode of Verilog [/home/nagafusa/work/spadi/Fakernet/SAMIDARE/samidare.runs/impl_1/.Xil/Vivado-214377-e16fpga01/dc_drv.0/dc/prj_ip.gen/sources_1/ip/u_ila_1/hdl/ila_v6_2_syn_rfs.v:4528]
WARNING: [Synth 8-10294] parameter declaration is not allowed here in this mode of Verilog [/home/nagafusa/work/spadi/Fakernet/SAMIDARE/samidare.runs/impl_1/.Xil/Vivado-214377-e16fpga01/dc_drv.0/dc/prj_ip.gen/sources_1/ip/u_ila_1/hdl/ila_v6_2_syn_rfs.v:4529]
WARNING: [Synth 8-10294] parameter declaration is not allowed here in this mode of Verilog [/home/nagafusa/work/spadi/Fakernet/SAMIDARE/samidare.runs/impl_1/.Xil/Vivado-214377-e16fpga01/dc_drv.0/dc/prj_ip.gen/sources_1/ip/u_ila_1/hdl/ila_v6_2_syn_rfs.v:4530]
WARNING: [Synth 8-10294] parameter declaration is not allowed here in this mode of Verilog [/home/nagafusa/work/spadi/Fakernet/SAMIDARE/samidare.runs/impl_1/.Xil/Vivado-214377-e16fpga01/dc_drv.0/dc/prj_ip.gen/sources_1/ip/u_ila_1/hdl/ila_v6_2_syn_rfs.v:4531]
WARNING: [Synth 8-10294] parameter declaration is not allowed here in this mode of Verilog [/home/nagafusa/work/spadi/Fakernet/SAMIDARE/samidare.runs/impl_1/.Xil/Vivado-214377-e16fpga01/dc_drv.0/dc/prj_ip.gen/sources_1/ip/u_ila_1/hdl/ila_v6_2_syn_rfs.v:4532]
WARNING: [Synth 8-10294] parameter declaration is not allowed here in this mode of Verilog [/home/nagafusa/work/spadi/Fakernet/SAMIDARE/samidare.runs/impl_1/.Xil/Vivado-214377-e16fpga01/dc_drv.0/dc/prj_ip.gen/sources_1/ip/u_ila_1/hdl/ila_v6_2_syn_rfs.v:4586]
WARNING: [Synth 8-10294] parameter declaration is not allowed here in this mode of Verilog [/home/nagafusa/work/spadi/Fakernet/SAMIDARE/samidare.runs/impl_1/.Xil/Vivado-214377-e16fpga01/dc_drv.0/dc/prj_ip.gen/sources_1/ip/u_ila_1/hdl/ila_v6_2_syn_rfs.v:4587]
WARNING: [Synth 8-10294] parameter declaration is not allowed here in this mode of Verilog [/home/nagafusa/work/spadi/Fakernet/SAMIDARE/samidare.runs/impl_1/.Xil/Vivado-214377-e16fpga01/dc_drv.0/dc/prj_ip.gen/sources_1/ip/u_ila_1/hdl/ila_v6_2_syn_rfs.v:4588]
WARNING: [Synth 8-10294] parameter declaration is not allowed here in this mode of Verilog [/home/nagafusa/work/spadi/Fakernet/SAMIDARE/samidare.runs/impl_1/.Xil/Vivado-214377-e16fpga01/dc_drv.0/dc/prj_ip.gen/sources_1/ip/u_ila_1/hdl/ila_v6_2_syn_rfs.v:5486]
---------------------------------------------------------------------------------
Starting RTL Elaboration : Time (s): cpu = 00:00:03 ; elapsed = 00:00:04 . Memory (MB): peak = 2176.047 ; gain = 370.648 ; free physical = 41566 ; free virtual = 57619
Synthesis current peak Physical Memory [PSS] (MB): peak = 1477.647; parent = 1322.367; children = 155.280
Synthesis current peak Virtual Memory [VSS] (MB): peak = 3168.270; parent = 2199.863; children = 968.406
---------------------------------------------------------------------------------
INFO: [Synth 8-6157] synthesizing module 'u_ila_1' [/home/nagafusa/work/spadi/Fakernet/SAMIDARE/samidare.runs/impl_1/.Xil/Vivado-214377-e16fpga01/dc_drv.0/dc/prj_ip.gen/sources_1/ip/u_ila_1/synth/u_ila_1.v:48]
INFO: [Synth 8-6157] synthesizing module 'CFGLUT5' [/opt/Xilinx/Vivado/2022.2/scripts/rt/data/unisim_comp.v:1534]
INFO: [Synth 8-6155] done synthesizing module 'CFGLUT5' (0#1) [/opt/Xilinx/Vivado/2022.2/scripts/rt/data/unisim_comp.v:1534]
INFO: [Synth 8-6157] synthesizing module 'CARRY4' [/opt/Xilinx/Vivado/2022.2/scripts/rt/data/unisim_comp.v:1497]
INFO: [Synth 8-6155] done synthesizing module 'CARRY4' (0#1) [/opt/Xilinx/Vivado/2022.2/scripts/rt/data/unisim_comp.v:1497]
INFO: [Synth 8-6157] synthesizing module 'SRLC32E' [/opt/Xilinx/Vivado/2022.2/scripts/rt/data/unisim_comp.v:131794]
INFO: [Synth 8-6155] done synthesizing module 'SRLC32E' (0#1) [/opt/Xilinx/Vivado/2022.2/scripts/rt/data/unisim_comp.v:131794]
INFO: [Synth 8-6157] synthesizing module 'SRL16E' [/opt/Xilinx/Vivado/2022.2/scripts/rt/data/unisim_comp.v:131644]
INFO: [Synth 8-6155] done synthesizing module 'SRL16E' (0#1) [/opt/Xilinx/Vivado/2022.2/scripts/rt/data/unisim_comp.v:131644]
INFO: [Synth 8-6157] synthesizing module 'SRLC16E' [/opt/Xilinx/Vivado/2022.2/scripts/rt/data/unisim_comp.v:131733]
INFO: [Synth 8-6155] done synthesizing module 'SRLC16E' (0#1) [/opt/Xilinx/Vivado/2022.2/scripts/rt/data/unisim_comp.v:131733]
INFO: [Synth 8-6157] synthesizing module 'FDRE' [/opt/Xilinx/Vivado/2022.2/scripts/rt/data/unisim_comp.v:38708]
INFO: [Synth 8-6155] done synthesizing module 'FDRE' (0#1) [/opt/Xilinx/Vivado/2022.2/scripts/rt/data/unisim_comp.v:38708]
WARNING: [Synth 8-7071] port 'clk_nobuf' of module 'ila_v6_2_12_ila' is unconnected for instance 'inst' [/home/nagafusa/work/spadi/Fakernet/SAMIDARE/samidare.runs/impl_1/.Xil/Vivado-214377-e16fpga01/dc_drv.0/dc/prj_ip.gen/sources_1/ip/u_ila_1/synth/u_ila_1.v:3419]
WARNING: [Synth 8-7071] port 'clkdiv_out' of module 'ila_v6_2_12_ila' is unconnected for instance 'inst' [/home/nagafusa/work/spadi/Fakernet/SAMIDARE/samidare.runs/impl_1/.Xil/Vivado-214377-e16fpga01/dc_drv.0/dc/prj_ip.gen/sources_1/ip/u_ila_1/synth/u_ila_1.v:3419]
WARNING: [Synth 8-7071] port 'trig_in' of module 'ila_v6_2_12_ila' is unconnected for instance 'inst' [/home/nagafusa/work/spadi/Fakernet/SAMIDARE/samidare.runs/impl_1/.Xil/Vivado-214377-e16fpga01/dc_drv.0/dc/prj_ip.gen/sources_1/ip/u_ila_1/synth/u_ila_1.v:3419]
WARNING: [Synth 8-7071] port 'trig_in_ack' of module 'ila_v6_2_12_ila' is unconnected for instance 'inst' [/home/nagafusa/work/spadi/Fakernet/SAMIDARE/samidare.runs/impl_1/.Xil/Vivado-214377-e16fpga01/dc_drv.0/dc/prj_ip.gen/sources_1/ip/u_ila_1/synth/u_ila_1.v:3419]
WARNING: [Synth 8-7071] port 'trig_out' of module 'ila_v6_2_12_ila' is unconnected for instance 'inst' [/home/nagafusa/work/spadi/Fakernet/SAMIDARE/samidare.runs/impl_1/.Xil/Vivado-214377-e16fpga01/dc_drv.0/dc/prj_ip.gen/sources_1/ip/u_ila_1/synth/u_ila_1.v:3419]
WARNING: [Synth 8-7071] port 'trig_out_ack' of module 'ila_v6_2_12_ila' is unconnected for instance 'inst' [/home/nagafusa/work/spadi/Fakernet/SAMIDARE/samidare.runs/impl_1/.Xil/Vivado-214377-e16fpga01/dc_drv.0/dc/prj_ip.gen/sources_1/ip/u_ila_1/synth/u_ila_1.v:3419]
WARNING: [Synth 8-7023] instance 'inst' of module 'ila_v6_2_12_ila' has 1033 connections declared, but only 1027 given [/home/nagafusa/work/spadi/Fakernet/SAMIDARE/samidare.runs/impl_1/.Xil/Vivado-214377-e16fpga01/dc_drv.0/dc/prj_ip.gen/sources_1/ip/u_ila_1/synth/u_ila_1.v:3419]
INFO: [Synth 8-6155] done synthesizing module 'u_ila_1' (0#1) [/home/nagafusa/work/spadi/Fakernet/SAMIDARE/samidare.runs/impl_1/.Xil/Vivado-214377-e16fpga01/dc_drv.0/dc/prj_ip.gen/sources_1/ip/u_ila_1/synth/u_ila_1.v:48]
WARNING: [Synth 8-3848] Net sl_iport0 in module/entity u_ila_1 does not have driver. [/home/nagafusa/work/spadi/Fakernet/SAMIDARE/samidare.runs/impl_1/.Xil/Vivado-214377-e16fpga01/dc_drv.0/dc/prj_ip.gen/sources_1/ip/u_ila_1/synth/u_ila_1.v:308]
WARNING: [Synth 8-7129] Port CLKB in module blk_mem_gen_v8_4_5_blk_mem_output_block is either unconnected or has no load
WARNING: [Synth 8-7129] Port DOUTA_I[297] in module blk_mem_gen_v8_4_5_blk_mem_output_block is either unconnected or has no load
WARNING: [Synth 8-7129] Port DOUTA_I[296] in module blk_mem_gen_v8_4_5_blk_mem_output_block is either unconnected or has no load
WARNING: [Synth 8-7129] Port DOUTA_I[295] in module blk_mem_gen_v8_4_5_blk_mem_output_block is either unconnected or has no load
WARNING: [Synth 8-7129] Port DOUTA_I[294] in module blk_mem_gen_v8_4_5_blk_mem_output_block is either unconnected or has no load
WARNING: [Synth 8-7129] Port DOUTA_I[293] in module blk_mem_gen_v8_4_5_blk_mem_output_block is either unconnected or has no load
WARNING: [Synth 8-7129] Port DOUTA_I[292] in module blk_mem_gen_v8_4_5_blk_mem_output_block is either unconnected or has no load
WARNING: [Synth 8-7129] Port DOUTA_I[291] in module blk_mem_gen_v8_4_5_blk_mem_output_block is either unconnected or has no load
WARNING: [Synth 8-7129] Port DOUTA_I[290] in module blk_mem_gen_v8_4_5_blk_mem_output_block is either unconnected or has no load
WARNING: [Synth 8-7129] Port DOUTA_I[289] in module blk_mem_gen_v8_4_5_blk_mem_output_block is either unconnected or has no load
WARNING: [Synth 8-7129] Port DOUTA_I[288] in module blk_mem_gen_v8_4_5_blk_mem_output_block is either unconnected or has no load
WARNING: [Synth 8-7129] Port DOUTA_I[287] in module blk_mem_gen_v8_4_5_blk_mem_output_block is either unconnected or has no load
WARNING: [Synth 8-7129] Port DOUTA_I[286] in module blk_mem_gen_v8_4_5_blk_mem_output_block is either unconnected or has no load
WARNING: [Synth 8-7129] Port DOUTA_I[285] in module blk_mem_gen_v8_4_5_blk_mem_output_block is either unconnected or has no load
WARNING: [Synth 8-7129] Port DOUTA_I[284] in module blk_mem_gen_v8_4_5_blk_mem_output_block is either unconnected or has no load
WARNING: [Synth 8-7129] Port DOUTA_I[283] in module blk_mem_gen_v8_4_5_blk_mem_output_block is either unconnected or has no load
WARNING: [Synth 8-7129] Port DOUTA_I[282] in module blk_mem_gen_v8_4_5_blk_mem_output_block is either unconnected or has no load
WARNING: [Synth 8-7129] Port DOUTA_I[281] in module blk_mem_gen_v8_4_5_blk_mem_output_block is either unconnected or has no load
WARNING: [Synth 8-7129] Port DOUTA_I[280] in module blk_mem_gen_v8_4_5_blk_mem_output_block is either unconnected or has no load
WARNING: [Synth 8-7129] Port DOUTA_I[279] in module blk_mem_gen_v8_4_5_blk_mem_output_block is either unconnected or has no load
WARNING: [Synth 8-7129] Port DOUTA_I[278] in module blk_mem_gen_v8_4_5_blk_mem_output_block is either unconnected or has no load
WARNING: [Synth 8-7129] Port DOUTA_I[277] in module blk_mem_gen_v8_4_5_blk_mem_output_block is either unconnected or has no load
WARNING: [Synth 8-7129] Port DOUTA_I[276] in module blk_mem_gen_v8_4_5_blk_mem_output_block is either unconnected or has no load
WARNING: [Synth 8-7129] Port DOUTA_I[275] in module blk_mem_gen_v8_4_5_blk_mem_output_block is either unconnected or has no load
WARNING: [Synth 8-7129] Port DOUTA_I[274] in module blk_mem_gen_v8_4_5_blk_mem_output_block is either unconnected or has no load
WARNING: [Synth 8-7129] Port DOUTA_I[273] in module blk_mem_gen_v8_4_5_blk_mem_output_block is either unconnected or has no load
WARNING: [Synth 8-7129] Port DOUTA_I[272] in module blk_mem_gen_v8_4_5_blk_mem_output_block is either unconnected or has no load
WARNING: [Synth 8-7129] Port DOUTA_I[271] in module blk_mem_gen_v8_4_5_blk_mem_output_block is either unconnected or has no load
WARNING: [Synth 8-7129] Port DOUTA_I[270] in module blk_mem_gen_v8_4_5_blk_mem_output_block is either unconnected or has no load
WARNING: [Synth 8-7129] Port DOUTA_I[269] in module blk_mem_gen_v8_4_5_blk_mem_output_block is either unconnected or has no load
WARNING: [Synth 8-7129] Port DOUTA_I[268] in module blk_mem_gen_v8_4_5_blk_mem_output_block is either unconnected or has no load
WARNING: [Synth 8-7129] Port DOUTA_I[267] in module blk_mem_gen_v8_4_5_blk_mem_output_block is either unconnected or has no load
WARNING: [Synth 8-7129] Port DOUTA_I[266] in module blk_mem_gen_v8_4_5_blk_mem_output_block is either unconnected or has no load
WARNING: [Synth 8-7129] Port DOUTA_I[265] in module blk_mem_gen_v8_4_5_blk_mem_output_block is either unconnected or has no load
WARNING: [Synth 8-7129] Port DOUTA_I[264] in module blk_mem_gen_v8_4_5_blk_mem_output_block is either unconnected or has no load
WARNING: [Synth 8-7129] Port DOUTA_I[263] in module blk_mem_gen_v8_4_5_blk_mem_output_block is either unconnected or has no load
WARNING: [Synth 8-7129] Port DOUTA_I[262] in module blk_mem_gen_v8_4_5_blk_mem_output_block is either unconnected or has no load
WARNING: [Synth 8-7129] Port DOUTA_I[261] in module blk_mem_gen_v8_4_5_blk_mem_output_block is either unconnected or has no load
WARNING: [Synth 8-7129] Port DOUTA_I[260] in module blk_mem_gen_v8_4_5_blk_mem_output_block is either unconnected or has no load
WARNING: [Synth 8-7129] Port DOUTA_I[259] in module blk_mem_gen_v8_4_5_blk_mem_output_block is either unconnected or has no load
WARNING: [Synth 8-7129] Port DOUTA_I[258] in module blk_mem_gen_v8_4_5_blk_mem_output_block is either unconnected or has no load
WARNING: [Synth 8-7129] Port DOUTA_I[257] in module blk_mem_gen_v8_4_5_blk_mem_output_block is either unconnected or has no load
WARNING: [Synth 8-7129] Port DOUTA_I[256] in module blk_mem_gen_v8_4_5_blk_mem_output_block is either unconnected or has no load
WARNING: [Synth 8-7129] Port DOUTA_I[255] in module blk_mem_gen_v8_4_5_blk_mem_output_block is either unconnected or has no load
WARNING: [Synth 8-7129] Port DOUTA_I[254] in module blk_mem_gen_v8_4_5_blk_mem_output_block is either unconnected or has no load
WARNING: [Synth 8-7129] Port DOUTA_I[253] in module blk_mem_gen_v8_4_5_blk_mem_output_block is either unconnected or has no load
WARNING: [Synth 8-7129] Port DOUTA_I[252] in module blk_mem_gen_v8_4_5_blk_mem_output_block is either unconnected or has no load
WARNING: [Synth 8-7129] Port DOUTA_I[251] in module blk_mem_gen_v8_4_5_blk_mem_output_block is either unconnected or has no load
WARNING: [Synth 8-7129] Port DOUTA_I[250] in module blk_mem_gen_v8_4_5_blk_mem_output_block is either unconnected or has no load
WARNING: [Synth 8-7129] Port DOUTA_I[249] in module blk_mem_gen_v8_4_5_blk_mem_output_block is either unconnected or has no load
WARNING: [Synth 8-7129] Port DOUTA_I[248] in module blk_mem_gen_v8_4_5_blk_mem_output_block is either unconnected or has no load
WARNING: [Synth 8-7129] Port DOUTA_I[247] in module blk_mem_gen_v8_4_5_blk_mem_output_block is either unconnected or has no load
WARNING: [Synth 8-7129] Port DOUTA_I[246] in module blk_mem_gen_v8_4_5_blk_mem_output_block is either unconnected or has no load
WARNING: [Synth 8-7129] Port DOUTA_I[245] in module blk_mem_gen_v8_4_5_blk_mem_output_block is either unconnected or has no load
WARNING: [Synth 8-7129] Port DOUTA_I[244] in module blk_mem_gen_v8_4_5_blk_mem_output_block is either unconnected or has no load
WARNING: [Synth 8-7129] Port DOUTA_I[243] in module blk_mem_gen_v8_4_5_blk_mem_output_block is either unconnected or has no load
WARNING: [Synth 8-7129] Port DOUTA_I[242] in module blk_mem_gen_v8_4_5_blk_mem_output_block is either unconnected or has no load
WARNING: [Synth 8-7129] Port DOUTA_I[241] in module blk_mem_gen_v8_4_5_blk_mem_output_block is either unconnected or has no load
WARNING: [Synth 8-7129] Port DOUTA_I[240] in module blk_mem_gen_v8_4_5_blk_mem_output_block is either unconnected or has no load
WARNING: [Synth 8-7129] Port DOUTA_I[239] in module blk_mem_gen_v8_4_5_blk_mem_output_block is either unconnected or has no load
WARNING: [Synth 8-7129] Port DOUTA_I[238] in module blk_mem_gen_v8_4_5_blk_mem_output_block is either unconnected or has no load
WARNING: [Synth 8-7129] Port DOUTA_I[237] in module blk_mem_gen_v8_4_5_blk_mem_output_block is either unconnected or has no load
WARNING: [Synth 8-7129] Port DOUTA_I[236] in module blk_mem_gen_v8_4_5_blk_mem_output_block is either unconnected or has no load
WARNING: [Synth 8-7129] Port DOUTA_I[235] in module blk_mem_gen_v8_4_5_blk_mem_output_block is either unconnected or has no load
WARNING: [Synth 8-7129] Port DOUTA_I[234] in module blk_mem_gen_v8_4_5_blk_mem_output_block is either unconnected or has no load
WARNING: [Synth 8-7129] Port DOUTA_I[233] in module blk_mem_gen_v8_4_5_blk_mem_output_block is either unconnected or has no load
WARNING: [Synth 8-7129] Port DOUTA_I[232] in module blk_mem_gen_v8_4_5_blk_mem_output_block is either unconnected or has no load
WARNING: [Synth 8-7129] Port DOUTA_I[231] in module blk_mem_gen_v8_4_5_blk_mem_output_block is either unconnected or has no load
WARNING: [Synth 8-7129] Port DOUTA_I[230] in module blk_mem_gen_v8_4_5_blk_mem_output_block is either unconnected or has no load
WARNING: [Synth 8-7129] Port DOUTA_I[229] in module blk_mem_gen_v8_4_5_blk_mem_output_block is either unconnected or has no load
WARNING: [Synth 8-7129] Port DOUTA_I[228] in module blk_mem_gen_v8_4_5_blk_mem_output_block is either unconnected or has no load
WARNING: [Synth 8-7129] Port DOUTA_I[227] in module blk_mem_gen_v8_4_5_blk_mem_output_block is either unconnected or has no load
WARNING: [Synth 8-7129] Port DOUTA_I[226] in module blk_mem_gen_v8_4_5_blk_mem_output_block is either unconnected or has no load
WARNING: [Synth 8-7129] Port DOUTA_I[225] in module blk_mem_gen_v8_4_5_blk_mem_output_block is either unconnected or has no load
WARNING: [Synth 8-7129] Port DOUTA_I[224] in module blk_mem_gen_v8_4_5_blk_mem_output_block is either unconnected or has no load
WARNING: [Synth 8-7129] Port DOUTA_I[223] in module blk_mem_gen_v8_4_5_blk_mem_output_block is either unconnected or has no load
WARNING: [Synth 8-7129] Port DOUTA_I[222] in module blk_mem_gen_v8_4_5_blk_mem_output_block is either unconnected or has no load
WARNING: [Synth 8-7129] Port DOUTA_I[221] in module blk_mem_gen_v8_4_5_blk_mem_output_block is either unconnected or has no load
WARNING: [Synth 8-7129] Port DOUTA_I[220] in module blk_mem_gen_v8_4_5_blk_mem_output_block is either unconnected or has no load
WARNING: [Synth 8-7129] Port DOUTA_I[219] in module blk_mem_gen_v8_4_5_blk_mem_output_block is either unconnected or has no load
WARNING: [Synth 8-7129] Port DOUTA_I[218] in module blk_mem_gen_v8_4_5_blk_mem_output_block is either unconnected or has no load
WARNING: [Synth 8-7129] Port DOUTA_I[217] in module blk_mem_gen_v8_4_5_blk_mem_output_block is either unconnected or has no load
WARNING: [Synth 8-7129] Port DOUTA_I[216] in module blk_mem_gen_v8_4_5_blk_mem_output_block is either unconnected or has no load
WARNING: [Synth 8-7129] Port DOUTA_I[215] in module blk_mem_gen_v8_4_5_blk_mem_output_block is either unconnected or has no load
WARNING: [Synth 8-7129] Port DOUTA_I[214] in module blk_mem_gen_v8_4_5_blk_mem_output_block is either unconnected or has no load
WARNING: [Synth 8-7129] Port DOUTA_I[213] in module blk_mem_gen_v8_4_5_blk_mem_output_block is either unconnected or has no load
WARNING: [Synth 8-7129] Port DOUTA_I[212] in module blk_mem_gen_v8_4_5_blk_mem_output_block is either unconnected or has no load
WARNING: [Synth 8-7129] Port DOUTA_I[211] in module blk_mem_gen_v8_4_5_blk_mem_output_block is either unconnected or has no load
WARNING: [Synth 8-7129] Port DOUTA_I[210] in module blk_mem_gen_v8_4_5_blk_mem_output_block is either unconnected or has no load
WARNING: [Synth 8-7129] Port DOUTA_I[209] in module blk_mem_gen_v8_4_5_blk_mem_output_block is either unconnected or has no load
WARNING: [Synth 8-7129] Port DOUTA_I[208] in module blk_mem_gen_v8_4_5_blk_mem_output_block is either unconnected or has no load
WARNING: [Synth 8-7129] Port DOUTA_I[207] in module blk_mem_gen_v8_4_5_blk_mem_output_block is either unconnected or has no load
WARNING: [Synth 8-7129] Port DOUTA_I[206] in module blk_mem_gen_v8_4_5_blk_mem_output_block is either unconnected or has no load
WARNING: [Synth 8-7129] Port DOUTA_I[205] in module blk_mem_gen_v8_4_5_blk_mem_output_block is either unconnected or has no load
WARNING: [Synth 8-7129] Port DOUTA_I[204] in module blk_mem_gen_v8_4_5_blk_mem_output_block is either unconnected or has no load
WARNING: [Synth 8-7129] Port DOUTA_I[203] in module blk_mem_gen_v8_4_5_blk_mem_output_block is either unconnected or has no load
WARNING: [Synth 8-7129] Port DOUTA_I[202] in module blk_mem_gen_v8_4_5_blk_mem_output_block is either unconnected or has no load
WARNING: [Synth 8-7129] Port DOUTA_I[201] in module blk_mem_gen_v8_4_5_blk_mem_output_block is either unconnected or has no load
WARNING: [Synth 8-7129] Port DOUTA_I[200] in module blk_mem_gen_v8_4_5_blk_mem_output_block is either unconnected or has no load
WARNING: [Synth 8-7129] Port DOUTA_I[199] in module blk_mem_gen_v8_4_5_blk_mem_output_block is either unconnected or has no load
INFO: [Common 17-14] Message 'Synth 8-7129' appears 100 times and further instances of the messages will be disabled. Use the Tcl command set_msg_config to change the current settings.
---------------------------------------------------------------------------------
Finished RTL Elaboration : Time (s): cpu = 00:00:12 ; elapsed = 00:00:14 . Memory (MB): peak = 2605.336 ; gain = 799.938 ; free physical = 41571 ; free virtual = 57629
Synthesis current peak Physical Memory [PSS] (MB): peak = 1808.138; parent = 1652.892; children = 155.280
Synthesis current peak Virtual Memory [VSS] (MB): peak = 3573.746; parent = 2605.340; children = 968.406
---------------------------------------------------------------------------------
---------------------------------------------------------------------------------
Start Handling Custom Attributes
---------------------------------------------------------------------------------
---------------------------------------------------------------------------------
Finished Handling Custom Attributes : Time (s): cpu = 00:00:12 ; elapsed = 00:00:14 . Memory (MB): peak = 2605.336 ; gain = 799.938 ; free physical = 41544 ; free virtual = 57603
Synthesis current peak Physical Memory [PSS] (MB): peak = 1808.138; parent = 1652.892; children = 155.280
Synthesis current peak Virtual Memory [VSS] (MB): peak = 3573.746; parent = 2605.340; children = 968.406
---------------------------------------------------------------------------------
---------------------------------------------------------------------------------
Finished RTL Optimization Phase 1 : Time (s): cpu = 00:00:12 ; elapsed = 00:00:14 . Memory (MB): peak = 2605.336 ; gain = 799.938 ; free physical = 41544 ; free virtual = 57603
Synthesis current peak Physical Memory [PSS] (MB): peak = 1808.138; parent = 1652.892; children = 155.280
Synthesis current peak Virtual Memory [VSS] (MB): peak = 3573.746; parent = 2605.340; children = 968.406
---------------------------------------------------------------------------------
Netlist sorting complete. Time (s): cpu = 00:00:00.12 ; elapsed = 00:00:00.11 . Memory (MB): peak = 2605.336 ; gain = 0.000 ; free physical = 41497 ; free virtual = 57555
INFO: [Netlist 29-17] Analyzing 870 Unisim elements for replacement
INFO: [Netlist 29-28] Unisim Transformation completed in 0 CPU seconds
INFO: [Project 1-570] Preparing netlist for logic optimization

Processing XDC Constraints
Initializing timing engine
Parsing XDC File [/home/nagafusa/work/spadi/Fakernet/SAMIDARE/samidare.runs/impl_1/.Xil/Vivado-214377-e16fpga01/dc_drv.0/dc/prj_ip.gen/sources_1/ip/u_ila_1/u_ila_1_ooc.xdc] for cell 'inst'
Finished Parsing XDC File [/home/nagafusa/work/spadi/Fakernet/SAMIDARE/samidare.runs/impl_1/.Xil/Vivado-214377-e16fpga01/dc_drv.0/dc/prj_ip.gen/sources_1/ip/u_ila_1/u_ila_1_ooc.xdc] for cell 'inst'
Parsing XDC File [/home/nagafusa/work/spadi/Fakernet/SAMIDARE/samidare.runs/impl_1/.Xil/Vivado-214377-e16fpga01/dc_drv.0/dc/prj_ip.gen/sources_1/ip/u_ila_1/ila_v6_2/constraints/ila.xdc] for cell 'inst'
Finished Parsing XDC File [/home/nagafusa/work/spadi/Fakernet/SAMIDARE/samidare.runs/impl_1/.Xil/Vivado-214377-e16fpga01/dc_drv.0/dc/prj_ip.gen/sources_1/ip/u_ila_1/ila_v6_2/constraints/ila.xdc] for cell 'inst'
Parsing XDC File [/home/nagafusa/work/spadi/Fakernet/SAMIDARE/samidare.runs/impl_1/.Xil/Vivado-214377-e16fpga01/dc_drv.0/dc/prj_ip.runs/u_ila_1_synth_1/dont_touch.xdc]
Finished Parsing XDC File [/home/nagafusa/work/spadi/Fakernet/SAMIDARE/samidare.runs/impl_1/.Xil/Vivado-214377-e16fpga01/dc_drv.0/dc/prj_ip.runs/u_ila_1_synth_1/dont_touch.xdc]
Completed Processing XDC Constraints

Netlist sorting complete. Time (s): cpu = 00:00:00 ; elapsed = 00:00:00 . Memory (MB): peak = 2672.336 ; gain = 0.000 ; free physical = 41480 ; free virtual = 57538
INFO: [Project 1-111] Unisim Transformation Summary:
  A total of 630 instances were transformed.
  CFGLUT5 => CFGLUT5 (SRL16E, SRLC32E): 520 instances
  CFGLUT5 => SRLC32E: 110 instances

Constraint Validation Runtime : Time (s): cpu = 00:00:00.15 ; elapsed = 00:00:00.08 . Memory (MB): peak = 2672.336 ; gain = 0.000 ; free physical = 41465 ; free virtual = 57524
INFO: [Designutils 20-5008] Incremental synthesis strategy off
---------------------------------------------------------------------------------
Finished Constraint Validation : Time (s): cpu = 00:00:19 ; elapsed = 00:00:21 . Memory (MB): peak = 2672.336 ; gain = 866.938 ; free physical = 41601 ; free virtual = 57660
Synthesis current peak Physical Memory [PSS] (MB): peak = 1808.138; parent = 1652.892; children = 155.280
Synthesis current peak Virtual Memory [VSS] (MB): peak = 3608.730; parent = 2640.324; children = 968.406
---------------------------------------------------------------------------------
---------------------------------------------------------------------------------
Start Loading Part and Timing Information
---------------------------------------------------------------------------------
Loading part: xcau15p-sbvb484-1-i
INFO: [Synth 8-6742] Reading net delay rules and data
---------------------------------------------------------------------------------
Finished Loading Part and Timing Information : Time (s): cpu = 00:00:19 ; elapsed = 00:00:21 . Memory (MB): peak = 2672.336 ; gain = 866.938 ; free physical = 41601 ; free virtual = 57660
Synthesis current peak Physical Memory [PSS] (MB): peak = 1808.138; parent = 1652.892; children = 155.280
Synthesis current peak Virtual Memory [VSS] (MB): peak = 3608.730; parent = 2640.324; children = 968.406
---------------------------------------------------------------------------------
---------------------------------------------------------------------------------
Start Applying 'set_property' XDC Constraints
---------------------------------------------------------------------------------
Applied set_property KEEP_HIERARCHY = SOFT for inst. (constraint file  /home/nagafusa/work/spadi/Fakernet/SAMIDARE/samidare.runs/impl_1/.Xil/Vivado-214377-e16fpga01/dc_drv.0/dc/prj_ip.runs/u_ila_1_synth_1/dont_touch.xdc, line 9).
---------------------------------------------------------------------------------
Finished applying 'set_property' XDC Constraints : Time (s): cpu = 00:00:19 ; elapsed = 00:00:21 . Memory (MB): peak = 2672.336 ; gain = 866.938 ; free physical = 41601 ; free virtual = 57660
Synthesis current peak Physical Memory [PSS] (MB): peak = 1808.138; parent = 1652.892; children = 155.280
Synthesis current peak Virtual Memory [VSS] (MB): peak = 3608.730; parent = 2640.324; children = 968.406
---------------------------------------------------------------------------------
INFO: [Synth 8-802] inferred FSM for state register 'current_state_reg' in module 'xsdbs_v1_0_2_reg_p2s'
INFO: [Synth 8-802] inferred FSM for state register 'current_state_reg' in module 'xsdbs_v1_0_2_reg_p2s__parameterized0'
INFO: [Synth 8-802] inferred FSM for state register 'current_state_reg' in module 'xsdbs_v1_0_2_reg_p2s__parameterized1'
INFO: [Synth 8-802] inferred FSM for state register 'current_state_reg' in module 'xsdbs_v1_0_2_reg_p2s__parameterized2'
INFO: [Synth 8-802] inferred FSM for state register 'current_state_reg' in module 'xsdbs_v1_0_2_reg_p2s__parameterized3'
INFO: [Synth 8-802] inferred FSM for state register 'current_state_reg' in module 'xsdbs_v1_0_2_reg_p2s__parameterized4'
INFO: [Synth 8-802] inferred FSM for state register 'current_state_reg' in module 'xsdbs_v1_0_2_reg_p2s__parameterized5'
INFO: [Synth 8-802] inferred FSM for state register 'current_state_reg' in module 'xsdbs_v1_0_2_reg_p2s__parameterized6'
INFO: [Synth 8-802] inferred FSM for state register 'current_state_reg' in module 'xsdbs_v1_0_2_reg_p2s__parameterized7'
INFO: [Synth 8-802] inferred FSM for state register 'current_state_reg' in module 'xsdbs_v1_0_2_reg_p2s__parameterized8'
INFO: [Synth 8-802] inferred FSM for state register 'current_state_reg' in module 'xsdbs_v1_0_2_reg_p2s__parameterized9'
INFO: [Synth 8-802] inferred FSM for state register 'current_state_reg' in module 'xsdbs_v1_0_2_reg_p2s__parameterized10'
INFO: [Synth 8-802] inferred FSM for state register 'current_state_reg' in module 'xsdbs_v1_0_2_reg_p2s__parameterized11'
INFO: [Synth 8-802] inferred FSM for state register 'current_state_reg' in module 'xsdbs_v1_0_2_reg_p2s__parameterized12'
INFO: [Synth 8-802] inferred FSM for state register 'current_state_reg' in module 'xsdbs_v1_0_2_reg_p2s__parameterized13'
INFO: [Synth 8-802] inferred FSM for state register 'current_state_reg' in module 'xsdbs_v1_0_2_reg_p2s__parameterized14'
INFO: [Synth 8-802] inferred FSM for state register 'current_state_reg' in module 'xsdbs_v1_0_2_reg_p2s__parameterized15'
INFO: [Synth 8-802] inferred FSM for state register 'current_state_reg' in module 'xsdbs_v1_0_2_reg_p2s__parameterized16'
INFO: [Synth 8-802] inferred FSM for state register 'current_state_reg' in module 'xsdbs_v1_0_2_reg_p2s__parameterized17'
INFO: [Synth 8-802] inferred FSM for state register 'current_state_reg' in module 'xsdbs_v1_0_2_reg_p2s__parameterized18'
INFO: [Synth 8-802] inferred FSM for state register 'current_state_reg' in module 'xsdbs_v1_0_2_reg_p2s__parameterized19'
INFO: [Synth 8-802] inferred FSM for state register 'current_state_reg' in module 'xsdbs_v1_0_2_reg_p2s__parameterized20'
INFO: [Synth 8-802] inferred FSM for state register 'current_state_reg' in module 'xsdbs_v1_0_2_reg_p2s__parameterized21'
INFO: [Synth 8-802] inferred FSM for state register 'current_state_reg' in module 'xsdbs_v1_0_2_reg_p2s__parameterized22'
INFO: [Synth 8-802] inferred FSM for state register 'current_state_reg' in module 'xsdbs_v1_0_2_reg_p2s__parameterized23'
INFO: [Synth 8-802] inferred FSM for state register 'current_state_reg' in module 'xsdbs_v1_0_2_reg_p2s__parameterized24'
INFO: [Synth 8-802] inferred FSM for state register 'current_state_reg' in module 'xsdbs_v1_0_2_reg_p2s__parameterized25'
INFO: [Synth 8-802] inferred FSM for state register 'current_state_reg' in module 'xsdbs_v1_0_2_reg_p2s__parameterized26'
INFO: [Synth 8-802] inferred FSM for state register 'current_state_reg' in module 'xsdbs_v1_0_2_reg_p2s__parameterized27'
INFO: [Synth 8-802] inferred FSM for state register 'current_state_reg' in module 'xsdbs_v1_0_2_reg_p2s__parameterized28'
INFO: [Synth 8-802] inferred FSM for state register 'current_state_reg' in module 'xsdbs_v1_0_2_reg_p2s__parameterized29'
INFO: [Synth 8-802] inferred FSM for state register 'current_state_reg' in module 'xsdbs_v1_0_2_reg_p2s__parameterized30'
INFO: [Synth 8-802] inferred FSM for state register 'current_state_reg' in module 'xsdbs_v1_0_2_reg_p2s__parameterized31'
INFO: [Synth 8-802] inferred FSM for state register 'current_state_reg' in module 'xsdbs_v1_0_2_reg_p2s__parameterized32'
INFO: [Synth 8-802] inferred FSM for state register 'current_state_reg' in module 'xsdbs_v1_0_2_reg_p2s__parameterized33'
INFO: [Synth 8-802] inferred FSM for state register 'current_state_reg' in module 'xsdbs_v1_0_2_reg_p2s__parameterized34'
INFO: [Synth 8-802] inferred FSM for state register 'current_state_reg' in module 'xsdbs_v1_0_2_reg_p2s__parameterized35'
INFO: [Synth 8-802] inferred FSM for state register 'current_state_reg' in module 'xsdbs_v1_0_2_reg_p2s__parameterized36'
INFO: [Synth 8-802] inferred FSM for state register 'current_state_reg' in module 'xsdbs_v1_0_2_reg_p2s__parameterized37'
INFO: [Synth 8-802] inferred FSM for state register 'current_state_reg' in module 'xsdbs_v1_0_2_reg_p2s__parameterized38'
INFO: [Synth 8-802] inferred FSM for state register 'current_state_reg' in module 'xsdbs_v1_0_2_reg_p2s__parameterized39'
INFO: [Synth 8-802] inferred FSM for state register 'current_state_reg' in module 'xsdbs_v1_0_2_reg_p2s__parameterized40'
INFO: [Synth 8-802] inferred FSM for state register 'current_state_reg' in module 'xsdbs_v1_0_2_reg_p2s__parameterized41'
INFO: [Synth 8-802] inferred FSM for state register 'current_state_reg' in module 'xsdbs_v1_0_2_reg_p2s__parameterized42'
INFO: [Synth 8-802] inferred FSM for state register 'current_state_reg' in module 'xsdbs_v1_0_2_reg_p2s__parameterized43'
INFO: [Synth 8-802] inferred FSM for state register 'current_state_reg' in module 'xsdbs_v1_0_2_reg_p2s__parameterized44'
INFO: [Synth 8-802] inferred FSM for state register 'current_state_reg' in module 'xsdbs_v1_0_2_reg_p2s__parameterized45'
INFO: [Synth 8-802] inferred FSM for state register 'current_state_reg' in module 'xsdbs_v1_0_2_reg_p2s__parameterized46'
INFO: [Synth 8-802] inferred FSM for state register 'current_state_reg' in module 'xsdbs_v1_0_2_reg_p2s__parameterized47'
INFO: [Synth 8-802] inferred FSM for state register 'current_state_reg' in module 'xsdbs_v1_0_2_reg_p2s__parameterized48'
INFO: [Synth 8-802] inferred FSM for state register 'current_state_reg' in module 'xsdbs_v1_0_2_reg_p2s__parameterized49'
INFO: [Synth 8-802] inferred FSM for state register 'current_state_reg' in module 'xsdbs_v1_0_2_reg_p2s__parameterized50'
INFO: [Synth 8-802] inferred FSM for state register 'current_state_reg' in module 'xsdbs_v1_0_2_reg_p2s__parameterized51'
INFO: [Synth 8-802] inferred FSM for state register 'current_state_reg' in module 'xsdbs_v1_0_2_reg_p2s__parameterized52'
INFO: [Synth 8-802] inferred FSM for state register 'current_state_reg' in module 'xsdbs_v1_0_2_reg_p2s__parameterized53'
INFO: [Synth 8-802] inferred FSM for state register 'current_state_reg' in module 'xsdbs_v1_0_2_reg_p2s__parameterized54'
INFO: [Synth 8-802] inferred FSM for state register 'current_state_reg' in module 'xsdbs_v1_0_2_reg_p2s__parameterized55'
INFO: [Synth 8-802] inferred FSM for state register 'current_state_reg' in module 'xsdbs_v1_0_2_reg_p2s__parameterized56'
INFO: [Synth 8-802] inferred FSM for state register 'current_state_reg' in module 'xsdbs_v1_0_2_reg_p2s__parameterized57'
INFO: [Synth 8-802] inferred FSM for state register 'current_state_reg' in module 'xsdbs_v1_0_2_reg_p2s__parameterized58'
INFO: [Synth 8-802] inferred FSM for state register 'current_state_reg' in module 'xsdbs_v1_0_2_reg_p2s__parameterized59'
INFO: [Synth 8-802] inferred FSM for state register 'current_state_reg' in module 'xsdbs_v1_0_2_reg_p2s__parameterized60'
INFO: [Synth 8-802] inferred FSM for state register 'current_state_reg' in module 'xsdbs_v1_0_2_reg_p2s__parameterized61'
INFO: [Synth 8-802] inferred FSM for state register 'current_state_reg' in module 'xsdbs_v1_0_2_reg_p2s__parameterized62'
INFO: [Synth 8-802] inferred FSM for state register 'current_state_reg' in module 'xsdbs_v1_0_2_reg_p2s__parameterized63'
INFO: [Synth 8-802] inferred FSM for state register 'current_state_reg' in module 'xsdbs_v1_0_2_reg_p2s__parameterized64'
INFO: [Synth 8-802] inferred FSM for state register 'current_state_reg' in module 'xsdbs_v1_0_2_reg_p2s__parameterized65'
INFO: [Synth 8-802] inferred FSM for state register 'current_state_reg' in module 'xsdbs_v1_0_2_reg_p2s__parameterized66'
INFO: [Synth 8-802] inferred FSM for state register 'current_state_reg' in module 'xsdbs_v1_0_2_reg_p2s__parameterized67'
INFO: [Synth 8-802] inferred FSM for state register 'current_state_reg' in module 'xsdbs_v1_0_2_reg_p2s__parameterized68'
INFO: [Synth 8-802] inferred FSM for state register 'current_state_reg' in module 'xsdbs_v1_0_2_reg_p2s__parameterized69'
INFO: [Synth 8-802] inferred FSM for state register 'current_state_reg' in module 'xsdbs_v1_0_2_reg_p2s__parameterized70'
INFO: [Synth 8-802] inferred FSM for state register 'current_state_reg' in module 'xsdbs_v1_0_2_reg_p2s__parameterized71'
INFO: [Synth 8-802] inferred FSM for state register 'current_state_reg' in module 'xsdbs_v1_0_2_reg_p2s__parameterized72'
INFO: [Synth 8-802] inferred FSM for state register 'current_state_reg' in module 'xsdbs_v1_0_2_reg_p2s__parameterized73'
INFO: [Synth 8-802] inferred FSM for state register 'current_state_reg' in module 'xsdbs_v1_0_2_reg_p2s__parameterized74'
INFO: [Synth 8-802] inferred FSM for state register 'current_state_reg' in module 'xsdbs_v1_0_2_reg_p2s__parameterized75'
INFO: [Synth 8-802] inferred FSM for state register 'current_state_reg' in module 'xsdbs_v1_0_2_reg_p2s__parameterized76'
INFO: [Synth 8-802] inferred FSM for state register 'current_state_reg' in module 'xsdbs_v1_0_2_reg_p2s__parameterized77'
INFO: [Synth 8-802] inferred FSM for state register 'current_state_reg' in module 'xsdbs_v1_0_2_reg_p2s__parameterized78'
INFO: [Synth 8-802] inferred FSM for state register 'current_state_reg' in module 'xsdbs_v1_0_2_reg_p2s__parameterized79'
INFO: [Synth 8-802] inferred FSM for state register 'current_state_reg' in module 'xsdbs_v1_0_2_reg_p2s__parameterized80'
INFO: [Synth 8-802] inferred FSM for state register 'current_state_reg' in module 'xsdbs_v1_0_2_reg_p2s__parameterized81'
INFO: [Synth 8-802] inferred FSM for state register 'current_state_reg' in module 'xsdbs_v1_0_2_reg_p2s__parameterized82'
INFO: [Synth 8-802] inferred FSM for state register 'current_state_reg' in module 'xsdbs_v1_0_2_reg_p2s__parameterized83'
INFO: [Synth 8-802] inferred FSM for state register 'current_state_reg' in module 'xsdbs_v1_0_2_reg_p2s__parameterized84'
INFO: [Synth 8-802] inferred FSM for state register 'current_state_reg' in module 'xsdbs_v1_0_2_reg_p2s__parameterized85'
INFO: [Synth 8-802] inferred FSM for state register 'current_state_reg' in module 'xsdbs_v1_0_2_reg_p2s__parameterized86'
INFO: [Synth 8-802] inferred FSM for state register 'current_state_reg' in module 'xsdbs_v1_0_2_reg_p2s__parameterized87'
INFO: [Synth 8-802] inferred FSM for state register 'current_state_reg' in module 'xsdbs_v1_0_2_reg_p2s__parameterized88'
INFO: [Synth 8-802] inferred FSM for state register 'current_state_reg' in module 'xsdbs_v1_0_2_reg_p2s__parameterized89'
INFO: [Synth 8-802] inferred FSM for state register 'current_state_reg' in module 'xsdbs_v1_0_2_reg_p2s__parameterized90'
INFO: [Synth 8-802] inferred FSM for state register 'current_state_reg' in module 'xsdbs_v1_0_2_reg_p2s__parameterized91'
INFO: [Synth 8-802] inferred FSM for state register 'current_state_reg' in module 'xsdbs_v1_0_2_reg_p2s__parameterized92'
INFO: [Synth 8-802] inferred FSM for state register 'current_state_reg' in module 'xsdbs_v1_0_2_reg_p2s__parameterized93'
INFO: [Synth 8-802] inferred FSM for state register 'current_state_reg' in module 'xsdbs_v1_0_2_reg_p2s__parameterized94'
INFO: [Synth 8-802] inferred FSM for state register 'current_state_reg' in module 'xsdbs_v1_0_2_reg_p2s__parameterized95'
INFO: [Synth 8-802] inferred FSM for state register 'current_state_reg' in module 'xsdbs_v1_0_2_reg_p2s__parameterized96'
INFO: [Synth 8-802] inferred FSM for state register 'current_state_reg' in module 'xsdbs_v1_0_2_reg_p2s__parameterized97'
INFO: [Synth 8-802] inferred FSM for state register 'current_state_reg' in module 'xsdbs_v1_0_2_reg_p2s__parameterized98'
INFO: [Common 17-14] Message 'Synth 8-802' appears 100 times and further instances of the messages will be disabled. Use the Tcl command set_msg_config to change the current settings.
---------------------------------------------------------------------------------------------------
                   State |                     New Encoding |                Previous Encoding 
---------------------------------------------------------------------------------------------------
*
                    IDLE |                             0001 |                             0001
                     REG |                             0010 |                             0010
                     P2S |                             0100 |                             0100
                     S2P |                             1000 |                             1000
---------------------------------------------------------------------------------------------------
INFO: [Synth 8-3898] No Re-encoding of one hot register 'current_state_reg' in module 'xsdbs_v1_0_2_reg_p2s'
---------------------------------------------------------------------------------------------------
                   State |                     New Encoding |                Previous Encoding 
---------------------------------------------------------------------------------------------------
*
                    IDLE |                             0001 |                             0001
                     REG |                             0010 |                             0010
                     P2S |                             0100 |                             0100
                     S2P |                             1000 |                             1000
---------------------------------------------------------------------------------------------------
INFO: [Synth 8-3898] No Re-encoding of one hot register 'current_state_reg' in module 'xsdbs_v1_0_2_reg_p2s__parameterized0'
---------------------------------------------------------------------------------------------------
                   State |                     New Encoding |                Previous Encoding 
---------------------------------------------------------------------------------------------------
*
                    IDLE |                             0001 |                             0001
                     REG |                             0010 |                             0010
                     P2S |                             0100 |                             0100
                     S2P |                             1000 |                             1000
---------------------------------------------------------------------------------------------------
INFO: [Synth 8-3898] No Re-encoding of one hot register 'current_state_reg' in module 'xsdbs_v1_0_2_reg_p2s__parameterized1'
---------------------------------------------------------------------------------------------------
                   State |                     New Encoding |                Previous Encoding 
---------------------------------------------------------------------------------------------------
*
                    IDLE |                             0001 |                             0001
                     REG |                             0010 |                             0010
                     P2S |                             0100 |                             0100
                     S2P |                             1000 |                             1000
---------------------------------------------------------------------------------------------------
INFO: [Synth 8-3898] No Re-encoding of one hot register 'current_state_reg' in module 'xsdbs_v1_0_2_reg_p2s__parameterized2'
---------------------------------------------------------------------------------------------------
                   State |                     New Encoding |                Previous Encoding 
---------------------------------------------------------------------------------------------------
*
                    IDLE |                             0001 |                             0001
                     REG |                             0010 |                             0010
                     P2S |                             0100 |                             0100
                     S2P |                             1000 |                             1000
---------------------------------------------------------------------------------------------------
INFO: [Synth 8-3898] No Re-encoding of one hot register 'current_state_reg' in module 'xsdbs_v1_0_2_reg_p2s__parameterized3'
---------------------------------------------------------------------------------------------------
                   State |                     New Encoding |                Previous Encoding 
---------------------------------------------------------------------------------------------------
*
                    IDLE |                             0001 |                             0001
                     REG |                             0010 |                             0010
                     P2S |                             0100 |                             0100
                     S2P |                             1000 |                             1000
---------------------------------------------------------------------------------------------------
INFO: [Synth 8-3898] No Re-encoding of one hot register 'current_state_reg' in module 'xsdbs_v1_0_2_reg_p2s__parameterized4'
---------------------------------------------------------------------------------------------------
                   State |                     New Encoding |                Previous Encoding 
---------------------------------------------------------------------------------------------------
*
                    IDLE |                             0001 |                             0001
                     REG |                             0010 |                             0010
                     P2S |                             0100 |                             0100
                     S2P |                             1000 |                             1000
---------------------------------------------------------------------------------------------------
INFO: [Synth 8-3898] No Re-encoding of one hot register 'current_state_reg' in module 'xsdbs_v1_0_2_reg_p2s__parameterized5'
---------------------------------------------------------------------------------------------------
                   State |                     New Encoding |                Previous Encoding 
---------------------------------------------------------------------------------------------------
*
                    IDLE |                             0001 |                             0001
                     REG |                             0010 |                             0010
                     P2S |                             0100 |                             0100
                     S2P |                             1000 |                             1000
---------------------------------------------------------------------------------------------------
INFO: [Synth 8-3898] No Re-encoding of one hot register 'current_state_reg' in module 'xsdbs_v1_0_2_reg_p2s__parameterized6'
---------------------------------------------------------------------------------------------------
                   State |                     New Encoding |                Previous Encoding 
---------------------------------------------------------------------------------------------------
*
                    IDLE |                             0001 |                             0001
                     REG |                             0010 |                             0010
                     P2S |                             0100 |                             0100
                     S2P |                             1000 |                             1000
---------------------------------------------------------------------------------------------------
INFO: [Synth 8-3898] No Re-encoding of one hot register 'current_state_reg' in module 'xsdbs_v1_0_2_reg_p2s__parameterized7'
---------------------------------------------------------------------------------------------------
                   State |                     New Encoding |                Previous Encoding 
---------------------------------------------------------------------------------------------------
*
                    IDLE |                             0001 |                             0001
                     REG |                             0010 |                             0010
                     P2S |                             0100 |                             0100
                     S2P |                             1000 |                             1000
---------------------------------------------------------------------------------------------------
INFO: [Synth 8-3898] No Re-encoding of one hot register 'current_state_reg' in module 'xsdbs_v1_0_2_reg_p2s__parameterized8'
---------------------------------------------------------------------------------------------------
                   State |                     New Encoding |                Previous Encoding 
---------------------------------------------------------------------------------------------------
*
                    IDLE |                             0001 |                             0001
                     REG |                             0010 |                             0010
                     P2S |                             0100 |                             0100
                     S2P |                             1000 |                             1000
---------------------------------------------------------------------------------------------------
INFO: [Synth 8-3898] No Re-encoding of one hot register 'current_state_reg' in module 'xsdbs_v1_0_2_reg_p2s__parameterized9'
---------------------------------------------------------------------------------------------------
                   State |                     New Encoding |                Previous Encoding 
---------------------------------------------------------------------------------------------------
*
                    IDLE |                             0001 |                             0001
                     REG |                             0010 |                             0010
                     P2S |                             0100 |                             0100
                     S2P |                             1000 |                             1000
---------------------------------------------------------------------------------------------------
INFO: [Synth 8-3898] No Re-encoding of one hot register 'current_state_reg' in module 'xsdbs_v1_0_2_reg_p2s__parameterized10'
---------------------------------------------------------------------------------------------------
                   State |                     New Encoding |                Previous Encoding 
---------------------------------------------------------------------------------------------------
*
                    IDLE |                             0001 |                             0001
                     REG |                             0010 |                             0010
                     P2S |                             0100 |                             0100
                     S2P |                             1000 |                             1000
---------------------------------------------------------------------------------------------------
INFO: [Synth 8-3898] No Re-encoding of one hot register 'current_state_reg' in module 'xsdbs_v1_0_2_reg_p2s__parameterized11'
---------------------------------------------------------------------------------------------------
                   State |                     New Encoding |                Previous Encoding 
---------------------------------------------------------------------------------------------------
*
                    IDLE |                             0001 |                             0001
                     REG |                             0010 |                             0010
                     P2S |                             0100 |                             0100
                     S2P |                             1000 |                             1000
---------------------------------------------------------------------------------------------------
INFO: [Synth 8-3898] No Re-encoding of one hot register 'current_state_reg' in module 'xsdbs_v1_0_2_reg_p2s__parameterized12'
---------------------------------------------------------------------------------------------------
                   State |                     New Encoding |                Previous Encoding 
---------------------------------------------------------------------------------------------------
*
                    IDLE |                             0001 |                             0001
                     REG |                             0010 |                             0010
                     P2S |                             0100 |                             0100
                     S2P |                             1000 |                             1000
---------------------------------------------------------------------------------------------------
INFO: [Synth 8-3898] No Re-encoding of one hot register 'current_state_reg' in module 'xsdbs_v1_0_2_reg_p2s__parameterized13'
---------------------------------------------------------------------------------------------------
                   State |                     New Encoding |                Previous Encoding 
---------------------------------------------------------------------------------------------------
*
                    IDLE |                             0001 |                             0001
                     REG |                             0010 |                             0010
                     P2S |                             0100 |                             0100
                     S2P |                             1000 |                             1000
---------------------------------------------------------------------------------------------------
INFO: [Synth 8-3898] No Re-encoding of one hot register 'current_state_reg' in module 'xsdbs_v1_0_2_reg_p2s__parameterized14'
---------------------------------------------------------------------------------------------------
                   State |                     New Encoding |                Previous Encoding 
---------------------------------------------------------------------------------------------------
*
                    IDLE |                             0001 |                             0001
                     REG |                             0010 |                             0010
                     P2S |                             0100 |                             0100
                     S2P |                             1000 |                             1000
---------------------------------------------------------------------------------------------------
INFO: [Synth 8-3898] No Re-encoding of one hot register 'current_state_reg' in module 'xsdbs_v1_0_2_reg_p2s__parameterized15'
---------------------------------------------------------------------------------------------------
                   State |                     New Encoding |                Previous Encoding 
---------------------------------------------------------------------------------------------------
*
                    IDLE |                             0001 |                             0001
                     REG |                             0010 |                             0010
                     P2S |                             0100 |                             0100
                     S2P |                             1000 |                             1000
---------------------------------------------------------------------------------------------------
INFO: [Synth 8-3898] No Re-encoding of one hot register 'current_state_reg' in module 'xsdbs_v1_0_2_reg_p2s__parameterized16'
---------------------------------------------------------------------------------------------------
                   State |                     New Encoding |                Previous Encoding 
---------------------------------------------------------------------------------------------------
*
                    IDLE |                             0001 |                             0001
                     REG |                             0010 |                             0010
                     P2S |                             0100 |                             0100
                     S2P |                             1000 |                             1000
---------------------------------------------------------------------------------------------------
INFO: [Synth 8-3898] No Re-encoding of one hot register 'current_state_reg' in module 'xsdbs_v1_0_2_reg_p2s__parameterized17'
---------------------------------------------------------------------------------------------------
                   State |                     New Encoding |                Previous Encoding 
---------------------------------------------------------------------------------------------------
*
                    IDLE |                             0001 |                             0001
                     REG |                             0010 |                             0010
                     P2S |                             0100 |                             0100
                     S2P |                             1000 |                             1000
---------------------------------------------------------------------------------------------------
INFO: [Synth 8-3898] No Re-encoding of one hot register 'current_state_reg' in module 'xsdbs_v1_0_2_reg_p2s__parameterized18'
---------------------------------------------------------------------------------------------------
                   State |                     New Encoding |                Previous Encoding 
---------------------------------------------------------------------------------------------------
*
                    IDLE |                             0001 |                             0001
                     REG |                             0010 |                             0010
                     P2S |                             0100 |                             0100
                     S2P |                             1000 |                             1000
---------------------------------------------------------------------------------------------------
INFO: [Synth 8-3898] No Re-encoding of one hot register 'current_state_reg' in module 'xsdbs_v1_0_2_reg_p2s__parameterized19'
---------------------------------------------------------------------------------------------------
                   State |                     New Encoding |                Previous Encoding 
---------------------------------------------------------------------------------------------------
*
                    IDLE |                             0001 |                             0001
                     REG |                             0010 |                             0010
                     P2S |                             0100 |                             0100
                     S2P |                             1000 |                             1000
---------------------------------------------------------------------------------------------------
INFO: [Synth 8-3898] No Re-encoding of one hot register 'current_state_reg' in module 'xsdbs_v1_0_2_reg_p2s__parameterized20'
---------------------------------------------------------------------------------------------------
                   State |                     New Encoding |                Previous Encoding 
---------------------------------------------------------------------------------------------------
*
                    IDLE |                             0001 |                             0001
                     REG |                             0010 |                             0010
                     P2S |                             0100 |                             0100
                     S2P |                             1000 |                             1000
---------------------------------------------------------------------------------------------------
INFO: [Synth 8-3898] No Re-encoding of one hot register 'current_state_reg' in module 'xsdbs_v1_0_2_reg_p2s__parameterized21'
---------------------------------------------------------------------------------------------------
                   State |                     New Encoding |                Previous Encoding 
---------------------------------------------------------------------------------------------------
*
                    IDLE |                             0001 |                             0001
                     REG |                             0010 |                             0010
                     P2S |                             0100 |                             0100
                     S2P |                             1000 |                             1000
---------------------------------------------------------------------------------------------------
INFO: [Synth 8-3898] No Re-encoding of one hot register 'current_state_reg' in module 'xsdbs_v1_0_2_reg_p2s__parameterized22'
---------------------------------------------------------------------------------------------------
                   State |                     New Encoding |                Previous Encoding 
---------------------------------------------------------------------------------------------------
*
                    IDLE |                             0001 |                             0001
                     REG |                             0010 |                             0010
                     P2S |                             0100 |                             0100
                     S2P |                             1000 |                             1000
---------------------------------------------------------------------------------------------------
INFO: [Synth 8-3898] No Re-encoding of one hot register 'current_state_reg' in module 'xsdbs_v1_0_2_reg_p2s__parameterized23'
---------------------------------------------------------------------------------------------------
                   State |                     New Encoding |                Previous Encoding 
---------------------------------------------------------------------------------------------------
*
                    IDLE |                             0001 |                             0001
                     REG |                             0010 |                             0010
                     P2S |                             0100 |                             0100
                     S2P |                             1000 |                             1000
---------------------------------------------------------------------------------------------------
INFO: [Synth 8-3898] No Re-encoding of one hot register 'current_state_reg' in module 'xsdbs_v1_0_2_reg_p2s__parameterized24'
---------------------------------------------------------------------------------------------------
                   State |                     New Encoding |                Previous Encoding 
---------------------------------------------------------------------------------------------------
*
                    IDLE |                             0001 |                             0001
                     REG |                             0010 |                             0010
                     P2S |                             0100 |                             0100
                     S2P |                             1000 |                             1000
---------------------------------------------------------------------------------------------------
INFO: [Synth 8-3898] No Re-encoding of one hot register 'current_state_reg' in module 'xsdbs_v1_0_2_reg_p2s__parameterized25'
---------------------------------------------------------------------------------------------------
                   State |                     New Encoding |                Previous Encoding 
---------------------------------------------------------------------------------------------------
*
                    IDLE |                             0001 |                             0001
                     REG |                             0010 |                             0010
                     P2S |                             0100 |                             0100
                     S2P |                             1000 |                             1000
---------------------------------------------------------------------------------------------------
INFO: [Synth 8-3898] No Re-encoding of one hot register 'current_state_reg' in module 'xsdbs_v1_0_2_reg_p2s__parameterized26'
---------------------------------------------------------------------------------------------------
                   State |                     New Encoding |                Previous Encoding 
---------------------------------------------------------------------------------------------------
*
                    IDLE |                             0001 |                             0001
                     REG |                             0010 |                             0010
                     P2S |                             0100 |                             0100
                     S2P |                             1000 |                             1000
---------------------------------------------------------------------------------------------------
INFO: [Synth 8-3898] No Re-encoding of one hot register 'current_state_reg' in module 'xsdbs_v1_0_2_reg_p2s__parameterized27'
---------------------------------------------------------------------------------------------------
                   State |                     New Encoding |                Previous Encoding 
---------------------------------------------------------------------------------------------------
*
                    IDLE |                             0001 |                             0001
                     REG |                             0010 |                             0010
                     P2S |                             0100 |                             0100
                     S2P |                             1000 |                             1000
---------------------------------------------------------------------------------------------------
INFO: [Synth 8-3898] No Re-encoding of one hot register 'current_state_reg' in module 'xsdbs_v1_0_2_reg_p2s__parameterized28'
---------------------------------------------------------------------------------------------------
                   State |                     New Encoding |                Previous Encoding 
---------------------------------------------------------------------------------------------------
*
                    IDLE |                             0001 |                             0001
                     REG |                             0010 |                             0010
                     P2S |                             0100 |                             0100
                     S2P |                             1000 |                             1000
---------------------------------------------------------------------------------------------------
INFO: [Synth 8-3898] No Re-encoding of one hot register 'current_state_reg' in module 'xsdbs_v1_0_2_reg_p2s__parameterized29'
---------------------------------------------------------------------------------------------------
                   State |                     New Encoding |                Previous Encoding 
---------------------------------------------------------------------------------------------------
*
                    IDLE |                             0001 |                             0001
                     REG |                             0010 |                             0010
                     P2S |                             0100 |                             0100
                     S2P |                             1000 |                             1000
---------------------------------------------------------------------------------------------------
INFO: [Synth 8-3898] No Re-encoding of one hot register 'current_state_reg' in module 'xsdbs_v1_0_2_reg_p2s__parameterized30'
---------------------------------------------------------------------------------------------------
                   State |                     New Encoding |                Previous Encoding 
---------------------------------------------------------------------------------------------------
*
                    IDLE |                             0001 |                             0001
                     REG |                             0010 |                             0010
                     P2S |                             0100 |                             0100
                     S2P |                             1000 |                             1000
---------------------------------------------------------------------------------------------------
INFO: [Synth 8-3898] No Re-encoding of one hot register 'current_state_reg' in module 'xsdbs_v1_0_2_reg_p2s__parameterized31'
---------------------------------------------------------------------------------------------------
                   State |                     New Encoding |                Previous Encoding 
---------------------------------------------------------------------------------------------------
*
                    IDLE |                             0001 |                             0001
                     REG |                             0010 |                             0010
                     P2S |                             0100 |                             0100
                     S2P |                             1000 |                             1000
---------------------------------------------------------------------------------------------------
INFO: [Synth 8-3898] No Re-encoding of one hot register 'current_state_reg' in module 'xsdbs_v1_0_2_reg_p2s__parameterized32'
---------------------------------------------------------------------------------------------------
                   State |                     New Encoding |                Previous Encoding 
---------------------------------------------------------------------------------------------------
*
                    IDLE |                             0001 |                             0001
                     REG |                             0010 |                             0010
                     P2S |                             0100 |                             0100
                     S2P |                             1000 |                             1000
---------------------------------------------------------------------------------------------------
INFO: [Synth 8-3898] No Re-encoding of one hot register 'current_state_reg' in module 'xsdbs_v1_0_2_reg_p2s__parameterized33'
---------------------------------------------------------------------------------------------------
                   State |                     New Encoding |                Previous Encoding 
---------------------------------------------------------------------------------------------------
*
                    IDLE |                             0001 |                             0001
                     REG |                             0010 |                             0010
                     P2S |                             0100 |                             0100
                     S2P |                             1000 |                             1000
---------------------------------------------------------------------------------------------------
INFO: [Synth 8-3898] No Re-encoding of one hot register 'current_state_reg' in module 'xsdbs_v1_0_2_reg_p2s__parameterized34'
---------------------------------------------------------------------------------------------------
                   State |                     New Encoding |                Previous Encoding 
---------------------------------------------------------------------------------------------------
*
                    IDLE |                             0001 |                             0001
                     REG |                             0010 |                             0010
                     P2S |                             0100 |                             0100
                     S2P |                             1000 |                             1000
---------------------------------------------------------------------------------------------------
INFO: [Synth 8-3898] No Re-encoding of one hot register 'current_state_reg' in module 'xsdbs_v1_0_2_reg_p2s__parameterized35'
---------------------------------------------------------------------------------------------------
                   State |                     New Encoding |                Previous Encoding 
---------------------------------------------------------------------------------------------------
*
                    IDLE |                             0001 |                             0001
                     REG |                             0010 |                             0010
                     P2S |                             0100 |                             0100
                     S2P |                             1000 |                             1000
---------------------------------------------------------------------------------------------------
INFO: [Synth 8-3898] No Re-encoding of one hot register 'current_state_reg' in module 'xsdbs_v1_0_2_reg_p2s__parameterized36'
---------------------------------------------------------------------------------------------------
                   State |                     New Encoding |                Previous Encoding 
---------------------------------------------------------------------------------------------------
*
                    IDLE |                             0001 |                             0001
                     REG |                             0010 |                             0010
                     P2S |                             0100 |                             0100
                     S2P |                             1000 |                             1000
---------------------------------------------------------------------------------------------------
INFO: [Synth 8-3898] No Re-encoding of one hot register 'current_state_reg' in module 'xsdbs_v1_0_2_reg_p2s__parameterized37'
---------------------------------------------------------------------------------------------------
                   State |                     New Encoding |                Previous Encoding 
---------------------------------------------------------------------------------------------------
*
                    IDLE |                             0001 |                             0001
                     REG |                             0010 |                             0010
                     P2S |                             0100 |                             0100
                     S2P |                             1000 |                             1000
---------------------------------------------------------------------------------------------------
INFO: [Synth 8-3898] No Re-encoding of one hot register 'current_state_reg' in module 'xsdbs_v1_0_2_reg_p2s__parameterized38'
---------------------------------------------------------------------------------------------------
                   State |                     New Encoding |                Previous Encoding 
---------------------------------------------------------------------------------------------------
*
                    IDLE |                             0001 |                             0001
                     REG |                             0010 |                             0010
                     P2S |                             0100 |                             0100
                     S2P |                             1000 |                             1000
---------------------------------------------------------------------------------------------------
INFO: [Synth 8-3898] No Re-encoding of one hot register 'current_state_reg' in module 'xsdbs_v1_0_2_reg_p2s__parameterized39'
---------------------------------------------------------------------------------------------------
                   State |                     New Encoding |                Previous Encoding 
---------------------------------------------------------------------------------------------------
*
                    IDLE |                             0001 |                             0001
                     REG |                             0010 |                             0010
                     P2S |                             0100 |                             0100
                     S2P |                             1000 |                             1000
---------------------------------------------------------------------------------------------------
INFO: [Synth 8-3898] No Re-encoding of one hot register 'current_state_reg' in module 'xsdbs_v1_0_2_reg_p2s__parameterized40'
---------------------------------------------------------------------------------------------------
                   State |                     New Encoding |                Previous Encoding 
---------------------------------------------------------------------------------------------------
*
                    IDLE |                             0001 |                             0001
                     REG |                             0010 |                             0010
                     P2S |                             0100 |                             0100
                     S2P |                             1000 |                             1000
---------------------------------------------------------------------------------------------------
INFO: [Synth 8-3898] No Re-encoding of one hot register 'current_state_reg' in module 'xsdbs_v1_0_2_reg_p2s__parameterized41'
---------------------------------------------------------------------------------------------------
                   State |                     New Encoding |                Previous Encoding 
---------------------------------------------------------------------------------------------------
*
                    IDLE |                             0001 |                             0001
                     REG |                             0010 |                             0010
                     P2S |                             0100 |                             0100
                     S2P |                             1000 |                             1000
---------------------------------------------------------------------------------------------------
INFO: [Synth 8-3898] No Re-encoding of one hot register 'current_state_reg' in module 'xsdbs_v1_0_2_reg_p2s__parameterized42'
---------------------------------------------------------------------------------------------------
                   State |                     New Encoding |                Previous Encoding 
---------------------------------------------------------------------------------------------------
*
                    IDLE |                             0001 |                             0001
                     REG |                             0010 |                             0010
                     P2S |                             0100 |                             0100
                     S2P |                             1000 |                             1000
---------------------------------------------------------------------------------------------------
INFO: [Synth 8-3898] No Re-encoding of one hot register 'current_state_reg' in module 'xsdbs_v1_0_2_reg_p2s__parameterized43'
---------------------------------------------------------------------------------------------------
                   State |                     New Encoding |                Previous Encoding 
---------------------------------------------------------------------------------------------------
*
                    IDLE |                             0001 |                             0001
                     REG |                             0010 |                             0010
                     P2S |                             0100 |                             0100
                     S2P |                             1000 |                             1000
---------------------------------------------------------------------------------------------------
INFO: [Synth 8-3898] No Re-encoding of one hot register 'current_state_reg' in module 'xsdbs_v1_0_2_reg_p2s__parameterized44'
---------------------------------------------------------------------------------------------------
                   State |                     New Encoding |                Previous Encoding 
---------------------------------------------------------------------------------------------------
*
                    IDLE |                             0001 |                             0001
                     REG |                             0010 |                             0010
                     P2S |                             0100 |                             0100
                     S2P |                             1000 |                             1000
---------------------------------------------------------------------------------------------------
INFO: [Synth 8-3898] No Re-encoding of one hot register 'current_state_reg' in module 'xsdbs_v1_0_2_reg_p2s__parameterized45'
---------------------------------------------------------------------------------------------------
                   State |                     New Encoding |                Previous Encoding 
---------------------------------------------------------------------------------------------------
*
                    IDLE |                             0001 |                             0001
                     REG |                             0010 |                             0010
                     P2S |                             0100 |                             0100
                     S2P |                             1000 |                             1000
---------------------------------------------------------------------------------------------------
INFO: [Synth 8-3898] No Re-encoding of one hot register 'current_state_reg' in module 'xsdbs_v1_0_2_reg_p2s__parameterized46'
---------------------------------------------------------------------------------------------------
                   State |                     New Encoding |                Previous Encoding 
---------------------------------------------------------------------------------------------------
*
                    IDLE |                             0001 |                             0001
                     REG |                             0010 |                             0010
                     P2S |                             0100 |                             0100
                     S2P |                             1000 |                             1000
---------------------------------------------------------------------------------------------------
INFO: [Synth 8-3898] No Re-encoding of one hot register 'current_state_reg' in module 'xsdbs_v1_0_2_reg_p2s__parameterized47'
---------------------------------------------------------------------------------------------------
                   State |                     New Encoding |                Previous Encoding 
---------------------------------------------------------------------------------------------------
*
                    IDLE |                             0001 |                             0001
                     REG |                             0010 |                             0010
                     P2S |                             0100 |                             0100
                     S2P |                             1000 |                             1000
---------------------------------------------------------------------------------------------------
INFO: [Synth 8-3898] No Re-encoding of one hot register 'current_state_reg' in module 'xsdbs_v1_0_2_reg_p2s__parameterized48'
---------------------------------------------------------------------------------------------------
                   State |                     New Encoding |                Previous Encoding 
---------------------------------------------------------------------------------------------------
*
                    IDLE |                             0001 |                             0001
                     REG |                             0010 |                             0010
                     P2S |                             0100 |                             0100
                     S2P |                             1000 |                             1000
---------------------------------------------------------------------------------------------------
INFO: [Synth 8-3898] No Re-encoding of one hot register 'current_state_reg' in module 'xsdbs_v1_0_2_reg_p2s__parameterized49'
---------------------------------------------------------------------------------------------------
                   State |                     New Encoding |                Previous Encoding 
---------------------------------------------------------------------------------------------------
*
                    IDLE |                             0001 |                             0001
                     REG |                             0010 |                             0010
                     P2S |                             0100 |                             0100
                     S2P |                             1000 |                             1000
---------------------------------------------------------------------------------------------------
INFO: [Synth 8-3898] No Re-encoding of one hot register 'current_state_reg' in module 'xsdbs_v1_0_2_reg_p2s__parameterized50'
---------------------------------------------------------------------------------------------------
                   State |                     New Encoding |                Previous Encoding 
---------------------------------------------------------------------------------------------------
*
                    IDLE |                             0001 |                             0001
                     REG |                             0010 |                             0010
                     P2S |                             0100 |                             0100
                     S2P |                             1000 |                             1000
---------------------------------------------------------------------------------------------------
INFO: [Synth 8-3898] No Re-encoding of one hot register 'current_state_reg' in module 'xsdbs_v1_0_2_reg_p2s__parameterized51'
---------------------------------------------------------------------------------------------------
                   State |                     New Encoding |                Previous Encoding 
---------------------------------------------------------------------------------------------------
*
                    IDLE |                             0001 |                             0001
                     REG |                             0010 |                             0010
                     P2S |                             0100 |                             0100
                     S2P |                             1000 |                             1000
---------------------------------------------------------------------------------------------------
INFO: [Synth 8-3898] No Re-encoding of one hot register 'current_state_reg' in module 'xsdbs_v1_0_2_reg_p2s__parameterized52'
---------------------------------------------------------------------------------------------------
                   State |                     New Encoding |                Previous Encoding 
---------------------------------------------------------------------------------------------------
*
                    IDLE |                             0001 |                             0001
                     REG |                             0010 |                             0010
                     P2S |                             0100 |                             0100
                     S2P |                             1000 |                             1000
---------------------------------------------------------------------------------------------------
INFO: [Synth 8-3898] No Re-encoding of one hot register 'current_state_reg' in module 'xsdbs_v1_0_2_reg_p2s__parameterized53'
---------------------------------------------------------------------------------------------------
                   State |                     New Encoding |                Previous Encoding 
---------------------------------------------------------------------------------------------------
*
                    IDLE |                             0001 |                             0001
                     REG |                             0010 |                             0010
                     P2S |                             0100 |                             0100
                     S2P |                             1000 |                             1000
---------------------------------------------------------------------------------------------------
INFO: [Synth 8-3898] No Re-encoding of one hot register 'current_state_reg' in module 'xsdbs_v1_0_2_reg_p2s__parameterized54'
---------------------------------------------------------------------------------------------------
                   State |                     New Encoding |                Previous Encoding 
---------------------------------------------------------------------------------------------------
*
                    IDLE |                             0001 |                             0001
                     REG |                             0010 |                             0010
                     P2S |                             0100 |                             0100
                     S2P |                             1000 |                             1000
---------------------------------------------------------------------------------------------------
INFO: [Synth 8-3898] No Re-encoding of one hot register 'current_state_reg' in module 'xsdbs_v1_0_2_reg_p2s__parameterized55'
---------------------------------------------------------------------------------------------------
                   State |                     New Encoding |                Previous Encoding 
---------------------------------------------------------------------------------------------------
*
                    IDLE |                             0001 |                             0001
                     REG |                             0010 |                             0010
                     P2S |                             0100 |                             0100
                     S2P |                             1000 |                             1000
---------------------------------------------------------------------------------------------------
INFO: [Synth 8-3898] No Re-encoding of one hot register 'current_state_reg' in module 'xsdbs_v1_0_2_reg_p2s__parameterized56'
---------------------------------------------------------------------------------------------------
                   State |                     New Encoding |                Previous Encoding 
---------------------------------------------------------------------------------------------------
*
                    IDLE |                             0001 |                             0001
                     REG |                             0010 |                             0010
                     P2S |                             0100 |                             0100
                     S2P |                             1000 |                             1000
---------------------------------------------------------------------------------------------------
INFO: [Synth 8-3898] No Re-encoding of one hot register 'current_state_reg' in module 'xsdbs_v1_0_2_reg_p2s__parameterized57'
---------------------------------------------------------------------------------------------------
                   State |                     New Encoding |                Previous Encoding 
---------------------------------------------------------------------------------------------------
*
                    IDLE |                             0001 |                             0001
                     REG |                             0010 |                             0010
                     P2S |                             0100 |                             0100
                     S2P |                             1000 |                             1000
---------------------------------------------------------------------------------------------------
INFO: [Synth 8-3898] No Re-encoding of one hot register 'current_state_reg' in module 'xsdbs_v1_0_2_reg_p2s__parameterized58'
---------------------------------------------------------------------------------------------------
                   State |                     New Encoding |                Previous Encoding 
---------------------------------------------------------------------------------------------------
*
                    IDLE |                             0001 |                             0001
                     REG |                             0010 |                             0010
                     P2S |                             0100 |                             0100
                     S2P |                             1000 |                             1000
---------------------------------------------------------------------------------------------------
INFO: [Synth 8-3898] No Re-encoding of one hot register 'current_state_reg' in module 'xsdbs_v1_0_2_reg_p2s__parameterized59'
---------------------------------------------------------------------------------------------------
                   State |                     New Encoding |                Previous Encoding 
---------------------------------------------------------------------------------------------------
*
                    IDLE |                             0001 |                             0001
                     REG |                             0010 |                             0010
                     P2S |                             0100 |                             0100
                     S2P |                             1000 |                             1000
---------------------------------------------------------------------------------------------------
INFO: [Synth 8-3898] No Re-encoding of one hot register 'current_state_reg' in module 'xsdbs_v1_0_2_reg_p2s__parameterized60'
---------------------------------------------------------------------------------------------------
                   State |                     New Encoding |                Previous Encoding 
---------------------------------------------------------------------------------------------------
*
                    IDLE |                             0001 |                             0001
                     REG |                             0010 |                             0010
                     P2S |                             0100 |                             0100
                     S2P |                             1000 |                             1000
---------------------------------------------------------------------------------------------------
INFO: [Synth 8-3898] No Re-encoding of one hot register 'current_state_reg' in module 'xsdbs_v1_0_2_reg_p2s__parameterized61'
---------------------------------------------------------------------------------------------------
                   State |                     New Encoding |                Previous Encoding 
---------------------------------------------------------------------------------------------------
*
                    IDLE |                             0001 |                             0001
                     REG |                             0010 |                             0010
                     P2S |                             0100 |                             0100
                     S2P |                             1000 |                             1000
---------------------------------------------------------------------------------------------------
INFO: [Synth 8-3898] No Re-encoding of one hot register 'current_state_reg' in module 'xsdbs_v1_0_2_reg_p2s__parameterized62'
---------------------------------------------------------------------------------------------------
                   State |                     New Encoding |                Previous Encoding 
---------------------------------------------------------------------------------------------------
*
                    IDLE |                             0001 |                             0001
                     REG |                             0010 |                             0010
                     P2S |                             0100 |                             0100
                     S2P |                             1000 |                             1000
---------------------------------------------------------------------------------------------------
INFO: [Synth 8-3898] No Re-encoding of one hot register 'current_state_reg' in module 'xsdbs_v1_0_2_reg_p2s__parameterized63'
---------------------------------------------------------------------------------------------------
                   State |                     New Encoding |                Previous Encoding 
---------------------------------------------------------------------------------------------------
*
                    IDLE |                             0001 |                             0001
                     REG |                             0010 |                             0010
                     P2S |                             0100 |                             0100
                     S2P |                             1000 |                             1000
---------------------------------------------------------------------------------------------------
INFO: [Synth 8-3898] No Re-encoding of one hot register 'current_state_reg' in module 'xsdbs_v1_0_2_reg_p2s__parameterized64'
---------------------------------------------------------------------------------------------------
                   State |                     New Encoding |                Previous Encoding 
---------------------------------------------------------------------------------------------------
*
                    IDLE |                             0001 |                             0001
                     REG |                             0010 |                             0010
                     P2S |                             0100 |                             0100
                     S2P |                             1000 |                             1000
---------------------------------------------------------------------------------------------------
INFO: [Synth 8-3898] No Re-encoding of one hot register 'current_state_reg' in module 'xsdbs_v1_0_2_reg_p2s__parameterized65'
---------------------------------------------------------------------------------------------------
                   State |                     New Encoding |                Previous Encoding 
---------------------------------------------------------------------------------------------------
*
                    IDLE |                             0001 |                             0001
                     REG |                             0010 |                             0010
                     P2S |                             0100 |                             0100
                     S2P |                             1000 |                             1000
---------------------------------------------------------------------------------------------------
INFO: [Synth 8-3898] No Re-encoding of one hot register 'current_state_reg' in module 'xsdbs_v1_0_2_reg_p2s__parameterized66'
---------------------------------------------------------------------------------------------------
                   State |                     New Encoding |                Previous Encoding 
---------------------------------------------------------------------------------------------------
*
                    IDLE |                             0001 |                             0001
                     REG |                             0010 |                             0010
                     P2S |                             0100 |                             0100
                     S2P |                             1000 |                             1000
---------------------------------------------------------------------------------------------------
INFO: [Synth 8-3898] No Re-encoding of one hot register 'current_state_reg' in module 'xsdbs_v1_0_2_reg_p2s__parameterized67'
---------------------------------------------------------------------------------------------------
                   State |                     New Encoding |                Previous Encoding 
---------------------------------------------------------------------------------------------------
*
                    IDLE |                             0001 |                             0001
                     REG |                             0010 |                             0010
                     P2S |                             0100 |                             0100
                     S2P |                             1000 |                             1000
---------------------------------------------------------------------------------------------------
INFO: [Synth 8-3898] No Re-encoding of one hot register 'current_state_reg' in module 'xsdbs_v1_0_2_reg_p2s__parameterized68'
---------------------------------------------------------------------------------------------------
                   State |                     New Encoding |                Previous Encoding 
---------------------------------------------------------------------------------------------------
*
                    IDLE |                             0001 |                             0001
                     REG |                             0010 |                             0010
                     P2S |                             0100 |                             0100
                     S2P |                             1000 |                             1000
---------------------------------------------------------------------------------------------------
INFO: [Synth 8-3898] No Re-encoding of one hot register 'current_state_reg' in module 'xsdbs_v1_0_2_reg_p2s__parameterized69'
---------------------------------------------------------------------------------------------------
                   State |                     New Encoding |                Previous Encoding 
---------------------------------------------------------------------------------------------------
*
                    IDLE |                             0001 |                             0001
                     REG |                             0010 |                             0010
                     P2S |                             0100 |                             0100
                     S2P |                             1000 |                             1000
---------------------------------------------------------------------------------------------------
INFO: [Synth 8-3898] No Re-encoding of one hot register 'current_state_reg' in module 'xsdbs_v1_0_2_reg_p2s__parameterized70'
---------------------------------------------------------------------------------------------------
                   State |                     New Encoding |                Previous Encoding 
---------------------------------------------------------------------------------------------------
*
                    IDLE |                             0001 |                             0001
                     REG |                             0010 |                             0010
                     P2S |                             0100 |                             0100
                     S2P |                             1000 |                             1000
---------------------------------------------------------------------------------------------------
INFO: [Synth 8-3898] No Re-encoding of one hot register 'current_state_reg' in module 'xsdbs_v1_0_2_reg_p2s__parameterized71'
---------------------------------------------------------------------------------------------------
                   State |                     New Encoding |                Previous Encoding 
---------------------------------------------------------------------------------------------------
*
                    IDLE |                             0001 |                             0001
                     REG |                             0010 |                             0010
                     P2S |                             0100 |                             0100
                     S2P |                             1000 |                             1000
---------------------------------------------------------------------------------------------------
INFO: [Synth 8-3898] No Re-encoding of one hot register 'current_state_reg' in module 'xsdbs_v1_0_2_reg_p2s__parameterized72'
---------------------------------------------------------------------------------------------------
                   State |                     New Encoding |                Previous Encoding 
---------------------------------------------------------------------------------------------------
*
                    IDLE |                             0001 |                             0001
                     REG |                             0010 |                             0010
                     P2S |                             0100 |                             0100
                     S2P |                             1000 |                             1000
---------------------------------------------------------------------------------------------------
INFO: [Synth 8-3898] No Re-encoding of one hot register 'current_state_reg' in module 'xsdbs_v1_0_2_reg_p2s__parameterized73'
---------------------------------------------------------------------------------------------------
                   State |                     New Encoding |                Previous Encoding 
---------------------------------------------------------------------------------------------------
*
                    IDLE |                             0001 |                             0001
                     REG |                             0010 |                             0010
                     P2S |                             0100 |                             0100
                     S2P |                             1000 |                             1000
---------------------------------------------------------------------------------------------------
INFO: [Synth 8-3898] No Re-encoding of one hot register 'current_state_reg' in module 'xsdbs_v1_0_2_reg_p2s__parameterized74'
---------------------------------------------------------------------------------------------------
                   State |                     New Encoding |                Previous Encoding 
---------------------------------------------------------------------------------------------------
*
                    IDLE |                             0001 |                             0001
                     REG |                             0010 |                             0010
                     P2S |                             0100 |                             0100
                     S2P |                             1000 |                             1000
---------------------------------------------------------------------------------------------------
INFO: [Synth 8-3898] No Re-encoding of one hot register 'current_state_reg' in module 'xsdbs_v1_0_2_reg_p2s__parameterized75'
---------------------------------------------------------------------------------------------------
                   State |                     New Encoding |                Previous Encoding 
---------------------------------------------------------------------------------------------------
*
                    IDLE |                             0001 |                             0001
                     REG |                             0010 |                             0010
                     P2S |                             0100 |                             0100
                     S2P |                             1000 |                             1000
---------------------------------------------------------------------------------------------------
INFO: [Synth 8-3898] No Re-encoding of one hot register 'current_state_reg' in module 'xsdbs_v1_0_2_reg_p2s__parameterized76'
---------------------------------------------------------------------------------------------------
                   State |                     New Encoding |                Previous Encoding 
---------------------------------------------------------------------------------------------------
*
                    IDLE |                             0001 |                             0001
                     REG |                             0010 |                             0010
                     P2S |                             0100 |                             0100
                     S2P |                             1000 |                             1000
---------------------------------------------------------------------------------------------------
INFO: [Synth 8-3898] No Re-encoding of one hot register 'current_state_reg' in module 'xsdbs_v1_0_2_reg_p2s__parameterized77'
---------------------------------------------------------------------------------------------------
                   State |                     New Encoding |                Previous Encoding 
---------------------------------------------------------------------------------------------------
*
                    IDLE |                             0001 |                             0001
                     REG |                             0010 |                             0010
                     P2S |                             0100 |                             0100
                     S2P |                             1000 |                             1000
---------------------------------------------------------------------------------------------------
INFO: [Synth 8-3898] No Re-encoding of one hot register 'current_state_reg' in module 'xsdbs_v1_0_2_reg_p2s__parameterized78'
---------------------------------------------------------------------------------------------------
                   State |                     New Encoding |                Previous Encoding 
---------------------------------------------------------------------------------------------------
*
                    IDLE |                             0001 |                             0001
                     REG |                             0010 |                             0010
                     P2S |                             0100 |                             0100
                     S2P |                             1000 |                             1000
---------------------------------------------------------------------------------------------------
INFO: [Synth 8-3898] No Re-encoding of one hot register 'current_state_reg' in module 'xsdbs_v1_0_2_reg_p2s__parameterized79'
---------------------------------------------------------------------------------------------------
                   State |                     New Encoding |                Previous Encoding 
---------------------------------------------------------------------------------------------------
*
                    IDLE |                             0001 |                             0001
                     REG |                             0010 |                             0010
                     P2S |                             0100 |                             0100
                     S2P |                             1000 |                             1000
---------------------------------------------------------------------------------------------------
INFO: [Synth 8-3898] No Re-encoding of one hot register 'current_state_reg' in module 'xsdbs_v1_0_2_reg_p2s__parameterized80'
---------------------------------------------------------------------------------------------------
                   State |                     New Encoding |                Previous Encoding 
---------------------------------------------------------------------------------------------------
*
                    IDLE |                             0001 |                             0001
                     REG |                             0010 |                             0010
                     P2S |                             0100 |                             0100
                     S2P |                             1000 |                             1000
---------------------------------------------------------------------------------------------------
INFO: [Synth 8-3898] No Re-encoding of one hot register 'current_state_reg' in module 'xsdbs_v1_0_2_reg_p2s__parameterized81'
---------------------------------------------------------------------------------------------------
                   State |                     New Encoding |                Previous Encoding 
---------------------------------------------------------------------------------------------------
*
                    IDLE |                             0001 |                             0001
                     REG |                             0010 |                             0010
                     P2S |                             0100 |                             0100
                     S2P |                             1000 |                             1000
---------------------------------------------------------------------------------------------------
INFO: [Synth 8-3898] No Re-encoding of one hot register 'current_state_reg' in module 'xsdbs_v1_0_2_reg_p2s__parameterized82'
---------------------------------------------------------------------------------------------------
                   State |                     New Encoding |                Previous Encoding 
---------------------------------------------------------------------------------------------------
*
                    IDLE |                             0001 |                             0001
                     REG |                             0010 |                             0010
                     P2S |                             0100 |                             0100
                     S2P |                             1000 |                             1000
---------------------------------------------------------------------------------------------------
INFO: [Synth 8-3898] No Re-encoding of one hot register 'current_state_reg' in module 'xsdbs_v1_0_2_reg_p2s__parameterized83'
---------------------------------------------------------------------------------------------------
                   State |                     New Encoding |                Previous Encoding 
---------------------------------------------------------------------------------------------------
*
                    IDLE |                             0001 |                             0001
                     REG |                             0010 |                             0010
                     P2S |                             0100 |                             0100
                     S2P |                             1000 |                             1000
---------------------------------------------------------------------------------------------------
INFO: [Synth 8-3898] No Re-encoding of one hot register 'current_state_reg' in module 'xsdbs_v1_0_2_reg_p2s__parameterized84'
---------------------------------------------------------------------------------------------------
                   State |                     New Encoding |                Previous Encoding 
---------------------------------------------------------------------------------------------------
*
                    IDLE |                             0001 |                             0001
                     REG |                             0010 |                             0010
                     P2S |                             0100 |                             0100
                     S2P |                             1000 |                             1000
---------------------------------------------------------------------------------------------------
INFO: [Synth 8-3898] No Re-encoding of one hot register 'current_state_reg' in module 'xsdbs_v1_0_2_reg_p2s__parameterized85'
---------------------------------------------------------------------------------------------------
                   State |                     New Encoding |                Previous Encoding 
---------------------------------------------------------------------------------------------------
*
                    IDLE |                             0001 |                             0001
                     REG |                             0010 |                             0010
                     P2S |                             0100 |                             0100
                     S2P |                             1000 |                             1000
---------------------------------------------------------------------------------------------------
INFO: [Synth 8-3898] No Re-encoding of one hot register 'current_state_reg' in module 'xsdbs_v1_0_2_reg_p2s__parameterized86'
---------------------------------------------------------------------------------------------------
                   State |                     New Encoding |                Previous Encoding 
---------------------------------------------------------------------------------------------------
*
                    IDLE |                             0001 |                             0001
                     REG |                             0010 |                             0010
                     P2S |                             0100 |                             0100
                     S2P |                             1000 |                             1000
---------------------------------------------------------------------------------------------------
INFO: [Synth 8-3898] No Re-encoding of one hot register 'current_state_reg' in module 'xsdbs_v1_0_2_reg_p2s__parameterized87'
---------------------------------------------------------------------------------------------------
                   State |                     New Encoding |                Previous Encoding 
---------------------------------------------------------------------------------------------------
*
                    IDLE |                             0001 |                             0001
                     REG |                             0010 |                             0010
                     P2S |                             0100 |                             0100
                     S2P |                             1000 |                             1000
---------------------------------------------------------------------------------------------------
INFO: [Synth 8-3898] No Re-encoding of one hot register 'current_state_reg' in module 'xsdbs_v1_0_2_reg_p2s__parameterized88'
---------------------------------------------------------------------------------------------------
                   State |                     New Encoding |                Previous Encoding 
---------------------------------------------------------------------------------------------------
*
                    IDLE |                             0001 |                             0001
                     REG |                             0010 |                             0010
                     P2S |                             0100 |                             0100
                     S2P |                             1000 |                             1000
---------------------------------------------------------------------------------------------------
INFO: [Synth 8-3898] No Re-encoding of one hot register 'current_state_reg' in module 'xsdbs_v1_0_2_reg_p2s__parameterized89'
---------------------------------------------------------------------------------------------------
                   State |                     New Encoding |                Previous Encoding 
---------------------------------------------------------------------------------------------------
*
                    IDLE |                             0001 |                             0001
                     REG |                             0010 |                             0010
                     P2S |                             0100 |                             0100
                     S2P |                             1000 |                             1000
---------------------------------------------------------------------------------------------------
INFO: [Synth 8-3898] No Re-encoding of one hot register 'current_state_reg' in module 'xsdbs_v1_0_2_reg_p2s__parameterized90'
---------------------------------------------------------------------------------------------------
                   State |                     New Encoding |                Previous Encoding 
---------------------------------------------------------------------------------------------------
*
                    IDLE |                             0001 |                             0001
                     REG |                             0010 |                             0010
                     P2S |                             0100 |                             0100
                     S2P |                             1000 |                             1000
---------------------------------------------------------------------------------------------------
INFO: [Synth 8-3898] No Re-encoding of one hot register 'current_state_reg' in module 'xsdbs_v1_0_2_reg_p2s__parameterized91'
---------------------------------------------------------------------------------------------------
                   State |                     New Encoding |                Previous Encoding 
---------------------------------------------------------------------------------------------------
*
                    IDLE |                             0001 |                             0001
                     REG |                             0010 |                             0010
                     P2S |                             0100 |                             0100
                     S2P |                             1000 |                             1000
---------------------------------------------------------------------------------------------------
INFO: [Synth 8-3898] No Re-encoding of one hot register 'current_state_reg' in module 'xsdbs_v1_0_2_reg_p2s__parameterized92'
---------------------------------------------------------------------------------------------------
                   State |                     New Encoding |                Previous Encoding 
---------------------------------------------------------------------------------------------------
*
                    IDLE |                             0001 |                             0001
                     REG |                             0010 |                             0010
                     P2S |                             0100 |                             0100
                     S2P |                             1000 |                             1000
---------------------------------------------------------------------------------------------------
INFO: [Synth 8-3898] No Re-encoding of one hot register 'current_state_reg' in module 'xsdbs_v1_0_2_reg_p2s__parameterized93'
---------------------------------------------------------------------------------------------------
                   State |                     New Encoding |                Previous Encoding 
---------------------------------------------------------------------------------------------------
*
                    IDLE |                             0001 |                             0001
                     REG |                             0010 |                             0010
                     P2S |                             0100 |                             0100
                     S2P |                             1000 |                             1000
---------------------------------------------------------------------------------------------------
INFO: [Synth 8-3898] No Re-encoding of one hot register 'current_state_reg' in module 'xsdbs_v1_0_2_reg_p2s__parameterized94'
---------------------------------------------------------------------------------------------------
                   State |                     New Encoding |                Previous Encoding 
---------------------------------------------------------------------------------------------------
*
                    IDLE |                             0001 |                             0001
                     REG |                             0010 |                             0010
                     P2S |                             0100 |                             0100
                     S2P |                             1000 |                             1000
---------------------------------------------------------------------------------------------------
INFO: [Synth 8-3898] No Re-encoding of one hot register 'current_state_reg' in module 'xsdbs_v1_0_2_reg_p2s__parameterized95'
---------------------------------------------------------------------------------------------------
                   State |                     New Encoding |                Previous Encoding 
---------------------------------------------------------------------------------------------------
*
                    IDLE |                             0001 |                             0001
                     REG |                             0010 |                             0010
                     P2S |                             0100 |                             0100
                     S2P |                             1000 |                             1000
---------------------------------------------------------------------------------------------------
INFO: [Synth 8-3898] No Re-encoding of one hot register 'current_state_reg' in module 'xsdbs_v1_0_2_reg_p2s__parameterized96'
---------------------------------------------------------------------------------------------------
                   State |                     New Encoding |                Previous Encoding 
---------------------------------------------------------------------------------------------------
*
                    IDLE |                             0001 |                             0001
                     REG |                             0010 |                             0010
                     P2S |                             0100 |                             0100
                     S2P |                             1000 |                             1000
---------------------------------------------------------------------------------------------------
INFO: [Synth 8-3898] No Re-encoding of one hot register 'current_state_reg' in module 'xsdbs_v1_0_2_reg_p2s__parameterized97'
---------------------------------------------------------------------------------------------------
                   State |                     New Encoding |                Previous Encoding 
---------------------------------------------------------------------------------------------------
*
                    IDLE |                             0001 |                             0001
                     REG |                             0010 |                             0010
                     P2S |                             0100 |                             0100
                     S2P |                             1000 |                             1000
---------------------------------------------------------------------------------------------------
INFO: [Synth 8-3898] No Re-encoding of one hot register 'current_state_reg' in module 'xsdbs_v1_0_2_reg_p2s__parameterized98'
INFO: [Common 17-14] Message 'Synth 8-3898' appears 100 times and further instances of the messages will be disabled. Use the Tcl command set_msg_config to change the current settings.
---------------------------------------------------------------------------------------------------
                   State |                     New Encoding |                Previous Encoding 
---------------------------------------------------------------------------------------------------
*
                    IDLE |                             0001 |                             0001
                     REG |                             0010 |                             0010
                     P2S |                             0100 |                             0100
                     S2P |                             1000 |                             1000
---------------------------------------------------------------------------------------------------
---------------------------------------------------------------------------------------------------
                   State |                     New Encoding |                Previous Encoding 
---------------------------------------------------------------------------------------------------
*
                    IDLE |                             0001 |                             0001
                     REG |                             0010 |                             0010
                     P2S |                             0100 |                             0100
                     S2P |                             1000 |                             1000
---------------------------------------------------------------------------------------------------
---------------------------------------------------------------------------------------------------
                   State |                     New Encoding |                Previous Encoding 
---------------------------------------------------------------------------------------------------
*
                    IDLE |                             0001 |                             0001
                     REG |                             0010 |                             0010
                     P2S |                             0100 |                             0100
                     S2P |                             1000 |                             1000
---------------------------------------------------------------------------------------------------
---------------------------------------------------------------------------------------------------
                   State |                     New Encoding |                Previous Encoding 
---------------------------------------------------------------------------------------------------
*
                    IDLE |                             0001 |                             0001
                     REG |                             0010 |                             0010
                     P2S |                             0100 |                             0100
                     S2P |                             1000 |                             1000
---------------------------------------------------------------------------------------------------
---------------------------------------------------------------------------------------------------
                   State |                     New Encoding |                Previous Encoding 
---------------------------------------------------------------------------------------------------
*
                    IDLE |                             0001 |                             0001
                     REG |                             0010 |                             0010
                     P2S |                             0100 |                             0100
                     S2P |                             1000 |                             1000
---------------------------------------------------------------------------------------------------
---------------------------------------------------------------------------------------------------
                   State |                     New Encoding |                Previous Encoding 
---------------------------------------------------------------------------------------------------
*
                    IDLE |                             0001 |                             0001
                     REG |                             0010 |                             0010
                     P2S |                             0100 |                             0100
                     S2P |                             1000 |                             1000
---------------------------------------------------------------------------------------------------
---------------------------------------------------------------------------------------------------
                   State |                     New Encoding |                Previous Encoding 
---------------------------------------------------------------------------------------------------
*
                    IDLE |                             0001 |                             0001
                     REG |                             0010 |                             0010
                     P2S |                             0100 |                             0100
                     S2P |                             1000 |                             1000
---------------------------------------------------------------------------------------------------
---------------------------------------------------------------------------------------------------
                   State |                     New Encoding |                Previous Encoding 
---------------------------------------------------------------------------------------------------
*
                    IDLE |                             0001 |                             0001
                     REG |                             0010 |                             0010
                     P2S |                             0100 |                             0100
                     S2P |                             1000 |                             1000
---------------------------------------------------------------------------------------------------
---------------------------------------------------------------------------------------------------
                   State |                     New Encoding |                Previous Encoding 
---------------------------------------------------------------------------------------------------
*
              RESET_ADDR |                          0000001 |                          0000001
            REQUEST_READ |                          0000010 |                          0000010
           WAIT_READ_ACK |                          0000100 |                          0000100
             OUTPUT_DATA |                          0001000 |                          0001000
                    IDLE |                          0010000 |                          0010000
         INCREMENT_BLOCK |                          0100000 |                          0100000
       INCREMENT_ADDRESS |                          1000000 |                          1000000
---------------------------------------------------------------------------------------------------
---------------------------------------------------------------------------------
Finished RTL Optimization Phase 2 : Time (s): cpu = 00:00:21 ; elapsed = 00:00:24 . Memory (MB): peak = 2672.336 ; gain = 866.938 ; free physical = 41575 ; free virtual = 57635
Synthesis current peak Physical Memory [PSS] (MB): peak = 1808.138; parent = 1652.892; children = 155.280
Synthesis current peak Virtual Memory [VSS] (MB): peak = 3608.730; parent = 2640.324; children = 968.406
---------------------------------------------------------------------------------
---------------------------------------------------------------------------------
Start RTL Component Statistics 
---------------------------------------------------------------------------------
---------------------------------------------------------------------------------
Finished RTL Component Statistics 
---------------------------------------------------------------------------------
---------------------------------------------------------------------------------
Start Part Resource Summary
---------------------------------------------------------------------------------
Part Resources:
DSPs: 576 (col length:72)
BRAMs: 288 (col length: RAMB18 72 RAMB36 36)
---------------------------------------------------------------------------------
Finished Part Resource Summary
---------------------------------------------------------------------------------
---------------------------------------------------------------------------------
Start Cross Boundary and Area Optimization
---------------------------------------------------------------------------------
---------------------------------------------------------------------------------
Finished Cross Boundary and Area Optimization : Time (s): cpu = 00:00:36 ; elapsed = 00:00:42 . Memory (MB): peak = 2680.344 ; gain = 874.945 ; free physical = 41556 ; free virtual = 57639
Synthesis current peak Physical Memory [PSS] (MB): peak = 1808.138; parent = 1652.892; children = 164.130
Synthesis current peak Virtual Memory [VSS] (MB): peak = 3648.754; parent = 2680.348; children = 968.406
---------------------------------------------------------------------------------
---------------------------------------------------------------------------------
Start Applying XDC Timing Constraints
---------------------------------------------------------------------------------
---------------------------------------------------------------------------------
Finished Applying XDC Timing Constraints : Time (s): cpu = 00:00:38 ; elapsed = 00:00:44 . Memory (MB): peak = 2759.102 ; gain = 953.703 ; free physical = 41381 ; free virtual = 57464
Synthesis current peak Physical Memory [PSS] (MB): peak = 1808.138; parent = 1652.892; children = 164.130
Synthesis current peak Virtual Memory [VSS] (MB): peak = 3727.512; parent = 2759.105; children = 968.406
---------------------------------------------------------------------------------
---------------------------------------------------------------------------------
Start Timing Optimization
---------------------------------------------------------------------------------
---------------------------------------------------------------------------------
Finished Timing Optimization : Time (s): cpu = 00:00:39 ; elapsed = 00:00:45 . Memory (MB): peak = 2759.102 ; gain = 953.703 ; free physical = 41367 ; free virtual = 57450
Synthesis current peak Physical Memory [PSS] (MB): peak = 1808.138; parent = 1652.892; children = 164.130
Synthesis current peak Virtual Memory [VSS] (MB): peak = 3727.512; parent = 2759.105; children = 968.406
---------------------------------------------------------------------------------
---------------------------------------------------------------------------------
Start Technology Mapping
---------------------------------------------------------------------------------
---------------------------------------------------------------------------------
Finished Technology Mapping : Time (s): cpu = 00:00:40 ; elapsed = 00:00:49 . Memory (MB): peak = 2759.102 ; gain = 953.703 ; free physical = 42645 ; free virtual = 58727
Synthesis current peak Physical Memory [PSS] (MB): peak = 1808.138; parent = 1652.892; children = 172.830
Synthesis current peak Virtual Memory [VSS] (MB): peak = 3727.512; parent = 2759.105; children = 968.406
---------------------------------------------------------------------------------
---------------------------------------------------------------------------------
Start IO Insertion
---------------------------------------------------------------------------------
---------------------------------------------------------------------------------
Start Flattening Before IO Insertion
---------------------------------------------------------------------------------
---------------------------------------------------------------------------------
Finished Flattening Before IO Insertion
---------------------------------------------------------------------------------
---------------------------------------------------------------------------------
Start Final Netlist Cleanup
---------------------------------------------------------------------------------
---------------------------------------------------------------------------------
Finished Final Netlist Cleanup
---------------------------------------------------------------------------------
INFO: [Synth 8-3295] tying undriven pin dummy_inferred:in0 to constant 0
INFO: [Synth 8-3295] tying undriven pin inst:sl_iport0[36] to constant 0
INFO: [Synth 8-3295] tying undriven pin inst:sl_iport0[35] to constant 0
INFO: [Synth 8-3295] tying undriven pin inst:sl_iport0[34] to constant 0
INFO: [Synth 8-3295] tying undriven pin inst:sl_iport0[33] to constant 0
INFO: [Synth 8-3295] tying undriven pin inst:sl_iport0[32] to constant 0
INFO: [Synth 8-3295] tying undriven pin inst:sl_iport0[31] to constant 0
INFO: [Synth 8-3295] tying undriven pin inst:sl_iport0[30] to constant 0
INFO: [Synth 8-3295] tying undriven pin inst:sl_iport0[29] to constant 0
INFO: [Synth 8-3295] tying undriven pin inst:sl_iport0[28] to constant 0
INFO: [Synth 8-3295] tying undriven pin inst:sl_iport0[27] to constant 0
INFO: [Synth 8-3295] tying undriven pin inst:sl_iport0[26] to constant 0
INFO: [Synth 8-3295] tying undriven pin inst:sl_iport0[25] to constant 0
INFO: [Synth 8-3295] tying undriven pin inst:sl_iport0[24] to constant 0
INFO: [Synth 8-3295] tying undriven pin inst:sl_iport0[23] to constant 0
INFO: [Synth 8-3295] tying undriven pin inst:sl_iport0[22] to constant 0
INFO: [Synth 8-3295] tying undriven pin inst:sl_iport0[21] to constant 0
INFO: [Synth 8-3295] tying undriven pin inst:sl_iport0[20] to constant 0
INFO: [Synth 8-3295] tying undriven pin inst:sl_iport0[19] to constant 0
INFO: [Synth 8-3295] tying undriven pin inst:sl_iport0[18] to constant 0
INFO: [Synth 8-3295] tying undriven pin inst:sl_iport0[17] to constant 0
INFO: [Synth 8-3295] tying undriven pin inst:sl_iport0[16] to constant 0
INFO: [Synth 8-3295] tying undriven pin inst:sl_iport0[15] to constant 0
INFO: [Synth 8-3295] tying undriven pin inst:sl_iport0[14] to constant 0
INFO: [Synth 8-3295] tying undriven pin inst:sl_iport0[13] to constant 0
INFO: [Synth 8-3295] tying undriven pin inst:sl_iport0[12] to constant 0
INFO: [Synth 8-3295] tying undriven pin inst:sl_iport0[11] to constant 0
INFO: [Synth 8-3295] tying undriven pin inst:sl_iport0[10] to constant 0
INFO: [Synth 8-3295] tying undriven pin inst:sl_iport0[9] to constant 0
INFO: [Synth 8-3295] tying undriven pin inst:sl_iport0[8] to constant 0
INFO: [Synth 8-3295] tying undriven pin inst:sl_iport0[7] to constant 0
INFO: [Synth 8-3295] tying undriven pin inst:sl_iport0[6] to constant 0
INFO: [Synth 8-3295] tying undriven pin inst:sl_iport0[5] to constant 0
INFO: [Synth 8-3295] tying undriven pin inst:sl_iport0[4] to constant 0
INFO: [Synth 8-3295] tying undriven pin inst:sl_iport0[3] to constant 0
INFO: [Synth 8-3295] tying undriven pin inst:sl_iport0[2] to constant 0
INFO: [Synth 8-3295] tying undriven pin inst:sl_iport0[1] to constant 0
INFO: [Synth 8-3295] tying undriven pin inst:sl_iport0[0] to constant 0
INFO: [Synth 8-3295] tying undriven pin inst:trig_in to constant 0
INFO: [Synth 8-3295] tying undriven pin inst:trig_out_ack to constant 0
---------------------------------------------------------------------------------
Finished IO Insertion : Time (s): cpu = 00:00:42 ; elapsed = 00:00:51 . Memory (MB): peak = 2759.102 ; gain = 953.703 ; free physical = 42643 ; free virtual = 58725
Synthesis current peak Physical Memory [PSS] (MB): peak = 1808.138; parent = 1652.892; children = 172.830
Synthesis current peak Virtual Memory [VSS] (MB): peak = 3727.512; parent = 2759.105; children = 968.406
---------------------------------------------------------------------------------
---------------------------------------------------------------------------------
Start Renaming Generated Instances
---------------------------------------------------------------------------------
---------------------------------------------------------------------------------
Finished Renaming Generated Instances : Time (s): cpu = 00:00:42 ; elapsed = 00:00:51 . Memory (MB): peak = 2759.102 ; gain = 953.703 ; free physical = 42643 ; free virtual = 58725
Synthesis current peak Physical Memory [PSS] (MB): peak = 1808.138; parent = 1652.892; children = 172.830
Synthesis current peak Virtual Memory [VSS] (MB): peak = 3727.512; parent = 2759.105; children = 968.406
---------------------------------------------------------------------------------
---------------------------------------------------------------------------------
Start Rebuilding User Hierarchy
---------------------------------------------------------------------------------
---------------------------------------------------------------------------------
Finished Rebuilding User Hierarchy : Time (s): cpu = 00:00:42 ; elapsed = 00:00:51 . Memory (MB): peak = 2759.102 ; gain = 953.703 ; free physical = 42643 ; free virtual = 58725
Synthesis current peak Physical Memory [PSS] (MB): peak = 1808.138; parent = 1652.892; children = 172.830
Synthesis current peak Virtual Memory [VSS] (MB): peak = 3727.512; parent = 2759.105; children = 968.406
---------------------------------------------------------------------------------
---------------------------------------------------------------------------------
Start Renaming Generated Ports
---------------------------------------------------------------------------------
---------------------------------------------------------------------------------
Finished Renaming Generated Ports : Time (s): cpu = 00:00:42 ; elapsed = 00:00:51 . Memory (MB): peak = 2759.102 ; gain = 953.703 ; free physical = 42643 ; free virtual = 58725
Synthesis current peak Physical Memory [PSS] (MB): peak = 1808.138; parent = 1652.892; children = 172.830
Synthesis current peak Virtual Memory [VSS] (MB): peak = 3727.512; parent = 2759.105; children = 968.406
---------------------------------------------------------------------------------
---------------------------------------------------------------------------------
Start Handling Custom Attributes
---------------------------------------------------------------------------------
---------------------------------------------------------------------------------
Finished Handling Custom Attributes : Time (s): cpu = 00:00:42 ; elapsed = 00:00:52 . Memory (MB): peak = 2759.102 ; gain = 953.703 ; free physical = 42643 ; free virtual = 58725
Synthesis current peak Physical Memory [PSS] (MB): peak = 1808.138; parent = 1652.892; children = 172.830
Synthesis current peak Virtual Memory [VSS] (MB): peak = 3727.512; parent = 2759.105; children = 968.406
---------------------------------------------------------------------------------
---------------------------------------------------------------------------------
Start Renaming Generated Nets
---------------------------------------------------------------------------------
---------------------------------------------------------------------------------
Finished Renaming Generated Nets : Time (s): cpu = 00:00:42 ; elapsed = 00:00:52 . Memory (MB): peak = 2759.102 ; gain = 953.703 ; free physical = 42643 ; free virtual = 58725
Synthesis current peak Physical Memory [PSS] (MB): peak = 1808.138; parent = 1652.892; children = 172.830
Synthesis current peak Virtual Memory [VSS] (MB): peak = 3727.512; parent = 2759.105; children = 968.406
---------------------------------------------------------------------------------
---------------------------------------------------------------------------------
Start Writing Synthesis Report
---------------------------------------------------------------------------------

Report BlackBoxes: 
+-+--------------+----------+
| |BlackBox name |Instances |
+-+--------------+----------+
+-+--------------+----------+

Report Cell Usage: 
+------+---------+------+
|      |Cell     |Count |
+------+---------+------+
|1     |CARRY4   |   240|
|2     |CFGLUT5  |   630|
|3     |LUT1     |   135|
|4     |LUT2     |   439|
|5     |LUT3     |   412|
|6     |LUT4     |  1014|
|7     |LUT5     |   341|
|8     |LUT6     |  2986|
|9     |MUXF7    |   256|
|10    |MUXF8    |   110|
|11    |RAMB18E2 |    17|
|12    |SRL16E   |   301|
|13    |SRLC16E  |     2|
|14    |SRLC32E  |    17|
|15    |FDRE     |  7091|
|16    |FDSE     |    24|
+------+---------+------+
---------------------------------------------------------------------------------
Finished Writing Synthesis Report : Time (s): cpu = 00:00:42 ; elapsed = 00:00:52 . Memory (MB): peak = 2759.102 ; gain = 953.703 ; free physical = 42643 ; free virtual = 58725
Synthesis current peak Physical Memory [PSS] (MB): peak = 1808.138; parent = 1652.892; children = 172.830
Synthesis current peak Virtual Memory [VSS] (MB): peak = 3727.512; parent = 2759.105; children = 968.406
---------------------------------------------------------------------------------
Synthesis finished with 0 errors, 0 critical warnings and 9430 warnings.
Synthesis Optimization Runtime : Time (s): cpu = 00:00:37 ; elapsed = 00:00:47 . Memory (MB): peak = 2759.102 ; gain = 886.703 ; free physical = 42657 ; free virtual = 58739
Synthesis Optimization Complete : Time (s): cpu = 00:00:42 ; elapsed = 00:00:52 . Memory (MB): peak = 2759.109 ; gain = 953.703 ; free physical = 42657 ; free virtual = 58739
INFO: [Project 1-571] Translating synthesized netlist
Netlist sorting complete. Time (s): cpu = 00:00:00.06 ; elapsed = 00:00:00.06 . Memory (MB): peak = 2759.109 ; gain = 0.000 ; free physical = 42754 ; free virtual = 58837
INFO: [Netlist 29-17] Analyzing 1236 Unisim elements for replacement
INFO: [Netlist 29-28] Unisim Transformation completed in 0 CPU seconds
INFO: [Project 1-570] Preparing netlist for logic optimization
INFO: [Opt 31-138] Pushed 0 inverter(s) to 0 load pin(s).
Netlist sorting complete. Time (s): cpu = 00:00:00 ; elapsed = 00:00:00 . Memory (MB): peak = 2783.113 ; gain = 0.000 ; free physical = 42716 ; free virtual = 58799
INFO: [Project 1-111] Unisim Transformation Summary:
  A total of 754 instances were transformed.
  (CARRY4) => CARRY8: 124 instances
  CFGLUT5 => CFGLUT5 (SRL16E, SRLC32E): 520 instances
  CFGLUT5 => SRLC32E: 110 instances

Synth Design complete, checksum: ac0502cd
INFO: [Common 17-83] Releasing license: Synthesis
387 Infos, 121 Warnings, 0 Critical Warnings and 0 Errors encountered.
synth_design completed successfully
synth_design: Time (s): cpu = 00:00:46 ; elapsed = 00:01:57 . Memory (MB): peak = 2783.113 ; gain = 1471.633 ; free physical = 42938 ; free virtual = 59020
INFO: [Common 17-1381] The checkpoint '/home/nagafusa/work/spadi/Fakernet/SAMIDARE/samidare.runs/impl_1/.Xil/Vivado-214377-e16fpga01/dc_drv.0/dc/prj_ip.runs/u_ila_1_synth_1/u_ila_1.dcp' has been generated.
INFO: [Coretcl 2-1648] Added synthesis output to IP cache for IP u_ila_1, cache-ID = aca8a11532486ccf
INFO: [Coretcl 2-1174] Renamed 677 cell refs.
INFO: [Common 17-1381] The checkpoint '/home/nagafusa/work/spadi/Fakernet/SAMIDARE/samidare.runs/impl_1/.Xil/Vivado-214377-e16fpga01/dc_drv.0/dc/prj_ip.runs/u_ila_1_synth_1/u_ila_1.dcp' has been generated.
INFO: [Common 17-206] Exiting Vivado at Fri Apr 11 09:16:19 2025...
[Fri Apr 11 09:16:29 2025] u_ila_1_synth_1 finished
wait_on_runs: Time (s): cpu = 00:01:36 ; elapsed = 00:00:12 . Memory (MB): peak = 1788.586 ; gain = 0.000 ; free physical = 44234 ; free virtual = 60356
INFO: [InternalPartition_RunlogEnd-1] u_ila_1
synth_opts = 
ip = u_ila_0
synth_opts = 
ip = u_ila_1
# set failed [catch {ipx::chipscope::run_multi_gen_and_synth_ip_core $part $board_part $board_connections $board_part_repo_paths $tool_flow $debug_ip_vlnv $debug_ip_module_name $debug_params $debug_output_xci $debug_output_dcp $debug_output_dir $debug_ip_repo_paths $debug_ip_output_repo $debug_ip_cache_permissions $debug_oopbus_ip_repo_paths $debug_synth_opts $debug_xdc_files $ordering_constrs $jobs} errMessage]
# if { $failed } {
# send_msg_id {IP_Flow 19-3805} ERROR "Failed to generate and synthesize debug IPs. \n $errMessage"
#   exit 1
# }
INFO: [Common 17-206] Exiting Vivado at Fri Apr 11 09:16:30 2025...
