$date
        2024-Aug-18 23:01:26
$end
$version
        Vivado v2022.2 (64-bit)
$end
$timescale
        1ps
$end
$scope module dut $end
$var reg 320 " top_block_i/appUnit/das_rx_0/inst/bus2 [319:0] $end
$var reg 320 H$ top_block_i/appUnit/das_rx_0/inst/bus3 [319:0] $end
$var reg 11 n' top_block_i/appUnit/das_rx_0/inst/SO0 [10:0] $end
$var reg 11 y' top_block_i/appUnit/das_rx_0/inst/SO1 [10:0] $end
$var reg 11 &( top_block_i/appUnit/das_rx_0/inst/SO3 [10:0] $end
$var reg 320 1( top_block_i/appUnit/das_rx_0/inst/bus1 [319:0] $end
$var reg 11 W+ top_block_i/appUnit/das_rx_0/inst/SO2 [10:0] $end
$var reg 320 b+ top_block_i/appUnit/das_rx_0/inst/bus0 [319:0] $end
$var reg 1 */ top_block_i/appUnit/fifo_generator_0_full $end
$var reg 1 +/ top_block_i/appUnit/fifo_generator_1_full $end
$var reg 1 ,/ top_block_i/appUnit/fifo_generator_2_full $end
$var reg 1 -/ top_block_i/appUnit/fifo_generator_3_full $end
$var reg 1 ./ _TRIGGER $end
$var reg 1 // _WINDOW $end
$var reg 1 0/ _GAP $end
$upscope $end
$enddefinitions $end
#0
$dumpvars
b10011010011001101111100111110110011100011001110011100110001110011101011001101000100111111110011001111001101111100110100110011100111001110001100111000010011110001001101110100110110110011111011001110001100110101110011010011001101000100110101110011111111001101001100111110010011011011001111111100110010010011011011001111101 "
b1101110110110111000011010111101101001110110111000011010011101101000010110100101011011100101101110100110111001011011100101101001000110100001011010011001101001100110101101011010011001101001100110111010011010011101101111110110100111011011101001101000100110100001011010001101101001010110111010011010001101101001000110100100 H$
b1101001010 n'
b101010110 y'
b10110100001 &(
b1010010100101011101010101011001010011100101010010010100101101010101100101010100010101110101010100000101001011010100101101010010000101010100010101001001010010000101001110010101011101010101110101001011010101010101010101110101010010010101010001010100010101001000010101000001010010010101010110010101010101010101110101010001 1(
b1001110000 W+
b11010011011101010110110101101111010101011101001101110101001111010100101101010110110101000111010011001101001100110100100011010101011101010101110100110111010011111101001100110100111011010100101101010000110100101011010100011101001110110101010111010010001101010000110101011111010101101101010010110100110011010011001101010000 b+
0*/
0+/
0,/
1-/
0./
1//
00/
$end
#1
b1101010001 n'
b101000110 y'
b10110100100 &(
b1001101001 W+
#2
b1101001001 n'
b101000001 y'
b10110111110 &(
b1001101111 W+
#3
b1101011010 n'
b101000010 y'
b10110100101 &(
b1001110011 W+
#4
b1101001000 n'
b101000110 y'
b10110111001 &(
b1001101101 W+
#5
b1101010000 n'
b101010101 y'
b1001110111 W+
#6
b1101010111 n'
b10110100111 &(
b1001101101 W+
#7
b1101010110 n'
b101010100 y'
b10110100001 &(
b1001110111 W+
#8
b1101010010 n'
b101000011 y'
b10110100110 &(
b1001100111 W+
#9
b1101001111 n'
b10101000010 y'
b10110100111 &(
b1001101101 W+
#10
b1101001100 n'
b10101010010 y'
b110101101 &(
b1010010100101010010010101011001010011110101010010010100101101010101100101010100010101001001010100000101001000010100101101010010110101010111010101001001010010000101001110010101011101010101000101001011010101010101010101000101010010010101010001010101100101001011010101000001010011100101010111010101010101010101000101010001 1(
b11001110001 W+
#11
b10011010011001101100100111110110011100001001110000100110001010011101001001101000100111111110011001111001101111100111100110011100111001110001100111000110011110001001101111100110110010011011011001110001100110101110011010001001101001100110101110011111111001101001100111111110011011011001111111100110011110011011011001101101 "
b1101010000 n'
b10101000110 y'
b110100111 &(
b11001101101 W+
#12
b11101001100 n'
b10101000111 y'
b110100001 &(
b11001101100 W+
#13
b11101010110 n'
b10101000010 y'
b110111011 &(
b11001110001 W+
b11010011011101010110110101101111010101011101001101110101001111010100101101010110110101000111010011111101001100110100100011010101011101010101110101001011010011111101001101110100100111010100101101010001110100101011010100011101001001110101101011010010001101010000110101011111010101101101010010110100111111010011001101010000 b+
#14
b11101011010 n'
b10101000001 y'
b110100111 &(
b11001110000 W+
#15
b11101010101 n'
b10101010001 y'
b110111111 &(
#16
b11101001100 n'
b10101010100 y'
b110100110 &(
b11001100111 W+
#17
b11101010011 n'
b110111010 &(
b11001110011 W+
#18
b11101010010 n'
b10101000010 y'
b110100011 &(
b11001101100 W+
#19
b11101010110 n'
b10101001011 y'
b110100001 &(
b11001110111 W+
#20
b11101010000 n'
b110100011 &(
b11001100111 W+
#21
b11101001101 n'
b10101000011 y'
b110111010 &(
b11001101011 W+
#22
b11101001100 n'
b10101010111 y'
b110111011 &(
b11001110001 W+
#23
b11101001000 n'
b10101000000 y'
b110100000 &(
b11001110010 W+
#24
b11101010111 n'
b10101001010 y'
b110100111 &(
b11001110001 W+
#25
b11101010100 n'
b101000110 y'
b110100100 &(
b11001110000 W+
#26
b11101010010 n'
b101010111 y'
b10110111011 &(
b1001101101 W+
#27
b1101110110110111001011010111101101001000110111001011010011101101000010110100100011011111001101001010110111001011011100101101001110110100001011010011001101001110110101101011010011101101000010110111011011010011101101111110110100110011011101001101000110110100001011010001101101110100110111011011010000001101001110110100100 H$
b11101001111 n'
b101000111 y'
b10110111000 &(
b1001101110 W+
#28
b1101001100 n'
b101000001 y'
b10110101111 &(
b1001101101 W+
#29
b1101001001 n'
b101010110 y'
b10110100100 &(
b1001101110 W+
#30
b1101010010 n'
b10110111001 &(
#31
b1101010001 n'
b101010011 y'
b10110100100 &(
b1001101011 W+
#32
b1101000101 n'
b101010111 y'
b10110100001 &(
b1001110011 W+
#33
b1101010001 n'
b101010110 y'
b10110100100 &(
b1001101000 W+
#34
b1101001110 n'
b101000001 y'
b10110111001 &(
b1001101111 W+
#35
b1101011010 n'
b101000000 y'
b10110100101 &(
b1001110000 W+
#36
b1101001000 n'
b101000011 y'
b10110111001 &(
b1001101101 W+
#37
b1101010011 n'
b101010101 y'
b10110111000 &(
b1001110111 W+
#38
b1101010111 n'
b101010110 y'
b10110100100 &(
b1001101101 W+
#39
b1101010001 n'
b101010101 y'
b10110100001 &(
b1001110100 W+
#40
b1101010011 n'
b101000011 y'
b10110100110 &(
b1001100111 W+
#41
b1101001111 n'
b10101000010 y'
b10110100111 &(
b1001101101 W+
#42
b10101010000 y'
b110101100 &(
b1010010100101010010010101011001010011110101010010010100101101010100010101010100010101110001010100000101001011010100101101010010110101010111010101001001010010000101001110010101011101010101110101001011010101010001010101100101010011010101011101010101100101001011010101000001010010010101010111010101010001010101110101010001 1(
b11001110001 W+
#43
b10011010011001101101100111110010011100001001110000100110001010011101111001101000100111111110011001111001101111100110100110011100101001110001100111000010011110011001101110100110110110011011101001101110100110111110011010111001101000100110101110011111001001101000100111111110011011011001111100100110011110011011011001111101 "
b1101010000 n'
b10101000011 y'
b110100111 &(
b11001101101 W+
#44
b11101001100 n'
b10101001101 y'
b110100001 &(
b11001101111 W+
#45
b11101010110 n'
b10101001111 y'
b110111011 &(
b11001110001 W+
b11010011001101010110110101101011010101011101001100110101001111010100101101010110110101000111010011111101001100110100100011010101011101010100110101001011010011111101001100110100100111010100101101010001110100010111010100011101001110110101101011010010001101010011110101011111010100011101010011110100111111010011111101010000 b+
#46
b11101011010 n'
b10101000001 y'
b110100111 &(
#47
b11101010101 n'
b10101010001 y'
b110111111 &(
b11001110000 W+
#48
b11101001101 n'
b10101010100 y'
b110100110 &(
b11001100100 W+
#49
b11101010011 n'
b10101010101 y'
b110111010 &(
b11001110000 W+
#50
b11101010010 n'
b10101000011 y'
b110100010 &(
b11001101100 W+
#51
b11101010110 n'
b10101001011 y'
b110100001 &(
b11001110111 W+
#52
b11101010001 n'
b110100011 &(
b11001100111 W+
#53
b11101001100 n'
b10101000011 y'
b110111010 &(
b11001101011 W+
#54
b10101010111 y'
b110111011 &(
b11001110000 W+
#55
b11101001001 n'
b10101000000 y'
b110100011 &(
b11001110011 W+
#56
b11101010111 n'
b10101001000 y'
b110100100 &(
b11001110001 W+
#57
b101000001 y'
b11001110000 W+
#58
b11101001101 n'
b101010111 y'
b10110111010 &(
b1001101101 W+
#59
b1101110110110111000011010111101101001000110111001011010010001101000010110100100011011100101101001010110111001011011100001101001000110100001011010011001101001110110101100011010011101101000010110111011011010011101101111110110100110011011101001101000100110100001011010001101101110100110111011011010001101101001000110100100 H$
b11101001111 n'
b101000111 y'
b10110111000 &(
b1001101110 W+
#60
b1101001100 n'
b101000001 y'
b10110101110 &(
b1001101101 W+
#61
b1101001001 n'
b101010111 y'
b10110100100 &(
b1001101110 W+
#62
b1101010011 n'
b10110111001 &(
b1001110001 W+
#63
b1101010000 n'
b101010001 y'
b10110100100 &(
b1001101011 W+
#64
b1101001010 n'
b101010110 y'
b10110100001 &(
b1001110000 W+
#65
b1101010001 n'
b101000100 y'
b10110100101 &(
b1001101001 W+
#66
b1101001110 n'
b101000000 y'
b10110111001 &(
b1001101100 W+
#67
b1101011010 n'
b10110111010 &(
b1001110011 W+
#68
b1101001011 n'
b101000010 y'
b10110111001 &(
b1001101101 W+
#69
b1101010000 n'
b101010100 y'
b10110111000 &(
b1001110100 W+
#70
b1101010110 n'
b101010110 y'
b10110100100 &(
b1001101100 W+
#71
b1101010001 n'
b101010101 y'
b10110100001 &(
b1001110111 W+
#72
b1101010010 n'
b101000011 y'
b10110100110 &(
b1001100111 W+
#73
b1101001111 n'
b10101001000 y'
b10110100111 &(
b1001101100 W+
#74
b10101010111 y'
b110101101 &(
b1010010100101010010010101000101010011110101011101010100101101010100010101010100010101110101010100110101001011010100101101010010110101010111010101001001010010000101001001010101011101010101110101001011010101010101010101110101010011010101010001010101100101001000010101000001010010000101010110010101010001010101110101010001 1(
b11001110000 W+
#75
b10011010011001101111100111110110011100011001110001100110000010011101001001101000100111111110011001111001101111100110100010011100111001110001100111000010011110011001101110100110110110011011101001101101100110101110011010001001101001100110100010011111111001101001100111110010011011001001111111100110011110011011001001101100 "
b1101010000 n'
b10101000110 y'
b110100110 &(
b11001101101 W+
#76
b11101001100 n'
b10101000111 y'
b11001101111 W+
#77
b11101010110 n'
b10101000010 y'
b110111011 &(
b11001110001 W+
b11010011001101010110110101101011010101011101001101110101001111010100101101010110110101000111010011101101001100110100100111010101011101010101110100110111010011111101001100110100100111010100111101010000110100101011010100011101001110110101101011010010111101010000110101011011010100011101010010110100111111010011111101010000 b+
#78
b11101011011 n'
b10101000011 y'
b110100111 &(
#79
b11101010100 n'
b10101010100 y'
b110111111 &(
b11001110000 W+
#80
b11101001101 n'
b110100110 &(
b11001100100 W+
#81
b11101010011 n'
b110111011 &(
b11001110000 W+
#82
b11101010010 n'
b10101000011 y'
b110100010 &(
b11001101100 W+
#83
b11101010110 n'
b10101001011 y'
b110100001 &(
b11001110111 W+
#84
b110100011 &(
b11001100111 W+
#85
b11101001100 n'
b10101000011 y'
b110111010 &(
b11001101011 W+
#86
b10101010110 y'
b110111011 &(
b11001110001 W+
#87
b11101001000 n'
b10101000010 y'
b110100011 &(
b11001110011 W+
#88
b11101010111 n'
b10101001001 y'
b110100111 &(
b11001110001 W+
#89
b101000001 y'
b110100100 &(
b11001110000 W+
#90
b11101010010 n'
b101010111 y'
b10110111011 &(
b1001101101 W+
#91
b1101110100110111000011010111001101001000110111001011010010001101000010110100101011011100101101110100110111001011011100001101001000110100001011010011001101001110110101101011010011001101001100110111011011010011101101111110110100110011011101101101000100110100001011010001101101110100110111011011010001101101001110110100100 H$
b11101001111 n'
b101000111 y'
b10110111001 &(
b1001101110 W+
#92
b1101001100 n'
b101000000 y'
b10110101111 &(
b1001101101 W+
#93
b1101001001 n'
b101010110 y'
b10110100101 &(
b1001101110 W+
#94
b1101010011 n'
b101010111 y'
b10110111001 &(
b1001110001 W+
#95
b1101010001 n'
b101010001 y'
b10110100111 &(
b1001101011 W+
#96
b1101001011 n'
b101010110 y'
b10110100001 &(
b1001110001 W+
#97
b1101010001 n'
b101000110 y'
b10110100100 &(
b1001101001 W+
#98
b1101001110 n'
b101000001 y'
b10110111001 &(
b1001101100 W+
#99
b1101010101 n'
b101000000 y'
b10110111010 &(
b1001110011 W+
#100
b1101001000 n'
b101000011 y'
b10110111001 &(
b1001101010 W+
#101
b1101010000 n'
b101010100 y'
b10110111000 &(
b1001110100 W+
#102
b1101010111 n'
b101010110 y'
b10110100100 &(
b1001101100 W+
#103
b1101010110 n'
b101010101 y'
b10110100001 &(
b1001110111 W+
#104
b1101010011 n'
b101000011 y'
b10110100110 &(
b1001100100 W+
#105
b1101001111 n'
b10101001000 y'
b10110100111 &(
b1001101100 W+
#106
b10101010111 y'
b110101101 &(
b1010010100101011101010101011001010011110101010010010100101101010101100101010100010101110001010100110101001011010100101101010010110101010110010101001001010010110101001001010101011101010101110101001010010101010001010101110101010011010101010001010101100101001011010101000001010010010101010110010101010001010101110101010001 1(
b11001110001 W+
#107
b10011010011001101111100111110110011100011001110000100111000010011101001001101000100111111110011001111001101111100110100110011100111001110001100111000110011110001001101110100110110110011011101001101101100110101110011010011001101001100110100010011111111001101010100111100010011011001001111111100110010010011011001001111101 "
b1101010000 n'
b10101000110 y'
b110100111 &(
b11001101101 W+
#108
b11101001100 n'
b10101000111 y'
b110100001 &(
b11001101111 W+
#109
b11101010110 n'
b10101000010 y'
b110111010 &(
b11001110001 W+
b11010011001101010110110101101111010101001101001101110101001111010100101101010110110101010011010011101101001100110100100011010101011101010101110101001011010011111101001100110100100111010100111101010001110100101111010100011101001110110101010111010010001101010000110101011111010101101101010011110100111111010011111101010000 b+
#110
b11101011010 n'
b110100111 &(
#111
b11101010100 n'
b10101010100 y'
b110111111 &(
b11001110000 W+
#112
b11101001101 n'
b110100111 &(
b11001100111 W+
#113
b11101010011 n'
b10101010101 y'
b110111011 &(
b11001110011 W+
#114
b11101010010 n'
b10101000000 y'
b110100010 &(
b11001101100 W+
#115
b11101010111 n'
b10101001000 y'
b110100001 &(
b11001110111 W+
#116
b11101010110 n'
b10101001011 y'
b110100011 &(
b11001100111 W+
#117
b11101001100 n'
b10101000011 y'
b110100101 &(
b11001101010 W+
#118
b11101001101 n'
b10101010111 y'
b110111011 &(
b11001110000 W+
#119
b11101001000 n'
b10101000000 y'
b110100011 &(
b11001110011 W+
#120
b11101010111 n'
b10101001000 y'
b110100111 &(
b11001110001 W+
#121
b101000011 y'
b110100100 &(
#122
b11101001101 n'
b101010111 y'
b10110111011 &(
b1001101101 W+
#123
b1101110110110111001011010111101101001010110111001011010011101101000010110100100011011100101101110100110111001011011100001101001000110100001011010011001101001110110101101011010011101101000010110111010011010011101101111110110100111011011101101101000100110100001011010001101101001010110111011011010001101101001110110100100 H$
b11101001111 n'
b101000110 y'
b10110111000 &(
b1001101111 W+
#124
b1101001101 n'
b101000000 y'
b10110101111 &(
b1001101101 W+
#125
b1101001001 n'
b101010110 y'
b10110100100 &(
b1001101110 W+
#126
b1101010011 n'
b10110111001 &(
b1001110001 W+
#127
b1101010001 n'
b101010011 y'
b10110100111 &(
b1001101101 W+
#128
b1101001010 n'
b101010111 y'
b10110100001 &(
b1001110000 W+
#129
b1101010000 n'
b101010100 y'
b10110100100 &(
b1001101001 W+
#130
b1101001001 n'
b101000000 y'
b10110111001 &(
b1001101111 W+
#131
b1101011010 n'
b10110111010 &(
b1001110010 W+
#132
b1101001000 n'
b101000011 y'
b10110111001 &(
b1001101101 W+
#133
b1101010011 n'
b101010101 y'
b10110111000 &(
b1001110100 W+
#134
b1101010111 n'
b101010110 y'
b10110100101 &(
b1001101100 W+
#135
b1101010110 n'
b101010101 y'
b10110100001 &(
b1001110111 W+
#136
b1101010011 n'
b101000011 y'
b10110100110 &(
b1001100100 W+
#137
b1101001111 n'
b10101000010 y'
b10110100111 &(
b1001101101 W+
#138
b10101010010 y'
b110101101 &(
b1010010100101011101010101011001010011110101010010010100101001010101100101010100010101110101010100000101001000010100101101010010110101010111010101001001010010000101001001010101011101010101100101001010010101010001010101100101010011010101011101010101100101001000010101000001010010010101010111010101010001010101110101010001 1(
b11001110001 W+
#139
b10011010011001101111100111110110011100011001110000100110001010011101111001101000100111111110011001111001101110100110100010011100111001110001100111000110011010011001101111100110110110011011111001101101100110100110011111001001101001100110101110011111101001101001100111110010011011001001111111100110010010011011011001111101 "
b1101010000 n'
b10101000110 y'
b110100111 &(
b11001101101 W+
#140
b11101001100 n'
b10101000111 y'
b110100110 &(
b11001101111 W+
#141
b11101010110 n'
b10101000010 y'
b110111010 &(
b11001110001 W+
b11010011001101010110110101101011010101001101001101110101001111010100101101010111110101011011010011001101001101110100100011010101011101010101110100110111010011111101001101110100100111010100111101010001110100101011010100001101001001110101101011010010001101010011110101011111010101101101010011110100111111010011111101010000 b+
#142
b11101011010 n'
b110100100 &(
#143
b11101010100 n'
b10101010100 y'
b110111111 &(
b11001110011 W+
#144
b11101001100 n'
b110100110 &(
b11001100111 W+
#145
b11101010011 n'
b10101010101 y'
b110111011 &(
b11001110011 W+
#146
b11101010010 n'
b10101000001 y'
b110100010 &(
b11001101100 W+
#147
b11101010111 n'
b10101001010 y'
b110100001 &(
b11001110100 W+
#148
b11101010110 n'
b10101001001 y'
b110100011 &(
b11001100111 W+
#149
b11101001101 n'
b10101000010 y'
b110111010 &(
b11001101011 W+
#150
b11101001100 n'
b10101010111 y'
b110111011 &(
b11001110000 W+
#151
b11101001000 n'
b10101000000 y'
b110100011 &(
b11001110010 W+
#152
b11101010110 n'
b10101001010 y'
b110100111 &(
b11001101110 W+
#153
b11101010111 n'
b101000110 y'
b110100100 &(
b11001110001 W+
#154
b11101010010 n'
b101010111 y'
b10110111011 &(
b1001101101 W+
#155
b1101110110110111000011010111101101001000110111001011010011101101000010110100100011011100101101110100110111001011011100001101001010110100001011010011001101001110110101101011010011101101001100110111010011010010001101111110110100110011011101101101000100110100001011010001101101110100110111011011010001101101001110110100100 H$
b11101001110 n'
b101000111 y'
b10110111001 &(
b1001101111 W+
#156
b1101001101 n'
b101000001 y'
b10110101111 &(
b1001101101 W+
#157
b1101001001 n'
b101010110 y'
b10110100100 &(
b1001101110 W+
#158
b1101010011 n'
b10110111001 &(
b1001110001 W+
#159
b1101010001 n'
b101010010 y'
b10110100111 &(
b1001101011 W+
#160
b1101001010 n'
b101010111 y'
b10110100001 &(
b1001110000 W+
#161
b1101010000 n'
b101000100 y'
b10110100101 &(
b1001101001 W+
#162
b1101001001 n'
b101000000 y'
b10110111001 &(
b1001101111 W+
#163
b1101011010 n'
b10110111010 &(
b1001110010 W+
#164
b1101001011 n'
b101000011 y'
b10110111001 &(
b1001101101 W+
#165
b1101010011 n'
b101010100 y'
b10110111000 &(
b1001110100 W+
#166
b1101010111 n'
b101010110 y'
b10110100100 &(
b1001101101 W+
#167
b1101010110 n'
b101010101 y'
b10110100001 &(
b1001110100 W+
#168
b1101010011 n'
b101000011 y'
b1001100100 W+
#169
b1101001111 n'
b10101001000 y'
b10110100111 &(
b1001101101 W+
#170
b1101001110 n'
b10101010111 y'
b110101100 &(
b1010010100101010010010101011001010011110101010010010100101001010101100101010100010101110101010100110101001000010100101101010010000101010111010101001001010010000101001110010101011101010101110101001011010101010001010101100101010010010101011101010101100101001000010101000001010010010101010110010101010001010101110101010001 1(
b11001110001 W+
#171
b10011010011001101111100111110110011100011001110011100110001110011101111001101001100111110010011001101001101111100110100010011100101001101010100111110110011010011001101111100110110110011011101001101101100110101110011010001001101001100110101110011111101001101001100111110010011011011001111100100110010010011011011001101101 "
b1101010011 n'
b10101000110 y'
b110100110 &(
b11001101101 W+
#172
b11101001100 n'
b10101001101 y'
b11001101100 W+
#173
b11101010110 n'
b10101001111 y'
b110111010 &(
b11001110001 W+
b11010011001101010110110101101011010101001101001100110101001111010100101101010111110101011011010011011101001100110100100011010101001101010101110101001011010011101101001101110100100111010100111101010001110100101011010100001101001001110101101011010010111101010011110101011111010101101101010011110100111111010011101101010011 b+
#174
b11101011010 n'
b10101000011 y'
b110100111 &(
#175
b11101010100 n'
b10101010100 y'
b110111111 &(
b11001110000 W+
#176
b11101001100 n'
b10101010101 y'
b110100111 &(
b11001100100 W+
#177
b11101010011 n'
b110111011 &(
b11001110000 W+
#178
b11101010010 n'
b10101000010 y'
b110100010 &(
b11001101100 W+
#179
b11101010110 n'
b10101001011 y'
b110100001 &(
b11001110111 W+
#180
b110100011 &(
b11001100100 W+
#181
b11101001100 n'
b10101000011 y'
b110111010 &(
b11001101011 W+
#182
b10101010111 y'
b110111011 &(
b11001110001 W+
#183
b11101001000 n'
b10101000000 y'
b110100011 &(
b11001110011 W+
#184
b11101010111 n'
b10101001010 y'
b110100111 &(
b11001110001 W+
#185
b101000110 y'
b110100100 &(
b11001110000 W+
#186
b11101010010 n'
b101010111 y'
b10110111011 &(
b1001101101 W+
#187
b1101110110110111001011010111101101001000110111001011010011101101000010110100101011011100101101110100110111001011011100001101001000110100001011010000101101001110110101100011010011001101001100110111010011010011101101111110110100111011011101101101000100110100001011010001101101110100110111011011010001101101001110110100100 H$
b11101001111 n'
b101000110 y'
b10110111001 &(
b1001101100 W+
#188
b1101001100 n'
b101000001 y'
b10110101111 &(
b1001101101 W+
#189
b1101001110 n'
b101010110 y'
b10110100101 &(
b1001101110 W+
#190
b1101010010 n'
b10110111000 &(
b1001110001 W+
#191
b1101010000 n'
b101010011 y'
b10110100111 &(
b1001101011 W+
#192
b1101001010 n'
b101010111 y'
b10110100001 &(
b1001110000 W+
#193
b1101010001 n'
b101000110 y'
b10110100101 &(
b1001101001 W+
#194
b1101001001 n'
b101000001 y'
b10110111001 &(
b1001101100 W+
#195
b1101011010 n'
b101000000 y'
b10110111010 &(
b1001110011 W+
#196
b1101001011 n'
b101000010 y'
b10110111001 &(
b1001101101 W+
#197
b1101010000 n'
b101010100 y'
b10110111000 &(
b1001110100 W+
#198
b1101010110 n'
b101010110 y'
b10110100100 &(
b1001101101 W+
#199
b1101010001 n'
b101010100 y'
b10110100110 &(
b1001110111 W+
#200
b1101010011 n'
b101000011 y'
b1001100100 W+
#201
b1101001111 n'
b10101001000 y'
b10110100100 &(
b1001101101 W+
#202
b10101010111 y'
b110101101 &(
b1010010100101011101010101011001010011110101011101010100101101010101100101010101010101110101010100000101001011010100101101010010110101010111010101001001010010000101001110010101011101010101100101001011010101010001010101100101010011010101011101010101100101001011010101000001010010000101010110010101010001010101100101010001 1(
b11001110000 W+
#203
b10011010011001101100100111110110011100011001110000100110000010011101001001101000100111110110011001001001101111100110100110011100111001110001100111000010011110011001101100100110110110011011101001101101100110101110011010001001101001100110100010011111111001101001100111110010011011011001111111100110010010011011011001101100 "
b1101010011 n'
b10101000110 y'
b110100111 &(
b11001101101 W+
#204
b11101001100 n'
b10101001101 y'
b110100001 &(
b11001101111 W+
#205
b11101010110 n'
b10101001111 y'
b110111010 &(
b11001110001 W+
b11010011001101010110110101101011010101001101001100110101001111010100101101010111110101011011010011001101001100110100100011010101011101010101110101001011010011111101001100110100111011010100101101010000110100101011010100011101001001110101101011010010111101010000110101011011010100011101010011110100111111010011111101010011 b+
#206
b11101011011 n'
b10101000000 y'
b110100100 &(
#207
b11101010100 n'
b10101010001 y'
b110111111 &(
b11001110000 W+
#208
b11101001101 n'
b10101010100 y'
b110100111 &(
b11001100111 W+
#209
b11101010011 n'
b110111011 &(
b11001110000 W+
#210
b11101010010 n'
b10101000011 y'
b110100011 &(
b11001101100 W+
#211
b11101010110 n'
b10101001011 y'
b110100001 &(
b11001110111 W+
#212
b10101001001 y'
b110100011 &(
b11001100100 W+
#213
b11101001100 n'
b10101000010 y'
b110111011 &(
b11001101011 W+
#214
b10101010111 y'
b11001110001 W+
#215
b11101001000 n'
b10101000000 y'
b110100000 &(
b11001110011 W+
#216
b11101010111 n'
b10101001010 y'
b110100111 &(
b11001101110 W+
#217
b101000110 y'
b110100101 &(
b11001110000 W+
#218
b11101010010 n'
b101010111 y'
b10110111011 &(
b1001101101 W+
#219
b1101110110110111001011010111101101001010110111000011010011101101000010110100101011011100101101110100110111001011011100001101001000110100110011010011001101001000110101101011010011101101000010110111010011010010001101111110110100111011011101101101000110110100001011010001101101110110110111011011010000001101001110110100101 H$
b11101001111 n'
b101000110 y'
b10110111000 &(
b1001101111 W+
#220
b1101001100 n'
b101000000 y'
b10110101111 &(
b1001101101 W+
#221
b1101001001 n'
b101010111 y'
b10110100101 &(
b1001101110 W+
#222
b1101010010 n'
b101010110 y'
b10110111001 &(
b1001110001 W+
#223
b1101010000 n'
b101010011 y'
b10110100100 &(
b1001101010 W+
#224
b1101001010 n'
b101010111 y'
b10110100001 &(
b1001110000 W+
#225
b1101010001 n'
b101000100 y'
b10110100100 &(
b1001100110 W+
#226
b1101001001 n'
b101000000 y'
b10110111001 &(
b1001101100 W+
#227
b1101011010 n'
b10110100101 &(
b1001110011 W+
#228
b1101001011 n'
b101000011 y'
b10110111001 &(
b1001101101 W+
#229
b1101010000 n'
b101010101 y'
b1001110100 W+
#230
b1101010110 n'
b101010110 y'
b10110100100 &(
b1001101101 W+
#231
b101010111 y'
b10110100001 &(
b1001110111 W+
#232
b1101010010 n'
b101000110 y'
b10110100110 &(
b1001100100 W+
#233
b1101001100 n'
b10101001000 y'
b10110100111 &(
b1001101101 W+
#234
b1101001111 n'
b10101010111 y'
b110101101 &(
b1010010100101011101010101011001010011110101011101010100101001010100010101010100010101110001010100110101001011010100101101010010000101010111010101001001010010000101001110010101011101010101100101001010010101010101010101100101010011010101011101010101100101001000010101000001010010010101010111010101010001010101110101010110 1(
b11001110001 W+
#235
b10011010011001101111100111110110011100011001110000100110001010011101001001101000100111111110011001001001101111100111100110011100111001101010100111110010011010011001101111100110110110011011101001101101100110101010011010001001100010100110110010011111111001101001100111110010011011011001111111100110010010011011011001111101 "
b1101010000 n'
b10101000110 y'
b110100110 &(
b11001101101 W+
#236
b11101001101 n'
b10101001101 y'
b110100001 &(
b11001101111 W+
#237
b11101010110 n'
b10101001111 y'
b110111010 &(
b11001110001 W+
b11010011001101010110110101101111010101001101001101110101001111010100101101010111110101011011010011001101001100110100100011010101011101010101110101001011010011111101001100110100100111010100101101010000110100101011010100011101001001110101101011010010111101010000110101011011010101101101010010110100110011010011111101010000 b+
#238
b11101011011 n'
b10101000010 y'
b110100100 &(
#239
b11101010101 n'
b10101010100 y'
b110111111 &(
#240
b11101010010 n'
b110100111 &(
b11001100111 W+
#241
b11101010011 n'
b10101010101 y'
b110111010 &(
b11001110011 W+
#242
b11101010010 n'
b10101000010 y'
b110100010 &(
b11001101111 W+
#243
b11101010111 n'
b10101001011 y'
b110100001 &(
b11001110100 W+
#244
b11101010110 n'
b10101001010 y'
b110100000 &(
b11001100111 W+
#245
b11101001100 n'
b10101000011 y'
b110111010 &(
b11001101011 W+
#246
b10101010111 y'
b11001110001 W+
#247
b11101001000 n'
b10101000000 y'
b110100000 &(
b11001110011 W+
#248
b11101010111 n'
b10101001001 y'
b110100100 &(
b11001101110 W+
#249
b101000001 y'
b110100101 &(
b11001110000 W+
#250
b11101010010 n'
b101010110 y'
b10110111011 &(
b1001101101 W+
#251
b1101110110110111000011010111101101001010110111001011010010001101000010110100100011011100101101001010110111001011011100101101001000110100001011010011001101001110110101101011010011001101000010110111010011010010001101111110110100111011011101001101000100110100001011010000001101110100110111010011010000001101001000110100101 H$
b11101001111 n'
b101000111 y'
b10110111000 &(
b1001101110 W+
#252
b1101001111 n'
b101000001 y'
b10110101111 &(
b1001101101 W+
#253
b1101001001 n'
b101010111 y'
b10110100100 &(
b1001101110 W+
#254
b1101010010 n'
b10110111001 &(
b1001110001 W+
#255
b1101010000 n'
b101010001 y'
b10110100111 &(
b1001101010 W+
#256
b1101001010 n'
b101010110 y'
b10110100001 &(
b1001110011 W+
#257
b1101010001 n'
b101000100 y'
b10110100101 &(
b1001101000 W+
#258
b1101001110 n'
b101000000 y'
b10110111001 &(
b1001101111 W+
#259
b1101011010 n'
b10110100101 &(
b1001110011 W+
#260
b1101001011 n'
b101000011 y'
b10110111001 &(
b1001101101 W+
#261
b1101010000 n'
b101010101 y'
b10110111000 &(
b1001110100 W+
#262
b1101010111 n'
b101010111 y'
b10110100100 &(
b1001101100 W+
#263
b1101010110 n'
b101010101 y'
b10110100001 &(
b1001110100 W+
#264
b1101010011 n'
b101000011 y'
b1001100100 W+
#265
b1101001111 n'
b10101001000 y'
b10110100111 &(
b1001101101 W+
#266
b10101010111 y'
b110101101 &(
b1010010100101011101010101011001010011110101011101010100101001010101100101010100010101110101010100000101001011010100101001010010110101010111010101001001010010010101001001010101010001010101110101001011010101010101010101110101010011010101010001010101100101001000010101000001010010010101010111010101010101010101110101010001 1(
b11001110001 W+
#267
b10011010011001101111100111110110011100011001110001100111001110011101111001101011100111110110011001101001101111100110100110011100111001101010100111110010011010011001101110100110110110011011101001101101100110101010011010111001101000100110101110011111111001101001100111110010011011001001111100100110010010011011011001101101 "
b1101010001 n'
b10101000110 y'
b110100110 &(
b11001101101 W+
#268
b11101001100 n'
b10101001101 y'
b110100001 &(
b11001101111 W+
#269
b11101010110 n'
b10101001111 y'
b110111010 &(
b11001110000 W+
b11010011011101010110110101101111010101011101010010110101001111010100101101010111110101011011010011001101001100110100100011010101011101010101110101001011010011111101001111110100100111010100101101010000110100101011010100011101001110110101101011010010111101010000110101011111010101101101010011110100111111010011111101010001 b+
#270
b11101011010 n'
b10101000010 y'
b110100111 &(
b11001110001 W+
#271
b11101010101 n'
b10101010100 y'
b110111111 &(
b11001110011 W+
#272
b11101001101 n'
b110100111 &(
b11001100111 W+
#273
b11101010011 n'
b10101010101 y'
b110111010 &(
b11001110011 W+
#274
b11101010010 n'
b10101000010 y'
b110100011 &(
b11001101100 W+
#275
b11101010110 n'
b10101001011 y'
b110100001 &(
b11001110100 W+
#276
b11101010000 n'
b110100011 &(
b11001100111 W+
#277
b11101001101 n'
b10101000011 y'
b110111010 &(
b11001101011 W+
#278
b11101001100 n'
b10101010111 y'
b11001110001 W+
#279
b11101001000 n'
b10101000000 y'
b110100000 &(
b11001110011 W+
#280
b11101010111 n'
b10101001001 y'
b110100111 &(
b11001101110 W+
#281
b101000001 y'
b110100101 &(
b11001110000 W+
#282
b11101010010 n'
b101010110 y'
b10110111011 &(
b1001101101 W+
#283
b1101110110110111000011010111101101001000110111001011010011101101000010110100101011011100101101001010110111001011011100001101001000110100001011010000101101001110110101101011010011001101000010110111010011010011101101111110110100111011011101001101000110110100001011010001101101110100110111010011010000001101001110110100101 H$
b11101001100 n'
b101000111 y'
b10110111000 &(
b1001101110 W+
#284
b1101001100 n'
b101000001 y'
b10110101111 &(
b1001101100 W+
#285
b1101001001 n'
b101010111 y'
b10110100100 &(
b1001101110 W+
#286
b1101010010 n'
b101010110 y'
b10110111001 &(
b1001110001 W+
#287
b1101010000 n'
b101010000 y'
b10110100111 &(
b1001101010 W+
#288
b1101001010 n'
b101010110 y'
b10110100001 &(
b1001110000 W+
#289
b1101010000 n'
b101000100 y'
b10110100101 &(
b1001101001 W+
#290
b1101001110 n'
b101000000 y'
b10110111001 &(
b1001101100 W+
#291
b1101010101 n'
b10110111010 &(
b1001110011 W+
#292
b1101001011 n'
b101000011 y'
b10110111001 &(
b1001101101 W+
#293
b1101010000 n'
b101010100 y'
b10110111000 &(
b1001110100 W+
#294
b1101010111 n'
b101010111 y'
b10110100111 &(
b1001101100 W+
#295
b1101010110 n'
b101010101 y'
b10110100001 &(
b1001110111 W+
#296
b1101010011 n'
b101000010 y'
b10110100110 &(
b1001100100 W+
#297
b1101001100 n'
b10101000010 y'
b10110100111 &(
b1001101101 W+
#298
b1101001111 n'
b10101010010 y'
b110101100 &(
b1010010100101011101010101011001010011110101011101010100101001010101100101010100010101110101010100000101001011010100101101010010110101010111010101001001010010010101001001010101010001010101110101001011010101010101010101100101010010010101010001010101100101001000010101000001010010010101010110010101010101010101110101010000 1(
b11001110001 W+
#299
b10011010011001101111100111110010011100011001110011100110001110011101111001101001100111110010011001111001101111100111100110011100111001101010100111110010011010011001101110100110110010011011101001101101100110101010011010001001101001100110100010011111111001101001100111110010011011001001111111100110010010011011011001111101 "
b1101010000 n'
b10101000101 y'
b110100110 &(
b11001101101 W+
#300
b11101001100 n'
b10101000110 y'
b11001101111 W+
#301
b11101010110 n'
b10101000010 y'
b110111010 &(
b11001110001 W+
b11010011001101010110110101101011010101011101001101110101001111010100101101010110110101001011010011011101001100110100100011010101011101010101110101001011010011001101001100110100100111010100101101010000110100101011010100001101001110110101010111010010111101010000110101011111010101101101010011110100110011010011111101010000 b+
#302
b11101011010 n'
b10101000011 y'
b110100111 &(
#303
b11101010101 n'
b10101010100 y'
b110111111 &(
b11001110011 W+
#304
b11101001101 n'
b110100110 &(
b11001100100 W+
#305
b11101010011 n'
b10101010111 y'
b110111011 &(
b11001110000 W+
#306
b11101010010 n'
b10101000001 y'
b110100010 &(
b11001101100 W+
#307
b11101010110 n'
b10101001010 y'
b110100001 &(
b11001110100 W+
#308
b11101010001 n'
b10101001011 y'
b110100011 &(
b11001100111 W+
#309
b11101001101 n'
b10101000011 y'
b110100101 &(
b11001101011 W+
#310
b11101001100 n'
b10101010111 y'
b110111010 &(
b11001110001 W+
#311
b11101001000 n'
b10101000001 y'
b110100000 &(
b11001110011 W+
#312
b11101010111 n'
b10101001010 y'
b110100111 &(
b11001101110 W+
#313
b11101010100 n'
b101000110 y'
b110100100 &(
b11001110000 W+
#314
b11101001101 n'
b101010111 y'
b10110111011 &(
b1001101101 W+
#315
b1101110110110111000011010111101101001000110111001011010011101101000010110100101011011100101101110100110111001011011100001101001110110100001011010011001101001110110101100011010011001101001100110111010011010011101101111110110100110011011101101101000100110100001011010001101101001010110111010011010000001101001110110100100 H$
b11101001111 n'
b101000111 y'
b10110111000 &(
b1001101110 W+
#316
b1101001101 n'
b101000001 y'
b10110101111 &(
b1001101101 W+
#317
b1101001110 n'
b101010110 y'
b10110100100 &(
b1001110001 W+
#318
b1101010010 n'
b10110111000 &(
b1001101110 W+
#319
b1101010000 n'
b101010001 y'
b10110100111 &(
b1001101011 W+
#320
b1101001010 n'
b101010110 y'
b10110100000 &(
b1001110000 W+
#321
b1101010001 n'
b101000100 y'
b10110100101 &(
b1001101001 W+
#322
b1101001110 n'
b101000000 y'
b10110111001 &(
b1001101111 W+
#323
b1101010101 n'
b10110100101 &(
b1001110011 W+
#324
b1101001000 n'
b101000010 y'
b10110111000 &(
b1001101101 W+
#325
b1101010011 n'
b101010100 y'
b10110111001 &(
b1001110111 W+
#326
b1101010111 n'
b101010111 y'
b10110100100 &(
b1001101101 W+
#327
b1101010001 n'
b10110100001 &(
b1001110100 W+
#328
b1101010010 n'
b101000110 y'
b10110100110 &(
b1001100100 W+
#329
b1101001111 n'
b10101000010 y'
b10110100111 &(
b1001101100 W+
#330
b10101010010 y'
b110101100 &(
b1010010100101010010010101011101010011000101010010010100101101010101100101010100010101110101010100110101001000010100101101010010110101010111010101001101010010000101001110010101011101010101110101001011010101010001010101100101010011010101010001010101100101001000010101000001010010000101010110010101010101010101110101010110 1(
b11001110000 W+
#331
b10011010011001101111100111110110011100011001110011100111000110011101001001101000100111110010011001101001101111100111100110011100111001101010100111110010011010011001101110100110110110011111011001101010100110111110011010001001101001100110101110011111111001101001100111111110011011011001111101100110010010011011001001101100 "
b1101010000 n'
b10101000110 y'
b110100110 &(
b11001101101 W+
#332
b11101001100 n'
b10101000111 y'
b110100001 &(
b11001101111 W+
#333
b11101010110 n'
b10101000010 y'
b110111010 &(
b11001110001 W+
b11010011001101010110110101101011010101011101001101110101001111010100101101010110110101001011010011011101001100110100100011010101011101010100110100110111010011111101001101110100111011010100101101010000110100101011010100011101001110110101010111010010001101010011110101011111010100011101010010110100111111010011111101010000 b+
#334
b11101011010 n'
b110100111 &(
#335
b11101010100 n'
b10101010100 y'
b110111110 &(
b11001110000 W+
#336
b11101001101 n'
b110100111 &(
b11001100111 W+
#337
b11101010011 n'
b110111011 &(
b11001110000 W+
#338
b11101010010 n'
b10101000010 y'
b110101101 &(
b11001101100 W+
#339
b11101010110 n'
b10101001011 y'
b110100001 &(
b11001110111 W+
#340
b10101001001 y'
b110100011 &(
b11001100111 W+
#341
b11101001100 n'
b10101000010 y'
b110100101 &(
b11001101011 W+
#342
b10101010111 y'
b110111010 &(
b11001110001 W+
#343
b11101001001 n'
b10101000000 y'
b110100011 &(
b11001110011 W+
#344
b11101010110 n'
b10101001010 y'
b110100111 &(
b11001101110 W+
#345
b11101010100 n'
b101000110 y'
b110100100 &(
b11001110000 W+
#346
b11101010010 n'
b101010111 y'
b10110111011 &(
b1001101101 W+
#347
b1101110110110111000011010111101101001000110111000011010011101101000000110100101011011100101101001010110111000011011100101101001000110100001011010011001101001110110101100011010011001101000010110111010011010011101101111100110100111011011101101101011010110100001011010001101101001010110111010011010001101101001110110100100 H$
b11101001110 n'
b101000111 y'
b10110111000 &(
b1001110001 W+
#348
b1101001100 n'
b101000001 y'
b10110101111 &(
b1001101101 W+
#349
b1101001001 n'
b101010110 y'
b10110100100 &(
b1001101110 W+
#350
b1101010010 n'
b10110111000 &(
#351
b1101010000 n'
b101010001 y'
b10110100100 &(
b1001101011 W+
#352
b1101001010 n'
b101010110 y'
b10110100001 &(
b1001110000 W+
#353
b1101010001 n'
b101000110 y'
b10110100100 &(
b1001101001 W+
#354
b1101001001 n'
b101000001 y'
b10110111001 &(
b1001101111 W+
#355
b1101011010 n'
b101000000 y'
b10110100101 &(
b1001110011 W+
#356
b1101001011 n'
b101000011 y'
b10110111001 &(
b1001101101 W+
#357
b1101010011 n'
b101010100 y'
b1001110100 W+
#358
b1101010110 n'
b10110100100 &(
b1001101101 W+
#359
b1101010001 n'
b101010110 y'
b10110100001 &(
b1001110100 W+
#360
b1101010011 n'
b101000110 y'
b1001100111 W+
#361
b1101001100 n'
b10101001000 y'
b10110100111 &(
b1001101101 W+
#362
b1101001111 n'
b10101010111 y'
b110101100 &(
b1010010100101010010010101011001010011110101010010010100101001010101100101010100010101110001010100000101001011010100101101010010000101010111010101001001010010000101001110010101011101010101110101001011010101010001010101100101010011010101010001010101100101001011010101000001010010010101010110010101010001010101000101010110 1(
b11001110000 W+
#363
b10011010001001101111100111110110011100011001110000100111001010011101001001101000100111111110011001111001101111100110100110011100111001101011100111110010011010001001111101100110100110011011101001101110100110111110011010001001101001100110101110011111111001101001100111110010011011011001111100100110011110011011011001111100 "
b1101010000 n'
b10101000110 y'
b110100110 &(
b11001101101 W+
#364
b11101001100 n'
b10101000111 y'
b110100000 &(
b11001101111 W+
#365
b11101010110 n'
b10101000010 y'
b110111010 &(
b11001110000 W+
b11010011001101010110110101101011010101001101001101110101001111010100101101010110110101011011010011001101001100110100100111010101001101010100110101001011010011101101001100110100100111010100101101010000110100101011010100011101001001110101101011010010111101010011110101011011010100011101010011110100110011010011111101010000 b+
#366
b11101011010 n'
b10101000011 y'
b110100111 &(
b11001110001 W+
#367
b11101010100 n'
b10101010100 y'
b110111110 &(
b11001110000 W+
#368
b11101001101 n'
b110100111 &(
b11001100100 W+
#369
b11101010011 n'
b10101010101 y'
b110111011 &(
b11001110000 W+
#370
b11101010010 n'
b10101000000 y'
b110100010 &(
b11001101100 W+
#371
b11101010110 n'
b10101001000 y'
b110100001 &(
b11001110100 W+
#372
b10101001011 y'
b110100000 &(
b11001100111 W+
#373
b11101001101 n'
b10101000011 y'
b110111010 &(
b11001101010 W+
#374
b11101001100 n'
b10101010111 y'
b110111011 &(
b11001110001 W+
#375
b11101001000 n'
b10101000000 y'
b110100000 &(
b11001110011 W+
#376
b11101010111 n'
b10101001010 y'
b110100100 &(
b11001101110 W+
#377
b101000110 y'
b11001110000 W+
#378
b11101001101 n'
b101010101 y'
b10110111011 &(
b1001101101 W+
#379
b1101110110110111000011010111101101001000110111000011010010001101000010110100100011011100101101001010110111001011011100101101001000110100001011010000101101001110110101100011010011001101000000110111010011010011101101111100110100111011011101101101000100110100001011010000001101110100110111011011010000001101001000110100100 H$
b11101001110 n'
b101000110 y'
b10110111000 &(
b1001101111 W+
#380
b1101001100 n'
b101000001 y'
b10110101111 &(
b1001101101 W+
#381
b1101001000 n'
b101010110 y'
b10110100100 &(
b1001101110 W+
#382
b1101010010 n'
b10110111000 &(
b1001110001 W+
#383
b1101010001 n'
b101010001 y'
b10110100111 &(
b1001101011 W+
#384
b1101001010 n'
b101010110 y'
b10110100001 &(
b1001110000 W+
#385
b1101010001 n'
b101010100 y'
b10110100100 &(
b1001100110 W+
#386
b1101001001 n'
b101000000 y'
b10110111001 &(
b1001101111 W+
#387
b1101011010 n'
b10110111010 &(
b1001110010 W+
#388
b1101001011 n'
b101000011 y'
b10110111001 &(
b1001101101 W+
#389
b1101010000 n'
b101010100 y'
b10110111000 &(
b1001110100 W+
#390
b1101010110 n'
b101010101 y'
b10110100100 &(
b1001101101 W+
#391
b101010110 y'
b10110100001 &(
b1001110100 W+
#392
b1101010011 n'
b101000110 y'
b10110100110 &(
b1001100100 W+
#393
b1101001100 n'
b10101001000 y'
b1001101101 W+
#394
b1101001110 n'
b10101010111 y'
b110101101 &(
b1010010100101011101010101011001010011110101010010010100101101010101100101010100010101110101010100000101001000010100101101010010110101010111010101001001010010000101001110010101011101010101000101001011010101010001010101100101010011010101010001010101100101001000010101000001010010010101010110010101010101010101000101010110 1(
b11001110001 W+
#395
b10011010011001101111100111110010011100011001110000100110000010011101001001101000100111110010011001101001101110100110100110011100111001101010100111110010011010011001101111100110110110011011101001101101100110101110011010001001100010100110111110011111101001101001100111110010011011011001111100100110010010011011011001101101 "
b1101010000 n'
b10101000110 y'
b110100110 &(
b11001101100 W+
#396
b11101001101 n'
b10101000111 y'
b110100000 &(
b11001101111 W+
#397
b11101010110 n'
b10101000010 y'
b110111011 &(
b11001110001 W+
b11010011001101010110110101101011010101001101001101110101001111010100101101010110110101011011010011011101001100110100100011010101011101010101110100110111010011101101001100110100100011010100101101010001110100101011010100011101001001110101101011010010111101010000110101011011010101101101010011110100110011010011101101010000 b+
#398
b11101011010 n'
b10101000011 y'
b110100111 &(
#399
b11101010100 n'
b10101010100 y'
b110111111 &(
b11001110011 W+
#400
b11101001101 n'
b110100111 &(
b11001100100 W+
#401
b11101010011 n'
b10101010101 y'
b110111010 &(
b11001110000 W+
#402
b11101010010 n'
b10101000010 y'
b110100010 &(
b11001101100 W+
#403
b11101010110 n'
b10101001001 y'
b110100001 &(
b11001110100 W+
#404
b10101001010 y'
b110100011 &(
b11001100100 W+
#405
b11101001100 n'
b10101000011 y'
b110111010 &(
b11001101010 W+
#406
b11101001101 n'
b10101010110 y'
b110111011 &(
b11001110000 W+
#407
b11101001000 n'
b10101000000 y'
b110100011 &(
b11001110011 W+
#408
b11101010111 n'
b10101001001 y'
b110100111 &(
b11001101110 W+
#409
b101000001 y'
b110100101 &(
b11001110000 W+
#410
b11101001101 n'
b101010110 y'
b10110111011 &(
b1001101100 W+
#411
b1101110110110111000011010111101101001000110111000011010011101101000010110100100011011100101101110100110111001011011100001101001000110100001011010011001101001100110101101011010011001101000000110111011011010011101101111110110100111011011101001101000100110100001011010001101101110100110111011011010001101101001110110100101 H$
b11101001111 n'
b101000111 y'
b10110111000 &(
b1001101111 W+
#412
b1101001100 n'
b101000001 y'
b10110101111 &(
b1001101101 W+
#413
b1101001001 n'
b101010110 y'
b10110100100 &(
b1001101110 W+
#414
b1101010010 n'
b101010111 y'
b10110111001 &(
b1001110001 W+
#415
b1101010001 n'
b101010000 y'
b10110100111 &(
b1001101011 W+
#416
b1101001010 n'
b101010110 y'
b10110100001 &(
b1001110000 W+
#417
b1101010001 n'
b101000100 y'
b10110100100 &(
b1001101001 W+
#418
b1101001110 n'
b101000010 y'
b10110111001 &(
b1001101111 W+
#419
b1101011010 n'
b101000001 y'
b10110111010 &(
b1001110011 W+
#420
b1101001000 n'
b101000011 y'
b10110111001 &(
b1001101101 W+
#421
b1101010011 n'
b101010101 y'
b10110111000 &(
b1001110101 W+
#422
b1101010110 n'
b10110100100 &(
b1001101101 W+
#423
b101010100 y'
b10110100001 &(
b1001110111 W+
#424
b1101010010 n'
b101000011 y'
b10110100110 &(
b1001100100 W+
#425
b1101001111 n'
b10101001000 y'
b10110100111 &(
b1001101101 W+
#426
b1101001110 n'
b10101010111 y'
b110101101 &(
b1010010100101011101010101011001010011110101010010010100101101010101100101010100010101110101010100000101001011010100100001010010110101010110010101001001010010010101001001010101010001010101110101001011010101010001010101110101010010010101010001010101100101001000010101001101010010010101010111010101010101010101000101010001 1(
b11001110001 W+
#427
b10011010001001101111100111110110011100011001110011100111000110011101001001101000100111110010011001001001101110100110100010011100101001101010100111110010011010001001101111100110110110011011101001101101100110101110011110001001101001100110101110011111111001101001100111110110011011011001111111100110010110011011011001101101 "
b1101010000 n'
b10101000111 y'
b110100110 &(
b11001101101 W+
#428
b11101001101 n'
b110100001 &(
b11001101111 W+
#429
b11101010110 n'
b10101000010 y'
b110111011 &(
b11001110001 W+
b11010011011101010110110101101011010101001101001101110101001111010100101101010110110101011011010011001101001101110100100011010101011101010101110100110111010011111101001100110100100111010100101101010001110100101011010100011101001110110101101011010010001101010011110101011011010101101101010010110100111111010011101101010000 b+
#430
b11101011011 n'
b10101000000 y'
b110100111 &(
b11001110000 W+
#431
b11101010100 n'
b10101010001 y'
b110111111 &(
#432
b11101010010 n'
b10101010100 y'
b110100111 &(
b11001100100 W+
#433
b11101010011 n'
b10101010101 y'
b110111010 &(
b11001110000 W+
#434
b11101010010 n'
b10101000010 y'
b110100011 &(
b11001101100 W+
#435
b11101010110 n'
b10101001011 y'
b110100001 &(
b11001110100 W+
#436
b110100011 &(
b11001100110 W+
#437
b11101001100 n'
b10101000011 y'
b110100101 &(
b11001101011 W+
#438
b10101010110 y'
b110111011 &(
b11001110001 W+
#439
b11101001000 n'
b10101000000 y'
b110100011 &(
b11001110000 W+
#440
b11101010110 n'
b10101001010 y'
b110100111 &(
b11001101110 W+
#441
b11101010111 n'
b101000100 y'
b110100100 &(
b11001110000 W+
#442
b11101001101 n'
b101010110 y'
b10110111011 &(
b1001101101 W+
#443
b1101110110110111000011010111101101001000110111001011010011101101000010110100100011011100101101110100110111001011011100001101001000110100001011010011001101001110110101101011010011001101000010110111011011010011101101111110110100111011011101001101000110110100001011010001101101001010110111011011010001101101001110110100100 H$
b11101001111 n'
b101000111 y'
b10110111000 &(
b1001101110 W+
#444
b1101001101 n'
b101000000 y'
b10110101111 &(
b1001101100 W+
#445
b1101001001 n'
b101010110 y'
b10110100100 &(
b1001110001 W+
#446
b1101010010 n'
b101010111 y'
b10110111001 &(
#447
b1101010001 n'
b101010000 y'
b10110100111 &(
b1001101010 W+
#448
b1101001011 n'
b101010110 y'
b10110100001 &(
b1001110000 W+
#449
b1101010001 n'
b101000100 y'
b10110100100 &(
b1001101001 W+
#450
b1101001110 n'
b101000010 y'
b10110111001 &(
b1001101111 W+
#451
b1101011010 n'
b101000001 y'
b10110111010 &(
b1001110000 W+
#452
b1101001011 n'
b101000010 y'
b10110111001 &(
b1001101101 W+
#453
b1101010000 n'
b101010100 y'
b1001110100 W+
#454
b1101010110 n'
b10110100100 &(
b1001101100 W+
#455
b101010110 y'
b10110100001 &(
b1001110111 W+
#456
b1101010011 n'
b101000110 y'
b10110100110 &(
b1001100100 W+
#457
b1101001111 n'
b10101001000 y'
b10110100111 &(
b1001101101 W+
#458
b1101001110 n'
b10101010111 y'
b110101101 &(
b1010010100101011101010101011101010011110101010010010100101001010100010101010100010101110101010100000101001011010100101101010010110101010110010101001001010010000101001110010101010001010101110101001010010101010001010101110101010010010101010001010101100101001000010101001101010010000101010110010101010001010101000101010110 1(
b11001110000 W+
#459
b10011010011001101111100111110110011100011001110000100110000010011101001001101000100111110010011001101001101110100110100110011100001001101010100111110010011010001001101110100110110010011111011001110001100110101010011010001001101001100110101110011111001001101001100111110010011011001001111111100110010010011011011001111100 "
b1101010000 n'
b10101000110 y'
b110100110 &(
b11001101101 W+
#460
b11101001100 n'
b10101001101 y'
b11001101111 W+
#461
b11101010110 n'
b10101001111 y'
b110111011 &(
b11001110001 W+
b11010011011101010110110101101111010101001101010010110101001111010100101101010110110101011011010011001101001100110100100011010101001101010101110100110111010011111101001101110100100111010100101101010001110100101111010100011101001110110101101011010010111101010000110101011011010101101101010011110100111111010011101101010000 b+
#462
b11101011010 n'
b10101000000 y'
b110100100 &(
b11001110000 W+
#463
b11101010100 n'
b10101010001 y'
b110111111 &(
b11001110001 W+
#464
b11101001101 n'
b10101010101 y'
b110100111 &(
b11001100111 W+
#465
b11101010000 n'
b10101010111 y'
b110111011 &(
b11001110011 W+
#466
b11101010010 n'
b10101000011 y'
b110100011 &(
b11001101101 W+
#467
b11101010110 n'
b10101001011 y'
b110100001 &(
b11001110111 W+
#468
b110100011 &(
b11001100111 W+
#469
b11101001101 n'
b10101000011 y'
b110100101 &(
b11001101011 W+
#470
b11101001100 n'
b10101010111 y'
b110111010 &(
b11001110001 W+
#471
b11101001001 n'
b10101000000 y'
b110100011 &(
b11001110011 W+
#472
b11101010111 n'
b10101001011 y'
b110100111 &(
b11001110001 W+
#473
b11101010100 n'
b101000100 y'
b110100100 &(
b11001110000 W+
#474
b11101001101 n'
b101010110 y'
b10110111011 &(
b1001101101 W+
#475
b1101110110110111000011010111101101001000110111001011010011101101000010110100100011011100101101110100110111001011011100101101001000110100001011010011001101001110110101101011010011001101001100110111011011010010001101111110110100111011011101101101000110110100001011010001101101001010110111010011010001101101001110110100100 H$
b11101001111 n'
b101000110 y'
b10110111000 &(
b1001101111 W+
#476
b1101001100 n'
b101000001 y'
b10110101111 &(
b1001101101 W+
#477
b1101001001 n'
b101010111 y'
b10110100100 &(
b1001101110 W+
#478
b1101010011 n'
b101010110 y'
b10110111001 &(
#479
b1101010001 n'
b101010000 y'
b10110100100 &(
b1001101010 W+
#480
b1101001011 n'
b101010110 y'
b10110100001 &(
b1001110000 W+
#481
b1101010001 n'
b101000100 y'
b10110100100 &(
b1001101000 W+
#482
b1101001110 n'
b101000000 y'
b10110111001 &(
b1001101100 W+
#483
b1101011010 n'
b101000001 y'
b10110111010 &(
b1001110011 W+
#484
b1101001000 n'
b101000010 y'
b10110111001 &(
b1001101101 W+
#485
b1101010001 n'
b101010100 y'
b1001110111 W+
#486
b1101010111 n'
b101010101 y'
b10110100100 &(
b1001101101 W+
#487
b1101010110 n'
b101010100 y'
b10110100001 &(
b1001110100 W+
#488
b1101010011 n'
b101000011 y'
b1001100111 W+
#489
b1101001111 n'
b10101001000 y'
b10110100100 &(
b1001101101 W+
#490
b10101010111 y'
b110101101 &(
b1010010100101011101010101011001010011110101011101010100101001010100010101010101010101110101010100110101001011010100101101010010110101010111010101001001010010010101001110010101010001010101100101001011010101010101010101100101010010010101010001010101100101001000010101000101010010000101010110010101010101010101000101010001 1(
b11001110000 W+
#491
b10011010011001101111100111110110011100001001110001100110001110011101111001101001100111111110011001111001101111100110100110011100111001110001100111000110011110001001101111100110110110011011101001101110100110111010011010001001101000100110100010011111101001101001100111111110011011011001111100100110011110011011011001101100 "
b1101010000 n'
b10101000110 y'
b110100110 &(
b11001101101 W+
#492
b11101001100 n'
b10101001101 y'
b11001101111 W+
#493
b11101010110 n'
b10101001111 y'
b110111010 &(
b11001110001 W+
b11010011001101010110110101101011010101001101001101110101000011010100101101010110110101011011010011011101001100110100100111010101011101010100110100110111010011111101001100110100100111010100111101010001110100101111010100011101001110110101101011010010001101010001110101011111010101101101010011110100111111010011111101010000 b+
#494
b11101011010 n'
b10101000010 y'
b110100111 &(
#495
b11101010100 n'
b10101010100 y'
b110111110 &(
b11001110000 W+
#496
b11101001100 n'
b10101010110 y'
b110100111 &(
b11001100100 W+
#497
b11101010011 n'
b10101010000 y'
b110111011 &(
b11001110000 W+
#498
b11101010010 n'
b10101000010 y'
b110100010 &(
b11001101100 W+
#499
b11101010110 n'
b10101001011 y'
b110100001 &(
b11001110111 W+
#500
b10101001001 y'
b110100011 &(
b11001100100 W+
#501
b11101001100 n'
b10101000010 y'
b110111010 &(
b11001101010 W+
#502
b10101010111 y'
b11001110000 W+
#503
b11101001001 n'
b10101000000 y'
b110100000 &(
b11001110010 W+
#504
b11101010111 n'
b10101001010 y'
b110100111 &(
b11001110001 W+
#505
b101000110 y'
b110100100 &(
b11001110000 W+
#506
b11101001101 n'
b101010111 y'
b10110111011 &(
b1001101101 W+
#507
b1101110110110111000011010111101101001000110111001011010010001101000010110100100011011100101101110100110111001011011100101101001000110100001011010000101101001000110101101011010011001101001100110111010011010011101101111100110100111011011101101101000100110100001011010001101101110100110111010011010000001101001110110100100 H$
b11101001100 n'
b101000111 y'
b10110111000 &(
b1001101111 W+
#508
b1101001101 n'
b101000001 y'
b10110101100 &(
b1001101101 W+
#509
b1101001001 n'
b101010111 y'
b10110100100 &(
b1001101110 W+
#510
b1101010011 n'
b10110111001 &(
b1001110001 W+
#511
b1101010001 n'
b101010000 y'
b10110100111 &(
b1001101010 W+
#512
b1101001011 n'
b101010110 y'
b10110100001 &(
b1001110000 W+
1./
#513
b1101010001 n'
b101000110 y'
b10110100100 &(
b1001101001 W+
#514
b1101001001 n'
b101000001 y'
b10110111001 &(
b1001101100 W+
#515
b1101011010 n'
b101000000 y'
b10110111010 &(
b1001110011 W+
#516
b1101001011 n'
b101000011 y'
b10110111001 &(
b1001101101 W+
#517
b1101010011 n'
b101010101 y'
b10110111000 &(
b1001110100 W+
#518
b1101010110 n'
b101010111 y'
b10110100100 &(
b1001101100 W+
#519
b101010101 y'
b10110100001 &(
b1001110111 W+
#520
b1101010011 n'
b101000011 y'
b10110100110 &(
b1001100111 W+
#521
b1101001111 n'
b10101000010 y'
b10110100100 &(
b1001101101 W+
#522
b10101010010 y'
b110101100 &(
b1010010100101011101010101011001010011110101011101010100101001010101100101010100010101001001010100000101001011010100101101010010000101010111010101001001010010000101001110010101011101010101110101001011010101010101010101110101010010010101010001010101100101001011010101000001010010010101010111010101010101010101110101010001 1(
b11001110001 W+
#523
b10011010011001101111100111110110011100011001110000100110000010011101001001101000100111111110011001001001101110100110100010011100101001110000100111000010011110011001101111100110110110011011101001101101100110101010011010001001101001100110100010011111111001101001100111110010011011001001111111100110011110011011011001101101 "
b1101010000 n'
b10101000110 y'
b110100110 &(
b11001101101 W+
#524
b11101001101 n'
b10101000111 y'
b11001101100 W+
#525
b11101010110 n'
b10101000010 y'
b110111010 &(
b11001110000 W+
b11010011001101010110110101101011010101001101001100110101001111010100101101010110110101011011010011001101001100110100100111010101011101010101110100110111010011001101001101110100100111010100111101010001110100101111010100011101001001110101101011010010111101010011110101011011010101101101010011110100111111010011111101010000 b+
#526
b11101011010 n'
b10101000000 y'
b110100111 &(
b11001110001 W+
#527
b11101010100 n'
b10101010001 y'
b110111111 &(
b11001110000 W+
#528
b11101001100 n'
b10101010100 y'
b110100111 &(
b11001100111 W+
#529
b11101010011 n'
b10101010101 y'
b110111011 &(
b11001110000 W+
#530
b11101010010 n'
b10101000010 y'
b110100010 &(
b11001101100 W+
#531
b11101010110 n'
b10101001011 y'
b110100001 &(
b11001110100 W+
#532
b110100000 &(
b11001100100 W+
#533
b11101001100 n'
b10101000011 y'
b110111010 &(
b11001101011 W+
#534
b10101010111 y'
b11001110000 W+
#535
b11101001000 n'
b10101000000 y'
b110100000 &(
b11001110011 W+
#536
b11101010111 n'
b10101001010 y'
b110100111 &(
b11001110001 W+
#537
b101000110 y'
b110100100 &(
b11001110000 W+
#538
b11101001101 n'
b101010111 y'
b10110111011 &(
b1001101101 W+
#539
b1101110110110111000011010110001101001000110111001011010011101101000010110100100011011100101101110100110111001011011100001101001000110100001011010011001101001000110101100011010011001101001100110111010011010011101101111110110100111011011101101101000100110100001011010000001101110100110111010011010000001101001110110100100 H$
b11101001111 n'
b101000111 y'
b10110111000 &(
b1001101111 W+
#540
b1101001101 n'
b101000001 y'
b10110101111 &(
b1001101101 W+
#541
b1101001001 n'
b101010110 y'
b10110100100 &(
b1001110001 W+
#542
b1101010010 n'
b101010111 y'
b10110111001 &(
#543
b1101010001 n'
b101010001 y'
b10110100111 &(
b1001101010 W+
#544
b1101001010 n'
b101010110 y'
b10110100001 &(
b1001110000 W+
#545
b1101010001 n'
b101000100 y'
b10110100100 &(
b1001101001 W+
#546
b1101001001 n'
b101000000 y'
b10110111000 &(
b1001101111 W+
#547
b1101010101 n'
b10110111010 &(
b1001110000 W+
#548
b1101001011 n'
b101000010 y'
b10110111001 &(
b1001101101 W+
#549
b1101010011 n'
b101010100 y'
b1001110100 W+
#550
b1101010110 n'
b101010110 y'
b10110100100 &(
b1001101101 W+
#551
b1101010001 n'
b101010101 y'
b10110100001 &(
b1001110111 W+
#552
b1101010010 n'
b101000011 y'
b10110100110 &(
b1001100100 W+
#553
b1101001111 n'
b10101001000 y'
b10110100111 &(
b1001101101 W+
#554
b10101010111 y'
b110101101 &(
b1010010100101010010010101011001010011110101010010010100101001010100010101010100010101110101010100000101001011010100101101010010110101010111010101001001010010000101001110010101011101010101110101001011010101010001010101110101010011010101010001010101100101001000010101000001010010000101010110010101010001010101110101010001 1(
b11001110001 W+
#555
b10011010011001101101100111110010011100011001110000100110001110011101001001101000100111110010011001001001101111100110100010011100111001110001100111000010011110011001101111100110110110011011011001110001100110101010011010001001101001100110101110011111001001101001100111110010011011011001111111100110010010011011011001111101 "
b1101010000 n'
b10101000110 y'
b110100111 &(
b11001101101 W+
#556
b11101001101 n'
b10101001101 y'
b110100001 &(
b11001101100 W+
#557
b11101010111 n'
b10101001111 y'
b110111010 &(
b11001110001 W+
b11010011011101010110110101101011010101001101001100110101001111010100101101010110110101011011010011001101001100110100100011010101011101010101110100110111010011111101001101110100100111010100101101010001110100101011010100011101001001110101010111010010111101010011110101011011010100011101010010110100111111010011111101010000 b+
#558
b11101011010 n'
b10101000010 y'
b110100111 &(
b11001110000 W+
#559
b11101010100 n'
b10101010100 y'
b110111111 &(
#560
b11101001101 n'
b110100110 &(
b11001100111 W+
#561
b11101010011 n'
b10101010111 y'
b110111010 &(
b11001110000 W+
#562
b11101010010 n'
b10101000001 y'
b110100011 &(
b11001101100 W+
#563
b11101010110 n'
b10101001010 y'
b110100001 &(
b11001110111 W+
#564
b10101001011 y'
b110100011 &(
b11001100100 W+
#565
b11101001100 n'
b10101000011 y'
b110111010 &(
b11001101011 W+
#566
b11101001111 n'
b10101010111 y'
b110111011 &(
b11001110001 W+
#567
b11101001000 n'
b10101000000 y'
b110100000 &(
b11001110011 W+
#568
b11101010111 n'
b10101001010 y'
b110100100 &(
b11001101110 W+
#569
b101000110 y'
b11001110000 W+
#570
b11101001101 n'
b101010101 y'
b10110111011 &(
b1001101101 W+
#571
b1101110110110111000011010111101101001000110111001011010011101101000010110100100011011100001101110100110111001011011100101101001000110100001011010011001101001110110101101011010011101101000010110111010011010011101101111110110100110011011101001101000110110100001011010001101101110100110111011011010000001101001000110100100 H$
b11101001111 n'
b101000110 y'
b10110111000 &(
b1001101111 W+
#572
b1101001100 n'
b101000000 y'
b10110101111 &(
b1001101101 W+
#573
b1101001001 n'
b101010110 y'
b10110100101 &(
b1001110001 W+
#574
b1101010010 n'
b10110111001 &(
#575
b1101010000 n'
b101010000 y'
b10110100111 &(
b1001101010 W+
#576
b1101001010 n'
b101010110 y'
b10110100001 &(
b1001110000 W+
#577
b1101010001 n'
b101000110 y'
b10110100101 &(
b1001101001 W+
#578
b1101001000 n'
b101000001 y'
b10110111001 &(
b1001101100 W+
#579
b1101011010 n'
b101000000 y'
b10110111010 &(
b1001110011 W+
#580
b1101001000 n'
b101000010 y'
b10110111001 &(
b1001101101 W+
#581
b1101010011 n'
b101010101 y'
b1001110100 W+
#582
b1101010110 n'
b101010110 y'
b10110100100 &(
b1001101101 W+
#583
b101010101 y'
b10110100001 &(
b1001110100 W+
#584
b1101010010 n'
b101000011 y'
b10110100110 &(
b1001100100 W+
#585
b1101001111 n'
b10101001001 y'
b10110100111 &(
b1001101101 W+
#586
b10101010101 y'
b110101101 &(
b1010010100101011101010101011001010011110101011101010100101001010101100101010100010101110101010100110101001000010100101101010010110101010111010101001001010010000101001110010101011101010101000101001010010101010001010101100101010010010101010001010101100101001011010101000001010010000101010111010101010001010101110101010001 1(
b11001110001 W+
#587
b10011010011001101100100111110110011100001001110000100110001110011101001001101000100111111110011001001001101111100111100110011100111001101010100111110010011010011001101111100110110110011111011001110001100110101110011010001001101001100110100010011111111001101001100111110010011011011001111100100110010010011011011001101101 "
b1101010000 n'
b10101000011 y'
b110100110 &(
b11001101101 W+
#588
b11101001101 n'
b10101000111 y'
b11001101100 W+
#589
b11101010111 n'
b10101000010 y'
b110111011 &(
b11001110001 W+
b11010011011101010111110101101011010101001101001101110101001111010100101101010110110101011011010011001101001101110100100011010101011101010101110100110111010011111101001100110100100111010100101101010000110100101011010100011101001000110101101011010010001101010011110101011011010101101101010010110100111111010011111101010000 b+
#590
b11101011010 n'
b10101000000 y'
b110100100 &(
b11001110000 W+
#591
b11101010100 n'
b10101010001 y'
b110111111 &(
#592
b11101001101 n'
b10101010100 y'
b110100111 &(
b11001100100 W+
#593
b11101010011 n'
b110111010 &(
b11001110011 W+
#594
b11101010010 n'
b10101000000 y'
b110100011 &(
b11001101100 W+
#595
b11101010110 n'
b10101001011 y'
b110100001 &(
b11001110111 W+
#596
b110100011 &(
b11001100111 W+
#597
b11101001101 n'
b10101000011 y'
b110111010 &(
b11001101011 W+
#598
b11101001111 n'
b10101010101 y'
b110111011 &(
b11001110000 W+
#599
b11101001000 n'
b10101001101 y'
b110100011 &(
b11001110011 W+
#600
b11101010110 n'
b10101001010 y'
b110100100 &(
b11001101110 W+
#601
b11101010111 n'
b101000110 y'
b110100101 &(
b11001110000 W+
#602
b11101001101 n'
b101010111 y'
b10110111011 &(
b1001101101 W+
#603
b1101110110110111000011010111101101001010110111001011010011101101000010110100101011011100101101110100110111001011011100101101001000110100001011010011001101001110110101101011010011001101001100110111011011010010001101111110110100111011011101001101000110110100001011010001101101110100110111011011010001101101001000110100101 H$
b11101001111 n'
b101000111 y'
b10110111001 &(
b1001101111 W+
#604
b1101001100 n'
b101000000 y'
b10110101111 &(
b1001101101 W+
#605
b1101001001 n'
b101010110 y'
b10110100100 &(
b1001110001 W+
#606
b1101010010 n'
b10110111001 &(
b1001101110 W+
#607
b1101010000 n'
b101010000 y'
b10110100111 &(
b1001101011 W+
#608
b1101001010 n'
b101010110 y'
b10110100001 &(
b1001110000 W+
#609
b1101010001 n'
b101000110 y'
b10110100101 &(
b1001101000 W+
#610
b1101001001 n'
b101000001 y'
b10110111001 &(
b1001101111 W+
#611
b1101010101 n'
b101000000 y'
b10110111010 &(
b1001110011 W+
#612
b1101001000 n'
b101000011 y'
b10110111110 &(
b1001101101 W+
#613
b1101010000 n'
b101010101 y'
b10110111001 &(
b1001110100 W+
#614
b1101010110 n'
b101010100 y'
b10110100101 &(
b1001101101 W+
#615
b10110100110 &(
b1001110111 W+
#616
b1101010011 n'
b101000011 y'
b1001100100 W+
#617
b1101001111 n'
b10101000010 y'
b10110100111 &(
b1001101100 W+
#618
b10101010010 y'
b110101101 &(
b1010010110101011101010101000101010011110101010010010100101001010100010101010100010101110001010100000101001011010100101101010010110101010111010101110101010010000101001110010101011101010101110101001010010101010001010101100101010010010101010001010101100101001011010101000001010010010101010111010101010001010101000101010001 1(
b11001110000 W+
#619
b10011010011001101100100111110110011100001001110000100110000010011101011001101000100111111110011001111001101111100110100110011100111001101010100111110010011010001001101111100110110110011011011001101011100110111110011010001001101000100110101110011111111001101001100111110010011011011001111111100110010010011011001001101100 "
b1101010000 n'
b10101000110 y'
b110100110 &(
b11001101101 W+
#620
b11101001100 n'
b10101001101 y'
b110100001 &(
b11001101100 W+
#621
b11101010110 n'
b10101001111 y'
b110111010 &(
b11001110001 W+
b11010011011101010111110101101011010101001101001101110101001111010100101101010110110101011011010011011101001101110100100011010101001101010101110100110111010011111101001100110100100111010100101101010000110100101011010100011101001001110101010111010010001101010000110101011011010101101101010011110100111111010011111101010000 b+
#622
b11101011010 n'
b10101000011 y'
b110100100 &(
#623
b11101010100 n'
b10101010100 y'
b110111111 &(
b11001110011 W+
#624
b11101001101 n'
b110100110 &(
b11001100100 W+
#625
b11101010011 n'
b110111011 &(
b11001110011 W+
#626
b11101010010 n'
b10101000010 y'
b110100010 &(
b11001101100 W+
#627
b11101010110 n'
b10101001011 y'
b110100001 &(
b11001110100 W+
#628
b10101001010 y'
b110100011 &(
b11001100111 W+
#629
b11101001101 n'
b10101000011 y'
b110111010 &(
b11001101000 W+
#630
b11101001100 n'
b10101010111 y'
b11001110001 W+
#631
b11101001000 n'
b10101000000 y'
b110100000 &(
b11001110011 W+
#632
b11101010111 n'
b10101001010 y'
b110100111 &(
b11001101110 W+
#633
b101000110 y'
b110100101 &(
b11001110000 W+
#634
b11101010010 n'
b101010111 y'
b10110111011 &(
b1001101101 W+
#635
b1101110110110111001011010111101101001000110111001011010011101101000010110100101011011100101101110100110111110011011100101101001010110100110011010011001101001110110101101011010011001101000010110111010011010010001101111110110100110011011101101101000100110100001011010001101101110100110111010011010000001101001110110100101 H$
b11101001111 n'
b101000111 y'
b10110111000 &(
b1001101110 W+
#636
b1101001101 n'
b101000001 y'
b10110101111 &(
b1001101101 W+
#637
b1101001001 n'
b101010100 y'
b10110100100 &(
b1001110001 W+
#638
b1101010010 n'
b101010111 y'
b10110111001 &(
b1001101110 W+
#639
b1101010001 n'
b101010001 y'
b10110100111 &(
b1001101011 W+
#640
b1101001010 n'
b101010110 y'
b10110100001 &(
b1001110000 W+
#641
b1101010000 n'
b101000100 y'
b10110100101 &(
b1001101001 W+
#642
b1101001110 n'
b101000000 y'
b10110111001 &(
b1001101100 W+
#643
b1101011010 n'
b10110111010 &(
b1001110011 W+
#644
b1101001011 n'
b101000011 y'
b10110111001 &(
b1001101101 W+
#645
b1101010000 n'
b101010101 y'
b1001110100 W+
#646
b1101010111 n'
b101010111 y'
b10110100101 &(
b1001101101 W+
#647
b1101010001 n'
b101010101 y'
b10110100001 &(
b1001110111 W+
#648
b1101010011 n'
b101000011 y'
b10110100110 &(
b1001100100 W+
#649
b1101001100 n'
b10101001000 y'
b10110100100 &(
b1001101101 W+
#650
b1101001110 n'
b10101010111 y'
b110101100 &(
b1010010100101010010010101011001010011110101011101010100101101010101100101010100010101110001010100000101001011010100101001010010110101010111010101001001010010000101001110010101011101010101110101001011010101010001010101110101010011010101010001010101100101001000010101000001010010010101010111010101010101010101110101010001 1(
b11001110001 W+
#651
b10011010011001101100100111110110011100011001110011100110000010011101111001101000100111110010011001111001101100100110100110011100111001101010100111110010011010011001101110100110110110011111011001101010100110111110011010001001101001100110100010011111111001101001100111110010011011011001111111100110010010011011011001111101 "
b1101010000 n'
b10101000110 y'
b110100110 &(
b11001101101 W+
#652
b11101001101 n'
b10101000111 y'
b110100001 &(
b11001101111 W+
#653
b11101010110 n'
b10101000010 y'
b110111010 &(
b11001110000 W+
b11010011001101010110110101101011010101001101001101110101001111010100101101010110110101011011010011011101001100110100100011010101011101010101110101001011010011111101001101110100100111010100101101010001110100101011010100001101001110110101101011010010111101010000110101011111010100011101010011110100110011010011101101010000 b+
#654
b11101011010 n'
b10101000000 y'
b110100111 &(
b11001110001 W+
#655
b11101010101 n'
b10101010001 y'
b110111111 &(
b11001110000 W+
#656
b11101001101 n'
b10101010101 y'
b110100110 &(
b11001100111 W+
#657
b11101010011 n'
b110111011 &(
b11001110011 W+
#658
b11101010010 n'
b10101000000 y'
b110100011 &(
b11001101100 W+
#659
b11101010110 n'
b10101001000 y'
b110100001 &(
b11001110100 W+
#660
b10101001011 y'
b110100011 &(
b11001100110 W+
#661
b11101001101 n'
b10101000011 y'
b110111010 &(
b11001101011 W+
#662
b11101001100 n'
b10101010111 y'
b11001110001 W+
#663
b11101001000 n'
b10101000000 y'
b110100011 &(
b11001110011 W+
#664
b11101010111 n'
b10101001000 y'
b110100111 &(
b11001101110 W+
#665
b11101010100 n'
b101000001 y'
b110100100 &(
b11001110000 W+
#666
b11101010010 n'
b101010110 y'
b10110111011 &(
b1001101101 W+
#667
b1101110110110111000011010111101101001000110111001011010011101101000010110100101011011100101101110100110111001011011100101101001010110100001011010011001101001000110101100011010011001101000010110111010011010011101101111110110100110011011101101101000110110100001011010001101101110100110111010011010001101101001110110100100 H$
b11101001100 n'
b101000111 y'
b10110111000 &(
b1001101110 W+
#668
b1101001100 n'
b101000001 y'
b10110101111 &(
b1001101101 W+
#669
b1101001110 n'
b101010111 y'
b10110100100 &(
b1001101110 W+
#670
b1101010010 n'
b10110111001 &(
b1001110001 W+
#671
b1101010001 n'
b101010000 y'
b10110100111 &(
b1001101011 W+
#672
b1101001010 n'
b101010110 y'
b10110100001 &(
b1001110000 W+
#673
b1101010001 n'
b101000100 y'
b10110100101 &(
b1001101001 W+
#674
b1101001110 n'
b101000000 y'
b10110111001 &(
b1001101100 W+
#675
b1101011010 n'
b10110111010 &(
b1001110011 W+
#676
b1101001011 n'
b101000010 y'
b10110111001 &(
b1001101010 W+
#677
b1101010011 n'
b101010101 y'
b10110111000 &(
b1001110100 W+
#678
b1101010110 n'
b101010111 y'
b10110100100 &(
b1001101101 W+
#679
b101010101 y'
b10110100001 &(
b1001110100 W+
#680
b1101010010 n'
b101000011 y'
b10110100110 &(
b1001100100 W+
#681
b1101001100 n'
b10101001000 y'
b10110100111 &(
b1001101101 W+
#682
b1101001111 n'
b10101010111 y'
b110101101 &(
b1010010100101011101010101011001010011110101010010010100101001010100010101010101010101110101010100000101001000010100101101010010110101010111010101001001010010000101001001010101010001010101110101001011010101010101010101110101010010010101010001010101100101001000010101000001010010000101010111010101010101010101110101010001 1(
b11001110001 W+
#683
b10011010011001101111100111110010011100011001110000100110001110011101111001101000100111110010011001101001101111100110100110011100111001101010100111110010011010011001101110100110110110011011101001101101100110101110011010001001101001100110100010011111111001101010100111100010011011011001111100100110010010011011011001101101 "
b1101010000 n'
b10101000110 y'
b110100110 &(
b11001101101 W+
#684
b11101001100 n'
b10101000111 y'
b110100001 &(
b11001101111 W+
#685
b11101010110 n'
b10101000010 y'
b110111011 &(
b11001110000 W+
b11010011011101010110110101101011010101011101001101110101001111010100101101010110110101011011010011011101001100110100100011010101011101010100110101001011010011001101001100110100111011010100101101010001110100101011010100011101001110110101101011010010111101010011110101011011010101101101010010110100110011010011111101010000 b+
#686
b11101011011 n'
b10101000011 y'
b110100111 &(
b11001110001 W+
#687
b11101010100 n'
b10101010100 y'
b110111111 &(
b11001110000 W+
#688
b11101001100 n'
b10101010101 y'
b110100110 &(
b11001100111 W+
#689
b11101010000 n'
b110111011 &(
b11001110011 W+
#690
b11101010010 n'
b10101000011 y'
b110100011 &(
b11001101100 W+
#691
b11101010110 n'
b10101001011 y'
b110100110 &(
b11001110111 W+
#692
b110100011 &(
b11001100111 W+
#693
b11101001100 n'
b10101000011 y'
b110100101 &(
b11001101011 W+
#694
b10101010111 y'
b110111011 &(
b11001110001 W+
#695
b11101001001 n'
b10101000000 y'
b110100011 &(
b11001110011 W+
#696
b11101010111 n'
b10101001010 y'
b110100111 &(
b11001110001 W+
#697
b11101010100 n'
b101000100 y'
b110100100 &(
b11001110000 W+
#698
b11101001101 n'
b101010110 y'
b10110111011 &(
b1001101101 W+
#699
b1101110110110111000011010111101101001000110111001011010011101101000010110100101011011100101101110100110111001011011100001101001000110100001011010011001101001110110101101011010011001101000010110111011011010011101101111110110100110011011101101101000110110100110011010001101101001010110111011011010001101101001110110100100 H$
b11101001100 n'
b101000111 y'
b10110111000 &(
b1001101111 W+
#700
b1101001101 n'
b101000001 y'
b10110101111 &(
b1001101101 W+
#701
b1101001001 n'
b101010110 y'
b10110100100 &(
b1001110001 W+
#702
b1101010011 n'
b10110111001 &(
b1001110000 W+
#703
b1101010001 n'
b101010010 y'
b10110100111 &(
b1001101010 W+
#704
b1101001010 n'
b101010111 y'
b10110100001 &(
b1001110000 W+
#705
b1101010001 n'
b101010100 y'
b10110100100 &(
b1001101001 W+
#706
b1101001110 n'
b101000000 y'
b10110111001 &(
b1001101111 W+
#707
b1101011010 n'
b10110111010 &(
b1001110000 W+
#708
b1101001000 n'
b101000011 y'
b10110111001 &(
b1001101101 W+
#709
b1101010000 n'
b101010100 y'
b10110111000 &(
b1001110100 W+
#710
b1101010111 n'
b101010111 y'
b10110100100 &(
b1001101101 W+
#711
b1101010110 n'
b101010101 y'
b10110100001 &(
b1001110100 W+
#712
b1101010011 n'
b101000011 y'
b10110100110 &(
b1001100100 W+
#713
b1101001111 n'
b10101000010 y'
b10110100111 &(
b1001101101 W+
#714
b10101010010 y'
b110101100 &(
b1010010100101011101010101011001010011110101010010010100101101010101100101010101010101110101010100110101001011010100101101010010110101010111010101001001010010000101001110010101010001010101110101001011010101010001010101100101010010010101011101010101100101001000010101000001010010010101010110010101010101010101110101010001 1(
b11001110001 W+
#715
b10011010011001101111100110110010011100001001110000100111001010011101111001101000100111111110011001111001101111100110100110011100111001110001100111000110011110001001101111100110110110011011011001110000100110101010011010001001101001100110101110011111001001101001100111110010011011011001111100100110010010011011011001101101 "
b1101010001 n'
b10101000110 y'
b110100110 &(
b11001101101 W+
#716
b11101001101 n'
b10101000111 y'
b11001101100 W+
#717
b11101010110 n'
b10101000010 y'
b110111011 &(
b11001110001 W+
b11010011001101010110110101101111010101001101001100110101000011010100101101010110110101011011010011001101001100110100100111010101011101010100110100110111010011001101001101110100100111010100111101010001110100101011010100011101001110110101101011010010001101010000110101011111010101101101010011110100111111010011111101010001 b+
#718
b11101011010 n'
b10101000001 y'
b110100111 &(
#719
b11101010100 n'
b10101010001 y'
b110111111 &(
b11001110000 W+
#720
b11101001101 n'
b10101010100 y'
b110100110 &(
b11001100111 W+
#721
b11101010000 n'
b10101010101 y'
b110100101 &(
b11001110011 W+
#722
b11101010010 n'
b10101000011 y'
b110100011 &(
b11001101100 W+
#723
b11101010110 n'
b10101001011 y'
b110100111 &(
b11001110100 W+
#724
b11101010001 n'
b110100011 &(
b11001100111 W+
#725
b11101001100 n'
b10101000011 y'
b110100101 &(
b11001101011 W+
#726
b10101010111 y'
b110111011 &(
b11001110001 W+
#727
b11101001000 n'
b10101000000 y'
b110100000 &(
b11001110011 W+
#728
b11101010111 n'
b10101001001 y'
b110100111 &(
b11001110001 W+
#729
b101000001 y'
b110100100 &(
b11001110011 W+
#730
b11101010010 n'
b101010111 y'
b10110111011 &(
b1001101101 W+
#731
b1101110110110111000011010111101101001000110111001011010011101101000010110100100011011100101101110100110111001011011100001101001000110100001011010011001101001110110101100011010011001101001100110111011011010011101101111110110100110011010010101101000110110100111011010001101101001010110111011011010000001101001110110100100 H$
b11101001111 n'
b101000111 y'
b10110111000 &(
b1001101111 W+
#732
b1101001100 n'
b101000000 y'
b10110101111 &(
b1001101101 W+
#733
b1101001001 n'
b101010110 y'
b10110100100 &(
b1001101110 W+
#734
b1101010011 n'
b101010111 y'
b10110111001 &(
b1001110001 W+
#735
b1101010001 n'
b101010000 y'
b10110100111 &(
b1001101011 W+
#736
b1101001010 n'
b101010110 y'
b10110100001 &(
b1001110000 W+
#737
b1101010001 n'
b101010100 y'
b10110100101 &(
b1001101001 W+
#738
b1101001001 n'
b101000000 y'
b10110111001 &(
b1001101111 W+
#739
b1101011010 n'
b10110111010 &(
b1001110011 W+
#740
b1101001000 n'
b101000011 y'
b10110111110 &(
b1001101101 W+
#741
b1101010000 n'
b101010101 y'
b10110111000 &(
b1001110100 W+
#742
b1101010110 n'
b101010111 y'
b10110100100 &(
b1001101101 W+
#743
b101010101 y'
b10110100001 &(
b1001110111 W+
#744
b1101010010 n'
b101000011 y'
b1001100100 W+
#745
b1101001111 n'
b10101001000 y'
b10110100110 &(
b1001101101 W+
#746
b10101010111 y'
b110101100 &(
b1010010100101010010010101011001010011110101010010010100101101010100010101010100010101110101010100110101001011010100101101010010110101010111010101001001010010010101001001010101011101010101110101001010010101010001010101110101010010010101010001010101100101001000010101000001010010010101010111010101010101010101110101010001 1(
b11001110001 W+
#747
b10011010011001101100100111110110011100011001110000100110000110011101111001101000100111110010011001111001101111100110100110011100111001110001100111001110011110011001101111100110110110011011111001101100100110101110011010011001101001100110101110011111111001101001100111110010011011011001111111100110010010011011011001111101 "
b1101010000 n'
b10101000110 y'
b110100111 &(
b11001101100 W+
#748
b11101001101 n'
b10101000111 y'
b110100110 &(
b11001101111 W+
#749
b11101010110 n'
b10101000010 y'
b110111010 &(
b11001110001 W+
b11010011011101010110110101101011010101001101001101110101000011010100101101010110110101001011010011001101001100110100100011010101011101010101110101001011010011111101001100110100100111010100111101010001110100101011010100011101001001110101101011010010001101010000110101011011010101101101010010110100111111010011111101010000 b+
#750
b11101011010 n'
b10101000011 y'
b110100111 &(
#751
b11101010101 n'
b10101010100 y'
b110111111 &(
b11001110000 W+
#752
b11101001101 n'
b110100111 &(
b11001100100 W+
#753
b11101010011 n'
b10101010101 y'
b110111011 &(
b11001110011 W+
#754
b11101010010 n'
b10101000010 y'
b110100010 &(
b11001101100 W+
#755
b11101010110 n'
b10101001011 y'
b110100001 &(
b11001110100 W+
#756
b11101010001 n'
b110100000 &(
b11001100111 W+
#757
b11101001100 n'
b10101000001 y'
b110111010 &(
b11001101011 W+
#758
b10101010110 y'
b110111011 &(
b11001110001 W+
#759
b11101001000 n'
b10101000000 y'
b110100000 &(
b11001110000 W+
#760
b11101010111 n'
b10101001000 y'
b110100111 &(
b11001110001 W+
#761
b101000011 y'
b110100100 &(
b11001110000 W+
#762
b11101001101 n'
b101010111 y'
b10110111011 &(
b1001101101 W+
#763
b1101110110110111000011010111101101001000110111001011010011101101000010110100101011011100101101110100110111110011011100001101001000110100001011010000101101001100110101100011010011101101001100110111010011010011101101111110110100111011011101101101000100110100001011010000001101110100110111011011010000001101001110110100100 H$
b11101001111 n'
b101000111 y'
b10110111000 &(
b1001101110 W+
#764
b1101001101 n'
b101000001 y'
b10110101111 &(
b1001101101 W+
#765
b1101001001 n'
b101010110 y'
b10110100101 &(
b1001101110 W+
#766
b1101010010 n'
b101010111 y'
b10110111001 &(
b1001110001 W+
#767
b1101010001 n'
b101010001 y'
b10110100111 &(
b1001101011 W+
#768
b1101001011 n'
b101010111 y'
b10110100001 &(
b1001110000 W+
#769
b1101010001 n'
b101000100 y'
b10110100101 &(
b1001101001 W+
#770
b1101001001 n'
b101000000 y'
b10110111110 &(
b1001101111 W+
#771
b1101011010 n'
b10110111010 &(
b1001110011 W+
#772
b1101001000 n'
b101000010 y'
b10110111001 &(
b1001101101 W+
#773
b1101010000 n'
b101010101 y'
b10110111000 &(
b1001110111 W+
#774
b1101010110 n'
b101010111 y'
b10110100100 &(
b1001101100 W+
#775
b101010101 y'
b10110100001 &(
b1001110111 W+
#776
b1101010010 n'
b101000011 y'
b10110100110 &(
b1001100100 W+
#777
b1101001100 n'
b10101001000 y'
b1001101101 W+
#778
b1101001111 n'
b10101010111 y'
b110101101 &(
b1010010100101011101010101011001010011110101010010010100101101010101100101010100010101110101010100000101001011010100101101010010110101010100010101001001010010000101001001010101011101010101110101001011010101010001010101110101010011010101010101010101100101001000010101000001010010000101010111010101010101010101110101010001 1(
b11001110000 W+
#779
b10011010001001101111100111110110011100011001110000100110000010011101111001101000100111110010011001111001101111100110100110011100001001110001100111000010011110011001101110100110110110011011101001101101100110101110011010001001101001100110101110011111111001101001100111111110011011011001111111100110010010011011011001101100 "
b1101010011 n'
b10101000110 y'
b110100110 &(
b11001101101 W+
#780
b11101001101 n'
b10101001101 y'
b11001101111 W+
#781
b11101010110 n'
b10101001111 y'
b110111010 &(
b11001101110 W+
b11010011011101010110110101101011010101011101001101110101001111010100101101010110110101001011010011001101001100110100100011010101011101010101110100110111010011111101001101110100100111010100101101010001110100101111010100011101001001110101101011010010001101010000110101011011010101101101010010110100110011010011111101010011 b+
#782
b11101011010 n'
b10101000011 y'
b110100111 &(
b11001110000 W+
#783
b11101010100 n'
b10101010100 y'
b110111111 &(
#784
b11101001101 n'
b10101010110 y'
b110100111 &(
b11001100111 W+
#785
b11101010000 n'
b10101010010 y'
b110111011 &(
b11001110011 W+
#786
b11101010010 n'
b10101000011 y'
b110100010 &(
b11001101100 W+
#787
b11101010110 n'
b10101001011 y'
b110100000 &(
b11001110100 W+
#788
b11101010001 n'
b11001100111 W+
#789
b11101001101 n'
b10101000011 y'
b110100101 &(
b11001101011 W+
#790
b11101001100 n'
b10101010111 y'
b110111011 &(
b11001110001 W+
#791
b11101001000 n'
b10101000000 y'
b110100000 &(
b11001110011 W+
#792
b11101010111 n'
b10101001010 y'
b110100111 &(
b11001110001 W+
#793
b101000100 y'
b110100100 &(
b11001110000 W+
#794
b11101001101 n'
b101010110 y'
b10110111010 &(
b1001101101 W+
#795
b1101110110110111000011010111101101001010110111001011010011101101000010110100101011011111001101110100110111001011011100001101001000110100001011010011001101001100110101101011010011001101001100110111010011010011101101111110110100111011011101101101000100110100000011010000001101001010110111011011010000001101001110110100100 H$
b11101001111 n'
b101000101 y'
b10110111011 &(
b1001101111 W+
#796
b1101001100 n'
b101000000 y'
b10110101110 &(
b1001101101 W+
#797
b1101001001 n'
b101010110 y'
b10110100101 &(
b1001110001 W+
#798
b1101010010 n'
b10110111000 &(
#799
b1101010001 n'
b101010000 y'
b10110100111 &(
b1001101010 W+
#800
b1101001011 n'
b101010110 y'
b10110100001 &(
b1001110000 W+
#801
b1101010110 n'
b101010100 y'
b10110100101 &(
b1001101000 W+
#802
b1101001001 n'
b101000010 y'
b10110111001 &(
b1001101111 W+
#803
b1101010101 n'
b101000001 y'
b10110100101 &(
b1001110011 W+
#804
b1101001000 n'
b101000010 y'
b10110111001 &(
b1001101101 W+
#805
b1101010000 n'
b101000111 y'
b1001110100 W+
#806
b1101010111 n'
b101000000 y'
b10110100100 &(
b1001101100 W+
#807
b1101010110 n'
b101010110 y'
b10110100001 &(
b1001110100 W+
#808
b1101010010 n'
b101000110 y'
b10110100110 &(
b1001100100 W+
#809
b1101001111 n'
b10101001000 y'
b10110100111 &(
b1001101101 W+
#810
b10101010111 y'
b110101101 &(
b1010010100101011101010101011001010011110101011101010100101101010101100101010100010101001001010100110101001011010100101101010010110101010111010101001001010010000101001110010101010001010101110101001000010101010001010101100101010010010101010001010101100101001000010101001101010010000101010111010100101001010101000101010110 1(
b11001110000 W+
#811
b10011010011001101111100110111010011011001001110000100110001010011101111001101000100111110010011001111001101111100110100110011100111001110001100111000010011110001001101111100110110110011011011001110001100110101010011010001001101000100110101010011111111001101001100111110010011011001001111100100110010010011011011001101100 "
b1101010000 n'
b10101000100 y'
b110100110 &(
b11001101101 W+
#812
b11101001100 n'
b10101001100 y'
b110100001 &(
b11001101111 W+
#813
b11101010110 n'
b10101001101 y'
b110111011 &(
b11001110001 W+
b11010011011101010110110101101011010101001101001101110101000011010100101101010110110101001011010011011101001100110100100011010101011101010101110100110111010011111101001100110100100111010100101101010001110100101111010101101101001001110101010111010010001101010000110101011111010101101101010010110100111111010011111101010000 b+
#814
b11101011010 n'
b10101000010 y'
b110100100 &(
#815
b11101010101 n'
b10101010100 y'
b110111111 &(
b11001110000 W+
#816
b11101001100 n'
b110100110 &(
b11001100111 W+
#817
b11101010011 n'
b110111010 &(
b11001110011 W+
#818
b10101000010 y'
b110100010 &(
b11001101100 W+
#819
b11101010110 n'
b10101001011 y'
b110100110 &(
b11001110100 W+
#820
b110100011 &(
b11001100111 W+
#821
b11101001100 n'
b10101000011 y'
b110100101 &(
b11001101010 W+
#822
b10101010111 y'
b110111011 &(
b11001110001 W+
#823
b11101001000 n'
b10101000000 y'
b110100011 &(
b11001110010 W+
#824
b11101010111 n'
b10101001010 y'
b110100111 &(
b11001101110 W+
#825
b11101010100 n'
b101000110 y'
b110100101 &(
b11001110000 W+
#826
b11101010010 n'
b101010111 y'
b10110111011 &(
b1001101101 W+
#827
b1101110100110111011011010111001101001010110111000011010011101101000010110100101011011100101101001010110111001011011100101101001000110100001011010011001101001110110101101011010011001101000010110111011011010010001101111110110100110011011101001101000100110100110011010001101101001010110111011011010001101101001110110100101 H$
b11101001111 n'
b101000111 y'
b10110111000 &(
b1001101110 W+
#828
b1101001111 n'
b101000001 y'
b10110101111 &(
b1001101101 W+
#829
b1101001001 n'
b101010110 y'
b10110100100 &(
b1001101110 W+
#830
b1101010010 n'
b10110111001 &(
b1001110001 W+
#831
b1101010001 n'
b101010001 y'
b10110100111 &(
b1001101101 W+
#832
b1101001010 n'
b101010110 y'
b10110100001 &(
b1001110011 W+
#833
b1101010001 n'
b101010100 y'
b10110100100 &(
b1001101000 W+
#834
b1101001110 n'
b101000001 y'
b10110111001 &(
b1001101111 W+
#835
b1101011010 n'
b101000000 y'
b10110100101 &(
b1001110011 W+
#836
b1101001011 n'
b101000011 y'
b10110111110 &(
b1001101101 W+
#837
b1101010011 n'
b101010100 y'
b10110111001 &(
b1001110100 W+
#838
b1101010111 n'
b10110100100 &(
b1001101100 W+
#839
b1101010110 n'
b101010110 y'
b10110100000 &(
b1001110111 W+
#840
b1101010011 n'
b101000110 y'
b10110100110 &(
b1001100100 W+
#841
b1101001100 n'
b10101001000 y'
b10110100111 &(
b1001101101 W+
#842
b1101001111 n'
b10101010101 y'
b110101101 &(
b1010010100101011101010101011001010011000101011101010100100001010101100101010100010101110001010100000101001011010100101101010010110101010111010101001001010010000101001110010101011101010101110101001011010101010001010101100101010011010101010001010101100101001001010101000001010010010101010110010101010001010101000101010110 1(
b11001110000 W+
#843
b10011010011001101111100111110110011100011001110000100111001010011101111001101000100111110010011001111001101110100110100110011100101001101010100111110010011010001001101110100110110110011011101001101101100110100110011111111001101000100110101110011111111001101001100111110010011011001001111111100110010010011011011001101100 "
b1101010001 n'
b10101000011 y'
b110100110 &(
b11001101101 W+
#844
b11101001100 n'
b10101001101 y'
b110100001 &(
b11001101111 W+
#845
b11101010111 n'
b10101001111 y'
b110111010 &(
b11001110000 W+
b11010011001101010110110101101011010101011101001100110101001111010100101101010110110101011011010011001101001100110100100011010101011101010100110101001011010011111101001111110100100111010100101101010001110100101011010100011101001110110101101011010010111101010011110101011111010101101101010011110100110011010011111101010001 b+
#846
b11101011010 n'
b10101000001 y'
b110100111 &(
#847
b11101010101 n'
b10101010001 y'
b110111110 &(
b11001110011 W+
#848
b11101001100 n'
b10101010101 y'
b110100110 &(
b11001100111 W+
#849
b11101010010 n'
b10101010100 y'
b110111011 &(
b11001110000 W+
#850
b10101000010 y'
b110100010 &(
b11001101100 W+
#851
b11101010110 n'
b10101001011 y'
b110100001 &(
b11001110111 W+
#852
b10101001001 y'
b110100011 &(
b11001100111 W+
#853
b11101001101 n'
b10101000010 y'
b110111010 &(
b11001101010 W+
#854
b10101010111 y'
b11001110001 W+
#855
b11101001000 n'
b10101000001 y'
b110100000 &(
b11001110011 W+
#856
b11101010111 n'
b10101001000 y'
b110100111 &(
b11001101111 W+
#857
b11101010100 n'
b101000011 y'
b110100101 &(
b11001110000 W+
#858
b11101001101 n'
b101010111 y'
b10110111011 &(
b1001101101 W+
#859
b1101110110110111000011010111101101001000110111001011010011101101000010110100100011011100101101001010110111110011011100101101001000110100000011010011001101001110110101101011010011001101000010110111010011010011101101111100110100110011011101101101000100110100001011010001101101110100110111010011010000001101001110110100101 H$
b11101001111 n'
b101000111 y'
b10110111000 &(
b1001101111 W+
#860
b1101001100 n'
b101000001 y'
b10110101111 &(
b1001101101 W+
#861
b1101001001 n'
b101010110 y'
b10110100100 &(
b1001110001 W+
#862
b1101010010 n'
b101010111 y'
b10110111001 &(
#863
b1101010000 n'
b101010001 y'
b10110100111 &(
b1001101010 W+
#864
b1101001011 n'
b101010110 y'
b10110100001 &(
b1001110000 W+
#865
b1101010001 n'
b101000100 y'
b10110100100 &(
b1001101000 W+
#866
b1101001001 n'
b101000000 y'
b10110111001 &(
b1001101111 W+
#867
b1101011010 n'
b10110111010 &(
b1001110011 W+
#868
b1101001011 n'
b101000011 y'
b10110111001 &(
b1001101101 W+
#869
b1101010000 n'
b101010100 y'
b1001110100 W+
#870
b1101010111 n'
b101010111 y'
b10110100101 &(
b1001101101 W+
#871
b1101010110 n'
b10110100001 &(
b1001110111 W+
#872
b1101010010 n'
b101000110 y'
b1001100100 W+
#873
b1101001100 n'
b10101001000 y'
b10110100100 &(
b1001101100 W+
#874
b1101001110 n'
b10101010111 y'
b110101101 &(
b1010010100101011101010101000101010011110101011101010100101101010100010101010101010101110001010100000101001011010100101101010010000101010111010101001101010010000101001001010101011101010101110101001011010101010001010101110101010011010101010001010101100101001000010101000001010010010101010110010101010101010101110101010110 1(
b11001110000 W+
#875
b10011010011001101111100111110010011100001001110011100110001110011101001001101000100111111110011001111001101110100110100010011100111001101011100111110010011010011001101111100110110110011111011001110001100110101110011010001001101000100110101110011111111001101001100111110010011011011001111111100110010010011011001001101100 "
b1101010000 n'
b10101000110 y'
b110100110 &(
b11001101101 W+
#876
b11101001100 n'
b10101000111 y'
b110100001 &(
b11001101100 W+
#877
b11101010110 n'
b10101000010 y'
b110111010 &(
b11001110000 W+
b11010011001101010111110101101011010101011101001100110101001011010100101101010110110101011011010011011101001101110100100011010101011101010100110100110111010011111101001100110100100111010100101101010000110100101111010100011101001001110101101011010010111101010000110101011111010101101101010010110100110011010011101101010000 b+
#878
b11101011010 n'
b10101000011 y'
b110100100 &(
#879
b11101010100 n'
b10101010100 y'
b110111110 &(
b11001110011 W+
#880
b11101001101 n'
b110100111 &(
b11001100100 W+
#881
b11101010010 n'
b110111011 &(
b11001110000 W+
#882
b10101000000 y'
b110100010 &(
b11001101100 W+
#883
b11101010110 n'
b10101001000 y'
b110100001 &(
b11001110100 W+
#884
b10101001011 y'
b110100011 &(
b11001100111 W+
#885
b11101001101 n'
b10101000011 y'
b110111010 &(
b11001101010 W+
#886
b11101001100 n'
b10101010111 y'
b110111011 &(
b11001110001 W+
#887
b11101001000 n'
b10101000000 y'
b110100011 &(
b11001110011 W+
#888
b11101010111 n'
b10101001001 y'
b110100111 &(
b11001110001 W+
#889
b101000001 y'
b110100100 &(
b11001110000 W+
#890
b11101010010 n'
b101010111 y'
b10110111011 &(
b1001101101 W+
#891
b1101110110110111000011010111101101001000110111001011010011101101000010110100100011011100101101110100110111001011011100101101001010110100001011010000101101001000110101101011010011001101000010110111010011010010001101111100110100111011011101101101000100110100001011010001101101110100110111011011010001101101001110110100100 H$
b11101001111 n'
b101000110 y'
b10110111000 &(
b1001101111 W+
#892
b1101001100 n'
b101000001 y'
b10110101111 &(
b1001101100 W+
#893
b1101001001 n'
b101010110 y'
b10110100101 &(
b1001110001 W+
#894
b1101010010 n'
b101010111 y'
b10110111001 &(
#895
b1101010000 n'
b101010000 y'
b10110100111 &(
b1001101011 W+
#896
b1101001011 n'
b101010110 y'
b10110100001 &(
b1001110000 W+
#897
b1101010001 n'
b101000100 y'
b10110100101 &(
b1001101000 W+
#898
b1101001001 n'
b101000010 y'
b10110111001 &(
b1001101111 W+
#899
b1101010101 n'
b101000001 y'
b10110100101 &(
b1001110011 W+
#900
b1101001000 n'
b101000011 y'
b10110111001 &(
b1001101101 W+
#901
b1101010000 n'
b101010101 y'
b10110111000 &(
b1001110100 W+
#902
b1101010110 n'
b101010111 y'
b10110100100 &(
b1001101101 W+
#903
b101010101 y'
b10110100001 &(
b1001110100 W+
#904
b1101010011 n'
b101010001 y'
b1001100100 W+
#905
b1101001111 n'
b10101010111 y'
b10110100100 &(
b1001101100 W+
#906
b10101010010 y'
b110101100 &(
b1010010100101011101010101011001010011110101010010010100101101010101100101010100010101110001010100000101001000010100101101010010110101010111010101001001010010010101001001010101011101010101100101001011010101010001010101110101010010010101010001010101100101001000010101001101010010010101010111010101010101010101110101010001 1(
b11001110001 W+
#907
b10011010011001101100100111110010011100001001110011100111000010011101001001101000100111110010011001101001101110100110100110011100111001110001100111000010011110001001101111100110110010011011011001110001100110101110011010011001101000100110101110011111111001101001100111110010011011011001111100100110010010011011001001101100 "
b1101010000 n'
b10101010110 y'
b110100111 &(
b11001101101 W+
#908
b11101001101 n'
b10101000110 y'
b110100001 &(
b11001101111 W+
#909
b11101010110 n'
b10101000010 y'
b110111010 &(
b11001110000 W+
b11010011001101010110110101101011010101001101001101110101001011010100101101010110110101011011010011011101001100110100100011010101011101010101110101001011010011111101001100110100100111010100101101010000110100101111010100011101001001110101010111010010001101010000110101011011010101101101010011110100111111010011111101010000 b+
#910
b11101011010 n'
b110100100 &(
#911
b11101010101 n'
b10101010100 y'
b110111110 &(
#912
b11101001101 n'
b110100111 &(
b11001100111 W+
#913
b11101010000 n'
b10101010101 y'
b110111010 &(
b11001110011 W+
#914
b11101010010 n'
b10101000000 y'
b110100010 &(
b11001101100 W+
#915
b11101010110 n'
b10101001000 y'
b110100001 &(
b11001110111 W+
#916
b11101010001 n'
b10101001001 y'
b110100011 &(
b11001100111 W+
#917
b11101001100 n'
b10101000010 y'
b110111010 &(
b11001101011 W+
#918
b10101010111 y'
b110111011 &(
b11001110001 W+
#919
b11101001001 n'
b10101000000 y'
b110100011 &(
b11001110011 W+
#920
b11101010111 n'
b10101001001 y'
b110100111 &(
b11001110001 W+
#921
b101000011 y'
b110100100 &(
b11001110000 W+
#922
b11101010010 n'
b101010111 y'
b10110111011 &(
b1001101101 W+
#923
b1101110110110111000011010111101101001010110111001011010011101101000010110100101011011100101101001010110111001011011100001101001000110100001011010000101101001000110101100011010011101101000010110111010011010010001101111100110100111011011101001101000100110100001011010001101101110100110111011011010001101101001110110100100 H$
b11101001111 n'
b101000111 y'
b10110111001 &(
b1001101111 W+
#924
b1101001100 n'
b101000000 y'
b10110101111 &(
b1001101101 W+
#925
b1101001000 n'
b101010110 y'
b10110100100 &(
b1001110001 W+
#926
b1101010011 n'
b101010111 y'
b10110111001 &(
#927
b1101010000 n'
b101010000 y'
b10110100111 &(
b1001101011 W+
#928
b1101001010 n'
b101010110 y'
b10110100001 &(
b1001110011 W+
#929
b1101010000 n'
b101000110 y'
b10110100100 &(
b1001101001 W+
#930
b1101001000 n'
b101000001 y'
b10110111000 &(
b1001101111 W+
#931
b1101011010 n'
b101000000 y'
b10110100101 &(
b1001110011 W+
#932
b1101001000 n'
b101000011 y'
b10110111001 &(
b1001101101 W+
#933
b1101010000 n'
b101010100 y'
b10110111000 &(
b1001110111 W+
#934
b1101010110 n'
b101010110 y'
b10110100100 &(
b1001101101 W+
#935
b101010101 y'
b10110100001 &(
b1001110111 W+
#936
b1101010011 n'
b101000010 y'
b1001100100 W+
#937
b1101001111 n'
b10101001000 y'
b10110100111 &(
b1001101100 W+
#938
b10101010111 y'
b110101101 &(
b1010101010101010010010101011001010011100101010010010100101001010101100101010100010101110101010100000101001000010100101101010010000101010111010101001001010010010101001001010101011101010101110101001010010101010001010101110101010010010101010001010101100101001011010101000001010010010101010110010101010001010101110101010000 1(
b11001110000 W+
#939
b10011010011001101111100111110010011100001001110000100111001010011101111001101000100111111110011001111001101111100110100110011100111001110001100111000110011110001001101111100110110110011011011001110001100110101110011010111001101001100110101110011111111001101001100111111110011011011001111111100110010110011011001001101100 "
b1101010000 n'
b10101000110 y'
b110100111 &(
b11001101101 W+
#940
b11101001100 n'
b10101000111 y'
b110100110 &(
b11001101111 W+
#941
b11101010110 n'
b10101000010 y'
b110111011 &(
b11001110001 W+
b11010011011101010110110101101011010101011101001101110101000011010100101101010110110101001011010011001101001100110100100111010101011101010101110101001011010011111101001100110100100011010100111101010000110100101011010100001101001000110101101011010010001101010000110101011011010101101101010011110100111111010011111101010000 b+
#942
b11101011011 n'
b10101000001 y'
b110100111 &(
#943
b11101010100 n'
b10101010001 y'
b110111111 &(
b11001110000 W+
#944
b11101001101 n'
b10101010100 y'
b110100111 &(
b11001100111 W+
#945
b11101010011 n'
b10101010101 y'
b110111011 &(
b11001110000 W+
#946
b11101010010 n'
b10101000010 y'
b110100011 &(
b11001101100 W+
#947
b11101010110 n'
b10101001011 y'
b110100001 &(
b11001110111 W+
#948
b11101010001 n'
b110100011 &(
b11001100111 W+
#949
b11101001100 n'
b10101000011 y'
b110111010 &(
b11001101011 W+
#950
b10101010110 y'
b11001110001 W+
#951
b11101001000 n'
b10101000000 y'
b110100000 &(
b11001110000 W+
#952
b11101010111 n'
b10101001000 y'
b110100111 &(
b11001110001 W+
#953
b101000001 y'
b110100100 &(
#954
b11101010010 n'
b101010111 y'
b10110111011 &(
b1001101101 W+
#955
b1101110110110111001011010111101101001000110111001011010011101101000010110100100011011100001101001010110111001011011100001101001000110100001011010000101101001110110101101011010011101101001100110111011011010011101101111110110100111011011101101101000110110100001011010001101101110100110111010011010000001101001110110100100 H$
b11101001111 n'
b101000111 y'
b10110111001 &(
b1001101111 W+
#956
b1101001101 n'
b101000000 y'
b10110101111 &(
b1001101100 W+
#957
b1101001000 n'
b101010110 y'
b10110100100 &(
b1001101110 W+
#958
b1101010011 n'
b10110111001 &(
b1001110001 W+
#959
b1101010000 n'
b101010000 y'
b10110100100 &(
b1001101011 W+
#960
b1101001010 n'
b101010110 y'
b10110100110 &(
b1001110001 W+
#961
b1101010000 n'
b101000110 y'
b10110100100 &(
b1001101001 W+
#962
b1101001001 n'
b101000001 y'
b10110111001 &(
b1001101111 W+
#963
b1101011010 n'
b101000000 y'
b10110111010 &(
b1001110011 W+
#964
b1101001011 n'
b101000010 y'
b10110111001 &(
b1001101101 W+
#965
b1101010011 n'
b101010100 y'
b10110111000 &(
b1001110100 W+
#966
b1101010110 n'
b101010110 y'
b10110100100 &(
b1001101101 W+
#967
b101010101 y'
b10110100001 &(
b1001110100 W+
#968
b1101010010 n'
b101010001 y'
b10110100110 &(
b1001100101 W+
#969
b1101001111 n'
b10101010101 y'
b10110100100 &(
b1001101101 W+
#970
b1101001110 n'
b10101010111 y'
b110101101 &(
b1010010100101011101010101011001010011110101010010010100101101010100010101010100010101110101010100000101001011010100101101010010110101010110010101001001010010000101001001010101011101010101110101001010010101010001010101100101010010010101010001010101100101001011010101000001010010000101010110010101010001010101110101010001 1(
b11001110001 W+
#971
b10011010001001101111100111110110011100011001110000100111001010011101001001101000100111111110011001111001101111100110100110011100001001110001100111000110011110011001101111100110110110011011101001101101100110101110011010011001101001100110101110011111111001101001100111110110011011001001111100100110010110011011011001101101 "
b1101010011 n'
b10101010110 y'
b110100111 &(
b11001101101 W+
#972
b11101001100 n'
b10101001101 y'
b110100110 &(
b11001101111 W+
#973
b11101010110 n'
b10101001111 y'
b110111011 &(
b11001110001 W+
b11010011001101010110110101101111010101001101001101110101001111010100101101010110110101001011010011001101001100110100100011010101011101010101110101001011010011111101001101110100100011010100111101010000110100101011010100001101001001110101101011010010111101010011110101011011010101101101010010110100111111010011101101010011 b+
#974
b11101011010 n'
b10101000000 y'
b110100111 &(
#975
b11101010100 n'
b10101010011 y'
b110111111 &(
b11001110000 W+
#976
b11101001100 n'
b10101010101 y'
b110100111 &(
b11001100111 W+
#977
b11101010010 n'
b110111011 &(
b11001110000 W+
#978
b11101001101 n'
b10101000010 y'
b110100010 &(
b11001101100 W+
#979
b11101010110 n'
b10101001011 y'
b110100110 &(
b11001110101 W+
#980
b11101010001 n'
b110100011 &(
b11001100100 W+
#981
b11101001100 n'
b10101000011 y'
b110111010 &(
b11001101011 W+
#982
b10101010110 y'
b110111011 &(
b11001101110 W+
#983
b11101001000 n'
b10101000000 y'
b110100000 &(
b11001110011 W+
#984
b11101010111 n'
b10101001000 y'
b110100111 &(
b11001101110 W+
#985
b101000001 y'
b110100100 &(
b11001110000 W+
#986
b11101010010 n'
b101010111 y'
b10110111011 &(
b1001101101 W+
#987
b1101110110110111001011010111101101001000110111001011010010001101001100110100100011011100101101110100110111001011011100001101001000110100001011010011001101001000110101101011010011101101001100110111011011010011101101111110110100111011011101101101000100110100110011010001101101110100110111011011010000001101001110110100100 H$
b11101001110 n'
b101000111 y'
b10110111001 &(
b1001101111 W+
#988
b1101001100 n'
b101000001 y'
b10110101111 &(
b1001101101 W+
#989
b1101001001 n'
b101010110 y'
b10110100100 &(
b1001101110 W+
#990
b1101010010 n'
b10110111001 &(
b1001110001 W+
#991
b1101010001 n'
b101010001 y'
b10110100100 &(
b1001101011 W+
#992
b1101000101 n'
b101010110 y'
b10110100001 &(
b1001110000 W+
#993
b1101010001 n'
b101000110 y'
b10110100100 &(
b1001101001 W+
#994
b1101001110 n'
b101000011 y'
b10110111001 &(
b1001101111 W+
#995
b1101010101 n'
b101000001 y'
b10110111010 &(
b1001110011 W+
#996
b1101001011 n'
b101000011 y'
b10110111001 &(
b1001101010 W+
#997
b1101010011 n'
b101010101 y'
b1001110100 W+
#998
b1101010110 n'
b101010111 y'
b10110100111 &(
b1001101101 W+
#999
b1101010001 n'
b101010100 y'
b10110100001 &(
b1001110111 W+
#1000
b1101010011 n'
b101000011 y'
b10110100110 &(
b1001100100 W+
#1001
b1101001111 n'
b10101001000 y'
b10110100111 &(
b1001101101 W+
#1002
b10101010101 y'
b110101100 &(
b1010101010101011101010101011001010011110101011101010100101001010100010101010111010101110101010100000101001011010100101101010010110101010110010101001001010010000101001001010101011101010101110101001011010101010001010101100101010011010101010001010101100101001011010101001101010010010101010111010101010101010101100101010001 1(
b11001101110 W+
#1003
b10011010011001101111100111110110011100011001110001100111001010011101001001101000100111110110011001001001101111100110101010011111111001101010100111110010011010011001101111100110110110011011101001101100100110101110011010001001101001100110101110011111111001101010100111100010011011011001111111100110010010011011011001101110 "
b1101010000 n'
b10101000011 y'
b110100110 &(
b11001101101 W+
#1004
b11101001100 n'
b10101000111 y'
b110100001 &(
b11001101100 W+
#1005
b11101010110 n'
b10101000010 y'
b110111010 &(
b11001110001 W+
b11010011001101010110110101101011010101001101001100110101001011010000101101010110110101001011010011001101001100110100100011010101011101010101110101001011010011101101001100110100100111010100101101010001110100010111010100011101001110110101010111010010111101010011110101011011010100011101010011110100111111010011111101010000 b+
#1006
b11101011010 n'
b10101000001 y'
b110100111 &(
#1007
b11101010101 n'
b10101010001 y'
b110111111 &(
b11001110000 W+
#1008
b11101001101 n'
b10101010100 y'
b110100111 &(
b11001100111 W+
#1009
b11101010010 n'
b10101010101 y'
b110111011 &(
b11001110000 W+
#1010
b10101000010 y'
b110100011 &(
b11001101101 W+
#1011
b11101010110 n'
b10101001011 y'
b110100001 &(
b11001110111 W+
#1012
b11101010001 n'
b10101001010 y'
b110100011 &(
b11001100111 W+
#1013
b11101001100 n'
b10101000011 y'
b110111010 &(
b11001101011 W+
#1014
b10101010101 y'
b110111011 &(
b11001110001 W+
#1015
b11101001000 n'
b10101001101 y'
b110100000 &(
b11001110011 W+
#1016
b11101010111 n'
b10101001000 y'
b110100100 &(
b11001101110 W+
#1017
b101000001 y'
b11001110000 W+
#1018
b11101010010 n'
b101010110 y'
b10110111011 &(
b1001101101 W+
#1019
b1101110110110111001011010111101101001000110111001011010010001101000010110100100011011100101101110100110111001011011100101101001110110100001011010011001101001110110101100011010011001101000010110111010011010011101101111110110100111011011101101101000110110100001011010001101101110100110111011011010000001101001000110100100 H$
b11101001111 n'
b101000111 y'
b10110111001 &(
b1001101110 W+
#1020
b1101001100 n'
b101000011 y'
b10110101111 &(
b1001101101 W+
#1021
b1101001000 n'
b101010111 y'
b10110100100 &(
b1001101110 W+
#1022
b1101010010 n'
b101010110 y'
b10110111001 &(
#1023
b1101010000 n'
b101010000 y'
b10110100111 &(
b1001101011 W+
