Sample in Buffer,Sample in Window,TRIGGER,top_block_i/appUnit/das_rx_0/inst/bus2[319:0],top_block_i/appUnit/das_rx_0/inst/bus3[319:0],top_block_i/appUnit/das_rx_0/inst/SO0[10:0],top_block_i/appUnit/das_rx_0/inst/SO1[10:0],top_block_i/appUnit/das_rx_0/inst/SO3[10:0],top_block_i/appUnit/das_rx_0/inst/bus1[319:0],top_block_i/appUnit/das_rx_0/inst/SO2[10:0],top_block_i/appUnit/das_rx_0/inst/bus0[319:0],top_block_i/appUnit/fifo_generator_0_full,top_block_i/appUnit/fifo_generator_1_full,top_block_i/appUnit/fifo_generator_2_full,top_block_i/appUnit/fifo_generator_3_full
Radix - UNSIGNED,UNSIGNED,UNSIGNED,HEX,HEX,HEX,HEX,HEX,HEX,HEX,HEX,HEX,HEX,HEX,HEX
0,0,0,9a66f9f6719ce639d6689fe679be699ce719c2789ba6d9f6719ae699a26b9fe699f26d9fe649b67d,6edb86bda76e1a7685a56e5ba6e5b9691a1699a66b5a6699ba69dbf69dba689a168da56e9a3691a4,34a,156,5a1,5295d5594e5494b559545755052d4b52154549485395755d4b555575495454548541495595555d51,270,d3756d6f55d3753d4b56d474cd3348d5755d374fd334ed4b50d2b51d3b55d2350d5f56d4b4cd3350,0,0,0,1
1,1,0,9a66f9f6719ce639d6689fe679be699ce719c2789ba6d9f6719ae699a26b9fe699f26d9fe649b67d,6edb86bda76e1a7685a56e5ba6e5b9691a1699a66b5a6699ba69dbf69dba689a168da56e9a3691a4,351,146,5a4,5295d5594e5494b559545755052d4b52154549485395755d4b555575495454548541495595555d51,269,d3756d6f55d3753d4b56d474cd3348d5755d374fd334ed4b50d2b51d3b55d2350d5f56d4b4cd3350,0,0,0,1
2,2,0,9a66f9f6719ce639d6689fe679be699ce719c2789ba6d9f6719ae699a26b9fe699f26d9fe649b67d,6edb86bda76e1a7685a56e5ba6e5b9691a1699a66b5a6699ba69dbf69dba689a168da56e9a3691a4,349,141,5be,5295d5594e5494b559545755052d4b52154549485395755d4b555575495454548541495595555d51,26f,d3756d6f55d3753d4b56d474cd3348d5755d374fd334ed4b50d2b51d3b55d2350d5f56d4b4cd3350,0,0,0,1
3,3,0,9a66f9f6719ce639d6689fe679be699ce719c2789ba6d9f6719ae699a26b9fe699f26d9fe649b67d,6edb86bda76e1a7685a56e5ba6e5b9691a1699a66b5a6699ba69dbf69dba689a168da56e9a3691a4,35a,142,5a5,5295d5594e5494b559545755052d4b52154549485395755d4b555575495454548541495595555d51,273,d3756d6f55d3753d4b56d474cd3348d5755d374fd334ed4b50d2b51d3b55d2350d5f56d4b4cd3350,0,0,0,1
4,4,0,9a66f9f6719ce639d6689fe679be699ce719c2789ba6d9f6719ae699a26b9fe699f26d9fe649b67d,6edb86bda76e1a7685a56e5ba6e5b9691a1699a66b5a6699ba69dbf69dba689a168da56e9a3691a4,348,146,5b9,5295d5594e5494b559545755052d4b52154549485395755d4b555575495454548541495595555d51,26d,d3756d6f55d3753d4b56d474cd3348d5755d374fd334ed4b50d2b51d3b55d2350d5f56d4b4cd3350,0,0,0,1
5,5,0,9a66f9f6719ce639d6689fe679be699ce719c2789ba6d9f6719ae699a26b9fe699f26d9fe649b67d,6edb86bda76e1a7685a56e5ba6e5b9691a1699a66b5a6699ba69dbf69dba689a168da56e9a3691a4,350,155,5b9,5295d5594e5494b559545755052d4b52154549485395755d4b555575495454548541495595555d51,277,d3756d6f55d3753d4b56d474cd3348d5755d374fd334ed4b50d2b51d3b55d2350d5f56d4b4cd3350,0,0,0,1
6,6,0,9a66f9f6719ce639d6689fe679be699ce719c2789ba6d9f6719ae699a26b9fe699f26d9fe649b67d,6edb86bda76e1a7685a56e5ba6e5b9691a1699a66b5a6699ba69dbf69dba689a168da56e9a3691a4,357,155,5a7,5295d5594e5494b559545755052d4b52154549485395755d4b555575495454548541495595555d51,26d,d3756d6f55d3753d4b56d474cd3348d5755d374fd334ed4b50d2b51d3b55d2350d5f56d4b4cd3350,0,0,0,1
7,7,0,9a66f9f6719ce639d6689fe679be699ce719c2789ba6d9f6719ae699a26b9fe699f26d9fe649b67d,6edb86bda76e1a7685a56e5ba6e5b9691a1699a66b5a6699ba69dbf69dba689a168da56e9a3691a4,356,154,5a1,5295d5594e5494b559545755052d4b52154549485395755d4b555575495454548541495595555d51,277,d3756d6f55d3753d4b56d474cd3348d5755d374fd334ed4b50d2b51d3b55d2350d5f56d4b4cd3350,0,0,0,1
8,8,0,9a66f9f6719ce639d6689fe679be699ce719c2789ba6d9f6719ae699a26b9fe699f26d9fe649b67d,6edb86bda76e1a7685a56e5ba6e5b9691a1699a66b5a6699ba69dbf69dba689a168da56e9a3691a4,352,143,5a6,5295d5594e5494b559545755052d4b52154549485395755d4b555575495454548541495595555d51,267,d3756d6f55d3753d4b56d474cd3348d5755d374fd334ed4b50d2b51d3b55d2350d5f56d4b4cd3350,0,0,0,1
9,9,0,9a66f9f6719ce639d6689fe679be699ce719c2789ba6d9f6719ae699a26b9fe699f26d9fe649b67d,6edb86bda76e1a7685a56e5ba6e5b9691a1699a66b5a6699ba69dbf69dba689a168da56e9a3691a4,34f,542,5a7,5295d5594e5494b559545755052d4b52154549485395755d4b555575495454548541495595555d51,26d,d3756d6f55d3753d4b56d474cd3348d5755d374fd334ed4b50d2b51d3b55d2350d5f56d4b4cd3350,0,0,0,1
10,10,0,9a66f9f6719ce639d6689fe679be699ce719c2789ba6d9f6719ae699a26b9fe699f26d9fe649b67d,6edb86bda76e1a7685a56e5ba6e5b9691a1699a66b5a6699ba69dbf69dba689a168da56e9a3691a4,34c,552,1ad,529525594f5494b55954549505214b52d5754948539575514b55554549545594b5414e55d5555151,671,d3756d6f55d3753d4b56d474cd3348d5755d374fd334ed4b50d2b51d3b55d2350d5f56d4b4cd3350,0,0,0,1
11,11,0,9a66c9f6709c2629d2689fe679be799ce719c6789be6c9b6719ae689a66b9fe699fe6d9fe679b66d,6edb86bda76e1a7685a56e5ba6e5b9691a1699a66b5a6699ba69dbf69dba689a168da56e9a3691a4,350,546,1a7,529525594f5494b55954549505214b52d5754948539575514b55554549545594b5414e55d5555151,66d,d3756d6f55d3753d4b56d474cd3348d5755d374fd334ed4b50d2b51d3b55d2350d5f56d4b4cd3350,0,0,0,1
12,12,0,9a66c9f6709c2629d2689fe679be799ce719c6789be6c9b6719ae689a66b9fe699fe6d9fe679b66d,6edb86bda76e1a7685a56e5ba6e5b9691a1699a66b5a6699ba69dbf69dba689a168da56e9a3691a4,74c,547,1a1,529525594f5494b55954549505214b52d5754948539575514b55554549545594b5414e55d5555151,66c,d3756d6f55d3753d4b56d474cd3348d5755d374fd334ed4b50d2b51d3b55d2350d5f56d4b4cd3350,0,0,0,1
13,13,0,9a66c9f6709c2629d2689fe679be799ce719c6789be6c9b6719ae689a66b9fe699fe6d9fe679b66d,6edb86bda76e1a7685a56e5ba6e5b9691a1699a66b5a6699ba69dbf69dba689a168da56e9a3691a4,756,542,1bb,529525594f5494b55954549505214b52d5754948539575514b55554549545594b5414e55d5555151,671,d3756d6f55d3753d4b56d474fd3348d5755d4b4fd3749d4b51d2b51d275ad2350d5f56d4b4fd3350,0,0,0,1
14,14,0,9a66c9f6709c2629d2689fe679be799ce719c6789be6c9b6719ae689a66b9fe699fe6d9fe679b66d,6edb86bda76e1a7685a56e5ba6e5b9691a1699a66b5a6699ba69dbf69dba689a168da56e9a3691a4,75a,541,1a7,529525594f5494b55954549505214b52d5754948539575514b55554549545594b5414e55d5555151,670,d3756d6f55d3753d4b56d474fd3348d5755d4b4fd3749d4b51d2b51d275ad2350d5f56d4b4fd3350,0,0,0,1
15,15,0,9a66c9f6709c2629d2689fe679be799ce719c6789be6c9b6719ae689a66b9fe699fe6d9fe679b66d,6edb86bda76e1a7685a56e5ba6e5b9691a1699a66b5a6699ba69dbf69dba689a168da56e9a3691a4,755,551,1bf,529525594f5494b55954549505214b52d5754948539575514b55554549545594b5414e55d5555151,670,d3756d6f55d3753d4b56d474fd3348d5755d4b4fd3749d4b51d2b51d275ad2350d5f56d4b4fd3350,0,0,0,1
16,16,0,9a66c9f6709c2629d2689fe679be799ce719c6789be6c9b6719ae689a66b9fe699fe6d9fe679b66d,6edb86bda76e1a7685a56e5ba6e5b9691a1699a66b5a6699ba69dbf69dba689a168da56e9a3691a4,74c,554,1a6,529525594f5494b55954549505214b52d5754948539575514b55554549545594b5414e55d5555151,667,d3756d6f55d3753d4b56d474fd3348d5755d4b4fd3749d4b51d2b51d275ad2350d5f56d4b4fd3350,0,0,0,1
17,17,0,9a66c9f6709c2629d2689fe679be799ce719c6789be6c9b6719ae689a66b9fe699fe6d9fe679b66d,6edb86bda76e1a7685a56e5ba6e5b9691a1699a66b5a6699ba69dbf69dba689a168da56e9a3691a4,753,554,1ba,529525594f5494b55954549505214b52d5754948539575514b55554549545594b5414e55d5555151,673,d3756d6f55d3753d4b56d474fd3348d5755d4b4fd3749d4b51d2b51d275ad2350d5f56d4b4fd3350,0,0,0,1
18,18,0,9a66c9f6709c2629d2689fe679be799ce719c6789be6c9b6719ae689a66b9fe699fe6d9fe679b66d,6edb86bda76e1a7685a56e5ba6e5b9691a1699a66b5a6699ba69dbf69dba689a168da56e9a3691a4,752,542,1a3,529525594f5494b55954549505214b52d5754948539575514b55554549545594b5414e55d5555151,66c,d3756d6f55d3753d4b56d474fd3348d5755d4b4fd3749d4b51d2b51d275ad2350d5f56d4b4fd3350,0,0,0,1
19,19,0,9a66c9f6709c2629d2689fe679be799ce719c6789be6c9b6719ae689a66b9fe699fe6d9fe679b66d,6edb86bda76e1a7685a56e5ba6e5b9691a1699a66b5a6699ba69dbf69dba689a168da56e9a3691a4,756,54b,1a1,529525594f5494b55954549505214b52d5754948539575514b55554549545594b5414e55d5555151,677,d3756d6f55d3753d4b56d474fd3348d5755d4b4fd3749d4b51d2b51d275ad2350d5f56d4b4fd3350,0,0,0,1
20,20,0,9a66c9f6709c2629d2689fe679be799ce719c6789be6c9b6719ae689a66b9fe699fe6d9fe679b66d,6edb86bda76e1a7685a56e5ba6e5b9691a1699a66b5a6699ba69dbf69dba689a168da56e9a3691a4,750,54b,1a3,529525594f5494b55954549505214b52d5754948539575514b55554549545594b5414e55d5555151,667,d3756d6f55d3753d4b56d474fd3348d5755d4b4fd3749d4b51d2b51d275ad2350d5f56d4b4fd3350,0,0,0,1
21,21,0,9a66c9f6709c2629d2689fe679be799ce719c6789be6c9b6719ae689a66b9fe699fe6d9fe679b66d,6edb86bda76e1a7685a56e5ba6e5b9691a1699a66b5a6699ba69dbf69dba689a168da56e9a3691a4,74d,543,1ba,529525594f5494b55954549505214b52d5754948539575514b55554549545594b5414e55d5555151,66b,d3756d6f55d3753d4b56d474fd3348d5755d4b4fd3749d4b51d2b51d275ad2350d5f56d4b4fd3350,0,0,0,1
22,22,0,9a66c9f6709c2629d2689fe679be799ce719c6789be6c9b6719ae689a66b9fe699fe6d9fe679b66d,6edb86bda76e1a7685a56e5ba6e5b9691a1699a66b5a6699ba69dbf69dba689a168da56e9a3691a4,74c,557,1bb,529525594f5494b55954549505214b52d5754948539575514b55554549545594b5414e55d5555151,671,d3756d6f55d3753d4b56d474fd3348d5755d4b4fd3749d4b51d2b51d275ad2350d5f56d4b4fd3350,0,0,0,1
23,23,0,9a66c9f6709c2629d2689fe679be799ce719c6789be6c9b6719ae689a66b9fe699fe6d9fe679b66d,6edb86bda76e1a7685a56e5ba6e5b9691a1699a66b5a6699ba69dbf69dba689a168da56e9a3691a4,748,540,1a0,529525594f5494b55954549505214b52d5754948539575514b55554549545594b5414e55d5555151,672,d3756d6f55d3753d4b56d474fd3348d5755d4b4fd3749d4b51d2b51d275ad2350d5f56d4b4fd3350,0,0,0,1
24,24,0,9a66c9f6709c2629d2689fe679be799ce719c6789be6c9b6719ae689a66b9fe699fe6d9fe679b66d,6edb86bda76e1a7685a56e5ba6e5b9691a1699a66b5a6699ba69dbf69dba689a168da56e9a3691a4,757,54a,1a7,529525594f5494b55954549505214b52d5754948539575514b55554549545594b5414e55d5555151,671,d3756d6f55d3753d4b56d474fd3348d5755d4b4fd3749d4b51d2b51d275ad2350d5f56d4b4fd3350,0,0,0,1
25,25,0,9a66c9f6709c2629d2689fe679be799ce719c6789be6c9b6719ae689a66b9fe699fe6d9fe679b66d,6edb86bda76e1a7685a56e5ba6e5b9691a1699a66b5a6699ba69dbf69dba689a168da56e9a3691a4,754,146,1a4,529525594f5494b55954549505214b52d5754948539575514b55554549545594b5414e55d5555151,670,d3756d6f55d3753d4b56d474fd3348d5755d4b4fd3749d4b51d2b51d275ad2350d5f56d4b4fd3350,0,0,0,1
26,26,0,9a66c9f6709c2629d2689fe679be799ce719c6789be6c9b6719ae689a66b9fe699fe6d9fe679b66d,6edb86bda76e1a7685a56e5ba6e5b9691a1699a66b5a6699ba69dbf69dba689a168da56e9a3691a4,752,157,5bb,529525594f5494b55954549505214b52d5754948539575514b55554549545594b5414e55d5555151,26d,d3756d6f55d3753d4b56d474fd3348d5755d4b4fd3749d4b51d2b51d275ad2350d5f56d4b4fd3350,0,0,0,1
27,27,0,9a66c9f6709c2629d2689fe679be799ce719c6789be6c9b6719ae689a66b9fe699fe6d9fe679b66d,6edb96bda46e5a7685a46f9a56e5b969da1699a76b5a7685bb69dbf699ba68da168dba6eda069da4,74f,147,5b8,529525594f5494b55954549505214b52d5754948539575514b55554549545594b5414e55d5555151,26e,d3756d6f55d3753d4b56d474fd3348d5755d4b4fd3749d4b51d2b51d275ad2350d5f56d4b4fd3350,0,0,0,1
28,28,0,9a66c9f6709c2629d2689fe679be799ce719c6789be6c9b6719ae689a66b9fe699fe6d9fe679b66d,6edb96bda46e5a7685a46f9a56e5b969da1699a76b5a7685bb69dbf699ba68da168dba6eda069da4,34c,141,5af,529525594f5494b55954549505214b52d5754948539575514b55554549545594b5414e55d5555151,26d,d3756d6f55d3753d4b56d474fd3348d5755d4b4fd3749d4b51d2b51d275ad2350d5f56d4b4fd3350,0,0,0,1
29,29,0,9a66c9f6709c2629d2689fe679be799ce719c6789be6c9b6719ae689a66b9fe699fe6d9fe679b66d,6edb96bda46e5a7685a46f9a56e5b969da1699a76b5a7685bb69dbf699ba68da168dba6eda069da4,349,156,5a4,529525594f5494b55954549505214b52d5754948539575514b55554549545594b5414e55d5555151,26e,d3756d6f55d3753d4b56d474fd3348d5755d4b4fd3749d4b51d2b51d275ad2350d5f56d4b4fd3350,0,0,0,1
30,30,0,9a66c9f6709c2629d2689fe679be799ce719c6789be6c9b6719ae689a66b9fe699fe6d9fe679b66d,6edb96bda46e5a7685a46f9a56e5b969da1699a76b5a7685bb69dbf699ba68da168dba6eda069da4,352,156,5b9,529525594f5494b55954549505214b52d5754948539575514b55554549545594b5414e55d5555151,26e,d3756d6f55d3753d4b56d474fd3348d5755d4b4fd3749d4b51d2b51d275ad2350d5f56d4b4fd3350,0,0,0,1
31,31,0,9a66c9f6709c2629d2689fe679be799ce719c6789be6c9b6719ae689a66b9fe699fe6d9fe679b66d,6edb96bda46e5a7685a46f9a56e5b969da1699a76b5a7685bb69dbf699ba68da168dba6eda069da4,351,153,5a4,529525594f5494b55954549505214b52d5754948539575514b55554549545594b5414e55d5555151,26b,d3756d6f55d3753d4b56d474fd3348d5755d4b4fd3749d4b51d2b51d275ad2350d5f56d4b4fd3350,0,0,0,1
32,32,0,9a66c9f6709c2629d2689fe679be799ce719c6789be6c9b6719ae689a66b9fe699fe6d9fe679b66d,6edb96bda46e5a7685a46f9a56e5b969da1699a76b5a7685bb69dbf699ba68da168dba6eda069da4,345,157,5a1,529525594f5494b55954549505214b52d5754948539575514b55554549545594b5414e55d5555151,273,d3756d6f55d3753d4b56d474fd3348d5755d4b4fd3749d4b51d2b51d275ad2350d5f56d4b4fd3350,0,0,0,1
33,33,0,9a66c9f6709c2629d2689fe679be799ce719c6789be6c9b6719ae689a66b9fe699fe6d9fe679b66d,6edb96bda46e5a7685a46f9a56e5b969da1699a76b5a7685bb69dbf699ba68da168dba6eda069da4,351,156,5a4,529525594f5494b55954549505214b52d5754948539575514b55554549545594b5414e55d5555151,268,d3756d6f55d3753d4b56d474fd3348d5755d4b4fd3749d4b51d2b51d275ad2350d5f56d4b4fd3350,0,0,0,1
34,34,0,9a66c9f6709c2629d2689fe679be799ce719c6789be6c9b6719ae689a66b9fe699fe6d9fe679b66d,6edb96bda46e5a7685a46f9a56e5b969da1699a76b5a7685bb69dbf699ba68da168dba6eda069da4,34e,141,5b9,529525594f5494b55954549505214b52d5754948539575514b55554549545594b5414e55d5555151,26f,d3756d6f55d3753d4b56d474fd3348d5755d4b4fd3749d4b51d2b51d275ad2350d5f56d4b4fd3350,0,0,0,1
35,35,0,9a66c9f6709c2629d2689fe679be799ce719c6789be6c9b6719ae689a66b9fe699fe6d9fe679b66d,6edb96bda46e5a7685a46f9a56e5b969da1699a76b5a7685bb69dbf699ba68da168dba6eda069da4,35a,140,5a5,529525594f5494b55954549505214b52d5754948539575514b55554549545594b5414e55d5555151,270,d3756d6f55d3753d4b56d474fd3348d5755d4b4fd3749d4b51d2b51d275ad2350d5f56d4b4fd3350,0,0,0,1
36,36,0,9a66c9f6709c2629d2689fe679be799ce719c6789be6c9b6719ae689a66b9fe699fe6d9fe679b66d,6edb96bda46e5a7685a46f9a56e5b969da1699a76b5a7685bb69dbf699ba68da168dba6eda069da4,348,143,5b9,529525594f5494b55954549505214b52d5754948539575514b55554549545594b5414e55d5555151,26d,d3756d6f55d3753d4b56d474fd3348d5755d4b4fd3749d4b51d2b51d275ad2350d5f56d4b4fd3350,0,0,0,1
37,37,0,9a66c9f6709c2629d2689fe679be799ce719c6789be6c9b6719ae689a66b9fe699fe6d9fe679b66d,6edb96bda46e5a7685a46f9a56e5b969da1699a76b5a7685bb69dbf699ba68da168dba6eda069da4,353,155,5b8,529525594f5494b55954549505214b52d5754948539575514b55554549545594b5414e55d5555151,277,d3756d6f55d3753d4b56d474fd3348d5755d4b4fd3749d4b51d2b51d275ad2350d5f56d4b4fd3350,0,0,0,1
38,38,0,9a66c9f6709c2629d2689fe679be799ce719c6789be6c9b6719ae689a66b9fe699fe6d9fe679b66d,6edb96bda46e5a7685a46f9a56e5b969da1699a76b5a7685bb69dbf699ba68da168dba6eda069da4,357,156,5a4,529525594f5494b55954549505214b52d5754948539575514b55554549545594b5414e55d5555151,26d,d3756d6f55d3753d4b56d474fd3348d5755d4b4fd3749d4b51d2b51d275ad2350d5f56d4b4fd3350,0,0,0,1
39,39,0,9a66c9f6709c2629d2689fe679be799ce719c6789be6c9b6719ae689a66b9fe699fe6d9fe679b66d,6edb96bda46e5a7685a46f9a56e5b969da1699a76b5a7685bb69dbf699ba68da168dba6eda069da4,351,155,5a1,529525594f5494b55954549505214b52d5754948539575514b55554549545594b5414e55d5555151,274,d3756d6f55d3753d4b56d474fd3348d5755d4b4fd3749d4b51d2b51d275ad2350d5f56d4b4fd3350,0,0,0,1
40,40,0,9a66c9f6709c2629d2689fe679be799ce719c6789be6c9b6719ae689a66b9fe699fe6d9fe679b66d,6edb96bda46e5a7685a46f9a56e5b969da1699a76b5a7685bb69dbf699ba68da168dba6eda069da4,353,143,5a6,529525594f5494b55954549505214b52d5754948539575514b55554549545594b5414e55d5555151,267,d3756d6f55d3753d4b56d474fd3348d5755d4b4fd3749d4b51d2b51d275ad2350d5f56d4b4fd3350,0,0,0,1
41,41,0,9a66c9f6709c2629d2689fe679be799ce719c6789be6c9b6719ae689a66b9fe699fe6d9fe679b66d,6edb96bda46e5a7685a46f9a56e5b969da1699a76b5a7685bb69dbf699ba68da168dba6eda069da4,34f,542,5a7,529525594f5494b55954549505214b52d5754948539575514b55554549545594b5414e55d5555151,26d,d3756d6f55d3753d4b56d474fd3348d5755d4b4fd3749d4b51d2b51d275ad2350d5f56d4b4fd3350,0,0,0,1
42,42,0,9a66c9f6709c2629d2689fe679be799ce719c6789be6c9b6719ae689a66b9fe699fe6d9fe679b66d,6edb96bda46e5a7685a46f9a56e5b969da1699a76b5a7685bb69dbf699ba68da168dba6eda069da4,34f,550,1ac,529525594f5494b545545715052d4b52d57549485395755d4b5515654d575594b5414955d5455d51,671,d3756d6f55d3753d4b56d474fd3348d5755d4b4fd3749d4b51d2b51d275ad2350d5f56d4b4fd3350,0,0,0,1
43,43,0,9a66d9f2709c2629de689fe679be699ca719c2799ba6d9ba6e9be6b9a26b9f2689fe6d9f2679b67d,6edb96bda46e5a7685a46f9a56e5b969da1699a76b5a7685bb69dbf699ba68da168dba6eda069da4,350,543,1a7,529525594f5494b545545715052d4b52d57549485395755d4b5515654d575594b5414955d5455d51,66d,d3756d6f55d3753d4b56d474fd3348d5755d4b4fd3749d4b51d2b51d275ad2350d5f56d4b4fd3350,0,0,0,1
44,44,0,9a66d9f2709c2629de689fe679be699ca719c2799ba6d9ba6e9be6b9a26b9f2689fe6d9f2679b67d,6edb96bda46e5a7685a46f9a56e5b969da1699a76b5a7685bb69dbf699ba68da168dba6eda069da4,74c,54d,1a1,529525594f5494b545545715052d4b52d57549485395755d4b5515654d575594b5414955d5455d51,66f,d3756d6f55d3753d4b56d474fd3348d5755d4b4fd3749d4b51d2b51d275ad2350d5f56d4b4fd3350,0,0,0,1
45,45,0,9a66d9f2709c2629de689fe679be699ca719c2799ba6d9ba6e9be6b9a26b9f2689fe6d9f2679b67d,6edb96bda46e5a7685a46f9a56e5b969da1699a76b5a7685bb69dbf699ba68da168dba6eda069da4,756,54f,1bb,529525594f5494b545545715052d4b52d57549485395755d4b5515654d575594b5414955d5455d51,671,d3356d6b55d3353d4b56d474fd3348d5754d4b4fd3349d4b51d1751d3b5ad2353d5f51d4f4fd3f50,0,0,0,1
46,46,0,9a66d9f2709c2629de689fe679be699ca719c2799ba6d9ba6e9be6b9a26b9f2689fe6d9f2679b67d,6edb96bda46e5a7685a46f9a56e5b969da1699a76b5a7685bb69dbf699ba68da168dba6eda069da4,75a,541,1a7,529525594f5494b545545715052d4b52d57549485395755d4b5515654d575594b5414955d5455d51,671,d3356d6b55d3353d4b56d474fd3348d5754d4b4fd3349d4b51d1751d3b5ad2353d5f51d4f4fd3f50,0,0,0,1
47,47,0,9a66d9f2709c2629de689fe679be699ca719c2799ba6d9ba6e9be6b9a26b9f2689fe6d9f2679b67d,6edb96bda46e5a7685a46f9a56e5b969da1699a76b5a7685bb69dbf699ba68da168dba6eda069da4,755,551,1bf,529525594f5494b545545715052d4b52d57549485395755d4b5515654d575594b5414955d5455d51,670,d3356d6b55d3353d4b56d474fd3348d5754d4b4fd3349d4b51d1751d3b5ad2353d5f51d4f4fd3f50,0,0,0,1
48,48,0,9a66d9f2709c2629de689fe679be699ca719c2799ba6d9ba6e9be6b9a26b9f2689fe6d9f2679b67d,6edb96bda46e5a7685a46f9a56e5b969da1699a76b5a7685bb69dbf699ba68da168dba6eda069da4,74d,554,1a6,529525594f5494b545545715052d4b52d57549485395755d4b5515654d575594b5414955d5455d51,664,d3356d6b55d3353d4b56d474fd3348d5754d4b4fd3349d4b51d1751d3b5ad2353d5f51d4f4fd3f50,0,0,0,1
49,49,0,9a66d9f2709c2629de689fe679be699ca719c2799ba6d9ba6e9be6b9a26b9f2689fe6d9f2679b67d,6edb96bda46e5a7685a46f9a56e5b969da1699a76b5a7685bb69dbf699ba68da168dba6eda069da4,753,555,1ba,529525594f5494b545545715052d4b52d57549485395755d4b5515654d575594b5414955d5455d51,670,d3356d6b55d3353d4b56d474fd3348d5754d4b4fd3349d4b51d1751d3b5ad2353d5f51d4f4fd3f50,0,0,0,1
50,50,0,9a66d9f2709c2629de689fe679be699ca719c2799ba6d9ba6e9be6b9a26b9f2689fe6d9f2679b67d,6edb96bda46e5a7685a46f9a56e5b969da1699a76b5a7685bb69dbf699ba68da168dba6eda069da4,752,543,1a2,529525594f5494b545545715052d4b52d57549485395755d4b5515654d575594b5414955d5455d51,66c,d3356d6b55d3353d4b56d474fd3348d5754d4b4fd3349d4b51d1751d3b5ad2353d5f51d4f4fd3f50,0,0,0,1
51,51,0,9a66d9f2709c2629de689fe679be699ca719c2799ba6d9ba6e9be6b9a26b9f2689fe6d9f2679b67d,6edb96bda46e5a7685a46f9a56e5b969da1699a76b5a7685bb69dbf699ba68da168dba6eda069da4,756,54b,1a1,529525594f5494b545545715052d4b52d57549485395755d4b5515654d575594b5414955d5455d51,677,d3356d6b55d3353d4b56d474fd3348d5754d4b4fd3349d4b51d1751d3b5ad2353d5f51d4f4fd3f50,0,0,0,1
52,52,0,9a66d9f2709c2629de689fe679be699ca719c2799ba6d9ba6e9be6b9a26b9f2689fe6d9f2679b67d,6edb96bda46e5a7685a46f9a56e5b969da1699a76b5a7685bb69dbf699ba68da168dba6eda069da4,751,54b,1a3,529525594f5494b545545715052d4b52d57549485395755d4b5515654d575594b5414955d5455d51,667,d3356d6b55d3353d4b56d474fd3348d5754d4b4fd3349d4b51d1751d3b5ad2353d5f51d4f4fd3f50,0,0,0,1
53,53,0,9a66d9f2709c2629de689fe679be699ca719c2799ba6d9ba6e9be6b9a26b9f2689fe6d9f2679b67d,6edb96bda46e5a7685a46f9a56e5b969da1699a76b5a7685bb69dbf699ba68da168dba6eda069da4,74c,543,1ba,529525594f5494b545545715052d4b52d57549485395755d4b5515654d575594b5414955d5455d51,66b,d3356d6b55d3353d4b56d474fd3348d5754d4b4fd3349d4b51d1751d3b5ad2353d5f51d4f4fd3f50,0,0,0,1
54,54,0,9a66d9f2709c2629de689fe679be699ca719c2799ba6d9ba6e9be6b9a26b9f2689fe6d9f2679b67d,6edb96bda46e5a7685a46f9a56e5b969da1699a76b5a7685bb69dbf699ba68da168dba6eda069da4,74c,557,1bb,529525594f5494b545545715052d4b52d57549485395755d4b5515654d575594b5414955d5455d51,670,d3356d6b55d3353d4b56d474fd3348d5754d4b4fd3349d4b51d1751d3b5ad2353d5f51d4f4fd3f50,0,0,0,1
55,55,0,9a66d9f2709c2629de689fe679be699ca719c2799ba6d9ba6e9be6b9a26b9f2689fe6d9f2679b67d,6edb96bda46e5a7685a46f9a56e5b969da1699a76b5a7685bb69dbf699ba68da168dba6eda069da4,749,540,1a3,529525594f5494b545545715052d4b52d57549485395755d4b5515654d575594b5414955d5455d51,673,d3356d6b55d3353d4b56d474fd3348d5754d4b4fd3349d4b51d1751d3b5ad2353d5f51d4f4fd3f50,0,0,0,1
56,56,0,9a66d9f2709c2629de689fe679be699ca719c2799ba6d9ba6e9be6b9a26b9f2689fe6d9f2679b67d,6edb96bda46e5a7685a46f9a56e5b969da1699a76b5a7685bb69dbf699ba68da168dba6eda069da4,757,548,1a4,529525594f5494b545545715052d4b52d57549485395755d4b5515654d575594b5414955d5455d51,671,d3356d6b55d3353d4b56d474fd3348d5754d4b4fd3349d4b51d1751d3b5ad2353d5f51d4f4fd3f50,0,0,0,1
57,57,0,9a66d9f2709c2629de689fe679be699ca719c2799ba6d9ba6e9be6b9a26b9f2689fe6d9f2679b67d,6edb96bda46e5a7685a46f9a56e5b969da1699a76b5a7685bb69dbf699ba68da168dba6eda069da4,757,141,1a4,529525594f5494b545545715052d4b52d57549485395755d4b5515654d575594b5414955d5455d51,670,d3356d6b55d3353d4b56d474fd3348d5754d4b4fd3349d4b51d1751d3b5ad2353d5f51d4f4fd3f50,0,0,0,1
58,58,0,9a66d9f2709c2629de689fe679be699ca719c2799ba6d9ba6e9be6b9a26b9f2689fe6d9f2679b67d,6edb96bda46e5a7685a46f9a56e5b969da1699a76b5a7685bb69dbf699ba68da168dba6eda069da4,74d,157,5ba,529525594f5494b545545715052d4b52d57549485395755d4b5515654d575594b5414955d5455d51,26d,d3356d6b55d3353d4b56d474fd3348d5754d4b4fd3349d4b51d1751d3b5ad2353d5f51d4f4fd3f50,0,0,0,1
59,59,0,9a66d9f2709c2629de689fe679be699ca719c2799ba6d9ba6e9be6b9a26b9f2689fe6d9f2679b67d,6edb86bda46e5a4685a46e5a56e5b8691a1699a76b1a7685bb69dbf699ba689a168dba6eda3691a4,74f,147,5b8,529525594f5494b545545715052d4b52d57549485395755d4b5515654d575594b5414955d5455d51,26e,d3356d6b55d3353d4b56d474fd3348d5754d4b4fd3349d4b51d1751d3b5ad2353d5f51d4f4fd3f50,0,0,0,1
60,60,0,9a66d9f2709c2629de689fe679be699ca719c2799ba6d9ba6e9be6b9a26b9f2689fe6d9f2679b67d,6edb86bda46e5a4685a46e5a56e5b8691a1699a76b1a7685bb69dbf699ba689a168dba6eda3691a4,34c,141,5ae,529525594f5494b545545715052d4b52d57549485395755d4b5515654d575594b5414955d5455d51,26d,d3356d6b55d3353d4b56d474fd3348d5754d4b4fd3349d4b51d1751d3b5ad2353d5f51d4f4fd3f50,0,0,0,1
61,61,0,9a66d9f2709c2629de689fe679be699ca719c2799ba6d9ba6e9be6b9a26b9f2689fe6d9f2679b67d,6edb86bda46e5a4685a46e5a56e5b8691a1699a76b1a7685bb69dbf699ba689a168dba6eda3691a4,349,157,5a4,529525594f5494b545545715052d4b52d57549485395755d4b5515654d575594b5414955d5455d51,26e,d3356d6b55d3353d4b56d474fd3348d5754d4b4fd3349d4b51d1751d3b5ad2353d5f51d4f4fd3f50,0,0,0,1
62,62,0,9a66d9f2709c2629de689fe679be699ca719c2799ba6d9ba6e9be6b9a26b9f2689fe6d9f2679b67d,6edb86bda46e5a4685a46e5a56e5b8691a1699a76b1a7685bb69dbf699ba689a168dba6eda3691a4,353,157,5b9,529525594f5494b545545715052d4b52d57549485395755d4b5515654d575594b5414955d5455d51,271,d3356d6b55d3353d4b56d474fd3348d5754d4b4fd3349d4b51d1751d3b5ad2353d5f51d4f4fd3f50,0,0,0,1
63,63,0,9a66d9f2709c2629de689fe679be699ca719c2799ba6d9ba6e9be6b9a26b9f2689fe6d9f2679b67d,6edb86bda46e5a4685a46e5a56e5b8691a1699a76b1a7685bb69dbf699ba689a168dba6eda3691a4,350,151,5a4,529525594f5494b545545715052d4b52d57549485395755d4b5515654d575594b5414955d5455d51,26b,d3356d6b55d3353d4b56d474fd3348d5754d4b4fd3349d4b51d1751d3b5ad2353d5f51d4f4fd3f50,0,0,0,1
64,64,0,9a66d9f2709c2629de689fe679be699ca719c2799ba6d9ba6e9be6b9a26b9f2689fe6d9f2679b67d,6edb86bda46e5a4685a46e5a56e5b8691a1699a76b1a7685bb69dbf699ba689a168dba6eda3691a4,34a,156,5a1,529525594f5494b545545715052d4b52d57549485395755d4b5515654d575594b5414955d5455d51,270,d3356d6b55d3353d4b56d474fd3348d5754d4b4fd3349d4b51d1751d3b5ad2353d5f51d4f4fd3f50,0,0,0,1
65,65,0,9a66d9f2709c2629de689fe679be699ca719c2799ba6d9ba6e9be6b9a26b9f2689fe6d9f2679b67d,6edb86bda46e5a4685a46e5a56e5b8691a1699a76b1a7685bb69dbf699ba689a168dba6eda3691a4,351,144,5a5,529525594f5494b545545715052d4b52d57549485395755d4b5515654d575594b5414955d5455d51,269,d3356d6b55d3353d4b56d474fd3348d5754d4b4fd3349d4b51d1751d3b5ad2353d5f51d4f4fd3f50,0,0,0,1
66,66,0,9a66d9f2709c2629de689fe679be699ca719c2799ba6d9ba6e9be6b9a26b9f2689fe6d9f2679b67d,6edb86bda46e5a4685a46e5a56e5b8691a1699a76b1a7685bb69dbf699ba689a168dba6eda3691a4,34e,140,5b9,529525594f5494b545545715052d4b52d57549485395755d4b5515654d575594b5414955d5455d51,26c,d3356d6b55d3353d4b56d474fd3348d5754d4b4fd3349d4b51d1751d3b5ad2353d5f51d4f4fd3f50,0,0,0,1
67,67,0,9a66d9f2709c2629de689fe679be699ca719c2799ba6d9ba6e9be6b9a26b9f2689fe6d9f2679b67d,6edb86bda46e5a4685a46e5a56e5b8691a1699a76b1a7685bb69dbf699ba689a168dba6eda3691a4,35a,140,5ba,529525594f5494b545545715052d4b52d57549485395755d4b5515654d575594b5414955d5455d51,273,d3356d6b55d3353d4b56d474fd3348d5754d4b4fd3349d4b51d1751d3b5ad2353d5f51d4f4fd3f50,0,0,0,1
68,68,0,9a66d9f2709c2629de689fe679be699ca719c2799ba6d9ba6e9be6b9a26b9f2689fe6d9f2679b67d,6edb86bda46e5a4685a46e5a56e5b8691a1699a76b1a7685bb69dbf699ba689a168dba6eda3691a4,34b,142,5b9,529525594f5494b545545715052d4b52d57549485395755d4b5515654d575594b5414955d5455d51,26d,d3356d6b55d3353d4b56d474fd3348d5754d4b4fd3349d4b51d1751d3b5ad2353d5f51d4f4fd3f50,0,0,0,1
69,69,0,9a66d9f2709c2629de689fe679be699ca719c2799ba6d9ba6e9be6b9a26b9f2689fe6d9f2679b67d,6edb86bda46e5a4685a46e5a56e5b8691a1699a76b1a7685bb69dbf699ba689a168dba6eda3691a4,350,154,5b8,529525594f5494b545545715052d4b52d57549485395755d4b5515654d575594b5414955d5455d51,274,d3356d6b55d3353d4b56d474fd3348d5754d4b4fd3349d4b51d1751d3b5ad2353d5f51d4f4fd3f50,0,0,0,1
70,70,0,9a66d9f2709c2629de689fe679be699ca719c2799ba6d9ba6e9be6b9a26b9f2689fe6d9f2679b67d,6edb86bda46e5a4685a46e5a56e5b8691a1699a76b1a7685bb69dbf699ba689a168dba6eda3691a4,356,156,5a4,529525594f5494b545545715052d4b52d57549485395755d4b5515654d575594b5414955d5455d51,26c,d3356d6b55d3353d4b56d474fd3348d5754d4b4fd3349d4b51d1751d3b5ad2353d5f51d4f4fd3f50,0,0,0,1
71,71,0,9a66d9f2709c2629de689fe679be699ca719c2799ba6d9ba6e9be6b9a26b9f2689fe6d9f2679b67d,6edb86bda46e5a4685a46e5a56e5b8691a1699a76b1a7685bb69dbf699ba689a168dba6eda3691a4,351,155,5a1,529525594f5494b545545715052d4b52d57549485395755d4b5515654d575594b5414955d5455d51,277,d3356d6b55d3353d4b56d474fd3348d5754d4b4fd3349d4b51d1751d3b5ad2353d5f51d4f4fd3f50,0,0,0,1
72,72,0,9a66d9f2709c2629de689fe679be699ca719c2799ba6d9ba6e9be6b9a26b9f2689fe6d9f2679b67d,6edb86bda46e5a4685a46e5a56e5b8691a1699a76b1a7685bb69dbf699ba689a168dba6eda3691a4,352,143,5a6,529525594f5494b545545715052d4b52d57549485395755d4b5515654d575594b5414955d5455d51,267,d3356d6b55d3353d4b56d474fd3348d5754d4b4fd3349d4b51d1751d3b5ad2353d5f51d4f4fd3f50,0,0,0,1
73,73,0,9a66d9f2709c2629de689fe679be699ca719c2799ba6d9ba6e9be6b9a26b9f2689fe6d9f2679b67d,6edb86bda46e5a4685a46e5a56e5b8691a1699a76b1a7685bb69dbf699ba689a168dba6eda3691a4,34f,548,5a7,529525594f5494b545545715052d4b52d57549485395755d4b5515654d575594b5414955d5455d51,26c,d3356d6b55d3353d4b56d474fd3348d5754d4b4fd3349d4b51d1751d3b5ad2353d5f51d4f4fd3f50,0,0,0,1
74,74,0,9a66d9f2709c2629de689fe679be699ca719c2799ba6d9ba6e9be6b9a26b9f2689fe6d9f2679b67d,6edb86bda46e5a4685a46e5a56e5b8691a1699a76b1a7685bb69dbf699ba689a168dba6eda3691a4,34f,557,1ad,529525454f5754b545545755352d4b52d57549485255755d4b5555754d5455948541485595455d51,670,d3356d6b55d3353d4b56d474fd3348d5754d4b4fd3349d4b51d1751d3b5ad2353d5f51d4f4fd3f50,0,0,0,1
75,75,0,9a66f9f6719c6609d2689fe679be689ce719c2799ba6d9ba6d9ae689a6689fe699f26c9fe679b26c,6edb86bda46e5a4685a46e5a56e5b8691a1699a76b1a7685bb69dbf699ba689a168dba6eda3691a4,350,546,1a6,529525454f5754b545545755352d4b52d57549485255755d4b5555754d5455948541485595455d51,66d,d3356d6b55d3353d4b56d474fd3348d5754d4b4fd3349d4b51d1751d3b5ad2353d5f51d4f4fd3f50,0,0,0,1
76,76,0,9a66f9f6719c6609d2689fe679be689ce719c2799ba6d9ba6d9ae689a6689fe699f26c9fe679b26c,6edb86bda46e5a4685a46e5a56e5b8691a1699a76b1a7685bb69dbf699ba689a168dba6eda3691a4,74c,547,1a6,529525454f5754b545545755352d4b52d57549485255755d4b5555754d5455948541485595455d51,66f,d3356d6b55d3353d4b56d474fd3348d5754d4b4fd3349d4b51d1751d3b5ad2353d5f51d4f4fd3f50,0,0,0,1
77,77,0,9a66f9f6719c6609d2689fe679be689ce719c2799ba6d9ba6d9ae689a6689fe699f26c9fe679b26c,6edb86bda46e5a4685a46e5a56e5b8691a1699a76b1a7685bb69dbf699ba689a168dba6eda3691a4,756,542,1bb,529525454f5754b545545755352d4b52d57549485255755d4b5555754d5455948541485595455d51,671,d3356d6b55d3753d4b56d474ed3349d5755d374fd3349d4f50d2b51d3b5ad2f50d5b51d4b4fd3f50,0,0,0,1
78,78,0,9a66f9f6719c6609d2689fe679be689ce719c2799ba6d9ba6d9ae689a6689fe699f26c9fe679b26c,6edb86bda46e5a4685a46e5a56e5b8691a1699a76b1a7685bb69dbf699ba689a168dba6eda3691a4,75b,543,1a7,529525454f5754b545545755352d4b52d57549485255755d4b5555754d5455948541485595455d51,671,d3356d6b55d3753d4b56d474ed3349d5755d374fd3349d4f50d2b51d3b5ad2f50d5b51d4b4fd3f50,0,0,0,1
79,79,0,9a66f9f6719c6609d2689fe679be689ce719c2799ba6d9ba6d9ae689a6689fe699f26c9fe679b26c,6edb86bda46e5a4685a46e5a56e5b8691a1699a76b1a7685bb69dbf699ba689a168dba6eda3691a4,754,554,1bf,529525454f5754b545545755352d4b52d57549485255755d4b5555754d5455948541485595455d51,670,d3356d6b55d3753d4b56d474ed3349d5755d374fd3349d4f50d2b51d3b5ad2f50d5b51d4b4fd3f50,0,0,0,1
80,80,0,9a66f9f6719c6609d2689fe679be689ce719c2799ba6d9ba6d9ae689a6689fe699f26c9fe679b26c,6edb86bda46e5a4685a46e5a56e5b8691a1699a76b1a7685bb69dbf699ba689a168dba6eda3691a4,74d,554,1a6,529525454f5754b545545755352d4b52d57549485255755d4b5555754d5455948541485595455d51,664,d3356d6b55d3753d4b56d474ed3349d5755d374fd3349d4f50d2b51d3b5ad2f50d5b51d4b4fd3f50,0,0,0,1
81,81,0,9a66f9f6719c6609d2689fe679be689ce719c2799ba6d9ba6d9ae689a6689fe699f26c9fe679b26c,6edb86bda46e5a4685a46e5a56e5b8691a1699a76b1a7685bb69dbf699ba689a168dba6eda3691a4,753,554,1bb,529525454f5754b545545755352d4b52d57549485255755d4b5555754d5455948541485595455d51,670,d3356d6b55d3753d4b56d474ed3349d5755d374fd3349d4f50d2b51d3b5ad2f50d5b51d4b4fd3f50,0,0,0,1
82,82,0,9a66f9f6719c6609d2689fe679be689ce719c2799ba6d9ba6d9ae689a6689fe699f26c9fe679b26c,6edb86bda46e5a4685a46e5a56e5b8691a1699a76b1a7685bb69dbf699ba689a168dba6eda3691a4,752,543,1a2,529525454f5754b545545755352d4b52d57549485255755d4b5555754d5455948541485595455d51,66c,d3356d6b55d3753d4b56d474ed3349d5755d374fd3349d4f50d2b51d3b5ad2f50d5b51d4b4fd3f50,0,0,0,1
83,83,0,9a66f9f6719c6609d2689fe679be689ce719c2799ba6d9ba6d9ae689a6689fe699f26c9fe679b26c,6edb86bda46e5a4685a46e5a56e5b8691a1699a76b1a7685bb69dbf699ba689a168dba6eda3691a4,756,54b,1a1,529525454f5754b545545755352d4b52d57549485255755d4b5555754d5455948541485595455d51,677,d3356d6b55d3753d4b56d474ed3349d5755d374fd3349d4f50d2b51d3b5ad2f50d5b51d4b4fd3f50,0,0,0,1
84,84,0,9a66f9f6719c6609d2689fe679be689ce719c2799ba6d9ba6d9ae689a6689fe699f26c9fe679b26c,6edb86bda46e5a4685a46e5a56e5b8691a1699a76b1a7685bb69dbf699ba689a168dba6eda3691a4,756,54b,1a3,529525454f5754b545545755352d4b52d57549485255755d4b5555754d5455948541485595455d51,667,d3356d6b55d3753d4b56d474ed3349d5755d374fd3349d4f50d2b51d3b5ad2f50d5b51d4b4fd3f50,0,0,0,1
85,85,0,9a66f9f6719c6609d2689fe679be689ce719c2799ba6d9ba6d9ae689a6689fe699f26c9fe679b26c,6edb86bda46e5a4685a46e5a56e5b8691a1699a76b1a7685bb69dbf699ba689a168dba6eda3691a4,74c,543,1ba,529525454f5754b545545755352d4b52d57549485255755d4b5555754d5455948541485595455d51,66b,d3356d6b55d3753d4b56d474ed3349d5755d374fd3349d4f50d2b51d3b5ad2f50d5b51d4b4fd3f50,0,0,0,1
86,86,0,9a66f9f6719c6609d2689fe679be689ce719c2799ba6d9ba6d9ae689a6689fe699f26c9fe679b26c,6edb86bda46e5a4685a46e5a56e5b8691a1699a76b1a7685bb69dbf699ba689a168dba6eda3691a4,74c,556,1bb,529525454f5754b545545755352d4b52d57549485255755d4b5555754d5455948541485595455d51,671,d3356d6b55d3753d4b56d474ed3349d5755d374fd3349d4f50d2b51d3b5ad2f50d5b51d4b4fd3f50,0,0,0,1
87,87,0,9a66f9f6719c6609d2689fe679be689ce719c2799ba6d9ba6d9ae689a6689fe699f26c9fe679b26c,6edb86bda46e5a4685a46e5a56e5b8691a1699a76b1a7685bb69dbf699ba689a168dba6eda3691a4,748,542,1a3,529525454f5754b545545755352d4b52d57549485255755d4b5555754d5455948541485595455d51,673,d3356d6b55d3753d4b56d474ed3349d5755d374fd3349d4f50d2b51d3b5ad2f50d5b51d4b4fd3f50,0,0,0,1
88,88,0,9a66f9f6719c6609d2689fe679be689ce719c2799ba6d9ba6d9ae689a6689fe699f26c9fe679b26c,6edb86bda46e5a4685a46e5a56e5b8691a1699a76b1a7685bb69dbf699ba689a168dba6eda3691a4,757,549,1a7,529525454f5754b545545755352d4b52d57549485255755d4b5555754d5455948541485595455d51,671,d3356d6b55d3753d4b56d474ed3349d5755d374fd3349d4f50d2b51d3b5ad2f50d5b51d4b4fd3f50,0,0,0,1
89,89,0,9a66f9f6719c6609d2689fe679be689ce719c2799ba6d9ba6d9ae689a6689fe699f26c9fe679b26c,6edb86bda46e5a4685a46e5a56e5b8691a1699a76b1a7685bb69dbf699ba689a168dba6eda3691a4,757,141,1a4,529525454f5754b545545755352d4b52d57549485255755d4b5555754d5455948541485595455d51,670,d3356d6b55d3753d4b56d474ed3349d5755d374fd3349d4f50d2b51d3b5ad2f50d5b51d4b4fd3f50,0,0,0,1
90,90,0,9a66f9f6719c6609d2689fe679be689ce719c2799ba6d9ba6d9ae689a6689fe699f26c9fe679b26c,6edb86bda46e5a4685a46e5a56e5b8691a1699a76b1a7685bb69dbf699ba689a168dba6eda3691a4,752,157,5bb,529525454f5754b545545755352d4b52d57549485255755d4b5555754d5455948541485595455d51,26d,d3356d6b55d3753d4b56d474ed3349d5755d374fd3349d4f50d2b51d3b5ad2f50d5b51d4b4fd3f50,0,0,0,1
91,91,0,9a66f9f6719c6609d2689fe679be689ce719c2799ba6d9ba6d9ae689a6689fe699f26c9fe679b26c,6e9b86b9a46e5a4685a56e5ba6e5b8691a1699a76b5a6699bb69dbf699bb689a168dba6eda369da4,74f,147,5b9,529525454f5754b545545755352d4b52d57549485255755d4b5555754d5455948541485595455d51,26e,d3356d6b55d3753d4b56d474ed3349d5755d374fd3349d4f50d2b51d3b5ad2f50d5b51d4b4fd3f50,0,0,0,1
92,92,0,9a66f9f6719c6609d2689fe679be689ce719c2799ba6d9ba6d9ae689a6689fe699f26c9fe679b26c,6e9b86b9a46e5a4685a56e5ba6e5b8691a1699a76b5a6699bb69dbf699bb689a168dba6eda369da4,34c,140,5af,529525454f5754b545545755352d4b52d57549485255755d4b5555754d5455948541485595455d51,26d,d3356d6b55d3753d4b56d474ed3349d5755d374fd3349d4f50d2b51d3b5ad2f50d5b51d4b4fd3f50,0,0,0,1
93,93,0,9a66f9f6719c6609d2689fe679be689ce719c2799ba6d9ba6d9ae689a6689fe699f26c9fe679b26c,6e9b86b9a46e5a4685a56e5ba6e5b8691a1699a76b5a6699bb69dbf699bb689a168dba6eda369da4,349,156,5a5,529525454f5754b545545755352d4b52d57549485255755d4b5555754d5455948541485595455d51,26e,d3356d6b55d3753d4b56d474ed3349d5755d374fd3349d4f50d2b51d3b5ad2f50d5b51d4b4fd3f50,0,0,0,1
94,94,0,9a66f9f6719c6609d2689fe679be689ce719c2799ba6d9ba6d9ae689a6689fe699f26c9fe679b26c,6e9b86b9a46e5a4685a56e5ba6e5b8691a1699a76b5a6699bb69dbf699bb689a168dba6eda369da4,353,157,5b9,529525454f5754b545545755352d4b52d57549485255755d4b5555754d5455948541485595455d51,271,d3356d6b55d3753d4b56d474ed3349d5755d374fd3349d4f50d2b51d3b5ad2f50d5b51d4b4fd3f50,0,0,0,1
95,95,0,9a66f9f6719c6609d2689fe679be689ce719c2799ba6d9ba6d9ae689a6689fe699f26c9fe679b26c,6e9b86b9a46e5a4685a56e5ba6e5b8691a1699a76b5a6699bb69dbf699bb689a168dba6eda369da4,351,151,5a7,529525454f5754b545545755352d4b52d57549485255755d4b5555754d5455948541485595455d51,26b,d3356d6b55d3753d4b56d474ed3349d5755d374fd3349d4f50d2b51d3b5ad2f50d5b51d4b4fd3f50,0,0,0,1
96,96,0,9a66f9f6719c6609d2689fe679be689ce719c2799ba6d9ba6d9ae689a6689fe699f26c9fe679b26c,6e9b86b9a46e5a4685a56e5ba6e5b8691a1699a76b5a6699bb69dbf699bb689a168dba6eda369da4,34b,156,5a1,529525454f5754b545545755352d4b52d57549485255755d4b5555754d5455948541485595455d51,271,d3356d6b55d3753d4b56d474ed3349d5755d374fd3349d4f50d2b51d3b5ad2f50d5b51d4b4fd3f50,0,0,0,1
97,97,0,9a66f9f6719c6609d2689fe679be689ce719c2799ba6d9ba6d9ae689a6689fe699f26c9fe679b26c,6e9b86b9a46e5a4685a56e5ba6e5b8691a1699a76b5a6699bb69dbf699bb689a168dba6eda369da4,351,146,5a4,529525454f5754b545545755352d4b52d57549485255755d4b5555754d5455948541485595455d51,269,d3356d6b55d3753d4b56d474ed3349d5755d374fd3349d4f50d2b51d3b5ad2f50d5b51d4b4fd3f50,0,0,0,1
98,98,0,9a66f9f6719c6609d2689fe679be689ce719c2799ba6d9ba6d9ae689a6689fe699f26c9fe679b26c,6e9b86b9a46e5a4685a56e5ba6e5b8691a1699a76b5a6699bb69dbf699bb689a168dba6eda369da4,34e,141,5b9,529525454f5754b545545755352d4b52d57549485255755d4b5555754d5455948541485595455d51,26c,d3356d6b55d3753d4b56d474ed3349d5755d374fd3349d4f50d2b51d3b5ad2f50d5b51d4b4fd3f50,0,0,0,1
99,99,0,9a66f9f6719c6609d2689fe679be689ce719c2799ba6d9ba6d9ae689a6689fe699f26c9fe679b26c,6e9b86b9a46e5a4685a56e5ba6e5b8691a1699a76b5a6699bb69dbf699bb689a168dba6eda369da4,355,140,5ba,529525454f5754b545545755352d4b52d57549485255755d4b5555754d5455948541485595455d51,273,d3356d6b55d3753d4b56d474ed3349d5755d374fd3349d4f50d2b51d3b5ad2f50d5b51d4b4fd3f50,0,0,0,1
100,100,0,9a66f9f6719c6609d2689fe679be689ce719c2799ba6d9ba6d9ae689a6689fe699f26c9fe679b26c,6e9b86b9a46e5a4685a56e5ba6e5b8691a1699a76b5a6699bb69dbf699bb689a168dba6eda369da4,348,143,5b9,529525454f5754b545545755352d4b52d57549485255755d4b5555754d5455948541485595455d51,26a,d3356d6b55d3753d4b56d474ed3349d5755d374fd3349d4f50d2b51d3b5ad2f50d5b51d4b4fd3f50,0,0,0,1
101,101,0,9a66f9f6719c6609d2689fe679be689ce719c2799ba6d9ba6d9ae689a6689fe699f26c9fe679b26c,6e9b86b9a46e5a4685a56e5ba6e5b8691a1699a76b5a6699bb69dbf699bb689a168dba6eda369da4,350,154,5b8,529525454f5754b545545755352d4b52d57549485255755d4b5555754d5455948541485595455d51,274,d3356d6b55d3753d4b56d474ed3349d5755d374fd3349d4f50d2b51d3b5ad2f50d5b51d4b4fd3f50,0,0,0,1
102,102,0,9a66f9f6719c6609d2689fe679be689ce719c2799ba6d9ba6d9ae689a6689fe699f26c9fe679b26c,6e9b86b9a46e5a4685a56e5ba6e5b8691a1699a76b5a6699bb69dbf699bb689a168dba6eda369da4,357,156,5a4,529525454f5754b545545755352d4b52d57549485255755d4b5555754d5455948541485595455d51,26c,d3356d6b55d3753d4b56d474ed3349d5755d374fd3349d4f50d2b51d3b5ad2f50d5b51d4b4fd3f50,0,0,0,1
103,103,0,9a66f9f6719c6609d2689fe679be689ce719c2799ba6d9ba6d9ae689a6689fe699f26c9fe679b26c,6e9b86b9a46e5a4685a56e5ba6e5b8691a1699a76b5a6699bb69dbf699bb689a168dba6eda369da4,356,155,5a1,529525454f5754b545545755352d4b52d57549485255755d4b5555754d5455948541485595455d51,277,d3356d6b55d3753d4b56d474ed3349d5755d374fd3349d4f50d2b51d3b5ad2f50d5b51d4b4fd3f50,0,0,0,1
104,104,0,9a66f9f6719c6609d2689fe679be689ce719c2799ba6d9ba6d9ae689a6689fe699f26c9fe679b26c,6e9b86b9a46e5a4685a56e5ba6e5b8691a1699a76b5a6699bb69dbf699bb689a168dba6eda369da4,353,143,5a6,529525454f5754b545545755352d4b52d57549485255755d4b5555754d5455948541485595455d51,264,d3356d6b55d3753d4b56d474ed3349d5755d374fd3349d4f50d2b51d3b5ad2f50d5b51d4b4fd3f50,0,0,0,1
105,105,0,9a66f9f6719c6609d2689fe679be689ce719c2799ba6d9ba6d9ae689a6689fe699f26c9fe679b26c,6e9b86b9a46e5a4685a56e5ba6e5b8691a1699a76b5a6699bb69dbf699bb689a168dba6eda369da4,34f,548,5a7,529525454f5754b545545755352d4b52d57549485255755d4b5555754d5455948541485595455d51,26c,d3356d6b55d3753d4b56d474ed3349d5755d374fd3349d4f50d2b51d3b5ad2f50d5b51d4b4fd3f50,0,0,0,1
106,106,0,9a66f9f6719c6609d2689fe679be689ce719c2799ba6d9ba6d9ae689a6689fe699f26c9fe679b26c,6e9b86b9a46e5a4685a56e5ba6e5b8691a1699a76b5a6699bb69dbf699bb689a168dba6eda369da4,34f,557,1ad,5295d5594f5494b559545715352d4b52d565494b5255755d4a5515754d545594b541495595455d51,671,d3356d6b55d3753d4b56d474ed3349d5755d374fd3349d4f50d2b51d3b5ad2f50d5b51d4b4fd3f50,0,0,0,1
107,107,0,9a66f9f6719c2709d2689fe679be699ce719c6789ba6d9ba6d9ae699a6689fe6a9e26c9fe649b27d,6e9b86b9a46e5a4685a56e5ba6e5b8691a1699a76b5a6699bb69dbf699bb689a168dba6eda369da4,350,546,1a7,5295d5594f5494b559545715352d4b52d565494b5255755d4a5515754d545594b541495595455d51,66d,d3356d6b55d3753d4b56d474ed3349d5755d374fd3349d4f50d2b51d3b5ad2f50d5b51d4b4fd3f50,0,0,0,1
108,108,0,9a66f9f6719c2709d2689fe679be699ce719c6789ba6d9ba6d9ae699a6689fe6a9e26c9fe649b27d,6e9b86b9a46e5a4685a56e5ba6e5b8691a1699a76b5a6699bb69dbf699bb689a168dba6eda369da4,74c,547,1a1,5295d5594f5494b559545715352d4b52d565494b5255755d4a5515754d545594b541495595455d51,66f,d3356d6b55d3753d4b56d474ed3349d5755d374fd3349d4f50d2b51d3b5ad2f50d5b51d4b4fd3f50,0,0,0,1
109,109,0,9a66f9f6719c2709d2689fe679be699ce719c6789ba6d9ba6d9ae699a6689fe6a9e26c9fe649b27d,6e9b86b9a46e5a4685a56e5ba6e5b8691a1699a76b5a6699bb69dbf699bb689a168dba6eda369da4,756,542,1ba,5295d5594f5494b559545715352d4b52d565494b5255755d4a5515754d545594b541495595455d51,671,d3356d6f54d3753d4b56d534ed3348d5755d4b4fd3349d4f51d2f51d3b55d2350d5f56d4f4fd3f50,0,0,0,1
110,110,0,9a66f9f6719c2709d2689fe679be699ce719c6789ba6d9ba6d9ae699a6689fe6a9e26c9fe649b27d,6e9b86b9a46e5a4685a56e5ba6e5b8691a1699a76b5a6699bb69dbf699bb689a168dba6eda369da4,75a,542,1a7,5295d5594f5494b559545715352d4b52d565494b5255755d4a5515754d545594b541495595455d51,671,d3356d6f54d3753d4b56d534ed3348d5755d4b4fd3349d4f51d2f51d3b55d2350d5f56d4f4fd3f50,0,0,0,1
111,111,0,9a66f9f6719c2709d2689fe679be699ce719c6789ba6d9ba6d9ae699a6689fe6a9e26c9fe649b27d,6e9b86b9a46e5a4685a56e5ba6e5b8691a1699a76b5a6699bb69dbf699bb689a168dba6eda369da4,754,554,1bf,5295d5594f5494b559545715352d4b52d565494b5255755d4a5515754d545594b541495595455d51,670,d3356d6f54d3753d4b56d534ed3348d5755d4b4fd3349d4f51d2f51d3b55d2350d5f56d4f4fd3f50,0,0,0,1
112,112,0,9a66f9f6719c2709d2689fe679be699ce719c6789ba6d9ba6d9ae699a6689fe6a9e26c9fe649b27d,6e9b86b9a46e5a4685a56e5ba6e5b8691a1699a76b5a6699bb69dbf699bb689a168dba6eda369da4,74d,554,1a7,5295d5594f5494b559545715352d4b52d565494b5255755d4a5515754d545594b541495595455d51,667,d3356d6f54d3753d4b56d534ed3348d5755d4b4fd3349d4f51d2f51d3b55d2350d5f56d4f4fd3f50,0,0,0,1
113,113,0,9a66f9f6719c2709d2689fe679be699ce719c6789ba6d9ba6d9ae699a6689fe6a9e26c9fe649b27d,6e9b86b9a46e5a4685a56e5ba6e5b8691a1699a76b5a6699bb69dbf699bb689a168dba6eda369da4,753,555,1bb,5295d5594f5494b559545715352d4b52d565494b5255755d4a5515754d545594b541495595455d51,673,d3356d6f54d3753d4b56d534ed3348d5755d4b4fd3349d4f51d2f51d3b55d2350d5f56d4f4fd3f50,0,0,0,1
114,114,0,9a66f9f6719c2709d2689fe679be699ce719c6789ba6d9ba6d9ae699a6689fe6a9e26c9fe649b27d,6e9b86b9a46e5a4685a56e5ba6e5b8691a1699a76b5a6699bb69dbf699bb689a168dba6eda369da4,752,540,1a2,5295d5594f5494b559545715352d4b52d565494b5255755d4a5515754d545594b541495595455d51,66c,d3356d6f54d3753d4b56d534ed3348d5755d4b4fd3349d4f51d2f51d3b55d2350d5f56d4f4fd3f50,0,0,0,1
115,115,0,9a66f9f6719c2709d2689fe679be699ce719c6789ba6d9ba6d9ae699a6689fe6a9e26c9fe649b27d,6e9b86b9a46e5a4685a56e5ba6e5b8691a1699a76b5a6699bb69dbf699bb689a168dba6eda369da4,757,548,1a1,5295d5594f5494b559545715352d4b52d565494b5255755d4a5515754d545594b541495595455d51,677,d3356d6f54d3753d4b56d534ed3348d5755d4b4fd3349d4f51d2f51d3b55d2350d5f56d4f4fd3f50,0,0,0,1
116,116,0,9a66f9f6719c2709d2689fe679be699ce719c6789ba6d9ba6d9ae699a6689fe6a9e26c9fe649b27d,6e9b86b9a46e5a4685a56e5ba6e5b8691a1699a76b5a6699bb69dbf699bb689a168dba6eda369da4,756,54b,1a3,5295d5594f5494b559545715352d4b52d565494b5255755d4a5515754d545594b541495595455d51,667,d3356d6f54d3753d4b56d534ed3348d5755d4b4fd3349d4f51d2f51d3b55d2350d5f56d4f4fd3f50,0,0,0,1
117,117,0,9a66f9f6719c2709d2689fe679be699ce719c6789ba6d9ba6d9ae699a6689fe6a9e26c9fe649b27d,6e9b86b9a46e5a4685a56e5ba6e5b8691a1699a76b5a6699bb69dbf699bb689a168dba6eda369da4,74c,543,1a5,5295d5594f5494b559545715352d4b52d565494b5255755d4a5515754d545594b541495595455d51,66a,d3356d6f54d3753d4b56d534ed3348d5755d4b4fd3349d4f51d2f51d3b55d2350d5f56d4f4fd3f50,0,0,0,1
118,118,0,9a66f9f6719c2709d2689fe679be699ce719c6789ba6d9ba6d9ae699a6689fe6a9e26c9fe649b27d,6e9b86b9a46e5a4685a56e5ba6e5b8691a1699a76b5a6699bb69dbf699bb689a168dba6eda369da4,74d,557,1bb,5295d5594f5494b559545715352d4b52d565494b5255755d4a5515754d545594b541495595455d51,670,d3356d6f54d3753d4b56d534ed3348d5755d4b4fd3349d4f51d2f51d3b55d2350d5f56d4f4fd3f50,0,0,0,1
119,119,0,9a66f9f6719c2709d2689fe679be699ce719c6789ba6d9ba6d9ae699a6689fe6a9e26c9fe649b27d,6e9b86b9a46e5a4685a56e5ba6e5b8691a1699a76b5a6699bb69dbf699bb689a168dba6eda369da4,748,540,1a3,5295d5594f5494b559545715352d4b52d565494b5255755d4a5515754d545594b541495595455d51,673,d3356d6f54d3753d4b56d534ed3348d5755d4b4fd3349d4f51d2f51d3b55d2350d5f56d4f4fd3f50,0,0,0,1
120,120,0,9a66f9f6719c2709d2689fe679be699ce719c6789ba6d9ba6d9ae699a6689fe6a9e26c9fe649b27d,6e9b86b9a46e5a4685a56e5ba6e5b8691a1699a76b5a6699bb69dbf699bb689a168dba6eda369da4,757,548,1a7,5295d5594f5494b559545715352d4b52d565494b5255755d4a5515754d545594b541495595455d51,671,d3356d6f54d3753d4b56d534ed3348d5755d4b4fd3349d4f51d2f51d3b55d2350d5f56d4f4fd3f50,0,0,0,1
121,121,0,9a66f9f6719c2709d2689fe679be699ce719c6789ba6d9ba6d9ae699a6689fe6a9e26c9fe649b27d,6e9b86b9a46e5a4685a56e5ba6e5b8691a1699a76b5a6699bb69dbf699bb689a168dba6eda369da4,757,143,1a4,5295d5594f5494b559545715352d4b52d565494b5255755d4a5515754d545594b541495595455d51,671,d3356d6f54d3753d4b56d534ed3348d5755d4b4fd3349d4f51d2f51d3b55d2350d5f56d4f4fd3f50,0,0,0,1
122,122,0,9a66f9f6719c2709d2689fe679be699ce719c6789ba6d9ba6d9ae699a6689fe6a9e26c9fe649b27d,6e9b86b9a46e5a4685a56e5ba6e5b8691a1699a76b5a6699bb69dbf699bb689a168dba6eda369da4,74d,157,5bb,5295d5594f5494b559545715352d4b52d565494b5255755d4a5515754d545594b541495595455d51,26d,d3356d6f54d3753d4b56d534ed3348d5755d4b4fd3349d4f51d2f51d3b55d2350d5f56d4f4fd3f50,0,0,0,1
123,123,0,9a66f9f6719c2709d2689fe679be699ce719c6789ba6d9ba6d9ae699a6689fe6a9e26c9fe649b27d,6edb96bda56e5a7685a46e5ba6e5b8691a1699a76b5a7685ba69dbf69dbb689a168da56eda369da4,74f,146,5b8,5295d5594f5494b559545715352d4b52d565494b5255755d4a5515754d545594b541495595455d51,26f,d3356d6f54d3753d4b56d534ed3348d5755d4b4fd3349d4f51d2f51d3b55d2350d5f56d4f4fd3f50,0,0,0,1
124,124,0,9a66f9f6719c2709d2689fe679be699ce719c6789ba6d9ba6d9ae699a6689fe6a9e26c9fe649b27d,6edb96bda56e5a7685a46e5ba6e5b8691a1699a76b5a7685ba69dbf69dbb689a168da56eda369da4,34d,140,5af,5295d5594f5494b559545715352d4b52d565494b5255755d4a5515754d545594b541495595455d51,26d,d3356d6f54d3753d4b56d534ed3348d5755d4b4fd3349d4f51d2f51d3b55d2350d5f56d4f4fd3f50,0,0,0,1
125,125,0,9a66f9f6719c2709d2689fe679be699ce719c6789ba6d9ba6d9ae699a6689fe6a9e26c9fe649b27d,6edb96bda56e5a7685a46e5ba6e5b8691a1699a76b5a7685ba69dbf69dbb689a168da56eda369da4,349,156,5a4,5295d5594f5494b559545715352d4b52d565494b5255755d4a5515754d545594b541495595455d51,26e,d3356d6f54d3753d4b56d534ed3348d5755d4b4fd3349d4f51d2f51d3b55d2350d5f56d4f4fd3f50,0,0,0,1
126,126,0,9a66f9f6719c2709d2689fe679be699ce719c6789ba6d9ba6d9ae699a6689fe6a9e26c9fe649b27d,6edb96bda56e5a7685a46e5ba6e5b8691a1699a76b5a7685ba69dbf69dbb689a168da56eda369da4,353,156,5b9,5295d5594f5494b559545715352d4b52d565494b5255755d4a5515754d545594b541495595455d51,271,d3356d6f54d3753d4b56d534ed3348d5755d4b4fd3349d4f51d2f51d3b55d2350d5f56d4f4fd3f50,0,0,0,1
127,127,0,9a66f9f6719c2709d2689fe679be699ce719c6789ba6d9ba6d9ae699a6689fe6a9e26c9fe649b27d,6edb96bda56e5a7685a46e5ba6e5b8691a1699a76b5a7685ba69dbf69dbb689a168da56eda369da4,351,153,5a7,5295d5594f5494b559545715352d4b52d565494b5255755d4a5515754d545594b541495595455d51,26d,d3356d6f54d3753d4b56d534ed3348d5755d4b4fd3349d4f51d2f51d3b55d2350d5f56d4f4fd3f50,0,0,0,1
128,128,0,9a66f9f6719c2709d2689fe679be699ce719c6789ba6d9ba6d9ae699a6689fe6a9e26c9fe649b27d,6edb96bda56e5a7685a46e5ba6e5b8691a1699a76b5a7685ba69dbf69dbb689a168da56eda369da4,34a,157,5a1,5295d5594f5494b559545715352d4b52d565494b5255755d4a5515754d545594b541495595455d51,270,d3356d6f54d3753d4b56d534ed3348d5755d4b4fd3349d4f51d2f51d3b55d2350d5f56d4f4fd3f50,0,0,0,1
129,129,0,9a66f9f6719c2709d2689fe679be699ce719c6789ba6d9ba6d9ae699a6689fe6a9e26c9fe649b27d,6edb96bda56e5a7685a46e5ba6e5b8691a1699a76b5a7685ba69dbf69dbb689a168da56eda369da4,350,154,5a4,5295d5594f5494b559545715352d4b52d565494b5255755d4a5515754d545594b541495595455d51,269,d3356d6f54d3753d4b56d534ed3348d5755d4b4fd3349d4f51d2f51d3b55d2350d5f56d4f4fd3f50,0,0,0,1
130,130,0,9a66f9f6719c2709d2689fe679be699ce719c6789ba6d9ba6d9ae699a6689fe6a9e26c9fe649b27d,6edb96bda56e5a7685a46e5ba6e5b8691a1699a76b5a7685ba69dbf69dbb689a168da56eda369da4,349,140,5b9,5295d5594f5494b559545715352d4b52d565494b5255755d4a5515754d545594b541495595455d51,26f,d3356d6f54d3753d4b56d534ed3348d5755d4b4fd3349d4f51d2f51d3b55d2350d5f56d4f4fd3f50,0,0,0,1
131,131,0,9a66f9f6719c2709d2689fe679be699ce719c6789ba6d9ba6d9ae699a6689fe6a9e26c9fe649b27d,6edb96bda56e5a7685a46e5ba6e5b8691a1699a76b5a7685ba69dbf69dbb689a168da56eda369da4,35a,140,5ba,5295d5594f5494b559545715352d4b52d565494b5255755d4a5515754d545594b541495595455d51,272,d3356d6f54d3753d4b56d534ed3348d5755d4b4fd3349d4f51d2f51d3b55d2350d5f56d4f4fd3f50,0,0,0,1
132,132,0,9a66f9f6719c2709d2689fe679be699ce719c6789ba6d9ba6d9ae699a6689fe6a9e26c9fe649b27d,6edb96bda56e5a7685a46e5ba6e5b8691a1699a76b5a7685ba69dbf69dbb689a168da56eda369da4,348,143,5b9,5295d5594f5494b559545715352d4b52d565494b5255755d4a5515754d545594b541495595455d51,26d,d3356d6f54d3753d4b56d534ed3348d5755d4b4fd3349d4f51d2f51d3b55d2350d5f56d4f4fd3f50,0,0,0,1
133,133,0,9a66f9f6719c2709d2689fe679be699ce719c6789ba6d9ba6d9ae699a6689fe6a9e26c9fe649b27d,6edb96bda56e5a7685a46e5ba6e5b8691a1699a76b5a7685ba69dbf69dbb689a168da56eda369da4,353,155,5b8,5295d5594f5494b559545715352d4b52d565494b5255755d4a5515754d545594b541495595455d51,274,d3356d6f54d3753d4b56d534ed3348d5755d4b4fd3349d4f51d2f51d3b55d2350d5f56d4f4fd3f50,0,0,0,1
134,134,0,9a66f9f6719c2709d2689fe679be699ce719c6789ba6d9ba6d9ae699a6689fe6a9e26c9fe649b27d,6edb96bda56e5a7685a46e5ba6e5b8691a1699a76b5a7685ba69dbf69dbb689a168da56eda369da4,357,156,5a5,5295d5594f5494b559545715352d4b52d565494b5255755d4a5515754d545594b541495595455d51,26c,d3356d6f54d3753d4b56d534ed3348d5755d4b4fd3349d4f51d2f51d3b55d2350d5f56d4f4fd3f50,0,0,0,1
135,135,0,9a66f9f6719c2709d2689fe679be699ce719c6789ba6d9ba6d9ae699a6689fe6a9e26c9fe649b27d,6edb96bda56e5a7685a46e5ba6e5b8691a1699a76b5a7685ba69dbf69dbb689a168da56eda369da4,356,155,5a1,5295d5594f5494b559545715352d4b52d565494b5255755d4a5515754d545594b541495595455d51,277,d3356d6f54d3753d4b56d534ed3348d5755d4b4fd3349d4f51d2f51d3b55d2350d5f56d4f4fd3f50,0,0,0,1
136,136,0,9a66f9f6719c2709d2689fe679be699ce719c6789ba6d9ba6d9ae699a6689fe6a9e26c9fe649b27d,6edb96bda56e5a7685a46e5ba6e5b8691a1699a76b5a7685ba69dbf69dbb689a168da56eda369da4,353,143,5a6,5295d5594f5494b559545715352d4b52d565494b5255755d4a5515754d545594b541495595455d51,264,d3356d6f54d3753d4b56d534ed3348d5755d4b4fd3349d4f51d2f51d3b55d2350d5f56d4f4fd3f50,0,0,0,1
137,137,0,9a66f9f6719c2709d2689fe679be699ce719c6789ba6d9ba6d9ae699a6689fe6a9e26c9fe649b27d,6edb96bda56e5a7685a46e5ba6e5b8691a1699a76b5a7685ba69dbf69dbb689a168da56eda369da4,34f,542,5a7,5295d5594f5494b559545715352d4b52d565494b5255755d4a5515754d545594b541495595455d51,26d,d3356d6f54d3753d4b56d534ed3348d5755d4b4fd3349d4f51d2f51d3b55d2350d5f56d4f4fd3f50,0,0,0,1
138,138,0,9a66f9f6719c2709d2689fe679be699ce719c6789ba6d9ba6d9ae699a6689fe6a9e26c9fe649b27d,6edb96bda56e5a7685a46e5ba6e5b8691a1699a76b5a7685ba69dbf69dbb689a168da56eda369da4,34f,552,1ad,5295d5594f5494a55954575505214b52d5754948525575594a5515654d57559485414955d5455d51,671,d3356d6f54d3753d4b56d534ed3348d5755d4b4fd3349d4f51d2f51d3b55d2350d5f56d4f4fd3f50,0,0,0,1
139,139,0,9a66f9f6719c2629de689fe679ba689ce719c6699be6d9be6d9a67c9a66b9fa699f26c9fe649b67d,6edb96bda56e5a7685a46e5ba6e5b8691a1699a76b5a7685ba69dbf69dbb689a168da56eda369da4,350,546,1a7,5295d5594f5494a55954575505214b52d5754948525575594a5515654d57559485414955d5455d51,66d,d3356d6f54d3753d4b56d534ed3348d5755d4b4fd3349d4f51d2f51d3b55d2350d5f56d4f4fd3f50,0,0,0,1
140,140,0,9a66f9f6719c2629de689fe679ba689ce719c6699be6d9be6d9a67c9a66b9fa699f26c9fe649b67d,6edb96bda56e5a7685a46e5ba6e5b8691a1699a76b5a7685ba69dbf69dbb689a168da56eda369da4,74c,547,1a6,5295d5594f5494a55954575505214b52d5754948525575594a5515654d57559485414955d5455d51,66f,d3356d6f54d3753d4b56d534ed3348d5755d4b4fd3349d4f51d2f51d3b55d2350d5f56d4f4fd3f50,0,0,0,1
141,141,0,9a66f9f6719c2629de689fe679ba689ce719c6699be6d9be6d9a67c9a66b9fa699f26c9fe649b67d,6edb96bda56e5a7685a46e5ba6e5b8691a1699a76b5a7685ba69dbf69dbb689a168da56eda369da4,756,542,1ba,5295d5594f5494a55954575505214b52d5754948525575594a5515654d57559485414955d5455d51,671,d3356d6b54d3753d4b57d5b4cd3748d5755d374fd3749d4f51d2b50d275ad2353d5f56d4f4fd3f50,0,0,0,1
142,142,0,9a66f9f6719c2629de689fe679ba689ce719c6699be6d9be6d9a67c9a66b9fa699f26c9fe649b67d,6edb96bda56e5a7685a46e5ba6e5b8691a1699a76b5a7685ba69dbf69dbb689a168da56eda369da4,75a,542,1a4,5295d5594f5494a55954575505214b52d5754948525575594a5515654d57559485414955d5455d51,671,d3356d6b54d3753d4b57d5b4cd3748d5755d374fd3749d4f51d2b50d275ad2353d5f56d4f4fd3f50,0,0,0,1
143,143,0,9a66f9f6719c2629de689fe679ba689ce719c6699be6d9be6d9a67c9a66b9fa699f26c9fe649b67d,6edb96bda56e5a7685a46e5ba6e5b8691a1699a76b5a7685ba69dbf69dbb689a168da56eda369da4,754,554,1bf,5295d5594f5494a55954575505214b52d5754948525575594a5515654d57559485414955d5455d51,673,d3356d6b54d3753d4b57d5b4cd3748d5755d374fd3749d4f51d2b50d275ad2353d5f56d4f4fd3f50,0,0,0,1
144,144,0,9a66f9f6719c2629de689fe679ba689ce719c6699be6d9be6d9a67c9a66b9fa699f26c9fe649b67d,6edb96bda56e5a7685a46e5ba6e5b8691a1699a76b5a7685ba69dbf69dbb689a168da56eda369da4,74c,554,1a6,5295d5594f5494a55954575505214b52d5754948525575594a5515654d57559485414955d5455d51,667,d3356d6b54d3753d4b57d5b4cd3748d5755d374fd3749d4f51d2b50d275ad2353d5f56d4f4fd3f50,0,0,0,1
145,145,0,9a66f9f6719c2629de689fe679ba689ce719c6699be6d9be6d9a67c9a66b9fa699f26c9fe649b67d,6edb96bda56e5a7685a46e5ba6e5b8691a1699a76b5a7685ba69dbf69dbb689a168da56eda369da4,753,555,1bb,5295d5594f5494a55954575505214b52d5754948525575594a5515654d57559485414955d5455d51,673,d3356d6b54d3753d4b57d5b4cd3748d5755d374fd3749d4f51d2b50d275ad2353d5f56d4f4fd3f50,0,0,0,1
146,146,0,9a66f9f6719c2629de689fe679ba689ce719c6699be6d9be6d9a67c9a66b9fa699f26c9fe649b67d,6edb96bda56e5a7685a46e5ba6e5b8691a1699a76b5a7685ba69dbf69dbb689a168da56eda369da4,752,541,1a2,5295d5594f5494a55954575505214b52d5754948525575594a5515654d57559485414955d5455d51,66c,d3356d6b54d3753d4b57d5b4cd3748d5755d374fd3749d4f51d2b50d275ad2353d5f56d4f4fd3f50,0,0,0,1
147,147,0,9a66f9f6719c2629de689fe679ba689ce719c6699be6d9be6d9a67c9a66b9fa699f26c9fe649b67d,6edb96bda56e5a7685a46e5ba6e5b8691a1699a76b5a7685ba69dbf69dbb689a168da56eda369da4,757,54a,1a1,5295d5594f5494a55954575505214b52d5754948525575594a5515654d57559485414955d5455d51,674,d3356d6b54d3753d4b57d5b4cd3748d5755d374fd3749d4f51d2b50d275ad2353d5f56d4f4fd3f50,0,0,0,1
148,148,0,9a66f9f6719c2629de689fe679ba689ce719c6699be6d9be6d9a67c9a66b9fa699f26c9fe649b67d,6edb96bda56e5a7685a46e5ba6e5b8691a1699a76b5a7685ba69dbf69dbb689a168da56eda369da4,756,549,1a3,5295d5594f5494a55954575505214b52d5754948525575594a5515654d57559485414955d5455d51,667,d3356d6b54d3753d4b57d5b4cd3748d5755d374fd3749d4f51d2b50d275ad2353d5f56d4f4fd3f50,0,0,0,1
149,149,0,9a66f9f6719c2629de689fe679ba689ce719c6699be6d9be6d9a67c9a66b9fa699f26c9fe649b67d,6edb96bda56e5a7685a46e5ba6e5b8691a1699a76b5a7685ba69dbf69dbb689a168da56eda369da4,74d,542,1ba,5295d5594f5494a55954575505214b52d5754948525575594a5515654d57559485414955d5455d51,66b,d3356d6b54d3753d4b57d5b4cd3748d5755d374fd3749d4f51d2b50d275ad2353d5f56d4f4fd3f50,0,0,0,1
150,150,0,9a66f9f6719c2629de689fe679ba689ce719c6699be6d9be6d9a67c9a66b9fa699f26c9fe649b67d,6edb96bda56e5a7685a46e5ba6e5b8691a1699a76b5a7685ba69dbf69dbb689a168da56eda369da4,74c,557,1bb,5295d5594f5494a55954575505214b52d5754948525575594a5515654d57559485414955d5455d51,670,d3356d6b54d3753d4b57d5b4cd3748d5755d374fd3749d4f51d2b50d275ad2353d5f56d4f4fd3f50,0,0,0,1
151,151,0,9a66f9f6719c2629de689fe679ba689ce719c6699be6d9be6d9a67c9a66b9fa699f26c9fe649b67d,6edb96bda56e5a7685a46e5ba6e5b8691a1699a76b5a7685ba69dbf69dbb689a168da56eda369da4,748,540,1a3,5295d5594f5494a55954575505214b52d5754948525575594a5515654d57559485414955d5455d51,672,d3356d6b54d3753d4b57d5b4cd3748d5755d374fd3749d4f51d2b50d275ad2353d5f56d4f4fd3f50,0,0,0,1
152,152,0,9a66f9f6719c2629de689fe679ba689ce719c6699be6d9be6d9a67c9a66b9fa699f26c9fe649b67d,6edb96bda56e5a7685a46e5ba6e5b8691a1699a76b5a7685ba69dbf69dbb689a168da56eda369da4,756,54a,1a7,5295d5594f5494a55954575505214b52d5754948525575594a5515654d57559485414955d5455d51,66e,d3356d6b54d3753d4b57d5b4cd3748d5755d374fd3749d4f51d2b50d275ad2353d5f56d4f4fd3f50,0,0,0,1
153,153,0,9a66f9f6719c2629de689fe679ba689ce719c6699be6d9be6d9a67c9a66b9fa699f26c9fe649b67d,6edb96bda56e5a7685a46e5ba6e5b8691a1699a76b5a7685ba69dbf69dbb689a168da56eda369da4,757,146,1a4,5295d5594f5494a55954575505214b52d5754948525575594a5515654d57559485414955d5455d51,671,d3356d6b54d3753d4b57d5b4cd3748d5755d374fd3749d4f51d2b50d275ad2353d5f56d4f4fd3f50,0,0,0,1
154,154,0,9a66f9f6719c2629de689fe679ba689ce719c6699be6d9be6d9a67c9a66b9fa699f26c9fe649b67d,6edb96bda56e5a7685a46e5ba6e5b8691a1699a76b5a7685ba69dbf69dbb689a168da56eda369da4,752,157,5bb,5295d5594f5494a55954575505214b52d5754948525575594a5515654d57559485414955d5455d51,26d,d3356d6b54d3753d4b57d5b4cd3748d5755d374fd3749d4f51d2b50d275ad2353d5f56d4f4fd3f50,0,0,0,1
155,155,0,9a66f9f6719c2629de689fe679ba689ce719c6699be6d9be6d9a67c9a66b9fa699f26c9fe649b67d,6edb86bda46e5a7685a46e5ba6e5b8695a1699a76b5a7699ba691bf699bb689a168dba6eda369da4,74e,147,5b9,5295d5594f5494a55954575505214b52d5754948525575594a5515654d57559485414955d5455d51,26f,d3356d6b54d3753d4b57d5b4cd3748d5755d374fd3749d4f51d2b50d275ad2353d5f56d4f4fd3f50,0,0,0,1
156,156,0,9a66f9f6719c2629de689fe679ba689ce719c6699be6d9be6d9a67c9a66b9fa699f26c9fe649b67d,6edb86bda46e5a7685a46e5ba6e5b8695a1699a76b5a7699ba691bf699bb689a168dba6eda369da4,34d,141,5af,5295d5594f5494a55954575505214b52d5754948525575594a5515654d57559485414955d5455d51,26d,d3356d6b54d3753d4b57d5b4cd3748d5755d374fd3749d4f51d2b50d275ad2353d5f56d4f4fd3f50,0,0,0,1
157,157,0,9a66f9f6719c2629de689fe679ba689ce719c6699be6d9be6d9a67c9a66b9fa699f26c9fe649b67d,6edb86bda46e5a7685a46e5ba6e5b8695a1699a76b5a7699ba691bf699bb689a168dba6eda369da4,349,156,5a4,5295d5594f5494a55954575505214b52d5754948525575594a5515654d57559485414955d5455d51,26e,d3356d6b54d3753d4b57d5b4cd3748d5755d374fd3749d4f51d2b50d275ad2353d5f56d4f4fd3f50,0,0,0,1
158,158,0,9a66f9f6719c2629de689fe679ba689ce719c6699be6d9be6d9a67c9a66b9fa699f26c9fe649b67d,6edb86bda46e5a7685a46e5ba6e5b8695a1699a76b5a7699ba691bf699bb689a168dba6eda369da4,353,156,5b9,5295d5594f5494a55954575505214b52d5754948525575594a5515654d57559485414955d5455d51,271,d3356d6b54d3753d4b57d5b4cd3748d5755d374fd3749d4f51d2b50d275ad2353d5f56d4f4fd3f50,0,0,0,1
159,159,0,9a66f9f6719c2629de689fe679ba689ce719c6699be6d9be6d9a67c9a66b9fa699f26c9fe649b67d,6edb86bda46e5a7685a46e5ba6e5b8695a1699a76b5a7699ba691bf699bb689a168dba6eda369da4,351,152,5a7,5295d5594f5494a55954575505214b52d5754948525575594a5515654d57559485414955d5455d51,26b,d3356d6b54d3753d4b57d5b4cd3748d5755d374fd3749d4f51d2b50d275ad2353d5f56d4f4fd3f50,0,0,0,1
160,160,0,9a66f9f6719c2629de689fe679ba689ce719c6699be6d9be6d9a67c9a66b9fa699f26c9fe649b67d,6edb86bda46e5a7685a46e5ba6e5b8695a1699a76b5a7699ba691bf699bb689a168dba6eda369da4,34a,157,5a1,5295d5594f5494a55954575505214b52d5754948525575594a5515654d57559485414955d5455d51,270,d3356d6b54d3753d4b57d5b4cd3748d5755d374fd3749d4f51d2b50d275ad2353d5f56d4f4fd3f50,0,0,0,1
161,161,0,9a66f9f6719c2629de689fe679ba689ce719c6699be6d9be6d9a67c9a66b9fa699f26c9fe649b67d,6edb86bda46e5a7685a46e5ba6e5b8695a1699a76b5a7699ba691bf699bb689a168dba6eda369da4,350,144,5a5,5295d5594f5494a55954575505214b52d5754948525575594a5515654d57559485414955d5455d51,269,d3356d6b54d3753d4b57d5b4cd3748d5755d374fd3749d4f51d2b50d275ad2353d5f56d4f4fd3f50,0,0,0,1
162,162,0,9a66f9f6719c2629de689fe679ba689ce719c6699be6d9be6d9a67c9a66b9fa699f26c9fe649b67d,6edb86bda46e5a7685a46e5ba6e5b8695a1699a76b5a7699ba691bf699bb689a168dba6eda369da4,349,140,5b9,5295d5594f5494a55954575505214b52d5754948525575594a5515654d57559485414955d5455d51,26f,d3356d6b54d3753d4b57d5b4cd3748d5755d374fd3749d4f51d2b50d275ad2353d5f56d4f4fd3f50,0,0,0,1
163,163,0,9a66f9f6719c2629de689fe679ba689ce719c6699be6d9be6d9a67c9a66b9fa699f26c9fe649b67d,6edb86bda46e5a7685a46e5ba6e5b8695a1699a76b5a7699ba691bf699bb689a168dba6eda369da4,35a,140,5ba,5295d5594f5494a55954575505214b52d5754948525575594a5515654d57559485414955d5455d51,272,d3356d6b54d3753d4b57d5b4cd3748d5755d374fd3749d4f51d2b50d275ad2353d5f56d4f4fd3f50,0,0,0,1
164,164,0,9a66f9f6719c2629de689fe679ba689ce719c6699be6d9be6d9a67c9a66b9fa699f26c9fe649b67d,6edb86bda46e5a7685a46e5ba6e5b8695a1699a76b5a7699ba691bf699bb689a168dba6eda369da4,34b,143,5b9,5295d5594f5494a55954575505214b52d5754948525575594a5515654d57559485414955d5455d51,26d,d3356d6b54d3753d4b57d5b4cd3748d5755d374fd3749d4f51d2b50d275ad2353d5f56d4f4fd3f50,0,0,0,1
165,165,0,9a66f9f6719c2629de689fe679ba689ce719c6699be6d9be6d9a67c9a66b9fa699f26c9fe649b67d,6edb86bda46e5a7685a46e5ba6e5b8695a1699a76b5a7699ba691bf699bb689a168dba6eda369da4,353,154,5b8,5295d5594f5494a55954575505214b52d5754948525575594a5515654d57559485414955d5455d51,274,d3356d6b54d3753d4b57d5b4cd3748d5755d374fd3749d4f51d2b50d275ad2353d5f56d4f4fd3f50,0,0,0,1
166,166,0,9a66f9f6719c2629de689fe679ba689ce719c6699be6d9be6d9a67c9a66b9fa699f26c9fe649b67d,6edb86bda46e5a7685a46e5ba6e5b8695a1699a76b5a7699ba691bf699bb689a168dba6eda369da4,357,156,5a4,5295d5594f5494a55954575505214b52d5754948525575594a5515654d57559485414955d5455d51,26d,d3356d6b54d3753d4b57d5b4cd3748d5755d374fd3749d4f51d2b50d275ad2353d5f56d4f4fd3f50,0,0,0,1
167,167,0,9a66f9f6719c2629de689fe679ba689ce719c6699be6d9be6d9a67c9a66b9fa699f26c9fe649b67d,6edb86bda46e5a7685a46e5ba6e5b8695a1699a76b5a7699ba691bf699bb689a168dba6eda369da4,356,155,5a1,5295d5594f5494a55954575505214b52d5754948525575594a5515654d57559485414955d5455d51,274,d3356d6b54d3753d4b57d5b4cd3748d5755d374fd3749d4f51d2b50d275ad2353d5f56d4f4fd3f50,0,0,0,1
168,168,0,9a66f9f6719c2629de689fe679ba689ce719c6699be6d9be6d9a67c9a66b9fa699f26c9fe649b67d,6edb86bda46e5a7685a46e5ba6e5b8695a1699a76b5a7699ba691bf699bb689a168dba6eda369da4,353,143,5a1,5295d5594f5494a55954575505214b52d5754948525575594a5515654d57559485414955d5455d51,264,d3356d6b54d3753d4b57d5b4cd3748d5755d374fd3749d4f51d2b50d275ad2353d5f56d4f4fd3f50,0,0,0,1
169,169,0,9a66f9f6719c2629de689fe679ba689ce719c6699be6d9be6d9a67c9a66b9fa699f26c9fe649b67d,6edb86bda46e5a7685a46e5ba6e5b8695a1699a76b5a7699ba691bf699bb689a168dba6eda369da4,34f,548,5a7,5295d5594f5494a55954575505214b52d5754948525575594a5515654d57559485414955d5455d51,26d,d3356d6b54d3753d4b57d5b4cd3748d5755d374fd3749d4f51d2b50d275ad2353d5f56d4f4fd3f50,0,0,0,1
170,170,0,9a66f9f6719c2629de689fe679ba689ce719c6699be6d9be6d9a67c9a66b9fa699f26c9fe649b67d,6edb86bda46e5a7685a46e5ba6e5b8695a1699a76b5a7699ba691bf699bb689a168dba6eda369da4,34e,557,1ac,529525594f5494a55954575535214b52157549485395755d4b551565495755948541495595455d51,671,d3356d6b54d3753d4b57d5b4cd3748d5755d374fd3749d4f51d2b50d275ad2353d5f56d4f4fd3f50,0,0,0,1
171,171,0,9a66f9f6719ce639de699f2669be689ca6a9f6699be6d9ba6d9ae689a66b9fa699f26d9f2649b66d,6edb86bda46e5a7685a46e5ba6e5b8695a1699a76b5a7699ba691bf699bb689a168dba6eda369da4,353,546,1a6,529525594f5494a55954575535214b52157549485395755d4b551565495755948541495595455d51,66d,d3356d6b54d3753d4b57d5b4cd3748d5755d374fd3749d4f51d2b50d275ad2353d5f56d4f4fd3f50,0,0,0,1
172,172,0,9a66f9f6719ce639de699f2669be689ca6a9f6699be6d9ba6d9ae689a66b9fa699f26d9f2649b66d,6edb86bda46e5a7685a46e5ba6e5b8695a1699a76b5a7699ba691bf699bb689a168dba6eda369da4,74c,54d,1a6,529525594f5494a55954575535214b52157549485395755d4b551565495755948541495595455d51,66c,d3356d6b54d3753d4b57d5b4cd3748d5755d374fd3749d4f51d2b50d275ad2353d5f56d4f4fd3f50,0,0,0,1
173,173,0,9a66f9f6719ce639de699f2669be689ca6a9f6699be6d9ba6d9ae689a66b9fa699f26d9f2649b66d,6edb86bda46e5a7685a46e5ba6e5b8695a1699a76b5a7699ba691bf699bb689a168dba6eda369da4,756,54f,1ba,529525594f5494a55954575535214b52157549485395755d4b551565495755948541495595455d51,671,d3356d6b54d3353d4b57d5b4dd3348d5355d4b4ed3749d4f51d2b50d275ad2f53d5f56d4f4fd3b53,0,0,0,1
174,174,0,9a66f9f6719ce639de699f2669be689ca6a9f6699be6d9ba6d9ae689a66b9fa699f26d9f2649b66d,6edb86bda46e5a7685a46e5ba6e5b8695a1699a76b5a7699ba691bf699bb689a168dba6eda369da4,75a,543,1a7,529525594f5494a55954575535214b52157549485395755d4b551565495755948541495595455d51,671,d3356d6b54d3353d4b57d5b4dd3348d5355d4b4ed3749d4f51d2b50d275ad2f53d5f56d4f4fd3b53,0,0,0,1
175,175,0,9a66f9f6719ce639de699f2669be689ca6a9f6699be6d9ba6d9ae689a66b9fa699f26d9f2649b66d,6edb86bda46e5a7685a46e5ba6e5b8695a1699a76b5a7699ba691bf699bb689a168dba6eda369da4,754,554,1bf,529525594f5494a55954575535214b52157549485395755d4b551565495755948541495595455d51,670,d3356d6b54d3353d4b57d5b4dd3348d5355d4b4ed3749d4f51d2b50d275ad2f53d5f56d4f4fd3b53,0,0,0,1
176,176,0,9a66f9f6719ce639de699f2669be689ca6a9f6699be6d9ba6d9ae689a66b9fa699f26d9f2649b66d,6edb86bda46e5a7685a46e5ba6e5b8695a1699a76b5a7699ba691bf699bb689a168dba6eda369da4,74c,555,1a7,529525594f5494a55954575535214b52157549485395755d4b551565495755948541495595455d51,664,d3356d6b54d3353d4b57d5b4dd3348d5355d4b4ed3749d4f51d2b50d275ad2f53d5f56d4f4fd3b53,0,0,0,1
177,177,0,9a66f9f6719ce639de699f2669be689ca6a9f6699be6d9ba6d9ae689a66b9fa699f26d9f2649b66d,6edb86bda46e5a7685a46e5ba6e5b8695a1699a76b5a7699ba691bf699bb689a168dba6eda369da4,753,555,1bb,529525594f5494a55954575535214b52157549485395755d4b551565495755948541495595455d51,670,d3356d6b54d3353d4b57d5b4dd3348d5355d4b4ed3749d4f51d2b50d275ad2f53d5f56d4f4fd3b53,0,0,0,1
178,178,0,9a66f9f6719ce639de699f2669be689ca6a9f6699be6d9ba6d9ae689a66b9fa699f26d9f2649b66d,6edb86bda46e5a7685a46e5ba6e5b8695a1699a76b5a7699ba691bf699bb689a168dba6eda369da4,752,542,1a2,529525594f5494a55954575535214b52157549485395755d4b551565495755948541495595455d51,66c,d3356d6b54d3353d4b57d5b4dd3348d5355d4b4ed3749d4f51d2b50d275ad2f53d5f56d4f4fd3b53,0,0,0,1
179,179,0,9a66f9f6719ce639de699f2669be689ca6a9f6699be6d9ba6d9ae689a66b9fa699f26d9f2649b66d,6edb86bda46e5a7685a46e5ba6e5b8695a1699a76b5a7699ba691bf699bb689a168dba6eda369da4,756,54b,1a1,529525594f5494a55954575535214b52157549485395755d4b551565495755948541495595455d51,677,d3356d6b54d3353d4b57d5b4dd3348d5355d4b4ed3749d4f51d2b50d275ad2f53d5f56d4f4fd3b53,0,0,0,1
180,180,0,9a66f9f6719ce639de699f2669be689ca6a9f6699be6d9ba6d9ae689a66b9fa699f26d9f2649b66d,6edb86bda46e5a7685a46e5ba6e5b8695a1699a76b5a7699ba691bf699bb689a168dba6eda369da4,756,54b,1a3,529525594f5494a55954575535214b52157549485395755d4b551565495755948541495595455d51,664,d3356d6b54d3353d4b57d5b4dd3348d5355d4b4ed3749d4f51d2b50d275ad2f53d5f56d4f4fd3b53,0,0,0,1
181,181,0,9a66f9f6719ce639de699f2669be689ca6a9f6699be6d9ba6d9ae689a66b9fa699f26d9f2649b66d,6edb86bda46e5a7685a46e5ba6e5b8695a1699a76b5a7699ba691bf699bb689a168dba6eda369da4,74c,543,1ba,529525594f5494a55954575535214b52157549485395755d4b551565495755948541495595455d51,66b,d3356d6b54d3353d4b57d5b4dd3348d5355d4b4ed3749d4f51d2b50d275ad2f53d5f56d4f4fd3b53,0,0,0,1
182,182,0,9a66f9f6719ce639de699f2669be689ca6a9f6699be6d9ba6d9ae689a66b9fa699f26d9f2649b66d,6edb86bda46e5a7685a46e5ba6e5b8695a1699a76b5a7699ba691bf699bb689a168dba6eda369da4,74c,557,1bb,529525594f5494a55954575535214b52157549485395755d4b551565495755948541495595455d51,671,d3356d6b54d3353d4b57d5b4dd3348d5355d4b4ed3749d4f51d2b50d275ad2f53d5f56d4f4fd3b53,0,0,0,1
183,183,0,9a66f9f6719ce639de699f2669be689ca6a9f6699be6d9ba6d9ae689a66b9fa699f26d9f2649b66d,6edb86bda46e5a7685a46e5ba6e5b8695a1699a76b5a7699ba691bf699bb689a168dba6eda369da4,748,540,1a3,529525594f5494a55954575535214b52157549485395755d4b551565495755948541495595455d51,673,d3356d6b54d3353d4b57d5b4dd3348d5355d4b4ed3749d4f51d2b50d275ad2f53d5f56d4f4fd3b53,0,0,0,1
184,184,0,9a66f9f6719ce639de699f2669be689ca6a9f6699be6d9ba6d9ae689a66b9fa699f26d9f2649b66d,6edb86bda46e5a7685a46e5ba6e5b8695a1699a76b5a7699ba691bf699bb689a168dba6eda369da4,757,54a,1a7,529525594f5494a55954575535214b52157549485395755d4b551565495755948541495595455d51,671,d3356d6b54d3353d4b57d5b4dd3348d5355d4b4ed3749d4f51d2b50d275ad2f53d5f56d4f4fd3b53,0,0,0,1
185,185,0,9a66f9f6719ce639de699f2669be689ca6a9f6699be6d9ba6d9ae689a66b9fa699f26d9f2649b66d,6edb86bda46e5a7685a46e5ba6e5b8695a1699a76b5a7699ba691bf699bb689a168dba6eda369da4,757,146,1a4,529525594f5494a55954575535214b52157549485395755d4b551565495755948541495595455d51,670,d3356d6b54d3353d4b57d5b4dd3348d5355d4b4ed3749d4f51d2b50d275ad2f53d5f56d4f4fd3b53,0,0,0,1
186,186,0,9a66f9f6719ce639de699f2669be689ca6a9f6699be6d9ba6d9ae689a66b9fa699f26d9f2649b66d,6edb86bda46e5a7685a46e5ba6e5b8695a1699a76b5a7699ba691bf699bb689a168dba6eda369da4,752,157,5bb,529525594f5494a55954575535214b52157549485395755d4b551565495755948541495595455d51,26d,d3356d6b54d3353d4b57d5b4dd3348d5355d4b4ed3749d4f51d2b50d275ad2f53d5f56d4f4fd3b53,0,0,0,1
187,187,0,9a66f9f6719ce639de699f2669be689ca6a9f6699be6d9ba6d9ae689a66b9fa699f26d9f2649b66d,6edb96bda46e5a7685a56e5ba6e5b8691a1685a76b1a6699ba69dbf69dbb689a168dba6eda369da4,74f,146,5b9,529525594f5494a55954575535214b52157549485395755d4b551565495755948541495595455d51,26c,d3356d6b54d3353d4b57d5b4dd3348d5355d4b4ed3749d4f51d2b50d275ad2f53d5f56d4f4fd3b53,0,0,0,1
188,188,0,9a66f9f6719ce639de699f2669be689ca6a9f6699be6d9ba6d9ae689a66b9fa699f26d9f2649b66d,6edb96bda46e5a7685a56e5ba6e5b8691a1685a76b1a6699ba69dbf69dbb689a168dba6eda369da4,34c,141,5af,529525594f5494a55954575535214b52157549485395755d4b551565495755948541495595455d51,26d,d3356d6b54d3353d4b57d5b4dd3348d5355d4b4ed3749d4f51d2b50d275ad2f53d5f56d4f4fd3b53,0,0,0,1
189,189,0,9a66f9f6719ce639de699f2669be689ca6a9f6699be6d9ba6d9ae689a66b9fa699f26d9f2649b66d,6edb96bda46e5a7685a56e5ba6e5b8691a1685a76b1a6699ba69dbf69dbb689a168dba6eda369da4,34e,156,5a5,529525594f5494a55954575535214b52157549485395755d4b551565495755948541495595455d51,26e,d3356d6b54d3353d4b57d5b4dd3348d5355d4b4ed3749d4f51d2b50d275ad2f53d5f56d4f4fd3b53,0,0,0,1
190,190,0,9a66f9f6719ce639de699f2669be689ca6a9f6699be6d9ba6d9ae689a66b9fa699f26d9f2649b66d,6edb96bda46e5a7685a56e5ba6e5b8691a1685a76b1a6699ba69dbf69dbb689a168dba6eda369da4,352,156,5b8,529525594f5494a55954575535214b52157549485395755d4b551565495755948541495595455d51,271,d3356d6b54d3353d4b57d5b4dd3348d5355d4b4ed3749d4f51d2b50d275ad2f53d5f56d4f4fd3b53,0,0,0,1
191,191,0,9a66f9f6719ce639de699f2669be689ca6a9f6699be6d9ba6d9ae689a66b9fa699f26d9f2649b66d,6edb96bda46e5a7685a56e5ba6e5b8691a1685a76b1a6699ba69dbf69dbb689a168dba6eda369da4,350,153,5a7,529525594f5494a55954575535214b52157549485395755d4b551565495755948541495595455d51,26b,d3356d6b54d3353d4b57d5b4dd3348d5355d4b4ed3749d4f51d2b50d275ad2f53d5f56d4f4fd3b53,0,0,0,1
192,192,0,9a66f9f6719ce639de699f2669be689ca6a9f6699be6d9ba6d9ae689a66b9fa699f26d9f2649b66d,6edb96bda46e5a7685a56e5ba6e5b8691a1685a76b1a6699ba69dbf69dbb689a168dba6eda369da4,34a,157,5a1,529525594f5494a55954575535214b52157549485395755d4b551565495755948541495595455d51,270,d3356d6b54d3353d4b57d5b4dd3348d5355d4b4ed3749d4f51d2b50d275ad2f53d5f56d4f4fd3b53,0,0,0,1
193,193,0,9a66f9f6719ce639de699f2669be689ca6a9f6699be6d9ba6d9ae689a66b9fa699f26d9f2649b66d,6edb96bda46e5a7685a56e5ba6e5b8691a1685a76b1a6699ba69dbf69dbb689a168dba6eda369da4,351,146,5a5,529525594f5494a55954575535214b52157549485395755d4b551565495755948541495595455d51,269,d3356d6b54d3353d4b57d5b4dd3348d5355d4b4ed3749d4f51d2b50d275ad2f53d5f56d4f4fd3b53,0,0,0,1
194,194,0,9a66f9f6719ce639de699f2669be689ca6a9f6699be6d9ba6d9ae689a66b9fa699f26d9f2649b66d,6edb96bda46e5a7685a56e5ba6e5b8691a1685a76b1a6699ba69dbf69dbb689a168dba6eda369da4,349,141,5b9,529525594f5494a55954575535214b52157549485395755d4b551565495755948541495595455d51,26c,d3356d6b54d3353d4b57d5b4dd3348d5355d4b4ed3749d4f51d2b50d275ad2f53d5f56d4f4fd3b53,0,0,0,1
195,195,0,9a66f9f6719ce639de699f2669be689ca6a9f6699be6d9ba6d9ae689a66b9fa699f26d9f2649b66d,6edb96bda46e5a7685a56e5ba6e5b8691a1685a76b1a6699ba69dbf69dbb689a168dba6eda369da4,35a,140,5ba,529525594f5494a55954575535214b52157549485395755d4b551565495755948541495595455d51,273,d3356d6b54d3353d4b57d5b4dd3348d5355d4b4ed3749d4f51d2b50d275ad2f53d5f56d4f4fd3b53,0,0,0,1
196,196,0,9a66f9f6719ce639de699f2669be689ca6a9f6699be6d9ba6d9ae689a66b9fa699f26d9f2649b66d,6edb96bda46e5a7685a56e5ba6e5b8691a1685a76b1a6699ba69dbf69dbb689a168dba6eda369da4,34b,142,5b9,529525594f5494a55954575535214b52157549485395755d4b551565495755948541495595455d51,26d,d3356d6b54d3353d4b57d5b4dd3348d5355d4b4ed3749d4f51d2b50d275ad2f53d5f56d4f4fd3b53,0,0,0,1
197,197,0,9a66f9f6719ce639de699f2669be689ca6a9f6699be6d9ba6d9ae689a66b9fa699f26d9f2649b66d,6edb96bda46e5a7685a56e5ba6e5b8691a1685a76b1a6699ba69dbf69dbb689a168dba6eda369da4,350,154,5b8,529525594f5494a55954575535214b52157549485395755d4b551565495755948541495595455d51,274,d3356d6b54d3353d4b57d5b4dd3348d5355d4b4ed3749d4f51d2b50d275ad2f53d5f56d4f4fd3b53,0,0,0,1
198,198,0,9a66f9f6719ce639de699f2669be689ca6a9f6699be6d9ba6d9ae689a66b9fa699f26d9f2649b66d,6edb96bda46e5a7685a56e5ba6e5b8691a1685a76b1a6699ba69dbf69dbb689a168dba6eda369da4,356,156,5a4,529525594f5494a55954575535214b52157549485395755d4b551565495755948541495595455d51,26d,d3356d6b54d3353d4b57d5b4dd3348d5355d4b4ed3749d4f51d2b50d275ad2f53d5f56d4f4fd3b53,0,0,0,1
199,199,0,9a66f9f6719ce639de699f2669be689ca6a9f6699be6d9ba6d9ae689a66b9fa699f26d9f2649b66d,6edb96bda46e5a7685a56e5ba6e5b8691a1685a76b1a6699ba69dbf69dbb689a168dba6eda369da4,351,154,5a6,529525594f5494a55954575535214b52157549485395755d4b551565495755948541495595455d51,277,d3356d6b54d3353d4b57d5b4dd3348d5355d4b4ed3749d4f51d2b50d275ad2f53d5f56d4f4fd3b53,0,0,0,1
200,200,0,9a66f9f6719ce639de699f2669be689ca6a9f6699be6d9ba6d9ae689a66b9fa699f26d9f2649b66d,6edb96bda46e5a7685a56e5ba6e5b8691a1685a76b1a6699ba69dbf69dbb689a168dba6eda369da4,353,143,5a6,529525594f5494a55954575535214b52157549485395755d4b551565495755948541495595455d51,264,d3356d6b54d3353d4b57d5b4dd3348d5355d4b4ed3749d4f51d2b50d275ad2f53d5f56d4f4fd3b53,0,0,0,1
201,201,0,9a66f9f6719ce639de699f2669be689ca6a9f6699be6d9ba6d9ae689a66b9fa699f26d9f2649b66d,6edb96bda46e5a7685a56e5ba6e5b8691a1685a76b1a6699ba69dbf69dbb689a168dba6eda369da4,34f,548,5a4,529525594f5494a55954575535214b52157549485395755d4b551565495755948541495595455d51,26d,d3356d6b54d3353d4b57d5b4dd3348d5355d4b4ed3749d4f51d2b50d275ad2f53d5f56d4f4fd3b53,0,0,0,1
202,202,0,9a66f9f6719ce639de699f2669be689ca6a9f6699be6d9ba6d9ae689a66b9fa699f26d9f2649b66d,6edb96bda46e5a7685a56e5ba6e5b8691a1685a76b1a6699ba69dbf69dbb689a168dba6eda369da4,34f,557,1ad,5295d5594f5754b559555755052d4b52d5754948539575594b5515654d575594b541485595455951,670,d3356d6b54d3353d4b57d5b4dd3348d5355d4b4ed3749d4f51d2b50d275ad2f53d5f56d4f4fd3b53,0,0,0,1
203,203,0,9a66c9f6719c2609d2689f6649be699ce719c2799b26d9ba6d9ae689a6689fe699f26d9fe649b66c,6edb96bda46e5a7685a56e5ba6e5b8691a1685a76b1a6699ba69dbf69dbb689a168dba6eda369da4,353,546,1a7,5295d5594f5754b559555755052d4b52d5754948539575594b5515654d575594b541485595455951,66d,d3356d6b54d3353d4b57d5b4dd3348d5355d4b4ed3749d4f51d2b50d275ad2f53d5f56d4f4fd3b53,0,0,0,1
204,204,0,9a66c9f6719c2609d2689f6649be699ce719c2799b26d9ba6d9ae689a6689fe699f26d9fe649b66c,6edb96bda46e5a7685a56e5ba6e5b8691a1685a76b1a6699ba69dbf69dbb689a168dba6eda369da4,74c,54d,1a1,5295d5594f5754b559555755052d4b52d5754948539575594b5515654d575594b541485595455951,66f,d3356d6b54d3353d4b57d5b4dd3348d5355d4b4ed3749d4f51d2b50d275ad2f53d5f56d4f4fd3b53,0,0,0,1
205,205,0,9a66c9f6719c2609d2689f6649be699ce719c2799b26d9ba6d9ae689a6689fe699f26d9fe649b66c,6edb96bda46e5a7685a56e5ba6e5b8691a1685a76b1a6699ba69dbf69dbb689a168dba6eda369da4,756,54f,1ba,5295d5594f5754b559555755052d4b52d5754948539575594b5515654d575594b541485595455951,671,d3356d6b54d3353d4b57d5b4cd3348d5755d4b4fd334ed4b50d2b51d275ad2f50d5b51d4f4fd3f53,0,0,0,1
206,206,0,9a66c9f6719c2609d2689f6649be699ce719c2799b26d9ba6d9ae689a6689fe699f26d9fe649b66c,6edb96bda46e5a7685a56e5ba6e5b8691a1685a76b1a6699ba69dbf69dbb689a168dba6eda369da4,75b,540,1a4,5295d5594f5754b559555755052d4b52d5754948539575594b5515654d575594b541485595455951,671,d3356d6b54d3353d4b57d5b4cd3348d5755d4b4fd334ed4b50d2b51d275ad2f50d5b51d4f4fd3f53,0,0,0,1
207,207,0,9a66c9f6719c2609d2689f6649be699ce719c2799b26d9ba6d9ae689a6689fe699f26d9fe649b66c,6edb96bda46e5a7685a56e5ba6e5b8691a1685a76b1a6699ba69dbf69dbb689a168dba6eda369da4,754,551,1bf,5295d5594f5754b559555755052d4b52d5754948539575594b5515654d575594b541485595455951,670,d3356d6b54d3353d4b57d5b4cd3348d5755d4b4fd334ed4b50d2b51d275ad2f50d5b51d4f4fd3f53,0,0,0,1
208,208,0,9a66c9f6719c2609d2689f6649be699ce719c2799b26d9ba6d9ae689a6689fe699f26d9fe649b66c,6edb96bda46e5a7685a56e5ba6e5b8691a1685a76b1a6699ba69dbf69dbb689a168dba6eda369da4,74d,554,1a7,5295d5594f5754b559555755052d4b52d5754948539575594b5515654d575594b541485595455951,667,d3356d6b54d3353d4b57d5b4cd3348d5755d4b4fd334ed4b50d2b51d275ad2f50d5b51d4f4fd3f53,0,0,0,1
209,209,0,9a66c9f6719c2609d2689f6649be699ce719c2799b26d9ba6d9ae689a6689fe699f26d9fe649b66c,6edb96bda46e5a7685a56e5ba6e5b8691a1685a76b1a6699ba69dbf69dbb689a168dba6eda369da4,753,554,1bb,5295d5594f5754b559555755052d4b52d5754948539575594b5515654d575594b541485595455951,670,d3356d6b54d3353d4b57d5b4cd3348d5755d4b4fd334ed4b50d2b51d275ad2f50d5b51d4f4fd3f53,0,0,0,1
210,210,0,9a66c9f6719c2609d2689f6649be699ce719c2799b26d9ba6d9ae689a6689fe699f26d9fe649b66c,6edb96bda46e5a7685a56e5ba6e5b8691a1685a76b1a6699ba69dbf69dbb689a168dba6eda369da4,752,543,1a3,5295d5594f5754b559555755052d4b52d5754948539575594b5515654d575594b541485595455951,66c,d3356d6b54d3353d4b57d5b4cd3348d5755d4b4fd334ed4b50d2b51d275ad2f50d5b51d4f4fd3f53,0,0,0,1
211,211,0,9a66c9f6719c2609d2689f6649be699ce719c2799b26d9ba6d9ae689a6689fe699f26d9fe649b66c,6edb96bda46e5a7685a56e5ba6e5b8691a1685a76b1a6699ba69dbf69dbb689a168dba6eda369da4,756,54b,1a1,5295d5594f5754b559555755052d4b52d5754948539575594b5515654d575594b541485595455951,677,d3356d6b54d3353d4b57d5b4cd3348d5755d4b4fd334ed4b50d2b51d275ad2f50d5b51d4f4fd3f53,0,0,0,1
212,212,0,9a66c9f6719c2609d2689f6649be699ce719c2799b26d9ba6d9ae689a6689fe699f26d9fe649b66c,6edb96bda46e5a7685a56e5ba6e5b8691a1685a76b1a6699ba69dbf69dbb689a168dba6eda369da4,756,549,1a3,5295d5594f5754b559555755052d4b52d5754948539575594b5515654d575594b541485595455951,664,d3356d6b54d3353d4b57d5b4cd3348d5755d4b4fd334ed4b50d2b51d275ad2f50d5b51d4f4fd3f53,0,0,0,1
213,213,0,9a66c9f6719c2609d2689f6649be699ce719c2799b26d9ba6d9ae689a6689fe699f26d9fe649b66c,6edb96bda46e5a7685a56e5ba6e5b8691a1685a76b1a6699ba69dbf69dbb689a168dba6eda369da4,74c,542,1bb,5295d5594f5754b559555755052d4b52d5754948539575594b5515654d575594b541485595455951,66b,d3356d6b54d3353d4b57d5b4cd3348d5755d4b4fd334ed4b50d2b51d275ad2f50d5b51d4f4fd3f53,0,0,0,1
214,214,0,9a66c9f6719c2609d2689f6649be699ce719c2799b26d9ba6d9ae689a6689fe699f26d9fe649b66c,6edb96bda46e5a7685a56e5ba6e5b8691a1685a76b1a6699ba69dbf69dbb689a168dba6eda369da4,74c,557,1bb,5295d5594f5754b559555755052d4b52d5754948539575594b5515654d575594b541485595455951,671,d3356d6b54d3353d4b57d5b4cd3348d5755d4b4fd334ed4b50d2b51d275ad2f50d5b51d4f4fd3f53,0,0,0,1
215,215,0,9a66c9f6719c2609d2689f6649be699ce719c2799b26d9ba6d9ae689a6689fe699f26d9fe649b66c,6edb96bda46e5a7685a56e5ba6e5b8691a1685a76b1a6699ba69dbf69dbb689a168dba6eda369da4,748,540,1a0,5295d5594f5754b559555755052d4b52d5754948539575594b5515654d575594b541485595455951,673,d3356d6b54d3353d4b57d5b4cd3348d5755d4b4fd334ed4b50d2b51d275ad2f50d5b51d4f4fd3f53,0,0,0,1
216,216,0,9a66c9f6719c2609d2689f6649be699ce719c2799b26d9ba6d9ae689a6689fe699f26d9fe649b66c,6edb96bda46e5a7685a56e5ba6e5b8691a1685a76b1a6699ba69dbf69dbb689a168dba6eda369da4,757,54a,1a7,5295d5594f5754b559555755052d4b52d5754948539575594b5515654d575594b541485595455951,66e,d3356d6b54d3353d4b57d5b4cd3348d5755d4b4fd334ed4b50d2b51d275ad2f50d5b51d4f4fd3f53,0,0,0,1
217,217,0,9a66c9f6719c2609d2689f6649be699ce719c2799b26d9ba6d9ae689a6689fe699f26d9fe649b66c,6edb96bda46e5a7685a56e5ba6e5b8691a1685a76b1a6699ba69dbf69dbb689a168dba6eda369da4,757,146,1a5,5295d5594f5754b559555755052d4b52d5754948539575594b5515654d575594b541485595455951,670,d3356d6b54d3353d4b57d5b4cd3348d5755d4b4fd334ed4b50d2b51d275ad2f50d5b51d4f4fd3f53,0,0,0,1
218,218,0,9a66c9f6719c2609d2689f6649be699ce719c2799b26d9ba6d9ae689a6689fe699f26d9fe649b66c,6edb96bda46e5a7685a56e5ba6e5b8691a1685a76b1a6699ba69dbf69dbb689a168dba6eda369da4,752,157,5bb,5295d5594f5754b559555755052d4b52d5754948539575594b5515654d575594b541485595455951,26d,d3356d6b54d3353d4b57d5b4cd3348d5755d4b4fd334ed4b50d2b51d275ad2f50d5b51d4f4fd3f53,0,0,0,1
219,219,0,9a66c9f6719c2609d2689f6649be699ce719c2799b26d9ba6d9ae689a6689fe699f26d9fe649b66c,6edb96bda56e1a7685a56e5ba6e5b8691a6699a46b5a7685ba691bf69dbb68da168dbb6eda069da5,74f,146,5b8,5295d5594f5754b559555755052d4b52d5754948539575594b5515654d575594b541485595455951,26f,d3356d6b54d3353d4b57d5b4cd3348d5755d4b4fd334ed4b50d2b51d275ad2f50d5b51d4f4fd3f53,0,0,0,1
220,220,0,9a66c9f6719c2609d2689f6649be699ce719c2799b26d9ba6d9ae689a6689fe699f26d9fe649b66c,6edb96bda56e1a7685a56e5ba6e5b8691a6699a46b5a7685ba691bf69dbb68da168dbb6eda069da5,34c,140,5af,5295d5594f5754b559555755052d4b52d5754948539575594b5515654d575594b541485595455951,26d,d3356d6b54d3353d4b57d5b4cd3348d5755d4b4fd334ed4b50d2b51d275ad2f50d5b51d4f4fd3f53,0,0,0,1
221,221,0,9a66c9f6719c2609d2689f6649be699ce719c2799b26d9ba6d9ae689a6689fe699f26d9fe649b66c,6edb96bda56e1a7685a56e5ba6e5b8691a6699a46b5a7685ba691bf69dbb68da168dbb6eda069da5,349,157,5a5,5295d5594f5754b559555755052d4b52d5754948539575594b5515654d575594b541485595455951,26e,d3356d6b54d3353d4b57d5b4cd3348d5755d4b4fd334ed4b50d2b51d275ad2f50d5b51d4f4fd3f53,0,0,0,1
222,222,0,9a66c9f6719c2609d2689f6649be699ce719c2799b26d9ba6d9ae689a6689fe699f26d9fe649b66c,6edb96bda56e1a7685a56e5ba6e5b8691a6699a46b5a7685ba691bf69dbb68da168dbb6eda069da5,352,156,5b9,5295d5594f5754b559555755052d4b52d5754948539575594b5515654d575594b541485595455951,271,d3356d6b54d3353d4b57d5b4cd3348d5755d4b4fd334ed4b50d2b51d275ad2f50d5b51d4f4fd3f53,0,0,0,1
223,223,0,9a66c9f6719c2609d2689f6649be699ce719c2799b26d9ba6d9ae689a6689fe699f26d9fe649b66c,6edb96bda56e1a7685a56e5ba6e5b8691a6699a46b5a7685ba691bf69dbb68da168dbb6eda069da5,350,153,5a4,5295d5594f5754b559555755052d4b52d5754948539575594b5515654d575594b541485595455951,26a,d3356d6b54d3353d4b57d5b4cd3348d5755d4b4fd334ed4b50d2b51d275ad2f50d5b51d4f4fd3f53,0,0,0,1
224,224,0,9a66c9f6719c2609d2689f6649be699ce719c2799b26d9ba6d9ae689a6689fe699f26d9fe649b66c,6edb96bda56e1a7685a56e5ba6e5b8691a6699a46b5a7685ba691bf69dbb68da168dbb6eda069da5,34a,157,5a1,5295d5594f5754b559555755052d4b52d5754948539575594b5515654d575594b541485595455951,270,d3356d6b54d3353d4b57d5b4cd3348d5755d4b4fd334ed4b50d2b51d275ad2f50d5b51d4f4fd3f53,0,0,0,1
225,225,0,9a66c9f6719c2609d2689f6649be699ce719c2799b26d9ba6d9ae689a6689fe699f26d9fe649b66c,6edb96bda56e1a7685a56e5ba6e5b8691a6699a46b5a7685ba691bf69dbb68da168dbb6eda069da5,351,144,5a4,5295d5594f5754b559555755052d4b52d5754948539575594b5515654d575594b541485595455951,266,d3356d6b54d3353d4b57d5b4cd3348d5755d4b4fd334ed4b50d2b51d275ad2f50d5b51d4f4fd3f53,0,0,0,1
226,226,0,9a66c9f6719c2609d2689f6649be699ce719c2799b26d9ba6d9ae689a6689fe699f26d9fe649b66c,6edb96bda56e1a7685a56e5ba6e5b8691a6699a46b5a7685ba691bf69dbb68da168dbb6eda069da5,349,140,5b9,5295d5594f5754b559555755052d4b52d5754948539575594b5515654d575594b541485595455951,26c,d3356d6b54d3353d4b57d5b4cd3348d5755d4b4fd334ed4b50d2b51d275ad2f50d5b51d4f4fd3f53,0,0,0,1
227,227,0,9a66c9f6719c2609d2689f6649be699ce719c2799b26d9ba6d9ae689a6689fe699f26d9fe649b66c,6edb96bda56e1a7685a56e5ba6e5b8691a6699a46b5a7685ba691bf69dbb68da168dbb6eda069da5,35a,140,5a5,5295d5594f5754b559555755052d4b52d5754948539575594b5515654d575594b541485595455951,273,d3356d6b54d3353d4b57d5b4cd3348d5755d4b4fd334ed4b50d2b51d275ad2f50d5b51d4f4fd3f53,0,0,0,1
228,228,0,9a66c9f6719c2609d2689f6649be699ce719c2799b26d9ba6d9ae689a6689fe699f26d9fe649b66c,6edb96bda56e1a7685a56e5ba6e5b8691a6699a46b5a7685ba691bf69dbb68da168dbb6eda069da5,34b,143,5b9,5295d5594f5754b559555755052d4b52d5754948539575594b5515654d575594b541485595455951,26d,d3356d6b54d3353d4b57d5b4cd3348d5755d4b4fd334ed4b50d2b51d275ad2f50d5b51d4f4fd3f53,0,0,0,1
229,229,0,9a66c9f6719c2609d2689f6649be699ce719c2799b26d9ba6d9ae689a6689fe699f26d9fe649b66c,6edb96bda56e1a7685a56e5ba6e5b8691a6699a46b5a7685ba691bf69dbb68da168dbb6eda069da5,350,155,5b9,5295d5594f5754b559555755052d4b52d5754948539575594b5515654d575594b541485595455951,274,d3356d6b54d3353d4b57d5b4cd3348d5755d4b4fd334ed4b50d2b51d275ad2f50d5b51d4f4fd3f53,0,0,0,1
230,230,0,9a66c9f6719c2609d2689f6649be699ce719c2799b26d9ba6d9ae689a6689fe699f26d9fe649b66c,6edb96bda56e1a7685a56e5ba6e5b8691a6699a46b5a7685ba691bf69dbb68da168dbb6eda069da5,356,156,5a4,5295d5594f5754b559555755052d4b52d5754948539575594b5515654d575594b541485595455951,26d,d3356d6b54d3353d4b57d5b4cd3348d5755d4b4fd334ed4b50d2b51d275ad2f50d5b51d4f4fd3f53,0,0,0,1
231,231,0,9a66c9f6719c2609d2689f6649be699ce719c2799b26d9ba6d9ae689a6689fe699f26d9fe649b66c,6edb96bda56e1a7685a56e5ba6e5b8691a6699a46b5a7685ba691bf69dbb68da168dbb6eda069da5,356,157,5a1,5295d5594f5754b559555755052d4b52d5754948539575594b5515654d575594b541485595455951,277,d3356d6b54d3353d4b57d5b4cd3348d5755d4b4fd334ed4b50d2b51d275ad2f50d5b51d4f4fd3f53,0,0,0,1
232,232,0,9a66c9f6719c2609d2689f6649be699ce719c2799b26d9ba6d9ae689a6689fe699f26d9fe649b66c,6edb96bda56e1a7685a56e5ba6e5b8691a6699a46b5a7685ba691bf69dbb68da168dbb6eda069da5,352,146,5a6,5295d5594f5754b559555755052d4b52d5754948539575594b5515654d575594b541485595455951,264,d3356d6b54d3353d4b57d5b4cd3348d5755d4b4fd334ed4b50d2b51d275ad2f50d5b51d4f4fd3f53,0,0,0,1
233,233,0,9a66c9f6719c2609d2689f6649be699ce719c2799b26d9ba6d9ae689a6689fe699f26d9fe649b66c,6edb96bda56e1a7685a56e5ba6e5b8691a6699a46b5a7685ba691bf69dbb68da168dbb6eda069da5,34c,548,5a7,5295d5594f5754b559555755052d4b52d5754948539575594b5515654d575594b541485595455951,26d,d3356d6b54d3353d4b57d5b4cd3348d5755d4b4fd334ed4b50d2b51d275ad2f50d5b51d4f4fd3f53,0,0,0,1
234,234,0,9a66c9f6719c2609d2689f6649be699ce719c2799b26d9ba6d9ae689a6689fe699f26d9fe649b66c,6edb96bda56e1a7685a56e5ba6e5b8691a6699a46b5a7685ba691bf69dbb68da168dbb6eda069da5,34f,557,1ad,5295d5594f5754a545545715352d4b5215754948539575594a5555654d57559485414955d5455d56,671,d3356d6b54d3353d4b57d5b4cd3348d5755d4b4fd334ed4b50d2b51d275ad2f50d5b51d4f4fd3f53,0,0,0,1
235,235,0,9a66f9f6719c2629d2689fe649be799ce6a9f2699be6d9ba6d9aa6898a6c9fe699f26d9fe649b67d,6edb96bda56e1a7685a56e5ba6e5b8691a6699a46b5a7685ba691bf69dbb68da168dbb6eda069da5,350,546,1a6,5295d5594f5754a545545715352d4b5215754948539575594a5555654d57559485414955d5455d56,66d,d3356d6b54d3353d4b57d5b4cd3348d5755d4b4fd334ed4b50d2b51d275ad2f50d5b51d4f4fd3f53,0,0,0,1
236,236,0,9a66f9f6719c2629d2689fe649be799ce6a9f2699be6d9ba6d9aa6898a6c9fe699f26d9fe649b67d,6edb96bda56e1a7685a56e5ba6e5b8691a6699a46b5a7685ba691bf69dbb68da168dbb6eda069da5,74d,54d,1a1,5295d5594f5754a545545715352d4b5215754948539575594a5555654d57559485414955d5455d56,66f,d3356d6b54d3353d4b57d5b4cd3348d5755d4b4fd334ed4b50d2b51d275ad2f50d5b51d4f4fd3f53,0,0,0,1
237,237,0,9a66f9f6719c2629d2689fe649be799ce6a9f2699be6d9ba6d9aa6898a6c9fe699f26d9fe649b67d,6edb96bda56e1a7685a56e5ba6e5b8691a6699a46b5a7685ba691bf69dbb68da168dbb6eda069da5,756,54f,1ba,5295d5594f5754a545545715352d4b5215754948539575594a5555654d57559485414955d5455d56,671,d3356d6f54d3753d4b57d5b4cd3348d5755d4b4fd3349d4b50d2b51d275ad2f50d5b56d4b4cd3f50,0,0,0,1
238,238,0,9a66f9f6719c2629d2689fe649be799ce6a9f2699be6d9ba6d9aa6898a6c9fe699f26d9fe649b67d,6edb96bda56e1a7685a56e5ba6e5b8691a6699a46b5a7685ba691bf69dbb68da168dbb6eda069da5,75b,542,1a4,5295d5594f5754a545545715352d4b5215754948539575594a5555654d57559485414955d5455d56,671,d3356d6f54d3753d4b57d5b4cd3348d5755d4b4fd3349d4b50d2b51d275ad2f50d5b56d4b4cd3f50,0,0,0,1
239,239,0,9a66f9f6719c2629d2689fe649be799ce6a9f2699be6d9ba6d9aa6898a6c9fe699f26d9fe649b67d,6edb96bda56e1a7685a56e5ba6e5b8691a6699a46b5a7685ba691bf69dbb68da168dbb6eda069da5,755,554,1bf,5295d5594f5754a545545715352d4b5215754948539575594a5555654d57559485414955d5455d56,671,d3356d6f54d3753d4b57d5b4cd3348d5755d4b4fd3349d4b50d2b51d275ad2f50d5b56d4b4cd3f50,0,0,0,1
240,240,0,9a66f9f6719c2629d2689fe649be799ce6a9f2699be6d9ba6d9aa6898a6c9fe699f26d9fe649b67d,6edb96bda56e1a7685a56e5ba6e5b8691a6699a46b5a7685ba691bf69dbb68da168dbb6eda069da5,752,554,1a7,5295d5594f5754a545545715352d4b5215754948539575594a5555654d57559485414955d5455d56,667,d3356d6f54d3753d4b57d5b4cd3348d5755d4b4fd3349d4b50d2b51d275ad2f50d5b56d4b4cd3f50,0,0,0,1
241,241,0,9a66f9f6719c2629d2689fe649be799ce6a9f2699be6d9ba6d9aa6898a6c9fe699f26d9fe649b67d,6edb96bda56e1a7685a56e5ba6e5b8691a6699a46b5a7685ba691bf69dbb68da168dbb6eda069da5,753,555,1ba,5295d5594f5754a545545715352d4b5215754948539575594a5555654d57559485414955d5455d56,673,d3356d6f54d3753d4b57d5b4cd3348d5755d4b4fd3349d4b50d2b51d275ad2f50d5b56d4b4cd3f50,0,0,0,1
242,242,0,9a66f9f6719c2629d2689fe649be799ce6a9f2699be6d9ba6d9aa6898a6c9fe699f26d9fe649b67d,6edb96bda56e1a7685a56e5ba6e5b8691a6699a46b5a7685ba691bf69dbb68da168dbb6eda069da5,752,542,1a2,5295d5594f5754a545545715352d4b5215754948539575594a5555654d57559485414955d5455d56,66f,d3356d6f54d3753d4b57d5b4cd3348d5755d4b4fd3349d4b50d2b51d275ad2f50d5b56d4b4cd3f50,0,0,0,1
243,243,0,9a66f9f6719c2629d2689fe649be799ce6a9f2699be6d9ba6d9aa6898a6c9fe699f26d9fe649b67d,6edb96bda56e1a7685a56e5ba6e5b8691a6699a46b5a7685ba691bf69dbb68da168dbb6eda069da5,757,54b,1a1,5295d5594f5754a545545715352d4b5215754948539575594a5555654d57559485414955d5455d56,674,d3356d6f54d3753d4b57d5b4cd3348d5755d4b4fd3349d4b50d2b51d275ad2f50d5b56d4b4cd3f50,0,0,0,1
244,244,0,9a66f9f6719c2629d2689fe649be799ce6a9f2699be6d9ba6d9aa6898a6c9fe699f26d9fe649b67d,6edb96bda56e1a7685a56e5ba6e5b8691a6699a46b5a7685ba691bf69dbb68da168dbb6eda069da5,756,54a,1a0,5295d5594f5754a545545715352d4b5215754948539575594a5555654d57559485414955d5455d56,667,d3356d6f54d3753d4b57d5b4cd3348d5755d4b4fd3349d4b50d2b51d275ad2f50d5b56d4b4cd3f50,0,0,0,1
245,245,0,9a66f9f6719c2629d2689fe649be799ce6a9f2699be6d9ba6d9aa6898a6c9fe699f26d9fe649b67d,6edb96bda56e1a7685a56e5ba6e5b8691a6699a46b5a7685ba691bf69dbb68da168dbb6eda069da5,74c,543,1ba,5295d5594f5754a545545715352d4b5215754948539575594a5555654d57559485414955d5455d56,66b,d3356d6f54d3753d4b57d5b4cd3348d5755d4b4fd3349d4b50d2b51d275ad2f50d5b56d4b4cd3f50,0,0,0,1
246,246,0,9a66f9f6719c2629d2689fe649be799ce6a9f2699be6d9ba6d9aa6898a6c9fe699f26d9fe649b67d,6edb96bda56e1a7685a56e5ba6e5b8691a6699a46b5a7685ba691bf69dbb68da168dbb6eda069da5,74c,557,1ba,5295d5594f5754a545545715352d4b5215754948539575594a5555654d57559485414955d5455d56,671,d3356d6f54d3753d4b57d5b4cd3348d5755d4b4fd3349d4b50d2b51d275ad2f50d5b56d4b4cd3f50,0,0,0,1
247,247,0,9a66f9f6719c2629d2689fe649be799ce6a9f2699be6d9ba6d9aa6898a6c9fe699f26d9fe649b67d,6edb96bda56e1a7685a56e5ba6e5b8691a6699a46b5a7685ba691bf69dbb68da168dbb6eda069da5,748,540,1a0,5295d5594f5754a545545715352d4b5215754948539575594a5555654d57559485414955d5455d56,673,d3356d6f54d3753d4b57d5b4cd3348d5755d4b4fd3349d4b50d2b51d275ad2f50d5b56d4b4cd3f50,0,0,0,1
248,248,0,9a66f9f6719c2629d2689fe649be799ce6a9f2699be6d9ba6d9aa6898a6c9fe699f26d9fe649b67d,6edb96bda56e1a7685a56e5ba6e5b8691a6699a46b5a7685ba691bf69dbb68da168dbb6eda069da5,757,549,1a4,5295d5594f5754a545545715352d4b5215754948539575594a5555654d57559485414955d5455d56,66e,d3356d6f54d3753d4b57d5b4cd3348d5755d4b4fd3349d4b50d2b51d275ad2f50d5b56d4b4cd3f50,0,0,0,1
249,249,0,9a66f9f6719c2629d2689fe649be799ce6a9f2699be6d9ba6d9aa6898a6c9fe699f26d9fe649b67d,6edb96bda56e1a7685a56e5ba6e5b8691a6699a46b5a7685ba691bf69dbb68da168dbb6eda069da5,757,141,1a5,5295d5594f5754a545545715352d4b5215754948539575594a5555654d57559485414955d5455d56,670,d3356d6f54d3753d4b57d5b4cd3348d5755d4b4fd3349d4b50d2b51d275ad2f50d5b56d4b4cd3f50,0,0,0,1
250,250,0,9a66f9f6719c2629d2689fe649be799ce6a9f2699be6d9ba6d9aa6898a6c9fe699f26d9fe649b67d,6edb96bda56e1a7685a56e5ba6e5b8691a6699a46b5a7685ba691bf69dbb68da168dbb6eda069da5,752,156,5bb,5295d5594f5754a545545715352d4b5215754948539575594a5555654d57559485414955d5455d56,26d,d3356d6f54d3753d4b57d5b4cd3348d5755d4b4fd3349d4b50d2b51d275ad2f50d5b56d4b4cd3f50,0,0,0,1
251,251,0,9a66f9f6719c2629d2689fe649be799ce6a9f2699be6d9ba6d9aa6898a6c9fe699f26d9fe649b67d,6edb86bda56e5a4685a46e5a56e5b9691a1699a76b5a6685ba691bf69dba689a1681ba6e9a0691a5,74f,147,5b8,5295d5594f5754a545545715352d4b5215754948539575594a5555654d57559485414955d5455d56,26e,d3356d6f54d3753d4b57d5b4cd3348d5755d4b4fd3349d4b50d2b51d275ad2f50d5b56d4b4cd3f50,0,0,0,1
252,252,0,9a66f9f6719c2629d2689fe649be799ce6a9f2699be6d9ba6d9aa6898a6c9fe699f26d9fe649b67d,6edb86bda56e5a4685a46e5a56e5b9691a1699a76b5a6685ba691bf69dba689a1681ba6e9a0691a5,34f,141,5af,5295d5594f5754a545545715352d4b5215754948539575594a5555654d57559485414955d5455d56,26d,d3356d6f54d3753d4b57d5b4cd3348d5755d4b4fd3349d4b50d2b51d275ad2f50d5b56d4b4cd3f50,0,0,0,1
253,253,0,9a66f9f6719c2629d2689fe649be799ce6a9f2699be6d9ba6d9aa6898a6c9fe699f26d9fe649b67d,6edb86bda56e5a4685a46e5a56e5b9691a1699a76b5a6685ba691bf69dba689a1681ba6e9a0691a5,349,157,5a4,5295d5594f5754a545545715352d4b5215754948539575594a5555654d57559485414955d5455d56,26e,d3356d6f54d3753d4b57d5b4cd3348d5755d4b4fd3349d4b50d2b51d275ad2f50d5b56d4b4cd3f50,0,0,0,1
254,254,0,9a66f9f6719c2629d2689fe649be799ce6a9f2699be6d9ba6d9aa6898a6c9fe699f26d9fe649b67d,6edb86bda56e5a4685a46e5a56e5b9691a1699a76b5a6685ba691bf69dba689a1681ba6e9a0691a5,352,157,5b9,5295d5594f5754a545545715352d4b5215754948539575594a5555654d57559485414955d5455d56,271,d3356d6f54d3753d4b57d5b4cd3348d5755d4b4fd3349d4b50d2b51d275ad2f50d5b56d4b4cd3f50,0,0,0,1
255,255,0,9a66f9f6719c2629d2689fe649be799ce6a9f2699be6d9ba6d9aa6898a6c9fe699f26d9fe649b67d,6edb86bda56e5a4685a46e5a56e5b9691a1699a76b5a6685ba691bf69dba689a1681ba6e9a0691a5,350,151,5a7,5295d5594f5754a545545715352d4b5215754948539575594a5555654d57559485414955d5455d56,26a,d3356d6f54d3753d4b57d5b4cd3348d5755d4b4fd3349d4b50d2b51d275ad2f50d5b56d4b4cd3f50,0,0,0,1
256,256,0,9a66f9f6719c2629d2689fe649be799ce6a9f2699be6d9ba6d9aa6898a6c9fe699f26d9fe649b67d,6edb86bda56e5a4685a46e5a56e5b9691a1699a76b5a6685ba691bf69dba689a1681ba6e9a0691a5,34a,156,5a1,5295d5594f5754a545545715352d4b5215754948539575594a5555654d57559485414955d5455d56,273,d3356d6f54d3753d4b57d5b4cd3348d5755d4b4fd3349d4b50d2b51d275ad2f50d5b56d4b4cd3f50,0,0,0,1
257,257,0,9a66f9f6719c2629d2689fe649be799ce6a9f2699be6d9ba6d9aa6898a6c9fe699f26d9fe649b67d,6edb86bda56e5a4685a46e5a56e5b9691a1699a76b5a6685ba691bf69dba689a1681ba6e9a0691a5,351,144,5a5,5295d5594f5754a545545715352d4b5215754948539575594a5555654d57559485414955d5455d56,268,d3356d6f54d3753d4b57d5b4cd3348d5755d4b4fd3349d4b50d2b51d275ad2f50d5b56d4b4cd3f50,0,0,0,1
258,258,0,9a66f9f6719c2629d2689fe649be799ce6a9f2699be6d9ba6d9aa6898a6c9fe699f26d9fe649b67d,6edb86bda56e5a4685a46e5a56e5b9691a1699a76b5a6685ba691bf69dba689a1681ba6e9a0691a5,34e,140,5b9,5295d5594f5754a545545715352d4b5215754948539575594a5555654d57559485414955d5455d56,26f,d3356d6f54d3753d4b57d5b4cd3348d5755d4b4fd3349d4b50d2b51d275ad2f50d5b56d4b4cd3f50,0,0,0,1
259,259,0,9a66f9f6719c2629d2689fe649be799ce6a9f2699be6d9ba6d9aa6898a6c9fe699f26d9fe649b67d,6edb86bda56e5a4685a46e5a56e5b9691a1699a76b5a6685ba691bf69dba689a1681ba6e9a0691a5,35a,140,5a5,5295d5594f5754a545545715352d4b5215754948539575594a5555654d57559485414955d5455d56,273,d3356d6f54d3753d4b57d5b4cd3348d5755d4b4fd3349d4b50d2b51d275ad2f50d5b56d4b4cd3f50,0,0,0,1
260,260,0,9a66f9f6719c2629d2689fe649be799ce6a9f2699be6d9ba6d9aa6898a6c9fe699f26d9fe649b67d,6edb86bda56e5a4685a46e5a56e5b9691a1699a76b5a6685ba691bf69dba689a1681ba6e9a0691a5,34b,143,5b9,5295d5594f5754a545545715352d4b5215754948539575594a5555654d57559485414955d5455d56,26d,d3356d6f54d3753d4b57d5b4cd3348d5755d4b4fd3349d4b50d2b51d275ad2f50d5b56d4b4cd3f50,0,0,0,1
261,261,0,9a66f9f6719c2629d2689fe649be799ce6a9f2699be6d9ba6d9aa6898a6c9fe699f26d9fe649b67d,6edb86bda56e5a4685a46e5a56e5b9691a1699a76b5a6685ba691bf69dba689a1681ba6e9a0691a5,350,155,5b8,5295d5594f5754a545545715352d4b5215754948539575594a5555654d57559485414955d5455d56,274,d3356d6f54d3753d4b57d5b4cd3348d5755d4b4fd3349d4b50d2b51d275ad2f50d5b56d4b4cd3f50,0,0,0,1
262,262,0,9a66f9f6719c2629d2689fe649be799ce6a9f2699be6d9ba6d9aa6898a6c9fe699f26d9fe649b67d,6edb86bda56e5a4685a46e5a56e5b9691a1699a76b5a6685ba691bf69dba689a1681ba6e9a0691a5,357,157,5a4,5295d5594f5754a545545715352d4b5215754948539575594a5555654d57559485414955d5455d56,26c,d3356d6f54d3753d4b57d5b4cd3348d5755d4b4fd3349d4b50d2b51d275ad2f50d5b56d4b4cd3f50,0,0,0,1
263,263,0,9a66f9f6719c2629d2689fe649be799ce6a9f2699be6d9ba6d9aa6898a6c9fe699f26d9fe649b67d,6edb86bda56e5a4685a46e5a56e5b9691a1699a76b5a6685ba691bf69dba689a1681ba6e9a0691a5,356,155,5a1,5295d5594f5754a545545715352d4b5215754948539575594a5555654d57559485414955d5455d56,274,d3356d6f54d3753d4b57d5b4cd3348d5755d4b4fd3349d4b50d2b51d275ad2f50d5b56d4b4cd3f50,0,0,0,1
264,264,0,9a66f9f6719c2629d2689fe649be799ce6a9f2699be6d9ba6d9aa6898a6c9fe699f26d9fe649b67d,6edb86bda56e5a4685a46e5a56e5b9691a1699a76b5a6685ba691bf69dba689a1681ba6e9a0691a5,353,143,5a1,5295d5594f5754a545545715352d4b5215754948539575594a5555654d57559485414955d5455d56,264,d3356d6f54d3753d4b57d5b4cd3348d5755d4b4fd3349d4b50d2b51d275ad2f50d5b56d4b4cd3f50,0,0,0,1
265,265,0,9a66f9f6719c2629d2689fe649be799ce6a9f2699be6d9ba6d9aa6898a6c9fe699f26d9fe649b67d,6edb86bda56e5a4685a46e5a56e5b9691a1699a76b5a6685ba691bf69dba689a1681ba6e9a0691a5,34f,548,5a7,5295d5594f5754a545545715352d4b5215754948539575594a5555654d57559485414955d5455d56,26d,d3356d6f54d3753d4b57d5b4cd3348d5755d4b4fd3349d4b50d2b51d275ad2f50d5b56d4b4cd3f50,0,0,0,1
266,266,0,9a66f9f6719c2629d2689fe649be799ce6a9f2699be6d9ba6d9aa6898a6c9fe699f26d9fe649b67d,6edb86bda56e5a4685a46e5a56e5b9691a1699a76b5a6685ba691bf69dba689a1681ba6e9a0691a5,34f,557,1ad,5295d5594f5754a559545755052d4a52d57549495255455d4b5555754d54559485414955d5555d51,671,d3356d6f54d3753d4b57d5b4cd3348d5755d4b4fd3349d4b50d2b51d275ad2f50d5b56d4b4cd3f50,0,0,0,1
267,267,0,9a66f9f6719c6739de6b9f6669be699ce6a9f2699ba6d9ba6d9aa6b9a26b9fe699f26c9f2649b66d,6edb86bda56e5a4685a46e5a56e5b9691a1699a76b5a6685ba691bf69dba689a1681ba6e9a0691a5,351,546,1a6,5295d5594f5754a559545755052d4a52d57549495255455d4b5555754d54559485414955d5555d51,66d,d3356d6f54d3753d4b57d5b4cd3348d5755d4b4fd3349d4b50d2b51d275ad2f50d5b56d4b4cd3f50,0,0,0,1
268,268,0,9a66f9f6719c6739de6b9f6669be699ce6a9f2699ba6d9ba6d9aa6b9a26b9fe699f26c9f2649b66d,6edb86bda56e5a4685a46e5a56e5b9691a1699a76b5a6685ba691bf69dba689a1681ba6e9a0691a5,74c,54d,1a1,5295d5594f5754a559545755052d4a52d57549495255455d4b5555754d54559485414955d5555d51,66f,d3356d6f54d3753d4b57d5b4cd3348d5755d4b4fd3349d4b50d2b51d275ad2f50d5b56d4b4cd3f50,0,0,0,1
269,269,0,9a66f9f6719c6739de6b9f6669be699ce6a9f2699ba6d9ba6d9aa6b9a26b9fe699f26c9f2649b66d,6edb86bda56e5a4685a46e5a56e5b9691a1699a76b5a6685ba691bf69dba689a1681ba6e9a0691a5,756,54f,1ba,5295d5594f5754a559545755052d4a52d57549495255455d4b5555754d54559485414955d5555d51,670,d3756d6f55d4b53d4b57d5b4cd3348d5755d4b4fd3f49d4b50d2b51d3b5ad2f50d5f56d4f4fd3f51,0,0,0,1
270,270,0,9a66f9f6719c6739de6b9f6669be699ce6a9f2699ba6d9ba6d9aa6b9a26b9fe699f26c9f2649b66d,6edb86bda56e5a4685a46e5a56e5b9691a1699a76b5a6685ba691bf69dba689a1681ba6e9a0691a5,75a,542,1a7,5295d5594f5754a559545755052d4a52d57549495255455d4b5555754d54559485414955d5555d51,671,d3756d6f55d4b53d4b57d5b4cd3348d5755d4b4fd3f49d4b50d2b51d3b5ad2f50d5f56d4f4fd3f51,0,0,0,1
271,271,0,9a66f9f6719c6739de6b9f6669be699ce6a9f2699ba6d9ba6d9aa6b9a26b9fe699f26c9f2649b66d,6edb86bda56e5a4685a46e5a56e5b9691a1699a76b5a6685ba691bf69dba689a1681ba6e9a0691a5,755,554,1bf,5295d5594f5754a559545755052d4a52d57549495255455d4b5555754d54559485414955d5555d51,673,d3756d6f55d4b53d4b57d5b4cd3348d5755d4b4fd3f49d4b50d2b51d3b5ad2f50d5f56d4f4fd3f51,0,0,0,1
272,272,0,9a66f9f6719c6739de6b9f6669be699ce6a9f2699ba6d9ba6d9aa6b9a26b9fe699f26c9f2649b66d,6edb86bda56e5a4685a46e5a56e5b9691a1699a76b5a6685ba691bf69dba689a1681ba6e9a0691a5,74d,554,1a7,5295d5594f5754a559545755052d4a52d57549495255455d4b5555754d54559485414955d5555d51,667,d3756d6f55d4b53d4b57d5b4cd3348d5755d4b4fd3f49d4b50d2b51d3b5ad2f50d5f56d4f4fd3f51,0,0,0,1
273,273,0,9a66f9f6719c6739de6b9f6669be699ce6a9f2699ba6d9ba6d9aa6b9a26b9fe699f26c9f2649b66d,6edb86bda56e5a4685a46e5a56e5b9691a1699a76b5a6685ba691bf69dba689a1681ba6e9a0691a5,753,555,1ba,5295d5594f5754a559545755052d4a52d57549495255455d4b5555754d54559485414955d5555d51,673,d3756d6f55d4b53d4b57d5b4cd3348d5755d4b4fd3f49d4b50d2b51d3b5ad2f50d5f56d4f4fd3f51,0,0,0,1
274,274,0,9a66f9f6719c6739de6b9f6669be699ce6a9f2699ba6d9ba6d9aa6b9a26b9fe699f26c9f2649b66d,6edb86bda56e5a4685a46e5a56e5b9691a1699a76b5a6685ba691bf69dba689a1681ba6e9a0691a5,752,542,1a3,5295d5594f5754a559545755052d4a52d57549495255455d4b5555754d54559485414955d5555d51,66c,d3756d6f55d4b53d4b57d5b4cd3348d5755d4b4fd3f49d4b50d2b51d3b5ad2f50d5f56d4f4fd3f51,0,0,0,1
275,275,0,9a66f9f6719c6739de6b9f6669be699ce6a9f2699ba6d9ba6d9aa6b9a26b9fe699f26c9f2649b66d,6edb86bda56e5a4685a46e5a56e5b9691a1699a76b5a6685ba691bf69dba689a1681ba6e9a0691a5,756,54b,1a1,5295d5594f5754a559545755052d4a52d57549495255455d4b5555754d54559485414955d5555d51,674,d3756d6f55d4b53d4b57d5b4cd3348d5755d4b4fd3f49d4b50d2b51d3b5ad2f50d5f56d4f4fd3f51,0,0,0,1
276,276,0,9a66f9f6719c6739de6b9f6669be699ce6a9f2699ba6d9ba6d9aa6b9a26b9fe699f26c9f2649b66d,6edb86bda56e5a4685a46e5a56e5b9691a1699a76b5a6685ba691bf69dba689a1681ba6e9a0691a5,750,54b,1a3,5295d5594f5754a559545755052d4a52d57549495255455d4b5555754d54559485414955d5555d51,667,d3756d6f55d4b53d4b57d5b4cd3348d5755d4b4fd3f49d4b50d2b51d3b5ad2f50d5f56d4f4fd3f51,0,0,0,1
277,277,0,9a66f9f6719c6739de6b9f6669be699ce6a9f2699ba6d9ba6d9aa6b9a26b9fe699f26c9f2649b66d,6edb86bda56e5a4685a46e5a56e5b9691a1699a76b5a6685ba691bf69dba689a1681ba6e9a0691a5,74d,543,1ba,5295d5594f5754a559545755052d4a52d57549495255455d4b5555754d54559485414955d5555d51,66b,d3756d6f55d4b53d4b57d5b4cd3348d5755d4b4fd3f49d4b50d2b51d3b5ad2f50d5f56d4f4fd3f51,0,0,0,1
278,278,0,9a66f9f6719c6739de6b9f6669be699ce6a9f2699ba6d9ba6d9aa6b9a26b9fe699f26c9f2649b66d,6edb86bda56e5a4685a46e5a56e5b9691a1699a76b5a6685ba691bf69dba689a1681ba6e9a0691a5,74c,557,1ba,5295d5594f5754a559545755052d4a52d57549495255455d4b5555754d54559485414955d5555d51,671,d3756d6f55d4b53d4b57d5b4cd3348d5755d4b4fd3f49d4b50d2b51d3b5ad2f50d5f56d4f4fd3f51,0,0,0,1
279,279,0,9a66f9f6719c6739de6b9f6669be699ce6a9f2699ba6d9ba6d9aa6b9a26b9fe699f26c9f2649b66d,6edb86bda56e5a4685a46e5a56e5b9691a1699a76b5a6685ba691bf69dba689a1681ba6e9a0691a5,748,540,1a0,5295d5594f5754a559545755052d4a52d57549495255455d4b5555754d54559485414955d5555d51,673,d3756d6f55d4b53d4b57d5b4cd3348d5755d4b4fd3f49d4b50d2b51d3b5ad2f50d5f56d4f4fd3f51,0,0,0,1
280,280,0,9a66f9f6719c6739de6b9f6669be699ce6a9f2699ba6d9ba6d9aa6b9a26b9fe699f26c9f2649b66d,6edb86bda56e5a4685a46e5a56e5b9691a1699a76b5a6685ba691bf69dba689a1681ba6e9a0691a5,757,549,1a7,5295d5594f5754a559545755052d4a52d57549495255455d4b5555754d54559485414955d5555d51,66e,d3756d6f55d4b53d4b57d5b4cd3348d5755d4b4fd3f49d4b50d2b51d3b5ad2f50d5f56d4f4fd3f51,0,0,0,1
281,281,0,9a66f9f6719c6739de6b9f6669be699ce6a9f2699ba6d9ba6d9aa6b9a26b9fe699f26c9f2649b66d,6edb86bda56e5a4685a46e5a56e5b9691a1699a76b5a6685ba691bf69dba689a1681ba6e9a0691a5,757,141,1a5,5295d5594f5754a559545755052d4a52d57549495255455d4b5555754d54559485414955d5555d51,670,d3756d6f55d4b53d4b57d5b4cd3348d5755d4b4fd3f49d4b50d2b51d3b5ad2f50d5f56d4f4fd3f51,0,0,0,1
282,282,0,9a66f9f6719c6739de6b9f6669be699ce6a9f2699ba6d9ba6d9aa6b9a26b9fe699f26c9f2649b66d,6edb86bda56e5a4685a46e5a56e5b9691a1699a76b5a6685ba691bf69dba689a1681ba6e9a0691a5,752,156,5bb,5295d5594f5754a559545755052d4a52d57549495255455d4b5555754d54559485414955d5555d51,26d,d3756d6f55d4b53d4b57d5b4cd3348d5755d4b4fd3f49d4b50d2b51d3b5ad2f50d5f56d4f4fd3f51,0,0,0,1
283,283,0,9a66f9f6719c6739de6b9f6669be699ce6a9f2699ba6d9ba6d9aa6b9a26b9fe699f26c9f2649b66d,6edb86bda46e5a7685a56e5a56e5b8691a1685a76b5a6685ba69dbf69dba68da168dba6e9a069da5,74c,147,5b8,5295d5594f5754a559545755052d4a52d57549495255455d4b5555754d54559485414955d5555d51,26e,d3756d6f55d4b53d4b57d5b4cd3348d5755d4b4fd3f49d4b50d2b51d3b5ad2f50d5f56d4f4fd3f51,0,0,0,1
284,284,0,9a66f9f6719c6739de6b9f6669be699ce6a9f2699ba6d9ba6d9aa6b9a26b9fe699f26c9f2649b66d,6edb86bda46e5a7685a56e5a56e5b8691a1685a76b5a6685ba69dbf69dba68da168dba6e9a069da5,34c,141,5af,5295d5594f5754a559545755052d4a52d57549495255455d4b5555754d54559485414955d5555d51,26c,d3756d6f55d4b53d4b57d5b4cd3348d5755d4b4fd3f49d4b50d2b51d3b5ad2f50d5f56d4f4fd3f51,0,0,0,1
285,285,0,9a66f9f6719c6739de6b9f6669be699ce6a9f2699ba6d9ba6d9aa6b9a26b9fe699f26c9f2649b66d,6edb86bda46e5a7685a56e5a56e5b8691a1685a76b5a6685ba69dbf69dba68da168dba6e9a069da5,349,157,5a4,5295d5594f5754a559545755052d4a52d57549495255455d4b5555754d54559485414955d5555d51,26e,d3756d6f55d4b53d4b57d5b4cd3348d5755d4b4fd3f49d4b50d2b51d3b5ad2f50d5f56d4f4fd3f51,0,0,0,1
286,286,0,9a66f9f6719c6739de6b9f6669be699ce6a9f2699ba6d9ba6d9aa6b9a26b9fe699f26c9f2649b66d,6edb86bda46e5a7685a56e5a56e5b8691a1685a76b5a6685ba69dbf69dba68da168dba6e9a069da5,352,156,5b9,5295d5594f5754a559545755052d4a52d57549495255455d4b5555754d54559485414955d5555d51,271,d3756d6f55d4b53d4b57d5b4cd3348d5755d4b4fd3f49d4b50d2b51d3b5ad2f50d5f56d4f4fd3f51,0,0,0,1
287,287,0,9a66f9f6719c6739de6b9f6669be699ce6a9f2699ba6d9ba6d9aa6b9a26b9fe699f26c9f2649b66d,6edb86bda46e5a7685a56e5a56e5b8691a1685a76b5a6685ba69dbf69dba68da168dba6e9a069da5,350,150,5a7,5295d5594f5754a559545755052d4a52d57549495255455d4b5555754d54559485414955d5555d51,26a,d3756d6f55d4b53d4b57d5b4cd3348d5755d4b4fd3f49d4b50d2b51d3b5ad2f50d5f56d4f4fd3f51,0,0,0,1
288,288,0,9a66f9f6719c6739de6b9f6669be699ce6a9f2699ba6d9ba6d9aa6b9a26b9fe699f26c9f2649b66d,6edb86bda46e5a7685a56e5a56e5b8691a1685a76b5a6685ba69dbf69dba68da168dba6e9a069da5,34a,156,5a1,5295d5594f5754a559545755052d4a52d57549495255455d4b5555754d54559485414955d5555d51,270,d3756d6f55d4b53d4b57d5b4cd3348d5755d4b4fd3f49d4b50d2b51d3b5ad2f50d5f56d4f4fd3f51,0,0,0,1
289,289,0,9a66f9f6719c6739de6b9f6669be699ce6a9f2699ba6d9ba6d9aa6b9a26b9fe699f26c9f2649b66d,6edb86bda46e5a7685a56e5a56e5b8691a1685a76b5a6685ba69dbf69dba68da168dba6e9a069da5,350,144,5a5,5295d5594f5754a559545755052d4a52d57549495255455d4b5555754d54559485414955d5555d51,269,d3756d6f55d4b53d4b57d5b4cd3348d5755d4b4fd3f49d4b50d2b51d3b5ad2f50d5f56d4f4fd3f51,0,0,0,1
290,290,0,9a66f9f6719c6739de6b9f6669be699ce6a9f2699ba6d9ba6d9aa6b9a26b9fe699f26c9f2649b66d,6edb86bda46e5a7685a56e5a56e5b8691a1685a76b5a6685ba69dbf69dba68da168dba6e9a069da5,34e,140,5b9,5295d5594f5754a559545755052d4a52d57549495255455d4b5555754d54559485414955d5555d51,26c,d3756d6f55d4b53d4b57d5b4cd3348d5755d4b4fd3f49d4b50d2b51d3b5ad2f50d5f56d4f4fd3f51,0,0,0,1
291,291,0,9a66f9f6719c6739de6b9f6669be699ce6a9f2699ba6d9ba6d9aa6b9a26b9fe699f26c9f2649b66d,6edb86bda46e5a7685a56e5a56e5b8691a1685a76b5a6685ba69dbf69dba68da168dba6e9a069da5,355,140,5ba,5295d5594f5754a559545755052d4a52d57549495255455d4b5555754d54559485414955d5555d51,273,d3756d6f55d4b53d4b57d5b4cd3348d5755d4b4fd3f49d4b50d2b51d3b5ad2f50d5f56d4f4fd3f51,0,0,0,1
292,292,0,9a66f9f6719c6739de6b9f6669be699ce6a9f2699ba6d9ba6d9aa6b9a26b9fe699f26c9f2649b66d,6edb86bda46e5a7685a56e5a56e5b8691a1685a76b5a6685ba69dbf69dba68da168dba6e9a069da5,34b,143,5b9,5295d5594f5754a559545755052d4a52d57549495255455d4b5555754d54559485414955d5555d51,26d,d3756d6f55d4b53d4b57d5b4cd3348d5755d4b4fd3f49d4b50d2b51d3b5ad2f50d5f56d4f4fd3f51,0,0,0,1
293,293,0,9a66f9f6719c6739de6b9f6669be699ce6a9f2699ba6d9ba6d9aa6b9a26b9fe699f26c9f2649b66d,6edb86bda46e5a7685a56e5a56e5b8691a1685a76b5a6685ba69dbf69dba68da168dba6e9a069da5,350,154,5b8,5295d5594f5754a559545755052d4a52d57549495255455d4b5555754d54559485414955d5555d51,274,d3756d6f55d4b53d4b57d5b4cd3348d5755d4b4fd3f49d4b50d2b51d3b5ad2f50d5f56d4f4fd3f51,0,0,0,1
294,294,0,9a66f9f6719c6739de6b9f6669be699ce6a9f2699ba6d9ba6d9aa6b9a26b9fe699f26c9f2649b66d,6edb86bda46e5a7685a56e5a56e5b8691a1685a76b5a6685ba69dbf69dba68da168dba6e9a069da5,357,157,5a7,5295d5594f5754a559545755052d4a52d57549495255455d4b5555754d54559485414955d5555d51,26c,d3756d6f55d4b53d4b57d5b4cd3348d5755d4b4fd3f49d4b50d2b51d3b5ad2f50d5f56d4f4fd3f51,0,0,0,1
295,295,0,9a66f9f6719c6739de6b9f6669be699ce6a9f2699ba6d9ba6d9aa6b9a26b9fe699f26c9f2649b66d,6edb86bda46e5a7685a56e5a56e5b8691a1685a76b5a6685ba69dbf69dba68da168dba6e9a069da5,356,155,5a1,5295d5594f5754a559545755052d4a52d57549495255455d4b5555754d54559485414955d5555d51,277,d3756d6f55d4b53d4b57d5b4cd3348d5755d4b4fd3f49d4b50d2b51d3b5ad2f50d5f56d4f4fd3f51,0,0,0,1
296,296,0,9a66f9f6719c6739de6b9f6669be699ce6a9f2699ba6d9ba6d9aa6b9a26b9fe699f26c9f2649b66d,6edb86bda46e5a7685a56e5a56e5b8691a1685a76b5a6685ba69dbf69dba68da168dba6e9a069da5,353,142,5a6,5295d5594f5754a559545755052d4a52d57549495255455d4b5555754d54559485414955d5555d51,264,d3756d6f55d4b53d4b57d5b4cd3348d5755d4b4fd3f49d4b50d2b51d3b5ad2f50d5f56d4f4fd3f51,0,0,0,1
297,297,0,9a66f9f6719c6739de6b9f6669be699ce6a9f2699ba6d9ba6d9aa6b9a26b9fe699f26c9f2649b66d,6edb86bda46e5a7685a56e5a56e5b8691a1685a76b5a6685ba69dbf69dba68da168dba6e9a069da5,34c,542,5a7,5295d5594f5754a559545755052d4a52d57549495255455d4b5555754d54559485414955d5555d51,26d,d3756d6f55d4b53d4b57d5b4cd3348d5755d4b4fd3f49d4b50d2b51d3b5ad2f50d5f56d4f4fd3f51,0,0,0,1
298,298,0,9a66f9f6719c6739de6b9f6669be699ce6a9f2699ba6d9ba6d9aa6b9a26b9fe699f26c9f2649b66d,6edb86bda46e5a7685a56e5a56e5b8691a1685a76b5a6685ba69dbf69dba68da168dba6e9a069da5,34f,552,1ac,5295d5594f5754a559545755052d4b52d57549495255455d4b555565495455948541495595555d50,671,d3756d6f55d4b53d4b57d5b4cd3348d5755d4b4fd3f49d4b50d2b51d3b5ad2f50d5f56d4f4fd3f51,0,0,0,1
299,299,0,9a66f9f2719ce639de699f2679be799ce6a9f2699ba6c9ba6d9aa689a6689fe699f26c9fe649b67d,6edb86bda46e5a7685a56e5a56e5b8691a1685a76b5a6685ba69dbf69dba68da168dba6e9a069da5,350,545,1a6,5295d5594f5754a559545755052d4b52d57549495255455d4b555565495455948541495595555d50,66d,d3756d6f55d4b53d4b57d5b4cd3348d5755d4b4fd3f49d4b50d2b51d3b5ad2f50d5f56d4f4fd3f51,0,0,0,1
300,300,0,9a66f9f2719ce639de699f2679be799ce6a9f2699ba6c9ba6d9aa689a6689fe699f26c9fe649b67d,6edb86bda46e5a7685a56e5a56e5b8691a1685a76b5a6685ba69dbf69dba68da168dba6e9a069da5,74c,546,1a6,5295d5594f5754a559545755052d4b52d57549495255455d4b555565495455948541495595555d50,66f,d3756d6f55d4b53d4b57d5b4cd3348d5755d4b4fd3f49d4b50d2b51d3b5ad2f50d5f56d4f4fd3f51,0,0,0,1
301,301,0,9a66f9f2719ce639de699f2679be799ce6a9f2699ba6c9ba6d9aa689a6689fe699f26c9fe649b67d,6edb86bda46e5a7685a56e5a56e5b8691a1685a76b5a6685ba69dbf69dba68da168dba6e9a069da5,756,542,1ba,5295d5594f5754a559545755052d4b52d57549495255455d4b555565495455948541495595555d50,671,d3356d6b55d3753d4b56d4b4dd3348d5755d4b4cd3349d4b50d2b50d3b55d2f50d5f56d4f4cd3f50,0,0,0,1
302,302,0,9a66f9f2719ce639de699f2679be799ce6a9f2699ba6c9ba6d9aa689a6689fe699f26c9fe649b67d,6edb86bda46e5a7685a56e5a56e5b8691a1685a76b5a6685ba69dbf69dba68da168dba6e9a069da5,75a,543,1a7,5295d5594f5754a559545755052d4b52d57549495255455d4b555565495455948541495595555d50,671,d3356d6b55d3753d4b56d4b4dd3348d5755d4b4cd3349d4b50d2b50d3b55d2f50d5f56d4f4cd3f50,0,0,0,1
303,303,0,9a66f9f2719ce639de699f2679be799ce6a9f2699ba6c9ba6d9aa689a6689fe699f26c9fe649b67d,6edb86bda46e5a7685a56e5a56e5b8691a1685a76b5a6685ba69dbf69dba68da168dba6e9a069da5,755,554,1bf,5295d5594f5754a559545755052d4b52d57549495255455d4b555565495455948541495595555d50,673,d3356d6b55d3753d4b56d4b4dd3348d5755d4b4cd3349d4b50d2b50d3b55d2f50d5f56d4f4cd3f50,0,0,0,1
304,304,0,9a66f9f2719ce639de699f2679be799ce6a9f2699ba6c9ba6d9aa689a6689fe699f26c9fe649b67d,6edb86bda46e5a7685a56e5a56e5b8691a1685a76b5a6685ba69dbf69dba68da168dba6e9a069da5,74d,554,1a6,5295d5594f5754a559545755052d4b52d57549495255455d4b555565495455948541495595555d50,664,d3356d6b55d3753d4b56d4b4dd3348d5755d4b4cd3349d4b50d2b50d3b55d2f50d5f56d4f4cd3f50,0,0,0,1
305,305,0,9a66f9f2719ce639de699f2679be799ce6a9f2699ba6c9ba6d9aa689a6689fe699f26c9fe649b67d,6edb86bda46e5a7685a56e5a56e5b8691a1685a76b5a6685ba69dbf69dba68da168dba6e9a069da5,753,557,1bb,5295d5594f5754a559545755052d4b52d57549495255455d4b555565495455948541495595555d50,670,d3356d6b55d3753d4b56d4b4dd3348d5755d4b4cd3349d4b50d2b50d3b55d2f50d5f56d4f4cd3f50,0,0,0,1
306,306,0,9a66f9f2719ce639de699f2679be799ce6a9f2699ba6c9ba6d9aa689a6689fe699f26c9fe649b67d,6edb86bda46e5a7685a56e5a56e5b8691a1685a76b5a6685ba69dbf69dba68da168dba6e9a069da5,752,541,1a2,5295d5594f5754a559545755052d4b52d57549495255455d4b555565495455948541495595555d50,66c,d3356d6b55d3753d4b56d4b4dd3348d5755d4b4cd3349d4b50d2b50d3b55d2f50d5f56d4f4cd3f50,0,0,0,1
307,307,0,9a66f9f2719ce639de699f2679be799ce6a9f2699ba6c9ba6d9aa689a6689fe699f26c9fe649b67d,6edb86bda46e5a7685a56e5a56e5b8691a1685a76b5a6685ba69dbf69dba68da168dba6e9a069da5,756,54a,1a1,5295d5594f5754a559545755052d4b52d57549495255455d4b555565495455948541495595555d50,674,d3356d6b55d3753d4b56d4b4dd3348d5755d4b4cd3349d4b50d2b50d3b55d2f50d5f56d4f4cd3f50,0,0,0,1
308,308,0,9a66f9f2719ce639de699f2679be799ce6a9f2699ba6c9ba6d9aa689a6689fe699f26c9fe649b67d,6edb86bda46e5a7685a56e5a56e5b8691a1685a76b5a6685ba69dbf69dba68da168dba6e9a069da5,751,54b,1a3,5295d5594f5754a559545755052d4b52d57549495255455d4b555565495455948541495595555d50,667,d3356d6b55d3753d4b56d4b4dd3348d5755d4b4cd3349d4b50d2b50d3b55d2f50d5f56d4f4cd3f50,0,0,0,1
309,309,0,9a66f9f2719ce639de699f2679be799ce6a9f2699ba6c9ba6d9aa689a6689fe699f26c9fe649b67d,6edb86bda46e5a7685a56e5a56e5b8691a1685a76b5a6685ba69dbf69dba68da168dba6e9a069da5,74d,543,1a5,5295d5594f5754a559545755052d4b52d57549495255455d4b555565495455948541495595555d50,66b,d3356d6b55d3753d4b56d4b4dd3348d5755d4b4cd3349d4b50d2b50d3b55d2f50d5f56d4f4cd3f50,0,0,0,1
310,310,0,9a66f9f2719ce639de699f2679be799ce6a9f2699ba6c9ba6d9aa689a6689fe699f26c9fe649b67d,6edb86bda46e5a7685a56e5a56e5b8691a1685a76b5a6685ba69dbf69dba68da168dba6e9a069da5,74c,557,1ba,5295d5594f5754a559545755052d4b52d57549495255455d4b555565495455948541495595555d50,671,d3356d6b55d3753d4b56d4b4dd3348d5755d4b4cd3349d4b50d2b50d3b55d2f50d5f56d4f4cd3f50,0,0,0,1
311,311,0,9a66f9f2719ce639de699f2679be799ce6a9f2699ba6c9ba6d9aa689a6689fe699f26c9fe649b67d,6edb86bda46e5a7685a56e5a56e5b8691a1685a76b5a6685ba69dbf69dba68da168dba6e9a069da5,748,541,1a0,5295d5594f5754a559545755052d4b52d57549495255455d4b555565495455948541495595555d50,673,d3356d6b55d3753d4b56d4b4dd3348d5755d4b4cd3349d4b50d2b50d3b55d2f50d5f56d4f4cd3f50,0,0,0,1
312,312,0,9a66f9f2719ce639de699f2679be799ce6a9f2699ba6c9ba6d9aa689a6689fe699f26c9fe649b67d,6edb86bda46e5a7685a56e5a56e5b8691a1685a76b5a6685ba69dbf69dba68da168dba6e9a069da5,757,54a,1a7,5295d5594f5754a559545755052d4b52d57549495255455d4b555565495455948541495595555d50,66e,d3356d6b55d3753d4b56d4b4dd3348d5755d4b4cd3349d4b50d2b50d3b55d2f50d5f56d4f4cd3f50,0,0,0,1
313,313,0,9a66f9f2719ce639de699f2679be799ce6a9f2699ba6c9ba6d9aa689a6689fe699f26c9fe649b67d,6edb86bda46e5a7685a56e5a56e5b8691a1685a76b5a6685ba69dbf69dba68da168dba6e9a069da5,754,146,1a4,5295d5594f5754a559545755052d4b52d57549495255455d4b555565495455948541495595555d50,670,d3356d6b55d3753d4b56d4b4dd3348d5755d4b4cd3349d4b50d2b50d3b55d2f50d5f56d4f4cd3f50,0,0,0,1
314,314,0,9a66f9f2719ce639de699f2679be799ce6a9f2699ba6c9ba6d9aa689a6689fe699f26c9fe649b67d,6edb86bda46e5a7685a56e5a56e5b8691a1685a76b5a6685ba69dbf69dba68da168dba6e9a069da5,74d,157,5bb,5295d5594f5754a559545755052d4b52d57549495255455d4b555565495455948541495595555d50,26d,d3356d6b55d3753d4b56d4b4dd3348d5755d4b4cd3349d4b50d2b50d3b55d2f50d5f56d4f4cd3f50,0,0,0,1
315,315,0,9a66f9f2719ce639de699f2679be799ce6a9f2699ba6c9ba6d9aa689a6689fe699f26c9fe649b67d,6edb86bda46e5a7685a56e5ba6e5b869da1699a76b1a6699ba69dbf699bb689a168da56e9a069da4,74f,147,5b8,5295d5594f5754a559545755052d4b52d57549495255455d4b555565495455948541495595555d50,26e,d3356d6b55d3753d4b56d4b4dd3348d5755d4b4cd3349d4b50d2b50d3b55d2f50d5f56d4f4cd3f50,0,0,0,1
316,316,0,9a66f9f2719ce639de699f2679be799ce6a9f2699ba6c9ba6d9aa689a6689fe699f26c9fe649b67d,6edb86bda46e5a7685a56e5ba6e5b869da1699a76b1a6699ba69dbf699bb689a168da56e9a069da4,34d,141,5af,5295d5594f5754a559545755052d4b52d57549495255455d4b555565495455948541495595555d50,26d,d3356d6b55d3753d4b56d4b4dd3348d5755d4b4cd3349d4b50d2b50d3b55d2f50d5f56d4f4cd3f50,0,0,0,1
317,317,0,9a66f9f2719ce639de699f2679be799ce6a9f2699ba6c9ba6d9aa689a6689fe699f26c9fe649b67d,6edb86bda46e5a7685a56e5ba6e5b869da1699a76b1a6699ba69dbf699bb689a168da56e9a069da4,34e,156,5a4,5295d5594f5754a559545755052d4b52d57549495255455d4b555565495455948541495595555d50,271,d3356d6b55d3753d4b56d4b4dd3348d5755d4b4cd3349d4b50d2b50d3b55d2f50d5f56d4f4cd3f50,0,0,0,1
318,318,0,9a66f9f2719ce639de699f2679be799ce6a9f2699ba6c9ba6d9aa689a6689fe699f26c9fe649b67d,6edb86bda46e5a7685a56e5ba6e5b869da1699a76b1a6699ba69dbf699bb689a168da56e9a069da4,352,156,5b8,5295d5594f5754a559545755052d4b52d57549495255455d4b555565495455948541495595555d50,26e,d3356d6b55d3753d4b56d4b4dd3348d5755d4b4cd3349d4b50d2b50d3b55d2f50d5f56d4f4cd3f50,0,0,0,1
319,319,0,9a66f9f2719ce639de699f2679be799ce6a9f2699ba6c9ba6d9aa689a6689fe699f26c9fe649b67d,6edb86bda46e5a7685a56e5ba6e5b869da1699a76b1a6699ba69dbf699bb689a168da56e9a069da4,350,151,5a7,5295d5594f5754a559545755052d4b52d57549495255455d4b555565495455948541495595555d50,26b,d3356d6b55d3753d4b56d4b4dd3348d5755d4b4cd3349d4b50d2b50d3b55d2f50d5f56d4f4cd3f50,0,0,0,1
320,320,0,9a66f9f2719ce639de699f2679be799ce6a9f2699ba6c9ba6d9aa689a6689fe699f26c9fe649b67d,6edb86bda46e5a7685a56e5ba6e5b869da1699a76b1a6699ba69dbf699bb689a168da56e9a069da4,34a,156,5a0,5295d5594f5754a559545755052d4b52d57549495255455d4b555565495455948541495595555d50,270,d3356d6b55d3753d4b56d4b4dd3348d5755d4b4cd3349d4b50d2b50d3b55d2f50d5f56d4f4cd3f50,0,0,0,1
321,321,0,9a66f9f2719ce639de699f2679be799ce6a9f2699ba6c9ba6d9aa689a6689fe699f26c9fe649b67d,6edb86bda46e5a7685a56e5ba6e5b869da1699a76b1a6699ba69dbf699bb689a168da56e9a069da4,351,144,5a5,5295d5594f5754a559545755052d4b52d57549495255455d4b555565495455948541495595555d50,269,d3356d6b55d3753d4b56d4b4dd3348d5755d4b4cd3349d4b50d2b50d3b55d2f50d5f56d4f4cd3f50,0,0,0,1
322,322,0,9a66f9f2719ce639de699f2679be799ce6a9f2699ba6c9ba6d9aa689a6689fe699f26c9fe649b67d,6edb86bda46e5a7685a56e5ba6e5b869da1699a76b1a6699ba69dbf699bb689a168da56e9a069da4,34e,140,5b9,5295d5594f5754a559545755052d4b52d57549495255455d4b555565495455948541495595555d50,26f,d3356d6b55d3753d4b56d4b4dd3348d5755d4b4cd3349d4b50d2b50d3b55d2f50d5f56d4f4cd3f50,0,0,0,1
323,323,0,9a66f9f2719ce639de699f2679be799ce6a9f2699ba6c9ba6d9aa689a6689fe699f26c9fe649b67d,6edb86bda46e5a7685a56e5ba6e5b869da1699a76b1a6699ba69dbf699bb689a168da56e9a069da4,355,140,5a5,5295d5594f5754a559545755052d4b52d57549495255455d4b555565495455948541495595555d50,273,d3356d6b55d3753d4b56d4b4dd3348d5755d4b4cd3349d4b50d2b50d3b55d2f50d5f56d4f4cd3f50,0,0,0,1
324,324,0,9a66f9f2719ce639de699f2679be799ce6a9f2699ba6c9ba6d9aa689a6689fe699f26c9fe649b67d,6edb86bda46e5a7685a56e5ba6e5b869da1699a76b1a6699ba69dbf699bb689a168da56e9a069da4,348,142,5b8,5295d5594f5754a559545755052d4b52d57549495255455d4b555565495455948541495595555d50,26d,d3356d6b55d3753d4b56d4b4dd3348d5755d4b4cd3349d4b50d2b50d3b55d2f50d5f56d4f4cd3f50,0,0,0,1
325,325,0,9a66f9f2719ce639de699f2679be799ce6a9f2699ba6c9ba6d9aa689a6689fe699f26c9fe649b67d,6edb86bda46e5a7685a56e5ba6e5b869da1699a76b1a6699ba69dbf699bb689a168da56e9a069da4,353,154,5b9,5295d5594f5754a559545755052d4b52d57549495255455d4b555565495455948541495595555d50,277,d3356d6b55d3753d4b56d4b4dd3348d5755d4b4cd3349d4b50d2b50d3b55d2f50d5f56d4f4cd3f50,0,0,0,1
326,326,0,9a66f9f2719ce639de699f2679be799ce6a9f2699ba6c9ba6d9aa689a6689fe699f26c9fe649b67d,6edb86bda46e5a7685a56e5ba6e5b869da1699a76b1a6699ba69dbf699bb689a168da56e9a069da4,357,157,5a4,5295d5594f5754a559545755052d4b52d57549495255455d4b555565495455948541495595555d50,26d,d3356d6b55d3753d4b56d4b4dd3348d5755d4b4cd3349d4b50d2b50d3b55d2f50d5f56d4f4cd3f50,0,0,0,1
327,327,0,9a66f9f2719ce639de699f2679be799ce6a9f2699ba6c9ba6d9aa689a6689fe699f26c9fe649b67d,6edb86bda46e5a7685a56e5ba6e5b869da1699a76b1a6699ba69dbf699bb689a168da56e9a069da4,351,157,5a1,5295d5594f5754a559545755052d4b52d57549495255455d4b555565495455948541495595555d50,274,d3356d6b55d3753d4b56d4b4dd3348d5755d4b4cd3349d4b50d2b50d3b55d2f50d5f56d4f4cd3f50,0,0,0,1
328,328,0,9a66f9f2719ce639de699f2679be799ce6a9f2699ba6c9ba6d9aa689a6689fe699f26c9fe649b67d,6edb86bda46e5a7685a56e5ba6e5b869da1699a76b1a6699ba69dbf699bb689a168da56e9a069da4,352,146,5a6,5295d5594f5754a559545755052d4b52d57549495255455d4b555565495455948541495595555d50,264,d3356d6b55d3753d4b56d4b4dd3348d5755d4b4cd3349d4b50d2b50d3b55d2f50d5f56d4f4cd3f50,0,0,0,1
329,329,0,9a66f9f2719ce639de699f2679be799ce6a9f2699ba6c9ba6d9aa689a6689fe699f26c9fe649b67d,6edb86bda46e5a7685a56e5ba6e5b869da1699a76b1a6699ba69dbf699bb689a168da56e9a069da4,34f,542,5a7,5295d5594f5754a559545755052d4b52d57549495255455d4b555565495455948541495595555d50,26c,d3356d6b55d3753d4b56d4b4dd3348d5755d4b4cd3349d4b50d2b50d3b55d2f50d5f56d4f4cd3f50,0,0,0,1
330,330,0,9a66f9f2719ce639de699f2679be799ce6a9f2699ba6c9ba6d9aa689a6689fe699f26c9fe649b67d,6edb86bda46e5a7685a56e5ba6e5b869da1699a76b1a6699ba69dbf699bb689a168da56e9a069da4,34f,552,1ac,5295255d4c5494b55954575535214b52d5754d485395755d4b5515654d5455948541485595555d56,670,d3356d6b55d3753d4b56d4b4dd3348d5755d4b4cd3349d4b50d2b50d3b55d2f50d5f56d4f4cd3f50,0,0,0,1
331,331,0,9a66f9f6719ce719d2689f2669be799ce6a9f2699ba6d9f66a9be689a66b9fe699fe6d9f6649b26c,6edb86bda46e5a7685a56e5ba6e5b869da1699a76b1a6699ba69dbf699bb689a168da56e9a069da4,350,546,1a6,5295255d4c5494b55954575535214b52d5754d485395755d4b5515654d5455948541485595555d56,66d,d3356d6b55d3753d4b56d4b4dd3348d5755d4b4cd3349d4b50d2b50d3b55d2f50d5f56d4f4cd3f50,0,0,0,1
332,332,0,9a66f9f6719ce719d2689f2669be799ce6a9f2699ba6d9f66a9be689a66b9fe699fe6d9f6649b26c,6edb86bda46e5a7685a56e5ba6e5b869da1699a76b1a6699ba69dbf699bb689a168da56e9a069da4,74c,547,1a1,5295255d4c5494b55954575535214b52d5754d485395755d4b5515654d5455948541485595555d56,66f,d3356d6b55d3753d4b56d4b4dd3348d5755d4b4cd3349d4b50d2b50d3b55d2f50d5f56d4f4cd3f50,0,0,0,1
333,333,0,9a66f9f6719ce719d2689f2669be799ce6a9f2699ba6d9f66a9be689a66b9fe699fe6d9f6649b26c,6edb86bda46e5a7685a56e5ba6e5b869da1699a76b1a6699ba69dbf699bb689a168da56e9a069da4,756,542,1ba,5295255d4c5494b55954575535214b52d5754d485395755d4b5515654d5455948541485595555d56,671,d3356d6b55d3753d4b56d4b4dd3348d5754d374fd374ed4b50d2b51d3b55d2353d5f51d4b4fd3f50,0,0,0,1
334,334,0,9a66f9f6719ce719d2689f2669be799ce6a9f2699ba6d9f66a9be689a66b9fe699fe6d9f6649b26c,6edb86bda46e5a7685a56e5ba6e5b869da1699a76b1a6699ba69dbf699bb689a168da56e9a069da4,75a,542,1a7,5295255d4c5494b55954575535214b52d5754d485395755d4b5515654d5455948541485595555d56,671,d3356d6b55d3753d4b56d4b4dd3348d5754d374fd374ed4b50d2b51d3b55d2353d5f51d4b4fd3f50,0,0,0,1
335,335,0,9a66f9f6719ce719d2689f2669be799ce6a9f2699ba6d9f66a9be689a66b9fe699fe6d9f6649b26c,6edb86bda46e5a7685a56e5ba6e5b869da1699a76b1a6699ba69dbf699bb689a168da56e9a069da4,754,554,1be,5295255d4c5494b55954575535214b52d5754d485395755d4b5515654d5455948541485595555d56,670,d3356d6b55d3753d4b56d4b4dd3348d5754d374fd374ed4b50d2b51d3b55d2353d5f51d4b4fd3f50,0,0,0,1
336,336,0,9a66f9f6719ce719d2689f2669be799ce6a9f2699ba6d9f66a9be689a66b9fe699fe6d9f6649b26c,6edb86bda46e5a7685a56e5ba6e5b869da1699a76b1a6699ba69dbf699bb689a168da56e9a069da4,74d,554,1a7,5295255d4c5494b55954575535214b52d5754d485395755d4b5515654d5455948541485595555d56,667,d3356d6b55d3753d4b56d4b4dd3348d5754d374fd374ed4b50d2b51d3b55d2353d5f51d4b4fd3f50,0,0,0,1
337,337,0,9a66f9f6719ce719d2689f2669be799ce6a9f2699ba6d9f66a9be689a66b9fe699fe6d9f6649b26c,6edb86bda46e5a7685a56e5ba6e5b869da1699a76b1a6699ba69dbf699bb689a168da56e9a069da4,753,554,1bb,5295255d4c5494b55954575535214b52d5754d485395755d4b5515654d5455948541485595555d56,670,d3356d6b55d3753d4b56d4b4dd3348d5754d374fd374ed4b50d2b51d3b55d2353d5f51d4b4fd3f50,0,0,0,1
338,338,0,9a66f9f6719ce719d2689f2669be799ce6a9f2699ba6d9f66a9be689a66b9fe699fe6d9f6649b26c,6edb86bda46e5a7685a56e5ba6e5b869da1699a76b1a6699ba69dbf699bb689a168da56e9a069da4,752,542,1ad,5295255d4c5494b55954575535214b52d5754d485395755d4b5515654d5455948541485595555d56,66c,d3356d6b55d3753d4b56d4b4dd3348d5754d374fd374ed4b50d2b51d3b55d2353d5f51d4b4fd3f50,0,0,0,1
339,339,0,9a66f9f6719ce719d2689f2669be799ce6a9f2699ba6d9f66a9be689a66b9fe699fe6d9f6649b26c,6edb86bda46e5a7685a56e5ba6e5b869da1699a76b1a6699ba69dbf699bb689a168da56e9a069da4,756,54b,1a1,5295255d4c5494b55954575535214b52d5754d485395755d4b5515654d5455948541485595555d56,677,d3356d6b55d3753d4b56d4b4dd3348d5754d374fd374ed4b50d2b51d3b55d2353d5f51d4b4fd3f50,0,0,0,1
340,340,0,9a66f9f6719ce719d2689f2669be799ce6a9f2699ba6d9f66a9be689a66b9fe699fe6d9f6649b26c,6edb86bda46e5a7685a56e5ba6e5b869da1699a76b1a6699ba69dbf699bb689a168da56e9a069da4,756,549,1a3,5295255d4c5494b55954575535214b52d5754d485395755d4b5515654d5455948541485595555d56,667,d3356d6b55d3753d4b56d4b4dd3348d5754d374fd374ed4b50d2b51d3b55d2353d5f51d4b4fd3f50,0,0,0,1
341,341,0,9a66f9f6719ce719d2689f2669be799ce6a9f2699ba6d9f66a9be689a66b9fe699fe6d9f6649b26c,6edb86bda46e5a7685a56e5ba6e5b869da1699a76b1a6699ba69dbf699bb689a168da56e9a069da4,74c,542,1a5,5295255d4c5494b55954575535214b52d5754d485395755d4b5515654d5455948541485595555d56,66b,d3356d6b55d3753d4b56d4b4dd3348d5754d374fd374ed4b50d2b51d3b55d2353d5f51d4b4fd3f50,0,0,0,1
342,342,0,9a66f9f6719ce719d2689f2669be799ce6a9f2699ba6d9f66a9be689a66b9fe699fe6d9f6649b26c,6edb86bda46e5a7685a56e5ba6e5b869da1699a76b1a6699ba69dbf699bb689a168da56e9a069da4,74c,557,1ba,5295255d4c5494b55954575535214b52d5754d485395755d4b5515654d5455948541485595555d56,671,d3356d6b55d3753d4b56d4b4dd3348d5754d374fd374ed4b50d2b51d3b55d2353d5f51d4b4fd3f50,0,0,0,1
343,343,0,9a66f9f6719ce719d2689f2669be799ce6a9f2699ba6d9f66a9be689a66b9fe699fe6d9f6649b26c,6edb86bda46e5a7685a56e5ba6e5b869da1699a76b1a6699ba69dbf699bb689a168da56e9a069da4,749,540,1a3,5295255d4c5494b55954575535214b52d5754d485395755d4b5515654d5455948541485595555d56,673,d3356d6b55d3753d4b56d4b4dd3348d5754d374fd374ed4b50d2b51d3b55d2353d5f51d4b4fd3f50,0,0,0,1
344,344,0,9a66f9f6719ce719d2689f2669be799ce6a9f2699ba6d9f66a9be689a66b9fe699fe6d9f6649b26c,6edb86bda46e5a7685a56e5ba6e5b869da1699a76b1a6699ba69dbf699bb689a168da56e9a069da4,756,54a,1a7,5295255d4c5494b55954575535214b52d5754d485395755d4b5515654d5455948541485595555d56,66e,d3356d6b55d3753d4b56d4b4dd3348d5754d374fd374ed4b50d2b51d3b55d2353d5f51d4b4fd3f50,0,0,0,1
345,345,0,9a66f9f6719ce719d2689f2669be799ce6a9f2699ba6d9f66a9be689a66b9fe699fe6d9f6649b26c,6edb86bda46e5a7685a56e5ba6e5b869da1699a76b1a6699ba69dbf699bb689a168da56e9a069da4,754,146,1a4,5295255d4c5494b55954575535214b52d5754d485395755d4b5515654d5455948541485595555d56,670,d3356d6b55d3753d4b56d4b4dd3348d5754d374fd374ed4b50d2b51d3b55d2353d5f51d4b4fd3f50,0,0,0,1
346,346,0,9a66f9f6719ce719d2689f2669be799ce6a9f2699ba6d9f66a9be689a66b9fe699fe6d9f6649b26c,6edb86bda46e5a7685a56e5ba6e5b869da1699a76b1a6699ba69dbf699bb689a168da56e9a069da4,752,157,5bb,5295255d4c5494b55954575535214b52d5754d485395755d4b5515654d5455948541485595555d56,26d,d3356d6b55d3753d4b56d4b4dd3348d5754d374fd374ed4b50d2b51d3b55d2353d5f51d4b4fd3f50,0,0,0,1
347,347,0,9a66f9f6719ce719d2689f2669be799ce6a9f2699ba6d9f66a9be689a66b9fe699fe6d9f6649b26c,6edb86bda46e1a7681a56e5a56e1b9691a1699a76b1a6685ba69dbe69dbb6b5a168da56e9a369da4,74e,147,5b8,5295255d4c5494b55954575535214b52d5754d485395755d4b5515654d5455948541485595555d56,271,d3356d6b55d3753d4b56d4b4dd3348d5754d374fd374ed4b50d2b51d3b55d2353d5f51d4b4fd3f50,0,0,0,1
348,348,0,9a66f9f6719ce719d2689f2669be799ce6a9f2699ba6d9f66a9be689a66b9fe699fe6d9f6649b26c,6edb86bda46e1a7681a56e5a56e1b9691a1699a76b1a6685ba69dbe69dbb6b5a168da56e9a369da4,34c,141,5af,5295255d4c5494b55954575535214b52d5754d485395755d4b5515654d5455948541485595555d56,26d,d3356d6b55d3753d4b56d4b4dd3348d5754d374fd374ed4b50d2b51d3b55d2353d5f51d4b4fd3f50,0,0,0,1
349,349,0,9a66f9f6719ce719d2689f2669be799ce6a9f2699ba6d9f66a9be689a66b9fe699fe6d9f6649b26c,6edb86bda46e1a7681a56e5a56e1b9691a1699a76b1a6685ba69dbe69dbb6b5a168da56e9a369da4,349,156,5a4,5295255d4c5494b55954575535214b52d5754d485395755d4b5515654d5455948541485595555d56,26e,d3356d6b55d3753d4b56d4b4dd3348d5754d374fd374ed4b50d2b51d3b55d2353d5f51d4b4fd3f50,0,0,0,1
350,350,0,9a66f9f6719ce719d2689f2669be799ce6a9f2699ba6d9f66a9be689a66b9fe699fe6d9f6649b26c,6edb86bda46e1a7681a56e5a56e1b9691a1699a76b1a6685ba69dbe69dbb6b5a168da56e9a369da4,352,156,5b8,5295255d4c5494b55954575535214b52d5754d485395755d4b5515654d5455948541485595555d56,26e,d3356d6b55d3753d4b56d4b4dd3348d5754d374fd374ed4b50d2b51d3b55d2353d5f51d4b4fd3f50,0,0,0,1
351,351,0,9a66f9f6719ce719d2689f2669be799ce6a9f2699ba6d9f66a9be689a66b9fe699fe6d9f6649b26c,6edb86bda46e1a7681a56e5a56e1b9691a1699a76b1a6685ba69dbe69dbb6b5a168da56e9a369da4,350,151,5a4,5295255d4c5494b55954575535214b52d5754d485395755d4b5515654d5455948541485595555d56,26b,d3356d6b55d3753d4b56d4b4dd3348d5754d374fd374ed4b50d2b51d3b55d2353d5f51d4b4fd3f50,0,0,0,1
352,352,0,9a66f9f6719ce719d2689f2669be799ce6a9f2699ba6d9f66a9be689a66b9fe699fe6d9f6649b26c,6edb86bda46e1a7681a56e5a56e1b9691a1699a76b1a6685ba69dbe69dbb6b5a168da56e9a369da4,34a,156,5a1,5295255d4c5494b55954575535214b52d5754d485395755d4b5515654d5455948541485595555d56,270,d3356d6b55d3753d4b56d4b4dd3348d5754d374fd374ed4b50d2b51d3b55d2353d5f51d4b4fd3f50,0,0,0,1
353,353,0,9a66f9f6719ce719d2689f2669be799ce6a9f2699ba6d9f66a9be689a66b9fe699fe6d9f6649b26c,6edb86bda46e1a7681a56e5a56e1b9691a1699a76b1a6685ba69dbe69dbb6b5a168da56e9a369da4,351,146,5a4,5295255d4c5494b55954575535214b52d5754d485395755d4b5515654d5455948541485595555d56,269,d3356d6b55d3753d4b56d4b4dd3348d5754d374fd374ed4b50d2b51d3b55d2353d5f51d4b4fd3f50,0,0,0,1
354,354,0,9a66f9f6719ce719d2689f2669be799ce6a9f2699ba6d9f66a9be689a66b9fe699fe6d9f6649b26c,6edb86bda46e1a7681a56e5a56e1b9691a1699a76b1a6685ba69dbe69dbb6b5a168da56e9a369da4,349,141,5b9,5295255d4c5494b55954575535214b52d5754d485395755d4b5515654d5455948541485595555d56,26f,d3356d6b55d3753d4b56d4b4dd3348d5754d374fd374ed4b50d2b51d3b55d2353d5f51d4b4fd3f50,0,0,0,1
355,355,0,9a66f9f6719ce719d2689f2669be799ce6a9f2699ba6d9f66a9be689a66b9fe699fe6d9f6649b26c,6edb86bda46e1a7681a56e5a56e1b9691a1699a76b1a6685ba69dbe69dbb6b5a168da56e9a369da4,35a,140,5a5,5295255d4c5494b55954575535214b52d5754d485395755d4b5515654d5455948541485595555d56,273,d3356d6b55d3753d4b56d4b4dd3348d5754d374fd374ed4b50d2b51d3b55d2353d5f51d4b4fd3f50,0,0,0,1
356,356,0,9a66f9f6719ce719d2689f2669be799ce6a9f2699ba6d9f66a9be689a66b9fe699fe6d9f6649b26c,6edb86bda46e1a7681a56e5a56e1b9691a1699a76b1a6685ba69dbe69dbb6b5a168da56e9a369da4,34b,143,5b9,5295255d4c5494b55954575535214b52d5754d485395755d4b5515654d5455948541485595555d56,26d,d3356d6b55d3753d4b56d4b4dd3348d5754d374fd374ed4b50d2b51d3b55d2353d5f51d4b4fd3f50,0,0,0,1
357,357,0,9a66f9f6719ce719d2689f2669be799ce6a9f2699ba6d9f66a9be689a66b9fe699fe6d9f6649b26c,6edb86bda46e1a7681a56e5a56e1b9691a1699a76b1a6685ba69dbe69dbb6b5a168da56e9a369da4,353,154,5b9,5295255d4c5494b55954575535214b52d5754d485395755d4b5515654d5455948541485595555d56,274,d3356d6b55d3753d4b56d4b4dd3348d5754d374fd374ed4b50d2b51d3b55d2353d5f51d4b4fd3f50,0,0,0,1
358,358,0,9a66f9f6719ce719d2689f2669be799ce6a9f2699ba6d9f66a9be689a66b9fe699fe6d9f6649b26c,6edb86bda46e1a7681a56e5a56e1b9691a1699a76b1a6685ba69dbe69dbb6b5a168da56e9a369da4,356,154,5a4,5295255d4c5494b55954575535214b52d5754d485395755d4b5515654d5455948541485595555d56,26d,d3356d6b55d3753d4b56d4b4dd3348d5754d374fd374ed4b50d2b51d3b55d2353d5f51d4b4fd3f50,0,0,0,1
359,359,0,9a66f9f6719ce719d2689f2669be799ce6a9f2699ba6d9f66a9be689a66b9fe699fe6d9f6649b26c,6edb86bda46e1a7681a56e5a56e1b9691a1699a76b1a6685ba69dbe69dbb6b5a168da56e9a369da4,351,156,5a1,5295255d4c5494b55954575535214b52d5754d485395755d4b5515654d5455948541485595555d56,274,d3356d6b55d3753d4b56d4b4dd3348d5754d374fd374ed4b50d2b51d3b55d2353d5f51d4b4fd3f50,0,0,0,1
360,360,0,9a66f9f6719ce719d2689f2669be799ce6a9f2699ba6d9f66a9be689a66b9fe699fe6d9f6649b26c,6edb86bda46e1a7681a56e5a56e1b9691a1699a76b1a6685ba69dbe69dbb6b5a168da56e9a369da4,353,146,5a1,5295255d4c5494b55954575535214b52d5754d485395755d4b5515654d5455948541485595555d56,267,d3356d6b55d3753d4b56d4b4dd3348d5754d374fd374ed4b50d2b51d3b55d2353d5f51d4b4fd3f50,0,0,0,1
361,361,0,9a66f9f6719ce719d2689f2669be799ce6a9f2699ba6d9f66a9be689a66b9fe699fe6d9f6649b26c,6edb86bda46e1a7681a56e5a56e1b9691a1699a76b1a6685ba69dbe69dbb6b5a168da56e9a369da4,34c,548,5a7,5295255d4c5494b55954575535214b52d5754d485395755d4b5515654d5455948541485595555d56,26d,d3356d6b55d3753d4b56d4b4dd3348d5754d374fd374ed4b50d2b51d3b55d2353d5f51d4b4fd3f50,0,0,0,1
362,362,0,9a66f9f6719ce719d2689f2669be799ce6a9f2699ba6d9f66a9be689a66b9fe699fe6d9f6649b26c,6edb86bda46e1a7681a56e5a56e1b9691a1699a76b1a6685ba69dbe69dbb6b5a168da56e9a369da4,34f,557,1ac,529525594f5494a559545715052d4b52157549485395755d4b5515654d545594b541495595455156,670,d3356d6b55d3753d4b56d4b4dd3348d5754d374fd374ed4b50d2b51d3b55d2353d5f51d4b4fd3f50,0,0,0,1
363,363,0,9a26f9f6719c2729d2689fe679be699ce6b9f2689f6699ba6e9be689a66b9fe699f26d9f2679b67c,6edb86bda46e1a7681a56e5a56e1b9691a1699a76b1a6685ba69dbe69dbb6b5a168da56e9a369da4,350,546,1a6,529525594f5494a559545715052d4b52157549485395755d4b5515654d545594b541495595455156,66d,d3356d6b55d3753d4b56d4b4dd3348d5754d374fd374ed4b50d2b51d3b55d2353d5f51d4b4fd3f50,0,0,0,1
364,364,0,9a26f9f6719c2729d2689fe679be699ce6b9f2689f6699ba6e9be689a66b9fe699f26d9f2679b67c,6edb86bda46e1a7681a56e5a56e1b9691a1699a76b1a6685ba69dbe69dbb6b5a168da56e9a369da4,74c,547,1a0,529525594f5494a559545715052d4b52157549485395755d4b5515654d545594b541495595455156,66f,d3356d6b55d3753d4b56d4b4dd3348d5754d374fd374ed4b50d2b51d3b55d2353d5f51d4b4fd3f50,0,0,0,1
365,365,0,9a26f9f6719c2729d2689fe679be699ce6b9f2689f6699ba6e9be689a66b9fe699f26d9f2679b67c,6edb86bda46e1a7681a56e5a56e1b9691a1699a76b1a6685ba69dbe69dbb6b5a168da56e9a369da4,756,542,1ba,529525594f5494a559545715052d4b52157549485395755d4b5515654d545594b541495595455156,670,d3356d6b54d3753d4b56d5b4cd3349d5354d4b4ed3349d4b50d2b51d275ad2f53d5b51d4f4cd3f50,0,0,0,1
366,366,0,9a26f9f6719c2729d2689fe679be699ce6b9f2689f6699ba6e9be689a66b9fe699f26d9f2679b67c,6edb86bda46e1a7681a56e5a56e1b9691a1699a76b1a6685ba69dbe69dbb6b5a168da56e9a369da4,75a,543,1a7,529525594f5494a559545715052d4b52157549485395755d4b5515654d545594b541495595455156,671,d3356d6b54d3753d4b56d5b4cd3349d5354d4b4ed3349d4b50d2b51d275ad2f53d5b51d4f4cd3f50,0,0,0,1
367,367,0,9a26f9f6719c2729d2689fe679be699ce6b9f2689f6699ba6e9be689a66b9fe699f26d9f2679b67c,6edb86bda46e1a7681a56e5a56e1b9691a1699a76b1a6685ba69dbe69dbb6b5a168da56e9a369da4,754,554,1be,529525594f5494a559545715052d4b52157549485395755d4b5515654d545594b541495595455156,670,d3356d6b54d3753d4b56d5b4cd3349d5354d4b4ed3349d4b50d2b51d275ad2f53d5b51d4f4cd3f50,0,0,0,1
368,368,0,9a26f9f6719c2729d2689fe679be699ce6b9f2689f6699ba6e9be689a66b9fe699f26d9f2679b67c,6edb86bda46e1a7681a56e5a56e1b9691a1699a76b1a6685ba69dbe69dbb6b5a168da56e9a369da4,74d,554,1a7,529525594f5494a559545715052d4b52157549485395755d4b5515654d545594b541495595455156,664,d3356d6b54d3753d4b56d5b4cd3349d5354d4b4ed3349d4b50d2b51d275ad2f53d5b51d4f4cd3f50,0,0,0,1
369,369,0,9a26f9f6719c2729d2689fe679be699ce6b9f2689f6699ba6e9be689a66b9fe699f26d9f2679b67c,6edb86bda46e1a7681a56e5a56e1b9691a1699a76b1a6685ba69dbe69dbb6b5a168da56e9a369da4,753,555,1bb,529525594f5494a559545715052d4b52157549485395755d4b5515654d545594b541495595455156,670,d3356d6b54d3753d4b56d5b4cd3349d5354d4b4ed3349d4b50d2b51d275ad2f53d5b51d4f4cd3f50,0,0,0,1
370,370,0,9a26f9f6719c2729d2689fe679be699ce6b9f2689f6699ba6e9be689a66b9fe699f26d9f2679b67c,6edb86bda46e1a7681a56e5a56e1b9691a1699a76b1a6685ba69dbe69dbb6b5a168da56e9a369da4,752,540,1a2,529525594f5494a559545715052d4b52157549485395755d4b5515654d545594b541495595455156,66c,d3356d6b54d3753d4b56d5b4cd3349d5354d4b4ed3349d4b50d2b51d275ad2f53d5b51d4f4cd3f50,0,0,0,1
371,371,0,9a26f9f6719c2729d2689fe679be699ce6b9f2689f6699ba6e9be689a66b9fe699f26d9f2679b67c,6edb86bda46e1a7681a56e5a56e1b9691a1699a76b1a6685ba69dbe69dbb6b5a168da56e9a369da4,756,548,1a1,529525594f5494a559545715052d4b52157549485395755d4b5515654d545594b541495595455156,674,d3356d6b54d3753d4b56d5b4cd3349d5354d4b4ed3349d4b50d2b51d275ad2f53d5b51d4f4cd3f50,0,0,0,1
372,372,0,9a26f9f6719c2729d2689fe679be699ce6b9f2689f6699ba6e9be689a66b9fe699f26d9f2679b67c,6edb86bda46e1a7681a56e5a56e1b9691a1699a76b1a6685ba69dbe69dbb6b5a168da56e9a369da4,756,54b,1a0,529525594f5494a559545715052d4b52157549485395755d4b5515654d545594b541495595455156,667,d3356d6b54d3753d4b56d5b4cd3349d5354d4b4ed3349d4b50d2b51d275ad2f53d5b51d4f4cd3f50,0,0,0,1
373,373,0,9a26f9f6719c2729d2689fe679be699ce6b9f2689f6699ba6e9be689a66b9fe699f26d9f2679b67c,6edb86bda46e1a7681a56e5a56e1b9691a1699a76b1a6685ba69dbe69dbb6b5a168da56e9a369da4,74d,543,1ba,529525594f5494a559545715052d4b52157549485395755d4b5515654d545594b541495595455156,66a,d3356d6b54d3753d4b56d5b4cd3349d5354d4b4ed3349d4b50d2b51d275ad2f53d5b51d4f4cd3f50,0,0,0,1
374,374,0,9a26f9f6719c2729d2689fe679be699ce6b9f2689f6699ba6e9be689a66b9fe699f26d9f2679b67c,6edb86bda46e1a7681a56e5a56e1b9691a1699a76b1a6685ba69dbe69dbb6b5a168da56e9a369da4,74c,557,1bb,529525594f5494a559545715052d4b52157549485395755d4b5515654d545594b541495595455156,671,d3356d6b54d3753d4b56d5b4cd3349d5354d4b4ed3349d4b50d2b51d275ad2f53d5b51d4f4cd3f50,0,0,0,1
375,375,0,9a26f9f6719c2729d2689fe679be699ce6b9f2689f6699ba6e9be689a66b9fe699f26d9f2679b67c,6edb86bda46e1a7681a56e5a56e1b9691a1699a76b1a6685ba69dbe69dbb6b5a168da56e9a369da4,748,540,1a0,529525594f5494a559545715052d4b52157549485395755d4b5515654d545594b541495595455156,673,d3356d6b54d3753d4b56d5b4cd3349d5354d4b4ed3349d4b50d2b51d275ad2f53d5b51d4f4cd3f50,0,0,0,1
376,376,0,9a26f9f6719c2729d2689fe679be699ce6b9f2689f6699ba6e9be689a66b9fe699f26d9f2679b67c,6edb86bda46e1a7681a56e5a56e1b9691a1699a76b1a6685ba69dbe69dbb6b5a168da56e9a369da4,757,54a,1a4,529525594f5494a559545715052d4b52157549485395755d4b5515654d545594b541495595455156,66e,d3356d6b54d3753d4b56d5b4cd3349d5354d4b4ed3349d4b50d2b51d275ad2f53d5b51d4f4cd3f50,0,0,0,1
377,377,0,9a26f9f6719c2729d2689fe679be699ce6b9f2689f6699ba6e9be689a66b9fe699f26d9f2679b67c,6edb86bda46e1a7681a56e5a56e1b9691a1699a76b1a6685ba69dbe69dbb6b5a168da56e9a369da4,757,146,1a4,529525594f5494a559545715052d4b52157549485395755d4b5515654d545594b541495595455156,670,d3356d6b54d3753d4b56d5b4cd3349d5354d4b4ed3349d4b50d2b51d275ad2f53d5b51d4f4cd3f50,0,0,0,1
378,378,0,9a26f9f6719c2729d2689fe679be699ce6b9f2689f6699ba6e9be689a66b9fe699f26d9f2679b67c,6edb86bda46e1a7681a56e5a56e1b9691a1699a76b1a6685ba69dbe69dbb6b5a168da56e9a369da4,74d,155,5bb,529525594f5494a559545715052d4b52157549485395755d4b5515654d545594b541495595455156,26d,d3356d6b54d3753d4b56d5b4cd3349d5354d4b4ed3349d4b50d2b51d275ad2f53d5b51d4f4cd3f50,0,0,0,1
379,379,0,9a26f9f6719c2729d2689fe679be699ce6b9f2689f6699ba6e9be689a66b9fe699f26d9f2679b67c,6edb86bda46e1a4685a46e5a56e5b9691a1685a76b1a6681ba69dbe69dbb689a1681ba6eda0691a4,74e,146,5b8,529525594f5494a559545715052d4b52157549485395755d4b5515654d545594b541495595455156,26f,d3356d6b54d3753d4b56d5b4cd3349d5354d4b4ed3349d4b50d2b51d275ad2f53d5b51d4f4cd3f50,0,0,0,1
380,380,0,9a26f9f6719c2729d2689fe679be699ce6b9f2689f6699ba6e9be689a66b9fe699f26d9f2679b67c,6edb86bda46e1a4685a46e5a56e5b9691a1685a76b1a6681ba69dbe69dbb689a1681ba6eda0691a4,34c,141,5af,529525594f5494a559545715052d4b52157549485395755d4b5515654d545594b541495595455156,26d,d3356d6b54d3753d4b56d5b4cd3349d5354d4b4ed3349d4b50d2b51d275ad2f53d5b51d4f4cd3f50,0,0,0,1
381,381,0,9a26f9f6719c2729d2689fe679be699ce6b9f2689f6699ba6e9be689a66b9fe699f26d9f2679b67c,6edb86bda46e1a4685a46e5a56e5b9691a1685a76b1a6681ba69dbe69dbb689a1681ba6eda0691a4,348,156,5a4,529525594f5494a559545715052d4b52157549485395755d4b5515654d545594b541495595455156,26e,d3356d6b54d3753d4b56d5b4cd3349d5354d4b4ed3349d4b50d2b51d275ad2f53d5b51d4f4cd3f50,0,0,0,1
382,382,0,9a26f9f6719c2729d2689fe679be699ce6b9f2689f6699ba6e9be689a66b9fe699f26d9f2679b67c,6edb86bda46e1a4685a46e5a56e5b9691a1685a76b1a6681ba69dbe69dbb689a1681ba6eda0691a4,352,156,5b8,529525594f5494a559545715052d4b52157549485395755d4b5515654d545594b541495595455156,271,d3356d6b54d3753d4b56d5b4cd3349d5354d4b4ed3349d4b50d2b51d275ad2f53d5b51d4f4cd3f50,0,0,0,1
383,383,0,9a26f9f6719c2729d2689fe679be699ce6b9f2689f6699ba6e9be689a66b9fe699f26d9f2679b67c,6edb86bda46e1a4685a46e5a56e5b9691a1685a76b1a6681ba69dbe69dbb689a1681ba6eda0691a4,351,151,5a7,529525594f5494a559545715052d4b52157549485395755d4b5515654d545594b541495595455156,26b,d3356d6b54d3753d4b56d5b4cd3349d5354d4b4ed3349d4b50d2b51d275ad2f53d5b51d4f4cd3f50,0,0,0,1
384,384,0,9a26f9f6719c2729d2689fe679be699ce6b9f2689f6699ba6e9be689a66b9fe699f26d9f2679b67c,6edb86bda46e1a4685a46e5a56e5b9691a1685a76b1a6681ba69dbe69dbb689a1681ba6eda0691a4,34a,156,5a1,529525594f5494a559545715052d4b52157549485395755d4b5515654d545594b541495595455156,270,d3356d6b54d3753d4b56d5b4cd3349d5354d4b4ed3349d4b50d2b51d275ad2f53d5b51d4f4cd3f50,0,0,0,1
385,385,0,9a26f9f6719c2729d2689fe679be699ce6b9f2689f6699ba6e9be689a66b9fe699f26d9f2679b67c,6edb86bda46e1a4685a46e5a56e5b9691a1685a76b1a6681ba69dbe69dbb689a1681ba6eda0691a4,351,154,5a4,529525594f5494a559545715052d4b52157549485395755d4b5515654d545594b541495595455156,266,d3356d6b54d3753d4b56d5b4cd3349d5354d4b4ed3349d4b50d2b51d275ad2f53d5b51d4f4cd3f50,0,0,0,1
386,386,0,9a26f9f6719c2729d2689fe679be699ce6b9f2689f6699ba6e9be689a66b9fe699f26d9f2679b67c,6edb86bda46e1a4685a46e5a56e5b9691a1685a76b1a6681ba69dbe69dbb689a1681ba6eda0691a4,349,140,5b9,529525594f5494a559545715052d4b52157549485395755d4b5515654d545594b541495595455156,26f,d3356d6b54d3753d4b56d5b4cd3349d5354d4b4ed3349d4b50d2b51d275ad2f53d5b51d4f4cd3f50,0,0,0,1
387,387,0,9a26f9f6719c2729d2689fe679be699ce6b9f2689f6699ba6e9be689a66b9fe699f26d9f2679b67c,6edb86bda46e1a4685a46e5a56e5b9691a1685a76b1a6681ba69dbe69dbb689a1681ba6eda0691a4,35a,140,5ba,529525594f5494a559545715052d4b52157549485395755d4b5515654d545594b541495595455156,272,d3356d6b54d3753d4b56d5b4cd3349d5354d4b4ed3349d4b50d2b51d275ad2f53d5b51d4f4cd3f50,0,0,0,1
388,388,0,9a26f9f6719c2729d2689fe679be699ce6b9f2689f6699ba6e9be689a66b9fe699f26d9f2679b67c,6edb86bda46e1a4685a46e5a56e5b9691a1685a76b1a6681ba69dbe69dbb689a1681ba6eda0691a4,34b,143,5b9,529525594f5494a559545715052d4b52157549485395755d4b5515654d545594b541495595455156,26d,d3356d6b54d3753d4b56d5b4cd3349d5354d4b4ed3349d4b50d2b51d275ad2f53d5b51d4f4cd3f50,0,0,0,1
389,389,0,9a26f9f6719c2729d2689fe679be699ce6b9f2689f6699ba6e9be689a66b9fe699f26d9f2679b67c,6edb86bda46e1a4685a46e5a56e5b9691a1685a76b1a6681ba69dbe69dbb689a1681ba6eda0691a4,350,154,5b8,529525594f5494a559545715052d4b52157549485395755d4b5515654d545594b541495595455156,274,d3356d6b54d3753d4b56d5b4cd3349d5354d4b4ed3349d4b50d2b51d275ad2f53d5b51d4f4cd3f50,0,0,0,1
390,390,0,9a26f9f6719c2729d2689fe679be699ce6b9f2689f6699ba6e9be689a66b9fe699f26d9f2679b67c,6edb86bda46e1a4685a46e5a56e5b9691a1685a76b1a6681ba69dbe69dbb689a1681ba6eda0691a4,356,155,5a4,529525594f5494a559545715052d4b52157549485395755d4b5515654d545594b541495595455156,26d,d3356d6b54d3753d4b56d5b4cd3349d5354d4b4ed3349d4b50d2b51d275ad2f53d5b51d4f4cd3f50,0,0,0,1
391,391,0,9a26f9f6719c2729d2689fe679be699ce6b9f2689f6699ba6e9be689a66b9fe699f26d9f2679b67c,6edb86bda46e1a4685a46e5a56e5b9691a1685a76b1a6681ba69dbe69dbb689a1681ba6eda0691a4,356,156,5a1,529525594f5494a559545715052d4b52157549485395755d4b5515654d545594b541495595455156,274,d3356d6b54d3753d4b56d5b4cd3349d5354d4b4ed3349d4b50d2b51d275ad2f53d5b51d4f4cd3f50,0,0,0,1
392,392,0,9a26f9f6719c2729d2689fe679be699ce6b9f2689f6699ba6e9be689a66b9fe699f26d9f2679b67c,6edb86bda46e1a4685a46e5a56e5b9691a1685a76b1a6681ba69dbe69dbb689a1681ba6eda0691a4,353,146,5a6,529525594f5494a559545715052d4b52157549485395755d4b5515654d545594b541495595455156,264,d3356d6b54d3753d4b56d5b4cd3349d5354d4b4ed3349d4b50d2b51d275ad2f53d5b51d4f4cd3f50,0,0,0,1
393,393,0,9a26f9f6719c2729d2689fe679be699ce6b9f2689f6699ba6e9be689a66b9fe699f26d9f2679b67c,6edb86bda46e1a4685a46e5a56e5b9691a1685a76b1a6681ba69dbe69dbb689a1681ba6eda0691a4,34c,548,5a6,529525594f5494a559545715052d4b52157549485395755d4b5515654d545594b541495595455156,26d,d3356d6b54d3753d4b56d5b4cd3349d5354d4b4ed3349d4b50d2b51d275ad2f53d5b51d4f4cd3f50,0,0,0,1
394,394,0,9a26f9f6719c2729d2689fe679be699ce6b9f2689f6699ba6e9be689a66b9fe699f26d9f2679b67c,6edb86bda46e1a4685a46e5a56e5b9691a1685a76b1a6681ba69dbe69dbb689a1681ba6eda0691a4,34e,557,1ad,5295d5594f5494b55954575505214b52d5754948539575514b5515654d5455948541495595555156,671,d3356d6b54d3753d4b56d5b4cd3349d5354d4b4ed3349d4b50d2b51d275ad2f53d5b51d4f4cd3f50,0,0,0,1
395,395,0,9a66f9f2719c2609d2689f2669ba699ce6a9f2699be6d9ba6d9ae6898a6f9fa699f26d9f2649b66d,6edb86bda46e1a4685a46e5a56e5b9691a1685a76b1a6681ba69dbe69dbb689a1681ba6eda0691a4,350,546,1a6,5295d5594f5494b55954575505214b52d5754948539575514b5515654d5455948541495595555156,66c,d3356d6b54d3753d4b56d5b4cd3349d5354d4b4ed3349d4b50d2b51d275ad2f53d5b51d4f4cd3f50,0,0,0,1
396,396,0,9a66f9f2719c2609d2689f2669ba699ce6a9f2699be6d9ba6d9ae6898a6f9fa699f26d9f2649b66d,6edb86bda46e1a4685a46e5a56e5b9691a1685a76b1a6681ba69dbe69dbb689a1681ba6eda0691a4,74d,547,1a0,5295d5594f5494b55954575505214b52d5754948539575514b5515654d5455948541495595555156,66f,d3356d6b54d3753d4b56d5b4cd3349d5354d4b4ed3349d4b50d2b51d275ad2f53d5b51d4f4cd3f50,0,0,0,1
397,397,0,9a66f9f2719c2609d2689f2669ba699ce6a9f2699be6d9ba6d9ae6898a6f9fa699f26d9f2649b66d,6edb86bda46e1a4685a46e5a56e5b9691a1685a76b1a6681ba69dbe69dbb689a1681ba6eda0691a4,756,542,1bb,5295d5594f5494b55954575505214b52d5754948539575514b5515654d5455948541495595555156,671,d3356d6b54d3753d4b56d5b4dd3348d5755d374ed3348d4b51d2b51d275ad2f50d5b56d4f4cd3b50,0,0,0,1
398,398,0,9a66f9f2719c2609d2689f2669ba699ce6a9f2699be6d9ba6d9ae6898a6f9fa699f26d9f2649b66d,6edb86bda46e1a4685a46e5a56e5b9691a1685a76b1a6681ba69dbe69dbb689a1681ba6eda0691a4,75a,543,1a7,5295d5594f5494b55954575505214b52d5754948539575514b5515654d5455948541495595555156,671,d3356d6b54d3753d4b56d5b4dd3348d5755d374ed3348d4b51d2b51d275ad2f50d5b56d4f4cd3b50,0,0,0,1
399,399,0,9a66f9f2719c2609d2689f2669ba699ce6a9f2699be6d9ba6d9ae6898a6f9fa699f26d9f2649b66d,6edb86bda46e1a4685a46e5a56e5b9691a1685a76b1a6681ba69dbe69dbb689a1681ba6eda0691a4,754,554,1bf,5295d5594f5494b55954575505214b52d5754948539575514b5515654d5455948541495595555156,673,d3356d6b54d3753d4b56d5b4dd3348d5755d374ed3348d4b51d2b51d275ad2f50d5b56d4f4cd3b50,0,0,0,1
400,400,0,9a66f9f2719c2609d2689f2669ba699ce6a9f2699be6d9ba6d9ae6898a6f9fa699f26d9f2649b66d,6edb86bda46e1a4685a46e5a56e5b9691a1685a76b1a6681ba69dbe69dbb689a1681ba6eda0691a4,74d,554,1a7,5295d5594f5494b55954575505214b52d5754948539575514b5515654d5455948541495595555156,664,d3356d6b54d3753d4b56d5b4dd3348d5755d374ed3348d4b51d2b51d275ad2f50d5b56d4f4cd3b50,0,0,0,1
401,401,0,9a66f9f2719c2609d2689f2669ba699ce6a9f2699be6d9ba6d9ae6898a6f9fa699f26d9f2649b66d,6edb86bda46e1a4685a46e5a56e5b9691a1685a76b1a6681ba69dbe69dbb689a1681ba6eda0691a4,753,555,1ba,5295d5594f5494b55954575505214b52d5754948539575514b5515654d5455948541495595555156,670,d3356d6b54d3753d4b56d5b4dd3348d5755d374ed3348d4b51d2b51d275ad2f50d5b56d4f4cd3b50,0,0,0,1
402,402,0,9a66f9f2719c2609d2689f2669ba699ce6a9f2699be6d9ba6d9ae6898a6f9fa699f26d9f2649b66d,6edb86bda46e1a4685a46e5a56e5b9691a1685a76b1a6681ba69dbe69dbb689a1681ba6eda0691a4,752,542,1a2,5295d5594f5494b55954575505214b52d5754948539575514b5515654d5455948541495595555156,66c,d3356d6b54d3753d4b56d5b4dd3348d5755d374ed3348d4b51d2b51d275ad2f50d5b56d4f4cd3b50,0,0,0,1
403,403,0,9a66f9f2719c2609d2689f2669ba699ce6a9f2699be6d9ba6d9ae6898a6f9fa699f26d9f2649b66d,6edb86bda46e1a4685a46e5a56e5b9691a1685a76b1a6681ba69dbe69dbb689a1681ba6eda0691a4,756,549,1a1,5295d5594f5494b55954575505214b52d5754948539575514b5515654d5455948541495595555156,674,d3356d6b54d3753d4b56d5b4dd3348d5755d374ed3348d4b51d2b51d275ad2f50d5b56d4f4cd3b50,0,0,0,1
404,404,0,9a66f9f2719c2609d2689f2669ba699ce6a9f2699be6d9ba6d9ae6898a6f9fa699f26d9f2649b66d,6edb86bda46e1a4685a46e5a56e5b9691a1685a76b1a6681ba69dbe69dbb689a1681ba6eda0691a4,756,54a,1a3,5295d5594f5494b55954575505214b52d5754948539575514b5515654d5455948541495595555156,664,d3356d6b54d3753d4b56d5b4dd3348d5755d374ed3348d4b51d2b51d275ad2f50d5b56d4f4cd3b50,0,0,0,1
405,405,0,9a66f9f2719c2609d2689f2669ba699ce6a9f2699be6d9ba6d9ae6898a6f9fa699f26d9f2649b66d,6edb86bda46e1a4685a46e5a56e5b9691a1685a76b1a6681ba69dbe69dbb689a1681ba6eda0691a4,74c,543,1ba,5295d5594f5494b55954575505214b52d5754948539575514b5515654d5455948541495595555156,66a,d3356d6b54d3753d4b56d5b4dd3348d5755d374ed3348d4b51d2b51d275ad2f50d5b56d4f4cd3b50,0,0,0,1
406,406,0,9a66f9f2719c2609d2689f2669ba699ce6a9f2699be6d9ba6d9ae6898a6f9fa699f26d9f2649b66d,6edb86bda46e1a4685a46e5a56e5b9691a1685a76b1a6681ba69dbe69dbb689a1681ba6eda0691a4,74d,556,1bb,5295d5594f5494b55954575505214b52d5754948539575514b5515654d5455948541495595555156,670,d3356d6b54d3753d4b56d5b4dd3348d5755d374ed3348d4b51d2b51d275ad2f50d5b56d4f4cd3b50,0,0,0,1
407,407,0,9a66f9f2719c2609d2689f2669ba699ce6a9f2699be6d9ba6d9ae6898a6f9fa699f26d9f2649b66d,6edb86bda46e1a4685a46e5a56e5b9691a1685a76b1a6681ba69dbe69dbb689a1681ba6eda0691a4,748,540,1a3,5295d5594f5494b55954575505214b52d5754948539575514b5515654d5455948541495595555156,673,d3356d6b54d3753d4b56d5b4dd3348d5755d374ed3348d4b51d2b51d275ad2f50d5b56d4f4cd3b50,0,0,0,1
408,408,0,9a66f9f2719c2609d2689f2669ba699ce6a9f2699be6d9ba6d9ae6898a6f9fa699f26d9f2649b66d,6edb86bda46e1a4685a46e5a56e5b9691a1685a76b1a6681ba69dbe69dbb689a1681ba6eda0691a4,757,549,1a7,5295d5594f5494b55954575505214b52d5754948539575514b5515654d5455948541495595555156,66e,d3356d6b54d3753d4b56d5b4dd3348d5755d374ed3348d4b51d2b51d275ad2f50d5b56d4f4cd3b50,0,0,0,1
409,409,0,9a66f9f2719c2609d2689f2669ba699ce6a9f2699be6d9ba6d9ae6898a6f9fa699f26d9f2649b66d,6edb86bda46e1a4685a46e5a56e5b9691a1685a76b1a6681ba69dbe69dbb689a1681ba6eda0691a4,757,141,1a5,5295d5594f5494b55954575505214b52d5754948539575514b5515654d5455948541495595555156,670,d3356d6b54d3753d4b56d5b4dd3348d5755d374ed3348d4b51d2b51d275ad2f50d5b56d4f4cd3b50,0,0,0,1
410,410,0,9a66f9f2719c2609d2689f2669ba699ce6a9f2699be6d9ba6d9ae6898a6f9fa699f26d9f2649b66d,6edb86bda46e1a4685a46e5a56e5b9691a1685a76b1a6681ba69dbe69dbb689a1681ba6eda0691a4,74d,156,5bb,5295d5594f5494b55954575505214b52d5754948539575514b5515654d5455948541495595555156,26c,d3356d6b54d3753d4b56d5b4dd3348d5755d374ed3348d4b51d2b51d275ad2f50d5b56d4f4cd3b50,0,0,0,1
411,411,0,9a66f9f2719c2609d2689f2669ba699ce6a9f2699be6d9ba6d9ae6898a6f9fa699f26d9f2649b66d,6edb86bda46e1a7685a46e5ba6e5b8691a1699a66b5a6681bb69dbf69dba689a168dba6eda369da5,74f,147,5b8,5295d5594f5494b55954575505214b52d5754948539575514b5515654d5455948541495595555156,26f,d3356d6b54d3753d4b56d5b4dd3348d5755d374ed3348d4b51d2b51d275ad2f50d5b56d4f4cd3b50,0,0,0,1
412,412,0,9a66f9f2719c2609d2689f2669ba699ce6a9f2699be6d9ba6d9ae6898a6f9fa699f26d9f2649b66d,6edb86bda46e1a7685a46e5ba6e5b8691a1699a66b5a6681bb69dbf69dba689a168dba6eda369da5,34c,141,5af,5295d5594f5494b55954575505214b52d5754948539575514b5515654d5455948541495595555156,26d,d3356d6b54d3753d4b56d5b4dd3348d5755d374ed3348d4b51d2b51d275ad2f50d5b56d4f4cd3b50,0,0,0,1
413,413,0,9a66f9f2719c2609d2689f2669ba699ce6a9f2699be6d9ba6d9ae6898a6f9fa699f26d9f2649b66d,6edb86bda46e1a7685a46e5ba6e5b8691a1699a66b5a6681bb69dbf69dba689a168dba6eda369da5,349,156,5a4,5295d5594f5494b55954575505214b52d5754948539575514b5515654d5455948541495595555156,26e,d3356d6b54d3753d4b56d5b4dd3348d5755d374ed3348d4b51d2b51d275ad2f50d5b56d4f4cd3b50,0,0,0,1
414,414,0,9a66f9f2719c2609d2689f2669ba699ce6a9f2699be6d9ba6d9ae6898a6f9fa699f26d9f2649b66d,6edb86bda46e1a7685a46e5ba6e5b8691a1699a66b5a6681bb69dbf69dba689a168dba6eda369da5,352,157,5b9,5295d5594f5494b55954575505214b52d5754948539575514b5515654d5455948541495595555156,271,d3356d6b54d3753d4b56d5b4dd3348d5755d374ed3348d4b51d2b51d275ad2f50d5b56d4f4cd3b50,0,0,0,1
415,415,0,9a66f9f2719c2609d2689f2669ba699ce6a9f2699be6d9ba6d9ae6898a6f9fa699f26d9f2649b66d,6edb86bda46e1a7685a46e5ba6e5b8691a1699a66b5a6681bb69dbf69dba689a168dba6eda369da5,351,150,5a7,5295d5594f5494b55954575505214b52d5754948539575514b5515654d5455948541495595555156,26b,d3356d6b54d3753d4b56d5b4dd3348d5755d374ed3348d4b51d2b51d275ad2f50d5b56d4f4cd3b50,0,0,0,1
416,416,0,9a66f9f2719c2609d2689f2669ba699ce6a9f2699be6d9ba6d9ae6898a6f9fa699f26d9f2649b66d,6edb86bda46e1a7685a46e5ba6e5b8691a1699a66b5a6681bb69dbf69dba689a168dba6eda369da5,34a,156,5a1,5295d5594f5494b55954575505214b52d5754948539575514b5515654d5455948541495595555156,270,d3356d6b54d3753d4b56d5b4dd3348d5755d374ed3348d4b51d2b51d275ad2f50d5b56d4f4cd3b50,0,0,0,1
417,417,0,9a66f9f2719c2609d2689f2669ba699ce6a9f2699be6d9ba6d9ae6898a6f9fa699f26d9f2649b66d,6edb86bda46e1a7685a46e5ba6e5b8691a1699a66b5a6681bb69dbf69dba689a168dba6eda369da5,351,144,5a4,5295d5594f5494b55954575505214b52d5754948539575514b5515654d5455948541495595555156,269,d3356d6b54d3753d4b56d5b4dd3348d5755d374ed3348d4b51d2b51d275ad2f50d5b56d4f4cd3b50,0,0,0,1
418,418,0,9a66f9f2719c2609d2689f2669ba699ce6a9f2699be6d9ba6d9ae6898a6f9fa699f26d9f2649b66d,6edb86bda46e1a7685a46e5ba6e5b8691a1699a66b5a6681bb69dbf69dba689a168dba6eda369da5,34e,142,5b9,5295d5594f5494b55954575505214b52d5754948539575514b5515654d5455948541495595555156,26f,d3356d6b54d3753d4b56d5b4dd3348d5755d374ed3348d4b51d2b51d275ad2f50d5b56d4f4cd3b50,0,0,0,1
419,419,0,9a66f9f2719c2609d2689f2669ba699ce6a9f2699be6d9ba6d9ae6898a6f9fa699f26d9f2649b66d,6edb86bda46e1a7685a46e5ba6e5b8691a1699a66b5a6681bb69dbf69dba689a168dba6eda369da5,35a,141,5ba,5295d5594f5494b55954575505214b52d5754948539575514b5515654d5455948541495595555156,273,d3356d6b54d3753d4b56d5b4dd3348d5755d374ed3348d4b51d2b51d275ad2f50d5b56d4f4cd3b50,0,0,0,1
420,420,0,9a66f9f2719c2609d2689f2669ba699ce6a9f2699be6d9ba6d9ae6898a6f9fa699f26d9f2649b66d,6edb86bda46e1a7685a46e5ba6e5b8691a1699a66b5a6681bb69dbf69dba689a168dba6eda369da5,348,143,5b9,5295d5594f5494b55954575505214b52d5754948539575514b5515654d5455948541495595555156,26d,d3356d6b54d3753d4b56d5b4dd3348d5755d374ed3348d4b51d2b51d275ad2f50d5b56d4f4cd3b50,0,0,0,1
421,421,0,9a66f9f2719c2609d2689f2669ba699ce6a9f2699be6d9ba6d9ae6898a6f9fa699f26d9f2649b66d,6edb86bda46e1a7685a46e5ba6e5b8691a1699a66b5a6681bb69dbf69dba689a168dba6eda369da5,353,155,5b8,5295d5594f5494b55954575505214b52d5754948539575514b5515654d5455948541495595555156,275,d3356d6b54d3753d4b56d5b4dd3348d5755d374ed3348d4b51d2b51d275ad2f50d5b56d4f4cd3b50,0,0,0,1
422,422,0,9a66f9f2719c2609d2689f2669ba699ce6a9f2699be6d9ba6d9ae6898a6f9fa699f26d9f2649b66d,6edb86bda46e1a7685a46e5ba6e5b8691a1699a66b5a6681bb69dbf69dba689a168dba6eda369da5,356,155,5a4,5295d5594f5494b55954575505214b52d5754948539575514b5515654d5455948541495595555156,26d,d3356d6b54d3753d4b56d5b4dd3348d5755d374ed3348d4b51d2b51d275ad2f50d5b56d4f4cd3b50,0,0,0,1
423,423,0,9a66f9f2719c2609d2689f2669ba699ce6a9f2699be6d9ba6d9ae6898a6f9fa699f26d9f2649b66d,6edb86bda46e1a7685a46e5ba6e5b8691a1699a66b5a6681bb69dbf69dba689a168dba6eda369da5,356,154,5a1,5295d5594f5494b55954575505214b52d5754948539575514b5515654d5455948541495595555156,277,d3356d6b54d3753d4b56d5b4dd3348d5755d374ed3348d4b51d2b51d275ad2f50d5b56d4f4cd3b50,0,0,0,1
424,424,0,9a66f9f2719c2609d2689f2669ba699ce6a9f2699be6d9ba6d9ae6898a6f9fa699f26d9f2649b66d,6edb86bda46e1a7685a46e5ba6e5b8691a1699a66b5a6681bb69dbf69dba689a168dba6eda369da5,352,143,5a6,5295d5594f5494b55954575505214b52d5754948539575514b5515654d5455948541495595555156,264,d3356d6b54d3753d4b56d5b4dd3348d5755d374ed3348d4b51d2b51d275ad2f50d5b56d4f4cd3b50,0,0,0,1
425,425,0,9a66f9f2719c2609d2689f2669ba699ce6a9f2699be6d9ba6d9ae6898a6f9fa699f26d9f2649b66d,6edb86bda46e1a7685a46e5ba6e5b8691a1699a66b5a6681bb69dbf69dba689a168dba6eda369da5,34f,548,5a7,5295d5594f5494b55954575505214b52d5754948539575514b5515654d5455948541495595555156,26d,d3356d6b54d3753d4b56d5b4dd3348d5755d374ed3348d4b51d2b51d275ad2f50d5b56d4f4cd3b50,0,0,0,1
426,426,0,9a66f9f2719c2609d2689f2669ba699ce6a9f2699be6d9ba6d9ae6898a6f9fa699f26d9f2649b66d,6edb86bda46e1a7685a46e5ba6e5b8691a1699a66b5a6681bb69dbf69dba689a168dba6eda369da5,34e,557,1ad,5295d5594f5494b559545755052d4852d56549495255455d4b55157549545594854d4955d5555151,671,d3356d6b54d3753d4b56d5b4dd3348d5755d374ed3348d4b51d2b51d275ad2f50d5b56d4f4cd3b50,0,0,0,1
427,427,0,9a26f9f6719ce719d2689f2649ba689ca6a9f2689be6d9ba6d9ae789a66b9fe699f66d9fe659b66d,6edb86bda46e1a7685a46e5ba6e5b8691a1699a66b5a6681bb69dbf69dba689a168dba6eda369da5,350,547,1a6,5295d5594f5494b559545755052d4852d56549495255455d4b55157549545594854d4955d5555151,66d,d3356d6b54d3753d4b56d5b4dd3348d5755d374ed3348d4b51d2b51d275ad2f50d5b56d4f4cd3b50,0,0,0,1
428,428,0,9a26f9f6719ce719d2689f2649ba689ca6a9f2689be6d9ba6d9ae789a66b9fe699f66d9fe659b66d,6edb86bda46e1a7685a46e5ba6e5b8691a1699a66b5a6681bb69dbf69dba689a168dba6eda369da5,74d,547,1a1,5295d5594f5494b559545755052d4852d56549495255455d4b55157549545594854d4955d5555151,66f,d3356d6b54d3753d4b56d5b4dd3348d5755d374ed3348d4b51d2b51d275ad2f50d5b56d4f4cd3b50,0,0,0,1
429,429,0,9a26f9f6719ce719d2689f2649ba689ca6a9f2689be6d9ba6d9ae789a66b9fe699f66d9fe659b66d,6edb86bda46e1a7685a46e5ba6e5b8691a1699a66b5a6681bb69dbf69dba689a168dba6eda369da5,756,542,1bb,5295d5594f5494b559545755052d4852d56549495255455d4b55157549545594854d4955d5555151,671,d3756d6b54d3753d4b56d5b4cd3748d5755d374fd3349d4b51d2b51d3b5ad2353d5b56d4b4fd3b50,0,0,0,1
430,430,0,9a26f9f6719ce719d2689f2649ba689ca6a9f2689be6d9ba6d9ae789a66b9fe699f66d9fe659b66d,6edb86bda46e1a7685a46e5ba6e5b8691a1699a66b5a6681bb69dbf69dba689a168dba6eda369da5,75b,540,1a7,5295d5594f5494b559545755052d4852d56549495255455d4b55157549545594854d4955d5555151,670,d3756d6b54d3753d4b56d5b4cd3748d5755d374fd3349d4b51d2b51d3b5ad2353d5b56d4b4fd3b50,0,0,0,1
431,431,0,9a26f9f6719ce719d2689f2649ba689ca6a9f2689be6d9ba6d9ae789a66b9fe699f66d9fe659b66d,6edb86bda46e1a7685a46e5ba6e5b8691a1699a66b5a6681bb69dbf69dba689a168dba6eda369da5,754,551,1bf,5295d5594f5494b559545755052d4852d56549495255455d4b55157549545594854d4955d5555151,670,d3756d6b54d3753d4b56d5b4cd3748d5755d374fd3349d4b51d2b51d3b5ad2353d5b56d4b4fd3b50,0,0,0,1
432,432,0,9a26f9f6719ce719d2689f2649ba689ca6a9f2689be6d9ba6d9ae789a66b9fe699f66d9fe659b66d,6edb86bda46e1a7685a46e5ba6e5b8691a1699a66b5a6681bb69dbf69dba689a168dba6eda369da5,752,554,1a7,5295d5594f5494b559545755052d4852d56549495255455d4b55157549545594854d4955d5555151,664,d3756d6b54d3753d4b56d5b4cd3748d5755d374fd3349d4b51d2b51d3b5ad2353d5b56d4b4fd3b50,0,0,0,1
433,433,0,9a26f9f6719ce719d2689f2649ba689ca6a9f2689be6d9ba6d9ae789a66b9fe699f66d9fe659b66d,6edb86bda46e1a7685a46e5ba6e5b8691a1699a66b5a6681bb69dbf69dba689a168dba6eda369da5,753,555,1ba,5295d5594f5494b559545755052d4852d56549495255455d4b55157549545594854d4955d5555151,670,d3756d6b54d3753d4b56d5b4cd3748d5755d374fd3349d4b51d2b51d3b5ad2353d5b56d4b4fd3b50,0,0,0,1
434,434,0,9a26f9f6719ce719d2689f2649ba689ca6a9f2689be6d9ba6d9ae789a66b9fe699f66d9fe659b66d,6edb86bda46e1a7685a46e5ba6e5b8691a1699a66b5a6681bb69dbf69dba689a168dba6eda369da5,752,542,1a3,5295d5594f5494b559545755052d4852d56549495255455d4b55157549545594854d4955d5555151,66c,d3756d6b54d3753d4b56d5b4cd3748d5755d374fd3349d4b51d2b51d3b5ad2353d5b56d4b4fd3b50,0,0,0,1
435,435,0,9a26f9f6719ce719d2689f2649ba689ca6a9f2689be6d9ba6d9ae789a66b9fe699f66d9fe659b66d,6edb86bda46e1a7685a46e5ba6e5b8691a1699a66b5a6681bb69dbf69dba689a168dba6eda369da5,756,54b,1a1,5295d5594f5494b559545755052d4852d56549495255455d4b55157549545594854d4955d5555151,674,d3756d6b54d3753d4b56d5b4cd3748d5755d374fd3349d4b51d2b51d3b5ad2353d5b56d4b4fd3b50,0,0,0,1
436,436,0,9a26f9f6719ce719d2689f2649ba689ca6a9f2689be6d9ba6d9ae789a66b9fe699f66d9fe659b66d,6edb86bda46e1a7685a46e5ba6e5b8691a1699a66b5a6681bb69dbf69dba689a168dba6eda369da5,756,54b,1a3,5295d5594f5494b559545755052d4852d56549495255455d4b55157549545594854d4955d5555151,666,d3756d6b54d3753d4b56d5b4cd3748d5755d374fd3349d4b51d2b51d3b5ad2353d5b56d4b4fd3b50,0,0,0,1
437,437,0,9a26f9f6719ce719d2689f2649ba689ca6a9f2689be6d9ba6d9ae789a66b9fe699f66d9fe659b66d,6edb86bda46e1a7685a46e5ba6e5b8691a1699a66b5a6681bb69dbf69dba689a168dba6eda369da5,74c,543,1a5,5295d5594f5494b559545755052d4852d56549495255455d4b55157549545594854d4955d5555151,66b,d3756d6b54d3753d4b56d5b4cd3748d5755d374fd3349d4b51d2b51d3b5ad2353d5b56d4b4fd3b50,0,0,0,1
438,438,0,9a26f9f6719ce719d2689f2649ba689ca6a9f2689be6d9ba6d9ae789a66b9fe699f66d9fe659b66d,6edb86bda46e1a7685a46e5ba6e5b8691a1699a66b5a6681bb69dbf69dba689a168dba6eda369da5,74c,556,1bb,5295d5594f5494b559545755052d4852d56549495255455d4b55157549545594854d4955d5555151,671,d3756d6b54d3753d4b56d5b4cd3748d5755d374fd3349d4b51d2b51d3b5ad2353d5b56d4b4fd3b50,0,0,0,1
439,439,0,9a26f9f6719ce719d2689f2649ba689ca6a9f2689be6d9ba6d9ae789a66b9fe699f66d9fe659b66d,6edb86bda46e1a7685a46e5ba6e5b8691a1699a66b5a6681bb69dbf69dba689a168dba6eda369da5,748,540,1a3,5295d5594f5494b559545755052d4852d56549495255455d4b55157549545594854d4955d5555151,670,d3756d6b54d3753d4b56d5b4cd3748d5755d374fd3349d4b51d2b51d3b5ad2353d5b56d4b4fd3b50,0,0,0,1
440,440,0,9a26f9f6719ce719d2689f2649ba689ca6a9f2689be6d9ba6d9ae789a66b9fe699f66d9fe659b66d,6edb86bda46e1a7685a46e5ba6e5b8691a1699a66b5a6681bb69dbf69dba689a168dba6eda369da5,756,54a,1a7,5295d5594f5494b559545755052d4852d56549495255455d4b55157549545594854d4955d5555151,66e,d3756d6b54d3753d4b56d5b4cd3748d5755d374fd3349d4b51d2b51d3b5ad2353d5b56d4b4fd3b50,0,0,0,1
441,441,0,9a26f9f6719ce719d2689f2649ba689ca6a9f2689be6d9ba6d9ae789a66b9fe699f66d9fe659b66d,6edb86bda46e1a7685a46e5ba6e5b8691a1699a66b5a6681bb69dbf69dba689a168dba6eda369da5,757,144,1a4,5295d5594f5494b559545755052d4852d56549495255455d4b55157549545594854d4955d5555151,670,d3756d6b54d3753d4b56d5b4cd3748d5755d374fd3349d4b51d2b51d3b5ad2353d5b56d4b4fd3b50,0,0,0,1
442,442,0,9a26f9f6719ce719d2689f2649ba689ca6a9f2689be6d9ba6d9ae789a66b9fe699f66d9fe659b66d,6edb86bda46e1a7685a46e5ba6e5b8691a1699a66b5a6681bb69dbf69dba689a168dba6eda369da5,74d,156,5bb,5295d5594f5494b559545755052d4852d56549495255455d4b55157549545594854d4955d5555151,26d,d3756d6b54d3753d4b56d5b4cd3748d5755d374fd3349d4b51d2b51d3b5ad2353d5b56d4b4fd3b50,0,0,0,1
443,443,0,9a26f9f6719ce719d2689f2649ba689ca6a9f2689be6d9ba6d9ae789a66b9fe699f66d9fe659b66d,6edb86bda46e5a7685a46e5ba6e5b8691a1699a76b5a6685bb69dbf69dba68da168da56eda369da4,74f,147,5b8,5295d5594f5494b559545755052d4852d56549495255455d4b55157549545594854d4955d5555151,26e,d3756d6b54d3753d4b56d5b4cd3748d5755d374fd3349d4b51d2b51d3b5ad2353d5b56d4b4fd3b50,0,0,0,1
444,444,0,9a26f9f6719ce719d2689f2649ba689ca6a9f2689be6d9ba6d9ae789a66b9fe699f66d9fe659b66d,6edb86bda46e5a7685a46e5ba6e5b8691a1699a76b5a6685bb69dbf69dba68da168da56eda369da4,34d,140,5af,5295d5594f5494b559545755052d4852d56549495255455d4b55157549545594854d4955d5555151,26c,d3756d6b54d3753d4b56d5b4cd3748d5755d374fd3349d4b51d2b51d3b5ad2353d5b56d4b4fd3b50,0,0,0,1
445,445,0,9a26f9f6719ce719d2689f2649ba689ca6a9f2689be6d9ba6d9ae789a66b9fe699f66d9fe659b66d,6edb86bda46e5a7685a46e5ba6e5b8691a1699a76b5a6685bb69dbf69dba68da168da56eda369da4,349,156,5a4,5295d5594f5494b559545755052d4852d56549495255455d4b55157549545594854d4955d5555151,271,d3756d6b54d3753d4b56d5b4cd3748d5755d374fd3349d4b51d2b51d3b5ad2353d5b56d4b4fd3b50,0,0,0,1
446,446,0,9a26f9f6719ce719d2689f2649ba689ca6a9f2689be6d9ba6d9ae789a66b9fe699f66d9fe659b66d,6edb86bda46e5a7685a46e5ba6e5b8691a1699a76b5a6685bb69dbf69dba68da168da56eda369da4,352,157,5b9,5295d5594f5494b559545755052d4852d56549495255455d4b55157549545594854d4955d5555151,271,d3756d6b54d3753d4b56d5b4cd3748d5755d374fd3349d4b51d2b51d3b5ad2353d5b56d4b4fd3b50,0,0,0,1
447,447,0,9a26f9f6719ce719d2689f2649ba689ca6a9f2689be6d9ba6d9ae789a66b9fe699f66d9fe659b66d,6edb86bda46e5a7685a46e5ba6e5b8691a1699a76b5a6685bb69dbf69dba68da168da56eda369da4,351,150,5a7,5295d5594f5494b559545755052d4852d56549495255455d4b55157549545594854d4955d5555151,26a,d3756d6b54d3753d4b56d5b4cd3748d5755d374fd3349d4b51d2b51d3b5ad2353d5b56d4b4fd3b50,0,0,0,1
448,448,0,9a26f9f6719ce719d2689f2649ba689ca6a9f2689be6d9ba6d9ae789a66b9fe699f66d9fe659b66d,6edb86bda46e5a7685a46e5ba6e5b8691a1699a76b5a6685bb69dbf69dba68da168da56eda369da4,34b,156,5a1,5295d5594f5494b559545755052d4852d56549495255455d4b55157549545594854d4955d5555151,270,d3756d6b54d3753d4b56d5b4cd3748d5755d374fd3349d4b51d2b51d3b5ad2353d5b56d4b4fd3b50,0,0,0,1
449,449,0,9a26f9f6719ce719d2689f2649ba689ca6a9f2689be6d9ba6d9ae789a66b9fe699f66d9fe659b66d,6edb86bda46e5a7685a46e5ba6e5b8691a1699a76b5a6685bb69dbf69dba68da168da56eda369da4,351,144,5a4,5295d5594f5494b559545755052d4852d56549495255455d4b55157549545594854d4955d5555151,269,d3756d6b54d3753d4b56d5b4cd3748d5755d374fd3349d4b51d2b51d3b5ad2353d5b56d4b4fd3b50,0,0,0,1
450,450,0,9a26f9f6719ce719d2689f2649ba689ca6a9f2689be6d9ba6d9ae789a66b9fe699f66d9fe659b66d,6edb86bda46e5a7685a46e5ba6e5b8691a1699a76b5a6685bb69dbf69dba68da168da56eda369da4,34e,142,5b9,5295d5594f5494b559545755052d4852d56549495255455d4b55157549545594854d4955d5555151,26f,d3756d6b54d3753d4b56d5b4cd3748d5755d374fd3349d4b51d2b51d3b5ad2353d5b56d4b4fd3b50,0,0,0,1
451,451,0,9a26f9f6719ce719d2689f2649ba689ca6a9f2689be6d9ba6d9ae789a66b9fe699f66d9fe659b66d,6edb86bda46e5a7685a46e5ba6e5b8691a1699a76b5a6685bb69dbf69dba68da168da56eda369da4,35a,141,5ba,5295d5594f5494b559545755052d4852d56549495255455d4b55157549545594854d4955d5555151,270,d3756d6b54d3753d4b56d5b4cd3748d5755d374fd3349d4b51d2b51d3b5ad2353d5b56d4b4fd3b50,0,0,0,1
452,452,0,9a26f9f6719ce719d2689f2649ba689ca6a9f2689be6d9ba6d9ae789a66b9fe699f66d9fe659b66d,6edb86bda46e5a7685a46e5ba6e5b8691a1699a76b5a6685bb69dbf69dba68da168da56eda369da4,34b,142,5b9,5295d5594f5494b559545755052d4852d56549495255455d4b55157549545594854d4955d5555151,26d,d3756d6b54d3753d4b56d5b4cd3748d5755d374fd3349d4b51d2b51d3b5ad2353d5b56d4b4fd3b50,0,0,0,1
453,453,0,9a26f9f6719ce719d2689f2649ba689ca6a9f2689be6d9ba6d9ae789a66b9fe699f66d9fe659b66d,6edb86bda46e5a7685a46e5ba6e5b8691a1699a76b5a6685bb69dbf69dba68da168da56eda369da4,350,154,5b9,5295d5594f5494b559545755052d4852d56549495255455d4b55157549545594854d4955d5555151,274,d3756d6b54d3753d4b56d5b4cd3748d5755d374fd3349d4b51d2b51d3b5ad2353d5b56d4b4fd3b50,0,0,0,1
454,454,0,9a26f9f6719ce719d2689f2649ba689ca6a9f2689be6d9ba6d9ae789a66b9fe699f66d9fe659b66d,6edb86bda46e5a7685a46e5ba6e5b8691a1699a76b5a6685bb69dbf69dba68da168da56eda369da4,356,154,5a4,5295d5594f5494b559545755052d4852d56549495255455d4b55157549545594854d4955d5555151,26c,d3756d6b54d3753d4b56d5b4cd3748d5755d374fd3349d4b51d2b51d3b5ad2353d5b56d4b4fd3b50,0,0,0,1
455,455,0,9a26f9f6719ce719d2689f2649ba689ca6a9f2689be6d9ba6d9ae789a66b9fe699f66d9fe659b66d,6edb86bda46e5a7685a46e5ba6e5b8691a1699a76b5a6685bb69dbf69dba68da168da56eda369da4,356,156,5a1,5295d5594f5494b559545755052d4852d56549495255455d4b55157549545594854d4955d5555151,277,d3756d6b54d3753d4b56d5b4cd3748d5755d374fd3349d4b51d2b51d3b5ad2353d5b56d4b4fd3b50,0,0,0,1
456,456,0,9a26f9f6719ce719d2689f2649ba689ca6a9f2689be6d9ba6d9ae789a66b9fe699f66d9fe659b66d,6edb86bda46e5a7685a46e5ba6e5b8691a1699a76b5a6685bb69dbf69dba68da168da56eda369da4,353,146,5a6,5295d5594f5494b559545755052d4852d56549495255455d4b55157549545594854d4955d5555151,264,d3756d6b54d3753d4b56d5b4cd3748d5755d374fd3349d4b51d2b51d3b5ad2353d5b56d4b4fd3b50,0,0,0,1
457,457,0,9a26f9f6719ce719d2689f2649ba689ca6a9f2689be6d9ba6d9ae789a66b9fe699f66d9fe659b66d,6edb86bda46e5a7685a46e5ba6e5b8691a1699a76b5a6685bb69dbf69dba68da168da56eda369da4,34f,548,5a7,5295d5594f5494b559545755052d4852d56549495255455d4b55157549545594854d4955d5555151,26d,d3756d6b54d3753d4b56d5b4cd3748d5755d374fd3349d4b51d2b51d3b5ad2353d5b56d4b4fd3b50,0,0,0,1
458,458,0,9a26f9f6719ce719d2689f2649ba689ca6a9f2689be6d9ba6d9ae789a66b9fe699f66d9fe659b66d,6edb86bda46e5a7685a46e5ba6e5b8691a1699a76b5a6685bb69dbf69dba68da168da56eda369da4,34e,557,1ad,5295d55d4f5494a545545755052d4b52d56549485395455d4a55157549545594854d485595455156,670,d3756d6b54d3753d4b56d5b4cd3748d5755d374fd3349d4b51d2b51d3b5ad2353d5b56d4b4fd3b50,0,0,0,1
459,459,0,9a66f9f6719c2609d2689f2669ba699c26a9f2689ba6c9f6719aa689a66b9f2699f26c9fe649b67c,6edb86bda46e5a7685a46e5ba6e5b8691a1699a76b5a6685bb69dbf69dba68da168da56eda369da4,350,546,1a6,5295d55d4f5494a545545755052d4b52d56549485395455d4a55157549545594854d485595455156,66d,d3756d6b54d3753d4b56d5b4cd3748d5755d374fd3349d4b51d2b51d3b5ad2353d5b56d4b4fd3b50,0,0,0,1
460,460,0,9a66f9f6719c2609d2689f2669ba699c26a9f2689ba6c9f6719aa689a66b9f2699f26c9fe649b67c,6edb86bda46e5a7685a46e5ba6e5b8691a1699a76b5a6685bb69dbf69dba68da168da56eda369da4,74c,54d,1a6,5295d55d4f5494a545545755052d4b52d56549485395455d4a55157549545594854d485595455156,66f,d3756d6b54d3753d4b56d5b4cd3748d5755d374fd3349d4b51d2b51d3b5ad2353d5b56d4b4fd3b50,0,0,0,1
461,461,0,9a66f9f6719c2609d2689f2669ba699c26a9f2689ba6c9f6719aa689a66b9f2699f26c9fe649b67c,6edb86bda46e5a7685a46e5ba6e5b8691a1699a76b5a6685bb69dbf69dba68da168da56eda369da4,756,54f,1bb,5295d55d4f5494a545545755052d4b52d56549485395455d4a55157549545594854d485595455156,671,d3756d6f54d4b53d4b56d5b4cd3348d5355d374fd3749d4b51d2f51d3b5ad2f50d5b56d4f4fd3b50,0,0,0,1
462,462,0,9a66f9f6719c2609d2689f2669ba699c26a9f2689ba6c9f6719aa689a66b9f2699f26c9fe649b67c,6edb86bda46e5a7685a46e5ba6e5b8691a1699a76b5a6685bb69dbf69dba68da168da56eda369da4,75a,540,1a4,5295d55d4f5494a545545755052d4b52d56549485395455d4a55157549545594854d485595455156,670,d3756d6f54d4b53d4b56d5b4cd3348d5355d374fd3749d4b51d2f51d3b5ad2f50d5b56d4f4fd3b50,0,0,0,1
463,463,0,9a66f9f6719c2609d2689f2669ba699c26a9f2689ba6c9f6719aa689a66b9f2699f26c9fe649b67c,6edb86bda46e5a7685a46e5ba6e5b8691a1699a76b5a6685bb69dbf69dba68da168da56eda369da4,754,551,1bf,5295d55d4f5494a545545755052d4b52d56549485395455d4a55157549545594854d485595455156,671,d3756d6f54d4b53d4b56d5b4cd3348d5355d374fd3749d4b51d2f51d3b5ad2f50d5b56d4f4fd3b50,0,0,0,1
464,464,0,9a66f9f6719c2609d2689f2669ba699c26a9f2689ba6c9f6719aa689a66b9f2699f26c9fe649b67c,6edb86bda46e5a7685a46e5ba6e5b8691a1699a76b5a6685bb69dbf69dba68da168da56eda369da4,74d,555,1a7,5295d55d4f5494a545545755052d4b52d56549485395455d4a55157549545594854d485595455156,667,d3756d6f54d4b53d4b56d5b4cd3348d5355d374fd3749d4b51d2f51d3b5ad2f50d5b56d4f4fd3b50,0,0,0,1
465,465,0,9a66f9f6719c2609d2689f2669ba699c26a9f2689ba6c9f6719aa689a66b9f2699f26c9fe649b67c,6edb86bda46e5a7685a46e5ba6e5b8691a1699a76b5a6685bb69dbf69dba68da168da56eda369da4,750,557,1bb,5295d55d4f5494a545545755052d4b52d56549485395455d4a55157549545594854d485595455156,673,d3756d6f54d4b53d4b56d5b4cd3348d5355d374fd3749d4b51d2f51d3b5ad2f50d5b56d4f4fd3b50,0,0,0,1
466,466,0,9a66f9f6719c2609d2689f2669ba699c26a9f2689ba6c9f6719aa689a66b9f2699f26c9fe649b67c,6edb86bda46e5a7685a46e5ba6e5b8691a1699a76b5a6685bb69dbf69dba68da168da56eda369da4,752,543,1a3,5295d55d4f5494a545545755052d4b52d56549485395455d4a55157549545594854d485595455156,66d,d3756d6f54d4b53d4b56d5b4cd3348d5355d374fd3749d4b51d2f51d3b5ad2f50d5b56d4f4fd3b50,0,0,0,1
467,467,0,9a66f9f6719c2609d2689f2669ba699c26a9f2689ba6c9f6719aa689a66b9f2699f26c9fe649b67c,6edb86bda46e5a7685a46e5ba6e5b8691a1699a76b5a6685bb69dbf69dba68da168da56eda369da4,756,54b,1a1,5295d55d4f5494a545545755052d4b52d56549485395455d4a55157549545594854d485595455156,677,d3756d6f54d4b53d4b56d5b4cd3348d5355d374fd3749d4b51d2f51d3b5ad2f50d5b56d4f4fd3b50,0,0,0,1
468,468,0,9a66f9f6719c2609d2689f2669ba699c26a9f2689ba6c9f6719aa689a66b9f2699f26c9fe649b67c,6edb86bda46e5a7685a46e5ba6e5b8691a1699a76b5a6685bb69dbf69dba68da168da56eda369da4,756,54b,1a3,5295d55d4f5494a545545755052d4b52d56549485395455d4a55157549545594854d485595455156,667,d3756d6f54d4b53d4b56d5b4cd3348d5355d374fd3749d4b51d2f51d3b5ad2f50d5b56d4f4fd3b50,0,0,0,1
469,469,0,9a66f9f6719c2609d2689f2669ba699c26a9f2689ba6c9f6719aa689a66b9f2699f26c9fe649b67c,6edb86bda46e5a7685a46e5ba6e5b8691a1699a76b5a6685bb69dbf69dba68da168da56eda369da4,74d,543,1a5,5295d55d4f5494a545545755052d4b52d56549485395455d4a55157549545594854d485595455156,66b,d3756d6f54d4b53d4b56d5b4cd3348d5355d374fd3749d4b51d2f51d3b5ad2f50d5b56d4f4fd3b50,0,0,0,1
470,470,0,9a66f9f6719c2609d2689f2669ba699c26a9f2689ba6c9f6719aa689a66b9f2699f26c9fe649b67c,6edb86bda46e5a7685a46e5ba6e5b8691a1699a76b5a6685bb69dbf69dba68da168da56eda369da4,74c,557,1ba,5295d55d4f5494a545545755052d4b52d56549485395455d4a55157549545594854d485595455156,671,d3756d6f54d4b53d4b56d5b4cd3348d5355d374fd3749d4b51d2f51d3b5ad2f50d5b56d4f4fd3b50,0,0,0,1
471,471,0,9a66f9f6719c2609d2689f2669ba699c26a9f2689ba6c9f6719aa689a66b9f2699f26c9fe649b67c,6edb86bda46e5a7685a46e5ba6e5b8691a1699a76b5a6685bb69dbf69dba68da168da56eda369da4,749,540,1a3,5295d55d4f5494a545545755052d4b52d56549485395455d4a55157549545594854d485595455156,673,d3756d6f54d4b53d4b56d5b4cd3348d5355d374fd3749d4b51d2f51d3b5ad2f50d5b56d4f4fd3b50,0,0,0,1
472,472,0,9a66f9f6719c2609d2689f2669ba699c26a9f2689ba6c9f6719aa689a66b9f2699f26c9fe649b67c,6edb86bda46e5a7685a46e5ba6e5b8691a1699a76b5a6685bb69dbf69dba68da168da56eda369da4,757,54b,1a7,5295d55d4f5494a545545755052d4b52d56549485395455d4a55157549545594854d485595455156,671,d3756d6f54d4b53d4b56d5b4cd3348d5355d374fd3749d4b51d2f51d3b5ad2f50d5b56d4f4fd3b50,0,0,0,1
473,473,0,9a66f9f6719c2609d2689f2669ba699c26a9f2689ba6c9f6719aa689a66b9f2699f26c9fe649b67c,6edb86bda46e5a7685a46e5ba6e5b8691a1699a76b5a6685bb69dbf69dba68da168da56eda369da4,754,144,1a4,5295d55d4f5494a545545755052d4b52d56549485395455d4a55157549545594854d485595455156,670,d3756d6f54d4b53d4b56d5b4cd3348d5355d374fd3749d4b51d2f51d3b5ad2f50d5b56d4f4fd3b50,0,0,0,1
474,474,0,9a66f9f6719c2609d2689f2669ba699c26a9f2689ba6c9f6719aa689a66b9f2699f26c9fe649b67c,6edb86bda46e5a7685a46e5ba6e5b8691a1699a76b5a6685bb69dbf69dba68da168da56eda369da4,74d,156,5bb,5295d55d4f5494a545545755052d4b52d56549485395455d4a55157549545594854d485595455156,26d,d3756d6f54d4b53d4b56d5b4cd3348d5355d374fd3749d4b51d2f51d3b5ad2f50d5b56d4f4fd3b50,0,0,0,1
475,475,0,9a66f9f6719c2609d2689f2669ba699c26a9f2689ba6c9f6719aa689a66b9f2699f26c9fe649b67c,6edb86bda46e5a7685a46e5ba6e5b9691a1699a76b5a6699bb691bf69dbb68da168da56e9a369da4,74f,146,5b8,5295d55d4f5494a545545755052d4b52d56549485395455d4a55157549545594854d485595455156,26f,d3756d6f54d4b53d4b56d5b4cd3348d5355d374fd3749d4b51d2f51d3b5ad2f50d5b56d4f4fd3b50,0,0,0,1
476,476,0,9a66f9f6719c2609d2689f2669ba699c26a9f2689ba6c9f6719aa689a66b9f2699f26c9fe649b67c,6edb86bda46e5a7685a46e5ba6e5b9691a1699a76b5a6699bb691bf69dbb68da168da56e9a369da4,34c,141,5af,5295d55d4f5494a545545755052d4b52d56549485395455d4a55157549545594854d485595455156,26d,d3756d6f54d4b53d4b56d5b4cd3348d5355d374fd3749d4b51d2f51d3b5ad2f50d5b56d4f4fd3b50,0,0,0,1
477,477,0,9a66f9f6719c2609d2689f2669ba699c26a9f2689ba6c9f6719aa689a66b9f2699f26c9fe649b67c,6edb86bda46e5a7685a46e5ba6e5b9691a1699a76b5a6699bb691bf69dbb68da168da56e9a369da4,349,157,5a4,5295d55d4f5494a545545755052d4b52d56549485395455d4a55157549545594854d485595455156,26e,d3756d6f54d4b53d4b56d5b4cd3348d5355d374fd3749d4b51d2f51d3b5ad2f50d5b56d4f4fd3b50,0,0,0,1
478,478,0,9a66f9f6719c2609d2689f2669ba699c26a9f2689ba6c9f6719aa689a66b9f2699f26c9fe649b67c,6edb86bda46e5a7685a46e5ba6e5b9691a1699a76b5a6699bb691bf69dbb68da168da56e9a369da4,353,156,5b9,5295d55d4f5494a545545755052d4b52d56549485395455d4a55157549545594854d485595455156,26e,d3756d6f54d4b53d4b56d5b4cd3348d5355d374fd3749d4b51d2f51d3b5ad2f50d5b56d4f4fd3b50,0,0,0,1
479,479,0,9a66f9f6719c2609d2689f2669ba699c26a9f2689ba6c9f6719aa689a66b9f2699f26c9fe649b67c,6edb86bda46e5a7685a46e5ba6e5b9691a1699a76b5a6699bb691bf69dbb68da168da56e9a369da4,351,150,5a4,5295d55d4f5494a545545755052d4b52d56549485395455d4a55157549545594854d485595455156,26a,d3756d6f54d4b53d4b56d5b4cd3348d5355d374fd3749d4b51d2f51d3b5ad2f50d5b56d4f4fd3b50,0,0,0,1
480,480,0,9a66f9f6719c2609d2689f2669ba699c26a9f2689ba6c9f6719aa689a66b9f2699f26c9fe649b67c,6edb86bda46e5a7685a46e5ba6e5b9691a1699a76b5a6699bb691bf69dbb68da168da56e9a369da4,34b,156,5a1,5295d55d4f5494a545545755052d4b52d56549485395455d4a55157549545594854d485595455156,270,d3756d6f54d4b53d4b56d5b4cd3348d5355d374fd3749d4b51d2f51d3b5ad2f50d5b56d4f4fd3b50,0,0,0,1
481,481,0,9a66f9f6719c2609d2689f2669ba699c26a9f2689ba6c9f6719aa689a66b9f2699f26c9fe649b67c,6edb86bda46e5a7685a46e5ba6e5b9691a1699a76b5a6699bb691bf69dbb68da168da56e9a369da4,351,144,5a4,5295d55d4f5494a545545755052d4b52d56549485395455d4a55157549545594854d485595455156,268,d3756d6f54d4b53d4b56d5b4cd3348d5355d374fd3749d4b51d2f51d3b5ad2f50d5b56d4f4fd3b50,0,0,0,1
482,482,0,9a66f9f6719c2609d2689f2669ba699c26a9f2689ba6c9f6719aa689a66b9f2699f26c9fe649b67c,6edb86bda46e5a7685a46e5ba6e5b9691a1699a76b5a6699bb691bf69dbb68da168da56e9a369da4,34e,140,5b9,5295d55d4f5494a545545755052d4b52d56549485395455d4a55157549545594854d485595455156,26c,d3756d6f54d4b53d4b56d5b4cd3348d5355d374fd3749d4b51d2f51d3b5ad2f50d5b56d4f4fd3b50,0,0,0,1
483,483,0,9a66f9f6719c2609d2689f2669ba699c26a9f2689ba6c9f6719aa689a66b9f2699f26c9fe649b67c,6edb86bda46e5a7685a46e5ba6e5b9691a1699a76b5a6699bb691bf69dbb68da168da56e9a369da4,35a,141,5ba,5295d55d4f5494a545545755052d4b52d56549485395455d4a55157549545594854d485595455156,273,d3756d6f54d4b53d4b56d5b4cd3348d5355d374fd3749d4b51d2f51d3b5ad2f50d5b56d4f4fd3b50,0,0,0,1
484,484,0,9a66f9f6719c2609d2689f2669ba699c26a9f2689ba6c9f6719aa689a66b9f2699f26c9fe649b67c,6edb86bda46e5a7685a46e5ba6e5b9691a1699a76b5a6699bb691bf69dbb68da168da56e9a369da4,348,142,5b9,5295d55d4f5494a545545755052d4b52d56549485395455d4a55157549545594854d485595455156,26d,d3756d6f54d4b53d4b56d5b4cd3348d5355d374fd3749d4b51d2f51d3b5ad2f50d5b56d4f4fd3b50,0,0,0,1
485,485,0,9a66f9f6719c2609d2689f2669ba699c26a9f2689ba6c9f6719aa689a66b9f2699f26c9fe649b67c,6edb86bda46e5a7685a46e5ba6e5b9691a1699a76b5a6699bb691bf69dbb68da168da56e9a369da4,351,154,5b9,5295d55d4f5494a545545755052d4b52d56549485395455d4a55157549545594854d485595455156,277,d3756d6f54d4b53d4b56d5b4cd3348d5355d374fd3749d4b51d2f51d3b5ad2f50d5b56d4f4fd3b50,0,0,0,1
486,486,0,9a66f9f6719c2609d2689f2669ba699c26a9f2689ba6c9f6719aa689a66b9f2699f26c9fe649b67c,6edb86bda46e5a7685a46e5ba6e5b9691a1699a76b5a6699bb691bf69dbb68da168da56e9a369da4,357,155,5a4,5295d55d4f5494a545545755052d4b52d56549485395455d4a55157549545594854d485595455156,26d,d3756d6f54d4b53d4b56d5b4cd3348d5355d374fd3749d4b51d2f51d3b5ad2f50d5b56d4f4fd3b50,0,0,0,1
487,487,0,9a66f9f6719c2609d2689f2669ba699c26a9f2689ba6c9f6719aa689a66b9f2699f26c9fe649b67c,6edb86bda46e5a7685a46e5ba6e5b9691a1699a76b5a6699bb691bf69dbb68da168da56e9a369da4,356,154,5a1,5295d55d4f5494a545545755052d4b52d56549485395455d4a55157549545594854d485595455156,274,d3756d6f54d4b53d4b56d5b4cd3348d5355d374fd3749d4b51d2f51d3b5ad2f50d5b56d4f4fd3b50,0,0,0,1
488,488,0,9a66f9f6719c2609d2689f2669ba699c26a9f2689ba6c9f6719aa689a66b9f2699f26c9fe649b67c,6edb86bda46e5a7685a46e5ba6e5b9691a1699a76b5a6699bb691bf69dbb68da168da56e9a369da4,353,143,5a1,5295d55d4f5494a545545755052d4b52d56549485395455d4a55157549545594854d485595455156,267,d3756d6f54d4b53d4b56d5b4cd3348d5355d374fd3749d4b51d2f51d3b5ad2f50d5b56d4f4fd3b50,0,0,0,1
489,489,0,9a66f9f6719c2609d2689f2669ba699c26a9f2689ba6c9f6719aa689a66b9f2699f26c9fe649b67c,6edb86bda46e5a7685a46e5ba6e5b9691a1699a76b5a6699bb691bf69dbb68da168da56e9a369da4,34f,548,5a4,5295d55d4f5494a545545755052d4b52d56549485395455d4a55157549545594854d485595455156,26d,d3756d6f54d4b53d4b56d5b4cd3348d5355d374fd3749d4b51d2f51d3b5ad2f50d5b56d4f4fd3b50,0,0,0,1
490,490,0,9a66f9f6719c2609d2689f2669ba699c26a9f2689ba6c9f6719aa689a66b9f2699f26c9fe649b67c,6edb86bda46e5a7685a46e5ba6e5b9691a1699a76b5a6699bb691bf69dbb68da168da56e9a369da4,34f,557,1ad,5295d5594f5754a545555755352d4b52d5754949539545594b555565495455948545485595555151,670,d3756d6f54d4b53d4b56d5b4cd3348d5355d374fd3749d4b51d2f51d3b5ad2f50d5b56d4f4fd3b50,0,0,0,1
491,491,0,9a66f9f6709c6639de699fe679be699ce719c6789be6d9ba6e9ba689a2689fa699fe6d9f2679b66c,6edb86bda46e5a7685a46e5ba6e5b9691a1699a76b5a6699bb691bf69dbb68da168da56e9a369da4,350,546,1a6,5295d5594f5754a545555755352d4b52d5754949539545594b555565495455948545485595555151,66d,d3756d6f54d4b53d4b56d5b4cd3348d5355d374fd3749d4b51d2f51d3b5ad2f50d5b56d4f4fd3b50,0,0,0,1
492,492,0,9a66f9f6709c6639de699fe679be699ce719c6789be6d9ba6e9ba689a2689fa699fe6d9f2679b66c,6edb86bda46e5a7685a46e5ba6e5b9691a1699a76b5a6699bb691bf69dbb68da168da56e9a369da4,74c,54d,1a6,5295d5594f5754a545555755352d4b52d5754949539545594b555565495455948545485595555151,66f,d3756d6f54d4b53d4b56d5b4cd3348d5355d374fd3749d4b51d2f51d3b5ad2f50d5b56d4f4fd3b50,0,0,0,1
493,493,0,9a66f9f6709c6639de699fe679be699ce719c6789be6d9ba6e9ba689a2689fa699fe6d9f2679b66c,6edb86bda46e5a7685a46e5ba6e5b9691a1699a76b5a6699bb691bf69dbb68da168da56e9a369da4,756,54f,1ba,5295d5594f5754a545555755352d4b52d5754949539545594b555565495455948545485595555151,671,d3356d6b54d3750d4b56d5b4dd3349d5754d374fd3349d4f51d2f51d3b5ad2351d5f56d4f4fd3f50,0,0,0,1
494,494,0,9a66f9f6709c6639de699fe679be699ce719c6789be6d9ba6e9ba689a2689fa699fe6d9f2679b66c,6edb86bda46e5a7685a46e5ba6e5b9691a1699a76b5a6699bb691bf69dbb68da168da56e9a369da4,75a,542,1a7,5295d5594f5754a545555755352d4b52d5754949539545594b555565495455948545485595555151,671,d3356d6b54d3750d4b56d5b4dd3349d5754d374fd3349d4f51d2f51d3b5ad2351d5f56d4f4fd3f50,0,0,0,1
495,495,0,9a66f9f6709c6639de699fe679be699ce719c6789be6d9ba6e9ba689a2689fa699fe6d9f2679b66c,6edb86bda46e5a7685a46e5ba6e5b9691a1699a76b5a6699bb691bf69dbb68da168da56e9a369da4,754,554,1be,5295d5594f5754a545555755352d4b52d5754949539545594b555565495455948545485595555151,670,d3356d6b54d3750d4b56d5b4dd3349d5754d374fd3349d4f51d2f51d3b5ad2351d5f56d4f4fd3f50,0,0,0,1
496,496,0,9a66f9f6709c6639de699fe679be699ce719c6789be6d9ba6e9ba689a2689fa699fe6d9f2679b66c,6edb86bda46e5a7685a46e5ba6e5b9691a1699a76b5a6699bb691bf69dbb68da168da56e9a369da4,74c,556,1a7,5295d5594f5754a545555755352d4b52d5754949539545594b555565495455948545485595555151,664,d3356d6b54d3750d4b56d5b4dd3349d5754d374fd3349d4f51d2f51d3b5ad2351d5f56d4f4fd3f50,0,0,0,1
497,497,0,9a66f9f6709c6639de699fe679be699ce719c6789be6d9ba6e9ba689a2689fa699fe6d9f2679b66c,6edb86bda46e5a7685a46e5ba6e5b9691a1699a76b5a6699bb691bf69dbb68da168da56e9a369da4,753,550,1bb,5295d5594f5754a545555755352d4b52d5754949539545594b555565495455948545485595555151,670,d3356d6b54d3750d4b56d5b4dd3349d5754d374fd3349d4f51d2f51d3b5ad2351d5f56d4f4fd3f50,0,0,0,1
498,498,0,9a66f9f6709c6639de699fe679be699ce719c6789be6d9ba6e9ba689a2689fa699fe6d9f2679b66c,6edb86bda46e5a7685a46e5ba6e5b9691a1699a76b5a6699bb691bf69dbb68da168da56e9a369da4,752,542,1a2,5295d5594f5754a545555755352d4b52d5754949539545594b555565495455948545485595555151,66c,d3356d6b54d3750d4b56d5b4dd3349d5754d374fd3349d4f51d2f51d3b5ad2351d5f56d4f4fd3f50,0,0,0,1
499,499,0,9a66f9f6709c6639de699fe679be699ce719c6789be6d9ba6e9ba689a2689fa699fe6d9f2679b66c,6edb86bda46e5a7685a46e5ba6e5b9691a1699a76b5a6699bb691bf69dbb68da168da56e9a369da4,756,54b,1a1,5295d5594f5754a545555755352d4b52d5754949539545594b555565495455948545485595555151,677,d3356d6b54d3750d4b56d5b4dd3349d5754d374fd3349d4f51d2f51d3b5ad2351d5f56d4f4fd3f50,0,0,0,1
500,500,0,9a66f9f6709c6639de699fe679be699ce719c6789be6d9ba6e9ba689a2689fa699fe6d9f2679b66c,6edb86bda46e5a7685a46e5ba6e5b9691a1699a76b5a6699bb691bf69dbb68da168da56e9a369da4,756,549,1a3,5295d5594f5754a545555755352d4b52d5754949539545594b555565495455948545485595555151,664,d3356d6b54d3750d4b56d5b4dd3349d5754d374fd3349d4f51d2f51d3b5ad2351d5f56d4f4fd3f50,0,0,0,1
501,501,0,9a66f9f6709c6639de699fe679be699ce719c6789be6d9ba6e9ba689a2689fa699fe6d9f2679b66c,6edb86bda46e5a7685a46e5ba6e5b9691a1699a76b5a6699bb691bf69dbb68da168da56e9a369da4,74c,542,1ba,5295d5594f5754a545555755352d4b52d5754949539545594b555565495455948545485595555151,66a,d3356d6b54d3750d4b56d5b4dd3349d5754d374fd3349d4f51d2f51d3b5ad2351d5f56d4f4fd3f50,0,0,0,1
502,502,0,9a66f9f6709c6639de699fe679be699ce719c6789be6d9ba6e9ba689a2689fa699fe6d9f2679b66c,6edb86bda46e5a7685a46e5ba6e5b9691a1699a76b5a6699bb691bf69dbb68da168da56e9a369da4,74c,557,1ba,5295d5594f5754a545555755352d4b52d5754949539545594b555565495455948545485595555151,670,d3356d6b54d3750d4b56d5b4dd3349d5754d374fd3349d4f51d2f51d3b5ad2351d5f56d4f4fd3f50,0,0,0,1
503,503,0,9a66f9f6709c6639de699fe679be699ce719c6789be6d9ba6e9ba689a2689fa699fe6d9f2679b66c,6edb86bda46e5a7685a46e5ba6e5b9691a1699a76b5a6699bb691bf69dbb68da168da56e9a369da4,749,540,1a0,5295d5594f5754a545555755352d4b52d5754949539545594b555565495455948545485595555151,672,d3356d6b54d3750d4b56d5b4dd3349d5754d374fd3349d4f51d2f51d3b5ad2351d5f56d4f4fd3f50,0,0,0,1
504,504,0,9a66f9f6709c6639de699fe679be699ce719c6789be6d9ba6e9ba689a2689fa699fe6d9f2679b66c,6edb86bda46e5a7685a46e5ba6e5b9691a1699a76b5a6699bb691bf69dbb68da168da56e9a369da4,757,54a,1a7,5295d5594f5754a545555755352d4b52d5754949539545594b555565495455948545485595555151,671,d3356d6b54d3750d4b56d5b4dd3349d5754d374fd3349d4f51d2f51d3b5ad2351d5f56d4f4fd3f50,0,0,0,1
505,505,0,9a66f9f6709c6639de699fe679be699ce719c6789be6d9ba6e9ba689a2689fa699fe6d9f2679b66c,6edb86bda46e5a7685a46e5ba6e5b9691a1699a76b5a6699bb691bf69dbb68da168da56e9a369da4,757,146,1a4,5295d5594f5754a545555755352d4b52d5754949539545594b555565495455948545485595555151,670,d3356d6b54d3750d4b56d5b4dd3349d5754d374fd3349d4f51d2f51d3b5ad2351d5f56d4f4fd3f50,0,0,0,1
506,506,0,9a66f9f6709c6639de699fe679be699ce719c6789be6d9ba6e9ba689a2689fa699fe6d9f2679b66c,6edb86bda46e5a7685a46e5ba6e5b9691a1699a76b5a6699bb691bf69dbb68da168da56e9a369da4,74d,157,5bb,5295d5594f5754a545555755352d4b52d5754949539545594b555565495455948545485595555151,26d,d3356d6b54d3750d4b56d5b4dd3349d5754d374fd3349d4f51d2f51d3b5ad2351d5f56d4f4fd3f50,0,0,0,1
507,507,0,9a66f9f6709c6639de699fe679be699ce719c6789be6d9ba6e9ba689a2689fa699fe6d9f2679b66c,6edb86bda46e5a4685a46e5ba6e5b9691a1685a46b5a6699ba69dbe69dbb689a168dba6e9a069da4,74c,147,5b8,5295d5594f5754a545555755352d4b52d5754949539545594b555565495455948545485595555151,26f,d3356d6b54d3750d4b56d5b4dd3349d5754d374fd3349d4f51d2f51d3b5ad2351d5f56d4f4fd3f50,0,0,0,1
508,508,0,9a66f9f6709c6639de699fe679be699ce719c6789be6d9ba6e9ba689a2689fa699fe6d9f2679b66c,6edb86bda46e5a4685a46e5ba6e5b9691a1685a46b5a6699ba69dbe69dbb689a168dba6e9a069da4,34d,141,5ac,5295d5594f5754a545555755352d4b52d5754949539545594b555565495455948545485595555151,26d,d3356d6b54d3750d4b56d5b4dd3349d5754d374fd3349d4f51d2f51d3b5ad2351d5f56d4f4fd3f50,0,0,0,1
509,509,0,9a66f9f6709c6639de699fe679be699ce719c6789be6d9ba6e9ba689a2689fa699fe6d9f2679b66c,6edb86bda46e5a4685a46e5ba6e5b9691a1685a46b5a6699ba69dbe69dbb689a168dba6e9a069da4,349,157,5a4,5295d5594f5754a545555755352d4b52d5754949539545594b555565495455948545485595555151,26e,d3356d6b54d3750d4b56d5b4dd3349d5754d374fd3349d4f51d2f51d3b5ad2351d5f56d4f4fd3f50,0,0,0,1
510,510,0,9a66f9f6709c6639de699fe679be699ce719c6789be6d9ba6e9ba689a2689fa699fe6d9f2679b66c,6edb86bda46e5a4685a46e5ba6e5b9691a1685a46b5a6699ba69dbe69dbb689a168dba6e9a069da4,353,157,5b9,5295d5594f5754a545555755352d4b52d5754949539545594b555565495455948545485595555151,271,d3356d6b54d3750d4b56d5b4dd3349d5754d374fd3349d4f51d2f51d3b5ad2351d5f56d4f4fd3f50,0,0,0,1
511,511,0,9a66f9f6709c6639de699fe679be699ce719c6789be6d9ba6e9ba689a2689fa699fe6d9f2679b66c,6edb86bda46e5a4685a46e5ba6e5b9691a1685a46b5a6699ba69dbe69dbb689a168dba6e9a069da4,351,150,5a7,5295d5594f5754a545555755352d4b52d5754949539545594b555565495455948545485595555151,26a,d3356d6b54d3750d4b56d5b4dd3349d5754d374fd3349d4f51d2f51d3b5ad2351d5f56d4f4fd3f50,0,0,0,1
512,512,1,9a66f9f6709c6639de699fe679be699ce719c6789be6d9ba6e9ba689a2689fa699fe6d9f2679b66c,6edb86bda46e5a4685a46e5ba6e5b9691a1685a46b5a6699ba69dbe69dbb689a168dba6e9a069da4,34b,156,5a1,5295d5594f5754a545555755352d4b52d5754949539545594b555565495455948545485595555151,270,d3356d6b54d3750d4b56d5b4dd3349d5754d374fd3349d4f51d2f51d3b5ad2351d5f56d4f4fd3f50,0,0,0,1
513,513,0,9a66f9f6709c6639de699fe679be699ce719c6789be6d9ba6e9ba689a2689fa699fe6d9f2679b66c,6edb86bda46e5a4685a46e5ba6e5b9691a1685a46b5a6699ba69dbe69dbb689a168dba6e9a069da4,351,146,5a4,5295d5594f5754a545555755352d4b52d5754949539545594b555565495455948545485595555151,269,d3356d6b54d3750d4b56d5b4dd3349d5754d374fd3349d4f51d2f51d3b5ad2351d5f56d4f4fd3f50,0,0,0,1
514,514,0,9a66f9f6709c6639de699fe679be699ce719c6789be6d9ba6e9ba689a2689fa699fe6d9f2679b66c,6edb86bda46e5a4685a46e5ba6e5b9691a1685a46b5a6699ba69dbe69dbb689a168dba6e9a069da4,349,141,5b9,5295d5594f5754a545555755352d4b52d5754949539545594b555565495455948545485595555151,26c,d3356d6b54d3750d4b56d5b4dd3349d5754d374fd3349d4f51d2f51d3b5ad2351d5f56d4f4fd3f50,0,0,0,1
515,515,0,9a66f9f6709c6639de699fe679be699ce719c6789be6d9ba6e9ba689a2689fa699fe6d9f2679b66c,6edb86bda46e5a4685a46e5ba6e5b9691a1685a46b5a6699ba69dbe69dbb689a168dba6e9a069da4,35a,140,5ba,5295d5594f5754a545555755352d4b52d5754949539545594b555565495455948545485595555151,273,d3356d6b54d3750d4b56d5b4dd3349d5754d374fd3349d4f51d2f51d3b5ad2351d5f56d4f4fd3f50,0,0,0,1
516,516,0,9a66f9f6709c6639de699fe679be699ce719c6789be6d9ba6e9ba689a2689fa699fe6d9f2679b66c,6edb86bda46e5a4685a46e5ba6e5b9691a1685a46b5a6699ba69dbe69dbb689a168dba6e9a069da4,34b,143,5b9,5295d5594f5754a545555755352d4b52d5754949539545594b555565495455948545485595555151,26d,d3356d6b54d3750d4b56d5b4dd3349d5754d374fd3349d4f51d2f51d3b5ad2351d5f56d4f4fd3f50,0,0,0,1
517,517,0,9a66f9f6709c6639de699fe679be699ce719c6789be6d9ba6e9ba689a2689fa699fe6d9f2679b66c,6edb86bda46e5a4685a46e5ba6e5b9691a1685a46b5a6699ba69dbe69dbb689a168dba6e9a069da4,353,155,5b8,5295d5594f5754a545555755352d4b52d5754949539545594b555565495455948545485595555151,274,d3356d6b54d3750d4b56d5b4dd3349d5754d374fd3349d4f51d2f51d3b5ad2351d5f56d4f4fd3f50,0,0,0,1
518,518,0,9a66f9f6709c6639de699fe679be699ce719c6789be6d9ba6e9ba689a2689fa699fe6d9f2679b66c,6edb86bda46e5a4685a46e5ba6e5b9691a1685a46b5a6699ba69dbe69dbb689a168dba6e9a069da4,356,157,5a4,5295d5594f5754a545555755352d4b52d5754949539545594b555565495455948545485595555151,26c,d3356d6b54d3750d4b56d5b4dd3349d5754d374fd3349d4f51d2f51d3b5ad2351d5f56d4f4fd3f50,0,0,0,1
519,519,0,9a66f9f6709c6639de699fe679be699ce719c6789be6d9ba6e9ba689a2689fa699fe6d9f2679b66c,6edb86bda46e5a4685a46e5ba6e5b9691a1685a46b5a6699ba69dbe69dbb689a168dba6e9a069da4,356,155,5a1,5295d5594f5754a545555755352d4b52d5754949539545594b555565495455948545485595555151,277,d3356d6b54d3750d4b56d5b4dd3349d5754d374fd3349d4f51d2f51d3b5ad2351d5f56d4f4fd3f50,0,0,0,1
520,520,0,9a66f9f6709c6639de699fe679be699ce719c6789be6d9ba6e9ba689a2689fa699fe6d9f2679b66c,6edb86bda46e5a4685a46e5ba6e5b9691a1685a46b5a6699ba69dbe69dbb689a168dba6e9a069da4,353,143,5a6,5295d5594f5754a545555755352d4b52d5754949539545594b555565495455948545485595555151,267,d3356d6b54d3750d4b56d5b4dd3349d5754d374fd3349d4f51d2f51d3b5ad2351d5f56d4f4fd3f50,0,0,0,1
521,521,0,9a66f9f6709c6639de699fe679be699ce719c6789be6d9ba6e9ba689a2689fa699fe6d9f2679b66c,6edb86bda46e5a4685a46e5ba6e5b9691a1685a46b5a6699ba69dbe69dbb689a168dba6e9a069da4,34f,542,5a4,5295d5594f5754a545555755352d4b52d5754949539545594b555565495455948545485595555151,26d,d3356d6b54d3750d4b56d5b4dd3349d5754d374fd3349d4f51d2f51d3b5ad2351d5f56d4f4fd3f50,0,0,0,1
522,522,0,9a66f9f6709c6639de699fe679be699ce719c6789be6d9ba6e9ba689a2689fa699fe6d9f2679b66c,6edb86bda46e5a4685a46e5ba6e5b9691a1685a46b5a6699ba69dbe69dbb689a168dba6e9a069da4,34f,552,1ac,5295d5594f5754a559545495052d4b52157549485395755d4b55557549545594b5414955d5555d51,671,d3356d6b54d3750d4b56d5b4dd3349d5754d374fd3349d4f51d2f51d3b5ad2351d5f56d4f4fd3f50,0,0,0,1
523,523,0,9a66f9f6719c2609d2689fe649ba689ca709c2799be6d9ba6d9aa689a6689fe699f26c9fe679b66d,6edb86bda46e5a4685a46e5ba6e5b9691a1685a46b5a6699ba69dbe69dbb689a168dba6e9a069da4,350,546,1a6,5295d5594f5754a559545495052d4b52157549485395755d4b55557549545594b5414955d5555d51,66d,d3356d6b54d3750d4b56d5b4dd3349d5754d374fd3349d4f51d2f51d3b5ad2351d5f56d4f4fd3f50,0,0,0,1
524,524,0,9a66f9f6719c2609d2689fe649ba689ca709c2799be6d9ba6d9aa689a6689fe699f26c9fe679b66d,6edb86bda46e5a4685a46e5ba6e5b9691a1685a46b5a6699ba69dbe69dbb689a168dba6e9a069da4,74d,547,1a6,5295d5594f5754a559545495052d4b52157549485395755d4b55557549545594b5414955d5555d51,66c,d3356d6b54d3750d4b56d5b4dd3349d5754d374fd3349d4f51d2f51d3b5ad2351d5f56d4f4fd3f50,0,0,0,1
525,525,0,9a66f9f6719c2609d2689fe649ba689ca709c2799be6d9ba6d9aa689a6689fe699f26c9fe679b66d,6edb86bda46e5a4685a46e5ba6e5b9691a1685a46b5a6699ba69dbe69dbb689a168dba6e9a069da4,756,542,1ba,5295d5594f5754a559545495052d4b52157549485395755d4b55557549545594b5414955d5555d51,670,d3356d6b54d3353d4b56d5b4cd3349d5755d374cd3749d4f51d2f51d275ad2f53d5b56d4f4fd3f50,0,0,0,1
526,526,0,9a66f9f6719c2609d2689fe649ba689ca709c2799be6d9ba6d9aa689a6689fe699f26c9fe679b66d,6edb86bda46e5a4685a46e5ba6e5b9691a1685a46b5a6699ba69dbe69dbb689a168dba6e9a069da4,75a,540,1a7,5295d5594f5754a559545495052d4b52157549485395755d4b55557549545594b5414955d5555d51,671,d3356d6b54d3353d4b56d5b4cd3349d5755d374cd3749d4f51d2f51d275ad2f53d5b56d4f4fd3f50,0,0,0,1
527,527,0,9a66f9f6719c2609d2689fe649ba689ca709c2799be6d9ba6d9aa689a6689fe699f26c9fe679b66d,6edb86bda46e5a4685a46e5ba6e5b9691a1685a46b5a6699ba69dbe69dbb689a168dba6e9a069da4,754,551,1bf,5295d5594f5754a559545495052d4b52157549485395755d4b55557549545594b5414955d5555d51,670,d3356d6b54d3353d4b56d5b4cd3349d5755d374cd3749d4f51d2f51d275ad2f53d5b56d4f4fd3f50,0,0,0,1
528,528,0,9a66f9f6719c2609d2689fe649ba689ca709c2799be6d9ba6d9aa689a6689fe699f26c9fe679b66d,6edb86bda46e5a4685a46e5ba6e5b9691a1685a46b5a6699ba69dbe69dbb689a168dba6e9a069da4,74c,554,1a7,5295d5594f5754a559545495052d4b52157549485395755d4b55557549545594b5414955d5555d51,667,d3356d6b54d3353d4b56d5b4cd3349d5755d374cd3749d4f51d2f51d275ad2f53d5b56d4f4fd3f50,0,0,0,1
529,529,0,9a66f9f6719c2609d2689fe649ba689ca709c2799be6d9ba6d9aa689a6689fe699f26c9fe679b66d,6edb86bda46e5a4685a46e5ba6e5b9691a1685a46b5a6699ba69dbe69dbb689a168dba6e9a069da4,753,555,1bb,5295d5594f5754a559545495052d4b52157549485395755d4b55557549545594b5414955d5555d51,670,d3356d6b54d3353d4b56d5b4cd3349d5755d374cd3749d4f51d2f51d275ad2f53d5b56d4f4fd3f50,0,0,0,1
530,530,0,9a66f9f6719c2609d2689fe649ba689ca709c2799be6d9ba6d9aa689a6689fe699f26c9fe679b66d,6edb86bda46e5a4685a46e5ba6e5b9691a1685a46b5a6699ba69dbe69dbb689a168dba6e9a069da4,752,542,1a2,5295d5594f5754a559545495052d4b52157549485395755d4b55557549545594b5414955d5555d51,66c,d3356d6b54d3353d4b56d5b4cd3349d5755d374cd3749d4f51d2f51d275ad2f53d5b56d4f4fd3f50,0,0,0,1
531,531,0,9a66f9f6719c2609d2689fe649ba689ca709c2799be6d9ba6d9aa689a6689fe699f26c9fe679b66d,6edb86bda46e5a4685a46e5ba6e5b9691a1685a46b5a6699ba69dbe69dbb689a168dba6e9a069da4,756,54b,1a1,5295d5594f5754a559545495052d4b52157549485395755d4b55557549545594b5414955d5555d51,674,d3356d6b54d3353d4b56d5b4cd3349d5755d374cd3749d4f51d2f51d275ad2f53d5b56d4f4fd3f50,0,0,0,1
532,532,0,9a66f9f6719c2609d2689fe649ba689ca709c2799be6d9ba6d9aa689a6689fe699f26c9fe679b66d,6edb86bda46e5a4685a46e5ba6e5b9691a1685a46b5a6699ba69dbe69dbb689a168dba6e9a069da4,756,54b,1a0,5295d5594f5754a559545495052d4b52157549485395755d4b55557549545594b5414955d5555d51,664,d3356d6b54d3353d4b56d5b4cd3349d5755d374cd3749d4f51d2f51d275ad2f53d5b56d4f4fd3f50,0,0,0,1
533,533,0,9a66f9f6719c2609d2689fe649ba689ca709c2799be6d9ba6d9aa689a6689fe699f26c9fe679b66d,6edb86bda46e5a4685a46e5ba6e5b9691a1685a46b5a6699ba69dbe69dbb689a168dba6e9a069da4,74c,543,1ba,5295d5594f5754a559545495052d4b52157549485395755d4b55557549545594b5414955d5555d51,66b,d3356d6b54d3353d4b56d5b4cd3349d5755d374cd3749d4f51d2f51d275ad2f53d5b56d4f4fd3f50,0,0,0,1
534,534,0,9a66f9f6719c2609d2689fe649ba689ca709c2799be6d9ba6d9aa689a6689fe699f26c9fe679b66d,6edb86bda46e5a4685a46e5ba6e5b9691a1685a46b5a6699ba69dbe69dbb689a168dba6e9a069da4,74c,557,1ba,5295d5594f5754a559545495052d4b52157549485395755d4b55557549545594b5414955d5555d51,670,d3356d6b54d3353d4b56d5b4cd3349d5755d374cd3749d4f51d2f51d275ad2f53d5b56d4f4fd3f50,0,0,0,1
535,535,0,9a66f9f6719c2609d2689fe649ba689ca709c2799be6d9ba6d9aa689a6689fe699f26c9fe679b66d,6edb86bda46e5a4685a46e5ba6e5b9691a1685a46b5a6699ba69dbe69dbb689a168dba6e9a069da4,748,540,1a0,5295d5594f5754a559545495052d4b52157549485395755d4b55557549545594b5414955d5555d51,673,d3356d6b54d3353d4b56d5b4cd3349d5755d374cd3749d4f51d2f51d275ad2f53d5b56d4f4fd3f50,0,0,0,1
536,536,0,9a66f9f6719c2609d2689fe649ba689ca709c2799be6d9ba6d9aa689a6689fe699f26c9fe679b66d,6edb86bda46e5a4685a46e5ba6e5b9691a1685a46b5a6699ba69dbe69dbb689a168dba6e9a069da4,757,54a,1a7,5295d5594f5754a559545495052d4b52157549485395755d4b55557549545594b5414955d5555d51,671,d3356d6b54d3353d4b56d5b4cd3349d5755d374cd3749d4f51d2f51d275ad2f53d5b56d4f4fd3f50,0,0,0,1
537,537,0,9a66f9f6719c2609d2689fe649ba689ca709c2799be6d9ba6d9aa689a6689fe699f26c9fe679b66d,6edb86bda46e5a4685a46e5ba6e5b9691a1685a46b5a6699ba69dbe69dbb689a168dba6e9a069da4,757,146,1a4,5295d5594f5754a559545495052d4b52157549485395755d4b55557549545594b5414955d5555d51,670,d3356d6b54d3353d4b56d5b4cd3349d5755d374cd3749d4f51d2f51d275ad2f53d5b56d4f4fd3f50,0,0,0,1
538,538,0,9a66f9f6719c2609d2689fe649ba689ca709c2799be6d9ba6d9aa689a6689fe699f26c9fe679b66d,6edb86bda46e5a4685a46e5ba6e5b9691a1685a46b5a6699ba69dbe69dbb689a168dba6e9a069da4,74d,157,5bb,5295d5594f5754a559545495052d4b52157549485395755d4b55557549545594b5414955d5555d51,26d,d3356d6b54d3353d4b56d5b4cd3349d5755d374cd3749d4f51d2f51d275ad2f53d5b56d4f4fd3f50,0,0,0,1
539,539,0,9a66f9f6719c2609d2689fe649ba689ca709c2799be6d9ba6d9aa689a6689fe699f26c9fe679b66d,6edb86b1a46e5a7685a46e5ba6e5b8691a1699a46b1a6699ba69dbf69dbb689a1681ba6e9a069da4,74f,147,5b8,5295d5594f5754a559545495052d4b52157549485395755d4b55557549545594b5414955d5555d51,26f,d3356d6b54d3353d4b56d5b4cd3349d5755d374cd3749d4f51d2f51d275ad2f53d5b56d4f4fd3f50,0,0,0,1
540,540,0,9a66f9f6719c2609d2689fe649ba689ca709c2799be6d9ba6d9aa689a6689fe699f26c9fe679b66d,6edb86b1a46e5a7685a46e5ba6e5b8691a1699a46b1a6699ba69dbf69dbb689a1681ba6e9a069da4,34d,141,5af,5295d5594f5754a559545495052d4b52157549485395755d4b55557549545594b5414955d5555d51,26d,d3356d6b54d3353d4b56d5b4cd3349d5755d374cd3749d4f51d2f51d275ad2f53d5b56d4f4fd3f50,0,0,0,1
541,541,0,9a66f9f6719c2609d2689fe649ba689ca709c2799be6d9ba6d9aa689a6689fe699f26c9fe679b66d,6edb86b1a46e5a7685a46e5ba6e5b8691a1699a46b1a6699ba69dbf69dbb689a1681ba6e9a069da4,349,156,5a4,5295d5594f5754a559545495052d4b52157549485395755d4b55557549545594b5414955d5555d51,271,d3356d6b54d3353d4b56d5b4cd3349d5755d374cd3749d4f51d2f51d275ad2f53d5b56d4f4fd3f50,0,0,0,1
542,542,0,9a66f9f6719c2609d2689fe649ba689ca709c2799be6d9ba6d9aa689a6689fe699f26c9fe679b66d,6edb86b1a46e5a7685a46e5ba6e5b8691a1699a46b1a6699ba69dbf69dbb689a1681ba6e9a069da4,352,157,5b9,5295d5594f5754a559545495052d4b52157549485395755d4b55557549545594b5414955d5555d51,271,d3356d6b54d3353d4b56d5b4cd3349d5755d374cd3749d4f51d2f51d275ad2f53d5b56d4f4fd3f50,0,0,0,1
543,543,0,9a66f9f6719c2609d2689fe649ba689ca709c2799be6d9ba6d9aa689a6689fe699f26c9fe679b66d,6edb86b1a46e5a7685a46e5ba6e5b8691a1699a46b1a6699ba69dbf69dbb689a1681ba6e9a069da4,351,151,5a7,5295d5594f5754a559545495052d4b52157549485395755d4b55557549545594b5414955d5555d51,26a,d3356d6b54d3353d4b56d5b4cd3349d5755d374cd3749d4f51d2f51d275ad2f53d5b56d4f4fd3f50,0,0,0,1
544,544,0,9a66f9f6719c2609d2689fe649ba689ca709c2799be6d9ba6d9aa689a6689fe699f26c9fe679b66d,6edb86b1a46e5a7685a46e5ba6e5b8691a1699a46b1a6699ba69dbf69dbb689a1681ba6e9a069da4,34a,156,5a1,5295d5594f5754a559545495052d4b52157549485395755d4b55557549545594b5414955d5555d51,270,d3356d6b54d3353d4b56d5b4cd3349d5755d374cd3749d4f51d2f51d275ad2f53d5b56d4f4fd3f50,0,0,0,1
545,545,0,9a66f9f6719c2609d2689fe649ba689ca709c2799be6d9ba6d9aa689a6689fe699f26c9fe679b66d,6edb86b1a46e5a7685a46e5ba6e5b8691a1699a46b1a6699ba69dbf69dbb689a1681ba6e9a069da4,351,144,5a4,5295d5594f5754a559545495052d4b52157549485395755d4b55557549545594b5414955d5555d51,269,d3356d6b54d3353d4b56d5b4cd3349d5755d374cd3749d4f51d2f51d275ad2f53d5b56d4f4fd3f50,0,0,0,1
546,546,0,9a66f9f6719c2609d2689fe649ba689ca709c2799be6d9ba6d9aa689a6689fe699f26c9fe679b66d,6edb86b1a46e5a7685a46e5ba6e5b8691a1699a46b1a6699ba69dbf69dbb689a1681ba6e9a069da4,349,140,5b8,5295d5594f5754a559545495052d4b52157549485395755d4b55557549545594b5414955d5555d51,26f,d3356d6b54d3353d4b56d5b4cd3349d5755d374cd3749d4f51d2f51d275ad2f53d5b56d4f4fd3f50,0,0,0,1
547,547,0,9a66f9f6719c2609d2689fe649ba689ca709c2799be6d9ba6d9aa689a6689fe699f26c9fe679b66d,6edb86b1a46e5a7685a46e5ba6e5b8691a1699a46b1a6699ba69dbf69dbb689a1681ba6e9a069da4,355,140,5ba,5295d5594f5754a559545495052d4b52157549485395755d4b55557549545594b5414955d5555d51,270,d3356d6b54d3353d4b56d5b4cd3349d5755d374cd3749d4f51d2f51d275ad2f53d5b56d4f4fd3f50,0,0,0,1
548,548,0,9a66f9f6719c2609d2689fe649ba689ca709c2799be6d9ba6d9aa689a6689fe699f26c9fe679b66d,6edb86b1a46e5a7685a46e5ba6e5b8691a1699a46b1a6699ba69dbf69dbb689a1681ba6e9a069da4,34b,142,5b9,5295d5594f5754a559545495052d4b52157549485395755d4b55557549545594b5414955d5555d51,26d,d3356d6b54d3353d4b56d5b4cd3349d5755d374cd3749d4f51d2f51d275ad2f53d5b56d4f4fd3f50,0,0,0,1
549,549,0,9a66f9f6719c2609d2689fe649ba689ca709c2799be6d9ba6d9aa689a6689fe699f26c9fe679b66d,6edb86b1a46e5a7685a46e5ba6e5b8691a1699a46b1a6699ba69dbf69dbb689a1681ba6e9a069da4,353,154,5b9,5295d5594f5754a559545495052d4b52157549485395755d4b55557549545594b5414955d5555d51,274,d3356d6b54d3353d4b56d5b4cd3349d5755d374cd3749d4f51d2f51d275ad2f53d5b56d4f4fd3f50,0,0,0,1
550,550,0,9a66f9f6719c2609d2689fe649ba689ca709c2799be6d9ba6d9aa689a6689fe699f26c9fe679b66d,6edb86b1a46e5a7685a46e5ba6e5b8691a1699a46b1a6699ba69dbf69dbb689a1681ba6e9a069da4,356,156,5a4,5295d5594f5754a559545495052d4b52157549485395755d4b55557549545594b5414955d5555d51,26d,d3356d6b54d3353d4b56d5b4cd3349d5755d374cd3749d4f51d2f51d275ad2f53d5b56d4f4fd3f50,0,0,0,1
551,551,0,9a66f9f6719c2609d2689fe649ba689ca709c2799be6d9ba6d9aa689a6689fe699f26c9fe679b66d,6edb86b1a46e5a7685a46e5ba6e5b8691a1699a46b1a6699ba69dbf69dbb689a1681ba6e9a069da4,351,155,5a1,5295d5594f5754a559545495052d4b52157549485395755d4b55557549545594b5414955d5555d51,277,d3356d6b54d3353d4b56d5b4cd3349d5755d374cd3749d4f51d2f51d275ad2f53d5b56d4f4fd3f50,0,0,0,1
552,552,0,9a66f9f6719c2609d2689fe649ba689ca709c2799be6d9ba6d9aa689a6689fe699f26c9fe679b66d,6edb86b1a46e5a7685a46e5ba6e5b8691a1699a46b1a6699ba69dbf69dbb689a1681ba6e9a069da4,352,143,5a6,5295d5594f5754a559545495052d4b52157549485395755d4b55557549545594b5414955d5555d51,264,d3356d6b54d3353d4b56d5b4cd3349d5755d374cd3749d4f51d2f51d275ad2f53d5b56d4f4fd3f50,0,0,0,1
553,553,0,9a66f9f6719c2609d2689fe649ba689ca709c2799be6d9ba6d9aa689a6689fe699f26c9fe679b66d,6edb86b1a46e5a7685a46e5ba6e5b8691a1699a46b1a6699ba69dbf69dbb689a1681ba6e9a069da4,34f,548,5a7,5295d5594f5754a559545495052d4b52157549485395755d4b55557549545594b5414955d5555d51,26d,d3356d6b54d3353d4b56d5b4cd3349d5755d374cd3749d4f51d2f51d275ad2f53d5b56d4f4fd3f50,0,0,0,1
554,554,0,9a66f9f6719c2609d2689fe649ba689ca709c2799be6d9ba6d9aa689a6689fe699f26c9fe679b66d,6edb86b1a46e5a7685a46e5ba6e5b8691a1699a46b1a6699ba69dbf69dbb689a1681ba6e9a069da4,34f,557,1ad,529525594f5494a545545755052d4b52d57549485395755d4b5515754d5455948541485595455d51,671,d3356d6b54d3353d4b56d5b4cd3349d5755d374cd3749d4f51d2f51d275ad2f53d5b56d4f4fd3f50,0,0,0,1
555,555,0,9a66d9f2719c2639d2689f2649be689ce719c2799be6d9b6719aa689a66b9f2699f26d9fe649b67d,6edb86b1a46e5a7685a46e5ba6e5b8691a1699a46b1a6699ba69dbf69dbb689a1681ba6e9a069da4,350,546,1a7,529525594f5494a545545755052d4b52d57549485395755d4b5515754d5455948541485595455d51,66d,d3356d6b54d3353d4b56d5b4cd3349d5755d374cd3749d4f51d2f51d275ad2f53d5b56d4f4fd3f50,0,0,0,1
556,556,0,9a66d9f2719c2639d2689f2649be689ce719c2799be6d9b6719aa689a66b9f2699f26d9fe649b67d,6edb86b1a46e5a7685a46e5ba6e5b8691a1699a46b1a6699ba69dbf69dbb689a1681ba6e9a069da4,74d,54d,1a1,529525594f5494a545545755052d4b52d57549485395755d4b5515754d5455948541485595455d51,66c,d3356d6b54d3353d4b56d5b4cd3349d5755d374cd3749d4f51d2f51d275ad2f53d5b56d4f4fd3f50,0,0,0,1
557,557,0,9a66d9f2719c2639d2689f2649be689ce719c2799be6d9b6719aa689a66b9f2699f26d9fe649b67d,6edb86b1a46e5a7685a46e5ba6e5b8691a1699a46b1a6699ba69dbf69dbb689a1681ba6e9a069da4,757,54f,1ba,529525594f5494a545545755052d4b52d57549485395755d4b5515754d5455948541485595455d51,671,d3756d6b54d3353d4b56d5b4cd3348d5755d374fd3749d4b51d2b51d2755d2f53d5b51d4b4fd3f50,0,0,0,1
558,558,0,9a66d9f2719c2639d2689f2649be689ce719c2799be6d9b6719aa689a66b9f2699f26d9fe649b67d,6edb86b1a46e5a7685a46e5ba6e5b8691a1699a46b1a6699ba69dbf69dbb689a1681ba6e9a069da4,75a,542,1a7,529525594f5494a545545755052d4b52d57549485395755d4b5515754d5455948541485595455d51,670,d3756d6b54d3353d4b56d5b4cd3348d5755d374fd3749d4b51d2b51d2755d2f53d5b51d4b4fd3f50,0,0,0,1
559,559,0,9a66d9f2719c2639d2689f2649be689ce719c2799be6d9b6719aa689a66b9f2699f26d9fe649b67d,6edb86b1a46e5a7685a46e5ba6e5b8691a1699a46b1a6699ba69dbf69dbb689a1681ba6e9a069da4,754,554,1bf,529525594f5494a545545755052d4b52d57549485395755d4b5515754d5455948541485595455d51,670,d3756d6b54d3353d4b56d5b4cd3348d5755d374fd3749d4b51d2b51d2755d2f53d5b51d4b4fd3f50,0,0,0,1
560,560,0,9a66d9f2719c2639d2689f2649be689ce719c2799be6d9b6719aa689a66b9f2699f26d9fe649b67d,6edb86b1a46e5a7685a46e5ba6e5b8691a1699a46b1a6699ba69dbf69dbb689a1681ba6e9a069da4,74d,554,1a6,529525594f5494a545545755052d4b52d57549485395755d4b5515754d5455948541485595455d51,667,d3756d6b54d3353d4b56d5b4cd3348d5755d374fd3749d4b51d2b51d2755d2f53d5b51d4b4fd3f50,0,0,0,1
561,561,0,9a66d9f2719c2639d2689f2649be689ce719c2799be6d9b6719aa689a66b9f2699f26d9fe649b67d,6edb86b1a46e5a7685a46e5ba6e5b8691a1699a46b1a6699ba69dbf69dbb689a1681ba6e9a069da4,753,557,1ba,529525594f5494a545545755052d4b52d57549485395755d4b5515754d5455948541485595455d51,670,d3756d6b54d3353d4b56d5b4cd3348d5755d374fd3749d4b51d2b51d2755d2f53d5b51d4b4fd3f50,0,0,0,1
562,562,0,9a66d9f2719c2639d2689f2649be689ce719c2799be6d9b6719aa689a66b9f2699f26d9fe649b67d,6edb86b1a46e5a7685a46e5ba6e5b8691a1699a46b1a6699ba69dbf69dbb689a1681ba6e9a069da4,752,541,1a3,529525594f5494a545545755052d4b52d57549485395755d4b5515754d5455948541485595455d51,66c,d3756d6b54d3353d4b56d5b4cd3348d5755d374fd3749d4b51d2b51d2755d2f53d5b51d4b4fd3f50,0,0,0,1
563,563,0,9a66d9f2719c2639d2689f2649be689ce719c2799be6d9b6719aa689a66b9f2699f26d9fe649b67d,6edb86b1a46e5a7685a46e5ba6e5b8691a1699a46b1a6699ba69dbf69dbb689a1681ba6e9a069da4,756,54a,1a1,529525594f5494a545545755052d4b52d57549485395755d4b5515754d5455948541485595455d51,677,d3756d6b54d3353d4b56d5b4cd3348d5755d374fd3749d4b51d2b51d2755d2f53d5b51d4b4fd3f50,0,0,0,1
564,564,0,9a66d9f2719c2639d2689f2649be689ce719c2799be6d9b6719aa689a66b9f2699f26d9fe649b67d,6edb86b1a46e5a7685a46e5ba6e5b8691a1699a46b1a6699ba69dbf69dbb689a1681ba6e9a069da4,756,54b,1a3,529525594f5494a545545755052d4b52d57549485395755d4b5515754d5455948541485595455d51,664,d3756d6b54d3353d4b56d5b4cd3348d5755d374fd3749d4b51d2b51d2755d2f53d5b51d4b4fd3f50,0,0,0,1
565,565,0,9a66d9f2719c2639d2689f2649be689ce719c2799be6d9b6719aa689a66b9f2699f26d9fe649b67d,6edb86b1a46e5a7685a46e5ba6e5b8691a1699a46b1a6699ba69dbf69dbb689a1681ba6e9a069da4,74c,543,1ba,529525594f5494a545545755052d4b52d57549485395755d4b5515754d5455948541485595455d51,66b,d3756d6b54d3353d4b56d5b4cd3348d5755d374fd3749d4b51d2b51d2755d2f53d5b51d4b4fd3f50,0,0,0,1
566,566,0,9a66d9f2719c2639d2689f2649be689ce719c2799be6d9b6719aa689a66b9f2699f26d9fe649b67d,6edb86b1a46e5a7685a46e5ba6e5b8691a1699a46b1a6699ba69dbf69dbb689a1681ba6e9a069da4,74f,557,1bb,529525594f5494a545545755052d4b52d57549485395755d4b5515754d5455948541485595455d51,671,d3756d6b54d3353d4b56d5b4cd3348d5755d374fd3749d4b51d2b51d2755d2f53d5b51d4b4fd3f50,0,0,0,1
567,567,0,9a66d9f2719c2639d2689f2649be689ce719c2799be6d9b6719aa689a66b9f2699f26d9fe649b67d,6edb86b1a46e5a7685a46e5ba6e5b8691a1699a46b1a6699ba69dbf69dbb689a1681ba6e9a069da4,748,540,1a0,529525594f5494a545545755052d4b52d57549485395755d4b5515754d5455948541485595455d51,673,d3756d6b54d3353d4b56d5b4cd3348d5755d374fd3749d4b51d2b51d2755d2f53d5b51d4b4fd3f50,0,0,0,1
568,568,0,9a66d9f2719c2639d2689f2649be689ce719c2799be6d9b6719aa689a66b9f2699f26d9fe649b67d,6edb86b1a46e5a7685a46e5ba6e5b8691a1699a46b1a6699ba69dbf69dbb689a1681ba6e9a069da4,757,54a,1a4,529525594f5494a545545755052d4b52d57549485395755d4b5515754d5455948541485595455d51,66e,d3756d6b54d3353d4b56d5b4cd3348d5755d374fd3749d4b51d2b51d2755d2f53d5b51d4b4fd3f50,0,0,0,1
569,569,0,9a66d9f2719c2639d2689f2649be689ce719c2799be6d9b6719aa689a66b9f2699f26d9fe649b67d,6edb86b1a46e5a7685a46e5ba6e5b8691a1699a46b1a6699ba69dbf69dbb689a1681ba6e9a069da4,757,146,1a4,529525594f5494a545545755052d4b52d57549485395755d4b5515754d5455948541485595455d51,670,d3756d6b54d3353d4b56d5b4cd3348d5755d374fd3749d4b51d2b51d2755d2f53d5b51d4b4fd3f50,0,0,0,1
570,570,0,9a66d9f2719c2639d2689f2649be689ce719c2799be6d9b6719aa689a66b9f2699f26d9fe649b67d,6edb86b1a46e5a7685a46e5ba6e5b8691a1699a46b1a6699ba69dbf69dbb689a1681ba6e9a069da4,74d,155,5bb,529525594f5494a545545755052d4b52d57549485395755d4b5515754d5455948541485595455d51,26d,d3756d6b54d3353d4b56d5b4cd3348d5755d374fd3749d4b51d2b51d2755d2f53d5b51d4b4fd3f50,0,0,0,1
571,571,0,9a66d9f2719c2639d2689f2649be689ce719c2799be6d9b6719aa689a66b9f2699f26d9fe649b67d,6edb86bda46e5a7685a46e1ba6e5b9691a1699a76b5a7685ba69dbf699ba68da168dba6eda0691a4,74f,146,5b8,529525594f5494a545545755052d4b52d57549485395755d4b5515754d5455948541485595455d51,26f,d3756d6b54d3353d4b56d5b4cd3348d5755d374fd3749d4b51d2b51d2755d2f53d5b51d4b4fd3f50,0,0,0,1
572,572,0,9a66d9f2719c2639d2689f2649be689ce719c2799be6d9b6719aa689a66b9f2699f26d9fe649b67d,6edb86bda46e5a7685a46e1ba6e5b9691a1699a76b5a7685ba69dbf699ba68da168dba6eda0691a4,34c,140,5af,529525594f5494a545545755052d4b52d57549485395755d4b5515754d5455948541485595455d51,26d,d3756d6b54d3353d4b56d5b4cd3348d5755d374fd3749d4b51d2b51d2755d2f53d5b51d4b4fd3f50,0,0,0,1
573,573,0,9a66d9f2719c2639d2689f2649be689ce719c2799be6d9b6719aa689a66b9f2699f26d9fe649b67d,6edb86bda46e5a7685a46e1ba6e5b9691a1699a76b5a7685ba69dbf699ba68da168dba6eda0691a4,349,156,5a5,529525594f5494a545545755052d4b52d57549485395755d4b5515754d5455948541485595455d51,271,d3756d6b54d3353d4b56d5b4cd3348d5755d374fd3749d4b51d2b51d2755d2f53d5b51d4b4fd3f50,0,0,0,1
574,574,0,9a66d9f2719c2639d2689f2649be689ce719c2799be6d9b6719aa689a66b9f2699f26d9fe649b67d,6edb86bda46e5a7685a46e1ba6e5b9691a1699a76b5a7685ba69dbf699ba68da168dba6eda0691a4,352,156,5b9,529525594f5494a545545755052d4b52d57549485395755d4b5515754d5455948541485595455d51,271,d3756d6b54d3353d4b56d5b4cd3348d5755d374fd3749d4b51d2b51d2755d2f53d5b51d4b4fd3f50,0,0,0,1
575,575,0,9a66d9f2719c2639d2689f2649be689ce719c2799be6d9b6719aa689a66b9f2699f26d9fe649b67d,6edb86bda46e5a7685a46e1ba6e5b9691a1699a76b5a7685ba69dbf699ba68da168dba6eda0691a4,350,150,5a7,529525594f5494a545545755052d4b52d57549485395755d4b5515754d5455948541485595455d51,26a,d3756d6b54d3353d4b56d5b4cd3348d5755d374fd3749d4b51d2b51d2755d2f53d5b51d4b4fd3f50,0,0,0,1
576,576,0,9a66d9f2719c2639d2689f2649be689ce719c2799be6d9b6719aa689a66b9f2699f26d9fe649b67d,6edb86bda46e5a7685a46e1ba6e5b9691a1699a76b5a7685ba69dbf699ba68da168dba6eda0691a4,34a,156,5a1,529525594f5494a545545755052d4b52d57549485395755d4b5515754d5455948541485595455d51,270,d3756d6b54d3353d4b56d5b4cd3348d5755d374fd3749d4b51d2b51d2755d2f53d5b51d4b4fd3f50,0,0,0,1
577,577,0,9a66d9f2719c2639d2689f2649be689ce719c2799be6d9b6719aa689a66b9f2699f26d9fe649b67d,6edb86bda46e5a7685a46e1ba6e5b9691a1699a76b5a7685ba69dbf699ba68da168dba6eda0691a4,351,146,5a5,529525594f5494a545545755052d4b52d57549485395755d4b5515754d5455948541485595455d51,269,d3756d6b54d3353d4b56d5b4cd3348d5755d374fd3749d4b51d2b51d2755d2f53d5b51d4b4fd3f50,0,0,0,1
578,578,0,9a66d9f2719c2639d2689f2649be689ce719c2799be6d9b6719aa689a66b9f2699f26d9fe649b67d,6edb86bda46e5a7685a46e1ba6e5b9691a1699a76b5a7685ba69dbf699ba68da168dba6eda0691a4,348,141,5b9,529525594f5494a545545755052d4b52d57549485395755d4b5515754d5455948541485595455d51,26c,d3756d6b54d3353d4b56d5b4cd3348d5755d374fd3749d4b51d2b51d2755d2f53d5b51d4b4fd3f50,0,0,0,1
579,579,0,9a66d9f2719c2639d2689f2649be689ce719c2799be6d9b6719aa689a66b9f2699f26d9fe649b67d,6edb86bda46e5a7685a46e1ba6e5b9691a1699a76b5a7685ba69dbf699ba68da168dba6eda0691a4,35a,140,5ba,529525594f5494a545545755052d4b52d57549485395755d4b5515754d5455948541485595455d51,273,d3756d6b54d3353d4b56d5b4cd3348d5755d374fd3749d4b51d2b51d2755d2f53d5b51d4b4fd3f50,0,0,0,1
580,580,0,9a66d9f2719c2639d2689f2649be689ce719c2799be6d9b6719aa689a66b9f2699f26d9fe649b67d,6edb86bda46e5a7685a46e1ba6e5b9691a1699a76b5a7685ba69dbf699ba68da168dba6eda0691a4,348,142,5b9,529525594f5494a545545755052d4b52d57549485395755d4b5515754d5455948541485595455d51,26d,d3756d6b54d3353d4b56d5b4cd3348d5755d374fd3749d4b51d2b51d2755d2f53d5b51d4b4fd3f50,0,0,0,1
581,581,0,9a66d9f2719c2639d2689f2649be689ce719c2799be6d9b6719aa689a66b9f2699f26d9fe649b67d,6edb86bda46e5a7685a46e1ba6e5b9691a1699a76b5a7685ba69dbf699ba68da168dba6eda0691a4,353,155,5b9,529525594f5494a545545755052d4b52d57549485395755d4b5515754d5455948541485595455d51,274,d3756d6b54d3353d4b56d5b4cd3348d5755d374fd3749d4b51d2b51d2755d2f53d5b51d4b4fd3f50,0,0,0,1
582,582,0,9a66d9f2719c2639d2689f2649be689ce719c2799be6d9b6719aa689a66b9f2699f26d9fe649b67d,6edb86bda46e5a7685a46e1ba6e5b9691a1699a76b5a7685ba69dbf699ba68da168dba6eda0691a4,356,156,5a4,529525594f5494a545545755052d4b52d57549485395755d4b5515754d5455948541485595455d51,26d,d3756d6b54d3353d4b56d5b4cd3348d5755d374fd3749d4b51d2b51d2755d2f53d5b51d4b4fd3f50,0,0,0,1
583,583,0,9a66d9f2719c2639d2689f2649be689ce719c2799be6d9b6719aa689a66b9f2699f26d9fe649b67d,6edb86bda46e5a7685a46e1ba6e5b9691a1699a76b5a7685ba69dbf699ba68da168dba6eda0691a4,356,155,5a1,529525594f5494a545545755052d4b52d57549485395755d4b5515754d5455948541485595455d51,274,d3756d6b54d3353d4b56d5b4cd3348d5755d374fd3749d4b51d2b51d2755d2f53d5b51d4b4fd3f50,0,0,0,1
584,584,0,9a66d9f2719c2639d2689f2649be689ce719c2799be6d9b6719aa689a66b9f2699f26d9fe649b67d,6edb86bda46e5a7685a46e1ba6e5b9691a1699a76b5a7685ba69dbf699ba68da168dba6eda0691a4,352,143,5a6,529525594f5494a545545755052d4b52d57549485395755d4b5515754d5455948541485595455d51,264,d3756d6b54d3353d4b56d5b4cd3348d5755d374fd3749d4b51d2b51d2755d2f53d5b51d4b4fd3f50,0,0,0,1
585,585,0,9a66d9f2719c2639d2689f2649be689ce719c2799be6d9b6719aa689a66b9f2699f26d9fe649b67d,6edb86bda46e5a7685a46e1ba6e5b9691a1699a76b5a7685ba69dbf699ba68da168dba6eda0691a4,34f,549,5a7,529525594f5494a545545755052d4b52d57549485395755d4b5515754d5455948541485595455d51,26d,d3756d6b54d3353d4b56d5b4cd3348d5755d374fd3749d4b51d2b51d2755d2f53d5b51d4b4fd3f50,0,0,0,1
586,586,0,9a66d9f2719c2639d2689f2649be689ce719c2799be6d9b6719aa689a66b9f2699f26d9fe649b67d,6edb86bda46e5a7685a46e1ba6e5b9691a1699a76b5a7685ba69dbf699ba68da168dba6eda0691a4,34f,555,1ad,5295d5594f5754a55954575535214b52d5754948539575514a55156549545594b5414855d5455d51,671,d3756d6b54d3353d4b56d5b4cd3348d5755d374fd3749d4b51d2b51d2755d2f53d5b51d4b4fd3f50,0,0,0,1
587,587,0,9a66c9f6709c2639d2689fe649be799ce6a9f2699be6d9f6719ae689a6689fe699f26d9f2649b66d,6edb86bda46e5a7685a46e1ba6e5b9691a1699a76b5a7685ba69dbf699ba68da168dba6eda0691a4,350,543,1a6,5295d5594f5754a55954575535214b52d5754948539575514a55156549545594b5414855d5455d51,66d,d3756d6b54d3353d4b56d5b4cd3348d5755d374fd3749d4b51d2b51d2755d2f53d5b51d4b4fd3f50,0,0,0,1
588,588,0,9a66c9f6709c2639d2689fe649be799ce6a9f2699be6d9f6719ae689a6689fe699f26d9f2649b66d,6edb86bda46e5a7685a46e1ba6e5b9691a1699a76b5a7685ba69dbf699ba68da168dba6eda0691a4,74d,547,1a6,5295d5594f5754a55954575535214b52d5754948539575514a55156549545594b5414855d5455d51,66c,d3756d6b54d3353d4b56d5b4cd3348d5755d374fd3749d4b51d2b51d2755d2f53d5b51d4b4fd3f50,0,0,0,1
589,589,0,9a66c9f6709c2639d2689fe649be799ce6a9f2699be6d9f6719ae689a6689fe699f26d9f2649b66d,6edb86bda46e5a7685a46e1ba6e5b9691a1699a76b5a7685ba69dbf699ba68da168dba6eda0691a4,757,542,1bb,5295d5594f5754a55954575535214b52d5754948539575514a55156549545594b5414855d5455d51,671,d3757d6b54d3753d4b56d5b4cd3748d5755d374fd3349d4b50d2b51d235ad2353d5b56d4b4fd3f50,0,0,0,1
590,590,0,9a66c9f6709c2639d2689fe649be799ce6a9f2699be6d9f6719ae689a6689fe699f26d9f2649b66d,6edb86bda46e5a7685a46e1ba6e5b9691a1699a76b5a7685ba69dbf699ba68da168dba6eda0691a4,75a,540,1a4,5295d5594f5754a55954575535214b52d5754948539575514a55156549545594b5414855d5455d51,670,d3757d6b54d3753d4b56d5b4cd3748d5755d374fd3349d4b50d2b51d235ad2353d5b56d4b4fd3f50,0,0,0,1
591,591,0,9a66c9f6709c2639d2689fe649be799ce6a9f2699be6d9f6719ae689a6689fe699f26d9f2649b66d,6edb86bda46e5a7685a46e1ba6e5b9691a1699a76b5a7685ba69dbf699ba68da168dba6eda0691a4,754,551,1bf,5295d5594f5754a55954575535214b52d5754948539575514a55156549545594b5414855d5455d51,670,d3757d6b54d3753d4b56d5b4cd3748d5755d374fd3349d4b50d2b51d235ad2353d5b56d4b4fd3f50,0,0,0,1
592,592,0,9a66c9f6709c2639d2689fe649be799ce6a9f2699be6d9f6719ae689a6689fe699f26d9f2649b66d,6edb86bda46e5a7685a46e1ba6e5b9691a1699a76b5a7685ba69dbf699ba68da168dba6eda0691a4,74d,554,1a7,5295d5594f5754a55954575535214b52d5754948539575514a55156549545594b5414855d5455d51,664,d3757d6b54d3753d4b56d5b4cd3748d5755d374fd3349d4b50d2b51d235ad2353d5b56d4b4fd3f50,0,0,0,1
593,593,0,9a66c9f6709c2639d2689fe649be799ce6a9f2699be6d9f6719ae689a6689fe699f26d9f2649b66d,6edb86bda46e5a7685a46e1ba6e5b9691a1699a76b5a7685ba69dbf699ba68da168dba6eda0691a4,753,554,1ba,5295d5594f5754a55954575535214b52d5754948539575514a55156549545594b5414855d5455d51,673,d3757d6b54d3753d4b56d5b4cd3748d5755d374fd3349d4b50d2b51d235ad2353d5b56d4b4fd3f50,0,0,0,1
594,594,0,9a66c9f6709c2639d2689fe649be799ce6a9f2699be6d9f6719ae689a6689fe699f26d9f2649b66d,6edb86bda46e5a7685a46e1ba6e5b9691a1699a76b5a7685ba69dbf699ba68da168dba6eda0691a4,752,540,1a3,5295d5594f5754a55954575535214b52d5754948539575514a55156549545594b5414855d5455d51,66c,d3757d6b54d3753d4b56d5b4cd3748d5755d374fd3349d4b50d2b51d235ad2353d5b56d4b4fd3f50,0,0,0,1
595,595,0,9a66c9f6709c2639d2689fe649be799ce6a9f2699be6d9f6719ae689a6689fe699f26d9f2649b66d,6edb86bda46e5a7685a46e1ba6e5b9691a1699a76b5a7685ba69dbf699ba68da168dba6eda0691a4,756,54b,1a1,5295d5594f5754a55954575535214b52d5754948539575514a55156549545594b5414855d5455d51,677,d3757d6b54d3753d4b56d5b4cd3748d5755d374fd3349d4b50d2b51d235ad2353d5b56d4b4fd3f50,0,0,0,1
596,596,0,9a66c9f6709c2639d2689fe649be799ce6a9f2699be6d9f6719ae689a6689fe699f26d9f2649b66d,6edb86bda46e5a7685a46e1ba6e5b9691a1699a76b5a7685ba69dbf699ba68da168dba6eda0691a4,756,54b,1a3,5295d5594f5754a55954575535214b52d5754948539575514a55156549545594b5414855d5455d51,667,d3757d6b54d3753d4b56d5b4cd3748d5755d374fd3349d4b50d2b51d235ad2353d5b56d4b4fd3f50,0,0,0,1
597,597,0,9a66c9f6709c2639d2689fe649be799ce6a9f2699be6d9f6719ae689a6689fe699f26d9f2649b66d,6edb86bda46e5a7685a46e1ba6e5b9691a1699a76b5a7685ba69dbf699ba68da168dba6eda0691a4,74d,543,1ba,5295d5594f5754a55954575535214b52d5754948539575514a55156549545594b5414855d5455d51,66b,d3757d6b54d3753d4b56d5b4cd3748d5755d374fd3349d4b50d2b51d235ad2353d5b56d4b4fd3f50,0,0,0,1
598,598,0,9a66c9f6709c2639d2689fe649be799ce6a9f2699be6d9f6719ae689a6689fe699f26d9f2649b66d,6edb86bda46e5a7685a46e1ba6e5b9691a1699a76b5a7685ba69dbf699ba68da168dba6eda0691a4,74f,555,1bb,5295d5594f5754a55954575535214b52d5754948539575514a55156549545594b5414855d5455d51,670,d3757d6b54d3753d4b56d5b4cd3748d5755d374fd3349d4b50d2b51d235ad2353d5b56d4b4fd3f50,0,0,0,1
599,599,0,9a66c9f6709c2639d2689fe649be799ce6a9f2699be6d9f6719ae689a6689fe699f26d9f2649b66d,6edb86bda46e5a7685a46e1ba6e5b9691a1699a76b5a7685ba69dbf699ba68da168dba6eda0691a4,748,54d,1a3,5295d5594f5754a55954575535214b52d5754948539575514a55156549545594b5414855d5455d51,673,d3757d6b54d3753d4b56d5b4cd3748d5755d374fd3349d4b50d2b51d235ad2353d5b56d4b4fd3f50,0,0,0,1
600,600,0,9a66c9f6709c2639d2689fe649be799ce6a9f2699be6d9f6719ae689a6689fe699f26d9f2649b66d,6edb86bda46e5a7685a46e1ba6e5b9691a1699a76b5a7685ba69dbf699ba68da168dba6eda0691a4,756,54a,1a4,5295d5594f5754a55954575535214b52d5754948539575514a55156549545594b5414855d5455d51,66e,d3757d6b54d3753d4b56d5b4cd3748d5755d374fd3349d4b50d2b51d235ad2353d5b56d4b4fd3f50,0,0,0,1
601,601,0,9a66c9f6709c2639d2689fe649be799ce6a9f2699be6d9f6719ae689a6689fe699f26d9f2649b66d,6edb86bda46e5a7685a46e1ba6e5b9691a1699a76b5a7685ba69dbf699ba68da168dba6eda0691a4,757,146,1a5,5295d5594f5754a55954575535214b52d5754948539575514a55156549545594b5414855d5455d51,670,d3757d6b54d3753d4b56d5b4cd3748d5755d374fd3349d4b50d2b51d235ad2353d5b56d4b4fd3f50,0,0,0,1
602,602,0,9a66c9f6709c2639d2689fe649be799ce6a9f2699be6d9f6719ae689a6689fe699f26d9f2649b66d,6edb86bda46e5a7685a46e1ba6e5b9691a1699a76b5a7685ba69dbf699ba68da168dba6eda0691a4,74d,157,5bb,5295d5594f5754a55954575535214b52d5754948539575514a55156549545594b5414855d5455d51,26d,d3757d6b54d3753d4b56d5b4cd3748d5755d374fd3349d4b50d2b51d235ad2353d5b56d4b4fd3f50,0,0,0,1
603,603,0,9a66c9f6709c2639d2689fe649be799ce6a9f2699be6d9f6719ae689a6689fe699f26d9f2649b66d,6edb86bda56e5a7685a56e5ba6e5b9691a1699a76b5a6699bb691bf69dba68da168dba6eda3691a5,74f,147,5b9,5295d5594f5754a55954575535214b52d5754948539575514a55156549545594b5414855d5455d51,26f,d3757d6b54d3753d4b56d5b4cd3748d5755d374fd3349d4b50d2b51d235ad2353d5b56d4b4fd3f50,0,0,0,1
604,604,0,9a66c9f6709c2639d2689fe649be799ce6a9f2699be6d9f6719ae689a6689fe699f26d9f2649b66d,6edb86bda56e5a7685a56e5ba6e5b9691a1699a76b5a6699bb691bf69dba68da168dba6eda3691a5,34c,140,5af,5295d5594f5754a55954575535214b52d5754948539575514a55156549545594b5414855d5455d51,26d,d3757d6b54d3753d4b56d5b4cd3748d5755d374fd3349d4b50d2b51d235ad2353d5b56d4b4fd3f50,0,0,0,1
605,605,0,9a66c9f6709c2639d2689fe649be799ce6a9f2699be6d9f6719ae689a6689fe699f26d9f2649b66d,6edb86bda56e5a7685a56e5ba6e5b9691a1699a76b5a6699bb691bf69dba68da168dba6eda3691a5,349,156,5a4,5295d5594f5754a55954575535214b52d5754948539575514a55156549545594b5414855d5455d51,271,d3757d6b54d3753d4b56d5b4cd3748d5755d374fd3349d4b50d2b51d235ad2353d5b56d4b4fd3f50,0,0,0,1
606,606,0,9a66c9f6709c2639d2689fe649be799ce6a9f2699be6d9f6719ae689a6689fe699f26d9f2649b66d,6edb86bda56e5a7685a56e5ba6e5b9691a1699a76b5a6699bb691bf69dba68da168dba6eda3691a5,352,156,5b9,5295d5594f5754a55954575535214b52d5754948539575514a55156549545594b5414855d5455d51,26e,d3757d6b54d3753d4b56d5b4cd3748d5755d374fd3349d4b50d2b51d235ad2353d5b56d4b4fd3f50,0,0,0,1
607,607,0,9a66c9f6709c2639d2689fe649be799ce6a9f2699be6d9f6719ae689a6689fe699f26d9f2649b66d,6edb86bda56e5a7685a56e5ba6e5b9691a1699a76b5a6699bb691bf69dba68da168dba6eda3691a5,350,150,5a7,5295d5594f5754a55954575535214b52d5754948539575514a55156549545594b5414855d5455d51,26b,d3757d6b54d3753d4b56d5b4cd3748d5755d374fd3349d4b50d2b51d235ad2353d5b56d4b4fd3f50,0,0,0,1
608,608,0,9a66c9f6709c2639d2689fe649be799ce6a9f2699be6d9f6719ae689a6689fe699f26d9f2649b66d,6edb86bda56e5a7685a56e5ba6e5b9691a1699a76b5a6699bb691bf69dba68da168dba6eda3691a5,34a,156,5a1,5295d5594f5754a55954575535214b52d5754948539575514a55156549545594b5414855d5455d51,270,d3757d6b54d3753d4b56d5b4cd3748d5755d374fd3349d4b50d2b51d235ad2353d5b56d4b4fd3f50,0,0,0,1
609,609,0,9a66c9f6709c2639d2689fe649be799ce6a9f2699be6d9f6719ae689a6689fe699f26d9f2649b66d,6edb86bda56e5a7685a56e5ba6e5b9691a1699a76b5a6699bb691bf69dba68da168dba6eda3691a5,351,146,5a5,5295d5594f5754a55954575535214b52d5754948539575514a55156549545594b5414855d5455d51,268,d3757d6b54d3753d4b56d5b4cd3748d5755d374fd3349d4b50d2b51d235ad2353d5b56d4b4fd3f50,0,0,0,1
610,610,0,9a66c9f6709c2639d2689fe649be799ce6a9f2699be6d9f6719ae689a6689fe699f26d9f2649b66d,6edb86bda56e5a7685a56e5ba6e5b9691a1699a76b5a6699bb691bf69dba68da168dba6eda3691a5,349,141,5b9,5295d5594f5754a55954575535214b52d5754948539575514a55156549545594b5414855d5455d51,26f,d3757d6b54d3753d4b56d5b4cd3748d5755d374fd3349d4b50d2b51d235ad2353d5b56d4b4fd3f50,0,0,0,1
611,611,0,9a66c9f6709c2639d2689fe649be799ce6a9f2699be6d9f6719ae689a6689fe699f26d9f2649b66d,6edb86bda56e5a7685a56e5ba6e5b9691a1699a76b5a6699bb691bf69dba68da168dba6eda3691a5,355,140,5ba,5295d5594f5754a55954575535214b52d5754948539575514a55156549545594b5414855d5455d51,273,d3757d6b54d3753d4b56d5b4cd3748d5755d374fd3349d4b50d2b51d235ad2353d5b56d4b4fd3f50,0,0,0,1
612,612,0,9a66c9f6709c2639d2689fe649be799ce6a9f2699be6d9f6719ae689a6689fe699f26d9f2649b66d,6edb86bda56e5a7685a56e5ba6e5b9691a1699a76b5a6699bb691bf69dba68da168dba6eda3691a5,348,143,5be,5295d5594f5754a55954575535214b52d5754948539575514a55156549545594b5414855d5455d51,26d,d3757d6b54d3753d4b56d5b4cd3748d5755d374fd3349d4b50d2b51d235ad2353d5b56d4b4fd3f50,0,0,0,1
613,613,0,9a66c9f6709c2639d2689fe649be799ce6a9f2699be6d9f6719ae689a6689fe699f26d9f2649b66d,6edb86bda56e5a7685a56e5ba6e5b9691a1699a76b5a6699bb691bf69dba68da168dba6eda3691a5,350,155,5b9,5295d5594f5754a55954575535214b52d5754948539575514a55156549545594b5414855d5455d51,274,d3757d6b54d3753d4b56d5b4cd3748d5755d374fd3349d4b50d2b51d235ad2353d5b56d4b4fd3f50,0,0,0,1
614,614,0,9a66c9f6709c2639d2689fe649be799ce6a9f2699be6d9f6719ae689a6689fe699f26d9f2649b66d,6edb86bda56e5a7685a56e5ba6e5b9691a1699a76b5a6699bb691bf69dba68da168dba6eda3691a5,356,154,5a5,5295d5594f5754a55954575535214b52d5754948539575514a55156549545594b5414855d5455d51,26d,d3757d6b54d3753d4b56d5b4cd3748d5755d374fd3349d4b50d2b51d235ad2353d5b56d4b4fd3f50,0,0,0,1
615,615,0,9a66c9f6709c2639d2689fe649be799ce6a9f2699be6d9f6719ae689a6689fe699f26d9f2649b66d,6edb86bda56e5a7685a56e5ba6e5b9691a1699a76b5a6699bb691bf69dba68da168dba6eda3691a5,356,154,5a6,5295d5594f5754a55954575535214b52d5754948539575514a55156549545594b5414855d5455d51,277,d3757d6b54d3753d4b56d5b4cd3748d5755d374fd3349d4b50d2b51d235ad2353d5b56d4b4fd3f50,0,0,0,1
616,616,0,9a66c9f6709c2639d2689fe649be799ce6a9f2699be6d9f6719ae689a6689fe699f26d9f2649b66d,6edb86bda56e5a7685a56e5ba6e5b9691a1699a76b5a6699bb691bf69dba68da168dba6eda3691a5,353,143,5a6,5295d5594f5754a55954575535214b52d5754948539575514a55156549545594b5414855d5455d51,264,d3757d6b54d3753d4b56d5b4cd3748d5755d374fd3349d4b50d2b51d235ad2353d5b56d4b4fd3f50,0,0,0,1
617,617,0,9a66c9f6709c2639d2689fe649be799ce6a9f2699be6d9f6719ae689a6689fe699f26d9f2649b66d,6edb86bda56e5a7685a56e5ba6e5b9691a1699a76b5a6699bb691bf69dba68da168dba6eda3691a5,34f,542,5a7,5295d5594f5754a55954575535214b52d5754948539575514a55156549545594b5414855d5455d51,26c,d3757d6b54d3753d4b56d5b4cd3748d5755d374fd3349d4b50d2b51d235ad2353d5b56d4b4fd3f50,0,0,0,1
618,618,0,9a66c9f6709c2639d2689fe649be799ce6a9f2699be6d9f6719ae689a6689fe699f26d9f2649b66d,6edb86bda56e5a7685a56e5ba6e5b9691a1699a76b5a6699bb691bf69dba68da168dba6eda3691a5,34f,552,1ad,52d5d5454f5494a545545715052d4b52d57575485395755d4a55156549545594b5414955d5455151,670,d3757d6b54d3753d4b56d5b4cd3748d5755d374fd3349d4b50d2b51d235ad2353d5b56d4b4fd3f50,0,0,0,1
619,619,0,9a66c9f6709c2609d6689fe679be699ce6a9f2689be6d9b66b9be689a26b9fe699f26d9fe649b26c,6edb86bda56e5a7685a56e5ba6e5b9691a1699a76b5a6699bb691bf69dba68da168dba6eda3691a5,350,546,1a6,52d5d5454f5494a545545715052d4b52d57575485395755d4a55156549545594b5414955d5455151,66d,d3757d6b54d3753d4b56d5b4cd3748d5755d374fd3349d4b50d2b51d235ad2353d5b56d4b4fd3f50,0,0,0,1
620,620,0,9a66c9f6709c2609d6689fe679be699ce6a9f2689be6d9b66b9be689a26b9fe699f26d9fe649b26c,6edb86bda56e5a7685a56e5ba6e5b9691a1699a76b5a6699bb691bf69dba68da168dba6eda3691a5,74c,54d,1a1,52d5d5454f5494a545545715052d4b52d57575485395755d4a55156549545594b5414955d5455151,66c,d3757d6b54d3753d4b56d5b4cd3748d5755d374fd3349d4b50d2b51d235ad2353d5b56d4b4fd3f50,0,0,0,1
621,621,0,9a66c9f6709c2609d6689fe679be699ce6a9f2689be6d9b66b9be689a26b9fe699f26d9fe649b26c,6edb86bda56e5a7685a56e5ba6e5b9691a1699a76b5a6699bb691bf69dba68da168dba6eda3691a5,756,54f,1ba,52d5d5454f5494a545545715052d4b52d57575485395755d4a55156549545594b5414955d5455151,671,d3757d6b54d3753d4b56d5b4dd3748d5355d374fd3349d4b50d2b51d2755d2350d5b56d4f4fd3f50,0,0,0,1
622,622,0,9a66c9f6709c2609d6689fe679be699ce6a9f2689be6d9b66b9be689a26b9fe699f26d9fe649b26c,6edb86bda56e5a7685a56e5ba6e5b9691a1699a76b5a6699bb691bf69dba68da168dba6eda3691a5,75a,543,1a4,52d5d5454f5494a545545715052d4b52d57575485395755d4a55156549545594b5414955d5455151,671,d3757d6b54d3753d4b56d5b4dd3748d5355d374fd3349d4b50d2b51d2755d2350d5b56d4f4fd3f50,0,0,0,1
623,623,0,9a66c9f6709c2609d6689fe679be699ce6a9f2689be6d9b66b9be689a26b9fe699f26d9fe649b26c,6edb86bda56e5a7685a56e5ba6e5b9691a1699a76b5a6699bb691bf69dba68da168dba6eda3691a5,754,554,1bf,52d5d5454f5494a545545715052d4b52d57575485395755d4a55156549545594b5414955d5455151,673,d3757d6b54d3753d4b56d5b4dd3748d5355d374fd3349d4b50d2b51d2755d2350d5b56d4f4fd3f50,0,0,0,1
624,624,0,9a66c9f6709c2609d6689fe679be699ce6a9f2689be6d9b66b9be689a26b9fe699f26d9fe649b26c,6edb86bda56e5a7685a56e5ba6e5b9691a1699a76b5a6699bb691bf69dba68da168dba6eda3691a5,74d,554,1a6,52d5d5454f5494a545545715052d4b52d57575485395755d4a55156549545594b5414955d5455151,664,d3757d6b54d3753d4b56d5b4dd3748d5355d374fd3349d4b50d2b51d2755d2350d5b56d4f4fd3f50,0,0,0,1
625,625,0,9a66c9f6709c2609d6689fe679be699ce6a9f2689be6d9b66b9be689a26b9fe699f26d9fe649b26c,6edb86bda56e5a7685a56e5ba6e5b9691a1699a76b5a6699bb691bf69dba68da168dba6eda3691a5,753,554,1bb,52d5d5454f5494a545545715052d4b52d57575485395755d4a55156549545594b5414955d5455151,673,d3757d6b54d3753d4b56d5b4dd3748d5355d374fd3349d4b50d2b51d2755d2350d5b56d4f4fd3f50,0,0,0,1
626,626,0,9a66c9f6709c2609d6689fe679be699ce6a9f2689be6d9b66b9be689a26b9fe699f26d9fe649b26c,6edb86bda56e5a7685a56e5ba6e5b9691a1699a76b5a6699bb691bf69dba68da168dba6eda3691a5,752,542,1a2,52d5d5454f5494a545545715052d4b52d57575485395755d4a55156549545594b5414955d5455151,66c,d3757d6b54d3753d4b56d5b4dd3748d5355d374fd3349d4b50d2b51d2755d2350d5b56d4f4fd3f50,0,0,0,1
627,627,0,9a66c9f6709c2609d6689fe679be699ce6a9f2689be6d9b66b9be689a26b9fe699f26d9fe649b26c,6edb86bda56e5a7685a56e5ba6e5b9691a1699a76b5a6699bb691bf69dba68da168dba6eda3691a5,756,54b,1a1,52d5d5454f5494a545545715052d4b52d57575485395755d4a55156549545594b5414955d5455151,674,d3757d6b54d3753d4b56d5b4dd3748d5355d374fd3349d4b50d2b51d2755d2350d5b56d4f4fd3f50,0,0,0,1
628,628,0,9a66c9f6709c2609d6689fe679be699ce6a9f2689be6d9b66b9be689a26b9fe699f26d9fe649b26c,6edb86bda56e5a7685a56e5ba6e5b9691a1699a76b5a6699bb691bf69dba68da168dba6eda3691a5,756,54a,1a3,52d5d5454f5494a545545715052d4b52d57575485395755d4a55156549545594b5414955d5455151,667,d3757d6b54d3753d4b56d5b4dd3748d5355d374fd3349d4b50d2b51d2755d2350d5b56d4f4fd3f50,0,0,0,1
629,629,0,9a66c9f6709c2609d6689fe679be699ce6a9f2689be6d9b66b9be689a26b9fe699f26d9fe649b26c,6edb86bda56e5a7685a56e5ba6e5b9691a1699a76b5a6699bb691bf69dba68da168dba6eda3691a5,74d,543,1ba,52d5d5454f5494a545545715052d4b52d57575485395755d4a55156549545594b5414955d5455151,668,d3757d6b54d3753d4b56d5b4dd3748d5355d374fd3349d4b50d2b51d2755d2350d5b56d4f4fd3f50,0,0,0,1
630,630,0,9a66c9f6709c2609d6689fe679be699ce6a9f2689be6d9b66b9be689a26b9fe699f26d9fe649b26c,6edb86bda56e5a7685a56e5ba6e5b9691a1699a76b5a6699bb691bf69dba68da168dba6eda3691a5,74c,557,1ba,52d5d5454f5494a545545715052d4b52d57575485395755d4a55156549545594b5414955d5455151,671,d3757d6b54d3753d4b56d5b4dd3748d5355d374fd3349d4b50d2b51d2755d2350d5b56d4f4fd3f50,0,0,0,1
631,631,0,9a66c9f6709c2609d6689fe679be699ce6a9f2689be6d9b66b9be689a26b9fe699f26d9fe649b26c,6edb86bda56e5a7685a56e5ba6e5b9691a1699a76b5a6699bb691bf69dba68da168dba6eda3691a5,748,540,1a0,52d5d5454f5494a545545715052d4b52d57575485395755d4a55156549545594b5414955d5455151,673,d3757d6b54d3753d4b56d5b4dd3748d5355d374fd3349d4b50d2b51d2755d2350d5b56d4f4fd3f50,0,0,0,1
632,632,0,9a66c9f6709c2609d6689fe679be699ce6a9f2689be6d9b66b9be689a26b9fe699f26d9fe649b26c,6edb86bda56e5a7685a56e5ba6e5b9691a1699a76b5a6699bb691bf69dba68da168dba6eda3691a5,757,54a,1a7,52d5d5454f5494a545545715052d4b52d57575485395755d4a55156549545594b5414955d5455151,66e,d3757d6b54d3753d4b56d5b4dd3748d5355d374fd3349d4b50d2b51d2755d2350d5b56d4f4fd3f50,0,0,0,1
633,633,0,9a66c9f6709c2609d6689fe679be699ce6a9f2689be6d9b66b9be689a26b9fe699f26d9fe649b26c,6edb86bda56e5a7685a56e5ba6e5b9691a1699a76b5a6699bb691bf69dba68da168dba6eda3691a5,757,146,1a5,52d5d5454f5494a545545715052d4b52d57575485395755d4a55156549545594b5414955d5455151,670,d3757d6b54d3753d4b56d5b4dd3748d5355d374fd3349d4b50d2b51d2755d2350d5b56d4f4fd3f50,0,0,0,1
634,634,0,9a66c9f6709c2609d6689fe679be699ce6a9f2689be6d9b66b9be689a26b9fe699f26d9fe649b26c,6edb86bda56e5a7685a56e5ba6e5b9691a1699a76b5a6699bb691bf69dba68da168dba6eda3691a5,752,157,5bb,52d5d5454f5494a545545715052d4b52d57575485395755d4a55156549545594b5414955d5455151,26d,d3757d6b54d3753d4b56d5b4dd3748d5355d374fd3349d4b50d2b51d2755d2350d5b56d4f4fd3f50,0,0,0,1
635,635,0,9a66c9f6709c2609d6689fe679be699ce6a9f2689be6d9b66b9be689a26b9fe699f26d9fe649b26c,6edb96bda46e5a7685a56e5ba6f9b9695a6699a76b5a6685ba691bf699bb689a168dba6e9a069da5,74f,147,5b8,52d5d5454f5494a545545715052d4b52d57575485395755d4a55156549545594b5414955d5455151,26e,d3757d6b54d3753d4b56d5b4dd3748d5355d374fd3349d4b50d2b51d2755d2350d5b56d4f4fd3f50,0,0,0,1
636,636,0,9a66c9f6709c2609d6689fe679be699ce6a9f2689be6d9b66b9be689a26b9fe699f26d9fe649b26c,6edb96bda46e5a7685a56e5ba6f9b9695a6699a76b5a6685ba691bf699bb689a168dba6e9a069da5,34d,141,5af,52d5d5454f5494a545545715052d4b52d57575485395755d4a55156549545594b5414955d5455151,26d,d3757d6b54d3753d4b56d5b4dd3748d5355d374fd3349d4b50d2b51d2755d2350d5b56d4f4fd3f50,0,0,0,1
637,637,0,9a66c9f6709c2609d6689fe679be699ce6a9f2689be6d9b66b9be689a26b9fe699f26d9fe649b26c,6edb96bda46e5a7685a56e5ba6f9b9695a6699a76b5a6685ba691bf699bb689a168dba6e9a069da5,349,154,5a4,52d5d5454f5494a545545715052d4b52d57575485395755d4a55156549545594b5414955d5455151,271,d3757d6b54d3753d4b56d5b4dd3748d5355d374fd3349d4b50d2b51d2755d2350d5b56d4f4fd3f50,0,0,0,1
638,638,0,9a66c9f6709c2609d6689fe679be699ce6a9f2689be6d9b66b9be689a26b9fe699f26d9fe649b26c,6edb96bda46e5a7685a56e5ba6f9b9695a6699a76b5a6685ba691bf699bb689a168dba6e9a069da5,352,157,5b9,52d5d5454f5494a545545715052d4b52d57575485395755d4a55156549545594b5414955d5455151,26e,d3757d6b54d3753d4b56d5b4dd3748d5355d374fd3349d4b50d2b51d2755d2350d5b56d4f4fd3f50,0,0,0,1
639,639,0,9a66c9f6709c2609d6689fe679be699ce6a9f2689be6d9b66b9be689a26b9fe699f26d9fe649b26c,6edb96bda46e5a7685a56e5ba6f9b9695a6699a76b5a6685ba691bf699bb689a168dba6e9a069da5,351,151,5a7,52d5d5454f5494a545545715052d4b52d57575485395755d4a55156549545594b5414955d5455151,26b,d3757d6b54d3753d4b56d5b4dd3748d5355d374fd3349d4b50d2b51d2755d2350d5b56d4f4fd3f50,0,0,0,1
640,640,0,9a66c9f6709c2609d6689fe679be699ce6a9f2689be6d9b66b9be689a26b9fe699f26d9fe649b26c,6edb96bda46e5a7685a56e5ba6f9b9695a6699a76b5a6685ba691bf699bb689a168dba6e9a069da5,34a,156,5a1,52d5d5454f5494a545545715052d4b52d57575485395755d4a55156549545594b5414955d5455151,270,d3757d6b54d3753d4b56d5b4dd3748d5355d374fd3349d4b50d2b51d2755d2350d5b56d4f4fd3f50,0,0,0,1
641,641,0,9a66c9f6709c2609d6689fe679be699ce6a9f2689be6d9b66b9be689a26b9fe699f26d9fe649b26c,6edb96bda46e5a7685a56e5ba6f9b9695a6699a76b5a6685ba691bf699bb689a168dba6e9a069da5,350,144,5a5,52d5d5454f5494a545545715052d4b52d57575485395755d4a55156549545594b5414955d5455151,269,d3757d6b54d3753d4b56d5b4dd3748d5355d374fd3349d4b50d2b51d2755d2350d5b56d4f4fd3f50,0,0,0,1
642,642,0,9a66c9f6709c2609d6689fe679be699ce6a9f2689be6d9b66b9be689a26b9fe699f26d9fe649b26c,6edb96bda46e5a7685a56e5ba6f9b9695a6699a76b5a6685ba691bf699bb689a168dba6e9a069da5,34e,140,5b9,52d5d5454f5494a545545715052d4b52d57575485395755d4a55156549545594b5414955d5455151,26c,d3757d6b54d3753d4b56d5b4dd3748d5355d374fd3349d4b50d2b51d2755d2350d5b56d4f4fd3f50,0,0,0,1
643,643,0,9a66c9f6709c2609d6689fe679be699ce6a9f2689be6d9b66b9be689a26b9fe699f26d9fe649b26c,6edb96bda46e5a7685a56e5ba6f9b9695a6699a76b5a6685ba691bf699bb689a168dba6e9a069da5,35a,140,5ba,52d5d5454f5494a545545715052d4b52d57575485395755d4a55156549545594b5414955d5455151,273,d3757d6b54d3753d4b56d5b4dd3748d5355d374fd3349d4b50d2b51d2755d2350d5b56d4f4fd3f50,0,0,0,1
644,644,0,9a66c9f6709c2609d6689fe679be699ce6a9f2689be6d9b66b9be689a26b9fe699f26d9fe649b26c,6edb96bda46e5a7685a56e5ba6f9b9695a6699a76b5a6685ba691bf699bb689a168dba6e9a069da5,34b,143,5b9,52d5d5454f5494a545545715052d4b52d57575485395755d4a55156549545594b5414955d5455151,26d,d3757d6b54d3753d4b56d5b4dd3748d5355d374fd3349d4b50d2b51d2755d2350d5b56d4f4fd3f50,0,0,0,1
645,645,0,9a66c9f6709c2609d6689fe679be699ce6a9f2689be6d9b66b9be689a26b9fe699f26d9fe649b26c,6edb96bda46e5a7685a56e5ba6f9b9695a6699a76b5a6685ba691bf699bb689a168dba6e9a069da5,350,155,5b9,52d5d5454f5494a545545715052d4b52d57575485395755d4a55156549545594b5414955d5455151,274,d3757d6b54d3753d4b56d5b4dd3748d5355d374fd3349d4b50d2b51d2755d2350d5b56d4f4fd3f50,0,0,0,1
646,646,0,9a66c9f6709c2609d6689fe679be699ce6a9f2689be6d9b66b9be689a26b9fe699f26d9fe649b26c,6edb96bda46e5a7685a56e5ba6f9b9695a6699a76b5a6685ba691bf699bb689a168dba6e9a069da5,357,157,5a5,52d5d5454f5494a545545715052d4b52d57575485395755d4a55156549545594b5414955d5455151,26d,d3757d6b54d3753d4b56d5b4dd3748d5355d374fd3349d4b50d2b51d2755d2350d5b56d4f4fd3f50,0,0,0,1
647,647,0,9a66c9f6709c2609d6689fe679be699ce6a9f2689be6d9b66b9be689a26b9fe699f26d9fe649b26c,6edb96bda46e5a7685a56e5ba6f9b9695a6699a76b5a6685ba691bf699bb689a168dba6e9a069da5,351,155,5a1,52d5d5454f5494a545545715052d4b52d57575485395755d4a55156549545594b5414955d5455151,277,d3757d6b54d3753d4b56d5b4dd3748d5355d374fd3349d4b50d2b51d2755d2350d5b56d4f4fd3f50,0,0,0,1
648,648,0,9a66c9f6709c2609d6689fe679be699ce6a9f2689be6d9b66b9be689a26b9fe699f26d9fe649b26c,6edb96bda46e5a7685a56e5ba6f9b9695a6699a76b5a6685ba691bf699bb689a168dba6e9a069da5,353,143,5a6,52d5d5454f5494a545545715052d4b52d57575485395755d4a55156549545594b5414955d5455151,264,d3757d6b54d3753d4b56d5b4dd3748d5355d374fd3349d4b50d2b51d2755d2350d5b56d4f4fd3f50,0,0,0,1
649,649,0,9a66c9f6709c2609d6689fe679be699ce6a9f2689be6d9b66b9be689a26b9fe699f26d9fe649b26c,6edb96bda46e5a7685a56e5ba6f9b9695a6699a76b5a6685ba691bf699bb689a168dba6e9a069da5,34c,548,5a4,52d5d5454f5494a545545715052d4b52d57575485395755d4a55156549545594b5414955d5455151,26d,d3757d6b54d3753d4b56d5b4dd3748d5355d374fd3349d4b50d2b51d2755d2350d5b56d4f4fd3f50,0,0,0,1
650,650,0,9a66c9f6709c2609d6689fe679be699ce6a9f2689be6d9b66b9be689a26b9fe699f26d9fe649b26c,6edb96bda46e5a7685a56e5ba6f9b9695a6699a76b5a6685ba691bf699bb689a168dba6e9a069da5,34e,557,1ac,529525594f5754b559545715052d4a52d57549485395755d4b5515754d54559485414955d5555d51,671,d3757d6b54d3753d4b56d5b4dd3748d5355d374fd3349d4b50d2b51d2755d2350d5b56d4f4fd3f50,0,0,0,1
651,651,0,9a66c9f6719ce609de689f2679b2699ce6a9f2699ba6d9f66a9be689a6689fe699f26d9fe649b67d,6edb96bda46e5a7685a56e5ba6f9b9695a6699a76b5a6685ba691bf699bb689a168dba6e9a069da5,350,546,1a6,529525594f5754b559545715052d4a52d57549485395755d4b5515754d54559485414955d5555d51,66d,d3757d6b54d3753d4b56d5b4dd3748d5355d374fd3349d4b50d2b51d2755d2350d5b56d4f4fd3f50,0,0,0,1
652,652,0,9a66c9f6719ce609de689f2679b2699ce6a9f2699ba6d9f66a9be689a6689fe699f26d9fe649b67d,6edb96bda46e5a7685a56e5ba6f9b9695a6699a76b5a6685ba691bf699bb689a168dba6e9a069da5,74d,547,1a1,529525594f5754b559545715052d4a52d57549485395755d4b5515754d54559485414955d5555d51,66f,d3757d6b54d3753d4b56d5b4dd3748d5355d374fd3349d4b50d2b51d2755d2350d5b56d4f4fd3f50,0,0,0,1
653,653,0,9a66c9f6719ce609de689f2679b2699ce6a9f2699ba6d9f66a9be689a6689fe699f26d9fe649b67d,6edb96bda46e5a7685a56e5ba6f9b9695a6699a76b5a6685ba691bf699bb689a168dba6e9a069da5,756,542,1ba,529525594f5754b559545715052d4a52d57549485395755d4b5515754d54559485414955d5555d51,670,d3356d6b54d3753d4b56d5b4dd3348d5755d4b4fd3749d4b51d2b50d3b5ad2f50d5f51d4f4cd3b50,0,0,0,1
654,654,0,9a66c9f6719ce609de689f2679b2699ce6a9f2699ba6d9f66a9be689a6689fe699f26d9fe649b67d,6edb96bda46e5a7685a56e5ba6f9b9695a6699a76b5a6685ba691bf699bb689a168dba6e9a069da5,75a,540,1a7,529525594f5754b559545715052d4a52d57549485395755d4b5515754d54559485414955d5555d51,671,d3356d6b54d3753d4b56d5b4dd3348d5755d4b4fd3749d4b51d2b50d3b5ad2f50d5f51d4f4cd3b50,0,0,0,1
655,655,0,9a66c9f6719ce609de689f2679b2699ce6a9f2699ba6d9f66a9be689a6689fe699f26d9fe649b67d,6edb96bda46e5a7685a56e5ba6f9b9695a6699a76b5a6685ba691bf699bb689a168dba6e9a069da5,755,551,1bf,529525594f5754b559545715052d4a52d57549485395755d4b5515754d54559485414955d5555d51,670,d3356d6b54d3753d4b56d5b4dd3348d5755d4b4fd3749d4b51d2b50d3b5ad2f50d5f51d4f4cd3b50,0,0,0,1
656,656,0,9a66c9f6719ce609de689f2679b2699ce6a9f2699ba6d9f66a9be689a6689fe699f26d9fe649b67d,6edb96bda46e5a7685a56e5ba6f9b9695a6699a76b5a6685ba691bf699bb689a168dba6e9a069da5,74d,555,1a6,529525594f5754b559545715052d4a52d57549485395755d4b5515754d54559485414955d5555d51,667,d3356d6b54d3753d4b56d5b4dd3348d5755d4b4fd3749d4b51d2b50d3b5ad2f50d5f51d4f4cd3b50,0,0,0,1
657,657,0,9a66c9f6719ce609de689f2679b2699ce6a9f2699ba6d9f66a9be689a6689fe699f26d9fe649b67d,6edb96bda46e5a7685a56e5ba6f9b9695a6699a76b5a6685ba691bf699bb689a168dba6e9a069da5,753,555,1bb,529525594f5754b559545715052d4a52d57549485395755d4b5515754d54559485414955d5555d51,673,d3356d6b54d3753d4b56d5b4dd3348d5755d4b4fd3749d4b51d2b50d3b5ad2f50d5f51d4f4cd3b50,0,0,0,1
658,658,0,9a66c9f6719ce609de689f2679b2699ce6a9f2699ba6d9f66a9be689a6689fe699f26d9fe649b67d,6edb96bda46e5a7685a56e5ba6f9b9695a6699a76b5a6685ba691bf699bb689a168dba6e9a069da5,752,540,1a3,529525594f5754b559545715052d4a52d57549485395755d4b5515754d54559485414955d5555d51,66c,d3356d6b54d3753d4b56d5b4dd3348d5755d4b4fd3749d4b51d2b50d3b5ad2f50d5f51d4f4cd3b50,0,0,0,1
659,659,0,9a66c9f6719ce609de689f2679b2699ce6a9f2699ba6d9f66a9be689a6689fe699f26d9fe649b67d,6edb96bda46e5a7685a56e5ba6f9b9695a6699a76b5a6685ba691bf699bb689a168dba6e9a069da5,756,548,1a1,529525594f5754b559545715052d4a52d57549485395755d4b5515754d54559485414955d5555d51,674,d3356d6b54d3753d4b56d5b4dd3348d5755d4b4fd3749d4b51d2b50d3b5ad2f50d5f51d4f4cd3b50,0,0,0,1
660,660,0,9a66c9f6719ce609de689f2679b2699ce6a9f2699ba6d9f66a9be689a6689fe699f26d9fe649b67d,6edb96bda46e5a7685a56e5ba6f9b9695a6699a76b5a6685ba691bf699bb689a168dba6e9a069da5,756,54b,1a3,529525594f5754b559545715052d4a52d57549485395755d4b5515754d54559485414955d5555d51,666,d3356d6b54d3753d4b56d5b4dd3348d5755d4b4fd3749d4b51d2b50d3b5ad2f50d5f51d4f4cd3b50,0,0,0,1
661,661,0,9a66c9f6719ce609de689f2679b2699ce6a9f2699ba6d9f66a9be689a6689fe699f26d9fe649b67d,6edb96bda46e5a7685a56e5ba6f9b9695a6699a76b5a6685ba691bf699bb689a168dba6e9a069da5,74d,543,1ba,529525594f5754b559545715052d4a52d57549485395755d4b5515754d54559485414955d5555d51,66b,d3356d6b54d3753d4b56d5b4dd3348d5755d4b4fd3749d4b51d2b50d3b5ad2f50d5f51d4f4cd3b50,0,0,0,1
662,662,0,9a66c9f6719ce609de689f2679b2699ce6a9f2699ba6d9f66a9be689a6689fe699f26d9fe649b67d,6edb96bda46e5a7685a56e5ba6f9b9695a6699a76b5a6685ba691bf699bb689a168dba6e9a069da5,74c,557,1ba,529525594f5754b559545715052d4a52d57549485395755d4b5515754d54559485414955d5555d51,671,d3356d6b54d3753d4b56d5b4dd3348d5755d4b4fd3749d4b51d2b50d3b5ad2f50d5f51d4f4cd3b50,0,0,0,1
663,663,0,9a66c9f6719ce609de689f2679b2699ce6a9f2699ba6d9f66a9be689a6689fe699f26d9fe649b67d,6edb96bda46e5a7685a56e5ba6f9b9695a6699a76b5a6685ba691bf699bb689a168dba6e9a069da5,748,540,1a3,529525594f5754b559545715052d4a52d57549485395755d4b5515754d54559485414955d5555d51,673,d3356d6b54d3753d4b56d5b4dd3348d5755d4b4fd3749d4b51d2b50d3b5ad2f50d5f51d4f4cd3b50,0,0,0,1
664,664,0,9a66c9f6719ce609de689f2679b2699ce6a9f2699ba6d9f66a9be689a6689fe699f26d9fe649b67d,6edb96bda46e5a7685a56e5ba6f9b9695a6699a76b5a6685ba691bf699bb689a168dba6e9a069da5,757,548,1a7,529525594f5754b559545715052d4a52d57549485395755d4b5515754d54559485414955d5555d51,66e,d3356d6b54d3753d4b56d5b4dd3348d5755d4b4fd3749d4b51d2b50d3b5ad2f50d5f51d4f4cd3b50,0,0,0,1
665,665,0,9a66c9f6719ce609de689f2679b2699ce6a9f2699ba6d9f66a9be689a6689fe699f26d9fe649b67d,6edb96bda46e5a7685a56e5ba6f9b9695a6699a76b5a6685ba691bf699bb689a168dba6e9a069da5,754,141,1a4,529525594f5754b559545715052d4a52d57549485395755d4b5515754d54559485414955d5555d51,670,d3356d6b54d3753d4b56d5b4dd3348d5755d4b4fd3749d4b51d2b50d3b5ad2f50d5f51d4f4cd3b50,0,0,0,1
666,666,0,9a66c9f6719ce609de689f2679b2699ce6a9f2699ba6d9f66a9be689a6689fe699f26d9fe649b67d,6edb96bda46e5a7685a56e5ba6f9b9695a6699a76b5a6685ba691bf699bb689a168dba6e9a069da5,752,156,5bb,529525594f5754b559545715052d4a52d57549485395755d4b5515754d54559485414955d5555d51,26d,d3356d6b54d3753d4b56d5b4dd3348d5755d4b4fd3749d4b51d2b50d3b5ad2f50d5f51d4f4cd3b50,0,0,0,1
667,667,0,9a66c9f6719ce609de689f2679b2699ce6a9f2699ba6d9f66a9be689a6689fe699f26d9fe649b67d,6edb86bda46e5a7685a56e5ba6e5b9695a1699a46b1a6685ba69dbf699bb68da168dba6e9a369da4,74c,147,5b8,529525594f5754b559545715052d4a52d57549485395755d4b5515754d54559485414955d5555d51,26e,d3356d6b54d3753d4b56d5b4dd3348d5755d4b4fd3749d4b51d2b50d3b5ad2f50d5f51d4f4cd3b50,0,0,0,1
668,668,0,9a66c9f6719ce609de689f2679b2699ce6a9f2699ba6d9f66a9be689a6689fe699f26d9fe649b67d,6edb86bda46e5a7685a56e5ba6e5b9695a1699a46b1a6685ba69dbf699bb68da168dba6e9a369da4,34c,141,5af,529525594f5754b559545715052d4a52d57549485395755d4b5515754d54559485414955d5555d51,26d,d3356d6b54d3753d4b56d5b4dd3348d5755d4b4fd3749d4b51d2b50d3b5ad2f50d5f51d4f4cd3b50,0,0,0,1
669,669,0,9a66c9f6719ce609de689f2679b2699ce6a9f2699ba6d9f66a9be689a6689fe699f26d9fe649b67d,6edb86bda46e5a7685a56e5ba6e5b9695a1699a46b1a6685ba69dbf699bb68da168dba6e9a369da4,34e,157,5a4,529525594f5754b559545715052d4a52d57549485395755d4b5515754d54559485414955d5555d51,26e,d3356d6b54d3753d4b56d5b4dd3348d5755d4b4fd3749d4b51d2b50d3b5ad2f50d5f51d4f4cd3b50,0,0,0,1
670,670,0,9a66c9f6719ce609de689f2679b2699ce6a9f2699ba6d9f66a9be689a6689fe699f26d9fe649b67d,6edb86bda46e5a7685a56e5ba6e5b9695a1699a46b1a6685ba69dbf699bb68da168dba6e9a369da4,352,157,5b9,529525594f5754b559545715052d4a52d57549485395755d4b5515754d54559485414955d5555d51,271,d3356d6b54d3753d4b56d5b4dd3348d5755d4b4fd3749d4b51d2b50d3b5ad2f50d5f51d4f4cd3b50,0,0,0,1
671,671,0,9a66c9f6719ce609de689f2679b2699ce6a9f2699ba6d9f66a9be689a6689fe699f26d9fe649b67d,6edb86bda46e5a7685a56e5ba6e5b9695a1699a46b1a6685ba69dbf699bb68da168dba6e9a369da4,351,150,5a7,529525594f5754b559545715052d4a52d57549485395755d4b5515754d54559485414955d5555d51,26b,d3356d6b54d3753d4b56d5b4dd3348d5755d4b4fd3749d4b51d2b50d3b5ad2f50d5f51d4f4cd3b50,0,0,0,1
672,672,0,9a66c9f6719ce609de689f2679b2699ce6a9f2699ba6d9f66a9be689a6689fe699f26d9fe649b67d,6edb86bda46e5a7685a56e5ba6e5b9695a1699a46b1a6685ba69dbf699bb68da168dba6e9a369da4,34a,156,5a1,529525594f5754b559545715052d4a52d57549485395755d4b5515754d54559485414955d5555d51,270,d3356d6b54d3753d4b56d5b4dd3348d5755d4b4fd3749d4b51d2b50d3b5ad2f50d5f51d4f4cd3b50,0,0,0,1
673,673,0,9a66c9f6719ce609de689f2679b2699ce6a9f2699ba6d9f66a9be689a6689fe699f26d9fe649b67d,6edb86bda46e5a7685a56e5ba6e5b9695a1699a46b1a6685ba69dbf699bb68da168dba6e9a369da4,351,144,5a5,529525594f5754b559545715052d4a52d57549485395755d4b5515754d54559485414955d5555d51,269,d3356d6b54d3753d4b56d5b4dd3348d5755d4b4fd3749d4b51d2b50d3b5ad2f50d5f51d4f4cd3b50,0,0,0,1
674,674,0,9a66c9f6719ce609de689f2679b2699ce6a9f2699ba6d9f66a9be689a6689fe699f26d9fe649b67d,6edb86bda46e5a7685a56e5ba6e5b9695a1699a46b1a6685ba69dbf699bb68da168dba6e9a369da4,34e,140,5b9,529525594f5754b559545715052d4a52d57549485395755d4b5515754d54559485414955d5555d51,26c,d3356d6b54d3753d4b56d5b4dd3348d5755d4b4fd3749d4b51d2b50d3b5ad2f50d5f51d4f4cd3b50,0,0,0,1
675,675,0,9a66c9f6719ce609de689f2679b2699ce6a9f2699ba6d9f66a9be689a6689fe699f26d9fe649b67d,6edb86bda46e5a7685a56e5ba6e5b9695a1699a46b1a6685ba69dbf699bb68da168dba6e9a369da4,35a,140,5ba,529525594f5754b559545715052d4a52d57549485395755d4b5515754d54559485414955d5555d51,273,d3356d6b54d3753d4b56d5b4dd3348d5755d4b4fd3749d4b51d2b50d3b5ad2f50d5f51d4f4cd3b50,0,0,0,1
676,676,0,9a66c9f6719ce609de689f2679b2699ce6a9f2699ba6d9f66a9be689a6689fe699f26d9fe649b67d,6edb86bda46e5a7685a56e5ba6e5b9695a1699a46b1a6685ba69dbf699bb68da168dba6e9a369da4,34b,142,5b9,529525594f5754b559545715052d4a52d57549485395755d4b5515754d54559485414955d5555d51,26a,d3356d6b54d3753d4b56d5b4dd3348d5755d4b4fd3749d4b51d2b50d3b5ad2f50d5f51d4f4cd3b50,0,0,0,1
677,677,0,9a66c9f6719ce609de689f2679b2699ce6a9f2699ba6d9f66a9be689a6689fe699f26d9fe649b67d,6edb86bda46e5a7685a56e5ba6e5b9695a1699a46b1a6685ba69dbf699bb68da168dba6e9a369da4,353,155,5b8,529525594f5754b559545715052d4a52d57549485395755d4b5515754d54559485414955d5555d51,274,d3356d6b54d3753d4b56d5b4dd3348d5755d4b4fd3749d4b51d2b50d3b5ad2f50d5f51d4f4cd3b50,0,0,0,1
678,678,0,9a66c9f6719ce609de689f2679b2699ce6a9f2699ba6d9f66a9be689a6689fe699f26d9fe649b67d,6edb86bda46e5a7685a56e5ba6e5b9695a1699a46b1a6685ba69dbf699bb68da168dba6e9a369da4,356,157,5a4,529525594f5754b559545715052d4a52d57549485395755d4b5515754d54559485414955d5555d51,26d,d3356d6b54d3753d4b56d5b4dd3348d5755d4b4fd3749d4b51d2b50d3b5ad2f50d5f51d4f4cd3b50,0,0,0,1
679,679,0,9a66c9f6719ce609de689f2679b2699ce6a9f2699ba6d9f66a9be689a6689fe699f26d9fe649b67d,6edb86bda46e5a7685a56e5ba6e5b9695a1699a46b1a6685ba69dbf699bb68da168dba6e9a369da4,356,155,5a1,529525594f5754b559545715052d4a52d57549485395755d4b5515754d54559485414955d5555d51,274,d3356d6b54d3753d4b56d5b4dd3348d5755d4b4fd3749d4b51d2b50d3b5ad2f50d5f51d4f4cd3b50,0,0,0,1
680,680,0,9a66c9f6719ce609de689f2679b2699ce6a9f2699ba6d9f66a9be689a6689fe699f26d9fe649b67d,6edb86bda46e5a7685a56e5ba6e5b9695a1699a46b1a6685ba69dbf699bb68da168dba6e9a369da4,352,143,5a6,529525594f5754b559545715052d4a52d57549485395755d4b5515754d54559485414955d5555d51,264,d3356d6b54d3753d4b56d5b4dd3348d5755d4b4fd3749d4b51d2b50d3b5ad2f50d5f51d4f4cd3b50,0,0,0,1
681,681,0,9a66c9f6719ce609de689f2679b2699ce6a9f2699ba6d9f66a9be689a6689fe699f26d9fe649b67d,6edb86bda46e5a7685a56e5ba6e5b9695a1699a46b1a6685ba69dbf699bb68da168dba6e9a369da4,34c,548,5a7,529525594f5754b559545715052d4a52d57549485395755d4b5515754d54559485414955d5555d51,26d,d3356d6b54d3753d4b56d5b4dd3348d5755d4b4fd3749d4b51d2b50d3b5ad2f50d5f51d4f4cd3b50,0,0,0,1
682,682,0,9a66c9f6719ce609de689f2679b2699ce6a9f2699ba6d9f66a9be689a6689fe699f26d9fe649b67d,6edb86bda46e5a7685a56e5ba6e5b9695a1699a46b1a6685ba69dbf699bb68da168dba6e9a369da4,34f,557,1ad,5295d5594f5494a54555575505214b52d57549485255455d4b5555754954559485414855d5555d51,671,d3356d6b54d3753d4b56d5b4dd3348d5755d4b4fd3749d4b51d2b50d3b5ad2f50d5f51d4f4cd3b50,0,0,0,1
683,683,0,9a66f9f2719c2639de689f2669be699ce6a9f2699ba6d9ba6d9ae689a6689fe6a9e26d9f2649b66d,6edb86bda46e5a7685a56e5ba6e5b9695a1699a46b1a6685ba69dbf699bb68da168dba6e9a369da4,350,546,1a6,5295d5594f5494a54555575505214b52d57549485255455d4b5555754954559485414855d5555d51,66d,d3356d6b54d3753d4b56d5b4dd3348d5755d4b4fd3749d4b51d2b50d3b5ad2f50d5f51d4f4cd3b50,0,0,0,1
684,684,0,9a66f9f2719c2639de689f2669be699ce6a9f2699ba6d9ba6d9ae689a6689fe6a9e26d9f2649b66d,6edb86bda46e5a7685a56e5ba6e5b9695a1699a46b1a6685ba69dbf699bb68da168dba6e9a369da4,74c,547,1a1,5295d5594f5494a54555575505214b52d57549485255455d4b5555754954559485414855d5555d51,66f,d3356d6b54d3753d4b56d5b4dd3348d5755d4b4fd3749d4b51d2b50d3b5ad2f50d5f51d4f4cd3b50,0,0,0,1
685,685,0,9a66f9f2719c2639de689f2669be699ce6a9f2699ba6d9ba6d9ae689a6689fe6a9e26d9f2649b66d,6edb86bda46e5a7685a56e5ba6e5b9695a1699a46b1a6685ba69dbf699bb68da168dba6e9a369da4,756,542,1bb,5295d5594f5494a54555575505214b52d57549485255455d4b5555754954559485414855d5555d51,670,d3756d6b55d3753d4b56d5b4dd3348d5754d4b4cd334ed4b51d2b51d3b5ad2f53d5b56d4b4cd3f50,0,0,0,1
686,686,0,9a66f9f2719c2639de689f2669be699ce6a9f2699ba6d9ba6d9ae689a6689fe6a9e26d9f2649b66d,6edb86bda46e5a7685a56e5ba6e5b9695a1699a46b1a6685ba69dbf699bb68da168dba6e9a369da4,75b,543,1a7,5295d5594f5494a54555575505214b52d57549485255455d4b5555754954559485414855d5555d51,671,d3756d6b55d3753d4b56d5b4dd3348d5754d4b4cd334ed4b51d2b51d3b5ad2f53d5b56d4b4cd3f50,0,0,0,1
687,687,0,9a66f9f2719c2639de689f2669be699ce6a9f2699ba6d9ba6d9ae689a6689fe6a9e26d9f2649b66d,6edb86bda46e5a7685a56e5ba6e5b9695a1699a46b1a6685ba69dbf699bb68da168dba6e9a369da4,754,554,1bf,5295d5594f5494a54555575505214b52d57549485255455d4b5555754954559485414855d5555d51,670,d3756d6b55d3753d4b56d5b4dd3348d5754d4b4cd334ed4b51d2b51d3b5ad2f53d5b56d4b4cd3f50,0,0,0,1
688,688,0,9a66f9f2719c2639de689f2669be699ce6a9f2699ba6d9ba6d9ae689a6689fe6a9e26d9f2649b66d,6edb86bda46e5a7685a56e5ba6e5b9695a1699a46b1a6685ba69dbf699bb68da168dba6e9a369da4,74c,555,1a6,5295d5594f5494a54555575505214b52d57549485255455d4b5555754954559485414855d5555d51,667,d3756d6b55d3753d4b56d5b4dd3348d5754d4b4cd334ed4b51d2b51d3b5ad2f53d5b56d4b4cd3f50,0,0,0,1
689,689,0,9a66f9f2719c2639de689f2669be699ce6a9f2699ba6d9ba6d9ae689a6689fe6a9e26d9f2649b66d,6edb86bda46e5a7685a56e5ba6e5b9695a1699a46b1a6685ba69dbf699bb68da168dba6e9a369da4,750,555,1bb,5295d5594f5494a54555575505214b52d57549485255455d4b5555754954559485414855d5555d51,673,d3756d6b55d3753d4b56d5b4dd3348d5754d4b4cd334ed4b51d2b51d3b5ad2f53d5b56d4b4cd3f50,0,0,0,1
690,690,0,9a66f9f2719c2639de689f2669be699ce6a9f2699ba6d9ba6d9ae689a6689fe6a9e26d9f2649b66d,6edb86bda46e5a7685a56e5ba6e5b9695a1699a46b1a6685ba69dbf699bb68da168dba6e9a369da4,752,543,1a3,5295d5594f5494a54555575505214b52d57549485255455d4b5555754954559485414855d5555d51,66c,d3756d6b55d3753d4b56d5b4dd3348d5754d4b4cd334ed4b51d2b51d3b5ad2f53d5b56d4b4cd3f50,0,0,0,1
691,691,0,9a66f9f2719c2639de689f2669be699ce6a9f2699ba6d9ba6d9ae689a6689fe6a9e26d9f2649b66d,6edb86bda46e5a7685a56e5ba6e5b9695a1699a46b1a6685ba69dbf699bb68da168dba6e9a369da4,756,54b,1a6,5295d5594f5494a54555575505214b52d57549485255455d4b5555754954559485414855d5555d51,677,d3756d6b55d3753d4b56d5b4dd3348d5754d4b4cd334ed4b51d2b51d3b5ad2f53d5b56d4b4cd3f50,0,0,0,1
692,692,0,9a66f9f2719c2639de689f2669be699ce6a9f2699ba6d9ba6d9ae689a6689fe6a9e26d9f2649b66d,6edb86bda46e5a7685a56e5ba6e5b9695a1699a46b1a6685ba69dbf699bb68da168dba6e9a369da4,756,54b,1a3,5295d5594f5494a54555575505214b52d57549485255455d4b5555754954559485414855d5555d51,667,d3756d6b55d3753d4b56d5b4dd3348d5754d4b4cd334ed4b51d2b51d3b5ad2f53d5b56d4b4cd3f50,0,0,0,1
693,693,0,9a66f9f2719c2639de689f2669be699ce6a9f2699ba6d9ba6d9ae689a6689fe6a9e26d9f2649b66d,6edb86bda46e5a7685a56e5ba6e5b9695a1699a46b1a6685ba69dbf699bb68da168dba6e9a369da4,74c,543,1a5,5295d5594f5494a54555575505214b52d57549485255455d4b5555754954559485414855d5555d51,66b,d3756d6b55d3753d4b56d5b4dd3348d5754d4b4cd334ed4b51d2b51d3b5ad2f53d5b56d4b4cd3f50,0,0,0,1
694,694,0,9a66f9f2719c2639de689f2669be699ce6a9f2699ba6d9ba6d9ae689a6689fe6a9e26d9f2649b66d,6edb86bda46e5a7685a56e5ba6e5b9695a1699a46b1a6685ba69dbf699bb68da168dba6e9a369da4,74c,557,1bb,5295d5594f5494a54555575505214b52d57549485255455d4b5555754954559485414855d5555d51,671,d3756d6b55d3753d4b56d5b4dd3348d5754d4b4cd334ed4b51d2b51d3b5ad2f53d5b56d4b4cd3f50,0,0,0,1
695,695,0,9a66f9f2719c2639de689f2669be699ce6a9f2699ba6d9ba6d9ae689a6689fe6a9e26d9f2649b66d,6edb86bda46e5a7685a56e5ba6e5b9695a1699a46b1a6685ba69dbf699bb68da168dba6e9a369da4,749,540,1a3,5295d5594f5494a54555575505214b52d57549485255455d4b5555754954559485414855d5555d51,673,d3756d6b55d3753d4b56d5b4dd3348d5754d4b4cd334ed4b51d2b51d3b5ad2f53d5b56d4b4cd3f50,0,0,0,1
696,696,0,9a66f9f2719c2639de689f2669be699ce6a9f2699ba6d9ba6d9ae689a6689fe6a9e26d9f2649b66d,6edb86bda46e5a7685a56e5ba6e5b9695a1699a46b1a6685ba69dbf699bb68da168dba6e9a369da4,757,54a,1a7,5295d5594f5494a54555575505214b52d57549485255455d4b5555754954559485414855d5555d51,671,d3756d6b55d3753d4b56d5b4dd3348d5754d4b4cd334ed4b51d2b51d3b5ad2f53d5b56d4b4cd3f50,0,0,0,1
697,697,0,9a66f9f2719c2639de689f2669be699ce6a9f2699ba6d9ba6d9ae689a6689fe6a9e26d9f2649b66d,6edb86bda46e5a7685a56e5ba6e5b9695a1699a46b1a6685ba69dbf699bb68da168dba6e9a369da4,754,144,1a4,5295d5594f5494a54555575505214b52d57549485255455d4b5555754954559485414855d5555d51,670,d3756d6b55d3753d4b56d5b4dd3348d5754d4b4cd334ed4b51d2b51d3b5ad2f53d5b56d4b4cd3f50,0,0,0,1
698,698,0,9a66f9f2719c2639de689f2669be699ce6a9f2699ba6d9ba6d9ae689a6689fe6a9e26d9f2649b66d,6edb86bda46e5a7685a56e5ba6e5b9695a1699a46b1a6685ba69dbf699bb68da168dba6e9a369da4,74d,156,5bb,5295d5594f5494a54555575505214b52d57549485255455d4b5555754954559485414855d5555d51,26d,d3756d6b55d3753d4b56d5b4dd3348d5754d4b4cd334ed4b51d2b51d3b5ad2f53d5b56d4b4cd3f50,0,0,0,1
699,699,0,9a66f9f2719c2639de689f2669be699ce6a9f2699ba6d9ba6d9ae689a6689fe6a9e26d9f2649b66d,6edb86bda46e5a7685a56e5ba6e5b8691a1699a76b5a6685bb69dbf699bb68da668da56eda369da4,74c,147,5b8,5295d5594f5494a54555575505214b52d57549485255455d4b5555754954559485414855d5555d51,26f,d3756d6b55d3753d4b56d5b4dd3348d5754d4b4cd334ed4b51d2b51d3b5ad2f53d5b56d4b4cd3f50,0,0,0,1
700,700,0,9a66f9f2719c2639de689f2669be699ce6a9f2699ba6d9ba6d9ae689a6689fe6a9e26d9f2649b66d,6edb86bda46e5a7685a56e5ba6e5b8691a1699a76b5a6685bb69dbf699bb68da668da56eda369da4,34d,141,5af,5295d5594f5494a54555575505214b52d57549485255455d4b5555754954559485414855d5555d51,26d,d3756d6b55d3753d4b56d5b4dd3348d5754d4b4cd334ed4b51d2b51d3b5ad2f53d5b56d4b4cd3f50,0,0,0,1
701,701,0,9a66f9f2719c2639de689f2669be699ce6a9f2699ba6d9ba6d9ae689a6689fe6a9e26d9f2649b66d,6edb86bda46e5a7685a56e5ba6e5b8691a1699a76b5a6685bb69dbf699bb68da668da56eda369da4,349,156,5a4,5295d5594f5494a54555575505214b52d57549485255455d4b5555754954559485414855d5555d51,271,d3756d6b55d3753d4b56d5b4dd3348d5754d4b4cd334ed4b51d2b51d3b5ad2f53d5b56d4b4cd3f50,0,0,0,1
702,702,0,9a66f9f2719c2639de689f2669be699ce6a9f2699ba6d9ba6d9ae689a6689fe6a9e26d9f2649b66d,6edb86bda46e5a7685a56e5ba6e5b8691a1699a76b5a6685bb69dbf699bb68da668da56eda369da4,353,156,5b9,5295d5594f5494a54555575505214b52d57549485255455d4b5555754954559485414855d5555d51,270,d3756d6b55d3753d4b56d5b4dd3348d5754d4b4cd334ed4b51d2b51d3b5ad2f53d5b56d4b4cd3f50,0,0,0,1
703,703,0,9a66f9f2719c2639de689f2669be699ce6a9f2699ba6d9ba6d9ae689a6689fe6a9e26d9f2649b66d,6edb86bda46e5a7685a56e5ba6e5b8691a1699a76b5a6685bb69dbf699bb68da668da56eda369da4,351,152,5a7,5295d5594f5494a54555575505214b52d57549485255455d4b5555754954559485414855d5555d51,26a,d3756d6b55d3753d4b56d5b4dd3348d5754d4b4cd334ed4b51d2b51d3b5ad2f53d5b56d4b4cd3f50,0,0,0,1
704,704,0,9a66f9f2719c2639de689f2669be699ce6a9f2699ba6d9ba6d9ae689a6689fe6a9e26d9f2649b66d,6edb86bda46e5a7685a56e5ba6e5b8691a1699a76b5a6685bb69dbf699bb68da668da56eda369da4,34a,157,5a1,5295d5594f5494a54555575505214b52d57549485255455d4b5555754954559485414855d5555d51,270,d3756d6b55d3753d4b56d5b4dd3348d5754d4b4cd334ed4b51d2b51d3b5ad2f53d5b56d4b4cd3f50,0,0,0,1
705,705,0,9a66f9f2719c2639de689f2669be699ce6a9f2699ba6d9ba6d9ae689a6689fe6a9e26d9f2649b66d,6edb86bda46e5a7685a56e5ba6e5b8691a1699a76b5a6685bb69dbf699bb68da668da56eda369da4,351,154,5a4,5295d5594f5494a54555575505214b52d57549485255455d4b5555754954559485414855d5555d51,269,d3756d6b55d3753d4b56d5b4dd3348d5754d4b4cd334ed4b51d2b51d3b5ad2f53d5b56d4b4cd3f50,0,0,0,1
706,706,0,9a66f9f2719c2639de689f2669be699ce6a9f2699ba6d9ba6d9ae689a6689fe6a9e26d9f2649b66d,6edb86bda46e5a7685a56e5ba6e5b8691a1699a76b5a6685bb69dbf699bb68da668da56eda369da4,34e,140,5b9,5295d5594f5494a54555575505214b52d57549485255455d4b5555754954559485414855d5555d51,26f,d3756d6b55d3753d4b56d5b4dd3348d5754d4b4cd334ed4b51d2b51d3b5ad2f53d5b56d4b4cd3f50,0,0,0,1
707,707,0,9a66f9f2719c2639de689f2669be699ce6a9f2699ba6d9ba6d9ae689a6689fe6a9e26d9f2649b66d,6edb86bda46e5a7685a56e5ba6e5b8691a1699a76b5a6685bb69dbf699bb68da668da56eda369da4,35a,140,5ba,5295d5594f5494a54555575505214b52d57549485255455d4b5555754954559485414855d5555d51,270,d3756d6b55d3753d4b56d5b4dd3348d5754d4b4cd334ed4b51d2b51d3b5ad2f53d5b56d4b4cd3f50,0,0,0,1
708,708,0,9a66f9f2719c2639de689f2669be699ce6a9f2699ba6d9ba6d9ae689a6689fe6a9e26d9f2649b66d,6edb86bda46e5a7685a56e5ba6e5b8691a1699a76b5a6685bb69dbf699bb68da668da56eda369da4,348,143,5b9,5295d5594f5494a54555575505214b52d57549485255455d4b5555754954559485414855d5555d51,26d,d3756d6b55d3753d4b56d5b4dd3348d5754d4b4cd334ed4b51d2b51d3b5ad2f53d5b56d4b4cd3f50,0,0,0,1
709,709,0,9a66f9f2719c2639de689f2669be699ce6a9f2699ba6d9ba6d9ae689a6689fe6a9e26d9f2649b66d,6edb86bda46e5a7685a56e5ba6e5b8691a1699a76b5a6685bb69dbf699bb68da668da56eda369da4,350,154,5b8,5295d5594f5494a54555575505214b52d57549485255455d4b5555754954559485414855d5555d51,274,d3756d6b55d3753d4b56d5b4dd3348d5754d4b4cd334ed4b51d2b51d3b5ad2f53d5b56d4b4cd3f50,0,0,0,1
710,710,0,9a66f9f2719c2639de689f2669be699ce6a9f2699ba6d9ba6d9ae689a6689fe6a9e26d9f2649b66d,6edb86bda46e5a7685a56e5ba6e5b8691a1699a76b5a6685bb69dbf699bb68da668da56eda369da4,357,157,5a4,5295d5594f5494a54555575505214b52d57549485255455d4b5555754954559485414855d5555d51,26d,d3756d6b55d3753d4b56d5b4dd3348d5754d4b4cd334ed4b51d2b51d3b5ad2f53d5b56d4b4cd3f50,0,0,0,1
711,711,0,9a66f9f2719c2639de689f2669be699ce6a9f2699ba6d9ba6d9ae689a6689fe6a9e26d9f2649b66d,6edb86bda46e5a7685a56e5ba6e5b8691a1699a76b5a6685bb69dbf699bb68da668da56eda369da4,356,155,5a1,5295d5594f5494a54555575505214b52d57549485255455d4b5555754954559485414855d5555d51,274,d3756d6b55d3753d4b56d5b4dd3348d5754d4b4cd334ed4b51d2b51d3b5ad2f53d5b56d4b4cd3f50,0,0,0,1
712,712,0,9a66f9f2719c2639de689f2669be699ce6a9f2699ba6d9ba6d9ae689a6689fe6a9e26d9f2649b66d,6edb86bda46e5a7685a56e5ba6e5b8691a1699a76b5a6685bb69dbf699bb68da668da56eda369da4,353,143,5a6,5295d5594f5494a54555575505214b52d57549485255455d4b5555754954559485414855d5555d51,264,d3756d6b55d3753d4b56d5b4dd3348d5754d4b4cd334ed4b51d2b51d3b5ad2f53d5b56d4b4cd3f50,0,0,0,1
713,713,0,9a66f9f2719c2639de689f2669be699ce6a9f2699ba6d9ba6d9ae689a6689fe6a9e26d9f2649b66d,6edb86bda46e5a7685a56e5ba6e5b8691a1699a76b5a6685bb69dbf699bb68da668da56eda369da4,34f,542,5a7,5295d5594f5494a54555575505214b52d57549485255455d4b5555754954559485414855d5555d51,26d,d3756d6b55d3753d4b56d5b4dd3348d5754d4b4cd334ed4b51d2b51d3b5ad2f53d5b56d4b4cd3f50,0,0,0,1
714,714,0,9a66f9f2719c2639de689f2669be699ce6a9f2699ba6d9ba6d9ae689a6689fe6a9e26d9f2649b66d,6edb86bda46e5a7685a56e5ba6e5b8691a1699a76b5a6685bb69dbf699bb68da668da56eda369da4,34f,552,1ac,5295d5594f5494b559555755352d4b52d57549485395455d4b551565495755948541495595555d51,671,d3756d6b55d3753d4b56d5b4dd3348d5754d4b4cd334ed4b51d2b51d3b5ad2f53d5b56d4b4cd3f50,0,0,0,1
715,715,0,9a66f9b2709c2729de689fe679be699ce719c6789be6d9b6709aa689a66b9f2699f26d9f2649b66d,6edb86bda46e5a7685a56e5ba6e5b8691a1699a76b5a6685bb69dbf699bb68da668da56eda369da4,351,546,1a6,5295d5594f5494b559555755352d4b52d57549485395455d4b551565495755948541495595555d51,66d,d3756d6b55d3753d4b56d5b4dd3348d5754d4b4cd334ed4b51d2b51d3b5ad2f53d5b56d4b4cd3f50,0,0,0,1
716,716,0,9a66f9b2709c2729de689fe679be699ce719c6789be6d9b6709aa689a66b9f2699f26d9f2649b66d,6edb86bda46e5a7685a56e5ba6e5b8691a1699a76b5a6685bb69dbf699bb68da668da56eda369da4,74d,547,1a6,5295d5594f5494b559555755352d4b52d57549485395455d4b551565495755948541495595555d51,66c,d3756d6b55d3753d4b56d5b4dd3348d5754d4b4cd334ed4b51d2b51d3b5ad2f53d5b56d4b4cd3f50,0,0,0,1
717,717,0,9a66f9b2709c2729de689fe679be699ce719c6789be6d9b6709aa689a66b9f2699f26d9f2649b66d,6edb86bda46e5a7685a56e5ba6e5b8691a1699a76b5a6685bb69dbf699bb68da668da56eda369da4,756,542,1bb,5295d5594f5494b559555755352d4b52d57549485395455d4b551565495755948541495595555d51,671,d3356d6f54d3350d4b56d5b4cd3349d5754d374cd3749d4f51d2b51d3b5ad2350d5f56d4f4fd3f51,0,0,0,1
718,718,0,9a66f9b2709c2729de689fe679be699ce719c6789be6d9b6709aa689a66b9f2699f26d9f2649b66d,6edb86bda46e5a7685a56e5ba6e5b8691a1699a76b5a6685bb69dbf699bb68da668da56eda369da4,75a,541,1a7,5295d5594f5494b559555755352d4b52d57549485395455d4b551565495755948541495595555d51,671,d3356d6f54d3350d4b56d5b4cd3349d5754d374cd3749d4f51d2b51d3b5ad2350d5f56d4f4fd3f51,0,0,0,1
719,719,0,9a66f9b2709c2729de689fe679be699ce719c6789be6d9b6709aa689a66b9f2699f26d9f2649b66d,6edb86bda46e5a7685a56e5ba6e5b8691a1699a76b5a6685bb69dbf699bb68da668da56eda369da4,754,551,1bf,5295d5594f5494b559555755352d4b52d57549485395455d4b551565495755948541495595555d51,670,d3356d6f54d3350d4b56d5b4cd3349d5754d374cd3749d4f51d2b51d3b5ad2350d5f56d4f4fd3f51,0,0,0,1
720,720,0,9a66f9b2709c2729de689fe679be699ce719c6789be6d9b6709aa689a66b9f2699f26d9f2649b66d,6edb86bda46e5a7685a56e5ba6e5b8691a1699a76b5a6685bb69dbf699bb68da668da56eda369da4,74d,554,1a6,5295d5594f5494b559555755352d4b52d57549485395455d4b551565495755948541495595555d51,667,d3356d6f54d3350d4b56d5b4cd3349d5754d374cd3749d4f51d2b51d3b5ad2350d5f56d4f4fd3f51,0,0,0,1
721,721,0,9a66f9b2709c2729de689fe679be699ce719c6789be6d9b6709aa689a66b9f2699f26d9f2649b66d,6edb86bda46e5a7685a56e5ba6e5b8691a1699a76b5a6685bb69dbf699bb68da668da56eda369da4,750,555,1a5,5295d5594f5494b559555755352d4b52d57549485395455d4b551565495755948541495595555d51,673,d3356d6f54d3350d4b56d5b4cd3349d5754d374cd3749d4f51d2b51d3b5ad2350d5f56d4f4fd3f51,0,0,0,1
722,722,0,9a66f9b2709c2729de689fe679be699ce719c6789be6d9b6709aa689a66b9f2699f26d9f2649b66d,6edb86bda46e5a7685a56e5ba6e5b8691a1699a76b5a6685bb69dbf699bb68da668da56eda369da4,752,543,1a3,5295d5594f5494b559555755352d4b52d57549485395455d4b551565495755948541495595555d51,66c,d3356d6f54d3350d4b56d5b4cd3349d5754d374cd3749d4f51d2b51d3b5ad2350d5f56d4f4fd3f51,0,0,0,1
723,723,0,9a66f9b2709c2729de689fe679be699ce719c6789be6d9b6709aa689a66b9f2699f26d9f2649b66d,6edb86bda46e5a7685a56e5ba6e5b8691a1699a76b5a6685bb69dbf699bb68da668da56eda369da4,756,54b,1a7,5295d5594f5494b559555755352d4b52d57549485395455d4b551565495755948541495595555d51,674,d3356d6f54d3350d4b56d5b4cd3349d5754d374cd3749d4f51d2b51d3b5ad2350d5f56d4f4fd3f51,0,0,0,1
724,724,0,9a66f9b2709c2729de689fe679be699ce719c6789be6d9b6709aa689a66b9f2699f26d9f2649b66d,6edb86bda46e5a7685a56e5ba6e5b8691a1699a76b5a6685bb69dbf699bb68da668da56eda369da4,751,54b,1a3,5295d5594f5494b559555755352d4b52d57549485395455d4b551565495755948541495595555d51,667,d3356d6f54d3350d4b56d5b4cd3349d5754d374cd3749d4f51d2b51d3b5ad2350d5f56d4f4fd3f51,0,0,0,1
725,725,0,9a66f9b2709c2729de689fe679be699ce719c6789be6d9b6709aa689a66b9f2699f26d9f2649b66d,6edb86bda46e5a7685a56e5ba6e5b8691a1699a76b5a6685bb69dbf699bb68da668da56eda369da4,74c,543,1a5,5295d5594f5494b559555755352d4b52d57549485395455d4b551565495755948541495595555d51,66b,d3356d6f54d3350d4b56d5b4cd3349d5754d374cd3749d4f51d2b51d3b5ad2350d5f56d4f4fd3f51,0,0,0,1
726,726,0,9a66f9b2709c2729de689fe679be699ce719c6789be6d9b6709aa689a66b9f2699f26d9f2649b66d,6edb86bda46e5a7685a56e5ba6e5b8691a1699a76b5a6685bb69dbf699bb68da668da56eda369da4,74c,557,1bb,5295d5594f5494b559555755352d4b52d57549485395455d4b551565495755948541495595555d51,671,d3356d6f54d3350d4b56d5b4cd3349d5754d374cd3749d4f51d2b51d3b5ad2350d5f56d4f4fd3f51,0,0,0,1
727,727,0,9a66f9b2709c2729de689fe679be699ce719c6789be6d9b6709aa689a66b9f2699f26d9f2649b66d,6edb86bda46e5a7685a56e5ba6e5b8691a1699a76b5a6685bb69dbf699bb68da668da56eda369da4,748,540,1a0,5295d5594f5494b559555755352d4b52d57549485395455d4b551565495755948541495595555d51,673,d3356d6f54d3350d4b56d5b4cd3349d5754d374cd3749d4f51d2b51d3b5ad2350d5f56d4f4fd3f51,0,0,0,1
728,728,0,9a66f9b2709c2729de689fe679be699ce719c6789be6d9b6709aa689a66b9f2699f26d9f2649b66d,6edb86bda46e5a7685a56e5ba6e5b8691a1699a76b5a6685bb69dbf699bb68da668da56eda369da4,757,549,1a7,5295d5594f5494b559555755352d4b52d57549485395455d4b551565495755948541495595555d51,671,d3356d6f54d3350d4b56d5b4cd3349d5754d374cd3749d4f51d2b51d3b5ad2350d5f56d4f4fd3f51,0,0,0,1
729,729,0,9a66f9b2709c2729de689fe679be699ce719c6789be6d9b6709aa689a66b9f2699f26d9f2649b66d,6edb86bda46e5a7685a56e5ba6e5b8691a1699a76b5a6685bb69dbf699bb68da668da56eda369da4,757,141,1a4,5295d5594f5494b559555755352d4b52d57549485395455d4b551565495755948541495595555d51,673,d3356d6f54d3350d4b56d5b4cd3349d5754d374cd3749d4f51d2b51d3b5ad2350d5f56d4f4fd3f51,0,0,0,1
730,730,0,9a66f9b2709c2729de689fe679be699ce719c6789be6d9b6709aa689a66b9f2699f26d9f2649b66d,6edb86bda46e5a7685a56e5ba6e5b8691a1699a76b5a6685bb69dbf699bb68da668da56eda369da4,752,157,5bb,5295d5594f5494b559555755352d4b52d57549485395455d4b551565495755948541495595555d51,26d,d3356d6f54d3350d4b56d5b4cd3349d5754d374cd3749d4f51d2b51d3b5ad2350d5f56d4f4fd3f51,0,0,0,1
731,731,0,9a66f9b2709c2729de689fe679be699ce719c6789be6d9b6709aa689a66b9f2699f26d9f2649b66d,6edb86bda46e5a7685a46e5ba6e5b8691a1699a76b1a6699bb69dbf699a568da768da56eda069da4,74f,147,5b8,5295d5594f5494b559555755352d4b52d57549485395455d4b551565495755948541495595555d51,26f,d3356d6f54d3350d4b56d5b4cd3349d5754d374cd3749d4f51d2b51d3b5ad2350d5f56d4f4fd3f51,0,0,0,1
732,732,0,9a66f9b2709c2729de689fe679be699ce719c6789be6d9b6709aa689a66b9f2699f26d9f2649b66d,6edb86bda46e5a7685a46e5ba6e5b8691a1699a76b1a6699bb69dbf699a568da768da56eda069da4,34c,140,5af,5295d5594f5494b559555755352d4b52d57549485395455d4b551565495755948541495595555d51,26d,d3356d6f54d3350d4b56d5b4cd3349d5754d374cd3749d4f51d2b51d3b5ad2350d5f56d4f4fd3f51,0,0,0,1
733,733,0,9a66f9b2709c2729de689fe679be699ce719c6789be6d9b6709aa689a66b9f2699f26d9f2649b66d,6edb86bda46e5a7685a46e5ba6e5b8691a1699a76b1a6699bb69dbf699a568da768da56eda069da4,349,156,5a4,5295d5594f5494b559555755352d4b52d57549485395455d4b551565495755948541495595555d51,26e,d3356d6f54d3350d4b56d5b4cd3349d5754d374cd3749d4f51d2b51d3b5ad2350d5f56d4f4fd3f51,0,0,0,1
734,734,0,9a66f9b2709c2729de689fe679be699ce719c6789be6d9b6709aa689a66b9f2699f26d9f2649b66d,6edb86bda46e5a7685a46e5ba6e5b8691a1699a76b1a6699bb69dbf699a568da768da56eda069da4,353,157,5b9,5295d5594f5494b559555755352d4b52d57549485395455d4b551565495755948541495595555d51,271,d3356d6f54d3350d4b56d5b4cd3349d5754d374cd3749d4f51d2b51d3b5ad2350d5f56d4f4fd3f51,0,0,0,1
735,735,0,9a66f9b2709c2729de689fe679be699ce719c6789be6d9b6709aa689a66b9f2699f26d9f2649b66d,6edb86bda46e5a7685a46e5ba6e5b8691a1699a76b1a6699bb69dbf699a568da768da56eda069da4,351,150,5a7,5295d5594f5494b559555755352d4b52d57549485395455d4b551565495755948541495595555d51,26b,d3356d6f54d3350d4b56d5b4cd3349d5754d374cd3749d4f51d2b51d3b5ad2350d5f56d4f4fd3f51,0,0,0,1
736,736,0,9a66f9b2709c2729de689fe679be699ce719c6789be6d9b6709aa689a66b9f2699f26d9f2649b66d,6edb86bda46e5a7685a46e5ba6e5b8691a1699a76b1a6699bb69dbf699a568da768da56eda069da4,34a,156,5a1,5295d5594f5494b559555755352d4b52d57549485395455d4b551565495755948541495595555d51,270,d3356d6f54d3350d4b56d5b4cd3349d5754d374cd3749d4f51d2b51d3b5ad2350d5f56d4f4fd3f51,0,0,0,1
737,737,0,9a66f9b2709c2729de689fe679be699ce719c6789be6d9b6709aa689a66b9f2699f26d9f2649b66d,6edb86bda46e5a7685a46e5ba6e5b8691a1699a76b1a6699bb69dbf699a568da768da56eda069da4,351,154,5a5,5295d5594f5494b559555755352d4b52d57549485395455d4b551565495755948541495595555d51,269,d3356d6f54d3350d4b56d5b4cd3349d5754d374cd3749d4f51d2b51d3b5ad2350d5f56d4f4fd3f51,0,0,0,1
738,738,0,9a66f9b2709c2729de689fe679be699ce719c6789be6d9b6709aa689a66b9f2699f26d9f2649b66d,6edb86bda46e5a7685a46e5ba6e5b8691a1699a76b1a6699bb69dbf699a568da768da56eda069da4,349,140,5b9,5295d5594f5494b559555755352d4b52d57549485395455d4b551565495755948541495595555d51,26f,d3356d6f54d3350d4b56d5b4cd3349d5754d374cd3749d4f51d2b51d3b5ad2350d5f56d4f4fd3f51,0,0,0,1
739,739,0,9a66f9b2709c2729de689fe679be699ce719c6789be6d9b6709aa689a66b9f2699f26d9f2649b66d,6edb86bda46e5a7685a46e5ba6e5b8691a1699a76b1a6699bb69dbf699a568da768da56eda069da4,35a,140,5ba,5295d5594f5494b559555755352d4b52d57549485395455d4b551565495755948541495595555d51,273,d3356d6f54d3350d4b56d5b4cd3349d5754d374cd3749d4f51d2b51d3b5ad2350d5f56d4f4fd3f51,0,0,0,1
740,740,0,9a66f9b2709c2729de689fe679be699ce719c6789be6d9b6709aa689a66b9f2699f26d9f2649b66d,6edb86bda46e5a7685a46e5ba6e5b8691a1699a76b1a6699bb69dbf699a568da768da56eda069da4,348,143,5be,5295d5594f5494b559555755352d4b52d57549485395455d4b551565495755948541495595555d51,26d,d3356d6f54d3350d4b56d5b4cd3349d5754d374cd3749d4f51d2b51d3b5ad2350d5f56d4f4fd3f51,0,0,0,1
741,741,0,9a66f9b2709c2729de689fe679be699ce719c6789be6d9b6709aa689a66b9f2699f26d9f2649b66d,6edb86bda46e5a7685a46e5ba6e5b8691a1699a76b1a6699bb69dbf699a568da768da56eda069da4,350,155,5b8,5295d5594f5494b559555755352d4b52d57549485395455d4b551565495755948541495595555d51,274,d3356d6f54d3350d4b56d5b4cd3349d5754d374cd3749d4f51d2b51d3b5ad2350d5f56d4f4fd3f51,0,0,0,1
742,742,0,9a66f9b2709c2729de689fe679be699ce719c6789be6d9b6709aa689a66b9f2699f26d9f2649b66d,6edb86bda46e5a7685a46e5ba6e5b8691a1699a76b1a6699bb69dbf699a568da768da56eda069da4,356,157,5a4,5295d5594f5494b559555755352d4b52d57549485395455d4b551565495755948541495595555d51,26d,d3356d6f54d3350d4b56d5b4cd3349d5754d374cd3749d4f51d2b51d3b5ad2350d5f56d4f4fd3f51,0,0,0,1
743,743,0,9a66f9b2709c2729de689fe679be699ce719c6789be6d9b6709aa689a66b9f2699f26d9f2649b66d,6edb86bda46e5a7685a46e5ba6e5b8691a1699a76b1a6699bb69dbf699a568da768da56eda069da4,356,155,5a1,5295d5594f5494b559555755352d4b52d57549485395455d4b551565495755948541495595555d51,277,d3356d6f54d3350d4b56d5b4cd3349d5754d374cd3749d4f51d2b51d3b5ad2350d5f56d4f4fd3f51,0,0,0,1
744,744,0,9a66f9b2709c2729de689fe679be699ce719c6789be6d9b6709aa689a66b9f2699f26d9f2649b66d,6edb86bda46e5a7685a46e5ba6e5b8691a1699a76b1a6699bb69dbf699a568da768da56eda069da4,352,143,5a1,5295d5594f5494b559555755352d4b52d57549485395455d4b551565495755948541495595555d51,264,d3356d6f54d3350d4b56d5b4cd3349d5754d374cd3749d4f51d2b51d3b5ad2350d5f56d4f4fd3f51,0,0,0,1
745,745,0,9a66f9b2709c2729de689fe679be699ce719c6789be6d9b6709aa689a66b9f2699f26d9f2649b66d,6edb86bda46e5a7685a46e5ba6e5b8691a1699a76b1a6699bb69dbf699a568da768da56eda069da4,34f,548,5a6,5295d5594f5494b559555755352d4b52d57549485395455d4b551565495755948541495595555d51,26d,d3356d6f54d3350d4b56d5b4cd3349d5754d374cd3749d4f51d2b51d3b5ad2350d5f56d4f4fd3f51,0,0,0,1
746,746,0,9a66f9b2709c2729de689fe679be699ce719c6789be6d9b6709aa689a66b9f2699f26d9f2649b66d,6edb86bda46e5a7685a46e5ba6e5b8691a1699a76b1a6699bb69dbf699a568da768da56eda069da4,34f,557,1ac,529525594f5494b545545755352d4b52d57549495255755d4a5515754954559485414955d5555d51,671,d3356d6f54d3350d4b56d5b4cd3349d5754d374cd3749d4f51d2b51d3b5ad2350d5f56d4f4fd3f51,0,0,0,1
747,747,0,9a66c9f6719c2619de689f2679be699ce719ce799be6d9be6c9ae699a66b9fe699f26d9fe649b67d,6edb86bda46e5a7685a46e5ba6e5b8691a1699a76b1a6699bb69dbf699a568da768da56eda069da4,350,546,1a7,529525594f5494b545545755352d4b52d57549495255755d4a5515754954559485414955d5555d51,66c,d3356d6f54d3350d4b56d5b4cd3349d5754d374cd3749d4f51d2b51d3b5ad2350d5f56d4f4fd3f51,0,0,0,1
748,748,0,9a66c9f6719c2619de689f2679be699ce719ce799be6d9be6c9ae699a66b9fe699f26d9fe649b67d,6edb86bda46e5a7685a46e5ba6e5b8691a1699a76b1a6699bb69dbf699a568da768da56eda069da4,74d,547,1a6,529525594f5494b545545755352d4b52d57549495255755d4a5515754954559485414955d5555d51,66f,d3356d6f54d3350d4b56d5b4cd3349d5754d374cd3749d4f51d2b51d3b5ad2350d5f56d4f4fd3f51,0,0,0,1
749,749,0,9a66c9f6719c2619de689f2679be699ce719ce799be6d9be6c9ae699a66b9fe699f26d9fe649b67d,6edb86bda46e5a7685a46e5ba6e5b8691a1699a76b1a6699bb69dbf699a568da768da56eda069da4,756,542,1ba,529525594f5494b545545755352d4b52d57549495255755d4a5515754954559485414955d5555d51,671,d3756d6b54d3750d4b56d4b4cd3348d5755d4b4fd3349d4f51d2b51d275ad2350d5b56d4b4fd3f50,0,0,0,1
750,750,0,9a66c9f6719c2619de689f2679be699ce719ce799be6d9be6c9ae699a66b9fe699f26d9fe649b67d,6edb86bda46e5a7685a46e5ba6e5b8691a1699a76b1a6699bb69dbf699a568da768da56eda069da4,75a,543,1a7,529525594f5494b545545755352d4b52d57549495255755d4a5515754954559485414955d5555d51,671,d3756d6b54d3750d4b56d4b4cd3348d5755d4b4fd3349d4f51d2b51d275ad2350d5b56d4b4fd3f50,0,0,0,1
751,751,0,9a66c9f6719c2619de689f2679be699ce719ce799be6d9be6c9ae699a66b9fe699f26d9fe649b67d,6edb86bda46e5a7685a46e5ba6e5b8691a1699a76b1a6699bb69dbf699a568da768da56eda069da4,755,554,1bf,529525594f5494b545545755352d4b52d57549495255755d4a5515754954559485414955d5555d51,670,d3756d6b54d3750d4b56d4b4cd3348d5755d4b4fd3349d4f51d2b51d275ad2350d5b56d4b4fd3f50,0,0,0,1
752,752,0,9a66c9f6719c2619de689f2679be699ce719ce799be6d9be6c9ae699a66b9fe699f26d9fe649b67d,6edb86bda46e5a7685a46e5ba6e5b8691a1699a76b1a6699bb69dbf699a568da768da56eda069da4,74d,554,1a7,529525594f5494b545545755352d4b52d57549495255755d4a5515754954559485414955d5555d51,664,d3756d6b54d3750d4b56d4b4cd3348d5755d4b4fd3349d4f51d2b51d275ad2350d5b56d4b4fd3f50,0,0,0,1
753,753,0,9a66c9f6719c2619de689f2679be699ce719ce799be6d9be6c9ae699a66b9fe699f26d9fe649b67d,6edb86bda46e5a7685a46e5ba6e5b8691a1699a76b1a6699bb69dbf699a568da768da56eda069da4,753,555,1bb,529525594f5494b545545755352d4b52d57549495255755d4a5515754954559485414955d5555d51,673,d3756d6b54d3750d4b56d4b4cd3348d5755d4b4fd3349d4f51d2b51d275ad2350d5b56d4b4fd3f50,0,0,0,1
754,754,0,9a66c9f6719c2619de689f2679be699ce719ce799be6d9be6c9ae699a66b9fe699f26d9fe649b67d,6edb86bda46e5a7685a46e5ba6e5b8691a1699a76b1a6699bb69dbf699a568da768da56eda069da4,752,542,1a2,529525594f5494b545545755352d4b52d57549495255755d4a5515754954559485414955d5555d51,66c,d3756d6b54d3750d4b56d4b4cd3348d5755d4b4fd3349d4f51d2b51d275ad2350d5b56d4b4fd3f50,0,0,0,1
755,755,0,9a66c9f6719c2619de689f2679be699ce719ce799be6d9be6c9ae699a66b9fe699f26d9fe649b67d,6edb86bda46e5a7685a46e5ba6e5b8691a1699a76b1a6699bb69dbf699a568da768da56eda069da4,756,54b,1a1,529525594f5494b545545755352d4b52d57549495255755d4a5515754954559485414955d5555d51,674,d3756d6b54d3750d4b56d4b4cd3348d5755d4b4fd3349d4f51d2b51d275ad2350d5b56d4b4fd3f50,0,0,0,1
756,756,0,9a66c9f6719c2619de689f2679be699ce719ce799be6d9be6c9ae699a66b9fe699f26d9fe649b67d,6edb86bda46e5a7685a46e5ba6e5b8691a1699a76b1a6699bb69dbf699a568da768da56eda069da4,751,54b,1a0,529525594f5494b545545755352d4b52d57549495255755d4a5515754954559485414955d5555d51,667,d3756d6b54d3750d4b56d4b4cd3348d5755d4b4fd3349d4f51d2b51d275ad2350d5b56d4b4fd3f50,0,0,0,1
757,757,0,9a66c9f6719c2619de689f2679be699ce719ce799be6d9be6c9ae699a66b9fe699f26d9fe649b67d,6edb86bda46e5a7685a46e5ba6e5b8691a1699a76b1a6699bb69dbf699a568da768da56eda069da4,74c,541,1ba,529525594f5494b545545755352d4b52d57549495255755d4a5515754954559485414955d5555d51,66b,d3756d6b54d3750d4b56d4b4cd3348d5755d4b4fd3349d4f51d2b51d275ad2350d5b56d4b4fd3f50,0,0,0,1
758,758,0,9a66c9f6719c2619de689f2679be699ce719ce799be6d9be6c9ae699a66b9fe699f26d9fe649b67d,6edb86bda46e5a7685a46e5ba6e5b8691a1699a76b1a6699bb69dbf699a568da768da56eda069da4,74c,556,1bb,529525594f5494b545545755352d4b52d57549495255755d4a5515754954559485414955d5555d51,671,d3756d6b54d3750d4b56d4b4cd3348d5755d4b4fd3349d4f51d2b51d275ad2350d5b56d4b4fd3f50,0,0,0,1
759,759,0,9a66c9f6719c2619de689f2679be699ce719ce799be6d9be6c9ae699a66b9fe699f26d9fe649b67d,6edb86bda46e5a7685a46e5ba6e5b8691a1699a76b1a6699bb69dbf699a568da768da56eda069da4,748,540,1a0,529525594f5494b545545755352d4b52d57549495255755d4a5515754954559485414955d5555d51,670,d3756d6b54d3750d4b56d4b4cd3348d5755d4b4fd3349d4f51d2b51d275ad2350d5b56d4b4fd3f50,0,0,0,1
760,760,0,9a66c9f6719c2619de689f2679be699ce719ce799be6d9be6c9ae699a66b9fe699f26d9fe649b67d,6edb86bda46e5a7685a46e5ba6e5b8691a1699a76b1a6699bb69dbf699a568da768da56eda069da4,757,548,1a7,529525594f5494b545545755352d4b52d57549495255755d4a5515754954559485414955d5555d51,671,d3756d6b54d3750d4b56d4b4cd3348d5755d4b4fd3349d4f51d2b51d275ad2350d5b56d4b4fd3f50,0,0,0,1
761,761,0,9a66c9f6719c2619de689f2679be699ce719ce799be6d9be6c9ae699a66b9fe699f26d9fe649b67d,6edb86bda46e5a7685a46e5ba6e5b8691a1699a76b1a6699bb69dbf699a568da768da56eda069da4,757,143,1a4,529525594f5494b545545755352d4b52d57549495255755d4a5515754954559485414955d5555d51,670,d3756d6b54d3750d4b56d4b4cd3348d5755d4b4fd3349d4f51d2b51d275ad2350d5b56d4b4fd3f50,0,0,0,1
762,762,0,9a66c9f6719c2619de689f2679be699ce719ce799be6d9be6c9ae699a66b9fe699f26d9fe649b67d,6edb86bda46e5a7685a46e5ba6e5b8691a1699a76b1a6699bb69dbf699a568da768da56eda069da4,74d,157,5bb,529525594f5494b545545755352d4b52d57549495255755d4a5515754954559485414955d5555d51,26d,d3756d6b54d3750d4b56d4b4cd3348d5755d4b4fd3349d4f51d2b51d275ad2350d5b56d4b4fd3f50,0,0,0,1
763,763,0,9a66c9f6719c2619de689f2679be699ce719ce799be6d9be6c9ae699a66b9fe699f26d9fe649b67d,6edb86bda46e5a7685a56e5ba6f9b8691a1685a66b1a7699ba69dbf69dbb689a1681ba6eda069da4,74f,147,5b8,529525594f5494b545545755352d4b52d57549495255755d4a5515754954559485414955d5555d51,26e,d3756d6b54d3750d4b56d4b4cd3348d5755d4b4fd3349d4f51d2b51d275ad2350d5b56d4b4fd3f50,0,0,0,1
764,764,0,9a66c9f6719c2619de689f2679be699ce719ce799be6d9be6c9ae699a66b9fe699f26d9fe649b67d,6edb86bda46e5a7685a56e5ba6f9b8691a1685a66b1a7699ba69dbf69dbb689a1681ba6eda069da4,34d,141,5af,529525594f5494b545545755352d4b52d57549495255755d4a5515754954559485414955d5555d51,26d,d3756d6b54d3750d4b56d4b4cd3348d5755d4b4fd3349d4f51d2b51d275ad2350d5b56d4b4fd3f50,0,0,0,1
765,765,0,9a66c9f6719c2619de689f2679be699ce719ce799be6d9be6c9ae699a66b9fe699f26d9fe649b67d,6edb86bda46e5a7685a56e5ba6f9b8691a1685a66b1a7699ba69dbf69dbb689a1681ba6eda069da4,349,156,5a5,529525594f5494b545545755352d4b52d57549495255755d4a5515754954559485414955d5555d51,26e,d3756d6b54d3750d4b56d4b4cd3348d5755d4b4fd3349d4f51d2b51d275ad2350d5b56d4b4fd3f50,0,0,0,1
766,766,0,9a66c9f6719c2619de689f2679be699ce719ce799be6d9be6c9ae699a66b9fe699f26d9fe649b67d,6edb86bda46e5a7685a56e5ba6f9b8691a1685a66b1a7699ba69dbf69dbb689a1681ba6eda069da4,352,157,5b9,529525594f5494b545545755352d4b52d57549495255755d4a5515754954559485414955d5555d51,271,d3756d6b54d3750d4b56d4b4cd3348d5755d4b4fd3349d4f51d2b51d275ad2350d5b56d4b4fd3f50,0,0,0,1
767,767,0,9a66c9f6719c2619de689f2679be699ce719ce799be6d9be6c9ae699a66b9fe699f26d9fe649b67d,6edb86bda46e5a7685a56e5ba6f9b8691a1685a66b1a7699ba69dbf69dbb689a1681ba6eda069da4,351,151,5a7,529525594f5494b545545755352d4b52d57549495255755d4a5515754954559485414955d5555d51,26b,d3756d6b54d3750d4b56d4b4cd3348d5755d4b4fd3349d4f51d2b51d275ad2350d5b56d4b4fd3f50,0,0,0,1
768,768,0,9a66c9f6719c2619de689f2679be699ce719ce799be6d9be6c9ae699a66b9fe699f26d9fe649b67d,6edb86bda46e5a7685a56e5ba6f9b8691a1685a66b1a7699ba69dbf69dbb689a1681ba6eda069da4,34b,157,5a1,529525594f5494b545545755352d4b52d57549495255755d4a5515754954559485414955d5555d51,270,d3756d6b54d3750d4b56d4b4cd3348d5755d4b4fd3349d4f51d2b51d275ad2350d5b56d4b4fd3f50,0,0,0,1
769,769,0,9a66c9f6719c2619de689f2679be699ce719ce799be6d9be6c9ae699a66b9fe699f26d9fe649b67d,6edb86bda46e5a7685a56e5ba6f9b8691a1685a66b1a7699ba69dbf69dbb689a1681ba6eda069da4,351,144,5a5,529525594f5494b545545755352d4b52d57549495255755d4a5515754954559485414955d5555d51,269,d3756d6b54d3750d4b56d4b4cd3348d5755d4b4fd3349d4f51d2b51d275ad2350d5b56d4b4fd3f50,0,0,0,1
770,770,0,9a66c9f6719c2619de689f2679be699ce719ce799be6d9be6c9ae699a66b9fe699f26d9fe649b67d,6edb86bda46e5a7685a56e5ba6f9b8691a1685a66b1a7699ba69dbf69dbb689a1681ba6eda069da4,349,140,5be,529525594f5494b545545755352d4b52d57549495255755d4a5515754954559485414955d5555d51,26f,d3756d6b54d3750d4b56d4b4cd3348d5755d4b4fd3349d4f51d2b51d275ad2350d5b56d4b4fd3f50,0,0,0,1
771,771,0,9a66c9f6719c2619de689f2679be699ce719ce799be6d9be6c9ae699a66b9fe699f26d9fe649b67d,6edb86bda46e5a7685a56e5ba6f9b8691a1685a66b1a7699ba69dbf69dbb689a1681ba6eda069da4,35a,140,5ba,529525594f5494b545545755352d4b52d57549495255755d4a5515754954559485414955d5555d51,273,d3756d6b54d3750d4b56d4b4cd3348d5755d4b4fd3349d4f51d2b51d275ad2350d5b56d4b4fd3f50,0,0,0,1
772,772,0,9a66c9f6719c2619de689f2679be699ce719ce799be6d9be6c9ae699a66b9fe699f26d9fe649b67d,6edb86bda46e5a7685a56e5ba6f9b8691a1685a66b1a7699ba69dbf69dbb689a1681ba6eda069da4,348,142,5b9,529525594f5494b545545755352d4b52d57549495255755d4a5515754954559485414955d5555d51,26d,d3756d6b54d3750d4b56d4b4cd3348d5755d4b4fd3349d4f51d2b51d275ad2350d5b56d4b4fd3f50,0,0,0,1
773,773,0,9a66c9f6719c2619de689f2679be699ce719ce799be6d9be6c9ae699a66b9fe699f26d9fe649b67d,6edb86bda46e5a7685a56e5ba6f9b8691a1685a66b1a7699ba69dbf69dbb689a1681ba6eda069da4,350,155,5b8,529525594f5494b545545755352d4b52d57549495255755d4a5515754954559485414955d5555d51,277,d3756d6b54d3750d4b56d4b4cd3348d5755d4b4fd3349d4f51d2b51d275ad2350d5b56d4b4fd3f50,0,0,0,1
774,774,0,9a66c9f6719c2619de689f2679be699ce719ce799be6d9be6c9ae699a66b9fe699f26d9fe649b67d,6edb86bda46e5a7685a56e5ba6f9b8691a1685a66b1a7699ba69dbf69dbb689a1681ba6eda069da4,356,157,5a4,529525594f5494b545545755352d4b52d57549495255755d4a5515754954559485414955d5555d51,26c,d3756d6b54d3750d4b56d4b4cd3348d5755d4b4fd3349d4f51d2b51d275ad2350d5b56d4b4fd3f50,0,0,0,1
775,775,0,9a66c9f6719c2619de689f2679be699ce719ce799be6d9be6c9ae699a66b9fe699f26d9fe649b67d,6edb86bda46e5a7685a56e5ba6f9b8691a1685a66b1a7699ba69dbf69dbb689a1681ba6eda069da4,356,155,5a1,529525594f5494b545545755352d4b52d57549495255755d4a5515754954559485414955d5555d51,277,d3756d6b54d3750d4b56d4b4cd3348d5755d4b4fd3349d4f51d2b51d275ad2350d5b56d4b4fd3f50,0,0,0,1
776,776,0,9a66c9f6719c2619de689f2679be699ce719ce799be6d9be6c9ae699a66b9fe699f26d9fe649b67d,6edb86bda46e5a7685a56e5ba6f9b8691a1685a66b1a7699ba69dbf69dbb689a1681ba6eda069da4,352,143,5a6,529525594f5494b545545755352d4b52d57549495255755d4a5515754954559485414955d5555d51,264,d3756d6b54d3750d4b56d4b4cd3348d5755d4b4fd3349d4f51d2b51d275ad2350d5b56d4b4fd3f50,0,0,0,1
777,777,0,9a66c9f6719c2619de689f2679be699ce719ce799be6d9be6c9ae699a66b9fe699f26d9fe649b67d,6edb86bda46e5a7685a56e5ba6f9b8691a1685a66b1a7699ba69dbf69dbb689a1681ba6eda069da4,34c,548,5a6,529525594f5494b545545755352d4b52d57549495255755d4a5515754954559485414955d5555d51,26d,d3756d6b54d3750d4b56d4b4cd3348d5755d4b4fd3349d4f51d2b51d275ad2350d5b56d4b4fd3f50,0,0,0,1
778,778,0,9a66c9f6719c2619de689f2679be699ce719ce799be6d9be6c9ae699a66b9fe699f26d9fe649b67d,6edb86bda46e5a7685a56e5ba6f9b8691a1685a66b1a7699ba69dbf69dbb689a1681ba6eda069da4,34f,557,1ad,5295d5594f5494b559545755052d4b52d54549485255755d4b5515754d55559485414855d5555d51,670,d3756d6b54d3750d4b56d4b4cd3348d5755d4b4fd3349d4f51d2b51d275ad2350d5b56d4b4fd3f50,0,0,0,1
779,779,0,9a26f9f6719c2609de689f2679be699c2719c2799ba6d9ba6d9ae689a66b9fe699fe6d9fe649b66c,6edb86bda46e5a7685a56e5ba6f9b8691a1685a66b1a7699ba69dbf69dbb689a1681ba6eda069da4,353,546,1a6,5295d5594f5494b559545755052d4b52d54549485255755d4b5515754d55559485414855d5555d51,66d,d3756d6b54d3750d4b56d4b4cd3348d5755d4b4fd3349d4f51d2b51d275ad2350d5b56d4b4fd3f50,0,0,0,1
780,780,0,9a26f9f6719c2609de689f2679be699c2719c2799ba6d9ba6d9ae689a66b9fe699fe6d9fe649b66c,6edb86bda46e5a7685a56e5ba6f9b8691a1685a66b1a7699ba69dbf69dbb689a1681ba6eda069da4,74d,54d,1a6,5295d5594f5494b559545755052d4b52d54549485255755d4b5515754d55559485414855d5555d51,66f,d3756d6b54d3750d4b56d4b4cd3348d5755d4b4fd3349d4f51d2b51d275ad2350d5b56d4b4fd3f50,0,0,0,1
781,781,0,9a26f9f6719c2609de689f2679be699c2719c2799ba6d9ba6d9ae689a66b9fe699fe6d9fe649b66c,6edb86bda46e5a7685a56e5ba6f9b8691a1685a66b1a7699ba69dbf69dbb689a1681ba6eda069da4,756,54f,1ba,5295d5594f5494b559545755052d4b52d54549485255755d4b5515754d55559485414855d5555d51,66e,d3756d6b55d3753d4b56d4b4cd3348d5755d374fd3749d4b51d2f51d275ad2350d5b56d4b4cd3f53,0,0,0,1
782,782,0,9a26f9f6719c2609de689f2679be699c2719c2799ba6d9ba6d9ae689a66b9fe699fe6d9fe649b66c,6edb86bda46e5a7685a56e5ba6f9b8691a1685a66b1a7699ba69dbf69dbb689a1681ba6eda069da4,75a,543,1a7,5295d5594f5494b559545755052d4b52d54549485255755d4b5515754d55559485414855d5555d51,670,d3756d6b55d3753d4b56d4b4cd3348d5755d374fd3749d4b51d2f51d275ad2350d5b56d4b4cd3f53,0,0,0,1
783,783,0,9a26f9f6719c2609de689f2679be699c2719c2799ba6d9ba6d9ae689a66b9fe699fe6d9fe649b66c,6edb86bda46e5a7685a56e5ba6f9b8691a1685a66b1a7699ba69dbf69dbb689a1681ba6eda069da4,754,554,1bf,5295d5594f5494b559545755052d4b52d54549485255755d4b5515754d55559485414855d5555d51,670,d3756d6b55d3753d4b56d4b4cd3348d5755d374fd3749d4b51d2f51d275ad2350d5b56d4b4cd3f53,0,0,0,1
784,784,0,9a26f9f6719c2609de689f2679be699c2719c2799ba6d9ba6d9ae689a66b9fe699fe6d9fe649b66c,6edb86bda46e5a7685a56e5ba6f9b8691a1685a66b1a7699ba69dbf69dbb689a1681ba6eda069da4,74d,556,1a7,5295d5594f5494b559545755052d4b52d54549485255755d4b5515754d55559485414855d5555d51,667,d3756d6b55d3753d4b56d4b4cd3348d5755d374fd3749d4b51d2f51d275ad2350d5b56d4b4cd3f53,0,0,0,1
785,785,0,9a26f9f6719c2609de689f2679be699c2719c2799ba6d9ba6d9ae689a66b9fe699fe6d9fe649b66c,6edb86bda46e5a7685a56e5ba6f9b8691a1685a66b1a7699ba69dbf69dbb689a1681ba6eda069da4,750,552,1bb,5295d5594f5494b559545755052d4b52d54549485255755d4b5515754d55559485414855d5555d51,673,d3756d6b55d3753d4b56d4b4cd3348d5755d374fd3749d4b51d2f51d275ad2350d5b56d4b4cd3f53,0,0,0,1
786,786,0,9a26f9f6719c2609de689f2679be699c2719c2799ba6d9ba6d9ae689a66b9fe699fe6d9fe649b66c,6edb86bda46e5a7685a56e5ba6f9b8691a1685a66b1a7699ba69dbf69dbb689a1681ba6eda069da4,752,543,1a2,5295d5594f5494b559545755052d4b52d54549485255755d4b5515754d55559485414855d5555d51,66c,d3756d6b55d3753d4b56d4b4cd3348d5755d374fd3749d4b51d2f51d275ad2350d5b56d4b4cd3f53,0,0,0,1
787,787,0,9a26f9f6719c2609de689f2679be699c2719c2799ba6d9ba6d9ae689a66b9fe699fe6d9fe649b66c,6edb86bda46e5a7685a56e5ba6f9b8691a1685a66b1a7699ba69dbf69dbb689a1681ba6eda069da4,756,54b,1a0,5295d5594f5494b559545755052d4b52d54549485255755d4b5515754d55559485414855d5555d51,674,d3756d6b55d3753d4b56d4b4cd3348d5755d374fd3749d4b51d2f51d275ad2350d5b56d4b4cd3f53,0,0,0,1
788,788,0,9a26f9f6719c2609de689f2679be699c2719c2799ba6d9ba6d9ae689a66b9fe699fe6d9fe649b66c,6edb86bda46e5a7685a56e5ba6f9b8691a1685a66b1a7699ba69dbf69dbb689a1681ba6eda069da4,751,54b,1a0,5295d5594f5494b559545755052d4b52d54549485255755d4b5515754d55559485414855d5555d51,667,d3756d6b55d3753d4b56d4b4cd3348d5755d374fd3749d4b51d2f51d275ad2350d5b56d4b4cd3f53,0,0,0,1
789,789,0,9a26f9f6719c2609de689f2679be699c2719c2799ba6d9ba6d9ae689a66b9fe699fe6d9fe649b66c,6edb86bda46e5a7685a56e5ba6f9b8691a1685a66b1a7699ba69dbf69dbb689a1681ba6eda069da4,74d,543,1a5,5295d5594f5494b559545755052d4b52d54549485255755d4b5515754d55559485414855d5555d51,66b,d3756d6b55d3753d4b56d4b4cd3348d5755d374fd3749d4b51d2f51d275ad2350d5b56d4b4cd3f53,0,0,0,1
790,790,0,9a26f9f6719c2609de689f2679be699c2719c2799ba6d9ba6d9ae689a66b9fe699fe6d9fe649b66c,6edb86bda46e5a7685a56e5ba6f9b8691a1685a66b1a7699ba69dbf69dbb689a1681ba6eda069da4,74c,557,1bb,5295d5594f5494b559545755052d4b52d54549485255755d4b5515754d55559485414855d5555d51,671,d3756d6b55d3753d4b56d4b4cd3348d5755d374fd3749d4b51d2f51d275ad2350d5b56d4b4cd3f53,0,0,0,1
791,791,0,9a26f9f6719c2609de689f2679be699c2719c2799ba6d9ba6d9ae689a66b9fe699fe6d9fe649b66c,6edb86bda46e5a7685a56e5ba6f9b8691a1685a66b1a7699ba69dbf69dbb689a1681ba6eda069da4,748,540,1a0,5295d5594f5494b559545755052d4b52d54549485255755d4b5515754d55559485414855d5555d51,673,d3756d6b55d3753d4b56d4b4cd3348d5755d374fd3749d4b51d2f51d275ad2350d5b56d4b4cd3f53,0,0,0,1
792,792,0,9a26f9f6719c2609de689f2679be699c2719c2799ba6d9ba6d9ae689a66b9fe699fe6d9fe649b66c,6edb86bda46e5a7685a56e5ba6f9b8691a1685a66b1a7699ba69dbf69dbb689a1681ba6eda069da4,757,54a,1a7,5295d5594f5494b559545755052d4b52d54549485255755d4b5515754d55559485414855d5555d51,671,d3756d6b55d3753d4b56d4b4cd3348d5755d374fd3749d4b51d2f51d275ad2350d5b56d4b4cd3f53,0,0,0,1
793,793,0,9a26f9f6719c2609de689f2679be699c2719c2799ba6d9ba6d9ae689a66b9fe699fe6d9fe649b66c,6edb86bda46e5a7685a56e5ba6f9b8691a1685a66b1a7699ba69dbf69dbb689a1681ba6eda069da4,757,144,1a4,5295d5594f5494b559545755052d4b52d54549485255755d4b5515754d55559485414855d5555d51,670,d3756d6b55d3753d4b56d4b4cd3348d5755d374fd3749d4b51d2f51d275ad2350d5b56d4b4cd3f53,0,0,0,1
794,794,0,9a26f9f6719c2609de689f2679be699c2719c2799ba6d9ba6d9ae689a66b9fe699fe6d9fe649b66c,6edb86bda46e5a7685a56e5ba6f9b8691a1685a66b1a7699ba69dbf69dbb689a1681ba6eda069da4,74d,156,5ba,5295d5594f5494b559545755052d4b52d54549485255755d4b5515754d55559485414855d5555d51,26d,d3756d6b55d3753d4b56d4b4cd3348d5755d374fd3749d4b51d2f51d275ad2350d5b56d4b4cd3f53,0,0,0,1
795,795,0,9a26f9f6719c2609de689f2679be699c2719c2799ba6d9ba6d9ae689a66b9fe699fe6d9fe649b66c,6edb86bda56e5a7685a56f9ba6e5b8691a1699a66b5a6699ba69dbf69dbb689a0681a56eda069da4,74f,145,5bb,5295d5594f5494b559545755052d4b52d54549485255755d4b5515754d55559485414855d5555d51,26f,d3756d6b55d3753d4b56d4b4cd3348d5755d374fd3749d4b51d2f51d275ad2350d5b56d4b4cd3f53,0,0,0,1
796,796,0,9a26f9f6719c2609de689f2679be699c2719c2799ba6d9ba6d9ae689a66b9fe699fe6d9fe649b66c,6edb86bda56e5a7685a56f9ba6e5b8691a1699a66b5a6699ba69dbf69dbb689a0681a56eda069da4,34c,140,5ae,5295d5594f5494b559545755052d4b52d54549485255755d4b5515754d55559485414855d5555d51,26d,d3756d6b55d3753d4b56d4b4cd3348d5755d374fd3749d4b51d2f51d275ad2350d5b56d4b4cd3f53,0,0,0,1
797,797,0,9a26f9f6719c2609de689f2679be699c2719c2799ba6d9ba6d9ae689a66b9fe699fe6d9fe649b66c,6edb86bda56e5a7685a56f9ba6e5b8691a1699a66b5a6699ba69dbf69dbb689a0681a56eda069da4,349,156,5a5,5295d5594f5494b559545755052d4b52d54549485255755d4b5515754d55559485414855d5555d51,271,d3756d6b55d3753d4b56d4b4cd3348d5755d374fd3749d4b51d2f51d275ad2350d5b56d4b4cd3f53,0,0,0,1
798,798,0,9a26f9f6719c2609de689f2679be699c2719c2799ba6d9ba6d9ae689a66b9fe699fe6d9fe649b66c,6edb86bda56e5a7685a56f9ba6e5b8691a1699a66b5a6699ba69dbf69dbb689a0681a56eda069da4,352,156,5b8,5295d5594f5494b559545755052d4b52d54549485255755d4b5515754d55559485414855d5555d51,271,d3756d6b55d3753d4b56d4b4cd3348d5755d374fd3749d4b51d2f51d275ad2350d5b56d4b4cd3f53,0,0,0,1
799,799,0,9a26f9f6719c2609de689f2679be699c2719c2799ba6d9ba6d9ae689a66b9fe699fe6d9fe649b66c,6edb86bda56e5a7685a56f9ba6e5b8691a1699a66b5a6699ba69dbf69dbb689a0681a56eda069da4,351,150,5a7,5295d5594f5494b559545755052d4b52d54549485255755d4b5515754d55559485414855d5555d51,26a,d3756d6b55d3753d4b56d4b4cd3348d5755d374fd3749d4b51d2f51d275ad2350d5b56d4b4cd3f53,0,0,0,1
800,800,0,9a26f9f6719c2609de689f2679be699c2719c2799ba6d9ba6d9ae689a66b9fe699fe6d9fe649b66c,6edb86bda56e5a7685a56f9ba6e5b8691a1699a66b5a6699ba69dbf69dbb689a0681a56eda069da4,34b,156,5a1,5295d5594f5494b559545755052d4b52d54549485255755d4b5515754d55559485414855d5555d51,270,d3756d6b55d3753d4b56d4b4cd3348d5755d374fd3749d4b51d2f51d275ad2350d5b56d4b4cd3f53,0,0,0,1
801,801,0,9a26f9f6719c2609de689f2679be699c2719c2799ba6d9ba6d9ae689a66b9fe699fe6d9fe649b66c,6edb86bda56e5a7685a56f9ba6e5b8691a1699a66b5a6699ba69dbf69dbb689a0681a56eda069da4,356,154,5a5,5295d5594f5494b559545755052d4b52d54549485255755d4b5515754d55559485414855d5555d51,268,d3756d6b55d3753d4b56d4b4cd3348d5755d374fd3749d4b51d2f51d275ad2350d5b56d4b4cd3f53,0,0,0,1
802,802,0,9a26f9f6719c2609de689f2679be699c2719c2799ba6d9ba6d9ae689a66b9fe699fe6d9fe649b66c,6edb86bda56e5a7685a56f9ba6e5b8691a1699a66b5a6699ba69dbf69dbb689a0681a56eda069da4,349,142,5b9,5295d5594f5494b559545755052d4b52d54549485255755d4b5515754d55559485414855d5555d51,26f,d3756d6b55d3753d4b56d4b4cd3348d5755d374fd3749d4b51d2f51d275ad2350d5b56d4b4cd3f53,0,0,0,1
803,803,0,9a26f9f6719c2609de689f2679be699c2719c2799ba6d9ba6d9ae689a66b9fe699fe6d9fe649b66c,6edb86bda56e5a7685a56f9ba6e5b8691a1699a66b5a6699ba69dbf69dbb689a0681a56eda069da4,355,141,5a5,5295d5594f5494b559545755052d4b52d54549485255755d4b5515754d55559485414855d5555d51,273,d3756d6b55d3753d4b56d4b4cd3348d5755d374fd3749d4b51d2f51d275ad2350d5b56d4b4cd3f53,0,0,0,1
804,804,0,9a26f9f6719c2609de689f2679be699c2719c2799ba6d9ba6d9ae689a66b9fe699fe6d9fe649b66c,6edb86bda56e5a7685a56f9ba6e5b8691a1699a66b5a6699ba69dbf69dbb689a0681a56eda069da4,348,142,5b9,5295d5594f5494b559545755052d4b52d54549485255755d4b5515754d55559485414855d5555d51,26d,d3756d6b55d3753d4b56d4b4cd3348d5755d374fd3749d4b51d2f51d275ad2350d5b56d4b4cd3f53,0,0,0,1
805,805,0,9a26f9f6719c2609de689f2679be699c2719c2799ba6d9ba6d9ae689a66b9fe699fe6d9fe649b66c,6edb86bda56e5a7685a56f9ba6e5b8691a1699a66b5a6699ba69dbf69dbb689a0681a56eda069da4,350,147,5b9,5295d5594f5494b559545755052d4b52d54549485255755d4b5515754d55559485414855d5555d51,274,d3756d6b55d3753d4b56d4b4cd3348d5755d374fd3749d4b51d2f51d275ad2350d5b56d4b4cd3f53,0,0,0,1
806,806,0,9a26f9f6719c2609de689f2679be699c2719c2799ba6d9ba6d9ae689a66b9fe699fe6d9fe649b66c,6edb86bda56e5a7685a56f9ba6e5b8691a1699a66b5a6699ba69dbf69dbb689a0681a56eda069da4,357,140,5a4,5295d5594f5494b559545755052d4b52d54549485255755d4b5515754d55559485414855d5555d51,26c,d3756d6b55d3753d4b56d4b4cd3348d5755d374fd3749d4b51d2f51d275ad2350d5b56d4b4cd3f53,0,0,0,1
807,807,0,9a26f9f6719c2609de689f2679be699c2719c2799ba6d9ba6d9ae689a66b9fe699fe6d9fe649b66c,6edb86bda56e5a7685a56f9ba6e5b8691a1699a66b5a6699ba69dbf69dbb689a0681a56eda069da4,356,156,5a1,5295d5594f5494b559545755052d4b52d54549485255755d4b5515754d55559485414855d5555d51,274,d3756d6b55d3753d4b56d4b4cd3348d5755d374fd3749d4b51d2f51d275ad2350d5b56d4b4cd3f53,0,0,0,1
808,808,0,9a26f9f6719c2609de689f2679be699c2719c2799ba6d9ba6d9ae689a66b9fe699fe6d9fe649b66c,6edb86bda56e5a7685a56f9ba6e5b8691a1699a66b5a6699ba69dbf69dbb689a0681a56eda069da4,352,146,5a6,5295d5594f5494b559545755052d4b52d54549485255755d4b5515754d55559485414855d5555d51,264,d3756d6b55d3753d4b56d4b4cd3348d5755d374fd3749d4b51d2f51d275ad2350d5b56d4b4cd3f53,0,0,0,1
809,809,0,9a26f9f6719c2609de689f2679be699c2719c2799ba6d9ba6d9ae689a66b9fe699fe6d9fe649b66c,6edb86bda56e5a7685a56f9ba6e5b8691a1699a66b5a6699ba69dbf69dbb689a0681a56eda069da4,34f,548,5a7,5295d5594f5494b559545755052d4b52d54549485255755d4b5515754d55559485414855d5555d51,26d,d3756d6b55d3753d4b56d4b4cd3348d5755d374fd3749d4b51d2f51d275ad2350d5b56d4b4cd3f53,0,0,0,1
810,810,0,9a26f9f6719c2609de689f2679be699c2719c2799ba6d9ba6d9ae689a66b9fe699fe6d9fe649b66c,6edb86bda56e5a7685a56f9ba6e5b8691a1699a66b5a6699ba69dbf69dbb689a0681a56eda069da4,34f,557,1ad,5295d5594f5754b559545495352d4b52d57549485395455d4855156549545594854d4855d4a55156,670,d3756d6b55d3753d4b56d4b4cd3348d5755d374fd3749d4b51d2f51d275ad2350d5b56d4b4cd3f53,0,0,0,1
811,811,0,9a66f9ba6c9c2629de689f2679be699ce719c2789be6d9b6719aa689a26a9fe699f26c9f2649b66c,6edb86bda56e5a7685a56f9ba6e5b8691a1699a66b5a6699ba69dbf69dbb689a0681a56eda069da4,350,544,1a6,5295d5594f5754b559545495352d4b52d57549485395455d4855156549545594854d4855d4a55156,66d,d3756d6b55d3753d4b56d4b4cd3348d5755d374fd3749d4b51d2f51d275ad2350d5b56d4b4cd3f53,0,0,0,1
812,812,0,9a66f9ba6c9c2629de689f2679be699ce719c2789be6d9b6719aa689a26a9fe699f26c9f2649b66c,6edb86bda56e5a7685a56f9ba6e5b8691a1699a66b5a6699ba69dbf69dbb689a0681a56eda069da4,74c,54c,1a1,5295d5594f5754b559545495352d4b52d57549485395455d4855156549545594854d4855d4a55156,66f,d3756d6b55d3753d4b56d4b4cd3348d5755d374fd3749d4b51d2f51d275ad2350d5b56d4b4cd3f53,0,0,0,1
813,813,0,9a66f9ba6c9c2629de689f2679be699ce719c2789be6d9b6719aa689a26a9fe699f26c9f2649b66c,6edb86bda56e5a7685a56f9ba6e5b8691a1699a66b5a6699ba69dbf69dbb689a0681a56eda069da4,756,54d,1bb,5295d5594f5754b559545495352d4b52d57549485395455d4855156549545594854d4855d4a55156,671,d3756d6b54d3750d4b56d4b4dd3348d5755d374fd3349d4b51d2f56d2755d2350d5f56d4b4fd3f50,0,0,0,1
814,814,0,9a66f9ba6c9c2629de689f2679be699ce719c2789be6d9b6719aa689a26a9fe699f26c9f2649b66c,6edb86bda56e5a7685a56f9ba6e5b8691a1699a66b5a6699ba69dbf69dbb689a0681a56eda069da4,75a,542,1a4,5295d5594f5754b559545495352d4b52d57549485395455d4855156549545594854d4855d4a55156,671,d3756d6b54d3750d4b56d4b4dd3348d5755d374fd3349d4b51d2f56d2755d2350d5f56d4b4fd3f50,0,0,0,1
815,815,0,9a66f9ba6c9c2629de689f2679be699ce719c2789be6d9b6719aa689a26a9fe699f26c9f2649b66c,6edb86bda56e5a7685a56f9ba6e5b8691a1699a66b5a6699ba69dbf69dbb689a0681a56eda069da4,755,554,1bf,5295d5594f5754b559545495352d4b52d57549485395455d4855156549545594854d4855d4a55156,670,d3756d6b54d3750d4b56d4b4dd3348d5755d374fd3349d4b51d2f56d2755d2350d5f56d4b4fd3f50,0,0,0,1
816,816,0,9a66f9ba6c9c2629de689f2679be699ce719c2789be6d9b6719aa689a26a9fe699f26c9f2649b66c,6edb86bda56e5a7685a56f9ba6e5b8691a1699a66b5a6699ba69dbf69dbb689a0681a56eda069da4,74c,554,1a6,5295d5594f5754b559545495352d4b52d57549485395455d4855156549545594854d4855d4a55156,667,d3756d6b54d3750d4b56d4b4dd3348d5755d374fd3349d4b51d2f56d2755d2350d5f56d4b4fd3f50,0,0,0,1
817,817,0,9a66f9ba6c9c2629de689f2679be699ce719c2789be6d9b6719aa689a26a9fe699f26c9f2649b66c,6edb86bda56e5a7685a56f9ba6e5b8691a1699a66b5a6699ba69dbf69dbb689a0681a56eda069da4,753,554,1ba,5295d5594f5754b559545495352d4b52d57549485395455d4855156549545594854d4855d4a55156,673,d3756d6b54d3750d4b56d4b4dd3348d5755d374fd3349d4b51d2f56d2755d2350d5f56d4b4fd3f50,0,0,0,1
818,818,0,9a66f9ba6c9c2629de689f2679be699ce719c2789be6d9b6719aa689a26a9fe699f26c9f2649b66c,6edb86bda56e5a7685a56f9ba6e5b8691a1699a66b5a6699ba69dbf69dbb689a0681a56eda069da4,753,542,1a2,5295d5594f5754b559545495352d4b52d57549485395455d4855156549545594854d4855d4a55156,66c,d3756d6b54d3750d4b56d4b4dd3348d5755d374fd3349d4b51d2f56d2755d2350d5f56d4b4fd3f50,0,0,0,1
819,819,0,9a66f9ba6c9c2629de689f2679be699ce719c2789be6d9b6719aa689a26a9fe699f26c9f2649b66c,6edb86bda56e5a7685a56f9ba6e5b8691a1699a66b5a6699ba69dbf69dbb689a0681a56eda069da4,756,54b,1a6,5295d5594f5754b559545495352d4b52d57549485395455d4855156549545594854d4855d4a55156,674,d3756d6b54d3750d4b56d4b4dd3348d5755d374fd3349d4b51d2f56d2755d2350d5f56d4b4fd3f50,0,0,0,1
820,820,0,9a66f9ba6c9c2629de689f2679be699ce719c2789be6d9b6719aa689a26a9fe699f26c9f2649b66c,6edb86bda56e5a7685a56f9ba6e5b8691a1699a66b5a6699ba69dbf69dbb689a0681a56eda069da4,756,54b,1a3,5295d5594f5754b559545495352d4b52d57549485395455d4855156549545594854d4855d4a55156,667,d3756d6b54d3750d4b56d4b4dd3348d5755d374fd3349d4b51d2f56d2755d2350d5f56d4b4fd3f50,0,0,0,1
821,821,0,9a66f9ba6c9c2629de689f2679be699ce719c2789be6d9b6719aa689a26a9fe699f26c9f2649b66c,6edb86bda56e5a7685a56f9ba6e5b8691a1699a66b5a6699ba69dbf69dbb689a0681a56eda069da4,74c,543,1a5,5295d5594f5754b559545495352d4b52d57549485395455d4855156549545594854d4855d4a55156,66a,d3756d6b54d3750d4b56d4b4dd3348d5755d374fd3349d4b51d2f56d2755d2350d5f56d4b4fd3f50,0,0,0,1
822,822,0,9a66f9ba6c9c2629de689f2679be699ce719c2789be6d9b6719aa689a26a9fe699f26c9f2649b66c,6edb86bda56e5a7685a56f9ba6e5b8691a1699a66b5a6699ba69dbf69dbb689a0681a56eda069da4,74c,557,1bb,5295d5594f5754b559545495352d4b52d57549485395455d4855156549545594854d4855d4a55156,671,d3756d6b54d3750d4b56d4b4dd3348d5755d374fd3349d4b51d2f56d2755d2350d5f56d4b4fd3f50,0,0,0,1
823,823,0,9a66f9ba6c9c2629de689f2679be699ce719c2789be6d9b6719aa689a26a9fe699f26c9f2649b66c,6edb86bda56e5a7685a56f9ba6e5b8691a1699a66b5a6699ba69dbf69dbb689a0681a56eda069da4,748,540,1a3,5295d5594f5754b559545495352d4b52d57549485395455d4855156549545594854d4855d4a55156,672,d3756d6b54d3750d4b56d4b4dd3348d5755d374fd3349d4b51d2f56d2755d2350d5f56d4b4fd3f50,0,0,0,1
824,824,0,9a66f9ba6c9c2629de689f2679be699ce719c2789be6d9b6719aa689a26a9fe699f26c9f2649b66c,6edb86bda56e5a7685a56f9ba6e5b8691a1699a66b5a6699ba69dbf69dbb689a0681a56eda069da4,757,54a,1a7,5295d5594f5754b559545495352d4b52d57549485395455d4855156549545594854d4855d4a55156,66e,d3756d6b54d3750d4b56d4b4dd3348d5755d374fd3349d4b51d2f56d2755d2350d5f56d4b4fd3f50,0,0,0,1
825,825,0,9a66f9ba6c9c2629de689f2679be699ce719c2789be6d9b6719aa689a26a9fe699f26c9f2649b66c,6edb86bda56e5a7685a56f9ba6e5b8691a1699a66b5a6699ba69dbf69dbb689a0681a56eda069da4,754,146,1a5,5295d5594f5754b559545495352d4b52d57549485395455d4855156549545594854d4855d4a55156,670,d3756d6b54d3750d4b56d4b4dd3348d5755d374fd3349d4b51d2f56d2755d2350d5f56d4b4fd3f50,0,0,0,1
826,826,0,9a66f9ba6c9c2629de689f2679be699ce719c2789be6d9b6719aa689a26a9fe699f26c9f2649b66c,6edb86bda56e5a7685a56f9ba6e5b8691a1699a66b5a6699ba69dbf69dbb689a0681a56eda069da4,752,157,5bb,5295d5594f5754b559545495352d4b52d57549485395455d4855156549545594854d4855d4a55156,26d,d3756d6b54d3750d4b56d4b4dd3348d5755d374fd3349d4b51d2f56d2755d2350d5f56d4b4fd3f50,0,0,0,1
827,827,0,9a66f9ba6c9c2629de689f2679be699ce719c2789be6d9b6719aa689a26a9fe699f26c9f2649b66c,6e9bb6b9a56e1a7685a56e5a56e5b9691a1699a76b5a6685bb691bf699ba689a668da56eda369da5,74f,147,5b8,5295d5594f5754b559545495352d4b52d57549485395455d4855156549545594854d4855d4a55156,26e,d3756d6b54d3750d4b56d4b4dd3348d5755d374fd3349d4b51d2f56d2755d2350d5f56d4b4fd3f50,0,0,0,1
828,828,0,9a66f9ba6c9c2629de689f2679be699ce719c2789be6d9b6719aa689a26a9fe699f26c9f2649b66c,6e9bb6b9a56e1a7685a56e5a56e5b9691a1699a76b5a6685bb691bf699ba689a668da56eda369da5,34f,141,5af,5295d5594f5754b559545495352d4b52d57549485395455d4855156549545594854d4855d4a55156,26d,d3756d6b54d3750d4b56d4b4dd3348d5755d374fd3349d4b51d2f56d2755d2350d5f56d4b4fd3f50,0,0,0,1
829,829,0,9a66f9ba6c9c2629de689f2679be699ce719c2789be6d9b6719aa689a26a9fe699f26c9f2649b66c,6e9bb6b9a56e1a7685a56e5a56e5b9691a1699a76b5a6685bb691bf699ba689a668da56eda369da5,349,156,5a4,5295d5594f5754b559545495352d4b52d57549485395455d4855156549545594854d4855d4a55156,26e,d3756d6b54d3750d4b56d4b4dd3348d5755d374fd3349d4b51d2f56d2755d2350d5f56d4b4fd3f50,0,0,0,1
830,830,0,9a66f9ba6c9c2629de689f2679be699ce719c2789be6d9b6719aa689a26a9fe699f26c9f2649b66c,6e9bb6b9a56e1a7685a56e5a56e5b9691a1699a76b5a6685bb691bf699ba689a668da56eda369da5,352,156,5b9,5295d5594f5754b559545495352d4b52d57549485395455d4855156549545594854d4855d4a55156,271,d3756d6b54d3750d4b56d4b4dd3348d5755d374fd3349d4b51d2f56d2755d2350d5f56d4b4fd3f50,0,0,0,1
831,831,0,9a66f9ba6c9c2629de689f2679be699ce719c2789be6d9b6719aa689a26a9fe699f26c9f2649b66c,6e9bb6b9a56e1a7685a56e5a56e5b9691a1699a76b5a6685bb691bf699ba689a668da56eda369da5,351,151,5a7,5295d5594f5754b559545495352d4b52d57549485395455d4855156549545594854d4855d4a55156,26d,d3756d6b54d3750d4b56d4b4dd3348d5755d374fd3349d4b51d2f56d2755d2350d5f56d4b4fd3f50,0,0,0,1
832,832,0,9a66f9ba6c9c2629de689f2679be699ce719c2789be6d9b6719aa689a26a9fe699f26c9f2649b66c,6e9bb6b9a56e1a7685a56e5a56e5b9691a1699a76b5a6685bb691bf699ba689a668da56eda369da5,34a,156,5a1,5295d5594f5754b559545495352d4b52d57549485395455d4855156549545594854d4855d4a55156,273,d3756d6b54d3750d4b56d4b4dd3348d5755d374fd3349d4b51d2f56d2755d2350d5f56d4b4fd3f50,0,0,0,1
833,833,0,9a66f9ba6c9c2629de689f2679be699ce719c2789be6d9b6719aa689a26a9fe699f26c9f2649b66c,6e9bb6b9a56e1a7685a56e5a56e5b9691a1699a76b5a6685bb691bf699ba689a668da56eda369da5,351,154,5a4,5295d5594f5754b559545495352d4b52d57549485395455d4855156549545594854d4855d4a55156,268,d3756d6b54d3750d4b56d4b4dd3348d5755d374fd3349d4b51d2f56d2755d2350d5f56d4b4fd3f50,0,0,0,1
834,834,0,9a66f9ba6c9c2629de689f2679be699ce719c2789be6d9b6719aa689a26a9fe699f26c9f2649b66c,6e9bb6b9a56e1a7685a56e5a56e5b9691a1699a76b5a6685bb691bf699ba689a668da56eda369da5,34e,141,5b9,5295d5594f5754b559545495352d4b52d57549485395455d4855156549545594854d4855d4a55156,26f,d3756d6b54d3750d4b56d4b4dd3348d5755d374fd3349d4b51d2f56d2755d2350d5f56d4b4fd3f50,0,0,0,1
835,835,0,9a66f9ba6c9c2629de689f2679be699ce719c2789be6d9b6719aa689a26a9fe699f26c9f2649b66c,6e9bb6b9a56e1a7685a56e5a56e5b9691a1699a76b5a6685bb691bf699ba689a668da56eda369da5,35a,140,5a5,5295d5594f5754b559545495352d4b52d57549485395455d4855156549545594854d4855d4a55156,273,d3756d6b54d3750d4b56d4b4dd3348d5755d374fd3349d4b51d2f56d2755d2350d5f56d4b4fd3f50,0,0,0,1
836,836,0,9a66f9ba6c9c2629de689f2679be699ce719c2789be6d9b6719aa689a26a9fe699f26c9f2649b66c,6e9bb6b9a56e1a7685a56e5a56e5b9691a1699a76b5a6685bb691bf699ba689a668da56eda369da5,34b,143,5be,5295d5594f5754b559545495352d4b52d57549485395455d4855156549545594854d4855d4a55156,26d,d3756d6b54d3750d4b56d4b4dd3348d5755d374fd3349d4b51d2f56d2755d2350d5f56d4b4fd3f50,0,0,0,1
837,837,0,9a66f9ba6c9c2629de689f2679be699ce719c2789be6d9b6719aa689a26a9fe699f26c9f2649b66c,6e9bb6b9a56e1a7685a56e5a56e5b9691a1699a76b5a6685bb691bf699ba689a668da56eda369da5,353,154,5b9,5295d5594f5754b559545495352d4b52d57549485395455d4855156549545594854d4855d4a55156,274,d3756d6b54d3750d4b56d4b4dd3348d5755d374fd3349d4b51d2f56d2755d2350d5f56d4b4fd3f50,0,0,0,1
838,838,0,9a66f9ba6c9c2629de689f2679be699ce719c2789be6d9b6719aa689a26a9fe699f26c9f2649b66c,6e9bb6b9a56e1a7685a56e5a56e5b9691a1699a76b5a6685bb691bf699ba689a668da56eda369da5,357,154,5a4,5295d5594f5754b559545495352d4b52d57549485395455d4855156549545594854d4855d4a55156,26c,d3756d6b54d3750d4b56d4b4dd3348d5755d374fd3349d4b51d2f56d2755d2350d5f56d4b4fd3f50,0,0,0,1
839,839,0,9a66f9ba6c9c2629de689f2679be699ce719c2789be6d9b6719aa689a26a9fe699f26c9f2649b66c,6e9bb6b9a56e1a7685a56e5a56e5b9691a1699a76b5a6685bb691bf699ba689a668da56eda369da5,356,156,5a0,5295d5594f5754b559545495352d4b52d57549485395455d4855156549545594854d4855d4a55156,277,d3756d6b54d3750d4b56d4b4dd3348d5755d374fd3349d4b51d2f56d2755d2350d5f56d4b4fd3f50,0,0,0,1
840,840,0,9a66f9ba6c9c2629de689f2679be699ce719c2789be6d9b6719aa689a26a9fe699f26c9f2649b66c,6e9bb6b9a56e1a7685a56e5a56e5b9691a1699a76b5a6685bb691bf699ba689a668da56eda369da5,353,146,5a6,5295d5594f5754b559545495352d4b52d57549485395455d4855156549545594854d4855d4a55156,264,d3756d6b54d3750d4b56d4b4dd3348d5755d374fd3349d4b51d2f56d2755d2350d5f56d4b4fd3f50,0,0,0,1
841,841,0,9a66f9ba6c9c2629de689f2679be699ce719c2789be6d9b6719aa689a26a9fe699f26c9f2649b66c,6e9bb6b9a56e1a7685a56e5a56e5b9691a1699a76b5a6685bb691bf699ba689a668da56eda369da5,34c,548,5a7,5295d5594f5754b559545495352d4b52d57549485395455d4855156549545594854d4855d4a55156,26d,d3756d6b54d3750d4b56d4b4dd3348d5755d374fd3349d4b51d2f56d2755d2350d5f56d4b4fd3f50,0,0,0,1
842,842,0,9a66f9ba6c9c2629de689f2679be699ce719c2789be6d9b6719aa689a26a9fe699f26c9f2649b66c,6e9bb6b9a56e1a7685a56e5a56e5b9691a1699a76b5a6685bb691bf699ba689a668da56eda369da5,34f,555,1ad,5295d5594c57548559545715052d4b52d57549485395755d4b5515654d5455949541495595455156,670,d3756d6b54d3750d4b56d4b4dd3348d5755d374fd3349d4b51d2f56d2755d2350d5f56d4b4fd3f50,0,0,0,1
843,843,0,9a66f9f6719c2729de689f2679ba699ca6a9f2689ba6d9ba6d9a67f9a26b9fe699f26c9fe649b66c,6e9bb6b9a56e1a7685a56e5a56e5b9691a1699a76b5a6685bb691bf699ba689a668da56eda369da5,351,543,1a6,5295d5594c57548559545715052d4b52d57549485395755d4b5515654d5455949541495595455156,66d,d3756d6b54d3750d4b56d4b4dd3348d5755d374fd3349d4b51d2f56d2755d2350d5f56d4b4fd3f50,0,0,0,1
844,844,0,9a66f9f6719c2729de689f2679ba699ca6a9f2689ba6d9ba6d9a67f9a26b9fe699f26c9fe649b66c,6e9bb6b9a56e1a7685a56e5a56e5b9691a1699a76b5a6685bb691bf699ba689a668da56eda369da5,74c,54d,1a1,5295d5594c57548559545715052d4b52d57549485395755d4b5515654d5455949541495595455156,66f,d3756d6b54d3750d4b56d4b4dd3348d5755d374fd3349d4b51d2f56d2755d2350d5f56d4b4fd3f50,0,0,0,1
845,845,0,9a66f9f6719c2729de689f2679ba699ca6a9f2689ba6d9ba6d9a67f9a26b9fe699f26c9fe649b66c,6e9bb6b9a56e1a7685a56e5a56e5b9691a1699a76b5a6685bb691bf699ba689a668da56eda369da5,757,54f,1ba,5295d5594c57548559545715052d4b52d57549485395755d4b5515654d5455949541495595455156,670,d3356d6b55d3353d4b56d5b4cd3348d5754d4b4fd3f49d4b51d2b51d3b5ad2f53d5f56d4f4cd3f51,0,0,0,1
846,846,0,9a66f9f6719c2729de689f2679ba699ca6a9f2689ba6d9ba6d9a67f9a26b9fe699f26c9fe649b66c,6e9bb6b9a56e1a7685a56e5a56e5b9691a1699a76b5a6685bb691bf699ba689a668da56eda369da5,75a,541,1a7,5295d5594c57548559545715052d4b52d57549485395755d4b5515654d5455949541495595455156,670,d3356d6b55d3353d4b56d5b4cd3348d5754d4b4fd3f49d4b51d2b51d3b5ad2f53d5f56d4f4cd3f51,0,0,0,1
847,847,0,9a66f9f6719c2729de689f2679ba699ca6a9f2689ba6d9ba6d9a67f9a26b9fe699f26c9fe649b66c,6e9bb6b9a56e1a7685a56e5a56e5b9691a1699a76b5a6685bb691bf699ba689a668da56eda369da5,755,551,1be,5295d5594c57548559545715052d4b52d57549485395755d4b5515654d5455949541495595455156,673,d3356d6b55d3353d4b56d5b4cd3348d5754d4b4fd3f49d4b51d2b51d3b5ad2f53d5f56d4f4cd3f51,0,0,0,1
848,848,0,9a66f9f6719c2729de689f2679ba699ca6a9f2689ba6d9ba6d9a67f9a26b9fe699f26c9fe649b66c,6e9bb6b9a56e1a7685a56e5a56e5b9691a1699a76b5a6685bb691bf699ba689a668da56eda369da5,74c,555,1a6,5295d5594c57548559545715052d4b52d57549485395755d4b5515654d5455949541495595455156,667,d3356d6b55d3353d4b56d5b4cd3348d5754d4b4fd3f49d4b51d2b51d3b5ad2f53d5f56d4f4cd3f51,0,0,0,1
849,849,0,9a66f9f6719c2729de689f2679ba699ca6a9f2689ba6d9ba6d9a67f9a26b9fe699f26c9fe649b66c,6e9bb6b9a56e1a7685a56e5a56e5b9691a1699a76b5a6685bb691bf699ba689a668da56eda369da5,752,554,1bb,5295d5594c57548559545715052d4b52d57549485395755d4b5515654d5455949541495595455156,670,d3356d6b55d3353d4b56d5b4cd3348d5754d4b4fd3f49d4b51d2b51d3b5ad2f53d5f56d4f4cd3f51,0,0,0,1
850,850,0,9a66f9f6719c2729de689f2679ba699ca6a9f2689ba6d9ba6d9a67f9a26b9fe699f26c9fe649b66c,6e9bb6b9a56e1a7685a56e5a56e5b9691a1699a76b5a6685bb691bf699ba689a668da56eda369da5,752,542,1a2,5295d5594c57548559545715052d4b52d57549485395755d4b5515654d5455949541495595455156,66c,d3356d6b55d3353d4b56d5b4cd3348d5754d4b4fd3f49d4b51d2b51d3b5ad2f53d5f56d4f4cd3f51,0,0,0,1
851,851,0,9a66f9f6719c2729de689f2679ba699ca6a9f2689ba6d9ba6d9a67f9a26b9fe699f26c9fe649b66c,6e9bb6b9a56e1a7685a56e5a56e5b9691a1699a76b5a6685bb691bf699ba689a668da56eda369da5,756,54b,1a1,5295d5594c57548559545715052d4b52d57549485395755d4b5515654d5455949541495595455156,677,d3356d6b55d3353d4b56d5b4cd3348d5754d4b4fd3f49d4b51d2b51d3b5ad2f53d5f56d4f4cd3f51,0,0,0,1
852,852,0,9a66f9f6719c2729de689f2679ba699ca6a9f2689ba6d9ba6d9a67f9a26b9fe699f26c9fe649b66c,6e9bb6b9a56e1a7685a56e5a56e5b9691a1699a76b5a6685bb691bf699ba689a668da56eda369da5,756,549,1a3,5295d5594c57548559545715052d4b52d57549485395755d4b5515654d5455949541495595455156,667,d3356d6b55d3353d4b56d5b4cd3348d5754d4b4fd3f49d4b51d2b51d3b5ad2f53d5f56d4f4cd3f51,0,0,0,1
853,853,0,9a66f9f6719c2729de689f2679ba699ca6a9f2689ba6d9ba6d9a67f9a26b9fe699f26c9fe649b66c,6e9bb6b9a56e1a7685a56e5a56e5b9691a1699a76b5a6685bb691bf699ba689a668da56eda369da5,74d,542,1ba,5295d5594c57548559545715052d4b52d57549485395755d4b5515654d5455949541495595455156,66a,d3356d6b55d3353d4b56d5b4cd3348d5754d4b4fd3f49d4b51d2b51d3b5ad2f53d5f56d4f4cd3f51,0,0,0,1
854,854,0,9a66f9f6719c2729de689f2679ba699ca6a9f2689ba6d9ba6d9a67f9a26b9fe699f26c9fe649b66c,6e9bb6b9a56e1a7685a56e5a56e5b9691a1699a76b5a6685bb691bf699ba689a668da56eda369da5,74d,557,1ba,5295d5594c57548559545715052d4b52d57549485395755d4b5515654d5455949541495595455156,671,d3356d6b55d3353d4b56d5b4cd3348d5754d4b4fd3f49d4b51d2b51d3b5ad2f53d5f56d4f4cd3f51,0,0,0,1
855,855,0,9a66f9f6719c2729de689f2679ba699ca6a9f2689ba6d9ba6d9a67f9a26b9fe699f26c9fe649b66c,6e9bb6b9a56e1a7685a56e5a56e5b9691a1699a76b5a6685bb691bf699ba689a668da56eda369da5,748,541,1a0,5295d5594c57548559545715052d4b52d57549485395755d4b5515654d5455949541495595455156,673,d3356d6b55d3353d4b56d5b4cd3348d5754d4b4fd3f49d4b51d2b51d3b5ad2f53d5f56d4f4cd3f51,0,0,0,1
856,856,0,9a66f9f6719c2729de689f2679ba699ca6a9f2689ba6d9ba6d9a67f9a26b9fe699f26c9fe649b66c,6e9bb6b9a56e1a7685a56e5a56e5b9691a1699a76b5a6685bb691bf699ba689a668da56eda369da5,757,548,1a7,5295d5594c57548559545715052d4b52d57549485395755d4b5515654d5455949541495595455156,66f,d3356d6b55d3353d4b56d5b4cd3348d5754d4b4fd3f49d4b51d2b51d3b5ad2f53d5f56d4f4cd3f51,0,0,0,1
857,857,0,9a66f9f6719c2729de689f2679ba699ca6a9f2689ba6d9ba6d9a67f9a26b9fe699f26c9fe649b66c,6e9bb6b9a56e1a7685a56e5a56e5b9691a1699a76b5a6685bb691bf699ba689a668da56eda369da5,754,143,1a5,5295d5594c57548559545715052d4b52d57549485395755d4b5515654d5455949541495595455156,670,d3356d6b55d3353d4b56d5b4cd3348d5754d4b4fd3f49d4b51d2b51d3b5ad2f53d5f56d4f4cd3f51,0,0,0,1
858,858,0,9a66f9f6719c2729de689f2679ba699ca6a9f2689ba6d9ba6d9a67f9a26b9fe699f26c9fe649b66c,6e9bb6b9a56e1a7685a56e5a56e5b9691a1699a76b5a6685bb691bf699ba689a668da56eda369da5,74d,157,5bb,5295d5594c57548559545715052d4b52d57549485395755d4b5515654d5455949541495595455156,26d,d3356d6b55d3353d4b56d5b4cd3348d5754d4b4fd3f49d4b51d2b51d3b5ad2f53d5f56d4f4cd3f51,0,0,0,1
859,859,0,9a66f9f6719c2729de689f2679ba699ca6a9f2689ba6d9ba6d9a67f9a26b9fe699f26c9fe649b66c,6edb86bda46e5a7685a46e5a56f9b9691a0699a76b5a6685ba69dbe699bb689a168dba6e9a069da5,74f,147,5b8,5295d5594c57548559545715052d4b52d57549485395755d4b5515654d5455949541495595455156,26f,d3356d6b55d3353d4b56d5b4cd3348d5754d4b4fd3f49d4b51d2b51d3b5ad2f53d5f56d4f4cd3f51,0,0,0,1
860,860,0,9a66f9f6719c2729de689f2679ba699ca6a9f2689ba6d9ba6d9a67f9a26b9fe699f26c9fe649b66c,6edb86bda46e5a7685a46e5a56f9b9691a0699a76b5a6685ba69dbe699bb689a168dba6e9a069da5,34c,141,5af,5295d5594c57548559545715052d4b52d57549485395755d4b5515654d5455949541495595455156,26d,d3356d6b55d3353d4b56d5b4cd3348d5754d4b4fd3f49d4b51d2b51d3b5ad2f53d5f56d4f4cd3f51,0,0,0,1
861,861,0,9a66f9f6719c2729de689f2679ba699ca6a9f2689ba6d9ba6d9a67f9a26b9fe699f26c9fe649b66c,6edb86bda46e5a7685a46e5a56f9b9691a0699a76b5a6685ba69dbe699bb689a168dba6e9a069da5,349,156,5a4,5295d5594c57548559545715052d4b52d57549485395755d4b5515654d5455949541495595455156,271,d3356d6b55d3353d4b56d5b4cd3348d5754d4b4fd3f49d4b51d2b51d3b5ad2f53d5f56d4f4cd3f51,0,0,0,1
862,862,0,9a66f9f6719c2729de689f2679ba699ca6a9f2689ba6d9ba6d9a67f9a26b9fe699f26c9fe649b66c,6edb86bda46e5a7685a46e5a56f9b9691a0699a76b5a6685ba69dbe699bb689a168dba6e9a069da5,352,157,5b9,5295d5594c57548559545715052d4b52d57549485395755d4b5515654d5455949541495595455156,271,d3356d6b55d3353d4b56d5b4cd3348d5754d4b4fd3f49d4b51d2b51d3b5ad2f53d5f56d4f4cd3f51,0,0,0,1
863,863,0,9a66f9f6719c2729de689f2679ba699ca6a9f2689ba6d9ba6d9a67f9a26b9fe699f26c9fe649b66c,6edb86bda46e5a7685a46e5a56f9b9691a0699a76b5a6685ba69dbe699bb689a168dba6e9a069da5,350,151,5a7,5295d5594c57548559545715052d4b52d57549485395755d4b5515654d5455949541495595455156,26a,d3356d6b55d3353d4b56d5b4cd3348d5754d4b4fd3f49d4b51d2b51d3b5ad2f53d5f56d4f4cd3f51,0,0,0,1
864,864,0,9a66f9f6719c2729de689f2679ba699ca6a9f2689ba6d9ba6d9a67f9a26b9fe699f26c9fe649b66c,6edb86bda46e5a7685a46e5a56f9b9691a0699a76b5a6685ba69dbe699bb689a168dba6e9a069da5,34b,156,5a1,5295d5594c57548559545715052d4b52d57549485395755d4b5515654d5455949541495595455156,270,d3356d6b55d3353d4b56d5b4cd3348d5754d4b4fd3f49d4b51d2b51d3b5ad2f53d5f56d4f4cd3f51,0,0,0,1
865,865,0,9a66f9f6719c2729de689f2679ba699ca6a9f2689ba6d9ba6d9a67f9a26b9fe699f26c9fe649b66c,6edb86bda46e5a7685a46e5a56f9b9691a0699a76b5a6685ba69dbe699bb689a168dba6e9a069da5,351,144,5a4,5295d5594c57548559545715052d4b52d57549485395755d4b5515654d5455949541495595455156,268,d3356d6b55d3353d4b56d5b4cd3348d5754d4b4fd3f49d4b51d2b51d3b5ad2f53d5f56d4f4cd3f51,0,0,0,1
866,866,0,9a66f9f6719c2729de689f2679ba699ca6a9f2689ba6d9ba6d9a67f9a26b9fe699f26c9fe649b66c,6edb86bda46e5a7685a46e5a56f9b9691a0699a76b5a6685ba69dbe699bb689a168dba6e9a069da5,349,140,5b9,5295d5594c57548559545715052d4b52d57549485395755d4b5515654d5455949541495595455156,26f,d3356d6b55d3353d4b56d5b4cd3348d5754d4b4fd3f49d4b51d2b51d3b5ad2f53d5f56d4f4cd3f51,0,0,0,1
867,867,0,9a66f9f6719c2729de689f2679ba699ca6a9f2689ba6d9ba6d9a67f9a26b9fe699f26c9fe649b66c,6edb86bda46e5a7685a46e5a56f9b9691a0699a76b5a6685ba69dbe699bb689a168dba6e9a069da5,35a,140,5ba,5295d5594c57548559545715052d4b52d57549485395755d4b5515654d5455949541495595455156,273,d3356d6b55d3353d4b56d5b4cd3348d5754d4b4fd3f49d4b51d2b51d3b5ad2f53d5f56d4f4cd3f51,0,0,0,1
868,868,0,9a66f9f6719c2729de689f2679ba699ca6a9f2689ba6d9ba6d9a67f9a26b9fe699f26c9fe649b66c,6edb86bda46e5a7685a46e5a56f9b9691a0699a76b5a6685ba69dbe699bb689a168dba6e9a069da5,34b,143,5b9,5295d5594c57548559545715052d4b52d57549485395755d4b5515654d5455949541495595455156,26d,d3356d6b55d3353d4b56d5b4cd3348d5754d4b4fd3f49d4b51d2b51d3b5ad2f53d5f56d4f4cd3f51,0,0,0,1
869,869,0,9a66f9f6719c2729de689f2679ba699ca6a9f2689ba6d9ba6d9a67f9a26b9fe699f26c9fe649b66c,6edb86bda46e5a7685a46e5a56f9b9691a0699a76b5a6685ba69dbe699bb689a168dba6e9a069da5,350,154,5b9,5295d5594c57548559545715052d4b52d57549485395755d4b5515654d5455949541495595455156,274,d3356d6b55d3353d4b56d5b4cd3348d5754d4b4fd3f49d4b51d2b51d3b5ad2f53d5f56d4f4cd3f51,0,0,0,1
870,870,0,9a66f9f6719c2729de689f2679ba699ca6a9f2689ba6d9ba6d9a67f9a26b9fe699f26c9fe649b66c,6edb86bda46e5a7685a46e5a56f9b9691a0699a76b5a6685ba69dbe699bb689a168dba6e9a069da5,357,157,5a5,5295d5594c57548559545715052d4b52d57549485395755d4b5515654d5455949541495595455156,26d,d3356d6b55d3353d4b56d5b4cd3348d5754d4b4fd3f49d4b51d2b51d3b5ad2f53d5f56d4f4cd3f51,0,0,0,1
871,871,0,9a66f9f6719c2729de689f2679ba699ca6a9f2689ba6d9ba6d9a67f9a26b9fe699f26c9fe649b66c,6edb86bda46e5a7685a46e5a56f9b9691a0699a76b5a6685ba69dbe699bb689a168dba6e9a069da5,356,157,5a1,5295d5594c57548559545715052d4b52d57549485395755d4b5515654d5455949541495595455156,277,d3356d6b55d3353d4b56d5b4cd3348d5754d4b4fd3f49d4b51d2b51d3b5ad2f53d5f56d4f4cd3f51,0,0,0,1
872,872,0,9a66f9f6719c2729de689f2679ba699ca6a9f2689ba6d9ba6d9a67f9a26b9fe699f26c9fe649b66c,6edb86bda46e5a7685a46e5a56f9b9691a0699a76b5a6685ba69dbe699bb689a168dba6e9a069da5,352,146,5a1,5295d5594c57548559545715052d4b52d57549485395755d4b5515654d5455949541495595455156,264,d3356d6b55d3353d4b56d5b4cd3348d5754d4b4fd3f49d4b51d2b51d3b5ad2f53d5f56d4f4cd3f51,0,0,0,1
873,873,0,9a66f9f6719c2729de689f2679ba699ca6a9f2689ba6d9ba6d9a67f9a26b9fe699f26c9fe649b66c,6edb86bda46e5a7685a46e5a56f9b9691a0699a76b5a6685ba69dbe699bb689a168dba6e9a069da5,34c,548,5a4,5295d5594c57548559545715052d4b52d57549485395755d4b5515654d5455949541495595455156,26c,d3356d6b55d3353d4b56d5b4cd3348d5754d4b4fd3f49d4b51d2b51d3b5ad2f53d5f56d4f4cd3f51,0,0,0,1
874,874,0,9a66f9f6719c2729de689f2679ba699ca6a9f2689ba6d9ba6d9a67f9a26b9fe699f26c9fe649b66c,6edb86bda46e5a7685a46e5a56f9b9691a0699a76b5a6685ba69dbe699bb689a168dba6e9a069da5,34e,557,1ad,5295d5454f5754b545555715052d4b5215754d485255755d4b5515754d5455948541495595555d56,670,d3356d6b55d3353d4b56d5b4cd3348d5754d4b4fd3f49d4b51d2b51d3b5ad2f53d5f56d4f4cd3f51,0,0,0,1
875,875,0,9a66f9f2709ce639d2689fe679ba689ce6b9f2699be6d9f6719ae689a26b9fe699f26d9fe649b26c,6edb86bda46e5a7685a46e5a56f9b9691a0699a76b5a6685ba69dbe699bb689a168dba6e9a069da5,350,546,1a6,5295d5454f5754b545555715052d4b5215754d485255755d4b5515754d5455948541495595555d56,66d,d3356d6b55d3353d4b56d5b4cd3348d5754d4b4fd3f49d4b51d2b51d3b5ad2f53d5f56d4f4cd3f51,0,0,0,1
876,876,0,9a66f9f2709ce639d2689fe679ba689ce6b9f2699be6d9f6719ae689a26b9fe699f26d9fe649b26c,6edb86bda46e5a7685a46e5a56f9b9691a0699a76b5a6685ba69dbe699bb689a168dba6e9a069da5,74c,547,1a1,5295d5454f5754b545555715052d4b5215754d485255755d4b5515754d5455948541495595555d56,66c,d3356d6b55d3353d4b56d5b4cd3348d5754d4b4fd3f49d4b51d2b51d3b5ad2f53d5f56d4f4cd3f51,0,0,0,1
877,877,0,9a66f9f2709ce639d2689fe679ba689ce6b9f2699be6d9f6719ae689a26b9fe699f26d9fe649b26c,6edb86bda46e5a7685a46e5a56f9b9691a0699a76b5a6685ba69dbe699bb689a168dba6e9a069da5,756,542,1ba,5295d5454f5754b545555715052d4b5215754d485255755d4b5515754d5455948541495595555d56,670,d3357d6b55d3352d4b56d5b4dd3748d5754d374fd3349d4b50d2f51d275ad2f50d5f56d4b4cd3b50,0,0,0,1
878,878,0,9a66f9f2709ce639d2689fe679ba689ce6b9f2699be6d9f6719ae689a26b9fe699f26d9fe649b26c,6edb86bda46e5a7685a46e5a56f9b9691a0699a76b5a6685ba69dbe699bb689a168dba6e9a069da5,75a,543,1a4,5295d5454f5754b545555715052d4b5215754d485255755d4b5515754d5455948541495595555d56,670,d3357d6b55d3352d4b56d5b4dd3748d5754d374fd3349d4b50d2f51d275ad2f50d5f56d4b4cd3b50,0,0,0,1
879,879,0,9a66f9f2709ce639d2689fe679ba689ce6b9f2699be6d9f6719ae689a26b9fe699f26d9fe649b26c,6edb86bda46e5a7685a46e5a56f9b9691a0699a76b5a6685ba69dbe699bb689a168dba6e9a069da5,754,554,1be,5295d5454f5754b545555715052d4b5215754d485255755d4b5515754d5455948541495595555d56,673,d3357d6b55d3352d4b56d5b4dd3748d5754d374fd3349d4b50d2f51d275ad2f50d5f56d4b4cd3b50,0,0,0,1
880,880,0,9a66f9f2709ce639d2689fe679ba689ce6b9f2699be6d9f6719ae689a26b9fe699f26d9fe649b26c,6edb86bda46e5a7685a46e5a56f9b9691a0699a76b5a6685ba69dbe699bb689a168dba6e9a069da5,74d,554,1a7,5295d5454f5754b545555715052d4b5215754d485255755d4b5515754d5455948541495595555d56,664,d3357d6b55d3352d4b56d5b4dd3748d5754d374fd3349d4b50d2f51d275ad2f50d5f56d4b4cd3b50,0,0,0,1
881,881,0,9a66f9f2709ce639d2689fe679ba689ce6b9f2699be6d9f6719ae689a26b9fe699f26d9fe649b26c,6edb86bda46e5a7685a46e5a56f9b9691a0699a76b5a6685ba69dbe699bb689a168dba6e9a069da5,752,554,1bb,5295d5454f5754b545555715052d4b5215754d485255755d4b5515754d5455948541495595555d56,670,d3357d6b55d3352d4b56d5b4dd3748d5754d374fd3349d4b50d2f51d275ad2f50d5f56d4b4cd3b50,0,0,0,1
882,882,0,9a66f9f2709ce639d2689fe679ba689ce6b9f2699be6d9f6719ae689a26b9fe699f26d9fe649b26c,6edb86bda46e5a7685a46e5a56f9b9691a0699a76b5a6685ba69dbe699bb689a168dba6e9a069da5,752,540,1a2,5295d5454f5754b545555715052d4b5215754d485255755d4b5515754d5455948541495595555d56,66c,d3357d6b55d3352d4b56d5b4dd3748d5754d374fd3349d4b50d2f51d275ad2f50d5f56d4b4cd3b50,0,0,0,1
883,883,0,9a66f9f2709ce639d2689fe679ba689ce6b9f2699be6d9f6719ae689a26b9fe699f26d9fe649b26c,6edb86bda46e5a7685a46e5a56f9b9691a0699a76b5a6685ba69dbe699bb689a168dba6e9a069da5,756,548,1a1,5295d5454f5754b545555715052d4b5215754d485255755d4b5515754d5455948541495595555d56,674,d3357d6b55d3352d4b56d5b4dd3748d5754d374fd3349d4b50d2f51d275ad2f50d5f56d4b4cd3b50,0,0,0,1
884,884,0,9a66f9f2709ce639d2689fe679ba689ce6b9f2699be6d9f6719ae689a26b9fe699f26d9fe649b26c,6edb86bda46e5a7685a46e5a56f9b9691a0699a76b5a6685ba69dbe699bb689a168dba6e9a069da5,756,54b,1a3,5295d5454f5754b545555715052d4b5215754d485255755d4b5515754d5455948541495595555d56,667,d3357d6b55d3352d4b56d5b4dd3748d5754d374fd3349d4b50d2f51d275ad2f50d5f56d4b4cd3b50,0,0,0,1
885,885,0,9a66f9f2709ce639d2689fe679ba689ce6b9f2699be6d9f6719ae689a26b9fe699f26d9fe649b26c,6edb86bda46e5a7685a46e5a56f9b9691a0699a76b5a6685ba69dbe699bb689a168dba6e9a069da5,74d,543,1ba,5295d5454f5754b545555715052d4b5215754d485255755d4b5515754d5455948541495595555d56,66a,d3357d6b55d3352d4b56d5b4dd3748d5754d374fd3349d4b50d2f51d275ad2f50d5f56d4b4cd3b50,0,0,0,1
886,886,0,9a66f9f2709ce639d2689fe679ba689ce6b9f2699be6d9f6719ae689a26b9fe699f26d9fe649b26c,6edb86bda46e5a7685a46e5a56f9b9691a0699a76b5a6685ba69dbe699bb689a168dba6e9a069da5,74c,557,1bb,5295d5454f5754b545555715052d4b5215754d485255755d4b5515754d5455948541495595555d56,671,d3357d6b55d3352d4b56d5b4dd3748d5754d374fd3349d4b50d2f51d275ad2f50d5f56d4b4cd3b50,0,0,0,1
887,887,0,9a66f9f2709ce639d2689fe679ba689ce6b9f2699be6d9f6719ae689a26b9fe699f26d9fe649b26c,6edb86bda46e5a7685a46e5a56f9b9691a0699a76b5a6685ba69dbe699bb689a168dba6e9a069da5,748,540,1a3,5295d5454f5754b545555715052d4b5215754d485255755d4b5515754d5455948541495595555d56,673,d3357d6b55d3352d4b56d5b4dd3748d5754d374fd3349d4b50d2f51d275ad2f50d5f56d4b4cd3b50,0,0,0,1
888,888,0,9a66f9f2709ce639d2689fe679ba689ce6b9f2699be6d9f6719ae689a26b9fe699f26d9fe649b26c,6edb86bda46e5a7685a46e5a56f9b9691a0699a76b5a6685ba69dbe699bb689a168dba6e9a069da5,757,549,1a7,5295d5454f5754b545555715052d4b5215754d485255755d4b5515754d5455948541495595555d56,671,d3357d6b55d3352d4b56d5b4dd3748d5754d374fd3349d4b50d2f51d275ad2f50d5f56d4b4cd3b50,0,0,0,1
889,889,0,9a66f9f2709ce639d2689fe679ba689ce6b9f2699be6d9f6719ae689a26b9fe699f26d9fe649b26c,6edb86bda46e5a7685a46e5a56f9b9691a0699a76b5a6685ba69dbe699bb689a168dba6e9a069da5,757,141,1a4,5295d5454f5754b545555715052d4b5215754d485255755d4b5515754d5455948541495595555d56,670,d3357d6b55d3352d4b56d5b4dd3748d5754d374fd3349d4b50d2f51d275ad2f50d5f56d4b4cd3b50,0,0,0,1
890,890,0,9a66f9f2709ce639d2689fe679ba689ce6b9f2699be6d9f6719ae689a26b9fe699f26d9fe649b26c,6edb86bda46e5a7685a46e5a56f9b9691a0699a76b5a6685ba69dbe699bb689a168dba6e9a069da5,752,157,5bb,5295d5454f5754b545555715052d4b5215754d485255755d4b5515754d5455948541495595555d56,26d,d3357d6b55d3352d4b56d5b4dd3748d5754d374fd3349d4b50d2f51d275ad2f50d5f56d4b4cd3b50,0,0,0,1
891,891,0,9a66f9f2709ce639d2689fe679ba689ce6b9f2699be6d9f6719ae689a26b9fe699f26d9fe649b26c,6edb86bda46e5a7685a46e5ba6e5b9695a1685a46b5a6685ba691be69dbb689a168dba6eda369da4,74f,146,5b8,5295d5454f5754b545555715052d4b5215754d485255755d4b5515754d5455948541495595555d56,26f,d3357d6b55d3352d4b56d5b4dd3748d5754d374fd3349d4b50d2f51d275ad2f50d5f56d4b4cd3b50,0,0,0,1
892,892,0,9a66f9f2709ce639d2689fe679ba689ce6b9f2699be6d9f6719ae689a26b9fe699f26d9fe649b26c,6edb86bda46e5a7685a46e5ba6e5b9695a1685a46b5a6685ba691be69dbb689a168dba6eda369da4,34c,141,5af,5295d5454f5754b545555715052d4b5215754d485255755d4b5515754d5455948541495595555d56,26c,d3357d6b55d3352d4b56d5b4dd3748d5754d374fd3349d4b50d2f51d275ad2f50d5f56d4b4cd3b50,0,0,0,1
893,893,0,9a66f9f2709ce639d2689fe679ba689ce6b9f2699be6d9f6719ae689a26b9fe699f26d9fe649b26c,6edb86bda46e5a7685a46e5ba6e5b9695a1685a46b5a6685ba691be69dbb689a168dba6eda369da4,349,156,5a5,5295d5454f5754b545555715052d4b5215754d485255755d4b5515754d5455948541495595555d56,271,d3357d6b55d3352d4b56d5b4dd3748d5754d374fd3349d4b50d2f51d275ad2f50d5f56d4b4cd3b50,0,0,0,1
894,894,0,9a66f9f2709ce639d2689fe679ba689ce6b9f2699be6d9f6719ae689a26b9fe699f26d9fe649b26c,6edb86bda46e5a7685a46e5ba6e5b9695a1685a46b5a6685ba691be69dbb689a168dba6eda369da4,352,157,5b9,5295d5454f5754b545555715052d4b5215754d485255755d4b5515754d5455948541495595555d56,271,d3357d6b55d3352d4b56d5b4dd3748d5754d374fd3349d4b50d2f51d275ad2f50d5f56d4b4cd3b50,0,0,0,1
895,895,0,9a66f9f2709ce639d2689fe679ba689ce6b9f2699be6d9f6719ae689a26b9fe699f26d9fe649b26c,6edb86bda46e5a7685a46e5ba6e5b9695a1685a46b5a6685ba691be69dbb689a168dba6eda369da4,350,150,5a7,5295d5454f5754b545555715052d4b5215754d485255755d4b5515754d5455948541495595555d56,26b,d3357d6b55d3352d4b56d5b4dd3748d5754d374fd3349d4b50d2f51d275ad2f50d5f56d4b4cd3b50,0,0,0,1
896,896,0,9a66f9f2709ce639d2689fe679ba689ce6b9f2699be6d9f6719ae689a26b9fe699f26d9fe649b26c,6edb86bda46e5a7685a46e5ba6e5b9695a1685a46b5a6685ba691be69dbb689a168dba6eda369da4,34b,156,5a1,5295d5454f5754b545555715052d4b5215754d485255755d4b5515754d5455948541495595555d56,270,d3357d6b55d3352d4b56d5b4dd3748d5754d374fd3349d4b50d2f51d275ad2f50d5f56d4b4cd3b50,0,0,0,1
897,897,0,9a66f9f2709ce639d2689fe679ba689ce6b9f2699be6d9f6719ae689a26b9fe699f26d9fe649b26c,6edb86bda46e5a7685a46e5ba6e5b9695a1685a46b5a6685ba691be69dbb689a168dba6eda369da4,351,144,5a5,5295d5454f5754b545555715052d4b5215754d485255755d4b5515754d5455948541495595555d56,268,d3357d6b55d3352d4b56d5b4dd3748d5754d374fd3349d4b50d2f51d275ad2f50d5f56d4b4cd3b50,0,0,0,1
898,898,0,9a66f9f2709ce639d2689fe679ba689ce6b9f2699be6d9f6719ae689a26b9fe699f26d9fe649b26c,6edb86bda46e5a7685a46e5ba6e5b9695a1685a46b5a6685ba691be69dbb689a168dba6eda369da4,349,142,5b9,5295d5454f5754b545555715052d4b5215754d485255755d4b5515754d5455948541495595555d56,26f,d3357d6b55d3352d4b56d5b4dd3748d5754d374fd3349d4b50d2f51d275ad2f50d5f56d4b4cd3b50,0,0,0,1
899,899,0,9a66f9f2709ce639d2689fe679ba689ce6b9f2699be6d9f6719ae689a26b9fe699f26d9fe649b26c,6edb86bda46e5a7685a46e5ba6e5b9695a1685a46b5a6685ba691be69dbb689a168dba6eda369da4,355,141,5a5,5295d5454f5754b545555715052d4b5215754d485255755d4b5515754d5455948541495595555d56,273,d3357d6b55d3352d4b56d5b4dd3748d5754d374fd3349d4b50d2f51d275ad2f50d5f56d4b4cd3b50,0,0,0,1
900,900,0,9a66f9f2709ce639d2689fe679ba689ce6b9f2699be6d9f6719ae689a26b9fe699f26d9fe649b26c,6edb86bda46e5a7685a46e5ba6e5b9695a1685a46b5a6685ba691be69dbb689a168dba6eda369da4,348,143,5b9,5295d5454f5754b545555715052d4b5215754d485255755d4b5515754d5455948541495595555d56,26d,d3357d6b55d3352d4b56d5b4dd3748d5754d374fd3349d4b50d2f51d275ad2f50d5f56d4b4cd3b50,0,0,0,1
901,901,0,9a66f9f2709ce639d2689fe679ba689ce6b9f2699be6d9f6719ae689a26b9fe699f26d9fe649b26c,6edb86bda46e5a7685a46e5ba6e5b9695a1685a46b5a6685ba691be69dbb689a168dba6eda369da4,350,155,5b8,5295d5454f5754b545555715052d4b5215754d485255755d4b5515754d5455948541495595555d56,274,d3357d6b55d3352d4b56d5b4dd3748d5754d374fd3349d4b50d2f51d275ad2f50d5f56d4b4cd3b50,0,0,0,1
902,902,0,9a66f9f2709ce639d2689fe679ba689ce6b9f2699be6d9f6719ae689a26b9fe699f26d9fe649b26c,6edb86bda46e5a7685a46e5ba6e5b9695a1685a46b5a6685ba691be69dbb689a168dba6eda369da4,356,157,5a4,5295d5454f5754b545555715052d4b5215754d485255755d4b5515754d5455948541495595555d56,26d,d3357d6b55d3352d4b56d5b4dd3748d5754d374fd3349d4b50d2f51d275ad2f50d5f56d4b4cd3b50,0,0,0,1
903,903,0,9a66f9f2709ce639d2689fe679ba689ce6b9f2699be6d9f6719ae689a26b9fe699f26d9fe649b26c,6edb86bda46e5a7685a46e5ba6e5b9695a1685a46b5a6685ba691be69dbb689a168dba6eda369da4,356,155,5a1,5295d5454f5754b545555715052d4b5215754d485255755d4b5515754d5455948541495595555d56,274,d3357d6b55d3352d4b56d5b4dd3748d5754d374fd3349d4b50d2f51d275ad2f50d5f56d4b4cd3b50,0,0,0,1
904,904,0,9a66f9f2709ce639d2689fe679ba689ce6b9f2699be6d9f6719ae689a26b9fe699f26d9fe649b26c,6edb86bda46e5a7685a46e5ba6e5b9695a1685a46b5a6685ba691be69dbb689a168dba6eda369da4,353,151,5a1,5295d5454f5754b545555715052d4b5215754d485255755d4b5515754d5455948541495595555d56,264,d3357d6b55d3352d4b56d5b4dd3748d5754d374fd3349d4b50d2f51d275ad2f50d5f56d4b4cd3b50,0,0,0,1
905,905,0,9a66f9f2709ce639d2689fe679ba689ce6b9f2699be6d9f6719ae689a26b9fe699f26d9fe649b26c,6edb86bda46e5a7685a46e5ba6e5b9695a1685a46b5a6685ba691be69dbb689a168dba6eda369da4,34f,557,5a4,5295d5454f5754b545555715052d4b5215754d485255755d4b5515754d5455948541495595555d56,26c,d3357d6b55d3352d4b56d5b4dd3748d5754d374fd3349d4b50d2f51d275ad2f50d5f56d4b4cd3b50,0,0,0,1
906,906,0,9a66f9f2709ce639d2689fe679ba689ce6b9f2699be6d9f6719ae689a26b9fe699f26d9fe649b26c,6edb86bda46e5a7685a46e5ba6e5b9695a1685a46b5a6685ba691be69dbb689a168dba6eda369da4,34f,552,1ac,5295d5594f5494b55954571505214b52d5754949525575594b55157549545594854d4955d5555d51,671,d3357d6b55d3352d4b56d5b4dd3748d5754d374fd3349d4b50d2f51d275ad2f50d5f56d4b4cd3b50,0,0,0,1
907,907,0,9a66c9f2709ce709d2689f2669ba699ce719c2789be6c9b6719ae699a26b9fe699f26d9f2649b26c,6edb86bda46e5a7685a46e5ba6e5b9695a1685a46b5a6685ba691be69dbb689a168dba6eda369da4,350,556,1a7,5295d5594f5494b55954571505214b52d5754949525575594b55157549545594854d4955d5555d51,66d,d3357d6b55d3352d4b56d5b4dd3748d5754d374fd3349d4b50d2f51d275ad2f50d5f56d4b4cd3b50,0,0,0,1
908,908,0,9a66c9f2709ce709d2689f2669ba699ce719c2789be6c9b6719ae699a26b9fe699f26d9f2649b26c,6edb86bda46e5a7685a46e5ba6e5b9695a1685a46b5a6685ba691be69dbb689a168dba6eda369da4,74d,546,1a1,5295d5594f5494b55954571505214b52d5754949525575594b55157549545594854d4955d5555d51,66f,d3357d6b55d3352d4b56d5b4dd3748d5754d374fd3349d4b50d2f51d275ad2f50d5f56d4b4cd3b50,0,0,0,1
909,909,0,9a66c9f2709ce709d2689f2669ba699ce719c2789be6c9b6719ae699a26b9fe699f26d9f2649b26c,6edb86bda46e5a7685a46e5ba6e5b9695a1685a46b5a6685ba691be69dbb689a168dba6eda369da4,756,542,1ba,5295d5594f5494b55954571505214b52d5754949525575594b55157549545594854d4955d5555d51,670,d3356d6b54d3752d4b56d5b4dd3348d5755d4b4fd3349d4b50d2f51d2755d2350d5b56d4f4fd3f50,0,0,0,1
910,910,0,9a66c9f2709ce709d2689f2669ba699ce719c2789be6c9b6719ae699a26b9fe699f26d9f2649b26c,6edb86bda46e5a7685a46e5ba6e5b9695a1685a46b5a6685ba691be69dbb689a168dba6eda369da4,75a,542,1a4,5295d5594f5494b55954571505214b52d5754949525575594b55157549545594854d4955d5555d51,670,d3356d6b54d3752d4b56d5b4dd3348d5755d4b4fd3349d4b50d2f51d2755d2350d5b56d4f4fd3f50,0,0,0,1
911,911,0,9a66c9f2709ce709d2689f2669ba699ce719c2789be6c9b6719ae699a26b9fe699f26d9f2649b26c,6edb86bda46e5a7685a46e5ba6e5b9695a1685a46b5a6685ba691be69dbb689a168dba6eda369da4,755,554,1be,5295d5594f5494b55954571505214b52d5754949525575594b55157549545594854d4955d5555d51,670,d3356d6b54d3752d4b56d5b4dd3348d5755d4b4fd3349d4b50d2f51d2755d2350d5b56d4f4fd3f50,0,0,0,1
912,912,0,9a66c9f2709ce709d2689f2669ba699ce719c2789be6c9b6719ae699a26b9fe699f26d9f2649b26c,6edb86bda46e5a7685a46e5ba6e5b9695a1685a46b5a6685ba691be69dbb689a168dba6eda369da4,74d,554,1a7,5295d5594f5494b55954571505214b52d5754949525575594b55157549545594854d4955d5555d51,667,d3356d6b54d3752d4b56d5b4dd3348d5755d4b4fd3349d4b50d2f51d2755d2350d5b56d4f4fd3f50,0,0,0,1
913,913,0,9a66c9f2709ce709d2689f2669ba699ce719c2789be6c9b6719ae699a26b9fe699f26d9f2649b26c,6edb86bda46e5a7685a46e5ba6e5b9695a1685a46b5a6685ba691be69dbb689a168dba6eda369da4,750,555,1ba,5295d5594f5494b55954571505214b52d5754949525575594b55157549545594854d4955d5555d51,673,d3356d6b54d3752d4b56d5b4dd3348d5755d4b4fd3349d4b50d2f51d2755d2350d5b56d4f4fd3f50,0,0,0,1
914,914,0,9a66c9f2709ce709d2689f2669ba699ce719c2789be6c9b6719ae699a26b9fe699f26d9f2649b26c,6edb86bda46e5a7685a46e5ba6e5b9695a1685a46b5a6685ba691be69dbb689a168dba6eda369da4,752,540,1a2,5295d5594f5494b55954571505214b52d5754949525575594b55157549545594854d4955d5555d51,66c,d3356d6b54d3752d4b56d5b4dd3348d5755d4b4fd3349d4b50d2f51d2755d2350d5b56d4f4fd3f50,0,0,0,1
915,915,0,9a66c9f2709ce709d2689f2669ba699ce719c2789be6c9b6719ae699a26b9fe699f26d9f2649b26c,6edb86bda46e5a7685a46e5ba6e5b9695a1685a46b5a6685ba691be69dbb689a168dba6eda369da4,756,548,1a1,5295d5594f5494b55954571505214b52d5754949525575594b55157549545594854d4955d5555d51,677,d3356d6b54d3752d4b56d5b4dd3348d5755d4b4fd3349d4b50d2f51d2755d2350d5b56d4f4fd3f50,0,0,0,1
916,916,0,9a66c9f2709ce709d2689f2669ba699ce719c2789be6c9b6719ae699a26b9fe699f26d9f2649b26c,6edb86bda46e5a7685a46e5ba6e5b9695a1685a46b5a6685ba691be69dbb689a168dba6eda369da4,751,549,1a3,5295d5594f5494b55954571505214b52d5754949525575594b55157549545594854d4955d5555d51,667,d3356d6b54d3752d4b56d5b4dd3348d5755d4b4fd3349d4b50d2f51d2755d2350d5b56d4f4fd3f50,0,0,0,1
917,917,0,9a66c9f2709ce709d2689f2669ba699ce719c2789be6c9b6719ae699a26b9fe699f26d9f2649b26c,6edb86bda46e5a7685a46e5ba6e5b9695a1685a46b5a6685ba691be69dbb689a168dba6eda369da4,74c,542,1ba,5295d5594f5494b55954571505214b52d5754949525575594b55157549545594854d4955d5555d51,66b,d3356d6b54d3752d4b56d5b4dd3348d5755d4b4fd3349d4b50d2f51d2755d2350d5b56d4f4fd3f50,0,0,0,1
918,918,0,9a66c9f2709ce709d2689f2669ba699ce719c2789be6c9b6719ae699a26b9fe699f26d9f2649b26c,6edb86bda46e5a7685a46e5ba6e5b9695a1685a46b5a6685ba691be69dbb689a168dba6eda369da4,74c,557,1bb,5295d5594f5494b55954571505214b52d5754949525575594b55157549545594854d4955d5555d51,671,d3356d6b54d3752d4b56d5b4dd3348d5755d4b4fd3349d4b50d2f51d2755d2350d5b56d4f4fd3f50,0,0,0,1
919,919,0,9a66c9f2709ce709d2689f2669ba699ce719c2789be6c9b6719ae699a26b9fe699f26d9f2649b26c,6edb86bda46e5a7685a46e5ba6e5b9695a1685a46b5a6685ba691be69dbb689a168dba6eda369da4,749,540,1a3,5295d5594f5494b55954571505214b52d5754949525575594b55157549545594854d4955d5555d51,673,d3356d6b54d3752d4b56d5b4dd3348d5755d4b4fd3349d4b50d2f51d2755d2350d5b56d4f4fd3f50,0,0,0,1
920,920,0,9a66c9f2709ce709d2689f2669ba699ce719c2789be6c9b6719ae699a26b9fe699f26d9f2649b26c,6edb86bda46e5a7685a46e5ba6e5b9695a1685a46b5a6685ba691be69dbb689a168dba6eda369da4,757,549,1a7,5295d5594f5494b55954571505214b52d5754949525575594b55157549545594854d4955d5555d51,671,d3356d6b54d3752d4b56d5b4dd3348d5755d4b4fd3349d4b50d2f51d2755d2350d5b56d4f4fd3f50,0,0,0,1
921,921,0,9a66c9f2709ce709d2689f2669ba699ce719c2789be6c9b6719ae699a26b9fe699f26d9f2649b26c,6edb86bda46e5a7685a46e5ba6e5b9695a1685a46b5a6685ba691be69dbb689a168dba6eda369da4,757,143,1a4,5295d5594f5494b55954571505214b52d5754949525575594b55157549545594854d4955d5555d51,670,d3356d6b54d3752d4b56d5b4dd3348d5755d4b4fd3349d4b50d2f51d2755d2350d5b56d4f4fd3f50,0,0,0,1
922,922,0,9a66c9f2709ce709d2689f2669ba699ce719c2789be6c9b6719ae699a26b9fe699f26d9f2649b26c,6edb86bda46e5a7685a46e5ba6e5b9695a1685a46b5a6685ba691be69dbb689a168dba6eda369da4,752,157,5bb,5295d5594f5494b55954571505214b52d5754949525575594b55157549545594854d4955d5555d51,26d,d3356d6b54d3752d4b56d5b4dd3348d5755d4b4fd3349d4b50d2f51d2755d2350d5b56d4f4fd3f50,0,0,0,1
923,923,0,9a66c9f2709ce709d2689f2669ba699ce719c2789be6c9b6719ae699a26b9fe699f26d9f2649b26c,6edb86bda56e5a7685a56e5a56e5b8691a1685a46b1a7685ba691be69dba689a168dba6eda369da4,74f,147,5b9,5295d5594f5494b55954571505214b52d5754949525575594b55157549545594854d4955d5555d51,26f,d3356d6b54d3752d4b56d5b4dd3348d5755d4b4fd3349d4b50d2f51d2755d2350d5b56d4f4fd3f50,0,0,0,1
924,924,0,9a66c9f2709ce709d2689f2669ba699ce719c2789be6c9b6719ae699a26b9fe699f26d9f2649b26c,6edb86bda56e5a7685a56e5a56e5b8691a1685a46b1a7685ba691be69dba689a168dba6eda369da4,34c,140,5af,5295d5594f5494b55954571505214b52d5754949525575594b55157549545594854d4955d5555d51,26d,d3356d6b54d3752d4b56d5b4dd3348d5755d4b4fd3349d4b50d2f51d2755d2350d5b56d4f4fd3f50,0,0,0,1
925,925,0,9a66c9f2709ce709d2689f2669ba699ce719c2789be6c9b6719ae699a26b9fe699f26d9f2649b26c,6edb86bda56e5a7685a56e5a56e5b8691a1685a46b1a7685ba691be69dba689a168dba6eda369da4,348,156,5a4,5295d5594f5494b55954571505214b52d5754949525575594b55157549545594854d4955d5555d51,271,d3356d6b54d3752d4b56d5b4dd3348d5755d4b4fd3349d4b50d2f51d2755d2350d5b56d4f4fd3f50,0,0,0,1
926,926,0,9a66c9f2709ce709d2689f2669ba699ce719c2789be6c9b6719ae699a26b9fe699f26d9f2649b26c,6edb86bda56e5a7685a56e5a56e5b8691a1685a46b1a7685ba691be69dba689a168dba6eda369da4,353,157,5b9,5295d5594f5494b55954571505214b52d5754949525575594b55157549545594854d4955d5555d51,271,d3356d6b54d3752d4b56d5b4dd3348d5755d4b4fd3349d4b50d2f51d2755d2350d5b56d4f4fd3f50,0,0,0,1
927,927,0,9a66c9f2709ce709d2689f2669ba699ce719c2789be6c9b6719ae699a26b9fe699f26d9f2649b26c,6edb86bda56e5a7685a56e5a56e5b8691a1685a46b1a7685ba691be69dba689a168dba6eda369da4,350,150,5a7,5295d5594f5494b55954571505214b52d5754949525575594b55157549545594854d4955d5555d51,26b,d3356d6b54d3752d4b56d5b4dd3348d5755d4b4fd3349d4b50d2f51d2755d2350d5b56d4f4fd3f50,0,0,0,1
928,928,0,9a66c9f2709ce709d2689f2669ba699ce719c2789be6c9b6719ae699a26b9fe699f26d9f2649b26c,6edb86bda56e5a7685a56e5a56e5b8691a1685a46b1a7685ba691be69dba689a168dba6eda369da4,34a,156,5a1,5295d5594f5494b55954571505214b52d5754949525575594b55157549545594854d4955d5555d51,273,d3356d6b54d3752d4b56d5b4dd3348d5755d4b4fd3349d4b50d2f51d2755d2350d5b56d4f4fd3f50,0,0,0,1
929,929,0,9a66c9f2709ce709d2689f2669ba699ce719c2789be6c9b6719ae699a26b9fe699f26d9f2649b26c,6edb86bda56e5a7685a56e5a56e5b8691a1685a46b1a7685ba691be69dba689a168dba6eda369da4,350,146,5a4,5295d5594f5494b55954571505214b52d5754949525575594b55157549545594854d4955d5555d51,269,d3356d6b54d3752d4b56d5b4dd3348d5755d4b4fd3349d4b50d2f51d2755d2350d5b56d4f4fd3f50,0,0,0,1
930,930,0,9a66c9f2709ce709d2689f2669ba699ce719c2789be6c9b6719ae699a26b9fe699f26d9f2649b26c,6edb86bda56e5a7685a56e5a56e5b8691a1685a46b1a7685ba691be69dba689a168dba6eda369da4,348,141,5b8,5295d5594f5494b55954571505214b52d5754949525575594b55157549545594854d4955d5555d51,26f,d3356d6b54d3752d4b56d5b4dd3348d5755d4b4fd3349d4b50d2f51d2755d2350d5b56d4f4fd3f50,0,0,0,1
931,931,0,9a66c9f2709ce709d2689f2669ba699ce719c2789be6c9b6719ae699a26b9fe699f26d9f2649b26c,6edb86bda56e5a7685a56e5a56e5b8691a1685a46b1a7685ba691be69dba689a168dba6eda369da4,35a,140,5a5,5295d5594f5494b55954571505214b52d5754949525575594b55157549545594854d4955d5555d51,273,d3356d6b54d3752d4b56d5b4dd3348d5755d4b4fd3349d4b50d2f51d2755d2350d5b56d4f4fd3f50,0,0,0,1
932,932,0,9a66c9f2709ce709d2689f2669ba699ce719c2789be6c9b6719ae699a26b9fe699f26d9f2649b26c,6edb86bda56e5a7685a56e5a56e5b8691a1685a46b1a7685ba691be69dba689a168dba6eda369da4,348,143,5b9,5295d5594f5494b55954571505214b52d5754949525575594b55157549545594854d4955d5555d51,26d,d3356d6b54d3752d4b56d5b4dd3348d5755d4b4fd3349d4b50d2f51d2755d2350d5b56d4f4fd3f50,0,0,0,1
933,933,0,9a66c9f2709ce709d2689f2669ba699ce719c2789be6c9b6719ae699a26b9fe699f26d9f2649b26c,6edb86bda56e5a7685a56e5a56e5b8691a1685a46b1a7685ba691be69dba689a168dba6eda369da4,350,154,5b8,5295d5594f5494b55954571505214b52d5754949525575594b55157549545594854d4955d5555d51,277,d3356d6b54d3752d4b56d5b4dd3348d5755d4b4fd3349d4b50d2f51d2755d2350d5b56d4f4fd3f50,0,0,0,1
934,934,0,9a66c9f2709ce709d2689f2669ba699ce719c2789be6c9b6719ae699a26b9fe699f26d9f2649b26c,6edb86bda56e5a7685a56e5a56e5b8691a1685a46b1a7685ba691be69dba689a168dba6eda369da4,356,156,5a4,5295d5594f5494b55954571505214b52d5754949525575594b55157549545594854d4955d5555d51,26d,d3356d6b54d3752d4b56d5b4dd3348d5755d4b4fd3349d4b50d2f51d2755d2350d5b56d4f4fd3f50,0,0,0,1
935,935,0,9a66c9f2709ce709d2689f2669ba699ce719c2789be6c9b6719ae699a26b9fe699f26d9f2649b26c,6edb86bda56e5a7685a56e5a56e5b8691a1685a46b1a7685ba691be69dba689a168dba6eda369da4,356,155,5a1,5295d5594f5494b55954571505214b52d5754949525575594b55157549545594854d4955d5555d51,277,d3356d6b54d3752d4b56d5b4dd3348d5755d4b4fd3349d4b50d2f51d2755d2350d5b56d4f4fd3f50,0,0,0,1
936,936,0,9a66c9f2709ce709d2689f2669ba699ce719c2789be6c9b6719ae699a26b9fe699f26d9f2649b26c,6edb86bda56e5a7685a56e5a56e5b8691a1685a46b1a7685ba691be69dba689a168dba6eda369da4,353,142,5a1,5295d5594f5494b55954571505214b52d5754949525575594b55157549545594854d4955d5555d51,264,d3356d6b54d3752d4b56d5b4dd3348d5755d4b4fd3349d4b50d2f51d2755d2350d5b56d4f4fd3f50,0,0,0,1
937,937,0,9a66c9f2709ce709d2689f2669ba699ce719c2789be6c9b6719ae699a26b9fe699f26d9f2649b26c,6edb86bda56e5a7685a56e5a56e5b8691a1685a46b1a7685ba691be69dba689a168dba6eda369da4,34f,548,5a7,5295d5594f5494b55954571505214b52d5754949525575594b55157549545594854d4955d5555d51,26c,d3356d6b54d3752d4b56d5b4dd3348d5755d4b4fd3349d4b50d2f51d2755d2350d5b56d4f4fd3f50,0,0,0,1
938,938,0,9a66c9f2709ce709d2689f2669ba699ce719c2789be6c9b6719ae699a26b9fe699f26d9f2649b26c,6edb86bda56e5a7685a56e5a56e5b8691a1685a46b1a7685ba691be69dba689a168dba6eda369da4,34f,557,1ad,555525594e5494a55954575505214b52157549495255755d4a55157549545594b541495595455d50,670,d3356d6b54d3752d4b56d5b4dd3348d5755d4b4fd3349d4b50d2f51d2755d2350d5b56d4f4fd3f50,0,0,0,1
939,939,0,9a66f9f2709c2729de689fe679be699ce719c6789be6d9b6719ae6b9a66b9fe699fe6d9fe659b26c,6edb86bda56e5a7685a56e5a56e5b8691a1685a46b1a7685ba691be69dba689a168dba6eda369da4,350,546,1a7,555525594e5494a55954575505214b52157549495255755d4a55157549545594b541495595455d50,66d,d3356d6b54d3752d4b56d5b4dd3348d5755d4b4fd3349d4b50d2f51d2755d2350d5b56d4f4fd3f50,0,0,0,1
940,940,0,9a66f9f2709c2729de689fe679be699ce719c6789be6d9b6719ae6b9a66b9fe699fe6d9fe659b26c,6edb86bda56e5a7685a56e5a56e5b8691a1685a46b1a7685ba691be69dba689a168dba6eda369da4,74c,547,1a6,555525594e5494a55954575505214b52157549495255755d4a55157549545594b541495595455d50,66f,d3356d6b54d3752d4b56d5b4dd3348d5755d4b4fd3349d4b50d2f51d2755d2350d5b56d4f4fd3f50,0,0,0,1
941,941,0,9a66f9f2709c2729de689fe679be699ce719c6789be6d9b6719ae6b9a66b9fe699fe6d9fe659b26c,6edb86bda56e5a7685a56e5a56e5b8691a1685a46b1a7685ba691be69dba689a168dba6eda369da4,756,542,1bb,555525594e5494a55954575505214b52157549495255755d4a55157549545594b541495595455d50,671,d3756d6b55d3750d4b56d4b4cd3349d5755d4b4fd3348d4f50d2b50d235ad2350d5b56d4f4fd3f50,0,0,0,1
942,942,0,9a66f9f2709c2729de689fe679be699ce719c6789be6d9b6719ae6b9a66b9fe699fe6d9fe659b26c,6edb86bda56e5a7685a56e5a56e5b8691a1685a46b1a7685ba691be69dba689a168dba6eda369da4,75b,541,1a7,555525594e5494a55954575505214b52157549495255755d4a55157549545594b541495595455d50,671,d3756d6b55d3750d4b56d4b4cd3349d5755d4b4fd3348d4f50d2b50d235ad2350d5b56d4f4fd3f50,0,0,0,1
943,943,0,9a66f9f2709c2729de689fe679be699ce719c6789be6d9b6719ae6b9a66b9fe699fe6d9fe659b26c,6edb86bda56e5a7685a56e5a56e5b8691a1685a46b1a7685ba691be69dba689a168dba6eda369da4,754,551,1bf,555525594e5494a55954575505214b52157549495255755d4a55157549545594b541495595455d50,670,d3756d6b55d3750d4b56d4b4cd3349d5755d4b4fd3348d4f50d2b50d235ad2350d5b56d4f4fd3f50,0,0,0,1
944,944,0,9a66f9f2709c2729de689fe679be699ce719c6789be6d9b6719ae6b9a66b9fe699fe6d9fe659b26c,6edb86bda56e5a7685a56e5a56e5b8691a1685a46b1a7685ba691be69dba689a168dba6eda369da4,74d,554,1a7,555525594e5494a55954575505214b52157549495255755d4a55157549545594b541495595455d50,667,d3756d6b55d3750d4b56d4b4cd3349d5755d4b4fd3348d4f50d2b50d235ad2350d5b56d4f4fd3f50,0,0,0,1
945,945,0,9a66f9f2709c2729de689fe679be699ce719c6789be6d9b6719ae6b9a66b9fe699fe6d9fe659b26c,6edb86bda56e5a7685a56e5a56e5b8691a1685a46b1a7685ba691be69dba689a168dba6eda369da4,753,555,1bb,555525594e5494a55954575505214b52157549495255755d4a55157549545594b541495595455d50,670,d3756d6b55d3750d4b56d4b4cd3349d5755d4b4fd3348d4f50d2b50d235ad2350d5b56d4f4fd3f50,0,0,0,1
946,946,0,9a66f9f2709c2729de689fe679be699ce719c6789be6d9b6719ae6b9a66b9fe699fe6d9fe659b26c,6edb86bda56e5a7685a56e5a56e5b8691a1685a46b1a7685ba691be69dba689a168dba6eda369da4,752,542,1a3,555525594e5494a55954575505214b52157549495255755d4a55157549545594b541495595455d50,66c,d3756d6b55d3750d4b56d4b4cd3349d5755d4b4fd3348d4f50d2b50d235ad2350d5b56d4f4fd3f50,0,0,0,1
947,947,0,9a66f9f2709c2729de689fe679be699ce719c6789be6d9b6719ae6b9a66b9fe699fe6d9fe659b26c,6edb86bda56e5a7685a56e5a56e5b8691a1685a46b1a7685ba691be69dba689a168dba6eda369da4,756,54b,1a1,555525594e5494a55954575505214b52157549495255755d4a55157549545594b541495595455d50,677,d3756d6b55d3750d4b56d4b4cd3349d5755d4b4fd3348d4f50d2b50d235ad2350d5b56d4f4fd3f50,0,0,0,1
948,948,0,9a66f9f2709c2729de689fe679be699ce719c6789be6d9b6719ae6b9a66b9fe699fe6d9fe659b26c,6edb86bda56e5a7685a56e5a56e5b8691a1685a46b1a7685ba691be69dba689a168dba6eda369da4,751,54b,1a3,555525594e5494a55954575505214b52157549495255755d4a55157549545594b541495595455d50,667,d3756d6b55d3750d4b56d4b4cd3349d5755d4b4fd3348d4f50d2b50d235ad2350d5b56d4f4fd3f50,0,0,0,1
949,949,0,9a66f9f2709c2729de689fe679be699ce719c6789be6d9b6719ae6b9a66b9fe699fe6d9fe659b26c,6edb86bda56e5a7685a56e5a56e5b8691a1685a46b1a7685ba691be69dba689a168dba6eda369da4,74c,543,1ba,555525594e5494a55954575505214b52157549495255755d4a55157549545594b541495595455d50,66b,d3756d6b55d3750d4b56d4b4cd3349d5755d4b4fd3348d4f50d2b50d235ad2350d5b56d4f4fd3f50,0,0,0,1
950,950,0,9a66f9f2709c2729de689fe679be699ce719c6789be6d9b6719ae6b9a66b9fe699fe6d9fe659b26c,6edb86bda56e5a7685a56e5a56e5b8691a1685a46b1a7685ba691be69dba689a168dba6eda369da4,74c,556,1ba,555525594e5494a55954575505214b52157549495255755d4a55157549545594b541495595455d50,671,d3756d6b55d3750d4b56d4b4cd3349d5755d4b4fd3348d4f50d2b50d235ad2350d5b56d4f4fd3f50,0,0,0,1
951,951,0,9a66f9f2709c2729de689fe679be699ce719c6789be6d9b6719ae6b9a66b9fe699fe6d9fe659b26c,6edb86bda56e5a7685a56e5a56e5b8691a1685a46b1a7685ba691be69dba689a168dba6eda369da4,748,540,1a0,555525594e5494a55954575505214b52157549495255755d4a55157549545594b541495595455d50,670,d3756d6b55d3750d4b56d4b4cd3349d5755d4b4fd3348d4f50d2b50d235ad2350d5b56d4f4fd3f50,0,0,0,1
952,952,0,9a66f9f2709c2729de689fe679be699ce719c6789be6d9b6719ae6b9a66b9fe699fe6d9fe659b26c,6edb86bda56e5a7685a56e5a56e5b8691a1685a46b1a7685ba691be69dba689a168dba6eda369da4,757,548,1a7,555525594e5494a55954575505214b52157549495255755d4a55157549545594b541495595455d50,671,d3756d6b55d3750d4b56d4b4cd3349d5755d4b4fd3348d4f50d2b50d235ad2350d5b56d4f4fd3f50,0,0,0,1
953,953,0,9a66f9f2709c2729de689fe679be699ce719c6789be6d9b6719ae6b9a66b9fe699fe6d9fe659b26c,6edb86bda56e5a7685a56e5a56e5b8691a1685a46b1a7685ba691be69dba689a168dba6eda369da4,757,141,1a4,555525594e5494a55954575505214b52157549495255755d4a55157549545594b541495595455d50,671,d3756d6b55d3750d4b56d4b4cd3349d5755d4b4fd3348d4f50d2b50d235ad2350d5b56d4f4fd3f50,0,0,0,1
954,954,0,9a66f9f2709c2729de689fe679be699ce719c6789be6d9b6719ae6b9a66b9fe699fe6d9fe659b26c,6edb86bda56e5a7685a56e5a56e5b8691a1685a46b1a7685ba691be69dba689a168dba6eda369da4,752,157,5bb,555525594e5494a55954575505214b52157549495255755d4a55157549545594b541495595455d50,26d,d3756d6b55d3750d4b56d4b4cd3349d5755d4b4fd3348d4f50d2b50d235ad2350d5b56d4f4fd3f50,0,0,0,1
955,955,0,9a66f9f2709c2729de689fe679be699ce719c6789be6d9b6719ae6b9a66b9fe699fe6d9fe659b26c,6edb96bda46e5a7685a46e1a56e5b8691a1685a76b5a7699bb69dbf69dbb68da168dba6e9a069da4,74f,147,5b9,555525594e5494a55954575505214b52157549495255755d4a55157549545594b541495595455d50,26f,d3756d6b55d3750d4b56d4b4cd3349d5755d4b4fd3348d4f50d2b50d235ad2350d5b56d4f4fd3f50,0,0,0,1
956,956,0,9a66f9f2709c2729de689fe679be699ce719c6789be6d9b6719ae6b9a66b9fe699fe6d9fe659b26c,6edb96bda46e5a7685a46e1a56e5b8691a1685a76b5a7699bb69dbf69dbb68da168dba6e9a069da4,34d,140,5af,555525594e5494a55954575505214b52157549495255755d4a55157549545594b541495595455d50,26c,d3756d6b55d3750d4b56d4b4cd3349d5755d4b4fd3348d4f50d2b50d235ad2350d5b56d4f4fd3f50,0,0,0,1
957,957,0,9a66f9f2709c2729de689fe679be699ce719c6789be6d9b6719ae6b9a66b9fe699fe6d9fe659b26c,6edb96bda46e5a7685a46e1a56e5b8691a1685a76b5a7699bb69dbf69dbb68da168dba6e9a069da4,348,156,5a4,555525594e5494a55954575505214b52157549495255755d4a55157549545594b541495595455d50,26e,d3756d6b55d3750d4b56d4b4cd3349d5755d4b4fd3348d4f50d2b50d235ad2350d5b56d4f4fd3f50,0,0,0,1
958,958,0,9a66f9f2709c2729de689fe679be699ce719c6789be6d9b6719ae6b9a66b9fe699fe6d9fe659b26c,6edb96bda46e5a7685a46e1a56e5b8691a1685a76b5a7699bb69dbf69dbb68da168dba6e9a069da4,353,156,5b9,555525594e5494a55954575505214b52157549495255755d4a55157549545594b541495595455d50,271,d3756d6b55d3750d4b56d4b4cd3349d5755d4b4fd3348d4f50d2b50d235ad2350d5b56d4f4fd3f50,0,0,0,1
959,959,0,9a66f9f2709c2729de689fe679be699ce719c6789be6d9b6719ae6b9a66b9fe699fe6d9fe659b26c,6edb96bda46e5a7685a46e1a56e5b8691a1685a76b5a7699bb69dbf69dbb68da168dba6e9a069da4,350,150,5a4,555525594e5494a55954575505214b52157549495255755d4a55157549545594b541495595455d50,26b,d3756d6b55d3750d4b56d4b4cd3349d5755d4b4fd3348d4f50d2b50d235ad2350d5b56d4f4fd3f50,0,0,0,1
960,960,0,9a66f9f2709c2729de689fe679be699ce719c6789be6d9b6719ae6b9a66b9fe699fe6d9fe659b26c,6edb96bda46e5a7685a46e1a56e5b8691a1685a76b5a7699bb69dbf69dbb68da168dba6e9a069da4,34a,156,5a6,555525594e5494a55954575505214b52157549495255755d4a55157549545594b541495595455d50,271,d3756d6b55d3750d4b56d4b4cd3349d5755d4b4fd3348d4f50d2b50d235ad2350d5b56d4f4fd3f50,0,0,0,1
961,961,0,9a66f9f2709c2729de689fe679be699ce719c6789be6d9b6719ae6b9a66b9fe699fe6d9fe659b26c,6edb96bda46e5a7685a46e1a56e5b8691a1685a76b5a7699bb69dbf69dbb68da168dba6e9a069da4,350,146,5a4,555525594e5494a55954575505214b52157549495255755d4a55157549545594b541495595455d50,269,d3756d6b55d3750d4b56d4b4cd3349d5755d4b4fd3348d4f50d2b50d235ad2350d5b56d4f4fd3f50,0,0,0,1
962,962,0,9a66f9f2709c2729de689fe679be699ce719c6789be6d9b6719ae6b9a66b9fe699fe6d9fe659b26c,6edb96bda46e5a7685a46e1a56e5b8691a1685a76b5a7699bb69dbf69dbb68da168dba6e9a069da4,349,141,5b9,555525594e5494a55954575505214b52157549495255755d4a55157549545594b541495595455d50,26f,d3756d6b55d3750d4b56d4b4cd3349d5755d4b4fd3348d4f50d2b50d235ad2350d5b56d4f4fd3f50,0,0,0,1
963,963,0,9a66f9f2709c2729de689fe679be699ce719c6789be6d9b6719ae6b9a66b9fe699fe6d9fe659b26c,6edb96bda46e5a7685a46e1a56e5b8691a1685a76b5a7699bb69dbf69dbb68da168dba6e9a069da4,35a,140,5ba,555525594e5494a55954575505214b52157549495255755d4a55157549545594b541495595455d50,273,d3756d6b55d3750d4b56d4b4cd3349d5755d4b4fd3348d4f50d2b50d235ad2350d5b56d4f4fd3f50,0,0,0,1
964,964,0,9a66f9f2709c2729de689fe679be699ce719c6789be6d9b6719ae6b9a66b9fe699fe6d9fe659b26c,6edb96bda46e5a7685a46e1a56e5b8691a1685a76b5a7699bb69dbf69dbb68da168dba6e9a069da4,34b,142,5b9,555525594e5494a55954575505214b52157549495255755d4a55157549545594b541495595455d50,26d,d3756d6b55d3750d4b56d4b4cd3349d5755d4b4fd3348d4f50d2b50d235ad2350d5b56d4f4fd3f50,0,0,0,1
965,965,0,9a66f9f2709c2729de689fe679be699ce719c6789be6d9b6719ae6b9a66b9fe699fe6d9fe659b26c,6edb96bda46e5a7685a46e1a56e5b8691a1685a76b5a7699bb69dbf69dbb68da168dba6e9a069da4,353,154,5b8,555525594e5494a55954575505214b52157549495255755d4a55157549545594b541495595455d50,274,d3756d6b55d3750d4b56d4b4cd3349d5755d4b4fd3348d4f50d2b50d235ad2350d5b56d4f4fd3f50,0,0,0,1
966,966,0,9a66f9f2709c2729de689fe679be699ce719c6789be6d9b6719ae6b9a66b9fe699fe6d9fe659b26c,6edb96bda46e5a7685a46e1a56e5b8691a1685a76b5a7699bb69dbf69dbb68da168dba6e9a069da4,356,156,5a4,555525594e5494a55954575505214b52157549495255755d4a55157549545594b541495595455d50,26d,d3756d6b55d3750d4b56d4b4cd3349d5755d4b4fd3348d4f50d2b50d235ad2350d5b56d4f4fd3f50,0,0,0,1
967,967,0,9a66f9f2709c2729de689fe679be699ce719c6789be6d9b6719ae6b9a66b9fe699fe6d9fe659b26c,6edb96bda46e5a7685a46e1a56e5b8691a1685a76b5a7699bb69dbf69dbb68da168dba6e9a069da4,356,155,5a1,555525594e5494a55954575505214b52157549495255755d4a55157549545594b541495595455d50,274,d3756d6b55d3750d4b56d4b4cd3349d5755d4b4fd3348d4f50d2b50d235ad2350d5b56d4f4fd3f50,0,0,0,1
968,968,0,9a66f9f2709c2729de689fe679be699ce719c6789be6d9b6719ae6b9a66b9fe699fe6d9fe659b26c,6edb96bda46e5a7685a46e1a56e5b8691a1685a76b5a7699bb69dbf69dbb68da168dba6e9a069da4,352,151,5a6,555525594e5494a55954575505214b52157549495255755d4a55157549545594b541495595455d50,265,d3756d6b55d3750d4b56d4b4cd3349d5755d4b4fd3348d4f50d2b50d235ad2350d5b56d4f4fd3f50,0,0,0,1
969,969,0,9a66f9f2709c2729de689fe679be699ce719c6789be6d9b6719ae6b9a66b9fe699fe6d9fe659b26c,6edb96bda46e5a7685a46e1a56e5b8691a1685a76b5a7699bb69dbf69dbb68da168dba6e9a069da4,34f,555,5a4,555525594e5494a55954575505214b52157549495255755d4a55157549545594b541495595455d50,26d,d3756d6b55d3750d4b56d4b4cd3349d5755d4b4fd3348d4f50d2b50d235ad2350d5b56d4f4fd3f50,0,0,0,1
970,970,0,9a66f9f2709c2729de689fe679be699ce719c6789be6d9b6719ae6b9a66b9fe699fe6d9fe659b26c,6edb96bda46e5a7685a46e1a56e5b8691a1685a76b5a7699bb69dbf69dbb68da168dba6e9a069da4,34e,557,1ad,5295d5594f5494b545545755052d4b52d56549485255755d4a55156549545594b541485595455d51,671,d3756d6b55d3750d4b56d4b4cd3349d5755d4b4fd3348d4f50d2b50d235ad2350d5b56d4f4fd3f50,0,0,0,1
971,971,0,9a26f9f6719c2729d2689fe679be699c2719c6799be6d9ba6d9ae699a66b9fe699f66c9f2659b66d,6edb96bda46e5a7685a46e1a56e5b8691a1685a76b5a7699bb69dbf69dbb68da168dba6e9a069da4,353,556,1a7,5295d5594f5494b545545755052d4b52d56549485255755d4a55156549545594b541485595455d51,66d,d3756d6b55d3750d4b56d4b4cd3349d5755d4b4fd3348d4f50d2b50d235ad2350d5b56d4f4fd3f50,0,0,0,1
972,972,0,9a26f9f6719c2729d2689fe679be699c2719c6799be6d9ba6d9ae699a66b9fe699f66c9f2659b66d,6edb96bda46e5a7685a46e1a56e5b8691a1685a76b5a7699bb69dbf69dbb68da168dba6e9a069da4,74c,54d,1a6,5295d5594f5494b545545755052d4b52d56549485255755d4a55156549545594b541485595455d51,66f,d3756d6b55d3750d4b56d4b4cd3349d5755d4b4fd3348d4f50d2b50d235ad2350d5b56d4f4fd3f50,0,0,0,1
973,973,0,9a26f9f6719c2729d2689fe679be699c2719c6799be6d9ba6d9ae699a66b9fe699f66c9f2659b66d,6edb96bda46e5a7685a46e1a56e5b8691a1685a76b5a7699bb69dbf69dbb68da168dba6e9a069da4,756,54f,1bb,5295d5594f5494b545545755052d4b52d56549485255755d4a55156549545594b541485595455d51,671,d3356d6f54d3753d4b56d4b4cd3348d5755d4b4fd3748d4f50d2b50d275ad2f53d5b56d4b4fd3b53,0,0,0,1
974,974,0,9a26f9f6719c2729d2689fe679be699c2719c6799be6d9ba6d9ae699a66b9fe699f66c9f2659b66d,6edb96bda46e5a7685a46e1a56e5b8691a1685a76b5a7699bb69dbf69dbb68da168dba6e9a069da4,75a,540,1a7,5295d5594f5494b545545755052d4b52d56549485255755d4a55156549545594b541485595455d51,671,d3356d6f54d3753d4b56d4b4cd3348d5755d4b4fd3748d4f50d2b50d275ad2f53d5b56d4b4fd3b53,0,0,0,1
975,975,0,9a26f9f6719c2729d2689fe679be699c2719c6799be6d9ba6d9ae699a66b9fe699f66c9f2659b66d,6edb96bda46e5a7685a46e1a56e5b8691a1685a76b5a7699bb69dbf69dbb68da168dba6e9a069da4,754,553,1bf,5295d5594f5494b545545755052d4b52d56549485255755d4a55156549545594b541485595455d51,670,d3356d6f54d3753d4b56d4b4cd3348d5755d4b4fd3748d4f50d2b50d275ad2f53d5b56d4b4fd3b53,0,0,0,1
976,976,0,9a26f9f6719c2729d2689fe679be699c2719c6799be6d9ba6d9ae699a66b9fe699f66c9f2659b66d,6edb96bda46e5a7685a46e1a56e5b8691a1685a76b5a7699bb69dbf69dbb68da168dba6e9a069da4,74c,555,1a7,5295d5594f5494b545545755052d4b52d56549485255755d4a55156549545594b541485595455d51,667,d3356d6f54d3753d4b56d4b4cd3348d5755d4b4fd3748d4f50d2b50d275ad2f53d5b56d4b4fd3b53,0,0,0,1
977,977,0,9a26f9f6719c2729d2689fe679be699c2719c6799be6d9ba6d9ae699a66b9fe699f66c9f2659b66d,6edb96bda46e5a7685a46e1a56e5b8691a1685a76b5a7699bb69dbf69dbb68da168dba6e9a069da4,752,555,1bb,5295d5594f5494b545545755052d4b52d56549485255755d4a55156549545594b541485595455d51,670,d3356d6f54d3753d4b56d4b4cd3348d5755d4b4fd3748d4f50d2b50d275ad2f53d5b56d4b4fd3b53,0,0,0,1
978,978,0,9a26f9f6719c2729d2689fe679be699c2719c6799be6d9ba6d9ae699a66b9fe699f66c9f2659b66d,6edb96bda46e5a7685a46e1a56e5b8691a1685a76b5a7699bb69dbf69dbb68da168dba6e9a069da4,74d,542,1a2,5295d5594f5494b545545755052d4b52d56549485255755d4a55156549545594b541485595455d51,66c,d3356d6f54d3753d4b56d4b4cd3348d5755d4b4fd3748d4f50d2b50d275ad2f53d5b56d4b4fd3b53,0,0,0,1
979,979,0,9a26f9f6719c2729d2689fe679be699c2719c6799be6d9ba6d9ae699a66b9fe699f66c9f2659b66d,6edb96bda46e5a7685a46e1a56e5b8691a1685a76b5a7699bb69dbf69dbb68da168dba6e9a069da4,756,54b,1a6,5295d5594f5494b545545755052d4b52d56549485255755d4a55156549545594b541485595455d51,675,d3356d6f54d3753d4b56d4b4cd3348d5755d4b4fd3748d4f50d2b50d275ad2f53d5b56d4b4fd3b53,0,0,0,1
980,980,0,9a26f9f6719c2729d2689fe679be699c2719c6799be6d9ba6d9ae699a66b9fe699f66c9f2659b66d,6edb96bda46e5a7685a46e1a56e5b8691a1685a76b5a7699bb69dbf69dbb68da168dba6e9a069da4,751,54b,1a3,5295d5594f5494b545545755052d4b52d56549485255755d4a55156549545594b541485595455d51,664,d3356d6f54d3753d4b56d4b4cd3348d5755d4b4fd3748d4f50d2b50d275ad2f53d5b56d4b4fd3b53,0,0,0,1
981,981,0,9a26f9f6719c2729d2689fe679be699c2719c6799be6d9ba6d9ae699a66b9fe699f66c9f2659b66d,6edb96bda46e5a7685a46e1a56e5b8691a1685a76b5a7699bb69dbf69dbb68da168dba6e9a069da4,74c,543,1ba,5295d5594f5494b545545755052d4b52d56549485255755d4a55156549545594b541485595455d51,66b,d3356d6f54d3753d4b56d4b4cd3348d5755d4b4fd3748d4f50d2b50d275ad2f53d5b56d4b4fd3b53,0,0,0,1
982,982,0,9a26f9f6719c2729d2689fe679be699c2719c6799be6d9ba6d9ae699a66b9fe699f66c9f2659b66d,6edb96bda46e5a7685a46e1a56e5b8691a1685a76b5a7699bb69dbf69dbb68da168dba6e9a069da4,74c,556,1bb,5295d5594f5494b545545755052d4b52d56549485255755d4a55156549545594b541485595455d51,66e,d3356d6f54d3753d4b56d4b4cd3348d5755d4b4fd3748d4f50d2b50d275ad2f53d5b56d4b4fd3b53,0,0,0,1
983,983,0,9a26f9f6719c2729d2689fe679be699c2719c6799be6d9ba6d9ae699a66b9fe699f66c9f2659b66d,6edb96bda46e5a7685a46e1a56e5b8691a1685a76b5a7699bb69dbf69dbb68da168dba6e9a069da4,748,540,1a0,5295d5594f5494b545545755052d4b52d56549485255755d4a55156549545594b541485595455d51,673,d3356d6f54d3753d4b56d4b4cd3348d5755d4b4fd3748d4f50d2b50d275ad2f53d5b56d4b4fd3b53,0,0,0,1
984,984,0,9a26f9f6719c2729d2689fe679be699c2719c6799be6d9ba6d9ae699a66b9fe699f66c9f2659b66d,6edb96bda46e5a7685a46e1a56e5b8691a1685a76b5a7699bb69dbf69dbb68da168dba6e9a069da4,757,548,1a7,5295d5594f5494b545545755052d4b52d56549485255755d4a55156549545594b541485595455d51,66e,d3356d6f54d3753d4b56d4b4cd3348d5755d4b4fd3748d4f50d2b50d275ad2f53d5b56d4b4fd3b53,0,0,0,1
985,985,0,9a26f9f6719c2729d2689fe679be699c2719c6799be6d9ba6d9ae699a66b9fe699f66c9f2659b66d,6edb96bda46e5a7685a46e1a56e5b8691a1685a76b5a7699bb69dbf69dbb68da168dba6e9a069da4,757,141,1a4,5295d5594f5494b545545755052d4b52d56549485255755d4a55156549545594b541485595455d51,670,d3356d6f54d3753d4b56d4b4cd3348d5755d4b4fd3748d4f50d2b50d275ad2f53d5b56d4b4fd3b53,0,0,0,1
986,986,0,9a26f9f6719c2729d2689fe679be699c2719c6799be6d9ba6d9ae699a66b9fe699f66c9f2659b66d,6edb96bda46e5a7685a46e1a56e5b8691a1685a76b5a7699bb69dbf69dbb68da168dba6e9a069da4,752,157,5bb,5295d5594f5494b545545755052d4b52d56549485255755d4a55156549545594b541485595455d51,26d,d3356d6f54d3753d4b56d4b4cd3348d5755d4b4fd3748d4f50d2b50d275ad2f53d5b56d4b4fd3b53,0,0,0,1
987,987,0,9a26f9f6719c2729d2689fe679be699c2719c6799be6d9ba6d9ae699a66b9fe699f66c9f2659b66d,6edb96bda46e5a4699a46e5ba6e5b8691a1699a46b5a7699bb69dbf69dbb689a668dba6eda069da4,74e,147,5b9,5295d5594f5494b545545755052d4b52d56549485255755d4a55156549545594b541485595455d51,26f,d3356d6f54d3753d4b56d4b4cd3348d5755d4b4fd3748d4f50d2b50d275ad2f53d5b56d4b4fd3b53,0,0,0,1
988,988,0,9a26f9f6719c2729d2689fe679be699c2719c6799be6d9ba6d9ae699a66b9fe699f66c9f2659b66d,6edb96bda46e5a4699a46e5ba6e5b8691a1699a46b5a7699bb69dbf69dbb689a668dba6eda069da4,34c,141,5af,5295d5594f5494b545545755052d4b52d56549485255755d4a55156549545594b541485595455d51,26d,d3356d6f54d3753d4b56d4b4cd3348d5755d4b4fd3748d4f50d2b50d275ad2f53d5b56d4b4fd3b53,0,0,0,1
989,989,0,9a26f9f6719c2729d2689fe679be699c2719c6799be6d9ba6d9ae699a66b9fe699f66c9f2659b66d,6edb96bda46e5a4699a46e5ba6e5b8691a1699a46b5a7699bb69dbf69dbb689a668dba6eda069da4,349,156,5a4,5295d5594f5494b545545755052d4b52d56549485255755d4a55156549545594b541485595455d51,26e,d3356d6f54d3753d4b56d4b4cd3348d5755d4b4fd3748d4f50d2b50d275ad2f53d5b56d4b4fd3b53,0,0,0,1
990,990,0,9a26f9f6719c2729d2689fe679be699c2719c6799be6d9ba6d9ae699a66b9fe699f66c9f2659b66d,6edb96bda46e5a4699a46e5ba6e5b8691a1699a46b5a7699bb69dbf69dbb689a668dba6eda069da4,352,156,5b9,5295d5594f5494b545545755052d4b52d56549485255755d4a55156549545594b541485595455d51,271,d3356d6f54d3753d4b56d4b4cd3348d5755d4b4fd3748d4f50d2b50d275ad2f53d5b56d4b4fd3b53,0,0,0,1
991,991,0,9a26f9f6719c2729d2689fe679be699c2719c6799be6d9ba6d9ae699a66b9fe699f66c9f2659b66d,6edb96bda46e5a4699a46e5ba6e5b8691a1699a46b5a7699bb69dbf69dbb689a668dba6eda069da4,351,151,5a4,5295d5594f5494b545545755052d4b52d56549485255755d4a55156549545594b541485595455d51,26b,d3356d6f54d3753d4b56d4b4cd3348d5755d4b4fd3748d4f50d2b50d275ad2f53d5b56d4b4fd3b53,0,0,0,1
992,992,0,9a26f9f6719c2729d2689fe679be699c2719c6799be6d9ba6d9ae699a66b9fe699f66c9f2659b66d,6edb96bda46e5a4699a46e5ba6e5b8691a1699a46b5a7699bb69dbf69dbb689a668dba6eda069da4,345,156,5a1,5295d5594f5494b545545755052d4b52d56549485255755d4a55156549545594b541485595455d51,270,d3356d6f54d3753d4b56d4b4cd3348d5755d4b4fd3748d4f50d2b50d275ad2f53d5b56d4b4fd3b53,0,0,0,1
993,993,0,9a26f9f6719c2729d2689fe679be699c2719c6799be6d9ba6d9ae699a66b9fe699f66c9f2659b66d,6edb96bda46e5a4699a46e5ba6e5b8691a1699a46b5a7699bb69dbf69dbb689a668dba6eda069da4,351,146,5a4,5295d5594f5494b545545755052d4b52d56549485255755d4a55156549545594b541485595455d51,269,d3356d6f54d3753d4b56d4b4cd3348d5755d4b4fd3748d4f50d2b50d275ad2f53d5b56d4b4fd3b53,0,0,0,1
994,994,0,9a26f9f6719c2729d2689fe679be699c2719c6799be6d9ba6d9ae699a66b9fe699f66c9f2659b66d,6edb96bda46e5a4699a46e5ba6e5b8691a1699a46b5a7699bb69dbf69dbb689a668dba6eda069da4,34e,143,5b9,5295d5594f5494b545545755052d4b52d56549485255755d4a55156549545594b541485595455d51,26f,d3356d6f54d3753d4b56d4b4cd3348d5755d4b4fd3748d4f50d2b50d275ad2f53d5b56d4b4fd3b53,0,0,0,1
995,995,0,9a26f9f6719c2729d2689fe679be699c2719c6799be6d9ba6d9ae699a66b9fe699f66c9f2659b66d,6edb96bda46e5a4699a46e5ba6e5b8691a1699a46b5a7699bb69dbf69dbb689a668dba6eda069da4,355,141,5ba,5295d5594f5494b545545755052d4b52d56549485255755d4a55156549545594b541485595455d51,273,d3356d6f54d3753d4b56d4b4cd3348d5755d4b4fd3748d4f50d2b50d275ad2f53d5b56d4b4fd3b53,0,0,0,1
996,996,0,9a26f9f6719c2729d2689fe679be699c2719c6799be6d9ba6d9ae699a66b9fe699f66c9f2659b66d,6edb96bda46e5a4699a46e5ba6e5b8691a1699a46b5a7699bb69dbf69dbb689a668dba6eda069da4,34b,143,5b9,5295d5594f5494b545545755052d4b52d56549485255755d4a55156549545594b541485595455d51,26a,d3356d6f54d3753d4b56d4b4cd3348d5755d4b4fd3748d4f50d2b50d275ad2f53d5b56d4b4fd3b53,0,0,0,1
997,997,0,9a26f9f6719c2729d2689fe679be699c2719c6799be6d9ba6d9ae699a66b9fe699f66c9f2659b66d,6edb96bda46e5a4699a46e5ba6e5b8691a1699a46b5a7699bb69dbf69dbb689a668dba6eda069da4,353,155,5b9,5295d5594f5494b545545755052d4b52d56549485255755d4a55156549545594b541485595455d51,274,d3356d6f54d3753d4b56d4b4cd3348d5755d4b4fd3748d4f50d2b50d275ad2f53d5b56d4b4fd3b53,0,0,0,1
998,998,0,9a26f9f6719c2729d2689fe679be699c2719c6799be6d9ba6d9ae699a66b9fe699f66c9f2659b66d,6edb96bda46e5a4699a46e5ba6e5b8691a1699a46b5a7699bb69dbf69dbb689a668dba6eda069da4,356,157,5a7,5295d5594f5494b545545755052d4b52d56549485255755d4a55156549545594b541485595455d51,26d,d3356d6f54d3753d4b56d4b4cd3348d5755d4b4fd3748d4f50d2b50d275ad2f53d5b56d4b4fd3b53,0,0,0,1
999,999,0,9a26f9f6719c2729d2689fe679be699c2719c6799be6d9ba6d9ae699a66b9fe699f66c9f2659b66d,6edb96bda46e5a4699a46e5ba6e5b8691a1699a46b5a7699bb69dbf69dbb689a668dba6eda069da4,351,154,5a1,5295d5594f5494b545545755052d4b52d56549485255755d4a55156549545594b541485595455d51,277,d3356d6f54d3753d4b56d4b4cd3348d5755d4b4fd3748d4f50d2b50d275ad2f53d5b56d4b4fd3b53,0,0,0,1
1000,1000,0,9a26f9f6719c2729d2689fe679be699c2719c6799be6d9ba6d9ae699a66b9fe699f66c9f2659b66d,6edb96bda46e5a4699a46e5ba6e5b8691a1699a46b5a7699bb69dbf69dbb689a668dba6eda069da4,353,143,5a6,5295d5594f5494b545545755052d4b52d56549485255755d4a55156549545594b541485595455d51,264,d3356d6f54d3753d4b56d4b4cd3348d5755d4b4fd3748d4f50d2b50d275ad2f53d5b56d4b4fd3b53,0,0,0,1
1001,1001,0,9a26f9f6719c2729d2689fe679be699c2719c6799be6d9ba6d9ae699a66b9fe699f66c9f2659b66d,6edb96bda46e5a4699a46e5ba6e5b8691a1699a46b5a7699bb69dbf69dbb689a668dba6eda069da4,34f,548,5a7,5295d5594f5494b545545755052d4b52d56549485255755d4a55156549545594b541485595455d51,26d,d3356d6f54d3753d4b56d4b4cd3348d5755d4b4fd3748d4f50d2b50d275ad2f53d5b56d4b4fd3b53,0,0,0,1
1002,1002,0,9a26f9f6719c2729d2689fe679be699c2719c6799be6d9ba6d9ae699a66b9fe699f66c9f2659b66d,6edb96bda46e5a4699a46e5ba6e5b8691a1699a46b5a7699bb69dbf69dbb689a668dba6eda069da4,34f,555,1ac,5555d5594f5754a545575755052d4b52d56549485255755d4b5515654d545594b54d4955d5555951,66e,d3356d6f54d3753d4b56d4b4cd3348d5755d4b4fd3748d4f50d2b50d275ad2f53d5b56d4b4fd3b53,0,0,0,1
1003,1003,0,9a66f9f6719c6729d2689f6649be6a9fe6a9f2699be6d9ba6c9ae689a66b9fe6a9e26d9fe649b66e,6edb96bda46e5a4699a46e5ba6e5b8691a1699a46b5a7699bb69dbf69dbb689a668dba6eda069da4,350,543,1a6,5555d5594f5754a545575755052d4b52d56549485255755d4b5515654d545594b54d4955d5555951,66d,d3356d6f54d3753d4b56d4b4cd3348d5755d4b4fd3748d4f50d2b50d275ad2f53d5b56d4b4fd3b53,0,0,0,1
1004,1004,0,9a66f9f6719c6729d2689f6649be6a9fe6a9f2699be6d9ba6c9ae689a66b9fe6a9e26d9fe649b66e,6edb96bda46e5a4699a46e5ba6e5b8691a1699a46b5a7699bb69dbf69dbb689a668dba6eda069da4,74c,547,1a1,5555d5594f5754a545575755052d4b52d56549485255755d4b5515654d545594b54d4955d5555951,66c,d3356d6f54d3753d4b56d4b4cd3348d5755d4b4fd3748d4f50d2b50d275ad2f53d5b56d4b4fd3b53,0,0,0,1
1005,1005,0,9a66f9f6719c6729d2689f6649be6a9fe6a9f2699be6d9ba6c9ae689a66b9fe6a9e26d9fe649b66e,6edb96bda46e5a4699a46e5ba6e5b8691a1699a46b5a7699bb69dbf69dbb689a668dba6eda069da4,756,542,1ba,5555d5594f5754a545575755052d4b52d56549485255755d4b5515654d545594b54d4955d5555951,671,d3356d6b54d3352d0b56d4b4cd3348d5755d4b4ed3349d4b51d1751d3b55d2f53d5b51d4f4fd3f50,0,0,0,1
1006,1006,0,9a66f9f6719c6729d2689f6649be6a9fe6a9f2699be6d9ba6c9ae689a66b9fe6a9e26d9fe649b66e,6edb96bda46e5a4699a46e5ba6e5b8691a1699a46b5a7699bb69dbf69dbb689a668dba6eda069da4,75a,541,1a7,5555d5594f5754a545575755052d4b52d56549485255755d4b5515654d545594b54d4955d5555951,671,d3356d6b54d3352d0b56d4b4cd3348d5755d4b4ed3349d4b51d1751d3b55d2f53d5b51d4f4fd3f50,0,0,0,1
1007,1007,0,9a66f9f6719c6729d2689f6649be6a9fe6a9f2699be6d9ba6c9ae689a66b9fe6a9e26d9fe649b66e,6edb96bda46e5a4699a46e5ba6e5b8691a1699a46b5a7699bb69dbf69dbb689a668dba6eda069da4,755,551,1bf,5555d5594f5754a545575755052d4b52d56549485255755d4b5515654d545594b54d4955d5555951,670,d3356d6b54d3352d0b56d4b4cd3348d5755d4b4ed3349d4b51d1751d3b55d2f53d5b51d4f4fd3f50,0,0,0,1
1008,1008,0,9a66f9f6719c6729d2689f6649be6a9fe6a9f2699be6d9ba6c9ae689a66b9fe6a9e26d9fe649b66e,6edb96bda46e5a4699a46e5ba6e5b8691a1699a46b5a7699bb69dbf69dbb689a668dba6eda069da4,74d,554,1a7,5555d5594f5754a545575755052d4b52d56549485255755d4b5515654d545594b54d4955d5555951,667,d3356d6b54d3352d0b56d4b4cd3348d5755d4b4ed3349d4b51d1751d3b55d2f53d5b51d4f4fd3f50,0,0,0,1
1009,1009,0,9a66f9f6719c6729d2689f6649be6a9fe6a9f2699be6d9ba6c9ae689a66b9fe6a9e26d9fe649b66e,6edb96bda46e5a4699a46e5ba6e5b8691a1699a46b5a7699bb69dbf69dbb689a668dba6eda069da4,752,555,1bb,5555d5594f5754a545575755052d4b52d56549485255755d4b5515654d545594b54d4955d5555951,670,d3356d6b54d3352d0b56d4b4cd3348d5755d4b4ed3349d4b51d1751d3b55d2f53d5b51d4f4fd3f50,0,0,0,1
1010,1010,0,9a66f9f6719c6729d2689f6649be6a9fe6a9f2699be6d9ba6c9ae689a66b9fe6a9e26d9fe649b66e,6edb96bda46e5a4699a46e5ba6e5b8691a1699a46b5a7699bb69dbf69dbb689a668dba6eda069da4,752,542,1a3,5555d5594f5754a545575755052d4b52d56549485255755d4b5515654d545594b54d4955d5555951,66d,d3356d6b54d3352d0b56d4b4cd3348d5755d4b4ed3349d4b51d1751d3b55d2f53d5b51d4f4fd3f50,0,0,0,1
1011,1011,0,9a66f9f6719c6729d2689f6649be6a9fe6a9f2699be6d9ba6c9ae689a66b9fe6a9e26d9fe649b66e,6edb96bda46e5a4699a46e5ba6e5b8691a1699a46b5a7699bb69dbf69dbb689a668dba6eda069da4,756,54b,1a1,5555d5594f5754a545575755052d4b52d56549485255755d4b5515654d545594b54d4955d5555951,677,d3356d6b54d3352d0b56d4b4cd3348d5755d4b4ed3349d4b51d1751d3b55d2f53d5b51d4f4fd3f50,0,0,0,1
1012,1012,0,9a66f9f6719c6729d2689f6649be6a9fe6a9f2699be6d9ba6c9ae689a66b9fe6a9e26d9fe649b66e,6edb96bda46e5a4699a46e5ba6e5b8691a1699a46b5a7699bb69dbf69dbb689a668dba6eda069da4,751,54a,1a3,5555d5594f5754a545575755052d4b52d56549485255755d4b5515654d545594b54d4955d5555951,667,d3356d6b54d3352d0b56d4b4cd3348d5755d4b4ed3349d4b51d1751d3b55d2f53d5b51d4f4fd3f50,0,0,0,1
1013,1013,0,9a66f9f6719c6729d2689f6649be6a9fe6a9f2699be6d9ba6c9ae689a66b9fe6a9e26d9fe649b66e,6edb96bda46e5a4699a46e5ba6e5b8691a1699a46b5a7699bb69dbf69dbb689a668dba6eda069da4,74c,543,1ba,5555d5594f5754a545575755052d4b52d56549485255755d4b5515654d545594b54d4955d5555951,66b,d3356d6b54d3352d0b56d4b4cd3348d5755d4b4ed3349d4b51d1751d3b55d2f53d5b51d4f4fd3f50,0,0,0,1
1014,1014,0,9a66f9f6719c6729d2689f6649be6a9fe6a9f2699be6d9ba6c9ae689a66b9fe6a9e26d9fe649b66e,6edb96bda46e5a4699a46e5ba6e5b8691a1699a46b5a7699bb69dbf69dbb689a668dba6eda069da4,74c,555,1bb,5555d5594f5754a545575755052d4b52d56549485255755d4b5515654d545594b54d4955d5555951,671,d3356d6b54d3352d0b56d4b4cd3348d5755d4b4ed3349d4b51d1751d3b55d2f53d5b51d4f4fd3f50,0,0,0,1
1015,1015,0,9a66f9f6719c6729d2689f6649be6a9fe6a9f2699be6d9ba6c9ae689a66b9fe6a9e26d9fe649b66e,6edb96bda46e5a4699a46e5ba6e5b8691a1699a46b5a7699bb69dbf69dbb689a668dba6eda069da4,748,54d,1a0,5555d5594f5754a545575755052d4b52d56549485255755d4b5515654d545594b54d4955d5555951,673,d3356d6b54d3352d0b56d4b4cd3348d5755d4b4ed3349d4b51d1751d3b55d2f53d5b51d4f4fd3f50,0,0,0,1
1016,1016,0,9a66f9f6719c6729d2689f6649be6a9fe6a9f2699be6d9ba6c9ae689a66b9fe6a9e26d9fe649b66e,6edb96bda46e5a4699a46e5ba6e5b8691a1699a46b5a7699bb69dbf69dbb689a668dba6eda069da4,757,548,1a4,5555d5594f5754a545575755052d4b52d56549485255755d4b5515654d545594b54d4955d5555951,66e,d3356d6b54d3352d0b56d4b4cd3348d5755d4b4ed3349d4b51d1751d3b55d2f53d5b51d4f4fd3f50,0,0,0,1
1017,1017,0,9a66f9f6719c6729d2689f6649be6a9fe6a9f2699be6d9ba6c9ae689a66b9fe6a9e26d9fe649b66e,6edb96bda46e5a4699a46e5ba6e5b8691a1699a46b5a7699bb69dbf69dbb689a668dba6eda069da4,757,141,1a4,5555d5594f5754a545575755052d4b52d56549485255755d4b5515654d545594b54d4955d5555951,670,d3356d6b54d3352d0b56d4b4cd3348d5755d4b4ed3349d4b51d1751d3b55d2f53d5b51d4f4fd3f50,0,0,0,1
1018,1018,0,9a66f9f6719c6729d2689f6649be6a9fe6a9f2699be6d9ba6c9ae689a66b9fe6a9e26d9fe649b66e,6edb96bda46e5a4699a46e5ba6e5b8691a1699a46b5a7699bb69dbf69dbb689a668dba6eda069da4,752,156,5bb,5555d5594f5754a545575755052d4b52d56549485255755d4b5515654d545594b54d4955d5555951,26d,d3356d6b54d3352d0b56d4b4cd3348d5755d4b4ed3349d4b51d1751d3b55d2f53d5b51d4f4fd3f50,0,0,0,1
1019,1019,0,9a66f9f6719c6729d2689f6649be6a9fe6a9f2699be6d9ba6c9ae689a66b9fe6a9e26d9fe649b66e,6edb96bda46e5a4685a46e5ba6e5b969da1699a76b1a6685ba69dbf69dbb68da168dba6eda0691a4,74f,147,5b9,5555d5594f5754a545575755052d4b52d56549485255755d4b5515654d545594b54d4955d5555951,26e,d3356d6b54d3352d0b56d4b4cd3348d5755d4b4ed3349d4b51d1751d3b55d2f53d5b51d4f4fd3f50,0,0,0,1
1020,1020,0,9a66f9f6719c6729d2689f6649be6a9fe6a9f2699be6d9ba6c9ae689a66b9fe6a9e26d9fe649b66e,6edb96bda46e5a4685a46e5ba6e5b969da1699a76b1a6685ba69dbf69dbb68da168dba6eda0691a4,34c,143,5af,5555d5594f5754a545575755052d4b52d56549485255755d4b5515654d545594b54d4955d5555951,26d,d3356d6b54d3352d0b56d4b4cd3348d5755d4b4ed3349d4b51d1751d3b55d2f53d5b51d4f4fd3f50,0,0,0,1
1021,1021,0,9a66f9f6719c6729d2689f6649be6a9fe6a9f2699be6d9ba6c9ae689a66b9fe6a9e26d9fe649b66e,6edb96bda46e5a4685a46e5ba6e5b969da1699a76b1a6685ba69dbf69dbb68da168dba6eda0691a4,348,157,5a4,5555d5594f5754a545575755052d4b52d56549485255755d4b5515654d545594b54d4955d5555951,26e,d3356d6b54d3352d0b56d4b4cd3348d5755d4b4ed3349d4b51d1751d3b55d2f53d5b51d4f4fd3f50,0,0,0,1
1022,1022,0,9a66f9f6719c6729d2689f6649be6a9fe6a9f2699be6d9ba6c9ae689a66b9fe6a9e26d9fe649b66e,6edb96bda46e5a4685a46e5ba6e5b969da1699a76b1a6685ba69dbf69dbb68da168dba6eda0691a4,352,156,5b9,5555d5594f5754a545575755052d4b52d56549485255755d4b5515654d545594b54d4955d5555951,26e,d3356d6b54d3352d0b56d4b4cd3348d5755d4b4ed3349d4b51d1751d3b55d2f53d5b51d4f4fd3f50,0,0,0,1
1023,1023,0,9a66f9f6719c6729d2689f6649be6a9fe6a9f2699be6d9ba6c9ae689a66b9fe6a9e26d9fe649b66e,6edb96bda46e5a4685a46e5ba6e5b969da1699a76b1a6685ba69dbf69dbb68da168dba6eda0691a4,350,150,5a7,5555d5594f5754a545575755052d4b52d56549485255755d4b5515654d545594b54d4955d5555951,26b,d3356d6b54d3352d0b56d4b4cd3348d5755d4b4ed3349d4b51d1751d3b55d2f53d5b51d4f4fd3f50,0,0,0,1
