
*** Running vivado
    with args -log top_block_wrapper.vds -m64 -product Vivado -mode batch -messageDb vivado.pb -notrace -source top_block_wrapper.tcl


****** Vivado v2022.2 (64-bit)
  **** SW Build 3671981 on Fri Oct 14 04:59:54 MDT 2022
  **** IP Build 3669848 on Fri Oct 14 08:30:02 MDT 2022
    ** Copyright 1986-2022 Xilinx, Inc. All Rights Reserved.

source top_block_wrapper.tcl -notrace
INFO: [IP_Flow 19-234] Refreshing IP repositories
INFO: [IP_Flow 19-1700] Loaded user IP repository '/home/nagafusa/work/spadi/Fakernet/ip_repo/I2C_Controller_1_0'.
INFO: [IP_Flow 19-1700] Loaded user IP repository '/home/nagafusa/work/spadi/Fakernet/ip_repo/start_i2c_write_1_0'.
WARNING: [IP_Flow 19-2248] Failed to load user IP repository '/home/nagafusa/work/spadi/Fakernet/ip_repo/I2C_controller_1_0'; Can't find the specified path.
If this directory should no longer be in your list of user repositories, go to the IP Settings dialog and remove it.
WARNING: [IP_Flow 19-2207] Repository '/home/nagafusa/work/spadi/Fakernet/ip_repo/I2C_controller_1_0' already exists; ignoring attempt to add it again.
WARNING: [IP_Flow 19-2248] Failed to load user IP repository '/home/nagafusa/work/spadi/Fakernet/ip_repo/I2C_controller_1_0'; Can't find the specified path.
If this directory should no longer be in your list of user repositories, go to the IP Settings dialog and remove it.
INFO: [IP_Flow 19-2313] Loaded Vivado IP repository '/opt/Xilinx/Vivado/2022.2/data/ip'.
Command: read_checkpoint -auto_incremental -incremental /home/nagafusa/work/spadi/Fakernet/SAMIDARE/samidare.srcs/utils_1/imports/synth_1/top_level.dcp
INFO: [Vivado 12-5825] Read reference checkpoint from /home/nagafusa/work/spadi/Fakernet/SAMIDARE/samidare.srcs/utils_1/imports/synth_1/top_level.dcp for incremental synthesis
INFO: [Vivado 12-7989] Please ensure there are no constraint changes
Command: synth_design -top top_block_wrapper -part xcau15p-sbvb484-1-i
Starting synth_design
Attempting to get a license for feature 'Synthesis' and/or device 'xcau15p'
INFO: [Common 17-349] Got license for feature 'Synthesis' and/or device 'xcau15p'
INFO: [Device 21-403] Loading part xcau15p-sbvb484-1-i
INFO: [Designutils 20-5440] No compile time benefit to using incremental synthesis; A full resynthesis will be run
INFO: [Designutils 20-4379] Flow is switching to default flow due to incremental criteria not met. If you would like to alter this behaviour and have the flow terminate instead, please set the following parameter config_implementation {autoIncr.Synth.RejectBehavior Terminate}
INFO: [Synth 8-7079] Multithreading enabled for synth_design using a maximum of 4 processes.
INFO: [Synth 8-7078] Launching helper process for spawning children vivado processes
INFO: [Synth 8-7075] Helper process launched with PID 802575
INFO: [Synth 8-11241] undeclared symbol 'REGCCE', assumed default net type 'wire' [/opt/Xilinx/Vivado/2022.2/data/verilog/src/unimacro/BRAM_SINGLE_MACRO.v:2170]
---------------------------------------------------------------------------------
Starting RTL Elaboration : Time (s): cpu = 00:00:02 ; elapsed = 00:00:02 . Memory (MB): peak = 2512.254 ; gain = 0.000 ; free physical = 40055 ; free virtual = 60212
Synthesis current peak Physical Memory [PSS] (MB): peak = 1502.659; parent = 1334.437; children = 168.223
Synthesis current peak Virtual Memory [VSS] (MB): peak = 3192.922; parent = 2224.418; children = 968.504
---------------------------------------------------------------------------------
INFO: [Synth 8-6157] synthesizing module 'top_block_wrapper' [/home/nagafusa/work/spadi/Fakernet/SAMIDARE/samidare.gen/sources_1/bd/top_block/hdl/top_block_wrapper.v:12]
INFO: [Synth 8-6157] synthesizing module 'top_block' [/home/nagafusa/work/spadi/Fakernet/SAMIDARE/samidare.gen/sources_1/bd/top_block/synth/top_block.v:3942]
INFO: [Synth 8-6157] synthesizing module 'CLK_SO_imp_1CTCOY7' [/home/nagafusa/work/spadi/Fakernet/SAMIDARE/samidare.gen/sources_1/bd/top_block/synth/top_block.v:12]
INFO: [Synth 8-6157] synthesizing module 'top_block_util_ds_buf_0_1' [/home/nagafusa/work/spadi/Fakernet/SAMIDARE/samidare.runs/synth_1/.Xil/Vivado-802208-e16fpga01/realtime/top_block_util_ds_buf_0_1_stub.v:5]
INFO: [Synth 8-6155] done synthesizing module 'top_block_util_ds_buf_0_1' (0#1) [/home/nagafusa/work/spadi/Fakernet/SAMIDARE/samidare.runs/synth_1/.Xil/Vivado-802208-e16fpga01/realtime/top_block_util_ds_buf_0_1_stub.v:5]
INFO: [Synth 8-6157] synthesizing module 'top_block_xlconcat_0_0' [/home/nagafusa/work/spadi/Fakernet/SAMIDARE/samidare.gen/sources_1/bd/top_block/ip/top_block_xlconcat_0_0/synth/top_block_xlconcat_0_0.v:53]
INFO: [Synth 8-6157] synthesizing module 'xlconcat_v2_1_4_xlconcat' [/home/nagafusa/work/spadi/Fakernet/SAMIDARE/samidare.gen/sources_1/bd/top_block/ipshared/4b67/hdl/xlconcat_v2_1_vl_rfs.v:14]
INFO: [Synth 8-6155] done synthesizing module 'xlconcat_v2_1_4_xlconcat' (0#1) [/home/nagafusa/work/spadi/Fakernet/SAMIDARE/samidare.gen/sources_1/bd/top_block/ipshared/4b67/hdl/xlconcat_v2_1_vl_rfs.v:14]
INFO: [Synth 8-6155] done synthesizing module 'top_block_xlconcat_0_0' (0#1) [/home/nagafusa/work/spadi/Fakernet/SAMIDARE/samidare.gen/sources_1/bd/top_block/ip/top_block_xlconcat_0_0/synth/top_block_xlconcat_0_0.v:53]
INFO: [Synth 8-6155] done synthesizing module 'CLK_SO_imp_1CTCOY7' (0#1) [/home/nagafusa/work/spadi/Fakernet/SAMIDARE/samidare.gen/sources_1/bd/top_block/synth/top_block.v:12]
INFO: [Synth 8-6157] synthesizing module 'CLK_WRAPPER_imp_WW6PCK' [/home/nagafusa/work/spadi/Fakernet/SAMIDARE/samidare.gen/sources_1/bd/top_block/synth/top_block.v:40]
INFO: [Synth 8-6157] synthesizing module 'top_block_clk_wiz_0_0' [/home/nagafusa/work/spadi/Fakernet/SAMIDARE/samidare.runs/synth_1/.Xil/Vivado-802208-e16fpga01/realtime/top_block_clk_wiz_0_0_stub.v:5]
INFO: [Synth 8-6155] done synthesizing module 'top_block_clk_wiz_0_0' (0#1) [/home/nagafusa/work/spadi/Fakernet/SAMIDARE/samidare.runs/synth_1/.Xil/Vivado-802208-e16fpga01/realtime/top_block_clk_wiz_0_0_stub.v:5]
WARNING: [Synth 8-7071] port 'clk_out2' of module 'top_block_clk_wiz_0_0' is unconnected for instance 'clk_wiz_0' [/home/nagafusa/work/spadi/Fakernet/SAMIDARE/samidare.gen/sources_1/bd/top_block/synth/top_block.v:67]
WARNING: [Synth 8-7023] instance 'clk_wiz_0' of module 'top_block_clk_wiz_0_0' has 6 connections declared, but only 5 given [/home/nagafusa/work/spadi/Fakernet/SAMIDARE/samidare.gen/sources_1/bd/top_block/synth/top_block.v:67]
INFO: [Synth 8-6157] synthesizing module 'top_block_clk_wiz_1_0' [/home/nagafusa/work/spadi/Fakernet/SAMIDARE/samidare.runs/synth_1/.Xil/Vivado-802208-e16fpga01/realtime/top_block_clk_wiz_1_0_stub.v:5]
INFO: [Synth 8-6155] done synthesizing module 'top_block_clk_wiz_1_0' (0#1) [/home/nagafusa/work/spadi/Fakernet/SAMIDARE/samidare.runs/synth_1/.Xil/Vivado-802208-e16fpga01/realtime/top_block_clk_wiz_1_0_stub.v:5]
INFO: [Synth 8-6155] done synthesizing module 'CLK_WRAPPER_imp_WW6PCK' (0#1) [/home/nagafusa/work/spadi/Fakernet/SAMIDARE/samidare.gen/sources_1/bd/top_block/synth/top_block.v:40]
INFO: [Synth 8-6157] synthesizing module 'CONST_QRAPPER_imp_1KMF8M0' [/home/nagafusa/work/spadi/Fakernet/SAMIDARE/samidare.gen/sources_1/bd/top_block/synth/top_block.v:79]
INFO: [Synth 8-6157] synthesizing module 'top_block_clk_wiz_2_0' [/home/nagafusa/work/spadi/Fakernet/SAMIDARE/samidare.runs/synth_1/.Xil/Vivado-802208-e16fpga01/realtime/top_block_clk_wiz_2_0_stub.v:5]
INFO: [Synth 8-6155] done synthesizing module 'top_block_clk_wiz_2_0' (0#1) [/home/nagafusa/work/spadi/Fakernet/SAMIDARE/samidare.runs/synth_1/.Xil/Vivado-802208-e16fpga01/realtime/top_block_clk_wiz_2_0_stub.v:5]
INFO: [Synth 8-6157] synthesizing module 'top_block_util_ds_buf_2_0' [/home/nagafusa/work/spadi/Fakernet/SAMIDARE/samidare.runs/synth_1/.Xil/Vivado-802208-e16fpga01/realtime/top_block_util_ds_buf_2_0_stub.v:5]
INFO: [Synth 8-6155] done synthesizing module 'top_block_util_ds_buf_2_0' (0#1) [/home/nagafusa/work/spadi/Fakernet/SAMIDARE/samidare.runs/synth_1/.Xil/Vivado-802208-e16fpga01/realtime/top_block_util_ds_buf_2_0_stub.v:5]
INFO: [Synth 8-6157] synthesizing module 'top_block_util_ds_buf_3_2' [/home/nagafusa/work/spadi/Fakernet/SAMIDARE/samidare.runs/synth_1/.Xil/Vivado-802208-e16fpga01/realtime/top_block_util_ds_buf_3_2_stub.v:5]
INFO: [Synth 8-6155] done synthesizing module 'top_block_util_ds_buf_3_2' (0#1) [/home/nagafusa/work/spadi/Fakernet/SAMIDARE/samidare.runs/synth_1/.Xil/Vivado-802208-e16fpga01/realtime/top_block_util_ds_buf_3_2_stub.v:5]
INFO: [Synth 8-6157] synthesizing module 'top_block_util_ds_buf_4_1' [/home/nagafusa/work/spadi/Fakernet/SAMIDARE/samidare.runs/synth_1/.Xil/Vivado-802208-e16fpga01/realtime/top_block_util_ds_buf_4_1_stub.v:5]
INFO: [Synth 8-6155] done synthesizing module 'top_block_util_ds_buf_4_1' (0#1) [/home/nagafusa/work/spadi/Fakernet/SAMIDARE/samidare.runs/synth_1/.Xil/Vivado-802208-e16fpga01/realtime/top_block_util_ds_buf_4_1_stub.v:5]
INFO: [Synth 8-6157] synthesizing module 'top_block_util_vector_logic_1_3' [/home/nagafusa/work/spadi/Fakernet/SAMIDARE/samidare.runs/synth_1/.Xil/Vivado-802208-e16fpga01/realtime/top_block_util_vector_logic_1_3_stub.v:5]
INFO: [Synth 8-6155] done synthesizing module 'top_block_util_vector_logic_1_3' (0#1) [/home/nagafusa/work/spadi/Fakernet/SAMIDARE/samidare.runs/synth_1/.Xil/Vivado-802208-e16fpga01/realtime/top_block_util_vector_logic_1_3_stub.v:5]
WARNING: [Synth 8-4446] all outputs are unconnected for this instance and logic may be removed [/home/nagafusa/work/spadi/Fakernet/SAMIDARE/samidare.gen/sources_1/bd/top_block/synth/top_block.v:137]
INFO: [Synth 8-6157] synthesizing module 'top_block_util_vector_logic_3_2' [/home/nagafusa/work/spadi/Fakernet/SAMIDARE/samidare.runs/synth_1/.Xil/Vivado-802208-e16fpga01/realtime/top_block_util_vector_logic_3_2_stub.v:5]
INFO: [Synth 8-6155] done synthesizing module 'top_block_util_vector_logic_3_2' (0#1) [/home/nagafusa/work/spadi/Fakernet/SAMIDARE/samidare.runs/synth_1/.Xil/Vivado-802208-e16fpga01/realtime/top_block_util_vector_logic_3_2_stub.v:5]
WARNING: [Synth 8-7071] port 'Res' of module 'top_block_util_vector_logic_3_2' is unconnected for instance 'util_vector_logic_4' [/home/nagafusa/work/spadi/Fakernet/SAMIDARE/samidare.gen/sources_1/bd/top_block/synth/top_block.v:137]
WARNING: [Synth 8-7023] instance 'util_vector_logic_4' of module 'top_block_util_vector_logic_3_2' has 2 connections declared, but only 1 given [/home/nagafusa/work/spadi/Fakernet/SAMIDARE/samidare.gen/sources_1/bd/top_block/synth/top_block.v:137]
INFO: [Synth 8-6157] synthesizing module 'top_block_xlconcat_2_1' [/home/nagafusa/work/spadi/Fakernet/SAMIDARE/samidare.gen/sources_1/bd/top_block/ip/top_block_xlconcat_2_1/synth/top_block_xlconcat_2_1.v:53]
INFO: [Synth 8-6155] done synthesizing module 'top_block_xlconcat_2_1' (0#1) [/home/nagafusa/work/spadi/Fakernet/SAMIDARE/samidare.gen/sources_1/bd/top_block/ip/top_block_xlconcat_2_1/synth/top_block_xlconcat_2_1.v:53]
INFO: [Synth 8-6157] synthesizing module 'top_block_xlconstant_0_3' [/home/nagafusa/work/spadi/Fakernet/SAMIDARE/samidare.gen/sources_1/bd/top_block/ip/top_block_xlconstant_0_3/synth/top_block_xlconstant_0_3.v:53]
INFO: [Synth 8-6157] synthesizing module 'xlconstant_v1_1_7_xlconstant' [/home/nagafusa/work/spadi/Fakernet/SAMIDARE/samidare.gen/sources_1/bd/top_block/ipshared/badb/hdl/xlconstant_v1_1_vl_rfs.v:23]
INFO: [Synth 8-6155] done synthesizing module 'xlconstant_v1_1_7_xlconstant' (0#1) [/home/nagafusa/work/spadi/Fakernet/SAMIDARE/samidare.gen/sources_1/bd/top_block/ipshared/badb/hdl/xlconstant_v1_1_vl_rfs.v:23]
INFO: [Synth 8-6155] done synthesizing module 'top_block_xlconstant_0_3' (0#1) [/home/nagafusa/work/spadi/Fakernet/SAMIDARE/samidare.gen/sources_1/bd/top_block/ip/top_block_xlconstant_0_3/synth/top_block_xlconstant_0_3.v:53]
INFO: [Synth 8-6157] synthesizing module 'top_block_xlconstant_1_4' [/home/nagafusa/work/spadi/Fakernet/SAMIDARE/samidare.gen/sources_1/bd/top_block/ip/top_block_xlconstant_1_4/synth/top_block_xlconstant_1_4.v:53]
INFO: [Synth 8-6157] synthesizing module 'xlconstant_v1_1_7_xlconstant__parameterized0' [/home/nagafusa/work/spadi/Fakernet/SAMIDARE/samidare.gen/sources_1/bd/top_block/ipshared/badb/hdl/xlconstant_v1_1_vl_rfs.v:23]
INFO: [Synth 8-6155] done synthesizing module 'xlconstant_v1_1_7_xlconstant__parameterized0' (0#1) [/home/nagafusa/work/spadi/Fakernet/SAMIDARE/samidare.gen/sources_1/bd/top_block/ipshared/badb/hdl/xlconstant_v1_1_vl_rfs.v:23]
INFO: [Synth 8-6155] done synthesizing module 'top_block_xlconstant_1_4' (0#1) [/home/nagafusa/work/spadi/Fakernet/SAMIDARE/samidare.gen/sources_1/bd/top_block/ip/top_block_xlconstant_1_4/synth/top_block_xlconstant_1_4.v:53]
INFO: [Synth 8-6155] done synthesizing module 'CONST_QRAPPER_imp_1KMF8M0' (0#1) [/home/nagafusa/work/spadi/Fakernet/SAMIDARE/samidare.gen/sources_1/bd/top_block/synth/top_block.v:79]
INFO: [Synth 8-6157] synthesizing module 'GainConfig_imp_1EXP2JF' [/home/nagafusa/work/spadi/Fakernet/SAMIDARE/samidare.gen/sources_1/bd/top_block/synth/top_block.v:371]
INFO: [Synth 8-6157] synthesizing module 'top_block_xlconstant_2_3' [/home/nagafusa/work/spadi/Fakernet/SAMIDARE/samidare.gen/sources_1/bd/top_block/ip/top_block_xlconstant_2_3/synth/top_block_xlconstant_2_3.v:53]
INFO: [Synth 8-6157] synthesizing module 'xlconstant_v1_1_7_xlconstant__parameterized1' [/home/nagafusa/work/spadi/Fakernet/SAMIDARE/samidare.gen/sources_1/bd/top_block/ipshared/badb/hdl/xlconstant_v1_1_vl_rfs.v:23]
INFO: [Synth 8-6155] done synthesizing module 'xlconstant_v1_1_7_xlconstant__parameterized1' (0#1) [/home/nagafusa/work/spadi/Fakernet/SAMIDARE/samidare.gen/sources_1/bd/top_block/ipshared/badb/hdl/xlconstant_v1_1_vl_rfs.v:23]
INFO: [Synth 8-6155] done synthesizing module 'top_block_xlconstant_2_3' (0#1) [/home/nagafusa/work/spadi/Fakernet/SAMIDARE/samidare.gen/sources_1/bd/top_block/ip/top_block_xlconstant_2_3/synth/top_block_xlconstant_2_3.v:53]
INFO: [Synth 8-6157] synthesizing module 'top_block_xlconstant_2_4' [/home/nagafusa/work/spadi/Fakernet/SAMIDARE/samidare.gen/sources_1/bd/top_block/ip/top_block_xlconstant_2_4/synth/top_block_xlconstant_2_4.v:53]
INFO: [Synth 8-6155] done synthesizing module 'top_block_xlconstant_2_4' (0#1) [/home/nagafusa/work/spadi/Fakernet/SAMIDARE/samidare.gen/sources_1/bd/top_block/ip/top_block_xlconstant_2_4/synth/top_block_xlconstant_2_4.v:53]
INFO: [Synth 8-6157] synthesizing module 'top_block_xlconstant_2_2' [/home/nagafusa/work/spadi/Fakernet/SAMIDARE/samidare.gen/sources_1/bd/top_block/ip/top_block_xlconstant_2_2/synth/top_block_xlconstant_2_2.v:53]
INFO: [Synth 8-6155] done synthesizing module 'top_block_xlconstant_2_2' (0#1) [/home/nagafusa/work/spadi/Fakernet/SAMIDARE/samidare.gen/sources_1/bd/top_block/ip/top_block_xlconstant_2_2/synth/top_block_xlconstant_2_2.v:53]
INFO: [Synth 8-6157] synthesizing module 'top_block_xlconstant_2_0' [/home/nagafusa/work/spadi/Fakernet/SAMIDARE/samidare.gen/sources_1/bd/top_block/ip/top_block_xlconstant_2_0/synth/top_block_xlconstant_2_0.v:53]
INFO: [Synth 8-6155] done synthesizing module 'top_block_xlconstant_2_0' (0#1) [/home/nagafusa/work/spadi/Fakernet/SAMIDARE/samidare.gen/sources_1/bd/top_block/ip/top_block_xlconstant_2_0/synth/top_block_xlconstant_2_0.v:53]
INFO: [Synth 8-6155] done synthesizing module 'GainConfig_imp_1EXP2JF' (0#1) [/home/nagafusa/work/spadi/Fakernet/SAMIDARE/samidare.gen/sources_1/bd/top_block/synth/top_block.v:371]
INFO: [Synth 8-6157] synthesizing module 'SC_WRAPPER_imp_OHHA8Q' [/home/nagafusa/work/spadi/Fakernet/SAMIDARE/samidare.gen/sources_1/bd/top_block/synth/top_block.v:636]
INFO: [Synth 8-6157] synthesizing module 'SAMPA_I2C_wrapper_imp_1BT4CG1' [/home/nagafusa/work/spadi/Fakernet/SAMIDARE/samidare.gen/sources_1/bd/top_block/synth/top_block.v:400]
INFO: [Synth 8-6157] synthesizing module 'top_block_I2C_Controller_v1_0_0_1' [/home/nagafusa/work/spadi/Fakernet/SAMIDARE/samidare.runs/synth_1/.Xil/Vivado-802208-e16fpga01/realtime/top_block_I2C_Controller_v1_0_0_1_stub.v:5]
INFO: [Synth 8-6155] done synthesizing module 'top_block_I2C_Controller_v1_0_0_1' (0#1) [/home/nagafusa/work/spadi/Fakernet/SAMIDARE/samidare.runs/synth_1/.Xil/Vivado-802208-e16fpga01/realtime/top_block_I2C_Controller_v1_0_0_1_stub.v:5]
WARNING: [Synth 8-7071] port 'i2c_busy' of module 'top_block_I2C_Controller_v1_0_0_1' is unconnected for instance 'I2C_Controller_v1_0_0' [/home/nagafusa/work/spadi/Fakernet/SAMIDARE/samidare.gen/sources_1/bd/top_block/synth/top_block.v:548]
WARNING: [Synth 8-7071] port 'm00_axi_error' of module 'top_block_I2C_Controller_v1_0_0_1' is unconnected for instance 'I2C_Controller_v1_0_0' [/home/nagafusa/work/spadi/Fakernet/SAMIDARE/samidare.gen/sources_1/bd/top_block/synth/top_block.v:548]
WARNING: [Synth 8-7071] port 'm00_axi_txn_done' of module 'top_block_I2C_Controller_v1_0_0_1' is unconnected for instance 'I2C_Controller_v1_0_0' [/home/nagafusa/work/spadi/Fakernet/SAMIDARE/samidare.gen/sources_1/bd/top_block/synth/top_block.v:548]
WARNING: [Synth 8-7071] port 'm01_axi_error' of module 'top_block_I2C_Controller_v1_0_0_1' is unconnected for instance 'I2C_Controller_v1_0_0' [/home/nagafusa/work/spadi/Fakernet/SAMIDARE/samidare.gen/sources_1/bd/top_block/synth/top_block.v:548]
WARNING: [Synth 8-7071] port 'm01_axi_txn_done' of module 'top_block_I2C_Controller_v1_0_0_1' is unconnected for instance 'I2C_Controller_v1_0_0' [/home/nagafusa/work/spadi/Fakernet/SAMIDARE/samidare.gen/sources_1/bd/top_block/synth/top_block.v:548]
WARNING: [Synth 8-7071] port 'm01_axi_awprot' of module 'top_block_I2C_Controller_v1_0_0_1' is unconnected for instance 'I2C_Controller_v1_0_0' [/home/nagafusa/work/spadi/Fakernet/SAMIDARE/samidare.gen/sources_1/bd/top_block/synth/top_block.v:548]
WARNING: [Synth 8-7071] port 'm01_axi_arprot' of module 'top_block_I2C_Controller_v1_0_0_1' is unconnected for instance 'I2C_Controller_v1_0_0' [/home/nagafusa/work/spadi/Fakernet/SAMIDARE/samidare.gen/sources_1/bd/top_block/synth/top_block.v:548]
WARNING: [Synth 8-7023] instance 'I2C_Controller_v1_0_0' of module 'top_block_I2C_Controller_v1_0_0_1' has 56 connections declared, but only 49 given [/home/nagafusa/work/spadi/Fakernet/SAMIDARE/samidare.gen/sources_1/bd/top_block/synth/top_block.v:548]
INFO: [Synth 8-6157] synthesizing module 'top_block_axi_iic_0_0' [/home/nagafusa/work/spadi/Fakernet/SAMIDARE/samidare.runs/synth_1/.Xil/Vivado-802208-e16fpga01/realtime/top_block_axi_iic_0_0_stub.v:5]
INFO: [Synth 8-6155] done synthesizing module 'top_block_axi_iic_0_0' (0#1) [/home/nagafusa/work/spadi/Fakernet/SAMIDARE/samidare.runs/synth_1/.Xil/Vivado-802208-e16fpga01/realtime/top_block_axi_iic_0_0_stub.v:5]
WARNING: [Synth 8-7071] port 'iic2intc_irpt' of module 'top_block_axi_iic_0_0' is unconnected for instance 'axi_iic_0' [/home/nagafusa/work/spadi/Fakernet/SAMIDARE/samidare.gen/sources_1/bd/top_block/synth/top_block.v:598]
WARNING: [Synth 8-7071] port 'gpo' of module 'top_block_axi_iic_0_0' is unconnected for instance 'axi_iic_0' [/home/nagafusa/work/spadi/Fakernet/SAMIDARE/samidare.gen/sources_1/bd/top_block/synth/top_block.v:598]
WARNING: [Synth 8-7023] instance 'axi_iic_0' of module 'top_block_axi_iic_0_0' has 27 connections declared, but only 25 given [/home/nagafusa/work/spadi/Fakernet/SAMIDARE/samidare.gen/sources_1/bd/top_block/synth/top_block.v:598]
INFO: [Synth 8-6157] synthesizing module 'top_block_iobuf_vhdl_0_0' [/home/nagafusa/work/spadi/Fakernet/SAMIDARE/samidare.runs/synth_1/.Xil/Vivado-802208-e16fpga01/realtime/top_block_iobuf_vhdl_0_0_stub.v:5]
INFO: [Synth 8-6155] done synthesizing module 'top_block_iobuf_vhdl_0_0' (0#1) [/home/nagafusa/work/spadi/Fakernet/SAMIDARE/samidare.runs/synth_1/.Xil/Vivado-802208-e16fpga01/realtime/top_block_iobuf_vhdl_0_0_stub.v:5]
INFO: [Synth 8-6157] synthesizing module 'top_block_iobuf_vhdl_1_0' [/home/nagafusa/work/spadi/Fakernet/SAMIDARE/samidare.runs/synth_1/.Xil/Vivado-802208-e16fpga01/realtime/top_block_iobuf_vhdl_1_0_stub.v:5]
INFO: [Synth 8-6155] done synthesizing module 'top_block_iobuf_vhdl_1_0' (0#1) [/home/nagafusa/work/spadi/Fakernet/SAMIDARE/samidare.runs/synth_1/.Xil/Vivado-802208-e16fpga01/realtime/top_block_iobuf_vhdl_1_0_stub.v:5]
INFO: [Synth 8-6155] done synthesizing module 'SAMPA_I2C_wrapper_imp_1BT4CG1' (0#1) [/home/nagafusa/work/spadi/Fakernet/SAMIDARE/samidare.gen/sources_1/bd/top_block/synth/top_block.v:400]
INFO: [Synth 8-6157] synthesizing module 'top_block_SAMPA_PON_v1_0_0_0' [/home/nagafusa/work/spadi/Fakernet/SAMIDARE/samidare.runs/synth_1/.Xil/Vivado-802208-e16fpga01/realtime/top_block_SAMPA_PON_v1_0_0_0_stub.v:5]
INFO: [Synth 8-6155] done synthesizing module 'top_block_SAMPA_PON_v1_0_0_0' (0#1) [/home/nagafusa/work/spadi/Fakernet/SAMIDARE/samidare.runs/synth_1/.Xil/Vivado-802208-e16fpga01/realtime/top_block_SAMPA_PON_v1_0_0_0_stub.v:5]
WARNING: [Synth 8-7071] port 'm00_axi_error' of module 'top_block_SAMPA_PON_v1_0_0_0' is unconnected for instance 'SAMPA_PON_v1_0_0' [/home/nagafusa/work/spadi/Fakernet/SAMIDARE/samidare.gen/sources_1/bd/top_block/synth/top_block.v:1037]
WARNING: [Synth 8-7071] port 'm00_axi_txn_done' of module 'top_block_SAMPA_PON_v1_0_0_0' is unconnected for instance 'SAMPA_PON_v1_0_0' [/home/nagafusa/work/spadi/Fakernet/SAMIDARE/samidare.gen/sources_1/bd/top_block/synth/top_block.v:1037]
WARNING: [Synth 8-7023] instance 'SAMPA_PON_v1_0_0' of module 'top_block_SAMPA_PON_v1_0_0_0' has 25 connections declared, but only 23 given [/home/nagafusa/work/spadi/Fakernet/SAMIDARE/samidare.gen/sources_1/bd/top_block/synth/top_block.v:1037]
INFO: [Synth 8-6157] synthesizing module 'led_module_imp_Q61JD9' [/home/nagafusa/work/spadi/Fakernet/SAMIDARE/samidare.gen/sources_1/bd/top_block/synth/top_block.v:1941]
INFO: [Synth 8-6157] synthesizing module 'top_block_LED_REG_READ_SEPARAT_0_0' [/home/nagafusa/work/spadi/Fakernet/SAMIDARE/samidare.runs/synth_1/.Xil/Vivado-802208-e16fpga01/realtime/top_block_LED_REG_READ_SEPARAT_0_0_stub.v:5]
INFO: [Synth 8-6155] done synthesizing module 'top_block_LED_REG_READ_SEPARAT_0_0' (0#1) [/home/nagafusa/work/spadi/Fakernet/SAMIDARE/samidare.runs/synth_1/.Xil/Vivado-802208-e16fpga01/realtime/top_block_LED_REG_READ_SEPARAT_0_0_stub.v:5]
WARNING: [Synth 8-7071] port 'm00_axi_error' of module 'top_block_LED_REG_READ_SEPARAT_0_0' is unconnected for instance 'LED_REG_READ_SEPARAT_0' [/home/nagafusa/work/spadi/Fakernet/SAMIDARE/samidare.gen/sources_1/bd/top_block/synth/top_block.v:2128]
WARNING: [Synth 8-7023] instance 'LED_REG_READ_SEPARAT_0' of module 'top_block_LED_REG_READ_SEPARAT_0_0' has 25 connections declared, but only 24 given [/home/nagafusa/work/spadi/Fakernet/SAMIDARE/samidare.gen/sources_1/bd/top_block/synth/top_block.v:2128]
INFO: [Synth 8-6157] synthesizing module 'top_block_LED_REG_READ_SEPARAT_1_0' [/home/nagafusa/work/spadi/Fakernet/SAMIDARE/samidare.runs/synth_1/.Xil/Vivado-802208-e16fpga01/realtime/top_block_LED_REG_READ_SEPARAT_1_0_stub.v:5]
INFO: [Synth 8-6155] done synthesizing module 'top_block_LED_REG_READ_SEPARAT_1_0' (0#1) [/home/nagafusa/work/spadi/Fakernet/SAMIDARE/samidare.runs/synth_1/.Xil/Vivado-802208-e16fpga01/realtime/top_block_LED_REG_READ_SEPARAT_1_0_stub.v:5]
WARNING: [Synth 8-7071] port 'm00_axi_error' of module 'top_block_LED_REG_READ_SEPARAT_1_0' is unconnected for instance 'LED_REG_READ_SEPARAT_1' [/home/nagafusa/work/spadi/Fakernet/SAMIDARE/samidare.gen/sources_1/bd/top_block/synth/top_block.v:2153]
WARNING: [Synth 8-7023] instance 'LED_REG_READ_SEPARAT_1' of module 'top_block_LED_REG_READ_SEPARAT_1_0' has 25 connections declared, but only 24 given [/home/nagafusa/work/spadi/Fakernet/SAMIDARE/samidare.gen/sources_1/bd/top_block/synth/top_block.v:2153]
INFO: [Synth 8-6157] synthesizing module 'top_block_u_led_inst_0_0' [/home/nagafusa/work/spadi/Fakernet/SAMIDARE/samidare.runs/synth_1/.Xil/Vivado-802208-e16fpga01/realtime/top_block_u_led_inst_0_0_stub.v:5]
INFO: [Synth 8-6155] done synthesizing module 'top_block_u_led_inst_0_0' (0#1) [/home/nagafusa/work/spadi/Fakernet/SAMIDARE/samidare.runs/synth_1/.Xil/Vivado-802208-e16fpga01/realtime/top_block_u_led_inst_0_0_stub.v:5]
INFO: [Synth 8-6157] synthesizing module 'top_block_util_vector_logic_0_2' [/home/nagafusa/work/spadi/Fakernet/SAMIDARE/samidare.runs/synth_1/.Xil/Vivado-802208-e16fpga01/realtime/top_block_util_vector_logic_0_2_stub.v:5]
INFO: [Synth 8-6155] done synthesizing module 'top_block_util_vector_logic_0_2' (0#1) [/home/nagafusa/work/spadi/Fakernet/SAMIDARE/samidare.runs/synth_1/.Xil/Vivado-802208-e16fpga01/realtime/top_block_util_vector_logic_0_2_stub.v:5]
INFO: [Synth 8-6157] synthesizing module 'top_block_xlconstant_0_2' [/home/nagafusa/work/spadi/Fakernet/SAMIDARE/samidare.gen/sources_1/bd/top_block/ip/top_block_xlconstant_0_2/synth/top_block_xlconstant_0_2.v:53]
INFO: [Synth 8-6155] done synthesizing module 'top_block_xlconstant_0_2' (0#1) [/home/nagafusa/work/spadi/Fakernet/SAMIDARE/samidare.gen/sources_1/bd/top_block/ip/top_block_xlconstant_0_2/synth/top_block_xlconstant_0_2.v:53]
INFO: [Synth 8-6155] done synthesizing module 'led_module_imp_Q61JD9' (0#1) [/home/nagafusa/work/spadi/Fakernet/SAMIDARE/samidare.gen/sources_1/bd/top_block/synth/top_block.v:1941]
INFO: [Synth 8-6155] done synthesizing module 'SC_WRAPPER_imp_OHHA8Q' (0#1) [/home/nagafusa/work/spadi/Fakernet/SAMIDARE/samidare.gen/sources_1/bd/top_block/synth/top_block.v:636]
INFO: [Synth 8-6157] synthesizing module 'appUnit_imp_1BHH9Z2' [/home/nagafusa/work/spadi/Fakernet/SAMIDARE/samidare.gen/sources_1/bd/top_block/synth/top_block.v:1228]
INFO: [Synth 8-6157] synthesizing module 'ENABLE_SYNC_imp_10IRPR3' [/home/nagafusa/work/spadi/Fakernet/SAMIDARE/samidare.gen/sources_1/bd/top_block/synth/top_block.v:151]
INFO: [Synth 8-6157] synthesizing module 'top_block_util_vector_logic_0_3' [/home/nagafusa/work/spadi/Fakernet/SAMIDARE/samidare.runs/synth_1/.Xil/Vivado-802208-e16fpga01/realtime/top_block_util_vector_logic_0_3_stub.v:5]
INFO: [Synth 8-6155] done synthesizing module 'top_block_util_vector_logic_0_3' (0#1) [/home/nagafusa/work/spadi/Fakernet/SAMIDARE/samidare.runs/synth_1/.Xil/Vivado-802208-e16fpga01/realtime/top_block_util_vector_logic_0_3_stub.v:5]
INFO: [Synth 8-6157] synthesizing module 'top_block_util_vector_logic_0_7' [/home/nagafusa/work/spadi/Fakernet/SAMIDARE/samidare.runs/synth_1/.Xil/Vivado-802208-e16fpga01/realtime/top_block_util_vector_logic_0_7_stub.v:5]
INFO: [Synth 8-6155] done synthesizing module 'top_block_util_vector_logic_0_7' (0#1) [/home/nagafusa/work/spadi/Fakernet/SAMIDARE/samidare.runs/synth_1/.Xil/Vivado-802208-e16fpga01/realtime/top_block_util_vector_logic_0_7_stub.v:5]
INFO: [Synth 8-6157] synthesizing module 'top_block_util_vector_logic_0_8' [/home/nagafusa/work/spadi/Fakernet/SAMIDARE/samidare.runs/synth_1/.Xil/Vivado-802208-e16fpga01/realtime/top_block_util_vector_logic_0_8_stub.v:5]
INFO: [Synth 8-6155] done synthesizing module 'top_block_util_vector_logic_0_8' (0#1) [/home/nagafusa/work/spadi/Fakernet/SAMIDARE/samidare.runs/synth_1/.Xil/Vivado-802208-e16fpga01/realtime/top_block_util_vector_logic_0_8_stub.v:5]
INFO: [Synth 8-6157] synthesizing module 'top_block_util_vector_logic_0_9' [/home/nagafusa/work/spadi/Fakernet/SAMIDARE/samidare.runs/synth_1/.Xil/Vivado-802208-e16fpga01/realtime/top_block_util_vector_logic_0_9_stub.v:5]
INFO: [Synth 8-6155] done synthesizing module 'top_block_util_vector_logic_0_9' (0#1) [/home/nagafusa/work/spadi/Fakernet/SAMIDARE/samidare.runs/synth_1/.Xil/Vivado-802208-e16fpga01/realtime/top_block_util_vector_logic_0_9_stub.v:5]
INFO: [Synth 8-6157] synthesizing module 'top_block_xpm_cdc_gen_0_1' [/home/nagafusa/work/spadi/Fakernet/SAMIDARE/samidare.runs/synth_1/.Xil/Vivado-802208-e16fpga01/realtime/top_block_xpm_cdc_gen_0_1_stub.v:5]
INFO: [Synth 8-6155] done synthesizing module 'top_block_xpm_cdc_gen_0_1' (0#1) [/home/nagafusa/work/spadi/Fakernet/SAMIDARE/samidare.runs/synth_1/.Xil/Vivado-802208-e16fpga01/realtime/top_block_xpm_cdc_gen_0_1_stub.v:5]
INFO: [Synth 8-6155] done synthesizing module 'ENABLE_SYNC_imp_10IRPR3' (0#1) [/home/nagafusa/work/spadi/Fakernet/SAMIDARE/samidare.gen/sources_1/bd/top_block/synth/top_block.v:151]
INFO: [Synth 8-6157] synthesizing module 'FIFO_WRAPPER_imp_O1Q08S' [/home/nagafusa/work/spadi/Fakernet/SAMIDARE/samidare.gen/sources_1/bd/top_block/synth/top_block.v:222]
INFO: [Synth 8-6157] synthesizing module 'top_block_fifo_generator_0_1' [/home/nagafusa/work/spadi/Fakernet/SAMIDARE/samidare.runs/synth_1/.Xil/Vivado-802208-e16fpga01/realtime/top_block_fifo_generator_0_1_stub.v:5]
INFO: [Synth 8-6155] done synthesizing module 'top_block_fifo_generator_0_1' (0#1) [/home/nagafusa/work/spadi/Fakernet/SAMIDARE/samidare.runs/synth_1/.Xil/Vivado-802208-e16fpga01/realtime/top_block_fifo_generator_0_1_stub.v:5]
INFO: [Synth 8-6157] synthesizing module 'top_block_fifo_generator_0_2' [/home/nagafusa/work/spadi/Fakernet/SAMIDARE/samidare.runs/synth_1/.Xil/Vivado-802208-e16fpga01/realtime/top_block_fifo_generator_0_2_stub.v:5]
INFO: [Synth 8-6155] done synthesizing module 'top_block_fifo_generator_0_2' (0#1) [/home/nagafusa/work/spadi/Fakernet/SAMIDARE/samidare.runs/synth_1/.Xil/Vivado-802208-e16fpga01/realtime/top_block_fifo_generator_0_2_stub.v:5]
INFO: [Synth 8-6157] synthesizing module 'top_block_fifo_generator_0_3' [/home/nagafusa/work/spadi/Fakernet/SAMIDARE/samidare.runs/synth_1/.Xil/Vivado-802208-e16fpga01/realtime/top_block_fifo_generator_0_3_stub.v:5]
INFO: [Synth 8-6155] done synthesizing module 'top_block_fifo_generator_0_3' (0#1) [/home/nagafusa/work/spadi/Fakernet/SAMIDARE/samidare.runs/synth_1/.Xil/Vivado-802208-e16fpga01/realtime/top_block_fifo_generator_0_3_stub.v:5]
INFO: [Synth 8-6157] synthesizing module 'top_block_fifo_generator_0_4' [/home/nagafusa/work/spadi/Fakernet/SAMIDARE/samidare.runs/synth_1/.Xil/Vivado-802208-e16fpga01/realtime/top_block_fifo_generator_0_4_stub.v:5]
INFO: [Synth 8-6155] done synthesizing module 'top_block_fifo_generator_0_4' (0#1) [/home/nagafusa/work/spadi/Fakernet/SAMIDARE/samidare.runs/synth_1/.Xil/Vivado-802208-e16fpga01/realtime/top_block_fifo_generator_0_4_stub.v:5]
INFO: [Synth 8-6157] synthesizing module 'top_block_xlslice_0_0' [/home/nagafusa/work/spadi/Fakernet/SAMIDARE/samidare.gen/sources_1/bd/top_block/ip/top_block_xlslice_0_0/synth/top_block_xlslice_0_0.v:53]
INFO: [Synth 8-6157] synthesizing module 'xlslice_v1_0_2_xlslice' [/home/nagafusa/work/spadi/Fakernet/SAMIDARE/samidare.gen/sources_1/bd/top_block/ipshared/11d0/hdl/xlslice_v1_0_vl_rfs.v:13]
INFO: [Synth 8-6155] done synthesizing module 'xlslice_v1_0_2_xlslice' (0#1) [/home/nagafusa/work/spadi/Fakernet/SAMIDARE/samidare.gen/sources_1/bd/top_block/ipshared/11d0/hdl/xlslice_v1_0_vl_rfs.v:13]
INFO: [Synth 8-6155] done synthesizing module 'top_block_xlslice_0_0' (0#1) [/home/nagafusa/work/spadi/Fakernet/SAMIDARE/samidare.gen/sources_1/bd/top_block/ip/top_block_xlslice_0_0/synth/top_block_xlslice_0_0.v:53]
INFO: [Synth 8-6157] synthesizing module 'top_block_xlslice_0_1' [/home/nagafusa/work/spadi/Fakernet/SAMIDARE/samidare.gen/sources_1/bd/top_block/ip/top_block_xlslice_0_1/synth/top_block_xlslice_0_1.v:53]
INFO: [Synth 8-6157] synthesizing module 'xlslice_v1_0_2_xlslice__parameterized0' [/home/nagafusa/work/spadi/Fakernet/SAMIDARE/samidare.gen/sources_1/bd/top_block/ipshared/11d0/hdl/xlslice_v1_0_vl_rfs.v:13]
INFO: [Synth 8-6155] done synthesizing module 'xlslice_v1_0_2_xlslice__parameterized0' (0#1) [/home/nagafusa/work/spadi/Fakernet/SAMIDARE/samidare.gen/sources_1/bd/top_block/ipshared/11d0/hdl/xlslice_v1_0_vl_rfs.v:13]
INFO: [Synth 8-6155] done synthesizing module 'top_block_xlslice_0_1' (0#1) [/home/nagafusa/work/spadi/Fakernet/SAMIDARE/samidare.gen/sources_1/bd/top_block/ip/top_block_xlslice_0_1/synth/top_block_xlslice_0_1.v:53]
INFO: [Synth 8-6157] synthesizing module 'top_block_xlslice_0_2' [/home/nagafusa/work/spadi/Fakernet/SAMIDARE/samidare.gen/sources_1/bd/top_block/ip/top_block_xlslice_0_2/synth/top_block_xlslice_0_2.v:53]
INFO: [Synth 8-6157] synthesizing module 'xlslice_v1_0_2_xlslice__parameterized1' [/home/nagafusa/work/spadi/Fakernet/SAMIDARE/samidare.gen/sources_1/bd/top_block/ipshared/11d0/hdl/xlslice_v1_0_vl_rfs.v:13]
INFO: [Synth 8-6155] done synthesizing module 'xlslice_v1_0_2_xlslice__parameterized1' (0#1) [/home/nagafusa/work/spadi/Fakernet/SAMIDARE/samidare.gen/sources_1/bd/top_block/ipshared/11d0/hdl/xlslice_v1_0_vl_rfs.v:13]
INFO: [Synth 8-6155] done synthesizing module 'top_block_xlslice_0_2' (0#1) [/home/nagafusa/work/spadi/Fakernet/SAMIDARE/samidare.gen/sources_1/bd/top_block/ip/top_block_xlslice_0_2/synth/top_block_xlslice_0_2.v:53]
INFO: [Synth 8-6157] synthesizing module 'top_block_xlslice_0_3' [/home/nagafusa/work/spadi/Fakernet/SAMIDARE/samidare.gen/sources_1/bd/top_block/ip/top_block_xlslice_0_3/synth/top_block_xlslice_0_3.v:53]
INFO: [Synth 8-6157] synthesizing module 'xlslice_v1_0_2_xlslice__parameterized2' [/home/nagafusa/work/spadi/Fakernet/SAMIDARE/samidare.gen/sources_1/bd/top_block/ipshared/11d0/hdl/xlslice_v1_0_vl_rfs.v:13]
INFO: [Synth 8-6155] done synthesizing module 'xlslice_v1_0_2_xlslice__parameterized2' (0#1) [/home/nagafusa/work/spadi/Fakernet/SAMIDARE/samidare.gen/sources_1/bd/top_block/ipshared/11d0/hdl/xlslice_v1_0_vl_rfs.v:13]
INFO: [Synth 8-6155] done synthesizing module 'top_block_xlslice_0_3' (0#1) [/home/nagafusa/work/spadi/Fakernet/SAMIDARE/samidare.gen/sources_1/bd/top_block/ip/top_block_xlslice_0_3/synth/top_block_xlslice_0_3.v:53]
INFO: [Synth 8-6155] done synthesizing module 'FIFO_WRAPPER_imp_O1Q08S' (0#1) [/home/nagafusa/work/spadi/Fakernet/SAMIDARE/samidare.gen/sources_1/bd/top_block/synth/top_block.v:222]
INFO: [Synth 8-6157] synthesizing module 'SO_IN_imp_1GOKIME' [/home/nagafusa/work/spadi/Fakernet/SAMIDARE/samidare.gen/sources_1/bd/top_block/synth/top_block.v:1108]
INFO: [Synth 8-6157] synthesizing module 'slice_rev_concat_imp_1L8ZNAK' [/home/nagafusa/work/spadi/Fakernet/SAMIDARE/samidare.gen/sources_1/bd/top_block/synth/top_block.v:3843]
INFO: [Synth 8-6157] synthesizing module 'top_block_util_vector_logic_0_10' [/home/nagafusa/work/spadi/Fakernet/SAMIDARE/samidare.runs/synth_1/.Xil/Vivado-802208-e16fpga01/realtime/top_block_util_vector_logic_0_10_stub.v:5]
INFO: [Synth 8-6155] done synthesizing module 'top_block_util_vector_logic_0_10' (0#1) [/home/nagafusa/work/spadi/Fakernet/SAMIDARE/samidare.runs/synth_1/.Xil/Vivado-802208-e16fpga01/realtime/top_block_util_vector_logic_0_10_stub.v:5]
INFO: [Synth 8-6157] synthesizing module 'top_block_util_vector_logic_0_11' [/home/nagafusa/work/spadi/Fakernet/SAMIDARE/samidare.runs/synth_1/.Xil/Vivado-802208-e16fpga01/realtime/top_block_util_vector_logic_0_11_stub.v:5]
INFO: [Synth 8-6155] done synthesizing module 'top_block_util_vector_logic_0_11' (0#1) [/home/nagafusa/work/spadi/Fakernet/SAMIDARE/samidare.runs/synth_1/.Xil/Vivado-802208-e16fpga01/realtime/top_block_util_vector_logic_0_11_stub.v:5]
INFO: [Synth 8-6157] synthesizing module 'top_block_util_vector_logic_1_4' [/home/nagafusa/work/spadi/Fakernet/SAMIDARE/samidare.runs/synth_1/.Xil/Vivado-802208-e16fpga01/realtime/top_block_util_vector_logic_1_4_stub.v:5]
INFO: [Synth 8-6155] done synthesizing module 'top_block_util_vector_logic_1_4' (0#1) [/home/nagafusa/work/spadi/Fakernet/SAMIDARE/samidare.runs/synth_1/.Xil/Vivado-802208-e16fpga01/realtime/top_block_util_vector_logic_1_4_stub.v:5]
INFO: [Synth 8-6157] synthesizing module 'top_block_util_vector_logic_1_5' [/home/nagafusa/work/spadi/Fakernet/SAMIDARE/samidare.runs/synth_1/.Xil/Vivado-802208-e16fpga01/realtime/top_block_util_vector_logic_1_5_stub.v:5]
INFO: [Synth 8-6155] done synthesizing module 'top_block_util_vector_logic_1_5' (0#1) [/home/nagafusa/work/spadi/Fakernet/SAMIDARE/samidare.runs/synth_1/.Xil/Vivado-802208-e16fpga01/realtime/top_block_util_vector_logic_1_5_stub.v:5]
INFO: [Synth 8-6157] synthesizing module 'top_block_xlconcat_0_3' [/home/nagafusa/work/spadi/Fakernet/SAMIDARE/samidare.gen/sources_1/bd/top_block/ip/top_block_xlconcat_0_3/synth/top_block_xlconcat_0_3.v:53]
INFO: [Synth 8-6157] synthesizing module 'xlconcat_v2_1_4_xlconcat__parameterized0' [/home/nagafusa/work/spadi/Fakernet/SAMIDARE/samidare.gen/sources_1/bd/top_block/ipshared/4b67/hdl/xlconcat_v2_1_vl_rfs.v:14]
INFO: [Synth 8-6155] done synthesizing module 'xlconcat_v2_1_4_xlconcat__parameterized0' (0#1) [/home/nagafusa/work/spadi/Fakernet/SAMIDARE/samidare.gen/sources_1/bd/top_block/ipshared/4b67/hdl/xlconcat_v2_1_vl_rfs.v:14]
INFO: [Synth 8-6155] done synthesizing module 'top_block_xlconcat_0_3' (0#1) [/home/nagafusa/work/spadi/Fakernet/SAMIDARE/samidare.gen/sources_1/bd/top_block/ip/top_block_xlconcat_0_3/synth/top_block_xlconcat_0_3.v:53]
INFO: [Synth 8-6157] synthesizing module 'top_block_xlslice_0_4' [/home/nagafusa/work/spadi/Fakernet/SAMIDARE/samidare.gen/sources_1/bd/top_block/ip/top_block_xlslice_0_4/synth/top_block_xlslice_0_4.v:53]
INFO: [Synth 8-6157] synthesizing module 'xlslice_v1_0_2_xlslice__parameterized3' [/home/nagafusa/work/spadi/Fakernet/SAMIDARE/samidare.gen/sources_1/bd/top_block/ipshared/11d0/hdl/xlslice_v1_0_vl_rfs.v:13]
INFO: [Synth 8-6155] done synthesizing module 'xlslice_v1_0_2_xlslice__parameterized3' (0#1) [/home/nagafusa/work/spadi/Fakernet/SAMIDARE/samidare.gen/sources_1/bd/top_block/ipshared/11d0/hdl/xlslice_v1_0_vl_rfs.v:13]
INFO: [Synth 8-6155] done synthesizing module 'top_block_xlslice_0_4' (0#1) [/home/nagafusa/work/spadi/Fakernet/SAMIDARE/samidare.gen/sources_1/bd/top_block/ip/top_block_xlslice_0_4/synth/top_block_xlslice_0_4.v:53]
INFO: [Synth 8-6157] synthesizing module 'top_block_xlslice_0_5' [/home/nagafusa/work/spadi/Fakernet/SAMIDARE/samidare.gen/sources_1/bd/top_block/ip/top_block_xlslice_0_5/synth/top_block_xlslice_0_5.v:53]
INFO: [Synth 8-6157] synthesizing module 'xlslice_v1_0_2_xlslice__parameterized4' [/home/nagafusa/work/spadi/Fakernet/SAMIDARE/samidare.gen/sources_1/bd/top_block/ipshared/11d0/hdl/xlslice_v1_0_vl_rfs.v:13]
INFO: [Synth 8-6155] done synthesizing module 'xlslice_v1_0_2_xlslice__parameterized4' (0#1) [/home/nagafusa/work/spadi/Fakernet/SAMIDARE/samidare.gen/sources_1/bd/top_block/ipshared/11d0/hdl/xlslice_v1_0_vl_rfs.v:13]
INFO: [Synth 8-6155] done synthesizing module 'top_block_xlslice_0_5' (0#1) [/home/nagafusa/work/spadi/Fakernet/SAMIDARE/samidare.gen/sources_1/bd/top_block/ip/top_block_xlslice_0_5/synth/top_block_xlslice_0_5.v:53]
INFO: [Synth 8-6157] synthesizing module 'top_block_xlslice_1_8' [/home/nagafusa/work/spadi/Fakernet/SAMIDARE/samidare.gen/sources_1/bd/top_block/ip/top_block_xlslice_1_8/synth/top_block_xlslice_1_8.v:53]
INFO: [Synth 8-6157] synthesizing module 'xlslice_v1_0_2_xlslice__parameterized5' [/home/nagafusa/work/spadi/Fakernet/SAMIDARE/samidare.gen/sources_1/bd/top_block/ipshared/11d0/hdl/xlslice_v1_0_vl_rfs.v:13]
INFO: [Synth 8-6155] done synthesizing module 'xlslice_v1_0_2_xlslice__parameterized5' (0#1) [/home/nagafusa/work/spadi/Fakernet/SAMIDARE/samidare.gen/sources_1/bd/top_block/ipshared/11d0/hdl/xlslice_v1_0_vl_rfs.v:13]
INFO: [Synth 8-6155] done synthesizing module 'top_block_xlslice_1_8' (0#1) [/home/nagafusa/work/spadi/Fakernet/SAMIDARE/samidare.gen/sources_1/bd/top_block/ip/top_block_xlslice_1_8/synth/top_block_xlslice_1_8.v:53]
INFO: [Synth 8-6157] synthesizing module 'top_block_xlslice_1_0' [/home/nagafusa/work/spadi/Fakernet/SAMIDARE/samidare.gen/sources_1/bd/top_block/ip/top_block_xlslice_1_0/synth/top_block_xlslice_1_0.v:53]
INFO: [Synth 8-6157] synthesizing module 'xlslice_v1_0_2_xlslice__parameterized6' [/home/nagafusa/work/spadi/Fakernet/SAMIDARE/samidare.gen/sources_1/bd/top_block/ipshared/11d0/hdl/xlslice_v1_0_vl_rfs.v:13]
INFO: [Synth 8-6155] done synthesizing module 'xlslice_v1_0_2_xlslice__parameterized6' (0#1) [/home/nagafusa/work/spadi/Fakernet/SAMIDARE/samidare.gen/sources_1/bd/top_block/ipshared/11d0/hdl/xlslice_v1_0_vl_rfs.v:13]
INFO: [Synth 8-6155] done synthesizing module 'top_block_xlslice_1_0' (0#1) [/home/nagafusa/work/spadi/Fakernet/SAMIDARE/samidare.gen/sources_1/bd/top_block/ip/top_block_xlslice_1_0/synth/top_block_xlslice_1_0.v:53]
INFO: [Synth 8-6157] synthesizing module 'top_block_xlslice_1_1' [/home/nagafusa/work/spadi/Fakernet/SAMIDARE/samidare.gen/sources_1/bd/top_block/ip/top_block_xlslice_1_1/synth/top_block_xlslice_1_1.v:53]
INFO: [Synth 8-6157] synthesizing module 'xlslice_v1_0_2_xlslice__parameterized7' [/home/nagafusa/work/spadi/Fakernet/SAMIDARE/samidare.gen/sources_1/bd/top_block/ipshared/11d0/hdl/xlslice_v1_0_vl_rfs.v:13]
INFO: [Synth 8-6155] done synthesizing module 'xlslice_v1_0_2_xlslice__parameterized7' (0#1) [/home/nagafusa/work/spadi/Fakernet/SAMIDARE/samidare.gen/sources_1/bd/top_block/ipshared/11d0/hdl/xlslice_v1_0_vl_rfs.v:13]
INFO: [Synth 8-6155] done synthesizing module 'top_block_xlslice_1_1' (0#1) [/home/nagafusa/work/spadi/Fakernet/SAMIDARE/samidare.gen/sources_1/bd/top_block/ip/top_block_xlslice_1_1/synth/top_block_xlslice_1_1.v:53]
INFO: [Synth 8-6157] synthesizing module 'top_block_xlslice_1_2' [/home/nagafusa/work/spadi/Fakernet/SAMIDARE/samidare.gen/sources_1/bd/top_block/ip/top_block_xlslice_1_2/synth/top_block_xlslice_1_2.v:53]
INFO: [Synth 8-6157] synthesizing module 'xlslice_v1_0_2_xlslice__parameterized8' [/home/nagafusa/work/spadi/Fakernet/SAMIDARE/samidare.gen/sources_1/bd/top_block/ipshared/11d0/hdl/xlslice_v1_0_vl_rfs.v:13]
INFO: [Synth 8-6155] done synthesizing module 'xlslice_v1_0_2_xlslice__parameterized8' (0#1) [/home/nagafusa/work/spadi/Fakernet/SAMIDARE/samidare.gen/sources_1/bd/top_block/ipshared/11d0/hdl/xlslice_v1_0_vl_rfs.v:13]
INFO: [Synth 8-6155] done synthesizing module 'top_block_xlslice_1_2' (0#1) [/home/nagafusa/work/spadi/Fakernet/SAMIDARE/samidare.gen/sources_1/bd/top_block/ip/top_block_xlslice_1_2/synth/top_block_xlslice_1_2.v:53]
INFO: [Synth 8-6157] synthesizing module 'top_block_xlslice_1_3' [/home/nagafusa/work/spadi/Fakernet/SAMIDARE/samidare.gen/sources_1/bd/top_block/ip/top_block_xlslice_1_3/synth/top_block_xlslice_1_3.v:53]
INFO: [Synth 8-6157] synthesizing module 'xlslice_v1_0_2_xlslice__parameterized9' [/home/nagafusa/work/spadi/Fakernet/SAMIDARE/samidare.gen/sources_1/bd/top_block/ipshared/11d0/hdl/xlslice_v1_0_vl_rfs.v:13]
INFO: [Synth 8-6155] done synthesizing module 'xlslice_v1_0_2_xlslice__parameterized9' (0#1) [/home/nagafusa/work/spadi/Fakernet/SAMIDARE/samidare.gen/sources_1/bd/top_block/ipshared/11d0/hdl/xlslice_v1_0_vl_rfs.v:13]
INFO: [Synth 8-6155] done synthesizing module 'top_block_xlslice_1_3' (0#1) [/home/nagafusa/work/spadi/Fakernet/SAMIDARE/samidare.gen/sources_1/bd/top_block/ip/top_block_xlslice_1_3/synth/top_block_xlslice_1_3.v:53]
INFO: [Synth 8-6157] synthesizing module 'top_block_xlslice_1_4' [/home/nagafusa/work/spadi/Fakernet/SAMIDARE/samidare.gen/sources_1/bd/top_block/ip/top_block_xlslice_1_4/synth/top_block_xlslice_1_4.v:53]
INFO: [Synth 8-6157] synthesizing module 'xlslice_v1_0_2_xlslice__parameterized10' [/home/nagafusa/work/spadi/Fakernet/SAMIDARE/samidare.gen/sources_1/bd/top_block/ipshared/11d0/hdl/xlslice_v1_0_vl_rfs.v:13]
INFO: [Synth 8-6155] done synthesizing module 'xlslice_v1_0_2_xlslice__parameterized10' (0#1) [/home/nagafusa/work/spadi/Fakernet/SAMIDARE/samidare.gen/sources_1/bd/top_block/ipshared/11d0/hdl/xlslice_v1_0_vl_rfs.v:13]
INFO: [Synth 8-6155] done synthesizing module 'top_block_xlslice_1_4' (0#1) [/home/nagafusa/work/spadi/Fakernet/SAMIDARE/samidare.gen/sources_1/bd/top_block/ip/top_block_xlslice_1_4/synth/top_block_xlslice_1_4.v:53]
INFO: [Synth 8-6157] synthesizing module 'top_block_xlslice_1_5' [/home/nagafusa/work/spadi/Fakernet/SAMIDARE/samidare.gen/sources_1/bd/top_block/ip/top_block_xlslice_1_5/synth/top_block_xlslice_1_5.v:53]
INFO: [Synth 8-6157] synthesizing module 'xlslice_v1_0_2_xlslice__parameterized11' [/home/nagafusa/work/spadi/Fakernet/SAMIDARE/samidare.gen/sources_1/bd/top_block/ipshared/11d0/hdl/xlslice_v1_0_vl_rfs.v:13]
INFO: [Synth 8-6155] done synthesizing module 'xlslice_v1_0_2_xlslice__parameterized11' (0#1) [/home/nagafusa/work/spadi/Fakernet/SAMIDARE/samidare.gen/sources_1/bd/top_block/ipshared/11d0/hdl/xlslice_v1_0_vl_rfs.v:13]
INFO: [Synth 8-6155] done synthesizing module 'top_block_xlslice_1_5' (0#1) [/home/nagafusa/work/spadi/Fakernet/SAMIDARE/samidare.gen/sources_1/bd/top_block/ip/top_block_xlslice_1_5/synth/top_block_xlslice_1_5.v:53]
INFO: [Synth 8-6157] synthesizing module 'top_block_xlslice_1_6' [/home/nagafusa/work/spadi/Fakernet/SAMIDARE/samidare.gen/sources_1/bd/top_block/ip/top_block_xlslice_1_6/synth/top_block_xlslice_1_6.v:53]
INFO: [Synth 8-6157] synthesizing module 'xlslice_v1_0_2_xlslice__parameterized12' [/home/nagafusa/work/spadi/Fakernet/SAMIDARE/samidare.gen/sources_1/bd/top_block/ipshared/11d0/hdl/xlslice_v1_0_vl_rfs.v:13]
INFO: [Synth 8-6155] done synthesizing module 'xlslice_v1_0_2_xlslice__parameterized12' (0#1) [/home/nagafusa/work/spadi/Fakernet/SAMIDARE/samidare.gen/sources_1/bd/top_block/ipshared/11d0/hdl/xlslice_v1_0_vl_rfs.v:13]
INFO: [Synth 8-6155] done synthesizing module 'top_block_xlslice_1_6' (0#1) [/home/nagafusa/work/spadi/Fakernet/SAMIDARE/samidare.gen/sources_1/bd/top_block/ip/top_block_xlslice_1_6/synth/top_block_xlslice_1_6.v:53]
INFO: [Synth 8-6157] synthesizing module 'top_block_xlslice_1_7' [/home/nagafusa/work/spadi/Fakernet/SAMIDARE/samidare.gen/sources_1/bd/top_block/ip/top_block_xlslice_1_7/synth/top_block_xlslice_1_7.v:53]
INFO: [Synth 8-6157] synthesizing module 'xlslice_v1_0_2_xlslice__parameterized13' [/home/nagafusa/work/spadi/Fakernet/SAMIDARE/samidare.gen/sources_1/bd/top_block/ipshared/11d0/hdl/xlslice_v1_0_vl_rfs.v:13]
INFO: [Synth 8-6155] done synthesizing module 'xlslice_v1_0_2_xlslice__parameterized13' (0#1) [/home/nagafusa/work/spadi/Fakernet/SAMIDARE/samidare.gen/sources_1/bd/top_block/ipshared/11d0/hdl/xlslice_v1_0_vl_rfs.v:13]
INFO: [Synth 8-6155] done synthesizing module 'top_block_xlslice_1_7' (0#1) [/home/nagafusa/work/spadi/Fakernet/SAMIDARE/samidare.gen/sources_1/bd/top_block/ip/top_block_xlslice_1_7/synth/top_block_xlslice_1_7.v:53]
INFO: [Synth 8-6155] done synthesizing module 'slice_rev_concat_imp_1L8ZNAK' (0#1) [/home/nagafusa/work/spadi/Fakernet/SAMIDARE/samidare.gen/sources_1/bd/top_block/synth/top_block.v:3843]
INFO: [Synth 8-6157] synthesizing module 'slice_rev_concat1_imp_1JS01NC' [/home/nagafusa/work/spadi/Fakernet/SAMIDARE/samidare.gen/sources_1/bd/top_block/synth/top_block.v:3573]
INFO: [Synth 8-6157] synthesizing module 'top_block_util_vector_logic_0_13' [/home/nagafusa/work/spadi/Fakernet/SAMIDARE/samidare.runs/synth_1/.Xil/Vivado-802208-e16fpga01/realtime/top_block_util_vector_logic_0_13_stub.v:5]
INFO: [Synth 8-6155] done synthesizing module 'top_block_util_vector_logic_0_13' (0#1) [/home/nagafusa/work/spadi/Fakernet/SAMIDARE/samidare.runs/synth_1/.Xil/Vivado-802208-e16fpga01/realtime/top_block_util_vector_logic_0_13_stub.v:5]
INFO: [Synth 8-6157] synthesizing module 'top_block_util_vector_logic_0_14' [/home/nagafusa/work/spadi/Fakernet/SAMIDARE/samidare.runs/synth_1/.Xil/Vivado-802208-e16fpga01/realtime/top_block_util_vector_logic_0_14_stub.v:5]
INFO: [Synth 8-6155] done synthesizing module 'top_block_util_vector_logic_0_14' (0#1) [/home/nagafusa/work/spadi/Fakernet/SAMIDARE/samidare.runs/synth_1/.Xil/Vivado-802208-e16fpga01/realtime/top_block_util_vector_logic_0_14_stub.v:5]
INFO: [Synth 8-6157] synthesizing module 'top_block_util_vector_logic_0_15' [/home/nagafusa/work/spadi/Fakernet/SAMIDARE/samidare.runs/synth_1/.Xil/Vivado-802208-e16fpga01/realtime/top_block_util_vector_logic_0_15_stub.v:5]
INFO: [Synth 8-6155] done synthesizing module 'top_block_util_vector_logic_0_15' (0#1) [/home/nagafusa/work/spadi/Fakernet/SAMIDARE/samidare.runs/synth_1/.Xil/Vivado-802208-e16fpga01/realtime/top_block_util_vector_logic_0_15_stub.v:5]
INFO: [Synth 8-6157] synthesizing module 'top_block_util_vector_logic_3_4' [/home/nagafusa/work/spadi/Fakernet/SAMIDARE/samidare.runs/synth_1/.Xil/Vivado-802208-e16fpga01/realtime/top_block_util_vector_logic_3_4_stub.v:5]
INFO: [Synth 8-6155] done synthesizing module 'top_block_util_vector_logic_3_4' (0#1) [/home/nagafusa/work/spadi/Fakernet/SAMIDARE/samidare.runs/synth_1/.Xil/Vivado-802208-e16fpga01/realtime/top_block_util_vector_logic_3_4_stub.v:5]
INFO: [Synth 8-6157] synthesizing module 'top_block_xlconcat_0_5' [/home/nagafusa/work/spadi/Fakernet/SAMIDARE/samidare.gen/sources_1/bd/top_block/ip/top_block_xlconcat_0_5/synth/top_block_xlconcat_0_5.v:53]
INFO: [Synth 8-6155] done synthesizing module 'top_block_xlconcat_0_5' (0#1) [/home/nagafusa/work/spadi/Fakernet/SAMIDARE/samidare.gen/sources_1/bd/top_block/ip/top_block_xlconcat_0_5/synth/top_block_xlconcat_0_5.v:53]
INFO: [Synth 8-6157] synthesizing module 'top_block_xlslice_0_7' [/home/nagafusa/work/spadi/Fakernet/SAMIDARE/samidare.gen/sources_1/bd/top_block/ip/top_block_xlslice_0_7/synth/top_block_xlslice_0_7.v:53]
INFO: [Synth 8-6155] done synthesizing module 'top_block_xlslice_0_7' (0#1) [/home/nagafusa/work/spadi/Fakernet/SAMIDARE/samidare.gen/sources_1/bd/top_block/ip/top_block_xlslice_0_7/synth/top_block_xlslice_0_7.v:53]
INFO: [Synth 8-6157] synthesizing module 'top_block_xlslice_1_10' [/home/nagafusa/work/spadi/Fakernet/SAMIDARE/samidare.gen/sources_1/bd/top_block/ip/top_block_xlslice_1_10/synth/top_block_xlslice_1_10.v:53]
INFO: [Synth 8-6155] done synthesizing module 'top_block_xlslice_1_10' (0#1) [/home/nagafusa/work/spadi/Fakernet/SAMIDARE/samidare.gen/sources_1/bd/top_block/ip/top_block_xlslice_1_10/synth/top_block_xlslice_1_10.v:53]
INFO: [Synth 8-6157] synthesizing module 'top_block_xlslice_10_1' [/home/nagafusa/work/spadi/Fakernet/SAMIDARE/samidare.gen/sources_1/bd/top_block/ip/top_block_xlslice_10_1/synth/top_block_xlslice_10_1.v:53]
INFO: [Synth 8-6155] done synthesizing module 'top_block_xlslice_10_1' (0#1) [/home/nagafusa/work/spadi/Fakernet/SAMIDARE/samidare.gen/sources_1/bd/top_block/ip/top_block_xlslice_10_1/synth/top_block_xlslice_10_1.v:53]
INFO: [Synth 8-6157] synthesizing module 'top_block_xlslice_2_1' [/home/nagafusa/work/spadi/Fakernet/SAMIDARE/samidare.gen/sources_1/bd/top_block/ip/top_block_xlslice_2_1/synth/top_block_xlslice_2_1.v:53]
INFO: [Common 17-14] Message 'Synth 8-6157' appears 100 times and further instances of the messages will be disabled. Use the Tcl command set_msg_config to change the current settings.
INFO: [Synth 8-6155] done synthesizing module 'top_block_xlslice_2_1' (0#1) [/home/nagafusa/work/spadi/Fakernet/SAMIDARE/samidare.gen/sources_1/bd/top_block/ip/top_block_xlslice_2_1/synth/top_block_xlslice_2_1.v:53]
INFO: [Synth 8-6155] done synthesizing module 'top_block_xlslice_3_1' (0#1) [/home/nagafusa/work/spadi/Fakernet/SAMIDARE/samidare.gen/sources_1/bd/top_block/ip/top_block_xlslice_3_1/synth/top_block_xlslice_3_1.v:53]
INFO: [Synth 8-6155] done synthesizing module 'top_block_xlslice_4_1' (0#1) [/home/nagafusa/work/spadi/Fakernet/SAMIDARE/samidare.gen/sources_1/bd/top_block/ip/top_block_xlslice_4_1/synth/top_block_xlslice_4_1.v:53]
INFO: [Synth 8-6155] done synthesizing module 'top_block_xlslice_5_1' (0#1) [/home/nagafusa/work/spadi/Fakernet/SAMIDARE/samidare.gen/sources_1/bd/top_block/ip/top_block_xlslice_5_1/synth/top_block_xlslice_5_1.v:53]
INFO: [Synth 8-6155] done synthesizing module 'top_block_xlslice_6_1' (0#1) [/home/nagafusa/work/spadi/Fakernet/SAMIDARE/samidare.gen/sources_1/bd/top_block/ip/top_block_xlslice_6_1/synth/top_block_xlslice_6_1.v:53]
INFO: [Synth 8-6155] done synthesizing module 'top_block_xlslice_7_1' (0#1) [/home/nagafusa/work/spadi/Fakernet/SAMIDARE/samidare.gen/sources_1/bd/top_block/ip/top_block_xlslice_7_1/synth/top_block_xlslice_7_1.v:53]
INFO: [Common 17-14] Message 'Synth 8-6155' appears 100 times and further instances of the messages will be disabled. Use the Tcl command set_msg_config to change the current settings.
WARNING: [Synth 8-7071] port 'rd_en' of module 'top_block_event_builder_v0_0_0' is unconnected for instance 'event_builder_v0_0' [/home/nagafusa/work/spadi/Fakernet/SAMIDARE/samidare.gen/sources_1/bd/top_block/synth/top_block.v:1449]
WARNING: [Synth 8-7071] port 'last_ack' of module 'top_block_event_builder_v0_0_0' is unconnected for instance 'event_builder_v0_0' [/home/nagafusa/work/spadi/Fakernet/SAMIDARE/samidare.gen/sources_1/bd/top_block/synth/top_block.v:1449]
WARNING: [Synth 8-7023] instance 'event_builder_v0_0' of module 'top_block_event_builder_v0_0_0' has 18 connections declared, but only 16 given [/home/nagafusa/work/spadi/Fakernet/SAMIDARE/samidare.gen/sources_1/bd/top_block/synth/top_block.v:1449]
WARNING: [Synth 8-4446] all outputs are unconnected for this instance and logic may be removed [/home/nagafusa/work/spadi/Fakernet/SAMIDARE/samidare.gen/sources_1/bd/top_block/synth/top_block.v:1717]
WARNING: [Synth 8-7071] port 'event_word' of module 'top_block_data_gen_user_0_0' is unconnected for instance 'data_gen_user_0' [/home/nagafusa/work/spadi/Fakernet/SAMIDARE/samidare.gen/sources_1/bd/top_block/synth/top_block.v:1717]
WARNING: [Synth 8-7071] port 'event_offset' of module 'top_block_data_gen_user_0_0' is unconnected for instance 'data_gen_user_0' [/home/nagafusa/work/spadi/Fakernet/SAMIDARE/samidare.gen/sources_1/bd/top_block/synth/top_block.v:1717]
WARNING: [Synth 8-7071] port 'event_write' of module 'top_block_data_gen_user_0_0' is unconnected for instance 'data_gen_user_0' [/home/nagafusa/work/spadi/Fakernet/SAMIDARE/samidare.gen/sources_1/bd/top_block/synth/top_block.v:1717]
WARNING: [Synth 8-7071] port 'event_commit_len' of module 'top_block_data_gen_user_0_0' is unconnected for instance 'data_gen_user_0' [/home/nagafusa/work/spadi/Fakernet/SAMIDARE/samidare.gen/sources_1/bd/top_block/synth/top_block.v:1717]
WARNING: [Synth 8-7071] port 'event_commit' of module 'top_block_data_gen_user_0_0' is unconnected for instance 'data_gen_user_0' [/home/nagafusa/work/spadi/Fakernet/SAMIDARE/samidare.gen/sources_1/bd/top_block/synth/top_block.v:1717]
WARNING: [Synth 8-7023] instance 'data_gen_user_0' of module 'top_block_data_gen_user_0_0' has 8 connections declared, but only 3 given [/home/nagafusa/work/spadi/Fakernet/SAMIDARE/samidare.gen/sources_1/bd/top_block/synth/top_block.v:1717]
WARNING: [Synth 8-7071] port 'statedebug' of module 'top_block_fakernet_top_0_0' is unconnected for instance 'fakernet_top_0' [/home/nagafusa/work/spadi/Fakernet/SAMIDARE/samidare.gen/sources_1/bd/top_block/synth/top_block.v:1721]
WARNING: [Synth 8-7071] port 'mdio_i_debug' of module 'top_block_fakernet_top_0_0' is unconnected for instance 'fakernet_top_0' [/home/nagafusa/work/spadi/Fakernet/SAMIDARE/samidare.gen/sources_1/bd/top_block/synth/top_block.v:1721]
WARNING: [Synth 8-7071] port 'mdio_o_debug' of module 'top_block_fakernet_top_0_0' is unconnected for instance 'fakernet_top_0' [/home/nagafusa/work/spadi/Fakernet/SAMIDARE/samidare.gen/sources_1/bd/top_block/synth/top_block.v:1721]
WARNING: [Synth 8-7071] port 'eth_rstn' of module 'top_block_fakernet_top_0_0' is unconnected for instance 'fakernet_top_0' [/home/nagafusa/work/spadi/Fakernet/SAMIDARE/samidare.gen/sources_1/bd/top_block/synth/top_block.v:1721]
WARNING: [Synth 8-7071] port 'eth_ref_clk' of module 'top_block_fakernet_top_0_0' is unconnected for instance 'fakernet_top_0' [/home/nagafusa/work/spadi/Fakernet/SAMIDARE/samidare.gen/sources_1/bd/top_block/synth/top_block.v:1721]
WARNING: [Synth 8-7071] port 'spi_csn' of module 'top_block_fakernet_top_0_0' is unconnected for instance 'fakernet_top_0' [/home/nagafusa/work/spadi/Fakernet/SAMIDARE/samidare.gen/sources_1/bd/top_block/synth/top_block.v:1721]
WARNING: [Synth 8-7071] port 'spi_sdo' of module 'top_block_fakernet_top_0_0' is unconnected for instance 'fakernet_top_0' [/home/nagafusa/work/spadi/Fakernet/SAMIDARE/samidare.gen/sources_1/bd/top_block/synth/top_block.v:1721]
WARNING: [Synth 8-7071] port 'led' of module 'top_block_fakernet_top_0_0' is unconnected for instance 'fakernet_top_0' [/home/nagafusa/work/spadi/Fakernet/SAMIDARE/samidare.gen/sources_1/bd/top_block/synth/top_block.v:1721]
WARNING: [Synth 8-7071] port 'led_r' of module 'top_block_fakernet_top_0_0' is unconnected for instance 'fakernet_top_0' [/home/nagafusa/work/spadi/Fakernet/SAMIDARE/samidare.gen/sources_1/bd/top_block/synth/top_block.v:1721]
WARNING: [Synth 8-7071] port 'led_g' of module 'top_block_fakernet_top_0_0' is unconnected for instance 'fakernet_top_0' [/home/nagafusa/work/spadi/Fakernet/SAMIDARE/samidare.gen/sources_1/bd/top_block/synth/top_block.v:1721]
WARNING: [Synth 8-7071] port 'led_b' of module 'top_block_fakernet_top_0_0' is unconnected for instance 'fakernet_top_0' [/home/nagafusa/work/spadi/Fakernet/SAMIDARE/samidare.gen/sources_1/bd/top_block/synth/top_block.v:1721]
WARNING: [Synth 8-7071] port 'ja1' of module 'top_block_fakernet_top_0_0' is unconnected for instance 'fakernet_top_0' [/home/nagafusa/work/spadi/Fakernet/SAMIDARE/samidare.gen/sources_1/bd/top_block/synth/top_block.v:1721]
WARNING: [Synth 8-7071] port 'jd1' of module 'top_block_fakernet_top_0_0' is unconnected for instance 'fakernet_top_0' [/home/nagafusa/work/spadi/Fakernet/SAMIDARE/samidare.gen/sources_1/bd/top_block/synth/top_block.v:1721]
WARNING: [Synth 8-7071] port 'jd3' of module 'top_block_fakernet_top_0_0' is unconnected for instance 'fakernet_top_0' [/home/nagafusa/work/spadi/Fakernet/SAMIDARE/samidare.gen/sources_1/bd/top_block/synth/top_block.v:1721]
WARNING: [Synth 8-7071] port 'uart_tx' of module 'top_block_fakernet_top_0_0' is unconnected for instance 'fakernet_top_0' [/home/nagafusa/work/spadi/Fakernet/SAMIDARE/samidare.gen/sources_1/bd/top_block/synth/top_block.v:1721]
WARNING: [Synth 8-7023] instance 'fakernet_top_0' of module 'top_block_fakernet_top_0_0' has 52 connections declared, but only 37 given [/home/nagafusa/work/spadi/Fakernet/SAMIDARE/samidare.gen/sources_1/bd/top_block/synth/top_block.v:1721]
WARNING: [Synth 8-7071] port 'rxuserclk2' of module 'top_block_gig_ethernet_pcs_pma_0_0' is unconnected for instance 'gig_ethernet_pcs_pma_0' [/home/nagafusa/work/spadi/Fakernet/SAMIDARE/samidare.gen/sources_1/bd/top_block/synth/top_block.v:1759]
WARNING: [Synth 8-7071] port 'gmii_rx_er' of module 'top_block_gig_ethernet_pcs_pma_0_0' is unconnected for instance 'gig_ethernet_pcs_pma_0' [/home/nagafusa/work/spadi/Fakernet/SAMIDARE/samidare.gen/sources_1/bd/top_block/synth/top_block.v:1759]
WARNING: [Synth 8-7071] port 'mdio_t' of module 'top_block_gig_ethernet_pcs_pma_0_0' is unconnected for instance 'gig_ethernet_pcs_pma_0' [/home/nagafusa/work/spadi/Fakernet/SAMIDARE/samidare.gen/sources_1/bd/top_block/synth/top_block.v:1759]
WARNING: [Synth 8-7071] port 'status_vector' of module 'top_block_gig_ethernet_pcs_pma_0_0' is unconnected for instance 'gig_ethernet_pcs_pma_0' [/home/nagafusa/work/spadi/Fakernet/SAMIDARE/samidare.gen/sources_1/bd/top_block/synth/top_block.v:1759]
WARNING: [Synth 8-7071] port 'mmcm_locked_out' of module 'top_block_gig_ethernet_pcs_pma_0_0' is unconnected for instance 'gig_ethernet_pcs_pma_0' [/home/nagafusa/work/spadi/Fakernet/SAMIDARE/samidare.gen/sources_1/bd/top_block/synth/top_block.v:1759]
WARNING: [Synth 8-7023] instance 'gig_ethernet_pcs_pma_0' of module 'top_block_gig_ethernet_pcs_pma_0_0' has 29 connections declared, but only 24 given [/home/nagafusa/work/spadi/Fakernet/SAMIDARE/samidare.gen/sources_1/bd/top_block/synth/top_block.v:1759]
WARNING: [Synth 8-7071] port 'm00_axi_error' of module 'top_block_native_to_axi_lite_v_0_0' is unconnected for instance 'native_to_axi_lite_v_0' [/home/nagafusa/work/spadi/Fakernet/SAMIDARE/samidare.gen/sources_1/bd/top_block/synth/top_block.v:1801]
WARNING: [Synth 8-7071] port 'm00_axi_txn_done' of module 'top_block_native_to_axi_lite_v_0_0' is unconnected for instance 'native_to_axi_lite_v_0' [/home/nagafusa/work/spadi/Fakernet/SAMIDARE/samidare.gen/sources_1/bd/top_block/synth/top_block.v:1801]
WARNING: [Synth 8-7023] instance 'native_to_axi_lite_v_0' of module 'top_block_native_to_axi_lite_v_0_0' has 30 connections declared, but only 28 given [/home/nagafusa/work/spadi/Fakernet/SAMIDARE/samidare.gen/sources_1/bd/top_block/synth/top_block.v:1801]
WARNING: [Synth 8-7071] port 'rsta_busy' of module 'top_block_blk_mem_gen_0_0' is unconnected for instance 'blk_mem_gen_0' [/home/nagafusa/work/spadi/Fakernet/SAMIDARE/samidare.gen/sources_1/bd/top_block/synth/top_block.v:2936]
WARNING: [Synth 8-7071] port 'rstb_busy' of module 'top_block_blk_mem_gen_0_0' is unconnected for instance 'blk_mem_gen_0' [/home/nagafusa/work/spadi/Fakernet/SAMIDARE/samidare.gen/sources_1/bd/top_block/synth/top_block.v:2936]
WARNING: [Synth 8-7023] instance 'blk_mem_gen_0' of module 'top_block_blk_mem_gen_0_0' has 16 connections declared, but only 14 given [/home/nagafusa/work/spadi/Fakernet/SAMIDARE/samidare.gen/sources_1/bd/top_block/synth/top_block.v:2936]
WARNING: [Synth 8-7071] port 'mb_reset' of module 'top_block_rst_clk_wiz_0_125M_0' is unconnected for instance 'rst_clk_wiz_0_125M' [/home/nagafusa/work/spadi/Fakernet/SAMIDARE/samidare.gen/sources_1/bd/top_block/synth/top_block.v:2973]
WARNING: [Synth 8-7071] port 'bus_struct_reset' of module 'top_block_rst_clk_wiz_0_125M_0' is unconnected for instance 'rst_clk_wiz_0_125M' [/home/nagafusa/work/spadi/Fakernet/SAMIDARE/samidare.gen/sources_1/bd/top_block/synth/top_block.v:2973]
WARNING: [Synth 8-7071] port 'peripheral_reset' of module 'top_block_rst_clk_wiz_0_125M_0' is unconnected for instance 'rst_clk_wiz_0_125M' [/home/nagafusa/work/spadi/Fakernet/SAMIDARE/samidare.gen/sources_1/bd/top_block/synth/top_block.v:2973]
WARNING: [Synth 8-7071] port 'interconnect_aresetn' of module 'top_block_rst_clk_wiz_0_125M_0' is unconnected for instance 'rst_clk_wiz_0_125M' [/home/nagafusa/work/spadi/Fakernet/SAMIDARE/samidare.gen/sources_1/bd/top_block/synth/top_block.v:2973]
WARNING: [Synth 8-7023] instance 'rst_clk_wiz_0_125M' of module 'top_block_rst_clk_wiz_0_125M_0' has 10 connections declared, but only 6 given [/home/nagafusa/work/spadi/Fakernet/SAMIDARE/samidare.gen/sources_1/bd/top_block/synth/top_block.v:2973]
INFO: [Synth 8-6071] Mark debug on the nets applies keep_hierarchy on instance 'vio_0'. This will prevent further optimization [/home/nagafusa/work/spadi/Fakernet/SAMIDARE/samidare.gen/sources_1/bd/top_block/synth/top_block.v:2980]
WARNING: [Synth 8-7129] Port M_ACLK in module s03_couplers_imp_1J6ZSVB is either unconnected or has no load
WARNING: [Synth 8-7129] Port M_ARESETN in module s03_couplers_imp_1J6ZSVB is either unconnected or has no load
WARNING: [Synth 8-7129] Port S_ACLK in module s03_couplers_imp_1J6ZSVB is either unconnected or has no load
WARNING: [Synth 8-7129] Port S_ARESETN in module s03_couplers_imp_1J6ZSVB is either unconnected or has no load
WARNING: [Synth 8-7129] Port M_ACLK in module s02_couplers_imp_4QE5RZ is either unconnected or has no load
WARNING: [Synth 8-7129] Port M_ARESETN in module s02_couplers_imp_4QE5RZ is either unconnected or has no load
WARNING: [Synth 8-7129] Port S_ACLK in module s02_couplers_imp_4QE5RZ is either unconnected or has no load
WARNING: [Synth 8-7129] Port S_ARESETN in module s02_couplers_imp_4QE5RZ is either unconnected or has no load
WARNING: [Synth 8-7129] Port M_ACLK in module s01_couplers_imp_1DHFZTI is either unconnected or has no load
WARNING: [Synth 8-7129] Port M_ARESETN in module s01_couplers_imp_1DHFZTI is either unconnected or has no load
WARNING: [Synth 8-7129] Port S_ACLK in module s01_couplers_imp_1DHFZTI is either unconnected or has no load
WARNING: [Synth 8-7129] Port S_ARESETN in module s01_couplers_imp_1DHFZTI is either unconnected or has no load
WARNING: [Synth 8-7129] Port M_ACLK in module s00_couplers_imp_S85MBY is either unconnected or has no load
WARNING: [Synth 8-7129] Port M_ARESETN in module s00_couplers_imp_S85MBY is either unconnected or has no load
WARNING: [Synth 8-7129] Port S_ACLK in module s00_couplers_imp_S85MBY is either unconnected or has no load
WARNING: [Synth 8-7129] Port S_ARESETN in module s00_couplers_imp_S85MBY is either unconnected or has no load
WARNING: [Synth 8-7129] Port M_ACLK in module m00_couplers_imp_1YCU7MA is either unconnected or has no load
WARNING: [Synth 8-7129] Port M_ARESETN in module m00_couplers_imp_1YCU7MA is either unconnected or has no load
WARNING: [Synth 8-7129] Port S_ACLK in module m00_couplers_imp_1YCU7MA is either unconnected or has no load
WARNING: [Synth 8-7129] Port S_ARESETN in module m00_couplers_imp_1YCU7MA is either unconnected or has no load
WARNING: [Synth 8-7129] Port M00_ACLK in module top_block_axi_mem_intercon_3 is either unconnected or has no load
WARNING: [Synth 8-7129] Port M00_ARESETN in module top_block_axi_mem_intercon_3 is either unconnected or has no load
WARNING: [Synth 8-7129] Port S00_ACLK in module top_block_axi_mem_intercon_3 is either unconnected or has no load
WARNING: [Synth 8-7129] Port S00_ARESETN in module top_block_axi_mem_intercon_3 is either unconnected or has no load
WARNING: [Synth 8-7129] Port S01_ACLK in module top_block_axi_mem_intercon_3 is either unconnected or has no load
WARNING: [Synth 8-7129] Port S01_ARESETN in module top_block_axi_mem_intercon_3 is either unconnected or has no load
WARNING: [Synth 8-7129] Port S02_ACLK in module top_block_axi_mem_intercon_3 is either unconnected or has no load
WARNING: [Synth 8-7129] Port S02_ARESETN in module top_block_axi_mem_intercon_3 is either unconnected or has no load
WARNING: [Synth 8-7129] Port S03_ACLK in module top_block_axi_mem_intercon_3 is either unconnected or has no load
WARNING: [Synth 8-7129] Port S03_ARESETN in module top_block_axi_mem_intercon_3 is either unconnected or has no load
WARNING: [Synth 8-7129] Port S_AXI_araddr[31] in module reg_bram_imp_WBS55O is either unconnected or has no load
WARNING: [Synth 8-7129] Port S_AXI_araddr[30] in module reg_bram_imp_WBS55O is either unconnected or has no load
WARNING: [Synth 8-7129] Port S_AXI_araddr[29] in module reg_bram_imp_WBS55O is either unconnected or has no load
WARNING: [Synth 8-7129] Port S_AXI_araddr[28] in module reg_bram_imp_WBS55O is either unconnected or has no load
WARNING: [Synth 8-7129] Port S_AXI_araddr[27] in module reg_bram_imp_WBS55O is either unconnected or has no load
WARNING: [Synth 8-7129] Port S_AXI_araddr[26] in module reg_bram_imp_WBS55O is either unconnected or has no load
WARNING: [Synth 8-7129] Port S_AXI_araddr[25] in module reg_bram_imp_WBS55O is either unconnected or has no load
WARNING: [Synth 8-7129] Port S_AXI_araddr[24] in module reg_bram_imp_WBS55O is either unconnected or has no load
WARNING: [Synth 8-7129] Port S_AXI_araddr[23] in module reg_bram_imp_WBS55O is either unconnected or has no load
WARNING: [Synth 8-7129] Port S_AXI_araddr[22] in module reg_bram_imp_WBS55O is either unconnected or has no load
WARNING: [Synth 8-7129] Port S_AXI_araddr[21] in module reg_bram_imp_WBS55O is either unconnected or has no load
WARNING: [Synth 8-7129] Port S_AXI_araddr[20] in module reg_bram_imp_WBS55O is either unconnected or has no load
WARNING: [Synth 8-7129] Port S_AXI_araddr[19] in module reg_bram_imp_WBS55O is either unconnected or has no load
WARNING: [Synth 8-7129] Port S_AXI_araddr[18] in module reg_bram_imp_WBS55O is either unconnected or has no load
WARNING: [Synth 8-7129] Port S_AXI_araddr[17] in module reg_bram_imp_WBS55O is either unconnected or has no load
WARNING: [Synth 8-7129] Port S_AXI_araddr[16] in module reg_bram_imp_WBS55O is either unconnected or has no load
WARNING: [Synth 8-7129] Port S_AXI_awaddr[31] in module reg_bram_imp_WBS55O is either unconnected or has no load
WARNING: [Synth 8-7129] Port S_AXI_awaddr[30] in module reg_bram_imp_WBS55O is either unconnected or has no load
WARNING: [Synth 8-7129] Port S_AXI_awaddr[29] in module reg_bram_imp_WBS55O is either unconnected or has no load
WARNING: [Synth 8-7129] Port S_AXI_awaddr[28] in module reg_bram_imp_WBS55O is either unconnected or has no load
WARNING: [Synth 8-7129] Port S_AXI_awaddr[27] in module reg_bram_imp_WBS55O is either unconnected or has no load
WARNING: [Synth 8-7129] Port S_AXI_awaddr[26] in module reg_bram_imp_WBS55O is either unconnected or has no load
WARNING: [Synth 8-7129] Port S_AXI_awaddr[25] in module reg_bram_imp_WBS55O is either unconnected or has no load
WARNING: [Synth 8-7129] Port S_AXI_awaddr[24] in module reg_bram_imp_WBS55O is either unconnected or has no load
WARNING: [Synth 8-7129] Port S_AXI_awaddr[23] in module reg_bram_imp_WBS55O is either unconnected or has no load
WARNING: [Synth 8-7129] Port S_AXI_awaddr[22] in module reg_bram_imp_WBS55O is either unconnected or has no load
WARNING: [Synth 8-7129] Port S_AXI_awaddr[21] in module reg_bram_imp_WBS55O is either unconnected or has no load
WARNING: [Synth 8-7129] Port S_AXI_awaddr[20] in module reg_bram_imp_WBS55O is either unconnected or has no load
WARNING: [Synth 8-7129] Port S_AXI_awaddr[19] in module reg_bram_imp_WBS55O is either unconnected or has no load
WARNING: [Synth 8-7129] Port S_AXI_awaddr[18] in module reg_bram_imp_WBS55O is either unconnected or has no load
WARNING: [Synth 8-7129] Port S_AXI_awaddr[17] in module reg_bram_imp_WBS55O is either unconnected or has no load
WARNING: [Synth 8-7129] Port S_AXI_awaddr[16] in module reg_bram_imp_WBS55O is either unconnected or has no load
WARNING: [Synth 8-7129] Port In4[0] in module xlconcat_v2_1_4_xlconcat is either unconnected or has no load
WARNING: [Synth 8-7129] Port In5[0] in module xlconcat_v2_1_4_xlconcat is either unconnected or has no load
WARNING: [Synth 8-7129] Port In6[0] in module xlconcat_v2_1_4_xlconcat is either unconnected or has no load
WARNING: [Synth 8-7129] Port In7[0] in module xlconcat_v2_1_4_xlconcat is either unconnected or has no load
WARNING: [Synth 8-7129] Port In8[0] in module xlconcat_v2_1_4_xlconcat is either unconnected or has no load
WARNING: [Synth 8-7129] Port In9[0] in module xlconcat_v2_1_4_xlconcat is either unconnected or has no load
WARNING: [Synth 8-7129] Port In10[0] in module xlconcat_v2_1_4_xlconcat is either unconnected or has no load
WARNING: [Synth 8-7129] Port In11[0] in module xlconcat_v2_1_4_xlconcat is either unconnected or has no load
WARNING: [Synth 8-7129] Port In12[0] in module xlconcat_v2_1_4_xlconcat is either unconnected or has no load
WARNING: [Synth 8-7129] Port In13[0] in module xlconcat_v2_1_4_xlconcat is either unconnected or has no load
WARNING: [Synth 8-7129] Port In14[0] in module xlconcat_v2_1_4_xlconcat is either unconnected or has no load
WARNING: [Synth 8-7129] Port In15[0] in module xlconcat_v2_1_4_xlconcat is either unconnected or has no load
WARNING: [Synth 8-7129] Port In16[0] in module xlconcat_v2_1_4_xlconcat is either unconnected or has no load
WARNING: [Synth 8-7129] Port In17[0] in module xlconcat_v2_1_4_xlconcat is either unconnected or has no load
WARNING: [Synth 8-7129] Port In18[0] in module xlconcat_v2_1_4_xlconcat is either unconnected or has no load
WARNING: [Synth 8-7129] Port In19[0] in module xlconcat_v2_1_4_xlconcat is either unconnected or has no load
WARNING: [Synth 8-7129] Port In20[0] in module xlconcat_v2_1_4_xlconcat is either unconnected or has no load
WARNING: [Synth 8-7129] Port In21[0] in module xlconcat_v2_1_4_xlconcat is either unconnected or has no load
WARNING: [Synth 8-7129] Port In22[0] in module xlconcat_v2_1_4_xlconcat is either unconnected or has no load
WARNING: [Synth 8-7129] Port In23[0] in module xlconcat_v2_1_4_xlconcat is either unconnected or has no load
WARNING: [Synth 8-7129] Port In24[0] in module xlconcat_v2_1_4_xlconcat is either unconnected or has no load
WARNING: [Synth 8-7129] Port In25[0] in module xlconcat_v2_1_4_xlconcat is either unconnected or has no load
WARNING: [Synth 8-7129] Port In26[0] in module xlconcat_v2_1_4_xlconcat is either unconnected or has no load
WARNING: [Synth 8-7129] Port In27[0] in module xlconcat_v2_1_4_xlconcat is either unconnected or has no load
WARNING: [Synth 8-7129] Port In28[0] in module xlconcat_v2_1_4_xlconcat is either unconnected or has no load
WARNING: [Synth 8-7129] Port In29[0] in module xlconcat_v2_1_4_xlconcat is either unconnected or has no load
WARNING: [Synth 8-7129] Port In30[0] in module xlconcat_v2_1_4_xlconcat is either unconnected or has no load
WARNING: [Synth 8-7129] Port In31[0] in module xlconcat_v2_1_4_xlconcat is either unconnected or has no load
WARNING: [Synth 8-7129] Port In32[0] in module xlconcat_v2_1_4_xlconcat is either unconnected or has no load
WARNING: [Synth 8-7129] Port In33[0] in module xlconcat_v2_1_4_xlconcat is either unconnected or has no load
WARNING: [Synth 8-7129] Port In34[0] in module xlconcat_v2_1_4_xlconcat is either unconnected or has no load
WARNING: [Synth 8-7129] Port In35[0] in module xlconcat_v2_1_4_xlconcat is either unconnected or has no load
WARNING: [Synth 8-7129] Port In36[0] in module xlconcat_v2_1_4_xlconcat is either unconnected or has no load
WARNING: [Synth 8-7129] Port In37[0] in module xlconcat_v2_1_4_xlconcat is either unconnected or has no load
WARNING: [Synth 8-7129] Port In38[0] in module xlconcat_v2_1_4_xlconcat is either unconnected or has no load
WARNING: [Synth 8-7129] Port In39[0] in module xlconcat_v2_1_4_xlconcat is either unconnected or has no load
WARNING: [Synth 8-7129] Port In40[0] in module xlconcat_v2_1_4_xlconcat is either unconnected or has no load
WARNING: [Synth 8-7129] Port In41[0] in module xlconcat_v2_1_4_xlconcat is either unconnected or has no load
INFO: [Common 17-14] Message 'Synth 8-7129' appears 100 times and further instances of the messages will be disabled. Use the Tcl command set_msg_config to change the current settings.
---------------------------------------------------------------------------------
Finished RTL Elaboration : Time (s): cpu = 00:00:02 ; elapsed = 00:00:03 . Memory (MB): peak = 2512.254 ; gain = 0.000 ; free physical = 40135 ; free virtual = 60294
Synthesis current peak Physical Memory [PSS] (MB): peak = 1502.659; parent = 1334.437; children = 168.223
Synthesis current peak Virtual Memory [VSS] (MB): peak = 3268.891; parent = 2300.387; children = 968.504
---------------------------------------------------------------------------------
---------------------------------------------------------------------------------
Start Handling Custom Attributes
---------------------------------------------------------------------------------
---------------------------------------------------------------------------------
Finished Handling Custom Attributes : Time (s): cpu = 00:00:02 ; elapsed = 00:00:03 . Memory (MB): peak = 2512.254 ; gain = 0.000 ; free physical = 40138 ; free virtual = 60297
Synthesis current peak Physical Memory [PSS] (MB): peak = 1502.659; parent = 1334.437; children = 168.223
Synthesis current peak Virtual Memory [VSS] (MB): peak = 3283.734; parent = 2315.230; children = 968.504
---------------------------------------------------------------------------------
---------------------------------------------------------------------------------
Finished RTL Optimization Phase 1 : Time (s): cpu = 00:00:03 ; elapsed = 00:00:03 . Memory (MB): peak = 2512.254 ; gain = 0.000 ; free physical = 40138 ; free virtual = 60297
Synthesis current peak Physical Memory [PSS] (MB): peak = 1502.659; parent = 1334.437; children = 168.223
Synthesis current peak Virtual Memory [VSS] (MB): peak = 3283.734; parent = 2315.230; children = 968.504
---------------------------------------------------------------------------------
Netlist sorting complete. Time (s): cpu = 00:00:00.02 ; elapsed = 00:00:00.02 . Memory (MB): peak = 2512.254 ; gain = 0.000 ; free physical = 40131 ; free virtual = 60290
INFO: [Project 1-570] Preparing netlist for logic optimization

Processing XDC Constraints
Initializing timing engine
Parsing XDC File [/home/nagafusa/work/spadi/Fakernet/SAMIDARE/samidare.gen/sources_1/bd/top_block/ip/top_block_mii_initializer_0_0/top_block_mii_initializer_0_0/top_block_mii_initializer_0_0_in_context.xdc] for cell 'top_block_i/fakernet/mii_initializer_0'
Finished Parsing XDC File [/home/nagafusa/work/spadi/Fakernet/SAMIDARE/samidare.gen/sources_1/bd/top_block/ip/top_block_mii_initializer_0_0/top_block_mii_initializer_0_0/top_block_mii_initializer_0_0_in_context.xdc] for cell 'top_block_i/fakernet/mii_initializer_0'
Parsing XDC File [/home/nagafusa/work/spadi/Fakernet/SAMIDARE/samidare.gen/sources_1/bd/top_block/ip/top_block_util_vector_logic_0_0/top_block_util_vector_logic_0_0/top_block_util_vector_logic_0_1_in_context.xdc] for cell 'top_block_i/fakernet/if_gate/util_vector_logic_0'
Finished Parsing XDC File [/home/nagafusa/work/spadi/Fakernet/SAMIDARE/samidare.gen/sources_1/bd/top_block/ip/top_block_util_vector_logic_0_0/top_block_util_vector_logic_0_0/top_block_util_vector_logic_0_1_in_context.xdc] for cell 'top_block_i/fakernet/if_gate/util_vector_logic_0'
Parsing XDC File [/home/nagafusa/work/spadi/Fakernet/SAMIDARE/samidare.gen/sources_1/bd/top_block/ip/top_block_util_vector_logic_1_0/top_block_util_vector_logic_1_0/top_block_util_vector_logic_2_1_in_context.xdc] for cell 'top_block_i/fakernet/if_gate/util_vector_logic_1'
Finished Parsing XDC File [/home/nagafusa/work/spadi/Fakernet/SAMIDARE/samidare.gen/sources_1/bd/top_block/ip/top_block_util_vector_logic_1_0/top_block_util_vector_logic_1_0/top_block_util_vector_logic_2_1_in_context.xdc] for cell 'top_block_i/fakernet/if_gate/util_vector_logic_1'
Parsing XDC File [/home/nagafusa/work/spadi/Fakernet/SAMIDARE/samidare.gen/sources_1/bd/top_block/ip/top_block_util_vector_logic_2_0/top_block_util_vector_logic_2_0/top_block_util_vector_logic_2_1_in_context.xdc] for cell 'top_block_i/fakernet/if_gate/util_vector_logic_2'
Finished Parsing XDC File [/home/nagafusa/work/spadi/Fakernet/SAMIDARE/samidare.gen/sources_1/bd/top_block/ip/top_block_util_vector_logic_2_0/top_block_util_vector_logic_2_0/top_block_util_vector_logic_2_1_in_context.xdc] for cell 'top_block_i/fakernet/if_gate/util_vector_logic_2'
Parsing XDC File [/home/nagafusa/work/spadi/Fakernet/SAMIDARE/samidare.gen/sources_1/bd/top_block/ip/top_block_util_vector_logic_1_1/top_block_util_vector_logic_1_1/top_block_util_vector_logic_3_0_in_context.xdc] for cell 'top_block_i/fakernet/if_gate/util_vector_logic_3'
Finished Parsing XDC File [/home/nagafusa/work/spadi/Fakernet/SAMIDARE/samidare.gen/sources_1/bd/top_block/ip/top_block_util_vector_logic_1_1/top_block_util_vector_logic_1_1/top_block_util_vector_logic_3_0_in_context.xdc] for cell 'top_block_i/fakernet/if_gate/util_vector_logic_3'
Parsing XDC File [/home/nagafusa/work/spadi/Fakernet/SAMIDARE/samidare.gen/sources_1/bd/top_block/ip/top_block_util_vector_logic_0_1/top_block_util_vector_logic_0_1/top_block_util_vector_logic_0_1_in_context.xdc] for cell 'top_block_i/fakernet/if_gate1/util_vector_logic_0'
Finished Parsing XDC File [/home/nagafusa/work/spadi/Fakernet/SAMIDARE/samidare.gen/sources_1/bd/top_block/ip/top_block_util_vector_logic_0_1/top_block_util_vector_logic_0_1/top_block_util_vector_logic_0_1_in_context.xdc] for cell 'top_block_i/fakernet/if_gate1/util_vector_logic_0'
Parsing XDC File [/home/nagafusa/work/spadi/Fakernet/SAMIDARE/samidare.gen/sources_1/bd/top_block/ip/top_block_util_vector_logic_1_2/top_block_util_vector_logic_1_2/top_block_util_vector_logic_2_1_in_context.xdc] for cell 'top_block_i/fakernet/if_gate1/util_vector_logic_1'
Finished Parsing XDC File [/home/nagafusa/work/spadi/Fakernet/SAMIDARE/samidare.gen/sources_1/bd/top_block/ip/top_block_util_vector_logic_1_2/top_block_util_vector_logic_1_2/top_block_util_vector_logic_2_1_in_context.xdc] for cell 'top_block_i/fakernet/if_gate1/util_vector_logic_1'
Parsing XDC File [/home/nagafusa/work/spadi/Fakernet/SAMIDARE/samidare.gen/sources_1/bd/top_block/ip/top_block_util_vector_logic_2_1/top_block_util_vector_logic_2_1/top_block_util_vector_logic_2_1_in_context.xdc] for cell 'top_block_i/fakernet/if_gate1/util_vector_logic_2'
Finished Parsing XDC File [/home/nagafusa/work/spadi/Fakernet/SAMIDARE/samidare.gen/sources_1/bd/top_block/ip/top_block_util_vector_logic_2_1/top_block_util_vector_logic_2_1/top_block_util_vector_logic_2_1_in_context.xdc] for cell 'top_block_i/fakernet/if_gate1/util_vector_logic_2'
Parsing XDC File [/home/nagafusa/work/spadi/Fakernet/SAMIDARE/samidare.gen/sources_1/bd/top_block/ip/top_block_util_vector_logic_3_0/top_block_util_vector_logic_3_0/top_block_util_vector_logic_3_0_in_context.xdc] for cell 'top_block_i/fakernet/if_gate1/util_vector_logic_3'
Finished Parsing XDC File [/home/nagafusa/work/spadi/Fakernet/SAMIDARE/samidare.gen/sources_1/bd/top_block/ip/top_block_util_vector_logic_3_0/top_block_util_vector_logic_3_0/top_block_util_vector_logic_3_0_in_context.xdc] for cell 'top_block_i/fakernet/if_gate1/util_vector_logic_3'
Parsing XDC File [/home/nagafusa/work/spadi/Fakernet/SAMIDARE/samidare.gen/sources_1/bd/top_block/ip/top_block_RESET_INST_0_0/top_block_RESET_INST_0_0/top_block_RESET_INST_0_0_in_context.xdc] for cell 'top_block_i/fakernet/RESET_INST_0'
Finished Parsing XDC File [/home/nagafusa/work/spadi/Fakernet/SAMIDARE/samidare.gen/sources_1/bd/top_block/ip/top_block_RESET_INST_0_0/top_block_RESET_INST_0_0/top_block_RESET_INST_0_0_in_context.xdc] for cell 'top_block_i/fakernet/RESET_INST_0'
Parsing XDC File [/home/nagafusa/work/spadi/Fakernet/SAMIDARE/samidare.gen/sources_1/bd/top_block/ip/top_block_gig_ethernet_pcs_pma_0_0/top_block_gig_ethernet_pcs_pma_0_0/top_block_gig_ethernet_pcs_pma_0_0_in_context.xdc] for cell 'top_block_i/fakernet/gig_ethernet_pcs_pma_0'
Finished Parsing XDC File [/home/nagafusa/work/spadi/Fakernet/SAMIDARE/samidare.gen/sources_1/bd/top_block/ip/top_block_gig_ethernet_pcs_pma_0_0/top_block_gig_ethernet_pcs_pma_0_0/top_block_gig_ethernet_pcs_pma_0_0_in_context.xdc] for cell 'top_block_i/fakernet/gig_ethernet_pcs_pma_0'
Parsing XDC File [/home/nagafusa/work/spadi/Fakernet/SAMIDARE/samidare.gen/sources_1/bd/top_block/ip/top_block_native_to_axi_lite_v_0_0/top_block_native_to_axi_lite_v_0_0/top_block_native_to_axi_lite_v_0_0_in_context.xdc] for cell 'top_block_i/fakernet/native_to_axi_lite_v_0'
Finished Parsing XDC File [/home/nagafusa/work/spadi/Fakernet/SAMIDARE/samidare.gen/sources_1/bd/top_block/ip/top_block_native_to_axi_lite_v_0_0/top_block_native_to_axi_lite_v_0_0/top_block_native_to_axi_lite_v_0_0_in_context.xdc] for cell 'top_block_i/fakernet/native_to_axi_lite_v_0'
Parsing XDC File [/home/nagafusa/work/spadi/Fakernet/SAMIDARE/samidare.gen/sources_1/bd/top_block/ip/top_block_fakernet_top_0_0/top_block_fakernet_top_0_0/top_block_fakernet_top_0_0_in_context.xdc] for cell 'top_block_i/fakernet/fakernet_top_0'
Finished Parsing XDC File [/home/nagafusa/work/spadi/Fakernet/SAMIDARE/samidare.gen/sources_1/bd/top_block/ip/top_block_fakernet_top_0_0/top_block_fakernet_top_0_0/top_block_fakernet_top_0_0_in_context.xdc] for cell 'top_block_i/fakernet/fakernet_top_0'
Parsing XDC File [/home/nagafusa/work/spadi/Fakernet/SAMIDARE/samidare.gen/sources_1/bd/top_block/ip/top_block_reg_switch_0_0/top_block_reg_switch_0_0/top_block_reg_switch_0_0_in_context.xdc] for cell 'top_block_i/fakernet/reg_switch_0'
Finished Parsing XDC File [/home/nagafusa/work/spadi/Fakernet/SAMIDARE/samidare.gen/sources_1/bd/top_block/ip/top_block_reg_switch_0_0/top_block_reg_switch_0_0/top_block_reg_switch_0_0_in_context.xdc] for cell 'top_block_i/fakernet/reg_switch_0'
Parsing XDC File [/home/nagafusa/work/spadi/Fakernet/SAMIDARE/samidare.gen/sources_1/bd/top_block/ip/top_block_data_gen_user_0_0/top_block_data_gen_user_0_0/top_block_data_gen_user_0_0_in_context.xdc] for cell 'top_block_i/fakernet/data_gen_user_0'
Finished Parsing XDC File [/home/nagafusa/work/spadi/Fakernet/SAMIDARE/samidare.gen/sources_1/bd/top_block/ip/top_block_data_gen_user_0_0/top_block_data_gen_user_0_0/top_block_data_gen_user_0_0_in_context.xdc] for cell 'top_block_i/fakernet/data_gen_user_0'
Parsing XDC File [/home/nagafusa/work/spadi/Fakernet/SAMIDARE/samidare.gen/sources_1/bd/top_block/ip/top_block_vio_0_0/top_block_vio_0_0/top_block_vio_0_1_in_context.xdc] for cell 'top_block_i/reset/vio_0'
Finished Parsing XDC File [/home/nagafusa/work/spadi/Fakernet/SAMIDARE/samidare.gen/sources_1/bd/top_block/ip/top_block_vio_0_0/top_block_vio_0_0/top_block_vio_0_1_in_context.xdc] for cell 'top_block_i/reset/vio_0'
Parsing XDC File [/home/nagafusa/work/spadi/Fakernet/SAMIDARE/samidare.gen/sources_1/bd/top_block/ip/top_block_rst_clk_wiz_0_125M_0/top_block_rst_clk_wiz_0_125M_0/top_block_rst_clk_wiz_0_125M_0_in_context.xdc] for cell 'top_block_i/reset/rst_clk_wiz_0_125M'
Finished Parsing XDC File [/home/nagafusa/work/spadi/Fakernet/SAMIDARE/samidare.gen/sources_1/bd/top_block/ip/top_block_rst_clk_wiz_0_125M_0/top_block_rst_clk_wiz_0_125M_0/top_block_rst_clk_wiz_0_125M_0_in_context.xdc] for cell 'top_block_i/reset/rst_clk_wiz_0_125M'
Parsing XDC File [/home/nagafusa/work/spadi/Fakernet/SAMIDARE/samidare.gen/sources_1/bd/top_block/ip/top_block_xpm_cdc_gen_0_0/top_block_xpm_cdc_gen_0_0/top_block_xpm_cdc_gen_0_0_in_context.xdc] for cell 'top_block_i/reset/xpm_cdc_gen_0'
Finished Parsing XDC File [/home/nagafusa/work/spadi/Fakernet/SAMIDARE/samidare.gen/sources_1/bd/top_block/ip/top_block_xpm_cdc_gen_0_0/top_block_xpm_cdc_gen_0_0/top_block_xpm_cdc_gen_0_0_in_context.xdc] for cell 'top_block_i/reset/xpm_cdc_gen_0'
Parsing XDC File [/home/nagafusa/work/spadi/Fakernet/SAMIDARE/samidare.gen/sources_1/bd/top_block/ip/top_block_axi_bram_ctrl_0_0/top_block_axi_bram_ctrl_0_0/top_block_axi_bram_ctrl_1_0_in_context.xdc] for cell 'top_block_i/reg_bram/axi_bram_ctrl_0'
Finished Parsing XDC File [/home/nagafusa/work/spadi/Fakernet/SAMIDARE/samidare.gen/sources_1/bd/top_block/ip/top_block_axi_bram_ctrl_0_0/top_block_axi_bram_ctrl_0_0/top_block_axi_bram_ctrl_1_0_in_context.xdc] for cell 'top_block_i/reg_bram/axi_bram_ctrl_0'
Parsing XDC File [/home/nagafusa/work/spadi/Fakernet/SAMIDARE/samidare.gen/sources_1/bd/top_block/ip/top_block_blk_mem_gen_0_0/top_block_blk_mem_gen_0_0/top_block_blk_mem_gen_0_0_in_context.xdc] for cell 'top_block_i/reg_bram/blk_mem_gen_0'
Finished Parsing XDC File [/home/nagafusa/work/spadi/Fakernet/SAMIDARE/samidare.gen/sources_1/bd/top_block/ip/top_block_blk_mem_gen_0_0/top_block_blk_mem_gen_0_0/top_block_blk_mem_gen_0_0_in_context.xdc] for cell 'top_block_i/reg_bram/blk_mem_gen_0'
Parsing XDC File [/home/nagafusa/work/spadi/Fakernet/SAMIDARE/samidare.gen/sources_1/bd/top_block/ip/top_block_axi_bram_ctrl_1_0/top_block_axi_bram_ctrl_1_0/top_block_axi_bram_ctrl_1_0_in_context.xdc] for cell 'top_block_i/reg_bram/axi_bram_ctrl_1'
Finished Parsing XDC File [/home/nagafusa/work/spadi/Fakernet/SAMIDARE/samidare.gen/sources_1/bd/top_block/ip/top_block_axi_bram_ctrl_1_0/top_block_axi_bram_ctrl_1_0/top_block_axi_bram_ctrl_1_0_in_context.xdc] for cell 'top_block_i/reg_bram/axi_bram_ctrl_1'
Parsing XDC File [/home/nagafusa/work/spadi/Fakernet/SAMIDARE/samidare.gen/sources_1/bd/top_block/ip/top_block_xbar_1/top_block_xbar_1/top_block_xbar_1_in_context.xdc] for cell 'top_block_i/reg_bram/axi_mem_intercon/xbar'
Finished Parsing XDC File [/home/nagafusa/work/spadi/Fakernet/SAMIDARE/samidare.gen/sources_1/bd/top_block/ip/top_block_xbar_1/top_block_xbar_1/top_block_xbar_1_in_context.xdc] for cell 'top_block_i/reg_bram/axi_mem_intercon/xbar'
Parsing XDC File [/home/nagafusa/work/spadi/Fakernet/SAMIDARE/samidare.gen/sources_1/bd/top_block/ip/top_block_das_rx_0_0/top_block_das_rx_0_0/top_block_das_rx_0_0_in_context.xdc] for cell 'top_block_i/appUnit/das_rx_0'
Finished Parsing XDC File [/home/nagafusa/work/spadi/Fakernet/SAMIDARE/samidare.gen/sources_1/bd/top_block/ip/top_block_das_rx_0_0/top_block_das_rx_0_0/top_block_das_rx_0_0_in_context.xdc] for cell 'top_block_i/appUnit/das_rx_0'
Parsing XDC File [/home/nagafusa/work/spadi/Fakernet/SAMIDARE/samidare.gen/sources_1/bd/top_block/ip/top_block_data_processor_0_0/top_block_data_processor_0_0/top_block_data_processor_0_0_in_context.xdc] for cell 'top_block_i/appUnit/data_processor_0'
Finished Parsing XDC File [/home/nagafusa/work/spadi/Fakernet/SAMIDARE/samidare.gen/sources_1/bd/top_block/ip/top_block_data_processor_0_0/top_block_data_processor_0_0/top_block_data_processor_0_0_in_context.xdc] for cell 'top_block_i/appUnit/data_processor_0'
Parsing XDC File [/home/nagafusa/work/spadi/Fakernet/SAMIDARE/samidare.gen/sources_1/bd/top_block/ip/top_block_event_builder_v0_0_0/top_block_event_builder_v0_0_0/top_block_event_builder_v0_0_0_in_context.xdc] for cell 'top_block_i/appUnit/event_builder_v0_0'
Finished Parsing XDC File [/home/nagafusa/work/spadi/Fakernet/SAMIDARE/samidare.gen/sources_1/bd/top_block/ip/top_block_event_builder_v0_0_0/top_block_event_builder_v0_0_0/top_block_event_builder_v0_0_0_in_context.xdc] for cell 'top_block_i/appUnit/event_builder_v0_0'
Parsing XDC File [/home/nagafusa/work/spadi/Fakernet/SAMIDARE/samidare.gen/sources_1/bd/top_block/ip/top_block_trigger_manager_0_0/top_block_trigger_manager_0_0/top_block_trigger_manager_0_0_in_context.xdc] for cell 'top_block_i/appUnit/trigger_manager_0'
Finished Parsing XDC File [/home/nagafusa/work/spadi/Fakernet/SAMIDARE/samidare.gen/sources_1/bd/top_block/ip/top_block_trigger_manager_0_0/top_block_trigger_manager_0_0/top_block_trigger_manager_0_0_in_context.xdc] for cell 'top_block_i/appUnit/trigger_manager_0'
Parsing XDC File [/home/nagafusa/work/spadi/Fakernet/SAMIDARE/samidare.gen/sources_1/bd/top_block/ip/top_block_util_vector_logic_0_10/top_block_util_vector_logic_0_10/top_block_util_vector_logic_0_1_in_context.xdc] for cell 'top_block_i/appUnit/SO_IN/slice_rev_concat/util_vector_logic_0'
Finished Parsing XDC File [/home/nagafusa/work/spadi/Fakernet/SAMIDARE/samidare.gen/sources_1/bd/top_block/ip/top_block_util_vector_logic_0_10/top_block_util_vector_logic_0_10/top_block_util_vector_logic_0_1_in_context.xdc] for cell 'top_block_i/appUnit/SO_IN/slice_rev_concat/util_vector_logic_0'
Parsing XDC File [/home/nagafusa/work/spadi/Fakernet/SAMIDARE/samidare.gen/sources_1/bd/top_block/ip/top_block_util_vector_logic_0_11/top_block_util_vector_logic_0_11/top_block_util_vector_logic_0_1_in_context.xdc] for cell 'top_block_i/appUnit/SO_IN/slice_rev_concat/util_vector_logic_1'
Finished Parsing XDC File [/home/nagafusa/work/spadi/Fakernet/SAMIDARE/samidare.gen/sources_1/bd/top_block/ip/top_block_util_vector_logic_0_11/top_block_util_vector_logic_0_11/top_block_util_vector_logic_0_1_in_context.xdc] for cell 'top_block_i/appUnit/SO_IN/slice_rev_concat/util_vector_logic_1'
Parsing XDC File [/home/nagafusa/work/spadi/Fakernet/SAMIDARE/samidare.gen/sources_1/bd/top_block/ip/top_block_util_vector_logic_1_4/top_block_util_vector_logic_1_4/top_block_util_vector_logic_0_1_in_context.xdc] for cell 'top_block_i/appUnit/SO_IN/slice_rev_concat/util_vector_logic_2'
Finished Parsing XDC File [/home/nagafusa/work/spadi/Fakernet/SAMIDARE/samidare.gen/sources_1/bd/top_block/ip/top_block_util_vector_logic_1_4/top_block_util_vector_logic_1_4/top_block_util_vector_logic_0_1_in_context.xdc] for cell 'top_block_i/appUnit/SO_IN/slice_rev_concat/util_vector_logic_2'
Parsing XDC File [/home/nagafusa/work/spadi/Fakernet/SAMIDARE/samidare.gen/sources_1/bd/top_block/ip/top_block_util_vector_logic_1_5/top_block_util_vector_logic_1_5/top_block_util_vector_logic_0_1_in_context.xdc] for cell 'top_block_i/appUnit/SO_IN/slice_rev_concat/util_vector_logic_3'
Finished Parsing XDC File [/home/nagafusa/work/spadi/Fakernet/SAMIDARE/samidare.gen/sources_1/bd/top_block/ip/top_block_util_vector_logic_1_5/top_block_util_vector_logic_1_5/top_block_util_vector_logic_0_1_in_context.xdc] for cell 'top_block_i/appUnit/SO_IN/slice_rev_concat/util_vector_logic_3'
Parsing XDC File [/home/nagafusa/work/spadi/Fakernet/SAMIDARE/samidare.gen/sources_1/bd/top_block/ip/top_block_util_ds_buf_5_0/top_block_util_ds_buf_5_0/top_block_util_ds_buf_5_0_in_context.xdc] for cell 'top_block_i/appUnit/SO_IN/util_ds_buf_5'
Finished Parsing XDC File [/home/nagafusa/work/spadi/Fakernet/SAMIDARE/samidare.gen/sources_1/bd/top_block/ip/top_block_util_ds_buf_5_0/top_block_util_ds_buf_5_0/top_block_util_ds_buf_5_0_in_context.xdc] for cell 'top_block_i/appUnit/SO_IN/util_ds_buf_5'
Parsing XDC File [/home/nagafusa/work/spadi/Fakernet/SAMIDARE/samidare.gen/sources_1/bd/top_block/ip/top_block_util_ds_buf_6_0/top_block_util_ds_buf_6_0/top_block_util_ds_buf_5_0_in_context.xdc] for cell 'top_block_i/appUnit/SO_IN/util_ds_buf_6'
Finished Parsing XDC File [/home/nagafusa/work/spadi/Fakernet/SAMIDARE/samidare.gen/sources_1/bd/top_block/ip/top_block_util_ds_buf_6_0/top_block_util_ds_buf_6_0/top_block_util_ds_buf_5_0_in_context.xdc] for cell 'top_block_i/appUnit/SO_IN/util_ds_buf_6'
Parsing XDC File [/home/nagafusa/work/spadi/Fakernet/SAMIDARE/samidare.gen/sources_1/bd/top_block/ip/top_block_util_ds_buf_6_1/top_block_util_ds_buf_6_1/top_block_util_ds_buf_5_0_in_context.xdc] for cell 'top_block_i/appUnit/SO_IN/util_ds_buf_7'
Finished Parsing XDC File [/home/nagafusa/work/spadi/Fakernet/SAMIDARE/samidare.gen/sources_1/bd/top_block/ip/top_block_util_ds_buf_6_1/top_block_util_ds_buf_6_1/top_block_util_ds_buf_5_0_in_context.xdc] for cell 'top_block_i/appUnit/SO_IN/util_ds_buf_7'
Parsing XDC File [/home/nagafusa/work/spadi/Fakernet/SAMIDARE/samidare.gen/sources_1/bd/top_block/ip/top_block_util_ds_buf_7_0/top_block_util_ds_buf_7_0/top_block_util_ds_buf_5_0_in_context.xdc] for cell 'top_block_i/appUnit/SO_IN/util_ds_buf_8'
Finished Parsing XDC File [/home/nagafusa/work/spadi/Fakernet/SAMIDARE/samidare.gen/sources_1/bd/top_block/ip/top_block_util_ds_buf_7_0/top_block_util_ds_buf_7_0/top_block_util_ds_buf_5_0_in_context.xdc] for cell 'top_block_i/appUnit/SO_IN/util_ds_buf_8'
Parsing XDC File [/home/nagafusa/work/spadi/Fakernet/SAMIDARE/samidare.gen/sources_1/bd/top_block/ip/top_block_util_vector_logic_0_13/top_block_util_vector_logic_0_13/top_block_util_vector_logic_0_1_in_context.xdc] for cell 'top_block_i/appUnit/SO_IN/slice_rev_concat1/util_vector_logic_0'
Finished Parsing XDC File [/home/nagafusa/work/spadi/Fakernet/SAMIDARE/samidare.gen/sources_1/bd/top_block/ip/top_block_util_vector_logic_0_13/top_block_util_vector_logic_0_13/top_block_util_vector_logic_0_1_in_context.xdc] for cell 'top_block_i/appUnit/SO_IN/slice_rev_concat1/util_vector_logic_0'
Parsing XDC File [/home/nagafusa/work/spadi/Fakernet/SAMIDARE/samidare.gen/sources_1/bd/top_block/ip/top_block_util_vector_logic_3_4/top_block_util_vector_logic_3_4/top_block_util_vector_logic_0_1_in_context.xdc] for cell 'top_block_i/appUnit/SO_IN/slice_rev_concat1/util_vector_logic_3'
Finished Parsing XDC File [/home/nagafusa/work/spadi/Fakernet/SAMIDARE/samidare.gen/sources_1/bd/top_block/ip/top_block_util_vector_logic_3_4/top_block_util_vector_logic_3_4/top_block_util_vector_logic_0_1_in_context.xdc] for cell 'top_block_i/appUnit/SO_IN/slice_rev_concat1/util_vector_logic_3'
Parsing XDC File [/home/nagafusa/work/spadi/Fakernet/SAMIDARE/samidare.gen/sources_1/bd/top_block/ip/top_block_util_vector_logic_0_14/top_block_util_vector_logic_0_14/top_block_util_vector_logic_0_1_in_context.xdc] for cell 'top_block_i/appUnit/SO_IN/slice_rev_concat1/util_vector_logic_1'
Finished Parsing XDC File [/home/nagafusa/work/spadi/Fakernet/SAMIDARE/samidare.gen/sources_1/bd/top_block/ip/top_block_util_vector_logic_0_14/top_block_util_vector_logic_0_14/top_block_util_vector_logic_0_1_in_context.xdc] for cell 'top_block_i/appUnit/SO_IN/slice_rev_concat1/util_vector_logic_1'
Parsing XDC File [/home/nagafusa/work/spadi/Fakernet/SAMIDARE/samidare.gen/sources_1/bd/top_block/ip/top_block_util_vector_logic_0_15/top_block_util_vector_logic_0_15/top_block_util_vector_logic_0_1_in_context.xdc] for cell 'top_block_i/appUnit/SO_IN/slice_rev_concat1/util_vector_logic_2'
Finished Parsing XDC File [/home/nagafusa/work/spadi/Fakernet/SAMIDARE/samidare.gen/sources_1/bd/top_block/ip/top_block_util_vector_logic_0_15/top_block_util_vector_logic_0_15/top_block_util_vector_logic_0_1_in_context.xdc] for cell 'top_block_i/appUnit/SO_IN/slice_rev_concat1/util_vector_logic_2'
Parsing XDC File [/home/nagafusa/work/spadi/Fakernet/SAMIDARE/samidare.gen/sources_1/bd/top_block/ip/top_block_util_vector_logic_0_17/top_block_util_vector_logic_0_17/top_block_util_vector_logic_0_1_in_context.xdc] for cell 'top_block_i/appUnit/SO_IN/slice_rev_concat2/util_vector_logic_0'
Finished Parsing XDC File [/home/nagafusa/work/spadi/Fakernet/SAMIDARE/samidare.gen/sources_1/bd/top_block/ip/top_block_util_vector_logic_0_17/top_block_util_vector_logic_0_17/top_block_util_vector_logic_0_1_in_context.xdc] for cell 'top_block_i/appUnit/SO_IN/slice_rev_concat2/util_vector_logic_0'
Parsing XDC File [/home/nagafusa/work/spadi/Fakernet/SAMIDARE/samidare.gen/sources_1/bd/top_block/ip/top_block_util_vector_logic_1_9/top_block_util_vector_logic_1_9/top_block_util_vector_logic_0_1_in_context.xdc] for cell 'top_block_i/appUnit/SO_IN/slice_rev_concat2/util_vector_logic_1'
Finished Parsing XDC File [/home/nagafusa/work/spadi/Fakernet/SAMIDARE/samidare.gen/sources_1/bd/top_block/ip/top_block_util_vector_logic_1_9/top_block_util_vector_logic_1_9/top_block_util_vector_logic_0_1_in_context.xdc] for cell 'top_block_i/appUnit/SO_IN/slice_rev_concat2/util_vector_logic_1'
Parsing XDC File [/home/nagafusa/work/spadi/Fakernet/SAMIDARE/samidare.gen/sources_1/bd/top_block/ip/top_block_util_vector_logic_2_5/top_block_util_vector_logic_2_5/top_block_util_vector_logic_0_1_in_context.xdc] for cell 'top_block_i/appUnit/SO_IN/slice_rev_concat2/util_vector_logic_2'
Finished Parsing XDC File [/home/nagafusa/work/spadi/Fakernet/SAMIDARE/samidare.gen/sources_1/bd/top_block/ip/top_block_util_vector_logic_2_5/top_block_util_vector_logic_2_5/top_block_util_vector_logic_0_1_in_context.xdc] for cell 'top_block_i/appUnit/SO_IN/slice_rev_concat2/util_vector_logic_2'
Parsing XDC File [/home/nagafusa/work/spadi/Fakernet/SAMIDARE/samidare.gen/sources_1/bd/top_block/ip/top_block_util_vector_logic_0_12/top_block_util_vector_logic_0_12/top_block_util_vector_logic_0_1_in_context.xdc] for cell 'top_block_i/appUnit/SO_IN/slice_rev_concat3/util_vector_logic_0'
Finished Parsing XDC File [/home/nagafusa/work/spadi/Fakernet/SAMIDARE/samidare.gen/sources_1/bd/top_block/ip/top_block_util_vector_logic_0_12/top_block_util_vector_logic_0_12/top_block_util_vector_logic_0_1_in_context.xdc] for cell 'top_block_i/appUnit/SO_IN/slice_rev_concat3/util_vector_logic_0'
Parsing XDC File [/home/nagafusa/work/spadi/Fakernet/SAMIDARE/samidare.gen/sources_1/bd/top_block/ip/top_block_util_vector_logic_1_6/top_block_util_vector_logic_1_6/top_block_util_vector_logic_0_1_in_context.xdc] for cell 'top_block_i/appUnit/SO_IN/slice_rev_concat3/util_vector_logic_1'
Finished Parsing XDC File [/home/nagafusa/work/spadi/Fakernet/SAMIDARE/samidare.gen/sources_1/bd/top_block/ip/top_block_util_vector_logic_1_6/top_block_util_vector_logic_1_6/top_block_util_vector_logic_0_1_in_context.xdc] for cell 'top_block_i/appUnit/SO_IN/slice_rev_concat3/util_vector_logic_1'
Parsing XDC File [/home/nagafusa/work/spadi/Fakernet/SAMIDARE/samidare.gen/sources_1/bd/top_block/ip/top_block_util_vector_logic_2_2/top_block_util_vector_logic_2_2/top_block_util_vector_logic_0_1_in_context.xdc] for cell 'top_block_i/appUnit/SO_IN/slice_rev_concat3/util_vector_logic_2'
Finished Parsing XDC File [/home/nagafusa/work/spadi/Fakernet/SAMIDARE/samidare.gen/sources_1/bd/top_block/ip/top_block_util_vector_logic_2_2/top_block_util_vector_logic_2_2/top_block_util_vector_logic_0_1_in_context.xdc] for cell 'top_block_i/appUnit/SO_IN/slice_rev_concat3/util_vector_logic_2'
Parsing XDC File [/home/nagafusa/work/spadi/Fakernet/SAMIDARE/samidare.gen/sources_1/bd/top_block/ip/top_block_util_vector_logic_3_3/top_block_util_vector_logic_3_3/top_block_util_vector_logic_0_1_in_context.xdc] for cell 'top_block_i/appUnit/SO_IN/slice_rev_concat3/util_vector_logic_3'
Finished Parsing XDC File [/home/nagafusa/work/spadi/Fakernet/SAMIDARE/samidare.gen/sources_1/bd/top_block/ip/top_block_util_vector_logic_3_3/top_block_util_vector_logic_3_3/top_block_util_vector_logic_0_1_in_context.xdc] for cell 'top_block_i/appUnit/SO_IN/slice_rev_concat3/util_vector_logic_3'
Parsing XDC File [/home/nagafusa/work/spadi/Fakernet/SAMIDARE/samidare.gen/sources_1/bd/top_block/ip/top_block_util_vector_logic_3_7/top_block_util_vector_logic_3_7/top_block_util_vector_logic_0_1_in_context.xdc] for cell 'top_block_i/appUnit/SO_IN/slice_rev_concat3/util_vector_logic_4'
Finished Parsing XDC File [/home/nagafusa/work/spadi/Fakernet/SAMIDARE/samidare.gen/sources_1/bd/top_block/ip/top_block_util_vector_logic_3_7/top_block_util_vector_logic_3_7/top_block_util_vector_logic_0_1_in_context.xdc] for cell 'top_block_i/appUnit/SO_IN/slice_rev_concat3/util_vector_logic_4'
Parsing XDC File [/home/nagafusa/work/spadi/Fakernet/SAMIDARE/samidare.gen/sources_1/bd/top_block/ip/top_block_util_vector_logic_3_8/top_block_util_vector_logic_3_8/top_block_util_vector_logic_0_1_in_context.xdc] for cell 'top_block_i/appUnit/SO_IN/slice_rev_concat3/util_vector_logic_5'
Finished Parsing XDC File [/home/nagafusa/work/spadi/Fakernet/SAMIDARE/samidare.gen/sources_1/bd/top_block/ip/top_block_util_vector_logic_3_8/top_block_util_vector_logic_3_8/top_block_util_vector_logic_0_1_in_context.xdc] for cell 'top_block_i/appUnit/SO_IN/slice_rev_concat3/util_vector_logic_5'
Parsing XDC File [/home/nagafusa/work/spadi/Fakernet/SAMIDARE/samidare.gen/sources_1/bd/top_block/ip/top_block_util_vector_logic_3_9/top_block_util_vector_logic_3_9/top_block_util_vector_logic_0_1_in_context.xdc] for cell 'top_block_i/appUnit/SO_IN/slice_rev_concat3/util_vector_logic_6'
Finished Parsing XDC File [/home/nagafusa/work/spadi/Fakernet/SAMIDARE/samidare.gen/sources_1/bd/top_block/ip/top_block_util_vector_logic_3_9/top_block_util_vector_logic_3_9/top_block_util_vector_logic_0_1_in_context.xdc] for cell 'top_block_i/appUnit/SO_IN/slice_rev_concat3/util_vector_logic_6'
Parsing XDC File [/home/nagafusa/work/spadi/Fakernet/SAMIDARE/samidare.gen/sources_1/bd/top_block/ip/top_block_util_vector_logic_3_10/top_block_util_vector_logic_3_10/top_block_util_vector_logic_0_1_in_context.xdc] for cell 'top_block_i/appUnit/SO_IN/slice_rev_concat3/util_vector_logic_7'
Finished Parsing XDC File [/home/nagafusa/work/spadi/Fakernet/SAMIDARE/samidare.gen/sources_1/bd/top_block/ip/top_block_util_vector_logic_3_10/top_block_util_vector_logic_3_10/top_block_util_vector_logic_0_1_in_context.xdc] for cell 'top_block_i/appUnit/SO_IN/slice_rev_concat3/util_vector_logic_7'
Parsing XDC File [/home/nagafusa/work/spadi/Fakernet/SAMIDARE/samidare.gen/sources_1/bd/top_block/ip/top_block_util_ds_buf_1_1/top_block_util_ds_buf_1_1/top_block_util_ds_buf_2_0_in_context.xdc] for cell 'top_block_i/appUnit/TRG/util_ds_buf_1'
Finished Parsing XDC File [/home/nagafusa/work/spadi/Fakernet/SAMIDARE/samidare.gen/sources_1/bd/top_block/ip/top_block_util_ds_buf_1_1/top_block_util_ds_buf_1_1/top_block_util_ds_buf_2_0_in_context.xdc] for cell 'top_block_i/appUnit/TRG/util_ds_buf_1'
Parsing XDC File [/home/nagafusa/work/spadi/Fakernet/SAMIDARE/samidare.gen/sources_1/bd/top_block/ip/top_block_TRG_MODULE_0_0/top_block_TRG_MODULE_0_0/top_block_TRG_MODULE_0_0_in_context.xdc] for cell 'top_block_i/appUnit/TRG/TRG_MODULE_0'
Finished Parsing XDC File [/home/nagafusa/work/spadi/Fakernet/SAMIDARE/samidare.gen/sources_1/bd/top_block/ip/top_block_TRG_MODULE_0_0/top_block_TRG_MODULE_0_0/top_block_TRG_MODULE_0_0_in_context.xdc] for cell 'top_block_i/appUnit/TRG/TRG_MODULE_0'
Parsing XDC File [/home/nagafusa/work/spadi/Fakernet/SAMIDARE/samidare.gen/sources_1/bd/top_block/ip/top_block_fifo_generator_0_2/top_block_fifo_generator_0_2/top_block_fifo_generator_0_4_in_context.xdc] for cell 'top_block_i/appUnit/FIFO_WRAPPER/fifo_generator_1'
Finished Parsing XDC File [/home/nagafusa/work/spadi/Fakernet/SAMIDARE/samidare.gen/sources_1/bd/top_block/ip/top_block_fifo_generator_0_2/top_block_fifo_generator_0_2/top_block_fifo_generator_0_4_in_context.xdc] for cell 'top_block_i/appUnit/FIFO_WRAPPER/fifo_generator_1'
Parsing XDC File [/home/nagafusa/work/spadi/Fakernet/SAMIDARE/samidare.gen/sources_1/bd/top_block/ip/top_block_fifo_generator_0_3/top_block_fifo_generator_0_3/top_block_fifo_generator_0_4_in_context.xdc] for cell 'top_block_i/appUnit/FIFO_WRAPPER/fifo_generator_2'
Finished Parsing XDC File [/home/nagafusa/work/spadi/Fakernet/SAMIDARE/samidare.gen/sources_1/bd/top_block/ip/top_block_fifo_generator_0_3/top_block_fifo_generator_0_3/top_block_fifo_generator_0_4_in_context.xdc] for cell 'top_block_i/appUnit/FIFO_WRAPPER/fifo_generator_2'
Parsing XDC File [/home/nagafusa/work/spadi/Fakernet/SAMIDARE/samidare.gen/sources_1/bd/top_block/ip/top_block_fifo_generator_0_4/top_block_fifo_generator_0_4/top_block_fifo_generator_0_4_in_context.xdc] for cell 'top_block_i/appUnit/FIFO_WRAPPER/fifo_generator_3'
Finished Parsing XDC File [/home/nagafusa/work/spadi/Fakernet/SAMIDARE/samidare.gen/sources_1/bd/top_block/ip/top_block_fifo_generator_0_4/top_block_fifo_generator_0_4/top_block_fifo_generator_0_4_in_context.xdc] for cell 'top_block_i/appUnit/FIFO_WRAPPER/fifo_generator_3'
Parsing XDC File [/home/nagafusa/work/spadi/Fakernet/SAMIDARE/samidare.gen/sources_1/bd/top_block/ip/top_block_fifo_generator_0_1/top_block_fifo_generator_0_1/top_block_fifo_generator_0_1_in_context.xdc] for cell 'top_block_i/appUnit/FIFO_WRAPPER/fifo_generator_0'
Finished Parsing XDC File [/home/nagafusa/work/spadi/Fakernet/SAMIDARE/samidare.gen/sources_1/bd/top_block/ip/top_block_fifo_generator_0_1/top_block_fifo_generator_0_1/top_block_fifo_generator_0_1_in_context.xdc] for cell 'top_block_i/appUnit/FIFO_WRAPPER/fifo_generator_0'
Parsing XDC File [/home/nagafusa/work/spadi/Fakernet/SAMIDARE/samidare.gen/sources_1/bd/top_block/ip/top_block_util_vector_logic_0_3/top_block_util_vector_logic_0_3/top_block_util_vector_logic_2_1_in_context.xdc] for cell 'top_block_i/appUnit/ENABLE_SYNC/util_vector_logic_0'
Finished Parsing XDC File [/home/nagafusa/work/spadi/Fakernet/SAMIDARE/samidare.gen/sources_1/bd/top_block/ip/top_block_util_vector_logic_0_3/top_block_util_vector_logic_0_3/top_block_util_vector_logic_2_1_in_context.xdc] for cell 'top_block_i/appUnit/ENABLE_SYNC/util_vector_logic_0'
Parsing XDC File [/home/nagafusa/work/spadi/Fakernet/SAMIDARE/samidare.gen/sources_1/bd/top_block/ip/top_block_util_vector_logic_0_7/top_block_util_vector_logic_0_7/top_block_util_vector_logic_2_1_in_context.xdc] for cell 'top_block_i/appUnit/ENABLE_SYNC/util_vector_logic_1'
Finished Parsing XDC File [/home/nagafusa/work/spadi/Fakernet/SAMIDARE/samidare.gen/sources_1/bd/top_block/ip/top_block_util_vector_logic_0_7/top_block_util_vector_logic_0_7/top_block_util_vector_logic_2_1_in_context.xdc] for cell 'top_block_i/appUnit/ENABLE_SYNC/util_vector_logic_1'
Parsing XDC File [/home/nagafusa/work/spadi/Fakernet/SAMIDARE/samidare.gen/sources_1/bd/top_block/ip/top_block_util_vector_logic_0_8/top_block_util_vector_logic_0_8/top_block_util_vector_logic_2_1_in_context.xdc] for cell 'top_block_i/appUnit/ENABLE_SYNC/util_vector_logic_2'
Finished Parsing XDC File [/home/nagafusa/work/spadi/Fakernet/SAMIDARE/samidare.gen/sources_1/bd/top_block/ip/top_block_util_vector_logic_0_8/top_block_util_vector_logic_0_8/top_block_util_vector_logic_2_1_in_context.xdc] for cell 'top_block_i/appUnit/ENABLE_SYNC/util_vector_logic_2'
Parsing XDC File [/home/nagafusa/work/spadi/Fakernet/SAMIDARE/samidare.gen/sources_1/bd/top_block/ip/top_block_util_vector_logic_0_9/top_block_util_vector_logic_0_9/top_block_util_vector_logic_2_1_in_context.xdc] for cell 'top_block_i/appUnit/ENABLE_SYNC/util_vector_logic_3'
Finished Parsing XDC File [/home/nagafusa/work/spadi/Fakernet/SAMIDARE/samidare.gen/sources_1/bd/top_block/ip/top_block_util_vector_logic_0_9/top_block_util_vector_logic_0_9/top_block_util_vector_logic_2_1_in_context.xdc] for cell 'top_block_i/appUnit/ENABLE_SYNC/util_vector_logic_3'
Parsing XDC File [/home/nagafusa/work/spadi/Fakernet/SAMIDARE/samidare.gen/sources_1/bd/top_block/ip/top_block_xpm_cdc_gen_0_1/top_block_xpm_cdc_gen_0_1/top_block_xpm_cdc_gen_0_1_in_context.xdc] for cell 'top_block_i/appUnit/ENABLE_SYNC/xpm_cdc_gen_0'
Finished Parsing XDC File [/home/nagafusa/work/spadi/Fakernet/SAMIDARE/samidare.gen/sources_1/bd/top_block/ip/top_block_xpm_cdc_gen_0_1/top_block_xpm_cdc_gen_0_1/top_block_xpm_cdc_gen_0_1_in_context.xdc] for cell 'top_block_i/appUnit/ENABLE_SYNC/xpm_cdc_gen_0'
Parsing XDC File [/home/nagafusa/work/spadi/Fakernet/SAMIDARE/samidare.gen/sources_1/bd/top_block/ip/top_block_util_ds_buf_0_1/top_block_util_ds_buf_0_1/top_block_util_ds_buf_0_1_in_context.xdc] for cell 'top_block_i/CLK_SO/util_ds_buf_0'
Finished Parsing XDC File [/home/nagafusa/work/spadi/Fakernet/SAMIDARE/samidare.gen/sources_1/bd/top_block/ip/top_block_util_ds_buf_0_1/top_block_util_ds_buf_0_1/top_block_util_ds_buf_0_1_in_context.xdc] for cell 'top_block_i/CLK_SO/util_ds_buf_0'
Parsing XDC File [/home/nagafusa/work/spadi/Fakernet/SAMIDARE/samidare.gen/sources_1/bd/top_block/ip/top_block_clk_wiz_2_0/top_block_clk_wiz_2_0/top_block_clk_wiz_2_0_in_context.xdc] for cell 'top_block_i/CONST_QRAPPER/clk_wiz_2'
Finished Parsing XDC File [/home/nagafusa/work/spadi/Fakernet/SAMIDARE/samidare.gen/sources_1/bd/top_block/ip/top_block_clk_wiz_2_0/top_block_clk_wiz_2_0/top_block_clk_wiz_2_0_in_context.xdc] for cell 'top_block_i/CONST_QRAPPER/clk_wiz_2'
Parsing XDC File [/home/nagafusa/work/spadi/Fakernet/SAMIDARE/samidare.gen/sources_1/bd/top_block/ip/top_block_util_ds_buf_2_0/top_block_util_ds_buf_2_0/top_block_util_ds_buf_2_0_in_context.xdc] for cell 'top_block_i/CONST_QRAPPER/util_ds_buf_2'
Finished Parsing XDC File [/home/nagafusa/work/spadi/Fakernet/SAMIDARE/samidare.gen/sources_1/bd/top_block/ip/top_block_util_ds_buf_2_0/top_block_util_ds_buf_2_0/top_block_util_ds_buf_2_0_in_context.xdc] for cell 'top_block_i/CONST_QRAPPER/util_ds_buf_2'
Parsing XDC File [/home/nagafusa/work/spadi/Fakernet/SAMIDARE/samidare.gen/sources_1/bd/top_block/ip/top_block_util_ds_buf_3_2/top_block_util_ds_buf_3_2/top_block_util_ds_buf_4_0_in_context.xdc] for cell 'top_block_i/CONST_QRAPPER/util_ds_buf_3'
Finished Parsing XDC File [/home/nagafusa/work/spadi/Fakernet/SAMIDARE/samidare.gen/sources_1/bd/top_block/ip/top_block_util_ds_buf_3_2/top_block_util_ds_buf_3_2/top_block_util_ds_buf_4_0_in_context.xdc] for cell 'top_block_i/CONST_QRAPPER/util_ds_buf_3'
Parsing XDC File [/home/nagafusa/work/spadi/Fakernet/SAMIDARE/samidare.gen/sources_1/bd/top_block/ip/top_block_util_vector_logic_1_3/top_block_util_vector_logic_1_3/top_block_util_vector_logic_0_1_in_context.xdc] for cell 'top_block_i/CONST_QRAPPER/util_vector_logic_1'
Finished Parsing XDC File [/home/nagafusa/work/spadi/Fakernet/SAMIDARE/samidare.gen/sources_1/bd/top_block/ip/top_block_util_vector_logic_1_3/top_block_util_vector_logic_1_3/top_block_util_vector_logic_0_1_in_context.xdc] for cell 'top_block_i/CONST_QRAPPER/util_vector_logic_1'
Parsing XDC File [/home/nagafusa/work/spadi/Fakernet/SAMIDARE/samidare.gen/sources_1/bd/top_block/ip/top_block_util_vector_logic_3_2/top_block_util_vector_logic_3_2/top_block_util_vector_logic_0_1_in_context.xdc] for cell 'top_block_i/CONST_QRAPPER/util_vector_logic_4'
Finished Parsing XDC File [/home/nagafusa/work/spadi/Fakernet/SAMIDARE/samidare.gen/sources_1/bd/top_block/ip/top_block_util_vector_logic_3_2/top_block_util_vector_logic_3_2/top_block_util_vector_logic_0_1_in_context.xdc] for cell 'top_block_i/CONST_QRAPPER/util_vector_logic_4'
Parsing XDC File [/home/nagafusa/work/spadi/Fakernet/SAMIDARE/samidare.gen/sources_1/bd/top_block/ip/top_block_util_ds_buf_4_1/top_block_util_ds_buf_4_1/top_block_util_ds_buf_4_0_in_context.xdc] for cell 'top_block_i/CONST_QRAPPER/util_ds_buf_4'
Finished Parsing XDC File [/home/nagafusa/work/spadi/Fakernet/SAMIDARE/samidare.gen/sources_1/bd/top_block/ip/top_block_util_ds_buf_4_1/top_block_util_ds_buf_4_1/top_block_util_ds_buf_4_0_in_context.xdc] for cell 'top_block_i/CONST_QRAPPER/util_ds_buf_4'
Parsing XDC File [/home/nagafusa/work/spadi/Fakernet/SAMIDARE/samidare.gen/sources_1/bd/top_block/ip/top_block_clk_wiz_1_0/top_block_clk_wiz_1_0/top_block_clk_wiz_1_0_in_context.xdc] for cell 'top_block_i/CLK_WRAPPER/clk_wiz_1'
Finished Parsing XDC File [/home/nagafusa/work/spadi/Fakernet/SAMIDARE/samidare.gen/sources_1/bd/top_block/ip/top_block_clk_wiz_1_0/top_block_clk_wiz_1_0/top_block_clk_wiz_1_0_in_context.xdc] for cell 'top_block_i/CLK_WRAPPER/clk_wiz_1'
Parsing XDC File [/home/nagafusa/work/spadi/Fakernet/SAMIDARE/samidare.gen/sources_1/bd/top_block/ip/top_block_clk_wiz_0_0/top_block_clk_wiz_0_0/top_block_clk_wiz_0_0_in_context.xdc] for cell 'top_block_i/CLK_WRAPPER/clk_wiz_0'
Finished Parsing XDC File [/home/nagafusa/work/spadi/Fakernet/SAMIDARE/samidare.gen/sources_1/bd/top_block/ip/top_block_clk_wiz_0_0/top_block_clk_wiz_0_0/top_block_clk_wiz_0_0_in_context.xdc] for cell 'top_block_i/CLK_WRAPPER/clk_wiz_0'
Parsing XDC File [/home/nagafusa/work/spadi/Fakernet/SAMIDARE/samidare.gen/sources_1/bd/top_block/ip/top_block_util_vector_logic_0_2/top_block_util_vector_logic_0_2/top_block_util_vector_logic_3_0_in_context.xdc] for cell 'top_block_i/SC_WRAPPER/led_module/util_vector_logic_0'
Finished Parsing XDC File [/home/nagafusa/work/spadi/Fakernet/SAMIDARE/samidare.gen/sources_1/bd/top_block/ip/top_block_util_vector_logic_0_2/top_block_util_vector_logic_0_2/top_block_util_vector_logic_3_0_in_context.xdc] for cell 'top_block_i/SC_WRAPPER/led_module/util_vector_logic_0'
Parsing XDC File [/home/nagafusa/work/spadi/Fakernet/SAMIDARE/samidare.gen/sources_1/bd/top_block/ip/top_block_u_led_inst_0_0/top_block_u_led_inst_0_0/top_block_u_led_inst_0_0_in_context.xdc] for cell 'top_block_i/SC_WRAPPER/led_module/u_led_inst_0'
Finished Parsing XDC File [/home/nagafusa/work/spadi/Fakernet/SAMIDARE/samidare.gen/sources_1/bd/top_block/ip/top_block_u_led_inst_0_0/top_block_u_led_inst_0_0/top_block_u_led_inst_0_0_in_context.xdc] for cell 'top_block_i/SC_WRAPPER/led_module/u_led_inst_0'
Parsing XDC File [/home/nagafusa/work/spadi/Fakernet/SAMIDARE/samidare.gen/sources_1/bd/top_block/ip/top_block_LED_REG_READ_SEPARAT_0_0/top_block_LED_REG_READ_SEPARAT_0_0/top_block_LED_REG_READ_SEPARAT_0_0_in_context.xdc] for cell 'top_block_i/SC_WRAPPER/led_module/LED_REG_READ_SEPARAT_0'
Finished Parsing XDC File [/home/nagafusa/work/spadi/Fakernet/SAMIDARE/samidare.gen/sources_1/bd/top_block/ip/top_block_LED_REG_READ_SEPARAT_0_0/top_block_LED_REG_READ_SEPARAT_0_0/top_block_LED_REG_READ_SEPARAT_0_0_in_context.xdc] for cell 'top_block_i/SC_WRAPPER/led_module/LED_REG_READ_SEPARAT_0'
Parsing XDC File [/home/nagafusa/work/spadi/Fakernet/SAMIDARE/samidare.gen/sources_1/bd/top_block/ip/top_block_LED_REG_READ_SEPARAT_1_0/top_block_LED_REG_READ_SEPARAT_1_0/top_block_LED_REG_READ_SEPARAT_1_0_in_context.xdc] for cell 'top_block_i/SC_WRAPPER/led_module/LED_REG_READ_SEPARAT_1'
Finished Parsing XDC File [/home/nagafusa/work/spadi/Fakernet/SAMIDARE/samidare.gen/sources_1/bd/top_block/ip/top_block_LED_REG_READ_SEPARAT_1_0/top_block_LED_REG_READ_SEPARAT_1_0/top_block_LED_REG_READ_SEPARAT_1_0_in_context.xdc] for cell 'top_block_i/SC_WRAPPER/led_module/LED_REG_READ_SEPARAT_1'
Parsing XDC File [/home/nagafusa/work/spadi/Fakernet/SAMIDARE/samidare.gen/sources_1/bd/top_block/ip/top_block_axi_iic_0_0/top_block_axi_iic_0_0/top_block_axi_iic_0_0_in_context.xdc] for cell 'top_block_i/SC_WRAPPER/SAMPA_I2C_wrapper/axi_iic_0'
Finished Parsing XDC File [/home/nagafusa/work/spadi/Fakernet/SAMIDARE/samidare.gen/sources_1/bd/top_block/ip/top_block_axi_iic_0_0/top_block_axi_iic_0_0/top_block_axi_iic_0_0_in_context.xdc] for cell 'top_block_i/SC_WRAPPER/SAMPA_I2C_wrapper/axi_iic_0'
Parsing XDC File [/home/nagafusa/work/spadi/Fakernet/SAMIDARE/samidare.gen/sources_1/bd/top_block/ip/top_block_I2C_Controller_v1_0_0_1/top_block_I2C_Controller_v1_0_0_1/top_block_I2C_Controller_v1_0_0_1_in_context.xdc] for cell 'top_block_i/SC_WRAPPER/SAMPA_I2C_wrapper/I2C_Controller_v1_0_0'
Finished Parsing XDC File [/home/nagafusa/work/spadi/Fakernet/SAMIDARE/samidare.gen/sources_1/bd/top_block/ip/top_block_I2C_Controller_v1_0_0_1/top_block_I2C_Controller_v1_0_0_1/top_block_I2C_Controller_v1_0_0_1_in_context.xdc] for cell 'top_block_i/SC_WRAPPER/SAMPA_I2C_wrapper/I2C_Controller_v1_0_0'
Parsing XDC File [/home/nagafusa/work/spadi/Fakernet/SAMIDARE/samidare.gen/sources_1/bd/top_block/ip/top_block_iobuf_vhdl_0_0/top_block_iobuf_vhdl_0_0/top_block_iobuf_vhdl_1_0_in_context.xdc] for cell 'top_block_i/SC_WRAPPER/SAMPA_I2C_wrapper/iobuf_vhdl_0'
Finished Parsing XDC File [/home/nagafusa/work/spadi/Fakernet/SAMIDARE/samidare.gen/sources_1/bd/top_block/ip/top_block_iobuf_vhdl_0_0/top_block_iobuf_vhdl_0_0/top_block_iobuf_vhdl_1_0_in_context.xdc] for cell 'top_block_i/SC_WRAPPER/SAMPA_I2C_wrapper/iobuf_vhdl_0'
Parsing XDC File [/home/nagafusa/work/spadi/Fakernet/SAMIDARE/samidare.gen/sources_1/bd/top_block/ip/top_block_iobuf_vhdl_1_0/top_block_iobuf_vhdl_1_0/top_block_iobuf_vhdl_1_0_in_context.xdc] for cell 'top_block_i/SC_WRAPPER/SAMPA_I2C_wrapper/iobuf_vhdl_1'
Finished Parsing XDC File [/home/nagafusa/work/spadi/Fakernet/SAMIDARE/samidare.gen/sources_1/bd/top_block/ip/top_block_iobuf_vhdl_1_0/top_block_iobuf_vhdl_1_0/top_block_iobuf_vhdl_1_0_in_context.xdc] for cell 'top_block_i/SC_WRAPPER/SAMPA_I2C_wrapper/iobuf_vhdl_1'
Parsing XDC File [/home/nagafusa/work/spadi/Fakernet/SAMIDARE/samidare.gen/sources_1/bd/top_block/ip/top_block_SAMPA_PON_v1_0_0_0/top_block_SAMPA_PON_v1_0_0_0/top_block_SAMPA_PON_v1_0_0_0_in_context.xdc] for cell 'top_block_i/SC_WRAPPER/SAMPA_PON_v1_0_0'
Finished Parsing XDC File [/home/nagafusa/work/spadi/Fakernet/SAMIDARE/samidare.gen/sources_1/bd/top_block/ip/top_block_SAMPA_PON_v1_0_0_0/top_block_SAMPA_PON_v1_0_0_0/top_block_SAMPA_PON_v1_0_0_0_in_context.xdc] for cell 'top_block_i/SC_WRAPPER/SAMPA_PON_v1_0_0'
Parsing XDC File [/home/nagafusa/work/spadi/Fakernet/SAMIDARE/samidare.srcs/constrs_1/new/GTH.xdc]
Finished Parsing XDC File [/home/nagafusa/work/spadi/Fakernet/SAMIDARE/samidare.srcs/constrs_1/new/GTH.xdc]
INFO: [Project 1-236] Implementation specific constraints were found while reading constraint file [/home/nagafusa/work/spadi/Fakernet/SAMIDARE/samidare.srcs/constrs_1/new/GTH.xdc]. These constraints will be ignored for synthesis but will be used in implementation. Impacted constraints are listed in the file [.Xil/top_block_wrapper_propImpl.xdc].
Resolution: To avoid this warning, move constraints listed in [.Xil/top_block_wrapper_propImpl.xdc] to another XDC file and exclude this new file from synthesis with the used_in_synthesis property (File Properties dialog in GUI) and re-run elaboration/synthesis.
Parsing XDC File [/home/nagafusa/work/spadi/Fakernet/SAMIDARE/samidare.srcs/constrs_1/new/main_io.xdc]
WARNING: [Constraints 18-619] A clock with name 'BASECLK' already exists, overwriting the previous clock with the same name. [/home/nagafusa/work/spadi/Fakernet/SAMIDARE/samidare.srcs/constrs_1/new/main_io.xdc:23]
WARNING: [Vivado 12-584] No ports matched 'BX_SYNX_TRG_N[0]'. [/home/nagafusa/work/spadi/Fakernet/SAMIDARE/samidare.srcs/constrs_1/new/main_io.xdc:150]
Finished Parsing XDC File [/home/nagafusa/work/spadi/Fakernet/SAMIDARE/samidare.srcs/constrs_1/new/main_io.xdc]
WARNING: [Project 1-498] One or more constraints failed evaluation while reading constraint file [/home/nagafusa/work/spadi/Fakernet/SAMIDARE/samidare.srcs/constrs_1/new/main_io.xdc] and the design contains unresolved black boxes. These constraints will be read post-synthesis (as long as their source constraint file is marked as used_in_implementation) and should be applied correctly then. You should review the constraints listed in the file [.Xil/top_block_wrapper_propImpl.xdc] and check the run log file to verify that these constraints were correctly applied.
INFO: [Project 1-236] Implementation specific constraints were found while reading constraint file [/home/nagafusa/work/spadi/Fakernet/SAMIDARE/samidare.srcs/constrs_1/new/main_io.xdc]. These constraints will be ignored for synthesis but will be used in implementation. Impacted constraints are listed in the file [.Xil/top_block_wrapper_propImpl.xdc].
Resolution: To avoid this warning, move constraints listed in [.Xil/top_block_wrapper_propImpl.xdc] to another XDC file and exclude this new file from synthesis with the used_in_synthesis property (File Properties dialog in GUI) and re-run elaboration/synthesis.
Parsing XDC File [/home/nagafusa/work/spadi/Fakernet/SAMIDARE/samidare.srcs/constrs_1/new/samidare_io.xdc]
Finished Parsing XDC File [/home/nagafusa/work/spadi/Fakernet/SAMIDARE/samidare.srcs/constrs_1/new/samidare_io.xdc]
INFO: [Project 1-236] Implementation specific constraints were found while reading constraint file [/home/nagafusa/work/spadi/Fakernet/SAMIDARE/samidare.srcs/constrs_1/new/samidare_io.xdc]. These constraints will be ignored for synthesis but will be used in implementation. Impacted constraints are listed in the file [.Xil/top_block_wrapper_propImpl.xdc].
Resolution: To avoid this warning, move constraints listed in [.Xil/top_block_wrapper_propImpl.xdc] to another XDC file and exclude this new file from synthesis with the used_in_synthesis property (File Properties dialog in GUI) and re-run elaboration/synthesis.
Parsing XDC File [/home/nagafusa/work/spadi/Fakernet/SAMIDARE/samidare.runs/synth_1/dont_touch.xdc]
Finished Parsing XDC File [/home/nagafusa/work/spadi/Fakernet/SAMIDARE/samidare.runs/synth_1/dont_touch.xdc]
INFO: [Project 1-236] Implementation specific constraints were found while reading constraint file [/home/nagafusa/work/spadi/Fakernet/SAMIDARE/samidare.runs/synth_1/dont_touch.xdc]. These constraints will be ignored for synthesis but will be used in implementation. Impacted constraints are listed in the file [.Xil/top_block_wrapper_propImpl.xdc].
Resolution: To avoid this warning, move constraints listed in [.Xil/top_block_wrapper_propImpl.xdc] to another XDC file and exclude this new file from synthesis with the used_in_synthesis property (File Properties dialog in GUI) and re-run elaboration/synthesis.
Completed Processing XDC Constraints

Netlist sorting complete. Time (s): cpu = 00:00:00 ; elapsed = 00:00:00 . Memory (MB): peak = 2512.254 ; gain = 0.000 ; free physical = 40072 ; free virtual = 60231
INFO: [Project 1-111] Unisim Transformation Summary:
No Unisim elements were transformed.

Constraint Validation Runtime : Time (s): cpu = 00:00:00.01 ; elapsed = 00:00:00.02 . Memory (MB): peak = 2512.254 ; gain = 0.000 ; free physical = 40072 ; free virtual = 60231
WARNING: [Timing 38-316] Clock period '20.000' specified during out-of-context synthesis of instance 'top_block_i/reg_bram/blk_mem_gen_0' at clock pin 'clka' is different from the actual clock period '8.000', this can lead to different synthesis results.
INFO: [Designutils 20-5440] No compile time benefit to using incremental synthesis; A full resynthesis will be run
INFO: [Designutils 20-4379] Flow is switching to default flow due to incremental criteria not met. If you would like to alter this behaviour and have the flow terminate instead, please set the following parameter config_implementation {autoIncr.Synth.RejectBehavior Terminate}
INFO: [Synth 8-11241] undeclared symbol 'REGCCE', assumed default net type 'wire' [/opt/Xilinx/Vivado/2022.2/data/verilog/src/unimacro/BRAM_SINGLE_MACRO.v:2170]
---------------------------------------------------------------------------------
Finished Constraint Validation : Time (s): cpu = 00:00:08 ; elapsed = 00:00:09 . Memory (MB): peak = 2512.254 ; gain = 0.000 ; free physical = 40118 ; free virtual = 60277
Synthesis current peak Physical Memory [PSS] (MB): peak = 1502.659; parent = 1334.437; children = 168.223
Synthesis current peak Virtual Memory [VSS] (MB): peak = 3306.582; parent = 2338.078; children = 968.504
---------------------------------------------------------------------------------
---------------------------------------------------------------------------------
Start Loading Part and Timing Information
---------------------------------------------------------------------------------
Loading part: xcau15p-sbvb484-1-i
INFO: [Synth 8-6742] Reading net delay rules and data
---------------------------------------------------------------------------------
Finished Loading Part and Timing Information : Time (s): cpu = 00:00:08 ; elapsed = 00:00:09 . Memory (MB): peak = 2512.254 ; gain = 0.000 ; free physical = 40118 ; free virtual = 60277
Synthesis current peak Physical Memory [PSS] (MB): peak = 1502.659; parent = 1334.437; children = 168.223
Synthesis current peak Virtual Memory [VSS] (MB): peak = 3306.582; parent = 2338.078; children = 968.504
---------------------------------------------------------------------------------
---------------------------------------------------------------------------------
Start Applying 'set_property' XDC Constraints
---------------------------------------------------------------------------------
Applied set_property IO_BUFFER_TYPE = NONE for SFP_CLK_N. (constraint file  /home/nagafusa/work/spadi/Fakernet/SAMIDARE/samidare.gen/sources_1/bd/top_block/ip/top_block_gig_ethernet_pcs_pma_0_0/top_block_gig_ethernet_pcs_pma_0_0/top_block_gig_ethernet_pcs_pma_0_0_in_context.xdc, line 2).
Applied set_property CLOCK_BUFFER_TYPE = NONE for SFP_CLK_N. (constraint file  /home/nagafusa/work/spadi/Fakernet/SAMIDARE/samidare.gen/sources_1/bd/top_block/ip/top_block_gig_ethernet_pcs_pma_0_0/top_block_gig_ethernet_pcs_pma_0_0/top_block_gig_ethernet_pcs_pma_0_0_in_context.xdc, line 3).
Applied set_property IO_BUFFER_TYPE = NONE for SFP_CLK_P. (constraint file  /home/nagafusa/work/spadi/Fakernet/SAMIDARE/samidare.gen/sources_1/bd/top_block/ip/top_block_gig_ethernet_pcs_pma_0_0/top_block_gig_ethernet_pcs_pma_0_0/top_block_gig_ethernet_pcs_pma_0_0_in_context.xdc, line 4).
Applied set_property CLOCK_BUFFER_TYPE = NONE for SFP_CLK_P. (constraint file  /home/nagafusa/work/spadi/Fakernet/SAMIDARE/samidare.gen/sources_1/bd/top_block/ip/top_block_gig_ethernet_pcs_pma_0_0/top_block_gig_ethernet_pcs_pma_0_0/top_block_gig_ethernet_pcs_pma_0_0_in_context.xdc, line 5).
Applied set_property IO_BUFFER_TYPE = NONE for SFP0RXN. (constraint file  /home/nagafusa/work/spadi/Fakernet/SAMIDARE/samidare.gen/sources_1/bd/top_block/ip/top_block_gig_ethernet_pcs_pma_0_0/top_block_gig_ethernet_pcs_pma_0_0/top_block_gig_ethernet_pcs_pma_0_0_in_context.xdc, line 6).
Applied set_property CLOCK_BUFFER_TYPE = NONE for SFP0RXN. (constraint file  /home/nagafusa/work/spadi/Fakernet/SAMIDARE/samidare.gen/sources_1/bd/top_block/ip/top_block_gig_ethernet_pcs_pma_0_0/top_block_gig_ethernet_pcs_pma_0_0/top_block_gig_ethernet_pcs_pma_0_0_in_context.xdc, line 7).
Applied set_property IO_BUFFER_TYPE = NONE for SFP0RXP. (constraint file  /home/nagafusa/work/spadi/Fakernet/SAMIDARE/samidare.gen/sources_1/bd/top_block/ip/top_block_gig_ethernet_pcs_pma_0_0/top_block_gig_ethernet_pcs_pma_0_0/top_block_gig_ethernet_pcs_pma_0_0_in_context.xdc, line 8).
Applied set_property CLOCK_BUFFER_TYPE = NONE for SFP0RXP. (constraint file  /home/nagafusa/work/spadi/Fakernet/SAMIDARE/samidare.gen/sources_1/bd/top_block/ip/top_block_gig_ethernet_pcs_pma_0_0/top_block_gig_ethernet_pcs_pma_0_0/top_block_gig_ethernet_pcs_pma_0_0_in_context.xdc, line 9).
Applied set_property IO_BUFFER_TYPE = NONE for SFP0TXN. (constraint file  /home/nagafusa/work/spadi/Fakernet/SAMIDARE/samidare.gen/sources_1/bd/top_block/ip/top_block_gig_ethernet_pcs_pma_0_0/top_block_gig_ethernet_pcs_pma_0_0/top_block_gig_ethernet_pcs_pma_0_0_in_context.xdc, line 10).
Applied set_property CLOCK_BUFFER_TYPE = NONE for SFP0TXN. (constraint file  /home/nagafusa/work/spadi/Fakernet/SAMIDARE/samidare.gen/sources_1/bd/top_block/ip/top_block_gig_ethernet_pcs_pma_0_0/top_block_gig_ethernet_pcs_pma_0_0/top_block_gig_ethernet_pcs_pma_0_0_in_context.xdc, line 11).
Applied set_property IO_BUFFER_TYPE = NONE for SFP0TXP. (constraint file  /home/nagafusa/work/spadi/Fakernet/SAMIDARE/samidare.gen/sources_1/bd/top_block/ip/top_block_gig_ethernet_pcs_pma_0_0/top_block_gig_ethernet_pcs_pma_0_0/top_block_gig_ethernet_pcs_pma_0_0_in_context.xdc, line 12).
Applied set_property CLOCK_BUFFER_TYPE = NONE for SFP0TXP. (constraint file  /home/nagafusa/work/spadi/Fakernet/SAMIDARE/samidare.gen/sources_1/bd/top_block/ip/top_block_gig_ethernet_pcs_pma_0_0/top_block_gig_ethernet_pcs_pma_0_0/top_block_gig_ethernet_pcs_pma_0_0_in_context.xdc, line 13).
Applied set_property IO_BUFFER_TYPE = NONE for SO0N[0]. (constraint file  /home/nagafusa/work/spadi/Fakernet/SAMIDARE/samidare.gen/sources_1/bd/top_block/ip/top_block_util_ds_buf_5_0/top_block_util_ds_buf_5_0/top_block_util_ds_buf_5_0_in_context.xdc, line 2).
Applied set_property CLOCK_BUFFER_TYPE = NONE for SO0N[0]. (constraint file  /home/nagafusa/work/spadi/Fakernet/SAMIDARE/samidare.gen/sources_1/bd/top_block/ip/top_block_util_ds_buf_5_0/top_block_util_ds_buf_5_0/top_block_util_ds_buf_5_0_in_context.xdc, line 3).
Applied set_property IO_BUFFER_TYPE = NONE for SO0N[10]. (constraint file  /home/nagafusa/work/spadi/Fakernet/SAMIDARE/samidare.gen/sources_1/bd/top_block/ip/top_block_util_ds_buf_5_0/top_block_util_ds_buf_5_0/top_block_util_ds_buf_5_0_in_context.xdc, line 4).
Applied set_property CLOCK_BUFFER_TYPE = NONE for SO0N[10]. (constraint file  /home/nagafusa/work/spadi/Fakernet/SAMIDARE/samidare.gen/sources_1/bd/top_block/ip/top_block_util_ds_buf_5_0/top_block_util_ds_buf_5_0/top_block_util_ds_buf_5_0_in_context.xdc, line 5).
Applied set_property IO_BUFFER_TYPE = NONE for SO0N[1]. (constraint file  /home/nagafusa/work/spadi/Fakernet/SAMIDARE/samidare.gen/sources_1/bd/top_block/ip/top_block_util_ds_buf_5_0/top_block_util_ds_buf_5_0/top_block_util_ds_buf_5_0_in_context.xdc, line 6).
Applied set_property CLOCK_BUFFER_TYPE = NONE for SO0N[1]. (constraint file  /home/nagafusa/work/spadi/Fakernet/SAMIDARE/samidare.gen/sources_1/bd/top_block/ip/top_block_util_ds_buf_5_0/top_block_util_ds_buf_5_0/top_block_util_ds_buf_5_0_in_context.xdc, line 7).
Applied set_property IO_BUFFER_TYPE = NONE for SO0N[2]. (constraint file  /home/nagafusa/work/spadi/Fakernet/SAMIDARE/samidare.gen/sources_1/bd/top_block/ip/top_block_util_ds_buf_5_0/top_block_util_ds_buf_5_0/top_block_util_ds_buf_5_0_in_context.xdc, line 8).
Applied set_property CLOCK_BUFFER_TYPE = NONE for SO0N[2]. (constraint file  /home/nagafusa/work/spadi/Fakernet/SAMIDARE/samidare.gen/sources_1/bd/top_block/ip/top_block_util_ds_buf_5_0/top_block_util_ds_buf_5_0/top_block_util_ds_buf_5_0_in_context.xdc, line 9).
Applied set_property IO_BUFFER_TYPE = NONE for SO0N[3]. (constraint file  /home/nagafusa/work/spadi/Fakernet/SAMIDARE/samidare.gen/sources_1/bd/top_block/ip/top_block_util_ds_buf_5_0/top_block_util_ds_buf_5_0/top_block_util_ds_buf_5_0_in_context.xdc, line 10).
Applied set_property CLOCK_BUFFER_TYPE = NONE for SO0N[3]. (constraint file  /home/nagafusa/work/spadi/Fakernet/SAMIDARE/samidare.gen/sources_1/bd/top_block/ip/top_block_util_ds_buf_5_0/top_block_util_ds_buf_5_0/top_block_util_ds_buf_5_0_in_context.xdc, line 11).
Applied set_property IO_BUFFER_TYPE = NONE for SO0N[4]. (constraint file  /home/nagafusa/work/spadi/Fakernet/SAMIDARE/samidare.gen/sources_1/bd/top_block/ip/top_block_util_ds_buf_5_0/top_block_util_ds_buf_5_0/top_block_util_ds_buf_5_0_in_context.xdc, line 12).
Applied set_property CLOCK_BUFFER_TYPE = NONE for SO0N[4]. (constraint file  /home/nagafusa/work/spadi/Fakernet/SAMIDARE/samidare.gen/sources_1/bd/top_block/ip/top_block_util_ds_buf_5_0/top_block_util_ds_buf_5_0/top_block_util_ds_buf_5_0_in_context.xdc, line 13).
Applied set_property IO_BUFFER_TYPE = NONE for SO0N[5]. (constraint file  /home/nagafusa/work/spadi/Fakernet/SAMIDARE/samidare.gen/sources_1/bd/top_block/ip/top_block_util_ds_buf_5_0/top_block_util_ds_buf_5_0/top_block_util_ds_buf_5_0_in_context.xdc, line 14).
Applied set_property CLOCK_BUFFER_TYPE = NONE for SO0N[5]. (constraint file  /home/nagafusa/work/spadi/Fakernet/SAMIDARE/samidare.gen/sources_1/bd/top_block/ip/top_block_util_ds_buf_5_0/top_block_util_ds_buf_5_0/top_block_util_ds_buf_5_0_in_context.xdc, line 15).
Applied set_property IO_BUFFER_TYPE = NONE for SO0N[6]. (constraint file  /home/nagafusa/work/spadi/Fakernet/SAMIDARE/samidare.gen/sources_1/bd/top_block/ip/top_block_util_ds_buf_5_0/top_block_util_ds_buf_5_0/top_block_util_ds_buf_5_0_in_context.xdc, line 16).
Applied set_property CLOCK_BUFFER_TYPE = NONE for SO0N[6]. (constraint file  /home/nagafusa/work/spadi/Fakernet/SAMIDARE/samidare.gen/sources_1/bd/top_block/ip/top_block_util_ds_buf_5_0/top_block_util_ds_buf_5_0/top_block_util_ds_buf_5_0_in_context.xdc, line 17).
Applied set_property IO_BUFFER_TYPE = NONE for SO0N[7]. (constraint file  /home/nagafusa/work/spadi/Fakernet/SAMIDARE/samidare.gen/sources_1/bd/top_block/ip/top_block_util_ds_buf_5_0/top_block_util_ds_buf_5_0/top_block_util_ds_buf_5_0_in_context.xdc, line 18).
Applied set_property CLOCK_BUFFER_TYPE = NONE for SO0N[7]. (constraint file  /home/nagafusa/work/spadi/Fakernet/SAMIDARE/samidare.gen/sources_1/bd/top_block/ip/top_block_util_ds_buf_5_0/top_block_util_ds_buf_5_0/top_block_util_ds_buf_5_0_in_context.xdc, line 19).
Applied set_property IO_BUFFER_TYPE = NONE for SO0N[8]. (constraint file  /home/nagafusa/work/spadi/Fakernet/SAMIDARE/samidare.gen/sources_1/bd/top_block/ip/top_block_util_ds_buf_5_0/top_block_util_ds_buf_5_0/top_block_util_ds_buf_5_0_in_context.xdc, line 20).
Applied set_property CLOCK_BUFFER_TYPE = NONE for SO0N[8]. (constraint file  /home/nagafusa/work/spadi/Fakernet/SAMIDARE/samidare.gen/sources_1/bd/top_block/ip/top_block_util_ds_buf_5_0/top_block_util_ds_buf_5_0/top_block_util_ds_buf_5_0_in_context.xdc, line 21).
Applied set_property IO_BUFFER_TYPE = NONE for SO0N[9]. (constraint file  /home/nagafusa/work/spadi/Fakernet/SAMIDARE/samidare.gen/sources_1/bd/top_block/ip/top_block_util_ds_buf_5_0/top_block_util_ds_buf_5_0/top_block_util_ds_buf_5_0_in_context.xdc, line 22).
Applied set_property CLOCK_BUFFER_TYPE = NONE for SO0N[9]. (constraint file  /home/nagafusa/work/spadi/Fakernet/SAMIDARE/samidare.gen/sources_1/bd/top_block/ip/top_block_util_ds_buf_5_0/top_block_util_ds_buf_5_0/top_block_util_ds_buf_5_0_in_context.xdc, line 23).
Applied set_property IO_BUFFER_TYPE = NONE for SO0P[0]. (constraint file  /home/nagafusa/work/spadi/Fakernet/SAMIDARE/samidare.gen/sources_1/bd/top_block/ip/top_block_util_ds_buf_5_0/top_block_util_ds_buf_5_0/top_block_util_ds_buf_5_0_in_context.xdc, line 24).
Applied set_property CLOCK_BUFFER_TYPE = NONE for SO0P[0]. (constraint file  /home/nagafusa/work/spadi/Fakernet/SAMIDARE/samidare.gen/sources_1/bd/top_block/ip/top_block_util_ds_buf_5_0/top_block_util_ds_buf_5_0/top_block_util_ds_buf_5_0_in_context.xdc, line 25).
Applied set_property IO_BUFFER_TYPE = NONE for SO0P[10]. (constraint file  /home/nagafusa/work/spadi/Fakernet/SAMIDARE/samidare.gen/sources_1/bd/top_block/ip/top_block_util_ds_buf_5_0/top_block_util_ds_buf_5_0/top_block_util_ds_buf_5_0_in_context.xdc, line 26).
Applied set_property CLOCK_BUFFER_TYPE = NONE for SO0P[10]. (constraint file  /home/nagafusa/work/spadi/Fakernet/SAMIDARE/samidare.gen/sources_1/bd/top_block/ip/top_block_util_ds_buf_5_0/top_block_util_ds_buf_5_0/top_block_util_ds_buf_5_0_in_context.xdc, line 27).
Applied set_property IO_BUFFER_TYPE = NONE for SO0P[1]. (constraint file  /home/nagafusa/work/spadi/Fakernet/SAMIDARE/samidare.gen/sources_1/bd/top_block/ip/top_block_util_ds_buf_5_0/top_block_util_ds_buf_5_0/top_block_util_ds_buf_5_0_in_context.xdc, line 28).
Applied set_property CLOCK_BUFFER_TYPE = NONE for SO0P[1]. (constraint file  /home/nagafusa/work/spadi/Fakernet/SAMIDARE/samidare.gen/sources_1/bd/top_block/ip/top_block_util_ds_buf_5_0/top_block_util_ds_buf_5_0/top_block_util_ds_buf_5_0_in_context.xdc, line 29).
Applied set_property IO_BUFFER_TYPE = NONE for SO0P[2]. (constraint file  /home/nagafusa/work/spadi/Fakernet/SAMIDARE/samidare.gen/sources_1/bd/top_block/ip/top_block_util_ds_buf_5_0/top_block_util_ds_buf_5_0/top_block_util_ds_buf_5_0_in_context.xdc, line 30).
Applied set_property CLOCK_BUFFER_TYPE = NONE for SO0P[2]. (constraint file  /home/nagafusa/work/spadi/Fakernet/SAMIDARE/samidare.gen/sources_1/bd/top_block/ip/top_block_util_ds_buf_5_0/top_block_util_ds_buf_5_0/top_block_util_ds_buf_5_0_in_context.xdc, line 31).
Applied set_property IO_BUFFER_TYPE = NONE for SO0P[3]. (constraint file  /home/nagafusa/work/spadi/Fakernet/SAMIDARE/samidare.gen/sources_1/bd/top_block/ip/top_block_util_ds_buf_5_0/top_block_util_ds_buf_5_0/top_block_util_ds_buf_5_0_in_context.xdc, line 32).
Applied set_property CLOCK_BUFFER_TYPE = NONE for SO0P[3]. (constraint file  /home/nagafusa/work/spadi/Fakernet/SAMIDARE/samidare.gen/sources_1/bd/top_block/ip/top_block_util_ds_buf_5_0/top_block_util_ds_buf_5_0/top_block_util_ds_buf_5_0_in_context.xdc, line 33).
Applied set_property IO_BUFFER_TYPE = NONE for SO0P[4]. (constraint file  /home/nagafusa/work/spadi/Fakernet/SAMIDARE/samidare.gen/sources_1/bd/top_block/ip/top_block_util_ds_buf_5_0/top_block_util_ds_buf_5_0/top_block_util_ds_buf_5_0_in_context.xdc, line 34).
Applied set_property CLOCK_BUFFER_TYPE = NONE for SO0P[4]. (constraint file  /home/nagafusa/work/spadi/Fakernet/SAMIDARE/samidare.gen/sources_1/bd/top_block/ip/top_block_util_ds_buf_5_0/top_block_util_ds_buf_5_0/top_block_util_ds_buf_5_0_in_context.xdc, line 35).
Applied set_property IO_BUFFER_TYPE = NONE for SO0P[5]. (constraint file  /home/nagafusa/work/spadi/Fakernet/SAMIDARE/samidare.gen/sources_1/bd/top_block/ip/top_block_util_ds_buf_5_0/top_block_util_ds_buf_5_0/top_block_util_ds_buf_5_0_in_context.xdc, line 36).
Applied set_property CLOCK_BUFFER_TYPE = NONE for SO0P[5]. (constraint file  /home/nagafusa/work/spadi/Fakernet/SAMIDARE/samidare.gen/sources_1/bd/top_block/ip/top_block_util_ds_buf_5_0/top_block_util_ds_buf_5_0/top_block_util_ds_buf_5_0_in_context.xdc, line 37).
Applied set_property IO_BUFFER_TYPE = NONE for SO0P[6]. (constraint file  /home/nagafusa/work/spadi/Fakernet/SAMIDARE/samidare.gen/sources_1/bd/top_block/ip/top_block_util_ds_buf_5_0/top_block_util_ds_buf_5_0/top_block_util_ds_buf_5_0_in_context.xdc, line 38).
Applied set_property CLOCK_BUFFER_TYPE = NONE for SO0P[6]. (constraint file  /home/nagafusa/work/spadi/Fakernet/SAMIDARE/samidare.gen/sources_1/bd/top_block/ip/top_block_util_ds_buf_5_0/top_block_util_ds_buf_5_0/top_block_util_ds_buf_5_0_in_context.xdc, line 39).
Applied set_property IO_BUFFER_TYPE = NONE for SO0P[7]. (constraint file  /home/nagafusa/work/spadi/Fakernet/SAMIDARE/samidare.gen/sources_1/bd/top_block/ip/top_block_util_ds_buf_5_0/top_block_util_ds_buf_5_0/top_block_util_ds_buf_5_0_in_context.xdc, line 40).
Applied set_property CLOCK_BUFFER_TYPE = NONE for SO0P[7]. (constraint file  /home/nagafusa/work/spadi/Fakernet/SAMIDARE/samidare.gen/sources_1/bd/top_block/ip/top_block_util_ds_buf_5_0/top_block_util_ds_buf_5_0/top_block_util_ds_buf_5_0_in_context.xdc, line 41).
Applied set_property IO_BUFFER_TYPE = NONE for SO0P[8]. (constraint file  /home/nagafusa/work/spadi/Fakernet/SAMIDARE/samidare.gen/sources_1/bd/top_block/ip/top_block_util_ds_buf_5_0/top_block_util_ds_buf_5_0/top_block_util_ds_buf_5_0_in_context.xdc, line 42).
Applied set_property CLOCK_BUFFER_TYPE = NONE for SO0P[8]. (constraint file  /home/nagafusa/work/spadi/Fakernet/SAMIDARE/samidare.gen/sources_1/bd/top_block/ip/top_block_util_ds_buf_5_0/top_block_util_ds_buf_5_0/top_block_util_ds_buf_5_0_in_context.xdc, line 43).
Applied set_property IO_BUFFER_TYPE = NONE for SO0P[9]. (constraint file  /home/nagafusa/work/spadi/Fakernet/SAMIDARE/samidare.gen/sources_1/bd/top_block/ip/top_block_util_ds_buf_5_0/top_block_util_ds_buf_5_0/top_block_util_ds_buf_5_0_in_context.xdc, line 44).
Applied set_property CLOCK_BUFFER_TYPE = NONE for SO0P[9]. (constraint file  /home/nagafusa/work/spadi/Fakernet/SAMIDARE/samidare.gen/sources_1/bd/top_block/ip/top_block_util_ds_buf_5_0/top_block_util_ds_buf_5_0/top_block_util_ds_buf_5_0_in_context.xdc, line 45).
Applied set_property IO_BUFFER_TYPE = NONE for SO1N[0]. (constraint file  /home/nagafusa/work/spadi/Fakernet/SAMIDARE/samidare.gen/sources_1/bd/top_block/ip/top_block_util_ds_buf_6_0/top_block_util_ds_buf_6_0/top_block_util_ds_buf_5_0_in_context.xdc, line 2).
Applied set_property CLOCK_BUFFER_TYPE = NONE for SO1N[0]. (constraint file  /home/nagafusa/work/spadi/Fakernet/SAMIDARE/samidare.gen/sources_1/bd/top_block/ip/top_block_util_ds_buf_6_0/top_block_util_ds_buf_6_0/top_block_util_ds_buf_5_0_in_context.xdc, line 3).
Applied set_property IO_BUFFER_TYPE = NONE for SO1N[10]. (constraint file  /home/nagafusa/work/spadi/Fakernet/SAMIDARE/samidare.gen/sources_1/bd/top_block/ip/top_block_util_ds_buf_6_0/top_block_util_ds_buf_6_0/top_block_util_ds_buf_5_0_in_context.xdc, line 4).
Applied set_property CLOCK_BUFFER_TYPE = NONE for SO1N[10]. (constraint file  /home/nagafusa/work/spadi/Fakernet/SAMIDARE/samidare.gen/sources_1/bd/top_block/ip/top_block_util_ds_buf_6_0/top_block_util_ds_buf_6_0/top_block_util_ds_buf_5_0_in_context.xdc, line 5).
Applied set_property IO_BUFFER_TYPE = NONE for SO1N[1]. (constraint file  /home/nagafusa/work/spadi/Fakernet/SAMIDARE/samidare.gen/sources_1/bd/top_block/ip/top_block_util_ds_buf_6_0/top_block_util_ds_buf_6_0/top_block_util_ds_buf_5_0_in_context.xdc, line 6).
Applied set_property CLOCK_BUFFER_TYPE = NONE for SO1N[1]. (constraint file  /home/nagafusa/work/spadi/Fakernet/SAMIDARE/samidare.gen/sources_1/bd/top_block/ip/top_block_util_ds_buf_6_0/top_block_util_ds_buf_6_0/top_block_util_ds_buf_5_0_in_context.xdc, line 7).
Applied set_property IO_BUFFER_TYPE = NONE for SO1N[2]. (constraint file  /home/nagafusa/work/spadi/Fakernet/SAMIDARE/samidare.gen/sources_1/bd/top_block/ip/top_block_util_ds_buf_6_0/top_block_util_ds_buf_6_0/top_block_util_ds_buf_5_0_in_context.xdc, line 8).
Applied set_property CLOCK_BUFFER_TYPE = NONE for SO1N[2]. (constraint file  /home/nagafusa/work/spadi/Fakernet/SAMIDARE/samidare.gen/sources_1/bd/top_block/ip/top_block_util_ds_buf_6_0/top_block_util_ds_buf_6_0/top_block_util_ds_buf_5_0_in_context.xdc, line 9).
Applied set_property IO_BUFFER_TYPE = NONE for SO1N[3]. (constraint file  /home/nagafusa/work/spadi/Fakernet/SAMIDARE/samidare.gen/sources_1/bd/top_block/ip/top_block_util_ds_buf_6_0/top_block_util_ds_buf_6_0/top_block_util_ds_buf_5_0_in_context.xdc, line 10).
Applied set_property CLOCK_BUFFER_TYPE = NONE for SO1N[3]. (constraint file  /home/nagafusa/work/spadi/Fakernet/SAMIDARE/samidare.gen/sources_1/bd/top_block/ip/top_block_util_ds_buf_6_0/top_block_util_ds_buf_6_0/top_block_util_ds_buf_5_0_in_context.xdc, line 11).
Applied set_property IO_BUFFER_TYPE = NONE for SO1N[4]. (constraint file  /home/nagafusa/work/spadi/Fakernet/SAMIDARE/samidare.gen/sources_1/bd/top_block/ip/top_block_util_ds_buf_6_0/top_block_util_ds_buf_6_0/top_block_util_ds_buf_5_0_in_context.xdc, line 12).
Applied set_property CLOCK_BUFFER_TYPE = NONE for SO1N[4]. (constraint file  /home/nagafusa/work/spadi/Fakernet/SAMIDARE/samidare.gen/sources_1/bd/top_block/ip/top_block_util_ds_buf_6_0/top_block_util_ds_buf_6_0/top_block_util_ds_buf_5_0_in_context.xdc, line 13).
Applied set_property IO_BUFFER_TYPE = NONE for SO1N[5]. (constraint file  /home/nagafusa/work/spadi/Fakernet/SAMIDARE/samidare.gen/sources_1/bd/top_block/ip/top_block_util_ds_buf_6_0/top_block_util_ds_buf_6_0/top_block_util_ds_buf_5_0_in_context.xdc, line 14).
Applied set_property CLOCK_BUFFER_TYPE = NONE for SO1N[5]. (constraint file  /home/nagafusa/work/spadi/Fakernet/SAMIDARE/samidare.gen/sources_1/bd/top_block/ip/top_block_util_ds_buf_6_0/top_block_util_ds_buf_6_0/top_block_util_ds_buf_5_0_in_context.xdc, line 15).
Applied set_property IO_BUFFER_TYPE = NONE for SO1N[6]. (constraint file  /home/nagafusa/work/spadi/Fakernet/SAMIDARE/samidare.gen/sources_1/bd/top_block/ip/top_block_util_ds_buf_6_0/top_block_util_ds_buf_6_0/top_block_util_ds_buf_5_0_in_context.xdc, line 16).
Applied set_property CLOCK_BUFFER_TYPE = NONE for SO1N[6]. (constraint file  /home/nagafusa/work/spadi/Fakernet/SAMIDARE/samidare.gen/sources_1/bd/top_block/ip/top_block_util_ds_buf_6_0/top_block_util_ds_buf_6_0/top_block_util_ds_buf_5_0_in_context.xdc, line 17).
Applied set_property IO_BUFFER_TYPE = NONE for SO1N[7]. (constraint file  /home/nagafusa/work/spadi/Fakernet/SAMIDARE/samidare.gen/sources_1/bd/top_block/ip/top_block_util_ds_buf_6_0/top_block_util_ds_buf_6_0/top_block_util_ds_buf_5_0_in_context.xdc, line 18).
Applied set_property CLOCK_BUFFER_TYPE = NONE for SO1N[7]. (constraint file  /home/nagafusa/work/spadi/Fakernet/SAMIDARE/samidare.gen/sources_1/bd/top_block/ip/top_block_util_ds_buf_6_0/top_block_util_ds_buf_6_0/top_block_util_ds_buf_5_0_in_context.xdc, line 19).
Applied set_property IO_BUFFER_TYPE = NONE for SO1N[8]. (constraint file  /home/nagafusa/work/spadi/Fakernet/SAMIDARE/samidare.gen/sources_1/bd/top_block/ip/top_block_util_ds_buf_6_0/top_block_util_ds_buf_6_0/top_block_util_ds_buf_5_0_in_context.xdc, line 20).
Applied set_property CLOCK_BUFFER_TYPE = NONE for SO1N[8]. (constraint file  /home/nagafusa/work/spadi/Fakernet/SAMIDARE/samidare.gen/sources_1/bd/top_block/ip/top_block_util_ds_buf_6_0/top_block_util_ds_buf_6_0/top_block_util_ds_buf_5_0_in_context.xdc, line 21).
Applied set_property IO_BUFFER_TYPE = NONE for SO1N[9]. (constraint file  /home/nagafusa/work/spadi/Fakernet/SAMIDARE/samidare.gen/sources_1/bd/top_block/ip/top_block_util_ds_buf_6_0/top_block_util_ds_buf_6_0/top_block_util_ds_buf_5_0_in_context.xdc, line 22).
Applied set_property CLOCK_BUFFER_TYPE = NONE for SO1N[9]. (constraint file  /home/nagafusa/work/spadi/Fakernet/SAMIDARE/samidare.gen/sources_1/bd/top_block/ip/top_block_util_ds_buf_6_0/top_block_util_ds_buf_6_0/top_block_util_ds_buf_5_0_in_context.xdc, line 23).
Applied set_property IO_BUFFER_TYPE = NONE for SO1P[0]. (constraint file  /home/nagafusa/work/spadi/Fakernet/SAMIDARE/samidare.gen/sources_1/bd/top_block/ip/top_block_util_ds_buf_6_0/top_block_util_ds_buf_6_0/top_block_util_ds_buf_5_0_in_context.xdc, line 24).
Applied set_property CLOCK_BUFFER_TYPE = NONE for SO1P[0]. (constraint file  /home/nagafusa/work/spadi/Fakernet/SAMIDARE/samidare.gen/sources_1/bd/top_block/ip/top_block_util_ds_buf_6_0/top_block_util_ds_buf_6_0/top_block_util_ds_buf_5_0_in_context.xdc, line 25).
Applied set_property IO_BUFFER_TYPE = NONE for SO1P[10]. (constraint file  /home/nagafusa/work/spadi/Fakernet/SAMIDARE/samidare.gen/sources_1/bd/top_block/ip/top_block_util_ds_buf_6_0/top_block_util_ds_buf_6_0/top_block_util_ds_buf_5_0_in_context.xdc, line 26).
Applied set_property CLOCK_BUFFER_TYPE = NONE for SO1P[10]. (constraint file  /home/nagafusa/work/spadi/Fakernet/SAMIDARE/samidare.gen/sources_1/bd/top_block/ip/top_block_util_ds_buf_6_0/top_block_util_ds_buf_6_0/top_block_util_ds_buf_5_0_in_context.xdc, line 27).
Applied set_property IO_BUFFER_TYPE = NONE for SO1P[1]. (constraint file  /home/nagafusa/work/spadi/Fakernet/SAMIDARE/samidare.gen/sources_1/bd/top_block/ip/top_block_util_ds_buf_6_0/top_block_util_ds_buf_6_0/top_block_util_ds_buf_5_0_in_context.xdc, line 28).
Applied set_property CLOCK_BUFFER_TYPE = NONE for SO1P[1]. (constraint file  /home/nagafusa/work/spadi/Fakernet/SAMIDARE/samidare.gen/sources_1/bd/top_block/ip/top_block_util_ds_buf_6_0/top_block_util_ds_buf_6_0/top_block_util_ds_buf_5_0_in_context.xdc, line 29).
Applied set_property IO_BUFFER_TYPE = NONE for SO1P[2]. (constraint file  /home/nagafusa/work/spadi/Fakernet/SAMIDARE/samidare.gen/sources_1/bd/top_block/ip/top_block_util_ds_buf_6_0/top_block_util_ds_buf_6_0/top_block_util_ds_buf_5_0_in_context.xdc, line 30).
Applied set_property CLOCK_BUFFER_TYPE = NONE for SO1P[2]. (constraint file  /home/nagafusa/work/spadi/Fakernet/SAMIDARE/samidare.gen/sources_1/bd/top_block/ip/top_block_util_ds_buf_6_0/top_block_util_ds_buf_6_0/top_block_util_ds_buf_5_0_in_context.xdc, line 31).
Applied set_property IO_BUFFER_TYPE = NONE for SO1P[3]. (constraint file  /home/nagafusa/work/spadi/Fakernet/SAMIDARE/samidare.gen/sources_1/bd/top_block/ip/top_block_util_ds_buf_6_0/top_block_util_ds_buf_6_0/top_block_util_ds_buf_5_0_in_context.xdc, line 32).
Applied set_property CLOCK_BUFFER_TYPE = NONE for SO1P[3]. (constraint file  /home/nagafusa/work/spadi/Fakernet/SAMIDARE/samidare.gen/sources_1/bd/top_block/ip/top_block_util_ds_buf_6_0/top_block_util_ds_buf_6_0/top_block_util_ds_buf_5_0_in_context.xdc, line 33).
Applied set_property IO_BUFFER_TYPE = NONE for SO1P[4]. (constraint file  /home/nagafusa/work/spadi/Fakernet/SAMIDARE/samidare.gen/sources_1/bd/top_block/ip/top_block_util_ds_buf_6_0/top_block_util_ds_buf_6_0/top_block_util_ds_buf_5_0_in_context.xdc, line 34).
Applied set_property CLOCK_BUFFER_TYPE = NONE for SO1P[4]. (constraint file  /home/nagafusa/work/spadi/Fakernet/SAMIDARE/samidare.gen/sources_1/bd/top_block/ip/top_block_util_ds_buf_6_0/top_block_util_ds_buf_6_0/top_block_util_ds_buf_5_0_in_context.xdc, line 35).
Applied set_property IO_BUFFER_TYPE = NONE for SO1P[5]. (constraint file  /home/nagafusa/work/spadi/Fakernet/SAMIDARE/samidare.gen/sources_1/bd/top_block/ip/top_block_util_ds_buf_6_0/top_block_util_ds_buf_6_0/top_block_util_ds_buf_5_0_in_context.xdc, line 36).
Applied set_property CLOCK_BUFFER_TYPE = NONE for SO1P[5]. (constraint file  /home/nagafusa/work/spadi/Fakernet/SAMIDARE/samidare.gen/sources_1/bd/top_block/ip/top_block_util_ds_buf_6_0/top_block_util_ds_buf_6_0/top_block_util_ds_buf_5_0_in_context.xdc, line 37).
Applied set_property IO_BUFFER_TYPE = NONE for SO1P[6]. (constraint file  /home/nagafusa/work/spadi/Fakernet/SAMIDARE/samidare.gen/sources_1/bd/top_block/ip/top_block_util_ds_buf_6_0/top_block_util_ds_buf_6_0/top_block_util_ds_buf_5_0_in_context.xdc, line 38).
Applied set_property CLOCK_BUFFER_TYPE = NONE for SO1P[6]. (constraint file  /home/nagafusa/work/spadi/Fakernet/SAMIDARE/samidare.gen/sources_1/bd/top_block/ip/top_block_util_ds_buf_6_0/top_block_util_ds_buf_6_0/top_block_util_ds_buf_5_0_in_context.xdc, line 39).
Applied set_property IO_BUFFER_TYPE = NONE for SO1P[7]. (constraint file  /home/nagafusa/work/spadi/Fakernet/SAMIDARE/samidare.gen/sources_1/bd/top_block/ip/top_block_util_ds_buf_6_0/top_block_util_ds_buf_6_0/top_block_util_ds_buf_5_0_in_context.xdc, line 40).
Applied set_property CLOCK_BUFFER_TYPE = NONE for SO1P[7]. (constraint file  /home/nagafusa/work/spadi/Fakernet/SAMIDARE/samidare.gen/sources_1/bd/top_block/ip/top_block_util_ds_buf_6_0/top_block_util_ds_buf_6_0/top_block_util_ds_buf_5_0_in_context.xdc, line 41).
Applied set_property IO_BUFFER_TYPE = NONE for SO1P[8]. (constraint file  /home/nagafusa/work/spadi/Fakernet/SAMIDARE/samidare.gen/sources_1/bd/top_block/ip/top_block_util_ds_buf_6_0/top_block_util_ds_buf_6_0/top_block_util_ds_buf_5_0_in_context.xdc, line 42).
Applied set_property CLOCK_BUFFER_TYPE = NONE for SO1P[8]. (constraint file  /home/nagafusa/work/spadi/Fakernet/SAMIDARE/samidare.gen/sources_1/bd/top_block/ip/top_block_util_ds_buf_6_0/top_block_util_ds_buf_6_0/top_block_util_ds_buf_5_0_in_context.xdc, line 43).
Applied set_property IO_BUFFER_TYPE = NONE for SO1P[9]. (constraint file  /home/nagafusa/work/spadi/Fakernet/SAMIDARE/samidare.gen/sources_1/bd/top_block/ip/top_block_util_ds_buf_6_0/top_block_util_ds_buf_6_0/top_block_util_ds_buf_5_0_in_context.xdc, line 44).
Applied set_property CLOCK_BUFFER_TYPE = NONE for SO1P[9]. (constraint file  /home/nagafusa/work/spadi/Fakernet/SAMIDARE/samidare.gen/sources_1/bd/top_block/ip/top_block_util_ds_buf_6_0/top_block_util_ds_buf_6_0/top_block_util_ds_buf_5_0_in_context.xdc, line 45).
Applied set_property IO_BUFFER_TYPE = NONE for SO2N[0]. (constraint file  /home/nagafusa/work/spadi/Fakernet/SAMIDARE/samidare.gen/sources_1/bd/top_block/ip/top_block_util_ds_buf_6_1/top_block_util_ds_buf_6_1/top_block_util_ds_buf_5_0_in_context.xdc, line 2).
Applied set_property CLOCK_BUFFER_TYPE = NONE for SO2N[0]. (constraint file  /home/nagafusa/work/spadi/Fakernet/SAMIDARE/samidare.gen/sources_1/bd/top_block/ip/top_block_util_ds_buf_6_1/top_block_util_ds_buf_6_1/top_block_util_ds_buf_5_0_in_context.xdc, line 3).
Applied set_property IO_BUFFER_TYPE = NONE for SO2N[10]. (constraint file  /home/nagafusa/work/spadi/Fakernet/SAMIDARE/samidare.gen/sources_1/bd/top_block/ip/top_block_util_ds_buf_6_1/top_block_util_ds_buf_6_1/top_block_util_ds_buf_5_0_in_context.xdc, line 4).
Applied set_property CLOCK_BUFFER_TYPE = NONE for SO2N[10]. (constraint file  /home/nagafusa/work/spadi/Fakernet/SAMIDARE/samidare.gen/sources_1/bd/top_block/ip/top_block_util_ds_buf_6_1/top_block_util_ds_buf_6_1/top_block_util_ds_buf_5_0_in_context.xdc, line 5).
Applied set_property IO_BUFFER_TYPE = NONE for SO2N[1]. (constraint file  /home/nagafusa/work/spadi/Fakernet/SAMIDARE/samidare.gen/sources_1/bd/top_block/ip/top_block_util_ds_buf_6_1/top_block_util_ds_buf_6_1/top_block_util_ds_buf_5_0_in_context.xdc, line 6).
Applied set_property CLOCK_BUFFER_TYPE = NONE for SO2N[1]. (constraint file  /home/nagafusa/work/spadi/Fakernet/SAMIDARE/samidare.gen/sources_1/bd/top_block/ip/top_block_util_ds_buf_6_1/top_block_util_ds_buf_6_1/top_block_util_ds_buf_5_0_in_context.xdc, line 7).
Applied set_property IO_BUFFER_TYPE = NONE for SO2N[2]. (constraint file  /home/nagafusa/work/spadi/Fakernet/SAMIDARE/samidare.gen/sources_1/bd/top_block/ip/top_block_util_ds_buf_6_1/top_block_util_ds_buf_6_1/top_block_util_ds_buf_5_0_in_context.xdc, line 8).
Applied set_property CLOCK_BUFFER_TYPE = NONE for SO2N[2]. (constraint file  /home/nagafusa/work/spadi/Fakernet/SAMIDARE/samidare.gen/sources_1/bd/top_block/ip/top_block_util_ds_buf_6_1/top_block_util_ds_buf_6_1/top_block_util_ds_buf_5_0_in_context.xdc, line 9).
Applied set_property IO_BUFFER_TYPE = NONE for SO2N[3]. (constraint file  /home/nagafusa/work/spadi/Fakernet/SAMIDARE/samidare.gen/sources_1/bd/top_block/ip/top_block_util_ds_buf_6_1/top_block_util_ds_buf_6_1/top_block_util_ds_buf_5_0_in_context.xdc, line 10).
Applied set_property CLOCK_BUFFER_TYPE = NONE for SO2N[3]. (constraint file  /home/nagafusa/work/spadi/Fakernet/SAMIDARE/samidare.gen/sources_1/bd/top_block/ip/top_block_util_ds_buf_6_1/top_block_util_ds_buf_6_1/top_block_util_ds_buf_5_0_in_context.xdc, line 11).
Applied set_property IO_BUFFER_TYPE = NONE for SO2N[4]. (constraint file  /home/nagafusa/work/spadi/Fakernet/SAMIDARE/samidare.gen/sources_1/bd/top_block/ip/top_block_util_ds_buf_6_1/top_block_util_ds_buf_6_1/top_block_util_ds_buf_5_0_in_context.xdc, line 12).
Applied set_property CLOCK_BUFFER_TYPE = NONE for SO2N[4]. (constraint file  /home/nagafusa/work/spadi/Fakernet/SAMIDARE/samidare.gen/sources_1/bd/top_block/ip/top_block_util_ds_buf_6_1/top_block_util_ds_buf_6_1/top_block_util_ds_buf_5_0_in_context.xdc, line 13).
Applied set_property IO_BUFFER_TYPE = NONE for SO2N[5]. (constraint file  /home/nagafusa/work/spadi/Fakernet/SAMIDARE/samidare.gen/sources_1/bd/top_block/ip/top_block_util_ds_buf_6_1/top_block_util_ds_buf_6_1/top_block_util_ds_buf_5_0_in_context.xdc, line 14).
Applied set_property CLOCK_BUFFER_TYPE = NONE for SO2N[5]. (constraint file  /home/nagafusa/work/spadi/Fakernet/SAMIDARE/samidare.gen/sources_1/bd/top_block/ip/top_block_util_ds_buf_6_1/top_block_util_ds_buf_6_1/top_block_util_ds_buf_5_0_in_context.xdc, line 15).
Applied set_property IO_BUFFER_TYPE = NONE for SO2N[6]. (constraint file  /home/nagafusa/work/spadi/Fakernet/SAMIDARE/samidare.gen/sources_1/bd/top_block/ip/top_block_util_ds_buf_6_1/top_block_util_ds_buf_6_1/top_block_util_ds_buf_5_0_in_context.xdc, line 16).
Applied set_property CLOCK_BUFFER_TYPE = NONE for SO2N[6]. (constraint file  /home/nagafusa/work/spadi/Fakernet/SAMIDARE/samidare.gen/sources_1/bd/top_block/ip/top_block_util_ds_buf_6_1/top_block_util_ds_buf_6_1/top_block_util_ds_buf_5_0_in_context.xdc, line 17).
Applied set_property IO_BUFFER_TYPE = NONE for SO2N[7]. (constraint file  /home/nagafusa/work/spadi/Fakernet/SAMIDARE/samidare.gen/sources_1/bd/top_block/ip/top_block_util_ds_buf_6_1/top_block_util_ds_buf_6_1/top_block_util_ds_buf_5_0_in_context.xdc, line 18).
Applied set_property CLOCK_BUFFER_TYPE = NONE for SO2N[7]. (constraint file  /home/nagafusa/work/spadi/Fakernet/SAMIDARE/samidare.gen/sources_1/bd/top_block/ip/top_block_util_ds_buf_6_1/top_block_util_ds_buf_6_1/top_block_util_ds_buf_5_0_in_context.xdc, line 19).
Applied set_property IO_BUFFER_TYPE = NONE for SO2N[8]. (constraint file  /home/nagafusa/work/spadi/Fakernet/SAMIDARE/samidare.gen/sources_1/bd/top_block/ip/top_block_util_ds_buf_6_1/top_block_util_ds_buf_6_1/top_block_util_ds_buf_5_0_in_context.xdc, line 20).
Applied set_property CLOCK_BUFFER_TYPE = NONE for SO2N[8]. (constraint file  /home/nagafusa/work/spadi/Fakernet/SAMIDARE/samidare.gen/sources_1/bd/top_block/ip/top_block_util_ds_buf_6_1/top_block_util_ds_buf_6_1/top_block_util_ds_buf_5_0_in_context.xdc, line 21).
Applied set_property IO_BUFFER_TYPE = NONE for SO2N[9]. (constraint file  /home/nagafusa/work/spadi/Fakernet/SAMIDARE/samidare.gen/sources_1/bd/top_block/ip/top_block_util_ds_buf_6_1/top_block_util_ds_buf_6_1/top_block_util_ds_buf_5_0_in_context.xdc, line 22).
Applied set_property CLOCK_BUFFER_TYPE = NONE for SO2N[9]. (constraint file  /home/nagafusa/work/spadi/Fakernet/SAMIDARE/samidare.gen/sources_1/bd/top_block/ip/top_block_util_ds_buf_6_1/top_block_util_ds_buf_6_1/top_block_util_ds_buf_5_0_in_context.xdc, line 23).
Applied set_property IO_BUFFER_TYPE = NONE for SO2P[0]. (constraint file  /home/nagafusa/work/spadi/Fakernet/SAMIDARE/samidare.gen/sources_1/bd/top_block/ip/top_block_util_ds_buf_6_1/top_block_util_ds_buf_6_1/top_block_util_ds_buf_5_0_in_context.xdc, line 24).
Applied set_property CLOCK_BUFFER_TYPE = NONE for SO2P[0]. (constraint file  /home/nagafusa/work/spadi/Fakernet/SAMIDARE/samidare.gen/sources_1/bd/top_block/ip/top_block_util_ds_buf_6_1/top_block_util_ds_buf_6_1/top_block_util_ds_buf_5_0_in_context.xdc, line 25).
Applied set_property IO_BUFFER_TYPE = NONE for SO2P[10]. (constraint file  /home/nagafusa/work/spadi/Fakernet/SAMIDARE/samidare.gen/sources_1/bd/top_block/ip/top_block_util_ds_buf_6_1/top_block_util_ds_buf_6_1/top_block_util_ds_buf_5_0_in_context.xdc, line 26).
Applied set_property CLOCK_BUFFER_TYPE = NONE for SO2P[10]. (constraint file  /home/nagafusa/work/spadi/Fakernet/SAMIDARE/samidare.gen/sources_1/bd/top_block/ip/top_block_util_ds_buf_6_1/top_block_util_ds_buf_6_1/top_block_util_ds_buf_5_0_in_context.xdc, line 27).
Applied set_property IO_BUFFER_TYPE = NONE for SO2P[1]. (constraint file  /home/nagafusa/work/spadi/Fakernet/SAMIDARE/samidare.gen/sources_1/bd/top_block/ip/top_block_util_ds_buf_6_1/top_block_util_ds_buf_6_1/top_block_util_ds_buf_5_0_in_context.xdc, line 28).
Applied set_property CLOCK_BUFFER_TYPE = NONE for SO2P[1]. (constraint file  /home/nagafusa/work/spadi/Fakernet/SAMIDARE/samidare.gen/sources_1/bd/top_block/ip/top_block_util_ds_buf_6_1/top_block_util_ds_buf_6_1/top_block_util_ds_buf_5_0_in_context.xdc, line 29).
Applied set_property IO_BUFFER_TYPE = NONE for SO2P[2]. (constraint file  /home/nagafusa/work/spadi/Fakernet/SAMIDARE/samidare.gen/sources_1/bd/top_block/ip/top_block_util_ds_buf_6_1/top_block_util_ds_buf_6_1/top_block_util_ds_buf_5_0_in_context.xdc, line 30).
Applied set_property CLOCK_BUFFER_TYPE = NONE for SO2P[2]. (constraint file  /home/nagafusa/work/spadi/Fakernet/SAMIDARE/samidare.gen/sources_1/bd/top_block/ip/top_block_util_ds_buf_6_1/top_block_util_ds_buf_6_1/top_block_util_ds_buf_5_0_in_context.xdc, line 31).
Applied set_property IO_BUFFER_TYPE = NONE for SO2P[3]. (constraint file  /home/nagafusa/work/spadi/Fakernet/SAMIDARE/samidare.gen/sources_1/bd/top_block/ip/top_block_util_ds_buf_6_1/top_block_util_ds_buf_6_1/top_block_util_ds_buf_5_0_in_context.xdc, line 32).
Applied set_property CLOCK_BUFFER_TYPE = NONE for SO2P[3]. (constraint file  /home/nagafusa/work/spadi/Fakernet/SAMIDARE/samidare.gen/sources_1/bd/top_block/ip/top_block_util_ds_buf_6_1/top_block_util_ds_buf_6_1/top_block_util_ds_buf_5_0_in_context.xdc, line 33).
Applied set_property IO_BUFFER_TYPE = NONE for SO2P[4]. (constraint file  /home/nagafusa/work/spadi/Fakernet/SAMIDARE/samidare.gen/sources_1/bd/top_block/ip/top_block_util_ds_buf_6_1/top_block_util_ds_buf_6_1/top_block_util_ds_buf_5_0_in_context.xdc, line 34).
Applied set_property CLOCK_BUFFER_TYPE = NONE for SO2P[4]. (constraint file  /home/nagafusa/work/spadi/Fakernet/SAMIDARE/samidare.gen/sources_1/bd/top_block/ip/top_block_util_ds_buf_6_1/top_block_util_ds_buf_6_1/top_block_util_ds_buf_5_0_in_context.xdc, line 35).
Applied set_property IO_BUFFER_TYPE = NONE for SO2P[5]. (constraint file  /home/nagafusa/work/spadi/Fakernet/SAMIDARE/samidare.gen/sources_1/bd/top_block/ip/top_block_util_ds_buf_6_1/top_block_util_ds_buf_6_1/top_block_util_ds_buf_5_0_in_context.xdc, line 36).
Applied set_property CLOCK_BUFFER_TYPE = NONE for SO2P[5]. (constraint file  /home/nagafusa/work/spadi/Fakernet/SAMIDARE/samidare.gen/sources_1/bd/top_block/ip/top_block_util_ds_buf_6_1/top_block_util_ds_buf_6_1/top_block_util_ds_buf_5_0_in_context.xdc, line 37).
Applied set_property IO_BUFFER_TYPE = NONE for SO2P[6]. (constraint file  /home/nagafusa/work/spadi/Fakernet/SAMIDARE/samidare.gen/sources_1/bd/top_block/ip/top_block_util_ds_buf_6_1/top_block_util_ds_buf_6_1/top_block_util_ds_buf_5_0_in_context.xdc, line 38).
Applied set_property CLOCK_BUFFER_TYPE = NONE for SO2P[6]. (constraint file  /home/nagafusa/work/spadi/Fakernet/SAMIDARE/samidare.gen/sources_1/bd/top_block/ip/top_block_util_ds_buf_6_1/top_block_util_ds_buf_6_1/top_block_util_ds_buf_5_0_in_context.xdc, line 39).
Applied set_property IO_BUFFER_TYPE = NONE for SO2P[7]. (constraint file  /home/nagafusa/work/spadi/Fakernet/SAMIDARE/samidare.gen/sources_1/bd/top_block/ip/top_block_util_ds_buf_6_1/top_block_util_ds_buf_6_1/top_block_util_ds_buf_5_0_in_context.xdc, line 40).
Applied set_property CLOCK_BUFFER_TYPE = NONE for SO2P[7]. (constraint file  /home/nagafusa/work/spadi/Fakernet/SAMIDARE/samidare.gen/sources_1/bd/top_block/ip/top_block_util_ds_buf_6_1/top_block_util_ds_buf_6_1/top_block_util_ds_buf_5_0_in_context.xdc, line 41).
Applied set_property IO_BUFFER_TYPE = NONE for SO2P[8]. (constraint file  /home/nagafusa/work/spadi/Fakernet/SAMIDARE/samidare.gen/sources_1/bd/top_block/ip/top_block_util_ds_buf_6_1/top_block_util_ds_buf_6_1/top_block_util_ds_buf_5_0_in_context.xdc, line 42).
Applied set_property CLOCK_BUFFER_TYPE = NONE for SO2P[8]. (constraint file  /home/nagafusa/work/spadi/Fakernet/SAMIDARE/samidare.gen/sources_1/bd/top_block/ip/top_block_util_ds_buf_6_1/top_block_util_ds_buf_6_1/top_block_util_ds_buf_5_0_in_context.xdc, line 43).
Applied set_property IO_BUFFER_TYPE = NONE for SO2P[9]. (constraint file  /home/nagafusa/work/spadi/Fakernet/SAMIDARE/samidare.gen/sources_1/bd/top_block/ip/top_block_util_ds_buf_6_1/top_block_util_ds_buf_6_1/top_block_util_ds_buf_5_0_in_context.xdc, line 44).
Applied set_property CLOCK_BUFFER_TYPE = NONE for SO2P[9]. (constraint file  /home/nagafusa/work/spadi/Fakernet/SAMIDARE/samidare.gen/sources_1/bd/top_block/ip/top_block_util_ds_buf_6_1/top_block_util_ds_buf_6_1/top_block_util_ds_buf_5_0_in_context.xdc, line 45).
Applied set_property IO_BUFFER_TYPE = NONE for SO3N[0]. (constraint file  /home/nagafusa/work/spadi/Fakernet/SAMIDARE/samidare.gen/sources_1/bd/top_block/ip/top_block_util_ds_buf_7_0/top_block_util_ds_buf_7_0/top_block_util_ds_buf_5_0_in_context.xdc, line 2).
Applied set_property CLOCK_BUFFER_TYPE = NONE for SO3N[0]. (constraint file  /home/nagafusa/work/spadi/Fakernet/SAMIDARE/samidare.gen/sources_1/bd/top_block/ip/top_block_util_ds_buf_7_0/top_block_util_ds_buf_7_0/top_block_util_ds_buf_5_0_in_context.xdc, line 3).
Applied set_property IO_BUFFER_TYPE = NONE for SO3N[10]. (constraint file  /home/nagafusa/work/spadi/Fakernet/SAMIDARE/samidare.gen/sources_1/bd/top_block/ip/top_block_util_ds_buf_7_0/top_block_util_ds_buf_7_0/top_block_util_ds_buf_5_0_in_context.xdc, line 4).
Applied set_property CLOCK_BUFFER_TYPE = NONE for SO3N[10]. (constraint file  /home/nagafusa/work/spadi/Fakernet/SAMIDARE/samidare.gen/sources_1/bd/top_block/ip/top_block_util_ds_buf_7_0/top_block_util_ds_buf_7_0/top_block_util_ds_buf_5_0_in_context.xdc, line 5).
Applied set_property IO_BUFFER_TYPE = NONE for SO3N[1]. (constraint file  /home/nagafusa/work/spadi/Fakernet/SAMIDARE/samidare.gen/sources_1/bd/top_block/ip/top_block_util_ds_buf_7_0/top_block_util_ds_buf_7_0/top_block_util_ds_buf_5_0_in_context.xdc, line 6).
Applied set_property CLOCK_BUFFER_TYPE = NONE for SO3N[1]. (constraint file  /home/nagafusa/work/spadi/Fakernet/SAMIDARE/samidare.gen/sources_1/bd/top_block/ip/top_block_util_ds_buf_7_0/top_block_util_ds_buf_7_0/top_block_util_ds_buf_5_0_in_context.xdc, line 7).
Applied set_property IO_BUFFER_TYPE = NONE for SO3N[2]. (constraint file  /home/nagafusa/work/spadi/Fakernet/SAMIDARE/samidare.gen/sources_1/bd/top_block/ip/top_block_util_ds_buf_7_0/top_block_util_ds_buf_7_0/top_block_util_ds_buf_5_0_in_context.xdc, line 8).
Applied set_property CLOCK_BUFFER_TYPE = NONE for SO3N[2]. (constraint file  /home/nagafusa/work/spadi/Fakernet/SAMIDARE/samidare.gen/sources_1/bd/top_block/ip/top_block_util_ds_buf_7_0/top_block_util_ds_buf_7_0/top_block_util_ds_buf_5_0_in_context.xdc, line 9).
Applied set_property IO_BUFFER_TYPE = NONE for SO3N[3]. (constraint file  /home/nagafusa/work/spadi/Fakernet/SAMIDARE/samidare.gen/sources_1/bd/top_block/ip/top_block_util_ds_buf_7_0/top_block_util_ds_buf_7_0/top_block_util_ds_buf_5_0_in_context.xdc, line 10).
Applied set_property CLOCK_BUFFER_TYPE = NONE for SO3N[3]. (constraint file  /home/nagafusa/work/spadi/Fakernet/SAMIDARE/samidare.gen/sources_1/bd/top_block/ip/top_block_util_ds_buf_7_0/top_block_util_ds_buf_7_0/top_block_util_ds_buf_5_0_in_context.xdc, line 11).
Applied set_property IO_BUFFER_TYPE = NONE for SO3N[4]. (constraint file  /home/nagafusa/work/spadi/Fakernet/SAMIDARE/samidare.gen/sources_1/bd/top_block/ip/top_block_util_ds_buf_7_0/top_block_util_ds_buf_7_0/top_block_util_ds_buf_5_0_in_context.xdc, line 12).
Applied set_property CLOCK_BUFFER_TYPE = NONE for SO3N[4]. (constraint file  /home/nagafusa/work/spadi/Fakernet/SAMIDARE/samidare.gen/sources_1/bd/top_block/ip/top_block_util_ds_buf_7_0/top_block_util_ds_buf_7_0/top_block_util_ds_buf_5_0_in_context.xdc, line 13).
Applied set_property IO_BUFFER_TYPE = NONE for SO3N[5]. (constraint file  /home/nagafusa/work/spadi/Fakernet/SAMIDARE/samidare.gen/sources_1/bd/top_block/ip/top_block_util_ds_buf_7_0/top_block_util_ds_buf_7_0/top_block_util_ds_buf_5_0_in_context.xdc, line 14).
Applied set_property CLOCK_BUFFER_TYPE = NONE for SO3N[5]. (constraint file  /home/nagafusa/work/spadi/Fakernet/SAMIDARE/samidare.gen/sources_1/bd/top_block/ip/top_block_util_ds_buf_7_0/top_block_util_ds_buf_7_0/top_block_util_ds_buf_5_0_in_context.xdc, line 15).
Applied set_property IO_BUFFER_TYPE = NONE for SO3N[6]. (constraint file  /home/nagafusa/work/spadi/Fakernet/SAMIDARE/samidare.gen/sources_1/bd/top_block/ip/top_block_util_ds_buf_7_0/top_block_util_ds_buf_7_0/top_block_util_ds_buf_5_0_in_context.xdc, line 16).
Applied set_property CLOCK_BUFFER_TYPE = NONE for SO3N[6]. (constraint file  /home/nagafusa/work/spadi/Fakernet/SAMIDARE/samidare.gen/sources_1/bd/top_block/ip/top_block_util_ds_buf_7_0/top_block_util_ds_buf_7_0/top_block_util_ds_buf_5_0_in_context.xdc, line 17).
Applied set_property IO_BUFFER_TYPE = NONE for SO3N[7]. (constraint file  /home/nagafusa/work/spadi/Fakernet/SAMIDARE/samidare.gen/sources_1/bd/top_block/ip/top_block_util_ds_buf_7_0/top_block_util_ds_buf_7_0/top_block_util_ds_buf_5_0_in_context.xdc, line 18).
Applied set_property CLOCK_BUFFER_TYPE = NONE for SO3N[7]. (constraint file  /home/nagafusa/work/spadi/Fakernet/SAMIDARE/samidare.gen/sources_1/bd/top_block/ip/top_block_util_ds_buf_7_0/top_block_util_ds_buf_7_0/top_block_util_ds_buf_5_0_in_context.xdc, line 19).
Applied set_property IO_BUFFER_TYPE = NONE for SO3N[8]. (constraint file  /home/nagafusa/work/spadi/Fakernet/SAMIDARE/samidare.gen/sources_1/bd/top_block/ip/top_block_util_ds_buf_7_0/top_block_util_ds_buf_7_0/top_block_util_ds_buf_5_0_in_context.xdc, line 20).
Applied set_property CLOCK_BUFFER_TYPE = NONE for SO3N[8]. (constraint file  /home/nagafusa/work/spadi/Fakernet/SAMIDARE/samidare.gen/sources_1/bd/top_block/ip/top_block_util_ds_buf_7_0/top_block_util_ds_buf_7_0/top_block_util_ds_buf_5_0_in_context.xdc, line 21).
Applied set_property IO_BUFFER_TYPE = NONE for SO3N[9]. (constraint file  /home/nagafusa/work/spadi/Fakernet/SAMIDARE/samidare.gen/sources_1/bd/top_block/ip/top_block_util_ds_buf_7_0/top_block_util_ds_buf_7_0/top_block_util_ds_buf_5_0_in_context.xdc, line 22).
Applied set_property CLOCK_BUFFER_TYPE = NONE for SO3N[9]. (constraint file  /home/nagafusa/work/spadi/Fakernet/SAMIDARE/samidare.gen/sources_1/bd/top_block/ip/top_block_util_ds_buf_7_0/top_block_util_ds_buf_7_0/top_block_util_ds_buf_5_0_in_context.xdc, line 23).
Applied set_property IO_BUFFER_TYPE = NONE for SO3P[0]. (constraint file  /home/nagafusa/work/spadi/Fakernet/SAMIDARE/samidare.gen/sources_1/bd/top_block/ip/top_block_util_ds_buf_7_0/top_block_util_ds_buf_7_0/top_block_util_ds_buf_5_0_in_context.xdc, line 24).
Applied set_property CLOCK_BUFFER_TYPE = NONE for SO3P[0]. (constraint file  /home/nagafusa/work/spadi/Fakernet/SAMIDARE/samidare.gen/sources_1/bd/top_block/ip/top_block_util_ds_buf_7_0/top_block_util_ds_buf_7_0/top_block_util_ds_buf_5_0_in_context.xdc, line 25).
Applied set_property IO_BUFFER_TYPE = NONE for SO3P[10]. (constraint file  /home/nagafusa/work/spadi/Fakernet/SAMIDARE/samidare.gen/sources_1/bd/top_block/ip/top_block_util_ds_buf_7_0/top_block_util_ds_buf_7_0/top_block_util_ds_buf_5_0_in_context.xdc, line 26).
Applied set_property CLOCK_BUFFER_TYPE = NONE for SO3P[10]. (constraint file  /home/nagafusa/work/spadi/Fakernet/SAMIDARE/samidare.gen/sources_1/bd/top_block/ip/top_block_util_ds_buf_7_0/top_block_util_ds_buf_7_0/top_block_util_ds_buf_5_0_in_context.xdc, line 27).
Applied set_property IO_BUFFER_TYPE = NONE for SO3P[1]. (constraint file  /home/nagafusa/work/spadi/Fakernet/SAMIDARE/samidare.gen/sources_1/bd/top_block/ip/top_block_util_ds_buf_7_0/top_block_util_ds_buf_7_0/top_block_util_ds_buf_5_0_in_context.xdc, line 28).
Applied set_property CLOCK_BUFFER_TYPE = NONE for SO3P[1]. (constraint file  /home/nagafusa/work/spadi/Fakernet/SAMIDARE/samidare.gen/sources_1/bd/top_block/ip/top_block_util_ds_buf_7_0/top_block_util_ds_buf_7_0/top_block_util_ds_buf_5_0_in_context.xdc, line 29).
Applied set_property IO_BUFFER_TYPE = NONE for SO3P[2]. (constraint file  /home/nagafusa/work/spadi/Fakernet/SAMIDARE/samidare.gen/sources_1/bd/top_block/ip/top_block_util_ds_buf_7_0/top_block_util_ds_buf_7_0/top_block_util_ds_buf_5_0_in_context.xdc, line 30).
Applied set_property CLOCK_BUFFER_TYPE = NONE for SO3P[2]. (constraint file  /home/nagafusa/work/spadi/Fakernet/SAMIDARE/samidare.gen/sources_1/bd/top_block/ip/top_block_util_ds_buf_7_0/top_block_util_ds_buf_7_0/top_block_util_ds_buf_5_0_in_context.xdc, line 31).
Applied set_property IO_BUFFER_TYPE = NONE for SO3P[3]. (constraint file  /home/nagafusa/work/spadi/Fakernet/SAMIDARE/samidare.gen/sources_1/bd/top_block/ip/top_block_util_ds_buf_7_0/top_block_util_ds_buf_7_0/top_block_util_ds_buf_5_0_in_context.xdc, line 32).
Applied set_property CLOCK_BUFFER_TYPE = NONE for SO3P[3]. (constraint file  /home/nagafusa/work/spadi/Fakernet/SAMIDARE/samidare.gen/sources_1/bd/top_block/ip/top_block_util_ds_buf_7_0/top_block_util_ds_buf_7_0/top_block_util_ds_buf_5_0_in_context.xdc, line 33).
Applied set_property IO_BUFFER_TYPE = NONE for SO3P[4]. (constraint file  /home/nagafusa/work/spadi/Fakernet/SAMIDARE/samidare.gen/sources_1/bd/top_block/ip/top_block_util_ds_buf_7_0/top_block_util_ds_buf_7_0/top_block_util_ds_buf_5_0_in_context.xdc, line 34).
Applied set_property CLOCK_BUFFER_TYPE = NONE for SO3P[4]. (constraint file  /home/nagafusa/work/spadi/Fakernet/SAMIDARE/samidare.gen/sources_1/bd/top_block/ip/top_block_util_ds_buf_7_0/top_block_util_ds_buf_7_0/top_block_util_ds_buf_5_0_in_context.xdc, line 35).
Applied set_property IO_BUFFER_TYPE = NONE for SO3P[5]. (constraint file  /home/nagafusa/work/spadi/Fakernet/SAMIDARE/samidare.gen/sources_1/bd/top_block/ip/top_block_util_ds_buf_7_0/top_block_util_ds_buf_7_0/top_block_util_ds_buf_5_0_in_context.xdc, line 36).
Applied set_property CLOCK_BUFFER_TYPE = NONE for SO3P[5]. (constraint file  /home/nagafusa/work/spadi/Fakernet/SAMIDARE/samidare.gen/sources_1/bd/top_block/ip/top_block_util_ds_buf_7_0/top_block_util_ds_buf_7_0/top_block_util_ds_buf_5_0_in_context.xdc, line 37).
Applied set_property IO_BUFFER_TYPE = NONE for SO3P[6]. (constraint file  /home/nagafusa/work/spadi/Fakernet/SAMIDARE/samidare.gen/sources_1/bd/top_block/ip/top_block_util_ds_buf_7_0/top_block_util_ds_buf_7_0/top_block_util_ds_buf_5_0_in_context.xdc, line 38).
Applied set_property CLOCK_BUFFER_TYPE = NONE for SO3P[6]. (constraint file  /home/nagafusa/work/spadi/Fakernet/SAMIDARE/samidare.gen/sources_1/bd/top_block/ip/top_block_util_ds_buf_7_0/top_block_util_ds_buf_7_0/top_block_util_ds_buf_5_0_in_context.xdc, line 39).
Applied set_property IO_BUFFER_TYPE = NONE for SO3P[7]. (constraint file  /home/nagafusa/work/spadi/Fakernet/SAMIDARE/samidare.gen/sources_1/bd/top_block/ip/top_block_util_ds_buf_7_0/top_block_util_ds_buf_7_0/top_block_util_ds_buf_5_0_in_context.xdc, line 40).
Applied set_property CLOCK_BUFFER_TYPE = NONE for SO3P[7]. (constraint file  /home/nagafusa/work/spadi/Fakernet/SAMIDARE/samidare.gen/sources_1/bd/top_block/ip/top_block_util_ds_buf_7_0/top_block_util_ds_buf_7_0/top_block_util_ds_buf_5_0_in_context.xdc, line 41).
Applied set_property IO_BUFFER_TYPE = NONE for SO3P[8]. (constraint file  /home/nagafusa/work/spadi/Fakernet/SAMIDARE/samidare.gen/sources_1/bd/top_block/ip/top_block_util_ds_buf_7_0/top_block_util_ds_buf_7_0/top_block_util_ds_buf_5_0_in_context.xdc, line 42).
Applied set_property CLOCK_BUFFER_TYPE = NONE for SO3P[8]. (constraint file  /home/nagafusa/work/spadi/Fakernet/SAMIDARE/samidare.gen/sources_1/bd/top_block/ip/top_block_util_ds_buf_7_0/top_block_util_ds_buf_7_0/top_block_util_ds_buf_5_0_in_context.xdc, line 43).
Applied set_property IO_BUFFER_TYPE = NONE for SO3P[9]. (constraint file  /home/nagafusa/work/spadi/Fakernet/SAMIDARE/samidare.gen/sources_1/bd/top_block/ip/top_block_util_ds_buf_7_0/top_block_util_ds_buf_7_0/top_block_util_ds_buf_5_0_in_context.xdc, line 44).
Applied set_property CLOCK_BUFFER_TYPE = NONE for SO3P[9]. (constraint file  /home/nagafusa/work/spadi/Fakernet/SAMIDARE/samidare.gen/sources_1/bd/top_block/ip/top_block_util_ds_buf_7_0/top_block_util_ds_buf_7_0/top_block_util_ds_buf_5_0_in_context.xdc, line 45).
Applied set_property IO_BUFFER_TYPE = NONE for TRG_N[0]. (constraint file  /home/nagafusa/work/spadi/Fakernet/SAMIDARE/samidare.gen/sources_1/bd/top_block/ip/top_block_util_ds_buf_1_1/top_block_util_ds_buf_1_1/top_block_util_ds_buf_2_0_in_context.xdc, line 2).
Applied set_property CLOCK_BUFFER_TYPE = NONE for TRG_N[0]. (constraint file  /home/nagafusa/work/spadi/Fakernet/SAMIDARE/samidare.gen/sources_1/bd/top_block/ip/top_block_util_ds_buf_1_1/top_block_util_ds_buf_1_1/top_block_util_ds_buf_2_0_in_context.xdc, line 3).
Applied set_property IO_BUFFER_TYPE = NONE for TRG_N[1]. (constraint file  /home/nagafusa/work/spadi/Fakernet/SAMIDARE/samidare.gen/sources_1/bd/top_block/ip/top_block_util_ds_buf_1_1/top_block_util_ds_buf_1_1/top_block_util_ds_buf_2_0_in_context.xdc, line 4).
Applied set_property CLOCK_BUFFER_TYPE = NONE for TRG_N[1]. (constraint file  /home/nagafusa/work/spadi/Fakernet/SAMIDARE/samidare.gen/sources_1/bd/top_block/ip/top_block_util_ds_buf_1_1/top_block_util_ds_buf_1_1/top_block_util_ds_buf_2_0_in_context.xdc, line 5).
Applied set_property IO_BUFFER_TYPE = NONE for TRG_N[2]. (constraint file  /home/nagafusa/work/spadi/Fakernet/SAMIDARE/samidare.gen/sources_1/bd/top_block/ip/top_block_util_ds_buf_1_1/top_block_util_ds_buf_1_1/top_block_util_ds_buf_2_0_in_context.xdc, line 6).
Applied set_property CLOCK_BUFFER_TYPE = NONE for TRG_N[2]. (constraint file  /home/nagafusa/work/spadi/Fakernet/SAMIDARE/samidare.gen/sources_1/bd/top_block/ip/top_block_util_ds_buf_1_1/top_block_util_ds_buf_1_1/top_block_util_ds_buf_2_0_in_context.xdc, line 7).
Applied set_property IO_BUFFER_TYPE = NONE for TRG_N[3]. (constraint file  /home/nagafusa/work/spadi/Fakernet/SAMIDARE/samidare.gen/sources_1/bd/top_block/ip/top_block_util_ds_buf_1_1/top_block_util_ds_buf_1_1/top_block_util_ds_buf_2_0_in_context.xdc, line 8).
Applied set_property CLOCK_BUFFER_TYPE = NONE for TRG_N[3]. (constraint file  /home/nagafusa/work/spadi/Fakernet/SAMIDARE/samidare.gen/sources_1/bd/top_block/ip/top_block_util_ds_buf_1_1/top_block_util_ds_buf_1_1/top_block_util_ds_buf_2_0_in_context.xdc, line 9).
Applied set_property IO_BUFFER_TYPE = NONE for TRG_P[0]. (constraint file  /home/nagafusa/work/spadi/Fakernet/SAMIDARE/samidare.gen/sources_1/bd/top_block/ip/top_block_util_ds_buf_1_1/top_block_util_ds_buf_1_1/top_block_util_ds_buf_2_0_in_context.xdc, line 10).
Applied set_property CLOCK_BUFFER_TYPE = NONE for TRG_P[0]. (constraint file  /home/nagafusa/work/spadi/Fakernet/SAMIDARE/samidare.gen/sources_1/bd/top_block/ip/top_block_util_ds_buf_1_1/top_block_util_ds_buf_1_1/top_block_util_ds_buf_2_0_in_context.xdc, line 11).
Applied set_property IO_BUFFER_TYPE = NONE for TRG_P[1]. (constraint file  /home/nagafusa/work/spadi/Fakernet/SAMIDARE/samidare.gen/sources_1/bd/top_block/ip/top_block_util_ds_buf_1_1/top_block_util_ds_buf_1_1/top_block_util_ds_buf_2_0_in_context.xdc, line 12).
Applied set_property CLOCK_BUFFER_TYPE = NONE for TRG_P[1]. (constraint file  /home/nagafusa/work/spadi/Fakernet/SAMIDARE/samidare.gen/sources_1/bd/top_block/ip/top_block_util_ds_buf_1_1/top_block_util_ds_buf_1_1/top_block_util_ds_buf_2_0_in_context.xdc, line 13).
Applied set_property IO_BUFFER_TYPE = NONE for TRG_P[2]. (constraint file  /home/nagafusa/work/spadi/Fakernet/SAMIDARE/samidare.gen/sources_1/bd/top_block/ip/top_block_util_ds_buf_1_1/top_block_util_ds_buf_1_1/top_block_util_ds_buf_2_0_in_context.xdc, line 14).
Applied set_property CLOCK_BUFFER_TYPE = NONE for TRG_P[2]. (constraint file  /home/nagafusa/work/spadi/Fakernet/SAMIDARE/samidare.gen/sources_1/bd/top_block/ip/top_block_util_ds_buf_1_1/top_block_util_ds_buf_1_1/top_block_util_ds_buf_2_0_in_context.xdc, line 15).
Applied set_property IO_BUFFER_TYPE = NONE for TRG_P[3]. (constraint file  /home/nagafusa/work/spadi/Fakernet/SAMIDARE/samidare.gen/sources_1/bd/top_block/ip/top_block_util_ds_buf_1_1/top_block_util_ds_buf_1_1/top_block_util_ds_buf_2_0_in_context.xdc, line 16).
Applied set_property CLOCK_BUFFER_TYPE = NONE for TRG_P[3]. (constraint file  /home/nagafusa/work/spadi/Fakernet/SAMIDARE/samidare.gen/sources_1/bd/top_block/ip/top_block_util_ds_buf_1_1/top_block_util_ds_buf_1_1/top_block_util_ds_buf_2_0_in_context.xdc, line 17).
Applied set_property IO_BUFFER_TYPE = NONE for CLKSOIN_N[0]. (constraint file  /home/nagafusa/work/spadi/Fakernet/SAMIDARE/samidare.gen/sources_1/bd/top_block/ip/top_block_util_ds_buf_0_1/top_block_util_ds_buf_0_1/top_block_util_ds_buf_0_1_in_context.xdc, line 2).
Applied set_property CLOCK_BUFFER_TYPE = NONE for CLKSOIN_N[0]. (constraint file  /home/nagafusa/work/spadi/Fakernet/SAMIDARE/samidare.gen/sources_1/bd/top_block/ip/top_block_util_ds_buf_0_1/top_block_util_ds_buf_0_1/top_block_util_ds_buf_0_1_in_context.xdc, line 3).
Applied set_property IO_BUFFER_TYPE = NONE for CLKSOIN_N[1]. (constraint file  /home/nagafusa/work/spadi/Fakernet/SAMIDARE/samidare.gen/sources_1/bd/top_block/ip/top_block_util_ds_buf_0_1/top_block_util_ds_buf_0_1/top_block_util_ds_buf_0_1_in_context.xdc, line 4).
Applied set_property CLOCK_BUFFER_TYPE = NONE for CLKSOIN_N[1]. (constraint file  /home/nagafusa/work/spadi/Fakernet/SAMIDARE/samidare.gen/sources_1/bd/top_block/ip/top_block_util_ds_buf_0_1/top_block_util_ds_buf_0_1/top_block_util_ds_buf_0_1_in_context.xdc, line 5).
Applied set_property IO_BUFFER_TYPE = NONE for CLKSOIN_N[2]. (constraint file  /home/nagafusa/work/spadi/Fakernet/SAMIDARE/samidare.gen/sources_1/bd/top_block/ip/top_block_util_ds_buf_0_1/top_block_util_ds_buf_0_1/top_block_util_ds_buf_0_1_in_context.xdc, line 6).
Applied set_property CLOCK_BUFFER_TYPE = NONE for CLKSOIN_N[2]. (constraint file  /home/nagafusa/work/spadi/Fakernet/SAMIDARE/samidare.gen/sources_1/bd/top_block/ip/top_block_util_ds_buf_0_1/top_block_util_ds_buf_0_1/top_block_util_ds_buf_0_1_in_context.xdc, line 7).
Applied set_property IO_BUFFER_TYPE = NONE for CLKSOIN_N[3]. (constraint file  /home/nagafusa/work/spadi/Fakernet/SAMIDARE/samidare.gen/sources_1/bd/top_block/ip/top_block_util_ds_buf_0_1/top_block_util_ds_buf_0_1/top_block_util_ds_buf_0_1_in_context.xdc, line 8).
Applied set_property CLOCK_BUFFER_TYPE = NONE for CLKSOIN_N[3]. (constraint file  /home/nagafusa/work/spadi/Fakernet/SAMIDARE/samidare.gen/sources_1/bd/top_block/ip/top_block_util_ds_buf_0_1/top_block_util_ds_buf_0_1/top_block_util_ds_buf_0_1_in_context.xdc, line 9).
Applied set_property IO_BUFFER_TYPE = NONE for CLKSOIN_P[0]. (constraint file  /home/nagafusa/work/spadi/Fakernet/SAMIDARE/samidare.gen/sources_1/bd/top_block/ip/top_block_util_ds_buf_0_1/top_block_util_ds_buf_0_1/top_block_util_ds_buf_0_1_in_context.xdc, line 10).
Applied set_property CLOCK_BUFFER_TYPE = NONE for CLKSOIN_P[0]. (constraint file  /home/nagafusa/work/spadi/Fakernet/SAMIDARE/samidare.gen/sources_1/bd/top_block/ip/top_block_util_ds_buf_0_1/top_block_util_ds_buf_0_1/top_block_util_ds_buf_0_1_in_context.xdc, line 11).
Applied set_property IO_BUFFER_TYPE = NONE for CLKSOIN_P[1]. (constraint file  /home/nagafusa/work/spadi/Fakernet/SAMIDARE/samidare.gen/sources_1/bd/top_block/ip/top_block_util_ds_buf_0_1/top_block_util_ds_buf_0_1/top_block_util_ds_buf_0_1_in_context.xdc, line 12).
Applied set_property CLOCK_BUFFER_TYPE = NONE for CLKSOIN_P[1]. (constraint file  /home/nagafusa/work/spadi/Fakernet/SAMIDARE/samidare.gen/sources_1/bd/top_block/ip/top_block_util_ds_buf_0_1/top_block_util_ds_buf_0_1/top_block_util_ds_buf_0_1_in_context.xdc, line 13).
Applied set_property IO_BUFFER_TYPE = NONE for CLKSOIN_P[2]. (constraint file  /home/nagafusa/work/spadi/Fakernet/SAMIDARE/samidare.gen/sources_1/bd/top_block/ip/top_block_util_ds_buf_0_1/top_block_util_ds_buf_0_1/top_block_util_ds_buf_0_1_in_context.xdc, line 14).
Applied set_property CLOCK_BUFFER_TYPE = NONE for CLKSOIN_P[2]. (constraint file  /home/nagafusa/work/spadi/Fakernet/SAMIDARE/samidare.gen/sources_1/bd/top_block/ip/top_block_util_ds_buf_0_1/top_block_util_ds_buf_0_1/top_block_util_ds_buf_0_1_in_context.xdc, line 15).
Applied set_property IO_BUFFER_TYPE = NONE for CLKSOIN_P[3]. (constraint file  /home/nagafusa/work/spadi/Fakernet/SAMIDARE/samidare.gen/sources_1/bd/top_block/ip/top_block_util_ds_buf_0_1/top_block_util_ds_buf_0_1/top_block_util_ds_buf_0_1_in_context.xdc, line 16).
Applied set_property CLOCK_BUFFER_TYPE = NONE for CLKSOIN_P[3]. (constraint file  /home/nagafusa/work/spadi/Fakernet/SAMIDARE/samidare.gen/sources_1/bd/top_block/ip/top_block_util_ds_buf_0_1/top_block_util_ds_buf_0_1/top_block_util_ds_buf_0_1_in_context.xdc, line 17).
Applied set_property IO_BUFFER_TYPE = NONE for HRSTB_N[0]. (constraint file  /home/nagafusa/work/spadi/Fakernet/SAMIDARE/samidare.gen/sources_1/bd/top_block/ip/top_block_util_ds_buf_2_0/top_block_util_ds_buf_2_0/top_block_util_ds_buf_2_0_in_context.xdc, line 2).
Applied set_property CLOCK_BUFFER_TYPE = NONE for HRSTB_N[0]. (constraint file  /home/nagafusa/work/spadi/Fakernet/SAMIDARE/samidare.gen/sources_1/bd/top_block/ip/top_block_util_ds_buf_2_0/top_block_util_ds_buf_2_0/top_block_util_ds_buf_2_0_in_context.xdc, line 3).
Applied set_property IO_BUFFER_TYPE = NONE for HRSTB_N[1]. (constraint file  /home/nagafusa/work/spadi/Fakernet/SAMIDARE/samidare.gen/sources_1/bd/top_block/ip/top_block_util_ds_buf_2_0/top_block_util_ds_buf_2_0/top_block_util_ds_buf_2_0_in_context.xdc, line 4).
Applied set_property CLOCK_BUFFER_TYPE = NONE for HRSTB_N[1]. (constraint file  /home/nagafusa/work/spadi/Fakernet/SAMIDARE/samidare.gen/sources_1/bd/top_block/ip/top_block_util_ds_buf_2_0/top_block_util_ds_buf_2_0/top_block_util_ds_buf_2_0_in_context.xdc, line 5).
Applied set_property IO_BUFFER_TYPE = NONE for HRSTB_N[2]. (constraint file  /home/nagafusa/work/spadi/Fakernet/SAMIDARE/samidare.gen/sources_1/bd/top_block/ip/top_block_util_ds_buf_2_0/top_block_util_ds_buf_2_0/top_block_util_ds_buf_2_0_in_context.xdc, line 6).
Applied set_property CLOCK_BUFFER_TYPE = NONE for HRSTB_N[2]. (constraint file  /home/nagafusa/work/spadi/Fakernet/SAMIDARE/samidare.gen/sources_1/bd/top_block/ip/top_block_util_ds_buf_2_0/top_block_util_ds_buf_2_0/top_block_util_ds_buf_2_0_in_context.xdc, line 7).
Applied set_property IO_BUFFER_TYPE = NONE for HRSTB_N[3]. (constraint file  /home/nagafusa/work/spadi/Fakernet/SAMIDARE/samidare.gen/sources_1/bd/top_block/ip/top_block_util_ds_buf_2_0/top_block_util_ds_buf_2_0/top_block_util_ds_buf_2_0_in_context.xdc, line 8).
Applied set_property CLOCK_BUFFER_TYPE = NONE for HRSTB_N[3]. (constraint file  /home/nagafusa/work/spadi/Fakernet/SAMIDARE/samidare.gen/sources_1/bd/top_block/ip/top_block_util_ds_buf_2_0/top_block_util_ds_buf_2_0/top_block_util_ds_buf_2_0_in_context.xdc, line 9).
Applied set_property IO_BUFFER_TYPE = NONE for HRSTB_P[0]. (constraint file  /home/nagafusa/work/spadi/Fakernet/SAMIDARE/samidare.gen/sources_1/bd/top_block/ip/top_block_util_ds_buf_2_0/top_block_util_ds_buf_2_0/top_block_util_ds_buf_2_0_in_context.xdc, line 10).
Applied set_property CLOCK_BUFFER_TYPE = NONE for HRSTB_P[0]. (constraint file  /home/nagafusa/work/spadi/Fakernet/SAMIDARE/samidare.gen/sources_1/bd/top_block/ip/top_block_util_ds_buf_2_0/top_block_util_ds_buf_2_0/top_block_util_ds_buf_2_0_in_context.xdc, line 11).
Applied set_property IO_BUFFER_TYPE = NONE for HRSTB_P[1]. (constraint file  /home/nagafusa/work/spadi/Fakernet/SAMIDARE/samidare.gen/sources_1/bd/top_block/ip/top_block_util_ds_buf_2_0/top_block_util_ds_buf_2_0/top_block_util_ds_buf_2_0_in_context.xdc, line 12).
Applied set_property CLOCK_BUFFER_TYPE = NONE for HRSTB_P[1]. (constraint file  /home/nagafusa/work/spadi/Fakernet/SAMIDARE/samidare.gen/sources_1/bd/top_block/ip/top_block_util_ds_buf_2_0/top_block_util_ds_buf_2_0/top_block_util_ds_buf_2_0_in_context.xdc, line 13).
Applied set_property IO_BUFFER_TYPE = NONE for HRSTB_P[2]. (constraint file  /home/nagafusa/work/spadi/Fakernet/SAMIDARE/samidare.gen/sources_1/bd/top_block/ip/top_block_util_ds_buf_2_0/top_block_util_ds_buf_2_0/top_block_util_ds_buf_2_0_in_context.xdc, line 14).
Applied set_property CLOCK_BUFFER_TYPE = NONE for HRSTB_P[2]. (constraint file  /home/nagafusa/work/spadi/Fakernet/SAMIDARE/samidare.gen/sources_1/bd/top_block/ip/top_block_util_ds_buf_2_0/top_block_util_ds_buf_2_0/top_block_util_ds_buf_2_0_in_context.xdc, line 15).
Applied set_property IO_BUFFER_TYPE = NONE for HRSTB_P[3]. (constraint file  /home/nagafusa/work/spadi/Fakernet/SAMIDARE/samidare.gen/sources_1/bd/top_block/ip/top_block_util_ds_buf_2_0/top_block_util_ds_buf_2_0/top_block_util_ds_buf_2_0_in_context.xdc, line 16).
Applied set_property CLOCK_BUFFER_TYPE = NONE for HRSTB_P[3]. (constraint file  /home/nagafusa/work/spadi/Fakernet/SAMIDARE/samidare.gen/sources_1/bd/top_block/ip/top_block_util_ds_buf_2_0/top_block_util_ds_buf_2_0/top_block_util_ds_buf_2_0_in_context.xdc, line 17).
Applied set_property IO_BUFFER_TYPE = NONE for BX_SYNC_TRG_N[0]. (constraint file  /home/nagafusa/work/spadi/Fakernet/SAMIDARE/samidare.gen/sources_1/bd/top_block/ip/top_block_util_ds_buf_3_2/top_block_util_ds_buf_3_2/top_block_util_ds_buf_4_0_in_context.xdc, line 2).
Applied set_property CLOCK_BUFFER_TYPE = NONE for BX_SYNC_TRG_N[0]. (constraint file  /home/nagafusa/work/spadi/Fakernet/SAMIDARE/samidare.gen/sources_1/bd/top_block/ip/top_block_util_ds_buf_3_2/top_block_util_ds_buf_3_2/top_block_util_ds_buf_4_0_in_context.xdc, line 3).
Applied set_property IO_BUFFER_TYPE = NONE for BX_SYNC_TRG_P[0]. (constraint file  /home/nagafusa/work/spadi/Fakernet/SAMIDARE/samidare.gen/sources_1/bd/top_block/ip/top_block_util_ds_buf_3_2/top_block_util_ds_buf_3_2/top_block_util_ds_buf_4_0_in_context.xdc, line 4).
Applied set_property CLOCK_BUFFER_TYPE = NONE for BX_SYNC_TRG_P[0]. (constraint file  /home/nagafusa/work/spadi/Fakernet/SAMIDARE/samidare.gen/sources_1/bd/top_block/ip/top_block_util_ds_buf_3_2/top_block_util_ds_buf_3_2/top_block_util_ds_buf_4_0_in_context.xdc, line 5).
Applied set_property IO_BUFFER_TYPE = NONE for HBTRG_N[0]. (constraint file  /home/nagafusa/work/spadi/Fakernet/SAMIDARE/samidare.gen/sources_1/bd/top_block/ip/top_block_util_ds_buf_4_1/top_block_util_ds_buf_4_1/top_block_util_ds_buf_4_0_in_context.xdc, line 2).
Applied set_property CLOCK_BUFFER_TYPE = NONE for HBTRG_N[0]. (constraint file  /home/nagafusa/work/spadi/Fakernet/SAMIDARE/samidare.gen/sources_1/bd/top_block/ip/top_block_util_ds_buf_4_1/top_block_util_ds_buf_4_1/top_block_util_ds_buf_4_0_in_context.xdc, line 3).
Applied set_property IO_BUFFER_TYPE = NONE for HBTRG_P[0]. (constraint file  /home/nagafusa/work/spadi/Fakernet/SAMIDARE/samidare.gen/sources_1/bd/top_block/ip/top_block_util_ds_buf_4_1/top_block_util_ds_buf_4_1/top_block_util_ds_buf_4_0_in_context.xdc, line 4).
Applied set_property CLOCK_BUFFER_TYPE = NONE for HBTRG_P[0]. (constraint file  /home/nagafusa/work/spadi/Fakernet/SAMIDARE/samidare.gen/sources_1/bd/top_block/ip/top_block_util_ds_buf_4_1/top_block_util_ds_buf_4_1/top_block_util_ds_buf_4_0_in_context.xdc, line 5).
Applied set_property IO_BUFFER_TYPE = NONE for BASECLK. (constraint file  /home/nagafusa/work/spadi/Fakernet/SAMIDARE/samidare.gen/sources_1/bd/top_block/ip/top_block_clk_wiz_0_0/top_block_clk_wiz_0_0/top_block_clk_wiz_0_0_in_context.xdc, line 7).
Applied set_property CLOCK_BUFFER_TYPE = NONE for BASECLK. (constraint file  /home/nagafusa/work/spadi/Fakernet/SAMIDARE/samidare.gen/sources_1/bd/top_block/ip/top_block_clk_wiz_0_0/top_block_clk_wiz_0_0/top_block_clk_wiz_0_0_in_context.xdc, line 8).
Applied set_property IO_BUFFER_TYPE = NONE for S_I2C_SCL. (constraint file  /home/nagafusa/work/spadi/Fakernet/SAMIDARE/samidare.gen/sources_1/bd/top_block/ip/top_block_iobuf_vhdl_0_0/top_block_iobuf_vhdl_0_0/top_block_iobuf_vhdl_1_0_in_context.xdc, line 3).
Applied set_property CLOCK_BUFFER_TYPE = NONE for S_I2C_SCL. (constraint file  /home/nagafusa/work/spadi/Fakernet/SAMIDARE/samidare.gen/sources_1/bd/top_block/ip/top_block_iobuf_vhdl_0_0/top_block_iobuf_vhdl_0_0/top_block_iobuf_vhdl_1_0_in_context.xdc, line 4).
Applied set_property IO_BUFFER_TYPE = NONE for S_I2C_SDA. (constraint file  /home/nagafusa/work/spadi/Fakernet/SAMIDARE/samidare.gen/sources_1/bd/top_block/ip/top_block_iobuf_vhdl_1_0/top_block_iobuf_vhdl_1_0/top_block_iobuf_vhdl_1_0_in_context.xdc, line 3).
Applied set_property CLOCK_BUFFER_TYPE = NONE for S_I2C_SDA. (constraint file  /home/nagafusa/work/spadi/Fakernet/SAMIDARE/samidare.gen/sources_1/bd/top_block/ip/top_block_iobuf_vhdl_1_0/top_block_iobuf_vhdl_1_0/top_block_iobuf_vhdl_1_0_in_context.xdc, line 4).
Applied set_property KEEP_HIERARCHY = SOFT for top_block_i. (constraint file  auto generated constraint).
Applied set_property KEEP_HIERARCHY = SOFT for top_block_i/fakernet/mii_initializer_0. (constraint file  auto generated constraint).
Applied set_property KEEP_HIERARCHY = SOFT for top_block_i/fakernet/if_gate/util_vector_logic_0. (constraint file  auto generated constraint).
Applied set_property KEEP_HIERARCHY = SOFT for top_block_i/fakernet/if_gate/util_vector_logic_1. (constraint file  auto generated constraint).
Applied set_property KEEP_HIERARCHY = SOFT for top_block_i/fakernet/if_gate/util_vector_logic_2. (constraint file  auto generated constraint).
Applied set_property KEEP_HIERARCHY = SOFT for top_block_i/fakernet/if_gate/util_vector_logic_3. (constraint file  auto generated constraint).
Applied set_property KEEP_HIERARCHY = SOFT for top_block_i/fakernet/if_gate1/util_vector_logic_0. (constraint file  auto generated constraint).
Applied set_property KEEP_HIERARCHY = SOFT for top_block_i/fakernet/if_gate1/util_vector_logic_1. (constraint file  auto generated constraint).
Applied set_property KEEP_HIERARCHY = SOFT for top_block_i/fakernet/if_gate1/util_vector_logic_2. (constraint file  auto generated constraint).
Applied set_property KEEP_HIERARCHY = SOFT for top_block_i/fakernet/if_gate1/util_vector_logic_3. (constraint file  auto generated constraint).
Applied set_property KEEP_HIERARCHY = SOFT for top_block_i/fakernet/xlconstant_0. (constraint file  auto generated constraint).
Applied set_property KEEP_HIERARCHY = SOFT for top_block_i/fakernet/xlconstant_1. (constraint file  auto generated constraint).
Applied set_property KEEP_HIERARCHY = SOFT for top_block_i/fakernet/xlconstant_2. (constraint file  auto generated constraint).
Applied set_property KEEP_HIERARCHY = SOFT for top_block_i/fakernet/xlconstant_3. (constraint file  auto generated constraint).
Applied set_property KEEP_HIERARCHY = SOFT for top_block_i/fakernet/RESET_INST_0. (constraint file  auto generated constraint).
Applied set_property KEEP_HIERARCHY = SOFT for top_block_i/fakernet/gig_ethernet_pcs_pma_0. (constraint file  auto generated constraint).
Applied set_property KEEP_HIERARCHY = SOFT for top_block_i/fakernet/native_to_axi_lite_v_0. (constraint file  auto generated constraint).
Applied set_property KEEP_HIERARCHY = SOFT for top_block_i/fakernet/fakernet_top_0. (constraint file  auto generated constraint).
Applied set_property KEEP_HIERARCHY = SOFT for top_block_i/fakernet/reg_switch_0. (constraint file  auto generated constraint).
Applied set_property KEEP_HIERARCHY = SOFT for top_block_i/fakernet/data_gen_user_0. (constraint file  auto generated constraint).
Applied set_property KEEP_HIERARCHY = SOFT for top_block_i/reset/vio_0. (constraint file  auto generated constraint).
Applied set_property KEEP_HIERARCHY = SOFT for top_block_i/reset/rst_clk_wiz_0_125M. (constraint file  auto generated constraint).
Applied set_property KEEP_HIERARCHY = SOFT for top_block_i/reset/xpm_cdc_gen_0. (constraint file  auto generated constraint).
Applied set_property KEEP_HIERARCHY = SOFT for top_block_i/reg_bram/axi_bram_ctrl_0. (constraint file  auto generated constraint).
Applied set_property KEEP_HIERARCHY = SOFT for top_block_i/reg_bram/blk_mem_gen_0. (constraint file  auto generated constraint).
Applied set_property KEEP_HIERARCHY = SOFT for top_block_i/reg_bram/axi_bram_ctrl_1. (constraint file  auto generated constraint).
Applied set_property KEEP_HIERARCHY = SOFT for top_block_i/reg_bram/axi_mem_intercon/xbar. (constraint file  auto generated constraint).
Applied set_property KEEP_HIERARCHY = SOFT for top_block_i/reg_bram/axi_mem_intercon. (constraint file  auto generated constraint).
Applied set_property KEEP_HIERARCHY = SOFT for top_block_i/appUnit/xlconcat_0. (constraint file  auto generated constraint).
Applied set_property KEEP_HIERARCHY = SOFT for top_block_i/appUnit/xlconcat_3. (constraint file  auto generated constraint).
Applied set_property KEEP_HIERARCHY = SOFT for top_block_i/appUnit/xlconcat_1. (constraint file  auto generated constraint).
Applied set_property KEEP_HIERARCHY = SOFT for top_block_i/appUnit/das_rx_0. (constraint file  auto generated constraint).
Applied set_property KEEP_HIERARCHY = SOFT for top_block_i/appUnit/data_processor_0. (constraint file  auto generated constraint).
Applied set_property KEEP_HIERARCHY = SOFT for top_block_i/appUnit/event_builder_v0_0. (constraint file  auto generated constraint).
Applied set_property KEEP_HIERARCHY = SOFT for top_block_i/appUnit/trigger_manager_0. (constraint file  auto generated constraint).
Applied set_property KEEP_HIERARCHY = SOFT for top_block_i/appUnit/SO_IN/slice_rev_concat/xlslice_0. (constraint file  auto generated constraint).
Applied set_property KEEP_HIERARCHY = SOFT for top_block_i/appUnit/SO_IN/slice_rev_concat/xlslice_1. (constraint file  auto generated constraint).
Applied set_property KEEP_HIERARCHY = SOFT for top_block_i/appUnit/SO_IN/slice_rev_concat/xlslice_2. (constraint file  auto generated constraint).
Applied set_property KEEP_HIERARCHY = SOFT for top_block_i/appUnit/SO_IN/slice_rev_concat/xlslice_3. (constraint file  auto generated constraint).
Applied set_property KEEP_HIERARCHY = SOFT for top_block_i/appUnit/SO_IN/slice_rev_concat/xlslice_4. (constraint file  auto generated constraint).
Applied set_property KEEP_HIERARCHY = SOFT for top_block_i/appUnit/SO_IN/slice_rev_concat/xlslice_5. (constraint file  auto generated constraint).
Applied set_property KEEP_HIERARCHY = SOFT for top_block_i/appUnit/SO_IN/slice_rev_concat/xlslice_6. (constraint file  auto generated constraint).
Applied set_property KEEP_HIERARCHY = SOFT for top_block_i/appUnit/SO_IN/slice_rev_concat/xlslice_7. (constraint file  auto generated constraint).
Applied set_property KEEP_HIERARCHY = SOFT for top_block_i/appUnit/SO_IN/slice_rev_concat/xlslice_8. (constraint file  auto generated constraint).
Applied set_property KEEP_HIERARCHY = SOFT for top_block_i/appUnit/SO_IN/slice_rev_concat/xlslice_9. (constraint file  auto generated constraint).
Applied set_property KEEP_HIERARCHY = SOFT for top_block_i/appUnit/SO_IN/slice_rev_concat/xlslice_10. (constraint file  auto generated constraint).
Applied set_property KEEP_HIERARCHY = SOFT for top_block_i/appUnit/SO_IN/slice_rev_concat/util_vector_logic_0. (constraint file  auto generated constraint).
Applied set_property KEEP_HIERARCHY = SOFT for top_block_i/appUnit/SO_IN/slice_rev_concat/util_vector_logic_1. (constraint file  auto generated constraint).
Applied set_property KEEP_HIERARCHY = SOFT for top_block_i/appUnit/SO_IN/slice_rev_concat/util_vector_logic_2. (constraint file  auto generated constraint).
Applied set_property KEEP_HIERARCHY = SOFT for top_block_i/appUnit/SO_IN/slice_rev_concat/util_vector_logic_3. (constraint file  auto generated constraint).
Applied set_property KEEP_HIERARCHY = SOFT for top_block_i/appUnit/SO_IN/slice_rev_concat/xlconcat_0. (constraint file  auto generated constraint).
Applied set_property KEEP_HIERARCHY = SOFT for top_block_i/appUnit/SO_IN/util_ds_buf_5. (constraint file  auto generated constraint).
Applied set_property KEEP_HIERARCHY = SOFT for top_block_i/appUnit/SO_IN/util_ds_buf_6. (constraint file  auto generated constraint).
Applied set_property KEEP_HIERARCHY = SOFT for top_block_i/appUnit/SO_IN/util_ds_buf_7. (constraint file  auto generated constraint).
Applied set_property KEEP_HIERARCHY = SOFT for top_block_i/appUnit/SO_IN/util_ds_buf_8. (constraint file  auto generated constraint).
Applied set_property KEEP_HIERARCHY = SOFT for top_block_i/appUnit/SO_IN/slice_rev_concat1/xlslice_0. (constraint file  auto generated constraint).
Applied set_property KEEP_HIERARCHY = SOFT for top_block_i/appUnit/SO_IN/slice_rev_concat1/xlslice_1. (constraint file  auto generated constraint).
Applied set_property KEEP_HIERARCHY = SOFT for top_block_i/appUnit/SO_IN/slice_rev_concat1/xlslice_2. (constraint file  auto generated constraint).
Applied set_property KEEP_HIERARCHY = SOFT for top_block_i/appUnit/SO_IN/slice_rev_concat1/xlslice_3. (constraint file  auto generated constraint).
Applied set_property KEEP_HIERARCHY = SOFT for top_block_i/appUnit/SO_IN/slice_rev_concat1/xlslice_4. (constraint file  auto generated constraint).
Applied set_property KEEP_HIERARCHY = SOFT for top_block_i/appUnit/SO_IN/slice_rev_concat1/xlslice_5. (constraint file  auto generated constraint).
Applied set_property KEEP_HIERARCHY = SOFT for top_block_i/appUnit/SO_IN/slice_rev_concat1/xlslice_6. (constraint file  auto generated constraint).
Applied set_property KEEP_HIERARCHY = SOFT for top_block_i/appUnit/SO_IN/slice_rev_concat1/xlslice_7. (constraint file  auto generated constraint).
Applied set_property KEEP_HIERARCHY = SOFT for top_block_i/appUnit/SO_IN/slice_rev_concat1/xlslice_8. (constraint file  auto generated constraint).
Applied set_property KEEP_HIERARCHY = SOFT for top_block_i/appUnit/SO_IN/slice_rev_concat1/xlslice_9. (constraint file  auto generated constraint).
Applied set_property KEEP_HIERARCHY = SOFT for top_block_i/appUnit/SO_IN/slice_rev_concat1/xlslice_10. (constraint file  auto generated constraint).
Applied set_property KEEP_HIERARCHY = SOFT for top_block_i/appUnit/SO_IN/slice_rev_concat1/util_vector_logic_0. (constraint file  auto generated constraint).
Applied set_property KEEP_HIERARCHY = SOFT for top_block_i/appUnit/SO_IN/slice_rev_concat1/util_vector_logic_3. (constraint file  auto generated constraint).
Applied set_property KEEP_HIERARCHY = SOFT for top_block_i/appUnit/SO_IN/slice_rev_concat1/xlconcat_0. (constraint file  auto generated constraint).
Applied set_property KEEP_HIERARCHY = SOFT for top_block_i/appUnit/SO_IN/slice_rev_concat1/util_vector_logic_1. (constraint file  auto generated constraint).
Applied set_property KEEP_HIERARCHY = SOFT for top_block_i/appUnit/SO_IN/slice_rev_concat1/util_vector_logic_2. (constraint file  auto generated constraint).
Applied set_property KEEP_HIERARCHY = SOFT for top_block_i/appUnit/SO_IN/slice_rev_concat2/xlslice_0. (constraint file  auto generated constraint).
Applied set_property KEEP_HIERARCHY = SOFT for top_block_i/appUnit/SO_IN/slice_rev_concat2/xlslice_1. (constraint file  auto generated constraint).
Applied set_property KEEP_HIERARCHY = SOFT for top_block_i/appUnit/SO_IN/slice_rev_concat2/xlslice_2. (constraint file  auto generated constraint).
Applied set_property KEEP_HIERARCHY = SOFT for top_block_i/appUnit/SO_IN/slice_rev_concat2/xlslice_3. (constraint file  auto generated constraint).
Applied set_property KEEP_HIERARCHY = SOFT for top_block_i/appUnit/SO_IN/slice_rev_concat2/xlslice_4. (constraint file  auto generated constraint).
Applied set_property KEEP_HIERARCHY = SOFT for top_block_i/appUnit/SO_IN/slice_rev_concat2/xlslice_5. (constraint file  auto generated constraint).
Applied set_property KEEP_HIERARCHY = SOFT for top_block_i/appUnit/SO_IN/slice_rev_concat2/xlslice_6. (constraint file  auto generated constraint).
Applied set_property KEEP_HIERARCHY = SOFT for top_block_i/appUnit/SO_IN/slice_rev_concat2/xlslice_7. (constraint file  auto generated constraint).
Applied set_property KEEP_HIERARCHY = SOFT for top_block_i/appUnit/SO_IN/slice_rev_concat2/xlslice_8. (constraint file  auto generated constraint).
Applied set_property KEEP_HIERARCHY = SOFT for top_block_i/appUnit/SO_IN/slice_rev_concat2/xlslice_9. (constraint file  auto generated constraint).
Applied set_property KEEP_HIERARCHY = SOFT for top_block_i/appUnit/SO_IN/slice_rev_concat2/xlslice_10. (constraint file  auto generated constraint).
Applied set_property KEEP_HIERARCHY = SOFT for top_block_i/appUnit/SO_IN/slice_rev_concat2/util_vector_logic_0. (constraint file  auto generated constraint).
Applied set_property KEEP_HIERARCHY = SOFT for top_block_i/appUnit/SO_IN/slice_rev_concat2/xlconcat_0. (constraint file  auto generated constraint).
Applied set_property KEEP_HIERARCHY = SOFT for top_block_i/appUnit/SO_IN/slice_rev_concat2/util_vector_logic_1. (constraint file  auto generated constraint).
Applied set_property KEEP_HIERARCHY = SOFT for top_block_i/appUnit/SO_IN/slice_rev_concat2/util_vector_logic_2. (constraint file  auto generated constraint).
Applied set_property KEEP_HIERARCHY = SOFT for top_block_i/appUnit/SO_IN/slice_rev_concat3/xlslice_0. (constraint file  auto generated constraint).
Applied set_property KEEP_HIERARCHY = SOFT for top_block_i/appUnit/SO_IN/slice_rev_concat3/xlslice_1. (constraint file  auto generated constraint).
Applied set_property KEEP_HIERARCHY = SOFT for top_block_i/appUnit/SO_IN/slice_rev_concat3/xlslice_2. (constraint file  auto generated constraint).
Applied set_property KEEP_HIERARCHY = SOFT for top_block_i/appUnit/SO_IN/slice_rev_concat3/xlslice_3. (constraint file  auto generated constraint).
Applied set_property KEEP_HIERARCHY = SOFT for top_block_i/appUnit/SO_IN/slice_rev_concat3/xlslice_4. (constraint file  auto generated constraint).
Applied set_property KEEP_HIERARCHY = SOFT for top_block_i/appUnit/SO_IN/slice_rev_concat3/xlslice_5. (constraint file  auto generated constraint).
Applied set_property KEEP_HIERARCHY = SOFT for top_block_i/appUnit/SO_IN/slice_rev_concat3/xlslice_6. (constraint file  auto generated constraint).
Applied set_property KEEP_HIERARCHY = SOFT for top_block_i/appUnit/SO_IN/slice_rev_concat3/xlslice_7. (constraint file  auto generated constraint).
Applied set_property KEEP_HIERARCHY = SOFT for top_block_i/appUnit/SO_IN/slice_rev_concat3/xlslice_8. (constraint file  auto generated constraint).
Applied set_property KEEP_HIERARCHY = SOFT for top_block_i/appUnit/SO_IN/slice_rev_concat3/xlslice_9. (constraint file  auto generated constraint).
Applied set_property KEEP_HIERARCHY = SOFT for top_block_i/appUnit/SO_IN/slice_rev_concat3/xlslice_10. (constraint file  auto generated constraint).
Applied set_property KEEP_HIERARCHY = SOFT for top_block_i/appUnit/SO_IN/slice_rev_concat3/util_vector_logic_0. (constraint file  auto generated constraint).
Applied set_property KEEP_HIERARCHY = SOFT for top_block_i/appUnit/SO_IN/slice_rev_concat3/util_vector_logic_1. (constraint file  auto generated constraint).
Applied set_property KEEP_HIERARCHY = SOFT for top_block_i/appUnit/SO_IN/slice_rev_concat3/util_vector_logic_2. (constraint file  auto generated constraint).
Applied set_property KEEP_HIERARCHY = SOFT for top_block_i/appUnit/SO_IN/slice_rev_concat3/util_vector_logic_3. (constraint file  auto generated constraint).
Applied set_property KEEP_HIERARCHY = SOFT for top_block_i/appUnit/SO_IN/slice_rev_concat3/xlconcat_0. (constraint file  auto generated constraint).
Applied set_property KEEP_HIERARCHY = SOFT for top_block_i/appUnit/SO_IN/slice_rev_concat3/util_vector_logic_4. (constraint file  auto generated constraint).
Applied set_property KEEP_HIERARCHY = SOFT for top_block_i/appUnit/SO_IN/slice_rev_concat3/util_vector_logic_5. (constraint file  auto generated constraint).
Applied set_property KEEP_HIERARCHY = SOFT for top_block_i/appUnit/SO_IN/slice_rev_concat3/util_vector_logic_6. (constraint file  auto generated constraint).
Applied set_property KEEP_HIERARCHY = SOFT for top_block_i/appUnit/SO_IN/slice_rev_concat3/util_vector_logic_7. (constraint file  auto generated constraint).
Applied set_property KEEP_HIERARCHY = SOFT for top_block_i/appUnit/TRG/util_ds_buf_1. (constraint file  auto generated constraint).
Applied set_property KEEP_HIERARCHY = SOFT for top_block_i/appUnit/TRG/TRG_MODULE_0. (constraint file  auto generated constraint).
Applied set_property KEEP_HIERARCHY = SOFT for top_block_i/appUnit/FIFO_WRAPPER/fifo_generator_1. (constraint file  auto generated constraint).
Applied set_property KEEP_HIERARCHY = SOFT for top_block_i/appUnit/FIFO_WRAPPER/fifo_generator_2. (constraint file  auto generated constraint).
Applied set_property KEEP_HIERARCHY = SOFT for top_block_i/appUnit/FIFO_WRAPPER/fifo_generator_3. (constraint file  auto generated constraint).
Applied set_property KEEP_HIERARCHY = SOFT for top_block_i/appUnit/FIFO_WRAPPER/fifo_generator_0. (constraint file  auto generated constraint).
Applied set_property KEEP_HIERARCHY = SOFT for top_block_i/appUnit/FIFO_WRAPPER/xlslice_0. (constraint file  auto generated constraint).
Applied set_property KEEP_HIERARCHY = SOFT for top_block_i/appUnit/FIFO_WRAPPER/xlslice_1. (constraint file  auto generated constraint).
Applied set_property KEEP_HIERARCHY = SOFT for top_block_i/appUnit/FIFO_WRAPPER/xlslice_2. (constraint file  auto generated constraint).
Applied set_property KEEP_HIERARCHY = SOFT for top_block_i/appUnit/FIFO_WRAPPER/xlslice_3. (constraint file  auto generated constraint).
Applied set_property KEEP_HIERARCHY = SOFT for top_block_i/appUnit/ENABLE_SYNC/util_vector_logic_0. (constraint file  auto generated constraint).
Applied set_property KEEP_HIERARCHY = SOFT for top_block_i/appUnit/ENABLE_SYNC/util_vector_logic_1. (constraint file  auto generated constraint).
Applied set_property KEEP_HIERARCHY = SOFT for top_block_i/appUnit/ENABLE_SYNC/util_vector_logic_2. (constraint file  auto generated constraint).
Applied set_property KEEP_HIERARCHY = SOFT for top_block_i/appUnit/ENABLE_SYNC/util_vector_logic_3. (constraint file  auto generated constraint).
Applied set_property KEEP_HIERARCHY = SOFT for top_block_i/appUnit/ENABLE_SYNC/xpm_cdc_gen_0. (constraint file  auto generated constraint).
Applied set_property KEEP_HIERARCHY = SOFT for top_block_i/GainConfig/POL. (constraint file  auto generated constraint).
Applied set_property KEEP_HIERARCHY = SOFT for top_block_i/GainConfig/CTS. (constraint file  auto generated constraint).
Applied set_property KEEP_HIERARCHY = SOFT for top_block_i/GainConfig/CG0. (constraint file  auto generated constraint).
Applied set_property KEEP_HIERARCHY = SOFT for top_block_i/GainConfig/CG1. (constraint file  auto generated constraint).
Applied set_property KEEP_HIERARCHY = SOFT for top_block_i/CLK_SO/util_ds_buf_0. (constraint file  auto generated constraint).
Applied set_property KEEP_HIERARCHY = SOFT for top_block_i/CLK_SO/xlconcat_0. (constraint file  auto generated constraint).
Applied set_property KEEP_HIERARCHY = SOFT for top_block_i/CONST_QRAPPER/clk_wiz_2. (constraint file  auto generated constraint).
Applied set_property KEEP_HIERARCHY = SOFT for top_block_i/CONST_QRAPPER/util_ds_buf_2. (constraint file  auto generated constraint).
Applied set_property KEEP_HIERARCHY = SOFT for top_block_i/CONST_QRAPPER/util_ds_buf_3. (constraint file  auto generated constraint).
Applied set_property KEEP_HIERARCHY = SOFT for top_block_i/CONST_QRAPPER/util_vector_logic_1. (constraint file  auto generated constraint).
Applied set_property KEEP_HIERARCHY = SOFT for top_block_i/CONST_QRAPPER/xlconcat_2. (constraint file  auto generated constraint).
Applied set_property KEEP_HIERARCHY = SOFT for top_block_i/CONST_QRAPPER/xlconstant_1. (constraint file  auto generated constraint).
Applied set_property KEEP_HIERARCHY = SOFT for top_block_i/CONST_QRAPPER/util_vector_logic_4. (constraint file  auto generated constraint).
Applied set_property KEEP_HIERARCHY = SOFT for top_block_i/CONST_QRAPPER/util_ds_buf_4. (constraint file  auto generated constraint).
Applied set_property KEEP_HIERARCHY = SOFT for top_block_i/CONST_QRAPPER/xlconstant_0. (constraint file  auto generated constraint).
Applied set_property KEEP_HIERARCHY = SOFT for top_block_i/CLK_WRAPPER/clk_wiz_1. (constraint file  auto generated constraint).
Applied set_property KEEP_HIERARCHY = SOFT for top_block_i/CLK_WRAPPER/clk_wiz_0. (constraint file  auto generated constraint).
Applied set_property KEEP_HIERARCHY = SOFT for top_block_i/SC_WRAPPER/led_module/util_vector_logic_0. (constraint file  auto generated constraint).
Applied set_property KEEP_HIERARCHY = SOFT for top_block_i/SC_WRAPPER/led_module/xlconstant_0. (constraint file  auto generated constraint).
Applied set_property KEEP_HIERARCHY = SOFT for top_block_i/SC_WRAPPER/led_module/u_led_inst_0. (constraint file  auto generated constraint).
Applied set_property KEEP_HIERARCHY = SOFT for top_block_i/SC_WRAPPER/led_module/LED_REG_READ_SEPARAT_0. (constraint file  auto generated constraint).
Applied set_property KEEP_HIERARCHY = SOFT for top_block_i/SC_WRAPPER/led_module/LED_REG_READ_SEPARAT_1. (constraint file  auto generated constraint).
Applied set_property KEEP_HIERARCHY = SOFT for top_block_i/SC_WRAPPER/SAMPA_I2C_wrapper/axi_iic_0. (constraint file  auto generated constraint).
Applied set_property KEEP_HIERARCHY = SOFT for top_block_i/SC_WRAPPER/SAMPA_I2C_wrapper/I2C_Controller_v1_0_0. (constraint file  auto generated constraint).
Applied set_property KEEP_HIERARCHY = SOFT for top_block_i/SC_WRAPPER/SAMPA_I2C_wrapper/iobuf_vhdl_0. (constraint file  auto generated constraint).
Applied set_property KEEP_HIERARCHY = SOFT for top_block_i/SC_WRAPPER/SAMPA_I2C_wrapper/iobuf_vhdl_1. (constraint file  auto generated constraint).
Applied set_property KEEP_HIERARCHY = SOFT for top_block_i/SC_WRAPPER/SAMPA_PON_v1_0_0. (constraint file  auto generated constraint).
---------------------------------------------------------------------------------
Finished applying 'set_property' XDC Constraints : Time (s): cpu = 00:00:08 ; elapsed = 00:00:09 . Memory (MB): peak = 2512.254 ; gain = 0.000 ; free physical = 40118 ; free virtual = 60277
Synthesis current peak Physical Memory [PSS] (MB): peak = 1502.659; parent = 1334.437; children = 168.223
Synthesis current peak Virtual Memory [VSS] (MB): peak = 3306.582; parent = 2338.078; children = 968.504
---------------------------------------------------------------------------------
---------------------------------------------------------------------------------
Finished RTL Optimization Phase 2 : Time (s): cpu = 00:00:08 ; elapsed = 00:00:09 . Memory (MB): peak = 2512.254 ; gain = 0.000 ; free physical = 40117 ; free virtual = 60278
Synthesis current peak Physical Memory [PSS] (MB): peak = 1502.659; parent = 1334.437; children = 168.223
Synthesis current peak Virtual Memory [VSS] (MB): peak = 3306.582; parent = 2338.078; children = 968.504
---------------------------------------------------------------------------------
---------------------------------------------------------------------------------
Start RTL Component Statistics 
---------------------------------------------------------------------------------
Detailed RTL Component Info : 
---------------------------------------------------------------------------------
Finished RTL Component Statistics 
---------------------------------------------------------------------------------
---------------------------------------------------------------------------------
Start Part Resource Summary
---------------------------------------------------------------------------------
Part Resources:
DSPs: 576 (col length:72)
BRAMs: 288 (col length: RAMB18 72 RAMB36 36)
---------------------------------------------------------------------------------
Finished Part Resource Summary
---------------------------------------------------------------------------------
---------------------------------------------------------------------------------
Start Cross Boundary and Area Optimization
---------------------------------------------------------------------------------
WARNING: [Synth 8-7080] Parallel synthesis criteria is not met
---------------------------------------------------------------------------------
Finished Cross Boundary and Area Optimization : Time (s): cpu = 00:00:09 ; elapsed = 00:00:10 . Memory (MB): peak = 2512.254 ; gain = 0.000 ; free physical = 40101 ; free virtual = 60267
Synthesis current peak Physical Memory [PSS] (MB): peak = 1502.659; parent = 1334.437; children = 168.223
Synthesis current peak Virtual Memory [VSS] (MB): peak = 3306.582; parent = 2338.078; children = 968.504
---------------------------------------------------------------------------------
---------------------------------------------------------------------------------
Start Applying XDC Timing Constraints
---------------------------------------------------------------------------------
WARNING: [Synth 8-565] redefining clock 'BASECLK'
---------------------------------------------------------------------------------
Finished Applying XDC Timing Constraints : Time (s): cpu = 00:00:10 ; elapsed = 00:00:12 . Memory (MB): peak = 2512.254 ; gain = 0.000 ; free physical = 39879 ; free virtual = 60045
Synthesis current peak Physical Memory [PSS] (MB): peak = 1709.465; parent = 1542.036; children = 168.223
Synthesis current peak Virtual Memory [VSS] (MB): peak = 3422.215; parent = 2453.711; children = 968.504
---------------------------------------------------------------------------------
---------------------------------------------------------------------------------
Start Timing Optimization
---------------------------------------------------------------------------------
---------------------------------------------------------------------------------
Finished Timing Optimization : Time (s): cpu = 00:00:10 ; elapsed = 00:00:12 . Memory (MB): peak = 2512.254 ; gain = 0.000 ; free physical = 39877 ; free virtual = 60043
Synthesis current peak Physical Memory [PSS] (MB): peak = 1710.688; parent = 1543.290; children = 168.223
Synthesis current peak Virtual Memory [VSS] (MB): peak = 3423.215; parent = 2454.711; children = 968.504
---------------------------------------------------------------------------------
---------------------------------------------------------------------------------
Start Technology Mapping
---------------------------------------------------------------------------------
---------------------------------------------------------------------------------
Finished Technology Mapping : Time (s): cpu = 00:00:10 ; elapsed = 00:00:12 . Memory (MB): peak = 2512.254 ; gain = 0.000 ; free physical = 39875 ; free virtual = 60041
Synthesis current peak Physical Memory [PSS] (MB): peak = 1712.562; parent = 1545.165; children = 168.223
Synthesis current peak Virtual Memory [VSS] (MB): peak = 3444.262; parent = 2475.758; children = 968.504
---------------------------------------------------------------------------------
---------------------------------------------------------------------------------
Start IO Insertion
---------------------------------------------------------------------------------
---------------------------------------------------------------------------------
Start Flattening Before IO Insertion
---------------------------------------------------------------------------------
---------------------------------------------------------------------------------
Finished Flattening Before IO Insertion
---------------------------------------------------------------------------------
---------------------------------------------------------------------------------
Start Final Netlist Cleanup
---------------------------------------------------------------------------------
---------------------------------------------------------------------------------
Finished Final Netlist Cleanup
---------------------------------------------------------------------------------
---------------------------------------------------------------------------------
Finished IO Insertion : Time (s): cpu = 00:00:12 ; elapsed = 00:00:14 . Memory (MB): peak = 2512.254 ; gain = 0.000 ; free physical = 39874 ; free virtual = 60040
Synthesis current peak Physical Memory [PSS] (MB): peak = 1712.941; parent = 1545.550; children = 168.223
Synthesis current peak Virtual Memory [VSS] (MB): peak = 3450.199; parent = 2481.695; children = 968.504
---------------------------------------------------------------------------------
---------------------------------------------------------------------------------
Start Renaming Generated Instances
---------------------------------------------------------------------------------
---------------------------------------------------------------------------------
Finished Renaming Generated Instances : Time (s): cpu = 00:00:12 ; elapsed = 00:00:14 . Memory (MB): peak = 2512.254 ; gain = 0.000 ; free physical = 39874 ; free virtual = 60040
Synthesis current peak Physical Memory [PSS] (MB): peak = 1712.957; parent = 1545.565; children = 168.223
Synthesis current peak Virtual Memory [VSS] (MB): peak = 3450.199; parent = 2481.695; children = 968.504
---------------------------------------------------------------------------------
---------------------------------------------------------------------------------
Start Rebuilding User Hierarchy
---------------------------------------------------------------------------------
---------------------------------------------------------------------------------
Finished Rebuilding User Hierarchy : Time (s): cpu = 00:00:12 ; elapsed = 00:00:14 . Memory (MB): peak = 2512.254 ; gain = 0.000 ; free physical = 39873 ; free virtual = 60039
Synthesis current peak Physical Memory [PSS] (MB): peak = 1713.793; parent = 1546.401; children = 168.223
Synthesis current peak Virtual Memory [VSS] (MB): peak = 3450.199; parent = 2481.695; children = 968.504
---------------------------------------------------------------------------------
---------------------------------------------------------------------------------
Start Renaming Generated Ports
---------------------------------------------------------------------------------
---------------------------------------------------------------------------------
Finished Renaming Generated Ports : Time (s): cpu = 00:00:12 ; elapsed = 00:00:14 . Memory (MB): peak = 2512.254 ; gain = 0.000 ; free physical = 39873 ; free virtual = 60039
Synthesis current peak Physical Memory [PSS] (MB): peak = 1713.793; parent = 1546.401; children = 168.223
Synthesis current peak Virtual Memory [VSS] (MB): peak = 3450.199; parent = 2481.695; children = 968.504
---------------------------------------------------------------------------------
---------------------------------------------------------------------------------
Start Handling Custom Attributes
---------------------------------------------------------------------------------
---------------------------------------------------------------------------------
Finished Handling Custom Attributes : Time (s): cpu = 00:00:12 ; elapsed = 00:00:14 . Memory (MB): peak = 2512.254 ; gain = 0.000 ; free physical = 39873 ; free virtual = 60039
Synthesis current peak Physical Memory [PSS] (MB): peak = 1713.793; parent = 1546.401; children = 168.223
Synthesis current peak Virtual Memory [VSS] (MB): peak = 3450.199; parent = 2481.695; children = 968.504
---------------------------------------------------------------------------------
---------------------------------------------------------------------------------
Start Renaming Generated Nets
---------------------------------------------------------------------------------
---------------------------------------------------------------------------------
Finished Renaming Generated Nets : Time (s): cpu = 00:00:12 ; elapsed = 00:00:14 . Memory (MB): peak = 2512.254 ; gain = 0.000 ; free physical = 39873 ; free virtual = 60039
Synthesis current peak Physical Memory [PSS] (MB): peak = 1713.801; parent = 1546.409; children = 168.223
Synthesis current peak Virtual Memory [VSS] (MB): peak = 3450.199; parent = 2481.695; children = 968.504
---------------------------------------------------------------------------------
---------------------------------------------------------------------------------
Start Writing Synthesis Report
---------------------------------------------------------------------------------

Report BlackBoxes: 
+------+-----------------------------------+----------+
|      |BlackBox name                      |Instances |
+------+-----------------------------------+----------+
|1     |top_block_util_ds_buf_0_1          |         1|
|2     |top_block_clk_wiz_0_0              |         1|
|3     |top_block_clk_wiz_1_0              |         1|
|4     |top_block_clk_wiz_2_0              |         1|
|5     |top_block_util_ds_buf_2_0          |         1|
|6     |top_block_util_ds_buf_3_2          |         1|
|7     |top_block_util_ds_buf_4_1          |         1|
|8     |top_block_util_vector_logic_1_3    |         1|
|9     |top_block_util_vector_logic_3_2    |         1|
|10    |top_block_SAMPA_PON_v1_0_0_0       |         1|
|11    |top_block_I2C_Controller_v1_0_0_1  |         1|
|12    |top_block_axi_iic_0_0              |         1|
|13    |top_block_iobuf_vhdl_0_0           |         1|
|14    |top_block_iobuf_vhdl_1_0           |         1|
|15    |top_block_LED_REG_READ_SEPARAT_0_0 |         1|
|16    |top_block_LED_REG_READ_SEPARAT_1_0 |         1|
|17    |top_block_u_led_inst_0_0           |         1|
|18    |top_block_util_vector_logic_0_2    |         1|
|19    |top_block_das_rx_0_0               |         1|
|20    |top_block_data_processor_0_0       |         1|
|21    |top_block_event_builder_v0_0_0     |         1|
|22    |top_block_trigger_manager_0_0      |         1|
|23    |top_block_util_vector_logic_0_3    |         1|
|24    |top_block_util_vector_logic_0_7    |         1|
|25    |top_block_util_vector_logic_0_8    |         1|
|26    |top_block_util_vector_logic_0_9    |         1|
|27    |top_block_xpm_cdc_gen_0_1          |         1|
|28    |top_block_fifo_generator_0_1       |         1|
|29    |top_block_fifo_generator_0_2       |         1|
|30    |top_block_fifo_generator_0_3       |         1|
|31    |top_block_fifo_generator_0_4       |         1|
|32    |top_block_util_ds_buf_5_0          |         1|
|33    |top_block_util_ds_buf_6_0          |         1|
|34    |top_block_util_ds_buf_6_1          |         1|
|35    |top_block_util_ds_buf_7_0          |         1|
|36    |top_block_util_vector_logic_0_10   |         1|
|37    |top_block_util_vector_logic_0_11   |         1|
|38    |top_block_util_vector_logic_1_4    |         1|
|39    |top_block_util_vector_logic_1_5    |         1|
|40    |top_block_util_vector_logic_0_13   |         1|
|41    |top_block_util_vector_logic_0_14   |         1|
|42    |top_block_util_vector_logic_0_15   |         1|
|43    |top_block_util_vector_logic_3_4    |         1|
|44    |top_block_util_vector_logic_0_17   |         1|
|45    |top_block_util_vector_logic_1_9    |         1|
|46    |top_block_util_vector_logic_2_5    |         1|
|47    |top_block_util_vector_logic_0_12   |         1|
|48    |top_block_util_vector_logic_1_6    |         1|
|49    |top_block_util_vector_logic_2_2    |         1|
|50    |top_block_util_vector_logic_3_3    |         1|
|51    |top_block_util_vector_logic_3_7    |         1|
|52    |top_block_util_vector_logic_3_8    |         1|
|53    |top_block_util_vector_logic_3_9    |         1|
|54    |top_block_util_vector_logic_3_10   |         1|
|55    |top_block_TRG_MODULE_0_0           |         1|
|56    |top_block_util_ds_buf_1_1          |         1|
|57    |top_block_RESET_INST_0_0           |         1|
|58    |top_block_data_gen_user_0_0        |         1|
|59    |top_block_fakernet_top_0_0         |         1|
|60    |top_block_gig_ethernet_pcs_pma_0_0 |         1|
|61    |top_block_mii_initializer_0_0      |         1|
|62    |top_block_native_to_axi_lite_v_0_0 |         1|
|63    |top_block_reg_switch_0_0           |         1|
|64    |top_block_util_vector_logic_0_0    |         1|
|65    |top_block_util_vector_logic_1_0    |         1|
|66    |top_block_util_vector_logic_2_0    |         1|
|67    |top_block_util_vector_logic_1_1    |         1|
|68    |top_block_util_vector_logic_0_1    |         1|
|69    |top_block_util_vector_logic_1_2    |         1|
|70    |top_block_util_vector_logic_2_1    |         1|
|71    |top_block_util_vector_logic_3_0    |         1|
|72    |top_block_xbar_1                   |         1|
|73    |top_block_axi_bram_ctrl_0_0        |         1|
|74    |top_block_axi_bram_ctrl_1_0        |         1|
|75    |top_block_blk_mem_gen_0_0          |         1|
|76    |top_block_rst_clk_wiz_0_125M_0     |         1|
|77    |top_block_vio_0_0                  |         1|
|78    |top_block_xpm_cdc_gen_0_0          |         1|
+------+-----------------------------------+----------+

Report Cell Usage: 
+------+---------------------------------+------+
|      |Cell                             |Count |
+------+---------------------------------+------+
|1     |top_block_I2C_Controller_v1_0_0  |     1|
|2     |top_block_LED_REG_READ_SEPARAT_0 |     1|
|3     |top_block_LED_REG_READ_SEPARAT_1 |     1|
|4     |top_block_RESET_INST_0           |     1|
|5     |top_block_SAMPA_PON_v1_0_0       |     1|
|6     |top_block_TRG_MODULE_0           |     1|
|7     |top_block_axi_bram_ctrl_0        |     1|
|8     |top_block_axi_bram_ctrl_1        |     1|
|9     |top_block_axi_iic_0              |     1|
|10    |top_block_blk_mem_gen_0          |     1|
|11    |top_block_clk_wiz_0              |     1|
|12    |top_block_clk_wiz_1              |     1|
|13    |top_block_clk_wiz_2              |     1|
|14    |top_block_das_rx_0               |     1|
|15    |top_block_data_gen_user_0        |     1|
|16    |top_block_data_processor_0       |     1|
|17    |top_block_event_builder_v0_0     |     1|
|18    |top_block_fakernet_top_0         |     1|
|19    |top_block_fifo_generator_0       |     4|
|23    |top_block_gig_ethernet_pcs_pma_0 |     1|
|24    |top_block_iobuf_vhdl_0           |     1|
|25    |top_block_iobuf_vhdl_1           |     1|
|26    |top_block_mii_initializer_0      |     1|
|27    |top_block_native_to_axi_lite_v_0 |     1|
|28    |top_block_reg_switch_0           |     1|
|29    |top_block_rst_clk_wiz_0_125M     |     1|
|30    |top_block_trigger_manager_0      |     1|
|31    |top_block_u_led_inst_0           |     1|
|32    |top_block_util_ds_buf_0          |     1|
|33    |top_block_util_ds_buf_1          |     1|
|34    |top_block_util_ds_buf_2          |     1|
|35    |top_block_util_ds_buf_3          |     1|
|36    |top_block_util_ds_buf_4          |     1|
|37    |top_block_util_ds_buf_5          |     1|
|38    |top_block_util_ds_buf_6          |     2|
|40    |top_block_util_ds_buf_7          |     1|
|41    |top_block_util_vector_logic_0    |    14|
|55    |top_block_util_vector_logic_1    |     8|
|63    |top_block_util_vector_logic_2    |     4|
|67    |top_block_util_vector_logic_3    |     8|
|75    |top_block_vio_0                  |     1|
|76    |top_block_xbar                   |     1|
|77    |top_block_xpm_cdc_gen_0          |     2|
|79    |IBUF                             |    17|
|80    |OBUF                             |    17|
+------+---------------------------------+------+
---------------------------------------------------------------------------------
Finished Writing Synthesis Report : Time (s): cpu = 00:00:12 ; elapsed = 00:00:14 . Memory (MB): peak = 2512.254 ; gain = 0.000 ; free physical = 39873 ; free virtual = 60039
Synthesis current peak Physical Memory [PSS] (MB): peak = 1713.832; parent = 1546.440; children = 168.223
Synthesis current peak Virtual Memory [VSS] (MB): peak = 3450.199; parent = 2481.695; children = 968.504
---------------------------------------------------------------------------------
Synthesis finished with 0 errors, 0 critical warnings and 480 warnings.
Synthesis Optimization Runtime : Time (s): cpu = 00:00:09 ; elapsed = 00:00:11 . Memory (MB): peak = 2512.254 ; gain = 0.000 ; free physical = 39888 ; free virtual = 60054
Synthesis Optimization Complete : Time (s): cpu = 00:00:12 ; elapsed = 00:00:14 . Memory (MB): peak = 2512.254 ; gain = 0.000 ; free physical = 39888 ; free virtual = 60054
INFO: [Project 1-571] Translating synthesized netlist
Netlist sorting complete. Time (s): cpu = 00:00:00.01 ; elapsed = 00:00:00.02 . Memory (MB): peak = 2512.254 ; gain = 0.000 ; free physical = 39995 ; free virtual = 60161
INFO: [Netlist 29-17] Analyzing 17 Unisim elements for replacement
INFO: [Netlist 29-28] Unisim Transformation completed in 0 CPU seconds
INFO: [Project 1-570] Preparing netlist for logic optimization
INFO: [Opt 31-138] Pushed 0 inverter(s) to 0 load pin(s).
Netlist sorting complete. Time (s): cpu = 00:00:00 ; elapsed = 00:00:00 . Memory (MB): peak = 2513.379 ; gain = 0.000 ; free physical = 39955 ; free virtual = 60121
INFO: [Project 1-111] Unisim Transformation Summary:
  A total of 17 instances were transformed.
  IBUF => IBUF (IBUFCTRL, INBUF): 17 instances

Synth Design complete, checksum: 4acfea43
INFO: [Common 17-83] Releasing license: Synthesis
235 Infos, 175 Warnings, 0 Critical Warnings and 0 Errors encountered.
synth_design completed successfully
synth_design: Time (s): cpu = 00:00:15 ; elapsed = 00:00:16 . Memory (MB): peak = 2513.379 ; gain = 1.125 ; free physical = 40161 ; free virtual = 60327
INFO: [Common 17-1381] The checkpoint '/home/nagafusa/work/spadi/Fakernet/SAMIDARE/samidare.runs/synth_1/top_block_wrapper.dcp' has been generated.
INFO: [runtcl-4] Executing : report_utilization -file top_block_wrapper_utilization_synth.rpt -pb top_block_wrapper_utilization_synth.pb
INFO: [Common 17-206] Exiting Vivado at Mon Oct  7 11:39:34 2024...
