Sample in Buffer,Sample in Window,TRIGGER,top_block_i/appUnit/fifo_generator_0_dout[319:0],top_block_i/appUnit/fifo_generator_1_dout[319:0],top_block_i/appUnit/fifo_generator_3_dout[319:0],top_block_i/appUnit/fifo_generator_2_dout[319:0],top_block_i/appUnit/data_processor_0/inst/bus_sel[1:0],u_ila_1_state[2:0],top_block_i/appUnit/event_builder_v0_0/inst/rest_count[9:0],top_block_i/appUnit/event_builder_v0_0/inst/event_offset[9:0],top_block_i/appUnit/event_builder_v0_0/inst/event_commit_len[10:0],u_ila_1_sample_cnt_i[3:0],top_block_i/appUnit/event_builder_v0_0/event_word_1[3:0],top_block_i/appUnit/event_builder_v0_0/event_word_2[9:8],top_block_i/appUnit/event_builder_v0_0/event_word_3[24:24],top_block_i/appUnit/event_builder_v0_0/event_word[29:28],top_block_i/appUnit/event_builder_v0_0/event_offset[9:0],top_block_i/appUnit/event_builder_v0_0/inst/event_word[8:0],top_block_i/appUnit/data_processor_0/inst/bus_sel_internal[1:1],u_ila_1_counter[6:4],top_block_i/appUnit/data_processor_0/inst/counter[7:7],top_block_i/appUnit/data_processor_0/inst/data_out[319:0],top_block_i/appUnit/data_processor_0/inst/req[3:0],top_block_i/appUnit/event_builder_v0_0/event_commit_len[10:0],u_ila_1_busy_i,top_block_i/appUnit/event_builder_v0_0/data_ack,u_ila_1_data_wr,top_block_i/appUnit/event_builder_v0_0/event_commit,u_ila_1_event_free,u_ila_1_event_reset,top_block_i/appUnit/event_builder_v0_0/event_write,top_block_i/appUnit/event_builder_v0_0/last_data,top_block_i/SAMPA_PON_v1_0_0/inst/sampa_power_on,top_block_i/appUnit/data_processor_0/inst/busy
Radix - UNSIGNED,UNSIGNED,UNSIGNED,HEX,HEX,HEX,HEX,HEX,HEX,HEX,HEX,HEX,HEX,HEX,HEX,HEX,HEX,HEX,HEX,HEX,HEX,HEX,HEX,HEX,HEX,HEX,HEX,HEX,HEX,HEX,HEX,HEX,HEX,HEX,HEX
0,0,0,c0f02c0f02c0b02c0b02c0b02c0b02c0b02c0b02c0b02c0b06c1f42d3f4fc2b02c0b02c0b02c0b02,521515515d50d4b52d4b5554d5214955d4752d5755d50551545214052d555595550d48575415354d,685a6691ad699a66eda46fda76eda3685a06e9bb68da4691bb6e1af691bb69da1691bb6e1bb6e5a5,9d26d992649b6719b66c9ba719c2679ce6d9d2679ae719ce6e9c26a9be6d9ba719aa7099a6c9ce6a,3,"WAIT",000,00b,00c,0,4,3,0,3,00b,104,0,0,0,685a6691ad699a66e9a46fda76eda3685a06e9bb68da4695bb6e5af691be699a1695bb6e1bb6e5a4,0,00c,0,0,0,0,1,0,0,0,1,0
1,1,0,c0f02c0f02c0b02c0b02c0b02c0b02c0b02c0b02c0b02c0b06c1f42d3f4fc2b02c0b02c0b02c0b02,521515515d50d4b52d4b5554d5214955d4752d5755d50551545214052d555595550d48575415354d,685a6691ad699a66eda46fda76eda3685a06e9bb68da4691bb6e1af691bb69da1691bb6e1bb6e5a5,9d26d992649b6719b66c9ba719c2679ce6d9d2679ae719ce6e9c26a9be6d9ba719aa7099a6c9ce6a,3,"WAIT",000,00b,00c,0,4,3,0,3,00b,104,0,0,0,685a6691ad699a66e9a46fda76eda3685a06e9bb68da4695bb6e5af691be699a1695bb6e1bb6e5a4,0,00c,0,0,0,0,1,0,0,0,1,0
2,2,0,c0f02c0f02c0b02c0b02c0b02c0b02c0b02c0b02c0b02c0b06c1f42d3f4fc2b02c0b02c0b02c0b02,521515515d50d4b52d4b5554d5214955d4752d5755d50551545214052d555595550d48575415354d,685a6691ad699a66eda46fda76eda3685a06e9bb68da4691bb6e1af691bb69da1691bb6e1bb6e5a5,9d26d992649b6719b66c9ba719c2679ce6d9d2679ae719ce6e9c26a9be6d9ba719aa7099a6c9ce6a,3,"WAIT",000,00b,00c,0,4,3,0,3,00b,104,0,0,0,685a6691ad699a66e9a46fda76eda3685a06e9bb68da4695bb6e5af691be699a1695bb6e1bb6e5a4,0,00c,0,0,0,0,1,0,0,0,1,0
3,3,0,c0f02c0f02c0b02c0b02c0b02c0b02c0b02c0b02c0b02c0b06c1f42d3f4fc2b02c0b02c0b02c0b02,521515515d50d4b52d4b5554d5214955d4752d5755d50551545214052d555595550d48575415354d,685a6691ad699a66eda46fda76eda3685a06e9bb68da4691bb6e1af691bb69da1691bb6e1bb6e5a5,9d26d992649b6719b66c9ba719c2679ce6d9d2679ae719ce6e9c26a9be6d9ba719aa7099a6c9ce6a,3,"WAIT",000,00b,00c,0,4,3,0,3,00b,104,0,0,0,685a6691ad699a66e9a46fda76eda3685a06e9bb68da4695bb6e5af691be699a1695bb6e1bb6e5a4,0,00c,0,0,0,0,1,0,0,0,1,0
4,4,0,c0f02c0f02c0b02c0b02c0b02c0b02c0b02c0b02c0b02c0b06c1f42d3f4fc2b02c0b02c0b02c0b02,521515515d50d4b52d4b5554d5214955d4752d5755d50551545214052d555595550d48575415354d,685a6691ad699a66eda46fda76eda3685a06e9bb68da4691bb6e1af691bb69da1691bb6e1bb6e5a5,9d26d992649b6719b66c9ba719c2679ce6d9d2679ae719ce6e9c26a9be6d9ba719aa7099a6c9ce6a,3,"WAIT",000,00b,00c,0,4,3,0,3,00b,104,0,0,0,685a6691ad699a66e9a46fda76eda3685a06e9bb68da4695bb6e5af691be699a1695bb6e1bb6e5a4,0,00c,0,0,0,0,1,0,0,0,1,0
5,5,0,c0f02c0f02c0b02c0b02c0b02c0b02c0b02c0b02c0b02c0b06c1f42d3f4fc2b02c0b02c0b02c0b02,521515515d50d4b52d4b5554d5214955d4752d5755d50551545214052d555595550d48575415354d,685a6691ad699a66eda46fda76eda3685a06e9bb68da4691bb6e1af691bb69da1691bb6e1bb6e5a5,9d26d992649b6719b66c9ba719c2679ce6d9d2679ae719ce6e9c26a9be6d9ba719aa7099a6c9ce6a,3,"WAIT",000,00b,00c,0,4,3,0,3,00b,104,0,0,0,685a6691ad699a66e9a46fda76eda3685a06e9bb68da4695bb6e5af691be699a1695bb6e1bb6e5a4,0,00c,0,0,0,0,1,0,0,0,1,0
6,6,0,c0f02c0f02c0b02c0b02c0b02c0b02c0b02c0b02c0b02c0b06c1f42d3f4fc2b02c0b02c0b02c0b02,521515515d50d4b52d4b5554d5214955d4752d5755d50551545214052d555595550d48575415354d,685a6691ad699a66eda46fda76eda3685a06e9bb68da4691bb6e1af691bb69da1691bb6e1bb6e5a5,9d26d992649b6719b66c9ba719c2679ce6d9d2679ae719ce6e9c26a9be6d9ba719aa7099a6c9ce6a,3,"WAIT",000,00b,00c,0,4,3,0,3,00b,104,0,0,0,685a6691ad699a66e9a46fda76eda3685a06e9bb68da4695bb6e5af691be699a1695bb6e1bb6e5a4,0,00c,0,0,0,0,1,0,0,0,1,0
7,7,0,c0f02c0f02c0b02c0b02c0b02c0b02c0b02c0b02c0b02c0b06c1f42d3f4fc2b02c0b02c0b02c0b02,521515515d50d4b52d4b5554d5214955d4752d5755d50551545214052d555595550d48575415354d,685a6691ad699a66eda46fda76eda3685a06e9bb68da4691bb6e1af691bb69da1691bb6e1bb6e5a5,9d26d992649b6719b66c9ba719c2679ce6d9d2679ae719ce6e9c26a9be6d9ba719aa7099a6c9ce6a,3,"WAIT",000,00b,00c,0,4,3,0,3,00b,104,0,0,0,685a6691ad699a66e9a46fda76eda3685a06e9bb68da4695bb6e5af691be699a1695bb6e1bb6e5a4,0,00c,0,0,0,0,1,0,0,0,1,0
8,8,0,c0f02c0f02c0b02c0b02c0b02c0b02c0b02c0b02c0b02c0b06c1f42d3f4fc2b02c0b02c0b02c0b02,521515515d50d4b52d4b5554d5214955d4752d5755d50551545214052d555595550d48575415354d,685a6691ad699a66eda46fda76eda3685a06e9bb68da4691bb6e1af691bb69da1691bb6e1bb6e5a5,9d26d992649b6719b66c9ba719c2679ce6d9d2679ae719ce6e9c26a9be6d9ba719aa7099a6c9ce6a,3,"WAIT",000,00b,00c,0,4,3,0,3,00b,104,0,0,0,685a6691ad699a66e9a46fda76eda3685a06e9bb68da4695bb6e5af691be699a1695bb6e1bb6e5a4,0,00c,0,0,0,0,1,0,0,0,1,0
9,9,0,c0f02c0f02c0b02c0b02c0b02c0b02c0b02c0b02c0b02c0b06c1f42d3f4fc2b02c0b02c0b02c0b02,521515515d50d4b52d4b5554d5214955d4752d5755d50551545214052d555595550d48575415354d,685a6691ad699a66eda46fda76eda3685a06e9bb68da4691bb6e1af691bb69da1691bb6e1bb6e5a5,9d26d992649b6719b66c9ba719c2679ce6d9d2679ae719ce6e9c26a9be6d9ba719aa7099a6c9ce6a,3,"WAIT",000,00b,00c,0,4,3,0,3,00b,104,0,0,0,685a6691ad699a66e9a46fda76eda3685a06e9bb68da4695bb6e5af691be699a1695bb6e1bb6e5a4,0,00c,0,0,0,0,1,0,0,0,1,0
10,10,0,c0f02c0f02c0b02c0b02c0b02c0b02c0b02c0b02c0b02c0b06c1f42d3f4fc2b02c0b02c0b02c0b02,521515515d50d4b52d4b5554d5214955d4752d5755d50551545214052d555595550d48575415354d,685a6691ad699a66eda46fda76eda3685a06e9bb68da4691bb6e1af691bb69da1691bb6e1bb6e5a5,9d26d992649b6719b66c9ba719c2679ce6d9d2679ae719ce6e9c26a9be6d9ba719aa7099a6c9ce6a,3,"WAIT",000,00b,00c,0,4,3,0,3,00b,104,0,0,0,685a6691ad699a66e9a46fda76eda3685a06e9bb68da4695bb6e5af691be699a1695bb6e1bb6e5a4,0,00c,0,0,0,0,1,0,0,0,1,0
11,11,0,c0f02c0f02c0b02c0b02c0b02c0b02c0b02c0b02c0b02c0b06c1f42d3f4fc2b02c0b02c0b02c0b02,521515515d50d4b52d4b5554d5214955d4752d5755d50551545214052d555595550d48575415354d,685a6691ad699a66eda46fda76eda3685a06e9bb68da4691bb6e1af691bb69da1691bb6e1bb6e5a5,9d26d992649b6719b66c9ba719c2679ce6d9d2679ae719ce6e9c26a9be6d9ba719aa7099a6c9ce6a,3,"WAIT",000,00b,00c,0,4,3,0,3,00b,104,0,0,0,685a6691ad699a66e9a46fda76eda3685a06e9bb68da4695bb6e5af691be699a1695bb6e1bb6e5a4,0,00c,0,0,0,0,1,0,0,0,1,0
12,12,0,c0f02c0f02c0b02c0b02c0b02c0b02c0b02c0b02c0b02c0b06c1f42d3f4fc2b02c0b02c0b02c0b02,521515515d50d4b52d4b5554d5214955d4752d5755d50551545214052d555595550d48575415354d,685a6691ad699a66eda46fda76eda3685a06e9bb68da4691bb6e1af691bb69da1691bb6e1bb6e5a5,9d26d992649b6719b66c9ba719c2679ce6d9d2679ae719ce6e9c26a9be6d9ba719aa7099a6c9ce6a,3,"WAIT",000,00b,00c,0,4,3,0,3,00b,104,0,0,0,685a6691ad699a66e9a46fda76eda3685a06e9bb68da4695bb6e5af691be699a1695bb6e1bb6e5a4,0,00c,0,0,0,0,1,0,0,0,1,0
13,13,0,c0f02c0f02c0b02c0b02c0b02c0b02c0b02c0b02c0b02c0b06c1f42d3f4fc2b02c0b02c0b02c0b02,521515515d50d4b52d4b5554d5214955d4752d5755d50551545214052d555595550d48575415354d,685a6691ad699a66eda46fda76eda3685a06e9bb68da4691bb6e1af691bb69da1691bb6e1bb6e5a5,9d26d992649b6719b66c9ba719c2679ce6d9d2679ae719ce6e9c26a9be6d9ba719aa7099a6c9ce6a,3,"WAIT",000,00b,00c,0,4,3,0,3,00b,104,0,0,0,685a6691ad699a66e9a46fda76eda3685a06e9bb68da4695bb6e5af691be699a1695bb6e1bb6e5a4,0,00c,0,0,0,0,1,0,0,0,1,0
14,14,0,c0f02c0f02c0b02c0b02c0b02c0b02c0b02c0b02c0b02c0b06c1f42d3f4fc2b02c0b02c0b02c0b02,521515515d50d4b52d4b5554d5214955d4752d5755d50551545214052d555595550d48575415354d,685a6691ad699a66eda46fda76eda3685a06e9bb68da4691bb6e1af691bb69da1691bb6e1bb6e5a5,9d26d992649b6719b66c9ba719c2679ce6d9d2679ae719ce6e9c26a9be6d9ba719aa7099a6c9ce6a,3,"WAIT",000,00b,00c,0,4,3,0,3,00b,104,0,0,0,685a6691ad699a66e9a46fda76eda3685a06e9bb68da4695bb6e5af691be699a1695bb6e1bb6e5a4,0,00c,0,0,0,0,1,0,0,0,1,0
15,15,0,c0f02c0f02c0b02c0b02c0b02c0b02c0b02c0b02c0b02c0b06c1f42d3f4fc2b02c0b02c0b02c0b02,521515515d50d4b52d4b5554d5214955d4752d5755d50551545214052d555595550d48575415354d,685a6691ad699a66eda46fda76eda3685a06e9bb68da4691bb6e1af691bb69da1691bb6e1bb6e5a5,9d26d992649b6719b66c9ba719c2679ce6d9d2679ae719ce6e9c26a9be6d9ba719aa7099a6c9ce6a,3,"WAIT",000,00b,00c,0,4,3,0,3,00b,104,0,0,0,685a6691ad699a66e9a46fda76eda3685a06e9bb68da4695bb6e5af691be699a1695bb6e1bb6e5a4,0,00c,0,0,0,0,1,0,0,0,1,0
16,16,0,c0f02c0f02c0b02c0b02c0b02c0b02c0b02c0b02c0b02c0b06c1f42d3f4fc2b02c0b02c0b02c0b02,521515515d50d4b52d4b5554d5214955d4752d5755d50551545214052d555595550d48575415354d,685a6691ad699a66eda46fda76eda3685a06e9bb68da4691bb6e1af691bb69da1691bb6e1bb6e5a5,9d26d992649b6719b66c9ba719c2679ce6d9d2679ae719ce6e9c26a9be6d9ba719aa7099a6c9ce6a,3,"WAIT",000,00b,00c,0,4,3,0,3,00b,104,0,0,0,685a6691ad699a66e9a46fda76eda3685a06e9bb68da4695bb6e5af691be699a1695bb6e1bb6e5a4,0,00c,0,0,0,0,1,0,0,0,1,0
17,17,0,c0f02c0f02c0b02c0b02c0b02c0b02c0b02c0b02c0b02c0b06c1f42d3f4fc2b02c0b02c0b02c0b02,521515515d50d4b52d4b5554d5214955d4752d5755d50551545214052d555595550d48575415354d,685a6691ad699a66eda46fda76eda3685a06e9bb68da4691bb6e1af691bb69da1691bb6e1bb6e5a5,9d26d992649b6719b66c9ba719c2679ce6d9d2679ae719ce6e9c26a9be6d9ba719aa7099a6c9ce6a,3,"WAIT",000,00b,00c,0,4,3,0,3,00b,104,0,0,0,685a6691ad699a66e9a46fda76eda3685a06e9bb68da4695bb6e5af691be699a1695bb6e1bb6e5a4,0,00c,0,0,0,0,1,0,0,0,1,0
18,18,0,c0f02c0f02c0b02c0b02c0b02c0b02c0b02c0b02c0b02c0b06c1f42d3f4fc2b02c0b02c0b02c0b02,521515515d50d4b52d4b5554d5214955d4752d5755d50551545214052d555595550d48575415354d,685a6691ad699a66eda46fda76eda3685a06e9bb68da4691bb6e1af691bb69da1691bb6e1bb6e5a5,9d26d992649b6719b66c9ba719c2679ce6d9d2679ae719ce6e9c26a9be6d9ba719aa7099a6c9ce6a,3,"WAIT",000,00b,00c,0,4,3,0,3,00b,104,0,0,0,685a6691ad699a66e9a46fda76eda3685a06e9bb68da4695bb6e5af691be699a1695bb6e1bb6e5a4,0,00c,0,0,0,0,1,0,0,0,1,0
19,19,0,c0f02c0f02c0b02c0b02c0b02c0b02c0b02c0b02c0b02c0b06c1f42d3f4fc2b02c0b02c0b02c0b02,521515515d50d4b52d4b5554d5214955d4752d5755d50551545214052d555595550d48575415354d,685a6691ad699a66eda46fda76eda3685a06e9bb68da4691bb6e1af691bb69da1691bb6e1bb6e5a5,9d26d992649b6719b66c9ba719c2679ce6d9d2679ae719ce6e9c26a9be6d9ba719aa7099a6c9ce6a,3,"WAIT",000,00b,00c,0,4,3,0,3,00b,104,0,0,0,685a6691ad699a66e9a46fda76eda3685a06e9bb68da4695bb6e5af691be699a1695bb6e1bb6e5a4,0,00c,0,0,0,0,1,0,0,0,1,0
20,20,0,c0f02c0f02c0b02c0b02c0b02c0b02c0b02c0b02c0b02c0b06c1f42d3f4fc2b02c0b02c0b02c0b02,521515515d50d4b52d4b5554d5214955d4752d5755d50551545214052d555595550d48575415354d,685a6691ad699a66eda46fda76eda3685a06e9bb68da4691bb6e1af691bb69da1691bb6e1bb6e5a5,9d26d992649b6719b66c9ba719c2679ce6d9d2679ae719ce6e9c26a9be6d9ba719aa7099a6c9ce6a,3,"WAIT",000,00b,00c,0,4,3,0,3,00b,104,0,0,0,685a6691ad699a66e9a46fda76eda3685a06e9bb68da4695bb6e5af691be699a1695bb6e1bb6e5a4,0,00c,0,0,0,0,1,0,0,0,1,0
21,21,0,c0f02c0f02c0b02c0b02c0b02c0b02c0b02c0b02c0b02c0b06c1f42d3f4fc2b02c0b02c0b02c0b02,521515515d50d4b52d4b5554d5214955d4752d5755d50551545214052d555595550d48575415354d,685a6691ad699a66eda46fda76eda3685a06e9bb68da4691bb6e1af691bb69da1691bb6e1bb6e5a5,9d26d992649b6719b66c9ba719c2679ce6d9d2679ae719ce6e9c26a9be6d9ba719aa7099a6c9ce6a,3,"WAIT",000,00b,00c,0,4,3,0,3,00b,104,0,0,0,685a6691ad699a66e9a46fda76eda3685a06e9bb68da4695bb6e5af691be699a1695bb6e1bb6e5a4,0,00c,0,0,0,0,1,0,0,0,1,0
22,22,0,c0f02c0f02c0b02c0b02c0b02c0b02c0b02c0b02c0b02c0b06c1f42d3f4fc2b02c0b02c0b02c0b02,521515515d50d4b52d4b5554d5214955d4752d5755d50551545214052d555595550d48575415354d,685a6691ad699a66eda46fda76eda3685a06e9bb68da4691bb6e1af691bb69da1691bb6e1bb6e5a5,9d26d992649b6719b66c9ba719c2679ce6d9d2679ae719ce6e9c26a9be6d9ba719aa7099a6c9ce6a,3,"WAIT",000,00b,00c,0,4,3,0,3,00b,104,0,0,0,685a6691ad699a66e9a46fda76eda3685a06e9bb68da4695bb6e5af691be699a1695bb6e1bb6e5a4,0,00c,0,0,0,0,1,0,0,0,1,0
23,23,0,c0f02c0f02c0b02c0b02c0b02c0b02c0b02c0b02c0b02c0b06c1f42d3f4fc2b02c0b02c0b02c0b02,521515515d50d4b52d4b5554d5214955d4752d5755d50551545214052d555595550d48575415354d,685a6691ad699a66eda46fda76eda3685a06e9bb68da4691bb6e1af691bb69da1691bb6e1bb6e5a5,9d26d992649b6719b66c9ba719c2679ce6d9d2679ae719ce6e9c26a9be6d9ba719aa7099a6c9ce6a,3,"WAIT",000,00b,00c,0,4,3,0,3,00b,104,0,0,0,685a6691ad699a66e9a46fda76eda3685a06e9bb68da4695bb6e5af691be699a1695bb6e1bb6e5a4,0,00c,0,0,0,0,1,0,0,0,1,0
24,24,0,c0f02c0f02c0b02c0b02c0b02c0b02c0b02c0b02c0b02c0b06c1f42d3f4fc2b02c0b02c0b02c0b02,521515515d50d4b52d4b5554d5214955d4752d5755d50551545214052d555595550d48575415354d,685a6691ad699a66eda46fda76eda3685a06e9bb68da4691bb6e1af691bb69da1691bb6e1bb6e5a5,9d26d992649b6719b66c9ba719c2679ce6d9d2679ae719ce6e9c26a9be6d9ba719aa7099a6c9ce6a,3,"WAIT",000,00b,00c,0,4,3,0,3,00b,104,0,0,0,685a6691ad699a66e9a46fda76eda3685a06e9bb68da4695bb6e5af691be699a1695bb6e1bb6e5a4,0,00c,0,0,0,0,1,0,0,0,1,0
25,25,0,c0f02c0f02c0b02c0b02c0b02c0b02c0b02c0b02c0b02c0b06c1f42d3f4fc2b02c0b02c0b02c0b02,521515515d50d4b52d4b5554d5214955d4752d5755d50551545214052d555595550d48575415354d,685a6691ad699a66eda46fda76eda3685a06e9bb68da4691bb6e1af691bb69da1691bb6e1bb6e5a5,9d26d992649b6719b66c9ba719c2679ce6d9d2679ae719ce6e9c26a9be6d9ba719aa7099a6c9ce6a,3,"WAIT",000,00b,00c,0,4,3,0,3,00b,104,0,0,0,685a6691ad699a66e9a46fda76eda3685a06e9bb68da4695bb6e5af691be699a1695bb6e1bb6e5a4,0,00c,0,0,0,0,1,0,0,0,1,0
26,26,0,c0f02c0f02c0b02c0b02c0b02c0b02c0b02c0b02c0b02c0b06c1f42d3f4fc2b02c0b02c0b02c0b02,521515515d50d4b52d4b5554d5214955d4752d5755d50551545214052d555595550d48575415354d,685a6691ad699a66eda46fda76eda3685a06e9bb68da4691bb6e1af691bb69da1691bb6e1bb6e5a5,9d26d992649b6719b66c9ba719c2679ce6d9d2679ae719ce6e9c26a9be6d9ba719aa7099a6c9ce6a,3,"WAIT",000,00b,00c,0,4,3,0,3,00b,104,0,0,0,685a6691ad699a66e9a46fda76eda3685a06e9bb68da4695bb6e5af691be699a1695bb6e1bb6e5a4,0,00c,0,0,0,0,1,0,0,0,1,0
27,27,0,c0f02c0f02c0b02c0b02c0b02c0b02c0b02c0b02c0b02c0b06c1f42d3f4fc2b02c0b02c0b02c0b02,521515515d50d4b52d4b5554d5214955d4752d5755d50551545214052d555595550d48575415354d,685a6691ad699a66eda46fda76eda3685a06e9bb68da4691bb6e1af691bb69da1691bb6e1bb6e5a5,9d26d992649b6719b66c9ba719c2679ce6d9d2679ae719ce6e9c26a9be6d9ba719aa7099a6c9ce6a,3,"WAIT",000,00b,00c,0,4,3,0,3,00b,104,0,0,0,685a6691ad699a66e9a46fda76eda3685a06e9bb68da4695bb6e5af691be699a1695bb6e1bb6e5a4,0,00c,0,0,0,0,1,0,0,0,1,0
28,28,0,c0f02c0f02c0b02c0b02c0b02c0b02c0b02c0b02c0b02c0b06c1f42d3f4fc2b02c0b02c0b02c0b02,521515515d50d4b52d4b5554d5214955d4752d5755d50551545214052d555595550d48575415354d,685a6691ad699a66eda46fda76eda3685a06e9bb68da4691bb6e1af691bb69da1691bb6e1bb6e5a5,9d26d992649b6719b66c9ba719c2679ce6d9d2679ae719ce6e9c26a9be6d9ba719aa7099a6c9ce6a,3,"WAIT",000,00b,00c,0,4,3,0,3,00b,104,0,0,0,685a6691ad699a66e9a46fda76eda3685a06e9bb68da4695bb6e5af691be699a1695bb6e1bb6e5a4,0,00c,0,0,0,0,1,0,0,0,1,0
29,29,0,c0f02c0f02c0b02c0b02c0b02c0b02c0b02c0b02c0b02c0b06c1f42d3f4fc2b02c0b02c0b02c0b02,521515515d50d4b52d4b5554d5214955d4752d5755d50551545214052d555595550d48575415354d,685a6691ad699a66eda46fda76eda3685a06e9bb68da4691bb6e1af691bb69da1691bb6e1bb6e5a5,9d26d992649b6719b66c9ba719c2679ce6d9d2679ae719ce6e9c26a9be6d9ba719aa7099a6c9ce6a,3,"WAIT",000,00b,00c,0,4,3,0,3,00b,104,0,0,0,685a6691ad699a66e9a46fda76eda3685a06e9bb68da4695bb6e5af691be699a1695bb6e1bb6e5a4,0,00c,0,0,0,0,1,0,0,0,1,0
30,30,0,c0f02c0f02c0b02c0b02c0b02c0b02c0b02c0b02c0b02c0b06c1f42d3f4fc2b02c0b02c0b02c0b02,521515515d50d4b52d4b5554d5214955d4752d5755d50551545214052d555595550d48575415354d,685a6691ad699a66eda46fda76eda3685a06e9bb68da4691bb6e1af691bb69da1691bb6e1bb6e5a5,9d26d992649b6719b66c9ba719c2679ce6d9d2679ae719ce6e9c26a9be6d9ba719aa7099a6c9ce6a,3,"WAIT",000,00b,00c,0,4,3,0,3,00b,104,0,0,0,685a6691ad699a66e9a46fda76eda3685a06e9bb68da4695bb6e5af691be699a1695bb6e1bb6e5a4,0,00c,0,0,0,0,1,0,0,0,1,0
31,31,0,c0f02c0f02c0b02c0b02c0b02c0b02c0b02c0b02c0b02c0b06c1f42d3f4fc2b02c0b02c0b02c0b02,521515515d50d4b52d4b5554d5214955d4752d5755d50551545214052d555595550d48575415354d,685a6691ad699a66eda46fda76eda3685a06e9bb68da4691bb6e1af691bb69da1691bb6e1bb6e5a5,9d26d992649b6719b66c9ba719c2679ce6d9d2679ae719ce6e9c26a9be6d9ba719aa7099a6c9ce6a,3,"WAIT",000,00b,00c,0,4,3,0,3,00b,104,0,0,0,685a6691ad699a66e9a46fda76eda3685a06e9bb68da4695bb6e5af691be699a1695bb6e1bb6e5a4,0,00c,0,0,0,0,1,0,0,0,1,0
32,32,0,c0f02c0f02c0b02c0b02c0b02c0b02c0b02c0b02c0b02c0b06c1f42d3f4fc2b02c0b02c0b02c0b02,521515515d50d4b52d4b5554d5214955d4752d5755d50551545214052d555595550d48575415354d,685a6691ad699a66eda46fda76eda3685a06e9bb68da4691bb6e1af691bb69da1691bb6e1bb6e5a5,9d26d992649b6719b66c9ba719c2679ce6d9d2679ae719ce6e9c26a9be6d9ba719aa7099a6c9ce6a,3,"WAIT",000,00b,00c,0,4,3,0,3,00b,104,0,0,0,685a6691ad699a66e9a46fda76eda3685a06e9bb68da4695bb6e5af691be699a1695bb6e1bb6e5a4,0,00c,0,0,0,0,1,0,0,0,1,0
33,33,0,c0f02c0f02c0b02c0b02c0b02c0b02c0b02c0b02c0b02c0b06c1f42d3f4fc2b02c0b02c0b02c0b02,521515515d50d4b52d4b5554d5214955d4752d5755d50551545214052d555595550d48575415354d,685a6691ad699a66eda46fda76eda3685a06e9bb68da4691bb6e1af691bb69da1691bb6e1bb6e5a5,9d26d992649b6719b66c9ba719c2679ce6d9d2679ae719ce6e9c26a9be6d9ba719aa7099a6c9ce6a,3,"WAIT",000,00b,00c,0,4,3,0,3,00b,104,0,0,0,685a6691ad699a66e9a46fda76eda3685a06e9bb68da4695bb6e5af691be699a1695bb6e1bb6e5a4,0,00c,0,0,0,0,1,0,0,0,1,0
34,34,0,c0f02c0f02c0b02c0b02c0b02c0b02c0b02c0b02c0b02c0b06c1f42d3f4fc2b02c0b02c0b02c0b02,521515515d50d4b52d4b5554d5214955d4752d5755d50551545214052d555595550d48575415354d,685a6691ad699a66eda46fda76eda3685a06e9bb68da4691bb6e1af691bb69da1691bb6e1bb6e5a5,9d26d992649b6719b66c9ba719c2679ce6d9d2679ae719ce6e9c26a9be6d9ba719aa7099a6c9ce6a,3,"WAIT",000,00b,00c,0,4,3,0,3,00b,104,0,0,0,685a6691ad699a66e9a46fda76eda3685a06e9bb68da4695bb6e5af691be699a1695bb6e1bb6e5a4,0,00c,0,0,0,0,1,0,0,0,1,0
35,35,0,c0f02c0f02c0b02c0b02c0b02c0b02c0b02c0b02c0b02c0b06c1f42d3f4fc2b02c0b02c0b02c0b02,521515515d50d4b52d4b5554d5214955d4752d5755d50551545214052d555595550d48575415354d,685a6691ad699a66eda46fda76eda3685a06e9bb68da4691bb6e1af691bb69da1691bb6e1bb6e5a5,9d26d992649b6719b66c9ba719c2679ce6d9d2679ae719ce6e9c26a9be6d9ba719aa7099a6c9ce6a,3,"WAIT",000,00b,00c,0,4,3,0,3,00b,104,0,0,0,685a6691ad699a66e9a46fda76eda3685a06e9bb68da4695bb6e5af691be699a1695bb6e1bb6e5a4,0,00c,0,0,0,0,1,0,0,0,1,0
36,36,0,c0f02c0f02c0b02c0b02c0b02c0b02c0b02c0b02c0b02c0b06c1f42d3f4fc2b02c0b02c0b02c0b02,521515515d50d4b52d4b5554d5214955d4752d5755d50551545214052d555595550d48575415354d,685a6691ad699a66eda46fda76eda3685a06e9bb68da4691bb6e1af691bb69da1691bb6e1bb6e5a5,9d26d992649b6719b66c9ba719c2679ce6d9d2679ae719ce6e9c26a9be6d9ba719aa7099a6c9ce6a,3,"WAIT",000,00b,00c,0,4,3,0,3,00b,104,0,0,0,685a6691ad699a66e9a46fda76eda3685a06e9bb68da4695bb6e5af691be699a1695bb6e1bb6e5a4,0,00c,0,0,0,0,1,0,0,0,1,0
37,37,0,c0f02c0f02c0b02c0b02c0b02c0b02c0b02c0b02c0b02c0b06c1f42d3f4fc2b02c0b02c0b02c0b02,521515515d50d4b52d4b5554d5214955d4752d5755d50551545214052d555595550d48575415354d,685a6691ad699a66eda46fda76eda3685a06e9bb68da4691bb6e1af691bb69da1691bb6e1bb6e5a5,9d26d992649b6719b66c9ba719c2679ce6d9d2679ae719ce6e9c26a9be6d9ba719aa7099a6c9ce6a,3,"WAIT",000,00b,00c,0,4,3,0,3,00b,104,0,0,0,685a6691ad699a66e9a46fda76eda3685a06e9bb68da4695bb6e5af691be699a1695bb6e1bb6e5a4,0,00c,0,0,0,0,1,0,0,0,1,0
38,38,0,c0f02c0f02c0b02c0b02c0b02c0b02c0b02c0b02c0b02c0b06c1f42d3f4fc2b02c0b02c0b02c0b02,521515515d50d4b52d4b5554d5214955d4752d5755d50551545214052d555595550d48575415354d,685a6691ad699a66eda46fda76eda3685a06e9bb68da4691bb6e1af691bb69da1691bb6e1bb6e5a5,9d26d992649b6719b66c9ba719c2679ce6d9d2679ae719ce6e9c26a9be6d9ba719aa7099a6c9ce6a,3,"WAIT",000,00b,00c,0,4,3,0,3,00b,104,0,0,0,685a6691ad699a66e9a46fda76eda3685a06e9bb68da4695bb6e5af691be699a1695bb6e1bb6e5a4,0,00c,0,0,0,0,1,0,0,0,1,0
39,39,0,c0f02c0f02c0b02c0b02c0b02c0b02c0b02c0b02c0b02c0b06c1f42d3f4fc2b02c0b02c0b02c0b02,521515515d50d4b52d4b5554d5214955d4752d5755d50551545214052d555595550d48575415354d,685a6691ad699a66eda46fda76eda3685a06e9bb68da4691bb6e1af691bb69da1691bb6e1bb6e5a5,9d26d992649b6719b66c9ba719c2679ce6d9d2679ae719ce6e9c26a9be6d9ba719aa7099a6c9ce6a,3,"WAIT",000,00b,00c,0,4,3,0,3,00b,104,0,0,0,685a6691ad699a66e9a46fda76eda3685a06e9bb68da4695bb6e5af691be699a1695bb6e1bb6e5a4,0,00c,0,0,0,0,1,0,0,0,1,0
40,40,0,c0f02c0f02c0b02c0b02c0b02c0b02c0b02c0b02c0b02c0b06c1f42d3f4fc2b02c0b02c0b02c0b02,521515515d50d4b52d4b5554d5214955d4752d5755d50551545214052d555595550d48575415354d,685a6691ad699a66eda46fda76eda3685a06e9bb68da4691bb6e1af691bb69da1691bb6e1bb6e5a5,9d26d992649b6719b66c9ba719c2679ce6d9d2679ae719ce6e9c26a9be6d9ba719aa7099a6c9ce6a,3,"WAIT",000,00b,00c,0,4,3,0,3,00b,104,0,0,0,685a6691ad699a66e9a46fda76eda3685a06e9bb68da4695bb6e5af691be699a1695bb6e1bb6e5a4,0,00c,0,0,0,0,1,0,0,0,1,0
41,41,0,c0f02c0f02c0b02c0b02c0b02c0b02c0b02c0b02c0b02c0b06c1f42d3f4fc2b02c0b02c0b02c0b02,521515515d50d4b52d4b5554d5214955d4752d5755d50551545214052d555595550d48575415354d,685a6691ad699a66eda46fda76eda3685a06e9bb68da4691bb6e1af691bb69da1691bb6e1bb6e5a5,9d26d992649b6719b66c9ba719c2679ce6d9d2679ae719ce6e9c26a9be6d9ba719aa7099a6c9ce6a,3,"WAIT",000,00b,00c,0,4,3,0,3,00b,104,0,0,0,685a6691ad699a66e9a46fda76eda3685a06e9bb68da4695bb6e5af691be699a1695bb6e1bb6e5a4,0,00c,0,0,0,0,1,0,0,0,1,0
42,42,0,c0f02c0f02c0b02c0b02c0b02c0b02c0b02c0b02c0b02c0b06c1f42d3f4fc2b02c0b02c0b02c0b02,521515515d50d4b52d4b5554d5214955d4752d5755d50551545214052d555595550d48575415354d,685a6691ad699a66eda46fda76eda3685a06e9bb68da4691bb6e1af691bb69da1691bb6e1bb6e5a5,9d26d992649b6719b66c9ba719c2679ce6d9d2679ae719ce6e9c26a9be6d9ba719aa7099a6c9ce6a,3,"WAIT",000,00b,00c,0,4,3,0,3,00b,104,0,0,0,685a6691ad699a66e9a46fda76eda3685a06e9bb68da4695bb6e5af691be699a1695bb6e1bb6e5a4,0,00c,0,0,0,0,1,0,0,0,1,0
43,43,0,c0f02c0f02c0b02c0b02c0b02c0b02c0b02c0b02c0b02c0b06c1f42d3f4fc2b02c0b02c0b02c0b02,521515515d50d4b52d4b5554d5214955d4752d5755d50551545214052d555595550d48575415354d,685a6691ad699a66eda46fda76eda3685a06e9bb68da4691bb6e1af691bb69da1691bb6e1bb6e5a5,9d26d992649b6719b66c9ba719c2679ce6d9d2679ae719ce6e9c26a9be6d9ba719aa7099a6c9ce6a,3,"WAIT",000,00b,00c,0,4,3,0,3,00b,104,0,0,0,685a6691ad699a66e9a46fda76eda3685a06e9bb68da4695bb6e5af691be699a1695bb6e1bb6e5a4,0,00c,0,0,0,0,1,0,0,0,1,0
44,44,0,c0f02c0f02c0b02c0b02c0b02c0b02c0b02c0b02c0b02c0b06c1f42d3f4fc2b02c0b02c0b02c0b02,521515515d50d4b52d4b5554d5214955d4752d5755d50551545214052d555595550d48575415354d,685a6691ad699a66eda46fda76eda3685a06e9bb68da4691bb6e1af691bb69da1691bb6e1bb6e5a5,9d26d992649b6719b66c9ba719c2679ce6d9d2679ae719ce6e9c26a9be6d9ba719aa7099a6c9ce6a,3,"WAIT",000,00b,00c,0,4,3,0,3,00b,104,0,0,0,685a6691ad699a66e9a46fda76eda3685a06e9bb68da4695bb6e5af691be699a1695bb6e1bb6e5a4,0,00c,0,0,0,0,1,0,0,0,1,0
45,45,0,c0f02c0f02c0b02c0b02c0b02c0b02c0b02c0b02c0b02c0b06c1f42d3f4fc2b02c0b02c0b02c0b02,521515515d50d4b52d4b5554d5214955d4752d5755d50551545214052d555595550d48575415354d,685a6691ad699a66eda46fda76eda3685a06e9bb68da4691bb6e1af691bb69da1691bb6e1bb6e5a5,9d26d992649b6719b66c9ba719c2679ce6d9d2679ae719ce6e9c26a9be6d9ba719aa7099a6c9ce6a,3,"WAIT",000,00b,00c,0,4,3,0,3,00b,104,0,0,0,685a6691ad699a66e9a46fda76eda3685a06e9bb68da4695bb6e5af691be699a1695bb6e1bb6e5a4,0,00c,0,0,0,0,1,0,0,0,1,0
46,46,0,c0f02c0f02c0b02c0b02c0b02c0b02c0b02c0b02c0b02c0b06c1f42d3f4fc2b02c0b02c0b02c0b02,521515515d50d4b52d4b5554d5214955d4752d5755d50551545214052d555595550d48575415354d,685a6691ad699a66eda46fda76eda3685a06e9bb68da4691bb6e1af691bb69da1691bb6e1bb6e5a5,9d26d992649b6719b66c9ba719c2679ce6d9d2679ae719ce6e9c26a9be6d9ba719aa7099a6c9ce6a,3,"WAIT",000,00b,00c,0,4,3,0,3,00b,104,0,0,0,685a6691ad699a66e9a46fda76eda3685a06e9bb68da4695bb6e5af691be699a1695bb6e1bb6e5a4,0,00c,0,0,0,0,1,0,0,0,1,0
47,47,0,c0f02c0f02c0b02c0b02c0b02c0b02c0b02c0b02c0b02c0b06c1f42d3f4fc2b02c0b02c0b02c0b02,521515515d50d4b52d4b5554d5214955d4752d5755d50551545214052d555595550d48575415354d,685a6691ad699a66eda46fda76eda3685a06e9bb68da4691bb6e1af691bb69da1691bb6e1bb6e5a5,9d26d992649b6719b66c9ba719c2679ce6d9d2679ae719ce6e9c26a9be6d9ba719aa7099a6c9ce6a,3,"WAIT",000,00b,00c,0,4,3,0,3,00b,104,0,0,0,685a6691ad699a66e9a46fda76eda3685a06e9bb68da4695bb6e5af691be699a1695bb6e1bb6e5a4,0,00c,0,0,0,0,1,0,0,0,1,0
48,48,0,c0f02c0f02c0b02c0b02c0b02c0b02c0b02c0b02c0b02c0b06c1f42d3f4fc2b02c0b02c0b02c0b02,521515515d50d4b52d4b5554d5214955d4752d5755d50551545214052d555595550d48575415354d,685a6691ad699a66eda46fda76eda3685a06e9bb68da4691bb6e1af691bb69da1691bb6e1bb6e5a5,9d26d992649b6719b66c9ba719c2679ce6d9d2679ae719ce6e9c26a9be6d9ba719aa7099a6c9ce6a,3,"WAIT",000,00b,00c,0,4,3,0,3,00b,104,0,0,0,685a6691ad699a66e9a46fda76eda3685a06e9bb68da4695bb6e5af691be699a1695bb6e1bb6e5a4,0,00c,0,0,0,0,1,0,0,0,1,0
49,49,0,c0f02c0f02c0b02c0b02c0b02c0b02c0b02c0b02c0b02c0b06c1f42d3f4fc2b02c0b02c0b02c0b02,521515515d50d4b52d4b5554d5214955d4752d5755d50551545214052d555595550d48575415354d,685a6691ad699a66eda46fda76eda3685a06e9bb68da4691bb6e1af691bb69da1691bb6e1bb6e5a5,9d26d992649b6719b66c9ba719c2679ce6d9d2679ae719ce6e9c26a9be6d9ba719aa7099a6c9ce6a,3,"WAIT",000,00b,00c,0,4,3,0,3,00b,104,0,0,0,685a6691ad699a66e9a46fda76eda3685a06e9bb68da4695bb6e5af691be699a1695bb6e1bb6e5a4,0,00c,0,0,0,0,1,0,0,0,1,0
50,50,0,c0f02c0f02c0b02c0b02c0b02c0b02c0b02c0b02c0b02c0b06c1f42d3f4fc2b02c0b02c0b02c0b02,521515515d50d4b52d4b5554d5214955d4752d5755d50551545214052d555595550d48575415354d,685a6691ad699a66eda46fda76eda3685a06e9bb68da4691bb6e1af691bb69da1691bb6e1bb6e5a5,9d26d992649b6719b66c9ba719c2679ce6d9d2679ae719ce6e9c26a9be6d9ba719aa7099a6c9ce6a,3,"WAIT",000,00b,00c,0,4,3,0,3,00b,104,0,0,0,685a6691ad699a66e9a46fda76eda3685a06e9bb68da4695bb6e5af691be699a1695bb6e1bb6e5a4,0,00c,0,0,0,0,1,0,0,0,1,0
51,51,0,c0f02c0f02c0b02c0b02c0b02c0b02c0b02c0b02c0b02c0b06c1f42d3f4fc2b02c0b02c0b02c0b02,521515515d50d4b52d4b5554d5214955d4752d5755d50551545214052d555595550d48575415354d,685a6691ad699a66eda46fda76eda3685a06e9bb68da4691bb6e1af691bb69da1691bb6e1bb6e5a5,9d26d992649b6719b66c9ba719c2679ce6d9d2679ae719ce6e9c26a9be6d9ba719aa7099a6c9ce6a,3,"WAIT",000,00b,00c,0,4,3,0,3,00b,104,0,0,0,685a6691ad699a66e9a46fda76eda3685a06e9bb68da4695bb6e5af691be699a1695bb6e1bb6e5a4,0,00c,0,0,0,0,1,0,0,0,1,0
52,52,0,c0f02c0f02c0b02c0b02c0b02c0b02c0b02c0b02c0b02c0b06c1f42d3f4fc2b02c0b02c0b02c0b02,521515515d50d4b52d4b5554d5214955d4752d5755d50551545214052d555595550d48575415354d,685a6691ad699a66eda46fda76eda3685a06e9bb68da4691bb6e1af691bb69da1691bb6e1bb6e5a5,9d26d992649b6719b66c9ba719c2679ce6d9d2679ae719ce6e9c26a9be6d9ba719aa7099a6c9ce6a,3,"WAIT",000,00b,00c,0,4,3,0,3,00b,104,0,0,0,685a6691ad699a66e9a46fda76eda3685a06e9bb68da4695bb6e5af691be699a1695bb6e1bb6e5a4,0,00c,0,0,0,0,1,0,0,0,1,0
53,53,0,c0f02c0f02c0b02c0b02c0b02c0b02c0b02c0b02c0b02c0b06c1f42d3f4fc2b02c0b02c0b02c0b02,521515515d50d4b52d4b5554d5214955d4752d5755d50551545214052d555595550d48575415354d,685a6691ad699a66eda46fda76eda3685a06e9bb68da4691bb6e1af691bb69da1691bb6e1bb6e5a5,9d26d992649b6719b66c9ba719c2679ce6d9d2679ae719ce6e9c26a9be6d9ba719aa7099a6c9ce6a,3,"WAIT",000,00b,00c,0,4,3,0,3,00b,104,0,0,0,685a6691ad699a66e9a46fda76eda3685a06e9bb68da4695bb6e5af691be699a1695bb6e1bb6e5a4,0,00c,0,0,0,0,1,0,0,0,1,0
54,54,0,c0f02c0f02c0b02c0b02c0b02c0b02c0b02c0b02c0b02c0b06c1f42d3f4fc2b02c0b02c0b02c0b02,521515515d50d4b52d4b5554d5214955d4752d5755d50551545214052d555595550d48575415354d,685a6691ad699a66eda46fda76eda3685a06e9bb68da4691bb6e1af691bb69da1691bb6e1bb6e5a5,9d26d992649b6719b66c9ba719c2679ce6d9d2679ae719ce6e9c26a9be6d9ba719aa7099a6c9ce6a,3,"WAIT",000,00b,00c,0,4,3,0,3,00b,104,0,0,0,685a6691ad699a66e9a46fda76eda3685a06e9bb68da4695bb6e5af691be699a1695bb6e1bb6e5a4,0,00c,0,0,0,0,1,0,0,0,1,0
55,55,0,c0f02c0f02c0b02c0b02c0b02c0b02c0b02c0b02c0b02c0b06c1f42d3f4fc2b02c0b02c0b02c0b02,521515515d50d4b52d4b5554d5214955d4752d5755d50551545214052d555595550d48575415354d,685a6691ad699a66eda46fda76eda3685a06e9bb68da4691bb6e1af691bb69da1691bb6e1bb6e5a5,9d26d992649b6719b66c9ba719c2679ce6d9d2679ae719ce6e9c26a9be6d9ba719aa7099a6c9ce6a,3,"WAIT",000,00b,00c,0,4,3,0,3,00b,104,0,0,0,685a6691ad699a66e9a46fda76eda3685a06e9bb68da4695bb6e5af691be699a1695bb6e1bb6e5a4,0,00c,0,0,0,0,1,0,0,0,1,0
56,56,0,c0f02c0f02c0b02c0b02c0b02c0b02c0b02c0b02c0b02c0b06c1f42d3f4fc2b02c0b02c0b02c0b02,521515515d50d4b52d4b5554d5214955d4752d5755d50551545214052d555595550d48575415354d,685a6691ad699a66eda46fda76eda3685a06e9bb68da4691bb6e1af691bb69da1691bb6e1bb6e5a5,9d26d992649b6719b66c9ba719c2679ce6d9d2679ae719ce6e9c26a9be6d9ba719aa7099a6c9ce6a,3,"WAIT",000,00b,00c,0,4,3,0,3,00b,104,0,0,0,685a6691ad699a66e9a46fda76eda3685a06e9bb68da4695bb6e5af691be699a1695bb6e1bb6e5a4,0,00c,0,0,0,0,1,0,0,0,1,0
57,57,0,c0f02c0f02c0b02c0b02c0b02c0b02c0b02c0b02c0b02c0b06c1f42d3f4fc2b02c0b02c0b02c0b02,521515515d50d4b52d4b5554d5214955d4752d5755d50551545214052d555595550d48575415354d,685a6691ad699a66eda46fda76eda3685a06e9bb68da4691bb6e1af691bb69da1691bb6e1bb6e5a5,9d26d992649b6719b66c9ba719c2679ce6d9d2679ae719ce6e9c26a9be6d9ba719aa7099a6c9ce6a,3,"WAIT",000,00b,00c,0,4,3,0,3,00b,104,0,0,0,685a6691ad699a66e9a46fda76eda3685a06e9bb68da4695bb6e5af691be699a1695bb6e1bb6e5a4,0,00c,0,0,0,0,1,0,0,0,1,0
58,58,0,c0f02c0f02c0b02c0b02c0b02c0b02c0b02c0b02c0b02c0b06c1f42d3f4fc2b02c0b02c0b02c0b02,521515515d50d4b52d4b5554d5214955d4752d5755d50551545214052d555595550d48575415354d,685a6691ad699a66eda46fda76eda3685a06e9bb68da4691bb6e1af691bb69da1691bb6e1bb6e5a5,9d26d992649b6719b66c9ba719c2679ce6d9d2679ae719ce6e9c26a9be6d9ba719aa7099a6c9ce6a,3,"WAIT",000,00b,00c,0,4,3,0,3,00b,104,0,0,0,685a6691ad699a66e9a46fda76eda3685a06e9bb68da4695bb6e5af691be699a1695bb6e1bb6e5a4,0,00c,0,0,0,0,1,0,0,0,1,0
59,59,0,c0f02c0f02c0b02c0b02c0b02c0b02c0b02c0b02c0b02c0b06c1f42d3f4fc2b02c0b02c0b02c0b02,521515515d50d4b52d4b5554d5214955d4752d5755d50551545214052d555595550d48575415354d,685a6691ad699a66eda46fda76eda3685a06e9bb68da4691bb6e1af691bb69da1691bb6e1bb6e5a5,9d26d992649b6719b66c9ba719c2679ce6d9d2679ae719ce6e9c26a9be6d9ba719aa7099a6c9ce6a,3,"WAIT",000,00b,00c,0,4,3,0,3,00b,104,0,0,0,685a6691ad699a66e9a46fda76eda3685a06e9bb68da4695bb6e5af691be699a1695bb6e1bb6e5a4,0,00c,0,0,0,0,1,0,0,0,1,0
60,60,0,c0f02c0f02c0b02c0b02c0b02c0b02c0b02c0b02c0b02c0b06c1f42d3f4fc2b02c0b02c0b02c0b02,521515515d50d4b52d4b5554d5214955d4752d5755d50551545214052d555595550d48575415354d,685a6691ad699a66eda46fda76eda3685a06e9bb68da4691bb6e1af691bb69da1691bb6e1bb6e5a5,9d26d992649b6719b66c9ba719c2679ce6d9d2679ae719ce6e9c26a9be6d9ba719aa7099a6c9ce6a,3,"WAIT",000,00b,00c,0,4,3,0,3,00b,104,0,0,0,685a6691ad699a66e9a46fda76eda3685a06e9bb68da4695bb6e5af691be699a1695bb6e1bb6e5a4,0,00c,0,0,0,0,1,0,0,0,1,0
61,61,0,c0f02c0f02c0b02c0b02c0b02c0b02c0b02c0b02c0b02c0b06c1f42d3f4fc2b02c0b02c0b02c0b02,521515515d50d4b52d4b5554d5214955d4752d5755d50551545214052d555595550d48575415354d,685a6691ad699a66eda46fda76eda3685a06e9bb68da4691bb6e1af691bb69da1691bb6e1bb6e5a5,9d26d992649b6719b66c9ba719c2679ce6d9d2679ae719ce6e9c26a9be6d9ba719aa7099a6c9ce6a,3,"WAIT",000,00b,00c,0,4,3,0,3,00b,104,0,0,0,685a6691ad699a66e9a46fda76eda3685a06e9bb68da4695bb6e5af691be699a1695bb6e1bb6e5a4,0,00c,0,0,0,0,1,0,0,0,1,0
62,62,0,c0f02c0f02c0b02c0b02c0b02c0b02c0b02c0b02c0b02c0b06c1f42d3f4fc2b02c0b02c0b02c0b02,521515515d50d4b52d4b5554d5214955d4752d5755d50551545214052d555595550d48575415354d,685a6691ad699a66eda46fda76eda3685a06e9bb68da4691bb6e1af691bb69da1691bb6e1bb6e5a5,9d26d992649b6719b66c9ba719c2679ce6d9d2679ae719ce6e9c26a9be6d9ba719aa7099a6c9ce6a,3,"WAIT",000,00b,00c,0,4,3,0,3,00b,104,0,0,0,685a6691ad699a66e9a46fda76eda3685a06e9bb68da4695bb6e5af691be699a1695bb6e1bb6e5a4,0,00c,0,0,0,0,1,0,0,0,1,0
63,63,0,c0f02c0f02c0b02c0b02c0b02c0b02c0b02c0b02c0b02c0b06c1f42d3f4fc2b02c0b02c0b02c0b02,521515515d50d4b52d4b5554d5214955d4752d5755d50551545214052d555595550d48575415354d,685a6691ad699a66eda46fda76eda3685a06e9bb68da4691bb6e1af691bb69da1691bb6e1bb6e5a5,9d26d992649b6719b66c9ba719c2679ce6d9d2679ae719ce6e9c26a9be6d9ba719aa7099a6c9ce6a,3,"WAIT",000,00b,00c,0,4,3,0,3,00b,104,0,0,0,685a6691ad699a66e9a46fda76eda3685a06e9bb68da4695bb6e5af691be699a1695bb6e1bb6e5a4,0,00c,0,0,0,0,1,0,0,0,1,0
64,64,0,c0f02c0f02c0b02c0b02c0b02c0b02c0b02c0b02c0b02c0b06c1f42d3f4fc2b02c0b02c0b02c0b02,521515515d50d4b52d4b5554d5214955d4752d5755d50551545214052d555595550d48575415354d,685a6691ad699a66eda46fda76eda3685a06e9bb68da4691bb6e1af691bb69da1691bb6e1bb6e5a5,9d26d992649b6719b66c9ba719c2679ce6d9d2679ae719ce6e9c26a9be6d9ba719aa7099a6c9ce6a,3,"WAIT",000,00b,00c,0,4,3,0,3,00b,104,0,0,0,685a6691ad699a66e9a46fda76eda3685a06e9bb68da4695bb6e5af691be699a1695bb6e1bb6e5a4,0,00c,0,0,0,0,1,0,0,0,1,0
65,65,0,c0f02c0f02c0b02c0b02c0b02c0b02c0b02c0b02c0b02c0b06c1f42d3f4fc2b02c0b02c0b02c0b02,521515515d50d4b52d4b5554d5214955d4752d5755d50551545214052d555595550d48575415354d,685a6691ad699a66eda46fda76eda3685a06e9bb68da4691bb6e1af691bb69da1691bb6e1bb6e5a5,9d26d992649b6719b66c9ba719c2679ce6d9d2679ae719ce6e9c26a9be6d9ba719aa7099a6c9ce6a,3,"WAIT",000,00b,00c,0,4,3,0,3,00b,104,0,0,0,685a6691ad699a66e9a46fda76eda3685a06e9bb68da4695bb6e5af691be699a1695bb6e1bb6e5a4,0,00c,0,0,0,0,1,0,0,0,1,0
66,66,0,c0f02c0f02c0b02c0b02c0b02c0b02c0b02c0b02c0b02c0b06c1f42d3f4fc2b02c0b02c0b02c0b02,521515515d50d4b52d4b5554d5214955d4752d5755d50551545214052d555595550d48575415354d,685a6691ad699a66eda46fda76eda3685a06e9bb68da4691bb6e1af691bb69da1691bb6e1bb6e5a5,9d26d992649b6719b66c9ba719c2679ce6d9d2679ae719ce6e9c26a9be6d9ba719aa7099a6c9ce6a,3,"WAIT",000,00b,00c,0,4,3,0,3,00b,104,0,0,0,685a6691ad699a66e9a46fda76eda3685a06e9bb68da4695bb6e5af691be699a1695bb6e1bb6e5a4,0,00c,0,0,0,0,1,0,0,0,1,0
67,67,0,c0f02c0f02c0b02c0b02c0b02c0b02c0b02c0b02c0b02c0b06c1f42d3f4fc2b02c0b02c0b02c0b02,521515515d50d4b52d4b5554d5214955d4752d5755d50551545214052d555595550d48575415354d,685a6691ad699a66eda46fda76eda3685a06e9bb68da4691bb6e1af691bb69da1691bb6e1bb6e5a5,9d26d992649b6719b66c9ba719c2679ce6d9d2679ae719ce6e9c26a9be6d9ba719aa7099a6c9ce6a,3,"WAIT",000,00b,00c,0,4,3,0,3,00b,104,0,0,0,685a6691ad699a66e9a46fda76eda3685a06e9bb68da4695bb6e5af691be699a1695bb6e1bb6e5a4,0,00c,0,0,0,0,1,0,0,0,1,0
68,68,0,c0f02c0f02c0b02c0b02c0b02c0b02c0b02c0b02c0b02c0b06c1f42d3f4fc2b02c0b02c0b02c0b02,521515515d50d4b52d4b5554d5214955d4752d5755d50551545214052d555595550d48575415354d,685a6691ad699a66eda46fda76eda3685a06e9bb68da4691bb6e1af691bb69da1691bb6e1bb6e5a5,9d26d992649b6719b66c9ba719c2679ce6d9d2679ae719ce6e9c26a9be6d9ba719aa7099a6c9ce6a,3,"WAIT",000,00b,00c,0,4,3,0,3,00b,104,0,0,0,685a6691ad699a66e9a46fda76eda3685a06e9bb68da4695bb6e5af691be699a1695bb6e1bb6e5a4,0,00c,0,0,0,0,1,0,0,0,1,0
69,69,0,c0f02c0f02c0b02c0b02c0b02c0b02c0b02c0b02c0b02c0b06c1f42d3f4fc2b02c0b02c0b02c0b02,521515515d50d4b52d4b5554d5214955d4752d5755d50551545214052d555595550d48575415354d,685a6691ad699a66eda46fda76eda3685a06e9bb68da4691bb6e1af691bb69da1691bb6e1bb6e5a5,9d26d992649b6719b66c9ba719c2679ce6d9d2679ae719ce6e9c26a9be6d9ba719aa7099a6c9ce6a,3,"WAIT",000,00b,00c,0,4,3,0,3,00b,104,0,0,0,685a6691ad699a66e9a46fda76eda3685a06e9bb68da4695bb6e5af691be699a1695bb6e1bb6e5a4,0,00c,0,0,0,0,1,0,0,0,1,0
70,70,0,c0f02c0f02c0b02c0b02c0b02c0b02c0b02c0b02c0b02c0b06c1f42d3f4fc2b02c0b02c0b02c0b02,521515515d50d4b52d4b5554d5214955d4752d5755d50551545214052d555595550d48575415354d,685a6691ad699a66eda46fda76eda3685a06e9bb68da4691bb6e1af691bb69da1691bb6e1bb6e5a5,9d26d992649b6719b66c9ba719c2679ce6d9d2679ae719ce6e9c26a9be6d9ba719aa7099a6c9ce6a,3,"WAIT",000,00b,00c,0,4,3,0,3,00b,104,0,0,0,685a6691ad699a66e9a46fda76eda3685a06e9bb68da4695bb6e5af691be699a1695bb6e1bb6e5a4,0,00c,0,0,0,0,1,0,0,0,1,0
71,71,0,c0f02c0f02c0b02c0b02c0b02c0b02c0b02c0b02c0b02c0b06c1f42d3f4fc2b02c0b02c0b02c0b02,521515515d50d4b52d4b5554d5214955d4752d5755d50551545214052d555595550d48575415354d,685a6691ad699a66eda46fda76eda3685a06e9bb68da4691bb6e1af691bb69da1691bb6e1bb6e5a5,9d26d992649b6719b66c9ba719c2679ce6d9d2679ae719ce6e9c26a9be6d9ba719aa7099a6c9ce6a,3,"WAIT",000,00b,00c,0,4,3,0,3,00b,104,0,0,0,685a6691ad699a66e9a46fda76eda3685a06e9bb68da4695bb6e5af691be699a1695bb6e1bb6e5a4,0,00c,0,0,0,0,1,0,0,0,1,0
72,72,0,c0f02c0f02c0b02c0b02c0b02c0b02c0b02c0b02c0b02c0b06c1f42d3f4fc2b02c0b02c0b02c0b02,521515515d50d4b52d4b5554d5214955d4752d5755d50551545214052d555595550d48575415354d,685a6691ad699a66eda46fda76eda3685a06e9bb68da4691bb6e1af691bb69da1691bb6e1bb6e5a5,9d26d992649b6719b66c9ba719c2679ce6d9d2679ae719ce6e9c26a9be6d9ba719aa7099a6c9ce6a,3,"WAIT",000,00b,00c,0,4,3,0,3,00b,104,0,0,0,685a6691ad699a66e9a46fda76eda3685a06e9bb68da4695bb6e5af691be699a1695bb6e1bb6e5a4,0,00c,0,0,0,0,1,0,0,0,1,0
73,73,0,c0f02c0f02c0b02c0b02c0b02c0b02c0b02c0b02c0b02c0b06c1f42d3f4fc2b02c0b02c0b02c0b02,521515515d50d4b52d4b5554d5214955d4752d5755d50551545214052d555595550d48575415354d,685a6691ad699a66eda46fda76eda3685a06e9bb68da4691bb6e1af691bb69da1691bb6e1bb6e5a5,9d26d992649b6719b66c9ba719c2679ce6d9d2679ae719ce6e9c26a9be6d9ba719aa7099a6c9ce6a,3,"WAIT",000,00b,00c,0,4,3,0,3,00b,104,0,0,0,685a6691ad699a66e9a46fda76eda3685a06e9bb68da4695bb6e5af691be699a1695bb6e1bb6e5a4,0,00c,0,0,0,0,1,0,0,0,1,0
74,74,0,c0f02c0f02c0b02c0b02c0b02c0b02c0b02c0b02c0b02c0b06c1f42d3f4fc2b02c0b02c0b02c0b02,521515515d50d4b52d4b5554d5214955d4752d5755d50551545214052d555595550d48575415354d,685a6691ad699a66eda46fda76eda3685a06e9bb68da4691bb6e1af691bb69da1691bb6e1bb6e5a5,9d26d992649b6719b66c9ba719c2679ce6d9d2679ae719ce6e9c26a9be6d9ba719aa7099a6c9ce6a,3,"WAIT",000,00b,00c,0,4,3,0,3,00b,104,0,0,0,685a6691ad699a66e9a46fda76eda3685a06e9bb68da4695bb6e5af691be699a1695bb6e1bb6e5a4,0,00c,0,0,0,0,1,0,0,0,1,0
75,75,0,c0f02c0f02c0b02c0b02c0b02c0b02c0b02c0b02c0b02c0b06c1f42d3f4fc2b02c0b02c0b02c0b02,521515515d50d4b52d4b5554d5214955d4752d5755d50551545214052d555595550d48575415354d,685a6691ad699a66eda46fda76eda3685a06e9bb68da4691bb6e1af691bb69da1691bb6e1bb6e5a5,9d26d992649b6719b66c9ba719c2679ce6d9d2679ae719ce6e9c26a9be6d9ba719aa7099a6c9ce6a,3,"WAIT",000,00b,00c,0,4,3,0,3,00b,104,0,0,0,685a6691ad699a66e9a46fda76eda3685a06e9bb68da4695bb6e5af691be699a1695bb6e1bb6e5a4,0,00c,0,0,0,0,1,0,0,0,1,0
76,76,0,c0f02c0f02c0b02c0b02c0b02c0b02c0b02c0b02c0b02c0b06c1f42d3f4fc2b02c0b02c0b02c0b02,521515515d50d4b52d4b5554d5214955d4752d5755d50551545214052d555595550d48575415354d,685a6691ad699a66eda46fda76eda3685a06e9bb68da4691bb6e1af691bb69da1691bb6e1bb6e5a5,9d26d992649b6719b66c9ba719c2679ce6d9d2679ae719ce6e9c26a9be6d9ba719aa7099a6c9ce6a,3,"WAIT",000,00b,00c,0,4,3,0,3,00b,104,0,0,0,685a6691ad699a66e9a46fda76eda3685a06e9bb68da4695bb6e5af691be699a1695bb6e1bb6e5a4,0,00c,0,0,0,0,1,0,0,0,1,0
77,77,0,c0f02c0f02c0b02c0b02c0b02c0b02c0b02c0b02c0b02c0b06c1f42d3f4fc2b02c0b02c0b02c0b02,521515515d50d4b52d4b5554d5214955d4752d5755d50551545214052d555595550d48575415354d,685a6691ad699a66eda46fda76eda3685a06e9bb68da4691bb6e1af691bb69da1691bb6e1bb6e5a5,9d26d992649b6719b66c9ba719c2679ce6d9d2679ae719ce6e9c26a9be6d9ba719aa7099a6c9ce6a,3,"WAIT",000,00b,00c,0,4,3,0,3,00b,104,0,0,0,685a6691ad699a66e9a46fda76eda3685a06e9bb68da4695bb6e5af691be699a1695bb6e1bb6e5a4,0,00c,0,0,0,0,1,0,0,0,1,0
78,78,0,c0f02c0f02c0b02c0b02c0b02c0b02c0b02c0b02c0b02c0b06c1f42d3f4fc2b02c0b02c0b02c0b02,521515515d50d4b52d4b5554d5214955d4752d5755d50551545214052d555595550d48575415354d,685a6691ad699a66eda46fda76eda3685a06e9bb68da4691bb6e1af691bb69da1691bb6e1bb6e5a5,9d26d992649b6719b66c9ba719c2679ce6d9d2679ae719ce6e9c26a9be6d9ba719aa7099a6c9ce6a,3,"WAIT",000,00b,00c,0,4,3,0,3,00b,104,0,0,0,685a6691ad699a66e9a46fda76eda3685a06e9bb68da4695bb6e5af691be699a1695bb6e1bb6e5a4,0,00c,0,0,0,0,1,0,0,0,1,0
79,79,0,c0f02c0f02c0b02c0b02c0b02c0b02c0b02c0b02c0b02c0b06c1f42d3f4fc2b02c0b02c0b02c0b02,521515515d50d4b52d4b5554d5214955d4752d5755d50551545214052d555595550d48575415354d,685a6691ad699a66eda46fda76eda3685a06e9bb68da4691bb6e1af691bb69da1691bb6e1bb6e5a5,9d26d992649b6719b66c9ba719c2679ce6d9d2679ae719ce6e9c26a9be6d9ba719aa7099a6c9ce6a,3,"WAIT",000,00b,00c,0,4,3,0,3,00b,104,0,0,0,685a6691ad699a66e9a46fda76eda3685a06e9bb68da4695bb6e5af691be699a1695bb6e1bb6e5a4,0,00c,0,0,0,0,1,0,0,0,1,0
80,80,0,c0f02c0f02c0b02c0b02c0b02c0b02c0b02c0b02c0b02c0b06c1f42d3f4fc2b02c0b02c0b02c0b02,521515515d50d4b52d4b5554d5214955d4752d5755d50551545214052d555595550d48575415354d,685a6691ad699a66eda46fda76eda3685a06e9bb68da4691bb6e1af691bb69da1691bb6e1bb6e5a5,9d26d992649b6719b66c9ba719c2679ce6d9d2679ae719ce6e9c26a9be6d9ba719aa7099a6c9ce6a,3,"WAIT",000,00b,00c,0,4,3,0,3,00b,104,0,0,0,685a6691ad699a66e9a46fda76eda3685a06e9bb68da4695bb6e5af691be699a1695bb6e1bb6e5a4,0,00c,0,0,0,0,1,0,0,0,1,0
81,81,0,c0f02c0f02c0b02c0b02c0b02c0b02c0b02c0b02c0b02c0b06c1f42d3f4fc2b02c0b02c0b02c0b02,521515515d50d4b52d4b5554d5214955d4752d5755d50551545214052d555595550d48575415354d,685a6691ad699a66eda46fda76eda3685a06e9bb68da4691bb6e1af691bb69da1691bb6e1bb6e5a5,9d26d992649b6719b66c9ba719c2679ce6d9d2679ae719ce6e9c26a9be6d9ba719aa7099a6c9ce6a,3,"WAIT",000,00b,00c,0,4,3,0,3,00b,104,0,0,0,685a6691ad699a66e9a46fda76eda3685a06e9bb68da4695bb6e5af691be699a1695bb6e1bb6e5a4,0,00c,0,0,0,0,1,0,0,0,1,0
82,82,0,c0f02c0f02c0b02c0b02c0b02c0b02c0b02c0b02c0b02c0b06c1f42d3f4fc2b02c0b02c0b02c0b02,521515515d50d4b52d4b5554d5214955d4752d5755d50551545214052d555595550d48575415354d,685a6691ad699a66eda46fda76eda3685a06e9bb68da4691bb6e1af691bb69da1691bb6e1bb6e5a5,9d26d992649b6719b66c9ba719c2679ce6d9d2679ae719ce6e9c26a9be6d9ba719aa7099a6c9ce6a,3,"WAIT",000,00b,00c,0,4,3,0,3,00b,104,0,0,0,685a6691ad699a66e9a46fda76eda3685a06e9bb68da4695bb6e5af691be699a1695bb6e1bb6e5a4,0,00c,0,0,0,0,1,0,0,0,1,0
83,83,0,c0f02c0f02c0b02c0b02c0b02c0b02c0b02c0b02c0b02c0b06c1f42d3f4fc2b02c0b02c0b02c0b02,521515515d50d4b52d4b5554d5214955d4752d5755d50551545214052d555595550d48575415354d,685a6691ad699a66eda46fda76eda3685a06e9bb68da4691bb6e1af691bb69da1691bb6e1bb6e5a5,9d26d992649b6719b66c9ba719c2679ce6d9d2679ae719ce6e9c26a9be6d9ba719aa7099a6c9ce6a,3,"WAIT",000,00b,00c,0,4,3,0,3,00b,104,0,0,0,685a6691ad699a66e9a46fda76eda3685a06e9bb68da4695bb6e5af691be699a1695bb6e1bb6e5a4,0,00c,0,0,0,0,1,0,0,0,1,0
84,84,0,c0f02c0f02c0b02c0b02c0b02c0b02c0b02c0b02c0b02c0b06c1f42d3f4fc2b02c0b02c0b02c0b02,521515515d50d4b52d4b5554d5214955d4752d5755d50551545214052d555595550d48575415354d,685a6691ad699a66eda46fda76eda3685a06e9bb68da4691bb6e1af691bb69da1691bb6e1bb6e5a5,9d26d992649b6719b66c9ba719c2679ce6d9d2679ae719ce6e9c26a9be6d9ba719aa7099a6c9ce6a,3,"WAIT",000,00b,00c,0,4,3,0,3,00b,104,0,0,0,685a6691ad699a66e9a46fda76eda3685a06e9bb68da4695bb6e5af691be699a1695bb6e1bb6e5a4,0,00c,0,0,0,0,1,0,0,0,1,0
85,85,0,c0f02c0f02c0b02c0b02c0b02c0b02c0b02c0b02c0b02c0b06c1f42d3f4fc2b02c0b02c0b02c0b02,521515515d50d4b52d4b5554d5214955d4752d5755d50551545214052d555595550d48575415354d,685a6691ad699a66eda46fda76eda3685a06e9bb68da4691bb6e1af691bb69da1691bb6e1bb6e5a5,9d26d992649b6719b66c9ba719c2679ce6d9d2679ae719ce6e9c26a9be6d9ba719aa7099a6c9ce6a,3,"WAIT",000,00b,00c,0,4,3,0,3,00b,104,0,0,0,685a6691ad699a66e9a46fda76eda3685a06e9bb68da4695bb6e5af691be699a1695bb6e1bb6e5a4,0,00c,0,0,0,0,1,0,0,0,1,0
86,86,0,c0f02c0f02c0b02c0b02c0b02c0b02c0b02c0b02c0b02c0b06c1f42d3f4fc2b02c0b02c0b02c0b02,521515515d50d4b52d4b5554d5214955d4752d5755d50551545214052d555595550d48575415354d,685a6691ad699a66eda46fda76eda3685a06e9bb68da4691bb6e1af691bb69da1691bb6e1bb6e5a5,9d26d992649b6719b66c9ba719c2679ce6d9d2679ae719ce6e9c26a9be6d9ba719aa7099a6c9ce6a,3,"WAIT",000,00b,00c,0,4,3,0,3,00b,104,0,0,0,685a6691ad699a66e9a46fda76eda3685a06e9bb68da4695bb6e5af691be699a1695bb6e1bb6e5a4,0,00c,0,0,0,0,1,0,0,0,1,0
87,87,0,c0f02c0f02c0b02c0b02c0b02c0b02c0b02c0b02c0b02c0b06c1f42d3f4fc2b02c0b02c0b02c0b02,521515515d50d4b52d4b5554d5214955d4752d5755d50551545214052d555595550d48575415354d,685a6691ad699a66eda46fda76eda3685a06e9bb68da4691bb6e1af691bb69da1691bb6e1bb6e5a5,9d26d992649b6719b66c9ba719c2679ce6d9d2679ae719ce6e9c26a9be6d9ba719aa7099a6c9ce6a,3,"WAIT",000,00b,00c,0,4,3,0,3,00b,104,0,0,0,685a6691ad699a66e9a46fda76eda3685a06e9bb68da4695bb6e5af691be699a1695bb6e1bb6e5a4,0,00c,0,0,0,0,1,0,0,0,1,0
88,88,0,c0f02c0f02c0b02c0b02c0b02c0b02c0b02c0b02c0b02c0b06c1f42d3f4fc2b02c0b02c0b02c0b02,521515515d50d4b52d4b5554d5214955d4752d5755d50551545214052d555595550d48575415354d,685a6691ad699a66eda46fda76eda3685a06e9bb68da4691bb6e1af691bb69da1691bb6e1bb6e5a5,9d26d992649b6719b66c9ba719c2679ce6d9d2679ae719ce6e9c26a9be6d9ba719aa7099a6c9ce6a,3,"WAIT",000,00b,00c,0,4,3,0,3,00b,104,0,0,0,685a6691ad699a66e9a46fda76eda3685a06e9bb68da4695bb6e5af691be699a1695bb6e1bb6e5a4,0,00c,0,0,0,0,1,0,0,0,1,0
89,89,0,c0f02c0f02c0b02c0b02c0b02c0b02c0b02c0b02c0b02c0b06c1f42d3f4fc2b02c0b02c0b02c0b02,521515515d50d4b52d4b5554d5214955d4752d5755d50551545214052d555595550d48575415354d,685a6691ad699a66eda46fda76eda3685a06e9bb68da4691bb6e1af691bb69da1691bb6e1bb6e5a5,9d26d992649b6719b66c9ba719c2679ce6d9d2679ae719ce6e9c26a9be6d9ba719aa7099a6c9ce6a,3,"WAIT",000,00b,00c,0,4,3,0,3,00b,104,0,0,0,685a6691ad699a66e9a46fda76eda3685a06e9bb68da4695bb6e5af691be699a1695bb6e1bb6e5a4,0,00c,0,0,0,0,1,0,0,0,1,0
90,90,0,c0f02c0f02c0b02c0b02c0b02c0b02c0b02c0b02c0b02c0b06c1f42d3f4fc2b02c0b02c0b02c0b02,521515515d50d4b52d4b5554d5214955d4752d5755d50551545214052d555595550d48575415354d,685a6691ad699a66eda46fda76eda3685a06e9bb68da4691bb6e1af691bb69da1691bb6e1bb6e5a5,9d26d992649b6719b66c9ba719c2679ce6d9d2679ae719ce6e9c26a9be6d9ba719aa7099a6c9ce6a,3,"WAIT",000,00b,00c,0,4,3,0,3,00b,104,0,0,0,685a6691ad699a66e9a46fda76eda3685a06e9bb68da4695bb6e5af691be699a1695bb6e1bb6e5a4,0,00c,0,0,0,0,1,0,0,0,1,0
91,91,0,c0f02c0f02c0b02c0b02c0b02c0b02c0b02c0b02c0b02c0b06c1f42d3f4fc2b02c0b02c0b02c0b02,521515515d50d4b52d4b5554d5214955d4752d5755d50551545214052d555595550d48575415354d,685a6691ad699a66eda46fda76eda3685a06e9bb68da4691bb6e1af691bb69da1691bb6e1bb6e5a5,9d26d992649b6719b66c9ba719c2679ce6d9d2679ae719ce6e9c26a9be6d9ba719aa7099a6c9ce6a,3,"WAIT",000,00b,00c,0,4,3,0,3,00b,104,0,0,0,685a6691ad699a66e9a46fda76eda3685a06e9bb68da4695bb6e5af691be699a1695bb6e1bb6e5a4,0,00c,0,0,0,0,1,0,0,0,1,0
92,92,0,c0f02c0f02c0b02c0b02c0b02c0b02c0b02c0b02c0b02c0b06c1f42d3f4fc2b02c0b02c0b02c0b02,521515515d50d4b52d4b5554d5214955d4752d5755d50551545214052d555595550d48575415354d,685a6691ad699a66eda46fda76eda3685a06e9bb68da4691bb6e1af691bb69da1691bb6e1bb6e5a5,9d26d992649b6719b66c9ba719c2679ce6d9d2679ae719ce6e9c26a9be6d9ba719aa7099a6c9ce6a,3,"WAIT",000,00b,00c,0,4,3,0,3,00b,104,0,0,0,685a6691ad699a66e9a46fda76eda3685a06e9bb68da4695bb6e5af691be699a1695bb6e1bb6e5a4,0,00c,0,0,0,0,1,0,0,0,1,0
93,93,0,c0f02c0f02c0b02c0b02c0b02c0b02c0b02c0b02c0b02c0b06c1f42d3f4fc2b02c0b02c0b02c0b02,521515515d50d4b52d4b5554d5214955d4752d5755d50551545214052d555595550d48575415354d,685a6691ad699a66eda46fda76eda3685a06e9bb68da4691bb6e1af691bb69da1691bb6e1bb6e5a5,9d26d992649b6719b66c9ba719c2679ce6d9d2679ae719ce6e9c26a9be6d9ba719aa7099a6c9ce6a,3,"WAIT",000,00b,00c,0,4,3,0,3,00b,104,0,0,0,685a6691ad699a66e9a46fda76eda3685a06e9bb68da4695bb6e5af691be699a1695bb6e1bb6e5a4,0,00c,0,0,0,0,1,0,0,0,1,0
94,94,0,c0f02c0f02c0b02c0b02c0b02c0b02c0b02c0b02c0b02c0b06c1f42d3f4fc2b02c0b02c0b02c0b02,521515515d50d4b52d4b5554d5214955d4752d5755d50551545214052d555595550d48575415354d,685a6691ad699a66eda46fda76eda3685a06e9bb68da4691bb6e1af691bb69da1691bb6e1bb6e5a5,9d26d992649b6719b66c9ba719c2679ce6d9d2679ae719ce6e9c26a9be6d9ba719aa7099a6c9ce6a,3,"WAIT",000,00b,00c,0,4,3,0,3,00b,104,0,0,0,685a6691ad699a66e9a46fda76eda3685a06e9bb68da4695bb6e5af691be699a1695bb6e1bb6e5a4,0,00c,0,0,0,0,1,0,0,0,1,0
95,95,0,c0f02c0f02c0b02c0b02c0b02c0b02c0b02c0b02c0b02c0b06c1f42d3f4fc2b02c0b02c0b02c0b02,521515515d50d4b52d4b5554d5214955d4752d5755d50551545214052d555595550d48575415354d,685a6691ad699a66eda46fda76eda3685a06e9bb68da4691bb6e1af691bb69da1691bb6e1bb6e5a5,9d26d992649b6719b66c9ba719c2679ce6d9d2679ae719ce6e9c26a9be6d9ba719aa7099a6c9ce6a,3,"WAIT",000,00b,00c,0,4,3,0,3,00b,104,0,0,0,685a6691ad699a66e9a46fda76eda3685a06e9bb68da4695bb6e5af691be699a1695bb6e1bb6e5a4,0,00c,0,0,0,0,1,0,0,0,1,0
96,96,0,c0f02c0f02c0b02c0b02c0b02c0b02c0b02c0b02c0b02c0b06c1f42d3f4fc2b02c0b02c0b02c0b02,521515515d50d4b52d4b5554d5214955d4752d5755d50551545214052d555595550d48575415354d,685a6691ad699a66eda46fda76eda3685a06e9bb68da4691bb6e1af691bb69da1691bb6e1bb6e5a5,9d26d992649b6719b66c9ba719c2679ce6d9d2679ae719ce6e9c26a9be6d9ba719aa7099a6c9ce6a,3,"WAIT",000,00b,00c,0,4,3,0,3,00b,104,0,0,0,685a6691ad699a66e9a46fda76eda3685a06e9bb68da4695bb6e5af691be699a1695bb6e1bb6e5a4,0,00c,0,0,0,0,1,0,0,0,1,0
97,97,0,c0f02c0f02c0b02c0b02c0b02c0b02c0b02c0b02c0b02c0b06c1f42d3f4fc2b02c0b02c0b02c0b02,521515515d50d4b52d4b5554d5214955d4752d5755d50551545214052d555595550d48575415354d,685a6691ad699a66eda46fda76eda3685a06e9bb68da4691bb6e1af691bb69da1691bb6e1bb6e5a5,9d26d992649b6719b66c9ba719c2679ce6d9d2679ae719ce6e9c26a9be6d9ba719aa7099a6c9ce6a,3,"WAIT",000,00b,00c,0,4,3,0,3,00b,104,0,0,0,685a6691ad699a66e9a46fda76eda3685a06e9bb68da4695bb6e5af691be699a1695bb6e1bb6e5a4,0,00c,0,0,0,0,1,0,0,0,1,0
98,98,0,c0f02c0f02c0b02c0b02c0b02c0b02c0b02c0b02c0b02c0b06c1f42d3f4fc2b02c0b02c0b02c0b02,521515515d50d4b52d4b5554d5214955d4752d5755d50551545214052d555595550d48575415354d,685a6691ad699a66eda46fda76eda3685a06e9bb68da4691bb6e1af691bb69da1691bb6e1bb6e5a5,9d26d992649b6719b66c9ba719c2679ce6d9d2679ae719ce6e9c26a9be6d9ba719aa7099a6c9ce6a,3,"WAIT",000,00b,00c,0,4,3,0,3,00b,104,0,0,0,685a6691ad699a66e9a46fda76eda3685a06e9bb68da4695bb6e5af691be699a1695bb6e1bb6e5a4,0,00c,0,0,0,0,1,0,0,0,1,0
99,99,0,c0f02c0f02c0b02c0b02c0b02c0b02c0b02c0b02c0b02c0b06c1f42d3f4fc2b02c0b02c0b02c0b02,521515515d50d4b52d4b5554d5214955d4752d5755d50551545214052d555595550d48575415354d,685a6691ad699a66eda46fda76eda3685a06e9bb68da4691bb6e1af691bb69da1691bb6e1bb6e5a5,9d26d992649b6719b66c9ba719c2679ce6d9d2679ae719ce6e9c26a9be6d9ba719aa7099a6c9ce6a,3,"WAIT",000,00b,00c,0,4,3,0,3,00b,104,0,0,0,685a6691ad699a66e9a46fda76eda3685a06e9bb68da4695bb6e5af691be699a1695bb6e1bb6e5a4,0,00c,0,0,0,0,1,0,0,0,1,0
100,100,0,c0f02c0f02c0b02c0b02c0b02c0b02c0b02c0b02c0b02c0b06c1f42d3f4fc2b02c0b02c0b02c0b02,521515515d50d4b52d4b5554d5214955d4752d5755d50551545214052d555595550d48575415354d,685a6691ad699a66eda46fda76eda3685a06e9bb68da4691bb6e1af691bb69da1691bb6e1bb6e5a5,9d26d992649b6719b66c9ba719c2679ce6d9d2679ae719ce6e9c26a9be6d9ba719aa7099a6c9ce6a,3,"WAIT",000,00b,00c,0,4,3,0,3,00b,104,0,0,0,685a6691ad699a66e9a46fda76eda3685a06e9bb68da4695bb6e5af691be699a1695bb6e1bb6e5a4,0,00c,0,0,0,0,1,0,0,0,1,0
101,101,0,c0f02c0f02c0b02c0b02c0b02c0b02c0b02c0b02c0b02c0b06c1f42d3f4fc2b02c0b02c0b02c0b02,521515515d50d4b52d4b5554d5214955d4752d5755d50551545214052d555595550d48575415354d,685a6691ad699a66eda46fda76eda3685a06e9bb68da4691bb6e1af691bb69da1691bb6e1bb6e5a5,9d26d992649b6719b66c9ba719c2679ce6d9d2679ae719ce6e9c26a9be6d9ba719aa7099a6c9ce6a,3,"WAIT",000,00b,00c,0,4,3,0,3,00b,104,0,0,0,685a6691ad699a66e9a46fda76eda3685a06e9bb68da4695bb6e5af691be699a1695bb6e1bb6e5a4,0,00c,0,0,0,0,1,0,0,0,1,0
102,102,0,c0f02c0f02c0b02c0b02c0b02c0b02c0b02c0b02c0b02c0b06c1f42d3f4fc2b02c0b02c0b02c0b02,521515515d50d4b52d4b5554d5214955d4752d5755d50551545214052d555595550d48575415354d,685a6691ad699a66eda46fda76eda3685a06e9bb68da4691bb6e1af691bb69da1691bb6e1bb6e5a5,9d26d992649b6719b66c9ba719c2679ce6d9d2679ae719ce6e9c26a9be6d9ba719aa7099a6c9ce6a,3,"WAIT",000,00b,00c,0,4,3,0,3,00b,104,0,0,0,685a6691ad699a66e9a46fda76eda3685a06e9bb68da4695bb6e5af691be699a1695bb6e1bb6e5a4,0,00c,0,0,0,0,1,0,0,0,1,0
103,103,0,c0f02c0f02c0b02c0b02c0b02c0b02c0b02c0b02c0b02c0b06c1f42d3f4fc2b02c0b02c0b02c0b02,521515515d50d4b52d4b5554d5214955d4752d5755d50551545214052d555595550d48575415354d,685a6691ad699a66eda46fda76eda3685a06e9bb68da4691bb6e1af691bb69da1691bb6e1bb6e5a5,9d26d992649b6719b66c9ba719c2679ce6d9d2679ae719ce6e9c26a9be6d9ba719aa7099a6c9ce6a,3,"WAIT",000,00b,00c,0,4,3,0,3,00b,104,0,0,0,685a6691ad699a66e9a46fda76eda3685a06e9bb68da4695bb6e5af691be699a1695bb6e1bb6e5a4,0,00c,0,0,0,0,1,0,0,0,1,0
104,104,0,c0f02c0f02c0b02c0b02c0b02c0b02c0b02c0b02c0b02c0b06c1f42d3f4fc2b02c0b02c0b02c0b02,521515515d50d4b52d4b5554d5214955d4752d5755d50551545214052d555595550d48575415354d,685a6691ad699a66eda46fda76eda3685a06e9bb68da4691bb6e1af691bb69da1691bb6e1bb6e5a5,9d26d992649b6719b66c9ba719c2679ce6d9d2679ae719ce6e9c26a9be6d9ba719aa7099a6c9ce6a,3,"WAIT",000,00b,00c,0,4,3,0,3,00b,104,0,0,0,685a6691ad699a66e9a46fda76eda3685a06e9bb68da4695bb6e5af691be699a1695bb6e1bb6e5a4,0,00c,0,0,0,0,1,0,0,0,1,0
105,105,0,c0f02c0f02c0b02c0b02c0b02c0b02c0b02c0b02c0b02c0b06c1f42d3f4fc2b02c0b02c0b02c0b02,521515515d50d4b52d4b5554d5214955d4752d5755d50551545214052d555595550d48575415354d,685a6691ad699a66eda46fda76eda3685a06e9bb68da4691bb6e1af691bb69da1691bb6e1bb6e5a5,9d26d992649b6719b66c9ba719c2679ce6d9d2679ae719ce6e9c26a9be6d9ba719aa7099a6c9ce6a,3,"WAIT",000,00b,00c,0,4,3,0,3,00b,104,0,0,0,685a6691ad699a66e9a46fda76eda3685a06e9bb68da4695bb6e5af691be699a1695bb6e1bb6e5a4,0,00c,0,0,0,0,1,0,0,0,1,0
106,106,0,c0f02c0f02c0b02c0b02c0b02c0b02c0b02c0b02c0b02c0b06c1f42d3f4fc2b02c0b02c0b02c0b02,521515515d50d4b52d4b5554d5214955d4752d5755d50551545214052d555595550d48575415354d,685a6691ad699a66eda46fda76eda3685a06e9bb68da4691bb6e1af691bb69da1691bb6e1bb6e5a5,9d26d992649b6719b66c9ba719c2679ce6d9d2679ae719ce6e9c26a9be6d9ba719aa7099a6c9ce6a,3,"WAIT",000,00b,00c,0,4,3,0,3,00b,104,0,0,0,685a6691ad699a66e9a46fda76eda3685a06e9bb68da4695bb6e5af691be699a1695bb6e1bb6e5a4,0,00c,0,0,0,0,1,0,0,0,1,0
107,107,0,c0f02c0f02c0b02c0b02c0b02c0b02c0b02c0b02c0b02c0b06c1f42d3f4fc2b02c0b02c0b02c0b02,521515515d50d4b52d4b5554d5214955d4752d5755d50551545214052d555595550d48575415354d,685a6691ad699a66eda46fda76eda3685a06e9bb68da4691bb6e1af691bb69da1691bb6e1bb6e5a5,9d26d992649b6719b66c9ba719c2679ce6d9d2679ae719ce6e9c26a9be6d9ba719aa7099a6c9ce6a,3,"WAIT",000,00b,00c,0,4,3,0,3,00b,104,0,0,0,685a6691ad699a66e9a46fda76eda3685a06e9bb68da4695bb6e5af691be699a1695bb6e1bb6e5a4,0,00c,0,0,0,0,1,0,0,0,1,0
108,108,0,c0f02c0f02c0b02c0b02c0b02c0b02c0b02c0b02c0b02c0b06c1f42d3f4fc2b02c0b02c0b02c0b02,521515515d50d4b52d4b5554d5214955d4752d5755d50551545214052d555595550d48575415354d,685a6691ad699a66eda46fda76eda3685a06e9bb68da4691bb6e1af691bb69da1691bb6e1bb6e5a5,9d26d992649b6719b66c9ba719c2679ce6d9d2679ae719ce6e9c26a9be6d9ba719aa7099a6c9ce6a,3,"WAIT",000,00b,00c,0,4,3,0,3,00b,104,0,0,0,685a6691ad699a66e9a46fda76eda3685a06e9bb68da4695bb6e5af691be699a1695bb6e1bb6e5a4,0,00c,0,0,0,0,1,0,0,0,1,0
109,109,0,c0f02c0f02c0b02c0b02c0b02c0b02c0b02c0b02c0b02c0b06c1f42d3f4fc2b02c0b02c0b02c0b02,521515515d50d4b52d4b5554d5214955d4752d5755d50551545214052d555595550d48575415354d,685a6691ad699a66eda46fda76eda3685a06e9bb68da4691bb6e1af691bb69da1691bb6e1bb6e5a5,9d26d992649b6719b66c9ba719c2679ce6d9d2679ae719ce6e9c26a9be6d9ba719aa7099a6c9ce6a,3,"WAIT",000,00b,00c,0,4,3,0,3,00b,104,0,0,0,685a6691ad699a66e9a46fda76eda3685a06e9bb68da4695bb6e5af691be699a1695bb6e1bb6e5a4,0,00c,0,0,0,0,1,0,0,0,1,0
110,110,0,c0f02c0f02c0b02c0b02c0b02c0b02c0b02c0b02c0b02c0b06c1f42d3f4fc2b02c0b02c0b02c0b02,521515515d50d4b52d4b5554d5214955d4752d5755d50551545214052d555595550d48575415354d,685a6691ad699a66eda46fda76eda3685a06e9bb68da4691bb6e1af691bb69da1691bb6e1bb6e5a5,9d26d992649b6719b66c9ba719c2679ce6d9d2679ae719ce6e9c26a9be6d9ba719aa7099a6c9ce6a,3,"WAIT",000,00b,00c,0,4,3,0,3,00b,104,0,0,0,685a6691ad699a66e9a46fda76eda3685a06e9bb68da4695bb6e5af691be699a1695bb6e1bb6e5a4,0,00c,0,0,0,0,1,0,0,0,1,0
111,111,0,c0f02c0f02c0b02c0b02c0b02c0b02c0b02c0b02c0b02c0b06c1f42d3f4fc2b02c0b02c0b02c0b02,521515515d50d4b52d4b5554d5214955d4752d5755d50551545214052d555595550d48575415354d,685a6691ad699a66eda46fda76eda3685a06e9bb68da4691bb6e1af691bb69da1691bb6e1bb6e5a5,9d26d992649b6719b66c9ba719c2679ce6d9d2679ae719ce6e9c26a9be6d9ba719aa7099a6c9ce6a,3,"WAIT",000,00b,00c,0,4,3,0,3,00b,104,0,0,0,685a6691ad699a66e9a46fda76eda3685a06e9bb68da4695bb6e5af691be699a1695bb6e1bb6e5a4,0,00c,0,0,0,0,1,0,0,0,1,0
112,112,0,c0f02c0f02c0b02c0b02c0b02c0b02c0b02c0b02c0b02c0b06c1f42d3f4fc2b02c0b02c0b02c0b02,521515515d50d4b52d4b5554d5214955d4752d5755d50551545214052d555595550d48575415354d,685a6691ad699a66eda46fda76eda3685a06e9bb68da4691bb6e1af691bb69da1691bb6e1bb6e5a5,9d26d992649b6719b66c9ba719c2679ce6d9d2679ae719ce6e9c26a9be6d9ba719aa7099a6c9ce6a,3,"WAIT",000,00b,00c,0,4,3,0,3,00b,104,0,0,0,685a6691ad699a66e9a46fda76eda3685a06e9bb68da4695bb6e5af691be699a1695bb6e1bb6e5a4,0,00c,0,0,0,0,1,0,0,0,1,0
113,113,0,c0f02c0f02c0b02c0b02c0b02c0b02c0b02c0b02c0b02c0b06c1f42d3f4fc2b02c0b02c0b02c0b02,521515515d50d4b52d4b5554d5214955d4752d5755d50551545214052d555595550d48575415354d,685a6691ad699a66eda46fda76eda3685a06e9bb68da4691bb6e1af691bb69da1691bb6e1bb6e5a5,9d26d992649b6719b66c9ba719c2679ce6d9d2679ae719ce6e9c26a9be6d9ba719aa7099a6c9ce6a,3,"WAIT",000,00b,00c,0,4,3,0,3,00b,104,0,0,0,685a6691ad699a66e9a46fda76eda3685a06e9bb68da4695bb6e5af691be699a1695bb6e1bb6e5a4,0,00c,0,0,0,0,1,0,0,0,1,0
114,114,0,c0f02c0f02c0b02c0b02c0b02c0b02c0b02c0b02c0b02c0b06c1f42d3f4fc2b02c0b02c0b02c0b02,521515515d50d4b52d4b5554d5214955d4752d5755d50551545214052d555595550d48575415354d,685a6691ad699a66eda46fda76eda3685a06e9bb68da4691bb6e1af691bb69da1691bb6e1bb6e5a5,9d26d992649b6719b66c9ba719c2679ce6d9d2679ae719ce6e9c26a9be6d9ba719aa7099a6c9ce6a,3,"WAIT",000,00b,00c,0,4,3,0,3,00b,104,0,0,0,685a6691ad699a66e9a46fda76eda3685a06e9bb68da4695bb6e5af691be699a1695bb6e1bb6e5a4,0,00c,0,0,0,0,1,0,0,0,1,0
115,115,0,c0f02c0f02c0b02c0b02c0b02c0b02c0b02c0b02c0b02c0b06c1f42d3f4fc2b02c0b02c0b02c0b02,521515515d50d4b52d4b5554d5214955d4752d5755d50551545214052d555595550d48575415354d,685a6691ad699a66eda46fda76eda3685a06e9bb68da4691bb6e1af691bb69da1691bb6e1bb6e5a5,9d26d992649b6719b66c9ba719c2679ce6d9d2679ae719ce6e9c26a9be6d9ba719aa7099a6c9ce6a,3,"WAIT",000,00b,00c,0,4,3,0,3,00b,104,0,0,0,685a6691ad699a66e9a46fda76eda3685a06e9bb68da4695bb6e5af691be699a1695bb6e1bb6e5a4,0,00c,0,0,0,0,1,0,0,0,1,0
116,116,0,c0f02c0f02c0b02c0b02c0b02c0b02c0b02c0b02c0b02c0b06c1f42d3f4fc2b02c0b02c0b02c0b02,521515515d50d4b52d4b5554d5214955d4752d5755d50551545214052d555595550d48575415354d,685a6691ad699a66eda46fda76eda3685a06e9bb68da4691bb6e1af691bb69da1691bb6e1bb6e5a5,9d26d992649b6719b66c9ba719c2679ce6d9d2679ae719ce6e9c26a9be6d9ba719aa7099a6c9ce6a,3,"WAIT",000,00b,00c,0,4,3,0,3,00b,104,0,0,0,685a6691ad699a66e9a46fda76eda3685a06e9bb68da4695bb6e5af691be699a1695bb6e1bb6e5a4,0,00c,0,0,0,0,1,0,0,0,1,0
117,117,0,c0f02c0f02c0b02c0b02c0b02c0b02c0b02c0b02c0b02c0b06c1f42d3f4fc2b02c0b02c0b02c0b02,521515515d50d4b52d4b5554d5214955d4752d5755d50551545214052d555595550d48575415354d,685a6691ad699a66eda46fda76eda3685a06e9bb68da4691bb6e1af691bb69da1691bb6e1bb6e5a5,9d26d992649b6719b66c9ba719c2679ce6d9d2679ae719ce6e9c26a9be6d9ba719aa7099a6c9ce6a,3,"WAIT",000,00b,00c,0,4,3,0,3,00b,104,0,0,0,685a6691ad699a66e9a46fda76eda3685a06e9bb68da4695bb6e5af691be699a1695bb6e1bb6e5a4,0,00c,0,0,0,0,1,0,0,0,1,0
118,118,0,c0f02c0f02c0b02c0b02c0b02c0b02c0b02c0b02c0b02c0b06c1f42d3f4fc2b02c0b02c0b02c0b02,521515515d50d4b52d4b5554d5214955d4752d5755d50551545214052d555595550d48575415354d,685a6691ad699a66eda46fda76eda3685a06e9bb68da4691bb6e1af691bb69da1691bb6e1bb6e5a5,9d26d992649b6719b66c9ba719c2679ce6d9d2679ae719ce6e9c26a9be6d9ba719aa7099a6c9ce6a,3,"WAIT",000,00b,00c,0,4,3,0,3,00b,104,0,0,0,685a6691ad699a66e9a46fda76eda3685a06e9bb68da4695bb6e5af691be699a1695bb6e1bb6e5a4,0,00c,0,0,0,0,1,0,0,0,1,0
119,119,0,c0f02c0f02c0b02c0b02c0b02c0b02c0b02c0b02c0b02c0b06c1f42d3f4fc2b02c0b02c0b02c0b02,521515515d50d4b52d4b5554d5214955d4752d5755d50551545214052d555595550d48575415354d,685a6691ad699a66eda46fda76eda3685a06e9bb68da4691bb6e1af691bb69da1691bb6e1bb6e5a5,9d26d992649b6719b66c9ba719c2679ce6d9d2679ae719ce6e9c26a9be6d9ba719aa7099a6c9ce6a,3,"WAIT",000,00b,00c,0,4,3,0,3,00b,104,0,0,0,685a6691ad699a66e9a46fda76eda3685a06e9bb68da4695bb6e5af691be699a1695bb6e1bb6e5a4,0,00c,0,0,0,0,1,0,0,0,1,0
120,120,0,c0f02c0f02c0b02c0b02c0b02c0b02c0b02c0b02c0b02c0b06c1f42d3f4fc2b02c0b02c0b02c0b02,521515515d50d4b52d4b5554d5214955d4752d5755d50551545214052d555595550d48575415354d,685a6691ad699a66eda46fda76eda3685a06e9bb68da4691bb6e1af691bb69da1691bb6e1bb6e5a5,9d26d992649b6719b66c9ba719c2679ce6d9d2679ae719ce6e9c26a9be6d9ba719aa7099a6c9ce6a,3,"WAIT",000,00b,00c,0,4,3,0,3,00b,104,0,0,0,685a6691ad699a66e9a46fda76eda3685a06e9bb68da4695bb6e5af691be699a1695bb6e1bb6e5a4,0,00c,0,0,0,0,1,0,0,0,1,0
121,121,0,c0f02c0f02c0b02c0b02c0b02c0b02c0b02c0b02c0b02c0b06c1f42d3f4fc2b02c0b02c0b02c0b02,521515515d50d4b52d4b5554d5214955d4752d5755d50551545214052d555595550d48575415354d,685a6691ad699a66eda46fda76eda3685a06e9bb68da4691bb6e1af691bb69da1691bb6e1bb6e5a5,9d26d992649b6719b66c9ba719c2679ce6d9d2679ae719ce6e9c26a9be6d9ba719aa7099a6c9ce6a,3,"WAIT",000,00b,00c,0,4,3,0,3,00b,104,0,0,0,685a6691ad699a66e9a46fda76eda3685a06e9bb68da4695bb6e5af691be699a1695bb6e1bb6e5a4,0,00c,0,0,0,0,1,0,0,0,1,0
122,122,0,c0f02c0f02c0b02c0b02c0b02c0b02c0b02c0b02c0b02c0b06c1f42d3f4fc2b02c0b02c0b02c0b02,521515515d50d4b52d4b5554d5214955d4752d5755d50551545214052d555595550d48575415354d,685a6691ad699a66eda46fda76eda3685a06e9bb68da4691bb6e1af691bb69da1691bb6e1bb6e5a5,9d26d992649b6719b66c9ba719c2679ce6d9d2679ae719ce6e9c26a9be6d9ba719aa7099a6c9ce6a,3,"WAIT",000,00b,00c,0,4,3,0,3,00b,104,0,0,0,685a6691ad699a66e9a46fda76eda3685a06e9bb68da4695bb6e5af691be699a1695bb6e1bb6e5a4,0,00c,0,0,0,0,1,0,0,0,1,0
123,123,0,c0f02c0f02c0b02c0b02c0b02c0b02c0b02c0b02c0b02c0b06c1f42d3f4fc2b02c0b02c0b02c0b02,521515515d50d4b52d4b5554d5214955d4752d5755d50551545214052d555595550d48575415354d,685a6691ad699a66eda46fda76eda3685a06e9bb68da4691bb6e1af691bb69da1691bb6e1bb6e5a5,9d26d992649b6719b66c9ba719c2679ce6d9d2679ae719ce6e9c26a9be6d9ba719aa7099a6c9ce6a,3,"WAIT",000,00b,00c,0,4,3,0,3,00b,104,0,0,0,685a6691ad699a66e9a46fda76eda3685a06e9bb68da4695bb6e5af691be699a1695bb6e1bb6e5a4,0,00c,0,0,0,0,1,0,0,0,1,0
124,124,0,c0f02c0f02c0b02c0b02c0b02c0b02c0b02c0b02c0b02c0b06c1f42d3f4fc2b02c0b02c0b02c0b02,521515515d50d4b52d4b5554d5214955d4752d5755d50551545214052d555595550d48575415354d,685a6691ad699a66eda46fda76eda3685a06e9bb68da4691bb6e1af691bb69da1691bb6e1bb6e5a5,9d26d992649b6719b66c9ba719c2679ce6d9d2679ae719ce6e9c26a9be6d9ba719aa7099a6c9ce6a,3,"WAIT",000,00b,00c,0,4,3,0,3,00b,104,0,0,0,685a6691ad699a66e9a46fda76eda3685a06e9bb68da4695bb6e5af691be699a1695bb6e1bb6e5a4,0,00c,0,0,0,0,1,0,0,0,1,0
125,125,0,c0f02c0f02c0b02c0b02c0b02c0b02c0b02c0b02c0b02c0b06c1f42d3f4fc2b02c0b02c0b02c0b02,521515515d50d4b52d4b5554d5214955d4752d5755d50551545214052d555595550d48575415354d,685a6691ad699a66eda46fda76eda3685a06e9bb68da4691bb6e1af691bb69da1691bb6e1bb6e5a5,9d26d992649b6719b66c9ba719c2679ce6d9d2679ae719ce6e9c26a9be6d9ba719aa7099a6c9ce6a,3,"WAIT",000,00b,00c,0,4,3,0,3,00b,104,0,0,0,685a6691ad699a66e9a46fda76eda3685a06e9bb68da4695bb6e5af691be699a1695bb6e1bb6e5a4,0,00c,0,0,0,0,1,0,0,0,1,0
126,126,0,c0f02c0f02c0b02c0b02c0b02c0b02c0b02c0b02c0b02c0b06c1f42d3f4fc2b02c0b02c0b02c0b02,521515515d50d4b52d4b5554d5214955d4752d5755d50551545214052d555595550d48575415354d,685a6691ad699a66eda46fda76eda3685a06e9bb68da4691bb6e1af691bb69da1691bb6e1bb6e5a5,9d26d992649b6719b66c9ba719c2679ce6d9d2679ae719ce6e9c26a9be6d9ba719aa7099a6c9ce6a,3,"WAIT",000,00b,00c,0,4,3,0,3,00b,104,0,0,0,685a6691ad699a66e9a46fda76eda3685a06e9bb68da4695bb6e5af691be699a1695bb6e1bb6e5a4,0,00c,0,0,0,0,1,0,0,0,1,0
127,127,0,c0f02c0f02c0b02c0b02c0b02c0b02c0b02c0b02c0b02c0b06c1f42d3f4fc2b02c0b02c0b02c0b02,521515515d50d4b52d4b5554d5214955d4752d5755d50551545214052d555595550d48575415354d,685a6691ad699a66eda46fda76eda3685a06e9bb68da4691bb6e1af691bb69da1691bb6e1bb6e5a5,9d26d992649b6719b66c9ba719c2679ce6d9d2679ae719ce6e9c26a9be6d9ba719aa7099a6c9ce6a,3,"WAIT",000,00b,00c,0,4,3,0,3,00b,104,0,0,0,685a6691ad699a66e9a46fda76eda3685a06e9bb68da4695bb6e5af691be699a1695bb6e1bb6e5a4,0,00c,0,0,0,0,1,0,0,0,1,0
128,128,0,c0f02c0f02c0b02c0b02c0b02c0b02c0b02c0b02c0b02c0b06c1f42d3f4fc2b02c0b02c0b02c0b02,521515515d50d4b52d4b5554d5214955d4752d5755d50551545214052d555595550d48575415354d,685a6691ad699a66eda46fda76eda3685a06e9bb68da4691bb6e1af691bb69da1691bb6e1bb6e5a5,9d26d992649b6719b66c9ba719c2679ce6d9d2679ae719ce6e9c26a9be6d9ba719aa7099a6c9ce6a,3,"WAIT",000,00b,00c,0,4,3,0,3,00b,104,0,0,0,685a6691ad699a66e9a46fda76eda3685a06e9bb68da4695bb6e5af691be699a1695bb6e1bb6e5a4,0,00c,0,0,0,0,1,0,0,0,1,0
129,129,0,c0f02c0f02c0b02c0b02c0b02c0b02c0b02c0b02c0b02c0b06c1f42d3f4fc2b02c0b02c0b02c0b02,521515515d50d4b52d4b5554d5214955d4752d5755d50551545214052d555595550d48575415354d,685a6691ad699a66eda46fda76eda3685a06e9bb68da4691bb6e1af691bb69da1691bb6e1bb6e5a5,9d26d992649b6719b66c9ba719c2679ce6d9d2679ae719ce6e9c26a9be6d9ba719aa7099a6c9ce6a,3,"WAIT",000,00b,00c,0,4,3,0,3,00b,104,0,0,0,685a6691ad699a66e9a46fda76eda3685a06e9bb68da4695bb6e5af691be699a1695bb6e1bb6e5a4,0,00c,0,0,0,0,1,0,0,0,1,0
130,130,0,c0f02c0f02c0b02c0b02c0b02c0b02c0b02c0b02c0b02c0b06c1f42d3f4fc2b02c0b02c0b02c0b02,521515515d50d4b52d4b5554d5214955d4752d5755d50551545214052d555595550d48575415354d,685a6691ad699a66eda46fda76eda3685a06e9bb68da4691bb6e1af691bb69da1691bb6e1bb6e5a5,9d26d992649b6719b66c9ba719c2679ce6d9d2679ae719ce6e9c26a9be6d9ba719aa7099a6c9ce6a,3,"WAIT",000,00b,00c,0,4,3,0,3,00b,104,0,0,0,685a6691ad699a66e9a46fda76eda3685a06e9bb68da4695bb6e5af691be699a1695bb6e1bb6e5a4,0,00c,0,0,0,0,1,0,0,0,1,0
131,131,0,c0f02c0f02c0b02c0b02c0b02c0b02c0b02c0b02c0b02c0b06c1f42d3f4fc2b02c0b02c0b02c0b02,521515515d50d4b52d4b5554d5214955d4752d5755d50551545214052d555595550d48575415354d,685a6691ad699a66eda46fda76eda3685a06e9bb68da4691bb6e1af691bb69da1691bb6e1bb6e5a5,9d26d992649b6719b66c9ba719c2679ce6d9d2679ae719ce6e9c26a9be6d9ba719aa7099a6c9ce6a,3,"WAIT",000,00b,00c,0,4,3,0,3,00b,104,0,0,0,685a6691ad699a66e9a46fda76eda3685a06e9bb68da4695bb6e5af691be699a1695bb6e1bb6e5a4,0,00c,0,0,0,0,1,0,0,0,1,0
132,132,0,c0f02c0f02c0b02c0b02c0b02c0b02c0b02c0b02c0b02c0b06c1f42d3f4fc2b02c0b02c0b02c0b02,521515515d50d4b52d4b5554d5214955d4752d5755d50551545214052d555595550d48575415354d,685a6691ad699a66eda46fda76eda3685a06e9bb68da4691bb6e1af691bb69da1691bb6e1bb6e5a5,9d26d992649b6719b66c9ba719c2679ce6d9d2679ae719ce6e9c26a9be6d9ba719aa7099a6c9ce6a,3,"WAIT",000,00b,00c,0,4,3,0,3,00b,104,0,0,0,685a6691ad699a66e9a46fda76eda3685a06e9bb68da4695bb6e5af691be699a1695bb6e1bb6e5a4,0,00c,0,0,0,0,1,0,0,0,1,0
133,133,0,c0f02c0f02c0b02c0b02c0b02c0b02c0b02c0b02c0b02c0b06c1f42d3f4fc2b02c0b02c0b02c0b02,521515515d50d4b52d4b5554d5214955d4752d5755d50551545214052d555595550d48575415354d,685a6691ad699a66eda46fda76eda3685a06e9bb68da4691bb6e1af691bb69da1691bb6e1bb6e5a5,9d26d992649b6719b66c9ba719c2679ce6d9d2679ae719ce6e9c26a9be6d9ba719aa7099a6c9ce6a,3,"WAIT",000,00b,00c,0,4,3,0,3,00b,104,0,0,0,685a6691ad699a66e9a46fda76eda3685a06e9bb68da4695bb6e5af691be699a1695bb6e1bb6e5a4,0,00c,0,0,0,0,1,0,0,0,1,0
134,134,0,c0f02c0f02c0b02c0b02c0b02c0b02c0b02c0b02c0b02c0b06c1f42d3f4fc2b02c0b02c0b02c0b02,521515515d50d4b52d4b5554d5214955d4752d5755d50551545214052d555595550d48575415354d,685a6691ad699a66eda46fda76eda3685a06e9bb68da4691bb6e1af691bb69da1691bb6e1bb6e5a5,9d26d992649b6719b66c9ba719c2679ce6d9d2679ae719ce6e9c26a9be6d9ba719aa7099a6c9ce6a,3,"WAIT",000,00b,00c,0,4,3,0,3,00b,104,0,0,0,685a6691ad699a66e9a46fda76eda3685a06e9bb68da4695bb6e5af691be699a1695bb6e1bb6e5a4,0,00c,0,0,0,0,1,0,0,0,1,0
135,135,0,c0f02c0f02c0b02c0b02c0b02c0b02c0b02c0b02c0b02c0b06c1f42d3f4fc2b02c0b02c0b02c0b02,521515515d50d4b52d4b5554d5214955d4752d5755d50551545214052d555595550d48575415354d,685a6691ad699a66eda46fda76eda3685a06e9bb68da4691bb6e1af691bb69da1691bb6e1bb6e5a5,9d26d992649b6719b66c9ba719c2679ce6d9d2679ae719ce6e9c26a9be6d9ba719aa7099a6c9ce6a,3,"WAIT",000,00b,00c,0,4,3,0,3,00b,104,0,0,0,685a6691ad699a66e9a46fda76eda3685a06e9bb68da4695bb6e5af691be699a1695bb6e1bb6e5a4,0,00c,0,0,0,0,1,0,0,0,1,0
136,136,0,c0f02c0f02c0b02c0b02c0b02c0b02c0b02c0b02c0b02c0b06c1f42d3f4fc2b02c0b02c0b02c0b02,521515515d50d4b52d4b5554d5214955d4752d5755d50551545214052d555595550d48575415354d,685a6691ad699a66eda46fda76eda3685a06e9bb68da4691bb6e1af691bb69da1691bb6e1bb6e5a5,9d26d992649b6719b66c9ba719c2679ce6d9d2679ae719ce6e9c26a9be6d9ba719aa7099a6c9ce6a,3,"WAIT",000,00b,00c,0,4,3,0,3,00b,104,0,0,0,685a6691ad699a66e9a46fda76eda3685a06e9bb68da4695bb6e5af691be699a1695bb6e1bb6e5a4,0,00c,0,0,0,0,1,0,0,0,1,0
137,137,0,c0f02c0f02c0b02c0b02c0b02c0b02c0b02c0b02c0b02c0b06c1f42d3f4fc2b02c0b02c0b02c0b02,521515515d50d4b52d4b5554d5214955d4752d5755d50551545214052d555595550d48575415354d,685a6691ad699a66eda46fda76eda3685a06e9bb68da4691bb6e1af691bb69da1691bb6e1bb6e5a5,9d26d992649b6719b66c9ba719c2679ce6d9d2679ae719ce6e9c26a9be6d9ba719aa7099a6c9ce6a,3,"WAIT",000,00b,00c,0,4,3,0,3,00b,104,0,0,0,685a6691ad699a66e9a46fda76eda3685a06e9bb68da4695bb6e5af691be699a1695bb6e1bb6e5a4,0,00c,0,0,0,0,1,0,0,0,1,0
138,138,0,c0f02c0f02c0b02c0b02c0b02c0b02c0b02c0b02c0b02c0b06c1f42d3f4fc2b02c0b02c0b02c0b02,521515515d50d4b52d4b5554d5214955d4752d5755d50551545214052d555595550d48575415354d,685a6691ad699a66eda46fda76eda3685a06e9bb68da4691bb6e1af691bb69da1691bb6e1bb6e5a5,9d26d992649b6719b66c9ba719c2679ce6d9d2679ae719ce6e9c26a9be6d9ba719aa7099a6c9ce6a,3,"WAIT",000,00b,00c,0,4,3,0,3,00b,104,0,0,0,685a6691ad699a66e9a46fda76eda3685a06e9bb68da4695bb6e5af691be699a1695bb6e1bb6e5a4,0,00c,0,0,0,0,1,0,0,0,1,0
139,139,0,c0f02c0f02c0b02c0b02c0b02c0b02c0b02c0b02c0b02c0b06c1f42d3f4fc2b02c0b02c0b02c0b02,521515515d50d4b52d4b5554d5214955d4752d5755d50551545214052d555595550d48575415354d,685a6691ad699a66eda46fda76eda3685a06e9bb68da4691bb6e1af691bb69da1691bb6e1bb6e5a5,9d26d992649b6719b66c9ba719c2679ce6d9d2679ae719ce6e9c26a9be6d9ba719aa7099a6c9ce6a,3,"WAIT",000,00b,00c,0,4,3,0,3,00b,104,0,0,0,685a6691ad699a66e9a46fda76eda3685a06e9bb68da4695bb6e5af691be699a1695bb6e1bb6e5a4,0,00c,0,0,0,0,1,0,0,0,1,0
140,140,0,c0f02c0f02c0b02c0b02c0b02c0b02c0b02c0b02c0b02c0b06c1f42d3f4fc2b02c0b02c0b02c0b02,521515515d50d4b52d4b5554d5214955d4752d5755d50551545214052d555595550d48575415354d,685a6691ad699a66eda46fda76eda3685a06e9bb68da4691bb6e1af691bb69da1691bb6e1bb6e5a5,9d26d992649b6719b66c9ba719c2679ce6d9d2679ae719ce6e9c26a9be6d9ba719aa7099a6c9ce6a,3,"WAIT",000,00b,00c,0,4,3,0,3,00b,104,0,0,0,685a6691ad699a66e9a46fda76eda3685a06e9bb68da4695bb6e5af691be699a1695bb6e1bb6e5a4,0,00c,0,0,0,0,1,0,0,0,1,0
141,141,0,c0f02c0f02c0b02c0b02c0b02c0b02c0b02c0b02c0b02c0b06c1f42d3f4fc2b02c0b02c0b02c0b02,521515515d50d4b52d4b5554d5214955d4752d5755d50551545214052d555595550d48575415354d,685a6691ad699a66eda46fda76eda3685a06e9bb68da4691bb6e1af691bb69da1691bb6e1bb6e5a5,9d26d992649b6719b66c9ba719c2679ce6d9d2679ae719ce6e9c26a9be6d9ba719aa7099a6c9ce6a,3,"WAIT",000,00b,00c,0,4,3,0,3,00b,104,0,0,0,685a6691ad699a66e9a46fda76eda3685a06e9bb68da4695bb6e5af691be699a1695bb6e1bb6e5a4,0,00c,0,0,0,0,1,0,0,0,1,0
142,142,0,c0f02c0f02c0b02c0b02c0b02c0b02c0b02c0b02c0b02c0b06c1f42d3f4fc2b02c0b02c0b02c0b02,521515515d50d4b52d4b5554d5214955d4752d5755d50551545214052d555595550d48575415354d,685a6691ad699a66eda46fda76eda3685a06e9bb68da4691bb6e1af691bb69da1691bb6e1bb6e5a5,9d26d992649b6719b66c9ba719c2679ce6d9d2679ae719ce6e9c26a9be6d9ba719aa7099a6c9ce6a,3,"WAIT",000,00b,00c,0,4,3,0,3,00b,104,0,0,0,685a6691ad699a66e9a46fda76eda3685a06e9bb68da4695bb6e5af691be699a1695bb6e1bb6e5a4,0,00c,0,0,0,0,1,0,0,0,1,0
143,143,0,c0f02c0f02c0b02c0b02c0b02c0b02c0b02c0b02c0b02c0b06c1f42d3f4fc2b02c0b02c0b02c0b02,521515515d50d4b52d4b5554d5214955d4752d5755d50551545214052d555595550d48575415354d,685a6691ad699a66eda46fda76eda3685a06e9bb68da4691bb6e1af691bb69da1691bb6e1bb6e5a5,9d26d992649b6719b66c9ba719c2679ce6d9d2679ae719ce6e9c26a9be6d9ba719aa7099a6c9ce6a,3,"WAIT",000,00b,00c,0,4,3,0,3,00b,104,0,0,0,685a6691ad699a66e9a46fda76eda3685a06e9bb68da4695bb6e5af691be699a1695bb6e1bb6e5a4,0,00c,0,0,0,0,1,0,0,0,1,0
144,144,0,c0f02c0f02c0b02c0b02c0b02c0b02c0b02c0b02c0b02c0b06c1f42d3f4fc2b02c0b02c0b02c0b02,521515515d50d4b52d4b5554d5214955d4752d5755d50551545214052d555595550d48575415354d,685a6691ad699a66eda46fda76eda3685a06e9bb68da4691bb6e1af691bb69da1691bb6e1bb6e5a5,9d26d992649b6719b66c9ba719c2679ce6d9d2679ae719ce6e9c26a9be6d9ba719aa7099a6c9ce6a,3,"WAIT",000,00b,00c,0,4,3,0,3,00b,104,0,0,0,685a6691ad699a66e9a46fda76eda3685a06e9bb68da4695bb6e5af691be699a1695bb6e1bb6e5a4,0,00c,0,0,0,0,1,0,0,0,1,0
145,145,0,c0f02c0f02c0b02c0b02c0b02c0b02c0b02c0b02c0b02c0b06c1f42d3f4fc2b02c0b02c0b02c0b02,521515515d50d4b52d4b5554d5214955d4752d5755d50551545214052d555595550d48575415354d,685a6691ad699a66eda46fda76eda3685a06e9bb68da4691bb6e1af691bb69da1691bb6e1bb6e5a5,9d26d992649b6719b66c9ba719c2679ce6d9d2679ae719ce6e9c26a9be6d9ba719aa7099a6c9ce6a,3,"WAIT",000,00b,00c,0,4,3,0,3,00b,104,0,0,0,685a6691ad699a66e9a46fda76eda3685a06e9bb68da4695bb6e5af691be699a1695bb6e1bb6e5a4,0,00c,0,0,0,0,1,0,0,0,1,0
146,146,0,c0f02c0f02c0b02c0b02c0b02c0b02c0b02c0b02c0b02c0b06c1f42d3f4fc2b02c0b02c0b02c0b02,521515515d50d4b52d4b5554d5214955d4752d5755d50551545214052d555595550d48575415354d,685a6691ad699a66eda46fda76eda3685a06e9bb68da4691bb6e1af691bb69da1691bb6e1bb6e5a5,9d26d992649b6719b66c9ba719c2679ce6d9d2679ae719ce6e9c26a9be6d9ba719aa7099a6c9ce6a,3,"WAIT",000,00b,00c,0,4,3,0,3,00b,104,0,0,0,685a6691ad699a66e9a46fda76eda3685a06e9bb68da4695bb6e5af691be699a1695bb6e1bb6e5a4,0,00c,0,0,0,0,1,0,0,0,1,0
147,147,0,c0f02c0f02c0b02c0b02c0b02c0b02c0b02c0b02c0b02c0b06c1f42d3f4fc2b02c0b02c0b02c0b02,521515515d50d4b52d4b5554d5214955d4752d5755d50551545214052d555595550d48575415354d,685a6691ad699a66eda46fda76eda3685a06e9bb68da4691bb6e1af691bb69da1691bb6e1bb6e5a5,9d26d992649b6719b66c9ba719c2679ce6d9d2679ae719ce6e9c26a9be6d9ba719aa7099a6c9ce6a,3,"WAIT",000,00b,00c,0,4,3,0,3,00b,104,0,0,0,685a6691ad699a66e9a46fda76eda3685a06e9bb68da4695bb6e5af691be699a1695bb6e1bb6e5a4,0,00c,0,0,0,0,1,0,0,0,1,0
148,148,0,c0f02c0f02c0b02c0b02c0b02c0b02c0b02c0b02c0b02c0b06c1f42d3f4fc2b02c0b02c0b02c0b02,521515515d50d4b52d4b5554d5214955d4752d5755d50551545214052d555595550d48575415354d,685a6691ad699a66eda46fda76eda3685a06e9bb68da4691bb6e1af691bb69da1691bb6e1bb6e5a5,9d26d992649b6719b66c9ba719c2679ce6d9d2679ae719ce6e9c26a9be6d9ba719aa7099a6c9ce6a,3,"WAIT",000,00b,00c,0,4,3,0,3,00b,104,0,0,0,685a6691ad699a66e9a46fda76eda3685a06e9bb68da4695bb6e5af691be699a1695bb6e1bb6e5a4,0,00c,0,0,0,0,1,0,0,0,1,0
149,149,0,c0f02c0f02c0b02c0b02c0b02c0b02c0b02c0b02c0b02c0b06c1f42d3f4fc2b02c0b02c0b02c0b02,521515515d50d4b52d4b5554d5214955d4752d5755d50551545214052d555595550d48575415354d,685a6691ad699a66eda46fda76eda3685a06e9bb68da4691bb6e1af691bb69da1691bb6e1bb6e5a5,9d26d992649b6719b66c9ba719c2679ce6d9d2679ae719ce6e9c26a9be6d9ba719aa7099a6c9ce6a,3,"WAIT",000,00b,00c,0,4,3,0,3,00b,104,0,0,0,685a6691ad699a66e9a46fda76eda3685a06e9bb68da4695bb6e5af691be699a1695bb6e1bb6e5a4,0,00c,0,0,0,0,1,0,0,0,1,0
150,150,0,c0f02c0f02c0b02c0b02c0b02c0b02c0b02c0b02c0b02c0b06c1f42d3f4fc2b02c0b02c0b02c0b02,521515515d50d4b52d4b5554d5214955d4752d5755d50551545214052d555595550d48575415354d,685a6691ad699a66eda46fda76eda3685a06e9bb68da4691bb6e1af691bb69da1691bb6e1bb6e5a5,9d26d992649b6719b66c9ba719c2679ce6d9d2679ae719ce6e9c26a9be6d9ba719aa7099a6c9ce6a,3,"WAIT",000,00b,00c,0,4,3,0,3,00b,104,0,0,0,685a6691ad699a66e9a46fda76eda3685a06e9bb68da4695bb6e5af691be699a1695bb6e1bb6e5a4,0,00c,0,0,0,0,1,0,0,0,1,0
151,151,0,c0f02c0f02c0b02c0b02c0b02c0b02c0b02c0b02c0b02c0b06c1f42d3f4fc2b02c0b02c0b02c0b02,521515515d50d4b52d4b5554d5214955d4752d5755d50551545214052d555595550d48575415354d,685a6691ad699a66eda46fda76eda3685a06e9bb68da4691bb6e1af691bb69da1691bb6e1bb6e5a5,9d26d992649b6719b66c9ba719c2679ce6d9d2679ae719ce6e9c26a9be6d9ba719aa7099a6c9ce6a,3,"WAIT",000,00b,00c,0,4,3,0,3,00b,104,0,0,0,685a6691ad699a66e9a46fda76eda3685a06e9bb68da4695bb6e5af691be699a1695bb6e1bb6e5a4,0,00c,0,0,0,0,1,0,0,0,1,0
152,152,0,c0f02c0f02c0b02c0b02c0b02c0b02c0b02c0b02c0b02c0b06c1f42d3f4fc2b02c0b02c0b02c0b02,521515515d50d4b52d4b5554d5214955d4752d5755d50551545214052d555595550d48575415354d,685a6691ad699a66eda46fda76eda3685a06e9bb68da4691bb6e1af691bb69da1691bb6e1bb6e5a5,9d26d992649b6719b66c9ba719c2679ce6d9d2679ae719ce6e9c26a9be6d9ba719aa7099a6c9ce6a,3,"WAIT",000,00b,00c,0,4,3,0,3,00b,104,0,0,0,685a6691ad699a66e9a46fda76eda3685a06e9bb68da4695bb6e5af691be699a1695bb6e1bb6e5a4,0,00c,0,0,0,0,1,0,0,0,1,0
153,153,0,c0f02c0f02c0b02c0b02c0b02c0b02c0b02c0b02c0b02c0b06c1f42d3f4fc2b02c0b02c0b02c0b02,521515515d50d4b52d4b5554d5214955d4752d5755d50551545214052d555595550d48575415354d,685a6691ad699a66eda46fda76eda3685a06e9bb68da4691bb6e1af691bb69da1691bb6e1bb6e5a5,9d26d992649b6719b66c9ba719c2679ce6d9d2679ae719ce6e9c26a9be6d9ba719aa7099a6c9ce6a,3,"WAIT",000,00b,00c,0,4,3,0,3,00b,104,0,0,0,685a6691ad699a66e9a46fda76eda3685a06e9bb68da4695bb6e5af691be699a1695bb6e1bb6e5a4,0,00c,0,0,0,0,1,0,0,0,1,0
154,154,0,c0f02c0f02c0b02c0b02c0b02c0b02c0b02c0b02c0b02c0b06c1f42d3f4fc2b02c0b02c0b02c0b02,521515515d50d4b52d4b5554d5214955d4752d5755d50551545214052d555595550d48575415354d,685a6691ad699a66eda46fda76eda3685a06e9bb68da4691bb6e1af691bb69da1691bb6e1bb6e5a5,9d26d992649b6719b66c9ba719c2679ce6d9d2679ae719ce6e9c26a9be6d9ba719aa7099a6c9ce6a,3,"WAIT",000,00b,00c,0,4,3,0,3,00b,104,0,0,0,685a6691ad699a66e9a46fda76eda3685a06e9bb68da4695bb6e5af691be699a1695bb6e1bb6e5a4,0,00c,0,0,0,0,1,0,0,0,1,0
155,155,0,c0f02c0f02c0b02c0b02c0b02c0b02c0b02c0b02c0b02c0b06c1f42d3f4fc2b02c0b02c0b02c0b02,521515515d50d4b52d4b5554d5214955d4752d5755d50551545214052d555595550d48575415354d,685a6691ad699a66eda46fda76eda3685a06e9bb68da4691bb6e1af691bb69da1691bb6e1bb6e5a5,9d26d992649b6719b66c9ba719c2679ce6d9d2679ae719ce6e9c26a9be6d9ba719aa7099a6c9ce6a,3,"WAIT",000,00b,00c,0,4,3,0,3,00b,104,0,0,0,685a6691ad699a66e9a46fda76eda3685a06e9bb68da4695bb6e5af691be699a1695bb6e1bb6e5a4,0,00c,0,0,0,0,1,0,0,0,1,0
156,156,0,c0f02c0f02c0b02c0b02c0b02c0b02c0b02c0b02c0b02c0b06c1f42d3f4fc2b02c0b02c0b02c0b02,521515515d50d4b52d4b5554d5214955d4752d5755d50551545214052d555595550d48575415354d,685a6691ad699a66eda46fda76eda3685a06e9bb68da4691bb6e1af691bb69da1691bb6e1bb6e5a5,9d26d992649b6719b66c9ba719c2679ce6d9d2679ae719ce6e9c26a9be6d9ba719aa7099a6c9ce6a,3,"WAIT",000,00b,00c,0,4,3,0,3,00b,104,0,0,0,685a6691ad699a66e9a46fda76eda3685a06e9bb68da4695bb6e5af691be699a1695bb6e1bb6e5a4,0,00c,0,0,0,0,1,0,0,0,1,0
157,157,0,c0f02c0f02c0b02c0b02c0b02c0b02c0b02c0b02c0b02c0b06c1f42d3f4fc2b02c0b02c0b02c0b02,521515515d50d4b52d4b5554d5214955d4752d5755d50551545214052d555595550d48575415354d,685a6691ad699a66eda46fda76eda3685a06e9bb68da4691bb6e1af691bb69da1691bb6e1bb6e5a5,9d26d992649b6719b66c9ba719c2679ce6d9d2679ae719ce6e9c26a9be6d9ba719aa7099a6c9ce6a,3,"WAIT",000,00b,00c,0,4,3,0,3,00b,104,0,0,0,685a6691ad699a66e9a46fda76eda3685a06e9bb68da4695bb6e5af691be699a1695bb6e1bb6e5a4,0,00c,0,0,0,0,1,0,0,0,1,0
158,158,0,c0f02c0f02c0b02c0b02c0b02c0b02c0b02c0b02c0b02c0b06c1f42d3f4fc2b02c0b02c0b02c0b02,521515515d50d4b52d4b5554d5214955d4752d5755d50551545214052d555595550d48575415354d,685a6691ad699a66eda46fda76eda3685a06e9bb68da4691bb6e1af691bb69da1691bb6e1bb6e5a5,9d26d992649b6719b66c9ba719c2679ce6d9d2679ae719ce6e9c26a9be6d9ba719aa7099a6c9ce6a,3,"WAIT",000,00b,00c,0,4,3,0,3,00b,104,0,0,0,685a6691ad699a66e9a46fda76eda3685a06e9bb68da4695bb6e5af691be699a1695bb6e1bb6e5a4,0,00c,0,0,0,0,1,0,0,0,1,0
159,159,0,c0f02c0f02c0b02c0b02c0b02c0b02c0b02c0b02c0b02c0b06c1f42d3f4fc2b02c0b02c0b02c0b02,521515515d50d4b52d4b5554d5214955d4752d5755d50551545214052d555595550d48575415354d,685a6691ad699a66eda46fda76eda3685a06e9bb68da4691bb6e1af691bb69da1691bb6e1bb6e5a5,9d26d992649b6719b66c9ba719c2679ce6d9d2679ae719ce6e9c26a9be6d9ba719aa7099a6c9ce6a,3,"WAIT",000,00b,00c,0,4,3,0,3,00b,104,0,0,0,685a6691ad699a66e9a46fda76eda3685a06e9bb68da4695bb6e5af691be699a1695bb6e1bb6e5a4,0,00c,0,0,0,0,1,0,0,0,1,0
160,160,0,c0f02c0f02c0b02c0b02c0b02c0b02c0b02c0b02c0b02c0b06c1f42d3f4fc2b02c0b02c0b02c0b02,521515515d50d4b52d4b5554d5214955d4752d5755d50551545214052d555595550d48575415354d,685a6691ad699a66eda46fda76eda3685a06e9bb68da4691bb6e1af691bb69da1691bb6e1bb6e5a5,9d26d992649b6719b66c9ba719c2679ce6d9d2679ae719ce6e9c26a9be6d9ba719aa7099a6c9ce6a,3,"WAIT",000,00b,00c,0,4,3,0,3,00b,104,0,0,0,685a6691ad699a66e9a46fda76eda3685a06e9bb68da4695bb6e5af691be699a1695bb6e1bb6e5a4,0,00c,0,0,0,0,1,0,0,0,1,0
161,161,0,c0f02c0f02c0b02c0b02c0b02c0b02c0b02c0b02c0b02c0b06c1f42d3f4fc2b02c0b02c0b02c0b02,521515515d50d4b52d4b5554d5214955d4752d5755d50551545214052d555595550d48575415354d,685a6691ad699a66eda46fda76eda3685a06e9bb68da4691bb6e1af691bb69da1691bb6e1bb6e5a5,9d26d992649b6719b66c9ba719c2679ce6d9d2679ae719ce6e9c26a9be6d9ba719aa7099a6c9ce6a,3,"WAIT",000,00b,00c,0,4,3,0,3,00b,104,0,0,0,685a6691ad699a66e9a46fda76eda3685a06e9bb68da4695bb6e5af691be699a1695bb6e1bb6e5a4,0,00c,0,0,0,0,1,0,0,0,1,0
162,162,0,c0f02c0f02c0b02c0b02c0b02c0b02c0b02c0b02c0b02c0b06c1f42d3f4fc2b02c0b02c0b02c0b02,521515515d50d4b52d4b5554d5214955d4752d5755d50551545214052d555595550d48575415354d,685a6691ad699a66eda46fda76eda3685a06e9bb68da4691bb6e1af691bb69da1691bb6e1bb6e5a5,9d26d992649b6719b66c9ba719c2679ce6d9d2679ae719ce6e9c26a9be6d9ba719aa7099a6c9ce6a,3,"WAIT",000,00b,00c,0,4,3,0,3,00b,104,0,0,0,685a6691ad699a66e9a46fda76eda3685a06e9bb68da4695bb6e5af691be699a1695bb6e1bb6e5a4,0,00c,0,0,0,0,1,0,0,0,1,0
163,163,0,c0f02c0f02c0b02c0b02c0b02c0b02c0b02c0b02c0b02c0b06c1f42d3f4fc2b02c0b02c0b02c0b02,521515515d50d4b52d4b5554d5214955d4752d5755d50551545214052d555595550d48575415354d,685a6691ad699a66eda46fda76eda3685a06e9bb68da4691bb6e1af691bb69da1691bb6e1bb6e5a5,9d26d992649b6719b66c9ba719c2679ce6d9d2679ae719ce6e9c26a9be6d9ba719aa7099a6c9ce6a,3,"WAIT",000,00b,00c,0,4,3,0,3,00b,104,0,0,0,685a6691ad699a66e9a46fda76eda3685a06e9bb68da4695bb6e5af691be699a1695bb6e1bb6e5a4,0,00c,0,0,0,0,1,0,0,0,1,0
164,164,0,c0f02c0f02c0b02c0b02c0b02c0b02c0b02c0b02c0b02c0b06c1f42d3f4fc2b02c0b02c0b02c0b02,521515515d50d4b52d4b5554d5214955d4752d5755d50551545214052d555595550d48575415354d,685a6691ad699a66eda46fda76eda3685a06e9bb68da4691bb6e1af691bb69da1691bb6e1bb6e5a5,9d26d992649b6719b66c9ba719c2679ce6d9d2679ae719ce6e9c26a9be6d9ba719aa7099a6c9ce6a,3,"WAIT",000,00b,00c,0,4,3,0,3,00b,104,0,0,0,685a6691ad699a66e9a46fda76eda3685a06e9bb68da4695bb6e5af691be699a1695bb6e1bb6e5a4,0,00c,0,0,0,0,1,0,0,0,1,0
165,165,0,c0f02c0f02c0b02c0b02c0b02c0b02c0b02c0b02c0b02c0b06c1f42d3f4fc2b02c0b02c0b02c0b02,521515515d50d4b52d4b5554d5214955d4752d5755d50551545214052d555595550d48575415354d,685a6691ad699a66eda46fda76eda3685a06e9bb68da4691bb6e1af691bb69da1691bb6e1bb6e5a5,9d26d992649b6719b66c9ba719c2679ce6d9d2679ae719ce6e9c26a9be6d9ba719aa7099a6c9ce6a,3,"WAIT",000,00b,00c,0,4,3,0,3,00b,104,0,0,0,685a6691ad699a66e9a46fda76eda3685a06e9bb68da4695bb6e5af691be699a1695bb6e1bb6e5a4,0,00c,0,0,0,0,1,0,0,0,1,0
166,166,0,c0f02c0f02c0b02c0b02c0b02c0b02c0b02c0b02c0b02c0b06c1f42d3f4fc2b02c0b02c0b02c0b02,521515515d50d4b52d4b5554d5214955d4752d5755d50551545214052d555595550d48575415354d,685a6691ad699a66eda46fda76eda3685a06e9bb68da4691bb6e1af691bb69da1691bb6e1bb6e5a5,9d26d992649b6719b66c9ba719c2679ce6d9d2679ae719ce6e9c26a9be6d9ba719aa7099a6c9ce6a,3,"WAIT",000,00b,00c,0,4,3,0,3,00b,104,0,0,0,685a6691ad699a66e9a46fda76eda3685a06e9bb68da4695bb6e5af691be699a1695bb6e1bb6e5a4,0,00c,0,0,0,0,1,0,0,0,1,0
167,167,0,c0f02c0f02c0b02c0b02c0b02c0b02c0b02c0b02c0b02c0b06c1f42d3f4fc2b02c0b02c0b02c0b02,521515515d50d4b52d4b5554d5214955d4752d5755d50551545214052d555595550d48575415354d,685a6691ad699a66eda46fda76eda3685a06e9bb68da4691bb6e1af691bb69da1691bb6e1bb6e5a5,9d26d992649b6719b66c9ba719c2679ce6d9d2679ae719ce6e9c26a9be6d9ba719aa7099a6c9ce6a,3,"WAIT",000,00b,00c,0,4,3,0,3,00b,104,0,0,0,685a6691ad699a66e9a46fda76eda3685a06e9bb68da4695bb6e5af691be699a1695bb6e1bb6e5a4,0,00c,0,0,0,0,1,0,0,0,1,0
168,168,0,c0f02c0f02c0b02c0b02c0b02c0b02c0b02c0b02c0b02c0b06c1f42d3f4fc2b02c0b02c0b02c0b02,521515515d50d4b52d4b5554d5214955d4752d5755d50551545214052d555595550d48575415354d,685a6691ad699a66eda46fda76eda3685a06e9bb68da4691bb6e1af691bb69da1691bb6e1bb6e5a5,9d26d992649b6719b66c9ba719c2679ce6d9d2679ae719ce6e9c26a9be6d9ba719aa7099a6c9ce6a,3,"WAIT",000,00b,00c,0,4,3,0,3,00b,104,0,0,0,685a6691ad699a66e9a46fda76eda3685a06e9bb68da4695bb6e5af691be699a1695bb6e1bb6e5a4,0,00c,0,0,0,0,1,0,0,0,1,0
169,169,0,c0f02c0f02c0b02c0b02c0b02c0b02c0b02c0b02c0b02c0b06c1f42d3f4fc2b02c0b02c0b02c0b02,521515515d50d4b52d4b5554d5214955d4752d5755d50551545214052d555595550d48575415354d,685a6691ad699a66eda46fda76eda3685a06e9bb68da4691bb6e1af691bb69da1691bb6e1bb6e5a5,9d26d992649b6719b66c9ba719c2679ce6d9d2679ae719ce6e9c26a9be6d9ba719aa7099a6c9ce6a,3,"WAIT",000,00b,00c,0,4,3,0,3,00b,104,0,0,0,685a6691ad699a66e9a46fda76eda3685a06e9bb68da4695bb6e5af691be699a1695bb6e1bb6e5a4,0,00c,0,0,0,0,1,0,0,0,1,0
170,170,0,c0f02c0f02c0b02c0b02c0b02c0b02c0b02c0b02c0b02c0b06c1f42d3f4fc2b02c0b02c0b02c0b02,521515515d50d4b52d4b5554d5214955d4752d5755d50551545214052d555595550d48575415354d,685a6691ad699a66eda46fda76eda3685a06e9bb68da4691bb6e1af691bb69da1691bb6e1bb6e5a5,9d26d992649b6719b66c9ba719c2679ce6d9d2679ae719ce6e9c26a9be6d9ba719aa7099a6c9ce6a,3,"WAIT",000,00b,00c,0,4,3,0,3,00b,104,0,0,0,685a6691ad699a66e9a46fda76eda3685a06e9bb68da4695bb6e5af691be699a1695bb6e1bb6e5a4,0,00c,0,0,0,0,1,0,0,0,1,0
171,171,0,c0f02c0f02c0b02c0b02c0b02c0b02c0b02c0b02c0b02c0b06c1f42d3f4fc2b02c0b02c0b02c0b02,521515515d50d4b52d4b5554d5214955d4752d5755d50551545214052d555595550d48575415354d,685a6691ad699a66eda46fda76eda3685a06e9bb68da4691bb6e1af691bb69da1691bb6e1bb6e5a5,9d26d992649b6719b66c9ba719c2679ce6d9d2679ae719ce6e9c26a9be6d9ba719aa7099a6c9ce6a,3,"WAIT",000,00b,00c,0,4,3,0,3,00b,104,0,0,0,685a6691ad699a66e9a46fda76eda3685a06e9bb68da4695bb6e5af691be699a1695bb6e1bb6e5a4,0,00c,0,0,0,0,1,0,0,0,1,0
172,172,0,c0f02c0f02c0b02c0b02c0b02c0b02c0b02c0b02c0b02c0b06c1f42d3f4fc2b02c0b02c0b02c0b02,521515515d50d4b52d4b5554d5214955d4752d5755d50551545214052d555595550d48575415354d,685a6691ad699a66eda46fda76eda3685a06e9bb68da4691bb6e1af691bb69da1691bb6e1bb6e5a5,9d26d992649b6719b66c9ba719c2679ce6d9d2679ae719ce6e9c26a9be6d9ba719aa7099a6c9ce6a,3,"WAIT",000,00b,00c,0,4,3,0,3,00b,104,0,0,0,685a6691ad699a66e9a46fda76eda3685a06e9bb68da4695bb6e5af691be699a1695bb6e1bb6e5a4,0,00c,0,0,0,0,1,0,0,0,1,0
173,173,0,c0f02c0f02c0b02c0b02c0b02c0b02c0b02c0b02c0b02c0b06c1f42d3f4fc2b02c0b02c0b02c0b02,521515515d50d4b52d4b5554d5214955d4752d5755d50551545214052d555595550d48575415354d,685a6691ad699a66eda46fda76eda3685a06e9bb68da4691bb6e1af691bb69da1691bb6e1bb6e5a5,9d26d992649b6719b66c9ba719c2679ce6d9d2679ae719ce6e9c26a9be6d9ba719aa7099a6c9ce6a,3,"WAIT",000,00b,00c,0,4,3,0,3,00b,104,0,0,0,685a6691ad699a66e9a46fda76eda3685a06e9bb68da4695bb6e5af691be699a1695bb6e1bb6e5a4,0,00c,0,0,0,0,1,0,0,0,1,0
174,174,0,c0f02c0f02c0b02c0b02c0b02c0b02c0b02c0b02c0b02c0b06c1f42d3f4fc2b02c0b02c0b02c0b02,521515515d50d4b52d4b5554d5214955d4752d5755d50551545214052d555595550d48575415354d,685a6691ad699a66eda46fda76eda3685a06e9bb68da4691bb6e1af691bb69da1691bb6e1bb6e5a5,9d26d992649b6719b66c9ba719c2679ce6d9d2679ae719ce6e9c26a9be6d9ba719aa7099a6c9ce6a,3,"WAIT",000,00b,00c,0,4,3,0,3,00b,104,0,0,0,685a6691ad699a66e9a46fda76eda3685a06e9bb68da4695bb6e5af691be699a1695bb6e1bb6e5a4,0,00c,0,0,0,0,1,0,0,0,1,0
175,175,0,c0f02c0f02c0b02c0b02c0b02c0b02c0b02c0b02c0b02c0b06c1f42d3f4fc2b02c0b02c0b02c0b02,521515515d50d4b52d4b5554d5214955d4752d5755d50551545214052d555595550d48575415354d,685a6691ad699a66eda46fda76eda3685a06e9bb68da4691bb6e1af691bb69da1691bb6e1bb6e5a5,9d26d992649b6719b66c9ba719c2679ce6d9d2679ae719ce6e9c26a9be6d9ba719aa7099a6c9ce6a,3,"WAIT",000,00b,00c,0,4,3,0,3,00b,104,0,0,0,685a6691ad699a66e9a46fda76eda3685a06e9bb68da4695bb6e5af691be699a1695bb6e1bb6e5a4,0,00c,0,0,0,0,1,0,0,0,1,0
176,176,0,c0f02c0f02c0b02c0b02c0b02c0b02c0b02c0b02c0b02c0b06c1f42d3f4fc2b02c0b02c0b02c0b02,521515515d50d4b52d4b5554d5214955d4752d5755d50551545214052d555595550d48575415354d,685a6691ad699a66eda46fda76eda3685a06e9bb68da4691bb6e1af691bb69da1691bb6e1bb6e5a5,9d26d992649b6719b66c9ba719c2679ce6d9d2679ae719ce6e9c26a9be6d9ba719aa7099a6c9ce6a,3,"WAIT",000,00b,00c,0,4,3,0,3,00b,104,0,0,0,685a6691ad699a66e9a46fda76eda3685a06e9bb68da4695bb6e5af691be699a1695bb6e1bb6e5a4,0,00c,0,0,0,0,1,0,0,0,1,0
177,177,0,c0f02c0f02c0b02c0b02c0b02c0b02c0b02c0b02c0b02c0b06c1f42d3f4fc2b02c0b02c0b02c0b02,521515515d50d4b52d4b5554d5214955d4752d5755d50551545214052d555595550d48575415354d,685a6691ad699a66eda46fda76eda3685a06e9bb68da4691bb6e1af691bb69da1691bb6e1bb6e5a5,9d26d992649b6719b66c9ba719c2679ce6d9d2679ae719ce6e9c26a9be6d9ba719aa7099a6c9ce6a,3,"WAIT",000,00b,00c,0,4,3,0,3,00b,104,0,0,0,685a6691ad699a66e9a46fda76eda3685a06e9bb68da4695bb6e5af691be699a1695bb6e1bb6e5a4,0,00c,0,0,0,0,1,0,0,0,1,0
178,178,0,c0f02c0f02c0b02c0b02c0b02c0b02c0b02c0b02c0b02c0b06c1f42d3f4fc2b02c0b02c0b02c0b02,521515515d50d4b52d4b5554d5214955d4752d5755d50551545214052d555595550d48575415354d,685a6691ad699a66eda46fda76eda3685a06e9bb68da4691bb6e1af691bb69da1691bb6e1bb6e5a5,9d26d992649b6719b66c9ba719c2679ce6d9d2679ae719ce6e9c26a9be6d9ba719aa7099a6c9ce6a,3,"WAIT",000,00b,00c,0,4,3,0,3,00b,104,0,0,0,685a6691ad699a66e9a46fda76eda3685a06e9bb68da4695bb6e5af691be699a1695bb6e1bb6e5a4,0,00c,0,0,0,0,1,0,0,0,1,0
179,179,0,c0f02c0f02c0b02c0b02c0b02c0b02c0b02c0b02c0b02c0b06c1f42d3f4fc2b02c0b02c0b02c0b02,521515515d50d4b52d4b5554d5214955d4752d5755d50551545214052d555595550d48575415354d,685a6691ad699a66eda46fda76eda3685a06e9bb68da4691bb6e1af691bb69da1691bb6e1bb6e5a5,9d26d992649b6719b66c9ba719c2679ce6d9d2679ae719ce6e9c26a9be6d9ba719aa7099a6c9ce6a,3,"WAIT",000,00b,00c,0,4,3,0,3,00b,104,0,0,0,685a6691ad699a66e9a46fda76eda3685a06e9bb68da4695bb6e5af691be699a1695bb6e1bb6e5a4,0,00c,0,0,0,0,1,0,0,0,1,0
180,180,0,c0f02c0f02c0b02c0b02c0b02c0b02c0b02c0b02c0b02c0b06c1f42d3f4fc2b02c0b02c0b02c0b02,521515515d50d4b52d4b5554d5214955d4752d5755d50551545214052d555595550d48575415354d,685a6691ad699a66eda46fda76eda3685a06e9bb68da4691bb6e1af691bb69da1691bb6e1bb6e5a5,9d26d992649b6719b66c9ba719c2679ce6d9d2679ae719ce6e9c26a9be6d9ba719aa7099a6c9ce6a,3,"WAIT",000,00b,00c,0,4,3,0,3,00b,104,0,0,0,685a6691ad699a66e9a46fda76eda3685a06e9bb68da4695bb6e5af691be699a1695bb6e1bb6e5a4,0,00c,0,0,0,0,1,0,0,0,1,0
181,181,0,c0f02c0f02c0b02c0b02c0b02c0b02c0b02c0b02c0b02c0b06c1f42d3f4fc2b02c0b02c0b02c0b02,521515515d50d4b52d4b5554d5214955d4752d5755d50551545214052d555595550d48575415354d,685a6691ad699a66eda46fda76eda3685a06e9bb68da4691bb6e1af691bb69da1691bb6e1bb6e5a5,9d26d992649b6719b66c9ba719c2679ce6d9d2679ae719ce6e9c26a9be6d9ba719aa7099a6c9ce6a,3,"WAIT",000,00b,00c,0,4,3,0,3,00b,104,0,0,0,685a6691ad699a66e9a46fda76eda3685a06e9bb68da4695bb6e5af691be699a1695bb6e1bb6e5a4,0,00c,0,0,0,0,1,0,0,0,1,0
182,182,0,c0f02c0f02c0b02c0b02c0b02c0b02c0b02c0b02c0b02c0b06c1f42d3f4fc2b02c0b02c0b02c0b02,521515515d50d4b52d4b5554d5214955d4752d5755d50551545214052d555595550d48575415354d,685a6691ad699a66eda46fda76eda3685a06e9bb68da4691bb6e1af691bb69da1691bb6e1bb6e5a5,9d26d992649b6719b66c9ba719c2679ce6d9d2679ae719ce6e9c26a9be6d9ba719aa7099a6c9ce6a,3,"WAIT",000,00b,00c,0,4,3,0,3,00b,104,0,0,0,685a6691ad699a66e9a46fda76eda3685a06e9bb68da4695bb6e5af691be699a1695bb6e1bb6e5a4,0,00c,0,0,0,0,1,0,0,0,1,0
183,183,0,c0f02c0f02c0b02c0b02c0b02c0b02c0b02c0b02c0b02c0b06c1f42d3f4fc2b02c0b02c0b02c0b02,521515515d50d4b52d4b5554d5214955d4752d5755d50551545214052d555595550d48575415354d,685a6691ad699a66eda46fda76eda3685a06e9bb68da4691bb6e1af691bb69da1691bb6e1bb6e5a5,9d26d992649b6719b66c9ba719c2679ce6d9d2679ae719ce6e9c26a9be6d9ba719aa7099a6c9ce6a,3,"WAIT",000,00b,00c,0,4,3,0,3,00b,104,0,0,0,685a6691ad699a66e9a46fda76eda3685a06e9bb68da4695bb6e5af691be699a1695bb6e1bb6e5a4,0,00c,0,0,0,0,1,0,0,0,1,0
184,184,0,c0f02c0f02c0b02c0b02c0b02c0b02c0b02c0b02c0b02c0b06c1f42d3f4fc2b02c0b02c0b02c0b02,521515515d50d4b52d4b5554d5214955d4752d5755d50551545214052d555595550d48575415354d,685a6691ad699a66eda46fda76eda3685a06e9bb68da4691bb6e1af691bb69da1691bb6e1bb6e5a5,9d26d992649b6719b66c9ba719c2679ce6d9d2679ae719ce6e9c26a9be6d9ba719aa7099a6c9ce6a,3,"WAIT",000,00b,00c,0,4,3,0,3,00b,104,0,0,0,685a6691ad699a66e9a46fda76eda3685a06e9bb68da4695bb6e5af691be699a1695bb6e1bb6e5a4,0,00c,0,0,0,0,1,0,0,0,1,0
185,185,0,c0f02c0f02c0b02c0b02c0b02c0b02c0b02c0b02c0b02c0b06c1f42d3f4fc2b02c0b02c0b02c0b02,521515515d50d4b52d4b5554d5214955d4752d5755d50551545214052d555595550d48575415354d,685a6691ad699a66eda46fda76eda3685a06e9bb68da4691bb6e1af691bb69da1691bb6e1bb6e5a5,9d26d992649b6719b66c9ba719c2679ce6d9d2679ae719ce6e9c26a9be6d9ba719aa7099a6c9ce6a,3,"WAIT",000,00b,00c,0,4,3,0,3,00b,104,0,0,0,685a6691ad699a66e9a46fda76eda3685a06e9bb68da4695bb6e5af691be699a1695bb6e1bb6e5a4,0,00c,0,0,0,0,1,0,0,0,1,0
186,186,0,c0f02c0f02c0b02c0b02c0b02c0b02c0b02c0b02c0b02c0b06c1f42d3f4fc2b02c0b02c0b02c0b02,521515515d50d4b52d4b5554d5214955d4752d5755d50551545214052d555595550d48575415354d,685a6691ad699a66eda46fda76eda3685a06e9bb68da4691bb6e1af691bb69da1691bb6e1bb6e5a5,9d26d992649b6719b66c9ba719c2679ce6d9d2679ae719ce6e9c26a9be6d9ba719aa7099a6c9ce6a,3,"WAIT",000,00b,00c,0,4,3,0,3,00b,104,0,0,0,685a6691ad699a66e9a46fda76eda3685a06e9bb68da4695bb6e5af691be699a1695bb6e1bb6e5a4,0,00c,0,0,0,0,1,0,0,0,1,0
187,187,0,c0f02c0f02c0b02c0b02c0b02c0b02c0b02c0b02c0b02c0b06c1f42d3f4fc2b02c0b02c0b02c0b02,521515515d50d4b52d4b5554d5214955d4752d5755d50551545214052d555595550d48575415354d,685a6691ad699a66eda46fda76eda3685a06e9bb68da4691bb6e1af691bb69da1691bb6e1bb6e5a5,9d26d992649b6719b66c9ba719c2679ce6d9d2679ae719ce6e9c26a9be6d9ba719aa7099a6c9ce6a,3,"WAIT",000,00b,00c,0,4,3,0,3,00b,104,0,0,0,685a6691ad699a66e9a46fda76eda3685a06e9bb68da4695bb6e5af691be699a1695bb6e1bb6e5a4,0,00c,0,0,0,0,1,0,0,0,1,0
188,188,0,c0f02c0f02c0b02c0b02c0b02c0b02c0b02c0b02c0b02c0b06c1f42d3f4fc2b02c0b02c0b02c0b02,521515515d50d4b52d4b5554d5214955d4752d5755d50551545214052d555595550d48575415354d,685a6691ad699a66eda46fda76eda3685a06e9bb68da4691bb6e1af691bb69da1691bb6e1bb6e5a5,9d26d992649b6719b66c9ba719c2679ce6d9d2679ae719ce6e9c26a9be6d9ba719aa7099a6c9ce6a,3,"WAIT",000,00b,00c,0,4,3,0,3,00b,104,0,0,0,685a6691ad699a66e9a46fda76eda3685a06e9bb68da4695bb6e5af691be699a1695bb6e1bb6e5a4,0,00c,0,0,0,0,1,0,0,0,1,0
189,189,0,c0f02c0f02c0b02c0b02c0b02c0b02c0b02c0b02c0b02c0b06c1f42d3f4fc2b02c0b02c0b02c0b02,521515515d50d4b52d4b5554d5214955d4752d5755d50551545214052d555595550d48575415354d,685a6691ad699a66eda46fda76eda3685a06e9bb68da4691bb6e1af691bb69da1691bb6e1bb6e5a5,9d26d992649b6719b66c9ba719c2679ce6d9d2679ae719ce6e9c26a9be6d9ba719aa7099a6c9ce6a,3,"WAIT",000,00b,00c,0,4,3,0,3,00b,104,0,0,0,685a6691ad699a66e9a46fda76eda3685a06e9bb68da4695bb6e5af691be699a1695bb6e1bb6e5a4,0,00c,0,0,0,0,1,0,0,0,1,0
190,190,0,c0f02c0f02c0b02c0b02c0b02c0b02c0b02c0b02c0b02c0b06c1f42d3f4fc2b02c0b02c0b02c0b02,521515515d50d4b52d4b5554d5214955d4752d5755d50551545214052d555595550d48575415354d,685a6691ad699a66eda46fda76eda3685a06e9bb68da4691bb6e1af691bb69da1691bb6e1bb6e5a5,9d26d992649b6719b66c9ba719c2679ce6d9d2679ae719ce6e9c26a9be6d9ba719aa7099a6c9ce6a,3,"WAIT",000,00b,00c,0,4,3,0,3,00b,104,0,0,0,685a6691ad699a66e9a46fda76eda3685a06e9bb68da4695bb6e5af691be699a1695bb6e1bb6e5a4,0,00c,0,0,0,0,1,0,0,0,1,0
191,191,0,c0f02c0f02c0b02c0b02c0b02c0b02c0b02c0b02c0b02c0b06c1f42d3f4fc2b02c0b02c0b02c0b02,521515515d50d4b52d4b5554d5214955d4752d5755d50551545214052d555595550d48575415354d,685a6691ad699a66eda46fda76eda3685a06e9bb68da4691bb6e1af691bb69da1691bb6e1bb6e5a5,9d26d992649b6719b66c9ba719c2679ce6d9d2679ae719ce6e9c26a9be6d9ba719aa7099a6c9ce6a,3,"WAIT",000,00b,00c,0,4,3,0,3,00b,104,0,0,0,685a6691ad699a66e9a46fda76eda3685a06e9bb68da4695bb6e5af691be699a1695bb6e1bb6e5a4,0,00c,0,0,0,0,1,0,0,0,1,0
192,192,0,c0f02c0f02c0b02c0b02c0b02c0b02c0b02c0b02c0b02c0b06c1f42d3f4fc2b02c0b02c0b02c0b02,521515515d50d4b52d4b5554d5214955d4752d5755d50551545214052d555595550d48575415354d,685a6691ad699a66eda46fda76eda3685a06e9bb68da4691bb6e1af691bb69da1691bb6e1bb6e5a5,9d26d992649b6719b66c9ba719c2679ce6d9d2679ae719ce6e9c26a9be6d9ba719aa7099a6c9ce6a,3,"WAIT",000,00b,00c,0,4,3,0,3,00b,104,0,0,0,685a6691ad699a66e9a46fda76eda3685a06e9bb68da4695bb6e5af691be699a1695bb6e1bb6e5a4,0,00c,0,0,0,0,1,0,0,0,1,0
193,193,0,c0f02c0f02c0b02c0b02c0b02c0b02c0b02c0b02c0b02c0b06c1f42d3f4fc2b02c0b02c0b02c0b02,521515515d50d4b52d4b5554d5214955d4752d5755d50551545214052d555595550d48575415354d,685a6691ad699a66eda46fda76eda3685a06e9bb68da4691bb6e1af691bb69da1691bb6e1bb6e5a5,9d26d992649b6719b66c9ba719c2679ce6d9d2679ae719ce6e9c26a9be6d9ba719aa7099a6c9ce6a,3,"WAIT",000,00b,00c,0,4,3,0,3,00b,104,0,0,0,685a6691ad699a66e9a46fda76eda3685a06e9bb68da4695bb6e5af691be699a1695bb6e1bb6e5a4,0,00c,0,0,0,0,1,0,0,0,1,0
194,194,0,c0f02c0f02c0b02c0b02c0b02c0b02c0b02c0b02c0b02c0b06c1f42d3f4fc2b02c0b02c0b02c0b02,521515515d50d4b52d4b5554d5214955d4752d5755d50551545214052d555595550d48575415354d,685a6691ad699a66eda46fda76eda3685a06e9bb68da4691bb6e1af691bb69da1691bb6e1bb6e5a5,9d26d992649b6719b66c9ba719c2679ce6d9d2679ae719ce6e9c26a9be6d9ba719aa7099a6c9ce6a,3,"WAIT",000,00b,00c,0,4,3,0,3,00b,104,0,0,0,685a6691ad699a66e9a46fda76eda3685a06e9bb68da4695bb6e5af691be699a1695bb6e1bb6e5a4,0,00c,0,0,0,0,1,0,0,0,1,0
195,195,0,c0f02c0f02c0b02c0b02c0b02c0b02c0b02c0b02c0b02c0b06c1f42d3f4fc2b02c0b02c0b02c0b02,521515515d50d4b52d4b5554d5214955d4752d5755d50551545214052d555595550d48575415354d,685a6691ad699a66eda46fda76eda3685a06e9bb68da4691bb6e1af691bb69da1691bb6e1bb6e5a5,9d26d992649b6719b66c9ba719c2679ce6d9d2679ae719ce6e9c26a9be6d9ba719aa7099a6c9ce6a,3,"WAIT",000,00b,00c,0,4,3,0,3,00b,104,0,0,0,685a6691ad699a66e9a46fda76eda3685a06e9bb68da4695bb6e5af691be699a1695bb6e1bb6e5a4,0,00c,0,0,0,0,1,0,0,0,1,0
196,196,0,c0f02c0f02c0b02c0b02c0b02c0b02c0b02c0b02c0b02c0b06c1f42d3f4fc2b02c0b02c0b02c0b02,521515515d50d4b52d4b5554d5214955d4752d5755d50551545214052d555595550d48575415354d,685a6691ad699a66eda46fda76eda3685a06e9bb68da4691bb6e1af691bb69da1691bb6e1bb6e5a5,9d26d992649b6719b66c9ba719c2679ce6d9d2679ae719ce6e9c26a9be6d9ba719aa7099a6c9ce6a,3,"WAIT",000,00b,00c,0,4,3,0,3,00b,104,0,0,0,685a6691ad699a66e9a46fda76eda3685a06e9bb68da4695bb6e5af691be699a1695bb6e1bb6e5a4,0,00c,0,0,0,0,1,0,0,0,1,0
197,197,0,c0f02c0f02c0b02c0b02c0b02c0b02c0b02c0b02c0b02c0b06c1f42d3f4fc2b02c0b02c0b02c0b02,521515515d50d4b52d4b5554d5214955d4752d5755d50551545214052d555595550d48575415354d,685a6691ad699a66eda46fda76eda3685a06e9bb68da4691bb6e1af691bb69da1691bb6e1bb6e5a5,9d26d992649b6719b66c9ba719c2679ce6d9d2679ae719ce6e9c26a9be6d9ba719aa7099a6c9ce6a,3,"WAIT",000,00b,00c,0,4,3,0,3,00b,104,0,0,0,685a6691ad699a66e9a46fda76eda3685a06e9bb68da4695bb6e5af691be699a1695bb6e1bb6e5a4,0,00c,0,0,0,0,1,0,0,0,1,0
198,198,0,c0f02c0f02c0b02c0b02c0b02c0b02c0b02c0b02c0b02c0b06c1f42d3f4fc2b02c0b02c0b02c0b02,521515515d50d4b52d4b5554d5214955d4752d5755d50551545214052d555595550d48575415354d,685a6691ad699a66eda46fda76eda3685a06e9bb68da4691bb6e1af691bb69da1691bb6e1bb6e5a5,9d26d992649b6719b66c9ba719c2679ce6d9d2679ae719ce6e9c26a9be6d9ba719aa7099a6c9ce6a,3,"WAIT",000,00b,00c,0,4,3,0,3,00b,104,0,0,0,685a6691ad699a66e9a46fda76eda3685a06e9bb68da4695bb6e5af691be699a1695bb6e1bb6e5a4,0,00c,0,0,0,0,1,0,0,0,1,0
199,199,0,c0f02c0f02c0b02c0b02c0b02c0b02c0b02c0b02c0b02c0b06c1f42d3f4fc2b02c0b02c0b02c0b02,521515515d50d4b52d4b5554d5214955d4752d5755d50551545214052d555595550d48575415354d,685a6691ad699a66eda46fda76eda3685a06e9bb68da4691bb6e1af691bb69da1691bb6e1bb6e5a5,9d26d992649b6719b66c9ba719c2679ce6d9d2679ae719ce6e9c26a9be6d9ba719aa7099a6c9ce6a,3,"WAIT",000,00b,00c,0,4,3,0,3,00b,104,0,0,0,685a6691ad699a66e9a46fda76eda3685a06e9bb68da4695bb6e5af691be699a1695bb6e1bb6e5a4,0,00c,0,0,0,0,1,0,0,0,1,0
200,200,0,c0f02c0f02c0b02c0b02c0b02c0b02c0b02c0b02c0b02c0b06c1f42d3f4fc2b02c0b02c0b02c0b02,521515515d50d4b52d4b5554d5214955d4752d5755d50551545214052d555595550d48575415354d,685a6691ad699a66eda46fda76eda3685a06e9bb68da4691bb6e1af691bb69da1691bb6e1bb6e5a5,9d26d992649b6719b66c9ba719c2679ce6d9d2679ae719ce6e9c26a9be6d9ba719aa7099a6c9ce6a,3,"WAIT",000,00b,00c,0,4,3,0,3,00b,104,0,0,0,685a6691ad699a66e9a46fda76eda3685a06e9bb68da4695bb6e5af691be699a1695bb6e1bb6e5a4,0,00c,0,0,0,0,1,0,0,0,1,0
201,201,0,c0f02c0f02c0b02c0b02c0b02c0b02c0b02c0b02c0b02c0b06c1f42d3f4fc2b02c0b02c0b02c0b02,521515515d50d4b52d4b5554d5214955d4752d5755d50551545214052d555595550d48575415354d,685a6691ad699a66eda46fda76eda3685a06e9bb68da4691bb6e1af691bb69da1691bb6e1bb6e5a5,9d26d992649b6719b66c9ba719c2679ce6d9d2679ae719ce6e9c26a9be6d9ba719aa7099a6c9ce6a,3,"WAIT",000,00b,00c,0,4,3,0,3,00b,104,0,0,0,685a6691ad699a66e9a46fda76eda3685a06e9bb68da4695bb6e5af691be699a1695bb6e1bb6e5a4,0,00c,0,0,0,0,1,0,0,0,1,0
202,202,0,c0f02c0f02c0b02c0b02c0b02c0b02c0b02c0b02c0b02c0b06c1f42d3f4fc2b02c0b02c0b02c0b02,521515515d50d4b52d4b5554d5214955d4752d5755d50551545214052d555595550d48575415354d,685a6691ad699a66eda46fda76eda3685a06e9bb68da4691bb6e1af691bb69da1691bb6e1bb6e5a5,9d26d992649b6719b66c9ba719c2679ce6d9d2679ae719ce6e9c26a9be6d9ba719aa7099a6c9ce6a,3,"WAIT",000,00b,00c,0,4,3,0,3,00b,104,0,0,0,685a6691ad699a66e9a46fda76eda3685a06e9bb68da4695bb6e5af691be699a1695bb6e1bb6e5a4,0,00c,0,0,0,0,1,0,0,0,1,0
203,203,0,c0f02c0f02c0b02c0b02c0b02c0b02c0b02c0b02c0b02c0b06c1f42d3f4fc2b02c0b02c0b02c0b02,521515515d50d4b52d4b5554d5214955d4752d5755d50551545214052d555595550d48575415354d,685a6691ad699a66eda46fda76eda3685a06e9bb68da4691bb6e1af691bb69da1691bb6e1bb6e5a5,9d26d992649b6719b66c9ba719c2679ce6d9d2679ae719ce6e9c26a9be6d9ba719aa7099a6c9ce6a,3,"WAIT",000,00b,00c,0,4,3,0,3,00b,104,0,0,0,685a6691ad699a66e9a46fda76eda3685a06e9bb68da4695bb6e5af691be699a1695bb6e1bb6e5a4,0,00c,0,0,0,0,1,0,0,0,1,0
204,204,0,c0f02c0f02c0b02c0b02c0b02c0b02c0b02c0b02c0b02c0b06c1f42d3f4fc2b02c0b02c0b02c0b02,521515515d50d4b52d4b5554d5214955d4752d5755d50551545214052d555595550d48575415354d,685a6691ad699a66eda46fda76eda3685a06e9bb68da4691bb6e1af691bb69da1691bb6e1bb6e5a5,9d26d992649b6719b66c9ba719c2679ce6d9d2679ae719ce6e9c26a9be6d9ba719aa7099a6c9ce6a,3,"WAIT",000,00b,00c,0,4,3,0,3,00b,104,0,0,0,685a6691ad699a66e9a46fda76eda3685a06e9bb68da4695bb6e5af691be699a1695bb6e1bb6e5a4,0,00c,0,0,0,0,1,0,0,0,1,0
205,205,0,c0f02c0f02c0b02c0b02c0b02c0b02c0b02c0b02c0b02c0b06c1f42d3f4fc2b02c0b02c0b02c0b02,521515515d50d4b52d4b5554d5214955d4752d5755d50551545214052d555595550d48575415354d,685a6691ad699a66eda46fda76eda3685a06e9bb68da4691bb6e1af691bb69da1691bb6e1bb6e5a5,9d26d992649b6719b66c9ba719c2679ce6d9d2679ae719ce6e9c26a9be6d9ba719aa7099a6c9ce6a,3,"WAIT",000,00b,00c,0,4,3,0,3,00b,104,0,0,0,685a6691ad699a66e9a46fda76eda3685a06e9bb68da4695bb6e5af691be699a1695bb6e1bb6e5a4,0,00c,0,0,0,0,1,0,0,0,1,0
206,206,0,c0f02c0f02c0b02c0b02c0b02c0b02c0b02c0b02c0b02c0b06c1f42d3f4fc2b02c0b02c0b02c0b02,521515515d50d4b52d4b5554d5214955d4752d5755d50551545214052d555595550d48575415354d,685a6691ad699a66eda46fda76eda3685a06e9bb68da4691bb6e1af691bb69da1691bb6e1bb6e5a5,9d26d992649b6719b66c9ba719c2679ce6d9d2679ae719ce6e9c26a9be6d9ba719aa7099a6c9ce6a,3,"WAIT",000,00b,00c,0,4,3,0,3,00b,104,0,0,0,685a6691ad699a66e9a46fda76eda3685a06e9bb68da4695bb6e5af691be699a1695bb6e1bb6e5a4,0,00c,0,0,0,0,1,0,0,0,1,0
207,207,0,c0f02c0f02c0b02c0b02c0b02c0b02c0b02c0b02c0b02c0b06c1f42d3f4fc2b02c0b02c0b02c0b02,521515515d50d4b52d4b5554d5214955d4752d5755d50551545214052d555595550d48575415354d,685a6691ad699a66eda46fda76eda3685a06e9bb68da4691bb6e1af691bb69da1691bb6e1bb6e5a5,9d26d992649b6719b66c9ba719c2679ce6d9d2679ae719ce6e9c26a9be6d9ba719aa7099a6c9ce6a,3,"WAIT",000,00b,00c,0,4,3,0,3,00b,104,0,0,0,685a6691ad699a66e9a46fda76eda3685a06e9bb68da4695bb6e5af691be699a1695bb6e1bb6e5a4,0,00c,0,0,0,0,1,0,0,0,1,0
208,208,0,c0f02c0f02c0b02c0b02c0b02c0b02c0b02c0b02c0b02c0b06c1f42d3f4fc2b02c0b02c0b02c0b02,521515515d50d4b52d4b5554d5214955d4752d5755d50551545214052d555595550d48575415354d,685a6691ad699a66eda46fda76eda3685a06e9bb68da4691bb6e1af691bb69da1691bb6e1bb6e5a5,9d26d992649b6719b66c9ba719c2679ce6d9d2679ae719ce6e9c26a9be6d9ba719aa7099a6c9ce6a,3,"WAIT",000,00b,00c,0,4,3,0,3,00b,104,0,0,0,685a6691ad699a66e9a46fda76eda3685a06e9bb68da4695bb6e5af691be699a1695bb6e1bb6e5a4,0,00c,0,0,0,0,1,0,0,0,1,0
209,209,0,c0f02c0f02c0b02c0b02c0b02c0b02c0b02c0b02c0b02c0b06c1f42d3f4fc2b02c0b02c0b02c0b02,521515515d50d4b52d4b5554d5214955d4752d5755d50551545214052d555595550d48575415354d,685a6691ad699a66eda46fda76eda3685a06e9bb68da4691bb6e1af691bb69da1691bb6e1bb6e5a5,9d26d992649b6719b66c9ba719c2679ce6d9d2679ae719ce6e9c26a9be6d9ba719aa7099a6c9ce6a,3,"WAIT",000,00b,00c,0,4,3,0,3,00b,104,0,0,0,685a6691ad699a66e9a46fda76eda3685a06e9bb68da4695bb6e5af691be699a1695bb6e1bb6e5a4,0,00c,0,0,0,0,1,0,0,0,1,0
210,210,0,c0f02c0f02c0b02c0b02c0b02c0b02c0b02c0b02c0b02c0b06c1f42d3f4fc2b02c0b02c0b02c0b02,521515515d50d4b52d4b5554d5214955d4752d5755d50551545214052d555595550d48575415354d,685a6691ad699a66eda46fda76eda3685a06e9bb68da4691bb6e1af691bb69da1691bb6e1bb6e5a5,9d26d992649b6719b66c9ba719c2679ce6d9d2679ae719ce6e9c26a9be6d9ba719aa7099a6c9ce6a,3,"WAIT",000,00b,00c,0,4,3,0,3,00b,104,0,0,0,685a6691ad699a66e9a46fda76eda3685a06e9bb68da4695bb6e5af691be699a1695bb6e1bb6e5a4,0,00c,0,0,0,0,1,0,0,0,1,0
211,211,0,c0f02c0f02c0b02c0b02c0b02c0b02c0b02c0b02c0b02c0b06c1f42d3f4fc2b02c0b02c0b02c0b02,521515515d50d4b52d4b5554d5214955d4752d5755d50551545214052d555595550d48575415354d,685a6691ad699a66eda46fda76eda3685a06e9bb68da4691bb6e1af691bb69da1691bb6e1bb6e5a5,9d26d992649b6719b66c9ba719c2679ce6d9d2679ae719ce6e9c26a9be6d9ba719aa7099a6c9ce6a,3,"WAIT",000,00b,00c,0,4,3,0,3,00b,104,0,0,0,685a6691ad699a66e9a46fda76eda3685a06e9bb68da4695bb6e5af691be699a1695bb6e1bb6e5a4,0,00c,0,0,0,0,1,0,0,0,1,0
212,212,0,c0f02c0f02c0b02c0b02c0b02c0b02c0b02c0b02c0b02c0b06c1f42d3f4fc2b02c0b02c0b02c0b02,521515515d50d4b52d4b5554d5214955d4752d5755d50551545214052d555595550d48575415354d,685a6691ad699a66eda46fda76eda3685a06e9bb68da4691bb6e1af691bb69da1691bb6e1bb6e5a5,9d26d992649b6719b66c9ba719c2679ce6d9d2679ae719ce6e9c26a9be6d9ba719aa7099a6c9ce6a,3,"WAIT",000,00b,00c,0,4,3,0,3,00b,104,0,0,0,685a6691ad699a66e9a46fda76eda3685a06e9bb68da4695bb6e5af691be699a1695bb6e1bb6e5a4,0,00c,0,0,0,0,1,0,0,0,1,0
213,213,0,c0f02c0f02c0b02c0b02c0b02c0b02c0b02c0b02c0b02c0b06c1f42d3f4fc2b02c0b02c0b02c0b02,521515515d50d4b52d4b5554d5214955d4752d5755d50551545214052d555595550d48575415354d,685a6691ad699a66eda46fda76eda3685a06e9bb68da4691bb6e1af691bb69da1691bb6e1bb6e5a5,9d26d992649b6719b66c9ba719c2679ce6d9d2679ae719ce6e9c26a9be6d9ba719aa7099a6c9ce6a,3,"WAIT",000,00b,00c,0,4,3,0,3,00b,104,0,0,0,685a6691ad699a66e9a46fda76eda3685a06e9bb68da4695bb6e5af691be699a1695bb6e1bb6e5a4,0,00c,0,0,0,0,1,0,0,0,1,0
214,214,0,c0f02c0f02c0b02c0b02c0b02c0b02c0b02c0b02c0b02c0b06c1f42d3f4fc2b02c0b02c0b02c0b02,521515515d50d4b52d4b5554d5214955d4752d5755d50551545214052d555595550d48575415354d,685a6691ad699a66eda46fda76eda3685a06e9bb68da4691bb6e1af691bb69da1691bb6e1bb6e5a5,9d26d992649b6719b66c9ba719c2679ce6d9d2679ae719ce6e9c26a9be6d9ba719aa7099a6c9ce6a,3,"WAIT",000,00b,00c,0,4,3,0,3,00b,104,0,0,0,685a6691ad699a66e9a46fda76eda3685a06e9bb68da4695bb6e5af691be699a1695bb6e1bb6e5a4,0,00c,0,0,0,0,1,0,0,0,1,0
215,215,0,c0f02c0f02c0b02c0b02c0b02c0b02c0b02c0b02c0b02c0b06c1f42d3f4fc2b02c0b02c0b02c0b02,521515515d50d4b52d4b5554d5214955d4752d5755d50551545214052d555595550d48575415354d,685a6691ad699a66eda46fda76eda3685a06e9bb68da4691bb6e1af691bb69da1691bb6e1bb6e5a5,9d26d992649b6719b66c9ba719c2679ce6d9d2679ae719ce6e9c26a9be6d9ba719aa7099a6c9ce6a,3,"WAIT",000,00b,00c,0,4,3,0,3,00b,104,0,0,0,685a6691ad699a66e9a46fda76eda3685a06e9bb68da4695bb6e5af691be699a1695bb6e1bb6e5a4,0,00c,0,0,0,0,1,0,0,0,1,0
216,216,0,c0f02c0f02c0b02c0b02c0b02c0b02c0b02c0b02c0b02c0b06c1f42d3f4fc2b02c0b02c0b02c0b02,521515515d50d4b52d4b5554d5214955d4752d5755d50551545214052d555595550d48575415354d,685a6691ad699a66eda46fda76eda3685a06e9bb68da4691bb6e1af691bb69da1691bb6e1bb6e5a5,9d26d992649b6719b66c9ba719c2679ce6d9d2679ae719ce6e9c26a9be6d9ba719aa7099a6c9ce6a,3,"WAIT",000,00b,00c,0,4,3,0,3,00b,104,0,0,0,685a6691ad699a66e9a46fda76eda3685a06e9bb68da4695bb6e5af691be699a1695bb6e1bb6e5a4,0,00c,0,0,0,0,1,0,0,0,1,0
217,217,0,c0f02c0f02c0b02c0b02c0b02c0b02c0b02c0b02c0b02c0b06c1f42d3f4fc2b02c0b02c0b02c0b02,521515515d50d4b52d4b5554d5214955d4752d5755d50551545214052d555595550d48575415354d,685a6691ad699a66eda46fda76eda3685a06e9bb68da4691bb6e1af691bb69da1691bb6e1bb6e5a5,9d26d992649b6719b66c9ba719c2679ce6d9d2679ae719ce6e9c26a9be6d9ba719aa7099a6c9ce6a,3,"WAIT",000,00b,00c,0,4,3,0,3,00b,104,0,0,0,685a6691ad699a66e9a46fda76eda3685a06e9bb68da4695bb6e5af691be699a1695bb6e1bb6e5a4,0,00c,0,0,0,0,1,0,0,0,1,0
218,218,0,c0f02c0f02c0b02c0b02c0b02c0b02c0b02c0b02c0b02c0b06c1f42d3f4fc2b02c0b02c0b02c0b02,521515515d50d4b52d4b5554d5214955d4752d5755d50551545214052d555595550d48575415354d,685a6691ad699a66eda46fda76eda3685a06e9bb68da4691bb6e1af691bb69da1691bb6e1bb6e5a5,9d26d992649b6719b66c9ba719c2679ce6d9d2679ae719ce6e9c26a9be6d9ba719aa7099a6c9ce6a,3,"WAIT",000,00b,00c,0,4,3,0,3,00b,104,0,0,0,685a6691ad699a66e9a46fda76eda3685a06e9bb68da4695bb6e5af691be699a1695bb6e1bb6e5a4,0,00c,0,0,0,0,1,0,0,0,1,0
219,219,0,c0f02c0f02c0b02c0b02c0b02c0b02c0b02c0b02c0b02c0b06c1f42d3f4fc2b02c0b02c0b02c0b02,521515515d50d4b52d4b5554d5214955d4752d5755d50551545214052d555595550d48575415354d,685a6691ad699a66eda46fda76eda3685a06e9bb68da4691bb6e1af691bb69da1691bb6e1bb6e5a5,9d26d992649b6719b66c9ba719c2679ce6d9d2679ae719ce6e9c26a9be6d9ba719aa7099a6c9ce6a,3,"WAIT",000,00b,00c,0,4,3,0,3,00b,104,0,0,0,685a6691ad699a66e9a46fda76eda3685a06e9bb68da4695bb6e5af691be699a1695bb6e1bb6e5a4,0,00c,0,0,0,0,1,0,0,0,1,0
220,220,0,c0f02c0f02c0b02c0b02c0b02c0b02c0b02c0b02c0b02c0b06c1f42d3f4fc2b02c0b02c0b02c0b02,521515515d50d4b52d4b5554d5214955d4752d5755d50551545214052d555595550d48575415354d,685a6691ad699a66eda46fda76eda3685a06e9bb68da4691bb6e1af691bb69da1691bb6e1bb6e5a5,9d26d992649b6719b66c9ba719c2679ce6d9d2679ae719ce6e9c26a9be6d9ba719aa7099a6c9ce6a,3,"WAIT",000,00b,00c,0,4,3,0,3,00b,104,0,0,0,685a6691ad699a66e9a46fda76eda3685a06e9bb68da4695bb6e5af691be699a1695bb6e1bb6e5a4,0,00c,0,0,0,0,1,0,0,0,1,0
221,221,0,c0f02c0f02c0b02c0b02c0b02c0b02c0b02c0b02c0b02c0b06c1f42d3f4fc2b02c0b02c0b02c0b02,521515515d50d4b52d4b5554d5214955d4752d5755d50551545214052d555595550d48575415354d,685a6691ad699a66eda46fda76eda3685a06e9bb68da4691bb6e1af691bb69da1691bb6e1bb6e5a5,9d26d992649b6719b66c9ba719c2679ce6d9d2679ae719ce6e9c26a9be6d9ba719aa7099a6c9ce6a,3,"WAIT",000,00b,00c,0,4,3,0,3,00b,104,0,0,0,685a6691ad699a66e9a46fda76eda3685a06e9bb68da4695bb6e5af691be699a1695bb6e1bb6e5a4,0,00c,0,0,0,0,1,0,0,0,1,0
222,222,0,c0f02c0f02c0b02c0b02c0b02c0b02c0b02c0b02c0b02c0b06c1f42d3f4fc2b02c0b02c0b02c0b02,521515515d50d4b52d4b5554d5214955d4752d5755d50551545214052d555595550d48575415354d,685a6691ad699a66eda46fda76eda3685a06e9bb68da4691bb6e1af691bb69da1691bb6e1bb6e5a5,9d26d992649b6719b66c9ba719c2679ce6d9d2679ae719ce6e9c26a9be6d9ba719aa7099a6c9ce6a,3,"WAIT",000,00b,00c,0,4,3,0,3,00b,104,0,0,0,685a6691ad699a66e9a46fda76eda3685a06e9bb68da4695bb6e5af691be699a1695bb6e1bb6e5a4,0,00c,0,0,0,0,1,0,0,0,1,0
223,223,0,c0f02c0f02c0b02c0b02c0b02c0b02c0b02c0b02c0b02c0b06c1f42d3f4fc2b02c0b02c0b02c0b02,521515515d50d4b52d4b5554d5214955d4752d5755d50551545214052d555595550d48575415354d,685a6691ad699a66eda46fda76eda3685a06e9bb68da4691bb6e1af691bb69da1691bb6e1bb6e5a5,9d26d992649b6719b66c9ba719c2679ce6d9d2679ae719ce6e9c26a9be6d9ba719aa7099a6c9ce6a,3,"WAIT",000,00b,00c,0,4,3,0,3,00b,104,0,0,0,685a6691ad699a66e9a46fda76eda3685a06e9bb68da4695bb6e5af691be699a1695bb6e1bb6e5a4,0,00c,0,0,0,0,1,0,0,0,1,0
224,224,0,c0f02c0f02c0b02c0b02c0b02c0b02c0b02c0b02c0b02c0b06c1f42d3f4fc2b02c0b02c0b02c0b02,521515515d50d4b52d4b5554d5214955d4752d5755d50551545214052d555595550d48575415354d,685a6691ad699a66eda46fda76eda3685a06e9bb68da4691bb6e1af691bb69da1691bb6e1bb6e5a5,9d26d992649b6719b66c9ba719c2679ce6d9d2679ae719ce6e9c26a9be6d9ba719aa7099a6c9ce6a,3,"WAIT",000,00b,00c,0,4,3,0,3,00b,104,0,0,0,685a6691ad699a66e9a46fda76eda3685a06e9bb68da4695bb6e5af691be699a1695bb6e1bb6e5a4,0,00c,0,0,0,0,1,0,0,0,1,0
225,225,0,c0f02c0f02c0b02c0b02c0b02c0b02c0b02c0b02c0b02c0b06c1f42d3f4fc2b02c0b02c0b02c0b02,521515515d50d4b52d4b5554d5214955d4752d5755d50551545214052d555595550d48575415354d,685a6691ad699a66eda46fda76eda3685a06e9bb68da4691bb6e1af691bb69da1691bb6e1bb6e5a5,9d26d992649b6719b66c9ba719c2679ce6d9d2679ae719ce6e9c26a9be6d9ba719aa7099a6c9ce6a,3,"WAIT",000,00b,00c,0,4,3,0,3,00b,104,0,0,0,685a6691ad699a66e9a46fda76eda3685a06e9bb68da4695bb6e5af691be699a1695bb6e1bb6e5a4,0,00c,0,0,0,0,1,0,0,0,1,0
226,226,0,c0f02c0f02c0b02c0b02c0b02c0b02c0b02c0b02c0b02c0b06c1f42d3f4fc2b02c0b02c0b02c0b02,521515515d50d4b52d4b5554d5214955d4752d5755d50551545214052d555595550d48575415354d,685a6691ad699a66eda46fda76eda3685a06e9bb68da4691bb6e1af691bb69da1691bb6e1bb6e5a5,9d26d992649b6719b66c9ba719c2679ce6d9d2679ae719ce6e9c26a9be6d9ba719aa7099a6c9ce6a,3,"WAIT",000,00b,00c,0,4,3,0,3,00b,104,0,0,0,685a6691ad699a66e9a46fda76eda3685a06e9bb68da4695bb6e5af691be699a1695bb6e1bb6e5a4,0,00c,0,0,0,0,1,0,0,0,1,0
227,227,0,c0f02c0f02c0b02c0b02c0b02c0b02c0b02c0b02c0b02c0b06c1f42d3f4fc2b02c0b02c0b02c0b02,521515515d50d4b52d4b5554d5214955d4752d5755d50551545214052d555595550d48575415354d,685a6691ad699a66eda46fda76eda3685a06e9bb68da4691bb6e1af691bb69da1691bb6e1bb6e5a5,9d26d992649b6719b66c9ba719c2679ce6d9d2679ae719ce6e9c26a9be6d9ba719aa7099a6c9ce6a,3,"WAIT",000,00b,00c,0,4,3,0,3,00b,104,0,0,0,685a6691ad699a66e9a46fda76eda3685a06e9bb68da4695bb6e5af691be699a1695bb6e1bb6e5a4,0,00c,0,0,0,0,1,0,0,0,1,0
228,228,0,c0f02c0f02c0b02c0b02c0b02c0b02c0b02c0b02c0b02c0b06c1f42d3f4fc2b02c0b02c0b02c0b02,521515515d50d4b52d4b5554d5214955d4752d5755d50551545214052d555595550d48575415354d,685a6691ad699a66eda46fda76eda3685a06e9bb68da4691bb6e1af691bb69da1691bb6e1bb6e5a5,9d26d992649b6719b66c9ba719c2679ce6d9d2679ae719ce6e9c26a9be6d9ba719aa7099a6c9ce6a,3,"WAIT",000,00b,00c,0,4,3,0,3,00b,104,0,0,0,685a6691ad699a66e9a46fda76eda3685a06e9bb68da4695bb6e5af691be699a1695bb6e1bb6e5a4,0,00c,0,0,0,0,1,0,0,0,1,0
229,229,0,c0f02c0f02c0b02c0b02c0b02c0b02c0b02c0b02c0b02c0b06c1f42d3f4fc2b02c0b02c0b02c0b02,521515515d50d4b52d4b5554d5214955d4752d5755d50551545214052d555595550d48575415354d,685a6691ad699a66eda46fda76eda3685a06e9bb68da4691bb6e1af691bb69da1691bb6e1bb6e5a5,9d26d992649b6719b66c9ba719c2679ce6d9d2679ae719ce6e9c26a9be6d9ba719aa7099a6c9ce6a,3,"WAIT",000,00b,00c,0,4,3,0,3,00b,104,0,0,0,685a6691ad699a66e9a46fda76eda3685a06e9bb68da4695bb6e5af691be699a1695bb6e1bb6e5a4,0,00c,0,0,0,0,1,0,0,0,1,0
230,230,0,c0f02c0f02c0b02c0b02c0b02c0b02c0b02c0b02c0b02c0b06c1f42d3f4fc2b02c0b02c0b02c0b02,521515515d50d4b52d4b5554d5214955d4752d5755d50551545214052d555595550d48575415354d,685a6691ad699a66eda46fda76eda3685a06e9bb68da4691bb6e1af691bb69da1691bb6e1bb6e5a5,9d26d992649b6719b66c9ba719c2679ce6d9d2679ae719ce6e9c26a9be6d9ba719aa7099a6c9ce6a,3,"WAIT",000,00b,00c,0,4,3,0,3,00b,104,0,0,0,685a6691ad699a66e9a46fda76eda3685a06e9bb68da4695bb6e5af691be699a1695bb6e1bb6e5a4,0,00c,0,0,0,0,1,0,0,0,1,0
231,231,0,c0f02c0f02c0b02c0b02c0b02c0b02c0b02c0b02c0b02c0b06c1f42d3f4fc2b02c0b02c0b02c0b02,521515515d50d4b52d4b5554d5214955d4752d5755d50551545214052d555595550d48575415354d,685a6691ad699a66eda46fda76eda3685a06e9bb68da4691bb6e1af691bb69da1691bb6e1bb6e5a5,9d26d992649b6719b66c9ba719c2679ce6d9d2679ae719ce6e9c26a9be6d9ba719aa7099a6c9ce6a,3,"WAIT",000,00b,00c,0,4,3,0,3,00b,104,0,0,0,685a6691ad699a66e9a46fda76eda3685a06e9bb68da4695bb6e5af691be699a1695bb6e1bb6e5a4,0,00c,0,0,0,0,1,0,0,0,1,0
232,232,0,c0f02c0f02c0b02c0b02c0b02c0b02c0b02c0b02c0b02c0b06c1f42d3f4fc2b02c0b02c0b02c0b02,521515515d50d4b52d4b5554d5214955d4752d5755d50551545214052d555595550d48575415354d,685a6691ad699a66eda46fda76eda3685a06e9bb68da4691bb6e1af691bb69da1691bb6e1bb6e5a5,9d26d992649b6719b66c9ba719c2679ce6d9d2679ae719ce6e9c26a9be6d9ba719aa7099a6c9ce6a,3,"WAIT",000,00b,00c,0,4,3,0,3,00b,104,0,0,0,685a6691ad699a66e9a46fda76eda3685a06e9bb68da4695bb6e5af691be699a1695bb6e1bb6e5a4,0,00c,0,0,0,0,1,0,0,0,1,0
233,233,0,c0f02c0f02c0b02c0b02c0b02c0b02c0b02c0b02c0b02c0b06c1f42d3f4fc2b02c0b02c0b02c0b02,521515515d50d4b52d4b5554d5214955d4752d5755d50551545214052d555595550d48575415354d,685a6691ad699a66eda46fda76eda3685a06e9bb68da4691bb6e1af691bb69da1691bb6e1bb6e5a5,9d26d992649b6719b66c9ba719c2679ce6d9d2679ae719ce6e9c26a9be6d9ba719aa7099a6c9ce6a,3,"WAIT",000,00b,00c,0,4,3,0,3,00b,104,0,0,0,685a6691ad699a66e9a46fda76eda3685a06e9bb68da4695bb6e5af691be699a1695bb6e1bb6e5a4,0,00c,0,0,0,0,1,0,0,0,1,0
234,234,0,c0f02c0f02c0b02c0b02c0b02c0b02c0b02c0b02c0b02c0b06c1f42d3f4fc2b02c0b02c0b02c0b02,521515515d50d4b52d4b5554d5214955d4752d5755d50551545214052d555595550d48575415354d,685a6691ad699a66eda46fda76eda3685a06e9bb68da4691bb6e1af691bb69da1691bb6e1bb6e5a5,9d26d992649b6719b66c9ba719c2679ce6d9d2679ae719ce6e9c26a9be6d9ba719aa7099a6c9ce6a,3,"WAIT",000,00b,00c,0,4,3,0,3,00b,104,0,0,0,685a6691ad699a66e9a46fda76eda3685a06e9bb68da4695bb6e5af691be699a1695bb6e1bb6e5a4,0,00c,0,0,0,0,1,0,0,0,1,0
235,235,0,c0f02c0f02c0b02c0b02c0b02c0b02c0b02c0b02c0b02c0b06c1f42d3f4fc2b02c0b02c0b02c0b02,521515515d50d4b52d4b5554d5214955d4752d5755d50551545214052d555595550d48575415354d,685a6691ad699a66eda46fda76eda3685a06e9bb68da4691bb6e1af691bb69da1691bb6e1bb6e5a5,9d26d992649b6719b66c9ba719c2679ce6d9d2679ae719ce6e9c26a9be6d9ba719aa7099a6c9ce6a,3,"WAIT",000,00b,00c,0,4,3,0,3,00b,104,0,0,0,685a6691ad699a66e9a46fda76eda3685a06e9bb68da4695bb6e5af691be699a1695bb6e1bb6e5a4,0,00c,0,0,0,0,1,0,0,0,1,0
236,236,0,c0f02c0f02c0b02c0b02c0b02c0b02c0b02c0b02c0b02c0b06c1f42d3f4fc2b02c0b02c0b02c0b02,521515515d50d4b52d4b5554d5214955d4752d5755d50551545214052d555595550d48575415354d,685a6691ad699a66eda46fda76eda3685a06e9bb68da4691bb6e1af691bb69da1691bb6e1bb6e5a5,9d26d992649b6719b66c9ba719c2679ce6d9d2679ae719ce6e9c26a9be6d9ba719aa7099a6c9ce6a,3,"WAIT",000,00b,00c,0,4,3,0,3,00b,104,0,0,0,685a6691ad699a66e9a46fda76eda3685a06e9bb68da4695bb6e5af691be699a1695bb6e1bb6e5a4,0,00c,0,0,0,0,1,0,0,0,1,0
237,237,0,c0f02c0f02c0b02c0b02c0b02c0b02c0b02c0b02c0b02c0b06c1f42d3f4fc2b02c0b02c0b02c0b02,521515515d50d4b52d4b5554d5214955d4752d5755d50551545214052d555595550d48575415354d,685a6691ad699a66eda46fda76eda3685a06e9bb68da4691bb6e1af691bb69da1691bb6e1bb6e5a5,9d26d992649b6719b66c9ba719c2679ce6d9d2679ae719ce6e9c26a9be6d9ba719aa7099a6c9ce6a,3,"WAIT",000,00b,00c,0,4,3,0,3,00b,104,0,0,0,685a6691ad699a66e9a46fda76eda3685a06e9bb68da4695bb6e5af691be699a1695bb6e1bb6e5a4,0,00c,0,0,0,0,1,0,0,0,1,0
238,238,0,c0f02c0f02c0b02c0b02c0b02c0b02c0b02c0b02c0b02c0b06c1f42d3f4fc2b02c0b02c0b02c0b02,521515515d50d4b52d4b5554d5214955d4752d5755d50551545214052d555595550d48575415354d,685a6691ad699a66eda46fda76eda3685a06e9bb68da4691bb6e1af691bb69da1691bb6e1bb6e5a5,9d26d992649b6719b66c9ba719c2679ce6d9d2679ae719ce6e9c26a9be6d9ba719aa7099a6c9ce6a,3,"WAIT",000,00b,00c,0,4,3,0,3,00b,104,0,0,0,685a6691ad699a66e9a46fda76eda3685a06e9bb68da4695bb6e5af691be699a1695bb6e1bb6e5a4,0,00c,0,0,0,0,1,0,0,0,1,0
239,239,0,c0f02c0f02c0b02c0b02c0b02c0b02c0b02c0b02c0b02c0b06c1f42d3f4fc2b02c0b02c0b02c0b02,521515515d50d4b52d4b5554d5214955d4752d5755d50551545214052d555595550d48575415354d,685a6691ad699a66eda46fda76eda3685a06e9bb68da4691bb6e1af691bb69da1691bb6e1bb6e5a5,9d26d992649b6719b66c9ba719c2679ce6d9d2679ae719ce6e9c26a9be6d9ba719aa7099a6c9ce6a,3,"WAIT",000,00b,00c,0,4,3,0,3,00b,104,0,0,0,685a6691ad699a66e9a46fda76eda3685a06e9bb68da4695bb6e5af691be699a1695bb6e1bb6e5a4,0,00c,0,0,0,0,1,0,0,0,1,0
240,240,0,c0f02c0f02c0b02c0b02c0b02c0b02c0b02c0b02c0b02c0b06c1f42d3f4fc2b02c0b02c0b02c0b02,521515515d50d4b52d4b5554d5214955d4752d5755d50551545214052d555595550d48575415354d,685a6691ad699a66eda46fda76eda3685a06e9bb68da4691bb6e1af691bb69da1691bb6e1bb6e5a5,9d26d992649b6719b66c9ba719c2679ce6d9d2679ae719ce6e9c26a9be6d9ba719aa7099a6c9ce6a,3,"WAIT",000,00b,00c,0,4,3,0,3,00b,104,0,0,0,685a6691ad699a66e9a46fda76eda3685a06e9bb68da4695bb6e5af691be699a1695bb6e1bb6e5a4,0,00c,0,0,0,0,1,0,0,0,1,0
241,241,0,c0f02c0f02c0b02c0b02c0b02c0b02c0b02c0b02c0b02c0b06c1f42d3f4fc2b02c0b02c0b02c0b02,521515515d50d4b52d4b5554d5214955d4752d5755d50551545214052d555595550d48575415354d,685a6691ad699a66eda46fda76eda3685a06e9bb68da4691bb6e1af691bb69da1691bb6e1bb6e5a5,9d26d992649b6719b66c9ba719c2679ce6d9d2679ae719ce6e9c26a9be6d9ba719aa7099a6c9ce6a,3,"WAIT",000,00b,00c,0,4,3,0,3,00b,104,0,0,0,685a6691ad699a66e9a46fda76eda3685a06e9bb68da4695bb6e5af691be699a1695bb6e1bb6e5a4,0,00c,0,0,0,0,1,0,0,0,1,0
242,242,0,c0f02c0f02c0b02c0b02c0b02c0b02c0b02c0b02c0b02c0b06c1f42d3f4fc2b02c0b02c0b02c0b02,521515515d50d4b52d4b5554d5214955d4752d5755d50551545214052d555595550d48575415354d,685a6691ad699a66eda46fda76eda3685a06e9bb68da4691bb6e1af691bb69da1691bb6e1bb6e5a5,9d26d992649b6719b66c9ba719c2679ce6d9d2679ae719ce6e9c26a9be6d9ba719aa7099a6c9ce6a,3,"WAIT",000,00b,00c,0,4,3,0,3,00b,104,0,0,0,685a6691ad699a66e9a46fda76eda3685a06e9bb68da4695bb6e5af691be699a1695bb6e1bb6e5a4,0,00c,0,0,0,0,1,0,0,0,1,0
243,243,0,c0f02c0f02c0b02c0b02c0b02c0b02c0b02c0b02c0b02c0b06c1f42d3f4fc2b02c0b02c0b02c0b02,521515515d50d4b52d4b5554d5214955d4752d5755d50551545214052d555595550d48575415354d,685a6691ad699a66eda46fda76eda3685a06e9bb68da4691bb6e1af691bb69da1691bb6e1bb6e5a5,9d26d992649b6719b66c9ba719c2679ce6d9d2679ae719ce6e9c26a9be6d9ba719aa7099a6c9ce6a,3,"WAIT",000,00b,00c,0,4,3,0,3,00b,104,0,0,0,685a6691ad699a66e9a46fda76eda3685a06e9bb68da4695bb6e5af691be699a1695bb6e1bb6e5a4,0,00c,0,0,0,0,1,0,0,0,1,0
244,244,0,c0f02c0f02c0b02c0b02c0b02c0b02c0b02c0b02c0b02c0b06c1f42d3f4fc2b02c0b02c0b02c0b02,521515515d50d4b52d4b5554d5214955d4752d5755d50551545214052d555595550d48575415354d,685a6691ad699a66eda46fda76eda3685a06e9bb68da4691bb6e1af691bb69da1691bb6e1bb6e5a5,9d26d992649b6719b66c9ba719c2679ce6d9d2679ae719ce6e9c26a9be6d9ba719aa7099a6c9ce6a,3,"WAIT",000,00b,00c,0,4,3,0,3,00b,104,0,0,0,685a6691ad699a66e9a46fda76eda3685a06e9bb68da4695bb6e5af691be699a1695bb6e1bb6e5a4,0,00c,0,0,0,0,1,0,0,0,1,0
245,245,0,c0f02c0f02c0b02c0b02c0b02c0b02c0b02c0b02c0b02c0b06c1f42d3f4fc2b02c0b02c0b02c0b02,521515515d50d4b52d4b5554d5214955d4752d5755d50551545214052d555595550d48575415354d,685a6691ad699a66eda46fda76eda3685a06e9bb68da4691bb6e1af691bb69da1691bb6e1bb6e5a5,9d26d992649b6719b66c9ba719c2679ce6d9d2679ae719ce6e9c26a9be6d9ba719aa7099a6c9ce6a,3,"WAIT",000,00b,00c,0,4,3,0,3,00b,104,0,0,0,685a6691ad699a66e9a46fda76eda3685a06e9bb68da4695bb6e5af691be699a1695bb6e1bb6e5a4,0,00c,0,0,0,0,1,0,0,0,1,0
246,246,0,c0f02c0f02c0b02c0b02c0b02c0b02c0b02c0b02c0b02c0b06c1f42d3f4fc2b02c0b02c0b02c0b02,521515515d50d4b52d4b5554d5214955d4752d5755d50551545214052d555595550d48575415354d,685a6691ad699a66eda46fda76eda3685a06e9bb68da4691bb6e1af691bb69da1691bb6e1bb6e5a5,9d26d992649b6719b66c9ba719c2679ce6d9d2679ae719ce6e9c26a9be6d9ba719aa7099a6c9ce6a,3,"WAIT",000,00b,00c,0,4,3,0,3,00b,104,0,0,0,685a6691ad699a66e9a46fda76eda3685a06e9bb68da4695bb6e5af691be699a1695bb6e1bb6e5a4,0,00c,0,0,0,0,1,0,0,0,1,0
247,247,0,c0f02c0f02c0b02c0b02c0b02c0b02c0b02c0b02c0b02c0b06c1f42d3f4fc2b02c0b02c0b02c0b02,521515515d50d4b52d4b5554d5214955d4752d5755d50551545214052d555595550d48575415354d,685a6691ad699a66eda46fda76eda3685a06e9bb68da4691bb6e1af691bb69da1691bb6e1bb6e5a5,9d26d992649b6719b66c9ba719c2679ce6d9d2679ae719ce6e9c26a9be6d9ba719aa7099a6c9ce6a,3,"WAIT",000,00b,00c,0,4,3,0,3,00b,104,0,0,0,685a6691ad699a66e9a46fda76eda3685a06e9bb68da4695bb6e5af691be699a1695bb6e1bb6e5a4,0,00c,0,0,0,0,1,0,0,0,1,0
248,248,0,c0f02c0f02c0b02c0b02c0b02c0b02c0b02c0b02c0b02c0b06c1f42d3f4fc2b02c0b02c0b02c0b02,521515515d50d4b52d4b5554d5214955d4752d5755d50551545214052d555595550d48575415354d,685a6691ad699a66eda46fda76eda3685a06e9bb68da4691bb6e1af691bb69da1691bb6e1bb6e5a5,9d26d992649b6719b66c9ba719c2679ce6d9d2679ae719ce6e9c26a9be6d9ba719aa7099a6c9ce6a,3,"WAIT",000,00b,00c,0,4,3,0,3,00b,104,0,0,0,685a6691ad699a66e9a46fda76eda3685a06e9bb68da4695bb6e5af691be699a1695bb6e1bb6e5a4,0,00c,0,0,0,0,1,0,0,0,1,0
249,249,0,c0f02c0f02c0b02c0b02c0b02c0b02c0b02c0b02c0b02c0b06c1f42d3f4fc2b02c0b02c0b02c0b02,521515515d50d4b52d4b5554d5214955d4752d5755d50551545214052d555595550d48575415354d,685a6691ad699a66eda46fda76eda3685a06e9bb68da4691bb6e1af691bb69da1691bb6e1bb6e5a5,9d26d992649b6719b66c9ba719c2679ce6d9d2679ae719ce6e9c26a9be6d9ba719aa7099a6c9ce6a,3,"WAIT",000,00b,00c,0,4,3,0,3,00b,104,0,0,0,685a6691ad699a66e9a46fda76eda3685a06e9bb68da4695bb6e5af691be699a1695bb6e1bb6e5a4,0,00c,0,0,0,0,1,0,0,0,1,0
250,250,0,c0f02c0f02c0b02c0b02c0b02c0b02c0b02c0b02c0b02c0b06c1f42d3f4fc2b02c0b02c0b02c0b02,521515515d50d4b52d4b5554d5214955d4752d5755d50551545214052d555595550d48575415354d,685a6691ad699a66eda46fda76eda3685a06e9bb68da4691bb6e1af691bb69da1691bb6e1bb6e5a5,9d26d992649b6719b66c9ba719c2679ce6d9d2679ae719ce6e9c26a9be6d9ba719aa7099a6c9ce6a,3,"WAIT",000,00b,00c,0,4,3,0,3,00b,104,0,0,0,685a6691ad699a66e9a46fda76eda3685a06e9bb68da4695bb6e5af691be699a1695bb6e1bb6e5a4,0,00c,0,0,0,0,1,0,0,0,1,0
251,251,0,c0f02c0f02c0b02c0b02c0b02c0b02c0b02c0b02c0b02c0b06c1f42d3f4fc2b02c0b02c0b02c0b02,521515515d50d4b52d4b5554d5214955d4752d5755d50551545214052d555595550d48575415354d,685a6691ad699a66eda46fda76eda3685a06e9bb68da4691bb6e1af691bb69da1691bb6e1bb6e5a5,9d26d992649b6719b66c9ba719c2679ce6d9d2679ae719ce6e9c26a9be6d9ba719aa7099a6c9ce6a,3,"WAIT",000,00b,00c,0,4,3,0,3,00b,104,0,0,0,685a6691ad699a66e9a46fda76eda3685a06e9bb68da4695bb6e5af691be699a1695bb6e1bb6e5a4,0,00c,0,0,0,0,1,0,0,0,1,0
252,252,0,c0f02c0f02c0b02c0b02c0b02c0b02c0b02c0b02c0b02c0b06c1f42d3f4fc2b02c0b02c0b02c0b02,521515515d50d4b52d4b5554d5214955d4752d5755d50551545214052d555595550d48575415354d,685a6691ad699a66eda46fda76eda3685a06e9bb68da4691bb6e1af691bb69da1691bb6e1bb6e5a5,9d26d992649b6719b66c9ba719c2679ce6d9d2679ae719ce6e9c26a9be6d9ba719aa7099a6c9ce6a,3,"WAIT",000,00b,00c,0,4,3,0,3,00b,104,0,0,0,685a6691ad699a66e9a46fda76eda3685a06e9bb68da4695bb6e5af691be699a1695bb6e1bb6e5a4,0,00c,0,0,0,0,1,0,0,0,1,0
253,253,0,c0f02c0f02c0b02c0b02c0b02c0b02c0b02c0b02c0b02c0b06c1f42d3f4fc2b02c0b02c0b02c0b02,521515515d50d4b52d4b5554d5214955d4752d5755d50551545214052d555595550d48575415354d,685a6691ad699a66eda46fda76eda3685a06e9bb68da4691bb6e1af691bb69da1691bb6e1bb6e5a5,9d26d992649b6719b66c9ba719c2679ce6d9d2679ae719ce6e9c26a9be6d9ba719aa7099a6c9ce6a,3,"WAIT",000,00b,00c,0,4,3,0,3,00b,104,0,0,0,685a6691ad699a66e9a46fda76eda3685a06e9bb68da4695bb6e5af691be699a1695bb6e1bb6e5a4,0,00c,0,0,0,0,1,0,0,0,1,0
254,254,0,c0f02c0f02c0b02c0b02c0b02c0b02c0b02c0b02c0b02c0b06c1f42d3f4fc2b02c0b02c0b02c0b02,521515515d50d4b52d4b5554d5214955d4752d5755d50551545214052d555595550d48575415354d,685a6691ad699a66eda46fda76eda3685a06e9bb68da4691bb6e1af691bb69da1691bb6e1bb6e5a5,9d26d992649b6719b66c9ba719c2679ce6d9d2679ae719ce6e9c26a9be6d9ba719aa7099a6c9ce6a,3,"WAIT",000,00b,00c,0,4,3,0,3,00b,104,0,0,0,685a6691ad699a66e9a46fda76eda3685a06e9bb68da4695bb6e5af691be699a1695bb6e1bb6e5a4,0,00c,0,0,0,0,1,0,0,0,1,0
255,255,0,c0f02c0f02c0b02c0b02c0b02c0b02c0b02c0b02c0b02c0b06c1f42d3f4fc2b02c0b02c0b02c0b02,521515515d50d4b52d4b5554d5214955d4752d5755d50551545214052d555595550d48575415354d,685a6691ad699a66eda46fda76eda3685a06e9bb68da4691bb6e1af691bb69da1691bb6e1bb6e5a5,9d26d992649b6719b66c9ba719c2679ce6d9d2679ae719ce6e9c26a9be6d9ba719aa7099a6c9ce6a,3,"WAIT",000,00b,00c,0,4,3,0,3,00b,104,0,0,0,685a6691ad699a66e9a46fda76eda3685a06e9bb68da4695bb6e5af691be699a1695bb6e1bb6e5a4,0,00c,0,0,0,0,1,0,0,0,1,0
256,256,0,c0f02c0f02c0b02c0b02c0b02c0b02c0b02c0b02c0b02c0b06c1f42d3f4fc2b02c0b02c0b02c0b02,521515515d50d4b52d4b5554d5214955d4752d5755d50551545214052d555595550d48575415354d,685a6691ad699a66eda46fda76eda3685a06e9bb68da4691bb6e1af691bb69da1691bb6e1bb6e5a5,9d26d992649b6719b66c9ba719c2679ce6d9d2679ae719ce6e9c26a9be6d9ba719aa7099a6c9ce6a,3,"WAIT",000,00b,00c,0,4,3,0,3,00b,104,0,0,0,685a6691ad699a66e9a46fda76eda3685a06e9bb68da4695bb6e5af691be699a1695bb6e1bb6e5a4,0,00c,0,0,0,0,1,0,0,0,1,0
257,257,0,c0f02c0f02c0b02c0b02c0b02c0b02c0b02c0b02c0b02c0b06c1f42d3f4fc2b02c0b02c0b02c0b02,521515515d50d4b52d4b5554d5214955d4752d5755d50551545214052d555595550d48575415354d,685a6691ad699a66eda46fda76eda3685a06e9bb68da4691bb6e1af691bb69da1691bb6e1bb6e5a5,9d26d992649b6719b66c9ba719c2679ce6d9d2679ae719ce6e9c26a9be6d9ba719aa7099a6c9ce6a,3,"WAIT",000,00b,00c,0,4,3,0,3,00b,104,0,0,0,685a6691ad699a66e9a46fda76eda3685a06e9bb68da4695bb6e5af691be699a1695bb6e1bb6e5a4,0,00c,0,0,0,0,1,0,0,0,1,0
258,258,0,c0f02c0f02c0b02c0b02c0b02c0b02c0b02c0b02c0b02c0b06c1f42d3f4fc2b02c0b02c0b02c0b02,521515515d50d4b52d4b5554d5214955d4752d5755d50551545214052d555595550d48575415354d,685a6691ad699a66eda46fda76eda3685a06e9bb68da4691bb6e1af691bb69da1691bb6e1bb6e5a5,9d26d992649b6719b66c9ba719c2679ce6d9d2679ae719ce6e9c26a9be6d9ba719aa7099a6c9ce6a,3,"WAIT",000,00b,00c,0,4,3,0,3,00b,104,0,0,0,685a6691ad699a66e9a46fda76eda3685a06e9bb68da4695bb6e5af691be699a1695bb6e1bb6e5a4,0,00c,0,0,0,0,1,0,0,0,1,0
259,259,0,c0f02c0f02c0b02c0b02c0b02c0b02c0b02c0b02c0b02c0b06c1f42d3f4fc2b02c0b02c0b02c0b02,521515515d50d4b52d4b5554d5214955d4752d5755d50551545214052d555595550d48575415354d,685a6691ad699a66eda46fda76eda3685a06e9bb68da4691bb6e1af691bb69da1691bb6e1bb6e5a5,9d26d992649b6719b66c9ba719c2679ce6d9d2679ae719ce6e9c26a9be6d9ba719aa7099a6c9ce6a,3,"WAIT",000,00b,00c,0,4,3,0,3,00b,104,0,0,0,685a6691ad699a66e9a46fda76eda3685a06e9bb68da4695bb6e5af691be699a1695bb6e1bb6e5a4,0,00c,0,0,0,0,1,0,0,0,1,0
260,260,0,c0f02c0f02c0b02c0b02c0b02c0b02c0b02c0b02c0b02c0b06c1f42d3f4fc2b02c0b02c0b02c0b02,521515515d50d4b52d4b5554d5214955d4752d5755d50551545214052d555595550d48575415354d,685a6691ad699a66eda46fda76eda3685a06e9bb68da4691bb6e1af691bb69da1691bb6e1bb6e5a5,9d26d992649b6719b66c9ba719c2679ce6d9d2679ae719ce6e9c26a9be6d9ba719aa7099a6c9ce6a,3,"WAIT",000,00b,00c,0,4,3,0,3,00b,104,0,0,0,685a6691ad699a66e9a46fda76eda3685a06e9bb68da4695bb6e5af691be699a1695bb6e1bb6e5a4,0,00c,0,0,0,0,1,0,0,0,1,0
261,261,0,c0f02c0f02c0b02c0b02c0b02c0b02c0b02c0b02c0b02c0b06c1f42d3f4fc2b02c0b02c0b02c0b02,521515515d50d4b52d4b5554d5214955d4752d5755d50551545214052d555595550d48575415354d,685a6691ad699a66eda46fda76eda3685a06e9bb68da4691bb6e1af691bb69da1691bb6e1bb6e5a5,9d26d992649b6719b66c9ba719c2679ce6d9d2679ae719ce6e9c26a9be6d9ba719aa7099a6c9ce6a,3,"WAIT",000,00b,00c,0,4,3,0,3,00b,104,0,0,0,685a6691ad699a66e9a46fda76eda3685a06e9bb68da4695bb6e5af691be699a1695bb6e1bb6e5a4,0,00c,0,0,0,0,1,0,0,0,1,0
262,262,0,c0f02c0f02c0b02c0b02c0b02c0b02c0b02c0b02c0b02c0b06c1f42d3f4fc2b02c0b02c0b02c0b02,521515515d50d4b52d4b5554d5214955d4752d5755d50551545214052d555595550d48575415354d,685a6691ad699a66eda46fda76eda3685a06e9bb68da4691bb6e1af691bb69da1691bb6e1bb6e5a5,9d26d992649b6719b66c9ba719c2679ce6d9d2679ae719ce6e9c26a9be6d9ba719aa7099a6c9ce6a,3,"WAIT",000,00b,00c,0,4,3,0,3,00b,104,0,0,0,685a6691ad699a66e9a46fda76eda3685a06e9bb68da4695bb6e5af691be699a1695bb6e1bb6e5a4,0,00c,0,0,0,0,1,0,0,0,1,0
263,263,0,c0f02c0f02c0b02c0b02c0b02c0b02c0b02c0b02c0b02c0b06c1f42d3f4fc2b02c0b02c0b02c0b02,521515515d50d4b52d4b5554d5214955d4752d5755d50551545214052d555595550d48575415354d,685a6691ad699a66eda46fda76eda3685a06e9bb68da4691bb6e1af691bb69da1691bb6e1bb6e5a5,9d26d992649b6719b66c9ba719c2679ce6d9d2679ae719ce6e9c26a9be6d9ba719aa7099a6c9ce6a,3,"WAIT",000,00b,00c,0,4,3,0,3,00b,104,0,0,0,685a6691ad699a66e9a46fda76eda3685a06e9bb68da4695bb6e5af691be699a1695bb6e1bb6e5a4,0,00c,0,0,0,0,1,0,0,0,1,0
264,264,0,c0f02c0f02c0b02c0b02c0b02c0b02c0b02c0b02c0b02c0b06c1f42d3f4fc2b02c0b02c0b02c0b02,521515515d50d4b52d4b5554d5214955d4752d5755d50551545214052d555595550d48575415354d,685a6691ad699a66eda46fda76eda3685a06e9bb68da4691bb6e1af691bb69da1691bb6e1bb6e5a5,9d26d992649b6719b66c9ba719c2679ce6d9d2679ae719ce6e9c26a9be6d9ba719aa7099a6c9ce6a,3,"WAIT",000,00b,00c,0,4,3,0,3,00b,104,0,0,0,685a6691ad699a66e9a46fda76eda3685a06e9bb68da4695bb6e5af691be699a1695bb6e1bb6e5a4,0,00c,0,0,0,0,1,0,0,0,1,0
265,265,0,c0f02c0f02c0b02c0b02c0b02c0b02c0b02c0b02c0b02c0b06c1f42d3f4fc2b02c0b02c0b02c0b02,521515515d50d4b52d4b5554d5214955d4752d5755d50551545214052d555595550d48575415354d,685a6691ad699a66eda46fda76eda3685a06e9bb68da4691bb6e1af691bb69da1691bb6e1bb6e5a5,9d26d992649b6719b66c9ba719c2679ce6d9d2679ae719ce6e9c26a9be6d9ba719aa7099a6c9ce6a,3,"WAIT",000,00b,00c,0,4,3,0,3,00b,104,0,0,0,685a6691ad699a66e9a46fda76eda3685a06e9bb68da4695bb6e5af691be699a1695bb6e1bb6e5a4,0,00c,0,0,0,0,1,0,0,0,1,0
266,266,0,c0f02c0f02c0b02c0b02c0b02c0b02c0b02c0b02c0b02c0b06c1f42d3f4fc2b02c0b02c0b02c0b02,521515515d50d4b52d4b5554d5214955d4752d5755d50551545214052d555595550d48575415354d,685a6691ad699a66eda46fda76eda3685a06e9bb68da4691bb6e1af691bb69da1691bb6e1bb6e5a5,9d26d992649b6719b66c9ba719c2679ce6d9d2679ae719ce6e9c26a9be6d9ba719aa7099a6c9ce6a,3,"WAIT",000,00b,00c,0,4,3,0,3,00b,104,0,0,0,685a6691ad699a66e9a46fda76eda3685a06e9bb68da4695bb6e5af691be699a1695bb6e1bb6e5a4,0,00c,0,0,0,0,1,0,0,0,1,0
267,267,0,c0f02c0f02c0b02c0b02c0b02c0b02c0b02c0b02c0b02c0b06c1f42d3f4fc2b02c0b02c0b02c0b02,521515515d50d4b52d4b5554d5214955d4752d5755d50551545214052d555595550d48575415354d,685a6691ad699a66eda46fda76eda3685a06e9bb68da4691bb6e1af691bb69da1691bb6e1bb6e5a5,9d26d992649b6719b66c9ba719c2679ce6d9d2679ae719ce6e9c26a9be6d9ba719aa7099a6c9ce6a,3,"WAIT",000,00b,00c,0,4,3,0,3,00b,104,0,0,0,685a6691ad699a66e9a46fda76eda3685a06e9bb68da4695bb6e5af691be699a1695bb6e1bb6e5a4,0,00c,0,0,0,0,1,0,0,0,1,0
268,268,0,c0f02c0f02c0b02c0b02c0b02c0b02c0b02c0b02c0b02c0b06c1f42d3f4fc2b02c0b02c0b02c0b02,521515515d50d4b52d4b5554d5214955d4752d5755d50551545214052d555595550d48575415354d,685a6691ad699a66eda46fda76eda3685a06e9bb68da4691bb6e1af691bb69da1691bb6e1bb6e5a5,9d26d992649b6719b66c9ba719c2679ce6d9d2679ae719ce6e9c26a9be6d9ba719aa7099a6c9ce6a,3,"WAIT",000,00b,00c,0,4,3,0,3,00b,104,0,0,0,685a6691ad699a66e9a46fda76eda3685a06e9bb68da4695bb6e5af691be699a1695bb6e1bb6e5a4,0,00c,0,0,0,0,1,0,0,0,1,0
269,269,0,c0f02c0f02c0b02c0b02c0b02c0b02c0b02c0b02c0b02c0b06c1f42d3f4fc2b02c0b02c0b02c0b02,521515515d50d4b52d4b5554d5214955d4752d5755d50551545214052d555595550d48575415354d,685a6691ad699a66eda46fda76eda3685a06e9bb68da4691bb6e1af691bb69da1691bb6e1bb6e5a5,9d26d992649b6719b66c9ba719c2679ce6d9d2679ae719ce6e9c26a9be6d9ba719aa7099a6c9ce6a,3,"WAIT",000,00b,00c,0,4,3,0,3,00b,104,0,0,0,685a6691ad699a66e9a46fda76eda3685a06e9bb68da4695bb6e5af691be699a1695bb6e1bb6e5a4,0,00c,0,0,0,0,1,0,0,0,1,0
270,270,0,c0f02c0f02c0b02c0b02c0b02c0b02c0b02c0b02c0b02c0b06c1f42d3f4fc2b02c0b02c0b02c0b02,521515515d50d4b52d4b5554d5214955d4752d5755d50551545214052d555595550d48575415354d,685a6691ad699a66eda46fda76eda3685a06e9bb68da4691bb6e1af691bb69da1691bb6e1bb6e5a5,9d26d992649b6719b66c9ba719c2679ce6d9d2679ae719ce6e9c26a9be6d9ba719aa7099a6c9ce6a,3,"WAIT",000,00b,00c,0,4,3,0,3,00b,104,0,0,0,685a6691ad699a66e9a46fda76eda3685a06e9bb68da4695bb6e5af691be699a1695bb6e1bb6e5a4,0,00c,0,0,0,0,1,0,0,0,1,0
271,271,0,c0f02c0f02c0b02c0b02c0b02c0b02c0b02c0b02c0b02c0b06c1f42d3f4fc2b02c0b02c0b02c0b02,521515515d50d4b52d4b5554d5214955d4752d5755d50551545214052d555595550d48575415354d,685a6691ad699a66eda46fda76eda3685a06e9bb68da4691bb6e1af691bb69da1691bb6e1bb6e5a5,9d26d992649b6719b66c9ba719c2679ce6d9d2679ae719ce6e9c26a9be6d9ba719aa7099a6c9ce6a,3,"WAIT",000,00b,00c,0,4,3,0,3,00b,104,0,0,0,685a6691ad699a66e9a46fda76eda3685a06e9bb68da4695bb6e5af691be699a1695bb6e1bb6e5a4,0,00c,0,0,0,0,1,0,0,0,1,0
272,272,0,c0f02c0f02c0b02c0b02c0b02c0b02c0b02c0b02c0b02c0b06c1f42d3f4fc2b02c0b02c0b02c0b02,521515515d50d4b52d4b5554d5214955d4752d5755d50551545214052d555595550d48575415354d,685a6691ad699a66eda46fda76eda3685a06e9bb68da4691bb6e1af691bb69da1691bb6e1bb6e5a5,9d26d992649b6719b66c9ba719c2679ce6d9d2679ae719ce6e9c26a9be6d9ba719aa7099a6c9ce6a,3,"WAIT",000,00b,00c,0,4,3,0,3,00b,104,0,0,0,685a6691ad699a66e9a46fda76eda3685a06e9bb68da4695bb6e5af691be699a1695bb6e1bb6e5a4,0,00c,0,0,0,0,1,0,0,0,1,0
273,273,0,c0f02c0f02c0b02c0b02c0b02c0b02c0b02c0b02c0b02c0b06c1f42d3f4fc2b02c0b02c0b02c0b02,521515515d50d4b52d4b5554d5214955d4752d5755d50551545214052d555595550d48575415354d,685a6691ad699a66eda46fda76eda3685a06e9bb68da4691bb6e1af691bb69da1691bb6e1bb6e5a5,9d26d992649b6719b66c9ba719c2679ce6d9d2679ae719ce6e9c26a9be6d9ba719aa7099a6c9ce6a,3,"WAIT",000,00b,00c,0,4,3,0,3,00b,104,0,0,0,685a6691ad699a66e9a46fda76eda3685a06e9bb68da4695bb6e5af691be699a1695bb6e1bb6e5a4,0,00c,0,0,0,0,1,0,0,0,1,0
274,274,0,c0f02c0f02c0b02c0b02c0b02c0b02c0b02c0b02c0b02c0b06c1f42d3f4fc2b02c0b02c0b02c0b02,521515515d50d4b52d4b5554d5214955d4752d5755d50551545214052d555595550d48575415354d,685a6691ad699a66eda46fda76eda3685a06e9bb68da4691bb6e1af691bb69da1691bb6e1bb6e5a5,9d26d992649b6719b66c9ba719c2679ce6d9d2679ae719ce6e9c26a9be6d9ba719aa7099a6c9ce6a,3,"WAIT",000,00b,00c,0,4,3,0,3,00b,104,0,0,0,685a6691ad699a66e9a46fda76eda3685a06e9bb68da4695bb6e5af691be699a1695bb6e1bb6e5a4,0,00c,0,0,0,0,1,0,0,0,1,0
275,275,0,c0f02c0f02c0b02c0b02c0b02c0b02c0b02c0b02c0b02c0b06c1f42d3f4fc2b02c0b02c0b02c0b02,521515515d50d4b52d4b5554d5214955d4752d5755d50551545214052d555595550d48575415354d,685a6691ad699a66eda46fda76eda3685a06e9bb68da4691bb6e1af691bb69da1691bb6e1bb6e5a5,9d26d992649b6719b66c9ba719c2679ce6d9d2679ae719ce6e9c26a9be6d9ba719aa7099a6c9ce6a,3,"WAIT",000,00b,00c,0,4,3,0,3,00b,104,0,0,0,685a6691ad699a66e9a46fda76eda3685a06e9bb68da4695bb6e5af691be699a1695bb6e1bb6e5a4,0,00c,0,0,0,0,1,0,0,0,1,0
276,276,0,c0f02c0f02c0b02c0b02c0b02c0b02c0b02c0b02c0b02c0b06c1f42d3f4fc2b02c0b02c0b02c0b02,521515515d50d4b52d4b5554d5214955d4752d5755d50551545214052d555595550d48575415354d,685a6691ad699a66eda46fda76eda3685a06e9bb68da4691bb6e1af691bb69da1691bb6e1bb6e5a5,9d26d992649b6719b66c9ba719c2679ce6d9d2679ae719ce6e9c26a9be6d9ba719aa7099a6c9ce6a,3,"WAIT",000,00b,00c,0,4,3,0,3,00b,104,0,0,0,685a6691ad699a66e9a46fda76eda3685a06e9bb68da4695bb6e5af691be699a1695bb6e1bb6e5a4,0,00c,0,0,0,0,1,0,0,0,1,0
277,277,0,c0f02c0f02c0b02c0b02c0b02c0b02c0b02c0b02c0b02c0b06c1f42d3f4fc2b02c0b02c0b02c0b02,521515515d50d4b52d4b5554d5214955d4752d5755d50551545214052d555595550d48575415354d,685a6691ad699a66eda46fda76eda3685a06e9bb68da4691bb6e1af691bb69da1691bb6e1bb6e5a5,9d26d992649b6719b66c9ba719c2679ce6d9d2679ae719ce6e9c26a9be6d9ba719aa7099a6c9ce6a,3,"WAIT",000,00b,00c,0,4,3,0,3,00b,104,0,0,0,685a6691ad699a66e9a46fda76eda3685a06e9bb68da4695bb6e5af691be699a1695bb6e1bb6e5a4,0,00c,0,0,0,0,1,0,0,0,1,0
278,278,0,c0f02c0f02c0b02c0b02c0b02c0b02c0b02c0b02c0b02c0b06c1f42d3f4fc2b02c0b02c0b02c0b02,521515515d50d4b52d4b5554d5214955d4752d5755d50551545214052d555595550d48575415354d,685a6691ad699a66eda46fda76eda3685a06e9bb68da4691bb6e1af691bb69da1691bb6e1bb6e5a5,9d26d992649b6719b66c9ba719c2679ce6d9d2679ae719ce6e9c26a9be6d9ba719aa7099a6c9ce6a,3,"WAIT",000,00b,00c,0,4,3,0,3,00b,104,0,0,0,685a6691ad699a66e9a46fda76eda3685a06e9bb68da4695bb6e5af691be699a1695bb6e1bb6e5a4,0,00c,0,0,0,0,1,0,0,0,1,0
279,279,0,c0f02c0f02c0b02c0b02c0b02c0b02c0b02c0b02c0b02c0b06c1f42d3f4fc2b02c0b02c0b02c0b02,521515515d50d4b52d4b5554d5214955d4752d5755d50551545214052d555595550d48575415354d,685a6691ad699a66eda46fda76eda3685a06e9bb68da4691bb6e1af691bb69da1691bb6e1bb6e5a5,9d26d992649b6719b66c9ba719c2679ce6d9d2679ae719ce6e9c26a9be6d9ba719aa7099a6c9ce6a,3,"WAIT",000,00b,00c,0,4,3,0,3,00b,104,0,0,0,685a6691ad699a66e9a46fda76eda3685a06e9bb68da4695bb6e5af691be699a1695bb6e1bb6e5a4,0,00c,0,0,0,0,1,0,0,0,1,0
280,280,0,c0f02c0f02c0b02c0b02c0b02c0b02c0b02c0b02c0b02c0b06c1f42d3f4fc2b02c0b02c0b02c0b02,521515515d50d4b52d4b5554d5214955d4752d5755d50551545214052d555595550d48575415354d,685a6691ad699a66eda46fda76eda3685a06e9bb68da4691bb6e1af691bb69da1691bb6e1bb6e5a5,9d26d992649b6719b66c9ba719c2679ce6d9d2679ae719ce6e9c26a9be6d9ba719aa7099a6c9ce6a,3,"WAIT",000,00b,00c,0,4,3,0,3,00b,104,0,0,0,685a6691ad699a66e9a46fda76eda3685a06e9bb68da4695bb6e5af691be699a1695bb6e1bb6e5a4,0,00c,0,0,0,0,1,0,0,0,1,0
281,281,0,c0f02c0f02c0b02c0b02c0b02c0b02c0b02c0b02c0b02c0b06c1f42d3f4fc2b02c0b02c0b02c0b02,521515515d50d4b52d4b5554d5214955d4752d5755d50551545214052d555595550d48575415354d,685a6691ad699a66eda46fda76eda3685a06e9bb68da4691bb6e1af691bb69da1691bb6e1bb6e5a5,9d26d992649b6719b66c9ba719c2679ce6d9d2679ae719ce6e9c26a9be6d9ba719aa7099a6c9ce6a,3,"WAIT",000,00b,00c,0,4,3,0,3,00b,104,0,0,0,685a6691ad699a66e9a46fda76eda3685a06e9bb68da4695bb6e5af691be699a1695bb6e1bb6e5a4,0,00c,0,0,0,0,1,0,0,0,1,0
282,282,0,c0f02c0f02c0b02c0b02c0b02c0b02c0b02c0b02c0b02c0b06c1f42d3f4fc2b02c0b02c0b02c0b02,521515515d50d4b52d4b5554d5214955d4752d5755d50551545214052d555595550d48575415354d,685a6691ad699a66eda46fda76eda3685a06e9bb68da4691bb6e1af691bb69da1691bb6e1bb6e5a5,9d26d992649b6719b66c9ba719c2679ce6d9d2679ae719ce6e9c26a9be6d9ba719aa7099a6c9ce6a,3,"WAIT",000,00b,00c,0,4,3,0,3,00b,104,0,0,0,685a6691ad699a66e9a46fda76eda3685a06e9bb68da4695bb6e5af691be699a1695bb6e1bb6e5a4,0,00c,0,0,0,0,1,0,0,0,1,0
283,283,0,c0f02c0f02c0b02c0b02c0b02c0b02c0b02c0b02c0b02c0b06c1f42d3f4fc2b02c0b02c0b02c0b02,521515515d50d4b52d4b5554d5214955d4752d5755d50551545214052d555595550d48575415354d,685a6691ad699a66eda46fda76eda3685a06e9bb68da4691bb6e1af691bb69da1691bb6e1bb6e5a5,9d26d992649b6719b66c9ba719c2679ce6d9d2679ae719ce6e9c26a9be6d9ba719aa7099a6c9ce6a,3,"WAIT",000,00b,00c,0,4,3,0,3,00b,104,0,0,0,685a6691ad699a66e9a46fda76eda3685a06e9bb68da4695bb6e5af691be699a1695bb6e1bb6e5a4,0,00c,0,0,0,0,1,0,0,0,1,0
284,284,0,c0f02c0f02c0b02c0b02c0b02c0b02c0b02c0b02c0b02c0b06c1f42d3f4fc2b02c0b02c0b02c0b02,521515515d50d4b52d4b5554d5214955d4752d5755d50551545214052d555595550d48575415354d,685a6691ad699a66eda46fda76eda3685a06e9bb68da4691bb6e1af691bb69da1691bb6e1bb6e5a5,9d26d992649b6719b66c9ba719c2679ce6d9d2679ae719ce6e9c26a9be6d9ba719aa7099a6c9ce6a,3,"WAIT",000,00b,00c,0,4,3,0,3,00b,104,0,0,0,685a6691ad699a66e9a46fda76eda3685a06e9bb68da4695bb6e5af691be699a1695bb6e1bb6e5a4,0,00c,0,0,0,0,1,0,0,0,1,0
285,285,0,c0f02c0f02c0b02c0b02c0b02c0b02c0b02c0b02c0b02c0b06c1f42d3f4fc2b02c0b02c0b02c0b02,521515515d50d4b52d4b5554d5214955d4752d5755d50551545214052d555595550d48575415354d,685a6691ad699a66eda46fda76eda3685a06e9bb68da4691bb6e1af691bb69da1691bb6e1bb6e5a5,9d26d992649b6719b66c9ba719c2679ce6d9d2679ae719ce6e9c26a9be6d9ba719aa7099a6c9ce6a,3,"WAIT",000,00b,00c,0,4,3,0,3,00b,104,0,0,0,685a6691ad699a66e9a46fda76eda3685a06e9bb68da4695bb6e5af691be699a1695bb6e1bb6e5a4,0,00c,0,0,0,0,1,0,0,0,1,0
286,286,0,c0f02c0f02c0b02c0b02c0b02c0b02c0b02c0b02c0b02c0b06c1f42d3f4fc2b02c0b02c0b02c0b02,521515515d50d4b52d4b5554d5214955d4752d5755d50551545214052d555595550d48575415354d,685a6691ad699a66eda46fda76eda3685a06e9bb68da4691bb6e1af691bb69da1691bb6e1bb6e5a5,9d26d992649b6719b66c9ba719c2679ce6d9d2679ae719ce6e9c26a9be6d9ba719aa7099a6c9ce6a,3,"WAIT",000,00b,00c,0,4,3,0,3,00b,104,0,0,0,685a6691ad699a66e9a46fda76eda3685a06e9bb68da4695bb6e5af691be699a1695bb6e1bb6e5a4,0,00c,0,0,0,0,1,0,0,0,1,0
287,287,0,c0f02c0f02c0b02c0b02c0b02c0b02c0b02c0b02c0b02c0b06c1f42d3f4fc2b02c0b02c0b02c0b02,521515515d50d4b52d4b5554d5214955d4752d5755d50551545214052d555595550d48575415354d,685a6691ad699a66eda46fda76eda3685a06e9bb68da4691bb6e1af691bb69da1691bb6e1bb6e5a5,9d26d992649b6719b66c9ba719c2679ce6d9d2679ae719ce6e9c26a9be6d9ba719aa7099a6c9ce6a,3,"WAIT",000,00b,00c,0,4,3,0,3,00b,104,0,0,0,685a6691ad699a66e9a46fda76eda3685a06e9bb68da4695bb6e5af691be699a1695bb6e1bb6e5a4,0,00c,0,0,0,0,1,0,0,0,1,0
288,288,0,c0f02c0f02c0b02c0b02c0b02c0b02c0b02c0b02c0b02c0b06c1f42d3f4fc2b02c0b02c0b02c0b02,521515515d50d4b52d4b5554d5214955d4752d5755d50551545214052d555595550d48575415354d,685a6691ad699a66eda46fda76eda3685a06e9bb68da4691bb6e1af691bb69da1691bb6e1bb6e5a5,9d26d992649b6719b66c9ba719c2679ce6d9d2679ae719ce6e9c26a9be6d9ba719aa7099a6c9ce6a,3,"WAIT",000,00b,00c,0,4,3,0,3,00b,104,0,0,0,685a6691ad699a66e9a46fda76eda3685a06e9bb68da4695bb6e5af691be699a1695bb6e1bb6e5a4,0,00c,0,0,0,0,1,0,0,0,1,0
289,289,0,c0f02c0f02c0b02c0b02c0b02c0b02c0b02c0b02c0b02c0b06c1f42d3f4fc2b02c0b02c0b02c0b02,521515515d50d4b52d4b5554d5214955d4752d5755d50551545214052d555595550d48575415354d,685a6691ad699a66eda46fda76eda3685a06e9bb68da4691bb6e1af691bb69da1691bb6e1bb6e5a5,9d26d992649b6719b66c9ba719c2679ce6d9d2679ae719ce6e9c26a9be6d9ba719aa7099a6c9ce6a,3,"WAIT",000,00b,00c,0,4,3,0,3,00b,104,0,0,0,685a6691ad699a66e9a46fda76eda3685a06e9bb68da4695bb6e5af691be699a1695bb6e1bb6e5a4,0,00c,0,0,0,0,1,0,0,0,1,0
290,290,0,c0f02c0f02c0b02c0b02c0b02c0b02c0b02c0b02c0b02c0b06c1f42d3f4fc2b02c0b02c0b02c0b02,521515515d50d4b52d4b5554d5214955d4752d5755d50551545214052d555595550d48575415354d,685a6691ad699a66eda46fda76eda3685a06e9bb68da4691bb6e1af691bb69da1691bb6e1bb6e5a5,9d26d992649b6719b66c9ba719c2679ce6d9d2679ae719ce6e9c26a9be6d9ba719aa7099a6c9ce6a,3,"WAIT",000,00b,00c,0,4,3,0,3,00b,104,0,0,0,685a6691ad699a66e9a46fda76eda3685a06e9bb68da4695bb6e5af691be699a1695bb6e1bb6e5a4,0,00c,0,0,0,0,1,0,0,0,1,0
291,291,0,c0f02c0f02c0b02c0b02c0b02c0b02c0b02c0b02c0b02c0b06c1f42d3f4fc2b02c0b02c0b02c0b02,521515515d50d4b52d4b5554d5214955d4752d5755d50551545214052d555595550d48575415354d,685a6691ad699a66eda46fda76eda3685a06e9bb68da4691bb6e1af691bb69da1691bb6e1bb6e5a5,9d26d992649b6719b66c9ba719c2679ce6d9d2679ae719ce6e9c26a9be6d9ba719aa7099a6c9ce6a,3,"WAIT",000,00b,00c,0,4,3,0,3,00b,104,0,0,0,685a6691ad699a66e9a46fda76eda3685a06e9bb68da4695bb6e5af691be699a1695bb6e1bb6e5a4,0,00c,0,0,0,0,1,0,0,0,1,0
292,292,0,c0f02c0f02c0b02c0b02c0b02c0b02c0b02c0b02c0b02c0b06c1f42d3f4fc2b02c0b02c0b02c0b02,521515515d50d4b52d4b5554d5214955d4752d5755d50551545214052d555595550d48575415354d,685a6691ad699a66eda46fda76eda3685a06e9bb68da4691bb6e1af691bb69da1691bb6e1bb6e5a5,9d26d992649b6719b66c9ba719c2679ce6d9d2679ae719ce6e9c26a9be6d9ba719aa7099a6c9ce6a,3,"WAIT",000,00b,00c,0,4,3,0,3,00b,104,0,0,0,685a6691ad699a66e9a46fda76eda3685a06e9bb68da4695bb6e5af691be699a1695bb6e1bb6e5a4,0,00c,0,0,0,0,1,0,0,0,1,0
293,293,0,c0f02c0f02c0b02c0b02c0b02c0b02c0b02c0b02c0b02c0b06c1f42d3f4fc2b02c0b02c0b02c0b02,521515515d50d4b52d4b5554d5214955d4752d5755d50551545214052d555595550d48575415354d,685a6691ad699a66eda46fda76eda3685a06e9bb68da4691bb6e1af691bb69da1691bb6e1bb6e5a5,9d26d992649b6719b66c9ba719c2679ce6d9d2679ae719ce6e9c26a9be6d9ba719aa7099a6c9ce6a,3,"WAIT",000,00b,00c,0,4,3,0,3,00b,104,0,0,0,685a6691ad699a66e9a46fda76eda3685a06e9bb68da4695bb6e5af691be699a1695bb6e1bb6e5a4,0,00c,0,0,0,0,1,0,0,0,1,0
294,294,0,c0f02c0f02c0b02c0b02c0b02c0b02c0b02c0b02c0b02c0b06c1f42d3f4fc2b02c0b02c0b02c0b02,521515515d50d4b52d4b5554d5214955d4752d5755d50551545214052d555595550d48575415354d,685a6691ad699a66eda46fda76eda3685a06e9bb68da4691bb6e1af691bb69da1691bb6e1bb6e5a5,9d26d992649b6719b66c9ba719c2679ce6d9d2679ae719ce6e9c26a9be6d9ba719aa7099a6c9ce6a,3,"WAIT",000,00b,00c,0,4,3,0,3,00b,104,0,0,0,685a6691ad699a66e9a46fda76eda3685a06e9bb68da4695bb6e5af691be699a1695bb6e1bb6e5a4,0,00c,0,0,0,0,1,0,0,0,1,0
295,295,0,c0f02c0f02c0b02c0b02c0b02c0b02c0b02c0b02c0b02c0b06c1f42d3f4fc2b02c0b02c0b02c0b02,521515515d50d4b52d4b5554d5214955d4752d5755d50551545214052d555595550d48575415354d,685a6691ad699a66eda46fda76eda3685a06e9bb68da4691bb6e1af691bb69da1691bb6e1bb6e5a5,9d26d992649b6719b66c9ba719c2679ce6d9d2679ae719ce6e9c26a9be6d9ba719aa7099a6c9ce6a,3,"WAIT",000,00b,00c,0,4,3,0,3,00b,104,0,0,0,685a6691ad699a66e9a46fda76eda3685a06e9bb68da4695bb6e5af691be699a1695bb6e1bb6e5a4,0,00c,0,0,0,0,1,0,0,0,1,0
296,296,0,c0f02c0f02c0b02c0b02c0b02c0b02c0b02c0b02c0b02c0b06c1f42d3f4fc2b02c0b02c0b02c0b02,521515515d50d4b52d4b5554d5214955d4752d5755d50551545214052d555595550d48575415354d,685a6691ad699a66eda46fda76eda3685a06e9bb68da4691bb6e1af691bb69da1691bb6e1bb6e5a5,9d26d992649b6719b66c9ba719c2679ce6d9d2679ae719ce6e9c26a9be6d9ba719aa7099a6c9ce6a,3,"WAIT",000,00b,00c,0,4,3,0,3,00b,104,0,0,0,685a6691ad699a66e9a46fda76eda3685a06e9bb68da4695bb6e5af691be699a1695bb6e1bb6e5a4,0,00c,0,0,0,0,1,0,0,0,1,0
297,297,0,c0f02c0f02c0b02c0b02c0b02c0b02c0b02c0b02c0b02c0b06c1f42d3f4fc2b02c0b02c0b02c0b02,521515515d50d4b52d4b5554d5214955d4752d5755d50551545214052d555595550d48575415354d,685a6691ad699a66eda46fda76eda3685a06e9bb68da4691bb6e1af691bb69da1691bb6e1bb6e5a5,9d26d992649b6719b66c9ba719c2679ce6d9d2679ae719ce6e9c26a9be6d9ba719aa7099a6c9ce6a,3,"WAIT",000,00b,00c,0,4,3,0,3,00b,104,0,0,0,685a6691ad699a66e9a46fda76eda3685a06e9bb68da4695bb6e5af691be699a1695bb6e1bb6e5a4,0,00c,0,0,0,0,1,0,0,0,1,0
298,298,0,c0f02c0f02c0b02c0b02c0b02c0b02c0b02c0b02c0b02c0b06c1f42d3f4fc2b02c0b02c0b02c0b02,521515515d50d4b52d4b5554d5214955d4752d5755d50551545214052d555595550d48575415354d,685a6691ad699a66eda46fda76eda3685a06e9bb68da4691bb6e1af691bb69da1691bb6e1bb6e5a5,9d26d992649b6719b66c9ba719c2679ce6d9d2679ae719ce6e9c26a9be6d9ba719aa7099a6c9ce6a,3,"WAIT",000,00b,00c,0,4,3,0,3,00b,104,0,0,0,685a6691ad699a66e9a46fda76eda3685a06e9bb68da4695bb6e5af691be699a1695bb6e1bb6e5a4,0,00c,0,0,0,0,1,0,0,0,1,0
299,299,0,c0f02c0f02c0b02c0b02c0b02c0b02c0b02c0b02c0b02c0b06c1f42d3f4fc2b02c0b02c0b02c0b02,521515515d50d4b52d4b5554d5214955d4752d5755d50551545214052d555595550d48575415354d,685a6691ad699a66eda46fda76eda3685a06e9bb68da4691bb6e1af691bb69da1691bb6e1bb6e5a5,9d26d992649b6719b66c9ba719c2679ce6d9d2679ae719ce6e9c26a9be6d9ba719aa7099a6c9ce6a,3,"WAIT",000,00b,00c,0,4,3,0,3,00b,104,0,0,0,685a6691ad699a66e9a46fda76eda3685a06e9bb68da4695bb6e5af691be699a1695bb6e1bb6e5a4,0,00c,0,0,0,0,1,0,0,0,1,0
300,300,0,c0f02c0f02c0b02c0b02c0b02c0b02c0b02c0b02c0b02c0b06c1f42d3f4fc2b02c0b02c0b02c0b02,521515515d50d4b52d4b5554d5214955d4752d5755d50551545214052d555595550d48575415354d,685a6691ad699a66eda46fda76eda3685a06e9bb68da4691bb6e1af691bb69da1691bb6e1bb6e5a5,9d26d992649b6719b66c9ba719c2679ce6d9d2679ae719ce6e9c26a9be6d9ba719aa7099a6c9ce6a,3,"WAIT",000,00b,00c,0,4,3,0,3,00b,104,0,0,0,685a6691ad699a66e9a46fda76eda3685a06e9bb68da4695bb6e5af691be699a1695bb6e1bb6e5a4,0,00c,0,0,0,0,1,0,0,0,1,0
301,301,0,c0f02c0f02c0b02c0b02c0b02c0b02c0b02c0b02c0b02c0b06c1f42d3f4fc2b02c0b02c0b02c0b02,521515515d50d4b52d4b5554d5214955d4752d5755d50551545214052d555595550d48575415354d,685a6691ad699a66eda46fda76eda3685a06e9bb68da4691bb6e1af691bb69da1691bb6e1bb6e5a5,9d26d992649b6719b66c9ba719c2679ce6d9d2679ae719ce6e9c26a9be6d9ba719aa7099a6c9ce6a,3,"WAIT",000,00b,00c,0,4,3,0,3,00b,104,0,0,0,685a6691ad699a66e9a46fda76eda3685a06e9bb68da4695bb6e5af691be699a1695bb6e1bb6e5a4,0,00c,0,0,0,0,1,0,0,0,1,0
302,302,0,c0f02c0f02c0b02c0b02c0b02c0b02c0b02c0b02c0b02c0b06c1f42d3f4fc2b02c0b02c0b02c0b02,521515515d50d4b52d4b5554d5214955d4752d5755d50551545214052d555595550d48575415354d,685a6691ad699a66eda46fda76eda3685a06e9bb68da4691bb6e1af691bb69da1691bb6e1bb6e5a5,9d26d992649b6719b66c9ba719c2679ce6d9d2679ae719ce6e9c26a9be6d9ba719aa7099a6c9ce6a,3,"WAIT",000,00b,00c,0,4,3,0,3,00b,104,0,0,0,685a6691ad699a66e9a46fda76eda3685a06e9bb68da4695bb6e5af691be699a1695bb6e1bb6e5a4,0,00c,0,0,0,0,1,0,0,0,1,0
303,303,0,c0f02c0f02c0b02c0b02c0b02c0b02c0b02c0b02c0b02c0b06c1f42d3f4fc2b02c0b02c0b02c0b02,521515515d50d4b52d4b5554d5214955d4752d5755d50551545214052d555595550d48575415354d,685a6691ad699a66eda46fda76eda3685a06e9bb68da4691bb6e1af691bb69da1691bb6e1bb6e5a5,9d26d992649b6719b66c9ba719c2679ce6d9d2679ae719ce6e9c26a9be6d9ba719aa7099a6c9ce6a,3,"WAIT",000,00b,00c,0,4,3,0,3,00b,104,0,0,0,685a6691ad699a66e9a46fda76eda3685a06e9bb68da4695bb6e5af691be699a1695bb6e1bb6e5a4,0,00c,0,0,0,0,1,0,0,0,1,0
304,304,0,c0f02c0f02c0b02c0b02c0b02c0b02c0b02c0b02c0b02c0b06c1f42d3f4fc2b02c0b02c0b02c0b02,521515515d50d4b52d4b5554d5214955d4752d5755d50551545214052d555595550d48575415354d,685a6691ad699a66eda46fda76eda3685a06e9bb68da4691bb6e1af691bb69da1691bb6e1bb6e5a5,9d26d992649b6719b66c9ba719c2679ce6d9d2679ae719ce6e9c26a9be6d9ba719aa7099a6c9ce6a,3,"WAIT",000,00b,00c,0,4,3,0,3,00b,104,0,0,0,685a6691ad699a66e9a46fda76eda3685a06e9bb68da4695bb6e5af691be699a1695bb6e1bb6e5a4,0,00c,0,0,0,0,1,0,0,0,1,0
305,305,0,c0f02c0f02c0b02c0b02c0b02c0b02c0b02c0b02c0b02c0b06c1f42d3f4fc2b02c0b02c0b02c0b02,521515515d50d4b52d4b5554d5214955d4752d5755d50551545214052d555595550d48575415354d,685a6691ad699a66eda46fda76eda3685a06e9bb68da4691bb6e1af691bb69da1691bb6e1bb6e5a5,9d26d992649b6719b66c9ba719c2679ce6d9d2679ae719ce6e9c26a9be6d9ba719aa7099a6c9ce6a,3,"WAIT",000,00b,00c,0,4,3,0,3,00b,104,0,0,0,685a6691ad699a66e9a46fda76eda3685a06e9bb68da4695bb6e5af691be699a1695bb6e1bb6e5a4,0,00c,0,0,0,0,1,0,0,0,1,0
306,306,0,c0f02c0f02c0b02c0b02c0b02c0b02c0b02c0b02c0b02c0b06c1f42d3f4fc2b02c0b02c0b02c0b02,521515515d50d4b52d4b5554d5214955d4752d5755d50551545214052d555595550d48575415354d,685a6691ad699a66eda46fda76eda3685a06e9bb68da4691bb6e1af691bb69da1691bb6e1bb6e5a5,9d26d992649b6719b66c9ba719c2679ce6d9d2679ae719ce6e9c26a9be6d9ba719aa7099a6c9ce6a,3,"WAIT",000,00b,00c,0,4,3,0,3,00b,104,0,0,0,685a6691ad699a66e9a46fda76eda3685a06e9bb68da4695bb6e5af691be699a1695bb6e1bb6e5a4,0,00c,0,0,0,0,1,0,0,0,1,0
307,307,0,c0f02c0f02c0b02c0b02c0b02c0b02c0b02c0b02c0b02c0b06c1f42d3f4fc2b02c0b02c0b02c0b02,521515515d50d4b52d4b5554d5214955d4752d5755d50551545214052d555595550d48575415354d,685a6691ad699a66eda46fda76eda3685a06e9bb68da4691bb6e1af691bb69da1691bb6e1bb6e5a5,9d26d992649b6719b66c9ba719c2679ce6d9d2679ae719ce6e9c26a9be6d9ba719aa7099a6c9ce6a,3,"WAIT",000,00b,00c,0,4,3,0,3,00b,104,0,0,0,685a6691ad699a66e9a46fda76eda3685a06e9bb68da4695bb6e5af691be699a1695bb6e1bb6e5a4,0,00c,0,0,0,0,1,0,0,0,1,0
308,308,0,c0f02c0f02c0b02c0b02c0b02c0b02c0b02c0b02c0b02c0b06c1f42d3f4fc2b02c0b02c0b02c0b02,521515515d50d4b52d4b5554d5214955d4752d5755d50551545214052d555595550d48575415354d,685a6691ad699a66eda46fda76eda3685a06e9bb68da4691bb6e1af691bb69da1691bb6e1bb6e5a5,9d26d992649b6719b66c9ba719c2679ce6d9d2679ae719ce6e9c26a9be6d9ba719aa7099a6c9ce6a,3,"WAIT",000,00b,00c,0,4,3,0,3,00b,104,0,0,0,685a6691ad699a66e9a46fda76eda3685a06e9bb68da4695bb6e5af691be699a1695bb6e1bb6e5a4,0,00c,0,0,0,0,1,0,0,0,1,0
309,309,0,c0f02c0f02c0b02c0b02c0b02c0b02c0b02c0b02c0b02c0b06c1f42d3f4fc2b02c0b02c0b02c0b02,521515515d50d4b52d4b5554d5214955d4752d5755d50551545214052d555595550d48575415354d,685a6691ad699a66eda46fda76eda3685a06e9bb68da4691bb6e1af691bb69da1691bb6e1bb6e5a5,9d26d992649b6719b66c9ba719c2679ce6d9d2679ae719ce6e9c26a9be6d9ba719aa7099a6c9ce6a,3,"WAIT",000,00b,00c,0,4,3,0,3,00b,104,0,0,0,685a6691ad699a66e9a46fda76eda3685a06e9bb68da4695bb6e5af691be699a1695bb6e1bb6e5a4,0,00c,0,0,0,0,1,0,0,0,1,0
310,310,0,c0f02c0f02c0b02c0b02c0b02c0b02c0b02c0b02c0b02c0b06c1f42d3f4fc2b02c0b02c0b02c0b02,521515515d50d4b52d4b5554d5214955d4752d5755d50551545214052d555595550d48575415354d,685a6691ad699a66eda46fda76eda3685a06e9bb68da4691bb6e1af691bb69da1691bb6e1bb6e5a5,9d26d992649b6719b66c9ba719c2679ce6d9d2679ae719ce6e9c26a9be6d9ba719aa7099a6c9ce6a,3,"WAIT",000,00b,00c,0,4,3,0,3,00b,104,0,0,0,685a6691ad699a66e9a46fda76eda3685a06e9bb68da4695bb6e5af691be699a1695bb6e1bb6e5a4,0,00c,0,0,0,0,1,0,0,0,1,0
311,311,0,c0f02c0f02c0b02c0b02c0b02c0b02c0b02c0b02c0b02c0b06c1f42d3f4fc2b02c0b02c0b02c0b02,521515515d50d4b52d4b5554d5214955d4752d5755d50551545214052d555595550d48575415354d,685a6691ad699a66eda46fda76eda3685a06e9bb68da4691bb6e1af691bb69da1691bb6e1bb6e5a5,9d26d992649b6719b66c9ba719c2679ce6d9d2679ae719ce6e9c26a9be6d9ba719aa7099a6c9ce6a,3,"WAIT",000,00b,00c,0,4,3,0,3,00b,104,0,0,0,685a6691ad699a66e9a46fda76eda3685a06e9bb68da4695bb6e5af691be699a1695bb6e1bb6e5a4,0,00c,0,0,0,0,1,0,0,0,1,0
312,312,0,c0f02c0f02c0b02c0b02c0b02c0b02c0b02c0b02c0b02c0b06c1f42d3f4fc2b02c0b02c0b02c0b02,521515515d50d4b52d4b5554d5214955d4752d5755d50551545214052d555595550d48575415354d,685a6691ad699a66eda46fda76eda3685a06e9bb68da4691bb6e1af691bb69da1691bb6e1bb6e5a5,9d26d992649b6719b66c9ba719c2679ce6d9d2679ae719ce6e9c26a9be6d9ba719aa7099a6c9ce6a,3,"WAIT",000,00b,00c,0,4,3,0,3,00b,104,0,0,0,685a6691ad699a66e9a46fda76eda3685a06e9bb68da4695bb6e5af691be699a1695bb6e1bb6e5a4,0,00c,0,0,0,0,1,0,0,0,1,0
313,313,0,c0f02c0f02c0b02c0b02c0b02c0b02c0b02c0b02c0b02c0b06c1f42d3f4fc2b02c0b02c0b02c0b02,521515515d50d4b52d4b5554d5214955d4752d5755d50551545214052d555595550d48575415354d,685a6691ad699a66eda46fda76eda3685a06e9bb68da4691bb6e1af691bb69da1691bb6e1bb6e5a5,9d26d992649b6719b66c9ba719c2679ce6d9d2679ae719ce6e9c26a9be6d9ba719aa7099a6c9ce6a,3,"WAIT",000,00b,00c,0,4,3,0,3,00b,104,0,0,0,685a6691ad699a66e9a46fda76eda3685a06e9bb68da4695bb6e5af691be699a1695bb6e1bb6e5a4,0,00c,0,0,0,0,1,0,0,0,1,0
314,314,0,c0f02c0f02c0b02c0b02c0b02c0b02c0b02c0b02c0b02c0b06c1f42d3f4fc2b02c0b02c0b02c0b02,521515515d50d4b52d4b5554d5214955d4752d5755d50551545214052d555595550d48575415354d,685a6691ad699a66eda46fda76eda3685a06e9bb68da4691bb6e1af691bb69da1691bb6e1bb6e5a5,9d26d992649b6719b66c9ba719c2679ce6d9d2679ae719ce6e9c26a9be6d9ba719aa7099a6c9ce6a,3,"WAIT",000,00b,00c,0,4,3,0,3,00b,104,0,0,0,685a6691ad699a66e9a46fda76eda3685a06e9bb68da4695bb6e5af691be699a1695bb6e1bb6e5a4,0,00c,0,0,0,0,1,0,0,0,1,0
315,315,0,c0f02c0f02c0b02c0b02c0b02c0b02c0b02c0b02c0b02c0b06c1f42d3f4fc2b02c0b02c0b02c0b02,521515515d50d4b52d4b5554d5214955d4752d5755d50551545214052d555595550d48575415354d,685a6691ad699a66eda46fda76eda3685a06e9bb68da4691bb6e1af691bb69da1691bb6e1bb6e5a5,9d26d992649b6719b66c9ba719c2679ce6d9d2679ae719ce6e9c26a9be6d9ba719aa7099a6c9ce6a,3,"WAIT",000,00b,00c,0,4,3,0,3,00b,104,0,0,0,685a6691ad699a66e9a46fda76eda3685a06e9bb68da4695bb6e5af691be699a1695bb6e1bb6e5a4,0,00c,0,0,0,0,1,0,0,0,1,0
316,316,0,c0f02c0f02c0b02c0b02c0b02c0b02c0b02c0b02c0b02c0b06c1f42d3f4fc2b02c0b02c0b02c0b02,521515515d50d4b52d4b5554d5214955d4752d5755d50551545214052d555595550d48575415354d,685a6691ad699a66eda46fda76eda3685a06e9bb68da4691bb6e1af691bb69da1691bb6e1bb6e5a5,9d26d992649b6719b66c9ba719c2679ce6d9d2679ae719ce6e9c26a9be6d9ba719aa7099a6c9ce6a,3,"WAIT",000,00b,00c,0,4,3,0,3,00b,104,0,0,0,685a6691ad699a66e9a46fda76eda3685a06e9bb68da4695bb6e5af691be699a1695bb6e1bb6e5a4,0,00c,0,0,0,0,1,0,0,0,1,0
317,317,0,c0f02c0f02c0b02c0b02c0b02c0b02c0b02c0b02c0b02c0b06c1f42d3f4fc2b02c0b02c0b02c0b02,521515515d50d4b52d4b5554d5214955d4752d5755d50551545214052d555595550d48575415354d,685a6691ad699a66eda46fda76eda3685a06e9bb68da4691bb6e1af691bb69da1691bb6e1bb6e5a5,9d26d992649b6719b66c9ba719c2679ce6d9d2679ae719ce6e9c26a9be6d9ba719aa7099a6c9ce6a,3,"WAIT",000,00b,00c,0,4,3,0,3,00b,104,0,0,0,685a6691ad699a66e9a46fda76eda3685a06e9bb68da4695bb6e5af691be699a1695bb6e1bb6e5a4,0,00c,0,0,0,0,1,0,0,0,1,0
318,318,0,c0f02c0f02c0b02c0b02c0b02c0b02c0b02c0b02c0b02c0b06c1f42d3f4fc2b02c0b02c0b02c0b02,521515515d50d4b52d4b5554d5214955d4752d5755d50551545214052d555595550d48575415354d,685a6691ad699a66eda46fda76eda3685a06e9bb68da4691bb6e1af691bb69da1691bb6e1bb6e5a5,9d26d992649b6719b66c9ba719c2679ce6d9d2679ae719ce6e9c26a9be6d9ba719aa7099a6c9ce6a,3,"WAIT",000,00b,00c,0,4,3,0,3,00b,104,0,0,0,685a6691ad699a66e9a46fda76eda3685a06e9bb68da4695bb6e5af691be699a1695bb6e1bb6e5a4,0,00c,0,0,0,0,1,0,0,0,1,0
319,319,0,c0f02c0f02c0b02c0b02c0b02c0b02c0b02c0b02c0b02c0b06c1f42d3f4fc2b02c0b02c0b02c0b02,521515515d50d4b52d4b5554d5214955d4752d5755d50551545214052d555595550d48575415354d,685a6691ad699a66eda46fda76eda3685a06e9bb68da4691bb6e1af691bb69da1691bb6e1bb6e5a5,9d26d992649b6719b66c9ba719c2679ce6d9d2679ae719ce6e9c26a9be6d9ba719aa7099a6c9ce6a,3,"WAIT",000,00b,00c,0,4,3,0,3,00b,104,0,0,0,685a6691ad699a66e9a46fda76eda3685a06e9bb68da4695bb6e5af691be699a1695bb6e1bb6e5a4,0,00c,0,0,0,0,1,0,0,0,1,0
320,320,0,c0f02c0f02c0b02c0b02c0b02c0b02c0b02c0b02c0b02c0b06c1f42d3f4fc2b02c0b02c0b02c0b02,521515515d50d4b52d4b5554d5214955d4752d5755d50551545214052d555595550d48575415354d,685a6691ad699a66eda46fda76eda3685a06e9bb68da4691bb6e1af691bb69da1691bb6e1bb6e5a5,9d26d992649b6719b66c9ba719c2679ce6d9d2679ae719ce6e9c26a9be6d9ba719aa7099a6c9ce6a,3,"WAIT",000,00b,00c,0,4,3,0,3,00b,104,0,0,0,685a6691ad699a66e9a46fda76eda3685a06e9bb68da4695bb6e5af691be699a1695bb6e1bb6e5a4,0,00c,0,0,0,0,1,0,0,0,1,0
321,321,0,c0f02c0f02c0b02c0b02c0b02c0b02c0b02c0b02c0b02c0b06c1f42d3f4fc2b02c0b02c0b02c0b02,521515515d50d4b52d4b5554d5214955d4752d5755d50551545214052d555595550d48575415354d,685a6691ad699a66eda46fda76eda3685a06e9bb68da4691bb6e1af691bb69da1691bb6e1bb6e5a5,9d26d992649b6719b66c9ba719c2679ce6d9d2679ae719ce6e9c26a9be6d9ba719aa7099a6c9ce6a,3,"WAIT",000,00b,00c,0,4,3,0,3,00b,104,0,0,0,685a6691ad699a66e9a46fda76eda3685a06e9bb68da4695bb6e5af691be699a1695bb6e1bb6e5a4,0,00c,0,0,0,0,1,0,0,0,1,0
322,322,0,c0f02c0f02c0b02c0b02c0b02c0b02c0b02c0b02c0b02c0b06c1f42d3f4fc2b02c0b02c0b02c0b02,521515515d50d4b52d4b5554d5214955d4752d5755d50551545214052d555595550d48575415354d,685a6691ad699a66eda46fda76eda3685a06e9bb68da4691bb6e1af691bb69da1691bb6e1bb6e5a5,9d26d992649b6719b66c9ba719c2679ce6d9d2679ae719ce6e9c26a9be6d9ba719aa7099a6c9ce6a,3,"WAIT",000,00b,00c,0,4,3,0,3,00b,104,0,0,0,685a6691ad699a66e9a46fda76eda3685a06e9bb68da4695bb6e5af691be699a1695bb6e1bb6e5a4,0,00c,0,0,0,0,1,0,0,0,1,0
323,323,0,c0f02c0f02c0b02c0b02c0b02c0b02c0b02c0b02c0b02c0b06c1f42d3f4fc2b02c0b02c0b02c0b02,521515515d50d4b52d4b5554d5214955d4752d5755d50551545214052d555595550d48575415354d,685a6691ad699a66eda46fda76eda3685a06e9bb68da4691bb6e1af691bb69da1691bb6e1bb6e5a5,9d26d992649b6719b66c9ba719c2679ce6d9d2679ae719ce6e9c26a9be6d9ba719aa7099a6c9ce6a,3,"WAIT",000,00b,00c,0,4,3,0,3,00b,104,0,0,0,685a6691ad699a66e9a46fda76eda3685a06e9bb68da4695bb6e5af691be699a1695bb6e1bb6e5a4,0,00c,0,0,0,0,1,0,0,0,1,0
324,324,0,c0f02c0f02c0b02c0b02c0b02c0b02c0b02c0b02c0b02c0b06c1f42d3f4fc2b02c0b02c0b02c0b02,521515515d50d4b52d4b5554d5214955d4752d5755d50551545214052d555595550d48575415354d,685a6691ad699a66eda46fda76eda3685a06e9bb68da4691bb6e1af691bb69da1691bb6e1bb6e5a5,9d26d992649b6719b66c9ba719c2679ce6d9d2679ae719ce6e9c26a9be6d9ba719aa7099a6c9ce6a,3,"WAIT",000,00b,00c,0,4,3,0,3,00b,104,0,0,0,685a6691ad699a66e9a46fda76eda3685a06e9bb68da4695bb6e5af691be699a1695bb6e1bb6e5a4,0,00c,0,0,0,0,1,0,0,0,1,0
325,325,0,c0f02c0f02c0b02c0b02c0b02c0b02c0b02c0b02c0b02c0b06c1f42d3f4fc2b02c0b02c0b02c0b02,521515515d50d4b52d4b5554d5214955d4752d5755d50551545214052d555595550d48575415354d,685a6691ad699a66eda46fda76eda3685a06e9bb68da4691bb6e1af691bb69da1691bb6e1bb6e5a5,9d26d992649b6719b66c9ba719c2679ce6d9d2679ae719ce6e9c26a9be6d9ba719aa7099a6c9ce6a,3,"WAIT",000,00b,00c,0,4,3,0,3,00b,104,0,0,0,685a6691ad699a66e9a46fda76eda3685a06e9bb68da4695bb6e5af691be699a1695bb6e1bb6e5a4,0,00c,0,0,0,0,1,0,0,0,1,0
326,326,0,c0f02c0f02c0b02c0b02c0b02c0b02c0b02c0b02c0b02c0b06c1f42d3f4fc2b02c0b02c0b02c0b02,521515515d50d4b52d4b5554d5214955d4752d5755d50551545214052d555595550d48575415354d,685a6691ad699a66eda46fda76eda3685a06e9bb68da4691bb6e1af691bb69da1691bb6e1bb6e5a5,9d26d992649b6719b66c9ba719c2679ce6d9d2679ae719ce6e9c26a9be6d9ba719aa7099a6c9ce6a,3,"WAIT",000,00b,00c,0,4,3,0,3,00b,104,0,0,0,685a6691ad699a66e9a46fda76eda3685a06e9bb68da4695bb6e5af691be699a1695bb6e1bb6e5a4,0,00c,0,0,0,0,1,0,0,0,1,0
327,327,0,c0f02c0f02c0b02c0b02c0b02c0b02c0b02c0b02c0b02c0b06c1f42d3f4fc2b02c0b02c0b02c0b02,521515515d50d4b52d4b5554d5214955d4752d5755d50551545214052d555595550d48575415354d,685a6691ad699a66eda46fda76eda3685a06e9bb68da4691bb6e1af691bb69da1691bb6e1bb6e5a5,9d26d992649b6719b66c9ba719c2679ce6d9d2679ae719ce6e9c26a9be6d9ba719aa7099a6c9ce6a,3,"WAIT",000,00b,00c,0,4,3,0,3,00b,104,0,0,0,685a6691ad699a66e9a46fda76eda3685a06e9bb68da4695bb6e5af691be699a1695bb6e1bb6e5a4,0,00c,0,0,0,0,1,0,0,0,1,0
328,328,0,c0f02c0f02c0b02c0b02c0b02c0b02c0b02c0b02c0b02c0b06c1f42d3f4fc2b02c0b02c0b02c0b02,521515515d50d4b52d4b5554d5214955d4752d5755d50551545214052d555595550d48575415354d,685a6691ad699a66eda46fda76eda3685a06e9bb68da4691bb6e1af691bb69da1691bb6e1bb6e5a5,9d26d992649b6719b66c9ba719c2679ce6d9d2679ae719ce6e9c26a9be6d9ba719aa7099a6c9ce6a,3,"WAIT",000,00b,00c,0,4,3,0,3,00b,104,0,0,0,685a6691ad699a66e9a46fda76eda3685a06e9bb68da4695bb6e5af691be699a1695bb6e1bb6e5a4,0,00c,0,0,0,0,1,0,0,0,1,0
329,329,0,c0f02c0f02c0b02c0b02c0b02c0b02c0b02c0b02c0b02c0b06c1f42d3f4fc2b02c0b02c0b02c0b02,521515515d50d4b52d4b5554d5214955d4752d5755d50551545214052d555595550d48575415354d,685a6691ad699a66eda46fda76eda3685a06e9bb68da4691bb6e1af691bb69da1691bb6e1bb6e5a5,9d26d992649b6719b66c9ba719c2679ce6d9d2679ae719ce6e9c26a9be6d9ba719aa7099a6c9ce6a,3,"WAIT",000,00b,00c,0,4,3,0,3,00b,104,0,0,0,685a6691ad699a66e9a46fda76eda3685a06e9bb68da4695bb6e5af691be699a1695bb6e1bb6e5a4,0,00c,0,0,0,0,1,0,0,0,1,0
330,330,0,c0f02c0f02c0b02c0b02c0b02c0b02c0b02c0b02c0b02c0b06c1f42d3f4fc2b02c0b02c0b02c0b02,521515515d50d4b52d4b5554d5214955d4752d5755d50551545214052d555595550d48575415354d,685a6691ad699a66eda46fda76eda3685a06e9bb68da4691bb6e1af691bb69da1691bb6e1bb6e5a5,9d26d992649b6719b66c9ba719c2679ce6d9d2679ae719ce6e9c26a9be6d9ba719aa7099a6c9ce6a,3,"WAIT",000,00b,00c,0,4,3,0,3,00b,104,0,0,0,685a6691ad699a66e9a46fda76eda3685a06e9bb68da4695bb6e5af691be699a1695bb6e1bb6e5a4,0,00c,0,0,0,0,1,0,0,0,1,0
331,331,0,c0f02c0f02c0b02c0b02c0b02c0b02c0b02c0b02c0b02c0b06c1f42d3f4fc2b02c0b02c0b02c0b02,521515515d50d4b52d4b5554d5214955d4752d5755d50551545214052d555595550d48575415354d,685a6691ad699a66eda46fda76eda3685a06e9bb68da4691bb6e1af691bb69da1691bb6e1bb6e5a5,9d26d992649b6719b66c9ba719c2679ce6d9d2679ae719ce6e9c26a9be6d9ba719aa7099a6c9ce6a,3,"WAIT",000,00b,00c,0,4,3,0,3,00b,104,0,0,0,685a6691ad699a66e9a46fda76eda3685a06e9bb68da4695bb6e5af691be699a1695bb6e1bb6e5a4,0,00c,0,0,0,0,1,0,0,0,1,0
332,332,0,c0f02c0f02c0b02c0b02c0b02c0b02c0b02c0b02c0b02c0b06c1f42d3f4fc2b02c0b02c0b02c0b02,521515515d50d4b52d4b5554d5214955d4752d5755d50551545214052d555595550d48575415354d,685a6691ad699a66eda46fda76eda3685a06e9bb68da4691bb6e1af691bb69da1691bb6e1bb6e5a5,9d26d992649b6719b66c9ba719c2679ce6d9d2679ae719ce6e9c26a9be6d9ba719aa7099a6c9ce6a,3,"WAIT",000,00b,00c,0,4,3,0,3,00b,104,0,0,0,685a6691ad699a66e9a46fda76eda3685a06e9bb68da4695bb6e5af691be699a1695bb6e1bb6e5a4,0,00c,0,0,0,0,1,0,0,0,1,0
333,333,0,c0f02c0f02c0b02c0b02c0b02c0b02c0b02c0b02c0b02c0b06c1f42d3f4fc2b02c0b02c0b02c0b02,521515515d50d4b52d4b5554d5214955d4752d5755d50551545214052d555595550d48575415354d,685a6691ad699a66eda46fda76eda3685a06e9bb68da4691bb6e1af691bb69da1691bb6e1bb6e5a5,9d26d992649b6719b66c9ba719c2679ce6d9d2679ae719ce6e9c26a9be6d9ba719aa7099a6c9ce6a,3,"WAIT",000,00b,00c,0,4,3,0,3,00b,104,0,0,0,685a6691ad699a66e9a46fda76eda3685a06e9bb68da4695bb6e5af691be699a1695bb6e1bb6e5a4,0,00c,0,0,0,0,1,0,0,0,1,0
334,334,0,c0f02c0f02c0b02c0b02c0b02c0b02c0b02c0b02c0b02c0b06c1f42d3f4fc2b02c0b02c0b02c0b02,521515515d50d4b52d4b5554d5214955d4752d5755d50551545214052d555595550d48575415354d,685a6691ad699a66eda46fda76eda3685a06e9bb68da4691bb6e1af691bb69da1691bb6e1bb6e5a5,9d26d992649b6719b66c9ba719c2679ce6d9d2679ae719ce6e9c26a9be6d9ba719aa7099a6c9ce6a,3,"WAIT",000,00b,00c,0,4,3,0,3,00b,104,0,0,0,685a6691ad699a66e9a46fda76eda3685a06e9bb68da4695bb6e5af691be699a1695bb6e1bb6e5a4,0,00c,0,0,0,0,1,0,0,0,1,0
335,335,0,c0f02c0f02c0b02c0b02c0b02c0b02c0b02c0b02c0b02c0b06c1f42d3f4fc2b02c0b02c0b02c0b02,521515515d50d4b52d4b5554d5214955d4752d5755d50551545214052d555595550d48575415354d,685a6691ad699a66eda46fda76eda3685a06e9bb68da4691bb6e1af691bb69da1691bb6e1bb6e5a5,9d26d992649b6719b66c9ba719c2679ce6d9d2679ae719ce6e9c26a9be6d9ba719aa7099a6c9ce6a,3,"WAIT",000,00b,00c,0,4,3,0,3,00b,104,0,0,0,685a6691ad699a66e9a46fda76eda3685a06e9bb68da4695bb6e5af691be699a1695bb6e1bb6e5a4,0,00c,0,0,0,0,1,0,0,0,1,0
336,336,0,c0f02c0f02c0b02c0b02c0b02c0b02c0b02c0b02c0b02c0b06c1f42d3f4fc2b02c0b02c0b02c0b02,521515515d50d4b52d4b5554d5214955d4752d5755d50551545214052d555595550d48575415354d,685a6691ad699a66eda46fda76eda3685a06e9bb68da4691bb6e1af691bb69da1691bb6e1bb6e5a5,9d26d992649b6719b66c9ba719c2679ce6d9d2679ae719ce6e9c26a9be6d9ba719aa7099a6c9ce6a,3,"WAIT",000,00b,00c,0,4,3,0,3,00b,104,0,0,0,685a6691ad699a66e9a46fda76eda3685a06e9bb68da4695bb6e5af691be699a1695bb6e1bb6e5a4,0,00c,0,0,0,0,1,0,0,0,1,0
337,337,0,c0f02c0f02c0b02c0b02c0b02c0b02c0b02c0b02c0b02c0b06c1f42d3f4fc2b02c0b02c0b02c0b02,521515515d50d4b52d4b5554d5214955d4752d5755d50551545214052d555595550d48575415354d,685a6691ad699a66eda46fda76eda3685a06e9bb68da4691bb6e1af691bb69da1691bb6e1bb6e5a5,9d26d992649b6719b66c9ba719c2679ce6d9d2679ae719ce6e9c26a9be6d9ba719aa7099a6c9ce6a,3,"WAIT",000,00b,00c,0,4,3,0,3,00b,104,0,0,0,685a6691ad699a66e9a46fda76eda3685a06e9bb68da4695bb6e5af691be699a1695bb6e1bb6e5a4,0,00c,0,0,0,0,1,0,0,0,1,0
338,338,0,c0f02c0f02c0b02c0b02c0b02c0b02c0b02c0b02c0b02c0b06c1f42d3f4fc2b02c0b02c0b02c0b02,521515515d50d4b52d4b5554d5214955d4752d5755d50551545214052d555595550d48575415354d,685a6691ad699a66eda46fda76eda3685a06e9bb68da4691bb6e1af691bb69da1691bb6e1bb6e5a5,9d26d992649b6719b66c9ba719c2679ce6d9d2679ae719ce6e9c26a9be6d9ba719aa7099a6c9ce6a,3,"WAIT",000,00b,00c,0,4,3,0,3,00b,104,0,0,0,685a6691ad699a66e9a46fda76eda3685a06e9bb68da4695bb6e5af691be699a1695bb6e1bb6e5a4,0,00c,0,0,0,0,1,0,0,0,1,0
339,339,0,c0f02c0f02c0b02c0b02c0b02c0b02c0b02c0b02c0b02c0b06c1f42d3f4fc2b02c0b02c0b02c0b02,521515515d50d4b52d4b5554d5214955d4752d5755d50551545214052d555595550d48575415354d,685a6691ad699a66eda46fda76eda3685a06e9bb68da4691bb6e1af691bb69da1691bb6e1bb6e5a5,9d26d992649b6719b66c9ba719c2679ce6d9d2679ae719ce6e9c26a9be6d9ba719aa7099a6c9ce6a,3,"WAIT",000,00b,00c,0,4,3,0,3,00b,104,0,0,0,685a6691ad699a66e9a46fda76eda3685a06e9bb68da4695bb6e5af691be699a1695bb6e1bb6e5a4,0,00c,0,0,0,0,1,0,0,0,1,0
340,340,0,c0f02c0f02c0b02c0b02c0b02c0b02c0b02c0b02c0b02c0b06c1f42d3f4fc2b02c0b02c0b02c0b02,521515515d50d4b52d4b5554d5214955d4752d5755d50551545214052d555595550d48575415354d,685a6691ad699a66eda46fda76eda3685a06e9bb68da4691bb6e1af691bb69da1691bb6e1bb6e5a5,9d26d992649b6719b66c9ba719c2679ce6d9d2679ae719ce6e9c26a9be6d9ba719aa7099a6c9ce6a,3,"WAIT",000,00b,00c,0,4,3,0,3,00b,104,0,0,0,685a6691ad699a66e9a46fda76eda3685a06e9bb68da4695bb6e5af691be699a1695bb6e1bb6e5a4,0,00c,0,0,0,0,1,0,0,0,1,0
341,341,0,c0f02c0f02c0b02c0b02c0b02c0b02c0b02c0b02c0b02c0b06c1f42d3f4fc2b02c0b02c0b02c0b02,521515515d50d4b52d4b5554d5214955d4752d5755d50551545214052d555595550d48575415354d,685a6691ad699a66eda46fda76eda3685a06e9bb68da4691bb6e1af691bb69da1691bb6e1bb6e5a5,9d26d992649b6719b66c9ba719c2679ce6d9d2679ae719ce6e9c26a9be6d9ba719aa7099a6c9ce6a,3,"WAIT",000,00b,00c,0,4,3,0,3,00b,104,0,0,0,685a6691ad699a66e9a46fda76eda3685a06e9bb68da4695bb6e5af691be699a1695bb6e1bb6e5a4,0,00c,0,0,0,0,1,0,0,0,1,0
342,342,0,c0f02c0f02c0b02c0b02c0b02c0b02c0b02c0b02c0b02c0b06c1f42d3f4fc2b02c0b02c0b02c0b02,521515515d50d4b52d4b5554d5214955d4752d5755d50551545214052d555595550d48575415354d,685a6691ad699a66eda46fda76eda3685a06e9bb68da4691bb6e1af691bb69da1691bb6e1bb6e5a5,9d26d992649b6719b66c9ba719c2679ce6d9d2679ae719ce6e9c26a9be6d9ba719aa7099a6c9ce6a,3,"WAIT",000,00b,00c,0,4,3,0,3,00b,104,0,0,0,685a6691ad699a66e9a46fda76eda3685a06e9bb68da4695bb6e5af691be699a1695bb6e1bb6e5a4,0,00c,0,0,0,0,1,0,0,0,1,0
343,343,0,c0f02c0f02c0b02c0b02c0b02c0b02c0b02c0b02c0b02c0b06c1f42d3f4fc2b02c0b02c0b02c0b02,521515515d50d4b52d4b5554d5214955d4752d5755d50551545214052d555595550d48575415354d,685a6691ad699a66eda46fda76eda3685a06e9bb68da4691bb6e1af691bb69da1691bb6e1bb6e5a5,9d26d992649b6719b66c9ba719c2679ce6d9d2679ae719ce6e9c26a9be6d9ba719aa7099a6c9ce6a,3,"WAIT",000,00b,00c,0,4,3,0,3,00b,104,0,0,0,685a6691ad699a66e9a46fda76eda3685a06e9bb68da4695bb6e5af691be699a1695bb6e1bb6e5a4,0,00c,0,0,0,0,1,0,0,0,1,0
344,344,0,c0f02c0f02c0b02c0b02c0b02c0b02c0b02c0b02c0b02c0b06c1f42d3f4fc2b02c0b02c0b02c0b02,521515515d50d4b52d4b5554d5214955d4752d5755d50551545214052d555595550d48575415354d,685a6691ad699a66eda46fda76eda3685a06e9bb68da4691bb6e1af691bb69da1691bb6e1bb6e5a5,9d26d992649b6719b66c9ba719c2679ce6d9d2679ae719ce6e9c26a9be6d9ba719aa7099a6c9ce6a,3,"WAIT",000,00b,00c,0,4,3,0,3,00b,104,0,0,0,685a6691ad699a66e9a46fda76eda3685a06e9bb68da4695bb6e5af691be699a1695bb6e1bb6e5a4,0,00c,0,0,0,0,1,0,0,0,1,0
345,345,0,c0f02c0f02c0b02c0b02c0b02c0b02c0b02c0b02c0b02c0b06c1f42d3f4fc2b02c0b02c0b02c0b02,521515515d50d4b52d4b5554d5214955d4752d5755d50551545214052d555595550d48575415354d,685a6691ad699a66eda46fda76eda3685a06e9bb68da4691bb6e1af691bb69da1691bb6e1bb6e5a5,9d26d992649b6719b66c9ba719c2679ce6d9d2679ae719ce6e9c26a9be6d9ba719aa7099a6c9ce6a,3,"WAIT",000,00b,00c,0,4,3,0,3,00b,104,0,0,0,685a6691ad699a66e9a46fda76eda3685a06e9bb68da4695bb6e5af691be699a1695bb6e1bb6e5a4,0,00c,0,0,0,0,1,0,0,0,1,0
346,346,0,c0f02c0f02c0b02c0b02c0b02c0b02c0b02c0b02c0b02c0b06c1f42d3f4fc2b02c0b02c0b02c0b02,521515515d50d4b52d4b5554d5214955d4752d5755d50551545214052d555595550d48575415354d,685a6691ad699a66eda46fda76eda3685a06e9bb68da4691bb6e1af691bb69da1691bb6e1bb6e5a5,9d26d992649b6719b66c9ba719c2679ce6d9d2679ae719ce6e9c26a9be6d9ba719aa7099a6c9ce6a,3,"WAIT",000,00b,00c,0,4,3,0,3,00b,104,0,0,0,685a6691ad699a66e9a46fda76eda3685a06e9bb68da4695bb6e5af691be699a1695bb6e1bb6e5a4,0,00c,0,0,0,0,1,0,0,0,1,0
347,347,0,c0f02c0f02c0b02c0b02c0b02c0b02c0b02c0b02c0b02c0b06c1f42d3f4fc2b02c0b02c0b02c0b02,521515515d50d4b52d4b5554d5214955d4752d5755d50551545214052d555595550d48575415354d,685a6691ad699a66eda46fda76eda3685a06e9bb68da4691bb6e1af691bb69da1691bb6e1bb6e5a5,9d26d992649b6719b66c9ba719c2679ce6d9d2679ae719ce6e9c26a9be6d9ba719aa7099a6c9ce6a,3,"WAIT",000,00b,00c,0,4,3,0,3,00b,104,0,0,0,685a6691ad699a66e9a46fda76eda3685a06e9bb68da4695bb6e5af691be699a1695bb6e1bb6e5a4,0,00c,0,0,0,0,1,0,0,0,1,0
348,348,0,c0f02c0f02c0b02c0b02c0b02c0b02c0b02c0b02c0b02c0b06c1f42d3f4fc2b02c0b02c0b02c0b02,521515515d50d4b52d4b5554d5214955d4752d5755d50551545214052d555595550d48575415354d,685a6691ad699a66eda46fda76eda3685a06e9bb68da4691bb6e1af691bb69da1691bb6e1bb6e5a5,9d26d992649b6719b66c9ba719c2679ce6d9d2679ae719ce6e9c26a9be6d9ba719aa7099a6c9ce6a,3,"WAIT",000,00b,00c,0,4,3,0,3,00b,104,0,0,0,685a6691ad699a66e9a46fda76eda3685a06e9bb68da4695bb6e5af691be699a1695bb6e1bb6e5a4,0,00c,0,0,0,0,1,0,0,0,1,0
349,349,0,c0f02c0f02c0b02c0b02c0b02c0b02c0b02c0b02c0b02c0b06c1f42d3f4fc2b02c0b02c0b02c0b02,521515515d50d4b52d4b5554d5214955d4752d5755d50551545214052d555595550d48575415354d,685a6691ad699a66eda46fda76eda3685a06e9bb68da4691bb6e1af691bb69da1691bb6e1bb6e5a5,9d26d992649b6719b66c9ba719c2679ce6d9d2679ae719ce6e9c26a9be6d9ba719aa7099a6c9ce6a,3,"WAIT",000,00b,00c,0,4,3,0,3,00b,104,0,0,0,685a6691ad699a66e9a46fda76eda3685a06e9bb68da4695bb6e5af691be699a1695bb6e1bb6e5a4,0,00c,0,0,0,0,1,0,0,0,1,0
350,350,0,c0f02c0f02c0b02c0b02c0b02c0b02c0b02c0b02c0b02c0b06c1f42d3f4fc2b02c0b02c0b02c0b02,521515515d50d4b52d4b5554d5214955d4752d5755d50551545214052d555595550d48575415354d,685a6691ad699a66eda46fda76eda3685a06e9bb68da4691bb6e1af691bb69da1691bb6e1bb6e5a5,9d26d992649b6719b66c9ba719c2679ce6d9d2679ae719ce6e9c26a9be6d9ba719aa7099a6c9ce6a,3,"WAIT",000,00b,00c,0,4,3,0,3,00b,104,0,0,0,685a6691ad699a66e9a46fda76eda3685a06e9bb68da4695bb6e5af691be699a1695bb6e1bb6e5a4,0,00c,0,0,0,0,1,0,0,0,1,0
351,351,0,c0f02c0f02c0b02c0b02c0b02c0b02c0b02c0b02c0b02c0b06c1f42d3f4fc2b02c0b02c0b02c0b02,521515515d50d4b52d4b5554d5214955d4752d5755d50551545214052d555595550d48575415354d,685a6691ad699a66eda46fda76eda3685a06e9bb68da4691bb6e1af691bb69da1691bb6e1bb6e5a5,9d26d992649b6719b66c9ba719c2679ce6d9d2679ae719ce6e9c26a9be6d9ba719aa7099a6c9ce6a,3,"WAIT",000,00b,00c,0,4,3,0,3,00b,104,0,0,0,685a6691ad699a66e9a46fda76eda3685a06e9bb68da4695bb6e5af691be699a1695bb6e1bb6e5a4,0,00c,0,0,0,0,1,0,0,0,1,0
352,352,0,c0f02c0f02c0b02c0b02c0b02c0b02c0b02c0b02c0b02c0b06c1f42d3f4fc2b02c0b02c0b02c0b02,521515515d50d4b52d4b5554d5214955d4752d5755d50551545214052d555595550d48575415354d,685a6691ad699a66eda46fda76eda3685a06e9bb68da4691bb6e1af691bb69da1691bb6e1bb6e5a5,9d26d992649b6719b66c9ba719c2679ce6d9d2679ae719ce6e9c26a9be6d9ba719aa7099a6c9ce6a,3,"WAIT",000,00b,00c,0,4,3,0,3,00b,104,0,0,0,685a6691ad699a66e9a46fda76eda3685a06e9bb68da4695bb6e5af691be699a1695bb6e1bb6e5a4,0,00c,0,0,0,0,1,0,0,0,1,0
353,353,0,c0f02c0f02c0b02c0b02c0b02c0b02c0b02c0b02c0b02c0b06c1f42d3f4fc2b02c0b02c0b02c0b02,521515515d50d4b52d4b5554d5214955d4752d5755d50551545214052d555595550d48575415354d,685a6691ad699a66eda46fda76eda3685a06e9bb68da4691bb6e1af691bb69da1691bb6e1bb6e5a5,9d26d992649b6719b66c9ba719c2679ce6d9d2679ae719ce6e9c26a9be6d9ba719aa7099a6c9ce6a,3,"WAIT",000,00b,00c,0,4,3,0,3,00b,104,0,0,0,685a6691ad699a66e9a46fda76eda3685a06e9bb68da4695bb6e5af691be699a1695bb6e1bb6e5a4,0,00c,0,0,0,0,1,0,0,0,1,0
354,354,0,c0f02c0f02c0b02c0b02c0b02c0b02c0b02c0b02c0b02c0b06c1f42d3f4fc2b02c0b02c0b02c0b02,521515515d50d4b52d4b5554d5214955d4752d5755d50551545214052d555595550d48575415354d,685a6691ad699a66eda46fda76eda3685a06e9bb68da4691bb6e1af691bb69da1691bb6e1bb6e5a5,9d26d992649b6719b66c9ba719c2679ce6d9d2679ae719ce6e9c26a9be6d9ba719aa7099a6c9ce6a,3,"WAIT",000,00b,00c,0,4,3,0,3,00b,104,0,0,0,685a6691ad699a66e9a46fda76eda3685a06e9bb68da4695bb6e5af691be699a1695bb6e1bb6e5a4,0,00c,0,0,0,0,1,0,0,0,1,0
355,355,0,c0f02c0f02c0b02c0b02c0b02c0b02c0b02c0b02c0b02c0b06c1f42d3f4fc2b02c0b02c0b02c0b02,521515515d50d4b52d4b5554d5214955d4752d5755d50551545214052d555595550d48575415354d,685a6691ad699a66eda46fda76eda3685a06e9bb68da4691bb6e1af691bb69da1691bb6e1bb6e5a5,9d26d992649b6719b66c9ba719c2679ce6d9d2679ae719ce6e9c26a9be6d9ba719aa7099a6c9ce6a,3,"WAIT",000,00b,00c,0,4,3,0,3,00b,104,0,0,0,685a6691ad699a66e9a46fda76eda3685a06e9bb68da4695bb6e5af691be699a1695bb6e1bb6e5a4,0,00c,0,0,0,0,1,0,0,0,1,0
356,356,0,c0f02c0f02c0b02c0b02c0b02c0b02c0b02c0b02c0b02c0b06c1f42d3f4fc2b02c0b02c0b02c0b02,521515515d50d4b52d4b5554d5214955d4752d5755d50551545214052d555595550d48575415354d,685a6691ad699a66eda46fda76eda3685a06e9bb68da4691bb6e1af691bb69da1691bb6e1bb6e5a5,9d26d992649b6719b66c9ba719c2679ce6d9d2679ae719ce6e9c26a9be6d9ba719aa7099a6c9ce6a,3,"WAIT",000,00b,00c,0,4,3,0,3,00b,104,0,0,0,685a6691ad699a66e9a46fda76eda3685a06e9bb68da4695bb6e5af691be699a1695bb6e1bb6e5a4,0,00c,0,0,0,0,1,0,0,0,1,0
357,357,0,c0f02c0f02c0b02c0b02c0b02c0b02c0b02c0b02c0b02c0b06c1f42d3f4fc2b02c0b02c0b02c0b02,521515515d50d4b52d4b5554d5214955d4752d5755d50551545214052d555595550d48575415354d,685a6691ad699a66eda46fda76eda3685a06e9bb68da4691bb6e1af691bb69da1691bb6e1bb6e5a5,9d26d992649b6719b66c9ba719c2679ce6d9d2679ae719ce6e9c26a9be6d9ba719aa7099a6c9ce6a,3,"WAIT",000,00b,00c,0,4,3,0,3,00b,104,0,0,0,685a6691ad699a66e9a46fda76eda3685a06e9bb68da4695bb6e5af691be699a1695bb6e1bb6e5a4,0,00c,0,0,0,0,1,0,0,0,1,0
358,358,0,c0f02c0f02c0b02c0b02c0b02c0b02c0b02c0b02c0b02c0b06c1f42d3f4fc2b02c0b02c0b02c0b02,521515515d50d4b52d4b5554d5214955d4752d5755d50551545214052d555595550d48575415354d,685a6691ad699a66eda46fda76eda3685a06e9bb68da4691bb6e1af691bb69da1691bb6e1bb6e5a5,9d26d992649b6719b66c9ba719c2679ce6d9d2679ae719ce6e9c26a9be6d9ba719aa7099a6c9ce6a,3,"WAIT",000,00b,00c,0,4,3,0,3,00b,104,0,0,0,685a6691ad699a66e9a46fda76eda3685a06e9bb68da4695bb6e5af691be699a1695bb6e1bb6e5a4,0,00c,0,0,0,0,1,0,0,0,1,0
359,359,0,c0f02c0f02c0b02c0b02c0b02c0b02c0b02c0b02c0b02c0b06c1f42d3f4fc2b02c0b02c0b02c0b02,521515515d50d4b52d4b5554d5214955d4752d5755d50551545214052d555595550d48575415354d,685a6691ad699a66eda46fda76eda3685a06e9bb68da4691bb6e1af691bb69da1691bb6e1bb6e5a5,9d26d992649b6719b66c9ba719c2679ce6d9d2679ae719ce6e9c26a9be6d9ba719aa7099a6c9ce6a,3,"WAIT",000,00b,00c,0,4,3,0,3,00b,104,0,0,0,685a6691ad699a66e9a46fda76eda3685a06e9bb68da4695bb6e5af691be699a1695bb6e1bb6e5a4,0,00c,0,0,0,0,1,0,0,0,1,0
360,360,0,c0f02c0f02c0b02c0b02c0b02c0b02c0b02c0b02c0b02c0b06c1f42d3f4fc2b02c0b02c0b02c0b02,521515515d50d4b52d4b5554d5214955d4752d5755d50551545214052d555595550d48575415354d,685a6691ad699a66eda46fda76eda3685a06e9bb68da4691bb6e1af691bb69da1691bb6e1bb6e5a5,9d26d992649b6719b66c9ba719c2679ce6d9d2679ae719ce6e9c26a9be6d9ba719aa7099a6c9ce6a,3,"WAIT",000,00b,00c,0,4,3,0,3,00b,104,0,0,0,685a6691ad699a66e9a46fda76eda3685a06e9bb68da4695bb6e5af691be699a1695bb6e1bb6e5a4,0,00c,0,0,0,0,1,0,0,0,1,0
361,361,0,c0f02c0f02c0b02c0b02c0b02c0b02c0b02c0b02c0b02c0b06c1f42d3f4fc2b02c0b02c0b02c0b02,521515515d50d4b52d4b5554d5214955d4752d5755d50551545214052d555595550d48575415354d,685a6691ad699a66eda46fda76eda3685a06e9bb68da4691bb6e1af691bb69da1691bb6e1bb6e5a5,9d26d992649b6719b66c9ba719c2679ce6d9d2679ae719ce6e9c26a9be6d9ba719aa7099a6c9ce6a,3,"WAIT",000,00b,00c,0,4,3,0,3,00b,104,0,0,0,685a6691ad699a66e9a46fda76eda3685a06e9bb68da4695bb6e5af691be699a1695bb6e1bb6e5a4,0,00c,0,0,0,0,1,0,0,0,1,0
362,362,0,c0f02c0f02c0b02c0b02c0b02c0b02c0b02c0b02c0b02c0b06c1f42d3f4fc2b02c0b02c0b02c0b02,521515515d50d4b52d4b5554d5214955d4752d5755d50551545214052d555595550d48575415354d,685a6691ad699a66eda46fda76eda3685a06e9bb68da4691bb6e1af691bb69da1691bb6e1bb6e5a5,9d26d992649b6719b66c9ba719c2679ce6d9d2679ae719ce6e9c26a9be6d9ba719aa7099a6c9ce6a,3,"WAIT",000,00b,00c,0,4,3,0,3,00b,104,0,0,0,685a6691ad699a66e9a46fda76eda3685a06e9bb68da4695bb6e5af691be699a1695bb6e1bb6e5a4,0,00c,0,0,0,0,1,0,0,0,1,0
363,363,0,c0f02c0f02c0b02c0b02c0b02c0b02c0b02c0b02c0b02c0b06c1f42d3f4fc2b02c0b02c0b02c0b02,521515515d50d4b52d4b5554d5214955d4752d5755d50551545214052d555595550d48575415354d,685a6691ad699a66eda46fda76eda3685a06e9bb68da4691bb6e1af691bb69da1691bb6e1bb6e5a5,9d26d992649b6719b66c9ba719c2679ce6d9d2679ae719ce6e9c26a9be6d9ba719aa7099a6c9ce6a,3,"WAIT",000,00b,00c,0,4,3,0,3,00b,104,0,0,0,685a6691ad699a66e9a46fda76eda3685a06e9bb68da4695bb6e5af691be699a1695bb6e1bb6e5a4,0,00c,0,0,0,0,1,0,0,0,1,0
364,364,0,c0f02c0f02c0b02c0b02c0b02c0b02c0b02c0b02c0b02c0b06c1f42d3f4fc2b02c0b02c0b02c0b02,521515515d50d4b52d4b5554d5214955d4752d5755d50551545214052d555595550d48575415354d,685a6691ad699a66eda46fda76eda3685a06e9bb68da4691bb6e1af691bb69da1691bb6e1bb6e5a5,9d26d992649b6719b66c9ba719c2679ce6d9d2679ae719ce6e9c26a9be6d9ba719aa7099a6c9ce6a,3,"WAIT",000,00b,00c,0,4,3,0,3,00b,104,0,0,0,685a6691ad699a66e9a46fda76eda3685a06e9bb68da4695bb6e5af691be699a1695bb6e1bb6e5a4,0,00c,0,0,0,0,1,0,0,0,1,0
365,365,0,c0f02c0f02c0b02c0b02c0b02c0b02c0b02c0b02c0b02c0b06c1f42d3f4fc2b02c0b02c0b02c0b02,521515515d50d4b52d4b5554d5214955d4752d5755d50551545214052d555595550d48575415354d,685a6691ad699a66eda46fda76eda3685a06e9bb68da4691bb6e1af691bb69da1691bb6e1bb6e5a5,9d26d992649b6719b66c9ba719c2679ce6d9d2679ae719ce6e9c26a9be6d9ba719aa7099a6c9ce6a,3,"WAIT",000,00b,00c,0,4,3,0,3,00b,104,0,0,0,685a6691ad699a66e9a46fda76eda3685a06e9bb68da4695bb6e5af691be699a1695bb6e1bb6e5a4,0,00c,0,0,0,0,1,0,0,0,1,0
366,366,0,c0f02c0f02c0b02c0b02c0b02c0b02c0b02c0b02c0b02c0b06c1f42d3f4fc2b02c0b02c0b02c0b02,521515515d50d4b52d4b5554d5214955d4752d5755d50551545214052d555595550d48575415354d,685a6691ad699a66eda46fda76eda3685a06e9bb68da4691bb6e1af691bb69da1691bb6e1bb6e5a5,9d26d992649b6719b66c9ba719c2679ce6d9d2679ae719ce6e9c26a9be6d9ba719aa7099a6c9ce6a,3,"WAIT",000,00b,00c,0,4,3,0,3,00b,104,0,0,0,685a6691ad699a66e9a46fda76eda3685a06e9bb68da4695bb6e5af691be699a1695bb6e1bb6e5a4,0,00c,0,0,0,0,1,0,0,0,1,0
367,367,0,c0f02c0f02c0b02c0b02c0b02c0b02c0b02c0b02c0b02c0b06c1f42d3f4fc2b02c0b02c0b02c0b02,521515515d50d4b52d4b5554d5214955d4752d5755d50551545214052d555595550d48575415354d,685a6691ad699a66eda46fda76eda3685a06e9bb68da4691bb6e1af691bb69da1691bb6e1bb6e5a5,9d26d992649b6719b66c9ba719c2679ce6d9d2679ae719ce6e9c26a9be6d9ba719aa7099a6c9ce6a,3,"WAIT",000,00b,00c,0,4,3,0,3,00b,104,0,0,0,685a6691ad699a66e9a46fda76eda3685a06e9bb68da4695bb6e5af691be699a1695bb6e1bb6e5a4,0,00c,0,0,0,0,1,0,0,0,1,0
368,368,0,c0f02c0f02c0b02c0b02c0b02c0b02c0b02c0b02c0b02c0b06c1f42d3f4fc2b02c0b02c0b02c0b02,521515515d50d4b52d4b5554d5214955d4752d5755d50551545214052d555595550d48575415354d,685a6691ad699a66eda46fda76eda3685a06e9bb68da4691bb6e1af691bb69da1691bb6e1bb6e5a5,9d26d992649b6719b66c9ba719c2679ce6d9d2679ae719ce6e9c26a9be6d9ba719aa7099a6c9ce6a,3,"WAIT",000,00b,00c,0,4,3,0,3,00b,104,0,0,0,685a6691ad699a66e9a46fda76eda3685a06e9bb68da4695bb6e5af691be699a1695bb6e1bb6e5a4,0,00c,0,0,0,0,1,0,0,0,1,0
369,369,0,c0f02c0f02c0b02c0b02c0b02c0b02c0b02c0b02c0b02c0b06c1f42d3f4fc2b02c0b02c0b02c0b02,521515515d50d4b52d4b5554d5214955d4752d5755d50551545214052d555595550d48575415354d,685a6691ad699a66eda46fda76eda3685a06e9bb68da4691bb6e1af691bb69da1691bb6e1bb6e5a5,9d26d992649b6719b66c9ba719c2679ce6d9d2679ae719ce6e9c26a9be6d9ba719aa7099a6c9ce6a,3,"WAIT",000,00b,00c,0,4,3,0,3,00b,104,0,0,0,685a6691ad699a66e9a46fda76eda3685a06e9bb68da4695bb6e5af691be699a1695bb6e1bb6e5a4,0,00c,0,0,0,0,1,0,0,0,1,0
370,370,0,c0f02c0f02c0b02c0b02c0b02c0b02c0b02c0b02c0b02c0b06c1f42d3f4fc2b02c0b02c0b02c0b02,521515515d50d4b52d4b5554d5214955d4752d5755d50551545214052d555595550d48575415354d,685a6691ad699a66eda46fda76eda3685a06e9bb68da4691bb6e1af691bb69da1691bb6e1bb6e5a5,9d26d992649b6719b66c9ba719c2679ce6d9d2679ae719ce6e9c26a9be6d9ba719aa7099a6c9ce6a,3,"WAIT",000,00b,00c,0,4,3,0,3,00b,104,0,0,0,685a6691ad699a66e9a46fda76eda3685a06e9bb68da4695bb6e5af691be699a1695bb6e1bb6e5a4,0,00c,0,0,0,0,1,0,0,0,1,0
371,371,0,c0f02c0f02c0b02c0b02c0b02c0b02c0b02c0b02c0b02c0b06c1f42d3f4fc2b02c0b02c0b02c0b02,521515515d50d4b52d4b5554d5214955d4752d5755d50551545214052d555595550d48575415354d,685a6691ad699a66eda46fda76eda3685a06e9bb68da4691bb6e1af691bb69da1691bb6e1bb6e5a5,9d26d992649b6719b66c9ba719c2679ce6d9d2679ae719ce6e9c26a9be6d9ba719aa7099a6c9ce6a,3,"WAIT",000,00b,00c,0,4,3,0,3,00b,104,0,0,0,685a6691ad699a66e9a46fda76eda3685a06e9bb68da4695bb6e5af691be699a1695bb6e1bb6e5a4,0,00c,0,0,0,0,1,0,0,0,1,0
372,372,0,c0f02c0f02c0b02c0b02c0b02c0b02c0b02c0b02c0b02c0b06c1f42d3f4fc2b02c0b02c0b02c0b02,521515515d50d4b52d4b5554d5214955d4752d5755d50551545214052d555595550d48575415354d,685a6691ad699a66eda46fda76eda3685a06e9bb68da4691bb6e1af691bb69da1691bb6e1bb6e5a5,9d26d992649b6719b66c9ba719c2679ce6d9d2679ae719ce6e9c26a9be6d9ba719aa7099a6c9ce6a,3,"WAIT",000,00b,00c,0,4,3,0,3,00b,104,0,0,0,685a6691ad699a66e9a46fda76eda3685a06e9bb68da4695bb6e5af691be699a1695bb6e1bb6e5a4,0,00c,0,0,0,0,1,0,0,0,1,0
373,373,0,c0f02c0f02c0b02c0b02c0b02c0b02c0b02c0b02c0b02c0b06c1f42d3f4fc2b02c0b02c0b02c0b02,521515515d50d4b52d4b5554d5214955d4752d5755d50551545214052d555595550d48575415354d,685a6691ad699a66eda46fda76eda3685a06e9bb68da4691bb6e1af691bb69da1691bb6e1bb6e5a5,9d26d992649b6719b66c9ba719c2679ce6d9d2679ae719ce6e9c26a9be6d9ba719aa7099a6c9ce6a,3,"WAIT",000,00b,00c,0,4,3,0,3,00b,104,0,0,0,685a6691ad699a66e9a46fda76eda3685a06e9bb68da4695bb6e5af691be699a1695bb6e1bb6e5a4,0,00c,0,0,0,0,1,0,0,0,1,0
374,374,0,c0f02c0f02c0b02c0b02c0b02c0b02c0b02c0b02c0b02c0b06c1f42d3f4fc2b02c0b02c0b02c0b02,521515515d50d4b52d4b5554d5214955d4752d5755d50551545214052d555595550d48575415354d,685a6691ad699a66eda46fda76eda3685a06e9bb68da4691bb6e1af691bb69da1691bb6e1bb6e5a5,9d26d992649b6719b66c9ba719c2679ce6d9d2679ae719ce6e9c26a9be6d9ba719aa7099a6c9ce6a,3,"WAIT",000,00b,00c,0,4,3,0,3,00b,104,0,0,0,685a6691ad699a66e9a46fda76eda3685a06e9bb68da4695bb6e5af691be699a1695bb6e1bb6e5a4,0,00c,0,0,0,0,1,0,0,0,1,0
375,375,0,c0f02c0f02c0b02c0b02c0b02c0b02c0b02c0b02c0b02c0b06c1f42d3f4fc2b02c0b02c0b02c0b02,521515515d50d4b52d4b5554d5214955d4752d5755d50551545214052d555595550d48575415354d,685a6691ad699a66eda46fda76eda3685a06e9bb68da4691bb6e1af691bb69da1691bb6e1bb6e5a5,9d26d992649b6719b66c9ba719c2679ce6d9d2679ae719ce6e9c26a9be6d9ba719aa7099a6c9ce6a,3,"WAIT",000,00b,00c,0,4,3,0,3,00b,104,0,0,0,685a6691ad699a66e9a46fda76eda3685a06e9bb68da4695bb6e5af691be699a1695bb6e1bb6e5a4,0,00c,0,0,0,0,1,0,0,0,1,0
376,376,0,c0f02c0f02c0b02c0b02c0b02c0b02c0b02c0b02c0b02c0b06c1f42d3f4fc2b02c0b02c0b02c0b02,521515515d50d4b52d4b5554d5214955d4752d5755d50551545214052d555595550d48575415354d,685a6691ad699a66eda46fda76eda3685a06e9bb68da4691bb6e1af691bb69da1691bb6e1bb6e5a5,9d26d992649b6719b66c9ba719c2679ce6d9d2679ae719ce6e9c26a9be6d9ba719aa7099a6c9ce6a,3,"WAIT",000,00b,00c,0,4,3,0,3,00b,104,0,0,0,685a6691ad699a66e9a46fda76eda3685a06e9bb68da4695bb6e5af691be699a1695bb6e1bb6e5a4,0,00c,0,0,0,0,1,0,0,0,1,0
377,377,0,c0f02c0f02c0b02c0b02c0b02c0b02c0b02c0b02c0b02c0b06c1f42d3f4fc2b02c0b02c0b02c0b02,521515515d50d4b52d4b5554d5214955d4752d5755d50551545214052d555595550d48575415354d,685a6691ad699a66eda46fda76eda3685a06e9bb68da4691bb6e1af691bb69da1691bb6e1bb6e5a5,9d26d992649b6719b66c9ba719c2679ce6d9d2679ae719ce6e9c26a9be6d9ba719aa7099a6c9ce6a,3,"WAIT",000,00b,00c,0,4,3,0,3,00b,104,0,0,0,685a6691ad699a66e9a46fda76eda3685a06e9bb68da4695bb6e5af691be699a1695bb6e1bb6e5a4,0,00c,0,0,0,0,1,0,0,0,1,0
378,378,0,c0f02c0f02c0b02c0b02c0b02c0b02c0b02c0b02c0b02c0b06c1f42d3f4fc2b02c0b02c0b02c0b02,521515515d50d4b52d4b5554d5214955d4752d5755d50551545214052d555595550d48575415354d,685a6691ad699a66eda46fda76eda3685a06e9bb68da4691bb6e1af691bb69da1691bb6e1bb6e5a5,9d26d992649b6719b66c9ba719c2679ce6d9d2679ae719ce6e9c26a9be6d9ba719aa7099a6c9ce6a,3,"WAIT",000,00b,00c,0,4,3,0,3,00b,104,0,0,0,685a6691ad699a66e9a46fda76eda3685a06e9bb68da4695bb6e5af691be699a1695bb6e1bb6e5a4,0,00c,0,0,0,0,1,0,0,0,1,0
379,379,0,c0f02c0f02c0b02c0b02c0b02c0b02c0b02c0b02c0b02c0b06c1f42d3f4fc2b02c0b02c0b02c0b02,521515515d50d4b52d4b5554d5214955d4752d5755d50551545214052d555595550d48575415354d,685a6691ad699a66eda46fda76eda3685a06e9bb68da4691bb6e1af691bb69da1691bb6e1bb6e5a5,9d26d992649b6719b66c9ba719c2679ce6d9d2679ae719ce6e9c26a9be6d9ba719aa7099a6c9ce6a,3,"WAIT",000,00b,00c,0,4,3,0,3,00b,104,0,0,0,685a6691ad699a66e9a46fda76eda3685a06e9bb68da4695bb6e5af691be699a1695bb6e1bb6e5a4,0,00c,0,0,0,0,1,0,0,0,1,0
380,380,0,c0f02c0f02c0b02c0b02c0b02c0b02c0b02c0b02c0b02c0b06c1f42d3f4fc2b02c0b02c0b02c0b02,521515515d50d4b52d4b5554d5214955d4752d5755d50551545214052d555595550d48575415354d,685a6691ad699a66eda46fda76eda3685a06e9bb68da4691bb6e1af691bb69da1691bb6e1bb6e5a5,9d26d992649b6719b66c9ba719c2679ce6d9d2679ae719ce6e9c26a9be6d9ba719aa7099a6c9ce6a,3,"WAIT",000,00b,00c,0,4,3,0,3,00b,104,0,0,0,685a6691ad699a66e9a46fda76eda3685a06e9bb68da4695bb6e5af691be699a1695bb6e1bb6e5a4,0,00c,0,0,0,0,1,0,0,0,1,0
381,381,0,c0f02c0f02c0b02c0b02c0b02c0b02c0b02c0b02c0b02c0b06c1f42d3f4fc2b02c0b02c0b02c0b02,521515515d50d4b52d4b5554d5214955d4752d5755d50551545214052d555595550d48575415354d,685a6691ad699a66eda46fda76eda3685a06e9bb68da4691bb6e1af691bb69da1691bb6e1bb6e5a5,9d26d992649b6719b66c9ba719c2679ce6d9d2679ae719ce6e9c26a9be6d9ba719aa7099a6c9ce6a,3,"WAIT",000,00b,00c,0,4,3,0,3,00b,104,0,0,0,685a6691ad699a66e9a46fda76eda3685a06e9bb68da4695bb6e5af691be699a1695bb6e1bb6e5a4,0,00c,0,0,0,0,1,0,0,0,1,0
382,382,0,c0f02c0f02c0b02c0b02c0b02c0b02c0b02c0b02c0b02c0b06c1f42d3f4fc2b02c0b02c0b02c0b02,521515515d50d4b52d4b5554d5214955d4752d5755d50551545214052d555595550d48575415354d,685a6691ad699a66eda46fda76eda3685a06e9bb68da4691bb6e1af691bb69da1691bb6e1bb6e5a5,9d26d992649b6719b66c9ba719c2679ce6d9d2679ae719ce6e9c26a9be6d9ba719aa7099a6c9ce6a,3,"WAIT",000,00b,00c,0,4,3,0,3,00b,104,0,0,0,685a6691ad699a66e9a46fda76eda3685a06e9bb68da4695bb6e5af691be699a1695bb6e1bb6e5a4,0,00c,0,0,0,0,1,0,0,0,1,0
383,383,0,c0f02c0f02c0b02c0b02c0b02c0b02c0b02c0b02c0b02c0b06c1f42d3f4fc2b02c0b02c0b02c0b02,521515515d50d4b52d4b5554d5214955d4752d5755d50551545214052d555595550d48575415354d,685a6691ad699a66eda46fda76eda3685a06e9bb68da4691bb6e1af691bb69da1691bb6e1bb6e5a5,9d26d992649b6719b66c9ba719c2679ce6d9d2679ae719ce6e9c26a9be6d9ba719aa7099a6c9ce6a,3,"WAIT",000,00b,00c,0,4,3,0,3,00b,104,0,0,0,685a6691ad699a66e9a46fda76eda3685a06e9bb68da4695bb6e5af691be699a1695bb6e1bb6e5a4,0,00c,0,0,0,0,1,0,0,0,1,0
384,384,0,c0f02c0f02c0b02c0b02c0b02c0b02c0b02c0b02c0b02c0b06c1f42d3f4fc2b02c0b02c0b02c0b02,521515515d50d4b52d4b5554d5214955d4752d5755d50551545214052d555595550d48575415354d,685a6691ad699a66eda46fda76eda3685a06e9bb68da4691bb6e1af691bb69da1691bb6e1bb6e5a5,9d26d992649b6719b66c9ba719c2679ce6d9d2679ae719ce6e9c26a9be6d9ba719aa7099a6c9ce6a,3,"WAIT",000,00b,00c,0,4,3,0,3,00b,104,0,0,0,685a6691ad699a66e9a46fda76eda3685a06e9bb68da4695bb6e5af691be699a1695bb6e1bb6e5a4,0,00c,0,0,0,0,1,0,0,0,1,0
385,385,0,c0f02c0f02c0b02c0b02c0b02c0b02c0b02c0b02c0b02c0b06c1f42d3f4fc2b02c0b02c0b02c0b02,521515515d50d4b52d4b5554d5214955d4752d5755d50551545214052d555595550d48575415354d,685a6691ad699a66eda46fda76eda3685a06e9bb68da4691bb6e1af691bb69da1691bb6e1bb6e5a5,9d26d992649b6719b66c9ba719c2679ce6d9d2679ae719ce6e9c26a9be6d9ba719aa7099a6c9ce6a,3,"WAIT",000,00b,00c,0,4,3,0,3,00b,104,0,0,0,685a6691ad699a66e9a46fda76eda3685a06e9bb68da4695bb6e5af691be699a1695bb6e1bb6e5a4,0,00c,0,0,0,0,1,0,0,0,1,0
386,386,0,c0f02c0f02c0b02c0b02c0b02c0b02c0b02c0b02c0b02c0b06c1f42d3f4fc2b02c0b02c0b02c0b02,521515515d50d4b52d4b5554d5214955d4752d5755d50551545214052d555595550d48575415354d,685a6691ad699a66eda46fda76eda3685a06e9bb68da4691bb6e1af691bb69da1691bb6e1bb6e5a5,9d26d992649b6719b66c9ba719c2679ce6d9d2679ae719ce6e9c26a9be6d9ba719aa7099a6c9ce6a,3,"WAIT",000,00b,00c,0,4,3,0,3,00b,104,0,0,0,685a6691ad699a66e9a46fda76eda3685a06e9bb68da4695bb6e5af691be699a1695bb6e1bb6e5a4,0,00c,0,0,0,0,1,0,0,0,1,0
387,387,0,c0f02c0f02c0b02c0b02c0b02c0b02c0b02c0b02c0b02c0b06c1f42d3f4fc2b02c0b02c0b02c0b02,521515515d50d4b52d4b5554d5214955d4752d5755d50551545214052d555595550d48575415354d,685a6691ad699a66eda46fda76eda3685a06e9bb68da4691bb6e1af691bb69da1691bb6e1bb6e5a5,9d26d992649b6719b66c9ba719c2679ce6d9d2679ae719ce6e9c26a9be6d9ba719aa7099a6c9ce6a,3,"WAIT",000,00b,00c,0,4,3,0,3,00b,104,0,0,0,685a6691ad699a66e9a46fda76eda3685a06e9bb68da4695bb6e5af691be699a1695bb6e1bb6e5a4,0,00c,0,0,0,0,1,0,0,0,1,0
388,388,0,c0f02c0f02c0b02c0b02c0b02c0b02c0b02c0b02c0b02c0b06c1f42d3f4fc2b02c0b02c0b02c0b02,521515515d50d4b52d4b5554d5214955d4752d5755d50551545214052d555595550d48575415354d,685a6691ad699a66eda46fda76eda3685a06e9bb68da4691bb6e1af691bb69da1691bb6e1bb6e5a5,9d26d992649b6719b66c9ba719c2679ce6d9d2679ae719ce6e9c26a9be6d9ba719aa7099a6c9ce6a,3,"WAIT",000,00b,00c,0,4,3,0,3,00b,104,0,0,0,685a6691ad699a66e9a46fda76eda3685a06e9bb68da4695bb6e5af691be699a1695bb6e1bb6e5a4,0,00c,0,0,0,0,1,0,0,0,1,0
389,389,0,c0f02c0f02c0b02c0b02c0b02c0b02c0b02c0b02c0b02c0b06c1f42d3f4fc2b02c0b02c0b02c0b02,521515515d50d4b52d4b5554d5214955d4752d5755d50551545214052d555595550d48575415354d,685a6691ad699a66eda46fda76eda3685a06e9bb68da4691bb6e1af691bb69da1691bb6e1bb6e5a5,9d26d992649b6719b66c9ba719c2679ce6d9d2679ae719ce6e9c26a9be6d9ba719aa7099a6c9ce6a,3,"WAIT",000,00b,00c,0,4,3,0,3,00b,104,0,0,0,685a6691ad699a66e9a46fda76eda3685a06e9bb68da4695bb6e5af691be699a1695bb6e1bb6e5a4,0,00c,0,0,0,0,1,0,0,0,1,0
390,390,0,c0f02c0f02c0b02c0b02c0b02c0b02c0b02c0b02c0b02c0b06c1f42d3f4fc2b02c0b02c0b02c0b02,521515515d50d4b52d4b5554d5214955d4752d5755d50551545214052d555595550d48575415354d,685a6691ad699a66eda46fda76eda3685a06e9bb68da4691bb6e1af691bb69da1691bb6e1bb6e5a5,9d26d992649b6719b66c9ba719c2679ce6d9d2679ae719ce6e9c26a9be6d9ba719aa7099a6c9ce6a,3,"WAIT",000,00b,00c,0,4,3,0,3,00b,104,0,0,0,685a6691ad699a66e9a46fda76eda3685a06e9bb68da4695bb6e5af691be699a1695bb6e1bb6e5a4,0,00c,0,0,0,0,1,0,0,0,1,0
391,391,0,c0f02c0f02c0b02c0b02c0b02c0b02c0b02c0b02c0b02c0b06c1f42d3f4fc2b02c0b02c0b02c0b02,521515515d50d4b52d4b5554d5214955d4752d5755d50551545214052d555595550d48575415354d,685a6691ad699a66eda46fda76eda3685a06e9bb68da4691bb6e1af691bb69da1691bb6e1bb6e5a5,9d26d992649b6719b66c9ba719c2679ce6d9d2679ae719ce6e9c26a9be6d9ba719aa7099a6c9ce6a,3,"WAIT",000,00b,00c,0,4,3,0,3,00b,104,0,0,0,685a6691ad699a66e9a46fda76eda3685a06e9bb68da4695bb6e5af691be699a1695bb6e1bb6e5a4,0,00c,0,0,0,0,1,0,0,0,1,0
392,392,0,c0f02c0f02c0b02c0b02c0b02c0b02c0b02c0b02c0b02c0b06c1f42d3f4fc2b02c0b02c0b02c0b02,521515515d50d4b52d4b5554d5214955d4752d5755d50551545214052d555595550d48575415354d,685a6691ad699a66eda46fda76eda3685a06e9bb68da4691bb6e1af691bb69da1691bb6e1bb6e5a5,9d26d992649b6719b66c9ba719c2679ce6d9d2679ae719ce6e9c26a9be6d9ba719aa7099a6c9ce6a,3,"WAIT",000,00b,00c,0,4,3,0,3,00b,104,0,0,0,685a6691ad699a66e9a46fda76eda3685a06e9bb68da4695bb6e5af691be699a1695bb6e1bb6e5a4,0,00c,0,0,0,0,1,0,0,0,1,0
393,393,0,c0f02c0f02c0b02c0b02c0b02c0b02c0b02c0b02c0b02c0b06c1f42d3f4fc2b02c0b02c0b02c0b02,521515515d50d4b52d4b5554d5214955d4752d5755d50551545214052d555595550d48575415354d,685a6691ad699a66eda46fda76eda3685a06e9bb68da4691bb6e1af691bb69da1691bb6e1bb6e5a5,9d26d992649b6719b66c9ba719c2679ce6d9d2679ae719ce6e9c26a9be6d9ba719aa7099a6c9ce6a,3,"WAIT",000,00b,00c,0,4,3,0,3,00b,104,0,0,0,685a6691ad699a66e9a46fda76eda3685a06e9bb68da4695bb6e5af691be699a1695bb6e1bb6e5a4,0,00c,0,0,0,0,1,0,0,0,1,0
394,394,0,c0f02c0f02c0b02c0b02c0b02c0b02c0b02c0b02c0b02c0b06c1f42d3f4fc2b02c0b02c0b02c0b02,521515515d50d4b52d4b5554d5214955d4752d5755d50551545214052d555595550d48575415354d,685a6691ad699a66eda46fda76eda3685a06e9bb68da4691bb6e1af691bb69da1691bb6e1bb6e5a5,9d26d992649b6719b66c9ba719c2679ce6d9d2679ae719ce6e9c26a9be6d9ba719aa7099a6c9ce6a,3,"WAIT",000,00b,00c,0,4,3,0,3,00b,104,0,0,0,685a6691ad699a66e9a46fda76eda3685a06e9bb68da4695bb6e5af691be699a1695bb6e1bb6e5a4,0,00c,0,0,0,0,1,0,0,0,1,0
395,395,0,c0f02c0f02c0b02c0b02c0b02c0b02c0b02c0b02c0b02c0b06c1f42d3f4fc2b02c0b02c0b02c0b02,521515515d50d4b52d4b5554d5214955d4752d5755d50551545214052d555595550d48575415354d,685a6691ad699a66eda46fda76eda3685a06e9bb68da4691bb6e1af691bb69da1691bb6e1bb6e5a5,9d26d992649b6719b66c9ba719c2679ce6d9d2679ae719ce6e9c26a9be6d9ba719aa7099a6c9ce6a,3,"WAIT",000,00b,00c,0,4,3,0,3,00b,104,0,0,0,685a6691ad699a66e9a46fda76eda3685a06e9bb68da4695bb6e5af691be699a1695bb6e1bb6e5a4,0,00c,0,0,0,0,1,0,0,0,1,0
396,396,0,c0f02c0f02c0b02c0b02c0b02c0b02c0b02c0b02c0b02c0b06c1f42d3f4fc2b02c0b02c0b02c0b02,521515515d50d4b52d4b5554d5214955d4752d5755d50551545214052d555595550d48575415354d,685a6691ad699a66eda46fda76eda3685a06e9bb68da4691bb6e1af691bb69da1691bb6e1bb6e5a5,9d26d992649b6719b66c9ba719c2679ce6d9d2679ae719ce6e9c26a9be6d9ba719aa7099a6c9ce6a,3,"WAIT",000,00b,00c,0,4,3,0,3,00b,104,0,0,0,685a6691ad699a66e9a46fda76eda3685a06e9bb68da4695bb6e5af691be699a1695bb6e1bb6e5a4,0,00c,0,0,0,0,1,0,0,0,1,0
397,397,0,c0f02c0f02c0b02c0b02c0b02c0b02c0b02c0b02c0b02c0b06c1f42d3f4fc2b02c0b02c0b02c0b02,521515515d50d4b52d4b5554d5214955d4752d5755d50551545214052d555595550d48575415354d,685a6691ad699a66eda46fda76eda3685a06e9bb68da4691bb6e1af691bb69da1691bb6e1bb6e5a5,9d26d992649b6719b66c9ba719c2679ce6d9d2679ae719ce6e9c26a9be6d9ba719aa7099a6c9ce6a,3,"WAIT",000,00b,00c,0,4,3,0,3,00b,104,0,0,0,685a6691ad699a66e9a46fda76eda3685a06e9bb68da4695bb6e5af691be699a1695bb6e1bb6e5a4,0,00c,0,0,0,0,1,0,0,0,1,0
398,398,0,c0f02c0f02c0b02c0b02c0b02c0b02c0b02c0b02c0b02c0b06c1f42d3f4fc2b02c0b02c0b02c0b02,521515515d50d4b52d4b5554d5214955d4752d5755d50551545214052d555595550d48575415354d,685a6691ad699a66eda46fda76eda3685a06e9bb68da4691bb6e1af691bb69da1691bb6e1bb6e5a5,9d26d992649b6719b66c9ba719c2679ce6d9d2679ae719ce6e9c26a9be6d9ba719aa7099a6c9ce6a,3,"WAIT",000,00b,00c,0,4,3,0,3,00b,104,0,0,0,685a6691ad699a66e9a46fda76eda3685a06e9bb68da4695bb6e5af691be699a1695bb6e1bb6e5a4,0,00c,0,0,0,0,1,0,0,0,1,0
399,399,0,c0f02c0f02c0b02c0b02c0b02c0b02c0b02c0b02c0b02c0b06c1f42d3f4fc2b02c0b02c0b02c0b02,521515515d50d4b52d4b5554d5214955d4752d5755d50551545214052d555595550d48575415354d,685a6691ad699a66eda46fda76eda3685a06e9bb68da4691bb6e1af691bb69da1691bb6e1bb6e5a5,9d26d992649b6719b66c9ba719c2679ce6d9d2679ae719ce6e9c26a9be6d9ba719aa7099a6c9ce6a,3,"WAIT",000,00b,00c,0,4,3,0,3,00b,104,0,0,0,685a6691ad699a66e9a46fda76eda3685a06e9bb68da4695bb6e5af691be699a1695bb6e1bb6e5a4,0,00c,0,0,0,0,1,0,0,0,1,0
400,400,0,c0f02c0f02c0b02c0b02c0b02c0b02c0b02c0b02c0b02c0b06c1f42d3f4fc2b02c0b02c0b02c0b02,521515515d50d4b52d4b5554d5214955d4752d5755d50551545214052d555595550d48575415354d,685a6691ad699a66eda46fda76eda3685a06e9bb68da4691bb6e1af691bb69da1691bb6e1bb6e5a5,9d26d992649b6719b66c9ba719c2679ce6d9d2679ae719ce6e9c26a9be6d9ba719aa7099a6c9ce6a,3,"WAIT",000,00b,00c,0,4,3,0,3,00b,104,0,0,0,685a6691ad699a66e9a46fda76eda3685a06e9bb68da4695bb6e5af691be699a1695bb6e1bb6e5a4,0,00c,0,0,0,0,1,0,0,0,1,0
401,401,0,c0f02c0f02c0b02c0b02c0b02c0b02c0b02c0b02c0b02c0b06c1f42d3f4fc2b02c0b02c0b02c0b02,521515515d50d4b52d4b5554d5214955d4752d5755d50551545214052d555595550d48575415354d,685a6691ad699a66eda46fda76eda3685a06e9bb68da4691bb6e1af691bb69da1691bb6e1bb6e5a5,9d26d992649b6719b66c9ba719c2679ce6d9d2679ae719ce6e9c26a9be6d9ba719aa7099a6c9ce6a,3,"WAIT",000,00b,00c,0,4,3,0,3,00b,104,0,0,0,685a6691ad699a66e9a46fda76eda3685a06e9bb68da4695bb6e5af691be699a1695bb6e1bb6e5a4,0,00c,0,0,0,0,1,0,0,0,1,0
402,402,0,c0f02c0f02c0b02c0b02c0b02c0b02c0b02c0b02c0b02c0b06c1f42d3f4fc2b02c0b02c0b02c0b02,521515515d50d4b52d4b5554d5214955d4752d5755d50551545214052d555595550d48575415354d,685a6691ad699a66eda46fda76eda3685a06e9bb68da4691bb6e1af691bb69da1691bb6e1bb6e5a5,9d26d992649b6719b66c9ba719c2679ce6d9d2679ae719ce6e9c26a9be6d9ba719aa7099a6c9ce6a,3,"WAIT",000,00b,00c,0,4,3,0,3,00b,104,0,0,0,685a6691ad699a66e9a46fda76eda3685a06e9bb68da4695bb6e5af691be699a1695bb6e1bb6e5a4,0,00c,0,0,0,0,1,0,0,0,1,0
403,403,0,c0f02c0f02c0b02c0b02c0b02c0b02c0b02c0b02c0b02c0b06c1f42d3f4fc2b02c0b02c0b02c0b02,521515515d50d4b52d4b5554d5214955d4752d5755d50551545214052d555595550d48575415354d,685a6691ad699a66eda46fda76eda3685a06e9bb68da4691bb6e1af691bb69da1691bb6e1bb6e5a5,9d26d992649b6719b66c9ba719c2679ce6d9d2679ae719ce6e9c26a9be6d9ba719aa7099a6c9ce6a,3,"WAIT",000,00b,00c,0,4,3,0,3,00b,104,0,0,0,685a6691ad699a66e9a46fda76eda3685a06e9bb68da4695bb6e5af691be699a1695bb6e1bb6e5a4,0,00c,0,0,0,0,1,0,0,0,1,0
404,404,0,c0f02c0f02c0b02c0b02c0b02c0b02c0b02c0b02c0b02c0b06c1f42d3f4fc2b02c0b02c0b02c0b02,521515515d50d4b52d4b5554d5214955d4752d5755d50551545214052d555595550d48575415354d,685a6691ad699a66eda46fda76eda3685a06e9bb68da4691bb6e1af691bb69da1691bb6e1bb6e5a5,9d26d992649b6719b66c9ba719c2679ce6d9d2679ae719ce6e9c26a9be6d9ba719aa7099a6c9ce6a,3,"WAIT",000,00b,00c,0,4,3,0,3,00b,104,0,0,0,685a6691ad699a66e9a46fda76eda3685a06e9bb68da4695bb6e5af691be699a1695bb6e1bb6e5a4,0,00c,0,0,0,0,1,0,0,0,1,0
405,405,0,c0f02c0f02c0b02c0b02c0b02c0b02c0b02c0b02c0b02c0b06c1f42d3f4fc2b02c0b02c0b02c0b02,521515515d50d4b52d4b5554d5214955d4752d5755d50551545214052d555595550d48575415354d,685a6691ad699a66eda46fda76eda3685a06e9bb68da4691bb6e1af691bb69da1691bb6e1bb6e5a5,9d26d992649b6719b66c9ba719c2679ce6d9d2679ae719ce6e9c26a9be6d9ba719aa7099a6c9ce6a,3,"WAIT",000,00b,00c,0,4,3,0,3,00b,104,0,0,0,685a6691ad699a66e9a46fda76eda3685a06e9bb68da4695bb6e5af691be699a1695bb6e1bb6e5a4,0,00c,0,0,0,0,1,0,0,0,1,0
406,406,0,c0f02c0f02c0b02c0b02c0b02c0b02c0b02c0b02c0b02c0b06c1f42d3f4fc2b02c0b02c0b02c0b02,521515515d50d4b52d4b5554d5214955d4752d5755d50551545214052d555595550d48575415354d,685a6691ad699a66eda46fda76eda3685a06e9bb68da4691bb6e1af691bb69da1691bb6e1bb6e5a5,9d26d992649b6719b66c9ba719c2679ce6d9d2679ae719ce6e9c26a9be6d9ba719aa7099a6c9ce6a,3,"WAIT",000,00b,00c,0,4,3,0,3,00b,104,0,0,0,685a6691ad699a66e9a46fda76eda3685a06e9bb68da4695bb6e5af691be699a1695bb6e1bb6e5a4,0,00c,0,0,0,0,1,0,0,0,1,0
407,407,0,c0f02c0f02c0b02c0b02c0b02c0b02c0b02c0b02c0b02c0b06c1f42d3f4fc2b02c0b02c0b02c0b02,521515515d50d4b52d4b5554d5214955d4752d5755d50551545214052d555595550d48575415354d,685a6691ad699a66eda46fda76eda3685a06e9bb68da4691bb6e1af691bb69da1691bb6e1bb6e5a5,9d26d992649b6719b66c9ba719c2679ce6d9d2679ae719ce6e9c26a9be6d9ba719aa7099a6c9ce6a,3,"WAIT",000,00b,00c,0,4,3,0,3,00b,104,0,0,0,685a6691ad699a66e9a46fda76eda3685a06e9bb68da4695bb6e5af691be699a1695bb6e1bb6e5a4,0,00c,0,0,0,0,1,0,0,0,1,0
408,408,0,c0f02c0f02c0b02c0b02c0b02c0b02c0b02c0b02c0b02c0b06c1f42d3f4fc2b02c0b02c0b02c0b02,521515515d50d4b52d4b5554d5214955d4752d5755d50551545214052d555595550d48575415354d,685a6691ad699a66eda46fda76eda3685a06e9bb68da4691bb6e1af691bb69da1691bb6e1bb6e5a5,9d26d992649b6719b66c9ba719c2679ce6d9d2679ae719ce6e9c26a9be6d9ba719aa7099a6c9ce6a,3,"WAIT",000,00b,00c,0,4,3,0,3,00b,104,0,0,0,685a6691ad699a66e9a46fda76eda3685a06e9bb68da4695bb6e5af691be699a1695bb6e1bb6e5a4,0,00c,0,0,0,0,1,0,0,0,1,0
409,409,0,c0f02c0f02c0b02c0b02c0b02c0b02c0b02c0b02c0b02c0b06c1f42d3f4fc2b02c0b02c0b02c0b02,521515515d50d4b52d4b5554d5214955d4752d5755d50551545214052d555595550d48575415354d,685a6691ad699a66eda46fda76eda3685a06e9bb68da4691bb6e1af691bb69da1691bb6e1bb6e5a5,9d26d992649b6719b66c9ba719c2679ce6d9d2679ae719ce6e9c26a9be6d9ba719aa7099a6c9ce6a,3,"WAIT",000,00b,00c,0,4,3,0,3,00b,104,0,0,0,685a6691ad699a66e9a46fda76eda3685a06e9bb68da4695bb6e5af691be699a1695bb6e1bb6e5a4,0,00c,0,0,0,0,1,0,0,0,1,0
410,410,0,c0f02c0f02c0b02c0b02c0b02c0b02c0b02c0b02c0b02c0b06c1f42d3f4fc2b02c0b02c0b02c0b02,521515515d50d4b52d4b5554d5214955d4752d5755d50551545214052d555595550d48575415354d,685a6691ad699a66eda46fda76eda3685a06e9bb68da4691bb6e1af691bb69da1691bb6e1bb6e5a5,9d26d992649b6719b66c9ba719c2679ce6d9d2679ae719ce6e9c26a9be6d9ba719aa7099a6c9ce6a,3,"WAIT",000,00b,00c,0,4,3,0,3,00b,104,0,0,0,685a6691ad699a66e9a46fda76eda3685a06e9bb68da4695bb6e5af691be699a1695bb6e1bb6e5a4,0,00c,0,0,0,0,1,0,0,0,1,0
411,411,0,c0f02c0f02c0b02c0b02c0b02c0b02c0b02c0b02c0b02c0b06c1f42d3f4fc2b02c0b02c0b02c0b02,521515515d50d4b52d4b5554d5214955d4752d5755d50551545214052d555595550d48575415354d,685a6691ad699a66eda46fda76eda3685a06e9bb68da4691bb6e1af691bb69da1691bb6e1bb6e5a5,9d26d992649b6719b66c9ba719c2679ce6d9d2679ae719ce6e9c26a9be6d9ba719aa7099a6c9ce6a,3,"WAIT",000,00b,00c,0,4,3,0,3,00b,104,0,0,0,685a6691ad699a66e9a46fda76eda3685a06e9bb68da4695bb6e5af691be699a1695bb6e1bb6e5a4,0,00c,0,0,0,0,1,0,0,0,1,0
412,412,0,c0f02c0f02c0b02c0b02c0b02c0b02c0b02c0b02c0b02c0b06c1f42d3f4fc2b02c0b02c0b02c0b02,521515515d50d4b52d4b5554d5214955d4752d5755d50551545214052d555595550d48575415354d,685a6691ad699a66eda46fda76eda3685a06e9bb68da4691bb6e1af691bb69da1691bb6e1bb6e5a5,9d26d992649b6719b66c9ba719c2679ce6d9d2679ae719ce6e9c26a9be6d9ba719aa7099a6c9ce6a,3,"WAIT",000,00b,00c,0,4,3,0,3,00b,104,0,0,0,685a6691ad699a66e9a46fda76eda3685a06e9bb68da4695bb6e5af691be699a1695bb6e1bb6e5a4,0,00c,0,0,0,0,1,0,0,0,1,0
413,413,0,c0f02c0f02c0b02c0b02c0b02c0b02c0b02c0b02c0b02c0b06c1f42d3f4fc2b02c0b02c0b02c0b02,521515515d50d4b52d4b5554d5214955d4752d5755d50551545214052d555595550d48575415354d,685a6691ad699a66eda46fda76eda3685a06e9bb68da4691bb6e1af691bb69da1691bb6e1bb6e5a5,9d26d992649b6719b66c9ba719c2679ce6d9d2679ae719ce6e9c26a9be6d9ba719aa7099a6c9ce6a,3,"WAIT",000,00b,00c,0,4,3,0,3,00b,104,0,0,0,685a6691ad699a66e9a46fda76eda3685a06e9bb68da4695bb6e5af691be699a1695bb6e1bb6e5a4,0,00c,0,0,0,0,1,0,0,0,1,0
414,414,0,c0f02c0f02c0b02c0b02c0b02c0b02c0b02c0b02c0b02c0b06c1f42d3f4fc2b02c0b02c0b02c0b02,521515515d50d4b52d4b5554d5214955d4752d5755d50551545214052d555595550d48575415354d,685a6691ad699a66eda46fda76eda3685a06e9bb68da4691bb6e1af691bb69da1691bb6e1bb6e5a5,9d26d992649b6719b66c9ba719c2679ce6d9d2679ae719ce6e9c26a9be6d9ba719aa7099a6c9ce6a,3,"WAIT",000,00b,00c,0,4,3,0,3,00b,104,0,0,0,685a6691ad699a66e9a46fda76eda3685a06e9bb68da4695bb6e5af691be699a1695bb6e1bb6e5a4,0,00c,0,0,0,0,1,0,0,0,1,0
415,415,0,c0f02c0f02c0b02c0b02c0b02c0b02c0b02c0b02c0b02c0b06c1f42d3f4fc2b02c0b02c0b02c0b02,521515515d50d4b52d4b5554d5214955d4752d5755d50551545214052d555595550d48575415354d,685a6691ad699a66eda46fda76eda3685a06e9bb68da4691bb6e1af691bb69da1691bb6e1bb6e5a5,9d26d992649b6719b66c9ba719c2679ce6d9d2679ae719ce6e9c26a9be6d9ba719aa7099a6c9ce6a,3,"WAIT",000,00b,00c,0,4,3,0,3,00b,104,0,0,0,685a6691ad699a66e9a46fda76eda3685a06e9bb68da4695bb6e5af691be699a1695bb6e1bb6e5a4,0,00c,0,0,0,0,1,0,0,0,1,0
416,416,0,c0f02c0f02c0b02c0b02c0b02c0b02c0b02c0b02c0b02c0b06c1f42d3f4fc2b02c0b02c0b02c0b02,521515515d50d4b52d4b5554d5214955d4752d5755d50551545214052d555595550d48575415354d,685a6691ad699a66eda46fda76eda3685a06e9bb68da4691bb6e1af691bb69da1691bb6e1bb6e5a5,9d26d992649b6719b66c9ba719c2679ce6d9d2679ae719ce6e9c26a9be6d9ba719aa7099a6c9ce6a,3,"WAIT",000,00b,00c,0,4,3,0,3,00b,104,0,0,0,685a6691ad699a66e9a46fda76eda3685a06e9bb68da4695bb6e5af691be699a1695bb6e1bb6e5a4,0,00c,0,0,0,0,1,0,0,0,1,0
417,417,0,c0f02c0f02c0b02c0b02c0b02c0b02c0b02c0b02c0b02c0b06c1f42d3f4fc2b02c0b02c0b02c0b02,521515515d50d4b52d4b5554d5214955d4752d5755d50551545214052d555595550d48575415354d,685a6691ad699a66eda46fda76eda3685a06e9bb68da4691bb6e1af691bb69da1691bb6e1bb6e5a5,9d26d992649b6719b66c9ba719c2679ce6d9d2679ae719ce6e9c26a9be6d9ba719aa7099a6c9ce6a,3,"WAIT",000,00b,00c,0,4,3,0,3,00b,104,0,0,0,685a6691ad699a66e9a46fda76eda3685a06e9bb68da4695bb6e5af691be699a1695bb6e1bb6e5a4,0,00c,0,0,0,0,1,0,0,0,1,0
418,418,0,c0f02c0f02c0b02c0b02c0b02c0b02c0b02c0b02c0b02c0b06c1f42d3f4fc2b02c0b02c0b02c0b02,521515515d50d4b52d4b5554d5214955d4752d5755d50551545214052d555595550d48575415354d,685a6691ad699a66eda46fda76eda3685a06e9bb68da4691bb6e1af691bb69da1691bb6e1bb6e5a5,9d26d992649b6719b66c9ba719c2679ce6d9d2679ae719ce6e9c26a9be6d9ba719aa7099a6c9ce6a,3,"WAIT",000,00b,00c,0,4,3,0,3,00b,104,0,0,0,685a6691ad699a66e9a46fda76eda3685a06e9bb68da4695bb6e5af691be699a1695bb6e1bb6e5a4,0,00c,0,0,0,0,1,0,0,0,1,0
419,419,0,c0f02c0f02c0b02c0b02c0b02c0b02c0b02c0b02c0b02c0b06c1f42d3f4fc2b02c0b02c0b02c0b02,521515515d50d4b52d4b5554d5214955d4752d5755d50551545214052d555595550d48575415354d,685a6691ad699a66eda46fda76eda3685a06e9bb68da4691bb6e1af691bb69da1691bb6e1bb6e5a5,9d26d992649b6719b66c9ba719c2679ce6d9d2679ae719ce6e9c26a9be6d9ba719aa7099a6c9ce6a,3,"WAIT",000,00b,00c,0,4,3,0,3,00b,104,0,0,0,685a6691ad699a66e9a46fda76eda3685a06e9bb68da4695bb6e5af691be699a1695bb6e1bb6e5a4,0,00c,0,0,0,0,1,0,0,0,1,0
420,420,0,c0f02c0f02c0b02c0b02c0b02c0b02c0b02c0b02c0b02c0b06c1f42d3f4fc2b02c0b02c0b02c0b02,521515515d50d4b52d4b5554d5214955d4752d5755d50551545214052d555595550d48575415354d,685a6691ad699a66eda46fda76eda3685a06e9bb68da4691bb6e1af691bb69da1691bb6e1bb6e5a5,9d26d992649b6719b66c9ba719c2679ce6d9d2679ae719ce6e9c26a9be6d9ba719aa7099a6c9ce6a,3,"WAIT",000,00b,00c,0,4,3,0,3,00b,104,0,0,0,685a6691ad699a66e9a46fda76eda3685a06e9bb68da4695bb6e5af691be699a1695bb6e1bb6e5a4,0,00c,0,0,0,0,1,0,0,0,1,0
421,421,0,c0f02c0f02c0b02c0b02c0b02c0b02c0b02c0b02c0b02c0b06c1f42d3f4fc2b02c0b02c0b02c0b02,521515515d50d4b52d4b5554d5214955d4752d5755d50551545214052d555595550d48575415354d,685a6691ad699a66eda46fda76eda3685a06e9bb68da4691bb6e1af691bb69da1691bb6e1bb6e5a5,9d26d992649b6719b66c9ba719c2679ce6d9d2679ae719ce6e9c26a9be6d9ba719aa7099a6c9ce6a,3,"WAIT",000,00b,00c,0,4,3,0,3,00b,104,0,0,0,685a6691ad699a66e9a46fda76eda3685a06e9bb68da4695bb6e5af691be699a1695bb6e1bb6e5a4,0,00c,0,0,0,0,1,0,0,0,1,0
422,422,0,c0f02c0f02c0b02c0b02c0b02c0b02c0b02c0b02c0b02c0b06c1f42d3f4fc2b02c0b02c0b02c0b02,521515515d50d4b52d4b5554d5214955d4752d5755d50551545214052d555595550d48575415354d,685a6691ad699a66eda46fda76eda3685a06e9bb68da4691bb6e1af691bb69da1691bb6e1bb6e5a5,9d26d992649b6719b66c9ba719c2679ce6d9d2679ae719ce6e9c26a9be6d9ba719aa7099a6c9ce6a,3,"WAIT",000,00b,00c,0,4,3,0,3,00b,104,0,0,0,685a6691ad699a66e9a46fda76eda3685a06e9bb68da4695bb6e5af691be699a1695bb6e1bb6e5a4,0,00c,0,0,0,0,1,0,0,0,1,0
423,423,0,c0f02c0f02c0b02c0b02c0b02c0b02c0b02c0b02c0b02c0b06c1f42d3f4fc2b02c0b02c0b02c0b02,521515515d50d4b52d4b5554d5214955d4752d5755d50551545214052d555595550d48575415354d,685a6691ad699a66eda46fda76eda3685a06e9bb68da4691bb6e1af691bb69da1691bb6e1bb6e5a5,9d26d992649b6719b66c9ba719c2679ce6d9d2679ae719ce6e9c26a9be6d9ba719aa7099a6c9ce6a,3,"WAIT",000,00b,00c,0,4,3,0,3,00b,104,0,0,0,685a6691ad699a66e9a46fda76eda3685a06e9bb68da4695bb6e5af691be699a1695bb6e1bb6e5a4,0,00c,0,0,0,0,1,0,0,0,1,0
424,424,0,c0f02c0f02c0b02c0b02c0b02c0b02c0b02c0b02c0b02c0b06c1f42d3f4fc2b02c0b02c0b02c0b02,521515515d50d4b52d4b5554d5214955d4752d5755d50551545214052d555595550d48575415354d,685a6691ad699a66eda46fda76eda3685a06e9bb68da4691bb6e1af691bb69da1691bb6e1bb6e5a5,9d26d992649b6719b66c9ba719c2679ce6d9d2679ae719ce6e9c26a9be6d9ba719aa7099a6c9ce6a,3,"WAIT",000,00b,00c,0,4,3,0,3,00b,104,0,0,0,685a6691ad699a66e9a46fda76eda3685a06e9bb68da4695bb6e5af691be699a1695bb6e1bb6e5a4,0,00c,0,0,0,0,1,0,0,0,1,0
425,425,0,c0f02c0f02c0b02c0b02c0b02c0b02c0b02c0b02c0b02c0b06c1f42d3f4fc2b02c0b02c0b02c0b02,521515515d50d4b52d4b5554d5214955d4752d5755d50551545214052d555595550d48575415354d,685a6691ad699a66eda46fda76eda3685a06e9bb68da4691bb6e1af691bb69da1691bb6e1bb6e5a5,9d26d992649b6719b66c9ba719c2679ce6d9d2679ae719ce6e9c26a9be6d9ba719aa7099a6c9ce6a,3,"WAIT",000,00b,00c,0,4,3,0,3,00b,104,0,0,0,685a6691ad699a66e9a46fda76eda3685a06e9bb68da4695bb6e5af691be699a1695bb6e1bb6e5a4,0,00c,0,0,0,0,1,0,0,0,1,0
426,426,0,c0f02c0f02c0b02c0b02c0b02c0b02c0b02c0b02c0b02c0b06c1f42d3f4fc2b02c0b02c0b02c0b02,521515515d50d4b52d4b5554d5214955d4752d5755d50551545214052d555595550d48575415354d,685a6691ad699a66eda46fda76eda3685a06e9bb68da4691bb6e1af691bb69da1691bb6e1bb6e5a5,9d26d992649b6719b66c9ba719c2679ce6d9d2679ae719ce6e9c26a9be6d9ba719aa7099a6c9ce6a,3,"WAIT",000,00b,00c,0,4,3,0,3,00b,104,0,0,0,685a6691ad699a66e9a46fda76eda3685a06e9bb68da4695bb6e5af691be699a1695bb6e1bb6e5a4,0,00c,0,0,0,0,1,0,0,0,1,0
427,427,0,c0f02c0f02c0b02c0b02c0b02c0b02c0b02c0b02c0b02c0b06c1f42d3f4fc2b02c0b02c0b02c0b02,521515515d50d4b52d4b5554d5214955d4752d5755d50551545214052d555595550d48575415354d,685a6691ad699a66eda46fda76eda3685a06e9bb68da4691bb6e1af691bb69da1691bb6e1bb6e5a5,9d26d992649b6719b66c9ba719c2679ce6d9d2679ae719ce6e9c26a9be6d9ba719aa7099a6c9ce6a,3,"WAIT",000,00b,00c,0,4,3,0,3,00b,104,0,0,0,685a6691ad699a66e9a46fda76eda3685a06e9bb68da4695bb6e5af691be699a1695bb6e1bb6e5a4,0,00c,0,0,0,0,1,0,0,0,1,0
428,428,0,c0f02c0f02c0b02c0b02c0b02c0b02c0b02c0b02c0b02c0b06c1f42d3f4fc2b02c0b02c0b02c0b02,521515515d50d4b52d4b5554d5214955d4752d5755d50551545214052d555595550d48575415354d,685a6691ad699a66eda46fda76eda3685a06e9bb68da4691bb6e1af691bb69da1691bb6e1bb6e5a5,9d26d992649b6719b66c9ba719c2679ce6d9d2679ae719ce6e9c26a9be6d9ba719aa7099a6c9ce6a,3,"WAIT",000,00b,00c,0,4,3,0,3,00b,104,0,0,0,685a6691ad699a66e9a46fda76eda3685a06e9bb68da4695bb6e5af691be699a1695bb6e1bb6e5a4,0,00c,0,0,0,0,1,0,0,0,1,0
429,429,0,c0f02c0f02c0b02c0b02c0b02c0b02c0b02c0b02c0b02c0b06c1f42d3f4fc2b02c0b02c0b02c0b02,521515515d50d4b52d4b5554d5214955d4752d5755d50551545214052d555595550d48575415354d,685a6691ad699a66eda46fda76eda3685a06e9bb68da4691bb6e1af691bb69da1691bb6e1bb6e5a5,9d26d992649b6719b66c9ba719c2679ce6d9d2679ae719ce6e9c26a9be6d9ba719aa7099a6c9ce6a,3,"WAIT",000,00b,00c,0,4,3,0,3,00b,104,0,0,0,685a6691ad699a66e9a46fda76eda3685a06e9bb68da4695bb6e5af691be699a1695bb6e1bb6e5a4,0,00c,0,0,0,0,1,0,0,0,1,0
430,430,0,c0f02c0f02c0b02c0b02c0b02c0b02c0b02c0b02c0b02c0b06c1f42d3f4fc2b02c0b02c0b02c0b02,521515515d50d4b52d4b5554d5214955d4752d5755d50551545214052d555595550d48575415354d,685a6691ad699a66eda46fda76eda3685a06e9bb68da4691bb6e1af691bb69da1691bb6e1bb6e5a5,9d26d992649b6719b66c9ba719c2679ce6d9d2679ae719ce6e9c26a9be6d9ba719aa7099a6c9ce6a,3,"WAIT",000,00b,00c,0,4,3,0,3,00b,104,0,0,0,685a6691ad699a66e9a46fda76eda3685a06e9bb68da4695bb6e5af691be699a1695bb6e1bb6e5a4,0,00c,0,0,0,0,1,0,0,0,1,0
431,431,0,c0f02c0f02c0b02c0b02c0b02c0b02c0b02c0b02c0b02c0b06c1f42d3f4fc2b02c0b02c0b02c0b02,521515515d50d4b52d4b5554d5214955d4752d5755d50551545214052d555595550d48575415354d,685a6691ad699a66eda46fda76eda3685a06e9bb68da4691bb6e1af691bb69da1691bb6e1bb6e5a5,9d26d992649b6719b66c9ba719c2679ce6d9d2679ae719ce6e9c26a9be6d9ba719aa7099a6c9ce6a,3,"WAIT",000,00b,00c,0,4,3,0,3,00b,104,0,0,0,685a6691ad699a66e9a46fda76eda3685a06e9bb68da4695bb6e5af691be699a1695bb6e1bb6e5a4,0,00c,0,0,0,0,1,0,0,0,1,0
432,432,0,c0f02c0f02c0b02c0b02c0b02c0b02c0b02c0b02c0b02c0b06c1f42d3f4fc2b02c0b02c0b02c0b02,521515515d50d4b52d4b5554d5214955d4752d5755d50551545214052d555595550d48575415354d,685a6691ad699a66eda46fda76eda3685a06e9bb68da4691bb6e1af691bb69da1691bb6e1bb6e5a5,9d26d992649b6719b66c9ba719c2679ce6d9d2679ae719ce6e9c26a9be6d9ba719aa7099a6c9ce6a,3,"WAIT",000,00b,00c,0,4,3,0,3,00b,104,0,0,0,685a6691ad699a66e9a46fda76eda3685a06e9bb68da4695bb6e5af691be699a1695bb6e1bb6e5a4,0,00c,0,0,0,0,1,0,0,0,1,0
433,433,0,c0f02c0f02c0b02c0b02c0b02c0b02c0b02c0b02c0b02c0b06c1f42d3f4fc2b02c0b02c0b02c0b02,521515515d50d4b52d4b5554d5214955d4752d5755d50551545214052d555595550d48575415354d,685a6691ad699a66eda46fda76eda3685a06e9bb68da4691bb6e1af691bb69da1691bb6e1bb6e5a5,9d26d992649b6719b66c9ba719c2679ce6d9d2679ae719ce6e9c26a9be6d9ba719aa7099a6c9ce6a,3,"WAIT",000,00b,00c,0,4,3,0,3,00b,104,0,0,0,685a6691ad699a66e9a46fda76eda3685a06e9bb68da4695bb6e5af691be699a1695bb6e1bb6e5a4,0,00c,0,0,0,0,1,0,0,0,1,0
434,434,0,c0f02c0f02c0b02c0b02c0b02c0b02c0b02c0b02c0b02c0b06c1f42d3f4fc2b02c0b02c0b02c0b02,521515515d50d4b52d4b5554d5214955d4752d5755d50551545214052d555595550d48575415354d,685a6691ad699a66eda46fda76eda3685a06e9bb68da4691bb6e1af691bb69da1691bb6e1bb6e5a5,9d26d992649b6719b66c9ba719c2679ce6d9d2679ae719ce6e9c26a9be6d9ba719aa7099a6c9ce6a,3,"WAIT",000,00b,00c,0,4,3,0,3,00b,104,0,0,0,685a6691ad699a66e9a46fda76eda3685a06e9bb68da4695bb6e5af691be699a1695bb6e1bb6e5a4,0,00c,0,0,0,0,1,0,0,0,1,0
435,435,0,c0f02c0f02c0b02c0b02c0b02c0b02c0b02c0b02c0b02c0b06c1f42d3f4fc2b02c0b02c0b02c0b02,521515515d50d4b52d4b5554d5214955d4752d5755d50551545214052d555595550d48575415354d,685a6691ad699a66eda46fda76eda3685a06e9bb68da4691bb6e1af691bb69da1691bb6e1bb6e5a5,9d26d992649b6719b66c9ba719c2679ce6d9d2679ae719ce6e9c26a9be6d9ba719aa7099a6c9ce6a,3,"WAIT",000,00b,00c,0,4,3,0,3,00b,104,0,0,0,685a6691ad699a66e9a46fda76eda3685a06e9bb68da4695bb6e5af691be699a1695bb6e1bb6e5a4,0,00c,0,0,0,0,1,0,0,0,1,0
436,436,0,c0f02c0f02c0b02c0b02c0b02c0b02c0b02c0b02c0b02c0b06c1f42d3f4fc2b02c0b02c0b02c0b02,521515515d50d4b52d4b5554d5214955d4752d5755d50551545214052d555595550d48575415354d,685a6691ad699a66eda46fda76eda3685a06e9bb68da4691bb6e1af691bb69da1691bb6e1bb6e5a5,9d26d992649b6719b66c9ba719c2679ce6d9d2679ae719ce6e9c26a9be6d9ba719aa7099a6c9ce6a,3,"WAIT",000,00b,00c,0,4,3,0,3,00b,104,0,0,0,685a6691ad699a66e9a46fda76eda3685a06e9bb68da4695bb6e5af691be699a1695bb6e1bb6e5a4,0,00c,0,0,0,0,1,0,0,0,1,0
437,437,0,c0f02c0f02c0b02c0b02c0b02c0b02c0b02c0b02c0b02c0b06c1f42d3f4fc2b02c0b02c0b02c0b02,521515515d50d4b52d4b5554d5214955d4752d5755d50551545214052d555595550d48575415354d,685a6691ad699a66eda46fda76eda3685a06e9bb68da4691bb6e1af691bb69da1691bb6e1bb6e5a5,9d26d992649b6719b66c9ba719c2679ce6d9d2679ae719ce6e9c26a9be6d9ba719aa7099a6c9ce6a,3,"WAIT",000,00b,00c,0,4,3,0,3,00b,104,0,0,0,685a6691ad699a66e9a46fda76eda3685a06e9bb68da4695bb6e5af691be699a1695bb6e1bb6e5a4,0,00c,0,0,0,0,1,0,0,0,1,0
438,438,0,c0f02c0f02c0b02c0b02c0b02c0b02c0b02c0b02c0b02c0b06c1f42d3f4fc2b02c0b02c0b02c0b02,521515515d50d4b52d4b5554d5214955d4752d5755d50551545214052d555595550d48575415354d,685a6691ad699a66eda46fda76eda3685a06e9bb68da4691bb6e1af691bb69da1691bb6e1bb6e5a5,9d26d992649b6719b66c9ba719c2679ce6d9d2679ae719ce6e9c26a9be6d9ba719aa7099a6c9ce6a,3,"WAIT",000,00b,00c,0,4,3,0,3,00b,104,0,0,0,685a6691ad699a66e9a46fda76eda3685a06e9bb68da4695bb6e5af691be699a1695bb6e1bb6e5a4,0,00c,0,0,0,0,1,0,0,0,1,0
439,439,0,c0f02c0f02c0b02c0b02c0b02c0b02c0b02c0b02c0b02c0b06c1f42d3f4fc2b02c0b02c0b02c0b02,521515515d50d4b52d4b5554d5214955d4752d5755d50551545214052d555595550d48575415354d,685a6691ad699a66eda46fda76eda3685a06e9bb68da4691bb6e1af691bb69da1691bb6e1bb6e5a5,9d26d992649b6719b66c9ba719c2679ce6d9d2679ae719ce6e9c26a9be6d9ba719aa7099a6c9ce6a,3,"WAIT",000,00b,00c,0,4,3,0,3,00b,104,0,0,0,685a6691ad699a66e9a46fda76eda3685a06e9bb68da4695bb6e5af691be699a1695bb6e1bb6e5a4,0,00c,0,0,0,0,1,0,0,0,1,0
440,440,0,c0f02c0f02c0b02c0b02c0b02c0b02c0b02c0b02c0b02c0b06c1f42d3f4fc2b02c0b02c0b02c0b02,521515515d50d4b52d4b5554d5214955d4752d5755d50551545214052d555595550d48575415354d,685a6691ad699a66eda46fda76eda3685a06e9bb68da4691bb6e1af691bb69da1691bb6e1bb6e5a5,9d26d992649b6719b66c9ba719c2679ce6d9d2679ae719ce6e9c26a9be6d9ba719aa7099a6c9ce6a,3,"WAIT",000,00b,00c,0,4,3,0,3,00b,104,0,0,0,685a6691ad699a66e9a46fda76eda3685a06e9bb68da4695bb6e5af691be699a1695bb6e1bb6e5a4,0,00c,0,0,0,0,1,0,0,0,1,0
441,441,0,c0f02c0f02c0b02c0b02c0b02c0b02c0b02c0b02c0b02c0b06c1f42d3f4fc2b02c0b02c0b02c0b02,521515515d50d4b52d4b5554d5214955d4752d5755d50551545214052d555595550d48575415354d,685a6691ad699a66eda46fda76eda3685a06e9bb68da4691bb6e1af691bb69da1691bb6e1bb6e5a5,9d26d992649b6719b66c9ba719c2679ce6d9d2679ae719ce6e9c26a9be6d9ba719aa7099a6c9ce6a,3,"WAIT",000,00b,00c,0,4,3,0,3,00b,104,0,0,0,685a6691ad699a66e9a46fda76eda3685a06e9bb68da4695bb6e5af691be699a1695bb6e1bb6e5a4,0,00c,0,0,0,0,1,0,0,0,1,0
442,442,0,c0f02c0f02c0b02c0b02c0b02c0b02c0b02c0b02c0b02c0b06c1f42d3f4fc2b02c0b02c0b02c0b02,521515515d50d4b52d4b5554d5214955d4752d5755d50551545214052d555595550d48575415354d,685a6691ad699a66eda46fda76eda3685a06e9bb68da4691bb6e1af691bb69da1691bb6e1bb6e5a5,9d26d992649b6719b66c9ba719c2679ce6d9d2679ae719ce6e9c26a9be6d9ba719aa7099a6c9ce6a,3,"WAIT",000,00b,00c,0,4,3,0,3,00b,104,0,0,0,685a6691ad699a66e9a46fda76eda3685a06e9bb68da4695bb6e5af691be699a1695bb6e1bb6e5a4,0,00c,0,0,0,0,1,0,0,0,1,0
443,443,0,c0f02c0f02c0b02c0b02c0b02c0b02c0b02c0b02c0b02c0b06c1f42d3f4fc2b02c0b02c0b02c0b02,521515515d50d4b52d4b5554d5214955d4752d5755d50551545214052d555595550d48575415354d,685a6691ad699a66eda46fda76eda3685a06e9bb68da4691bb6e1af691bb69da1691bb6e1bb6e5a5,9d26d992649b6719b66c9ba719c2679ce6d9d2679ae719ce6e9c26a9be6d9ba719aa7099a6c9ce6a,3,"WAIT",000,00b,00c,0,4,3,0,3,00b,104,0,0,0,685a6691ad699a66e9a46fda76eda3685a06e9bb68da4695bb6e5af691be699a1695bb6e1bb6e5a4,0,00c,0,0,0,0,1,0,0,0,1,0
444,444,0,c0f02c0f02c0b02c0b02c0b02c0b02c0b02c0b02c0b02c0b06c1f42d3f4fc2b02c0b02c0b02c0b02,521515515d50d4b52d4b5554d5214955d4752d5755d50551545214052d555595550d48575415354d,685a6691ad699a66eda46fda76eda3685a06e9bb68da4691bb6e1af691bb69da1691bb6e1bb6e5a5,9d26d992649b6719b66c9ba719c2679ce6d9d2679ae719ce6e9c26a9be6d9ba719aa7099a6c9ce6a,3,"WAIT",000,00b,00c,0,4,3,0,3,00b,104,0,0,0,685a6691ad699a66e9a46fda76eda3685a06e9bb68da4695bb6e5af691be699a1695bb6e1bb6e5a4,0,00c,0,0,0,0,1,0,0,0,1,0
445,445,0,c0f02c0f02c0b02c0b02c0b02c0b02c0b02c0b02c0b02c0b06c1f42d3f4fc2b02c0b02c0b02c0b02,521515515d50d4b52d4b5554d5214955d4752d5755d50551545214052d555595550d48575415354d,685a6691ad699a66eda46fda76eda3685a06e9bb68da4691bb6e1af691bb69da1691bb6e1bb6e5a5,9d26d992649b6719b66c9ba719c2679ce6d9d2679ae719ce6e9c26a9be6d9ba719aa7099a6c9ce6a,3,"WAIT",000,00b,00c,0,4,3,0,3,00b,104,0,0,0,685a6691ad699a66e9a46fda76eda3685a06e9bb68da4695bb6e5af691be699a1695bb6e1bb6e5a4,0,00c,0,0,0,0,1,0,0,0,1,0
446,446,0,c0f02c0f02c0b02c0b02c0b02c0b02c0b02c0b02c0b02c0b06c1f42d3f4fc2b02c0b02c0b02c0b02,521515515d50d4b52d4b5554d5214955d4752d5755d50551545214052d555595550d48575415354d,685a6691ad699a66eda46fda76eda3685a06e9bb68da4691bb6e1af691bb69da1691bb6e1bb6e5a5,9d26d992649b6719b66c9ba719c2679ce6d9d2679ae719ce6e9c26a9be6d9ba719aa7099a6c9ce6a,3,"WAIT",000,00b,00c,0,4,3,0,3,00b,104,0,0,0,685a6691ad699a66e9a46fda76eda3685a06e9bb68da4695bb6e5af691be699a1695bb6e1bb6e5a4,0,00c,0,0,0,0,1,0,0,0,1,0
447,447,0,c0f02c0f02c0b02c0b02c0b02c0b02c0b02c0b02c0b02c0b06c1f42d3f4fc2b02c0b02c0b02c0b02,521515515d50d4b52d4b5554d5214955d4752d5755d50551545214052d555595550d48575415354d,685a6691ad699a66eda46fda76eda3685a06e9bb68da4691bb6e1af691bb69da1691bb6e1bb6e5a5,9d26d992649b6719b66c9ba719c2679ce6d9d2679ae719ce6e9c26a9be6d9ba719aa7099a6c9ce6a,3,"WAIT",000,00b,00c,0,4,3,0,3,00b,104,0,0,0,685a6691ad699a66e9a46fda76eda3685a06e9bb68da4695bb6e5af691be699a1695bb6e1bb6e5a4,0,00c,0,0,0,0,1,0,0,0,1,0
448,448,0,c0f02c0f02c0b02c0b02c0b02c0b02c0b02c0b02c0b02c0b06c1f42d3f4fc2b02c0b02c0b02c0b02,521515515d50d4b52d4b5554d5214955d4752d5755d50551545214052d555595550d48575415354d,685a6691ad699a66eda46fda76eda3685a06e9bb68da4691bb6e1af691bb69da1691bb6e1bb6e5a5,9d26d992649b6719b66c9ba719c2679ce6d9d2679ae719ce6e9c26a9be6d9ba719aa7099a6c9ce6a,3,"WAIT",000,00b,00c,0,4,3,0,3,00b,104,0,0,0,685a6691ad699a66e9a46fda76eda3685a06e9bb68da4695bb6e5af691be699a1695bb6e1bb6e5a4,0,00c,0,0,0,0,1,0,0,0,1,0
449,449,0,c0f02c0f02c0b02c0b02c0b02c0b02c0b02c0b02c0b02c0b06c1f42d3f4fc2b02c0b02c0b02c0b02,521515515d50d4b52d4b5554d5214955d4752d5755d50551545214052d555595550d48575415354d,685a6691ad699a66eda46fda76eda3685a06e9bb68da4691bb6e1af691bb69da1691bb6e1bb6e5a5,9d26d992649b6719b66c9ba719c2679ce6d9d2679ae719ce6e9c26a9be6d9ba719aa7099a6c9ce6a,3,"WAIT",000,00b,00c,0,4,3,0,3,00b,104,0,0,0,685a6691ad699a66e9a46fda76eda3685a06e9bb68da4695bb6e5af691be699a1695bb6e1bb6e5a4,0,00c,0,0,0,0,1,0,0,0,1,0
450,450,0,c0f02c0f02c0b02c0b02c0b02c0b02c0b02c0b02c0b02c0b06c1f42d3f4fc2b02c0b02c0b02c0b02,521515515d50d4b52d4b5554d5214955d4752d5755d50551545214052d555595550d48575415354d,685a6691ad699a66eda46fda76eda3685a06e9bb68da4691bb6e1af691bb69da1691bb6e1bb6e5a5,9d26d992649b6719b66c9ba719c2679ce6d9d2679ae719ce6e9c26a9be6d9ba719aa7099a6c9ce6a,3,"WAIT",000,00b,00c,0,4,3,0,3,00b,104,0,0,0,685a6691ad699a66e9a46fda76eda3685a06e9bb68da4695bb6e5af691be699a1695bb6e1bb6e5a4,0,00c,0,0,0,0,1,0,0,0,1,0
451,451,0,c0f02c0f02c0b02c0b02c0b02c0b02c0b02c0b02c0b02c0b06c1f42d3f4fc2b02c0b02c0b02c0b02,521515515d50d4b52d4b5554d5214955d4752d5755d50551545214052d555595550d48575415354d,685a6691ad699a66eda46fda76eda3685a06e9bb68da4691bb6e1af691bb69da1691bb6e1bb6e5a5,9d26d992649b6719b66c9ba719c2679ce6d9d2679ae719ce6e9c26a9be6d9ba719aa7099a6c9ce6a,3,"WAIT",000,00b,00c,0,4,3,0,3,00b,104,0,0,0,685a6691ad699a66e9a46fda76eda3685a06e9bb68da4695bb6e5af691be699a1695bb6e1bb6e5a4,0,00c,0,0,0,0,1,0,0,0,1,0
452,452,0,c0f02c0f02c0b02c0b02c0b02c0b02c0b02c0b02c0b02c0b06c1f42d3f4fc2b02c0b02c0b02c0b02,521515515d50d4b52d4b5554d5214955d4752d5755d50551545214052d555595550d48575415354d,685a6691ad699a66eda46fda76eda3685a06e9bb68da4691bb6e1af691bb69da1691bb6e1bb6e5a5,9d26d992649b6719b66c9ba719c2679ce6d9d2679ae719ce6e9c26a9be6d9ba719aa7099a6c9ce6a,3,"WAIT",000,00b,00c,0,4,3,0,3,00b,104,0,0,0,685a6691ad699a66e9a46fda76eda3685a06e9bb68da4695bb6e5af691be699a1695bb6e1bb6e5a4,0,00c,0,0,0,0,1,0,0,0,1,0
453,453,0,c0f02c0f02c0b02c0b02c0b02c0b02c0b02c0b02c0b02c0b06c1f42d3f4fc2b02c0b02c0b02c0b02,521515515d50d4b52d4b5554d5214955d4752d5755d50551545214052d555595550d48575415354d,685a6691ad699a66eda46fda76eda3685a06e9bb68da4691bb6e1af691bb69da1691bb6e1bb6e5a5,9d26d992649b6719b66c9ba719c2679ce6d9d2679ae719ce6e9c26a9be6d9ba719aa7099a6c9ce6a,3,"WAIT",000,00b,00c,0,4,3,0,3,00b,104,0,0,0,685a6691ad699a66e9a46fda76eda3685a06e9bb68da4695bb6e5af691be699a1695bb6e1bb6e5a4,0,00c,0,0,0,0,1,0,0,0,1,0
454,454,0,c0f02c0f02c0b02c0b02c0b02c0b02c0b02c0b02c0b02c0b06c1f42d3f4fc2b02c0b02c0b02c0b02,521515515d50d4b52d4b5554d5214955d4752d5755d50551545214052d555595550d48575415354d,685a6691ad699a66eda46fda76eda3685a06e9bb68da4691bb6e1af691bb69da1691bb6e1bb6e5a5,9d26d992649b6719b66c9ba719c2679ce6d9d2679ae719ce6e9c26a9be6d9ba719aa7099a6c9ce6a,3,"WAIT",000,00b,00c,0,4,3,0,3,00b,104,0,0,0,685a6691ad699a66e9a46fda76eda3685a06e9bb68da4695bb6e5af691be699a1695bb6e1bb6e5a4,0,00c,0,0,0,0,1,0,0,0,1,0
455,455,0,c0f02c0f02c0b02c0b02c0b02c0b02c0b02c0b02c0b02c0b06c1f42d3f4fc2b02c0b02c0b02c0b02,521515515d50d4b52d4b5554d5214955d4752d5755d50551545214052d555595550d48575415354d,685a6691ad699a66eda46fda76eda3685a06e9bb68da4691bb6e1af691bb69da1691bb6e1bb6e5a5,9d26d992649b6719b66c9ba719c2679ce6d9d2679ae719ce6e9c26a9be6d9ba719aa7099a6c9ce6a,3,"WAIT",000,00b,00c,0,4,3,0,3,00b,104,0,0,0,685a6691ad699a66e9a46fda76eda3685a06e9bb68da4695bb6e5af691be699a1695bb6e1bb6e5a4,0,00c,0,0,0,0,1,0,0,0,1,0
456,456,0,c0f02c0f02c0b02c0b02c0b02c0b02c0b02c0b02c0b02c0b06c1f42d3f4fc2b02c0b02c0b02c0b02,521515515d50d4b52d4b5554d5214955d4752d5755d50551545214052d555595550d48575415354d,685a6691ad699a66eda46fda76eda3685a06e9bb68da4691bb6e1af691bb69da1691bb6e1bb6e5a5,9d26d992649b6719b66c9ba719c2679ce6d9d2679ae719ce6e9c26a9be6d9ba719aa7099a6c9ce6a,3,"WAIT",000,00b,00c,0,4,3,0,3,00b,104,0,0,0,685a6691ad699a66e9a46fda76eda3685a06e9bb68da4695bb6e5af691be699a1695bb6e1bb6e5a4,0,00c,0,0,0,0,1,0,0,0,1,0
457,457,0,c0f02c0f02c0b02c0b02c0b02c0b02c0b02c0b02c0b02c0b06c1f42d3f4fc2b02c0b02c0b02c0b02,521515515d50d4b52d4b5554d5214955d4752d5755d50551545214052d555595550d48575415354d,685a6691ad699a66eda46fda76eda3685a06e9bb68da4691bb6e1af691bb69da1691bb6e1bb6e5a5,9d26d992649b6719b66c9ba719c2679ce6d9d2679ae719ce6e9c26a9be6d9ba719aa7099a6c9ce6a,3,"WAIT",000,00b,00c,0,4,3,0,3,00b,104,0,0,0,685a6691ad699a66e9a46fda76eda3685a06e9bb68da4695bb6e5af691be699a1695bb6e1bb6e5a4,0,00c,0,0,0,0,1,0,0,0,1,0
458,458,0,c0f02c0f02c0b02c0b02c0b02c0b02c0b02c0b02c0b02c0b06c1f42d3f4fc2b02c0b02c0b02c0b02,521515515d50d4b52d4b5554d5214955d4752d5755d50551545214052d555595550d48575415354d,685a6691ad699a66eda46fda76eda3685a06e9bb68da4691bb6e1af691bb69da1691bb6e1bb6e5a5,9d26d992649b6719b66c9ba719c2679ce6d9d2679ae719ce6e9c26a9be6d9ba719aa7099a6c9ce6a,3,"WAIT",000,00b,00c,0,4,3,0,3,00b,104,0,0,0,685a6691ad699a66e9a46fda76eda3685a06e9bb68da4695bb6e5af691be699a1695bb6e1bb6e5a4,0,00c,0,0,0,0,1,0,0,0,1,0
459,459,0,c0f02c0f02c0b02c0b02c0b02c0b02c0b02c0b02c0b02c0b06c1f42d3f4fc2b02c0b02c0b02c0b02,521515515d50d4b52d4b5554d5214955d4752d5755d50551545214052d555595550d48575415354d,685a6691ad699a66eda46fda76eda3685a06e9bb68da4691bb6e1af691bb69da1691bb6e1bb6e5a5,9d26d992649b6719b66c9ba719c2679ce6d9d2679ae719ce6e9c26a9be6d9ba719aa7099a6c9ce6a,3,"WAIT",000,00b,00c,0,4,3,0,3,00b,104,0,0,0,685a6691ad699a66e9a46fda76eda3685a06e9bb68da4695bb6e5af691be699a1695bb6e1bb6e5a4,0,00c,0,0,0,0,1,0,0,0,1,0
460,460,0,c0f02c0f02c0b02c0b02c0b02c0b02c0b02c0b02c0b02c0b06c1f42d3f4fc2b02c0b02c0b02c0b02,521515515d50d4b52d4b5554d5214955d4752d5755d50551545214052d555595550d48575415354d,685a6691ad699a66eda46fda76eda3685a06e9bb68da4691bb6e1af691bb69da1691bb6e1bb6e5a5,9d26d992649b6719b66c9ba719c2679ce6d9d2679ae719ce6e9c26a9be6d9ba719aa7099a6c9ce6a,3,"WAIT",000,00b,00c,0,4,3,0,3,00b,104,0,0,0,685a6691ad699a66e9a46fda76eda3685a06e9bb68da4695bb6e5af691be699a1695bb6e1bb6e5a4,0,00c,0,0,0,0,1,0,0,0,1,0
461,461,0,c0f02c0f02c0b02c0b02c0b02c0b02c0b02c0b02c0b02c0b06c1f42d3f4fc2b02c0b02c0b02c0b02,521515515d50d4b52d4b5554d5214955d4752d5755d50551545214052d555595550d48575415354d,685a6691ad699a66eda46fda76eda3685a06e9bb68da4691bb6e1af691bb69da1691bb6e1bb6e5a5,9d26d992649b6719b66c9ba719c2679ce6d9d2679ae719ce6e9c26a9be6d9ba719aa7099a6c9ce6a,3,"WAIT",000,00b,00c,0,4,3,0,3,00b,104,0,0,0,685a6691ad699a66e9a46fda76eda3685a06e9bb68da4695bb6e5af691be699a1695bb6e1bb6e5a4,0,00c,0,0,0,0,1,0,0,0,1,0
462,462,0,c0f02c0f02c0b02c0b02c0b02c0b02c0b02c0b02c0b02c0b06c1f42d3f4fc2b02c0b02c0b02c0b02,521515515d50d4b52d4b5554d5214955d4752d5755d50551545214052d555595550d48575415354d,685a6691ad699a66eda46fda76eda3685a06e9bb68da4691bb6e1af691bb69da1691bb6e1bb6e5a5,9d26d992649b6719b66c9ba719c2679ce6d9d2679ae719ce6e9c26a9be6d9ba719aa7099a6c9ce6a,3,"WAIT",000,00b,00c,0,4,3,0,3,00b,104,0,0,0,685a6691ad699a66e9a46fda76eda3685a06e9bb68da4695bb6e5af691be699a1695bb6e1bb6e5a4,0,00c,0,0,0,0,1,0,0,0,1,0
463,463,0,c0f02c0f02c0b02c0b02c0b02c0b02c0b02c0b02c0b02c0b06c1f42d3f4fc2b02c0b02c0b02c0b02,521515515d50d4b52d4b5554d5214955d4752d5755d50551545214052d555595550d48575415354d,685a6691ad699a66eda46fda76eda3685a06e9bb68da4691bb6e1af691bb69da1691bb6e1bb6e5a5,9d26d992649b6719b66c9ba719c2679ce6d9d2679ae719ce6e9c26a9be6d9ba719aa7099a6c9ce6a,3,"WAIT",000,00b,00c,0,4,3,0,3,00b,104,0,0,0,685a6691ad699a66e9a46fda76eda3685a06e9bb68da4695bb6e5af691be699a1695bb6e1bb6e5a4,0,00c,0,0,0,0,1,0,0,0,1,0
464,464,0,c0f02c0f02c0b02c0b02c0b02c0b02c0b02c0b02c0b02c0b06c1f42d3f4fc2b02c0b02c0b02c0b02,521515515d50d4b52d4b5554d5214955d4752d5755d50551545214052d555595550d48575415354d,685a6691ad699a66eda46fda76eda3685a06e9bb68da4691bb6e1af691bb69da1691bb6e1bb6e5a5,9d26d992649b6719b66c9ba719c2679ce6d9d2679ae719ce6e9c26a9be6d9ba719aa7099a6c9ce6a,3,"WAIT",000,00b,00c,0,4,3,0,3,00b,104,0,0,0,685a6691ad699a66e9a46fda76eda3685a06e9bb68da4695bb6e5af691be699a1695bb6e1bb6e5a4,0,00c,0,0,0,0,1,0,0,0,1,0
465,465,0,c0f02c0f02c0b02c0b02c0b02c0b02c0b02c0b02c0b02c0b06c1f42d3f4fc2b02c0b02c0b02c0b02,521515515d50d4b52d4b5554d5214955d4752d5755d50551545214052d555595550d48575415354d,685a6691ad699a66eda46fda76eda3685a06e9bb68da4691bb6e1af691bb69da1691bb6e1bb6e5a5,9d26d992649b6719b66c9ba719c2679ce6d9d2679ae719ce6e9c26a9be6d9ba719aa7099a6c9ce6a,3,"WAIT",000,00b,00c,0,4,3,0,3,00b,104,0,0,0,685a6691ad699a66e9a46fda76eda3685a06e9bb68da4695bb6e5af691be699a1695bb6e1bb6e5a4,0,00c,0,0,0,0,1,0,0,0,1,0
466,466,0,c0f02c0f02c0b02c0b02c0b02c0b02c0b02c0b02c0b02c0b06c1f42d3f4fc2b02c0b02c0b02c0b02,521515515d50d4b52d4b5554d5214955d4752d5755d50551545214052d555595550d48575415354d,685a6691ad699a66eda46fda76eda3685a06e9bb68da4691bb6e1af691bb69da1691bb6e1bb6e5a5,9d26d992649b6719b66c9ba719c2679ce6d9d2679ae719ce6e9c26a9be6d9ba719aa7099a6c9ce6a,3,"WAIT",000,00b,00c,0,4,3,0,3,00b,104,0,0,0,685a6691ad699a66e9a46fda76eda3685a06e9bb68da4695bb6e5af691be699a1695bb6e1bb6e5a4,0,00c,0,0,0,0,1,0,0,0,1,0
467,467,0,c0f02c0f02c0b02c0b02c0b02c0b02c0b02c0b02c0b02c0b06c1f42d3f4fc2b02c0b02c0b02c0b02,521515515d50d4b52d4b5554d5214955d4752d5755d50551545214052d555595550d48575415354d,685a6691ad699a66eda46fda76eda3685a06e9bb68da4691bb6e1af691bb69da1691bb6e1bb6e5a5,9d26d992649b6719b66c9ba719c2679ce6d9d2679ae719ce6e9c26a9be6d9ba719aa7099a6c9ce6a,3,"WAIT",000,00b,00c,0,4,3,0,3,00b,104,0,0,0,685a6691ad699a66e9a46fda76eda3685a06e9bb68da4695bb6e5af691be699a1695bb6e1bb6e5a4,0,00c,0,0,0,0,1,0,0,0,1,0
468,468,0,c0f02c0f02c0b02c0b02c0b02c0b02c0b02c0b02c0b02c0b06c1f42d3f4fc2b02c0b02c0b02c0b02,521515515d50d4b52d4b5554d5214955d4752d5755d50551545214052d555595550d48575415354d,685a6691ad699a66eda46fda76eda3685a06e9bb68da4691bb6e1af691bb69da1691bb6e1bb6e5a5,9d26d992649b6719b66c9ba719c2679ce6d9d2679ae719ce6e9c26a9be6d9ba719aa7099a6c9ce6a,3,"WAIT",000,00b,00c,0,4,3,0,3,00b,104,0,0,0,685a6691ad699a66e9a46fda76eda3685a06e9bb68da4695bb6e5af691be699a1695bb6e1bb6e5a4,0,00c,0,0,0,0,1,0,0,0,1,0
469,469,0,c0f02c0f02c0b02c0b02c0b02c0b02c0b02c0b02c0b02c0b06c1f42d3f4fc2b02c0b02c0b02c0b02,521515515d50d4b52d4b5554d5214955d4752d5755d50551545214052d555595550d48575415354d,685a6691ad699a66eda46fda76eda3685a06e9bb68da4691bb6e1af691bb69da1691bb6e1bb6e5a5,9d26d992649b6719b66c9ba719c2679ce6d9d2679ae719ce6e9c26a9be6d9ba719aa7099a6c9ce6a,3,"WAIT",000,00b,00c,0,4,3,0,3,00b,104,0,0,0,685a6691ad699a66e9a46fda76eda3685a06e9bb68da4695bb6e5af691be699a1695bb6e1bb6e5a4,0,00c,0,0,0,0,1,0,0,0,1,0
470,470,0,c0f02c0f02c0b02c0b02c0b02c0b02c0b02c0b02c0b02c0b06c1f42d3f4fc2b02c0b02c0b02c0b02,521515515d50d4b52d4b5554d5214955d4752d5755d50551545214052d555595550d48575415354d,685a6691ad699a66eda46fda76eda3685a06e9bb68da4691bb6e1af691bb69da1691bb6e1bb6e5a5,9d26d992649b6719b66c9ba719c2679ce6d9d2679ae719ce6e9c26a9be6d9ba719aa7099a6c9ce6a,3,"WAIT",000,00b,00c,0,4,3,0,3,00b,104,0,0,0,685a6691ad699a66e9a46fda76eda3685a06e9bb68da4695bb6e5af691be699a1695bb6e1bb6e5a4,0,00c,0,0,0,0,1,0,0,0,1,0
471,471,0,c0f02c0f02c0b02c0b02c0b02c0b02c0b02c0b02c0b02c0b06c1f42d3f4fc2b02c0b02c0b02c0b02,521515515d50d4b52d4b5554d5214955d4752d5755d50551545214052d555595550d48575415354d,685a6691ad699a66eda46fda76eda3685a06e9bb68da4691bb6e1af691bb69da1691bb6e1bb6e5a5,9d26d992649b6719b66c9ba719c2679ce6d9d2679ae719ce6e9c26a9be6d9ba719aa7099a6c9ce6a,3,"WAIT",000,00b,00c,0,4,3,0,3,00b,104,0,0,0,685a6691ad699a66e9a46fda76eda3685a06e9bb68da4695bb6e5af691be699a1695bb6e1bb6e5a4,0,00c,0,0,0,0,1,0,0,0,1,0
472,472,0,c0f02c0f02c0b02c0b02c0b02c0b02c0b02c0b02c0b02c0b06c1f42d3f4fc2b02c0b02c0b02c0b02,521515515d50d4b52d4b5554d5214955d4752d5755d50551545214052d555595550d48575415354d,685a6691ad699a66eda46fda76eda3685a06e9bb68da4691bb6e1af691bb69da1691bb6e1bb6e5a5,9d26d992649b6719b66c9ba719c2679ce6d9d2679ae719ce6e9c26a9be6d9ba719aa7099a6c9ce6a,3,"WAIT",000,00b,00c,0,4,3,0,3,00b,104,0,0,0,685a6691ad699a66e9a46fda76eda3685a06e9bb68da4695bb6e5af691be699a1695bb6e1bb6e5a4,0,00c,0,0,0,0,1,0,0,0,1,0
473,473,0,c0f02c0f02c0b02c0b02c0b02c0b02c0b02c0b02c0b02c0b06c1f42d3f4fc2b02c0b02c0b02c0b02,521515515d50d4b52d4b5554d5214955d4752d5755d50551545214052d555595550d48575415354d,685a6691ad699a66eda46fda76eda3685a06e9bb68da4691bb6e1af691bb69da1691bb6e1bb6e5a5,9d26d992649b6719b66c9ba719c2679ce6d9d2679ae719ce6e9c26a9be6d9ba719aa7099a6c9ce6a,3,"WAIT",000,00b,00c,0,4,3,0,3,00b,104,0,0,0,685a6691ad699a66e9a46fda76eda3685a06e9bb68da4695bb6e5af691be699a1695bb6e1bb6e5a4,0,00c,0,0,0,0,1,0,0,0,1,0
474,474,0,c0f02c0f02c0b02c0b02c0b02c0b02c0b02c0b02c0b02c0b06c1f42d3f4fc2b02c0b02c0b02c0b02,521515515d50d4b52d4b5554d5214955d4752d5755d50551545214052d555595550d48575415354d,685a6691ad699a66eda46fda76eda3685a06e9bb68da4691bb6e1af691bb69da1691bb6e1bb6e5a5,9d26d992649b6719b66c9ba719c2679ce6d9d2679ae719ce6e9c26a9be6d9ba719aa7099a6c9ce6a,3,"WAIT",000,00b,00c,0,4,3,0,3,00b,104,0,0,0,685a6691ad699a66e9a46fda76eda3685a06e9bb68da4695bb6e5af691be699a1695bb6e1bb6e5a4,0,00c,0,0,0,0,1,0,0,0,1,0
475,475,0,c0f02c0f02c0b02c0b02c0b02c0b02c0b02c0b02c0b02c0b06c1f42d3f4fc2b02c0b02c0b02c0b02,521515515d50d4b52d4b5554d5214955d4752d5755d50551545214052d555595550d48575415354d,685a6691ad699a66eda46fda76eda3685a06e9bb68da4691bb6e1af691bb69da1691bb6e1bb6e5a5,9d26d992649b6719b66c9ba719c2679ce6d9d2679ae719ce6e9c26a9be6d9ba719aa7099a6c9ce6a,3,"WAIT",000,00b,00c,0,4,3,0,3,00b,104,0,0,0,685a6691ad699a66e9a46fda76eda3685a06e9bb68da4695bb6e5af691be699a1695bb6e1bb6e5a4,0,00c,0,0,0,0,1,0,0,0,1,0
476,476,0,c0f02c0f02c0b02c0b02c0b02c0b02c0b02c0b02c0b02c0b06c1f42d3f4fc2b02c0b02c0b02c0b02,521515515d50d4b52d4b5554d5214955d4752d5755d50551545214052d555595550d48575415354d,685a6691ad699a66eda46fda76eda3685a06e9bb68da4691bb6e1af691bb69da1691bb6e1bb6e5a5,9d26d992649b6719b66c9ba719c2679ce6d9d2679ae719ce6e9c26a9be6d9ba719aa7099a6c9ce6a,3,"WAIT",000,00b,00c,0,4,3,0,3,00b,104,0,0,0,685a6691ad699a66e9a46fda76eda3685a06e9bb68da4695bb6e5af691be699a1695bb6e1bb6e5a4,0,00c,0,0,0,0,1,0,0,0,1,0
477,477,0,c0f02c0f02c0b02c0b02c0b02c0b02c0b02c0b02c0b02c0b06c1f42d3f4fc2b02c0b02c0b02c0b02,521515515d50d4b52d4b5554d5214955d4752d5755d50551545214052d555595550d48575415354d,685a6691ad699a66eda46fda76eda3685a06e9bb68da4691bb6e1af691bb69da1691bb6e1bb6e5a5,9d26d992649b6719b66c9ba719c2679ce6d9d2679ae719ce6e9c26a9be6d9ba719aa7099a6c9ce6a,3,"WAIT",000,00b,00c,0,4,3,0,3,00b,104,0,0,0,685a6691ad699a66e9a46fda76eda3685a06e9bb68da4695bb6e5af691be699a1695bb6e1bb6e5a4,0,00c,0,0,0,0,1,0,0,0,1,0
478,478,0,c0f02c0f02c0b02c0b02c0b02c0b02c0b02c0b02c0b02c0b06c1f42d3f4fc2b02c0b02c0b02c0b02,521515515d50d4b52d4b5554d5214955d4752d5755d50551545214052d555595550d48575415354d,685a6691ad699a66eda46fda76eda3685a06e9bb68da4691bb6e1af691bb69da1691bb6e1bb6e5a5,9d26d992649b6719b66c9ba719c2679ce6d9d2679ae719ce6e9c26a9be6d9ba719aa7099a6c9ce6a,3,"WAIT",000,00b,00c,0,4,3,0,3,00b,104,0,0,0,685a6691ad699a66e9a46fda76eda3685a06e9bb68da4695bb6e5af691be699a1695bb6e1bb6e5a4,0,00c,0,0,0,0,1,0,0,0,1,0
479,479,0,c0f02c0f02c0b02c0b02c0b02c0b02c0b02c0b02c0b02c0b06c1f42d3f4fc2b02c0b02c0b02c0b02,521515515d50d4b52d4b5554d5214955d4752d5755d50551545214052d555595550d48575415354d,685a6691ad699a66eda46fda76eda3685a06e9bb68da4691bb6e1af691bb69da1691bb6e1bb6e5a5,9d26d992649b6719b66c9ba719c2679ce6d9d2679ae719ce6e9c26a9be6d9ba719aa7099a6c9ce6a,3,"WAIT",000,00b,00c,0,4,3,0,3,00b,104,0,0,0,685a6691ad699a66e9a46fda76eda3685a06e9bb68da4695bb6e5af691be699a1695bb6e1bb6e5a4,0,00c,0,0,0,0,1,0,0,0,1,0
480,480,0,c0f02c0f02c0b02c0b02c0b02c0b02c0b02c0b02c0b02c0b06c1f42d3f4fc2b02c0b02c0b02c0b02,521515515d50d4b52d4b5554d5214955d4752d5755d50551545214052d555595550d48575415354d,685a6691ad699a66eda46fda76eda3685a06e9bb68da4691bb6e1af691bb69da1691bb6e1bb6e5a5,9d26d992649b6719b66c9ba719c2679ce6d9d2679ae719ce6e9c26a9be6d9ba719aa7099a6c9ce6a,3,"WAIT",000,00b,00c,0,4,3,0,3,00b,104,0,0,0,685a6691ad699a66e9a46fda76eda3685a06e9bb68da4695bb6e5af691be699a1695bb6e1bb6e5a4,0,00c,0,0,0,0,1,0,0,0,1,0
481,481,0,c0f02c0f02c0b02c0b02c0b02c0b02c0b02c0b02c0b02c0b06c1f42d3f4fc2b02c0b02c0b02c0b02,521515515d50d4b52d4b5554d5214955d4752d5755d50551545214052d555595550d48575415354d,685a6691ad699a66eda46fda76eda3685a06e9bb68da4691bb6e1af691bb69da1691bb6e1bb6e5a5,9d26d992649b6719b66c9ba719c2679ce6d9d2679ae719ce6e9c26a9be6d9ba719aa7099a6c9ce6a,3,"WAIT",000,00b,00c,0,4,3,0,3,00b,104,0,0,0,685a6691ad699a66e9a46fda76eda3685a06e9bb68da4695bb6e5af691be699a1695bb6e1bb6e5a4,0,00c,0,0,0,0,1,0,0,0,1,0
482,482,0,c0f02c0f02c0b02c0b02c0b02c0b02c0b02c0b02c0b02c0b06c1f42d3f4fc2b02c0b02c0b02c0b02,521515515d50d4b52d4b5554d5214955d4752d5755d50551545214052d555595550d48575415354d,685a6691ad699a66eda46fda76eda3685a06e9bb68da4691bb6e1af691bb69da1691bb6e1bb6e5a5,9d26d992649b6719b66c9ba719c2679ce6d9d2679ae719ce6e9c26a9be6d9ba719aa7099a6c9ce6a,3,"WAIT",000,00b,00c,0,4,3,0,3,00b,104,0,0,0,685a6691ad699a66e9a46fda76eda3685a06e9bb68da4695bb6e5af691be699a1695bb6e1bb6e5a4,0,00c,0,0,0,0,1,0,0,0,1,0
483,483,0,c0f02c0f02c0b02c0b02c0b02c0b02c0b02c0b02c0b02c0b06c1f42d3f4fc2b02c0b02c0b02c0b02,521515515d50d4b52d4b5554d5214955d4752d5755d50551545214052d555595550d48575415354d,685a6691ad699a66eda46fda76eda3685a06e9bb68da4691bb6e1af691bb69da1691bb6e1bb6e5a5,9d26d992649b6719b66c9ba719c2679ce6d9d2679ae719ce6e9c26a9be6d9ba719aa7099a6c9ce6a,3,"WAIT",000,00b,00c,0,4,3,0,3,00b,104,0,0,0,685a6691ad699a66e9a46fda76eda3685a06e9bb68da4695bb6e5af691be699a1695bb6e1bb6e5a4,0,00c,0,0,0,0,1,0,0,0,1,0
484,484,0,c0f02c0f02c0b02c0b02c0b02c0b02c0b02c0b02c0b02c0b06c1f42d3f4fc2b02c0b02c0b02c0b02,521515515d50d4b52d4b5554d5214955d4752d5755d50551545214052d555595550d48575415354d,685a6691ad699a66eda46fda76eda3685a06e9bb68da4691bb6e1af691bb69da1691bb6e1bb6e5a5,9d26d992649b6719b66c9ba719c2679ce6d9d2679ae719ce6e9c26a9be6d9ba719aa7099a6c9ce6a,3,"WAIT",000,00b,00c,0,4,3,0,3,00b,104,0,0,0,685a6691ad699a66e9a46fda76eda3685a06e9bb68da4695bb6e5af691be699a1695bb6e1bb6e5a4,0,00c,0,0,0,0,1,0,0,0,1,0
485,485,0,c0f02c0f02c0b02c0b02c0b02c0b02c0b02c0b02c0b02c0b06c1f42d3f4fc2b02c0b02c0b02c0b02,521515515d50d4b52d4b5554d5214955d4752d5755d50551545214052d555595550d48575415354d,685a6691ad699a66eda46fda76eda3685a06e9bb68da4691bb6e1af691bb69da1691bb6e1bb6e5a5,9d26d992649b6719b66c9ba719c2679ce6d9d2679ae719ce6e9c26a9be6d9ba719aa7099a6c9ce6a,3,"WAIT",000,00b,00c,0,4,3,0,3,00b,104,0,0,0,685a6691ad699a66e9a46fda76eda3685a06e9bb68da4695bb6e5af691be699a1695bb6e1bb6e5a4,0,00c,0,0,0,0,1,0,0,0,1,0
486,486,0,c0f02c0f02c0b02c0b02c0b02c0b02c0b02c0b02c0b02c0b06c1f42d3f4fc2b02c0b02c0b02c0b02,521515515d50d4b52d4b5554d5214955d4752d5755d50551545214052d555595550d48575415354d,685a6691ad699a66eda46fda76eda3685a06e9bb68da4691bb6e1af691bb69da1691bb6e1bb6e5a5,9d26d992649b6719b66c9ba719c2679ce6d9d2679ae719ce6e9c26a9be6d9ba719aa7099a6c9ce6a,3,"WAIT",000,00b,00c,0,4,3,0,3,00b,104,0,0,0,685a6691ad699a66e9a46fda76eda3685a06e9bb68da4695bb6e5af691be699a1695bb6e1bb6e5a4,0,00c,0,0,0,0,1,0,0,0,1,0
487,487,0,c0f02c0f02c0b02c0b02c0b02c0b02c0b02c0b02c0b02c0b06c1f42d3f4fc2b02c0b02c0b02c0b02,521515515d50d4b52d4b5554d5214955d4752d5755d50551545214052d555595550d48575415354d,685a6691ad699a66eda46fda76eda3685a06e9bb68da4691bb6e1af691bb69da1691bb6e1bb6e5a5,9d26d992649b6719b66c9ba719c2679ce6d9d2679ae719ce6e9c26a9be6d9ba719aa7099a6c9ce6a,3,"WAIT",000,00b,00c,0,4,3,0,3,00b,104,0,0,0,685a6691ad699a66e9a46fda76eda3685a06e9bb68da4695bb6e5af691be699a1695bb6e1bb6e5a4,0,00c,0,0,0,0,1,0,0,0,1,0
488,488,0,c0f02c0f02c0b02c0b02c0b02c0b02c0b02c0b02c0b02c0b06c1f42d3f4fc2b02c0b02c0b02c0b02,521515515d50d4b52d4b5554d5214955d4752d5755d50551545214052d555595550d48575415354d,685a6691ad699a66eda46fda76eda3685a06e9bb68da4691bb6e1af691bb69da1691bb6e1bb6e5a5,9d26d992649b6719b66c9ba719c2679ce6d9d2679ae719ce6e9c26a9be6d9ba719aa7099a6c9ce6a,3,"WAIT",000,00b,00c,0,4,3,0,3,00b,104,0,0,0,685a6691ad699a66e9a46fda76eda3685a06e9bb68da4695bb6e5af691be699a1695bb6e1bb6e5a4,0,00c,0,0,0,0,1,0,0,0,1,0
489,489,0,c0f02c0f02c0b02c0b02c0b02c0b02c0b02c0b02c0b02c0b06c1f42d3f4fc2b02c0b02c0b02c0b02,521515515d50d4b52d4b5554d5214955d4752d5755d50551545214052d555595550d48575415354d,685a6691ad699a66eda46fda76eda3685a06e9bb68da4691bb6e1af691bb69da1691bb6e1bb6e5a5,9d26d992649b6719b66c9ba719c2679ce6d9d2679ae719ce6e9c26a9be6d9ba719aa7099a6c9ce6a,3,"WAIT",000,00b,00c,0,4,3,0,3,00b,104,0,0,0,685a6691ad699a66e9a46fda76eda3685a06e9bb68da4695bb6e5af691be699a1695bb6e1bb6e5a4,0,00c,0,0,0,0,1,0,0,0,1,0
490,490,0,c0f02c0f02c0b02c0b02c0b02c0b02c0b02c0b02c0b02c0b06c1f42d3f4fc2b02c0b02c0b02c0b02,521515515d50d4b52d4b5554d5214955d4752d5755d50551545214052d555595550d48575415354d,685a6691ad699a66eda46fda76eda3685a06e9bb68da4691bb6e1af691bb69da1691bb6e1bb6e5a5,9d26d992649b6719b66c9ba719c2679ce6d9d2679ae719ce6e9c26a9be6d9ba719aa7099a6c9ce6a,3,"WAIT",000,00b,00c,0,4,3,0,3,00b,104,0,0,0,685a6691ad699a66e9a46fda76eda3685a06e9bb68da4695bb6e5af691be699a1695bb6e1bb6e5a4,0,00c,0,0,0,0,1,0,0,0,1,0
491,491,0,c0f02c0f02c0b02c0b02c0b02c0b02c0b02c0b02c0b02c0b06c1f42d3f4fc2b02c0b02c0b02c0b02,521515515d50d4b52d4b5554d5214955d4752d5755d50551545214052d555595550d48575415354d,685a6691ad699a66eda46fda76eda3685a06e9bb68da4691bb6e1af691bb69da1691bb6e1bb6e5a5,9d26d992649b6719b66c9ba719c2679ce6d9d2679ae719ce6e9c26a9be6d9ba719aa7099a6c9ce6a,3,"WAIT",000,00b,00c,0,4,3,0,3,00b,104,0,0,0,685a6691ad699a66e9a46fda76eda3685a06e9bb68da4695bb6e5af691be699a1695bb6e1bb6e5a4,0,00c,0,0,0,0,1,0,0,0,1,0
492,492,0,c0f02c0f02c0b02c0b02c0b02c0b02c0b02c0b02c0b02c0b06c1f42d3f4fc2b02c0b02c0b02c0b02,521515515d50d4b52d4b5554d5214955d4752d5755d50551545214052d555595550d48575415354d,685a6691ad699a66eda46fda76eda3685a06e9bb68da4691bb6e1af691bb69da1691bb6e1bb6e5a5,9d26d992649b6719b66c9ba719c2679ce6d9d2679ae719ce6e9c26a9be6d9ba719aa7099a6c9ce6a,3,"WAIT",000,00b,00c,0,4,3,0,3,00b,104,0,0,0,685a6691ad699a66e9a46fda76eda3685a06e9bb68da4695bb6e5af691be699a1695bb6e1bb6e5a4,0,00c,0,0,0,0,1,0,0,0,1,0
493,493,0,c0f02c0f02c0b02c0b02c0b02c0b02c0b02c0b02c0b02c0b06c1f42d3f4fc2b02c0b02c0b02c0b02,521515515d50d4b52d4b5554d5214955d4752d5755d50551545214052d555595550d48575415354d,685a6691ad699a66eda46fda76eda3685a06e9bb68da4691bb6e1af691bb69da1691bb6e1bb6e5a5,9d26d992649b6719b66c9ba719c2679ce6d9d2679ae719ce6e9c26a9be6d9ba719aa7099a6c9ce6a,3,"WAIT",000,00b,00c,0,4,3,0,3,00b,104,0,0,0,685a6691ad699a66e9a46fda76eda3685a06e9bb68da4695bb6e5af691be699a1695bb6e1bb6e5a4,0,00c,0,0,0,0,1,0,0,0,1,0
494,494,0,c0f02c0f02c0b02c0b02c0b02c0b02c0b02c0b02c0b02c0b06c1f42d3f4fc2b02c0b02c0b02c0b02,521515515d50d4b52d4b5554d5214955d4752d5755d50551545214052d555595550d48575415354d,685a6691ad699a66eda46fda76eda3685a06e9bb68da4691bb6e1af691bb69da1691bb6e1bb6e5a5,9d26d992649b6719b66c9ba719c2679ce6d9d2679ae719ce6e9c26a9be6d9ba719aa7099a6c9ce6a,3,"WAIT",000,00b,00c,0,4,3,0,3,00b,104,0,0,0,685a6691ad699a66e9a46fda76eda3685a06e9bb68da4695bb6e5af691be699a1695bb6e1bb6e5a4,0,00c,0,0,0,0,1,0,0,0,1,0
495,495,0,c0f02c0f02c0b02c0b02c0b02c0b02c0b02c0b02c0b02c0b06c1f42d3f4fc2b02c0b02c0b02c0b02,521515515d50d4b52d4b5554d5214955d4752d5755d50551545214052d555595550d48575415354d,685a6691ad699a66eda46fda76eda3685a06e9bb68da4691bb6e1af691bb69da1691bb6e1bb6e5a5,9d26d992649b6719b66c9ba719c2679ce6d9d2679ae719ce6e9c26a9be6d9ba719aa7099a6c9ce6a,3,"WAIT",000,00b,00c,0,4,3,0,3,00b,104,0,0,0,685a6691ad699a66e9a46fda76eda3685a06e9bb68da4695bb6e5af691be699a1695bb6e1bb6e5a4,0,00c,0,0,0,0,1,0,0,0,1,0
496,496,0,c0f02c0f02c0b02c0b02c0b02c0b02c0b02c0b02c0b02c0b06c1f42d3f4fc2b02c0b02c0b02c0b02,521515515d50d4b52d4b5554d5214955d4752d5755d50551545214052d555595550d48575415354d,685a6691ad699a66eda46fda76eda3685a06e9bb68da4691bb6e1af691bb69da1691bb6e1bb6e5a5,9d26d992649b6719b66c9ba719c2679ce6d9d2679ae719ce6e9c26a9be6d9ba719aa7099a6c9ce6a,3,"WAIT",000,00b,00c,0,4,3,0,3,00b,104,0,0,0,685a6691ad699a66e9a46fda76eda3685a06e9bb68da4695bb6e5af691be699a1695bb6e1bb6e5a4,0,00c,0,0,0,0,1,0,0,0,1,0
497,497,0,c0f02c0f02c0b02c0b02c0b02c0b02c0b02c0b02c0b02c0b06c1f42d3f4fc2b02c0b02c0b02c0b02,521515515d50d4b52d4b5554d5214955d4752d5755d50551545214052d555595550d48575415354d,685a6691ad699a66eda46fda76eda3685a06e9bb68da4691bb6e1af691bb69da1691bb6e1bb6e5a5,9d26d992649b6719b66c9ba719c2679ce6d9d2679ae719ce6e9c26a9be6d9ba719aa7099a6c9ce6a,3,"WAIT",000,00b,00c,0,4,3,0,3,00b,104,0,0,0,685a6691ad699a66e9a46fda76eda3685a06e9bb68da4695bb6e5af691be699a1695bb6e1bb6e5a4,0,00c,0,0,0,0,1,0,0,0,1,0
498,498,0,c0f02c0f02c0b02c0b02c0b02c0b02c0b02c0b02c0b02c0b06c1f42d3f4fc2b02c0b02c0b02c0b02,521515515d50d4b52d4b5554d5214955d4752d5755d50551545214052d555595550d48575415354d,685a6691ad699a66eda46fda76eda3685a06e9bb68da4691bb6e1af691bb69da1691bb6e1bb6e5a5,9d26d992649b6719b66c9ba719c2679ce6d9d2679ae719ce6e9c26a9be6d9ba719aa7099a6c9ce6a,3,"WAIT",000,00b,00c,0,4,3,0,3,00b,104,0,0,0,685a6691ad699a66e9a46fda76eda3685a06e9bb68da4695bb6e5af691be699a1695bb6e1bb6e5a4,0,00c,0,0,0,0,1,0,0,0,1,0
499,499,0,c0f02c0f02c0b02c0b02c0b02c0b02c0b02c0b02c0b02c0b06c1f42d3f4fc2b02c0b02c0b02c0b02,521515515d50d4b52d4b5554d5214955d4752d5755d50551545214052d555595550d48575415354d,685a6691ad699a66eda46fda76eda3685a06e9bb68da4691bb6e1af691bb69da1691bb6e1bb6e5a5,9d26d992649b6719b66c9ba719c2679ce6d9d2679ae719ce6e9c26a9be6d9ba719aa7099a6c9ce6a,3,"WAIT",000,00b,00c,0,4,3,0,3,00b,104,0,0,0,685a6691ad699a66e9a46fda76eda3685a06e9bb68da4695bb6e5af691be699a1695bb6e1bb6e5a4,0,00c,0,0,0,0,1,0,0,0,1,0
500,500,0,c0f02c0f02c0b02c0b02c0b02c0b02c0b02c0b02c0b02c0b06c1f42d3f4fc2b02c0b02c0b02c0b02,521515515d50d4b52d4b5554d5214955d4752d5755d50551545214052d555595550d48575415354d,685a6691ad699a66eda46fda76eda3685a06e9bb68da4691bb6e1af691bb69da1691bb6e1bb6e5a5,9d26d992649b6719b66c9ba719c2679ce6d9d2679ae719ce6e9c26a9be6d9ba719aa7099a6c9ce6a,3,"WAIT",000,00b,00c,0,4,3,0,3,00b,104,0,0,0,685a6691ad699a66e9a46fda76eda3685a06e9bb68da4695bb6e5af691be699a1695bb6e1bb6e5a4,0,00c,0,0,0,0,1,0,0,0,1,0
501,501,0,c0f02c0f02c0b02c0b02c0b02c0b02c0b02c0b02c0b02c0b06c1f42d3f4fc2b02c0b02c0b02c0b02,521515515d50d4b52d4b5554d5214955d4752d5755d50551545214052d555595550d48575415354d,685a6691ad699a66eda46fda76eda3685a06e9bb68da4691bb6e1af691bb69da1691bb6e1bb6e5a5,9d26d992649b6719b66c9ba719c2679ce6d9d2679ae719ce6e9c26a9be6d9ba719aa7099a6c9ce6a,3,"WAIT",000,00b,00c,0,4,3,0,3,00b,104,0,0,0,685a6691ad699a66e9a46fda76eda3685a06e9bb68da4695bb6e5af691be699a1695bb6e1bb6e5a4,0,00c,0,0,0,0,1,0,0,0,1,0
502,502,0,c0f02c0f02c0b02c0b02c0b02c0b02c0b02c0b02c0b02c0b06c1f42d3f4fc2b02c0b02c0b02c0b02,521515515d50d4b52d4b5554d5214955d4752d5755d50551545214052d555595550d48575415354d,685a6691ad699a66eda46fda76eda3685a06e9bb68da4691bb6e1af691bb69da1691bb6e1bb6e5a5,9d26d992649b6719b66c9ba719c2679ce6d9d2679ae719ce6e9c26a9be6d9ba719aa7099a6c9ce6a,3,"WAIT",000,00b,00c,0,4,3,0,3,00b,104,0,0,0,685a6691ad699a66e9a46fda76eda3685a06e9bb68da4695bb6e5af691be699a1695bb6e1bb6e5a4,0,00c,0,0,0,0,1,0,0,0,1,0
503,503,0,c0f02c0f02c0b02c0b02c0b02c0b02c0b02c0b02c0b02c0b06c1f42d3f4fc2b02c0b02c0b02c0b02,521515515d50d4b52d4b5554d5214955d4752d5755d50551545214052d555595550d48575415354d,685a6691ad699a66eda46fda76eda3685a06e9bb68da4691bb6e1af691bb69da1691bb6e1bb6e5a5,9d26d992649b6719b66c9ba719c2679ce6d9d2679ae719ce6e9c26a9be6d9ba719aa7099a6c9ce6a,3,"WAIT",000,00b,00c,0,4,3,0,3,00b,104,0,0,0,685a6691ad699a66e9a46fda76eda3685a06e9bb68da4695bb6e5af691be699a1695bb6e1bb6e5a4,0,00c,0,0,0,0,1,0,0,0,1,0
504,504,0,c0f02c0f02c0b02c0b02c0b02c0b02c0b02c0b02c0b02c0b06c1f42d3f4fc2b02c0b02c0b02c0b02,521515515d50d4b52d4b5554d5214955d4752d5755d50551545214052d555595550d48575415354d,685a6691ad699a66eda46fda76eda3685a06e9bb68da4691bb6e1af691bb69da1691bb6e1bb6e5a5,9d26d992649b6719b66c9ba719c2679ce6d9d2679ae719ce6e9c26a9be6d9ba719aa7099a6c9ce6a,3,"WAIT",000,00b,00c,0,4,3,0,3,00b,104,0,0,0,685a6691ad699a66e9a46fda76eda3685a06e9bb68da4695bb6e5af691be699a1695bb6e1bb6e5a4,0,00c,0,0,0,0,1,0,0,0,1,0
505,505,0,c0f02c0f02c0b02c0b02c0b02c0b02c0b02c0b02c0b02c0b06c1f42d3f4fc2b02c0b02c0b02c0b02,521515515d50d4b52d4b5554d5214955d4752d5755d50551545214052d555595550d48575415354d,685a6691ad699a66eda46fda76eda3685a06e9bb68da4691bb6e1af691bb69da1691bb6e1bb6e5a5,9d26d992649b6719b66c9ba719c2679ce6d9d2679ae719ce6e9c26a9be6d9ba719aa7099a6c9ce6a,3,"WAIT",000,00b,00c,0,4,3,0,3,00b,104,0,0,0,685a6691ad699a66e9a46fda76eda3685a06e9bb68da4695bb6e5af691be699a1695bb6e1bb6e5a4,0,00c,0,0,0,0,1,0,0,0,1,0
506,506,0,c0f02c0f02c0b02c0b02c0b02c0b02c0b02c0b02c0b02c0b06c1f42d3f4fc2b02c0b02c0b02c0b02,521515515d50d4b52d4b5554d5214955d4752d5755d50551545214052d555595550d48575415354d,685a6691ad699a66eda46fda76eda3685a06e9bb68da4691bb6e1af691bb69da1691bb6e1bb6e5a5,9d26d992649b6719b66c9ba719c2679ce6d9d2679ae719ce6e9c26a9be6d9ba719aa7099a6c9ce6a,3,"WAIT",000,00b,00c,0,4,3,0,3,00b,104,0,0,0,685a6691ad699a66e9a46fda76eda3685a06e9bb68da4695bb6e5af691be699a1695bb6e1bb6e5a4,0,00c,0,0,0,0,1,0,0,0,1,0
507,507,0,c0f02c0f02c0b02c0b02c0b02c0b02c0b02c0b02c0b02c0b06c1f42d3f4fc2b02c0b02c0b02c0b02,521515515d50d4b52d4b5554d5214955d4752d5755d50551545214052d555595550d48575415354d,685a6691ad699a66eda46fda76eda3685a06e9bb68da4691bb6e1af691bb69da1691bb6e1bb6e5a5,9d26d992649b6719b66c9ba719c2679ce6d9d2679ae719ce6e9c26a9be6d9ba719aa7099a6c9ce6a,3,"WAIT",000,00b,00c,0,4,3,0,3,00b,104,0,0,0,685a6691ad699a66e9a46fda76eda3685a06e9bb68da4695bb6e5af691be699a1695bb6e1bb6e5a4,0,00c,0,0,0,0,1,0,0,0,1,0
508,508,0,c0f02c0f02c0b02c0b02c0b02c0b02c0b02c0b02c0b02c0b06c1f42d3f4fc2b02c0b02c0b02c0b02,521515515d50d4b52d4b5554d5214955d4752d5755d50551545214052d555595550d48575415354d,685a6691ad699a66eda46fda76eda3685a06e9bb68da4691bb6e1af691bb69da1691bb6e1bb6e5a5,9d26d992649b6719b66c9ba719c2679ce6d9d2679ae719ce6e9c26a9be6d9ba719aa7099a6c9ce6a,3,"WAIT",000,00b,00c,0,4,3,0,3,00b,104,0,0,0,685a6691ad699a66e9a46fda76eda3685a06e9bb68da4695bb6e5af691be699a1695bb6e1bb6e5a4,0,00c,0,0,0,0,1,0,0,0,1,0
509,509,0,c0f02c0f02c0b02c0b02c0b02c0b02c0b02c0b02c0b02c0b06c1f42d3f4fc2b02c0b02c0b02c0b02,521515515d50d4b52d4b5554d5214955d4752d5755d50551545214052d555595550d48575415354d,685a6691ad699a66eda46fda76eda3685a06e9bb68da4691bb6e1af691bb69da1691bb6e1bb6e5a5,9d26d992649b6719b66c9ba719c2679ce6d9d2679ae719ce6e9c26a9be6d9ba719aa7099a6c9ce6a,3,"WAIT",000,00b,00c,0,4,3,0,3,00b,104,0,0,0,685a6691ad699a66e9a46fda76eda3685a06e9bb68da4695bb6e5af691be699a1695bb6e1bb6e5a4,0,00c,0,0,0,0,1,0,0,0,1,0
510,510,0,c0f02c0f02c0b02c0b02c0b02c0b02c0b02c0b02c0b02c0b06c1f42d3f4fc2b02c0b02c0b02c0b02,521515515d50d4b52d4b5554d5214955d4752d5755d50551545214052d555595550d48575415354d,685a6691ad699a66eda46fda76eda3685a06e9bb68da4691bb6e1af691bb69da1691bb6e1bb6e5a5,9d26d992649b6719b66c9ba719c2679ce6d9d2679ae719ce6e9c26a9be6d9ba719aa7099a6c9ce6a,3,"WAIT",000,00b,00c,0,4,3,0,3,00b,104,0,0,0,685a6691ad699a66e9a46fda76eda3685a06e9bb68da4695bb6e5af691be699a1695bb6e1bb6e5a4,0,00c,0,0,0,0,1,0,0,0,1,0
511,511,0,c0f02c0f02c0b02c0b02c0b02c0b02c0b02c0b02c0b02c0b06c1f42d3f4fc2b02c0b02c0b02c0b02,521515515d50d4b52d4b5554d5214955d4752d5755d50551545214052d555595550d48575415354d,685a6691ad699a66eda46fda76eda3685a06e9bb68da4691bb6e1af691bb69da1691bb6e1bb6e5a5,9d26d992649b6719b66c9ba719c2679ce6d9d2679ae719ce6e9c26a9be6d9ba719aa7099a6c9ce6a,3,"WAIT",000,00b,00c,0,4,3,0,3,00b,104,0,0,0,685a6691ad699a66e9a46fda76eda3685a06e9bb68da4695bb6e5af691be699a1695bb6e1bb6e5a4,0,00c,0,0,0,0,1,0,0,0,1,0
512,512,1,c0f02c0f02c0b02c0b02c0b02c0b02c0b02c0b02c0b02c0b06c1f42d3f4fc2b02c0b02c0b02c0b02,521515515d50d4b52d4b5554d5214955d4752d5755d50551545214052d555595550d48575415354d,685a6691ad699a66eda46fda76eda3685a06e9bb68da4691bb6e1af691bb69da1691bb6e1bb6e5a5,9d26d992649b6719b66c9ba719c2679ce6d9d2679ae719ce6e9c26a9be6d9ba719aa7099a6c9ce6a,3,"WAIT",000,00b,00c,0,4,3,0,3,00b,104,0,0,0,685a6691ad699a66e9a46fda76eda3685a06e9bb68da4695bb6e5af691be699a1695bb6e1bb6e5a4,0,00c,1,0,0,0,1,0,0,0,1,1
513,513,0,c0f02c0f02c0b02c0b02c0b02c0b02c0b02c0b02c0b02c0b06c1f42d3f4fc2b02c0b02c0b02c0b02,521515515d50d4b52d4b5554d5214955d4752d5755d50551545214052d555595550d48575415354d,685a6691ad699a66eda46fda76eda3685a06e9bb68da4691bb6e1af691bb69da1691bb6e1bb6e5a5,9d26d992649b6719b66c9ba719c2679ce6d9d2679ae719ce6e9c26a9be6d9ba719aa7099a6c9ce6a,0,"WAIT",000,00b,00c,1,4,3,0,3,00b,104,0,0,0,c0f02c0f02c0b02c0b02c0b02c0b02c0b02c0b02c0b02c0b06c1f42d3f4fc2b02c0b02c0b02c0b02,1,00c,1,0,1,0,1,0,0,0,1,1
514,514,0,c0f02c0f02c0b02c0b02c0b02c0b02c0b02c0b02c0b02c0b06c1b4fd3b4ec2b02c0b02c0b02c0b02,521515515d50d4b52d4b5554d5214955d4752d5755d50551545214052d555595550d48575415354d,685a6691ad699a66eda46fda76eda3685a06e9bb68da4691bb6e1af691bb69da1691bb6e1bb6e5a5,9d26d992649b6719b66c9ba719c2679ce6d9d2679ae719ce6e9c26a9be6d9ba719aa7099a6c9ce6a,0,"SEND_HEADER",000,00b,00c,1,4,3,0,3,00b,104,0,0,0,c0f02c0f02c0b02c0b02c0b02c0b02c0b02c0b02c0b02c0b06c1f42d3f4fc2b02c0b02c0b02c0b02,0,00c,1,1,1,0,1,0,0,0,1,1
515,515,0,c0f02c0f02c0b02c0b02c0b02c0b02c0b02c0b02c0b02c0b06c1b4fd3b4ec2b02c0b02c0b02c0b02,521515515d50d4b52d4b5554d5214955d4752d5755d50551545214052d555595550d48575415354d,685a6691ad699a66eda46fda76eda3685a06e9bb68da4691bb6e1af691bb69da1691bb6e1bb6e5a5,9d26d992649b6719b66c9ba719c2679ce6d9d2679ae719ce6e9c26a9be6d9ba719aa7099a6c9ce6a,0,"SENDING_EVENT",000,000,00c,1,1,0,1,2,000,001,0,0,0,c0f02c0f02c0b02c0b02c0b02c0b02c0b02c0b02c0b02c0b06c1f42d3f4fc2b02c0b02c0b02c0b02,0,00c,1,0,0,0,1,0,1,0,1,1
516,516,0,c0f02c0f02c0b02c0b02c0b02c0b02c0b02c0b02c0b02c0b06c1b4fd3b4ec2b02c0b02c0b02c0b02,521515515d50d4b52d4b5554d5214955d4752d5755d50551545214052d555595550d48575415354d,685a6691ad699a66eda46fda76eda3685a06e9bb68da4691bb6e1af691bb69da1691bb6e1bb6e5a5,9d26d992649b6719b66c9ba719c2679ce6d9d2679ae719ce6e9c26a9be6d9ba719aa7099a6c9ce6a,0,"SENDING_EVENT",000,001,00c,2,f,0,0,0,001,00f,0,0,0,c0f02c0f02c0b02c0b02c0b02c0b02c0b02c0b02c0b02c0b06c1b4fd3b4ec2b02c0b02c0b02c0b02,1,00c,1,0,1,0,1,0,1,0,1,1
517,517,0,c0f02c0f02c0b02c0b02c0b02c0b02c0b02c0b02c0b02c0b06c1f4fd3b4ec2b03c0b02c0b02c0b02,521515515d50d4b52d4b5554d5214955d4752d5755d50551545214052d555595550d48575415354d,685a6691ad699a66eda46fda76eda3685a06e9bb68da4691bb6e1af691bb69da1691bb6e1bb6e5a5,9d26d992649b6719b66c9ba719c2679ce6d9d2679ae719ce6e9c26a9be6d9ba719aa7099a6c9ce6a,0,"SENDING_EVENT",000,002,00c,2,c,0,0,0,002,02c,0,0,0,c0f02c0f02c0b02c0b02c0b02c0b02c0b02c0b02c0b02c0b06c1b4fd3b4ec2b02c0b02c0b02c0b02,0,00c,1,0,1,0,1,0,1,0,1,1
518,518,0,c0f02c0f02c0b02c0b02c0b02c0b02c0b02c0b02c0b02c0b06c1f4fd3b4ec2b03c0b02c0b02c0b02,521515515d50d4b52d4b5554d5214955d4752d5755d50551545214052d555595550d48575415354d,685a6691ad699a66eda46fda76eda3685a06e9bb68da4691bb6e1af691bb69da1691bb6e1bb6e5a5,9d26d992649b6719b66c9ba719c2679ce6d9d2679ae719ce6e9c26a9be6d9ba719aa7099a6c9ce6a,0,"SENDING_EVENT",000,003,00c,2,0,0,1,0,003,0b0,0,0,0,c0f02c0f02c0b02c0b02c0b02c0b02c0b02c0b02c0b02c0b06c1b4fd3b4ec2b02c0b02c0b02c0b02,0,00c,1,0,1,0,1,0,1,0,1,1
519,519,0,c0f02c0f02c0b02c0b02c0b02c0b02c0b02c0b02c0b02c0b06c1f4fd3b4ec2b03c0b02c0b02c0b02,521515515d50d4b52d4b5554d5214955d4752d5755d50551545214052d555595550d48575415354d,685a6691ad699a66eda46fda76eda3685a06e9bb68da4691bb6e1af691bb69da1691bb6e1bb6e5a5,9d26d992649b6719b66c9ba719c2679ce6d9d2679ae719ce6e9c26a9be6d9ba719aa7099a6c9ce6a,0,"SENDING_EVENT",000,004,00c,2,0,2,0,2,004,0c0,0,0,0,c0f02c0f02c0b02c0b02c0b02c0b02c0b02c0b02c0b02c0b06c1b4fd3b4ec2b02c0b02c0b02c0b02,0,00c,1,0,1,0,1,0,1,0,1,1
520,520,0,c0f02c0f02c0b02c0b02c0b02c0b02c0b02c0b02c0b02c0b06c1f4fd3b4ec2b03c0b02c0b02c0b02,521515515d50d4b52d4b5554d5214955d4752d5755d50551545214052d555595550d48575415354d,685a6691ad699a66eda46fda76eda3685a06e9bb68da4691bb6e1af691bb69da1691bb6e1bb6e5a5,9d26d992649b6719b66c9ba719c2679ce6d9d2679ae719ce6e9c26a9be6d9ba719aa7099a6c9ce6a,0,"SENDING_EVENT",000,005,00c,2,2,3,0,3,005,102,0,0,0,c0f02c0f02c0b02c0b02c0b02c0b02c0b02c0b02c0b02c0b06c1b4fd3b4ec2b02c0b02c0b02c0b02,0,00c,1,0,1,0,1,0,1,0,1,1
521,521,0,c0f02c0f02c0b02c0b02c0b02c0b02c0b02c0b02c0b02c0b06c1f4fd3b4ec2b03c0b02c0b02c0b02,521515515d50d4b52d4b5554d5214955d4752d5755d50551545214052d555595550d48575415354d,685a6691ad699a66eda46fda76eda3685a06e9bb68da4691bb6e1af691bb69da1691bb6e1bb6e5a5,9d26d992649b6719b66c9ba719c2679ce6d9d2679ae719ce6e9c26a9be6d9ba719aa7099a6c9ce6a,0,"SENDING_EVENT",000,006,00c,2,b,0,0,0,006,00b,0,0,0,c0f02c0f02c0b02c0b02c0b02c0b02c0b02c0b02c0b02c0b06c1b4fd3b4ec2b02c0b02c0b02c0b02,0,00c,1,0,1,0,1,0,1,0,1,1
522,522,0,c0f02c0f02c0b02c0b02c0b02c0b02c0b02c0b02c0b02c0b06c1f4fd3b4ec2b03c0b02c0b02c0b02,521515515d50d4b52d4b5554d5214955d4752d5755d50551545214052d555595550d48575415354d,685a6691ad699a66eda46fda76eda3685a06e9bb68da4691bb6e1af691bb69da1691bb6e1bb6e5a5,9d26d992649b6719b66c9ba719c2679ce6d9d2679ae719ce6e9c26a9be6d9ba719aa7099a6c9ce6a,0,"SENDING_EVENT",000,007,00c,2,d,0,0,0,007,02d,0,0,0,c0f02c0f02c0b02c0b02c0b02c0b02c0b02c0b02c0b02c0b06c1b4fd3b4ec2b02c0b02c0b02c0b02,0,00c,1,0,1,0,1,0,1,0,1,1
523,523,0,c0f02c0f02c0b02c0b02c0b02c0b02c0b02c0b02c0b02c0b06c1f4fd3b4ec2b03c0b02c0b02c0b02,521515515d50d4b52d4b5554d5214955d4752d5755d50551545214052d555595550d48575415354d,685a6691ad699a66eda46fda76eda3685a06e9bb68da4691bb6e1af691bb69da1691bb6e1bb6e5a5,9d26d992649b6719b66c9ba719c2679ce6d9d2679ae719ce6e9c26a9be6d9ba719aa7099a6c9ce6a,0,"SENDING_EVENT",000,008,00c,2,0,2,1,3,008,0b0,0,0,0,c0f02c0f02c0b02c0b02c0b02c0b02c0b02c0b02c0b02c0b06c1b4fd3b4ec2b02c0b02c0b02c0b02,0,00c,1,0,1,0,1,0,1,0,1,1
524,524,0,c0f02c0f02c0b02c0b02c0b02c0b02c0b02c0b02c0b02c0b06c1f4fd3b4ec2b03c0b02c0b02c0b02,521515515d50d4b52d4b5554d5214955d4752d5755d50551545214052d555595550d48575415354d,685a6691ad699a66eda46fda76eda3685a06e9bb68da4691bb6e1af691bb69da1691bb6e1bb6e5a5,9d26d992649b6719b66c9ba719c2679ce6d9d2679ae719ce6e9c26a9be6d9ba719aa7099a6c9ce6a,0,"SENDING_EVENT",000,009,00c,2,0,2,0,2,009,0c0,0,0,0,c0f02c0f02c0b02c0b02c0b02c0b02c0b02c0b02c0b02c0b06c1b4fd3b4ec2b02c0b02c0b02c0b02,0,00c,1,0,1,0,1,0,1,0,1,1
525,525,0,c0f02c0f02c0b02c0b02c0b02c0b02c0b02c0b02c0b02c0b06c1f4fd3b4ec2b03c0b02c0b02c0b02,521515515d50d4b52d4b5554d5214955d4752d5755d50551545214052d555595550d48575415354d,685a6691ad699a66eda46fda76eda3685a06e9bb68da4691bb6e1af691bb69da1691bb6e1bb6e5a5,9d26d992649b6719b66c9ba719c2679ce6d9d2679ae719ce6e9c26a9be6d9ba719aa7099a6c9ce6a,0,"SEND_FOOTER",000,00a,00c,2,2,3,0,3,00a,102,0,0,0,c0f02c0f02c0b02c0b02c0b02c0b02c0b02c0b02c0b02c0b06c1b4fd3b4ec2b02c0b02c0b02c0b02,0,00c,1,0,1,0,1,0,1,0,1,1
526,526,0,c0f02c0f02c0b02c0b02c0b02c0b02c0b02c0b02c0b02c0b06c1f4fd3b4ec2b03c0b02c0b02c0b02,521515515d50d4b52d4b5554d5214955d4752d5755d50551545214052d555595550d48575415354d,685a6691ad699a66eda46fda76eda3685a06e9bb68da4691bb6e1af691bb69da1691bb6e1bb6e5a5,9d26d992649b6719b66c9ba719c2679ce6d9d2679ae719ce6e9c26a9be6d9ba719aa7099a6c9ce6a,0,"END_EVENT",000,00b,00c,2,1,0,0,3,00b,001,0,0,0,c0f02c0f02c0b02c0b02c0b02c0b02c0b02c0b02c0b02c0b06c1b4fd3b4ec2b02c0b02c0b02c0b02,0,00c,1,0,1,0,1,0,1,0,1,1
527,527,0,c0f02c0f02c0b02c0b02c0b02c0b02c0b02c0b02c0b02c0b06c1f4fd3b4ec2b03c0b02c0b02c0b02,521515515d50d4b52d4b5554d5214955d4752d5755d50551545214052d555595550d48575415354d,685a6691ad699a66eda46fda76eda3685a06e9bb68da4691bb6e1af691bb69da1691bb6e1bb6e5a5,9d26d992649b6719b66c9ba719c2679ce6d9d2679ae719ce6e9c26a9be6d9ba719aa7099a6c9ce6a,0,"WAIT",000,00b,00c,2,1,0,0,3,00b,001,0,0,0,c0f02c0f02c0b02c0b02c0b02c0b02c0b02c0b02c0b02c0b06c1b4fd3b4ec2b02c0b02c0b02c0b02,0,00c,1,0,1,1,1,0,0,0,1,1
528,528,0,c0f02c0f02c0b02c0b02c0b02c0b02c0b02c0b02c0b02c0b06c1f4fd3b4ec2b03c0b02c0b02c0b02,521515515d50d4b52d4b5554d5214955d4752d5755d50551545214052d555595550d48575415354d,685a6691ad699a66eda46fda76eda3685a06e9bb68da4691bb6e1af691bb69da1691bb6e1bb6e5a5,9d26d992649b6719b66c9ba719c2679ce6d9d2679ae719ce6e9c26a9be6d9ba719aa7099a6c9ce6a,0,"SEND_HEADER",000,00b,00c,2,1,0,0,3,00b,001,0,0,0,c0f02c0f02c0b02c0b02c0b02c0b02c0b02c0b02c0b02c0b06c1b4fd3b4ec2b02c0b02c0b02c0b02,0,00c,1,1,1,0,1,0,0,0,1,1
529,529,0,c0f02c0f02c0b02c0b02c0b02c0b02c0b02c0b02c0b02c0b06c1f4fd3b4ec2b03c0b02c0b02c0b02,521515515d50d4b52d4b5554d5214955d4752d5755d50551545214052d555595550d48575415354d,685a6691ad699a66eda46fda76eda3685a06e9bb68da4691bb6e1af691bb69da1691bb6e1bb6e5a5,9d26d992649b6719b66c9ba719c2679ce6d9d2679ae719ce6e9c26a9be6d9ba719aa7099a6c9ce6a,0,"SENDING_EVENT",000,000,00c,2,2,0,1,2,000,002,0,0,0,c0f02c0f02c0b02c0b02c0b02c0b02c0b02c0b02c0b02c0b06c1b4fd3b4ec2b02c0b02c0b02c0b02,0,00c,1,0,0,0,1,0,1,0,1,1
530,530,0,c0f02c0f02c0b02c0b02c0b02c0b02c0b02c0b02c0b02c0b06c1f4fd3b4ec2b03c0b02c0b02c0b02,521515515d50d4b52d4b5554d5214955d4752d5755d50551545214052d555595550d48575415354d,685a6691ad699a66eda46fda76eda3685a06e9bb68da4691bb6e1af691bb69da1691bb6e1bb6e5a5,9d26d992649b6719b66c9ba719c2679ce6d9d2679ae719ce6e9c26a9be6d9ba719aa7099a6c9ce6a,0,"SENDING_EVENT",000,001,00c,3,f,0,0,0,001,00f,0,0,0,c0f02c0f02c0b02c0b02c0b02c0b02c0b02c0b02c0b02c0b06c1f4fd3b4ec2b03c0b02c0b02c0b02,1,00c,1,0,1,0,1,0,1,0,1,1
531,531,0,c0f02c0f02c0b02c0b02c0b02c0b02c0b02c0b02c0b02c0b06c1f4fd3b4ec2b02c0b02c0b02c0b02,521515515d50d4b52d4b5554d5214955d4752d5755d50551545214052d555595550d48575415354d,685a6691ad699a66eda46fda76eda3685a06e9bb68da4691bb6e1af691bb69da1691bb6e1bb6e5a5,9d26d992649b6719b66c9ba719c2679ce6d9d2679ae719ce6e9c26a9be6d9ba719aa7099a6c9ce6a,0,"SENDING_EVENT",000,002,00c,3,c,0,0,0,002,02c,0,0,0,c0f02c0f02c0b02c0b02c0b02c0b02c0b02c0b02c0b02c0b06c1f4fd3b4ec2b03c0b02c0b02c0b02,0,00c,1,0,1,0,1,0,1,0,1,1
532,532,0,c0f02c0f02c0b02c0b02c0b02c0b02c0b02c0b02c0b02c0b06c1f4fd3b4ec2b02c0b02c0b02c0b02,521515515d50d4b52d4b5554d5214955d4752d5755d50551545214052d555595550d48575415354d,685a6691ad699a66eda46fda76eda3685a06e9bb68da4691bb6e1af691bb69da1691bb6e1bb6e5a5,9d26d992649b6719b66c9ba719c2679ce6d9d2679ae719ce6e9c26a9be6d9ba719aa7099a6c9ce6a,0,"SENDING_EVENT",000,003,00c,3,0,0,1,0,003,0b0,0,0,0,c0f02c0f02c0b02c0b02c0b02c0b02c0b02c0b02c0b02c0b06c1f4fd3b4ec2b03c0b02c0b02c0b02,0,00c,1,0,1,0,1,0,1,0,1,1
533,533,0,c0f02c0f02c0b02c0b02c0b02c0b02c0b02c0b02c0b02c0b06c1f4fd3b4ec2b02c0b02c0b02c0b02,521515515d50d4b52d4b5554d5214955d4752d5755d50551545214052d555595550d48575415354d,685a6691ad699a66eda46fda76eda3685a06e9bb68da4691bb6e1af691bb69da1691bb6e1bb6e5a5,9d26d992649b6719b66c9ba719c2679ce6d9d2679ae719ce6e9c26a9be6d9ba719aa7099a6c9ce6a,0,"SENDING_EVENT",000,004,00c,3,0,2,0,2,004,0c0,0,0,0,c0f02c0f02c0b02c0b02c0b02c0b02c0b02c0b02c0b02c0b06c1f4fd3b4ec2b03c0b02c0b02c0b02,0,00c,1,0,1,0,1,0,1,0,1,1
534,534,0,c0f02c0f02c0b02c0b02c0b02c0b02c0b02c0b02c0b02c0b06c1f4fd3b4ec2b02c0b02c0b02c0b02,521515515d50d4b52d4b5554d5214955d4752d5755d50551545214052d555595550d48575415354d,685a6691ad699a66eda46fda76eda3685a06e9bb68da4691bb6e1af691bb69da1691bb6e1bb6e5a5,9d26d992649b6719b66c9ba719c2679ce6d9d2679ae719ce6e9c26a9be6d9ba719aa7099a6c9ce6a,0,"SENDING_EVENT",000,005,00c,3,2,3,0,3,005,102,0,0,0,c0f02c0f02c0b02c0b02c0b02c0b02c0b02c0b02c0b02c0b06c1f4fd3b4ec2b03c0b02c0b02c0b02,0,00c,1,0,1,0,1,0,1,0,1,1
535,535,0,c0f02c0f02c0b02c0b02c0b02c0b02c0b02c0b02c0b02c0b06c1f4fd3b4ec2b02c0b02c0b02c0b02,521515515d50d4b52d4b5554d5214955d4752d5755d50551545214052d555595550d48575415354d,685a6691ad699a66eda46fda76eda3685a06e9bb68da4691bb6e1af691bb69da1691bb6e1bb6e5a5,9d26d992649b6719b66c9ba719c2679ce6d9d2679ae719ce6e9c26a9be6d9ba719aa7099a6c9ce6a,0,"SENDING_EVENT",000,006,00c,3,b,0,0,0,006,00b,0,0,0,c0f02c0f02c0b02c0b02c0b02c0b02c0b02c0b02c0b02c0b06c1f4fd3b4ec2b03c0b02c0b02c0b02,0,00c,1,0,1,0,1,0,1,0,1,1
536,536,0,c0f02c0f02c0b02c0b02c0b02c0b02c0b02c0b02c0b02c0b06c1f4fd3b4ec2b02c0b02c0b02c0b02,521515515d50d4b52d4b5554d5214955d4752d5755d50551545214052d555595550d48575415354d,685a6691ad699a66eda46fda76eda3685a06e9bb68da4691bb6e1af691bb69da1691bb6e1bb6e5a5,9d26d992649b6719b66c9ba719c2679ce6d9d2679ae719ce6e9c26a9be6d9ba719aa7099a6c9ce6a,0,"SENDING_EVENT",000,007,00c,3,d,0,0,0,007,0fd,0,0,0,c0f02c0f02c0b02c0b02c0b02c0b02c0b02c0b02c0b02c0b06c1f4fd3b4ec2b03c0b02c0b02c0b02,0,00c,1,0,1,0,1,0,1,0,1,1
537,537,0,c0f02c0f02c0b02c0b02c0b02c0b02c0b02c0b02c0b02c0b06c1f4fd3b4ec2b02c0b02c0b02c0b02,521515515d50d4b52d4b5554d5214955d4752d5755d50551545214052d555595550d48575415354d,685a6691ad699a66eda46fda76eda3685a06e9bb68da4691bb6e1af691bb69da1691bb6e1bb6e5a5,9d26d992649b6719b66c9ba719c2679ce6d9d2679ae719ce6e9c26a9be6d9ba719aa7099a6c9ce6a,0,"SENDING_EVENT",000,008,00c,3,0,2,1,3,008,0b0,0,0,0,c0f02c0f02c0b02c0b02c0b02c0b02c0b02c0b02c0b02c0b06c1f4fd3b4ec2b03c0b02c0b02c0b02,0,00c,1,0,1,0,1,0,1,0,1,1
538,538,0,c0f02c0f02c0b02c0b02c0b02c0b02c0b02c0b02c0b02c0b06c1f4fd3b4ec2b02c0b02c0b02c0b02,521515515d50d4b52d4b5554d5214955d4752d5755d50551545214052d555595550d48575415354d,685a6691ad699a66eda46fda76eda3685a06e9bb68da4691bb6e1af691bb69da1691bb6e1bb6e5a5,9d26d992649b6719b66c9ba719c2679ce6d9d2679ae719ce6e9c26a9be6d9ba719aa7099a6c9ce6a,0,"SENDING_EVENT",000,009,00c,3,0,2,0,2,009,0c0,0,0,0,c0f02c0f02c0b02c0b02c0b02c0b02c0b02c0b02c0b02c0b06c1f4fd3b4ec2b03c0b02c0b02c0b02,0,00c,1,0,1,0,1,0,1,0,1,1
539,539,0,c0f02c0f02c0b02c0b02c0b02c0b02c0b02c0b02c0b02c0b06c1f4fd3b4ec2b02c0b02c0b02c0b02,521515515d50d4b52d4b5554d5214955d4752d5755d50551545214052d555595550d48575415354d,685a6691ad699a66eda46fda76eda3685a06e9bb68da4691bb6e1af691bb69da1691bb6e1bb6e5a5,9d26d992649b6719b66c9ba719c2679ce6d9d2679ae719ce6e9c26a9be6d9ba719aa7099a6c9ce6a,0,"SEND_FOOTER",000,00a,00c,3,2,3,0,3,00a,102,0,0,0,c0f02c0f02c0b02c0b02c0b02c0b02c0b02c0b02c0b02c0b06c1f4fd3b4ec2b03c0b02c0b02c0b02,0,00c,1,0,1,0,1,0,1,0,1,1
540,540,0,c0f02c0f02c0b02c0b02c0b02c0b02c0b02c0b02c0b02c0b06c1f4fd3b4ec2b02c0b02c0b02c0b02,521515515d50d4b52d4b5554d5214955d4752d5755d50551545214052d555595550d48575415354d,685a6691ad699a66eda46fda76eda3685a06e9bb68da4691bb6e1af691bb69da1691bb6e1bb6e5a5,9d26d992649b6719b66c9ba719c2679ce6d9d2679ae719ce6e9c26a9be6d9ba719aa7099a6c9ce6a,0,"END_EVENT",000,00b,00c,3,2,0,0,3,00b,002,0,0,0,c0f02c0f02c0b02c0b02c0b02c0b02c0b02c0b02c0b02c0b06c1f4fd3b4ec2b03c0b02c0b02c0b02,0,00c,1,0,1,0,1,0,1,0,1,1
541,541,0,c0f02c0f02c0b02c0b02c0b02c0b02c0b02c0b02c0b02c0b06c1f4fd3b4ec2b02c0b02c0b02c0b02,521515515d50d4b52d4b5554d5214955d4752d5755d50551545214052d555595550d48575415354d,685a6691ad699a66eda46fda76eda3685a06e9bb68da4691bb6e1af691bb69da1691bb6e1bb6e5a5,9d26d992649b6719b66c9ba719c2679ce6d9d2679ae719ce6e9c26a9be6d9ba719aa7099a6c9ce6a,0,"WAIT",000,00b,00c,3,2,0,0,3,00b,002,0,0,0,c0f02c0f02c0b02c0b02c0b02c0b02c0b02c0b02c0b02c0b06c1f4fd3b4ec2b03c0b02c0b02c0b02,0,00c,1,0,1,1,1,0,0,0,1,1
542,542,0,c0f02c0f02c0b02c0b02c0b02c0b02c0b02c0b02c0b02c0b06c1f4fd3b4ec2b02c0b02c0b02c0b02,521515515d50d4b52d4b5554d5214955d4752d5755d50551545214052d555595550d48575415354d,685a6691ad699a66eda46fda76eda3685a06e9bb68da4691bb6e1af691bb69da1691bb6e1bb6e5a5,9d26d992649b6719b66c9ba719c2679ce6d9d2679ae719ce6e9c26a9be6d9ba719aa7099a6c9ce6a,0,"SEND_HEADER",000,00b,00c,3,2,0,0,3,00b,002,0,0,0,c0f02c0f02c0b02c0b02c0b02c0b02c0b02c0b02c0b02c0b06c1f4fd3b4ec2b03c0b02c0b02c0b02,0,00c,1,1,1,0,1,0,0,0,1,1
543,543,0,c0f02c0f02c0b02c0b02c0b02c0b02c0b02c0b02c0b02c0b06c1f4fd3b4ec2b02c0b02c0b02c0b02,521515515d50d4b52d4b5554d5214955d4752d5755d50551545214052d555595550d48575415354d,685a6691ad699a66eda46fda76eda3685a06e9bb68da4691bb6e1af691bb69da1691bb6e1bb6e5a5,9d26d992649b6719b66c9ba719c2679ce6d9d2679ae719ce6e9c26a9be6d9ba719aa7099a6c9ce6a,0,"SENDING_EVENT",000,000,00c,3,3,0,1,2,000,003,0,0,0,c0f02c0f02c0b02c0b02c0b02c0b02c0b02c0b02c0b02c0b06c1f4fd3b4ec2b03c0b02c0b02c0b02,0,00c,1,0,0,0,1,0,1,0,1,1
544,544,0,c0f02c0f02c0b02c0b02c0b02c0b02c0b02c0b02c0b02c0b06c1f4fd3b4ec2b02c0b02c0b02c0b02,521515515d50d4b52d4b5554d5214955d4752d5755d50551545214052d555595550d48575415354d,685a6691ad699a66eda46fda76eda3685a06e9bb68da4691bb6e1af691bb69da1691bb6e1bb6e5a5,9d26d992649b6719b66c9ba719c2679ce6d9d2679ae719ce6e9c26a9be6d9ba719aa7099a6c9ce6a,0,"SENDING_EVENT",000,001,00c,4,f,0,0,0,001,00f,0,0,0,c0f02c0f02c0b02c0b02c0b02c0b02c0b02c0b02c0b02c0b06c1f4fd3b4ec2b02c0b02c0b02c0b02,1,00c,1,0,1,0,1,0,1,0,1,1
545,545,0,c0f02c0f02c0b02c0b02c0b02c0b02c0b02c0b02c0b02c0b06c1f4fd3b4ec2b02c0f02c0b02c0b02,521515515d50d4b52d4b5554d5214955d4752d5755d50551545214052d555595550d48575415354d,685a6691ad699a66eda46fda76eda3685a06e9bb68da4691bb6e1af691bb69da1691bb6e1bb6e5a5,9d26d992649b6719b66c9ba719c2679ce6d9d2679ae719ce6e9c26a9be6d9ba719aa7099a6c9ce6a,0,"SENDING_EVENT",000,002,00c,4,c,0,0,0,002,02c,0,0,0,c0f02c0f02c0b02c0b02c0b02c0b02c0b02c0b02c0b02c0b06c1f4fd3b4ec2b02c0b02c0b02c0b02,0,00c,1,0,1,0,1,0,1,0,1,1
546,546,0,c0f02c0f02c0b02c0b02c0b02c0b02c0b02c0b02c0b02c0b06c1f4fd3b4ec2b02c0f02c0b02c0b02,521515515d50d4b52d4b5554d5214955d4752d5755d50551545214052d555595550d48575415354d,685a6691ad699a66eda46fda76eda3685a06e9bb68da4691bb6e1af691bb69da1691bb6e1bb6e5a5,9d26d992649b6719b66c9ba719c2679ce6d9d2679ae719ce6e9c26a9be6d9ba719aa7099a6c9ce6a,0,"SENDING_EVENT",000,003,00c,4,0,0,1,0,003,0b0,0,0,0,c0f02c0f02c0b02c0b02c0b02c0b02c0b02c0b02c0b02c0b06c1f4fd3b4ec2b02c0b02c0b02c0b02,0,00c,1,0,1,0,1,0,1,0,1,1
547,547,0,c0f02c0f02c0b02c0b02c0b02c0b02c0b02c0b02c0b02c0b06c1f4fd3b4ec2b02c0f02c0b02c0b02,521515515d50d4b52d4b5554d5214955d4752d5755d50551545214052d555595550d48575415354d,685a6691ad699a66eda46fda76eda3685a06e9bb68da4691bb6e1af691bb69da1691bb6e1bb6e5a5,9d26d992649b6719b66c9ba719c2679ce6d9d2679ae719ce6e9c26a9be6d9ba719aa7099a6c9ce6a,0,"SENDING_EVENT",000,004,00c,4,0,2,0,2,004,0c0,0,0,0,c0f02c0f02c0b02c0b02c0b02c0b02c0b02c0b02c0b02c0b06c1f4fd3b4ec2b02c0b02c0b02c0b02,0,00c,1,0,1,0,1,0,1,0,1,1
548,548,0,c0f02c0f02c0b02c0b02c0b02c0b02c0b02c0b02c0b02c0b06c1f4fd3b4ec2b02c0f02c0b02c0b02,521515515d50d4b52d4b5554d5214955d4752d5755d50551545214052d555595550d48575415354d,685a6691ad699a66eda46fda76eda3685a06e9bb68da4691bb6e1af691bb69da1691bb6e1bb6e5a5,9d26d992649b6719b66c9ba719c2679ce6d9d2679ae719ce6e9c26a9be6d9ba719aa7099a6c9ce6a,0,"SENDING_EVENT",000,005,00c,4,2,3,0,3,005,102,0,0,0,c0f02c0f02c0b02c0b02c0b02c0b02c0b02c0b02c0b02c0b06c1f4fd3b4ec2b02c0b02c0b02c0b02,0,00c,1,0,1,0,1,0,1,0,1,1
549,549,0,c0f02c0f02c0b02c0b02c0b02c0b02c0b02c0b02c0b02c0b06c1f4fd3b4ec2b02c0f02c0b02c0b02,521515515d50d4b52d4b5554d5214955d4752d5755d50551545214052d555595550d48575415354d,685a6691ad699a66eda46fda76eda3685a06e9bb68da4691bb6e1af691bb69da1691bb6e1bb6e5a5,9d26d992649b6719b66c9ba719c2679ce6d9d2679ae719ce6e9c26a9be6d9ba719aa7099a6c9ce6a,0,"SENDING_EVENT",000,006,00c,4,b,0,0,0,006,00b,0,0,0,c0f02c0f02c0b02c0b02c0b02c0b02c0b02c0b02c0b02c0b06c1f4fd3b4ec2b02c0b02c0b02c0b02,0,00c,1,0,1,0,1,0,1,0,1,1
550,550,0,c0f02c0f02c0b02c0b02c0b02c0b02c0b02c0b02c0b02c0b06c1f4fd3b4ec2b02c0f02c0b02c0b02,521515515d50d4b52d4b5554d5214955d4752d5755d50551545214052d555595550d48575415354d,685a6691ad699a66eda46fda76eda3685a06e9bb68da4691bb6e1af691bb69da1691bb6e1bb6e5a5,9d26d992649b6719b66c9ba719c2679ce6d9d2679ae719ce6e9c26a9be6d9ba719aa7099a6c9ce6a,0,"SENDING_EVENT",000,007,00c,4,d,0,0,0,007,0fd,0,0,0,c0f02c0f02c0b02c0b02c0b02c0b02c0b02c0b02c0b02c0b06c1f4fd3b4ec2b02c0b02c0b02c0b02,0,00c,1,0,1,0,1,0,1,0,1,1
551,551,0,c0f02c0f02c0b02c0b02c0b02c0b02c0b02c0b02c0b02c0b06c1f4fd3b4ec2b02c0f02c0b02c0b02,521515515d50d4b52d4b5554d5214955d4752d5755d50551545214052d555595550d48575415354d,685a6691ad699a66eda46fda76eda3685a06e9bb68da4691bb6e1af691bb69da1691bb6e1bb6e5a5,9d26d992649b6719b66c9ba719c2679ce6d9d2679ae719ce6e9c26a9be6d9ba719aa7099a6c9ce6a,0,"SENDING_EVENT",000,008,00c,4,0,2,1,3,008,0b0,0,0,0,c0f02c0f02c0b02c0b02c0b02c0b02c0b02c0b02c0b02c0b06c1f4fd3b4ec2b02c0b02c0b02c0b02,0,00c,1,0,1,0,1,0,1,0,1,1
552,552,0,c0f02c0f02c0b02c0b02c0b02c0b02c0b02c0b02c0b02c0b06c1f4fd3b4ec2b02c0f02c0b02c0b02,521515515d50d4b52d4b5554d5214955d4752d5755d50551545214052d555595550d48575415354d,685a6691ad699a66eda46fda76eda3685a06e9bb68da4691bb6e1af691bb69da1691bb6e1bb6e5a5,9d26d992649b6719b66c9ba719c2679ce6d9d2679ae719ce6e9c26a9be6d9ba719aa7099a6c9ce6a,0,"SENDING_EVENT",000,009,00c,4,0,2,0,3,009,0c0,0,0,0,c0f02c0f02c0b02c0b02c0b02c0b02c0b02c0b02c0b02c0b06c1f4fd3b4ec2b02c0b02c0b02c0b02,0,00c,1,0,1,0,1,0,1,0,1,1
553,553,0,c0f02c0f02c0b02c0b02c0b02c0b02c0b02c0b02c0b02c0b06c1f4fd3b4ec2b02c0f02c0b02c0b02,521515515d50d4b52d4b5554d5214955d4752d5755d50551545214052d555595550d48575415354d,685a6691ad699a66eda46fda76eda3685a06e9bb68da4691bb6e1af691bb69da1691bb6e1bb6e5a5,9d26d992649b6719b66c9ba719c2679ce6d9d2679ae719ce6e9c26a9be6d9ba719aa7099a6c9ce6a,0,"SEND_FOOTER",000,00a,00c,4,2,3,0,3,00a,102,0,0,0,c0f02c0f02c0b02c0b02c0b02c0b02c0b02c0b02c0b02c0b06c1f4fd3b4ec2b02c0b02c0b02c0b02,0,00c,1,0,1,0,1,0,1,0,1,1
554,554,0,c0f02c0f02c0b02c0b02c0b02c0b02c0b02c0b02c0b02c0b06c1f4fd3b4ec2b02c0f02c0b02c0b02,521515515d50d4b52d4b5554d5214955d4752d5755d50551545214052d555595550d48575415354d,685a6691ad699a66eda46fda76eda3685a06e9bb68da4691bb6e1af691bb69da1691bb6e1bb6e5a5,9d26d992649b6719b66c9ba719c2679ce6d9d2679ae719ce6e9c26a9be6d9ba719aa7099a6c9ce6a,0,"END_EVENT",000,00b,00c,4,3,0,0,3,00b,003,0,0,0,c0f02c0f02c0b02c0b02c0b02c0b02c0b02c0b02c0b02c0b06c1f4fd3b4ec2b02c0b02c0b02c0b02,0,00c,1,0,1,0,1,0,1,0,1,1
555,555,0,c0f02c0f02c0b02c0b02c0b02c0b02c0b02c0b02c0b02c0b06c1f4fd3b4ec2b02c0f02c0b02c0b02,521515515d50d4b52d4b5554d5214955d4752d5755d50551545214052d555595550d48575415354d,685a6691ad699a66eda46fda76eda3685a06e9bb68da4691bb6e1af691bb69da1691bb6e1bb6e5a5,9d26d992649b6719b66c9ba719c2679ce6d9d2679ae719ce6e9c26a9be6d9ba719aa7099a6c9ce6a,0,"WAIT",000,00b,00c,4,3,0,0,3,00b,003,0,0,0,c0f02c0f02c0b02c0b02c0b02c0b02c0b02c0b02c0b02c0b06c1f4fd3b4ec2b02c0b02c0b02c0b02,0,00c,1,0,1,1,1,0,0,0,1,1
556,556,0,c0f02c0f02c0b02c0b02c0b02c0b02c0b02c0b02c0b02c0b06c1f4fd3b4ec2b02c0f02c0b02c0b02,521515515d50d4b52d4b5554d5214955d4752d5755d50551545214052d555595550d48575415354d,685a6691ad699a66eda46fda76eda3685a06e9bb68da4691bb6e1af691bb69da1691bb6e1bb6e5a5,9d26d992649b6719b66c9ba719c2679ce6d9d2679ae719ce6e9c26a9be6d9ba719aa7099a6c9ce6a,0,"SEND_HEADER",000,00b,00c,4,3,0,0,3,00b,003,0,0,0,c0f02c0f02c0b02c0b02c0b02c0b02c0b02c0b02c0b02c0b06c1f4fd3b4ec2b02c0b02c0b02c0b02,0,00c,1,1,1,0,1,0,0,0,1,1
557,557,0,c0f02c0f02c0b02c0b02c0b02c0b02c0b02c0b02c0b02c0b06c1f4fd3b4ec2b02c0f02c0b02c0b02,521515515d50d4b52d4b5554d5214955d4752d5755d50551545214052d555595550d48575415354d,685a6691ad699a66eda46fda76eda3685a06e9bb68da4691bb6e1af691bb69da1691bb6e1bb6e5a5,9d26d992649b6719b66c9ba719c2679ce6d9d2679ae719ce6e9c26a9be6d9ba719aa7099a6c9ce6a,0,"SENDING_EVENT",000,000,00c,0,4,0,1,2,000,004,0,0,0,c0f02c0f02c0b02c0b02c0b02c0b02c0b02c0b02c0b02c0b06c1f4fd3b4ec2b02c0b02c0b02c0b02,0,00c,1,0,0,0,1,0,1,0,1,1
558,558,0,c0f02c0f02c0b02c0b02c0b02c0b02c0b02c0b02c0b02c0b06c1f4fd3b4ec2b02c0f02c0b02c0b02,521515515d50d4b52d4b5554d5214955d4752d5755d50551545214052d555595550d48575415354d,685a6691ad699a66eda46fda76eda3685a06e9bb68da4691bb6e1af691bb69da1691bb6e1bb6e5a5,9d26d992649b6719b66c9ba719c2679ce6d9d2679ae719ce6e9c26a9be6d9ba719aa7099a6c9ce6a,1,"SENDING_EVENT",000,001,00c,1,f,0,0,0,001,00f,0,0,0,521515515d50d4b52d4b5554d5214955d4752d5755d50551545214052d555595550d48575415354d,2,00c,1,0,1,0,1,0,1,0,1,1
559,559,0,c0f02c0f02c0b02c0b02c0b02c0b02c0b02c0b02c0b02c0b06c1f4fd3b4ec2b02c0f02c0b02c0b02,529545515d50d4b525485554d5214955d465215455950559545214052d5455d555094857d465314d,685a6691ad699a66eda46fda76eda3685a06e9bb68da4691bb6e1af691bb69da1691bb6e1bb6e5a5,9d26d992649b6719b66c9ba719c2679ce6d9d2679ae719ce6e9c26a9be6d9ba719aa7099a6c9ce6a,1,"SENDING_EVENT",000,002,00c,1,c,0,0,0,002,02c,1,0,0,521515515d50d4b52d4b5554d5214955d4752d5755d50551545214052d555595550d48575415354d,0,00c,1,0,1,0,1,0,1,0,1,1
560,560,0,c0f02c0f02c0b02c0b02c0b02c0b02c0b02c0b02c0b02c0b06c1f4fd3b4ec2b02c0f02c0b02c0b02,529545515d50d4b525485554d5214955d465215455950559545214052d5455d555094857d465314d,685a6691ad699a66eda46fda76eda3685a06e9bb68da4691bb6e1af691bb69da1691bb6e1bb6e5a5,9d26d992649b6719b66c9ba719c2679ce6d9d2679ae719ce6e9c26a9be6d9ba719aa7099a6c9ce6a,1,"SENDING_EVENT",000,003,00c,1,0,0,1,0,003,0b0,1,0,0,521515515d50d4b52d4b5554d5214955d4752d5755d50551545214052d555595550d48575415354d,0,00c,1,0,1,0,1,0,1,0,1,1
561,561,0,c0f02c0f02c0b02c0b02c0b02c0b02c0b02c0b02c0b02c0b06c1f4fd3b4ec2b02c0f02c0b02c0b02,529545515d50d4b525485554d5214955d465215455950559545214052d5455d555094857d465314d,685a6691ad699a66eda46fda76eda3685a06e9bb68da4691bb6e1af691bb69da1691bb6e1bb6e5a5,9d26d992649b6719b66c9ba719c2679ce6d9d2679ae719ce6e9c26a9be6d9ba719aa7099a6c9ce6a,1,"SENDING_EVENT",000,004,00c,1,0,2,0,2,004,0c0,1,0,0,521515515d50d4b52d4b5554d5214955d4752d5755d50551545214052d555595550d48575415354d,0,00c,1,0,1,0,1,0,1,0,1,1
562,562,0,c0f02c0f02c0b02c0b02c0b02c0b02c0b02c0b02c0b02c0b06c1f4fd3b4ec2b02c0f02c0b02c0b02,529545515d50d4b525485554d5214955d465215455950559545214052d5455d555094857d465314d,685a6691ad699a66eda46fda76eda3685a06e9bb68da4691bb6e1af691bb69da1691bb6e1bb6e5a5,9d26d992649b6719b66c9ba719c2679ce6d9d2679ae719ce6e9c26a9be6d9ba719aa7099a6c9ce6a,1,"SENDING_EVENT",000,005,00c,1,2,3,0,3,005,102,1,0,0,521515515d50d4b52d4b5554d5214955d4752d5755d50551545214052d555595550d48575415354d,0,00c,1,0,1,0,1,0,1,0,1,1
563,563,0,c0f02c0f02c0b02c0b02c0b02c0b02c0b02c0b02c0b02c0b06c1f4fd3b4ec2b02c0f02c0b02c0b02,529545515d50d4b525485554d5214955d465215455950559545214052d5455d555094857d465314d,685a6691ad699a66eda46fda76eda3685a06e9bb68da4691bb6e1af691bb69da1691bb6e1bb6e5a5,9d26d992649b6719b66c9ba719c2679ce6d9d2679ae719ce6e9c26a9be6d9ba719aa7099a6c9ce6a,1,"SENDING_EVENT",000,006,00c,1,b,0,0,0,006,00b,1,0,0,521515515d50d4b52d4b5554d5214955d4752d5755d50551545214052d555595550d48575415354d,0,00c,1,0,1,0,1,0,1,0,1,1
564,564,0,c0f02c0f02c0b02c0b02c0b02c0b02c0b02c0b02c0b02c0b06c1f4fd3b4ec2b02c0f02c0b02c0b02,529545515d50d4b525485554d5214955d465215455950559545214052d5455d555094857d465314d,685a6691ad699a66eda46fda76eda3685a06e9bb68da4691bb6e1af691bb69da1691bb6e1bb6e5a5,9d26d992649b6719b66c9ba719c2679ce6d9d2679ae719ce6e9c26a9be6d9ba719aa7099a6c9ce6a,1,"SENDING_EVENT",000,007,00c,1,d,0,0,0,007,0fd,1,0,0,521515515d50d4b52d4b5554d5214955d4752d5755d50551545214052d555595550d48575415354d,0,00c,1,0,1,0,1,0,1,0,1,1
565,565,0,c0f02c0f02c0b02c0b02c0b02c0b02c0b02c0b02c0b02c0b06c1f4fd3b4ec2b02c0f02c0b02c0b02,529545515d50d4b525485554d5214955d465215455950559545214052d5455d555094857d465314d,685a6691ad699a66eda46fda76eda3685a06e9bb68da4691bb6e1af691bb69da1691bb6e1bb6e5a5,9d26d992649b6719b66c9ba719c2679ce6d9d2679ae719ce6e9c26a9be6d9ba719aa7099a6c9ce6a,1,"SENDING_EVENT",000,008,00c,1,0,2,1,3,008,0b0,1,0,0,521515515d50d4b52d4b5554d5214955d4752d5755d50551545214052d555595550d48575415354d,0,00c,1,0,1,0,1,0,1,0,1,1
566,566,0,c0f02c0f02c0b02c0b02c0b02c0b02c0b02c0b02c0b02c0b06c1f4fd3b4ec2b02c0f02c0b02c0b02,529545515d50d4b525485554d5214955d465215455950559545214052d5455d555094857d465314d,685a6691ad699a66eda46fda76eda3685a06e9bb68da4691bb6e1af691bb69da1691bb6e1bb6e5a5,9d26d992649b6719b66c9ba719c2679ce6d9d2679ae719ce6e9c26a9be6d9ba719aa7099a6c9ce6a,1,"SENDING_EVENT",000,009,00c,1,0,2,0,2,009,0c0,1,0,0,521515515d50d4b52d4b5554d5214955d4752d5755d50551545214052d555595550d48575415354d,0,00c,1,0,1,0,1,0,1,0,1,1
567,567,0,c0f02c0f02c0b02c0b02c0b02c0b02c0b02c0b02c0b02c0b06c1f4fd3b4ec2b02c0f02c0b02c0b02,529545515d50d4b525485554d5214955d465215455950559545214052d5455d555094857d465314d,685a6691ad699a66eda46fda76eda3685a06e9bb68da4691bb6e1af691bb69da1691bb6e1bb6e5a5,9d26d992649b6719b66c9ba719c2679ce6d9d2679ae719ce6e9c26a9be6d9ba719aa7099a6c9ce6a,1,"SEND_FOOTER",000,00a,00c,1,2,3,0,3,00a,102,1,0,0,521515515d50d4b52d4b5554d5214955d4752d5755d50551545214052d555595550d48575415354d,0,00c,1,0,1,0,1,0,1,0,1,1
568,568,0,c0f02c0f02c0b02c0b02c0b02c0b02c0b02c0b02c0b02c0b06c1f4fd3b4ec2b02c0f02c0b02c0b02,529545515d50d4b525485554d5214955d465215455950559545214052d5455d555094857d465314d,685a6691ad699a66eda46fda76eda3685a06e9bb68da4691bb6e1af691bb69da1691bb6e1bb6e5a5,9d26d992649b6719b66c9ba719c2679ce6d9d2679ae719ce6e9c26a9be6d9ba719aa7099a6c9ce6a,1,"END_EVENT",000,00b,00c,1,4,0,0,3,00b,004,1,0,0,521515515d50d4b52d4b5554d5214955d4752d5755d50551545214052d555595550d48575415354d,0,00c,1,0,1,0,1,0,1,0,1,1
569,569,0,c0f02c0f02c0b02c0b02c0b02c0b02c0b02c0b02c0b02c0b06c1f4fd3b4ec2b02c0f02c0b02c0b02,529545515d50d4b525485554d5214955d465215455950559545214052d5455d555094857d465314d,685a6691ad699a66eda46fda76eda3685a06e9bb68da4691bb6e1af691bb69da1691bb6e1bb6e5a5,9d26d992649b6719b66c9ba719c2679ce6d9d2679ae719ce6e9c26a9be6d9ba719aa7099a6c9ce6a,1,"WAIT",000,00b,00c,1,4,0,0,3,00b,004,1,0,0,521515515d50d4b52d4b5554d5214955d4752d5755d50551545214052d555595550d48575415354d,0,00c,1,0,1,1,1,0,0,0,1,1
570,570,0,c0f02c0f02c0b02c0b02c0b02c0b02c0b02c0b02c0b02c0b06c1f4fd3b4ec2b02c0f02c0b02c0b02,529545515d50d4b525485554d5214955d465215455950559545214052d5455d555094857d465314d,685a6691ad699a66eda46fda76eda3685a06e9bb68da4691bb6e1af691bb69da1691bb6e1bb6e5a5,9d26d992649b6719b66c9ba719c2679ce6d9d2679ae719ce6e9c26a9be6d9ba719aa7099a6c9ce6a,1,"SEND_HEADER",000,00b,00c,1,4,0,0,3,00b,004,1,0,0,521515515d50d4b52d4b5554d5214955d4752d5755d50551545214052d555595550d48575415354d,0,00c,1,1,1,0,1,0,0,0,1,1
571,571,0,c0f02c0f02c0b02c0b02c0b02c0b02c0b02c0b02c0b02c0b06c1f4fd3b4ec2b02c0f02c0b02c0b02,529545515d50d4b525485554d5214955d465215455950559545214052d5455d555094857d465314d,685a6691ad699a66eda46fda76eda3685a06e9bb68da4691bb6e1af691bb69da1691bb6e1bb6e5a5,9d26d992649b6719b66c9ba719c2679ce6d9d2679ae719ce6e9c26a9be6d9ba719aa7099a6c9ce6a,1,"SENDING_EVENT",000,000,00c,1,1,1,1,2,000,101,0,0,0,521515515d50d4b52d4b5554d5214955d4752d5755d50551545214052d555595550d48575415354d,0,00c,1,0,0,0,1,0,1,0,1,1
572,572,0,c0f02c0f02c0b02c0b02c0b02c0b02c0b02c0b02c0b02c0b06c1f4fd3b4ec2b02c0f02c0b02c0b02,529545515d50d4b525485554d5214955d465215455950559545214052d5455d555094857d465314d,685a6691ad699a66eda46fda76eda3685a06e9bb68da4691bb6e1af691bb69da1691bb6e1bb6e5a5,9d26d992649b6719b66c9ba719c2679ce6d9d2679ae719ce6e9c26a9be6d9ba719aa7099a6c9ce6a,1,"SENDING_EVENT",000,001,00c,2,1,1,0,1,001,151,0,0,0,529545515d50d4b525485554d5214955d465215455950559545214052d5455d555094857d465314d,2,00c,1,0,1,0,1,0,1,0,1,1
573,573,0,c0f02c0f02c0b02c0b02c0b02c0b02c0b02c0b02c0b02c0b06c1f4fd3b4ec2b02c0f02c0b02c0b02,525515515c5054852d4b5554d5294e55d47521545595255d54521405395455d555094857d465314d,685a6691ad699a66eda46fda76eda3685a06e9bb68da4691bb6e1af691bb69da1691bb6e1bb6e5a5,9d26d992649b6719b66c9ba719c2679ce6d9d2679ae719ce6e9c26a9be6d9ba719aa7099a6c9ce6a,1,"SENDING_EVENT",000,002,00c,2,5,0,1,1,002,0b5,1,0,0,529545515d50d4b525485554d5214955d465215455950559545214052d5455d555094857d465314d,0,00c,1,0,1,0,1,0,1,0,1,1
574,574,0,c0f02c0f02c0b02c0b02c0b02c0b02c0b02c0b02c0b02c0b06c1f4fd3b4ec2b02c0f02c0b02c0b02,525515515c5054852d4b5554d5294e55d47521545595255d54521405395455d555094857d465314d,685a6691ad699a66eda46fda76eda3685a06e9bb68da4691bb6e1af691bb69da1691bb6e1bb6e5a5,9d26d992649b6719b66c9ba719c2679ce6d9d2679ae719ce6e9c26a9be6d9ba719aa7099a6c9ce6a,1,"SENDING_EVENT",000,003,00c,2,4,1,1,2,003,154,1,0,0,529545515d50d4b525485554d5214955d465215455950559545214052d5455d555094857d465314d,0,00c,1,0,1,0,1,0,1,0,1,1
575,575,0,c0f02c0f02c0b02c0b02c0b02c0b02c0b02c0b02c0b02c0b06c1f4fd3b4ec2b02c0f02c0b02c0b02,525515515c5054852d4b5554d5294e55d47521545595255d54521405395455d555094857d465314d,685a6691ad699a66eda46fda76eda3685a06e9bb68da4691bb6e1af691bb69da1691bb6e1bb6e5a5,9d26d992649b6719b66c9ba719c2679ce6d9d2679ae719ce6e9c26a9be6d9ba719aa7099a6c9ce6a,1,"SENDING_EVENT",000,004,00c,2,5,1,1,1,004,155,1,0,0,529545515d50d4b525485554d5214955d465215455950559545214052d5455d555094857d465314d,0,00c,1,0,1,0,1,0,1,0,1,1
576,576,0,c0f02c0f02c0b02c0b02c0b02c0b02c0b02c0b02c0b02c0b06c1f4fd3b4ec2b02c0f02c0b02c0b02,525515515c5054852d4b5554d5294e55d47521545595255d54521405395455d555094857d465314d,685a6691ad699a66eda46fda76eda3685a06e9bb68da4691bb6e1af691bb69da1691bb6e1bb6e5a5,9d26d992649b6719b66c9ba719c2679ce6d9d2679ae719ce6e9c26a9be6d9ba719aa7099a6c9ce6a,1,"SENDING_EVENT",000,005,00c,2,7,1,0,1,005,157,1,0,0,529545515d50d4b525485554d5214955d465215455950559545214052d5455d555094857d465314d,0,00c,1,0,1,0,1,0,1,0,1,1
577,577,0,c0f02c0f02c0b02c0b02c0b02c0b02c0b02c0b02c0b02c0b06c1f4fd3b4ec2b02c0f02c0b02c0b02,525515515c5054852d4b5554d5294e55d47521545595255d54521405395455d555094857d465314d,685a6691ad699a66eda46fda76eda3685a06e9bb68da4691bb6e1af691bb69da1691bb6e1bb6e5a5,9d26d992649b6719b66c9ba719c2679ce6d9d2679ae719ce6e9c26a9be6d9ba719aa7099a6c9ce6a,1,"SENDING_EVENT",000,006,00c,2,1,1,1,1,006,151,1,0,0,529545515d50d4b525485554d5214955d465215455950559545214052d5455d555094857d465314d,0,00c,1,0,1,0,1,0,1,0,1,1
578,578,0,c0f02c0f02c0b02c0b02c0b02c0b02c0b02c0b02c0b02c0b06c1f4fd3b4ec2b02c0f02c0b02c0b02,525515515c5054852d4b5554d5294e55d47521545595255d54521405395455d555094857d465314d,685a6691ad699a66eda46fda76eda3685a06e9bb68da4691bb6e1af691bb69da1691bb6e1bb6e5a5,9d26d992649b6719b66c9ba719c2679ce6d9d2679ae719ce6e9c26a9be6d9ba719aa7099a6c9ce6a,1,"SENDING_EVENT",000,007,00c,2,5,0,0,1,007,005,1,0,0,529545515d50d4b525485554d5214955d465215455950559545214052d5455d555094857d465314d,0,00c,1,0,1,0,1,0,1,0,1,1
579,579,0,c0f02c0f02c0b02c0b02c0b02c0b02c0b02c0b02c0b02c0b06c1f4fd3b4ec2b02c0f02c0b02c0b02,525515515c5054852d4b5554d5294e55d47521545595255d54521405395455d555094857d465314d,685a6691ad699a66eda46fda76eda3685a06e9bb68da4691bb6e1af691bb69da1691bb6e1bb6e5a5,9d26d992649b6719b66c9ba719c2679ce6d9d2679ae719ce6e9c26a9be6d9ba719aa7099a6c9ce6a,1,"SENDING_EVENT",000,008,00c,2,5,1,1,2,008,195,1,0,0,529545515d50d4b525485554d5214955d465215455950559545214052d5455d555094857d465314d,0,00c,1,0,1,0,1,0,1,0,1,1
580,580,0,c0f02c0f02c0b02c0b02c0b02c0b02c0b02c0b02c0b02c0b06c1f4fd3b4ec2b02c0f02c0b02c0b02,525515515c5054852d4b5554d5294e55d47521545595255d54521405395455d555094857d465314d,685a6691ad699a66eda46fda76eda3685a06e9bb68da4691bb6e1af691bb69da1691bb6e1bb6e5a5,9d26d992649b6719b66c9ba719c2679ce6d9d2679ae719ce6e9c26a9be6d9ba719aa7099a6c9ce6a,1,"SENDING_EVENT",000,009,00c,2,7,0,1,1,009,057,1,0,0,529545515d50d4b525485554d5214955d465215455950559545214052d5455d555094857d465314d,0,00c,1,0,1,0,1,0,1,0,1,1
581,581,0,c0f02c0f02c0b02c0b02c0b02c0b02c0b02c0b02c0b02c0b06c1f4fd3b4ec2b02c0f02c0b02c0b02,525515515c5054852d4b5554d5294e55d47521545595255d54521405395455d555094857d465314d,685a6691ad699a66eda46fda76eda3685a06e9bb68da4691bb6e1af691bb69da1691bb6e1bb6e5a5,9d26d992649b6719b66c9ba719c2679ce6d9d2679ae719ce6e9c26a9be6d9ba719aa7099a6c9ce6a,1,"SEND_FOOTER",000,00a,00c,2,d,1,0,1,00a,14d,1,0,0,529545515d50d4b525485554d5214955d465215455950559545214052d5455d555094857d465314d,0,00c,1,0,1,0,1,0,1,0,1,1
582,582,0,c0f02c0f02c0b02c0b02c0b02c0b02c0b02c0b02c0b02c0b06c1f4fd3b4ec2b02c0f02c0b02c0b02,525515515c5054852d4b5554d5294e55d47521545595255d54521405395455d555094857d465314d,685a6691ad699a66eda46fda76eda3685a06e9bb68da4691bb6e1af691bb69da1691bb6e1bb6e5a5,9d26d992649b6719b66c9ba719c2679ce6d9d2679ae719ce6e9c26a9be6d9ba719aa7099a6c9ce6a,1,"END_EVENT",000,00b,00c,2,1,1,0,3,00b,101,1,0,0,529545515d50d4b525485554d5214955d465215455950559545214052d5455d555094857d465314d,0,00c,1,0,1,0,1,0,1,0,1,1
583,583,0,c0f02c0f02c0b02c0b02c0b02c0b02c0b02c0b02c0b02c0b06c1f4fd3b4ec2b02c0f02c0b02c0b02,525515515c5054852d4b5554d5294e55d47521545595255d54521405395455d555094857d465314d,685a6691ad699a66eda46fda76eda3685a06e9bb68da4691bb6e1af691bb69da1691bb6e1bb6e5a5,9d26d992649b6719b66c9ba719c2679ce6d9d2679ae719ce6e9c26a9be6d9ba719aa7099a6c9ce6a,1,"WAIT",000,00b,00c,2,1,1,0,3,00b,101,1,0,0,529545515d50d4b525485554d5214955d465215455950559545214052d5455d555094857d465314d,0,00c,1,0,1,1,1,0,0,0,1,1
584,584,0,c0f02c0f02c0b02c0b02c0b02c0b02c0b02c0b02c0b02c0b06c1f4fd3b4ec2b02c0f02c0b02c0b02,525515515c5054852d4b5554d5294e55d47521545595255d54521405395455d555094857d465314d,685a6691ad699a66eda46fda76eda3685a06e9bb68da4691bb6e1af691bb69da1691bb6e1bb6e5a5,9d26d992649b6719b66c9ba719c2679ce6d9d2679ae719ce6e9c26a9be6d9ba719aa7099a6c9ce6a,1,"SEND_HEADER",000,00b,00c,2,1,1,0,3,00b,101,1,0,0,529545515d50d4b525485554d5214955d465215455950559545214052d5455d555094857d465314d,0,00c,1,1,1,0,1,0,0,0,1,1
585,585,0,c0f02c0f02c0b02c0b02c0b02c0b02c0b02c0b02c0b02c0b06c1f4fd3b4ec2b02c0f02c0b02c0b02,525515515c5054852d4b5554d5294e55d47521545595255d54521405395455d555094857d465314d,685a6691ad699a66eda46fda76eda3685a06e9bb68da4691bb6e1af691bb69da1691bb6e1bb6e5a5,9d26d992649b6719b66c9ba719c2679ce6d9d2679ae719ce6e9c26a9be6d9ba719aa7099a6c9ce6a,1,"SENDING_EVENT",000,000,00c,2,2,1,1,2,000,102,0,0,0,529545515d50d4b525485554d5214955d465215455950559545214052d5455d555094857d465314d,0,00c,1,0,0,0,1,0,1,0,1,1
586,586,0,c0f02c0f02c0b02c0b02c0b02c0b02c0b02c0b02c0b02c0b06c1f4fd3b4ec2b02c0f02c0b02c0b02,525515515c5054852d4b5554d5294e55d47521545595255d54521405395455d555094857d465314d,685a6691ad699a66eda46fda76eda3685a06e9bb68da4691bb6e1af691bb69da1691bb6e1bb6e5a5,9d26d992649b6719b66c9ba719c2679ce6d9d2679ae719ce6e9c26a9be6d9ba719aa7099a6c9ce6a,1,"SENDING_EVENT",000,001,00c,3,1,1,0,1,001,151,0,0,0,525515515c5054852d4b5554d5294e55d47521545595255d54521405395455d555094857d465314d,2,00c,1,0,1,0,1,0,1,0,1,1
587,587,0,c0f02c0f02c0b02c0b02c0b02c0b02c0b02c0b02c0b02c0b06c1f4fd3b4ec2b02c0f02c0b02c0b02,525515515d5014b52d4a5514d5214955d46521545595255d545214052d555595554155575515354d,685a6691ad699a66eda46fda76eda3685a06e9bb68da4691bb6e1af691bb69da1691bb6e1bb6e5a5,9d26d992649b6719b66c9ba719c2679ce6d9d2679ae719ce6e9c26a9be6d9ba719aa7099a6c9ce6a,1,"SENDING_EVENT",000,002,00c,3,5,0,1,1,002,0b5,1,0,0,525515515c5054852d4b5554d5294e55d47521545595255d54521405395455d555094857d465314d,0,00c,1,0,1,0,1,0,1,0,1,1
588,588,0,c0f02c0f02c0b02c0b02c0b02c0b02c0b02c0b02c0b02c0b06c1f4fd3b4ec2b02c0f02c0b02c0b02,525515515d5014b52d4a5514d5214955d46521545595255d545214052d555595554155575515354d,685a6691ad699a66eda46fda76eda3685a06e9bb68da4691bb6e1af691bb69da1691bb6e1bb6e5a5,9d26d992649b6719b66c9ba719c2679ce6d9d2679ae719ce6e9c26a9be6d9ba719aa7099a6c9ce6a,1,"SENDING_EVENT",000,003,00c,3,4,1,1,2,003,154,1,0,0,525515515c5054852d4b5554d5294e55d47521545595255d54521405395455d555094857d465314d,0,00c,1,0,1,0,1,0,1,0,1,1
589,589,0,c0f02c0f02c0b02c0b02c0b02c0b02c0b02c0b02c0b02c0b06c1f4fd3b4ec2b02c0f02c0b02c0b02,525515515d5014b52d4a5514d5214955d46521545595255d545214052d555595554155575515354d,685a6691ad699a66eda46fda76eda3685a06e9bb68da4691bb6e1af691bb69da1691bb6e1bb6e5a5,9d26d992649b6719b66c9ba719c2679ce6d9d2679ae719ce6e9c26a9be6d9ba719aa7099a6c9ce6a,1,"SENDING_EVENT",000,004,00c,3,5,1,1,1,004,155,1,0,0,525515515c5054852d4b5554d5294e55d47521545595255d54521405395455d555094857d465314d,0,00c,1,0,1,0,1,0,1,0,1,1
590,590,0,c0f02c0f02c0b02c0b02c0b02c0b02c0b02c0b02c0b02c0b06c1f4fd3b4ec2b02c0f02c0b02c0b02,525515515d5014b52d4a5514d5214955d46521545595255d545214052d555595554155575515354d,685a6691ad699a66eda46fda76eda3685a06e9bb68da4691bb6e1af691bb69da1691bb6e1bb6e5a5,9d26d992649b6719b66c9ba719c2679ce6d9d2679ae719ce6e9c26a9be6d9ba719aa7099a6c9ce6a,1,"SENDING_EVENT",000,005,00c,3,4,1,0,1,005,154,1,0,0,525515515c5054852d4b5554d5294e55d47521545595255d54521405395455d555094857d465314d,0,00c,1,0,1,0,1,0,1,0,1,1
591,591,0,c0f02c0f02c0b02c0b02c0b02c0b02c0b02c0b02c0b02c0b06c1f4fd3b4ec2b02c0f02c0b02c0b02,525515515d5014b52d4a5514d5214955d46521545595255d545214052d555595554155575515354d,685a6691ad699a66eda46fda76eda3685a06e9bb68da4691bb6e1af691bb69da1691bb6e1bb6e5a5,9d26d992649b6719b66c9ba719c2679ce6d9d2679ae719ce6e9c26a9be6d9ba719aa7099a6c9ce6a,1,"SENDING_EVENT",000,006,00c,3,9,1,1,1,006,159,1,0,0,525515515c5054852d4b5554d5294e55d47521545595255d54521405395455d555094857d465314d,0,00c,1,0,1,0,1,0,1,0,1,1
592,592,0,c0f02c0f02c0b02c0b02c0b02c0b02c0b02c0b02c0b02c0b06c1f4fd3b4ec2b02c0f02c0b02c0b02,525515515d5014b52d4a5514d5214955d46521545595255d545214052d555595554155575515354d,685a6691ad699a66eda46fda76eda3685a06e9bb68da4691bb6e1af691bb69da1691bb6e1bb6e5a5,9d26d992649b6719b66c9ba719c2679ce6d9d2679ae719ce6e9c26a9be6d9ba719aa7099a6c9ce6a,1,"SENDING_EVENT",000,007,00c,3,5,0,0,1,007,005,1,0,0,525515515c5054852d4b5554d5294e55d47521545595255d54521405395455d555094857d465314d,0,00c,1,0,1,0,1,0,1,0,1,1
593,593,0,c0f02c0f02c0b02c0b02c0b02c0b02c0b02c0b02c0b02c0b06c1f4fd3b4ec2b02c0f02c0b02c0b02,525515515d5014b52d4a5514d5214955d46521545595255d545214052d555595554155575515354d,685a6691ad699a66eda46fda76eda3685a06e9bb68da4691bb6e1af691bb69da1691bb6e1bb6e5a5,9d26d992649b6719b66c9ba719c2679ce6d9d2679ae719ce6e9c26a9be6d9ba719aa7099a6c9ce6a,1,"SENDING_EVENT",000,008,00c,3,5,1,1,2,008,1d5,1,0,0,525515515c5054852d4b5554d5294e55d47521545595255d54521405395455d555094857d465314d,0,00c,1,0,1,0,1,0,1,0,1,1
594,594,0,c0f02c0f02c0b02c0b02c0b02c0b02c0b02c0b02c0b02c0b06c1f4fd3b4ec2b02c0f02c0b02c0b02,525515515d5014b52d4a5514d5214955d46521545595255d545214052d555595554155575515354d,685a6691ad699a66eda46fda76eda3685a06e9bb68da4691bb6e1af691bb69da1691bb6e1bb6e5a5,9d26d992649b6719b66c9ba719c2679ce6d9d2679ae719ce6e9c26a9be6d9ba719aa7099a6c9ce6a,1,"SENDING_EVENT",000,009,00c,3,7,0,1,1,009,057,1,0,0,525515515c5054852d4b5554d5294e55d47521545595255d54521405395455d555094857d465314d,0,00c,1,0,1,0,1,0,1,0,1,1
595,595,0,c0f02c0f02c0b02c0b02c0b02c0b02c0b02c0b02c0b02c0b06c1f4fd3b4ec2b02c0f02c0b02c0b02,525515515d5014b52d4a5514d5214955d46521545595255d545214052d555595554155575515354d,685a6691ad699a66eda46fda76eda3685a06e9bb68da4691bb6e1af691bb69da1691bb6e1bb6e5a5,9d26d992649b6719b66c9ba719c2679ce6d9d2679ae719ce6e9c26a9be6d9ba719aa7099a6c9ce6a,1,"SEND_FOOTER",000,00a,00c,3,d,1,0,1,00a,14d,1,0,0,525515515c5054852d4b5554d5294e55d47521545595255d54521405395455d555094857d465314d,0,00c,1,0,1,0,1,0,1,0,1,1
596,596,0,c0f02c0f02c0b02c0b02c0b02c0b02c0b02c0b02c0b02c0b06c1f4fd3b4ec2b02c0f02c0b02c0b02,525515515d5014b52d4a5514d5214955d46521545595255d545214052d555595554155575515354d,685a6691ad699a66eda46fda76eda3685a06e9bb68da4691bb6e1af691bb69da1691bb6e1bb6e5a5,9d26d992649b6719b66c9ba719c2679ce6d9d2679ae719ce6e9c26a9be6d9ba719aa7099a6c9ce6a,1,"END_EVENT",000,00b,00c,3,2,1,0,3,00b,102,1,0,0,525515515c5054852d4b5554d5294e55d47521545595255d54521405395455d555094857d465314d,0,00c,1,0,1,0,1,0,1,0,1,1
597,597,0,c0f02c0f02c0b02c0b02c0b02c0b02c0b02c0b02c0b02c0b06c1f4fd3b4ec2b02c0f02c0b02c0b02,525515515d5014b52d4a5514d5214955d46521545595255d545214052d555595554155575515354d,685a6691ad699a66eda46fda76eda3685a06e9bb68da4691bb6e1af691bb69da1691bb6e1bb6e5a5,9d26d992649b6719b66c9ba719c2679ce6d9d2679ae719ce6e9c26a9be6d9ba719aa7099a6c9ce6a,1,"WAIT",000,00b,00c,3,2,1,0,3,00b,102,1,0,0,525515515c5054852d4b5554d5294e55d47521545595255d54521405395455d555094857d465314d,0,00c,1,0,1,1,1,0,0,0,1,1
598,598,0,c0f02c0f02c0b02c0b02c0b02c0b02c0b02c0b02c0b02c0b06c1f4fd3b4ec2b02c0f02c0b02c0b02,525515515d5014b52d4a5514d5214955d46521545595255d545214052d555595554155575515354d,685a6691ad699a66eda46fda76eda3685a06e9bb68da4691bb6e1af691bb69da1691bb6e1bb6e5a5,9d26d992649b6719b66c9ba719c2679ce6d9d2679ae719ce6e9c26a9be6d9ba719aa7099a6c9ce6a,1,"SEND_HEADER",000,00b,00c,3,2,1,0,3,00b,102,1,0,0,525515515c5054852d4b5554d5294e55d47521545595255d54521405395455d555094857d465314d,0,00c,1,1,1,0,1,0,0,0,1,1
599,599,0,c0f02c0f02c0b02c0b02c0b02c0b02c0b02c0b02c0b02c0b06c1f4fd3b4ec2b02c0f02c0b02c0b02,525515515d5014b52d4a5514d5214955d46521545595255d545214052d555595554155575515354d,685a6691ad699a66eda46fda76eda3685a06e9bb68da4691bb6e1af691bb69da1691bb6e1bb6e5a5,9d26d992649b6719b66c9ba719c2679ce6d9d2679ae719ce6e9c26a9be6d9ba719aa7099a6c9ce6a,1,"SENDING_EVENT",000,000,00c,3,3,1,1,2,000,103,0,0,0,525515515c5054852d4b5554d5294e55d47521545595255d54521405395455d555094857d465314d,0,00c,1,0,0,0,1,0,1,0,1,1
600,600,0,c0f02c0f02c0b02c0b02c0b02c0b02c0b02c0b02c0b02c0b06c1f4fd3b4ec2b02c0f02c0b02c0b02,525515515d5014b52d4a5514d5214955d46521545595255d545214052d555595554155575515354d,685a6691ad699a66eda46fda76eda3685a06e9bb68da4691bb6e1af691bb69da1691bb6e1bb6e5a5,9d26d992649b6719b66c9ba719c2679ce6d9d2679ae719ce6e9c26a9be6d9ba719aa7099a6c9ce6a,1,"SENDING_EVENT",000,001,00c,4,1,1,0,1,001,151,0,0,0,525515515d5014b52d4a5514d5214955d46521545595255d545214052d555595554155575515354d,2,00c,1,0,1,0,1,0,1,0,1,1
601,601,0,c0f02c0f02c0b02c0b02c0b02c0b02c0b02c0b02c0b02c0b06c1f4fd3b4ec2b02c0f02c0b02c0b02,521515515c5014852d4a55d405294e55d46521545595255d5452140529555595550d4857d465354d,685a6691ad699a66eda46fda76eda3685a06e9bb68da4691bb6e1af691bb69da1691bb6e1bb6e5a5,9d26d992649b6719b66c9ba719c2679ce6d9d2679ae719ce6e9c26a9be6d9ba719aa7099a6c9ce6a,1,"SENDING_EVENT",000,002,00c,4,5,0,0,1,002,085,1,0,0,525515515d5014b52d4a5514d5214955d46521545595255d545214052d555595554155575515354d,0,00c,1,0,1,0,1,0,1,0,1,1
602,602,0,c0f02c0f02c0b02c0b02c0b02c0b02c0b02c0b02c0b02c0b06c1f4fd3b4ec2b02c0f02c0b02c0b02,521515515c5014852d4a55d405294e55d46521545595255d5452140529555595550d4857d465354d,685a6691ad699a66eda46fda76eda3685a06e9bb68da4691bb6e1af691bb69da1691bb6e1bb6e5a5,9d26d992649b6719b66c9ba719c2679ce6d9d2679ae719ce6e9c26a9be6d9ba719aa7099a6c9ce6a,1,"SENDING_EVENT",000,003,00c,4,4,1,1,2,003,154,1,0,0,525515515d5014b52d4a5514d5214955d46521545595255d545214052d555595554155575515354d,0,00c,1,0,1,0,1,0,1,0,1,1
603,603,0,c0f02c0f02c0b02c0b02c0b02c0b02c0b02c0b02c0b02c0b06c1f4fd3b4ec2b02c0f02c0b02c0b02,521515515c5014852d4a55d405294e55d46521545595255d5452140529555595550d4857d465354d,685a6691ad699a66eda46fda76eda3685a06e9bb68da4691bb6e1af691bb69da1691bb6e1bb6e5a5,9d26d992649b6719b66c9ba719c2679ce6d9d2679ae719ce6e9c26a9be6d9ba719aa7099a6c9ce6a,1,"SENDING_EVENT",000,004,00c,4,5,2,1,1,004,055,1,0,0,525515515d5014b52d4a5514d5214955d46521545595255d545214052d555595554155575515354d,0,00c,1,0,1,0,1,0,1,0,1,1
604,604,0,c0f02c0f02c0b02c0b02c0b02c0b02c0b02c0b02c0b02c0b06c1f4fd3b4ec2b02c0f02c0b02c0b02,521515515c5014852d4a55d405294e55d46521545595255d5452140529555595550d4857d465354d,685a6691ad699a66eda46fda76eda3685a06e9bb68da4691bb6e1af691bb69da1691bb6e1bb6e5a5,9d26d992649b6719b66c9ba719c2679ce6d9d2679ae719ce6e9c26a9be6d9ba719aa7099a6c9ce6a,1,"SENDING_EVENT",000,005,00c,4,4,1,0,1,005,154,1,0,0,525515515d5014b52d4a5514d5214955d46521545595255d545214052d555595554155575515354d,0,00c,1,0,1,0,1,0,1,0,1,1
605,605,0,c0f02c0f02c0b02c0b02c0b02c0b02c0b02c0b02c0b02c0b06c1f4fd3b4ec2b02c0f02c0b02c0b02,521515515c5014852d4a55d405294e55d46521545595255d5452140529555595550d4857d465354d,685a6691ad699a66eda46fda76eda3685a06e9bb68da4691bb6e1af691bb69da1691bb6e1bb6e5a5,9d26d992649b6719b66c9ba719c2679ce6d9d2679ae719ce6e9c26a9be6d9ba719aa7099a6c9ce6a,1,"SENDING_EVENT",000,006,00c,4,d,1,1,1,006,15d,1,0,0,525515515d5014b52d4a5514d5214955d46521545595255d545214052d555595554155575515354d,0,00c,1,0,1,0,1,0,1,0,1,1
606,606,0,c0f02c0f02c0b02c0b02c0b02c0b02c0b02c0b02c0b02c0b06c1f4fd3b4ec2b02c0f02c0b02c0b02,521515515c5014852d4a55d405294e55d46521545595255d5452140529555595550d4857d465354d,685a6691ad699a66eda46fda76eda3685a06e9bb68da4691bb6e1af691bb69da1691bb6e1bb6e5a5,9d26d992649b6719b66c9ba719c2679ce6d9d2679ae719ce6e9c26a9be6d9ba719aa7099a6c9ce6a,1,"SENDING_EVENT",000,007,00c,4,5,0,0,1,007,005,1,0,0,525515515d5014b52d4a5514d5214955d46521545595255d545214052d555595554155575515354d,0,00c,1,0,1,0,1,0,1,0,1,1
607,607,0,c0f02c0f02c0b02c0b02c0b02c0b02c0b02c0b02c0b02c0b06c1f4fd3b4ec2b02c0f02c0b02c0b02,521515515c5014852d4a55d405294e55d46521545595255d5452140529555595550d4857d465354d,685a6691ad699a66eda46fda76eda3685a06e9bb68da4691bb6e1af691bb69da1691bb6e1bb6e5a5,9d26d992649b6719b66c9ba719c2679ce6d9d2679ae719ce6e9c26a9be6d9ba719aa7099a6c9ce6a,1,"SENDING_EVENT",000,008,00c,4,5,1,1,3,008,1d5,1,0,0,525515515d5014b52d4a5514d5214955d46521545595255d545214052d555595554155575515354d,0,00c,1,0,1,0,1,0,1,0,1,1
608,608,0,c0f02c0f02c0b02c0b02c0b02c0b02c0b02c0b02c0b02c0b06c1f4fd3b4ec2b02c0f02c0b02c0b02,521515515c5014852d4a55d405294e55d46521545595255d5452140529555595550d4857d465354d,685a6691ad699a66eda46fda76eda3685a06e9bb68da4691bb6e1af691bb69da1691bb6e1bb6e5a5,9d26d992649b6719b66c9ba719c2679ce6d9d2679ae719ce6e9c26a9be6d9ba719aa7099a6c9ce6a,1,"SENDING_EVENT",000,009,00c,4,7,0,1,1,009,057,1,0,0,525515515d5014b52d4a5514d5214955d46521545595255d545214052d555595554155575515354d,0,00c,1,0,1,0,1,0,1,0,1,1
609,609,0,c0f02c0f02c0b02c0b02c0b02c0b02c0b02c0b02c0b02c0b06c1f4fd3b4ec2b02c0f02c0b02c0b02,521515515c5014852d4a55d405294e55d46521545595255d5452140529555595550d4857d465354d,685a6691ad699a66eda46fda76eda3685a06e9bb68da4691bb6e1af691bb69da1691bb6e1bb6e5a5,9d26d992649b6719b66c9ba719c2679ce6d9d2679ae719ce6e9c26a9be6d9ba719aa7099a6c9ce6a,1,"SEND_FOOTER",000,00a,00c,4,d,1,0,1,00a,14d,1,0,0,525515515d5014b52d4a5514d5214955d46521545595255d545214052d555595554155575515354d,0,00c,1,0,1,0,1,0,1,0,1,1
610,610,0,c0f02c0f02c0b02c0b02c0b02c0b02c0b02c0b02c0b02c0b06c1f4fd3b4ec2b02c0f02c0b02c0b02,521515515c5014852d4a55d405294e55d46521545595255d5452140529555595550d4857d465354d,685a6691ad699a66eda46fda76eda3685a06e9bb68da4691bb6e1af691bb69da1691bb6e1bb6e5a5,9d26d992649b6719b66c9ba719c2679ce6d9d2679ae719ce6e9c26a9be6d9ba719aa7099a6c9ce6a,1,"END_EVENT",000,00b,00c,4,3,1,0,3,00b,103,1,0,0,525515515d5014b52d4a5514d5214955d46521545595255d545214052d555595554155575515354d,0,00c,1,0,1,0,1,0,1,0,1,1
611,611,0,c0f02c0f02c0b02c0b02c0b02c0b02c0b02c0b02c0b02c0b06c1f4fd3b4ec2b02c0f02c0b02c0b02,521515515c5014852d4a55d405294e55d46521545595255d5452140529555595550d4857d465354d,685a6691ad699a66eda46fda76eda3685a06e9bb68da4691bb6e1af691bb69da1691bb6e1bb6e5a5,9d26d992649b6719b66c9ba719c2679ce6d9d2679ae719ce6e9c26a9be6d9ba719aa7099a6c9ce6a,1,"WAIT",000,00b,00c,4,3,1,0,3,00b,103,1,0,0,525515515d5014b52d4a5514d5214955d46521545595255d545214052d555595554155575515354d,0,00c,1,0,1,1,1,0,0,0,1,1
612,612,0,c0f02c0f02c0b02c0b02c0b02c0b02c0b02c0b02c0b02c0b06c1f4fd3b4ec2b02c0f02c0b02c0b02,521515515c5014852d4a55d405294e55d46521545595255d5452140529555595550d4857d465354d,685a6691ad699a66eda46fda76eda3685a06e9bb68da4691bb6e1af691bb69da1691bb6e1bb6e5a5,9d26d992649b6719b66c9ba719c2679ce6d9d2679ae719ce6e9c26a9be6d9ba719aa7099a6c9ce6a,1,"SEND_HEADER",000,00b,00c,4,3,1,0,3,00b,103,1,0,0,525515515d5014b52d4a5514d5214955d46521545595255d545214052d555595554155575515354d,0,00c,1,1,1,0,1,0,0,0,1,1
613,613,0,c0f02c0f02c0b02c0b02c0b02c0b02c0b02c0b02c0b02c0b06c1f4fd3b4ec2b02c0f02c0b02c0b02,521515515c5014852d4a55d405294e55d46521545595255d5452140529555595550d4857d465354d,685a6691ad699a66eda46fda76eda3685a06e9bb68da4691bb6e1af691bb69da1691bb6e1bb6e5a5,9d26d992649b6719b66c9ba719c2679ce6d9d2679ae719ce6e9c26a9be6d9ba719aa7099a6c9ce6a,1,"SENDING_EVENT",000,000,00c,0,4,1,1,2,000,104,0,0,0,525515515d5014b52d4a5514d5214955d46521545595255d545214052d555595554155575515354d,0,00c,1,0,0,0,1,0,1,0,1,1
614,614,0,c0f02c0f02c0b02c0b02c0b02c0b02c0b02c0b02c0b02c0b06c1f4fd3b4ec2b02c0f02c0b02c0b02,521515515c5014852d4a55d405294e55d46521545595255d5452140529555595550d4857d465354d,685a6691ad699a66eda46fda76eda3685a06e9bb68da4691bb6e1af691bb69da1691bb6e1bb6e5a5,9d26d992649b6719b66c9ba719c2679ce6d9d2679ae719ce6e9c26a9be6d9ba719aa7099a6c9ce6a,2,"SENDING_EVENT",000,001,00c,1,1,1,0,1,001,151,0,0,0,9d26d992649b6719b66c9ba719c2679ce6d9d2679ae719ce6e9c26a9be6d9ba719aa7099a6c9ce6a,4,00c,1,0,1,0,1,0,1,0,1,1
615,615,0,c0f02c0f02c0b02c0b02c0b02c0b02c0b02c0b02c0b02c0b06c1f4fd3b4ec2b02c0f02c0b02c0b02,521515515c5014852d4a55d405294e55d46521545595255d5452140529555595550d4857d465354d,685a6691ad699a66eda46fda76eda3685a06e9bb68da4691bb6e1af691bb69da1691bb6e1bb6e5a5,9d66d9d2649b6719b66c9ba719c2649c26d9d2649ae719ce6f9c26d9be6d9ba6e9ae719a66f9c26d,2,"SENDING_EVENT",000,002,00c,1,5,0,1,1,002,0b5,1,0,0,9d26d992649b6719b66c9ba719c2679ce6d9d2679ae719ce6e9c26a9be6d9ba719aa7099a6c9ce6a,0,00c,1,0,1,0,1,0,1,0,1,1
616,616,0,c0f02c0f02c0b02c0b02c0b02c0b02c0b02c0b02c0b02c0b06c1f4fd3b4ec2b02c0f02c0b02c0b02,521515515c5014852d4a55d405294e55d46521545595255d5452140529555595550d4857d465354d,685a6691ad699a66eda46fda76eda3685a06e9bb68da4691bb6e1af691bb69da1691bb6e1bb6e5a5,9d66d9d2649b6719b66c9ba719c2649c26d9d2649ae719ce6f9c26d9be6d9ba6e9ae719a66f9c26d,2,"SENDING_EVENT",000,003,00c,1,4,1,1,2,003,114,1,0,0,9d26d992649b6719b66c9ba719c2679ce6d9d2679ae719ce6e9c26a9be6d9ba719aa7099a6c9ce6a,0,00c,1,0,1,0,1,0,1,0,1,1
617,617,0,c0f02c0f02c0b02c0b02c0b02c0b02c0b02c0b02c0b02c0b06c1f4fd3b4ec2b02c0f02c0b02c0b02,521515515c5014852d4a55d405294e55d46521545595255d5452140529555595550d4857d465354d,685a6691ad699a66eda46fda76eda3685a06e9bb68da4691bb6e1af691bb69da1691bb6e1bb6e5a5,9d66d9d2649b6719b66c9ba719c2649c26d9d2649ae719ce6f9c26d9be6d9ba6e9ae719a66f9c26d,2,"SENDING_EVENT",000,004,00c,1,5,1,1,1,004,155,1,0,0,9d26d992649b6719b66c9ba719c2679ce6d9d2679ae719ce6e9c26a9be6d9ba719aa7099a6c9ce6a,0,00c,1,0,1,0,1,0,1,0,1,1
618,618,0,c0f02c0f02c0b02c0b02c0b02c0b02c0b02c0b02c0b02c0b06c1f4fd3b4ec2b02c0f02c0b02c0b02,521515515c5014852d4a55d405294e55d46521545595255d5452140529555595550d4857d465354d,685a6691ad699a66eda46fda76eda3685a06e9bb68da4691bb6e1af691bb69da1691bb6e1bb6e5a5,9d66d9d2649b6719b66c9ba719c2649c26d9d2649ae719ce6f9c26d9be6d9ba6e9ae719a66f9c26d,2,"SENDING_EVENT",000,005,00c,1,4,1,0,1,005,154,1,0,0,9d26d992649b6719b66c9ba719c2679ce6d9d2679ae719ce6e9c26a9be6d9ba719aa7099a6c9ce6a,0,00c,1,0,1,0,1,0,1,0,1,1
619,619,0,c0f02c0f02c0b02c0b02c0b02c0b02c0b02c0b02c0b02c0b06c1f4fd3b4ec2b02c0f02c0b02c0b02,521515515c5014852d4a55d405294e55d46521545595255d5452140529555595550d4857d465354d,685a6691ad699a66eda46fda76eda3685a06e9bb68da4691bb6e1af691bb69da1691bb6e1bb6e5a5,9d66d9d2649b6719b66c9ba719c2649c26d9d2649ae719ce6f9c26d9be6d9ba6e9ae719a66f9c26d,2,"SENDING_EVENT",000,006,00c,1,d,1,1,1,006,15d,1,0,0,9d26d992649b6719b66c9ba719c2679ce6d9d2679ae719ce6e9c26a9be6d9ba719aa7099a6c9ce6a,0,00c,1,0,1,0,1,0,1,0,1,1
620,620,0,c0f02c0f02c0b02c0b02c0b02c0b02c0b02c0b02c0b02c0b06c1f4fd3b4ec2b02c0f02c0b02c0b02,521515515c5014852d4a55d405294e55d46521545595255d5452140529555595550d4857d465354d,685a6691ad699a66eda46fda76eda3685a06e9bb68da4691bb6e1af691bb69da1691bb6e1bb6e5a5,9d66d9d2649b6719b66c9ba719c2649c26d9d2649ae719ce6f9c26d9be6d9ba6e9ae719a66f9c26d,2,"SENDING_EVENT",000,007,00c,1,5,0,0,1,007,005,1,0,0,9d26d992649b6719b66c9ba719c2679ce6d9d2679ae719ce6e9c26a9be6d9ba719aa7099a6c9ce6a,0,00c,1,0,1,0,1,0,1,0,1,1
621,621,0,c0f02c0f02c0b02c0b02c0b02c0b02c0b02c0b02c0b02c0b06c1f4fd3b4ec2b02c0f02c0b02c0b02,521515515c5014852d4a55d405294e55d46521545595255d5452140529555595550d4857d465354d,685a6691ad699a66eda46fda76eda3685a06e9bb68da4691bb6e1af691bb69da1691bb6e1bb6e5a5,9d66d9d2649b6719b66c9ba719c2649c26d9d2649ae719ce6f9c26d9be6d9ba6e9ae719a66f9c26d,2,"SENDING_EVENT",000,008,00c,1,5,1,1,2,008,195,1,0,0,9d26d992649b6719b66c9ba719c2679ce6d9d2679ae719ce6e9c26a9be6d9ba719aa7099a6c9ce6a,0,00c,1,0,1,0,1,0,1,0,1,1
622,622,0,c0f02c0f02c0b02c0b02c0b02c0b02c0b02c0b02c0b02c0b06c1f4fd3b4ec2b02c0f02c0b02c0b02,521515515c5014852d4a55d405294e55d46521545595255d5452140529555595550d4857d465354d,685a6691ad699a66eda46fda76eda3685a06e9bb68da4691bb6e1af691bb69da1691bb6e1bb6e5a5,9d66d9d2649b6719b66c9ba719c2649c26d9d2649ae719ce6f9c26d9be6d9ba6e9ae719a66f9c26d,2,"SENDING_EVENT",000,009,00c,1,7,1,1,1,009,157,1,0,0,9d26d992649b6719b66c9ba719c2679ce6d9d2679ae719ce6e9c26a9be6d9ba719aa7099a6c9ce6a,0,00c,1,0,1,0,1,0,1,0,1,1
623,623,0,c0f02c0f02c0b02c0b02c0b02c0b02c0b02c0b02c0b02c0b06c1f4fd3b4ec2b02c0f02c0b02c0b02,521515515c5014852d4a55d405294e55d46521545595255d5452140529555595550d4857d465354d,685a6691ad699a66eda46fda76eda3685a06e9bb68da4691bb6e1af691bb69da1691bb6e1bb6e5a5,9d66d9d2649b6719b66c9ba719c2649c26d9d2649ae719ce6f9c26d9be6d9ba6e9ae719a66f9c26d,2,"SEND_FOOTER",000,00a,00c,1,d,1,1,1,00a,14d,1,0,0,9d26d992649b6719b66c9ba719c2679ce6d9d2679ae719ce6e9c26a9be6d9ba719aa7099a6c9ce6a,0,00c,1,0,1,0,1,0,1,0,1,1
624,624,0,c0f02c0f02c0b02c0b02c0b02c0b02c0b02c0b02c0b02c0b06c1f4fd3b4ec2b02c0f02c0b02c0b02,521515515c5014852d4a55d405294e55d46521545595255d5452140529555595550d4857d465354d,685a6691ad699a66eda46fda76eda3685a06e9bb68da4691bb6e1af691bb69da1691bb6e1bb6e5a5,9d66d9d2649b6719b66c9ba719c2649c26d9d2649ae719ce6f9c26d9be6d9ba6e9ae719a66f9c26d,2,"END_EVENT",000,00b,00c,1,4,1,0,3,00b,104,1,0,0,9d26d992649b6719b66c9ba719c2679ce6d9d2679ae719ce6e9c26a9be6d9ba719aa7099a6c9ce6a,0,00c,1,0,1,0,1,0,1,0,1,1
625,625,0,c0f02c0f02c0b02c0b02c0b02c0b02c0b02c0b02c0b02c0b06c1f4fd3b4ec2b02c0f02c0b02c0b02,521515515c5014852d4a55d405294e55d46521545595255d5452140529555595550d4857d465354d,685a6691ad699a66eda46fda76eda3685a06e9bb68da4691bb6e1af691bb69da1691bb6e1bb6e5a5,9d66d9d2649b6719b66c9ba719c2649c26d9d2649ae719ce6f9c26d9be6d9ba6e9ae719a66f9c26d,2,"WAIT",000,00b,00c,1,4,1,0,3,00b,104,1,0,0,9d26d992649b6719b66c9ba719c2679ce6d9d2679ae719ce6e9c26a9be6d9ba719aa7099a6c9ce6a,0,00c,1,0,1,1,1,0,0,0,1,1
626,626,0,c0f02c0f02c0b02c0b02c0b02c0b02c0b02c0b02c0b02c0b06c1f4fd3b4ec2b02c0f02c0b02c0b02,521515515c5014852d4a55d405294e55d46521545595255d5452140529555595550d4857d465354d,685a6691ad699a66eda46fda76eda3685a06e9bb68da4691bb6e1af691bb69da1691bb6e1bb6e5a5,9d66d9d2649b6719b66c9ba719c2649c26d9d2649ae719ce6f9c26d9be6d9ba6e9ae719a66f9c26d,2,"SEND_HEADER",000,00b,00c,1,4,1,0,3,00b,104,1,0,0,9d26d992649b6719b66c9ba719c2679ce6d9d2679ae719ce6e9c26a9be6d9ba719aa7099a6c9ce6a,0,00c,1,1,1,0,1,0,0,0,1,1
627,627,0,c0f02c0f02c0b02c0b02c0b02c0b02c0b02c0b02c0b02c0b06c1f4fd3b4ec2b02c0f02c0b02c0b02,521515515c5014852d4a55d405294e55d46521545595255d5452140529555595550d4857d465354d,685a6691ad699a66eda46fda76eda3685a06e9bb68da4691bb6e1af691bb69da1691bb6e1bb6e5a5,9d66d9d2649b6719b66c9ba719c2649c26d9d2649ae719ce6f9c26d9be6d9ba6e9ae719a66f9c26d,2,"SENDING_EVENT",000,000,00c,1,1,2,1,2,000,001,0,0,0,9d26d992649b6719b66c9ba719c2679ce6d9d2679ae719ce6e9c26a9be6d9ba719aa7099a6c9ce6a,0,00c,1,0,0,0,1,0,1,0,1,1
628,628,0,c0f02c0f02c0b02c0b02c0b02c0b02c0b02c0b02c0b02c0b06c1f4fd3b4ec2b02c0f02c0b02c0b02,521515515c5014852d4a55d405294e55d46521545595255d5452140529555595550d4857d465354d,685a6691ad699a66eda46fda76eda3685a06e9bb68da4691bb6e1af691bb69da1691bb6e1bb6e5a5,9d66d9d2649b6719b66c9ba719c2649c26d9d2649ae719ce6f9c26d9be6d9ba6e9ae719a66f9c26d,2,"SENDING_EVENT",000,001,00c,2,2,1,1,1,001,192,0,0,0,9d66d9d2649b6719b66c9ba719c2649c26d9d2649ae719ce6f9c26d9be6d9ba6e9ae719a66f9c26d,4,00c,1,0,1,0,1,0,1,0,1,1
629,629,0,c0f02c0f02c0b02c0b02c0b02c0b02c0b02c0b02c0b02c0b06c1f4fd3b4ec2b02c0f02c0b02c0b02,521515515c5014852d4a55d405294e55d46521545595255d5452140529555595550d4857d465354d,685a6691ad699a66eda46fda76eda3685a06e9bb68da4691bb6e1af691bb69da1691bb6e1bb6e5a5,9d26d9d2649b6719b66c9c6719c2679c26c992679ae719ce6e9c26d9be6d9ba719ae709a66f9c26d,2,"SENDING_EVENT",000,002,00c,2,9,3,0,2,002,119,1,0,0,9d66d9d2649b6719b66c9ba719c2649c26d9d2649ae719ce6f9c26d9be6d9ba6e9ae719a66f9c26d,0,00c,1,0,1,0,1,0,1,0,1,1
630,630,0,c0f02c0f02c0b02c0b02c0b02c0b02c0b02c0b02c0b02c0b06c1f4fd3b4ec2b02c0f02c0b02c0b02,521515515c5014852d4a55d405294e55d46521545595255d5452140529555595550d4857d465354d,685a6691ad699a66eda46fda76eda3685a06e9bb68da4691bb6e1af691bb69da1691bb6e1bb6e5a5,9d26d9d2649b6719b66c9c6719c2679c26c992679ae719ce6e9c26d9be6d9ba719ae709a66f9c26d,2,"SENDING_EVENT",000,003,00c,2,7,3,0,3,003,1a7,1,0,0,9d66d9d2649b6719b66c9ba719c2649c26d9d2649ae719ce6f9c26d9be6d9ba6e9ae719a66f9c26d,0,00c,1,0,1,0,1,0,1,0,1,1
631,631,0,c0f02c0f02c0b02c0b02c0b02c0b02c0b02c0b02c0b02c0b06c1f4fd3b4ec2b02c0f02c0b02c0b02,521515515c5014852d4a55d405294e55d46521545595255d5452140529555595550d4857d465354d,685a6691ad699a66eda46fda76eda3685a06e9bb68da4691bb6e1af691bb69da1691bb6e1bb6e5a5,9d26d9d2649b6719b66c9c6719c2679c26c992679ae719ce6e9c26d9be6d9ba719ae709a66f9c26d,2,"SENDING_EVENT",000,004,00c,2,c,3,1,1,004,19c,1,0,0,9d66d9d2649b6719b66c9ba719c2649c26d9d2649ae719ce6f9c26d9be6d9ba6e9ae719a66f9c26d,0,00c,1,0,1,0,1,0,1,0,1,1
632,632,0,c0f02c0f02c0b02c0b02c0b02c0b02c0b02c0b02c0b02c0b06c1f4fd3b4ec2b02c0f02c0b02c0b02,521515515c5014852d4a55d405294e55d46521545595255d5452140529555595550d4857d465354d,685a6691ad699a66eda46fda76eda3685a06e9bb68da4691bb6e1af691bb69da1691bb6e1bb6e5a5,9d26d9d2649b6719b66c9c6719c2679c26c992679ae719ce6e9c26d9be6d9ba719ae709a66f9c26d,2,"SENDING_EVENT",000,005,00c,2,7,2,0,2,005,067,1,0,0,9d66d9d2649b6719b66c9ba719c2649c26d9d2649ae719ce6f9c26d9be6d9ba6e9ae719a66f9c26d,0,00c,1,0,1,0,1,0,1,0,1,1
633,633,0,c0f02c0f02c0b02c0b02c0b02c0b02c0b02c0b02c0b02c0b06c1f4fd3b4ec2b02c0f02c0b02c0b02,521515515c5014852d4a55d405294e55d46521545595255d5452140529555595550d4857d465354d,685a6691ad699a66eda46fda76eda3685a06e9bb68da4691bb6e1af691bb69da1691bb6e1bb6e5a5,9d26d9d2649b6719b66c9c6719c2679c26c992679ae719ce6e9c26d9be6d9ba719ae709a66f9c26d,2,"SENDING_EVENT",000,006,00c,2,e,1,0,1,006,1ce,1,0,0,9d66d9d2649b6719b66c9ba719c2649c26d9d2649ae719ce6f9c26d9be6d9ba6e9ae719a66f9c26d,0,00c,1,0,1,0,1,0,1,0,1,1
634,634,0,c0f02c0f02c0b02c0b02c0b02c0b02c0b02c0b02c0b02c0b06c1f4fd3b4ec2b02c0f02c0b02c0b02,521515515c5014852d4a55d405294e55d46521545595255d5452140529555595550d4857d465354d,685a6691ad699a66eda46fda76eda3685a06e9bb68da4691bb6e1af691bb69da1691bb6e1bb6e5a5,9d26d9d2649b6719b66c9c6719c2679c26c992679ae719ce6e9c26d9be6d9ba719ae709a66f9c26d,2,"SENDING_EVENT",000,007,00c,2,9,2,0,2,007,0a9,1,0,0,9d66d9d2649b6719b66c9ba719c2649c26d9d2649ae719ce6f9c26d9be6d9ba6e9ae719a66f9c26d,0,00c,1,0,1,0,1,0,1,0,1,1
635,635,0,c0f02c0f02c0b02c0b02c0b02c0b02c0b02c0b02c0b02c0b06c1f4fd3b4ec2b02c0f02c0b02c0b02,521515515c5014852d4a55d405294e55d46521545595255d5452140529555595550d4857d465354d,685a6691ad699a66eda46fda76eda3685a06e9bb68da4691bb6e1af691bb69da1691bb6e1bb6e5a5,9d26d9d2649b6719b66c9c6719c2679c26c992679ae719ce6e9c26d9be6d9ba719ae709a66f9c26d,2,"SENDING_EVENT",000,008,00c,2,7,3,0,3,008,1a7,1,0,0,9d66d9d2649b6719b66c9ba719c2649c26d9d2649ae719ce6f9c26d9be6d9ba6e9ae719a66f9c26d,0,00c,1,0,1,0,1,0,1,0,1,1
636,636,0,c0f02c0f02c0b02c0b02c0b02c0b02c0b02c0b02c0b02c0b06c1f4fd3b4ec2b02c0f02c0b02c0b02,521515515c5014852d4a55d405294e55d46521545595255d5452140529555595550d4857d465354d,685a6691ad699a66eda46fda76eda3685a06e9bb68da4691bb6e1af691bb69da1691bb6e1bb6e5a5,9d26d9d2649b6719b66c9c6719c2679c26c992679ae719ce6e9c26d9be6d9ba719ae709a66f9c26d,2,"SENDING_EVENT",000,009,00c,2,9,0,1,1,009,099,1,0,0,9d66d9d2649b6719b66c9ba719c2649c26d9d2649ae719ce6f9c26d9be6d9ba6e9ae719a66f9c26d,0,00c,1,0,1,0,1,0,1,0,1,1
637,637,0,c0f02c0f02c0b02c0b02c0b02c0b02c0b02c0b02c0b02c0b06c1f4fd3b4ec2b02c0f02c0b02c0b02,521515515c5014852d4a55d405294e55d46521545595255d5452140529555595550d4857d465354d,685a6691ad699a66eda46fda76eda3685a06e9bb68da4691bb6e1af691bb69da1691bb6e1bb6e5a5,9d26d9d2649b6719b66c9c6719c2679c26c992679ae719ce6e9c26d9be6d9ba719ae709a66f9c26d,2,"SEND_FOOTER",000,00a,00c,2,a,2,0,2,00a,06a,1,0,0,9d66d9d2649b6719b66c9ba719c2649c26d9d2649ae719ce6f9c26d9be6d9ba6e9ae719a66f9c26d,0,00c,1,0,1,0,1,0,1,0,1,1
638,638,0,c0f02c0f02c0b02c0b02c0b02c0b02c0b02c0b02c0b02c0b06c1f4fd3b4ec2b02c0f02c0b02c0b02,521515515c5014852d4a55d405294e55d46521545595255d5452140529555595550d4857d465354d,685a6691ad699a66eda46fda76eda3685a06e9bb68da4691bb6e1af691bb69da1691bb6e1bb6e5a5,9d26d9d2649b6719b66c9c6719c2679c26c992679ae719ce6e9c26d9be6d9ba719ae709a66f9c26d,2,"END_EVENT",000,00b,00c,2,1,2,0,3,00b,001,1,0,0,9d66d9d2649b6719b66c9ba719c2649c26d9d2649ae719ce6f9c26d9be6d9ba6e9ae719a66f9c26d,0,00c,1,0,1,0,1,0,1,0,1,1
639,639,0,c0f02c0f02c0b02c0b02c0b02c0b02c0b02c0b02c0b02c0b06c1f4fd3b4ec2b02c0f02c0b02c0b02,521515515c5014852d4a55d405294e55d46521545595255d5452140529555595550d4857d465354d,685a6691ad699a66eda46fda76eda3685a06e9bb68da4691bb6e1af691bb69da1691bb6e1bb6e5a5,9d26d9d2649b6719b66c9c6719c2679c26c992679ae719ce6e9c26d9be6d9ba719ae709a66f9c26d,2,"WAIT",000,00b,00c,2,1,2,0,3,00b,001,1,0,0,9d66d9d2649b6719b66c9ba719c2649c26d9d2649ae719ce6f9c26d9be6d9ba6e9ae719a66f9c26d,0,00c,1,0,1,1,1,0,0,0,1,1
640,640,0,c0f02c0f02c0b02c0b02c0b02c0b02c0b02c0b02c0b02c0b06c1f4fd3b4ec2b02c0f02c0b02c0b02,521515515c5014852d4a55d405294e55d46521545595255d5452140529555595550d4857d465354d,685a6691ad699a66eda46fda76eda3685a06e9bb68da4691bb6e1af691bb69da1691bb6e1bb6e5a5,9d26d9d2649b6719b66c9c6719c2679c26c992679ae719ce6e9c26d9be6d9ba719ae709a66f9c26d,2,"SEND_HEADER",000,00b,00c,2,1,2,0,3,00b,001,1,0,0,9d66d9d2649b6719b66c9ba719c2649c26d9d2649ae719ce6f9c26d9be6d9ba6e9ae719a66f9c26d,0,00c,1,1,1,0,1,0,0,0,1,1
641,641,0,c0f02c0f02c0b02c0b02c0b02c0b02c0b02c0b02c0b02c0b06c1f4fd3b4ec2b02c0f02c0b02c0b02,521515515c5014852d4a55d405294e55d46521545595255d5452140529555595550d4857d465354d,685a6691ad699a66eda46fda76eda3685a06e9bb68da4691bb6e1af691bb69da1691bb6e1bb6e5a5,9d26d9d2649b6719b66c9c6719c2679c26c992679ae719ce6e9c26d9be6d9ba719ae709a66f9c26d,2,"SENDING_EVENT",000,000,00c,2,2,2,1,2,000,002,0,0,0,9d66d9d2649b6719b66c9ba719c2649c26d9d2649ae719ce6f9c26d9be6d9ba6e9ae719a66f9c26d,0,00c,1,0,0,0,1,0,1,0,1,1
642,642,0,c0f02c0f02c0b02c0b02c0b02c0b02c0b02c0b02c0b02c0b06c1f4fd3b4ec2b02c0f02c0b02c0b02,521515515c5014852d4a55d405294e55d46521545595255d5452140529555595550d4857d465354d,685a6691ad699a66eda46fda76eda3685a06e9bb68da4691bb6e1af691bb69da1691bb6e1bb6e5a5,9d26d9d2649b6719b66c9c6719c2679c26c992679ae719ce6e9c26d9be6d9ba719ae709a66f9c26d,2,"SENDING_EVENT",000,001,00c,3,2,1,1,1,001,1d2,0,0,0,9d26d9d2649b6719b66c9c6719c2679c26c992679ae719ce6e9c26d9be6d9ba719ae709a66f9c26d,4,00c,1,0,1,0,1,0,1,0,1,1
643,643,0,c0f02c0f02c0b02c0b02c0b02c0b02c0b02c0b02c0b02c0b06c1f4fd3b4ec2b02c0f02c0b02c0b02,521515515c5014852d4a55d405294e55d46521545595255d5452140529555595550d4857d465354d,685a6691ad699a66eda46fda76eda3685a06e9bb68da4691bb6e1af691bb69da1691bb6e1bb6e5a5,9d26d9d2649b6719b66f9c6719ce649c26d9de649ae719ce6e9c26a9ba6d9ba6e9ae709a66c9c26a,2,"SENDING_EVENT",000,002,00c,3,9,3,0,2,002,119,1,0,0,9d26d9d2649b6719b66c9c6719c2679c26c992679ae719ce6e9c26d9be6d9ba719ae709a66f9c26d,0,00c,1,0,1,0,1,0,1,0,1,1
644,644,0,c0f02c0f02c0b02c0b02c0b02c0b02c0b02c0b02c0b02c0b06c1f4fd3b4ec2b02c0f02c0b02c0b02,521515515c5014852d4a55d405294e55d46521545595255d5452140529555595550d4857d465354d,685a6691ad699a66eda46fda76eda3685a06e9bb68da4691bb6e1af691bb69da1691bb6e1bb6e5a5,9d26d9d2649b6719b66f9c6719ce649c26d9de649ae719ce6e9c26a9ba6d9ba6e9ae709a66c9c26a,2,"SENDING_EVENT",000,003,00c,3,7,3,0,3,003,1a7,1,0,0,9d26d9d2649b6719b66c9c6719c2679c26c992679ae719ce6e9c26d9be6d9ba719ae709a66f9c26d,0,00c,1,0,1,0,1,0,1,0,1,1
645,645,0,c0f02c0f02c0b02c0b02c0b02c0b02c0b02c0b02c0b02c0b06c1f4fd3b4ec2b02c0f02c0b02c0b02,521515515c5014852d4a55d405294e55d46521545595255d5452140529555595550d4857d465354d,685a6691ad699a66eda46fda76eda3685a06e9bb68da4691bb6e1af691bb69da1691bb6e1bb6e5a5,9d26d9d2649b6719b66f9c6719ce649c26d9de649ae719ce6e9c26a9ba6d9ba6e9ae709a66c9c26a,2,"SENDING_EVENT",000,004,00c,3,c,0,1,1,004,09c,1,0,0,9d26d9d2649b6719b66c9c6719c2679c26c992679ae719ce6e9c26d9be6d9ba719ae709a66f9c26d,0,00c,1,0,1,0,1,0,1,0,1,1
646,646,0,c0f02c0f02c0b02c0b02c0b02c0b02c0b02c0b02c0b02c0b06c1f4fd3b4ec2b02c0f02c0b02c0b02,521515515c5014852d4a55d405294e55d46521545595255d5452140529555595550d4857d465354d,685a6691ad699a66eda46fda76eda3685a06e9bb68da4691bb6e1af691bb69da1691bb6e1bb6e5a5,9d26d9d2649b6719b66f9c6719ce649c26d9de649ae719ce6e9c26a9ba6d9ba6e9ae709a66c9c26a,2,"SENDING_EVENT",000,005,00c,3,4,2,0,2,005,064,1,0,0,9d26d9d2649b6719b66c9c6719c2679c26c992679ae719ce6e9c26d9be6d9ba719ae709a66f9c26d,0,00c,1,0,1,0,1,0,1,0,1,1
647,647,0,c0f02c0f02c0b02c0b02c0b02c0b02c0b02c0b02c0b02c0b06c1f4fd3b4ec2b02c0f02c0b02c0b02,521515515c5014852d4a55d405294e55d46521545595255d5452140529555595550d4857d465354d,685a6691ad699a66eda46fda76eda3685a06e9bb68da4691bb6e1af691bb69da1691bb6e1bb6e5a5,9d26d9d2649b6719b66f9c6719ce649c26d9de649ae719ce6e9c26a9ba6d9ba6e9ae709a66c9c26a,2,"SENDING_EVENT",000,006,00c,3,e,1,0,1,006,1ce,1,0,0,9d26d9d2649b6719b66c9c6719c2679c26c992679ae719ce6e9c26d9be6d9ba719ae709a66f9c26d,0,00c,1,0,1,0,1,0,1,0,1,1
648,648,0,c0f02c0f02c0b02c0b02c0b02c0b02c0b02c0b02c0b02c0b06c1f4fd3b4ec2b02c0f02c0b02c0b02,521515515c5014852d4a55d405294e55d46521545595255d5452140529555595550d4857d465354d,685a6691ad699a66eda46fda76eda3685a06e9bb68da4691bb6e1af691bb69da1691bb6e1bb6e5a5,9d26d9d2649b6719b66f9c6719ce649c26d9de649ae719ce6e9c26a9ba6d9ba6e9ae709a66c9c26a,2,"SENDING_EVENT",000,007,00c,3,9,2,1,2,007,0d9,1,0,0,9d26d9d2649b6719b66c9c6719c2679c26c992679ae719ce6e9c26d9be6d9ba719ae709a66f9c26d,0,00c,1,0,1,0,1,0,1,0,1,1
649,649,0,c0f02c0f02c0b02c0b02c0b02c0b02c0b02c0b02c0b02c0b06c1f4fd3b4ec2b02c0f02c0b02c0b02,521515515c5014852d4a55d405294e55d46521545595255d5452140529555595550d4857d465354d,685a6691ad699a66eda46fda76eda3685a06e9bb68da4691bb6e1af691bb69da1691bb6e1bb6e5a5,9d26d9d2649b6719b66f9c6719ce649c26d9de649ae719ce6e9c26a9ba6d9ba6e9ae709a66c9c26a,2,"SENDING_EVENT",000,008,00c,3,6,3,0,3,008,1a6,1,0,0,9d26d9d2649b6719b66c9c6719c2679c26c992679ae719ce6e9c26d9be6d9ba719ae709a66f9c26d,0,00c,1,0,1,0,1,0,1,0,1,1
650,650,0,c0f02c0f02c0b02c0b02c0b02c0b02c0b02c0b02c0b02c0b06c1f4fd3b4ec2b02c0f02c0b02c0b02,521515515c5014852d4a55d405294e55d46521545595255d5452140529555595550d4857d465354d,685a6691ad699a66eda46fda76eda3685a06e9bb68da4691bb6e1af691bb69da1691bb6e1bb6e5a5,9d26d9d2649b6719b66f9c6719ce649c26d9de649ae719ce6e9c26a9ba6d9ba6e9ae709a66c9c26a,2,"SENDING_EVENT",000,009,00c,3,a,1,1,2,009,19a,1,0,0,9d26d9d2649b6719b66c9c6719c2679c26c992679ae719ce6e9c26d9be6d9ba719ae709a66f9c26d,0,00c,1,0,1,0,1,0,1,0,1,1
651,651,0,c0f02c0f02c0b02c0b02c0b02c0b02c0b02c0b02c0b02c0b06c1f4fd3b4ec2b02c0f02c0b02c0b02,521515515c5014852d4a55d405294e55d46521545595255d5452140529555595550d4857d465354d,685a6691ad699a66eda46fda76eda3685a06e9bb68da4691bb6e1af691bb69da1691bb6e1bb6e5a5,9d26d9d2649b6719b66f9c6719ce649c26d9de649ae719ce6e9c26a9ba6d9ba6e9ae709a66c9c26a,2,"SEND_FOOTER",000,00a,00c,3,d,2,0,2,00a,06d,1,0,0,9d26d9d2649b6719b66c9c6719c2679c26c992679ae719ce6e9c26d9be6d9ba719ae709a66f9c26d,0,00c,1,0,1,0,1,0,1,0,1,1
652,652,0,c0f02c0f02c0b02c0b02c0b02c0b02c0b02c0b02c0b02c0b06c1f4fd3b4ec2b02c0f02c0b02c0b02,521515515c5014852d4a55d405294e55d46521545595255d5452140529555595550d4857d465354d,685a6691ad699a66eda46fda76eda3685a06e9bb68da4691bb6e1af691bb69da1691bb6e1bb6e5a5,9d26d9d2649b6719b66f9c6719ce649c26d9de649ae719ce6e9c26a9ba6d9ba6e9ae709a66c9c26a,2,"END_EVENT",000,00b,00c,3,2,2,0,3,00b,002,1,0,0,9d26d9d2649b6719b66c9c6719c2679c26c992679ae719ce6e9c26d9be6d9ba719ae709a66f9c26d,0,00c,1,0,1,0,1,0,1,0,1,1
653,653,0,c0f02c0f02c0b02c0b02c0b02c0b02c0b02c0b02c0b02c0b06c1f4fd3b4ec2b02c0f02c0b02c0b02,521515515c5014852d4a55d405294e55d46521545595255d5452140529555595550d4857d465354d,685a6691ad699a66eda46fda76eda3685a06e9bb68da4691bb6e1af691bb69da1691bb6e1bb6e5a5,9d26d9d2649b6719b66f9c6719ce649c26d9de649ae719ce6e9c26a9ba6d9ba6e9ae709a66c9c26a,2,"WAIT",000,00b,00c,3,2,2,0,3,00b,002,1,0,0,9d26d9d2649b6719b66c9c6719c2679c26c992679ae719ce6e9c26d9be6d9ba719ae709a66f9c26d,0,00c,1,0,1,1,1,0,0,0,1,1
654,654,0,c0f02c0f02c0b02c0b02c0b02c0b02c0b02c0b02c0b02c0b06c1f4fd3b4ec2b02c0f02c0b02c0b02,521515515c5014852d4a55d405294e55d46521545595255d5452140529555595550d4857d465354d,685a6691ad699a66eda46fda76eda3685a06e9bb68da4691bb6e1af691bb69da1691bb6e1bb6e5a5,9d26d9d2649b6719b66f9c6719ce649c26d9de649ae719ce6e9c26a9ba6d9ba6e9ae709a66c9c26a,2,"SEND_HEADER",000,00b,00c,3,2,2,0,3,00b,002,1,0,0,9d26d9d2649b6719b66c9c6719c2679c26c992679ae719ce6e9c26d9be6d9ba719ae709a66f9c26d,0,00c,1,1,1,0,1,0,0,0,1,1
655,655,0,c0f02c0f02c0b02c0b02c0b02c0b02c0b02c0b02c0b02c0b06c1f4fd3b4ec2b02c0f02c0b02c0b02,521515515c5014852d4a55d405294e55d46521545595255d5452140529555595550d4857d465354d,685a6691ad699a66eda46fda76eda3685a06e9bb68da4691bb6e1af691bb69da1691bb6e1bb6e5a5,9d26d9d2649b6719b66f9c6719ce649c26d9de649ae719ce6e9c26a9ba6d9ba6e9ae709a66c9c26a,2,"SENDING_EVENT",000,000,00c,3,3,2,1,2,000,003,0,0,0,9d26d9d2649b6719b66c9c6719c2679c26c992679ae719ce6e9c26d9be6d9ba719ae709a66f9c26d,0,00c,1,0,0,0,1,0,1,0,1,1
656,656,0,c0f02c0f02c0b02c0b02c0b02c0b02c0b02c0b02c0b02c0b06c1f4fd3b4ec2b02c0f02c0b02c0b02,521515515c5014852d4a55d405294e55d46521545595255d5452140529555595550d4857d465354d,685a6691ad699a66eda46fda76eda3685a06e9bb68da4691bb6e1af691bb69da1691bb6e1bb6e5a5,9d26d9d2649b6719b66f9c6719ce649c26d9de649ae719ce6e9c26a9ba6d9ba6e9ae709a66c9c26a,2,"SENDING_EVENT",000,001,00c,4,2,1,1,1,001,1d2,0,0,0,9d26d9d2649b6719b66f9c6719ce649c26d9de649ae719ce6e9c26a9ba6d9ba6e9ae709a66c9c26a,4,00c,1,0,1,0,1,0,1,0,1,1
657,657,0,c0f02c0f02c0b02c0b02c0b02c0b02c0b02c0b02c0b02c0b06c1f4fd3b4ec2b02c0f02c0b02c0b02,521515515c5014852d4a55d405294e55d46521545595255d5452140529555595550d4857d465354d,685a6691ad699a66eda46fda76eda3685a06e9bb68da4691bb6e1af691bb69da1691bb6e1bb6e5a5,9d66d9d2649b66e9b66c9c6719c2679c26c9d2679ae719ce6e9c66d9be6a9ba6e9ae709a66c9ce6d,2,"SENDING_EVENT",000,002,00c,4,9,3,0,2,002,119,1,0,0,9d26d9d2649b6719b66f9c6719ce649c26d9de649ae719ce6e9c26a9ba6d9ba6e9ae709a66c9c26a,0,00c,1,0,1,0,1,0,1,0,1,1
658,658,0,c0f02c0f02c0b02c0b02c0b02c0b02c0b02c0b02c0b02c0b06c1f4fd3b4ec2b02c0f02c0b02c0b02,521515515c5014852d4a55d405294e55d46521545595255d5452140529555595550d4857d465354d,685a6691ad699a66eda46fda76eda3685a06e9bb68da4691bb6e1af691bb69da1691bb6e1bb6e5a5,9d66d9d2649b66e9b66c9c6719c2679c26c9d2679ae719ce6e9c66d9be6a9ba6e9ae709a66c9ce6d,2,"SENDING_EVENT",000,003,00c,4,7,0,0,3,003,067,1,0,0,9d26d9d2649b6719b66f9c6719ce649c26d9de649ae719ce6e9c26a9ba6d9ba6e9ae709a66c9c26a,0,00c,1,0,1,0,1,0,1,0,1,1
659,659,0,c0f02c0f02c0b02c0b02c0b02c0b02c0b02c0b02c0b02c0b06c1f4fd3b4ec2b02c0f02c0b02c0b02,521515515c5014852d4a55d405294e55d46521545595255d5452140529555595550d4857d465354d,685a6691ad699a66eda46fda76eda3685a06e9bb68da4691bb6e1af691bb69da1691bb6e1bb6e5a5,9d66d9d2649b66e9b66c9c6719c2679c26c9d2679ae719ce6e9c66d9be6a9ba6e9ae709a66c9ce6d,2,"SENDING_EVENT",000,004,00c,4,c,3,1,1,004,19c,1,0,0,9d26d9d2649b6719b66f9c6719ce649c26d9de649ae719ce6e9c26a9ba6d9ba6e9ae709a66c9c26a,0,00c,1,0,1,0,1,0,1,0,1,1
660,660,0,c0f02c0f02c0b02c0b02c0b02c0b02c0b02c0b02c0b02c0b06c1f4fd3b4ec2b02c0f02c0b02c0b02,521515515c5014852d4a55d405294e55d46521545595255d5452140529555595550d4857d465354d,685a6691ad699a66eda46fda76eda3685a06e9bb68da4691bb6e1af691bb69da1691bb6e1bb6e5a5,9d66d9d2649b66e9b66c9c6719c2679c26c9d2679ae719ce6e9c66d9be6a9ba6e9ae709a66c9ce6d,2,"SENDING_EVENT",000,005,00c,4,7,2,0,2,005,067,1,0,0,9d26d9d2649b6719b66f9c6719ce649c26d9de649ae719ce6e9c26a9ba6d9ba6e9ae709a66c9c26a,0,00c,1,0,1,0,1,0,1,0,1,1
661,661,0,c0f02c0f02c0b02c0b02c0b02c0b02c0b02c0b02c0b02c0b06c1f4fd3b4ec2b02c0f02c0b02c0b02,521515515c5014852d4a55d405294e55d46521545595255d5452140529555595550d4857d465354d,685a6691ad699a66eda46fda76eda3685a06e9bb68da4691bb6e1af691bb69da1691bb6e1bb6e5a5,9d66d9d2649b66e9b66c9c6719c2679c26c9d2679ae719ce6e9c66d9be6a9ba6e9ae709a66c9ce6d,2,"SENDING_EVENT",000,006,00c,4,e,1,0,1,006,1ce,1,0,0,9d26d9d2649b6719b66f9c6719ce649c26d9de649ae719ce6e9c26a9ba6d9ba6e9ae709a66c9c26a,0,00c,1,0,1,0,1,0,1,0,1,1
662,662,0,c0f02c0f02c0b02c0b02c0b02c0b02c0b02c0b02c0b02c0b06c1f4fd3b4ec2b02c0f02c0b02c0b02,521515515c5014852d4a55d405294e55d46521545595255d5452140529555595550d4857d465354d,685a6691ad699a66eda46fda76eda3685a06e9bb68da4691bb6e1af691bb69da1691bb6e1bb6e5a5,9d66d9d2649b66e9b66c9c6719c2679c26c9d2679ae719ce6e9c66d9be6a9ba6e9ae709a66c9ce6d,2,"SENDING_EVENT",000,007,00c,4,9,2,0,2,007,0d9,1,0,0,9d26d9d2649b6719b66f9c6719ce649c26d9de649ae719ce6e9c26a9ba6d9ba6e9ae709a66c9c26a,0,00c,1,0,1,0,1,0,1,0,1,1
663,663,0,c0f02c0f02c0b02c0b02c0b02c0b02c0b02c0b02c0b02c0b06c1f4fd3b4ec2b02c0f02c0b02c0b02,521515515c5014852d4a55d405294e55d46521545595255d5452140529555595550d4857d465354d,685a6691ad699a66eda46fda76eda3685a06e9bb68da4691bb6e1af691bb69da1691bb6e1bb6e5a5,9d66d9d2649b66e9b66c9c6719c2679c26c9d2679ae719ce6e9c66d9be6a9ba6e9ae709a66c9ce6d,2,"SENDING_EVENT",000,008,00c,4,7,3,0,3,008,1a7,1,0,0,9d26d9d2649b6719b66f9c6719ce649c26d9de649ae719ce6e9c26a9ba6d9ba6e9ae709a66c9c26a,0,00c,1,0,1,0,1,0,1,0,1,1
664,664,0,c0f02c0f02c0b02c0b02c0b02c0b02c0b02c0b02c0b02c0b06c1f4fd3b4ec2b02c0f02c0b02c0b02,521515515c5014852d4a55d405294e55d46521545595255d5452140529555595550d4857d465354d,685a6691ad699a66eda46fda76eda3685a06e9bb68da4691bb6e1af691bb69da1691bb6e1bb6e5a5,9d66d9d2649b66e9b66c9c6719c2679c26c9d2679ae719ce6e9c66d9be6a9ba6e9ae709a66c9ce6d,2,"SENDING_EVENT",000,009,00c,4,a,0,1,1,009,09a,1,0,0,9d26d9d2649b6719b66f9c6719ce649c26d9de649ae719ce6e9c26a9ba6d9ba6e9ae709a66c9c26a,0,00c,1,0,1,0,1,0,1,0,1,1
665,665,0,c0f02c0f02c0b02c0b02c0b02c0b02c0b02c0b02c0b02c0b06c1f4fd3b4ec2b02c0f02c0b02c0b02,521515515c5014852d4a55d405294e55d46521545595255d5452140529555595550d4857d465354d,685a6691ad699a66eda46fda76eda3685a06e9bb68da4691bb6e1af691bb69da1691bb6e1bb6e5a5,9d66d9d2649b66e9b66c9c6719c2679c26c9d2679ae719ce6e9c66d9be6a9ba6e9ae709a66c9ce6d,2,"SEND_FOOTER",000,00a,00c,4,d,2,0,2,00a,06d,1,0,0,9d26d9d2649b6719b66f9c6719ce649c26d9de649ae719ce6e9c26a9ba6d9ba6e9ae709a66c9c26a,0,00c,1,0,1,0,1,0,1,0,1,1
666,666,0,c0f02c0f02c0b02c0b02c0b02c0b02c0b02c0b02c0b02c0b06c1f4fd3b4ec2b02c0f02c0b02c0b02,521515515c5014852d4a55d405294e55d46521545595255d5452140529555595550d4857d465354d,685a6691ad699a66eda46fda76eda3685a06e9bb68da4691bb6e1af691bb69da1691bb6e1bb6e5a5,9d66d9d2649b66e9b66c9c6719c2679c26c9d2679ae719ce6e9c66d9be6a9ba6e9ae709a66c9ce6d,2,"END_EVENT",000,00b,00c,4,3,2,0,3,00b,003,1,0,0,9d26d9d2649b6719b66f9c6719ce649c26d9de649ae719ce6e9c26a9ba6d9ba6e9ae709a66c9c26a,0,00c,1,0,1,0,1,0,1,0,1,1
667,667,0,c0f02c0f02c0b02c0b02c0b02c0b02c0b02c0b02c0b02c0b06c1f4fd3b4ec2b02c0f02c0b02c0b02,521515515c5014852d4a55d405294e55d46521545595255d5452140529555595550d4857d465354d,685a6691ad699a66eda46fda76eda3685a06e9bb68da4691bb6e1af691bb69da1691bb6e1bb6e5a5,9d66d9d2649b66e9b66c9c6719c2679c26c9d2679ae719ce6e9c66d9be6a9ba6e9ae709a66c9ce6d,2,"WAIT",000,00b,00c,4,3,2,0,3,00b,003,1,0,0,9d26d9d2649b6719b66f9c6719ce649c26d9de649ae719ce6e9c26a9ba6d9ba6e9ae709a66c9c26a,0,00c,1,0,1,1,1,0,0,0,1,1
668,668,0,c0f02c0f02c0b02c0b02c0b02c0b02c0b02c0b02c0b02c0b06c1f4fd3b4ec2b02c0f02c0b02c0b02,521515515c5014852d4a55d405294e55d46521545595255d5452140529555595550d4857d465354d,685a6691ad699a66eda46fda76eda3685a06e9bb68da4691bb6e1af691bb69da1691bb6e1bb6e5a5,9d66d9d2649b66e9b66c9c6719c2679c26c9d2679ae719ce6e9c66d9be6a9ba6e9ae709a66c9ce6d,2,"SEND_HEADER",000,00b,00c,4,3,2,0,3,00b,003,1,0,0,9d26d9d2649b6719b66f9c6719ce649c26d9de649ae719ce6e9c26a9ba6d9ba6e9ae709a66c9c26a,0,00c,1,1,1,0,1,0,0,0,1,1
669,669,0,c0f02c0f02c0b02c0b02c0b02c0b02c0b02c0b02c0b02c0b06c1f4fd3b4ec2b02c0f02c0b02c0b02,521515515c5014852d4a55d405294e55d46521545595255d5452140529555595550d4857d465354d,685a6691ad699a66eda46fda76eda3685a06e9bb68da4691bb6e1af691bb69da1691bb6e1bb6e5a5,9d66d9d2649b66e9b66c9c6719c2679c26c9d2679ae719ce6e9c66d9be6a9ba6e9ae709a66c9ce6d,2,"SENDING_EVENT",000,000,00c,0,4,2,1,2,000,004,0,0,0,9d26d9d2649b6719b66f9c6719ce649c26d9de649ae719ce6e9c26a9ba6d9ba6e9ae709a66c9c26a,0,00c,1,0,0,0,1,0,1,0,1,1
670,670,0,c0f02c0f02c0b02c0b02c0b02c0b02c0b02c0b02c0b02c0b06c1f4fd3b4ec2b02c0f02c0b02c0b02,521515515c5014852d4a55d405294e55d46521545595255d5452140529555595550d4857d465354d,685a6691ad699a66eda46fda76eda3685a06e9bb68da4691bb6e1af691bb69da1691bb6e1bb6e5a5,9d66d9d2649b66e9b66c9c6719c2679c26c9d2679ae719ce6e9c66d9be6a9ba6e9ae709a66c9ce6d,3,"SENDING_EVENT",000,001,00c,1,2,1,1,1,001,1d2,0,0,0,685a6691ad699a66eda46fda76eda3685a06e9bb68da4691bb6e1af691bb69da1691bb6e1bb6e5a5,8,00c,1,0,1,0,1,0,1,0,1,1
671,671,0,c0f02c0f02c0b02c0b02c0b02c0b02c0b02c0b02c0b02c0b06c1f4fd3b4ec2b02c0f02c0b02c0b02,521515515c5014852d4a55d405294e55d46521545595255d5452140529555595550d4857d465354d,685a669dad699a16eda46fda76e9a3685a06e9bb681a7695b86e1ac695be691a1695be6e5bb6e5a5,9d66d9d2649b66e9b66c9c6719c2679c26c9d2679ae719ce6e9c66d9be6a9ba6e9ae709a66c9ce6d,3,"SENDING_EVENT",000,002,00c,1,9,3,0,2,002,119,0,0,0,685a6691ad699a66eda46fda76eda3685a06e9bb68da4691bb6e1af691bb69da1691bb6e1bb6e5a5,0,00c,1,0,1,0,1,0,1,0,1,1
672,672,0,c0f02c0f02c0b02c0b02c0b02c0b02c0b02c0b02c0b02c0b06c1f4fd3b4ec2b02c0f02c0b02c0b02,521515515c5014852d4a55d405294e55d46521545595255d5452140529555595550d4857d465354d,685a669dad699a16eda46fda76e9a3685a06e9bb681a7695b86e1ac695be691a1695be6e5bb6e5a5,9d66d9d2649b66e9b66c9c6719c2679c26c9d2679ae719ce6e9c66d9be6a9ba6e9ae709a66c9ce6d,3,"SENDING_EVENT",000,003,00c,1,7,0,0,3,003,067,0,0,0,685a6691ad699a66eda46fda76eda3685a06e9bb68da4691bb6e1af691bb69da1691bb6e1bb6e5a5,0,00c,1,0,1,0,1,0,1,0,1,1
673,673,0,c0f02c0f02c0b02c0b02c0b02c0b02c0b02c0b02c0b02c0b06c1f4fd3b4ec2b02c0f02c0b02c0b02,521515515c5014852d4a55d405294e55d46521545595255d5452140529555595550d4857d465354d,685a669dad699a16eda46fda76e9a3685a06e9bb681a7695b86e1ac695be691a1695be6e5bb6e5a5,9d66d9d2649b66e9b66c9c6719c2679c26c9d2679ae719ce6e9c66d9be6a9ba6e9ae709a66c9ce6d,3,"SENDING_EVENT",000,004,00c,1,c,0,1,1,004,09c,0,0,0,685a6691ad699a66eda46fda76eda3685a06e9bb68da4691bb6e1af691bb69da1691bb6e1bb6e5a5,0,00c,1,0,1,0,1,0,1,0,1,1
674,674,0,c0f02c0f02c0b02c0b02c0b02c0b02c0b02c0b02c0b02c0b06c1f4fd3b4ec2b02c0f02c0b02c0b02,521515515c5014852d4a55d405294e55d46521545595255d5452140529555595550d4857d465354d,685a669dad699a16eda46fda76e9a3685a06e9bb681a7695b86e1ac695be691a1695be6e5bb6e5a5,9d66d9d2649b66e9b66c9c6719c2679c26c9d2679ae719ce6e9c66d9be6a9ba6e9ae709a66c9ce6d,3,"SENDING_EVENT",000,005,00c,1,4,2,0,2,005,064,0,0,0,685a6691ad699a66eda46fda76eda3685a06e9bb68da4691bb6e1af691bb69da1691bb6e1bb6e5a5,0,00c,1,0,1,0,1,0,1,0,1,1
675,675,0,c0f02c0f02c0b02c0b02c0b02c0b02c0b02c0b02c0b02c0b06c1f4fd3b4ec2b02c0f02c0b02c0b02,521515515c5014852d4a55d405294e55d46521545595255d5452140529555595550d4857d465354d,685a669dad699a16eda46fda76e9a3685a06e9bb681a7695b86e1ac695be691a1695be6e5bb6e5a5,9d66d9d2649b66e9b66c9c6719c2679c26c9d2679ae719ce6e9c66d9be6a9ba6e9ae709a66c9ce6d,3,"SENDING_EVENT",000,006,00c,1,e,1,0,1,006,1ce,0,0,0,685a6691ad699a66eda46fda76eda3685a06e9bb68da4691bb6e1af691bb69da1691bb6e1bb6e5a5,0,00c,1,0,1,0,1,0,1,0,1,1
676,676,0,c0f02c0f02c0b02c0b02c0b02c0b02c0b02c0b02c0b02c0b06c1f4fd3b4ec2b02c0f02c0b02c0b02,521515515c5014852d4a55d405294e55d46521545595255d5452140529555595550d4857d465354d,685a669dad699a16eda46fda76e9a3685a06e9bb681a7695b86e1ac695be691a1695be6e5bb6e5a5,9d66d9d2649b66e9b66c9c6719c2679c26c9d2679ae719ce6e9c66d9be6a9ba6e9ae709a66c9ce6d,3,"SENDING_EVENT",000,007,00c,1,9,2,0,2,007,0a9,0,0,0,685a6691ad699a66eda46fda76eda3685a06e9bb68da4691bb6e1af691bb69da1691bb6e1bb6e5a5,0,00c,1,0,1,0,1,0,1,0,1,1
677,677,0,c0f02c0f02c0b02c0b02c0b02c0b02c0b02c0b02c0b02c0b06c1f4fd3b4ec2b02c0f02c0b02c0b02,521515515c5014852d4a55d405294e55d46521545595255d5452140529555595550d4857d465354d,685a669dad699a16eda46fda76e9a3685a06e9bb681a7695b86e1ac695be691a1695be6e5bb6e5a5,9d66d9d2649b66e9b66c9c6719c2679c26c9d2679ae719ce6e9c66d9be6a9ba6e9ae709a66c9ce6d,3,"SENDING_EVENT",000,008,00c,1,6,3,0,3,008,1a6,0,0,0,685a6691ad699a66eda46fda76eda3685a06e9bb68da4691bb6e1af691bb69da1691bb6e1bb6e5a5,0,00c,1,0,1,0,1,0,1,0,1,1
678,678,0,c0f02c0f02c0b02c0b02c0b02c0b02c0b02c0b02c0b02c0b06c1f4fd3b4ec2b02c0f02c0b02c0b02,521515515c5014852d4a55d405294e55d46521545595255d5452140529555595550d4857d465354d,685a669dad699a16eda46fda76e9a3685a06e9bb681a7695b86e1ac695be691a1695be6e5bb6e5a5,9d66d9d2649b66e9b66c9c6719c2679c26c9d2679ae719ce6e9c66d9be6a9ba6e9ae709a66c9ce6d,3,"SENDING_EVENT",000,009,00c,1,a,0,1,2,009,09a,0,0,0,685a6691ad699a66eda46fda76eda3685a06e9bb68da4691bb6e1af691bb69da1691bb6e1bb6e5a5,0,00c,1,0,1,0,1,0,1,0,1,1
679,679,0,c0f02c0f02c0b02c0b02c0b02c0b02c0b02c0b02c0b02c0b06c1f4fd3b4ec2b02c0f02c0b02c0b02,521515515c5014852d4a55d405294e55d46521545595255d5452140529555595550d4857d465354d,685a669dad699a16eda46fda76e9a3685a06e9bb681a7695b86e1ac695be691a1695be6e5bb6e5a5,9d66d9d2649b66e9b66c9c6719c2679c26c9d2679ae719ce6e9c66d9be6a9ba6e9ae709a66c9ce6d,3,"SEND_FOOTER",000,00a,00c,1,a,2,0,2,00a,06a,0,0,0,685a6691ad699a66eda46fda76eda3685a06e9bb68da4691bb6e1af691bb69da1691bb6e1bb6e5a5,0,00c,1,0,1,0,1,0,1,0,1,1
680,680,0,c0f02c0f02c0b02c0b02c0b02c0b02c0b02c0b02c0b02c0b06c1f4fd3b4ec2b02c0f02c0b02c0b02,521515515c5014852d4a55d405294e55d46521545595255d5452140529555595550d4857d465354d,685a669dad699a16eda46fda76e9a3685a06e9bb681a7695b86e1ac695be691a1695be6e5bb6e5a5,9d66d9d2649b66e9b66c9c6719c2679c26c9d2679ae719ce6e9c66d9be6a9ba6e9ae709a66c9ce6d,3,"END_EVENT",000,00b,00c,1,4,2,0,3,00b,004,0,0,0,685a6691ad699a66eda46fda76eda3685a06e9bb68da4691bb6e1af691bb69da1691bb6e1bb6e5a5,0,00c,1,0,1,0,1,0,1,0,1,1
681,681,0,c0f02c0f02c0b02c0b02c0b02c0b02c0b02c0b02c0b02c0b06c1f4fd3b4ec2b02c0f02c0b02c0b02,521515515c5014852d4a55d405294e55d46521545595255d5452140529555595550d4857d465354d,685a669dad699a16eda46fda76e9a3685a06e9bb681a7695b86e1ac695be691a1695be6e5bb6e5a5,9d66d9d2649b66e9b66c9c6719c2679c26c9d2679ae719ce6e9c66d9be6a9ba6e9ae709a66c9ce6d,3,"WAIT",000,00b,00c,1,4,2,0,3,00b,004,0,0,0,685a6691ad699a66eda46fda76eda3685a06e9bb68da4691bb6e1af691bb69da1691bb6e1bb6e5a5,0,00c,1,0,1,1,1,0,0,0,1,1
682,682,0,c0f02c0f02c0b02c0b02c0b02c0b02c0b02c0b02c0b02c0b06c1f4fd3b4ec2b02c0f02c0b02c0b02,521515515c5014852d4a55d405294e55d46521545595255d5452140529555595550d4857d465354d,685a669dad699a16eda46fda76e9a3685a06e9bb681a7695b86e1ac695be691a1695be6e5bb6e5a5,9d66d9d2649b66e9b66c9c6719c2679c26c9d2679ae719ce6e9c66d9be6a9ba6e9ae709a66c9ce6d,3,"SEND_HEADER",000,00b,00c,1,4,2,0,3,00b,004,0,0,0,685a6691ad699a66eda46fda76eda3685a06e9bb68da4691bb6e1af691bb69da1691bb6e1bb6e5a5,0,00c,1,1,1,0,1,0,0,0,1,1
683,683,0,c0f02c0f02c0b02c0b02c0b02c0b02c0b02c0b02c0b02c0b06c1f4fd3b4ec2b02c0f02c0b02c0b02,521515515c5014852d4a55d405294e55d46521545595255d5452140529555595550d4857d465354d,685a669dad699a16eda46fda76e9a3685a06e9bb681a7695b86e1ac695be691a1695be6e5bb6e5a5,9d66d9d2649b66e9b66c9c6719c2679c26c9d2679ae719ce6e9c66d9be6a9ba6e9ae709a66c9ce6d,3,"SENDING_EVENT",000,000,00c,1,1,3,1,2,000,101,0,0,0,685a6691ad699a66eda46fda76eda3685a06e9bb68da4691bb6e1af691bb69da1691bb6e1bb6e5a5,0,00c,1,0,0,0,1,0,1,0,1,1
684,684,0,c0f02c0f02c0b02c0b02c0b02c0b02c0b02c0b02c0b02c0b06c1f4fd3b4ec2b02c0f02c0b02c0b02,521515515c5014852d4a55d405294e55d46521545595255d5452140529555595550d4857d465354d,685a669dad699a16eda46fda76e9a3685a06e9bb681a7695b86e1ac695be691a1695be6e5bb6e5a5,9d66d9d2649b66e9b66c9c6719c2679c26c9d2679ae719ce6e9c66d9be6a9ba6e9ae709a66c9ce6d,3,"SENDING_EVENT",000,001,00c,2,1,2,0,2,001,091,0,0,0,685a669dad699a16eda46fda76e9a3685a06e9bb681a7695b86e1ac695be691a1695be6e5bb6e5a5,8,00c,1,0,1,0,1,0,1,0,1,1
685,685,0,c0f02c0f02c0b02c0b02c0b02c0b02c0b02c0b02c0b02c0b06c1f4fd3b4ec2b02c0f02c0b02c0b02,521515515c5014852d4a55d405294e55d46521545595255d5452140529555595550d4857d465354d,685a669dad699a16e9a46fda76eda3685a36e9bb681a4691bb6e1ae691bb691a6695bb6e1bb6e5a5,9d66d9d2649b66e9b66c9c6719c2679c26c9d2679ae719ce6e9c66d9be6a9ba6e9ae709a66c9ce6d,3,"SENDING_EVENT",000,002,00c,2,6,2,1,2,002,066,0,0,0,685a669dad699a16eda46fda76e9a3685a06e9bb681a7695b86e1ac695be691a1695be6e5bb6e5a5,0,00c,1,0,1,0,1,0,1,0,1,1
686,686,0,c0f02c0f02c0b02c0b02c0b02c0b02c0b02c0b02c0b02c0b06c1f4fd3b4ec2b02c0f02c0b02c0b02,521515515c5014852d4a55d405294e55d46521545595255d5452140529555595550d4857d465354d,685a669dad699a16e9a46fda76eda3685a36e9bb681a4691bb6e1ae691bb691a6695bb6e1bb6e5a5,9d66d9d2649b66e9b66c9c6719c2679c26c9d2679ae719ce6e9c66d9be6a9ba6e9ae709a66c9ce6d,3,"SENDING_EVENT",000,003,00c,2,a,3,1,2,003,1da,0,0,0,685a669dad699a16eda46fda76e9a3685a06e9bb681a7695b86e1ac695be691a1695be6e5bb6e5a5,0,00c,1,0,1,0,1,0,1,0,1,1
687,687,0,c0f02c0f02c0b02c0b02c0b02c0b02c0b02c0b02c0b02c0b06c1f4fd3b4ec2b02c0f02c0b02c0b02,521515515c5014852d4a55d405294e55d46521545595255d5452140529555595550d4857d465354d,685a669dad699a16e9a46fda76eda3685a36e9bb681a4691bb6e1ae691bb691a6695bb6e1bb6e5a5,9d66d9d2649b66e9b66c9c6719c2679c26c9d2679ae719ce6e9c66d9be6a9ba6e9ae709a66c9ce6d,3,"SENDING_EVENT",000,004,00c,2,8,3,0,3,004,168,0,0,0,685a669dad699a16eda46fda76e9a3685a06e9bb681a7695b86e1ac695be691a1695be6e5bb6e5a5,0,00c,1,0,1,0,1,0,1,0,1,1
688,688,0,c0f02c0f02c0b02c0b02c0b02c0b02c0b02c0b02c0b02c0b06c1f4fd3b4ec2b02c0f02c0b02c0b02,521515515c5014852d4a55d405294e55d46521545595255d5452140529555595550d4857d465354d,685a669dad699a16e9a46fda76eda3685a36e9bb681a4691bb6e1ae691bb691a6695bb6e1bb6e5a5,9d66d9d2649b66e9b66c9c6719c2679c26c9d2679ae719ce6e9c66d9be6a9ba6e9ae709a66c9ce6d,3,"SENDING_EVENT",000,005,00c,2,b,1,0,1,005,1bb,0,0,0,685a669dad699a16eda46fda76e9a3685a06e9bb681a7695b86e1ac695be691a1695be6e5bb6e5a5,0,00c,1,0,1,0,1,0,1,0,1,1
689,689,0,c0f02c0f02c0b02c0b02c0b02c0b02c0b02c0b02c0b02c0b06c1f4fd3b4ec2b02c0f02c0b02c0b02,521515515c5014852d4a55d405294e55d46521545595255d5452140529555595550d4857d465354d,685a669dad699a16e9a46fda76eda3685a36e9bb681a4691bb6e1ae691bb691a6695bb6e1bb6e5a5,9d66d9d2649b66e9b66c9c6719c2679c26c9d2679ae719ce6e9c66d9be6a9ba6e9ae709a66c9ce6d,3,"SENDING_EVENT",000,006,00c,2,1,2,0,2,006,091,0,0,0,685a669dad699a16eda46fda76e9a3685a06e9bb681a7695b86e1ac695be691a1695be6e5bb6e5a5,0,00c,1,0,1,0,1,0,1,0,1,1
690,690,0,c0f02c0f02c0b02c0b02c0b02c0b02c0b02c0b02c0b02c0b06c1f4fd3b4ec2b02c0f02c0b02c0b02,521515515c5014852d4a55d405294e55d46521545595255d5452140529555595550d4857d465354d,685a669dad699a16e9a46fda76eda3685a36e9bb681a4691bb6e1ae691bb691a6695bb6e1bb6e5a5,9d66d9d2649b66e9b66c9c6719c2679c26c9d2679ae719ce6e9c66d9be6a9ba6e9ae709a66c9ce6d,3,"SENDING_EVENT",000,007,00c,2,6,2,1,3,007,0f6,0,0,0,685a669dad699a16eda46fda76e9a3685a06e9bb681a7695b86e1ac695be691a1695be6e5bb6e5a5,0,00c,1,0,1,0,1,0,1,0,1,1
691,691,0,c0f02c0f02c0b02c0b02c0b02c0b02c0b02c0b02c0b02c0b06c1f4fd3b4ec2b02c0f02c0b02c0b02,521515515c5014852d4a55d405294e55d46521545595255d5452140529555595550d4857d465354d,685a669dad699a16e9a46fda76eda3685a36e9bb681a4691bb6e1ae691bb691a6695bb6e1bb6e5a5,9d66d9d2649b66e9b66c9c6719c2679c26c9d2679ae719ce6e9c66d9be6a9ba6e9ae709a66c9ce6d,3,"SENDING_EVENT",000,008,00c,2,a,1,1,1,008,1da,0,0,0,685a669dad699a16eda46fda76e9a3685a06e9bb681a7695b86e1ac695be691a1695be6e5bb6e5a5,0,00c,1,0,1,0,1,0,1,0,1,1
692,692,0,c0f02c0f02c0b02c0b02c0b02c0b02c0b02c0b02c0b02c0b06c1f4fd3b4ec2b02c0f02c0b02c0b02,521515515c5014852d4a55d405294e55d46521545595255d5452140529555595550d4857d465354d,685a669dad699a16e9a46fda76eda3685a36e9bb681a4691bb6e1ae691bb691a6695bb6e1bb6e5a5,9d66d9d2649b66e9b66c9c6719c2679c26c9d2679ae719ce6e9c66d9be6a9ba6e9ae709a66c9ce6d,3,"SENDING_EVENT",000,009,00c,2,e,3,0,1,009,16e,0,0,0,685a669dad699a16eda46fda76e9a3685a06e9bb681a7695b86e1ac695be691a1695be6e5bb6e5a5,0,00c,1,0,1,0,1,0,1,0,1,1
693,693,0,c0f02c0f02c0b02c0b02c0b02c0b02c0b02c0b02c0b02c0b06c1f4fd3b4ec2b02c0f02c0b02c0b02,521515515c5014852d4a55d405294e55d46521545595255d5452140529555595550d4857d465354d,685a669dad699a16e9a46fda76eda3685a36e9bb681a4691bb6e1ae691bb691a6695bb6e1bb6e5a5,9d66d9d2649b66e9b66c9c6719c2679c26c9d2679ae719ce6e9c66d9be6a9ba6e9ae709a66c9ce6d,3,"SEND_FOOTER",000,00a,00c,2,5,1,1,1,00a,1a5,0,0,0,685a669dad699a16eda46fda76e9a3685a06e9bb681a7695b86e1ac695be691a1695be6e5bb6e5a5,0,00c,1,0,1,0,1,0,1,0,1,1
694,694,0,c0f02c0f02c0b02c0b02c0b02c0b02c0b02c0b02c0b02c0b06c1f4fd3b4ec2b02c0f02c0b02c0b02,521515515c5014852d4a55d405294e55d46521545595255d5452140529555595550d4857d465354d,685a669dad699a16e9a46fda76eda3685a36e9bb681a4691bb6e1ae691bb691a6695bb6e1bb6e5a5,9d66d9d2649b66e9b66c9c6719c2679c26c9d2679ae719ce6e9c66d9be6a9ba6e9ae709a66c9ce6d,3,"END_EVENT",000,00b,00c,2,1,3,0,3,00b,101,0,0,0,685a669dad699a16eda46fda76e9a3685a06e9bb681a7695b86e1ac695be691a1695be6e5bb6e5a5,0,00c,1,0,1,0,1,0,1,0,1,1
695,695,0,c0f02c0f02c0b02c0b02c0b02c0b02c0b02c0b02c0b02c0b06c1f4fd3b4ec2b02c0f02c0b02c0b02,521515515c5014852d4a55d405294e55d46521545595255d5452140529555595550d4857d465354d,685a669dad699a16e9a46fda76eda3685a36e9bb681a4691bb6e1ae691bb691a6695bb6e1bb6e5a5,9d66d9d2649b66e9b66c9c6719c2679c26c9d2679ae719ce6e9c66d9be6a9ba6e9ae709a66c9ce6d,3,"WAIT",000,00b,00c,2,1,3,0,3,00b,101,0,0,0,685a669dad699a16eda46fda76e9a3685a06e9bb681a7695b86e1ac695be691a1695be6e5bb6e5a5,0,00c,1,0,1,1,1,0,0,0,1,1
696,696,0,c0f02c0f02c0b02c0b02c0b02c0b02c0b02c0b02c0b02c0b06c1f4fd3b4ec2b02c0f02c0b02c0b02,521515515c5014852d4a55d405294e55d46521545595255d5452140529555595550d4857d465354d,685a669dad699a16e9a46fda76eda3685a36e9bb681a4691bb6e1ae691bb691a6695bb6e1bb6e5a5,9d66d9d2649b66e9b66c9c6719c2679c26c9d2679ae719ce6e9c66d9be6a9ba6e9ae709a66c9ce6d,3,"SEND_HEADER",000,00b,00c,2,1,3,0,3,00b,101,0,0,0,685a669dad699a16eda46fda76e9a3685a06e9bb681a7695b86e1ac695be691a1695be6e5bb6e5a5,0,00c,1,1,1,0,1,0,0,0,1,1
697,697,0,c0f02c0f02c0b02c0b02c0b02c0b02c0b02c0b02c0b02c0b06c1f4fd3b4ec2b02c0f02c0b02c0b02,521515515c5014852d4a55d405294e55d46521545595255d5452140529555595550d4857d465354d,685a669dad699a16e9a46fda76eda3685a36e9bb681a4691bb6e1ae691bb691a6695bb6e1bb6e5a5,9d66d9d2649b66e9b66c9c6719c2679c26c9d2679ae719ce6e9c66d9be6a9ba6e9ae709a66c9ce6d,3,"SENDING_EVENT",000,000,00c,2,2,3,1,2,000,102,0,0,0,685a669dad699a16eda46fda76e9a3685a06e9bb681a7695b86e1ac695be691a1695be6e5bb6e5a5,0,00c,1,0,0,0,1,0,1,0,1,1
698,698,0,c0f02c0f02c0b02c0b02c0b02c0b02c0b02c0b02c0b02c0b06c1f4fd3b4ec2b02c0f02c0b02c0b02,521515515c5014852d4a55d405294e55d46521545595255d5452140529555595550d4857d465354d,685a669dad699a16e9a46fda76eda3685a36e9bb681a4691bb6e1ae691bb691a6695bb6e1bb6e5a5,9d66d9d2649b66e9b66c9c6719c2679c26c9d2679ae719ce6e9c66d9be6a9ba6e9ae709a66c9ce6d,3,"SENDING_EVENT",000,001,00c,3,d,2,0,2,001,09d,0,0,0,685a669dad699a16e9a46fda76eda3685a36e9bb681a4691bb6e1ae691bb691a6695bb6e1bb6e5a5,8,00c,1,0,1,0,1,0,1,0,1,1
699,699,0,c0f02c0f02c0b02c0b02c0b02c0b02c0b02c0b02c0b02c0b06c1f4fd3b4ec2b02c0f02c0b02c0b02,521515515c5014852d4a55d405294e55d46521545595255d5452140529555595550d4857d465354d,685a6691ad69da16eda46f9a76eda3685a36edbb681a4691bb6e5af691bb691a1695be695bb6e5a5,9d66d9d2649b66e9b66c9c6719c2679c26c9d2679ae719ce6e9c66d9be6a9ba6e9ae709a66c9ce6d,3,"SENDING_EVENT",000,002,00c,3,6,2,1,2,002,016,0,0,0,685a669dad699a16e9a46fda76eda3685a36e9bb681a4691bb6e1ae691bb691a6695bb6e1bb6e5a5,0,00c,1,0,1,0,1,0,1,0,1,1
700,700,0,c0f02c0f02c0b02c0b02c0b02c0b02c0b02c0b02c0b02c0b06c1f4fd3b4ec2b02c0f02c0b02c0b02,521515515c5014852d4a55d405294e55d46521545595255d5452140529555595550d4857d465354d,685a6691ad69da16eda46f9a76eda3685a36edbb681a4691bb6e5af691bb691a1695be695bb6e5a5,9d66d9d2649b66e9b66c9c6719c2679c26c9d2679ae719ce6e9c66d9be6a9ba6e9ae709a66c9ce6d,3,"SENDING_EVENT",000,003,00c,3,a,3,1,2,003,1da,0,0,0,685a669dad699a16e9a46fda76eda3685a36e9bb681a4691bb6e1ae691bb691a6695bb6e1bb6e5a5,0,00c,1,0,1,0,1,0,1,0,1,1
701,701,0,c0f02c0f02c0b02c0b02c0b02c0b02c0b02c0b02c0b02c0b06c1f4fd3b4ec2b02c0f02c0b02c0b02,521515515c5014852d4a55d405294e55d46521545595255d5452140529555595550d4857d465354d,685a6691ad69da16eda46f9a76eda3685a36edbb681a4691bb6e5af691bb691a1695be695bb6e5a5,9d66d9d2649b66e9b66c9c6719c2679c26c9d2679ae719ce6e9c66d9be6a9ba6e9ae709a66c9ce6d,3,"SENDING_EVENT",000,004,00c,3,8,3,0,3,004,168,0,0,0,685a669dad699a16e9a46fda76eda3685a36e9bb681a4691bb6e1ae691bb691a6695bb6e1bb6e5a5,0,00c,1,0,1,0,1,0,1,0,1,1
702,702,0,c0f02c0f02c0b02c0b02c0b02c0b02c0b02c0b02c0b02c0b06c1f4fd3b4ec2b02c0f02c0b02c0b02,521515515c5014852d4a55d405294e55d46521545595255d5452140529555595550d4857d465354d,685a6691ad69da16eda46f9a76eda3685a36edbb681a4691bb6e5af691bb691a1695be695bb6e5a5,9d66d9d2649b66e9b66c9c6719c2679c26c9d2679ae719ce6e9c66d9be6a9ba6e9ae709a66c9ce6d,3,"SENDING_EVENT",000,005,00c,3,b,1,0,1,005,1bb,0,0,0,685a669dad699a16e9a46fda76eda3685a36e9bb681a4691bb6e1ae691bb691a6695bb6e1bb6e5a5,0,00c,1,0,1,0,1,0,1,0,1,1
703,703,0,c0f02c0f02c0b02c0b02c0b02c0b02c0b02c0b02c0b02c0b06c1f4fd3b4ec2b02c0f02c0b02c0b02,521515515c5014852d4a55d405294e55d46521545595255d5452140529555595550d4857d465354d,685a6691ad69da16eda46f9a76eda3685a36edbb681a4691bb6e5af691bb691a1695be695bb6e5a5,9d66d9d2649b66e9b66c9c6719c2679c26c9d2679ae719ce6e9c66d9be6a9ba6e9ae709a66c9ce6d,3,"SENDING_EVENT",000,006,00c,3,5,2,0,2,006,095,0,0,0,685a669dad699a16e9a46fda76eda3685a36e9bb681a4691bb6e1ae691bb691a6695bb6e1bb6e5a5,0,00c,1,0,1,0,1,0,1,0,1,1
704,704,0,c0f02c0f02c0b02c0b02c0b02c0b02c0b02c0b02c0b02c0b06c1f4fd3b4ec2b02c0f02c0b02c0b02,521515515c5014852d4a55d405294e55d46521545595255d5452140529555595550d4857d465354d,685a6691ad69da16eda46f9a76eda3685a36edbb681a4691bb6e5af691bb691a1695be695bb6e5a5,9d66d9d2649b66e9b66c9c6719c2679c26c9d2679ae719ce6e9c66d9be6a9ba6e9ae709a66c9ce6d,3,"SENDING_EVENT",000,007,00c,3,6,2,0,3,007,0c6,0,0,0,685a669dad699a16e9a46fda76eda3685a36e9bb681a4691bb6e1ae691bb691a6695bb6e1bb6e5a5,0,00c,1,0,1,0,1,0,1,0,1,1
705,705,0,c0f02c0f02c0b02c0b02c0b02c0b02c0b02c0b02c0b02c0b06c1f4fd3b4ec2b02c0f02c0b02c0b02,521515515c5014852d4a55d405294e55d46521545595255d5452140529555595550d4857d465354d,685a6691ad69da16eda46f9a76eda3685a36edbb681a4691bb6e5af691bb691a1695be695bb6e5a5,9d66d9d2649b66e9b66c9c6719c2679c26c9d2679ae719ce6e9c66d9be6a9ba6e9ae709a66c9ce6d,3,"SENDING_EVENT",000,008,00c,3,a,1,1,1,008,11a,0,0,0,685a669dad699a16e9a46fda76eda3685a36e9bb681a4691bb6e1ae691bb691a6695bb6e1bb6e5a5,0,00c,1,0,1,0,1,0,1,0,1,1
706,706,0,c0f02c0f02c0b02c0b02c0b02c0b02c0b02c0b02c0b02c0b06c1f4fd3b4ec2b02c0f02c0b02c0b02,521515515c5014852d4a55d405294e55d46521545595255d5452140529555595550d4857d465354d,685a6691ad69da16eda46f9a76eda3685a36edbb681a4691bb6e5af691bb691a1695be695bb6e5a5,9d66d9d2649b66e9b66c9c6719c2679c26c9d2679ae719ce6e9c66d9be6a9ba6e9ae709a66c9ce6d,3,"SENDING_EVENT",000,009,00c,3,e,2,0,1,009,06e,0,0,0,685a669dad699a16e9a46fda76eda3685a36e9bb681a4691bb6e1ae691bb691a6695bb6e1bb6e5a5,0,00c,1,0,1,0,1,0,1,0,1,1
707,707,0,c0f02c0f02c0b02c0b02c0b02c0b02c0b02c0b02c0b02c0b06c1f4fd3b4ec2b02c0f02c0b02c0b02,521515515c5014852d4a55d405294e55d46521545595255d5452140529555595550d4857d465354d,685a6691ad69da16eda46f9a76eda3685a36edbb681a4691bb6e5af691bb691a1695be695bb6e5a5,9d66d9d2649b66e9b66c9c6719c2679c26c9d2679ae719ce6e9c66d9be6a9ba6e9ae709a66c9ce6d,3,"SEND_FOOTER",000,00a,00c,3,5,1,1,1,00a,1a5,0,0,0,685a669dad699a16e9a46fda76eda3685a36e9bb681a4691bb6e1ae691bb691a6695bb6e1bb6e5a5,0,00c,1,0,1,0,1,0,1,0,1,1
708,708,0,c0f02c0f02c0b02c0b02c0b02c0b02c0b02c0b02c0b02c0b06c1f4fd3b4ec2b02c0f02c0b02c0b02,521515515c5014852d4a55d405294e55d46521545595255d5452140529555595550d4857d465354d,685a6691ad69da16eda46f9a76eda3685a36edbb681a4691bb6e5af691bb691a1695be695bb6e5a5,9d66d9d2649b66e9b66c9c6719c2679c26c9d2679ae719ce6e9c66d9be6a9ba6e9ae709a66c9ce6d,3,"END_EVENT",000,00b,00c,3,2,3,0,3,00b,102,0,0,0,685a669dad699a16e9a46fda76eda3685a36e9bb681a4691bb6e1ae691bb691a6695bb6e1bb6e5a5,0,00c,1,0,1,0,1,0,1,0,1,1
709,709,0,c0f02c0f02c0b02c0b02c0b02c0b02c0b02c0b02c0b02c0b06c1f4fd3b4ec2b02c0f02c0b02c0b02,521515515c5014852d4a55d405294e55d46521545595255d5452140529555595550d4857d465354d,685a6691ad69da16eda46f9a76eda3685a36edbb681a4691bb6e5af691bb691a1695be695bb6e5a5,9d66d9d2649b66e9b66c9c6719c2679c26c9d2679ae719ce6e9c66d9be6a9ba6e9ae709a66c9ce6d,3,"WAIT",000,00b,00c,3,2,3,0,3,00b,102,0,0,0,685a669dad699a16e9a46fda76eda3685a36e9bb681a4691bb6e1ae691bb691a6695bb6e1bb6e5a5,0,00c,1,0,1,1,1,0,0,0,1,1
710,710,0,c0f02c0f02c0b02c0b02c0b02c0b02c0b02c0b02c0b02c0b06c1f4fd3b4ec2b02c0f02c0b02c0b02,521515515c5014852d4a55d405294e55d46521545595255d5452140529555595550d4857d465354d,685a6691ad69da16eda46f9a76eda3685a36edbb681a4691bb6e5af691bb691a1695be695bb6e5a5,9d66d9d2649b66e9b66c9c6719c2679c26c9d2679ae719ce6e9c66d9be6a9ba6e9ae709a66c9ce6d,3,"SEND_HEADER",000,00b,00c,3,2,3,0,3,00b,102,0,0,0,685a669dad699a16e9a46fda76eda3685a36e9bb681a4691bb6e1ae691bb691a6695bb6e1bb6e5a5,0,00c,1,1,1,0,1,0,0,0,1,1
711,711,0,c0f02c0f02c0b02c0b02c0b02c0b02c0b02c0b02c0b02c0b06c1f4fd3b4ec2b02c0f02c0b02c0b02,521515515c5014852d4a55d405294e55d46521545595255d5452140529555595550d4857d465354d,685a6691ad69da16eda46f9a76eda3685a36edbb681a4691bb6e5af691bb691a1695be695bb6e5a5,9d66d9d2649b66e9b66c9c6719c2679c26c9d2679ae719ce6e9c66d9be6a9ba6e9ae709a66c9ce6d,3,"SENDING_EVENT",000,000,00c,3,3,3,1,2,000,103,0,0,0,685a669dad699a16e9a46fda76eda3685a36e9bb681a4691bb6e1ae691bb691a6695bb6e1bb6e5a5,0,00c,1,0,0,0,1,0,1,0,1,1
712,712,0,c0f02c0f02c0b02c0b02c0b02c0b02c0b02c0b02c0b02c0b06c1f4fd3b4ec2b02c0f02c0b02c0b02,521515515c5014852d4a55d405294e55d46521545595255d5452140529555595550d4857d465354d,685a6691ad69da16eda46f9a76eda3685a36edbb681a4691bb6e5af691bb691a1695be695bb6e5a5,9d66d9d2649b66e9b66c9c6719c2679c26c9d2679ae719ce6e9c66d9be6a9ba6e9ae709a66c9ce6d,3,"SENDING_EVENT",000,001,00c,4,d,2,0,2,001,09d,0,0,0,685a6691ad69da16eda46f9a76eda3685a36edbb681a4691bb6e5af691bb691a1695be695bb6e5a5,8,00c,1,0,1,0,1,0,1,0,1,1
713,713,0,c0f02c0f02c0b02c0b02c0b02c0b02c0b02c0b02c0b02c0b06c1f4fd3b4ec2b02c0f02c0b02c0b02,521515515c5014852d4a55d405294e55d46521545595255d5452140529555595550d4857d465354d,685a7691ad69da16eda46fda76e9a3699a06edbb681a4695bb6e5af691bb691a6695be6e1bb6e5a4,9d66d9d2649b66e9b66c9c6719c2679c26c9d2679ae719ce6e9c66d9be6a9ba6e9ae709a66c9ce6d,3,"SENDING_EVENT",000,002,00c,4,6,2,1,2,002,016,0,0,0,685a6691ad69da16eda46f9a76eda3685a36edbb681a4691bb6e5af691bb691a1695be695bb6e5a5,0,00c,1,0,1,0,1,0,1,0,1,1
714,714,0,c0f02c0f02c0b02c0b02c0b02c0b02c0b02c0b02c0b02c0b06c1f4fd3b4ec2b02c0f02c0b02c0b02,521515515c5014852d4a55d405294e55d46521545595255d5452140529555595550d4857d465354d,685a7691ad69da16eda46fda76e9a3699a06edbb681a4695bb6e5af691bb691a6695be6e1bb6e5a4,9d66d9d2649b66e9b66c9c6719c2679c26c9d2679ae719ce6e9c66d9be6a9ba6e9ae709a66c9ce6d,3,"SENDING_EVENT",000,003,00c,4,a,3,1,2,003,1da,0,0,0,685a6691ad69da16eda46f9a76eda3685a36edbb681a4691bb6e5af691bb691a1695be695bb6e5a5,0,00c,1,0,1,0,1,0,1,0,1,1
715,715,0,c0f02c0f02c0b02c0b02c0b02c0b02c0b02c0b02c0b02c0b06c1f4fd3b4ec2b02c0f02c0b02c0b02,521515515c5014852d4a55d405294e55d46521545595255d5452140529555595550d4857d465354d,685a7691ad69da16eda46fda76e9a3699a06edbb681a4695bb6e5af691bb691a6695be6e1bb6e5a4,9d66d9d2649b66e9b66c9c6719c2679c26c9d2679ae719ce6e9c66d9be6a9ba6e9ae709a66c9ce6d,3,"SENDING_EVENT",000,004,00c,4,8,3,0,3,004,168,0,0,0,685a6691ad69da16eda46f9a76eda3685a36edbb681a4691bb6e5af691bb691a1695be695bb6e5a5,0,00c,1,0,1,0,1,0,1,0,1,1
716,716,0,c0f02c0f02c0b02c0b02c0b02c0b02c0b02c0b02c0b02c0b06c1f4fd3b4ec2b02c0f02c0b02c0b02,521515515c5014852d4a55d405294e55d46521545595255d5452140529555595550d4857d465354d,685a7691ad69da16eda46fda76e9a3699a06edbb681a4695bb6e5af691bb691a6695be6e1bb6e5a4,9d66d9d2649b66e9b66c9c6719c2679c26c9d2679ae719ce6e9c66d9be6a9ba6e9ae709a66c9ce6d,3,"SENDING_EVENT",000,005,00c,4,b,1,0,1,005,1bb,0,0,0,685a6691ad69da16eda46f9a76eda3685a36edbb681a4691bb6e5af691bb691a1695be695bb6e5a5,0,00c,1,0,1,0,1,0,1,0,1,1
717,717,0,c0f02c0f02c0b02c0b02c0b02c0b02c0b02c0b02c0b02c0b06c1f4fd3b4ec2b02c0f02c0b02c0b02,521515515c5014852d4a55d405294e55d46521545595255d5452140529555595550d4857d465354d,685a7691ad69da16eda46fda76e9a3699a06edbb681a4695bb6e5af691bb691a6695be6e1bb6e5a4,9d66d9d2649b66e9b66c9c6719c2679c26c9d2679ae719ce6e9c66d9be6a9ba6e9ae709a66c9ce6d,3,"SENDING_EVENT",000,006,00c,4,1,2,0,2,006,091,0,0,0,685a6691ad69da16eda46f9a76eda3685a36edbb681a4691bb6e5af691bb691a1695be695bb6e5a5,0,00c,1,0,1,0,1,0,1,0,1,1
718,718,0,c0f02c0f02c0b02c0b02c0b02c0b02c0b02c0b02c0b02c0b06c1f4fd3b4ec2b02c0f02c0b02c0b02,521515515c5014852d4a55d405294e55d46521545595255d5452140529555595550d4857d465354d,685a7691ad69da16eda46fda76e9a3699a06edbb681a4695bb6e5af691bb691a6695be6e1bb6e5a4,9d66d9d2649b66e9b66c9c6719c2679c26c9d2679ae719ce6e9c66d9be6a9ba6e9ae709a66c9ce6d,3,"SENDING_EVENT",000,007,00c,4,6,2,1,3,007,0e6,0,0,0,685a6691ad69da16eda46f9a76eda3685a36edbb681a4691bb6e5af691bb691a1695be695bb6e5a5,0,00c,1,0,1,0,1,0,1,0,1,1
719,719,0,c0f02c0f02c0b02c0b02c0b02c0b02c0b02c0b02c0b02c0b06c1f4fd3b4ec2b02c0f02c0b02c0b02,521515515c5014852d4a55d405294e55d46521545595255d5452140529555595550d4857d465354d,685a7691ad69da16eda46fda76e9a3699a06edbb681a4695bb6e5af691bb691a6695be6e1bb6e5a4,9d66d9d2649b66e9b66c9c6719c2679c26c9d2679ae719ce6e9c66d9be6a9ba6e9ae709a66c9ce6d,3,"SENDING_EVENT",000,008,00c,4,a,1,1,1,008,11a,0,0,0,685a6691ad69da16eda46f9a76eda3685a36edbb681a4691bb6e5af691bb691a1695be695bb6e5a5,0,00c,1,0,1,0,1,0,1,0,1,1
720,720,0,c0f02c0f02c0b02c0b02c0b02c0b02c0b02c0b02c0b02c0b06c1f4fd3b4ec2b02c0f02c0b02c0b02,521515515c5014852d4a55d405294e55d46521545595255d5452140529555595550d4857d465354d,685a7691ad69da16eda46fda76e9a3699a06edbb681a4695bb6e5af691bb691a6695be6e1bb6e5a4,9d66d9d2649b66e9b66c9c6719c2679c26c9d2679ae719ce6e9c66d9be6a9ba6e9ae709a66c9ce6d,3,"SENDING_EVENT",000,009,00c,4,e,3,0,2,009,16e,0,0,0,685a6691ad69da16eda46f9a76eda3685a36edbb681a4691bb6e5af691bb691a1695be695bb6e5a5,0,00c,1,0,1,0,1,0,1,0,1,1
721,721,0,c0f02c0f02c0b02c0b02c0b02c0b02c0b02c0b02c0b02c0b06c1f4fd3b4ec2b02c0f02c0b02c0b02,521515515c5014852d4a55d405294e55d46521545595255d5452140529555595550d4857d465354d,685a7691ad69da16eda46fda76e9a3699a06edbb681a4695bb6e5af691bb691a6695be6e1bb6e5a4,9d66d9d2649b66e9b66c9c6719c2679c26c9d2679ae719ce6e9c66d9be6a9ba6e9ae709a66c9ce6d,3,"SEND_FOOTER",000,00a,00c,4,5,1,1,1,00a,1a5,0,0,0,685a6691ad69da16eda46f9a76eda3685a36edbb681a4691bb6e5af691bb691a1695be695bb6e5a5,0,00c,1,0,1,0,1,0,1,0,1,1
722,722,0,c0f02c0f02c0b02c0b02c0b02c0b02c0b02c0b02c0b02c0b06c1f4fd3b4ec2b02c0f02c0b02c0b02,521515515c5014852d4a55d405294e55d46521545595255d5452140529555595550d4857d465354d,685a7691ad69da16eda46fda76e9a3699a06edbb681a4695bb6e5af691bb691a6695be6e1bb6e5a4,9d66d9d2649b66e9b66c9c6719c2679c26c9d2679ae719ce6e9c66d9be6a9ba6e9ae709a66c9ce6d,3,"END_EVENT",000,00b,00c,4,3,3,0,3,00b,103,0,0,0,685a6691ad69da16eda46f9a76eda3685a36edbb681a4691bb6e5af691bb691a1695be695bb6e5a5,0,00c,1,0,1,0,1,0,1,0,1,1
723,723,0,c0f02c0f02c0b02c0b02c0b02c0b02c0b02c0b02c0b02c0b06c1f4fd3b4ec2b02c0f02c0b02c0b02,521515515c5014852d4a55d405294e55d46521545595255d5452140529555595550d4857d465354d,685a7691ad69da16eda46fda76e9a3699a06edbb681a4695bb6e5af691bb691a6695be6e1bb6e5a4,9d66d9d2649b66e9b66c9c6719c2679c26c9d2679ae719ce6e9c66d9be6a9ba6e9ae709a66c9ce6d,3,"WAIT",000,00b,00c,4,3,3,0,3,00b,103,0,0,0,685a6691ad69da16eda46f9a76eda3685a36edbb681a4691bb6e5af691bb691a1695be695bb6e5a5,0,00c,1,0,1,1,1,0,0,0,1,1
724,724,0,c0f02c0f02c0b02c0b02c0b02c0b02c0b02c0b02c0b02c0b06c1f4fd3b4ec2b02c0f02c0b02c0b02,521515515c5014852d4a55d405294e55d46521545595255d5452140529555595550d4857d465354d,685a7691ad69da16eda46fda76e9a3699a06edbb681a4695bb6e5af691bb691a6695be6e1bb6e5a4,9d66d9d2649b66e9b66c9c6719c2679c26c9d2679ae719ce6e9c66d9be6a9ba6e9ae709a66c9ce6d,3,"SEND_HEADER",000,00b,00c,4,3,3,0,3,00b,103,0,0,0,685a6691ad69da16eda46f9a76eda3685a36edbb681a4691bb6e5af691bb691a1695be695bb6e5a5,0,00c,1,1,1,0,1,0,0,0,1,1
725,725,0,c0f02c0f02c0b02c0b02c0b02c0b02c0b02c0b02c0b02c0b06c1f4fd3b4ec2b02c0f02c0b02c0b02,521515515c5014852d4a55d405294e55d46521545595255d5452140529555595550d4857d465354d,685a7691ad69da16eda46fda76e9a3699a06edbb681a4695bb6e5af691bb691a6695be6e1bb6e5a4,9d66d9d2649b66e9b66c9c6719c2679c26c9d2679ae719ce6e9c66d9be6a9ba6e9ae709a66c9ce6d,3,"SENDING_EVENT",000,000,00c,0,4,3,1,2,000,104,0,0,0,685a6691ad69da16eda46f9a76eda3685a36edbb681a4691bb6e5af691bb691a1695be695bb6e5a5,0,00c,1,0,0,0,1,0,1,0,1,1
726,726,0,c0f02c0f02c0b02c0b02c0b02c0b02c0b02c0b02c0b02c0b06c1f4fd3b4ec2b02c0f02c0b02c0b02,521515515c5014852d4a55d405294e55d46521545595255d5452140529555595550d4857d465354d,685a7691ad69da16eda46fda76e9a3699a06edbb681a4695bb6e5af691bb691a6695be6e1bb6e5a4,9d66d9d2649b66e9b66c9c6719c2679c26c9d2679ae719ce6e9c66d9be6a9ba6e9ae709a66c9ce6d,3,"SENDING_EVENT",000,001,00c,0,1,2,0,2,001,091,0,0,0,685a6691ad69da16eda46f9a76eda3685a36edbb681a4691bb6e5af691bb691a1695be695bb6e5a5,0,00c,0,0,0,0,1,0,1,0,1,0
727,727,0,c0f02c0f02c0b02c0b02c0b02c0b02c0b02c0b02c0b02c0b06c1f4fd3b4ec2b02c0f02c0b02c0b02,521515515c5014852d4a55d405294e55d46521545595255d5452140529555595550d4857d465354d,685a7691ad69da16eda46fda76e9a3699a06edbb681a4695bb6e5af691bb691a6695be6e1bb6e5a4,9d66d9d2649b66e9b66c9c6719c2679c26c9d2679ae719ce6e9c66d9be6a9ba6e9ae709a66c9ce6d,3,"SENDING_EVENT",000,002,00c,0,6,2,1,2,002,016,0,0,0,685a6691ad69da16eda46f9a76eda3685a36edbb681a4691bb6e5af691bb691a1695be695bb6e5a5,0,00c,0,0,0,0,1,0,1,0,1,0
728,728,0,c0f02c0f02c0b02c0b02c0b02c0b02c0b02c0b02c0b02c0b06c1f4fd3b4ec2b02c0f02c0b02c0b02,521515515c5014852d4a55d405294e55d46521545595255d5452140529555595550d4857d465354d,685a7691ad69da16eda46fda76e9a3699a06edbb681a4695bb6e5af691bb691a6695be6e1bb6e5a4,9d66d9d2649b66e9b66c9c6719c2679c26c9d2679ae719ce6e9c66d9be6a9ba6e9ae709a66c9ce6d,3,"SENDING_EVENT",000,003,00c,0,a,3,1,2,003,19a,0,0,0,685a6691ad69da16eda46f9a76eda3685a36edbb681a4691bb6e5af691bb691a1695be695bb6e5a5,0,00c,0,0,0,0,1,0,1,0,1,0
729,729,0,c0f02c0f02c0b02c0b02c0b02c0b02c0b02c0b02c0b02c0b06c1f4fd3b4ec2b02c0f02c0b02c0b02,521515515c5014852d4a55d405294e55d46521545595255d5452140529555595550d4857d465354d,685a7691ad69da16eda46fda76e9a3699a06edbb681a4695bb6e5af691bb691a6695be6e1bb6e5a4,9d66d9d2649b66e9b66c9c6719c2679c26c9d2679ae719ce6e9c66d9be6a9ba6e9ae709a66c9ce6d,3,"SENDING_EVENT",000,004,00c,0,8,3,0,3,004,168,0,0,0,685a6691ad69da16eda46f9a76eda3685a36edbb681a4691bb6e5af691bb691a1695be695bb6e5a5,0,00c,0,0,0,0,1,0,1,0,1,0
730,730,0,c0f02c0f02c0b02c0b02c0b02c0b02c0b02c0b02c0b02c0b06c1f4fd3b4ec2b02c0f02c0b02c0b02,521515515c5014852d4a55d405294e55d46521545595255d5452140529555595550d4857d465354d,685a7691ad69da16eda46fda76e9a3699a06edbb681a4695bb6e5af691bb691a6695be6e1bb6e5a4,9d66d9d2649b66e9b66c9c6719c2679c26c9d2679ae719ce6e9c66d9be6a9ba6e9ae709a66c9ce6d,3,"SENDING_EVENT",000,005,00c,0,b,1,0,1,005,1bb,0,0,0,685a6691ad69da16eda46f9a76eda3685a36edbb681a4691bb6e5af691bb691a1695be695bb6e5a5,0,00c,0,0,0,0,1,0,1,0,1,0
731,731,0,c0f02c0f02c0b02c0b02c0b02c0b02c0b02c0b02c0b02c0b06c1f4fd3b4ec2b02c0f02c0b02c0b02,521515515c5014852d4a55d405294e55d46521545595255d5452140529555595550d4857d465354d,685a7691ad69da16eda46fda76e9a3699a06edbb681a4695bb6e5af691bb691a6695be6e1bb6e5a4,9d66d9d2649b66e9b66c9c6719c2679c26c9d2679ae719ce6e9c66d9be6a9ba6e9ae709a66c9ce6d,3,"SENDING_EVENT",000,006,00c,0,1,2,0,2,006,091,0,0,0,685a6691ad69da16eda46f9a76eda3685a36edbb681a4691bb6e5af691bb691a1695be695bb6e5a5,0,00c,0,0,0,0,1,0,1,0,1,0
732,732,0,c0f02c0f02c0b02c0b02c0b02c0b02c0b02c0b02c0b02c0b06c1f4fd3b4ec2b02c0f02c0b02c0b02,521515515c5014852d4a55d405294e55d46521545595255d5452140529555595550d4857d465354d,685a7691ad69da16eda46fda76e9a3699a06edbb681a4695bb6e5af691bb691a6695be6e1bb6e5a4,9d66d9d2649b66e9b66c9c6719c2679c26c9d2679ae719ce6e9c66d9be6a9ba6e9ae709a66c9ce6d,3,"SENDING_EVENT",000,007,00c,0,6,2,1,3,007,0f6,0,0,0,685a6691ad69da16eda46f9a76eda3685a36edbb681a4691bb6e5af691bb691a1695be695bb6e5a5,0,00c,0,0,0,0,1,0,1,0,1,0
733,733,0,c0f02c0f02c0b02c0b02c0b02c0b02c0b02c0b02c0b02c0b06c1f4fd3b4ec2b02c0f02c0b02c0b02,521515515c5014852d4a55d405294e55d46521545595255d5452140529555595550d4857d465354d,685a7691ad69da16eda46fda76e9a3699a06edbb681a4695bb6e5af691bb691a6695be6e1bb6e5a4,9d66d9d2649b66e9b66c9c6719c2679c26c9d2679ae719ce6e9c66d9be6a9ba6e9ae709a66c9ce6d,3,"SENDING_EVENT",000,008,00c,0,a,1,1,1,008,11a,0,0,0,685a6691ad69da16eda46f9a76eda3685a36edbb681a4691bb6e5af691bb691a1695be695bb6e5a5,0,00c,0,0,0,0,1,0,1,0,1,0
734,734,0,c0f02c0f02c0b02c0b02c0b02c0b02c0b02c0b02c0b02c0b06c1f4fd3b4ec2b02c0f02c0b02c0b02,521515515c5014852d4a55d405294e55d46521545595255d5452140529555595550d4857d465354d,685a7691ad69da16eda46fda76e9a3699a06edbb681a4695bb6e5af691bb691a6695be6e1bb6e5a4,9d66d9d2649b66e9b66c9c6719c2679c26c9d2679ae719ce6e9c66d9be6a9ba6e9ae709a66c9ce6d,3,"SENDING_EVENT",000,009,00c,0,9,2,0,1,009,069,0,0,0,685a6691ad69da16eda46f9a76eda3685a36edbb681a4691bb6e5af691bb691a1695be695bb6e5a5,0,00c,0,0,0,0,1,0,1,0,1,0
735,735,0,c0f02c0f02c0b02c0b02c0b02c0b02c0b02c0b02c0b02c0b06c1f4fd3b4ec2b02c0f02c0b02c0b02,521515515c5014852d4a55d405294e55d46521545595255d5452140529555595550d4857d465354d,685a7691ad69da16eda46fda76e9a3699a06edbb681a4695bb6e5af691bb691a6695be6e1bb6e5a4,9d66d9d2649b66e9b66c9c6719c2679c26c9d2679ae719ce6e9c66d9be6a9ba6e9ae709a66c9ce6d,3,"SEND_FOOTER",000,00a,00c,0,5,1,1,1,00a,1a5,0,0,0,685a6691ad69da16eda46f9a76eda3685a36edbb681a4691bb6e5af691bb691a1695be695bb6e5a5,0,00c,0,0,0,0,1,0,1,0,1,0
736,736,0,c0f02c0f02c0b02c0b02c0b02c0b02c0b02c0b02c0b02c0b06c1f4fd3b4ec2b02c0f02c0b02c0b02,521515515c5014852d4a55d405294e55d46521545595255d5452140529555595550d4857d465354d,685a7691ad69da16eda46fda76e9a3699a06edbb681a4695bb6e5af691bb691a6695be6e1bb6e5a4,9d66d9d2649b66e9b66c9c6719c2679c26c9d2679ae719ce6e9c66d9be6a9ba6e9ae709a66c9ce6d,3,"END_EVENT",000,00b,00c,0,4,3,0,3,00b,104,0,0,0,685a6691ad69da16eda46f9a76eda3685a36edbb681a4691bb6e5af691bb691a1695be695bb6e5a5,0,00c,0,0,0,0,1,0,1,0,1,0
737,737,0,c0f02c0f02c0b02c0b02c0b02c0b02c0b02c0b02c0b02c0b06c1f4fd3b4ec2b02c0f02c0b02c0b02,521515515c5014852d4a55d405294e55d46521545595255d5452140529555595550d4857d465354d,685a7691ad69da16eda46fda76e9a3699a06edbb681a4695bb6e5af691bb691a6695be6e1bb6e5a4,9d66d9d2649b66e9b66c9c6719c2679c26c9d2679ae719ce6e9c66d9be6a9ba6e9ae709a66c9ce6d,3,"WAIT",000,00b,00c,0,4,3,0,3,00b,104,0,0,0,685a6691ad69da16eda46f9a76eda3685a36edbb681a4691bb6e5af691bb691a1695be695bb6e5a5,0,00c,0,0,0,1,1,0,0,0,1,0
738,738,0,c0f02c0f02c0b02c0b02c0b02c0b02c0b02c0b02c0b02c0b06c1f4fd3b4ec2b02c0f02c0b02c0b02,521515515c5014852d4a55d405294e55d46521545595255d5452140529555595550d4857d465354d,685a7691ad69da16eda46fda76e9a3699a06edbb681a4695bb6e5af691bb691a6695be6e1bb6e5a4,9d66d9d2649b66e9b66c9c6719c2679c26c9d2679ae719ce6e9c66d9be6a9ba6e9ae709a66c9ce6d,3,"WAIT",000,00b,00c,0,4,3,0,3,00b,104,0,0,0,685a6691ad69da16eda46f9a76eda3685a36edbb681a4691bb6e5af691bb691a1695be695bb6e5a5,0,00c,0,0,0,0,1,0,0,0,1,0
739,739,0,c0f02c0f02c0b02c0b02c0b02c0b02c0b02c0b02c0b02c0b06c1f4fd3b4ec2b02c0f02c0b02c0b02,521515515c5014852d4a55d405294e55d46521545595255d5452140529555595550d4857d465354d,685a7691ad69da16eda46fda76e9a3699a06edbb681a4695bb6e5af691bb691a6695be6e1bb6e5a4,9d66d9d2649b66e9b66c9c6719c2679c26c9d2679ae719ce6e9c66d9be6a9ba6e9ae709a66c9ce6d,3,"WAIT",000,00b,00c,0,4,3,0,3,00b,104,0,0,0,685a6691ad69da16eda46f9a76eda3685a36edbb681a4691bb6e5af691bb691a1695be695bb6e5a5,0,00c,0,0,0,0,1,0,0,0,1,0
740,740,0,c0f02c0f02c0b02c0b02c0b02c0b02c0b02c0b02c0b02c0b06c1f4fd3b4ec2b02c0f02c0b02c0b02,521515515c5014852d4a55d405294e55d46521545595255d5452140529555595550d4857d465354d,685a7691ad69da16eda46fda76e9a3699a06edbb681a4695bb6e5af691bb691a6695be6e1bb6e5a4,9d66d9d2649b66e9b66c9c6719c2679c26c9d2679ae719ce6e9c66d9be6a9ba6e9ae709a66c9ce6d,3,"WAIT",000,00b,00c,0,4,3,0,3,00b,104,0,0,0,685a6691ad69da16eda46f9a76eda3685a36edbb681a4691bb6e5af691bb691a1695be695bb6e5a5,0,00c,0,0,0,0,1,0,0,0,1,0
741,741,0,c0f02c0f02c0b02c0b02c0b02c0b02c0b02c0b02c0b02c0b06c1f4fd3b4ec2b02c0f02c0b02c0b02,521515515c5014852d4a55d405294e55d46521545595255d5452140529555595550d4857d465354d,685a7691ad69da16eda46fda76e9a3699a06edbb681a4695bb6e5af691bb691a6695be6e1bb6e5a4,9d66d9d2649b66e9b66c9c6719c2679c26c9d2679ae719ce6e9c66d9be6a9ba6e9ae709a66c9ce6d,3,"WAIT",000,00b,00c,0,4,3,0,3,00b,104,0,0,0,685a6691ad69da16eda46f9a76eda3685a36edbb681a4691bb6e5af691bb691a1695be695bb6e5a5,0,00c,0,0,0,0,1,0,0,0,1,0
742,742,0,c0f02c0f02c0b02c0b02c0b02c0b02c0b02c0b02c0b02c0b06c1f4fd3b4ec2b02c0f02c0b02c0b02,521515515c5014852d4a55d405294e55d46521545595255d5452140529555595550d4857d465354d,685a7691ad69da16eda46fda76e9a3699a06edbb681a4695bb6e5af691bb691a6695be6e1bb6e5a4,9d66d9d2649b66e9b66c9c6719c2679c26c9d2679ae719ce6e9c66d9be6a9ba6e9ae709a66c9ce6d,3,"WAIT",000,00b,00c,0,4,3,0,3,00b,104,0,0,0,685a6691ad69da16eda46f9a76eda3685a36edbb681a4691bb6e5af691bb691a1695be695bb6e5a5,0,00c,0,0,0,0,1,0,0,0,1,0
743,743,0,c0f02c0f02c0b02c0b02c0b02c0b02c0b02c0b02c0b02c0b06c1f4fd3b4ec2b02c0f02c0b02c0b02,521515515c5014852d4a55d405294e55d46521545595255d5452140529555595550d4857d465354d,685a7691ad69da16eda46fda76e9a3699a06edbb681a4695bb6e5af691bb691a6695be6e1bb6e5a4,9d66d9d2649b66e9b66c9c6719c2679c26c9d2679ae719ce6e9c66d9be6a9ba6e9ae709a66c9ce6d,3,"WAIT",000,00b,00c,0,4,3,0,3,00b,104,0,0,0,685a6691ad69da16eda46f9a76eda3685a36edbb681a4691bb6e5af691bb691a1695be695bb6e5a5,0,00c,0,0,0,0,1,0,0,0,1,0
744,744,0,c0f02c0f02c0b02c0b02c0b02c0b02c0b02c0b02c0b02c0b06c1f4fd3b4ec2b02c0f02c0b02c0b02,521515515c5014852d4a55d405294e55d46521545595255d5452140529555595550d4857d465354d,685a7691ad69da16eda46fda76e9a3699a06edbb681a4695bb6e5af691bb691a6695be6e1bb6e5a4,9d66d9d2649b66e9b66c9c6719c2679c26c9d2679ae719ce6e9c66d9be6a9ba6e9ae709a66c9ce6d,3,"WAIT",000,00b,00c,0,4,3,0,3,00b,104,0,0,0,685a6691ad69da16eda46f9a76eda3685a36edbb681a4691bb6e5af691bb691a1695be695bb6e5a5,0,00c,0,0,0,0,1,0,0,0,1,0
745,745,0,c0f02c0f02c0b02c0b02c0b02c0b02c0b02c0b02c0b02c0b06c1f4fd3b4ec2b02c0f02c0b02c0b02,521515515c5014852d4a55d405294e55d46521545595255d5452140529555595550d4857d465354d,685a7691ad69da16eda46fda76e9a3699a06edbb681a4695bb6e5af691bb691a6695be6e1bb6e5a4,9d66d9d2649b66e9b66c9c6719c2679c26c9d2679ae719ce6e9c66d9be6a9ba6e9ae709a66c9ce6d,3,"WAIT",000,00b,00c,0,4,3,0,3,00b,104,0,0,0,685a6691ad69da16eda46f9a76eda3685a36edbb681a4691bb6e5af691bb691a1695be695bb6e5a5,0,00c,0,0,0,0,1,0,0,0,1,0
746,746,0,c0f02c0f02c0b02c0b02c0b02c0b02c0b02c0b02c0b02c0b06c1f4fd3b4ec2b02c0f02c0b02c0b02,521515515c5014852d4a55d405294e55d46521545595255d5452140529555595550d4857d465354d,685a7691ad69da16eda46fda76e9a3699a06edbb681a4695bb6e5af691bb691a6695be6e1bb6e5a4,9d66d9d2649b66e9b66c9c6719c2679c26c9d2679ae719ce6e9c66d9be6a9ba6e9ae709a66c9ce6d,3,"WAIT",000,00b,00c,0,4,3,0,3,00b,104,0,0,0,685a6691ad69da16eda46f9a76eda3685a36edbb681a4691bb6e5af691bb691a1695be695bb6e5a5,0,00c,0,0,0,0,1,0,0,0,1,0
747,747,0,c0f02c0f02c0b02c0b02c0b02c0b02c0b02c0b02c0b02c0b06c1f4fd3b4ec2b02c0f02c0b02c0b02,521515515c5014852d4a55d405294e55d46521545595255d5452140529555595550d4857d465354d,685a7691ad69da16eda46fda76e9a3699a06edbb681a4695bb6e5af691bb691a6695be6e1bb6e5a4,9d66d9d2649b66e9b66c9c6719c2679c26c9d2679ae719ce6e9c66d9be6a9ba6e9ae709a66c9ce6d,3,"WAIT",000,00b,00c,0,4,3,0,3,00b,104,0,0,0,685a6691ad69da16eda46f9a76eda3685a36edbb681a4691bb6e5af691bb691a1695be695bb6e5a5,0,00c,0,0,0,0,1,0,0,0,1,0
748,748,0,c0f02c0f02c0b02c0b02c0b02c0b02c0b02c0b02c0b02c0b06c1f4fd3b4ec2b02c0f02c0b02c0b02,521515515c5014852d4a55d405294e55d46521545595255d5452140529555595550d4857d465354d,685a7691ad69da16eda46fda76e9a3699a06edbb681a4695bb6e5af691bb691a6695be6e1bb6e5a4,9d66d9d2649b66e9b66c9c6719c2679c26c9d2679ae719ce6e9c66d9be6a9ba6e9ae709a66c9ce6d,3,"WAIT",000,00b,00c,0,4,3,0,3,00b,104,0,0,0,685a6691ad69da16eda46f9a76eda3685a36edbb681a4691bb6e5af691bb691a1695be695bb6e5a5,0,00c,0,0,0,0,1,0,0,0,1,0
749,749,0,c0f02c0f02c0b02c0b02c0b02c0b02c0b02c0b02c0b02c0b06c1f4fd3b4ec2b02c0f02c0b02c0b02,521515515c5014852d4a55d405294e55d46521545595255d5452140529555595550d4857d465354d,685a7691ad69da16eda46fda76e9a3699a06edbb681a4695bb6e5af691bb691a6695be6e1bb6e5a4,9d66d9d2649b66e9b66c9c6719c2679c26c9d2679ae719ce6e9c66d9be6a9ba6e9ae709a66c9ce6d,3,"WAIT",000,00b,00c,0,4,3,0,3,00b,104,0,0,0,685a6691ad69da16eda46f9a76eda3685a36edbb681a4691bb6e5af691bb691a1695be695bb6e5a5,0,00c,0,0,0,0,1,0,0,0,1,0
750,750,0,c0f02c0f02c0b02c0b02c0b02c0b02c0b02c0b02c0b02c0b06c1f4fd3b4ec2b02c0f02c0b02c0b02,521515515c5014852d4a55d405294e55d46521545595255d5452140529555595550d4857d465354d,685a7691ad69da16eda46fda76e9a3699a06edbb681a4695bb6e5af691bb691a6695be6e1bb6e5a4,9d66d9d2649b66e9b66c9c6719c2679c26c9d2679ae719ce6e9c66d9be6a9ba6e9ae709a66c9ce6d,3,"WAIT",000,00b,00c,0,4,3,0,3,00b,104,0,0,0,685a6691ad69da16eda46f9a76eda3685a36edbb681a4691bb6e5af691bb691a1695be695bb6e5a5,0,00c,0,0,0,0,1,0,0,0,1,0
751,751,0,c0f02c0f02c0b02c0b02c0b02c0b02c0b02c0b02c0b02c0b06c1f4fd3b4ec2b02c0f02c0b02c0b02,521515515c5014852d4a55d405294e55d46521545595255d5452140529555595550d4857d465354d,685a7691ad69da16eda46fda76e9a3699a06edbb681a4695bb6e5af691bb691a6695be6e1bb6e5a4,9d66d9d2649b66e9b66c9c6719c2679c26c9d2679ae719ce6e9c66d9be6a9ba6e9ae709a66c9ce6d,3,"WAIT",000,00b,00c,0,4,3,0,3,00b,104,0,0,0,685a6691ad69da16eda46f9a76eda3685a36edbb681a4691bb6e5af691bb691a1695be695bb6e5a5,0,00c,0,0,0,0,1,0,0,0,1,0
752,752,0,c0f02c0f02c0b02c0b02c0b02c0b02c0b02c0b02c0b02c0b06c1f4fd3b4ec2b02c0f02c0b02c0b02,521515515c5014852d4a55d405294e55d46521545595255d5452140529555595550d4857d465354d,685a7691ad69da16eda46fda76e9a3699a06edbb681a4695bb6e5af691bb691a6695be6e1bb6e5a4,9d66d9d2649b66e9b66c9c6719c2679c26c9d2679ae719ce6e9c66d9be6a9ba6e9ae709a66c9ce6d,3,"WAIT",000,00b,00c,0,4,3,0,3,00b,104,0,0,0,685a6691ad69da16eda46f9a76eda3685a36edbb681a4691bb6e5af691bb691a1695be695bb6e5a5,0,00c,0,0,0,0,1,0,0,0,1,0
753,753,0,c0f02c0f02c0b02c0b02c0b02c0b02c0b02c0b02c0b02c0b06c1f4fd3b4ec2b02c0f02c0b02c0b02,521515515c5014852d4a55d405294e55d46521545595255d5452140529555595550d4857d465354d,685a7691ad69da16eda46fda76e9a3699a06edbb681a4695bb6e5af691bb691a6695be6e1bb6e5a4,9d66d9d2649b66e9b66c9c6719c2679c26c9d2679ae719ce6e9c66d9be6a9ba6e9ae709a66c9ce6d,3,"WAIT",000,00b,00c,0,4,3,0,3,00b,104,0,0,0,685a6691ad69da16eda46f9a76eda3685a36edbb681a4691bb6e5af691bb691a1695be695bb6e5a5,0,00c,0,0,0,0,1,0,0,0,1,0
754,754,0,c0f02c0f02c0b02c0b02c0b02c0b02c0b02c0b02c0b02c0b06c1f4fd3b4ec2b02c0f02c0b02c0b02,521515515c5014852d4a55d405294e55d46521545595255d5452140529555595550d4857d465354d,685a7691ad69da16eda46fda76e9a3699a06edbb681a4695bb6e5af691bb691a6695be6e1bb6e5a4,9d66d9d2649b66e9b66c9c6719c2679c26c9d2679ae719ce6e9c66d9be6a9ba6e9ae709a66c9ce6d,3,"WAIT",000,00b,00c,0,4,3,0,3,00b,104,0,0,0,685a6691ad69da16eda46f9a76eda3685a36edbb681a4691bb6e5af691bb691a1695be695bb6e5a5,0,00c,0,0,0,0,1,0,0,0,1,0
755,755,0,c0f02c0f02c0b02c0b02c0b02c0b02c0b02c0b02c0b02c0b06c1f4fd3b4ec2b02c0f02c0b02c0b02,521515515c5014852d4a55d405294e55d46521545595255d5452140529555595550d4857d465354d,685a7691ad69da16eda46fda76e9a3699a06edbb681a4695bb6e5af691bb691a6695be6e1bb6e5a4,9d66d9d2649b66e9b66c9c6719c2679c26c9d2679ae719ce6e9c66d9be6a9ba6e9ae709a66c9ce6d,3,"WAIT",000,00b,00c,0,4,3,0,3,00b,104,0,0,0,685a6691ad69da16eda46f9a76eda3685a36edbb681a4691bb6e5af691bb691a1695be695bb6e5a5,0,00c,0,0,0,0,1,0,0,0,1,0
756,756,0,c0f02c0f02c0b02c0b02c0b02c0b02c0b02c0b02c0b02c0b06c1f4fd3b4ec2b02c0f02c0b02c0b02,521515515c5014852d4a55d405294e55d46521545595255d5452140529555595550d4857d465354d,685a7691ad69da16eda46fda76e9a3699a06edbb681a4695bb6e5af691bb691a6695be6e1bb6e5a4,9d66d9d2649b66e9b66c9c6719c2679c26c9d2679ae719ce6e9c66d9be6a9ba6e9ae709a66c9ce6d,3,"WAIT",000,00b,00c,0,4,3,0,3,00b,104,0,0,0,685a6691ad69da16eda46f9a76eda3685a36edbb681a4691bb6e5af691bb691a1695be695bb6e5a5,0,00c,0,0,0,0,1,0,0,0,1,0
757,757,0,c0f02c0f02c0b02c0b02c0b02c0b02c0b02c0b02c0b02c0b06c1f4fd3b4ec2b02c0f02c0b02c0b02,521515515c5014852d4a55d405294e55d46521545595255d5452140529555595550d4857d465354d,685a7691ad69da16eda46fda76e9a3699a06edbb681a4695bb6e5af691bb691a6695be6e1bb6e5a4,9d66d9d2649b66e9b66c9c6719c2679c26c9d2679ae719ce6e9c66d9be6a9ba6e9ae709a66c9ce6d,3,"WAIT",000,00b,00c,0,4,3,0,3,00b,104,0,0,0,685a6691ad69da16eda46f9a76eda3685a36edbb681a4691bb6e5af691bb691a1695be695bb6e5a5,0,00c,0,0,0,0,1,0,0,0,1,0
758,758,0,c0f02c0f02c0b02c0b02c0b02c0b02c0b02c0b02c0b02c0b06c1f4fd3b4ec2b02c0f02c0b02c0b02,521515515c5014852d4a55d405294e55d46521545595255d5452140529555595550d4857d465354d,685a7691ad69da16eda46fda76e9a3699a06edbb681a4695bb6e5af691bb691a6695be6e1bb6e5a4,9d66d9d2649b66e9b66c9c6719c2679c26c9d2679ae719ce6e9c66d9be6a9ba6e9ae709a66c9ce6d,3,"WAIT",000,00b,00c,0,4,3,0,3,00b,104,0,0,0,685a6691ad69da16eda46f9a76eda3685a36edbb681a4691bb6e5af691bb691a1695be695bb6e5a5,0,00c,0,0,0,0,1,0,0,0,1,0
759,759,0,c0f02c0f02c0b02c0b02c0b02c0b02c0b02c0b02c0b02c0b06c1f4fd3b4ec2b02c0f02c0b02c0b02,521515515c5014852d4a55d405294e55d46521545595255d5452140529555595550d4857d465354d,685a7691ad69da16eda46fda76e9a3699a06edbb681a4695bb6e5af691bb691a6695be6e1bb6e5a4,9d66d9d2649b66e9b66c9c6719c2679c26c9d2679ae719ce6e9c66d9be6a9ba6e9ae709a66c9ce6d,3,"WAIT",000,00b,00c,0,4,3,0,3,00b,104,0,0,0,685a6691ad69da16eda46f9a76eda3685a36edbb681a4691bb6e5af691bb691a1695be695bb6e5a5,0,00c,0,0,0,0,1,0,0,0,1,0
760,760,0,c0f02c0f02c0b02c0b02c0b02c0b02c0b02c0b02c0b02c0b06c1f4fd3b4ec2b02c0f02c0b02c0b02,521515515c5014852d4a55d405294e55d46521545595255d5452140529555595550d4857d465354d,685a7691ad69da16eda46fda76e9a3699a06edbb681a4695bb6e5af691bb691a6695be6e1bb6e5a4,9d66d9d2649b66e9b66c9c6719c2679c26c9d2679ae719ce6e9c66d9be6a9ba6e9ae709a66c9ce6d,3,"WAIT",000,00b,00c,0,4,3,0,3,00b,104,0,0,0,685a6691ad69da16eda46f9a76eda3685a36edbb681a4691bb6e5af691bb691a1695be695bb6e5a5,0,00c,0,0,0,0,1,0,0,0,1,0
761,761,0,c0f02c0f02c0b02c0b02c0b02c0b02c0b02c0b02c0b02c0b06c1f4fd3b4ec2b02c0f02c0b02c0b02,521515515c5014852d4a55d405294e55d46521545595255d5452140529555595550d4857d465354d,685a7691ad69da16eda46fda76e9a3699a06edbb681a4695bb6e5af691bb691a6695be6e1bb6e5a4,9d66d9d2649b66e9b66c9c6719c2679c26c9d2679ae719ce6e9c66d9be6a9ba6e9ae709a66c9ce6d,3,"WAIT",000,00b,00c,0,4,3,0,3,00b,104,0,0,0,685a6691ad69da16eda46f9a76eda3685a36edbb681a4691bb6e5af691bb691a1695be695bb6e5a5,0,00c,0,0,0,0,1,0,0,0,1,0
762,762,0,c0f02c0f02c0b02c0b02c0b02c0b02c0b02c0b02c0b02c0b06c1f4fd3b4ec2b02c0f02c0b02c0b02,521515515c5014852d4a55d405294e55d46521545595255d5452140529555595550d4857d465354d,685a7691ad69da16eda46fda76e9a3699a06edbb681a4695bb6e5af691bb691a6695be6e1bb6e5a4,9d66d9d2649b66e9b66c9c6719c2679c26c9d2679ae719ce6e9c66d9be6a9ba6e9ae709a66c9ce6d,3,"WAIT",000,00b,00c,0,4,3,0,3,00b,104,0,0,0,685a6691ad69da16eda46f9a76eda3685a36edbb681a4691bb6e5af691bb691a1695be695bb6e5a5,0,00c,0,0,0,0,1,0,0,0,1,0
763,763,0,c0f02c0f02c0b02c0b02c0b02c0b02c0b02c0b02c0b02c0b06c1f4fd3b4ec2b02c0f02c0b02c0b02,521515515c5014852d4a55d405294e55d46521545595255d5452140529555595550d4857d465354d,685a7691ad69da16eda46fda76e9a3699a06edbb681a4695bb6e5af691bb691a6695be6e1bb6e5a4,9d66d9d2649b66e9b66c9c6719c2679c26c9d2679ae719ce6e9c66d9be6a9ba6e9ae709a66c9ce6d,3,"WAIT",000,00b,00c,0,4,3,0,3,00b,104,0,0,0,685a6691ad69da16eda46f9a76eda3685a36edbb681a4691bb6e5af691bb691a1695be695bb6e5a5,0,00c,0,0,0,0,1,0,0,0,1,0
764,764,0,c0f02c0f02c0b02c0b02c0b02c0b02c0b02c0b02c0b02c0b06c1f4fd3b4ec2b02c0f02c0b02c0b02,521515515c5014852d4a55d405294e55d46521545595255d5452140529555595550d4857d465354d,685a7691ad69da16eda46fda76e9a3699a06edbb681a4695bb6e5af691bb691a6695be6e1bb6e5a4,9d66d9d2649b66e9b66c9c6719c2679c26c9d2679ae719ce6e9c66d9be6a9ba6e9ae709a66c9ce6d,3,"WAIT",000,00b,00c,0,4,3,0,3,00b,104,0,0,0,685a6691ad69da16eda46f9a76eda3685a36edbb681a4691bb6e5af691bb691a1695be695bb6e5a5,0,00c,0,0,0,0,1,0,0,0,1,0
765,765,0,c0f02c0f02c0b02c0b02c0b02c0b02c0b02c0b02c0b02c0b06c1f4fd3b4ec2b02c0f02c0b02c0b02,521515515c5014852d4a55d405294e55d46521545595255d5452140529555595550d4857d465354d,685a7691ad69da16eda46fda76e9a3699a06edbb681a4695bb6e5af691bb691a6695be6e1bb6e5a4,9d66d9d2649b66e9b66c9c6719c2679c26c9d2679ae719ce6e9c66d9be6a9ba6e9ae709a66c9ce6d,3,"WAIT",000,00b,00c,0,4,3,0,3,00b,104,0,0,0,685a6691ad69da16eda46f9a76eda3685a36edbb681a4691bb6e5af691bb691a1695be695bb6e5a5,0,00c,0,0,0,0,1,0,0,0,1,0
766,766,0,c0f02c0f02c0b02c0b02c0b02c0b02c0b02c0b02c0b02c0b06c1f4fd3b4ec2b02c0f02c0b02c0b02,521515515c5014852d4a55d405294e55d46521545595255d5452140529555595550d4857d465354d,685a7691ad69da16eda46fda76e9a3699a06edbb681a4695bb6e5af691bb691a6695be6e1bb6e5a4,9d66d9d2649b66e9b66c9c6719c2679c26c9d2679ae719ce6e9c66d9be6a9ba6e9ae709a66c9ce6d,3,"WAIT",000,00b,00c,0,4,3,0,3,00b,104,0,0,0,685a6691ad69da16eda46f9a76eda3685a36edbb681a4691bb6e5af691bb691a1695be695bb6e5a5,0,00c,0,0,0,0,1,0,0,0,1,0
767,767,0,c0f02c0f02c0b02c0b02c0b02c0b02c0b02c0b02c0b02c0b06c1f4fd3b4ec2b02c0f02c0b02c0b02,521515515c5014852d4a55d405294e55d46521545595255d5452140529555595550d4857d465354d,685a7691ad69da16eda46fda76e9a3699a06edbb681a4695bb6e5af691bb691a6695be6e1bb6e5a4,9d66d9d2649b66e9b66c9c6719c2679c26c9d2679ae719ce6e9c66d9be6a9ba6e9ae709a66c9ce6d,3,"WAIT",000,00b,00c,0,4,3,0,3,00b,104,0,0,0,685a6691ad69da16eda46f9a76eda3685a36edbb681a4691bb6e5af691bb691a1695be695bb6e5a5,0,00c,0,0,0,0,1,0,0,0,1,0
768,768,0,c0f02c0f02c0b02c0b02c0b02c0b02c0b02c0b02c0b02c0b06c1f4fd3b4ec2b02c0f02c0b02c0b02,521515515c5014852d4a55d405294e55d46521545595255d5452140529555595550d4857d465354d,685a7691ad69da16eda46fda76e9a3699a06edbb681a4695bb6e5af691bb691a6695be6e1bb6e5a4,9d66d9d2649b66e9b66c9c6719c2679c26c9d2679ae719ce6e9c66d9be6a9ba6e9ae709a66c9ce6d,3,"WAIT",000,00b,00c,0,4,3,0,3,00b,104,0,0,0,685a6691ad69da16eda46f9a76eda3685a36edbb681a4691bb6e5af691bb691a1695be695bb6e5a5,0,00c,0,0,0,0,1,0,0,0,1,0
769,769,0,c0f02c0f02c0b02c0b02c0b02c0b02c0b02c0b02c0b02c0b06c1f4fd3b4ec2b02c0f02c0b02c0b02,521515515c5014852d4a55d405294e55d46521545595255d5452140529555595550d4857d465354d,685a7691ad69da16eda46fda76e9a3699a06edbb681a4695bb6e5af691bb691a6695be6e1bb6e5a4,9d66d9d2649b66e9b66c9c6719c2679c26c9d2679ae719ce6e9c66d9be6a9ba6e9ae709a66c9ce6d,3,"WAIT",000,00b,00c,0,4,3,0,3,00b,104,0,0,0,685a6691ad69da16eda46f9a76eda3685a36edbb681a4691bb6e5af691bb691a1695be695bb6e5a5,0,00c,0,0,0,0,1,0,0,0,1,0
770,770,0,c0f02c0f02c0b02c0b02c0b02c0b02c0b02c0b02c0b02c0b06c1f4fd3b4ec2b02c0f02c0b02c0b02,521515515c5014852d4a55d405294e55d46521545595255d5452140529555595550d4857d465354d,685a7691ad69da16eda46fda76e9a3699a06edbb681a4695bb6e5af691bb691a6695be6e1bb6e5a4,9d66d9d2649b66e9b66c9c6719c2679c26c9d2679ae719ce6e9c66d9be6a9ba6e9ae709a66c9ce6d,3,"WAIT",000,00b,00c,0,4,3,0,3,00b,104,0,0,0,685a6691ad69da16eda46f9a76eda3685a36edbb681a4691bb6e5af691bb691a1695be695bb6e5a5,0,00c,0,0,0,0,1,0,0,0,1,0
771,771,0,c0f02c0f02c0b02c0b02c0b02c0b02c0b02c0b02c0b02c0b06c1f4fd3b4ec2b02c0f02c0b02c0b02,521515515c5014852d4a55d405294e55d46521545595255d5452140529555595550d4857d465354d,685a7691ad69da16eda46fda76e9a3699a06edbb681a4695bb6e5af691bb691a6695be6e1bb6e5a4,9d66d9d2649b66e9b66c9c6719c2679c26c9d2679ae719ce6e9c66d9be6a9ba6e9ae709a66c9ce6d,3,"WAIT",000,00b,00c,0,4,3,0,3,00b,104,0,0,0,685a6691ad69da16eda46f9a76eda3685a36edbb681a4691bb6e5af691bb691a1695be695bb6e5a5,0,00c,0,0,0,0,1,0,0,0,1,0
772,772,0,c0f02c0f02c0b02c0b02c0b02c0b02c0b02c0b02c0b02c0b06c1f4fd3b4ec2b02c0f02c0b02c0b02,521515515c5014852d4a55d405294e55d46521545595255d5452140529555595550d4857d465354d,685a7691ad69da16eda46fda76e9a3699a06edbb681a4695bb6e5af691bb691a6695be6e1bb6e5a4,9d66d9d2649b66e9b66c9c6719c2679c26c9d2679ae719ce6e9c66d9be6a9ba6e9ae709a66c9ce6d,3,"WAIT",000,00b,00c,0,4,3,0,3,00b,104,0,0,0,685a6691ad69da16eda46f9a76eda3685a36edbb681a4691bb6e5af691bb691a1695be695bb6e5a5,0,00c,0,0,0,0,1,0,0,0,1,0
773,773,0,c0f02c0f02c0b02c0b02c0b02c0b02c0b02c0b02c0b02c0b06c1f4fd3b4ec2b02c0f02c0b02c0b02,521515515c5014852d4a55d405294e55d46521545595255d5452140529555595550d4857d465354d,685a7691ad69da16eda46fda76e9a3699a06edbb681a4695bb6e5af691bb691a6695be6e1bb6e5a4,9d66d9d2649b66e9b66c9c6719c2679c26c9d2679ae719ce6e9c66d9be6a9ba6e9ae709a66c9ce6d,3,"WAIT",000,00b,00c,0,4,3,0,3,00b,104,0,0,0,685a6691ad69da16eda46f9a76eda3685a36edbb681a4691bb6e5af691bb691a1695be695bb6e5a5,0,00c,0,0,0,0,1,0,0,0,1,0
774,774,0,c0f02c0f02c0b02c0b02c0b02c0b02c0b02c0b02c0b02c0b06c1f4fd3b4ec2b02c0f02c0b02c0b02,521515515c5014852d4a55d405294e55d46521545595255d5452140529555595550d4857d465354d,685a7691ad69da16eda46fda76e9a3699a06edbb681a4695bb6e5af691bb691a6695be6e1bb6e5a4,9d66d9d2649b66e9b66c9c6719c2679c26c9d2679ae719ce6e9c66d9be6a9ba6e9ae709a66c9ce6d,3,"WAIT",000,00b,00c,0,4,3,0,3,00b,104,0,0,0,685a6691ad69da16eda46f9a76eda3685a36edbb681a4691bb6e5af691bb691a1695be695bb6e5a5,0,00c,0,0,0,0,1,0,0,0,1,0
775,775,0,c0f02c0f02c0b02c0b02c0b02c0b02c0b02c0b02c0b02c0b06c1f4fd3b4ec2b02c0f02c0b02c0b02,521515515c5014852d4a55d405294e55d46521545595255d5452140529555595550d4857d465354d,685a7691ad69da16eda46fda76e9a3699a06edbb681a4695bb6e5af691bb691a6695be6e1bb6e5a4,9d66d9d2649b66e9b66c9c6719c2679c26c9d2679ae719ce6e9c66d9be6a9ba6e9ae709a66c9ce6d,3,"WAIT",000,00b,00c,0,4,3,0,3,00b,104,0,0,0,685a6691ad69da16eda46f9a76eda3685a36edbb681a4691bb6e5af691bb691a1695be695bb6e5a5,0,00c,0,0,0,0,1,0,0,0,1,0
776,776,0,c0f02c0f02c0b02c0b02c0b02c0b02c0b02c0b02c0b02c0b06c1f4fd3b4ec2b02c0f02c0b02c0b02,521515515c5014852d4a55d405294e55d46521545595255d5452140529555595550d4857d465354d,685a7691ad69da16eda46fda76e9a3699a06edbb681a4695bb6e5af691bb691a6695be6e1bb6e5a4,9d66d9d2649b66e9b66c9c6719c2679c26c9d2679ae719ce6e9c66d9be6a9ba6e9ae709a66c9ce6d,3,"WAIT",000,00b,00c,0,4,3,0,3,00b,104,0,0,0,685a6691ad69da16eda46f9a76eda3685a36edbb681a4691bb6e5af691bb691a1695be695bb6e5a5,0,00c,0,0,0,0,1,0,0,0,1,0
777,777,0,c0f02c0f02c0b02c0b02c0b02c0b02c0b02c0b02c0b02c0b06c1f4fd3b4ec2b02c0f02c0b02c0b02,521515515c5014852d4a55d405294e55d46521545595255d5452140529555595550d4857d465354d,685a7691ad69da16eda46fda76e9a3699a06edbb681a4695bb6e5af691bb691a6695be6e1bb6e5a4,9d66d9d2649b66e9b66c9c6719c2679c26c9d2679ae719ce6e9c66d9be6a9ba6e9ae709a66c9ce6d,3,"WAIT",000,00b,00c,0,4,3,0,3,00b,104,0,0,0,685a6691ad69da16eda46f9a76eda3685a36edbb681a4691bb6e5af691bb691a1695be695bb6e5a5,0,00c,0,0,0,0,1,0,0,0,1,0
778,778,0,c0f02c0f02c0b02c0b02c0b02c0b02c0b02c0b02c0b02c0b06c1f4fd3b4ec2b02c0f02c0b02c0b02,521515515c5014852d4a55d405294e55d46521545595255d5452140529555595550d4857d465354d,685a7691ad69da16eda46fda76e9a3699a06edbb681a4695bb6e5af691bb691a6695be6e1bb6e5a4,9d66d9d2649b66e9b66c9c6719c2679c26c9d2679ae719ce6e9c66d9be6a9ba6e9ae709a66c9ce6d,3,"WAIT",000,00b,00c,0,4,3,0,3,00b,104,0,0,0,685a6691ad69da16eda46f9a76eda3685a36edbb681a4691bb6e5af691bb691a1695be695bb6e5a5,0,00c,0,0,0,0,1,0,0,0,1,0
779,779,0,c0f02c0f02c0b02c0b02c0b02c0b02c0b02c0b02c0b02c0b06c1f4fd3b4ec2b02c0f02c0b02c0b02,521515515c5014852d4a55d405294e55d46521545595255d5452140529555595550d4857d465354d,685a7691ad69da16eda46fda76e9a3699a06edbb681a4695bb6e5af691bb691a6695be6e1bb6e5a4,9d66d9d2649b66e9b66c9c6719c2679c26c9d2679ae719ce6e9c66d9be6a9ba6e9ae709a66c9ce6d,3,"WAIT",000,00b,00c,0,4,3,0,3,00b,104,0,0,0,685a6691ad69da16eda46f9a76eda3685a36edbb681a4691bb6e5af691bb691a1695be695bb6e5a5,0,00c,0,0,0,0,1,0,0,0,1,0
780,780,0,c0f02c0f02c0b02c0b02c0b02c0b02c0b02c0b02c0b02c0b06c1f4fd3b4ec2b02c0f02c0b02c0b02,521515515c5014852d4a55d405294e55d46521545595255d5452140529555595550d4857d465354d,685a7691ad69da16eda46fda76e9a3699a06edbb681a4695bb6e5af691bb691a6695be6e1bb6e5a4,9d66d9d2649b66e9b66c9c6719c2679c26c9d2679ae719ce6e9c66d9be6a9ba6e9ae709a66c9ce6d,3,"WAIT",000,00b,00c,0,4,3,0,3,00b,104,0,0,0,685a6691ad69da16eda46f9a76eda3685a36edbb681a4691bb6e5af691bb691a1695be695bb6e5a5,0,00c,0,0,0,0,1,0,0,0,1,0
781,781,0,c0f02c0f02c0b02c0b02c0b02c0b02c0b02c0b02c0b02c0b06c1f4fd3b4ec2b02c0f02c0b02c0b02,521515515c5014852d4a55d405294e55d46521545595255d5452140529555595550d4857d465354d,685a7691ad69da16eda46fda76e9a3699a06edbb681a4695bb6e5af691bb691a6695be6e1bb6e5a4,9d66d9d2649b66e9b66c9c6719c2679c26c9d2679ae719ce6e9c66d9be6a9ba6e9ae709a66c9ce6d,3,"WAIT",000,00b,00c,0,4,3,0,3,00b,104,0,0,0,685a6691ad69da16eda46f9a76eda3685a36edbb681a4691bb6e5af691bb691a1695be695bb6e5a5,0,00c,0,0,0,0,1,0,0,0,1,0
782,782,0,c0f02c0f02c0b02c0b02c0b02c0b02c0b02c0b02c0b02c0b06c1f4fd3b4ec2b02c0f02c0b02c0b02,521515515c5014852d4a55d405294e55d46521545595255d5452140529555595550d4857d465354d,685a7691ad69da16eda46fda76e9a3699a06edbb681a4695bb6e5af691bb691a6695be6e1bb6e5a4,9d66d9d2649b66e9b66c9c6719c2679c26c9d2679ae719ce6e9c66d9be6a9ba6e9ae709a66c9ce6d,3,"WAIT",000,00b,00c,0,4,3,0,3,00b,104,0,0,0,685a6691ad69da16eda46f9a76eda3685a36edbb681a4691bb6e5af691bb691a1695be695bb6e5a5,0,00c,0,0,0,0,1,0,0,0,1,0
783,783,0,c0f02c0f02c0b02c0b02c0b02c0b02c0b02c0b02c0b02c0b06c1f4fd3b4ec2b02c0f02c0b02c0b02,521515515c5014852d4a55d405294e55d46521545595255d5452140529555595550d4857d465354d,685a7691ad69da16eda46fda76e9a3699a06edbb681a4695bb6e5af691bb691a6695be6e1bb6e5a4,9d66d9d2649b66e9b66c9c6719c2679c26c9d2679ae719ce6e9c66d9be6a9ba6e9ae709a66c9ce6d,3,"WAIT",000,00b,00c,0,4,3,0,3,00b,104,0,0,0,685a6691ad69da16eda46f9a76eda3685a36edbb681a4691bb6e5af691bb691a1695be695bb6e5a5,0,00c,0,0,0,0,1,0,0,0,1,0
784,784,0,c0f02c0f02c0b02c0b02c0b02c0b02c0b02c0b02c0b02c0b06c1f4fd3b4ec2b02c0f02c0b02c0b02,521515515c5014852d4a55d405294e55d46521545595255d5452140529555595550d4857d465354d,685a7691ad69da16eda46fda76e9a3699a06edbb681a4695bb6e5af691bb691a6695be6e1bb6e5a4,9d66d9d2649b66e9b66c9c6719c2679c26c9d2679ae719ce6e9c66d9be6a9ba6e9ae709a66c9ce6d,3,"WAIT",000,00b,00c,0,4,3,0,3,00b,104,0,0,0,685a6691ad69da16eda46f9a76eda3685a36edbb681a4691bb6e5af691bb691a1695be695bb6e5a5,0,00c,0,0,0,0,1,0,0,0,1,0
785,785,0,c0f02c0f02c0b02c0b02c0b02c0b02c0b02c0b02c0b02c0b06c1f4fd3b4ec2b02c0f02c0b02c0b02,521515515c5014852d4a55d405294e55d46521545595255d5452140529555595550d4857d465354d,685a7691ad69da16eda46fda76e9a3699a06edbb681a4695bb6e5af691bb691a6695be6e1bb6e5a4,9d66d9d2649b66e9b66c9c6719c2679c26c9d2679ae719ce6e9c66d9be6a9ba6e9ae709a66c9ce6d,3,"WAIT",000,00b,00c,0,4,3,0,3,00b,104,0,0,0,685a6691ad69da16eda46f9a76eda3685a36edbb681a4691bb6e5af691bb691a1695be695bb6e5a5,0,00c,0,0,0,0,1,0,0,0,1,0
786,786,0,c0f02c0f02c0b02c0b02c0b02c0b02c0b02c0b02c0b02c0b06c1f4fd3b4ec2b02c0f02c0b02c0b02,521515515c5014852d4a55d405294e55d46521545595255d5452140529555595550d4857d465354d,685a7691ad69da16eda46fda76e9a3699a06edbb681a4695bb6e5af691bb691a6695be6e1bb6e5a4,9d66d9d2649b66e9b66c9c6719c2679c26c9d2679ae719ce6e9c66d9be6a9ba6e9ae709a66c9ce6d,3,"WAIT",000,00b,00c,0,4,3,0,3,00b,104,0,0,0,685a6691ad69da16eda46f9a76eda3685a36edbb681a4691bb6e5af691bb691a1695be695bb6e5a5,0,00c,0,0,0,0,1,0,0,0,1,0
787,787,0,c0f02c0f02c0b02c0b02c0b02c0b02c0b02c0b02c0b02c0b06c1f4fd3b4ec2b02c0f02c0b02c0b02,521515515c5014852d4a55d405294e55d46521545595255d5452140529555595550d4857d465354d,685a7691ad69da16eda46fda76e9a3699a06edbb681a4695bb6e5af691bb691a6695be6e1bb6e5a4,9d66d9d2649b66e9b66c9c6719c2679c26c9d2679ae719ce6e9c66d9be6a9ba6e9ae709a66c9ce6d,3,"WAIT",000,00b,00c,0,4,3,0,3,00b,104,0,0,0,685a6691ad69da16eda46f9a76eda3685a36edbb681a4691bb6e5af691bb691a1695be695bb6e5a5,0,00c,0,0,0,0,1,0,0,0,1,0
788,788,0,c0f02c0f02c0b02c0b02c0b02c0b02c0b02c0b02c0b02c0b06c1f4fd3b4ec2b02c0f02c0b02c0b02,521515515c5014852d4a55d405294e55d46521545595255d5452140529555595550d4857d465354d,685a7691ad69da16eda46fda76e9a3699a06edbb681a4695bb6e5af691bb691a6695be6e1bb6e5a4,9d66d9d2649b66e9b66c9c6719c2679c26c9d2679ae719ce6e9c66d9be6a9ba6e9ae709a66c9ce6d,3,"WAIT",000,00b,00c,0,4,3,0,3,00b,104,0,0,0,685a6691ad69da16eda46f9a76eda3685a36edbb681a4691bb6e5af691bb691a1695be695bb6e5a5,0,00c,0,0,0,0,1,0,0,0,1,0
789,789,0,c0f02c0f02c0b02c0b02c0b02c0b02c0b02c0b02c0b02c0b06c1f4fd3b4ec2b02c0f02c0b02c0b02,521515515c5014852d4a55d405294e55d46521545595255d5452140529555595550d4857d465354d,685a7691ad69da16eda46fda76e9a3699a06edbb681a4695bb6e5af691bb691a6695be6e1bb6e5a4,9d66d9d2649b66e9b66c9c6719c2679c26c9d2679ae719ce6e9c66d9be6a9ba6e9ae709a66c9ce6d,3,"WAIT",000,00b,00c,0,4,3,0,3,00b,104,0,0,0,685a6691ad69da16eda46f9a76eda3685a36edbb681a4691bb6e5af691bb691a1695be695bb6e5a5,0,00c,0,0,0,0,1,0,0,0,1,0
790,790,0,c0f02c0f02c0b02c0b02c0b02c0b02c0b02c0b02c0b02c0b06c1f4fd3b4ec2b02c0f02c0b02c0b02,521515515c5014852d4a55d405294e55d46521545595255d5452140529555595550d4857d465354d,685a7691ad69da16eda46fda76e9a3699a06edbb681a4695bb6e5af691bb691a6695be6e1bb6e5a4,9d66d9d2649b66e9b66c9c6719c2679c26c9d2679ae719ce6e9c66d9be6a9ba6e9ae709a66c9ce6d,3,"WAIT",000,00b,00c,0,4,3,0,3,00b,104,0,0,0,685a6691ad69da16eda46f9a76eda3685a36edbb681a4691bb6e5af691bb691a1695be695bb6e5a5,0,00c,0,0,0,0,1,0,0,0,1,0
791,791,0,c0f02c0f02c0b02c0b02c0b02c0b02c0b02c0b02c0b02c0b06c1f4fd3b4ec2b02c0f02c0b02c0b02,521515515c5014852d4a55d405294e55d46521545595255d5452140529555595550d4857d465354d,685a7691ad69da16eda46fda76e9a3699a06edbb681a4695bb6e5af691bb691a6695be6e1bb6e5a4,9d66d9d2649b66e9b66c9c6719c2679c26c9d2679ae719ce6e9c66d9be6a9ba6e9ae709a66c9ce6d,3,"WAIT",000,00b,00c,0,4,3,0,3,00b,104,0,0,0,685a6691ad69da16eda46f9a76eda3685a36edbb681a4691bb6e5af691bb691a1695be695bb6e5a5,0,00c,0,0,0,0,1,0,0,0,1,0
792,792,0,c0f02c0f02c0b02c0b02c0b02c0b02c0b02c0b02c0b02c0b06c1f4fd3b4ec2b02c0f02c0b02c0b02,521515515c5014852d4a55d405294e55d46521545595255d5452140529555595550d4857d465354d,685a7691ad69da16eda46fda76e9a3699a06edbb681a4695bb6e5af691bb691a6695be6e1bb6e5a4,9d66d9d2649b66e9b66c9c6719c2679c26c9d2679ae719ce6e9c66d9be6a9ba6e9ae709a66c9ce6d,3,"WAIT",000,00b,00c,0,4,3,0,3,00b,104,0,0,0,685a6691ad69da16eda46f9a76eda3685a36edbb681a4691bb6e5af691bb691a1695be695bb6e5a5,0,00c,0,0,0,0,1,0,0,0,1,0
793,793,0,c0f02c0f02c0b02c0b02c0b02c0b02c0b02c0b02c0b02c0b06c1f4fd3b4ec2b02c0f02c0b02c0b02,521515515c5014852d4a55d405294e55d46521545595255d5452140529555595550d4857d465354d,685a7691ad69da16eda46fda76e9a3699a06edbb681a4695bb6e5af691bb691a6695be6e1bb6e5a4,9d66d9d2649b66e9b66c9c6719c2679c26c9d2679ae719ce6e9c66d9be6a9ba6e9ae709a66c9ce6d,3,"WAIT",000,00b,00c,0,4,3,0,3,00b,104,0,0,0,685a6691ad69da16eda46f9a76eda3685a36edbb681a4691bb6e5af691bb691a1695be695bb6e5a5,0,00c,0,0,0,0,1,0,0,0,1,0
794,794,0,c0f02c0f02c0b02c0b02c0b02c0b02c0b02c0b02c0b02c0b06c1f4fd3b4ec2b02c0f02c0b02c0b02,521515515c5014852d4a55d405294e55d46521545595255d5452140529555595550d4857d465354d,685a7691ad69da16eda46fda76e9a3699a06edbb681a4695bb6e5af691bb691a6695be6e1bb6e5a4,9d66d9d2649b66e9b66c9c6719c2679c26c9d2679ae719ce6e9c66d9be6a9ba6e9ae709a66c9ce6d,3,"WAIT",000,00b,00c,0,4,3,0,3,00b,104,0,0,0,685a6691ad69da16eda46f9a76eda3685a36edbb681a4691bb6e5af691bb691a1695be695bb6e5a5,0,00c,0,0,0,0,1,0,0,0,1,0
795,795,0,c0f02c0f02c0b02c0b02c0b02c0b02c0b02c0b02c0b02c0b06c1f4fd3b4ec2b02c0f02c0b02c0b02,521515515c5014852d4a55d405294e55d46521545595255d5452140529555595550d4857d465354d,685a7691ad69da16eda46fda76e9a3699a06edbb681a4695bb6e5af691bb691a6695be6e1bb6e5a4,9d66d9d2649b66e9b66c9c6719c2679c26c9d2679ae719ce6e9c66d9be6a9ba6e9ae709a66c9ce6d,3,"WAIT",000,00b,00c,0,4,3,0,3,00b,104,0,0,0,685a6691ad69da16eda46f9a76eda3685a36edbb681a4691bb6e5af691bb691a1695be695bb6e5a5,0,00c,0,0,0,0,1,0,0,0,1,0
796,796,0,c0f02c0f02c0b02c0b02c0b02c0b02c0b02c0b02c0b02c0b06c1f4fd3b4ec2b02c0f02c0b02c0b02,521515515c5014852d4a55d405294e55d46521545595255d5452140529555595550d4857d465354d,685a7691ad69da16eda46fda76e9a3699a06edbb681a4695bb6e5af691bb691a6695be6e1bb6e5a4,9d66d9d2649b66e9b66c9c6719c2679c26c9d2679ae719ce6e9c66d9be6a9ba6e9ae709a66c9ce6d,3,"WAIT",000,00b,00c,0,4,3,0,3,00b,104,0,0,0,685a6691ad69da16eda46f9a76eda3685a36edbb681a4691bb6e5af691bb691a1695be695bb6e5a5,0,00c,0,0,0,0,1,0,0,0,1,0
797,797,0,c0f02c0f02c0b02c0b02c0b02c0b02c0b02c0b02c0b02c0b06c1f4fd3b4ec2b02c0f02c0b02c0b02,521515515c5014852d4a55d405294e55d46521545595255d5452140529555595550d4857d465354d,685a7691ad69da16eda46fda76e9a3699a06edbb681a4695bb6e5af691bb691a6695be6e1bb6e5a4,9d66d9d2649b66e9b66c9c6719c2679c26c9d2679ae719ce6e9c66d9be6a9ba6e9ae709a66c9ce6d,3,"WAIT",000,00b,00c,0,4,3,0,3,00b,104,0,0,0,685a6691ad69da16eda46f9a76eda3685a36edbb681a4691bb6e5af691bb691a1695be695bb6e5a5,0,00c,0,0,0,0,1,0,0,0,1,0
798,798,0,c0f02c0f02c0b02c0b02c0b02c0b02c0b02c0b02c0b02c0b06c1f4fd3b4ec2b02c0f02c0b02c0b02,521515515c5014852d4a55d405294e55d46521545595255d5452140529555595550d4857d465354d,685a7691ad69da16eda46fda76e9a3699a06edbb681a4695bb6e5af691bb691a6695be6e1bb6e5a4,9d66d9d2649b66e9b66c9c6719c2679c26c9d2679ae719ce6e9c66d9be6a9ba6e9ae709a66c9ce6d,3,"WAIT",000,00b,00c,0,4,3,0,3,00b,104,0,0,0,685a6691ad69da16eda46f9a76eda3685a36edbb681a4691bb6e5af691bb691a1695be695bb6e5a5,0,00c,0,0,0,0,1,0,0,0,1,0
799,799,0,c0f02c0f02c0b02c0b02c0b02c0b02c0b02c0b02c0b02c0b06c1f4fd3b4ec2b02c0f02c0b02c0b02,521515515c5014852d4a55d405294e55d46521545595255d5452140529555595550d4857d465354d,685a7691ad69da16eda46fda76e9a3699a06edbb681a4695bb6e5af691bb691a6695be6e1bb6e5a4,9d66d9d2649b66e9b66c9c6719c2679c26c9d2679ae719ce6e9c66d9be6a9ba6e9ae709a66c9ce6d,3,"WAIT",000,00b,00c,0,4,3,0,3,00b,104,0,0,0,685a6691ad69da16eda46f9a76eda3685a36edbb681a4691bb6e5af691bb691a1695be695bb6e5a5,0,00c,0,0,0,0,1,0,0,0,1,0
800,800,0,c0f02c0f02c0b02c0b02c0b02c0b02c0b02c0b02c0b02c0b06c1f4fd3b4ec2b02c0f02c0b02c0b02,521515515c5014852d4a55d405294e55d46521545595255d5452140529555595550d4857d465354d,685a7691ad69da16eda46fda76e9a3699a06edbb681a4695bb6e5af691bb691a6695be6e1bb6e5a4,9d66d9d2649b66e9b66c9c6719c2679c26c9d2679ae719ce6e9c66d9be6a9ba6e9ae709a66c9ce6d,3,"WAIT",000,00b,00c,0,4,3,0,3,00b,104,0,0,0,685a6691ad69da16eda46f9a76eda3685a36edbb681a4691bb6e5af691bb691a1695be695bb6e5a5,0,00c,0,0,0,0,1,0,0,0,1,0
801,801,0,c0f02c0f02c0b02c0b02c0b02c0b02c0b02c0b02c0b02c0b06c1f4fd3b4ec2b02c0f02c0b02c0b02,521515515c5014852d4a55d405294e55d46521545595255d5452140529555595550d4857d465354d,685a7691ad69da16eda46fda76e9a3699a06edbb681a4695bb6e5af691bb691a6695be6e1bb6e5a4,9d66d9d2649b66e9b66c9c6719c2679c26c9d2679ae719ce6e9c66d9be6a9ba6e9ae709a66c9ce6d,3,"WAIT",000,00b,00c,0,4,3,0,3,00b,104,0,0,0,685a6691ad69da16eda46f9a76eda3685a36edbb681a4691bb6e5af691bb691a1695be695bb6e5a5,0,00c,0,0,0,0,1,0,0,0,1,0
802,802,0,c0f02c0f02c0b02c0b02c0b02c0b02c0b02c0b02c0b02c0b06c1f4fd3b4ec2b02c0f02c0b02c0b02,521515515c5014852d4a55d405294e55d46521545595255d5452140529555595550d4857d465354d,685a7691ad69da16eda46fda76e9a3699a06edbb681a4695bb6e5af691bb691a6695be6e1bb6e5a4,9d66d9d2649b66e9b66c9c6719c2679c26c9d2679ae719ce6e9c66d9be6a9ba6e9ae709a66c9ce6d,3,"WAIT",000,00b,00c,0,4,3,0,3,00b,104,0,0,0,685a6691ad69da16eda46f9a76eda3685a36edbb681a4691bb6e5af691bb691a1695be695bb6e5a5,0,00c,0,0,0,0,1,0,0,0,1,0
803,803,0,c0f02c0f02c0b02c0b02c0b02c0b02c0b02c0b02c0b02c0b06c1f4fd3b4ec2b02c0f02c0b02c0b02,521515515c5014852d4a55d405294e55d46521545595255d5452140529555595550d4857d465354d,685a7691ad69da16eda46fda76e9a3699a06edbb681a4695bb6e5af691bb691a6695be6e1bb6e5a4,9d66d9d2649b66e9b66c9c6719c2679c26c9d2679ae719ce6e9c66d9be6a9ba6e9ae709a66c9ce6d,3,"WAIT",000,00b,00c,0,4,3,0,3,00b,104,0,0,0,685a6691ad69da16eda46f9a76eda3685a36edbb681a4691bb6e5af691bb691a1695be695bb6e5a5,0,00c,0,0,0,0,1,0,0,0,1,0
804,804,0,c0f02c0f02c0b02c0b02c0b02c0b02c0b02c0b02c0b02c0b06c1f4fd3b4ec2b02c0f02c0b02c0b02,521515515c5014852d4a55d405294e55d46521545595255d5452140529555595550d4857d465354d,685a7691ad69da16eda46fda76e9a3699a06edbb681a4695bb6e5af691bb691a6695be6e1bb6e5a4,9d66d9d2649b66e9b66c9c6719c2679c26c9d2679ae719ce6e9c66d9be6a9ba6e9ae709a66c9ce6d,3,"WAIT",000,00b,00c,0,4,3,0,3,00b,104,0,0,0,685a6691ad69da16eda46f9a76eda3685a36edbb681a4691bb6e5af691bb691a1695be695bb6e5a5,0,00c,0,0,0,0,1,0,0,0,1,0
805,805,0,c0f02c0f02c0b02c0b02c0b02c0b02c0b02c0b02c0b02c0b06c1f4fd3b4ec2b02c0f02c0b02c0b02,521515515c5014852d4a55d405294e55d46521545595255d5452140529555595550d4857d465354d,685a7691ad69da16eda46fda76e9a3699a06edbb681a4695bb6e5af691bb691a6695be6e1bb6e5a4,9d66d9d2649b66e9b66c9c6719c2679c26c9d2679ae719ce6e9c66d9be6a9ba6e9ae709a66c9ce6d,3,"WAIT",000,00b,00c,0,4,3,0,3,00b,104,0,0,0,685a6691ad69da16eda46f9a76eda3685a36edbb681a4691bb6e5af691bb691a1695be695bb6e5a5,0,00c,0,0,0,0,1,0,0,0,1,0
806,806,0,c0f02c0f02c0b02c0b02c0b02c0b02c0b02c0b02c0b02c0b06c1f4fd3b4ec2b02c0f02c0b02c0b02,521515515c5014852d4a55d405294e55d46521545595255d5452140529555595550d4857d465354d,685a7691ad69da16eda46fda76e9a3699a06edbb681a4695bb6e5af691bb691a6695be6e1bb6e5a4,9d66d9d2649b66e9b66c9c6719c2679c26c9d2679ae719ce6e9c66d9be6a9ba6e9ae709a66c9ce6d,3,"WAIT",000,00b,00c,0,4,3,0,3,00b,104,0,0,0,685a6691ad69da16eda46f9a76eda3685a36edbb681a4691bb6e5af691bb691a1695be695bb6e5a5,0,00c,0,0,0,0,1,0,0,0,1,0
807,807,0,c0f02c0f02c0b02c0b02c0b02c0b02c0b02c0b02c0b02c0b06c1f4fd3b4ec2b02c0f02c0b02c0b02,521515515c5014852d4a55d405294e55d46521545595255d5452140529555595550d4857d465354d,685a7691ad69da16eda46fda76e9a3699a06edbb681a4695bb6e5af691bb691a6695be6e1bb6e5a4,9d66d9d2649b66e9b66c9c6719c2679c26c9d2679ae719ce6e9c66d9be6a9ba6e9ae709a66c9ce6d,3,"WAIT",000,00b,00c,0,4,3,0,3,00b,104,0,0,0,685a6691ad69da16eda46f9a76eda3685a36edbb681a4691bb6e5af691bb691a1695be695bb6e5a5,0,00c,0,0,0,0,1,0,0,0,1,0
808,808,0,c0f02c0f02c0b02c0b02c0b02c0b02c0b02c0b02c0b02c0b06c1f4fd3b4ec2b02c0f02c0b02c0b02,521515515c5014852d4a55d405294e55d46521545595255d5452140529555595550d4857d465354d,685a7691ad69da16eda46fda76e9a3699a06edbb681a4695bb6e5af691bb691a6695be6e1bb6e5a4,9d66d9d2649b66e9b66c9c6719c2679c26c9d2679ae719ce6e9c66d9be6a9ba6e9ae709a66c9ce6d,3,"WAIT",000,00b,00c,0,4,3,0,3,00b,104,0,0,0,685a6691ad69da16eda46f9a76eda3685a36edbb681a4691bb6e5af691bb691a1695be695bb6e5a5,0,00c,0,0,0,0,1,0,0,0,1,0
809,809,0,c0f02c0f02c0b02c0b02c0b02c0b02c0b02c0b02c0b02c0b06c1f4fd3b4ec2b02c0f02c0b02c0b02,521515515c5014852d4a55d405294e55d46521545595255d5452140529555595550d4857d465354d,685a7691ad69da16eda46fda76e9a3699a06edbb681a4695bb6e5af691bb691a6695be6e1bb6e5a4,9d66d9d2649b66e9b66c9c6719c2679c26c9d2679ae719ce6e9c66d9be6a9ba6e9ae709a66c9ce6d,3,"WAIT",000,00b,00c,0,4,3,0,3,00b,104,0,0,0,685a6691ad69da16eda46f9a76eda3685a36edbb681a4691bb6e5af691bb691a1695be695bb6e5a5,0,00c,0,0,0,0,1,0,0,0,1,0
810,810,0,c0f02c0f02c0b02c0b02c0b02c0b02c0b02c0b02c0b02c0b06c1f4fd3b4ec2b02c0f02c0b02c0b02,521515515c5014852d4a55d405294e55d46521545595255d5452140529555595550d4857d465354d,685a7691ad69da16eda46fda76e9a3699a06edbb681a4695bb6e5af691bb691a6695be6e1bb6e5a4,9d66d9d2649b66e9b66c9c6719c2679c26c9d2679ae719ce6e9c66d9be6a9ba6e9ae709a66c9ce6d,3,"WAIT",000,00b,00c,0,4,3,0,3,00b,104,0,0,0,685a6691ad69da16eda46f9a76eda3685a36edbb681a4691bb6e5af691bb691a1695be695bb6e5a5,0,00c,0,0,0,0,1,0,0,0,1,0
811,811,0,c0f02c0f02c0b02c0b02c0b02c0b02c0b02c0b02c0b02c0b06c1f4fd3b4ec2b02c0f02c0b02c0b02,521515515c5014852d4a55d405294e55d46521545595255d5452140529555595550d4857d465354d,685a7691ad69da16eda46fda76e9a3699a06edbb681a4695bb6e5af691bb691a6695be6e1bb6e5a4,9d66d9d2649b66e9b66c9c6719c2679c26c9d2679ae719ce6e9c66d9be6a9ba6e9ae709a66c9ce6d,3,"WAIT",000,00b,00c,0,4,3,0,3,00b,104,0,0,0,685a6691ad69da16eda46f9a76eda3685a36edbb681a4691bb6e5af691bb691a1695be695bb6e5a5,0,00c,0,0,0,0,1,0,0,0,1,0
812,812,0,c0f02c0f02c0b02c0b02c0b02c0b02c0b02c0b02c0b02c0b06c1f4fd3b4ec2b02c0f02c0b02c0b02,521515515c5014852d4a55d405294e55d46521545595255d5452140529555595550d4857d465354d,685a7691ad69da16eda46fda76e9a3699a06edbb681a4695bb6e5af691bb691a6695be6e1bb6e5a4,9d66d9d2649b66e9b66c9c6719c2679c26c9d2679ae719ce6e9c66d9be6a9ba6e9ae709a66c9ce6d,3,"WAIT",000,00b,00c,0,4,3,0,3,00b,104,0,0,0,685a6691ad69da16eda46f9a76eda3685a36edbb681a4691bb6e5af691bb691a1695be695bb6e5a5,0,00c,0,0,0,0,1,0,0,0,1,0
813,813,0,c0f02c0f02c0b02c0b02c0b02c0b02c0b02c0b02c0b02c0b06c1f4fd3b4ec2b02c0f02c0b02c0b02,521515515c5014852d4a55d405294e55d46521545595255d5452140529555595550d4857d465354d,685a7691ad69da16eda46fda76e9a3699a06edbb681a4695bb6e5af691bb691a6695be6e1bb6e5a4,9d66d9d2649b66e9b66c9c6719c2679c26c9d2679ae719ce6e9c66d9be6a9ba6e9ae709a66c9ce6d,3,"WAIT",000,00b,00c,0,4,3,0,3,00b,104,0,0,0,685a6691ad69da16eda46f9a76eda3685a36edbb681a4691bb6e5af691bb691a1695be695bb6e5a5,0,00c,0,0,0,0,1,0,0,0,1,0
814,814,0,c0f02c0f02c0b02c0b02c0b02c0b02c0b02c0b02c0b02c0b06c1f4fd3b4ec2b02c0f02c0b02c0b02,521515515c5014852d4a55d405294e55d46521545595255d5452140529555595550d4857d465354d,685a7691ad69da16eda46fda76e9a3699a06edbb681a4695bb6e5af691bb691a6695be6e1bb6e5a4,9d66d9d2649b66e9b66c9c6719c2679c26c9d2679ae719ce6e9c66d9be6a9ba6e9ae709a66c9ce6d,3,"WAIT",000,00b,00c,0,4,3,0,3,00b,104,0,0,0,685a6691ad69da16eda46f9a76eda3685a36edbb681a4691bb6e5af691bb691a1695be695bb6e5a5,0,00c,0,0,0,0,1,0,0,0,1,0
815,815,0,c0f02c0f02c0b02c0b02c0b02c0b02c0b02c0b02c0b02c0b06c1f4fd3b4ec2b02c0f02c0b02c0b02,521515515c5014852d4a55d405294e55d46521545595255d5452140529555595550d4857d465354d,685a7691ad69da16eda46fda76e9a3699a06edbb681a4695bb6e5af691bb691a6695be6e1bb6e5a4,9d66d9d2649b66e9b66c9c6719c2679c26c9d2679ae719ce6e9c66d9be6a9ba6e9ae709a66c9ce6d,3,"WAIT",000,00b,00c,0,4,3,0,3,00b,104,0,0,0,685a6691ad69da16eda46f9a76eda3685a36edbb681a4691bb6e5af691bb691a1695be695bb6e5a5,0,00c,0,0,0,0,1,0,0,0,1,0
816,816,0,c0f02c0f02c0b02c0b02c0b02c0b02c0b02c0b02c0b02c0b06c1f4fd3b4ec2b02c0f02c0b02c0b02,521515515c5014852d4a55d405294e55d46521545595255d5452140529555595550d4857d465354d,685a7691ad69da16eda46fda76e9a3699a06edbb681a4695bb6e5af691bb691a6695be6e1bb6e5a4,9d66d9d2649b66e9b66c9c6719c2679c26c9d2679ae719ce6e9c66d9be6a9ba6e9ae709a66c9ce6d,3,"WAIT",000,00b,00c,0,4,3,0,3,00b,104,0,0,0,685a6691ad69da16eda46f9a76eda3685a36edbb681a4691bb6e5af691bb691a1695be695bb6e5a5,0,00c,0,0,0,0,1,0,0,0,1,0
817,817,0,c0f02c0f02c0b02c0b02c0b02c0b02c0b02c0b02c0b02c0b06c1f4fd3b4ec2b02c0f02c0b02c0b02,521515515c5014852d4a55d405294e55d46521545595255d5452140529555595550d4857d465354d,685a7691ad69da16eda46fda76e9a3699a06edbb681a4695bb6e5af691bb691a6695be6e1bb6e5a4,9d66d9d2649b66e9b66c9c6719c2679c26c9d2679ae719ce6e9c66d9be6a9ba6e9ae709a66c9ce6d,3,"WAIT",000,00b,00c,0,4,3,0,3,00b,104,0,0,0,685a6691ad69da16eda46f9a76eda3685a36edbb681a4691bb6e5af691bb691a1695be695bb6e5a5,0,00c,0,0,0,0,1,0,0,0,1,0
818,818,0,c0f02c0f02c0b02c0b02c0b02c0b02c0b02c0b02c0b02c0b06c1f4fd3b4ec2b02c0f02c0b02c0b02,521515515c5014852d4a55d405294e55d46521545595255d5452140529555595550d4857d465354d,685a7691ad69da16eda46fda76e9a3699a06edbb681a4695bb6e5af691bb691a6695be6e1bb6e5a4,9d66d9d2649b66e9b66c9c6719c2679c26c9d2679ae719ce6e9c66d9be6a9ba6e9ae709a66c9ce6d,3,"WAIT",000,00b,00c,0,4,3,0,3,00b,104,0,0,0,685a6691ad69da16eda46f9a76eda3685a36edbb681a4691bb6e5af691bb691a1695be695bb6e5a5,0,00c,0,0,0,0,1,0,0,0,1,0
819,819,0,c0f02c0f02c0b02c0b02c0b02c0b02c0b02c0b02c0b02c0b06c1f4fd3b4ec2b02c0f02c0b02c0b02,521515515c5014852d4a55d405294e55d46521545595255d5452140529555595550d4857d465354d,685a7691ad69da16eda46fda76e9a3699a06edbb681a4695bb6e5af691bb691a6695be6e1bb6e5a4,9d66d9d2649b66e9b66c9c6719c2679c26c9d2679ae719ce6e9c66d9be6a9ba6e9ae709a66c9ce6d,3,"WAIT",000,00b,00c,0,4,3,0,3,00b,104,0,0,0,685a6691ad69da16eda46f9a76eda3685a36edbb681a4691bb6e5af691bb691a1695be695bb6e5a5,0,00c,0,0,0,0,1,0,0,0,1,0
820,820,0,c0f02c0f02c0b02c0b02c0b02c0b02c0b02c0b02c0b02c0b06c1f4fd3b4ec2b02c0f02c0b02c0b02,521515515c5014852d4a55d405294e55d46521545595255d5452140529555595550d4857d465354d,685a7691ad69da16eda46fda76e9a3699a06edbb681a4695bb6e5af691bb691a6695be6e1bb6e5a4,9d66d9d2649b66e9b66c9c6719c2679c26c9d2679ae719ce6e9c66d9be6a9ba6e9ae709a66c9ce6d,3,"WAIT",000,00b,00c,0,4,3,0,3,00b,104,0,0,0,685a6691ad69da16eda46f9a76eda3685a36edbb681a4691bb6e5af691bb691a1695be695bb6e5a5,0,00c,0,0,0,0,1,0,0,0,1,0
821,821,0,c0f02c0f02c0b02c0b02c0b02c0b02c0b02c0b02c0b02c0b06c1f4fd3b4ec2b02c0f02c0b02c0b02,521515515c5014852d4a55d405294e55d46521545595255d5452140529555595550d4857d465354d,685a7691ad69da16eda46fda76e9a3699a06edbb681a4695bb6e5af691bb691a6695be6e1bb6e5a4,9d66d9d2649b66e9b66c9c6719c2679c26c9d2679ae719ce6e9c66d9be6a9ba6e9ae709a66c9ce6d,3,"WAIT",000,00b,00c,0,4,3,0,3,00b,104,0,0,0,685a6691ad69da16eda46f9a76eda3685a36edbb681a4691bb6e5af691bb691a1695be695bb6e5a5,0,00c,0,0,0,0,1,0,0,0,1,0
822,822,0,c0f02c0f02c0b02c0b02c0b02c0b02c0b02c0b02c0b02c0b06c1f4fd3b4ec2b02c0f02c0b02c0b02,521515515c5014852d4a55d405294e55d46521545595255d5452140529555595550d4857d465354d,685a7691ad69da16eda46fda76e9a3699a06edbb681a4695bb6e5af691bb691a6695be6e1bb6e5a4,9d66d9d2649b66e9b66c9c6719c2679c26c9d2679ae719ce6e9c66d9be6a9ba6e9ae709a66c9ce6d,3,"WAIT",000,00b,00c,0,4,3,0,3,00b,104,0,0,0,685a6691ad69da16eda46f9a76eda3685a36edbb681a4691bb6e5af691bb691a1695be695bb6e5a5,0,00c,0,0,0,0,1,0,0,0,1,0
823,823,0,c0f02c0f02c0b02c0b02c0b02c0b02c0b02c0b02c0b02c0b06c1f4fd3b4ec2b02c0f02c0b02c0b02,521515515c5014852d4a55d405294e55d46521545595255d5452140529555595550d4857d465354d,685a7691ad69da16eda46fda76e9a3699a06edbb681a4695bb6e5af691bb691a6695be6e1bb6e5a4,9d66d9d2649b66e9b66c9c6719c2679c26c9d2679ae719ce6e9c66d9be6a9ba6e9ae709a66c9ce6d,3,"WAIT",000,00b,00c,0,4,3,0,3,00b,104,0,0,0,685a6691ad69da16eda46f9a76eda3685a36edbb681a4691bb6e5af691bb691a1695be695bb6e5a5,0,00c,0,0,0,0,1,0,0,0,1,0
824,824,0,c0f02c0f02c0b02c0b02c0b02c0b02c0b02c0b02c0b02c0b06c1f4fd3b4ec2b02c0f02c0b02c0b02,521515515c5014852d4a55d405294e55d46521545595255d5452140529555595550d4857d465354d,685a7691ad69da16eda46fda76e9a3699a06edbb681a4695bb6e5af691bb691a6695be6e1bb6e5a4,9d66d9d2649b66e9b66c9c6719c2679c26c9d2679ae719ce6e9c66d9be6a9ba6e9ae709a66c9ce6d,3,"WAIT",000,00b,00c,0,4,3,0,3,00b,104,0,0,0,685a6691ad69da16eda46f9a76eda3685a36edbb681a4691bb6e5af691bb691a1695be695bb6e5a5,0,00c,0,0,0,0,1,0,0,0,1,0
825,825,0,c0f02c0f02c0b02c0b02c0b02c0b02c0b02c0b02c0b02c0b06c1f4fd3b4ec2b02c0f02c0b02c0b02,521515515c5014852d4a55d405294e55d46521545595255d5452140529555595550d4857d465354d,685a7691ad69da16eda46fda76e9a3699a06edbb681a4695bb6e5af691bb691a6695be6e1bb6e5a4,9d66d9d2649b66e9b66c9c6719c2679c26c9d2679ae719ce6e9c66d9be6a9ba6e9ae709a66c9ce6d,3,"WAIT",000,00b,00c,0,4,3,0,3,00b,104,0,0,0,685a6691ad69da16eda46f9a76eda3685a36edbb681a4691bb6e5af691bb691a1695be695bb6e5a5,0,00c,0,0,0,0,1,0,0,0,1,0
826,826,0,c0f02c0f02c0b02c0b02c0b02c0b02c0b02c0b02c0b02c0b06c1f4fd3b4ec2b02c0f02c0b02c0b02,521515515c5014852d4a55d405294e55d46521545595255d5452140529555595550d4857d465354d,685a7691ad69da16eda46fda76e9a3699a06edbb681a4695bb6e5af691bb691a6695be6e1bb6e5a4,9d66d9d2649b66e9b66c9c6719c2679c26c9d2679ae719ce6e9c66d9be6a9ba6e9ae709a66c9ce6d,3,"WAIT",000,00b,00c,0,4,3,0,3,00b,104,0,0,0,685a6691ad69da16eda46f9a76eda3685a36edbb681a4691bb6e5af691bb691a1695be695bb6e5a5,0,00c,0,0,0,0,1,0,0,0,1,0
827,827,0,c0f02c0f02c0b02c0b02c0b02c0b02c0b02c0b02c0b02c0b06c1f4fd3b4ec2b02c0f02c0b02c0b02,521515515c5014852d4a55d405294e55d46521545595255d5452140529555595550d4857d465354d,685a7691ad69da16eda46fda76e9a3699a06edbb681a4695bb6e5af691bb691a6695be6e1bb6e5a4,9d66d9d2649b66e9b66c9c6719c2679c26c9d2679ae719ce6e9c66d9be6a9ba6e9ae709a66c9ce6d,3,"WAIT",000,00b,00c,0,4,3,0,3,00b,104,0,0,0,685a6691ad69da16eda46f9a76eda3685a36edbb681a4691bb6e5af691bb691a1695be695bb6e5a5,0,00c,0,0,0,0,1,0,0,0,1,0
828,828,0,c0f02c0f02c0b02c0b02c0b02c0b02c0b02c0b02c0b02c0b06c1f4fd3b4ec2b02c0f02c0b02c0b02,521515515c5014852d4a55d405294e55d46521545595255d5452140529555595550d4857d465354d,685a7691ad69da16eda46fda76e9a3699a06edbb681a4695bb6e5af691bb691a6695be6e1bb6e5a4,9d66d9d2649b66e9b66c9c6719c2679c26c9d2679ae719ce6e9c66d9be6a9ba6e9ae709a66c9ce6d,3,"WAIT",000,00b,00c,0,4,3,0,3,00b,104,0,0,0,685a6691ad69da16eda46f9a76eda3685a36edbb681a4691bb6e5af691bb691a1695be695bb6e5a5,0,00c,0,0,0,0,1,0,0,0,1,0
829,829,0,c0f02c0f02c0b02c0b02c0b02c0b02c0b02c0b02c0b02c0b06c1f4fd3b4ec2b02c0f02c0b02c0b02,521515515c5014852d4a55d405294e55d46521545595255d5452140529555595550d4857d465354d,685a7691ad69da16eda46fda76e9a3699a06edbb681a4695bb6e5af691bb691a6695be6e1bb6e5a4,9d66d9d2649b66e9b66c9c6719c2679c26c9d2679ae719ce6e9c66d9be6a9ba6e9ae709a66c9ce6d,3,"WAIT",000,00b,00c,0,4,3,0,3,00b,104,0,0,0,685a6691ad69da16eda46f9a76eda3685a36edbb681a4691bb6e5af691bb691a1695be695bb6e5a5,0,00c,0,0,0,0,1,0,0,0,1,0
830,830,0,c0f02c0f02c0b02c0b02c0b02c0b02c0b02c0b02c0b02c0b06c1f4fd3b4ec2b02c0f02c0b02c0b02,521515515c5014852d4a55d405294e55d46521545595255d5452140529555595550d4857d465354d,685a7691ad69da16eda46fda76e9a3699a06edbb681a4695bb6e5af691bb691a6695be6e1bb6e5a4,9d66d9d2649b66e9b66c9c6719c2679c26c9d2679ae719ce6e9c66d9be6a9ba6e9ae709a66c9ce6d,3,"WAIT",000,00b,00c,0,4,3,0,3,00b,104,0,0,0,685a6691ad69da16eda46f9a76eda3685a36edbb681a4691bb6e5af691bb691a1695be695bb6e5a5,0,00c,0,0,0,0,1,0,0,0,1,0
831,831,0,c0f02c0f02c0b02c0b02c0b02c0b02c0b02c0b02c0b02c0b06c1f4fd3b4ec2b02c0f02c0b02c0b02,521515515c5014852d4a55d405294e55d46521545595255d5452140529555595550d4857d465354d,685a7691ad69da16eda46fda76e9a3699a06edbb681a4695bb6e5af691bb691a6695be6e1bb6e5a4,9d66d9d2649b66e9b66c9c6719c2679c26c9d2679ae719ce6e9c66d9be6a9ba6e9ae709a66c9ce6d,3,"WAIT",000,00b,00c,0,4,3,0,3,00b,104,0,0,0,685a6691ad69da16eda46f9a76eda3685a36edbb681a4691bb6e5af691bb691a1695be695bb6e5a5,0,00c,0,0,0,0,1,0,0,0,1,0
832,832,0,c0f02c0f02c0b02c0b02c0b02c0b02c0b02c0b02c0b02c0b06c1f4fd3b4ec2b02c0f02c0b02c0b02,521515515c5014852d4a55d405294e55d46521545595255d5452140529555595550d4857d465354d,685a7691ad69da16eda46fda76e9a3699a06edbb681a4695bb6e5af691bb691a6695be6e1bb6e5a4,9d66d9d2649b66e9b66c9c6719c2679c26c9d2679ae719ce6e9c66d9be6a9ba6e9ae709a66c9ce6d,3,"WAIT",000,00b,00c,0,4,3,0,3,00b,104,0,0,0,685a6691ad69da16eda46f9a76eda3685a36edbb681a4691bb6e5af691bb691a1695be695bb6e5a5,0,00c,0,0,0,0,1,0,0,0,1,0
833,833,0,c0f02c0f02c0b02c0b02c0b02c0b02c0b02c0b02c0b02c0b06c1f4fd3b4ec2b02c0f02c0b02c0b02,521515515c5014852d4a55d405294e55d46521545595255d5452140529555595550d4857d465354d,685a7691ad69da16eda46fda76e9a3699a06edbb681a4695bb6e5af691bb691a6695be6e1bb6e5a4,9d66d9d2649b66e9b66c9c6719c2679c26c9d2679ae719ce6e9c66d9be6a9ba6e9ae709a66c9ce6d,3,"WAIT",000,00b,00c,0,4,3,0,3,00b,104,0,0,0,685a6691ad69da16eda46f9a76eda3685a36edbb681a4691bb6e5af691bb691a1695be695bb6e5a5,0,00c,0,0,0,0,1,0,0,0,1,0
834,834,0,c0f02c0f02c0b02c0b02c0b02c0b02c0b02c0b02c0b02c0b06c1f4fd3b4ec2b02c0f02c0b02c0b02,521515515c5014852d4a55d405294e55d46521545595255d5452140529555595550d4857d465354d,685a7691ad69da16eda46fda76e9a3699a06edbb681a4695bb6e5af691bb691a6695be6e1bb6e5a4,9d66d9d2649b66e9b66c9c6719c2679c26c9d2679ae719ce6e9c66d9be6a9ba6e9ae709a66c9ce6d,3,"WAIT",000,00b,00c,0,4,3,0,3,00b,104,0,0,0,685a6691ad69da16eda46f9a76eda3685a36edbb681a4691bb6e5af691bb691a1695be695bb6e5a5,0,00c,0,0,0,0,1,0,0,0,1,0
835,835,0,c0f02c0f02c0b02c0b02c0b02c0b02c0b02c0b02c0b02c0b06c1f4fd3b4ec2b02c0f02c0b02c0b02,521515515c5014852d4a55d405294e55d46521545595255d5452140529555595550d4857d465354d,685a7691ad69da16eda46fda76e9a3699a06edbb681a4695bb6e5af691bb691a6695be6e1bb6e5a4,9d66d9d2649b66e9b66c9c6719c2679c26c9d2679ae719ce6e9c66d9be6a9ba6e9ae709a66c9ce6d,3,"WAIT",000,00b,00c,0,4,3,0,3,00b,104,0,0,0,685a6691ad69da16eda46f9a76eda3685a36edbb681a4691bb6e5af691bb691a1695be695bb6e5a5,0,00c,0,0,0,0,1,0,0,0,1,0
836,836,0,c0f02c0f02c0b02c0b02c0b02c0b02c0b02c0b02c0b02c0b06c1f4fd3b4ec2b02c0f02c0b02c0b02,521515515c5014852d4a55d405294e55d46521545595255d5452140529555595550d4857d465354d,685a7691ad69da16eda46fda76e9a3699a06edbb681a4695bb6e5af691bb691a6695be6e1bb6e5a4,9d66d9d2649b66e9b66c9c6719c2679c26c9d2679ae719ce6e9c66d9be6a9ba6e9ae709a66c9ce6d,3,"WAIT",000,00b,00c,0,4,3,0,3,00b,104,0,0,0,685a6691ad69da16eda46f9a76eda3685a36edbb681a4691bb6e5af691bb691a1695be695bb6e5a5,0,00c,0,0,0,0,1,0,0,0,1,0
837,837,0,c0f02c0f02c0b02c0b02c0b02c0b02c0b02c0b02c0b02c0b06c1f4fd3b4ec2b02c0f02c0b02c0b02,521515515c5014852d4a55d405294e55d46521545595255d5452140529555595550d4857d465354d,685a7691ad69da16eda46fda76e9a3699a06edbb681a4695bb6e5af691bb691a6695be6e1bb6e5a4,9d66d9d2649b66e9b66c9c6719c2679c26c9d2679ae719ce6e9c66d9be6a9ba6e9ae709a66c9ce6d,3,"WAIT",000,00b,00c,0,4,3,0,3,00b,104,0,0,0,685a6691ad69da16eda46f9a76eda3685a36edbb681a4691bb6e5af691bb691a1695be695bb6e5a5,0,00c,0,0,0,0,1,0,0,0,1,0
838,838,0,c0f02c0f02c0b02c0b02c0b02c0b02c0b02c0b02c0b02c0b06c1f4fd3b4ec2b02c0f02c0b02c0b02,521515515c5014852d4a55d405294e55d46521545595255d5452140529555595550d4857d465354d,685a7691ad69da16eda46fda76e9a3699a06edbb681a4695bb6e5af691bb691a6695be6e1bb6e5a4,9d66d9d2649b66e9b66c9c6719c2679c26c9d2679ae719ce6e9c66d9be6a9ba6e9ae709a66c9ce6d,3,"WAIT",000,00b,00c,0,4,3,0,3,00b,104,0,0,0,685a6691ad69da16eda46f9a76eda3685a36edbb681a4691bb6e5af691bb691a1695be695bb6e5a5,0,00c,0,0,0,0,1,0,0,0,1,0
839,839,0,c0f02c0f02c0b02c0b02c0b02c0b02c0b02c0b02c0b02c0b06c1f4fd3b4ec2b02c0f02c0b02c0b02,521515515c5014852d4a55d405294e55d46521545595255d5452140529555595550d4857d465354d,685a7691ad69da16eda46fda76e9a3699a06edbb681a4695bb6e5af691bb691a6695be6e1bb6e5a4,9d66d9d2649b66e9b66c9c6719c2679c26c9d2679ae719ce6e9c66d9be6a9ba6e9ae709a66c9ce6d,3,"WAIT",000,00b,00c,0,4,3,0,3,00b,104,0,0,0,685a6691ad69da16eda46f9a76eda3685a36edbb681a4691bb6e5af691bb691a1695be695bb6e5a5,0,00c,0,0,0,0,1,0,0,0,1,0
840,840,0,c0f02c0f02c0b02c0b02c0b02c0b02c0b02c0b02c0b02c0b06c1f4fd3b4ec2b02c0f02c0b02c0b02,521515515c5014852d4a55d405294e55d46521545595255d5452140529555595550d4857d465354d,685a7691ad69da16eda46fda76e9a3699a06edbb681a4695bb6e5af691bb691a6695be6e1bb6e5a4,9d66d9d2649b66e9b66c9c6719c2679c26c9d2679ae719ce6e9c66d9be6a9ba6e9ae709a66c9ce6d,3,"WAIT",000,00b,00c,0,4,3,0,3,00b,104,0,0,0,685a6691ad69da16eda46f9a76eda3685a36edbb681a4691bb6e5af691bb691a1695be695bb6e5a5,0,00c,0,0,0,0,1,0,0,0,1,0
841,841,0,c0f02c0f02c0b02c0b02c0b02c0b02c0b02c0b02c0b02c0b06c1f4fd3b4ec2b02c0f02c0b02c0b02,521515515c5014852d4a55d405294e55d46521545595255d5452140529555595550d4857d465354d,685a7691ad69da16eda46fda76e9a3699a06edbb681a4695bb6e5af691bb691a6695be6e1bb6e5a4,9d66d9d2649b66e9b66c9c6719c2679c26c9d2679ae719ce6e9c66d9be6a9ba6e9ae709a66c9ce6d,3,"WAIT",000,00b,00c,0,4,3,0,3,00b,104,0,0,0,685a6691ad69da16eda46f9a76eda3685a36edbb681a4691bb6e5af691bb691a1695be695bb6e5a5,0,00c,0,0,0,0,1,0,0,0,1,0
842,842,0,c0f02c0f02c0b02c0b02c0b02c0b02c0b02c0b02c0b02c0b06c1f4fd3b4ec2b02c0f02c0b02c0b02,521515515c5014852d4a55d405294e55d46521545595255d5452140529555595550d4857d465354d,685a7691ad69da16eda46fda76e9a3699a06edbb681a4695bb6e5af691bb691a6695be6e1bb6e5a4,9d66d9d2649b66e9b66c9c6719c2679c26c9d2679ae719ce6e9c66d9be6a9ba6e9ae709a66c9ce6d,3,"WAIT",000,00b,00c,0,4,3,0,3,00b,104,0,0,0,685a6691ad69da16eda46f9a76eda3685a36edbb681a4691bb6e5af691bb691a1695be695bb6e5a5,0,00c,0,0,0,0,1,0,0,0,1,0
843,843,0,c0f02c0f02c0b02c0b02c0b02c0b02c0b02c0b02c0b02c0b06c1f4fd3b4ec2b02c0f02c0b02c0b02,521515515c5014852d4a55d405294e55d46521545595255d5452140529555595550d4857d465354d,685a7691ad69da16eda46fda76e9a3699a06edbb681a4695bb6e5af691bb691a6695be6e1bb6e5a4,9d66d9d2649b66e9b66c9c6719c2679c26c9d2679ae719ce6e9c66d9be6a9ba6e9ae709a66c9ce6d,3,"WAIT",000,00b,00c,0,4,3,0,3,00b,104,0,0,0,685a6691ad69da16eda46f9a76eda3685a36edbb681a4691bb6e5af691bb691a1695be695bb6e5a5,0,00c,0,0,0,0,1,0,0,0,1,0
844,844,0,c0f02c0f02c0b02c0b02c0b02c0b02c0b02c0b02c0b02c0b06c1f4fd3b4ec2b02c0f02c0b02c0b02,521515515c5014852d4a55d405294e55d46521545595255d5452140529555595550d4857d465354d,685a7691ad69da16eda46fda76e9a3699a06edbb681a4695bb6e5af691bb691a6695be6e1bb6e5a4,9d66d9d2649b66e9b66c9c6719c2679c26c9d2679ae719ce6e9c66d9be6a9ba6e9ae709a66c9ce6d,3,"WAIT",000,00b,00c,0,4,3,0,3,00b,104,0,0,0,685a6691ad69da16eda46f9a76eda3685a36edbb681a4691bb6e5af691bb691a1695be695bb6e5a5,0,00c,0,0,0,0,1,0,0,0,1,0
845,845,0,c0f02c0f02c0b02c0b02c0b02c0b02c0b02c0b02c0b02c0b06c1f4fd3b4ec2b02c0f02c0b02c0b02,521515515c5014852d4a55d405294e55d46521545595255d5452140529555595550d4857d465354d,685a7691ad69da16eda46fda76e9a3699a06edbb681a4695bb6e5af691bb691a6695be6e1bb6e5a4,9d66d9d2649b66e9b66c9c6719c2679c26c9d2679ae719ce6e9c66d9be6a9ba6e9ae709a66c9ce6d,3,"WAIT",000,00b,00c,0,4,3,0,3,00b,104,0,0,0,685a6691ad69da16eda46f9a76eda3685a36edbb681a4691bb6e5af691bb691a1695be695bb6e5a5,0,00c,0,0,0,0,1,0,0,0,1,0
846,846,0,c0f02c0f02c0b02c0b02c0b02c0b02c0b02c0b02c0b02c0b06c1f4fd3b4ec2b02c0f02c0b02c0b02,521515515c5014852d4a55d405294e55d46521545595255d5452140529555595550d4857d465354d,685a7691ad69da16eda46fda76e9a3699a06edbb681a4695bb6e5af691bb691a6695be6e1bb6e5a4,9d66d9d2649b66e9b66c9c6719c2679c26c9d2679ae719ce6e9c66d9be6a9ba6e9ae709a66c9ce6d,3,"WAIT",000,00b,00c,0,4,3,0,3,00b,104,0,0,0,685a6691ad69da16eda46f9a76eda3685a36edbb681a4691bb6e5af691bb691a1695be695bb6e5a5,0,00c,0,0,0,0,1,0,0,0,1,0
847,847,0,c0f02c0f02c0b02c0b02c0b02c0b02c0b02c0b02c0b02c0b06c1f4fd3b4ec2b02c0f02c0b02c0b02,521515515c5014852d4a55d405294e55d46521545595255d5452140529555595550d4857d465354d,685a7691ad69da16eda46fda76e9a3699a06edbb681a4695bb6e5af691bb691a6695be6e1bb6e5a4,9d66d9d2649b66e9b66c9c6719c2679c26c9d2679ae719ce6e9c66d9be6a9ba6e9ae709a66c9ce6d,3,"WAIT",000,00b,00c,0,4,3,0,3,00b,104,0,0,0,685a6691ad69da16eda46f9a76eda3685a36edbb681a4691bb6e5af691bb691a1695be695bb6e5a5,0,00c,0,0,0,0,1,0,0,0,1,0
848,848,0,c0f02c0f02c0b02c0b02c0b02c0b02c0b02c0b02c0b02c0b06c1f4fd3b4ec2b02c0f02c0b02c0b02,521515515c5014852d4a55d405294e55d46521545595255d5452140529555595550d4857d465354d,685a7691ad69da16eda46fda76e9a3699a06edbb681a4695bb6e5af691bb691a6695be6e1bb6e5a4,9d66d9d2649b66e9b66c9c6719c2679c26c9d2679ae719ce6e9c66d9be6a9ba6e9ae709a66c9ce6d,3,"WAIT",000,00b,00c,0,4,3,0,3,00b,104,0,0,0,685a6691ad69da16eda46f9a76eda3685a36edbb681a4691bb6e5af691bb691a1695be695bb6e5a5,0,00c,0,0,0,0,1,0,0,0,1,0
849,849,0,c0f02c0f02c0b02c0b02c0b02c0b02c0b02c0b02c0b02c0b06c1f4fd3b4ec2b02c0f02c0b02c0b02,521515515c5014852d4a55d405294e55d46521545595255d5452140529555595550d4857d465354d,685a7691ad69da16eda46fda76e9a3699a06edbb681a4695bb6e5af691bb691a6695be6e1bb6e5a4,9d66d9d2649b66e9b66c9c6719c2679c26c9d2679ae719ce6e9c66d9be6a9ba6e9ae709a66c9ce6d,3,"WAIT",000,00b,00c,0,4,3,0,3,00b,104,0,0,0,685a6691ad69da16eda46f9a76eda3685a36edbb681a4691bb6e5af691bb691a1695be695bb6e5a5,0,00c,0,0,0,0,1,0,0,0,1,0
850,850,0,c0f02c0f02c0b02c0b02c0b02c0b02c0b02c0b02c0b02c0b06c1f4fd3b4ec2b02c0f02c0b02c0b02,521515515c5014852d4a55d405294e55d46521545595255d5452140529555595550d4857d465354d,685a7691ad69da16eda46fda76e9a3699a06edbb681a4695bb6e5af691bb691a6695be6e1bb6e5a4,9d66d9d2649b66e9b66c9c6719c2679c26c9d2679ae719ce6e9c66d9be6a9ba6e9ae709a66c9ce6d,3,"WAIT",000,00b,00c,0,4,3,0,3,00b,104,0,0,0,685a6691ad69da16eda46f9a76eda3685a36edbb681a4691bb6e5af691bb691a1695be695bb6e5a5,0,00c,0,0,0,0,1,0,0,0,1,0
851,851,0,c0f02c0f02c0b02c0b02c0b02c0b02c0b02c0b02c0b02c0b06c1f4fd3b4ec2b02c0f02c0b02c0b02,521515515c5014852d4a55d405294e55d46521545595255d5452140529555595550d4857d465354d,685a7691ad69da16eda46fda76e9a3699a06edbb681a4695bb6e5af691bb691a6695be6e1bb6e5a4,9d66d9d2649b66e9b66c9c6719c2679c26c9d2679ae719ce6e9c66d9be6a9ba6e9ae709a66c9ce6d,3,"WAIT",000,00b,00c,0,4,3,0,3,00b,104,0,0,0,685a6691ad69da16eda46f9a76eda3685a36edbb681a4691bb6e5af691bb691a1695be695bb6e5a5,0,00c,0,0,0,0,1,0,0,0,1,0
852,852,0,c0f02c0f02c0b02c0b02c0b02c0b02c0b02c0b02c0b02c0b06c1f4fd3b4ec2b02c0f02c0b02c0b02,521515515c5014852d4a55d405294e55d46521545595255d5452140529555595550d4857d465354d,685a7691ad69da16eda46fda76e9a3699a06edbb681a4695bb6e5af691bb691a6695be6e1bb6e5a4,9d66d9d2649b66e9b66c9c6719c2679c26c9d2679ae719ce6e9c66d9be6a9ba6e9ae709a66c9ce6d,3,"WAIT",000,00b,00c,0,4,3,0,3,00b,104,0,0,0,685a6691ad69da16eda46f9a76eda3685a36edbb681a4691bb6e5af691bb691a1695be695bb6e5a5,0,00c,0,0,0,0,1,0,0,0,1,0
853,853,0,c0f02c0f02c0b02c0b02c0b02c0b02c0b02c0b02c0b02c0b06c1f4fd3b4ec2b02c0f02c0b02c0b02,521515515c5014852d4a55d405294e55d46521545595255d5452140529555595550d4857d465354d,685a7691ad69da16eda46fda76e9a3699a06edbb681a4695bb6e5af691bb691a6695be6e1bb6e5a4,9d66d9d2649b66e9b66c9c6719c2679c26c9d2679ae719ce6e9c66d9be6a9ba6e9ae709a66c9ce6d,3,"WAIT",000,00b,00c,0,4,3,0,3,00b,104,0,0,0,685a6691ad69da16eda46f9a76eda3685a36edbb681a4691bb6e5af691bb691a1695be695bb6e5a5,0,00c,0,0,0,0,1,0,0,0,1,0
854,854,0,c0f02c0f02c0b02c0b02c0b02c0b02c0b02c0b02c0b02c0b06c1f4fd3b4ec2b02c0f02c0b02c0b02,521515515c5014852d4a55d405294e55d46521545595255d5452140529555595550d4857d465354d,685a7691ad69da16eda46fda76e9a3699a06edbb681a4695bb6e5af691bb691a6695be6e1bb6e5a4,9d66d9d2649b66e9b66c9c6719c2679c26c9d2679ae719ce6e9c66d9be6a9ba6e9ae709a66c9ce6d,3,"WAIT",000,00b,00c,0,4,3,0,3,00b,104,0,0,0,685a6691ad69da16eda46f9a76eda3685a36edbb681a4691bb6e5af691bb691a1695be695bb6e5a5,0,00c,0,0,0,0,1,0,0,0,1,0
855,855,0,c0f02c0f02c0b02c0b02c0b02c0b02c0b02c0b02c0b02c0b06c1f4fd3b4ec2b02c0f02c0b02c0b02,521515515c5014852d4a55d405294e55d46521545595255d5452140529555595550d4857d465354d,685a7691ad69da16eda46fda76e9a3699a06edbb681a4695bb6e5af691bb691a6695be6e1bb6e5a4,9d66d9d2649b66e9b66c9c6719c2679c26c9d2679ae719ce6e9c66d9be6a9ba6e9ae709a66c9ce6d,3,"WAIT",000,00b,00c,0,4,3,0,3,00b,104,0,0,0,685a6691ad69da16eda46f9a76eda3685a36edbb681a4691bb6e5af691bb691a1695be695bb6e5a5,0,00c,0,0,0,0,1,0,0,0,1,0
856,856,0,c0f02c0f02c0b02c0b02c0b02c0b02c0b02c0b02c0b02c0b06c1f4fd3b4ec2b02c0f02c0b02c0b02,521515515c5014852d4a55d405294e55d46521545595255d5452140529555595550d4857d465354d,685a7691ad69da16eda46fda76e9a3699a06edbb681a4695bb6e5af691bb691a6695be6e1bb6e5a4,9d66d9d2649b66e9b66c9c6719c2679c26c9d2679ae719ce6e9c66d9be6a9ba6e9ae709a66c9ce6d,3,"WAIT",000,00b,00c,0,4,3,0,3,00b,104,0,0,0,685a6691ad69da16eda46f9a76eda3685a36edbb681a4691bb6e5af691bb691a1695be695bb6e5a5,0,00c,0,0,0,0,1,0,0,0,1,0
857,857,0,c0f02c0f02c0b02c0b02c0b02c0b02c0b02c0b02c0b02c0b06c1f4fd3b4ec2b02c0f02c0b02c0b02,521515515c5014852d4a55d405294e55d46521545595255d5452140529555595550d4857d465354d,685a7691ad69da16eda46fda76e9a3699a06edbb681a4695bb6e5af691bb691a6695be6e1bb6e5a4,9d66d9d2649b66e9b66c9c6719c2679c26c9d2679ae719ce6e9c66d9be6a9ba6e9ae709a66c9ce6d,3,"WAIT",000,00b,00c,0,4,3,0,3,00b,104,0,0,0,685a6691ad69da16eda46f9a76eda3685a36edbb681a4691bb6e5af691bb691a1695be695bb6e5a5,0,00c,0,0,0,0,1,0,0,0,1,0
858,858,0,c0f02c0f02c0b02c0b02c0b02c0b02c0b02c0b02c0b02c0b06c1f4fd3b4ec2b02c0f02c0b02c0b02,521515515c5014852d4a55d405294e55d46521545595255d5452140529555595550d4857d465354d,685a7691ad69da16eda46fda76e9a3699a06edbb681a4695bb6e5af691bb691a6695be6e1bb6e5a4,9d66d9d2649b66e9b66c9c6719c2679c26c9d2679ae719ce6e9c66d9be6a9ba6e9ae709a66c9ce6d,3,"WAIT",000,00b,00c,0,4,3,0,3,00b,104,0,0,0,685a6691ad69da16eda46f9a76eda3685a36edbb681a4691bb6e5af691bb691a1695be695bb6e5a5,0,00c,0,0,0,0,1,0,0,0,1,0
859,859,0,c0f02c0f02c0b02c0b02c0b02c0b02c0b02c0b02c0b02c0b06c1f4fd3b4ec2b02c0f02c0b02c0b02,521515515c5014852d4a55d405294e55d46521545595255d5452140529555595550d4857d465354d,685a7691ad69da16eda46fda76e9a3699a06edbb681a4695bb6e5af691bb691a6695be6e1bb6e5a4,9d66d9d2649b66e9b66c9c6719c2679c26c9d2679ae719ce6e9c66d9be6a9ba6e9ae709a66c9ce6d,3,"WAIT",000,00b,00c,0,4,3,0,3,00b,104,0,0,0,685a6691ad69da16eda46f9a76eda3685a36edbb681a4691bb6e5af691bb691a1695be695bb6e5a5,0,00c,0,0,0,0,1,0,0,0,1,0
860,860,0,c0f02c0f02c0b02c0b02c0b02c0b02c0b02c0b02c0b02c0b06c1f4fd3b4ec2b02c0f02c0b02c0b02,521515515c5014852d4a55d405294e55d46521545595255d5452140529555595550d4857d465354d,685a7691ad69da16eda46fda76e9a3699a06edbb681a4695bb6e5af691bb691a6695be6e1bb6e5a4,9d66d9d2649b66e9b66c9c6719c2679c26c9d2679ae719ce6e9c66d9be6a9ba6e9ae709a66c9ce6d,3,"WAIT",000,00b,00c,0,4,3,0,3,00b,104,0,0,0,685a6691ad69da16eda46f9a76eda3685a36edbb681a4691bb6e5af691bb691a1695be695bb6e5a5,0,00c,0,0,0,0,1,0,0,0,1,0
861,861,0,c0f02c0f02c0b02c0b02c0b02c0b02c0b02c0b02c0b02c0b06c1f4fd3b4ec2b02c0f02c0b02c0b02,521515515c5014852d4a55d405294e55d46521545595255d5452140529555595550d4857d465354d,685a7691ad69da16eda46fda76e9a3699a06edbb681a4695bb6e5af691bb691a6695be6e1bb6e5a4,9d66d9d2649b66e9b66c9c6719c2679c26c9d2679ae719ce6e9c66d9be6a9ba6e9ae709a66c9ce6d,3,"WAIT",000,00b,00c,0,4,3,0,3,00b,104,0,0,0,685a6691ad69da16eda46f9a76eda3685a36edbb681a4691bb6e5af691bb691a1695be695bb6e5a5,0,00c,0,0,0,0,1,0,0,0,1,0
862,862,0,c0f02c0f02c0b02c0b02c0b02c0b02c0b02c0b02c0b02c0b06c1f4fd3b4ec2b02c0f02c0b02c0b02,521515515c5014852d4a55d405294e55d46521545595255d5452140529555595550d4857d465354d,685a7691ad69da16eda46fda76e9a3699a06edbb681a4695bb6e5af691bb691a6695be6e1bb6e5a4,9d66d9d2649b66e9b66c9c6719c2679c26c9d2679ae719ce6e9c66d9be6a9ba6e9ae709a66c9ce6d,3,"WAIT",000,00b,00c,0,4,3,0,3,00b,104,0,0,0,685a6691ad69da16eda46f9a76eda3685a36edbb681a4691bb6e5af691bb691a1695be695bb6e5a5,0,00c,0,0,0,0,1,0,0,0,1,0
863,863,0,c0f02c0f02c0b02c0b02c0b02c0b02c0b02c0b02c0b02c0b06c1f4fd3b4ec2b02c0f02c0b02c0b02,521515515c5014852d4a55d405294e55d46521545595255d5452140529555595550d4857d465354d,685a7691ad69da16eda46fda76e9a3699a06edbb681a4695bb6e5af691bb691a6695be6e1bb6e5a4,9d66d9d2649b66e9b66c9c6719c2679c26c9d2679ae719ce6e9c66d9be6a9ba6e9ae709a66c9ce6d,3,"WAIT",000,00b,00c,0,4,3,0,3,00b,104,0,0,0,685a6691ad69da16eda46f9a76eda3685a36edbb681a4691bb6e5af691bb691a1695be695bb6e5a5,0,00c,0,0,0,0,1,0,0,0,1,0
864,864,0,c0f02c0f02c0b02c0b02c0b02c0b02c0b02c0b02c0b02c0b06c1f4fd3b4ec2b02c0f02c0b02c0b02,521515515c5014852d4a55d405294e55d46521545595255d5452140529555595550d4857d465354d,685a7691ad69da16eda46fda76e9a3699a06edbb681a4695bb6e5af691bb691a6695be6e1bb6e5a4,9d66d9d2649b66e9b66c9c6719c2679c26c9d2679ae719ce6e9c66d9be6a9ba6e9ae709a66c9ce6d,3,"WAIT",000,00b,00c,0,4,3,0,3,00b,104,0,0,0,685a6691ad69da16eda46f9a76eda3685a36edbb681a4691bb6e5af691bb691a1695be695bb6e5a5,0,00c,0,0,0,0,1,0,0,0,1,0
865,865,0,c0f02c0f02c0b02c0b02c0b02c0b02c0b02c0b02c0b02c0b06c1f4fd3b4ec2b02c0f02c0b02c0b02,521515515c5014852d4a55d405294e55d46521545595255d5452140529555595550d4857d465354d,685a7691ad69da16eda46fda76e9a3699a06edbb681a4695bb6e5af691bb691a6695be6e1bb6e5a4,9d66d9d2649b66e9b66c9c6719c2679c26c9d2679ae719ce6e9c66d9be6a9ba6e9ae709a66c9ce6d,3,"WAIT",000,00b,00c,0,4,3,0,3,00b,104,0,0,0,685a6691ad69da16eda46f9a76eda3685a36edbb681a4691bb6e5af691bb691a1695be695bb6e5a5,0,00c,0,0,0,0,1,0,0,0,1,0
866,866,0,c0f02c0f02c0b02c0b02c0b02c0b02c0b02c0b02c0b02c0b06c1f4fd3b4ec2b02c0f02c0b02c0b02,521515515c5014852d4a55d405294e55d46521545595255d5452140529555595550d4857d465354d,685a7691ad69da16eda46fda76e9a3699a06edbb681a4695bb6e5af691bb691a6695be6e1bb6e5a4,9d66d9d2649b66e9b66c9c6719c2679c26c9d2679ae719ce6e9c66d9be6a9ba6e9ae709a66c9ce6d,3,"WAIT",000,00b,00c,0,4,3,0,3,00b,104,0,0,0,685a6691ad69da16eda46f9a76eda3685a36edbb681a4691bb6e5af691bb691a1695be695bb6e5a5,0,00c,0,0,0,0,1,0,0,0,1,0
867,867,0,c0f02c0f02c0b02c0b02c0b02c0b02c0b02c0b02c0b02c0b06c1f4fd3b4ec2b02c0f02c0b02c0b02,521515515c5014852d4a55d405294e55d46521545595255d5452140529555595550d4857d465354d,685a7691ad69da16eda46fda76e9a3699a06edbb681a4695bb6e5af691bb691a6695be6e1bb6e5a4,9d66d9d2649b66e9b66c9c6719c2679c26c9d2679ae719ce6e9c66d9be6a9ba6e9ae709a66c9ce6d,3,"WAIT",000,00b,00c,0,4,3,0,3,00b,104,0,0,0,685a6691ad69da16eda46f9a76eda3685a36edbb681a4691bb6e5af691bb691a1695be695bb6e5a5,0,00c,0,0,0,0,1,0,0,0,1,0
868,868,0,c0f02c0f02c0b02c0b02c0b02c0b02c0b02c0b02c0b02c0b06c1f4fd3b4ec2b02c0f02c0b02c0b02,521515515c5014852d4a55d405294e55d46521545595255d5452140529555595550d4857d465354d,685a7691ad69da16eda46fda76e9a3699a06edbb681a4695bb6e5af691bb691a6695be6e1bb6e5a4,9d66d9d2649b66e9b66c9c6719c2679c26c9d2679ae719ce6e9c66d9be6a9ba6e9ae709a66c9ce6d,3,"WAIT",000,00b,00c,0,4,3,0,3,00b,104,0,0,0,685a6691ad69da16eda46f9a76eda3685a36edbb681a4691bb6e5af691bb691a1695be695bb6e5a5,0,00c,0,0,0,0,1,0,0,0,1,0
869,869,0,c0f02c0f02c0b02c0b02c0b02c0b02c0b02c0b02c0b02c0b06c1f4fd3b4ec2b02c0f02c0b02c0b02,521515515c5014852d4a55d405294e55d46521545595255d5452140529555595550d4857d465354d,685a7691ad69da16eda46fda76e9a3699a06edbb681a4695bb6e5af691bb691a6695be6e1bb6e5a4,9d66d9d2649b66e9b66c9c6719c2679c26c9d2679ae719ce6e9c66d9be6a9ba6e9ae709a66c9ce6d,3,"WAIT",000,00b,00c,0,4,3,0,3,00b,104,0,0,0,685a6691ad69da16eda46f9a76eda3685a36edbb681a4691bb6e5af691bb691a1695be695bb6e5a5,0,00c,0,0,0,0,1,0,0,0,1,0
870,870,0,c0f02c0f02c0b02c0b02c0b02c0b02c0b02c0b02c0b02c0b06c1f4fd3b4ec2b02c0f02c0b02c0b02,521515515c5014852d4a55d405294e55d46521545595255d5452140529555595550d4857d465354d,685a7691ad69da16eda46fda76e9a3699a06edbb681a4695bb6e5af691bb691a6695be6e1bb6e5a4,9d66d9d2649b66e9b66c9c6719c2679c26c9d2679ae719ce6e9c66d9be6a9ba6e9ae709a66c9ce6d,3,"WAIT",000,00b,00c,0,4,3,0,3,00b,104,0,0,0,685a6691ad69da16eda46f9a76eda3685a36edbb681a4691bb6e5af691bb691a1695be695bb6e5a5,0,00c,0,0,0,0,1,0,0,0,1,0
871,871,0,c0f02c0f02c0b02c0b02c0b02c0b02c0b02c0b02c0b02c0b06c1f4fd3b4ec2b02c0f02c0b02c0b02,521515515c5014852d4a55d405294e55d46521545595255d5452140529555595550d4857d465354d,685a7691ad69da16eda46fda76e9a3699a06edbb681a4695bb6e5af691bb691a6695be6e1bb6e5a4,9d66d9d2649b66e9b66c9c6719c2679c26c9d2679ae719ce6e9c66d9be6a9ba6e9ae709a66c9ce6d,3,"WAIT",000,00b,00c,0,4,3,0,3,00b,104,0,0,0,685a6691ad69da16eda46f9a76eda3685a36edbb681a4691bb6e5af691bb691a1695be695bb6e5a5,0,00c,0,0,0,0,1,0,0,0,1,0
872,872,0,c0f02c0f02c0b02c0b02c0b02c0b02c0b02c0b02c0b02c0b06c1f4fd3b4ec2b02c0f02c0b02c0b02,521515515c5014852d4a55d405294e55d46521545595255d5452140529555595550d4857d465354d,685a7691ad69da16eda46fda76e9a3699a06edbb681a4695bb6e5af691bb691a6695be6e1bb6e5a4,9d66d9d2649b66e9b66c9c6719c2679c26c9d2679ae719ce6e9c66d9be6a9ba6e9ae709a66c9ce6d,3,"WAIT",000,00b,00c,0,4,3,0,3,00b,104,0,0,0,685a6691ad69da16eda46f9a76eda3685a36edbb681a4691bb6e5af691bb691a1695be695bb6e5a5,0,00c,0,0,0,0,1,0,0,0,1,0
873,873,0,c0f02c0f02c0b02c0b02c0b02c0b02c0b02c0b02c0b02c0b06c1f4fd3b4ec2b02c0f02c0b02c0b02,521515515c5014852d4a55d405294e55d46521545595255d5452140529555595550d4857d465354d,685a7691ad69da16eda46fda76e9a3699a06edbb681a4695bb6e5af691bb691a6695be6e1bb6e5a4,9d66d9d2649b66e9b66c9c6719c2679c26c9d2679ae719ce6e9c66d9be6a9ba6e9ae709a66c9ce6d,3,"WAIT",000,00b,00c,0,4,3,0,3,00b,104,0,0,0,685a6691ad69da16eda46f9a76eda3685a36edbb681a4691bb6e5af691bb691a1695be695bb6e5a5,0,00c,0,0,0,0,1,0,0,0,1,0
874,874,0,c0f02c0f02c0b02c0b02c0b02c0b02c0b02c0b02c0b02c0b06c1f4fd3b4ec2b02c0f02c0b02c0b02,521515515c5014852d4a55d405294e55d46521545595255d5452140529555595550d4857d465354d,685a7691ad69da16eda46fda76e9a3699a06edbb681a4695bb6e5af691bb691a6695be6e1bb6e5a4,9d66d9d2649b66e9b66c9c6719c2679c26c9d2679ae719ce6e9c66d9be6a9ba6e9ae709a66c9ce6d,3,"WAIT",000,00b,00c,0,4,3,0,3,00b,104,0,0,0,685a6691ad69da16eda46f9a76eda3685a36edbb681a4691bb6e5af691bb691a1695be695bb6e5a5,0,00c,0,0,0,0,1,0,0,0,1,0
875,875,0,c0f02c0f02c0b02c0b02c0b02c0b02c0b02c0b02c0b02c0b06c1f4fd3b4ec2b02c0f02c0b02c0b02,521515515c5014852d4a55d405294e55d46521545595255d5452140529555595550d4857d465354d,685a7691ad69da16eda46fda76e9a3699a06edbb681a4695bb6e5af691bb691a6695be6e1bb6e5a4,9d66d9d2649b66e9b66c9c6719c2679c26c9d2679ae719ce6e9c66d9be6a9ba6e9ae709a66c9ce6d,3,"WAIT",000,00b,00c,0,4,3,0,3,00b,104,0,0,0,685a6691ad69da16eda46f9a76eda3685a36edbb681a4691bb6e5af691bb691a1695be695bb6e5a5,0,00c,0,0,0,0,1,0,0,0,1,0
876,876,0,c0f02c0f02c0b02c0b02c0b02c0b02c0b02c0b02c0b02c0b06c1f4fd3b4ec2b02c0f02c0b02c0b02,521515515c5014852d4a55d405294e55d46521545595255d5452140529555595550d4857d465354d,685a7691ad69da16eda46fda76e9a3699a06edbb681a4695bb6e5af691bb691a6695be6e1bb6e5a4,9d66d9d2649b66e9b66c9c6719c2679c26c9d2679ae719ce6e9c66d9be6a9ba6e9ae709a66c9ce6d,3,"WAIT",000,00b,00c,0,4,3,0,3,00b,104,0,0,0,685a6691ad69da16eda46f9a76eda3685a36edbb681a4691bb6e5af691bb691a1695be695bb6e5a5,0,00c,0,0,0,0,1,0,0,0,1,0
877,877,0,c0f02c0f02c0b02c0b02c0b02c0b02c0b02c0b02c0b02c0b06c1f4fd3b4ec2b02c0f02c0b02c0b02,521515515c5014852d4a55d405294e55d46521545595255d5452140529555595550d4857d465354d,685a7691ad69da16eda46fda76e9a3699a06edbb681a4695bb6e5af691bb691a6695be6e1bb6e5a4,9d66d9d2649b66e9b66c9c6719c2679c26c9d2679ae719ce6e9c66d9be6a9ba6e9ae709a66c9ce6d,3,"WAIT",000,00b,00c,0,4,3,0,3,00b,104,0,0,0,685a6691ad69da16eda46f9a76eda3685a36edbb681a4691bb6e5af691bb691a1695be695bb6e5a5,0,00c,0,0,0,0,1,0,0,0,1,0
878,878,0,c0f02c0f02c0b02c0b02c0b02c0b02c0b02c0b02c0b02c0b06c1f4fd3b4ec2b02c0f02c0b02c0b02,521515515c5014852d4a55d405294e55d46521545595255d5452140529555595550d4857d465354d,685a7691ad69da16eda46fda76e9a3699a06edbb681a4695bb6e5af691bb691a6695be6e1bb6e5a4,9d66d9d2649b66e9b66c9c6719c2679c26c9d2679ae719ce6e9c66d9be6a9ba6e9ae709a66c9ce6d,3,"WAIT",000,00b,00c,0,4,3,0,3,00b,104,0,0,0,685a6691ad69da16eda46f9a76eda3685a36edbb681a4691bb6e5af691bb691a1695be695bb6e5a5,0,00c,0,0,0,0,1,0,0,0,1,0
879,879,0,c0f02c0f02c0b02c0b02c0b02c0b02c0b02c0b02c0b02c0b06c1f4fd3b4ec2b02c0f02c0b02c0b02,521515515c5014852d4a55d405294e55d46521545595255d5452140529555595550d4857d465354d,685a7691ad69da16eda46fda76e9a3699a06edbb681a4695bb6e5af691bb691a6695be6e1bb6e5a4,9d66d9d2649b66e9b66c9c6719c2679c26c9d2679ae719ce6e9c66d9be6a9ba6e9ae709a66c9ce6d,3,"WAIT",000,00b,00c,0,4,3,0,3,00b,104,0,0,0,685a6691ad69da16eda46f9a76eda3685a36edbb681a4691bb6e5af691bb691a1695be695bb6e5a5,0,00c,0,0,0,0,1,0,0,0,1,0
880,880,0,c0f02c0f02c0b02c0b02c0b02c0b02c0b02c0b02c0b02c0b06c1f4fd3b4ec2b02c0f02c0b02c0b02,521515515c5014852d4a55d405294e55d46521545595255d5452140529555595550d4857d465354d,685a7691ad69da16eda46fda76e9a3699a06edbb681a4695bb6e5af691bb691a6695be6e1bb6e5a4,9d66d9d2649b66e9b66c9c6719c2679c26c9d2679ae719ce6e9c66d9be6a9ba6e9ae709a66c9ce6d,3,"WAIT",000,00b,00c,0,4,3,0,3,00b,104,0,0,0,685a6691ad69da16eda46f9a76eda3685a36edbb681a4691bb6e5af691bb691a1695be695bb6e5a5,0,00c,0,0,0,0,1,0,0,0,1,0
881,881,0,c0f02c0f02c0b02c0b02c0b02c0b02c0b02c0b02c0b02c0b06c1f4fd3b4ec2b02c0f02c0b02c0b02,521515515c5014852d4a55d405294e55d46521545595255d5452140529555595550d4857d465354d,685a7691ad69da16eda46fda76e9a3699a06edbb681a4695bb6e5af691bb691a6695be6e1bb6e5a4,9d66d9d2649b66e9b66c9c6719c2679c26c9d2679ae719ce6e9c66d9be6a9ba6e9ae709a66c9ce6d,3,"WAIT",000,00b,00c,0,4,3,0,3,00b,104,0,0,0,685a6691ad69da16eda46f9a76eda3685a36edbb681a4691bb6e5af691bb691a1695be695bb6e5a5,0,00c,0,0,0,0,1,0,0,0,1,0
882,882,0,c0f02c0f02c0b02c0b02c0b02c0b02c0b02c0b02c0b02c0b06c1f4fd3b4ec2b02c0f02c0b02c0b02,521515515c5014852d4a55d405294e55d46521545595255d5452140529555595550d4857d465354d,685a7691ad69da16eda46fda76e9a3699a06edbb681a4695bb6e5af691bb691a6695be6e1bb6e5a4,9d66d9d2649b66e9b66c9c6719c2679c26c9d2679ae719ce6e9c66d9be6a9ba6e9ae709a66c9ce6d,3,"WAIT",000,00b,00c,0,4,3,0,3,00b,104,0,0,0,685a6691ad69da16eda46f9a76eda3685a36edbb681a4691bb6e5af691bb691a1695be695bb6e5a5,0,00c,0,0,0,0,1,0,0,0,1,0
883,883,0,c0f02c0f02c0b02c0b02c0b02c0b02c0b02c0b02c0b02c0b06c1f4fd3b4ec2b02c0f02c0b02c0b02,521515515c5014852d4a55d405294e55d46521545595255d5452140529555595550d4857d465354d,685a7691ad69da16eda46fda76e9a3699a06edbb681a4695bb6e5af691bb691a6695be6e1bb6e5a4,9d66d9d2649b66e9b66c9c6719c2679c26c9d2679ae719ce6e9c66d9be6a9ba6e9ae709a66c9ce6d,3,"WAIT",000,00b,00c,0,4,3,0,3,00b,104,0,0,0,685a6691ad69da16eda46f9a76eda3685a36edbb681a4691bb6e5af691bb691a1695be695bb6e5a5,0,00c,0,0,0,0,1,0,0,0,1,0
884,884,0,c0f02c0f02c0b02c0b02c0b02c0b02c0b02c0b02c0b02c0b06c1f4fd3b4ec2b02c0f02c0b02c0b02,521515515c5014852d4a55d405294e55d46521545595255d5452140529555595550d4857d465354d,685a7691ad69da16eda46fda76e9a3699a06edbb681a4695bb6e5af691bb691a6695be6e1bb6e5a4,9d66d9d2649b66e9b66c9c6719c2679c26c9d2679ae719ce6e9c66d9be6a9ba6e9ae709a66c9ce6d,3,"WAIT",000,00b,00c,0,4,3,0,3,00b,104,0,0,0,685a6691ad69da16eda46f9a76eda3685a36edbb681a4691bb6e5af691bb691a1695be695bb6e5a5,0,00c,0,0,0,0,1,0,0,0,1,0
885,885,0,c0f02c0f02c0b02c0b02c0b02c0b02c0b02c0b02c0b02c0b06c1f4fd3b4ec2b02c0f02c0b02c0b02,521515515c5014852d4a55d405294e55d46521545595255d5452140529555595550d4857d465354d,685a7691ad69da16eda46fda76e9a3699a06edbb681a4695bb6e5af691bb691a6695be6e1bb6e5a4,9d66d9d2649b66e9b66c9c6719c2679c26c9d2679ae719ce6e9c66d9be6a9ba6e9ae709a66c9ce6d,3,"WAIT",000,00b,00c,0,4,3,0,3,00b,104,0,0,0,685a6691ad69da16eda46f9a76eda3685a36edbb681a4691bb6e5af691bb691a1695be695bb6e5a5,0,00c,0,0,0,0,1,0,0,0,1,0
886,886,0,c0f02c0f02c0b02c0b02c0b02c0b02c0b02c0b02c0b02c0b06c1f4fd3b4ec2b02c0f02c0b02c0b02,521515515c5014852d4a55d405294e55d46521545595255d5452140529555595550d4857d465354d,685a7691ad69da16eda46fda76e9a3699a06edbb681a4695bb6e5af691bb691a6695be6e1bb6e5a4,9d66d9d2649b66e9b66c9c6719c2679c26c9d2679ae719ce6e9c66d9be6a9ba6e9ae709a66c9ce6d,3,"WAIT",000,00b,00c,0,4,3,0,3,00b,104,0,0,0,685a6691ad69da16eda46f9a76eda3685a36edbb681a4691bb6e5af691bb691a1695be695bb6e5a5,0,00c,0,0,0,0,1,0,0,0,1,0
887,887,0,c0f02c0f02c0b02c0b02c0b02c0b02c0b02c0b02c0b02c0b06c1f4fd3b4ec2b02c0f02c0b02c0b02,521515515c5014852d4a55d405294e55d46521545595255d5452140529555595550d4857d465354d,685a7691ad69da16eda46fda76e9a3699a06edbb681a4695bb6e5af691bb691a6695be6e1bb6e5a4,9d66d9d2649b66e9b66c9c6719c2679c26c9d2679ae719ce6e9c66d9be6a9ba6e9ae709a66c9ce6d,3,"WAIT",000,00b,00c,0,4,3,0,3,00b,104,0,0,0,685a6691ad69da16eda46f9a76eda3685a36edbb681a4691bb6e5af691bb691a1695be695bb6e5a5,0,00c,0,0,0,0,1,0,0,0,1,0
888,888,0,c0f02c0f02c0b02c0b02c0b02c0b02c0b02c0b02c0b02c0b06c1f4fd3b4ec2b02c0f02c0b02c0b02,521515515c5014852d4a55d405294e55d46521545595255d5452140529555595550d4857d465354d,685a7691ad69da16eda46fda76e9a3699a06edbb681a4695bb6e5af691bb691a6695be6e1bb6e5a4,9d66d9d2649b66e9b66c9c6719c2679c26c9d2679ae719ce6e9c66d9be6a9ba6e9ae709a66c9ce6d,3,"WAIT",000,00b,00c,0,4,3,0,3,00b,104,0,0,0,685a6691ad69da16eda46f9a76eda3685a36edbb681a4691bb6e5af691bb691a1695be695bb6e5a5,0,00c,0,0,0,0,1,0,0,0,1,0
889,889,0,c0f02c0f02c0b02c0b02c0b02c0b02c0b02c0b02c0b02c0b06c1f4fd3b4ec2b02c0f02c0b02c0b02,521515515c5014852d4a55d405294e55d46521545595255d5452140529555595550d4857d465354d,685a7691ad69da16eda46fda76e9a3699a06edbb681a4695bb6e5af691bb691a6695be6e1bb6e5a4,9d66d9d2649b66e9b66c9c6719c2679c26c9d2679ae719ce6e9c66d9be6a9ba6e9ae709a66c9ce6d,3,"WAIT",000,00b,00c,0,4,3,0,3,00b,104,0,0,0,685a6691ad69da16eda46f9a76eda3685a36edbb681a4691bb6e5af691bb691a1695be695bb6e5a5,0,00c,0,0,0,0,1,0,0,0,1,0
890,890,0,c0f02c0f02c0b02c0b02c0b02c0b02c0b02c0b02c0b02c0b06c1f4fd3b4ec2b02c0f02c0b02c0b02,521515515c5014852d4a55d405294e55d46521545595255d5452140529555595550d4857d465354d,685a7691ad69da16eda46fda76e9a3699a06edbb681a4695bb6e5af691bb691a6695be6e1bb6e5a4,9d66d9d2649b66e9b66c9c6719c2679c26c9d2679ae719ce6e9c66d9be6a9ba6e9ae709a66c9ce6d,3,"WAIT",000,00b,00c,0,4,3,0,3,00b,104,0,0,0,685a6691ad69da16eda46f9a76eda3685a36edbb681a4691bb6e5af691bb691a1695be695bb6e5a5,0,00c,0,0,0,0,1,0,0,0,1,0
891,891,0,c0f02c0f02c0b02c0b02c0b02c0b02c0b02c0b02c0b02c0b06c1f4fd3b4ec2b02c0f02c0b02c0b02,521515515c5014852d4a55d405294e55d46521545595255d5452140529555595550d4857d465354d,685a7691ad69da16eda46fda76e9a3699a06edbb681a4695bb6e5af691bb691a6695be6e1bb6e5a4,9d66d9d2649b66e9b66c9c6719c2679c26c9d2679ae719ce6e9c66d9be6a9ba6e9ae709a66c9ce6d,3,"WAIT",000,00b,00c,0,4,3,0,3,00b,104,0,0,0,685a6691ad69da16eda46f9a76eda3685a36edbb681a4691bb6e5af691bb691a1695be695bb6e5a5,0,00c,0,0,0,0,1,0,0,0,1,0
892,892,0,c0f02c0f02c0b02c0b02c0b02c0b02c0b02c0b02c0b02c0b06c1f4fd3b4ec2b02c0f02c0b02c0b02,521515515c5014852d4a55d405294e55d46521545595255d5452140529555595550d4857d465354d,685a7691ad69da16eda46fda76e9a3699a06edbb681a4695bb6e5af691bb691a6695be6e1bb6e5a4,9d66d9d2649b66e9b66c9c6719c2679c26c9d2679ae719ce6e9c66d9be6a9ba6e9ae709a66c9ce6d,3,"WAIT",000,00b,00c,0,4,3,0,3,00b,104,0,0,0,685a6691ad69da16eda46f9a76eda3685a36edbb681a4691bb6e5af691bb691a1695be695bb6e5a5,0,00c,0,0,0,0,1,0,0,0,1,0
893,893,0,c0f02c0f02c0b02c0b02c0b02c0b02c0b02c0b02c0b02c0b06c1f4fd3b4ec2b02c0f02c0b02c0b02,521515515c5014852d4a55d405294e55d46521545595255d5452140529555595550d4857d465354d,685a7691ad69da16eda46fda76e9a3699a06edbb681a4695bb6e5af691bb691a6695be6e1bb6e5a4,9d66d9d2649b66e9b66c9c6719c2679c26c9d2679ae719ce6e9c66d9be6a9ba6e9ae709a66c9ce6d,3,"WAIT",000,00b,00c,0,4,3,0,3,00b,104,0,0,0,685a6691ad69da16eda46f9a76eda3685a36edbb681a4691bb6e5af691bb691a1695be695bb6e5a5,0,00c,0,0,0,0,1,0,0,0,1,0
894,894,0,c0f02c0f02c0b02c0b02c0b02c0b02c0b02c0b02c0b02c0b06c1f4fd3b4ec2b02c0f02c0b02c0b02,521515515c5014852d4a55d405294e55d46521545595255d5452140529555595550d4857d465354d,685a7691ad69da16eda46fda76e9a3699a06edbb681a4695bb6e5af691bb691a6695be6e1bb6e5a4,9d66d9d2649b66e9b66c9c6719c2679c26c9d2679ae719ce6e9c66d9be6a9ba6e9ae709a66c9ce6d,3,"WAIT",000,00b,00c,0,4,3,0,3,00b,104,0,0,0,685a6691ad69da16eda46f9a76eda3685a36edbb681a4691bb6e5af691bb691a1695be695bb6e5a5,0,00c,0,0,0,0,1,0,0,0,1,0
895,895,0,c0f02c0f02c0b02c0b02c0b02c0b02c0b02c0b02c0b02c0b06c1f4fd3b4ec2b02c0f02c0b02c0b02,521515515c5014852d4a55d405294e55d46521545595255d5452140529555595550d4857d465354d,685a7691ad69da16eda46fda76e9a3699a06edbb681a4695bb6e5af691bb691a6695be6e1bb6e5a4,9d66d9d2649b66e9b66c9c6719c2679c26c9d2679ae719ce6e9c66d9be6a9ba6e9ae709a66c9ce6d,3,"WAIT",000,00b,00c,0,4,3,0,3,00b,104,0,0,0,685a6691ad69da16eda46f9a76eda3685a36edbb681a4691bb6e5af691bb691a1695be695bb6e5a5,0,00c,0,0,0,0,1,0,0,0,1,0
896,896,0,c0f02c0f02c0b02c0b02c0b02c0b02c0b02c0b02c0b02c0b06c1f4fd3b4ec2b02c0f02c0b02c0b02,521515515c5014852d4a55d405294e55d46521545595255d5452140529555595550d4857d465354d,685a7691ad69da16eda46fda76e9a3699a06edbb681a4695bb6e5af691bb691a6695be6e1bb6e5a4,9d66d9d2649b66e9b66c9c6719c2679c26c9d2679ae719ce6e9c66d9be6a9ba6e9ae709a66c9ce6d,3,"WAIT",000,00b,00c,0,4,3,0,3,00b,104,0,0,0,685a6691ad69da16eda46f9a76eda3685a36edbb681a4691bb6e5af691bb691a1695be695bb6e5a5,0,00c,0,0,0,0,1,0,0,0,1,0
897,897,0,c0f02c0f02c0b02c0b02c0b02c0b02c0b02c0b02c0b02c0b06c1f4fd3b4ec2b02c0f02c0b02c0b02,521515515c5014852d4a55d405294e55d46521545595255d5452140529555595550d4857d465354d,685a7691ad69da16eda46fda76e9a3699a06edbb681a4695bb6e5af691bb691a6695be6e1bb6e5a4,9d66d9d2649b66e9b66c9c6719c2679c26c9d2679ae719ce6e9c66d9be6a9ba6e9ae709a66c9ce6d,3,"WAIT",000,00b,00c,0,4,3,0,3,00b,104,0,0,0,685a6691ad69da16eda46f9a76eda3685a36edbb681a4691bb6e5af691bb691a1695be695bb6e5a5,0,00c,0,0,0,0,1,0,0,0,1,0
898,898,0,c0f02c0f02c0b02c0b02c0b02c0b02c0b02c0b02c0b02c0b06c1f4fd3b4ec2b02c0f02c0b02c0b02,521515515c5014852d4a55d405294e55d46521545595255d5452140529555595550d4857d465354d,685a7691ad69da16eda46fda76e9a3699a06edbb681a4695bb6e5af691bb691a6695be6e1bb6e5a4,9d66d9d2649b66e9b66c9c6719c2679c26c9d2679ae719ce6e9c66d9be6a9ba6e9ae709a66c9ce6d,3,"WAIT",000,00b,00c,0,4,3,0,3,00b,104,0,0,0,685a6691ad69da16eda46f9a76eda3685a36edbb681a4691bb6e5af691bb691a1695be695bb6e5a5,0,00c,0,0,0,0,1,0,0,0,1,0
899,899,0,c0f02c0f02c0b02c0b02c0b02c0b02c0b02c0b02c0b02c0b06c1f4fd3b4ec2b02c0f02c0b02c0b02,521515515c5014852d4a55d405294e55d46521545595255d5452140529555595550d4857d465354d,685a7691ad69da16eda46fda76e9a3699a06edbb681a4695bb6e5af691bb691a6695be6e1bb6e5a4,9d66d9d2649b66e9b66c9c6719c2679c26c9d2679ae719ce6e9c66d9be6a9ba6e9ae709a66c9ce6d,3,"WAIT",000,00b,00c,0,4,3,0,3,00b,104,0,0,0,685a6691ad69da16eda46f9a76eda3685a36edbb681a4691bb6e5af691bb691a1695be695bb6e5a5,0,00c,0,0,0,0,1,0,0,0,1,0
900,900,0,c0f02c0f02c0b02c0b02c0b02c0b02c0b02c0b02c0b02c0b06c1f4fd3b4ec2b02c0f02c0b02c0b02,521515515c5014852d4a55d405294e55d46521545595255d5452140529555595550d4857d465354d,685a7691ad69da16eda46fda76e9a3699a06edbb681a4695bb6e5af691bb691a6695be6e1bb6e5a4,9d66d9d2649b66e9b66c9c6719c2679c26c9d2679ae719ce6e9c66d9be6a9ba6e9ae709a66c9ce6d,3,"WAIT",000,00b,00c,0,4,3,0,3,00b,104,0,0,0,685a6691ad69da16eda46f9a76eda3685a36edbb681a4691bb6e5af691bb691a1695be695bb6e5a5,0,00c,0,0,0,0,1,0,0,0,1,0
901,901,0,c0f02c0f02c0b02c0b02c0b02c0b02c0b02c0b02c0b02c0b06c1f4fd3b4ec2b02c0f02c0b02c0b02,521515515c5014852d4a55d405294e55d46521545595255d5452140529555595550d4857d465354d,685a7691ad69da16eda46fda76e9a3699a06edbb681a4695bb6e5af691bb691a6695be6e1bb6e5a4,9d66d9d2649b66e9b66c9c6719c2679c26c9d2679ae719ce6e9c66d9be6a9ba6e9ae709a66c9ce6d,3,"WAIT",000,00b,00c,0,4,3,0,3,00b,104,0,0,0,685a6691ad69da16eda46f9a76eda3685a36edbb681a4691bb6e5af691bb691a1695be695bb6e5a5,0,00c,0,0,0,0,1,0,0,0,1,0
902,902,0,c0f02c0f02c0b02c0b02c0b02c0b02c0b02c0b02c0b02c0b06c1f4fd3b4ec2b02c0f02c0b02c0b02,521515515c5014852d4a55d405294e55d46521545595255d5452140529555595550d4857d465354d,685a7691ad69da16eda46fda76e9a3699a06edbb681a4695bb6e5af691bb691a6695be6e1bb6e5a4,9d66d9d2649b66e9b66c9c6719c2679c26c9d2679ae719ce6e9c66d9be6a9ba6e9ae709a66c9ce6d,3,"WAIT",000,00b,00c,0,4,3,0,3,00b,104,0,0,0,685a6691ad69da16eda46f9a76eda3685a36edbb681a4691bb6e5af691bb691a1695be695bb6e5a5,0,00c,0,0,0,0,1,0,0,0,1,0
903,903,0,c0f02c0f02c0b02c0b02c0b02c0b02c0b02c0b02c0b02c0b06c1f4fd3b4ec2b02c0f02c0b02c0b02,521515515c5014852d4a55d405294e55d46521545595255d5452140529555595550d4857d465354d,685a7691ad69da16eda46fda76e9a3699a06edbb681a4695bb6e5af691bb691a6695be6e1bb6e5a4,9d66d9d2649b66e9b66c9c6719c2679c26c9d2679ae719ce6e9c66d9be6a9ba6e9ae709a66c9ce6d,3,"WAIT",000,00b,00c,0,4,3,0,3,00b,104,0,0,0,685a6691ad69da16eda46f9a76eda3685a36edbb681a4691bb6e5af691bb691a1695be695bb6e5a5,0,00c,0,0,0,0,1,0,0,0,1,0
904,904,0,c0f02c0f02c0b02c0b02c0b02c0b02c0b02c0b02c0b02c0b06c1f4fd3b4ec2b02c0f02c0b02c0b02,521515515c5014852d4a55d405294e55d46521545595255d5452140529555595550d4857d465354d,685a7691ad69da16eda46fda76e9a3699a06edbb681a4695bb6e5af691bb691a6695be6e1bb6e5a4,9d66d9d2649b66e9b66c9c6719c2679c26c9d2679ae719ce6e9c66d9be6a9ba6e9ae709a66c9ce6d,3,"WAIT",000,00b,00c,0,4,3,0,3,00b,104,0,0,0,685a6691ad69da16eda46f9a76eda3685a36edbb681a4691bb6e5af691bb691a1695be695bb6e5a5,0,00c,0,0,0,0,1,0,0,0,1,0
905,905,0,c0f02c0f02c0b02c0b02c0b02c0b02c0b02c0b02c0b02c0b06c1f4fd3b4ec2b02c0f02c0b02c0b02,521515515c5014852d4a55d405294e55d46521545595255d5452140529555595550d4857d465354d,685a7691ad69da16eda46fda76e9a3699a06edbb681a4695bb6e5af691bb691a6695be6e1bb6e5a4,9d66d9d2649b66e9b66c9c6719c2679c26c9d2679ae719ce6e9c66d9be6a9ba6e9ae709a66c9ce6d,3,"WAIT",000,00b,00c,0,4,3,0,3,00b,104,0,0,0,685a6691ad69da16eda46f9a76eda3685a36edbb681a4691bb6e5af691bb691a1695be695bb6e5a5,0,00c,0,0,0,0,1,0,0,0,1,0
906,906,0,c0f02c0f02c0b02c0b02c0b02c0b02c0b02c0b02c0b02c0b06c1f4fd3b4ec2b02c0f02c0b02c0b02,521515515c5014852d4a55d405294e55d46521545595255d5452140529555595550d4857d465354d,685a7691ad69da16eda46fda76e9a3699a06edbb681a4695bb6e5af691bb691a6695be6e1bb6e5a4,9d66d9d2649b66e9b66c9c6719c2679c26c9d2679ae719ce6e9c66d9be6a9ba6e9ae709a66c9ce6d,3,"WAIT",000,00b,00c,0,4,3,0,3,00b,104,0,0,0,685a6691ad69da16eda46f9a76eda3685a36edbb681a4691bb6e5af691bb691a1695be695bb6e5a5,0,00c,0,0,0,0,1,0,0,0,1,0
907,907,0,c0f02c0f02c0b02c0b02c0b02c0b02c0b02c0b02c0b02c0b06c1f4fd3b4ec2b02c0f02c0b02c0b02,521515515c5014852d4a55d405294e55d46521545595255d5452140529555595550d4857d465354d,685a7691ad69da16eda46fda76e9a3699a06edbb681a4695bb6e5af691bb691a6695be6e1bb6e5a4,9d66d9d2649b66e9b66c9c6719c2679c26c9d2679ae719ce6e9c66d9be6a9ba6e9ae709a66c9ce6d,3,"WAIT",000,00b,00c,0,4,3,0,3,00b,104,0,0,0,685a6691ad69da16eda46f9a76eda3685a36edbb681a4691bb6e5af691bb691a1695be695bb6e5a5,0,00c,0,0,0,0,1,0,0,0,1,0
908,908,0,c0f02c0f02c0b02c0b02c0b02c0b02c0b02c0b02c0b02c0b06c1f4fd3b4ec2b02c0f02c0b02c0b02,521515515c5014852d4a55d405294e55d46521545595255d5452140529555595550d4857d465354d,685a7691ad69da16eda46fda76e9a3699a06edbb681a4695bb6e5af691bb691a6695be6e1bb6e5a4,9d66d9d2649b66e9b66c9c6719c2679c26c9d2679ae719ce6e9c66d9be6a9ba6e9ae709a66c9ce6d,3,"WAIT",000,00b,00c,0,4,3,0,3,00b,104,0,0,0,685a6691ad69da16eda46f9a76eda3685a36edbb681a4691bb6e5af691bb691a1695be695bb6e5a5,0,00c,0,0,0,0,1,0,0,0,1,0
909,909,0,c0f02c0f02c0b02c0b02c0b02c0b02c0b02c0b02c0b02c0b06c1f4fd3b4ec2b02c0f02c0b02c0b02,521515515c5014852d4a55d405294e55d46521545595255d5452140529555595550d4857d465354d,685a7691ad69da16eda46fda76e9a3699a06edbb681a4695bb6e5af691bb691a6695be6e1bb6e5a4,9d66d9d2649b66e9b66c9c6719c2679c26c9d2679ae719ce6e9c66d9be6a9ba6e9ae709a66c9ce6d,3,"WAIT",000,00b,00c,0,4,3,0,3,00b,104,0,0,0,685a6691ad69da16eda46f9a76eda3685a36edbb681a4691bb6e5af691bb691a1695be695bb6e5a5,0,00c,0,0,0,0,1,0,0,0,1,0
910,910,0,c0f02c0f02c0b02c0b02c0b02c0b02c0b02c0b02c0b02c0b06c1f4fd3b4ec2b02c0f02c0b02c0b02,521515515c5014852d4a55d405294e55d46521545595255d5452140529555595550d4857d465354d,685a7691ad69da16eda46fda76e9a3699a06edbb681a4695bb6e5af691bb691a6695be6e1bb6e5a4,9d66d9d2649b66e9b66c9c6719c2679c26c9d2679ae719ce6e9c66d9be6a9ba6e9ae709a66c9ce6d,3,"WAIT",000,00b,00c,0,4,3,0,3,00b,104,0,0,0,685a6691ad69da16eda46f9a76eda3685a36edbb681a4691bb6e5af691bb691a1695be695bb6e5a5,0,00c,0,0,0,0,1,0,0,0,1,0
911,911,0,c0f02c0f02c0b02c0b02c0b02c0b02c0b02c0b02c0b02c0b06c1f4fd3b4ec2b02c0f02c0b02c0b02,521515515c5014852d4a55d405294e55d46521545595255d5452140529555595550d4857d465354d,685a7691ad69da16eda46fda76e9a3699a06edbb681a4695bb6e5af691bb691a6695be6e1bb6e5a4,9d66d9d2649b66e9b66c9c6719c2679c26c9d2679ae719ce6e9c66d9be6a9ba6e9ae709a66c9ce6d,3,"WAIT",000,00b,00c,0,4,3,0,3,00b,104,0,0,0,685a6691ad69da16eda46f9a76eda3685a36edbb681a4691bb6e5af691bb691a1695be695bb6e5a5,0,00c,0,0,0,0,1,0,0,0,1,0
912,912,0,c0f02c0f02c0b02c0b02c0b02c0b02c0b02c0b02c0b02c0b06c1f4fd3b4ec2b02c0f02c0b02c0b02,521515515c5014852d4a55d405294e55d46521545595255d5452140529555595550d4857d465354d,685a7691ad69da16eda46fda76e9a3699a06edbb681a4695bb6e5af691bb691a6695be6e1bb6e5a4,9d66d9d2649b66e9b66c9c6719c2679c26c9d2679ae719ce6e9c66d9be6a9ba6e9ae709a66c9ce6d,3,"WAIT",000,00b,00c,0,4,3,0,3,00b,104,0,0,0,685a6691ad69da16eda46f9a76eda3685a36edbb681a4691bb6e5af691bb691a1695be695bb6e5a5,0,00c,0,0,0,0,1,0,0,0,1,0
913,913,0,c0f02c0f02c0b02c0b02c0b02c0b02c0b02c0b02c0b02c0b06c1f4fd3b4ec2b02c0f02c0b02c0b02,521515515c5014852d4a55d405294e55d46521545595255d5452140529555595550d4857d465354d,685a7691ad69da16eda46fda76e9a3699a06edbb681a4695bb6e5af691bb691a6695be6e1bb6e5a4,9d66d9d2649b66e9b66c9c6719c2679c26c9d2679ae719ce6e9c66d9be6a9ba6e9ae709a66c9ce6d,3,"WAIT",000,00b,00c,0,4,3,0,3,00b,104,0,0,0,685a6691ad69da16eda46f9a76eda3685a36edbb681a4691bb6e5af691bb691a1695be695bb6e5a5,0,00c,0,0,0,0,1,0,0,0,1,0
914,914,0,c0f02c0f02c0b02c0b02c0b02c0b02c0b02c0b02c0b02c0b06c1f4fd3b4ec2b02c0f02c0b02c0b02,521515515c5014852d4a55d405294e55d46521545595255d5452140529555595550d4857d465354d,685a7691ad69da16eda46fda76e9a3699a06edbb681a4695bb6e5af691bb691a6695be6e1bb6e5a4,9d66d9d2649b66e9b66c9c6719c2679c26c9d2679ae719ce6e9c66d9be6a9ba6e9ae709a66c9ce6d,3,"WAIT",000,00b,00c,0,4,3,0,3,00b,104,0,0,0,685a6691ad69da16eda46f9a76eda3685a36edbb681a4691bb6e5af691bb691a1695be695bb6e5a5,0,00c,0,0,0,0,1,0,0,0,1,0
915,915,0,c0f02c0f02c0b02c0b02c0b02c0b02c0b02c0b02c0b02c0b06c1f4fd3b4ec2b02c0f02c0b02c0b02,521515515c5014852d4a55d405294e55d46521545595255d5452140529555595550d4857d465354d,685a7691ad69da16eda46fda76e9a3699a06edbb681a4695bb6e5af691bb691a6695be6e1bb6e5a4,9d66d9d2649b66e9b66c9c6719c2679c26c9d2679ae719ce6e9c66d9be6a9ba6e9ae709a66c9ce6d,3,"WAIT",000,00b,00c,0,4,3,0,3,00b,104,0,0,0,685a6691ad69da16eda46f9a76eda3685a36edbb681a4691bb6e5af691bb691a1695be695bb6e5a5,0,00c,0,0,0,0,1,0,0,0,1,0
916,916,0,c0f02c0f02c0b02c0b02c0b02c0b02c0b02c0b02c0b02c0b06c1f4fd3b4ec2b02c0f02c0b02c0b02,521515515c5014852d4a55d405294e55d46521545595255d5452140529555595550d4857d465354d,685a7691ad69da16eda46fda76e9a3699a06edbb681a4695bb6e5af691bb691a6695be6e1bb6e5a4,9d66d9d2649b66e9b66c9c6719c2679c26c9d2679ae719ce6e9c66d9be6a9ba6e9ae709a66c9ce6d,3,"WAIT",000,00b,00c,0,4,3,0,3,00b,104,0,0,0,685a6691ad69da16eda46f9a76eda3685a36edbb681a4691bb6e5af691bb691a1695be695bb6e5a5,0,00c,0,0,0,0,1,0,0,0,1,0
917,917,0,c0f02c0f02c0b02c0b02c0b02c0b02c0b02c0b02c0b02c0b06c1f4fd3b4ec2b02c0f02c0b02c0b02,521515515c5014852d4a55d405294e55d46521545595255d5452140529555595550d4857d465354d,685a7691ad69da16eda46fda76e9a3699a06edbb681a4695bb6e5af691bb691a6695be6e1bb6e5a4,9d66d9d2649b66e9b66c9c6719c2679c26c9d2679ae719ce6e9c66d9be6a9ba6e9ae709a66c9ce6d,3,"WAIT",000,00b,00c,0,4,3,0,3,00b,104,0,0,0,685a6691ad69da16eda46f9a76eda3685a36edbb681a4691bb6e5af691bb691a1695be695bb6e5a5,0,00c,0,0,0,0,1,0,0,0,1,0
918,918,0,c0f02c0f02c0b02c0b02c0b02c0b02c0b02c0b02c0b02c0b06c1f4fd3b4ec2b02c0f02c0b02c0b02,521515515c5014852d4a55d405294e55d46521545595255d5452140529555595550d4857d465354d,685a7691ad69da16eda46fda76e9a3699a06edbb681a4695bb6e5af691bb691a6695be6e1bb6e5a4,9d66d9d2649b66e9b66c9c6719c2679c26c9d2679ae719ce6e9c66d9be6a9ba6e9ae709a66c9ce6d,3,"WAIT",000,00b,00c,0,4,3,0,3,00b,104,0,0,0,685a6691ad69da16eda46f9a76eda3685a36edbb681a4691bb6e5af691bb691a1695be695bb6e5a5,0,00c,0,0,0,0,1,0,0,0,1,0
919,919,0,c0f02c0f02c0b02c0b02c0b02c0b02c0b02c0b02c0b02c0b06c1f4fd3b4ec2b02c0f02c0b02c0b02,521515515c5014852d4a55d405294e55d46521545595255d5452140529555595550d4857d465354d,685a7691ad69da16eda46fda76e9a3699a06edbb681a4695bb6e5af691bb691a6695be6e1bb6e5a4,9d66d9d2649b66e9b66c9c6719c2679c26c9d2679ae719ce6e9c66d9be6a9ba6e9ae709a66c9ce6d,3,"WAIT",000,00b,00c,0,4,3,0,3,00b,104,0,0,0,685a6691ad69da16eda46f9a76eda3685a36edbb681a4691bb6e5af691bb691a1695be695bb6e5a5,0,00c,0,0,0,0,1,0,0,0,1,0
920,920,0,c0f02c0f02c0b02c0b02c0b02c0b02c0b02c0b02c0b02c0b06c1f4fd3b4ec2b02c0f02c0b02c0b02,521515515c5014852d4a55d405294e55d46521545595255d5452140529555595550d4857d465354d,685a7691ad69da16eda46fda76e9a3699a06edbb681a4695bb6e5af691bb691a6695be6e1bb6e5a4,9d66d9d2649b66e9b66c9c6719c2679c26c9d2679ae719ce6e9c66d9be6a9ba6e9ae709a66c9ce6d,3,"WAIT",000,00b,00c,0,4,3,0,3,00b,104,0,0,0,685a6691ad69da16eda46f9a76eda3685a36edbb681a4691bb6e5af691bb691a1695be695bb6e5a5,0,00c,0,0,0,0,1,0,0,0,1,0
921,921,0,c0f02c0f02c0b02c0b02c0b02c0b02c0b02c0b02c0b02c0b06c1f4fd3b4ec2b02c0f02c0b02c0b02,521515515c5014852d4a55d405294e55d46521545595255d5452140529555595550d4857d465354d,685a7691ad69da16eda46fda76e9a3699a06edbb681a4695bb6e5af691bb691a6695be6e1bb6e5a4,9d66d9d2649b66e9b66c9c6719c2679c26c9d2679ae719ce6e9c66d9be6a9ba6e9ae709a66c9ce6d,3,"WAIT",000,00b,00c,0,4,3,0,3,00b,104,0,0,0,685a6691ad69da16eda46f9a76eda3685a36edbb681a4691bb6e5af691bb691a1695be695bb6e5a5,0,00c,0,0,0,0,1,0,0,0,1,0
922,922,0,c0f02c0f02c0b02c0b02c0b02c0b02c0b02c0b02c0b02c0b06c1f4fd3b4ec2b02c0f02c0b02c0b02,521515515c5014852d4a55d405294e55d46521545595255d5452140529555595550d4857d465354d,685a7691ad69da16eda46fda76e9a3699a06edbb681a4695bb6e5af691bb691a6695be6e1bb6e5a4,9d66d9d2649b66e9b66c9c6719c2679c26c9d2679ae719ce6e9c66d9be6a9ba6e9ae709a66c9ce6d,3,"WAIT",000,00b,00c,0,4,3,0,3,00b,104,0,0,0,685a6691ad69da16eda46f9a76eda3685a36edbb681a4691bb6e5af691bb691a1695be695bb6e5a5,0,00c,0,0,0,0,1,0,0,0,1,0
923,923,0,c0f02c0f02c0b02c0b02c0b02c0b02c0b02c0b02c0b02c0b06c1f4fd3b4ec2b02c0f02c0b02c0b02,521515515c5014852d4a55d405294e55d46521545595255d5452140529555595550d4857d465354d,685a7691ad69da16eda46fda76e9a3699a06edbb681a4695bb6e5af691bb691a6695be6e1bb6e5a4,9d66d9d2649b66e9b66c9c6719c2679c26c9d2679ae719ce6e9c66d9be6a9ba6e9ae709a66c9ce6d,3,"WAIT",000,00b,00c,0,4,3,0,3,00b,104,0,0,0,685a6691ad69da16eda46f9a76eda3685a36edbb681a4691bb6e5af691bb691a1695be695bb6e5a5,0,00c,0,0,0,0,1,0,0,0,1,0
924,924,0,c0f02c0f02c0b02c0b02c0b02c0b02c0b02c0b02c0b02c0b06c1f4fd3b4ec2b02c0f02c0b02c0b02,521515515c5014852d4a55d405294e55d46521545595255d5452140529555595550d4857d465354d,685a7691ad69da16eda46fda76e9a3699a06edbb681a4695bb6e5af691bb691a6695be6e1bb6e5a4,9d66d9d2649b66e9b66c9c6719c2679c26c9d2679ae719ce6e9c66d9be6a9ba6e9ae709a66c9ce6d,3,"WAIT",000,00b,00c,0,4,3,0,3,00b,104,0,0,0,685a6691ad69da16eda46f9a76eda3685a36edbb681a4691bb6e5af691bb691a1695be695bb6e5a5,0,00c,0,0,0,0,1,0,0,0,1,0
925,925,0,c0f02c0f02c0b02c0b02c0b02c0b02c0b02c0b02c0b02c0b06c1f4fd3b4ec2b02c0f02c0b02c0b02,521515515c5014852d4a55d405294e55d46521545595255d5452140529555595550d4857d465354d,685a7691ad69da16eda46fda76e9a3699a06edbb681a4695bb6e5af691bb691a6695be6e1bb6e5a4,9d66d9d2649b66e9b66c9c6719c2679c26c9d2679ae719ce6e9c66d9be6a9ba6e9ae709a66c9ce6d,3,"WAIT",000,00b,00c,0,4,3,0,3,00b,104,0,0,0,685a6691ad69da16eda46f9a76eda3685a36edbb681a4691bb6e5af691bb691a1695be695bb6e5a5,0,00c,0,0,0,0,1,0,0,0,1,0
926,926,0,c0f02c0f02c0b02c0b02c0b02c0b02c0b02c0b02c0b02c0b06c1f4fd3b4ec2b02c0f02c0b02c0b02,521515515c5014852d4a55d405294e55d46521545595255d5452140529555595550d4857d465354d,685a7691ad69da16eda46fda76e9a3699a06edbb681a4695bb6e5af691bb691a6695be6e1bb6e5a4,9d66d9d2649b66e9b66c9c6719c2679c26c9d2679ae719ce6e9c66d9be6a9ba6e9ae709a66c9ce6d,3,"WAIT",000,00b,00c,0,4,3,0,3,00b,104,0,0,0,685a6691ad69da16eda46f9a76eda3685a36edbb681a4691bb6e5af691bb691a1695be695bb6e5a5,0,00c,0,0,0,0,1,0,0,0,1,0
927,927,0,c0f02c0f02c0b02c0b02c0b02c0b02c0b02c0b02c0b02c0b06c1f4fd3b4ec2b02c0f02c0b02c0b02,521515515c5014852d4a55d405294e55d46521545595255d5452140529555595550d4857d465354d,685a7691ad69da16eda46fda76e9a3699a06edbb681a4695bb6e5af691bb691a6695be6e1bb6e5a4,9d66d9d2649b66e9b66c9c6719c2679c26c9d2679ae719ce6e9c66d9be6a9ba6e9ae709a66c9ce6d,3,"WAIT",000,00b,00c,0,4,3,0,3,00b,104,0,0,0,685a6691ad69da16eda46f9a76eda3685a36edbb681a4691bb6e5af691bb691a1695be695bb6e5a5,0,00c,0,0,0,0,1,0,0,0,1,0
928,928,0,c0f02c0f02c0b02c0b02c0b02c0b02c0b02c0b02c0b02c0b06c1f4fd3b4ec2b02c0f02c0b02c0b02,521515515c5014852d4a55d405294e55d46521545595255d5452140529555595550d4857d465354d,685a7691ad69da16eda46fda76e9a3699a06edbb681a4695bb6e5af691bb691a6695be6e1bb6e5a4,9d66d9d2649b66e9b66c9c6719c2679c26c9d2679ae719ce6e9c66d9be6a9ba6e9ae709a66c9ce6d,3,"WAIT",000,00b,00c,0,4,3,0,3,00b,104,0,0,0,685a6691ad69da16eda46f9a76eda3685a36edbb681a4691bb6e5af691bb691a1695be695bb6e5a5,0,00c,0,0,0,0,1,0,0,0,1,0
929,929,0,c0f02c0f02c0b02c0b02c0b02c0b02c0b02c0b02c0b02c0b06c1f4fd3b4ec2b02c0f02c0b02c0b02,521515515c5014852d4a55d405294e55d46521545595255d5452140529555595550d4857d465354d,685a7691ad69da16eda46fda76e9a3699a06edbb681a4695bb6e5af691bb691a6695be6e1bb6e5a4,9d66d9d2649b66e9b66c9c6719c2679c26c9d2679ae719ce6e9c66d9be6a9ba6e9ae709a66c9ce6d,3,"WAIT",000,00b,00c,0,4,3,0,3,00b,104,0,0,0,685a6691ad69da16eda46f9a76eda3685a36edbb681a4691bb6e5af691bb691a1695be695bb6e5a5,0,00c,0,0,0,0,1,0,0,0,1,0
930,930,0,c0f02c0f02c0b02c0b02c0b02c0b02c0b02c0b02c0b02c0b06c1f4fd3b4ec2b02c0f02c0b02c0b02,521515515c5014852d4a55d405294e55d46521545595255d5452140529555595550d4857d465354d,685a7691ad69da16eda46fda76e9a3699a06edbb681a4695bb6e5af691bb691a6695be6e1bb6e5a4,9d66d9d2649b66e9b66c9c6719c2679c26c9d2679ae719ce6e9c66d9be6a9ba6e9ae709a66c9ce6d,3,"WAIT",000,00b,00c,0,4,3,0,3,00b,104,0,0,0,685a6691ad69da16eda46f9a76eda3685a36edbb681a4691bb6e5af691bb691a1695be695bb6e5a5,0,00c,0,0,0,0,1,0,0,0,1,0
931,931,0,c0f02c0f02c0b02c0b02c0b02c0b02c0b02c0b02c0b02c0b06c1f4fd3b4ec2b02c0f02c0b02c0b02,521515515c5014852d4a55d405294e55d46521545595255d5452140529555595550d4857d465354d,685a7691ad69da16eda46fda76e9a3699a06edbb681a4695bb6e5af691bb691a6695be6e1bb6e5a4,9d66d9d2649b66e9b66c9c6719c2679c26c9d2679ae719ce6e9c66d9be6a9ba6e9ae709a66c9ce6d,3,"WAIT",000,00b,00c,0,4,3,0,3,00b,104,0,0,0,685a6691ad69da16eda46f9a76eda3685a36edbb681a4691bb6e5af691bb691a1695be695bb6e5a5,0,00c,0,0,0,0,1,0,0,0,1,0
932,932,0,c0f02c0f02c0b02c0b02c0b02c0b02c0b02c0b02c0b02c0b06c1f4fd3b4ec2b02c0f02c0b02c0b02,521515515c5014852d4a55d405294e55d46521545595255d5452140529555595550d4857d465354d,685a7691ad69da16eda46fda76e9a3699a06edbb681a4695bb6e5af691bb691a6695be6e1bb6e5a4,9d66d9d2649b66e9b66c9c6719c2679c26c9d2679ae719ce6e9c66d9be6a9ba6e9ae709a66c9ce6d,3,"WAIT",000,00b,00c,0,4,3,0,3,00b,104,0,0,0,685a6691ad69da16eda46f9a76eda3685a36edbb681a4691bb6e5af691bb691a1695be695bb6e5a5,0,00c,0,0,0,0,1,0,0,0,1,0
933,933,0,c0f02c0f02c0b02c0b02c0b02c0b02c0b02c0b02c0b02c0b06c1f4fd3b4ec2b02c0f02c0b02c0b02,521515515c5014852d4a55d405294e55d46521545595255d5452140529555595550d4857d465354d,685a7691ad69da16eda46fda76e9a3699a06edbb681a4695bb6e5af691bb691a6695be6e1bb6e5a4,9d66d9d2649b66e9b66c9c6719c2679c26c9d2679ae719ce6e9c66d9be6a9ba6e9ae709a66c9ce6d,3,"WAIT",000,00b,00c,0,4,3,0,3,00b,104,0,0,0,685a6691ad69da16eda46f9a76eda3685a36edbb681a4691bb6e5af691bb691a1695be695bb6e5a5,0,00c,0,0,0,0,1,0,0,0,1,0
934,934,0,c0f02c0f02c0b02c0b02c0b02c0b02c0b02c0b02c0b02c0b06c1f4fd3b4ec2b02c0f02c0b02c0b02,521515515c5014852d4a55d405294e55d46521545595255d5452140529555595550d4857d465354d,685a7691ad69da16eda46fda76e9a3699a06edbb681a4695bb6e5af691bb691a6695be6e1bb6e5a4,9d66d9d2649b66e9b66c9c6719c2679c26c9d2679ae719ce6e9c66d9be6a9ba6e9ae709a66c9ce6d,3,"WAIT",000,00b,00c,0,4,3,0,3,00b,104,0,0,0,685a6691ad69da16eda46f9a76eda3685a36edbb681a4691bb6e5af691bb691a1695be695bb6e5a5,0,00c,0,0,0,0,1,0,0,0,1,0
935,935,0,c0f02c0f02c0b02c0b02c0b02c0b02c0b02c0b02c0b02c0b06c1f4fd3b4ec2b02c0f02c0b02c0b02,521515515c5014852d4a55d405294e55d46521545595255d5452140529555595550d4857d465354d,685a7691ad69da16eda46fda76e9a3699a06edbb681a4695bb6e5af691bb691a6695be6e1bb6e5a4,9d66d9d2649b66e9b66c9c6719c2679c26c9d2679ae719ce6e9c66d9be6a9ba6e9ae709a66c9ce6d,3,"WAIT",000,00b,00c,0,4,3,0,3,00b,104,0,0,0,685a6691ad69da16eda46f9a76eda3685a36edbb681a4691bb6e5af691bb691a1695be695bb6e5a5,0,00c,0,0,0,0,1,0,0,0,1,0
936,936,0,c0f02c0f02c0b02c0b02c0b02c0b02c0b02c0b02c0b02c0b06c1f4fd3b4ec2b02c0f02c0b02c0b02,521515515c5014852d4a55d405294e55d46521545595255d5452140529555595550d4857d465354d,685a7691ad69da16eda46fda76e9a3699a06edbb681a4695bb6e5af691bb691a6695be6e1bb6e5a4,9d66d9d2649b66e9b66c9c6719c2679c26c9d2679ae719ce6e9c66d9be6a9ba6e9ae709a66c9ce6d,3,"WAIT",000,00b,00c,0,4,3,0,3,00b,104,0,0,0,685a6691ad69da16eda46f9a76eda3685a36edbb681a4691bb6e5af691bb691a1695be695bb6e5a5,0,00c,0,0,0,0,1,0,0,0,1,0
937,937,0,c0f02c0f02c0b02c0b02c0b02c0b02c0b02c0b02c0b02c0b06c1f4fd3b4ec2b02c0f02c0b02c0b02,521515515c5014852d4a55d405294e55d46521545595255d5452140529555595550d4857d465354d,685a7691ad69da16eda46fda76e9a3699a06edbb681a4695bb6e5af691bb691a6695be6e1bb6e5a4,9d66d9d2649b66e9b66c9c6719c2679c26c9d2679ae719ce6e9c66d9be6a9ba6e9ae709a66c9ce6d,3,"WAIT",000,00b,00c,0,4,3,0,3,00b,104,0,0,0,685a6691ad69da16eda46f9a76eda3685a36edbb681a4691bb6e5af691bb691a1695be695bb6e5a5,0,00c,0,0,0,0,1,0,0,0,1,0
938,938,0,c0f02c0f02c0b02c0b02c0b02c0b02c0b02c0b02c0b02c0b06c1f4fd3b4ec2b02c0f02c0b02c0b02,521515515c5014852d4a55d405294e55d46521545595255d5452140529555595550d4857d465354d,685a7691ad69da16eda46fda76e9a3699a06edbb681a4695bb6e5af691bb691a6695be6e1bb6e5a4,9d66d9d2649b66e9b66c9c6719c2679c26c9d2679ae719ce6e9c66d9be6a9ba6e9ae709a66c9ce6d,3,"WAIT",000,00b,00c,0,4,3,0,3,00b,104,0,0,0,685a6691ad69da16eda46f9a76eda3685a36edbb681a4691bb6e5af691bb691a1695be695bb6e5a5,0,00c,0,0,0,0,1,0,0,0,1,0
939,939,0,c0f02c0f02c0b02c0b02c0b02c0b02c0b02c0b02c0b02c0b06c1f4fd3b4ec2b02c0f02c0b02c0b02,521515515c5014852d4a55d405294e55d46521545595255d5452140529555595550d4857d465354d,685a7691ad69da16eda46fda76e9a3699a06edbb681a4695bb6e5af691bb691a6695be6e1bb6e5a4,9d66d9d2649b66e9b66c9c6719c2679c26c9d2679ae719ce6e9c66d9be6a9ba6e9ae709a66c9ce6d,3,"WAIT",000,00b,00c,0,4,3,0,3,00b,104,0,0,0,685a6691ad69da16eda46f9a76eda3685a36edbb681a4691bb6e5af691bb691a1695be695bb6e5a5,0,00c,0,0,0,0,1,0,0,0,1,0
940,940,0,c0f02c0f02c0b02c0b02c0b02c0b02c0b02c0b02c0b02c0b06c1f4fd3b4ec2b02c0f02c0b02c0b02,521515515c5014852d4a55d405294e55d46521545595255d5452140529555595550d4857d465354d,685a7691ad69da16eda46fda76e9a3699a06edbb681a4695bb6e5af691bb691a6695be6e1bb6e5a4,9d66d9d2649b66e9b66c9c6719c2679c26c9d2679ae719ce6e9c66d9be6a9ba6e9ae709a66c9ce6d,3,"WAIT",000,00b,00c,0,4,3,0,3,00b,104,0,0,0,685a6691ad69da16eda46f9a76eda3685a36edbb681a4691bb6e5af691bb691a1695be695bb6e5a5,0,00c,0,0,0,0,1,0,0,0,1,0
941,941,0,c0f02c0f02c0b02c0b02c0b02c0b02c0b02c0b02c0b02c0b06c1f4fd3b4ec2b02c0f02c0b02c0b02,521515515c5014852d4a55d405294e55d46521545595255d5452140529555595550d4857d465354d,685a7691ad69da16eda46fda76e9a3699a06edbb681a4695bb6e5af691bb691a6695be6e1bb6e5a4,9d66d9d2649b66e9b66c9c6719c2679c26c9d2679ae719ce6e9c66d9be6a9ba6e9ae709a66c9ce6d,3,"WAIT",000,00b,00c,0,4,3,0,3,00b,104,0,0,0,685a6691ad69da16eda46f9a76eda3685a36edbb681a4691bb6e5af691bb691a1695be695bb6e5a5,0,00c,0,0,0,0,1,0,0,0,1,0
942,942,0,c0f02c0f02c0b02c0b02c0b02c0b02c0b02c0b02c0b02c0b06c1f4fd3b4ec2b02c0f02c0b02c0b02,521515515c5014852d4a55d405294e55d46521545595255d5452140529555595550d4857d465354d,685a7691ad69da16eda46fda76e9a3699a06edbb681a4695bb6e5af691bb691a6695be6e1bb6e5a4,9d66d9d2649b66e9b66c9c6719c2679c26c9d2679ae719ce6e9c66d9be6a9ba6e9ae709a66c9ce6d,3,"WAIT",000,00b,00c,0,4,3,0,3,00b,104,0,0,0,685a6691ad69da16eda46f9a76eda3685a36edbb681a4691bb6e5af691bb691a1695be695bb6e5a5,0,00c,0,0,0,0,1,0,0,0,1,0
943,943,0,c0f02c0f02c0b02c0b02c0b02c0b02c0b02c0b02c0b02c0b06c1f4fd3b4ec2b02c0f02c0b02c0b02,521515515c5014852d4a55d405294e55d46521545595255d5452140529555595550d4857d465354d,685a7691ad69da16eda46fda76e9a3699a06edbb681a4695bb6e5af691bb691a6695be6e1bb6e5a4,9d66d9d2649b66e9b66c9c6719c2679c26c9d2679ae719ce6e9c66d9be6a9ba6e9ae709a66c9ce6d,3,"WAIT",000,00b,00c,0,4,3,0,3,00b,104,0,0,0,685a6691ad69da16eda46f9a76eda3685a36edbb681a4691bb6e5af691bb691a1695be695bb6e5a5,0,00c,0,0,0,0,1,0,0,0,1,0
944,944,0,c0f02c0f02c0b02c0b02c0b02c0b02c0b02c0b02c0b02c0b06c1f4fd3b4ec2b02c0f02c0b02c0b02,521515515c5014852d4a55d405294e55d46521545595255d5452140529555595550d4857d465354d,685a7691ad69da16eda46fda76e9a3699a06edbb681a4695bb6e5af691bb691a6695be6e1bb6e5a4,9d66d9d2649b66e9b66c9c6719c2679c26c9d2679ae719ce6e9c66d9be6a9ba6e9ae709a66c9ce6d,3,"WAIT",000,00b,00c,0,4,3,0,3,00b,104,0,0,0,685a6691ad69da16eda46f9a76eda3685a36edbb681a4691bb6e5af691bb691a1695be695bb6e5a5,0,00c,0,0,0,0,1,0,0,0,1,0
945,945,0,c0f02c0f02c0b02c0b02c0b02c0b02c0b02c0b02c0b02c0b06c1f4fd3b4ec2b02c0f02c0b02c0b02,521515515c5014852d4a55d405294e55d46521545595255d5452140529555595550d4857d465354d,685a7691ad69da16eda46fda76e9a3699a06edbb681a4695bb6e5af691bb691a6695be6e1bb6e5a4,9d66d9d2649b66e9b66c9c6719c2679c26c9d2679ae719ce6e9c66d9be6a9ba6e9ae709a66c9ce6d,3,"WAIT",000,00b,00c,0,4,3,0,3,00b,104,0,0,0,685a6691ad69da16eda46f9a76eda3685a36edbb681a4691bb6e5af691bb691a1695be695bb6e5a5,0,00c,0,0,0,0,1,0,0,0,1,0
946,946,0,c0f02c0f02c0b02c0b02c0b02c0b02c0b02c0b02c0b02c0b06c1f4fd3b4ec2b02c0f02c0b02c0b02,521515515c5014852d4a55d405294e55d46521545595255d5452140529555595550d4857d465354d,685a7691ad69da16eda46fda76e9a3699a06edbb681a4695bb6e5af691bb691a6695be6e1bb6e5a4,9d66d9d2649b66e9b66c9c6719c2679c26c9d2679ae719ce6e9c66d9be6a9ba6e9ae709a66c9ce6d,3,"WAIT",000,00b,00c,0,4,3,0,3,00b,104,0,0,0,685a6691ad69da16eda46f9a76eda3685a36edbb681a4691bb6e5af691bb691a1695be695bb6e5a5,0,00c,0,0,0,0,1,0,0,0,1,0
947,947,0,c0f02c0f02c0b02c0b02c0b02c0b02c0b02c0b02c0b02c0b06c1f4fd3b4ec2b02c0f02c0b02c0b02,521515515c5014852d4a55d405294e55d46521545595255d5452140529555595550d4857d465354d,685a7691ad69da16eda46fda76e9a3699a06edbb681a4695bb6e5af691bb691a6695be6e1bb6e5a4,9d66d9d2649b66e9b66c9c6719c2679c26c9d2679ae719ce6e9c66d9be6a9ba6e9ae709a66c9ce6d,3,"WAIT",000,00b,00c,0,4,3,0,3,00b,104,0,0,0,685a6691ad69da16eda46f9a76eda3685a36edbb681a4691bb6e5af691bb691a1695be695bb6e5a5,0,00c,0,0,0,0,1,0,0,0,1,0
948,948,0,c0f02c0f02c0b02c0b02c0b02c0b02c0b02c0b02c0b02c0b06c1f4fd3b4ec2b02c0f02c0b02c0b02,521515515c5014852d4a55d405294e55d46521545595255d5452140529555595550d4857d465354d,685a7691ad69da16eda46fda76e9a3699a06edbb681a4695bb6e5af691bb691a6695be6e1bb6e5a4,9d66d9d2649b66e9b66c9c6719c2679c26c9d2679ae719ce6e9c66d9be6a9ba6e9ae709a66c9ce6d,3,"WAIT",000,00b,00c,0,4,3,0,3,00b,104,0,0,0,685a6691ad69da16eda46f9a76eda3685a36edbb681a4691bb6e5af691bb691a1695be695bb6e5a5,0,00c,0,0,0,0,1,0,0,0,1,0
949,949,0,c0f02c0f02c0b02c0b02c0b02c0b02c0b02c0b02c0b02c0b06c1f4fd3b4ec2b02c0f02c0b02c0b02,521515515c5014852d4a55d405294e55d46521545595255d5452140529555595550d4857d465354d,685a7691ad69da16eda46fda76e9a3699a06edbb681a4695bb6e5af691bb691a6695be6e1bb6e5a4,9d66d9d2649b66e9b66c9c6719c2679c26c9d2679ae719ce6e9c66d9be6a9ba6e9ae709a66c9ce6d,3,"WAIT",000,00b,00c,0,4,3,0,3,00b,104,0,0,0,685a6691ad69da16eda46f9a76eda3685a36edbb681a4691bb6e5af691bb691a1695be695bb6e5a5,0,00c,0,0,0,0,1,0,0,0,1,0
950,950,0,c0f02c0f02c0b02c0b02c0b02c0b02c0b02c0b02c0b02c0b06c1f4fd3b4ec2b02c0f02c0b02c0b02,521515515c5014852d4a55d405294e55d46521545595255d5452140529555595550d4857d465354d,685a7691ad69da16eda46fda76e9a3699a06edbb681a4695bb6e5af691bb691a6695be6e1bb6e5a4,9d66d9d2649b66e9b66c9c6719c2679c26c9d2679ae719ce6e9c66d9be6a9ba6e9ae709a66c9ce6d,3,"WAIT",000,00b,00c,0,4,3,0,3,00b,104,0,0,0,685a6691ad69da16eda46f9a76eda3685a36edbb681a4691bb6e5af691bb691a1695be695bb6e5a5,0,00c,0,0,0,0,1,0,0,0,1,0
951,951,0,c0f02c0f02c0b02c0b02c0b02c0b02c0b02c0b02c0b02c0b06c1f4fd3b4ec2b02c0f02c0b02c0b02,521515515c5014852d4a55d405294e55d46521545595255d5452140529555595550d4857d465354d,685a7691ad69da16eda46fda76e9a3699a06edbb681a4695bb6e5af691bb691a6695be6e1bb6e5a4,9d66d9d2649b66e9b66c9c6719c2679c26c9d2679ae719ce6e9c66d9be6a9ba6e9ae709a66c9ce6d,3,"WAIT",000,00b,00c,0,4,3,0,3,00b,104,0,0,0,685a6691ad69da16eda46f9a76eda3685a36edbb681a4691bb6e5af691bb691a1695be695bb6e5a5,0,00c,0,0,0,0,1,0,0,0,1,0
952,952,0,c0f02c0f02c0b02c0b02c0b02c0b02c0b02c0b02c0b02c0b06c1f4fd3b4ec2b02c0f02c0b02c0b02,521515515c5014852d4a55d405294e55d46521545595255d5452140529555595550d4857d465354d,685a7691ad69da16eda46fda76e9a3699a06edbb681a4695bb6e5af691bb691a6695be6e1bb6e5a4,9d66d9d2649b66e9b66c9c6719c2679c26c9d2679ae719ce6e9c66d9be6a9ba6e9ae709a66c9ce6d,3,"WAIT",000,00b,00c,0,4,3,0,3,00b,104,0,0,0,685a6691ad69da16eda46f9a76eda3685a36edbb681a4691bb6e5af691bb691a1695be695bb6e5a5,0,00c,0,0,0,0,1,0,0,0,1,0
953,953,0,c0f02c0f02c0b02c0b02c0b02c0b02c0b02c0b02c0b02c0b06c1f4fd3b4ec2b02c0f02c0b02c0b02,521515515c5014852d4a55d405294e55d46521545595255d5452140529555595550d4857d465354d,685a7691ad69da16eda46fda76e9a3699a06edbb681a4695bb6e5af691bb691a6695be6e1bb6e5a4,9d66d9d2649b66e9b66c9c6719c2679c26c9d2679ae719ce6e9c66d9be6a9ba6e9ae709a66c9ce6d,3,"WAIT",000,00b,00c,0,4,3,0,3,00b,104,0,0,0,685a6691ad69da16eda46f9a76eda3685a36edbb681a4691bb6e5af691bb691a1695be695bb6e5a5,0,00c,0,0,0,0,1,0,0,0,1,0
954,954,0,c0f02c0f02c0b02c0b02c0b02c0b02c0b02c0b02c0b02c0b06c1f4fd3b4ec2b02c0f02c0b02c0b02,521515515c5014852d4a55d405294e55d46521545595255d5452140529555595550d4857d465354d,685a7691ad69da16eda46fda76e9a3699a06edbb681a4695bb6e5af691bb691a6695be6e1bb6e5a4,9d66d9d2649b66e9b66c9c6719c2679c26c9d2679ae719ce6e9c66d9be6a9ba6e9ae709a66c9ce6d,3,"WAIT",000,00b,00c,0,4,3,0,3,00b,104,0,0,0,685a6691ad69da16eda46f9a76eda3685a36edbb681a4691bb6e5af691bb691a1695be695bb6e5a5,0,00c,0,0,0,0,1,0,0,0,1,0
955,955,0,c0f02c0f02c0b02c0b02c0b02c0b02c0b02c0b02c0b02c0b06c1f4fd3b4ec2b02c0f02c0b02c0b02,521515515c5014852d4a55d405294e55d46521545595255d5452140529555595550d4857d465354d,685a7691ad69da16eda46fda76e9a3699a06edbb681a4695bb6e5af691bb691a6695be6e1bb6e5a4,9d66d9d2649b66e9b66c9c6719c2679c26c9d2679ae719ce6e9c66d9be6a9ba6e9ae709a66c9ce6d,3,"WAIT",000,00b,00c,0,4,3,0,3,00b,104,0,0,0,685a6691ad69da16eda46f9a76eda3685a36edbb681a4691bb6e5af691bb691a1695be695bb6e5a5,0,00c,0,0,0,0,1,0,0,0,1,0
956,956,0,c0f02c0f02c0b02c0b02c0b02c0b02c0b02c0b02c0b02c0b06c1f4fd3b4ec2b02c0f02c0b02c0b02,521515515c5014852d4a55d405294e55d46521545595255d5452140529555595550d4857d465354d,685a7691ad69da16eda46fda76e9a3699a06edbb681a4695bb6e5af691bb691a6695be6e1bb6e5a4,9d66d9d2649b66e9b66c9c6719c2679c26c9d2679ae719ce6e9c66d9be6a9ba6e9ae709a66c9ce6d,3,"WAIT",000,00b,00c,0,4,3,0,3,00b,104,0,0,0,685a6691ad69da16eda46f9a76eda3685a36edbb681a4691bb6e5af691bb691a1695be695bb6e5a5,0,00c,0,0,0,0,1,0,0,0,1,0
957,957,0,c0f02c0f02c0b02c0b02c0b02c0b02c0b02c0b02c0b02c0b06c1f4fd3b4ec2b02c0f02c0b02c0b02,521515515c5014852d4a55d405294e55d46521545595255d5452140529555595550d4857d465354d,685a7691ad69da16eda46fda76e9a3699a06edbb681a4695bb6e5af691bb691a6695be6e1bb6e5a4,9d66d9d2649b66e9b66c9c6719c2679c26c9d2679ae719ce6e9c66d9be6a9ba6e9ae709a66c9ce6d,3,"WAIT",000,00b,00c,0,4,3,0,3,00b,104,0,0,0,685a6691ad69da16eda46f9a76eda3685a36edbb681a4691bb6e5af691bb691a1695be695bb6e5a5,0,00c,0,0,0,0,1,0,0,0,1,0
958,958,0,c0f02c0f02c0b02c0b02c0b02c0b02c0b02c0b02c0b02c0b06c1f4fd3b4ec2b02c0f02c0b02c0b02,521515515c5014852d4a55d405294e55d46521545595255d5452140529555595550d4857d465354d,685a7691ad69da16eda46fda76e9a3699a06edbb681a4695bb6e5af691bb691a6695be6e1bb6e5a4,9d66d9d2649b66e9b66c9c6719c2679c26c9d2679ae719ce6e9c66d9be6a9ba6e9ae709a66c9ce6d,3,"WAIT",000,00b,00c,0,4,3,0,3,00b,104,0,0,0,685a6691ad69da16eda46f9a76eda3685a36edbb681a4691bb6e5af691bb691a1695be695bb6e5a5,0,00c,0,0,0,0,1,0,0,0,1,0
959,959,0,c0f02c0f02c0b02c0b02c0b02c0b02c0b02c0b02c0b02c0b06c1f4fd3b4ec2b02c0f02c0b02c0b02,521515515c5014852d4a55d405294e55d46521545595255d5452140529555595550d4857d465354d,685a7691ad69da16eda46fda76e9a3699a06edbb681a4695bb6e5af691bb691a6695be6e1bb6e5a4,9d66d9d2649b66e9b66c9c6719c2679c26c9d2679ae719ce6e9c66d9be6a9ba6e9ae709a66c9ce6d,3,"WAIT",000,00b,00c,0,4,3,0,3,00b,104,0,0,0,685a6691ad69da16eda46f9a76eda3685a36edbb681a4691bb6e5af691bb691a1695be695bb6e5a5,0,00c,0,0,0,0,1,0,0,0,1,0
960,960,0,c0f02c0f02c0b02c0b02c0b02c0b02c0b02c0b02c0b02c0b06c1f4fd3b4ec2b02c0f02c0b02c0b02,521515515c5014852d4a55d405294e55d46521545595255d5452140529555595550d4857d465354d,685a7691ad69da16eda46fda76e9a3699a06edbb681a4695bb6e5af691bb691a6695be6e1bb6e5a4,9d66d9d2649b66e9b66c9c6719c2679c26c9d2679ae719ce6e9c66d9be6a9ba6e9ae709a66c9ce6d,3,"WAIT",000,00b,00c,0,4,3,0,3,00b,104,0,0,0,685a6691ad69da16eda46f9a76eda3685a36edbb681a4691bb6e5af691bb691a1695be695bb6e5a5,0,00c,0,0,0,0,1,0,0,0,1,0
961,961,0,c0f02c0f02c0b02c0b02c0b02c0b02c0b02c0b02c0b02c0b06c1f4fd3b4ec2b02c0f02c0b02c0b02,521515515c5014852d4a55d405294e55d46521545595255d5452140529555595550d4857d465354d,685a7691ad69da16eda46fda76e9a3699a06edbb681a4695bb6e5af691bb691a6695be6e1bb6e5a4,9d66d9d2649b66e9b66c9c6719c2679c26c9d2679ae719ce6e9c66d9be6a9ba6e9ae709a66c9ce6d,3,"WAIT",000,00b,00c,0,4,3,0,3,00b,104,0,0,0,685a6691ad69da16eda46f9a76eda3685a36edbb681a4691bb6e5af691bb691a1695be695bb6e5a5,0,00c,0,0,0,0,1,0,0,0,1,0
962,962,0,c0f02c0f02c0b02c0b02c0b02c0b02c0b02c0b02c0b02c0b06c1f4fd3b4ec2b02c0f02c0b02c0b02,521515515c5014852d4a55d405294e55d46521545595255d5452140529555595550d4857d465354d,685a7691ad69da16eda46fda76e9a3699a06edbb681a4695bb6e5af691bb691a6695be6e1bb6e5a4,9d66d9d2649b66e9b66c9c6719c2679c26c9d2679ae719ce6e9c66d9be6a9ba6e9ae709a66c9ce6d,3,"WAIT",000,00b,00c,0,4,3,0,3,00b,104,0,0,0,685a6691ad69da16eda46f9a76eda3685a36edbb681a4691bb6e5af691bb691a1695be695bb6e5a5,0,00c,0,0,0,0,1,0,0,0,1,0
963,963,0,c0f02c0f02c0b02c0b02c0b02c0b02c0b02c0b02c0b02c0b06c1f4fd3b4ec2b02c0f02c0b02c0b02,521515515c5014852d4a55d405294e55d46521545595255d5452140529555595550d4857d465354d,685a7691ad69da16eda46fda76e9a3699a06edbb681a4695bb6e5af691bb691a6695be6e1bb6e5a4,9d66d9d2649b66e9b66c9c6719c2679c26c9d2679ae719ce6e9c66d9be6a9ba6e9ae709a66c9ce6d,3,"WAIT",000,00b,00c,0,4,3,0,3,00b,104,0,0,0,685a6691ad69da16eda46f9a76eda3685a36edbb681a4691bb6e5af691bb691a1695be695bb6e5a5,0,00c,0,0,0,0,1,0,0,0,1,0
964,964,0,c0f02c0f02c0b02c0b02c0b02c0b02c0b02c0b02c0b02c0b06c1f4fd3b4ec2b02c0f02c0b02c0b02,521515515c5014852d4a55d405294e55d46521545595255d5452140529555595550d4857d465354d,685a7691ad69da16eda46fda76e9a3699a06edbb681a4695bb6e5af691bb691a6695be6e1bb6e5a4,9d66d9d2649b66e9b66c9c6719c2679c26c9d2679ae719ce6e9c66d9be6a9ba6e9ae709a66c9ce6d,3,"WAIT",000,00b,00c,0,4,3,0,3,00b,104,0,0,0,685a6691ad69da16eda46f9a76eda3685a36edbb681a4691bb6e5af691bb691a1695be695bb6e5a5,0,00c,0,0,0,0,1,0,0,0,1,0
965,965,0,c0f02c0f02c0b02c0b02c0b02c0b02c0b02c0b02c0b02c0b06c1f4fd3b4ec2b02c0f02c0b02c0b02,521515515c5014852d4a55d405294e55d46521545595255d5452140529555595550d4857d465354d,685a7691ad69da16eda46fda76e9a3699a06edbb681a4695bb6e5af691bb691a6695be6e1bb6e5a4,9d66d9d2649b66e9b66c9c6719c2679c26c9d2679ae719ce6e9c66d9be6a9ba6e9ae709a66c9ce6d,3,"WAIT",000,00b,00c,0,4,3,0,3,00b,104,0,0,0,685a6691ad69da16eda46f9a76eda3685a36edbb681a4691bb6e5af691bb691a1695be695bb6e5a5,0,00c,0,0,0,0,1,0,0,0,1,0
966,966,0,c0f02c0f02c0b02c0b02c0b02c0b02c0b02c0b02c0b02c0b06c1f4fd3b4ec2b02c0f02c0b02c0b02,521515515c5014852d4a55d405294e55d46521545595255d5452140529555595550d4857d465354d,685a7691ad69da16eda46fda76e9a3699a06edbb681a4695bb6e5af691bb691a6695be6e1bb6e5a4,9d66d9d2649b66e9b66c9c6719c2679c26c9d2679ae719ce6e9c66d9be6a9ba6e9ae709a66c9ce6d,3,"WAIT",000,00b,00c,0,4,3,0,3,00b,104,0,0,0,685a6691ad69da16eda46f9a76eda3685a36edbb681a4691bb6e5af691bb691a1695be695bb6e5a5,0,00c,0,0,0,0,1,0,0,0,1,0
967,967,0,c0f02c0f02c0b02c0b02c0b02c0b02c0b02c0b02c0b02c0b06c1f4fd3b4ec2b02c0f02c0b02c0b02,521515515c5014852d4a55d405294e55d46521545595255d5452140529555595550d4857d465354d,685a7691ad69da16eda46fda76e9a3699a06edbb681a4695bb6e5af691bb691a6695be6e1bb6e5a4,9d66d9d2649b66e9b66c9c6719c2679c26c9d2679ae719ce6e9c66d9be6a9ba6e9ae709a66c9ce6d,3,"WAIT",000,00b,00c,0,4,3,0,3,00b,104,0,0,0,685a6691ad69da16eda46f9a76eda3685a36edbb681a4691bb6e5af691bb691a1695be695bb6e5a5,0,00c,0,0,0,0,1,0,0,0,1,0
968,968,0,c0f02c0f02c0b02c0b02c0b02c0b02c0b02c0b02c0b02c0b06c1f4fd3b4ec2b02c0f02c0b02c0b02,521515515c5014852d4a55d405294e55d46521545595255d5452140529555595550d4857d465354d,685a7691ad69da16eda46fda76e9a3699a06edbb681a4695bb6e5af691bb691a6695be6e1bb6e5a4,9d66d9d2649b66e9b66c9c6719c2679c26c9d2679ae719ce6e9c66d9be6a9ba6e9ae709a66c9ce6d,3,"WAIT",000,00b,00c,0,4,3,0,3,00b,104,0,0,0,685a6691ad69da16eda46f9a76eda3685a36edbb681a4691bb6e5af691bb691a1695be695bb6e5a5,0,00c,0,0,0,0,1,0,0,0,1,0
969,969,0,c0f02c0f02c0b02c0b02c0b02c0b02c0b02c0b02c0b02c0b06c1f4fd3b4ec2b02c0f02c0b02c0b02,521515515c5014852d4a55d405294e55d46521545595255d5452140529555595550d4857d465354d,685a7691ad69da16eda46fda76e9a3699a06edbb681a4695bb6e5af691bb691a6695be6e1bb6e5a4,9d66d9d2649b66e9b66c9c6719c2679c26c9d2679ae719ce6e9c66d9be6a9ba6e9ae709a66c9ce6d,3,"WAIT",000,00b,00c,0,4,3,0,3,00b,104,0,0,0,685a6691ad69da16eda46f9a76eda3685a36edbb681a4691bb6e5af691bb691a1695be695bb6e5a5,0,00c,0,0,0,0,1,0,0,0,1,0
970,970,0,c0f02c0f02c0b02c0b02c0b02c0b02c0b02c0b02c0b02c0b06c1f4fd3b4ec2b02c0f02c0b02c0b02,521515515c5014852d4a55d405294e55d46521545595255d5452140529555595550d4857d465354d,685a7691ad69da16eda46fda76e9a3699a06edbb681a4695bb6e5af691bb691a6695be6e1bb6e5a4,9d66d9d2649b66e9b66c9c6719c2679c26c9d2679ae719ce6e9c66d9be6a9ba6e9ae709a66c9ce6d,3,"WAIT",000,00b,00c,0,4,3,0,3,00b,104,0,0,0,685a6691ad69da16eda46f9a76eda3685a36edbb681a4691bb6e5af691bb691a1695be695bb6e5a5,0,00c,0,0,0,0,1,0,0,0,1,0
971,971,0,c0f02c0f02c0b02c0b02c0b02c0b02c0b02c0b02c0b02c0b06c1f4fd3b4ec2b02c0f02c0b02c0b02,521515515c5014852d4a55d405294e55d46521545595255d5452140529555595550d4857d465354d,685a7691ad69da16eda46fda76e9a3699a06edbb681a4695bb6e5af691bb691a6695be6e1bb6e5a4,9d66d9d2649b66e9b66c9c6719c2679c26c9d2679ae719ce6e9c66d9be6a9ba6e9ae709a66c9ce6d,3,"WAIT",000,00b,00c,0,4,3,0,3,00b,104,0,0,0,685a6691ad69da16eda46f9a76eda3685a36edbb681a4691bb6e5af691bb691a1695be695bb6e5a5,0,00c,0,0,0,0,1,0,0,0,1,0
972,972,0,c0f02c0f02c0b02c0b02c0b02c0b02c0b02c0b02c0b02c0b06c1f4fd3b4ec2b02c0f02c0b02c0b02,521515515c5014852d4a55d405294e55d46521545595255d5452140529555595550d4857d465354d,685a7691ad69da16eda46fda76e9a3699a06edbb681a4695bb6e5af691bb691a6695be6e1bb6e5a4,9d66d9d2649b66e9b66c9c6719c2679c26c9d2679ae719ce6e9c66d9be6a9ba6e9ae709a66c9ce6d,3,"WAIT",000,00b,00c,0,4,3,0,3,00b,104,0,0,0,685a6691ad69da16eda46f9a76eda3685a36edbb681a4691bb6e5af691bb691a1695be695bb6e5a5,0,00c,0,0,0,0,1,0,0,0,1,0
973,973,0,c0f02c0f02c0b02c0b02c0b02c0b02c0b02c0b02c0b02c0b06c1f4fd3b4ec2b02c0f02c0b02c0b02,521515515c5014852d4a55d405294e55d46521545595255d5452140529555595550d4857d465354d,685a7691ad69da16eda46fda76e9a3699a06edbb681a4695bb6e5af691bb691a6695be6e1bb6e5a4,9d66d9d2649b66e9b66c9c6719c2679c26c9d2679ae719ce6e9c66d9be6a9ba6e9ae709a66c9ce6d,3,"WAIT",000,00b,00c,0,4,3,0,3,00b,104,0,0,0,685a6691ad69da16eda46f9a76eda3685a36edbb681a4691bb6e5af691bb691a1695be695bb6e5a5,0,00c,0,0,0,0,1,0,0,0,1,0
974,974,0,c0f02c0f02c0b02c0b02c0b02c0b02c0b02c0b02c0b02c0b06c1f4fd3b4ec2b02c0f02c0b02c0b02,521515515c5014852d4a55d405294e55d46521545595255d5452140529555595550d4857d465354d,685a7691ad69da16eda46fda76e9a3699a06edbb681a4695bb6e5af691bb691a6695be6e1bb6e5a4,9d66d9d2649b66e9b66c9c6719c2679c26c9d2679ae719ce6e9c66d9be6a9ba6e9ae709a66c9ce6d,3,"WAIT",000,00b,00c,0,4,3,0,3,00b,104,0,0,0,685a6691ad69da16eda46f9a76eda3685a36edbb681a4691bb6e5af691bb691a1695be695bb6e5a5,0,00c,0,0,0,0,1,0,0,0,1,0
975,975,0,c0f02c0f02c0b02c0b02c0b02c0b02c0b02c0b02c0b02c0b06c1f4fd3b4ec2b02c0f02c0b02c0b02,521515515c5014852d4a55d405294e55d46521545595255d5452140529555595550d4857d465354d,685a7691ad69da16eda46fda76e9a3699a06edbb681a4695bb6e5af691bb691a6695be6e1bb6e5a4,9d66d9d2649b66e9b66c9c6719c2679c26c9d2679ae719ce6e9c66d9be6a9ba6e9ae709a66c9ce6d,3,"WAIT",000,00b,00c,0,4,3,0,3,00b,104,0,0,0,685a6691ad69da16eda46f9a76eda3685a36edbb681a4691bb6e5af691bb691a1695be695bb6e5a5,0,00c,0,0,0,0,1,0,0,0,1,0
976,976,0,c0f02c0f02c0b02c0b02c0b02c0b02c0b02c0b02c0b02c0b06c1f4fd3b4ec2b02c0f02c0b02c0b02,521515515c5014852d4a55d405294e55d46521545595255d5452140529555595550d4857d465354d,685a7691ad69da16eda46fda76e9a3699a06edbb681a4695bb6e5af691bb691a6695be6e1bb6e5a4,9d66d9d2649b66e9b66c9c6719c2679c26c9d2679ae719ce6e9c66d9be6a9ba6e9ae709a66c9ce6d,3,"WAIT",000,00b,00c,0,4,3,0,3,00b,104,0,0,0,685a6691ad69da16eda46f9a76eda3685a36edbb681a4691bb6e5af691bb691a1695be695bb6e5a5,0,00c,0,0,0,0,1,0,0,0,1,0
977,977,0,c0f02c0f02c0b02c0b02c0b02c0b02c0b02c0b02c0b02c0b06c1f4fd3b4ec2b02c0f02c0b02c0b02,521515515c5014852d4a55d405294e55d46521545595255d5452140529555595550d4857d465354d,685a7691ad69da16eda46fda76e9a3699a06edbb681a4695bb6e5af691bb691a6695be6e1bb6e5a4,9d66d9d2649b66e9b66c9c6719c2679c26c9d2679ae719ce6e9c66d9be6a9ba6e9ae709a66c9ce6d,3,"WAIT",000,00b,00c,0,4,3,0,3,00b,104,0,0,0,685a6691ad69da16eda46f9a76eda3685a36edbb681a4691bb6e5af691bb691a1695be695bb6e5a5,0,00c,0,0,0,0,1,0,0,0,1,0
978,978,0,c0f02c0f02c0b02c0b02c0b02c0b02c0b02c0b02c0b02c0b06c1f4fd3b4ec2b02c0f02c0b02c0b02,521515515c5014852d4a55d405294e55d46521545595255d5452140529555595550d4857d465354d,685a7691ad69da16eda46fda76e9a3699a06edbb681a4695bb6e5af691bb691a6695be6e1bb6e5a4,9d66d9d2649b66e9b66c9c6719c2679c26c9d2679ae719ce6e9c66d9be6a9ba6e9ae709a66c9ce6d,3,"WAIT",000,00b,00c,0,4,3,0,3,00b,104,0,0,0,685a6691ad69da16eda46f9a76eda3685a36edbb681a4691bb6e5af691bb691a1695be695bb6e5a5,0,00c,0,0,0,0,1,0,0,0,1,0
979,979,0,c0f02c0f02c0b02c0b02c0b02c0b02c0b02c0b02c0b02c0b06c1f4fd3b4ec2b02c0f02c0b02c0b02,521515515c5014852d4a55d405294e55d46521545595255d5452140529555595550d4857d465354d,685a7691ad69da16eda46fda76e9a3699a06edbb681a4695bb6e5af691bb691a6695be6e1bb6e5a4,9d66d9d2649b66e9b66c9c6719c2679c26c9d2679ae719ce6e9c66d9be6a9ba6e9ae709a66c9ce6d,3,"WAIT",000,00b,00c,0,4,3,0,3,00b,104,0,0,0,685a6691ad69da16eda46f9a76eda3685a36edbb681a4691bb6e5af691bb691a1695be695bb6e5a5,0,00c,0,0,0,0,1,0,0,0,1,0
980,980,0,c0f02c0f02c0b02c0b02c0b02c0b02c0b02c0b02c0b02c0b06c1f4fd3b4ec2b02c0f02c0b02c0b02,521515515c5014852d4a55d405294e55d46521545595255d5452140529555595550d4857d465354d,685a7691ad69da16eda46fda76e9a3699a06edbb681a4695bb6e5af691bb691a6695be6e1bb6e5a4,9d66d9d2649b66e9b66c9c6719c2679c26c9d2679ae719ce6e9c66d9be6a9ba6e9ae709a66c9ce6d,3,"WAIT",000,00b,00c,0,4,3,0,3,00b,104,0,0,0,685a6691ad69da16eda46f9a76eda3685a36edbb681a4691bb6e5af691bb691a1695be695bb6e5a5,0,00c,0,0,0,0,1,0,0,0,1,0
981,981,0,c0f02c0f02c0b02c0b02c0b02c0b02c0b02c0b02c0b02c0b06c1f4fd3b4ec2b02c0f02c0b02c0b02,521515515c5014852d4a55d405294e55d46521545595255d5452140529555595550d4857d465354d,685a7691ad69da16eda46fda76e9a3699a06edbb681a4695bb6e5af691bb691a6695be6e1bb6e5a4,9d66d9d2649b66e9b66c9c6719c2679c26c9d2679ae719ce6e9c66d9be6a9ba6e9ae709a66c9ce6d,3,"WAIT",000,00b,00c,0,4,3,0,3,00b,104,0,0,0,685a6691ad69da16eda46f9a76eda3685a36edbb681a4691bb6e5af691bb691a1695be695bb6e5a5,0,00c,0,0,0,0,1,0,0,0,1,0
982,982,0,c0f02c0f02c0b02c0b02c0b02c0b02c0b02c0b02c0b02c0b06c1f4fd3b4ec2b02c0f02c0b02c0b02,521515515c5014852d4a55d405294e55d46521545595255d5452140529555595550d4857d465354d,685a7691ad69da16eda46fda76e9a3699a06edbb681a4695bb6e5af691bb691a6695be6e1bb6e5a4,9d66d9d2649b66e9b66c9c6719c2679c26c9d2679ae719ce6e9c66d9be6a9ba6e9ae709a66c9ce6d,3,"WAIT",000,00b,00c,0,4,3,0,3,00b,104,0,0,0,685a6691ad69da16eda46f9a76eda3685a36edbb681a4691bb6e5af691bb691a1695be695bb6e5a5,0,00c,0,0,0,0,1,0,0,0,1,0
983,983,0,c0f02c0f02c0b02c0b02c0b02c0b02c0b02c0b02c0b02c0b06c1f4fd3b4ec2b02c0f02c0b02c0b02,521515515c5014852d4a55d405294e55d46521545595255d5452140529555595550d4857d465354d,685a7691ad69da16eda46fda76e9a3699a06edbb681a4695bb6e5af691bb691a6695be6e1bb6e5a4,9d66d9d2649b66e9b66c9c6719c2679c26c9d2679ae719ce6e9c66d9be6a9ba6e9ae709a66c9ce6d,3,"WAIT",000,00b,00c,0,4,3,0,3,00b,104,0,0,0,685a6691ad69da16eda46f9a76eda3685a36edbb681a4691bb6e5af691bb691a1695be695bb6e5a5,0,00c,0,0,0,0,1,0,0,0,1,0
984,984,0,c0f02c0f02c0b02c0b02c0b02c0b02c0b02c0b02c0b02c0b06c1f4fd3b4ec2b02c0f02c0b02c0b02,521515515c5014852d4a55d405294e55d46521545595255d5452140529555595550d4857d465354d,685a7691ad69da16eda46fda76e9a3699a06edbb681a4695bb6e5af691bb691a6695be6e1bb6e5a4,9d66d9d2649b66e9b66c9c6719c2679c26c9d2679ae719ce6e9c66d9be6a9ba6e9ae709a66c9ce6d,3,"WAIT",000,00b,00c,0,4,3,0,3,00b,104,0,0,0,685a6691ad69da16eda46f9a76eda3685a36edbb681a4691bb6e5af691bb691a1695be695bb6e5a5,0,00c,0,0,0,0,1,0,0,0,1,0
985,985,0,c0f02c0f02c0b02c0b02c0b02c0b02c0b02c0b02c0b02c0b06c1f4fd3b4ec2b02c0f02c0b02c0b02,521515515c5014852d4a55d405294e55d46521545595255d5452140529555595550d4857d465354d,685a7691ad69da16eda46fda76e9a3699a06edbb681a4695bb6e5af691bb691a6695be6e1bb6e5a4,9d66d9d2649b66e9b66c9c6719c2679c26c9d2679ae719ce6e9c66d9be6a9ba6e9ae709a66c9ce6d,3,"WAIT",000,00b,00c,0,4,3,0,3,00b,104,0,0,0,685a6691ad69da16eda46f9a76eda3685a36edbb681a4691bb6e5af691bb691a1695be695bb6e5a5,0,00c,0,0,0,0,1,0,0,0,1,0
986,986,0,c0f02c0f02c0b02c0b02c0b02c0b02c0b02c0b02c0b02c0b06c1f4fd3b4ec2b02c0f02c0b02c0b02,521515515c5014852d4a55d405294e55d46521545595255d5452140529555595550d4857d465354d,685a7691ad69da16eda46fda76e9a3699a06edbb681a4695bb6e5af691bb691a6695be6e1bb6e5a4,9d66d9d2649b66e9b66c9c6719c2679c26c9d2679ae719ce6e9c66d9be6a9ba6e9ae709a66c9ce6d,3,"WAIT",000,00b,00c,0,4,3,0,3,00b,104,0,0,0,685a6691ad69da16eda46f9a76eda3685a36edbb681a4691bb6e5af691bb691a1695be695bb6e5a5,0,00c,0,0,0,0,1,0,0,0,1,0
987,987,0,c0f02c0f02c0b02c0b02c0b02c0b02c0b02c0b02c0b02c0b06c1f4fd3b4ec2b02c0f02c0b02c0b02,521515515c5014852d4a55d405294e55d46521545595255d5452140529555595550d4857d465354d,685a7691ad69da16eda46fda76e9a3699a06edbb681a4695bb6e5af691bb691a6695be6e1bb6e5a4,9d66d9d2649b66e9b66c9c6719c2679c26c9d2679ae719ce6e9c66d9be6a9ba6e9ae709a66c9ce6d,3,"WAIT",000,00b,00c,0,4,3,0,3,00b,104,0,0,0,685a6691ad69da16eda46f9a76eda3685a36edbb681a4691bb6e5af691bb691a1695be695bb6e5a5,0,00c,0,0,0,0,1,0,0,0,1,0
988,988,0,c0f02c0f02c0b02c0b02c0b02c0b02c0b02c0b02c0b02c0b06c1f4fd3b4ec2b02c0f02c0b02c0b02,521515515c5014852d4a55d405294e55d46521545595255d5452140529555595550d4857d465354d,685a7691ad69da16eda46fda76e9a3699a06edbb681a4695bb6e5af691bb691a6695be6e1bb6e5a4,9d66d9d2649b66e9b66c9c6719c2679c26c9d2679ae719ce6e9c66d9be6a9ba6e9ae709a66c9ce6d,3,"WAIT",000,00b,00c,0,4,3,0,3,00b,104,0,0,0,685a6691ad69da16eda46f9a76eda3685a36edbb681a4691bb6e5af691bb691a1695be695bb6e5a5,0,00c,0,0,0,0,1,0,0,0,1,0
989,989,0,c0f02c0f02c0b02c0b02c0b02c0b02c0b02c0b02c0b02c0b06c1f4fd3b4ec2b02c0f02c0b02c0b02,521515515c5014852d4a55d405294e55d46521545595255d5452140529555595550d4857d465354d,685a7691ad69da16eda46fda76e9a3699a06edbb681a4695bb6e5af691bb691a6695be6e1bb6e5a4,9d66d9d2649b66e9b66c9c6719c2679c26c9d2679ae719ce6e9c66d9be6a9ba6e9ae709a66c9ce6d,3,"WAIT",000,00b,00c,0,4,3,0,3,00b,104,0,0,0,685a6691ad69da16eda46f9a76eda3685a36edbb681a4691bb6e5af691bb691a1695be695bb6e5a5,0,00c,0,0,0,0,1,0,0,0,1,0
990,990,0,c0f02c0f02c0b02c0b02c0b02c0b02c0b02c0b02c0b02c0b06c1f4fd3b4ec2b02c0f02c0b02c0b02,521515515c5014852d4a55d405294e55d46521545595255d5452140529555595550d4857d465354d,685a7691ad69da16eda46fda76e9a3699a06edbb681a4695bb6e5af691bb691a6695be6e1bb6e5a4,9d66d9d2649b66e9b66c9c6719c2679c26c9d2679ae719ce6e9c66d9be6a9ba6e9ae709a66c9ce6d,3,"WAIT",000,00b,00c,0,4,3,0,3,00b,104,0,0,0,685a6691ad69da16eda46f9a76eda3685a36edbb681a4691bb6e5af691bb691a1695be695bb6e5a5,0,00c,0,0,0,0,1,0,0,0,1,0
991,991,0,c0f02c0f02c0b02c0b02c0b02c0b02c0b02c0b02c0b02c0b06c1f4fd3b4ec2b02c0f02c0b02c0b02,521515515c5014852d4a55d405294e55d46521545595255d5452140529555595550d4857d465354d,685a7691ad69da16eda46fda76e9a3699a06edbb681a4695bb6e5af691bb691a6695be6e1bb6e5a4,9d66d9d2649b66e9b66c9c6719c2679c26c9d2679ae719ce6e9c66d9be6a9ba6e9ae709a66c9ce6d,3,"WAIT",000,00b,00c,0,4,3,0,3,00b,104,0,0,0,685a6691ad69da16eda46f9a76eda3685a36edbb681a4691bb6e5af691bb691a1695be695bb6e5a5,0,00c,0,0,0,0,1,0,0,0,1,0
992,992,0,c0f02c0f02c0b02c0b02c0b02c0b02c0b02c0b02c0b02c0b06c1f4fd3b4ec2b02c0f02c0b02c0b02,521515515c5014852d4a55d405294e55d46521545595255d5452140529555595550d4857d465354d,685a7691ad69da16eda46fda76e9a3699a06edbb681a4695bb6e5af691bb691a6695be6e1bb6e5a4,9d66d9d2649b66e9b66c9c6719c2679c26c9d2679ae719ce6e9c66d9be6a9ba6e9ae709a66c9ce6d,3,"WAIT",000,00b,00c,0,4,3,0,3,00b,104,0,0,0,685a6691ad69da16eda46f9a76eda3685a36edbb681a4691bb6e5af691bb691a1695be695bb6e5a5,0,00c,0,0,0,0,1,0,0,0,1,0
993,993,0,c0f02c0f02c0b02c0b02c0b02c0b02c0b02c0b02c0b02c0b06c1f4fd3b4ec2b02c0f02c0b02c0b02,521515515c5014852d4a55d405294e55d46521545595255d5452140529555595550d4857d465354d,685a7691ad69da16eda46fda76e9a3699a06edbb681a4695bb6e5af691bb691a6695be6e1bb6e5a4,9d66d9d2649b66e9b66c9c6719c2679c26c9d2679ae719ce6e9c66d9be6a9ba6e9ae709a66c9ce6d,3,"WAIT",000,00b,00c,0,4,3,0,3,00b,104,0,0,0,685a6691ad69da16eda46f9a76eda3685a36edbb681a4691bb6e5af691bb691a1695be695bb6e5a5,0,00c,0,0,0,0,1,0,0,0,1,0
994,994,0,c0f02c0f02c0b02c0b02c0b02c0b02c0b02c0b02c0b02c0b06c1f4fd3b4ec2b02c0f02c0b02c0b02,521515515c5014852d4a55d405294e55d46521545595255d5452140529555595550d4857d465354d,685a7691ad69da16eda46fda76e9a3699a06edbb681a4695bb6e5af691bb691a6695be6e1bb6e5a4,9d66d9d2649b66e9b66c9c6719c2679c26c9d2679ae719ce6e9c66d9be6a9ba6e9ae709a66c9ce6d,3,"WAIT",000,00b,00c,0,4,3,0,3,00b,104,0,0,0,685a6691ad69da16eda46f9a76eda3685a36edbb681a4691bb6e5af691bb691a1695be695bb6e5a5,0,00c,0,0,0,0,1,0,0,0,1,0
995,995,0,c0f02c0f02c0b02c0b02c0b02c0b02c0b02c0b02c0b02c0b06c1f4fd3b4ec2b02c0f02c0b02c0b02,521515515c5014852d4a55d405294e55d46521545595255d5452140529555595550d4857d465354d,685a7691ad69da16eda46fda76e9a3699a06edbb681a4695bb6e5af691bb691a6695be6e1bb6e5a4,9d66d9d2649b66e9b66c9c6719c2679c26c9d2679ae719ce6e9c66d9be6a9ba6e9ae709a66c9ce6d,3,"WAIT",000,00b,00c,0,4,3,0,3,00b,104,0,0,0,685a6691ad69da16eda46f9a76eda3685a36edbb681a4691bb6e5af691bb691a1695be695bb6e5a5,0,00c,0,0,0,0,1,0,0,0,1,0
996,996,0,c0f02c0f02c0b02c0b02c0b02c0b02c0b02c0b02c0b02c0b06c1f4fd3b4ec2b02c0f02c0b02c0b02,521515515c5014852d4a55d405294e55d46521545595255d5452140529555595550d4857d465354d,685a7691ad69da16eda46fda76e9a3699a06edbb681a4695bb6e5af691bb691a6695be6e1bb6e5a4,9d66d9d2649b66e9b66c9c6719c2679c26c9d2679ae719ce6e9c66d9be6a9ba6e9ae709a66c9ce6d,3,"WAIT",000,00b,00c,0,4,3,0,3,00b,104,0,0,0,685a6691ad69da16eda46f9a76eda3685a36edbb681a4691bb6e5af691bb691a1695be695bb6e5a5,0,00c,0,0,0,0,1,0,0,0,1,0
997,997,0,c0f02c0f02c0b02c0b02c0b02c0b02c0b02c0b02c0b02c0b06c1f4fd3b4ec2b02c0f02c0b02c0b02,521515515c5014852d4a55d405294e55d46521545595255d5452140529555595550d4857d465354d,685a7691ad69da16eda46fda76e9a3699a06edbb681a4695bb6e5af691bb691a6695be6e1bb6e5a4,9d66d9d2649b66e9b66c9c6719c2679c26c9d2679ae719ce6e9c66d9be6a9ba6e9ae709a66c9ce6d,3,"WAIT",000,00b,00c,0,4,3,0,3,00b,104,0,0,0,685a6691ad69da16eda46f9a76eda3685a36edbb681a4691bb6e5af691bb691a1695be695bb6e5a5,0,00c,0,0,0,0,1,0,0,0,1,0
998,998,0,c0f02c0f02c0b02c0b02c0b02c0b02c0b02c0b02c0b02c0b06c1f4fd3b4ec2b02c0f02c0b02c0b02,521515515c5014852d4a55d405294e55d46521545595255d5452140529555595550d4857d465354d,685a7691ad69da16eda46fda76e9a3699a06edbb681a4695bb6e5af691bb691a6695be6e1bb6e5a4,9d66d9d2649b66e9b66c9c6719c2679c26c9d2679ae719ce6e9c66d9be6a9ba6e9ae709a66c9ce6d,3,"WAIT",000,00b,00c,0,4,3,0,3,00b,104,0,0,0,685a6691ad69da16eda46f9a76eda3685a36edbb681a4691bb6e5af691bb691a1695be695bb6e5a5,0,00c,0,0,0,0,1,0,0,0,1,0
999,999,0,c0f02c0f02c0b02c0b02c0b02c0b02c0b02c0b02c0b02c0b06c1f4fd3b4ec2b02c0f02c0b02c0b02,521515515c5014852d4a55d405294e55d46521545595255d5452140529555595550d4857d465354d,685a7691ad69da16eda46fda76e9a3699a06edbb681a4695bb6e5af691bb691a6695be6e1bb6e5a4,9d66d9d2649b66e9b66c9c6719c2679c26c9d2679ae719ce6e9c66d9be6a9ba6e9ae709a66c9ce6d,3,"WAIT",000,00b,00c,0,4,3,0,3,00b,104,0,0,0,685a6691ad69da16eda46f9a76eda3685a36edbb681a4691bb6e5af691bb691a1695be695bb6e5a5,0,00c,0,0,0,0,1,0,0,0,1,0
1000,1000,0,c0f02c0f02c0b02c0b02c0b02c0b02c0b02c0b02c0b02c0b06c1f4fd3b4ec2b02c0f02c0b02c0b02,521515515c5014852d4a55d405294e55d46521545595255d5452140529555595550d4857d465354d,685a7691ad69da16eda46fda76e9a3699a06edbb681a4695bb6e5af691bb691a6695be6e1bb6e5a4,9d66d9d2649b66e9b66c9c6719c2679c26c9d2679ae719ce6e9c66d9be6a9ba6e9ae709a66c9ce6d,3,"WAIT",000,00b,00c,0,4,3,0,3,00b,104,0,0,0,685a6691ad69da16eda46f9a76eda3685a36edbb681a4691bb6e5af691bb691a1695be695bb6e5a5,0,00c,0,0,0,0,1,0,0,0,1,0
1001,1001,0,c0f02c0f02c0b02c0b02c0b02c0b02c0b02c0b02c0b02c0b06c1f4fd3b4ec2b02c0f02c0b02c0b02,521515515c5014852d4a55d405294e55d46521545595255d5452140529555595550d4857d465354d,685a7691ad69da16eda46fda76e9a3699a06edbb681a4695bb6e5af691bb691a6695be6e1bb6e5a4,9d66d9d2649b66e9b66c9c6719c2679c26c9d2679ae719ce6e9c66d9be6a9ba6e9ae709a66c9ce6d,3,"WAIT",000,00b,00c,0,4,3,0,3,00b,104,0,0,0,685a6691ad69da16eda46f9a76eda3685a36edbb681a4691bb6e5af691bb691a1695be695bb6e5a5,0,00c,0,0,0,0,1,0,0,0,1,0
1002,1002,0,c0f02c0f02c0b02c0b02c0b02c0b02c0b02c0b02c0b02c0b06c1f4fd3b4ec2b02c0f02c0b02c0b02,521515515c5014852d4a55d405294e55d46521545595255d5452140529555595550d4857d465354d,685a7691ad69da16eda46fda76e9a3699a06edbb681a4695bb6e5af691bb691a6695be6e1bb6e5a4,9d66d9d2649b66e9b66c9c6719c2679c26c9d2679ae719ce6e9c66d9be6a9ba6e9ae709a66c9ce6d,3,"WAIT",000,00b,00c,0,4,3,0,3,00b,104,0,0,0,685a6691ad69da16eda46f9a76eda3685a36edbb681a4691bb6e5af691bb691a1695be695bb6e5a5,0,00c,0,0,0,0,1,0,0,0,1,0
1003,1003,0,c0f02c0f02c0b02c0b02c0b02c0b02c0b02c0b02c0b02c0b06c1f4fd3b4ec2b02c0f02c0b02c0b02,521515515c5014852d4a55d405294e55d46521545595255d5452140529555595550d4857d465354d,685a7691ad69da16eda46fda76e9a3699a06edbb681a4695bb6e5af691bb691a6695be6e1bb6e5a4,9d66d9d2649b66e9b66c9c6719c2679c26c9d2679ae719ce6e9c66d9be6a9ba6e9ae709a66c9ce6d,3,"WAIT",000,00b,00c,0,4,3,0,3,00b,104,0,0,0,685a6691ad69da16eda46f9a76eda3685a36edbb681a4691bb6e5af691bb691a1695be695bb6e5a5,0,00c,0,0,0,0,1,0,0,0,1,0
1004,1004,0,c0f02c0f02c0b02c0b02c0b02c0b02c0b02c0b02c0b02c0b06c1f4fd3b4ec2b02c0f02c0b02c0b02,521515515c5014852d4a55d405294e55d46521545595255d5452140529555595550d4857d465354d,685a7691ad69da16eda46fda76e9a3699a06edbb681a4695bb6e5af691bb691a6695be6e1bb6e5a4,9d66d9d2649b66e9b66c9c6719c2679c26c9d2679ae719ce6e9c66d9be6a9ba6e9ae709a66c9ce6d,3,"WAIT",000,00b,00c,0,4,3,0,3,00b,104,0,0,0,685a6691ad69da16eda46f9a76eda3685a36edbb681a4691bb6e5af691bb691a1695be695bb6e5a5,0,00c,0,0,0,0,1,0,0,0,1,0
1005,1005,0,c0f02c0f02c0b02c0b02c0b02c0b02c0b02c0b02c0b02c0b06c1f4fd3b4ec2b02c0f02c0b02c0b02,521515515c5014852d4a55d405294e55d46521545595255d5452140529555595550d4857d465354d,685a7691ad69da16eda46fda76e9a3699a06edbb681a4695bb6e5af691bb691a6695be6e1bb6e5a4,9d66d9d2649b66e9b66c9c6719c2679c26c9d2679ae719ce6e9c66d9be6a9ba6e9ae709a66c9ce6d,3,"WAIT",000,00b,00c,0,4,3,0,3,00b,104,0,0,0,685a6691ad69da16eda46f9a76eda3685a36edbb681a4691bb6e5af691bb691a1695be695bb6e5a5,0,00c,0,0,0,0,1,0,0,0,1,0
1006,1006,0,c0f02c0f02c0b02c0b02c0b02c0b02c0b02c0b02c0b02c0b06c1f4fd3b4ec2b02c0f02c0b02c0b02,521515515c5014852d4a55d405294e55d46521545595255d5452140529555595550d4857d465354d,685a7691ad69da16eda46fda76e9a3699a06edbb681a4695bb6e5af691bb691a6695be6e1bb6e5a4,9d66d9d2649b66e9b66c9c6719c2679c26c9d2679ae719ce6e9c66d9be6a9ba6e9ae709a66c9ce6d,3,"WAIT",000,00b,00c,0,4,3,0,3,00b,104,0,0,0,685a6691ad69da16eda46f9a76eda3685a36edbb681a4691bb6e5af691bb691a1695be695bb6e5a5,0,00c,0,0,0,0,1,0,0,0,1,0
1007,1007,0,c0f02c0f02c0b02c0b02c0b02c0b02c0b02c0b02c0b02c0b06c1f4fd3b4ec2b02c0f02c0b02c0b02,521515515c5014852d4a55d405294e55d46521545595255d5452140529555595550d4857d465354d,685a7691ad69da16eda46fda76e9a3699a06edbb681a4695bb6e5af691bb691a6695be6e1bb6e5a4,9d66d9d2649b66e9b66c9c6719c2679c26c9d2679ae719ce6e9c66d9be6a9ba6e9ae709a66c9ce6d,3,"WAIT",000,00b,00c,0,4,3,0,3,00b,104,0,0,0,685a6691ad69da16eda46f9a76eda3685a36edbb681a4691bb6e5af691bb691a1695be695bb6e5a5,0,00c,0,0,0,0,1,0,0,0,1,0
1008,1008,0,c0f02c0f02c0b02c0b02c0b02c0b02c0b02c0b02c0b02c0b06c1f4fd3b4ec2b02c0f02c0b02c0b02,521515515c5014852d4a55d405294e55d46521545595255d5452140529555595550d4857d465354d,685a7691ad69da16eda46fda76e9a3699a06edbb681a4695bb6e5af691bb691a6695be6e1bb6e5a4,9d66d9d2649b66e9b66c9c6719c2679c26c9d2679ae719ce6e9c66d9be6a9ba6e9ae709a66c9ce6d,3,"WAIT",000,00b,00c,0,4,3,0,3,00b,104,0,0,0,685a6691ad69da16eda46f9a76eda3685a36edbb681a4691bb6e5af691bb691a1695be695bb6e5a5,0,00c,0,0,0,0,1,0,0,0,1,0
1009,1009,0,c0f02c0f02c0b02c0b02c0b02c0b02c0b02c0b02c0b02c0b06c1f4fd3b4ec2b02c0f02c0b02c0b02,521515515c5014852d4a55d405294e55d46521545595255d5452140529555595550d4857d465354d,685a7691ad69da16eda46fda76e9a3699a06edbb681a4695bb6e5af691bb691a6695be6e1bb6e5a4,9d66d9d2649b66e9b66c9c6719c2679c26c9d2679ae719ce6e9c66d9be6a9ba6e9ae709a66c9ce6d,3,"WAIT",000,00b,00c,0,4,3,0,3,00b,104,0,0,0,685a6691ad69da16eda46f9a76eda3685a36edbb681a4691bb6e5af691bb691a1695be695bb6e5a5,0,00c,0,0,0,0,1,0,0,0,1,0
1010,1010,0,c0f02c0f02c0b02c0b02c0b02c0b02c0b02c0b02c0b02c0b06c1f4fd3b4ec2b02c0f02c0b02c0b02,521515515c5014852d4a55d405294e55d46521545595255d5452140529555595550d4857d465354d,685a7691ad69da16eda46fda76e9a3699a06edbb681a4695bb6e5af691bb691a6695be6e1bb6e5a4,9d66d9d2649b66e9b66c9c6719c2679c26c9d2679ae719ce6e9c66d9be6a9ba6e9ae709a66c9ce6d,3,"WAIT",000,00b,00c,0,4,3,0,3,00b,104,0,0,0,685a6691ad69da16eda46f9a76eda3685a36edbb681a4691bb6e5af691bb691a1695be695bb6e5a5,0,00c,0,0,0,0,1,0,0,0,1,0
1011,1011,0,c0f02c0f02c0b02c0b02c0b02c0b02c0b02c0b02c0b02c0b06c1f4fd3b4ec2b02c0f02c0b02c0b02,521515515c5014852d4a55d405294e55d46521545595255d5452140529555595550d4857d465354d,685a7691ad69da16eda46fda76e9a3699a06edbb681a4695bb6e5af691bb691a6695be6e1bb6e5a4,9d66d9d2649b66e9b66c9c6719c2679c26c9d2679ae719ce6e9c66d9be6a9ba6e9ae709a66c9ce6d,3,"WAIT",000,00b,00c,0,4,3,0,3,00b,104,0,0,0,685a6691ad69da16eda46f9a76eda3685a36edbb681a4691bb6e5af691bb691a1695be695bb6e5a5,0,00c,0,0,0,0,1,0,0,0,1,0
1012,1012,0,c0f02c0f02c0b02c0b02c0b02c0b02c0b02c0b02c0b02c0b06c1f4fd3b4ec2b02c0f02c0b02c0b02,521515515c5014852d4a55d405294e55d46521545595255d5452140529555595550d4857d465354d,685a7691ad69da16eda46fda76e9a3699a06edbb681a4695bb6e5af691bb691a6695be6e1bb6e5a4,9d66d9d2649b66e9b66c9c6719c2679c26c9d2679ae719ce6e9c66d9be6a9ba6e9ae709a66c9ce6d,3,"WAIT",000,00b,00c,0,4,3,0,3,00b,104,0,0,0,685a6691ad69da16eda46f9a76eda3685a36edbb681a4691bb6e5af691bb691a1695be695bb6e5a5,0,00c,0,0,0,0,1,0,0,0,1,0
1013,1013,0,c0f02c0f02c0b02c0b02c0b02c0b02c0b02c0b02c0b02c0b06c1f4fd3b4ec2b02c0f02c0b02c0b02,521515515c5014852d4a55d405294e55d46521545595255d5452140529555595550d4857d465354d,685a7691ad69da16eda46fda76e9a3699a06edbb681a4695bb6e5af691bb691a6695be6e1bb6e5a4,9d66d9d2649b66e9b66c9c6719c2679c26c9d2679ae719ce6e9c66d9be6a9ba6e9ae709a66c9ce6d,3,"WAIT",000,00b,00c,0,4,3,0,3,00b,104,0,0,0,685a6691ad69da16eda46f9a76eda3685a36edbb681a4691bb6e5af691bb691a1695be695bb6e5a5,0,00c,0,0,0,0,1,0,0,0,1,0
1014,1014,0,c0f02c0f02c0b02c0b02c0b02c0b02c0b02c0b02c0b02c0b06c1f4fd3b4ec2b02c0f02c0b02c0b02,521515515c5014852d4a55d405294e55d46521545595255d5452140529555595550d4857d465354d,685a7691ad69da16eda46fda76e9a3699a06edbb681a4695bb6e5af691bb691a6695be6e1bb6e5a4,9d66d9d2649b66e9b66c9c6719c2679c26c9d2679ae719ce6e9c66d9be6a9ba6e9ae709a66c9ce6d,3,"WAIT",000,00b,00c,0,4,3,0,3,00b,104,0,0,0,685a6691ad69da16eda46f9a76eda3685a36edbb681a4691bb6e5af691bb691a1695be695bb6e5a5,0,00c,0,0,0,0,1,0,0,0,1,0
1015,1015,0,c0f02c0f02c0b02c0b02c0b02c0b02c0b02c0b02c0b02c0b06c1f4fd3b4ec2b02c0f02c0b02c0b02,521515515c5014852d4a55d405294e55d46521545595255d5452140529555595550d4857d465354d,685a7691ad69da16eda46fda76e9a3699a06edbb681a4695bb6e5af691bb691a6695be6e1bb6e5a4,9d66d9d2649b66e9b66c9c6719c2679c26c9d2679ae719ce6e9c66d9be6a9ba6e9ae709a66c9ce6d,3,"WAIT",000,00b,00c,0,4,3,0,3,00b,104,0,0,0,685a6691ad69da16eda46f9a76eda3685a36edbb681a4691bb6e5af691bb691a1695be695bb6e5a5,0,00c,0,0,0,0,1,0,0,0,1,0
1016,1016,0,c0f02c0f02c0b02c0b02c0b02c0b02c0b02c0b02c0b02c0b06c1f4fd3b4ec2b02c0f02c0b02c0b02,521515515c5014852d4a55d405294e55d46521545595255d5452140529555595550d4857d465354d,685a7691ad69da16eda46fda76e9a3699a06edbb681a4695bb6e5af691bb691a6695be6e1bb6e5a4,9d66d9d2649b66e9b66c9c6719c2679c26c9d2679ae719ce6e9c66d9be6a9ba6e9ae709a66c9ce6d,3,"WAIT",000,00b,00c,0,4,3,0,3,00b,104,0,0,0,685a6691ad69da16eda46f9a76eda3685a36edbb681a4691bb6e5af691bb691a1695be695bb6e5a5,0,00c,0,0,0,0,1,0,0,0,1,0
1017,1017,0,c0f02c0f02c0b02c0b02c0b02c0b02c0b02c0b02c0b02c0b06c1f4fd3b4ec2b02c0f02c0b02c0b02,521515515c5014852d4a55d405294e55d46521545595255d5452140529555595550d4857d465354d,685a7691ad69da16eda46fda76e9a3699a06edbb681a4695bb6e5af691bb691a6695be6e1bb6e5a4,9d66d9d2649b66e9b66c9c6719c2679c26c9d2679ae719ce6e9c66d9be6a9ba6e9ae709a66c9ce6d,3,"WAIT",000,00b,00c,0,4,3,0,3,00b,104,0,0,0,685a6691ad69da16eda46f9a76eda3685a36edbb681a4691bb6e5af691bb691a1695be695bb6e5a5,0,00c,0,0,0,0,1,0,0,0,1,0
1018,1018,0,c0f02c0f02c0b02c0b02c0b02c0b02c0b02c0b02c0b02c0b06c1f4fd3b4ec2b02c0f02c0b02c0b02,521515515c5014852d4a55d405294e55d46521545595255d5452140529555595550d4857d465354d,685a7691ad69da16eda46fda76e9a3699a06edbb681a4695bb6e5af691bb691a6695be6e1bb6e5a4,9d66d9d2649b66e9b66c9c6719c2679c26c9d2679ae719ce6e9c66d9be6a9ba6e9ae709a66c9ce6d,3,"WAIT",000,00b,00c,0,4,3,0,3,00b,104,0,0,0,685a6691ad69da16eda46f9a76eda3685a36edbb681a4691bb6e5af691bb691a1695be695bb6e5a5,0,00c,0,0,0,0,1,0,0,0,1,0
1019,1019,0,c0f02c0f02c0b02c0b02c0b02c0b02c0b02c0b02c0b02c0b06c1f4fd3b4ec2b02c0f02c0b02c0b02,521515515c5014852d4a55d405294e55d46521545595255d5452140529555595550d4857d465354d,685a7691ad69da16eda46fda76e9a3699a06edbb681a4695bb6e5af691bb691a6695be6e1bb6e5a4,9d66d9d2649b66e9b66c9c6719c2679c26c9d2679ae719ce6e9c66d9be6a9ba6e9ae709a66c9ce6d,3,"WAIT",000,00b,00c,0,4,3,0,3,00b,104,0,0,0,685a6691ad69da16eda46f9a76eda3685a36edbb681a4691bb6e5af691bb691a1695be695bb6e5a5,0,00c,0,0,0,0,1,0,0,0,1,0
1020,1020,0,c0f02c0f02c0b02c0b02c0b02c0b02c0b02c0b02c0b02c0b06c1f4fd3b4ec2b02c0f02c0b02c0b02,521515515c5014852d4a55d405294e55d46521545595255d5452140529555595550d4857d465354d,685a7691ad69da16eda46fda76e9a3699a06edbb681a4695bb6e5af691bb691a6695be6e1bb6e5a4,9d66d9d2649b66e9b66c9c6719c2679c26c9d2679ae719ce6e9c66d9be6a9ba6e9ae709a66c9ce6d,3,"WAIT",000,00b,00c,0,4,3,0,3,00b,104,0,0,0,685a6691ad69da16eda46f9a76eda3685a36edbb681a4691bb6e5af691bb691a1695be695bb6e5a5,0,00c,0,0,0,0,1,0,0,0,1,0
1021,1021,0,c0f02c0f02c0b02c0b02c0b02c0b02c0b02c0b02c0b02c0b06c1f4fd3b4ec2b02c0f02c0b02c0b02,521515515c5014852d4a55d405294e55d46521545595255d5452140529555595550d4857d465354d,685a7691ad69da16eda46fda76e9a3699a06edbb681a4695bb6e5af691bb691a6695be6e1bb6e5a4,9d66d9d2649b66e9b66c9c6719c2679c26c9d2679ae719ce6e9c66d9be6a9ba6e9ae709a66c9ce6d,3,"WAIT",000,00b,00c,0,4,3,0,3,00b,104,0,0,0,685a6691ad69da16eda46f9a76eda3685a36edbb681a4691bb6e5af691bb691a1695be695bb6e5a5,0,00c,0,0,0,0,1,0,0,0,1,0
1022,1022,0,c0f02c0f02c0b02c0b02c0b02c0b02c0b02c0b02c0b02c0b06c1f4fd3b4ec2b02c0f02c0b02c0b02,521515515c5014852d4a55d405294e55d46521545595255d5452140529555595550d4857d465354d,685a7691ad69da16eda46fda76e9a3699a06edbb681a4695bb6e5af691bb691a6695be6e1bb6e5a4,9d66d9d2649b66e9b66c9c6719c2679c26c9d2679ae719ce6e9c66d9be6a9ba6e9ae709a66c9ce6d,3,"WAIT",000,00b,00c,0,4,3,0,3,00b,104,0,0,0,685a6691ad69da16eda46f9a76eda3685a36edbb681a4691bb6e5af691bb691a1695be695bb6e5a5,0,00c,0,0,0,0,1,0,0,0,1,0
1023,1023,0,c0f02c0f02c0b02c0b02c0b02c0b02c0b02c0b02c0b02c0b06c1f4fd3b4ec2b02c0f02c0b02c0b02,521515515c5014852d4a55d405294e55d46521545595255d5452140529555595550d4857d465354d,685a7691ad69da16eda46fda76e9a3699a06edbb681a4695bb6e5af691bb691a6695be6e1bb6e5a4,9d66d9d2649b66e9b66c9c6719c2679c26c9d2679ae719ce6e9c66d9be6a9ba6e9ae709a66c9ce6d,3,"WAIT",000,00b,00c,0,4,3,0,3,00b,104,0,0,0,685a6691ad69da16eda46f9a76eda3685a36edbb681a4691bb6e5af691bb691a1695be695bb6e5a5,0,00c,0,0,0,0,1,0,0,0,1,0
