Sample in Buffer,Sample in Window,TRIGGER,top_block_i/appUnit/das_rx_0/inst/SO0[10:0],top_block_i/appUnit/das_rx_0/inst/SO1[10:0],top_block_i/appUnit/das_rx_0/inst/bus3[319:0],top_block_i/appUnit/das_rx_0/inst/SO2[10:0],top_block_i/appUnit/das_rx_0/inst/bus0[319:0],top_block_i/appUnit/das_rx_0/inst/SO3[10:0],top_block_i/appUnit/das_rx_0/inst/bus2[319:0],top_block_i/appUnit/das_rx_0/inst/bus1[319:0],top_block_i/appUnit/fifo_generator_0_full,top_block_i/appUnit/fifo_generator_1_full,top_block_i/appUnit/fifo_generator_2_full,top_block_i/appUnit/fifo_generator_3_full
Radix - UNSIGNED,UNSIGNED,UNSIGNED,HEX,HEX,HEX,HEX,HEX,HEX,HEX,HEX,HEX,HEX,HEX,HEX
0,0,0,34c,156,699a1691a269da66eda46fda76eda3699a06e9bb681a4695bb6e5ac691b9691a1695b96e9be6e1a5,66e,c0f02c0f02c0b02c0b02c0b02c0b02c0b02c0b02c0b02c0b06c1f4fd3b4ec2b02c0b02c0b02c0b02,1a4,9b26d99e659b6719b66c9c6719c2679c26c99e679ae719ee6e9c26a9b26d9be6e9ae709a66c9ce6d,521515515d5094b52d4b559405294e55d475215555950559445294152d545595450d4857d465354f,1,1,1,1
1,1,0,348,152,699a1691a269da66eda46fda76eda3699a06e9bb681a4695bb6e5ac691b9691a1695b96e9be6e1a5,66d,c0f02c0f02c0b02c0b02c0b02c0b02c0b02c0b02c0b02c0b06c1f4fd3b4ec2b02c0b02c0b02c0b02,1a4,9b26d99e659b6719b66c9c6719c2679c26c99e679ae719ee6e9c26a9b26d9be6e9ae709a66c9ce6d,521515515d5094b52d4b559405294e55d475215555950559445294152d545595450d4857d465354f,1,1,1,1
2,2,0,356,154,699a1691a269da66eda46fda76eda3699a06e9bb681a4695bb6e5ac691b9691a1695b96e9be6e1a5,66c,c0f02c0f02c0b02c0b02c0b02c0b02c0b02c0b02c0b02c0b06c1f4fd3b4ec2b02c0b02c0b02c0b02,1b8,9b26d99e659b6719b66c9c6719c2679c26c99e679ae719ee6e9c26a9b26d9be6e9ae709a66c9ce6d,521515515d5094b52d4b559405294e55d475215555950559445294152d545595450d4857d465354f,1,1,1,1
3,3,0,357,156,699a1691a269da66eda46fda76eda3699a06e9bb681a4695bb6e5ac691b9691a1695b96e9be6e1a5,675,c0f02c0f02c0b02c0b02c0b02c0b02c0b02c0b02c0b02c0b06c1f4fd3b4ec2b02c0b02c0b02c0b02,1b8,9b26d99e659b6719b66c9c6719c2679c26c99e679ae719ee6e9c26a9b26d9be6e9ae709a66c9ce6d,521515515d5094b52d4b559405294e55d475215555950559445294152d545595450d4857d465354f,1,1,1,1
4,4,0,34d,148,699a1691a269da66eda46fda76eda3699a06e9bb681a4695bb6e5ac691b9691a1695b96e9be6e1a5,671,c0f02c0f02c0b02c0b02c0b02c0b02c0b02c0b02c0b02c0b06c1f4fd3b4ec2b02c0b02c0b02c0b02,1ac,9b26d99e659b6719b66c9c6719c2679c26c99e679ae719ee6e9c26a9b26d9be6e9ae709a66c9ce6d,521515515d5094b52d4b559405294e55d475215555950559445294152d545595450d4857d465354f,1,1,1,1
5,5,0,34f,150,699a1691a269da66eda46fda76eda3699a06e9bb681a4695bb6e5ac691b9691a1695b96e9be6e1a5,670,c0f02c0f02c0b02c0b02c0b02c0b02c0b02c0b02c0b02c0b06c1f4fd3b4ec2b02c0b02c0b02c0b02,1a5,9b26d99e659b6719b66c9c6719c2679c26c99e679ae719ee6e9c26a9b26d9be6e9ae709a66c9ce6d,521515515d5094b52d4b559405294e55d475215555950559445294152d545595450d4857d465354f,1,1,1,1
6,6,0,34c,149,699a1691a269da66eda46fda76eda3699a06e9bb681a4695bb6e5ac691b9691a1695b96e9be6e1a5,663,c0f02c0f02c0b02c0b02c0b02c0b02c0b02c0b02c0b02c0b06c1f4fd3b4ec2b02c0b02c0b02c0b02,1b9,9b26d99e659b6719b66c9c6719c2679c26c99e679ae719ee6e9c26a9b26d9be6e9ae709a66c9ce6d,521515515d5094b52d4b559405294e55d475215555950559445294152d545595450d4857d465354f,1,1,1,1
7,7,0,349,156,699a1691a269da66eda46fda76eda3699a06e9bb681a4695bb6e5ac691b9691a1695b96e9be6e1a5,674,c0f02c0f02c0b02c0b02c0b02c0b02c0b02c0b02c0b02c0b06c1f4fd3b4ec2b02c0b02c0b02c0b02,1a4,9b26d99e659b6719b66c9c6719c2679c26c99e679ae719ee6e9c26a9b26d9be6e9ae709a66c9ce6d,521515515d5094b52d4b559405294e55d475215555950559445294152d545595450d4857d465354f,1,1,1,1
8,8,0,352,155,699a1691a269da66eda46fda76eda3699a06e9bb681a4695bb6e5ac691b9691a1695b96e9be6e1a5,668,c0f02c0f02c0b02c0b02c0b02c0b02c0b02c0b02c0b02c0b06c1f4fd3b4ec2b02c0b02c0b02c0b02,1a6,9b26d99e659b6719b66c9c6719c2679c26c99e679ae719ee6e9c26a9b26d9be6e9ae709a66c9ce6d,521515515d5094b52d4b559405294e55d475215555950559445294152d545595450d4857d465354f,1,1,1,1
9,9,0,350,157,699a1691a269da66eda46fda76eda3699a06e9bb681a4695bb6e5ac691b9691a1695b96e9be6e1a5,674,c0f02c0f02c0b02c0b02c0b02c0b02c0b02c0b02c0b02c0b06c1f4fd3b4ec2b02c0b02c0b02c0b02,1a5,9b26d99e659b6719b66c9c6719c2679c26c99e679ae719ee6e9c26a9b26d9be6e9ae709a66c9ce6d,521515515d5094b52d4b559405294e55d475215555950559445294152d545595450d4857d465354f,1,1,1,1
10,10,0,34a,151,699a1691a269da66eda46fda76eda3699a06e9bb681a4695bb6e5ac691b9691a1695b96e9be6e1a5,667,c0f02c0f02c0b02c0b02c0b02c0b02c0b02c0b02c0b02c0b06c1f4fd3b4ec2b02c0b02c0b02c0b02,1be,9b26d99e659b6719b66c9c6719c2679c26c99e679ae719ee6e9c26a9b26d9be6e9ae709a66c9ce6d,521515515d5094b52d4b559405294e55d475215555950559445294152d545595450d4857d465354f,1,1,1,1
11,11,0,350,14a,699a1691a269da66eda46fda76eda3699a06e9bb681a4695bb6e5ac691b9691a1695b96e9be6e1a5,66f,c0f02c0f02c0b02c0b02c0b02c0b02c0b02c0b02c0b02c0b06c1f4fd3b4ec2b02c0b02c0b02c0b02,1ba,9b26d99e659b6719b66c9c6719c2679c26c99e679ae719ee6e9c26a9b26d9be6e9ae709a66c9ce6d,521515515d5094b52d4b559405294e55d475215555950559445294152d545595450d4857d465354f,1,1,1,1
12,12,0,349,152,699a1691a269da66eda46fda76eda3699a06e9bb681a4695bb6e5ac691b9691a1695b96e9be6e1a5,271,c0f02c0f02c0b02c0b02c0b02c0b02c0b02c0b02c0b02c0b06c1f4fd3b4ec2b02c0b02c0b02c0b02,1be,9b26d99e659b6719b66c9c6719c2679c26c99e679ae719ee6e9c26a9b26d9be6e9ae709a66c9ce6d,521515515d5094b52d4b559405294e55d475215555950559445294152d545595450d4857d465354f,1,1,1,1
13,13,0,355,151,699a1691a269da66eda46fda76eda3699a06e9bb681a4695bb6e5ac691b9691a1695b96e9be6e1a5,273,c0f02c0f02c0b02c0b02c0b02c0b02c0b02c0b02c0b02c0b06c1f4fd3b4ec2b02c0b02c0b02c0b02,1b8,9b26d99e659b6719b66c9c6719c2679c26c99e679ae719ee6e9c26a9b26d9be6e9ae709a66c9ce6d,521515515d5094b52d4b559405294e55d475215555950559445294152d545595450d4857d465354f,1,1,1,1
14,14,0,34b,14f,699a1691a269da66eda46fda76eda3699a06e9bb681a4695bb6e5ac691b9691a1695b96e9be6e1a5,26a,c0f02c0f02c0b02c0b02c0b02c0b02c0b02c0b02c0b02c0b06c1f4fd3b4ec2b02c0b02c0b02c0b02,1a5,9b26d99e659b6719b66c9c6719c2679c26c99e679ae719ee6e9c26a9b26d9be6e9ae709a66c9ce6d,521515515d5094b52d4b559405294e55d475215555950559445294152d545595450d4857d465354f,1,1,1,1
15,15,0,750,15d,699a1691a269da66eda46fda76eda3699a06e9bb681a4695bb6e5ac691b9691a1695b96e9be6e1a5,275,c0f02c0f02c0b02c0b02c0b02c0b02c0b02c0b02c0b02c0b06c1f4fd3b4ec2b02c0b02c0b02c0b02,5a1,9b26d99e659b6719b66c9c6719c2679c26c99e679ae719ee6e9c26a9b26d9be6e9ae709a66c9ce6d,521515515d5094b52d4b559405294e55d475215555950559445294152d545595450d4857d465354f,1,1,1,1
16,16,0,756,54a,685a6691a269da16e9a46fda76eda3685a36e9ba68da4691b86e1ac695b9691a6695bc6e9be6e1a5,269,c0f02c0f02c0b02c0b02c0b02c0b02c0b02c0b02c0b02c0b06c1f4fd3f4ec2b02c0b02c0b02c0b02,5a6,9b26d99e659b6719b66c9c6719c2679c26c99e679ae719ee6e9c26a9b26d9be6e9ae709a66c9ce6d,521515515d5094b52d4b559405294e55d475215555950559445294152d545595450d4857d465354f,1,1,1,1
17,17,0,751,551,685a6691a269da16e9a46fda76eda3685a36e9ba68da4691b86e1ac695b9691a6695bc6e9be6e1a5,26f,c0f02c0f02c0b02c0b02c0b02c0b02c0b02c0b02c0b02c0b06c1f4fd3f4ec2b02c0b02c0b02c0b02,5a4,9b26d99e659b6719b66c9c6719c2679c26c99e679ae719ee6e9c26a9b26d9be6e9ae709a66c9ce6d,525515515c5014852d4b5554d5294e555465255655950559445214052d5455d5550d4a541435354d,1,1,1,1
18,18,0,752,554,685a6691a269da16e9a46fda76eda3685a36e9ba68da4691b86e1ac695b9691a6695bc6e9be6e1a5,26d,c0f02c0f02c0b02c0b02c0b02c0b02c0b02c0b02c0b02c0b06c1f4fd3f4ec2b02c0b02c0b02c0b02,5ad,9b26d99e659b6719b66c9c6719c2679c26c99e679ae719ee6e9c26a9b26d9be6e9ae709a66c9ce6d,525515515c5014852d4b5554d5294e555465255655950559445214052d5455d5550d4a541435354d,1,1,1,1
19,19,0,74f,55c,685a6691a269da16e9a46fda76eda3685a36e9ba68da4691b86e1ac695b9691a6695bc6e9be6e1a5,26f,c0f02c0f02c0b02c0b02c0b02c0b02c0b02c0b02c0b02c0b06c1f4fd3f4ec2b02c0b02c0b02c0b02,5a7,9b26d99e659b6719b66c9c6719c2679c26c99e679ae719ee6e9c26a9b26d9be6e9ae709a66c9ce6d,525515515c5014852d4b5554d5294e555465255655950559445214052d5455d5550d4a541435354d,1,1,1,1
20,20,0,74f,553,685a6691a269da16e9a46fda76eda3685a36e9ba68da4691b86e1ac695b9691a6695bc6e9be6e1a5,26e,c0f02c0f02c0b02c0b02c0b02c0b02c0b02c0b02c0b02c0b06c1f4fd3f4ec2b02c0b02c0b02c0b02,5a1,9b26d99e659b6719b66c9c6719c2679c26c99e679ae719ee6e9c26a9b26d9be6e9ae709a66c9ce6d,525515515c5014852d4b5554d5294e555465255655950559445214052d5455d5550d4a541435354d,1,1,1,1
21,21,0,750,54b,685a6691a269da16e9a46fda76eda3685a36e9ba68da4691b86e1ac695b9691a6695bc6e9be6e1a5,26f,c0f02c0f02c0b02c0b02c0b02c0b02c0b02c0b02c0b02c0b06c1f4fd3f4ec2b02c0b02c0b02c0b02,5ba,9b26d99e659b6719b66c9c6719c2679c26c99e679ae719ee6e9c26a9b26d9be6e9ae709a66c9ce6d,525515515c5014852d4b5554d5294e555465255655950559445214052d5455d5550d4a541435354d,1,1,1,1
22,22,0,74c,54b,685a6691a269da16e9a46fda76eda3685a36e9ba68da4691b86e1ac695b9691a6695bc6e9be6e1a5,270,c0f02c0f02c0b02c0b02c0b02c0b02c0b02c0b02c0b02c0b06c1f4fd3f4ec2b02c0b02c0b02c0b02,5a4,9b26d99e659b6719b66c9c6719c2679c26c99e679ae719ee6e9c26a9b26d9be6e9ae709a66c9ce6d,525515515c5014852d4b5554d5294e555465255655950559445214052d5455d5550d4a541435354d,1,1,1,1
23,23,0,756,54b,685a6691a269da16e9a46fda76eda3685a36e9ba68da4691b86e1ac695b9691a6695bc6e9be6e1a5,269,c0f02c0f02c0b02c0b02c0b02c0b02c0b02c0b02c0b02c0b06c1f4fd3f4ec2b02c0b02c0b02c0b02,5bf,9b26d99e659b6719b66c9c6719c2679c26c99e679ae719ee6e9c26a9b26d9be6e9ae709a66c9ce6d,525515515c5014852d4b5554d5294e555465255655950559445214052d5455d5550d4a541435354d,1,1,1,1
24,24,0,75a,557,685a6691a269da16e9a46fda76eda3685a36e9ba68da4691b86e1ac695b9691a6695bc6e9be6e1a5,268,c0f02c0f02c0b02c0b02c0b02c0b02c0b02c0b02c0b02c0b06c1f4fd3f4ec2b02c0b02c0b02c0b02,5a7,9b26d99e659b6719b66c9c6719c2679c26c99e679ae719ee6e9c26a9b26d9be6e9ae709a66c9ce6d,525515515c5014852d4b5554d5294e555465255655950559445214052d5455d5550d4a541435354d,1,1,1,1
25,25,0,754,552,685a6691a269da16e9a46fda76eda3685a36e9ba68da4691b86e1ac695b9691a6695bc6e9be6e1a5,274,c0f02c0f02c0b02c0b02c0b02c0b02c0b02c0b02c0b02c0b06c1f4fd3f4ec2b02c0b02c0b02c0b02,5ba,9b26d99e659b6719b66c9c6719c2679c26c99e679ae719ee6e9c26a9b26d9be6e9ae709a66c9ce6d,525515515c5014852d4b5554d5294e555465255655950559445214052d5455d5550d4a541435354d,1,1,1,1
26,26,0,74c,549,685a6691a269da16e9a46fda76eda3685a36e9ba68da4691b86e1ac695b9691a6695bc6e9be6e1a5,269,c0f02c0f02c0b02c0b02c0b02c0b02c0b02c0b02c0b02c0b06c1f4fd3f4ec2b02c0b02c0b02c0b02,5a3,9b26d99e659b6719b66c9c6719c2679c26c99e679ae719ee6e9c26a9b26d9be6e9ae709a66c9ce6d,525515515c5014852d4b5554d5294e555465255655950559445214052d5455d5550d4a541435354d,1,1,1,1
27,27,0,753,549,685a6691a269da16e9a46fda76eda3685a36e9ba68da4691b86e1ac695b9691a6695bc6e9be6e1a5,274,c0f02c0f02c0b02c0b02c0b02c0b02c0b02c0b02c0b02c0b06c1f4fd3f4ec2b02c0b02c0b02c0b02,5a1,9b26d99e659b6719b66c9c6719c2679c26c99e679ae719ee6e9c26a9b26d9be6e9ae709a66c9ce6d,525515515c5014852d4b5554d5294e555465255655950559445214052d5455d5550d4a541435354d,1,1,1,1
28,28,0,752,557,685a6691a269da16e9a46fda76eda3685a36e9ba68da4691b86e1ac695b9691a6695bc6e9be6e1a5,66d,c0f02c0f02c0b02c0b02c0b02c0b02c0b02c0b02c0b02c0b06c1f4fd3f4ec2b02c0b02c0b02c0b02,5a0,9b26d99e659b6719b66c9c6719c2679c26c99e679ae719ee6e9c26a9b26d9be6e9ae709a66c9ce6d,525515515c5014852d4b5554d5294e555465255655950559445214052d5455d5550d4a541435354d,1,1,1,1
29,29,0,757,557,685a6691a269da16e9a46fda76eda3685a36e9ba68da4691b86e1ac695b9691a6695bc6e9be6e1a5,674,c0f02c0f02c0b02c0b02c0b02c0b02c0b02c0b02c0b02c0b06c1f4fd3f4ec2b02c0b02c0b02c0b02,5a5,9d26d992649b66e9b66c9c6719c2679c26c992679ae719ce6e9c66d9be6d9be6e9ae709a66c9c26d,525515515c5014852d4b5554d5294e555465255655950559445214052d5455d5550d4a541435354d,1,1,1,1
30,30,0,751,54b,685a6691a269da16e9a46fda76eda3685a36e9ba68da4691b86e1ac695b9691a6695bc6e9be6e1a5,665,c0f02c0f02c0b02c0b02c0b02c0b02c0b02c0b02c0b02c0b06c1f4fd3f4ec2b02c0b02c0b02c0b02,5bb,9d26d992649b66e9b66c9c6719c2679c26c992679ae719ce6e9c66d9be6d9be6e9ae709a66c9c26d,525515515c5014852d4b5554d5294e555465255655950559445214052d5455d5550d4a541435354d,1,1,1,1
31,31,0,34c,554,685a6691a269da16e9a46fda76eda3685a36e9ba68da4691b86e1ac695b9691a6695bc6e9be6e1a5,66d,c0f02c0f02c0b02c0b02c0b02c0b02c0b02c0b02c0b02c0b06c1f4fd3f4ec2b02c0b02c0b02c0b02,1a3,9d26d992649b66e9b66c9c6719c2679c26c992679ae719ce6e9c66d9be6d9be6e9ae709a66c9c26d,525515515c5014852d4b5554d5294e555465255655950559445214052d5455d5550d4a541435354d,1,1,1,1
32,32,0,34c,157,685a6691a269da16e9a46fda76eda3685a36e9ba68da4691b86e1ac695b9691a6695bc6e9be6e1a5,675,c0f02c0f02c0b02c0b02c0b02c0b02c0b02c0b02c0b02c0b06c1f4fd3f4ec2b02c0b02c0b02c0b02,1a4,9d26d992649b66e9b66c9c6719c2679c26c992679ae719ce6e9c66d9be6d9be6e9ae709a66c9c26d,525515515c5014852d4b5554d5294e555465255655950559445214052d5455d5550d4a541435354d,1,1,1,1
33,33,0,348,152,685a6691a269da16e9a46fda76eda3685a36e9ba68da4691b86e1ac695b9691a6695bc6e9be6e1a5,669,c0f02c0f02c0b02c0b02c0b02c0b02c0b02c0b02c0b02c0b06c1f4fd3f4ec2b02c0b02c0b02c0b02,1a5,9d26d992649b66e9b66c9c6719c2679c26c992679ae719ce6e9c66d9be6d9be6e9ae709a66c9c26d,525515515c5014852d4b5554d5294e555465255655950559445214052d5455d5550d4a541435354d,1,1,1,1
34,34,0,356,154,685a6691a269da16e9a46fda76eda3685a36e9ba68da4691b86e1ac695b9691a6695bc6e9be6e1a5,66c,c0f02c0f02c0b02c0b02c0b02c0b02c0b02c0b02c0b02c0b06c1f4fd3f4ec2b02c0b02c0b02c0b02,1b8,9d26d992649b66e9b66c9c6719c2679c26c992679ae719ce6e9c66d9be6d9be6e9ae709a66c9c26d,525515515c5014852d4b5554d5294e555465255655950559445214052d5455d5550d4a541435354d,1,1,1,1
35,35,0,357,151,685a6691a269da16e9a46fda76eda3685a36e9ba68da4691b86e1ac695b9691a6695bc6e9be6e1a5,675,c0f02c0f02c0b02c0b02c0b02c0b02c0b02c0b02c0b02c0b06c1f4fd3f4ec2b02c0b02c0b02c0b02,1b8,9d26d992649b66e9b66c9c6719c2679c26c992679ae719ce6e9c66d9be6d9be6e9ae709a66c9c26d,525515515c5014852d4b5554d5294e555465255655950559445214052d5455d5550d4a541435354d,1,1,1,1
36,36,0,352,14b,685a6691a269da16e9a46fda76eda3685a36e9ba68da4691b86e1ac695b9691a6695bc6e9be6e1a5,671,c0f02c0f02c0b02c0b02c0b02c0b02c0b02c0b02c0b02c0b06c1f4fd3f4ec2b02c0b02c0b02c0b02,1ac,9d26d992649b66e9b66c9c6719c2679c26c992679ae719ce6e9c66d9be6d9be6e9ae709a66c9c26d,525515515c5014852d4b5554d5294e555465255655950559445214052d5455d5550d4a541435354d,1,1,1,1
37,37,0,34e,150,685a6691a269da16e9a46fda76eda3685a36e9ba68da4691b86e1ac695b9691a6695bc6e9be6e1a5,670,c0f02c0f02c0b02c0b02c0b02c0b02c0b02c0b02c0b02c0b06c1f4fd3f4ec2b02c0b02c0b02c0b02,1a4,9d26d992649b66e9b66c9c6719c2679c26c992679ae719ce6e9c66d9be6d9be6e9ae709a66c9c26d,525515515c5014852d4b5554d5294e555465255655950559445214052d5455d5550d4a541435354d,1,1,1,1
38,38,0,34c,148,685a6691a269da16e9a46fda76eda3685a36e9ba68da4691b86e1ac695b9691a6695bc6e9be6e1a5,661,c0f02c0f02c0b02c0b02c0b02c0b02c0b02c0b02c0b02c0b06c1f4fd3f4ec2b02c0b02c0b02c0b02,1b9,9d26d992649b66e9b66c9c6719c2679c26c992679ae719ce6e9c66d9be6d9be6e9ae709a66c9c26d,525515515c5014852d4b5554d5294e555465255655950559445214052d5455d5550d4a541435354d,1,1,1,1
39,39,0,348,156,685a6691a269da16e9a46fda76eda3685a36e9ba68da4691b86e1ac695b9691a6695bc6e9be6e1a5,674,c0f02c0f02c0b02c0b02c0b02c0b02c0b02c0b02c0b02c0b06c1f4fd3f4ec2b02c0b02c0b02c0b02,1a4,9d26d992649b66e9b66c9c6719c2679c26c992679ae719ce6e9c66d9be6d9be6e9ae709a66c9c26d,525515515c5014852d4b5554d5294e555465255655950559445214052d5455d5550d4a541435354d,1,1,1,1
40,40,0,352,154,685a6691a269da16e9a46fda76eda3685a36e9ba68da4691b86e1ac695b9691a6695bc6e9be6e1a5,668,c0f02c0f02c0b02c0b02c0b02c0b02c0b02c0b02c0b02c0b06c1f4fd3f4ec2b02c0b02c0b02c0b02,1a1,9d26d992649b66e9b66c9c6719c2679c26c992679ae719ce6e9c66d9be6d9be6e9ae709a66c9c26d,525515515c5014852d4b5554d5294e555465255655950559445214052d5455d5550d4a541435354d,1,1,1,1
41,41,0,350,156,685a6691a269da16e9a46fda76eda3685a36e9ba68da4691b86e1ac695b9691a6695bc6e9be6e1a5,674,c0f02c0f02c0b02c0b02c0b02c0b02c0b02c0b02c0b02c0b06c1f4fd3f4ec2b02c0b02c0b02c0b02,1a4,9d26d992649b66e9b66c9c6719c2679c26c992679ae719ce6e9c66d9be6d9be6e9ae709a66c9c26d,525515515c5014852d4b5554d5294e555465255655950559445214052d5455d5550d4a541435354d,1,1,1,1
42,42,0,34a,150,685a6691a269da16e9a46fda76eda3685a36e9ba68da4691b86e1ac695b9691a6695bc6e9be6e1a5,664,c0f02c0f02c0b02c0b02c0b02c0b02c0b02c0b02c0b02c0b06c1f4fd3f4ec2b02c0b02c0b02c0b02,1be,9d26d992649b66e9b66c9c6719c2679c26c992679ae719ce6e9c66d9be6d9be6e9ae709a66c9c26d,525515515c5014852d4b5554d5294e555465255655950559445214052d5455d5550d4a541435354d,1,1,1,1
43,43,0,351,14a,685a6691a269da16e9a46fda76eda3685a36e9ba68da4691b86e1ac695b9691a6695bc6e9be6e1a5,66f,c0f02c0f02c0b02c0b02c0b02c0b02c0b02c0b02c0b02c0b06c1f4fd3f4ec2b02c0b02c0b02c0b02,1bb,9d26d992649b66e9b66c9c6719c2679c26c992679ae719ce6e9c66d9be6d9be6e9ae709a66c9c26d,525515515c5014852d4b5554d5294e555465255655950559445214052d5455d5550d4a541435354d,1,1,1,1
44,44,0,349,152,685a6691a269da16e9a46fda76eda3685a36e9ba68da4691b86e1ac695b9691a6695bc6e9be6e1a5,26a,c0f02c0f02c0b02c0b02c0b02c0b02c0b02c0b02c0b02c0b06c1f4fd3f4ec2b02c0b02c0b02c0b02,1b9,9d26d992649b66e9b66c9c6719c2679c26c992679ae719ce6e9c66d9be6d9be6e9ae709a66c9c26d,525515515c5014852d4b5554d5294e555465255655950559445214052d5455d5550d4a541435354d,1,1,1,1
45,45,0,355,151,685a6691a269da16e9a46fda76eda3685a36e9ba68da4691b86e1ac695b9691a6695bc6e9be6e1a5,274,c0f02c0f02c0b02c0b02c0b02c0b02c0b02c0b02c0b02c0b06c1f4fd3f4ec2b02c0b02c0b02c0b02,1b8,9d26d992649b66e9b66c9c6719c2679c26c992679ae719ce6e9c66d9be6d9be6e9ae709a66c9c26d,525515515c5014852d4b5554d5294e555465255655950559445214052d5455d5550d4a541435354d,1,1,1,1
46,46,0,348,14e,685a6691a269da16e9a46fda76eda3685a36e9ba68da4691b86e1ac695b9691a6695bc6e9be6e1a5,26a,c0f02c0f02c0b02c0b02c0b02c0b02c0b02c0b02c0b02c0b06c1f4fd3f4ec2b02c0b02c0b02c0b02,1a4,9d26d992649b66e9b66c9c6719c2679c26c992679ae719ce6e9c66d9be6d9be6e9ae709a66c9c26d,525515515c5014852d4b5554d5294e555465255655950559445214052d5455d5550d4a541435354d,1,1,1,1
47,47,0,753,15d,685a6691a269da16e9a46fda76eda3685a36e9ba68da4691b86e1ac695b9691a6695bc6e9be6e1a5,277,c0f02c0f02c0b02c0b02c0b02c0b02c0b02c0b02c0b02c0b06c1f4fd3f4ec2b02c0b02c0b02c0b02,5a6,9d26d992649b66e9b66c9c6719c2679c26c992679ae719ce6e9c66d9be6d9be6e9ae709a66c9c26d,525515515c5014852d4b5554d5294e555465255655950559445214052d5455d5550d4a541435354d,1,1,1,1
48,48,0,756,54a,685a6691ad69da16e9a46fda76e9a3685a0695bb68da4695b86e1ac691b9691a1691bc6edbb6e1a4,26a,c0f02c0f02c0b02c0b02c0b02c0b02c0b02c0b02c0b02c0b06c1f52d3b4ec2b02c0b02c0b02c0b02,5a6,9d26d992649b66e9b66c9c6719c2679c26c992679ae719ce6e9c66d9be6d9be6e9ae709a66c9c26d,525515515c5014852d4b5554d5294e555465255655950559445214052d5455d5550d4a541435354d,1,1,1,1
49,49,0,751,551,685a6691ad69da16e9a46fda76e9a3685a0695bb68da4695b86e1ac691b9691a1691bc6edbb6e1a4,26b,c0f02c0f02c0b02c0b02c0b02c0b02c0b02c0b02c0b02c0b06c1f52d3b4ec2b02c0b02c0b02c0b02,5a4,9d26d992649b66e9b66c9c6719c2679c26c992679ae719ce6e9c66d9be6d9be6e9ae709a66c9c26d,521515515c50d4b52d4b55d405254955d475255455d50551415254052954559545094a541415314f,1,1,1,1
50,50,0,753,555,685a6691ad69da16e9a46fda76e9a3685a0695bb68da4695b86e1ac691b9691a1691bc6edbb6e1a4,26d,c0f02c0f02c0b02c0b02c0b02c0b02c0b02c0b02c0b02c0b06c1f52d3b4ec2b02c0b02c0b02c0b02,5ad,9d26d992649b66e9b66c9c6719c2679c26c992679ae719ce6e9c66d9be6d9be6e9ae709a66c9c26d,521515515c50d4b52d4b55d405254955d475255455d50551415254052954559545094a541415314f,1,1,1,1
51,51,0,74e,55c,685a6691ad69da16e9a46fda76e9a3685a0695bb68da4695b86e1ac691b9691a1691bc6edbb6e1a4,26e,c0f02c0f02c0b02c0b02c0b02c0b02c0b02c0b02c0b02c0b06c1f52d3b4ec2b02c0b02c0b02c0b02,5a7,9d26d992649b66e9b66c9c6719c2679c26c992679ae719ce6e9c66d9be6d9be6e9ae709a66c9c26d,521515515c50d4b52d4b55d405254955d475255455d50551415254052954559545094a541415314f,1,1,1,1
52,52,0,74e,553,685a6691ad69da16e9a46fda76e9a3685a0695bb68da4695b86e1ac691b9691a1691bc6edbb6e1a4,26e,c0f02c0f02c0b02c0b02c0b02c0b02c0b02c0b02c0b02c0b06c1f52d3b4ec2b02c0b02c0b02c0b02,5a6,9d26d992649b66e9b66c9c6719c2679c26c992679ae719ce6e9c66d9be6d9be6e9ae709a66c9c26d,521515515c50d4b52d4b55d405254955d475255455d50551415254052954559545094a541415314f,1,1,1,1
53,53,0,750,54b,685a6691ad69da16e9a46fda76e9a3685a0695bb68da4695b86e1ac691b9691a1691bc6edbb6e1a4,26f,c0f02c0f02c0b02c0b02c0b02c0b02c0b02c0b02c0b02c0b06c1f52d3b4ec2b02c0b02c0b02c0b02,5bb,9d26d992649b66e9b66c9c6719c2679c26c992679ae719ce6e9c66d9be6d9be6e9ae709a66c9c26d,521515515c50d4b52d4b55d405254955d475255455d50551415254052954559545094a541415314f,1,1,1,1
54,54,0,74c,54b,685a6691ad69da16e9a46fda76e9a3685a0695bb68da4695b86e1ac691b9691a1691bc6edbb6e1a4,270,c0f02c0f02c0b02c0b02c0b02c0b02c0b02c0b02c0b02c0b06c1f52d3b4ec2b02c0b02c0b02c0b02,5a4,9d26d992649b66e9b66c9c6719c2679c26c992679ae719ce6e9c66d9be6d9be6e9ae709a66c9c26d,521515515c50d4b52d4b55d405254955d475255455d50551415254052954559545094a541415314f,1,1,1,1
55,55,0,756,54b,685a6691ad69da16e9a46fda76e9a3685a0695bb68da4695b86e1ac691b9691a1691bc6edbb6e1a4,269,c0f02c0f02c0b02c0b02c0b02c0b02c0b02c0b02c0b02c0b06c1f52d3b4ec2b02c0b02c0b02c0b02,5bf,9d26d992649b66e9b66c9c6719c2679c26c992679ae719ce6e9c66d9be6d9be6e9ae709a66c9c26d,521515515c50d4b52d4b55d405254955d475255455d50551415254052954559545094a541415314f,1,1,1,1
56,56,0,75a,557,685a6691ad69da16e9a46fda76e9a3685a0695bb68da4695b86e1ac691b9691a1691bc6edbb6e1a4,26b,c0f02c0f02c0b02c0b02c0b02c0b02c0b02c0b02c0b02c0b06c1f52d3b4ec2b02c0b02c0b02c0b02,5a7,9d26d992649b66e9b66c9c6719c2679c26c992679ae719ce6e9c66d9be6d9be6e9ae709a66c9c26d,521515515c50d4b52d4b55d405254955d475255455d50551415254052954559545094a541415314f,1,1,1,1
57,57,0,754,552,685a6691ad69da16e9a46fda76e9a3685a0695bb68da4695b86e1ac691b9691a1691bc6edbb6e1a4,274,c0f02c0f02c0b02c0b02c0b02c0b02c0b02c0b02c0b02c0b06c1f52d3b4ec2b02c0b02c0b02c0b02,5bb,9d26d992649b66e9b66c9c6719c2679c26c992679ae719ce6e9c66d9be6d9be6e9ae709a66c9c26d,521515515c50d4b52d4b55d405254955d475255455d50551415254052954559545094a541415314f,1,1,1,1
58,58,0,74c,549,685a6691ad69da16e9a46fda76e9a3685a0695bb68da4695b86e1ac691b9691a1691bc6edbb6e1a4,269,c0f02c0f02c0b02c0b02c0b02c0b02c0b02c0b02c0b02c0b06c1f52d3b4ec2b02c0b02c0b02c0b02,5a3,9d26d992649b66e9b66c9c6719c2679c26c992679ae719ce6e9c66d9be6d9be6e9ae709a66c9c26d,521515515c50d4b52d4b55d405254955d475255455d50551415254052954559545094a541415314f,1,1,1,1
59,59,0,753,548,685a6691ad69da16e9a46fda76e9a3685a0695bb68da4695b86e1ac691b9691a1691bc6edbb6e1a4,274,c0f02c0f02c0b02c0b02c0b02c0b02c0b02c0b02c0b02c0b06c1f52d3b4ec2b02c0b02c0b02c0b02,5a6,9d26d992649b66e9b66c9c6719c2679c26c992679ae719ce6e9c66d9be6d9be6e9ae709a66c9c26d,521515515c50d4b52d4b55d405254955d475255455d50551415254052954559545094a541415314f,1,1,1,1
60,60,0,752,557,685a6691ad69da16e9a46fda76e9a3685a0695bb68da4695b86e1ac691b9691a1691bc6edbb6e1a4,66d,c0f02c0f02c0b02c0b02c0b02c0b02c0b02c0b02c0b02c0b06c1f52d3b4ec2b02c0b02c0b02c0b02,5a0,9d26d992649b66e9b66c9c6719c2679c26c992679ae719ce6e9c66d9be6d9be6e9ae709a66c9c26d,521515515c50d4b52d4b55d405254955d475255455d50551415254052954559545094a541415314f,1,1,1,1
61,61,0,756,556,685a6691ad69da16e9a46fda76e9a3685a0695bb68da4695b86e1ac691b9691a1691bc6edbb6e1a4,674,c0f02c0f02c0b02c0b02c0b02c0b02c0b02c0b02c0b02c0b06c1f52d3b4ec2b02c0b02c0b02c0b02,5bb,9d26d992659b6719b66c9c6719c2679c26c992649ae6e9a26e9ce6a9be6d9ba6e9ae709a66f9a26d,521515515c50d4b52d4b55d405254955d475255455d50551415254052954559545094a541415314f,1,1,1,1
62,62,0,751,54b,685a6691ad69da16e9a46fda76e9a3685a0695bb68da4695b86e1ac691b9691a1691bc6edbb6e1a4,664,c0f02c0f02c0b02c0b02c0b02c0b02c0b02c0b02c0b02c0b06c1f52d3b4ec2b02c0b02c0b02c0b02,5bb,9d26d992659b6719b66c9c6719c2679c26c992649ae6e9a26e9ce6a9be6d9ba6e9ae709a66f9a26d,521515515c50d4b52d4b55d405254955d475255455d50551415254052954559545094a541415314f,1,1,1,1
63,63,0,34c,554,685a6691ad69da16e9a46fda76e9a3685a0695bb68da4695b86e1ac691b9691a1691bc6edbb6e1a4,66d,c0f02c0f02c0b02c0b02c0b02c0b02c0b02c0b02c0b02c0b06c1f52d3b4ec2b02c0b02c0b02c0b02,1a1,9d26d992659b6719b66c9c6719c2679c26c992649ae6e9a26e9ce6a9be6d9ba6e9ae709a66f9a26d,521515515c50d4b52d4b55d405254955d475255455d50551415254052954559545094a541415314f,1,1,1,1
64,64,0,34c,157,685a6691ad69da16e9a46fda76e9a3685a0695bb68da4695b86e1ac691b9691a1691bc6edbb6e1a4,675,c0f02c0f02c0b02c0b02c0b02c0b02c0b02c0b02c0b02c0b06c1f52d3b4ec2b02c0b02c0b02c0b02,1a4,9d26d992659b6719b66c9c6719c2679c26c992649ae6e9a26e9ce6a9be6d9ba6e9ae709a66f9a26d,521515515c50d4b52d4b55d405254955d475255455d50551415254052954559545094a541415314f,1,1,1,1
65,65,0,348,152,685a6691ad69da16e9a46fda76e9a3685a0695bb68da4695b86e1ac691b9691a1691bc6edbb6e1a4,669,c0f02c0f02c0b02c0b02c0b02c0b02c0b02c0b02c0b02c0b06c1f52d3b4ec2b02c0b02c0b02c0b02,1a4,9d26d992659b6719b66c9c6719c2679c26c992649ae6e9a26e9ce6a9be6d9ba6e9ae709a66f9a26d,521515515c50d4b52d4b55d405254955d475255455d50551415254052954559545094a541415314f,1,1,1,1
66,66,0,357,157,685a6691ad69da16e9a46fda76e9a3685a0695bb68da4695b86e1ac691b9691a1691bc6edbb6e1a4,66c,c0f02c0f02c0b02c0b02c0b02c0b02c0b02c0b02c0b02c0b06c1f52d3b4ec2b02c0b02c0b02c0b02,1bb,9d26d992659b6719b66c9c6719c2679c26c992649ae6e9a26e9ce6a9be6d9ba6e9ae709a66f9a26d,521515515c50d4b52d4b55d405254955d475255455d50551415254052954559545094a541415314f,1,1,1,1
67,67,0,357,156,685a6691ad69da16e9a46fda76e9a3685a0695bb68da4695b86e1ac691b9691a1691bc6edbb6e1a4,675,c0f02c0f02c0b02c0b02c0b02c0b02c0b02c0b02c0b02c0b06c1f52d3b4ec2b02c0b02c0b02c0b02,1b9,9d26d992659b6719b66c9c6719c2679c26c992649ae6e9a26e9ce6a9be6d9ba6e9ae709a66f9a26d,521515515c50d4b52d4b55d405254955d475255455d50551415254052954559545094a541415314f,1,1,1,1
68,68,0,352,148,685a6691ad69da16e9a46fda76e9a3685a0695bb68da4695b86e1ac691b9691a1691bc6edbb6e1a4,671,c0f02c0f02c0b02c0b02c0b02c0b02c0b02c0b02c0b02c0b06c1f52d3b4ec2b02c0b02c0b02c0b02,1ac,9d26d992659b6719b66c9c6719c2679c26c992649ae6e9a26e9ce6a9be6d9ba6e9ae709a66f9a26d,521515515c50d4b52d4b55d405254955d475255455d50551415254052954559545094a541415314f,1,1,1,1
69,69,0,34f,150,685a6691ad69da16e9a46fda76e9a3685a0695bb68da4695b86e1ac691b9691a1691bc6edbb6e1a4,670,c0f02c0f02c0b02c0b02c0b02c0b02c0b02c0b02c0b02c0b06c1f52d3b4ec2b02c0b02c0b02c0b02,1a5,9d26d992659b6719b66c9c6719c2679c26c992649ae6e9a26e9ce6a9be6d9ba6e9ae709a66f9a26d,521515515c50d4b52d4b55d405254955d475255455d50551415254052954559545094a541415314f,1,1,1,1
70,70,0,34c,148,685a6691ad69da16e9a46fda76e9a3685a0695bb68da4695b86e1ac691b9691a1691bc6edbb6e1a4,660,c0f02c0f02c0b02c0b02c0b02c0b02c0b02c0b02c0b02c0b06c1f52d3b4ec2b02c0b02c0b02c0b02,1b9,9d26d992659b6719b66c9c6719c2679c26c992649ae6e9a26e9ce6a9be6d9ba6e9ae709a66f9a26d,521515515c50d4b52d4b55d405254955d475255455d50551415254052954559545094a541415314f,1,1,1,1
71,71,0,348,156,685a6691ad69da16e9a46fda76e9a3685a0695bb68da4695b86e1ac691b9691a1691bc6edbb6e1a4,674,c0f02c0f02c0b02c0b02c0b02c0b02c0b02c0b02c0b02c0b06c1f52d3b4ec2b02c0b02c0b02c0b02,1a4,9d26d992659b6719b66c9c6719c2679c26c992649ae6e9a26e9ce6a9be6d9ba6e9ae709a66f9a26d,521515515c50d4b52d4b55d405254955d475255455d50551415254052954559545094a541415314f,1,1,1,1
72,72,0,353,154,685a6691ad69da16e9a46fda76e9a3685a0695bb68da4695b86e1ac691b9691a1691bc6edbb6e1a4,668,c0f02c0f02c0b02c0b02c0b02c0b02c0b02c0b02c0b02c0b06c1f52d3b4ec2b02c0b02c0b02c0b02,1a6,9d26d992659b6719b66c9c6719c2679c26c992649ae6e9a26e9ce6a9be6d9ba6e9ae709a66f9a26d,521515515c50d4b52d4b55d405254955d475255455d50551415254052954559545094a541415314f,1,1,1,1
73,73,0,350,156,685a6691ad69da16e9a46fda76e9a3685a0695bb68da4695b86e1ac691b9691a1691bc6edbb6e1a4,675,c0f02c0f02c0b02c0b02c0b02c0b02c0b02c0b02c0b02c0b06c1f52d3b4ec2b02c0b02c0b02c0b02,1a4,9d26d992659b6719b66c9c6719c2679c26c992649ae6e9a26e9ce6a9be6d9ba6e9ae709a66f9a26d,521515515c50d4b52d4b55d405254955d475255455d50551415254052954559545094a541415314f,1,1,1,1
74,74,0,34a,151,685a6691ad69da16e9a46fda76e9a3685a0695bb68da4695b86e1ac691b9691a1691bc6edbb6e1a4,664,c0f02c0f02c0b02c0b02c0b02c0b02c0b02c0b02c0b02c0b06c1f52d3b4ec2b02c0b02c0b02c0b02,1b9,9d26d992659b6719b66c9c6719c2679c26c992649ae6e9a26e9ce6a9be6d9ba6e9ae709a66f9a26d,521515515c50d4b52d4b55d405254955d475255455d50551415254052954559545094a541415314f,1,1,1,1
75,75,0,351,14a,685a6691ad69da16e9a46fda76e9a3685a0695bb68da4695b86e1ac691b9691a1691bc6edbb6e1a4,66f,c0f02c0f02c0b02c0b02c0b02c0b02c0b02c0b02c0b02c0b06c1f52d3b4ec2b02c0b02c0b02c0b02,1ba,9d26d992659b6719b66c9c6719c2679c26c992649ae6e9a26e9ce6a9be6d9ba6e9ae709a66f9a26d,521515515c50d4b52d4b55d405254955d475255455d50551415254052954559545094a541415314f,1,1,1,1
76,76,0,348,15d,685a6691ad69da16e9a46fda76e9a3685a0695bb68da4695b86e1ac691b9691a1691bc6edbb6e1a4,26a,c0f02c0f02c0b02c0b02c0b02c0b02c0b02c0b02c0b02c0b06c1f52d3b4ec2b02c0b02c0b02c0b02,1be,9d26d992659b6719b66c9c6719c2679c26c992649ae6e9a26e9ce6a9be6d9ba6e9ae709a66f9a26d,521515515c50d4b52d4b55d405254955d475255455d50551415254052954559545094a541415314f,1,1,1,1
77,77,0,35a,156,685a6691ad69da16e9a46fda76e9a3685a0695bb68da4695b86e1ac691b9691a1691bc6edbb6e1a4,277,c0f02c0f02c0b02c0b02c0b02c0b02c0b02c0b02c0b02c0b06c1f52d3b4ec2b02c0b02c0b02c0b02,1b8,9d26d992659b6719b66c9c6719c2679c26c992649ae6e9a26e9ce6a9be6d9ba6e9ae709a66f9a26d,521515515c50d4b52d4b55d405254955d475255455d50551415254052954559545094a541415314f,1,1,1,1
78,78,0,348,14f,685a6691ad69da16e9a46fda76e9a3685a0695bb68da4695b86e1ac691b9691a1691bc6edbb6e1a4,271,c0f02c0f02c0b02c0b02c0b02c0b02c0b02c0b02c0b02c0b06c1f52d3b4ec2b02c0b02c0b02c0b02,1a5,9d26d992659b6719b66c9c6719c2679c26c992649ae6e9a26e9ce6a9be6d9ba6e9ae709a66f9a26d,521515515c50d4b52d4b55d405254955d475255455d50551415254052954559545094a541415314f,1,1,1,1
79,79,0,752,15d,685a6691ad69da16e9a46fda76e9a3685a0695bb68da4695b86e1ac691b9691a1691bc6edbb6e1a4,271,c0f02c0f02c0b02c0b02c0b02c0b02c0b02c0b02c0b02c0b06c1f52d3b4ec2b02c0b02c0b02c0b02,5a6,9d26d992659b6719b66c9c6719c2679c26c992649ae6e9a26e9ce6a9be6d9ba6e9ae709a66f9a26d,521515515c50d4b52d4b55d405254955d475255455d50551415254052954559545094a541415314f,1,1,1,1
80,80,0,756,54a,699a6691ad69da66eda46fda76eda3699a06edbb685a4691bb6e5ac695b9691a6691b96e9be6e1a5,26a,c0f02c0f02c0b02c0b02c0b02c0b02c0b02c0b02c0b02c0b06c1f52d3f4ec2b03c0b02c0b02c0b02,5a7,9d26d992659b6719b66c9c6719c2679c26c992649ae6e9a26e9ce6a9be6d9ba6e9ae709a66f9a26d,521515515c50d4b52d4b55d405254955d475255455d50551415254052954559545094a541415314f,1,1,1,1
81,81,0,756,556,699a6691ad69da66eda46fda76eda3699a06edbb685a4691bb6e5ac695b9691a6691b96e9be6e1a5,26b,c0f02c0f02c0b02c0b02c0b02c0b02c0b02c0b02c0b02c0b06c1f52d3f4ec2b03c0b02c0b02c0b02,5a4,9d26d992659b6719b66c9c6719c2679c26c992649ae6e9a26e9ce6a9be6d9ba6e9ae709a66f9a26d,521515555c50d4b52d4b55d405254855d465255455d5255d4452140529545595450d4857d465354f,1,1,1,1
82,82,0,752,554,699a6691ad69da66eda46fda76eda3699a06edbb685a4691bb6e5ac695b9691a6691b96e9be6e1a5,26d,c0f02c0f02c0b02c0b02c0b02c0b02c0b02c0b02c0b02c0b06c1f52d3f4ec2b03c0b02c0b02c0b02,5ad,9d26d992659b6719b66c9c6719c2679c26c992649ae6e9a26e9ce6a9be6d9ba6e9ae709a66f9a26d,521515555c50d4b52d4b55d405254855d465255455d5255d4452140529545595450d4857d465354f,1,1,1,1
83,83,0,74f,55c,699a6691ad69da66eda46fda76eda3699a06edbb685a4691bb6e5ac695b9691a6691b96e9be6e1a5,26f,c0f02c0f02c0b02c0b02c0b02c0b02c0b02c0b02c0b02c0b06c1f52d3f4ec2b03c0b02c0b02c0b02,5a7,9d26d992659b6719b66c9c6719c2679c26c992649ae6e9a26e9ce6a9be6d9ba6e9ae709a66f9a26d,521515555c50d4b52d4b55d405254855d465255455d5255d4452140529545595450d4857d465354f,1,1,1,1
84,84,0,74e,550,699a6691ad69da66eda46fda76eda3699a06edbb685a4691bb6e5ac695b9691a6691b96e9be6e1a5,26e,c0f02c0f02c0b02c0b02c0b02c0b02c0b02c0b02c0b02c0b06c1f52d3f4ec2b03c0b02c0b02c0b02,5a6,9d26d992659b6719b66c9c6719c2679c26c992649ae6e9a26e9ce6a9be6d9ba6e9ae709a66f9a26d,521515555c50d4b52d4b55d405254855d465255455d5255d4452140529545595450d4857d465354f,1,1,1,1
85,85,0,750,54b,699a6691ad69da66eda46fda76eda3699a06edbb685a4691bb6e5ac695b9691a6691b96e9be6e1a5,26f,c0f02c0f02c0b02c0b02c0b02c0b02c0b02c0b02c0b02c0b06c1f52d3f4ec2b03c0b02c0b02c0b02,5bb,9d26d992659b6719b66c9c6719c2679c26c992649ae6e9a26e9ce6a9be6d9ba6e9ae709a66f9a26d,521515555c50d4b52d4b55d405254855d465255455d5255d4452140529545595450d4857d465354f,1,1,1,1
86,86,0,74c,54a,699a6691ad69da66eda46fda76eda3699a06edbb685a4691bb6e5ac695b9691a6691b96e9be6e1a5,271,c0f02c0f02c0b02c0b02c0b02c0b02c0b02c0b02c0b02c0b06c1f52d3f4ec2b03c0b02c0b02c0b02,5a4,9d26d992659b6719b66c9c6719c2679c26c992649ae6e9a26e9ce6a9be6d9ba6e9ae709a66f9a26d,521515555c50d4b52d4b55d405254855d465255455d5255d4452140529545595450d4857d465354f,1,1,1,1
87,87,0,756,54b,699a6691ad69da66eda46fda76eda3699a06edbb685a4691bb6e5ac695b9691a6691b96e9be6e1a5,262,c0f02c0f02c0b02c0b02c0b02c0b02c0b02c0b02c0b02c0b06c1f52d3f4ec2b03c0b02c0b02c0b02,5bc,9d26d992659b6719b66c9c6719c2679c26c992649ae6e9a26e9ce6a9be6d9ba6e9ae709a66f9a26d,521515555c50d4b52d4b55d405254855d465255455d5255d4452140529545595450d4857d465354f,1,1,1,1
88,88,0,75a,557,699a6691ad69da66eda46fda76eda3699a06edbb685a4691bb6e5ac695b9691a6691b96e9be6e1a5,26c,c0f02c0f02c0b02c0b02c0b02c0b02c0b02c0b02c0b02c0b06c1f52d3f4ec2b03c0b02c0b02c0b02,5a7,9d26d992659b6719b66c9c6719c2679c26c992649ae6e9a26e9ce6a9be6d9ba6e9ae709a66f9a26d,521515555c50d4b52d4b55d405254855d465255455d5255d4452140529545595450d4857d465354f,1,1,1,1
89,89,0,754,552,699a6691ad69da66eda46fda76eda3699a06edbb685a4691bb6e5ac695b9691a6691b96e9be6e1a5,277,c0f02c0f02c0b02c0b02c0b02c0b02c0b02c0b02c0b02c0b06c1f52d3f4ec2b03c0b02c0b02c0b02,5b8,9d26d992659b6719b66c9c6719c2679c26c992649ae6e9a26e9ce6a9be6d9ba6e9ae709a66f9a26d,521515555c50d4b52d4b55d405254855d465255455d5255d4452140529545595450d4857d465354f,1,1,1,1
90,90,0,74d,548,699a6691ad69da66eda46fda76eda3699a06edbb685a4691bb6e5ac695b9691a6691b96e9be6e1a5,269,c0f02c0f02c0b02c0b02c0b02c0b02c0b02c0b02c0b02c0b06c1f52d3f4ec2b03c0b02c0b02c0b02,5a3,9d26d992659b6719b66c9c6719c2679c26c992649ae6e9a26e9ce6a9be6d9ba6e9ae709a66f9a26d,521515555c50d4b52d4b55d405254855d465255455d5255d4452140529545595450d4857d465354f,1,1,1,1
91,91,0,752,54e,699a6691ad69da66eda46fda76eda3699a06edbb685a4691bb6e5ac695b9691a6691b96e9be6e1a5,274,c0f02c0f02c0b02c0b02c0b02c0b02c0b02c0b02c0b02c0b06c1f52d3f4ec2b03c0b02c0b02c0b02,5a6,9d26d992659b6719b66c9c6719c2679c26c992649ae6e9a26e9ce6a9be6d9ba6e9ae709a66f9a26d,521515555c50d4b52d4b55d405254855d465255455d5255d4452140529545595450d4857d465354f,1,1,1,1
92,92,0,752,557,699a6691ad69da66eda46fda76eda3699a06edbb685a4691bb6e5ac695b9691a6691b96e9be6e1a5,66d,c0f02c0f02c0b02c0b02c0b02c0b02c0b02c0b02c0b02c0b06c1f52d3f4ec2b03c0b02c0b02c0b02,5a0,9d26d992659b6719b66c9c6719c2679c26c992649ae6e9a26e9ce6a9be6d9ba6e9ae709a66f9a26d,521515555c50d4b52d4b55d405254855d465255455d5255d4452140529545595450d4857d465354f,1,1,1,1
93,93,0,756,556,699a6691ad69da66eda46fda76eda3699a06edbb685a4691bb6e5ac695b9691a6691b96e9be6e1a5,674,c0f02c0f02c0b02c0b02c0b02c0b02c0b02c0b02c0b02c0b06c1f52d3f4ec2b03c0b02c0b02c0b02,5bb,9d26d992649b6719b66c9c6719c2649c26c99e649ae6e9ce719c66a9be6d9be6e9ae7199a6c9ce6d,521515555c50d4b52d4b55d405254855d465255455d5255d4452140529545595450d4857d465354f,1,1,1,1
94,94,0,750,54a,699a6691ad69da66eda46fda76eda3699a06edbb685a4691bb6e5ac695b9691a6691b96e9be6e1a5,664,c0f02c0f02c0b02c0b02c0b02c0b02c0b02c0b02c0b02c0b06c1f52d3f4ec2b03c0b02c0b02c0b02,5bb,9d26d992649b6719b66c9c6719c2649c26c99e649ae6e9ce719c66a9be6d9be6e9ae7199a6c9ce6d,521515555c50d4b52d4b55d405254855d465255455d5255d4452140529545595450d4857d465354f,1,1,1,1
95,95,0,34c,554,699a6691ad69da66eda46fda76eda3699a06edbb685a4691bb6e5ac695b9691a6691b96e9be6e1a5,66d,c0f02c0f02c0b02c0b02c0b02c0b02c0b02c0b02c0b02c0b06c1f52d3f4ec2b03c0b02c0b02c0b02,1a0,9d26d992649b6719b66c9c6719c2649c26c99e649ae6e9ce719c66a9be6d9be6e9ae7199a6c9ce6d,521515555c50d4b52d4b55d405254855d465255455d5255d4452140529545595450d4857d465354f,1,1,1,1
96,96,0,34c,156,699a6691ad69da66eda46fda76eda3699a06edbb685a4691bb6e5ac695b9691a6691b96e9be6e1a5,675,c0f02c0f02c0b02c0b02c0b02c0b02c0b02c0b02c0b02c0b06c1f52d3f4ec2b03c0b02c0b02c0b02,1a4,9d26d992649b6719b66c9c6719c2649c26c99e649ae6e9ce719c66a9be6d9be6e9ae7199a6c9ce6d,521515555c50d4b52d4b55d405254855d465255455d5255d4452140529545595450d4857d465354f,1,1,1,1
97,97,0,348,152,699a6691ad69da66eda46fda76eda3699a06edbb685a4691bb6e5ac695b9691a6691b96e9be6e1a5,669,c0f02c0f02c0b02c0b02c0b02c0b02c0b02c0b02c0b02c0b06c1f52d3f4ec2b03c0b02c0b02c0b02,1a4,9d26d992649b6719b66c9c6719c2649c26c99e649ae6e9ce719c66a9be6d9be6e9ae7199a6c9ce6d,521515555c50d4b52d4b55d405254855d465255455d5255d4452140529545595450d4857d465354f,1,1,1,1
98,98,0,357,157,699a6691ad69da66eda46fda76eda3699a06edbb685a4691bb6e5ac695b9691a6691b96e9be6e1a5,66c,c0f02c0f02c0b02c0b02c0b02c0b02c0b02c0b02c0b02c0b06c1f52d3f4ec2b03c0b02c0b02c0b02,1bb,9d26d992649b6719b66c9c6719c2649c26c99e649ae6e9ce719c66a9be6d9be6e9ae7199a6c9ce6d,521515555c50d4b52d4b55d405254855d465255455d5255d4452140529545595450d4857d465354f,1,1,1,1
99,99,0,357,156,699a6691ad69da66eda46fda76eda3699a06edbb685a4691bb6e5ac695b9691a6691b96e9be6e1a5,675,c0f02c0f02c0b02c0b02c0b02c0b02c0b02c0b02c0b02c0b06c1f52d3f4ec2b03c0b02c0b02c0b02,1b9,9d26d992649b6719b66c9c6719c2649c26c99e649ae6e9ce719c66a9be6d9be6e9ae7199a6c9ce6d,521515555c50d4b52d4b55d405254855d465255455d5255d4452140529545595450d4857d465354f,1,1,1,1
100,100,0,34d,148,699a6691ad69da66eda46fda76eda3699a06edbb685a4691bb6e5ac695b9691a6691b96e9be6e1a5,671,c0f02c0f02c0b02c0b02c0b02c0b02c0b02c0b02c0b02c0b06c1f52d3f4ec2b03c0b02c0b02c0b02,1af,9d26d992649b6719b66c9c6719c2649c26c99e649ae6e9ce719c66a9be6d9be6e9ae7199a6c9ce6d,521515555c50d4b52d4b55d405254855d465255455d5255d4452140529545595450d4857d465354f,1,1,1,1
101,101,0,34f,150,699a6691ad69da66eda46fda76eda3699a06edbb685a4691bb6e5ac695b9691a6691b96e9be6e1a5,670,c0f02c0f02c0b02c0b02c0b02c0b02c0b02c0b02c0b02c0b06c1f52d3f4ec2b03c0b02c0b02c0b02,1a5,9d26d992649b6719b66c9c6719c2649c26c99e649ae6e9ce719c66a9be6d9be6e9ae7199a6c9ce6d,521515555c50d4b52d4b55d405254855d465255455d5255d4452140529545595450d4857d465354f,1,1,1,1
102,102,0,34c,148,699a6691ad69da66eda46fda76eda3699a06edbb685a4691bb6e5ac695b9691a6691b96e9be6e1a5,660,c0f02c0f02c0b02c0b02c0b02c0b02c0b02c0b02c0b02c0b06c1f52d3f4ec2b03c0b02c0b02c0b02,1b9,9d26d992649b6719b66c9c6719c2649c26c99e649ae6e9ce719c66a9be6d9be6e9ae7199a6c9ce6d,521515555c50d4b52d4b55d405254855d465255455d5255d4452140529545595450d4857d465354f,1,1,1,1
103,103,0,348,156,699a6691ad69da66eda46fda76eda3699a06edbb685a4691bb6e5ac695b9691a6691b96e9be6e1a5,677,c0f02c0f02c0b02c0b02c0b02c0b02c0b02c0b02c0b02c0b06c1f52d3f4ec2b03c0b02c0b02c0b02,1a4,9d26d992649b6719b66c9c6719c2649c26c99e649ae6e9ce719c66a9be6d9be6e9ae7199a6c9ce6d,521515555c50d4b52d4b55d405254855d465255455d5255d4452140529545595450d4857d465354f,1,1,1,1
104,104,0,352,155,699a6691ad69da66eda46fda76eda3699a06edbb685a4691bb6e5ac695b9691a6691b96e9be6e1a5,668,c0f02c0f02c0b02c0b02c0b02c0b02c0b02c0b02c0b02c0b06c1f52d3f4ec2b03c0b02c0b02c0b02,1a6,9d26d992649b6719b66c9c6719c2649c26c99e649ae6e9ce719c66a9be6d9be6e9ae7199a6c9ce6d,521515555c50d4b52d4b55d405254855d465255455d5255d4452140529545595450d4857d465354f,1,1,1,1
105,105,0,350,156,699a6691ad69da66eda46fda76eda3699a06edbb685a4691bb6e5ac695b9691a6691b96e9be6e1a5,674,c0f02c0f02c0b02c0b02c0b02c0b02c0b02c0b02c0b02c0b06c1f52d3f4ec2b03c0b02c0b02c0b02,1a5,9d26d992649b6719b66c9c6719c2649c26c99e649ae6e9ce719c66a9be6d9be6e9ae7199a6c9ce6d,521515555c50d4b52d4b55d405254855d465255455d5255d4452140529545595450d4857d465354f,1,1,1,1
106,106,0,34a,150,699a6691ad69da66eda46fda76eda3699a06edbb685a4691bb6e5ac695b9691a6691b96e9be6e1a5,667,c0f02c0f02c0b02c0b02c0b02c0b02c0b02c0b02c0b02c0b06c1f52d3f4ec2b03c0b02c0b02c0b02,1b9,9d26d992649b6719b66c9c6719c2649c26c99e649ae6e9ce719c66a9be6d9be6e9ae7199a6c9ce6d,521515555c50d4b52d4b55d405254855d465255455d5255d4452140529545595450d4857d465354f,1,1,1,1
107,107,0,351,14a,699a6691ad69da66eda46fda76eda3699a06edbb685a4691bb6e5ac695b9691a6691b96e9be6e1a5,66c,c0f02c0f02c0b02c0b02c0b02c0b02c0b02c0b02c0b02c0b06c1f52d3f4ec2b03c0b02c0b02c0b02,1a5,9d26d992649b6719b66c9c6719c2649c26c99e649ae6e9ce719c66a9be6d9be6e9ae7199a6c9ce6d,521515555c50d4b52d4b55d405254855d465255455d5255d4452140529545595450d4857d465354f,1,1,1,1
108,108,0,348,15d,699a6691ad69da66eda46fda76eda3699a06edbb685a4691bb6e5ac695b9691a6691b96e9be6e1a5,271,c0f02c0f02c0b02c0b02c0b02c0b02c0b02c0b02c0b02c0b06c1f52d3f4ec2b03c0b02c0b02c0b02,1be,9d26d992649b6719b66c9c6719c2649c26c99e649ae6e9ce719c66a9be6d9be6e9ae7199a6c9ce6d,521515555c50d4b52d4b55d405254855d465255455d5255d4452140529545595450d4857d465354f,1,1,1,1
109,109,0,355,151,699a6691ad69da66eda46fda76eda3699a06edbb685a4691bb6e5ac695b9691a6691b96e9be6e1a5,270,c0f02c0f02c0b02c0b02c0b02c0b02c0b02c0b02c0b02c0b06c1f52d3f4ec2b03c0b02c0b02c0b02,1b9,9d26d992649b6719b66c9c6719c2649c26c99e649ae6e9ce719c66a9be6d9be6e9ae7199a6c9ce6d,521515555c50d4b52d4b55d405254855d465255455d5255d4452140529545595450d4857d465354f,1,1,1,1
110,110,0,348,14f,699a6691ad69da66eda46fda76eda3699a06edbb685a4691bb6e5ac695b9691a6691b96e9be6e1a5,26a,c0f02c0f02c0b02c0b02c0b02c0b02c0b02c0b02c0b02c0b06c1f52d3f4ec2b03c0b02c0b02c0b02,1a5,9d26d992649b6719b66c9c6719c2649c26c99e649ae6e9ce719c66a9be6d9be6e9ae7199a6c9ce6d,521515555c50d4b52d4b55d405254855d465255455d5255d4452140529545595450d4857d465354f,1,1,1,1
111,111,0,753,15d,699a6691ad69da66eda46fda76eda3699a06edbb685a4691bb6e5ac695b9691a6691b96e9be6e1a5,275,c0f02c0f02c0b02c0b02c0b02c0b02c0b02c0b02c0b02c0b06c1f52d3f4ec2b03c0b02c0b02c0b02,5a1,9d26d992649b6719b66c9c6719c2649c26c99e649ae6e9ce719c66a9be6d9be6e9ae7199a6c9ce6d,521515555c50d4b52d4b55d405254855d465255455d5255d4452140529545595450d4857d465354f,1,1,1,1
112,112,0,756,54a,699a7691ad69da66eda46f1a76e1a3699a06edbb681a4691bb6e5af695b9691a6695b969dbe6e5a5,26a,c0f02c0f02c0b02c0b02c0b02c0b02c0b02c0b02c0b02c0b06c1f5fd3f4ec2b02c0b02c0b02c0b02,5a6,9d26d992649b6719b66c9c6719c2649c26c99e649ae6e9ce719c66a9be6d9be6e9ae7199a6c9ce6d,521515555c50d4b52d4b55d405254855d465255455d5255d4452140529545595450d4857d465354f,1,1,1,1
113,113,0,751,551,699a7691ad69da66eda46f1a76e1a3699a06edbb681a4691bb6e5af695b9691a6695b969dbe6e5a5,26b,c0f02c0f02c0b02c0b02c0b02c0b02c0b02c0b02c0b02c0b06c1f5fd3f4ec2b02c0b02c0b02c0b02,5a4,9d26d992649b6719b66c9c6719c2649c26c99e649ae6e9ce719c66a9be6d9be6e9ae7199a6c9ce6d,529545515c5094b5294b55d405294e55d46521545595255d54521405295455d5450948575415354d,1,1,1,1
114,114,0,752,554,699a7691ad69da66eda46f1a76e1a3699a06edbb681a4691bb6e5af695b9691a6695b969dbe6e5a5,26d,c0f02c0f02c0b02c0b02c0b02c0b02c0b02c0b02c0b02c0b06c1f5fd3f4ec2b02c0b02c0b02c0b02,5a2,9d26d992649b6719b66c9c6719c2649c26c99e649ae6e9ce719c66a9be6d9be6e9ae7199a6c9ce6d,529545515c5094b5294b55d405294e55d46521545595255d54521405295455d5450948575415354d,1,1,1,1
115,115,0,74f,55d,699a7691ad69da66eda46f1a76e1a3699a06edbb681a4691bb6e5af695b9691a6695b969dbe6e5a5,26f,c0f02c0f02c0b02c0b02c0b02c0b02c0b02c0b02c0b02c0b06c1f5fd3f4ec2b02c0b02c0b02c0b02,5a7,9d26d992649b6719b66c9c6719c2649c26c99e649ae6e9ce719c66a9be6d9be6e9ae7199a6c9ce6d,529545515c5094b5294b55d405294e55d46521545595255d54521405295455d5450948575415354d,1,1,1,1
116,116,0,74e,550,699a7691ad69da66eda46f1a76e1a3699a06edbb681a4691bb6e5af695b9691a6695b969dbe6e5a5,275,c0f02c0f02c0b02c0b02c0b02c0b02c0b02c0b02c0b02c0b06c1f5fd3f4ec2b02c0b02c0b02c0b02,5a6,9d26d992649b6719b66c9c6719c2649c26c99e649ae6e9ce719c66a9be6d9be6e9ae7199a6c9ce6d,529545515c5094b5294b55d405294e55d46521545595255d54521405295455d5450948575415354d,1,1,1,1
117,117,0,750,54b,699a7691ad69da66eda46f1a76e1a3699a06edbb681a4691bb6e5af695b9691a6695b969dbe6e5a5,26b,c0f02c0f02c0b02c0b02c0b02c0b02c0b02c0b02c0b02c0b06c1f5fd3f4ec2b02c0b02c0b02c0b02,5bb,9d26d992649b6719b66c9c6719c2649c26c99e649ae6e9ce719c66a9be6d9be6e9ae7199a6c9ce6d,529545515c5094b5294b55d405294e55d46521545595255d54521405295455d5450948575415354d,1,1,1,1
118,118,0,74c,54a,699a7691ad69da66eda46f1a76e1a3699a06edbb681a4691bb6e5af695b9691a6695b969dbe6e5a5,270,c0f02c0f02c0b02c0b02c0b02c0b02c0b02c0b02c0b02c0b06c1f5fd3f4ec2b02c0b02c0b02c0b02,5a4,9d26d992649b6719b66c9c6719c2649c26c99e649ae6e9ce719c66a9be6d9be6e9ae7199a6c9ce6d,529545515c5094b5294b55d405294e55d46521545595255d54521405295455d5450948575415354d,1,1,1,1
119,119,0,756,54b,699a7691ad69da66eda46f1a76e1a3699a06edbb681a4691bb6e5af695b9691a6695b969dbe6e5a5,269,c0f02c0f02c0b02c0b02c0b02c0b02c0b02c0b02c0b02c0b06c1f5fd3f4ec2b02c0b02c0b02c0b02,5bf,9d26d992649b6719b66c9c6719c2649c26c99e649ae6e9ce719c66a9be6d9be6e9ae7199a6c9ce6d,529545515c5094b5294b55d405294e55d46521545595255d54521405295455d5450948575415354d,1,1,1,1
120,120,0,75a,557,699a7691ad69da66eda46f1a76e1a3699a06edbb681a4691bb6e5af695b9691a6695b969dbe6e5a5,268,c0f02c0f02c0b02c0b02c0b02c0b02c0b02c0b02c0b02c0b06c1f5fd3f4ec2b02c0b02c0b02c0b02,5a7,9d26d992649b6719b66c9c6719c2649c26c99e649ae6e9ce719c66a9be6d9be6e9ae7199a6c9ce6d,529545515c5094b5294b55d405294e55d46521545595255d54521405295455d5450948575415354d,1,1,1,1
121,121,0,754,552,699a7691ad69da66eda46f1a76e1a3699a06edbb681a4691bb6e5af695b9691a6695b969dbe6e5a5,274,c0f02c0f02c0b02c0b02c0b02c0b02c0b02c0b02c0b02c0b06c1f5fd3f4ec2b02c0b02c0b02c0b02,5bb,9d26d992649b6719b66c9c6719c2649c26c99e649ae6e9ce719c66a9be6d9be6e9ae7199a6c9ce6d,529545515c5094b5294b55d405294e55d46521545595255d54521405295455d5450948575415354d,1,1,1,1
122,122,0,74d,548,699a7691ad69da66eda46f1a76e1a3699a06edbb681a4691bb6e5af695b9691a6695b969dbe6e5a5,269,c0f02c0f02c0b02c0b02c0b02c0b02c0b02c0b02c0b02c0b06c1f5fd3f4ec2b02c0b02c0b02c0b02,5a2,9d26d992649b6719b66c9c6719c2649c26c99e649ae6e9ce719c66a9be6d9be6e9ae7199a6c9ce6d,529545515c5094b5294b55d405294e55d46521545595255d54521405295455d5450948575415354d,1,1,1,1
123,123,0,753,54e,699a7691ad69da66eda46f1a76e1a3699a06edbb681a4691bb6e5af695b9691a6695b969dbe6e5a5,274,c0f02c0f02c0b02c0b02c0b02c0b02c0b02c0b02c0b02c0b06c1f5fd3f4ec2b02c0b02c0b02c0b02,5a1,9d26d992649b6719b66c9c6719c2649c26c99e649ae6e9ce719c66a9be6d9be6e9ae7199a6c9ce6d,529545515c5094b5294b55d405294e55d46521545595255d54521405295455d5450948575415354d,1,1,1,1
124,124,0,752,557,699a7691ad69da66eda46f1a76e1a3699a06edbb681a4691bb6e5af695b9691a6695b969dbe6e5a5,66d,c0f02c0f02c0b02c0b02c0b02c0b02c0b02c0b02c0b02c0b06c1f5fd3f4ec2b02c0b02c0b02c0b02,5a0,9d26d992649b6719b66c9c6719c2649c26c99e649ae6e9ce719c66a9be6d9be6e9ae7199a6c9ce6d,529545515c5094b5294b55d405294e55d46521545595255d54521405295455d5450948575415354d,1,1,1,1
125,125,0,756,556,699a7691ad69da66eda46f1a76e1a3699a06edbb681a4691bb6e5af695b9691a6695b969dbe6e5a5,674,c0f02c0f02c0b02c0b02c0b02c0b02c0b02c0b02c0b02c0b06c1f5fd3f4ec2b02c0b02c0b02c0b02,5bb,9d26d992649b6719b66c9c6719c2649ce6c992679a2719c26e9c66a9be6d9be719ae709a66c9c26d,529545515c5094b5294b55d405294e55d46521545595255d54521405295455d5450948575415354d,1,1,1,1
126,126,0,756,54b,699a7691ad69da66eda46f1a76e1a3699a06edbb681a4691bb6e5af695b9691a6695b969dbe6e5a5,664,c0f02c0f02c0b02c0b02c0b02c0b02c0b02c0b02c0b02c0b06c1f5fd3f4ec2b02c0b02c0b02c0b02,5bb,9d26d992649b6719b66c9c6719c2649ce6c992679a2719c26e9c66a9be6d9be719ae709a66c9c26d,529545515c5094b5294b55d405294e55d46521545595255d54521405295455d5450948575415354d,1,1,1,1
127,127,0,34c,554,699a7691ad69da66eda46f1a76e1a3699a06edbb681a4691bb6e5af695b9691a6695b969dbe6e5a5,66d,c0f02c0f02c0b02c0b02c0b02c0b02c0b02c0b02c0b02c0b06c1f5fd3f4ec2b02c0b02c0b02c0b02,1a0,9d26d992649b6719b66c9c6719c2649ce6c992679a2719c26e9c66a9be6d9be719ae709a66c9c26d,529545515c5094b5294b55d405294e55d46521545595255d54521405295455d5450948575415354d,1,1,1,1
128,128,0,34c,156,699a7691ad69da66eda46f1a76e1a3699a06edbb681a4691bb6e5af695b9691a6695b969dbe6e5a5,675,c0f02c0f02c0b02c0b02c0b02c0b02c0b02c0b02c0b02c0b06c1f5fd3f4ec2b02c0b02c0b02c0b02,1a7,9d26d992649b6719b66c9c6719c2649ce6c992679a2719c26e9c66a9be6d9be719ae709a66c9c26d,529545515c5094b5294b55d405294e55d46521545595255d54521405295455d5450948575415354d,1,1,1,1
129,129,0,348,153,699a7691ad69da66eda46f1a76e1a3699a06edbb681a4691bb6e5af695b9691a6695b969dbe6e5a5,669,c0f02c0f02c0b02c0b02c0b02c0b02c0b02c0b02c0b02c0b06c1f5fd3f4ec2b02c0b02c0b02c0b02,1a5,9d26d992649b6719b66c9c6719c2649ce6c992679a2719c26e9c66a9be6d9be719ae709a66c9c26d,529545515c5094b5294b55d405294e55d46521545595255d54521405295455d5450948575415354d,1,1,1,1
130,130,0,357,154,699a7691ad69da66eda46f1a76e1a3699a06edbb681a4691bb6e5af695b9691a6695b969dbe6e5a5,66c,c0f02c0f02c0b02c0b02c0b02c0b02c0b02c0b02c0b02c0b06c1f5fd3f4ec2b02c0b02c0b02c0b02,1bb,9d26d992649b6719b66c9c6719c2649ce6c992679a2719c26e9c66a9be6d9be719ae709a66c9c26d,529545515c5094b5294b55d405294e55d46521545595255d54521405295455d5450948575415354d,1,1,1,1
131,131,0,357,156,699a7691ad69da66eda46f1a76e1a3699a06edbb681a4691bb6e5af695b9691a6695b969dbe6e5a5,675,c0f02c0f02c0b02c0b02c0b02c0b02c0b02c0b02c0b02c0b06c1f5fd3f4ec2b02c0b02c0b02c0b02,1b9,9d26d992649b6719b66c9c6719c2649ce6c992679a2719c26e9c66a9be6d9be719ae709a66c9c26d,529545515c5094b5294b55d405294e55d46521545595255d54521405295455d5450948575415354d,1,1,1,1
132,132,0,34d,14b,699a7691ad69da66eda46f1a76e1a3699a06edbb681a4691bb6e5af695b9691a6695b969dbe6e5a5,671,c0f02c0f02c0b02c0b02c0b02c0b02c0b02c0b02c0b02c0b06c1f5fd3f4ec2b02c0b02c0b02c0b02,1ac,9d26d992649b6719b66c9c6719c2649ce6c992679a2719c26e9c66a9be6d9be719ae709a66c9c26d,529545515c5094b5294b55d405294e55d46521545595255d54521405295455d5450948575415354d,1,1,1,1
133,133,0,34c,150,699a7691ad69da66eda46f1a76e1a3699a06edbb681a4691bb6e5af695b9691a6695b969dbe6e5a5,670,c0f02c0f02c0b02c0b02c0b02c0b02c0b02c0b02c0b02c0b06c1f5fd3f4ec2b02c0b02c0b02c0b02,1a5,9d26d992649b6719b66c9c6719c2649ce6c992679a2719c26e9c66a9be6d9be719ae709a66c9c26d,529545515c5094b5294b55d405294e55d46521545595255d54521405295455d5450948575415354d,1,1,1,1
134,134,0,34c,148,699a7691ad69da66eda46f1a76e1a3699a06edbb681a4691bb6e5af695b9691a6695b969dbe6e5a5,660,c0f02c0f02c0b02c0b02c0b02c0b02c0b02c0b02c0b02c0b06c1f5fd3f4ec2b02c0b02c0b02c0b02,1b9,9d26d992649b6719b66c9c6719c2649ce6c992679a2719c26e9c66a9be6d9be719ae709a66c9c26d,529545515c5094b5294b55d405294e55d46521545595255d54521405295455d5450948575415354d,1,1,1,1
135,135,0,348,156,699a7691ad69da66eda46f1a76e1a3699a06edbb681a4691bb6e5af695b9691a6695b969dbe6e5a5,674,c0f02c0f02c0b02c0b02c0b02c0b02c0b02c0b02c0b02c0b06c1f5fd3f4ec2b02c0b02c0b02c0b02,1a4,9d26d992649b6719b66c9c6719c2649ce6c992679a2719c26e9c66a9be6d9be719ae709a66c9c26d,529545515c5094b5294b55d405294e55d46521545595255d54521405295455d5450948575415354d,1,1,1,1
136,136,0,352,155,699a7691ad69da66eda46f1a76e1a3699a06edbb681a4691bb6e5af695b9691a6695b969dbe6e5a5,668,c0f02c0f02c0b02c0b02c0b02c0b02c0b02c0b02c0b02c0b06c1f5fd3f4ec2b02c0b02c0b02c0b02,1a1,9d26d992649b6719b66c9c6719c2649ce6c992679a2719c26e9c66a9be6d9be719ae709a66c9c26d,529545515c5094b5294b55d405294e55d46521545595255d54521405295455d5450948575415354d,1,1,1,1
137,137,0,350,157,699a7691ad69da66eda46f1a76e1a3699a06edbb681a4691bb6e5af695b9691a6695b969dbe6e5a5,675,c0f02c0f02c0b02c0b02c0b02c0b02c0b02c0b02c0b02c0b06c1f5fd3f4ec2b02c0b02c0b02c0b02,1a5,9d26d992649b6719b66c9c6719c2649ce6c992679a2719c26e9c66a9be6d9be719ae709a66c9c26d,529545515c5094b5294b55d405294e55d46521545595255d54521405295455d5450948575415354d,1,1,1,1
138,138,0,34a,150,699a7691ad69da66eda46f1a76e1a3699a06edbb681a4691bb6e5af695b9691a6695b969dbe6e5a5,664,c0f02c0f02c0b02c0b02c0b02c0b02c0b02c0b02c0b02c0b06c1f5fd3f4ec2b02c0b02c0b02c0b02,1be,9d26d992649b6719b66c9c6719c2649ce6c992679a2719c26e9c66a9be6d9be719ae709a66c9c26d,529545515c5094b5294b55d405294e55d46521545595255d54521405295455d5450948575415354d,1,1,1,1
139,139,0,350,14a,699a7691ad69da66eda46f1a76e1a3699a06edbb681a4691bb6e5af695b9691a6695b969dbe6e5a5,66d,c0f02c0f02c0b02c0b02c0b02c0b02c0b02c0b02c0b02c0b06c1f5fd3f4ec2b02c0b02c0b02c0b02,1ba,9d26d992649b6719b66c9c6719c2649ce6c992679a2719c26e9c66a9be6d9be719ae709a66c9c26d,529545515c5094b5294b55d405294e55d46521545595255d54521405295455d5450948575415354d,1,1,1,1
140,140,0,349,15d,699a7691ad69da66eda46f1a76e1a3699a06edbb681a4691bb6e5af695b9691a6695b969dbe6e5a5,271,c0f02c0f02c0b02c0b02c0b02c0b02c0b02c0b02c0b02c0b06c1f5fd3f4ec2b02c0b02c0b02c0b02,1b9,9d26d992649b6719b66c9c6719c2649ce6c992679a2719c26e9c66a9be6d9be719ae709a66c9c26d,529545515c5094b5294b55d405294e55d46521545595255d54521405295455d5450948575415354d,1,1,1,1
141,141,0,35a,156,699a7691ad69da66eda46f1a76e1a3699a06edbb681a4691bb6e5af695b9691a6695b969dbe6e5a5,270,c0f02c0f02c0b02c0b02c0b02c0b02c0b02c0b02c0b02c0b06c1f5fd3f4ec2b02c0b02c0b02c0b02,1b8,9d26d992649b6719b66c9c6719c2649ce6c992679a2719c26e9c66a9be6d9be719ae709a66c9c26d,529545515c5094b5294b55d405294e55d46521545595255d54521405295455d5450948575415354d,1,1,1,1
142,142,0,34b,14c,699a7691ad69da66eda46f1a76e1a3699a06edbb681a4691bb6e5af695b9691a6695b969dbe6e5a5,26a,c0f02c0f02c0b02c0b02c0b02c0b02c0b02c0b02c0b02c0b06c1f5fd3f4ec2b02c0b02c0b02c0b02,1a5,9d26d992649b6719b66c9c6719c2649ce6c992679a2719c26e9c66a9be6d9be719ae709a66c9c26d,529545515c5094b5294b55d405294e55d46521545595255d54521405295455d5450948575415354d,1,1,1,1
143,143,0,750,15d,699a7691ad69da66eda46f1a76e1a3699a06edbb681a4691bb6e5af695b9691a6695b969dbe6e5a5,275,c0f02c0f02c0b02c0b02c0b02c0b02c0b02c0b02c0b02c0b06c1f5fd3f4ec2b02c0b02c0b02c0b02,5a1,9d26d992649b6719b66c9c6719c2649ce6c992679a2719c26e9c66a9be6d9be719ae709a66c9c26d,529545515c5094b5294b55d405294e55d46521545595255d54521405295455d5450948575415354d,1,1,1,1
144,144,0,756,54a,685a6691a269da66eda46fda76eda2685a06edbb681a7695bb6e5ac695b9691a1695bc6e9bb6e1a5,269,c0f02c0f02c0b02c0b02c0b02c0b02c0b02c0b02c0b02c0b06c1f5fd3b4ec2b02c0b02c0b02c0b02,5a6,9d26d992649b6719b66c9c6719c2649ce6c992679a2719c26e9c66a9be6d9be719ae709a66c9c26d,529545515c5094b5294b55d405294e55d46521545595255d54521405295455d5450948575415354d,1,1,1,1
145,145,0,750,551,685a6691a269da66eda46fda76eda2685a06edbb681a7695bb6e5ac695b9691a1695bc6e9bb6e1a5,26f,c0f02c0f02c0b02c0b02c0b02c0b02c0b02c0b02c0b02c0b06c1f5fd3b4ec2b02c0b02c0b02c0b02,5a4,9d26d992649b6719b66c9c6719c2649ce6c992679a2719c26e9c66a9be6d9be719ae709a66c9c26d,521515515d5014b5294b55d405294e55d46525545595155946525405095455d555094857d445314f,1,1,1,1
146,146,0,752,554,685a6691a269da66eda46fda76eda2685a06edbb681a7695bb6e5ac695b9691a1695bc6e9bb6e1a5,26e,c0f02c0f02c0b02c0b02c0b02c0b02c0b02c0b02c0b02c0b06c1f5fd3b4ec2b02c0b02c0b02c0b02,5ad,9d26d992649b6719b66c9c6719c2649ce6c992679a2719c26e9c66a9be6d9be719ae709a66c9c26d,521515515d5014b5294b55d405294e55d46525545595155946525405095455d555094857d445314f,1,1,1,1
147,147,0,74f,55c,685a6691a269da66eda46fda76eda2685a06edbb681a7695bb6e5ac695b9691a1695bc6e9bb6e1a5,26b,c0f02c0f02c0b02c0b02c0b02c0b02c0b02c0b02c0b02c0b06c1f5fd3b4ec2b02c0b02c0b02c0b02,5a7,9d26d992649b6719b66c9c6719c2649ce6c992679a2719c26e9c66a9be6d9be719ae709a66c9c26d,521515515d5014b5294b55d405294e55d46525545595155946525405095455d555094857d445314f,1,1,1,1
148,148,0,74f,550,685a6691a269da66eda46fda76eda2685a06edbb681a7695bb6e5ac695b9691a1695bc6e9bb6e1a5,275,c0f02c0f02c0b02c0b02c0b02c0b02c0b02c0b02c0b02c0b06c1f5fd3b4ec2b02c0b02c0b02c0b02,5a6,9d26d992649b6719b66c9c6719c2649ce6c992679a2719c26e9c66a9be6d9be719ae709a66c9c26d,521515515d5014b5294b55d405294e55d46525545595155946525405095455d555094857d445314f,1,1,1,1
149,149,0,750,54b,685a6691a269da66eda46fda76eda2685a06edbb681a7695bb6e5ac695b9691a1695bc6e9bb6e1a5,26b,c0f02c0f02c0b02c0b02c0b02c0b02c0b02c0b02c0b02c0b06c1f5fd3b4ec2b02c0b02c0b02c0b02,5ba,9d26d992649b6719b66c9c6719c2649ce6c992679a2719c26e9c66a9be6d9be719ae709a66c9c26d,521515515d5014b5294b55d405294e55d46525545595155946525405095455d555094857d445314f,1,1,1,1
150,150,0,74c,54b,685a6691a269da66eda46fda76eda2685a06edbb681a7695bb6e5ac695b9691a1695bc6e9bb6e1a5,270,c0f02c0f02c0b02c0b02c0b02c0b02c0b02c0b02c0b02c0b06c1f5fd3b4ec2b02c0b02c0b02c0b02,5a4,9d26d992649b6719b66c9c6719c2649ce6c992679a2719c26e9c66a9be6d9be719ae709a66c9c26d,521515515d5014b5294b55d405294e55d46525545595155946525405095455d555094857d445314f,1,1,1,1
151,151,0,756,54b,685a6691a269da66eda46fda76eda2685a06edbb681a7695bb6e5ac695b9691a1695bc6e9bb6e1a5,269,c0f02c0f02c0b02c0b02c0b02c0b02c0b02c0b02c0b02c0b06c1f5fd3b4ec2b02c0b02c0b02c0b02,5bf,9d26d992649b6719b66c9c6719c2649ce6c992679a2719c26e9c66a9be6d9be719ae709a66c9c26d,521515515d5014b5294b55d405294e55d46525545595155946525405095455d555094857d445314f,1,1,1,1
152,152,0,75a,556,685a6691a269da66eda46fda76eda2685a06edbb681a7695bb6e5ac695b9691a1695bc6e9bb6e1a5,268,c0f02c0f02c0b02c0b02c0b02c0b02c0b02c0b02c0b02c0b06c1f5fd3b4ec2b02c0b02c0b02c0b02,5a7,9d26d992649b6719b66c9c6719c2649ce6c992679a2719c26e9c66a9be6d9be719ae709a66c9c26d,521515515d5014b5294b55d405294e55d46525545595155946525405095455d555094857d445314f,1,1,1,1
153,153,0,754,552,685a6691a269da66eda46fda76eda2685a06edbb681a7695bb6e5ac695b9691a1695bc6e9bb6e1a5,274,c0f02c0f02c0b02c0b02c0b02c0b02c0b02c0b02c0b02c0b06c1f5fd3b4ec2b02c0b02c0b02c0b02,5bb,9d26d992649b6719b66c9c6719c2649ce6c992679a2719c26e9c66a9be6d9be719ae709a66c9c26d,521515515d5014b5294b55d405294e55d46525545595155946525405095455d555094857d445314f,1,1,1,1
154,154,0,74c,548,685a6691a269da66eda46fda76eda2685a06edbb681a7695bb6e5ac695b9691a1695bc6e9bb6e1a5,269,c0f02c0f02c0b02c0b02c0b02c0b02c0b02c0b02c0b02c0b06c1f5fd3b4ec2b02c0b02c0b02c0b02,5a3,9d26d992649b6719b66c9c6719c2649ce6c992679a2719c26e9c66a9be6d9be719ae709a66c9c26d,521515515d5014b5294b55d405294e55d46525545595155946525405095455d555094857d445314f,1,1,1,1
155,155,0,753,54e,685a6691a269da66eda46fda76eda2685a06edbb681a7695bb6e5ac695b9691a1695bc6e9bb6e1a5,275,c0f02c0f02c0b02c0b02c0b02c0b02c0b02c0b02c0b02c0b06c1f5fd3b4ec2b02c0b02c0b02c0b02,5a6,9d26d992649b6719b66c9c6719c2649ce6c992679a2719c26e9c66a9be6d9be719ae709a66c9c26d,521515515d5014b5294b55d405294e55d46525545595155946525405095455d555094857d445314f,1,1,1,1
156,156,0,752,557,685a6691a269da66eda46fda76eda2685a06edbb681a7695bb6e5ac695b9691a1695bc6e9bb6e1a5,66d,c0f02c0f02c0b02c0b02c0b02c0b02c0b02c0b02c0b02c0b06c1f5fd3b4ec2b02c0b02c0b02c0b02,5a0,9d26d992649b6719b66c9c6719c2649ce6c992679a2719c26e9c66a9be6d9be719ae709a66c9c26d,521515515d5014b5294b55d405294e55d46525545595155946525405095455d555094857d445314f,1,1,1,1
157,157,0,756,556,685a6691a269da66eda46fda76eda2685a06edbb681a7695bb6e5ac695b9691a1695bc6e9bb6e1a5,675,c0f02c0f02c0b02c0b02c0b02c0b02c0b02c0b02c0b02c0b06c1f5fd3b4ec2b02c0b02c0b02c0b02,5ba,9d26d992649b6719b66c9c6719c2649c26c996649ae719c26e9c66d9be6a9be719ae709a66c9e26d,521515515d5014b5294b55d405294e55d46525545595155946525405095455d555094857d445314f,1,1,1,1
158,158,0,756,54b,685a6691a269da66eda46fda76eda2685a06edbb681a7695bb6e5ac695b9691a1695bc6e9bb6e1a5,664,c0f02c0f02c0b02c0b02c0b02c0b02c0b02c0b02c0b02c0b06c1f5fd3b4ec2b02c0b02c0b02c0b02,5bb,9d26d992649b6719b66c9c6719c2649c26c996649ae719c26e9c66d9be6a9be719ae709a66c9e26d,521515515d5014b5294b55d405294e55d46525545595155946525405095455d555094857d445314f,1,1,1,1
159,159,0,34c,554,685a6691a269da66eda46fda76eda2685a06edbb681a7695bb6e5ac695b9691a1695bc6e9bb6e1a5,66d,c0f02c0f02c0b02c0b02c0b02c0b02c0b02c0b02c0b02c0b06c1f5fd3b4ec2b02c0b02c0b02c0b02,1a0,9d26d992649b6719b66c9c6719c2649c26c996649ae719c26e9c66d9be6a9be719ae709a66c9e26d,521515515d5014b5294b55d405294e55d46525545595155946525405095455d555094857d445314f,1,1,1,1
160,160,0,34c,156,685a6691a269da66eda46fda76eda2685a06edbb681a7695bb6e5ac695b9691a1695bc6e9bb6e1a5,66e,c0f02c0f02c0b02c0b02c0b02c0b02c0b02c0b02c0b02c0b06c1f5fd3b4ec2b02c0b02c0b02c0b02,1a4,9d26d992649b6719b66c9c6719c2649c26c996649ae719c26e9c66d9be6a9be719ae709a66c9e26d,521515515d5014b5294b55d405294e55d46525545595155946525405095455d555094857d445314f,1,1,1,1
161,161,0,348,153,685a6691a269da66eda46fda76eda2685a06edbb681a7695bb6e5ac695b9691a1695bc6e9bb6e1a5,66d,c0f02c0f02c0b02c0b02c0b02c0b02c0b02c0b02c0b02c0b06c1f5fd3b4ec2b02c0b02c0b02c0b02,1a5,9d26d992649b6719b66c9c6719c2649c26c996649ae719c26e9c66d9be6a9be719ae709a66c9e26d,521515515d5014b5294b55d405294e55d46525545595155946525405095455d555094857d445314f,1,1,1,1
162,162,0,356,157,685a6691a269da66eda46fda76eda2685a06edbb681a7695bb6e5ac695b9691a1695bc6e9bb6e1a5,66f,c0f02c0f02c0b02c0b02c0b02c0b02c0b02c0b02c0b02c0b06c1f5fd3b4ec2b02c0b02c0b02c0b02,1bb,9d26d992649b6719b66c9c6719c2649c26c996649ae719c26e9c66d9be6a9be719ae709a66c9e26d,521515515d5014b5294b55d405294e55d46525545595155946525405095455d555094857d445314f,1,1,1,1
163,163,0,356,156,685a6691a269da66eda46fda76eda2685a06edbb681a7695bb6e5ac695b9691a1695bc6e9bb6e1a5,675,c0f02c0f02c0b02c0b02c0b02c0b02c0b02c0b02c0b02c0b06c1f5fd3b4ec2b02c0b02c0b02c0b02,1b8,9d26d992649b6719b66c9c6719c2649c26c996649ae719c26e9c66d9be6a9be719ae709a66c9e26d,521515515d5014b5294b55d405294e55d46525545595155946525405095455d555094857d445314f,1,1,1,1
164,164,0,34d,148,685a6691a269da66eda46fda76eda2685a06edbb681a7695bb6e5ac695b9691a1695bc6e9bb6e1a5,671,c0f02c0f02c0b02c0b02c0b02c0b02c0b02c0b02c0b02c0b06c1f5fd3b4ec2b02c0b02c0b02c0b02,1ac,9d26d992649b6719b66c9c6719c2649c26c996649ae719c26e9c66d9be6a9be719ae709a66c9e26d,521515515d5014b5294b55d405294e55d46525545595155946525405095455d555094857d445314f,1,1,1,1
165,165,0,34f,150,685a6691a269da66eda46fda76eda2685a06edbb681a7695bb6e5ac695b9691a1695bc6e9bb6e1a5,671,c0f02c0f02c0b02c0b02c0b02c0b02c0b02c0b02c0b02c0b06c1f5fd3b4ec2b02c0b02c0b02c0b02,1a5,9d26d992649b6719b66c9c6719c2649c26c996649ae719c26e9c66d9be6a9be719ae709a66c9e26d,521515515d5014b5294b55d405294e55d46525545595155946525405095455d555094857d445314f,1,1,1,1
166,166,0,34c,148,685a6691a269da66eda46fda76eda2685a06edbb681a7695bb6e5ac695b9691a1695bc6e9bb6e1a5,663,c0f02c0f02c0b02c0b02c0b02c0b02c0b02c0b02c0b02c0b06c1f5fd3b4ec2b02c0b02c0b02c0b02,1be,9d26d992649b6719b66c9c6719c2649c26c996649ae719c26e9c66d9be6a9be719ae709a66c9e26d,521515515d5014b5294b55d405294e55d46525545595155946525405095455d555094857d445314f,1,1,1,1
167,167,0,348,156,685a6691a269da66eda46fda76eda2685a06edbb681a7695bb6e5ac695b9691a1695bc6e9bb6e1a5,674,c0f02c0f02c0b02c0b02c0b02c0b02c0b02c0b02c0b02c0b06c1f5fd3b4ec2b02c0b02c0b02c0b02,1a4,9d26d992649b6719b66c9c6719c2649c26c996649ae719c26e9c66d9be6a9be719ae709a66c9e26d,521515515d5014b5294b55d405294e55d46525545595155946525405095455d555094857d445314f,1,1,1,1
168,168,0,352,154,685a6691a269da66eda46fda76eda2685a06edbb681a7695bb6e5ac695b9691a1695bc6e9bb6e1a5,669,c0f02c0f02c0b02c0b02c0b02c0b02c0b02c0b02c0b02c0b06c1f5fd3b4ec2b02c0b02c0b02c0b02,1a1,9d26d992649b6719b66c9c6719c2649c26c996649ae719c26e9c66d9be6a9be719ae709a66c9e26d,521515515d5014b5294b55d405294e55d46525545595155946525405095455d555094857d445314f,1,1,1,1
169,169,0,350,156,685a6691a269da66eda46fda76eda2685a06edbb681a7695bb6e5ac695b9691a1695bc6e9bb6e1a5,675,c0f02c0f02c0b02c0b02c0b02c0b02c0b02c0b02c0b02c0b06c1f5fd3b4ec2b02c0b02c0b02c0b02,1a5,9d26d992649b6719b66c9c6719c2649c26c996649ae719c26e9c66d9be6a9be719ae709a66c9e26d,521515515d5014b5294b55d405294e55d46525545595155946525405095455d555094857d445314f,1,1,1,1
170,170,0,34a,150,685a6691a269da66eda46fda76eda2685a06edbb681a7695bb6e5ac695b9691a1695bc6e9bb6e1a5,664,c0f02c0f02c0b02c0b02c0b02c0b02c0b02c0b02c0b02c0b06c1f5fd3b4ec2b02c0b02c0b02c0b02,1be,9d26d992649b6719b66c9c6719c2649c26c996649ae719c26e9c66d9be6a9be719ae709a66c9e26d,521515515d5014b5294b55d405294e55d46525545595155946525405095455d555094857d445314f,1,1,1,1
171,171,0,350,14a,685a6691a269da66eda46fda76eda2685a06edbb681a7695bb6e5ac695b9691a1695bc6e9bb6e1a5,66f,c0f02c0f02c0b02c0b02c0b02c0b02c0b02c0b02c0b02c0b06c1f5fd3b4ec2b02c0b02c0b02c0b02,1ba,9d26d992649b6719b66c9c6719c2649c26c996649ae719c26e9c66d9be6a9be719ae709a66c9e26d,521515515d5014b5294b55d405294e55d46525545595155946525405095455d555094857d445314f,1,1,1,1
172,172,0,349,15c,685a6691a269da66eda46fda76eda2685a06edbb681a7695bb6e5ac695b9691a1695bc6e9bb6e1a5,271,c0f02c0f02c0b02c0b02c0b02c0b02c0b02c0b02c0b02c0b06c1f5fd3b4ec2b02c0b02c0b02c0b02,1b9,9d26d992649b6719b66c9c6719c2649c26c996649ae719c26e9c66d9be6a9be719ae709a66c9e26d,521515515d5014b5294b55d405294e55d46525545595155946525405095455d555094857d445314f,1,1,1,1
173,173,0,35a,156,685a6691a269da66eda46fda76eda2685a06edbb681a7695bb6e5ac695b9691a1695bc6e9bb6e1a5,270,c0f02c0f02c0b02c0b02c0b02c0b02c0b02c0b02c0b02c0b06c1f5fd3b4ec2b02c0b02c0b02c0b02,1b9,9d26d992649b6719b66c9c6719c2649c26c996649ae719c26e9c66d9be6a9be719ae709a66c9e26d,521515515d5014b5294b55d405294e55d46525545595155946525405095455d555094857d445314f,1,1,1,1
174,174,0,34b,14e,685a6691a269da66eda46fda76eda2685a06edbb681a7695bb6e5ac695b9691a1695bc6e9bb6e1a5,26a,c0f02c0f02c0b02c0b02c0b02c0b02c0b02c0b02c0b02c0b06c1f5fd3b4ec2b02c0b02c0b02c0b02,1a4,9d26d992649b6719b66c9c6719c2649c26c996649ae719c26e9c66d9be6a9be719ae709a66c9e26d,521515515d5014b5294b55d405294e55d46525545595155946525405095455d555094857d445314f,1,1,1,1
175,175,0,750,15c,685a6691a269da66eda46fda76eda2685a06edbb681a7695bb6e5ac695b9691a1695bc6e9bb6e1a5,274,c0f02c0f02c0b02c0b02c0b02c0b02c0b02c0b02c0b02c0b06c1f5fd3b4ec2b02c0b02c0b02c0b02,5a6,9d26d992649b6719b66c9c6719c2649c26c996649ae719c26e9c66d9be6a9be719ae709a66c9e26d,521515515d5014b5294b55d405294e55d46525545595155946525405095455d555094857d445314f,1,1,1,1
176,176,0,756,54a,685a6691ad69da66e9a46fda76eda3699a06e9bb681a4695bb6e1ac695bc691a1695bc6e9bb6e5a4,269,c0f02c0f02c0b02c0b02c0b02c0b02c0b02c0b02c0b02c0b06c1b4fd3f4ec2b02c0b02c0b02c0b02,5a6,9d26d992649b6719b66c9c6719c2649c26c996649ae719c26e9c66d9be6a9be719ae709a66c9e26d,521515515d5014b5294b55d405294e55d46525545595155946525405095455d555094857d445314f,1,1,1,1
177,177,0,756,556,685a6691ad69da66e9a46fda76eda3699a06e9bb681a4695bb6e1ac695bc691a1695bc6e9bb6e5a4,26f,c0f02c0f02c0b02c0b02c0b02c0b02c0b02c0b02c0b02c0b06c1b4fd3f4ec2b02c0b02c0b02c0b02,5a4,9d26d992649b6719b66c9c6719c2649c26c996649ae719c26e9c66d9be6a9be719ae709a66c9e26d,521515515c5014b52d4b559405294e55d46525545595355d4452140529545595450948579465314e,1,1,1,1
178,178,0,752,554,685a6691ad69da66e9a46fda76eda3699a06e9bb681a4695bb6e1ac695bc691a1695bc6e9bb6e5a4,26e,c0f02c0f02c0b02c0b02c0b02c0b02c0b02c0b02c0b02c0b06c1b4fd3f4ec2b02c0b02c0b02c0b02,5ad,9d26d992649b6719b66c9c6719c2649c26c996649ae719c26e9c66d9be6a9be719ae709a66c9e26d,521515515c5014b52d4b559405294e55d46525545595355d4452140529545595450948579465314e,1,1,1,1
179,179,0,74e,55c,685a6691ad69da66e9a46fda76eda3699a06e9bb681a4695bb6e1ac695bc691a1695bc6e9bb6e5a4,26a,c0f02c0f02c0b02c0b02c0b02c0b02c0b02c0b02c0b02c0b06c1b4fd3f4ec2b02c0b02c0b02c0b02,5a7,9d26d992649b6719b66c9c6719c2649c26c996649ae719c26e9c66d9be6a9be719ae709a66c9e26d,521515515c5014b52d4b559405294e55d46525545595355d4452140529545595450948579465314e,1,1,1,1
180,180,0,74f,553,685a6691ad69da66e9a46fda76eda3699a06e9bb681a4695bb6e1ac695bc691a1695bc6e9bb6e5a4,26e,c0f02c0f02c0b02c0b02c0b02c0b02c0b02c0b02c0b02c0b06c1b4fd3f4ec2b02c0b02c0b02c0b02,5a1,9d26d992649b6719b66c9c6719c2649c26c996649ae719c26e9c66d9be6a9be719ae709a66c9e26d,521515515c5014b52d4b559405294e55d46525545595355d4452140529545595450948579465314e,1,1,1,1
181,181,0,750,54b,685a6691ad69da66e9a46fda76eda3699a06e9bb681a4695bb6e1ac695bc691a1695bc6e9bb6e5a4,26f,c0f02c0f02c0b02c0b02c0b02c0b02c0b02c0b02c0b02c0b06c1b4fd3f4ec2b02c0b02c0b02c0b02,5ba,9d26d992649b6719b66c9c6719c2649c26c996649ae719c26e9c66d9be6a9be719ae709a66c9e26d,521515515c5014b52d4b559405294e55d46525545595355d4452140529545595450948579465314e,1,1,1,1
182,182,0,74c,54a,685a6691ad69da66e9a46fda76eda3699a06e9bb681a4695bb6e1ac695bc691a1695bc6e9bb6e5a4,271,c0f02c0f02c0b02c0b02c0b02c0b02c0b02c0b02c0b02c0b06c1b4fd3f4ec2b02c0b02c0b02c0b02,5a7,9d26d992649b6719b66c9c6719c2649c26c996649ae719c26e9c66d9be6a9be719ae709a66c9e26d,521515515c5014b52d4b559405294e55d46525545595355d4452140529545595450948579465314e,1,1,1,1
183,183,0,756,54a,685a6691ad69da66e9a46fda76eda3699a06e9bb681a4695bb6e1ac695bc691a1695bc6e9bb6e5a4,269,c0f02c0f02c0b02c0b02c0b02c0b02c0b02c0b02c0b02c0b06c1b4fd3f4ec2b02c0b02c0b02c0b02,5bf,9d26d992649b6719b66c9c6719c2649c26c996649ae719c26e9c66d9be6a9be719ae709a66c9e26d,521515515c5014b52d4b559405294e55d46525545595355d4452140529545595450948579465314e,1,1,1,1
184,184,0,75a,556,685a6691ad69da66e9a46fda76eda3699a06e9bb681a4695bb6e1ac695bc691a1695bc6e9bb6e5a4,26b,c0f02c0f02c0b02c0b02c0b02c0b02c0b02c0b02c0b02c0b06c1b4fd3f4ec2b02c0b02c0b02c0b02,5a7,9d26d992649b6719b66c9c6719c2649c26c996649ae719c26e9c66d9be6a9be719ae709a66c9e26d,521515515c5014b52d4b559405294e55d46525545595355d4452140529545595450948579465314e,1,1,1,1
185,185,0,754,552,685a6691ad69da66e9a46fda76eda3699a06e9bb681a4695bb6e1ac695bc691a1695bc6e9bb6e5a4,274,c0f02c0f02c0b02c0b02c0b02c0b02c0b02c0b02c0b02c0b06c1b4fd3f4ec2b02c0b02c0b02c0b02,5bb,9d26d992649b6719b66c9c6719c2649c26c996649ae719c26e9c66d9be6a9be719ae709a66c9e26d,521515515c5014b52d4b559405294e55d46525545595355d4452140529545595450948579465314e,1,1,1,1
186,186,0,74c,548,685a6691ad69da66e9a46fda76eda3699a06e9bb681a4695bb6e1ac695bc691a1695bc6e9bb6e5a4,26a,c0f02c0f02c0b02c0b02c0b02c0b02c0b02c0b02c0b02c0b06c1b4fd3f4ec2b02c0b02c0b02c0b02,5a3,9d26d992649b6719b66c9c6719c2649c26c996649ae719c26e9c66d9be6a9be719ae709a66c9e26d,521515515c5014b52d4b559405294e55d46525545595355d4452140529545595450948579465314e,1,1,1,1
187,187,0,753,548,685a6691ad69da66e9a46fda76eda3699a06e9bb681a4695bb6e1ac695bc691a1695bc6e9bb6e5a4,271,c0f02c0f02c0b02c0b02c0b02c0b02c0b02c0b02c0b02c0b06c1b4fd3f4ec2b02c0b02c0b02c0b02,5a7,9d26d992649b6719b66c9c6719c2649c26c996649ae719c26e9c66d9be6a9be719ae709a66c9e26d,521515515c5014b52d4b559405294e55d46525545595355d4452140529545595450948579465314e,1,1,1,1
188,188,0,752,556,685a6691ad69da66e9a46fda76eda3699a06e9bb681a4695bb6e1ac695bc691a1695bc6e9bb6e5a4,66d,c0f02c0f02c0b02c0b02c0b02c0b02c0b02c0b02c0b02c0b06c1b4fd3f4ec2b02c0b02c0b02c0b02,5a0,9d26d992649b6719b66c9c6719c2649c26c996649ae719c26e9c66d9be6a9be719ae709a66c9e26d,521515515c5014b52d4b559405294e55d46525545595355d4452140529545595450948579465314e,1,1,1,1
189,189,0,756,557,685a6691ad69da66e9a46fda76eda3699a06e9bb681a4695bb6e1ac695bc691a1695bc6e9bb6e5a4,674,c0f02c0f02c0b02c0b02c0b02c0b02c0b02c0b02c0b02c0b06c1b4fd3f4ec2b02c0b02c0b02c0b02,5a5,9d66d996649b66e9b66f9c6719c6679c26d996649ae719e26e9e26d9be6a9ba6e9ae719a66f9c26a,521515515c5014b52d4b559405294e55d46525545595355d4452140529545595450948579465314e,1,1,1,1
190,190,0,751,54a,685a6691ad69da66e9a46fda76eda3699a06e9bb681a4695bb6e1ac695bc691a1695bc6e9bb6e5a4,665,c0f02c0f02c0b02c0b02c0b02c0b02c0b02c0b02c0b02c0b06c1b4fd3f4ec2b02c0b02c0b02c0b02,5bb,9d66d996649b66e9b66f9c6719c6679c26d996649ae719e26e9e26d9be6a9ba6e9ae719a66f9c26a,521515515c5014b52d4b559405294e55d46525545595355d4452140529545595450948579465314e,1,1,1,1
191,191,0,34c,554,685a6691ad69da66e9a46fda76eda3699a06e9bb681a4695bb6e1ac695bc691a1695bc6e9bb6e5a4,66d,c0f02c0f02c0b02c0b02c0b02c0b02c0b02c0b02c0b02c0b06c1b4fd3f4ec2b02c0b02c0b02c0b02,1a0,9d66d996649b66e9b66f9c6719c6679c26d996649ae719e26e9e26d9be6a9ba6e9ae719a66f9c26a,521515515c5014b52d4b559405294e55d46525545595355d4452140529545595450948579465314e,1,1,1,1
192,192,0,34c,156,685a6691ad69da66e9a46fda76eda3699a06e9bb681a4695bb6e1ac695bc691a1695bc6e9bb6e5a4,675,c0f02c0f02c0b02c0b02c0b02c0b02c0b02c0b02c0b02c0b06c1b4fd3f4ec2b02c0b02c0b02c0b02,1a4,9d66d996649b66e9b66f9c6719c6679c26d996649ae719e26e9e26d9be6a9ba6e9ae719a66f9c26a,521515515c5014b52d4b559405294e55d46525545595355d4452140529545595450948579465314e,1,1,1,1
193,193,0,348,152,685a6691ad69da66e9a46fda76eda3699a06e9bb681a4695bb6e1ac695bc691a1695bc6e9bb6e5a4,669,c0f02c0f02c0b02c0b02c0b02c0b02c0b02c0b02c0b02c0b06c1b4fd3f4ec2b02c0b02c0b02c0b02,1a5,9d66d996649b66e9b66f9c6719c6679c26d996649ae719e26e9e26d9be6a9ba6e9ae719a66f9c26a,521515515c5014b52d4b559405294e55d46525545595355d4452140529545595450948579465314e,1,1,1,1
194,194,0,356,154,685a6691ad69da66e9a46fda76eda3699a06e9bb681a4695bb6e1ac695bc691a1695bc6e9bb6e5a4,66f,c0f02c0f02c0b02c0b02c0b02c0b02c0b02c0b02c0b02c0b06c1b4fd3f4ec2b02c0b02c0b02c0b02,1b8,9d66d996649b66e9b66f9c6719c6679c26d996649ae719e26e9e26d9be6a9ba6e9ae719a66f9c26a,521515515c5014b52d4b559405294e55d46525545595355d4452140529545595450948579465314e,1,1,1,1
195,195,0,357,156,685a6691ad69da66e9a46fda76eda3699a06e9bb681a4695bb6e1ac695bc691a1695bc6e9bb6e5a4,675,c0f02c0f02c0b02c0b02c0b02c0b02c0b02c0b02c0b02c0b06c1b4fd3f4ec2b02c0b02c0b02c0b02,1b9,9d66d996649b66e9b66f9c6719c6679c26d996649ae719e26e9e26d9be6a9ba6e9ae719a66f9c26a,521515515c5014b52d4b559405294e55d46525545595355d4452140529545595450948579465314e,1,1,1,1
196,196,0,34d,148,685a6691ad69da66e9a46fda76eda3699a06e9bb681a4695bb6e1ac695bc691a1695bc6e9bb6e5a4,671,c0f02c0f02c0b02c0b02c0b02c0b02c0b02c0b02c0b02c0b06c1b4fd3f4ec2b02c0b02c0b02c0b02,1ac,9d66d996649b66e9b66f9c6719c6679c26d996649ae719e26e9e26d9be6a9ba6e9ae719a66f9c26a,521515515c5014b52d4b559405294e55d46525545595355d4452140529545595450948579465314e,1,1,1,1
197,197,0,34e,153,685a6691ad69da66e9a46fda76eda3699a06e9bb681a4695bb6e1ac695bc691a1695bc6e9bb6e5a4,670,c0f02c0f02c0b02c0b02c0b02c0b02c0b02c0b02c0b02c0b06c1b4fd3f4ec2b02c0b02c0b02c0b02,1a5,9d66d996649b66e9b66f9c6719c6679c26d996649ae719e26e9e26d9be6a9ba6e9ae719a66f9c26a,521515515c5014b52d4b559405294e55d46525545595355d4452140529545595450948579465314e,1,1,1,1
198,198,0,34c,149,685a6691ad69da66e9a46fda76eda3699a06e9bb681a4695bb6e1ac695bc691a1695bc6e9bb6e5a4,663,c0f02c0f02c0b02c0b02c0b02c0b02c0b02c0b02c0b02c0b06c1b4fd3f4ec2b02c0b02c0b02c0b02,1be,9d66d996649b66e9b66f9c6719c6679c26d996649ae719e26e9e26d9be6a9ba6e9ae719a66f9c26a,521515515c5014b52d4b559405294e55d46525545595355d4452140529545595450948579465314e,1,1,1,1
199,199,0,348,156,685a6691ad69da66e9a46fda76eda3699a06e9bb681a4695bb6e1ac695bc691a1695bc6e9bb6e5a4,674,c0f02c0f02c0b02c0b02c0b02c0b02c0b02c0b02c0b02c0b06c1b4fd3f4ec2b02c0b02c0b02c0b02,1a4,9d66d996649b66e9b66f9c6719c6679c26d996649ae719e26e9e26d9be6a9ba6e9ae719a66f9c26a,521515515c5014b52d4b559405294e55d46525545595355d4452140529545595450948579465314e,1,1,1,1
200,200,0,34d,154,685a6691ad69da66e9a46fda76eda3699a06e9bb681a4695bb6e1ac695bc691a1695bc6e9bb6e5a4,669,c0f02c0f02c0b02c0b02c0b02c0b02c0b02c0b02c0b02c0b06c1b4fd3f4ec2b02c0b02c0b02c0b02,1a1,9d66d996649b66e9b66f9c6719c6679c26d996649ae719e26e9e26d9be6a9ba6e9ae719a66f9c26a,521515515c5014b52d4b559405294e55d46525545595355d4452140529545595450948579465314e,1,1,1,1
201,201,0,350,157,685a6691ad69da66e9a46fda76eda3699a06e9bb681a4695bb6e1ac695bc691a1695bc6e9bb6e5a4,674,c0f02c0f02c0b02c0b02c0b02c0b02c0b02c0b02c0b02c0b06c1b4fd3f4ec2b02c0b02c0b02c0b02,1a5,9d66d996649b66e9b66f9c6719c6679c26d996649ae719e26e9e26d9be6a9ba6e9ae719a66f9c26a,521515515c5014b52d4b559405294e55d46525545595355d4452140529545595450948579465314e,1,1,1,1
202,202,0,34a,156,685a6691ad69da66e9a46fda76eda3699a06e9bb681a4695bb6e1ac695bc691a1695bc6e9bb6e5a4,664,c0f02c0f02c0b02c0b02c0b02c0b02c0b02c0b02c0b02c0b06c1b4fd3f4ec2b02c0b02c0b02c0b02,1bf,9d66d996649b66e9b66f9c6719c6679c26d996649ae719e26e9e26d9be6a9ba6e9ae719a66f9c26a,521515515c5014b52d4b559405294e55d46525545595355d4452140529545595450948579465314e,1,1,1,1
203,203,0,351,14a,685a6691ad69da66e9a46fda76eda3699a06e9bb681a4695bb6e1ac695bc691a1695bc6e9bb6e5a4,66f,c0f02c0f02c0b02c0b02c0b02c0b02c0b02c0b02c0b02c0b06c1b4fd3f4ec2b02c0b02c0b02c0b02,1ba,9d66d996649b66e9b66f9c6719c6679c26d996649ae719e26e9e26d9be6a9ba6e9ae719a66f9c26a,521515515c5014b52d4b559405294e55d46525545595355d4452140529545595450948579465314e,1,1,1,1
204,204,0,349,15d,685a6691ad69da66e9a46fda76eda3699a06e9bb681a4695bb6e1ac695bc691a1695bc6e9bb6e5a4,271,c0f02c0f02c0b02c0b02c0b02c0b02c0b02c0b02c0b02c0b06c1b4fd3f4ec2b02c0b02c0b02c0b02,1b9,9d66d996649b66e9b66f9c6719c6679c26d996649ae719e26e9e26d9be6a9ba6e9ae719a66f9c26a,521515515c5014b52d4b559405294e55d46525545595355d4452140529545595450948579465314e,1,1,1,1
205,205,0,355,151,685a6691ad69da66e9a46fda76eda3699a06e9bb681a4695bb6e1ac695bc691a1695bc6e9bb6e5a4,273,c0f02c0f02c0b02c0b02c0b02c0b02c0b02c0b02c0b02c0b06c1b4fd3f4ec2b02c0b02c0b02c0b02,1be,9d66d996649b66e9b66f9c6719c6679c26d996649ae719e26e9e26d9be6a9ba6e9ae719a66f9c26a,521515515c5014b52d4b559405294e55d46525545595355d4452140529545595450948579465314e,1,1,1,1
206,206,0,34b,14e,685a6691ad69da66e9a46fda76eda3699a06e9bb681a4695bb6e1ac695bc691a1695bc6e9bb6e5a4,26a,c0f02c0f02c0b02c0b02c0b02c0b02c0b02c0b02c0b02c0b06c1b4fd3f4ec2b02c0b02c0b02c0b02,1a5,9d66d996649b66e9b66f9c6719c6679c26d996649ae719e26e9e26d9be6a9ba6e9ae719a66f9c26a,521515515c5014b52d4b559405294e55d46525545595355d4452140529545595450948579465314e,1,1,1,1
207,207,0,753,15d,685a6691ad69da66e9a46fda76eda3699a06e9bb681a4695bb6e1ac695bc691a1695bc6e9bb6e5a4,274,c0f02c0f02c0b02c0b02c0b02c0b02c0b02c0b02c0b02c0b06c1b4fd3f4ec2b02c0b02c0b02c0b02,5a6,9d66d996649b66e9b66f9c6719c6679c26d996649ae719e26e9e26d9be6a9ba6e9ae719a66f9c26a,521515515c5014b52d4b559405294e55d46525545595355d4452140529545595450948579465314e,1,1,1,1
208,208,0,756,54a,699a6691ad69da16e9a76fda76eda369da0695bb681a4695b86e5ac695bc691a1695bd6e9bb6f1a5,26a,c0f02c0f02c0b02c0b02c0b02c0b02c0b02c0b02c0b02c0b06c1f4fd3b4ec2b0fc0b02c0b02c0b02,5a6,9d66d996649b66e9b66f9c6719c6679c26d996649ae719e26e9e26d9be6a9ba6e9ae719a66f9c26a,521515515c5014b52d4b559405294e55d46525545595355d4452140529545595450948579465314e,1,1,1,1
209,209,0,756,556,699a6691ad69da16e9a76fda76eda369da0695bb681a4695b86e5ac695bc691a1695bd6e9bb6f1a5,26b,c0f02c0f02c0b02c0b02c0b02c0b02c0b02c0b02c0b02c0b06c1f4fd3b4ec2b0fc0b02c0b02c0b02,5a4,9d66d996649b66e9b66f9c6719c6679c26d996649ae719e26e9e26d9be6a9ba6e9ae719a66f9c26a,529545515c50d4b5294a5594052148559475215455950559445294150d545595751948575415314d,1,1,1,1
210,210,0,752,554,699a6691ad69da16e9a76fda76eda369da0695bb681a4695b86e5ac695bc691a1695bd6e9bb6f1a5,26e,c0f02c0f02c0b02c0b02c0b02c0b02c0b02c0b02c0b02c0b06c1f4fd3b4ec2b0fc0b02c0b02c0b02,5ad,9d66d996649b66e9b66f9c6719c6679c26d996649ae719e26e9e26d9be6a9ba6e9ae719a66f9c26a,529545515c50d4b5294a5594052148559475215455950559445294150d545595751948575415314d,1,1,1,1
211,211,0,74f,55c,699a6691ad69da16e9a76fda76eda369da0695bb681a4695b86e5ac695bc691a1695bd6e9bb6f1a5,271,c0f02c0f02c0b02c0b02c0b02c0b02c0b02c0b02c0b02c0b06c1f4fd3b4ec2b0fc0b02c0b02c0b02,5a7,9d66d996649b66e9b66f9c6719c6679c26d996649ae719e26e9e26d9be6a9ba6e9ae719a66f9c26a,529545515c50d4b5294a5594052148559475215455950559445294150d545595751948575415314d,1,1,1,1
212,212,0,74e,553,699a6691ad69da16e9a76fda76eda369da0695bb681a4695b86e5ac695bc691a1695bd6e9bb6f1a5,26a,c0f02c0f02c0b02c0b02c0b02c0b02c0b02c0b02c0b02c0b06c1f4fd3b4ec2b0fc0b02c0b02c0b02,5a6,9d66d996649b66e9b66f9c6719c6679c26d996649ae719e26e9e26d9be6a9ba6e9ae719a66f9c26a,529545515c50d4b5294a5594052148559475215455950559445294150d545595751948575415314d,1,1,1,1
213,213,0,750,54b,699a6691ad69da16e9a76fda76eda369da0695bb681a4695b86e5ac695bc691a1695bd6e9bb6f1a5,26f,c0f02c0f02c0b02c0b02c0b02c0b02c0b02c0b02c0b02c0b06c1f4fd3b4ec2b0fc0b02c0b02c0b02,5bb,9d66d996649b66e9b66f9c6719c6679c26d996649ae719e26e9e26d9be6a9ba6e9ae719a66f9c26a,529545515c50d4b5294a5594052148559475215455950559445294150d545595751948575415314d,1,1,1,1
214,214,0,74c,54a,699a6691ad69da16e9a76fda76eda369da0695bb681a4695b86e5ac695bc691a1695bd6e9bb6f1a5,271,c0f02c0f02c0b02c0b02c0b02c0b02c0b02c0b02c0b02c0b06c1f4fd3b4ec2b0fc0b02c0b02c0b02,5a7,9d66d996649b66e9b66f9c6719c6679c26d996649ae719e26e9e26d9be6a9ba6e9ae719a66f9c26a,529545515c50d4b5294a5594052148559475215455950559445294150d545595751948575415314d,1,1,1,1
215,215,0,756,54b,699a6691ad69da16e9a76fda76eda369da0695bb681a4695b86e5ac695bc691a1695bd6e9bb6f1a5,269,c0f02c0f02c0b02c0b02c0b02c0b02c0b02c0b02c0b02c0b06c1f4fd3b4ec2b0fc0b02c0b02c0b02,5bf,9d66d996649b66e9b66f9c6719c6679c26d996649ae719e26e9e26d9be6a9ba6e9ae719a66f9c26a,529545515c50d4b5294a5594052148559475215455950559445294150d545595751948575415314d,1,1,1,1
216,216,0,75a,556,699a6691ad69da16e9a76fda76eda369da0695bb681a4695b86e5ac695bc691a1695bd6e9bb6f1a5,26b,c0f02c0f02c0b02c0b02c0b02c0b02c0b02c0b02c0b02c0b06c1f4fd3b4ec2b0fc0b02c0b02c0b02,5a7,9d66d996649b66e9b66f9c6719c6679c26d996649ae719e26e9e26d9be6a9ba6e9ae719a66f9c26a,529545515c50d4b5294a5594052148559475215455950559445294150d545595751948575415314d,1,1,1,1
217,217,0,754,552,699a6691ad69da16e9a76fda76eda369da0695bb681a4695b86e5ac695bc691a1695bd6e9bb6f1a5,274,c0f02c0f02c0b02c0b02c0b02c0b02c0b02c0b02c0b02c0b06c1f4fd3b4ec2b0fc0b02c0b02c0b02,5bb,9d66d996649b66e9b66f9c6719c6679c26d996649ae719e26e9e26d9be6a9ba6e9ae719a66f9c26a,529545515c50d4b5294a5594052148559475215455950559445294150d545595751948575415314d,1,1,1,1
218,218,0,74d,548,699a6691ad69da16e9a76fda76eda369da0695bb681a4695b86e5ac695bc691a1695bd6e9bb6f1a5,269,c0f02c0f02c0b02c0b02c0b02c0b02c0b02c0b02c0b02c0b06c1f4fd3b4ec2b0fc0b02c0b02c0b02,5a3,9d66d996649b66e9b66f9c6719c6679c26d996649ae719e26e9e26d9be6a9ba6e9ae719a66f9c26a,529545515c50d4b5294a5594052148559475215455950559445294150d545595751948575415314d,1,1,1,1
219,219,0,753,549,699a6691ad69da16e9a76fda76eda369da0695bb681a4695b86e5ac695bc691a1695bd6e9bb6f1a5,275,c0f02c0f02c0b02c0b02c0b02c0b02c0b02c0b02c0b02c0b06c1f4fd3b4ec2b0fc0b02c0b02c0b02,5a6,9d66d996649b66e9b66f9c6719c6679c26d996649ae719e26e9e26d9be6a9ba6e9ae719a66f9c26a,529545515c50d4b5294a5594052148559475215455950559445294150d545595751948575415314d,1,1,1,1
220,220,0,752,557,699a6691ad69da16e9a76fda76eda369da0695bb681a4695b86e5ac695bc691a1695bd6e9bb6f1a5,66d,c0f02c0f02c0b02c0b02c0b02c0b02c0b02c0b02c0b02c0b06c1f4fd3b4ec2b0fc0b02c0b02c0b02,5a0,9d66d996649b66e9b66f9c6719c6679c26d996649ae719e26e9e26d9be6a9ba6e9ae719a66f9c26a,529545515c50d4b5294a5594052148559475215455950559445294150d545595751948575415314d,1,1,1,1
221,221,0,756,557,699a6691ad69da16e9a76fda76eda369da0695bb681a4695b86e5ac695bc691a1695bd6e9bb6f1a5,674,c0f02c0f02c0b02c0b02c0b02c0b02c0b02c0b02c0b02c0b06c1f4fd3b4ec2b0fc0b02c0b02c0b02,5ba,9d66d992659b6719b66f9c6719c2679c26d992649ae719ce6e9c26a9be6a9c66e9ae719a66f9c26d,529545515c50d4b5294a5594052148559475215455950559445294150d545595751948575415314d,1,1,1,1
222,222,0,751,54b,699a6691ad69da16e9a76fda76eda369da0695bb681a4695b86e5ac695bc691a1695bd6e9bb6f1a5,665,c0f02c0f02c0b02c0b02c0b02c0b02c0b02c0b02c0b02c0b06c1f4fd3b4ec2b0fc0b02c0b02c0b02,5bb,9d66d992659b6719b66f9c6719c2679c26d992649ae719ce6e9c26a9be6a9c66e9ae719a66f9c26d,529545515c50d4b5294a5594052148559475215455950559445294150d545595751948575415314d,1,1,1,1
223,223,0,34d,554,699a6691ad69da16e9a76fda76eda369da0695bb681a4695b86e5ac695bc691a1695bd6e9bb6f1a5,66d,c0f02c0f02c0b02c0b02c0b02c0b02c0b02c0b02c0b02c0b06c1f4fd3b4ec2b0fc0b02c0b02c0b02,1a0,9d66d992659b6719b66f9c6719c2679c26d992649ae719ce6e9c26a9be6a9c66e9ae719a66f9c26d,529545515c50d4b5294a5594052148559475215455950559445294150d545595751948575415314d,1,1,1,1
224,224,0,34c,156,699a6691ad69da16e9a76fda76eda369da0695bb681a4695b86e5ac695bc691a1695bd6e9bb6f1a5,675,c0f02c0f02c0b02c0b02c0b02c0b02c0b02c0b02c0b02c0b06c1f4fd3b4ec2b0fc0b02c0b02c0b02,1a4,9d66d992659b6719b66f9c6719c2679c26d992649ae719ce6e9c26a9be6a9c66e9ae719a66f9c26d,529545515c50d4b5294a5594052148559475215455950559445294150d545595751948575415314d,1,1,1,1
225,225,0,348,152,699a6691ad69da16e9a76fda76eda369da0695bb681a4695b86e5ac695bc691a1695bd6e9bb6f1a5,669,c0f02c0f02c0b02c0b02c0b02c0b02c0b02c0b02c0b02c0b06c1f4fd3b4ec2b0fc0b02c0b02c0b02,1a5,9d66d992659b6719b66f9c6719c2679c26d992649ae719ce6e9c26a9be6a9c66e9ae719a66f9c26d,529545515c50d4b5294a5594052148559475215455950559445294150d545595751948575415314d,1,1,1,1
226,226,0,356,154,699a6691ad69da16e9a76fda76eda369da0695bb681a4695b86e5ac695bc691a1695bd6e9bb6f1a5,66f,c0f02c0f02c0b02c0b02c0b02c0b02c0b02c0b02c0b02c0b06c1f4fd3b4ec2b0fc0b02c0b02c0b02,1bb,9d66d992659b6719b66f9c6719c2679c26d992649ae719ce6e9c26a9be6a9c66e9ae719a66f9c26d,529545515c50d4b5294a5594052148559475215455950559445294150d545595751948575415314d,1,1,1,1
227,227,0,357,156,699a6691ad69da16e9a76fda76eda369da0695bb681a4695b86e5ac695bc691a1695bd6e9bb6f1a5,675,c0f02c0f02c0b02c0b02c0b02c0b02c0b02c0b02c0b02c0b06c1f4fd3b4ec2b0fc0b02c0b02c0b02,1b9,9d66d992659b6719b66f9c6719c2679c26d992649ae719ce6e9c26a9be6a9c66e9ae719a66f9c26d,529545515c50d4b5294a5594052148559475215455950559445294150d545595751948575415314d,1,1,1,1
228,228,0,34c,148,699a6691ad69da16e9a76fda76eda369da0695bb681a4695b86e5ac695bc691a1695bd6e9bb6f1a5,671,c0f02c0f02c0b02c0b02c0b02c0b02c0b02c0b02c0b02c0b06c1f4fd3b4ec2b0fc0b02c0b02c0b02,1ac,9d66d992659b6719b66f9c6719c2679c26d992649ae719ce6e9c26a9be6a9c66e9ae719a66f9c26d,529545515c50d4b5294a5594052148559475215455950559445294150d545595751948575415314d,1,1,1,1
229,229,0,34f,150,699a6691ad69da16e9a76fda76eda369da0695bb681a4695b86e5ac695bc691a1695bd6e9bb6f1a5,670,c0f02c0f02c0b02c0b02c0b02c0b02c0b02c0b02c0b02c0b06c1f4fd3b4ec2b0fc0b02c0b02c0b02,1a4,9d66d992659b6719b66f9c6719c2679c26d992649ae719ce6e9c26a9be6a9c66e9ae719a66f9c26d,529545515c50d4b5294a5594052148559475215455950559445294150d545595751948575415314d,1,1,1,1
230,230,0,34c,149,699a6691ad69da16e9a76fda76eda369da0695bb681a4695b86e5ac695bc691a1695bd6e9bb6f1a5,663,c0f02c0f02c0b02c0b02c0b02c0b02c0b02c0b02c0b02c0b06c1f4fd3b4ec2b0fc0b02c0b02c0b02,1be,9d66d992659b6719b66f9c6719c2679c26d992649ae719ce6e9c26a9be6a9c66e9ae719a66f9c26d,529545515c50d4b5294a5594052148559475215455950559445294150d545595751948575415314d,1,1,1,1
231,231,0,349,156,699a6691ad69da16e9a76fda76eda369da0695bb681a4695b86e5ac695bc691a1695bd6e9bb6f1a5,674,c0f02c0f02c0b02c0b02c0b02c0b02c0b02c0b02c0b02c0b06c1f4fd3b4ec2b0fc0b02c0b02c0b02,1a7,9d66d992659b6719b66f9c6719c2679c26d992649ae719ce6e9c26a9be6a9c66e9ae719a66f9c26d,529545515c50d4b5294a5594052148559475215455950559445294150d545595751948575415314d,1,1,1,1
232,232,0,352,155,699a6691ad69da16e9a76fda76eda369da0695bb681a4695b86e5ac695bc691a1695bd6e9bb6f1a5,66b,c0f02c0f02c0b02c0b02c0b02c0b02c0b02c0b02c0b02c0b06c1f4fd3b4ec2b0fc0b02c0b02c0b02,1a6,9d66d992659b6719b66f9c6719c2679c26d992649ae719ce6e9c26a9be6a9c66e9ae719a66f9c26d,529545515c50d4b5294a5594052148559475215455950559445294150d545595751948575415314d,1,1,1,1
233,233,0,350,157,699a6691ad69da16e9a76fda76eda369da0695bb681a4695b86e5ac695bc691a1695bd6e9bb6f1a5,674,c0f02c0f02c0b02c0b02c0b02c0b02c0b02c0b02c0b02c0b06c1f4fd3b4ec2b0fc0b02c0b02c0b02,1a5,9d66d992659b6719b66f9c6719c2679c26d992649ae719ce6e9c26a9be6a9c66e9ae719a66f9c26d,529545515c50d4b5294a5594052148559475215455950559445294150d545595751948575415314d,1,1,1,1
234,234,0,34b,151,699a6691ad69da16e9a76fda76eda369da0695bb681a4695b86e5ac695bc691a1695bd6e9bb6f1a5,667,c0f02c0f02c0b02c0b02c0b02c0b02c0b02c0b02c0b02c0b06c1f4fd3b4ec2b0fc0b02c0b02c0b02,1b9,9d66d992659b6719b66f9c6719c2679c26d992649ae719ce6e9c26a9be6a9c66e9ae719a66f9c26d,529545515c50d4b5294a5594052148559475215455950559445294150d545595751948575415314d,1,1,1,1
235,235,0,350,14a,699a6691ad69da16e9a76fda76eda369da0695bb681a4695b86e5ac695bc691a1695bd6e9bb6f1a5,66f,c0f02c0f02c0b02c0b02c0b02c0b02c0b02c0b02c0b02c0b06c1f4fd3b4ec2b0fc0b02c0b02c0b02,1ba,9d66d992659b6719b66f9c6719c2679c26d992649ae719ce6e9c26a9be6a9c66e9ae719a66f9c26d,529545515c50d4b5294a5594052148559475215455950559445294150d545595751948575415314d,1,1,1,1
236,236,0,348,152,699a6691ad69da16e9a76fda76eda369da0695bb681a4695b86e5ac695bc691a1695bd6e9bb6f1a5,26a,c0f02c0f02c0b02c0b02c0b02c0b02c0b02c0b02c0b02c0b06c1f4fd3b4ec2b0fc0b02c0b02c0b02,1be,9d66d992659b6719b66f9c6719c2679c26d992649ae719ce6e9c26a9be6a9c66e9ae719a66f9c26d,529545515c50d4b5294a5594052148559475215455950559445294150d545595751948575415314d,1,1,1,1
237,237,0,355,156,699a6691ad69da16e9a76fda76eda369da0695bb681a4695b86e5ac695bc691a1695bd6e9bb6f1a5,277,c0f02c0f02c0b02c0b02c0b02c0b02c0b02c0b02c0b02c0b06c1f4fd3b4ec2b0fc0b02c0b02c0b02,1be,9d66d992659b6719b66f9c6719c2679c26d992649ae719ce6e9c26a9be6a9c66e9ae719a66f9c26d,529545515c50d4b5294a5594052148559475215455950559445294150d545595751948575415314d,1,1,1,1
238,238,0,34b,14e,699a6691ad69da16e9a76fda76eda369da0695bb681a4695b86e5ac695bc691a1695bd6e9bb6f1a5,26a,c0f02c0f02c0b02c0b02c0b02c0b02c0b02c0b02c0b02c0b06c1f4fd3b4ec2b0fc0b02c0b02c0b02,1a5,9d66d992659b6719b66f9c6719c2679c26d992649ae719ce6e9c26a9be6a9c66e9ae719a66f9c26d,529545515c50d4b5294a5594052148559475215455950559445294150d545595751948575415314d,1,1,1,1
239,239,0,750,15d,699a6691ad69da16e9a76fda76eda369da0695bb681a4695b86e5ac695bc691a1695bd6e9bb6f1a5,275,c0f02c0f02c0b02c0b02c0b02c0b02c0b02c0b02c0b02c0b06c1f4fd3b4ec2b0fc0b02c0b02c0b02,5a1,9d66d992659b6719b66f9c6719c2679c26d992649ae719ce6e9c26a9be6a9c66e9ae719a66f9c26d,529545515c50d4b5294a5594052148559475215455950559445294150d545595751948575415314d,1,1,1,1
240,240,0,756,54a,699a6691ad69da66eda76fda76eda3699a06e9bb681a4695bb6e5ac691bc69da6695b96e9be6f1a5,269,c0f02c0f02c0b02c0b02c0b02c0b02c0b02c0b02c0b02c0b06c1f4ed3f4ec2b02c0b02c0b02c0b02,5a1,9d66d992659b6719b66f9c6719c2679c26d992649ae719ce6e9c26a9be6a9c66e9ae719a66f9c26d,529545515c50d4b5294a5594052148559475215455950559445294150d545595751948575415314d,1,1,1,1
241,241,0,756,551,699a6691ad69da66eda76fda76eda3699a06e9bb681a4695bb6e5ac691bc69da6695b96e9be6f1a5,26f,c0f02c0f02c0b02c0b02c0b02c0b02c0b02c0b02c0b02c0b06c1f4ed3f4ec2b02c0b02c0b02c0b02,5a7,9d66d992659b6719b66f9c6719c2679c26d992649ae719ce6e9c26a9be6a9c66e9ae719a66f9c26d,529545515c50d4b5294b559405214955d475255455950559445214052d5455d5550d4a549465314d,1,1,1,1
242,242,0,752,557,699a6691ad69da66eda76fda76eda3699a06e9bb681a4695bb6e5ac691bc69da6695b96e9be6f1a5,26d,c0f02c0f02c0b02c0b02c0b02c0b02c0b02c0b02c0b02c0b06c1f4ed3f4ec2b02c0b02c0b02c0b02,5a2,9d66d992659b6719b66f9c6719c2679c26d992649ae719ce6e9c26a9be6a9c66e9ae719a66f9c26d,529545515c50d4b5294b559405214955d475255455950559445214052d5455d5550d4a549465314d,1,1,1,1
243,243,0,74e,55d,699a6691ad69da66eda76fda76eda3699a06e9bb681a4695bb6e5ac691bc69da6695b96e9be6f1a5,26e,c0f02c0f02c0b02c0b02c0b02c0b02c0b02c0b02c0b02c0b06c1f4ed3f4ec2b02c0b02c0b02c0b02,5a7,9d66d992659b6719b66f9c6719c2679c26d992649ae719ce6e9c26a9be6a9c66e9ae719a66f9c26d,529545515c50d4b5294b559405214955d475255455950559445214052d5455d5550d4a549465314d,1,1,1,1
244,244,0,74e,550,699a6691ad69da66eda76fda76eda3699a06e9bb681a4695bb6e5ac691bc69da6695b96e9be6f1a5,26e,c0f02c0f02c0b02c0b02c0b02c0b02c0b02c0b02c0b02c0b06c1f4ed3f4ec2b02c0b02c0b02c0b02,5a6,9d66d992659b6719b66f9c6719c2679c26d992649ae719ce6e9c26a9be6a9c66e9ae719a66f9c26d,529545515c50d4b5294b559405214955d475255455950559445214052d5455d5550d4a549465314d,1,1,1,1
245,245,0,753,54b,699a6691ad69da66eda76fda76eda3699a06e9bb681a4695bb6e5ac691bc69da6695b96e9be6f1a5,26f,c0f02c0f02c0b02c0b02c0b02c0b02c0b02c0b02c0b02c0b06c1f4ed3f4ec2b02c0b02c0b02c0b02,5ba,9d66d992659b6719b66f9c6719c2679c26d992649ae719ce6e9c26a9be6a9c66e9ae719a66f9c26d,529545515c50d4b5294b559405214955d475255455950559445214052d5455d5550d4a549465314d,1,1,1,1
246,246,0,74c,54b,699a6691ad69da66eda76fda76eda3699a06e9bb681a4695bb6e5ac691bc69da6695b96e9be6f1a5,270,c0f02c0f02c0b02c0b02c0b02c0b02c0b02c0b02c0b02c0b06c1f4ed3f4ec2b02c0b02c0b02c0b02,5a4,9d66d992659b6719b66f9c6719c2679c26d992649ae719ce6e9c26a9be6a9c66e9ae719a66f9c26d,529545515c50d4b5294b559405214955d475255455950559445214052d5455d5550d4a549465314d,1,1,1,1
247,247,0,756,54b,699a6691ad69da66eda76fda76eda3699a06e9bb681a4695bb6e5ac691bc69da6695b96e9be6f1a5,262,c0f02c0f02c0b02c0b02c0b02c0b02c0b02c0b02c0b02c0b06c1f4ed3f4ec2b02c0b02c0b02c0b02,5bf,9d66d992659b6719b66f9c6719c2679c26d992649ae719ce6e9c26a9be6a9c66e9ae719a66f9c26d,529545515c50d4b5294b559405214955d475255455950559445214052d5455d5550d4a549465314d,1,1,1,1
248,248,0,75a,556,699a6691ad69da66eda76fda76eda3699a06e9bb681a4695bb6e5ac691bc69da6695b96e9be6f1a5,26f,c0f02c0f02c0b02c0b02c0b02c0b02c0b02c0b02c0b02c0b06c1f4ed3f4ec2b02c0b02c0b02c0b02,5a7,9d66d992659b6719b66f9c6719c2679c26d992649ae719ce6e9c26a9be6a9c66e9ae719a66f9c26d,529545515c50d4b5294b559405214955d475255455950559445214052d5455d5550d4a549465314d,1,1,1,1
249,249,0,754,552,699a6691ad69da66eda76fda76eda3699a06e9bb681a4695bb6e5ac691bc69da6695b96e9be6f1a5,274,c0f02c0f02c0b02c0b02c0b02c0b02c0b02c0b02c0b02c0b06c1f4ed3f4ec2b02c0b02c0b02c0b02,5bb,9d66d992659b6719b66f9c6719c2679c26d992649ae719ce6e9c26a9be6a9c66e9ae719a66f9c26d,529545515c50d4b5294b559405214955d475255455950559445214052d5455d5550d4a549465314d,1,1,1,1
250,250,0,74d,548,699a6691ad69da66eda76fda76eda3699a06e9bb681a4695bb6e5ac691bc69da6695b96e9be6f1a5,269,c0f02c0f02c0b02c0b02c0b02c0b02c0b02c0b02c0b02c0b06c1f4ed3f4ec2b02c0b02c0b02c0b02,5a3,9d66d992659b6719b66f9c6719c2679c26d992649ae719ce6e9c26a9be6a9c66e9ae719a66f9c26d,529545515c50d4b5294b559405214955d475255455950559445214052d5455d5550d4a549465314d,1,1,1,1
251,251,0,753,549,699a6691ad69da66eda76fda76eda3699a06e9bb681a4695bb6e5ac691bc69da6695b96e9be6f1a5,275,c0f02c0f02c0b02c0b02c0b02c0b02c0b02c0b02c0b02c0b06c1f4ed3f4ec2b02c0b02c0b02c0b02,5a6,9d66d992659b6719b66f9c6719c2679c26d992649ae719ce6e9c26a9be6a9c66e9ae719a66f9c26d,529545515c50d4b5294b559405214955d475255455950559445214052d5455d5550d4a549465314d,1,1,1,1
252,252,0,752,557,699a6691ad69da66eda76fda76eda3699a06e9bb681a4695bb6e5ac691bc69da6695b96e9be6f1a5,66d,c0f02c0f02c0b02c0b02c0b02c0b02c0b02c0b02c0b02c0b06c1f4ed3f4ec2b02c0b02c0b02c0b02,5a0,9d66d992659b6719b66f9c6719c2679c26d992649ae719ce6e9c26a9be6a9c66e9ae719a66f9c26d,529545515c50d4b5294b559405214955d475255455950559445214052d5455d5550d4a549465314d,1,1,1,1
253,253,0,756,556,699a6691ad69da66eda76fda76eda3699a06e9bb681a4695bb6e5ac691bc69da6695b96e9be6f1a5,677,c0f02c0f02c0b02c0b02c0b02c0b02c0b02c0b02c0b02c0b06c1f4ed3f4ec2b02c0b02c0b02c0b02,5bb,9d66d992659b6719b66f9c6719c2679c26f992679ae6e9ce6e9c66d9be6d9ba6e9ae7099a6f9a26d,529545515c50d4b5294b559405214955d475255455950559445214052d5455d5550d4a549465314d,1,1,1,1
254,254,0,751,54b,699a6691ad69da66eda76fda76eda3699a06e9bb681a4695bb6e5ac691bc69da6695b96e9be6f1a5,664,c0f02c0f02c0b02c0b02c0b02c0b02c0b02c0b02c0b02c0b06c1f4ed3f4ec2b02c0b02c0b02c0b02,5bb,9d66d992659b6719b66f9c6719c2679c26f992679ae6e9ce6e9c66d9be6d9ba6e9ae7099a6f9a26d,529545515c50d4b5294b559405214955d475255455950559445214052d5455d5550d4a549465314d,1,1,1,1
255,255,0,34c,554,699a6691ad69da66eda76fda76eda3699a06e9bb681a4695bb6e5ac691bc69da6695b96e9be6f1a5,66d,c0f02c0f02c0b02c0b02c0b02c0b02c0b02c0b02c0b02c0b06c1f4ed3f4ec2b02c0b02c0b02c0b02,1a3,9d66d992659b6719b66f9c6719c2679c26f992679ae6e9ce6e9c66d9be6d9ba6e9ae7099a6f9a26d,529545515c50d4b5294b559405214955d475255455950559445214052d5455d5550d4a549465314d,1,1,1,1
256,256,0,34c,156,699a6691ad69da66eda76fda76eda3699a06e9bb681a4695bb6e5ac691bc69da6695b96e9be6f1a5,674,c0f02c0f02c0b02c0b02c0b02c0b02c0b02c0b02c0b02c0b06c1f4ed3f4ec2b02c0b02c0b02c0b02,1a4,9d66d992659b6719b66f9c6719c2679c26f992679ae6e9ce6e9c66d9be6d9ba6e9ae7099a6f9a26d,529545515c50d4b5294b559405214955d475255455950559445214052d5455d5550d4a549465314d,1,1,1,1
257,257,0,348,152,699a6691ad69da66eda76fda76eda3699a06e9bb681a4695bb6e5ac691bc69da6695b96e9be6f1a5,669,c0f02c0f02c0b02c0b02c0b02c0b02c0b02c0b02c0b02c0b06c1f4ed3f4ec2b02c0b02c0b02c0b02,1a5,9d66d992659b6719b66f9c6719c2679c26f992679ae6e9ce6e9c66d9be6d9ba6e9ae7099a6f9a26d,529545515c50d4b5294b559405214955d475255455950559445214052d5455d5550d4a549465314d,1,1,1,1
258,258,0,357,154,699a6691ad69da66eda76fda76eda3699a06e9bb681a4695bb6e5ac691bc69da6695b96e9be6f1a5,66f,c0f02c0f02c0b02c0b02c0b02c0b02c0b02c0b02c0b02c0b06c1f4ed3f4ec2b02c0b02c0b02c0b02,1bb,9d66d992659b6719b66f9c6719c2679c26f992679ae6e9ce6e9c66d9be6d9ba6e9ae7099a6f9a26d,529545515c50d4b5294b559405214955d475255455950559445214052d5455d5550d4a549465314d,1,1,1,1
259,259,0,356,156,699a6691ad69da66eda76fda76eda3699a06e9bb681a4695bb6e5ac691bc69da6695b96e9be6f1a5,66e,c0f02c0f02c0b02c0b02c0b02c0b02c0b02c0b02c0b02c0b06c1f4ed3f4ec2b02c0b02c0b02c0b02,1b9,9d66d992659b6719b66f9c6719c2679c26f992679ae6e9ce6e9c66d9be6d9ba6e9ae7099a6f9a26d,529545515c50d4b5294b559405214955d475255455950559445214052d5455d5550d4a549465314d,1,1,1,1
260,260,0,34d,14b,699a6691ad69da66eda76fda76eda3699a06e9bb681a4695bb6e5ac691bc69da6695b96e9be6f1a5,675,c0f02c0f02c0b02c0b02c0b02c0b02c0b02c0b02c0b02c0b06c1f4ed3f4ec2b02c0b02c0b02c0b02,1ac,9d66d992659b6719b66f9c6719c2679c26f992679ae6e9ce6e9c66d9be6d9ba6e9ae7099a6f9a26d,529545515c50d4b5294b559405214955d475255455950559445214052d5455d5550d4a549465314d,1,1,1,1
261,261,0,34e,153,699a6691ad69da66eda76fda76eda3699a06e9bb681a4695bb6e5ac691bc69da6695b96e9be6f1a5,670,c0f02c0f02c0b02c0b02c0b02c0b02c0b02c0b02c0b02c0b06c1f4ed3f4ec2b02c0b02c0b02c0b02,1a4,9d66d992659b6719b66f9c6719c2679c26f992679ae6e9ce6e9c66d9be6d9ba6e9ae7099a6f9a26d,529545515c50d4b5294b559405214955d475255455950559445214052d5455d5550d4a549465314d,1,1,1,1
262,262,0,34c,149,699a6691ad69da66eda76fda76eda3699a06e9bb681a4695bb6e5ac691bc69da6695b96e9be6f1a5,663,c0f02c0f02c0b02c0b02c0b02c0b02c0b02c0b02c0b02c0b06c1f4ed3f4ec2b02c0b02c0b02c0b02,1be,9d66d992659b6719b66f9c6719c2679c26f992679ae6e9ce6e9c66d9be6d9ba6e9ae7099a6f9a26d,529545515c50d4b5294b559405214955d475255455950559445214052d5455d5550d4a549465314d,1,1,1,1
263,263,0,349,156,699a6691ad69da66eda76fda76eda3699a06e9bb681a4695bb6e5ac691bc69da6695b96e9be6f1a5,674,c0f02c0f02c0b02c0b02c0b02c0b02c0b02c0b02c0b02c0b06c1f4ed3f4ec2b02c0b02c0b02c0b02,1a4,9d66d992659b6719b66f9c6719c2679c26f992679ae6e9ce6e9c66d9be6d9ba6e9ae7099a6f9a26d,529545515c50d4b5294b559405214955d475255455950559445214052d5455d5550d4a549465314d,1,1,1,1
264,264,0,352,154,699a6691ad69da66eda76fda76eda3699a06e9bb681a4695bb6e5ac691bc69da6695b96e9be6f1a5,668,c0f02c0f02c0b02c0b02c0b02c0b02c0b02c0b02c0b02c0b06c1f4ed3f4ec2b02c0b02c0b02c0b02,1a1,9d66d992659b6719b66f9c6719c2679c26f992679ae6e9ce6e9c66d9be6d9ba6e9ae7099a6f9a26d,529545515c50d4b5294b559405214955d475255455950559445214052d5455d5550d4a549465314d,1,1,1,1
265,265,0,350,157,699a6691ad69da66eda76fda76eda3699a06e9bb681a4695bb6e5ac691bc69da6695b96e9be6f1a5,674,c0f02c0f02c0b02c0b02c0b02c0b02c0b02c0b02c0b02c0b06c1f4ed3f4ec2b02c0b02c0b02c0b02,1a5,9d66d992659b6719b66f9c6719c2679c26f992679ae6e9ce6e9c66d9be6d9ba6e9ae7099a6f9a26d,529545515c50d4b5294b559405214955d475255455950559445214052d5455d5550d4a549465314d,1,1,1,1
266,266,0,345,150,699a6691ad69da66eda76fda76eda3699a06e9bb681a4695bb6e5ac691bc69da6695b96e9be6f1a5,667,c0f02c0f02c0b02c0b02c0b02c0b02c0b02c0b02c0b02c0b06c1f4ed3f4ec2b02c0b02c0b02c0b02,1b9,9d66d992659b6719b66f9c6719c2679c26f992679ae6e9ce6e9c66d9be6d9ba6e9ae7099a6f9a26d,529545515c50d4b5294b559405214955d475255455950559445214052d5455d5550d4a549465314d,1,1,1,1
267,267,0,350,14a,699a6691ad69da66eda76fda76eda3699a06e9bb681a4695bb6e5ac691bc69da6695b96e9be6f1a5,66f,c0f02c0f02c0b02c0b02c0b02c0b02c0b02c0b02c0b02c0b06c1f4ed3f4ec2b02c0b02c0b02c0b02,1ba,9d66d992659b6719b66f9c6719c2679c26f992679ae6e9ce6e9c66d9be6d9ba6e9ae7099a6f9a26d,529545515c50d4b5294b559405214955d475255455950559445214052d5455d5550d4a549465314d,1,1,1,1
268,268,0,349,15d,699a6691ad69da66eda76fda76eda3699a06e9bb681a4695bb6e5ac691bc69da6695b96e9be6f1a5,26a,c0f02c0f02c0b02c0b02c0b02c0b02c0b02c0b02c0b02c0b06c1f4ed3f4ec2b02c0b02c0b02c0b02,1b9,9d66d992659b6719b66f9c6719c2679c26f992679ae6e9ce6e9c66d9be6d9ba6e9ae7099a6f9a26d,529545515c50d4b5294b559405214955d475255455950559445214052d5455d5550d4a549465314d,1,1,1,1
269,269,0,355,151,699a6691ad69da66eda76fda76eda3699a06e9bb681a4695bb6e5ac691bc69da6695b96e9be6f1a5,277,c0f02c0f02c0b02c0b02c0b02c0b02c0b02c0b02c0b02c0b06c1f4ed3f4ec2b02c0b02c0b02c0b02,1b9,9d66d992659b6719b66f9c6719c2679c26f992679ae6e9ce6e9c66d9be6d9ba6e9ae7099a6f9a26d,529545515c50d4b5294b559405214955d475255455950559445214052d5455d5550d4a549465314d,1,1,1,1
270,270,0,34b,14f,699a6691ad69da66eda76fda76eda3699a06e9bb681a4695bb6e5ac691bc69da6695b96e9be6f1a5,26a,c0f02c0f02c0b02c0b02c0b02c0b02c0b02c0b02c0b02c0b06c1f4ed3f4ec2b02c0b02c0b02c0b02,1a4,9d66d992659b6719b66f9c6719c2679c26f992679ae6e9ce6e9c66d9be6d9ba6e9ae7099a6f9a26d,529545515c50d4b5294b559405214955d475255455950559445214052d5455d5550d4a549465314d,1,1,1,1
271,271,0,750,15d,699a6691ad69da66eda76fda76eda3699a06e9bb681a4695bb6e5ac691bc69da6695b96e9be6f1a5,275,c0f02c0f02c0b02c0b02c0b02c0b02c0b02c0b02c0b02c0b06c1f4ed3f4ec2b02c0b02c0b02c0b02,5a1,9d66d992659b6719b66f9c6719c2679c26f992679ae6e9ce6e9c66d9be6d9ba6e9ae7099a6f9a26d,529545515c50d4b5294b559405214955d475255455950559445214052d5455d5550d4a549465314d,1,1,1,1
272,272,0,756,54a,685a169da269da66e9a46fda76eda3699a06edbb68da4695bb6e5ac691bc691a1695b96e9bb6e5a4,269,c0f02c0f02c0b02c0b02c0b02c0b02c0b02c0b02c0b02c0b06c1b4fd3b4ec2b02c0b06c0b02c0b02,5a6,9d66d992659b6719b66f9c6719c2679c26f992679ae6e9ce6e9c66d9be6d9ba6e9ae7099a6f9a26d,529545515c50d4b5294b559405214955d475255455950559445214052d5455d5550d4a549465314d,1,1,1,1
273,273,0,751,551,685a169da269da66e9a46fda76eda3699a06edbb68da4695bb6e5ac691bc691a1695b96e9bb6e5a4,26f,c0f02c0f02c0b02c0b02c0b02c0b02c0b02c0b02c0b02c0b06c1b4fd3b4ec2b02c0b06c0b02c0b02,5a7,9d66d992659b6719b66f9c6719c2679c26f992679ae6e9ce6e9c66d9be6d9ba6e9ae7099a6f9a26d,521515555d5094b52d4b559405214955d4652556559505594652d4152d545595550948575415354d,1,1,1,1
274,274,0,753,554,685a169da269da66e9a46fda76eda3699a06edbb68da4695bb6e5ac691bc691a1695b96e9bb6e5a4,26d,c0f02c0f02c0b02c0b02c0b02c0b02c0b02c0b02c0b02c0b06c1b4fd3b4ec2b02c0b06c0b02c0b02,5a2,9d66d992659b6719b66f9c6719c2679c26f992679ae6e9ce6e9c66d9be6d9ba6e9ae7099a6f9a26d,521515555d5094b52d4b559405214955d4652556559505594652d4152d545595550948575415354d,1,1,1,1
275,275,0,74e,55c,685a169da269da66e9a46fda76eda3699a06edbb68da4695bb6e5ac691bc691a1695b96e9bb6e5a4,26e,c0f02c0f02c0b02c0b02c0b02c0b02c0b02c0b02c0b02c0b06c1b4fd3b4ec2b02c0b06c0b02c0b02,5a4,9d66d992659b6719b66f9c6719c2679c26f992679ae6e9ce6e9c66d9be6d9ba6e9ae7099a6f9a26d,521515555d5094b52d4b559405214955d4652556559505594652d4152d545595550948575415354d,1,1,1,1
276,276,0,74f,550,685a169da269da66e9a46fda76eda3699a06edbb68da4695bb6e5ac691bc691a1695b96e9bb6e5a4,26e,c0f02c0f02c0b02c0b02c0b02c0b02c0b02c0b02c0b02c0b06c1b4fd3b4ec2b02c0b06c0b02c0b02,5a6,9d66d992659b6719b66f9c6719c2679c26f992679ae6e9ce6e9c66d9be6d9ba6e9ae7099a6f9a26d,521515555d5094b52d4b559405214955d4652556559505594652d4152d545595550948575415354d,1,1,1,1
277,277,0,753,54b,685a169da269da66e9a46fda76eda3699a06edbb68da4695bb6e5ac691bc691a1695b96e9bb6e5a4,26f,c0f02c0f02c0b02c0b02c0b02c0b02c0b02c0b02c0b02c0b06c1b4fd3b4ec2b02c0b06c0b02c0b02,5bb,9d66d992659b6719b66f9c6719c2679c26f992679ae6e9ce6e9c66d9be6d9ba6e9ae7099a6f9a26d,521515555d5094b52d4b559405214955d4652556559505594652d4152d545595550948575415354d,1,1,1,1
278,278,0,74c,54b,685a169da269da66e9a46fda76eda3699a06edbb68da4695bb6e5ac691bc691a1695b96e9bb6e5a4,271,c0f02c0f02c0b02c0b02c0b02c0b02c0b02c0b02c0b02c0b06c1b4fd3b4ec2b02c0b06c0b02c0b02,5a4,9d66d992659b6719b66f9c6719c2679c26f992679ae6e9ce6e9c66d9be6d9ba6e9ae7099a6f9a26d,521515555d5094b52d4b559405214955d4652556559505594652d4152d545595550948575415354d,1,1,1,1
279,279,0,751,54b,685a169da269da66e9a46fda76eda3699a06edbb68da4695bb6e5ac691bc691a1695b96e9bb6e5a4,262,c0f02c0f02c0b02c0b02c0b02c0b02c0b02c0b02c0b02c0b06c1b4fd3b4ec2b02c0b06c0b02c0b02,5bf,9d66d992659b6719b66f9c6719c2679c26f992679ae6e9ce6e9c66d9be6d9ba6e9ae7099a6f9a26d,521515555d5094b52d4b559405214955d4652556559505594652d4152d545595550948575415354d,1,1,1,1
280,280,0,75a,557,685a169da269da66e9a46fda76eda3699a06edbb68da4695bb6e5ac691bc691a1695b96e9bb6e5a4,26d,c0f02c0f02c0b02c0b02c0b02c0b02c0b02c0b02c0b02c0b06c1b4fd3b4ec2b02c0b06c0b02c0b02,5a7,9d66d992659b6719b66f9c6719c2679c26f992679ae6e9ce6e9c66d9be6d9ba6e9ae7099a6f9a26d,521515555d5094b52d4b559405214955d4652556559505594652d4152d545595550948575415354d,1,1,1,1
281,281,0,755,55d,685a169da269da66e9a46fda76eda3699a06edbb68da4695bb6e5ac691bc691a1695b96e9bb6e5a4,274,c0f02c0f02c0b02c0b02c0b02c0b02c0b02c0b02c0b02c0b06c1b4fd3b4ec2b02c0b06c0b02c0b02,5bb,9d66d992659b6719b66f9c6719c2679c26f992679ae6e9ce6e9c66d9be6d9ba6e9ae7099a6f9a26d,521515555d5094b52d4b559405214955d4652556559505594652d4152d545595550948575415354d,1,1,1,1
282,282,0,74c,548,685a169da269da66e9a46fda76eda3699a06edbb68da4695bb6e5ac691bc691a1695b96e9bb6e5a4,26a,c0f02c0f02c0b02c0b02c0b02c0b02c0b02c0b02c0b02c0b06c1b4fd3b4ec2b02c0b06c0b02c0b02,5a0,9d66d992659b6719b66f9c6719c2679c26f992679ae6e9ce6e9c66d9be6d9ba6e9ae7099a6f9a26d,521515555d5094b52d4b559405214955d4652556559505594652d4152d545595550948575415354d,1,1,1,1
283,283,0,753,549,685a169da269da66e9a46fda76eda3699a06edbb68da4695bb6e5ac691bc691a1695b96e9bb6e5a4,271,c0f02c0f02c0b02c0b02c0b02c0b02c0b02c0b02c0b02c0b06c1b4fd3b4ec2b02c0b06c0b02c0b02,5a1,9d66d992659b6719b66f9c6719c2679c26f992679ae6e9ce6e9c66d9be6d9ba6e9ae7099a6f9a26d,521515555d5094b52d4b559405214955d4652556559505594652d4152d545595550948575415354d,1,1,1,1
284,284,0,74d,557,685a169da269da66e9a46fda76eda3699a06edbb68da4695bb6e5ac691bc691a1695b96e9bb6e5a4,66d,c0f02c0f02c0b02c0b02c0b02c0b02c0b02c0b02c0b02c0b06c1b4fd3b4ec2b02c0b06c0b02c0b02,5a0,9d66d992659b6719b66f9c6719c2679c26f992679ae6e9ce6e9c66d9be6d9ba6e9ae7099a6f9a26d,521515555d5094b52d4b559405214955d4652556559505594652d4152d545595550948575415354d,1,1,1,1
285,285,0,756,556,685a169da269da66e9a46fda76eda3699a06edbb68da4695bb6e5ac691bc691a1695b96e9bb6e5a4,674,c0f02c0f02c0b02c0b02c0b02c0b02c0b02c0b02c0b02c0b06c1b4fd3b4ec2b02c0b06c0b02c0b02,5bb,9d66d99e649b6709b66f9ba71982679826c992679ae6e9ee6e9e66d9be6d9ba6e9ae7199a6d9826a,521515555d5094b52d4b559405214955d4652556559505594652d4152d545595550948575415354d,1,1,1,1
286,286,0,756,54a,685a169da269da66e9a46fda76eda3699a06edbb68da4695bb6e5ac691bc691a1695b96e9bb6e5a4,664,c0f02c0f02c0b02c0b02c0b02c0b02c0b02c0b02c0b02c0b06c1b4fd3b4ec2b02c0b06c0b02c0b02,5b8,9d66d99e649b6709b66f9ba71982679826c992679ae6e9ee6e9e66d9be6d9ba6e9ae7199a6d9826a,521515555d5094b52d4b559405214955d4652556559505594652d4152d545595550948575415354d,1,1,1,1
287,287,0,34c,557,685a169da269da66e9a46fda76eda3699a06edbb68da4695bb6e5ac691bc691a1695b96e9bb6e5a4,66e,c0f02c0f02c0b02c0b02c0b02c0b02c0b02c0b02c0b02c0b06c1b4fd3b4ec2b02c0b06c0b02c0b02,1a0,9d66d99e649b6709b66f9ba71982679826c992679ae6e9ee6e9e66d9be6d9ba6e9ae7199a6d9826a,521515555d5094b52d4b559405214955d4652556559505594652d4152d545595550948575415354d,1,1,1,1
288,288,0,34c,156,685a169da269da66e9a46fda76eda3699a06edbb68da4695bb6e5ac691bc691a1695b96e9bb6e5a4,671,c0f02c0f02c0b02c0b02c0b02c0b02c0b02c0b02c0b02c0b06c1b4fd3b4ec2b02c0b06c0b02c0b02,1a4,9d66d99e649b6709b66f9ba71982679826c992679ae6e9ee6e9e66d9be6d9ba6e9ae7199a6d9826a,521515555d5094b52d4b559405214955d4652556559505594652d4152d545595550948575415354d,1,1,1,1
289,289,0,348,152,685a169da269da66e9a46fda76eda3699a06edbb68da4695bb6e5ac691bc691a1695b96e9bb6e5a4,669,c0f02c0f02c0b02c0b02c0b02c0b02c0b02c0b02c0b02c0b06c1b4fd3b4ec2b02c0b06c0b02c0b02,1a4,9d66d99e649b6709b66f9ba71982679826c992679ae6e9ee6e9e66d9be6d9ba6e9ae7199a6d9826a,521515555d5094b52d4b559405214955d4652556559505594652d4152d545595550948575415354d,1,1,1,1
290,290,0,357,157,685a169da269da66e9a46fda76eda3699a06edbb68da4695bb6e5ac691bc691a1695b96e9bb6e5a4,66c,c0f02c0f02c0b02c0b02c0b02c0b02c0b02c0b02c0b02c0b06c1b4fd3b4ec2b02c0b06c0b02c0b02,1bb,9d66d99e649b6709b66f9ba71982679826c992679ae6e9ee6e9e66d9be6d9ba6e9ae7199a6d9826a,521515555d5094b52d4b559405214955d4652556559505594652d4152d545595550948575415354d,1,1,1,1
291,291,0,356,156,685a169da269da66e9a46fda76eda3699a06edbb68da4695bb6e5ac691bc691a1695b96e9bb6e5a4,66e,c0f02c0f02c0b02c0b02c0b02c0b02c0b02c0b02c0b02c0b06c1b4fd3b4ec2b02c0b06c0b02c0b02,1b8,9d66d99e649b6709b66f9ba71982679826c992679ae6e9ee6e9e66d9be6d9ba6e9ae7199a6d9826a,521515555d5094b52d4b559405214955d4652556559505594652d4152d545595550948575415354d,1,1,1,1
292,292,0,352,14b,685a169da269da66e9a46fda76eda3699a06edbb68da4695bb6e5ac691bc691a1695b96e9bb6e5a4,66e,c0f02c0f02c0b02c0b02c0b02c0b02c0b02c0b02c0b02c0b06c1b4fd3b4ec2b02c0b06c0b02c0b02,1af,9d66d99e649b6709b66f9ba71982679826c992679ae6e9ee6e9e66d9be6d9ba6e9ae7199a6d9826a,521515555d5094b52d4b559405214955d4652556559505594652d4152d545595550948575415354d,1,1,1,1
293,293,0,349,150,685a169da269da66e9a46fda76eda3699a06edbb68da4695bb6e5ac691bc691a1695b96e9bb6e5a4,674,c0f02c0f02c0b02c0b02c0b02c0b02c0b02c0b02c0b02c0b06c1b4fd3b4ec2b02c0b06c0b02c0b02,1a4,9d66d99e649b6709b66f9ba71982679826c992679ae6e9ee6e9e66d9be6d9ba6e9ae7199a6d9826a,521515555d5094b52d4b559405214955d4652556559505594652d4152d545595550948575415354d,1,1,1,1
294,294,0,34c,148,685a169da269da66e9a46fda76eda3699a06edbb68da4695bb6e5ac691bc691a1695b96e9bb6e5a4,660,c0f02c0f02c0b02c0b02c0b02c0b02c0b02c0b02c0b02c0b06c1b4fd3b4ec2b02c0b06c0b02c0b02,1be,9d66d99e649b6709b66f9ba71982679826c992679ae6e9ee6e9e66d9be6d9ba6e9ae7199a6d9826a,521515555d5094b52d4b559405214955d4652556559505594652d4152d545595550948575415354d,1,1,1,1
295,295,0,348,156,685a169da269da66e9a46fda76eda3699a06edbb68da4695bb6e5ac691bc691a1695b96e9bb6e5a4,674,c0f02c0f02c0b02c0b02c0b02c0b02c0b02c0b02c0b02c0b06c1b4fd3b4ec2b02c0b06c0b02c0b02,1a5,9d66d99e649b6709b66f9ba71982679826c992679ae6e9ee6e9e66d9be6d9ba6e9ae7199a6d9826a,521515555d5094b52d4b559405214955d4652556559505594652d4152d545595550948575415354d,1,1,1,1
296,296,0,352,154,685a169da269da66e9a46fda76eda3699a06edbb68da4695bb6e5ac691bc691a1695b96e9bb6e5a4,669,c0f02c0f02c0b02c0b02c0b02c0b02c0b02c0b02c0b02c0b06c1b4fd3b4ec2b02c0b06c0b02c0b02,1a6,9d66d99e649b6709b66f9ba71982679826c992679ae6e9ee6e9e66d9be6d9ba6e9ae7199a6d9826a,521515555d5094b52d4b559405214955d4652556559505594652d4152d545595550948575415354d,1,1,1,1
297,297,0,350,156,685a169da269da66e9a46fda76eda3699a06edbb68da4695bb6e5ac691bc691a1695b96e9bb6e5a4,674,c0f02c0f02c0b02c0b02c0b02c0b02c0b02c0b02c0b02c0b06c1b4fd3b4ec2b02c0b06c0b02c0b02,1a5,9d66d99e649b6709b66f9ba71982679826c992679ae6e9ee6e9e66d9be6d9ba6e9ae7199a6d9826a,521515555d5094b52d4b559405214955d4652556559505594652d4152d545595550948575415354d,1,1,1,1
298,298,0,34a,156,685a169da269da66e9a46fda76eda3699a06edbb68da4695bb6e5ac691bc691a1695b96e9bb6e5a4,667,c0f02c0f02c0b02c0b02c0b02c0b02c0b02c0b02c0b02c0b06c1b4fd3b4ec2b02c0b06c0b02c0b02,1b9,9d66d99e649b6709b66f9ba71982679826c992679ae6e9ee6e9e66d9be6d9ba6e9ae7199a6d9826a,521515555d5094b52d4b559405214955d4652556559505594652d4152d545595550948575415354d,1,1,1,1
299,299,0,350,14a,685a169da269da66e9a46fda76eda3699a06edbb68da4695bb6e5ac691bc691a1695b96e9bb6e5a4,66f,c0f02c0f02c0b02c0b02c0b02c0b02c0b02c0b02c0b02c0b06c1b4fd3b4ec2b02c0b06c0b02c0b02,1bb,9d66d99e649b6709b66f9ba71982679826c992679ae6e9ee6e9e66d9be6d9ba6e9ae7199a6d9826a,521515555d5094b52d4b559405214955d4652556559505594652d4152d545595550948575415354d,1,1,1,1
300,300,0,349,15c,685a169da269da66e9a46fda76eda3699a06edbb68da4695bb6e5ac691bc691a1695b96e9bb6e5a4,271,c0f02c0f02c0b02c0b02c0b02c0b02c0b02c0b02c0b02c0b06c1b4fd3b4ec2b02c0b06c0b02c0b02,1b9,9d66d99e649b6709b66f9ba71982679826c992679ae6e9ee6e9e66d9be6d9ba6e9ae7199a6d9826a,521515555d5094b52d4b559405214955d4652556559505594652d4152d545595550948575415354d,1,1,1,1
301,301,0,355,151,685a169da269da66e9a46fda76eda3699a06edbb68da4695bb6e5ac691bc691a1695b96e9bb6e5a4,273,c0f02c0f02c0b02c0b02c0b02c0b02c0b02c0b02c0b02c0b06c1b4fd3b4ec2b02c0b06c0b02c0b02,1b9,9d66d99e649b6709b66f9ba71982679826c992679ae6e9ee6e9e66d9be6d9ba6e9ae7199a6d9826a,521515555d5094b52d4b559405214955d4652556559505594652d4152d545595550948575415354d,1,1,1,1
302,302,0,348,14f,685a169da269da66e9a46fda76eda3699a06edbb68da4695bb6e5ac691bc691a1695b96e9bb6e5a4,26a,c0f02c0f02c0b02c0b02c0b02c0b02c0b02c0b02c0b02c0b06c1b4fd3b4ec2b02c0b06c0b02c0b02,1a4,9d66d99e649b6709b66f9ba71982679826c992679ae6e9ee6e9e66d9be6d9ba6e9ae7199a6d9826a,521515555d5094b52d4b559405214955d4652556559505594652d4152d545595550948575415354d,1,1,1,1
303,303,0,753,15d,685a169da269da66e9a46fda76eda3699a06edbb68da4695bb6e5ac691bc691a1695b96e9bb6e5a4,275,c0f02c0f02c0b02c0b02c0b02c0b02c0b02c0b02c0b02c0b06c1b4fd3b4ec2b02c0b06c0b02c0b02,5a1,9d66d99e649b6709b66f9ba71982679826c992679ae6e9ee6e9e66d9be6d9ba6e9ae7199a6d9826a,521515555d5094b52d4b559405214955d4652556559505594652d4152d545595550948575415354d,1,1,1,1
304,304,0,756,54b,685a669da2691a66eda46fda76eda0685a06edb8681a4691bb6e1af691bc695a6695b96edbb6e5a4,269,c0f02c0f02c0b02c0b02c0b02c0b02c0b02c0b02c0b02c0b06c1b42d2f4ec2b02c0b02c0b02c0b02,5a6,9d66d99e649b6709b66f9ba71982679826c992679ae6e9ee6e9e66d9be6d9ba6e9ae7199a6d9826a,521515555d5094b52d4b559405214955d4652556559505594652d4152d545595550948575415354d,1,1,1,1
305,305,0,756,551,685a669da2691a66eda46fda76eda0685a06edb8681a4691bb6e1af691bc695a6695b96edbb6e5a4,26f,c0f02c0f02c0b02c0b02c0b02c0b02c0b02c0b02c0b02c0b06c1b42d2f4ec2b02c0b02c0b02c0b02,5a7,9d66d99e649b6709b66f9ba71982679826c992679ae6e9ee6e9e66d9be6d9ba6e9ae7199a6d9826a,521515515c5014b52d4b5554d5214955d46529575595255d5652540521545595651948571415354d,1,1,1,1
306,306,0,752,554,685a669da2691a66eda46fda76eda0685a06edb8681a4691bb6e1af691bc695a6695b96edbb6e5a4,26d,c0f02c0f02c0b02c0b02c0b02c0b02c0b02c0b02c0b02c0b06c1b42d2f4ec2b02c0b02c0b02c0b02,5a2,9d66d99e649b6709b66f9ba71982679826c992679ae6e9ee6e9e66d9be6d9ba6e9ae7199a6d9826a,521515515c5014b52d4b5554d5214955d46529575595255d5652540521545595651948571415354d,1,1,1,1
307,307,0,74f,55c,685a669da2691a66eda46fda76eda0685a06edb8681a4691bb6e1af691bc695a6695b96edbb6e5a4,26e,c0f02c0f02c0b02c0b02c0b02c0b02c0b02c0b02c0b02c0b06c1b42d2f4ec2b02c0b02c0b02c0b02,5a7,9d66d99e649b6709b66f9ba71982679826c992679ae6e9ee6e9e66d9be6d9ba6e9ae7199a6d9826a,521515515c5014b52d4b5554d5214955d46529575595255d5652540521545595651948571415354d,1,1,1,1
308,308,0,74f,553,685a669da2691a66eda46fda76eda0685a06edb8681a4691bb6e1af691bc695a6695b96edbb6e5a4,275,c0f02c0f02c0b02c0b02c0b02c0b02c0b02c0b02c0b02c0b06c1b42d2f4ec2b02c0b02c0b02c0b02,5a1,9d66d99e649b6709b66f9ba71982679826c992679ae6e9ee6e9e66d9be6d9ba6e9ae7199a6d9826a,521515515c5014b52d4b5554d5214955d46529575595255d5652540521545595651948571415354d,1,1,1,1
309,309,0,750,54b,685a669da2691a66eda46fda76eda0685a06edb8681a4691bb6e1af691bc695a6695b96edbb6e5a4,26b,c0f02c0f02c0b02c0b02c0b02c0b02c0b02c0b02c0b02c0b06c1b42d2f4ec2b02c0b02c0b02c0b02,5bb,9d66d99e649b6709b66f9ba71982679826c992679ae6e9ee6e9e66d9be6d9ba6e9ae7199a6d9826a,521515515c5014b52d4b5554d5214955d46529575595255d5652540521545595651948571415354d,1,1,1,1
310,310,0,74c,54a,685a669da2691a66eda46fda76eda0685a06edb8681a4691bb6e1af691bc695a6695b96edbb6e5a4,270,c0f02c0f02c0b02c0b02c0b02c0b02c0b02c0b02c0b02c0b06c1b42d2f4ec2b02c0b02c0b02c0b02,5a4,9d66d99e649b6709b66f9ba71982679826c992679ae6e9ee6e9e66d9be6d9ba6e9ae7199a6d9826a,521515515c5014b52d4b5554d5214955d46529575595255d5652540521545595651948571415354d,1,1,1,1
311,311,0,756,54b,685a669da2691a66eda46fda76eda0685a06edb8681a4691bb6e1af691bc695a6695b96edbb6e5a4,269,c0f02c0f02c0b02c0b02c0b02c0b02c0b02c0b02c0b02c0b06c1b42d2f4ec2b02c0b02c0b02c0b02,5bc,9d66d99e649b6709b66f9ba71982679826c992679ae6e9ee6e9e66d9be6d9ba6e9ae7199a6d9826a,521515515c5014b52d4b5554d5214955d46529575595255d5652540521545595651948571415354d,1,1,1,1
312,312,0,75a,556,685a669da2691a66eda46fda76eda0685a06edb8681a4691bb6e1af691bc695a6695b96edbb6e5a4,268,c0f02c0f02c0b02c0b02c0b02c0b02c0b02c0b02c0b02c0b06c1b42d2f4ec2b02c0b02c0b02c0b02,5a7,9d66d99e649b6709b66f9ba71982679826c992679ae6e9ee6e9e66d9be6d9ba6e9ae7199a6d9826a,521515515c5014b52d4b5554d5214955d46529575595255d5652540521545595651948571415354d,1,1,1,1
313,313,0,755,55d,685a669da2691a66eda46fda76eda0685a06edb8681a4691bb6e1af691bc695a6695b96edbb6e5a4,274,c0f02c0f02c0b02c0b02c0b02c0b02c0b02c0b02c0b02c0b06c1b42d2f4ec2b02c0b02c0b02c0b02,5bb,9d66d99e649b6709b66f9ba71982679826c992679ae6e9ee6e9e66d9be6d9ba6e9ae7199a6d9826a,521515515c5014b52d4b5554d5214955d46529575595255d5652540521545595651948571415354d,1,1,1,1
314,314,0,74c,548,685a669da2691a66eda46fda76eda0685a06edb8681a4691bb6e1af691bc695a6695b96edbb6e5a4,26a,c0f02c0f02c0b02c0b02c0b02c0b02c0b02c0b02c0b02c0b06c1b42d2f4ec2b02c0b02c0b02c0b02,5a3,9d66d99e649b6709b66f9ba71982679826c992679ae6e9ee6e9e66d9be6d9ba6e9ae7199a6d9826a,521515515c5014b52d4b5554d5214955d46529575595255d5652540521545595651948571415354d,1,1,1,1
315,315,0,750,549,685a669da2691a66eda46fda76eda0685a06edb8681a4691bb6e1af691bc695a6695b96edbb6e5a4,270,c0f02c0f02c0b02c0b02c0b02c0b02c0b02c0b02c0b02c0b06c1b42d2f4ec2b02c0b02c0b02c0b02,5a6,9d66d99e649b6709b66f9ba71982679826c992679ae6e9ee6e9e66d9be6d9ba6e9ae7199a6d9826a,521515515c5014b52d4b5554d5214955d46529575595255d5652540521545595651948571415354d,1,1,1,1
316,316,0,752,556,685a669da2691a66eda46fda76eda0685a06edb8681a4691bb6e1af691bc695a6695b96edbb6e5a4,66d,c0f02c0f02c0b02c0b02c0b02c0b02c0b02c0b02c0b02c0b06c1b42d2f4ec2b02c0b02c0b02c0b02,5a3,9d66d99e649b6709b66f9ba71982679826c992679ae6e9ee6e9e66d9be6d9ba6e9ae7199a6d9826a,521515515c5014b52d4b5554d5214955d46529575595255d5652540521545595651948571415354d,1,1,1,1
317,317,0,756,557,685a669da2691a66eda46fda76eda0685a06edb8681a4691bb6e1af691bc695a6695b96edbb6e5a4,674,c0f02c0f02c0b02c0b02c0b02c0b02c0b02c0b02c0b02c0b06c1b42d2f4ec2b02c0b02c0b02c0b02,5ba,9b66d992649aa719b66c9ba6e9c2649c26d992679ae719ce6e9c66d9be6d9ba719ae709a66c9c26a,521515515c5014b52d4b5554d5214955d46529575595255d5652540521545595651948571415354d,1,1,1,1
318,318,0,756,54a,685a669da2691a66eda46fda76eda0685a06edb8681a4691bb6e1af691bc695a6695b96edbb6e5a4,665,c0f02c0f02c0b02c0b02c0b02c0b02c0b02c0b02c0b02c0b06c1b42d2f4ec2b02c0b02c0b02c0b02,5bb,9b66d992649aa719b66c9ba6e9c2649c26d992679ae719ce6e9c66d9be6d9ba719ae709a66c9c26a,521515515c5014b52d4b5554d5214955d46529575595255d5652540521545595651948571415354d,1,1,1,1
319,319,0,34c,554,685a669da2691a66eda46fda76eda0685a06edb8681a4691bb6e1af691bc695a6695b96edbb6e5a4,66e,c0f02c0f02c0b02c0b02c0b02c0b02c0b02c0b02c0b02c0b06c1b42d2f4ec2b02c0b02c0b02c0b02,1a0,9b66d992649aa719b66c9ba6e9c2649c26d992679ae719ce6e9c66d9be6d9ba719ae709a66c9c26a,521515515c5014b52d4b5554d5214955d46529575595255d5652540521545595651948571415354d,1,1,1,1
320,320,0,34c,156,685a669da2691a66eda46fda76eda0685a06edb8681a4691bb6e1af691bc695a6695b96edbb6e5a4,671,c0f02c0f02c0b02c0b02c0b02c0b02c0b02c0b02c0b02c0b06c1b42d2f4ec2b02c0b02c0b02c0b02,1a7,9b66d992649aa719b66c9ba6e9c2649c26d992679ae719ce6e9c66d9be6d9ba719ae709a66c9c26a,521515515c5014b52d4b5554d5214955d46529575595255d5652540521545595651948571415354d,1,1,1,1
321,321,0,34b,152,685a669da2691a66eda46fda76eda0685a06edb8681a4691bb6e1af691bc695a6695b96edbb6e5a4,669,c0f02c0f02c0b02c0b02c0b02c0b02c0b02c0b02c0b02c0b06c1b42d2f4ec2b02c0b02c0b02c0b02,1a5,9b66d992649aa719b66c9ba6e9c2649c26d992679ae719ce6e9c66d9be6d9ba719ae709a66c9c26a,521515515c5014b52d4b5554d5214955d46529575595255d5652540521545595651948571415354d,1,1,1,1
322,322,0,356,154,685a669da2691a66eda46fda76eda0685a06edb8681a4691bb6e1af691bc695a6695b96edbb6e5a4,66c,c0f02c0f02c0b02c0b02c0b02c0b02c0b02c0b02c0b02c0b06c1b42d2f4ec2b02c0b02c0b02c0b02,1b8,9b66d992649aa719b66c9ba6e9c2649c26d992679ae719ce6e9c66d9be6d9ba719ae709a66c9c26a,521515515c5014b52d4b5554d5214955d46529575595255d5652540521545595651948571415354d,1,1,1,1
323,323,0,357,156,685a669da2691a66eda46fda76eda0685a06edb8681a4691bb6e1af691bc695a6695b96edbb6e5a4,675,c0f02c0f02c0b02c0b02c0b02c0b02c0b02c0b02c0b02c0b06c1b42d2f4ec2b02c0b02c0b02c0b02,1b8,9b66d992649aa719b66c9ba6e9c2649c26d992679ae719ce6e9c66d9be6d9ba719ae709a66c9c26a,521515515c5014b52d4b5554d5214955d46529575595255d5652540521545595651948571415354d,1,1,1,1
324,324,0,34d,14b,685a669da2691a66eda46fda76eda0685a06edb8681a4691bb6e1af691bc695a6695b96edbb6e5a4,671,c0f02c0f02c0b02c0b02c0b02c0b02c0b02c0b02c0b02c0b06c1b42d2f4ec2b02c0b02c0b02c0b02,1af,9b66d992649aa719b66c9ba6e9c2649c26d992679ae719ce6e9c66d9be6d9ba719ae709a66c9c26a,521515515c5014b52d4b5554d5214955d46529575595255d5652540521545595651948571415354d,1,1,1,1
325,325,0,34e,150,685a669da2691a66eda46fda76eda0685a06edb8681a4691bb6e1af691bc695a6695b96edbb6e5a4,670,c0f02c0f02c0b02c0b02c0b02c0b02c0b02c0b02c0b02c0b06c1b42d2f4ec2b02c0b02c0b02c0b02,1a4,9b66d992649aa719b66c9ba6e9c2649c26d992679ae719ce6e9c66d9be6d9ba719ae709a66c9c26a,521515515c5014b52d4b5554d5214955d46529575595255d5652540521545595651948571415354d,1,1,1,1
326,326,0,34c,149,685a669da2691a66eda46fda76eda0685a06edb8681a4691bb6e1af691bc695a6695b96edbb6e5a4,660,c0f02c0f02c0b02c0b02c0b02c0b02c0b02c0b02c0b02c0b06c1b42d2f4ec2b02c0b02c0b02c0b02,1be,9b66d992649aa719b66c9ba6e9c2649c26d992679ae719ce6e9c66d9be6d9ba719ae709a66c9c26a,521515515c5014b52d4b5554d5214955d46529575595255d5652540521545595651948571415354d,1,1,1,1
327,327,0,348,156,685a669da2691a66eda46fda76eda0685a06edb8681a4691bb6e1af691bc695a6695b96edbb6e5a4,674,c0f02c0f02c0b02c0b02c0b02c0b02c0b02c0b02c0b02c0b06c1b42d2f4ec2b02c0b02c0b02c0b02,1a4,9b66d992649aa719b66c9ba6e9c2649c26d992679ae719ce6e9c66d9be6d9ba719ae709a66c9c26a,521515515c5014b52d4b5554d5214955d46529575595255d5652540521545595651948571415354d,1,1,1,1
328,328,0,352,154,685a669da2691a66eda46fda76eda0685a06edb8681a4691bb6e1af691bc695a6695b96edbb6e5a4,668,c0f02c0f02c0b02c0b02c0b02c0b02c0b02c0b02c0b02c0b06c1b42d2f4ec2b02c0b02c0b02c0b02,1a1,9b66d992649aa719b66c9ba6e9c2649c26d992679ae719ce6e9c66d9be6d9ba719ae709a66c9c26a,521515515c5014b52d4b5554d5214955d46529575595255d5652540521545595651948571415354d,1,1,1,1
329,329,0,350,157,685a669da2691a66eda46fda76eda0685a06edb8681a4691bb6e1af691bc695a6695b96edbb6e5a4,674,c0f02c0f02c0b02c0b02c0b02c0b02c0b02c0b02c0b02c0b06c1b42d2f4ec2b02c0b02c0b02c0b02,1a5,9b66d992649aa719b66c9ba6e9c2649c26d992679ae719ce6e9c66d9be6d9ba719ae709a66c9c26a,521515515c5014b52d4b5554d5214955d46529575595255d5652540521545595651948571415354d,1,1,1,1
330,330,0,34a,151,685a669da2691a66eda46fda76eda0685a06edb8681a4691bb6e1af691bc695a6695b96edbb6e5a4,667,c0f02c0f02c0b02c0b02c0b02c0b02c0b02c0b02c0b02c0b06c1b42d2f4ec2b02c0b02c0b02c0b02,1be,9b66d992649aa719b66c9ba6e9c2649c26d992679ae719ce6e9c66d9be6d9ba719ae709a66c9c26a,521515515c5014b52d4b5554d5214955d46529575595255d5652540521545595651948571415354d,1,1,1,1
331,331,0,351,14a,685a669da2691a66eda46fda76eda0685a06edb8681a4691bb6e1af691bc695a6695b96edbb6e5a4,66f,c0f02c0f02c0b02c0b02c0b02c0b02c0b02c0b02c0b02c0b06c1b42d2f4ec2b02c0b02c0b02c0b02,1bb,9b66d992649aa719b66c9ba6e9c2649c26d992679ae719ce6e9c66d9be6d9ba719ae709a66c9c26a,521515515c5014b52d4b5554d5214955d46529575595255d5652540521545595651948571415354d,1,1,1,1
332,332,0,348,15d,685a669da2691a66eda46fda76eda0685a06edb8681a4691bb6e1af691bc695a6695b96edbb6e5a4,271,c0f02c0f02c0b02c0b02c0b02c0b02c0b02c0b02c0b02c0b06c1b42d2f4ec2b02c0b02c0b02c0b02,1b9,9b66d992649aa719b66c9ba6e9c2649c26d992679ae719ce6e9c66d9be6d9ba719ae709a66c9c26a,521515515c5014b52d4b5554d5214955d46529575595255d5652540521545595651948571415354d,1,1,1,1
333,333,0,355,156,685a669da2691a66eda46fda76eda0685a06edb8681a4691bb6e1af691bc695a6695b96edbb6e5a4,273,c0f02c0f02c0b02c0b02c0b02c0b02c0b02c0b02c0b02c0b06c1b42d2f4ec2b02c0b02c0b02c0b02,1b9,9b66d992649aa719b66c9ba6e9c2649c26d992679ae719ce6e9c66d9be6d9ba719ae709a66c9c26a,521515515c5014b52d4b5554d5214955d46529575595255d5652540521545595651948571415354d,1,1,1,1
334,334,0,34b,14f,685a669da2691a66eda46fda76eda0685a06edb8681a4691bb6e1af691bc695a6695b96edbb6e5a4,26a,c0f02c0f02c0b02c0b02c0b02c0b02c0b02c0b02c0b02c0b06c1b42d2f4ec2b02c0b02c0b02c0b02,1a4,9b66d992649aa719b66c9ba6e9c2649c26d992679ae719ce6e9c66d9be6d9ba719ae709a66c9c26a,521515515c5014b52d4b5554d5214955d46529575595255d5652540521545595651948571415354d,1,1,1,1
335,335,0,753,15d,685a669da2691a66eda46fda76eda0685a06edb8681a4691bb6e1af691bc695a6695b96edbb6e5a4,274,c0f02c0f02c0b02c0b02c0b02c0b02c0b02c0b02c0b02c0b06c1b42d2f4ec2b02c0b02c0b02c0b02,5a6,9b66d992649aa719b66c9ba6e9c2649c26d992679ae719ce6e9c66d9be6d9ba719ae709a66c9c26a,521515515c5014b52d4b5554d5214955d46529575595255d5652540521545595651948571415354d,1,1,1,1
336,336,0,756,54b,685a669da269da16eda46f1a76eda3699a36e9bb681a7695b86e1af691bc691a1695bc6edbb6e5a4,269,c0f02c0f02c0b02c0b02c0b02c0b02c0b02c0b02c0b02c0b06c1f4fd3b4ec2b02c0b02c0b02c0b02,5a6,9b66d992649aa719b66c9ba6e9c2649c26d992679ae719ce6e9c66d9be6d9ba719ae709a66c9c26a,521515515c5014b52d4b5554d5214955d46529575595255d5652540521545595651948571415354d,1,1,1,1
337,337,0,756,551,685a669da269da16eda46f1a76eda3699a36e9bb681a7695b86e1af691bc691a1695bc6edbb6e5a4,26c,c0f02c0f02c0b02c0b02c0b02c0b02c0b02c0b02c0b02c0b06c1f4fd3b4ec2b02c0b02c0b02c0b02,5a4,9b66d992649aa719b66c9ba6e9c2649c26d992679ae719ce6e9c66d9be6d9ba719ae709a66c9c26a,525515515c50d4b5294b5514d52149559475215455950559465254052d545595550d4857d465354f,1,1,1,1
338,338,0,752,554,685a669da269da16eda46f1a76eda3699a36e9bb681a7695b86e1af691bc691a1695bc6edbb6e5a4,26e,c0f02c0f02c0b02c0b02c0b02c0b02c0b02c0b02c0b02c0b06c1f4fd3b4ec2b02c0b02c0b02c0b02,5ad,9b66d992649aa719b66c9ba6e9c2649c26d992679ae719ce6e9c66d9be6d9ba719ae709a66c9c26a,525515515c50d4b5294b5514d52149559475215455950559465254052d545595550d4857d465354f,1,1,1,1
339,339,0,74e,55c,685a669da269da16eda46f1a76eda3699a36e9bb681a7695b86e1af691bc691a1695bc6edbb6e5a4,26a,c0f02c0f02c0b02c0b02c0b02c0b02c0b02c0b02c0b02c0b06c1f4fd3b4ec2b02c0b02c0b02c0b02,5a7,9b66d992649aa719b66c9ba6e9c2649c26d992679ae719ce6e9c66d9be6d9ba719ae709a66c9c26a,525515515c50d4b5294b5514d52149559475215455950559465254052d545595550d4857d465354f,1,1,1,1
340,340,0,74f,550,685a669da269da16eda46f1a76eda3699a36e9bb681a7695b86e1af691bc691a1695bc6edbb6e5a4,26e,c0f02c0f02c0b02c0b02c0b02c0b02c0b02c0b02c0b02c0b06c1f4fd3b4ec2b02c0b02c0b02c0b02,5a6,9b66d992649aa719b66c9ba6e9c2649c26d992679ae719ce6e9c66d9be6d9ba719ae709a66c9c26a,525515515c50d4b5294b5514d52149559475215455950559465254052d545595550d4857d465354f,1,1,1,1
341,341,0,750,54b,685a669da269da16eda46f1a76eda3699a36e9bb681a7695b86e1af691bc691a1695bc6edbb6e5a4,26f,c0f02c0f02c0b02c0b02c0b02c0b02c0b02c0b02c0b02c0b06c1f4fd3b4ec2b02c0b02c0b02c0b02,5ba,9b66d992649aa719b66c9ba6e9c2649c26d992679ae719ce6e9c66d9be6d9ba719ae709a66c9c26a,525515515c50d4b5294b5514d52149559475215455950559465254052d545595550d4857d465354f,1,1,1,1
342,342,0,74c,54b,685a669da269da16eda46f1a76eda3699a36e9bb681a7695b86e1af691bc691a1695bc6edbb6e5a4,270,c0f02c0f02c0b02c0b02c0b02c0b02c0b02c0b02c0b02c0b06c1f4fd3b4ec2b02c0b02c0b02c0b02,5a4,9b66d992649aa719b66c9ba6e9c2649c26d992679ae719ce6e9c66d9be6d9ba719ae709a66c9c26a,525515515c50d4b5294b5514d52149559475215455950559465254052d545595550d4857d465354f,1,1,1,1
343,343,0,756,54b,685a669da269da16eda46f1a76eda3699a36e9bb681a7695b86e1af691bc691a1695bc6edbb6e5a4,269,c0f02c0f02c0b02c0b02c0b02c0b02c0b02c0b02c0b02c0b06c1f4fd3b4ec2b02c0b02c0b02c0b02,5bf,9b66d992649aa719b66c9ba6e9c2649c26d992679ae719ce6e9c66d9be6d9ba719ae709a66c9c26a,525515515c50d4b5294b5514d52149559475215455950559465254052d545595550d4857d465354f,1,1,1,1
344,344,0,75a,557,685a669da269da16eda46f1a76eda3699a36e9bb681a7695b86e1af691bc691a1695bc6edbb6e5a4,26b,c0f02c0f02c0b02c0b02c0b02c0b02c0b02c0b02c0b02c0b06c1f4fd3b4ec2b02c0b02c0b02c0b02,5a7,9b66d992649aa719b66c9ba6e9c2649c26d992679ae719ce6e9c66d9be6d9ba719ae709a66c9c26a,525515515c50d4b5294b5514d52149559475215455950559465254052d545595550d4857d465354f,1,1,1,1
345,345,0,754,55d,685a669da269da16eda46f1a76eda3699a36e9bb681a7695b86e1af691bc691a1695bc6edbb6e5a4,277,c0f02c0f02c0b02c0b02c0b02c0b02c0b02c0b02c0b02c0b06c1f4fd3b4ec2b02c0b02c0b02c0b02,5bb,9b66d992649aa719b66c9ba6e9c2649c26d992679ae719ce6e9c66d9be6d9ba719ae709a66c9c26a,525515515c50d4b5294b5514d52149559475215455950559465254052d545595550d4857d465354f,1,1,1,1
346,346,0,74c,548,685a669da269da16eda46f1a76eda3699a36e9bb681a7695b86e1af691bc691a1695bc6edbb6e5a4,26a,c0f02c0f02c0b02c0b02c0b02c0b02c0b02c0b02c0b02c0b06c1f4fd3b4ec2b02c0b02c0b02c0b02,5a3,9b66d992649aa719b66c9ba6e9c2649c26d992679ae719ce6e9c66d9be6d9ba719ae709a66c9c26a,525515515c50d4b5294b5514d52149559475215455950559465254052d545595550d4857d465354f,1,1,1,1
347,347,0,750,549,685a669da269da16eda46f1a76eda3699a36e9bb681a7695b86e1af691bc691a1695bc6edbb6e5a4,270,c0f02c0f02c0b02c0b02c0b02c0b02c0b02c0b02c0b02c0b06c1f4fd3b4ec2b02c0b02c0b02c0b02,5a6,9b66d992649aa719b66c9ba6e9c2649c26d992679ae719ce6e9c66d9be6d9ba719ae709a66c9c26a,525515515c50d4b5294b5514d52149559475215455950559465254052d545595550d4857d465354f,1,1,1,1
348,348,0,752,557,685a669da269da16eda46f1a76eda3699a36e9bb681a7695b86e1af691bc691a1695bc6edbb6e5a4,66d,c0f02c0f02c0b02c0b02c0b02c0b02c0b02c0b02c0b02c0b06c1f4fd3b4ec2b02c0b02c0b02c0b02,5a0,9b66d992649aa719b66c9ba6e9c2649c26d992679ae719ce6e9c66d9be6d9ba719ae709a66c9c26a,525515515c50d4b5294b5514d52149559475215455950559465254052d545595550d4857d465354f,1,1,1,1
349,349,0,756,557,685a669da269da16eda46f1a76eda3699a36e9bb681a7695b86e1af691bc691a1695bc6edbb6e5a4,677,c0f02c0f02c0b02c0b02c0b02c0b02c0b02c0b02c0b02c0b06c1f4fd3b4ec2b02c0b02c0b02c0b02,5ba,9d26d992659aa719b66c9c6719c2649c26c9d2679ae719ce6e9c26d9b26a9ba6e9ae709a66f9ce6a,525515515c50d4b5294b5514d52149559475215455950559465254052d545595550d4857d465354f,1,1,1,1
350,350,0,751,54b,685a669da269da16eda46f1a76eda3699a36e9bb681a7695b86e1af691bc691a1695bc6edbb6e5a4,664,c0f02c0f02c0b02c0b02c0b02c0b02c0b02c0b02c0b02c0b06c1f4fd3b4ec2b02c0b02c0b02c0b02,5bb,9d26d992659aa719b66c9c6719c2649c26c9d2679ae719ce6e9c26d9b26a9ba6e9ae709a66f9ce6a,525515515c50d4b5294b5514d52149559475215455950559465254052d545595550d4857d465354f,1,1,1,1
351,351,0,34c,554,685a669da269da16eda46f1a76eda3699a36e9bb681a7695b86e1af691bc691a1695bc6edbb6e5a4,66d,c0f02c0f02c0b02c0b02c0b02c0b02c0b02c0b02c0b02c0b06c1f4fd3b4ec2b02c0b02c0b02c0b02,1a0,9d26d992659aa719b66c9c6719c2649c26c9d2679ae719ce6e9c26d9b26a9ba6e9ae709a66f9ce6a,525515515c50d4b5294b5514d52149559475215455950559465254052d545595550d4857d465354f,1,1,1,1
352,352,0,34c,157,685a669da269da16eda46f1a76eda3699a36e9bb681a7695b86e1af691bc691a1695bc6edbb6e5a4,675,c0f02c0f02c0b02c0b02c0b02c0b02c0b02c0b02c0b02c0b06c1f4fd3b4ec2b02c0b02c0b02c0b02,1a7,9d26d992659aa719b66c9c6719c2649c26c9d2679ae719ce6e9c26d9b26a9ba6e9ae709a66f9ce6a,525515515c50d4b5294b5514d52149559475215455950559465254052d545595550d4857d465354f,1,1,1,1
353,353,0,348,152,685a669da269da16eda46f1a76eda3699a36e9bb681a7695b86e1af691bc691a1695bc6edbb6e5a4,669,c0f02c0f02c0b02c0b02c0b02c0b02c0b02c0b02c0b02c0b06c1f4fd3b4ec2b02c0b02c0b02c0b02,1a5,9d26d992659aa719b66c9c6719c2649c26c9d2679ae719ce6e9c26d9b26a9ba6e9ae709a66f9ce6a,525515515c50d4b5294b5514d52149559475215455950559465254052d545595550d4857d465354f,1,1,1,1
354,354,0,357,154,685a669da269da16eda46f1a76eda3699a36e9bb681a7695b86e1af691bc691a1695bc6edbb6e5a4,66c,c0f02c0f02c0b02c0b02c0b02c0b02c0b02c0b02c0b02c0b06c1f4fd3b4ec2b02c0b02c0b02c0b02,1b8,9d26d992659aa719b66c9c6719c2649c26c9d2679ae719ce6e9c26d9b26a9ba6e9ae709a66f9ce6a,525515515c50d4b5294b5514d52149559475215455950559465254052d545595550d4857d465354f,1,1,1,1
355,355,0,357,156,685a669da269da16eda46f1a76eda3699a36e9bb681a7695b86e1af691bc691a1695bc6edbb6e5a4,675,c0f02c0f02c0b02c0b02c0b02c0b02c0b02c0b02c0b02c0b06c1f4fd3b4ec2b02c0b02c0b02c0b02,1b9,9d26d992659aa719b66c9c6719c2649c26c9d2679ae719ce6e9c26d9b26a9ba6e9ae709a66f9ce6a,525515515c50d4b5294b5514d52149559475215455950559465254052d545595550d4857d465354f,1,1,1,1
356,356,0,34c,148,685a669da269da16eda46f1a76eda3699a36e9bb681a7695b86e1af691bc691a1695bc6edbb6e5a4,671,c0f02c0f02c0b02c0b02c0b02c0b02c0b02c0b02c0b02c0b06c1f4fd3b4ec2b02c0b02c0b02c0b02,1af,9d26d992659aa719b66c9c6719c2649c26c9d2679ae719ce6e9c26d9b26a9ba6e9ae709a66f9ce6a,525515515c50d4b5294b5514d52149559475215455950559465254052d545595550d4857d465354f,1,1,1,1
357,357,0,34f,150,685a669da269da16eda46f1a76eda3699a36e9bb681a7695b86e1af691bc691a1695bc6edbb6e5a4,670,c0f02c0f02c0b02c0b02c0b02c0b02c0b02c0b02c0b02c0b06c1f4fd3b4ec2b02c0b02c0b02c0b02,1a4,9d26d992659aa719b66c9c6719c2649c26c9d2679ae719ce6e9c26d9b26a9ba6e9ae709a66f9ce6a,525515515c50d4b5294b5514d52149559475215455950559465254052d545595550d4857d465354f,1,1,1,1
358,358,0,34c,148,685a669da269da16eda46f1a76eda3699a36e9bb681a7695b86e1af691bc691a1695bc6edbb6e5a4,663,c0f02c0f02c0b02c0b02c0b02c0b02c0b02c0b02c0b02c0b06c1f4fd3b4ec2b02c0b02c0b02c0b02,1b9,9d26d992659aa719b66c9c6719c2649c26c9d2679ae719ce6e9c26d9b26a9ba6e9ae709a66f9ce6a,525515515c50d4b5294b5514d52149559475215455950559465254052d545595550d4857d465354f,1,1,1,1
359,359,0,349,156,685a669da269da16eda46f1a76eda3699a36e9bb681a7695b86e1af691bc691a1695bc6edbb6e5a4,674,c0f02c0f02c0b02c0b02c0b02c0b02c0b02c0b02c0b02c0b06c1f4fd3b4ec2b02c0b02c0b02c0b02,1a4,9d26d992659aa719b66c9c6719c2649c26c9d2679ae719ce6e9c26d9b26a9ba6e9ae709a66f9ce6a,525515515c50d4b5294b5514d52149559475215455950559465254052d545595550d4857d465354f,1,1,1,1
360,360,0,352,154,685a669da269da16eda46f1a76eda3699a36e9bb681a7695b86e1af691bc691a1695bc6edbb6e5a4,668,c0f02c0f02c0b02c0b02c0b02c0b02c0b02c0b02c0b02c0b06c1f4fd3b4ec2b02c0b02c0b02c0b02,1a1,9d26d992659aa719b66c9c6719c2649c26c9d2679ae719ce6e9c26d9b26a9ba6e9ae709a66f9ce6a,525515515c50d4b5294b5514d52149559475215455950559465254052d545595550d4857d465354f,1,1,1,1
361,361,0,350,157,685a669da269da16eda46f1a76eda3699a36e9bb681a7695b86e1af691bc691a1695bc6edbb6e5a4,674,c0f02c0f02c0b02c0b02c0b02c0b02c0b02c0b02c0b02c0b06c1f4fd3b4ec2b02c0b02c0b02c0b02,1a5,9d26d992659aa719b66c9c6719c2649c26c9d2679ae719ce6e9c26d9b26a9ba6e9ae709a66f9ce6a,525515515c50d4b5294b5514d52149559475215455950559465254052d545595550d4857d465354f,1,1,1,1
362,362,0,34a,151,685a669da269da16eda46f1a76eda3699a36e9bb681a7695b86e1af691bc691a1695bc6edbb6e5a4,664,c0f02c0f02c0b02c0b02c0b02c0b02c0b02c0b02c0b02c0b06c1f4fd3b4ec2b02c0b02c0b02c0b02,1be,9d26d992659aa719b66c9c6719c2649c26c9d2679ae719ce6e9c26d9b26a9ba6e9ae709a66f9ce6a,525515515c50d4b5294b5514d52149559475215455950559465254052d545595550d4857d465354f,1,1,1,1
363,363,0,351,14a,685a669da269da16eda46f1a76eda3699a36e9bb681a7695b86e1af691bc691a1695bc6edbb6e5a4,66f,c0f02c0f02c0b02c0b02c0b02c0b02c0b02c0b02c0b02c0b06c1f4fd3b4ec2b02c0b02c0b02c0b02,1ba,9d26d992659aa719b66c9c6719c2649c26c9d2679ae719ce6e9c26d9b26a9ba6e9ae709a66f9ce6a,525515515c50d4b5294b5514d52149559475215455950559465254052d545595550d4857d465354f,1,1,1,1
364,364,0,349,15d,685a669da269da16eda46f1a76eda3699a36e9bb681a7695b86e1af691bc691a1695bc6edbb6e5a4,271,c0f02c0f02c0b02c0b02c0b02c0b02c0b02c0b02c0b02c0b06c1f4fd3b4ec2b02c0b02c0b02c0b02,1be,9d26d992659aa719b66c9c6719c2649c26c9d2679ae719ce6e9c26d9b26a9ba6e9ae709a66f9ce6a,525515515c50d4b5294b5514d52149559475215455950559465254052d545595550d4857d465354f,1,1,1,1
365,365,0,35a,156,685a669da269da16eda46f1a76eda3699a36e9bb681a7695b86e1af691bc691a1695bc6edbb6e5a4,273,c0f02c0f02c0b02c0b02c0b02c0b02c0b02c0b02c0b02c0b06c1f4fd3b4ec2b02c0b02c0b02c0b02,1b9,9d26d992659aa719b66c9c6719c2649c26c9d2679ae719ce6e9c26d9b26a9ba6e9ae709a66f9ce6a,525515515c50d4b5294b5514d52149559475215455950559465254052d545595550d4857d465354f,1,1,1,1
366,366,0,34b,14f,685a669da269da16eda46f1a76eda3699a36e9bb681a7695b86e1af691bc691a1695bc6edbb6e5a4,26a,c0f02c0f02c0b02c0b02c0b02c0b02c0b02c0b02c0b02c0b06c1f4fd3b4ec2b02c0b02c0b02c0b02,1a5,9d26d992659aa719b66c9c6719c2649c26c9d2679ae719ce6e9c26d9b26a9ba6e9ae709a66f9ce6a,525515515c50d4b5294b5514d52149559475215455950559465254052d545595550d4857d465354f,1,1,1,1
367,367,0,753,15d,685a669da269da16eda46f1a76eda3699a36e9bb681a7695b86e1af691bc691a1695bc6edbb6e5a4,274,c0f02c0f02c0b02c0b02c0b02c0b02c0b02c0b02c0b02c0b06c1f4fd3b4ec2b02c0b02c0b02c0b02,5a6,9d26d992659aa719b66c9c6719c2649c26c9d2679ae719ce6e9c26d9b26a9ba6e9ae709a66f9ce6a,525515515c50d4b5294b5514d52149559475215455950559465254052d545595550d4857d465354f,1,1,1,1
368,368,0,756,54a,699a6691ad69da66e9a46fda76eda3699a06e9bb681a7695b86e5af691b9691a1695bc6e9be6e5a5,269,c0f02c0f02c0b02c0b02c0b02c0b02c0b02c0b02c0b02c0b06c1f4ed3f4ec2b02c0b02c0b02c0b02,5a7,9d26d992659aa719b66c9c6719c2649c26c9d2679ae719ce6e9c26d9b26a9ba6e9ae709a66f9ce6a,525515515c50d4b5294b5514d52149559475215455950559465254052d545595550d4857d465354f,1,1,1,1
369,369,0,756,551,699a6691ad69da66e9a46fda76eda3699a06e9bb681a7695b86e5af691b9691a1695bc6e9be6e5a5,26f,c0f02c0f02c0b02c0b02c0b02c0b02c0b02c0b02c0b02c0b06c1f4ed3f4ec2b02c0b02c0b02c0b02,5a7,9d26d992659aa719b66c9c6719c2649c26c9d2679ae719ce6e9c26d9b26a9ba6e9ae709a66f9ce6a,525515515c5014b52d4b5554d5214955d475255455d505594452140529545595550d4857d465354d,1,1,1,1
370,370,0,753,554,699a6691ad69da66e9a46fda76eda3699a06e9bb681a7695b86e5af691b9691a1695bc6e9be6e5a5,26d,c0f02c0f02c0b02c0b02c0b02c0b02c0b02c0b02c0b02c0b06c1f4ed3f4ec2b02c0b02c0b02c0b02,5ad,9d26d992659aa719b66c9c6719c2649c26c9d2679ae719ce6e9c26d9b26a9ba6e9ae709a66f9ce6a,525515515c5014b52d4b5554d5214955d475255455d505594452140529545595550d4857d465354d,1,1,1,1
371,371,0,74f,55c,699a6691ad69da66e9a46fda76eda3699a06e9bb681a7695b86e5af691b9691a1695bc6e9be6e5a5,26e,c0f02c0f02c0b02c0b02c0b02c0b02c0b02c0b02c0b02c0b06c1f4ed3f4ec2b02c0b02c0b02c0b02,5a7,9d26d992659aa719b66c9c6719c2649c26c9d2679ae719ce6e9c26d9b26a9ba6e9ae709a66f9ce6a,525515515c5014b52d4b5554d5214955d475255455d505594452140529545595550d4857d465354d,1,1,1,1
372,372,0,74f,553,699a6691ad69da66e9a46fda76eda3699a06e9bb681a7695b86e5af691b9691a1695bc6e9be6e5a5,275,c0f02c0f02c0b02c0b02c0b02c0b02c0b02c0b02c0b02c0b06c1f4ed3f4ec2b02c0b02c0b02c0b02,5a6,9d26d992659aa719b66c9c6719c2649c26c9d2679ae719ce6e9c26d9b26a9ba6e9ae709a66f9ce6a,525515515c5014b52d4b5554d5214955d475255455d505594452140529545595550d4857d465354d,1,1,1,1
373,373,0,750,54b,699a6691ad69da66e9a46fda76eda3699a06e9bb681a7695b86e5af691b9691a1695bc6e9be6e5a5,26b,c0f02c0f02c0b02c0b02c0b02c0b02c0b02c0b02c0b02c0b06c1f4ed3f4ec2b02c0b02c0b02c0b02,5ba,9d26d992659aa719b66c9c6719c2649c26c9d2679ae719ce6e9c26d9b26a9ba6e9ae709a66f9ce6a,525515515c5014b52d4b5554d5214955d475255455d505594452140529545595550d4857d465354d,1,1,1,1
374,374,0,74c,54a,699a6691ad69da66e9a46fda76eda3699a06e9bb681a7695b86e5af691b9691a1695bc6e9be6e5a5,271,c0f02c0f02c0b02c0b02c0b02c0b02c0b02c0b02c0b02c0b06c1f4ed3f4ec2b02c0b02c0b02c0b02,5a4,9d26d992659aa719b66c9c6719c2649c26c9d2679ae719ce6e9c26d9b26a9ba6e9ae709a66f9ce6a,525515515c5014b52d4b5554d5214955d475255455d505594452140529545595550d4857d465354d,1,1,1,1
375,375,0,756,54b,699a6691ad69da66e9a46fda76eda3699a06e9bb681a7695b86e5af691b9691a1695bc6e9be6e5a5,269,c0f02c0f02c0b02c0b02c0b02c0b02c0b02c0b02c0b02c0b06c1f4ed3f4ec2b02c0b02c0b02c0b02,5bf,9d26d992659aa719b66c9c6719c2649c26c9d2679ae719ce6e9c26d9b26a9ba6e9ae709a66f9ce6a,525515515c5014b52d4b5554d5214955d475255455d505594452140529545595550d4857d465354d,1,1,1,1
376,376,0,75a,557,699a6691ad69da66e9a46fda76eda3699a06e9bb681a7695b86e5af691b9691a1695bc6e9be6e5a5,26b,c0f02c0f02c0b02c0b02c0b02c0b02c0b02c0b02c0b02c0b06c1f4ed3f4ec2b02c0b02c0b02c0b02,5a7,9d26d992659aa719b66c9c6719c2649c26c9d2679ae719ce6e9c26d9b26a9ba6e9ae709a66f9ce6a,525515515c5014b52d4b5554d5214955d475255455d505594452140529545595550d4857d465354d,1,1,1,1
377,377,0,757,552,699a6691ad69da66e9a46fda76eda3699a06e9bb681a7695b86e5af691b9691a1695bc6e9be6e5a5,277,c0f02c0f02c0b02c0b02c0b02c0b02c0b02c0b02c0b02c0b06c1f4ed3f4ec2b02c0b02c0b02c0b02,5bb,9d26d992659aa719b66c9c6719c2649c26c9d2679ae719ce6e9c26d9b26a9ba6e9ae709a66f9ce6a,525515515c5014b52d4b5554d5214955d475255455d505594452140529545595550d4857d465354d,1,1,1,1
378,378,0,74c,549,699a6691ad69da66e9a46fda76eda3699a06e9bb681a7695b86e5af691b9691a1695bc6e9be6e5a5,26a,c0f02c0f02c0b02c0b02c0b02c0b02c0b02c0b02c0b02c0b06c1f4ed3f4ec2b02c0b02c0b02c0b02,5a3,9d26d992659aa719b66c9c6719c2649c26c9d2679ae719ce6e9c26d9b26a9ba6e9ae709a66f9ce6a,525515515c5014b52d4b5554d5214955d475255455d505594452140529545595550d4857d465354d,1,1,1,1
379,379,0,753,549,699a6691ad69da66e9a46fda76eda3699a06e9bb681a7695b86e5af691b9691a1695bc6e9be6e5a5,270,c0f02c0f02c0b02c0b02c0b02c0b02c0b02c0b02c0b02c0b06c1f4ed3f4ec2b02c0b02c0b02c0b02,5a1,9d26d992659aa719b66c9c6719c2649c26c9d2679ae719ce6e9c26d9b26a9ba6e9ae709a66f9ce6a,525515515c5014b52d4b5554d5214955d475255455d505594452140529545595550d4857d465354d,1,1,1,1
380,380,0,74d,557,699a6691ad69da66e9a46fda76eda3699a06e9bb681a7695b86e5af691b9691a1695bc6e9be6e5a5,66d,c0f02c0f02c0b02c0b02c0b02c0b02c0b02c0b02c0b02c0b06c1f4ed3f4ec2b02c0b02c0b02c0b02,5a0,9d26d992659aa719b66c9c6719c2649c26c9d2679ae719ce6e9c26d9b26a9ba6e9ae709a66f9ce6a,525515515c5014b52d4b5554d5214955d475255455d505594452140529545595550d4857d465354d,1,1,1,1
381,381,0,756,557,699a6691ad69da66e9a46fda76eda3699a06e9bb681a7695b86e5af691b9691a1695bc6e9be6e5a5,677,c0f02c0f02c0b02c0b02c0b02c0b02c0b02c0b02c0b02c0b06c1f4ed3f4ec2b02c0b02c0b02c0b02,5ba,9d26d99e649b6719b66c9c6719c2679c26c992649ae719ce6e9c26d9be6d9ba719ae719a66f9ce6a,525515515c5014b52d4b5554d5214955d475255455d505594452140529545595550d4857d465354d,1,1,1,1
382,382,0,751,54b,699a6691ad69da66e9a46fda76eda3699a06e9bb681a7695b86e5af691b9691a1695bc6e9be6e5a5,664,c0f02c0f02c0b02c0b02c0b02c0b02c0b02c0b02c0b02c0b06c1f4ed3f4ec2b02c0b02c0b02c0b02,5b8,9d26d99e649b6719b66c9c6719c2679c26c992649ae719ce6e9c26d9be6d9ba719ae719a66f9ce6a,525515515c5014b52d4b5554d5214955d475255455d505594452140529545595550d4857d465354d,1,1,1,1
383,383,0,34c,554,699a6691ad69da66e9a46fda76eda3699a06e9bb681a7695b86e5af691b9691a1695bc6e9be6e5a5,66d,c0f02c0f02c0b02c0b02c0b02c0b02c0b02c0b02c0b02c0b06c1f4ed3f4ec2b02c0b02c0b02c0b02,1a0,9d26d99e649b6719b66c9c6719c2679c26c992649ae719ce6e9c26d9be6d9ba719ae719a66f9ce6a,525515515c5014b52d4b5554d5214955d475255455d505594452140529545595550d4857d465354d,1,1,1,1
384,384,0,34c,157,699a6691ad69da66e9a46fda76eda3699a06e9bb681a7695b86e5af691b9691a1695bc6e9be6e5a5,675,c0f02c0f02c0b02c0b02c0b02c0b02c0b02c0b02c0b02c0b06c1f4ed3f4ec2b02c0b02c0b02c0b02,1a7,9d26d99e649b6719b66c9c6719c2679c26c992649ae719ce6e9c26d9be6d9ba719ae719a66f9ce6a,525515515c5014b52d4b5554d5214955d475255455d505594452140529545595550d4857d465354d,1,1,1,1
385,385,0,348,152,699a6691ad69da66e9a46fda76eda3699a06e9bb681a7695b86e5af691b9691a1695bc6e9be6e5a5,669,c0f02c0f02c0b02c0b02c0b02c0b02c0b02c0b02c0b02c0b06c1f4ed3f4ec2b02c0b02c0b02c0b02,1a5,9d26d99e649b6719b66c9c6719c2679c26c992649ae719ce6e9c26d9be6d9ba719ae719a66f9ce6a,525515515c5014b52d4b5554d5214955d475255455d505594452140529545595550d4857d465354d,1,1,1,1
386,386,0,356,154,699a6691ad69da66e9a46fda76eda3699a06e9bb681a7695b86e5af691b9691a1695bc6e9be6e5a5,66c,c0f02c0f02c0b02c0b02c0b02c0b02c0b02c0b02c0b02c0b06c1f4ed3f4ec2b02c0b02c0b02c0b02,1bb,9d26d99e649b6719b66c9c6719c2679c26c992649ae719ce6e9c26d9be6d9ba719ae719a66f9ce6a,525515515c5014b52d4b5554d5214955d475255455d505594452140529545595550d4857d465354d,1,1,1,1
387,387,0,357,156,699a6691ad69da66e9a46fda76eda3699a06e9bb681a7695b86e5af691b9691a1695bc6e9be6e5a5,675,c0f02c0f02c0b02c0b02c0b02c0b02c0b02c0b02c0b02c0b06c1f4ed3f4ec2b02c0b02c0b02c0b02,1b8,9d26d99e649b6719b66c9c6719c2679c26c992649ae719ce6e9c26d9be6d9ba719ae719a66f9ce6a,525515515c5014b52d4b5554d5214955d475255455d505594452140529545595550d4857d465354d,1,1,1,1
388,388,0,34d,148,699a6691ad69da66e9a46fda76eda3699a06e9bb681a7695b86e5af691b9691a1695bc6e9be6e5a5,671,c0f02c0f02c0b02c0b02c0b02c0b02c0b02c0b02c0b02c0b06c1f4ed3f4ec2b02c0b02c0b02c0b02,1af,9d26d99e649b6719b66c9c6719c2679c26c992649ae719ce6e9c26d9be6d9ba719ae719a66f9ce6a,525515515c5014b52d4b5554d5214955d475255455d505594452140529545595550d4857d465354d,1,1,1,1
389,389,0,34e,150,699a6691ad69da66e9a46fda76eda3699a06e9bb681a7695b86e5af691b9691a1695bc6e9be6e5a5,673,c0f02c0f02c0b02c0b02c0b02c0b02c0b02c0b02c0b02c0b06c1f4ed3f4ec2b02c0b02c0b02c0b02,1a5,9d26d99e649b6719b66c9c6719c2679c26c992649ae719ce6e9c26d9be6d9ba719ae719a66f9ce6a,525515515c5014b52d4b5554d5214955d475255455d505594452140529545595550d4857d465354d,1,1,1,1
390,390,0,34c,149,699a6691ad69da66e9a46fda76eda3699a06e9bb681a7695b86e5af691b9691a1695bc6e9be6e5a5,663,c0f02c0f02c0b02c0b02c0b02c0b02c0b02c0b02c0b02c0b06c1f4ed3f4ec2b02c0b02c0b02c0b02,1be,9d26d99e649b6719b66c9c6719c2679c26c992649ae719ce6e9c26d9be6d9ba719ae719a66f9ce6a,525515515c5014b52d4b5554d5214955d475255455d505594452140529545595550d4857d465354d,1,1,1,1
391,391,0,349,157,699a6691ad69da66e9a46fda76eda3699a06e9bb681a7695b86e5af691b9691a1695bc6e9be6e5a5,674,c0f02c0f02c0b02c0b02c0b02c0b02c0b02c0b02c0b02c0b06c1f4ed3f4ec2b02c0b02c0b02c0b02,1a4,9d26d99e649b6719b66c9c6719c2679c26c992649ae719ce6e9c26d9be6d9ba719ae719a66f9ce6a,525515515c5014b52d4b5554d5214955d475255455d505594452140529545595550d4857d465354d,1,1,1,1
392,392,0,352,154,699a6691ad69da66e9a46fda76eda3699a06e9bb681a7695b86e5af691b9691a1695bc6e9be6e5a5,668,c0f02c0f02c0b02c0b02c0b02c0b02c0b02c0b02c0b02c0b06c1f4ed3f4ec2b02c0b02c0b02c0b02,1a1,9d26d99e649b6719b66c9c6719c2679c26c992649ae719ce6e9c26d9be6d9ba719ae719a66f9ce6a,525515515c5014b52d4b5554d5214955d475255455d505594452140529545595550d4857d465354d,1,1,1,1
393,393,0,351,154,699a6691ad69da66e9a46fda76eda3699a06e9bb681a7695b86e5af691b9691a1695bc6e9be6e5a5,674,c0f02c0f02c0b02c0b02c0b02c0b02c0b02c0b02c0b02c0b06c1f4ed3f4ec2b02c0b02c0b02c0b02,1a5,9d26d99e649b6719b66c9c6719c2679c26c992649ae719ce6e9c26d9be6d9ba719ae719a66f9ce6a,525515515c5014b52d4b5554d5214955d475255455d505594452140529545595550d4857d465354d,1,1,1,1
394,394,0,34a,151,699a6691ad69da66e9a46fda76eda3699a06e9bb681a7695b86e5af691b9691a1695bc6e9be6e5a5,664,c0f02c0f02c0b02c0b02c0b02c0b02c0b02c0b02c0b02c0b06c1f4ed3f4ec2b02c0b02c0b02c0b02,1be,9d26d99e649b6719b66c9c6719c2679c26c992649ae719ce6e9c26d9be6d9ba719ae719a66f9ce6a,525515515c5014b52d4b5554d5214955d475255455d505594452140529545595550d4857d465354d,1,1,1,1
395,395,0,351,14a,699a6691ad69da66e9a46fda76eda3699a06e9bb681a7695b86e5af691b9691a1695bc6e9be6e5a5,66f,c0f02c0f02c0b02c0b02c0b02c0b02c0b02c0b02c0b02c0b06c1f4ed3f4ec2b02c0b02c0b02c0b02,1ba,9d26d99e649b6719b66c9c6719c2679c26c992649ae719ce6e9c26d9be6d9ba719ae719a66f9ce6a,525515515c5014b52d4b5554d5214955d475255455d505594452140529545595550d4857d465354d,1,1,1,1
396,396,0,349,15d,699a6691ad69da66e9a46fda76eda3699a06e9bb681a7695b86e5af691b9691a1695bc6e9be6e5a5,26a,c0f02c0f02c0b02c0b02c0b02c0b02c0b02c0b02c0b02c0b06c1f4ed3f4ec2b02c0b02c0b02c0b02,1b9,9d26d99e649b6719b66c9c6719c2679c26c992649ae719ce6e9c26d9be6d9ba719ae719a66f9ce6a,525515515c5014b52d4b5554d5214955d475255455d505594452140529545595550d4857d465354d,1,1,1,1
397,397,0,35a,156,699a6691ad69da66e9a46fda76eda3699a06e9bb681a7695b86e5af691b9691a1695bc6e9be6e5a5,277,c0f02c0f02c0b02c0b02c0b02c0b02c0b02c0b02c0b02c0b06c1f4ed3f4ec2b02c0b02c0b02c0b02,1b9,9d26d99e649b6719b66c9c6719c2679c26c992649ae719ce6e9c26d9be6d9ba719ae719a66f9ce6a,525515515c5014b52d4b5554d5214955d475255455d505594452140529545595550d4857d465354d,1,1,1,1
398,398,0,348,14f,699a6691ad69da66e9a46fda76eda3699a06e9bb681a7695b86e5af691b9691a1695bc6e9be6e5a5,26a,c0f02c0f02c0b02c0b02c0b02c0b02c0b02c0b02c0b02c0b06c1f4ed3f4ec2b02c0b02c0b02c0b02,1a5,9d26d99e649b6719b66c9c6719c2679c26c992649ae719ce6e9c26d9be6d9ba719ae719a66f9ce6a,525515515c5014b52d4b5554d5214955d475255455d505594452140529545595550d4857d465354d,1,1,1,1
399,399,0,750,15d,699a6691ad69da66e9a46fda76eda3699a06e9bb681a7695b86e5af691b9691a1695bc6e9be6e5a5,274,c0f02c0f02c0b02c0b02c0b02c0b02c0b02c0b02c0b02c0b06c1f4ed3f4ec2b02c0b02c0b02c0b02,5a1,9d26d99e649b6719b66c9c6719c2679c26c992649ae719ce6e9c26d9be6d9ba719ae719a66f9ce6a,525515515c5014b52d4b5554d5214955d475255455d505594452140529545595550d4857d465354d,1,1,1,1
400,400,0,756,54b,699a769dad69da66e9a46fda76eda3685a06e9b8681a7695bb6e1af695bc691a1695bc6e9bb6e5a5,26a,c0f02c0f02c0b02c0b02c0b02c0b02c0b02c0b02c0b02c0b06c1f4fd3b4ec2b02c0f02c0b02c0b02,5a1,9d26d99e649b6719b66c9c6719c2679c26c992649ae719ce6e9c26d9be6d9ba719ae719a66f9ce6a,525515515c5014b52d4b5554d5214955d475255455d505594452140529545595550d4857d465354d,1,1,1,1
401,401,0,751,551,699a769dad69da66e9a46fda76eda3685a06e9b8681a7695bb6e1af695bc691a1695bc6e9bb6e5a5,26b,c0f02c0f02c0b02c0b02c0b02c0b02c0b02c0b02c0b02c0b06c1f4fd3b4ec2b02c0f02c0b02c0b02,5a7,9d26d99e649b6719b66c9c6719c2679c26c992649ae719ce6e9c26d9be6d9ba719ae719a66f9ce6a,521515515c50d4b5294b55d405254955d475255455d50559445214052d555515450d4857d465354f,1,1,1,1
402,402,0,752,554,699a769dad69da66e9a46fda76eda3685a06e9b8681a7695bb6e1af695bc691a1695bc6e9bb6e5a5,26d,c0f02c0f02c0b02c0b02c0b02c0b02c0b02c0b02c0b02c0b06c1f4fd3b4ec2b02c0f02c0b02c0b02,5ad,9d26d99e649b6719b66c9c6719c2679c26c992649ae719ce6e9c26d9be6d9ba719ae719a66f9ce6a,521515515c50d4b5294b55d405254955d475255455d50559445214052d555515450d4857d465354f,1,1,1,1
403,403,0,74f,55c,699a769dad69da66e9a46fda76eda3685a06e9b8681a7695bb6e1af695bc691a1695bc6e9bb6e5a5,26e,c0f02c0f02c0b02c0b02c0b02c0b02c0b02c0b02c0b02c0b06c1f4fd3b4ec2b02c0f02c0b02c0b02,5a6,9d26d99e649b6719b66c9c6719c2679c26c992649ae719ce6e9c26d9be6d9ba719ae719a66f9ce6a,521515515c50d4b5294b55d405254955d475255455d50559445214052d555515450d4857d465354f,1,1,1,1
404,404,0,74f,550,699a769dad69da66e9a46fda76eda3685a06e9b8681a7695bb6e1af695bc691a1695bc6e9bb6e5a5,275,c0f02c0f02c0b02c0b02c0b02c0b02c0b02c0b02c0b02c0b06c1f4fd3b4ec2b02c0f02c0b02c0b02,5a6,9d26d99e649b6719b66c9c6719c2679c26c992649ae719ce6e9c26d9be6d9ba719ae719a66f9ce6a,521515515c50d4b5294b55d405254955d475255455d50559445214052d555515450d4857d465354f,1,1,1,1
405,405,0,750,54b,699a769dad69da66e9a46fda76eda3685a06e9b8681a7695bb6e1af695bc691a1695bc6e9bb6e5a5,26b,c0f02c0f02c0b02c0b02c0b02c0b02c0b02c0b02c0b02c0b06c1f4fd3b4ec2b02c0f02c0b02c0b02,5bb,9d26d99e649b6719b66c9c6719c2679c26c992649ae719ce6e9c26d9be6d9ba719ae719a66f9ce6a,521515515c50d4b5294b55d405254955d475255455d50559445214052d555515450d4857d465354f,1,1,1,1
406,406,0,74c,54b,699a769dad69da66e9a46fda76eda3685a06e9b8681a7695bb6e1af695bc691a1695bc6e9bb6e5a5,271,c0f02c0f02c0b02c0b02c0b02c0b02c0b02c0b02c0b02c0b06c1f4fd3b4ec2b02c0f02c0b02c0b02,5a4,9d26d99e649b6719b66c9c6719c2679c26c992649ae719ce6e9c26d9be6d9ba719ae719a66f9ce6a,521515515c50d4b5294b55d405254955d475255455d50559445214052d555515450d4857d465354f,1,1,1,1
407,407,0,756,54b,699a769dad69da66e9a46fda76eda3685a06e9b8681a7695bb6e1af695bc691a1695bc6e9bb6e5a5,269,c0f02c0f02c0b02c0b02c0b02c0b02c0b02c0b02c0b02c0b06c1f4fd3b4ec2b02c0f02c0b02c0b02,5bf,9d26d99e649b6719b66c9c6719c2679c26c992649ae719ce6e9c26d9be6d9ba719ae719a66f9ce6a,521515515c50d4b5294b55d405254955d475255455d50559445214052d555515450d4857d465354f,1,1,1,1
408,408,0,75a,557,699a769dad69da66e9a46fda76eda3685a06e9b8681a7695bb6e1af695bc691a1695bc6e9bb6e5a5,268,c0f02c0f02c0b02c0b02c0b02c0b02c0b02c0b02c0b02c0b06c1f4fd3b4ec2b02c0f02c0b02c0b02,5a7,9d26d99e649b6719b66c9c6719c2679c26c992649ae719ce6e9c26d9be6d9ba719ae719a66f9ce6a,521515515c50d4b5294b55d405254955d475255455d50559445214052d555515450d4857d465354f,1,1,1,1
409,409,0,754,55d,699a769dad69da66e9a46fda76eda3685a06e9b8681a7695bb6e1af695bc691a1695bc6e9bb6e5a5,274,c0f02c0f02c0b02c0b02c0b02c0b02c0b02c0b02c0b02c0b06c1f4fd3b4ec2b02c0f02c0b02c0b02,5bb,9d26d99e649b6719b66c9c6719c2679c26c992649ae719ce6e9c26d9be6d9ba719ae719a66f9ce6a,521515515c50d4b5294b55d405254955d475255455d50559445214052d555515450d4857d465354f,1,1,1,1
410,410,0,74d,549,699a769dad69da66e9a46fda76eda3685a06e9b8681a7695bb6e1af695bc691a1695bc6e9bb6e5a5,26a,c0f02c0f02c0b02c0b02c0b02c0b02c0b02c0b02c0b02c0b06c1f4fd3b4ec2b02c0f02c0b02c0b02,5a0,9d26d99e649b6719b66c9c6719c2679c26c992649ae719ce6e9c26d9be6d9ba719ae719a66f9ce6a,521515515c50d4b5294b55d405254955d475255455d50559445214052d555515450d4857d465354f,1,1,1,1
411,411,0,753,549,699a769dad69da66e9a46fda76eda3685a06e9b8681a7695bb6e1af695bc691a1695bc6e9bb6e5a5,270,c0f02c0f02c0b02c0b02c0b02c0b02c0b02c0b02c0b02c0b06c1f4fd3b4ec2b02c0f02c0b02c0b02,5a1,9d26d99e649b6719b66c9c6719c2679c26c992649ae719ce6e9c26d9be6d9ba719ae719a66f9ce6a,521515515c50d4b5294b55d405254955d475255455d50559445214052d555515450d4857d465354f,1,1,1,1
412,412,0,752,557,699a769dad69da66e9a46fda76eda3685a06e9b8681a7695bb6e1af695bc691a1695bc6e9bb6e5a5,66d,c0f02c0f02c0b02c0b02c0b02c0b02c0b02c0b02c0b02c0b06c1f4fd3b4ec2b02c0f02c0b02c0b02,5a0,9d26d99e649b6719b66c9c6719c2679c26c992649ae719ce6e9c26d9be6d9ba719ae719a66f9ce6a,521515515c50d4b5294b55d405254955d475255455d50559445214052d555515450d4857d465354f,1,1,1,1
413,413,0,756,557,699a769dad69da66e9a46fda76eda3685a06e9b8681a7695bb6e1af695bc691a1695bc6e9bb6e5a5,674,c0f02c0f02c0b02c0b02c0b02c0b02c0b02c0b02c0b02c0b06c1f4fd3b4ec2b02c0f02c0b02c0b02,5a5,9d26d99e649b6719b66c9c6719ce679c26c9d2649ae6e9ce6e9c26a9be6d9ba719ae719a66c9c26a,521515515c50d4b5294b55d405254955d475255455d50559445214052d555515450d4857d465354f,1,1,1,1
414,414,0,751,54a,699a769dad69da66e9a46fda76eda3685a06e9b8681a7695bb6e1af695bc691a1695bc6e9bb6e5a5,664,c0f02c0f02c0b02c0b02c0b02c0b02c0b02c0b02c0b02c0b06c1f4fd3b4ec2b02c0f02c0b02c0b02,5b8,9d26d99e649b6719b66c9c6719ce679c26c9d2649ae6e9ce6e9c26a9be6d9ba719ae719a66c9c26a,521515515c50d4b5294b55d405254955d475255455d50559445214052d555515450d4857d465354f,1,1,1,1
415,415,0,34c,555,699a769dad69da66e9a46fda76eda3685a06e9b8681a7695bb6e1af695bc691a1695bc6e9bb6e5a5,66d,c0f02c0f02c0b02c0b02c0b02c0b02c0b02c0b02c0b02c0b06c1f4fd3b4ec2b02c0f02c0b02c0b02,1a0,9d26d99e649b6719b66c9c6719ce679c26c9d2649ae6e9ce6e9c26a9be6d9ba719ae719a66c9c26a,521515515c50d4b5294b55d405254955d475255455d50559445214052d555515450d4857d465354f,1,1,1,1
416,416,0,34c,156,699a769dad69da66e9a46fda76eda3685a06e9b8681a7695bb6e1af695bc691a1695bc6e9bb6e5a5,675,c0f02c0f02c0b02c0b02c0b02c0b02c0b02c0b02c0b02c0b06c1f4fd3b4ec2b02c0f02c0b02c0b02,1a7,9d26d99e649b6719b66c9c6719ce679c26c9d2649ae6e9ce6e9c26a9be6d9ba719ae719a66c9c26a,521515515c50d4b5294b55d405254955d475255455d50559445214052d555515450d4857d465354f,1,1,1,1
417,417,0,348,152,699a769dad69da66e9a46fda76eda3685a06e9b8681a7695bb6e1af695bc691a1695bc6e9bb6e5a5,669,c0f02c0f02c0b02c0b02c0b02c0b02c0b02c0b02c0b02c0b06c1f4fd3b4ec2b02c0f02c0b02c0b02,1a5,9d26d99e649b6719b66c9c6719ce679c26c9d2649ae6e9ce6e9c26a9be6d9ba719ae719a66c9c26a,521515515c50d4b5294b55d405254955d475255455d50559445214052d555515450d4857d465354f,1,1,1,1
418,418,0,356,157,699a769dad69da66e9a46fda76eda3685a06e9b8681a7695bb6e1af695bc691a1695bc6e9bb6e5a5,66c,c0f02c0f02c0b02c0b02c0b02c0b02c0b02c0b02c0b02c0b06c1f4fd3b4ec2b02c0f02c0b02c0b02,1bb,9d26d99e649b6719b66c9c6719ce679c26c9d2649ae6e9ce6e9c26a9be6d9ba719ae719a66c9c26a,521515515c50d4b5294b55d405254955d475255455d50559445214052d555515450d4857d465354f,1,1,1,1
419,419,0,357,156,699a769dad69da66e9a46fda76eda3685a06e9b8681a7695bb6e1af695bc691a1695bc6e9bb6e5a5,66e,c0f02c0f02c0b02c0b02c0b02c0b02c0b02c0b02c0b02c0b06c1f4fd3b4ec2b02c0f02c0b02c0b02,1b9,9d26d99e649b6719b66c9c6719ce679c26c9d2649ae6e9ce6e9c26a9be6d9ba719ae719a66c9c26a,521515515c50d4b5294b55d405254955d475255455d50559445214052d555515450d4857d465354f,1,1,1,1
420,420,0,34d,14b,699a769dad69da66e9a46fda76eda3685a06e9b8681a7695bb6e1af695bc691a1695bc6e9bb6e5a5,675,c0f02c0f02c0b02c0b02c0b02c0b02c0b02c0b02c0b02c0b06c1f4fd3b4ec2b02c0f02c0b02c0b02,1ac,9d26d99e649b6719b66c9c6719ce679c26c9d2649ae6e9ce6e9c26a9be6d9ba719ae719a66c9c26a,521515515c50d4b5294b55d405254955d475255455d50559445214052d555515450d4857d465354f,1,1,1,1
421,421,0,34e,153,699a769dad69da66e9a46fda76eda3685a06e9b8681a7695bb6e1af695bc691a1695bc6e9bb6e5a5,670,c0f02c0f02c0b02c0b02c0b02c0b02c0b02c0b02c0b02c0b06c1f4fd3b4ec2b02c0f02c0b02c0b02,1a4,9d26d99e649b6719b66c9c6719ce679c26c9d2649ae6e9ce6e9c26a9be6d9ba719ae719a66c9c26a,521515515c50d4b5294b55d405254955d475255455d50559445214052d555515450d4857d465354f,1,1,1,1
422,422,0,34c,149,699a769dad69da66e9a46fda76eda3685a06e9b8681a7695bb6e1af695bc691a1695bc6e9bb6e5a5,663,c0f02c0f02c0b02c0b02c0b02c0b02c0b02c0b02c0b02c0b06c1f4fd3b4ec2b02c0f02c0b02c0b02,1b9,9d26d99e649b6719b66c9c6719ce679c26c9d2649ae6e9ce6e9c26a9be6d9ba719ae719a66c9c26a,521515515c50d4b5294b55d405254955d475255455d50559445214052d555515450d4857d465354f,1,1,1,1
423,423,0,348,156,699a769dad69da66e9a46fda76eda3685a06e9b8681a7695bb6e1af695bc691a1695bc6e9bb6e5a5,677,c0f02c0f02c0b02c0b02c0b02c0b02c0b02c0b02c0b02c0b06c1f4fd3b4ec2b02c0f02c0b02c0b02,1a4,9d26d99e649b6719b66c9c6719ce679c26c9d2649ae6e9ce6e9c26a9be6d9ba719ae719a66c9c26a,521515515c50d4b5294b55d405254955d475255455d50559445214052d555515450d4857d465354f,1,1,1,1
424,424,0,352,155,699a769dad69da66e9a46fda76eda3685a06e9b8681a7695bb6e1af695bc691a1695bc6e9bb6e5a5,668,c0f02c0f02c0b02c0b02c0b02c0b02c0b02c0b02c0b02c0b06c1f4fd3b4ec2b02c0f02c0b02c0b02,1a1,9d26d99e649b6719b66c9c6719ce679c26c9d2649ae6e9ce6e9c26a9be6d9ba719ae719a66c9c26a,521515515c50d4b5294b55d405254955d475255455d50559445214052d555515450d4857d465354f,1,1,1,1
425,425,0,351,157,699a769dad69da66e9a46fda76eda3685a06e9b8681a7695bb6e1af695bc691a1695bc6e9bb6e5a5,674,c0f02c0f02c0b02c0b02c0b02c0b02c0b02c0b02c0b02c0b06c1f4fd3b4ec2b02c0f02c0b02c0b02,1a5,9d26d99e649b6719b66c9c6719ce679c26c9d2649ae6e9ce6e9c26a9be6d9ba719ae719a66c9c26a,521515515c50d4b5294b55d405254955d475255455d50559445214052d555515450d4857d465354f,1,1,1,1
426,426,0,34a,156,699a769dad69da66e9a46fda76eda3685a06e9b8681a7695bb6e1af695bc691a1695bc6e9bb6e5a5,664,c0f02c0f02c0b02c0b02c0b02c0b02c0b02c0b02c0b02c0b06c1f4fd3b4ec2b02c0f02c0b02c0b02,1b9,9d26d99e649b6719b66c9c6719ce679c26c9d2649ae6e9ce6e9c26a9be6d9ba719ae719a66c9c26a,521515515c50d4b5294b55d405254955d475255455d50559445214052d555515450d4857d465354f,1,1,1,1
427,427,0,351,14a,699a769dad69da66e9a46fda76eda3685a06e9b8681a7695bb6e1af695bc691a1695bc6e9bb6e5a5,66f,c0f02c0f02c0b02c0b02c0b02c0b02c0b02c0b02c0b02c0b06c1f4fd3b4ec2b02c0f02c0b02c0b02,1ba,9d26d99e649b6719b66c9c6719ce679c26c9d2649ae6e9ce6e9c26a9be6d9ba719ae719a66c9c26a,521515515c50d4b5294b55d405254955d475255455d50559445214052d555515450d4857d465354f,1,1,1,1
428,428,0,34e,15d,699a769dad69da66e9a46fda76eda3685a06e9b8681a7695bb6e1af695bc691a1695bc6e9bb6e5a5,26a,c0f02c0f02c0b02c0b02c0b02c0b02c0b02c0b02c0b02c0b06c1f4fd3b4ec2b02c0f02c0b02c0b02,1be,9d26d99e649b6719b66c9c6719ce679c26c9d2649ae6e9ce6e9c26a9be6d9ba719ae719a66c9c26a,521515515c50d4b5294b55d405254955d475255455d50559445214052d555515450d4857d465354f,1,1,1,1
429,429,0,355,156,699a769dad69da66e9a46fda76eda3685a06e9b8681a7695bb6e1af695bc691a1695bc6e9bb6e5a5,277,c0f02c0f02c0b02c0b02c0b02c0b02c0b02c0b02c0b02c0b06c1f4fd3b4ec2b02c0f02c0b02c0b02,1b8,9d26d99e649b6719b66c9c6719ce679c26c9d2649ae6e9ce6e9c26a9be6d9ba719ae719a66c9c26a,521515515c50d4b5294b55d405254955d475255455d50559445214052d555515450d4857d465354f,1,1,1,1
430,430,0,34b,14f,699a769dad69da66e9a46fda76eda3685a06e9b8681a7695bb6e1af695bc691a1695bc6e9bb6e5a5,26a,c0f02c0f02c0b02c0b02c0b02c0b02c0b02c0b02c0b02c0b06c1f4fd3b4ec2b02c0f02c0b02c0b02,1a5,9d26d99e649b6719b66c9c6719ce679c26c9d2649ae6e9ce6e9c26a9be6d9ba719ae719a66c9c26a,521515515c50d4b5294b55d405254955d475255455d50559445214052d555515450d4857d465354f,1,1,1,1
431,431,0,750,15d,699a769dad69da66e9a46fda76eda3685a06e9b8681a7695bb6e1af695bc691a1695bc6e9bb6e5a5,275,c0f02c0f02c0b02c0b02c0b02c0b02c0b02c0b02c0b02c0b06c1f4fd3b4ec2b02c0f02c0b02c0b02,5a1,9d26d99e649b6719b66c9c6719ce679c26c9d2649ae6e9ce6e9c26a9be6d9ba719ae719a66c9c26a,521515515c50d4b5294b55d405254955d475255455d50559445214052d555515450d4857d465354f,1,1,1,1
432,432,0,756,54a,685a169dad699a66eda46fda76eda0685a0695b8681a7695bb6e5ac691b9691a1695b96e9be6e1a5,26a,c0f02c0f02c0b02c0b02c0b02c0b02c0b02c0b02c0b02c0b06c1f4fd3b4ec2b02c0f02c0b02c0b02,5a1,9d26d99e649b6719b66c9c6719ce679c26c9d2649ae6e9ce6e9c26a9be6d9ba719ae719a66c9c26a,521515515c50d4b5294b55d405254955d475255455d50559445214052d555515450d4857d465354f,1,1,1,1
433,433,0,751,551,685a169dad699a66eda46fda76eda0685a0695b8681a7695bb6e5ac691b9691a1695b96e9be6e1a5,268,c0f02c0f02c0b02c0b02c0b02c0b02c0b02c0b02c0b02c0b06c1f4fd3b4ec2b02c0f02c0b02c0b02,5a4,9d26d99e649b6719b66c9c6719ce679c26c9d2649ae6e9ce6e9c26a9be6d9ba719ae719a66c9c26a,525515515c5014b52d4b5554d5254955d47521555595255d4652d4152d5455d575194857d465354d,1,1,1,1
434,434,0,752,554,685a169dad699a66eda46fda76eda0685a0695b8681a7695bb6e5ac691b9691a1695b96e9be6e1a5,26e,c0f02c0f02c0b02c0b02c0b02c0b02c0b02c0b02c0b02c0b06c1f4fd3b4ec2b02c0f02c0b02c0b02,5ad,9d26d99e649b6719b66c9c6719ce679c26c9d2649ae6e9ce6e9c26a9be6d9ba719ae719a66c9c26a,525515515c5014b52d4b5554d5254955d47521555595255d4652d4152d5455d575194857d465354d,1,1,1,1
435,435,0,74c,55c,685a169dad699a66eda46fda76eda0685a0695b8681a7695bb6e5ac691b9691a1695b96e9be6e1a5,26a,c0f02c0f02c0b02c0b02c0b02c0b02c0b02c0b02c0b02c0b06c1f4fd3b4ec2b02c0f02c0b02c0b02,5a7,9d26d99e649b6719b66c9c6719ce679c26c9d2649ae6e9ce6e9c26a9be6d9ba719ae719a66c9c26a,525515515c5014b52d4b5554d5254955d47521555595255d4652d4152d5455d575194857d465354d,1,1,1,1
436,436,0,74e,550,685a169dad699a66eda46fda76eda0685a0695b8681a7695bb6e5ac691b9691a1695b96e9be6e1a5,26e,c0f02c0f02c0b02c0b02c0b02c0b02c0b02c0b02c0b02c0b06c1f4fd3b4ec2b02c0f02c0b02c0b02,5a6,9d26d99e649b6719b66c9c6719ce679c26c9d2649ae6e9ce6e9c26a9be6d9ba719ae719a66c9c26a,525515515c5014b52d4b5554d5254955d47521555595255d4652d4152d5455d575194857d465354d,1,1,1,1
437,437,0,753,54b,685a169dad699a66eda46fda76eda0685a0695b8681a7695bb6e5ac691b9691a1695b96e9be6e1a5,26e,c0f02c0f02c0b02c0b02c0b02c0b02c0b02c0b02c0b02c0b06c1f4fd3b4ec2b02c0f02c0b02c0b02,5bb,9d26d99e649b6719b66c9c6719ce679c26c9d2649ae6e9ce6e9c26a9be6d9ba719ae719a66c9c26a,525515515c5014b52d4b5554d5254955d47521555595255d4652d4152d5455d575194857d465354d,1,1,1,1
438,438,0,74c,54a,685a169dad699a66eda46fda76eda0685a0695b8681a7695bb6e5ac691b9691a1695b96e9be6e1a5,270,c0f02c0f02c0b02c0b02c0b02c0b02c0b02c0b02c0b02c0b06c1f4fd3b4ec2b02c0f02c0b02c0b02,5a4,9d26d99e649b6719b66c9c6719ce679c26c9d2649ae6e9ce6e9c26a9be6d9ba719ae719a66c9c26a,525515515c5014b52d4b5554d5254955d47521555595255d4652d4152d5455d575194857d465354d,1,1,1,1
439,439,0,756,54b,685a169dad699a66eda46fda76eda0685a0695b8681a7695bb6e5ac691b9691a1695b96e9be6e1a5,269,c0f02c0f02c0b02c0b02c0b02c0b02c0b02c0b02c0b02c0b06c1f4fd3b4ec2b02c0f02c0b02c0b02,5bf,9d26d99e649b6719b66c9c6719ce679c26c9d2649ae6e9ce6e9c26a9be6d9ba719ae719a66c9c26a,525515515c5014b52d4b5554d5254955d47521555595255d4652d4152d5455d575194857d465354d,1,1,1,1
440,440,0,75a,556,685a169dad699a66eda46fda76eda0685a0695b8681a7695bb6e5ac691b9691a1695b96e9be6e1a5,268,c0f02c0f02c0b02c0b02c0b02c0b02c0b02c0b02c0b02c0b06c1f4fd3b4ec2b02c0f02c0b02c0b02,5a7,9d26d99e649b6719b66c9c6719ce679c26c9d2649ae6e9ce6e9c26a9be6d9ba719ae719a66c9c26a,525515515c5014b52d4b5554d5254955d47521555595255d4652d4152d5455d575194857d465354d,1,1,1,1
441,441,0,754,552,685a169dad699a66eda46fda76eda0685a0695b8681a7695bb6e5ac691b9691a1695b96e9be6e1a5,274,c0f02c0f02c0b02c0b02c0b02c0b02c0b02c0b02c0b02c0b06c1f4fd3b4ec2b02c0f02c0b02c0b02,5bb,9d26d99e649b6719b66c9c6719ce679c26c9d2649ae6e9ce6e9c26a9be6d9ba719ae719a66c9c26a,525515515c5014b52d4b5554d5254955d47521555595255d4652d4152d5455d575194857d465354d,1,1,1,1
442,442,0,74c,549,685a169dad699a66eda46fda76eda0685a0695b8681a7695bb6e5ac691b9691a1695b96e9be6e1a5,269,c0f02c0f02c0b02c0b02c0b02c0b02c0b02c0b02c0b02c0b06c1f4fd3b4ec2b02c0f02c0b02c0b02,5a3,9d26d99e649b6719b66c9c6719ce679c26c9d2649ae6e9ce6e9c26a9be6d9ba719ae719a66c9c26a,525515515c5014b52d4b5554d5254955d47521555595255d4652d4152d5455d575194857d465354d,1,1,1,1
443,443,0,753,54e,685a169dad699a66eda46fda76eda0685a0695b8681a7695bb6e5ac691b9691a1695b96e9be6e1a5,274,c0f02c0f02c0b02c0b02c0b02c0b02c0b02c0b02c0b02c0b06c1f4fd3b4ec2b02c0f02c0b02c0b02,5a6,9d26d99e649b6719b66c9c6719ce679c26c9d2649ae6e9ce6e9c26a9be6d9ba719ae719a66c9c26a,525515515c5014b52d4b5554d5254955d47521555595255d4652d4152d5455d575194857d465354d,1,1,1,1
444,444,0,74d,557,685a169dad699a66eda46fda76eda0685a0695b8681a7695bb6e5ac691b9691a1695b96e9be6e1a5,66d,c0f02c0f02c0b02c0b02c0b02c0b02c0b02c0b02c0b02c0b06c1f4fd3b4ec2b02c0f02c0b02c0b02,5a0,9d26d99e649b6719b66c9c6719ce679c26c9d2649ae6e9ce6e9c26a9be6d9ba719ae719a66c9c26a,525515515c5014b52d4b5554d5254955d47521555595255d4652d4152d5455d575194857d465354d,1,1,1,1
445,445,0,756,557,685a169dad699a66eda46fda76eda0685a0695b8681a7695bb6e5ac691b9691a1695b96e9be6e1a5,674,c0f02c0f02c0b02c0b02c0b02c0b02c0b02c0b02c0b02c0b06c1f4fd3b4ec2b02c0f02c0b02c0b02,5ba,9d26d992649b6719b66c9ba719c2679ce6c992649ae6e9ce6e9c66a9b26a9ba6e9aa709a66c9a26d,525515515c5014b52d4b5554d5254955d47521555595255d4652d4152d5455d575194857d465354d,1,1,1,1
446,446,0,750,54b,685a169dad699a66eda46fda76eda0685a0695b8681a7695bb6e5ac691b9691a1695b96e9be6e1a5,664,c0f02c0f02c0b02c0b02c0b02c0b02c0b02c0b02c0b02c0b06c1f4fd3b4ec2b02c0f02c0b02c0b02,5bb,9d26d992649b6719b66c9ba719c2679ce6c992649ae6e9ce6e9c66a9b26a9ba6e9aa709a66c9a26d,525515515c5014b52d4b5554d5254955d47521555595255d4652d4152d5455d575194857d465354d,1,1,1,1
447,447,0,34d,554,685a169dad699a66eda46fda76eda0685a0695b8681a7695bb6e5ac691b9691a1695b96e9be6e1a5,66d,c0f02c0f02c0b02c0b02c0b02c0b02c0b02c0b02c0b02c0b06c1f4fd3b4ec2b02c0f02c0b02c0b02,1a1,9d26d992649b6719b66c9ba719c2679ce6c992649ae6e9ce6e9c66a9b26a9ba6e9aa709a66c9a26d,525515515c5014b52d4b5554d5254955d47521555595255d4652d4152d5455d575194857d465354d,1,1,1,1
448,448,0,34c,156,685a169dad699a66eda46fda76eda0685a0695b8681a7695bb6e5ac691b9691a1695b96e9be6e1a5,675,c0f02c0f02c0b02c0b02c0b02c0b02c0b02c0b02c0b02c0b06c1f4fd3b4ec2b02c0f02c0b02c0b02,1a7,9d26d992649b6719b66c9ba719c2679ce6c992649ae6e9ce6e9c66a9b26a9ba6e9aa709a66c9a26d,525515515c5014b52d4b5554d5254955d47521555595255d4652d4152d5455d575194857d465354d,1,1,1,1
449,449,0,34b,152,685a169dad699a66eda46fda76eda0685a0695b8681a7695bb6e5ac691b9691a1695b96e9be6e1a5,669,c0f02c0f02c0b02c0b02c0b02c0b02c0b02c0b02c0b02c0b06c1f4fd3b4ec2b02c0f02c0b02c0b02,1a5,9d26d992649b6719b66c9ba719c2679ce6c992649ae6e9ce6e9c66a9b26a9ba6e9aa709a66c9a26d,525515515c5014b52d4b5554d5254955d47521555595255d4652d4152d5455d575194857d465354d,1,1,1,1
450,450,0,357,154,685a169dad699a66eda46fda76eda0685a0695b8681a7695bb6e5ac691b9691a1695b96e9be6e1a5,66c,c0f02c0f02c0b02c0b02c0b02c0b02c0b02c0b02c0b02c0b06c1f4fd3b4ec2b02c0f02c0b02c0b02,1bb,9d26d992649b6719b66c9ba719c2679ce6c992649ae6e9ce6e9c66a9b26a9ba6e9aa709a66c9a26d,525515515c5014b52d4b5554d5254955d47521555595255d4652d4152d5455d575194857d465354d,1,1,1,1
451,451,0,357,156,685a169dad699a66eda46fda76eda0685a0695b8681a7695bb6e5ac691b9691a1695b96e9be6e1a5,66e,c0f02c0f02c0b02c0b02c0b02c0b02c0b02c0b02c0b02c0b06c1f4fd3b4ec2b02c0f02c0b02c0b02,1b9,9d26d992649b6719b66c9ba719c2679ce6c992649ae6e9ce6e9c66a9b26a9ba6e9aa709a66c9a26d,525515515c5014b52d4b5554d5254955d47521555595255d4652d4152d5455d575194857d465354d,1,1,1,1
452,452,0,34d,148,685a169dad699a66eda46fda76eda0685a0695b8681a7695bb6e5ac691b9691a1695b96e9be6e1a5,675,c0f02c0f02c0b02c0b02c0b02c0b02c0b02c0b02c0b02c0b06c1f4fd3b4ec2b02c0f02c0b02c0b02,1ac,9d26d992649b6719b66c9ba719c2679ce6c992649ae6e9ce6e9c66a9b26a9ba6e9aa709a66c9a26d,525515515c5014b52d4b5554d5254955d47521555595255d4652d4152d5455d575194857d465354d,1,1,1,1
453,453,0,34f,150,685a169dad699a66eda46fda76eda0685a0695b8681a7695bb6e5ac691b9691a1695b96e9be6e1a5,670,c0f02c0f02c0b02c0b02c0b02c0b02c0b02c0b02c0b02c0b06c1f4fd3b4ec2b02c0f02c0b02c0b02,1a5,9d26d992649b6719b66c9ba719c2679ce6c992649ae6e9ce6e9c66a9b26a9ba6e9aa709a66c9a26d,525515515c5014b52d4b5554d5254955d47521555595255d4652d4152d5455d575194857d465354d,1,1,1,1
454,454,0,34c,14e,685a169dad699a66eda46fda76eda0685a0695b8681a7695bb6e5ac691b9691a1695b96e9be6e1a5,663,c0f02c0f02c0b02c0b02c0b02c0b02c0b02c0b02c0b02c0b06c1f4fd3b4ec2b02c0f02c0b02c0b02,1b9,9d26d992649b6719b66c9ba719c2679ce6c992649ae6e9ce6e9c66a9b26a9ba6e9aa709a66c9a26d,525515515c5014b52d4b5554d5254955d47521555595255d4652d4152d5455d575194857d465354d,1,1,1,1
455,455,0,348,156,685a169dad699a66eda46fda76eda0685a0695b8681a7695bb6e5ac691b9691a1695b96e9be6e1a5,677,c0f02c0f02c0b02c0b02c0b02c0b02c0b02c0b02c0b02c0b06c1f4fd3b4ec2b02c0f02c0b02c0b02,1a7,9d26d992649b6719b66c9ba719c2679ce6c992649ae6e9ce6e9c66a9b26a9ba6e9aa709a66c9a26d,525515515c5014b52d4b5554d5254955d47521555595255d4652d4152d5455d575194857d465354d,1,1,1,1
456,456,0,352,154,685a169dad699a66eda46fda76eda0685a0695b8681a7695bb6e5ac691b9691a1695b96e9be6e1a5,669,c0f02c0f02c0b02c0b02c0b02c0b02c0b02c0b02c0b02c0b06c1f4fd3b4ec2b02c0f02c0b02c0b02,1a1,9d26d992649b6719b66c9ba719c2679ce6c992649ae6e9ce6e9c66a9b26a9ba6e9aa709a66c9a26d,525515515c5014b52d4b5554d5254955d47521555595255d4652d4152d5455d575194857d465354d,1,1,1,1
457,457,0,350,156,685a169dad699a66eda46fda76eda0685a0695b8681a7695bb6e5ac691b9691a1695b96e9be6e1a5,674,c0f02c0f02c0b02c0b02c0b02c0b02c0b02c0b02c0b02c0b06c1f4fd3b4ec2b02c0f02c0b02c0b02,1a4,9d26d992649b6719b66c9ba719c2679ce6c992649ae6e9ce6e9c66a9b26a9ba6e9aa709a66c9a26d,525515515c5014b52d4b5554d5254955d47521555595255d4652d4152d5455d575194857d465354d,1,1,1,1
458,458,0,34a,156,685a169dad699a66eda46fda76eda0685a0695b8681a7695bb6e5ac691b9691a1695b96e9be6e1a5,664,c0f02c0f02c0b02c0b02c0b02c0b02c0b02c0b02c0b02c0b06c1f4fd3b4ec2b02c0f02c0b02c0b02,1be,9d26d992649b6719b66c9ba719c2679ce6c992649ae6e9ce6e9c66a9b26a9ba6e9aa709a66c9a26d,525515515c5014b52d4b5554d5254955d47521555595255d4652d4152d5455d575194857d465354d,1,1,1,1
459,459,0,351,14a,685a169dad699a66eda46fda76eda0685a0695b8681a7695bb6e5ac691b9691a1695b96e9be6e1a5,66e,c0f02c0f02c0b02c0b02c0b02c0b02c0b02c0b02c0b02c0b06c1f4fd3b4ec2b02c0f02c0b02c0b02,1ba,9d26d992649b6719b66c9ba719c2679ce6c992649ae6e9ce6e9c66a9b26a9ba6e9aa709a66c9a26d,525515515c5014b52d4b5554d5254955d47521555595255d4652d4152d5455d575194857d465354d,1,1,1,1
460,460,0,349,15d,685a169dad699a66eda46fda76eda0685a0695b8681a7695bb6e5ac691b9691a1695b96e9be6e1a5,271,c0f02c0f02c0b02c0b02c0b02c0b02c0b02c0b02c0b02c0b06c1f4fd3b4ec2b02c0f02c0b02c0b02,1b9,9d26d992649b6719b66c9ba719c2679ce6c992649ae6e9ce6e9c66a9b26a9ba6e9aa709a66c9a26d,525515515c5014b52d4b5554d5254955d47521555595255d4652d4152d5455d575194857d465354d,1,1,1,1
461,461,0,355,156,685a169dad699a66eda46fda76eda0685a0695b8681a7695bb6e5ac691b9691a1695b96e9be6e1a5,273,c0f02c0f02c0b02c0b02c0b02c0b02c0b02c0b02c0b02c0b06c1f4fd3b4ec2b02c0f02c0b02c0b02,1b8,9d26d992649b6719b66c9ba719c2679ce6c992649ae6e9ce6e9c66a9b26a9ba6e9aa709a66c9a26d,525515515c5014b52d4b5554d5254955d47521555595255d4652d4152d5455d575194857d465354d,1,1,1,1
462,462,0,34b,14e,685a169dad699a66eda46fda76eda0685a0695b8681a7695bb6e5ac691b9691a1695b96e9be6e1a5,271,c0f02c0f02c0b02c0b02c0b02c0b02c0b02c0b02c0b02c0b06c1f4fd3b4ec2b02c0f02c0b02c0b02,1a5,9d26d992649b6719b66c9ba719c2679ce6c992649ae6e9ce6e9c66a9b26a9ba6e9aa709a66c9a26d,525515515c5014b52d4b5554d5254955d47521555595255d4652d4152d5455d575194857d465354d,1,1,1,1
463,463,0,753,15d,685a169dad699a66eda46fda76eda0685a0695b8681a7695bb6e5ac691b9691a1695b96e9be6e1a5,270,c0f02c0f02c0b02c0b02c0b02c0b02c0b02c0b02c0b02c0b06c1f4fd3b4ec2b02c0f02c0b02c0b02,5a1,9d26d992649b6719b66c9ba719c2679ce6c992649ae6e9ce6e9c66a9b26a9ba6e9aa709a66c9a26d,525515515c5014b52d4b5554d5254955d47521555595255d4652d4152d5455d575194857d465354d,1,1,1,1
464,464,0,757,54a,685a1691ad69da66eda46fda76eda3699a06e9bb685a7695bb6e5ac695b969da1691bc6e9bb6e1a5,26a,c0f02c0f02c0b02c0b02c0b02c0b02c0b02c0b02c0b02c0b06c1f4fd3f4ec2b02c0b02c0b02c0b02,5a6,9d26d992649b6719b66c9ba719c2679ce6c992649ae6e9ce6e9c66a9b26a9ba6e9aa709a66c9a26d,525515515c5014b52d4b5554d5254955d47521555595255d4652d4152d5455d575194857d465354d,1,1,1,1
465,465,0,751,551,685a1691ad69da66eda46fda76eda3699a06e9bb685a7695bb6e5ac695b969da1691bc6e9bb6e1a5,26b,c0f02c0f02c0b02c0b02c0b02c0b02c0b02c0b02c0b02c0b06c1f4fd3f4ec2b02c0b02c0b02c0b02,5a4,9d26d992649b6719b66c9ba719c2679ce6c992649ae6e9ce6e9c66a9b26a9ba6e9aa709a66c9a26d,521515515c5014b5294b5594052d4e55d475255455950559445214053954559565194857d465314d,1,1,1,1
466,466,0,752,554,685a1691ad69da66eda46fda76eda3699a06e9bb685a7695bb6e5ac695b969da1691bc6e9bb6e1a5,26e,c0f02c0f02c0b02c0b02c0b02c0b02c0b02c0b02c0b02c0b06c1f4fd3f4ec2b02c0b02c0b02c0b02,5ad,9d26d992649b6719b66c9ba719c2679ce6c992649ae6e9ce6e9c66a9b26a9ba6e9aa709a66c9a26d,521515515c5014b5294b5594052d4e55d475255455950559445214053954559565194857d465314d,1,1,1,1
467,467,0,74f,55c,685a1691ad69da66eda46fda76eda3699a06e9bb685a7695bb6e5ac695b969da1691bc6e9bb6e1a5,26a,c0f02c0f02c0b02c0b02c0b02c0b02c0b02c0b02c0b02c0b06c1f4fd3f4ec2b02c0b02c0b02c0b02,5a7,9d26d992649b6719b66c9ba719c2679ce6c992649ae6e9ce6e9c66a9b26a9ba6e9aa709a66c9a26d,521515515c5014b5294b5594052d4e55d475255455950559445214053954559565194857d465314d,1,1,1,1
468,468,0,74f,550,685a1691ad69da66eda46fda76eda3699a06e9bb685a7695bb6e5ac695b969da1691bc6e9bb6e1a5,26e,c0f02c0f02c0b02c0b02c0b02c0b02c0b02c0b02c0b02c0b06c1f4fd3f4ec2b02c0b02c0b02c0b02,5a6,9d26d992649b6719b66c9ba719c2679ce6c992649ae6e9ce6e9c66a9b26a9ba6e9aa709a66c9a26d,521515515c5014b5294b5594052d4e55d475255455950559445214053954559565194857d465314d,1,1,1,1
469,469,0,753,548,685a1691ad69da66eda46fda76eda3699a06e9bb685a7695bb6e5ac695b969da1691bc6e9bb6e1a5,26c,c0f02c0f02c0b02c0b02c0b02c0b02c0b02c0b02c0b02c0b06c1f4fd3f4ec2b02c0b02c0b02c0b02,5bb,9d26d992649b6719b66c9ba719c2679ce6c992649ae6e9ce6e9c66a9b26a9ba6e9aa709a66c9a26d,521515515c5014b5294b5594052d4e55d475255455950559445214053954559565194857d465314d,1,1,1,1
470,470,0,74c,54b,685a1691ad69da66eda46fda76eda3699a06e9bb685a7695bb6e5ac695b969da1691bc6e9bb6e1a5,270,c0f02c0f02c0b02c0b02c0b02c0b02c0b02c0b02c0b02c0b06c1f4fd3f4ec2b02c0b02c0b02c0b02,5a5,9d26d992649b6719b66c9ba719c2679ce6c992649ae6e9ce6e9c66a9b26a9ba6e9aa709a66c9a26d,521515515c5014b5294b5594052d4e55d475255455950559445214053954559565194857d465314d,1,1,1,1
471,471,0,756,54b,685a1691ad69da66eda46fda76eda3699a06e9bb685a7695bb6e5ac695b969da1691bc6e9bb6e1a5,269,c0f02c0f02c0b02c0b02c0b02c0b02c0b02c0b02c0b02c0b06c1f4fd3f4ec2b02c0b02c0b02c0b02,5bf,9d26d992649b6719b66c9ba719c2679ce6c992649ae6e9ce6e9c66a9b26a9ba6e9aa709a66c9a26d,521515515c5014b5294b5594052d4e55d475255455950559445214053954559565194857d465314d,1,1,1,1
472,472,0,75a,556,685a1691ad69da66eda46fda76eda3699a06e9bb685a7695bb6e5ac695b969da1691bc6e9bb6e1a5,268,c0f02c0f02c0b02c0b02c0b02c0b02c0b02c0b02c0b02c0b06c1f4fd3f4ec2b02c0b02c0b02c0b02,5a7,9d26d992649b6719b66c9ba719c2679ce6c992649ae6e9ce6e9c66a9b26a9ba6e9aa709a66c9a26d,521515515c5014b5294b5594052d4e55d475255455950559445214053954559565194857d465314d,1,1,1,1
473,473,0,754,552,685a1691ad69da66eda46fda76eda3699a06e9bb685a7695bb6e5ac695b969da1691bc6e9bb6e1a5,274,c0f02c0f02c0b02c0b02c0b02c0b02c0b02c0b02c0b02c0b06c1f4fd3f4ec2b02c0b02c0b02c0b02,5bb,9d26d992649b6719b66c9ba719c2679ce6c992649ae6e9ce6e9c66a9b26a9ba6e9aa709a66c9a26d,521515515c5014b5294b5594052d4e55d475255455950559445214053954559565194857d465314d,1,1,1,1
474,474,0,74c,548,685a1691ad69da66eda46fda76eda3699a06e9bb685a7695bb6e5ac695b969da1691bc6e9bb6e1a5,269,c0f02c0f02c0b02c0b02c0b02c0b02c0b02c0b02c0b02c0b06c1f4fd3f4ec2b02c0b02c0b02c0b02,5a3,9d26d992649b6719b66c9ba719c2679ce6c992649ae6e9ce6e9c66a9b26a9ba6e9aa709a66c9a26d,521515515c5014b5294b5594052d4e55d475255455950559445214053954559565194857d465314d,1,1,1,1
475,475,0,752,549,685a1691ad69da66eda46fda76eda3699a06e9bb685a7695bb6e5ac695b969da1691bc6e9bb6e1a5,274,c0f02c0f02c0b02c0b02c0b02c0b02c0b02c0b02c0b02c0b06c1f4fd3f4ec2b02c0b02c0b02c0b02,5a6,9d26d992649b6719b66c9ba719c2679ce6c992649ae6e9ce6e9c66a9b26a9ba6e9aa709a66c9a26d,521515515c5014b5294b5594052d4e55d475255455950559445214053954559565194857d465314d,1,1,1,1
476,476,0,74d,557,685a1691ad69da66eda46fda76eda3699a06e9bb685a7695bb6e5ac695b969da1691bc6e9bb6e1a5,66d,c0f02c0f02c0b02c0b02c0b02c0b02c0b02c0b02c0b02c0b06c1f4fd3f4ec2b02c0b02c0b02c0b02,5a0,9d26d992649b6719b66c9ba719c2679ce6c992649ae6e9ce6e9c66a9b26a9ba6e9aa709a66c9a26d,521515515c5014b5294b5594052d4e55d475255455950559445214053954559565194857d465314d,1,1,1,1
477,477,0,756,557,685a1691ad69da66eda46fda76eda3699a06e9bb685a7695bb6e5ac695b969da1691bc6e9bb6e1a5,677,c0f02c0f02c0b02c0b02c0b02c0b02c0b02c0b02c0b02c0b06c1f4fd3f4ec2b02c0b02c0b02c0b02,5ba,9d26d992649b6719b66c9ba719c2679ce6d992649aa719ce719c26a9be6a9ba6e9a2709a66c9c26d,521515515c5014b5294b5594052d4e55d475255455950559445214053954559565194857d465314d,1,1,1,1
478,478,0,750,54b,685a1691ad69da66eda46fda76eda3699a06e9bb685a7695bb6e5ac695b969da1691bc6e9bb6e1a5,664,c0f02c0f02c0b02c0b02c0b02c0b02c0b02c0b02c0b02c0b06c1f4fd3f4ec2b02c0b02c0b02c0b02,5bb,9d26d992649b6719b66c9ba719c2679ce6d992649aa719ce719c26a9be6a9ba6e9a2709a66c9c26d,521515515c5014b5294b5594052d4e55d475255455950559445214053954559565194857d465314d,1,1,1,1
479,479,0,34c,554,685a1691ad69da66eda46fda76eda3699a06e9bb685a7695bb6e5ac695b969da1691bc6e9bb6e1a5,66d,c0f02c0f02c0b02c0b02c0b02c0b02c0b02c0b02c0b02c0b06c1f4fd3f4ec2b02c0b02c0b02c0b02,1a0,9d26d992649b6719b66c9ba719c2679ce6d992649aa719ce719c26a9be6a9ba6e9a2709a66c9c26d,521515515c5014b5294b5594052d4e55d475255455950559445214053954559565194857d465314d,1,1,1,1
480,480,0,34c,157,685a1691ad69da66eda46fda76eda3699a06e9bb685a7695bb6e5ac695b969da1691bc6e9bb6e1a5,675,c0f02c0f02c0b02c0b02c0b02c0b02c0b02c0b02c0b02c0b06c1f4fd3f4ec2b02c0b02c0b02c0b02,1a7,9d26d992649b6719b66c9ba719c2679ce6d992649aa719ce719c26a9be6a9ba6e9a2709a66c9c26d,521515515c5014b5294b5594052d4e55d475255455950559445214053954559565194857d465314d,1,1,1,1
481,481,0,348,153,685a1691ad69da66eda46fda76eda3699a06e9bb685a7695bb6e5ac695b969da1691bc6e9bb6e1a5,669,c0f02c0f02c0b02c0b02c0b02c0b02c0b02c0b02c0b02c0b06c1f4fd3f4ec2b02c0b02c0b02c0b02,1a5,9d26d992649b6719b66c9ba719c2679ce6d992649aa719ce719c26a9be6a9ba6e9a2709a66c9c26d,521515515c5014b5294b5594052d4e55d475255455950559445214053954559565194857d465314d,1,1,1,1
482,482,0,356,154,685a1691ad69da66eda46fda76eda3699a06e9bb685a7695bb6e5ac695b969da1691bc6e9bb6e1a5,66c,c0f02c0f02c0b02c0b02c0b02c0b02c0b02c0b02c0b02c0b06c1f4fd3f4ec2b02c0b02c0b02c0b02,1bb,9d26d992649b6719b66c9ba719c2679ce6d992649aa719ce719c26a9be6a9ba6e9a2709a66c9c26d,521515515c5014b5294b5594052d4e55d475255455950559445214053954559565194857d465314d,1,1,1,1
483,483,0,356,156,685a1691ad69da66eda46fda76eda3699a06e9bb685a7695bb6e5ac695b969da1691bc6e9bb6e1a5,675,c0f02c0f02c0b02c0b02c0b02c0b02c0b02c0b02c0b02c0b06c1f4fd3f4ec2b02c0b02c0b02c0b02,1b9,9d26d992649b6719b66c9ba719c2679ce6d992649aa719ce719c26a9be6a9ba6e9a2709a66c9c26d,521515515c5014b5294b5594052d4e55d475255455950559445214053954559565194857d465314d,1,1,1,1
484,484,0,352,14b,685a1691ad69da66eda46fda76eda3699a06e9bb685a7695bb6e5ac695b969da1691bc6e9bb6e1a5,671,c0f02c0f02c0b02c0b02c0b02c0b02c0b02c0b02c0b02c0b06c1f4fd3f4ec2b02c0b02c0b02c0b02,1af,9d26d992649b6719b66c9ba719c2679ce6d992649aa719ce719c26a9be6a9ba6e9a2709a66c9c26d,521515515c5014b5294b5594052d4e55d475255455950559445214053954559565194857d465314d,1,1,1,1
485,485,0,34e,150,685a1691ad69da66eda46fda76eda3699a06e9bb685a7695bb6e5ac695b969da1691bc6e9bb6e1a5,670,c0f02c0f02c0b02c0b02c0b02c0b02c0b02c0b02c0b02c0b06c1f4fd3f4ec2b02c0b02c0b02c0b02,1a5,9d26d992649b6719b66c9ba719c2679ce6d992649aa719ce719c26a9be6a9ba6e9a2709a66c9c26d,521515515c5014b5294b5594052d4e55d475255455950559445214053954559565194857d465314d,1,1,1,1
486,486,0,34c,148,685a1691ad69da66eda46fda76eda3699a06e9bb685a7695bb6e5ac695b969da1691bc6e9bb6e1a5,660,c0f02c0f02c0b02c0b02c0b02c0b02c0b02c0b02c0b02c0b06c1f4fd3f4ec2b02c0b02c0b02c0b02,1b9,9d26d992649b6719b66c9ba719c2679ce6d992649aa719ce719c26a9be6a9ba6e9a2709a66c9c26d,521515515c5014b5294b5594052d4e55d475255455950559445214053954559565194857d465314d,1,1,1,1
487,487,0,349,157,685a1691ad69da66eda46fda76eda3699a06e9bb685a7695bb6e5ac695b969da1691bc6e9bb6e1a5,674,c0f02c0f02c0b02c0b02c0b02c0b02c0b02c0b02c0b02c0b06c1f4fd3f4ec2b02c0b02c0b02c0b02,1a4,9d26d992649b6719b66c9ba719c2679ce6d992649aa719ce719c26a9be6a9ba6e9a2709a66c9c26d,521515515c5014b5294b5594052d4e55d475255455950559445214053954559565194857d465314d,1,1,1,1
488,488,0,352,154,685a1691ad69da66eda46fda76eda3699a06e9bb685a7695bb6e5ac695b969da1691bc6e9bb6e1a5,668,c0f02c0f02c0b02c0b02c0b02c0b02c0b02c0b02c0b02c0b06c1f4fd3f4ec2b02c0b02c0b02c0b02,1a6,9d26d992649b6719b66c9ba719c2679ce6d992649aa719ce719c26a9be6a9ba6e9a2709a66c9c26d,521515515c5014b5294b5594052d4e55d475255455950559445214053954559565194857d465314d,1,1,1,1
489,489,0,350,157,685a1691ad69da66eda46fda76eda3699a06e9bb685a7695bb6e5ac695b969da1691bc6e9bb6e1a5,674,c0f02c0f02c0b02c0b02c0b02c0b02c0b02c0b02c0b02c0b06c1f4fd3f4ec2b02c0b02c0b02c0b02,1a5,9d26d992649b6719b66c9ba719c2679ce6d992649aa719ce719c26a9be6a9ba6e9a2709a66c9c26d,521515515c5014b5294b5594052d4e55d475255455950559445214053954559565194857d465314d,1,1,1,1
490,490,0,34a,156,685a1691ad69da66eda46fda76eda3699a06e9bb685a7695bb6e5ac695b969da1691bc6e9bb6e1a5,664,c0f02c0f02c0b02c0b02c0b02c0b02c0b02c0b02c0b02c0b06c1f4fd3f4ec2b02c0b02c0b02c0b02,1be,9d26d992649b6719b66c9ba719c2679ce6d992649aa719ce719c26a9be6a9ba6e9a2709a66c9c26d,521515515c5014b5294b5594052d4e55d475255455950559445214053954559565194857d465314d,1,1,1,1
491,491,0,351,14a,685a1691ad69da66eda46fda76eda3699a06e9bb685a7695bb6e5ac695b969da1691bc6e9bb6e1a5,66f,c0f02c0f02c0b02c0b02c0b02c0b02c0b02c0b02c0b02c0b06c1f4fd3f4ec2b02c0b02c0b02c0b02,1ba,9d26d992649b6719b66c9ba719c2679ce6d992649aa719ce719c26a9be6a9ba6e9a2709a66c9c26d,521515515c5014b5294b5594052d4e55d475255455950559445214053954559565194857d465314d,1,1,1,1
492,492,0,348,15d,685a1691ad69da66eda46fda76eda3699a06e9bb685a7695bb6e5ac695b969da1691bc6e9bb6e1a5,271,c0f02c0f02c0b02c0b02c0b02c0b02c0b02c0b02c0b02c0b06c1f4fd3f4ec2b02c0b02c0b02c0b02,1b9,9d26d992649b6719b66c9ba719c2679ce6d992649aa719ce719c26a9be6a9ba6e9a2709a66c9c26d,521515515c5014b5294b5594052d4e55d475255455950559445214053954559565194857d465314d,1,1,1,1
493,493,0,35a,156,685a1691ad69da66eda46fda76eda3699a06e9bb685a7695bb6e5ac695b969da1691bc6e9bb6e1a5,270,c0f02c0f02c0b02c0b02c0b02c0b02c0b02c0b02c0b02c0b06c1f4fd3f4ec2b02c0b02c0b02c0b02,1b8,9d26d992649b6719b66c9ba719c2679ce6d992649aa719ce719c26a9be6a9ba6e9a2709a66c9c26d,521515515c5014b5294b5594052d4e55d475255455950559445214053954559565194857d465314d,1,1,1,1
494,494,0,348,14e,685a1691ad69da66eda46fda76eda3699a06e9bb685a7695bb6e5ac695b969da1691bc6e9bb6e1a5,26a,c0f02c0f02c0b02c0b02c0b02c0b02c0b02c0b02c0b02c0b06c1f4fd3f4ec2b02c0b02c0b02c0b02,1a5,9d26d992649b6719b66c9ba719c2679ce6d992649aa719ce719c26a9be6a9ba6e9a2709a66c9c26d,521515515c5014b5294b5594052d4e55d475255455950559445214053954559565194857d465314d,1,1,1,1
495,495,0,753,15d,685a1691ad69da66eda46fda76eda3699a06e9bb685a7695bb6e5ac695b969da1691bc6e9bb6e1a5,277,c0f02c0f02c0b02c0b02c0b02c0b02c0b02c0b02c0b02c0b06c1f4fd3f4ec2b02c0b02c0b02c0b02,5a6,9d26d992649b6719b66c9ba719c2679ce6d992649aa719ce719c26a9be6a9ba6e9a2709a66c9c26d,521515515c5014b5294b5594052d4e55d475255455950559445214053954559565194857d465314d,1,1,1,1
496,496,0,756,54a,685a6691ad69da66eda56fda76eda3699a06e9bb681a7695bb6e5af695b9691a6695bc6e9bb6e1a5,269,c0f02c0f02c0b02c0b02c0b02c0b02c0b02c0b02c0b02c0b06c1b42d3b4ec2b02c0b02c0b02c0b02,5a6,9d26d992649b6719b66c9ba719c2679ce6d992649aa719ce719c26a9be6a9ba6e9a2709a66c9c26d,521515515c5014b5294b5594052d4e55d475255455950559445214053954559565194857d465314d,1,1,1,1
497,497,0,751,551,685a6691ad69da66eda56fda76eda3699a06e9bb681a7695bb6e5af695b9691a6695bc6e9bb6e1a5,26f,c0f02c0f02c0b02c0b02c0b02c0b02c0b02c0b02c0b02c0b06c1b42d3b4ec2b02c0b02c0b02c0b02,5a4,9d26d992649b6719b66c9ba719c2679ce6d992649aa719ce719c26a9be6a9ba6e9a2709a66c9c26d,521515515c5014852d4b559405214955d475255455d51559465254052955559575194857d465314f,1,1,1,1
498,498,0,753,554,685a6691ad69da66eda56fda76eda3699a06e9bb681a7695bb6e5af695b9691a6695bc6e9bb6e1a5,26d,c0f02c0f02c0b02c0b02c0b02c0b02c0b02c0b02c0b02c0b06c1b42d3b4ec2b02c0b02c0b02c0b02,5ad,9d26d992649b6719b66c9ba719c2679ce6d992649aa719ce719c26a9be6a9ba6e9a2709a66c9c26d,521515515c5014852d4b559405214955d475255455d51559465254052955559575194857d465314f,1,1,1,1
499,499,0,74f,55c,685a6691ad69da66eda56fda76eda3699a06e9bb681a7695bb6e5af695b9691a6695bc6e9bb6e1a5,26f,c0f02c0f02c0b02c0b02c0b02c0b02c0b02c0b02c0b02c0b06c1b42d3b4ec2b02c0b02c0b02c0b02,5a6,9d26d992649b6719b66c9ba719c2679ce6d992649aa719ce719c26a9be6a9ba6e9a2709a66c9c26d,521515515c5014852d4b559405214955d475255455d51559465254052955559575194857d465314f,1,1,1,1
500,500,0,74e,550,685a6691ad69da66eda56fda76eda3699a06e9bb681a7695bb6e5af695b9691a6695bc6e9bb6e1a5,26e,c0f02c0f02c0b02c0b02c0b02c0b02c0b02c0b02c0b02c0b06c1b42d3b4ec2b02c0b02c0b02c0b02,5a1,9d26d992649b6719b66c9ba719c2679ce6d992649aa719ce719c26a9be6a9ba6e9a2709a66c9c26d,521515515c5014852d4b559405214955d475255455d51559465254052955559575194857d465314f,1,1,1,1
501,501,0,750,548,685a6691ad69da66eda56fda76eda3699a06e9bb681a7695bb6e5af695b9691a6695bc6e9bb6e1a5,26f,c0f02c0f02c0b02c0b02c0b02c0b02c0b02c0b02c0b02c0b06c1b42d3b4ec2b02c0b02c0b02c0b02,5bb,9d26d992649b6719b66c9ba719c2679ce6d992649aa719ce719c26a9be6a9ba6e9a2709a66c9c26d,521515515c5014852d4b559405214955d475255455d51559465254052955559575194857d465314f,1,1,1,1
502,502,0,74c,54b,685a6691ad69da66eda56fda76eda3699a06e9bb681a7695bb6e5af695b9691a6695bc6e9bb6e1a5,270,c0f02c0f02c0b02c0b02c0b02c0b02c0b02c0b02c0b02c0b06c1b42d3b4ec2b02c0b02c0b02c0b02,5a4,9d26d992649b6719b66c9ba719c2679ce6d992649aa719ce719c26a9be6a9ba6e9a2709a66c9c26d,521515515c5014852d4b559405214955d475255455d51559465254052955559575194857d465314f,1,1,1,1
503,503,0,751,548,685a6691ad69da66eda56fda76eda3699a06e9bb681a7695bb6e5af695b9691a6695bc6e9bb6e1a5,269,c0f02c0f02c0b02c0b02c0b02c0b02c0b02c0b02c0b02c0b06c1b42d3b4ec2b02c0b02c0b02c0b02,5bf,9d26d992649b6719b66c9ba719c2679ce6d992649aa719ce719c26a9be6a9ba6e9a2709a66c9c26d,521515515c5014852d4b559405214955d475255455d51559465254052955559575194857d465314f,1,1,1,1
504,504,0,75a,556,685a6691ad69da66eda56fda76eda3699a06e9bb681a7695bb6e5af695b9691a6695bc6e9bb6e1a5,26b,c0f02c0f02c0b02c0b02c0b02c0b02c0b02c0b02c0b02c0b06c1b42d3b4ec2b02c0b02c0b02c0b02,5a7,9d26d992649b6719b66c9ba719c2679ce6d992649aa719ce719c26a9be6a9ba6e9a2709a66c9c26d,521515515c5014852d4b559405214955d475255455d51559465254052955559575194857d465314f,1,1,1,1
505,505,0,754,552,685a6691ad69da66eda56fda76eda3699a06e9bb681a7695bb6e5af695b9691a6695bc6e9bb6e1a5,277,c0f02c0f02c0b02c0b02c0b02c0b02c0b02c0b02c0b02c0b06c1b42d3b4ec2b02c0b02c0b02c0b02,5ba,9d26d992649b6719b66c9ba719c2679ce6d992649aa719ce719c26a9be6a9ba6e9a2709a66c9c26d,521515515c5014852d4b559405214955d475255455d51559465254052955559575194857d465314f,1,1,1,1
506,506,0,74c,548,685a6691ad69da66eda56fda76eda3699a06e9bb681a7695bb6e5af695b9691a6695bc6e9bb6e1a5,26a,c0f02c0f02c0b02c0b02c0b02c0b02c0b02c0b02c0b02c0b06c1b42d3b4ec2b02c0b02c0b02c0b02,5a3,9d26d992649b6719b66c9ba719c2679ce6d992649aa719ce719c26a9be6a9ba6e9a2709a66c9c26d,521515515c5014852d4b559405214955d475255455d51559465254052955559575194857d465314f,1,1,1,1
507,507,0,753,549,685a6691ad69da66eda56fda76eda3699a06e9bb681a7695bb6e5af695b9691a6695bc6e9bb6e1a5,271,c0f02c0f02c0b02c0b02c0b02c0b02c0b02c0b02c0b02c0b06c1b42d3b4ec2b02c0b02c0b02c0b02,5a6,9d26d992649b6719b66c9ba719c2679ce6d992649aa719ce719c26a9be6a9ba6e9a2709a66c9c26d,521515515c5014852d4b559405214955d475255455d51559465254052955559575194857d465314f,1,1,1,1
508,508,0,74d,557,685a6691ad69da66eda56fda76eda3699a06e9bb681a7695bb6e5af695b9691a6695bc6e9bb6e1a5,66d,c0f02c0f02c0b02c0b02c0b02c0b02c0b02c0b02c0b02c0b06c1b42d3b4ec2b02c0b02c0b02c0b02,5a0,9d26d992649b6719b66c9ba719c2679ce6d992649aa719ce719c26a9be6a9ba6e9a2709a66c9c26d,521515515c5014852d4b559405214955d475255455d51559465254052955559575194857d465314f,1,1,1,1
509,509,0,756,557,685a6691ad69da66eda56fda76eda3699a06e9bb681a7695bb6e5af695b9691a6695bc6e9bb6e1a5,674,c0f02c0f02c0b02c0b02c0b02c0b02c0b02c0b02c0b02c0b06c1b42d3b4ec2b02c0b02c0b02c0b02,5ba,9d26d99e649b6719b66c9c6719c2649c26c992649ae719c26e9ce6d9be6d9be6e9ae709a66f9ce6a,521515515c5014852d4b559405214955d475255455d51559465254052955559575194857d465314f,1,1,1,1
510,510,0,751,54a,685a6691ad69da66eda56fda76eda3699a06e9bb681a7695bb6e5af695b9691a6695bc6e9bb6e1a5,664,c0f02c0f02c0b02c0b02c0b02c0b02c0b02c0b02c0b02c0b06c1b42d3b4ec2b02c0b02c0b02c0b02,5bb,9d26d99e649b6719b66c9c6719c2649c26c992649ae719c26e9ce6d9be6d9be6e9ae709a66f9ce6a,521515515c5014852d4b559405214955d475255455d51559465254052955559575194857d465314f,1,1,1,1
511,511,0,34c,554,685a6691ad69da66eda56fda76eda3699a06e9bb681a7695bb6e5af695b9691a6695bc6e9bb6e1a5,66d,c0f02c0f02c0b02c0b02c0b02c0b02c0b02c0b02c0b02c0b06c1b42d3b4ec2b02c0b02c0b02c0b02,1a0,9d26d99e649b6719b66c9c6719c2649c26c992649ae719c26e9ce6d9be6d9be6e9ae709a66f9ce6a,521515515c5014852d4b559405214955d475255455d51559465254052955559575194857d465314f,1,1,1,1
512,512,1,34c,156,685a6691ad69da66eda56fda76eda3699a06e9bb681a7695bb6e5af695b9691a6695bc6e9bb6e1a5,675,c0f02c0f02c0b02c0b02c0b02c0b02c0b02c0b02c0b02c0b06c1b42d3b4ec2b02c0b02c0b02c0b02,1a4,9d26d99e649b6719b66c9c6719c2649c26c992649ae719c26e9ce6d9be6d9be6e9ae709a66f9ce6a,521515515c5014852d4b559405214955d475255455d51559465254052955559575194857d465314f,1,1,1,1
513,513,0,348,152,685a6691ad69da66eda56fda76eda3699a06e9bb681a7695bb6e5af695b9691a6695bc6e9bb6e1a5,669,c0f02c0f02c0b02c0b02c0b02c0b02c0b02c0b02c0b02c0b06c1b42d3b4ec2b02c0b02c0b02c0b02,1a4,9d26d99e649b6719b66c9c6719c2649c26c992649ae719c26e9ce6d9be6d9be6e9ae709a66f9ce6a,521515515c5014852d4b559405214955d475255455d51559465254052955559575194857d465314f,1,1,1,1
514,514,0,357,154,685a6691ad69da66eda56fda76eda3699a06e9bb681a7695bb6e5af695b9691a6695bc6e9bb6e1a5,66f,c0f02c0f02c0b02c0b02c0b02c0b02c0b02c0b02c0b02c0b06c1b42d3b4ec2b02c0b02c0b02c0b02,1bb,9d26d99e649b6719b66c9c6719c2649c26c992649ae719c26e9ce6d9be6d9be6e9ae709a66f9ce6a,521515515c5014852d4b559405214955d475255455d51559465254052955559575194857d465314f,1,1,1,1
515,515,0,357,156,685a6691ad69da66eda56fda76eda3699a06e9bb681a7695bb6e5af695b9691a6695bc6e9bb6e1a5,675,c0f02c0f02c0b02c0b02c0b02c0b02c0b02c0b02c0b02c0b06c1b42d3b4ec2b02c0b02c0b02c0b02,1b8,9d26d99e649b6719b66c9c6719c2649c26c992649ae719c26e9ce6d9be6d9be6e9ae709a66f9ce6a,521515515c5014852d4b559405214955d475255455d51559465254052955559575194857d465314f,1,1,1,1
516,516,0,352,148,685a6691ad69da66eda56fda76eda3699a06e9bb681a7695bb6e5af695b9691a6695bc6e9bb6e1a5,671,c0f02c0f02c0b02c0b02c0b02c0b02c0b02c0b02c0b02c0b06c1b42d3b4ec2b02c0b02c0b02c0b02,1af,9d26d99e649b6719b66c9c6719c2649c26c992649ae719c26e9ce6d9be6d9be6e9ae709a66f9ce6a,521515515c5014852d4b559405214955d475255455d51559465254052955559575194857d465314f,1,1,1,1
517,517,0,34e,150,685a6691ad69da66eda56fda76eda3699a06e9bb681a7695bb6e5af695b9691a6695bc6e9bb6e1a5,673,c0f02c0f02c0b02c0b02c0b02c0b02c0b02c0b02c0b02c0b06c1b42d3b4ec2b02c0b02c0b02c0b02,1a4,9d26d99e649b6719b66c9c6719c2649c26c992649ae719c26e9ce6d9be6d9be6e9ae709a66f9ce6a,521515515c5014852d4b559405214955d475255455d51559465254052955559575194857d465314f,1,1,1,1
518,518,0,34c,148,685a6691ad69da66eda56fda76eda3699a06e9bb681a7695bb6e5af695b9691a6695bc6e9bb6e1a5,660,c0f02c0f02c0b02c0b02c0b02c0b02c0b02c0b02c0b02c0b06c1b42d3b4ec2b02c0b02c0b02c0b02,1be,9d26d99e649b6719b66c9c6719c2649c26c992649ae719c26e9ce6d9be6d9be6e9ae709a66f9ce6a,521515515c5014852d4b559405214955d475255455d51559465254052955559575194857d465314f,1,1,1,1
519,519,0,349,156,685a6691ad69da66eda56fda76eda3699a06e9bb681a7695bb6e5af695b9691a6695bc6e9bb6e1a5,674,c0f02c0f02c0b02c0b02c0b02c0b02c0b02c0b02c0b02c0b06c1b42d3b4ec2b02c0b02c0b02c0b02,1a7,9d26d99e649b6719b66c9c6719c2649c26c992649ae719c26e9ce6d9be6d9be6e9ae709a66f9ce6a,521515515c5014852d4b559405214955d475255455d51559465254052955559575194857d465314f,1,1,1,1
520,520,0,352,154,685a6691ad69da66eda56fda76eda3699a06e9bb681a7695bb6e5af695b9691a6695bc6e9bb6e1a5,668,c0f02c0f02c0b02c0b02c0b02c0b02c0b02c0b02c0b02c0b06c1b42d3b4ec2b02c0b02c0b02c0b02,1a1,9d26d99e649b6719b66c9c6719c2649c26c992649ae719c26e9ce6d9be6d9be6e9ae709a66f9ce6a,521515515c5014852d4b559405214955d475255455d51559465254052955559575194857d465314f,1,1,1,1
521,521,0,350,157,685a6691ad69da66eda56fda76eda3699a06e9bb681a7695bb6e5af695b9691a6695bc6e9bb6e1a5,674,c0f02c0f02c0b02c0b02c0b02c0b02c0b02c0b02c0b02c0b06c1b42d3b4ec2b02c0b02c0b02c0b02,1a5,9d26d99e649b6719b66c9c6719c2649c26c992649ae719c26e9ce6d9be6d9be6e9ae709a66f9ce6a,521515515c5014852d4b559405214955d475255455d51559465254052955559575194857d465314f,1,1,1,1
522,522,0,34b,150,685a6691ad69da66eda56fda76eda3699a06e9bb681a7695bb6e5af695b9691a6695bc6e9bb6e1a5,664,c0f02c0f02c0b02c0b02c0b02c0b02c0b02c0b02c0b02c0b06c1b42d3b4ec2b02c0b02c0b02c0b02,1be,9d26d99e649b6719b66c9c6719c2649c26c992649ae719c26e9ce6d9be6d9be6e9ae709a66f9ce6a,521515515c5014852d4b559405214955d475255455d51559465254052955559575194857d465314f,1,1,1,1
523,523,0,351,14a,685a6691ad69da66eda56fda76eda3699a06e9bb681a7695bb6e5af695b9691a6695bc6e9bb6e1a5,66f,c0f02c0f02c0b02c0b02c0b02c0b02c0b02c0b02c0b02c0b06c1b42d3b4ec2b02c0b02c0b02c0b02,1ba,9d26d99e649b6719b66c9c6719c2649c26c992649ae719c26e9ce6d9be6d9be6e9ae709a66f9ce6a,521515515c5014852d4b559405214955d475255455d51559465254052955559575194857d465314f,1,1,1,1
524,524,0,349,15d,685a6691ad69da66eda56fda76eda3699a06e9bb681a7695bb6e5af695b9691a6695bc6e9bb6e1a5,271,c0f02c0f02c0b02c0b02c0b02c0b02c0b02c0b02c0b02c0b06c1b42d3b4ec2b02c0b02c0b02c0b02,1b9,9d26d99e649b6719b66c9c6719c2649c26c992649ae719c26e9ce6d9be6d9be6e9ae709a66f9ce6a,521515515c5014852d4b559405214955d475255455d51559465254052955559575194857d465314f,1,1,1,1
525,525,0,35a,156,685a6691ad69da66eda56fda76eda3699a06e9bb681a7695bb6e5af695b9691a6695bc6e9bb6e1a5,273,c0f02c0f02c0b02c0b02c0b02c0b02c0b02c0b02c0b02c0b06c1b42d3b4ec2b02c0b02c0b02c0b02,1b8,9d26d99e649b6719b66c9c6719c2649c26c992649ae719c26e9ce6d9be6d9be6e9ae709a66f9ce6a,521515515c5014852d4b559405214955d475255455d51559465254052955559575194857d465314f,1,1,1,1
526,526,0,34b,14f,685a6691ad69da66eda56fda76eda3699a06e9bb681a7695bb6e5af695b9691a6695bc6e9bb6e1a5,271,c0f02c0f02c0b02c0b02c0b02c0b02c0b02c0b02c0b02c0b06c1b42d3b4ec2b02c0b02c0b02c0b02,1a5,9d26d99e649b6719b66c9c6719c2649c26c992649ae719c26e9ce6d9be6d9be6e9ae709a66f9ce6a,521515515c5014852d4b559405214955d475255455d51559465254052955559575194857d465314f,1,1,1,1
527,527,0,752,15d,685a6691ad69da66eda56fda76eda3699a06e9bb681a7695bb6e5af695b9691a6695bc6e9bb6e1a5,270,c0f02c0f02c0b02c0b02c0b02c0b02c0b02c0b02c0b02c0b06c1b42d3b4ec2b02c0b02c0b02c0b02,5a6,9d26d99e649b6719b66c9c6719c2649c26c992649ae719c26e9ce6d9be6d9be6e9ae709a66f9ce6a,521515515c5014852d4b559405214955d475255455d51559465254052955559575194857d465314f,1,1,1,1
528,528,0,756,54a,699a6691ad699a16eda46fda76e9a3699a06e9bb681a4691bb6e1af691bc69da1695bc6e9bb6e1a5,269,c0f02c0f02c0b02c0b02c0b02c0b02c0b02c0b02c0b02c0b06c1f52d3b4ec2b02c0b02c0b02c0b02,5a1,9d26d99e649b6719b66c9c6719c2649c26c992649ae719c26e9ce6d9be6d9be6e9ae709a66f9ce6a,521515515c5014852d4b559405214955d475255455d51559465254052955559575194857d465314f,1,1,1,1
529,529,0,751,556,699a6691ad699a16eda46fda76e9a3699a06e9bb681a4691bb6e1af691bc69da1695bc6e9bb6e1a5,26f,c0f02c0f02c0b02c0b02c0b02c0b02c0b02c0b02c0b02c0b06c1f52d3b4ec2b02c0b02c0b02c0b02,5a4,9d26d99e649b6719b66c9c6719c2649c26c992649ae719c26e9ce6d9be6d9be6e9ae709a66f9ce6a,521515515c5014852548559405214955d475215455950559445214052954559555094857d465354f,1,1,1,1
530,530,0,752,554,699a6691ad699a16eda46fda76e9a3699a06e9bb681a4691bb6e1af691bc69da1695bc6e9bb6e1a5,26d,c0f02c0f02c0b02c0b02c0b02c0b02c0b02c0b02c0b02c0b06c1f52d3b4ec2b02c0b02c0b02c0b02,5ad,9d26d99e649b6719b66c9c6719c2649c26c992649ae719c26e9ce6d9be6d9be6e9ae709a66f9ce6a,521515515c5014852548559405214955d475215455950559445214052954559555094857d465354f,1,1,1,1
531,531,0,74e,55c,699a6691ad699a16eda46fda76e9a3699a06e9bb681a4691bb6e1af691bc69da1695bc6e9bb6e1a5,26e,c0f02c0f02c0b02c0b02c0b02c0b02c0b02c0b02c0b02c0b06c1f52d3b4ec2b02c0b02c0b02c0b02,5a7,9d26d99e649b6719b66c9c6719c2649c26c992649ae719c26e9ce6d9be6d9be6e9ae709a66f9ce6a,521515515c5014852548559405214955d475215455950559445214052954559555094857d465354f,1,1,1,1
532,532,0,74f,550,699a6691ad699a16eda46fda76e9a3699a06e9bb681a4691bb6e1af691bc69da1695bc6e9bb6e1a5,26e,c0f02c0f02c0b02c0b02c0b02c0b02c0b02c0b02c0b02c0b06c1f52d3b4ec2b02c0b02c0b02c0b02,5a6,9d26d99e649b6719b66c9c6719c2649c26c992649ae719c26e9ce6d9be6d9be6e9ae709a66f9ce6a,521515515c5014852548559405214955d475215455950559445214052954559555094857d465354f,1,1,1,1
533,533,0,750,54b,699a6691ad699a16eda46fda76e9a3699a06e9bb681a4691bb6e1af691bc69da1695bc6e9bb6e1a5,26f,c0f02c0f02c0b02c0b02c0b02c0b02c0b02c0b02c0b02c0b06c1f52d3b4ec2b02c0b02c0b02c0b02,5bb,9d26d99e649b6719b66c9c6719c2649c26c992649ae719c26e9ce6d9be6d9be6e9ae709a66f9ce6a,521515515c5014852548559405214955d475215455950559445214052954559555094857d465354f,1,1,1,1
534,534,0,74d,548,699a6691ad699a16eda46fda76e9a3699a06e9bb681a4691bb6e1af691bc69da1695bc6e9bb6e1a5,270,c0f02c0f02c0b02c0b02c0b02c0b02c0b02c0b02c0b02c0b06c1f52d3b4ec2b02c0b02c0b02c0b02,5a7,9d26d99e649b6719b66c9c6719c2649c26c992649ae719c26e9ce6d9be6d9be6e9ae709a66f9ce6a,521515515c5014852548559405214955d475215455950559445214052954559555094857d465354f,1,1,1,1
535,535,0,751,548,699a6691ad699a16eda46fda76e9a3699a06e9bb681a4691bb6e1af691bc69da1695bc6e9bb6e1a5,269,c0f02c0f02c0b02c0b02c0b02c0b02c0b02c0b02c0b02c0b06c1f52d3b4ec2b02c0b02c0b02c0b02,5bf,9d26d99e649b6719b66c9c6719c2649c26c992649ae719c26e9ce6d9be6d9be6e9ae709a66f9ce6a,521515515c5014852548559405214955d475215455950559445214052954559555094857d465354f,1,1,1,1
536,536,0,75a,556,699a6691ad699a16eda46fda76e9a3699a06e9bb681a4691bb6e1af691bc69da1695bc6e9bb6e1a5,26b,c0f02c0f02c0b02c0b02c0b02c0b02c0b02c0b02c0b02c0b06c1f52d3b4ec2b02c0b02c0b02c0b02,5a4,9d26d99e649b6719b66c9c6719c2649c26c992649ae719c26e9ce6d9be6d9be6e9ae709a66f9ce6a,521515515c5014852548559405214955d475215455950559445214052954559555094857d465354f,1,1,1,1
537,537,0,754,552,699a6691ad699a16eda46fda76e9a3699a06e9bb681a4691bb6e1af691bc69da1695bc6e9bb6e1a5,274,c0f02c0f02c0b02c0b02c0b02c0b02c0b02c0b02c0b02c0b06c1f52d3b4ec2b02c0b02c0b02c0b02,5bb,9d26d99e649b6719b66c9c6719c2649c26c992649ae719c26e9ce6d9be6d9be6e9ae709a66f9ce6a,521515515c5014852548559405214955d475215455950559445214052954559555094857d465354f,1,1,1,1
538,538,0,74d,54b,699a6691ad699a16eda46fda76e9a3699a06e9bb681a4691bb6e1af691bc69da1695bc6e9bb6e1a5,269,c0f02c0f02c0b02c0b02c0b02c0b02c0b02c0b02c0b02c0b06c1f52d3b4ec2b02c0b02c0b02c0b02,5a3,9d26d99e649b6719b66c9c6719c2649c26c992649ae719c26e9ce6d9be6d9be6e9ae709a66f9ce6a,521515515c5014852548559405214955d475215455950559445214052954559555094857d465354f,1,1,1,1
539,539,0,753,549,699a6691ad699a16eda46fda76e9a3699a06e9bb681a4691bb6e1af691bc69da1695bc6e9bb6e1a5,274,c0f02c0f02c0b02c0b02c0b02c0b02c0b02c0b02c0b02c0b06c1f52d3b4ec2b02c0b02c0b02c0b02,5a6,9d26d99e649b6719b66c9c6719c2649c26c992649ae719c26e9ce6d9be6d9be6e9ae709a66f9ce6a,521515515c5014852548559405214955d475215455950559445214052954559555094857d465354f,1,1,1,1
540,540,0,752,556,699a6691ad699a16eda46fda76e9a3699a06e9bb681a4691bb6e1af691bc69da1695bc6e9bb6e1a5,66d,c0f02c0f02c0b02c0b02c0b02c0b02c0b02c0b02c0b02c0b06c1f52d3b4ec2b02c0b02c0b02c0b02,5a0,9d26d99e649b6719b66c9c6719c2649c26c992649ae719c26e9ce6d9be6d9be6e9ae709a66f9ce6a,521515515c5014852548559405214955d475215455950559445214052954559555094857d465354f,1,1,1,1
541,541,0,756,557,699a6691ad699a16eda46fda76e9a3699a06e9bb681a4691bb6e1af691bc69da1695bc6e9bb6e1a5,674,c0f02c0f02c0b02c0b02c0b02c0b02c0b02c0b02c0b02c0b06c1f52d3b4ec2b02c0b02c0b02c0b02,5ba,9d66d992649b6719b66f9c6719ce649c26c992649ae719ce719c26d9be6d9ba6e9ae709a66f9c26d,521515515c5014852548559405214955d475215455950559445214052954559555094857d465354f,1,1,1,1
542,542,0,751,54b,699a6691ad699a16eda46fda76e9a3699a06e9bb681a4691bb6e1af691bc69da1695bc6e9bb6e1a5,664,c0f02c0f02c0b02c0b02c0b02c0b02c0b02c0b02c0b02c0b06c1f52d3b4ec2b02c0b02c0b02c0b02,5bb,9d66d992649b6719b66f9c6719ce649c26c992649ae719ce719c26d9be6d9ba6e9ae709a66f9c26d,521515515c5014852548559405214955d475215455950559445214052954559555094857d465354f,1,1,1,1
543,543,0,34c,554,699a6691ad699a16eda46fda76e9a3699a06e9bb681a4691bb6e1af691bc69da1695bc6e9bb6e1a5,66d,c0f02c0f02c0b02c0b02c0b02c0b02c0b02c0b02c0b02c0b06c1f52d3b4ec2b02c0b02c0b02c0b02,1a0,9d66d992649b6719b66f9c6719ce649c26c992649ae719ce719c26d9be6d9ba6e9ae709a66f9c26d,521515515c5014852548559405214955d475215455950559445214052954559555094857d465354f,1,1,1,1
544,544,0,34c,156,699a6691ad699a16eda46fda76e9a3699a06e9bb681a4691bb6e1af691bc69da1695bc6e9bb6e1a5,675,c0f02c0f02c0b02c0b02c0b02c0b02c0b02c0b02c0b02c0b06c1f52d3b4ec2b02c0b02c0b02c0b02,1a7,9d66d992649b6719b66f9c6719ce649c26c992649ae719ce719c26d9be6d9ba6e9ae709a66f9c26d,521515515c5014852548559405214955d475215455950559445214052954559555094857d465354f,1,1,1,1
545,545,0,348,152,699a6691ad699a16eda46fda76e9a3699a06e9bb681a4691bb6e1af691bc69da1695bc6e9bb6e1a5,669,c0f02c0f02c0b02c0b02c0b02c0b02c0b02c0b02c0b02c0b06c1f52d3b4ec2b02c0b02c0b02c0b02,1a5,9d66d992649b6719b66f9c6719ce649c26c992649ae719ce719c26d9be6d9ba6e9ae709a66f9c26d,521515515c5014852548559405214955d475215455950559445214052954559555094857d465354f,1,1,1,1
546,546,0,357,154,699a6691ad699a16eda46fda76e9a3699a06e9bb681a4691bb6e1af691bc69da1695bc6e9bb6e1a5,66f,c0f02c0f02c0b02c0b02c0b02c0b02c0b02c0b02c0b02c0b06c1f52d3b4ec2b02c0b02c0b02c0b02,1bb,9d66d992649b6719b66f9c6719ce649c26c992649ae719ce719c26d9be6d9ba6e9ae709a66f9c26d,521515515c5014852548559405214955d475215455950559445214052954559555094857d465354f,1,1,1,1
547,547,0,357,156,699a6691ad699a16eda46fda76e9a3699a06e9bb681a4691bb6e1af691bc69da1695bc6e9bb6e1a5,675,c0f02c0f02c0b02c0b02c0b02c0b02c0b02c0b02c0b02c0b06c1f52d3b4ec2b02c0b02c0b02c0b02,1b9,9d66d992649b6719b66f9c6719ce649c26c992649ae719ce719c26d9be6d9ba6e9ae709a66f9c26d,521515515c5014852548559405214955d475215455950559445214052954559555094857d465354f,1,1,1,1
548,548,0,352,148,699a6691ad699a16eda46fda76e9a3699a06e9bb681a4691bb6e1af691bc69da1695bc6e9bb6e1a5,66a,c0f02c0f02c0b02c0b02c0b02c0b02c0b02c0b02c0b02c0b06c1f52d3b4ec2b02c0b02c0b02c0b02,1af,9d66d992649b6719b66f9c6719ce649c26c992649ae719ce719c26d9be6d9ba6e9ae709a66f9c26d,521515515c5014852548559405214955d475215455950559445214052954559555094857d465354f,1,1,1,1
549,549,0,34e,150,699a6691ad699a16eda46fda76e9a3699a06e9bb681a4691bb6e1af691bc69da1695bc6e9bb6e1a5,674,c0f02c0f02c0b02c0b02c0b02c0b02c0b02c0b02c0b02c0b06c1f52d3b4ec2b02c0b02c0b02c0b02,1a4,9d66d992649b6719b66f9c6719ce649c26c992649ae719ce719c26d9be6d9ba6e9ae709a66f9c26d,521515515c5014852548559405214955d475215455950559445214052954559555094857d465354f,1,1,1,1
550,550,0,34c,148,699a6691ad699a16eda46fda76e9a3699a06e9bb681a4691bb6e1af691bc69da1695bc6e9bb6e1a5,660,c0f02c0f02c0b02c0b02c0b02c0b02c0b02c0b02c0b02c0b06c1f52d3b4ec2b02c0b02c0b02c0b02,1be,9d66d992649b6719b66f9c6719ce649c26c992649ae719ce719c26d9be6d9ba6e9ae709a66f9c26d,521515515c5014852548559405214955d475215455950559445214052954559555094857d465354f,1,1,1,1
551,551,0,349,156,699a6691ad699a16eda46fda76e9a3699a06e9bb681a4691bb6e1af691bc69da1695bc6e9bb6e1a5,677,c0f02c0f02c0b02c0b02c0b02c0b02c0b02c0b02c0b02c0b06c1f52d3b4ec2b02c0b02c0b02c0b02,1a7,9d66d992649b6719b66f9c6719ce649c26c992649ae719ce719c26d9be6d9ba6e9ae709a66f9c26d,521515515c5014852548559405214955d475215455950559445214052954559555094857d465354f,1,1,1,1
552,552,0,352,155,699a6691ad699a16eda46fda76e9a3699a06e9bb681a4691bb6e1af691bc69da1695bc6e9bb6e1a5,668,c0f02c0f02c0b02c0b02c0b02c0b02c0b02c0b02c0b02c0b06c1f52d3b4ec2b02c0b02c0b02c0b02,1a1,9d66d992649b6719b66f9c6719ce649c26c992649ae719ce719c26d9be6d9ba6e9ae709a66f9c26d,521515515c5014852548559405214955d475215455950559445214052954559555094857d465354f,1,1,1,1
553,553,0,350,157,699a6691ad699a16eda46fda76e9a3699a06e9bb681a4691bb6e1af691bc69da1695bc6e9bb6e1a5,674,c0f02c0f02c0b02c0b02c0b02c0b02c0b02c0b02c0b02c0b06c1f52d3b4ec2b02c0b02c0b02c0b02,1a5,9d66d992649b6719b66f9c6719ce649c26c992649ae719ce719c26d9be6d9ba6e9ae709a66f9c26d,521515515c5014852548559405214955d475215455950559445214052954559555094857d465354f,1,1,1,1
554,554,0,34a,150,699a6691ad699a16eda46fda76e9a3699a06e9bb681a4691bb6e1af691bc69da1695bc6e9bb6e1a5,665,c0f02c0f02c0b02c0b02c0b02c0b02c0b02c0b02c0b02c0b06c1f52d3b4ec2b02c0b02c0b02c0b02,1be,9d66d992649b6719b66f9c6719ce649c26c992649ae719ce719c26d9be6d9ba6e9ae709a66f9c26d,521515515c5014852548559405214955d475215455950559445214052954559555094857d465354f,1,1,1,1
555,555,0,350,14b,699a6691ad699a16eda46fda76e9a3699a06e9bb681a4691bb6e1af691bc69da1695bc6e9bb6e1a5,66f,c0f02c0f02c0b02c0b02c0b02c0b02c0b02c0b02c0b02c0b06c1f52d3b4ec2b02c0b02c0b02c0b02,1ba,9d66d992649b6719b66f9c6719ce649c26c992649ae719ce719c26d9be6d9ba6e9ae709a66f9c26d,521515515c5014852548559405214955d475215455950559445214052954559555094857d465354f,1,1,1,1
556,556,0,348,152,699a6691ad699a16eda46fda76e9a3699a06e9bb681a4691bb6e1af691bc69da1695bc6e9bb6e1a5,271,c0f02c0f02c0b02c0b02c0b02c0b02c0b02c0b02c0b02c0b06c1f52d3b4ec2b02c0b02c0b02c0b02,1b9,9d66d992649b6719b66f9c6719ce649c26c992649ae719ce719c26d9be6d9ba6e9ae709a66f9c26d,521515515c5014852548559405214955d475215455950559445214052954559555094857d465354f,1,1,1,1
557,557,0,355,156,699a6691ad699a16eda46fda76e9a3699a06e9bb681a4691bb6e1af691bc69da1695bc6e9bb6e1a5,273,c0f02c0f02c0b02c0b02c0b02c0b02c0b02c0b02c0b02c0b06c1f52d3b4ec2b02c0b02c0b02c0b02,1b8,9d66d992649b6719b66f9c6719ce649c26c992649ae719ce719c26d9be6d9ba6e9ae709a66f9c26d,521515515c5014852548559405214955d475215455950559445214052954559555094857d465354f,1,1,1,1
558,558,0,34b,14e,699a6691ad699a16eda46fda76e9a3699a06e9bb681a4691bb6e1af691bc69da1695bc6e9bb6e1a5,26a,c0f02c0f02c0b02c0b02c0b02c0b02c0b02c0b02c0b02c0b06c1f52d3b4ec2b02c0b02c0b02c0b02,1a5,9d66d992649b6719b66f9c6719ce649c26c992649ae719ce719c26d9be6d9ba6e9ae709a66f9c26d,521515515c5014852548559405214955d475215455950559445214052954559555094857d465354f,1,1,1,1
559,559,0,753,15d,699a6691ad699a16eda46fda76e9a3699a06e9bb681a4691bb6e1af691bc69da1695bc6e9bb6e1a5,274,c0f02c0f02c0b02c0b02c0b02c0b02c0b02c0b02c0b02c0b06c1f52d3b4ec2b02c0b02c0b02c0b02,5a6,9d66d992649b6719b66f9c6719ce649c26c992649ae719ce719c26d9be6d9ba6e9ae709a66f9c26d,521515515c5014852548559405214955d475215455950559445214052954559555094857d465354f,1,1,1,1
560,560,0,756,54a,699a1691ad69da66eda76fda46eda3699a06e9bb681a7695bb6e5af691bc69da1695bc6e9bb6e1a5,269,c0f02c0f02c0b02c0b02c0b02c0b02c0b02c0b02c0b02c0b06c1f52d3b4ec2b02c0b02c0b02c0b02,5a1,9d66d992649b6719b66f9c6719ce649c26c992649ae719ce719c26d9be6d9ba6e9ae709a66f9c26d,521515515c5014852548559405214955d475215455950559445214052954559555094857d465354f,1,1,1,1
561,561,0,751,551,699a1691ad69da66eda76fda46eda3699a06e9bb681a7695bb6e5af691bc69da1695bc6e9bb6e1a5,26f,c0f02c0f02c0b02c0b02c0b02c0b02c0b02c0b02c0b02c0b06c1f52d3b4ec2b02c0b02c0b02c0b02,5a7,9d66d992649b6719b66f9c6719ce649c26c992649ae719ce719c26d9be6d9ba6e9ae709a66f9c26d,529545515c509495214a559425254955947525545595055944521405095455d555094b549465314d,1,1,1,1
562,562,0,752,554,699a1691ad69da66eda76fda46eda3699a06e9bb681a7695bb6e5af691bc69da1695bc6e9bb6e1a5,26d,c0f02c0f02c0b02c0b02c0b02c0b02c0b02c0b02c0b02c0b06c1f52d3b4ec2b02c0b02c0b02c0b02,5a2,9d66d992649b6719b66f9c6719ce649c26c992649ae719ce719c26d9be6d9ba6e9ae709a66f9c26d,529545515c509495214a559425254955947525545595055944521405095455d555094b549465314d,1,1,1,1
563,563,0,74e,55c,699a1691ad69da66eda76fda46eda3699a06e9bb681a7695bb6e5af691bc69da1695bc6e9bb6e1a5,26e,c0f02c0f02c0b02c0b02c0b02c0b02c0b02c0b02c0b02c0b06c1f52d3b4ec2b02c0b02c0b02c0b02,5a7,9d66d992649b6719b66f9c6719ce649c26c992649ae719ce719c26d9be6d9ba6e9ae709a66f9c26d,529545515c509495214a559425254955947525545595055944521405095455d555094b549465314d,1,1,1,1
564,564,0,74e,550,699a1691ad69da66eda76fda46eda3699a06e9bb681a7695bb6e5af691bc69da1695bc6e9bb6e1a5,275,c0f02c0f02c0b02c0b02c0b02c0b02c0b02c0b02c0b02c0b06c1f52d3b4ec2b02c0b02c0b02c0b02,5a6,9d66d992649b6719b66f9c6719ce649c26c992649ae719ce719c26d9be6d9ba6e9ae709a66f9c26d,529545515c509495214a559425254955947525545595055944521405095455d555094b549465314d,1,1,1,1
565,565,0,752,54b,699a1691ad69da66eda76fda46eda3699a06e9bb681a7695bb6e5af691bc69da1695bc6e9bb6e1a5,26b,c0f02c0f02c0b02c0b02c0b02c0b02c0b02c0b02c0b02c0b06c1f52d3b4ec2b02c0b02c0b02c0b02,5bb,9d66d992649b6719b66f9c6719ce649c26c992649ae719ce719c26d9be6d9ba6e9ae709a66f9c26d,529545515c509495214a559425254955947525545595055944521405095455d555094b549465314d,1,1,1,1
566,566,0,74c,54b,699a1691ad69da66eda76fda46eda3699a06e9bb681a7695bb6e5af691bc69da1695bc6e9bb6e1a5,271,c0f02c0f02c0b02c0b02c0b02c0b02c0b02c0b02c0b02c0b06c1f52d3b4ec2b02c0b02c0b02c0b02,5a4,9d66d992649b6719b66f9c6719ce649c26c992649ae719ce719c26d9be6d9ba6e9ae709a66f9c26d,529545515c509495214a559425254955947525545595055944521405095455d555094b549465314d,1,1,1,1
567,567,0,756,54b,699a1691ad69da66eda76fda46eda3699a06e9bb681a7695bb6e5af691bc69da1695bc6e9bb6e1a5,269,c0f02c0f02c0b02c0b02c0b02c0b02c0b02c0b02c0b02c0b06c1f52d3b4ec2b02c0b02c0b02c0b02,5bf,9d66d992649b6719b66f9c6719ce649c26c992649ae719ce719c26d9be6d9ba6e9ae709a66f9c26d,529545515c509495214a559425254955947525545595055944521405095455d555094b549465314d,1,1,1,1
568,568,0,75a,556,699a1691ad69da66eda76fda46eda3699a06e9bb681a7695bb6e5af691bc69da1695bc6e9bb6e1a5,26b,c0f02c0f02c0b02c0b02c0b02c0b02c0b02c0b02c0b02c0b06c1f52d3b4ec2b02c0b02c0b02c0b02,5a7,9d66d992649b6719b66f9c6719ce649c26c992649ae719ce719c26d9be6d9ba6e9ae709a66f9c26d,529545515c509495214a559425254955947525545595055944521405095455d555094b549465314d,1,1,1,1
569,569,0,754,55d,699a1691ad69da66eda76fda46eda3699a06e9bb681a7695bb6e5af691bc69da1695bc6e9bb6e1a5,274,c0f02c0f02c0b02c0b02c0b02c0b02c0b02c0b02c0b02c0b06c1f52d3b4ec2b02c0b02c0b02c0b02,5ba,9d66d992649b6719b66f9c6719ce649c26c992649ae719ce719c26d9be6d9ba6e9ae709a66f9c26d,529545515c509495214a559425254955947525545595055944521405095455d555094b549465314d,1,1,1,1
570,570,0,74d,548,699a1691ad69da66eda76fda46eda3699a06e9bb681a7695bb6e5af691bc69da1695bc6e9bb6e1a5,269,c0f02c0f02c0b02c0b02c0b02c0b02c0b02c0b02c0b02c0b06c1f52d3b4ec2b02c0b02c0b02c0b02,5a0,9d66d992649b6719b66f9c6719ce649c26c992649ae719ce719c26d9be6d9ba6e9ae709a66f9c26d,529545515c509495214a559425254955947525545595055944521405095455d555094b549465314d,1,1,1,1
571,571,0,753,549,699a1691ad69da66eda76fda46eda3699a06e9bb681a7695bb6e5af691bc69da1695bc6e9bb6e1a5,275,c0f02c0f02c0b02c0b02c0b02c0b02c0b02c0b02c0b02c0b06c1f52d3b4ec2b02c0b02c0b02c0b02,5a6,9d66d992649b6719b66f9c6719ce649c26c992649ae719ce719c26d9be6d9ba6e9ae709a66f9c26d,529545515c509495214a559425254955947525545595055944521405095455d555094b549465314d,1,1,1,1
572,572,0,752,556,699a1691ad69da66eda76fda46eda3699a06e9bb681a7695bb6e5af691bc69da1695bc6e9bb6e1a5,66d,c0f02c0f02c0b02c0b02c0b02c0b02c0b02c0b02c0b02c0b06c1f52d3b4ec2b02c0b02c0b02c0b02,5a0,9d66d992649b6719b66f9c6719ce649c26c992649ae719ce719c26d9be6d9ba6e9ae709a66f9c26d,529545515c509495214a559425254955947525545595055944521405095455d555094b549465314d,1,1,1,1
573,573,0,756,557,699a1691ad69da66eda76fda46eda3699a06e9bb681a7695bb6e5af691bc69da1695bc6e9bb6e1a5,677,c0f02c0f02c0b02c0b02c0b02c0b02c0b02c0b02c0b02c0b06c1f52d3b4ec2b02c0b02c0b02c0b02,5bb,9d26d992649b6719b66f9c66e982649ce6c992659ae719ce6e9c26d9be6d9ba719ae719a66f9a26d,529545515c509495214a559425254955947525545595055944521405095455d555094b549465314d,1,1,1,1
574,574,0,751,54b,699a1691ad69da66eda76fda46eda3699a06e9bb681a7695bb6e5af691bc69da1695bc6e9bb6e1a5,664,c0f02c0f02c0b02c0b02c0b02c0b02c0b02c0b02c0b02c0b06c1f52d3b4ec2b02c0b02c0b02c0b02,5ba,9d26d992649b6719b66f9c66e982649ce6c992659ae719ce6e9c26d9be6d9ba719ae719a66f9a26d,529545515c509495214a559425254955947525545595055944521405095455d555094b549465314d,1,1,1,1
575,575,0,34c,554,699a1691ad69da66eda76fda46eda3699a06e9bb681a7695bb6e5af691bc69da1695bc6e9bb6e1a5,66d,c0f02c0f02c0b02c0b02c0b02c0b02c0b02c0b02c0b02c0b06c1f52d3b4ec2b02c0b02c0b02c0b02,1a0,9d26d992649b6719b66f9c66e982649ce6c992659ae719ce6e9c26d9be6d9ba719ae719a66f9a26d,529545515c509495214a559425254955947525545595055944521405095455d555094b549465314d,1,1,1,1
576,576,0,34c,156,699a1691ad69da66eda76fda46eda3699a06e9bb681a7695bb6e5af691bc69da1695bc6e9bb6e1a5,675,c0f02c0f02c0b02c0b02c0b02c0b02c0b02c0b02c0b02c0b06c1f52d3b4ec2b02c0b02c0b02c0b02,1a4,9d26d992649b6719b66f9c66e982649ce6c992659ae719ce6e9c26d9be6d9ba719ae719a66f9a26d,529545515c509495214a559425254955947525545595055944521405095455d555094b549465314d,1,1,1,1
577,577,0,348,152,699a1691ad69da66eda76fda46eda3699a06e9bb681a7695bb6e5af691bc69da1695bc6e9bb6e1a5,669,c0f02c0f02c0b02c0b02c0b02c0b02c0b02c0b02c0b02c0b06c1f52d3b4ec2b02c0b02c0b02c0b02,1a4,9d26d992649b6719b66f9c66e982649ce6c992659ae719ce6e9c26d9be6d9ba719ae719a66f9a26d,529545515c509495214a559425254955947525545595055944521405095455d555094b549465314d,1,1,1,1
578,578,0,357,154,699a1691ad69da66eda76fda46eda3699a06e9bb681a7695bb6e5af691bc69da1695bc6e9bb6e1a5,66c,c0f02c0f02c0b02c0b02c0b02c0b02c0b02c0b02c0b02c0b06c1f52d3b4ec2b02c0b02c0b02c0b02,1bb,9d26d992649b6719b66f9c66e982649ce6c992659ae719ce6e9c26d9be6d9ba719ae719a66f9a26d,529545515c509495214a559425254955947525545595055944521405095455d555094b549465314d,1,1,1,1
579,579,0,357,156,699a1691ad69da66eda76fda46eda3699a06e9bb681a7695bb6e5af691bc69da1695bc6e9bb6e1a5,675,c0f02c0f02c0b02c0b02c0b02c0b02c0b02c0b02c0b02c0b06c1f52d3b4ec2b02c0b02c0b02c0b02,1b9,9d26d992649b6719b66f9c66e982649ce6c992659ae719ce6e9c26d9be6d9ba719ae719a66f9a26d,529545515c509495214a559425254955947525545595055944521405095455d555094b549465314d,1,1,1,1
580,580,0,34d,148,699a1691ad69da66eda76fda46eda3699a06e9bb681a7695bb6e5af691bc69da1695bc6e9bb6e1a5,671,c0f02c0f02c0b02c0b02c0b02c0b02c0b02c0b02c0b02c0b06c1f52d3b4ec2b02c0b02c0b02c0b02,1af,9d26d992649b6719b66f9c66e982649ce6c992659ae719ce6e9c26d9be6d9ba719ae719a66f9a26d,529545515c509495214a559425254955947525545595055944521405095455d555094b549465314d,1,1,1,1
581,581,0,34e,150,699a1691ad69da66eda76fda46eda3699a06e9bb681a7695bb6e5af691bc69da1695bc6e9bb6e1a5,671,c0f02c0f02c0b02c0b02c0b02c0b02c0b02c0b02c0b02c0b06c1f52d3b4ec2b02c0b02c0b02c0b02,1a4,9d26d992649b6719b66f9c66e982649ce6c992659ae719ce6e9c26d9be6d9ba719ae719a66f9a26d,529545515c509495214a559425254955947525545595055944521405095455d555094b549465314d,1,1,1,1
582,582,0,34c,149,699a1691ad69da66eda76fda46eda3699a06e9bb681a7695bb6e5af691bc69da1695bc6e9bb6e1a5,660,c0f02c0f02c0b02c0b02c0b02c0b02c0b02c0b02c0b02c0b06c1f52d3b4ec2b02c0b02c0b02c0b02,1b9,9d26d992649b6719b66f9c66e982649ce6c992659ae719ce6e9c26d9be6d9ba719ae719a66f9a26d,529545515c509495214a559425254955947525545595055944521405095455d555094b549465314d,1,1,1,1
583,583,0,349,156,699a1691ad69da66eda76fda46eda3699a06e9bb681a7695bb6e5af691bc69da1695bc6e9bb6e1a5,677,c0f02c0f02c0b02c0b02c0b02c0b02c0b02c0b02c0b02c0b06c1f52d3b4ec2b02c0b02c0b02c0b02,1a4,9d26d992649b6719b66f9c66e982649ce6c992659ae719ce6e9c26d9be6d9ba719ae719a66f9a26d,529545515c509495214a559425254955947525545595055944521405095455d555094b549465314d,1,1,1,1
584,584,0,352,154,699a1691ad69da66eda76fda46eda3699a06e9bb681a7695bb6e5af691bc69da1695bc6e9bb6e1a5,669,c0f02c0f02c0b02c0b02c0b02c0b02c0b02c0b02c0b02c0b06c1f52d3b4ec2b02c0b02c0b02c0b02,1a6,9d26d992649b6719b66f9c66e982649ce6c992659ae719ce6e9c26d9be6d9ba719ae719a66f9a26d,529545515c509495214a559425254955947525545595055944521405095455d555094b549465314d,1,1,1,1
585,585,0,350,156,699a1691ad69da66eda76fda46eda3699a06e9bb681a7695bb6e5af691bc69da1695bc6e9bb6e1a5,674,c0f02c0f02c0b02c0b02c0b02c0b02c0b02c0b02c0b02c0b06c1f52d3b4ec2b02c0b02c0b02c0b02,1a5,9d26d992649b6719b66f9c66e982649ce6c992659ae719ce6e9c26d9be6d9ba719ae719a66f9a26d,529545515c509495214a559425254955947525545595055944521405095455d555094b549465314d,1,1,1,1
586,586,0,34a,151,699a1691ad69da66eda76fda46eda3699a06e9bb681a7695bb6e5af691bc69da1695bc6e9bb6e1a5,664,c0f02c0f02c0b02c0b02c0b02c0b02c0b02c0b02c0b02c0b06c1f52d3b4ec2b02c0b02c0b02c0b02,1be,9d26d992649b6719b66f9c66e982649ce6c992659ae719ce6e9c26d9be6d9ba719ae719a66f9a26d,529545515c509495214a559425254955947525545595055944521405095455d555094b549465314d,1,1,1,1
587,587,0,351,14a,699a1691ad69da66eda76fda46eda3699a06e9bb681a7695bb6e5af691bc69da1695bc6e9bb6e1a5,66f,c0f02c0f02c0b02c0b02c0b02c0b02c0b02c0b02c0b02c0b06c1f52d3b4ec2b02c0b02c0b02c0b02,1bb,9d26d992649b6719b66f9c66e982649ce6c992659ae719ce6e9c26d9be6d9ba719ae719a66f9a26d,529545515c509495214a559425254955947525545595055944521405095455d555094b549465314d,1,1,1,1
588,588,0,349,15d,699a1691ad69da66eda76fda46eda3699a06e9bb681a7695bb6e5af691bc69da1695bc6e9bb6e1a5,26a,c0f02c0f02c0b02c0b02c0b02c0b02c0b02c0b02c0b02c0b06c1f52d3b4ec2b02c0b02c0b02c0b02,1b9,9d26d992649b6719b66f9c66e982649ce6c992659ae719ce6e9c26d9be6d9ba719ae719a66f9a26d,529545515c509495214a559425254955947525545595055944521405095455d555094b549465314d,1,1,1,1
589,589,0,355,156,699a1691ad69da66eda76fda46eda3699a06e9bb681a7695bb6e5af691bc69da1695bc6e9bb6e1a5,274,c0f02c0f02c0b02c0b02c0b02c0b02c0b02c0b02c0b02c0b06c1f52d3b4ec2b02c0b02c0b02c0b02,1b8,9d26d992649b6719b66f9c66e982649ce6c992659ae719ce6e9c26d9be6d9ba719ae719a66f9a26d,529545515c509495214a559425254955947525545595055944521405095455d555094b549465314d,1,1,1,1
590,590,0,34a,14f,699a1691ad69da66eda76fda46eda3699a06e9bb681a7695bb6e5af691bc69da1695bc6e9bb6e1a5,26a,c0f02c0f02c0b02c0b02c0b02c0b02c0b02c0b02c0b02c0b06c1f52d3b4ec2b02c0b02c0b02c0b02,1a5,9d26d992649b6719b66f9c66e982649ce6c992659ae719ce6e9c26d9be6d9ba719ae719a66f9a26d,529545515c509495214a559425254955947525545595055944521405095455d555094b549465314d,1,1,1,1
591,591,0,750,15d,699a1691ad69da66eda76fda46eda3699a06e9bb681a7695bb6e5af691bc69da1695bc6e9bb6e1a5,275,c0f02c0f02c0b02c0b02c0b02c0b02c0b02c0b02c0b02c0b06c1f52d3b4ec2b02c0b02c0b02c0b02,5a1,9d26d992649b6719b66f9c66e982649ce6c992659ae719ce6e9c26d9be6d9ba719ae719a66f9a26d,529545515c509495214a559425254955947525545595055944521405095455d555094b549465314d,1,1,1,1
592,592,0,756,54a,699a169da269da66eda46fda76e9a0699a06edba681a4691bb6e5af691b9691a6695bc6edbb6e1a5,26a,c0f02c0f02c0b02c0b02c0b02c0b02c0b02c0b02c0b02c0b06c1f5fd3b4ec2b02c0b02c0b02c0b02,5a6,9d26d992649b6719b66f9c66e982649ce6c992659ae719ce6e9c26d9be6d9ba719ae719a66f9a26d,529545515c509495214a559425254955947525545595055944521405095455d555094b549465314d,1,1,1,1
593,593,0,751,551,699a169da269da66eda46fda76e9a0699a06edba681a4691bb6e5af691b9691a6695bc6edbb6e1a5,26b,c0f02c0f02c0b02c0b02c0b02c0b02c0b02c0b02c0b02c0b06c1f5fd3b4ec2b02c0b02c0b02c0b02,5a4,9d26d992649b6719b66f9c66e982649ce6c992659ae719ce6e9c26d9be6d9ba719ae719a66f9a26d,521515515c5014b52d4b5514d52149559475255455950559445214052d545595450d4857d465354d,1,1,1,1
594,594,0,753,554,699a169da269da66eda46fda76e9a0699a06edba681a4691bb6e5af691b9691a6695bc6edbb6e1a5,26e,c0f02c0f02c0b02c0b02c0b02c0b02c0b02c0b02c0b02c0b06c1f5fd3b4ec2b02c0b02c0b02c0b02,5a2,9d26d992649b6719b66f9c66e982649ce6c992659ae719ce6e9c26d9be6d9ba719ae719a66f9a26d,521515515c5014b52d4b5514d52149559475255455950559445214052d545595450d4857d465354d,1,1,1,1
595,595,0,74e,55c,699a169da269da66eda46fda76e9a0699a06edba681a4691bb6e5af691b9691a6695bc6edbb6e1a5,26b,c0f02c0f02c0b02c0b02c0b02c0b02c0b02c0b02c0b02c0b06c1f5fd3b4ec2b02c0b02c0b02c0b02,5a6,9d26d992649b6719b66f9c66e982649ce6c992659ae719ce6e9c26d9be6d9ba719ae719a66f9a26d,521515515c5014b52d4b5514d52149559475255455950559445214052d545595450d4857d465354d,1,1,1,1
596,596,0,74e,550,699a169da269da66eda46fda76e9a0699a06edba681a4691bb6e5af691b9691a6695bc6edbb6e1a5,26e,c0f02c0f02c0b02c0b02c0b02c0b02c0b02c0b02c0b02c0b06c1f5fd3b4ec2b02c0b02c0b02c0b02,5a6,9d26d992649b6719b66f9c66e982649ce6c992659ae719ce6e9c26d9be6d9ba719ae719a66f9a26d,521515515c5014b52d4b5514d52149559475255455950559445214052d545595450d4857d465354d,1,1,1,1
597,597,0,753,548,699a169da269da66eda46fda76e9a0699a06edba681a4691bb6e5af691b9691a6695bc6edbb6e1a5,26f,c0f02c0f02c0b02c0b02c0b02c0b02c0b02c0b02c0b02c0b06c1f5fd3b4ec2b02c0b02c0b02c0b02,5b8,9d26d992649b6719b66f9c66e982649ce6c992659ae719ce6e9c26d9be6d9ba719ae719a66f9a26d,521515515c5014b52d4b5514d52149559475255455950559445214052d545595450d4857d465354d,1,1,1,1
598,598,0,74c,54b,699a169da269da66eda46fda76e9a0699a06edba681a4691bb6e5af691b9691a6695bc6edbb6e1a5,270,c0f02c0f02c0b02c0b02c0b02c0b02c0b02c0b02c0b02c0b06c1f5fd3b4ec2b02c0b02c0b02c0b02,5a4,9d26d992649b6719b66f9c66e982649ce6c992659ae719ce6e9c26d9be6d9ba719ae719a66f9a26d,521515515c5014b52d4b5514d52149559475255455950559445214052d545595450d4857d465354d,1,1,1,1
599,599,0,756,54a,699a169da269da66eda46fda76e9a0699a06edba681a4691bb6e5af691b9691a6695bc6edbb6e1a5,269,c0f02c0f02c0b02c0b02c0b02c0b02c0b02c0b02c0b02c0b06c1f5fd3b4ec2b02c0b02c0b02c0b02,5bf,9d26d992649b6719b66f9c66e982649ce6c992659ae719ce6e9c26d9be6d9ba719ae719a66f9a26d,521515515c5014b52d4b5514d52149559475255455950559445214052d545595450d4857d465354d,1,1,1,1
600,600,0,75a,557,699a169da269da66eda46fda76e9a0699a06edba681a4691bb6e5af691b9691a6695bc6edbb6e1a5,268,c0f02c0f02c0b02c0b02c0b02c0b02c0b02c0b02c0b02c0b06c1f5fd3b4ec2b02c0b02c0b02c0b02,5a7,9d26d992649b6719b66f9c66e982649ce6c992659ae719ce6e9c26d9be6d9ba719ae719a66f9a26d,521515515c5014b52d4b5514d52149559475255455950559445214052d545595450d4857d465354d,1,1,1,1
601,601,0,754,552,699a169da269da66eda46fda76e9a0699a06edba681a4691bb6e5af691b9691a6695bc6edbb6e1a5,274,c0f02c0f02c0b02c0b02c0b02c0b02c0b02c0b02c0b02c0b06c1f5fd3b4ec2b02c0b02c0b02c0b02,5bb,9d26d992649b6719b66f9c66e982649ce6c992659ae719ce6e9c26d9be6d9ba719ae719a66f9a26d,521515515c5014b52d4b5514d52149559475255455950559445214052d545595450d4857d465354d,1,1,1,1
602,602,0,74c,548,699a169da269da66eda46fda76e9a0699a06edba681a4691bb6e5af691b9691a6695bc6edbb6e1a5,26a,c0f02c0f02c0b02c0b02c0b02c0b02c0b02c0b02c0b02c0b06c1f5fd3b4ec2b02c0b02c0b02c0b02,5a3,9d26d992649b6719b66f9c66e982649ce6c992659ae719ce6e9c26d9be6d9ba719ae719a66f9a26d,521515515c5014b52d4b5514d52149559475255455950559445214052d545595450d4857d465354d,1,1,1,1
603,603,0,753,549,699a169da269da66eda46fda76e9a0699a06edba681a4691bb6e5af691b9691a6695bc6edbb6e1a5,271,c0f02c0f02c0b02c0b02c0b02c0b02c0b02c0b02c0b02c0b06c1f5fd3b4ec2b02c0b02c0b02c0b02,5a6,9d26d992649b6719b66f9c66e982649ce6c992659ae719ce6e9c26d9be6d9ba719ae719a66f9a26d,521515515c5014b52d4b5514d52149559475255455950559445214052d545595450d4857d465354d,1,1,1,1
604,604,0,74d,556,699a169da269da66eda46fda76e9a0699a06edba681a4691bb6e5af691b9691a6695bc6edbb6e1a5,66d,c0f02c0f02c0b02c0b02c0b02c0b02c0b02c0b02c0b02c0b06c1f5fd3b4ec2b02c0b02c0b02c0b02,5a0,9d26d992649b6719b66f9c66e982649ce6c992659ae719ce6e9c26d9be6d9ba719ae719a66f9a26d,521515515c5014b52d4b5514d52149559475255455950559445214052d545595450d4857d465354d,1,1,1,1
605,605,0,756,557,699a169da269da66eda46fda76e9a0699a06edba681a4691bb6e5af691b9691a6695bc6edbb6e1a5,675,c0f02c0f02c0b02c0b02c0b02c0b02c0b02c0b02c0b02c0b06c1f5fd3b4ec2b02c0b02c0b02c0b02,5ba,9d66d9de649b6719b66c9c6719c6649ce6d992649ae6e9e26e9c66a9be6a9be6e9ae709a66c9c26a,521515515c5014b52d4b5514d52149559475255455950559445214052d545595450d4857d465354d,1,1,1,1
606,606,0,756,54a,699a169da269da66eda46fda76e9a0699a06edba681a4691bb6e5af691b9691a6695bc6edbb6e1a5,665,c0f02c0f02c0b02c0b02c0b02c0b02c0b02c0b02c0b02c0b06c1f5fd3b4ec2b02c0b02c0b02c0b02,5bb,9d66d9de649b6719b66c9c6719c6649ce6d992649ae6e9e26e9c66a9be6a9be6e9ae709a66c9c26a,521515515c5014b52d4b5514d52149559475255455950559445214052d545595450d4857d465354d,1,1,1,1
607,607,0,34f,554,699a169da269da66eda46fda76e9a0699a06edba681a4691bb6e5af691b9691a6695bc6edbb6e1a5,66d,c0f02c0f02c0b02c0b02c0b02c0b02c0b02c0b02c0b02c0b06c1f5fd3b4ec2b02c0b02c0b02c0b02,1a0,9d66d9de649b6719b66c9c6719c6649ce6d992649ae6e9e26e9c66a9be6a9be6e9ae709a66c9c26a,521515515c5014b52d4b5514d52149559475255455950559445214052d545595450d4857d465354d,1,1,1,1
608,608,0,34f,156,699a169da269da66eda46fda76e9a0699a06edba681a4691bb6e5af691b9691a6695bc6edbb6e1a5,675,c0f02c0f02c0b02c0b02c0b02c0b02c0b02c0b02c0b02c0b06c1f5fd3b4ec2b02c0b02c0b02c0b02,1a4,9d66d9de649b6719b66c9c6719c6649ce6d992649ae6e9e26e9c66a9be6a9be6e9ae709a66c9c26a,521515515c5014b52d4b5514d52149559475255455950559445214052d545595450d4857d465354d,1,1,1,1
609,609,0,34b,152,699a169da269da66eda46fda76e9a0699a06edba681a4691bb6e5af691b9691a6695bc6edbb6e1a5,669,c0f02c0f02c0b02c0b02c0b02c0b02c0b02c0b02c0b02c0b06c1f5fd3b4ec2b02c0b02c0b02c0b02,1a5,9d66d9de649b6719b66c9c6719c6649ce6d992649ae6e9e26e9c66a9be6a9be6e9ae709a66c9c26a,521515515c5014b52d4b5514d52149559475255455950559445214052d545595450d4857d465354d,1,1,1,1
610,610,0,356,157,699a169da269da66eda46fda76e9a0699a06edba681a4691bb6e5af691b9691a6695bc6edbb6e1a5,66f,c0f02c0f02c0b02c0b02c0b02c0b02c0b02c0b02c0b02c0b06c1f5fd3b4ec2b02c0b02c0b02c0b02,1b8,9d66d9de649b6719b66c9c6719c6649ce6d992649ae6e9e26e9c66a9be6a9be6e9ae709a66c9c26a,521515515c5014b52d4b5514d52149559475255455950559445214052d545595450d4857d465354d,1,1,1,1
611,611,0,357,156,699a169da269da66eda46fda76e9a0699a06edba681a4691bb6e5af691b9691a6695bc6edbb6e1a5,66e,c0f02c0f02c0b02c0b02c0b02c0b02c0b02c0b02c0b02c0b06c1f5fd3b4ec2b02c0b02c0b02c0b02,1b8,9d66d9de649b6719b66c9c6719c6649ce6d992649ae6e9e26e9c66a9be6a9be6e9ae709a66c9c26a,521515515c5014b52d4b5514d52149559475255455950559445214052d545595450d4857d465354d,1,1,1,1
612,612,0,34c,14b,699a169da269da66eda46fda76e9a0699a06edba681a4691bb6e5af691b9691a6695bc6edbb6e1a5,66e,c0f02c0f02c0b02c0b02c0b02c0b02c0b02c0b02c0b02c0b06c1f5fd3b4ec2b02c0b02c0b02c0b02,1af,9d66d9de649b6719b66c9c6719c6649ce6d992649ae6e9e26e9c66a9be6a9be6e9ae709a66c9c26a,521515515c5014b52d4b5514d52149559475255455950559445214052d545595450d4857d465354d,1,1,1,1
613,613,0,34e,153,699a169da269da66eda46fda76e9a0699a06edba681a4691bb6e5af691b9691a6695bc6edbb6e1a5,675,c0f02c0f02c0b02c0b02c0b02c0b02c0b02c0b02c0b02c0b06c1f5fd3b4ec2b02c0b02c0b02c0b02,1a4,9d66d9de649b6719b66c9c6719c6649ce6d992649ae6e9e26e9c66a9be6a9be6e9ae709a66c9c26a,521515515c5014b52d4b5514d52149559475255455950559445214052d545595450d4857d465354d,1,1,1,1
614,614,0,34c,149,699a169da269da66eda46fda76e9a0699a06edba681a4691bb6e5af691b9691a6695bc6edbb6e1a5,660,c0f02c0f02c0b02c0b02c0b02c0b02c0b02c0b02c0b02c0b06c1f5fd3b4ec2b02c0b02c0b02c0b02,1b9,9d66d9de649b6719b66c9c6719c6649ce6d992649ae6e9e26e9c66a9be6a9be6e9ae709a66c9c26a,521515515c5014b52d4b5514d52149559475255455950559445214052d545595450d4857d465354d,1,1,1,1
615,615,0,349,156,699a169da269da66eda46fda76e9a0699a06edba681a4691bb6e5af691b9691a6695bc6edbb6e1a5,674,c0f02c0f02c0b02c0b02c0b02c0b02c0b02c0b02c0b02c0b06c1f5fd3b4ec2b02c0b02c0b02c0b02,1a4,9d66d9de649b6719b66c9c6719c6649ce6d992649ae6e9e26e9c66a9be6a9be6e9ae709a66c9c26a,521515515c5014b52d4b5514d52149559475255455950559445214052d545595450d4857d465354d,1,1,1,1
616,616,0,34d,154,699a169da269da66eda46fda76e9a0699a06edba681a4691bb6e5af691b9691a6695bc6edbb6e1a5,669,c0f02c0f02c0b02c0b02c0b02c0b02c0b02c0b02c0b02c0b06c1f5fd3b4ec2b02c0b02c0b02c0b02,1a6,9d66d9de649b6719b66c9c6719c6649ce6d992649ae6e9e26e9c66a9be6a9be6e9ae709a66c9c26a,521515515c5014b52d4b5514d52149559475255455950559445214052d545595450d4857d465354d,1,1,1,1
617,617,0,350,157,699a169da269da66eda46fda76e9a0699a06edba681a4691bb6e5af691b9691a6695bc6edbb6e1a5,677,c0f02c0f02c0b02c0b02c0b02c0b02c0b02c0b02c0b02c0b06c1f5fd3b4ec2b02c0b02c0b02c0b02,1a5,9d66d9de649b6719b66c9c6719c6649ce6d992649ae6e9e26e9c66a9be6a9be6e9ae709a66c9c26a,521515515c5014b52d4b5514d52149559475255455950559445214052d545595450d4857d465354d,1,1,1,1
618,618,0,345,156,699a169da269da66eda46fda76e9a0699a06edba681a4691bb6e5af691b9691a6695bc6edbb6e1a5,664,c0f02c0f02c0b02c0b02c0b02c0b02c0b02c0b02c0b02c0b06c1f5fd3b4ec2b02c0b02c0b02c0b02,1b9,9d66d9de649b6719b66c9c6719c6649ce6d992649ae6e9e26e9c66a9be6a9be6e9ae709a66c9c26a,521515515c5014b52d4b5514d52149559475255455950559445214052d545595450d4857d465354d,1,1,1,1
619,619,0,351,155,699a169da269da66eda46fda76e9a0699a06edba681a4691bb6e5af691b9691a6695bc6edbb6e1a5,66c,c0f02c0f02c0b02c0b02c0b02c0b02c0b02c0b02c0b02c0b06c1f5fd3b4ec2b02c0b02c0b02c0b02,1ba,9d66d9de649b6719b66c9c6719c6649ce6d992649ae6e9e26e9c66a9be6a9be6e9ae709a66c9c26a,521515515c5014b52d4b5514d52149559475255455950559445214052d545595450d4857d465354d,1,1,1,1
620,620,0,349,15c,699a169da269da66eda46fda76e9a0699a06edba681a4691bb6e5af691b9691a6695bc6edbb6e1a5,26a,c0f02c0f02c0b02c0b02c0b02c0b02c0b02c0b02c0b02c0b06c1f5fd3b4ec2b02c0b02c0b02c0b02,1be,9d66d9de649b6719b66c9c6719c6649ce6d992649ae6e9e26e9c66a9be6a9be6e9ae709a66c9c26a,521515515c5014b52d4b5514d52149559475255455950559445214052d545595450d4857d465354d,1,1,1,1
621,621,0,355,156,699a169da269da66eda46fda76e9a0699a06edba681a4691bb6e5af691b9691a6695bc6edbb6e1a5,277,c0f02c0f02c0b02c0b02c0b02c0b02c0b02c0b02c0b02c0b06c1f5fd3b4ec2b02c0b02c0b02c0b02,1b9,9d66d9de649b6719b66c9c6719c6649ce6d992649ae6e9e26e9c66a9be6a9be6e9ae709a66c9c26a,521515515c5014b52d4b5514d52149559475255455950559445214052d545595450d4857d465354d,1,1,1,1
622,622,0,34b,14f,699a169da269da66eda46fda76e9a0699a06edba681a4691bb6e5af691b9691a6695bc6edbb6e1a5,26a,c0f02c0f02c0b02c0b02c0b02c0b02c0b02c0b02c0b02c0b06c1f5fd3b4ec2b02c0b02c0b02c0b02,1a5,9d66d9de649b6719b66c9c6719c6649ce6d992649ae6e9e26e9c66a9be6a9be6e9ae709a66c9c26a,521515515c5014b52d4b5514d52149559475255455950559445214052d545595450d4857d465354d,1,1,1,1
623,623,0,753,15d,699a169da269da66eda46fda76e9a0699a06edba681a4691bb6e5af691b9691a6695bc6edbb6e1a5,275,c0f02c0f02c0b02c0b02c0b02c0b02c0b02c0b02c0b02c0b06c1f5fd3b4ec2b02c0b02c0b02c0b02,5a6,9d66d9de649b6719b66c9c6719c6649ce6d992649ae6e9e26e9c66a9be6a9be6e9ae709a66c9c26a,521515515c5014b52d4b5514d52149559475255455950559445214052d545595450d4857d465354d,1,1,1,1
624,624,0,756,54a,685a6691a2699a66e1a46fda76eda3699a06e9bb681a4695b86e1af691b9691a6695b96e9be6e5a5,269,c0f02c0f02c0b02c0b02c0b02c0b02c0b02c0b02c0b02c0b06c1f4ed3b4ec2b0fc0b06c0b02c0b02,5a7,9d66d9de649b6719b66c9c6719c6649ce6d992649ae6e9e26e9c66a9be6a9be6e9ae709a66c9c26a,521515515c5014b52d4b5514d52149559475255455950559445214052d545595450d4857d465354d,1,1,1,1
625,625,0,751,551,685a6691a2699a66e1a46fda76eda3699a06e9bb681a4695b86e1af691b9691a6695b96e9be6e5a5,26f,c0f02c0f02c0b02c0b02c0b02c0b02c0b02c0b02c0b02c0b06c1f4ed3b4ec2b0fc0b06c0b02c0b02,5a7,9d66d9de649b6719b66c9c6719c6649ce6d992649ae6e9e26e9c66a9be6a9be6e9ae709a66c9c26a,521515515c5014852d4a55d405214955947521545595255d5652d4152d545595755155579565354d,1,1,1,1
626,626,0,753,554,685a6691a2699a66e1a46fda76eda3699a06e9bb681a4695b86e1af691b9691a6695b96e9be6e5a5,26d,c0f02c0f02c0b02c0b02c0b02c0b02c0b02c0b02c0b02c0b06c1f4ed3b4ec2b0fc0b06c0b02c0b02,5ad,9d66d9de649b6719b66c9c6719c6649ce6d992649ae6e9e26e9c66a9be6a9be6e9ae709a66c9c26a,521515515c5014852d4a55d405214955947521545595255d5652d4152d545595755155579565354d,1,1,1,1
627,627,0,74c,55f,685a6691a2699a66e1a46fda76eda3699a06e9bb681a4695b86e1af691b9691a6695b96e9be6e5a5,26e,c0f02c0f02c0b02c0b02c0b02c0b02c0b02c0b02c0b02c0b06c1f4ed3b4ec2b0fc0b06c0b02c0b02,5a6,9d66d9de649b6719b66c9c6719c6649ce6d992649ae6e9e26e9c66a9be6a9be6e9ae709a66c9c26a,521515515c5014852d4a55d405214955947521545595255d5652d4152d545595755155579565354d,1,1,1,1
628,628,0,74f,550,685a6691a2699a66e1a46fda76eda3699a06e9bb681a4695b86e1af691b9691a6695b96e9be6e5a5,26e,c0f02c0f02c0b02c0b02c0b02c0b02c0b02c0b02c0b02c0b06c1f4ed3b4ec2b0fc0b06c0b02c0b02,5a6,9d66d9de649b6719b66c9c6719c6649ce6d992649ae6e9e26e9c66a9be6a9be6e9ae709a66c9c26a,521515515c5014852d4a55d405214955947521545595255d5652d4152d545595755155579565354d,1,1,1,1
629,629,0,750,548,685a6691a2699a66e1a46fda76eda3699a06e9bb681a4695b86e1af691b9691a6695b96e9be6e5a5,26f,c0f02c0f02c0b02c0b02c0b02c0b02c0b02c0b02c0b02c0b06c1f4ed3b4ec2b0fc0b06c0b02c0b02,5bb,9d66d9de649b6719b66c9c6719c6649ce6d992649ae6e9e26e9c66a9be6a9be6e9ae709a66c9c26a,521515515c5014852d4a55d405214955947521545595255d5652d4152d545595755155579565354d,1,1,1,1
630,630,0,74c,54b,685a6691a2699a66e1a46fda76eda3699a06e9bb681a4695b86e1af691b9691a6695b96e9be6e5a5,271,c0f02c0f02c0b02c0b02c0b02c0b02c0b02c0b02c0b02c0b06c1f4ed3b4ec2b0fc0b06c0b02c0b02,5a4,9d66d9de649b6719b66c9c6719c6649ce6d992649ae6e9e26e9c66a9be6a9be6e9ae709a66c9c26a,521515515c5014852d4a55d405214955947521545595255d5652d4152d545595755155579565354d,1,1,1,1
631,631,0,756,54b,685a6691a2699a66e1a46fda76eda3699a06e9bb681a4695b86e1af691b9691a6695b96e9be6e5a5,269,c0f02c0f02c0b02c0b02c0b02c0b02c0b02c0b02c0b02c0b06c1f4ed3b4ec2b0fc0b06c0b02c0b02,5bf,9d66d9de649b6719b66c9c6719c6649ce6d992649ae6e9e26e9c66a9be6a9be6e9ae709a66c9c26a,521515515c5014852d4a55d405214955947521545595255d5652d4152d545595755155579565354d,1,1,1,1
632,632,0,75a,557,685a6691a2699a66e1a46fda76eda3699a06e9bb681a4695b86e1af691b9691a6695b96e9be6e5a5,26b,c0f02c0f02c0b02c0b02c0b02c0b02c0b02c0b02c0b02c0b06c1f4ed3b4ec2b0fc0b06c0b02c0b02,5a7,9d66d9de649b6719b66c9c6719c6649ce6d992649ae6e9e26e9c66a9be6a9be6e9ae709a66c9c26a,521515515c5014852d4a55d405214955947521545595255d5652d4152d545595755155579565354d,1,1,1,1
633,633,0,754,55d,685a6691a2699a66e1a46fda76eda3699a06e9bb681a4695b86e1af691b9691a6695b96e9be6e5a5,277,c0f02c0f02c0b02c0b02c0b02c0b02c0b02c0b02c0b02c0b06c1f4ed3b4ec2b0fc0b06c0b02c0b02,5bb,9d66d9de649b6719b66c9c6719c6649ce6d992649ae6e9e26e9c66a9be6a9be6e9ae709a66c9c26a,521515515c5014852d4a55d405214955947521545595255d5652d4152d545595755155579565354d,1,1,1,1
634,634,0,74c,548,685a6691a2699a66e1a46fda76eda3699a06e9bb681a4695b86e1af691b9691a6695b96e9be6e5a5,269,c0f02c0f02c0b02c0b02c0b02c0b02c0b02c0b02c0b02c0b06c1f4ed3b4ec2b0fc0b06c0b02c0b02,5a3,9d66d9de649b6719b66c9c6719c6649ce6d992649ae6e9e26e9c66a9be6a9be6e9ae709a66c9c26a,521515515c5014852d4a55d405214955947521545595255d5652d4152d545595755155579565354d,1,1,1,1
635,635,0,752,549,685a6691a2699a66e1a46fda76eda3699a06e9bb681a4695b86e1af691b9691a6695b96e9be6e5a5,274,c0f02c0f02c0b02c0b02c0b02c0b02c0b02c0b02c0b02c0b06c1f4ed3b4ec2b0fc0b06c0b02c0b02,5a6,9d66d9de649b6719b66c9c6719c6649ce6d992649ae6e9e26e9c66a9be6a9be6e9ae709a66c9c26a,521515515c5014852d4a55d405214955947521545595255d5652d4152d545595755155579565354d,1,1,1,1
636,636,0,752,557,685a6691a2699a66e1a46fda76eda3699a06e9bb681a4695b86e1af691b9691a6695b96e9be6e5a5,66d,c0f02c0f02c0b02c0b02c0b02c0b02c0b02c0b02c0b02c0b06c1f4ed3b4ec2b0fc0b06c0b02c0b02,5a0,9d66d9de649b6719b66c9c6719c6649ce6d992649ae6e9e26e9c66a9be6a9be6e9ae709a66c9c26a,521515515c5014852d4a55d405214955947521545595255d5652d4152d545595755155579565354d,1,1,1,1
637,637,0,757,556,685a6691a2699a66e1a46fda76eda3699a06e9bb681a4695b86e1af691b9691a6695b96e9be6e5a5,674,c0f02c0f02c0b02c0b02c0b02c0b02c0b02c0b02c0b02c0b06c1f4ed3b4ec2b0fc0b06c0b02c0b02,5ba,9d66d996659b6719b66f9ba6e9c6649c26d9de649a26e9ae6e9c66d9be6d9ba6e9ae719a66f9ce6d,521515515c5014852d4a55d405214955947521545595255d5652d4152d545595755155579565354d,1,1,1,1
638,638,0,750,54a,685a6691a2699a66e1a46fda76eda3699a06e9bb681a4695b86e1af691b9691a6695b96e9be6e5a5,664,c0f02c0f02c0b02c0b02c0b02c0b02c0b02c0b02c0b02c0b06c1f4ed3b4ec2b0fc0b06c0b02c0b02,5bb,9d66d996659b6719b66f9ba6e9c6649c26d9de649a26e9ae6e9c66d9be6d9ba6e9ae719a66f9ce6d,521515515c5014852d4a55d405214955947521545595255d5652d4152d545595755155579565354d,1,1,1,1
639,639,0,34c,554,685a6691a2699a66e1a46fda76eda3699a06e9bb681a4695b86e1af691b9691a6695b96e9be6e5a5,66d,c0f02c0f02c0b02c0b02c0b02c0b02c0b02c0b02c0b02c0b06c1f4ed3b4ec2b0fc0b06c0b02c0b02,1a0,9d66d996659b6719b66f9ba6e9c6649c26d9de649a26e9ae6e9c66d9be6d9ba6e9ae719a66f9ce6d,521515515c5014852d4a55d405214955947521545595255d5652d4152d545595755155579565354d,1,1,1,1
640,640,0,34c,157,685a6691a2699a66e1a46fda76eda3699a06e9bb681a4695b86e1af691b9691a6695b96e9be6e5a5,675,c0f02c0f02c0b02c0b02c0b02c0b02c0b02c0b02c0b02c0b06c1f4ed3b4ec2b0fc0b06c0b02c0b02,1a4,9d66d996659b6719b66f9ba6e9c6649c26d9de649a26e9ae6e9c66d9be6d9ba6e9ae719a66f9ce6d,521515515c5014852d4a55d405214955947521545595255d5652d4152d545595755155579565354d,1,1,1,1
641,641,0,34b,152,685a6691a2699a66e1a46fda76eda3699a06e9bb681a4695b86e1af691b9691a6695b96e9be6e5a5,66a,c0f02c0f02c0b02c0b02c0b02c0b02c0b02c0b02c0b02c0b06c1f4ed3b4ec2b0fc0b06c0b02c0b02,1a4,9d66d996659b6719b66f9ba6e9c6649c26d9de649a26e9ae6e9c66d9be6d9ba6e9ae719a66f9ce6d,521515515c5014852d4a55d405214955947521545595255d5652d4152d545595755155579565354d,1,1,1,1
642,642,0,357,154,685a6691a2699a66e1a46fda76eda3699a06e9bb681a4695b86e1af691b9691a6695b96e9be6e5a5,66b,c0f02c0f02c0b02c0b02c0b02c0b02c0b02c0b02c0b02c0b06c1f4ed3b4ec2b0fc0b06c0b02c0b02,1bb,9d66d996659b6719b66f9ba6e9c6649c26d9de649a26e9ae6e9c66d9be6d9ba6e9ae719a66f9ce6d,521515515c5014852d4a55d405214955947521545595255d5652d4152d545595755155579565354d,1,1,1,1
643,643,0,356,156,685a6691a2699a66e1a46fda76eda3699a06e9bb681a4695b86e1af691b9691a6695b96e9be6e5a5,675,c0f02c0f02c0b02c0b02c0b02c0b02c0b02c0b02c0b02c0b06c1f4ed3b4ec2b0fc0b06c0b02c0b02,1b8,9d66d996659b6719b66f9ba6e9c6649c26d9de649a26e9ae6e9c66d9be6d9ba6e9ae719a66f9ce6d,521515515c5014852d4a55d405214955947521545595255d5652d4152d545595755155579565354d,1,1,1,1
644,644,0,352,148,685a6691a2699a66e1a46fda76eda3699a06e9bb681a4695b86e1af691b9691a6695b96e9be6e5a5,671,c0f02c0f02c0b02c0b02c0b02c0b02c0b02c0b02c0b02c0b06c1f4ed3b4ec2b0fc0b06c0b02c0b02,1ac,9d66d996659b6719b66f9ba6e9c6649c26d9de649a26e9ae6e9c66d9be6d9ba6e9ae719a66f9ce6d,521515515c5014852d4a55d405214955947521545595255d5652d4152d545595755155579565354d,1,1,1,1
645,645,0,34f,150,685a6691a2699a66e1a46fda76eda3699a06e9bb681a4695b86e1af691b9691a6695b96e9be6e5a5,670,c0f02c0f02c0b02c0b02c0b02c0b02c0b02c0b02c0b02c0b06c1f4ed3b4ec2b0fc0b06c0b02c0b02,1a4,9d66d996659b6719b66f9ba6e9c6649c26d9de649a26e9ae6e9c66d9be6d9ba6e9ae719a66f9ce6d,521515515c5014852d4a55d405214955947521545595255d5652d4152d545595755155579565354d,1,1,1,1
646,646,0,34d,149,685a6691a2699a66e1a46fda76eda3699a06e9bb681a4695b86e1af691b9691a6695b96e9be6e5a5,663,c0f02c0f02c0b02c0b02c0b02c0b02c0b02c0b02c0b02c0b06c1f4ed3b4ec2b0fc0b06c0b02c0b02,1b9,9d66d996659b6719b66f9ba6e9c6649c26d9de649a26e9ae6e9c66d9be6d9ba6e9ae719a66f9ce6d,521515515c5014852d4a55d405214955947521545595255d5652d4152d545595755155579565354d,1,1,1,1
647,647,0,349,156,685a6691a2699a66e1a46fda76eda3699a06e9bb681a4695b86e1af691b9691a6695b96e9be6e5a5,674,c0f02c0f02c0b02c0b02c0b02c0b02c0b02c0b02c0b02c0b06c1f4ed3b4ec2b0fc0b06c0b02c0b02,1a4,9d66d996659b6719b66f9ba6e9c6649c26d9de649a26e9ae6e9c66d9be6d9ba6e9ae719a66f9ce6d,521515515c5014852d4a55d405214955947521545595255d5652d4152d545595755155579565354d,1,1,1,1
648,648,0,352,154,685a6691a2699a66e1a46fda76eda3699a06e9bb681a4695b86e1af691b9691a6695b96e9be6e5a5,668,c0f02c0f02c0b02c0b02c0b02c0b02c0b02c0b02c0b02c0b06c1f4ed3b4ec2b0fc0b06c0b02c0b02,1a6,9d66d996659b6719b66f9ba6e9c6649c26d9de649a26e9ae6e9c66d9be6d9ba6e9ae719a66f9ce6d,521515515c5014852d4a55d405214955947521545595255d5652d4152d545595755155579565354d,1,1,1,1
649,649,0,350,154,685a6691a2699a66e1a46fda76eda3699a06e9bb681a4695b86e1af691b9691a6695b96e9be6e5a5,677,c0f02c0f02c0b02c0b02c0b02c0b02c0b02c0b02c0b02c0b06c1f4ed3b4ec2b0fc0b06c0b02c0b02,1a5,9d66d996659b6719b66f9ba6e9c6649c26d9de649a26e9ae6e9c66d9be6d9ba6e9ae719a66f9ce6d,521515515c5014852d4a55d405214955947521545595255d5652d4152d545595755155579565354d,1,1,1,1
650,650,0,34a,156,685a6691a2699a66e1a46fda76eda3699a06e9bb681a4695b86e1af691b9691a6695b96e9be6e5a5,667,c0f02c0f02c0b02c0b02c0b02c0b02c0b02c0b02c0b02c0b06c1f4ed3b4ec2b0fc0b06c0b02c0b02,1b9,9d66d996659b6719b66f9ba6e9c6649c26d9de649a26e9ae6e9c66d9be6d9ba6e9ae719a66f9ce6d,521515515c5014852d4a55d405214955947521545595255d5652d4152d545595755155579565354d,1,1,1,1
651,651,0,350,14a,685a6691a2699a66e1a46fda76eda3699a06e9bb681a4695b86e1af691b9691a6695b96e9be6e5a5,66f,c0f02c0f02c0b02c0b02c0b02c0b02c0b02c0b02c0b02c0b06c1f4ed3b4ec2b0fc0b06c0b02c0b02,1ba,9d66d996659b6719b66f9ba6e9c6649c26d9de649a26e9ae6e9c66d9be6d9ba6e9ae719a66f9ce6d,521515515c5014852d4a55d405214955947521545595255d5652d4152d545595755155579565354d,1,1,1,1
652,652,0,349,15d,685a6691a2699a66e1a46fda76eda3699a06e9bb681a4695b86e1af691b9691a6695b96e9be6e5a5,26a,c0f02c0f02c0b02c0b02c0b02c0b02c0b02c0b02c0b02c0b06c1f4ed3b4ec2b0fc0b06c0b02c0b02,1b9,9d66d996659b6719b66f9ba6e9c6649c26d9de649a26e9ae6e9c66d9be6d9ba6e9ae719a66f9ce6d,521515515c5014852d4a55d405214955947521545595255d5652d4152d545595755155579565354d,1,1,1,1
653,653,0,355,156,685a6691a2699a66e1a46fda76eda3699a06e9bb681a4695b86e1af691b9691a6695b96e9be6e5a5,277,c0f02c0f02c0b02c0b02c0b02c0b02c0b02c0b02c0b02c0b06c1f4ed3b4ec2b0fc0b06c0b02c0b02,1b9,9d66d996659b6719b66f9ba6e9c6649c26d9de649a26e9ae6e9c66d9be6d9ba6e9ae719a66f9ce6d,521515515c5014852d4a55d405214955947521545595255d5652d4152d545595755155579565354d,1,1,1,1
654,654,0,348,14f,685a6691a2699a66e1a46fda76eda3699a06e9bb681a4695b86e1af691b9691a6695b96e9be6e5a5,271,c0f02c0f02c0b02c0b02c0b02c0b02c0b02c0b02c0b02c0b06c1f4ed3b4ec2b0fc0b06c0b02c0b02,1a4,9d66d996659b6719b66f9ba6e9c6649c26d9de649a26e9ae6e9c66d9be6d9ba6e9ae719a66f9ce6d,521515515c5014852d4a55d405214955947521545595255d5652d4152d545595755155579565354d,1,1,1,1
655,655,0,752,152,685a6691a2699a66e1a46fda76eda3699a06e9bb681a4695b86e1af691b9691a6695b96e9be6e5a5,271,c0f02c0f02c0b02c0b02c0b02c0b02c0b02c0b02c0b02c0b06c1f4ed3b4ec2b0fc0b06c0b02c0b02,5a6,9d66d996659b6719b66f9ba6e9c6649c26d9de649a26e9ae6e9c66d9be6d9ba6e9ae719a66f9ce6d,521515515c5014852d4a55d405214955947521545595255d5652d4152d545595755155579565354d,1,1,1,1
656,656,0,756,54a,699a769dad699a66eda46fda76eda3699a06e9bb681a4691bb6e1ac691b9691a6695b96e9bb6e5a4,269,c0f02c0f02c0b02c0b02c0b02c0b02c0b02c0b02c0b02c0b06c1b42d3f4fc2b02c0b02c0b02c0b02,5a6,9d66d996659b6719b66f9ba6e9c6649c26d9de649a26e9ae6e9c66d9be6d9ba6e9ae719a66f9ce6d,521515515c5014852d4a55d405214955947521545595255d5652d4152d545595755155579565354d,1,1,1,1
657,657,0,756,551,699a769dad699a66eda46fda76eda3699a06e9bb681a4691bb6e1ac691b9691a6695b96e9bb6e5a4,26f,c0f02c0f02c0b02c0b02c0b02c0b02c0b02c0b02c0b02c0b06c1b42d3f4fc2b02c0b02c0b02c0b02,5a4,9d66d996659b6719b66f9ba6e9c6649c26d9de649a26e9ae6e9c66d9be6d9ba6e9ae719a66f9ce6d,521515595d5014852d4b5554d5214955d465215455d50559545214052d54551565194857d4653d42,1,1,1,1
658,658,0,753,554,699a769dad699a66eda46fda76eda3699a06e9bb681a4691bb6e1ac691b9691a6695b96e9bb6e5a4,26d,c0f02c0f02c0b02c0b02c0b02c0b02c0b02c0b02c0b02c0b06c1b42d3f4fc2b02c0b02c0b02c0b02,5ad,9d66d996659b6719b66f9ba6e9c6649c26d9de649a26e9ae6e9c66d9be6d9ba6e9ae719a66f9ce6d,521515595d5014852d4b5554d5214955d465215455d50559545214052d54551565194857d4653d42,1,1,1,1
659,659,0,74f,55c,699a769dad699a66eda46fda76eda3699a06e9bb681a4691bb6e1ac691b9691a6695b96e9bb6e5a4,275,c0f02c0f02c0b02c0b02c0b02c0b02c0b02c0b02c0b02c0b06c1b42d3f4fc2b02c0b02c0b02c0b02,5a7,9d66d996659b6719b66f9ba6e9c6649c26d9de649a26e9ae6e9c66d9be6d9ba6e9ae719a66f9ce6d,521515595d5014852d4b5554d5214955d465215455d50559545214052d54551565194857d4653d42,1,1,1,1
660,660,0,74e,550,699a769dad699a66eda46fda76eda3699a06e9bb681a4691bb6e1ac691b9691a6695b96e9bb6e5a4,26a,c0f02c0f02c0b02c0b02c0b02c0b02c0b02c0b02c0b02c0b06c1b42d3f4fc2b02c0b02c0b02c0b02,5a1,9d66d996659b6719b66f9ba6e9c6649c26d9de649a26e9ae6e9c66d9be6d9ba6e9ae719a66f9ce6d,521515595d5014852d4b5554d5214955d465215455d50559545214052d54551565194857d4653d42,1,1,1,1
661,661,0,750,54b,699a769dad699a66eda46fda76eda3699a06e9bb681a4691bb6e1ac691b9691a6695b96e9bb6e5a4,26f,c0f02c0f02c0b02c0b02c0b02c0b02c0b02c0b02c0b02c0b06c1b42d3f4fc2b02c0b02c0b02c0b02,5bb,9d66d996659b6719b66f9ba6e9c6649c26d9de649a26e9ae6e9c66d9be6d9ba6e9ae719a66f9ce6d,521515595d5014852d4b5554d5214955d465215455d50559545214052d54551565194857d4653d42,1,1,1,1
662,662,0,74c,54b,699a769dad699a66eda46fda76eda3699a06e9bb681a4691bb6e1ac691b9691a6695b96e9bb6e5a4,270,c0f02c0f02c0b02c0b02c0b02c0b02c0b02c0b02c0b02c0b06c1b42d3f4fc2b02c0b02c0b02c0b02,5a4,9d66d996659b6719b66f9ba6e9c6649c26d9de649a26e9ae6e9c66d9be6d9ba6e9ae719a66f9ce6d,521515595d5014852d4b5554d5214955d465215455d50559545214052d54551565194857d4653d42,1,1,1,1
663,663,0,756,54b,699a769dad699a66eda46fda76eda3699a06e9bb681a4691bb6e1ac691b9691a6695b96e9bb6e5a4,269,c0f02c0f02c0b02c0b02c0b02c0b02c0b02c0b02c0b02c0b06c1b42d3f4fc2b02c0b02c0b02c0b02,5be,9d66d996659b6719b66f9ba6e9c6649c26d9de649a26e9ae6e9c66d9be6d9ba6e9ae719a66f9ce6d,521515595d5014852d4b5554d5214955d465215455d50559545214052d54551565194857d4653d42,1,1,1,1
664,664,0,75a,557,699a769dad699a66eda46fda76eda3699a06e9bb681a4691bb6e1ac691b9691a6695b96e9bb6e5a4,268,c0f02c0f02c0b02c0b02c0b02c0b02c0b02c0b02c0b02c0b06c1b42d3f4fc2b02c0b02c0b02c0b02,5a7,9d66d996659b6719b66f9ba6e9c6649c26d9de649a26e9ae6e9c66d9be6d9ba6e9ae719a66f9ce6d,521515595d5014852d4b5554d5214955d465215455d50559545214052d54551565194857d4653d42,1,1,1,1
665,665,0,757,552,699a769dad699a66eda46fda76eda3699a06e9bb681a4691bb6e1ac691b9691a6695b96e9bb6e5a4,274,c0f02c0f02c0b02c0b02c0b02c0b02c0b02c0b02c0b02c0b06c1b42d3f4fc2b02c0b02c0b02c0b02,5bb,9d66d996659b6719b66f9ba6e9c6649c26d9de649a26e9ae6e9c66d9be6d9ba6e9ae719a66f9ce6d,521515595d5014852d4b5554d5214955d465215455d50559545214052d54551565194857d4653d42,1,1,1,1
666,666,0,74c,548,699a769dad699a66eda46fda76eda3699a06e9bb681a4691bb6e1ac691b9691a6695b96e9bb6e5a4,269,c0f02c0f02c0b02c0b02c0b02c0b02c0b02c0b02c0b02c0b06c1b42d3f4fc2b02c0b02c0b02c0b02,5a3,9d66d996659b6719b66f9ba6e9c6649c26d9de649a26e9ae6e9c66d9be6d9ba6e9ae719a66f9ce6d,521515595d5014852d4b5554d5214955d465215455d50559545214052d54551565194857d4653d42,1,1,1,1
667,667,0,752,549,699a769dad699a66eda46fda76eda3699a06e9bb681a4691bb6e1ac691b9691a6695b96e9bb6e5a4,274,c0f02c0f02c0b02c0b02c0b02c0b02c0b02c0b02c0b02c0b06c1b42d3f4fc2b02c0b02c0b02c0b02,5a6,9d66d996659b6719b66f9ba6e9c6649c26d9de649a26e9ae6e9c66d9be6d9ba6e9ae719a66f9ce6d,521515595d5014852d4b5554d5214955d465215455d50559545214052d54551565194857d4653d42,1,1,1,1
668,668,0,752,557,699a769dad699a66eda46fda76eda3699a06e9bb681a4691bb6e1ac691b9691a6695b96e9bb6e5a4,66d,c0f02c0f02c0b02c0b02c0b02c0b02c0b02c0b02c0b02c0b06c1b42d3f4fc2b02c0b02c0b02c0b02,5a0,9d66d996659b6719b66f9ba6e9c6649c26d9de649a26e9ae6e9c66d9be6d9ba6e9ae719a66f9ce6d,521515595d5014852d4b5554d5214955d465215455d50559545214052d54551565194857d4653d42,1,1,1,1
669,669,0,756,556,699a769dad699a66eda46fda76eda3699a06e9bb681a4691bb6e1ac691b9691a6695b96e9bb6e5a4,674,c0f02c0f02c0b02c0b02c0b02c0b02c0b02c0b02c0b02c0b06c1b42d3f4fc2b02c0b02c0b02c0b02,5bb,9d26d992649b6719aa6f9c6719c2679c26c99e679ae6e9ce719c66d9be6d9c66e9ae709a66c9c26d,521515595d5014852d4b5554d5214955d465215455d50559545214052d54551565194857d4653d42,1,1,1,1
670,670,0,751,54b,699a769dad699a66eda46fda76eda3699a06e9bb681a4691bb6e1ac691b9691a6695b96e9bb6e5a4,664,c0f02c0f02c0b02c0b02c0b02c0b02c0b02c0b02c0b02c0b06c1b42d3f4fc2b02c0b02c0b02c0b02,5bb,9d26d992649b6719aa6f9c6719c2679c26c99e679ae6e9ce719c66d9be6d9c66e9ae709a66c9c26d,521515595d5014852d4b5554d5214955d465215455d50559545214052d54551565194857d4653d42,1,1,1,1
671,671,0,34c,554,699a769dad699a66eda46fda76eda3699a06e9bb681a4691bb6e1ac691b9691a6695b96e9bb6e5a4,66d,c0f02c0f02c0b02c0b02c0b02c0b02c0b02c0b02c0b02c0b06c1b42d3f4fc2b02c0b02c0b02c0b02,1a0,9d26d992649b6719aa6f9c6719c2679c26c99e679ae6e9ce719c66d9be6d9c66e9ae709a66c9c26d,521515595d5014852d4b5554d5214955d465215455d50559545214052d54551565194857d4653d42,1,1,1,1
672,672,0,34c,156,699a769dad699a66eda46fda76eda3699a06e9bb681a4691bb6e1ac691b9691a6695b96e9bb6e5a4,675,c0f02c0f02c0b02c0b02c0b02c0b02c0b02c0b02c0b02c0b06c1b42d3f4fc2b02c0b02c0b02c0b02,1a7,9d26d992649b6719aa6f9c6719c2679c26c99e679ae6e9ce719c66d9be6d9c66e9ae709a66c9c26d,521515595d5014852d4b5554d5214955d465215455d50559545214052d54551565194857d4653d42,1,1,1,1
673,673,0,34b,152,699a769dad699a66eda46fda76eda3699a06e9bb681a4691bb6e1ac691b9691a6695b96e9bb6e5a4,669,c0f02c0f02c0b02c0b02c0b02c0b02c0b02c0b02c0b02c0b06c1b42d3f4fc2b02c0b02c0b02c0b02,1a5,9d26d992649b6719aa6f9c6719c2679c26c99e679ae6e9ce719c66d9be6d9c66e9ae709a66c9c26d,521515595d5014852d4b5554d5214955d465215455d50559545214052d54551565194857d4653d42,1,1,1,1
674,674,0,357,154,699a769dad699a66eda46fda76eda3699a06e9bb681a4691bb6e1ac691b9691a6695b96e9bb6e5a4,66f,c0f02c0f02c0b02c0b02c0b02c0b02c0b02c0b02c0b02c0b06c1b42d3f4fc2b02c0b02c0b02c0b02,1bb,9d26d992649b6719aa6f9c6719c2679c26c99e679ae6e9ce719c66d9be6d9c66e9ae709a66c9c26d,521515595d5014852d4b5554d5214955d465215455d50559545214052d54551565194857d4653d42,1,1,1,1
675,675,0,356,156,699a769dad699a66eda46fda76eda3699a06e9bb681a4691bb6e1ac691b9691a6695b96e9bb6e5a4,675,c0f02c0f02c0b02c0b02c0b02c0b02c0b02c0b02c0b02c0b06c1b42d3f4fc2b02c0b02c0b02c0b02,1b9,9d26d992649b6719aa6f9c6719c2679c26c99e679ae6e9ce719c66d9be6d9c66e9ae709a66c9c26d,521515595d5014852d4b5554d5214955d465215455d50559545214052d54551565194857d4653d42,1,1,1,1
676,676,0,34d,148,699a769dad699a66eda46fda76eda3699a06e9bb681a4691bb6e1ac691b9691a6695b96e9bb6e5a4,671,c0f02c0f02c0b02c0b02c0b02c0b02c0b02c0b02c0b02c0b06c1b42d3f4fc2b02c0b02c0b02c0b02,1ac,9d26d992649b6719aa6f9c6719c2679c26c99e679ae6e9ce719c66d9be6d9c66e9ae709a66c9c26d,521515595d5014852d4b5554d5214955d465215455d50559545214052d54551565194857d4653d42,1,1,1,1
677,677,0,34e,150,699a769dad699a66eda46fda76eda3699a06e9bb681a4691bb6e1ac691b9691a6695b96e9bb6e5a4,670,c0f02c0f02c0b02c0b02c0b02c0b02c0b02c0b02c0b02c0b06c1b42d3f4fc2b02c0b02c0b02c0b02,1a4,9d26d992649b6719aa6f9c6719c2679c26c99e679ae6e9ce719c66d9be6d9c66e9ae709a66c9c26d,521515595d5014852d4b5554d5214955d465215455d50559545214052d54551565194857d4653d42,1,1,1,1
678,678,0,34c,14e,699a769dad699a66eda46fda76eda3699a06e9bb681a4691bb6e1ac691b9691a6695b96e9bb6e5a4,663,c0f02c0f02c0b02c0b02c0b02c0b02c0b02c0b02c0b02c0b06c1b42d3f4fc2b02c0b02c0b02c0b02,1b9,9d26d992649b6719aa6f9c6719c2679c26c99e679ae6e9ce719c66d9be6d9c66e9ae709a66c9c26d,521515595d5014852d4b5554d5214955d465215455d50559545214052d54551565194857d4653d42,1,1,1,1
679,679,0,348,156,699a769dad699a66eda46fda76eda3699a06e9bb681a4691bb6e1ac691b9691a6695b96e9bb6e5a4,674,c0f02c0f02c0b02c0b02c0b02c0b02c0b02c0b02c0b02c0b06c1b42d3f4fc2b02c0b02c0b02c0b02,1a7,9d26d992649b6719aa6f9c6719c2679c26c99e679ae6e9ce719c66d9be6d9c66e9ae709a66c9c26d,521515595d5014852d4b5554d5214955d465215455d50559545214052d54551565194857d4653d42,1,1,1,1
680,680,0,352,157,699a769dad699a66eda46fda76eda3699a06e9bb681a4691bb6e1ac691b9691a6695b96e9bb6e5a4,668,c0f02c0f02c0b02c0b02c0b02c0b02c0b02c0b02c0b02c0b06c1b42d3f4fc2b02c0b02c0b02c0b02,1a1,9d26d992649b6719aa6f9c6719c2679c26c99e679ae6e9ce719c66d9be6d9c66e9ae709a66c9c26d,521515595d5014852d4b5554d5214955d465215455d50559545214052d54551565194857d4653d42,1,1,1,1
681,681,0,350,157,699a769dad699a66eda46fda76eda3699a06e9bb681a4691bb6e1ac691b9691a6695b96e9bb6e5a4,674,c0f02c0f02c0b02c0b02c0b02c0b02c0b02c0b02c0b02c0b06c1b42d3f4fc2b02c0b02c0b02c0b02,1ba,9d26d992649b6719aa6f9c6719c2679c26c99e679ae6e9ce719c66d9be6d9c66e9ae709a66c9c26d,521515595d5014852d4b5554d5214955d465215455d50559545214052d54551565194857d4653d42,1,1,1,1
682,682,0,34a,151,699a769dad699a66eda46fda76eda3699a06e9bb681a4691bb6e1ac691b9691a6695b96e9bb6e5a4,667,c0f02c0f02c0b02c0b02c0b02c0b02c0b02c0b02c0b02c0b06c1b42d3f4fc2b02c0b02c0b02c0b02,1b9,9d26d992649b6719aa6f9c6719c2679c26c99e679ae6e9ce719c66d9be6d9c66e9ae709a66c9c26d,521515595d5014852d4b5554d5214955d465215455d50559545214052d54551565194857d4653d42,1,1,1,1
683,683,0,351,14a,699a769dad699a66eda46fda76eda3699a06e9bb681a4691bb6e1ac691b9691a6695b96e9bb6e5a4,66f,c0f02c0f02c0b02c0b02c0b02c0b02c0b02c0b02c0b02c0b06c1b42d3f4fc2b02c0b02c0b02c0b02,1bb,9d26d992649b6719aa6f9c6719c2679c26c99e679ae6e9ce719c66d9be6d9c66e9ae709a66c9c26d,521515595d5014852d4b5554d5214955d465215455d50559545214052d54551565194857d4653d42,1,1,1,1
684,684,0,349,15d,699a769dad699a66eda46fda76eda3699a06e9bb681a4691bb6e1ac691b9691a6695b96e9bb6e5a4,271,c0f02c0f02c0b02c0b02c0b02c0b02c0b02c0b02c0b02c0b06c1b42d3f4fc2b02c0b02c0b02c0b02,1b9,9d26d992649b6719aa6f9c6719c2679c26c99e679ae6e9ce719c66d9be6d9c66e9ae709a66c9c26d,521515595d5014852d4b5554d5214955d465215455d50559545214052d54551565194857d4653d42,1,1,1,1
685,685,0,355,151,699a769dad699a66eda46fda76eda3699a06e9bb681a4691bb6e1ac691b9691a6695b96e9bb6e5a4,270,c0f02c0f02c0b02c0b02c0b02c0b02c0b02c0b02c0b02c0b06c1b42d3f4fc2b02c0b02c0b02c0b02,1be,9d26d992649b6719aa6f9c6719c2679c26c99e679ae6e9ce719c66d9be6d9c66e9ae709a66c9c26d,521515595d5014852d4b5554d5214955d465215455d50559545214052d54551565194857d4653d42,1,1,1,1
686,686,0,34b,14f,699a769dad699a66eda46fda76eda3699a06e9bb681a4691bb6e1ac691b9691a6695b96e9bb6e5a4,26a,c0f02c0f02c0b02c0b02c0b02c0b02c0b02c0b02c0b02c0b06c1b42d3f4fc2b02c0b02c0b02c0b02,1a5,9d26d992649b6719aa6f9c6719c2679c26c99e679ae6e9ce719c66d9be6d9c66e9ae709a66c9c26d,521515595d5014852d4b5554d5214955d465215455d50559545214052d54551565194857d4653d42,1,1,1,1
687,687,0,753,15d,699a769dad699a66eda46fda76eda3699a06e9bb681a4691bb6e1ac691b9691a6695b96e9bb6e5a4,274,c0f02c0f02c0b02c0b02c0b02c0b02c0b02c0b02c0b02c0b06c1b42d3f4fc2b02c0b02c0b02c0b02,5a6,9d26d992649b6719aa6f9c6719c2679c26c99e679ae6e9ce719c66d9be6d9c66e9ae709a66c9c26d,521515595d5014852d4b5554d5214955d465215455d50559545214052d54551565194857d4653d42,1,1,1,1
688,688,0,756,54a,699a6691ad69da16eda46f9a76eda3699a06edbb681a7695bb6e5ac691b969da16e9b96edbb6f1a5,26a,c0f02c0f02c0b02c0b02c0b02c0b02c0b02c0b02c0b02c0b06c1b4fd3b4ec2b02c0b02c0b02c0b02,5a6,9d26d992649b6719aa6f9c6719c2679c26c99e679ae6e9ce719c66d9be6d9c66e9ae709a66c9c26d,521515595d5014852d4b5554d5214955d465215455d50559545214052d54551565194857d4653d42,1,1,1,1
689,689,0,756,551,699a6691ad69da16eda46f9a76eda3699a06edbb681a7695bb6e5ac691b969da16e9b96edbb6f1a5,26b,c0f02c0f02c0b02c0b02c0b02c0b02c0b02c0b02c0b02c0b06c1b4fd3b4ec2b02c0b02c0b02c0b02,5a4,9d26d992649b6719aa6f9c6719c2679c26c99e679ae6e9ce719c66d9be6d9c66e9ae709a66c9c26d,521515515c5014b52d4b55d405214955d46525545595055944521405395655d5550d48575415354f,1,1,1,1
690,690,0,753,554,699a6691ad69da16eda46f9a76eda3699a06edbb681a7695bb6e5ac691b969da16e9b96edbb6f1a5,26d,c0f02c0f02c0b02c0b02c0b02c0b02c0b02c0b02c0b02c0b06c1b4fd3b4ec2b02c0b02c0b02c0b02,5ad,9d26d992649b6719aa6f9c6719c2679c26c99e679ae6e9ce719c66d9be6d9c66e9ae709a66c9c26d,521515515c5014b52d4b55d405214955d46525545595055944521405395655d5550d48575415354f,1,1,1,1
691,691,0,74f,55d,699a6691ad69da16eda46f9a76eda3699a06edbb681a7695bb6e5ac691b969da16e9b96edbb6f1a5,26e,c0f02c0f02c0b02c0b02c0b02c0b02c0b02c0b02c0b02c0b06c1b4fd3b4ec2b02c0b02c0b02c0b02,5a7,9d26d992649b6719aa6f9c6719c2679c26c99e679ae6e9ce719c66d9be6d9c66e9ae709a66c9c26d,521515515c5014b52d4b55d405214955d46525545595055944521405395655d5550d48575415354f,1,1,1,1
692,692,0,74e,553,699a6691ad69da16eda46f9a76eda3699a06edbb681a7695bb6e5ac691b969da16e9b96edbb6f1a5,26e,c0f02c0f02c0b02c0b02c0b02c0b02c0b02c0b02c0b02c0b06c1b4fd3b4ec2b02c0b02c0b02c0b02,5a6,9d26d992649b6719aa6f9c6719c2679c26c99e679ae6e9ce719c66d9be6d9c66e9ae709a66c9c26d,521515515c5014b52d4b55d405214955d46525545595055944521405395655d5550d48575415354f,1,1,1,1
693,693,0,750,54a,699a6691ad69da16eda46f9a76eda3699a06edbb681a7695bb6e5ac691b969da16e9b96edbb6f1a5,26f,c0f02c0f02c0b02c0b02c0b02c0b02c0b02c0b02c0b02c0b06c1b4fd3b4ec2b02c0b02c0b02c0b02,5bb,9d26d992649b6719aa6f9c6719c2679c26c99e679ae6e9ce719c66d9be6d9c66e9ae709a66c9c26d,521515515c5014b52d4b55d405214955d46525545595055944521405395655d5550d48575415354f,1,1,1,1
694,694,0,74c,54b,699a6691ad69da16eda46f9a76eda3699a06edbb681a7695bb6e5ac691b969da16e9b96edbb6f1a5,271,c0f02c0f02c0b02c0b02c0b02c0b02c0b02c0b02c0b02c0b06c1b4fd3b4ec2b02c0b02c0b02c0b02,5a4,9d26d992649b6719aa6f9c6719c2679c26c99e679ae6e9ce719c66d9be6d9c66e9ae709a66c9c26d,521515515c5014b52d4b55d405214955d46525545595055944521405395655d5550d48575415354f,1,1,1,1
695,695,0,756,54b,699a6691ad69da16eda46f9a76eda3699a06edbb681a7695bb6e5ac691b969da16e9b96edbb6f1a5,262,c0f02c0f02c0b02c0b02c0b02c0b02c0b02c0b02c0b02c0b06c1b4fd3b4ec2b02c0b02c0b02c0b02,5bf,9d26d992649b6719aa6f9c6719c2679c26c99e679ae6e9ce719c66d9be6d9c66e9ae709a66c9c26d,521515515c5014b52d4b55d405214955d46525545595055944521405395655d5550d48575415354f,1,1,1,1
696,696,0,75a,557,699a6691ad69da16eda46f9a76eda3699a06edbb681a7695bb6e5ac691b969da16e9b96edbb6f1a5,26c,c0f02c0f02c0b02c0b02c0b02c0b02c0b02c0b02c0b02c0b06c1b4fd3b4ec2b02c0b02c0b02c0b02,5a7,9d26d992649b6719aa6f9c6719c2679c26c99e679ae6e9ce719c66d9be6d9c66e9ae709a66c9c26d,521515515c5014b52d4b55d405214955d46525545595055944521405395655d5550d48575415354f,1,1,1,1
697,697,0,754,552,699a6691ad69da16eda46f9a76eda3699a06edbb681a7695bb6e5ac691b969da16e9b96edbb6f1a5,277,c0f02c0f02c0b02c0b02c0b02c0b02c0b02c0b02c0b02c0b06c1b4fd3b4ec2b02c0b02c0b02c0b02,5bb,9d26d992649b6719aa6f9c6719c2679c26c99e679ae6e9ce719c66d9be6d9c66e9ae709a66c9c26d,521515515c5014b52d4b55d405214955d46525545595055944521405395655d5550d48575415354f,1,1,1,1
698,698,0,74c,548,699a6691ad69da16eda46f9a76eda3699a06edbb681a7695bb6e5ac691b969da16e9b96edbb6f1a5,26a,c0f02c0f02c0b02c0b02c0b02c0b02c0b02c0b02c0b02c0b06c1b4fd3b4ec2b02c0b02c0b02c0b02,5a0,9d26d992649b6719aa6f9c6719c2679c26c99e679ae6e9ce719c66d9be6d9c66e9ae709a66c9c26d,521515515c5014b52d4b55d405214955d46525545595055944521405395655d5550d48575415354f,1,1,1,1
699,699,0,752,54e,699a6691ad69da16eda46f9a76eda3699a06edbb681a7695bb6e5ac691b969da16e9b96edbb6f1a5,270,c0f02c0f02c0b02c0b02c0b02c0b02c0b02c0b02c0b02c0b06c1b4fd3b4ec2b02c0b02c0b02c0b02,5a1,9d26d992649b6719aa6f9c6719c2679c26c99e679ae6e9ce719c66d9be6d9c66e9ae709a66c9c26d,521515515c5014b52d4b55d405214955d46525545595055944521405395655d5550d48575415354f,1,1,1,1
700,700,0,752,554,699a6691ad69da16eda46f9a76eda3699a06edbb681a7695bb6e5ac691b969da16e9b96edbb6f1a5,66d,c0f02c0f02c0b02c0b02c0b02c0b02c0b02c0b02c0b02c0b06c1b4fd3b4ec2b02c0b02c0b02c0b02,5a0,9d26d992649b6719aa6f9c6719c2679c26c99e679ae6e9ce719c66d9be6d9c66e9ae709a66c9c26d,521515515c5014b52d4b55d405214955d46525545595055944521405395655d5550d48575415354f,1,1,1,1
701,701,0,756,556,699a6691ad69da16eda46f9a76eda3699a06edbb681a7695bb6e5ac691b969da16e9b96edbb6f1a5,677,c0f02c0f02c0b02c0b02c0b02c0b02c0b02c0b02c0b02c0b06c1b4fd3b4ec2b02c0b02c0b02c0b02,5bb,9d26d992649b6719b66f9c6719c2679c26c992679ae719c26e9c26a9be6d9ba6e9ae7199a6c9ce6a,521515515c5014b52d4b55d405214955d46525545595055944521405395655d5550d48575415354f,1,1,1,1
702,702,0,751,54b,699a6691ad69da16eda46f9a76eda3699a06edbb681a7695bb6e5ac691b969da16e9b96edbb6f1a5,665,c0f02c0f02c0b02c0b02c0b02c0b02c0b02c0b02c0b02c0b06c1b4fd3b4ec2b02c0b02c0b02c0b02,5ba,9d26d992649b6719b66f9c6719c2679c26c992679ae719c26e9c26a9be6d9ba6e9ae7199a6c9ce6a,521515515c5014b52d4b55d405214955d46525545595055944521405395655d5550d48575415354f,1,1,1,1
703,703,0,34c,554,699a6691ad69da16eda46f9a76eda3699a06edbb681a7695bb6e5ac691b969da16e9b96edbb6f1a5,66d,c0f02c0f02c0b02c0b02c0b02c0b02c0b02c0b02c0b02c0b06c1b4fd3b4ec2b02c0b02c0b02c0b02,1a0,9d26d992649b6719b66f9c6719c2679c26c992679ae719c26e9c26a9be6d9ba6e9ae7199a6c9ce6a,521515515c5014b52d4b55d405214955d46525545595055944521405395655d5550d48575415354f,1,1,1,1
704,704,0,34c,156,699a6691ad69da16eda46f9a76eda3699a06edbb681a7695bb6e5ac691b969da16e9b96edbb6f1a5,66e,c0f02c0f02c0b02c0b02c0b02c0b02c0b02c0b02c0b02c0b06c1b4fd3b4ec2b02c0b02c0b02c0b02,1a7,9d26d992649b6719b66f9c6719c2679c26c992679ae719c26e9c26a9be6d9ba6e9ae7199a6c9ce6a,521515515c5014b52d4b55d405214955d46525545595055944521405395655d5550d48575415354f,1,1,1,1
705,705,0,348,152,699a6691ad69da16eda46f9a76eda3699a06edbb681a7695bb6e5ac691b969da16e9b96edbb6f1a5,66d,c0f02c0f02c0b02c0b02c0b02c0b02c0b02c0b02c0b02c0b06c1b4fd3b4ec2b02c0b02c0b02c0b02,1a5,9d26d992649b6719b66f9c6719c2679c26c992679ae719c26e9c26a9be6d9ba6e9ae7199a6c9ce6a,521515515c5014b52d4b55d405214955d46525545595055944521405395655d5550d48575415354f,1,1,1,1
706,706,0,357,154,699a6691ad69da16eda46f9a76eda3699a06edbb681a7695bb6e5ac691b969da16e9b96edbb6f1a5,66c,c0f02c0f02c0b02c0b02c0b02c0b02c0b02c0b02c0b02c0b06c1b4fd3b4ec2b02c0b02c0b02c0b02,1bb,9d26d992649b6719b66f9c6719c2679c26c992679ae719c26e9c26a9be6d9ba6e9ae7199a6c9ce6a,521515515c5014b52d4b55d405214955d46525545595055944521405395655d5550d48575415354f,1,1,1,1
707,707,0,356,156,699a6691ad69da16eda46f9a76eda3699a06edbb681a7695bb6e5ac691b969da16e9b96edbb6f1a5,675,c0f02c0f02c0b02c0b02c0b02c0b02c0b02c0b02c0b02c0b06c1b4fd3b4ec2b02c0b02c0b02c0b02,1b9,9d26d992649b6719b66f9c6719c2679c26c992679ae719c26e9c26a9be6d9ba6e9ae7199a6c9ce6a,521515515c5014b52d4b55d405214955d46525545595055944521405395655d5550d48575415354f,1,1,1,1
708,708,0,34d,148,699a6691ad69da16eda46f9a76eda3699a06edbb681a7695bb6e5ac691b969da16e9b96edbb6f1a5,66a,c0f02c0f02c0b02c0b02c0b02c0b02c0b02c0b02c0b02c0b06c1b4fd3b4ec2b02c0b02c0b02c0b02,1ac,9d26d992649b6719b66f9c6719c2679c26c992679ae719c26e9c26a9be6d9ba6e9ae7199a6c9ce6a,521515515c5014b52d4b55d405214955d46525545595055944521405395655d5550d48575415354f,1,1,1,1
709,709,0,34f,150,699a6691ad69da16eda46f9a76eda3699a06edbb681a7695bb6e5ac691b969da16e9b96edbb6f1a5,674,c0f02c0f02c0b02c0b02c0b02c0b02c0b02c0b02c0b02c0b06c1b4fd3b4ec2b02c0b02c0b02c0b02,1a4,9d26d992649b6719b66f9c6719c2679c26c992679ae719c26e9c26a9be6d9ba6e9ae7199a6c9ce6a,521515515c5014b52d4b55d405214955d46525545595055944521405395655d5550d48575415354f,1,1,1,1
710,710,0,34c,149,699a6691ad69da16eda46f9a76eda3699a06edbb681a7695bb6e5ac691b969da16e9b96edbb6f1a5,660,c0f02c0f02c0b02c0b02c0b02c0b02c0b02c0b02c0b02c0b06c1b4fd3b4ec2b02c0b02c0b02c0b02,1be,9d26d992649b6719b66f9c6719c2679c26c992679ae719c26e9c26a9be6d9ba6e9ae7199a6c9ce6a,521515515c5014b52d4b55d405214955d46525545595055944521405395655d5550d48575415354f,1,1,1,1
711,711,0,348,156,699a6691ad69da16eda46f9a76eda3699a06edbb681a7695bb6e5ac691b969da16e9b96edbb6f1a5,677,c0f02c0f02c0b02c0b02c0b02c0b02c0b02c0b02c0b02c0b06c1b4fd3b4ec2b02c0b02c0b02c0b02,1a4,9d26d992649b6719b66f9c6719c2679c26c992679ae719c26e9c26a9be6d9ba6e9ae7199a6c9ce6a,521515515c5014b52d4b55d405214955d46525545595055944521405395655d5550d48575415354f,1,1,1,1
712,712,0,352,155,699a6691ad69da16eda46f9a76eda3699a06edbb681a7695bb6e5ac691b969da16e9b96edbb6f1a5,668,c0f02c0f02c0b02c0b02c0b02c0b02c0b02c0b02c0b02c0b06c1b4fd3b4ec2b02c0b02c0b02c0b02,1a1,9d26d992649b6719b66f9c6719c2679c26c992679ae719c26e9c26a9be6d9ba6e9ae7199a6c9ce6a,521515515c5014b52d4b55d405214955d46525545595055944521405395655d5550d48575415354f,1,1,1,1
713,713,0,350,156,699a6691ad69da16eda46f9a76eda3699a06edbb681a7695bb6e5ac691b969da16e9b96edbb6f1a5,677,c0f02c0f02c0b02c0b02c0b02c0b02c0b02c0b02c0b02c0b06c1b4fd3b4ec2b02c0b02c0b02c0b02,1a5,9d26d992649b6719b66f9c6719c2679c26c992679ae719c26e9c26a9be6d9ba6e9ae7199a6c9ce6a,521515515c5014b52d4b55d405214955d46525545595055944521405395655d5550d48575415354f,1,1,1,1
714,714,0,34a,151,699a6691ad69da16eda46f9a76eda3699a06edbb681a7695bb6e5ac691b969da16e9b96edbb6f1a5,667,c0f02c0f02c0b02c0b02c0b02c0b02c0b02c0b02c0b02c0b06c1b4fd3b4ec2b02c0b02c0b02c0b02,1b9,9d26d992649b6719b66f9c6719c2679c26c992679ae719c26e9c26a9be6d9ba6e9ae7199a6c9ce6a,521515515c5014b52d4b55d405214955d46525545595055944521405395655d5550d48575415354f,1,1,1,1
715,715,0,351,14a,699a6691ad69da16eda46f9a76eda3699a06edbb681a7695bb6e5ac691b969da16e9b96edbb6f1a5,66f,c0f02c0f02c0b02c0b02c0b02c0b02c0b02c0b02c0b02c0b06c1b4fd3b4ec2b02c0b02c0b02c0b02,1ba,9d26d992649b6719b66f9c6719c2679c26c992679ae719c26e9c26a9be6d9ba6e9ae7199a6c9ce6a,521515515c5014b52d4b55d405214955d46525545595055944521405395655d5550d48575415354f,1,1,1,1
716,716,0,349,15d,699a6691ad69da16eda46f9a76eda3699a06edbb681a7695bb6e5ac691b969da16e9b96edbb6f1a5,271,c0f02c0f02c0b02c0b02c0b02c0b02c0b02c0b02c0b02c0b06c1b4fd3b4ec2b02c0b02c0b02c0b02,1b9,9d26d992649b6719b66f9c6719c2679c26c992679ae719c26e9c26a9be6d9ba6e9ae7199a6c9ce6a,521515515c5014b52d4b55d405214955d46525545595055944521405395655d5550d48575415354f,1,1,1,1
717,717,0,35a,156,699a6691ad69da16eda46f9a76eda3699a06edbb681a7695bb6e5ac691b969da16e9b96edbb6f1a5,273,c0f02c0f02c0b02c0b02c0b02c0b02c0b02c0b02c0b02c0b06c1b4fd3b4ec2b02c0b02c0b02c0b02,1b9,9d26d992649b6719b66f9c6719c2679c26c992679ae719c26e9c26a9be6d9ba6e9ae7199a6c9ce6a,521515515c5014b52d4b55d405214955d46525545595055944521405395655d5550d48575415354f,1,1,1,1
718,718,0,34b,14f,699a6691ad69da16eda46f9a76eda3699a06edbb681a7695bb6e5ac691b969da16e9b96edbb6f1a5,26b,c0f02c0f02c0b02c0b02c0b02c0b02c0b02c0b02c0b02c0b06c1b4fd3b4ec2b02c0b02c0b02c0b02,1a5,9d26d992649b6719b66f9c6719c2679c26c992679ae719c26e9c26a9be6d9ba6e9ae7199a6c9ce6a,521515515c5014b52d4b55d405214955d46525545595055944521405395655d5550d48575415354f,1,1,1,1
719,719,0,750,15c,699a6691ad69da16eda46f9a76eda3699a06edbb681a7695bb6e5ac691b969da16e9b96edbb6f1a5,274,c0f02c0f02c0b02c0b02c0b02c0b02c0b02c0b02c0b02c0b06c1b4fd3b4ec2b02c0b02c0b02c0b02,5a1,9d26d992649b6719b66f9c6719c2679c26c992679ae719c26e9c26a9be6d9ba6e9ae7199a6c9ce6a,521515515c5014b52d4b55d405214955d46525545595055944521405395655d5550d48575415354f,1,1,1,1
720,720,0,756,54b,699a6691ad69da66eda46fda76eda0685a06edba681a7695bb6e5ac691bc691a1695b96e9bb6e5a5,269,c0f02c0f02c0b02c0b02c0b02c0b02c0b02c0b02c0b02c0b06c1b4fd3f4ec2b02c0b02c0b02c0b02,5a6,9d26d992649b6719b66f9c6719c2679c26c992679ae719c26e9c26a9be6d9ba6e9ae7199a6c9ce6a,521515515c5014b52d4b55d405214955d46525545595055944521405395655d5550d48575415354f,1,1,1,1
721,721,0,751,551,699a6691ad69da66eda46fda76eda0685a06edba681a7695bb6e5ac691bc691a1695b96e9bb6e5a5,26f,c0f02c0f02c0b02c0b02c0b02c0b02c0b02c0b02c0b02c0b06c1b4fd3f4ec2b02c0b02c0b02c0b02,5a4,9d26d992649b6719b66f9c6719c2679c26c992679ae719c26e9c26a9be6d9ba6e9ae7199a6c9ce6a,521515515d50d4a52d4b55d405294c559465255455950559445214052d5455d5450d4857d465354c,1,1,1,1
722,722,0,752,555,699a6691ad69da66eda46fda76eda0685a06edba681a7695bb6e5ac691bc691a1695b96e9bb6e5a5,26d,c0f02c0f02c0b02c0b02c0b02c0b02c0b02c0b02c0b02c0b06c1b4fd3f4ec2b02c0b02c0b02c0b02,5ad,9d26d992649b6719b66f9c6719c2679c26c992679ae719c26e9c26a9be6d9ba6e9ae7199a6c9ce6a,521515515d50d4a52d4b55d405294c559465255455950559445214052d5455d5450d4857d465354c,1,1,1,1
723,723,0,74f,55d,699a6691ad69da66eda46fda76eda0685a06edba681a7695bb6e5ac691bc691a1695b96e9bb6e5a5,26e,c0f02c0f02c0b02c0b02c0b02c0b02c0b02c0b02c0b02c0b06c1b4fd3f4ec2b02c0b02c0b02c0b02,5a6,9d26d992649b6719b66f9c6719c2679c26c992679ae719c26e9c26a9be6d9ba6e9ae7199a6c9ce6a,521515515d50d4a52d4b55d405294c559465255455950559445214052d5455d5450d4857d465354c,1,1,1,1
724,724,0,74f,553,699a6691ad69da66eda46fda76eda0685a06edba681a7695bb6e5ac691bc691a1695b96e9bb6e5a5,26e,c0f02c0f02c0b02c0b02c0b02c0b02c0b02c0b02c0b02c0b06c1b4fd3f4ec2b02c0b02c0b02c0b02,5a6,9d26d992649b6719b66f9c6719c2679c26c992679ae719c26e9c26a9be6d9ba6e9ae7199a6c9ce6a,521515515d50d4a52d4b55d405294c559465255455950559445214052d5455d5450d4857d465354c,1,1,1,1
725,725,0,750,54b,699a6691ad69da66eda46fda76eda0685a06edba681a7695bb6e5ac691bc691a1695b96e9bb6e5a5,26f,c0f02c0f02c0b02c0b02c0b02c0b02c0b02c0b02c0b02c0b06c1b4fd3f4ec2b02c0b02c0b02c0b02,5bb,9d26d992649b6719b66f9c6719c2679c26c992679ae719c26e9c26a9be6d9ba6e9ae7199a6c9ce6a,521515515d50d4a52d4b55d405294c559465255455950559445214052d5455d5450d4857d465354c,1,1,1,1
726,726,0,74c,54b,699a6691ad69da66eda46fda76eda0685a06edba681a7695bb6e5ac691bc691a1695b96e9bb6e5a5,270,c0f02c0f02c0b02c0b02c0b02c0b02c0b02c0b02c0b02c0b06c1b4fd3f4ec2b02c0b02c0b02c0b02,5a4,9d26d992649b6719b66f9c6719c2679c26c992679ae719c26e9c26a9be6d9ba6e9ae7199a6c9ce6a,521515515d50d4a52d4b55d405294c559465255455950559445214052d5455d5450d4857d465354c,1,1,1,1
727,727,0,756,54b,699a6691ad69da66eda46fda76eda0685a06edba681a7695bb6e5ac691bc691a1695b96e9bb6e5a5,269,c0f02c0f02c0b02c0b02c0b02c0b02c0b02c0b02c0b02c0b06c1b4fd3f4ec2b02c0b02c0b02c0b02,5bf,9d26d992649b6719b66f9c6719c2679c26c992679ae719c26e9c26a9be6d9ba6e9ae7199a6c9ce6a,521515515d50d4a52d4b55d405294c559465255455950559445214052d5455d5450d4857d465354c,1,1,1,1
728,728,0,75a,557,699a6691ad69da66eda46fda76eda0685a06edba681a7695bb6e5ac691bc691a1695b96e9bb6e5a5,26b,c0f02c0f02c0b02c0b02c0b02c0b02c0b02c0b02c0b02c0b06c1b4fd3f4ec2b02c0b02c0b02c0b02,5a7,9d26d992649b6719b66f9c6719c2679c26c992679ae719c26e9c26a9be6d9ba6e9ae7199a6c9ce6a,521515515d50d4a52d4b55d405294c559465255455950559445214052d5455d5450d4857d465354c,1,1,1,1
729,729,0,754,552,699a6691ad69da66eda46fda76eda0685a06edba681a7695bb6e5ac691bc691a1695b96e9bb6e5a5,277,c0f02c0f02c0b02c0b02c0b02c0b02c0b02c0b02c0b02c0b06c1b4fd3f4ec2b02c0b02c0b02c0b02,5bb,9d26d992649b6719b66f9c6719c2679c26c992679ae719c26e9c26a9be6d9ba6e9ae7199a6c9ce6a,521515515d50d4a52d4b55d405294c559465255455950559445214052d5455d5450d4857d465354c,1,1,1,1
730,730,0,74c,548,699a6691ad69da66eda46fda76eda0685a06edba681a7695bb6e5ac691bc691a1695b96e9bb6e5a5,26a,c0f02c0f02c0b02c0b02c0b02c0b02c0b02c0b02c0b02c0b06c1b4fd3f4ec2b02c0b02c0b02c0b02,5a3,9d26d992649b6719b66f9c6719c2679c26c992679ae719c26e9c26a9be6d9ba6e9ae7199a6c9ce6a,521515515d50d4a52d4b55d405294c559465255455950559445214052d5455d5450d4857d465354c,1,1,1,1
731,731,0,753,549,699a6691ad69da66eda46fda76eda0685a06edba681a7695bb6e5ac691bc691a1695b96e9bb6e5a5,271,c0f02c0f02c0b02c0b02c0b02c0b02c0b02c0b02c0b02c0b06c1b4fd3f4ec2b02c0b02c0b02c0b02,5a6,9d26d992649b6719b66f9c6719c2679c26c992679ae719c26e9c26a9be6d9ba6e9ae7199a6c9ce6a,521515515d50d4a52d4b55d405294c559465255455950559445214052d5455d5450d4857d465354c,1,1,1,1
732,732,0,752,557,699a6691ad69da66eda46fda76eda0685a06edba681a7695bb6e5ac691bc691a1695b96e9bb6e5a5,66d,c0f02c0f02c0b02c0b02c0b02c0b02c0b02c0b02c0b02c0b06c1b4fd3f4ec2b02c0b02c0b02c0b02,5a0,9d26d992649b6719b66f9c6719c2679c26c992679ae719c26e9c26a9be6d9ba6e9ae7199a6c9ce6a,521515515d50d4a52d4b55d405294c559465255455950559445214052d5455d5450d4857d465354c,1,1,1,1
733,733,0,756,556,699a6691ad69da66eda46fda76eda0685a06edba681a7695bb6e5ac691bc691a1695b96e9bb6e5a5,677,c0f02c0f02c0b02c0b02c0b02c0b02c0b02c0b02c0b02c0b06c1b4fd3f4ec2b02c0b02c0b02c0b02,5ba,9d26d99e659b66e9b66c9c66e982649ce6c99e679ae719ce6f9c26d9be6d9ba6e9ae709a66f9ce6a,521515515d50d4a52d4b55d405294c559465255455950559445214052d5455d5450d4857d465354c,1,1,1,1
734,734,0,751,54a,699a6691ad69da66eda46fda76eda0685a06edba681a7695bb6e5ac691bc691a1695b96e9bb6e5a5,665,c0f02c0f02c0b02c0b02c0b02c0b02c0b02c0b02c0b02c0b06c1b4fd3f4ec2b02c0b02c0b02c0b02,5b8,9d26d99e659b66e9b66c9c66e982649ce6c99e679ae719ce6f9c26d9be6d9ba6e9ae709a66f9ce6a,521515515d50d4a52d4b55d405294c559465255455950559445214052d5455d5450d4857d465354c,1,1,1,1
735,735,0,34c,554,699a6691ad69da66eda46fda76eda0685a06edba681a7695bb6e5ac691bc691a1695b96e9bb6e5a5,66d,c0f02c0f02c0b02c0b02c0b02c0b02c0b02c0b02c0b02c0b06c1b4fd3f4ec2b02c0b02c0b02c0b02,1a0,9d26d99e659b66e9b66c9c66e982649ce6c99e679ae719ce6f9c26d9be6d9ba6e9ae709a66f9ce6a,521515515d50d4a52d4b55d405294c559465255455950559445214052d5455d5450d4857d465354c,1,1,1,1
736,736,0,34c,157,699a6691ad69da66eda46fda76eda0685a06edba681a7695bb6e5ac691bc691a1695b96e9bb6e5a5,675,c0f02c0f02c0b02c0b02c0b02c0b02c0b02c0b02c0b02c0b06c1b4fd3f4ec2b02c0b02c0b02c0b02,1a4,9d26d99e659b66e9b66c9c66e982649ce6c99e679ae719ce6f9c26d9be6d9ba6e9ae709a66f9ce6a,521515515d50d4a52d4b55d405294c559465255455950559445214052d5455d5450d4857d465354c,1,1,1,1
737,737,0,348,152,699a6691ad69da66eda46fda76eda0685a06edba681a7695bb6e5ac691bc691a1695b96e9bb6e5a5,669,c0f02c0f02c0b02c0b02c0b02c0b02c0b02c0b02c0b02c0b06c1b4fd3f4ec2b02c0b02c0b02c0b02,1a5,9d26d99e659b66e9b66c9c66e982649ce6c99e679ae719ce6f9c26d9be6d9ba6e9ae709a66f9ce6a,521515515d50d4a52d4b55d405294c559465255455950559445214052d5455d5450d4857d465354c,1,1,1,1
738,738,0,357,157,699a6691ad69da66eda46fda76eda0685a06edba681a7695bb6e5ac691bc691a1695b96e9bb6e5a5,66f,c0f02c0f02c0b02c0b02c0b02c0b02c0b02c0b02c0b02c0b06c1b4fd3f4ec2b02c0b02c0b02c0b02,1bb,9d26d99e659b66e9b66c9c66e982649ce6c99e679ae719ce6f9c26d9be6d9ba6e9ae709a66f9ce6a,521515515d50d4a52d4b55d405294c559465255455950559445214052d5455d5450d4857d465354c,1,1,1,1
739,739,0,357,156,699a6691ad69da66eda46fda76eda0685a06edba681a7695bb6e5ac691bc691a1695b96e9bb6e5a5,675,c0f02c0f02c0b02c0b02c0b02c0b02c0b02c0b02c0b02c0b06c1b4fd3f4ec2b02c0b02c0b02c0b02,1b9,9d26d99e659b66e9b66c9c66e982649ce6c99e679ae719ce6f9c26d9be6d9ba6e9ae709a66f9ce6a,521515515d50d4a52d4b55d405294c559465255455950559445214052d5455d5450d4857d465354c,1,1,1,1
740,740,0,34d,148,699a6691ad69da66eda46fda76eda0685a06edba681a7695bb6e5ac691bc691a1695b96e9bb6e5a5,66b,c0f02c0f02c0b02c0b02c0b02c0b02c0b02c0b02c0b02c0b06c1b4fd3f4ec2b02c0b02c0b02c0b02,1ac,9d26d99e659b66e9b66c9c66e982649ce6c99e679ae719ce6f9c26d9be6d9ba6e9ae709a66f9ce6a,521515515d50d4a52d4b55d405294c559465255455950559445214052d5455d5450d4857d465354c,1,1,1,1
741,741,0,34f,150,699a6691ad69da66eda46fda76eda0685a06edba681a7695bb6e5ac691bc691a1695b96e9bb6e5a5,674,c0f02c0f02c0b02c0b02c0b02c0b02c0b02c0b02c0b02c0b06c1b4fd3f4ec2b02c0b02c0b02c0b02,1a4,9d26d99e659b66e9b66c9c66e982649ce6c99e679ae719ce6f9c26d9be6d9ba6e9ae709a66f9ce6a,521515515d50d4a52d4b55d405294c559465255455950559445214052d5455d5450d4857d465354c,1,1,1,1
742,742,0,34c,149,699a6691ad69da66eda46fda76eda0685a06edba681a7695bb6e5ac691bc691a1695b96e9bb6e5a5,660,c0f02c0f02c0b02c0b02c0b02c0b02c0b02c0b02c0b02c0b06c1b4fd3f4ec2b02c0b02c0b02c0b02,1b9,9d26d99e659b66e9b66c9c66e982649ce6c99e679ae719ce6f9c26d9be6d9ba6e9ae709a66f9ce6a,521515515d50d4a52d4b55d405294c559465255455950559445214052d5455d5450d4857d465354c,1,1,1,1
743,743,0,348,156,699a6691ad69da66eda46fda76eda0685a06edba681a7695bb6e5ac691bc691a1695b96e9bb6e5a5,674,c0f02c0f02c0b02c0b02c0b02c0b02c0b02c0b02c0b02c0b06c1b4fd3f4ec2b02c0b02c0b02c0b02,1a4,9d26d99e659b66e9b66c9c66e982649ce6c99e679ae719ce6f9c26d9be6d9ba6e9ae709a66f9ce6a,521515515d50d4a52d4b55d405294c559465255455950559445214052d5455d5450d4857d465354c,1,1,1,1
744,744,0,352,154,699a6691ad69da66eda46fda76eda0685a06edba681a7695bb6e5ac691bc691a1695b96e9bb6e5a5,668,c0f02c0f02c0b02c0b02c0b02c0b02c0b02c0b02c0b02c0b06c1b4fd3f4ec2b02c0b02c0b02c0b02,1a1,9d26d99e659b66e9b66c9c66e982649ce6c99e679ae719ce6f9c26d9be6d9ba6e9ae709a66f9ce6a,521515515d50d4a52d4b55d405294c559465255455950559445214052d5455d5450d4857d465354c,1,1,1,1
745,745,0,350,156,699a6691ad69da66eda46fda76eda0685a06edba681a7695bb6e5ac691bc691a1695b96e9bb6e5a5,677,c0f02c0f02c0b02c0b02c0b02c0b02c0b02c0b02c0b02c0b06c1b4fd3f4ec2b02c0b02c0b02c0b02,1a5,9d26d99e659b66e9b66c9c66e982649ce6c99e679ae719ce6f9c26d9be6d9ba6e9ae709a66f9ce6a,521515515d50d4a52d4b55d405294c559465255455950559445214052d5455d5450d4857d465354c,1,1,1,1
746,746,0,34a,156,699a6691ad69da66eda46fda76eda0685a06edba681a7695bb6e5ac691bc691a1695b96e9bb6e5a5,664,c0f02c0f02c0b02c0b02c0b02c0b02c0b02c0b02c0b02c0b06c1b4fd3f4ec2b02c0b02c0b02c0b02,1b9,9d26d99e659b66e9b66c9c66e982649ce6c99e679ae719ce6f9c26d9be6d9ba6e9ae709a66f9ce6a,521515515d50d4a52d4b55d405294c559465255455950559445214052d5455d5450d4857d465354c,1,1,1,1
747,747,0,351,14a,699a6691ad69da66eda46fda76eda0685a06edba681a7695bb6e5ac691bc691a1695b96e9bb6e5a5,66c,c0f02c0f02c0b02c0b02c0b02c0b02c0b02c0b02c0b02c0b06c1b4fd3f4ec2b02c0b02c0b02c0b02,1ba,9d26d99e659b66e9b66c9c66e982649ce6c99e679ae719ce6f9c26d9be6d9ba6e9ae709a66f9ce6a,521515515d50d4a52d4b55d405294c559465255455950559445214052d5455d5450d4857d465354c,1,1,1,1
748,748,0,349,15d,699a6691ad69da66eda46fda76eda0685a06edba681a7695bb6e5ac691bc691a1695b96e9bb6e5a5,26a,c0f02c0f02c0b02c0b02c0b02c0b02c0b02c0b02c0b02c0b06c1b4fd3f4ec2b02c0b02c0b02c0b02,1b9,9d26d99e659b66e9b66c9c66e982649ce6c99e679ae719ce6f9c26d9be6d9ba6e9ae709a66f9ce6a,521515515d50d4a52d4b55d405294c559465255455950559445214052d5455d5450d4857d465354c,1,1,1,1
749,749,0,355,151,699a6691ad69da66eda46fda76eda0685a06edba681a7695bb6e5ac691bc691a1695b96e9bb6e5a5,277,c0f02c0f02c0b02c0b02c0b02c0b02c0b02c0b02c0b02c0b06c1b4fd3f4ec2b02c0b02c0b02c0b02,1b9,9d26d99e659b66e9b66c9c66e982649ce6c99e679ae719ce6f9c26d9be6d9ba6e9ae709a66f9ce6a,521515515d50d4a52d4b55d405294c559465255455950559445214052d5455d5450d4857d465354c,1,1,1,1
750,750,0,34b,14f,699a6691ad69da66eda46fda76eda0685a06edba681a7695bb6e5ac691bc691a1695b96e9bb6e5a5,26a,c0f02c0f02c0b02c0b02c0b02c0b02c0b02c0b02c0b02c0b06c1b4fd3f4ec2b02c0b02c0b02c0b02,1a5,9d26d99e659b66e9b66c9c66e982649ce6c99e679ae719ce6f9c26d9be6d9ba6e9ae709a66f9ce6a,521515515d50d4a52d4b55d405294c559465255455950559445214052d5455d5450d4857d465354c,1,1,1,1
751,751,0,753,15c,699a6691ad69da66eda46fda76eda0685a06edba681a7695bb6e5ac691bc691a1695b96e9bb6e5a5,274,c0f02c0f02c0b02c0b02c0b02c0b02c0b02c0b02c0b02c0b06c1b4fd3f4ec2b02c0b02c0b02c0b02,5a1,9d26d99e659b66e9b66c9c66e982649ce6c99e679ae719ce6f9c26d9be6d9ba6e9ae709a66f9ce6a,521515515d50d4a52d4b55d405294c559465255455950559445214052d5455d5450d4857d465354c,1,1,1,1
752,752,0,756,54b,685a6691ad699a66eda46fda76eda3699a06e9b8681a4695bb6e5ac691b9691a1695b96e9bb6e5a5,269,c0f02c0f02c0b02c0b02c0b02c0b02c0b02c0b02c0b02c0b06c1f4fd3f4ec2b02c0b02c0b02c0b02,5a6,9d26d99e659b66e9b66c9c66e982649ce6c99e679ae719ce6f9c26d9be6d9ba6e9ae709a66f9ce6a,521515515d50d4a52d4b55d405294c559465255455950559445214052d5455d5450d4857d465354c,1,1,1,1
753,753,0,751,551,685a6691ad699a66eda46fda76eda3699a06e9b8681a4695bb6e5ac691b9691a1695b96e9bb6e5a5,26f,c0f02c0f02c0b02c0b02c0b02c0b02c0b02c0b02c0b02c0b06c1f4fd3f4ec2b02c0b02c0b02c0b02,5a7,9d26d99e659b66e9b66c9c66e982649ce6c99e679ae719ce6f9c26d9be6d9ba6e9ae709a66f9ce6a,525515555d50d4b52d4b55d405214955d465215455d5255d545214052d545595651948575415354c,1,1,1,1
754,754,0,752,555,685a6691ad699a66eda46fda76eda3699a06e9b8681a4695bb6e5ac691b9691a1695b96e9bb6e5a5,26d,c0f02c0f02c0b02c0b02c0b02c0b02c0b02c0b02c0b02c0b06c1f4fd3f4ec2b02c0b02c0b02c0b02,5ad,9d26d99e659b66e9b66c9c66e982649ce6c99e679ae719ce6f9c26d9be6d9ba6e9ae709a66f9ce6a,525515555d50d4b52d4b55d405214955d465215455d5255d545214052d545595651948575415354c,1,1,1,1
755,755,0,74f,55d,685a6691ad699a66eda46fda76eda3699a06e9b8681a4695bb6e5ac691b9691a1695b96e9bb6e5a5,26e,c0f02c0f02c0b02c0b02c0b02c0b02c0b02c0b02c0b02c0b06c1f4fd3f4ec2b02c0b02c0b02c0b02,5a7,9d26d99e659b66e9b66c9c66e982649ce6c99e679ae719ce6f9c26d9be6d9ba6e9ae709a66f9ce6a,525515555d50d4b52d4b55d405214955d465215455d5255d545214052d545595651948575415354c,1,1,1,1
756,756,0,74e,550,685a6691ad699a66eda46fda76eda3699a06e9b8681a4695bb6e5ac691b9691a1695b96e9bb6e5a5,26e,c0f02c0f02c0b02c0b02c0b02c0b02c0b02c0b02c0b02c0b06c1f4fd3f4ec2b02c0b02c0b02c0b02,5a6,9d26d99e659b66e9b66c9c66e982649ce6c99e679ae719ce6f9c26d9be6d9ba6e9ae709a66f9ce6a,525515555d50d4b52d4b55d405214955d465215455d5255d545214052d545595651948575415354c,1,1,1,1
757,757,0,750,548,685a6691ad699a66eda46fda76eda3699a06e9b8681a4695bb6e5ac691b9691a1695b96e9bb6e5a5,26f,c0f02c0f02c0b02c0b02c0b02c0b02c0b02c0b02c0b02c0b06c1f4fd3f4ec2b02c0b02c0b02c0b02,5ba,9d26d99e659b66e9b66c9c66e982649ce6c99e679ae719ce6f9c26d9be6d9ba6e9ae709a66f9ce6a,525515555d50d4b52d4b55d405214955d465215455d5255d545214052d545595651948575415354c,1,1,1,1
758,758,0,74c,54b,685a6691ad699a66eda46fda76eda3699a06e9b8681a4695bb6e5ac691b9691a1695b96e9bb6e5a5,270,c0f02c0f02c0b02c0b02c0b02c0b02c0b02c0b02c0b02c0b06c1f4fd3f4ec2b02c0b02c0b02c0b02,5a4,9d26d99e659b66e9b66c9c66e982649ce6c99e679ae719ce6f9c26d9be6d9ba6e9ae709a66f9ce6a,525515555d50d4b52d4b55d405214955d465215455d5255d545214052d545595651948575415354c,1,1,1,1
759,759,0,756,54b,685a6691ad699a66eda46fda76eda3699a06e9b8681a4695bb6e5ac691b9691a1695b96e9bb6e5a5,269,c0f02c0f02c0b02c0b02c0b02c0b02c0b02c0b02c0b02c0b06c1f4fd3f4ec2b02c0b02c0b02c0b02,5bc,9d26d99e659b66e9b66c9c66e982649ce6c99e679ae719ce6f9c26d9be6d9ba6e9ae709a66f9ce6a,525515555d50d4b52d4b55d405214955d465215455d5255d545214052d545595651948575415354c,1,1,1,1
760,760,0,75a,556,685a6691ad699a66eda46fda76eda3699a06e9b8681a4695bb6e5ac691b9691a1695b96e9bb6e5a5,268,c0f02c0f02c0b02c0b02c0b02c0b02c0b02c0b02c0b02c0b06c1f4fd3f4ec2b02c0b02c0b02c0b02,5a7,9d26d99e659b66e9b66c9c66e982649ce6c99e679ae719ce6f9c26d9be6d9ba6e9ae709a66f9ce6a,525515555d50d4b52d4b55d405214955d465215455d5255d545214052d545595651948575415354c,1,1,1,1
761,761,0,754,552,685a6691ad699a66eda46fda76eda3699a06e9b8681a4695bb6e5ac691b9691a1695b96e9bb6e5a5,274,c0f02c0f02c0b02c0b02c0b02c0b02c0b02c0b02c0b02c0b06c1f4fd3f4ec2b02c0b02c0b02c0b02,5bb,9d26d99e659b66e9b66c9c66e982649ce6c99e679ae719ce6f9c26d9be6d9ba6e9ae709a66f9ce6a,525515555d50d4b52d4b55d405214955d465215455d5255d545214052d545595651948575415354c,1,1,1,1
762,762,0,74c,548,685a6691ad699a66eda46fda76eda3699a06e9b8681a4695bb6e5ac691b9691a1695b96e9bb6e5a5,269,c0f02c0f02c0b02c0b02c0b02c0b02c0b02c0b02c0b02c0b06c1f4fd3f4ec2b02c0b02c0b02c0b02,5a3,9d26d99e659b66e9b66c9c66e982649ce6c99e679ae719ce6f9c26d9be6d9ba6e9ae709a66f9ce6a,525515555d50d4b52d4b55d405214955d465215455d5255d545214052d545595651948575415354c,1,1,1,1
763,763,0,753,549,685a6691ad699a66eda46fda76eda3699a06e9b8681a4695bb6e5ac691b9691a1695b96e9bb6e5a5,274,c0f02c0f02c0b02c0b02c0b02c0b02c0b02c0b02c0b02c0b06c1f4fd3f4ec2b02c0b02c0b02c0b02,5a6,9d26d99e659b66e9b66c9c66e982649ce6c99e679ae719ce6f9c26d9be6d9ba6e9ae709a66f9ce6a,525515555d50d4b52d4b55d405214955d465215455d5255d545214052d545595651948575415354c,1,1,1,1
764,764,0,752,557,685a6691ad699a66eda46fda76eda3699a06e9b8681a4695bb6e5ac691b9691a1695b96e9bb6e5a5,66d,c0f02c0f02c0b02c0b02c0b02c0b02c0b02c0b02c0b02c0b06c1f4fd3f4ec2b02c0b02c0b02c0b02,5a0,9d26d99e659b66e9b66c9c66e982649ce6c99e679ae719ce6f9c26d9be6d9ba6e9ae709a66f9ce6a,525515555d50d4b52d4b55d405214955d465215455d5255d545214052d545595651948575415354c,1,1,1,1
765,765,0,756,557,685a6691ad699a66eda46fda76eda3699a06e9b8681a4695bb6e5ac691b9691a1695b96e9bb6e5a5,677,c0f02c0f02c0b02c0b02c0b02c0b02c0b02c0b02c0b02c0b06c1f4fd3f4ec2b02c0b02c0b02c0b02,5ba,9d66d99e659b6719b66f9c66e982649c26c9de649a26e9ee6e9c26d9be6d9ba6e9ae709a66c9c26d,525515555d50d4b52d4b55d405214955d465215455d5255d545214052d545595651948575415354c,1,1,1,1
766,766,0,756,54b,685a6691ad699a66eda46fda76eda3699a06e9b8681a4695bb6e5ac691b9691a1695b96e9bb6e5a5,664,c0f02c0f02c0b02c0b02c0b02c0b02c0b02c0b02c0b02c0b06c1f4fd3f4ec2b02c0b02c0b02c0b02,5bb,9d66d99e659b6719b66f9c66e982649c26c9de649a26e9ee6e9c26d9be6d9ba6e9ae709a66c9c26d,525515555d50d4b52d4b55d405214955d465215455d5255d545214052d545595651948575415354c,1,1,1,1
767,767,0,34c,554,685a6691ad699a66eda46fda76eda3699a06e9b8681a4695bb6e5ac691b9691a1695b96e9bb6e5a5,66d,c0f02c0f02c0b02c0b02c0b02c0b02c0b02c0b02c0b02c0b06c1f4fd3f4ec2b02c0b02c0b02c0b02,1a0,9d66d99e659b6719b66f9c66e982649c26c9de649a26e9ee6e9c26d9be6d9ba6e9ae709a66c9c26d,525515555d50d4b52d4b55d405214955d465215455d5255d545214052d545595651948575415354c,1,1,1,1
768,768,0,34c,156,685a6691ad699a66eda46fda76eda3699a06e9b8681a4695bb6e5ac691b9691a1695b96e9bb6e5a5,675,c0f02c0f02c0b02c0b02c0b02c0b02c0b02c0b02c0b02c0b06c1f4fd3f4ec2b02c0b02c0b02c0b02,1a4,9d66d99e659b6719b66f9c66e982649c26c9de649a26e9ee6e9c26d9be6d9ba6e9ae709a66c9c26d,525515555d50d4b52d4b55d405214955d465215455d5255d545214052d545595651948575415354c,1,1,1,1
769,769,0,348,152,685a6691ad699a66eda46fda76eda3699a06e9b8681a4695bb6e5ac691b9691a1695b96e9bb6e5a5,669,c0f02c0f02c0b02c0b02c0b02c0b02c0b02c0b02c0b02c0b06c1f4fd3f4ec2b02c0b02c0b02c0b02,1a5,9d66d99e659b6719b66f9c66e982649c26c9de649a26e9ee6e9c26d9be6d9ba6e9ae709a66c9c26d,525515555d50d4b52d4b55d405214955d465215455d5255d545214052d545595651948575415354c,1,1,1,1
770,770,0,357,157,685a6691ad699a66eda46fda76eda3699a06e9b8681a4695bb6e5ac691b9691a1695b96e9bb6e5a5,66f,c0f02c0f02c0b02c0b02c0b02c0b02c0b02c0b02c0b02c0b06c1f4fd3f4ec2b02c0b02c0b02c0b02,1bb,9d66d99e659b6719b66f9c66e982649c26c9de649a26e9ee6e9c26d9be6d9ba6e9ae709a66c9c26d,525515555d50d4b52d4b55d405214955d465215455d5255d545214052d545595651948575415354c,1,1,1,1
771,771,0,356,156,685a6691ad699a66eda46fda76eda3699a06e9b8681a4695bb6e5ac691b9691a1695b96e9bb6e5a5,675,c0f02c0f02c0b02c0b02c0b02c0b02c0b02c0b02c0b02c0b06c1f4fd3f4ec2b02c0b02c0b02c0b02,1b8,9d66d99e659b6719b66f9c66e982649c26c9de649a26e9ee6e9c26d9be6d9ba6e9ae709a66c9c26d,525515555d50d4b52d4b55d405214955d465215455d5255d545214052d545595651948575415354c,1,1,1,1
772,772,0,34d,148,685a6691ad699a66eda46fda76eda3699a06e9b8681a4695bb6e5ac691b9691a1695b96e9bb6e5a5,66a,c0f02c0f02c0b02c0b02c0b02c0b02c0b02c0b02c0b02c0b06c1f4fd3f4ec2b02c0b02c0b02c0b02,1ac,9d66d99e659b6719b66f9c66e982649c26c9de649a26e9ee6e9c26d9be6d9ba6e9ae709a66c9c26d,525515555d50d4b52d4b55d405214955d465215455d5255d545214052d545595651948575415354c,1,1,1,1
773,773,0,34e,150,685a6691ad699a66eda46fda76eda3699a06e9b8681a4695bb6e5ac691b9691a1695b96e9bb6e5a5,675,c0f02c0f02c0b02c0b02c0b02c0b02c0b02c0b02c0b02c0b06c1f4fd3f4ec2b02c0b02c0b02c0b02,1a5,9d66d99e659b6719b66f9c66e982649c26c9de649a26e9ee6e9c26d9be6d9ba6e9ae709a66c9c26d,525515555d50d4b52d4b55d405214955d465215455d5255d545214052d545595651948575415354c,1,1,1,1
774,774,0,34c,149,685a6691ad699a66eda46fda76eda3699a06e9b8681a4695bb6e5ac691b9691a1695b96e9bb6e5a5,663,c0f02c0f02c0b02c0b02c0b02c0b02c0b02c0b02c0b02c0b06c1f4fd3f4ec2b02c0b02c0b02c0b02,1b9,9d66d99e659b6719b66f9c66e982649c26c9de649a26e9ee6e9c26d9be6d9ba6e9ae709a66c9c26d,525515555d50d4b52d4b55d405214955d465215455d5255d545214052d545595651948575415354c,1,1,1,1
775,775,0,349,156,685a6691ad699a66eda46fda76eda3699a06e9b8681a4695bb6e5ac691b9691a1695b96e9bb6e5a5,677,c0f02c0f02c0b02c0b02c0b02c0b02c0b02c0b02c0b02c0b06c1f4fd3f4ec2b02c0b02c0b02c0b02,1a4,9d66d99e659b6719b66f9c66e982649c26c9de649a26e9ee6e9c26d9be6d9ba6e9ae709a66c9c26d,525515555d50d4b52d4b55d405214955d465215455d5255d545214052d545595651948575415354c,1,1,1,1
776,776,0,352,154,685a6691ad699a66eda46fda76eda3699a06e9b8681a4695bb6e5ac691b9691a1695b96e9bb6e5a5,669,c0f02c0f02c0b02c0b02c0b02c0b02c0b02c0b02c0b02c0b06c1f4fd3f4ec2b02c0b02c0b02c0b02,1a6,9d66d99e659b6719b66f9c66e982649c26c9de649a26e9ee6e9c26d9be6d9ba6e9ae709a66c9c26d,525515555d50d4b52d4b55d405214955d465215455d5255d545214052d545595651948575415354c,1,1,1,1
777,777,0,350,157,685a6691ad699a66eda46fda76eda3699a06e9b8681a4695bb6e5ac691b9691a1695b96e9bb6e5a5,677,c0f02c0f02c0b02c0b02c0b02c0b02c0b02c0b02c0b02c0b06c1f4fd3f4ec2b02c0b02c0b02c0b02,1a5,9d66d99e659b6719b66f9c66e982649c26c9de649a26e9ee6e9c26d9be6d9ba6e9ae709a66c9c26d,525515555d50d4b52d4b55d405214955d465215455d5255d545214052d545595651948575415354c,1,1,1,1
778,778,0,34b,151,685a6691ad699a66eda46fda76eda3699a06e9b8681a4695bb6e5ac691b9691a1695b96e9bb6e5a5,667,c0f02c0f02c0b02c0b02c0b02c0b02c0b02c0b02c0b02c0b06c1f4fd3f4ec2b02c0b02c0b02c0b02,1be,9d66d99e659b6719b66f9c66e982649c26c9de649a26e9ee6e9c26d9be6d9ba6e9ae709a66c9c26d,525515555d50d4b52d4b55d405214955d465215455d5255d545214052d545595651948575415354c,1,1,1,1
779,779,0,350,14a,685a6691ad699a66eda46fda76eda3699a06e9b8681a4695bb6e5ac691b9691a1695b96e9bb6e5a5,66f,c0f02c0f02c0b02c0b02c0b02c0b02c0b02c0b02c0b02c0b06c1f4fd3f4ec2b02c0b02c0b02c0b02,1a5,9d66d99e659b6719b66f9c66e982649c26c9de649a26e9ee6e9c26d9be6d9ba6e9ae709a66c9c26d,525515555d50d4b52d4b55d405214955d465215455d5255d545214052d545595651948575415354c,1,1,1,1
780,780,0,349,15d,685a6691ad699a66eda46fda76eda3699a06e9b8681a4695bb6e5ac691b9691a1695b96e9bb6e5a5,26a,c0f02c0f02c0b02c0b02c0b02c0b02c0b02c0b02c0b02c0b06c1f4fd3f4ec2b02c0b02c0b02c0b02,1b9,9d66d99e659b6719b66f9c66e982649c26c9de649a26e9ee6e9c26d9be6d9ba6e9ae709a66c9c26d,525515555d50d4b52d4b55d405214955d465215455d5255d545214052d545595651948575415354c,1,1,1,1
781,781,0,355,156,685a6691ad699a66eda46fda76eda3699a06e9b8681a4695bb6e5ac691b9691a1695b96e9bb6e5a5,277,c0f02c0f02c0b02c0b02c0b02c0b02c0b02c0b02c0b02c0b06c1f4fd3f4ec2b02c0b02c0b02c0b02,1b9,9d66d99e659b6719b66f9c66e982649c26c9de649a26e9ee6e9c26d9be6d9ba6e9ae709a66c9c26d,525515555d50d4b52d4b55d405214955d465215455d5255d545214052d545595651948575415354c,1,1,1,1
782,782,0,34b,14f,685a6691ad699a66eda46fda76eda3699a06e9b8681a4695bb6e5ac691b9691a1695b96e9bb6e5a5,26a,c0f02c0f02c0b02c0b02c0b02c0b02c0b02c0b02c0b02c0b06c1f4fd3f4ec2b02c0b02c0b02c0b02,1a5,9d66d99e659b6719b66f9c66e982649c26c9de649a26e9ee6e9c26d9be6d9ba6e9ae709a66c9c26d,525515555d50d4b52d4b55d405214955d465215455d5255d545214052d545595651948575415354c,1,1,1,1
783,783,0,753,15d,685a6691ad699a66eda46fda76eda3699a06e9b8681a4695bb6e5ac691b9691a1695b96e9bb6e5a5,275,c0f02c0f02c0b02c0b02c0b02c0b02c0b02c0b02c0b02c0b06c1f4fd3f4ec2b02c0b02c0b02c0b02,5a1,9d66d99e659b6719b66f9c66e982649c26c9de649a26e9ee6e9c26d9be6d9ba6e9ae709a66c9c26d,525515555d50d4b52d4b55d405214955d465215455d5255d545214052d545595651948575415354c,1,1,1,1
784,784,0,756,54a,685a669dad69da66e9a46f1a76eda3699a06e9bb681a4695bb6e1ac695b9691a6695bc69dbb6e5a5,269,c0f02c0f02c0b02c0b02c0b02c0b02c0b02c0b02c0b02c0b06c1b4fd3b4ec2b02c0b02c0b02c0b02,5a6,9d66d99e659b6719b66f9c66e982649c26c9de649a26e9ee6e9c26d9be6d9ba6e9ae709a66c9c26d,525515555d50d4b52d4b55d405214955d465215455d5255d545214052d545595651948575415354c,1,1,1,1
785,785,0,751,551,685a669dad69da66e9a46f1a76eda3699a06e9bb681a4695bb6e1ac695b9691a6695bc69dbb6e5a5,26f,c0f02c0f02c0b02c0b02c0b02c0b02c0b02c0b02c0b02c0b06c1b4fd3b4ec2b02c0b02c0b02c0b02,5a4,9d66d99e659b6719b66f9c66e982649c26c9de649a26e9ee6e9c26d9be6d9ba6e9ae709a66c9c26d,525515555d5014852d4b559405214955d47525545595255d545214052d545595550d4857d465354d,1,1,1,1
786,786,0,752,554,685a669dad69da66e9a46f1a76eda3699a06e9bb681a4695bb6e1ac695b9691a6695bc69dbb6e5a5,26e,c0f02c0f02c0b02c0b02c0b02c0b02c0b02c0b02c0b02c0b06c1b4fd3b4ec2b02c0b02c0b02c0b02,5ad,9d66d99e659b6719b66f9c66e982649c26c9de649a26e9ee6e9c26d9be6d9ba6e9ae709a66c9c26d,525515555d5014852d4b559405214955d47525545595255d545214052d545595550d4857d465354d,1,1,1,1
787,787,0,74f,55d,685a669dad69da66e9a46f1a76eda3699a06e9bb681a4695bb6e1ac695b9691a6695bc69dbb6e5a5,26a,c0f02c0f02c0b02c0b02c0b02c0b02c0b02c0b02c0b02c0b06c1b4fd3b4ec2b02c0b02c0b02c0b02,5a7,9d66d99e659b6719b66f9c66e982649c26c9de649a26e9ee6e9c26d9be6d9ba6e9ae709a66c9c26d,525515555d5014852d4b559405214955d47525545595255d545214052d545595550d4857d465354d,1,1,1,1
788,788,0,74e,550,685a669dad69da66e9a46f1a76eda3699a06e9bb681a4695bb6e1ac695b9691a6695bc69dbb6e5a5,275,c0f02c0f02c0b02c0b02c0b02c0b02c0b02c0b02c0b02c0b06c1b4fd3b4ec2b02c0b02c0b02c0b02,5a1,9d66d99e659b6719b66f9c66e982649c26c9de649a26e9ee6e9c26d9be6d9ba6e9ae709a66c9c26d,525515555d5014852d4b559405214955d47525545595255d545214052d545595550d4857d465354d,1,1,1,1
789,789,0,753,548,685a669dad69da66e9a46f1a76eda3699a06e9bb681a4695bb6e1ac695b9691a6695bc69dbb6e5a5,26b,c0f02c0f02c0b02c0b02c0b02c0b02c0b02c0b02c0b02c0b06c1b4fd3b4ec2b02c0b02c0b02c0b02,5ba,9d66d99e659b6719b66f9c66e982649c26c9de649a26e9ee6e9c26d9be6d9ba6e9ae709a66c9c26d,525515555d5014852d4b559405214955d47525545595255d545214052d545595550d4857d465354d,1,1,1,1
790,790,0,74c,54a,685a669dad69da66e9a46f1a76eda3699a06e9bb681a4695bb6e1ac695b9691a6695bc69dbb6e5a5,270,c0f02c0f02c0b02c0b02c0b02c0b02c0b02c0b02c0b02c0b06c1b4fd3b4ec2b02c0b02c0b02c0b02,5a5,9d66d99e659b6719b66f9c66e982649c26c9de649a26e9ee6e9c26d9be6d9ba6e9ae709a66c9c26d,525515555d5014852d4b559405214955d47525545595255d545214052d545595550d4857d465354d,1,1,1,1
791,791,0,756,54b,685a669dad69da66e9a46f1a76eda3699a06e9bb681a4695bb6e1ac695b9691a6695bc69dbb6e5a5,269,c0f02c0f02c0b02c0b02c0b02c0b02c0b02c0b02c0b02c0b06c1b4fd3b4ec2b02c0b02c0b02c0b02,5bf,9d66d99e659b6719b66f9c66e982649c26c9de649a26e9ee6e9c26d9be6d9ba6e9ae709a66c9c26d,525515555d5014852d4b559405214955d47525545595255d545214052d545595550d4857d465354d,1,1,1,1
792,792,0,75a,556,685a669dad69da66e9a46f1a76eda3699a06e9bb681a4695bb6e1ac695b9691a6695bc69dbb6e5a5,26b,c0f02c0f02c0b02c0b02c0b02c0b02c0b02c0b02c0b02c0b06c1b4fd3b4ec2b02c0b02c0b02c0b02,5a7,9d66d99e659b6719b66f9c66e982649c26c9de649a26e9ee6e9c26d9be6d9ba6e9ae709a66c9c26d,525515555d5014852d4b559405214955d47525545595255d545214052d545595550d4857d465354d,1,1,1,1
793,793,0,754,55d,685a669dad69da66e9a46f1a76eda3699a06e9bb681a4695bb6e1ac695b9691a6695bc69dbb6e5a5,274,c0f02c0f02c0b02c0b02c0b02c0b02c0b02c0b02c0b02c0b06c1b4fd3b4ec2b02c0b02c0b02c0b02,5ba,9d66d99e659b6719b66f9c66e982649c26c9de649a26e9ee6e9c26d9be6d9ba6e9ae709a66c9c26d,525515555d5014852d4b559405214955d47525545595255d545214052d545595550d4857d465354d,1,1,1,1
794,794,0,74c,548,685a669dad69da66e9a46f1a76eda3699a06e9bb681a4695bb6e1ac695b9691a6695bc69dbb6e5a5,269,c0f02c0f02c0b02c0b02c0b02c0b02c0b02c0b02c0b02c0b06c1b4fd3b4ec2b02c0b02c0b02c0b02,5a3,9d66d99e659b6719b66f9c66e982649c26c9de649a26e9ee6e9c26d9be6d9ba6e9ae709a66c9c26d,525515555d5014852d4b559405214955d47525545595255d545214052d545595550d4857d465354d,1,1,1,1
795,795,0,753,54e,685a669dad69da66e9a46f1a76eda3699a06e9bb681a4695bb6e1ac695b9691a6695bc69dbb6e5a5,274,c0f02c0f02c0b02c0b02c0b02c0b02c0b02c0b02c0b02c0b06c1b4fd3b4ec2b02c0b02c0b02c0b02,5a6,9d66d99e659b6719b66f9c66e982649c26c9de649a26e9ee6e9c26d9be6d9ba6e9ae709a66c9c26d,525515555d5014852d4b559405214955d47525545595255d545214052d545595550d4857d465354d,1,1,1,1
796,796,0,752,557,685a669dad69da66e9a46f1a76eda3699a06e9bb681a4695bb6e1ac695b9691a6695bc69dbb6e5a5,66d,c0f02c0f02c0b02c0b02c0b02c0b02c0b02c0b02c0b02c0b06c1b4fd3b4ec2b02c0b02c0b02c0b02,5a0,9d66d99e659b6719b66f9c66e982649c26c9de649a26e9ee6e9c26d9be6d9ba6e9ae709a66c9c26d,525515555d5014852d4b559405214955d47525545595255d545214052d545595550d4857d465354d,1,1,1,1
797,797,0,756,557,685a669dad69da66e9a46f1a76eda3699a06e9bb681a4695bb6e1ac695b9691a6695bc69dbb6e5a5,674,c0f02c0f02c0b02c0b02c0b02c0b02c0b02c0b02c0b02c0b06c1b4fd3b4ec2b02c0b02c0b02c0b02,5ba,9d26d99e649b6719b66f9c66e986679ce6d99e679ae6e9ce6e9c66d9be6a9ba719ae709a66f9c26d,525515555d5014852d4b559405214955d47525545595255d545214052d545595550d4857d465354d,1,1,1,1
798,798,0,751,54b,685a669dad69da66e9a46f1a76eda3699a06e9bb681a4695bb6e1ac695b9691a6695bc69dbb6e5a5,664,c0f02c0f02c0b02c0b02c0b02c0b02c0b02c0b02c0b02c0b06c1b4fd3b4ec2b02c0b02c0b02c0b02,5bb,9d26d99e649b6719b66f9c66e986679ce6d99e679ae6e9ce6e9c66d9be6a9ba719ae709a66f9c26d,525515555d5014852d4b559405214955d47525545595255d545214052d545595550d4857d465354d,1,1,1,1
799,799,0,34c,554,685a669dad69da66e9a46f1a76eda3699a06e9bb681a4695bb6e1ac695b9691a6695bc69dbb6e5a5,66d,c0f02c0f02c0b02c0b02c0b02c0b02c0b02c0b02c0b02c0b06c1b4fd3b4ec2b02c0b02c0b02c0b02,1a0,9d26d99e649b6719b66f9c66e986679ce6d99e679ae6e9ce6e9c66d9be6a9ba719ae709a66f9c26d,525515555d5014852d4b559405214955d47525545595255d545214052d545595550d4857d465354d,1,1,1,1
800,800,0,34c,156,685a669dad69da66e9a46f1a76eda3699a06e9bb681a4695bb6e1ac695b9691a6695bc69dbb6e5a5,674,c0f02c0f02c0b02c0b02c0b02c0b02c0b02c0b02c0b02c0b06c1b4fd3b4ec2b02c0b02c0b02c0b02,1a4,9d26d99e649b6719b66f9c66e986679ce6d99e679ae6e9ce6e9c66d9be6a9ba719ae709a66f9c26d,525515555d5014852d4b559405214955d47525545595255d545214052d545595550d4857d465354d,1,1,1,1
801,801,0,348,152,685a669dad69da66e9a46f1a76eda3699a06e9bb681a4695bb6e1ac695b9691a6695bc69dbb6e5a5,669,c0f02c0f02c0b02c0b02c0b02c0b02c0b02c0b02c0b02c0b06c1b4fd3b4ec2b02c0b02c0b02c0b02,1a5,9d26d99e649b6719b66f9c66e986679ce6d99e679ae6e9ce6e9c66d9be6a9ba719ae709a66f9c26d,525515555d5014852d4b559405214955d47525545595255d545214052d545595550d4857d465354d,1,1,1,1
802,802,0,357,154,685a669dad69da66e9a46f1a76eda3699a06e9bb681a4695bb6e1ac695b9691a6695bc69dbb6e5a5,66f,c0f02c0f02c0b02c0b02c0b02c0b02c0b02c0b02c0b02c0b06c1b4fd3b4ec2b02c0b02c0b02c0b02,1bb,9d26d99e649b6719b66f9c66e986679ce6d99e679ae6e9ce6e9c66d9be6a9ba719ae709a66f9c26d,525515555d5014852d4b559405214955d47525545595255d545214052d545595550d4857d465354d,1,1,1,1
803,803,0,357,156,685a669dad69da66e9a46f1a76eda3699a06e9bb681a4695bb6e1ac695b9691a6695bc69dbb6e5a5,675,c0f02c0f02c0b02c0b02c0b02c0b02c0b02c0b02c0b02c0b06c1b4fd3b4ec2b02c0b02c0b02c0b02,1b9,9d26d99e649b6719b66f9c66e986679ce6d99e679ae6e9ce6e9c66d9be6a9ba719ae709a66f9c26d,525515555d5014852d4b559405214955d47525545595255d545214052d545595550d4857d465354d,1,1,1,1
804,804,0,34d,14b,685a669dad69da66e9a46f1a76eda3699a06e9bb681a4695bb6e1ac695b9691a6695bc69dbb6e5a5,671,c0f02c0f02c0b02c0b02c0b02c0b02c0b02c0b02c0b02c0b06c1b4fd3b4ec2b02c0b02c0b02c0b02,1af,9d26d99e649b6719b66f9c66e986679ce6d99e679ae6e9ce6e9c66d9be6a9ba719ae709a66f9c26d,525515555d5014852d4b559405214955d47525545595255d545214052d545595550d4857d465354d,1,1,1,1
805,805,0,34e,150,685a669dad69da66e9a46f1a76eda3699a06e9bb681a4695bb6e1ac695b9691a6695bc69dbb6e5a5,671,c0f02c0f02c0b02c0b02c0b02c0b02c0b02c0b02c0b02c0b06c1b4fd3b4ec2b02c0b02c0b02c0b02,1a4,9d26d99e649b6719b66f9c66e986679ce6d99e679ae6e9ce6e9c66d9be6a9ba719ae709a66f9c26d,525515555d5014852d4b559405214955d47525545595255d545214052d545595550d4857d465354d,1,1,1,1
806,806,0,34c,148,685a669dad69da66e9a46f1a76eda3699a06e9bb681a4695bb6e1ac695b9691a6695bc69dbb6e5a5,663,c0f02c0f02c0b02c0b02c0b02c0b02c0b02c0b02c0b02c0b06c1b4fd3b4ec2b02c0b02c0b02c0b02,1b9,9d26d99e649b6719b66f9c66e986679ce6d99e679ae6e9ce6e9c66d9be6a9ba719ae709a66f9c26d,525515555d5014852d4b559405214955d47525545595255d545214052d545595550d4857d465354d,1,1,1,1
807,807,0,348,157,685a669dad69da66e9a46f1a76eda3699a06e9bb681a4695bb6e1ac695b9691a6695bc69dbb6e5a5,674,c0f02c0f02c0b02c0b02c0b02c0b02c0b02c0b02c0b02c0b06c1b4fd3b4ec2b02c0b02c0b02c0b02,1a4,9d26d99e649b6719b66f9c66e986679ce6d99e679ae6e9ce6e9c66d9be6a9ba719ae709a66f9c26d,525515555d5014852d4b559405214955d47525545595255d545214052d545595550d4857d465354d,1,1,1,1
808,808,0,352,154,685a669dad69da66e9a46f1a76eda3699a06e9bb681a4695bb6e1ac695b9691a6695bc69dbb6e5a5,668,c0f02c0f02c0b02c0b02c0b02c0b02c0b02c0b02c0b02c0b06c1b4fd3b4ec2b02c0b02c0b02c0b02,1a1,9d26d99e649b6719b66f9c66e986679ce6d99e679ae6e9ce6e9c66d9be6a9ba719ae709a66f9c26d,525515555d5014852d4b559405214955d47525545595255d545214052d545595550d4857d465354d,1,1,1,1
809,809,0,350,157,685a669dad69da66e9a46f1a76eda3699a06e9bb681a4695bb6e1ac695b9691a6695bc69dbb6e5a5,674,c0f02c0f02c0b02c0b02c0b02c0b02c0b02c0b02c0b02c0b06c1b4fd3b4ec2b02c0b02c0b02c0b02,1a4,9d26d99e649b6719b66f9c66e986679ce6d99e679ae6e9ce6e9c66d9be6a9ba719ae709a66f9c26d,525515555d5014852d4b559405214955d47525545595255d545214052d545595550d4857d465354d,1,1,1,1
810,810,0,34a,156,685a669dad69da66e9a46f1a76eda3699a06e9bb681a4695bb6e1ac695b9691a6695bc69dbb6e5a5,667,c0f02c0f02c0b02c0b02c0b02c0b02c0b02c0b02c0b02c0b06c1b4fd3b4ec2b02c0b02c0b02c0b02,1be,9d26d99e649b6719b66f9c66e986679ce6d99e679ae6e9ce6e9c66d9be6a9ba719ae709a66f9c26d,525515555d5014852d4b559405214955d47525545595255d545214052d545595550d4857d465354d,1,1,1,1
811,811,0,350,14a,685a669dad69da66e9a46f1a76eda3699a06e9bb681a4695bb6e1ac695b9691a6695bc69dbb6e5a5,66f,c0f02c0f02c0b02c0b02c0b02c0b02c0b02c0b02c0b02c0b06c1b4fd3b4ec2b02c0b02c0b02c0b02,1bb,9d26d99e649b6719b66f9c66e986679ce6d99e679ae6e9ce6e9c66d9be6a9ba719ae709a66f9c26d,525515555d5014852d4b559405214955d47525545595255d545214052d545595550d4857d465354d,1,1,1,1
812,812,0,349,15d,685a669dad69da66e9a46f1a76eda3699a06e9bb681a4695bb6e1ac695b9691a6695bc69dbb6e5a5,26a,c0f02c0f02c0b02c0b02c0b02c0b02c0b02c0b02c0b02c0b06c1b4fd3b4ec2b02c0b02c0b02c0b02,1b9,9d26d99e649b6719b66f9c66e986679ce6d99e679ae6e9ce6e9c66d9be6a9ba719ae709a66f9c26d,525515555d5014852d4b559405214955d47525545595255d545214052d545595550d4857d465354d,1,1,1,1
813,813,0,355,156,685a669dad69da66e9a46f1a76eda3699a06e9bb681a4695bb6e1ac695b9691a6695bc69dbb6e5a5,274,c0f02c0f02c0b02c0b02c0b02c0b02c0b02c0b02c0b02c0b06c1b4fd3b4ec2b02c0b02c0b02c0b02,1b9,9d26d99e649b6719b66f9c66e986679ce6d99e679ae6e9ce6e9c66d9be6a9ba719ae709a66f9c26d,525515555d5014852d4b559405214955d47525545595255d545214052d545595550d4857d465354d,1,1,1,1
814,814,0,34b,14e,685a669dad69da66e9a46f1a76eda3699a06e9bb681a4695bb6e1ac695b9691a6695bc69dbb6e5a5,271,c0f02c0f02c0b02c0b02c0b02c0b02c0b02c0b02c0b02c0b06c1b4fd3b4ec2b02c0b02c0b02c0b02,1a5,9d26d99e649b6719b66f9c66e986679ce6d99e679ae6e9ce6e9c66d9be6a9ba719ae709a66f9c26d,525515555d5014852d4b559405214955d47525545595255d545214052d545595550d4857d465354d,1,1,1,1
815,815,0,750,15d,685a669dad69da66e9a46f1a76eda3699a06e9bb681a4695bb6e1ac695b9691a6695bc69dbb6e5a5,270,c0f02c0f02c0b02c0b02c0b02c0b02c0b02c0b02c0b02c0b06c1b4fd3b4ec2b02c0b02c0b02c0b02,5a0,9d26d99e649b6719b66f9c66e986679ce6d99e679ae6e9ce6e9c66d9be6a9ba719ae709a66f9c26d,525515555d5014852d4b559405214955d47525545595255d545214052d545595550d4857d465354d,1,1,1,1
816,816,0,756,54b,685a6691ad69da16e9a56fda76e9a3699a06e9bb681a4695bb6e5af691b9691a1691bc6edbb6e5a5,269,c0f02c0f02c0b02c0b02c0b02c0b02c0b02c0b02c0b02c0b06c1f4fd3b4ec2b02c0b02c0b02c0b02,5a6,9d26d99e649b6719b66f9c66e986679ce6d99e679ae6e9ce6e9c66d9be6a9ba719ae709a66f9c26d,525515555d5014852d4b559405214955d47525545595255d545214052d545595550d4857d465354d,1,1,1,1
817,817,0,751,551,685a6691ad69da16e9a56fda76e9a3699a06e9bb681a4695bb6e5af691b9691a1691bc6edbb6e5a5,26f,c0f02c0f02c0b02c0b02c0b02c0b02c0b02c0b02c0b02c0b06c1f4fd3b4ec2b02c0b02c0b02c0b02,5a4,9d26d99e649b6719b66f9c66e986679ce6d99e679ae6e9ce6e9c66d9be6a9ba719ae709a66f9c26d,521515515d501485294b5514d5294e55d475255455950559465254052955559575194857d465314f,1,1,1,1
818,818,0,752,557,685a6691ad69da16e9a56fda76e9a3699a06e9bb681a4695bb6e5af691b9691a1691bc6edbb6e5a5,26d,c0f02c0f02c0b02c0b02c0b02c0b02c0b02c0b02c0b02c0b06c1f4fd3b4ec2b02c0b02c0b02c0b02,5ad,9d26d99e649b6719b66f9c66e986679ce6d99e679ae6e9ce6e9c66d9be6a9ba719ae709a66f9c26d,521515515d501485294b5514d5294e55d475255455950559465254052955559575194857d465314f,1,1,1,1
819,819,0,74f,55c,685a6691ad69da16e9a56fda76e9a3699a06e9bb681a4695bb6e5af691b9691a1691bc6edbb6e5a5,26e,c0f02c0f02c0b02c0b02c0b02c0b02c0b02c0b02c0b02c0b06c1f4fd3b4ec2b02c0b02c0b02c0b02,5a7,9d26d99e649b6719b66f9c66e986679ce6d99e679ae6e9ce6e9c66d9be6a9ba719ae709a66f9c26d,521515515d501485294b5514d5294e55d475255455950559465254052955559575194857d465314f,1,1,1,1
820,820,0,74e,550,685a6691ad69da16e9a56fda76e9a3699a06e9bb681a4695bb6e5af691b9691a1691bc6edbb6e5a5,275,c0f02c0f02c0b02c0b02c0b02c0b02c0b02c0b02c0b02c0b06c1f4fd3b4ec2b02c0b02c0b02c0b02,5a6,9d26d99e649b6719b66f9c66e986679ce6d99e679ae6e9ce6e9c66d9be6a9ba719ae709a66f9c26d,521515515d501485294b5514d5294e55d475255455950559465254052955559575194857d465314f,1,1,1,1
821,821,0,753,548,685a6691ad69da16e9a56fda76e9a3699a06e9bb681a4695bb6e5af691b9691a1691bc6edbb6e5a5,26b,c0f02c0f02c0b02c0b02c0b02c0b02c0b02c0b02c0b02c0b06c1f4fd3b4ec2b02c0b02c0b02c0b02,5ba,9d26d99e649b6719b66f9c66e986679ce6d99e679ae6e9ce6e9c66d9be6a9ba719ae709a66f9c26d,521515515d501485294b5514d5294e55d475255455950559465254052955559575194857d465314f,1,1,1,1
822,822,0,74c,54b,685a6691ad69da16e9a56fda76e9a3699a06e9bb681a4695bb6e5af691b9691a1691bc6edbb6e5a5,271,c0f02c0f02c0b02c0b02c0b02c0b02c0b02c0b02c0b02c0b06c1f4fd3b4ec2b02c0b02c0b02c0b02,5a4,9d26d99e649b6719b66f9c66e986679ce6d99e679ae6e9ce6e9c66d9be6a9ba719ae709a66f9c26d,521515515d501485294b5514d5294e55d475255455950559465254052955559575194857d465314f,1,1,1,1
823,823,0,756,54b,685a6691ad69da16e9a56fda76e9a3699a06e9bb681a4695bb6e5af691b9691a1691bc6edbb6e5a5,269,c0f02c0f02c0b02c0b02c0b02c0b02c0b02c0b02c0b02c0b06c1f4fd3b4ec2b02c0b02c0b02c0b02,5bf,9d26d99e649b6719b66f9c66e986679ce6d99e679ae6e9ce6e9c66d9be6a9ba719ae709a66f9c26d,521515515d501485294b5514d5294e55d475255455950559465254052955559575194857d465314f,1,1,1,1
824,824,0,75a,556,685a6691ad69da16e9a56fda76e9a3699a06e9bb681a4695bb6e5af691b9691a1691bc6edbb6e5a5,268,c0f02c0f02c0b02c0b02c0b02c0b02c0b02c0b02c0b02c0b06c1f4fd3b4ec2b02c0b02c0b02c0b02,5a4,9d26d99e649b6719b66f9c66e986679ce6d99e679ae6e9ce6e9c66d9be6a9ba719ae709a66f9c26d,521515515d501485294b5514d5294e55d475255455950559465254052955559575194857d465314f,1,1,1,1
825,825,0,754,552,685a6691ad69da16e9a56fda76e9a3699a06e9bb681a4695bb6e5af691b9691a1691bc6edbb6e5a5,277,c0f02c0f02c0b02c0b02c0b02c0b02c0b02c0b02c0b02c0b06c1f4fd3b4ec2b02c0b02c0b02c0b02,5ba,9d26d99e649b6719b66f9c66e986679ce6d99e679ae6e9ce6e9c66d9be6a9ba719ae709a66f9c26d,521515515d501485294b5514d5294e55d475255455950559465254052955559575194857d465314f,1,1,1,1
826,826,0,74c,548,685a6691ad69da16e9a56fda76e9a3699a06e9bb681a4695bb6e5af691b9691a1691bc6edbb6e5a5,269,c0f02c0f02c0b02c0b02c0b02c0b02c0b02c0b02c0b02c0b06c1f4fd3b4ec2b02c0b02c0b02c0b02,5a3,9d26d99e649b6719b66f9c66e986679ce6d99e679ae6e9ce6e9c66d9be6a9ba719ae709a66f9c26d,521515515d501485294b5514d5294e55d475255455950559465254052955559575194857d465314f,1,1,1,1
827,827,0,753,549,685a6691ad69da16e9a56fda76e9a3699a06e9bb681a4695bb6e5af691b9691a1691bc6edbb6e5a5,274,c0f02c0f02c0b02c0b02c0b02c0b02c0b02c0b02c0b02c0b06c1f4fd3b4ec2b02c0b02c0b02c0b02,5a6,9d26d99e649b6719b66f9c66e986679ce6d99e679ae6e9ce6e9c66d9be6a9ba719ae709a66f9c26d,521515515d501485294b5514d5294e55d475255455950559465254052955559575194857d465314f,1,1,1,1
828,828,0,752,557,685a6691ad69da16e9a56fda76e9a3699a06e9bb681a4695bb6e5af691b9691a1691bc6edbb6e5a5,66d,c0f02c0f02c0b02c0b02c0b02c0b02c0b02c0b02c0b02c0b06c1f4fd3b4ec2b02c0b02c0b02c0b02,5a0,9d26d99e649b6719b66f9c66e986679ce6d99e679ae6e9ce6e9c66d9be6a9ba719ae709a66f9c26d,521515515d501485294b5514d5294e55d475255455950559465254052955559575194857d465314f,1,1,1,1
829,829,0,756,557,685a6691ad69da16e9a56fda76e9a3699a06e9bb681a4695bb6e5af691b9691a1691bc6edbb6e5a5,674,c0f02c0f02c0b02c0b02c0b02c0b02c0b02c0b02c0b02c0b06c1f4fd3b4ec2b02c0b02c0b02c0b02,5ba,9d26d9d2649b6709b66f9c6719c6679c26c9d2679ae6e9c2719c26d9be6d9ba719ae719a66c9ce6d,521515515d501485294b5514d5294e55d475255455950559465254052955559575194857d465314f,1,1,1,1
830,830,0,751,54a,685a6691ad69da16e9a56fda76e9a3699a06e9bb681a4695bb6e5af691b9691a1691bc6edbb6e5a5,664,c0f02c0f02c0b02c0b02c0b02c0b02c0b02c0b02c0b02c0b06c1f4fd3b4ec2b02c0b02c0b02c0b02,5bb,9d26d9d2649b6709b66f9c6719c6679c26c9d2679ae6e9c2719c26d9be6d9ba719ae719a66c9ce6d,521515515d501485294b5514d5294e55d475255455950559465254052955559575194857d465314f,1,1,1,1
831,831,0,34f,554,685a6691ad69da16e9a56fda76e9a3699a06e9bb681a4695bb6e5af691b9691a1691bc6edbb6e5a5,66d,c0f02c0f02c0b02c0b02c0b02c0b02c0b02c0b02c0b02c0b06c1f4fd3b4ec2b02c0b02c0b02c0b02,1a0,9d26d9d2649b6709b66f9c6719c6679c26c9d2679ae6e9c2719c26d9be6d9ba719ae719a66c9ce6d,521515515d501485294b5514d5294e55d475255455950559465254052955559575194857d465314f,1,1,1,1
832,832,0,34c,156,685a6691ad69da16e9a56fda76e9a3699a06e9bb681a4695bb6e5af691b9691a1691bc6edbb6e5a5,674,c0f02c0f02c0b02c0b02c0b02c0b02c0b02c0b02c0b02c0b06c1f4fd3b4ec2b02c0b02c0b02c0b02,1a7,9d26d9d2649b6709b66f9c6719c6679c26c9d2679ae6e9c2719c26d9be6d9ba719ae719a66c9ce6d,521515515d501485294b5514d5294e55d475255455950559465254052955559575194857d465314f,1,1,1,1
833,833,0,348,152,685a6691ad69da16e9a56fda76e9a3699a06e9bb681a4695bb6e5af691b9691a1691bc6edbb6e5a5,669,c0f02c0f02c0b02c0b02c0b02c0b02c0b02c0b02c0b02c0b06c1f4fd3b4ec2b02c0b02c0b02c0b02,1a4,9d26d9d2649b6709b66f9c6719c6679c26c9d2679ae6e9c2719c26d9be6d9ba719ae719a66c9ce6d,521515515d501485294b5514d5294e55d475255455950559465254052955559575194857d465314f,1,1,1,1
834,834,0,357,157,685a6691ad69da16e9a56fda76e9a3699a06e9bb681a4695bb6e5af691b9691a1691bc6edbb6e5a5,66c,c0f02c0f02c0b02c0b02c0b02c0b02c0b02c0b02c0b02c0b06c1f4fd3b4ec2b02c0b02c0b02c0b02,1b8,9d26d9d2649b6709b66f9c6719c6679c26c9d2679ae6e9c2719c26d9be6d9ba719ae719a66c9ce6d,521515515d501485294b5514d5294e55d475255455950559465254052955559575194857d465314f,1,1,1,1
835,835,0,356,156,685a6691ad69da16e9a56fda76e9a3699a06e9bb681a4695bb6e5af691b9691a1691bc6edbb6e5a5,675,c0f02c0f02c0b02c0b02c0b02c0b02c0b02c0b02c0b02c0b06c1f4fd3b4ec2b02c0b02c0b02c0b02,1b8,9d26d9d2649b6709b66f9c6719c6679c26c9d2679ae6e9c2719c26d9be6d9ba719ae719a66c9ce6d,521515515d501485294b5514d5294e55d475255455950559465254052955559575194857d465314f,1,1,1,1
836,836,0,34d,14b,685a6691ad69da16e9a56fda76e9a3699a06e9bb681a4695bb6e5af691b9691a1691bc6edbb6e5a5,671,c0f02c0f02c0b02c0b02c0b02c0b02c0b02c0b02c0b02c0b06c1f4fd3b4ec2b02c0b02c0b02c0b02,1af,9d26d9d2649b6709b66f9c6719c6679c26c9d2679ae6e9c2719c26d9be6d9ba719ae719a66c9ce6d,521515515d501485294b5514d5294e55d475255455950559465254052955559575194857d465314f,1,1,1,1
837,837,0,34e,150,685a6691ad69da16e9a56fda76e9a3699a06e9bb681a4695bb6e5af691b9691a1691bc6edbb6e5a5,673,c0f02c0f02c0b02c0b02c0b02c0b02c0b02c0b02c0b02c0b06c1f4fd3b4ec2b02c0b02c0b02c0b02,1a4,9d26d9d2649b6709b66f9c6719c6679c26c9d2679ae6e9c2719c26d9be6d9ba719ae719a66c9ce6d,521515515d501485294b5514d5294e55d475255455950559465254052955559575194857d465314f,1,1,1,1
838,838,0,34c,149,685a6691ad69da16e9a56fda76e9a3699a06e9bb681a4695bb6e5af691b9691a1691bc6edbb6e5a5,663,c0f02c0f02c0b02c0b02c0b02c0b02c0b02c0b02c0b02c0b06c1f4fd3b4ec2b02c0b02c0b02c0b02,1b9,9d26d9d2649b6709b66f9c6719c6679c26c9d2679ae6e9c2719c26d9be6d9ba719ae719a66c9ce6d,521515515d501485294b5514d5294e55d475255455950559465254052955559575194857d465314f,1,1,1,1
839,839,0,349,156,685a6691ad69da16e9a56fda76e9a3699a06e9bb681a4695bb6e5af691b9691a1691bc6edbb6e5a5,674,c0f02c0f02c0b02c0b02c0b02c0b02c0b02c0b02c0b02c0b06c1f4fd3b4ec2b02c0b02c0b02c0b02,1a4,9d26d9d2649b6709b66f9c6719c6679c26c9d2679ae6e9c2719c26d9be6d9ba719ae719a66c9ce6d,521515515d501485294b5514d5294e55d475255455950559465254052955559575194857d465314f,1,1,1,1
840,840,0,352,155,685a6691ad69da16e9a56fda76e9a3699a06e9bb681a4695bb6e5af691b9691a1691bc6edbb6e5a5,66b,c0f02c0f02c0b02c0b02c0b02c0b02c0b02c0b02c0b02c0b06c1f4fd3b4ec2b02c0b02c0b02c0b02,1a1,9d26d9d2649b6709b66f9c6719c6679c26c9d2679ae6e9c2719c26d9be6d9ba719ae719a66c9ce6d,521515515d501485294b5514d5294e55d475255455950559465254052955559575194857d465314f,1,1,1,1
841,841,0,350,157,685a6691ad69da16e9a56fda76e9a3699a06e9bb681a4695bb6e5af691b9691a1691bc6edbb6e5a5,674,c0f02c0f02c0b02c0b02c0b02c0b02c0b02c0b02c0b02c0b06c1f4fd3b4ec2b02c0b02c0b02c0b02,1a5,9d26d9d2649b6709b66f9c6719c6679c26c9d2679ae6e9c2719c26d9be6d9ba719ae719a66c9ce6d,521515515d501485294b5514d5294e55d475255455950559465254052955559575194857d465314f,1,1,1,1
842,842,0,34a,150,685a6691ad69da16e9a56fda76e9a3699a06e9bb681a4695bb6e5af691b9691a1691bc6edbb6e5a5,667,c0f02c0f02c0b02c0b02c0b02c0b02c0b02c0b02c0b02c0b06c1f4fd3b4ec2b02c0b02c0b02c0b02,1b9,9d26d9d2649b6709b66f9c6719c6679c26c9d2679ae6e9c2719c26d9be6d9ba719ae719a66c9ce6d,521515515d501485294b5514d5294e55d475255455950559465254052955559575194857d465314f,1,1,1,1
843,843,0,350,14a,685a6691ad69da16e9a56fda76e9a3699a06e9bb681a4695bb6e5af691b9691a1691bc6edbb6e5a5,66f,c0f02c0f02c0b02c0b02c0b02c0b02c0b02c0b02c0b02c0b06c1f4fd3b4ec2b02c0b02c0b02c0b02,1bb,9d26d9d2649b6709b66f9c6719c6679c26c9d2679ae6e9c2719c26d9be6d9ba719ae719a66c9ce6d,521515515d501485294b5514d5294e55d475255455950559465254052955559575194857d465314f,1,1,1,1
844,844,0,349,15d,685a6691ad69da16e9a56fda76e9a3699a06e9bb681a4695bb6e5af691b9691a1691bc6edbb6e5a5,271,c0f02c0f02c0b02c0b02c0b02c0b02c0b02c0b02c0b02c0b06c1f4fd3b4ec2b02c0b02c0b02c0b02,1b9,9d26d9d2649b6709b66f9c6719c6679c26c9d2679ae6e9c2719c26d9be6d9ba719ae719a66c9ce6d,521515515d501485294b5514d5294e55d475255455950559465254052955559575194857d465314f,1,1,1,1
845,845,0,35a,156,685a6691ad69da16e9a56fda76e9a3699a06e9bb681a4695bb6e5af691b9691a1691bc6edbb6e5a5,273,c0f02c0f02c0b02c0b02c0b02c0b02c0b02c0b02c0b02c0b06c1f4fd3b4ec2b02c0b02c0b02c0b02,1b8,9d26d9d2649b6709b66f9c6719c6679c26c9d2679ae6e9c2719c26d9be6d9ba719ae719a66c9ce6d,521515515d501485294b5514d5294e55d475255455950559465254052955559575194857d465314f,1,1,1,1
846,846,0,34b,14e,685a6691ad69da16e9a56fda76e9a3699a06e9bb681a4695bb6e5af691b9691a1691bc6edbb6e5a5,271,c0f02c0f02c0b02c0b02c0b02c0b02c0b02c0b02c0b02c0b06c1f4fd3b4ec2b02c0b02c0b02c0b02,1a5,9d26d9d2649b6709b66f9c6719c6679c26c9d2679ae6e9c2719c26d9be6d9ba719ae719a66c9ce6d,521515515d501485294b5514d5294e55d475255455950559465254052955559575194857d465314f,1,1,1,1
847,847,0,750,152,685a6691ad69da16e9a56fda76e9a3699a06e9bb681a4695bb6e5af691b9691a1691bc6edbb6e5a5,270,c0f02c0f02c0b02c0b02c0b02c0b02c0b02c0b02c0b02c0b06c1f4fd3b4ec2b02c0b02c0b02c0b02,5a1,9d26d9d2649b6709b66f9c6719c6679c26c9d2679ae6e9c2719c26d9be6d9ba719ae719a66c9ce6d,521515515d501485294b5514d5294e55d475255455950559465254052955559575194857d465314f,1,1,1,1
848,848,0,757,54a,681a6691ad69da66e9a46fda46e9a3699a06e9bb681a7691b86e1af691b9691a1695b96edbb6e1a5,269,c0f02c0f02c0b02c0b02c0b02c0b02c0b02c0b02c0b02c0b06c1b4fd3b4ec2b02c0b02c0b02c0b02,5a6,9d26d9d2649b6709b66f9c6719c6679c26c9d2679ae6e9c2719c26d9be6d9ba719ae719a66c9ce6d,521515515d501485294b5514d5294e55d475255455950559465254052955559575194857d465314f,1,1,1,1
849,849,0,751,551,681a6691ad69da66e9a46fda46e9a3699a06e9bb681a7691b86e1af691b9691a1695b96edbb6e1a5,26f,c0f02c0f02c0b02c0b02c0b02c0b02c0b02c0b02c0b02c0b06c1b4fd3b4ec2b02c0b02c0b02c0b02,5a4,9d26d9d2649b6709b66f9c6719c6679c26c9d2679ae6e9c2719c26d9be6d9ba719ae719a66c9ce6d,525515555c5014852d4b559405214955d47521545595255d465254052d5455d555094857d4651942,1,1,1,1
850,850,0,752,554,681a6691ad69da66e9a46fda46e9a3699a06e9bb681a7691b86e1af691b9691a1695b96edbb6e1a5,26d,c0f02c0f02c0b02c0b02c0b02c0b02c0b02c0b02c0b02c0b06c1b4fd3b4ec2b02c0b02c0b02c0b02,5ad,9d26d9d2649b6709b66f9c6719c6679c26c9d2679ae6e9c2719c26d9be6d9ba719ae719a66c9ce6d,525515555c5014852d4b559405214955d47521545595255d465254052d5455d555094857d4651942,1,1,1,1
851,851,0,74f,55c,681a6691ad69da66e9a46fda46e9a3699a06e9bb681a7691b86e1af691b9691a1695b96edbb6e1a5,26e,c0f02c0f02c0b02c0b02c0b02c0b02c0b02c0b02c0b02c0b06c1b4fd3b4ec2b02c0b02c0b02c0b02,5a7,9d26d9d2649b6709b66f9c6719c6679c26c9d2679ae6e9c2719c26d9be6d9ba719ae719a66c9ce6d,525515555c5014852d4b559405214955d47521545595255d465254052d5455d555094857d4651942,1,1,1,1
852,852,0,74f,550,681a6691ad69da66e9a46fda46e9a3699a06e9bb681a7691b86e1af691b9691a1695b96edbb6e1a5,26e,c0f02c0f02c0b02c0b02c0b02c0b02c0b02c0b02c0b02c0b06c1b4fd3b4ec2b02c0b02c0b02c0b02,5a6,9d26d9d2649b6709b66f9c6719c6679c26c9d2679ae6e9c2719c26d9be6d9ba719ae719a66c9ce6d,525515555c5014852d4b559405214955d47521545595255d465254052d5455d555094857d4651942,1,1,1,1
853,853,0,750,54b,681a6691ad69da66e9a46fda46e9a3699a06e9bb681a7691b86e1af691b9691a1695b96edbb6e1a5,26e,c0f02c0f02c0b02c0b02c0b02c0b02c0b02c0b02c0b02c0b06c1b4fd3b4ec2b02c0b02c0b02c0b02,5ba,9d26d9d2649b6709b66f9c6719c6679c26c9d2679ae6e9c2719c26d9be6d9ba719ae719a66c9ce6d,525515555c5014852d4b559405214955d47521545595255d465254052d5455d555094857d4651942,1,1,1,1
854,854,0,74c,54a,681a6691ad69da66e9a46fda46e9a3699a06e9bb681a7691b86e1af691b9691a1695b96edbb6e1a5,270,c0f02c0f02c0b02c0b02c0b02c0b02c0b02c0b02c0b02c0b06c1b4fd3b4ec2b02c0b02c0b02c0b02,5a4,9d26d9d2649b6709b66f9c6719c6679c26c9d2679ae6e9c2719c26d9be6d9ba719ae719a66c9ce6d,525515555c5014852d4b559405214955d47521545595255d465254052d5455d555094857d4651942,1,1,1,1
855,855,0,756,54b,681a6691ad69da66e9a46fda46e9a3699a06e9bb681a7691b86e1af691b9691a1695b96edbb6e1a5,269,c0f02c0f02c0b02c0b02c0b02c0b02c0b02c0b02c0b02c0b06c1b4fd3b4ec2b02c0b02c0b02c0b02,5bf,9d26d9d2649b6709b66f9c6719c6679c26c9d2679ae6e9c2719c26d9be6d9ba719ae719a66c9ce6d,525515555c5014852d4b559405214955d47521545595255d465254052d5455d555094857d4651942,1,1,1,1
856,856,0,75a,557,681a6691ad69da66e9a46fda46e9a3699a06e9bb681a7691b86e1af691b9691a1695b96edbb6e1a5,268,c0f02c0f02c0b02c0b02c0b02c0b02c0b02c0b02c0b02c0b06c1b4fd3b4ec2b02c0b02c0b02c0b02,5a7,9d26d9d2649b6709b66f9c6719c6679c26c9d2679ae6e9c2719c26d9be6d9ba719ae719a66c9ce6d,525515555c5014852d4b559405214955d47521545595255d465254052d5455d555094857d4651942,1,1,1,1
857,857,0,754,55d,681a6691ad69da66e9a46fda46e9a3699a06e9bb681a7691b86e1af691b9691a1695b96edbb6e1a5,277,c0f02c0f02c0b02c0b02c0b02c0b02c0b02c0b02c0b02c0b06c1b4fd3b4ec2b02c0b02c0b02c0b02,5bb,9d26d9d2649b6709b66f9c6719c6679c26c9d2679ae6e9c2719c26d9be6d9ba719ae719a66c9ce6d,525515555c5014852d4b559405214955d47521545595255d465254052d5455d555094857d4651942,1,1,1,1
858,858,0,74c,548,681a6691ad69da66e9a46fda46e9a3699a06e9bb681a7691b86e1af691b9691a1695b96edbb6e1a5,269,c0f02c0f02c0b02c0b02c0b02c0b02c0b02c0b02c0b02c0b06c1b4fd3b4ec2b02c0b02c0b02c0b02,5a3,9d26d9d2649b6709b66f9c6719c6679c26c9d2679ae6e9c2719c26d9be6d9ba719ae719a66c9ce6d,525515555c5014852d4b559405214955d47521545595255d465254052d5455d555094857d4651942,1,1,1,1
859,859,0,753,54e,681a6691ad69da66e9a46fda46e9a3699a06e9bb681a7691b86e1af691b9691a1695b96edbb6e1a5,275,c0f02c0f02c0b02c0b02c0b02c0b02c0b02c0b02c0b02c0b06c1b4fd3b4ec2b02c0b02c0b02c0b02,5a6,9d26d9d2649b6709b66f9c6719c6679c26c9d2679ae6e9c2719c26d9be6d9ba719ae719a66c9ce6d,525515555c5014852d4b559405214955d47521545595255d465254052d5455d555094857d4651942,1,1,1,1
860,860,0,752,557,681a6691ad69da66e9a46fda46e9a3699a06e9bb681a7691b86e1af691b9691a1695b96edbb6e1a5,66d,c0f02c0f02c0b02c0b02c0b02c0b02c0b02c0b02c0b02c0b06c1b4fd3b4ec2b02c0b02c0b02c0b02,5a3,9d26d9d2649b6709b66f9c6719c6679c26c9d2679ae6e9c2719c26d9be6d9ba719ae719a66c9ce6d,525515555c5014852d4b559405214955d47521545595255d465254052d5455d555094857d4651942,1,1,1,1
861,861,0,756,557,681a6691ad69da66e9a46fda46e9a3699a06e9bb681a7691b86e1af691b9691a1695b96edbb6e1a5,674,c0f02c0f02c0b02c0b02c0b02c0b02c0b02c0b02c0b02c0b06c1b4fd3b4ec2b02c0b02c0b02c0b02,5ba,9d26d992649b6709b66c9c6719ce679c26f992679ae719ce719c26d9be6d9ba6e9aa709a66c9ce6d,525515555c5014852d4b559405214955d47521545595255d465254052d5455d555094857d4651942,1,1,1,1
862,862,0,756,54b,681a6691ad69da66e9a46fda46e9a3699a06e9bb681a7691b86e1af691b9691a1695b96edbb6e1a5,664,c0f02c0f02c0b02c0b02c0b02c0b02c0b02c0b02c0b02c0b06c1b4fd3b4ec2b02c0b02c0b02c0b02,5bb,9d26d992649b6709b66c9c6719ce679c26f992679ae719ce719c26d9be6d9ba6e9aa709a66c9ce6d,525515555c5014852d4b559405214955d47521545595255d465254052d5455d555094857d4651942,1,1,1,1
863,863,0,34c,554,681a6691ad69da66e9a46fda46e9a3699a06e9bb681a7691b86e1af691b9691a1695b96edbb6e1a5,66d,c0f02c0f02c0b02c0b02c0b02c0b02c0b02c0b02c0b02c0b06c1b4fd3b4ec2b02c0b02c0b02c0b02,1a0,9d26d992649b6709b66c9c6719ce679c26f992679ae719ce719c26d9be6d9ba6e9aa709a66c9ce6d,525515555c5014852d4b559405214955d47521545595255d465254052d5455d555094857d4651942,1,1,1,1
864,864,0,34c,156,681a6691ad69da66e9a46fda46e9a3699a06e9bb681a7691b86e1af691b9691a1695b96edbb6e1a5,675,c0f02c0f02c0b02c0b02c0b02c0b02c0b02c0b02c0b02c0b06c1b4fd3b4ec2b02c0b02c0b02c0b02,1a4,9d26d992649b6709b66c9c6719ce679c26f992679ae719ce719c26d9be6d9ba6e9aa709a66c9ce6d,525515555c5014852d4b559405214955d47521545595255d465254052d5455d555094857d4651942,1,1,1,1
865,865,0,348,152,681a6691ad69da66e9a46fda46e9a3699a06e9bb681a7691b86e1af691b9691a1695b96edbb6e1a5,669,c0f02c0f02c0b02c0b02c0b02c0b02c0b02c0b02c0b02c0b06c1b4fd3b4ec2b02c0b02c0b02c0b02,1a4,9d26d992649b6709b66c9c6719ce679c26f992679ae719ce719c26d9be6d9ba6e9aa709a66c9ce6d,525515555c5014852d4b559405214955d47521545595255d465254052d5455d555094857d4651942,1,1,1,1
866,866,0,356,157,681a6691ad69da66e9a46fda46e9a3699a06e9bb681a7691b86e1af691b9691a1695b96edbb6e1a5,66c,c0f02c0f02c0b02c0b02c0b02c0b02c0b02c0b02c0b02c0b06c1b4fd3b4ec2b02c0b02c0b02c0b02,1bb,9d26d992649b6709b66c9c6719ce679c26f992679ae719ce719c26d9be6d9ba6e9aa709a66c9ce6d,525515555c5014852d4b559405214955d47521545595255d465254052d5455d555094857d4651942,1,1,1,1
867,867,0,357,156,681a6691ad69da66e9a46fda46e9a3699a06e9bb681a7691b86e1af691b9691a1695b96edbb6e1a5,675,c0f02c0f02c0b02c0b02c0b02c0b02c0b02c0b02c0b02c0b06c1b4fd3b4ec2b02c0b02c0b02c0b02,1b9,9d26d992649b6709b66c9c6719ce679c26f992679ae719ce719c26d9be6d9ba6e9aa709a66c9ce6d,525515555c5014852d4b559405214955d47521545595255d465254052d5455d555094857d4651942,1,1,1,1
868,868,0,34d,148,681a6691ad69da66e9a46fda46e9a3699a06e9bb681a7691b86e1af691b9691a1695b96edbb6e1a5,671,c0f02c0f02c0b02c0b02c0b02c0b02c0b02c0b02c0b02c0b06c1b4fd3b4ec2b02c0b02c0b02c0b02,1af,9d26d992649b6709b66c9c6719ce679c26f992679ae719ce719c26d9be6d9ba6e9aa709a66c9ce6d,525515555c5014852d4b559405214955d47521545595255d465254052d5455d555094857d4651942,1,1,1,1
869,869,0,34e,150,681a6691ad69da66e9a46fda46e9a3699a06e9bb681a7691b86e1af691b9691a1695b96edbb6e1a5,673,c0f02c0f02c0b02c0b02c0b02c0b02c0b02c0b02c0b02c0b06c1b4fd3b4ec2b02c0b02c0b02c0b02,1a5,9d26d992649b6709b66c9c6719ce679c26f992679ae719ce719c26d9be6d9ba6e9aa709a66c9ce6d,525515555c5014852d4b559405214955d47521545595255d465254052d5455d555094857d4651942,1,1,1,1
870,870,0,34c,14e,681a6691ad69da66e9a46fda46e9a3699a06e9bb681a7691b86e1af691b9691a1695b96edbb6e1a5,660,c0f02c0f02c0b02c0b02c0b02c0b02c0b02c0b02c0b02c0b06c1b4fd3b4ec2b02c0b02c0b02c0b02,1b9,9d26d992649b6709b66c9c6719ce679c26f992679ae719ce719c26d9be6d9ba6e9aa709a66c9ce6d,525515555c5014852d4b559405214955d47521545595255d465254052d5455d555094857d4651942,1,1,1,1
871,871,0,348,156,681a6691ad69da66e9a46fda46e9a3699a06e9bb681a7691b86e1af691b9691a1695b96edbb6e1a5,674,c0f02c0f02c0b02c0b02c0b02c0b02c0b02c0b02c0b02c0b06c1b4fd3b4ec2b02c0b02c0b02c0b02,1a4,9d26d992649b6709b66c9c6719ce679c26f992679ae719ce719c26d9be6d9ba6e9aa709a66c9ce6d,525515555c5014852d4b559405214955d47521545595255d465254052d5455d555094857d4651942,1,1,1,1
872,872,0,352,155,681a6691ad69da66e9a46fda46e9a3699a06e9bb681a7691b86e1af691b9691a1695b96edbb6e1a5,668,c0f02c0f02c0b02c0b02c0b02c0b02c0b02c0b02c0b02c0b06c1b4fd3b4ec2b02c0b02c0b02c0b02,1a1,9d26d992649b6709b66c9c6719ce679c26f992679ae719ce719c26d9be6d9ba6e9aa709a66c9ce6d,525515555c5014852d4b559405214955d47521545595255d465254052d5455d555094857d4651942,1,1,1,1
873,873,0,350,157,681a6691ad69da66e9a46fda46e9a3699a06e9bb681a7691b86e1af691b9691a1695b96edbb6e1a5,674,c0f02c0f02c0b02c0b02c0b02c0b02c0b02c0b02c0b02c0b06c1b4fd3b4ec2b02c0b02c0b02c0b02,1a5,9d26d992649b6709b66c9c6719ce679c26f992679ae719ce719c26d9be6d9ba6e9aa709a66c9ce6d,525515555c5014852d4b559405214955d47521545595255d465254052d5455d555094857d4651942,1,1,1,1
874,874,0,34b,150,681a6691ad69da66e9a46fda46e9a3699a06e9bb681a7691b86e1af691b9691a1695b96edbb6e1a5,667,c0f02c0f02c0b02c0b02c0b02c0b02c0b02c0b02c0b02c0b06c1b4fd3b4ec2b02c0b02c0b02c0b02,1b9,9d26d992649b6709b66c9c6719ce679c26f992679ae719ce719c26d9be6d9ba6e9aa709a66c9ce6d,525515555c5014852d4b559405214955d47521545595255d465254052d5455d555094857d4651942,1,1,1,1
875,875,0,351,155,681a6691ad69da66e9a46fda46e9a3699a06e9bb681a7691b86e1af691b9691a1695b96edbb6e1a5,66f,c0f02c0f02c0b02c0b02c0b02c0b02c0b02c0b02c0b02c0b06c1b4fd3b4ec2b02c0b02c0b02c0b02,1ba,9d26d992649b6709b66c9c6719ce679c26f992679ae719ce719c26d9be6d9ba6e9aa709a66c9ce6d,525515555c5014852d4b559405214955d47521545595255d465254052d5455d555094857d4651942,1,1,1,1
876,876,0,349,15d,681a6691ad69da66e9a46fda46e9a3699a06e9bb681a7691b86e1af691b9691a1695b96edbb6e1a5,271,c0f02c0f02c0b02c0b02c0b02c0b02c0b02c0b02c0b02c0b06c1b4fd3b4ec2b02c0b02c0b02c0b02,1b9,9d26d992649b6709b66c9c6719ce679c26f992679ae719ce719c26d9be6d9ba6e9aa709a66c9ce6d,525515555c5014852d4b559405214955d47521545595255d465254052d5455d555094857d4651942,1,1,1,1
877,877,0,35a,151,681a6691ad69da66e9a46fda46e9a3699a06e9bb681a7691b86e1af691b9691a1695b96edbb6e1a5,273,c0f02c0f02c0b02c0b02c0b02c0b02c0b02c0b02c0b02c0b06c1b4fd3b4ec2b02c0b02c0b02c0b02,1b9,9d26d992649b6709b66c9c6719ce679c26f992679ae719ce719c26d9be6d9ba6e9aa709a66c9ce6d,525515555c5014852d4b559405214955d47521545595255d465254052d5455d555094857d4651942,1,1,1,1
878,878,0,348,14f,681a6691ad69da66e9a46fda46e9a3699a06e9bb681a7691b86e1af691b9691a1695b96edbb6e1a5,26a,c0f02c0f02c0b02c0b02c0b02c0b02c0b02c0b02c0b02c0b06c1b4fd3b4ec2b02c0b02c0b02c0b02,1a5,9d26d992649b6709b66c9c6719ce679c26f992679ae719ce719c26d9be6d9ba6e9aa709a66c9ce6d,525515555c5014852d4b559405214955d47521545595255d465254052d5455d555094857d4651942,1,1,1,1
879,879,0,750,15d,681a6691ad69da66e9a46fda46e9a3699a06e9bb681a7691b86e1af691b9691a1695b96edbb6e1a5,274,c0f02c0f02c0b02c0b02c0b02c0b02c0b02c0b02c0b02c0b06c1b4fd3b4ec2b02c0b02c0b02c0b02,5a1,9d26d992649b6709b66c9c6719ce679c26f992679ae719ce719c26d9be6d9ba6e9aa709a66c9ce6d,525515555c5014852d4b559405214955d47521545595255d465254052d5455d555094857d4651942,1,1,1,1
880,880,0,756,54a,685a6691ad69da66e9a46fda76eda3699a36e9bb681a4691bb6e5af695b9691a1695b96e9bb6e5a5,269,c0f02c0f02c0b02c0b02c0b02c0b02c0b02c0b02c0b02c0b06c1f4fd3b4ec2b02c0b02c0b02c0b02,5a6,9d26d992649b6709b66c9c6719ce679c26f992679ae719ce719c26d9be6d9ba6e9aa709a66c9ce6d,525515555c5014852d4b559405214955d47521545595255d465254052d5455d555094857d4651942,1,1,1,1
881,881,0,756,551,685a6691ad69da66e9a46fda76eda3699a36e9bb681a4691bb6e5af695b9691a1695b96e9bb6e5a5,26f,c0f02c0f02c0b02c0b02c0b02c0b02c0b02c0b02c0b02c0b06c1f4fd3b4ec2b02c0b02c0b02c0b02,5a4,9d26d992649b6709b66c9c6719ce679c26f992679ae719ce719c26d9be6d9ba6e9aa709a66c9ce6d,521515515c5014b5294b5554d5294e55d47525545595255d54521405395455d5554155575515354d,1,1,1,1
882,882,0,752,554,685a6691ad69da66e9a46fda76eda3699a36e9bb681a4691bb6e5af695b9691a1695b96e9bb6e5a5,26d,c0f02c0f02c0b02c0b02c0b02c0b02c0b02c0b02c0b02c0b06c1f4fd3b4ec2b02c0b02c0b02c0b02,5ad,9d26d992649b6709b66c9c6719ce679c26f992679ae719ce719c26d9be6d9ba6e9aa709a66c9ce6d,521515515c5014b5294b5554d5294e55d47525545595255d54521405395455d5554155575515354d,1,1,1,1
883,883,0,74f,55d,685a6691ad69da66e9a46fda76eda3699a36e9bb681a4691bb6e5af695b9691a1695b96e9bb6e5a5,26e,c0f02c0f02c0b02c0b02c0b02c0b02c0b02c0b02c0b02c0b06c1f4fd3b4ec2b02c0b02c0b02c0b02,5a7,9d26d992649b6709b66c9c6719ce679c26f992679ae719ce719c26d9be6d9ba6e9aa709a66c9ce6d,521515515c5014b5294b5554d5294e55d47525545595255d54521405395455d5554155575515354d,1,1,1,1
884,884,0,74c,550,685a6691ad69da66e9a46fda76eda3699a36e9bb681a4691bb6e5af695b9691a1695b96e9bb6e5a5,26e,c0f02c0f02c0b02c0b02c0b02c0b02c0b02c0b02c0b02c0b06c1f4fd3b4ec2b02c0b02c0b02c0b02,5a1,9d26d992649b6709b66c9c6719ce679c26f992679ae719ce719c26d9be6d9ba6e9aa709a66c9ce6d,521515515c5014b5294b5554d5294e55d47525545595255d54521405395455d5554155575515354d,1,1,1,1
885,885,0,750,54b,685a6691ad69da66e9a46fda76eda3699a36e9bb681a4691bb6e5af695b9691a1695b96e9bb6e5a5,26f,c0f02c0f02c0b02c0b02c0b02c0b02c0b02c0b02c0b02c0b06c1f4fd3b4ec2b02c0b02c0b02c0b02,5ba,9d26d992649b6709b66c9c6719ce679c26f992679ae719ce719c26d9be6d9ba6e9aa709a66c9ce6d,521515515c5014b5294b5554d5294e55d47525545595255d54521405395455d5554155575515354d,1,1,1,1
886,886,0,74c,54b,685a6691ad69da66e9a46fda76eda3699a36e9bb681a4691bb6e5af695b9691a1695b96e9bb6e5a5,270,c0f02c0f02c0b02c0b02c0b02c0b02c0b02c0b02c0b02c0b06c1f4fd3b4ec2b02c0b02c0b02c0b02,5a7,9d26d992649b6709b66c9c6719ce679c26f992679ae719ce719c26d9be6d9ba6e9aa709a66c9ce6d,521515515c5014b5294b5554d5294e55d47525545595255d54521405395455d5554155575515354d,1,1,1,1
887,887,0,756,54b,685a6691ad69da66e9a46fda76eda3699a36e9bb681a4691bb6e5af695b9691a1695b96e9bb6e5a5,269,c0f02c0f02c0b02c0b02c0b02c0b02c0b02c0b02c0b02c0b06c1f4fd3b4ec2b02c0b02c0b02c0b02,5be,9d26d992649b6709b66c9c6719ce679c26f992679ae719ce719c26d9be6d9ba6e9aa709a66c9ce6d,521515515c5014b5294b5554d5294e55d47525545595255d54521405395455d5554155575515354d,1,1,1,1
888,888,0,75a,557,685a6691ad69da66e9a46fda76eda3699a36e9bb681a4691bb6e5af695b9691a1695b96e9bb6e5a5,26b,c0f02c0f02c0b02c0b02c0b02c0b02c0b02c0b02c0b02c0b06c1f4fd3b4ec2b02c0b02c0b02c0b02,5a7,9d26d992649b6709b66c9c6719ce679c26f992679ae719ce719c26d9be6d9ba6e9aa709a66c9ce6d,521515515c5014b5294b5554d5294e55d47525545595255d54521405395455d5554155575515354d,1,1,1,1
889,889,0,754,552,685a6691ad69da66e9a46fda76eda3699a36e9bb681a4691bb6e5af695b9691a1695b96e9bb6e5a5,274,c0f02c0f02c0b02c0b02c0b02c0b02c0b02c0b02c0b02c0b06c1f4fd3b4ec2b02c0b02c0b02c0b02,5bb,9d26d992649b6709b66c9c6719ce679c26f992679ae719ce719c26d9be6d9ba6e9aa709a66c9ce6d,521515515c5014b5294b5554d5294e55d47525545595255d54521405395455d5554155575515354d,1,1,1,1
890,890,0,74d,548,685a6691ad69da66e9a46fda76eda3699a36e9bb681a4691bb6e5af695b9691a1695b96e9bb6e5a5,269,c0f02c0f02c0b02c0b02c0b02c0b02c0b02c0b02c0b02c0b06c1f4fd3b4ec2b02c0b02c0b02c0b02,5a3,9d26d992649b6709b66c9c6719ce679c26f992679ae719ce719c26d9be6d9ba6e9aa709a66c9ce6d,521515515c5014b5294b5554d5294e55d47525545595255d54521405395455d5554155575515354d,1,1,1,1
891,891,0,753,549,685a6691ad69da66e9a46fda76eda3699a36e9bb681a4691bb6e5af695b9691a1695b96e9bb6e5a5,274,c0f02c0f02c0b02c0b02c0b02c0b02c0b02c0b02c0b02c0b06c1f4fd3b4ec2b02c0b02c0b02c0b02,5a1,9d26d992649b6709b66c9c6719ce679c26f992679ae719ce719c26d9be6d9ba6e9aa709a66c9ce6d,521515515c5014b5294b5554d5294e55d47525545595255d54521405395455d5554155575515354d,1,1,1,1
892,892,0,752,557,685a6691ad69da66e9a46fda76eda3699a36e9bb681a4691bb6e5af695b9691a1695b96e9bb6e5a5,66d,c0f02c0f02c0b02c0b02c0b02c0b02c0b02c0b02c0b02c0b06c1f4fd3b4ec2b02c0b02c0b02c0b02,5a0,9d26d992649b6709b66c9c6719ce679c26f992679ae719ce719c26d9be6d9ba6e9aa709a66c9ce6d,521515515c5014b5294b5554d5294e55d47525545595255d54521405395455d5554155575515354d,1,1,1,1
893,893,0,756,557,685a6691ad69da66e9a46fda76eda3699a36e9bb681a4691bb6e5af695b9691a1695b96e9bb6e5a5,674,c0f02c0f02c0b02c0b02c0b02c0b02c0b02c0b02c0b02c0b06c1f4fd3b4ec2b02c0b02c0b02c0b02,5ba,9966d992649b6719b66c9c6719ce649c26c992679ae719ce6e9c26d9be6d9ba6e9ae709a66f9e26d,521515515c5014b5294b5554d5294e55d47525545595255d54521405395455d5554155575515354d,1,1,1,1
894,894,0,751,54b,685a6691ad69da66e9a46fda76eda3699a36e9bb681a4691bb6e5af695b9691a1695b96e9bb6e5a5,665,c0f02c0f02c0b02c0b02c0b02c0b02c0b02c0b02c0b02c0b06c1f4fd3b4ec2b02c0b02c0b02c0b02,5b8,9966d992649b6719b66c9c6719ce649c26c992679ae719ce6e9c26d9be6d9ba6e9ae709a66f9e26d,521515515c5014b5294b5554d5294e55d47525545595255d54521405395455d5554155575515354d,1,1,1,1
895,895,0,34c,554,685a6691ad69da66e9a46fda76eda3699a36e9bb681a4691bb6e5af695b9691a1695b96e9bb6e5a5,66e,c0f02c0f02c0b02c0b02c0b02c0b02c0b02c0b02c0b02c0b06c1f4fd3b4ec2b02c0b02c0b02c0b02,1a0,9966d992649b6719b66c9c6719ce649c26c992679ae719ce6e9c26d9be6d9ba6e9ae709a66f9e26d,521515515c5014b5294b5554d5294e55d47525545595255d54521405395455d5554155575515354d,1,1,1,1
896,896,0,34c,156,685a6691ad69da66e9a46fda76eda3699a36e9bb681a4691bb6e5af695b9691a1695b96e9bb6e5a5,671,c0f02c0f02c0b02c0b02c0b02c0b02c0b02c0b02c0b02c0b06c1f4fd3b4ec2b02c0b02c0b02c0b02,1a4,9966d992649b6719b66c9c6719ce649c26c992679ae719ce6e9c26d9be6d9ba6e9ae709a66f9e26d,521515515c5014b5294b5554d5294e55d47525545595255d54521405395455d5554155575515354d,1,1,1,1
897,897,0,348,152,685a6691ad69da66e9a46fda76eda3699a36e9bb681a4691bb6e5af695b9691a1695b96e9bb6e5a5,669,c0f02c0f02c0b02c0b02c0b02c0b02c0b02c0b02c0b02c0b06c1f4fd3b4ec2b02c0b02c0b02c0b02,1a4,9966d992649b6719b66c9c6719ce649c26c992679ae719ce6e9c26d9be6d9ba6e9ae709a66f9e26d,521515515c5014b5294b5554d5294e55d47525545595255d54521405395455d5554155575515354d,1,1,1,1
898,898,0,356,154,685a6691ad69da66e9a46fda76eda3699a36e9bb681a4691bb6e5af695b9691a1695b96e9bb6e5a5,66f,c0f02c0f02c0b02c0b02c0b02c0b02c0b02c0b02c0b02c0b06c1f4fd3b4ec2b02c0b02c0b02c0b02,1b8,9966d992649b6719b66c9c6719ce649c26c992679ae719ce6e9c26d9be6d9ba6e9ae709a66f9e26d,521515515c5014b5294b5554d5294e55d47525545595255d54521405395455d5554155575515354d,1,1,1,1
899,899,0,357,156,685a6691ad69da66e9a46fda76eda3699a36e9bb681a4691bb6e5af695b9691a1695b96e9bb6e5a5,675,c0f02c0f02c0b02c0b02c0b02c0b02c0b02c0b02c0b02c0b06c1f4fd3b4ec2b02c0b02c0b02c0b02,1b9,9966d992649b6719b66c9c6719ce649c26c992679ae719ce6e9c26d9be6d9ba6e9ae709a66f9e26d,521515515c5014b5294b5554d5294e55d47525545595255d54521405395455d5554155575515354d,1,1,1,1
900,900,0,352,14b,685a6691ad69da66e9a46fda76eda3699a36e9bb681a4691bb6e5af695b9691a1695b96e9bb6e5a5,671,c0f02c0f02c0b02c0b02c0b02c0b02c0b02c0b02c0b02c0b06c1f4fd3b4ec2b02c0b02c0b02c0b02,1af,9966d992649b6719b66c9c6719ce649c26c992679ae719ce6e9c26d9be6d9ba6e9ae709a66f9e26d,521515515c5014b5294b5554d5294e55d47525545595255d54521405395455d5554155575515354d,1,1,1,1
901,901,0,34e,150,685a6691ad69da66e9a46fda76eda3699a36e9bb681a4691bb6e5af695b9691a1695b96e9bb6e5a5,670,c0f02c0f02c0b02c0b02c0b02c0b02c0b02c0b02c0b02c0b06c1f4fd3b4ec2b02c0b02c0b02c0b02,1a5,9966d992649b6719b66c9c6719ce649c26c992679ae719ce6e9c26d9be6d9ba6e9ae709a66f9e26d,521515515c5014b5294b5554d5294e55d47525545595255d54521405395455d5554155575515354d,1,1,1,1
902,902,0,34c,149,685a6691ad69da66e9a46fda76eda3699a36e9bb681a4691bb6e5af695b9691a1695b96e9bb6e5a5,663,c0f02c0f02c0b02c0b02c0b02c0b02c0b02c0b02c0b02c0b06c1f4fd3b4ec2b02c0b02c0b02c0b02,1b9,9966d992649b6719b66c9c6719ce649c26c992679ae719ce6e9c26d9be6d9ba6e9ae709a66f9e26d,521515515c5014b5294b5554d5294e55d47525545595255d54521405395455d5554155575515354d,1,1,1,1
903,903,0,348,156,685a6691ad69da66e9a46fda76eda3699a36e9bb681a4691bb6e5af695b9691a1695b96e9bb6e5a5,677,c0f02c0f02c0b02c0b02c0b02c0b02c0b02c0b02c0b02c0b06c1f4fd3b4ec2b02c0b02c0b02c0b02,1a4,9966d992649b6719b66c9c6719ce649c26c992679ae719ce6e9c26d9be6d9ba6e9ae709a66f9e26d,521515515c5014b5294b5554d5294e55d47525545595255d54521405395455d5554155575515354d,1,1,1,1
904,904,0,352,154,685a6691ad69da66e9a46fda76eda3699a36e9bb681a4691bb6e5af695b9691a1695b96e9bb6e5a5,668,c0f02c0f02c0b02c0b02c0b02c0b02c0b02c0b02c0b02c0b06c1f4fd3b4ec2b02c0b02c0b02c0b02,1a1,9966d992649b6719b66c9c6719ce649c26c992679ae719ce6e9c26d9be6d9ba6e9ae709a66f9e26d,521515515c5014b5294b5554d5294e55d47525545595255d54521405395455d5554155575515354d,1,1,1,1
905,905,0,350,156,685a6691ad69da66e9a46fda76eda3699a36e9bb681a4691bb6e5af695b9691a1695b96e9bb6e5a5,674,c0f02c0f02c0b02c0b02c0b02c0b02c0b02c0b02c0b02c0b06c1f4fd3b4ec2b02c0b02c0b02c0b02,1a5,9966d992649b6719b66c9c6719ce649c26c992679ae719ce6e9c26d9be6d9ba6e9ae709a66f9e26d,521515515c5014b5294b5554d5294e55d47525545595255d54521405395455d5554155575515354d,1,1,1,1
906,906,0,34b,151,685a6691ad69da66e9a46fda76eda3699a36e9bb681a4691bb6e5af695b9691a1695b96e9bb6e5a5,667,c0f02c0f02c0b02c0b02c0b02c0b02c0b02c0b02c0b02c0b06c1f4fd3b4ec2b02c0b02c0b02c0b02,1be,9966d992649b6719b66c9c6719ce649c26c992679ae719ce6e9c26d9be6d9ba6e9ae709a66f9e26d,521515515c5014b5294b5554d5294e55d47525545595255d54521405395455d5554155575515354d,1,1,1,1
907,907,0,351,14a,685a6691ad69da66e9a46fda76eda3699a36e9bb681a4691bb6e5af695b9691a1695b96e9bb6e5a5,66f,c0f02c0f02c0b02c0b02c0b02c0b02c0b02c0b02c0b02c0b06c1f4fd3b4ec2b02c0b02c0b02c0b02,1ba,9966d992649b6719b66c9c6719ce649c26c992679ae719ce6e9c26d9be6d9ba6e9ae709a66f9e26d,521515515c5014b5294b5554d5294e55d47525545595255d54521405395455d5554155575515354d,1,1,1,1
908,908,0,349,15d,685a6691ad69da66e9a46fda76eda3699a36e9bb681a4691bb6e5af695b9691a1695b96e9bb6e5a5,271,c0f02c0f02c0b02c0b02c0b02c0b02c0b02c0b02c0b02c0b06c1f4fd3b4ec2b02c0b02c0b02c0b02,1b9,9966d992649b6719b66c9c6719ce649c26c992679ae719ce6e9c26d9be6d9ba6e9ae709a66f9e26d,521515515c5014b5294b5554d5294e55d47525545595255d54521405395455d5554155575515354d,1,1,1,1
909,909,0,35a,156,685a6691ad69da66e9a46fda76eda3699a36e9bb681a4691bb6e5af695b9691a1695b96e9bb6e5a5,273,c0f02c0f02c0b02c0b02c0b02c0b02c0b02c0b02c0b02c0b06c1f4fd3b4ec2b02c0b02c0b02c0b02,1b9,9966d992649b6719b66c9c6719ce649c26c992679ae719ce6e9c26d9be6d9ba6e9ae709a66f9e26d,521515515c5014b5294b5554d5294e55d47525545595255d54521405395455d5554155575515354d,1,1,1,1
910,910,0,348,14f,685a6691ad69da66e9a46fda76eda3699a36e9bb681a4691bb6e5af695b9691a1695b96e9bb6e5a5,26a,c0f02c0f02c0b02c0b02c0b02c0b02c0b02c0b02c0b02c0b06c1f4fd3b4ec2b02c0b02c0b02c0b02,1a4,9966d992649b6719b66c9c6719ce649c26c992679ae719ce6e9c26d9be6d9ba6e9ae709a66f9e26d,521515515c5014b5294b5554d5294e55d47525545595255d54521405395455d5554155575515354d,1,1,1,1
911,911,0,750,15d,685a6691ad69da66e9a46fda76eda3699a36e9bb681a4691bb6e5af695b9691a1695b96e9bb6e5a5,274,c0f02c0f02c0b02c0b02c0b02c0b02c0b02c0b02c0b02c0b06c1f4fd3b4ec2b02c0b02c0b02c0b02,5a6,9966d992649b6719b66c9c6719ce649c26c992679ae719ce6e9c26d9be6d9ba6e9ae709a66f9e26d,521515515c5014b5294b5554d5294e55d47525545595255d54521405395455d5554155575515354d,1,1,1,1
912,912,0,756,54b,685a6691ad69da16e9a76f9a76eda3685a06e9b8681a4691b86e5af695b9691a1695bc6e9bb6e5a4,269,c0f02c0f02c0b02c0b02c0b02c0b02c0b02c0b02c0b02c0b06c1f52d3b4ec2b02c0b02c0b02c0b02,5a6,9966d992649b6719b66c9c6719ce649c26c992679ae719ce6e9c26d9be6d9ba6e9ae709a66f9e26d,521515515c5014b5294b5554d5294e55d47525545595255d54521405395455d5554155575515354d,1,1,1,1
913,913,0,756,551,685a6691ad69da16e9a76f9a76eda3685a06e9b8681a4691b86e5af695b9691a1695bc6e9bb6e5a4,26f,c0f02c0f02c0b02c0b02c0b02c0b02c0b02c0b02c0b02c0b06c1f52d3b4ec2b02c0b02c0b02c0b02,5a7,9966d992649b6719b66c9c6719ce649c26c992679ae719ce6e9c26d9be6d9ba6e9ae709a66f9e26d,521515515d5014b52d4b55d405214955d475255455950559465254052d545595450d4857d465354f,1,1,1,1
914,914,0,753,555,685a6691ad69da16e9a76f9a76eda3685a06e9b8681a4691b86e5af695b9691a1695bc6e9bb6e5a4,26d,c0f02c0f02c0b02c0b02c0b02c0b02c0b02c0b02c0b02c0b06c1f52d3b4ec2b02c0b02c0b02c0b02,5ad,9966d992649b6719b66c9c6719ce649c26c992679ae719ce6e9c26d9be6d9ba6e9ae709a66f9e26d,521515515d5014b52d4b55d405214955d475255455950559465254052d545595450d4857d465354f,1,1,1,1
915,915,0,74f,55d,685a6691ad69da16e9a76f9a76eda3685a06e9b8681a4691b86e5af695b9691a1695bc6e9bb6e5a4,26e,c0f02c0f02c0b02c0b02c0b02c0b02c0b02c0b02c0b02c0b06c1f52d3b4ec2b02c0b02c0b02c0b02,5a7,9966d992649b6719b66c9c6719ce649c26c992679ae719ce6e9c26d9be6d9ba6e9ae709a66f9e26d,521515515d5014b52d4b55d405214955d475255455950559465254052d545595450d4857d465354f,1,1,1,1
916,916,0,74e,550,685a6691ad69da16e9a76f9a76eda3685a06e9b8681a4691b86e5af695b9691a1695bc6e9bb6e5a4,26e,c0f02c0f02c0b02c0b02c0b02c0b02c0b02c0b02c0b02c0b06c1f52d3b4ec2b02c0b02c0b02c0b02,5a1,9966d992649b6719b66c9c6719ce649c26c992679ae719ce6e9c26d9be6d9ba6e9ae709a66f9e26d,521515515d5014b52d4b55d405214955d475255455950559465254052d545595450d4857d465354f,1,1,1,1
917,917,0,750,54b,685a6691ad69da16e9a76f9a76eda3685a06e9b8681a4691b86e5af695b9691a1695bc6e9bb6e5a4,26f,c0f02c0f02c0b02c0b02c0b02c0b02c0b02c0b02c0b02c0b06c1f52d3b4ec2b02c0b02c0b02c0b02,5bb,9966d992649b6719b66c9c6719ce649c26c992679ae719ce6e9c26d9be6d9ba6e9ae709a66f9e26d,521515515d5014b52d4b55d405214955d475255455950559465254052d545595450d4857d465354f,1,1,1,1
918,918,0,74c,54a,685a6691ad69da16e9a76f9a76eda3685a06e9b8681a4691b86e5af695b9691a1695bc6e9bb6e5a4,270,c0f02c0f02c0b02c0b02c0b02c0b02c0b02c0b02c0b02c0b06c1f52d3b4ec2b02c0b02c0b02c0b02,5a4,9966d992649b6719b66c9c6719ce649c26c992679ae719ce6e9c26d9be6d9ba6e9ae709a66f9e26d,521515515d5014b52d4b55d405214955d475255455950559465254052d545595450d4857d465354f,1,1,1,1
919,919,0,756,54b,685a6691ad69da16e9a76f9a76eda3685a06e9b8681a4691b86e5af695b9691a1695bc6e9bb6e5a4,269,c0f02c0f02c0b02c0b02c0b02c0b02c0b02c0b02c0b02c0b06c1f52d3b4ec2b02c0b02c0b02c0b02,5bf,9966d992649b6719b66c9c6719ce649c26c992679ae719ce6e9c26d9be6d9ba6e9ae709a66f9e26d,521515515d5014b52d4b55d405214955d475255455950559465254052d545595450d4857d465354f,1,1,1,1
920,920,0,75b,557,685a6691ad69da16e9a76f9a76eda3685a06e9b8681a4691b86e5af695b9691a1695bc6e9bb6e5a4,26b,c0f02c0f02c0b02c0b02c0b02c0b02c0b02c0b02c0b02c0b06c1f52d3b4ec2b02c0b02c0b02c0b02,5a7,9966d992649b6719b66c9c6719ce649c26c992679ae719ce6e9c26d9be6d9ba6e9ae709a66f9e26d,521515515d5014b52d4b55d405214955d475255455950559465254052d545595450d4857d465354f,1,1,1,1
921,921,0,754,552,685a6691ad69da16e9a76f9a76eda3685a06e9b8681a4691b86e5af695b9691a1695bc6e9bb6e5a4,277,c0f02c0f02c0b02c0b02c0b02c0b02c0b02c0b02c0b02c0b06c1f52d3b4ec2b02c0b02c0b02c0b02,5bb,9966d992649b6719b66c9c6719ce649c26c992679ae719ce6e9c26d9be6d9ba6e9ae709a66f9e26d,521515515d5014b52d4b55d405214955d475255455950559465254052d545595450d4857d465354f,1,1,1,1
922,922,0,74c,548,685a6691ad69da16e9a76f9a76eda3685a06e9b8681a4691b86e5af695b9691a1695bc6e9bb6e5a4,269,c0f02c0f02c0b02c0b02c0b02c0b02c0b02c0b02c0b02c0b06c1f52d3b4ec2b02c0b02c0b02c0b02,5a2,9966d992649b6719b66c9c6719ce649c26c992679ae719ce6e9c26d9be6d9ba6e9ae709a66f9e26d,521515515d5014b52d4b55d405214955d475255455950559465254052d545595450d4857d465354f,1,1,1,1
923,923,0,753,54e,685a6691ad69da16e9a76f9a76eda3685a06e9b8681a4691b86e5af695b9691a1695bc6e9bb6e5a4,274,c0f02c0f02c0b02c0b02c0b02c0b02c0b02c0b02c0b02c0b06c1f52d3b4ec2b02c0b02c0b02c0b02,5a6,9966d992649b6719b66c9c6719ce649c26c992679ae719ce6e9c26d9be6d9ba6e9ae709a66f9e26d,521515515d5014b52d4b55d405214955d475255455950559465254052d545595450d4857d465354f,1,1,1,1
924,924,0,752,557,685a6691ad69da16e9a76f9a76eda3685a06e9b8681a4691b86e5af695b9691a1695bc6e9bb6e5a4,66d,c0f02c0f02c0b02c0b02c0b02c0b02c0b02c0b02c0b02c0b06c1f52d3b4ec2b02c0b02c0b02c0b02,5a0,9966d992649b6719b66c9c6719ce649c26c992679ae719ce6e9c26d9be6d9ba6e9ae709a66f9e26d,521515515d5014b52d4b55d405214955d475255455950559465254052d545595450d4857d465354f,1,1,1,1
925,925,0,756,557,685a6691ad69da16e9a76f9a76eda3685a06e9b8681a4691b86e5af695b9691a1695bc6e9bb6e5a4,674,c0f02c0f02c0b02c0b02c0b02c0b02c0b02c0b02c0b02c0b06c1f52d3b4ec2b02c0b02c0b02c0b02,5ba,9d26d992659aa719b66f9c6719c2679ce6c992679ae719ee6e9c26d9be6d9ba6e9ae709a66f9ce6d,521515515d5014b52d4b55d405214955d475255455950559465254052d545595450d4857d465354f,1,1,1,1
926,926,0,750,54a,685a6691ad69da16e9a76f9a76eda3685a06e9b8681a4691b86e5af695b9691a1695bc6e9bb6e5a4,665,c0f02c0f02c0b02c0b02c0b02c0b02c0b02c0b02c0b02c0b06c1f52d3b4ec2b02c0b02c0b02c0b02,5bb,9d26d992659aa719b66f9c6719c2679ce6c992679ae719ee6e9c26d9be6d9ba6e9ae709a66f9ce6d,521515515d5014b52d4b55d405214955d475255455950559465254052d545595450d4857d465354f,1,1,1,1
927,927,0,34c,554,685a6691ad69da16e9a76f9a76eda3685a06e9b8681a4691b86e5af695b9691a1695bc6e9bb6e5a4,66d,c0f02c0f02c0b02c0b02c0b02c0b02c0b02c0b02c0b02c0b06c1f52d3b4ec2b02c0b02c0b02c0b02,1a0,9d26d992659aa719b66f9c6719c2679ce6c992679ae719ee6e9c26d9be6d9ba6e9ae709a66f9ce6d,521515515d5014b52d4b55d405214955d475255455950559465254052d545595450d4857d465354f,1,1,1,1
928,928,0,34c,157,685a6691ad69da16e9a76f9a76eda3685a06e9b8681a4691b86e5af695b9691a1695bc6e9bb6e5a4,675,c0f02c0f02c0b02c0b02c0b02c0b02c0b02c0b02c0b02c0b06c1f52d3b4ec2b02c0b02c0b02c0b02,1a4,9d26d992659aa719b66f9c6719c2679ce6c992679ae719ee6e9c26d9be6d9ba6e9ae709a66f9ce6d,521515515d5014b52d4b55d405214955d475255455950559465254052d545595450d4857d465354f,1,1,1,1
929,929,0,348,153,685a6691ad69da16e9a76f9a76eda3685a06e9b8681a4691b86e5af695b9691a1695bc6e9bb6e5a4,669,c0f02c0f02c0b02c0b02c0b02c0b02c0b02c0b02c0b02c0b06c1f52d3b4ec2b02c0b02c0b02c0b02,1a5,9d26d992659aa719b66f9c6719c2679ce6c992679ae719ee6e9c26d9be6d9ba6e9ae709a66f9ce6d,521515515d5014b52d4b55d405214955d475255455950559465254052d545595450d4857d465354f,1,1,1,1
930,930,0,357,157,685a6691ad69da16e9a76f9a76eda3685a06e9b8681a4691b86e5af695b9691a1695bc6e9bb6e5a4,66f,c0f02c0f02c0b02c0b02c0b02c0b02c0b02c0b02c0b02c0b06c1f52d3b4ec2b02c0b02c0b02c0b02,1bb,9d26d992659aa719b66f9c6719c2679ce6c992679ae719ee6e9c26d9be6d9ba6e9ae709a66f9ce6d,521515515d5014b52d4b55d405214955d475255455950559465254052d545595450d4857d465354f,1,1,1,1
931,931,0,357,156,685a6691ad69da16e9a76f9a76eda3685a06e9b8681a4691b86e5af695b9691a1695bc6e9bb6e5a4,675,c0f02c0f02c0b02c0b02c0b02c0b02c0b02c0b02c0b02c0b06c1f52d3b4ec2b02c0b02c0b02c0b02,1b9,9d26d992659aa719b66f9c6719c2679ce6c992679ae719ee6e9c26d9be6d9ba6e9ae709a66f9ce6d,521515515d5014b52d4b55d405214955d475255455950559465254052d545595450d4857d465354f,1,1,1,1
932,932,0,352,14b,685a6691ad69da16e9a76f9a76eda3685a06e9b8681a4691b86e5af695b9691a1695bc6e9bb6e5a4,671,c0f02c0f02c0b02c0b02c0b02c0b02c0b02c0b02c0b02c0b06c1f52d3b4ec2b02c0b02c0b02c0b02,1af,9d26d992659aa719b66f9c6719c2679ce6c992679ae719ee6e9c26d9be6d9ba6e9ae709a66f9ce6d,521515515d5014b52d4b55d405214955d475255455950559465254052d545595450d4857d465354f,1,1,1,1
933,933,0,34e,150,685a6691ad69da16e9a76f9a76eda3685a06e9b8681a4691b86e5af695b9691a1695bc6e9bb6e5a4,670,c0f02c0f02c0b02c0b02c0b02c0b02c0b02c0b02c0b02c0b06c1f52d3b4ec2b02c0b02c0b02c0b02,1a5,9d26d992659aa719b66f9c6719c2679ce6c992679ae719ee6e9c26d9be6d9ba6e9ae709a66f9ce6d,521515515d5014b52d4b55d405214955d475255455950559465254052d545595450d4857d465354f,1,1,1,1
934,934,0,34c,14e,685a6691ad69da16e9a76f9a76eda3685a06e9b8681a4691b86e5af695b9691a1695bc6e9bb6e5a4,663,c0f02c0f02c0b02c0b02c0b02c0b02c0b02c0b02c0b02c0b06c1f52d3b4ec2b02c0b02c0b02c0b02,1b9,9d26d992659aa719b66f9c6719c2679ce6c992679ae719ee6e9c26d9be6d9ba6e9ae709a66f9ce6d,521515515d5014b52d4b55d405214955d475255455950559465254052d545595450d4857d465354f,1,1,1,1
935,935,0,349,156,685a6691ad69da16e9a76f9a76eda3685a06e9b8681a4691b86e5af695b9691a1695bc6e9bb6e5a4,674,c0f02c0f02c0b02c0b02c0b02c0b02c0b02c0b02c0b02c0b06c1f52d3b4ec2b02c0b02c0b02c0b02,1a4,9d26d992659aa719b66f9c6719c2679ce6c992679ae719ee6e9c26d9be6d9ba6e9ae709a66f9ce6d,521515515d5014b52d4b55d405214955d475255455950559465254052d545595450d4857d465354f,1,1,1,1
936,936,0,352,154,685a6691ad69da16e9a76f9a76eda3685a06e9b8681a4691b86e5af695b9691a1695bc6e9bb6e5a4,668,c0f02c0f02c0b02c0b02c0b02c0b02c0b02c0b02c0b02c0b06c1f52d3b4ec2b02c0b02c0b02c0b02,1a1,9d26d992659aa719b66f9c6719c2679ce6c992679ae719ee6e9c26d9be6d9ba6e9ae709a66f9ce6d,521515515d5014b52d4b55d405214955d475255455950559465254052d545595450d4857d465354f,1,1,1,1
937,937,0,350,157,685a6691ad69da16e9a76f9a76eda3685a06e9b8681a4691b86e5af695b9691a1695bc6e9bb6e5a4,674,c0f02c0f02c0b02c0b02c0b02c0b02c0b02c0b02c0b02c0b06c1f52d3b4ec2b02c0b02c0b02c0b02,1a4,9d26d992659aa719b66f9c6719c2679ce6c992679ae719ee6e9c26d9be6d9ba6e9ae709a66f9ce6d,521515515d5014b52d4b55d405214955d475255455950559465254052d545595450d4857d465354f,1,1,1,1
938,938,0,34b,151,685a6691ad69da16e9a76f9a76eda3685a06e9b8681a4691b86e5af695b9691a1695bc6e9bb6e5a4,667,c0f02c0f02c0b02c0b02c0b02c0b02c0b02c0b02c0b02c0b06c1f52d3b4ec2b02c0b02c0b02c0b02,1b9,9d26d992659aa719b66f9c6719c2679ce6c992679ae719ee6e9c26d9be6d9ba6e9ae709a66f9ce6d,521515515d5014b52d4b55d405214955d475255455950559465254052d545595450d4857d465354f,1,1,1,1
939,939,0,351,14a,685a6691ad69da16e9a76f9a76eda3685a06e9b8681a4691b86e5af695b9691a1695bc6e9bb6e5a4,66f,c0f02c0f02c0b02c0b02c0b02c0b02c0b02c0b02c0b02c0b06c1f52d3b4ec2b02c0b02c0b02c0b02,1ba,9d26d992659aa719b66f9c6719c2679ce6c992679ae719ee6e9c26d9be6d9ba6e9ae709a66f9ce6d,521515515d5014b52d4b55d405214955d475255455950559465254052d545595450d4857d465354f,1,1,1,1
940,940,0,349,15d,685a6691ad69da16e9a76f9a76eda3685a06e9b8681a4691b86e5af695b9691a1695bc6e9bb6e5a4,271,c0f02c0f02c0b02c0b02c0b02c0b02c0b02c0b02c0b02c0b06c1f52d3b4ec2b02c0b02c0b02c0b02,1be,9d26d992659aa719b66f9c6719c2679ce6c992679ae719ee6e9c26d9be6d9ba6e9ae709a66f9ce6d,521515515d5014b52d4b55d405214955d475255455950559465254052d545595450d4857d465354f,1,1,1,1
941,941,0,355,156,685a6691ad69da16e9a76f9a76eda3685a06e9b8681a4691b86e5af695b9691a1695bc6e9bb6e5a4,273,c0f02c0f02c0b02c0b02c0b02c0b02c0b02c0b02c0b02c0b06c1f52d3b4ec2b02c0b02c0b02c0b02,1b9,9d26d992659aa719b66f9c6719c2679ce6c992679ae719ee6e9c26d9be6d9ba6e9ae709a66f9ce6d,521515515d5014b52d4b55d405214955d475255455950559465254052d545595450d4857d465354f,1,1,1,1
942,942,0,34b,14e,685a6691ad69da16e9a76f9a76eda3685a06e9b8681a4691b86e5af695b9691a1695bc6e9bb6e5a4,26a,c0f02c0f02c0b02c0b02c0b02c0b02c0b02c0b02c0b02c0b06c1f52d3b4ec2b02c0b02c0b02c0b02,1a4,9d26d992659aa719b66f9c6719c2679ce6c992679ae719ee6e9c26d9be6d9ba6e9ae709a66f9ce6d,521515515d5014b52d4b55d405214955d475255455950559465254052d545595450d4857d465354f,1,1,1,1
943,943,0,753,15d,685a6691ad69da16e9a76f9a76eda3685a06e9b8681a4691b86e5af695b9691a1695bc6e9bb6e5a4,274,c0f02c0f02c0b02c0b02c0b02c0b02c0b02c0b02c0b02c0b06c1f52d3b4ec2b02c0b02c0b02c0b02,5a1,9d26d992659aa719b66f9c6719c2679ce6c992679ae719ee6e9c26d9be6d9ba6e9ae709a66f9ce6d,521515515d5014b52d4b55d405214955d475255455950559465254052d545595450d4857d465354f,1,1,1,1
944,944,0,756,54b,699a669dad69da16eda46fda76eda2699a06e9bb681a4695bb6e5af695b9691a1691b96e9be6e5a4,269,c0f02c0f02c0b02c0b02c0b02c0b02c0b02c0b02c0b02c0b06c1f52d3b4ec2b02c0b02c0b02c0b02,5a1,9d26d992659aa719b66f9c6719c2679ce6c992679ae719ee6e9c26d9be6d9ba6e9ae709a66f9ce6d,521515515d5014b52d4b55d405214955d475255455950559465254052d545595450d4857d465354f,1,1,1,1
945,945,0,751,551,699a669dad69da16eda46fda76eda2699a06e9bb681a4695bb6e5af695b9691a1691b96e9be6e5a4,26f,c0f02c0f02c0b02c0b02c0b02c0b02c0b02c0b02c0b02c0b06c1f52d3b4ec2b02c0b02c0b02c0b02,5a4,9d26d992659aa719b66f9c6719c2679ce6c992679ae719ee6e9c26d9be6d9ba6e9ae709a66f9ce6d,525515555d5094b5294b55d405294e55d475215455d5355d4652540539545595550d4857d465314f,1,1,1,1
946,946,0,752,557,699a669dad69da16eda46fda76eda2699a06e9bb681a4695bb6e5af695b9691a1691b96e9be6e5a4,26d,c0f02c0f02c0b02c0b02c0b02c0b02c0b02c0b02c0b02c0b06c1f52d3b4ec2b02c0b02c0b02c0b02,5ad,9d26d992659aa719b66f9c6719c2679ce6c992679ae719ee6e9c26d9be6d9ba6e9ae709a66f9ce6d,525515555d5094b5294b55d405294e55d475215455d5355d4652540539545595550d4857d465314f,1,1,1,1
947,947,0,74f,55d,699a669dad69da16eda46fda76eda2699a06e9bb681a4695bb6e5af695b9691a1691b96e9be6e5a4,26e,c0f02c0f02c0b02c0b02c0b02c0b02c0b02c0b02c0b02c0b06c1f52d3b4ec2b02c0b02c0b02c0b02,5a7,9d26d992659aa719b66f9c6719c2679ce6c992679ae719ee6e9c26d9be6d9ba6e9ae709a66f9ce6d,525515555d5094b5294b55d405294e55d475215455d5355d4652540539545595550d4857d465314f,1,1,1,1
948,948,0,74e,553,699a669dad69da16eda46fda76eda2699a06e9bb681a4695bb6e5af695b9691a1691b96e9be6e5a4,26e,c0f02c0f02c0b02c0b02c0b02c0b02c0b02c0b02c0b02c0b06c1f52d3b4ec2b02c0b02c0b02c0b02,5a1,9d26d992659aa719b66f9c6719c2679ce6c992679ae719ee6e9c26d9be6d9ba6e9ae709a66f9ce6d,525515555d5094b5294b55d405294e55d475215455d5355d4652540539545595550d4857d465314f,1,1,1,1
949,949,0,750,54b,699a669dad69da16eda46fda76eda2699a06e9bb681a4695bb6e5af695b9691a1691b96e9be6e5a4,26f,c0f02c0f02c0b02c0b02c0b02c0b02c0b02c0b02c0b02c0b06c1f52d3b4ec2b02c0b02c0b02c0b02,5bb,9d26d992659aa719b66f9c6719c2679ce6c992679ae719ee6e9c26d9be6d9ba6e9ae709a66f9ce6d,525515555d5094b5294b55d405294e55d475215455d5355d4652540539545595550d4857d465314f,1,1,1,1
950,950,0,74c,54b,699a669dad69da16eda46fda76eda2699a06e9bb681a4695bb6e5af695b9691a1691b96e9be6e5a4,270,c0f02c0f02c0b02c0b02c0b02c0b02c0b02c0b02c0b02c0b06c1f52d3b4ec2b02c0b02c0b02c0b02,5a4,9d26d992659aa719b66f9c6719c2679ce6c992679ae719ee6e9c26d9be6d9ba6e9ae709a66f9ce6d,525515555d5094b5294b55d405294e55d475215455d5355d4652540539545595550d4857d465314f,1,1,1,1
951,951,0,756,548,699a669dad69da16eda46fda76eda2699a06e9bb681a4695bb6e5af695b9691a1691b96e9be6e5a4,268,c0f02c0f02c0b02c0b02c0b02c0b02c0b02c0b02c0b02c0b06c1f52d3b4ec2b02c0b02c0b02c0b02,5bf,9d26d992659aa719b66f9c6719c2679ce6c992679ae719ee6e9c26d9be6d9ba6e9ae709a66f9ce6d,525515555d5094b5294b55d405294e55d475215455d5355d4652540539545595550d4857d465314f,1,1,1,1
952,952,0,75b,556,699a669dad69da16eda46fda76eda2699a06e9bb681a4695bb6e5af695b9691a1691b96e9be6e5a4,268,c0f02c0f02c0b02c0b02c0b02c0b02c0b02c0b02c0b02c0b06c1f52d3b4ec2b02c0b02c0b02c0b02,5a7,9d26d992659aa719b66f9c6719c2679ce6c992679ae719ee6e9c26d9be6d9ba6e9ae709a66f9ce6d,525515555d5094b5294b55d405294e55d475215455d5355d4652540539545595550d4857d465314f,1,1,1,1
953,953,0,754,552,699a669dad69da16eda46fda76eda2699a06e9bb681a4695bb6e5af695b9691a1691b96e9be6e5a4,274,c0f02c0f02c0b02c0b02c0b02c0b02c0b02c0b02c0b02c0b06c1f52d3b4ec2b02c0b02c0b02c0b02,5ba,9d26d992659aa719b66f9c6719c2679ce6c992679ae719ee6e9c26d9be6d9ba6e9ae709a66f9ce6d,525515555d5094b5294b55d405294e55d475215455d5355d4652540539545595550d4857d465314f,1,1,1,1
954,954,0,74c,548,699a669dad69da16eda46fda76eda2699a06e9bb681a4695bb6e5af695b9691a1691b96e9be6e5a4,26a,c0f02c0f02c0b02c0b02c0b02c0b02c0b02c0b02c0b02c0b06c1f52d3b4ec2b02c0b02c0b02c0b02,5a3,9d26d992659aa719b66f9c6719c2679ce6c992679ae719ee6e9c26d9be6d9ba6e9ae709a66f9ce6d,525515555d5094b5294b55d405294e55d475215455d5355d4652540539545595550d4857d465314f,1,1,1,1
955,955,0,753,549,699a669dad69da16eda46fda76eda2699a06e9bb681a4695bb6e5af695b9691a1691b96e9be6e5a4,270,c0f02c0f02c0b02c0b02c0b02c0b02c0b02c0b02c0b02c0b06c1f52d3b4ec2b02c0b02c0b02c0b02,5a1,9d26d992659aa719b66f9c6719c2679ce6c992679ae719ee6e9c26d9be6d9ba6e9ae709a66f9ce6d,525515555d5094b5294b55d405294e55d475215455d5355d4652540539545595550d4857d465314f,1,1,1,1
956,956,0,752,556,699a669dad69da16eda46fda76eda2699a06e9bb681a4695bb6e5af695b9691a1691b96e9be6e5a4,66d,c0f02c0f02c0b02c0b02c0b02c0b02c0b02c0b02c0b02c0b06c1f52d3b4ec2b02c0b02c0b02c0b02,5a0,9d26d992659aa719b66f9c6719c2679ce6c992679ae719ee6e9c26d9be6d9ba6e9ae709a66f9ce6d,525515555d5094b5294b55d405294e55d475215455d5355d4652540539545595550d4857d465314f,1,1,1,1
957,957,0,756,556,699a669dad69da16eda46fda76eda2699a06e9bb681a4695bb6e5af695b9691a1691b96e9be6e5a4,674,c0f02c0f02c0b02c0b02c0b02c0b02c0b02c0b02c0b02c0b06c1f52d3b4ec2b02c0b02c0b02c0b02,5ba,9d26d992659b6719b66f9c6719c2679c26c992679ae719ce6e9c26d9be6d9ba6e9ae709a26c9c26a,525515555d5094b5294b55d405294e55d475215455d5355d4652540539545595550d4857d465314f,1,1,1,1
958,958,0,751,54a,699a669dad69da16eda46fda76eda2699a06e9bb681a4695bb6e5af695b9691a1691b96e9be6e5a4,664,c0f02c0f02c0b02c0b02c0b02c0b02c0b02c0b02c0b02c0b06c1f52d3b4ec2b02c0b02c0b02c0b02,5bb,9d26d992659b6719b66f9c6719c2679c26c992679ae719ce6e9c26d9be6d9ba6e9ae709a26c9c26a,525515555d5094b5294b55d405294e55d475215455d5355d4652540539545595550d4857d465314f,1,1,1,1
959,959,0,34c,554,699a669dad69da16eda46fda76eda2699a06e9bb681a4695bb6e5af695b9691a1691b96e9be6e5a4,66d,c0f02c0f02c0b02c0b02c0b02c0b02c0b02c0b02c0b02c0b06c1f52d3b4ec2b02c0b02c0b02c0b02,1a0,9d26d992659b6719b66f9c6719c2679c26c992679ae719ce6e9c26d9be6d9ba6e9ae709a26c9c26a,525515555d5094b5294b55d405294e55d475215455d5355d4652540539545595550d4857d465314f,1,1,1,1
960,960,0,34c,156,699a669dad69da16eda46fda76eda2699a06e9bb681a4695bb6e5af695b9691a1691b96e9be6e5a4,675,c0f02c0f02c0b02c0b02c0b02c0b02c0b02c0b02c0b02c0b06c1f52d3b4ec2b02c0b02c0b02c0b02,1a4,9d26d992659b6719b66f9c6719c2679c26c992679ae719ce6e9c26d9be6d9ba6e9ae709a26c9c26a,525515555d5094b5294b55d405294e55d475215455d5355d4652540539545595550d4857d465314f,1,1,1,1
961,961,0,348,153,699a669dad69da16eda46fda76eda2699a06e9bb681a4695bb6e5af695b9691a1691b96e9be6e5a4,669,c0f02c0f02c0b02c0b02c0b02c0b02c0b02c0b02c0b02c0b06c1f52d3b4ec2b02c0b02c0b02c0b02,1a4,9d26d992659b6719b66f9c6719c2679c26c992679ae719ce6e9c26d9be6d9ba6e9ae709a26c9c26a,525515555d5094b5294b55d405294e55d475215455d5355d4652540539545595550d4857d465314f,1,1,1,1
962,962,0,357,157,699a669dad69da16eda46fda76eda2699a06e9bb681a4695bb6e5af695b9691a1691b96e9be6e5a4,66f,c0f02c0f02c0b02c0b02c0b02c0b02c0b02c0b02c0b02c0b06c1f52d3b4ec2b02c0b02c0b02c0b02,1bb,9d26d992659b6719b66f9c6719c2679c26c992679ae719ce6e9c26d9be6d9ba6e9ae709a26c9c26a,525515555d5094b5294b55d405294e55d475215455d5355d4652540539545595550d4857d465314f,1,1,1,1
963,963,0,357,156,699a669dad69da16eda46fda76eda2699a06e9bb681a4695bb6e5af695b9691a1691b96e9be6e5a4,66e,c0f02c0f02c0b02c0b02c0b02c0b02c0b02c0b02c0b02c0b06c1f52d3b4ec2b02c0b02c0b02c0b02,1b8,9d26d992659b6719b66f9c6719c2679c26c992679ae719ce6e9c26d9be6d9ba6e9ae709a26c9c26a,525515555d5094b5294b55d405294e55d475215455d5355d4652540539545595550d4857d465314f,1,1,1,1
964,964,0,34d,14b,699a669dad69da16eda46fda76eda2699a06e9bb681a4695bb6e5af695b9691a1691b96e9be6e5a4,675,c0f02c0f02c0b02c0b02c0b02c0b02c0b02c0b02c0b02c0b06c1f52d3b4ec2b02c0b02c0b02c0b02,1ac,9d26d992659b6719b66f9c6719c2679c26c992679ae719ce6e9c26d9be6d9ba6e9ae709a26c9c26a,525515555d5094b5294b55d405294e55d475215455d5355d4652540539545595550d4857d465314f,1,1,1,1
965,965,0,34e,150,699a669dad69da16eda46fda76eda2699a06e9bb681a4695bb6e5af695b9691a1691b96e9be6e5a4,671,c0f02c0f02c0b02c0b02c0b02c0b02c0b02c0b02c0b02c0b06c1f52d3b4ec2b02c0b02c0b02c0b02,1a4,9d26d992659b6719b66f9c6719c2679c26c992679ae719ce6e9c26d9be6d9ba6e9ae709a26c9c26a,525515555d5094b5294b55d405294e55d475215455d5355d4652540539545595550d4857d465314f,1,1,1,1
966,966,0,34c,14e,699a669dad69da16eda46fda76eda2699a06e9bb681a4695bb6e5af695b9691a1691b96e9be6e5a4,660,c0f02c0f02c0b02c0b02c0b02c0b02c0b02c0b02c0b02c0b06c1f52d3b4ec2b02c0b02c0b02c0b02,1be,9d26d992659b6719b66f9c6719c2679c26c992679ae719ce6e9c26d9be6d9ba6e9ae709a26c9c26a,525515555d5094b5294b55d405294e55d475215455d5355d4652540539545595550d4857d465314f,1,1,1,1
967,967,0,349,157,699a669dad69da16eda46fda76eda2699a06e9bb681a4695bb6e5af695b9691a1691b96e9be6e5a4,674,c0f02c0f02c0b02c0b02c0b02c0b02c0b02c0b02c0b02c0b06c1f52d3b4ec2b02c0b02c0b02c0b02,1a4,9d26d992659b6719b66f9c6719c2679c26c992679ae719ce6e9c26d9be6d9ba6e9ae709a26c9c26a,525515555d5094b5294b55d405294e55d475215455d5355d4652540539545595550d4857d465314f,1,1,1,1
968,968,0,352,154,699a669dad69da16eda46fda76eda2699a06e9bb681a4695bb6e5af695b9691a1691b96e9be6e5a4,668,c0f02c0f02c0b02c0b02c0b02c0b02c0b02c0b02c0b02c0b06c1f52d3b4ec2b02c0b02c0b02c0b02,1a1,9d26d992659b6719b66f9c6719c2679c26c992679ae719ce6e9c26d9be6d9ba6e9ae709a26c9c26a,525515555d5094b5294b55d405294e55d475215455d5355d4652540539545595550d4857d465314f,1,1,1,1
969,969,0,350,156,699a669dad69da16eda46fda76eda2699a06e9bb681a4695bb6e5af695b9691a1691b96e9be6e5a4,674,c0f02c0f02c0b02c0b02c0b02c0b02c0b02c0b02c0b02c0b06c1f52d3b4ec2b02c0b02c0b02c0b02,1a4,9d26d992659b6719b66f9c6719c2679c26c992679ae719ce6e9c26d9be6d9ba6e9ae709a26c9c26a,525515555d5094b5294b55d405294e55d475215455d5355d4652540539545595550d4857d465314f,1,1,1,1
970,970,0,34a,151,699a669dad69da16eda46fda76eda2699a06e9bb681a4695bb6e5af695b9691a1691b96e9be6e5a4,667,c0f02c0f02c0b02c0b02c0b02c0b02c0b02c0b02c0b02c0b06c1f52d3b4ec2b02c0b02c0b02c0b02,1b9,9d26d992659b6719b66f9c6719c2679c26c992679ae719ce6e9c26d9be6d9ba6e9ae709a26c9c26a,525515555d5094b5294b55d405294e55d475215455d5355d4652540539545595550d4857d465314f,1,1,1,1
971,971,0,350,14a,699a669dad69da16eda46fda76eda2699a06e9bb681a4695bb6e5af695b9691a1691b96e9be6e5a4,66f,c0f02c0f02c0b02c0b02c0b02c0b02c0b02c0b02c0b02c0b06c1f52d3b4ec2b02c0b02c0b02c0b02,1ba,9d26d992659b6719b66f9c6719c2679c26c992679ae719ce6e9c26d9be6d9ba6e9ae709a26c9c26a,525515555d5094b5294b55d405294e55d475215455d5355d4652540539545595550d4857d465314f,1,1,1,1
972,972,0,349,15d,699a669dad69da16eda46fda76eda2699a06e9bb681a4695bb6e5af695b9691a1691b96e9be6e5a4,26a,c0f02c0f02c0b02c0b02c0b02c0b02c0b02c0b02c0b02c0b06c1f52d3b4ec2b02c0b02c0b02c0b02,1b9,9d26d992659b6719b66f9c6719c2679c26c992679ae719ce6e9c26d9be6d9ba6e9ae709a26c9c26a,525515555d5094b5294b55d405294e55d475215455d5355d4652540539545595550d4857d465314f,1,1,1,1
973,973,0,355,156,699a669dad69da16eda46fda76eda2699a06e9bb681a4695bb6e5af695b9691a1691b96e9be6e5a4,277,c0f02c0f02c0b02c0b02c0b02c0b02c0b02c0b02c0b02c0b06c1f52d3b4ec2b02c0b02c0b02c0b02,1b8,9d26d992659b6719b66f9c6719c2679c26c992679ae719ce6e9c26d9be6d9ba6e9ae709a26c9c26a,525515555d5094b5294b55d405294e55d475215455d5355d4652540539545595550d4857d465314f,1,1,1,1
974,974,0,348,14e,699a669dad69da16eda46fda76eda2699a06e9bb681a4695bb6e5af695b9691a1691b96e9be6e5a4,26a,c0f02c0f02c0b02c0b02c0b02c0b02c0b02c0b02c0b02c0b06c1f52d3b4ec2b02c0b02c0b02c0b02,1a4,9d26d992659b6719b66f9c6719c2679c26c992679ae719ce6e9c26d9be6d9ba6e9ae709a26c9c26a,525515555d5094b5294b55d405294e55d475215455d5355d4652540539545595550d4857d465314f,1,1,1,1
975,975,0,753,15d,699a669dad69da16eda46fda76eda2699a06e9bb681a4695bb6e5af695b9691a1691b96e9be6e5a4,274,c0f02c0f02c0b02c0b02c0b02c0b02c0b02c0b02c0b02c0b06c1f52d3b4ec2b02c0b02c0b02c0b02,5a6,9d26d992659b6719b66f9c6719c2679c26c992679ae719ce6e9c26d9be6d9ba6e9ae709a26c9c26a,525515555d5094b5294b55d405294e55d475215455d5355d4652540539545595550d4857d465314f,1,1,1,1
976,976,0,756,54a,685a1691ad69da16eda46fda76e9a3685a06e9bb681a4691bb6e1ac691bc691a1691b96e9bb6e1a4,26a,c0f02c0f02c0b02c0b02c0b02c0b02c0b02c0b02c0b02c0b06c1f5fd3b4ec2b02c0b02c0b02c0b02,5a6,9d26d992659b6719b66f9c6719c2679c26c992679ae719ce6e9c26d9be6d9ba6e9ae709a26c9c26a,525515555d5094b5294b55d405294e55d475215455d5355d4652540539545595550d4857d465314f,1,1,1,1
977,977,0,751,551,685a1691ad69da16eda46fda76e9a3685a06e9bb681a4691bb6e1ac691bc691a1691b96e9bb6e1a4,26b,c0f02c0f02c0b02c0b02c0b02c0b02c0b02c0b02c0b02c0b06c1f5fd3b4ec2b02c0b02c0b02c0b02,5a4,9d26d992659b6719b66f9c6719c2679c26c992679ae719ce6e9c26d9be6d9ba6e9ae709a26c9c26a,525515555d50d4b52548559405214955946521545595355d4652540539555595450d4857d465314f,1,1,1,1
978,978,0,752,554,685a1691ad69da16eda46fda76e9a3685a06e9bb681a4691bb6e1ac691bc691a1691b96e9bb6e1a4,26d,c0f02c0f02c0b02c0b02c0b02c0b02c0b02c0b02c0b02c0b06c1f5fd3b4ec2b02c0b02c0b02c0b02,5a2,9d26d992659b6719b66f9c6719c2679c26c992679ae719ce6e9c26d9be6d9ba6e9ae709a26c9c26a,525515555d50d4b52548559405214955946521545595355d4652540539555595450d4857d465314f,1,1,1,1
979,979,0,74f,55c,685a1691ad69da16eda46fda76e9a3685a06e9bb681a4691bb6e1ac691bc691a1691b96e9bb6e1a4,26e,c0f02c0f02c0b02c0b02c0b02c0b02c0b02c0b02c0b02c0b06c1f5fd3b4ec2b02c0b02c0b02c0b02,5a7,9d26d992659b6719b66f9c6719c2679c26c992679ae719ce6e9c26d9be6d9ba6e9ae709a26c9c26a,525515555d50d4b52548559405214955946521545595355d4652540539555595450d4857d465314f,1,1,1,1
980,980,0,74e,550,685a1691ad69da16eda46fda76e9a3685a06e9bb681a4691bb6e1ac691bc691a1691b96e9bb6e1a4,26e,c0f02c0f02c0b02c0b02c0b02c0b02c0b02c0b02c0b02c0b06c1f5fd3b4ec2b02c0b02c0b02c0b02,5a6,9d26d992659b6719b66f9c6719c2679c26c992679ae719ce6e9c26d9be6d9ba6e9ae709a26c9c26a,525515555d50d4b52548559405214955946521545595355d4652540539555595450d4857d465314f,1,1,1,1
981,981,0,750,54b,685a1691ad69da16eda46fda76e9a3685a06e9bb681a4691bb6e1ac691bc691a1691b96e9bb6e1a4,26f,c0f02c0f02c0b02c0b02c0b02c0b02c0b02c0b02c0b02c0b06c1f5fd3b4ec2b02c0b02c0b02c0b02,5ba,9d26d992659b6719b66f9c6719c2679c26c992679ae719ce6e9c26d9be6d9ba6e9ae709a26c9c26a,525515555d50d4b52548559405214955946521545595355d4652540539555595450d4857d465314f,1,1,1,1
982,982,0,74c,54b,685a1691ad69da16eda46fda76e9a3685a06e9bb681a4691bb6e1ac691bc691a1691b96e9bb6e1a4,270,c0f02c0f02c0b02c0b02c0b02c0b02c0b02c0b02c0b02c0b06c1f5fd3b4ec2b02c0b02c0b02c0b02,5a4,9d26d992659b6719b66f9c6719c2679c26c992679ae719ce6e9c26d9be6d9ba6e9ae709a26c9c26a,525515555d50d4b52548559405214955946521545595355d4652540539555595450d4857d465314f,1,1,1,1
983,983,0,756,54b,685a1691ad69da16eda46fda76e9a3685a06e9bb681a4691bb6e1ac691bc691a1691b96e9bb6e1a4,269,c0f02c0f02c0b02c0b02c0b02c0b02c0b02c0b02c0b02c0b06c1f5fd3b4ec2b02c0b02c0b02c0b02,5bc,9d26d992659b6719b66f9c6719c2679c26c992679ae719ce6e9c26d9be6d9ba6e9ae709a26c9c26a,525515555d50d4b52548559405214955946521545595355d4652540539555595450d4857d465314f,1,1,1,1
984,984,0,75a,556,685a1691ad69da16eda46fda76e9a3685a06e9bb681a4691bb6e1ac691bc691a1691b96e9bb6e1a4,268,c0f02c0f02c0b02c0b02c0b02c0b02c0b02c0b02c0b02c0b06c1f5fd3b4ec2b02c0b02c0b02c0b02,5a7,9d26d992659b6719b66f9c6719c2679c26c992679ae719ce6e9c26d9be6d9ba6e9ae709a26c9c26a,525515555d50d4b52548559405214955946521545595355d4652540539555595450d4857d465314f,1,1,1,1
985,985,0,754,552,685a1691ad69da16eda46fda76e9a3685a06e9bb681a4691bb6e1ac691bc691a1691b96e9bb6e1a4,274,c0f02c0f02c0b02c0b02c0b02c0b02c0b02c0b02c0b02c0b06c1f5fd3b4ec2b02c0b02c0b02c0b02,5bb,9d26d992659b6719b66f9c6719c2679c26c992679ae719ce6e9c26d9be6d9ba6e9ae709a26c9c26a,525515555d50d4b52548559405214955946521545595355d4652540539555595450d4857d465314f,1,1,1,1
986,986,0,74d,548,685a1691ad69da16eda46fda76e9a3685a06e9bb681a4691bb6e1ac691bc691a1691b96e9bb6e1a4,269,c0f02c0f02c0b02c0b02c0b02c0b02c0b02c0b02c0b02c0b06c1f5fd3b4ec2b02c0b02c0b02c0b02,5a3,9d26d992659b6719b66f9c6719c2679c26c992679ae719ce6e9c26d9be6d9ba6e9ae709a26c9c26a,525515555d50d4b52548559405214955946521545595355d4652540539555595450d4857d465314f,1,1,1,1
987,987,0,752,549,685a1691ad69da16eda46fda76e9a3685a06e9bb681a4691bb6e1ac691bc691a1691b96e9bb6e1a4,274,c0f02c0f02c0b02c0b02c0b02c0b02c0b02c0b02c0b02c0b06c1f5fd3b4ec2b02c0b02c0b02c0b02,5a6,9d26d992659b6719b66f9c6719c2679c26c992679ae719ce6e9c26d9be6d9ba6e9ae709a26c9c26a,525515555d50d4b52548559405214955946521545595355d4652540539555595450d4857d465314f,1,1,1,1
988,988,0,752,556,685a1691ad69da16eda46fda76e9a3685a06e9bb681a4691bb6e1ac691bc691a1691b96e9bb6e1a4,66c,c0f02c0f02c0b02c0b02c0b02c0b02c0b02c0b02c0b02c0b06c1f5fd3b4ec2b02c0b02c0b02c0b02,5a0,9d26d992659b6719b66f9c6719c2679c26c992679ae719ce6e9c26d9be6d9ba6e9ae709a26c9c26a,525515555d50d4b52548559405214955946521545595355d4652540539555595450d4857d465314f,1,1,1,1
989,989,0,756,556,685a1691ad69da16eda46fda76e9a3685a06e9bb681a4691bb6e1ac691bc691a1691b96e9bb6e1a4,674,c0f02c0f02c0b02c0b02c0b02c0b02c0b02c0b02c0b02c0b06c1f5fd3b4ec2b02c0b02c0b02c0b02,5ba,9d26d992649b6719b66f9ba719c6649c26c9d2679ae6e9ce6e9c26a9be6d9ba6e9ae709a66c9c26d,525515555d50d4b52548559405214955946521545595355d4652540539555595450d4857d465314f,1,1,1,1
990,990,0,751,54b,685a1691ad69da16eda46fda76e9a3685a06e9bb681a4691bb6e1ac691bc691a1691b96e9bb6e1a4,665,c0f02c0f02c0b02c0b02c0b02c0b02c0b02c0b02c0b02c0b06c1f5fd3b4ec2b02c0b02c0b02c0b02,5bb,9d26d992649b6719b66f9ba719c6649c26c9d2679ae6e9ce6e9c26a9be6d9ba6e9ae709a66c9c26d,525515555d50d4b52548559405214955946521545595355d4652540539555595450d4857d465314f,1,1,1,1
991,991,0,34c,554,685a1691ad69da16eda46fda76e9a3685a06e9bb681a4691bb6e1ac691bc691a1691b96e9bb6e1a4,66e,c0f02c0f02c0b02c0b02c0b02c0b02c0b02c0b02c0b02c0b06c1f5fd3b4ec2b02c0b02c0b02c0b02,1a1,9d26d992649b6719b66f9ba719c6649c26c9d2679ae6e9ce6e9c26a9be6d9ba6e9ae709a66c9c26d,525515555d50d4b52548559405214955946521545595355d4652540539555595450d4857d465314f,1,1,1,1
992,992,0,34c,156,685a1691ad69da16eda46fda76e9a3685a06e9bb681a4691bb6e1ac691bc691a1691b96e9bb6e1a4,671,c0f02c0f02c0b02c0b02c0b02c0b02c0b02c0b02c0b02c0b06c1f5fd3b4ec2b02c0b02c0b02c0b02,1a4,9d26d992649b6719b66f9ba719c6649c26c9d2679ae6e9ce6e9c26a9be6d9ba6e9ae709a66c9c26d,525515555d50d4b52548559405214955946521545595355d4652540539555595450d4857d465314f,1,1,1,1
993,993,0,348,153,685a1691ad69da16eda46fda76e9a3685a06e9bb681a4691bb6e1ac691bc691a1691b96e9bb6e1a4,669,c0f02c0f02c0b02c0b02c0b02c0b02c0b02c0b02c0b02c0b06c1f5fd3b4ec2b02c0b02c0b02c0b02,1a5,9d26d992649b6719b66f9ba719c6649c26c9d2679ae6e9ce6e9c26a9be6d9ba6e9ae709a66c9c26d,525515555d50d4b52548559405214955946521545595355d4652540539555595450d4857d465314f,1,1,1,1
994,994,0,357,154,685a1691ad69da16eda46fda76e9a3685a06e9bb681a4691bb6e1ac691bc691a1691b96e9bb6e1a4,66c,c0f02c0f02c0b02c0b02c0b02c0b02c0b02c0b02c0b02c0b06c1f5fd3b4ec2b02c0b02c0b02c0b02,1b8,9d26d992649b6719b66f9ba719c6649c26c9d2679ae6e9ce6e9c26a9be6d9ba6e9ae709a66c9c26d,525515555d50d4b52548559405214955946521545595355d4652540539555595450d4857d465314f,1,1,1,1
995,995,0,357,156,685a1691ad69da16eda46fda76e9a3685a06e9bb681a4691bb6e1ac691bc691a1691b96e9bb6e1a4,66e,c0f02c0f02c0b02c0b02c0b02c0b02c0b02c0b02c0b02c0b06c1f5fd3b4ec2b02c0b02c0b02c0b02,1b9,9d26d992649b6719b66f9ba719c6649c26c9d2679ae6e9ce6e9c26a9be6d9ba6e9ae709a66c9c26d,525515555d50d4b52548559405214955946521545595355d4652540539555595450d4857d465314f,1,1,1,1
996,996,0,34c,14b,685a1691ad69da16eda46fda76e9a3685a06e9bb681a4691bb6e1ac691bc691a1691b96e9bb6e1a4,675,c0f02c0f02c0b02c0b02c0b02c0b02c0b02c0b02c0b02c0b06c1f5fd3b4ec2b02c0b02c0b02c0b02,1ac,9d26d992649b6719b66f9ba719c6649c26c9d2679ae6e9ce6e9c26a9be6d9ba6e9ae709a66c9c26d,525515555d50d4b52548559405214955946521545595355d4652540539555595450d4857d465314f,1,1,1,1
997,997,0,34f,150,685a1691ad69da16eda46fda76e9a3685a06e9bb681a4691bb6e1ac691bc691a1691b96e9bb6e1a4,671,c0f02c0f02c0b02c0b02c0b02c0b02c0b02c0b02c0b02c0b06c1f5fd3b4ec2b02c0b02c0b02c0b02,1a5,9d26d992649b6719b66f9ba719c6649c26c9d2679ae6e9ce6e9c26a9be6d9ba6e9ae709a66c9c26d,525515555d50d4b52548559405214955946521545595355d4652540539555595450d4857d465314f,1,1,1,1
998,998,0,34c,149,685a1691ad69da16eda46fda76e9a3685a06e9bb681a4691bb6e1ac691bc691a1691b96e9bb6e1a4,660,c0f02c0f02c0b02c0b02c0b02c0b02c0b02c0b02c0b02c0b06c1f5fd3b4ec2b02c0b02c0b02c0b02,1b9,9d26d992649b6719b66f9ba719c6649c26c9d2679ae6e9ce6e9c26a9be6d9ba6e9ae709a66c9c26d,525515555d50d4b52548559405214955946521545595355d4652540539555595450d4857d465314f,1,1,1,1
999,999,0,349,156,685a1691ad69da16eda46fda76e9a3685a06e9bb681a4691bb6e1ac691bc691a1691b96e9bb6e1a4,674,c0f02c0f02c0b02c0b02c0b02c0b02c0b02c0b02c0b02c0b06c1f5fd3b4ec2b02c0b02c0b02c0b02,1a4,9d26d992649b6719b66f9ba719c6649c26c9d2679ae6e9ce6e9c26a9be6d9ba6e9ae709a66c9c26d,525515555d50d4b52548559405214955946521545595355d4652540539555595450d4857d465314f,1,1,1,1
1000,1000,0,352,154,685a1691ad69da16eda46fda76e9a3685a06e9bb681a4691bb6e1ac691bc691a1691b96e9bb6e1a4,668,c0f02c0f02c0b02c0b02c0b02c0b02c0b02c0b02c0b02c0b06c1f5fd3b4ec2b02c0b02c0b02c0b02,1a1,9d26d992649b6719b66f9ba719c6649c26c9d2679ae6e9ce6e9c26a9be6d9ba6e9ae709a66c9c26d,525515555d50d4b52548559405214955946521545595355d4652540539555595450d4857d465314f,1,1,1,1
1001,1001,0,350,156,685a1691ad69da16eda46fda76e9a3685a06e9bb681a4691bb6e1ac691bc691a1691b96e9bb6e1a4,674,c0f02c0f02c0b02c0b02c0b02c0b02c0b02c0b02c0b02c0b06c1f5fd3b4ec2b02c0b02c0b02c0b02,1a5,9d26d992649b6719b66f9ba719c6649c26c9d2679ae6e9ce6e9c26a9be6d9ba6e9ae709a66c9c26d,525515555d50d4b52548559405214955946521545595355d4652540539555595450d4857d465314f,1,1,1,1
1002,1002,0,345,156,685a1691ad69da16eda46fda76e9a3685a06e9bb681a4691bb6e1ac691bc691a1691b96e9bb6e1a4,667,c0f02c0f02c0b02c0b02c0b02c0b02c0b02c0b02c0b02c0b06c1f5fd3b4ec2b02c0b02c0b02c0b02,1be,9d26d992649b6719b66f9ba719c6649c26c9d2679ae6e9ce6e9c26a9be6d9ba6e9ae709a66c9c26d,525515555d50d4b52548559405214955946521545595355d4652540539555595450d4857d465314f,1,1,1,1
1003,1003,0,351,14a,685a1691ad69da16eda46fda76e9a3685a06e9bb681a4691bb6e1ac691bc691a1691b96e9bb6e1a4,66f,c0f02c0f02c0b02c0b02c0b02c0b02c0b02c0b02c0b02c0b06c1f5fd3b4ec2b02c0b02c0b02c0b02,1ba,9d26d992649b6719b66f9ba719c6649c26c9d2679ae6e9ce6e9c26a9be6d9ba6e9ae709a66c9c26d,525515555d50d4b52548559405214955946521545595355d4652540539555595450d4857d465314f,1,1,1,1
1004,1004,0,348,15d,685a1691ad69da16eda46fda76e9a3685a06e9bb681a4691bb6e1ac691bc691a1691b96e9bb6e1a4,26a,c0f02c0f02c0b02c0b02c0b02c0b02c0b02c0b02c0b02c0b06c1f5fd3b4ec2b02c0b02c0b02c0b02,1be,9d26d992649b6719b66f9ba719c6649c26c9d2679ae6e9ce6e9c26a9be6d9ba6e9ae709a66c9c26d,525515555d50d4b52548559405214955946521545595355d4652540539555595450d4857d465314f,1,1,1,1
1005,1005,0,355,151,685a1691ad69da16eda46fda76e9a3685a06e9bb681a4691bb6e1ac691bc691a1691b96e9bb6e1a4,277,c0f02c0f02c0b02c0b02c0b02c0b02c0b02c0b02c0b02c0b06c1f5fd3b4ec2b02c0b02c0b02c0b02,1b9,9d26d992649b6719b66f9ba719c6649c26c9d2679ae6e9ce6e9c26a9be6d9ba6e9ae709a66c9c26d,525515555d50d4b52548559405214955946521545595355d4652540539555595450d4857d465314f,1,1,1,1
1006,1006,0,34b,14e,685a1691ad69da16eda46fda76e9a3685a06e9bb681a4691bb6e1ac691bc691a1691b96e9bb6e1a4,26a,c0f02c0f02c0b02c0b02c0b02c0b02c0b02c0b02c0b02c0b06c1f5fd3b4ec2b02c0b02c0b02c0b02,1a5,9d26d992649b6719b66f9ba719c6649c26c9d2679ae6e9ce6e9c26a9be6d9ba6e9ae709a66c9c26d,525515555d50d4b52548559405214955946521545595355d4652540539555595450d4857d465314f,1,1,1,1
1007,1007,0,753,15d,685a1691ad69da16eda46fda76e9a3685a06e9bb681a4691bb6e1ac691bc691a1691b96e9bb6e1a4,274,c0f02c0f02c0b02c0b02c0b02c0b02c0b02c0b02c0b02c0b06c1f5fd3b4ec2b02c0b02c0b02c0b02,5a6,9d26d992649b6719b66f9ba719c6649c26c9d2679ae6e9ce6e9c26a9be6d9ba6e9ae709a66c9c26d,525515555d50d4b52548559405214955946521545595355d4652540539555595450d4857d465314f,1,1,1,1
1008,1008,0,756,54a,699a6691a269da66e9a46f1a76eda3699a06e9bb685a4695b86e5ac695b9691a1695bc6e9be6e5a5,26a,c0f02c0f02c0b02c0b02c0b02c0b02c0b02c0b02c0b02c0b06c1f4ed3f4ec2b02c0b06c0b02c0b02,5a7,9d26d992649b6719b66f9ba719c6649c26c9d2679ae6e9ce6e9c26a9be6d9ba6e9ae709a66c9c26d,525515555d50d4b52548559405214955946521545595355d4652540539555595450d4857d465314f,1,1,1,1
1009,1009,0,751,551,699a6691a269da66e9a46f1a76eda3699a06e9bb685a4695b86e5ac695b9691a1695bc6e9be6e5a5,26b,c0f02c0f02c0b02c0b02c0b02c0b02c0b02c0b02c0b02c0b06c1f4ed3f4ec2b02c0b06c0b02c0b02,5a7,9d26d992649b6719b66f9ba719c6649c26c9d2679ae6e9ce6e9c26a9be6d9ba6e9ae709a66c9c26d,521515515c5014b52d4b5594052149559465255455951559465254052d545595651948575415314d,1,1,1,1
1010,1010,0,752,554,699a6691a269da66e9a46f1a76eda3699a06e9bb685a4695b86e5ac695b9691a1695bc6e9be6e5a5,26d,c0f02c0f02c0b02c0b02c0b02c0b02c0b02c0b02c0b02c0b06c1f4ed3f4ec2b02c0b06c0b02c0b02,5ad,9d26d992649b6719b66f9ba719c6649c26c9d2679ae6e9ce6e9c26a9be6d9ba6e9ae709a66c9c26d,521515515c5014b52d4b5594052149559465255455951559465254052d545595651948575415314d,1,1,1,1
1011,1011,0,74f,55d,699a6691a269da66e9a46f1a76eda3699a06e9bb685a4695b86e5ac695b9691a1695bc6e9be6e5a5,26e,c0f02c0f02c0b02c0b02c0b02c0b02c0b02c0b02c0b02c0b06c1f4ed3f4ec2b02c0b06c0b02c0b02,5a7,9d26d992649b6719b66f9ba719c6649c26c9d2679ae6e9ce6e9c26a9be6d9ba6e9ae709a66c9c26d,521515515c5014b52d4b5594052149559465255455951559465254052d545595651948575415314d,1,1,1,1
1012,1012,0,74e,550,699a6691a269da66e9a46f1a76eda3699a06e9bb685a4695b86e5ac695b9691a1695bc6e9be6e5a5,275,c0f02c0f02c0b02c0b02c0b02c0b02c0b02c0b02c0b02c0b06c1f4ed3f4ec2b02c0b06c0b02c0b02,5a6,9d26d992649b6719b66f9ba719c6649c26c9d2679ae6e9ce6e9c26a9be6d9ba6e9ae709a66c9c26d,521515515c5014b52d4b5594052149559465255455951559465254052d545595651948575415314d,1,1,1,1
1013,1013,0,750,54b,699a6691a269da66e9a46f1a76eda3699a06e9bb685a4695b86e5ac695b9691a1695bc6e9be6e5a5,26b,c0f02c0f02c0b02c0b02c0b02c0b02c0b02c0b02c0b02c0b06c1f4ed3f4ec2b02c0b06c0b02c0b02,5ba,9d26d992649b6719b66f9ba719c6649c26c9d2679ae6e9ce6e9c26a9be6d9ba6e9ae709a66c9c26d,521515515c5014b52d4b5594052149559465255455951559465254052d545595651948575415314d,1,1,1,1
1014,1014,0,74c,54b,699a6691a269da66e9a46f1a76eda3699a06e9bb685a4695b86e5ac695b9691a1695bc6e9be6e5a5,270,c0f02c0f02c0b02c0b02c0b02c0b02c0b02c0b02c0b02c0b06c1f4ed3f4ec2b02c0b06c0b02c0b02,5a7,9d26d992649b6719b66f9ba719c6649c26c9d2679ae6e9ce6e9c26a9be6d9ba6e9ae709a66c9c26d,521515515c5014b52d4b5594052149559465255455951559465254052d545595651948575415314d,1,1,1,1
1015,1015,0,756,54b,699a6691a269da66e9a46f1a76eda3699a06e9bb685a4695b86e5ac695b9691a1695bc6e9be6e5a5,268,c0f02c0f02c0b02c0b02c0b02c0b02c0b02c0b02c0b02c0b06c1f4ed3f4ec2b02c0b06c0b02c0b02,5bc,9d26d992649b6719b66f9ba719c6649c26c9d2679ae6e9ce6e9c26a9be6d9ba6e9ae709a66c9c26d,521515515c5014b52d4b5594052149559465255455951559465254052d545595651948575415314d,1,1,1,1
1016,1016,0,75a,557,699a6691a269da66e9a46f1a76eda3699a06e9bb685a4695b86e5ac695b9691a1695bc6e9be6e5a5,268,c0f02c0f02c0b02c0b02c0b02c0b02c0b02c0b02c0b02c0b06c1f4ed3f4ec2b02c0b06c0b02c0b02,5a7,9d26d992649b6719b66f9ba719c6649c26c9d2679ae6e9ce6e9c26a9be6d9ba6e9ae709a66c9c26d,521515515c5014b52d4b5594052149559465255455951559465254052d545595651948575415314d,1,1,1,1
1017,1017,0,754,55d,699a6691a269da66e9a46f1a76eda3699a06e9bb685a4695b86e5ac695b9691a1695bc6e9be6e5a5,274,c0f02c0f02c0b02c0b02c0b02c0b02c0b02c0b02c0b02c0b06c1f4ed3f4ec2b02c0b06c0b02c0b02,5bb,9d26d992649b6719b66f9ba719c6649c26c9d2679ae6e9ce6e9c26a9be6d9ba6e9ae709a66c9c26d,521515515c5014b52d4b5594052149559465255455951559465254052d545595651948575415314d,1,1,1,1
1018,1018,0,74d,548,699a6691a269da66e9a46f1a76eda3699a06e9bb685a4695b86e5ac695b9691a1695bc6e9be6e5a5,26a,c0f02c0f02c0b02c0b02c0b02c0b02c0b02c0b02c0b02c0b06c1f4ed3f4ec2b02c0b06c0b02c0b02,5a3,9d26d992649b6719b66f9ba719c6649c26c9d2679ae6e9ce6e9c26a9be6d9ba6e9ae709a66c9c26d,521515515c5014b52d4b5594052149559465255455951559465254052d545595651948575415314d,1,1,1,1
1019,1019,0,752,54e,699a6691a269da66e9a46f1a76eda3699a06e9bb685a4695b86e5ac695b9691a1695bc6e9be6e5a5,270,c0f02c0f02c0b02c0b02c0b02c0b02c0b02c0b02c0b02c0b06c1f4ed3f4ec2b02c0b06c0b02c0b02,5a6,9d26d992649b6719b66f9ba719c6649c26c9d2679ae6e9ce6e9c26a9be6d9ba6e9ae709a66c9c26d,521515515c5014b52d4b5594052149559465255455951559465254052d545595651948575415314d,1,1,1,1
1020,1020,0,752,556,699a6691a269da66e9a46f1a76eda3699a06e9bb685a4695b86e5ac695b9691a1695bc6e9be6e5a5,66d,c0f02c0f02c0b02c0b02c0b02c0b02c0b02c0b02c0b02c0b06c1f4ed3f4ec2b02c0b06c0b02c0b02,5a0,9d26d992649b6719b66f9ba719c6649c26c9d2679ae6e9ce6e9c26a9be6d9ba6e9ae709a66c9c26d,521515515c5014b52d4b5594052149559465255455951559465254052d545595651948575415314d,1,1,1,1
1021,1021,0,756,557,699a6691a269da66e9a46f1a76eda3699a06e9bb685a4695b86e5ac695b9691a1695bc6e9be6e5a5,674,c0f02c0f02c0b02c0b02c0b02c0b02c0b02c0b02c0b02c0b06c1f4ed3f4ec2b02c0b06c0b02c0b02,5ba,9d26c992659aa719b66c9ba719c6649c26c9d2679ae6e9ee6e9c26a9be6d9ba719ae709a26c9c26a,521515515c5014b52d4b5594052149559465255455951559465254052d545595651948575415314d,1,1,1,1
1022,1022,0,756,54a,699a6691a269da66e9a46f1a76eda3699a06e9bb685a4695b86e5ac695b9691a1695bc6e9be6e5a5,664,c0f02c0f02c0b02c0b02c0b02c0b02c0b02c0b02c0b02c0b06c1f4ed3f4ec2b02c0b06c0b02c0b02,5bb,9d26c992659aa719b66c9ba719c6649c26c9d2679ae6e9ee6e9c26a9be6d9ba719ae709a26c9c26a,521515515c5014b52d4b5594052149559465255455951559465254052d545595651948575415314d,1,1,1,1
1023,1023,0,34c,557,699a6691a269da66e9a46f1a76eda3699a06e9bb685a4695b86e5ac695b9691a1695bc6e9be6e5a5,66d,c0f02c0f02c0b02c0b02c0b02c0b02c0b02c0b02c0b02c0b06c1f4ed3f4ec2b02c0b06c0b02c0b02,1a0,9d26c992659aa719b66c9ba719c6649c26c9d2679ae6e9ee6e9c26a9be6d9ba719ae709a26c9c26a,521515515c5014b52d4b5594052149559465255455951559465254052d545595651948575415314d,1,1,1,1
