$date
        2024-Aug-21 17:51:50
$end
$version
        Vivado v2022.2 (64-bit)
$end
$timescale
        1ps
$end
$scope module dut $end
$var reg 11 " top_block_i/appUnit/das_rx_0/inst/SO0 [10:0] $end
$var reg 11 - top_block_i/appUnit/das_rx_0/inst/SO1 [10:0] $end
$var reg 320 8 top_block_i/appUnit/das_rx_0/inst/bus3 [319:0] $end
$var reg 11 ^$ top_block_i/appUnit/das_rx_0/inst/SO2 [10:0] $end
$var reg 320 i$ top_block_i/appUnit/das_rx_0/inst/bus0 [319:0] $end
$var reg 11 1( top_block_i/appUnit/das_rx_0/inst/SO3 [10:0] $end
$var reg 320 <( top_block_i/appUnit/das_rx_0/inst/bus2 [319:0] $end
$var reg 320 b+ top_block_i/appUnit/das_rx_0/inst/bus1 [319:0] $end
$var reg 1 */ top_block_i/appUnit/fifo_generator_0_full $end
$var reg 1 +/ top_block_i/appUnit/fifo_generator_1_full $end
$var reg 1 ,/ top_block_i/appUnit/fifo_generator_2_full $end
$var reg 1 -/ top_block_i/appUnit/fifo_generator_3_full $end
$var reg 1 ./ _TRIGGER $end
$var reg 1 // _WINDOW $end
$var reg 1 0/ _GAP $end
$upscope $end
$enddefinitions $end
#0
$dumpvars
b1101001100 "
b101010110 -
b1101001100110100001011010010001101000100110100111011010011001101110110110100100011011111101101001110110111011011010001101101001100110100000011011101001101110110110100000011010010001101001010110111011011011100101101011000110100100011011100101101001000110100001011010010101101110010110111010011011111001101110000110100101 8
b11001101110 ^$
b11000000111100000010110000001111000000101100000010110000001011000000101100000010110000001011000000101100000010110000001011000000101100000010110000001011000000101100000010110000001011000000101100000110110000011111010011111101001110110100111011000010101100000010110000001011000000101100000010110000001011000000101100000010 i$
b110100100 1(
b10011011001001101101100110011110011001011001101101100111000110011011011001101100100111000110011100011001110000100110011110011100001001101100100110011110011001111001101011100111000110011110111001101110100111000010011010101001101100100110110110011011111001101110100110101110011100001001101001100110110010011100111001101101 <(
b1010010000101010001010101010001010111010101000010010100101101010010110101001011010101011001010000000101001010010100111001010101110101000111010100100001010101010101010110010101000001010101100101000100010100101001010000010101001011010101010001010101100101010100010100001101010010000101011111010100011001010011010101001111 b+
1*/
1+/
1,/
1-/
0./
1//
00/
$end
#1
b1101001000 "
b101010010 -
b11001101101 ^$
#2
b1101010110 "
b101010100 -
b11001101100 ^$
b110111000 1(
#3
b1101010111 "
b101010110 -
b11001110101 ^$
#4
b1101001101 "
b101001000 -
b11001110001 ^$
b110101100 1(
#5
b1101001111 "
b101010000 -
b11001110000 ^$
b110100101 1(
#6
b1101001100 "
b101001001 -
b11001100011 ^$
b110111001 1(
#7
b1101001001 "
b101010110 -
b11001110100 ^$
b110100100 1(
#8
b1101010010 "
b101010101 -
b11001101000 ^$
b110100110 1(
#9
b1101010000 "
b101010111 -
b11001110100 ^$
b110100101 1(
#10
b1101001010 "
b101010001 -
b11001100111 ^$
b110111110 1(
#11
b1101010000 "
b101001010 -
b11001101111 ^$
b110111010 1(
#12
b1101001001 "
b101010010 -
b1001110001 ^$
b110111110 1(
#13
b1101010101 "
b101010001 -
b1001110011 ^$
b110111000 1(
#14
b1101001011 "
b101001111 -
b1001101010 ^$
b110100101 1(
#15
b11101010000 "
b101011101 -
b1001110101 ^$
b10110100001 1(
#16
b11101010110 "
b10101001010 -
b1101000010110100110011010010001101000100110100111011010000101101110100110100100011011111101101001110110111011011010001101101000010110100011011011101001101110100110100011011010010001101001000110111000011011100001101011000110100101011011100101101001000110100110011010010101101111000110111010011011111001101110000110100101 8
b1001101001 ^$
b11000000111100000010110000001111000000101100000010110000001011000000101100000010110000001011000000101100000010110000001011000000101100000010110000001011000000101100000010110000001011000000101100000110110000011111010011111101001111110100111011000010101100000010110000001011000000101100000010110000001011000000101100000010 i$
b10110100110 1(
#17
b11101010001 "
b10101010001 -
b1001101111 ^$
b10110100100 1(
b1010010010101010001010101010001010111000101000000010100100001010010110101001011010101010101010011010101001010010100111001010101010101000110010100100101010101100101010110010101000001010101100101000100010100100001010000000101001011010101010001010101110101010101010100001101010010100101010000010100001101010011010101001101 b+
#18
b11101010010 "
b10101010100 -
b1001101101 ^$
b10110101101 1(
#19
b11101001111 "
b10101011100 -
b1001101111 ^$
b10110100111 1(
#20
b10101010011 -
b1001101110 ^$
b10110100001 1(
#21
b11101010000 "
b10101001011 -
b1001101111 ^$
b10110111010 1(
#22
b11101001100 "
b1001110000 ^$
b10110100100 1(
#23
b11101010110 "
b1001101001 ^$
b10110111111 1(
#24
b11101011010 "
b10101010111 -
b1001101000 ^$
b10110100111 1(
#25
b11101010100 "
b10101010010 -
b1001110100 ^$
b10110111010 1(
#26
b11101001100 "
b10101001001 -
b1001101001 ^$
b10110100011 1(
#27
b11101010011 "
b1001110100 ^$
b10110100001 1(
#28
b11101010010 "
b10101010111 -
b11001101101 ^$
b10110100000 1(
#29
b11101010111 "
b11001110100 ^$
b10110100101 1(
b10011101001001101101100110010010011001001001101101100110111010011011011001101100100111000110011100011001110000100110011110011100001001101100100110010010011001111001101011100111000110011100111001101110100111000110011011011001101111100110110110011011111001101110100110101110011100001001101001100110110010011100001001101101 <(
#30
b11101010001 "
b10101001011 -
b11001100101 ^$
b10110111011 1(
#31
b1101001100 "
b10101010100 -
b11001101101 ^$
b110100011 1(
#32
b101010111 -
b11001110101 ^$
b110100100 1(
#33
b1101001000 "
b101010010 -
b11001101001 ^$
b110100101 1(
#34
b1101010110 "
b101010100 -
b11001101100 ^$
b110111000 1(
#35
b1101010111 "
b101010001 -
b11001110101 ^$
#36
b1101010010 "
b101001011 -
b11001110001 ^$
b110101100 1(
#37
b1101001110 "
b101010000 -
b11001110000 ^$
b110100100 1(
#38
b1101001100 "
b101001000 -
b11001100001 ^$
b110111001 1(
#39
b1101001000 "
b101010110 -
b11001110100 ^$
b110100100 1(
#40
b1101010010 "
b101010100 -
b11001101000 ^$
b110100001 1(
#41
b1101010000 "
b101010110 -
b11001110100 ^$
b110100100 1(
#42
b1101001010 "
b101010000 -
b11001100100 ^$
b110111110 1(
#43
b1101010001 "
b101001010 -
b11001101111 ^$
b110111011 1(
#44
b1101001001 "
b101010010 -
b1001101010 ^$
b110111001 1(
#45
b1101010101 "
b101010001 -
b1001110100 ^$
b110111000 1(
#46
b1101001000 "
b101001110 -
b1001101010 ^$
b110100100 1(
#47
b11101010011 "
b101011101 -
b1001110111 ^$
b10110100110 1(
#48
b11101010110 "
b10101001010 -
b1101000010110100110011010010001101011010110100111011010000101101110100110100100011011111101101001110110111010011010001101101000010110100000011010010101101110110110100011011010010001101001010110111000011011100001101011000110100100011011100101101001000110100001011010010001101111000110111011011011101101101110000110100100 8
b1001101010 ^$
b11000000111100000010110000001111000000101100000010110000001011000000101100000010110000001011000000101100000010110000001011000000101100000010110000001011000000101100000010110000001011000000101100000110110000011111010100101101001110110100111011000010101100000010110000001011000000101100000010110000001011000000101100000010 i$
#49
b11101010001 "
b10101010001 -
b1001101011 ^$
b10110100100 1(
b1010010000101010001010101010001010111000101000011010100101101010010110101001011010101011101010000000101001001010100100101010101110101000111010100100101010101000101010111010101000001010101000101000001010100100101010000000101001010010101010001010101100101010100010100001001010010100101010000010100000101010011000101001111 b+
#50
b11101010011 "
b10101010101 -
b1001101101 ^$
b10110101101 1(
#51
b11101001110 "
b10101011100 -
b1001101110 ^$
b10110100111 1(
#52
b10101010011 -
b10110100110 1(
#53
b11101010000 "
b10101001011 -
b1001101111 ^$
b10110111011 1(
#54
b11101001100 "
b1001110000 ^$
b10110100100 1(
#55
b11101010110 "
b1001101001 ^$
b10110111111 1(
#56
b11101011010 "
b10101010111 -
b1001101011 ^$
b10110100111 1(
#57
b11101010100 "
b10101010010 -
b1001110100 ^$
b10110111011 1(
#58
b11101001100 "
b10101001001 -
b1001101001 ^$
b10110100011 1(
#59
b11101010011 "
b10101001000 -
b1001110100 ^$
b10110100110 1(
#60
b11101010010 "
b10101010111 -
b11001101101 ^$
b10110100000 1(
#61
b11101010110 "
b10101010110 -
b11001110100 ^$
b10110111011 1(
b10011101001001101101100110010010011001011001101101100111000110011011011001101100100111000110011100011001110000100110011110011100001001101100100110010010011001001001101011100110111010011010001001101110100111001110011010101001101111100110110110011011101001101110100110101110011100001001101001100110111110011010001001101101 <(
#62
b11101010001 "
b10101001011 -
b11001100100 ^$
#63
b1101001100 "
b10101010100 -
b11001101101 ^$
b110100001 1(
#64
b101010111 -
b11001110101 ^$
b110100100 1(
#65
b1101001000 "
b101010010 -
b11001101001 ^$
#66
b1101010111 "
b101010111 -
b11001101100 ^$
b110111011 1(
#67
b101010110 -
b11001110101 ^$
b110111001 1(
#68
b1101010010 "
b101001000 -
b11001110001 ^$
b110101100 1(
#69
b1101001111 "
b101010000 -
b11001110000 ^$
b110100101 1(
#70
b1101001100 "
b101001000 -
b11001100000 ^$
b110111001 1(
#71
b1101001000 "
b101010110 -
b11001110100 ^$
b110100100 1(
#72
b1101010011 "
b101010100 -
b11001101000 ^$
b110100110 1(
#73
b1101010000 "
b101010110 -
b11001110101 ^$
b110100100 1(
#74
b1101001010 "
b101010001 -
b11001100100 ^$
b110111001 1(
#75
b1101010001 "
b101001010 -
b11001101111 ^$
b110111010 1(
#76
b1101001000 "
b101011101 -
b1001101010 ^$
b110111110 1(
#77
b1101011010 "
b101010110 -
b1001110111 ^$
b110111000 1(
#78
b1101001000 "
b101001111 -
b1001110001 ^$
b110100101 1(
#79
b11101010010 "
b101011101 -
b10110100110 1(
#80
b11101010110 "
b10101001010 -
b1101001100110100110011010010001101011010110100111011010011001101110110110100100011011111101101001110110111011011010001101101001100110100000011011101101101110110110100001011010010001101001000110111011011011100101101011000110100101011011100101101001000110100110011010010001101110010110111010011011111001101110000110100101 8
b1001101010 ^$
b11000000111100000010110000001111000000101100000010110000001011000000101100000010110000001011000000101100000010110000001011000000101100000010110000001011000000101100000010110000001011000000101100000110110000011111010100101101001111110100111011000010101100000011110000001011000000101100000010110000001011000000101100000010 i$
b10110100111 1(
#81
b10101010110 -
b1001101011 ^$
b10110100100 1(
b1010010000101010001010101010101010111000101000011010100101101010010110101001011010101011101010000000101001001010100100001010101110101000110010100100101010101000101010111010101001001010101110101000100010100100001010000000101001010010101010001010101100101010100010100001101010010000101011111010100011001010011010101001111 b+
#82
b11101010010 "
b10101010100 -
b1001101101 ^$
b10110101101 1(
#83
b11101001111 "
b10101011100 -
b1001101111 ^$
b10110100111 1(
#84
b11101001110 "
b10101010000 -
b1001101110 ^$
b10110100110 1(
#85
b11101010000 "
b10101001011 -
b1001101111 ^$
b10110111011 1(
#86
b11101001100 "
b10101001010 -
b1001110001 ^$
b10110100100 1(
#87
b11101010110 "
b10101001011 -
b1001100010 ^$
b10110111100 1(
#88
b11101011010 "
b10101010111 -
b1001101100 ^$
b10110100111 1(
#89
b11101010100 "
b10101010010 -
b1001110111 ^$
b10110111000 1(
#90
b11101001101 "
b10101001000 -
b1001101001 ^$
b10110100011 1(
#91
b11101010010 "
b10101001110 -
b1001110100 ^$
b10110100110 1(
#92
b10101010111 -
b11001101101 ^$
b10110100000 1(
#93
b11101010110 "
b10101010110 -
b11001110100 ^$
b10110111011 1(
b10011101001001101101100110010010011001001001101101100111000110011011011001101100100111000110011100011001110000100110010010011100001001101100100110011110011001001001101011100110111010011100111001110001100111000110011010101001101111100110110110011011111001101110100110101110011100011001100110100110110010011100111001101101 <(
#94
b11101010000 "
b10101001010 -
b11001100100 ^$
#95
b1101001100 "
b10101010100 -
b11001101101 ^$
b110100000 1(
#96
b101010110 -
b11001110101 ^$
b110100100 1(
#97
b1101001000 "
b101010010 -
b11001101001 ^$
#98
b1101010111 "
b101010111 -
b11001101100 ^$
b110111011 1(
#99
b101010110 -
b11001110101 ^$
b110111001 1(
#100
b1101001101 "
b101001000 -
b11001110001 ^$
b110101111 1(
#101
b1101001111 "
b101010000 -
b11001110000 ^$
b110100101 1(
#102
b1101001100 "
b101001000 -
b11001100000 ^$
b110111001 1(
#103
b1101001000 "
b101010110 -
b11001110111 ^$
b110100100 1(
#104
b1101010010 "
b101010101 -
b11001101000 ^$
b110100110 1(
#105
b1101010000 "
b101010110 -
b11001110100 ^$
b110100101 1(
#106
b1101001010 "
b101010000 -
b11001100111 ^$
b110111001 1(
#107
b1101010001 "
b101001010 -
b11001101100 ^$
b110100101 1(
#108
b1101001000 "
b101011101 -
b1001110001 ^$
b110111110 1(
#109
b1101010101 "
b101010001 -
b1001110000 ^$
b110111001 1(
#110
b1101001000 "
b101001111 -
b1001101010 ^$
b110100101 1(
#111
b11101010011 "
b101011101 -
b1001110101 ^$
b10110100001 1(
#112
b11101010110 "
b10101001010 -
b1101001100110100111011010010001101011010110100111011010011001101110110110100100011011110001101001110110111000011010001101101001100110100000011011101101101110110110100000011010010001101001000110111011011011100101101011110110100101011011100101101001000110100110011010010101101110010110100111011011111001101110010110100101 8
b1001101010 ^$
b11000000111100000010110000001111000000101100000010110000001011000000101100000010110000001011000000101100000010110000001011000000101100000010110000001011000000101100000010110000001011000000101100000110110000011111010111111101001111110100111011000010101100000010110000001011000000101100000010110000001011000000101100000010 i$
b10110100110 1(
#113
b11101010001 "
b10101010001 -
b1001101011 ^$
b10110100100 1(
b1010010100101010100010101010001010111000101000010010100101101010010100101001011010101011101010000000101001010010100111001010101110101000110010100100001010101000101010110010101001001010101110101010100010100100001010000000101001010010101010001010101110101010100010100001001010010000101011101010100000101010011010101001101 b+
#114
b11101010010 "
b10101010100 -
b1001101101 ^$
b10110100010 1(
#115
b11101001111 "
b10101011101 -
b1001101111 ^$
b10110100111 1(
#116
b11101001110 "
b10101010000 -
b1001110101 ^$
b10110100110 1(
#117
b11101010000 "
b10101001011 -
b1001101011 ^$
b10110111011 1(
#118
b11101001100 "
b10101001010 -
b1001110000 ^$
b10110100100 1(
#119
b11101010110 "
b10101001011 -
b1001101001 ^$
b10110111111 1(
#120
b11101011010 "
b10101010111 -
b1001101000 ^$
b10110100111 1(
#121
b11101010100 "
b10101010010 -
b1001110100 ^$
b10110111011 1(
#122
b11101001101 "
b10101001000 -
b1001101001 ^$
b10110100010 1(
#123
b11101010011 "
b10101001110 -
b1001110100 ^$
b10110100001 1(
#124
b11101010010 "
b10101010111 -
b11001101101 ^$
b10110100000 1(
#125
b11101010110 "
b10101010110 -
b11001110100 ^$
b10110111011 1(
b10011101001001101101100110010010011001001001101101100111000110011011011001101100100111000110011100011001110000100110010010011100111001101100100110010010011001111001101000100111000110011100001001101110100111000110011010101001101111100110110110011011111001110001100110101110011100001001101001100110110010011100001001101101 <(
#126
b10101001011 -
b11001100100 ^$
#127
b1101001100 "
b10101010100 -
b11001101101 ^$
b110100000 1(
#128
b101010110 -
b11001110101 ^$
b110100111 1(
#129
b1101001000 "
b101010011 -
b11001101001 ^$
b110100101 1(
#130
b1101010111 "
b101010100 -
b11001101100 ^$
b110111011 1(
#131
b101010110 -
b11001110101 ^$
b110111001 1(
#132
b1101001101 "
b101001011 -
b11001110001 ^$
b110101100 1(
#133
b1101001100 "
b101010000 -
b11001110000 ^$
b110100101 1(
#134
b101001000 -
b11001100000 ^$
b110111001 1(
#135
b1101001000 "
b101010110 -
b11001110100 ^$
b110100100 1(
#136
b1101010010 "
b101010101 -
b11001101000 ^$
b110100001 1(
#137
b1101010000 "
b101010111 -
b11001110101 ^$
b110100101 1(
#138
b1101001010 "
b101010000 -
b11001100100 ^$
b110111110 1(
#139
b1101010000 "
b101001010 -
b11001101101 ^$
b110111010 1(
#140
b1101001001 "
b101011101 -
b1001110001 ^$
b110111001 1(
#141
b1101011010 "
b101010110 -
b1001110000 ^$
b110111000 1(
#142
b1101001011 "
b101001100 -
b1001101010 ^$
b110100101 1(
#143
b11101010000 "
b101011101 -
b1001110101 ^$
b10110100001 1(
#144
b11101010110 "
b10101001010 -
b1101000010110100110011010010001101000100110100111011010011001101110110110100100011011111101101001110110111011011010001001101000010110100000011011101101101110110110100000011010011101101001010110111011011011100101101011000110100101011011100101101001000110100001011010010101101111000110111010011011101101101110000110100101 8
b1001101001 ^$
b11000000111100000010110000001111000000101100000010110000001011000000101100000010110000001011000000101100000010110000001011000000101100000010110000001011000000101100000010110000001011000000101100000110110000011111010111111101001110110100111011000010101100000010110000001011000000101100000010110000001011000000101100000010 i$
b10110100110 1(
#145
b11101010000 "
b10101010001 -
b1001101111 ^$
b10110100100 1(
b1010010000101010001010101010001010111010101000000010100101101010010100101001011010101011101010000000101001010010100111001010101110101000110010100100101010101000101010110010101000101010101100101000110010100100101010000000101000010010101010001010101110101010101010100001001010010000101011111010100010001010011000101001111 b+
#146
b11101010010 "
b10101010100 -
b1001101110 ^$
b10110101101 1(
#147
b11101001111 "
b10101011100 -
b1001101011 ^$
b10110100111 1(
#148
b10101010000 -
b1001110101 ^$
b10110100110 1(
#149
b11101010000 "
b10101001011 -
b1001101011 ^$
b10110111010 1(
#150
b11101001100 "
b1001110000 ^$
b10110100100 1(
#151
b11101010110 "
b1001101001 ^$
b10110111111 1(
#152
b11101011010 "
b10101010110 -
b1001101000 ^$
b10110100111 1(
#153
b11101010100 "
b10101010010 -
b1001110100 ^$
b10110111011 1(
#154
b11101001100 "
b10101001000 -
b1001101001 ^$
b10110100011 1(
#155
b11101010011 "
b10101001110 -
b1001110101 ^$
b10110100110 1(
#156
b11101010010 "
b10101010111 -
b11001101101 ^$
b10110100000 1(
#157
b11101010110 "
b10101010110 -
b11001110101 ^$
b10110111010 1(
b10011101001001101101100110010010011001001001101101100111000110011011011001101100100111000110011100011001110000100110010010011100001001101100100110010110011001001001101011100111000110011100001001101110100111000110011011011001101111100110101010011011111001110001100110101110011100001001101001100110110010011110001001101101 <(
#158
b10101001011 -
b11001100100 ^$
b10110111011 1(
#159
b1101001100 "
b10101010100 -
b11001101101 ^$
b110100000 1(
#160
b101010110 -
b11001101110 ^$
b110100100 1(
#161
b1101001000 "
b101010011 -
b11001101101 ^$
b110100101 1(
#162
b1101010110 "
b101010111 -
b11001101111 ^$
b110111011 1(
#163
b101010110 -
b11001110101 ^$
b110111000 1(
#164
b1101001101 "
b101001000 -
b11001110001 ^$
b110101100 1(
#165
b1101001111 "
b101010000 -
b110100101 1(
#166
b1101001100 "
b101001000 -
b11001100011 ^$
b110111110 1(
#167
b1101001000 "
b101010110 -
b11001110100 ^$
b110100100 1(
#168
b1101010010 "
b101010100 -
b11001101001 ^$
b110100001 1(
#169
b1101010000 "
b101010110 -
b11001110101 ^$
b110100101 1(
#170
b1101001010 "
b101010000 -
b11001100100 ^$
b110111110 1(
#171
b1101010000 "
b101001010 -
b11001101111 ^$
b110111010 1(
#172
b1101001001 "
b101011100 -
b1001110001 ^$
b110111001 1(
#173
b1101011010 "
b101010110 -
b1001110000 ^$
#174
b1101001011 "
b101001110 -
b1001101010 ^$
b110100100 1(
#175
b11101010000 "
b101011100 -
b1001110100 ^$
b10110100110 1(
#176
b11101010110 "
b10101001010 -
b1101000010110100110011010010001101011010110100111011010011001101110100110100100011011111101101001110110111011011010001101101001100110100000011011101001101110110110100000011010010001101001010110111011011011100001101011000110100101011011110001101001000110100001011010010101101111000110111010011011101101101110010110100100 8
b1001101001 ^$
b11000000111100000010110000001111000000101100000010110000001011000000101100000010110000001011000000101100000010110000001011000000101100000010110000001011000000101100000010110000001011000000101100000110110000011011010011111101001111110100111011000010101100000010110000001011000000101100000010110000001011000000101100000010 i$
#177
b10101010110 -
b1001101111 ^$
b10110100100 1(
b1010010000101010001010101010001010111000101000000010100101101010010110101001011010101011001010000000101001010010100111001010101110101000110010100100101010101000101010110010101001101010101110101000100010100100001010000000101001010010101010001010101100101010100010100001001010010000101011110010100011001010011000101001110 b+
#178
b11101010010 "
b10101010100 -
b1001101110 ^$
b10110101101 1(
#179
b11101001110 "
b10101011100 -
b1001101010 ^$
b10110100111 1(
#180
b11101001111 "
b10101010011 -
b1001101110 ^$
b10110100001 1(
#181
b11101010000 "
b10101001011 -
b1001101111 ^$
b10110111010 1(
#182
b11101001100 "
b10101001010 -
b1001110001 ^$
b10110100111 1(
#183
b11101010110 "
b1001101001 ^$
b10110111111 1(
#184
b11101011010 "
b10101010110 -
b1001101011 ^$
b10110100111 1(
#185
b11101010100 "
b10101010010 -
b1001110100 ^$
b10110111011 1(
#186
b11101001100 "
b10101001000 -
b1001101010 ^$
b10110100011 1(
#187
b11101010011 "
b1001110001 ^$
b10110100111 1(
#188
b11101010010 "
b10101010110 -
b11001101101 ^$
b10110100000 1(
#189
b11101010110 "
b10101010111 -
b11001110100 ^$
b10110100101 1(
b10011101011001101101100110010110011001001001101101100110111010011011011001101111100111000110011100011001110001100110011110011100001001101101100110010110011001001001101011100111000110011110001001101110100111100010011011011001101111100110101010011011101001101110100110101110011100011001101001100110111110011100001001101010 <(
#190
b11101010001 "
b10101001010 -
b11001100101 ^$
b10110111011 1(
#191
b1101001100 "
b10101010100 -
b11001101101 ^$
b110100000 1(
#192
b101010110 -
b11001110101 ^$
b110100100 1(
#193
b1101001000 "
b101010010 -
b11001101001 ^$
b110100101 1(
#194
b1101010110 "
b101010100 -
b11001101111 ^$
b110111000 1(
#195
b1101010111 "
b101010110 -
b11001110101 ^$
b110111001 1(
#196
b1101001101 "
b101001000 -
b11001110001 ^$
b110101100 1(
#197
b1101001110 "
b101010011 -
b11001110000 ^$
b110100101 1(
#198
b1101001100 "
b101001001 -
b11001100011 ^$
b110111110 1(
#199
b1101001000 "
b101010110 -
b11001110100 ^$
b110100100 1(
#200
b1101001101 "
b101010100 -
b11001101001 ^$
b110100001 1(
#201
b1101010000 "
b101010111 -
b11001110100 ^$
b110100101 1(
#202
b1101001010 "
b101010110 -
b11001100100 ^$
b110111111 1(
#203
b1101010001 "
b101001010 -
b11001101111 ^$
b110111010 1(
#204
b1101001001 "
b101011101 -
b1001110001 ^$
b110111001 1(
#205
b1101010101 "
b101010001 -
b1001110011 ^$
b110111110 1(
#206
b1101001011 "
b101001110 -
b1001101010 ^$
b110100101 1(
#207
b11101010011 "
b101011101 -
b1001110100 ^$
b10110100110 1(
#208
b11101010110 "
b10101001010 -
b1101001100110100110011010010001101011010110100111011010000101101110100110100111011011111101101001110110111011011010001101101001110110100000011010010101101110110110100000011010010001101001010110111000011011100101101011000110100101011011110001101001000110100001011010010101101111010110111010011011101101101111000110100101 8
b1001101010 ^$
b11000000111100000010110000001111000000101100000010110000001011000000101100000010110000001011000000101100000010110000001011000000101100000010110000001011000000101100000010110000001011000000101100000110110000011111010011111101001110110100111011000010101100001111110000001011000000101100000010110000001011000000101100000010 i$
#209
b10101010110 -
b1001101011 ^$
b10110100100 1(
b1010010100101010100010101010001010111000101000011010100101101010010100101001010010101011001010000000101001000010100100001010101100101000111010100100001010101000101010110010101000001010101100101000100010100101001010000010101000011010101010001010101100101010111010100011001010010000101011101010100000101010011000101001101 b+
#210
b11101010010 "
b10101010100 -
b1001101110 ^$
b10110101101 1(
#211
b11101001111 "
b10101011100 -
b1001110001 ^$
b10110100111 1(
#212
b11101001110 "
b10101010011 -
b1001101010 ^$
b10110100110 1(
#213
b11101010000 "
b10101001011 -
b1001101111 ^$
b10110111011 1(
#214
b11101001100 "
b10101001010 -
b1001110001 ^$
b10110100111 1(
#215
b11101010110 "
b10101001011 -
b1001101001 ^$
b10110111111 1(
#216
b11101011010 "
b10101010110 -
b1001101011 ^$
b10110100111 1(
#217
b11101010100 "
b10101010010 -
b1001110100 ^$
b10110111011 1(
#218
b11101001101 "
b10101001000 -
b1001101001 ^$
b10110100011 1(
#219
b11101010011 "
b10101001001 -
b1001110101 ^$
b10110100110 1(
#220
b11101010010 "
b10101010111 -
b11001101101 ^$
b10110100000 1(
#221
b11101010110 "
b11001110100 ^$
b10110111010 1(
b10011101011001101101100110010010011001011001101101100111000110011011011001101111100111000110011100011001110000100110011110011100001001101101100110010010011001001001101011100111000110011100111001101110100111000010011010101001101111100110101010011100011001101110100110101110011100011001101001100110111110011100001001101101 <(
#222
b11101010001 "
b10101001011 -
b11001100101 ^$
b10110111011 1(
#223
b1101001101 "
b10101010100 -
b11001101101 ^$
b110100000 1(
#224
b1101001100 "
b101010110 -
b11001110101 ^$
b110100100 1(
#225
b1101001000 "
b101010010 -
b11001101001 ^$
b110100101 1(
#226
b1101010110 "
b101010100 -
b11001101111 ^$
b110111011 1(
#227
b1101010111 "
b101010110 -
b11001110101 ^$
b110111001 1(
#228
b1101001100 "
b101001000 -
b11001110001 ^$
b110101100 1(
#229
b1101001111 "
b101010000 -
b11001110000 ^$
b110100100 1(
#230
b1101001100 "
b101001001 -
b11001100011 ^$
b110111110 1(
#231
b1101001001 "
b101010110 -
b11001110100 ^$
b110100111 1(
#232
b1101010010 "
b101010101 -
b11001101011 ^$
b110100110 1(
#233
b1101010000 "
b101010111 -
b11001110100 ^$
b110100101 1(
#234
b1101001011 "
b101010001 -
b11001100111 ^$
b110111001 1(
#235
b1101010000 "
b101001010 -
b11001101111 ^$
b110111010 1(
#236
b1101001000 "
b101010010 -
b1001101010 ^$
b110111110 1(
#237
b1101010101 "
b101010110 -
b1001110111 ^$
#238
b1101001011 "
b101001110 -
b1001101010 ^$
b110100101 1(
#239
b11101010000 "
b101011101 -
b1001110101 ^$
b10110100001 1(
#240
b11101010110 "
b10101001010 -
b1101001100110100110011010010001101011010110100111011010011001101110110110100111011011111101101001110110111011011010001101101001100110100000011011101001101110110110100000011010010001101001010110111011011011100101101011000110100100011011110001101001110110100110011010010101101110010110111010011011111001101111000110100101 8
b1001101001 ^$
b11000000111100000010110000001111000000101100000010110000001011000000101100000010110000001011000000101100000010110000001011000000101100000010110000001011000000101100000010110000001011000000101100000110110000011111010011101101001111110100111011000010101100000010110000001011000000101100000010110000001011000000101100000010 i$
#241
b10101010001 -
b1001101111 ^$
b10110100111 1(
b1010010100101010100010101010001010111000101000011010100101101010010100101001011010101011001010000000101001000010100100101010101110101000111010100100101010101000101010110010101000001010101100101000100010100100001010000000101001011010101010001010101110101010101010100001101010010100101010010010100011001010011000101001101 b+
#242
b11101010010 "
b10101010111 -
b1001101101 ^$
b10110100010 1(
#243
b11101001110 "
b10101011101 -
b1001101110 ^$
b10110100111 1(
#244
b10101010000 -
b10110100110 1(
#245
b11101010011 "
b10101001011 -
b1001101111 ^$
b10110111010 1(
#246
b11101001100 "
b1001110000 ^$
b10110100100 1(
#247
b11101010110 "
b1001100010 ^$
b10110111111 1(
#248
b11101011010 "
b10101010110 -
b1001101111 ^$
b10110100111 1(
#249
b11101010100 "
b10101010010 -
b1001110100 ^$
b10110111011 1(
#250
b11101001101 "
b10101001000 -
b1001101001 ^$
b10110100011 1(
#251
b11101010011 "
b10101001001 -
b1001110101 ^$
b10110100110 1(
#252
b11101010010 "
b10101010111 -
b11001101101 ^$
b10110100000 1(
#253
b11101010110 "
b10101010110 -
b11001110111 ^$
b10110111011 1(
b10011101011001101101100110010010011001011001101101100111000110011011011001101111100111000110011100011001110000100110011110011100001001101111100110010010011001111001101011100110111010011100111001101110100111000110011011011001101111100110110110011011101001101110100110101110011100001001100110100110111110011010001001101101 <(
#254
b11101010001 "
b10101001011 -
b11001100100 ^$
#255
b1101001100 "
b10101010100 -
b11001101101 ^$
b110100011 1(
#256
b101010110 -
b11001110100 ^$
b110100100 1(
#257
b1101001000 "
b101010010 -
b11001101001 ^$
b110100101 1(
#258
b1101010111 "
b101010100 -
b11001101111 ^$
b110111011 1(
#259
b1101010110 "
b101010110 -
b11001101110 ^$
b110111001 1(
#260
b1101001101 "
b101001011 -
b11001110101 ^$
b110101100 1(
#261
b1101001110 "
b101010011 -
b11001110000 ^$
b110100100 1(
#262
b1101001100 "
b101001001 -
b11001100011 ^$
b110111110 1(
#263
b1101001001 "
b101010110 -
b11001110100 ^$
b110100100 1(
#264
b1101010010 "
b101010100 -
b11001101000 ^$
b110100001 1(
#265
b1101010000 "
b101010111 -
b11001110100 ^$
b110100101 1(
#266
b1101000101 "
b101010000 -
b11001100111 ^$
b110111001 1(
#267
b1101010000 "
b101001010 -
b11001101111 ^$
b110111010 1(
#268
b1101001001 "
b101011101 -
b1001101010 ^$
b110111001 1(
#269
b1101010101 "
b101010001 -
b1001110111 ^$
#270
b1101001011 "
b101001111 -
b1001101010 ^$
b110100100 1(
#271
b11101010000 "
b101011101 -
b1001110101 ^$
b10110100001 1(
#272
b11101010110 "
b10101001010 -
b1101000010110100001011010011101101000100110100111011010011001101110100110100100011011111101101001110110111011011010001101101001100110100000011011101101101110110110100011011010010001101001010110111011011011100101101011000110100100011011110001101001000110100001011010010101101110010110111010011011101101101110010110100100 8
b1001101001 ^$
b11000000111100000010110000001111000000101100000010110000001011000000101100000010110000001011000000101100000010110000001011000000101100000010110000001011000000101100000010110000001011000000101100000110110000011011010011111101001110110100111011000010101100000010110000001011000001101100000010110000001011000000101100000010 i$
b10110100110 1(
#273
b11101010001 "
b10101010001 -
b1001101111 ^$
b10110100111 1(
b1010010000101010001010101010101010111010101000010010100101101010010110101001011010101011001010000000101001000010100100101010101110101000110010100100101010101100101010110010101000001010101100101000110010100101101010000010101001011010101010001010101100101010101010100001001010010000101011101010100000101010011010101001101 b+
#274
b11101010011 "
b10101010100 -
b1001101101 ^$
b10110100010 1(
#275
b11101001110 "
b10101011100 -
b1001101110 ^$
b10110100100 1(
#276
b11101001111 "
b10101010000 -
b10110100110 1(
#277
b11101010011 "
b10101001011 -
b1001101111 ^$
b10110111011 1(
#278
b11101001100 "
b1001110001 ^$
b10110100100 1(
#279
b11101010001 "
b1001100010 ^$
b10110111111 1(
#280
b11101011010 "
b10101010111 -
b1001101101 ^$
b10110100111 1(
#281
b11101010101 "
b10101011101 -
b1001110100 ^$
b10110111011 1(
#282
b11101001100 "
b10101001000 -
b1001101010 ^$
b10110100000 1(
#283
b11101010011 "
b10101001001 -
b1001110001 ^$
b10110100001 1(
#284
b11101001101 "
b10101010111 -
b11001101101 ^$
b10110100000 1(
#285
b11101010110 "
b10101010110 -
b11001110100 ^$
b10110111011 1(
b10011101011001101101100110011110011001001001101101100111000010011011011001101111100110111010011100011001100000100110011110011000001001101100100110010010011001111001101011100110111010011110111001101110100111100110011011011001101111100110110110011011101001101110100110101110011100011001100110100110110110011000001001101010 <(
#286
b10101001010 -
b11001100100 ^$
b10110111000 1(
#287
b1101001100 "
b10101010111 -
b11001101110 ^$
b110100000 1(
#288
b101010110 -
b11001110001 ^$
b110100100 1(
#289
b1101001000 "
b101010010 -
b11001101001 ^$
#290
b1101010111 "
b101010111 -
b11001101100 ^$
b110111011 1(
#291
b1101010110 "
b101010110 -
b11001101110 ^$
b110111000 1(
#292
b1101010010 "
b101001011 -
b110101111 1(
#293
b1101001001 "
b101010000 -
b11001110100 ^$
b110100100 1(
#294
b1101001100 "
b101001000 -
b11001100000 ^$
b110111110 1(
#295
b1101001000 "
b101010110 -
b11001110100 ^$
b110100101 1(
#296
b1101010010 "
b101010100 -
b11001101001 ^$
b110100110 1(
#297
b1101010000 "
b101010110 -
b11001110100 ^$
b110100101 1(
#298
b1101001010 "
b11001100111 ^$
b110111001 1(
#299
b1101010000 "
b101001010 -
b11001101111 ^$
b110111011 1(
#300
b1101001001 "
b101011100 -
b1001110001 ^$
b110111001 1(
#301
b1101010101 "
b101010001 -
b1001110011 ^$
#302
b1101001000 "
b101001111 -
b1001101010 ^$
b110100100 1(
#303
b11101010011 "
b101011101 -
b1001110101 ^$
b10110100001 1(
#304
b11101010110 "
b10101001011 -
b1101000010110100110011010011101101000100110100100011010011001101110110110100100011011111101101001110110111011011010000001101000010110100000011011101101101110000110100000011010010001101001000110111011011011100001101011110110100100011011110001101001010110100110011010010101101110010110111011011011101101101110010110100100 8
b1001101001 ^$
b11000000111100000010110000001111000000101100000010110000001011000000101100000010110000001011000000101100000010110000001011000000101100000010110000001011000000101100000010110000001011000000101100000110110000011011010000101101001011110100111011000010101100000010110000001011000000101100000010110000001011000000101100000010 i$
b10110100110 1(
#305
b10101010001 -
b1001101111 ^$
b10110100111 1(
b1010010000101010001010101010001010111000101000000010100101101010010110101001011010101010101010011010101001000010100100101010101110101000110010100101001010101110101010110010101001001010101110101010110010100100101010000000101001000010101010001010101100101010110010100011001010010000101011100010100000101010011010101001101 b+
#306
b11101010010 "
b10101010100 -
b1001101101 ^$
b10110100010 1(
#307
b11101001111 "
b10101011100 -
b1001101110 ^$
b10110100111 1(
#308
b10101010011 -
b1001110101 ^$
b10110100001 1(
#309
b11101010000 "
b10101001011 -
b1001101011 ^$
b10110111011 1(
#310
b11101001100 "
b10101001010 -
b1001110000 ^$
b10110100100 1(
#311
b11101010110 "
b10101001011 -
b1001101001 ^$
b10110111100 1(
#312
b11101011010 "
b10101010110 -
b1001101000 ^$
b10110100111 1(
#313
b11101010101 "
b10101011101 -
b1001110100 ^$
b10110111011 1(
#314
b11101001100 "
b10101001000 -
b1001101010 ^$
b10110100011 1(
#315
b11101010000 "
b10101001001 -
b1001110000 ^$
b10110100110 1(
#316
b11101010010 "
b10101010110 -
b11001101101 ^$
b10110100011 1(
#317
b11101010110 "
b10101010111 -
b11001110100 ^$
b10110111010 1(
b10011011011001101101100110010010011001001001101010100111000110011011011001101100100110111010011011101001110000100110010010011100001001101101100110010010011001111001101011100111000110011100111001101110100111000110011011011001101111100110110110011011101001110001100110101110011100001001101001100110110010011100001001101010 <(
#318
b10101001010 -
b11001100101 ^$
b10110111011 1(
#319
b1101001100 "
b10101010100 -
b11001101110 ^$
b110100000 1(
#320
b101010110 -
b11001110001 ^$
b110100111 1(
#321
b1101001011 "
b101010010 -
b11001101001 ^$
b110100101 1(
#322
b1101010110 "
b101010100 -
b11001101100 ^$
b110111000 1(
#323
b1101010111 "
b101010110 -
b11001110101 ^$
#324
b1101001101 "
b101001011 -
b11001110001 ^$
b110101111 1(
#325
b1101001110 "
b101010000 -
b11001110000 ^$
b110100100 1(
#326
b1101001100 "
b101001001 -
b11001100000 ^$
b110111110 1(
#327
b1101001000 "
b101010110 -
b11001110100 ^$
b110100100 1(
#328
b1101010010 "
b101010100 -
b11001101000 ^$
b110100001 1(
#329
b1101010000 "
b101010111 -
b11001110100 ^$
b110100101 1(
#330
b1101001010 "
b101010001 -
b11001100111 ^$
b110111110 1(
#331
b1101010001 "
b101001010 -
b11001101111 ^$
b110111011 1(
#332
b1101001000 "
b101011101 -
b1001110001 ^$
b110111001 1(
#333
b1101010101 "
b101010110 -
b1001110011 ^$
#334
b1101001011 "
b101001111 -
b1001101010 ^$
b110100100 1(
#335
b11101010011 "
b101011101 -
b1001110100 ^$
b10110100110 1(
#336
b11101010110 "
b10101001011 -
b1101000010110100110011010011101101000100110100111011010000101101110110110100100011011110001101001110110111011011010001101101001100110100011011011101001101110110110100000011010011101101001010110111000011011100001101011110110100100011011110001101001000110100001011010010101101111000110111011011011101101101110010110100100 8
b1001101001 ^$
b11000000111100000010110000001111000000101100000010110000001011000000101100000010110000001011000000101100000010110000001011000000101100000010110000001011000000101100000010110000001011000000101100000110110000011111010011111101001110110100111011000010101100000010110000001011000000101100000010110000001011000000101100000010 i$
#337
b10101010001 -
b1001101100 ^$
b10110100100 1(
b1010010010101010001010101010001010111000101000011010100101101010010100101001011010101010001010011010101001000010100100101010101100101000111010100100001010101000101010110010101000001010101100101000110010100100101010000000101001011010101010001010101100101010101010100001101010010000101011111010100011001010011010101001111 b+
#338
b11101010010 "
b10101010100 -
b1001101110 ^$
b10110101101 1(
#339
b11101001110 "
b10101011100 -
b1001101010 ^$
b10110100111 1(
#340
b11101001111 "
b10101010000 -
b1001101110 ^$
b10110100110 1(
#341
b11101010000 "
b10101001011 -
b1001101111 ^$
b10110111010 1(
#342
b11101001100 "
b1001110000 ^$
b10110100100 1(
#343
b11101010110 "
b1001101001 ^$
b10110111111 1(
#344
b11101011010 "
b10101010111 -
b1001101011 ^$
b10110100111 1(
#345
b11101010100 "
b10101011101 -
b1001110111 ^$
b10110111011 1(
#346
b11101001100 "
b10101001000 -
b1001101010 ^$
b10110100011 1(
#347
b11101010000 "
b10101001001 -
b1001110000 ^$
b10110100110 1(
#348
b11101010010 "
b10101010111 -
b11001101101 ^$
b10110100000 1(
#349
b11101010110 "
b11001110111 ^$
b10110111010 1(
b10011101001001101101100110010010011001011001101010100111000110011011011001101100100111000110011100011001110000100110010010011100001001101100100111010010011001111001101011100111000110011100111001101110100111000010011011011001101100100110101010011011101001101110100110101110011100001001101001100110111110011100111001101010 <(
#350
b11101010001 "
b10101001011 -
b11001100100 ^$
b10110111011 1(
#351
b1101001100 "
b10101010100 -
b11001101101 ^$
b110100000 1(
#352
b101010111 -
b11001110101 ^$
b110100111 1(
#353
b1101001000 "
b101010010 -
b11001101001 ^$
b110100101 1(
#354
b1101010111 "
b101010100 -
b11001101100 ^$
b110111000 1(
#355
b101010110 -
b11001110101 ^$
b110111001 1(
#356
b1101001100 "
b101001000 -
b11001110001 ^$
b110101111 1(
#357
b1101001111 "
b101010000 -
b11001110000 ^$
b110100100 1(
#358
b1101001100 "
b101001000 -
b11001100011 ^$
b110111001 1(
#359
b1101001001 "
b101010110 -
b11001110100 ^$
b110100100 1(
#360
b1101010010 "
b101010100 -
b11001101000 ^$
b110100001 1(
#361
b1101010000 "
b101010111 -
b11001110100 ^$
b110100101 1(
#362
b1101001010 "
b101010001 -
b11001100100 ^$
b110111110 1(
#363
b1101010001 "
b101001010 -
b11001101111 ^$
b110111010 1(
#364
b1101001001 "
b101011101 -
b1001110001 ^$
b110111110 1(
#365
b1101011010 "
b101010110 -
b1001110011 ^$
b110111001 1(
#366
b1101001011 "
b101001111 -
b1001101010 ^$
b110100101 1(
#367
b11101010011 "
b101011101 -
b1001110100 ^$
b10110100110 1(
#368
b11101010110 "
b10101001010 -
b1101001100110100110011010010001101011010110100111011010011001101110100110100100011011111101101001110110111011011010001101101001100110100000011011101001101110110110100000011010011101101001010110111000011011100101101011110110100100011011100101101001000110100001011010010101101111000110111010011011111001101110010110100101 8
b1001101001 ^$
b11000000111100000010110000001111000000101100000010110000001011000000101100000010110000001011000000101100000010110000001011000000101100000010110000001011000000101100000010110000001011000000101100000110110000011111010011101101001111110100111011000010101100000010110000001011000000101100000010110000001011000000101100000010 i$
b10110100111 1(
#369
b10101010001 -
b1001101111 ^$
b1010010010101010001010101010001010111000101000000010100101101010010110101001011010101010101010011010101001000010100100101010101110101000111010100100101010101000101010111010101000001010101100101000100010100100001010000000101001010010101010001010101100101010101010100001101010010000101011111010100011001010011010101001101 b+
#370
b11101010011 "
b10101010100 -
b1001101101 ^$
b10110101101 1(
#371
b11101001111 "
b10101011100 -
b1001101110 ^$
b10110100111 1(
#372
b10101010011 -
b1001110101 ^$
b10110100110 1(
#373
b11101010000 "
b10101001011 -
b1001101011 ^$
b10110111010 1(
#374
b11101001100 "
b10101001010 -
b1001110001 ^$
b10110100100 1(
#375
b11101010110 "
b10101001011 -
b1001101001 ^$
b10110111111 1(
#376
b11101011010 "
b10101010111 -
b1001101011 ^$
b10110100111 1(
#377
b11101010111 "
b10101010010 -
b1001110111 ^$
b10110111011 1(
#378
b11101001100 "
b10101001001 -
b1001101010 ^$
b10110100011 1(
#379
b11101010011 "
b1001110000 ^$
b10110100001 1(
#380
b11101001101 "
b10101010111 -
b11001101101 ^$
b10110100000 1(
#381
b11101010110 "
b11001110111 ^$
b10110111010 1(
b10011101001001101101100110011110011001001001101101100111000110011011011001101100100111000110011100011001110000100110011110011100001001101100100110010010011001001001101011100111000110011100111001101110100111000010011011011001101111100110110110011011101001110001100110101110011100011001101001100110111110011100111001101010 <(
#382
b11101010001 "
b10101001011 -
b11001100100 ^$
b10110111000 1(
#383
b1101001100 "
b10101010100 -
b11001101101 ^$
b110100000 1(
#384
b101010111 -
b11001110101 ^$
b110100111 1(
#385
b1101001000 "
b101010010 -
b11001101001 ^$
b110100101 1(
#386
b1101010110 "
b101010100 -
b11001101100 ^$
b110111011 1(
#387
b1101010111 "
b101010110 -
b11001110101 ^$
b110111000 1(
#388
b1101001101 "
b101001000 -
b11001110001 ^$
b110101111 1(
#389
b1101001110 "
b101010000 -
b11001110011 ^$
b110100101 1(
#390
b1101001100 "
b101001001 -
b11001100011 ^$
b110111110 1(
#391
b1101001001 "
b101010111 -
b11001110100 ^$
b110100100 1(
#392
b1101010010 "
b101010100 -
b11001101000 ^$
b110100001 1(
#393
b1101010001 "
b11001110100 ^$
b110100101 1(
#394
b1101001010 "
b101010001 -
b11001100100 ^$
b110111110 1(
#395
b1101010001 "
b101001010 -
b11001101111 ^$
b110111010 1(
#396
b1101001001 "
b101011101 -
b1001101010 ^$
b110111001 1(
#397
b1101011010 "
b101010110 -
b1001110111 ^$
#398
b1101001000 "
b101001111 -
b1001101010 ^$
b110100101 1(
#399
b11101010000 "
b101011101 -
b1001110100 ^$
b10110100001 1(
#400
b11101010110 "
b10101001011 -
b1101001100110100111011010011101101011010110100111011010011001101110100110100100011011111101101001110110111011011010001101101000010110100000011011101001101110000110100000011010011101101001010110111011011011100001101011110110100101011011110001101001000110100001011010010101101111000110111010011011101101101110010110100101 8
b1001101010 ^$
b11000000111100000010110000001111000000101100000010110000001011000000101100000010110000001011000000101100000010110000001011000000101100000010110000001011000000101100000010110000001011000000101100000110110000011111010011111101001110110100111011000010101100000010110000001111000000101100000010110000001011000000101100000010 i$
#401
b11101010001 "
b10101010001 -
b1001101011 ^$
b10110100111 1(
b1010010000101010001010101010001010111000101000011010100101101010010100101001011010101011101010000000101001001010100100101010101110101000111010100100101010101000101010111010101000001010101100101000100010100100001010000000101001011010101010101010101000101010100010100001101010010000101011111010100011001010011010101001111 b+
#402
b11101010010 "
b10101010100 -
b1001101101 ^$
b10110101101 1(
#403
b11101001111 "
b10101011100 -
b1001101110 ^$
b10110100110 1(
#404
b10101010000 -
b1001110101 ^$
#405
b11101010000 "
b10101001011 -
b1001101011 ^$
b10110111011 1(
#406
b11101001100 "
b1001110001 ^$
b10110100100 1(
#407
b11101010110 "
b1001101001 ^$
b10110111111 1(
#408
b11101011010 "
b10101010111 -
b1001101000 ^$
b10110100111 1(
#409
b11101010100 "
b10101011101 -
b1001110100 ^$
b10110111011 1(
#410
b11101001101 "
b10101001001 -
b1001101010 ^$
b10110100000 1(
#411
b11101010011 "
b1001110000 ^$
b10110100001 1(
#412
b11101010010 "
b10101010111 -
b11001101101 ^$
b10110100000 1(
#413
b11101010110 "
b11001110100 ^$
b10110100101 1(
b10011101001001101101100110011110011001001001101101100111000110011011011001101100100111000110011100011001110011100110011110011100001001101100100111010010011001001001101011100110111010011100111001101110100111000010011010101001101111100110110110011011101001110001100110101110011100011001101001100110110010011100001001101010 <(
#414
b11101010001 "
b10101001010 -
b11001100100 ^$
b10110111000 1(
#415
b1101001100 "
b10101010101 -
b11001101101 ^$
b110100000 1(
#416
b101010110 -
b11001110101 ^$
b110100111 1(
#417
b1101001000 "
b101010010 -
b11001101001 ^$
b110100101 1(
#418
b1101010110 "
b101010111 -
b11001101100 ^$
b110111011 1(
#419
b1101010111 "
b101010110 -
b11001101110 ^$
b110111001 1(
#420
b1101001101 "
b101001011 -
b11001110101 ^$
b110101100 1(
#421
b1101001110 "
b101010011 -
b11001110000 ^$
b110100100 1(
#422
b1101001100 "
b101001001 -
b11001100011 ^$
b110111001 1(
#423
b1101001000 "
b101010110 -
b11001110111 ^$
b110100100 1(
#424
b1101010010 "
b101010101 -
b11001101000 ^$
b110100001 1(
#425
b1101010001 "
b101010111 -
b11001110100 ^$
b110100101 1(
#426
b1101001010 "
b101010110 -
b11001100100 ^$
b110111001 1(
#427
b1101010001 "
b101001010 -
b11001101111 ^$
b110111010 1(
#428
b1101001110 "
b101011101 -
b1001101010 ^$
b110111110 1(
#429
b1101010101 "
b101010110 -
b1001110111 ^$
b110111000 1(
#430
b1101001011 "
b101001111 -
b1001101010 ^$
b110100101 1(
#431
b11101010000 "
b101011101 -
b1001110101 ^$
b10110100001 1(
#432
b11101010110 "
b10101001010 -
b1101000010110100001011010011101101011010110100110011010011001101110110110100100011011111101101001110110111011011010000001101000010110100000011010010101101110000110100000011010011101101001010110111011011011100101101011000110100100011011100101101001000110100001011010010101101110010110111010011011111001101110000110100101 8
b1001101010 ^$
#433
b11101010001 "
b10101010001 -
b1001101000 ^$
b10110100100 1(
b1010010010101010001010101010001010111000101000000010100101101010010110101001011010101010101010011010101001001010100100101010101110101000111010100100001010101010101010110010101001001010101110101000110010100101101010000010101001011010101010001010101110101010111010100011001010010000101011111010100011001010011010101001101 b+
#434
b11101010010 "
b10101010100 -
b1001101110 ^$
b10110101101 1(
#435
b11101001100 "
b10101011100 -
b1001101010 ^$
b10110100111 1(
#436
b11101001110 "
b10101010000 -
b1001101110 ^$
b10110100110 1(
#437
b11101010011 "
b10101001011 -
b10110111011 1(
#438
b11101001100 "
b10101001010 -
b1001110000 ^$
b10110100100 1(
#439
b11101010110 "
b10101001011 -
b1001101001 ^$
b10110111111 1(
#440
b11101011010 "
b10101010110 -
b1001101000 ^$
b10110100111 1(
#441
b11101010100 "
b10101010010 -
b1001110100 ^$
b10110111011 1(
#442
b11101001100 "
b10101001001 -
b1001101001 ^$
b10110100011 1(
#443
b11101010011 "
b10101001110 -
b1001110100 ^$
b10110100110 1(
#444
b11101001101 "
b10101010111 -
b11001101101 ^$
b10110100000 1(
#445
b11101010110 "
b11001110100 ^$
b10110111010 1(
b10011101001001101101100110010010011001001001101101100111000110011011011001101100100110111010011100011001110000100110011110011100111001101100100110010010011001001001101011100110111010011100111001101110100111000110011010101001101100100110101010011011101001101110100110101010011100001001101001100110110010011010001001101101 <(
#446
b11101010000 "
b10101001011 -
b11001100100 ^$
b10110111011 1(
#447
b1101001101 "
b10101010100 -
b11001101101 ^$
b110100001 1(
#448
b1101001100 "
b101010110 -
b11001110101 ^$
b110100111 1(
#449
b1101001011 "
b101010010 -
b11001101001 ^$
b110100101 1(
#450
b1101010111 "
b101010100 -
b11001101100 ^$
b110111011 1(
#451
b101010110 -
b11001101110 ^$
b110111001 1(
#452
b1101001101 "
b101001000 -
b11001110101 ^$
b110101100 1(
#453
b1101001111 "
b101010000 -
b11001110000 ^$
b110100101 1(
#454
b1101001100 "
b101001110 -
b11001100011 ^$
b110111001 1(
#455
b1101001000 "
b101010110 -
b11001110111 ^$
b110100111 1(
#456
b1101010010 "
b101010100 -
b11001101001 ^$
b110100001 1(
#457
b1101010000 "
b101010110 -
b11001110100 ^$
b110100100 1(
#458
b1101001010 "
b11001100100 ^$
b110111110 1(
#459
b1101010001 "
b101001010 -
b11001101110 ^$
b110111010 1(
#460
b1101001001 "
b101011101 -
b1001110001 ^$
b110111001 1(
#461
b1101010101 "
b101010110 -
b1001110011 ^$
b110111000 1(
#462
b1101001011 "
b101001110 -
b1001110001 ^$
b110100101 1(
#463
b11101010011 "
b101011101 -
b1001110000 ^$
b10110100001 1(
#464
b11101010111 "
b10101001010 -
b1101000010110100001011010010001101011010110100111011010011001101110110110100100011011111101101001110110111011011010001101101001100110100000011011101001101110110110100001011010011101101001010110111011011011100101101011000110100101011011100101101001110110100001011010010001101111000110111010011011101101101110000110100101 8
b1001101010 ^$
b11000000111100000010110000001111000000101100000010110000001011000000101100000010110000001011000000101100000010110000001011000000101100000010110000001011000000101100000010110000001011000000101100000110110000011111010011111101001111110100111011000010101100000010110000001011000000101100000010110000001011000000101100000010 i$
b10110100110 1(
#465
b11101010001 "
b10101010001 -
b1001101011 ^$
b10110100100 1(
b1010010000101010001010101010001010111000101000000010100101101010010100101001011010101011001010000000101001011010100111001010101110101000111010100100101010101000101010110010101000001010101100101000100010100100001010000000101001110010101010001010101100101010110010100011001010010000101011111010100011001010011000101001101 b+
#466
b11101010010 "
b10101010100 -
b1001101110 ^$
b10110101101 1(
#467
b11101001111 "
b10101011100 -
b1001101010 ^$
b10110100111 1(
#468
b10101010000 -
b1001101110 ^$
b10110100110 1(
#469
b11101010011 "
b10101001000 -
b1001101100 ^$
b10110111011 1(
#470
b11101001100 "
b10101001011 -
b1001110000 ^$
b10110100101 1(
#471
b11101010110 "
b1001101001 ^$
b10110111111 1(
#472
b11101011010 "
b10101010110 -
b1001101000 ^$
b10110100111 1(
#473
b11101010100 "
b10101010010 -
b1001110100 ^$
b10110111011 1(
#474
b11101001100 "
b10101001000 -
b1001101001 ^$
b10110100011 1(
#475
b11101010010 "
b10101001001 -
b1001110100 ^$
b10110100110 1(
#476
b11101001101 "
b10101010111 -
b11001101101 ^$
b10110100000 1(
#477
b11101010110 "
b11001110111 ^$
b10110111010 1(
b10011101001001101101100110010010011001001001101101100111000110011011011001101100100110111010011100011001110000100110011110011100111001101101100110010010011001001001101010100111000110011100111001110001100111000010011010101001101111100110101010011011101001101110100110100010011100001001101001100110110010011100001001101101 <(
#478
b11101010000 "
b10101001011 -
b11001100100 ^$
b10110111011 1(
#479
b1101001100 "
b10101010100 -
b11001101101 ^$
b110100000 1(
#480
b101010111 -
b11001110101 ^$
b110100111 1(
#481
b1101001000 "
b101010011 -
b11001101001 ^$
b110100101 1(
#482
b1101010110 "
b101010100 -
b11001101100 ^$
b110111011 1(
#483
b101010110 -
b11001110101 ^$
b110111001 1(
#484
b1101010010 "
b101001011 -
b11001110001 ^$
b110101111 1(
#485
b1101001110 "
b101010000 -
b11001110000 ^$
b110100101 1(
#486
b1101001100 "
b101001000 -
b11001100000 ^$
b110111001 1(
#487
b1101001001 "
b101010111 -
b11001110100 ^$
b110100100 1(
#488
b1101010010 "
b101010100 -
b11001101000 ^$
b110100110 1(
#489
b1101010000 "
b101010111 -
b11001110100 ^$
b110100101 1(
#490
b1101001010 "
b101010110 -
b11001100100 ^$
b110111110 1(
#491
b1101010001 "
b101001010 -
b11001101111 ^$
b110111010 1(
#492
b1101001000 "
b101011101 -
b1001110001 ^$
b110111001 1(
#493
b1101011010 "
b101010110 -
b1001110000 ^$
b110111000 1(
#494
b1101001000 "
b101001110 -
b1001101010 ^$
b110100101 1(
#495
b11101010011 "
b101011101 -
b1001110111 ^$
b10110100110 1(
#496
b11101010110 "
b10101001010 -
b1101000010110100110011010010001101011010110100111011010011001101110110110100101011011111101101001110110111011011010001101101001100110100000011011101001101110110110100000011010011101101001010110111011011011100101101011110110100101011011100101101001000110100110011010010101101111000110111010011011101101101110000110100101 8
b1001101001 ^$
b11000000111100000010110000001111000000101100000010110000001011000000101100000010110000001011000000101100000010110000001011000000101100000010110000001011000000101100000010110000001011000000101100000110110000011011010000101101001110110100111011000010101100000010110000001011000000101100000010110000001011000000101100000010 i$
#497
b11101010001 "
b10101010001 -
b1001101111 ^$
b10110100100 1(
b1010010000101010001010101010001010111000101000000010100100001010010110101001011010101011001010000000101001000010100100101010101110101000111010100100101010101000101010111010101000101010101100101000110010100100101010000000101001010010101010101010101100101010111010100011001010010000101011111010100011001010011000101001111 b+
#498
b11101010011 "
b10101010100 -
b1001101101 ^$
b10110101101 1(
#499
b11101001111 "
b10101011100 -
b1001101111 ^$
b10110100110 1(
#500
b11101001110 "
b10101010000 -
b1001101110 ^$
b10110100001 1(
#501
b11101010000 "
b10101001000 -
b1001101111 ^$
b10110111011 1(
#502
b11101001100 "
b10101001011 -
b1001110000 ^$
b10110100100 1(
#503
b11101010001 "
b10101001000 -
b1001101001 ^$
b10110111111 1(
#504
b11101011010 "
b10101010110 -
b1001101011 ^$
b10110100111 1(
#505
b11101010100 "
b10101010010 -
b1001110111 ^$
b10110111010 1(
#506
b11101001100 "
b10101001000 -
b1001101010 ^$
b10110100011 1(
#507
b11101010011 "
b10101001001 -
b1001110001 ^$
b10110100110 1(
#508
b11101001101 "
b10101010111 -
b11001101101 ^$
b10110100000 1(
#509
b11101010110 "
b11001110100 ^$
b10110111010 1(
b10011101001001101101100110011110011001001001101101100111000110011011011001101100100111000110011100011001110000100110010010011100001001101100100110010010011001001001101011100111000110011100001001101110100111001110011011011001101111100110110110011011111001101110100110101110011100001001101001100110111110011100111001101010 <(
#510
b11101010001 "
b10101001010 -
b11001100100 ^$
b10110111011 1(
#511
b1101001100 "
b10101010100 -
b11001101101 ^$
b110100000 1(
#512
b101010110 -
b11001110101 ^$
b110100100 1(
1./
#513
b1101001000 "
b101010010 -
b11001101001 ^$
#514
b1101010111 "
b101010100 -
b11001101111 ^$
b110111011 1(
#515
b101010110 -
b11001110101 ^$
b110111000 1(
#516
b1101010010 "
b101001000 -
b11001110001 ^$
b110101111 1(
#517
b1101001110 "
b101010000 -
b11001110011 ^$
b110100100 1(
#518
b1101001100 "
b101001000 -
b11001100000 ^$
b110111110 1(
#519
b1101001001 "
b101010110 -
b11001110100 ^$
b110100111 1(
#520
b1101010010 "
b101010100 -
b11001101000 ^$
b110100001 1(
#521
b1101010000 "
b101010111 -
b11001110100 ^$
b110100101 1(
#522
b1101001011 "
b101010000 -
b11001100100 ^$
b110111110 1(
#523
b1101010001 "
b101001010 -
b11001101111 ^$
b110111010 1(
#524
b1101001001 "
b101011101 -
b1001110001 ^$
b110111001 1(
#525
b1101011010 "
b101010110 -
b1001110011 ^$
b110111000 1(
#526
b1101001011 "
b101001111 -
b1001110001 ^$
b110100101 1(
#527
b11101010010 "
b101011101 -
b1001110000 ^$
b10110100110 1(
#528
b11101010110 "
b10101001010 -
b1101001100110100110011010010001101011010110100110011010000101101110110110100100011011111101101001110110111010011010001101101001100110100000011011101001101110110110100000011010010001101001000110111011011011100001101011110110100100011011110001101001110110100001011010010101101111000110111010011011101101101110000110100101 8
b1001101001 ^$
b11000000111100000010110000001111000000101100000010110000001011000000101100000010110000001011000000101100000010110000001011000000101100000010110000001011000000101100000010110000001011000000101100000110110000011111010100101101001110110100111011000010101100000010110000001011000000101100000010110000001011000000101100000010 i$
b10110100001 1(
#529
b11101010001 "
b10101010110 -
b1001101111 ^$
b10110100100 1(
b1010010000101010001010101010001010111000101000000010100100001010010010101001000010101011001010000000101001000010100100101010101110101000111010100100001010101000101010110010101000001010101100101000100010100100001010000000101001010010101010001010101100101010101010100001001010010000101011111010100011001010011010101001111 b+
#530
b11101010010 "
b10101010100 -
b1001101101 ^$
b10110101101 1(
#531
b11101001110 "
b10101011100 -
b1001101110 ^$
b10110100111 1(
#532
b11101001111 "
b10101010000 -
b10110100110 1(
#533
b11101010000 "
b10101001011 -
b1001101111 ^$
b10110111011 1(
#534
b11101001101 "
b10101001000 -
b1001110000 ^$
b10110100111 1(
#535
b11101010001 "
b1001101001 ^$
b10110111111 1(
#536
b11101011010 "
b10101010110 -
b1001101011 ^$
b10110100100 1(
#537
b11101010100 "
b10101010010 -
b1001110100 ^$
b10110111011 1(
#538
b11101001101 "
b10101001011 -
b1001101001 ^$
b10110100011 1(
#539
b11101010011 "
b10101001001 -
b1001110100 ^$
b10110100110 1(
#540
b11101010010 "
b10101010110 -
b11001101101 ^$
b10110100000 1(
#541
b11101010110 "
b10101010111 -
b11001110100 ^$
b10110111010 1(
b10011101011001101101100110010010011001001001101101100111000110011011011001101111100111000110011100011001110011100110010010011100001001101100100110010010011001001001101011100111000110011100111001110001100111000010011011011001101111100110110110011011101001101110100110101110011100001001101001100110111110011100001001101101 <(
#542
b11101010001 "
b10101001011 -
b11001100100 ^$
b10110111011 1(
#543
b1101001100 "
b10101010100 -
b11001101101 ^$
b110100000 1(
#544
b101010110 -
b11001110101 ^$
b110100111 1(
#545
b1101001000 "
b101010010 -
b11001101001 ^$
b110100101 1(
#546
b1101010111 "
b101010100 -
b11001101111 ^$
b110111011 1(
#547
b101010110 -
b11001110101 ^$
b110111001 1(
#548
b1101010010 "
b101001000 -
b11001101010 ^$
b110101111 1(
#549
b1101001110 "
b101010000 -
b11001110100 ^$
b110100100 1(
#550
b1101001100 "
b101001000 -
b11001100000 ^$
b110111110 1(
#551
b1101001001 "
b101010110 -
b11001110111 ^$
b110100111 1(
#552
b1101010010 "
b101010101 -
b11001101000 ^$
b110100001 1(
#553
b1101010000 "
b101010111 -
b11001110100 ^$
b110100101 1(
#554
b1101001010 "
b101010000 -
b11001100101 ^$
b110111110 1(
#555
b1101010000 "
b101001011 -
b11001101111 ^$
b110111010 1(
#556
b1101001000 "
b101010010 -
b1001110001 ^$
b110111001 1(
#557
b1101010101 "
b101010110 -
b1001110011 ^$
b110111000 1(
#558
b1101001011 "
b101001110 -
b1001101010 ^$
b110100101 1(
#559
b11101010011 "
b101011101 -
b1001110100 ^$
b10110100110 1(
#560
b11101010110 "
b10101001010 -
b1101001100110100001011010010001101011010110100111011010011001101110110110100111011011111101101001000110111011011010001101101001100110100000011011101001101110110110100000011010011101101001010110111011011011100101101011110110100100011011110001101001110110100001011010010101101111000110111010011011101101101110000110100101 8
b1001101001 ^$
b10110100001 1(
#561
b11101010001 "
b10101010001 -
b1001101111 ^$
b10110100111 1(
b1010010100101010100010101010001010111000101000010010100100101010010000101001010010101011001010000100101001001010100100101010101100101000111010100100101010101000101010110010101000001010101100101000100010100100001010000000101000010010101010001010101110101010101010100001001010010110101010010010100011001010011000101001101 b+
#562
b11101010010 "
b10101010100 -
b1001101101 ^$
b10110100010 1(
#563
b11101001110 "
b10101011100 -
b1001101110 ^$
b10110100111 1(
#564
b10101010000 -
b1001110101 ^$
b10110100110 1(
#565
b11101010010 "
b10101001011 -
b1001101011 ^$
b10110111011 1(
#566
b11101001100 "
b1001110001 ^$
b10110100100 1(
#567
b11101010110 "
b1001101001 ^$
b10110111111 1(
#568
b11101011010 "
b10101010110 -
b1001101011 ^$
b10110100111 1(
#569
b11101010100 "
b10101011101 -
b1001110100 ^$
b10110111010 1(
#570
b11101001101 "
b10101001000 -
b1001101001 ^$
b10110100000 1(
#571
b11101010011 "
b10101001001 -
b1001110101 ^$
b10110100110 1(
#572
b11101010010 "
b10101010110 -
b11001101101 ^$
b10110100000 1(
#573
b11101010110 "
b10101010111 -
b11001110111 ^$
b10110111011 1(
b10011101001001101101100110010010011001001001101101100111000110011011011001101111100111000110011011101001100000100110010010011100111001101100100110010010011001011001101011100111000110011100111001101110100111000010011011011001101111100110110110011011101001110001100110101110011100011001101001100110111110011010001001101101 <(
#574
b11101010001 "
b10101001011 -
b11001100100 ^$
b10110111010 1(
#575
b1101001100 "
b10101010100 -
b11001101101 ^$
b110100000 1(
#576
b101010110 -
b11001110101 ^$
b110100100 1(
#577
b1101001000 "
b101010010 -
b11001101001 ^$
#578
b1101010111 "
b101010100 -
b11001101100 ^$
b110111011 1(
#579
b101010110 -
b11001110101 ^$
b110111001 1(
#580
b1101001101 "
b101001000 -
b11001110001 ^$
b110101111 1(
#581
b1101001110 "
b101010000 -
b110100100 1(
#582
b1101001100 "
b101001001 -
b11001100000 ^$
b110111001 1(
#583
b1101001001 "
b101010110 -
b11001110111 ^$
b110100100 1(
#584
b1101010010 "
b101010100 -
b11001101001 ^$
b110100110 1(
#585
b1101010000 "
b101010110 -
b11001110100 ^$
b110100101 1(
#586
b1101001010 "
b101010001 -
b11001100100 ^$
b110111110 1(
#587
b1101010001 "
b101001010 -
b11001101111 ^$
b110111011 1(
#588
b1101001001 "
b101011101 -
b1001101010 ^$
b110111001 1(
#589
b1101010101 "
b101010110 -
b1001110100 ^$
b110111000 1(
#590
b1101001010 "
b101001111 -
b1001101010 ^$
b110100101 1(
#591
b11101010000 "
b101011101 -
b1001110101 ^$
b10110100001 1(
#592
b11101010110 "
b10101001010 -
b1101001100110100001011010011101101000100110100111011010011001101110110110100100011011111101101001110110111010011010000001101001100110100000011011101101101110100110100000011010010001101001000110111011011011100101101011110110100100011011100101101001000110100110011010010101101111000110111011011011101101101110000110100101 8
b1001101010 ^$
b11000000111100000010110000001111000000101100000010110000001011000000101100000010110000001011000000101100000010110000001011000000101100000010110000001011000000101100000010110000001011000000101100000110110000011111010111111101001110110100111011000010101100000010110000001011000000101100000010110000001011000000101100000010 i$
b10110100110 1(
#593
b11101010001 "
b10101010001 -
b1001101011 ^$
b10110100100 1(
b1010010000101010001010101010001010111000101000000010100101101010010110101001011010101010001010011010101001000010100100101010101100101000111010100100101010101000101010110010101000001010101100101000100010100100001010000000101001011010101010001010101100101010100010100001101010010000101011111010100011001010011010101001101 b+
#594
b11101010011 "
b10101010100 -
b1001101110 ^$
b10110100010 1(
#595
b11101001110 "
b10101011100 -
b1001101011 ^$
b10110100110 1(
#596
b10101010000 -
b1001101110 ^$
#597
b11101010011 "
b10101001000 -
b1001101111 ^$
b10110111000 1(
#598
b11101001100 "
b10101001011 -
b1001110000 ^$
b10110100100 1(
#599
b11101010110 "
b10101001010 -
b1001101001 ^$
b10110111111 1(
#600
b11101011010 "
b10101010111 -
b1001101000 ^$
b10110100111 1(
#601
b11101010100 "
b10101010010 -
b1001110100 ^$
b10110111011 1(
#602
b11101001100 "
b10101001000 -
b1001101010 ^$
b10110100011 1(
#603
b11101010011 "
b10101001001 -
b1001110001 ^$
b10110100110 1(
#604
b11101001101 "
b10101010110 -
b11001101101 ^$
b10110100000 1(
#605
b11101010110 "
b10101010111 -
b11001110101 ^$
b10110111010 1(
b10011101011001101101100111011110011001001001101101100111000110011011011001101100100111000110011100011001110001100110010010011100111001101101100110010010011001001001101011100110111010011110001001101110100111000110011010101001101111100110101010011011111001101110100110101110011100001001101001100110110010011100001001101010 <(
#606
b10101001010 -
b11001100101 ^$
b10110111011 1(
#607
b1101001111 "
b10101010100 -
b11001101101 ^$
b110100000 1(
#608
b101010110 -
b11001110101 ^$
b110100100 1(
#609
b1101001011 "
b101010010 -
b11001101001 ^$
b110100101 1(
#610
b1101010110 "
b101010111 -
b11001101111 ^$
b110111000 1(
#611
b1101010111 "
b101010110 -
b11001101110 ^$
#612
b1101001100 "
b101001011 -
b110101111 1(
#613
b1101001110 "
b101010011 -
b11001110101 ^$
b110100100 1(
#614
b1101001100 "
b101001001 -
b11001100000 ^$
b110111001 1(
#615
b1101001001 "
b101010110 -
b11001110100 ^$
b110100100 1(
#616
b1101001101 "
b101010100 -
b11001101001 ^$
b110100110 1(
#617
b1101010000 "
b101010111 -
b11001110111 ^$
b110100101 1(
#618
b1101000101 "
b101010110 -
b11001100100 ^$
b110111001 1(
#619
b1101010001 "
b101010101 -
b11001101100 ^$
b110111010 1(
#620
b1101001001 "
b101011100 -
b1001101010 ^$
b110111110 1(
#621
b1101010101 "
b101010110 -
b1001110111 ^$
b110111001 1(
#622
b1101001011 "
b101001111 -
b1001101010 ^$
b110100101 1(
#623
b11101010011 "
b101011101 -
b1001110101 ^$
b10110100110 1(
#624
b11101010110 "
b10101001010 -
b1101000010110100110011010010001101000100110100110011010011001101110000110100100011011111101101001110110111011011010001101101001100110100000011011101001101110110110100000011010010001101001010110111000011011100001101011110110100100011011100101101001000110100110011010010101101110010110111010011011111001101110010110100101 8
b1001101001 ^$
b11000000111100000010110000001111000000101100000010110000001011000000101100000010110000001011000000101100000010110000001011000000101100000010110000001011000000101100000010110000001011000000101100000110110000011111010011101101001110110100111011000010101100001111110000001011000001101100000010110000001011000000101100000010 i$
b10110100111 1(
#625
b11101010001 "
b10101010001 -
b1001101111 ^$
b1010010000101010001010101010001010111000101000000010100100001010010110101001010010101011101010000000101001000010100100101010101100101000111010100100001010101000101010110010101001001010101110101010110010100101101010000010101001011010101010001010101100101010111010101010001010101010101011110010101011001010011010101001101 b+
#626
b11101010011 "
b10101010100 -
b1001101101 ^$
b10110101101 1(
#627
b11101001100 "
b10101011111 -
b1001101110 ^$
b10110100110 1(
#628
b11101001111 "
b10101010000 -
#629
b11101010000 "
b10101001000 -
b1001101111 ^$
b10110111011 1(
#630
b11101001100 "
b10101001011 -
b1001110001 ^$
b10110100100 1(
#631
b11101010110 "
b1001101001 ^$
b10110111111 1(
#632
b11101011010 "
b10101010111 -
b1001101011 ^$
b10110100111 1(
#633
b11101010100 "
b10101011101 -
b1001110111 ^$
b10110111011 1(
#634
b11101001100 "
b10101001000 -
b1001101001 ^$
b10110100011 1(
#635
b11101010010 "
b10101001001 -
b1001110100 ^$
b10110100110 1(
#636
b10101010111 -
b11001101101 ^$
b10110100000 1(
#637
b11101010111 "
b10101010110 -
b11001110100 ^$
b10110111010 1(
b10011101011001101101100110010110011001011001101101100111000110011011011001101111100110111010011011101001110001100110010010011100001001101101100111011110011001001001101000100110111010011010111001101110100111000110011011011001101111100110110110011011101001101110100110101110011100011001101001100110111110011100111001101101 <(
#638
b11101010000 "
b10101001010 -
b11001100100 ^$
b10110111011 1(
#639
b1101001100 "
b10101010100 -
b11001101101 ^$
b110100000 1(
#640
b101010111 -
b11001110101 ^$
b110100100 1(
#641
b1101001011 "
b101010010 -
b11001101010 ^$
#642
b1101010111 "
b101010100 -
b11001101011 ^$
b110111011 1(
#643
b1101010110 "
b101010110 -
b11001110101 ^$
b110111000 1(
#644
b1101010010 "
b101001000 -
b11001110001 ^$
b110101100 1(
#645
b1101001111 "
b101010000 -
b11001110000 ^$
b110100100 1(
#646
b1101001101 "
b101001001 -
b11001100011 ^$
b110111001 1(
#647
b1101001001 "
b101010110 -
b11001110100 ^$
b110100100 1(
#648
b1101010010 "
b101010100 -
b11001101000 ^$
b110100110 1(
#649
b1101010000 "
b11001110111 ^$
b110100101 1(
#650
b1101001010 "
b101010110 -
b11001100111 ^$
b110111001 1(
#651
b1101010000 "
b101001010 -
b11001101111 ^$
b110111010 1(
#652
b1101001001 "
b101011101 -
b1001101010 ^$
b110111001 1(
#653
b1101010101 "
b101010110 -
b1001110111 ^$
#654
b1101001000 "
b101001111 -
b1001110001 ^$
b110100100 1(
#655
b11101010010 "
b101010010 -
b10110100110 1(
#656
b11101010110 "
b10101001010 -
b1101001100110100111011010011101101011010110100110011010011001101110110110100100011011111101101001110110111011011010001101101001100110100000011011101001101110110110100000011010010001101001000110111011011011100001101011000110100100011011100101101001000110100110011010010101101110010110111010011011101101101110010110100100 8
b1001101001 ^$
b11000000111100000010110000001111000000101100000010110000001011000000101100000010110000001011000000101100000010110000001011000000101100000010110000001011000000101100000010110000001011000000101100000110110000011011010000101101001111110100111111000010101100000010110000001011000000101100000010110000001011000000101100000010 i$
#657
b10101010001 -
b1001101111 ^$
b10110100100 1(
b1010010000101010001010101011001010111010101000000010100100001010010110101001011010101010101010011010101001000010100100101010101110101000110010100100001010101000101010111010101000001010101100101010100010100100001010000000101001011010101010001010101000101010110010100011001010010000101011111010100011001010011110101000010 b+
#658
b11101010011 "
b10101010100 -
b1001101101 ^$
b10110101101 1(
#659
b11101001111 "
b10101011100 -
b1001110101 ^$
b10110100111 1(
#660
b11101001110 "
b10101010000 -
b1001101010 ^$
b10110100001 1(
#661
b11101010000 "
b10101001011 -
b1001101111 ^$
b10110111011 1(
#662
b11101001100 "
b1001110000 ^$
b10110100100 1(
#663
b11101010110 "
b1001101001 ^$
b10110111110 1(
#664
b11101011010 "
b10101010111 -
b1001101000 ^$
b10110100111 1(
#665
b11101010111 "
b10101010010 -
b1001110100 ^$
b10110111011 1(
#666
b11101001100 "
b10101001000 -
b1001101001 ^$
b10110100011 1(
#667
b11101010010 "
b10101001001 -
b1001110100 ^$
b10110100110 1(
#668
b10101010111 -
b11001101101 ^$
b10110100000 1(
#669
b11101010110 "
b10101010110 -
b11001110100 ^$
b10110111011 1(
b10011101001001101101100110010010011001001001101101100111000110011010101001101111100111000110011100011001110000100110011110011100001001101100100110011110011001111001101011100110111010011100111001110001100111000110011011011001101111100110110110011100011001101110100110101110011100001001101001100110110010011100001001101101 <(
#670
b11101010001 "
b10101001011 -
b11001100100 ^$
#671
b1101001100 "
b10101010100 -
b11001101101 ^$
b110100000 1(
#672
b101010110 -
b11001110101 ^$
b110100111 1(
#673
b1101001011 "
b101010010 -
b11001101001 ^$
b110100101 1(
#674
b1101010111 "
b101010100 -
b11001101111 ^$
b110111011 1(
#675
b1101010110 "
b101010110 -
b11001110101 ^$
b110111001 1(
#676
b1101001101 "
b101001000 -
b11001110001 ^$
b110101100 1(
#677
b1101001110 "
b101010000 -
b11001110000 ^$
b110100100 1(
#678
b1101001100 "
b101001110 -
b11001100011 ^$
b110111001 1(
#679
b1101001000 "
b101010110 -
b11001110100 ^$
b110100111 1(
#680
b1101010010 "
b101010111 -
b11001101000 ^$
b110100001 1(
#681
b1101010000 "
b11001110100 ^$
b110111010 1(
#682
b1101001010 "
b101010001 -
b11001100111 ^$
b110111001 1(
#683
b1101010001 "
b101001010 -
b11001101111 ^$
b110111011 1(
#684
b1101001001 "
b101011101 -
b1001110001 ^$
b110111001 1(
#685
b1101010101 "
b101010001 -
b1001110000 ^$
b110111110 1(
#686
b1101001011 "
b101001111 -
b1001101010 ^$
b110100101 1(
#687
b11101010011 "
b101011101 -
b1001110100 ^$
b10110100110 1(
#688
b11101010110 "
b10101001010 -
b1101001100110100110011010010001101011010110100111011010000101101110110110100100011011111001101001110110111011011010001101101001100110100000011011101101101110110110100000011010011101101001010110111011011011100101101011000110100100011011100101101001110110100001011011101001101110010110111011011011101101101111000110100101 8
b1001101010 ^$
b11000000111100000010110000001111000000101100000010110000001011000000101100000010110000001011000000101100000010110000001011000000101100000010110000001011000000101100000010110000001011000000101100000110110000011011010011111101001110110100111011000010101100000010110000001011000000101100000010110000001011000000101100000010 i$
#689
b10101010001 -
b1001101011 ^$
b10110100100 1(
b1010010000101010001010101010001010111000101000000010100101101010010110101001011010101011101010000000101001000010100100101010101110101000110010100100101010101000101010110010101000001010101100101000100010100100001010000000101001110010101011001010101110101010101010100001101010010000101011101010100000101010011010101001111 b+
#690
b11101010011 "
b10101010100 -
b1001101101 ^$
b10110101101 1(
#691
b11101001111 "
b10101011101 -
b1001101110 ^$
b10110100111 1(
#692
b11101001110 "
b10101010011 -
b10110100110 1(
#693
b11101010000 "
b10101001010 -
b1001101111 ^$
b10110111011 1(
#694
b11101001100 "
b10101001011 -
b1001110001 ^$
b10110100100 1(
#695
b11101010110 "
b1001100010 ^$
b10110111111 1(
#696
b11101011010 "
b10101010111 -
b1001101100 ^$
b10110100111 1(
#697
b11101010100 "
b10101010010 -
b1001110111 ^$
b10110111011 1(
#698
b11101001100 "
b10101001000 -
b1001101010 ^$
b10110100000 1(
#699
b11101010010 "
b10101001110 -
b1001110000 ^$
b10110100001 1(
#700
b10101010100 -
b11001101101 ^$
b10110100000 1(
#701
b11101010110 "
b10101010110 -
b11001110111 ^$
b10110111011 1(
b10011101001001101101100110010010011001001001101101100111000110011011011001101111100111000110011100011001110000100110011110011100001001101100100110010010011001111001101011100111000110011100001001101110100111000010011010101001101111100110110110011011101001101110100110101110011100011001100110100110110010011100111001101010 <(
#702
b11101010001 "
b10101001011 -
b11001100101 ^$
b10110111010 1(
#703
b1101001100 "
b10101010100 -
b11001101101 ^$
b110100000 1(
#704
b101010110 -
b11001101110 ^$
b110100111 1(
#705
b1101001000 "
b101010010 -
b11001101101 ^$
b110100101 1(
#706
b1101010111 "
b101010100 -
b11001101100 ^$
b110111011 1(
#707
b1101010110 "
b101010110 -
b11001110101 ^$
b110111001 1(
#708
b1101001101 "
b101001000 -
b11001101010 ^$
b110101100 1(
#709
b1101001111 "
b101010000 -
b11001110100 ^$
b110100100 1(
#710
b1101001100 "
b101001001 -
b11001100000 ^$
b110111110 1(
#711
b1101001000 "
b101010110 -
b11001110111 ^$
b110100100 1(
#712
b1101010010 "
b101010101 -
b11001101000 ^$
b110100001 1(
#713
b1101010000 "
b101010110 -
b11001110111 ^$
b110100101 1(
#714
b1101001010 "
b101010001 -
b11001100111 ^$
b110111001 1(
#715
b1101010001 "
b101001010 -
b11001101111 ^$
b110111010 1(
#716
b1101001001 "
b101011101 -
b1001110001 ^$
b110111001 1(
#717
b1101011010 "
b101010110 -
b1001110011 ^$
#718
b1101001011 "
b101001111 -
b1001101011 ^$
b110100101 1(
#719
b11101010000 "
b101011100 -
b1001110100 ^$
b10110100001 1(
#720
b11101010110 "
b10101001011 -
b1101001100110100110011010010001101011010110100111011010011001101110110110100100011011111101101001110110111011011010000001101000010110100000011011101101101110100110100000011010011101101001010110111011011011100101101011000110100100011011110001101001000110100001011010010101101110010110111010011011101101101110010110100101 8
b1001101001 ^$
b11000000111100000010110000001111000000101100000010110000001011000000101100000010110000001011000000101100000010110000001011000000101100000010110000001011000000101100000010110000001011000000101100000110110000011011010011111101001111110100111011000010101100000010110000001011000000101100000010110000001011000000101100000010 i$
b10110100110 1(
#721
b11101010001 "
b10101010001 -
b1001101111 ^$
b10110100100 1(
b1010010000101010001010101010001010111010101000011010100101001010010110101001011010101011101010000000101001010010100110001010101100101000110010100100101010101000101010110010101000001010101100101000100010100100001010000000101001011010101010001010101110101010100010100001101010010000101011111010100011001010011010101001100 b+
#722
b11101010010 "
b10101010101 -
b1001101101 ^$
b10110101101 1(
#723
b11101001111 "
b10101011101 -
b1001101110 ^$
b10110100110 1(
#724
b10101010011 -
#725
b11101010000 "
b10101001011 -
b1001101111 ^$
b10110111011 1(
#726
b11101001100 "
b1001110000 ^$
b10110100100 1(
#727
b11101010110 "
b1001101001 ^$
b10110111111 1(
#728
b11101011010 "
b10101010111 -
b1001101011 ^$
b10110100111 1(
#729
b11101010100 "
b10101010010 -
b1001110111 ^$
b10110111011 1(
#730
b11101001100 "
b10101001000 -
b1001101010 ^$
b10110100011 1(
#731
b11101010011 "
b10101001001 -
b1001110001 ^$
b10110100110 1(
#732
b11101010010 "
b10101010111 -
b11001101101 ^$
b10110100000 1(
#733
b11101010110 "
b10101010110 -
b11001110111 ^$
b10110111010 1(
b10011101001001101101100110011110011001011001101101100110111010011011011001101100100111000110011011101001100000100110010010011100111001101100100110011110011001111001101011100111000110011100111001101111100111000010011011011001101111100110110110011011101001101110100110101110011100001001101001100110111110011100111001101010 <(
#734
b11101010001 "
b10101001010 -
b11001100101 ^$
b10110111000 1(
#735
b1101001100 "
b10101010100 -
b11001101101 ^$
b110100000 1(
#736
b101010111 -
b11001110101 ^$
b110100100 1(
#737
b1101001000 "
b101010010 -
b11001101001 ^$
b110100101 1(
#738
b1101010111 "
b101010111 -
b11001101111 ^$
b110111011 1(
#739
b101010110 -
b11001110101 ^$
b110111001 1(
#740
b1101001101 "
b101001000 -
b11001101011 ^$
b110101100 1(
#741
b1101001111 "
b101010000 -
b11001110100 ^$
b110100100 1(
#742
b1101001100 "
b101001001 -
b11001100000 ^$
b110111001 1(
#743
b1101001000 "
b101010110 -
b11001110100 ^$
b110100100 1(
#744
b1101010010 "
b101010100 -
b11001101000 ^$
b110100001 1(
#745
b1101010000 "
b101010110 -
b11001110111 ^$
b110100101 1(
#746
b1101001010 "
b11001100100 ^$
b110111001 1(
#747
b1101010001 "
b101001010 -
b11001101100 ^$
b110111010 1(
#748
b1101001001 "
b101011101 -
b1001101010 ^$
b110111001 1(
#749
b1101010101 "
b101010001 -
b1001110111 ^$
#750
b1101001011 "
b101001111 -
b1001101010 ^$
b110100101 1(
#751
b11101010011 "
b101011100 -
b1001110100 ^$
b10110100001 1(
#752
b11101010110 "
b10101001011 -
b1101000010110100110011010010001101011010110100110011010011001101110110110100100011011111101101001110110111011011010001101101001100110100000011011101001101110000110100000011010010001101001010110111011011011100101101011000110100100011011100101101001000110100001011010010101101110010110111010011011101101101110010110100101 8
b1001101001 ^$
b11000000111100000010110000001111000000101100000010110000001011000000101100000010110000001011000000101100000010110000001011000000101100000010110000001011000000101100000010110000001011000000101100000110110000011111010011111101001111110100111011000010101100000010110000001011000000101100000010110000001011000000101100000010 i$
b10110100110 1(
#753
b11101010001 "
b10101010001 -
b1001101111 ^$
b10110100111 1(
b1010010010101010001010101010101010111010101000011010100101101010010110101001011010101011101010000000101001000010100100101010101110101000110010100100001010101000101010111010101001001010101110101010100010100100001010000000101001011010101010001010101100101010110010100011001010010000101011101010100000101010011010101001100 b+
#754
b11101010010 "
b10101010101 -
b1001101101 ^$
b10110101101 1(
#755
b11101001111 "
b10101011101 -
b1001101110 ^$
b10110100111 1(
#756
b11101001110 "
b10101010000 -
b10110100110 1(
#757
b11101010000 "
b10101001000 -
b1001101111 ^$
b10110111010 1(
#758
b11101001100 "
b10101001011 -
b1001110000 ^$
b10110100100 1(
#759
b11101010110 "
b1001101001 ^$
b10110111100 1(
#760
b11101011010 "
b10101010110 -
b1001101000 ^$
b10110100111 1(
#761
b11101010100 "
b10101010010 -
b1001110100 ^$
b10110111011 1(
#762
b11101001100 "
b10101001000 -
b1001101001 ^$
b10110100011 1(
#763
b11101010011 "
b10101001001 -
b1001110100 ^$
b10110100110 1(
#764
b11101010010 "
b10101010111 -
b11001101101 ^$
b10110100000 1(
#765
b11101010110 "
b11001110111 ^$
b10110111010 1(
b10011101011001101101100110011110011001011001101101100111000110011011011001101111100111000110011011101001100000100110010010011100001001101100100111011110011001001001101000100110111010011110111001101110100111000010011011011001101111100110110110011011101001101110100110101110011100001001101001100110110010011100001001101101 <(
#766
b10101001011 -
b11001100100 ^$
b10110111011 1(
#767
b1101001100 "
b10101010100 -
b11001101101 ^$
b110100000 1(
#768
b101010110 -
b11001110101 ^$
b110100100 1(
#769
b1101001000 "
b101010010 -
b11001101001 ^$
b110100101 1(
#770
b1101010111 "
b101010111 -
b11001101111 ^$
b110111011 1(
#771
b1101010110 "
b101010110 -
b11001110101 ^$
b110111000 1(
#772
b1101001101 "
b101001000 -
b11001101010 ^$
b110101100 1(
#773
b1101001110 "
b101010000 -
b11001110101 ^$
b110100101 1(
#774
b1101001100 "
b101001001 -
b11001100011 ^$
b110111001 1(
#775
b1101001001 "
b101010110 -
b11001110111 ^$
b110100100 1(
#776
b1101010010 "
b101010100 -
b11001101001 ^$
b110100110 1(
#777
b1101010000 "
b101010111 -
b11001110111 ^$
b110100101 1(
#778
b1101001011 "
b101010001 -
b11001100111 ^$
b110111110 1(
#779
b1101010000 "
b101001010 -
b11001101111 ^$
b110100101 1(
#780
b1101001001 "
b101011101 -
b1001101010 ^$
b110111001 1(
#781
b1101010101 "
b101010110 -
b1001110111 ^$
#782
b1101001011 "
b101001111 -
b1001101010 ^$
b110100101 1(
#783
b11101010011 "
b101011101 -
b1001110101 ^$
b10110100001 1(
#784
b11101010110 "
b10101001010 -
b1101000010110100110011010011101101011010110100111011010011001101110100110100100011011110001101001110110111011011010001101101001100110100000011011101001101110110110100000011010010001101001010110111011011011100001101011000110100101011011100101101001000110100110011010010101101111000110100111011011101101101110010110100101 8
b1001101001 ^$
b11000000111100000010110000001111000000101100000010110000001011000000101100000010110000001011000000101100000010110000001011000000101100000010110000001011000000101100000010110000001011000000101100000110110000011011010011111101001110110100111011000010101100000010110000001011000000101100000010110000001011000000101100000010 i$
b10110100110 1(
#785
b11101010001 "
b10101010001 -
b1001101111 ^$
b10110100100 1(
b1010010010101010001010101010101010111010101000000010100100001010010110101001011010101011001010000000101001000010100100101010101110101000111010100100101010101000101010110010101001001010101110101010100010100100001010000000101001011010101010001010101100101010101010100001101010010000101011111010100011001010011010101001101 b+
#786
b11101010010 "
b10101010100 -
b1001101110 ^$
b10110101101 1(
#787
b11101001111 "
b10101011101 -
b1001101010 ^$
b10110100111 1(
#788
b11101001110 "
b10101010000 -
b1001110101 ^$
b10110100001 1(
#789
b11101010011 "
b10101001000 -
b1001101011 ^$
b10110111010 1(
#790
b11101001100 "
b10101001010 -
b1001110000 ^$
b10110100101 1(
#791
b11101010110 "
b10101001011 -
b1001101001 ^$
b10110111111 1(
#792
b11101011010 "
b10101010110 -
b1001101011 ^$
b10110100111 1(
#793
b11101010100 "
b10101011101 -
b1001110100 ^$
b10110111010 1(
#794
b11101001100 "
b10101001000 -
b1001101001 ^$
b10110100011 1(
#795
b11101010011 "
b10101001110 -
b1001110100 ^$
b10110100110 1(
#796
b11101010010 "
b10101010111 -
b11001101101 ^$
b10110100000 1(
#797
b11101010110 "
b11001110100 ^$
b10110111010 1(
b10011101001001101101100110011110011001001001101101100111000110011011011001101111100111000110011011101001100001100110011110011100111001101101100110011110011001111001101011100110111010011100111001101110100111000110011011011001101111100110101010011011101001110001100110101110011100001001101001100110111110011100001001101101 <(
#798
b11101010001 "
b10101001011 -
b11001100100 ^$
b10110111011 1(
#799
b1101001100 "
b10101010100 -
b11001101101 ^$
b110100000 1(
#800
b101010110 -
b11001110100 ^$
b110100100 1(
#801
b1101001000 "
b101010010 -
b11001101001 ^$
b110100101 1(
#802
b1101010111 "
b101010100 -
b11001101111 ^$
b110111011 1(
#803
b101010110 -
b11001110101 ^$
b110111001 1(
#804
b1101001101 "
b101001011 -
b11001110001 ^$
b110101111 1(
#805
b1101001110 "
b101010000 -
b110100100 1(
#806
b1101001100 "
b101001000 -
b11001100011 ^$
b110111001 1(
#807
b1101001000 "
b101010111 -
b11001110100 ^$
b110100100 1(
#808
b1101010010 "
b101010100 -
b11001101000 ^$
b110100001 1(
#809
b1101010000 "
b101010111 -
b11001110100 ^$
b110100100 1(
#810
b1101001010 "
b101010110 -
b11001100111 ^$
b110111110 1(
#811
b1101010000 "
b101001010 -
b11001101111 ^$
b110111011 1(
#812
b1101001001 "
b101011101 -
b1001101010 ^$
b110111001 1(
#813
b1101010101 "
b101010110 -
b1001110100 ^$
#814
b1101001011 "
b101001110 -
b1001110001 ^$
b110100101 1(
#815
b11101010000 "
b101011101 -
b1001110000 ^$
b10110100000 1(
#816
b11101010110 "
b10101001011 -
b1101000010110100110011010010001101011010110100111011010000101101110100110100101011011111101101001110110111010011010001101101001100110100000011011101001101110110110100000011010010001101001010110111011011011100101101011110110100100011011100101101001000110100001011010010001101111000110111011011011101101101110010110100101 8
b1001101001 ^$
b11000000111100000010110000001111000000101100000010110000001011000000101100000010110000001011000000101100000010110000001011000000101100000010110000001011000000101100000010110000001011000000101100000110110000011111010011111101001110110100111011000010101100000010110000001011000000101100000010110000001011000000101100000010 i$
b10110100110 1(
#817
b11101010001 "
b10101010001 -
b1001101111 ^$
b10110100100 1(
b1010010000101010001010101010001010111010101000000010100100001010010100101001011010101010001010011010101001010010100111001010101110101000111010100100101010101000101010110010101000001010101100101000110010100100101010000000101001010010101010101010101100101010111010100011001010010000101011111010100011001010011000101001111 b+
#818
b11101010010 "
b10101010111 -
b1001101101 ^$
b10110101101 1(
#819
b11101001111 "
b10101011100 -
b1001101110 ^$
b10110100111 1(
#820
b11101001110 "
b10101010000 -
b1001110101 ^$
b10110100110 1(
#821
b11101010011 "
b10101001000 -
b1001101011 ^$
b10110111010 1(
#822
b11101001100 "
b10101001011 -
b1001110001 ^$
b10110100100 1(
#823
b11101010110 "
b1001101001 ^$
b10110111111 1(
#824
b11101011010 "
b10101010110 -
b1001101000 ^$
b10110100100 1(
#825
b11101010100 "
b10101010010 -
b1001110111 ^$
b10110111010 1(
#826
b11101001100 "
b10101001000 -
b1001101001 ^$
b10110100011 1(
#827
b11101010011 "
b10101001001 -
b1001110100 ^$
b10110100110 1(
#828
b11101010010 "
b10101010111 -
b11001101101 ^$
b10110100000 1(
#829
b11101010110 "
b11001110100 ^$
b10110111010 1(
b10011101001001101101100111010010011001001001101101100111000010011011011001101111100111000110011100011001110001100110011110011100001001101100100111010010011001111001101011100110111010011100001001110001100111000010011011011001101111100110110110011011101001110001100110101110011100011001101001100110110010011100111001101101 <(
#830
b11101010001 "
b10101001010 -
b11001100100 ^$
b10110111011 1(
#831
b1101001111 "
b10101010100 -
b11001101101 ^$
b110100000 1(
#832
b1101001100 "
b101010110 -
b11001110100 ^$
b110100111 1(
#833
b1101001000 "
b101010010 -
b11001101001 ^$
b110100100 1(
#834
b1101010111 "
b101010111 -
b11001101100 ^$
b110111000 1(
#835
b1101010110 "
b101010110 -
b11001110101 ^$
#836
b1101001101 "
b101001011 -
b11001110001 ^$
b110101111 1(
#837
b1101001110 "
b101010000 -
b11001110011 ^$
b110100100 1(
#838
b1101001100 "
b101001001 -
b11001100011 ^$
b110111001 1(
#839
b1101001001 "
b101010110 -
b11001110100 ^$
b110100100 1(
#840
b1101010010 "
b101010101 -
b11001101011 ^$
b110100001 1(
#841
b1101010000 "
b101010111 -
b11001110100 ^$
b110100101 1(
#842
b1101001010 "
b101010000 -
b11001100111 ^$
b110111001 1(
#843
b1101010000 "
b101001010 -
b11001101111 ^$
b110111011 1(
#844
b1101001001 "
b101011101 -
b1001110001 ^$
b110111001 1(
#845
b1101011010 "
b101010110 -
b1001110011 ^$
b110111000 1(
#846
b1101001011 "
b101001110 -
b1001110001 ^$
b110100101 1(
#847
b11101010000 "
b101010010 -
b1001110000 ^$
b10110100001 1(
#848
b11101010111 "
b10101001010 -
b1101000000110100110011010010001101011010110100111011010011001101110100110100100011011111101101001000110111010011010001101101001100110100000011011101001101110110110100000011010011101101001000110111000011011100001101011110110100100011011100101101001000110100001011010010101101110010110111011011011101101101110000110100101 8
b1001101001 ^$
b11000000111100000010110000001111000000101100000010110000001011000000101100000010110000001011000000101100000010110000001011000000101100000010110000001011000000101100000010110000001011000000101100000110110000011011010011111101001110110100111011000010101100000010110000001011000000101100000010110000001011000000101100000010 i$
b10110100110 1(
#849
b11101010001 "
b10101010001 -
b1001101111 ^$
b10110100100 1(
b1010010010101010001010101010101010111000101000000010100100001010010110101001011010101011001010000000101001000010100100101010101110101000111010100100001010101000101010110010101001001010101110101000110010100100101010000000101001011010101010001010101110101010101010100001001010010000101011111010100011001010001100101000010 b+
#850
b11101010010 "
b10101010100 -
b1001101101 ^$
b10110101101 1(
#851
b11101001111 "
b10101011100 -
b1001101110 ^$
b10110100111 1(
#852
b10101010000 -
b10110100110 1(
#853
b11101010000 "
b10101001011 -
b10110111010 1(
#854
b11101001100 "
b10101001010 -
b1001110000 ^$
b10110100100 1(
#855
b11101010110 "
b10101001011 -
b1001101001 ^$
b10110111111 1(
#856
b11101011010 "
b10101010111 -
b1001101000 ^$
b10110100111 1(
#857
b11101010100 "
b10101011101 -
b1001110111 ^$
b10110111011 1(
#858
b11101001100 "
b10101001000 -
b1001101001 ^$
b10110100011 1(
#859
b11101010011 "
b10101001110 -
b1001110101 ^$
b10110100110 1(
#860
b11101010010 "
b10101010111 -
b11001101101 ^$
b10110100011 1(
#861
b11101010110 "
b11001110100 ^$
b10110111010 1(
b10011101001001101101100110010010011001001001101101100111000010011011011001101100100111000110011100011001110011100110011110011100001001101111100110010010011001111001101011100111000110011100111001110001100111000010011011011001101111100110110110011011101001101110100110101010011100001001101001100110110010011100111001101101 <(
#862
b10101001011 -
b11001100100 ^$
b10110111011 1(
#863
b1101001100 "
b10101010100 -
b11001101101 ^$
b110100000 1(
#864
b101010110 -
b11001110101 ^$
b110100100 1(
#865
b1101001000 "
b101010010 -
b11001101001 ^$
#866
b1101010110 "
b101010111 -
b11001101100 ^$
b110111011 1(
#867
b1101010111 "
b101010110 -
b11001110101 ^$
b110111001 1(
#868
b1101001101 "
b101001000 -
b11001110001 ^$
b110101111 1(
#869
b1101001110 "
b101010000 -
b11001110011 ^$
b110100101 1(
#870
b1101001100 "
b101001110 -
b11001100000 ^$
b110111001 1(
#871
b1101001000 "
b101010110 -
b11001110100 ^$
b110100100 1(
#872
b1101010010 "
b101010101 -
b11001101000 ^$
b110100001 1(
#873
b1101010000 "
b101010111 -
b11001110100 ^$
b110100101 1(
#874
b1101001011 "
b101010000 -
b11001100111 ^$
b110111001 1(
#875
b1101010001 "
b101010101 -
b11001101111 ^$
b110111010 1(
#876
b1101001001 "
b101011101 -
b1001110001 ^$
b110111001 1(
#877
b1101011010 "
b101010001 -
b1001110011 ^$
#878
b1101001000 "
b101001111 -
b1001101010 ^$
b110100101 1(
#879
b11101010000 "
b101011101 -
b1001110100 ^$
b10110100001 1(
#880
b11101010110 "
b10101001010 -
b1101000010110100110011010010001101011010110100111011010011001101110100110100100011011111101101001110110111011011010001101101001100110100011011011101001101110110110100000011010010001101001000110111011011011100101101011110110100101011011100101101001000110100001011010010101101110010110111010011011101101101110010110100101 8
b1001101001 ^$
b11000000111100000010110000001111000000101100000010110000001011000000101100000010110000001011000000101100000010110000001011000000101100000010110000001011000000101100000010110000001011000000101100000110110000011111010011111101001110110100111011000010101100000010110000001011000000101100000010110000001011000000101100000010 i$
b10110100110 1(
#881
b10101010001 -
b1001101111 ^$
b10110100100 1(
b1010010000101010001010101010001010111000101000000010100101101010010100101001011010101010101010011010101001010010100111001010101110101000111010100100101010101000101010110010101001001010101110101010100010100100001010000000101001110010101010001010101110101010101010101000001010101010101011101010101000101010011010101001101 b+
#882
b11101010010 "
b10101010100 -
b1001101101 ^$
b10110101101 1(
#883
b11101001111 "
b10101011101 -
b1001101110 ^$
b10110100111 1(
#884
b11101001100 "
b10101010000 -
b10110100001 1(
#885
b11101010000 "
b10101001011 -
b1001101111 ^$
b10110111010 1(
#886
b11101001100 "
b1001110000 ^$
b10110100111 1(
#887
b11101010110 "
b1001101001 ^$
b10110111110 1(
#888
b11101011010 "
b10101010111 -
b1001101011 ^$
b10110100111 1(
#889
b11101010100 "
b10101010010 -
b1001110100 ^$
b10110111011 1(
#890
b11101001101 "
b10101001000 -
b1001101001 ^$
b10110100011 1(
#891
b11101010011 "
b10101001001 -
b1001110100 ^$
b10110100001 1(
#892
b11101010010 "
b10101010111 -
b11001101101 ^$
b10110100000 1(
#893
b11101010110 "
b11001110100 ^$
b10110111010 1(
b10011001011001101101100110010010011001001001101101100111000110011011011001101100100111000110011100011001110011100110010010011100001001101100100110010010011001111001101011100111000110011100111001101110100111000010011011011001101111100110110110011011101001101110100110101110011100001001101001100110111110011110001001101101 <(
#894
b11101010001 "
b10101001011 -
b11001100101 ^$
b10110111000 1(
#895
b1101001100 "
b10101010100 -
b11001101110 ^$
b110100000 1(
#896
b101010110 -
b11001110001 ^$
b110100100 1(
#897
b1101001000 "
b101010010 -
b11001101001 ^$
#898
b1101010110 "
b101010100 -
b11001101111 ^$
b110111000 1(
#899
b1101010111 "
b101010110 -
b11001110101 ^$
b110111001 1(
#900
b1101010010 "
b101001011 -
b11001110001 ^$
b110101111 1(
#901
b1101001110 "
b101010000 -
b11001110000 ^$
b110100101 1(
#902
b1101001100 "
b101001001 -
b11001100011 ^$
b110111001 1(
#903
b1101001000 "
b101010110 -
b11001110111 ^$
b110100100 1(
#904
b1101010010 "
b101010100 -
b11001101000 ^$
b110100001 1(
#905
b1101010000 "
b101010110 -
b11001110100 ^$
b110100101 1(
#906
b1101001011 "
b101010001 -
b11001100111 ^$
b110111110 1(
#907
b1101010001 "
b101001010 -
b11001101111 ^$
b110111010 1(
#908
b1101001001 "
b101011101 -
b1001110001 ^$
b110111001 1(
#909
b1101011010 "
b101010110 -
b1001110011 ^$
#910
b1101001000 "
b101001111 -
b1001101010 ^$
b110100100 1(
#911
b11101010000 "
b101011101 -
b1001110100 ^$
b10110100110 1(
#912
b11101010110 "
b10101001011 -
b1101000010110100110011010010001101011010110100111011010000101101110100110100111011011111001101001110110111011011010001101101000010110100000011011101001101110000110100000011010010001101001000110111000011011100101101011110110100101011011100101101001000110100001011010010101101111000110111010011011101101101110010110100100 8
b1001101001 ^$
b11000000111100000010110000001111000000101100000010110000001011000000101100000010110000001011000000101100000010110000001011000000101100000010110000001011000000101100000010110000001011000000101100000110110000011111010100101101001110110100111011000010101100000010110000001011000000101100000010110000001011000000101100000010 i$
#913
b10101010001 -
b1001101111 ^$
b10110100111 1(
b1010010000101010001010101010001010111010101000000010100101101010010110101001011010101011101010000000101001000010100100101010101110101000111010100100101010101000101010110010101000001010101100101000110010100100101010000000101001011010101010001010101100101010100010100001101010010000101011111010100011001010011010101001111 b+
#914
b11101010011 "
b10101010101 -
b1001101101 ^$
b10110101101 1(
#915
b11101001111 "
b10101011101 -
b1001101110 ^$
b10110100111 1(
#916
b11101001110 "
b10101010000 -
b10110100001 1(
#917
b11101010000 "
b10101001011 -
b1001101111 ^$
b10110111011 1(
#918
b11101001100 "
b10101001010 -
b1001110000 ^$
b10110100100 1(
#919
b11101010110 "
b10101001011 -
b1001101001 ^$
b10110111111 1(
#920
b11101011011 "
b10101010111 -
b1001101011 ^$
b10110100111 1(
#921
b11101010100 "
b10101010010 -
b1001110111 ^$
b10110111011 1(
#922
b11101001100 "
b10101001000 -
b1001101001 ^$
b10110100010 1(
#923
b11101010011 "
b10101001110 -
b1001110100 ^$
b10110100110 1(
#924
b11101010010 "
b10101010111 -
b11001101101 ^$
b10110100000 1(
#925
b11101010110 "
b11001110100 ^$
b10110111010 1(
b10011101001001101101100110010010011001011001101010100111000110011011011001101111100111000110011100011001110000100110011110011100111001101100100110010010011001111001101011100111000110011110111001101110100111000010011011011001101111100110110110011011101001101110100110101110011100001001101001100110111110011100111001101101 <(
#926
b11101010000 "
b10101001010 -
b11001100101 ^$
b10110111011 1(
#927
b1101001100 "
b10101010100 -
b11001101101 ^$
b110100000 1(
#928
b101010111 -
b11001110101 ^$
b110100100 1(
#929
b1101001000 "
b101010011 -
b11001101001 ^$
b110100101 1(
#930
b1101010111 "
b101010111 -
b11001101111 ^$
b110111011 1(
#931
b101010110 -
b11001110101 ^$
b110111001 1(
#932
b1101010010 "
b101001011 -
b11001110001 ^$
b110101111 1(
#933
b1101001110 "
b101010000 -
b11001110000 ^$
b110100101 1(
#934
b1101001100 "
b101001110 -
b11001100011 ^$
b110111001 1(
#935
b1101001001 "
b101010110 -
b11001110100 ^$
b110100100 1(
#936
b1101010010 "
b101010100 -
b11001101000 ^$
b110100001 1(
#937
b1101010000 "
b101010111 -
b11001110100 ^$
b110100100 1(
#938
b1101001011 "
b101010001 -
b11001100111 ^$
b110111001 1(
#939
b1101010001 "
b101001010 -
b11001101111 ^$
b110111010 1(
#940
b1101001001 "
b101011101 -
b1001110001 ^$
b110111110 1(
#941
b1101010101 "
b101010110 -
b1001110011 ^$
b110111001 1(
#942
b1101001011 "
b101001110 -
b1001101010 ^$
b110100100 1(
#943
b11101010011 "
b101011101 -
b1001110100 ^$
b10110100001 1(
#944
b11101010110 "
b10101001011 -
b1101001100110100110011010011101101011010110100111011010000101101110110110100100011011111101101001110110111011011010001001101001100110100000011011101001101110110110100000011010010001101001010110111011011011100101101011110110100101011011100101101001000110100001011010010001101110010110111010011011111001101110010110100100 8
b1001101001 ^$
#945
b11101010001 "
b10101010001 -
b1001101111 ^$
b10110100100 1(
b1010010010101010001010101010101010111010101000010010100101101010010100101001011010101011101010000000101001010010100111001010101110101000111010100100001010101000101010111010101001101010101110101000110010100100101010000000101001110010101010001010101100101010101010100001101010010000101011111010100011001010011000101001111 b+
#946
b11101010010 "
b10101010111 -
b1001101101 ^$
b10110101101 1(
#947
b11101001111 "
b10101011101 -
b1001101110 ^$
b10110100111 1(
#948
b11101001110 "
b10101010011 -
b10110100001 1(
#949
b11101010000 "
b10101001011 -
b1001101111 ^$
b10110111011 1(
#950
b11101001100 "
b1001110000 ^$
b10110100100 1(
#951
b11101010110 "
b10101001000 -
b1001101000 ^$
b10110111111 1(
#952
b11101011011 "
b10101010110 -
b10110100111 1(
#953
b11101010100 "
b10101010010 -
b1001110100 ^$
b10110111010 1(
#954
b11101001100 "
b10101001000 -
b1001101010 ^$
b10110100011 1(
#955
b11101010011 "
b10101001001 -
b1001110000 ^$
b10110100001 1(
#956
b11101010010 "
b10101010110 -
b11001101101 ^$
b10110100000 1(
#957
b11101010110 "
b11001110100 ^$
b10110111010 1(
b10011101001001101101100110010010011001011001101101100111000110011011011001101111100111000110011100011001110000100110011110011100001001101100100110010010011001111001101011100111000110011100111001101110100111000010011011011001101111100110110110011011101001101110100110101110011100001001101000100110110010011100001001101010 <(
#958
b11101010001 "
b10101001010 -
b11001100100 ^$
b10110111011 1(
#959
b1101001100 "
b10101010100 -
b11001101101 ^$
b110100000 1(
#960
b101010110 -
b11001110101 ^$
b110100100 1(
#961
b1101001000 "
b101010011 -
b11001101001 ^$
#962
b1101010111 "
b101010111 -
b11001101111 ^$
b110111011 1(
#963
b101010110 -
b11001101110 ^$
b110111000 1(
#964
b1101001101 "
b101001011 -
b11001110101 ^$
b110101100 1(
#965
b1101001110 "
b101010000 -
b11001110001 ^$
b110100100 1(
#966
b1101001100 "
b101001110 -
b11001100000 ^$
b110111110 1(
#967
b1101001001 "
b101010111 -
b11001110100 ^$
b110100100 1(
#968
b1101010010 "
b101010100 -
b11001101000 ^$
b110100001 1(
#969
b1101010000 "
b101010110 -
b11001110100 ^$
b110100100 1(
#970
b1101001010 "
b101010001 -
b11001100111 ^$
b110111001 1(
#971
b1101010000 "
b101001010 -
b11001101111 ^$
b110111010 1(
#972
b1101001001 "
b101011101 -
b1001101010 ^$
b110111001 1(
#973
b1101010101 "
b101010110 -
b1001110111 ^$
b110111000 1(
#974
b1101001000 "
b101001110 -
b1001101010 ^$
b110100100 1(
#975
b11101010011 "
b101011101 -
b1001110100 ^$
b10110100110 1(
#976
b11101010110 "
b10101001010 -
b1101000010110100001011010010001101011010110100111011010000101101110110110100100011011111101101001110110111010011010001101101000010110100000011011101001101110110110100000011010010001101001000110111011011011100001101011000110100100011011110001101001000110100001011010010001101110010110111010011011101101101110000110100100 8
b1001101010 ^$
b11000000111100000010110000001111000000101100000010110000001011000000101100000010110000001011000000101100000010110000001011000000101100000010110000001011000000101100000010110000001011000000101100000110110000011111010111111101001110110100111011000010101100000010110000001011000000101100000010110000001011000000101100000010 i$
#977
b11101010001 "
b10101010001 -
b1001101011 ^$
b10110100100 1(
b1010010010101010001010101010101010111010101000011010100101101010010010101001000010101011001010000000101001000010100100101010101100101000110010100100001010101000101010110010101001101010101110101000110010100100101010000000101001110010101010101010101100101010100010100001101010010000101011111010100011001010011000101001111 b+
#978
b11101010010 "
b10101010100 -
b1001101101 ^$
b10110100010 1(
#979
b11101001111 "
b10101011100 -
b1001101110 ^$
b10110100111 1(
#980
b11101001110 "
b10101010000 -
b10110100110 1(
#981
b11101010000 "
b10101001011 -
b1001101111 ^$
b10110111010 1(
#982
b11101001100 "
b1001110000 ^$
b10110100100 1(
#983
b11101010110 "
b1001101001 ^$
b10110111100 1(
#984
b11101011010 "
b10101010110 -
b1001101000 ^$
b10110100111 1(
#985
b11101010100 "
b10101010010 -
b1001110100 ^$
b10110111011 1(
#986
b11101001101 "
b10101001000 -
b1001101001 ^$
b10110100011 1(
#987
b11101010010 "
b10101001001 -
b1001110100 ^$
b10110100110 1(
#988
b10101010110 -
b11001101100 ^$
b10110100000 1(
#989
b11101010110 "
b11001110100 ^$
b10110111010 1(
b10011101001001101101100110010010011001001001101101100111000110011011011001101111100110111010011100011001110001100110010010011100001001101100100111010010011001111001101011100110111010011100111001101110100111000010011010101001101111100110110110011011101001101110100110101110011100001001101001100110110010011100001001101101 <(
#990
b11101010001 "
b10101001011 -
b11001100101 ^$
b10110111011 1(
#991
b1101001100 "
b10101010100 -
b11001101110 ^$
b110100001 1(
#992
b101010110 -
b11001110001 ^$
b110100100 1(
#993
b1101001000 "
b101010011 -
b11001101001 ^$
b110100101 1(
#994
b1101010111 "
b101010100 -
b11001101100 ^$
b110111000 1(
#995
b101010110 -
b11001101110 ^$
b110111001 1(
#996
b1101001100 "
b101001011 -
b11001110101 ^$
b110101100 1(
#997
b1101001111 "
b101010000 -
b11001110001 ^$
b110100101 1(
#998
b1101001100 "
b101001001 -
b11001100000 ^$
b110111001 1(
#999
b1101001001 "
b101010110 -
b11001110100 ^$
b110100100 1(
#1000
b1101010010 "
b101010100 -
b11001101000 ^$
b110100001 1(
#1001
b1101010000 "
b101010110 -
b11001110100 ^$
b110100101 1(
#1002
b1101000101 "
b11001100111 ^$
b110111110 1(
#1003
b1101010001 "
b101001010 -
b11001101111 ^$
b110111010 1(
#1004
b1101001000 "
b101011101 -
b1001101010 ^$
b110111110 1(
#1005
b1101010101 "
b101010001 -
b1001110111 ^$
b110111001 1(
#1006
b1101001011 "
b101001110 -
b1001101010 ^$
b110100101 1(
#1007
b11101010011 "
b101011101 -
b1001110100 ^$
b10110100110 1(
#1008
b11101010110 "
b10101001010 -
b1101001100110100110011010010001101000100110100111011010011001101110100110100100011011110001101001110110111011011010001101101001100110100000011011101001101110110110100001011010010001101001010110111000011011100101101011000110100101011011100101101001000110100001011010010101101111000110111010011011111001101110010110100101 8
b1001101010 ^$
b11000000111100000010110000001111000000101100000010110000001011000000101100000010110000001011000000101100000010110000001011000000101100000010110000001011000000101100000010110000001011000000101100000110110000011111010011101101001111110100111011000010101100000010110000001011000001101100000010110000001011000000101100000010 i$
b10110100111 1(
#1009
b11101010001 "
b10101010001 -
b1001101011 ^$
b1010010000101010001010101010001010111000101000000010100101101010010110101001011010101011001010000000101001000010100100101010101100101000110010100100101010101000101010110010101000101010101100101000110010100100101010000000101001011010101010001010101100101010110010100011001010010000101011101010100000101010011000101001101 b+
#1010
b11101010010 "
b10101010100 -
b1001101101 ^$
b10110101101 1(
#1011
b11101001111 "
b10101011101 -
b1001101110 ^$
b10110100111 1(
#1012
b11101001110 "
b10101010000 -
b1001110101 ^$
b10110100110 1(
#1013
b11101010000 "
b10101001011 -
b1001101011 ^$
b10110111010 1(
#1014
b11101001100 "
b1001110000 ^$
b10110100111 1(
#1015
b11101010110 "
b1001101000 ^$
b10110111100 1(
#1016
b11101011010 "
b10101010111 -
b10110100111 1(
#1017
b11101010100 "
b10101011101 -
b1001110100 ^$
b10110111011 1(
#1018
b11101001101 "
b10101001000 -
b1001101010 ^$
b10110100011 1(
#1019
b11101010010 "
b10101001110 -
b1001110000 ^$
b10110100110 1(
#1020
b10101010110 -
b11001101101 ^$
b10110100000 1(
#1021
b11101010110 "
b10101010111 -
b11001110100 ^$
b10110111010 1(
b10011101001001101100100110010010011001011001101010100111000110011011011001101100100110111010011100011001110001100110010010011100001001101100100111010010011001111001101011100110111010011110111001101110100111000010011010101001101111100110110110011011101001110001100110101110011100001001101000100110110010011100001001101010 <(
#1022
b10101001010 -
b11001100100 ^$
b10110111011 1(
#1023
b1101001100 "
b10101010111 -
b11001101101 ^$
b110100000 1(
