Copyright 1986-2022 Xilinx, Inc. All Rights Reserved.
-----------------------------------------------------------------------------------------------------------------------------------------------------------------------------------------
| Tool Version : Vivado v.2022.2 (lin64) Build 3671981 Fri Oct 14 04:59:54 MDT 2022
| Date         : Mon Oct  7 11:58:33 2024
| Host         : e16fpga01 running 64-bit Ubuntu 22.04.4 LTS
| Command      : report_methodology -file top_block_wrapper_methodology_drc_routed.rpt -pb top_block_wrapper_methodology_drc_routed.pb -rpx top_block_wrapper_methodology_drc_routed.rpx
| Design       : top_block_wrapper
| Device       : xcau15p-sbvb484-1-i
| Speed File   : -1
| Design State : Fully Routed
-----------------------------------------------------------------------------------------------------------------------------------------------------------------------------------------

Report Methodology

Table of Contents
-----------------
1. REPORT SUMMARY
2. REPORT DETAILS

1. REPORT SUMMARY
-----------------
            Netlist: netlist
          Floorplan: design_1
      Design limits: <entire design considered>
             Max violations: <unlimited>
             Violations found: 1045
+-----------+------------------+--------------------------------------------------------+------------+
| Rule      | Severity         | Description                                            | Violations |
+-----------+------------------+--------------------------------------------------------+------------+
| TIMING-2  | Critical Warning | Invalid primary clock source pin                       | 1          |
| TIMING-4  | Critical Warning | Invalid primary clock redefinition on a clock tree     | 1          |
| TIMING-6  | Critical Warning | No common primary clock between related clocks         | 2          |
| TIMING-7  | Critical Warning | No common node between related clocks                  | 2          |
| TIMING-27 | Critical Warning | Invalid primary clock on hierarchical pin              | 1          |
| LUTAR-1   | Warning          | LUT drives async reset alert                           | 7          |
| TIMING-16 | Warning          | Large setup violation                                  | 1000       |
| TIMING-18 | Warning          | Missing input or output delay                          | 24         |
| XDCC-1    | Warning          | Scoped Clock constraint overwritten with the same name | 1          |
| XDCC-7    | Warning          | Scoped Clock constraint overwritten on the same source | 1          |
| CLKC-5    | Advisory         | BUFGCE with constant CE has BUFG driver                | 1          |
| CLKC-40   | Advisory         | Substitute PLLE4 for MMCME4 check                      | 1          |
| CLKC-56   | Advisory         | MMCME4 with global clock driver has no LOC             | 2          |
| LATCH-1   | Advisory         | Existing latches in the design                         | 1          |
+-----------+------------------+--------------------------------------------------------+------------+

2. REPORT DETAILS
-----------------
TIMING-2#1 Critical Warning
Invalid primary clock source pin  
A primary clock dbg_hub/inst/BSCANID.u_xsdbm_id/SWITCH_N_EXT_BSCAN.bscan_inst/SERIES7_BSCAN.bscan_inst/TCK is created on an inappropriate pin dbg_hub/inst/BSCANID.u_xsdbm_id/SWITCH_N_EXT_BSCAN.bscan_inst/SERIES7_BSCAN.bscan_inst/TCK. It is recommended to create a primary clock only on a proper clock source (input port or primitive output pin with no timing arc)
Related violations: <none>

TIMING-4#1 Critical Warning
Invalid primary clock redefinition on a clock tree  
Invalid clock redefinition on a clock tree. The primary clock top_block_i/CONST_QRAPPER/clk_wiz_2/inst/clk_in1 is defined downstream of clock clk_out1_top_block_clk_wiz_0_0 and overrides its insertion delay and/or waveform definition
Related violations: <none>

TIMING-6#1 Critical Warning
No common primary clock between related clocks  
The clocks clk_out5_top_block_clk_wiz_0_0 and txoutclk_out[0] are related (timed together) but they have no common primary clock. The design could fail in hardware. To find a timing path between these clocks, run the following command: report_timing -from [get_clocks clk_out5_top_block_clk_wiz_0_0] -to [get_clocks txoutclk_out[0]]
Related violations: <none>

TIMING-6#2 Critical Warning
No common primary clock between related clocks  
The clocks txoutclk_out[0] and clk_out5_top_block_clk_wiz_0_0 are related (timed together) but they have no common primary clock. The design could fail in hardware. To find a timing path between these clocks, run the following command: report_timing -from [get_clocks txoutclk_out[0]] -to [get_clocks clk_out5_top_block_clk_wiz_0_0]
Related violations: <none>

TIMING-7#1 Critical Warning
No common node between related clocks  
The clocks clk_out5_top_block_clk_wiz_0_0 and txoutclk_out[0] are related (timed together) but they have no common node. The design could fail in hardware. To find a timing path between these clocks, run the following command: report_timing -from [get_clocks clk_out5_top_block_clk_wiz_0_0] -to [get_clocks txoutclk_out[0]]
Related violations: <none>

TIMING-7#2 Critical Warning
No common node between related clocks  
The clocks txoutclk_out[0] and clk_out5_top_block_clk_wiz_0_0 are related (timed together) but they have no common node. The design could fail in hardware. To find a timing path between these clocks, run the following command: report_timing -from [get_clocks txoutclk_out[0]] -to [get_clocks clk_out5_top_block_clk_wiz_0_0]
Related violations: <none>

TIMING-27#1 Critical Warning
Invalid primary clock on hierarchical pin  
A primary clock top_block_i/CONST_QRAPPER/clk_wiz_2/inst/clk_in1 is created on an inappropriate internal pin top_block_i/CONST_QRAPPER/clk_wiz_2/inst/clk_in1. It is not recommended to create a primary clock on a hierarchical pin when its driver pin has a fanout connected to multiple clock pins
Related violations: <none>

LUTAR-1#1 Warning
LUT drives async reset alert  
LUT cell dbg_hub/inst/BSCANID.u_xsdbm_id/SWITCH_N_EXT_BSCAN.bscan_switch/m_bscan_sel[0]_INST_0, with 2 or more inputs, drives asynchronous preset/clear pin(s) dbg_hub/inst/BSCANID.u_xsdbm_id/CORE_XSDB.U_ICON/U_CMD/iTARGET_reg[10]/CLR,
dbg_hub/inst/BSCANID.u_xsdbm_id/CORE_XSDB.U_ICON/U_CMD/iTARGET_reg[11]/CLR,
dbg_hub/inst/BSCANID.u_xsdbm_id/CORE_XSDB.U_ICON/U_CMD/iTARGET_reg[12]/CLR,
dbg_hub/inst/BSCANID.u_xsdbm_id/CORE_XSDB.U_ICON/U_CMD/iTARGET_reg[13]/CLR,
dbg_hub/inst/BSCANID.u_xsdbm_id/CORE_XSDB.U_ICON/U_CMD/iTARGET_reg[14]/CLR,
dbg_hub/inst/BSCANID.u_xsdbm_id/CORE_XSDB.U_ICON/U_CMD/iTARGET_reg[15]/CLR,
dbg_hub/inst/BSCANID.u_xsdbm_id/CORE_XSDB.U_ICON/U_CMD/iTARGET_reg[6]/CLR,
dbg_hub/inst/BSCANID.u_xsdbm_id/CORE_XSDB.U_ICON/U_CMD/iTARGET_reg[7]/CLR,
dbg_hub/inst/BSCANID.u_xsdbm_id/CORE_XSDB.U_ICON/U_CMD/iTARGET_reg[8]/CLR
dbg_hub/inst/BSCANID.u_xsdbm_id/CORE_XSDB.U_ICON/U_CMD/iTARGET_reg[9]/CLR. The LUT may glitch and trigger an unexpected reset, even if it is a properly timed path.
Related violations: <none>

LUTAR-1#2 Warning
LUT drives async reset alert  
LUT cell top_block_i/fakernet/gig_ethernet_pcs_pma_0/inst/core_support_i/gig_ethernet_pcs_pma_0_gt_i/inst/gen_gtwizard_gthe4_top.gig_ethernet_pcs_pma_0_gt_gtwizard_gthe4_inst/gen_gtwizard_gthe4.gen_reset_controller_internal.gen_single_instance.gtwiz_reset_inst/reset_synchronizer_gtwiz_reset_rx_any_inst/rst_in_meta_i_1__1, with 2 or more inputs, drives asynchronous preset/clear pin(s) top_block_i/fakernet/gig_ethernet_pcs_pma_0/inst/core_support_i/gig_ethernet_pcs_pma_0_gt_i/inst/gen_gtwizard_gthe4_top.gig_ethernet_pcs_pma_0_gt_gtwizard_gthe4_inst/gen_gtwizard_gthe4.gen_reset_controller_internal.gen_single_instance.gtwiz_reset_inst/reset_synchronizer_gtwiz_reset_rx_any_inst/rst_in_meta_reg/PRE,
top_block_i/fakernet/gig_ethernet_pcs_pma_0/inst/core_support_i/gig_ethernet_pcs_pma_0_gt_i/inst/gen_gtwizard_gthe4_top.gig_ethernet_pcs_pma_0_gt_gtwizard_gthe4_inst/gen_gtwizard_gthe4.gen_reset_controller_internal.gen_single_instance.gtwiz_reset_inst/reset_synchronizer_gtwiz_reset_rx_any_inst/rst_in_out_reg/PRE,
top_block_i/fakernet/gig_ethernet_pcs_pma_0/inst/core_support_i/gig_ethernet_pcs_pma_0_gt_i/inst/gen_gtwizard_gthe4_top.gig_ethernet_pcs_pma_0_gt_gtwizard_gthe4_inst/gen_gtwizard_gthe4.gen_reset_controller_internal.gen_single_instance.gtwiz_reset_inst/reset_synchronizer_gtwiz_reset_rx_any_inst/rst_in_sync1_reg/PRE,
top_block_i/fakernet/gig_ethernet_pcs_pma_0/inst/core_support_i/gig_ethernet_pcs_pma_0_gt_i/inst/gen_gtwizard_gthe4_top.gig_ethernet_pcs_pma_0_gt_gtwizard_gthe4_inst/gen_gtwizard_gthe4.gen_reset_controller_internal.gen_single_instance.gtwiz_reset_inst/reset_synchronizer_gtwiz_reset_rx_any_inst/rst_in_sync2_reg/PRE
top_block_i/fakernet/gig_ethernet_pcs_pma_0/inst/core_support_i/gig_ethernet_pcs_pma_0_gt_i/inst/gen_gtwizard_gthe4_top.gig_ethernet_pcs_pma_0_gt_gtwizard_gthe4_inst/gen_gtwizard_gthe4.gen_reset_controller_internal.gen_single_instance.gtwiz_reset_inst/reset_synchronizer_gtwiz_reset_rx_any_inst/rst_in_sync3_reg/PRE. The LUT may glitch and trigger an unexpected reset, even if it is a properly timed path.
Related violations: <none>

LUTAR-1#3 Warning
LUT drives async reset alert  
LUT cell top_block_i/fakernet/gig_ethernet_pcs_pma_0/inst/core_support_i/gig_ethernet_pcs_pma_0_gt_i/inst/gen_gtwizard_gthe4_top.gig_ethernet_pcs_pma_0_gt_gtwizard_gthe4_inst/gen_gtwizard_gthe4.gen_reset_controller_internal.gen_single_instance.gtwiz_reset_inst/reset_synchronizer_gtwiz_reset_rx_datapath_inst/rst_in_meta_i_1__3, with 2 or more inputs, drives asynchronous preset/clear pin(s) top_block_i/fakernet/gig_ethernet_pcs_pma_0/inst/core_support_i/gig_ethernet_pcs_pma_0_gt_i/inst/gen_gtwizard_gthe4_top.gig_ethernet_pcs_pma_0_gt_gtwizard_gthe4_inst/gen_gtwizard_gthe4.gen_reset_controller_internal.gen_single_instance.gtwiz_reset_inst/reset_synchronizer_gtwiz_reset_rx_datapath_inst/rst_in_meta_reg/PRE,
top_block_i/fakernet/gig_ethernet_pcs_pma_0/inst/core_support_i/gig_ethernet_pcs_pma_0_gt_i/inst/gen_gtwizard_gthe4_top.gig_ethernet_pcs_pma_0_gt_gtwizard_gthe4_inst/gen_gtwizard_gthe4.gen_reset_controller_internal.gen_single_instance.gtwiz_reset_inst/reset_synchronizer_gtwiz_reset_rx_datapath_inst/rst_in_out_reg/PRE,
top_block_i/fakernet/gig_ethernet_pcs_pma_0/inst/core_support_i/gig_ethernet_pcs_pma_0_gt_i/inst/gen_gtwizard_gthe4_top.gig_ethernet_pcs_pma_0_gt_gtwizard_gthe4_inst/gen_gtwizard_gthe4.gen_reset_controller_internal.gen_single_instance.gtwiz_reset_inst/reset_synchronizer_gtwiz_reset_rx_datapath_inst/rst_in_sync1_reg/PRE,
top_block_i/fakernet/gig_ethernet_pcs_pma_0/inst/core_support_i/gig_ethernet_pcs_pma_0_gt_i/inst/gen_gtwizard_gthe4_top.gig_ethernet_pcs_pma_0_gt_gtwizard_gthe4_inst/gen_gtwizard_gthe4.gen_reset_controller_internal.gen_single_instance.gtwiz_reset_inst/reset_synchronizer_gtwiz_reset_rx_datapath_inst/rst_in_sync2_reg/PRE
top_block_i/fakernet/gig_ethernet_pcs_pma_0/inst/core_support_i/gig_ethernet_pcs_pma_0_gt_i/inst/gen_gtwizard_gthe4_top.gig_ethernet_pcs_pma_0_gt_gtwizard_gthe4_inst/gen_gtwizard_gthe4.gen_reset_controller_internal.gen_single_instance.gtwiz_reset_inst/reset_synchronizer_gtwiz_reset_rx_datapath_inst/rst_in_sync3_reg/PRE. The LUT may glitch and trigger an unexpected reset, even if it is a properly timed path.
Related violations: <none>

LUTAR-1#4 Warning
LUT drives async reset alert  
LUT cell top_block_i/fakernet/gig_ethernet_pcs_pma_0/inst/core_support_i/gig_ethernet_pcs_pma_0_gt_i/inst/gen_gtwizard_gthe4_top.gig_ethernet_pcs_pma_0_gt_gtwizard_gthe4_inst/gen_gtwizard_gthe4.gen_reset_controller_internal.gen_single_instance.gtwiz_reset_inst/reset_synchronizer_gtwiz_reset_tx_any_inst/rst_in_meta_i_1, with 2 or more inputs, drives asynchronous preset/clear pin(s) top_block_i/fakernet/gig_ethernet_pcs_pma_0/inst/core_support_i/gig_ethernet_pcs_pma_0_gt_i/inst/gen_gtwizard_gthe4_top.gig_ethernet_pcs_pma_0_gt_gtwizard_gthe4_inst/gen_gtwizard_gthe4.gen_reset_controller_internal.gen_single_instance.gtwiz_reset_inst/reset_synchronizer_gtwiz_reset_tx_any_inst/rst_in_meta_reg/PRE,
top_block_i/fakernet/gig_ethernet_pcs_pma_0/inst/core_support_i/gig_ethernet_pcs_pma_0_gt_i/inst/gen_gtwizard_gthe4_top.gig_ethernet_pcs_pma_0_gt_gtwizard_gthe4_inst/gen_gtwizard_gthe4.gen_reset_controller_internal.gen_single_instance.gtwiz_reset_inst/reset_synchronizer_gtwiz_reset_tx_any_inst/rst_in_out_reg/PRE,
top_block_i/fakernet/gig_ethernet_pcs_pma_0/inst/core_support_i/gig_ethernet_pcs_pma_0_gt_i/inst/gen_gtwizard_gthe4_top.gig_ethernet_pcs_pma_0_gt_gtwizard_gthe4_inst/gen_gtwizard_gthe4.gen_reset_controller_internal.gen_single_instance.gtwiz_reset_inst/reset_synchronizer_gtwiz_reset_tx_any_inst/rst_in_sync1_reg/PRE,
top_block_i/fakernet/gig_ethernet_pcs_pma_0/inst/core_support_i/gig_ethernet_pcs_pma_0_gt_i/inst/gen_gtwizard_gthe4_top.gig_ethernet_pcs_pma_0_gt_gtwizard_gthe4_inst/gen_gtwizard_gthe4.gen_reset_controller_internal.gen_single_instance.gtwiz_reset_inst/reset_synchronizer_gtwiz_reset_tx_any_inst/rst_in_sync2_reg/PRE
top_block_i/fakernet/gig_ethernet_pcs_pma_0/inst/core_support_i/gig_ethernet_pcs_pma_0_gt_i/inst/gen_gtwizard_gthe4_top.gig_ethernet_pcs_pma_0_gt_gtwizard_gthe4_inst/gen_gtwizard_gthe4.gen_reset_controller_internal.gen_single_instance.gtwiz_reset_inst/reset_synchronizer_gtwiz_reset_tx_any_inst/rst_in_sync3_reg/PRE. The LUT may glitch and trigger an unexpected reset, even if it is a properly timed path.
Related violations: <none>

LUTAR-1#5 Warning
LUT drives async reset alert  
LUT cell top_block_i/fakernet/gig_ethernet_pcs_pma_0/inst/core_support_i/gig_ethernet_pcs_pma_0_gt_i/inst/gen_gtwizard_gthe4_top.gig_ethernet_pcs_pma_0_gt_gtwizard_gthe4_inst/gen_gtwizard_gthe4.gen_reset_controller_internal.gen_single_instance.gtwiz_reset_inst/rst_in_meta_i_1__4, with 2 or more inputs, drives asynchronous preset/clear pin(s) top_block_i/fakernet/gig_ethernet_pcs_pma_0/inst/core_support_i/gig_ethernet_pcs_pma_0_gt_i/inst/gen_gtwizard_gthe4_top.gig_ethernet_pcs_pma_0_gt_gtwizard_gthe4_inst/gen_gtwizard_gthe4.gen_cpll_cal_gthe4.gen_cpll_cal_inst[0].gen_inst_cpll_cal.gtwizard_ultrascale_v1_7_14_gthe4_cpll_cal_inst/reset_synchronizer_resetin_tx_inst/rst_in_meta_reg/PRE,
top_block_i/fakernet/gig_ethernet_pcs_pma_0/inst/core_support_i/gig_ethernet_pcs_pma_0_gt_i/inst/gen_gtwizard_gthe4_top.gig_ethernet_pcs_pma_0_gt_gtwizard_gthe4_inst/gen_gtwizard_gthe4.gen_cpll_cal_gthe4.gen_cpll_cal_inst[0].gen_inst_cpll_cal.gtwizard_ultrascale_v1_7_14_gthe4_cpll_cal_inst/reset_synchronizer_resetin_tx_inst/rst_in_out_reg/PRE,
top_block_i/fakernet/gig_ethernet_pcs_pma_0/inst/core_support_i/gig_ethernet_pcs_pma_0_gt_i/inst/gen_gtwizard_gthe4_top.gig_ethernet_pcs_pma_0_gt_gtwizard_gthe4_inst/gen_gtwizard_gthe4.gen_cpll_cal_gthe4.gen_cpll_cal_inst[0].gen_inst_cpll_cal.gtwizard_ultrascale_v1_7_14_gthe4_cpll_cal_inst/reset_synchronizer_resetin_tx_inst/rst_in_sync1_reg/PRE,
top_block_i/fakernet/gig_ethernet_pcs_pma_0/inst/core_support_i/gig_ethernet_pcs_pma_0_gt_i/inst/gen_gtwizard_gthe4_top.gig_ethernet_pcs_pma_0_gt_gtwizard_gthe4_inst/gen_gtwizard_gthe4.gen_cpll_cal_gthe4.gen_cpll_cal_inst[0].gen_inst_cpll_cal.gtwizard_ultrascale_v1_7_14_gthe4_cpll_cal_inst/reset_synchronizer_resetin_tx_inst/rst_in_sync2_reg/PRE
top_block_i/fakernet/gig_ethernet_pcs_pma_0/inst/core_support_i/gig_ethernet_pcs_pma_0_gt_i/inst/gen_gtwizard_gthe4_top.gig_ethernet_pcs_pma_0_gt_gtwizard_gthe4_inst/gen_gtwizard_gthe4.gen_cpll_cal_gthe4.gen_cpll_cal_inst[0].gen_inst_cpll_cal.gtwizard_ultrascale_v1_7_14_gthe4_cpll_cal_inst/reset_synchronizer_resetin_tx_inst/rst_in_sync3_reg/PRE. The LUT may glitch and trigger an unexpected reset, even if it is a properly timed path.
Related violations: <none>

LUTAR-1#6 Warning
LUT drives async reset alert  
LUT cell top_block_i/fakernet/gig_ethernet_pcs_pma_0/inst/core_support_i/pcs_pma_i/inst/gig_ethernet_pcs_pma_0_core/gpcs_pma_inst/HAS_MANAGEMENT.MDIO/MGT_RESET.RESET_INT_PIPE_i_1, with 2 or more inputs, drives asynchronous preset/clear pin(s) top_block_i/fakernet/gig_ethernet_pcs_pma_0/inst/core_support_i/pcs_pma_i/inst/gig_ethernet_pcs_pma_0_core/gpcs_pma_inst/MGT_RESET.RESET_INT_PIPE_reg/PRE
top_block_i/fakernet/gig_ethernet_pcs_pma_0/inst/core_support_i/pcs_pma_i/inst/gig_ethernet_pcs_pma_0_core/gpcs_pma_inst/MGT_RESET.RESET_INT_reg/PRE. The LUT may glitch and trigger an unexpected reset, even if it is a properly timed path.
Related violations: <none>

LUTAR-1#7 Warning
LUT drives async reset alert  
LUT cell top_block_i/fakernet/gig_ethernet_pcs_pma_0/inst/core_support_i/pcs_pma_i/inst/gtwiz_reset_tx_datapath_out_INST_0, with 2 or more inputs, drives asynchronous preset/clear pin(s) top_block_i/fakernet/gig_ethernet_pcs_pma_0/inst/core_support_i/gig_ethernet_pcs_pma_0_gt_i/inst/gen_gtwizard_gthe4_top.gig_ethernet_pcs_pma_0_gt_gtwizard_gthe4_inst/gen_gtwizard_gthe4.gen_reset_controller_internal.gen_single_instance.gtwiz_reset_inst/reset_synchronizer_gtwiz_reset_tx_datapath_inst/rst_in_meta_reg/PRE,
top_block_i/fakernet/gig_ethernet_pcs_pma_0/inst/core_support_i/gig_ethernet_pcs_pma_0_gt_i/inst/gen_gtwizard_gthe4_top.gig_ethernet_pcs_pma_0_gt_gtwizard_gthe4_inst/gen_gtwizard_gthe4.gen_reset_controller_internal.gen_single_instance.gtwiz_reset_inst/reset_synchronizer_gtwiz_reset_tx_datapath_inst/rst_in_out_reg/PRE,
top_block_i/fakernet/gig_ethernet_pcs_pma_0/inst/core_support_i/gig_ethernet_pcs_pma_0_gt_i/inst/gen_gtwizard_gthe4_top.gig_ethernet_pcs_pma_0_gt_gtwizard_gthe4_inst/gen_gtwizard_gthe4.gen_reset_controller_internal.gen_single_instance.gtwiz_reset_inst/reset_synchronizer_gtwiz_reset_tx_datapath_inst/rst_in_sync1_reg/PRE,
top_block_i/fakernet/gig_ethernet_pcs_pma_0/inst/core_support_i/gig_ethernet_pcs_pma_0_gt_i/inst/gen_gtwizard_gthe4_top.gig_ethernet_pcs_pma_0_gt_gtwizard_gthe4_inst/gen_gtwizard_gthe4.gen_reset_controller_internal.gen_single_instance.gtwiz_reset_inst/reset_synchronizer_gtwiz_reset_tx_datapath_inst/rst_in_sync2_reg/PRE
top_block_i/fakernet/gig_ethernet_pcs_pma_0/inst/core_support_i/gig_ethernet_pcs_pma_0_gt_i/inst/gen_gtwizard_gthe4_top.gig_ethernet_pcs_pma_0_gt_gtwizard_gthe4_inst/gen_gtwizard_gthe4.gen_reset_controller_internal.gen_single_instance.gtwiz_reset_inst/reset_synchronizer_gtwiz_reset_tx_datapath_inst/rst_in_sync3_reg/PRE. The LUT may glitch and trigger an unexpected reset, even if it is a properly timed path.
Related violations: <none>

TIMING-16#1 Warning
Large setup violation  
There is a large setup violation of -1.065 ns between top_block_i/reset/rst_clk_wiz_0_125M/U0/ACTIVE_LOW_PR_OUT_DFF[0].FDRE_PER_N_replica_2/C (clocked by clk_out5_top_block_clk_wiz_0_0) and top_block_i/SC_WRAPPER/SAMPA_I2C_wrapper/axi_iic_0/U0/X_IIC/WRITE_FIFO_CTRL_I/FIFO_RAM[1].SRL16E_I/D (clocked by clk_out1_top_block_clk_wiz_0_0). Large setup violations at the end of those stages might be difficult to fix during the post-placement implementation flow and could be the result of non-optimal XDC constraints or non-optimal design architecture
Related violations: <none>

TIMING-16#2 Warning
Large setup violation  
There is a large setup violation of -1.198 ns between top_block_i/reset/rst_clk_wiz_0_125M/U0/ACTIVE_LOW_PR_OUT_DFF[0].FDRE_PER_N_replica_2/C (clocked by clk_out5_top_block_clk_wiz_0_0) and top_block_i/SC_WRAPPER/SAMPA_I2C_wrapper/axi_iic_0/U0/X_IIC/WRITE_FIFO_CTRL_I/Data_Exists_DFF/D (clocked by clk_out1_top_block_clk_wiz_0_0). Large setup violations at the end of those stages might be difficult to fix during the post-placement implementation flow and could be the result of non-optimal XDC constraints or non-optimal design architecture
Related violations: <none>

TIMING-16#3 Warning
Large setup violation  
There is a large setup violation of -3.178 ns between top_block_i/fakernet/reg_switch_0/inst/trg_en_r_reg/C (clocked by clk_out5_top_block_clk_wiz_0_0) and top_block_i/appUnit/das_rx_0/inst/FSM_onehot_genblk1[1].state_reg[1][0]/S (clocked by clk_out1_top_block_clk_wiz_1_0). Large setup violations at the end of those stages might be difficult to fix during the post-placement implementation flow and could be the result of non-optimal XDC constraints or non-optimal design architecture
Related violations: <none>

TIMING-16#4 Warning
Large setup violation  
There is a large setup violation of -3.178 ns between top_block_i/fakernet/reg_switch_0/inst/trg_en_r_reg/C (clocked by clk_out5_top_block_clk_wiz_0_0) and top_block_i/appUnit/das_rx_0/inst/FSM_onehot_genblk1[1].state_reg[1][1]/R (clocked by clk_out1_top_block_clk_wiz_1_0). Large setup violations at the end of those stages might be difficult to fix during the post-placement implementation flow and could be the result of non-optimal XDC constraints or non-optimal design architecture
Related violations: <none>

TIMING-16#5 Warning
Large setup violation  
There is a large setup violation of -3.178 ns between top_block_i/fakernet/reg_switch_0/inst/trg_en_r_reg/C (clocked by clk_out5_top_block_clk_wiz_0_0) and top_block_i/appUnit/das_rx_0/inst/FSM_onehot_genblk1[1].state_reg[1][2]/R (clocked by clk_out1_top_block_clk_wiz_1_0). Large setup violations at the end of those stages might be difficult to fix during the post-placement implementation flow and could be the result of non-optimal XDC constraints or non-optimal design architecture
Related violations: <none>

TIMING-16#6 Warning
Large setup violation  
There is a large setup violation of -3.185 ns between top_block_i/fakernet/reg_switch_0/inst/trg_en_r_reg/C (clocked by clk_out5_top_block_clk_wiz_0_0) and top_block_i/appUnit/das_rx_0/inst/genblk1[0].ch0_cnt_reg[0][0]/R (clocked by clk_out1_top_block_clk_wiz_1_0). Large setup violations at the end of those stages might be difficult to fix during the post-placement implementation flow and could be the result of non-optimal XDC constraints or non-optimal design architecture
Related violations: <none>

TIMING-16#7 Warning
Large setup violation  
There is a large setup violation of -3.185 ns between top_block_i/fakernet/reg_switch_0/inst/trg_en_r_reg/C (clocked by clk_out5_top_block_clk_wiz_0_0) and top_block_i/appUnit/das_rx_0/inst/genblk1[0].ch0_cnt_reg[0][1]/R (clocked by clk_out1_top_block_clk_wiz_1_0). Large setup violations at the end of those stages might be difficult to fix during the post-placement implementation flow and could be the result of non-optimal XDC constraints or non-optimal design architecture
Related violations: <none>

TIMING-16#8 Warning
Large setup violation  
There is a large setup violation of -3.185 ns between top_block_i/fakernet/reg_switch_0/inst/trg_en_r_reg/C (clocked by clk_out5_top_block_clk_wiz_0_0) and top_block_i/appUnit/das_rx_0/inst/genblk1[0].ch0_cnt_reg[0][2]/R (clocked by clk_out1_top_block_clk_wiz_1_0). Large setup violations at the end of those stages might be difficult to fix during the post-placement implementation flow and could be the result of non-optimal XDC constraints or non-optimal design architecture
Related violations: <none>

TIMING-16#9 Warning
Large setup violation  
There is a large setup violation of -3.185 ns between top_block_i/fakernet/reg_switch_0/inst/trg_en_r_reg/C (clocked by clk_out5_top_block_clk_wiz_0_0) and top_block_i/appUnit/das_rx_0/inst/genblk1[0].ch0_cnt_reg[0][3]/R (clocked by clk_out1_top_block_clk_wiz_1_0). Large setup violations at the end of those stages might be difficult to fix during the post-placement implementation flow and could be the result of non-optimal XDC constraints or non-optimal design architecture
Related violations: <none>

TIMING-16#10 Warning
Large setup violation  
There is a large setup violation of -3.185 ns between top_block_i/fakernet/reg_switch_0/inst/trg_en_r_reg/C (clocked by clk_out5_top_block_clk_wiz_0_0) and top_block_i/appUnit/das_rx_0/inst/genblk1[0].ch0_cnt_reg[0][4]/R (clocked by clk_out1_top_block_clk_wiz_1_0). Large setup violations at the end of those stages might be difficult to fix during the post-placement implementation flow and could be the result of non-optimal XDC constraints or non-optimal design architecture
Related violations: <none>

TIMING-16#11 Warning
Large setup violation  
There is a large setup violation of -3.230 ns between top_block_i/fakernet/reg_switch_0/inst/trg_en_r_reg/C (clocked by clk_out5_top_block_clk_wiz_0_0) and top_block_i/appUnit/das_rx_0/inst/genblk1[0].bus_r_reg[0][16]/CE (clocked by clk_out1_top_block_clk_wiz_1_0). Large setup violations at the end of those stages might be difficult to fix during the post-placement implementation flow and could be the result of non-optimal XDC constraints or non-optimal design architecture
Related violations: <none>

TIMING-16#12 Warning
Large setup violation  
There is a large setup violation of -3.230 ns between top_block_i/fakernet/reg_switch_0/inst/trg_en_r_reg/C (clocked by clk_out5_top_block_clk_wiz_0_0) and top_block_i/appUnit/das_rx_0/inst/genblk1[0].bus_r_reg[0][26]/CE (clocked by clk_out1_top_block_clk_wiz_1_0). Large setup violations at the end of those stages might be difficult to fix during the post-placement implementation flow and could be the result of non-optimal XDC constraints or non-optimal design architecture
Related violations: <none>

TIMING-16#13 Warning
Large setup violation  
There is a large setup violation of -3.230 ns between top_block_i/fakernet/reg_switch_0/inst/trg_en_r_reg/C (clocked by clk_out5_top_block_clk_wiz_0_0) and top_block_i/appUnit/das_rx_0/inst/genblk1[0].bus_r_reg[0][36]/CE (clocked by clk_out1_top_block_clk_wiz_1_0). Large setup violations at the end of those stages might be difficult to fix during the post-placement implementation flow and could be the result of non-optimal XDC constraints or non-optimal design architecture
Related violations: <none>

TIMING-16#14 Warning
Large setup violation  
There is a large setup violation of -3.230 ns between top_block_i/fakernet/reg_switch_0/inst/trg_en_r_reg/C (clocked by clk_out5_top_block_clk_wiz_0_0) and top_block_i/appUnit/das_rx_0/inst/genblk1[0].bus_r_reg[0][6]/CE (clocked by clk_out1_top_block_clk_wiz_1_0). Large setup violations at the end of those stages might be difficult to fix during the post-placement implementation flow and could be the result of non-optimal XDC constraints or non-optimal design architecture
Related violations: <none>

TIMING-16#15 Warning
Large setup violation  
There is a large setup violation of -3.250 ns between top_block_i/fakernet/reg_switch_0/inst/trg_en_r_reg/C (clocked by clk_out5_top_block_clk_wiz_0_0) and top_block_i/appUnit/das_rx_0/inst/genblk1[0].bus_r_reg[0][180]/CE (clocked by clk_out1_top_block_clk_wiz_1_0). Large setup violations at the end of those stages might be difficult to fix during the post-placement implementation flow and could be the result of non-optimal XDC constraints or non-optimal design architecture
Related violations: <none>

TIMING-16#16 Warning
Large setup violation  
There is a large setup violation of -3.250 ns between top_block_i/fakernet/reg_switch_0/inst/trg_en_r_reg/C (clocked by clk_out5_top_block_clk_wiz_0_0) and top_block_i/appUnit/das_rx_0/inst/genblk1[0].bus_r_reg[0][243]/CE (clocked by clk_out1_top_block_clk_wiz_1_0). Large setup violations at the end of those stages might be difficult to fix during the post-placement implementation flow and could be the result of non-optimal XDC constraints or non-optimal design architecture
Related violations: <none>

TIMING-16#17 Warning
Large setup violation  
There is a large setup violation of -3.250 ns between top_block_i/fakernet/reg_switch_0/inst/trg_en_r_reg/C (clocked by clk_out5_top_block_clk_wiz_0_0) and top_block_i/appUnit/das_rx_0/inst/genblk1[0].bus_r_reg[0][247]/CE (clocked by clk_out1_top_block_clk_wiz_1_0). Large setup violations at the end of those stages might be difficult to fix during the post-placement implementation flow and could be the result of non-optimal XDC constraints or non-optimal design architecture
Related violations: <none>

TIMING-16#18 Warning
Large setup violation  
There is a large setup violation of -3.253 ns between top_block_i/fakernet/reg_switch_0/inst/trg_en_r_reg/C (clocked by clk_out5_top_block_clk_wiz_0_0) and top_block_i/appUnit/das_rx_0/inst/genblk1[0].bus_r_reg[0][226]/CE (clocked by clk_out1_top_block_clk_wiz_1_0). Large setup violations at the end of those stages might be difficult to fix during the post-placement implementation flow and could be the result of non-optimal XDC constraints or non-optimal design architecture
Related violations: <none>

TIMING-16#19 Warning
Large setup violation  
There is a large setup violation of -3.253 ns between top_block_i/fakernet/reg_switch_0/inst/trg_en_r_reg/C (clocked by clk_out5_top_block_clk_wiz_0_0) and top_block_i/appUnit/das_rx_0/inst/genblk1[0].bus_r_reg[0][230]/CE (clocked by clk_out1_top_block_clk_wiz_1_0). Large setup violations at the end of those stages might be difficult to fix during the post-placement implementation flow and could be the result of non-optimal XDC constraints or non-optimal design architecture
Related violations: <none>

TIMING-16#20 Warning
Large setup violation  
There is a large setup violation of -3.253 ns between top_block_i/fakernet/reg_switch_0/inst/trg_en_r_reg/C (clocked by clk_out5_top_block_clk_wiz_0_0) and top_block_i/appUnit/das_rx_0/inst/genblk1[0].bus_r_reg[0][240]/CE (clocked by clk_out1_top_block_clk_wiz_1_0). Large setup violations at the end of those stages might be difficult to fix during the post-placement implementation flow and could be the result of non-optimal XDC constraints or non-optimal design architecture
Related violations: <none>

TIMING-16#21 Warning
Large setup violation  
There is a large setup violation of -3.253 ns between top_block_i/fakernet/reg_switch_0/inst/trg_en_r_reg/C (clocked by clk_out5_top_block_clk_wiz_0_0) and top_block_i/appUnit/das_rx_0/inst/genblk1[0].bus_r_reg[0][246]/CE (clocked by clk_out1_top_block_clk_wiz_1_0). Large setup violations at the end of those stages might be difficult to fix during the post-placement implementation flow and could be the result of non-optimal XDC constraints or non-optimal design architecture
Related violations: <none>

TIMING-16#22 Warning
Large setup violation  
There is a large setup violation of -3.258 ns between top_block_i/fakernet/reg_switch_0/inst/trg_en_r_reg/C (clocked by clk_out5_top_block_clk_wiz_0_0) and top_block_i/appUnit/das_rx_0/inst/FSM_onehot_genblk1[0].state_reg[0][0]/S (clocked by clk_out1_top_block_clk_wiz_1_0). Large setup violations at the end of those stages might be difficult to fix during the post-placement implementation flow and could be the result of non-optimal XDC constraints or non-optimal design architecture
Related violations: <none>

TIMING-16#23 Warning
Large setup violation  
There is a large setup violation of -3.258 ns between top_block_i/fakernet/reg_switch_0/inst/trg_en_r_reg/C (clocked by clk_out5_top_block_clk_wiz_0_0) and top_block_i/appUnit/das_rx_0/inst/FSM_onehot_genblk1[0].state_reg[0][1]/R (clocked by clk_out1_top_block_clk_wiz_1_0). Large setup violations at the end of those stages might be difficult to fix during the post-placement implementation flow and could be the result of non-optimal XDC constraints or non-optimal design architecture
Related violations: <none>

TIMING-16#24 Warning
Large setup violation  
There is a large setup violation of -3.258 ns between top_block_i/fakernet/reg_switch_0/inst/trg_en_r_reg/C (clocked by clk_out5_top_block_clk_wiz_0_0) and top_block_i/appUnit/das_rx_0/inst/FSM_onehot_genblk1[0].state_reg[0][2]/R (clocked by clk_out1_top_block_clk_wiz_1_0). Large setup violations at the end of those stages might be difficult to fix during the post-placement implementation flow and could be the result of non-optimal XDC constraints or non-optimal design architecture
Related violations: <none>

TIMING-16#25 Warning
Large setup violation  
There is a large setup violation of -3.281 ns between top_block_i/fakernet/reg_switch_0/inst/trg_en_r_reg/C (clocked by clk_out5_top_block_clk_wiz_0_0) and top_block_i/appUnit/das_rx_0/inst/genblk1[0].bus_r_reg[0][46]/CE (clocked by clk_out1_top_block_clk_wiz_1_0). Large setup violations at the end of those stages might be difficult to fix during the post-placement implementation flow and could be the result of non-optimal XDC constraints or non-optimal design architecture
Related violations: <none>

TIMING-16#26 Warning
Large setup violation  
There is a large setup violation of -3.281 ns between top_block_i/fakernet/reg_switch_0/inst/trg_en_r_reg/C (clocked by clk_out5_top_block_clk_wiz_0_0) and top_block_i/appUnit/das_rx_0/inst/genblk1[0].bus_r_reg[0][56]/CE (clocked by clk_out1_top_block_clk_wiz_1_0). Large setup violations at the end of those stages might be difficult to fix during the post-placement implementation flow and could be the result of non-optimal XDC constraints or non-optimal design architecture
Related violations: <none>

TIMING-16#27 Warning
Large setup violation  
There is a large setup violation of -3.281 ns between top_block_i/fakernet/reg_switch_0/inst/trg_en_r_reg/C (clocked by clk_out5_top_block_clk_wiz_0_0) and top_block_i/appUnit/das_rx_0/inst/genblk1[0].bus_r_reg[0][66]/CE (clocked by clk_out1_top_block_clk_wiz_1_0). Large setup violations at the end of those stages might be difficult to fix during the post-placement implementation flow and could be the result of non-optimal XDC constraints or non-optimal design architecture
Related violations: <none>

TIMING-16#28 Warning
Large setup violation  
There is a large setup violation of -3.281 ns between top_block_i/fakernet/reg_switch_0/inst/trg_en_r_reg/C (clocked by clk_out5_top_block_clk_wiz_0_0) and top_block_i/appUnit/das_rx_0/inst/genblk1[0].bus_r_reg[0][76]/CE (clocked by clk_out1_top_block_clk_wiz_1_0). Large setup violations at the end of those stages might be difficult to fix during the post-placement implementation flow and could be the result of non-optimal XDC constraints or non-optimal design architecture
Related violations: <none>

TIMING-16#29 Warning
Large setup violation  
There is a large setup violation of -3.288 ns between top_block_i/fakernet/reg_switch_0/inst/trg_en_r_reg/C (clocked by clk_out5_top_block_clk_wiz_0_0) and top_block_i/appUnit/das_rx_0/inst/FSM_onehot_genblk1[3].state_reg[3][0]/S (clocked by clk_out1_top_block_clk_wiz_1_0). Large setup violations at the end of those stages might be difficult to fix during the post-placement implementation flow and could be the result of non-optimal XDC constraints or non-optimal design architecture
Related violations: <none>

TIMING-16#30 Warning
Large setup violation  
There is a large setup violation of -3.288 ns between top_block_i/fakernet/reg_switch_0/inst/trg_en_r_reg/C (clocked by clk_out5_top_block_clk_wiz_0_0) and top_block_i/appUnit/das_rx_0/inst/FSM_onehot_genblk1[3].state_reg[3][1]/R (clocked by clk_out1_top_block_clk_wiz_1_0). Large setup violations at the end of those stages might be difficult to fix during the post-placement implementation flow and could be the result of non-optimal XDC constraints or non-optimal design architecture
Related violations: <none>

TIMING-16#31 Warning
Large setup violation  
There is a large setup violation of -3.291 ns between top_block_i/fakernet/reg_switch_0/inst/trg_en_r_reg/C (clocked by clk_out5_top_block_clk_wiz_0_0) and top_block_i/appUnit/das_rx_0/inst/FSM_onehot_genblk1[3].state_reg[3][2]/R (clocked by clk_out1_top_block_clk_wiz_1_0). Large setup violations at the end of those stages might be difficult to fix during the post-placement implementation flow and could be the result of non-optimal XDC constraints or non-optimal design architecture
Related violations: <none>

TIMING-16#32 Warning
Large setup violation  
There is a large setup violation of -3.301 ns between top_block_i/fakernet/reg_switch_0/inst/trg_en_r_reg/C (clocked by clk_out5_top_block_clk_wiz_0_0) and top_block_i/appUnit/das_rx_0/inst/genblk1[0].bus_r_reg[0][168]/CE (clocked by clk_out1_top_block_clk_wiz_1_0). Large setup violations at the end of those stages might be difficult to fix during the post-placement implementation flow and could be the result of non-optimal XDC constraints or non-optimal design architecture
Related violations: <none>

TIMING-16#33 Warning
Large setup violation  
There is a large setup violation of -3.301 ns between top_block_i/fakernet/reg_switch_0/inst/trg_en_r_reg/C (clocked by clk_out5_top_block_clk_wiz_0_0) and top_block_i/appUnit/das_rx_0/inst/genblk1[0].bus_r_reg[0][178]/CE (clocked by clk_out1_top_block_clk_wiz_1_0). Large setup violations at the end of those stages might be difficult to fix during the post-placement implementation flow and could be the result of non-optimal XDC constraints or non-optimal design architecture
Related violations: <none>

TIMING-16#34 Warning
Large setup violation  
There is a large setup violation of -3.301 ns between top_block_i/fakernet/reg_switch_0/inst/trg_en_r_reg/C (clocked by clk_out5_top_block_clk_wiz_0_0) and top_block_i/appUnit/das_rx_0/inst/genblk1[0].bus_r_reg[0][186]/CE (clocked by clk_out1_top_block_clk_wiz_1_0). Large setup violations at the end of those stages might be difficult to fix during the post-placement implementation flow and could be the result of non-optimal XDC constraints or non-optimal design architecture
Related violations: <none>

TIMING-16#35 Warning
Large setup violation  
There is a large setup violation of -3.301 ns between top_block_i/fakernet/reg_switch_0/inst/trg_en_r_reg/C (clocked by clk_out5_top_block_clk_wiz_0_0) and top_block_i/appUnit/das_rx_0/inst/genblk1[0].bus_r_reg[0][188]/CE (clocked by clk_out1_top_block_clk_wiz_1_0). Large setup violations at the end of those stages might be difficult to fix during the post-placement implementation flow and could be the result of non-optimal XDC constraints or non-optimal design architecture
Related violations: <none>

TIMING-16#36 Warning
Large setup violation  
There is a large setup violation of -3.301 ns between top_block_i/fakernet/reg_switch_0/inst/trg_en_r_reg/C (clocked by clk_out5_top_block_clk_wiz_0_0) and top_block_i/appUnit/das_rx_0/inst/genblk1[0].bus_r_reg[0][196]/CE (clocked by clk_out1_top_block_clk_wiz_1_0). Large setup violations at the end of those stages might be difficult to fix during the post-placement implementation flow and could be the result of non-optimal XDC constraints or non-optimal design architecture
Related violations: <none>

TIMING-16#37 Warning
Large setup violation  
There is a large setup violation of -3.301 ns between top_block_i/fakernet/reg_switch_0/inst/trg_en_r_reg/C (clocked by clk_out5_top_block_clk_wiz_0_0) and top_block_i/appUnit/das_rx_0/inst/genblk1[0].bus_r_reg[0][198]/CE (clocked by clk_out1_top_block_clk_wiz_1_0). Large setup violations at the end of those stages might be difficult to fix during the post-placement implementation flow and could be the result of non-optimal XDC constraints or non-optimal design architecture
Related violations: <none>

TIMING-16#38 Warning
Large setup violation  
There is a large setup violation of -3.301 ns between top_block_i/fakernet/reg_switch_0/inst/trg_en_r_reg/C (clocked by clk_out5_top_block_clk_wiz_0_0) and top_block_i/appUnit/das_rx_0/inst/genblk1[0].bus_r_reg[0][206]/CE (clocked by clk_out1_top_block_clk_wiz_1_0). Large setup violations at the end of those stages might be difficult to fix during the post-placement implementation flow and could be the result of non-optimal XDC constraints or non-optimal design architecture
Related violations: <none>

TIMING-16#39 Warning
Large setup violation  
There is a large setup violation of -3.301 ns between top_block_i/fakernet/reg_switch_0/inst/trg_en_r_reg/C (clocked by clk_out5_top_block_clk_wiz_0_0) and top_block_i/appUnit/das_rx_0/inst/genblk1[0].bus_r_reg[0][216]/CE (clocked by clk_out1_top_block_clk_wiz_1_0). Large setup violations at the end of those stages might be difficult to fix during the post-placement implementation flow and could be the result of non-optimal XDC constraints or non-optimal design architecture
Related violations: <none>

TIMING-16#40 Warning
Large setup violation  
There is a large setup violation of -3.309 ns between top_block_i/fakernet/reg_switch_0/inst/trg_en_r_reg/C (clocked by clk_out5_top_block_clk_wiz_0_0) and top_block_i/appUnit/das_rx_0/inst/FSM_onehot_genblk1[2].state_reg[2][0]/S (clocked by clk_out1_top_block_clk_wiz_1_0). Large setup violations at the end of those stages might be difficult to fix during the post-placement implementation flow and could be the result of non-optimal XDC constraints or non-optimal design architecture
Related violations: <none>

TIMING-16#41 Warning
Large setup violation  
There is a large setup violation of -3.309 ns between top_block_i/fakernet/reg_switch_0/inst/trg_en_r_reg/C (clocked by clk_out5_top_block_clk_wiz_0_0) and top_block_i/appUnit/das_rx_0/inst/FSM_onehot_genblk1[2].state_reg[2][1]/R (clocked by clk_out1_top_block_clk_wiz_1_0). Large setup violations at the end of those stages might be difficult to fix during the post-placement implementation flow and could be the result of non-optimal XDC constraints or non-optimal design architecture
Related violations: <none>

TIMING-16#42 Warning
Large setup violation  
There is a large setup violation of -3.310 ns between top_block_i/fakernet/reg_switch_0/inst/trg_en_r_reg/C (clocked by clk_out5_top_block_clk_wiz_0_0) and top_block_i/appUnit/das_rx_0/inst/genblk1[0].bus_r_reg[0][74]/CE (clocked by clk_out1_top_block_clk_wiz_1_0). Large setup violations at the end of those stages might be difficult to fix during the post-placement implementation flow and could be the result of non-optimal XDC constraints or non-optimal design architecture
Related violations: <none>

TIMING-16#43 Warning
Large setup violation  
There is a large setup violation of -3.310 ns between top_block_i/fakernet/reg_switch_0/inst/trg_en_r_reg/C (clocked by clk_out5_top_block_clk_wiz_0_0) and top_block_i/appUnit/das_rx_0/inst/genblk1[0].bus_r_reg[0][84]/CE (clocked by clk_out1_top_block_clk_wiz_1_0). Large setup violations at the end of those stages might be difficult to fix during the post-placement implementation flow and could be the result of non-optimal XDC constraints or non-optimal design architecture
Related violations: <none>

TIMING-16#44 Warning
Large setup violation  
There is a large setup violation of -3.313 ns between top_block_i/fakernet/reg_switch_0/inst/trg_en_r_reg/C (clocked by clk_out5_top_block_clk_wiz_0_0) and top_block_i/appUnit/das_rx_0/inst/genblk1[0].wr_en_reg[0]/CE (clocked by clk_out1_top_block_clk_wiz_1_0). Large setup violations at the end of those stages might be difficult to fix during the post-placement implementation flow and could be the result of non-optimal XDC constraints or non-optimal design architecture
Related violations: <none>

TIMING-16#45 Warning
Large setup violation  
There is a large setup violation of -3.326 ns between top_block_i/fakernet/reg_switch_0/inst/trg_en_r_reg/C (clocked by clk_out5_top_block_clk_wiz_0_0) and top_block_i/appUnit/das_rx_0/inst/genblk1[0].bus_r_reg[0][17]/CE (clocked by clk_out1_top_block_clk_wiz_1_0). Large setup violations at the end of those stages might be difficult to fix during the post-placement implementation flow and could be the result of non-optimal XDC constraints or non-optimal design architecture
Related violations: <none>

TIMING-16#46 Warning
Large setup violation  
There is a large setup violation of -3.326 ns between top_block_i/fakernet/reg_switch_0/inst/trg_en_r_reg/C (clocked by clk_out5_top_block_clk_wiz_0_0) and top_block_i/appUnit/das_rx_0/inst/genblk1[0].bus_r_reg[0][27]/CE (clocked by clk_out1_top_block_clk_wiz_1_0). Large setup violations at the end of those stages might be difficult to fix during the post-placement implementation flow and could be the result of non-optimal XDC constraints or non-optimal design architecture
Related violations: <none>

TIMING-16#47 Warning
Large setup violation  
There is a large setup violation of -3.326 ns between top_block_i/fakernet/reg_switch_0/inst/trg_en_r_reg/C (clocked by clk_out5_top_block_clk_wiz_0_0) and top_block_i/appUnit/das_rx_0/inst/genblk1[0].bus_r_reg[0][37]/CE (clocked by clk_out1_top_block_clk_wiz_1_0). Large setup violations at the end of those stages might be difficult to fix during the post-placement implementation flow and could be the result of non-optimal XDC constraints or non-optimal design architecture
Related violations: <none>

TIMING-16#48 Warning
Large setup violation  
There is a large setup violation of -3.326 ns between top_block_i/fakernet/reg_switch_0/inst/trg_en_r_reg/C (clocked by clk_out5_top_block_clk_wiz_0_0) and top_block_i/appUnit/das_rx_0/inst/genblk1[0].bus_r_reg[0][47]/CE (clocked by clk_out1_top_block_clk_wiz_1_0). Large setup violations at the end of those stages might be difficult to fix during the post-placement implementation flow and could be the result of non-optimal XDC constraints or non-optimal design architecture
Related violations: <none>

TIMING-16#49 Warning
Large setup violation  
There is a large setup violation of -3.330 ns between top_block_i/fakernet/reg_switch_0/inst/trg_en_r_reg/C (clocked by clk_out5_top_block_clk_wiz_0_0) and top_block_i/appUnit/das_rx_0/inst/genblk1[0].clk_cnt_reg[0][4]/R (clocked by clk_out1_top_block_clk_wiz_1_0). Large setup violations at the end of those stages might be difficult to fix during the post-placement implementation flow and could be the result of non-optimal XDC constraints or non-optimal design architecture
Related violations: <none>

TIMING-16#50 Warning
Large setup violation  
There is a large setup violation of -3.331 ns between top_block_i/fakernet/reg_switch_0/inst/trg_en_r_reg/C (clocked by clk_out5_top_block_clk_wiz_0_0) and top_block_i/appUnit/das_rx_0/inst/genblk1[0].bus_r_reg[0][57]/CE (clocked by clk_out1_top_block_clk_wiz_1_0). Large setup violations at the end of those stages might be difficult to fix during the post-placement implementation flow and could be the result of non-optimal XDC constraints or non-optimal design architecture
Related violations: <none>

TIMING-16#51 Warning
Large setup violation  
There is a large setup violation of -3.331 ns between top_block_i/fakernet/reg_switch_0/inst/trg_en_r_reg/C (clocked by clk_out5_top_block_clk_wiz_0_0) and top_block_i/appUnit/das_rx_0/inst/genblk1[0].bus_r_reg[0][67]/CE (clocked by clk_out1_top_block_clk_wiz_1_0). Large setup violations at the end of those stages might be difficult to fix during the post-placement implementation flow and could be the result of non-optimal XDC constraints or non-optimal design architecture
Related violations: <none>

TIMING-16#52 Warning
Large setup violation  
There is a large setup violation of -3.331 ns between top_block_i/fakernet/reg_switch_0/inst/trg_en_r_reg/C (clocked by clk_out5_top_block_clk_wiz_0_0) and top_block_i/appUnit/das_rx_0/inst/genblk1[0].bus_r_reg[0][77]/CE (clocked by clk_out1_top_block_clk_wiz_1_0). Large setup violations at the end of those stages might be difficult to fix during the post-placement implementation flow and could be the result of non-optimal XDC constraints or non-optimal design architecture
Related violations: <none>

TIMING-16#53 Warning
Large setup violation  
There is a large setup violation of -3.331 ns between top_block_i/fakernet/reg_switch_0/inst/trg_en_r_reg/C (clocked by clk_out5_top_block_clk_wiz_0_0) and top_block_i/appUnit/das_rx_0/inst/genblk1[0].bus_r_reg[0][87]/CE (clocked by clk_out1_top_block_clk_wiz_1_0). Large setup violations at the end of those stages might be difficult to fix during the post-placement implementation flow and could be the result of non-optimal XDC constraints or non-optimal design architecture
Related violations: <none>

TIMING-16#54 Warning
Large setup violation  
There is a large setup violation of -3.333 ns between top_block_i/fakernet/reg_switch_0/inst/trg_en_r_reg/C (clocked by clk_out5_top_block_clk_wiz_0_0) and top_block_i/appUnit/das_rx_0/inst/genblk1[0].bus_r_reg[0][155]/CE (clocked by clk_out1_top_block_clk_wiz_1_0). Large setup violations at the end of those stages might be difficult to fix during the post-placement implementation flow and could be the result of non-optimal XDC constraints or non-optimal design architecture
Related violations: <none>

TIMING-16#55 Warning
Large setup violation  
There is a large setup violation of -3.333 ns between top_block_i/fakernet/reg_switch_0/inst/trg_en_r_reg/C (clocked by clk_out5_top_block_clk_wiz_0_0) and top_block_i/appUnit/das_rx_0/inst/genblk1[0].bus_r_reg[0][165]/CE (clocked by clk_out1_top_block_clk_wiz_1_0). Large setup violations at the end of those stages might be difficult to fix during the post-placement implementation flow and could be the result of non-optimal XDC constraints or non-optimal design architecture
Related violations: <none>

TIMING-16#56 Warning
Large setup violation  
There is a large setup violation of -3.333 ns between top_block_i/fakernet/reg_switch_0/inst/trg_en_r_reg/C (clocked by clk_out5_top_block_clk_wiz_0_0) and top_block_i/appUnit/das_rx_0/inst/genblk1[0].bus_r_reg[0][175]/CE (clocked by clk_out1_top_block_clk_wiz_1_0). Large setup violations at the end of those stages might be difficult to fix during the post-placement implementation flow and could be the result of non-optimal XDC constraints or non-optimal design architecture
Related violations: <none>

TIMING-16#57 Warning
Large setup violation  
There is a large setup violation of -3.333 ns between top_block_i/fakernet/reg_switch_0/inst/trg_en_r_reg/C (clocked by clk_out5_top_block_clk_wiz_0_0) and top_block_i/appUnit/das_rx_0/inst/genblk1[0].bus_r_reg[0][185]/CE (clocked by clk_out1_top_block_clk_wiz_1_0). Large setup violations at the end of those stages might be difficult to fix during the post-placement implementation flow and could be the result of non-optimal XDC constraints or non-optimal design architecture
Related violations: <none>

TIMING-16#58 Warning
Large setup violation  
There is a large setup violation of -3.334 ns between top_block_i/fakernet/reg_switch_0/inst/trg_en_r_reg/C (clocked by clk_out5_top_block_clk_wiz_0_0) and top_block_i/appUnit/das_rx_0/inst/genblk1[0].clk_cnt_reg[0][0]/R (clocked by clk_out1_top_block_clk_wiz_1_0). Large setup violations at the end of those stages might be difficult to fix during the post-placement implementation flow and could be the result of non-optimal XDC constraints or non-optimal design architecture
Related violations: <none>

TIMING-16#59 Warning
Large setup violation  
There is a large setup violation of -3.334 ns between top_block_i/fakernet/reg_switch_0/inst/trg_en_r_reg/C (clocked by clk_out5_top_block_clk_wiz_0_0) and top_block_i/appUnit/das_rx_0/inst/genblk1[0].clk_cnt_reg[0][1]/R (clocked by clk_out1_top_block_clk_wiz_1_0). Large setup violations at the end of those stages might be difficult to fix during the post-placement implementation flow and could be the result of non-optimal XDC constraints or non-optimal design architecture
Related violations: <none>

TIMING-16#60 Warning
Large setup violation  
There is a large setup violation of -3.334 ns between top_block_i/fakernet/reg_switch_0/inst/trg_en_r_reg/C (clocked by clk_out5_top_block_clk_wiz_0_0) and top_block_i/appUnit/das_rx_0/inst/genblk1[0].clk_cnt_reg[0][2]/R (clocked by clk_out1_top_block_clk_wiz_1_0). Large setup violations at the end of those stages might be difficult to fix during the post-placement implementation flow and could be the result of non-optimal XDC constraints or non-optimal design architecture
Related violations: <none>

TIMING-16#61 Warning
Large setup violation  
There is a large setup violation of -3.334 ns between top_block_i/fakernet/reg_switch_0/inst/trg_en_r_reg/C (clocked by clk_out5_top_block_clk_wiz_0_0) and top_block_i/appUnit/das_rx_0/inst/genblk1[0].clk_cnt_reg[0][3]/R (clocked by clk_out1_top_block_clk_wiz_1_0). Large setup violations at the end of those stages might be difficult to fix during the post-placement implementation flow and could be the result of non-optimal XDC constraints or non-optimal design architecture
Related violations: <none>

TIMING-16#62 Warning
Large setup violation  
There is a large setup violation of -3.335 ns between top_block_i/fakernet/reg_switch_0/inst/trg_en_r_reg/C (clocked by clk_out5_top_block_clk_wiz_0_0) and top_block_i/appUnit/das_rx_0/inst/genblk1[0].bus_r_reg[0][181]/CE (clocked by clk_out1_top_block_clk_wiz_1_0). Large setup violations at the end of those stages might be difficult to fix during the post-placement implementation flow and could be the result of non-optimal XDC constraints or non-optimal design architecture
Related violations: <none>

TIMING-16#63 Warning
Large setup violation  
There is a large setup violation of -3.335 ns between top_block_i/fakernet/reg_switch_0/inst/trg_en_r_reg/C (clocked by clk_out5_top_block_clk_wiz_0_0) and top_block_i/appUnit/das_rx_0/inst/genblk1[0].bus_r_reg[0][191]/CE (clocked by clk_out1_top_block_clk_wiz_1_0). Large setup violations at the end of those stages might be difficult to fix during the post-placement implementation flow and could be the result of non-optimal XDC constraints or non-optimal design architecture
Related violations: <none>

TIMING-16#64 Warning
Large setup violation  
There is a large setup violation of -3.335 ns between top_block_i/fakernet/reg_switch_0/inst/trg_en_r_reg/C (clocked by clk_out5_top_block_clk_wiz_0_0) and top_block_i/appUnit/das_rx_0/inst/genblk1[0].bus_r_reg[0][201]/CE (clocked by clk_out1_top_block_clk_wiz_1_0). Large setup violations at the end of those stages might be difficult to fix during the post-placement implementation flow and could be the result of non-optimal XDC constraints or non-optimal design architecture
Related violations: <none>

TIMING-16#65 Warning
Large setup violation  
There is a large setup violation of -3.343 ns between top_block_i/fakernet/reg_switch_0/inst/trg_en_r_reg/C (clocked by clk_out5_top_block_clk_wiz_0_0) and top_block_i/appUnit/das_rx_0/inst/genblk1[0].bus_r_reg[0][192]/CE (clocked by clk_out1_top_block_clk_wiz_1_0). Large setup violations at the end of those stages might be difficult to fix during the post-placement implementation flow and could be the result of non-optimal XDC constraints or non-optimal design architecture
Related violations: <none>

TIMING-16#66 Warning
Large setup violation  
There is a large setup violation of -3.343 ns between top_block_i/fakernet/reg_switch_0/inst/trg_en_r_reg/C (clocked by clk_out5_top_block_clk_wiz_0_0) and top_block_i/appUnit/das_rx_0/inst/genblk1[0].bus_r_reg[0][202]/CE (clocked by clk_out1_top_block_clk_wiz_1_0). Large setup violations at the end of those stages might be difficult to fix during the post-placement implementation flow and could be the result of non-optimal XDC constraints or non-optimal design architecture
Related violations: <none>

TIMING-16#67 Warning
Large setup violation  
There is a large setup violation of -3.348 ns between top_block_i/fakernet/reg_switch_0/inst/trg_en_r_reg/C (clocked by clk_out5_top_block_clk_wiz_0_0) and top_block_i/appUnit/das_rx_0/inst/genblk1[0].bus_r_reg[0][208]/CE (clocked by clk_out1_top_block_clk_wiz_1_0). Large setup violations at the end of those stages might be difficult to fix during the post-placement implementation flow and could be the result of non-optimal XDC constraints or non-optimal design architecture
Related violations: <none>

TIMING-16#68 Warning
Large setup violation  
There is a large setup violation of -3.348 ns between top_block_i/fakernet/reg_switch_0/inst/trg_en_r_reg/C (clocked by clk_out5_top_block_clk_wiz_0_0) and top_block_i/appUnit/das_rx_0/inst/genblk1[0].bus_r_reg[0][218]/CE (clocked by clk_out1_top_block_clk_wiz_1_0). Large setup violations at the end of those stages might be difficult to fix during the post-placement implementation flow and could be the result of non-optimal XDC constraints or non-optimal design architecture
Related violations: <none>

TIMING-16#69 Warning
Large setup violation  
There is a large setup violation of -3.349 ns between top_block_i/fakernet/reg_switch_0/inst/trg_en_r_reg/C (clocked by clk_out5_top_block_clk_wiz_0_0) and top_block_i/appUnit/das_rx_0/inst/genblk1[0].bus_r_reg[0][194]/CE (clocked by clk_out1_top_block_clk_wiz_1_0). Large setup violations at the end of those stages might be difficult to fix during the post-placement implementation flow and could be the result of non-optimal XDC constraints or non-optimal design architecture
Related violations: <none>

TIMING-16#70 Warning
Large setup violation  
There is a large setup violation of -3.349 ns between top_block_i/fakernet/reg_switch_0/inst/trg_en_r_reg/C (clocked by clk_out5_top_block_clk_wiz_0_0) and top_block_i/appUnit/das_rx_0/inst/genblk1[0].bus_r_reg[0][204]/CE (clocked by clk_out1_top_block_clk_wiz_1_0). Large setup violations at the end of those stages might be difficult to fix during the post-placement implementation flow and could be the result of non-optimal XDC constraints or non-optimal design architecture
Related violations: <none>

TIMING-16#71 Warning
Large setup violation  
There is a large setup violation of -3.349 ns between top_block_i/fakernet/reg_switch_0/inst/trg_en_r_reg/C (clocked by clk_out5_top_block_clk_wiz_0_0) and top_block_i/appUnit/das_rx_0/inst/genblk1[0].bus_r_reg[0][214]/CE (clocked by clk_out1_top_block_clk_wiz_1_0). Large setup violations at the end of those stages might be difficult to fix during the post-placement implementation flow and could be the result of non-optimal XDC constraints or non-optimal design architecture
Related violations: <none>

TIMING-16#72 Warning
Large setup violation  
There is a large setup violation of -3.349 ns between top_block_i/fakernet/reg_switch_0/inst/trg_en_r_reg/C (clocked by clk_out5_top_block_clk_wiz_0_0) and top_block_i/appUnit/das_rx_0/inst/genblk1[0].bus_r_reg[0][224]/CE (clocked by clk_out1_top_block_clk_wiz_1_0). Large setup violations at the end of those stages might be difficult to fix during the post-placement implementation flow and could be the result of non-optimal XDC constraints or non-optimal design architecture
Related violations: <none>

TIMING-16#73 Warning
Large setup violation  
There is a large setup violation of -3.349 ns between top_block_i/fakernet/reg_switch_0/inst/trg_en_r_reg/C (clocked by clk_out5_top_block_clk_wiz_0_0) and top_block_i/appUnit/das_rx_0/inst/genblk1[0].bus_r_reg[0][225]/CE (clocked by clk_out1_top_block_clk_wiz_1_0). Large setup violations at the end of those stages might be difficult to fix during the post-placement implementation flow and could be the result of non-optimal XDC constraints or non-optimal design architecture
Related violations: <none>

TIMING-16#74 Warning
Large setup violation  
There is a large setup violation of -3.349 ns between top_block_i/fakernet/reg_switch_0/inst/trg_en_r_reg/C (clocked by clk_out5_top_block_clk_wiz_0_0) and top_block_i/appUnit/das_rx_0/inst/genblk1[0].bus_r_reg[0][235]/CE (clocked by clk_out1_top_block_clk_wiz_1_0). Large setup violations at the end of those stages might be difficult to fix during the post-placement implementation flow and could be the result of non-optimal XDC constraints or non-optimal design architecture
Related violations: <none>

TIMING-16#75 Warning
Large setup violation  
There is a large setup violation of -3.349 ns between top_block_i/fakernet/reg_switch_0/inst/trg_en_r_reg/C (clocked by clk_out5_top_block_clk_wiz_0_0) and top_block_i/appUnit/das_rx_0/inst/genblk1[0].bus_r_reg[0][245]/CE (clocked by clk_out1_top_block_clk_wiz_1_0). Large setup violations at the end of those stages might be difficult to fix during the post-placement implementation flow and could be the result of non-optimal XDC constraints or non-optimal design architecture
Related violations: <none>

TIMING-16#76 Warning
Large setup violation  
There is a large setup violation of -3.351 ns between top_block_i/fakernet/reg_switch_0/inst/trg_en_r_reg/C (clocked by clk_out5_top_block_clk_wiz_0_0) and top_block_i/appUnit/das_rx_0/inst/genblk1[0].bus_r_reg[0][190]/CE (clocked by clk_out1_top_block_clk_wiz_1_0). Large setup violations at the end of those stages might be difficult to fix during the post-placement implementation flow and could be the result of non-optimal XDC constraints or non-optimal design architecture
Related violations: <none>

TIMING-16#77 Warning
Large setup violation  
There is a large setup violation of -3.351 ns between top_block_i/fakernet/reg_switch_0/inst/trg_en_r_reg/C (clocked by clk_out5_top_block_clk_wiz_0_0) and top_block_i/appUnit/das_rx_0/inst/genblk1[0].bus_r_reg[0][200]/CE (clocked by clk_out1_top_block_clk_wiz_1_0). Large setup violations at the end of those stages might be difficult to fix during the post-placement implementation flow and could be the result of non-optimal XDC constraints or non-optimal design architecture
Related violations: <none>

TIMING-16#78 Warning
Large setup violation  
There is a large setup violation of -3.351 ns between top_block_i/fakernet/reg_switch_0/inst/trg_en_r_reg/C (clocked by clk_out5_top_block_clk_wiz_0_0) and top_block_i/appUnit/das_rx_0/inst/genblk1[0].bus_r_reg[0][210]/CE (clocked by clk_out1_top_block_clk_wiz_1_0). Large setup violations at the end of those stages might be difficult to fix during the post-placement implementation flow and could be the result of non-optimal XDC constraints or non-optimal design architecture
Related violations: <none>

TIMING-16#79 Warning
Large setup violation  
There is a large setup violation of -3.351 ns between top_block_i/fakernet/reg_switch_0/inst/trg_en_r_reg/C (clocked by clk_out5_top_block_clk_wiz_0_0) and top_block_i/appUnit/das_rx_0/inst/genblk1[0].bus_r_reg[0][220]/CE (clocked by clk_out1_top_block_clk_wiz_1_0). Large setup violations at the end of those stages might be difficult to fix during the post-placement implementation flow and could be the result of non-optimal XDC constraints or non-optimal design architecture
Related violations: <none>

TIMING-16#80 Warning
Large setup violation  
There is a large setup violation of -3.360 ns between top_block_i/fakernet/reg_switch_0/inst/trg_en_r_reg/C (clocked by clk_out5_top_block_clk_wiz_0_0) and top_block_i/appUnit/das_rx_0/inst/genblk1[0].bus_r_reg[0][236]/CE (clocked by clk_out1_top_block_clk_wiz_1_0). Large setup violations at the end of those stages might be difficult to fix during the post-placement implementation flow and could be the result of non-optimal XDC constraints or non-optimal design architecture
Related violations: <none>

TIMING-16#81 Warning
Large setup violation  
There is a large setup violation of -3.360 ns between top_block_i/fakernet/reg_switch_0/inst/trg_en_r_reg/C (clocked by clk_out5_top_block_clk_wiz_0_0) and top_block_i/appUnit/das_rx_0/inst/genblk1[0].bus_r_reg[0][244]/CE (clocked by clk_out1_top_block_clk_wiz_1_0). Large setup violations at the end of those stages might be difficult to fix during the post-placement implementation flow and could be the result of non-optimal XDC constraints or non-optimal design architecture
Related violations: <none>

TIMING-16#82 Warning
Large setup violation  
There is a large setup violation of -3.360 ns between top_block_i/fakernet/reg_switch_0/inst/trg_en_r_reg/C (clocked by clk_out5_top_block_clk_wiz_0_0) and top_block_i/appUnit/das_rx_0/inst/genblk1[0].bus_r_reg[0][250]/CE (clocked by clk_out1_top_block_clk_wiz_1_0). Large setup violations at the end of those stages might be difficult to fix during the post-placement implementation flow and could be the result of non-optimal XDC constraints or non-optimal design architecture
Related violations: <none>

TIMING-16#83 Warning
Large setup violation  
There is a large setup violation of -3.360 ns between top_block_i/fakernet/reg_switch_0/inst/trg_en_r_reg/C (clocked by clk_out5_top_block_clk_wiz_0_0) and top_block_i/appUnit/das_rx_0/inst/genblk1[0].bus_r_reg[0][260]/CE (clocked by clk_out1_top_block_clk_wiz_1_0). Large setup violations at the end of those stages might be difficult to fix during the post-placement implementation flow and could be the result of non-optimal XDC constraints or non-optimal design architecture
Related violations: <none>

TIMING-16#84 Warning
Large setup violation  
There is a large setup violation of -3.360 ns between top_block_i/fakernet/reg_switch_0/inst/trg_en_r_reg/C (clocked by clk_out5_top_block_clk_wiz_0_0) and top_block_i/appUnit/das_rx_0/inst/genblk1[0].bus_r_reg[0][270]/CE (clocked by clk_out1_top_block_clk_wiz_1_0). Large setup violations at the end of those stages might be difficult to fix during the post-placement implementation flow and could be the result of non-optimal XDC constraints or non-optimal design architecture
Related violations: <none>

TIMING-16#85 Warning
Large setup violation  
There is a large setup violation of -3.369 ns between top_block_i/fakernet/reg_switch_0/inst/trg_en_r_reg/C (clocked by clk_out5_top_block_clk_wiz_0_0) and top_block_i/appUnit/das_rx_0/inst/genblk1[0].bus_r_reg[0][211]/CE (clocked by clk_out1_top_block_clk_wiz_1_0). Large setup violations at the end of those stages might be difficult to fix during the post-placement implementation flow and could be the result of non-optimal XDC constraints or non-optimal design architecture
Related violations: <none>

TIMING-16#86 Warning
Large setup violation  
There is a large setup violation of -3.369 ns between top_block_i/fakernet/reg_switch_0/inst/trg_en_r_reg/C (clocked by clk_out5_top_block_clk_wiz_0_0) and top_block_i/appUnit/das_rx_0/inst/genblk1[0].bus_r_reg[0][221]/CE (clocked by clk_out1_top_block_clk_wiz_1_0). Large setup violations at the end of those stages might be difficult to fix during the post-placement implementation flow and could be the result of non-optimal XDC constraints or non-optimal design architecture
Related violations: <none>

TIMING-16#87 Warning
Large setup violation  
There is a large setup violation of -3.370 ns between top_block_i/fakernet/reg_switch_0/inst/trg_en_r_reg/C (clocked by clk_out5_top_block_clk_wiz_0_0) and top_block_i/appUnit/das_rx_0/inst/genblk1[0].bus_r_reg[0][65]/CE (clocked by clk_out1_top_block_clk_wiz_1_0). Large setup violations at the end of those stages might be difficult to fix during the post-placement implementation flow and could be the result of non-optimal XDC constraints or non-optimal design architecture
Related violations: <none>

TIMING-16#88 Warning
Large setup violation  
There is a large setup violation of -3.370 ns between top_block_i/fakernet/reg_switch_0/inst/trg_en_r_reg/C (clocked by clk_out5_top_block_clk_wiz_0_0) and top_block_i/appUnit/das_rx_0/inst/genblk1[0].bus_r_reg[0][75]/CE (clocked by clk_out1_top_block_clk_wiz_1_0). Large setup violations at the end of those stages might be difficult to fix during the post-placement implementation flow and could be the result of non-optimal XDC constraints or non-optimal design architecture
Related violations: <none>

TIMING-16#89 Warning
Large setup violation  
There is a large setup violation of -3.370 ns between top_block_i/fakernet/reg_switch_0/inst/trg_en_r_reg/C (clocked by clk_out5_top_block_clk_wiz_0_0) and top_block_i/appUnit/das_rx_0/inst/genblk1[0].bus_r_reg[0][85]/CE (clocked by clk_out1_top_block_clk_wiz_1_0). Large setup violations at the end of those stages might be difficult to fix during the post-placement implementation flow and could be the result of non-optimal XDC constraints or non-optimal design architecture
Related violations: <none>

TIMING-16#90 Warning
Large setup violation  
There is a large setup violation of -3.374 ns between top_block_i/fakernet/reg_switch_0/inst/trg_en_r_reg/C (clocked by clk_out5_top_block_clk_wiz_0_0) and top_block_i/appUnit/das_rx_0/inst/genblk1[0].bus_r_reg[0][105]/CE (clocked by clk_out1_top_block_clk_wiz_1_0). Large setup violations at the end of those stages might be difficult to fix during the post-placement implementation flow and could be the result of non-optimal XDC constraints or non-optimal design architecture
Related violations: <none>

TIMING-16#91 Warning
Large setup violation  
There is a large setup violation of -3.374 ns between top_block_i/fakernet/reg_switch_0/inst/trg_en_r_reg/C (clocked by clk_out5_top_block_clk_wiz_0_0) and top_block_i/appUnit/das_rx_0/inst/genblk1[0].bus_r_reg[0][115]/CE (clocked by clk_out1_top_block_clk_wiz_1_0). Large setup violations at the end of those stages might be difficult to fix during the post-placement implementation flow and could be the result of non-optimal XDC constraints or non-optimal design architecture
Related violations: <none>

TIMING-16#92 Warning
Large setup violation  
There is a large setup violation of -3.374 ns between top_block_i/fakernet/reg_switch_0/inst/trg_en_r_reg/C (clocked by clk_out5_top_block_clk_wiz_0_0) and top_block_i/appUnit/das_rx_0/inst/genblk1[0].bus_r_reg[0][95]/CE (clocked by clk_out1_top_block_clk_wiz_1_0). Large setup violations at the end of those stages might be difficult to fix during the post-placement implementation flow and could be the result of non-optimal XDC constraints or non-optimal design architecture
Related violations: <none>

TIMING-16#93 Warning
Large setup violation  
There is a large setup violation of -3.377 ns between top_block_i/fakernet/reg_switch_0/inst/trg_en_r_reg/C (clocked by clk_out5_top_block_clk_wiz_0_0) and top_block_i/appUnit/das_rx_0/inst/genblk1[0].bus_r_reg[0][107]/CE (clocked by clk_out1_top_block_clk_wiz_1_0). Large setup violations at the end of those stages might be difficult to fix during the post-placement implementation flow and could be the result of non-optimal XDC constraints or non-optimal design architecture
Related violations: <none>

TIMING-16#94 Warning
Large setup violation  
There is a large setup violation of -3.377 ns between top_block_i/fakernet/reg_switch_0/inst/trg_en_r_reg/C (clocked by clk_out5_top_block_clk_wiz_0_0) and top_block_i/appUnit/das_rx_0/inst/genblk1[0].bus_r_reg[0][97]/CE (clocked by clk_out1_top_block_clk_wiz_1_0). Large setup violations at the end of those stages might be difficult to fix during the post-placement implementation flow and could be the result of non-optimal XDC constraints or non-optimal design architecture
Related violations: <none>

TIMING-16#95 Warning
Large setup violation  
There is a large setup violation of -3.384 ns between top_block_i/fakernet/reg_switch_0/inst/trg_en_r_reg/C (clocked by clk_out5_top_block_clk_wiz_0_0) and top_block_i/appUnit/das_rx_0/inst/genblk1[0].bus_r_reg[0][7]/CE (clocked by clk_out1_top_block_clk_wiz_1_0). Large setup violations at the end of those stages might be difficult to fix during the post-placement implementation flow and could be the result of non-optimal XDC constraints or non-optimal design architecture
Related violations: <none>

TIMING-16#96 Warning
Large setup violation  
There is a large setup violation of -3.391 ns between top_block_i/fakernet/reg_switch_0/inst/trg_en_r_reg/C (clocked by clk_out5_top_block_clk_wiz_0_0) and top_block_i/appUnit/das_rx_0/inst/genblk1[0].bus_r_reg[0][212]/CE (clocked by clk_out1_top_block_clk_wiz_1_0). Large setup violations at the end of those stages might be difficult to fix during the post-placement implementation flow and could be the result of non-optimal XDC constraints or non-optimal design architecture
Related violations: <none>

TIMING-16#97 Warning
Large setup violation  
There is a large setup violation of -3.391 ns between top_block_i/fakernet/reg_switch_0/inst/trg_en_r_reg/C (clocked by clk_out5_top_block_clk_wiz_0_0) and top_block_i/appUnit/das_rx_0/inst/genblk1[0].bus_r_reg[0][222]/CE (clocked by clk_out1_top_block_clk_wiz_1_0). Large setup violations at the end of those stages might be difficult to fix during the post-placement implementation flow and could be the result of non-optimal XDC constraints or non-optimal design architecture
Related violations: <none>

TIMING-16#98 Warning
Large setup violation  
There is a large setup violation of -3.391 ns between top_block_i/fakernet/reg_switch_0/inst/trg_en_r_reg/C (clocked by clk_out5_top_block_clk_wiz_0_0) and top_block_i/appUnit/das_rx_0/inst/genblk1[0].bus_r_reg[0][232]/CE (clocked by clk_out1_top_block_clk_wiz_1_0). Large setup violations at the end of those stages might be difficult to fix during the post-placement implementation flow and could be the result of non-optimal XDC constraints or non-optimal design architecture
Related violations: <none>

TIMING-16#99 Warning
Large setup violation  
There is a large setup violation of -3.391 ns between top_block_i/fakernet/reg_switch_0/inst/trg_en_r_reg/C (clocked by clk_out5_top_block_clk_wiz_0_0) and top_block_i/appUnit/das_rx_0/inst/genblk1[0].bus_r_reg[0][242]/CE (clocked by clk_out1_top_block_clk_wiz_1_0). Large setup violations at the end of those stages might be difficult to fix during the post-placement implementation flow and could be the result of non-optimal XDC constraints or non-optimal design architecture
Related violations: <none>

TIMING-16#100 Warning
Large setup violation  
There is a large setup violation of -3.395 ns between top_block_i/fakernet/reg_switch_0/inst/trg_en_r_reg/C (clocked by clk_out5_top_block_clk_wiz_0_0) and top_block_i/appUnit/das_rx_0/inst/genblk1[0].bus_r_reg[0][195]/CE (clocked by clk_out1_top_block_clk_wiz_1_0). Large setup violations at the end of those stages might be difficult to fix during the post-placement implementation flow and could be the result of non-optimal XDC constraints or non-optimal design architecture
Related violations: <none>

TIMING-16#101 Warning
Large setup violation  
There is a large setup violation of -3.395 ns between top_block_i/fakernet/reg_switch_0/inst/trg_en_r_reg/C (clocked by clk_out5_top_block_clk_wiz_0_0) and top_block_i/appUnit/das_rx_0/inst/genblk1[0].bus_r_reg[0][205]/CE (clocked by clk_out1_top_block_clk_wiz_1_0). Large setup violations at the end of those stages might be difficult to fix during the post-placement implementation flow and could be the result of non-optimal XDC constraints or non-optimal design architecture
Related violations: <none>

TIMING-16#102 Warning
Large setup violation  
There is a large setup violation of -3.395 ns between top_block_i/fakernet/reg_switch_0/inst/trg_en_r_reg/C (clocked by clk_out5_top_block_clk_wiz_0_0) and top_block_i/appUnit/das_rx_0/inst/genblk1[0].bus_r_reg[0][215]/CE (clocked by clk_out1_top_block_clk_wiz_1_0). Large setup violations at the end of those stages might be difficult to fix during the post-placement implementation flow and could be the result of non-optimal XDC constraints or non-optimal design architecture
Related violations: <none>

TIMING-16#103 Warning
Large setup violation  
There is a large setup violation of -3.397 ns between top_block_i/fakernet/reg_switch_0/inst/trg_en_r_reg/C (clocked by clk_out5_top_block_clk_wiz_0_0) and top_block_i/appUnit/das_rx_0/inst/FSM_onehot_genblk1[2].state_reg[2][2]/R (clocked by clk_out1_top_block_clk_wiz_1_0). Large setup violations at the end of those stages might be difficult to fix during the post-placement implementation flow and could be the result of non-optimal XDC constraints or non-optimal design architecture
Related violations: <none>

TIMING-16#104 Warning
Large setup violation  
There is a large setup violation of -3.402 ns between top_block_i/fakernet/reg_switch_0/inst/trg_en_r_reg/C (clocked by clk_out5_top_block_clk_wiz_0_0) and top_block_i/appUnit/das_rx_0/inst/genblk1[0].bus_r_reg[0][159]/CE (clocked by clk_out1_top_block_clk_wiz_1_0). Large setup violations at the end of those stages might be difficult to fix during the post-placement implementation flow and could be the result of non-optimal XDC constraints or non-optimal design architecture
Related violations: <none>

TIMING-16#105 Warning
Large setup violation  
There is a large setup violation of -3.402 ns between top_block_i/fakernet/reg_switch_0/inst/trg_en_r_reg/C (clocked by clk_out5_top_block_clk_wiz_0_0) and top_block_i/appUnit/das_rx_0/inst/genblk1[0].bus_r_reg[0][169]/CE (clocked by clk_out1_top_block_clk_wiz_1_0). Large setup violations at the end of those stages might be difficult to fix during the post-placement implementation flow and could be the result of non-optimal XDC constraints or non-optimal design architecture
Related violations: <none>

TIMING-16#106 Warning
Large setup violation  
There is a large setup violation of -3.402 ns between top_block_i/fakernet/reg_switch_0/inst/trg_en_r_reg/C (clocked by clk_out5_top_block_clk_wiz_0_0) and top_block_i/appUnit/das_rx_0/inst/genblk1[0].bus_r_reg[0][209]/CE (clocked by clk_out1_top_block_clk_wiz_1_0). Large setup violations at the end of those stages might be difficult to fix during the post-placement implementation flow and could be the result of non-optimal XDC constraints or non-optimal design architecture
Related violations: <none>

TIMING-16#107 Warning
Large setup violation  
There is a large setup violation of -3.402 ns between top_block_i/fakernet/reg_switch_0/inst/trg_en_r_reg/C (clocked by clk_out5_top_block_clk_wiz_0_0) and top_block_i/appUnit/das_rx_0/inst/genblk1[0].bus_r_reg[0][219]/CE (clocked by clk_out1_top_block_clk_wiz_1_0). Large setup violations at the end of those stages might be difficult to fix during the post-placement implementation flow and could be the result of non-optimal XDC constraints or non-optimal design architecture
Related violations: <none>

TIMING-16#108 Warning
Large setup violation  
There is a large setup violation of -3.403 ns between top_block_i/fakernet/reg_switch_0/inst/trg_en_r_reg/C (clocked by clk_out5_top_block_clk_wiz_0_0) and top_block_i/appUnit/das_rx_0/inst/genblk1[0].bus_r_reg[0][217]/CE (clocked by clk_out1_top_block_clk_wiz_1_0). Large setup violations at the end of those stages might be difficult to fix during the post-placement implementation flow and could be the result of non-optimal XDC constraints or non-optimal design architecture
Related violations: <none>

TIMING-16#109 Warning
Large setup violation  
There is a large setup violation of -3.403 ns between top_block_i/fakernet/reg_switch_0/inst/trg_en_r_reg/C (clocked by clk_out5_top_block_clk_wiz_0_0) and top_block_i/appUnit/das_rx_0/inst/genblk1[0].bus_r_reg[0][227]/CE (clocked by clk_out1_top_block_clk_wiz_1_0). Large setup violations at the end of those stages might be difficult to fix during the post-placement implementation flow and could be the result of non-optimal XDC constraints or non-optimal design architecture
Related violations: <none>

TIMING-16#110 Warning
Large setup violation  
There is a large setup violation of -3.403 ns between top_block_i/fakernet/reg_switch_0/inst/trg_en_r_reg/C (clocked by clk_out5_top_block_clk_wiz_0_0) and top_block_i/appUnit/das_rx_0/inst/genblk1[0].bus_r_reg[0][237]/CE (clocked by clk_out1_top_block_clk_wiz_1_0). Large setup violations at the end of those stages might be difficult to fix during the post-placement implementation flow and could be the result of non-optimal XDC constraints or non-optimal design architecture
Related violations: <none>

TIMING-16#111 Warning
Large setup violation  
There is a large setup violation of -3.404 ns between top_block_i/fakernet/reg_switch_0/inst/trg_en_r_reg/C (clocked by clk_out5_top_block_clk_wiz_0_0) and top_block_i/appUnit/das_rx_0/inst/genblk1[0].bus_r_reg[0][15]/CE (clocked by clk_out1_top_block_clk_wiz_1_0). Large setup violations at the end of those stages might be difficult to fix during the post-placement implementation flow and could be the result of non-optimal XDC constraints or non-optimal design architecture
Related violations: <none>

TIMING-16#112 Warning
Large setup violation  
There is a large setup violation of -3.404 ns between top_block_i/fakernet/reg_switch_0/inst/trg_en_r_reg/C (clocked by clk_out5_top_block_clk_wiz_0_0) and top_block_i/appUnit/das_rx_0/inst/genblk1[0].bus_r_reg[0][25]/CE (clocked by clk_out1_top_block_clk_wiz_1_0). Large setup violations at the end of those stages might be difficult to fix during the post-placement implementation flow and could be the result of non-optimal XDC constraints or non-optimal design architecture
Related violations: <none>

TIMING-16#113 Warning
Large setup violation  
There is a large setup violation of -3.404 ns between top_block_i/fakernet/reg_switch_0/inst/trg_en_r_reg/C (clocked by clk_out5_top_block_clk_wiz_0_0) and top_block_i/appUnit/das_rx_0/inst/genblk1[0].bus_r_reg[0][35]/CE (clocked by clk_out1_top_block_clk_wiz_1_0). Large setup violations at the end of those stages might be difficult to fix during the post-placement implementation flow and could be the result of non-optimal XDC constraints or non-optimal design architecture
Related violations: <none>

TIMING-16#114 Warning
Large setup violation  
There is a large setup violation of -3.404 ns between top_block_i/fakernet/reg_switch_0/inst/trg_en_r_reg/C (clocked by clk_out5_top_block_clk_wiz_0_0) and top_block_i/appUnit/das_rx_0/inst/genblk1[0].bus_r_reg[0][45]/CE (clocked by clk_out1_top_block_clk_wiz_1_0). Large setup violations at the end of those stages might be difficult to fix during the post-placement implementation flow and could be the result of non-optimal XDC constraints or non-optimal design architecture
Related violations: <none>

TIMING-16#115 Warning
Large setup violation  
There is a large setup violation of -3.405 ns between top_block_i/fakernet/reg_switch_0/inst/trg_en_r_reg/C (clocked by clk_out5_top_block_clk_wiz_0_0) and top_block_i/appUnit/das_rx_0/inst/genblk1[0].bus_r_reg[0][55]/CE (clocked by clk_out1_top_block_clk_wiz_1_0). Large setup violations at the end of those stages might be difficult to fix during the post-placement implementation flow and could be the result of non-optimal XDC constraints or non-optimal design architecture
Related violations: <none>

TIMING-16#116 Warning
Large setup violation  
There is a large setup violation of -3.411 ns between top_block_i/fakernet/reg_switch_0/inst/trg_en_r_reg/C (clocked by clk_out5_top_block_clk_wiz_0_0) and top_block_i/appUnit/das_rx_0/inst/genblk1[0].bus_r_reg[0][229]/CE (clocked by clk_out1_top_block_clk_wiz_1_0). Large setup violations at the end of those stages might be difficult to fix during the post-placement implementation flow and could be the result of non-optimal XDC constraints or non-optimal design architecture
Related violations: <none>

TIMING-16#117 Warning
Large setup violation  
There is a large setup violation of -3.411 ns between top_block_i/fakernet/reg_switch_0/inst/trg_en_r_reg/C (clocked by clk_out5_top_block_clk_wiz_0_0) and top_block_i/appUnit/das_rx_0/inst/genblk1[0].bus_r_reg[0][234]/CE (clocked by clk_out1_top_block_clk_wiz_1_0). Large setup violations at the end of those stages might be difficult to fix during the post-placement implementation flow and could be the result of non-optimal XDC constraints or non-optimal design architecture
Related violations: <none>

TIMING-16#118 Warning
Large setup violation  
There is a large setup violation of -3.411 ns between top_block_i/fakernet/reg_switch_0/inst/trg_en_r_reg/C (clocked by clk_out5_top_block_clk_wiz_0_0) and top_block_i/appUnit/das_rx_0/inst/genblk1[0].bus_r_reg[0][239]/CE (clocked by clk_out1_top_block_clk_wiz_1_0). Large setup violations at the end of those stages might be difficult to fix during the post-placement implementation flow and could be the result of non-optimal XDC constraints or non-optimal design architecture
Related violations: <none>

TIMING-16#119 Warning
Large setup violation  
There is a large setup violation of -3.411 ns between top_block_i/fakernet/reg_switch_0/inst/trg_en_r_reg/C (clocked by clk_out5_top_block_clk_wiz_0_0) and top_block_i/appUnit/das_rx_0/inst/genblk1[0].bus_r_reg[0][249]/CE (clocked by clk_out1_top_block_clk_wiz_1_0). Large setup violations at the end of those stages might be difficult to fix during the post-placement implementation flow and could be the result of non-optimal XDC constraints or non-optimal design architecture
Related violations: <none>

TIMING-16#120 Warning
Large setup violation  
There is a large setup violation of -3.411 ns between top_block_i/fakernet/reg_switch_0/inst/trg_en_r_reg/C (clocked by clk_out5_top_block_clk_wiz_0_0) and top_block_i/appUnit/das_rx_0/inst/genblk1[0].bus_r_reg[0][3]/CE (clocked by clk_out1_top_block_clk_wiz_1_0). Large setup violations at the end of those stages might be difficult to fix during the post-placement implementation flow and could be the result of non-optimal XDC constraints or non-optimal design architecture
Related violations: <none>

TIMING-16#121 Warning
Large setup violation  
There is a large setup violation of -3.414 ns between top_block_i/fakernet/reg_switch_0/inst/trg_en_r_reg/C (clocked by clk_out5_top_block_clk_wiz_0_0) and top_block_i/appUnit/das_rx_0/inst/genblk1[0].bus_r_reg[0][231]/CE (clocked by clk_out1_top_block_clk_wiz_1_0). Large setup violations at the end of those stages might be difficult to fix during the post-placement implementation flow and could be the result of non-optimal XDC constraints or non-optimal design architecture
Related violations: <none>

TIMING-16#122 Warning
Large setup violation  
There is a large setup violation of -3.414 ns between top_block_i/fakernet/reg_switch_0/inst/trg_en_r_reg/C (clocked by clk_out5_top_block_clk_wiz_0_0) and top_block_i/appUnit/das_rx_0/inst/genblk1[0].bus_r_reg[0][241]/CE (clocked by clk_out1_top_block_clk_wiz_1_0). Large setup violations at the end of those stages might be difficult to fix during the post-placement implementation flow and could be the result of non-optimal XDC constraints or non-optimal design architecture
Related violations: <none>

TIMING-16#123 Warning
Large setup violation  
There is a large setup violation of -3.414 ns between top_block_i/fakernet/reg_switch_0/inst/trg_en_r_reg/C (clocked by clk_out5_top_block_clk_wiz_0_0) and top_block_i/appUnit/das_rx_0/inst/genblk1[0].bus_r_reg[0][251]/CE (clocked by clk_out1_top_block_clk_wiz_1_0). Large setup violations at the end of those stages might be difficult to fix during the post-placement implementation flow and could be the result of non-optimal XDC constraints or non-optimal design architecture
Related violations: <none>

TIMING-16#124 Warning
Large setup violation  
There is a large setup violation of -3.418 ns between top_block_i/fakernet/reg_switch_0/inst/trg_en_r_reg/C (clocked by clk_out5_top_block_clk_wiz_0_0) and top_block_i/appUnit/das_rx_0/inst/genblk1[0].bus_r_reg[0][104]/CE (clocked by clk_out1_top_block_clk_wiz_1_0). Large setup violations at the end of those stages might be difficult to fix during the post-placement implementation flow and could be the result of non-optimal XDC constraints or non-optimal design architecture
Related violations: <none>

TIMING-16#125 Warning
Large setup violation  
There is a large setup violation of -3.418 ns between top_block_i/fakernet/reg_switch_0/inst/trg_en_r_reg/C (clocked by clk_out5_top_block_clk_wiz_0_0) and top_block_i/appUnit/das_rx_0/inst/genblk1[0].bus_r_reg[0][114]/CE (clocked by clk_out1_top_block_clk_wiz_1_0). Large setup violations at the end of those stages might be difficult to fix during the post-placement implementation flow and could be the result of non-optimal XDC constraints or non-optimal design architecture
Related violations: <none>

TIMING-16#126 Warning
Large setup violation  
There is a large setup violation of -3.418 ns between top_block_i/fakernet/reg_switch_0/inst/trg_en_r_reg/C (clocked by clk_out5_top_block_clk_wiz_0_0) and top_block_i/appUnit/das_rx_0/inst/genblk1[0].bus_r_reg[0][124]/CE (clocked by clk_out1_top_block_clk_wiz_1_0). Large setup violations at the end of those stages might be difficult to fix during the post-placement implementation flow and could be the result of non-optimal XDC constraints or non-optimal design architecture
Related violations: <none>

TIMING-16#127 Warning
Large setup violation  
There is a large setup violation of -3.418 ns between top_block_i/fakernet/reg_switch_0/inst/trg_en_r_reg/C (clocked by clk_out5_top_block_clk_wiz_0_0) and top_block_i/appUnit/das_rx_0/inst/genblk1[0].bus_r_reg[0][179]/CE (clocked by clk_out1_top_block_clk_wiz_1_0). Large setup violations at the end of those stages might be difficult to fix during the post-placement implementation flow and could be the result of non-optimal XDC constraints or non-optimal design architecture
Related violations: <none>

TIMING-16#128 Warning
Large setup violation  
There is a large setup violation of -3.418 ns between top_block_i/fakernet/reg_switch_0/inst/trg_en_r_reg/C (clocked by clk_out5_top_block_clk_wiz_0_0) and top_block_i/appUnit/das_rx_0/inst/genblk1[0].bus_r_reg[0][187]/CE (clocked by clk_out1_top_block_clk_wiz_1_0). Large setup violations at the end of those stages might be difficult to fix during the post-placement implementation flow and could be the result of non-optimal XDC constraints or non-optimal design architecture
Related violations: <none>

TIMING-16#129 Warning
Large setup violation  
There is a large setup violation of -3.418 ns between top_block_i/fakernet/reg_switch_0/inst/trg_en_r_reg/C (clocked by clk_out5_top_block_clk_wiz_0_0) and top_block_i/appUnit/das_rx_0/inst/genblk1[0].bus_r_reg[0][189]/CE (clocked by clk_out1_top_block_clk_wiz_1_0). Large setup violations at the end of those stages might be difficult to fix during the post-placement implementation flow and could be the result of non-optimal XDC constraints or non-optimal design architecture
Related violations: <none>

TIMING-16#130 Warning
Large setup violation  
There is a large setup violation of -3.418 ns between top_block_i/fakernet/reg_switch_0/inst/trg_en_r_reg/C (clocked by clk_out5_top_block_clk_wiz_0_0) and top_block_i/appUnit/das_rx_0/inst/genblk1[0].bus_r_reg[0][197]/CE (clocked by clk_out1_top_block_clk_wiz_1_0). Large setup violations at the end of those stages might be difficult to fix during the post-placement implementation flow and could be the result of non-optimal XDC constraints or non-optimal design architecture
Related violations: <none>

TIMING-16#131 Warning
Large setup violation  
There is a large setup violation of -3.418 ns between top_block_i/fakernet/reg_switch_0/inst/trg_en_r_reg/C (clocked by clk_out5_top_block_clk_wiz_0_0) and top_block_i/appUnit/das_rx_0/inst/genblk1[0].bus_r_reg[0][199]/CE (clocked by clk_out1_top_block_clk_wiz_1_0). Large setup violations at the end of those stages might be difficult to fix during the post-placement implementation flow and could be the result of non-optimal XDC constraints or non-optimal design architecture
Related violations: <none>

TIMING-16#132 Warning
Large setup violation  
There is a large setup violation of -3.418 ns between top_block_i/fakernet/reg_switch_0/inst/trg_en_r_reg/C (clocked by clk_out5_top_block_clk_wiz_0_0) and top_block_i/appUnit/das_rx_0/inst/genblk1[0].bus_r_reg[0][207]/CE (clocked by clk_out1_top_block_clk_wiz_1_0). Large setup violations at the end of those stages might be difficult to fix during the post-placement implementation flow and could be the result of non-optimal XDC constraints or non-optimal design architecture
Related violations: <none>

TIMING-16#133 Warning
Large setup violation  
There is a large setup violation of -3.418 ns between top_block_i/fakernet/reg_switch_0/inst/trg_en_r_reg/C (clocked by clk_out5_top_block_clk_wiz_0_0) and top_block_i/appUnit/das_rx_0/inst/genblk1[0].bus_r_reg[0][94]/CE (clocked by clk_out1_top_block_clk_wiz_1_0). Large setup violations at the end of those stages might be difficult to fix during the post-placement implementation flow and could be the result of non-optimal XDC constraints or non-optimal design architecture
Related violations: <none>

TIMING-16#134 Warning
Large setup violation  
There is a large setup violation of -3.419 ns between top_block_i/fakernet/reg_switch_0/inst/trg_en_r_reg/C (clocked by clk_out5_top_block_clk_wiz_0_0) and top_block_i/appUnit/das_rx_0/inst/genblk1[0].bus_r_reg[0][283]/CE (clocked by clk_out1_top_block_clk_wiz_1_0). Large setup violations at the end of those stages might be difficult to fix during the post-placement implementation flow and could be the result of non-optimal XDC constraints or non-optimal design architecture
Related violations: <none>

TIMING-16#135 Warning
Large setup violation  
There is a large setup violation of -3.419 ns between top_block_i/fakernet/reg_switch_0/inst/trg_en_r_reg/C (clocked by clk_out5_top_block_clk_wiz_0_0) and top_block_i/appUnit/das_rx_0/inst/genblk1[0].bus_r_reg[0][313]/CE (clocked by clk_out1_top_block_clk_wiz_1_0). Large setup violations at the end of those stages might be difficult to fix during the post-placement implementation flow and could be the result of non-optimal XDC constraints or non-optimal design architecture
Related violations: <none>

TIMING-16#136 Warning
Large setup violation  
There is a large setup violation of -3.421 ns between top_block_i/fakernet/reg_switch_0/inst/trg_en_r_reg/C (clocked by clk_out5_top_block_clk_wiz_0_0) and top_block_i/appUnit/das_rx_0/inst/genblk1[0].bus_r_reg[0][116]/CE (clocked by clk_out1_top_block_clk_wiz_1_0). Large setup violations at the end of those stages might be difficult to fix during the post-placement implementation flow and could be the result of non-optimal XDC constraints or non-optimal design architecture
Related violations: <none>

TIMING-16#137 Warning
Large setup violation  
There is a large setup violation of -3.421 ns between top_block_i/fakernet/reg_switch_0/inst/trg_en_r_reg/C (clocked by clk_out5_top_block_clk_wiz_0_0) and top_block_i/appUnit/das_rx_0/inst/genblk1[0].bus_r_reg[0][126]/CE (clocked by clk_out1_top_block_clk_wiz_1_0). Large setup violations at the end of those stages might be difficult to fix during the post-placement implementation flow and could be the result of non-optimal XDC constraints or non-optimal design architecture
Related violations: <none>

TIMING-16#138 Warning
Large setup violation  
There is a large setup violation of -3.421 ns between top_block_i/fakernet/reg_switch_0/inst/trg_en_r_reg/C (clocked by clk_out5_top_block_clk_wiz_0_0) and top_block_i/appUnit/das_rx_0/inst/genblk1[0].bus_r_reg[0][151]/CE (clocked by clk_out1_top_block_clk_wiz_1_0). Large setup violations at the end of those stages might be difficult to fix during the post-placement implementation flow and could be the result of non-optimal XDC constraints or non-optimal design architecture
Related violations: <none>

TIMING-16#139 Warning
Large setup violation  
There is a large setup violation of -3.421 ns between top_block_i/fakernet/reg_switch_0/inst/trg_en_r_reg/C (clocked by clk_out5_top_block_clk_wiz_0_0) and top_block_i/appUnit/das_rx_0/inst/genblk1[0].bus_r_reg[0][161]/CE (clocked by clk_out1_top_block_clk_wiz_1_0). Large setup violations at the end of those stages might be difficult to fix during the post-placement implementation flow and could be the result of non-optimal XDC constraints or non-optimal design architecture
Related violations: <none>

TIMING-16#140 Warning
Large setup violation  
There is a large setup violation of -3.421 ns between top_block_i/fakernet/reg_switch_0/inst/trg_en_r_reg/C (clocked by clk_out5_top_block_clk_wiz_0_0) and top_block_i/appUnit/das_rx_0/inst/genblk1[0].bus_r_reg[0][166]/CE (clocked by clk_out1_top_block_clk_wiz_1_0). Large setup violations at the end of those stages might be difficult to fix during the post-placement implementation flow and could be the result of non-optimal XDC constraints or non-optimal design architecture
Related violations: <none>

TIMING-16#141 Warning
Large setup violation  
There is a large setup violation of -3.421 ns between top_block_i/fakernet/reg_switch_0/inst/trg_en_r_reg/C (clocked by clk_out5_top_block_clk_wiz_0_0) and top_block_i/appUnit/das_rx_0/inst/genblk1[0].bus_r_reg[0][171]/CE (clocked by clk_out1_top_block_clk_wiz_1_0). Large setup violations at the end of those stages might be difficult to fix during the post-placement implementation flow and could be the result of non-optimal XDC constraints or non-optimal design architecture
Related violations: <none>

TIMING-16#142 Warning
Large setup violation  
There is a large setup violation of -3.421 ns between top_block_i/fakernet/reg_switch_0/inst/trg_en_r_reg/C (clocked by clk_out5_top_block_clk_wiz_0_0) and top_block_i/appUnit/das_rx_0/inst/genblk1[0].bus_r_reg[0][176]/CE (clocked by clk_out1_top_block_clk_wiz_1_0). Large setup violations at the end of those stages might be difficult to fix during the post-placement implementation flow and could be the result of non-optimal XDC constraints or non-optimal design architecture
Related violations: <none>

TIMING-16#143 Warning
Large setup violation  
There is a large setup violation of -3.423 ns between top_block_i/fakernet/reg_switch_0/inst/trg_en_r_reg/C (clocked by clk_out5_top_block_clk_wiz_0_0) and top_block_i/appUnit/das_rx_0/inst/genblk1[0].bus_r_reg[0][253]/CE (clocked by clk_out1_top_block_clk_wiz_1_0). Large setup violations at the end of those stages might be difficult to fix during the post-placement implementation flow and could be the result of non-optimal XDC constraints or non-optimal design architecture
Related violations: <none>

TIMING-16#144 Warning
Large setup violation  
There is a large setup violation of -3.438 ns between top_block_i/fakernet/reg_switch_0/inst/trg_en_r_reg/C (clocked by clk_out5_top_block_clk_wiz_0_0) and top_block_i/appUnit/das_rx_0/inst/genblk1[0].bus_r_reg[0][164]/CE (clocked by clk_out1_top_block_clk_wiz_1_0). Large setup violations at the end of those stages might be difficult to fix during the post-placement implementation flow and could be the result of non-optimal XDC constraints or non-optimal design architecture
Related violations: <none>

TIMING-16#145 Warning
Large setup violation  
There is a large setup violation of -3.438 ns between top_block_i/fakernet/reg_switch_0/inst/trg_en_r_reg/C (clocked by clk_out5_top_block_clk_wiz_0_0) and top_block_i/appUnit/das_rx_0/inst/genblk1[0].bus_r_reg[0][174]/CE (clocked by clk_out1_top_block_clk_wiz_1_0). Large setup violations at the end of those stages might be difficult to fix during the post-placement implementation flow and could be the result of non-optimal XDC constraints or non-optimal design architecture
Related violations: <none>

TIMING-16#146 Warning
Large setup violation  
There is a large setup violation of -3.438 ns between top_block_i/fakernet/reg_switch_0/inst/trg_en_r_reg/C (clocked by clk_out5_top_block_clk_wiz_0_0) and top_block_i/appUnit/das_rx_0/inst/genblk1[0].bus_r_reg[0][184]/CE (clocked by clk_out1_top_block_clk_wiz_1_0). Large setup violations at the end of those stages might be difficult to fix during the post-placement implementation flow and could be the result of non-optimal XDC constraints or non-optimal design architecture
Related violations: <none>

TIMING-16#147 Warning
Large setup violation  
There is a large setup violation of -3.439 ns between top_block_i/fakernet/reg_switch_0/inst/trg_en_r_reg/C (clocked by clk_out5_top_block_clk_wiz_0_0) and top_block_i/appUnit/das_rx_0/inst/genblk1[0].bus_r_reg[0][263]/CE (clocked by clk_out1_top_block_clk_wiz_1_0). Large setup violations at the end of those stages might be difficult to fix during the post-placement implementation flow and could be the result of non-optimal XDC constraints or non-optimal design architecture
Related violations: <none>

TIMING-16#148 Warning
Large setup violation  
There is a large setup violation of -3.439 ns between top_block_i/fakernet/reg_switch_0/inst/trg_en_r_reg/C (clocked by clk_out5_top_block_clk_wiz_0_0) and top_block_i/appUnit/das_rx_0/inst/genblk1[0].bus_r_reg[0][273]/CE (clocked by clk_out1_top_block_clk_wiz_1_0). Large setup violations at the end of those stages might be difficult to fix during the post-placement implementation flow and could be the result of non-optimal XDC constraints or non-optimal design architecture
Related violations: <none>

TIMING-16#149 Warning
Large setup violation  
There is a large setup violation of -3.439 ns between top_block_i/fakernet/reg_switch_0/inst/trg_en_r_reg/C (clocked by clk_out5_top_block_clk_wiz_0_0) and top_block_i/appUnit/das_rx_0/inst/genblk1[0].bus_r_reg[0][293]/CE (clocked by clk_out1_top_block_clk_wiz_1_0). Large setup violations at the end of those stages might be difficult to fix during the post-placement implementation flow and could be the result of non-optimal XDC constraints or non-optimal design architecture
Related violations: <none>

TIMING-16#150 Warning
Large setup violation  
There is a large setup violation of -3.439 ns between top_block_i/fakernet/reg_switch_0/inst/trg_en_r_reg/C (clocked by clk_out5_top_block_clk_wiz_0_0) and top_block_i/appUnit/das_rx_0/inst/genblk1[0].bus_r_reg[0][303]/CE (clocked by clk_out1_top_block_clk_wiz_1_0). Large setup violations at the end of those stages might be difficult to fix during the post-placement implementation flow and could be the result of non-optimal XDC constraints or non-optimal design architecture
Related violations: <none>

TIMING-16#151 Warning
Large setup violation  
There is a large setup violation of -3.441 ns between top_block_i/fakernet/reg_switch_0/inst/trg_en_r_reg/C (clocked by clk_out5_top_block_clk_wiz_0_0) and top_block_i/appUnit/das_rx_0/inst/genblk1[0].bus_r_reg[0][19]/CE (clocked by clk_out1_top_block_clk_wiz_1_0). Large setup violations at the end of those stages might be difficult to fix during the post-placement implementation flow and could be the result of non-optimal XDC constraints or non-optimal design architecture
Related violations: <none>

TIMING-16#152 Warning
Large setup violation  
There is a large setup violation of -3.441 ns between top_block_i/fakernet/reg_switch_0/inst/trg_en_r_reg/C (clocked by clk_out5_top_block_clk_wiz_0_0) and top_block_i/appUnit/das_rx_0/inst/genblk1[0].bus_r_reg[0][21]/CE (clocked by clk_out1_top_block_clk_wiz_1_0). Large setup violations at the end of those stages might be difficult to fix during the post-placement implementation flow and could be the result of non-optimal XDC constraints or non-optimal design architecture
Related violations: <none>

TIMING-16#153 Warning
Large setup violation  
There is a large setup violation of -3.441 ns between top_block_i/fakernet/reg_switch_0/inst/trg_en_r_reg/C (clocked by clk_out5_top_block_clk_wiz_0_0) and top_block_i/appUnit/das_rx_0/inst/genblk1[0].bus_r_reg[0][29]/CE (clocked by clk_out1_top_block_clk_wiz_1_0). Large setup violations at the end of those stages might be difficult to fix during the post-placement implementation flow and could be the result of non-optimal XDC constraints or non-optimal design architecture
Related violations: <none>

TIMING-16#154 Warning
Large setup violation  
There is a large setup violation of -3.441 ns between top_block_i/fakernet/reg_switch_0/inst/trg_en_r_reg/C (clocked by clk_out5_top_block_clk_wiz_0_0) and top_block_i/appUnit/das_rx_0/inst/genblk1[0].bus_r_reg[0][31]/CE (clocked by clk_out1_top_block_clk_wiz_1_0). Large setup violations at the end of those stages might be difficult to fix during the post-placement implementation flow and could be the result of non-optimal XDC constraints or non-optimal design architecture
Related violations: <none>

TIMING-16#155 Warning
Large setup violation  
There is a large setup violation of -3.441 ns between top_block_i/fakernet/reg_switch_0/inst/trg_en_r_reg/C (clocked by clk_out5_top_block_clk_wiz_0_0) and top_block_i/appUnit/das_rx_0/inst/genblk1[0].bus_r_reg[0][9]/CE (clocked by clk_out1_top_block_clk_wiz_1_0). Large setup violations at the end of those stages might be difficult to fix during the post-placement implementation flow and could be the result of non-optimal XDC constraints or non-optimal design architecture
Related violations: <none>

TIMING-16#156 Warning
Large setup violation  
There is a large setup violation of -3.442 ns between top_block_i/fakernet/reg_switch_0/inst/trg_en_r_reg/C (clocked by clk_out5_top_block_clk_wiz_0_0) and top_block_i/appUnit/das_rx_0/inst/genblk1[0].bus_r_reg[0][103]/CE (clocked by clk_out1_top_block_clk_wiz_1_0). Large setup violations at the end of those stages might be difficult to fix during the post-placement implementation flow and could be the result of non-optimal XDC constraints or non-optimal design architecture
Related violations: <none>

TIMING-16#157 Warning
Large setup violation  
There is a large setup violation of -3.442 ns between top_block_i/fakernet/reg_switch_0/inst/trg_en_r_reg/C (clocked by clk_out5_top_block_clk_wiz_0_0) and top_block_i/appUnit/das_rx_0/inst/genblk1[0].bus_r_reg[0][113]/CE (clocked by clk_out1_top_block_clk_wiz_1_0). Large setup violations at the end of those stages might be difficult to fix during the post-placement implementation flow and could be the result of non-optimal XDC constraints or non-optimal design architecture
Related violations: <none>

TIMING-16#158 Warning
Large setup violation  
There is a large setup violation of -3.442 ns between top_block_i/fakernet/reg_switch_0/inst/trg_en_r_reg/C (clocked by clk_out5_top_block_clk_wiz_0_0) and top_block_i/appUnit/das_rx_0/inst/genblk1[0].bus_r_reg[0][83]/CE (clocked by clk_out1_top_block_clk_wiz_1_0). Large setup violations at the end of those stages might be difficult to fix during the post-placement implementation flow and could be the result of non-optimal XDC constraints or non-optimal design architecture
Related violations: <none>

TIMING-16#159 Warning
Large setup violation  
There is a large setup violation of -3.442 ns between top_block_i/fakernet/reg_switch_0/inst/trg_en_r_reg/C (clocked by clk_out5_top_block_clk_wiz_0_0) and top_block_i/appUnit/das_rx_0/inst/genblk1[0].bus_r_reg[0][93]/CE (clocked by clk_out1_top_block_clk_wiz_1_0). Large setup violations at the end of those stages might be difficult to fix during the post-placement implementation flow and could be the result of non-optimal XDC constraints or non-optimal design architecture
Related violations: <none>

TIMING-16#160 Warning
Large setup violation  
There is a large setup violation of -3.443 ns between top_block_i/fakernet/reg_switch_0/inst/trg_en_r_reg/C (clocked by clk_out5_top_block_clk_wiz_0_0) and top_block_i/appUnit/das_rx_0/inst/genblk1[0].bus_r_reg[0][44]/CE (clocked by clk_out1_top_block_clk_wiz_1_0). Large setup violations at the end of those stages might be difficult to fix during the post-placement implementation flow and could be the result of non-optimal XDC constraints or non-optimal design architecture
Related violations: <none>

TIMING-16#161 Warning
Large setup violation  
There is a large setup violation of -3.443 ns between top_block_i/fakernet/reg_switch_0/inst/trg_en_r_reg/C (clocked by clk_out5_top_block_clk_wiz_0_0) and top_block_i/appUnit/das_rx_0/inst/genblk1[0].bus_r_reg[0][54]/CE (clocked by clk_out1_top_block_clk_wiz_1_0). Large setup violations at the end of those stages might be difficult to fix during the post-placement implementation flow and could be the result of non-optimal XDC constraints or non-optimal design architecture
Related violations: <none>

TIMING-16#162 Warning
Large setup violation  
There is a large setup violation of -3.443 ns between top_block_i/fakernet/reg_switch_0/inst/trg_en_r_reg/C (clocked by clk_out5_top_block_clk_wiz_0_0) and top_block_i/appUnit/das_rx_0/inst/genblk1[0].bus_r_reg[0][64]/CE (clocked by clk_out1_top_block_clk_wiz_1_0). Large setup violations at the end of those stages might be difficult to fix during the post-placement implementation flow and could be the result of non-optimal XDC constraints or non-optimal design architecture
Related violations: <none>

TIMING-16#163 Warning
Large setup violation  
There is a large setup violation of -3.444 ns between top_block_i/fakernet/reg_switch_0/inst/trg_en_r_reg/C (clocked by clk_out5_top_block_clk_wiz_0_0) and top_block_i/appUnit/das_rx_0/inst/genblk1[0].bus_r_reg[0][11]/CE (clocked by clk_out1_top_block_clk_wiz_1_0). Large setup violations at the end of those stages might be difficult to fix during the post-placement implementation flow and could be the result of non-optimal XDC constraints or non-optimal design architecture
Related violations: <none>

TIMING-16#164 Warning
Large setup violation  
There is a large setup violation of -3.444 ns between top_block_i/fakernet/reg_switch_0/inst/trg_en_r_reg/C (clocked by clk_out5_top_block_clk_wiz_0_0) and top_block_i/appUnit/das_rx_0/inst/genblk1[0].bus_r_reg[0][12]/CE (clocked by clk_out1_top_block_clk_wiz_1_0). Large setup violations at the end of those stages might be difficult to fix during the post-placement implementation flow and could be the result of non-optimal XDC constraints or non-optimal design architecture
Related violations: <none>

TIMING-16#165 Warning
Large setup violation  
There is a large setup violation of -3.444 ns between top_block_i/fakernet/reg_switch_0/inst/trg_en_r_reg/C (clocked by clk_out5_top_block_clk_wiz_0_0) and top_block_i/appUnit/das_rx_0/inst/genblk1[0].bus_r_reg[0][1]/CE (clocked by clk_out1_top_block_clk_wiz_1_0). Large setup violations at the end of those stages might be difficult to fix during the post-placement implementation flow and could be the result of non-optimal XDC constraints or non-optimal design architecture
Related violations: <none>

TIMING-16#166 Warning
Large setup violation  
There is a large setup violation of -3.444 ns between top_block_i/fakernet/reg_switch_0/inst/trg_en_r_reg/C (clocked by clk_out5_top_block_clk_wiz_0_0) and top_block_i/appUnit/das_rx_0/inst/genblk1[0].bus_r_reg[0][22]/CE (clocked by clk_out1_top_block_clk_wiz_1_0). Large setup violations at the end of those stages might be difficult to fix during the post-placement implementation flow and could be the result of non-optimal XDC constraints or non-optimal design architecture
Related violations: <none>

TIMING-16#167 Warning
Large setup violation  
There is a large setup violation of -3.444 ns between top_block_i/fakernet/reg_switch_0/inst/trg_en_r_reg/C (clocked by clk_out5_top_block_clk_wiz_0_0) and top_block_i/appUnit/das_rx_0/inst/genblk1[0].bus_r_reg[0][2]/CE (clocked by clk_out1_top_block_clk_wiz_1_0). Large setup violations at the end of those stages might be difficult to fix during the post-placement implementation flow and could be the result of non-optimal XDC constraints or non-optimal design architecture
Related violations: <none>

TIMING-16#168 Warning
Large setup violation  
There is a large setup violation of -3.444 ns between top_block_i/fakernet/reg_switch_0/inst/trg_en_r_reg/C (clocked by clk_out5_top_block_clk_wiz_0_0) and top_block_i/appUnit/das_rx_0/inst/genblk1[0].bus_r_reg[0][32]/CE (clocked by clk_out1_top_block_clk_wiz_1_0). Large setup violations at the end of those stages might be difficult to fix during the post-placement implementation flow and could be the result of non-optimal XDC constraints or non-optimal design architecture
Related violations: <none>

TIMING-16#169 Warning
Large setup violation  
There is a large setup violation of -3.445 ns between top_block_i/fakernet/reg_switch_0/inst/trg_en_r_reg/C (clocked by clk_out5_top_block_clk_wiz_0_0) and top_block_i/appUnit/das_rx_0/inst/genblk1[0].bus_r_reg[0][53]/CE (clocked by clk_out1_top_block_clk_wiz_1_0). Large setup violations at the end of those stages might be difficult to fix during the post-placement implementation flow and could be the result of non-optimal XDC constraints or non-optimal design architecture
Related violations: <none>

TIMING-16#170 Warning
Large setup violation  
There is a large setup violation of -3.445 ns between top_block_i/fakernet/reg_switch_0/inst/trg_en_r_reg/C (clocked by clk_out5_top_block_clk_wiz_0_0) and top_block_i/appUnit/das_rx_0/inst/genblk1[0].bus_r_reg[0][63]/CE (clocked by clk_out1_top_block_clk_wiz_1_0). Large setup violations at the end of those stages might be difficult to fix during the post-placement implementation flow and could be the result of non-optimal XDC constraints or non-optimal design architecture
Related violations: <none>

TIMING-16#171 Warning
Large setup violation  
There is a large setup violation of -3.445 ns between top_block_i/fakernet/reg_switch_0/inst/trg_en_r_reg/C (clocked by clk_out5_top_block_clk_wiz_0_0) and top_block_i/appUnit/das_rx_0/inst/genblk1[0].bus_r_reg[0][73]/CE (clocked by clk_out1_top_block_clk_wiz_1_0). Large setup violations at the end of those stages might be difficult to fix during the post-placement implementation flow and could be the result of non-optimal XDC constraints or non-optimal design architecture
Related violations: <none>

TIMING-16#172 Warning
Large setup violation  
There is a large setup violation of -3.447 ns between top_block_i/fakernet/reg_switch_0/inst/trg_en_r_reg/C (clocked by clk_out5_top_block_clk_wiz_0_0) and top_block_i/appUnit/das_rx_0/inst/genblk1[0].bus_r_reg[0][153]/CE (clocked by clk_out1_top_block_clk_wiz_1_0). Large setup violations at the end of those stages might be difficult to fix during the post-placement implementation flow and could be the result of non-optimal XDC constraints or non-optimal design architecture
Related violations: <none>

TIMING-16#173 Warning
Large setup violation  
There is a large setup violation of -3.447 ns between top_block_i/fakernet/reg_switch_0/inst/trg_en_r_reg/C (clocked by clk_out5_top_block_clk_wiz_0_0) and top_block_i/appUnit/das_rx_0/inst/genblk1[0].bus_r_reg[0][163]/CE (clocked by clk_out1_top_block_clk_wiz_1_0). Large setup violations at the end of those stages might be difficult to fix during the post-placement implementation flow and could be the result of non-optimal XDC constraints or non-optimal design architecture
Related violations: <none>

TIMING-16#174 Warning
Large setup violation  
There is a large setup violation of -3.447 ns between top_block_i/fakernet/reg_switch_0/inst/trg_en_r_reg/C (clocked by clk_out5_top_block_clk_wiz_0_0) and top_block_i/appUnit/das_rx_0/inst/genblk1[0].bus_r_reg[0][173]/CE (clocked by clk_out1_top_block_clk_wiz_1_0). Large setup violations at the end of those stages might be difficult to fix during the post-placement implementation flow and could be the result of non-optimal XDC constraints or non-optimal design architecture
Related violations: <none>

TIMING-16#175 Warning
Large setup violation  
There is a large setup violation of -3.448 ns between top_block_i/fakernet/reg_switch_0/inst/trg_en_r_reg/C (clocked by clk_out5_top_block_clk_wiz_0_0) and top_block_i/appUnit/das_rx_0/inst/genblk1[0].bus_r_reg[0][50]/CE (clocked by clk_out1_top_block_clk_wiz_1_0). Large setup violations at the end of those stages might be difficult to fix during the post-placement implementation flow and could be the result of non-optimal XDC constraints or non-optimal design architecture
Related violations: <none>

TIMING-16#176 Warning
Large setup violation  
There is a large setup violation of -3.448 ns between top_block_i/fakernet/reg_switch_0/inst/trg_en_r_reg/C (clocked by clk_out5_top_block_clk_wiz_0_0) and top_block_i/appUnit/das_rx_0/inst/genblk1[0].bus_r_reg[0][60]/CE (clocked by clk_out1_top_block_clk_wiz_1_0). Large setup violations at the end of those stages might be difficult to fix during the post-placement implementation flow and could be the result of non-optimal XDC constraints or non-optimal design architecture
Related violations: <none>

TIMING-16#177 Warning
Large setup violation  
There is a large setup violation of -3.448 ns between top_block_i/fakernet/reg_switch_0/inst/trg_en_r_reg/C (clocked by clk_out5_top_block_clk_wiz_0_0) and top_block_i/appUnit/das_rx_0/inst/genblk1[0].bus_r_reg[0][70]/CE (clocked by clk_out1_top_block_clk_wiz_1_0). Large setup violations at the end of those stages might be difficult to fix during the post-placement implementation flow and could be the result of non-optimal XDC constraints or non-optimal design architecture
Related violations: <none>

TIMING-16#178 Warning
Large setup violation  
There is a large setup violation of -3.448 ns between top_block_i/fakernet/reg_switch_0/inst/trg_en_r_reg/C (clocked by clk_out5_top_block_clk_wiz_0_0) and top_block_i/appUnit/das_rx_0/inst/genblk1[0].bus_r_reg[0][80]/CE (clocked by clk_out1_top_block_clk_wiz_1_0). Large setup violations at the end of those stages might be difficult to fix during the post-placement implementation flow and could be the result of non-optimal XDC constraints or non-optimal design architecture
Related violations: <none>

TIMING-16#179 Warning
Large setup violation  
There is a large setup violation of -3.449 ns between top_block_i/fakernet/reg_switch_0/inst/trg_en_r_reg/C (clocked by clk_out5_top_block_clk_wiz_0_0) and top_block_i/appUnit/das_rx_0/inst/genblk1[0].bus_r_reg[0][109]/CE (clocked by clk_out1_top_block_clk_wiz_1_0). Large setup violations at the end of those stages might be difficult to fix during the post-placement implementation flow and could be the result of non-optimal XDC constraints or non-optimal design architecture
Related violations: <none>

TIMING-16#180 Warning
Large setup violation  
There is a large setup violation of -3.449 ns between top_block_i/fakernet/reg_switch_0/inst/trg_en_r_reg/C (clocked by clk_out5_top_block_clk_wiz_0_0) and top_block_i/appUnit/das_rx_0/inst/genblk1[0].bus_r_reg[0][183]/CE (clocked by clk_out1_top_block_clk_wiz_1_0). Large setup violations at the end of those stages might be difficult to fix during the post-placement implementation flow and could be the result of non-optimal XDC constraints or non-optimal design architecture
Related violations: <none>

TIMING-16#181 Warning
Large setup violation  
There is a large setup violation of -3.449 ns between top_block_i/fakernet/reg_switch_0/inst/trg_en_r_reg/C (clocked by clk_out5_top_block_clk_wiz_0_0) and top_block_i/appUnit/das_rx_0/inst/genblk1[0].bus_r_reg[0][193]/CE (clocked by clk_out1_top_block_clk_wiz_1_0). Large setup violations at the end of those stages might be difficult to fix during the post-placement implementation flow and could be the result of non-optimal XDC constraints or non-optimal design architecture
Related violations: <none>

TIMING-16#182 Warning
Large setup violation  
There is a large setup violation of -3.449 ns between top_block_i/fakernet/reg_switch_0/inst/trg_en_r_reg/C (clocked by clk_out5_top_block_clk_wiz_0_0) and top_block_i/appUnit/das_rx_0/inst/genblk1[0].bus_r_reg[0][301]/CE (clocked by clk_out1_top_block_clk_wiz_1_0). Large setup violations at the end of those stages might be difficult to fix during the post-placement implementation flow and could be the result of non-optimal XDC constraints or non-optimal design architecture
Related violations: <none>

TIMING-16#183 Warning
Large setup violation  
There is a large setup violation of -3.449 ns between top_block_i/fakernet/reg_switch_0/inst/trg_en_r_reg/C (clocked by clk_out5_top_block_clk_wiz_0_0) and top_block_i/appUnit/das_rx_0/inst/genblk1[0].bus_r_reg[0][311]/CE (clocked by clk_out1_top_block_clk_wiz_1_0). Large setup violations at the end of those stages might be difficult to fix during the post-placement implementation flow and could be the result of non-optimal XDC constraints or non-optimal design architecture
Related violations: <none>

TIMING-16#184 Warning
Large setup violation  
There is a large setup violation of -3.449 ns between top_block_i/fakernet/reg_switch_0/inst/trg_en_r_reg/C (clocked by clk_out5_top_block_clk_wiz_0_0) and top_block_i/appUnit/das_rx_0/inst/genblk1[0].bus_r_reg[0][79]/CE (clocked by clk_out1_top_block_clk_wiz_1_0). Large setup violations at the end of those stages might be difficult to fix during the post-placement implementation flow and could be the result of non-optimal XDC constraints or non-optimal design architecture
Related violations: <none>

TIMING-16#185 Warning
Large setup violation  
There is a large setup violation of -3.449 ns between top_block_i/fakernet/reg_switch_0/inst/trg_en_r_reg/C (clocked by clk_out5_top_block_clk_wiz_0_0) and top_block_i/appUnit/das_rx_0/inst/genblk1[0].bus_r_reg[0][89]/CE (clocked by clk_out1_top_block_clk_wiz_1_0). Large setup violations at the end of those stages might be difficult to fix during the post-placement implementation flow and could be the result of non-optimal XDC constraints or non-optimal design architecture
Related violations: <none>

TIMING-16#186 Warning
Large setup violation  
There is a large setup violation of -3.449 ns between top_block_i/fakernet/reg_switch_0/inst/trg_en_r_reg/C (clocked by clk_out5_top_block_clk_wiz_0_0) and top_block_i/appUnit/das_rx_0/inst/genblk1[0].bus_r_reg[0][99]/CE (clocked by clk_out1_top_block_clk_wiz_1_0). Large setup violations at the end of those stages might be difficult to fix during the post-placement implementation flow and could be the result of non-optimal XDC constraints or non-optimal design architecture
Related violations: <none>

TIMING-16#187 Warning
Large setup violation  
There is a large setup violation of -3.452 ns between top_block_i/fakernet/reg_switch_0/inst/trg_en_r_reg/C (clocked by clk_out5_top_block_clk_wiz_0_0) and top_block_i/appUnit/das_rx_0/inst/genblk1[0].bus_r_reg[0][68]/CE (clocked by clk_out1_top_block_clk_wiz_1_0). Large setup violations at the end of those stages might be difficult to fix during the post-placement implementation flow and could be the result of non-optimal XDC constraints or non-optimal design architecture
Related violations: <none>

TIMING-16#188 Warning
Large setup violation  
There is a large setup violation of -3.452 ns between top_block_i/fakernet/reg_switch_0/inst/trg_en_r_reg/C (clocked by clk_out5_top_block_clk_wiz_0_0) and top_block_i/appUnit/das_rx_0/inst/genblk1[0].bus_r_reg[0][78]/CE (clocked by clk_out1_top_block_clk_wiz_1_0). Large setup violations at the end of those stages might be difficult to fix during the post-placement implementation flow and could be the result of non-optimal XDC constraints or non-optimal design architecture
Related violations: <none>

TIMING-16#189 Warning
Large setup violation  
There is a large setup violation of -3.455 ns between top_block_i/fakernet/reg_switch_0/inst/trg_en_r_reg/C (clocked by clk_out5_top_block_clk_wiz_0_0) and top_block_i/appUnit/das_rx_0/inst/genblk1[0].bus_r_reg[0][5]/CE (clocked by clk_out1_top_block_clk_wiz_1_0). Large setup violations at the end of those stages might be difficult to fix during the post-placement implementation flow and could be the result of non-optimal XDC constraints or non-optimal design architecture
Related violations: <none>

TIMING-16#190 Warning
Large setup violation  
There is a large setup violation of -3.461 ns between top_block_i/fakernet/reg_switch_0/inst/trg_en_r_reg/C (clocked by clk_out5_top_block_clk_wiz_0_0) and top_block_i/appUnit/das_rx_0/inst/genblk1[0].bus_r_reg[0][256]/CE (clocked by clk_out1_top_block_clk_wiz_1_0). Large setup violations at the end of those stages might be difficult to fix during the post-placement implementation flow and could be the result of non-optimal XDC constraints or non-optimal design architecture
Related violations: <none>

TIMING-16#191 Warning
Large setup violation  
There is a large setup violation of -3.461 ns between top_block_i/fakernet/reg_switch_0/inst/trg_en_r_reg/C (clocked by clk_out5_top_block_clk_wiz_0_0) and top_block_i/appUnit/das_rx_0/inst/genblk1[0].bus_r_reg[0][264]/CE (clocked by clk_out1_top_block_clk_wiz_1_0). Large setup violations at the end of those stages might be difficult to fix during the post-placement implementation flow and could be the result of non-optimal XDC constraints or non-optimal design architecture
Related violations: <none>

TIMING-16#192 Warning
Large setup violation  
There is a large setup violation of -3.461 ns between top_block_i/fakernet/reg_switch_0/inst/trg_en_r_reg/C (clocked by clk_out5_top_block_clk_wiz_0_0) and top_block_i/appUnit/das_rx_0/inst/genblk1[0].bus_r_reg[0][274]/CE (clocked by clk_out1_top_block_clk_wiz_1_0). Large setup violations at the end of those stages might be difficult to fix during the post-placement implementation flow and could be the result of non-optimal XDC constraints or non-optimal design architecture
Related violations: <none>

TIMING-16#193 Warning
Large setup violation  
There is a large setup violation of -3.461 ns between top_block_i/fakernet/reg_switch_0/inst/trg_en_r_reg/C (clocked by clk_out5_top_block_clk_wiz_0_0) and top_block_i/appUnit/das_rx_0/inst/genblk1[0].bus_r_reg[0][284]/CE (clocked by clk_out1_top_block_clk_wiz_1_0). Large setup violations at the end of those stages might be difficult to fix during the post-placement implementation flow and could be the result of non-optimal XDC constraints or non-optimal design architecture
Related violations: <none>

TIMING-16#194 Warning
Large setup violation  
There is a large setup violation of -3.461 ns between top_block_i/fakernet/reg_switch_0/inst/trg_en_r_reg/C (clocked by clk_out5_top_block_clk_wiz_0_0) and top_block_i/appUnit/das_rx_0/inst/genblk1[0].bus_r_reg[0][286]/CE (clocked by clk_out1_top_block_clk_wiz_1_0). Large setup violations at the end of those stages might be difficult to fix during the post-placement implementation flow and could be the result of non-optimal XDC constraints or non-optimal design architecture
Related violations: <none>

TIMING-16#195 Warning
Large setup violation  
There is a large setup violation of -3.461 ns between top_block_i/fakernet/reg_switch_0/inst/trg_en_r_reg/C (clocked by clk_out5_top_block_clk_wiz_0_0) and top_block_i/appUnit/das_rx_0/inst/genblk1[0].bus_r_reg[0][296]/CE (clocked by clk_out1_top_block_clk_wiz_1_0). Large setup violations at the end of those stages might be difficult to fix during the post-placement implementation flow and could be the result of non-optimal XDC constraints or non-optimal design architecture
Related violations: <none>

TIMING-16#196 Warning
Large setup violation  
There is a large setup violation of -3.461 ns between top_block_i/fakernet/reg_switch_0/inst/trg_en_r_reg/C (clocked by clk_out5_top_block_clk_wiz_0_0) and top_block_i/appUnit/das_rx_0/inst/genblk1[0].bus_r_reg[0][306]/CE (clocked by clk_out1_top_block_clk_wiz_1_0). Large setup violations at the end of those stages might be difficult to fix during the post-placement implementation flow and could be the result of non-optimal XDC constraints or non-optimal design architecture
Related violations: <none>

TIMING-16#197 Warning
Large setup violation  
There is a large setup violation of -3.465 ns between top_block_i/fakernet/reg_switch_0/inst/trg_en_r_reg/C (clocked by clk_out5_top_block_clk_wiz_0_0) and top_block_i/appUnit/das_rx_0/inst/genblk1[0].bus_r_reg[0][254]/CE (clocked by clk_out1_top_block_clk_wiz_1_0). Large setup violations at the end of those stages might be difficult to fix during the post-placement implementation flow and could be the result of non-optimal XDC constraints or non-optimal design architecture
Related violations: <none>

TIMING-16#198 Warning
Large setup violation  
There is a large setup violation of -3.465 ns between top_block_i/fakernet/reg_switch_0/inst/trg_en_r_reg/C (clocked by clk_out5_top_block_clk_wiz_0_0) and top_block_i/appUnit/das_rx_0/inst/genblk1[0].bus_r_reg[0][294]/CE (clocked by clk_out1_top_block_clk_wiz_1_0). Large setup violations at the end of those stages might be difficult to fix during the post-placement implementation flow and could be the result of non-optimal XDC constraints or non-optimal design architecture
Related violations: <none>

TIMING-16#199 Warning
Large setup violation  
There is a large setup violation of -3.465 ns between top_block_i/fakernet/reg_switch_0/inst/trg_en_r_reg/C (clocked by clk_out5_top_block_clk_wiz_0_0) and top_block_i/appUnit/das_rx_0/inst/genblk1[0].bus_r_reg[0][304]/CE (clocked by clk_out1_top_block_clk_wiz_1_0). Large setup violations at the end of those stages might be difficult to fix during the post-placement implementation flow and could be the result of non-optimal XDC constraints or non-optimal design architecture
Related violations: <none>

TIMING-16#200 Warning
Large setup violation  
There is a large setup violation of -3.465 ns between top_block_i/fakernet/reg_switch_0/inst/trg_en_r_reg/C (clocked by clk_out5_top_block_clk_wiz_0_0) and top_block_i/appUnit/das_rx_0/inst/genblk1[0].bus_r_reg[0][314]/CE (clocked by clk_out1_top_block_clk_wiz_1_0). Large setup violations at the end of those stages might be difficult to fix during the post-placement implementation flow and could be the result of non-optimal XDC constraints or non-optimal design architecture
Related violations: <none>

TIMING-16#201 Warning
Large setup violation  
There is a large setup violation of -3.467 ns between top_block_i/fakernet/reg_switch_0/inst/trg_en_r_reg/C (clocked by clk_out5_top_block_clk_wiz_0_0) and top_block_i/appUnit/das_rx_0/inst/genblk1[0].bus_r_reg[0][203]/CE (clocked by clk_out1_top_block_clk_wiz_1_0). Large setup violations at the end of those stages might be difficult to fix during the post-placement implementation flow and could be the result of non-optimal XDC constraints or non-optimal design architecture
Related violations: <none>

TIMING-16#202 Warning
Large setup violation  
There is a large setup violation of -3.467 ns between top_block_i/fakernet/reg_switch_0/inst/trg_en_r_reg/C (clocked by clk_out5_top_block_clk_wiz_0_0) and top_block_i/appUnit/das_rx_0/inst/genblk1[0].bus_r_reg[0][213]/CE (clocked by clk_out1_top_block_clk_wiz_1_0). Large setup violations at the end of those stages might be difficult to fix during the post-placement implementation flow and could be the result of non-optimal XDC constraints or non-optimal design architecture
Related violations: <none>

TIMING-16#203 Warning
Large setup violation  
There is a large setup violation of -3.467 ns between top_block_i/fakernet/reg_switch_0/inst/trg_en_r_reg/C (clocked by clk_out5_top_block_clk_wiz_0_0) and top_block_i/appUnit/das_rx_0/inst/genblk1[0].bus_r_reg[0][223]/CE (clocked by clk_out1_top_block_clk_wiz_1_0). Large setup violations at the end of those stages might be difficult to fix during the post-placement implementation flow and could be the result of non-optimal XDC constraints or non-optimal design architecture
Related violations: <none>

TIMING-16#204 Warning
Large setup violation  
There is a large setup violation of -3.467 ns between top_block_i/fakernet/reg_switch_0/inst/trg_en_r_reg/C (clocked by clk_out5_top_block_clk_wiz_0_0) and top_block_i/appUnit/das_rx_0/inst/genblk1[0].bus_r_reg[0][233]/CE (clocked by clk_out1_top_block_clk_wiz_1_0). Large setup violations at the end of those stages might be difficult to fix during the post-placement implementation flow and could be the result of non-optimal XDC constraints or non-optimal design architecture
Related violations: <none>

TIMING-16#205 Warning
Large setup violation  
There is a large setup violation of -3.470 ns between top_block_i/fakernet/reg_switch_0/inst/trg_en_r_reg/C (clocked by clk_out5_top_block_clk_wiz_0_0) and top_block_i/appUnit/das_rx_0/inst/genblk1[0].bus_r_reg[0][10]/CE (clocked by clk_out1_top_block_clk_wiz_1_0). Large setup violations at the end of those stages might be difficult to fix during the post-placement implementation flow and could be the result of non-optimal XDC constraints or non-optimal design architecture
Related violations: <none>

TIMING-16#206 Warning
Large setup violation  
There is a large setup violation of -3.470 ns between top_block_i/fakernet/reg_switch_0/inst/trg_en_r_reg/C (clocked by clk_out5_top_block_clk_wiz_0_0) and top_block_i/appUnit/das_rx_0/inst/genblk1[0].bus_r_reg[0][20]/CE (clocked by clk_out1_top_block_clk_wiz_1_0). Large setup violations at the end of those stages might be difficult to fix during the post-placement implementation flow and could be the result of non-optimal XDC constraints or non-optimal design architecture
Related violations: <none>

TIMING-16#207 Warning
Large setup violation  
There is a large setup violation of -3.470 ns between top_block_i/fakernet/reg_switch_0/inst/trg_en_r_reg/C (clocked by clk_out5_top_block_clk_wiz_0_0) and top_block_i/appUnit/das_rx_0/inst/genblk1[0].bus_r_reg[0][30]/CE (clocked by clk_out1_top_block_clk_wiz_1_0). Large setup violations at the end of those stages might be difficult to fix during the post-placement implementation flow and could be the result of non-optimal XDC constraints or non-optimal design architecture
Related violations: <none>

TIMING-16#208 Warning
Large setup violation  
There is a large setup violation of -3.470 ns between top_block_i/fakernet/reg_switch_0/inst/trg_en_r_reg/C (clocked by clk_out5_top_block_clk_wiz_0_0) and top_block_i/appUnit/das_rx_0/inst/genblk1[0].bus_r_reg[0][40]/CE (clocked by clk_out1_top_block_clk_wiz_1_0). Large setup violations at the end of those stages might be difficult to fix during the post-placement implementation flow and could be the result of non-optimal XDC constraints or non-optimal design architecture
Related violations: <none>

TIMING-16#209 Warning
Large setup violation  
There is a large setup violation of -3.472 ns between top_block_i/fakernet/reg_switch_0/inst/trg_en_r_reg/C (clocked by clk_out5_top_block_clk_wiz_0_0) and top_block_i/appUnit/das_rx_0/inst/genblk1[0].bus_r_reg[0][134]/CE (clocked by clk_out1_top_block_clk_wiz_1_0). Large setup violations at the end of those stages might be difficult to fix during the post-placement implementation flow and could be the result of non-optimal XDC constraints or non-optimal design architecture
Related violations: <none>

TIMING-16#210 Warning
Large setup violation  
There is a large setup violation of -3.472 ns between top_block_i/fakernet/reg_switch_0/inst/trg_en_r_reg/C (clocked by clk_out5_top_block_clk_wiz_0_0) and top_block_i/appUnit/das_rx_0/inst/genblk1[0].bus_r_reg[0][144]/CE (clocked by clk_out1_top_block_clk_wiz_1_0). Large setup violations at the end of those stages might be difficult to fix during the post-placement implementation flow and could be the result of non-optimal XDC constraints or non-optimal design architecture
Related violations: <none>

TIMING-16#211 Warning
Large setup violation  
There is a large setup violation of -3.472 ns between top_block_i/fakernet/reg_switch_0/inst/trg_en_r_reg/C (clocked by clk_out5_top_block_clk_wiz_0_0) and top_block_i/appUnit/das_rx_0/inst/genblk1[0].bus_r_reg[0][154]/CE (clocked by clk_out1_top_block_clk_wiz_1_0). Large setup violations at the end of those stages might be difficult to fix during the post-placement implementation flow and could be the result of non-optimal XDC constraints or non-optimal design architecture
Related violations: <none>

TIMING-16#212 Warning
Large setup violation  
There is a large setup violation of -3.473 ns between top_block_i/fakernet/reg_switch_0/inst/trg_en_r_reg/C (clocked by clk_out5_top_block_clk_wiz_0_0) and top_block_i/appUnit/das_rx_0/inst/genblk1[0].bus_r_reg[0][0]/CE (clocked by clk_out1_top_block_clk_wiz_1_0). Large setup violations at the end of those stages might be difficult to fix during the post-placement implementation flow and could be the result of non-optimal XDC constraints or non-optimal design architecture
Related violations: <none>

TIMING-16#213 Warning
Large setup violation  
There is a large setup violation of -3.475 ns between top_block_i/fakernet/reg_switch_0/inst/trg_en_r_reg/C (clocked by clk_out5_top_block_clk_wiz_0_0) and top_block_i/appUnit/das_rx_0/inst/genblk1[1].bus_r_reg[1][253]/CE (clocked by clk_out1_top_block_clk_wiz_1_0). Large setup violations at the end of those stages might be difficult to fix during the post-placement implementation flow and could be the result of non-optimal XDC constraints or non-optimal design architecture
Related violations: <none>

TIMING-16#214 Warning
Large setup violation  
There is a large setup violation of -3.475 ns between top_block_i/fakernet/reg_switch_0/inst/trg_en_r_reg/C (clocked by clk_out5_top_block_clk_wiz_0_0) and top_block_i/appUnit/das_rx_0/inst/genblk1[1].bus_r_reg[1][263]/CE (clocked by clk_out1_top_block_clk_wiz_1_0). Large setup violations at the end of those stages might be difficult to fix during the post-placement implementation flow and could be the result of non-optimal XDC constraints or non-optimal design architecture
Related violations: <none>

TIMING-16#215 Warning
Large setup violation  
There is a large setup violation of -3.475 ns between top_block_i/fakernet/reg_switch_0/inst/trg_en_r_reg/C (clocked by clk_out5_top_block_clk_wiz_0_0) and top_block_i/appUnit/das_rx_0/inst/genblk1[1].bus_r_reg[1][273]/CE (clocked by clk_out1_top_block_clk_wiz_1_0). Large setup violations at the end of those stages might be difficult to fix during the post-placement implementation flow and could be the result of non-optimal XDC constraints or non-optimal design architecture
Related violations: <none>

TIMING-16#216 Warning
Large setup violation  
There is a large setup violation of -3.475 ns between top_block_i/fakernet/reg_switch_0/inst/trg_en_r_reg/C (clocked by clk_out5_top_block_clk_wiz_0_0) and top_block_i/appUnit/das_rx_0/inst/genblk1[1].bus_r_reg[1][283]/CE (clocked by clk_out1_top_block_clk_wiz_1_0). Large setup violations at the end of those stages might be difficult to fix during the post-placement implementation flow and could be the result of non-optimal XDC constraints or non-optimal design architecture
Related violations: <none>

TIMING-16#217 Warning
Large setup violation  
There is a large setup violation of -3.480 ns between top_block_i/fakernet/reg_switch_0/inst/trg_en_r_reg/C (clocked by clk_out5_top_block_clk_wiz_0_0) and top_block_i/appUnit/das_rx_0/inst/genblk1[0].bus_r_reg[0][257]/CE (clocked by clk_out1_top_block_clk_wiz_1_0). Large setup violations at the end of those stages might be difficult to fix during the post-placement implementation flow and could be the result of non-optimal XDC constraints or non-optimal design architecture
Related violations: <none>

TIMING-16#218 Warning
Large setup violation  
There is a large setup violation of -3.480 ns between top_block_i/fakernet/reg_switch_0/inst/trg_en_r_reg/C (clocked by clk_out5_top_block_clk_wiz_0_0) and top_block_i/appUnit/das_rx_0/inst/genblk1[0].bus_r_reg[0][267]/CE (clocked by clk_out1_top_block_clk_wiz_1_0). Large setup violations at the end of those stages might be difficult to fix during the post-placement implementation flow and could be the result of non-optimal XDC constraints or non-optimal design architecture
Related violations: <none>

TIMING-16#219 Warning
Large setup violation  
There is a large setup violation of -3.480 ns between top_block_i/fakernet/reg_switch_0/inst/trg_en_r_reg/C (clocked by clk_out5_top_block_clk_wiz_0_0) and top_block_i/appUnit/das_rx_0/inst/genblk1[0].bus_r_reg[0][277]/CE (clocked by clk_out1_top_block_clk_wiz_1_0). Large setup violations at the end of those stages might be difficult to fix during the post-placement implementation flow and could be the result of non-optimal XDC constraints or non-optimal design architecture
Related violations: <none>

TIMING-16#220 Warning
Large setup violation  
There is a large setup violation of -3.480 ns between top_block_i/fakernet/reg_switch_0/inst/trg_en_r_reg/C (clocked by clk_out5_top_block_clk_wiz_0_0) and top_block_i/appUnit/das_rx_0/inst/genblk1[0].bus_r_reg[0][287]/CE (clocked by clk_out1_top_block_clk_wiz_1_0). Large setup violations at the end of those stages might be difficult to fix during the post-placement implementation flow and could be the result of non-optimal XDC constraints or non-optimal design architecture
Related violations: <none>

TIMING-16#221 Warning
Large setup violation  
There is a large setup violation of -3.481 ns between top_block_i/fakernet/reg_switch_0/inst/trg_en_r_reg/C (clocked by clk_out5_top_block_clk_wiz_0_0) and top_block_i/appUnit/das_rx_0/inst/genblk1[0].bus_r_reg[0][136]/CE (clocked by clk_out1_top_block_clk_wiz_1_0). Large setup violations at the end of those stages might be difficult to fix during the post-placement implementation flow and could be the result of non-optimal XDC constraints or non-optimal design architecture
Related violations: <none>

TIMING-16#222 Warning
Large setup violation  
There is a large setup violation of -3.481 ns between top_block_i/fakernet/reg_switch_0/inst/trg_en_r_reg/C (clocked by clk_out5_top_block_clk_wiz_0_0) and top_block_i/appUnit/das_rx_0/inst/genblk1[0].bus_r_reg[0][146]/CE (clocked by clk_out1_top_block_clk_wiz_1_0). Large setup violations at the end of those stages might be difficult to fix during the post-placement implementation flow and could be the result of non-optimal XDC constraints or non-optimal design architecture
Related violations: <none>

TIMING-16#223 Warning
Large setup violation  
There is a large setup violation of -3.481 ns between top_block_i/fakernet/reg_switch_0/inst/trg_en_r_reg/C (clocked by clk_out5_top_block_clk_wiz_0_0) and top_block_i/appUnit/das_rx_0/inst/genblk1[0].bus_r_reg[0][156]/CE (clocked by clk_out1_top_block_clk_wiz_1_0). Large setup violations at the end of those stages might be difficult to fix during the post-placement implementation flow and could be the result of non-optimal XDC constraints or non-optimal design architecture
Related violations: <none>

TIMING-16#224 Warning
Large setup violation  
There is a large setup violation of -3.492 ns between top_block_i/fakernet/reg_switch_0/inst/trg_en_r_reg/C (clocked by clk_out5_top_block_clk_wiz_0_0) and top_block_i/appUnit/das_rx_0/inst/genblk1[0].bus_r_reg[0][280]/CE (clocked by clk_out1_top_block_clk_wiz_1_0). Large setup violations at the end of those stages might be difficult to fix during the post-placement implementation flow and could be the result of non-optimal XDC constraints or non-optimal design architecture
Related violations: <none>

TIMING-16#225 Warning
Large setup violation  
There is a large setup violation of -3.492 ns between top_block_i/fakernet/reg_switch_0/inst/trg_en_r_reg/C (clocked by clk_out5_top_block_clk_wiz_0_0) and top_block_i/appUnit/das_rx_0/inst/genblk1[0].bus_r_reg[0][290]/CE (clocked by clk_out1_top_block_clk_wiz_1_0). Large setup violations at the end of those stages might be difficult to fix during the post-placement implementation flow and could be the result of non-optimal XDC constraints or non-optimal design architecture
Related violations: <none>

TIMING-16#226 Warning
Large setup violation  
There is a large setup violation of -3.492 ns between top_block_i/fakernet/reg_switch_0/inst/trg_en_r_reg/C (clocked by clk_out5_top_block_clk_wiz_0_0) and top_block_i/appUnit/das_rx_0/inst/genblk1[0].bus_r_reg[0][300]/CE (clocked by clk_out1_top_block_clk_wiz_1_0). Large setup violations at the end of those stages might be difficult to fix during the post-placement implementation flow and could be the result of non-optimal XDC constraints or non-optimal design architecture
Related violations: <none>

TIMING-16#227 Warning
Large setup violation  
There is a large setup violation of -3.492 ns between top_block_i/fakernet/reg_switch_0/inst/trg_en_r_reg/C (clocked by clk_out5_top_block_clk_wiz_0_0) and top_block_i/appUnit/das_rx_0/inst/genblk1[0].bus_r_reg[0][310]/CE (clocked by clk_out1_top_block_clk_wiz_1_0). Large setup violations at the end of those stages might be difficult to fix during the post-placement implementation flow and could be the result of non-optimal XDC constraints or non-optimal design architecture
Related violations: <none>

TIMING-16#228 Warning
Large setup violation  
There is a large setup violation of -3.496 ns between top_block_i/fakernet/reg_switch_0/inst/trg_en_r_reg/C (clocked by clk_out5_top_block_clk_wiz_0_0) and top_block_i/appUnit/das_rx_0/inst/genblk1[0].bus_r_reg[0][266]/CE (clocked by clk_out1_top_block_clk_wiz_1_0). Large setup violations at the end of those stages might be difficult to fix during the post-placement implementation flow and could be the result of non-optimal XDC constraints or non-optimal design architecture
Related violations: <none>

TIMING-16#229 Warning
Large setup violation  
There is a large setup violation of -3.496 ns between top_block_i/fakernet/reg_switch_0/inst/trg_en_r_reg/C (clocked by clk_out5_top_block_clk_wiz_0_0) and top_block_i/appUnit/das_rx_0/inst/genblk1[0].bus_r_reg[0][276]/CE (clocked by clk_out1_top_block_clk_wiz_1_0). Large setup violations at the end of those stages might be difficult to fix during the post-placement implementation flow and could be the result of non-optimal XDC constraints or non-optimal design architecture
Related violations: <none>

TIMING-16#230 Warning
Large setup violation  
There is a large setup violation of -3.496 ns between top_block_i/fakernet/reg_switch_0/inst/trg_en_r_reg/C (clocked by clk_out5_top_block_clk_wiz_0_0) and top_block_i/appUnit/das_rx_0/inst/genblk1[0].bus_r_reg[0][316]/CE (clocked by clk_out1_top_block_clk_wiz_1_0). Large setup violations at the end of those stages might be difficult to fix during the post-placement implementation flow and could be the result of non-optimal XDC constraints or non-optimal design architecture
Related violations: <none>

TIMING-16#231 Warning
Large setup violation  
There is a large setup violation of -3.497 ns between top_block_i/fakernet/reg_switch_0/inst/trg_en_r_reg/C (clocked by clk_out5_top_block_clk_wiz_0_0) and top_block_i/appUnit/das_rx_0/inst/genblk1[0].bus_r_reg[0][101]/CE (clocked by clk_out1_top_block_clk_wiz_1_0). Large setup violations at the end of those stages might be difficult to fix during the post-placement implementation flow and could be the result of non-optimal XDC constraints or non-optimal design architecture
Related violations: <none>

TIMING-16#232 Warning
Large setup violation  
There is a large setup violation of -3.497 ns between top_block_i/fakernet/reg_switch_0/inst/trg_en_r_reg/C (clocked by clk_out5_top_block_clk_wiz_0_0) and top_block_i/appUnit/das_rx_0/inst/genblk1[0].bus_r_reg[0][111]/CE (clocked by clk_out1_top_block_clk_wiz_1_0). Large setup violations at the end of those stages might be difficult to fix during the post-placement implementation flow and could be the result of non-optimal XDC constraints or non-optimal design architecture
Related violations: <none>

TIMING-16#233 Warning
Large setup violation  
There is a large setup violation of -3.497 ns between top_block_i/fakernet/reg_switch_0/inst/trg_en_r_reg/C (clocked by clk_out5_top_block_clk_wiz_0_0) and top_block_i/appUnit/das_rx_0/inst/genblk1[0].bus_r_reg[0][38]/CE (clocked by clk_out1_top_block_clk_wiz_1_0). Large setup violations at the end of those stages might be difficult to fix during the post-placement implementation flow and could be the result of non-optimal XDC constraints or non-optimal design architecture
Related violations: <none>

TIMING-16#234 Warning
Large setup violation  
There is a large setup violation of -3.497 ns between top_block_i/fakernet/reg_switch_0/inst/trg_en_r_reg/C (clocked by clk_out5_top_block_clk_wiz_0_0) and top_block_i/appUnit/das_rx_0/inst/genblk1[0].bus_r_reg[0][48]/CE (clocked by clk_out1_top_block_clk_wiz_1_0). Large setup violations at the end of those stages might be difficult to fix during the post-placement implementation flow and could be the result of non-optimal XDC constraints or non-optimal design architecture
Related violations: <none>

TIMING-16#235 Warning
Large setup violation  
There is a large setup violation of -3.497 ns between top_block_i/fakernet/reg_switch_0/inst/trg_en_r_reg/C (clocked by clk_out5_top_block_clk_wiz_0_0) and top_block_i/appUnit/das_rx_0/inst/genblk1[0].bus_r_reg[0][58]/CE (clocked by clk_out1_top_block_clk_wiz_1_0). Large setup violations at the end of those stages might be difficult to fix during the post-placement implementation flow and could be the result of non-optimal XDC constraints or non-optimal design architecture
Related violations: <none>

TIMING-16#236 Warning
Large setup violation  
There is a large setup violation of -3.497 ns between top_block_i/fakernet/reg_switch_0/inst/trg_en_r_reg/C (clocked by clk_out5_top_block_clk_wiz_0_0) and top_block_i/appUnit/das_rx_0/inst/genblk1[0].bus_r_reg[0][81]/CE (clocked by clk_out1_top_block_clk_wiz_1_0). Large setup violations at the end of those stages might be difficult to fix during the post-placement implementation flow and could be the result of non-optimal XDC constraints or non-optimal design architecture
Related violations: <none>

TIMING-16#237 Warning
Large setup violation  
There is a large setup violation of -3.497 ns between top_block_i/fakernet/reg_switch_0/inst/trg_en_r_reg/C (clocked by clk_out5_top_block_clk_wiz_0_0) and top_block_i/appUnit/das_rx_0/inst/genblk1[0].bus_r_reg[0][91]/CE (clocked by clk_out1_top_block_clk_wiz_1_0). Large setup violations at the end of those stages might be difficult to fix during the post-placement implementation flow and could be the result of non-optimal XDC constraints or non-optimal design architecture
Related violations: <none>

TIMING-16#238 Warning
Large setup violation  
There is a large setup violation of -3.500 ns between top_block_i/fakernet/reg_switch_0/inst/trg_en_r_reg/C (clocked by clk_out5_top_block_clk_wiz_0_0) and top_block_i/appUnit/das_rx_0/inst/genblk1[0].bus_r_reg[0][297]/CE (clocked by clk_out1_top_block_clk_wiz_1_0). Large setup violations at the end of those stages might be difficult to fix during the post-placement implementation flow and could be the result of non-optimal XDC constraints or non-optimal design architecture
Related violations: <none>

TIMING-16#239 Warning
Large setup violation  
There is a large setup violation of -3.500 ns between top_block_i/fakernet/reg_switch_0/inst/trg_en_r_reg/C (clocked by clk_out5_top_block_clk_wiz_0_0) and top_block_i/appUnit/das_rx_0/inst/genblk1[0].bus_r_reg[0][307]/CE (clocked by clk_out1_top_block_clk_wiz_1_0). Large setup violations at the end of those stages might be difficult to fix during the post-placement implementation flow and could be the result of non-optimal XDC constraints or non-optimal design architecture
Related violations: <none>

TIMING-16#240 Warning
Large setup violation  
There is a large setup violation of -3.500 ns between top_block_i/fakernet/reg_switch_0/inst/trg_en_r_reg/C (clocked by clk_out5_top_block_clk_wiz_0_0) and top_block_i/appUnit/das_rx_0/inst/genblk1[0].bus_r_reg[0][317]/CE (clocked by clk_out1_top_block_clk_wiz_1_0). Large setup violations at the end of those stages might be difficult to fix during the post-placement implementation flow and could be the result of non-optimal XDC constraints or non-optimal design architecture
Related violations: <none>

TIMING-16#241 Warning
Large setup violation  
There is a large setup violation of -3.505 ns between top_block_i/fakernet/reg_switch_0/inst/trg_en_r_reg/C (clocked by clk_out5_top_block_clk_wiz_0_0) and top_block_i/appUnit/das_rx_0/inst/genblk1[0].bus_r_reg[0][117]/CE (clocked by clk_out1_top_block_clk_wiz_1_0). Large setup violations at the end of those stages might be difficult to fix during the post-placement implementation flow and could be the result of non-optimal XDC constraints or non-optimal design architecture
Related violations: <none>

TIMING-16#242 Warning
Large setup violation  
There is a large setup violation of -3.505 ns between top_block_i/fakernet/reg_switch_0/inst/trg_en_r_reg/C (clocked by clk_out5_top_block_clk_wiz_0_0) and top_block_i/appUnit/das_rx_0/inst/genblk1[0].bus_r_reg[0][127]/CE (clocked by clk_out1_top_block_clk_wiz_1_0). Large setup violations at the end of those stages might be difficult to fix during the post-placement implementation flow and could be the result of non-optimal XDC constraints or non-optimal design architecture
Related violations: <none>

TIMING-16#243 Warning
Large setup violation  
There is a large setup violation of -3.505 ns between top_block_i/fakernet/reg_switch_0/inst/trg_en_r_reg/C (clocked by clk_out5_top_block_clk_wiz_0_0) and top_block_i/appUnit/das_rx_0/inst/genblk1[0].bus_r_reg[0][137]/CE (clocked by clk_out1_top_block_clk_wiz_1_0). Large setup violations at the end of those stages might be difficult to fix during the post-placement implementation flow and could be the result of non-optimal XDC constraints or non-optimal design architecture
Related violations: <none>

TIMING-16#244 Warning
Large setup violation  
There is a large setup violation of -3.505 ns between top_block_i/fakernet/reg_switch_0/inst/trg_en_r_reg/C (clocked by clk_out5_top_block_clk_wiz_0_0) and top_block_i/appUnit/das_rx_0/inst/genblk1[0].bus_r_reg[0][147]/CE (clocked by clk_out1_top_block_clk_wiz_1_0). Large setup violations at the end of those stages might be difficult to fix during the post-placement implementation flow and could be the result of non-optimal XDC constraints or non-optimal design architecture
Related violations: <none>

TIMING-16#245 Warning
Large setup violation  
There is a large setup violation of -3.511 ns between top_block_i/fakernet/reg_switch_0/inst/trg_en_r_reg/C (clocked by clk_out5_top_block_clk_wiz_0_0) and top_block_i/appUnit/das_rx_0/inst/genblk1[0].bus_r_reg[0][285]/CE (clocked by clk_out1_top_block_clk_wiz_1_0). Large setup violations at the end of those stages might be difficult to fix during the post-placement implementation flow and could be the result of non-optimal XDC constraints or non-optimal design architecture
Related violations: <none>

TIMING-16#246 Warning
Large setup violation  
There is a large setup violation of -3.511 ns between top_block_i/fakernet/reg_switch_0/inst/trg_en_r_reg/C (clocked by clk_out5_top_block_clk_wiz_0_0) and top_block_i/appUnit/das_rx_0/inst/genblk1[0].bus_r_reg[0][295]/CE (clocked by clk_out1_top_block_clk_wiz_1_0). Large setup violations at the end of those stages might be difficult to fix during the post-placement implementation flow and could be the result of non-optimal XDC constraints or non-optimal design architecture
Related violations: <none>

TIMING-16#247 Warning
Large setup violation  
There is a large setup violation of -3.511 ns between top_block_i/fakernet/reg_switch_0/inst/trg_en_r_reg/C (clocked by clk_out5_top_block_clk_wiz_0_0) and top_block_i/appUnit/das_rx_0/inst/genblk1[0].bus_r_reg[0][305]/CE (clocked by clk_out1_top_block_clk_wiz_1_0). Large setup violations at the end of those stages might be difficult to fix during the post-placement implementation flow and could be the result of non-optimal XDC constraints or non-optimal design architecture
Related violations: <none>

TIMING-16#248 Warning
Large setup violation  
There is a large setup violation of -3.512 ns between top_block_i/fakernet/reg_switch_0/inst/trg_en_r_reg/C (clocked by clk_out5_top_block_clk_wiz_0_0) and top_block_i/appUnit/das_rx_0/inst/genblk1[0].bus_r_reg[0][42]/CE (clocked by clk_out1_top_block_clk_wiz_1_0). Large setup violations at the end of those stages might be difficult to fix during the post-placement implementation flow and could be the result of non-optimal XDC constraints or non-optimal design architecture
Related violations: <none>

TIMING-16#249 Warning
Large setup violation  
There is a large setup violation of -3.512 ns between top_block_i/fakernet/reg_switch_0/inst/trg_en_r_reg/C (clocked by clk_out5_top_block_clk_wiz_0_0) and top_block_i/appUnit/das_rx_0/inst/genblk1[0].bus_r_reg[0][52]/CE (clocked by clk_out1_top_block_clk_wiz_1_0). Large setup violations at the end of those stages might be difficult to fix during the post-placement implementation flow and could be the result of non-optimal XDC constraints or non-optimal design architecture
Related violations: <none>

TIMING-16#250 Warning
Large setup violation  
There is a large setup violation of -3.512 ns between top_block_i/fakernet/reg_switch_0/inst/trg_en_r_reg/C (clocked by clk_out5_top_block_clk_wiz_0_0) and top_block_i/appUnit/das_rx_0/inst/genblk1[0].bus_r_reg[0][62]/CE (clocked by clk_out1_top_block_clk_wiz_1_0). Large setup violations at the end of those stages might be difficult to fix during the post-placement implementation flow and could be the result of non-optimal XDC constraints or non-optimal design architecture
Related violations: <none>

TIMING-16#251 Warning
Large setup violation  
There is a large setup violation of -3.515 ns between top_block_i/fakernet/reg_switch_0/inst/trg_en_r_reg/C (clocked by clk_out5_top_block_clk_wiz_0_0) and top_block_i/appUnit/das_rx_0/inst/genblk1[0].bus_r_reg[0][13]/CE (clocked by clk_out1_top_block_clk_wiz_1_0). Large setup violations at the end of those stages might be difficult to fix during the post-placement implementation flow and could be the result of non-optimal XDC constraints or non-optimal design architecture
Related violations: <none>

TIMING-16#252 Warning
Large setup violation  
There is a large setup violation of -3.515 ns between top_block_i/fakernet/reg_switch_0/inst/trg_en_r_reg/C (clocked by clk_out5_top_block_clk_wiz_0_0) and top_block_i/appUnit/das_rx_0/inst/genblk1[0].bus_r_reg[0][23]/CE (clocked by clk_out1_top_block_clk_wiz_1_0). Large setup violations at the end of those stages might be difficult to fix during the post-placement implementation flow and could be the result of non-optimal XDC constraints or non-optimal design architecture
Related violations: <none>

TIMING-16#253 Warning
Large setup violation  
There is a large setup violation of -3.515 ns between top_block_i/fakernet/reg_switch_0/inst/trg_en_r_reg/C (clocked by clk_out5_top_block_clk_wiz_0_0) and top_block_i/appUnit/das_rx_0/inst/genblk1[0].bus_r_reg[0][33]/CE (clocked by clk_out1_top_block_clk_wiz_1_0). Large setup violations at the end of those stages might be difficult to fix during the post-placement implementation flow and could be the result of non-optimal XDC constraints or non-optimal design architecture
Related violations: <none>

TIMING-16#254 Warning
Large setup violation  
There is a large setup violation of -3.515 ns between top_block_i/fakernet/reg_switch_0/inst/trg_en_r_reg/C (clocked by clk_out5_top_block_clk_wiz_0_0) and top_block_i/appUnit/das_rx_0/inst/genblk1[0].bus_r_reg[0][39]/CE (clocked by clk_out1_top_block_clk_wiz_1_0). Large setup violations at the end of those stages might be difficult to fix during the post-placement implementation flow and could be the result of non-optimal XDC constraints or non-optimal design architecture
Related violations: <none>

TIMING-16#255 Warning
Large setup violation  
There is a large setup violation of -3.515 ns between top_block_i/fakernet/reg_switch_0/inst/trg_en_r_reg/C (clocked by clk_out5_top_block_clk_wiz_0_0) and top_block_i/appUnit/das_rx_0/inst/genblk1[0].bus_r_reg[0][43]/CE (clocked by clk_out1_top_block_clk_wiz_1_0). Large setup violations at the end of those stages might be difficult to fix during the post-placement implementation flow and could be the result of non-optimal XDC constraints or non-optimal design architecture
Related violations: <none>

TIMING-16#256 Warning
Large setup violation  
There is a large setup violation of -3.515 ns between top_block_i/fakernet/reg_switch_0/inst/trg_en_r_reg/C (clocked by clk_out5_top_block_clk_wiz_0_0) and top_block_i/appUnit/das_rx_0/inst/genblk1[0].bus_r_reg[0][49]/CE (clocked by clk_out1_top_block_clk_wiz_1_0). Large setup violations at the end of those stages might be difficult to fix during the post-placement implementation flow and could be the result of non-optimal XDC constraints or non-optimal design architecture
Related violations: <none>

TIMING-16#257 Warning
Large setup violation  
There is a large setup violation of -3.515 ns between top_block_i/fakernet/reg_switch_0/inst/trg_en_r_reg/C (clocked by clk_out5_top_block_clk_wiz_0_0) and top_block_i/appUnit/das_rx_0/inst/genblk1[0].bus_r_reg[0][59]/CE (clocked by clk_out1_top_block_clk_wiz_1_0). Large setup violations at the end of those stages might be difficult to fix during the post-placement implementation flow and could be the result of non-optimal XDC constraints or non-optimal design architecture
Related violations: <none>

TIMING-16#258 Warning
Large setup violation  
There is a large setup violation of -3.515 ns between top_block_i/fakernet/reg_switch_0/inst/trg_en_r_reg/C (clocked by clk_out5_top_block_clk_wiz_0_0) and top_block_i/appUnit/das_rx_0/inst/genblk1[0].bus_r_reg[0][69]/CE (clocked by clk_out1_top_block_clk_wiz_1_0). Large setup violations at the end of those stages might be difficult to fix during the post-placement implementation flow and could be the result of non-optimal XDC constraints or non-optimal design architecture
Related violations: <none>

TIMING-16#259 Warning
Large setup violation  
There is a large setup violation of -3.516 ns between top_block_i/fakernet/reg_switch_0/inst/trg_en_r_reg/C (clocked by clk_out5_top_block_clk_wiz_0_0) and top_block_i/appUnit/das_rx_0/inst/genblk1[0].bus_r_reg[0][125]/CE (clocked by clk_out1_top_block_clk_wiz_1_0). Large setup violations at the end of those stages might be difficult to fix during the post-placement implementation flow and could be the result of non-optimal XDC constraints or non-optimal design architecture
Related violations: <none>

TIMING-16#260 Warning
Large setup violation  
There is a large setup violation of -3.516 ns between top_block_i/fakernet/reg_switch_0/inst/trg_en_r_reg/C (clocked by clk_out5_top_block_clk_wiz_0_0) and top_block_i/appUnit/das_rx_0/inst/genblk1[0].bus_r_reg[0][135]/CE (clocked by clk_out1_top_block_clk_wiz_1_0). Large setup violations at the end of those stages might be difficult to fix during the post-placement implementation flow and could be the result of non-optimal XDC constraints or non-optimal design architecture
Related violations: <none>

TIMING-16#261 Warning
Large setup violation  
There is a large setup violation of -3.516 ns between top_block_i/fakernet/reg_switch_0/inst/trg_en_r_reg/C (clocked by clk_out5_top_block_clk_wiz_0_0) and top_block_i/appUnit/das_rx_0/inst/genblk1[0].bus_r_reg[0][145]/CE (clocked by clk_out1_top_block_clk_wiz_1_0). Large setup violations at the end of those stages might be difficult to fix during the post-placement implementation flow and could be the result of non-optimal XDC constraints or non-optimal design architecture
Related violations: <none>

TIMING-16#262 Warning
Large setup violation  
There is a large setup violation of -3.516 ns between top_block_i/fakernet/reg_switch_0/inst/trg_en_r_reg/C (clocked by clk_out5_top_block_clk_wiz_0_0) and top_block_i/appUnit/das_rx_0/inst/genblk1[1].bus_r_reg[1][285]/CE (clocked by clk_out1_top_block_clk_wiz_1_0). Large setup violations at the end of those stages might be difficult to fix during the post-placement implementation flow and could be the result of non-optimal XDC constraints or non-optimal design architecture
Related violations: <none>

TIMING-16#263 Warning
Large setup violation  
There is a large setup violation of -3.516 ns between top_block_i/fakernet/reg_switch_0/inst/trg_en_r_reg/C (clocked by clk_out5_top_block_clk_wiz_0_0) and top_block_i/appUnit/das_rx_0/inst/genblk1[1].bus_r_reg[1][295]/CE (clocked by clk_out1_top_block_clk_wiz_1_0). Large setup violations at the end of those stages might be difficult to fix during the post-placement implementation flow and could be the result of non-optimal XDC constraints or non-optimal design architecture
Related violations: <none>

TIMING-16#264 Warning
Large setup violation  
There is a large setup violation of -3.516 ns between top_block_i/fakernet/reg_switch_0/inst/trg_en_r_reg/C (clocked by clk_out5_top_block_clk_wiz_0_0) and top_block_i/appUnit/das_rx_0/inst/genblk1[1].bus_r_reg[1][305]/CE (clocked by clk_out1_top_block_clk_wiz_1_0). Large setup violations at the end of those stages might be difficult to fix during the post-placement implementation flow and could be the result of non-optimal XDC constraints or non-optimal design architecture
Related violations: <none>

TIMING-16#265 Warning
Large setup violation  
There is a large setup violation of -3.516 ns between top_block_i/fakernet/reg_switch_0/inst/trg_en_r_reg/C (clocked by clk_out5_top_block_clk_wiz_0_0) and top_block_i/appUnit/das_rx_0/inst/genblk1[1].bus_r_reg[1][315]/CE (clocked by clk_out1_top_block_clk_wiz_1_0). Large setup violations at the end of those stages might be difficult to fix during the post-placement implementation flow and could be the result of non-optimal XDC constraints or non-optimal design architecture
Related violations: <none>

TIMING-16#266 Warning
Large setup violation  
There is a large setup violation of -3.517 ns between top_block_i/fakernet/reg_switch_0/inst/trg_en_r_reg/C (clocked by clk_out5_top_block_clk_wiz_0_0) and top_block_i/appUnit/das_rx_0/inst/genblk1[1].bus_r_reg[1][282]/CE (clocked by clk_out1_top_block_clk_wiz_1_0). Large setup violations at the end of those stages might be difficult to fix during the post-placement implementation flow and could be the result of non-optimal XDC constraints or non-optimal design architecture
Related violations: <none>

TIMING-16#267 Warning
Large setup violation  
There is a large setup violation of -3.517 ns between top_block_i/fakernet/reg_switch_0/inst/trg_en_r_reg/C (clocked by clk_out5_top_block_clk_wiz_0_0) and top_block_i/appUnit/das_rx_0/inst/genblk1[1].bus_r_reg[1][292]/CE (clocked by clk_out1_top_block_clk_wiz_1_0). Large setup violations at the end of those stages might be difficult to fix during the post-placement implementation flow and could be the result of non-optimal XDC constraints or non-optimal design architecture
Related violations: <none>

TIMING-16#268 Warning
Large setup violation  
There is a large setup violation of -3.517 ns between top_block_i/fakernet/reg_switch_0/inst/trg_en_r_reg/C (clocked by clk_out5_top_block_clk_wiz_0_0) and top_block_i/appUnit/das_rx_0/inst/genblk1[1].bus_r_reg[1][302]/CE (clocked by clk_out1_top_block_clk_wiz_1_0). Large setup violations at the end of those stages might be difficult to fix during the post-placement implementation flow and could be the result of non-optimal XDC constraints or non-optimal design architecture
Related violations: <none>

TIMING-16#269 Warning
Large setup violation  
There is a large setup violation of -3.518 ns between top_block_i/fakernet/reg_switch_0/inst/trg_en_r_reg/C (clocked by clk_out5_top_block_clk_wiz_0_0) and top_block_i/appUnit/das_rx_0/inst/genblk1[1].bus_r_reg[1][16]/CE (clocked by clk_out1_top_block_clk_wiz_1_0). Large setup violations at the end of those stages might be difficult to fix during the post-placement implementation flow and could be the result of non-optimal XDC constraints or non-optimal design architecture
Related violations: <none>

TIMING-16#270 Warning
Large setup violation  
There is a large setup violation of -3.518 ns between top_block_i/fakernet/reg_switch_0/inst/trg_en_r_reg/C (clocked by clk_out5_top_block_clk_wiz_0_0) and top_block_i/appUnit/das_rx_0/inst/genblk1[1].bus_r_reg[1][262]/CE (clocked by clk_out1_top_block_clk_wiz_1_0). Large setup violations at the end of those stages might be difficult to fix during the post-placement implementation flow and could be the result of non-optimal XDC constraints or non-optimal design architecture
Related violations: <none>

TIMING-16#271 Warning
Large setup violation  
There is a large setup violation of -3.518 ns between top_block_i/fakernet/reg_switch_0/inst/trg_en_r_reg/C (clocked by clk_out5_top_block_clk_wiz_0_0) and top_block_i/appUnit/das_rx_0/inst/genblk1[1].bus_r_reg[1][26]/CE (clocked by clk_out1_top_block_clk_wiz_1_0). Large setup violations at the end of those stages might be difficult to fix during the post-placement implementation flow and could be the result of non-optimal XDC constraints or non-optimal design architecture
Related violations: <none>

TIMING-16#272 Warning
Large setup violation  
There is a large setup violation of -3.518 ns between top_block_i/fakernet/reg_switch_0/inst/trg_en_r_reg/C (clocked by clk_out5_top_block_clk_wiz_0_0) and top_block_i/appUnit/das_rx_0/inst/genblk1[1].bus_r_reg[1][36]/CE (clocked by clk_out1_top_block_clk_wiz_1_0). Large setup violations at the end of those stages might be difficult to fix during the post-placement implementation flow and could be the result of non-optimal XDC constraints or non-optimal design architecture
Related violations: <none>

TIMING-16#273 Warning
Large setup violation  
There is a large setup violation of -3.518 ns between top_block_i/fakernet/reg_switch_0/inst/trg_en_r_reg/C (clocked by clk_out5_top_block_clk_wiz_0_0) and top_block_i/appUnit/das_rx_0/inst/genblk1[1].bus_r_reg[1][6]/CE (clocked by clk_out1_top_block_clk_wiz_1_0). Large setup violations at the end of those stages might be difficult to fix during the post-placement implementation flow and could be the result of non-optimal XDC constraints or non-optimal design architecture
Related violations: <none>

TIMING-16#274 Warning
Large setup violation  
There is a large setup violation of -3.519 ns between top_block_i/fakernet/reg_switch_0/inst/trg_en_r_reg/C (clocked by clk_out5_top_block_clk_wiz_0_0) and top_block_i/appUnit/das_rx_0/inst/genblk1[0].bus_r_reg[0][119]/CE (clocked by clk_out1_top_block_clk_wiz_1_0). Large setup violations at the end of those stages might be difficult to fix during the post-placement implementation flow and could be the result of non-optimal XDC constraints or non-optimal design architecture
Related violations: <none>

TIMING-16#275 Warning
Large setup violation  
There is a large setup violation of -3.519 ns between top_block_i/fakernet/reg_switch_0/inst/trg_en_r_reg/C (clocked by clk_out5_top_block_clk_wiz_0_0) and top_block_i/appUnit/das_rx_0/inst/genblk1[0].bus_r_reg[0][129]/CE (clocked by clk_out1_top_block_clk_wiz_1_0). Large setup violations at the end of those stages might be difficult to fix during the post-placement implementation flow and could be the result of non-optimal XDC constraints or non-optimal design architecture
Related violations: <none>

TIMING-16#276 Warning
Large setup violation  
There is a large setup violation of -3.519 ns between top_block_i/fakernet/reg_switch_0/inst/trg_en_r_reg/C (clocked by clk_out5_top_block_clk_wiz_0_0) and top_block_i/appUnit/das_rx_0/inst/genblk1[1].bus_r_reg[1][17]/CE (clocked by clk_out1_top_block_clk_wiz_1_0). Large setup violations at the end of those stages might be difficult to fix during the post-placement implementation flow and could be the result of non-optimal XDC constraints or non-optimal design architecture
Related violations: <none>

TIMING-16#277 Warning
Large setup violation  
There is a large setup violation of -3.519 ns between top_block_i/fakernet/reg_switch_0/inst/trg_en_r_reg/C (clocked by clk_out5_top_block_clk_wiz_0_0) and top_block_i/appUnit/das_rx_0/inst/genblk1[1].bus_r_reg[1][265]/CE (clocked by clk_out1_top_block_clk_wiz_1_0). Large setup violations at the end of those stages might be difficult to fix during the post-placement implementation flow and could be the result of non-optimal XDC constraints or non-optimal design architecture
Related violations: <none>

TIMING-16#278 Warning
Large setup violation  
There is a large setup violation of -3.519 ns between top_block_i/fakernet/reg_switch_0/inst/trg_en_r_reg/C (clocked by clk_out5_top_block_clk_wiz_0_0) and top_block_i/appUnit/das_rx_0/inst/genblk1[1].bus_r_reg[1][272]/CE (clocked by clk_out1_top_block_clk_wiz_1_0). Large setup violations at the end of those stages might be difficult to fix during the post-placement implementation flow and could be the result of non-optimal XDC constraints or non-optimal design architecture
Related violations: <none>

TIMING-16#279 Warning
Large setup violation  
There is a large setup violation of -3.519 ns between top_block_i/fakernet/reg_switch_0/inst/trg_en_r_reg/C (clocked by clk_out5_top_block_clk_wiz_0_0) and top_block_i/appUnit/das_rx_0/inst/genblk1[1].bus_r_reg[1][275]/CE (clocked by clk_out1_top_block_clk_wiz_1_0). Large setup violations at the end of those stages might be difficult to fix during the post-placement implementation flow and could be the result of non-optimal XDC constraints or non-optimal design architecture
Related violations: <none>

TIMING-16#280 Warning
Large setup violation  
There is a large setup violation of -3.519 ns between top_block_i/fakernet/reg_switch_0/inst/trg_en_r_reg/C (clocked by clk_out5_top_block_clk_wiz_0_0) and top_block_i/appUnit/das_rx_0/inst/genblk1[1].bus_r_reg[1][27]/CE (clocked by clk_out1_top_block_clk_wiz_1_0). Large setup violations at the end of those stages might be difficult to fix during the post-placement implementation flow and could be the result of non-optimal XDC constraints or non-optimal design architecture
Related violations: <none>

TIMING-16#281 Warning
Large setup violation  
There is a large setup violation of -3.519 ns between top_block_i/fakernet/reg_switch_0/inst/trg_en_r_reg/C (clocked by clk_out5_top_block_clk_wiz_0_0) and top_block_i/appUnit/das_rx_0/inst/genblk1[1].bus_r_reg[1][312]/CE (clocked by clk_out1_top_block_clk_wiz_1_0). Large setup violations at the end of those stages might be difficult to fix during the post-placement implementation flow and could be the result of non-optimal XDC constraints or non-optimal design architecture
Related violations: <none>

TIMING-16#282 Warning
Large setup violation  
There is a large setup violation of -3.519 ns between top_block_i/fakernet/reg_switch_0/inst/trg_en_r_reg/C (clocked by clk_out5_top_block_clk_wiz_0_0) and top_block_i/appUnit/das_rx_0/inst/genblk1[1].bus_r_reg[1][7]/CE (clocked by clk_out1_top_block_clk_wiz_1_0). Large setup violations at the end of those stages might be difficult to fix during the post-placement implementation flow and could be the result of non-optimal XDC constraints or non-optimal design architecture
Related violations: <none>

TIMING-16#283 Warning
Large setup violation  
There is a large setup violation of -3.520 ns between top_block_i/fakernet/reg_switch_0/inst/trg_en_r_reg/C (clocked by clk_out5_top_block_clk_wiz_0_0) and top_block_i/appUnit/das_rx_0/inst/genblk1[0].bus_r_reg[0][282]/CE (clocked by clk_out1_top_block_clk_wiz_1_0). Large setup violations at the end of those stages might be difficult to fix during the post-placement implementation flow and could be the result of non-optimal XDC constraints or non-optimal design architecture
Related violations: <none>

TIMING-16#284 Warning
Large setup violation  
There is a large setup violation of -3.520 ns between top_block_i/fakernet/reg_switch_0/inst/trg_en_r_reg/C (clocked by clk_out5_top_block_clk_wiz_0_0) and top_block_i/appUnit/das_rx_0/inst/genblk1[0].bus_r_reg[0][292]/CE (clocked by clk_out1_top_block_clk_wiz_1_0). Large setup violations at the end of those stages might be difficult to fix during the post-placement implementation flow and could be the result of non-optimal XDC constraints or non-optimal design architecture
Related violations: <none>

TIMING-16#285 Warning
Large setup violation  
There is a large setup violation of -3.520 ns between top_block_i/fakernet/reg_switch_0/inst/trg_en_r_reg/C (clocked by clk_out5_top_block_clk_wiz_0_0) and top_block_i/appUnit/das_rx_0/inst/genblk1[0].bus_r_reg[0][302]/CE (clocked by clk_out1_top_block_clk_wiz_1_0). Large setup violations at the end of those stages might be difficult to fix during the post-placement implementation flow and could be the result of non-optimal XDC constraints or non-optimal design architecture
Related violations: <none>

TIMING-16#286 Warning
Large setup violation  
There is a large setup violation of -3.520 ns between top_block_i/fakernet/reg_switch_0/inst/trg_en_r_reg/C (clocked by clk_out5_top_block_clk_wiz_0_0) and top_block_i/appUnit/das_rx_0/inst/genblk1[0].bus_r_reg[0][312]/CE (clocked by clk_out1_top_block_clk_wiz_1_0). Large setup violations at the end of those stages might be difficult to fix during the post-placement implementation flow and could be the result of non-optimal XDC constraints or non-optimal design architecture
Related violations: <none>

TIMING-16#287 Warning
Large setup violation  
There is a large setup violation of -3.520 ns between top_block_i/fakernet/reg_switch_0/inst/trg_en_r_reg/C (clocked by clk_out5_top_block_clk_wiz_0_0) and top_block_i/appUnit/das_rx_0/inst/genblk1[1].bus_reg[1][101]/CE (clocked by clk_out1_top_block_clk_wiz_1_0). Large setup violations at the end of those stages might be difficult to fix during the post-placement implementation flow and could be the result of non-optimal XDC constraints or non-optimal design architecture
Related violations: <none>

TIMING-16#288 Warning
Large setup violation  
There is a large setup violation of -3.522 ns between top_block_i/fakernet/reg_switch_0/inst/trg_en_r_reg/C (clocked by clk_out5_top_block_clk_wiz_0_0) and top_block_i/appUnit/das_rx_0/inst/genblk1[0].bus_r_reg[0][139]/CE (clocked by clk_out1_top_block_clk_wiz_1_0). Large setup violations at the end of those stages might be difficult to fix during the post-placement implementation flow and could be the result of non-optimal XDC constraints or non-optimal design architecture
Related violations: <none>

TIMING-16#289 Warning
Large setup violation  
There is a large setup violation of -3.522 ns between top_block_i/fakernet/reg_switch_0/inst/trg_en_r_reg/C (clocked by clk_out5_top_block_clk_wiz_0_0) and top_block_i/appUnit/das_rx_0/inst/genblk1[0].bus_r_reg[0][149]/CE (clocked by clk_out1_top_block_clk_wiz_1_0). Large setup violations at the end of those stages might be difficult to fix during the post-placement implementation flow and could be the result of non-optimal XDC constraints or non-optimal design architecture
Related violations: <none>

TIMING-16#290 Warning
Large setup violation  
There is a large setup violation of -3.522 ns between top_block_i/fakernet/reg_switch_0/inst/trg_en_r_reg/C (clocked by clk_out5_top_block_clk_wiz_0_0) and top_block_i/appUnit/das_rx_0/inst/genblk1[1].bus_r_reg[1][271]/CE (clocked by clk_out1_top_block_clk_wiz_1_0). Large setup violations at the end of those stages might be difficult to fix during the post-placement implementation flow and could be the result of non-optimal XDC constraints or non-optimal design architecture
Related violations: <none>

TIMING-16#291 Warning
Large setup violation  
There is a large setup violation of -3.522 ns between top_block_i/fakernet/reg_switch_0/inst/trg_en_r_reg/C (clocked by clk_out5_top_block_clk_wiz_0_0) and top_block_i/appUnit/das_rx_0/inst/genblk1[1].bus_r_reg[1][281]/CE (clocked by clk_out1_top_block_clk_wiz_1_0). Large setup violations at the end of those stages might be difficult to fix during the post-placement implementation flow and could be the result of non-optimal XDC constraints or non-optimal design architecture
Related violations: <none>

TIMING-16#292 Warning
Large setup violation  
There is a large setup violation of -3.522 ns between top_block_i/fakernet/reg_switch_0/inst/trg_en_r_reg/C (clocked by clk_out5_top_block_clk_wiz_0_0) and top_block_i/appUnit/das_rx_0/inst/genblk1[1].bus_r_reg[1][291]/CE (clocked by clk_out1_top_block_clk_wiz_1_0). Large setup violations at the end of those stages might be difficult to fix during the post-placement implementation flow and could be the result of non-optimal XDC constraints or non-optimal design architecture
Related violations: <none>

TIMING-16#293 Warning
Large setup violation  
There is a large setup violation of -3.522 ns between top_block_i/fakernet/reg_switch_0/inst/trg_en_r_reg/C (clocked by clk_out5_top_block_clk_wiz_0_0) and top_block_i/appUnit/das_rx_0/inst/genblk1[1].bus_r_reg[1][44]/CE (clocked by clk_out1_top_block_clk_wiz_1_0). Large setup violations at the end of those stages might be difficult to fix during the post-placement implementation flow and could be the result of non-optimal XDC constraints or non-optimal design architecture
Related violations: <none>

TIMING-16#294 Warning
Large setup violation  
There is a large setup violation of -3.523 ns between top_block_i/fakernet/reg_switch_0/inst/trg_en_r_reg/C (clocked by clk_out5_top_block_clk_wiz_0_0) and top_block_i/appUnit/das_rx_0/inst/genblk1[0].bus_r_reg[0][128]/CE (clocked by clk_out1_top_block_clk_wiz_1_0). Large setup violations at the end of those stages might be difficult to fix during the post-placement implementation flow and could be the result of non-optimal XDC constraints or non-optimal design architecture
Related violations: <none>

TIMING-16#295 Warning
Large setup violation  
There is a large setup violation of -3.523 ns between top_block_i/fakernet/reg_switch_0/inst/trg_en_r_reg/C (clocked by clk_out5_top_block_clk_wiz_0_0) and top_block_i/appUnit/das_rx_0/inst/genblk1[0].bus_r_reg[0][138]/CE (clocked by clk_out1_top_block_clk_wiz_1_0). Large setup violations at the end of those stages might be difficult to fix during the post-placement implementation flow and could be the result of non-optimal XDC constraints or non-optimal design architecture
Related violations: <none>

TIMING-16#296 Warning
Large setup violation  
There is a large setup violation of -3.523 ns between top_block_i/fakernet/reg_switch_0/inst/trg_en_r_reg/C (clocked by clk_out5_top_block_clk_wiz_0_0) and top_block_i/appUnit/das_rx_0/inst/genblk1[0].bus_r_reg[0][148]/CE (clocked by clk_out1_top_block_clk_wiz_1_0). Large setup violations at the end of those stages might be difficult to fix during the post-placement implementation flow and could be the result of non-optimal XDC constraints or non-optimal design architecture
Related violations: <none>

TIMING-16#297 Warning
Large setup violation  
There is a large setup violation of -3.523 ns between top_block_i/fakernet/reg_switch_0/inst/trg_en_r_reg/C (clocked by clk_out5_top_block_clk_wiz_0_0) and top_block_i/appUnit/das_rx_0/inst/genblk1[0].bus_r_reg[0][158]/CE (clocked by clk_out1_top_block_clk_wiz_1_0). Large setup violations at the end of those stages might be difficult to fix during the post-placement implementation flow and could be the result of non-optimal XDC constraints or non-optimal design architecture
Related violations: <none>

TIMING-16#298 Warning
Large setup violation  
There is a large setup violation of -3.523 ns between top_block_i/fakernet/reg_switch_0/inst/trg_en_r_reg/C (clocked by clk_out5_top_block_clk_wiz_0_0) and top_block_i/appUnit/das_rx_0/inst/genblk1[1].bus_r_reg[1][13]/CE (clocked by clk_out1_top_block_clk_wiz_1_0). Large setup violations at the end of those stages might be difficult to fix during the post-placement implementation flow and could be the result of non-optimal XDC constraints or non-optimal design architecture
Related violations: <none>

TIMING-16#299 Warning
Large setup violation  
There is a large setup violation of -3.523 ns between top_block_i/fakernet/reg_switch_0/inst/trg_en_r_reg/C (clocked by clk_out5_top_block_clk_wiz_0_0) and top_block_i/appUnit/das_rx_0/inst/genblk1[1].bus_r_reg[1][23]/CE (clocked by clk_out1_top_block_clk_wiz_1_0). Large setup violations at the end of those stages might be difficult to fix during the post-placement implementation flow and could be the result of non-optimal XDC constraints or non-optimal design architecture
Related violations: <none>

TIMING-16#300 Warning
Large setup violation  
There is a large setup violation of -3.523 ns between top_block_i/fakernet/reg_switch_0/inst/trg_en_r_reg/C (clocked by clk_out5_top_block_clk_wiz_0_0) and top_block_i/appUnit/das_rx_0/inst/genblk1[1].bus_r_reg[1][33]/CE (clocked by clk_out1_top_block_clk_wiz_1_0). Large setup violations at the end of those stages might be difficult to fix during the post-placement implementation flow and could be the result of non-optimal XDC constraints or non-optimal design architecture
Related violations: <none>

TIMING-16#301 Warning
Large setup violation  
There is a large setup violation of -3.523 ns between top_block_i/fakernet/reg_switch_0/inst/trg_en_r_reg/C (clocked by clk_out5_top_block_clk_wiz_0_0) and top_block_i/appUnit/das_rx_0/inst/genblk1[1].bus_r_reg[1][43]/CE (clocked by clk_out1_top_block_clk_wiz_1_0). Large setup violations at the end of those stages might be difficult to fix during the post-placement implementation flow and could be the result of non-optimal XDC constraints or non-optimal design architecture
Related violations: <none>

TIMING-16#302 Warning
Large setup violation  
There is a large setup violation of -3.526 ns between top_block_i/fakernet/reg_switch_0/inst/trg_en_r_reg/C (clocked by clk_out5_top_block_clk_wiz_0_0) and top_block_i/appUnit/das_rx_0/inst/genblk1[1].bus_r_reg[1][14]/CE (clocked by clk_out1_top_block_clk_wiz_1_0). Large setup violations at the end of those stages might be difficult to fix during the post-placement implementation flow and could be the result of non-optimal XDC constraints or non-optimal design architecture
Related violations: <none>

TIMING-16#303 Warning
Large setup violation  
There is a large setup violation of -3.526 ns between top_block_i/fakernet/reg_switch_0/inst/trg_en_r_reg/C (clocked by clk_out5_top_block_clk_wiz_0_0) and top_block_i/appUnit/das_rx_0/inst/genblk1[1].bus_r_reg[1][15]/CE (clocked by clk_out1_top_block_clk_wiz_1_0). Large setup violations at the end of those stages might be difficult to fix during the post-placement implementation flow and could be the result of non-optimal XDC constraints or non-optimal design architecture
Related violations: <none>

TIMING-16#304 Warning
Large setup violation  
There is a large setup violation of -3.526 ns between top_block_i/fakernet/reg_switch_0/inst/trg_en_r_reg/C (clocked by clk_out5_top_block_clk_wiz_0_0) and top_block_i/appUnit/das_rx_0/inst/genblk1[1].bus_r_reg[1][24]/CE (clocked by clk_out1_top_block_clk_wiz_1_0). Large setup violations at the end of those stages might be difficult to fix during the post-placement implementation flow and could be the result of non-optimal XDC constraints or non-optimal design architecture
Related violations: <none>

TIMING-16#305 Warning
Large setup violation  
There is a large setup violation of -3.526 ns between top_block_i/fakernet/reg_switch_0/inst/trg_en_r_reg/C (clocked by clk_out5_top_block_clk_wiz_0_0) and top_block_i/appUnit/das_rx_0/inst/genblk1[1].bus_r_reg[1][34]/CE (clocked by clk_out1_top_block_clk_wiz_1_0). Large setup violations at the end of those stages might be difficult to fix during the post-placement implementation flow and could be the result of non-optimal XDC constraints or non-optimal design architecture
Related violations: <none>

TIMING-16#306 Warning
Large setup violation  
There is a large setup violation of -3.526 ns between top_block_i/fakernet/reg_switch_0/inst/trg_en_r_reg/C (clocked by clk_out5_top_block_clk_wiz_0_0) and top_block_i/appUnit/das_rx_0/inst/genblk1[1].bus_r_reg[1][3]/CE (clocked by clk_out1_top_block_clk_wiz_1_0). Large setup violations at the end of those stages might be difficult to fix during the post-placement implementation flow and could be the result of non-optimal XDC constraints or non-optimal design architecture
Related violations: <none>

TIMING-16#307 Warning
Large setup violation  
There is a large setup violation of -3.526 ns between top_block_i/fakernet/reg_switch_0/inst/trg_en_r_reg/C (clocked by clk_out5_top_block_clk_wiz_0_0) and top_block_i/appUnit/das_rx_0/inst/genblk1[1].bus_r_reg[1][4]/CE (clocked by clk_out1_top_block_clk_wiz_1_0). Large setup violations at the end of those stages might be difficult to fix during the post-placement implementation flow and could be the result of non-optimal XDC constraints or non-optimal design architecture
Related violations: <none>

TIMING-16#308 Warning
Large setup violation  
There is a large setup violation of -3.526 ns between top_block_i/fakernet/reg_switch_0/inst/trg_en_r_reg/C (clocked by clk_out5_top_block_clk_wiz_0_0) and top_block_i/appUnit/das_rx_0/inst/genblk1[1].bus_r_reg[1][5]/CE (clocked by clk_out1_top_block_clk_wiz_1_0). Large setup violations at the end of those stages might be difficult to fix during the post-placement implementation flow and could be the result of non-optimal XDC constraints or non-optimal design architecture
Related violations: <none>

TIMING-16#309 Warning
Large setup violation  
There is a large setup violation of -3.536 ns between top_block_i/fakernet/reg_switch_0/inst/trg_en_r_reg/C (clocked by clk_out5_top_block_clk_wiz_0_0) and top_block_i/appUnit/das_rx_0/inst/genblk1[0].bus_r_reg[0][108]/CE (clocked by clk_out1_top_block_clk_wiz_1_0). Large setup violations at the end of those stages might be difficult to fix during the post-placement implementation flow and could be the result of non-optimal XDC constraints or non-optimal design architecture
Related violations: <none>

TIMING-16#310 Warning
Large setup violation  
There is a large setup violation of -3.536 ns between top_block_i/fakernet/reg_switch_0/inst/trg_en_r_reg/C (clocked by clk_out5_top_block_clk_wiz_0_0) and top_block_i/appUnit/das_rx_0/inst/genblk1[0].bus_r_reg[0][118]/CE (clocked by clk_out1_top_block_clk_wiz_1_0). Large setup violations at the end of those stages might be difficult to fix during the post-placement implementation flow and could be the result of non-optimal XDC constraints or non-optimal design architecture
Related violations: <none>

TIMING-16#311 Warning
Large setup violation  
There is a large setup violation of -3.536 ns between top_block_i/fakernet/reg_switch_0/inst/trg_en_r_reg/C (clocked by clk_out5_top_block_clk_wiz_0_0) and top_block_i/appUnit/das_rx_0/inst/genblk1[0].bus_r_reg[0][88]/CE (clocked by clk_out1_top_block_clk_wiz_1_0). Large setup violations at the end of those stages might be difficult to fix during the post-placement implementation flow and could be the result of non-optimal XDC constraints or non-optimal design architecture
Related violations: <none>

TIMING-16#312 Warning
Large setup violation  
There is a large setup violation of -3.536 ns between top_block_i/fakernet/reg_switch_0/inst/trg_en_r_reg/C (clocked by clk_out5_top_block_clk_wiz_0_0) and top_block_i/appUnit/das_rx_0/inst/genblk1[0].bus_r_reg[0][98]/CE (clocked by clk_out1_top_block_clk_wiz_1_0). Large setup violations at the end of those stages might be difficult to fix during the post-placement implementation flow and could be the result of non-optimal XDC constraints or non-optimal design architecture
Related violations: <none>

TIMING-16#313 Warning
Large setup violation  
There is a large setup violation of -3.548 ns between top_block_i/fakernet/reg_switch_0/inst/trg_en_r_reg/C (clocked by clk_out5_top_block_clk_wiz_0_0) and top_block_i/appUnit/das_rx_0/inst/genblk1[1].bus_r_reg[1][293]/CE (clocked by clk_out1_top_block_clk_wiz_1_0). Large setup violations at the end of those stages might be difficult to fix during the post-placement implementation flow and could be the result of non-optimal XDC constraints or non-optimal design architecture
Related violations: <none>

TIMING-16#314 Warning
Large setup violation  
There is a large setup violation of -3.548 ns between top_block_i/fakernet/reg_switch_0/inst/trg_en_r_reg/C (clocked by clk_out5_top_block_clk_wiz_0_0) and top_block_i/appUnit/das_rx_0/inst/genblk1[1].bus_r_reg[1][303]/CE (clocked by clk_out1_top_block_clk_wiz_1_0). Large setup violations at the end of those stages might be difficult to fix during the post-placement implementation flow and could be the result of non-optimal XDC constraints or non-optimal design architecture
Related violations: <none>

TIMING-16#315 Warning
Large setup violation  
There is a large setup violation of -3.548 ns between top_block_i/fakernet/reg_switch_0/inst/trg_en_r_reg/C (clocked by clk_out5_top_block_clk_wiz_0_0) and top_block_i/appUnit/das_rx_0/inst/genblk1[1].bus_r_reg[1][313]/CE (clocked by clk_out1_top_block_clk_wiz_1_0). Large setup violations at the end of those stages might be difficult to fix during the post-placement implementation flow and could be the result of non-optimal XDC constraints or non-optimal design architecture
Related violations: <none>

TIMING-16#316 Warning
Large setup violation  
There is a large setup violation of -3.548 ns between top_block_i/fakernet/reg_switch_0/inst/trg_en_r_reg/C (clocked by clk_out5_top_block_clk_wiz_0_0) and top_block_i/appUnit/das_rx_0/inst/genblk1[1].bus_r_reg[1][40]/CE (clocked by clk_out1_top_block_clk_wiz_1_0). Large setup violations at the end of those stages might be difficult to fix during the post-placement implementation flow and could be the result of non-optimal XDC constraints or non-optimal design architecture
Related violations: <none>

TIMING-16#317 Warning
Large setup violation  
There is a large setup violation of -3.549 ns between top_block_i/fakernet/reg_switch_0/inst/trg_en_r_reg/C (clocked by clk_out5_top_block_clk_wiz_0_0) and top_block_i/appUnit/das_rx_0/inst/genblk1[1].bus_r_reg[1][108]/CE (clocked by clk_out1_top_block_clk_wiz_1_0). Large setup violations at the end of those stages might be difficult to fix during the post-placement implementation flow and could be the result of non-optimal XDC constraints or non-optimal design architecture
Related violations: <none>

TIMING-16#318 Warning
Large setup violation  
There is a large setup violation of -3.549 ns between top_block_i/fakernet/reg_switch_0/inst/trg_en_r_reg/C (clocked by clk_out5_top_block_clk_wiz_0_0) and top_block_i/appUnit/das_rx_0/inst/genblk1[1].bus_r_reg[1][88]/CE (clocked by clk_out1_top_block_clk_wiz_1_0). Large setup violations at the end of those stages might be difficult to fix during the post-placement implementation flow and could be the result of non-optimal XDC constraints or non-optimal design architecture
Related violations: <none>

TIMING-16#319 Warning
Large setup violation  
There is a large setup violation of -3.549 ns between top_block_i/fakernet/reg_switch_0/inst/trg_en_r_reg/C (clocked by clk_out5_top_block_clk_wiz_0_0) and top_block_i/appUnit/das_rx_0/inst/genblk1[1].bus_r_reg[1][98]/CE (clocked by clk_out1_top_block_clk_wiz_1_0). Large setup violations at the end of those stages might be difficult to fix during the post-placement implementation flow and could be the result of non-optimal XDC constraints or non-optimal design architecture
Related violations: <none>

TIMING-16#320 Warning
Large setup violation  
There is a large setup violation of -3.550 ns between top_block_i/fakernet/reg_switch_0/inst/trg_en_r_reg/C (clocked by clk_out5_top_block_clk_wiz_0_0) and top_block_i/appUnit/das_rx_0/inst/genblk1[0].bus_r_reg[0][252]/CE (clocked by clk_out1_top_block_clk_wiz_1_0). Large setup violations at the end of those stages might be difficult to fix during the post-placement implementation flow and could be the result of non-optimal XDC constraints or non-optimal design architecture
Related violations: <none>

TIMING-16#321 Warning
Large setup violation  
There is a large setup violation of -3.550 ns between top_block_i/fakernet/reg_switch_0/inst/trg_en_r_reg/C (clocked by clk_out5_top_block_clk_wiz_0_0) and top_block_i/appUnit/das_rx_0/inst/genblk1[0].bus_r_reg[0][262]/CE (clocked by clk_out1_top_block_clk_wiz_1_0). Large setup violations at the end of those stages might be difficult to fix during the post-placement implementation flow and could be the result of non-optimal XDC constraints or non-optimal design architecture
Related violations: <none>

TIMING-16#322 Warning
Large setup violation  
There is a large setup violation of -3.550 ns between top_block_i/fakernet/reg_switch_0/inst/trg_en_r_reg/C (clocked by clk_out5_top_block_clk_wiz_0_0) and top_block_i/appUnit/das_rx_0/inst/genblk1[0].bus_r_reg[0][272]/CE (clocked by clk_out1_top_block_clk_wiz_1_0). Large setup violations at the end of those stages might be difficult to fix during the post-placement implementation flow and could be the result of non-optimal XDC constraints or non-optimal design architecture
Related violations: <none>

TIMING-16#323 Warning
Large setup violation  
There is a large setup violation of -3.551 ns between top_block_i/fakernet/reg_switch_0/inst/trg_en_r_reg/C (clocked by clk_out5_top_block_clk_wiz_0_0) and top_block_i/appUnit/das_rx_0/inst/genblk1[0].bus_r_reg[0][259]/CE (clocked by clk_out1_top_block_clk_wiz_1_0). Large setup violations at the end of those stages might be difficult to fix during the post-placement implementation flow and could be the result of non-optimal XDC constraints or non-optimal design architecture
Related violations: <none>

TIMING-16#324 Warning
Large setup violation  
There is a large setup violation of -3.551 ns between top_block_i/fakernet/reg_switch_0/inst/trg_en_r_reg/C (clocked by clk_out5_top_block_clk_wiz_0_0) and top_block_i/appUnit/das_rx_0/inst/genblk1[0].bus_r_reg[0][269]/CE (clocked by clk_out1_top_block_clk_wiz_1_0). Large setup violations at the end of those stages might be difficult to fix during the post-placement implementation flow and could be the result of non-optimal XDC constraints or non-optimal design architecture
Related violations: <none>

TIMING-16#325 Warning
Large setup violation  
There is a large setup violation of -3.551 ns between top_block_i/fakernet/reg_switch_0/inst/trg_en_r_reg/C (clocked by clk_out5_top_block_clk_wiz_0_0) and top_block_i/appUnit/das_rx_0/inst/genblk1[0].bus_r_reg[0][279]/CE (clocked by clk_out1_top_block_clk_wiz_1_0). Large setup violations at the end of those stages might be difficult to fix during the post-placement implementation flow and could be the result of non-optimal XDC constraints or non-optimal design architecture
Related violations: <none>

TIMING-16#326 Warning
Large setup violation  
There is a large setup violation of -3.551 ns between top_block_i/fakernet/reg_switch_0/inst/trg_en_r_reg/C (clocked by clk_out5_top_block_clk_wiz_0_0) and top_block_i/appUnit/das_rx_0/inst/genblk1[0].bus_r_reg[0][289]/CE (clocked by clk_out1_top_block_clk_wiz_1_0). Large setup violations at the end of those stages might be difficult to fix during the post-placement implementation flow and could be the result of non-optimal XDC constraints or non-optimal design architecture
Related violations: <none>

TIMING-16#327 Warning
Large setup violation  
There is a large setup violation of -3.553 ns between top_block_i/fakernet/reg_switch_0/inst/trg_en_r_reg/C (clocked by clk_out5_top_block_clk_wiz_0_0) and top_block_i/appUnit/das_rx_0/inst/genblk1[1].bus_r_reg[1][68]/CE (clocked by clk_out1_top_block_clk_wiz_1_0). Large setup violations at the end of those stages might be difficult to fix during the post-placement implementation flow and could be the result of non-optimal XDC constraints or non-optimal design architecture
Related violations: <none>

TIMING-16#328 Warning
Large setup violation  
There is a large setup violation of -3.553 ns between top_block_i/fakernet/reg_switch_0/inst/trg_en_r_reg/C (clocked by clk_out5_top_block_clk_wiz_0_0) and top_block_i/appUnit/das_rx_0/inst/genblk1[1].bus_r_reg[1][78]/CE (clocked by clk_out1_top_block_clk_wiz_1_0). Large setup violations at the end of those stages might be difficult to fix during the post-placement implementation flow and could be the result of non-optimal XDC constraints or non-optimal design architecture
Related violations: <none>

TIMING-16#329 Warning
Large setup violation  
There is a large setup violation of -3.554 ns between top_block_i/fakernet/reg_switch_0/inst/trg_en_r_reg/C (clocked by clk_out5_top_block_clk_wiz_0_0) and top_block_i/appUnit/das_rx_0/inst/genblk1[0].bus_r_reg[0][261]/CE (clocked by clk_out1_top_block_clk_wiz_1_0). Large setup violations at the end of those stages might be difficult to fix during the post-placement implementation flow and could be the result of non-optimal XDC constraints or non-optimal design architecture
Related violations: <none>

TIMING-16#330 Warning
Large setup violation  
There is a large setup violation of -3.554 ns between top_block_i/fakernet/reg_switch_0/inst/trg_en_r_reg/C (clocked by clk_out5_top_block_clk_wiz_0_0) and top_block_i/appUnit/das_rx_0/inst/genblk1[0].bus_r_reg[0][271]/CE (clocked by clk_out1_top_block_clk_wiz_1_0). Large setup violations at the end of those stages might be difficult to fix during the post-placement implementation flow and could be the result of non-optimal XDC constraints or non-optimal design architecture
Related violations: <none>

TIMING-16#331 Warning
Large setup violation  
There is a large setup violation of -3.554 ns between top_block_i/fakernet/reg_switch_0/inst/trg_en_r_reg/C (clocked by clk_out5_top_block_clk_wiz_0_0) and top_block_i/appUnit/das_rx_0/inst/genblk1[0].bus_r_reg[0][281]/CE (clocked by clk_out1_top_block_clk_wiz_1_0). Large setup violations at the end of those stages might be difficult to fix during the post-placement implementation flow and could be the result of non-optimal XDC constraints or non-optimal design architecture
Related violations: <none>

TIMING-16#332 Warning
Large setup violation  
There is a large setup violation of -3.554 ns between top_block_i/fakernet/reg_switch_0/inst/trg_en_r_reg/C (clocked by clk_out5_top_block_clk_wiz_0_0) and top_block_i/appUnit/das_rx_0/inst/genblk1[0].bus_r_reg[0][291]/CE (clocked by clk_out1_top_block_clk_wiz_1_0). Large setup violations at the end of those stages might be difficult to fix during the post-placement implementation flow and could be the result of non-optimal XDC constraints or non-optimal design architecture
Related violations: <none>

TIMING-16#333 Warning
Large setup violation  
There is a large setup violation of -3.560 ns between top_block_i/fakernet/reg_switch_0/inst/trg_en_r_reg/C (clocked by clk_out5_top_block_clk_wiz_0_0) and top_block_i/appUnit/das_rx_0/inst/genblk1[0].bus_r_reg[0][100]/CE (clocked by clk_out1_top_block_clk_wiz_1_0). Large setup violations at the end of those stages might be difficult to fix during the post-placement implementation flow and could be the result of non-optimal XDC constraints or non-optimal design architecture
Related violations: <none>

TIMING-16#334 Warning
Large setup violation  
There is a large setup violation of -3.560 ns between top_block_i/fakernet/reg_switch_0/inst/trg_en_r_reg/C (clocked by clk_out5_top_block_clk_wiz_0_0) and top_block_i/appUnit/das_rx_0/inst/genblk1[0].bus_r_reg[0][110]/CE (clocked by clk_out1_top_block_clk_wiz_1_0). Large setup violations at the end of those stages might be difficult to fix during the post-placement implementation flow and could be the result of non-optimal XDC constraints or non-optimal design architecture
Related violations: <none>

TIMING-16#335 Warning
Large setup violation  
There is a large setup violation of -3.560 ns between top_block_i/fakernet/reg_switch_0/inst/trg_en_r_reg/C (clocked by clk_out5_top_block_clk_wiz_0_0) and top_block_i/appUnit/das_rx_0/inst/genblk1[0].bus_r_reg[0][120]/CE (clocked by clk_out1_top_block_clk_wiz_1_0). Large setup violations at the end of those stages might be difficult to fix during the post-placement implementation flow and could be the result of non-optimal XDC constraints or non-optimal design architecture
Related violations: <none>

TIMING-16#336 Warning
Large setup violation  
There is a large setup violation of -3.560 ns between top_block_i/fakernet/reg_switch_0/inst/trg_en_r_reg/C (clocked by clk_out5_top_block_clk_wiz_0_0) and top_block_i/appUnit/das_rx_0/inst/genblk1[0].bus_r_reg[0][90]/CE (clocked by clk_out1_top_block_clk_wiz_1_0). Large setup violations at the end of those stages might be difficult to fix during the post-placement implementation flow and could be the result of non-optimal XDC constraints or non-optimal design architecture
Related violations: <none>

TIMING-16#337 Warning
Large setup violation  
There is a large setup violation of -3.562 ns between top_block_i/fakernet/reg_switch_0/inst/trg_en_r_reg/C (clocked by clk_out5_top_block_clk_wiz_0_0) and top_block_i/appUnit/das_rx_0/inst/genblk1[1].bus_reg[1][102]/CE (clocked by clk_out1_top_block_clk_wiz_1_0). Large setup violations at the end of those stages might be difficult to fix during the post-placement implementation flow and could be the result of non-optimal XDC constraints or non-optimal design architecture
Related violations: <none>

TIMING-16#338 Warning
Large setup violation  
There is a large setup violation of -3.562 ns between top_block_i/fakernet/reg_switch_0/inst/trg_en_r_reg/C (clocked by clk_out5_top_block_clk_wiz_0_0) and top_block_i/appUnit/das_rx_0/inst/genblk1[1].bus_reg[1][112]/CE (clocked by clk_out1_top_block_clk_wiz_1_0). Large setup violations at the end of those stages might be difficult to fix during the post-placement implementation flow and could be the result of non-optimal XDC constraints or non-optimal design architecture
Related violations: <none>

TIMING-16#339 Warning
Large setup violation  
There is a large setup violation of -3.567 ns between top_block_i/fakernet/reg_switch_0/inst/trg_en_r_reg/C (clocked by clk_out5_top_block_clk_wiz_0_0) and top_block_i/appUnit/das_rx_0/inst/genblk1[0].bus_r_reg[0][41]/CE (clocked by clk_out1_top_block_clk_wiz_1_0). Large setup violations at the end of those stages might be difficult to fix during the post-placement implementation flow and could be the result of non-optimal XDC constraints or non-optimal design architecture
Related violations: <none>

TIMING-16#340 Warning
Large setup violation  
There is a large setup violation of -3.567 ns between top_block_i/fakernet/reg_switch_0/inst/trg_en_r_reg/C (clocked by clk_out5_top_block_clk_wiz_0_0) and top_block_i/appUnit/das_rx_0/inst/genblk1[0].bus_r_reg[0][51]/CE (clocked by clk_out1_top_block_clk_wiz_1_0). Large setup violations at the end of those stages might be difficult to fix during the post-placement implementation flow and could be the result of non-optimal XDC constraints or non-optimal design architecture
Related violations: <none>

TIMING-16#341 Warning
Large setup violation  
There is a large setup violation of -3.567 ns between top_block_i/fakernet/reg_switch_0/inst/trg_en_r_reg/C (clocked by clk_out5_top_block_clk_wiz_0_0) and top_block_i/appUnit/das_rx_0/inst/genblk1[0].bus_r_reg[0][61]/CE (clocked by clk_out1_top_block_clk_wiz_1_0). Large setup violations at the end of those stages might be difficult to fix during the post-placement implementation flow and could be the result of non-optimal XDC constraints or non-optimal design architecture
Related violations: <none>

TIMING-16#342 Warning
Large setup violation  
There is a large setup violation of -3.567 ns between top_block_i/fakernet/reg_switch_0/inst/trg_en_r_reg/C (clocked by clk_out5_top_block_clk_wiz_0_0) and top_block_i/appUnit/das_rx_0/inst/genblk1[0].bus_r_reg[0][71]/CE (clocked by clk_out1_top_block_clk_wiz_1_0). Large setup violations at the end of those stages might be difficult to fix during the post-placement implementation flow and could be the result of non-optimal XDC constraints or non-optimal design architecture
Related violations: <none>

TIMING-16#343 Warning
Large setup violation  
There is a large setup violation of -3.571 ns between top_block_i/fakernet/reg_switch_0/inst/trg_en_r_reg/C (clocked by clk_out5_top_block_clk_wiz_0_0) and top_block_i/appUnit/das_rx_0/inst/genblk1[1].bus_r_reg[1][242]/CE (clocked by clk_out1_top_block_clk_wiz_1_0). Large setup violations at the end of those stages might be difficult to fix during the post-placement implementation flow and could be the result of non-optimal XDC constraints or non-optimal design architecture
Related violations: <none>

TIMING-16#344 Warning
Large setup violation  
There is a large setup violation of -3.571 ns between top_block_i/fakernet/reg_switch_0/inst/trg_en_r_reg/C (clocked by clk_out5_top_block_clk_wiz_0_0) and top_block_i/appUnit/das_rx_0/inst/genblk1[1].bus_r_reg[1][252]/CE (clocked by clk_out1_top_block_clk_wiz_1_0). Large setup violations at the end of those stages might be difficult to fix during the post-placement implementation flow and could be the result of non-optimal XDC constraints or non-optimal design architecture
Related violations: <none>

TIMING-16#345 Warning
Large setup violation  
There is a large setup violation of -3.576 ns between top_block_i/fakernet/reg_switch_0/inst/trg_en_r_reg/C (clocked by clk_out5_top_block_clk_wiz_0_0) and top_block_i/appUnit/das_rx_0/inst/genblk1[0].bus_r_reg[0][228]/CE (clocked by clk_out1_top_block_clk_wiz_1_0). Large setup violations at the end of those stages might be difficult to fix during the post-placement implementation flow and could be the result of non-optimal XDC constraints or non-optimal design architecture
Related violations: <none>

TIMING-16#346 Warning
Large setup violation  
There is a large setup violation of -3.576 ns between top_block_i/fakernet/reg_switch_0/inst/trg_en_r_reg/C (clocked by clk_out5_top_block_clk_wiz_0_0) and top_block_i/appUnit/das_rx_0/inst/genblk1[0].bus_r_reg[0][238]/CE (clocked by clk_out1_top_block_clk_wiz_1_0). Large setup violations at the end of those stages might be difficult to fix during the post-placement implementation flow and could be the result of non-optimal XDC constraints or non-optimal design architecture
Related violations: <none>

TIMING-16#347 Warning
Large setup violation  
There is a large setup violation of -3.576 ns between top_block_i/fakernet/reg_switch_0/inst/trg_en_r_reg/C (clocked by clk_out5_top_block_clk_wiz_0_0) and top_block_i/appUnit/das_rx_0/inst/genblk1[0].bus_r_reg[0][248]/CE (clocked by clk_out1_top_block_clk_wiz_1_0). Large setup violations at the end of those stages might be difficult to fix during the post-placement implementation flow and could be the result of non-optimal XDC constraints or non-optimal design architecture
Related violations: <none>

TIMING-16#348 Warning
Large setup violation  
There is a large setup violation of -3.581 ns between top_block_i/fakernet/reg_switch_0/inst/trg_en_r_reg/C (clocked by clk_out5_top_block_clk_wiz_0_0) and top_block_i/appUnit/das_rx_0/inst/genblk1[1].bus_reg[1][108]/CE (clocked by clk_out1_top_block_clk_wiz_1_0). Large setup violations at the end of those stages might be difficult to fix during the post-placement implementation flow and could be the result of non-optimal XDC constraints or non-optimal design architecture
Related violations: <none>

TIMING-16#349 Warning
Large setup violation  
There is a large setup violation of -3.583 ns between top_block_i/fakernet/reg_switch_0/inst/trg_en_r_reg/C (clocked by clk_out5_top_block_clk_wiz_0_0) and top_block_i/appUnit/das_rx_0/inst/genblk1[1].bus_r_reg[1][37]/CE (clocked by clk_out1_top_block_clk_wiz_1_0). Large setup violations at the end of those stages might be difficult to fix during the post-placement implementation flow and could be the result of non-optimal XDC constraints or non-optimal design architecture
Related violations: <none>

TIMING-16#350 Warning
Large setup violation  
There is a large setup violation of -3.583 ns between top_block_i/fakernet/reg_switch_0/inst/trg_en_r_reg/C (clocked by clk_out5_top_block_clk_wiz_0_0) and top_block_i/appUnit/das_rx_0/inst/genblk1[1].bus_r_reg[1][47]/CE (clocked by clk_out1_top_block_clk_wiz_1_0). Large setup violations at the end of those stages might be difficult to fix during the post-placement implementation flow and could be the result of non-optimal XDC constraints or non-optimal design architecture
Related violations: <none>

TIMING-16#351 Warning
Large setup violation  
There is a large setup violation of -3.583 ns between top_block_i/fakernet/reg_switch_0/inst/trg_en_r_reg/C (clocked by clk_out5_top_block_clk_wiz_0_0) and top_block_i/appUnit/das_rx_0/inst/genblk1[1].bus_r_reg[1][57]/CE (clocked by clk_out1_top_block_clk_wiz_1_0). Large setup violations at the end of those stages might be difficult to fix during the post-placement implementation flow and could be the result of non-optimal XDC constraints or non-optimal design architecture
Related violations: <none>

TIMING-16#352 Warning
Large setup violation  
There is a large setup violation of -3.583 ns between top_block_i/fakernet/reg_switch_0/inst/trg_en_r_reg/C (clocked by clk_out5_top_block_clk_wiz_0_0) and top_block_i/appUnit/das_rx_0/inst/genblk1[1].bus_r_reg[1][67]/CE (clocked by clk_out1_top_block_clk_wiz_1_0). Large setup violations at the end of those stages might be difficult to fix during the post-placement implementation flow and could be the result of non-optimal XDC constraints or non-optimal design architecture
Related violations: <none>

TIMING-16#353 Warning
Large setup violation  
There is a large setup violation of -3.583 ns between top_block_i/fakernet/reg_switch_0/inst/trg_en_r_reg/C (clocked by clk_out5_top_block_clk_wiz_0_0) and top_block_i/appUnit/das_rx_0/inst/genblk1[1].bus_r_reg[1][85]/CE (clocked by clk_out1_top_block_clk_wiz_1_0). Large setup violations at the end of those stages might be difficult to fix during the post-placement implementation flow and could be the result of non-optimal XDC constraints or non-optimal design architecture
Related violations: <none>

TIMING-16#354 Warning
Large setup violation  
There is a large setup violation of -3.583 ns between top_block_i/fakernet/reg_switch_0/inst/trg_en_r_reg/C (clocked by clk_out5_top_block_clk_wiz_0_0) and top_block_i/appUnit/das_rx_0/inst/genblk1[1].bus_r_reg[1][95]/CE (clocked by clk_out1_top_block_clk_wiz_1_0). Large setup violations at the end of those stages might be difficult to fix during the post-placement implementation flow and could be the result of non-optimal XDC constraints or non-optimal design architecture
Related violations: <none>

TIMING-16#355 Warning
Large setup violation  
There is a large setup violation of -3.584 ns between top_block_i/fakernet/reg_switch_0/inst/trg_en_r_reg/C (clocked by clk_out5_top_block_clk_wiz_0_0) and top_block_i/appUnit/das_rx_0/inst/genblk1[1].bus_reg[1][105]/CE (clocked by clk_out1_top_block_clk_wiz_1_0). Large setup violations at the end of those stages might be difficult to fix during the post-placement implementation flow and could be the result of non-optimal XDC constraints or non-optimal design architecture
Related violations: <none>

TIMING-16#356 Warning
Large setup violation  
There is a large setup violation of -3.588 ns between top_block_i/fakernet/reg_switch_0/inst/trg_en_r_reg/C (clocked by clk_out5_top_block_clk_wiz_0_0) and top_block_i/appUnit/das_rx_0/inst/genblk1[1].bus_r_reg[1][105]/CE (clocked by clk_out1_top_block_clk_wiz_1_0). Large setup violations at the end of those stages might be difficult to fix during the post-placement implementation flow and could be the result of non-optimal XDC constraints or non-optimal design architecture
Related violations: <none>

TIMING-16#357 Warning
Large setup violation  
There is a large setup violation of -3.588 ns between top_block_i/fakernet/reg_switch_0/inst/trg_en_r_reg/C (clocked by clk_out5_top_block_clk_wiz_0_0) and top_block_i/appUnit/das_rx_0/inst/genblk1[1].bus_r_reg[1][115]/CE (clocked by clk_out1_top_block_clk_wiz_1_0). Large setup violations at the end of those stages might be difficult to fix during the post-placement implementation flow and could be the result of non-optimal XDC constraints or non-optimal design architecture
Related violations: <none>

TIMING-16#358 Warning
Large setup violation  
There is a large setup violation of -3.588 ns between top_block_i/fakernet/reg_switch_0/inst/trg_en_r_reg/C (clocked by clk_out5_top_block_clk_wiz_0_0) and top_block_i/appUnit/das_rx_0/inst/genblk1[1].bus_r_reg[1][125]/CE (clocked by clk_out1_top_block_clk_wiz_1_0). Large setup violations at the end of those stages might be difficult to fix during the post-placement implementation flow and could be the result of non-optimal XDC constraints or non-optimal design architecture
Related violations: <none>

TIMING-16#359 Warning
Large setup violation  
There is a large setup violation of -3.588 ns between top_block_i/fakernet/reg_switch_0/inst/trg_en_r_reg/C (clocked by clk_out5_top_block_clk_wiz_0_0) and top_block_i/appUnit/das_rx_0/inst/genblk1[1].bus_r_reg[1][135]/CE (clocked by clk_out1_top_block_clk_wiz_1_0). Large setup violations at the end of those stages might be difficult to fix during the post-placement implementation flow and could be the result of non-optimal XDC constraints or non-optimal design architecture
Related violations: <none>

TIMING-16#360 Warning
Large setup violation  
There is a large setup violation of -3.590 ns between top_block_i/fakernet/reg_switch_0/inst/trg_en_r_reg/C (clocked by clk_out5_top_block_clk_wiz_0_0) and top_block_i/appUnit/das_rx_0/inst/genblk1[1].bus_r_reg[1][132]/CE (clocked by clk_out1_top_block_clk_wiz_1_0). Large setup violations at the end of those stages might be difficult to fix during the post-placement implementation flow and could be the result of non-optimal XDC constraints or non-optimal design architecture
Related violations: <none>

TIMING-16#361 Warning
Large setup violation  
There is a large setup violation of -3.590 ns between top_block_i/fakernet/reg_switch_0/inst/trg_en_r_reg/C (clocked by clk_out5_top_block_clk_wiz_0_0) and top_block_i/appUnit/das_rx_0/inst/genblk1[1].bus_r_reg[1][142]/CE (clocked by clk_out1_top_block_clk_wiz_1_0). Large setup violations at the end of those stages might be difficult to fix during the post-placement implementation flow and could be the result of non-optimal XDC constraints or non-optimal design architecture
Related violations: <none>

TIMING-16#362 Warning
Large setup violation  
There is a large setup violation of -3.590 ns between top_block_i/fakernet/reg_switch_0/inst/trg_en_r_reg/C (clocked by clk_out5_top_block_clk_wiz_0_0) and top_block_i/appUnit/das_rx_0/inst/genblk1[1].bus_r_reg[1][152]/CE (clocked by clk_out1_top_block_clk_wiz_1_0). Large setup violations at the end of those stages might be difficult to fix during the post-placement implementation flow and could be the result of non-optimal XDC constraints or non-optimal design architecture
Related violations: <none>

TIMING-16#363 Warning
Large setup violation  
There is a large setup violation of -3.590 ns between top_block_i/fakernet/reg_switch_0/inst/trg_en_r_reg/C (clocked by clk_out5_top_block_clk_wiz_0_0) and top_block_i/appUnit/das_rx_0/inst/genblk1[1].bus_r_reg[1][162]/CE (clocked by clk_out1_top_block_clk_wiz_1_0). Large setup violations at the end of those stages might be difficult to fix during the post-placement implementation flow and could be the result of non-optimal XDC constraints or non-optimal design architecture
Related violations: <none>

TIMING-16#364 Warning
Large setup violation  
There is a large setup violation of -3.590 ns between top_block_i/fakernet/reg_switch_0/inst/trg_en_r_reg/C (clocked by clk_out5_top_block_clk_wiz_0_0) and top_block_i/appUnit/das_rx_0/inst/genblk1[1].bus_r_reg[1][286]/CE (clocked by clk_out1_top_block_clk_wiz_1_0). Large setup violations at the end of those stages might be difficult to fix during the post-placement implementation flow and could be the result of non-optimal XDC constraints or non-optimal design architecture
Related violations: <none>

TIMING-16#365 Warning
Large setup violation  
There is a large setup violation of -3.590 ns between top_block_i/fakernet/reg_switch_0/inst/trg_en_r_reg/C (clocked by clk_out5_top_block_clk_wiz_0_0) and top_block_i/appUnit/das_rx_0/inst/genblk1[1].bus_r_reg[1][296]/CE (clocked by clk_out1_top_block_clk_wiz_1_0). Large setup violations at the end of those stages might be difficult to fix during the post-placement implementation flow and could be the result of non-optimal XDC constraints or non-optimal design architecture
Related violations: <none>

TIMING-16#366 Warning
Large setup violation  
There is a large setup violation of -3.590 ns between top_block_i/fakernet/reg_switch_0/inst/trg_en_r_reg/C (clocked by clk_out5_top_block_clk_wiz_0_0) and top_block_i/appUnit/das_rx_0/inst/genblk1[1].bus_r_reg[1][306]/CE (clocked by clk_out1_top_block_clk_wiz_1_0). Large setup violations at the end of those stages might be difficult to fix during the post-placement implementation flow and could be the result of non-optimal XDC constraints or non-optimal design architecture
Related violations: <none>

TIMING-16#367 Warning
Large setup violation  
There is a large setup violation of -3.590 ns between top_block_i/fakernet/reg_switch_0/inst/trg_en_r_reg/C (clocked by clk_out5_top_block_clk_wiz_0_0) and top_block_i/appUnit/das_rx_0/inst/genblk1[1].bus_reg[1][103]/CE (clocked by clk_out1_top_block_clk_wiz_1_0). Large setup violations at the end of those stages might be difficult to fix during the post-placement implementation flow and could be the result of non-optimal XDC constraints or non-optimal design architecture
Related violations: <none>

TIMING-16#368 Warning
Large setup violation  
There is a large setup violation of -3.592 ns between top_block_i/fakernet/reg_switch_0/inst/trg_en_r_reg/C (clocked by clk_out5_top_block_clk_wiz_0_0) and top_block_i/appUnit/das_rx_0/inst/genblk1[0].bus_r_reg[0][123]/CE (clocked by clk_out1_top_block_clk_wiz_1_0). Large setup violations at the end of those stages might be difficult to fix during the post-placement implementation flow and could be the result of non-optimal XDC constraints or non-optimal design architecture
Related violations: <none>

TIMING-16#369 Warning
Large setup violation  
There is a large setup violation of -3.592 ns between top_block_i/fakernet/reg_switch_0/inst/trg_en_r_reg/C (clocked by clk_out5_top_block_clk_wiz_0_0) and top_block_i/appUnit/das_rx_0/inst/genblk1[0].bus_r_reg[0][133]/CE (clocked by clk_out1_top_block_clk_wiz_1_0). Large setup violations at the end of those stages might be difficult to fix during the post-placement implementation flow and could be the result of non-optimal XDC constraints or non-optimal design architecture
Related violations: <none>

TIMING-16#370 Warning
Large setup violation  
There is a large setup violation of -3.592 ns between top_block_i/fakernet/reg_switch_0/inst/trg_en_r_reg/C (clocked by clk_out5_top_block_clk_wiz_0_0) and top_block_i/appUnit/das_rx_0/inst/genblk1[0].bus_r_reg[0][143]/CE (clocked by clk_out1_top_block_clk_wiz_1_0). Large setup violations at the end of those stages might be difficult to fix during the post-placement implementation flow and could be the result of non-optimal XDC constraints or non-optimal design architecture
Related violations: <none>

TIMING-16#371 Warning
Large setup violation  
There is a large setup violation of -3.593 ns between top_block_i/fakernet/reg_switch_0/inst/trg_en_r_reg/C (clocked by clk_out5_top_block_clk_wiz_0_0) and top_block_i/appUnit/das_rx_0/inst/genblk1[0].bus_r_reg[0][121]/CE (clocked by clk_out1_top_block_clk_wiz_1_0). Large setup violations at the end of those stages might be difficult to fix during the post-placement implementation flow and could be the result of non-optimal XDC constraints or non-optimal design architecture
Related violations: <none>

TIMING-16#372 Warning
Large setup violation  
There is a large setup violation of -3.593 ns between top_block_i/fakernet/reg_switch_0/inst/trg_en_r_reg/C (clocked by clk_out5_top_block_clk_wiz_0_0) and top_block_i/appUnit/das_rx_0/inst/genblk1[0].bus_r_reg[0][131]/CE (clocked by clk_out1_top_block_clk_wiz_1_0). Large setup violations at the end of those stages might be difficult to fix during the post-placement implementation flow and could be the result of non-optimal XDC constraints or non-optimal design architecture
Related violations: <none>

TIMING-16#373 Warning
Large setup violation  
There is a large setup violation of -3.593 ns between top_block_i/fakernet/reg_switch_0/inst/trg_en_r_reg/C (clocked by clk_out5_top_block_clk_wiz_0_0) and top_block_i/appUnit/das_rx_0/inst/genblk1[0].bus_r_reg[0][141]/CE (clocked by clk_out1_top_block_clk_wiz_1_0). Large setup violations at the end of those stages might be difficult to fix during the post-placement implementation flow and could be the result of non-optimal XDC constraints or non-optimal design architecture
Related violations: <none>

TIMING-16#374 Warning
Large setup violation  
There is a large setup violation of -3.593 ns between top_block_i/fakernet/reg_switch_0/inst/trg_en_r_reg/C (clocked by clk_out5_top_block_clk_wiz_0_0) and top_block_i/appUnit/das_rx_0/inst/genblk1[1].bus_r_reg[1][48]/CE (clocked by clk_out1_top_block_clk_wiz_1_0). Large setup violations at the end of those stages might be difficult to fix during the post-placement implementation flow and could be the result of non-optimal XDC constraints or non-optimal design architecture
Related violations: <none>

TIMING-16#375 Warning
Large setup violation  
There is a large setup violation of -3.593 ns between top_block_i/fakernet/reg_switch_0/inst/trg_en_r_reg/C (clocked by clk_out5_top_block_clk_wiz_0_0) and top_block_i/appUnit/das_rx_0/inst/genblk1[1].bus_r_reg[1][51]/CE (clocked by clk_out1_top_block_clk_wiz_1_0). Large setup violations at the end of those stages might be difficult to fix during the post-placement implementation flow and could be the result of non-optimal XDC constraints or non-optimal design architecture
Related violations: <none>

TIMING-16#376 Warning
Large setup violation  
There is a large setup violation of -3.593 ns between top_block_i/fakernet/reg_switch_0/inst/trg_en_r_reg/C (clocked by clk_out5_top_block_clk_wiz_0_0) and top_block_i/appUnit/das_rx_0/inst/genblk1[1].bus_r_reg[1][58]/CE (clocked by clk_out1_top_block_clk_wiz_1_0). Large setup violations at the end of those stages might be difficult to fix during the post-placement implementation flow and could be the result of non-optimal XDC constraints or non-optimal design architecture
Related violations: <none>

TIMING-16#377 Warning
Large setup violation  
There is a large setup violation of -3.593 ns between top_block_i/fakernet/reg_switch_0/inst/trg_en_r_reg/C (clocked by clk_out5_top_block_clk_wiz_0_0) and top_block_i/appUnit/das_rx_0/inst/genblk1[1].bus_r_reg[1][61]/CE (clocked by clk_out1_top_block_clk_wiz_1_0). Large setup violations at the end of those stages might be difficult to fix during the post-placement implementation flow and could be the result of non-optimal XDC constraints or non-optimal design architecture
Related violations: <none>

TIMING-16#378 Warning
Large setup violation  
There is a large setup violation of -3.593 ns between top_block_i/fakernet/reg_switch_0/inst/trg_en_r_reg/C (clocked by clk_out5_top_block_clk_wiz_0_0) and top_block_i/appUnit/das_rx_0/inst/genblk1[1].bus_r_reg[1][71]/CE (clocked by clk_out1_top_block_clk_wiz_1_0). Large setup violations at the end of those stages might be difficult to fix during the post-placement implementation flow and could be the result of non-optimal XDC constraints or non-optimal design architecture
Related violations: <none>

TIMING-16#379 Warning
Large setup violation  
There is a large setup violation of -3.593 ns between top_block_i/fakernet/reg_switch_0/inst/trg_en_r_reg/C (clocked by clk_out5_top_block_clk_wiz_0_0) and top_block_i/appUnit/das_rx_0/inst/genblk1[1].bus_r_reg[1][81]/CE (clocked by clk_out1_top_block_clk_wiz_1_0). Large setup violations at the end of those stages might be difficult to fix during the post-placement implementation flow and could be the result of non-optimal XDC constraints or non-optimal design architecture
Related violations: <none>

TIMING-16#380 Warning
Large setup violation  
There is a large setup violation of -3.594 ns between top_block_i/fakernet/reg_switch_0/inst/trg_en_r_reg/C (clocked by clk_out5_top_block_clk_wiz_0_0) and top_block_i/appUnit/das_rx_0/inst/genblk1[1].bus_r_reg[1][172]/CE (clocked by clk_out1_top_block_clk_wiz_1_0). Large setup violations at the end of those stages might be difficult to fix during the post-placement implementation flow and could be the result of non-optimal XDC constraints or non-optimal design architecture
Related violations: <none>

TIMING-16#381 Warning
Large setup violation  
There is a large setup violation of -3.594 ns between top_block_i/fakernet/reg_switch_0/inst/trg_en_r_reg/C (clocked by clk_out5_top_block_clk_wiz_0_0) and top_block_i/appUnit/das_rx_0/inst/genblk1[1].bus_r_reg[1][182]/CE (clocked by clk_out1_top_block_clk_wiz_1_0). Large setup violations at the end of those stages might be difficult to fix during the post-placement implementation flow and could be the result of non-optimal XDC constraints or non-optimal design architecture
Related violations: <none>

TIMING-16#382 Warning
Large setup violation  
There is a large setup violation of -3.597 ns between top_block_i/fakernet/reg_switch_0/inst/trg_en_r_reg/C (clocked by clk_out5_top_block_clk_wiz_0_0) and top_block_i/appUnit/das_rx_0/inst/genblk1[0].bus_r_reg[0][106]/CE (clocked by clk_out1_top_block_clk_wiz_1_0). Large setup violations at the end of those stages might be difficult to fix during the post-placement implementation flow and could be the result of non-optimal XDC constraints or non-optimal design architecture
Related violations: <none>

TIMING-16#383 Warning
Large setup violation  
There is a large setup violation of -3.597 ns between top_block_i/fakernet/reg_switch_0/inst/trg_en_r_reg/C (clocked by clk_out5_top_block_clk_wiz_0_0) and top_block_i/appUnit/das_rx_0/inst/genblk1[0].bus_r_reg[0][86]/CE (clocked by clk_out1_top_block_clk_wiz_1_0). Large setup violations at the end of those stages might be difficult to fix during the post-placement implementation flow and could be the result of non-optimal XDC constraints or non-optimal design architecture
Related violations: <none>

TIMING-16#384 Warning
Large setup violation  
There is a large setup violation of -3.597 ns between top_block_i/fakernet/reg_switch_0/inst/trg_en_r_reg/C (clocked by clk_out5_top_block_clk_wiz_0_0) and top_block_i/appUnit/das_rx_0/inst/genblk1[0].bus_r_reg[0][96]/CE (clocked by clk_out1_top_block_clk_wiz_1_0). Large setup violations at the end of those stages might be difficult to fix during the post-placement implementation flow and could be the result of non-optimal XDC constraints or non-optimal design architecture
Related violations: <none>

TIMING-16#385 Warning
Large setup violation  
There is a large setup violation of -3.598 ns between top_block_i/fakernet/reg_switch_0/inst/trg_en_r_reg/C (clocked by clk_out5_top_block_clk_wiz_0_0) and top_block_i/appUnit/das_rx_0/inst/genblk1[1].bus_r_reg[1][0]/CE (clocked by clk_out1_top_block_clk_wiz_1_0). Large setup violations at the end of those stages might be difficult to fix during the post-placement implementation flow and could be the result of non-optimal XDC constraints or non-optimal design architecture
Related violations: <none>

TIMING-16#386 Warning
Large setup violation  
There is a large setup violation of -3.598 ns between top_block_i/fakernet/reg_switch_0/inst/trg_en_r_reg/C (clocked by clk_out5_top_block_clk_wiz_0_0) and top_block_i/appUnit/das_rx_0/inst/genblk1[1].bus_r_reg[1][10]/CE (clocked by clk_out1_top_block_clk_wiz_1_0). Large setup violations at the end of those stages might be difficult to fix during the post-placement implementation flow and could be the result of non-optimal XDC constraints or non-optimal design architecture
Related violations: <none>

TIMING-16#387 Warning
Large setup violation  
There is a large setup violation of -3.598 ns between top_block_i/fakernet/reg_switch_0/inst/trg_en_r_reg/C (clocked by clk_out5_top_block_clk_wiz_0_0) and top_block_i/appUnit/das_rx_0/inst/genblk1[1].bus_r_reg[1][20]/CE (clocked by clk_out1_top_block_clk_wiz_1_0). Large setup violations at the end of those stages might be difficult to fix during the post-placement implementation flow and could be the result of non-optimal XDC constraints or non-optimal design architecture
Related violations: <none>

TIMING-16#388 Warning
Large setup violation  
There is a large setup violation of -3.598 ns between top_block_i/fakernet/reg_switch_0/inst/trg_en_r_reg/C (clocked by clk_out5_top_block_clk_wiz_0_0) and top_block_i/appUnit/das_rx_0/inst/genblk1[1].bus_r_reg[1][30]/CE (clocked by clk_out1_top_block_clk_wiz_1_0). Large setup violations at the end of those stages might be difficult to fix during the post-placement implementation flow and could be the result of non-optimal XDC constraints or non-optimal design architecture
Related violations: <none>

TIMING-16#389 Warning
Large setup violation  
There is a large setup violation of -3.601 ns between top_block_i/fakernet/reg_switch_0/inst/trg_en_r_reg/C (clocked by clk_out5_top_block_clk_wiz_0_0) and top_block_i/appUnit/das_rx_0/inst/genblk1[0].bus_r_reg[0][255]/CE (clocked by clk_out1_top_block_clk_wiz_1_0). Large setup violations at the end of those stages might be difficult to fix during the post-placement implementation flow and could be the result of non-optimal XDC constraints or non-optimal design architecture
Related violations: <none>

TIMING-16#390 Warning
Large setup violation  
There is a large setup violation of -3.601 ns between top_block_i/fakernet/reg_switch_0/inst/trg_en_r_reg/C (clocked by clk_out5_top_block_clk_wiz_0_0) and top_block_i/appUnit/das_rx_0/inst/genblk1[0].bus_r_reg[0][265]/CE (clocked by clk_out1_top_block_clk_wiz_1_0). Large setup violations at the end of those stages might be difficult to fix during the post-placement implementation flow and could be the result of non-optimal XDC constraints or non-optimal design architecture
Related violations: <none>

TIMING-16#391 Warning
Large setup violation  
There is a large setup violation of -3.601 ns between top_block_i/fakernet/reg_switch_0/inst/trg_en_r_reg/C (clocked by clk_out5_top_block_clk_wiz_0_0) and top_block_i/appUnit/das_rx_0/inst/genblk1[0].bus_r_reg[0][275]/CE (clocked by clk_out1_top_block_clk_wiz_1_0). Large setup violations at the end of those stages might be difficult to fix during the post-placement implementation flow and could be the result of non-optimal XDC constraints or non-optimal design architecture
Related violations: <none>

TIMING-16#392 Warning
Large setup violation  
There is a large setup violation of -3.601 ns between top_block_i/fakernet/reg_switch_0/inst/trg_en_r_reg/C (clocked by clk_out5_top_block_clk_wiz_0_0) and top_block_i/appUnit/das_rx_0/inst/genblk1[0].bus_r_reg[0][315]/CE (clocked by clk_out1_top_block_clk_wiz_1_0). Large setup violations at the end of those stages might be difficult to fix during the post-placement implementation flow and could be the result of non-optimal XDC constraints or non-optimal design architecture
Related violations: <none>

TIMING-16#393 Warning
Large setup violation  
There is a large setup violation of -3.604 ns between top_block_i/fakernet/reg_switch_0/inst/trg_en_r_reg/C (clocked by clk_out5_top_block_clk_wiz_0_0) and top_block_i/appUnit/das_rx_0/inst/genblk1[0].bus_r_reg[0][268]/CE (clocked by clk_out1_top_block_clk_wiz_1_0). Large setup violations at the end of those stages might be difficult to fix during the post-placement implementation flow and could be the result of non-optimal XDC constraints or non-optimal design architecture
Related violations: <none>

TIMING-16#394 Warning
Large setup violation  
There is a large setup violation of -3.604 ns between top_block_i/fakernet/reg_switch_0/inst/trg_en_r_reg/C (clocked by clk_out5_top_block_clk_wiz_0_0) and top_block_i/appUnit/das_rx_0/inst/genblk1[0].bus_r_reg[0][278]/CE (clocked by clk_out1_top_block_clk_wiz_1_0). Large setup violations at the end of those stages might be difficult to fix during the post-placement implementation flow and could be the result of non-optimal XDC constraints or non-optimal design architecture
Related violations: <none>

TIMING-16#395 Warning
Large setup violation  
There is a large setup violation of -3.604 ns between top_block_i/fakernet/reg_switch_0/inst/trg_en_r_reg/C (clocked by clk_out5_top_block_clk_wiz_0_0) and top_block_i/appUnit/das_rx_0/inst/genblk1[0].bus_r_reg[0][288]/CE (clocked by clk_out1_top_block_clk_wiz_1_0). Large setup violations at the end of those stages might be difficult to fix during the post-placement implementation flow and could be the result of non-optimal XDC constraints or non-optimal design architecture
Related violations: <none>

TIMING-16#396 Warning
Large setup violation  
There is a large setup violation of -3.604 ns between top_block_i/fakernet/reg_switch_0/inst/trg_en_r_reg/C (clocked by clk_out5_top_block_clk_wiz_0_0) and top_block_i/appUnit/das_rx_0/inst/genblk1[0].bus_r_reg[0][298]/CE (clocked by clk_out1_top_block_clk_wiz_1_0). Large setup violations at the end of those stages might be difficult to fix during the post-placement implementation flow and could be the result of non-optimal XDC constraints or non-optimal design architecture
Related violations: <none>

TIMING-16#397 Warning
Large setup violation  
There is a large setup violation of -3.605 ns between top_block_i/fakernet/reg_switch_0/inst/trg_en_r_reg/C (clocked by clk_out5_top_block_clk_wiz_0_0) and top_block_i/appUnit/das_rx_0/inst/genblk1[1].bus_r_reg[1][107]/CE (clocked by clk_out1_top_block_clk_wiz_1_0). Large setup violations at the end of those stages might be difficult to fix during the post-placement implementation flow and could be the result of non-optimal XDC constraints or non-optimal design architecture
Related violations: <none>

TIMING-16#398 Warning
Large setup violation  
There is a large setup violation of -3.605 ns between top_block_i/fakernet/reg_switch_0/inst/trg_en_r_reg/C (clocked by clk_out5_top_block_clk_wiz_0_0) and top_block_i/appUnit/das_rx_0/inst/genblk1[1].bus_r_reg[1][77]/CE (clocked by clk_out1_top_block_clk_wiz_1_0). Large setup violations at the end of those stages might be difficult to fix during the post-placement implementation flow and could be the result of non-optimal XDC constraints or non-optimal design architecture
Related violations: <none>

TIMING-16#399 Warning
Large setup violation  
There is a large setup violation of -3.605 ns between top_block_i/fakernet/reg_switch_0/inst/trg_en_r_reg/C (clocked by clk_out5_top_block_clk_wiz_0_0) and top_block_i/appUnit/das_rx_0/inst/genblk1[1].bus_r_reg[1][87]/CE (clocked by clk_out1_top_block_clk_wiz_1_0). Large setup violations at the end of those stages might be difficult to fix during the post-placement implementation flow and could be the result of non-optimal XDC constraints or non-optimal design architecture
Related violations: <none>

TIMING-16#400 Warning
Large setup violation  
There is a large setup violation of -3.605 ns between top_block_i/fakernet/reg_switch_0/inst/trg_en_r_reg/C (clocked by clk_out5_top_block_clk_wiz_0_0) and top_block_i/appUnit/das_rx_0/inst/genblk1[1].bus_r_reg[1][97]/CE (clocked by clk_out1_top_block_clk_wiz_1_0). Large setup violations at the end of those stages might be difficult to fix during the post-placement implementation flow and could be the result of non-optimal XDC constraints or non-optimal design architecture
Related violations: <none>

TIMING-16#401 Warning
Large setup violation  
There is a large setup violation of -3.608 ns between top_block_i/fakernet/reg_switch_0/inst/trg_en_r_reg/C (clocked by clk_out5_top_block_clk_wiz_0_0) and top_block_i/appUnit/das_rx_0/inst/genblk1[0].bus_r_reg[0][18]/CE (clocked by clk_out1_top_block_clk_wiz_1_0). Large setup violations at the end of those stages might be difficult to fix during the post-placement implementation flow and could be the result of non-optimal XDC constraints or non-optimal design architecture
Related violations: <none>

TIMING-16#402 Warning
Large setup violation  
There is a large setup violation of -3.608 ns between top_block_i/fakernet/reg_switch_0/inst/trg_en_r_reg/C (clocked by clk_out5_top_block_clk_wiz_0_0) and top_block_i/appUnit/das_rx_0/inst/genblk1[0].bus_r_reg[0][28]/CE (clocked by clk_out1_top_block_clk_wiz_1_0). Large setup violations at the end of those stages might be difficult to fix during the post-placement implementation flow and could be the result of non-optimal XDC constraints or non-optimal design architecture
Related violations: <none>

TIMING-16#403 Warning
Large setup violation  
There is a large setup violation of -3.608 ns between top_block_i/fakernet/reg_switch_0/inst/trg_en_r_reg/C (clocked by clk_out5_top_block_clk_wiz_0_0) and top_block_i/appUnit/das_rx_0/inst/genblk1[0].bus_r_reg[0][8]/CE (clocked by clk_out1_top_block_clk_wiz_1_0). Large setup violations at the end of those stages might be difficult to fix during the post-placement implementation flow and could be the result of non-optimal XDC constraints or non-optimal design architecture
Related violations: <none>

TIMING-16#404 Warning
Large setup violation  
There is a large setup violation of -3.609 ns between top_block_i/fakernet/reg_switch_0/inst/trg_en_r_reg/C (clocked by clk_out5_top_block_clk_wiz_0_0) and top_block_i/appUnit/das_rx_0/inst/genblk1[1].bus_r_reg[1][236]/CE (clocked by clk_out1_top_block_clk_wiz_1_0). Large setup violations at the end of those stages might be difficult to fix during the post-placement implementation flow and could be the result of non-optimal XDC constraints or non-optimal design architecture
Related violations: <none>

TIMING-16#405 Warning
Large setup violation  
There is a large setup violation of -3.609 ns between top_block_i/fakernet/reg_switch_0/inst/trg_en_r_reg/C (clocked by clk_out5_top_block_clk_wiz_0_0) and top_block_i/appUnit/das_rx_0/inst/genblk1[1].bus_r_reg[1][246]/CE (clocked by clk_out1_top_block_clk_wiz_1_0). Large setup violations at the end of those stages might be difficult to fix during the post-placement implementation flow and could be the result of non-optimal XDC constraints or non-optimal design architecture
Related violations: <none>

TIMING-16#406 Warning
Large setup violation  
There is a large setup violation of -3.609 ns between top_block_i/fakernet/reg_switch_0/inst/trg_en_r_reg/C (clocked by clk_out5_top_block_clk_wiz_0_0) and top_block_i/appUnit/das_rx_0/inst/genblk1[1].bus_r_reg[1][256]/CE (clocked by clk_out1_top_block_clk_wiz_1_0). Large setup violations at the end of those stages might be difficult to fix during the post-placement implementation flow and could be the result of non-optimal XDC constraints or non-optimal design architecture
Related violations: <none>

TIMING-16#407 Warning
Large setup violation  
There is a large setup violation of -3.609 ns between top_block_i/fakernet/reg_switch_0/inst/trg_en_r_reg/C (clocked by clk_out5_top_block_clk_wiz_0_0) and top_block_i/appUnit/das_rx_0/inst/genblk1[1].bus_r_reg[1][290]/CE (clocked by clk_out1_top_block_clk_wiz_1_0). Large setup violations at the end of those stages might be difficult to fix during the post-placement implementation flow and could be the result of non-optimal XDC constraints or non-optimal design architecture
Related violations: <none>

TIMING-16#408 Warning
Large setup violation  
There is a large setup violation of -3.609 ns between top_block_i/fakernet/reg_switch_0/inst/trg_en_r_reg/C (clocked by clk_out5_top_block_clk_wiz_0_0) and top_block_i/appUnit/das_rx_0/inst/genblk1[1].bus_r_reg[1][300]/CE (clocked by clk_out1_top_block_clk_wiz_1_0). Large setup violations at the end of those stages might be difficult to fix during the post-placement implementation flow and could be the result of non-optimal XDC constraints or non-optimal design architecture
Related violations: <none>

TIMING-16#409 Warning
Large setup violation  
There is a large setup violation of -3.609 ns between top_block_i/fakernet/reg_switch_0/inst/trg_en_r_reg/C (clocked by clk_out5_top_block_clk_wiz_0_0) and top_block_i/appUnit/das_rx_0/inst/genblk1[1].bus_r_reg[1][310]/CE (clocked by clk_out1_top_block_clk_wiz_1_0). Large setup violations at the end of those stages might be difficult to fix during the post-placement implementation flow and could be the result of non-optimal XDC constraints or non-optimal design architecture
Related violations: <none>

TIMING-16#410 Warning
Large setup violation  
There is a large setup violation of -3.610 ns between top_block_i/fakernet/reg_switch_0/inst/trg_en_r_reg/C (clocked by clk_out5_top_block_clk_wiz_0_0) and top_block_i/appUnit/das_rx_0/inst/genblk1[1].bus_r_reg[1][266]/CE (clocked by clk_out1_top_block_clk_wiz_1_0). Large setup violations at the end of those stages might be difficult to fix during the post-placement implementation flow and could be the result of non-optimal XDC constraints or non-optimal design architecture
Related violations: <none>

TIMING-16#411 Warning
Large setup violation  
There is a large setup violation of -3.610 ns between top_block_i/fakernet/reg_switch_0/inst/trg_en_r_reg/C (clocked by clk_out5_top_block_clk_wiz_0_0) and top_block_i/appUnit/das_rx_0/inst/genblk1[1].bus_r_reg[1][276]/CE (clocked by clk_out1_top_block_clk_wiz_1_0). Large setup violations at the end of those stages might be difficult to fix during the post-placement implementation flow and could be the result of non-optimal XDC constraints or non-optimal design architecture
Related violations: <none>

TIMING-16#412 Warning
Large setup violation  
There is a large setup violation of -3.611 ns between top_block_i/fakernet/reg_switch_0/inst/trg_en_r_reg/C (clocked by clk_out5_top_block_clk_wiz_0_0) and top_block_i/appUnit/das_rx_0/inst/genblk1[1].bus_r_reg[1][270]/CE (clocked by clk_out1_top_block_clk_wiz_1_0). Large setup violations at the end of those stages might be difficult to fix during the post-placement implementation flow and could be the result of non-optimal XDC constraints or non-optimal design architecture
Related violations: <none>

TIMING-16#413 Warning
Large setup violation  
There is a large setup violation of -3.611 ns between top_block_i/fakernet/reg_switch_0/inst/trg_en_r_reg/C (clocked by clk_out5_top_block_clk_wiz_0_0) and top_block_i/appUnit/das_rx_0/inst/genblk1[1].bus_r_reg[1][280]/CE (clocked by clk_out1_top_block_clk_wiz_1_0). Large setup violations at the end of those stages might be difficult to fix during the post-placement implementation flow and could be the result of non-optimal XDC constraints or non-optimal design architecture
Related violations: <none>

TIMING-16#414 Warning
Large setup violation  
There is a large setup violation of -3.614 ns between top_block_i/fakernet/reg_switch_0/inst/trg_en_r_reg/C (clocked by clk_out5_top_block_clk_wiz_0_0) and top_block_i/appUnit/das_rx_0/inst/genblk1[0].bus_r_reg[0][102]/CE (clocked by clk_out1_top_block_clk_wiz_1_0). Large setup violations at the end of those stages might be difficult to fix during the post-placement implementation flow and could be the result of non-optimal XDC constraints or non-optimal design architecture
Related violations: <none>

TIMING-16#415 Warning
Large setup violation  
There is a large setup violation of -3.614 ns between top_block_i/fakernet/reg_switch_0/inst/trg_en_r_reg/C (clocked by clk_out5_top_block_clk_wiz_0_0) and top_block_i/appUnit/das_rx_0/inst/genblk1[0].bus_r_reg[0][72]/CE (clocked by clk_out1_top_block_clk_wiz_1_0). Large setup violations at the end of those stages might be difficult to fix during the post-placement implementation flow and could be the result of non-optimal XDC constraints or non-optimal design architecture
Related violations: <none>

TIMING-16#416 Warning
Large setup violation  
There is a large setup violation of -3.614 ns between top_block_i/fakernet/reg_switch_0/inst/trg_en_r_reg/C (clocked by clk_out5_top_block_clk_wiz_0_0) and top_block_i/appUnit/das_rx_0/inst/genblk1[0].bus_r_reg[0][82]/CE (clocked by clk_out1_top_block_clk_wiz_1_0). Large setup violations at the end of those stages might be difficult to fix during the post-placement implementation flow and could be the result of non-optimal XDC constraints or non-optimal design architecture
Related violations: <none>

TIMING-16#417 Warning
Large setup violation  
There is a large setup violation of -3.614 ns between top_block_i/fakernet/reg_switch_0/inst/trg_en_r_reg/C (clocked by clk_out5_top_block_clk_wiz_0_0) and top_block_i/appUnit/das_rx_0/inst/genblk1[0].bus_r_reg[0][92]/CE (clocked by clk_out1_top_block_clk_wiz_1_0). Large setup violations at the end of those stages might be difficult to fix during the post-placement implementation flow and could be the result of non-optimal XDC constraints or non-optimal design architecture
Related violations: <none>

TIMING-16#418 Warning
Large setup violation  
There is a large setup violation of -3.617 ns between top_block_i/fakernet/reg_switch_0/inst/trg_en_r_reg/C (clocked by clk_out5_top_block_clk_wiz_0_0) and top_block_i/appUnit/das_rx_0/inst/genblk1[0].bus_r_reg[0][157]/CE (clocked by clk_out1_top_block_clk_wiz_1_0). Large setup violations at the end of those stages might be difficult to fix during the post-placement implementation flow and could be the result of non-optimal XDC constraints or non-optimal design architecture
Related violations: <none>

TIMING-16#419 Warning
Large setup violation  
There is a large setup violation of -3.617 ns between top_block_i/fakernet/reg_switch_0/inst/trg_en_r_reg/C (clocked by clk_out5_top_block_clk_wiz_0_0) and top_block_i/appUnit/das_rx_0/inst/genblk1[0].bus_r_reg[0][167]/CE (clocked by clk_out1_top_block_clk_wiz_1_0). Large setup violations at the end of those stages might be difficult to fix during the post-placement implementation flow and could be the result of non-optimal XDC constraints or non-optimal design architecture
Related violations: <none>

TIMING-16#420 Warning
Large setup violation  
There is a large setup violation of -3.617 ns between top_block_i/fakernet/reg_switch_0/inst/trg_en_r_reg/C (clocked by clk_out5_top_block_clk_wiz_0_0) and top_block_i/appUnit/das_rx_0/inst/genblk1[0].bus_r_reg[0][177]/CE (clocked by clk_out1_top_block_clk_wiz_1_0). Large setup violations at the end of those stages might be difficult to fix during the post-placement implementation flow and could be the result of non-optimal XDC constraints or non-optimal design architecture
Related violations: <none>

TIMING-16#421 Warning
Large setup violation  
There is a large setup violation of -3.623 ns between top_block_i/fakernet/reg_switch_0/inst/trg_en_r_reg/C (clocked by clk_out5_top_block_clk_wiz_0_0) and top_block_i/appUnit/das_rx_0/inst/genblk1[1].bus_r_reg[1][19]/CE (clocked by clk_out1_top_block_clk_wiz_1_0). Large setup violations at the end of those stages might be difficult to fix during the post-placement implementation flow and could be the result of non-optimal XDC constraints or non-optimal design architecture
Related violations: <none>

TIMING-16#422 Warning
Large setup violation  
There is a large setup violation of -3.623 ns between top_block_i/fakernet/reg_switch_0/inst/trg_en_r_reg/C (clocked by clk_out5_top_block_clk_wiz_0_0) and top_block_i/appUnit/das_rx_0/inst/genblk1[1].bus_r_reg[1][264]/CE (clocked by clk_out1_top_block_clk_wiz_1_0). Large setup violations at the end of those stages might be difficult to fix during the post-placement implementation flow and could be the result of non-optimal XDC constraints or non-optimal design architecture
Related violations: <none>

TIMING-16#423 Warning
Large setup violation  
There is a large setup violation of -3.623 ns between top_block_i/fakernet/reg_switch_0/inst/trg_en_r_reg/C (clocked by clk_out5_top_block_clk_wiz_0_0) and top_block_i/appUnit/das_rx_0/inst/genblk1[1].bus_r_reg[1][29]/CE (clocked by clk_out1_top_block_clk_wiz_1_0). Large setup violations at the end of those stages might be difficult to fix during the post-placement implementation flow and could be the result of non-optimal XDC constraints or non-optimal design architecture
Related violations: <none>

TIMING-16#424 Warning
Large setup violation  
There is a large setup violation of -3.623 ns between top_block_i/fakernet/reg_switch_0/inst/trg_en_r_reg/C (clocked by clk_out5_top_block_clk_wiz_0_0) and top_block_i/appUnit/das_rx_0/inst/genblk1[1].bus_r_reg[1][314]/CE (clocked by clk_out1_top_block_clk_wiz_1_0). Large setup violations at the end of those stages might be difficult to fix during the post-placement implementation flow and could be the result of non-optimal XDC constraints or non-optimal design architecture
Related violations: <none>

TIMING-16#425 Warning
Large setup violation  
There is a large setup violation of -3.623 ns between top_block_i/fakernet/reg_switch_0/inst/trg_en_r_reg/C (clocked by clk_out5_top_block_clk_wiz_0_0) and top_block_i/appUnit/das_rx_0/inst/genblk1[1].bus_r_reg[1][9]/CE (clocked by clk_out1_top_block_clk_wiz_1_0). Large setup violations at the end of those stages might be difficult to fix during the post-placement implementation flow and could be the result of non-optimal XDC constraints or non-optimal design architecture
Related violations: <none>

TIMING-16#426 Warning
Large setup violation  
There is a large setup violation of -3.624 ns between top_block_i/fakernet/reg_switch_0/inst/trg_en_r_reg/C (clocked by clk_out5_top_block_clk_wiz_0_0) and top_block_i/appUnit/das_rx_0/inst/genblk1[1].bus_r_reg[1][101]/CE (clocked by clk_out1_top_block_clk_wiz_1_0). Large setup violations at the end of those stages might be difficult to fix during the post-placement implementation flow and could be the result of non-optimal XDC constraints or non-optimal design architecture
Related violations: <none>

TIMING-16#427 Warning
Large setup violation  
There is a large setup violation of -3.624 ns between top_block_i/fakernet/reg_switch_0/inst/trg_en_r_reg/C (clocked by clk_out5_top_block_clk_wiz_0_0) and top_block_i/appUnit/das_rx_0/inst/genblk1[1].bus_r_reg[1][111]/CE (clocked by clk_out1_top_block_clk_wiz_1_0). Large setup violations at the end of those stages might be difficult to fix during the post-placement implementation flow and could be the result of non-optimal XDC constraints or non-optimal design architecture
Related violations: <none>

TIMING-16#428 Warning
Large setup violation  
There is a large setup violation of -3.624 ns between top_block_i/fakernet/reg_switch_0/inst/trg_en_r_reg/C (clocked by clk_out5_top_block_clk_wiz_0_0) and top_block_i/appUnit/das_rx_0/inst/genblk1[1].bus_r_reg[1][91]/CE (clocked by clk_out1_top_block_clk_wiz_1_0). Large setup violations at the end of those stages might be difficult to fix during the post-placement implementation flow and could be the result of non-optimal XDC constraints or non-optimal design architecture
Related violations: <none>

TIMING-16#429 Warning
Large setup violation  
There is a large setup violation of -3.625 ns between top_block_i/fakernet/reg_switch_0/inst/trg_en_r_reg/C (clocked by clk_out5_top_block_clk_wiz_0_0) and top_block_i/appUnit/das_rx_0/inst/genblk1[1].bus_r_reg[1][289]/CE (clocked by clk_out1_top_block_clk_wiz_1_0). Large setup violations at the end of those stages might be difficult to fix during the post-placement implementation flow and could be the result of non-optimal XDC constraints or non-optimal design architecture
Related violations: <none>

TIMING-16#430 Warning
Large setup violation  
There is a large setup violation of -3.625 ns between top_block_i/fakernet/reg_switch_0/inst/trg_en_r_reg/C (clocked by clk_out5_top_block_clk_wiz_0_0) and top_block_i/appUnit/das_rx_0/inst/genblk1[1].bus_r_reg[1][299]/CE (clocked by clk_out1_top_block_clk_wiz_1_0). Large setup violations at the end of those stages might be difficult to fix during the post-placement implementation flow and could be the result of non-optimal XDC constraints or non-optimal design architecture
Related violations: <none>

TIMING-16#431 Warning
Large setup violation  
There is a large setup violation of -3.625 ns between top_block_i/fakernet/reg_switch_0/inst/trg_en_r_reg/C (clocked by clk_out5_top_block_clk_wiz_0_0) and top_block_i/appUnit/das_rx_0/inst/genblk1[1].bus_r_reg[1][309]/CE (clocked by clk_out1_top_block_clk_wiz_1_0). Large setup violations at the end of those stages might be difficult to fix during the post-placement implementation flow and could be the result of non-optimal XDC constraints or non-optimal design architecture
Related violations: <none>

TIMING-16#432 Warning
Large setup violation  
There is a large setup violation of -3.625 ns between top_block_i/fakernet/reg_switch_0/inst/trg_en_r_reg/C (clocked by clk_out5_top_block_clk_wiz_0_0) and top_block_i/appUnit/das_rx_0/inst/genblk1[1].bus_r_reg[1][319]/CE (clocked by clk_out1_top_block_clk_wiz_1_0). Large setup violations at the end of those stages might be difficult to fix during the post-placement implementation flow and could be the result of non-optimal XDC constraints or non-optimal design architecture
Related violations: <none>

TIMING-16#433 Warning
Large setup violation  
There is a large setup violation of -3.626 ns between top_block_i/fakernet/reg_switch_0/inst/trg_en_r_reg/C (clocked by clk_out5_top_block_clk_wiz_0_0) and top_block_i/appUnit/das_rx_0/inst/genblk1[0].bus_r_reg[0][14]/CE (clocked by clk_out1_top_block_clk_wiz_1_0). Large setup violations at the end of those stages might be difficult to fix during the post-placement implementation flow and could be the result of non-optimal XDC constraints or non-optimal design architecture
Related violations: <none>

TIMING-16#434 Warning
Large setup violation  
There is a large setup violation of -3.626 ns between top_block_i/fakernet/reg_switch_0/inst/trg_en_r_reg/C (clocked by clk_out5_top_block_clk_wiz_0_0) and top_block_i/appUnit/das_rx_0/inst/genblk1[0].bus_r_reg[0][24]/CE (clocked by clk_out1_top_block_clk_wiz_1_0). Large setup violations at the end of those stages might be difficult to fix during the post-placement implementation flow and could be the result of non-optimal XDC constraints or non-optimal design architecture
Related violations: <none>

TIMING-16#435 Warning
Large setup violation  
There is a large setup violation of -3.626 ns between top_block_i/fakernet/reg_switch_0/inst/trg_en_r_reg/C (clocked by clk_out5_top_block_clk_wiz_0_0) and top_block_i/appUnit/das_rx_0/inst/genblk1[0].bus_r_reg[0][34]/CE (clocked by clk_out1_top_block_clk_wiz_1_0). Large setup violations at the end of those stages might be difficult to fix during the post-placement implementation flow and could be the result of non-optimal XDC constraints or non-optimal design architecture
Related violations: <none>

TIMING-16#436 Warning
Large setup violation  
There is a large setup violation of -3.626 ns between top_block_i/fakernet/reg_switch_0/inst/trg_en_r_reg/C (clocked by clk_out5_top_block_clk_wiz_0_0) and top_block_i/appUnit/das_rx_0/inst/genblk1[0].bus_r_reg[0][4]/CE (clocked by clk_out1_top_block_clk_wiz_1_0). Large setup violations at the end of those stages might be difficult to fix during the post-placement implementation flow and could be the result of non-optimal XDC constraints or non-optimal design architecture
Related violations: <none>

TIMING-16#437 Warning
Large setup violation  
There is a large setup violation of -3.630 ns between top_block_i/fakernet/reg_switch_0/inst/trg_en_r_reg/C (clocked by clk_out5_top_block_clk_wiz_0_0) and top_block_i/appUnit/das_rx_0/inst/genblk1[0].bus_r_reg[0][258]/CE (clocked by clk_out1_top_block_clk_wiz_1_0). Large setup violations at the end of those stages might be difficult to fix during the post-placement implementation flow and could be the result of non-optimal XDC constraints or non-optimal design architecture
Related violations: <none>

TIMING-16#438 Warning
Large setup violation  
There is a large setup violation of -3.630 ns between top_block_i/fakernet/reg_switch_0/inst/trg_en_r_reg/C (clocked by clk_out5_top_block_clk_wiz_0_0) and top_block_i/appUnit/das_rx_0/inst/genblk1[0].bus_r_reg[0][308]/CE (clocked by clk_out1_top_block_clk_wiz_1_0). Large setup violations at the end of those stages might be difficult to fix during the post-placement implementation flow and could be the result of non-optimal XDC constraints or non-optimal design architecture
Related violations: <none>

TIMING-16#439 Warning
Large setup violation  
There is a large setup violation of -3.630 ns between top_block_i/fakernet/reg_switch_0/inst/trg_en_r_reg/C (clocked by clk_out5_top_block_clk_wiz_0_0) and top_block_i/appUnit/das_rx_0/inst/genblk1[0].bus_r_reg[0][318]/CE (clocked by clk_out1_top_block_clk_wiz_1_0). Large setup violations at the end of those stages might be difficult to fix during the post-placement implementation flow and could be the result of non-optimal XDC constraints or non-optimal design architecture
Related violations: <none>

TIMING-16#440 Warning
Large setup violation  
There is a large setup violation of -3.639 ns between top_block_i/fakernet/reg_switch_0/inst/trg_en_r_reg/C (clocked by clk_out5_top_block_clk_wiz_0_0) and top_block_i/appUnit/das_rx_0/inst/genblk1[1].bus_r_reg[1][301]/CE (clocked by clk_out1_top_block_clk_wiz_1_0). Large setup violations at the end of those stages might be difficult to fix during the post-placement implementation flow and could be the result of non-optimal XDC constraints or non-optimal design architecture
Related violations: <none>

TIMING-16#441 Warning
Large setup violation  
There is a large setup violation of -3.639 ns between top_block_i/fakernet/reg_switch_0/inst/trg_en_r_reg/C (clocked by clk_out5_top_block_clk_wiz_0_0) and top_block_i/appUnit/das_rx_0/inst/genblk1[1].bus_r_reg[1][311]/CE (clocked by clk_out1_top_block_clk_wiz_1_0). Large setup violations at the end of those stages might be difficult to fix during the post-placement implementation flow and could be the result of non-optimal XDC constraints or non-optimal design architecture
Related violations: <none>

TIMING-16#442 Warning
Large setup violation  
There is a large setup violation of -3.641 ns between top_block_i/fakernet/reg_switch_0/inst/trg_en_r_reg/C (clocked by clk_out5_top_block_clk_wiz_0_0) and top_block_i/appUnit/das_rx_0/inst/genblk1[1].bus_r_reg[1][169]/CE (clocked by clk_out1_top_block_clk_wiz_1_0). Large setup violations at the end of those stages might be difficult to fix during the post-placement implementation flow and could be the result of non-optimal XDC constraints or non-optimal design architecture
Related violations: <none>

TIMING-16#443 Warning
Large setup violation  
There is a large setup violation of -3.641 ns between top_block_i/fakernet/reg_switch_0/inst/trg_en_r_reg/C (clocked by clk_out5_top_block_clk_wiz_0_0) and top_block_i/appUnit/das_rx_0/inst/genblk1[1].bus_r_reg[1][179]/CE (clocked by clk_out1_top_block_clk_wiz_1_0). Large setup violations at the end of those stages might be difficult to fix during the post-placement implementation flow and could be the result of non-optimal XDC constraints or non-optimal design architecture
Related violations: <none>

TIMING-16#444 Warning
Large setup violation  
There is a large setup violation of -3.655 ns between top_block_i/fakernet/reg_switch_0/inst/trg_en_r_reg/C (clocked by clk_out5_top_block_clk_wiz_0_0) and top_block_i/appUnit/das_rx_0/inst/genblk1[1].bus_r_reg[1][106]/CE (clocked by clk_out1_top_block_clk_wiz_1_0). Large setup violations at the end of those stages might be difficult to fix during the post-placement implementation flow and could be the result of non-optimal XDC constraints or non-optimal design architecture
Related violations: <none>

TIMING-16#445 Warning
Large setup violation  
There is a large setup violation of -3.655 ns between top_block_i/fakernet/reg_switch_0/inst/trg_en_r_reg/C (clocked by clk_out5_top_block_clk_wiz_0_0) and top_block_i/appUnit/das_rx_0/inst/genblk1[1].bus_r_reg[1][32]/CE (clocked by clk_out1_top_block_clk_wiz_1_0). Large setup violations at the end of those stages might be difficult to fix during the post-placement implementation flow and could be the result of non-optimal XDC constraints or non-optimal design architecture
Related violations: <none>

TIMING-16#446 Warning
Large setup violation  
There is a large setup violation of -3.655 ns between top_block_i/fakernet/reg_switch_0/inst/trg_en_r_reg/C (clocked by clk_out5_top_block_clk_wiz_0_0) and top_block_i/appUnit/das_rx_0/inst/genblk1[1].bus_r_reg[1][42]/CE (clocked by clk_out1_top_block_clk_wiz_1_0). Large setup violations at the end of those stages might be difficult to fix during the post-placement implementation flow and could be the result of non-optimal XDC constraints or non-optimal design architecture
Related violations: <none>

TIMING-16#447 Warning
Large setup violation  
There is a large setup violation of -3.655 ns between top_block_i/fakernet/reg_switch_0/inst/trg_en_r_reg/C (clocked by clk_out5_top_block_clk_wiz_0_0) and top_block_i/appUnit/das_rx_0/inst/genblk1[1].bus_r_reg[1][76]/CE (clocked by clk_out1_top_block_clk_wiz_1_0). Large setup violations at the end of those stages might be difficult to fix during the post-placement implementation flow and could be the result of non-optimal XDC constraints or non-optimal design architecture
Related violations: <none>

TIMING-16#448 Warning
Large setup violation  
There is a large setup violation of -3.655 ns between top_block_i/fakernet/reg_switch_0/inst/trg_en_r_reg/C (clocked by clk_out5_top_block_clk_wiz_0_0) and top_block_i/appUnit/das_rx_0/inst/genblk1[1].bus_r_reg[1][86]/CE (clocked by clk_out1_top_block_clk_wiz_1_0). Large setup violations at the end of those stages might be difficult to fix during the post-placement implementation flow and could be the result of non-optimal XDC constraints or non-optimal design architecture
Related violations: <none>

TIMING-16#449 Warning
Large setup violation  
There is a large setup violation of -3.655 ns between top_block_i/fakernet/reg_switch_0/inst/trg_en_r_reg/C (clocked by clk_out5_top_block_clk_wiz_0_0) and top_block_i/appUnit/das_rx_0/inst/genblk1[1].bus_r_reg[1][96]/CE (clocked by clk_out1_top_block_clk_wiz_1_0). Large setup violations at the end of those stages might be difficult to fix during the post-placement implementation flow and could be the result of non-optimal XDC constraints or non-optimal design architecture
Related violations: <none>

TIMING-16#450 Warning
Large setup violation  
There is a large setup violation of -3.656 ns between top_block_i/fakernet/reg_switch_0/inst/trg_en_r_reg/C (clocked by clk_out5_top_block_clk_wiz_0_0) and top_block_i/appUnit/das_rx_0/inst/genblk1[0].bus_r_reg[0][112]/CE (clocked by clk_out1_top_block_clk_wiz_1_0). Large setup violations at the end of those stages might be difficult to fix during the post-placement implementation flow and could be the result of non-optimal XDC constraints or non-optimal design architecture
Related violations: <none>

TIMING-16#451 Warning
Large setup violation  
There is a large setup violation of -3.656 ns between top_block_i/fakernet/reg_switch_0/inst/trg_en_r_reg/C (clocked by clk_out5_top_block_clk_wiz_0_0) and top_block_i/appUnit/das_rx_0/inst/genblk1[0].bus_r_reg[0][122]/CE (clocked by clk_out1_top_block_clk_wiz_1_0). Large setup violations at the end of those stages might be difficult to fix during the post-placement implementation flow and could be the result of non-optimal XDC constraints or non-optimal design architecture
Related violations: <none>

TIMING-16#452 Warning
Large setup violation  
There is a large setup violation of -3.656 ns between top_block_i/fakernet/reg_switch_0/inst/trg_en_r_reg/C (clocked by clk_out5_top_block_clk_wiz_0_0) and top_block_i/appUnit/das_rx_0/inst/genblk1[0].bus_r_reg[0][132]/CE (clocked by clk_out1_top_block_clk_wiz_1_0). Large setup violations at the end of those stages might be difficult to fix during the post-placement implementation flow and could be the result of non-optimal XDC constraints or non-optimal design architecture
Related violations: <none>

TIMING-16#453 Warning
Large setup violation  
There is a large setup violation of -3.656 ns between top_block_i/fakernet/reg_switch_0/inst/trg_en_r_reg/C (clocked by clk_out5_top_block_clk_wiz_0_0) and top_block_i/appUnit/das_rx_0/inst/genblk1[0].bus_r_reg[0][142]/CE (clocked by clk_out1_top_block_clk_wiz_1_0). Large setup violations at the end of those stages might be difficult to fix during the post-placement implementation flow and could be the result of non-optimal XDC constraints or non-optimal design architecture
Related violations: <none>

TIMING-16#454 Warning
Large setup violation  
There is a large setup violation of -3.656 ns between top_block_i/fakernet/reg_switch_0/inst/trg_en_r_reg/C (clocked by clk_out5_top_block_clk_wiz_0_0) and top_block_i/appUnit/das_rx_0/inst/genblk1[1].bus_r_reg[1][202]/CE (clocked by clk_out1_top_block_clk_wiz_1_0). Large setup violations at the end of those stages might be difficult to fix during the post-placement implementation flow and could be the result of non-optimal XDC constraints or non-optimal design architecture
Related violations: <none>

TIMING-16#455 Warning
Large setup violation  
There is a large setup violation of -3.656 ns between top_block_i/fakernet/reg_switch_0/inst/trg_en_r_reg/C (clocked by clk_out5_top_block_clk_wiz_0_0) and top_block_i/appUnit/das_rx_0/inst/genblk1[1].bus_r_reg[1][212]/CE (clocked by clk_out1_top_block_clk_wiz_1_0). Large setup violations at the end of those stages might be difficult to fix during the post-placement implementation flow and could be the result of non-optimal XDC constraints or non-optimal design architecture
Related violations: <none>

TIMING-16#456 Warning
Large setup violation  
There is a large setup violation of -3.656 ns between top_block_i/fakernet/reg_switch_0/inst/trg_en_r_reg/C (clocked by clk_out5_top_block_clk_wiz_0_0) and top_block_i/appUnit/das_rx_0/inst/genblk1[1].bus_r_reg[1][222]/CE (clocked by clk_out1_top_block_clk_wiz_1_0). Large setup violations at the end of those stages might be difficult to fix during the post-placement implementation flow and could be the result of non-optimal XDC constraints or non-optimal design architecture
Related violations: <none>

TIMING-16#457 Warning
Large setup violation  
There is a large setup violation of -3.656 ns between top_block_i/fakernet/reg_switch_0/inst/trg_en_r_reg/C (clocked by clk_out5_top_block_clk_wiz_0_0) and top_block_i/appUnit/das_rx_0/inst/genblk1[1].bus_r_reg[1][232]/CE (clocked by clk_out1_top_block_clk_wiz_1_0). Large setup violations at the end of those stages might be difficult to fix during the post-placement implementation flow and could be the result of non-optimal XDC constraints or non-optimal design architecture
Related violations: <none>

TIMING-16#458 Warning
Large setup violation  
There is a large setup violation of -3.656 ns between top_block_i/fakernet/reg_switch_0/inst/trg_en_r_reg/C (clocked by clk_out5_top_block_clk_wiz_0_0) and top_block_i/appUnit/das_rx_0/inst/genblk1[1].bus_r_reg[1][41]/CE (clocked by clk_out1_top_block_clk_wiz_1_0). Large setup violations at the end of those stages might be difficult to fix during the post-placement implementation flow and could be the result of non-optimal XDC constraints or non-optimal design architecture
Related violations: <none>

TIMING-16#459 Warning
Large setup violation  
There is a large setup violation of -3.657 ns between top_block_i/fakernet/reg_switch_0/inst/trg_en_r_reg/C (clocked by clk_out5_top_block_clk_wiz_0_0) and top_block_i/appUnit/das_rx_0/inst/genblk1[1].bus_r_reg[1][116]/CE (clocked by clk_out1_top_block_clk_wiz_1_0). Large setup violations at the end of those stages might be difficult to fix during the post-placement implementation flow and could be the result of non-optimal XDC constraints or non-optimal design architecture
Related violations: <none>

TIMING-16#460 Warning
Large setup violation  
There is a large setup violation of -3.657 ns between top_block_i/fakernet/reg_switch_0/inst/trg_en_r_reg/C (clocked by clk_out5_top_block_clk_wiz_0_0) and top_block_i/appUnit/das_rx_0/inst/genblk1[1].bus_r_reg[1][12]/CE (clocked by clk_out1_top_block_clk_wiz_1_0). Large setup violations at the end of those stages might be difficult to fix during the post-placement implementation flow and could be the result of non-optimal XDC constraints or non-optimal design architecture
Related violations: <none>

TIMING-16#461 Warning
Large setup violation  
There is a large setup violation of -3.657 ns between top_block_i/fakernet/reg_switch_0/inst/trg_en_r_reg/C (clocked by clk_out5_top_block_clk_wiz_0_0) and top_block_i/appUnit/das_rx_0/inst/genblk1[1].bus_r_reg[1][22]/CE (clocked by clk_out1_top_block_clk_wiz_1_0). Large setup violations at the end of those stages might be difficult to fix during the post-placement implementation flow and could be the result of non-optimal XDC constraints or non-optimal design architecture
Related violations: <none>

TIMING-16#462 Warning
Large setup violation  
There is a large setup violation of -3.657 ns between top_block_i/fakernet/reg_switch_0/inst/trg_en_r_reg/C (clocked by clk_out5_top_block_clk_wiz_0_0) and top_block_i/appUnit/das_rx_0/inst/genblk1[1].bus_r_reg[1][2]/CE (clocked by clk_out1_top_block_clk_wiz_1_0). Large setup violations at the end of those stages might be difficult to fix during the post-placement implementation flow and could be the result of non-optimal XDC constraints or non-optimal design architecture
Related violations: <none>

TIMING-16#463 Warning
Large setup violation  
There is a large setup violation of -3.657 ns between top_block_i/fakernet/reg_switch_0/inst/trg_en_r_reg/C (clocked by clk_out5_top_block_clk_wiz_0_0) and top_block_i/appUnit/das_rx_0/inst/genblk1[1].bus_r_reg[1][46]/CE (clocked by clk_out1_top_block_clk_wiz_1_0). Large setup violations at the end of those stages might be difficult to fix during the post-placement implementation flow and could be the result of non-optimal XDC constraints or non-optimal design architecture
Related violations: <none>

TIMING-16#464 Warning
Large setup violation  
There is a large setup violation of -3.657 ns between top_block_i/fakernet/reg_switch_0/inst/trg_en_r_reg/C (clocked by clk_out5_top_block_clk_wiz_0_0) and top_block_i/appUnit/das_rx_0/inst/genblk1[1].bus_r_reg[1][56]/CE (clocked by clk_out1_top_block_clk_wiz_1_0). Large setup violations at the end of those stages might be difficult to fix during the post-placement implementation flow and could be the result of non-optimal XDC constraints or non-optimal design architecture
Related violations: <none>

TIMING-16#465 Warning
Large setup violation  
There is a large setup violation of -3.657 ns between top_block_i/fakernet/reg_switch_0/inst/trg_en_r_reg/C (clocked by clk_out5_top_block_clk_wiz_0_0) and top_block_i/appUnit/das_rx_0/inst/genblk1[1].bus_r_reg[1][66]/CE (clocked by clk_out1_top_block_clk_wiz_1_0). Large setup violations at the end of those stages might be difficult to fix during the post-placement implementation flow and could be the result of non-optimal XDC constraints or non-optimal design architecture
Related violations: <none>

TIMING-16#466 Warning
Large setup violation  
There is a large setup violation of -3.659 ns between top_block_i/fakernet/reg_switch_0/inst/trg_en_r_reg/C (clocked by clk_out5_top_block_clk_wiz_0_0) and top_block_i/appUnit/das_rx_0/inst/genblk1[0].bus_r_reg[0][130]/CE (clocked by clk_out1_top_block_clk_wiz_1_0). Large setup violations at the end of those stages might be difficult to fix during the post-placement implementation flow and could be the result of non-optimal XDC constraints or non-optimal design architecture
Related violations: <none>

TIMING-16#467 Warning
Large setup violation  
There is a large setup violation of -3.659 ns between top_block_i/fakernet/reg_switch_0/inst/trg_en_r_reg/C (clocked by clk_out5_top_block_clk_wiz_0_0) and top_block_i/appUnit/das_rx_0/inst/genblk1[0].bus_r_reg[0][140]/CE (clocked by clk_out1_top_block_clk_wiz_1_0). Large setup violations at the end of those stages might be difficult to fix during the post-placement implementation flow and could be the result of non-optimal XDC constraints or non-optimal design architecture
Related violations: <none>

TIMING-16#468 Warning
Large setup violation  
There is a large setup violation of -3.659 ns between top_block_i/fakernet/reg_switch_0/inst/trg_en_r_reg/C (clocked by clk_out5_top_block_clk_wiz_0_0) and top_block_i/appUnit/das_rx_0/inst/genblk1[0].bus_r_reg[0][150]/CE (clocked by clk_out1_top_block_clk_wiz_1_0). Large setup violations at the end of those stages might be difficult to fix during the post-placement implementation flow and could be the result of non-optimal XDC constraints or non-optimal design architecture
Related violations: <none>

TIMING-16#469 Warning
Large setup violation  
There is a large setup violation of -3.661 ns between top_block_i/fakernet/reg_switch_0/inst/trg_en_r_reg/C (clocked by clk_out5_top_block_clk_wiz_0_0) and top_block_i/appUnit/das_rx_0/inst/genblk1[1].bus_reg[1][106]/CE (clocked by clk_out1_top_block_clk_wiz_1_0). Large setup violations at the end of those stages might be difficult to fix during the post-placement implementation flow and could be the result of non-optimal XDC constraints or non-optimal design architecture
Related violations: <none>

TIMING-16#470 Warning
Large setup violation  
There is a large setup violation of -3.663 ns between top_block_i/fakernet/reg_switch_0/inst/trg_en_r_reg/C (clocked by clk_out5_top_block_clk_wiz_0_0) and top_block_i/appUnit/das_rx_0/inst/genblk1[0].bus_r_reg[0][152]/CE (clocked by clk_out1_top_block_clk_wiz_1_0). Large setup violations at the end of those stages might be difficult to fix during the post-placement implementation flow and could be the result of non-optimal XDC constraints or non-optimal design architecture
Related violations: <none>

TIMING-16#471 Warning
Large setup violation  
There is a large setup violation of -3.663 ns between top_block_i/fakernet/reg_switch_0/inst/trg_en_r_reg/C (clocked by clk_out5_top_block_clk_wiz_0_0) and top_block_i/appUnit/das_rx_0/inst/genblk1[0].bus_r_reg[0][162]/CE (clocked by clk_out1_top_block_clk_wiz_1_0). Large setup violations at the end of those stages might be difficult to fix during the post-placement implementation flow and could be the result of non-optimal XDC constraints or non-optimal design architecture
Related violations: <none>

TIMING-16#472 Warning
Large setup violation  
There is a large setup violation of -3.663 ns between top_block_i/fakernet/reg_switch_0/inst/trg_en_r_reg/C (clocked by clk_out5_top_block_clk_wiz_0_0) and top_block_i/appUnit/das_rx_0/inst/genblk1[0].bus_r_reg[0][172]/CE (clocked by clk_out1_top_block_clk_wiz_1_0). Large setup violations at the end of those stages might be difficult to fix during the post-placement implementation flow and could be the result of non-optimal XDC constraints or non-optimal design architecture
Related violations: <none>

TIMING-16#473 Warning
Large setup violation  
There is a large setup violation of -3.663 ns between top_block_i/fakernet/reg_switch_0/inst/trg_en_r_reg/C (clocked by clk_out5_top_block_clk_wiz_0_0) and top_block_i/appUnit/das_rx_0/inst/genblk1[0].bus_r_reg[0][182]/CE (clocked by clk_out1_top_block_clk_wiz_1_0). Large setup violations at the end of those stages might be difficult to fix during the post-placement implementation flow and could be the result of non-optimal XDC constraints or non-optimal design architecture
Related violations: <none>

TIMING-16#474 Warning
Large setup violation  
There is a large setup violation of -3.666 ns between top_block_i/fakernet/reg_switch_0/inst/trg_en_r_reg/C (clocked by clk_out5_top_block_clk_wiz_0_0) and top_block_i/appUnit/das_rx_0/inst/genblk1[1].bus_r_reg[1][274]/CE (clocked by clk_out1_top_block_clk_wiz_1_0). Large setup violations at the end of those stages might be difficult to fix during the post-placement implementation flow and could be the result of non-optimal XDC constraints or non-optimal design architecture
Related violations: <none>

TIMING-16#475 Warning
Large setup violation  
There is a large setup violation of -3.666 ns between top_block_i/fakernet/reg_switch_0/inst/trg_en_r_reg/C (clocked by clk_out5_top_block_clk_wiz_0_0) and top_block_i/appUnit/das_rx_0/inst/genblk1[1].bus_r_reg[1][284]/CE (clocked by clk_out1_top_block_clk_wiz_1_0). Large setup violations at the end of those stages might be difficult to fix during the post-placement implementation flow and could be the result of non-optimal XDC constraints or non-optimal design architecture
Related violations: <none>

TIMING-16#476 Warning
Large setup violation  
There is a large setup violation of -3.666 ns between top_block_i/fakernet/reg_switch_0/inst/trg_en_r_reg/C (clocked by clk_out5_top_block_clk_wiz_0_0) and top_block_i/appUnit/das_rx_0/inst/genblk1[1].bus_r_reg[1][294]/CE (clocked by clk_out1_top_block_clk_wiz_1_0). Large setup violations at the end of those stages might be difficult to fix during the post-placement implementation flow and could be the result of non-optimal XDC constraints or non-optimal design architecture
Related violations: <none>

TIMING-16#477 Warning
Large setup violation  
There is a large setup violation of -3.666 ns between top_block_i/fakernet/reg_switch_0/inst/trg_en_r_reg/C (clocked by clk_out5_top_block_clk_wiz_0_0) and top_block_i/appUnit/das_rx_0/inst/genblk1[1].bus_r_reg[1][304]/CE (clocked by clk_out1_top_block_clk_wiz_1_0). Large setup violations at the end of those stages might be difficult to fix during the post-placement implementation flow and could be the result of non-optimal XDC constraints or non-optimal design architecture
Related violations: <none>

TIMING-16#478 Warning
Large setup violation  
There is a large setup violation of -3.666 ns between top_block_i/fakernet/reg_switch_0/inst/trg_en_r_reg/C (clocked by clk_out5_top_block_clk_wiz_0_0) and top_block_i/appUnit/das_rx_0/inst/genblk1[1].bus_r_reg[1][39]/CE (clocked by clk_out1_top_block_clk_wiz_1_0). Large setup violations at the end of those stages might be difficult to fix during the post-placement implementation flow and could be the result of non-optimal XDC constraints or non-optimal design architecture
Related violations: <none>

TIMING-16#479 Warning
Large setup violation  
There is a large setup violation of -3.666 ns between top_block_i/fakernet/reg_switch_0/inst/trg_en_r_reg/C (clocked by clk_out5_top_block_clk_wiz_0_0) and top_block_i/appUnit/das_rx_0/inst/genblk1[1].bus_r_reg[1][49]/CE (clocked by clk_out1_top_block_clk_wiz_1_0). Large setup violations at the end of those stages might be difficult to fix during the post-placement implementation flow and could be the result of non-optimal XDC constraints or non-optimal design architecture
Related violations: <none>

TIMING-16#480 Warning
Large setup violation  
There is a large setup violation of -3.666 ns between top_block_i/fakernet/reg_switch_0/inst/trg_en_r_reg/C (clocked by clk_out5_top_block_clk_wiz_0_0) and top_block_i/appUnit/das_rx_0/inst/genblk1[1].bus_r_reg[1][59]/CE (clocked by clk_out1_top_block_clk_wiz_1_0). Large setup violations at the end of those stages might be difficult to fix during the post-placement implementation flow and could be the result of non-optimal XDC constraints or non-optimal design architecture
Related violations: <none>

TIMING-16#481 Warning
Large setup violation  
There is a large setup violation of -3.667 ns between top_block_i/fakernet/reg_switch_0/inst/trg_en_r_reg/C (clocked by clk_out5_top_block_clk_wiz_0_0) and top_block_i/appUnit/das_rx_0/inst/genblk1[0].bus_r_reg[0][160]/CE (clocked by clk_out1_top_block_clk_wiz_1_0). Large setup violations at the end of those stages might be difficult to fix during the post-placement implementation flow and could be the result of non-optimal XDC constraints or non-optimal design architecture
Related violations: <none>

TIMING-16#482 Warning
Large setup violation  
There is a large setup violation of -3.667 ns between top_block_i/fakernet/reg_switch_0/inst/trg_en_r_reg/C (clocked by clk_out5_top_block_clk_wiz_0_0) and top_block_i/appUnit/das_rx_0/inst/genblk1[0].bus_r_reg[0][170]/CE (clocked by clk_out1_top_block_clk_wiz_1_0). Large setup violations at the end of those stages might be difficult to fix during the post-placement implementation flow and could be the result of non-optimal XDC constraints or non-optimal design architecture
Related violations: <none>

TIMING-16#483 Warning
Large setup violation  
There is a large setup violation of -3.668 ns between top_block_i/fakernet/reg_switch_0/inst/trg_en_r_reg/C (clocked by clk_out5_top_block_clk_wiz_0_0) and top_block_i/appUnit/das_rx_0/inst/genblk1[1].bus_reg[1][104]/CE (clocked by clk_out1_top_block_clk_wiz_1_0). Large setup violations at the end of those stages might be difficult to fix during the post-placement implementation flow and could be the result of non-optimal XDC constraints or non-optimal design architecture
Related violations: <none>

TIMING-16#484 Warning
Large setup violation  
There is a large setup violation of -3.668 ns between top_block_i/fakernet/reg_switch_0/inst/trg_en_r_reg/C (clocked by clk_out5_top_block_clk_wiz_0_0) and top_block_i/appUnit/das_rx_0/inst/genblk1[1].bus_reg[1][109]/CE (clocked by clk_out1_top_block_clk_wiz_1_0). Large setup violations at the end of those stages might be difficult to fix during the post-placement implementation flow and could be the result of non-optimal XDC constraints or non-optimal design architecture
Related violations: <none>

TIMING-16#485 Warning
Large setup violation  
There is a large setup violation of -3.669 ns between top_block_i/fakernet/reg_switch_0/inst/trg_en_r_reg/C (clocked by clk_out5_top_block_clk_wiz_0_0) and top_block_i/appUnit/das_rx_0/inst/genblk1[1].bus_r_reg[1][82]/CE (clocked by clk_out1_top_block_clk_wiz_1_0). Large setup violations at the end of those stages might be difficult to fix during the post-placement implementation flow and could be the result of non-optimal XDC constraints or non-optimal design architecture
Related violations: <none>

TIMING-16#486 Warning
Large setup violation  
There is a large setup violation of -3.669 ns between top_block_i/fakernet/reg_switch_0/inst/trg_en_r_reg/C (clocked by clk_out5_top_block_clk_wiz_0_0) and top_block_i/appUnit/das_rx_0/inst/genblk1[1].bus_r_reg[1][92]/CE (clocked by clk_out1_top_block_clk_wiz_1_0). Large setup violations at the end of those stages might be difficult to fix during the post-placement implementation flow and could be the result of non-optimal XDC constraints or non-optimal design architecture
Related violations: <none>

TIMING-16#487 Warning
Large setup violation  
There is a large setup violation of -3.672 ns between top_block_i/fakernet/reg_switch_0/inst/trg_en_r_reg/C (clocked by clk_out5_top_block_clk_wiz_0_0) and top_block_i/appUnit/das_rx_0/inst/genblk1[1].bus_r_reg[1][118]/CE (clocked by clk_out1_top_block_clk_wiz_1_0). Large setup violations at the end of those stages might be difficult to fix during the post-placement implementation flow and could be the result of non-optimal XDC constraints or non-optimal design architecture
Related violations: <none>

TIMING-16#488 Warning
Large setup violation  
There is a large setup violation of -3.672 ns between top_block_i/fakernet/reg_switch_0/inst/trg_en_r_reg/C (clocked by clk_out5_top_block_clk_wiz_0_0) and top_block_i/appUnit/das_rx_0/inst/genblk1[1].bus_r_reg[1][128]/CE (clocked by clk_out1_top_block_clk_wiz_1_0). Large setup violations at the end of those stages might be difficult to fix during the post-placement implementation flow and could be the result of non-optimal XDC constraints or non-optimal design architecture
Related violations: <none>

TIMING-16#489 Warning
Large setup violation  
There is a large setup violation of -3.672 ns between top_block_i/fakernet/reg_switch_0/inst/trg_en_r_reg/C (clocked by clk_out5_top_block_clk_wiz_0_0) and top_block_i/appUnit/das_rx_0/inst/genblk1[1].bus_r_reg[1][138]/CE (clocked by clk_out1_top_block_clk_wiz_1_0). Large setup violations at the end of those stages might be difficult to fix during the post-placement implementation flow and could be the result of non-optimal XDC constraints or non-optimal design architecture
Related violations: <none>

TIMING-16#490 Warning
Large setup violation  
There is a large setup violation of -3.672 ns between top_block_i/fakernet/reg_switch_0/inst/trg_en_r_reg/C (clocked by clk_out5_top_block_clk_wiz_0_0) and top_block_i/appUnit/das_rx_0/inst/genblk1[1].bus_r_reg[1][148]/CE (clocked by clk_out1_top_block_clk_wiz_1_0). Large setup violations at the end of those stages might be difficult to fix during the post-placement implementation flow and could be the result of non-optimal XDC constraints or non-optimal design architecture
Related violations: <none>

TIMING-16#491 Warning
Large setup violation  
There is a large setup violation of -3.674 ns between top_block_i/fakernet/reg_switch_0/inst/trg_en_r_reg/C (clocked by clk_out5_top_block_clk_wiz_0_0) and top_block_i/appUnit/das_rx_0/inst/genblk1[1].bus_r_reg[1][126]/CE (clocked by clk_out1_top_block_clk_wiz_1_0). Large setup violations at the end of those stages might be difficult to fix during the post-placement implementation flow and could be the result of non-optimal XDC constraints or non-optimal design architecture
Related violations: <none>

TIMING-16#492 Warning
Large setup violation  
There is a large setup violation of -3.674 ns between top_block_i/fakernet/reg_switch_0/inst/trg_en_r_reg/C (clocked by clk_out5_top_block_clk_wiz_0_0) and top_block_i/appUnit/das_rx_0/inst/genblk1[1].bus_r_reg[1][136]/CE (clocked by clk_out1_top_block_clk_wiz_1_0). Large setup violations at the end of those stages might be difficult to fix during the post-placement implementation flow and could be the result of non-optimal XDC constraints or non-optimal design architecture
Related violations: <none>

TIMING-16#493 Warning
Large setup violation  
There is a large setup violation of -3.674 ns between top_block_i/fakernet/reg_switch_0/inst/trg_en_r_reg/C (clocked by clk_out5_top_block_clk_wiz_0_0) and top_block_i/appUnit/das_rx_0/inst/genblk1[1].bus_r_reg[1][146]/CE (clocked by clk_out1_top_block_clk_wiz_1_0). Large setup violations at the end of those stages might be difficult to fix during the post-placement implementation flow and could be the result of non-optimal XDC constraints or non-optimal design architecture
Related violations: <none>

TIMING-16#494 Warning
Large setup violation  
There is a large setup violation of -3.674 ns between top_block_i/fakernet/reg_switch_0/inst/trg_en_r_reg/C (clocked by clk_out5_top_block_clk_wiz_0_0) and top_block_i/appUnit/das_rx_0/inst/genblk1[1].bus_r_reg[1][156]/CE (clocked by clk_out1_top_block_clk_wiz_1_0). Large setup violations at the end of those stages might be difficult to fix during the post-placement implementation flow and could be the result of non-optimal XDC constraints or non-optimal design architecture
Related violations: <none>

TIMING-16#495 Warning
Large setup violation  
There is a large setup violation of -3.674 ns between top_block_i/fakernet/reg_switch_0/inst/trg_en_r_reg/C (clocked by clk_out5_top_block_clk_wiz_0_0) and top_block_i/appUnit/das_rx_0/inst/genblk1[1].bus_r_reg[1][158]/CE (clocked by clk_out1_top_block_clk_wiz_1_0). Large setup violations at the end of those stages might be difficult to fix during the post-placement implementation flow and could be the result of non-optimal XDC constraints or non-optimal design architecture
Related violations: <none>

TIMING-16#496 Warning
Large setup violation  
There is a large setup violation of -3.674 ns between top_block_i/fakernet/reg_switch_0/inst/trg_en_r_reg/C (clocked by clk_out5_top_block_clk_wiz_0_0) and top_block_i/appUnit/das_rx_0/inst/genblk1[1].bus_r_reg[1][168]/CE (clocked by clk_out1_top_block_clk_wiz_1_0). Large setup violations at the end of those stages might be difficult to fix during the post-placement implementation flow and could be the result of non-optimal XDC constraints or non-optimal design architecture
Related violations: <none>

TIMING-16#497 Warning
Large setup violation  
There is a large setup violation of -3.674 ns between top_block_i/fakernet/reg_switch_0/inst/trg_en_r_reg/C (clocked by clk_out5_top_block_clk_wiz_0_0) and top_block_i/appUnit/das_rx_0/inst/genblk1[1].bus_r_reg[1][178]/CE (clocked by clk_out1_top_block_clk_wiz_1_0). Large setup violations at the end of those stages might be difficult to fix during the post-placement implementation flow and could be the result of non-optimal XDC constraints or non-optimal design architecture
Related violations: <none>

TIMING-16#498 Warning
Large setup violation  
There is a large setup violation of -3.674 ns between top_block_i/fakernet/reg_switch_0/inst/trg_en_r_reg/C (clocked by clk_out5_top_block_clk_wiz_0_0) and top_block_i/appUnit/das_rx_0/inst/genblk1[1].bus_r_reg[1][52]/CE (clocked by clk_out1_top_block_clk_wiz_1_0). Large setup violations at the end of those stages might be difficult to fix during the post-placement implementation flow and could be the result of non-optimal XDC constraints or non-optimal design architecture
Related violations: <none>

TIMING-16#499 Warning
Large setup violation  
There is a large setup violation of -3.674 ns between top_block_i/fakernet/reg_switch_0/inst/trg_en_r_reg/C (clocked by clk_out5_top_block_clk_wiz_0_0) and top_block_i/appUnit/das_rx_0/inst/genblk1[1].bus_r_reg[1][62]/CE (clocked by clk_out1_top_block_clk_wiz_1_0). Large setup violations at the end of those stages might be difficult to fix during the post-placement implementation flow and could be the result of non-optimal XDC constraints or non-optimal design architecture
Related violations: <none>

TIMING-16#500 Warning
Large setup violation  
There is a large setup violation of -3.674 ns between top_block_i/fakernet/reg_switch_0/inst/trg_en_r_reg/C (clocked by clk_out5_top_block_clk_wiz_0_0) and top_block_i/appUnit/das_rx_0/inst/genblk1[1].bus_r_reg[1][72]/CE (clocked by clk_out1_top_block_clk_wiz_1_0). Large setup violations at the end of those stages might be difficult to fix during the post-placement implementation flow and could be the result of non-optimal XDC constraints or non-optimal design architecture
Related violations: <none>

TIMING-16#501 Warning
Large setup violation  
There is a large setup violation of -3.675 ns between top_block_i/fakernet/reg_switch_0/inst/trg_en_r_reg/C (clocked by clk_out5_top_block_clk_wiz_0_0) and top_block_i/appUnit/das_rx_0/inst/genblk1[1].bus_r_reg[1][124]/CE (clocked by clk_out1_top_block_clk_wiz_1_0). Large setup violations at the end of those stages might be difficult to fix during the post-placement implementation flow and could be the result of non-optimal XDC constraints or non-optimal design architecture
Related violations: <none>

TIMING-16#502 Warning
Large setup violation  
There is a large setup violation of -3.675 ns between top_block_i/fakernet/reg_switch_0/inst/trg_en_r_reg/C (clocked by clk_out5_top_block_clk_wiz_0_0) and top_block_i/appUnit/das_rx_0/inst/genblk1[1].bus_r_reg[1][134]/CE (clocked by clk_out1_top_block_clk_wiz_1_0). Large setup violations at the end of those stages might be difficult to fix during the post-placement implementation flow and could be the result of non-optimal XDC constraints or non-optimal design architecture
Related violations: <none>

TIMING-16#503 Warning
Large setup violation  
There is a large setup violation of -3.675 ns between top_block_i/fakernet/reg_switch_0/inst/trg_en_r_reg/C (clocked by clk_out5_top_block_clk_wiz_0_0) and top_block_i/appUnit/das_rx_0/inst/genblk1[1].bus_r_reg[1][144]/CE (clocked by clk_out1_top_block_clk_wiz_1_0). Large setup violations at the end of those stages might be difficult to fix during the post-placement implementation flow and could be the result of non-optimal XDC constraints or non-optimal design architecture
Related violations: <none>

TIMING-16#504 Warning
Large setup violation  
There is a large setup violation of -3.680 ns between top_block_i/fakernet/reg_switch_0/inst/trg_en_r_reg/C (clocked by clk_out5_top_block_clk_wiz_0_0) and top_block_i/appUnit/das_rx_0/inst/genblk1[1].bus_r_reg[1][18]/CE (clocked by clk_out1_top_block_clk_wiz_1_0). Large setup violations at the end of those stages might be difficult to fix during the post-placement implementation flow and could be the result of non-optimal XDC constraints or non-optimal design architecture
Related violations: <none>

TIMING-16#505 Warning
Large setup violation  
There is a large setup violation of -3.680 ns between top_block_i/fakernet/reg_switch_0/inst/trg_en_r_reg/C (clocked by clk_out5_top_block_clk_wiz_0_0) and top_block_i/appUnit/das_rx_0/inst/genblk1[1].bus_r_reg[1][28]/CE (clocked by clk_out1_top_block_clk_wiz_1_0). Large setup violations at the end of those stages might be difficult to fix during the post-placement implementation flow and could be the result of non-optimal XDC constraints or non-optimal design architecture
Related violations: <none>

TIMING-16#506 Warning
Large setup violation  
There is a large setup violation of -3.680 ns between top_block_i/fakernet/reg_switch_0/inst/trg_en_r_reg/C (clocked by clk_out5_top_block_clk_wiz_0_0) and top_block_i/appUnit/das_rx_0/inst/genblk1[1].bus_r_reg[1][38]/CE (clocked by clk_out1_top_block_clk_wiz_1_0). Large setup violations at the end of those stages might be difficult to fix during the post-placement implementation flow and could be the result of non-optimal XDC constraints or non-optimal design architecture
Related violations: <none>

TIMING-16#507 Warning
Large setup violation  
There is a large setup violation of -3.680 ns between top_block_i/fakernet/reg_switch_0/inst/trg_en_r_reg/C (clocked by clk_out5_top_block_clk_wiz_0_0) and top_block_i/appUnit/das_rx_0/inst/genblk1[1].bus_r_reg[1][8]/CE (clocked by clk_out1_top_block_clk_wiz_1_0). Large setup violations at the end of those stages might be difficult to fix during the post-placement implementation flow and could be the result of non-optimal XDC constraints or non-optimal design architecture
Related violations: <none>

TIMING-16#508 Warning
Large setup violation  
There is a large setup violation of -3.685 ns between top_block_i/fakernet/reg_switch_0/inst/trg_en_r_reg/C (clocked by clk_out5_top_block_clk_wiz_0_0) and top_block_i/appUnit/das_rx_0/inst/genblk1[1].bus_r_reg[1][123]/CE (clocked by clk_out1_top_block_clk_wiz_1_0). Large setup violations at the end of those stages might be difficult to fix during the post-placement implementation flow and could be the result of non-optimal XDC constraints or non-optimal design architecture
Related violations: <none>

TIMING-16#509 Warning
Large setup violation  
There is a large setup violation of -3.685 ns between top_block_i/fakernet/reg_switch_0/inst/trg_en_r_reg/C (clocked by clk_out5_top_block_clk_wiz_0_0) and top_block_i/appUnit/das_rx_0/inst/genblk1[1].bus_r_reg[1][133]/CE (clocked by clk_out1_top_block_clk_wiz_1_0). Large setup violations at the end of those stages might be difficult to fix during the post-placement implementation flow and could be the result of non-optimal XDC constraints or non-optimal design architecture
Related violations: <none>

TIMING-16#510 Warning
Large setup violation  
There is a large setup violation of -3.685 ns between top_block_i/fakernet/reg_switch_0/inst/trg_en_r_reg/C (clocked by clk_out5_top_block_clk_wiz_0_0) and top_block_i/appUnit/das_rx_0/inst/genblk1[1].bus_r_reg[1][143]/CE (clocked by clk_out1_top_block_clk_wiz_1_0). Large setup violations at the end of those stages might be difficult to fix during the post-placement implementation flow and could be the result of non-optimal XDC constraints or non-optimal design architecture
Related violations: <none>

TIMING-16#511 Warning
Large setup violation  
There is a large setup violation of -3.685 ns between top_block_i/fakernet/reg_switch_0/inst/trg_en_r_reg/C (clocked by clk_out5_top_block_clk_wiz_0_0) and top_block_i/appUnit/das_rx_0/inst/genblk1[1].bus_r_reg[1][153]/CE (clocked by clk_out1_top_block_clk_wiz_1_0). Large setup violations at the end of those stages might be difficult to fix during the post-placement implementation flow and could be the result of non-optimal XDC constraints or non-optimal design architecture
Related violations: <none>

TIMING-16#512 Warning
Large setup violation  
There is a large setup violation of -3.686 ns between top_block_i/fakernet/reg_switch_0/inst/trg_en_r_reg/C (clocked by clk_out5_top_block_clk_wiz_0_0) and top_block_i/appUnit/das_rx_0/inst/genblk1[1].bus_r_reg[1][103]/CE (clocked by clk_out1_top_block_clk_wiz_1_0). Large setup violations at the end of those stages might be difficult to fix during the post-placement implementation flow and could be the result of non-optimal XDC constraints or non-optimal design architecture
Related violations: <none>

TIMING-16#513 Warning
Large setup violation  
There is a large setup violation of -3.686 ns between top_block_i/fakernet/reg_switch_0/inst/trg_en_r_reg/C (clocked by clk_out5_top_block_clk_wiz_0_0) and top_block_i/appUnit/das_rx_0/inst/genblk1[1].bus_r_reg[1][113]/CE (clocked by clk_out1_top_block_clk_wiz_1_0). Large setup violations at the end of those stages might be difficult to fix during the post-placement implementation flow and could be the result of non-optimal XDC constraints or non-optimal design architecture
Related violations: <none>

TIMING-16#514 Warning
Large setup violation  
There is a large setup violation of -3.686 ns between top_block_i/fakernet/reg_switch_0/inst/trg_en_r_reg/C (clocked by clk_out5_top_block_clk_wiz_0_0) and top_block_i/appUnit/das_rx_0/inst/genblk1[1].bus_r_reg[1][130]/CE (clocked by clk_out1_top_block_clk_wiz_1_0). Large setup violations at the end of those stages might be difficult to fix during the post-placement implementation flow and could be the result of non-optimal XDC constraints or non-optimal design architecture
Related violations: <none>

TIMING-16#515 Warning
Large setup violation  
There is a large setup violation of -3.686 ns between top_block_i/fakernet/reg_switch_0/inst/trg_en_r_reg/C (clocked by clk_out5_top_block_clk_wiz_0_0) and top_block_i/appUnit/das_rx_0/inst/genblk1[1].bus_r_reg[1][140]/CE (clocked by clk_out1_top_block_clk_wiz_1_0). Large setup violations at the end of those stages might be difficult to fix during the post-placement implementation flow and could be the result of non-optimal XDC constraints or non-optimal design architecture
Related violations: <none>

TIMING-16#516 Warning
Large setup violation  
There is a large setup violation of -3.690 ns between top_block_i/fakernet/reg_switch_0/inst/trg_en_r_reg/C (clocked by clk_out5_top_block_clk_wiz_0_0) and top_block_i/appUnit/das_rx_0/inst/genblk1[1].bus_r_reg[1][150]/CE (clocked by clk_out1_top_block_clk_wiz_1_0). Large setup violations at the end of those stages might be difficult to fix during the post-placement implementation flow and could be the result of non-optimal XDC constraints or non-optimal design architecture
Related violations: <none>

TIMING-16#517 Warning
Large setup violation  
There is a large setup violation of -3.690 ns between top_block_i/fakernet/reg_switch_0/inst/trg_en_r_reg/C (clocked by clk_out5_top_block_clk_wiz_0_0) and top_block_i/appUnit/das_rx_0/inst/genblk1[1].bus_r_reg[1][160]/CE (clocked by clk_out1_top_block_clk_wiz_1_0). Large setup violations at the end of those stages might be difficult to fix during the post-placement implementation flow and could be the result of non-optimal XDC constraints or non-optimal design architecture
Related violations: <none>

TIMING-16#518 Warning
Large setup violation  
There is a large setup violation of -3.690 ns between top_block_i/fakernet/reg_switch_0/inst/trg_en_r_reg/C (clocked by clk_out5_top_block_clk_wiz_0_0) and top_block_i/appUnit/das_rx_0/inst/genblk1[1].bus_r_reg[1][170]/CE (clocked by clk_out1_top_block_clk_wiz_1_0). Large setup violations at the end of those stages might be difficult to fix during the post-placement implementation flow and could be the result of non-optimal XDC constraints or non-optimal design architecture
Related violations: <none>

TIMING-16#519 Warning
Large setup violation  
There is a large setup violation of -3.690 ns between top_block_i/fakernet/reg_switch_0/inst/trg_en_r_reg/C (clocked by clk_out5_top_block_clk_wiz_0_0) and top_block_i/appUnit/das_rx_0/inst/genblk1[1].bus_r_reg[1][180]/CE (clocked by clk_out1_top_block_clk_wiz_1_0). Large setup violations at the end of those stages might be difficult to fix during the post-placement implementation flow and could be the result of non-optimal XDC constraints or non-optimal design architecture
Related violations: <none>

TIMING-16#520 Warning
Large setup violation  
There is a large setup violation of -3.690 ns between top_block_i/fakernet/reg_switch_0/inst/trg_en_r_reg/C (clocked by clk_out5_top_block_clk_wiz_0_0) and top_block_i/appUnit/das_rx_0/inst/genblk1[1].bus_reg[1][111]/CE (clocked by clk_out1_top_block_clk_wiz_1_0). Large setup violations at the end of those stages might be difficult to fix during the post-placement implementation flow and could be the result of non-optimal XDC constraints or non-optimal design architecture
Related violations: <none>

TIMING-16#521 Warning
Large setup violation  
There is a large setup violation of -3.696 ns between top_block_i/fakernet/reg_switch_0/inst/trg_en_r_reg/C (clocked by clk_out5_top_block_clk_wiz_0_0) and top_block_i/appUnit/das_rx_0/inst/genblk1[0].bus_reg[0][216]/CE (clocked by clk_out1_top_block_clk_wiz_1_0). Large setup violations at the end of those stages might be difficult to fix during the post-placement implementation flow and could be the result of non-optimal XDC constraints or non-optimal design architecture
Related violations: <none>

TIMING-16#522 Warning
Large setup violation  
There is a large setup violation of -3.696 ns between top_block_i/fakernet/reg_switch_0/inst/trg_en_r_reg/C (clocked by clk_out5_top_block_clk_wiz_0_0) and top_block_i/appUnit/das_rx_0/inst/genblk1[0].bus_reg[0][226]/CE (clocked by clk_out1_top_block_clk_wiz_1_0). Large setup violations at the end of those stages might be difficult to fix during the post-placement implementation flow and could be the result of non-optimal XDC constraints or non-optimal design architecture
Related violations: <none>

TIMING-16#523 Warning
Large setup violation  
There is a large setup violation of -3.696 ns between top_block_i/fakernet/reg_switch_0/inst/trg_en_r_reg/C (clocked by clk_out5_top_block_clk_wiz_0_0) and top_block_i/appUnit/das_rx_0/inst/genblk1[0].bus_reg[0][230]/CE (clocked by clk_out1_top_block_clk_wiz_1_0). Large setup violations at the end of those stages might be difficult to fix during the post-placement implementation flow and could be the result of non-optimal XDC constraints or non-optimal design architecture
Related violations: <none>

TIMING-16#524 Warning
Large setup violation  
There is a large setup violation of -3.696 ns between top_block_i/fakernet/reg_switch_0/inst/trg_en_r_reg/C (clocked by clk_out5_top_block_clk_wiz_0_0) and top_block_i/appUnit/das_rx_0/inst/genblk1[0].bus_reg[0][236]/CE (clocked by clk_out1_top_block_clk_wiz_1_0). Large setup violations at the end of those stages might be difficult to fix during the post-placement implementation flow and could be the result of non-optimal XDC constraints or non-optimal design architecture
Related violations: <none>

TIMING-16#525 Warning
Large setup violation  
There is a large setup violation of -3.698 ns between top_block_i/fakernet/reg_switch_0/inst/trg_en_r_reg/C (clocked by clk_out5_top_block_clk_wiz_0_0) and top_block_i/appUnit/das_rx_0/inst/genblk1[0].bus_reg[0][220]/CE (clocked by clk_out1_top_block_clk_wiz_1_0). Large setup violations at the end of those stages might be difficult to fix during the post-placement implementation flow and could be the result of non-optimal XDC constraints or non-optimal design architecture
Related violations: <none>

TIMING-16#526 Warning
Large setup violation  
There is a large setup violation of -3.698 ns between top_block_i/fakernet/reg_switch_0/inst/trg_en_r_reg/C (clocked by clk_out5_top_block_clk_wiz_0_0) and top_block_i/appUnit/das_rx_0/inst/genblk1[0].bus_reg[0][234]/CE (clocked by clk_out1_top_block_clk_wiz_1_0). Large setup violations at the end of those stages might be difficult to fix during the post-placement implementation flow and could be the result of non-optimal XDC constraints or non-optimal design architecture
Related violations: <none>

TIMING-16#527 Warning
Large setup violation  
There is a large setup violation of -3.698 ns between top_block_i/fakernet/reg_switch_0/inst/trg_en_r_reg/C (clocked by clk_out5_top_block_clk_wiz_0_0) and top_block_i/appUnit/das_rx_0/inst/genblk1[0].bus_reg[0][240]/CE (clocked by clk_out1_top_block_clk_wiz_1_0). Large setup violations at the end of those stages might be difficult to fix during the post-placement implementation flow and could be the result of non-optimal XDC constraints or non-optimal design architecture
Related violations: <none>

TIMING-16#528 Warning
Large setup violation  
There is a large setup violation of -3.698 ns between top_block_i/fakernet/reg_switch_0/inst/trg_en_r_reg/C (clocked by clk_out5_top_block_clk_wiz_0_0) and top_block_i/appUnit/das_rx_0/inst/genblk1[0].bus_reg[0][260]/CE (clocked by clk_out1_top_block_clk_wiz_1_0). Large setup violations at the end of those stages might be difficult to fix during the post-placement implementation flow and could be the result of non-optimal XDC constraints or non-optimal design architecture
Related violations: <none>

TIMING-16#529 Warning
Large setup violation  
There is a large setup violation of -3.702 ns between top_block_i/fakernet/reg_switch_0/inst/trg_en_r_reg/C (clocked by clk_out5_top_block_clk_wiz_0_0) and top_block_i/appUnit/das_rx_0/inst/genblk1[1].bus_r_reg[1][185]/CE (clocked by clk_out1_top_block_clk_wiz_1_0). Large setup violations at the end of those stages might be difficult to fix during the post-placement implementation flow and could be the result of non-optimal XDC constraints or non-optimal design architecture
Related violations: <none>

TIMING-16#530 Warning
Large setup violation  
There is a large setup violation of -3.702 ns between top_block_i/fakernet/reg_switch_0/inst/trg_en_r_reg/C (clocked by clk_out5_top_block_clk_wiz_0_0) and top_block_i/appUnit/das_rx_0/inst/genblk1[1].bus_r_reg[1][195]/CE (clocked by clk_out1_top_block_clk_wiz_1_0). Large setup violations at the end of those stages might be difficult to fix during the post-placement implementation flow and could be the result of non-optimal XDC constraints or non-optimal design architecture
Related violations: <none>

TIMING-16#531 Warning
Large setup violation  
There is a large setup violation of -3.702 ns between top_block_i/fakernet/reg_switch_0/inst/trg_en_r_reg/C (clocked by clk_out5_top_block_clk_wiz_0_0) and top_block_i/appUnit/das_rx_0/inst/genblk1[1].bus_r_reg[1][205]/CE (clocked by clk_out1_top_block_clk_wiz_1_0). Large setup violations at the end of those stages might be difficult to fix during the post-placement implementation flow and could be the result of non-optimal XDC constraints or non-optimal design architecture
Related violations: <none>

TIMING-16#532 Warning
Large setup violation  
There is a large setup violation of -3.702 ns between top_block_i/fakernet/reg_switch_0/inst/trg_en_r_reg/C (clocked by clk_out5_top_block_clk_wiz_0_0) and top_block_i/appUnit/das_rx_0/inst/genblk1[1].bus_r_reg[1][215]/CE (clocked by clk_out1_top_block_clk_wiz_1_0). Large setup violations at the end of those stages might be difficult to fix during the post-placement implementation flow and could be the result of non-optimal XDC constraints or non-optimal design architecture
Related violations: <none>

TIMING-16#533 Warning
Large setup violation  
There is a large setup violation of -3.703 ns between top_block_i/fakernet/reg_switch_0/inst/trg_en_r_reg/C (clocked by clk_out5_top_block_clk_wiz_0_0) and top_block_i/appUnit/das_rx_0/inst/genblk1[1].bus_r_reg[1][53]/CE (clocked by clk_out1_top_block_clk_wiz_1_0). Large setup violations at the end of those stages might be difficult to fix during the post-placement implementation flow and could be the result of non-optimal XDC constraints or non-optimal design architecture
Related violations: <none>

TIMING-16#534 Warning
Large setup violation  
There is a large setup violation of -3.703 ns between top_block_i/fakernet/reg_switch_0/inst/trg_en_r_reg/C (clocked by clk_out5_top_block_clk_wiz_0_0) and top_block_i/appUnit/das_rx_0/inst/genblk1[1].bus_r_reg[1][63]/CE (clocked by clk_out1_top_block_clk_wiz_1_0). Large setup violations at the end of those stages might be difficult to fix during the post-placement implementation flow and could be the result of non-optimal XDC constraints or non-optimal design architecture
Related violations: <none>

TIMING-16#535 Warning
Large setup violation  
There is a large setup violation of -3.703 ns between top_block_i/fakernet/reg_switch_0/inst/trg_en_r_reg/C (clocked by clk_out5_top_block_clk_wiz_0_0) and top_block_i/appUnit/das_rx_0/inst/genblk1[1].bus_r_reg[1][73]/CE (clocked by clk_out1_top_block_clk_wiz_1_0). Large setup violations at the end of those stages might be difficult to fix during the post-placement implementation flow and could be the result of non-optimal XDC constraints or non-optimal design architecture
Related violations: <none>

TIMING-16#536 Warning
Large setup violation  
There is a large setup violation of -3.703 ns between top_block_i/fakernet/reg_switch_0/inst/trg_en_r_reg/C (clocked by clk_out5_top_block_clk_wiz_0_0) and top_block_i/appUnit/das_rx_0/inst/genblk1[1].bus_r_reg[1][83]/CE (clocked by clk_out1_top_block_clk_wiz_1_0). Large setup violations at the end of those stages might be difficult to fix during the post-placement implementation flow and could be the result of non-optimal XDC constraints or non-optimal design architecture
Related violations: <none>

TIMING-16#537 Warning
Large setup violation  
There is a large setup violation of -3.703 ns between top_block_i/fakernet/reg_switch_0/inst/trg_en_r_reg/C (clocked by clk_out5_top_block_clk_wiz_0_0) and top_block_i/appUnit/das_rx_0/inst/genblk1[1].bus_r_reg[1][93]/CE (clocked by clk_out1_top_block_clk_wiz_1_0). Large setup violations at the end of those stages might be difficult to fix during the post-placement implementation flow and could be the result of non-optimal XDC constraints or non-optimal design architecture
Related violations: <none>

TIMING-16#538 Warning
Large setup violation  
There is a large setup violation of -3.703 ns between top_block_i/fakernet/reg_switch_0/inst/trg_en_r_reg/C (clocked by clk_out5_top_block_clk_wiz_0_0) and top_block_i/appUnit/das_rx_0/inst/genblk1[1].bus_reg[1][0]/CE (clocked by clk_out1_top_block_clk_wiz_1_0). Large setup violations at the end of those stages might be difficult to fix during the post-placement implementation flow and could be the result of non-optimal XDC constraints or non-optimal design architecture
Related violations: <none>

TIMING-16#539 Warning
Large setup violation  
There is a large setup violation of -3.703 ns between top_block_i/fakernet/reg_switch_0/inst/trg_en_r_reg/C (clocked by clk_out5_top_block_clk_wiz_0_0) and top_block_i/appUnit/das_rx_0/inst/genblk1[1].bus_reg[1][10]/CE (clocked by clk_out1_top_block_clk_wiz_1_0). Large setup violations at the end of those stages might be difficult to fix during the post-placement implementation flow and could be the result of non-optimal XDC constraints or non-optimal design architecture
Related violations: <none>

TIMING-16#540 Warning
Large setup violation  
There is a large setup violation of -3.704 ns between top_block_i/fakernet/reg_switch_0/inst/trg_en_r_reg/C (clocked by clk_out5_top_block_clk_wiz_0_0) and top_block_i/appUnit/das_rx_0/inst/genblk1[0].bus_reg[0][243]/CE (clocked by clk_out1_top_block_clk_wiz_1_0). Large setup violations at the end of those stages might be difficult to fix during the post-placement implementation flow and could be the result of non-optimal XDC constraints or non-optimal design architecture
Related violations: <none>

TIMING-16#541 Warning
Large setup violation  
There is a large setup violation of -3.704 ns between top_block_i/fakernet/reg_switch_0/inst/trg_en_r_reg/C (clocked by clk_out5_top_block_clk_wiz_0_0) and top_block_i/appUnit/das_rx_0/inst/genblk1[0].bus_reg[0][247]/CE (clocked by clk_out1_top_block_clk_wiz_1_0). Large setup violations at the end of those stages might be difficult to fix during the post-placement implementation flow and could be the result of non-optimal XDC constraints or non-optimal design architecture
Related violations: <none>

TIMING-16#542 Warning
Large setup violation  
There is a large setup violation of -3.706 ns between top_block_i/fakernet/reg_switch_0/inst/trg_en_r_reg/C (clocked by clk_out5_top_block_clk_wiz_0_0) and top_block_i/appUnit/das_rx_0/inst/genblk1[0].bus_reg[0][168]/CE (clocked by clk_out1_top_block_clk_wiz_1_0). Large setup violations at the end of those stages might be difficult to fix during the post-placement implementation flow and could be the result of non-optimal XDC constraints or non-optimal design architecture
Related violations: <none>

TIMING-16#543 Warning
Large setup violation  
There is a large setup violation of -3.706 ns between top_block_i/fakernet/reg_switch_0/inst/trg_en_r_reg/C (clocked by clk_out5_top_block_clk_wiz_0_0) and top_block_i/appUnit/das_rx_0/inst/genblk1[0].bus_reg[0][178]/CE (clocked by clk_out1_top_block_clk_wiz_1_0). Large setup violations at the end of those stages might be difficult to fix during the post-placement implementation flow and could be the result of non-optimal XDC constraints or non-optimal design architecture
Related violations: <none>

TIMING-16#544 Warning
Large setup violation  
There is a large setup violation of -3.706 ns between top_block_i/fakernet/reg_switch_0/inst/trg_en_r_reg/C (clocked by clk_out5_top_block_clk_wiz_0_0) and top_block_i/appUnit/das_rx_0/inst/genblk1[0].bus_reg[0][188]/CE (clocked by clk_out1_top_block_clk_wiz_1_0). Large setup violations at the end of those stages might be difficult to fix during the post-placement implementation flow and could be the result of non-optimal XDC constraints or non-optimal design architecture
Related violations: <none>

TIMING-16#545 Warning
Large setup violation  
There is a large setup violation of -3.707 ns between top_block_i/fakernet/reg_switch_0/inst/trg_en_r_reg/C (clocked by clk_out5_top_block_clk_wiz_0_0) and top_block_i/appUnit/das_rx_0/inst/genblk1[0].bus_reg[0][186]/CE (clocked by clk_out1_top_block_clk_wiz_1_0). Large setup violations at the end of those stages might be difficult to fix during the post-placement implementation flow and could be the result of non-optimal XDC constraints or non-optimal design architecture
Related violations: <none>

TIMING-16#546 Warning
Large setup violation  
There is a large setup violation of -3.707 ns between top_block_i/fakernet/reg_switch_0/inst/trg_en_r_reg/C (clocked by clk_out5_top_block_clk_wiz_0_0) and top_block_i/appUnit/das_rx_0/inst/genblk1[0].bus_reg[0][196]/CE (clocked by clk_out1_top_block_clk_wiz_1_0). Large setup violations at the end of those stages might be difficult to fix during the post-placement implementation flow and could be the result of non-optimal XDC constraints or non-optimal design architecture
Related violations: <none>

TIMING-16#547 Warning
Large setup violation  
There is a large setup violation of -3.707 ns between top_block_i/fakernet/reg_switch_0/inst/trg_en_r_reg/C (clocked by clk_out5_top_block_clk_wiz_0_0) and top_block_i/appUnit/das_rx_0/inst/genblk1[0].bus_reg[0][206]/CE (clocked by clk_out1_top_block_clk_wiz_1_0). Large setup violations at the end of those stages might be difficult to fix during the post-placement implementation flow and could be the result of non-optimal XDC constraints or non-optimal design architecture
Related violations: <none>

TIMING-16#548 Warning
Large setup violation  
There is a large setup violation of -3.708 ns between top_block_i/fakernet/reg_switch_0/inst/trg_en_r_reg/C (clocked by clk_out5_top_block_clk_wiz_0_0) and top_block_i/appUnit/das_rx_0/inst/genblk1[1].bus_r_reg[1][201]/CE (clocked by clk_out1_top_block_clk_wiz_1_0). Large setup violations at the end of those stages might be difficult to fix during the post-placement implementation flow and could be the result of non-optimal XDC constraints or non-optimal design architecture
Related violations: <none>

TIMING-16#549 Warning
Large setup violation  
There is a large setup violation of -3.708 ns between top_block_i/fakernet/reg_switch_0/inst/trg_en_r_reg/C (clocked by clk_out5_top_block_clk_wiz_0_0) and top_block_i/appUnit/das_rx_0/inst/genblk1[1].bus_r_reg[1][211]/CE (clocked by clk_out1_top_block_clk_wiz_1_0). Large setup violations at the end of those stages might be difficult to fix during the post-placement implementation flow and could be the result of non-optimal XDC constraints or non-optimal design architecture
Related violations: <none>

TIMING-16#550 Warning
Large setup violation  
There is a large setup violation of -3.708 ns between top_block_i/fakernet/reg_switch_0/inst/trg_en_r_reg/C (clocked by clk_out5_top_block_clk_wiz_0_0) and top_block_i/appUnit/das_rx_0/inst/genblk1[1].bus_r_reg[1][221]/CE (clocked by clk_out1_top_block_clk_wiz_1_0). Large setup violations at the end of those stages might be difficult to fix during the post-placement implementation flow and could be the result of non-optimal XDC constraints or non-optimal design architecture
Related violations: <none>

TIMING-16#551 Warning
Large setup violation  
There is a large setup violation of -3.709 ns between top_block_i/fakernet/reg_switch_0/inst/trg_en_r_reg/C (clocked by clk_out5_top_block_clk_wiz_0_0) and top_block_i/appUnit/das_rx_0/inst/genblk1[0].bus_reg[0][184]/CE (clocked by clk_out1_top_block_clk_wiz_1_0). Large setup violations at the end of those stages might be difficult to fix during the post-placement implementation flow and could be the result of non-optimal XDC constraints or non-optimal design architecture
Related violations: <none>

TIMING-16#552 Warning
Large setup violation  
There is a large setup violation of -3.709 ns between top_block_i/fakernet/reg_switch_0/inst/trg_en_r_reg/C (clocked by clk_out5_top_block_clk_wiz_0_0) and top_block_i/appUnit/das_rx_0/inst/genblk1[0].bus_reg[0][194]/CE (clocked by clk_out1_top_block_clk_wiz_1_0). Large setup violations at the end of those stages might be difficult to fix during the post-placement implementation flow and could be the result of non-optimal XDC constraints or non-optimal design architecture
Related violations: <none>

TIMING-16#553 Warning
Large setup violation  
There is a large setup violation of -3.709 ns between top_block_i/fakernet/reg_switch_0/inst/trg_en_r_reg/C (clocked by clk_out5_top_block_clk_wiz_0_0) and top_block_i/appUnit/das_rx_0/inst/genblk1[0].bus_reg[0][208]/CE (clocked by clk_out1_top_block_clk_wiz_1_0). Large setup violations at the end of those stages might be difficult to fix during the post-placement implementation flow and could be the result of non-optimal XDC constraints or non-optimal design architecture
Related violations: <none>

TIMING-16#554 Warning
Large setup violation  
There is a large setup violation of -3.709 ns between top_block_i/fakernet/reg_switch_0/inst/trg_en_r_reg/C (clocked by clk_out5_top_block_clk_wiz_0_0) and top_block_i/appUnit/das_rx_0/inst/genblk1[1].bus_r_reg[1][231]/CE (clocked by clk_out1_top_block_clk_wiz_1_0). Large setup violations at the end of those stages might be difficult to fix during the post-placement implementation flow and could be the result of non-optimal XDC constraints or non-optimal design architecture
Related violations: <none>

TIMING-16#555 Warning
Large setup violation  
There is a large setup violation of -3.709 ns between top_block_i/fakernet/reg_switch_0/inst/trg_en_r_reg/C (clocked by clk_out5_top_block_clk_wiz_0_0) and top_block_i/appUnit/das_rx_0/inst/genblk1[1].bus_r_reg[1][241]/CE (clocked by clk_out1_top_block_clk_wiz_1_0). Large setup violations at the end of those stages might be difficult to fix during the post-placement implementation flow and could be the result of non-optimal XDC constraints or non-optimal design architecture
Related violations: <none>

TIMING-16#556 Warning
Large setup violation  
There is a large setup violation of -3.709 ns between top_block_i/fakernet/reg_switch_0/inst/trg_en_r_reg/C (clocked by clk_out5_top_block_clk_wiz_0_0) and top_block_i/appUnit/das_rx_0/inst/genblk1[1].bus_r_reg[1][251]/CE (clocked by clk_out1_top_block_clk_wiz_1_0). Large setup violations at the end of those stages might be difficult to fix during the post-placement implementation flow and could be the result of non-optimal XDC constraints or non-optimal design architecture
Related violations: <none>

TIMING-16#557 Warning
Large setup violation  
There is a large setup violation of -3.709 ns between top_block_i/fakernet/reg_switch_0/inst/trg_en_r_reg/C (clocked by clk_out5_top_block_clk_wiz_0_0) and top_block_i/appUnit/das_rx_0/inst/genblk1[1].bus_r_reg[1][261]/CE (clocked by clk_out1_top_block_clk_wiz_1_0). Large setup violations at the end of those stages might be difficult to fix during the post-placement implementation flow and could be the result of non-optimal XDC constraints or non-optimal design architecture
Related violations: <none>

TIMING-16#558 Warning
Large setup violation  
There is a large setup violation of -3.722 ns between top_block_i/fakernet/reg_switch_0/inst/trg_en_r_reg/C (clocked by clk_out5_top_block_clk_wiz_0_0) and top_block_i/appUnit/das_rx_0/inst/genblk1[1].bus_r_reg[1][121]/CE (clocked by clk_out1_top_block_clk_wiz_1_0). Large setup violations at the end of those stages might be difficult to fix during the post-placement implementation flow and could be the result of non-optimal XDC constraints or non-optimal design architecture
Related violations: <none>

TIMING-16#559 Warning
Large setup violation  
There is a large setup violation of -3.722 ns between top_block_i/fakernet/reg_switch_0/inst/trg_en_r_reg/C (clocked by clk_out5_top_block_clk_wiz_0_0) and top_block_i/appUnit/das_rx_0/inst/genblk1[1].bus_r_reg[1][131]/CE (clocked by clk_out1_top_block_clk_wiz_1_0). Large setup violations at the end of those stages might be difficult to fix during the post-placement implementation flow and could be the result of non-optimal XDC constraints or non-optimal design architecture
Related violations: <none>

TIMING-16#560 Warning
Large setup violation  
There is a large setup violation of -3.722 ns between top_block_i/fakernet/reg_switch_0/inst/trg_en_r_reg/C (clocked by clk_out5_top_block_clk_wiz_0_0) and top_block_i/appUnit/das_rx_0/inst/genblk1[1].bus_r_reg[1][203]/CE (clocked by clk_out1_top_block_clk_wiz_1_0). Large setup violations at the end of those stages might be difficult to fix during the post-placement implementation flow and could be the result of non-optimal XDC constraints or non-optimal design architecture
Related violations: <none>

TIMING-16#561 Warning
Large setup violation  
There is a large setup violation of -3.728 ns between top_block_i/fakernet/reg_switch_0/inst/trg_en_r_reg/C (clocked by clk_out5_top_block_clk_wiz_0_0) and top_block_i/appUnit/das_rx_0/inst/genblk1[0].bus_r_reg[0][299]/CE (clocked by clk_out1_top_block_clk_wiz_1_0). Large setup violations at the end of those stages might be difficult to fix during the post-placement implementation flow and could be the result of non-optimal XDC constraints or non-optimal design architecture
Related violations: <none>

TIMING-16#562 Warning
Large setup violation  
There is a large setup violation of -3.728 ns between top_block_i/fakernet/reg_switch_0/inst/trg_en_r_reg/C (clocked by clk_out5_top_block_clk_wiz_0_0) and top_block_i/appUnit/das_rx_0/inst/genblk1[0].bus_r_reg[0][309]/CE (clocked by clk_out1_top_block_clk_wiz_1_0). Large setup violations at the end of those stages might be difficult to fix during the post-placement implementation flow and could be the result of non-optimal XDC constraints or non-optimal design architecture
Related violations: <none>

TIMING-16#563 Warning
Large setup violation  
There is a large setup violation of -3.728 ns between top_block_i/fakernet/reg_switch_0/inst/trg_en_r_reg/C (clocked by clk_out5_top_block_clk_wiz_0_0) and top_block_i/appUnit/das_rx_0/inst/genblk1[0].bus_r_reg[0][319]/CE (clocked by clk_out1_top_block_clk_wiz_1_0). Large setup violations at the end of those stages might be difficult to fix during the post-placement implementation flow and could be the result of non-optimal XDC constraints or non-optimal design architecture
Related violations: <none>

TIMING-16#564 Warning
Large setup violation  
There is a large setup violation of -3.730 ns between top_block_i/fakernet/reg_switch_0/inst/trg_en_r_reg/C (clocked by clk_out5_top_block_clk_wiz_0_0) and top_block_i/appUnit/das_rx_0/inst/genblk1[0].bus_reg[0][180]/CE (clocked by clk_out1_top_block_clk_wiz_1_0). Large setup violations at the end of those stages might be difficult to fix during the post-placement implementation flow and could be the result of non-optimal XDC constraints or non-optimal design architecture
Related violations: <none>

TIMING-16#565 Warning
Large setup violation  
There is a large setup violation of -3.730 ns between top_block_i/fakernet/reg_switch_0/inst/trg_en_r_reg/C (clocked by clk_out5_top_block_clk_wiz_0_0) and top_block_i/appUnit/das_rx_0/inst/genblk1[0].bus_reg[0][190]/CE (clocked by clk_out1_top_block_clk_wiz_1_0). Large setup violations at the end of those stages might be difficult to fix during the post-placement implementation flow and could be the result of non-optimal XDC constraints or non-optimal design architecture
Related violations: <none>

TIMING-16#566 Warning
Large setup violation  
There is a large setup violation of -3.730 ns between top_block_i/fakernet/reg_switch_0/inst/trg_en_r_reg/C (clocked by clk_out5_top_block_clk_wiz_0_0) and top_block_i/appUnit/das_rx_0/inst/genblk1[0].bus_reg[0][200]/CE (clocked by clk_out1_top_block_clk_wiz_1_0). Large setup violations at the end of those stages might be difficult to fix during the post-placement implementation flow and could be the result of non-optimal XDC constraints or non-optimal design architecture
Related violations: <none>

TIMING-16#567 Warning
Large setup violation  
There is a large setup violation of -3.730 ns between top_block_i/fakernet/reg_switch_0/inst/trg_en_r_reg/C (clocked by clk_out5_top_block_clk_wiz_0_0) and top_block_i/appUnit/das_rx_0/inst/genblk1[0].bus_reg[0][210]/CE (clocked by clk_out1_top_block_clk_wiz_1_0). Large setup violations at the end of those stages might be difficult to fix during the post-placement implementation flow and could be the result of non-optimal XDC constraints or non-optimal design architecture
Related violations: <none>

TIMING-16#568 Warning
Large setup violation  
There is a large setup violation of -3.732 ns between top_block_i/fakernet/reg_switch_0/inst/trg_en_r_reg/C (clocked by clk_out5_top_block_clk_wiz_0_0) and top_block_i/appUnit/das_rx_0/inst/genblk1[1].bus_r_reg[1][225]/CE (clocked by clk_out1_top_block_clk_wiz_1_0). Large setup violations at the end of those stages might be difficult to fix during the post-placement implementation flow and could be the result of non-optimal XDC constraints or non-optimal design architecture
Related violations: <none>

TIMING-16#569 Warning
Large setup violation  
There is a large setup violation of -3.732 ns between top_block_i/fakernet/reg_switch_0/inst/trg_en_r_reg/C (clocked by clk_out5_top_block_clk_wiz_0_0) and top_block_i/appUnit/das_rx_0/inst/genblk1[1].bus_r_reg[1][235]/CE (clocked by clk_out1_top_block_clk_wiz_1_0). Large setup violations at the end of those stages might be difficult to fix during the post-placement implementation flow and could be the result of non-optimal XDC constraints or non-optimal design architecture
Related violations: <none>

TIMING-16#570 Warning
Large setup violation  
There is a large setup violation of -3.732 ns between top_block_i/fakernet/reg_switch_0/inst/trg_en_r_reg/C (clocked by clk_out5_top_block_clk_wiz_0_0) and top_block_i/appUnit/das_rx_0/inst/genblk1[1].bus_r_reg[1][245]/CE (clocked by clk_out1_top_block_clk_wiz_1_0). Large setup violations at the end of those stages might be difficult to fix during the post-placement implementation flow and could be the result of non-optimal XDC constraints or non-optimal design architecture
Related violations: <none>

TIMING-16#571 Warning
Large setup violation  
There is a large setup violation of -3.732 ns between top_block_i/fakernet/reg_switch_0/inst/trg_en_r_reg/C (clocked by clk_out5_top_block_clk_wiz_0_0) and top_block_i/appUnit/das_rx_0/inst/genblk1[1].bus_r_reg[1][255]/CE (clocked by clk_out1_top_block_clk_wiz_1_0). Large setup violations at the end of those stages might be difficult to fix during the post-placement implementation flow and could be the result of non-optimal XDC constraints or non-optimal design architecture
Related violations: <none>

TIMING-16#572 Warning
Large setup violation  
There is a large setup violation of -3.733 ns between top_block_i/fakernet/reg_switch_0/inst/trg_en_r_reg/C (clocked by clk_out5_top_block_clk_wiz_0_0) and top_block_i/appUnit/das_rx_0/inst/genblk1[0].bus_reg[0][151]/CE (clocked by clk_out1_top_block_clk_wiz_1_0). Large setup violations at the end of those stages might be difficult to fix during the post-placement implementation flow and could be the result of non-optimal XDC constraints or non-optimal design architecture
Related violations: <none>

TIMING-16#573 Warning
Large setup violation  
There is a large setup violation of -3.733 ns between top_block_i/fakernet/reg_switch_0/inst/trg_en_r_reg/C (clocked by clk_out5_top_block_clk_wiz_0_0) and top_block_i/appUnit/das_rx_0/inst/genblk1[0].bus_reg[0][161]/CE (clocked by clk_out1_top_block_clk_wiz_1_0). Large setup violations at the end of those stages might be difficult to fix during the post-placement implementation flow and could be the result of non-optimal XDC constraints or non-optimal design architecture
Related violations: <none>

TIMING-16#574 Warning
Large setup violation  
There is a large setup violation of -3.733 ns between top_block_i/fakernet/reg_switch_0/inst/trg_en_r_reg/C (clocked by clk_out5_top_block_clk_wiz_0_0) and top_block_i/appUnit/das_rx_0/inst/genblk1[0].bus_reg[0][171]/CE (clocked by clk_out1_top_block_clk_wiz_1_0). Large setup violations at the end of those stages might be difficult to fix during the post-placement implementation flow and could be the result of non-optimal XDC constraints or non-optimal design architecture
Related violations: <none>

TIMING-16#575 Warning
Large setup violation  
There is a large setup violation of -3.734 ns between top_block_i/fakernet/reg_switch_0/inst/trg_en_r_reg/C (clocked by clk_out5_top_block_clk_wiz_0_0) and top_block_i/appUnit/das_rx_0/inst/genblk1[0].bus_reg[0][198]/CE (clocked by clk_out1_top_block_clk_wiz_1_0). Large setup violations at the end of those stages might be difficult to fix during the post-placement implementation flow and could be the result of non-optimal XDC constraints or non-optimal design architecture
Related violations: <none>

TIMING-16#576 Warning
Large setup violation  
There is a large setup violation of -3.734 ns between top_block_i/fakernet/reg_switch_0/inst/trg_en_r_reg/C (clocked by clk_out5_top_block_clk_wiz_0_0) and top_block_i/appUnit/das_rx_0/inst/genblk1[1].bus_r_reg[1][317]/CE (clocked by clk_out1_top_block_clk_wiz_1_0). Large setup violations at the end of those stages might be difficult to fix during the post-placement implementation flow and could be the result of non-optimal XDC constraints or non-optimal design architecture
Related violations: <none>

TIMING-16#577 Warning
Large setup violation  
There is a large setup violation of -3.734 ns between top_block_i/fakernet/reg_switch_0/inst/trg_en_r_reg/C (clocked by clk_out5_top_block_clk_wiz_0_0) and top_block_i/appUnit/das_rx_0/inst/genblk1[1].bus_r_reg[1][35]/CE (clocked by clk_out1_top_block_clk_wiz_1_0). Large setup violations at the end of those stages might be difficult to fix during the post-placement implementation flow and could be the result of non-optimal XDC constraints or non-optimal design architecture
Related violations: <none>

TIMING-16#578 Warning
Large setup violation  
There is a large setup violation of -3.734 ns between top_block_i/fakernet/reg_switch_0/inst/trg_en_r_reg/C (clocked by clk_out5_top_block_clk_wiz_0_0) and top_block_i/appUnit/das_rx_0/inst/genblk1[1].bus_r_reg[1][45]/CE (clocked by clk_out1_top_block_clk_wiz_1_0). Large setup violations at the end of those stages might be difficult to fix during the post-placement implementation flow and could be the result of non-optimal XDC constraints or non-optimal design architecture
Related violations: <none>

TIMING-16#579 Warning
Large setup violation  
There is a large setup violation of -3.739 ns between top_block_i/fakernet/reg_switch_0/inst/trg_en_r_reg/C (clocked by clk_out5_top_block_clk_wiz_0_0) and top_block_i/appUnit/das_rx_0/inst/genblk1[1].bus_r_reg[1][287]/CE (clocked by clk_out1_top_block_clk_wiz_1_0). Large setup violations at the end of those stages might be difficult to fix during the post-placement implementation flow and could be the result of non-optimal XDC constraints or non-optimal design architecture
Related violations: <none>

TIMING-16#580 Warning
Large setup violation  
There is a large setup violation of -3.739 ns between top_block_i/fakernet/reg_switch_0/inst/trg_en_r_reg/C (clocked by clk_out5_top_block_clk_wiz_0_0) and top_block_i/appUnit/das_rx_0/inst/genblk1[1].bus_r_reg[1][297]/CE (clocked by clk_out1_top_block_clk_wiz_1_0). Large setup violations at the end of those stages might be difficult to fix during the post-placement implementation flow and could be the result of non-optimal XDC constraints or non-optimal design architecture
Related violations: <none>

TIMING-16#581 Warning
Large setup violation  
There is a large setup violation of -3.739 ns between top_block_i/fakernet/reg_switch_0/inst/trg_en_r_reg/C (clocked by clk_out5_top_block_clk_wiz_0_0) and top_block_i/appUnit/das_rx_0/inst/genblk1[1].bus_r_reg[1][307]/CE (clocked by clk_out1_top_block_clk_wiz_1_0). Large setup violations at the end of those stages might be difficult to fix during the post-placement implementation flow and could be the result of non-optimal XDC constraints or non-optimal design architecture
Related violations: <none>

TIMING-16#582 Warning
Large setup violation  
There is a large setup violation of -3.742 ns between top_block_i/fakernet/reg_switch_0/inst/trg_en_r_reg/C (clocked by clk_out5_top_block_clk_wiz_0_0) and top_block_i/appUnit/das_rx_0/inst/genblk1[0].bus_reg[0][153]/CE (clocked by clk_out1_top_block_clk_wiz_1_0). Large setup violations at the end of those stages might be difficult to fix during the post-placement implementation flow and could be the result of non-optimal XDC constraints or non-optimal design architecture
Related violations: <none>

TIMING-16#583 Warning
Large setup violation  
There is a large setup violation of -3.742 ns between top_block_i/fakernet/reg_switch_0/inst/trg_en_r_reg/C (clocked by clk_out5_top_block_clk_wiz_0_0) and top_block_i/appUnit/das_rx_0/inst/genblk1[0].bus_reg[0][163]/CE (clocked by clk_out1_top_block_clk_wiz_1_0). Large setup violations at the end of those stages might be difficult to fix during the post-placement implementation flow and could be the result of non-optimal XDC constraints or non-optimal design architecture
Related violations: <none>

TIMING-16#584 Warning
Large setup violation  
There is a large setup violation of -3.742 ns between top_block_i/fakernet/reg_switch_0/inst/trg_en_r_reg/C (clocked by clk_out5_top_block_clk_wiz_0_0) and top_block_i/appUnit/das_rx_0/inst/genblk1[0].bus_reg[0][173]/CE (clocked by clk_out1_top_block_clk_wiz_1_0). Large setup violations at the end of those stages might be difficult to fix during the post-placement implementation flow and could be the result of non-optimal XDC constraints or non-optimal design architecture
Related violations: <none>

TIMING-16#585 Warning
Large setup violation  
There is a large setup violation of -3.745 ns between top_block_i/fakernet/reg_switch_0/inst/trg_en_r_reg/C (clocked by clk_out5_top_block_clk_wiz_0_0) and top_block_i/appUnit/das_rx_0/inst/genblk1[0].bus_reg[0][183]/CE (clocked by clk_out1_top_block_clk_wiz_1_0). Large setup violations at the end of those stages might be difficult to fix during the post-placement implementation flow and could be the result of non-optimal XDC constraints or non-optimal design architecture
Related violations: <none>

TIMING-16#586 Warning
Large setup violation  
There is a large setup violation of -3.746 ns between top_block_i/fakernet/reg_switch_0/inst/trg_en_r_reg/C (clocked by clk_out5_top_block_clk_wiz_0_0) and top_block_i/appUnit/das_rx_0/inst/genblk1[1].bus_r_reg[1][198]/CE (clocked by clk_out1_top_block_clk_wiz_1_0). Large setup violations at the end of those stages might be difficult to fix during the post-placement implementation flow and could be the result of non-optimal XDC constraints or non-optimal design architecture
Related violations: <none>

TIMING-16#587 Warning
Large setup violation  
There is a large setup violation of -3.746 ns between top_block_i/fakernet/reg_switch_0/inst/trg_en_r_reg/C (clocked by clk_out5_top_block_clk_wiz_0_0) and top_block_i/appUnit/das_rx_0/inst/genblk1[1].bus_r_reg[1][208]/CE (clocked by clk_out1_top_block_clk_wiz_1_0). Large setup violations at the end of those stages might be difficult to fix during the post-placement implementation flow and could be the result of non-optimal XDC constraints or non-optimal design architecture
Related violations: <none>

TIMING-16#588 Warning
Large setup violation  
There is a large setup violation of -3.746 ns between top_block_i/fakernet/reg_switch_0/inst/trg_en_r_reg/C (clocked by clk_out5_top_block_clk_wiz_0_0) and top_block_i/appUnit/das_rx_0/inst/genblk1[1].bus_r_reg[1][248]/CE (clocked by clk_out1_top_block_clk_wiz_1_0). Large setup violations at the end of those stages might be difficult to fix during the post-placement implementation flow and could be the result of non-optimal XDC constraints or non-optimal design architecture
Related violations: <none>

TIMING-16#589 Warning
Large setup violation  
There is a large setup violation of -3.746 ns between top_block_i/fakernet/reg_switch_0/inst/trg_en_r_reg/C (clocked by clk_out5_top_block_clk_wiz_0_0) and top_block_i/appUnit/das_rx_0/inst/genblk1[1].bus_r_reg[1][258]/CE (clocked by clk_out1_top_block_clk_wiz_1_0). Large setup violations at the end of those stages might be difficult to fix during the post-placement implementation flow and could be the result of non-optimal XDC constraints or non-optimal design architecture
Related violations: <none>

TIMING-16#590 Warning
Large setup violation  
There is a large setup violation of -3.747 ns between top_block_i/fakernet/reg_switch_0/inst/trg_en_r_reg/C (clocked by clk_out5_top_block_clk_wiz_0_0) and top_block_i/appUnit/das_rx_0/inst/genblk1[1].bus_r_reg[1][188]/CE (clocked by clk_out1_top_block_clk_wiz_1_0). Large setup violations at the end of those stages might be difficult to fix during the post-placement implementation flow and could be the result of non-optimal XDC constraints or non-optimal design architecture
Related violations: <none>

TIMING-16#591 Warning
Large setup violation  
There is a large setup violation of -3.747 ns between top_block_i/fakernet/reg_switch_0/inst/trg_en_r_reg/C (clocked by clk_out5_top_block_clk_wiz_0_0) and top_block_i/appUnit/das_rx_0/inst/genblk1[1].bus_r_reg[1][194]/CE (clocked by clk_out1_top_block_clk_wiz_1_0). Large setup violations at the end of those stages might be difficult to fix during the post-placement implementation flow and could be the result of non-optimal XDC constraints or non-optimal design architecture
Related violations: <none>

TIMING-16#592 Warning
Large setup violation  
There is a large setup violation of -3.747 ns between top_block_i/fakernet/reg_switch_0/inst/trg_en_r_reg/C (clocked by clk_out5_top_block_clk_wiz_0_0) and top_block_i/appUnit/das_rx_0/inst/genblk1[1].bus_r_reg[1][204]/CE (clocked by clk_out1_top_block_clk_wiz_1_0). Large setup violations at the end of those stages might be difficult to fix during the post-placement implementation flow and could be the result of non-optimal XDC constraints or non-optimal design architecture
Related violations: <none>

TIMING-16#593 Warning
Large setup violation  
There is a large setup violation of -3.747 ns between top_block_i/fakernet/reg_switch_0/inst/trg_en_r_reg/C (clocked by clk_out5_top_block_clk_wiz_0_0) and top_block_i/appUnit/das_rx_0/inst/genblk1[1].bus_r_reg[1][214]/CE (clocked by clk_out1_top_block_clk_wiz_1_0). Large setup violations at the end of those stages might be difficult to fix during the post-placement implementation flow and could be the result of non-optimal XDC constraints or non-optimal design architecture
Related violations: <none>

TIMING-16#594 Warning
Large setup violation  
There is a large setup violation of -3.747 ns between top_block_i/fakernet/reg_switch_0/inst/trg_en_r_reg/C (clocked by clk_out5_top_block_clk_wiz_0_0) and top_block_i/appUnit/das_rx_0/inst/genblk1[1].bus_r_reg[1][218]/CE (clocked by clk_out1_top_block_clk_wiz_1_0). Large setup violations at the end of those stages might be difficult to fix during the post-placement implementation flow and could be the result of non-optimal XDC constraints or non-optimal design architecture
Related violations: <none>

TIMING-16#595 Warning
Large setup violation  
There is a large setup violation of -3.747 ns between top_block_i/fakernet/reg_switch_0/inst/trg_en_r_reg/C (clocked by clk_out5_top_block_clk_wiz_0_0) and top_block_i/appUnit/das_rx_0/inst/genblk1[1].bus_r_reg[1][228]/CE (clocked by clk_out1_top_block_clk_wiz_1_0). Large setup violations at the end of those stages might be difficult to fix during the post-placement implementation flow and could be the result of non-optimal XDC constraints or non-optimal design architecture
Related violations: <none>

TIMING-16#596 Warning
Large setup violation  
There is a large setup violation of -3.747 ns between top_block_i/fakernet/reg_switch_0/inst/trg_en_r_reg/C (clocked by clk_out5_top_block_clk_wiz_0_0) and top_block_i/appUnit/das_rx_0/inst/genblk1[1].bus_r_reg[1][238]/CE (clocked by clk_out1_top_block_clk_wiz_1_0). Large setup violations at the end of those stages might be difficult to fix during the post-placement implementation flow and could be the result of non-optimal XDC constraints or non-optimal design architecture
Related violations: <none>

TIMING-16#597 Warning
Large setup violation  
There is a large setup violation of -3.748 ns between top_block_i/fakernet/reg_switch_0/inst/trg_en_r_reg/C (clocked by clk_out5_top_block_clk_wiz_0_0) and top_block_i/appUnit/das_rx_0/inst/genblk1[0].bus_reg[0][155]/CE (clocked by clk_out1_top_block_clk_wiz_1_0). Large setup violations at the end of those stages might be difficult to fix during the post-placement implementation flow and could be the result of non-optimal XDC constraints or non-optimal design architecture
Related violations: <none>

TIMING-16#598 Warning
Large setup violation  
There is a large setup violation of -3.748 ns between top_block_i/fakernet/reg_switch_0/inst/trg_en_r_reg/C (clocked by clk_out5_top_block_clk_wiz_0_0) and top_block_i/appUnit/das_rx_0/inst/genblk1[0].bus_reg[0][165]/CE (clocked by clk_out1_top_block_clk_wiz_1_0). Large setup violations at the end of those stages might be difficult to fix during the post-placement implementation flow and could be the result of non-optimal XDC constraints or non-optimal design architecture
Related violations: <none>

TIMING-16#599 Warning
Large setup violation  
There is a large setup violation of -3.748 ns between top_block_i/fakernet/reg_switch_0/inst/trg_en_r_reg/C (clocked by clk_out5_top_block_clk_wiz_0_0) and top_block_i/appUnit/das_rx_0/inst/genblk1[0].bus_reg[0][175]/CE (clocked by clk_out1_top_block_clk_wiz_1_0). Large setup violations at the end of those stages might be difficult to fix during the post-placement implementation flow and could be the result of non-optimal XDC constraints or non-optimal design architecture
Related violations: <none>

TIMING-16#600 Warning
Large setup violation  
There is a large setup violation of -3.751 ns between top_block_i/fakernet/reg_switch_0/inst/trg_en_r_reg/C (clocked by clk_out5_top_block_clk_wiz_0_0) and top_block_i/appUnit/das_rx_0/inst/genblk1[1].bus_r_reg[1][224]/CE (clocked by clk_out1_top_block_clk_wiz_1_0). Large setup violations at the end of those stages might be difficult to fix during the post-placement implementation flow and could be the result of non-optimal XDC constraints or non-optimal design architecture
Related violations: <none>

TIMING-16#601 Warning
Large setup violation  
There is a large setup violation of -3.751 ns between top_block_i/fakernet/reg_switch_0/inst/trg_en_r_reg/C (clocked by clk_out5_top_block_clk_wiz_0_0) and top_block_i/appUnit/das_rx_0/inst/genblk1[1].bus_r_reg[1][234]/CE (clocked by clk_out1_top_block_clk_wiz_1_0). Large setup violations at the end of those stages might be difficult to fix during the post-placement implementation flow and could be the result of non-optimal XDC constraints or non-optimal design architecture
Related violations: <none>

TIMING-16#602 Warning
Large setup violation  
There is a large setup violation of -3.751 ns between top_block_i/fakernet/reg_switch_0/inst/trg_en_r_reg/C (clocked by clk_out5_top_block_clk_wiz_0_0) and top_block_i/appUnit/das_rx_0/inst/genblk1[1].bus_r_reg[1][244]/CE (clocked by clk_out1_top_block_clk_wiz_1_0). Large setup violations at the end of those stages might be difficult to fix during the post-placement implementation flow and could be the result of non-optimal XDC constraints or non-optimal design architecture
Related violations: <none>

TIMING-16#603 Warning
Large setup violation  
There is a large setup violation of -3.751 ns between top_block_i/fakernet/reg_switch_0/inst/trg_en_r_reg/C (clocked by clk_out5_top_block_clk_wiz_0_0) and top_block_i/appUnit/das_rx_0/inst/genblk1[1].bus_r_reg[1][254]/CE (clocked by clk_out1_top_block_clk_wiz_1_0). Large setup violations at the end of those stages might be difficult to fix during the post-placement implementation flow and could be the result of non-optimal XDC constraints or non-optimal design architecture
Related violations: <none>

TIMING-16#604 Warning
Large setup violation  
There is a large setup violation of -3.755 ns between top_block_i/fakernet/reg_switch_0/inst/trg_en_r_reg/C (clocked by clk_out5_top_block_clk_wiz_0_0) and top_block_i/appUnit/das_rx_0/inst/genblk1[0].bus_reg[0][185]/CE (clocked by clk_out1_top_block_clk_wiz_1_0). Large setup violations at the end of those stages might be difficult to fix during the post-placement implementation flow and could be the result of non-optimal XDC constraints or non-optimal design architecture
Related violations: <none>

TIMING-16#605 Warning
Large setup violation  
There is a large setup violation of -3.755 ns between top_block_i/fakernet/reg_switch_0/inst/trg_en_r_reg/C (clocked by clk_out5_top_block_clk_wiz_0_0) and top_block_i/appUnit/das_rx_0/inst/genblk1[0].bus_reg[0][195]/CE (clocked by clk_out1_top_block_clk_wiz_1_0). Large setup violations at the end of those stages might be difficult to fix during the post-placement implementation flow and could be the result of non-optimal XDC constraints or non-optimal design architecture
Related violations: <none>

TIMING-16#606 Warning
Large setup violation  
There is a large setup violation of -3.755 ns between top_block_i/fakernet/reg_switch_0/inst/trg_en_r_reg/C (clocked by clk_out5_top_block_clk_wiz_0_0) and top_block_i/appUnit/das_rx_0/inst/genblk1[0].bus_reg[0][205]/CE (clocked by clk_out1_top_block_clk_wiz_1_0). Large setup violations at the end of those stages might be difficult to fix during the post-placement implementation flow and could be the result of non-optimal XDC constraints or non-optimal design architecture
Related violations: <none>

TIMING-16#607 Warning
Large setup violation  
There is a large setup violation of -3.759 ns between top_block_i/fakernet/reg_switch_0/inst/trg_en_r_reg/C (clocked by clk_out5_top_block_clk_wiz_0_0) and top_block_i/appUnit/das_rx_0/inst/genblk1[0].bus_reg[0][212]/CE (clocked by clk_out1_top_block_clk_wiz_1_0). Large setup violations at the end of those stages might be difficult to fix during the post-placement implementation flow and could be the result of non-optimal XDC constraints or non-optimal design architecture
Related violations: <none>

TIMING-16#608 Warning
Large setup violation  
There is a large setup violation of -3.759 ns between top_block_i/fakernet/reg_switch_0/inst/trg_en_r_reg/C (clocked by clk_out5_top_block_clk_wiz_0_0) and top_block_i/appUnit/das_rx_0/inst/genblk1[0].bus_reg[0][222]/CE (clocked by clk_out1_top_block_clk_wiz_1_0). Large setup violations at the end of those stages might be difficult to fix during the post-placement implementation flow and could be the result of non-optimal XDC constraints or non-optimal design architecture
Related violations: <none>

TIMING-16#609 Warning
Large setup violation  
There is a large setup violation of -3.759 ns between top_block_i/fakernet/reg_switch_0/inst/trg_en_r_reg/C (clocked by clk_out5_top_block_clk_wiz_0_0) and top_block_i/appUnit/das_rx_0/inst/genblk1[0].bus_reg[0][232]/CE (clocked by clk_out1_top_block_clk_wiz_1_0). Large setup violations at the end of those stages might be difficult to fix during the post-placement implementation flow and could be the result of non-optimal XDC constraints or non-optimal design architecture
Related violations: <none>

TIMING-16#610 Warning
Large setup violation  
There is a large setup violation of -3.764 ns between top_block_i/fakernet/reg_switch_0/inst/trg_en_r_reg/C (clocked by clk_out5_top_block_clk_wiz_0_0) and top_block_i/appUnit/das_rx_0/inst/genblk1[1].bus_r_reg[1][230]/CE (clocked by clk_out1_top_block_clk_wiz_1_0). Large setup violations at the end of those stages might be difficult to fix during the post-placement implementation flow and could be the result of non-optimal XDC constraints or non-optimal design architecture
Related violations: <none>

TIMING-16#611 Warning
Large setup violation  
There is a large setup violation of -3.764 ns between top_block_i/fakernet/reg_switch_0/inst/trg_en_r_reg/C (clocked by clk_out5_top_block_clk_wiz_0_0) and top_block_i/appUnit/das_rx_0/inst/genblk1[1].bus_r_reg[1][240]/CE (clocked by clk_out1_top_block_clk_wiz_1_0). Large setup violations at the end of those stages might be difficult to fix during the post-placement implementation flow and could be the result of non-optimal XDC constraints or non-optimal design architecture
Related violations: <none>

TIMING-16#612 Warning
Large setup violation  
There is a large setup violation of -3.764 ns between top_block_i/fakernet/reg_switch_0/inst/trg_en_r_reg/C (clocked by clk_out5_top_block_clk_wiz_0_0) and top_block_i/appUnit/das_rx_0/inst/genblk1[1].bus_r_reg[1][250]/CE (clocked by clk_out1_top_block_clk_wiz_1_0). Large setup violations at the end of those stages might be difficult to fix during the post-placement implementation flow and could be the result of non-optimal XDC constraints or non-optimal design architecture
Related violations: <none>

TIMING-16#613 Warning
Large setup violation  
There is a large setup violation of -3.764 ns between top_block_i/fakernet/reg_switch_0/inst/trg_en_r_reg/C (clocked by clk_out5_top_block_clk_wiz_0_0) and top_block_i/appUnit/das_rx_0/inst/genblk1[1].bus_r_reg[1][260]/CE (clocked by clk_out1_top_block_clk_wiz_1_0). Large setup violations at the end of those stages might be difficult to fix during the post-placement implementation flow and could be the result of non-optimal XDC constraints or non-optimal design architecture
Related violations: <none>

TIMING-16#614 Warning
Large setup violation  
There is a large setup violation of -3.765 ns between top_block_i/fakernet/reg_switch_0/inst/trg_en_r_reg/C (clocked by clk_out5_top_block_clk_wiz_0_0) and top_block_i/appUnit/das_rx_0/inst/genblk1[0].bus_reg[0][17]/CE (clocked by clk_out1_top_block_clk_wiz_1_0). Large setup violations at the end of those stages might be difficult to fix during the post-placement implementation flow and could be the result of non-optimal XDC constraints or non-optimal design architecture
Related violations: <none>

TIMING-16#615 Warning
Large setup violation  
There is a large setup violation of -3.765 ns between top_block_i/fakernet/reg_switch_0/inst/trg_en_r_reg/C (clocked by clk_out5_top_block_clk_wiz_0_0) and top_block_i/appUnit/das_rx_0/inst/genblk1[0].bus_reg[0][27]/CE (clocked by clk_out1_top_block_clk_wiz_1_0). Large setup violations at the end of those stages might be difficult to fix during the post-placement implementation flow and could be the result of non-optimal XDC constraints or non-optimal design architecture
Related violations: <none>

TIMING-16#616 Warning
Large setup violation  
There is a large setup violation of -3.765 ns between top_block_i/fakernet/reg_switch_0/inst/trg_en_r_reg/C (clocked by clk_out5_top_block_clk_wiz_0_0) and top_block_i/appUnit/das_rx_0/inst/genblk1[0].bus_reg[0][37]/CE (clocked by clk_out1_top_block_clk_wiz_1_0). Large setup violations at the end of those stages might be difficult to fix during the post-placement implementation flow and could be the result of non-optimal XDC constraints or non-optimal design architecture
Related violations: <none>

TIMING-16#617 Warning
Large setup violation  
There is a large setup violation of -3.765 ns between top_block_i/fakernet/reg_switch_0/inst/trg_en_r_reg/C (clocked by clk_out5_top_block_clk_wiz_0_0) and top_block_i/appUnit/das_rx_0/inst/genblk1[0].bus_reg[0][7]/CE (clocked by clk_out1_top_block_clk_wiz_1_0). Large setup violations at the end of those stages might be difficult to fix during the post-placement implementation flow and could be the result of non-optimal XDC constraints or non-optimal design architecture
Related violations: <none>

TIMING-16#618 Warning
Large setup violation  
There is a large setup violation of -3.765 ns between top_block_i/fakernet/reg_switch_0/inst/trg_en_r_reg/C (clocked by clk_out5_top_block_clk_wiz_0_0) and top_block_i/appUnit/das_rx_0/inst/genblk1[1].bus_r_reg[1][141]/CE (clocked by clk_out1_top_block_clk_wiz_1_0). Large setup violations at the end of those stages might be difficult to fix during the post-placement implementation flow and could be the result of non-optimal XDC constraints or non-optimal design architecture
Related violations: <none>

TIMING-16#619 Warning
Large setup violation  
There is a large setup violation of -3.765 ns between top_block_i/fakernet/reg_switch_0/inst/trg_en_r_reg/C (clocked by clk_out5_top_block_clk_wiz_0_0) and top_block_i/appUnit/das_rx_0/inst/genblk1[1].bus_r_reg[1][161]/CE (clocked by clk_out1_top_block_clk_wiz_1_0). Large setup violations at the end of those stages might be difficult to fix during the post-placement implementation flow and could be the result of non-optimal XDC constraints or non-optimal design architecture
Related violations: <none>

TIMING-16#620 Warning
Large setup violation  
There is a large setup violation of -3.766 ns between top_block_i/fakernet/reg_switch_0/inst/trg_en_r_reg/C (clocked by clk_out5_top_block_clk_wiz_0_0) and top_block_i/appUnit/das_rx_0/inst/genblk1[0].bus_reg[0][16]/CE (clocked by clk_out1_top_block_clk_wiz_1_0). Large setup violations at the end of those stages might be difficult to fix during the post-placement implementation flow and could be the result of non-optimal XDC constraints or non-optimal design architecture
Related violations: <none>

TIMING-16#621 Warning
Large setup violation  
There is a large setup violation of -3.766 ns between top_block_i/fakernet/reg_switch_0/inst/trg_en_r_reg/C (clocked by clk_out5_top_block_clk_wiz_0_0) and top_block_i/appUnit/das_rx_0/inst/genblk1[0].bus_reg[0][26]/CE (clocked by clk_out1_top_block_clk_wiz_1_0). Large setup violations at the end of those stages might be difficult to fix during the post-placement implementation flow and could be the result of non-optimal XDC constraints or non-optimal design architecture
Related violations: <none>

TIMING-16#622 Warning
Large setup violation  
There is a large setup violation of -3.766 ns between top_block_i/fakernet/reg_switch_0/inst/trg_en_r_reg/C (clocked by clk_out5_top_block_clk_wiz_0_0) and top_block_i/appUnit/das_rx_0/inst/genblk1[0].bus_reg[0][6]/CE (clocked by clk_out1_top_block_clk_wiz_1_0). Large setup violations at the end of those stages might be difficult to fix during the post-placement implementation flow and could be the result of non-optimal XDC constraints or non-optimal design architecture
Related violations: <none>

TIMING-16#623 Warning
Large setup violation  
There is a large setup violation of -3.769 ns between top_block_i/fakernet/reg_switch_0/inst/trg_en_r_reg/C (clocked by clk_out5_top_block_clk_wiz_0_0) and top_block_i/appUnit/das_rx_0/inst/genblk1[0].bus_reg[0][36]/CE (clocked by clk_out1_top_block_clk_wiz_1_0). Large setup violations at the end of those stages might be difficult to fix during the post-placement implementation flow and could be the result of non-optimal XDC constraints or non-optimal design architecture
Related violations: <none>

TIMING-16#624 Warning
Large setup violation  
There is a large setup violation of -3.769 ns between top_block_i/fakernet/reg_switch_0/inst/trg_en_r_reg/C (clocked by clk_out5_top_block_clk_wiz_0_0) and top_block_i/appUnit/das_rx_0/inst/genblk1[0].bus_reg[0][46]/CE (clocked by clk_out1_top_block_clk_wiz_1_0). Large setup violations at the end of those stages might be difficult to fix during the post-placement implementation flow and could be the result of non-optimal XDC constraints or non-optimal design architecture
Related violations: <none>

TIMING-16#625 Warning
Large setup violation  
There is a large setup violation of -3.769 ns between top_block_i/fakernet/reg_switch_0/inst/trg_en_r_reg/C (clocked by clk_out5_top_block_clk_wiz_0_0) and top_block_i/appUnit/das_rx_0/inst/genblk1[0].bus_reg[0][56]/CE (clocked by clk_out1_top_block_clk_wiz_1_0). Large setup violations at the end of those stages might be difficult to fix during the post-placement implementation flow and could be the result of non-optimal XDC constraints or non-optimal design architecture
Related violations: <none>

TIMING-16#626 Warning
Large setup violation  
There is a large setup violation of -3.769 ns between top_block_i/fakernet/reg_switch_0/inst/trg_en_r_reg/C (clocked by clk_out5_top_block_clk_wiz_0_0) and top_block_i/appUnit/das_rx_0/inst/genblk1[0].bus_reg[0][66]/CE (clocked by clk_out1_top_block_clk_wiz_1_0). Large setup violations at the end of those stages might be difficult to fix during the post-placement implementation flow and could be the result of non-optimal XDC constraints or non-optimal design architecture
Related violations: <none>

TIMING-16#627 Warning
Large setup violation  
There is a large setup violation of -3.769 ns between top_block_i/fakernet/reg_switch_0/inst/trg_en_r_reg/C (clocked by clk_out5_top_block_clk_wiz_0_0) and top_block_i/appUnit/das_rx_0/inst/genblk1[1].bus_r_reg[1][163]/CE (clocked by clk_out1_top_block_clk_wiz_1_0). Large setup violations at the end of those stages might be difficult to fix during the post-placement implementation flow and could be the result of non-optimal XDC constraints or non-optimal design architecture
Related violations: <none>

TIMING-16#628 Warning
Large setup violation  
There is a large setup violation of -3.769 ns between top_block_i/fakernet/reg_switch_0/inst/trg_en_r_reg/C (clocked by clk_out5_top_block_clk_wiz_0_0) and top_block_i/appUnit/das_rx_0/inst/genblk1[1].bus_r_reg[1][173]/CE (clocked by clk_out1_top_block_clk_wiz_1_0). Large setup violations at the end of those stages might be difficult to fix during the post-placement implementation flow and could be the result of non-optimal XDC constraints or non-optimal design architecture
Related violations: <none>

TIMING-16#629 Warning
Large setup violation  
There is a large setup violation of -3.769 ns between top_block_i/fakernet/reg_switch_0/inst/trg_en_r_reg/C (clocked by clk_out5_top_block_clk_wiz_0_0) and top_block_i/appUnit/das_rx_0/inst/genblk1[1].bus_r_reg[1][183]/CE (clocked by clk_out1_top_block_clk_wiz_1_0). Large setup violations at the end of those stages might be difficult to fix during the post-placement implementation flow and could be the result of non-optimal XDC constraints or non-optimal design architecture
Related violations: <none>

TIMING-16#630 Warning
Large setup violation  
There is a large setup violation of -3.769 ns between top_block_i/fakernet/reg_switch_0/inst/trg_en_r_reg/C (clocked by clk_out5_top_block_clk_wiz_0_0) and top_block_i/appUnit/das_rx_0/inst/genblk1[1].bus_r_reg[1][193]/CE (clocked by clk_out1_top_block_clk_wiz_1_0). Large setup violations at the end of those stages might be difficult to fix during the post-placement implementation flow and could be the result of non-optimal XDC constraints or non-optimal design architecture
Related violations: <none>

TIMING-16#631 Warning
Large setup violation  
There is a large setup violation of -3.780 ns between top_block_i/fakernet/reg_switch_0/inst/trg_en_r_reg/C (clocked by clk_out5_top_block_clk_wiz_0_0) and top_block_i/appUnit/das_rx_0/inst/genblk1[0].bus_reg[0][181]/CE (clocked by clk_out1_top_block_clk_wiz_1_0). Large setup violations at the end of those stages might be difficult to fix during the post-placement implementation flow and could be the result of non-optimal XDC constraints or non-optimal design architecture
Related violations: <none>

TIMING-16#632 Warning
Large setup violation  
There is a large setup violation of -3.780 ns between top_block_i/fakernet/reg_switch_0/inst/trg_en_r_reg/C (clocked by clk_out5_top_block_clk_wiz_0_0) and top_block_i/appUnit/das_rx_0/inst/genblk1[0].bus_reg[0][191]/CE (clocked by clk_out1_top_block_clk_wiz_1_0). Large setup violations at the end of those stages might be difficult to fix during the post-placement implementation flow and could be the result of non-optimal XDC constraints or non-optimal design architecture
Related violations: <none>

TIMING-16#633 Warning
Large setup violation  
There is a large setup violation of -3.780 ns between top_block_i/fakernet/reg_switch_0/inst/trg_en_r_reg/C (clocked by clk_out5_top_block_clk_wiz_0_0) and top_block_i/appUnit/das_rx_0/inst/genblk1[1].bus_reg[1][107]/CE (clocked by clk_out1_top_block_clk_wiz_1_0). Large setup violations at the end of those stages might be difficult to fix during the post-placement implementation flow and could be the result of non-optimal XDC constraints or non-optimal design architecture
Related violations: <none>

TIMING-16#634 Warning
Large setup violation  
There is a large setup violation of -3.786 ns between top_block_i/fakernet/reg_switch_0/inst/trg_en_r_reg/C (clocked by clk_out5_top_block_clk_wiz_0_0) and top_block_i/appUnit/das_rx_0/inst/genblk1[1].bus_r_reg[1][100]/CE (clocked by clk_out1_top_block_clk_wiz_1_0). Large setup violations at the end of those stages might be difficult to fix during the post-placement implementation flow and could be the result of non-optimal XDC constraints or non-optimal design architecture
Related violations: <none>

TIMING-16#635 Warning
Large setup violation  
There is a large setup violation of -3.786 ns between top_block_i/fakernet/reg_switch_0/inst/trg_en_r_reg/C (clocked by clk_out5_top_block_clk_wiz_0_0) and top_block_i/appUnit/das_rx_0/inst/genblk1[1].bus_r_reg[1][104]/CE (clocked by clk_out1_top_block_clk_wiz_1_0). Large setup violations at the end of those stages might be difficult to fix during the post-placement implementation flow and could be the result of non-optimal XDC constraints or non-optimal design architecture
Related violations: <none>

TIMING-16#636 Warning
Large setup violation  
There is a large setup violation of -3.786 ns between top_block_i/fakernet/reg_switch_0/inst/trg_en_r_reg/C (clocked by clk_out5_top_block_clk_wiz_0_0) and top_block_i/appUnit/das_rx_0/inst/genblk1[1].bus_r_reg[1][110]/CE (clocked by clk_out1_top_block_clk_wiz_1_0). Large setup violations at the end of those stages might be difficult to fix during the post-placement implementation flow and could be the result of non-optimal XDC constraints or non-optimal design architecture
Related violations: <none>

TIMING-16#637 Warning
Large setup violation  
There is a large setup violation of -3.786 ns between top_block_i/fakernet/reg_switch_0/inst/trg_en_r_reg/C (clocked by clk_out5_top_block_clk_wiz_0_0) and top_block_i/appUnit/das_rx_0/inst/genblk1[1].bus_r_reg[1][120]/CE (clocked by clk_out1_top_block_clk_wiz_1_0). Large setup violations at the end of those stages might be difficult to fix during the post-placement implementation flow and could be the result of non-optimal XDC constraints or non-optimal design architecture
Related violations: <none>

TIMING-16#638 Warning
Large setup violation  
There is a large setup violation of -3.786 ns between top_block_i/fakernet/reg_switch_0/inst/trg_en_r_reg/C (clocked by clk_out5_top_block_clk_wiz_0_0) and top_block_i/appUnit/das_rx_0/inst/genblk1[1].bus_r_reg[1][25]/CE (clocked by clk_out1_top_block_clk_wiz_1_0). Large setup violations at the end of those stages might be difficult to fix during the post-placement implementation flow and could be the result of non-optimal XDC constraints or non-optimal design architecture
Related violations: <none>

TIMING-16#639 Warning
Large setup violation  
There is a large setup violation of -3.786 ns between top_block_i/fakernet/reg_switch_0/inst/trg_en_r_reg/C (clocked by clk_out5_top_block_clk_wiz_0_0) and top_block_i/appUnit/das_rx_0/inst/genblk1[1].bus_r_reg[1][308]/CE (clocked by clk_out1_top_block_clk_wiz_1_0). Large setup violations at the end of those stages might be difficult to fix during the post-placement implementation flow and could be the result of non-optimal XDC constraints or non-optimal design architecture
Related violations: <none>

TIMING-16#640 Warning
Large setup violation  
There is a large setup violation of -3.786 ns between top_block_i/fakernet/reg_switch_0/inst/trg_en_r_reg/C (clocked by clk_out5_top_block_clk_wiz_0_0) and top_block_i/appUnit/das_rx_0/inst/genblk1[1].bus_r_reg[1][318]/CE (clocked by clk_out1_top_block_clk_wiz_1_0). Large setup violations at the end of those stages might be difficult to fix during the post-placement implementation flow and could be the result of non-optimal XDC constraints or non-optimal design architecture
Related violations: <none>

TIMING-16#641 Warning
Large setup violation  
There is a large setup violation of -3.786 ns between top_block_i/fakernet/reg_switch_0/inst/trg_en_r_reg/C (clocked by clk_out5_top_block_clk_wiz_0_0) and top_block_i/appUnit/das_rx_0/inst/genblk1[1].bus_r_reg[1][50]/CE (clocked by clk_out1_top_block_clk_wiz_1_0). Large setup violations at the end of those stages might be difficult to fix during the post-placement implementation flow and could be the result of non-optimal XDC constraints or non-optimal design architecture
Related violations: <none>

TIMING-16#642 Warning
Large setup violation  
There is a large setup violation of -3.786 ns between top_block_i/fakernet/reg_switch_0/inst/trg_en_r_reg/C (clocked by clk_out5_top_block_clk_wiz_0_0) and top_block_i/appUnit/das_rx_0/inst/genblk1[1].bus_r_reg[1][55]/CE (clocked by clk_out1_top_block_clk_wiz_1_0). Large setup violations at the end of those stages might be difficult to fix during the post-placement implementation flow and could be the result of non-optimal XDC constraints or non-optimal design architecture
Related violations: <none>

TIMING-16#643 Warning
Large setup violation  
There is a large setup violation of -3.786 ns between top_block_i/fakernet/reg_switch_0/inst/trg_en_r_reg/C (clocked by clk_out5_top_block_clk_wiz_0_0) and top_block_i/appUnit/das_rx_0/inst/genblk1[1].bus_r_reg[1][60]/CE (clocked by clk_out1_top_block_clk_wiz_1_0). Large setup violations at the end of those stages might be difficult to fix during the post-placement implementation flow and could be the result of non-optimal XDC constraints or non-optimal design architecture
Related violations: <none>

TIMING-16#644 Warning
Large setup violation  
There is a large setup violation of -3.786 ns between top_block_i/fakernet/reg_switch_0/inst/trg_en_r_reg/C (clocked by clk_out5_top_block_clk_wiz_0_0) and top_block_i/appUnit/das_rx_0/inst/genblk1[1].bus_r_reg[1][65]/CE (clocked by clk_out1_top_block_clk_wiz_1_0). Large setup violations at the end of those stages might be difficult to fix during the post-placement implementation flow and could be the result of non-optimal XDC constraints or non-optimal design architecture
Related violations: <none>

TIMING-16#645 Warning
Large setup violation  
There is a large setup violation of -3.786 ns between top_block_i/fakernet/reg_switch_0/inst/trg_en_r_reg/C (clocked by clk_out5_top_block_clk_wiz_0_0) and top_block_i/appUnit/das_rx_0/inst/genblk1[1].bus_r_reg[1][70]/CE (clocked by clk_out1_top_block_clk_wiz_1_0). Large setup violations at the end of those stages might be difficult to fix during the post-placement implementation flow and could be the result of non-optimal XDC constraints or non-optimal design architecture
Related violations: <none>

TIMING-16#646 Warning
Large setup violation  
There is a large setup violation of -3.786 ns between top_block_i/fakernet/reg_switch_0/inst/trg_en_r_reg/C (clocked by clk_out5_top_block_clk_wiz_0_0) and top_block_i/appUnit/das_rx_0/inst/genblk1[1].bus_r_reg[1][74]/CE (clocked by clk_out1_top_block_clk_wiz_1_0). Large setup violations at the end of those stages might be difficult to fix during the post-placement implementation flow and could be the result of non-optimal XDC constraints or non-optimal design architecture
Related violations: <none>

TIMING-16#647 Warning
Large setup violation  
There is a large setup violation of -3.786 ns between top_block_i/fakernet/reg_switch_0/inst/trg_en_r_reg/C (clocked by clk_out5_top_block_clk_wiz_0_0) and top_block_i/appUnit/das_rx_0/inst/genblk1[1].bus_r_reg[1][75]/CE (clocked by clk_out1_top_block_clk_wiz_1_0). Large setup violations at the end of those stages might be difficult to fix during the post-placement implementation flow and could be the result of non-optimal XDC constraints or non-optimal design architecture
Related violations: <none>

TIMING-16#648 Warning
Large setup violation  
There is a large setup violation of -3.786 ns between top_block_i/fakernet/reg_switch_0/inst/trg_en_r_reg/C (clocked by clk_out5_top_block_clk_wiz_0_0) and top_block_i/appUnit/das_rx_0/inst/genblk1[1].bus_r_reg[1][80]/CE (clocked by clk_out1_top_block_clk_wiz_1_0). Large setup violations at the end of those stages might be difficult to fix during the post-placement implementation flow and could be the result of non-optimal XDC constraints or non-optimal design architecture
Related violations: <none>

TIMING-16#649 Warning
Large setup violation  
There is a large setup violation of -3.786 ns between top_block_i/fakernet/reg_switch_0/inst/trg_en_r_reg/C (clocked by clk_out5_top_block_clk_wiz_0_0) and top_block_i/appUnit/das_rx_0/inst/genblk1[1].bus_r_reg[1][84]/CE (clocked by clk_out1_top_block_clk_wiz_1_0). Large setup violations at the end of those stages might be difficult to fix during the post-placement implementation flow and could be the result of non-optimal XDC constraints or non-optimal design architecture
Related violations: <none>

TIMING-16#650 Warning
Large setup violation  
There is a large setup violation of -3.786 ns between top_block_i/fakernet/reg_switch_0/inst/trg_en_r_reg/C (clocked by clk_out5_top_block_clk_wiz_0_0) and top_block_i/appUnit/das_rx_0/inst/genblk1[1].bus_r_reg[1][90]/CE (clocked by clk_out1_top_block_clk_wiz_1_0). Large setup violations at the end of those stages might be difficult to fix during the post-placement implementation flow and could be the result of non-optimal XDC constraints or non-optimal design architecture
Related violations: <none>

TIMING-16#651 Warning
Large setup violation  
There is a large setup violation of -3.786 ns between top_block_i/fakernet/reg_switch_0/inst/trg_en_r_reg/C (clocked by clk_out5_top_block_clk_wiz_0_0) and top_block_i/appUnit/das_rx_0/inst/genblk1[1].bus_r_reg[1][94]/CE (clocked by clk_out1_top_block_clk_wiz_1_0). Large setup violations at the end of those stages might be difficult to fix during the post-placement implementation flow and could be the result of non-optimal XDC constraints or non-optimal design architecture
Related violations: <none>

TIMING-16#652 Warning
Large setup violation  
There is a large setup violation of -3.787 ns between top_block_i/fakernet/reg_switch_0/inst/trg_en_r_reg/C (clocked by clk_out5_top_block_clk_wiz_0_0) and top_block_i/appUnit/das_rx_0/inst/genblk1[1].bus_r_reg[1][69]/CE (clocked by clk_out1_top_block_clk_wiz_1_0). Large setup violations at the end of those stages might be difficult to fix during the post-placement implementation flow and could be the result of non-optimal XDC constraints or non-optimal design architecture
Related violations: <none>

TIMING-16#653 Warning
Large setup violation  
There is a large setup violation of -3.787 ns between top_block_i/fakernet/reg_switch_0/inst/trg_en_r_reg/C (clocked by clk_out5_top_block_clk_wiz_0_0) and top_block_i/appUnit/das_rx_0/inst/genblk1[1].bus_r_reg[1][79]/CE (clocked by clk_out1_top_block_clk_wiz_1_0). Large setup violations at the end of those stages might be difficult to fix during the post-placement implementation flow and could be the result of non-optimal XDC constraints or non-optimal design architecture
Related violations: <none>

TIMING-16#654 Warning
Large setup violation  
There is a large setup violation of -3.793 ns between top_block_i/fakernet/reg_switch_0/inst/trg_en_r_reg/C (clocked by clk_out5_top_block_clk_wiz_0_0) and top_block_i/appUnit/das_rx_0/inst/genblk1[0].bus_reg[0][201]/CE (clocked by clk_out1_top_block_clk_wiz_1_0). Large setup violations at the end of those stages might be difficult to fix during the post-placement implementation flow and could be the result of non-optimal XDC constraints or non-optimal design architecture
Related violations: <none>

TIMING-16#655 Warning
Large setup violation  
There is a large setup violation of -3.793 ns between top_block_i/fakernet/reg_switch_0/inst/trg_en_r_reg/C (clocked by clk_out5_top_block_clk_wiz_0_0) and top_block_i/appUnit/das_rx_0/inst/genblk1[0].bus_reg[0][215]/CE (clocked by clk_out1_top_block_clk_wiz_1_0). Large setup violations at the end of those stages might be difficult to fix during the post-placement implementation flow and could be the result of non-optimal XDC constraints or non-optimal design architecture
Related violations: <none>

TIMING-16#656 Warning
Large setup violation  
There is a large setup violation of -3.793 ns between top_block_i/fakernet/reg_switch_0/inst/trg_en_r_reg/C (clocked by clk_out5_top_block_clk_wiz_0_0) and top_block_i/appUnit/das_rx_0/inst/genblk1[0].bus_reg[0][219]/CE (clocked by clk_out1_top_block_clk_wiz_1_0). Large setup violations at the end of those stages might be difficult to fix during the post-placement implementation flow and could be the result of non-optimal XDC constraints or non-optimal design architecture
Related violations: <none>

TIMING-16#657 Warning
Large setup violation  
There is a large setup violation of -3.793 ns between top_block_i/fakernet/reg_switch_0/inst/trg_en_r_reg/C (clocked by clk_out5_top_block_clk_wiz_0_0) and top_block_i/appUnit/das_rx_0/inst/genblk1[0].bus_reg[0][246]/CE (clocked by clk_out1_top_block_clk_wiz_1_0). Large setup violations at the end of those stages might be difficult to fix during the post-placement implementation flow and could be the result of non-optimal XDC constraints or non-optimal design architecture
Related violations: <none>

TIMING-16#658 Warning
Large setup violation  
There is a large setup violation of -3.794 ns between top_block_i/fakernet/reg_switch_0/inst/trg_en_r_reg/C (clocked by clk_out5_top_block_clk_wiz_0_0) and top_block_i/appUnit/das_rx_0/inst/genblk1[0].bus_reg[0][39]/CE (clocked by clk_out1_top_block_clk_wiz_1_0). Large setup violations at the end of those stages might be difficult to fix during the post-placement implementation flow and could be the result of non-optimal XDC constraints or non-optimal design architecture
Related violations: <none>

TIMING-16#659 Warning
Large setup violation  
There is a large setup violation of -3.794 ns between top_block_i/fakernet/reg_switch_0/inst/trg_en_r_reg/C (clocked by clk_out5_top_block_clk_wiz_0_0) and top_block_i/appUnit/das_rx_0/inst/genblk1[0].bus_reg[0][49]/CE (clocked by clk_out1_top_block_clk_wiz_1_0). Large setup violations at the end of those stages might be difficult to fix during the post-placement implementation flow and could be the result of non-optimal XDC constraints or non-optimal design architecture
Related violations: <none>

TIMING-16#660 Warning
Large setup violation  
There is a large setup violation of -3.794 ns between top_block_i/fakernet/reg_switch_0/inst/trg_en_r_reg/C (clocked by clk_out5_top_block_clk_wiz_0_0) and top_block_i/appUnit/das_rx_0/inst/genblk1[0].bus_reg[0][59]/CE (clocked by clk_out1_top_block_clk_wiz_1_0). Large setup violations at the end of those stages might be difficult to fix during the post-placement implementation flow and could be the result of non-optimal XDC constraints or non-optimal design architecture
Related violations: <none>

TIMING-16#661 Warning
Large setup violation  
There is a large setup violation of -3.796 ns between top_block_i/fakernet/reg_switch_0/inst/trg_en_r_reg/C (clocked by clk_out5_top_block_clk_wiz_0_0) and top_block_i/appUnit/das_rx_0/inst/genblk1[0].bus_reg[0][221]/CE (clocked by clk_out1_top_block_clk_wiz_1_0). Large setup violations at the end of those stages might be difficult to fix during the post-placement implementation flow and could be the result of non-optimal XDC constraints or non-optimal design architecture
Related violations: <none>

TIMING-16#662 Warning
Large setup violation  
There is a large setup violation of -3.796 ns between top_block_i/fakernet/reg_switch_0/inst/trg_en_r_reg/C (clocked by clk_out5_top_block_clk_wiz_0_0) and top_block_i/appUnit/das_rx_0/inst/genblk1[0].bus_reg[0][231]/CE (clocked by clk_out1_top_block_clk_wiz_1_0). Large setup violations at the end of those stages might be difficult to fix during the post-placement implementation flow and could be the result of non-optimal XDC constraints or non-optimal design architecture
Related violations: <none>

TIMING-16#663 Warning
Large setup violation  
There is a large setup violation of -3.796 ns between top_block_i/fakernet/reg_switch_0/inst/trg_en_r_reg/C (clocked by clk_out5_top_block_clk_wiz_0_0) and top_block_i/appUnit/das_rx_0/inst/genblk1[0].bus_reg[0][241]/CE (clocked by clk_out1_top_block_clk_wiz_1_0). Large setup violations at the end of those stages might be difficult to fix during the post-placement implementation flow and could be the result of non-optimal XDC constraints or non-optimal design architecture
Related violations: <none>

TIMING-16#664 Warning
Large setup violation  
There is a large setup violation of -3.796 ns between top_block_i/fakernet/reg_switch_0/inst/trg_en_r_reg/C (clocked by clk_out5_top_block_clk_wiz_0_0) and top_block_i/appUnit/das_rx_0/inst/genblk1[0].bus_reg[0][251]/CE (clocked by clk_out1_top_block_clk_wiz_1_0). Large setup violations at the end of those stages might be difficult to fix during the post-placement implementation flow and could be the result of non-optimal XDC constraints or non-optimal design architecture
Related violations: <none>

TIMING-16#665 Warning
Large setup violation  
There is a large setup violation of -3.804 ns between top_block_i/fakernet/reg_switch_0/inst/trg_en_r_reg/C (clocked by clk_out5_top_block_clk_wiz_0_0) and top_block_i/appUnit/das_rx_0/inst/genblk1[0].bus_reg[0][87]/CE (clocked by clk_out1_top_block_clk_wiz_1_0). Large setup violations at the end of those stages might be difficult to fix during the post-placement implementation flow and could be the result of non-optimal XDC constraints or non-optimal design architecture
Related violations: <none>

TIMING-16#666 Warning
Large setup violation  
There is a large setup violation of -3.804 ns between top_block_i/fakernet/reg_switch_0/inst/trg_en_r_reg/C (clocked by clk_out5_top_block_clk_wiz_0_0) and top_block_i/appUnit/das_rx_0/inst/genblk1[0].bus_reg[0][97]/CE (clocked by clk_out1_top_block_clk_wiz_1_0). Large setup violations at the end of those stages might be difficult to fix during the post-placement implementation flow and could be the result of non-optimal XDC constraints or non-optimal design architecture
Related violations: <none>

TIMING-16#667 Warning
Large setup violation  
There is a large setup violation of -3.813 ns between top_block_i/fakernet/reg_switch_0/inst/trg_en_r_reg/C (clocked by clk_out5_top_block_clk_wiz_0_0) and top_block_i/appUnit/das_rx_0/inst/genblk1[0].bus_reg[0][182]/CE (clocked by clk_out1_top_block_clk_wiz_1_0). Large setup violations at the end of those stages might be difficult to fix during the post-placement implementation flow and could be the result of non-optimal XDC constraints or non-optimal design architecture
Related violations: <none>

TIMING-16#668 Warning
Large setup violation  
There is a large setup violation of -3.813 ns between top_block_i/fakernet/reg_switch_0/inst/trg_en_r_reg/C (clocked by clk_out5_top_block_clk_wiz_0_0) and top_block_i/appUnit/das_rx_0/inst/genblk1[0].bus_reg[0][192]/CE (clocked by clk_out1_top_block_clk_wiz_1_0). Large setup violations at the end of those stages might be difficult to fix during the post-placement implementation flow and could be the result of non-optimal XDC constraints or non-optimal design architecture
Related violations: <none>

TIMING-16#669 Warning
Large setup violation  
There is a large setup violation of -3.813 ns between top_block_i/fakernet/reg_switch_0/inst/trg_en_r_reg/C (clocked by clk_out5_top_block_clk_wiz_0_0) and top_block_i/appUnit/das_rx_0/inst/genblk1[0].bus_reg[0][202]/CE (clocked by clk_out1_top_block_clk_wiz_1_0). Large setup violations at the end of those stages might be difficult to fix during the post-placement implementation flow and could be the result of non-optimal XDC constraints or non-optimal design architecture
Related violations: <none>

TIMING-16#670 Warning
Large setup violation  
There is a large setup violation of -3.813 ns between top_block_i/fakernet/reg_switch_0/inst/trg_en_r_reg/C (clocked by clk_out5_top_block_clk_wiz_0_0) and top_block_i/appUnit/das_rx_0/inst/genblk1[0].bus_reg[0][228]/CE (clocked by clk_out1_top_block_clk_wiz_1_0). Large setup violations at the end of those stages might be difficult to fix during the post-placement implementation flow and could be the result of non-optimal XDC constraints or non-optimal design architecture
Related violations: <none>

TIMING-16#671 Warning
Large setup violation  
There is a large setup violation of -3.813 ns between top_block_i/fakernet/reg_switch_0/inst/trg_en_r_reg/C (clocked by clk_out5_top_block_clk_wiz_0_0) and top_block_i/appUnit/das_rx_0/inst/genblk1[0].bus_reg[0][238]/CE (clocked by clk_out1_top_block_clk_wiz_1_0). Large setup violations at the end of those stages might be difficult to fix during the post-placement implementation flow and could be the result of non-optimal XDC constraints or non-optimal design architecture
Related violations: <none>

TIMING-16#672 Warning
Large setup violation  
There is a large setup violation of -3.813 ns between top_block_i/fakernet/reg_switch_0/inst/trg_en_r_reg/C (clocked by clk_out5_top_block_clk_wiz_0_0) and top_block_i/appUnit/das_rx_0/inst/genblk1[0].bus_reg[0][242]/CE (clocked by clk_out1_top_block_clk_wiz_1_0). Large setup violations at the end of those stages might be difficult to fix during the post-placement implementation flow and could be the result of non-optimal XDC constraints or non-optimal design architecture
Related violations: <none>

TIMING-16#673 Warning
Large setup violation  
There is a large setup violation of -3.813 ns between top_block_i/fakernet/reg_switch_0/inst/trg_en_r_reg/C (clocked by clk_out5_top_block_clk_wiz_0_0) and top_block_i/appUnit/das_rx_0/inst/genblk1[0].bus_reg[0][249]/CE (clocked by clk_out1_top_block_clk_wiz_1_0). Large setup violations at the end of those stages might be difficult to fix during the post-placement implementation flow and could be the result of non-optimal XDC constraints or non-optimal design architecture
Related violations: <none>

TIMING-16#674 Warning
Large setup violation  
There is a large setup violation of -3.818 ns between top_block_i/fakernet/reg_switch_0/inst/trg_en_r_reg/C (clocked by clk_out5_top_block_clk_wiz_0_0) and top_block_i/appUnit/das_rx_0/inst/genblk1[0].bus_reg[0][108]/CE (clocked by clk_out1_top_block_clk_wiz_1_0). Large setup violations at the end of those stages might be difficult to fix during the post-placement implementation flow and could be the result of non-optimal XDC constraints or non-optimal design architecture
Related violations: <none>

TIMING-16#675 Warning
Large setup violation  
There is a large setup violation of -3.818 ns between top_block_i/fakernet/reg_switch_0/inst/trg_en_r_reg/C (clocked by clk_out5_top_block_clk_wiz_0_0) and top_block_i/appUnit/das_rx_0/inst/genblk1[0].bus_reg[0][118]/CE (clocked by clk_out1_top_block_clk_wiz_1_0). Large setup violations at the end of those stages might be difficult to fix during the post-placement implementation flow and could be the result of non-optimal XDC constraints or non-optimal design architecture
Related violations: <none>

TIMING-16#676 Warning
Large setup violation  
There is a large setup violation of -3.818 ns between top_block_i/fakernet/reg_switch_0/inst/trg_en_r_reg/C (clocked by clk_out5_top_block_clk_wiz_0_0) and top_block_i/appUnit/das_rx_0/inst/genblk1[0].bus_reg[0][88]/CE (clocked by clk_out1_top_block_clk_wiz_1_0). Large setup violations at the end of those stages might be difficult to fix during the post-placement implementation flow and could be the result of non-optimal XDC constraints or non-optimal design architecture
Related violations: <none>

TIMING-16#677 Warning
Large setup violation  
There is a large setup violation of -3.818 ns between top_block_i/fakernet/reg_switch_0/inst/trg_en_r_reg/C (clocked by clk_out5_top_block_clk_wiz_0_0) and top_block_i/appUnit/das_rx_0/inst/genblk1[0].bus_reg[0][98]/CE (clocked by clk_out1_top_block_clk_wiz_1_0). Large setup violations at the end of those stages might be difficult to fix during the post-placement implementation flow and could be the result of non-optimal XDC constraints or non-optimal design architecture
Related violations: <none>

TIMING-16#678 Warning
Large setup violation  
There is a large setup violation of -3.820 ns between top_block_i/fakernet/reg_switch_0/inst/trg_en_r_reg/C (clocked by clk_out5_top_block_clk_wiz_0_0) and top_block_i/appUnit/das_rx_0/inst/genblk1[0].bus_reg[0][34]/CE (clocked by clk_out1_top_block_clk_wiz_1_0). Large setup violations at the end of those stages might be difficult to fix during the post-placement implementation flow and could be the result of non-optimal XDC constraints or non-optimal design architecture
Related violations: <none>

TIMING-16#679 Warning
Large setup violation  
There is a large setup violation of -3.827 ns between top_block_i/fakernet/reg_switch_0/inst/trg_en_r_reg/C (clocked by clk_out5_top_block_clk_wiz_0_0) and top_block_i/appUnit/das_rx_0/inst/genblk1[0].bus_reg[0][104]/CE (clocked by clk_out1_top_block_clk_wiz_1_0). Large setup violations at the end of those stages might be difficult to fix during the post-placement implementation flow and could be the result of non-optimal XDC constraints or non-optimal design architecture
Related violations: <none>

TIMING-16#680 Warning
Large setup violation  
There is a large setup violation of -3.827 ns between top_block_i/fakernet/reg_switch_0/inst/trg_en_r_reg/C (clocked by clk_out5_top_block_clk_wiz_0_0) and top_block_i/appUnit/das_rx_0/inst/genblk1[0].bus_reg[0][114]/CE (clocked by clk_out1_top_block_clk_wiz_1_0). Large setup violations at the end of those stages might be difficult to fix during the post-placement implementation flow and could be the result of non-optimal XDC constraints or non-optimal design architecture
Related violations: <none>

TIMING-16#681 Warning
Large setup violation  
There is a large setup violation of -3.827 ns between top_block_i/fakernet/reg_switch_0/inst/trg_en_r_reg/C (clocked by clk_out5_top_block_clk_wiz_0_0) and top_block_i/appUnit/das_rx_0/inst/genblk1[0].bus_reg[0][94]/CE (clocked by clk_out1_top_block_clk_wiz_1_0). Large setup violations at the end of those stages might be difficult to fix during the post-placement implementation flow and could be the result of non-optimal XDC constraints or non-optimal design architecture
Related violations: <none>

TIMING-16#682 Warning
Large setup violation  
There is a large setup violation of -3.828 ns between top_block_i/fakernet/reg_switch_0/inst/trg_en_r_reg/C (clocked by clk_out5_top_block_clk_wiz_0_0) and top_block_i/appUnit/das_rx_0/inst/genblk1[0].bus_reg[0][43]/CE (clocked by clk_out1_top_block_clk_wiz_1_0). Large setup violations at the end of those stages might be difficult to fix during the post-placement implementation flow and could be the result of non-optimal XDC constraints or non-optimal design architecture
Related violations: <none>

TIMING-16#683 Warning
Large setup violation  
There is a large setup violation of -3.828 ns between top_block_i/fakernet/reg_switch_0/inst/trg_en_r_reg/C (clocked by clk_out5_top_block_clk_wiz_0_0) and top_block_i/appUnit/das_rx_0/inst/genblk1[0].bus_reg[0][53]/CE (clocked by clk_out1_top_block_clk_wiz_1_0). Large setup violations at the end of those stages might be difficult to fix during the post-placement implementation flow and could be the result of non-optimal XDC constraints or non-optimal design architecture
Related violations: <none>

TIMING-16#684 Warning
Large setup violation  
There is a large setup violation of -3.828 ns between top_block_i/fakernet/reg_switch_0/inst/trg_en_r_reg/C (clocked by clk_out5_top_block_clk_wiz_0_0) and top_block_i/appUnit/das_rx_0/inst/genblk1[0].bus_reg[0][63]/CE (clocked by clk_out1_top_block_clk_wiz_1_0). Large setup violations at the end of those stages might be difficult to fix during the post-placement implementation flow and could be the result of non-optimal XDC constraints or non-optimal design architecture
Related violations: <none>

TIMING-16#685 Warning
Large setup violation  
There is a large setup violation of -3.828 ns between top_block_i/fakernet/reg_switch_0/inst/trg_en_r_reg/C (clocked by clk_out5_top_block_clk_wiz_0_0) and top_block_i/appUnit/das_rx_0/inst/genblk1[0].bus_reg[0][78]/CE (clocked by clk_out1_top_block_clk_wiz_1_0). Large setup violations at the end of those stages might be difficult to fix during the post-placement implementation flow and could be the result of non-optimal XDC constraints or non-optimal design architecture
Related violations: <none>

TIMING-16#686 Warning
Large setup violation  
There is a large setup violation of -3.828 ns between top_block_i/fakernet/reg_switch_0/inst/trg_en_r_reg/C (clocked by clk_out5_top_block_clk_wiz_0_0) and top_block_i/appUnit/das_rx_0/inst/genblk1[1].bus_r_reg[1][109]/CE (clocked by clk_out1_top_block_clk_wiz_1_0). Large setup violations at the end of those stages might be difficult to fix during the post-placement implementation flow and could be the result of non-optimal XDC constraints or non-optimal design architecture
Related violations: <none>

TIMING-16#687 Warning
Large setup violation  
There is a large setup violation of -3.828 ns between top_block_i/fakernet/reg_switch_0/inst/trg_en_r_reg/C (clocked by clk_out5_top_block_clk_wiz_0_0) and top_block_i/appUnit/das_rx_0/inst/genblk1[1].bus_r_reg[1][114]/CE (clocked by clk_out1_top_block_clk_wiz_1_0). Large setup violations at the end of those stages might be difficult to fix during the post-placement implementation flow and could be the result of non-optimal XDC constraints or non-optimal design architecture
Related violations: <none>

TIMING-16#688 Warning
Large setup violation  
There is a large setup violation of -3.828 ns between top_block_i/fakernet/reg_switch_0/inst/trg_en_r_reg/C (clocked by clk_out5_top_block_clk_wiz_0_0) and top_block_i/appUnit/das_rx_0/inst/genblk1[1].bus_r_reg[1][119]/CE (clocked by clk_out1_top_block_clk_wiz_1_0). Large setup violations at the end of those stages might be difficult to fix during the post-placement implementation flow and could be the result of non-optimal XDC constraints or non-optimal design architecture
Related violations: <none>

TIMING-16#689 Warning
Large setup violation  
There is a large setup violation of -3.828 ns between top_block_i/fakernet/reg_switch_0/inst/trg_en_r_reg/C (clocked by clk_out5_top_block_clk_wiz_0_0) and top_block_i/appUnit/das_rx_0/inst/genblk1[1].bus_r_reg[1][54]/CE (clocked by clk_out1_top_block_clk_wiz_1_0). Large setup violations at the end of those stages might be difficult to fix during the post-placement implementation flow and could be the result of non-optimal XDC constraints or non-optimal design architecture
Related violations: <none>

TIMING-16#690 Warning
Large setup violation  
There is a large setup violation of -3.828 ns between top_block_i/fakernet/reg_switch_0/inst/trg_en_r_reg/C (clocked by clk_out5_top_block_clk_wiz_0_0) and top_block_i/appUnit/das_rx_0/inst/genblk1[1].bus_r_reg[1][64]/CE (clocked by clk_out1_top_block_clk_wiz_1_0). Large setup violations at the end of those stages might be difficult to fix during the post-placement implementation flow and could be the result of non-optimal XDC constraints or non-optimal design architecture
Related violations: <none>

TIMING-16#691 Warning
Large setup violation  
There is a large setup violation of -3.828 ns between top_block_i/fakernet/reg_switch_0/inst/trg_en_r_reg/C (clocked by clk_out5_top_block_clk_wiz_0_0) and top_block_i/appUnit/das_rx_0/inst/genblk1[1].bus_r_reg[1][89]/CE (clocked by clk_out1_top_block_clk_wiz_1_0). Large setup violations at the end of those stages might be difficult to fix during the post-placement implementation flow and could be the result of non-optimal XDC constraints or non-optimal design architecture
Related violations: <none>

TIMING-16#692 Warning
Large setup violation  
There is a large setup violation of -3.828 ns between top_block_i/fakernet/reg_switch_0/inst/trg_en_r_reg/C (clocked by clk_out5_top_block_clk_wiz_0_0) and top_block_i/appUnit/das_rx_0/inst/genblk1[1].bus_r_reg[1][99]/CE (clocked by clk_out1_top_block_clk_wiz_1_0). Large setup violations at the end of those stages might be difficult to fix during the post-placement implementation flow and could be the result of non-optimal XDC constraints or non-optimal design architecture
Related violations: <none>

TIMING-16#693 Warning
Large setup violation  
There is a large setup violation of -3.830 ns between top_block_i/fakernet/reg_switch_0/inst/trg_en_r_reg/C (clocked by clk_out5_top_block_clk_wiz_0_0) and top_block_i/appUnit/das_rx_0/inst/genblk1[0].bus_reg[0][44]/CE (clocked by clk_out1_top_block_clk_wiz_1_0). Large setup violations at the end of those stages might be difficult to fix during the post-placement implementation flow and could be the result of non-optimal XDC constraints or non-optimal design architecture
Related violations: <none>

TIMING-16#694 Warning
Large setup violation  
There is a large setup violation of -3.830 ns between top_block_i/fakernet/reg_switch_0/inst/trg_en_r_reg/C (clocked by clk_out5_top_block_clk_wiz_0_0) and top_block_i/appUnit/das_rx_0/inst/genblk1[0].bus_reg[0][54]/CE (clocked by clk_out1_top_block_clk_wiz_1_0). Large setup violations at the end of those stages might be difficult to fix during the post-placement implementation flow and could be the result of non-optimal XDC constraints or non-optimal design architecture
Related violations: <none>

TIMING-16#695 Warning
Large setup violation  
There is a large setup violation of -3.832 ns between top_block_i/fakernet/reg_switch_0/inst/trg_en_r_reg/C (clocked by clk_out5_top_block_clk_wiz_0_0) and top_block_i/appUnit/das_rx_0/inst/genblk1[0].bus_reg[0][233]/CE (clocked by clk_out1_top_block_clk_wiz_1_0). Large setup violations at the end of those stages might be difficult to fix during the post-placement implementation flow and could be the result of non-optimal XDC constraints or non-optimal design architecture
Related violations: <none>

TIMING-16#696 Warning
Large setup violation  
There is a large setup violation of -3.832 ns between top_block_i/fakernet/reg_switch_0/inst/trg_en_r_reg/C (clocked by clk_out5_top_block_clk_wiz_0_0) and top_block_i/appUnit/das_rx_0/inst/genblk1[0].bus_reg[0][244]/CE (clocked by clk_out1_top_block_clk_wiz_1_0). Large setup violations at the end of those stages might be difficult to fix during the post-placement implementation flow and could be the result of non-optimal XDC constraints or non-optimal design architecture
Related violations: <none>

TIMING-16#697 Warning
Large setup violation  
There is a large setup violation of -3.833 ns between top_block_i/fakernet/reg_switch_0/inst/trg_en_r_reg/C (clocked by clk_out5_top_block_clk_wiz_0_0) and top_block_i/appUnit/das_rx_0/inst/genblk1[0].bus_reg[0][214]/CE (clocked by clk_out1_top_block_clk_wiz_1_0). Large setup violations at the end of those stages might be difficult to fix during the post-placement implementation flow and could be the result of non-optimal XDC constraints or non-optimal design architecture
Related violations: <none>

TIMING-16#698 Warning
Large setup violation  
There is a large setup violation of -3.833 ns between top_block_i/fakernet/reg_switch_0/inst/trg_en_r_reg/C (clocked by clk_out5_top_block_clk_wiz_0_0) and top_block_i/appUnit/das_rx_0/inst/genblk1[0].bus_reg[0][237]/CE (clocked by clk_out1_top_block_clk_wiz_1_0). Large setup violations at the end of those stages might be difficult to fix during the post-placement implementation flow and could be the result of non-optimal XDC constraints or non-optimal design architecture
Related violations: <none>

TIMING-16#699 Warning
Large setup violation  
There is a large setup violation of -3.833 ns between top_block_i/fakernet/reg_switch_0/inst/trg_en_r_reg/C (clocked by clk_out5_top_block_clk_wiz_0_0) and top_block_i/appUnit/das_rx_0/inst/genblk1[0].bus_reg[0][47]/CE (clocked by clk_out1_top_block_clk_wiz_1_0). Large setup violations at the end of those stages might be difficult to fix during the post-placement implementation flow and could be the result of non-optimal XDC constraints or non-optimal design architecture
Related violations: <none>

TIMING-16#700 Warning
Large setup violation  
There is a large setup violation of -3.833 ns between top_block_i/fakernet/reg_switch_0/inst/trg_en_r_reg/C (clocked by clk_out5_top_block_clk_wiz_0_0) and top_block_i/appUnit/das_rx_0/inst/genblk1[0].bus_reg[0][64]/CE (clocked by clk_out1_top_block_clk_wiz_1_0). Large setup violations at the end of those stages might be difficult to fix during the post-placement implementation flow and could be the result of non-optimal XDC constraints or non-optimal design architecture
Related violations: <none>

TIMING-16#701 Warning
Large setup violation  
There is a large setup violation of -3.833 ns between top_block_i/fakernet/reg_switch_0/inst/trg_en_r_reg/C (clocked by clk_out5_top_block_clk_wiz_0_0) and top_block_i/appUnit/das_rx_0/inst/genblk1[0].bus_reg[0][74]/CE (clocked by clk_out1_top_block_clk_wiz_1_0). Large setup violations at the end of those stages might be difficult to fix during the post-placement implementation flow and could be the result of non-optimal XDC constraints or non-optimal design architecture
Related violations: <none>

TIMING-16#702 Warning
Large setup violation  
There is a large setup violation of -3.837 ns between top_block_i/fakernet/reg_switch_0/inst/trg_en_r_reg/C (clocked by clk_out5_top_block_clk_wiz_0_0) and top_block_i/appUnit/das_rx_0/inst/genblk1[1].bus_r_reg[1][189]/CE (clocked by clk_out1_top_block_clk_wiz_1_0). Large setup violations at the end of those stages might be difficult to fix during the post-placement implementation flow and could be the result of non-optimal XDC constraints or non-optimal design architecture
Related violations: <none>

TIMING-16#703 Warning
Large setup violation  
There is a large setup violation of -3.837 ns between top_block_i/fakernet/reg_switch_0/inst/trg_en_r_reg/C (clocked by clk_out5_top_block_clk_wiz_0_0) and top_block_i/appUnit/das_rx_0/inst/genblk1[1].bus_r_reg[1][199]/CE (clocked by clk_out1_top_block_clk_wiz_1_0). Large setup violations at the end of those stages might be difficult to fix during the post-placement implementation flow and could be the result of non-optimal XDC constraints or non-optimal design architecture
Related violations: <none>

TIMING-16#704 Warning
Large setup violation  
There is a large setup violation of -3.837 ns between top_block_i/fakernet/reg_switch_0/inst/trg_en_r_reg/C (clocked by clk_out5_top_block_clk_wiz_0_0) and top_block_i/appUnit/das_rx_0/inst/genblk1[1].bus_r_reg[1][209]/CE (clocked by clk_out1_top_block_clk_wiz_1_0). Large setup violations at the end of those stages might be difficult to fix during the post-placement implementation flow and could be the result of non-optimal XDC constraints or non-optimal design architecture
Related violations: <none>

TIMING-16#705 Warning
Large setup violation  
There is a large setup violation of -3.838 ns between top_block_i/fakernet/reg_switch_0/inst/trg_en_r_reg/C (clocked by clk_out5_top_block_clk_wiz_0_0) and top_block_i/appUnit/das_rx_0/inst/genblk1[0].bus_reg[0][270]/CE (clocked by clk_out1_top_block_clk_wiz_1_0). Large setup violations at the end of those stages might be difficult to fix during the post-placement implementation flow and could be the result of non-optimal XDC constraints or non-optimal design architecture
Related violations: <none>

TIMING-16#706 Warning
Large setup violation  
There is a large setup violation of -3.839 ns between top_block_i/fakernet/reg_switch_0/inst/trg_en_r_reg/C (clocked by clk_out5_top_block_clk_wiz_0_0) and top_block_i/appUnit/das_rx_0/inst/genblk1[0].bus_reg[0][250]/CE (clocked by clk_out1_top_block_clk_wiz_1_0). Large setup violations at the end of those stages might be difficult to fix during the post-placement implementation flow and could be the result of non-optimal XDC constraints or non-optimal design architecture
Related violations: <none>

TIMING-16#707 Warning
Large setup violation  
There is a large setup violation of -3.842 ns between top_block_i/fakernet/reg_switch_0/inst/trg_en_r_reg/C (clocked by clk_out5_top_block_clk_wiz_0_0) and top_block_i/appUnit/das_rx_0/inst/genblk1[0].bus_reg[0][126]/CE (clocked by clk_out1_top_block_clk_wiz_1_0). Large setup violations at the end of those stages might be difficult to fix during the post-placement implementation flow and could be the result of non-optimal XDC constraints or non-optimal design architecture
Related violations: <none>

TIMING-16#708 Warning
Large setup violation  
There is a large setup violation of -3.842 ns between top_block_i/fakernet/reg_switch_0/inst/trg_en_r_reg/C (clocked by clk_out5_top_block_clk_wiz_0_0) and top_block_i/appUnit/das_rx_0/inst/genblk1[0].bus_reg[0][136]/CE (clocked by clk_out1_top_block_clk_wiz_1_0). Large setup violations at the end of those stages might be difficult to fix during the post-placement implementation flow and could be the result of non-optimal XDC constraints or non-optimal design architecture
Related violations: <none>

TIMING-16#709 Warning
Large setup violation  
There is a large setup violation of -3.842 ns between top_block_i/fakernet/reg_switch_0/inst/trg_en_r_reg/C (clocked by clk_out5_top_block_clk_wiz_0_0) and top_block_i/appUnit/das_rx_0/inst/genblk1[0].bus_reg[0][146]/CE (clocked by clk_out1_top_block_clk_wiz_1_0). Large setup violations at the end of those stages might be difficult to fix during the post-placement implementation flow and could be the result of non-optimal XDC constraints or non-optimal design architecture
Related violations: <none>

TIMING-16#710 Warning
Large setup violation  
There is a large setup violation of -3.843 ns between top_block_i/fakernet/reg_switch_0/inst/trg_en_r_reg/C (clocked by clk_out5_top_block_clk_wiz_0_0) and top_block_i/appUnit/das_rx_0/inst/genblk1[0].bus_reg[0][45]/CE (clocked by clk_out1_top_block_clk_wiz_1_0). Large setup violations at the end of those stages might be difficult to fix during the post-placement implementation flow and could be the result of non-optimal XDC constraints or non-optimal design architecture
Related violations: <none>

TIMING-16#711 Warning
Large setup violation  
There is a large setup violation of -3.843 ns between top_block_i/fakernet/reg_switch_0/inst/trg_en_r_reg/C (clocked by clk_out5_top_block_clk_wiz_0_0) and top_block_i/appUnit/das_rx_0/inst/genblk1[0].bus_reg[0][62]/CE (clocked by clk_out1_top_block_clk_wiz_1_0). Large setup violations at the end of those stages might be difficult to fix during the post-placement implementation flow and could be the result of non-optimal XDC constraints or non-optimal design architecture
Related violations: <none>

TIMING-16#712 Warning
Large setup violation  
There is a large setup violation of -3.843 ns between top_block_i/fakernet/reg_switch_0/inst/trg_en_r_reg/C (clocked by clk_out5_top_block_clk_wiz_0_0) and top_block_i/appUnit/das_rx_0/inst/genblk1[0].bus_reg[0][72]/CE (clocked by clk_out1_top_block_clk_wiz_1_0). Large setup violations at the end of those stages might be difficult to fix during the post-placement implementation flow and could be the result of non-optimal XDC constraints or non-optimal design architecture
Related violations: <none>

TIMING-16#713 Warning
Large setup violation  
There is a large setup violation of -3.843 ns between top_block_i/fakernet/reg_switch_0/inst/trg_en_r_reg/C (clocked by clk_out5_top_block_clk_wiz_0_0) and top_block_i/appUnit/das_rx_0/inst/genblk1[0].bus_reg[0][82]/CE (clocked by clk_out1_top_block_clk_wiz_1_0). Large setup violations at the end of those stages might be difficult to fix during the post-placement implementation flow and could be the result of non-optimal XDC constraints or non-optimal design architecture
Related violations: <none>

TIMING-16#714 Warning
Large setup violation  
There is a large setup violation of -3.843 ns between top_block_i/fakernet/reg_switch_0/inst/trg_en_r_reg/C (clocked by clk_out5_top_block_clk_wiz_0_0) and top_block_i/appUnit/das_rx_0/inst/genblk1[0].bus_reg[0][92]/CE (clocked by clk_out1_top_block_clk_wiz_1_0). Large setup violations at the end of those stages might be difficult to fix during the post-placement implementation flow and could be the result of non-optimal XDC constraints or non-optimal design architecture
Related violations: <none>

TIMING-16#715 Warning
Large setup violation  
There is a large setup violation of -3.844 ns between top_block_i/fakernet/reg_switch_0/inst/trg_en_r_reg/C (clocked by clk_out5_top_block_clk_wiz_0_0) and top_block_i/appUnit/das_rx_0/inst/genblk1[0].bus_reg[0][12]/CE (clocked by clk_out1_top_block_clk_wiz_1_0). Large setup violations at the end of those stages might be difficult to fix during the post-placement implementation flow and could be the result of non-optimal XDC constraints or non-optimal design architecture
Related violations: <none>

TIMING-16#716 Warning
Large setup violation  
There is a large setup violation of -3.844 ns between top_block_i/fakernet/reg_switch_0/inst/trg_en_r_reg/C (clocked by clk_out5_top_block_clk_wiz_0_0) and top_block_i/appUnit/das_rx_0/inst/genblk1[0].bus_reg[0][22]/CE (clocked by clk_out1_top_block_clk_wiz_1_0). Large setup violations at the end of those stages might be difficult to fix during the post-placement implementation flow and could be the result of non-optimal XDC constraints or non-optimal design architecture
Related violations: <none>

TIMING-16#717 Warning
Large setup violation  
There is a large setup violation of -3.844 ns between top_block_i/fakernet/reg_switch_0/inst/trg_en_r_reg/C (clocked by clk_out5_top_block_clk_wiz_0_0) and top_block_i/appUnit/das_rx_0/inst/genblk1[0].bus_reg[0][2]/CE (clocked by clk_out1_top_block_clk_wiz_1_0). Large setup violations at the end of those stages might be difficult to fix during the post-placement implementation flow and could be the result of non-optimal XDC constraints or non-optimal design architecture
Related violations: <none>

TIMING-16#718 Warning
Large setup violation  
There is a large setup violation of -3.845 ns between top_block_i/fakernet/reg_switch_0/inst/trg_en_r_reg/C (clocked by clk_out5_top_block_clk_wiz_0_0) and top_block_i/appUnit/das_rx_0/inst/genblk1[0].bus_reg[0][193]/CE (clocked by clk_out1_top_block_clk_wiz_1_0). Large setup violations at the end of those stages might be difficult to fix during the post-placement implementation flow and could be the result of non-optimal XDC constraints or non-optimal design architecture
Related violations: <none>

TIMING-16#719 Warning
Large setup violation  
There is a large setup violation of -3.845 ns between top_block_i/fakernet/reg_switch_0/inst/trg_en_r_reg/C (clocked by clk_out5_top_block_clk_wiz_0_0) and top_block_i/appUnit/das_rx_0/inst/genblk1[0].bus_reg[0][1]/CE (clocked by clk_out1_top_block_clk_wiz_1_0). Large setup violations at the end of those stages might be difficult to fix during the post-placement implementation flow and could be the result of non-optimal XDC constraints or non-optimal design architecture
Related violations: <none>

TIMING-16#720 Warning
Large setup violation  
There is a large setup violation of -3.845 ns between top_block_i/fakernet/reg_switch_0/inst/trg_en_r_reg/C (clocked by clk_out5_top_block_clk_wiz_0_0) and top_block_i/appUnit/das_rx_0/inst/genblk1[0].bus_reg[0][203]/CE (clocked by clk_out1_top_block_clk_wiz_1_0). Large setup violations at the end of those stages might be difficult to fix during the post-placement implementation flow and could be the result of non-optimal XDC constraints or non-optimal design architecture
Related violations: <none>

TIMING-16#721 Warning
Large setup violation  
There is a large setup violation of -3.845 ns between top_block_i/fakernet/reg_switch_0/inst/trg_en_r_reg/C (clocked by clk_out5_top_block_clk_wiz_0_0) and top_block_i/appUnit/das_rx_0/inst/genblk1[0].bus_reg[0][213]/CE (clocked by clk_out1_top_block_clk_wiz_1_0). Large setup violations at the end of those stages might be difficult to fix during the post-placement implementation flow and could be the result of non-optimal XDC constraints or non-optimal design architecture
Related violations: <none>

TIMING-16#722 Warning
Large setup violation  
There is a large setup violation of -3.845 ns between top_block_i/fakernet/reg_switch_0/inst/trg_en_r_reg/C (clocked by clk_out5_top_block_clk_wiz_0_0) and top_block_i/appUnit/das_rx_0/inst/genblk1[0].bus_reg[0][223]/CE (clocked by clk_out1_top_block_clk_wiz_1_0). Large setup violations at the end of those stages might be difficult to fix during the post-placement implementation flow and could be the result of non-optimal XDC constraints or non-optimal design architecture
Related violations: <none>

TIMING-16#723 Warning
Large setup violation  
There is a large setup violation of -3.845 ns between top_block_i/fakernet/reg_switch_0/inst/trg_en_r_reg/C (clocked by clk_out5_top_block_clk_wiz_0_0) and top_block_i/appUnit/das_rx_0/inst/genblk1[1].bus_reg[1][100]/CE (clocked by clk_out1_top_block_clk_wiz_1_0). Large setup violations at the end of those stages might be difficult to fix during the post-placement implementation flow and could be the result of non-optimal XDC constraints or non-optimal design architecture
Related violations: <none>

TIMING-16#724 Warning
Large setup violation  
There is a large setup violation of -3.845 ns between top_block_i/fakernet/reg_switch_0/inst/trg_en_r_reg/C (clocked by clk_out5_top_block_clk_wiz_0_0) and top_block_i/appUnit/das_rx_0/inst/genblk1[1].bus_reg[1][110]/CE (clocked by clk_out1_top_block_clk_wiz_1_0). Large setup violations at the end of those stages might be difficult to fix during the post-placement implementation flow and could be the result of non-optimal XDC constraints or non-optimal design architecture
Related violations: <none>

TIMING-16#725 Warning
Large setup violation  
There is a large setup violation of -3.849 ns between top_block_i/fakernet/reg_switch_0/inst/trg_en_r_reg/C (clocked by clk_out5_top_block_clk_wiz_0_0) and top_block_i/appUnit/das_rx_0/inst/genblk1[0].bus_reg[0][41]/CE (clocked by clk_out1_top_block_clk_wiz_1_0). Large setup violations at the end of those stages might be difficult to fix during the post-placement implementation flow and could be the result of non-optimal XDC constraints or non-optimal design architecture
Related violations: <none>

TIMING-16#726 Warning
Large setup violation  
There is a large setup violation of -3.849 ns between top_block_i/fakernet/reg_switch_0/inst/trg_en_r_reg/C (clocked by clk_out5_top_block_clk_wiz_0_0) and top_block_i/appUnit/das_rx_0/inst/genblk1[0].bus_reg[0][51]/CE (clocked by clk_out1_top_block_clk_wiz_1_0). Large setup violations at the end of those stages might be difficult to fix during the post-placement implementation flow and could be the result of non-optimal XDC constraints or non-optimal design architecture
Related violations: <none>

TIMING-16#727 Warning
Large setup violation  
There is a large setup violation of -3.849 ns between top_block_i/fakernet/reg_switch_0/inst/trg_en_r_reg/C (clocked by clk_out5_top_block_clk_wiz_0_0) and top_block_i/appUnit/das_rx_0/inst/genblk1[0].bus_reg[0][61]/CE (clocked by clk_out1_top_block_clk_wiz_1_0). Large setup violations at the end of those stages might be difficult to fix during the post-placement implementation flow and could be the result of non-optimal XDC constraints or non-optimal design architecture
Related violations: <none>

TIMING-16#728 Warning
Large setup violation  
There is a large setup violation of -3.851 ns between top_block_i/fakernet/reg_switch_0/inst/trg_en_r_reg/C (clocked by clk_out5_top_block_clk_wiz_0_0) and top_block_i/appUnit/das_rx_0/inst/genblk1[0].bus_reg[0][204]/CE (clocked by clk_out1_top_block_clk_wiz_1_0). Large setup violations at the end of those stages might be difficult to fix during the post-placement implementation flow and could be the result of non-optimal XDC constraints or non-optimal design architecture
Related violations: <none>

TIMING-16#729 Warning
Large setup violation  
There is a large setup violation of -3.851 ns between top_block_i/fakernet/reg_switch_0/inst/trg_en_r_reg/C (clocked by clk_out5_top_block_clk_wiz_0_0) and top_block_i/appUnit/das_rx_0/inst/genblk1[0].bus_reg[0][57]/CE (clocked by clk_out1_top_block_clk_wiz_1_0). Large setup violations at the end of those stages might be difficult to fix during the post-placement implementation flow and could be the result of non-optimal XDC constraints or non-optimal design architecture
Related violations: <none>

TIMING-16#730 Warning
Large setup violation  
There is a large setup violation of -3.851 ns between top_block_i/fakernet/reg_switch_0/inst/trg_en_r_reg/C (clocked by clk_out5_top_block_clk_wiz_0_0) and top_block_i/appUnit/das_rx_0/inst/genblk1[0].bus_reg[0][67]/CE (clocked by clk_out1_top_block_clk_wiz_1_0). Large setup violations at the end of those stages might be difficult to fix during the post-placement implementation flow and could be the result of non-optimal XDC constraints or non-optimal design architecture
Related violations: <none>

TIMING-16#731 Warning
Large setup violation  
There is a large setup violation of -3.851 ns between top_block_i/fakernet/reg_switch_0/inst/trg_en_r_reg/C (clocked by clk_out5_top_block_clk_wiz_0_0) and top_block_i/appUnit/das_rx_0/inst/genblk1[0].bus_reg[0][77]/CE (clocked by clk_out1_top_block_clk_wiz_1_0). Large setup violations at the end of those stages might be difficult to fix during the post-placement implementation flow and could be the result of non-optimal XDC constraints or non-optimal design architecture
Related violations: <none>

TIMING-16#732 Warning
Large setup violation  
There is a large setup violation of -3.851 ns between top_block_i/fakernet/reg_switch_0/inst/trg_en_r_reg/C (clocked by clk_out5_top_block_clk_wiz_0_0) and top_block_i/appUnit/das_rx_0/inst/genblk1[1].bus_r_reg[1][181]/CE (clocked by clk_out1_top_block_clk_wiz_1_0). Large setup violations at the end of those stages might be difficult to fix during the post-placement implementation flow and could be the result of non-optimal XDC constraints or non-optimal design architecture
Related violations: <none>

TIMING-16#733 Warning
Large setup violation  
There is a large setup violation of -3.851 ns between top_block_i/fakernet/reg_switch_0/inst/trg_en_r_reg/C (clocked by clk_out5_top_block_clk_wiz_0_0) and top_block_i/appUnit/das_rx_0/inst/genblk1[1].bus_r_reg[1][191]/CE (clocked by clk_out1_top_block_clk_wiz_1_0). Large setup violations at the end of those stages might be difficult to fix during the post-placement implementation flow and could be the result of non-optimal XDC constraints or non-optimal design architecture
Related violations: <none>

TIMING-16#734 Warning
Large setup violation  
There is a large setup violation of -3.857 ns between top_block_i/fakernet/reg_switch_0/inst/trg_en_r_reg/C (clocked by clk_out5_top_block_clk_wiz_0_0) and top_block_i/appUnit/das_rx_0/inst/genblk1[0].bus_reg[0][38]/CE (clocked by clk_out1_top_block_clk_wiz_1_0). Large setup violations at the end of those stages might be difficult to fix during the post-placement implementation flow and could be the result of non-optimal XDC constraints or non-optimal design architecture
Related violations: <none>

TIMING-16#735 Warning
Large setup violation  
There is a large setup violation of -3.857 ns between top_block_i/fakernet/reg_switch_0/inst/trg_en_r_reg/C (clocked by clk_out5_top_block_clk_wiz_0_0) and top_block_i/appUnit/das_rx_0/inst/genblk1[0].bus_reg[0][48]/CE (clocked by clk_out1_top_block_clk_wiz_1_0). Large setup violations at the end of those stages might be difficult to fix during the post-placement implementation flow and could be the result of non-optimal XDC constraints or non-optimal design architecture
Related violations: <none>

TIMING-16#736 Warning
Large setup violation  
There is a large setup violation of -3.858 ns between top_block_i/fakernet/reg_switch_0/inst/trg_en_r_reg/C (clocked by clk_out5_top_block_clk_wiz_0_0) and top_block_i/appUnit/das_rx_0/inst/genblk1[0].bus_reg[0][69]/CE (clocked by clk_out1_top_block_clk_wiz_1_0). Large setup violations at the end of those stages might be difficult to fix during the post-placement implementation flow and could be the result of non-optimal XDC constraints or non-optimal design architecture
Related violations: <none>

TIMING-16#737 Warning
Large setup violation  
There is a large setup violation of -3.858 ns between top_block_i/fakernet/reg_switch_0/inst/trg_en_r_reg/C (clocked by clk_out5_top_block_clk_wiz_0_0) and top_block_i/appUnit/das_rx_0/inst/genblk1[0].bus_reg[0][79]/CE (clocked by clk_out1_top_block_clk_wiz_1_0). Large setup violations at the end of those stages might be difficult to fix during the post-placement implementation flow and could be the result of non-optimal XDC constraints or non-optimal design architecture
Related violations: <none>

TIMING-16#738 Warning
Large setup violation  
There is a large setup violation of -3.858 ns between top_block_i/fakernet/reg_switch_0/inst/trg_en_r_reg/C (clocked by clk_out5_top_block_clk_wiz_0_0) and top_block_i/appUnit/das_rx_0/inst/genblk1[0].bus_reg[0][89]/CE (clocked by clk_out1_top_block_clk_wiz_1_0). Large setup violations at the end of those stages might be difficult to fix during the post-placement implementation flow and could be the result of non-optimal XDC constraints or non-optimal design architecture
Related violations: <none>

TIMING-16#739 Warning
Large setup violation  
There is a large setup violation of -3.858 ns between top_block_i/fakernet/reg_switch_0/inst/trg_en_r_reg/C (clocked by clk_out5_top_block_clk_wiz_0_0) and top_block_i/appUnit/das_rx_0/inst/genblk1[0].bus_reg[0][99]/CE (clocked by clk_out1_top_block_clk_wiz_1_0). Large setup violations at the end of those stages might be difficult to fix during the post-placement implementation flow and could be the result of non-optimal XDC constraints or non-optimal design architecture
Related violations: <none>

TIMING-16#740 Warning
Large setup violation  
There is a large setup violation of -3.860 ns between top_block_i/fakernet/reg_switch_0/inst/trg_en_r_reg/C (clocked by clk_out5_top_block_clk_wiz_0_0) and top_block_i/appUnit/das_rx_0/inst/genblk1[0].bus_reg[0][157]/CE (clocked by clk_out1_top_block_clk_wiz_1_0). Large setup violations at the end of those stages might be difficult to fix during the post-placement implementation flow and could be the result of non-optimal XDC constraints or non-optimal design architecture
Related violations: <none>

TIMING-16#741 Warning
Large setup violation  
There is a large setup violation of -3.860 ns between top_block_i/fakernet/reg_switch_0/inst/trg_en_r_reg/C (clocked by clk_out5_top_block_clk_wiz_0_0) and top_block_i/appUnit/das_rx_0/inst/genblk1[0].bus_reg[0][158]/CE (clocked by clk_out1_top_block_clk_wiz_1_0). Large setup violations at the end of those stages might be difficult to fix during the post-placement implementation flow and could be the result of non-optimal XDC constraints or non-optimal design architecture
Related violations: <none>

TIMING-16#742 Warning
Large setup violation  
There is a large setup violation of -3.860 ns between top_block_i/fakernet/reg_switch_0/inst/trg_en_r_reg/C (clocked by clk_out5_top_block_clk_wiz_0_0) and top_block_i/appUnit/das_rx_0/inst/genblk1[0].bus_reg[0][167]/CE (clocked by clk_out1_top_block_clk_wiz_1_0). Large setup violations at the end of those stages might be difficult to fix during the post-placement implementation flow and could be the result of non-optimal XDC constraints or non-optimal design architecture
Related violations: <none>

TIMING-16#743 Warning
Large setup violation  
There is a large setup violation of -3.860 ns between top_block_i/fakernet/reg_switch_0/inst/trg_en_r_reg/C (clocked by clk_out5_top_block_clk_wiz_0_0) and top_block_i/appUnit/das_rx_0/inst/genblk1[0].bus_reg[0][177]/CE (clocked by clk_out1_top_block_clk_wiz_1_0). Large setup violations at the end of those stages might be difficult to fix during the post-placement implementation flow and could be the result of non-optimal XDC constraints or non-optimal design architecture
Related violations: <none>

TIMING-16#744 Warning
Large setup violation  
There is a large setup violation of -3.868 ns between top_block_i/fakernet/reg_switch_0/inst/trg_en_r_reg/C (clocked by clk_out5_top_block_clk_wiz_0_0) and top_block_i/appUnit/das_rx_0/inst/genblk1[0].bus_reg[0][273]/CE (clocked by clk_out1_top_block_clk_wiz_1_0). Large setup violations at the end of those stages might be difficult to fix during the post-placement implementation flow and could be the result of non-optimal XDC constraints or non-optimal design architecture
Related violations: <none>

TIMING-16#745 Warning
Large setup violation  
There is a large setup violation of -3.868 ns between top_block_i/fakernet/reg_switch_0/inst/trg_en_r_reg/C (clocked by clk_out5_top_block_clk_wiz_0_0) and top_block_i/appUnit/das_rx_0/inst/genblk1[0].bus_reg[0][303]/CE (clocked by clk_out1_top_block_clk_wiz_1_0). Large setup violations at the end of those stages might be difficult to fix during the post-placement implementation flow and could be the result of non-optimal XDC constraints or non-optimal design architecture
Related violations: <none>

TIMING-16#746 Warning
Large setup violation  
There is a large setup violation of -3.868 ns between top_block_i/fakernet/reg_switch_0/inst/trg_en_r_reg/C (clocked by clk_out5_top_block_clk_wiz_0_0) and top_block_i/appUnit/das_rx_0/inst/genblk1[0].bus_reg[0][313]/CE (clocked by clk_out1_top_block_clk_wiz_1_0). Large setup violations at the end of those stages might be difficult to fix during the post-placement implementation flow and could be the result of non-optimal XDC constraints or non-optimal design architecture
Related violations: <none>

TIMING-16#747 Warning
Large setup violation  
There is a large setup violation of -3.874 ns between top_block_i/fakernet/reg_switch_0/inst/trg_en_r_reg/C (clocked by clk_out5_top_block_clk_wiz_0_0) and top_block_i/appUnit/das_rx_0/inst/genblk1[0].bus_reg[0][125]/CE (clocked by clk_out1_top_block_clk_wiz_1_0). Large setup violations at the end of those stages might be difficult to fix during the post-placement implementation flow and could be the result of non-optimal XDC constraints or non-optimal design architecture
Related violations: <none>

TIMING-16#748 Warning
Large setup violation  
There is a large setup violation of -3.874 ns between top_block_i/fakernet/reg_switch_0/inst/trg_en_r_reg/C (clocked by clk_out5_top_block_clk_wiz_0_0) and top_block_i/appUnit/das_rx_0/inst/genblk1[0].bus_reg[0][135]/CE (clocked by clk_out1_top_block_clk_wiz_1_0). Large setup violations at the end of those stages might be difficult to fix during the post-placement implementation flow and could be the result of non-optimal XDC constraints or non-optimal design architecture
Related violations: <none>

TIMING-16#749 Warning
Large setup violation  
There is a large setup violation of -3.874 ns between top_block_i/fakernet/reg_switch_0/inst/trg_en_r_reg/C (clocked by clk_out5_top_block_clk_wiz_0_0) and top_block_i/appUnit/das_rx_0/inst/genblk1[0].bus_reg[0][145]/CE (clocked by clk_out1_top_block_clk_wiz_1_0). Large setup violations at the end of those stages might be difficult to fix during the post-placement implementation flow and could be the result of non-optimal XDC constraints or non-optimal design architecture
Related violations: <none>

TIMING-16#750 Warning
Large setup violation  
There is a large setup violation of -3.876 ns between top_block_i/fakernet/reg_switch_0/inst/trg_en_r_reg/C (clocked by clk_out5_top_block_clk_wiz_0_0) and top_block_i/appUnit/das_rx_0/inst/genblk1[0].bus_reg[0][100]/CE (clocked by clk_out1_top_block_clk_wiz_1_0). Large setup violations at the end of those stages might be difficult to fix during the post-placement implementation flow and could be the result of non-optimal XDC constraints or non-optimal design architecture
Related violations: <none>

TIMING-16#751 Warning
Large setup violation  
There is a large setup violation of -3.876 ns between top_block_i/fakernet/reg_switch_0/inst/trg_en_r_reg/C (clocked by clk_out5_top_block_clk_wiz_0_0) and top_block_i/appUnit/das_rx_0/inst/genblk1[0].bus_reg[0][110]/CE (clocked by clk_out1_top_block_clk_wiz_1_0). Large setup violations at the end of those stages might be difficult to fix during the post-placement implementation flow and could be the result of non-optimal XDC constraints or non-optimal design architecture
Related violations: <none>

TIMING-16#752 Warning
Large setup violation  
There is a large setup violation of -3.876 ns between top_block_i/fakernet/reg_switch_0/inst/trg_en_r_reg/C (clocked by clk_out5_top_block_clk_wiz_0_0) and top_block_i/appUnit/das_rx_0/inst/genblk1[0].bus_reg[0][80]/CE (clocked by clk_out1_top_block_clk_wiz_1_0). Large setup violations at the end of those stages might be difficult to fix during the post-placement implementation flow and could be the result of non-optimal XDC constraints or non-optimal design architecture
Related violations: <none>

TIMING-16#753 Warning
Large setup violation  
There is a large setup violation of -3.876 ns between top_block_i/fakernet/reg_switch_0/inst/trg_en_r_reg/C (clocked by clk_out5_top_block_clk_wiz_0_0) and top_block_i/appUnit/das_rx_0/inst/genblk1[0].bus_reg[0][90]/CE (clocked by clk_out1_top_block_clk_wiz_1_0). Large setup violations at the end of those stages might be difficult to fix during the post-placement implementation flow and could be the result of non-optimal XDC constraints or non-optimal design architecture
Related violations: <none>

TIMING-16#754 Warning
Large setup violation  
There is a large setup violation of -3.877 ns between top_block_i/fakernet/reg_switch_0/inst/trg_en_r_reg/C (clocked by clk_out5_top_block_clk_wiz_0_0) and top_block_i/appUnit/das_rx_0/inst/genblk1[0].bus_reg[0][13]/CE (clocked by clk_out1_top_block_clk_wiz_1_0). Large setup violations at the end of those stages might be difficult to fix during the post-placement implementation flow and could be the result of non-optimal XDC constraints or non-optimal design architecture
Related violations: <none>

TIMING-16#755 Warning
Large setup violation  
There is a large setup violation of -3.877 ns between top_block_i/fakernet/reg_switch_0/inst/trg_en_r_reg/C (clocked by clk_out5_top_block_clk_wiz_0_0) and top_block_i/appUnit/das_rx_0/inst/genblk1[0].bus_reg[0][19]/CE (clocked by clk_out1_top_block_clk_wiz_1_0). Large setup violations at the end of those stages might be difficult to fix during the post-placement implementation flow and could be the result of non-optimal XDC constraints or non-optimal design architecture
Related violations: <none>

TIMING-16#756 Warning
Large setup violation  
There is a large setup violation of -3.877 ns between top_block_i/fakernet/reg_switch_0/inst/trg_en_r_reg/C (clocked by clk_out5_top_block_clk_wiz_0_0) and top_block_i/appUnit/das_rx_0/inst/genblk1[0].bus_reg[0][23]/CE (clocked by clk_out1_top_block_clk_wiz_1_0). Large setup violations at the end of those stages might be difficult to fix during the post-placement implementation flow and could be the result of non-optimal XDC constraints or non-optimal design architecture
Related violations: <none>

TIMING-16#757 Warning
Large setup violation  
There is a large setup violation of -3.877 ns between top_block_i/fakernet/reg_switch_0/inst/trg_en_r_reg/C (clocked by clk_out5_top_block_clk_wiz_0_0) and top_block_i/appUnit/das_rx_0/inst/genblk1[0].bus_reg[0][33]/CE (clocked by clk_out1_top_block_clk_wiz_1_0). Large setup violations at the end of those stages might be difficult to fix during the post-placement implementation flow and could be the result of non-optimal XDC constraints or non-optimal design architecture
Related violations: <none>

TIMING-16#758 Warning
Large setup violation  
There is a large setup violation of -3.877 ns between top_block_i/fakernet/reg_switch_0/inst/trg_en_r_reg/C (clocked by clk_out5_top_block_clk_wiz_0_0) and top_block_i/appUnit/das_rx_0/inst/genblk1[0].bus_reg[0][3]/CE (clocked by clk_out1_top_block_clk_wiz_1_0). Large setup violations at the end of those stages might be difficult to fix during the post-placement implementation flow and could be the result of non-optimal XDC constraints or non-optimal design architecture
Related violations: <none>

TIMING-16#759 Warning
Large setup violation  
There is a large setup violation of -3.877 ns between top_block_i/fakernet/reg_switch_0/inst/trg_en_r_reg/C (clocked by clk_out5_top_block_clk_wiz_0_0) and top_block_i/appUnit/das_rx_0/inst/genblk1[0].bus_reg[0][9]/CE (clocked by clk_out1_top_block_clk_wiz_1_0). Large setup violations at the end of those stages might be difficult to fix during the post-placement implementation flow and could be the result of non-optimal XDC constraints or non-optimal design architecture
Related violations: <none>

TIMING-16#760 Warning
Large setup violation  
There is a large setup violation of -3.877 ns between top_block_i/fakernet/reg_switch_0/inst/trg_en_r_reg/C (clocked by clk_out5_top_block_clk_wiz_0_0) and top_block_i/appUnit/das_rx_0/inst/genblk1[1].bus_r_reg[1][219]/CE (clocked by clk_out1_top_block_clk_wiz_1_0). Large setup violations at the end of those stages might be difficult to fix during the post-placement implementation flow and could be the result of non-optimal XDC constraints or non-optimal design architecture
Related violations: <none>

TIMING-16#761 Warning
Large setup violation  
There is a large setup violation of -3.877 ns between top_block_i/fakernet/reg_switch_0/inst/trg_en_r_reg/C (clocked by clk_out5_top_block_clk_wiz_0_0) and top_block_i/appUnit/das_rx_0/inst/genblk1[1].bus_r_reg[1][229]/CE (clocked by clk_out1_top_block_clk_wiz_1_0). Large setup violations at the end of those stages might be difficult to fix during the post-placement implementation flow and could be the result of non-optimal XDC constraints or non-optimal design architecture
Related violations: <none>

TIMING-16#762 Warning
Large setup violation  
There is a large setup violation of -3.877 ns between top_block_i/fakernet/reg_switch_0/inst/trg_en_r_reg/C (clocked by clk_out5_top_block_clk_wiz_0_0) and top_block_i/appUnit/das_rx_0/inst/genblk1[1].bus_r_reg[1][239]/CE (clocked by clk_out1_top_block_clk_wiz_1_0). Large setup violations at the end of those stages might be difficult to fix during the post-placement implementation flow and could be the result of non-optimal XDC constraints or non-optimal design architecture
Related violations: <none>

TIMING-16#763 Warning
Large setup violation  
There is a large setup violation of -3.878 ns between top_block_i/fakernet/reg_switch_0/inst/trg_en_r_reg/C (clocked by clk_out5_top_block_clk_wiz_0_0) and top_block_i/appUnit/das_rx_0/inst/genblk1[0].bus_reg[0][11]/CE (clocked by clk_out1_top_block_clk_wiz_1_0). Large setup violations at the end of those stages might be difficult to fix during the post-placement implementation flow and could be the result of non-optimal XDC constraints or non-optimal design architecture
Related violations: <none>

TIMING-16#764 Warning
Large setup violation  
There is a large setup violation of -3.878 ns between top_block_i/fakernet/reg_switch_0/inst/trg_en_r_reg/C (clocked by clk_out5_top_block_clk_wiz_0_0) and top_block_i/appUnit/das_rx_0/inst/genblk1[0].bus_reg[0][21]/CE (clocked by clk_out1_top_block_clk_wiz_1_0). Large setup violations at the end of those stages might be difficult to fix during the post-placement implementation flow and could be the result of non-optimal XDC constraints or non-optimal design architecture
Related violations: <none>

TIMING-16#765 Warning
Large setup violation  
There is a large setup violation of -3.878 ns between top_block_i/fakernet/reg_switch_0/inst/trg_en_r_reg/C (clocked by clk_out5_top_block_clk_wiz_0_0) and top_block_i/appUnit/das_rx_0/inst/genblk1[0].bus_reg[0][65]/CE (clocked by clk_out1_top_block_clk_wiz_1_0). Large setup violations at the end of those stages might be difficult to fix during the post-placement implementation flow and could be the result of non-optimal XDC constraints or non-optimal design architecture
Related violations: <none>

TIMING-16#766 Warning
Large setup violation  
There is a large setup violation of -3.878 ns between top_block_i/fakernet/reg_switch_0/inst/trg_en_r_reg/C (clocked by clk_out5_top_block_clk_wiz_0_0) and top_block_i/appUnit/das_rx_0/inst/genblk1[0].bus_reg[0][75]/CE (clocked by clk_out1_top_block_clk_wiz_1_0). Large setup violations at the end of those stages might be difficult to fix during the post-placement implementation flow and could be the result of non-optimal XDC constraints or non-optimal design architecture
Related violations: <none>

TIMING-16#767 Warning
Large setup violation  
There is a large setup violation of -3.878 ns between top_block_i/fakernet/reg_switch_0/inst/trg_en_r_reg/C (clocked by clk_out5_top_block_clk_wiz_0_0) and top_block_i/appUnit/das_rx_0/inst/genblk1[0].bus_reg[0][85]/CE (clocked by clk_out1_top_block_clk_wiz_1_0). Large setup violations at the end of those stages might be difficult to fix during the post-placement implementation flow and could be the result of non-optimal XDC constraints or non-optimal design architecture
Related violations: <none>

TIMING-16#768 Warning
Large setup violation  
There is a large setup violation of -3.879 ns between top_block_i/fakernet/reg_switch_0/inst/trg_en_r_reg/C (clocked by clk_out5_top_block_clk_wiz_0_0) and top_block_i/appUnit/das_rx_0/inst/genblk1[0].bus_reg[0][40]/CE (clocked by clk_out1_top_block_clk_wiz_1_0). Large setup violations at the end of those stages might be difficult to fix during the post-placement implementation flow and could be the result of non-optimal XDC constraints or non-optimal design architecture
Related violations: <none>

TIMING-16#769 Warning
Large setup violation  
There is a large setup violation of -3.879 ns between top_block_i/fakernet/reg_switch_0/inst/trg_en_r_reg/C (clocked by clk_out5_top_block_clk_wiz_0_0) and top_block_i/appUnit/das_rx_0/inst/genblk1[0].bus_reg[0][50]/CE (clocked by clk_out1_top_block_clk_wiz_1_0). Large setup violations at the end of those stages might be difficult to fix during the post-placement implementation flow and could be the result of non-optimal XDC constraints or non-optimal design architecture
Related violations: <none>

TIMING-16#770 Warning
Large setup violation  
There is a large setup violation of -3.879 ns between top_block_i/fakernet/reg_switch_0/inst/trg_en_r_reg/C (clocked by clk_out5_top_block_clk_wiz_0_0) and top_block_i/appUnit/das_rx_0/inst/genblk1[0].bus_reg[0][60]/CE (clocked by clk_out1_top_block_clk_wiz_1_0). Large setup violations at the end of those stages might be difficult to fix during the post-placement implementation flow and could be the result of non-optimal XDC constraints or non-optimal design architecture
Related violations: <none>

TIMING-16#771 Warning
Large setup violation  
There is a large setup violation of -3.879 ns between top_block_i/fakernet/reg_switch_0/inst/trg_en_r_reg/C (clocked by clk_out5_top_block_clk_wiz_0_0) and top_block_i/appUnit/das_rx_0/inst/genblk1[0].bus_reg[0][70]/CE (clocked by clk_out1_top_block_clk_wiz_1_0). Large setup violations at the end of those stages might be difficult to fix during the post-placement implementation flow and could be the result of non-optimal XDC constraints or non-optimal design architecture
Related violations: <none>

TIMING-16#772 Warning
Large setup violation  
There is a large setup violation of -3.880 ns between top_block_i/fakernet/reg_switch_0/inst/trg_en_r_reg/C (clocked by clk_out5_top_block_clk_wiz_0_0) and top_block_i/appUnit/das_rx_0/inst/genblk1[0].bus_reg[0][42]/CE (clocked by clk_out1_top_block_clk_wiz_1_0). Large setup violations at the end of those stages might be difficult to fix during the post-placement implementation flow and could be the result of non-optimal XDC constraints or non-optimal design architecture
Related violations: <none>

TIMING-16#773 Warning
Large setup violation  
There is a large setup violation of -3.880 ns between top_block_i/fakernet/reg_switch_0/inst/trg_en_r_reg/C (clocked by clk_out5_top_block_clk_wiz_0_0) and top_block_i/appUnit/das_rx_0/inst/genblk1[0].bus_reg[0][52]/CE (clocked by clk_out1_top_block_clk_wiz_1_0). Large setup violations at the end of those stages might be difficult to fix during the post-placement implementation flow and could be the result of non-optimal XDC constraints or non-optimal design architecture
Related violations: <none>

TIMING-16#774 Warning
Large setup violation  
There is a large setup violation of -3.881 ns between top_block_i/fakernet/reg_switch_0/inst/trg_en_r_reg/C (clocked by clk_out5_top_block_clk_wiz_0_0) and top_block_i/appUnit/das_rx_0/inst/genblk1[0].bus_reg[0][105]/CE (clocked by clk_out1_top_block_clk_wiz_1_0). Large setup violations at the end of those stages might be difficult to fix during the post-placement implementation flow and could be the result of non-optimal XDC constraints or non-optimal design architecture
Related violations: <none>

TIMING-16#775 Warning
Large setup violation  
There is a large setup violation of -3.881 ns between top_block_i/fakernet/reg_switch_0/inst/trg_en_r_reg/C (clocked by clk_out5_top_block_clk_wiz_0_0) and top_block_i/appUnit/das_rx_0/inst/genblk1[0].bus_reg[0][55]/CE (clocked by clk_out1_top_block_clk_wiz_1_0). Large setup violations at the end of those stages might be difficult to fix during the post-placement implementation flow and could be the result of non-optimal XDC constraints or non-optimal design architecture
Related violations: <none>

TIMING-16#776 Warning
Large setup violation  
There is a large setup violation of -3.881 ns between top_block_i/fakernet/reg_switch_0/inst/trg_en_r_reg/C (clocked by clk_out5_top_block_clk_wiz_0_0) and top_block_i/appUnit/das_rx_0/inst/genblk1[0].bus_reg[0][84]/CE (clocked by clk_out1_top_block_clk_wiz_1_0). Large setup violations at the end of those stages might be difficult to fix during the post-placement implementation flow and could be the result of non-optimal XDC constraints or non-optimal design architecture
Related violations: <none>

TIMING-16#777 Warning
Large setup violation  
There is a large setup violation of -3.881 ns between top_block_i/fakernet/reg_switch_0/inst/trg_en_r_reg/C (clocked by clk_out5_top_block_clk_wiz_0_0) and top_block_i/appUnit/das_rx_0/inst/genblk1[0].bus_reg[0][95]/CE (clocked by clk_out1_top_block_clk_wiz_1_0). Large setup violations at the end of those stages might be difficult to fix during the post-placement implementation flow and could be the result of non-optimal XDC constraints or non-optimal design architecture
Related violations: <none>

TIMING-16#778 Warning
Large setup violation  
There is a large setup violation of -3.886 ns between top_block_i/fakernet/reg_switch_0/inst/trg_en_r_reg/C (clocked by clk_out5_top_block_clk_wiz_0_0) and top_block_i/appUnit/das_rx_0/inst/genblk1[0].bus_reg[0][276]/CE (clocked by clk_out1_top_block_clk_wiz_1_0). Large setup violations at the end of those stages might be difficult to fix during the post-placement implementation flow and could be the result of non-optimal XDC constraints or non-optimal design architecture
Related violations: <none>

TIMING-16#779 Warning
Large setup violation  
There is a large setup violation of -3.886 ns between top_block_i/fakernet/reg_switch_0/inst/trg_en_r_reg/C (clocked by clk_out5_top_block_clk_wiz_0_0) and top_block_i/appUnit/das_rx_0/inst/genblk1[0].bus_reg[0][286]/CE (clocked by clk_out1_top_block_clk_wiz_1_0). Large setup violations at the end of those stages might be difficult to fix during the post-placement implementation flow and could be the result of non-optimal XDC constraints or non-optimal design architecture
Related violations: <none>

TIMING-16#780 Warning
Large setup violation  
There is a large setup violation of -3.886 ns between top_block_i/fakernet/reg_switch_0/inst/trg_en_r_reg/C (clocked by clk_out5_top_block_clk_wiz_0_0) and top_block_i/appUnit/das_rx_0/inst/genblk1[0].bus_reg[0][296]/CE (clocked by clk_out1_top_block_clk_wiz_1_0). Large setup violations at the end of those stages might be difficult to fix during the post-placement implementation flow and could be the result of non-optimal XDC constraints or non-optimal design architecture
Related violations: <none>

TIMING-16#781 Warning
Large setup violation  
There is a large setup violation of -3.886 ns between top_block_i/fakernet/reg_switch_0/inst/trg_en_r_reg/C (clocked by clk_out5_top_block_clk_wiz_0_0) and top_block_i/appUnit/das_rx_0/inst/genblk1[1].bus_r_reg[1][102]/CE (clocked by clk_out1_top_block_clk_wiz_1_0). Large setup violations at the end of those stages might be difficult to fix during the post-placement implementation flow and could be the result of non-optimal XDC constraints or non-optimal design architecture
Related violations: <none>

TIMING-16#782 Warning
Large setup violation  
There is a large setup violation of -3.886 ns between top_block_i/fakernet/reg_switch_0/inst/trg_en_r_reg/C (clocked by clk_out5_top_block_clk_wiz_0_0) and top_block_i/appUnit/das_rx_0/inst/genblk1[1].bus_r_reg[1][112]/CE (clocked by clk_out1_top_block_clk_wiz_1_0). Large setup violations at the end of those stages might be difficult to fix during the post-placement implementation flow and could be the result of non-optimal XDC constraints or non-optimal design architecture
Related violations: <none>

TIMING-16#783 Warning
Large setup violation  
There is a large setup violation of -3.886 ns between top_block_i/fakernet/reg_switch_0/inst/trg_en_r_reg/C (clocked by clk_out5_top_block_clk_wiz_0_0) and top_block_i/appUnit/das_rx_0/inst/genblk1[1].bus_r_reg[1][122]/CE (clocked by clk_out1_top_block_clk_wiz_1_0). Large setup violations at the end of those stages might be difficult to fix during the post-placement implementation flow and could be the result of non-optimal XDC constraints or non-optimal design architecture
Related violations: <none>

TIMING-16#784 Warning
Large setup violation  
There is a large setup violation of -3.886 ns between top_block_i/fakernet/reg_switch_0/inst/trg_en_r_reg/C (clocked by clk_out5_top_block_clk_wiz_0_0) and top_block_i/appUnit/das_rx_0/inst/genblk1[1].bus_r_reg[1][129]/CE (clocked by clk_out1_top_block_clk_wiz_1_0). Large setup violations at the end of those stages might be difficult to fix during the post-placement implementation flow and could be the result of non-optimal XDC constraints or non-optimal design architecture
Related violations: <none>

TIMING-16#785 Warning
Large setup violation  
There is a large setup violation of -3.886 ns between top_block_i/fakernet/reg_switch_0/inst/trg_en_r_reg/C (clocked by clk_out5_top_block_clk_wiz_0_0) and top_block_i/appUnit/das_rx_0/inst/genblk1[1].bus_r_reg[1][139]/CE (clocked by clk_out1_top_block_clk_wiz_1_0). Large setup violations at the end of those stages might be difficult to fix during the post-placement implementation flow and could be the result of non-optimal XDC constraints or non-optimal design architecture
Related violations: <none>

TIMING-16#786 Warning
Large setup violation  
There is a large setup violation of -3.886 ns between top_block_i/fakernet/reg_switch_0/inst/trg_en_r_reg/C (clocked by clk_out5_top_block_clk_wiz_0_0) and top_block_i/appUnit/das_rx_0/inst/genblk1[1].bus_r_reg[1][149]/CE (clocked by clk_out1_top_block_clk_wiz_1_0). Large setup violations at the end of those stages might be difficult to fix during the post-placement implementation flow and could be the result of non-optimal XDC constraints or non-optimal design architecture
Related violations: <none>

TIMING-16#787 Warning
Large setup violation  
There is a large setup violation of -3.886 ns between top_block_i/fakernet/reg_switch_0/inst/trg_en_r_reg/C (clocked by clk_out5_top_block_clk_wiz_0_0) and top_block_i/appUnit/das_rx_0/inst/genblk1[1].bus_r_reg[1][159]/CE (clocked by clk_out1_top_block_clk_wiz_1_0). Large setup violations at the end of those stages might be difficult to fix during the post-placement implementation flow and could be the result of non-optimal XDC constraints or non-optimal design architecture
Related violations: <none>

TIMING-16#788 Warning
Large setup violation  
There is a large setup violation of -3.887 ns between top_block_i/fakernet/reg_switch_0/inst/trg_en_r_reg/C (clocked by clk_out5_top_block_clk_wiz_0_0) and top_block_i/appUnit/das_rx_0/inst/genblk1[1].bus_r_reg[1][176]/CE (clocked by clk_out1_top_block_clk_wiz_1_0). Large setup violations at the end of those stages might be difficult to fix during the post-placement implementation flow and could be the result of non-optimal XDC constraints or non-optimal design architecture
Related violations: <none>

TIMING-16#789 Warning
Large setup violation  
There is a large setup violation of -3.887 ns between top_block_i/fakernet/reg_switch_0/inst/trg_en_r_reg/C (clocked by clk_out5_top_block_clk_wiz_0_0) and top_block_i/appUnit/das_rx_0/inst/genblk1[1].bus_r_reg[1][186]/CE (clocked by clk_out1_top_block_clk_wiz_1_0). Large setup violations at the end of those stages might be difficult to fix during the post-placement implementation flow and could be the result of non-optimal XDC constraints or non-optimal design architecture
Related violations: <none>

TIMING-16#790 Warning
Large setup violation  
There is a large setup violation of -3.887 ns between top_block_i/fakernet/reg_switch_0/inst/trg_en_r_reg/C (clocked by clk_out5_top_block_clk_wiz_0_0) and top_block_i/appUnit/das_rx_0/inst/genblk1[1].bus_r_reg[1][196]/CE (clocked by clk_out1_top_block_clk_wiz_1_0). Large setup violations at the end of those stages might be difficult to fix during the post-placement implementation flow and could be the result of non-optimal XDC constraints or non-optimal design architecture
Related violations: <none>

TIMING-16#791 Warning
Large setup violation  
There is a large setup violation of -3.887 ns between top_block_i/fakernet/reg_switch_0/inst/trg_en_r_reg/C (clocked by clk_out5_top_block_clk_wiz_0_0) and top_block_i/appUnit/das_rx_0/inst/genblk1[1].bus_r_reg[1][206]/CE (clocked by clk_out1_top_block_clk_wiz_1_0). Large setup violations at the end of those stages might be difficult to fix during the post-placement implementation flow and could be the result of non-optimal XDC constraints or non-optimal design architecture
Related violations: <none>

TIMING-16#792 Warning
Large setup violation  
There is a large setup violation of -3.889 ns between top_block_i/fakernet/reg_switch_0/inst/trg_en_r_reg/C (clocked by clk_out5_top_block_clk_wiz_0_0) and top_block_i/appUnit/das_rx_0/inst/genblk1[0].bus_reg[0][256]/CE (clocked by clk_out1_top_block_clk_wiz_1_0). Large setup violations at the end of those stages might be difficult to fix during the post-placement implementation flow and could be the result of non-optimal XDC constraints or non-optimal design architecture
Related violations: <none>

TIMING-16#793 Warning
Large setup violation  
There is a large setup violation of -3.889 ns between top_block_i/fakernet/reg_switch_0/inst/trg_en_r_reg/C (clocked by clk_out5_top_block_clk_wiz_0_0) and top_block_i/appUnit/das_rx_0/inst/genblk1[0].bus_reg[0][266]/CE (clocked by clk_out1_top_block_clk_wiz_1_0). Large setup violations at the end of those stages might be difficult to fix during the post-placement implementation flow and could be the result of non-optimal XDC constraints or non-optimal design architecture
Related violations: <none>

TIMING-16#794 Warning
Large setup violation  
There is a large setup violation of -3.889 ns between top_block_i/fakernet/reg_switch_0/inst/trg_en_r_reg/C (clocked by clk_out5_top_block_clk_wiz_0_0) and top_block_i/appUnit/das_rx_0/inst/genblk1[0].bus_reg[0][306]/CE (clocked by clk_out1_top_block_clk_wiz_1_0). Large setup violations at the end of those stages might be difficult to fix during the post-placement implementation flow and could be the result of non-optimal XDC constraints or non-optimal design architecture
Related violations: <none>

TIMING-16#795 Warning
Large setup violation  
There is a large setup violation of -3.889 ns between top_block_i/fakernet/reg_switch_0/inst/trg_en_r_reg/C (clocked by clk_out5_top_block_clk_wiz_0_0) and top_block_i/appUnit/das_rx_0/inst/genblk1[0].bus_reg[0][316]/CE (clocked by clk_out1_top_block_clk_wiz_1_0). Large setup violations at the end of those stages might be difficult to fix during the post-placement implementation flow and could be the result of non-optimal XDC constraints or non-optimal design architecture
Related violations: <none>

TIMING-16#796 Warning
Large setup violation  
There is a large setup violation of -3.890 ns between top_block_i/fakernet/reg_switch_0/inst/trg_en_r_reg/C (clocked by clk_out5_top_block_clk_wiz_0_0) and top_block_i/appUnit/das_rx_0/inst/genblk1[0].bus_reg[0][179]/CE (clocked by clk_out1_top_block_clk_wiz_1_0). Large setup violations at the end of those stages might be difficult to fix during the post-placement implementation flow and could be the result of non-optimal XDC constraints or non-optimal design architecture
Related violations: <none>

TIMING-16#797 Warning
Large setup violation  
There is a large setup violation of -3.890 ns between top_block_i/fakernet/reg_switch_0/inst/trg_en_r_reg/C (clocked by clk_out5_top_block_clk_wiz_0_0) and top_block_i/appUnit/das_rx_0/inst/genblk1[0].bus_reg[0][189]/CE (clocked by clk_out1_top_block_clk_wiz_1_0). Large setup violations at the end of those stages might be difficult to fix during the post-placement implementation flow and could be the result of non-optimal XDC constraints or non-optimal design architecture
Related violations: <none>

TIMING-16#798 Warning
Large setup violation  
There is a large setup violation of -3.891 ns between top_block_i/fakernet/reg_switch_0/inst/trg_en_r_reg/C (clocked by clk_out5_top_block_clk_wiz_0_0) and top_block_i/appUnit/das_rx_0/inst/genblk1[0].bus_reg[0][187]/CE (clocked by clk_out1_top_block_clk_wiz_1_0). Large setup violations at the end of those stages might be difficult to fix during the post-placement implementation flow and could be the result of non-optimal XDC constraints or non-optimal design architecture
Related violations: <none>

TIMING-16#799 Warning
Large setup violation  
There is a large setup violation of -3.891 ns between top_block_i/fakernet/reg_switch_0/inst/trg_en_r_reg/C (clocked by clk_out5_top_block_clk_wiz_0_0) and top_block_i/appUnit/das_rx_0/inst/genblk1[0].bus_reg[0][197]/CE (clocked by clk_out1_top_block_clk_wiz_1_0). Large setup violations at the end of those stages might be difficult to fix during the post-placement implementation flow and could be the result of non-optimal XDC constraints or non-optimal design architecture
Related violations: <none>

TIMING-16#800 Warning
Large setup violation  
There is a large setup violation of -3.892 ns between top_block_i/fakernet/reg_switch_0/inst/trg_en_r_reg/C (clocked by clk_out5_top_block_clk_wiz_0_0) and top_block_i/appUnit/das_rx_0/inst/genblk1[0].bus_reg[0][76]/CE (clocked by clk_out1_top_block_clk_wiz_1_0). Large setup violations at the end of those stages might be difficult to fix during the post-placement implementation flow and could be the result of non-optimal XDC constraints or non-optimal design architecture
Related violations: <none>

TIMING-16#801 Warning
Large setup violation  
There is a large setup violation of -3.892 ns between top_block_i/fakernet/reg_switch_0/inst/trg_en_r_reg/C (clocked by clk_out5_top_block_clk_wiz_0_0) and top_block_i/appUnit/das_rx_0/inst/genblk1[0].bus_reg[0][86]/CE (clocked by clk_out1_top_block_clk_wiz_1_0). Large setup violations at the end of those stages might be difficult to fix during the post-placement implementation flow and could be the result of non-optimal XDC constraints or non-optimal design architecture
Related violations: <none>

TIMING-16#802 Warning
Large setup violation  
There is a large setup violation of -3.892 ns between top_block_i/fakernet/reg_switch_0/inst/trg_en_r_reg/C (clocked by clk_out5_top_block_clk_wiz_0_0) and top_block_i/appUnit/das_rx_0/inst/genblk1[0].bus_reg[0][96]/CE (clocked by clk_out1_top_block_clk_wiz_1_0). Large setup violations at the end of those stages might be difficult to fix during the post-placement implementation flow and could be the result of non-optimal XDC constraints or non-optimal design architecture
Related violations: <none>

TIMING-16#803 Warning
Large setup violation  
There is a large setup violation of -3.900 ns between top_block_i/fakernet/reg_switch_0/inst/trg_en_r_reg/C (clocked by clk_out5_top_block_clk_wiz_0_0) and top_block_i/appUnit/das_rx_0/inst/genblk1[0].bus_reg[0][284]/CE (clocked by clk_out1_top_block_clk_wiz_1_0). Large setup violations at the end of those stages might be difficult to fix during the post-placement implementation flow and could be the result of non-optimal XDC constraints or non-optimal design architecture
Related violations: <none>

TIMING-16#804 Warning
Large setup violation  
There is a large setup violation of -3.900 ns between top_block_i/fakernet/reg_switch_0/inst/trg_en_r_reg/C (clocked by clk_out5_top_block_clk_wiz_0_0) and top_block_i/appUnit/das_rx_0/inst/genblk1[0].bus_reg[0][294]/CE (clocked by clk_out1_top_block_clk_wiz_1_0). Large setup violations at the end of those stages might be difficult to fix during the post-placement implementation flow and could be the result of non-optimal XDC constraints or non-optimal design architecture
Related violations: <none>

TIMING-16#805 Warning
Large setup violation  
There is a large setup violation of -3.900 ns between top_block_i/fakernet/reg_switch_0/inst/trg_en_r_reg/C (clocked by clk_out5_top_block_clk_wiz_0_0) and top_block_i/appUnit/das_rx_0/inst/genblk1[0].bus_reg[0][304]/CE (clocked by clk_out1_top_block_clk_wiz_1_0). Large setup violations at the end of those stages might be difficult to fix during the post-placement implementation flow and could be the result of non-optimal XDC constraints or non-optimal design architecture
Related violations: <none>

TIMING-16#806 Warning
Large setup violation  
There is a large setup violation of -3.900 ns between top_block_i/fakernet/reg_switch_0/inst/trg_en_r_reg/C (clocked by clk_out5_top_block_clk_wiz_0_0) and top_block_i/appUnit/das_rx_0/inst/genblk1[0].bus_reg[0][314]/CE (clocked by clk_out1_top_block_clk_wiz_1_0). Large setup violations at the end of those stages might be difficult to fix during the post-placement implementation flow and could be the result of non-optimal XDC constraints or non-optimal design architecture
Related violations: <none>

TIMING-16#807 Warning
Large setup violation  
There is a large setup violation of -3.904 ns between top_block_i/fakernet/reg_switch_0/inst/trg_en_r_reg/C (clocked by clk_out5_top_block_clk_wiz_0_0) and top_block_i/appUnit/das_rx_0/inst/genblk1[0].bus_reg[0][116]/CE (clocked by clk_out1_top_block_clk_wiz_1_0). Large setup violations at the end of those stages might be difficult to fix during the post-placement implementation flow and could be the result of non-optimal XDC constraints or non-optimal design architecture
Related violations: <none>

TIMING-16#808 Warning
Large setup violation  
There is a large setup violation of -3.904 ns between top_block_i/fakernet/reg_switch_0/inst/trg_en_r_reg/C (clocked by clk_out5_top_block_clk_wiz_0_0) and top_block_i/appUnit/das_rx_0/inst/genblk1[0].bus_reg[0][156]/CE (clocked by clk_out1_top_block_clk_wiz_1_0). Large setup violations at the end of those stages might be difficult to fix during the post-placement implementation flow and could be the result of non-optimal XDC constraints or non-optimal design architecture
Related violations: <none>

TIMING-16#809 Warning
Large setup violation  
There is a large setup violation of -3.904 ns between top_block_i/fakernet/reg_switch_0/inst/trg_en_r_reg/C (clocked by clk_out5_top_block_clk_wiz_0_0) and top_block_i/appUnit/das_rx_0/inst/genblk1[0].bus_reg[0][166]/CE (clocked by clk_out1_top_block_clk_wiz_1_0). Large setup violations at the end of those stages might be difficult to fix during the post-placement implementation flow and could be the result of non-optimal XDC constraints or non-optimal design architecture
Related violations: <none>

TIMING-16#810 Warning
Large setup violation  
There is a large setup violation of -3.904 ns between top_block_i/fakernet/reg_switch_0/inst/trg_en_r_reg/C (clocked by clk_out5_top_block_clk_wiz_0_0) and top_block_i/appUnit/das_rx_0/inst/genblk1[0].bus_reg[0][176]/CE (clocked by clk_out1_top_block_clk_wiz_1_0). Large setup violations at the end of those stages might be difficult to fix during the post-placement implementation flow and could be the result of non-optimal XDC constraints or non-optimal design architecture
Related violations: <none>

TIMING-16#811 Warning
Large setup violation  
There is a large setup violation of -3.906 ns between top_block_i/fakernet/reg_switch_0/inst/trg_en_r_reg/C (clocked by clk_out5_top_block_clk_wiz_0_0) and top_block_i/appUnit/das_rx_0/inst/genblk1[0].bus_reg[0][134]/CE (clocked by clk_out1_top_block_clk_wiz_1_0). Large setup violations at the end of those stages might be difficult to fix during the post-placement implementation flow and could be the result of non-optimal XDC constraints or non-optimal design architecture
Related violations: <none>

TIMING-16#812 Warning
Large setup violation  
There is a large setup violation of -3.906 ns between top_block_i/fakernet/reg_switch_0/inst/trg_en_r_reg/C (clocked by clk_out5_top_block_clk_wiz_0_0) and top_block_i/appUnit/das_rx_0/inst/genblk1[0].bus_reg[0][144]/CE (clocked by clk_out1_top_block_clk_wiz_1_0). Large setup violations at the end of those stages might be difficult to fix during the post-placement implementation flow and could be the result of non-optimal XDC constraints or non-optimal design architecture
Related violations: <none>

TIMING-16#813 Warning
Large setup violation  
There is a large setup violation of -3.906 ns between top_block_i/fakernet/reg_switch_0/inst/trg_en_r_reg/C (clocked by clk_out5_top_block_clk_wiz_0_0) and top_block_i/appUnit/das_rx_0/inst/genblk1[0].bus_reg[0][154]/CE (clocked by clk_out1_top_block_clk_wiz_1_0). Large setup violations at the end of those stages might be difficult to fix during the post-placement implementation flow and could be the result of non-optimal XDC constraints or non-optimal design architecture
Related violations: <none>

TIMING-16#814 Warning
Large setup violation  
There is a large setup violation of -3.906 ns between top_block_i/fakernet/reg_switch_0/inst/trg_en_r_reg/C (clocked by clk_out5_top_block_clk_wiz_0_0) and top_block_i/appUnit/das_rx_0/inst/genblk1[0].bus_reg[0][159]/CE (clocked by clk_out1_top_block_clk_wiz_1_0). Large setup violations at the end of those stages might be difficult to fix during the post-placement implementation flow and could be the result of non-optimal XDC constraints or non-optimal design architecture
Related violations: <none>

TIMING-16#815 Warning
Large setup violation  
There is a large setup violation of -3.906 ns between top_block_i/fakernet/reg_switch_0/inst/trg_en_r_reg/C (clocked by clk_out5_top_block_clk_wiz_0_0) and top_block_i/appUnit/das_rx_0/inst/genblk1[0].bus_reg[0][169]/CE (clocked by clk_out1_top_block_clk_wiz_1_0). Large setup violations at the end of those stages might be difficult to fix during the post-placement implementation flow and could be the result of non-optimal XDC constraints or non-optimal design architecture
Related violations: <none>

TIMING-16#816 Warning
Large setup violation  
There is a large setup violation of -3.906 ns between top_block_i/fakernet/reg_switch_0/inst/trg_en_r_reg/C (clocked by clk_out5_top_block_clk_wiz_0_0) and top_block_i/appUnit/das_rx_0/inst/genblk1[0].bus_reg[0][199]/CE (clocked by clk_out1_top_block_clk_wiz_1_0). Large setup violations at the end of those stages might be difficult to fix during the post-placement implementation flow and could be the result of non-optimal XDC constraints or non-optimal design architecture
Related violations: <none>

TIMING-16#817 Warning
Large setup violation  
There is a large setup violation of -3.906 ns between top_block_i/fakernet/reg_switch_0/inst/trg_en_r_reg/C (clocked by clk_out5_top_block_clk_wiz_0_0) and top_block_i/appUnit/das_rx_0/inst/genblk1[0].bus_reg[0][207]/CE (clocked by clk_out1_top_block_clk_wiz_1_0). Large setup violations at the end of those stages might be difficult to fix during the post-placement implementation flow and could be the result of non-optimal XDC constraints or non-optimal design architecture
Related violations: <none>

TIMING-16#818 Warning
Large setup violation  
There is a large setup violation of -3.906 ns between top_block_i/fakernet/reg_switch_0/inst/trg_en_r_reg/C (clocked by clk_out5_top_block_clk_wiz_0_0) and top_block_i/appUnit/das_rx_0/inst/genblk1[0].bus_reg[0][209]/CE (clocked by clk_out1_top_block_clk_wiz_1_0). Large setup violations at the end of those stages might be difficult to fix during the post-placement implementation flow and could be the result of non-optimal XDC constraints or non-optimal design architecture
Related violations: <none>

TIMING-16#819 Warning
Large setup violation  
There is a large setup violation of -3.906 ns between top_block_i/fakernet/reg_switch_0/inst/trg_en_r_reg/C (clocked by clk_out5_top_block_clk_wiz_0_0) and top_block_i/appUnit/das_rx_0/inst/genblk1[0].bus_reg[0][217]/CE (clocked by clk_out1_top_block_clk_wiz_1_0). Large setup violations at the end of those stages might be difficult to fix during the post-placement implementation flow and could be the result of non-optimal XDC constraints or non-optimal design architecture
Related violations: <none>

TIMING-16#820 Warning
Large setup violation  
There is a large setup violation of -3.906 ns between top_block_i/fakernet/reg_switch_0/inst/trg_en_r_reg/C (clocked by clk_out5_top_block_clk_wiz_0_0) and top_block_i/appUnit/das_rx_0/inst/genblk1[0].bus_reg[0][224]/CE (clocked by clk_out1_top_block_clk_wiz_1_0). Large setup violations at the end of those stages might be difficult to fix during the post-placement implementation flow and could be the result of non-optimal XDC constraints or non-optimal design architecture
Related violations: <none>

TIMING-16#821 Warning
Large setup violation  
There is a large setup violation of -3.906 ns between top_block_i/fakernet/reg_switch_0/inst/trg_en_r_reg/C (clocked by clk_out5_top_block_clk_wiz_0_0) and top_block_i/appUnit/das_rx_0/inst/genblk1[0].bus_reg[0][225]/CE (clocked by clk_out1_top_block_clk_wiz_1_0). Large setup violations at the end of those stages might be difficult to fix during the post-placement implementation flow and could be the result of non-optimal XDC constraints or non-optimal design architecture
Related violations: <none>

TIMING-16#822 Warning
Large setup violation  
There is a large setup violation of -3.906 ns between top_block_i/fakernet/reg_switch_0/inst/trg_en_r_reg/C (clocked by clk_out5_top_block_clk_wiz_0_0) and top_block_i/appUnit/das_rx_0/inst/genblk1[0].bus_reg[0][227]/CE (clocked by clk_out1_top_block_clk_wiz_1_0). Large setup violations at the end of those stages might be difficult to fix during the post-placement implementation flow and could be the result of non-optimal XDC constraints or non-optimal design architecture
Related violations: <none>

TIMING-16#823 Warning
Large setup violation  
There is a large setup violation of -3.906 ns between top_block_i/fakernet/reg_switch_0/inst/trg_en_r_reg/C (clocked by clk_out5_top_block_clk_wiz_0_0) and top_block_i/appUnit/das_rx_0/inst/genblk1[0].bus_reg[0][235]/CE (clocked by clk_out1_top_block_clk_wiz_1_0). Large setup violations at the end of those stages might be difficult to fix during the post-placement implementation flow and could be the result of non-optimal XDC constraints or non-optimal design architecture
Related violations: <none>

TIMING-16#824 Warning
Large setup violation  
There is a large setup violation of -3.906 ns between top_block_i/fakernet/reg_switch_0/inst/trg_en_r_reg/C (clocked by clk_out5_top_block_clk_wiz_0_0) and top_block_i/appUnit/das_rx_0/inst/genblk1[0].bus_reg[0][245]/CE (clocked by clk_out1_top_block_clk_wiz_1_0). Large setup violations at the end of those stages might be difficult to fix during the post-placement implementation flow and could be the result of non-optimal XDC constraints or non-optimal design architecture
Related violations: <none>

TIMING-16#825 Warning
Large setup violation  
There is a large setup violation of -3.908 ns between top_block_i/fakernet/reg_switch_0/inst/trg_en_r_reg/C (clocked by clk_out5_top_block_clk_wiz_0_0) and top_block_i/appUnit/das_rx_0/inst/genblk1[0].bus_reg[0][107]/CE (clocked by clk_out1_top_block_clk_wiz_1_0). Large setup violations at the end of those stages might be difficult to fix during the post-placement implementation flow and could be the result of non-optimal XDC constraints or non-optimal design architecture
Related violations: <none>

TIMING-16#826 Warning
Large setup violation  
There is a large setup violation of -3.908 ns between top_block_i/fakernet/reg_switch_0/inst/trg_en_r_reg/C (clocked by clk_out5_top_block_clk_wiz_0_0) and top_block_i/appUnit/das_rx_0/inst/genblk1[0].bus_reg[0][128]/CE (clocked by clk_out1_top_block_clk_wiz_1_0). Large setup violations at the end of those stages might be difficult to fix during the post-placement implementation flow and could be the result of non-optimal XDC constraints or non-optimal design architecture
Related violations: <none>

TIMING-16#827 Warning
Large setup violation  
There is a large setup violation of -3.908 ns between top_block_i/fakernet/reg_switch_0/inst/trg_en_r_reg/C (clocked by clk_out5_top_block_clk_wiz_0_0) and top_block_i/appUnit/das_rx_0/inst/genblk1[0].bus_reg[0][138]/CE (clocked by clk_out1_top_block_clk_wiz_1_0). Large setup violations at the end of those stages might be difficult to fix during the post-placement implementation flow and could be the result of non-optimal XDC constraints or non-optimal design architecture
Related violations: <none>

TIMING-16#828 Warning
Large setup violation  
There is a large setup violation of -3.908 ns between top_block_i/fakernet/reg_switch_0/inst/trg_en_r_reg/C (clocked by clk_out5_top_block_clk_wiz_0_0) and top_block_i/appUnit/das_rx_0/inst/genblk1[0].bus_reg[0][148]/CE (clocked by clk_out1_top_block_clk_wiz_1_0). Large setup violations at the end of those stages might be difficult to fix during the post-placement implementation flow and could be the result of non-optimal XDC constraints or non-optimal design architecture
Related violations: <none>

TIMING-16#829 Warning
Large setup violation  
There is a large setup violation of -3.909 ns between top_block_i/fakernet/reg_switch_0/inst/trg_en_r_reg/C (clocked by clk_out5_top_block_clk_wiz_0_0) and top_block_i/appUnit/das_rx_0/inst/genblk1[0].bus_reg[0][211]/CE (clocked by clk_out1_top_block_clk_wiz_1_0). Large setup violations at the end of those stages might be difficult to fix during the post-placement implementation flow and could be the result of non-optimal XDC constraints or non-optimal design architecture
Related violations: <none>

TIMING-16#830 Warning
Large setup violation  
There is a large setup violation of -3.909 ns between top_block_i/fakernet/reg_switch_0/inst/trg_en_r_reg/C (clocked by clk_out5_top_block_clk_wiz_0_0) and top_block_i/appUnit/das_rx_0/inst/genblk1[0].bus_reg[0][218]/CE (clocked by clk_out1_top_block_clk_wiz_1_0). Large setup violations at the end of those stages might be difficult to fix during the post-placement implementation flow and could be the result of non-optimal XDC constraints or non-optimal design architecture
Related violations: <none>

TIMING-16#831 Warning
Large setup violation  
There is a large setup violation of -3.909 ns between top_block_i/fakernet/reg_switch_0/inst/trg_en_r_reg/C (clocked by clk_out5_top_block_clk_wiz_0_0) and top_block_i/appUnit/das_rx_0/inst/genblk1[0].bus_reg[0][229]/CE (clocked by clk_out1_top_block_clk_wiz_1_0). Large setup violations at the end of those stages might be difficult to fix during the post-placement implementation flow and could be the result of non-optimal XDC constraints or non-optimal design architecture
Related violations: <none>

TIMING-16#832 Warning
Large setup violation  
There is a large setup violation of -3.909 ns between top_block_i/fakernet/reg_switch_0/inst/trg_en_r_reg/C (clocked by clk_out5_top_block_clk_wiz_0_0) and top_block_i/appUnit/das_rx_0/inst/genblk1[0].bus_reg[0][239]/CE (clocked by clk_out1_top_block_clk_wiz_1_0). Large setup violations at the end of those stages might be difficult to fix during the post-placement implementation flow and could be the result of non-optimal XDC constraints or non-optimal design architecture
Related violations: <none>

TIMING-16#833 Warning
Large setup violation  
There is a large setup violation of -3.909 ns between top_block_i/fakernet/reg_switch_0/inst/trg_en_r_reg/C (clocked by clk_out5_top_block_clk_wiz_0_0) and top_block_i/appUnit/das_rx_0/inst/genblk1[0].bus_reg[0][58]/CE (clocked by clk_out1_top_block_clk_wiz_1_0). Large setup violations at the end of those stages might be difficult to fix during the post-placement implementation flow and could be the result of non-optimal XDC constraints or non-optimal design architecture
Related violations: <none>

TIMING-16#834 Warning
Large setup violation  
There is a large setup violation of -3.909 ns between top_block_i/fakernet/reg_switch_0/inst/trg_en_r_reg/C (clocked by clk_out5_top_block_clk_wiz_0_0) and top_block_i/appUnit/das_rx_0/inst/genblk1[0].bus_reg[0][68]/CE (clocked by clk_out1_top_block_clk_wiz_1_0). Large setup violations at the end of those stages might be difficult to fix during the post-placement implementation flow and could be the result of non-optimal XDC constraints or non-optimal design architecture
Related violations: <none>

TIMING-16#835 Warning
Large setup violation  
There is a large setup violation of -3.910 ns between top_block_i/fakernet/reg_switch_0/inst/trg_en_r_reg/C (clocked by clk_out5_top_block_clk_wiz_0_0) and top_block_i/appUnit/das_rx_0/inst/genblk1[0].bus_reg[0][18]/CE (clocked by clk_out1_top_block_clk_wiz_1_0). Large setup violations at the end of those stages might be difficult to fix during the post-placement implementation flow and could be the result of non-optimal XDC constraints or non-optimal design architecture
Related violations: <none>

TIMING-16#836 Warning
Large setup violation  
There is a large setup violation of -3.910 ns between top_block_i/fakernet/reg_switch_0/inst/trg_en_r_reg/C (clocked by clk_out5_top_block_clk_wiz_0_0) and top_block_i/appUnit/das_rx_0/inst/genblk1[0].bus_reg[0][28]/CE (clocked by clk_out1_top_block_clk_wiz_1_0). Large setup violations at the end of those stages might be difficult to fix during the post-placement implementation flow and could be the result of non-optimal XDC constraints or non-optimal design architecture
Related violations: <none>

TIMING-16#837 Warning
Large setup violation  
There is a large setup violation of -3.910 ns between top_block_i/fakernet/reg_switch_0/inst/trg_en_r_reg/C (clocked by clk_out5_top_block_clk_wiz_0_0) and top_block_i/appUnit/das_rx_0/inst/genblk1[0].bus_reg[0][31]/CE (clocked by clk_out1_top_block_clk_wiz_1_0). Large setup violations at the end of those stages might be difficult to fix during the post-placement implementation flow and could be the result of non-optimal XDC constraints or non-optimal design architecture
Related violations: <none>

TIMING-16#838 Warning
Large setup violation  
There is a large setup violation of -3.910 ns between top_block_i/fakernet/reg_switch_0/inst/trg_en_r_reg/C (clocked by clk_out5_top_block_clk_wiz_0_0) and top_block_i/appUnit/das_rx_0/inst/genblk1[0].bus_reg[0][8]/CE (clocked by clk_out1_top_block_clk_wiz_1_0). Large setup violations at the end of those stages might be difficult to fix during the post-placement implementation flow and could be the result of non-optimal XDC constraints or non-optimal design architecture
Related violations: <none>

TIMING-16#839 Warning
Large setup violation  
There is a large setup violation of -3.911 ns between top_block_i/fakernet/reg_switch_0/inst/trg_en_r_reg/C (clocked by clk_out5_top_block_clk_wiz_0_0) and top_block_i/appUnit/das_rx_0/inst/genblk1[0].bus_reg[0][117]/CE (clocked by clk_out1_top_block_clk_wiz_1_0). Large setup violations at the end of those stages might be difficult to fix during the post-placement implementation flow and could be the result of non-optimal XDC constraints or non-optimal design architecture
Related violations: <none>

TIMING-16#840 Warning
Large setup violation  
There is a large setup violation of -3.911 ns between top_block_i/fakernet/reg_switch_0/inst/trg_en_r_reg/C (clocked by clk_out5_top_block_clk_wiz_0_0) and top_block_i/appUnit/das_rx_0/inst/genblk1[0].bus_reg[0][127]/CE (clocked by clk_out1_top_block_clk_wiz_1_0). Large setup violations at the end of those stages might be difficult to fix during the post-placement implementation flow and could be the result of non-optimal XDC constraints or non-optimal design architecture
Related violations: <none>

TIMING-16#841 Warning
Large setup violation  
There is a large setup violation of -3.911 ns between top_block_i/fakernet/reg_switch_0/inst/trg_en_r_reg/C (clocked by clk_out5_top_block_clk_wiz_0_0) and top_block_i/appUnit/das_rx_0/inst/genblk1[0].bus_reg[0][137]/CE (clocked by clk_out1_top_block_clk_wiz_1_0). Large setup violations at the end of those stages might be difficult to fix during the post-placement implementation flow and could be the result of non-optimal XDC constraints or non-optimal design architecture
Related violations: <none>

TIMING-16#842 Warning
Large setup violation  
There is a large setup violation of -3.911 ns between top_block_i/fakernet/reg_switch_0/inst/trg_en_r_reg/C (clocked by clk_out5_top_block_clk_wiz_0_0) and top_block_i/appUnit/das_rx_0/inst/genblk1[0].bus_reg[0][147]/CE (clocked by clk_out1_top_block_clk_wiz_1_0). Large setup violations at the end of those stages might be difficult to fix during the post-placement implementation flow and could be the result of non-optimal XDC constraints or non-optimal design architecture
Related violations: <none>

TIMING-16#843 Warning
Large setup violation  
There is a large setup violation of -3.918 ns between top_block_i/fakernet/reg_switch_0/inst/trg_en_r_reg/C (clocked by clk_out5_top_block_clk_wiz_0_0) and top_block_i/appUnit/das_rx_0/inst/genblk1[0].bus_reg[0][287]/CE (clocked by clk_out1_top_block_clk_wiz_1_0). Large setup violations at the end of those stages might be difficult to fix during the post-placement implementation flow and could be the result of non-optimal XDC constraints or non-optimal design architecture
Related violations: <none>

TIMING-16#844 Warning
Large setup violation  
There is a large setup violation of -3.918 ns between top_block_i/fakernet/reg_switch_0/inst/trg_en_r_reg/C (clocked by clk_out5_top_block_clk_wiz_0_0) and top_block_i/appUnit/das_rx_0/inst/genblk1[0].bus_reg[0][297]/CE (clocked by clk_out1_top_block_clk_wiz_1_0). Large setup violations at the end of those stages might be difficult to fix during the post-placement implementation flow and could be the result of non-optimal XDC constraints or non-optimal design architecture
Related violations: <none>

TIMING-16#845 Warning
Large setup violation  
There is a large setup violation of -3.918 ns between top_block_i/fakernet/reg_switch_0/inst/trg_en_r_reg/C (clocked by clk_out5_top_block_clk_wiz_0_0) and top_block_i/appUnit/das_rx_0/inst/genblk1[0].bus_reg[0][307]/CE (clocked by clk_out1_top_block_clk_wiz_1_0). Large setup violations at the end of those stages might be difficult to fix during the post-placement implementation flow and could be the result of non-optimal XDC constraints or non-optimal design architecture
Related violations: <none>

TIMING-16#846 Warning
Large setup violation  
There is a large setup violation of -3.918 ns between top_block_i/fakernet/reg_switch_0/inst/trg_en_r_reg/C (clocked by clk_out5_top_block_clk_wiz_0_0) and top_block_i/appUnit/das_rx_0/inst/genblk1[0].bus_reg[0][317]/CE (clocked by clk_out1_top_block_clk_wiz_1_0). Large setup violations at the end of those stages might be difficult to fix during the post-placement implementation flow and could be the result of non-optimal XDC constraints or non-optimal design architecture
Related violations: <none>

TIMING-16#847 Warning
Large setup violation  
There is a large setup violation of -3.924 ns between top_block_i/fakernet/reg_switch_0/inst/trg_en_r_reg/C (clocked by clk_out5_top_block_clk_wiz_0_0) and top_block_i/appUnit/das_rx_0/inst/genblk1[1].bus_r_reg[1][216]/CE (clocked by clk_out1_top_block_clk_wiz_1_0). Large setup violations at the end of those stages might be difficult to fix during the post-placement implementation flow and could be the result of non-optimal XDC constraints or non-optimal design architecture
Related violations: <none>

TIMING-16#848 Warning
Large setup violation  
There is a large setup violation of -3.924 ns between top_block_i/fakernet/reg_switch_0/inst/trg_en_r_reg/C (clocked by clk_out5_top_block_clk_wiz_0_0) and top_block_i/appUnit/das_rx_0/inst/genblk1[1].bus_r_reg[1][226]/CE (clocked by clk_out1_top_block_clk_wiz_1_0). Large setup violations at the end of those stages might be difficult to fix during the post-placement implementation flow and could be the result of non-optimal XDC constraints or non-optimal design architecture
Related violations: <none>

TIMING-16#849 Warning
Large setup violation  
There is a large setup violation of -3.926 ns between top_block_i/fakernet/reg_switch_0/inst/trg_en_r_reg/C (clocked by clk_out5_top_block_clk_wiz_0_0) and top_block_i/appUnit/das_rx_0/inst/genblk1[0].bus_reg[0][291]/CE (clocked by clk_out1_top_block_clk_wiz_1_0). Large setup violations at the end of those stages might be difficult to fix during the post-placement implementation flow and could be the result of non-optimal XDC constraints or non-optimal design architecture
Related violations: <none>

TIMING-16#850 Warning
Large setup violation  
There is a large setup violation of -3.926 ns between top_block_i/fakernet/reg_switch_0/inst/trg_en_r_reg/C (clocked by clk_out5_top_block_clk_wiz_0_0) and top_block_i/appUnit/das_rx_0/inst/genblk1[0].bus_reg[0][301]/CE (clocked by clk_out1_top_block_clk_wiz_1_0). Large setup violations at the end of those stages might be difficult to fix during the post-placement implementation flow and could be the result of non-optimal XDC constraints or non-optimal design architecture
Related violations: <none>

TIMING-16#851 Warning
Large setup violation  
There is a large setup violation of -3.926 ns between top_block_i/fakernet/reg_switch_0/inst/trg_en_r_reg/C (clocked by clk_out5_top_block_clk_wiz_0_0) and top_block_i/appUnit/das_rx_0/inst/genblk1[0].bus_reg[0][311]/CE (clocked by clk_out1_top_block_clk_wiz_1_0). Large setup violations at the end of those stages might be difficult to fix during the post-placement implementation flow and could be the result of non-optimal XDC constraints or non-optimal design architecture
Related violations: <none>

TIMING-16#852 Warning
Large setup violation  
There is a large setup violation of -3.929 ns between top_block_i/fakernet/reg_switch_0/inst/trg_en_r_reg/C (clocked by clk_out5_top_block_clk_wiz_0_0) and top_block_i/appUnit/das_rx_0/inst/genblk1[0].bus_reg[0][248]/CE (clocked by clk_out1_top_block_clk_wiz_1_0). Large setup violations at the end of those stages might be difficult to fix during the post-placement implementation flow and could be the result of non-optimal XDC constraints or non-optimal design architecture
Related violations: <none>

TIMING-16#853 Warning
Large setup violation  
There is a large setup violation of -3.929 ns between top_block_i/fakernet/reg_switch_0/inst/trg_en_r_reg/C (clocked by clk_out5_top_block_clk_wiz_0_0) and top_block_i/appUnit/das_rx_0/inst/genblk1[0].bus_reg[0][261]/CE (clocked by clk_out1_top_block_clk_wiz_1_0). Large setup violations at the end of those stages might be difficult to fix during the post-placement implementation flow and could be the result of non-optimal XDC constraints or non-optimal design architecture
Related violations: <none>

TIMING-16#854 Warning
Large setup violation  
There is a large setup violation of -3.929 ns between top_block_i/fakernet/reg_switch_0/inst/trg_en_r_reg/C (clocked by clk_out5_top_block_clk_wiz_0_0) and top_block_i/appUnit/das_rx_0/inst/genblk1[0].bus_reg[0][271]/CE (clocked by clk_out1_top_block_clk_wiz_1_0). Large setup violations at the end of those stages might be difficult to fix during the post-placement implementation flow and could be the result of non-optimal XDC constraints or non-optimal design architecture
Related violations: <none>

TIMING-16#855 Warning
Large setup violation  
There is a large setup violation of -3.929 ns between top_block_i/fakernet/reg_switch_0/inst/trg_en_r_reg/C (clocked by clk_out5_top_block_clk_wiz_0_0) and top_block_i/appUnit/das_rx_0/inst/genblk1[0].bus_reg[0][281]/CE (clocked by clk_out1_top_block_clk_wiz_1_0). Large setup violations at the end of those stages might be difficult to fix during the post-placement implementation flow and could be the result of non-optimal XDC constraints or non-optimal design architecture
Related violations: <none>

TIMING-16#856 Warning
Large setup violation  
There is a large setup violation of -3.932 ns between top_block_i/fakernet/reg_switch_0/inst/trg_en_r_reg/C (clocked by clk_out5_top_block_clk_wiz_0_0) and top_block_i/appUnit/das_rx_0/inst/genblk1[0].bus_reg[0][259]/CE (clocked by clk_out1_top_block_clk_wiz_1_0). Large setup violations at the end of those stages might be difficult to fix during the post-placement implementation flow and could be the result of non-optimal XDC constraints or non-optimal design architecture
Related violations: <none>

TIMING-16#857 Warning
Large setup violation  
There is a large setup violation of -3.932 ns between top_block_i/fakernet/reg_switch_0/inst/trg_en_r_reg/C (clocked by clk_out5_top_block_clk_wiz_0_0) and top_block_i/appUnit/das_rx_0/inst/genblk1[0].bus_reg[0][269]/CE (clocked by clk_out1_top_block_clk_wiz_1_0). Large setup violations at the end of those stages might be difficult to fix during the post-placement implementation flow and could be the result of non-optimal XDC constraints or non-optimal design architecture
Related violations: <none>

TIMING-16#858 Warning
Large setup violation  
There is a large setup violation of -3.932 ns between top_block_i/fakernet/reg_switch_0/inst/trg_en_r_reg/C (clocked by clk_out5_top_block_clk_wiz_0_0) and top_block_i/appUnit/das_rx_0/inst/genblk1[0].bus_reg[0][279]/CE (clocked by clk_out1_top_block_clk_wiz_1_0). Large setup violations at the end of those stages might be difficult to fix during the post-placement implementation flow and could be the result of non-optimal XDC constraints or non-optimal design architecture
Related violations: <none>

TIMING-16#859 Warning
Large setup violation  
There is a large setup violation of -3.932 ns between top_block_i/fakernet/reg_switch_0/inst/trg_en_r_reg/C (clocked by clk_out5_top_block_clk_wiz_0_0) and top_block_i/appUnit/das_rx_0/inst/genblk1[0].bus_reg[0][289]/CE (clocked by clk_out1_top_block_clk_wiz_1_0). Large setup violations at the end of those stages might be difficult to fix during the post-placement implementation flow and could be the result of non-optimal XDC constraints or non-optimal design architecture
Related violations: <none>

TIMING-16#860 Warning
Large setup violation  
There is a large setup violation of -3.933 ns between top_block_i/fakernet/reg_switch_0/inst/trg_en_r_reg/C (clocked by clk_out5_top_block_clk_wiz_0_0) and top_block_i/appUnit/das_rx_0/inst/genblk1[0].bus_reg[0][282]/CE (clocked by clk_out1_top_block_clk_wiz_1_0). Large setup violations at the end of those stages might be difficult to fix during the post-placement implementation flow and could be the result of non-optimal XDC constraints or non-optimal design architecture
Related violations: <none>

TIMING-16#861 Warning
Large setup violation  
There is a large setup violation of -3.933 ns between top_block_i/fakernet/reg_switch_0/inst/trg_en_r_reg/C (clocked by clk_out5_top_block_clk_wiz_0_0) and top_block_i/appUnit/das_rx_0/inst/genblk1[0].bus_reg[0][292]/CE (clocked by clk_out1_top_block_clk_wiz_1_0). Large setup violations at the end of those stages might be difficult to fix during the post-placement implementation flow and could be the result of non-optimal XDC constraints or non-optimal design architecture
Related violations: <none>

TIMING-16#862 Warning
Large setup violation  
There is a large setup violation of -3.933 ns between top_block_i/fakernet/reg_switch_0/inst/trg_en_r_reg/C (clocked by clk_out5_top_block_clk_wiz_0_0) and top_block_i/appUnit/das_rx_0/inst/genblk1[0].bus_reg[0][302]/CE (clocked by clk_out1_top_block_clk_wiz_1_0). Large setup violations at the end of those stages might be difficult to fix during the post-placement implementation flow and could be the result of non-optimal XDC constraints or non-optimal design architecture
Related violations: <none>

TIMING-16#863 Warning
Large setup violation  
There is a large setup violation of -3.933 ns between top_block_i/fakernet/reg_switch_0/inst/trg_en_r_reg/C (clocked by clk_out5_top_block_clk_wiz_0_0) and top_block_i/appUnit/das_rx_0/inst/genblk1[0].bus_reg[0][312]/CE (clocked by clk_out1_top_block_clk_wiz_1_0). Large setup violations at the end of those stages might be difficult to fix during the post-placement implementation flow and could be the result of non-optimal XDC constraints or non-optimal design architecture
Related violations: <none>

TIMING-16#864 Warning
Large setup violation  
There is a large setup violation of -3.934 ns between top_block_i/fakernet/reg_switch_0/inst/trg_en_r_reg/C (clocked by clk_out5_top_block_clk_wiz_0_0) and top_block_i/appUnit/das_rx_0/inst/genblk1[0].bus_reg[0][285]/CE (clocked by clk_out1_top_block_clk_wiz_1_0). Large setup violations at the end of those stages might be difficult to fix during the post-placement implementation flow and could be the result of non-optimal XDC constraints or non-optimal design architecture
Related violations: <none>

TIMING-16#865 Warning
Large setup violation  
There is a large setup violation of -3.934 ns between top_block_i/fakernet/reg_switch_0/inst/trg_en_r_reg/C (clocked by clk_out5_top_block_clk_wiz_0_0) and top_block_i/appUnit/das_rx_0/inst/genblk1[0].bus_reg[0][295]/CE (clocked by clk_out1_top_block_clk_wiz_1_0). Large setup violations at the end of those stages might be difficult to fix during the post-placement implementation flow and could be the result of non-optimal XDC constraints or non-optimal design architecture
Related violations: <none>

TIMING-16#866 Warning
Large setup violation  
There is a large setup violation of -3.934 ns between top_block_i/fakernet/reg_switch_0/inst/trg_en_r_reg/C (clocked by clk_out5_top_block_clk_wiz_0_0) and top_block_i/appUnit/das_rx_0/inst/genblk1[0].bus_reg[0][305]/CE (clocked by clk_out1_top_block_clk_wiz_1_0). Large setup violations at the end of those stages might be difficult to fix during the post-placement implementation flow and could be the result of non-optimal XDC constraints or non-optimal design architecture
Related violations: <none>

TIMING-16#867 Warning
Large setup violation  
There is a large setup violation of -3.935 ns between top_block_i/fakernet/reg_switch_0/inst/trg_en_r_reg/C (clocked by clk_out5_top_block_clk_wiz_0_0) and top_block_i/appUnit/das_rx_0/inst/genblk1[0].bus_reg[0][257]/CE (clocked by clk_out1_top_block_clk_wiz_1_0). Large setup violations at the end of those stages might be difficult to fix during the post-placement implementation flow and could be the result of non-optimal XDC constraints or non-optimal design architecture
Related violations: <none>

TIMING-16#868 Warning
Large setup violation  
There is a large setup violation of -3.935 ns between top_block_i/fakernet/reg_switch_0/inst/trg_en_r_reg/C (clocked by clk_out5_top_block_clk_wiz_0_0) and top_block_i/appUnit/das_rx_0/inst/genblk1[0].bus_reg[0][267]/CE (clocked by clk_out1_top_block_clk_wiz_1_0). Large setup violations at the end of those stages might be difficult to fix during the post-placement implementation flow and could be the result of non-optimal XDC constraints or non-optimal design architecture
Related violations: <none>

TIMING-16#869 Warning
Large setup violation  
There is a large setup violation of -3.935 ns between top_block_i/fakernet/reg_switch_0/inst/trg_en_r_reg/C (clocked by clk_out5_top_block_clk_wiz_0_0) and top_block_i/appUnit/das_rx_0/inst/genblk1[0].bus_reg[0][277]/CE (clocked by clk_out1_top_block_clk_wiz_1_0). Large setup violations at the end of those stages might be difficult to fix during the post-placement implementation flow and could be the result of non-optimal XDC constraints or non-optimal design architecture
Related violations: <none>

TIMING-16#870 Warning
Large setup violation  
There is a large setup violation of -3.937 ns between top_block_i/fakernet/reg_switch_0/inst/trg_en_r_reg/C (clocked by clk_out5_top_block_clk_wiz_0_0) and top_block_i/appUnit/das_rx_0/inst/genblk1[0].bus_reg[0][103]/CE (clocked by clk_out1_top_block_clk_wiz_1_0). Large setup violations at the end of those stages might be difficult to fix during the post-placement implementation flow and could be the result of non-optimal XDC constraints or non-optimal design architecture
Related violations: <none>

TIMING-16#871 Warning
Large setup violation  
There is a large setup violation of -3.937 ns between top_block_i/fakernet/reg_switch_0/inst/trg_en_r_reg/C (clocked by clk_out5_top_block_clk_wiz_0_0) and top_block_i/appUnit/das_rx_0/inst/genblk1[0].bus_reg[0][252]/CE (clocked by clk_out1_top_block_clk_wiz_1_0). Large setup violations at the end of those stages might be difficult to fix during the post-placement implementation flow and could be the result of non-optimal XDC constraints or non-optimal design architecture
Related violations: <none>

TIMING-16#872 Warning
Large setup violation  
There is a large setup violation of -3.937 ns between top_block_i/fakernet/reg_switch_0/inst/trg_en_r_reg/C (clocked by clk_out5_top_block_clk_wiz_0_0) and top_block_i/appUnit/das_rx_0/inst/genblk1[0].bus_reg[0][262]/CE (clocked by clk_out1_top_block_clk_wiz_1_0). Large setup violations at the end of those stages might be difficult to fix during the post-placement implementation flow and could be the result of non-optimal XDC constraints or non-optimal design architecture
Related violations: <none>

TIMING-16#873 Warning
Large setup violation  
There is a large setup violation of -3.937 ns between top_block_i/fakernet/reg_switch_0/inst/trg_en_r_reg/C (clocked by clk_out5_top_block_clk_wiz_0_0) and top_block_i/appUnit/das_rx_0/inst/genblk1[0].bus_reg[0][272]/CE (clocked by clk_out1_top_block_clk_wiz_1_0). Large setup violations at the end of those stages might be difficult to fix during the post-placement implementation flow and could be the result of non-optimal XDC constraints or non-optimal design architecture
Related violations: <none>

TIMING-16#874 Warning
Large setup violation  
There is a large setup violation of -3.937 ns between top_block_i/fakernet/reg_switch_0/inst/trg_en_r_reg/C (clocked by clk_out5_top_block_clk_wiz_0_0) and top_block_i/appUnit/das_rx_0/inst/genblk1[0].bus_reg[0][73]/CE (clocked by clk_out1_top_block_clk_wiz_1_0). Large setup violations at the end of those stages might be difficult to fix during the post-placement implementation flow and could be the result of non-optimal XDC constraints or non-optimal design architecture
Related violations: <none>

TIMING-16#875 Warning
Large setup violation  
There is a large setup violation of -3.937 ns between top_block_i/fakernet/reg_switch_0/inst/trg_en_r_reg/C (clocked by clk_out5_top_block_clk_wiz_0_0) and top_block_i/appUnit/das_rx_0/inst/genblk1[0].bus_reg[0][83]/CE (clocked by clk_out1_top_block_clk_wiz_1_0). Large setup violations at the end of those stages might be difficult to fix during the post-placement implementation flow and could be the result of non-optimal XDC constraints or non-optimal design architecture
Related violations: <none>

TIMING-16#876 Warning
Large setup violation  
There is a large setup violation of -3.937 ns between top_block_i/fakernet/reg_switch_0/inst/trg_en_r_reg/C (clocked by clk_out5_top_block_clk_wiz_0_0) and top_block_i/appUnit/das_rx_0/inst/genblk1[0].bus_reg[0][93]/CE (clocked by clk_out1_top_block_clk_wiz_1_0). Large setup violations at the end of those stages might be difficult to fix during the post-placement implementation flow and could be the result of non-optimal XDC constraints or non-optimal design architecture
Related violations: <none>

TIMING-16#877 Warning
Large setup violation  
There is a large setup violation of -3.938 ns between top_block_i/fakernet/reg_switch_0/inst/trg_en_r_reg/C (clocked by clk_out5_top_block_clk_wiz_0_0) and top_block_i/appUnit/das_rx_0/inst/genblk1[0].bus_reg[0][255]/CE (clocked by clk_out1_top_block_clk_wiz_1_0). Large setup violations at the end of those stages might be difficult to fix during the post-placement implementation flow and could be the result of non-optimal XDC constraints or non-optimal design architecture
Related violations: <none>

TIMING-16#878 Warning
Large setup violation  
There is a large setup violation of -3.938 ns between top_block_i/fakernet/reg_switch_0/inst/trg_en_r_reg/C (clocked by clk_out5_top_block_clk_wiz_0_0) and top_block_i/appUnit/das_rx_0/inst/genblk1[0].bus_reg[0][265]/CE (clocked by clk_out1_top_block_clk_wiz_1_0). Large setup violations at the end of those stages might be difficult to fix during the post-placement implementation flow and could be the result of non-optimal XDC constraints or non-optimal design architecture
Related violations: <none>

TIMING-16#879 Warning
Large setup violation  
There is a large setup violation of -3.938 ns between top_block_i/fakernet/reg_switch_0/inst/trg_en_r_reg/C (clocked by clk_out5_top_block_clk_wiz_0_0) and top_block_i/appUnit/das_rx_0/inst/genblk1[0].bus_reg[0][275]/CE (clocked by clk_out1_top_block_clk_wiz_1_0). Large setup violations at the end of those stages might be difficult to fix during the post-placement implementation flow and could be the result of non-optimal XDC constraints or non-optimal design architecture
Related violations: <none>

TIMING-16#880 Warning
Large setup violation  
There is a large setup violation of -3.938 ns between top_block_i/fakernet/reg_switch_0/inst/trg_en_r_reg/C (clocked by clk_out5_top_block_clk_wiz_0_0) and top_block_i/appUnit/das_rx_0/inst/genblk1[0].bus_reg[0][315]/CE (clocked by clk_out1_top_block_clk_wiz_1_0). Large setup violations at the end of those stages might be difficult to fix during the post-placement implementation flow and could be the result of non-optimal XDC constraints or non-optimal design architecture
Related violations: <none>

TIMING-16#881 Warning
Large setup violation  
There is a large setup violation of -3.940 ns between top_block_i/fakernet/reg_switch_0/inst/trg_en_r_reg/C (clocked by clk_out5_top_block_clk_wiz_0_0) and top_block_i/appUnit/das_rx_0/inst/genblk1[0].bus_reg[0][112]/CE (clocked by clk_out1_top_block_clk_wiz_1_0). Large setup violations at the end of those stages might be difficult to fix during the post-placement implementation flow and could be the result of non-optimal XDC constraints or non-optimal design architecture
Related violations: <none>

TIMING-16#882 Warning
Large setup violation  
There is a large setup violation of -3.940 ns between top_block_i/fakernet/reg_switch_0/inst/trg_en_r_reg/C (clocked by clk_out5_top_block_clk_wiz_0_0) and top_block_i/appUnit/das_rx_0/inst/genblk1[0].bus_reg[0][115]/CE (clocked by clk_out1_top_block_clk_wiz_1_0). Large setup violations at the end of those stages might be difficult to fix during the post-placement implementation flow and could be the result of non-optimal XDC constraints or non-optimal design architecture
Related violations: <none>

TIMING-16#883 Warning
Large setup violation  
There is a large setup violation of -3.940 ns between top_block_i/fakernet/reg_switch_0/inst/trg_en_r_reg/C (clocked by clk_out5_top_block_clk_wiz_0_0) and top_block_i/appUnit/das_rx_0/inst/genblk1[0].bus_reg[0][122]/CE (clocked by clk_out1_top_block_clk_wiz_1_0). Large setup violations at the end of those stages might be difficult to fix during the post-placement implementation flow and could be the result of non-optimal XDC constraints or non-optimal design architecture
Related violations: <none>

TIMING-16#884 Warning
Large setup violation  
There is a large setup violation of -3.940 ns between top_block_i/fakernet/reg_switch_0/inst/trg_en_r_reg/C (clocked by clk_out5_top_block_clk_wiz_0_0) and top_block_i/appUnit/das_rx_0/inst/genblk1[0].bus_reg[0][132]/CE (clocked by clk_out1_top_block_clk_wiz_1_0). Large setup violations at the end of those stages might be difficult to fix during the post-placement implementation flow and could be the result of non-optimal XDC constraints or non-optimal design architecture
Related violations: <none>

TIMING-16#885 Warning
Large setup violation  
There is a large setup violation of -3.943 ns between top_block_i/fakernet/reg_switch_0/inst/trg_en_r_reg/C (clocked by clk_out5_top_block_clk_wiz_0_0) and top_block_i/appUnit/das_rx_0/inst/genblk1[0].bus_reg[0][253]/CE (clocked by clk_out1_top_block_clk_wiz_1_0). Large setup violations at the end of those stages might be difficult to fix during the post-placement implementation flow and could be the result of non-optimal XDC constraints or non-optimal design architecture
Related violations: <none>

TIMING-16#886 Warning
Large setup violation  
There is a large setup violation of -3.943 ns between top_block_i/fakernet/reg_switch_0/inst/trg_en_r_reg/C (clocked by clk_out5_top_block_clk_wiz_0_0) and top_block_i/appUnit/das_rx_0/inst/genblk1[0].bus_reg[0][263]/CE (clocked by clk_out1_top_block_clk_wiz_1_0). Large setup violations at the end of those stages might be difficult to fix during the post-placement implementation flow and could be the result of non-optimal XDC constraints or non-optimal design architecture
Related violations: <none>

TIMING-16#887 Warning
Large setup violation  
There is a large setup violation of -3.944 ns between top_block_i/fakernet/reg_switch_0/inst/trg_en_r_reg/C (clocked by clk_out5_top_block_clk_wiz_0_0) and top_block_i/appUnit/das_rx_0/inst/genblk1[0].bus_reg[0][130]/CE (clocked by clk_out1_top_block_clk_wiz_1_0). Large setup violations at the end of those stages might be difficult to fix during the post-placement implementation flow and could be the result of non-optimal XDC constraints or non-optimal design architecture
Related violations: <none>

TIMING-16#888 Warning
Large setup violation  
There is a large setup violation of -3.944 ns between top_block_i/fakernet/reg_switch_0/inst/trg_en_r_reg/C (clocked by clk_out5_top_block_clk_wiz_0_0) and top_block_i/appUnit/das_rx_0/inst/genblk1[0].bus_reg[0][140]/CE (clocked by clk_out1_top_block_clk_wiz_1_0). Large setup violations at the end of those stages might be difficult to fix during the post-placement implementation flow and could be the result of non-optimal XDC constraints or non-optimal design architecture
Related violations: <none>

TIMING-16#889 Warning
Large setup violation  
There is a large setup violation of -3.944 ns between top_block_i/fakernet/reg_switch_0/inst/trg_en_r_reg/C (clocked by clk_out5_top_block_clk_wiz_0_0) and top_block_i/appUnit/das_rx_0/inst/genblk1[0].bus_reg[0][150]/CE (clocked by clk_out1_top_block_clk_wiz_1_0). Large setup violations at the end of those stages might be difficult to fix during the post-placement implementation flow and could be the result of non-optimal XDC constraints or non-optimal design architecture
Related violations: <none>

TIMING-16#890 Warning
Large setup violation  
There is a large setup violation of -3.945 ns between top_block_i/fakernet/reg_switch_0/inst/trg_en_r_reg/C (clocked by clk_out5_top_block_clk_wiz_0_0) and top_block_i/appUnit/das_rx_0/inst/genblk1[0].bus_reg[0][14]/CE (clocked by clk_out1_top_block_clk_wiz_1_0). Large setup violations at the end of those stages might be difficult to fix during the post-placement implementation flow and could be the result of non-optimal XDC constraints or non-optimal design architecture
Related violations: <none>

TIMING-16#891 Warning
Large setup violation  
There is a large setup violation of -3.945 ns between top_block_i/fakernet/reg_switch_0/inst/trg_en_r_reg/C (clocked by clk_out5_top_block_clk_wiz_0_0) and top_block_i/appUnit/das_rx_0/inst/genblk1[0].bus_reg[0][24]/CE (clocked by clk_out1_top_block_clk_wiz_1_0). Large setup violations at the end of those stages might be difficult to fix during the post-placement implementation flow and could be the result of non-optimal XDC constraints or non-optimal design architecture
Related violations: <none>

TIMING-16#892 Warning
Large setup violation  
There is a large setup violation of -3.945 ns between top_block_i/fakernet/reg_switch_0/inst/trg_en_r_reg/C (clocked by clk_out5_top_block_clk_wiz_0_0) and top_block_i/appUnit/das_rx_0/inst/genblk1[0].bus_reg[0][32]/CE (clocked by clk_out1_top_block_clk_wiz_1_0). Large setup violations at the end of those stages might be difficult to fix during the post-placement implementation flow and could be the result of non-optimal XDC constraints or non-optimal design architecture
Related violations: <none>

TIMING-16#893 Warning
Large setup violation  
There is a large setup violation of -3.945 ns between top_block_i/fakernet/reg_switch_0/inst/trg_en_r_reg/C (clocked by clk_out5_top_block_clk_wiz_0_0) and top_block_i/appUnit/das_rx_0/inst/genblk1[0].bus_reg[0][4]/CE (clocked by clk_out1_top_block_clk_wiz_1_0). Large setup violations at the end of those stages might be difficult to fix during the post-placement implementation flow and could be the result of non-optimal XDC constraints or non-optimal design architecture
Related violations: <none>

TIMING-16#894 Warning
Large setup violation  
There is a large setup violation of -3.952 ns between top_block_i/fakernet/reg_switch_0/inst/trg_en_r_reg/C (clocked by clk_out5_top_block_clk_wiz_0_0) and top_block_i/appUnit/das_rx_0/inst/genblk1[0].bus_reg[0][109]/CE (clocked by clk_out1_top_block_clk_wiz_1_0). Large setup violations at the end of those stages might be difficult to fix during the post-placement implementation flow and could be the result of non-optimal XDC constraints or non-optimal design architecture
Related violations: <none>

TIMING-16#895 Warning
Large setup violation  
There is a large setup violation of -3.952 ns between top_block_i/fakernet/reg_switch_0/inst/trg_en_r_reg/C (clocked by clk_out5_top_block_clk_wiz_0_0) and top_block_i/appUnit/das_rx_0/inst/genblk1[0].bus_reg[0][139]/CE (clocked by clk_out1_top_block_clk_wiz_1_0). Large setup violations at the end of those stages might be difficult to fix during the post-placement implementation flow and could be the result of non-optimal XDC constraints or non-optimal design architecture
Related violations: <none>

TIMING-16#896 Warning
Large setup violation  
There is a large setup violation of -3.952 ns between top_block_i/fakernet/reg_switch_0/inst/trg_en_r_reg/C (clocked by clk_out5_top_block_clk_wiz_0_0) and top_block_i/appUnit/das_rx_0/inst/genblk1[0].bus_reg[0][149]/CE (clocked by clk_out1_top_block_clk_wiz_1_0). Large setup violations at the end of those stages might be difficult to fix during the post-placement implementation flow and could be the result of non-optimal XDC constraints or non-optimal design architecture
Related violations: <none>

TIMING-16#897 Warning
Large setup violation  
There is a large setup violation of -3.952 ns between top_block_i/fakernet/reg_switch_0/inst/trg_en_r_reg/C (clocked by clk_out5_top_block_clk_wiz_0_0) and top_block_i/appUnit/das_rx_0/inst/genblk1[0].bus_reg[0][170]/CE (clocked by clk_out1_top_block_clk_wiz_1_0). Large setup violations at the end of those stages might be difficult to fix during the post-placement implementation flow and could be the result of non-optimal XDC constraints or non-optimal design architecture
Related violations: <none>

TIMING-16#898 Warning
Large setup violation  
There is a large setup violation of -3.954 ns between top_block_i/fakernet/reg_switch_0/inst/trg_en_r_reg/C (clocked by clk_out5_top_block_clk_wiz_0_0) and top_block_i/appUnit/das_rx_0/inst/genblk1[0].bus_reg[0][102]/CE (clocked by clk_out1_top_block_clk_wiz_1_0). Large setup violations at the end of those stages might be difficult to fix during the post-placement implementation flow and could be the result of non-optimal XDC constraints or non-optimal design architecture
Related violations: <none>

TIMING-16#899 Warning
Large setup violation  
There is a large setup violation of -3.963 ns between top_block_i/fakernet/reg_switch_0/inst/trg_en_r_reg/C (clocked by clk_out5_top_block_clk_wiz_0_0) and top_block_i/appUnit/das_rx_0/inst/genblk1[0].bus_reg[0][15]/CE (clocked by clk_out1_top_block_clk_wiz_1_0). Large setup violations at the end of those stages might be difficult to fix during the post-placement implementation flow and could be the result of non-optimal XDC constraints or non-optimal design architecture
Related violations: <none>

TIMING-16#900 Warning
Large setup violation  
There is a large setup violation of -3.963 ns between top_block_i/fakernet/reg_switch_0/inst/trg_en_r_reg/C (clocked by clk_out5_top_block_clk_wiz_0_0) and top_block_i/appUnit/das_rx_0/inst/genblk1[0].bus_reg[0][25]/CE (clocked by clk_out1_top_block_clk_wiz_1_0). Large setup violations at the end of those stages might be difficult to fix during the post-placement implementation flow and could be the result of non-optimal XDC constraints or non-optimal design architecture
Related violations: <none>

TIMING-16#901 Warning
Large setup violation  
There is a large setup violation of -3.963 ns between top_block_i/fakernet/reg_switch_0/inst/trg_en_r_reg/C (clocked by clk_out5_top_block_clk_wiz_0_0) and top_block_i/appUnit/das_rx_0/inst/genblk1[0].bus_reg[0][35]/CE (clocked by clk_out1_top_block_clk_wiz_1_0). Large setup violations at the end of those stages might be difficult to fix during the post-placement implementation flow and could be the result of non-optimal XDC constraints or non-optimal design architecture
Related violations: <none>

TIMING-16#902 Warning
Large setup violation  
There is a large setup violation of -3.963 ns between top_block_i/fakernet/reg_switch_0/inst/trg_en_r_reg/C (clocked by clk_out5_top_block_clk_wiz_0_0) and top_block_i/appUnit/das_rx_0/inst/genblk1[0].bus_reg[0][5]/CE (clocked by clk_out1_top_block_clk_wiz_1_0). Large setup violations at the end of those stages might be difficult to fix during the post-placement implementation flow and could be the result of non-optimal XDC constraints or non-optimal design architecture
Related violations: <none>

TIMING-16#903 Warning
Large setup violation  
There is a large setup violation of -3.978 ns between top_block_i/fakernet/reg_switch_0/inst/trg_en_r_reg/C (clocked by clk_out5_top_block_clk_wiz_0_0) and top_block_i/appUnit/das_rx_0/inst/genblk1[0].bus_reg[0][106]/CE (clocked by clk_out1_top_block_clk_wiz_1_0). Large setup violations at the end of those stages might be difficult to fix during the post-placement implementation flow and could be the result of non-optimal XDC constraints or non-optimal design architecture
Related violations: <none>

TIMING-16#904 Warning
Large setup violation  
There is a large setup violation of -3.981 ns between top_block_i/fakernet/reg_switch_0/inst/trg_en_r_reg/C (clocked by clk_out5_top_block_clk_wiz_0_0) and top_block_i/appUnit/das_rx_0/inst/genblk1[0].bus_reg[0][123]/CE (clocked by clk_out1_top_block_clk_wiz_1_0). Large setup violations at the end of those stages might be difficult to fix during the post-placement implementation flow and could be the result of non-optimal XDC constraints or non-optimal design architecture
Related violations: <none>

TIMING-16#905 Warning
Large setup violation  
There is a large setup violation of -3.981 ns between top_block_i/fakernet/reg_switch_0/inst/trg_en_r_reg/C (clocked by clk_out5_top_block_clk_wiz_0_0) and top_block_i/appUnit/das_rx_0/inst/genblk1[0].bus_reg[0][133]/CE (clocked by clk_out1_top_block_clk_wiz_1_0). Large setup violations at the end of those stages might be difficult to fix during the post-placement implementation flow and could be the result of non-optimal XDC constraints or non-optimal design architecture
Related violations: <none>

TIMING-16#906 Warning
Large setup violation  
There is a large setup violation of -3.981 ns between top_block_i/fakernet/reg_switch_0/inst/trg_en_r_reg/C (clocked by clk_out5_top_block_clk_wiz_0_0) and top_block_i/appUnit/das_rx_0/inst/genblk1[0].bus_reg[0][143]/CE (clocked by clk_out1_top_block_clk_wiz_1_0). Large setup violations at the end of those stages might be difficult to fix during the post-placement implementation flow and could be the result of non-optimal XDC constraints or non-optimal design architecture
Related violations: <none>

TIMING-16#907 Warning
Large setup violation  
There is a large setup violation of -3.981 ns between top_block_i/fakernet/reg_switch_0/inst/trg_en_r_reg/C (clocked by clk_out5_top_block_clk_wiz_0_0) and top_block_i/appUnit/das_rx_0/inst/genblk1[0].bus_reg[0][71]/CE (clocked by clk_out1_top_block_clk_wiz_1_0). Large setup violations at the end of those stages might be difficult to fix during the post-placement implementation flow and could be the result of non-optimal XDC constraints or non-optimal design architecture
Related violations: <none>

TIMING-16#908 Warning
Large setup violation  
There is a large setup violation of -3.987 ns between top_block_i/fakernet/reg_switch_0/inst/trg_en_r_reg/C (clocked by clk_out5_top_block_clk_wiz_0_0) and top_block_i/appUnit/das_rx_0/inst/genblk1[0].bus_reg[0][299]/CE (clocked by clk_out1_top_block_clk_wiz_1_0). Large setup violations at the end of those stages might be difficult to fix during the post-placement implementation flow and could be the result of non-optimal XDC constraints or non-optimal design architecture
Related violations: <none>

TIMING-16#909 Warning
Large setup violation  
There is a large setup violation of -3.987 ns between top_block_i/fakernet/reg_switch_0/inst/trg_en_r_reg/C (clocked by clk_out5_top_block_clk_wiz_0_0) and top_block_i/appUnit/das_rx_0/inst/genblk1[0].bus_reg[0][309]/CE (clocked by clk_out1_top_block_clk_wiz_1_0). Large setup violations at the end of those stages might be difficult to fix during the post-placement implementation flow and could be the result of non-optimal XDC constraints or non-optimal design architecture
Related violations: <none>

TIMING-16#910 Warning
Large setup violation  
There is a large setup violation of -3.987 ns between top_block_i/fakernet/reg_switch_0/inst/trg_en_r_reg/C (clocked by clk_out5_top_block_clk_wiz_0_0) and top_block_i/appUnit/das_rx_0/inst/genblk1[0].bus_reg[0][319]/CE (clocked by clk_out1_top_block_clk_wiz_1_0). Large setup violations at the end of those stages might be difficult to fix during the post-placement implementation flow and could be the result of non-optimal XDC constraints or non-optimal design architecture
Related violations: <none>

TIMING-16#911 Warning
Large setup violation  
There is a large setup violation of -3.988 ns between top_block_i/fakernet/reg_switch_0/inst/trg_en_r_reg/C (clocked by clk_out5_top_block_clk_wiz_0_0) and top_block_i/appUnit/das_rx_0/inst/genblk1[0].bus_reg[0][254]/CE (clocked by clk_out1_top_block_clk_wiz_1_0). Large setup violations at the end of those stages might be difficult to fix during the post-placement implementation flow and could be the result of non-optimal XDC constraints or non-optimal design architecture
Related violations: <none>

TIMING-16#912 Warning
Large setup violation  
There is a large setup violation of -3.988 ns between top_block_i/fakernet/reg_switch_0/inst/trg_en_r_reg/C (clocked by clk_out5_top_block_clk_wiz_0_0) and top_block_i/appUnit/das_rx_0/inst/genblk1[0].bus_reg[0][264]/CE (clocked by clk_out1_top_block_clk_wiz_1_0). Large setup violations at the end of those stages might be difficult to fix during the post-placement implementation flow and could be the result of non-optimal XDC constraints or non-optimal design architecture
Related violations: <none>

TIMING-16#913 Warning
Large setup violation  
There is a large setup violation of -3.988 ns between top_block_i/fakernet/reg_switch_0/inst/trg_en_r_reg/C (clocked by clk_out5_top_block_clk_wiz_0_0) and top_block_i/appUnit/das_rx_0/inst/genblk1[0].bus_reg[0][274]/CE (clocked by clk_out1_top_block_clk_wiz_1_0). Large setup violations at the end of those stages might be difficult to fix during the post-placement implementation flow and could be the result of non-optimal XDC constraints or non-optimal design architecture
Related violations: <none>

TIMING-16#914 Warning
Large setup violation  
There is a large setup violation of -3.988 ns between top_block_i/fakernet/reg_switch_0/inst/trg_en_r_reg/C (clocked by clk_out5_top_block_clk_wiz_0_0) and top_block_i/appUnit/das_rx_0/inst/genblk1[0].bus_reg[0][280]/CE (clocked by clk_out1_top_block_clk_wiz_1_0). Large setup violations at the end of those stages might be difficult to fix during the post-placement implementation flow and could be the result of non-optimal XDC constraints or non-optimal design architecture
Related violations: <none>

TIMING-16#915 Warning
Large setup violation  
There is a large setup violation of -3.988 ns between top_block_i/fakernet/reg_switch_0/inst/trg_en_r_reg/C (clocked by clk_out5_top_block_clk_wiz_0_0) and top_block_i/appUnit/das_rx_0/inst/genblk1[0].bus_reg[0][283]/CE (clocked by clk_out1_top_block_clk_wiz_1_0). Large setup violations at the end of those stages might be difficult to fix during the post-placement implementation flow and could be the result of non-optimal XDC constraints or non-optimal design architecture
Related violations: <none>

TIMING-16#916 Warning
Large setup violation  
There is a large setup violation of -3.988 ns between top_block_i/fakernet/reg_switch_0/inst/trg_en_r_reg/C (clocked by clk_out5_top_block_clk_wiz_0_0) and top_block_i/appUnit/das_rx_0/inst/genblk1[0].bus_reg[0][290]/CE (clocked by clk_out1_top_block_clk_wiz_1_0). Large setup violations at the end of those stages might be difficult to fix during the post-placement implementation flow and could be the result of non-optimal XDC constraints or non-optimal design architecture
Related violations: <none>

TIMING-16#917 Warning
Large setup violation  
There is a large setup violation of -3.988 ns between top_block_i/fakernet/reg_switch_0/inst/trg_en_r_reg/C (clocked by clk_out5_top_block_clk_wiz_0_0) and top_block_i/appUnit/das_rx_0/inst/genblk1[0].bus_reg[0][293]/CE (clocked by clk_out1_top_block_clk_wiz_1_0). Large setup violations at the end of those stages might be difficult to fix during the post-placement implementation flow and could be the result of non-optimal XDC constraints or non-optimal design architecture
Related violations: <none>

TIMING-16#918 Warning
Large setup violation  
There is a large setup violation of -3.988 ns between top_block_i/fakernet/reg_switch_0/inst/trg_en_r_reg/C (clocked by clk_out5_top_block_clk_wiz_0_0) and top_block_i/appUnit/das_rx_0/inst/genblk1[0].bus_reg[0][300]/CE (clocked by clk_out1_top_block_clk_wiz_1_0). Large setup violations at the end of those stages might be difficult to fix during the post-placement implementation flow and could be the result of non-optimal XDC constraints or non-optimal design architecture
Related violations: <none>

TIMING-16#919 Warning
Large setup violation  
There is a large setup violation of -3.988 ns between top_block_i/fakernet/reg_switch_0/inst/trg_en_r_reg/C (clocked by clk_out5_top_block_clk_wiz_0_0) and top_block_i/appUnit/das_rx_0/inst/genblk1[0].bus_reg[0][310]/CE (clocked by clk_out1_top_block_clk_wiz_1_0). Large setup violations at the end of those stages might be difficult to fix during the post-placement implementation flow and could be the result of non-optimal XDC constraints or non-optimal design architecture
Related violations: <none>

TIMING-16#920 Warning
Large setup violation  
There is a large setup violation of -3.992 ns between top_block_i/fakernet/reg_switch_0/inst/trg_en_r_reg/C (clocked by clk_out5_top_block_clk_wiz_0_0) and top_block_i/appUnit/das_rx_0/inst/genblk1[0].bus_reg[0][111]/CE (clocked by clk_out1_top_block_clk_wiz_1_0). Large setup violations at the end of those stages might be difficult to fix during the post-placement implementation flow and could be the result of non-optimal XDC constraints or non-optimal design architecture
Related violations: <none>

TIMING-16#921 Warning
Large setup violation  
There is a large setup violation of -3.992 ns between top_block_i/fakernet/reg_switch_0/inst/trg_en_r_reg/C (clocked by clk_out5_top_block_clk_wiz_0_0) and top_block_i/appUnit/das_rx_0/inst/genblk1[0].bus_reg[0][120]/CE (clocked by clk_out1_top_block_clk_wiz_1_0). Large setup violations at the end of those stages might be difficult to fix during the post-placement implementation flow and could be the result of non-optimal XDC constraints or non-optimal design architecture
Related violations: <none>

TIMING-16#922 Warning
Large setup violation  
There is a large setup violation of -3.992 ns between top_block_i/fakernet/reg_switch_0/inst/trg_en_r_reg/C (clocked by clk_out5_top_block_clk_wiz_0_0) and top_block_i/appUnit/das_rx_0/inst/genblk1[0].bus_reg[0][121]/CE (clocked by clk_out1_top_block_clk_wiz_1_0). Large setup violations at the end of those stages might be difficult to fix during the post-placement implementation flow and could be the result of non-optimal XDC constraints or non-optimal design architecture
Related violations: <none>

TIMING-16#923 Warning
Large setup violation  
There is a large setup violation of -3.992 ns between top_block_i/fakernet/reg_switch_0/inst/trg_en_r_reg/C (clocked by clk_out5_top_block_clk_wiz_0_0) and top_block_i/appUnit/das_rx_0/inst/genblk1[0].bus_reg[0][131]/CE (clocked by clk_out1_top_block_clk_wiz_1_0). Large setup violations at the end of those stages might be difficult to fix during the post-placement implementation flow and could be the result of non-optimal XDC constraints or non-optimal design architecture
Related violations: <none>

TIMING-16#924 Warning
Large setup violation  
There is a large setup violation of -3.992 ns between top_block_i/fakernet/reg_switch_0/inst/trg_en_r_reg/C (clocked by clk_out5_top_block_clk_wiz_0_0) and top_block_i/appUnit/das_rx_0/inst/genblk1[0].bus_reg[0][141]/CE (clocked by clk_out1_top_block_clk_wiz_1_0). Large setup violations at the end of those stages might be difficult to fix during the post-placement implementation flow and could be the result of non-optimal XDC constraints or non-optimal design architecture
Related violations: <none>

TIMING-16#925 Warning
Large setup violation  
There is a large setup violation of -3.997 ns between top_block_i/fakernet/reg_switch_0/inst/trg_en_r_reg/C (clocked by clk_out5_top_block_clk_wiz_0_0) and top_block_i/appUnit/das_rx_0/inst/genblk1[0].bus_reg[0][0]/CE (clocked by clk_out1_top_block_clk_wiz_1_0). Large setup violations at the end of those stages might be difficult to fix during the post-placement implementation flow and could be the result of non-optimal XDC constraints or non-optimal design architecture
Related violations: <none>

TIMING-16#926 Warning
Large setup violation  
There is a large setup violation of -3.997 ns between top_block_i/fakernet/reg_switch_0/inst/trg_en_r_reg/C (clocked by clk_out5_top_block_clk_wiz_0_0) and top_block_i/appUnit/das_rx_0/inst/genblk1[0].bus_reg[0][10]/CE (clocked by clk_out1_top_block_clk_wiz_1_0). Large setup violations at the end of those stages might be difficult to fix during the post-placement implementation flow and could be the result of non-optimal XDC constraints or non-optimal design architecture
Related violations: <none>

TIMING-16#927 Warning
Large setup violation  
There is a large setup violation of -3.997 ns between top_block_i/fakernet/reg_switch_0/inst/trg_en_r_reg/C (clocked by clk_out5_top_block_clk_wiz_0_0) and top_block_i/appUnit/das_rx_0/inst/genblk1[0].bus_reg[0][20]/CE (clocked by clk_out1_top_block_clk_wiz_1_0). Large setup violations at the end of those stages might be difficult to fix during the post-placement implementation flow and could be the result of non-optimal XDC constraints or non-optimal design architecture
Related violations: <none>

TIMING-16#928 Warning
Large setup violation  
There is a large setup violation of -3.997 ns between top_block_i/fakernet/reg_switch_0/inst/trg_en_r_reg/C (clocked by clk_out5_top_block_clk_wiz_0_0) and top_block_i/appUnit/das_rx_0/inst/genblk1[0].bus_reg[0][30]/CE (clocked by clk_out1_top_block_clk_wiz_1_0). Large setup violations at the end of those stages might be difficult to fix during the post-placement implementation flow and could be the result of non-optimal XDC constraints or non-optimal design architecture
Related violations: <none>

TIMING-16#929 Warning
Large setup violation  
There is a large setup violation of -3.998 ns between top_block_i/fakernet/reg_switch_0/inst/trg_en_r_reg/C (clocked by clk_out5_top_block_clk_wiz_0_0) and top_block_i/appUnit/das_rx_0/inst/genblk1[0].bus_reg[0][29]/CE (clocked by clk_out1_top_block_clk_wiz_1_0). Large setup violations at the end of those stages might be difficult to fix during the post-placement implementation flow and could be the result of non-optimal XDC constraints or non-optimal design architecture
Related violations: <none>

TIMING-16#930 Warning
Large setup violation  
There is a large setup violation of -4.004 ns between top_block_i/fakernet/reg_switch_0/inst/trg_en_r_reg/C (clocked by clk_out5_top_block_clk_wiz_0_0) and top_block_i/appUnit/das_rx_0/inst/genblk1[0].bus_reg[0][142]/CE (clocked by clk_out1_top_block_clk_wiz_1_0). Large setup violations at the end of those stages might be difficult to fix during the post-placement implementation flow and could be the result of non-optimal XDC constraints or non-optimal design architecture
Related violations: <none>

TIMING-16#931 Warning
Large setup violation  
There is a large setup violation of -4.004 ns between top_block_i/fakernet/reg_switch_0/inst/trg_en_r_reg/C (clocked by clk_out5_top_block_clk_wiz_0_0) and top_block_i/appUnit/das_rx_0/inst/genblk1[0].bus_reg[0][152]/CE (clocked by clk_out1_top_block_clk_wiz_1_0). Large setup violations at the end of those stages might be difficult to fix during the post-placement implementation flow and could be the result of non-optimal XDC constraints or non-optimal design architecture
Related violations: <none>

TIMING-16#932 Warning
Large setup violation  
There is a large setup violation of -4.004 ns between top_block_i/fakernet/reg_switch_0/inst/trg_en_r_reg/C (clocked by clk_out5_top_block_clk_wiz_0_0) and top_block_i/appUnit/das_rx_0/inst/genblk1[0].bus_reg[0][162]/CE (clocked by clk_out1_top_block_clk_wiz_1_0). Large setup violations at the end of those stages might be difficult to fix during the post-placement implementation flow and could be the result of non-optimal XDC constraints or non-optimal design architecture
Related violations: <none>

TIMING-16#933 Warning
Large setup violation  
There is a large setup violation of -4.004 ns between top_block_i/fakernet/reg_switch_0/inst/trg_en_r_reg/C (clocked by clk_out5_top_block_clk_wiz_0_0) and top_block_i/appUnit/das_rx_0/inst/genblk1[0].bus_reg[0][172]/CE (clocked by clk_out1_top_block_clk_wiz_1_0). Large setup violations at the end of those stages might be difficult to fix during the post-placement implementation flow and could be the result of non-optimal XDC constraints or non-optimal design architecture
Related violations: <none>

TIMING-16#934 Warning
Large setup violation  
There is a large setup violation of -4.007 ns between top_block_i/fakernet/reg_switch_0/inst/trg_en_r_reg/C (clocked by clk_out5_top_block_clk_wiz_0_0) and top_block_i/appUnit/das_rx_0/inst/genblk1[0].bus_reg[0][160]/CE (clocked by clk_out1_top_block_clk_wiz_1_0). Large setup violations at the end of those stages might be difficult to fix during the post-placement implementation flow and could be the result of non-optimal XDC constraints or non-optimal design architecture
Related violations: <none>

TIMING-16#935 Warning
Large setup violation  
There is a large setup violation of -4.016 ns between top_block_i/fakernet/reg_switch_0/inst/trg_en_r_reg/C (clocked by clk_out5_top_block_clk_wiz_0_0) and top_block_i/appUnit/das_rx_0/inst/genblk1[0].bus_reg[0][119]/CE (clocked by clk_out1_top_block_clk_wiz_1_0). Large setup violations at the end of those stages might be difficult to fix during the post-placement implementation flow and could be the result of non-optimal XDC constraints or non-optimal design architecture
Related violations: <none>

TIMING-16#936 Warning
Large setup violation  
There is a large setup violation of -4.016 ns between top_block_i/fakernet/reg_switch_0/inst/trg_en_r_reg/C (clocked by clk_out5_top_block_clk_wiz_0_0) and top_block_i/appUnit/das_rx_0/inst/genblk1[0].bus_reg[0][129]/CE (clocked by clk_out1_top_block_clk_wiz_1_0). Large setup violations at the end of those stages might be difficult to fix during the post-placement implementation flow and could be the result of non-optimal XDC constraints or non-optimal design architecture
Related violations: <none>

TIMING-16#937 Warning
Large setup violation  
There is a large setup violation of -4.026 ns between top_block_i/fakernet/reg_switch_0/inst/trg_en_r_reg/C (clocked by clk_out5_top_block_clk_wiz_0_0) and top_block_i/appUnit/das_rx_0/inst/genblk1[1].bus_r_reg[1][190]/CE (clocked by clk_out1_top_block_clk_wiz_1_0). Large setup violations at the end of those stages might be difficult to fix during the post-placement implementation flow and could be the result of non-optimal XDC constraints or non-optimal design architecture
Related violations: <none>

TIMING-16#938 Warning
Large setup violation  
There is a large setup violation of -4.026 ns between top_block_i/fakernet/reg_switch_0/inst/trg_en_r_reg/C (clocked by clk_out5_top_block_clk_wiz_0_0) and top_block_i/appUnit/das_rx_0/inst/genblk1[1].bus_r_reg[1][200]/CE (clocked by clk_out1_top_block_clk_wiz_1_0). Large setup violations at the end of those stages might be difficult to fix during the post-placement implementation flow and could be the result of non-optimal XDC constraints or non-optimal design architecture
Related violations: <none>

TIMING-16#939 Warning
Large setup violation  
There is a large setup violation of -4.026 ns between top_block_i/fakernet/reg_switch_0/inst/trg_en_r_reg/C (clocked by clk_out5_top_block_clk_wiz_0_0) and top_block_i/appUnit/das_rx_0/inst/genblk1[1].bus_r_reg[1][210]/CE (clocked by clk_out1_top_block_clk_wiz_1_0). Large setup violations at the end of those stages might be difficult to fix during the post-placement implementation flow and could be the result of non-optimal XDC constraints or non-optimal design architecture
Related violations: <none>

TIMING-16#940 Warning
Large setup violation  
There is a large setup violation of -4.026 ns between top_block_i/fakernet/reg_switch_0/inst/trg_en_r_reg/C (clocked by clk_out5_top_block_clk_wiz_0_0) and top_block_i/appUnit/das_rx_0/inst/genblk1[1].bus_r_reg[1][220]/CE (clocked by clk_out1_top_block_clk_wiz_1_0). Large setup violations at the end of those stages might be difficult to fix during the post-placement implementation flow and could be the result of non-optimal XDC constraints or non-optimal design architecture
Related violations: <none>

TIMING-16#941 Warning
Large setup violation  
There is a large setup violation of -4.044 ns between top_block_i/fakernet/reg_switch_0/inst/trg_en_r_reg/C (clocked by clk_out5_top_block_clk_wiz_0_0) and top_block_i/appUnit/das_rx_0/inst/genblk1[0].bus_reg[0][101]/CE (clocked by clk_out1_top_block_clk_wiz_1_0). Large setup violations at the end of those stages might be difficult to fix during the post-placement implementation flow and could be the result of non-optimal XDC constraints or non-optimal design architecture
Related violations: <none>

TIMING-16#942 Warning
Large setup violation  
There is a large setup violation of -4.044 ns between top_block_i/fakernet/reg_switch_0/inst/trg_en_r_reg/C (clocked by clk_out5_top_block_clk_wiz_0_0) and top_block_i/appUnit/das_rx_0/inst/genblk1[0].bus_reg[0][113]/CE (clocked by clk_out1_top_block_clk_wiz_1_0). Large setup violations at the end of those stages might be difficult to fix during the post-placement implementation flow and could be the result of non-optimal XDC constraints or non-optimal design architecture
Related violations: <none>

TIMING-16#943 Warning
Large setup violation  
There is a large setup violation of -4.044 ns between top_block_i/fakernet/reg_switch_0/inst/trg_en_r_reg/C (clocked by clk_out5_top_block_clk_wiz_0_0) and top_block_i/appUnit/das_rx_0/inst/genblk1[0].bus_reg[0][81]/CE (clocked by clk_out1_top_block_clk_wiz_1_0). Large setup violations at the end of those stages might be difficult to fix during the post-placement implementation flow and could be the result of non-optimal XDC constraints or non-optimal design architecture
Related violations: <none>

TIMING-16#944 Warning
Large setup violation  
There is a large setup violation of -4.044 ns between top_block_i/fakernet/reg_switch_0/inst/trg_en_r_reg/C (clocked by clk_out5_top_block_clk_wiz_0_0) and top_block_i/appUnit/das_rx_0/inst/genblk1[0].bus_reg[0][91]/CE (clocked by clk_out1_top_block_clk_wiz_1_0). Large setup violations at the end of those stages might be difficult to fix during the post-placement implementation flow and could be the result of non-optimal XDC constraints or non-optimal design architecture
Related violations: <none>

TIMING-16#945 Warning
Large setup violation  
There is a large setup violation of -4.050 ns between top_block_i/fakernet/reg_switch_0/inst/trg_en_r_reg/C (clocked by clk_out5_top_block_clk_wiz_0_0) and top_block_i/appUnit/das_rx_0/inst/genblk1[0].bus_reg[0][164]/CE (clocked by clk_out1_top_block_clk_wiz_1_0). Large setup violations at the end of those stages might be difficult to fix during the post-placement implementation flow and could be the result of non-optimal XDC constraints or non-optimal design architecture
Related violations: <none>

TIMING-16#946 Warning
Large setup violation  
There is a large setup violation of -4.050 ns between top_block_i/fakernet/reg_switch_0/inst/trg_en_r_reg/C (clocked by clk_out5_top_block_clk_wiz_0_0) and top_block_i/appUnit/das_rx_0/inst/genblk1[0].bus_reg[0][174]/CE (clocked by clk_out1_top_block_clk_wiz_1_0). Large setup violations at the end of those stages might be difficult to fix during the post-placement implementation flow and could be the result of non-optimal XDC constraints or non-optimal design architecture
Related violations: <none>

TIMING-16#947 Warning
Large setup violation  
There is a large setup violation of -4.053 ns between top_block_i/fakernet/reg_switch_0/inst/trg_en_r_reg/C (clocked by clk_out5_top_block_clk_wiz_0_0) and top_block_i/appUnit/das_rx_0/inst/genblk1[0].bus_reg[0][124]/CE (clocked by clk_out1_top_block_clk_wiz_1_0). Large setup violations at the end of those stages might be difficult to fix during the post-placement implementation flow and could be the result of non-optimal XDC constraints or non-optimal design architecture
Related violations: <none>

TIMING-16#948 Warning
Large setup violation  
There is a large setup violation of -4.076 ns between top_block_i/fakernet/reg_switch_0/inst/trg_en_r_reg/C (clocked by clk_out5_top_block_clk_wiz_0_0) and top_block_i/appUnit/das_rx_0/inst/genblk1[0].bus_reg[0][298]/CE (clocked by clk_out1_top_block_clk_wiz_1_0). Large setup violations at the end of those stages might be difficult to fix during the post-placement implementation flow and could be the result of non-optimal XDC constraints or non-optimal design architecture
Related violations: <none>

TIMING-16#949 Warning
Large setup violation  
There is a large setup violation of -4.076 ns between top_block_i/fakernet/reg_switch_0/inst/trg_en_r_reg/C (clocked by clk_out5_top_block_clk_wiz_0_0) and top_block_i/appUnit/das_rx_0/inst/genblk1[0].bus_reg[0][308]/CE (clocked by clk_out1_top_block_clk_wiz_1_0). Large setup violations at the end of those stages might be difficult to fix during the post-placement implementation flow and could be the result of non-optimal XDC constraints or non-optimal design architecture
Related violations: <none>

TIMING-16#950 Warning
Large setup violation  
There is a large setup violation of -4.076 ns between top_block_i/fakernet/reg_switch_0/inst/trg_en_r_reg/C (clocked by clk_out5_top_block_clk_wiz_0_0) and top_block_i/appUnit/das_rx_0/inst/genblk1[0].bus_reg[0][318]/CE (clocked by clk_out1_top_block_clk_wiz_1_0). Large setup violations at the end of those stages might be difficult to fix during the post-placement implementation flow and could be the result of non-optimal XDC constraints or non-optimal design architecture
Related violations: <none>

TIMING-16#951 Warning
Large setup violation  
There is a large setup violation of -4.166 ns between top_block_i/fakernet/reg_switch_0/inst/trg_en_r_reg/C (clocked by clk_out5_top_block_clk_wiz_0_0) and top_block_i/appUnit/das_rx_0/inst/genblk1[0].bus_reg[0][258]/CE (clocked by clk_out1_top_block_clk_wiz_1_0). Large setup violations at the end of those stages might be difficult to fix during the post-placement implementation flow and could be the result of non-optimal XDC constraints or non-optimal design architecture
Related violations: <none>

TIMING-16#952 Warning
Large setup violation  
There is a large setup violation of -4.166 ns between top_block_i/fakernet/reg_switch_0/inst/trg_en_r_reg/C (clocked by clk_out5_top_block_clk_wiz_0_0) and top_block_i/appUnit/das_rx_0/inst/genblk1[0].bus_reg[0][268]/CE (clocked by clk_out1_top_block_clk_wiz_1_0). Large setup violations at the end of those stages might be difficult to fix during the post-placement implementation flow and could be the result of non-optimal XDC constraints or non-optimal design architecture
Related violations: <none>

TIMING-16#953 Warning
Large setup violation  
There is a large setup violation of -4.166 ns between top_block_i/fakernet/reg_switch_0/inst/trg_en_r_reg/C (clocked by clk_out5_top_block_clk_wiz_0_0) and top_block_i/appUnit/das_rx_0/inst/genblk1[0].bus_reg[0][278]/CE (clocked by clk_out1_top_block_clk_wiz_1_0). Large setup violations at the end of those stages might be difficult to fix during the post-placement implementation flow and could be the result of non-optimal XDC constraints or non-optimal design architecture
Related violations: <none>

TIMING-16#954 Warning
Large setup violation  
There is a large setup violation of -4.166 ns between top_block_i/fakernet/reg_switch_0/inst/trg_en_r_reg/C (clocked by clk_out5_top_block_clk_wiz_0_0) and top_block_i/appUnit/das_rx_0/inst/genblk1[0].bus_reg[0][288]/CE (clocked by clk_out1_top_block_clk_wiz_1_0). Large setup violations at the end of those stages might be difficult to fix during the post-placement implementation flow and could be the result of non-optimal XDC constraints or non-optimal design architecture
Related violations: <none>

TIMING-16#955 Warning
Large setup violation  
There is a large setup violation of -4.214 ns between top_block_i/fakernet/reg_switch_0/inst/trg_en_r_reg/C (clocked by clk_out5_top_block_clk_wiz_0_0) and top_block_i/appUnit/das_rx_0/inst/genblk1[1].bus_r_reg[1][197]/CE (clocked by clk_out1_top_block_clk_wiz_1_0). Large setup violations at the end of those stages might be difficult to fix during the post-placement implementation flow and could be the result of non-optimal XDC constraints or non-optimal design architecture
Related violations: <none>

TIMING-16#956 Warning
Large setup violation  
There is a large setup violation of -5.914 ns between top_block_i/fakernet/reg_switch_0/inst/trg_en_r_reg/C (clocked by clk_out5_top_block_clk_wiz_0_0) and top_block_i/appUnit/das_rx_0/inst/genblk1[1].bus_r_reg[1][247]/CE (clocked by clk_out1_top_block_clk_wiz_1_0). Large setup violations at the end of those stages might be difficult to fix during the post-placement implementation flow and could be the result of non-optimal XDC constraints or non-optimal design architecture
Related violations: <none>

TIMING-16#957 Warning
Large setup violation  
There is a large setup violation of -5.914 ns between top_block_i/fakernet/reg_switch_0/inst/trg_en_r_reg/C (clocked by clk_out5_top_block_clk_wiz_0_0) and top_block_i/appUnit/das_rx_0/inst/genblk1[1].bus_r_reg[1][257]/CE (clocked by clk_out1_top_block_clk_wiz_1_0). Large setup violations at the end of those stages might be difficult to fix during the post-placement implementation flow and could be the result of non-optimal XDC constraints or non-optimal design architecture
Related violations: <none>

TIMING-16#958 Warning
Large setup violation  
There is a large setup violation of -5.914 ns between top_block_i/fakernet/reg_switch_0/inst/trg_en_r_reg/C (clocked by clk_out5_top_block_clk_wiz_0_0) and top_block_i/appUnit/das_rx_0/inst/genblk1[1].bus_r_reg[1][267]/CE (clocked by clk_out1_top_block_clk_wiz_1_0). Large setup violations at the end of those stages might be difficult to fix during the post-placement implementation flow and could be the result of non-optimal XDC constraints or non-optimal design architecture
Related violations: <none>

TIMING-16#959 Warning
Large setup violation  
There is a large setup violation of -5.914 ns between top_block_i/fakernet/reg_switch_0/inst/trg_en_r_reg/C (clocked by clk_out5_top_block_clk_wiz_0_0) and top_block_i/appUnit/das_rx_0/inst/genblk1[1].bus_r_reg[1][277]/CE (clocked by clk_out1_top_block_clk_wiz_1_0). Large setup violations at the end of those stages might be difficult to fix during the post-placement implementation flow and could be the result of non-optimal XDC constraints or non-optimal design architecture
Related violations: <none>

TIMING-16#960 Warning
Large setup violation  
There is a large setup violation of -5.922 ns between top_block_i/fakernet/reg_switch_0/inst/trg_en_r_reg/C (clocked by clk_out5_top_block_clk_wiz_0_0) and top_block_i/appUnit/das_rx_0/inst/genblk1[1].bus_r_reg[1][11]/CE (clocked by clk_out1_top_block_clk_wiz_1_0). Large setup violations at the end of those stages might be difficult to fix during the post-placement implementation flow and could be the result of non-optimal XDC constraints or non-optimal design architecture
Related violations: <none>

TIMING-16#961 Warning
Large setup violation  
There is a large setup violation of -5.922 ns between top_block_i/fakernet/reg_switch_0/inst/trg_en_r_reg/C (clocked by clk_out5_top_block_clk_wiz_0_0) and top_block_i/appUnit/das_rx_0/inst/genblk1[1].bus_r_reg[1][1]/CE (clocked by clk_out1_top_block_clk_wiz_1_0). Large setup violations at the end of those stages might be difficult to fix during the post-placement implementation flow and could be the result of non-optimal XDC constraints or non-optimal design architecture
Related violations: <none>

TIMING-16#962 Warning
Large setup violation  
There is a large setup violation of -5.922 ns between top_block_i/fakernet/reg_switch_0/inst/trg_en_r_reg/C (clocked by clk_out5_top_block_clk_wiz_0_0) and top_block_i/appUnit/das_rx_0/inst/genblk1[1].bus_r_reg[1][21]/CE (clocked by clk_out1_top_block_clk_wiz_1_0). Large setup violations at the end of those stages might be difficult to fix during the post-placement implementation flow and could be the result of non-optimal XDC constraints or non-optimal design architecture
Related violations: <none>

TIMING-16#963 Warning
Large setup violation  
There is a large setup violation of -5.922 ns between top_block_i/fakernet/reg_switch_0/inst/trg_en_r_reg/C (clocked by clk_out5_top_block_clk_wiz_0_0) and top_block_i/appUnit/das_rx_0/inst/genblk1[1].bus_r_reg[1][31]/CE (clocked by clk_out1_top_block_clk_wiz_1_0). Large setup violations at the end of those stages might be difficult to fix during the post-placement implementation flow and could be the result of non-optimal XDC constraints or non-optimal design architecture
Related violations: <none>

TIMING-16#964 Warning
Large setup violation  
There is a large setup violation of -5.923 ns between top_block_i/fakernet/reg_switch_0/inst/trg_en_r_reg/C (clocked by clk_out5_top_block_clk_wiz_0_0) and top_block_i/appUnit/das_rx_0/inst/genblk1[1].bus_r_reg[1][166]/CE (clocked by clk_out1_top_block_clk_wiz_1_0). Large setup violations at the end of those stages might be difficult to fix during the post-placement implementation flow and could be the result of non-optimal XDC constraints or non-optimal design architecture
Related violations: <none>

TIMING-16#965 Warning
Large setup violation  
There is a large setup violation of -5.934 ns between top_block_i/fakernet/reg_switch_0/inst/trg_en_r_reg/C (clocked by clk_out5_top_block_clk_wiz_0_0) and top_block_i/appUnit/das_rx_0/inst/genblk1[1].bus_r_reg[1][213]/CE (clocked by clk_out1_top_block_clk_wiz_1_0). Large setup violations at the end of those stages might be difficult to fix during the post-placement implementation flow and could be the result of non-optimal XDC constraints or non-optimal design architecture
Related violations: <none>

TIMING-16#966 Warning
Large setup violation  
There is a large setup violation of -5.934 ns between top_block_i/fakernet/reg_switch_0/inst/trg_en_r_reg/C (clocked by clk_out5_top_block_clk_wiz_0_0) and top_block_i/appUnit/das_rx_0/inst/genblk1[1].bus_r_reg[1][223]/CE (clocked by clk_out1_top_block_clk_wiz_1_0). Large setup violations at the end of those stages might be difficult to fix during the post-placement implementation flow and could be the result of non-optimal XDC constraints or non-optimal design architecture
Related violations: <none>

TIMING-16#967 Warning
Large setup violation  
There is a large setup violation of -5.934 ns between top_block_i/fakernet/reg_switch_0/inst/trg_en_r_reg/C (clocked by clk_out5_top_block_clk_wiz_0_0) and top_block_i/appUnit/das_rx_0/inst/genblk1[1].bus_r_reg[1][233]/CE (clocked by clk_out1_top_block_clk_wiz_1_0). Large setup violations at the end of those stages might be difficult to fix during the post-placement implementation flow and could be the result of non-optimal XDC constraints or non-optimal design architecture
Related violations: <none>

TIMING-16#968 Warning
Large setup violation  
There is a large setup violation of -5.934 ns between top_block_i/fakernet/reg_switch_0/inst/trg_en_r_reg/C (clocked by clk_out5_top_block_clk_wiz_0_0) and top_block_i/appUnit/das_rx_0/inst/genblk1[1].bus_r_reg[1][243]/CE (clocked by clk_out1_top_block_clk_wiz_1_0). Large setup violations at the end of those stages might be difficult to fix during the post-placement implementation flow and could be the result of non-optimal XDC constraints or non-optimal design architecture
Related violations: <none>

TIMING-16#969 Warning
Large setup violation  
There is a large setup violation of -5.944 ns between top_block_i/fakernet/reg_switch_0/inst/trg_en_r_reg/C (clocked by clk_out5_top_block_clk_wiz_0_0) and top_block_i/appUnit/das_rx_0/inst/genblk1[1].bus_r_reg[1][154]/CE (clocked by clk_out1_top_block_clk_wiz_1_0). Large setup violations at the end of those stages might be difficult to fix during the post-placement implementation flow and could be the result of non-optimal XDC constraints or non-optimal design architecture
Related violations: <none>

TIMING-16#970 Warning
Large setup violation  
There is a large setup violation of -5.944 ns between top_block_i/fakernet/reg_switch_0/inst/trg_en_r_reg/C (clocked by clk_out5_top_block_clk_wiz_0_0) and top_block_i/appUnit/das_rx_0/inst/genblk1[1].bus_r_reg[1][164]/CE (clocked by clk_out1_top_block_clk_wiz_1_0). Large setup violations at the end of those stages might be difficult to fix during the post-placement implementation flow and could be the result of non-optimal XDC constraints or non-optimal design architecture
Related violations: <none>

TIMING-16#971 Warning
Large setup violation  
There is a large setup violation of -5.944 ns between top_block_i/fakernet/reg_switch_0/inst/trg_en_r_reg/C (clocked by clk_out5_top_block_clk_wiz_0_0) and top_block_i/appUnit/das_rx_0/inst/genblk1[1].bus_r_reg[1][174]/CE (clocked by clk_out1_top_block_clk_wiz_1_0). Large setup violations at the end of those stages might be difficult to fix during the post-placement implementation flow and could be the result of non-optimal XDC constraints or non-optimal design architecture
Related violations: <none>

TIMING-16#972 Warning
Large setup violation  
There is a large setup violation of -5.944 ns between top_block_i/fakernet/reg_switch_0/inst/trg_en_r_reg/C (clocked by clk_out5_top_block_clk_wiz_0_0) and top_block_i/appUnit/das_rx_0/inst/genblk1[1].bus_r_reg[1][184]/CE (clocked by clk_out1_top_block_clk_wiz_1_0). Large setup violations at the end of those stages might be difficult to fix during the post-placement implementation flow and could be the result of non-optimal XDC constraints or non-optimal design architecture
Related violations: <none>

TIMING-16#973 Warning
Large setup violation  
There is a large setup violation of -5.952 ns between top_block_i/fakernet/reg_switch_0/inst/trg_en_r_reg/C (clocked by clk_out5_top_block_clk_wiz_0_0) and top_block_i/appUnit/das_rx_0/inst/genblk1[1].bus_r_reg[1][249]/CE (clocked by clk_out1_top_block_clk_wiz_1_0). Large setup violations at the end of those stages might be difficult to fix during the post-placement implementation flow and could be the result of non-optimal XDC constraints or non-optimal design architecture
Related violations: <none>

TIMING-16#974 Warning
Large setup violation  
There is a large setup violation of -5.952 ns between top_block_i/fakernet/reg_switch_0/inst/trg_en_r_reg/C (clocked by clk_out5_top_block_clk_wiz_0_0) and top_block_i/appUnit/das_rx_0/inst/genblk1[1].bus_r_reg[1][259]/CE (clocked by clk_out1_top_block_clk_wiz_1_0). Large setup violations at the end of those stages might be difficult to fix during the post-placement implementation flow and could be the result of non-optimal XDC constraints or non-optimal design architecture
Related violations: <none>

TIMING-16#975 Warning
Large setup violation  
There is a large setup violation of -5.952 ns between top_block_i/fakernet/reg_switch_0/inst/trg_en_r_reg/C (clocked by clk_out5_top_block_clk_wiz_0_0) and top_block_i/appUnit/das_rx_0/inst/genblk1[1].bus_r_reg[1][269]/CE (clocked by clk_out1_top_block_clk_wiz_1_0). Large setup violations at the end of those stages might be difficult to fix during the post-placement implementation flow and could be the result of non-optimal XDC constraints or non-optimal design architecture
Related violations: <none>

TIMING-16#976 Warning
Large setup violation  
There is a large setup violation of -5.952 ns between top_block_i/fakernet/reg_switch_0/inst/trg_en_r_reg/C (clocked by clk_out5_top_block_clk_wiz_0_0) and top_block_i/appUnit/das_rx_0/inst/genblk1[1].bus_r_reg[1][279]/CE (clocked by clk_out1_top_block_clk_wiz_1_0). Large setup violations at the end of those stages might be difficult to fix during the post-placement implementation flow and could be the result of non-optimal XDC constraints or non-optimal design architecture
Related violations: <none>

TIMING-16#977 Warning
Large setup violation  
There is a large setup violation of -5.958 ns between top_block_i/fakernet/reg_switch_0/inst/trg_en_r_reg/C (clocked by clk_out5_top_block_clk_wiz_0_0) and top_block_i/appUnit/das_rx_0/inst/genblk1[1].bus_r_reg[1][145]/CE (clocked by clk_out1_top_block_clk_wiz_1_0). Large setup violations at the end of those stages might be difficult to fix during the post-placement implementation flow and could be the result of non-optimal XDC constraints or non-optimal design architecture
Related violations: <none>

TIMING-16#978 Warning
Large setup violation  
There is a large setup violation of -5.958 ns between top_block_i/fakernet/reg_switch_0/inst/trg_en_r_reg/C (clocked by clk_out5_top_block_clk_wiz_0_0) and top_block_i/appUnit/das_rx_0/inst/genblk1[1].bus_r_reg[1][155]/CE (clocked by clk_out1_top_block_clk_wiz_1_0). Large setup violations at the end of those stages might be difficult to fix during the post-placement implementation flow and could be the result of non-optimal XDC constraints or non-optimal design architecture
Related violations: <none>

TIMING-16#979 Warning
Large setup violation  
There is a large setup violation of -5.958 ns between top_block_i/fakernet/reg_switch_0/inst/trg_en_r_reg/C (clocked by clk_out5_top_block_clk_wiz_0_0) and top_block_i/appUnit/das_rx_0/inst/genblk1[1].bus_r_reg[1][165]/CE (clocked by clk_out1_top_block_clk_wiz_1_0). Large setup violations at the end of those stages might be difficult to fix during the post-placement implementation flow and could be the result of non-optimal XDC constraints or non-optimal design architecture
Related violations: <none>

TIMING-16#980 Warning
Large setup violation  
There is a large setup violation of -5.958 ns between top_block_i/fakernet/reg_switch_0/inst/trg_en_r_reg/C (clocked by clk_out5_top_block_clk_wiz_0_0) and top_block_i/appUnit/das_rx_0/inst/genblk1[1].bus_r_reg[1][175]/CE (clocked by clk_out1_top_block_clk_wiz_1_0). Large setup violations at the end of those stages might be difficult to fix during the post-placement implementation flow and could be the result of non-optimal XDC constraints or non-optimal design architecture
Related violations: <none>

TIMING-16#981 Warning
Large setup violation  
There is a large setup violation of -5.959 ns between top_block_i/fakernet/reg_switch_0/inst/trg_en_r_reg/C (clocked by clk_out5_top_block_clk_wiz_0_0) and top_block_i/appUnit/das_rx_0/inst/genblk1[1].bus_r_reg[1][268]/CE (clocked by clk_out1_top_block_clk_wiz_1_0). Large setup violations at the end of those stages might be difficult to fix during the post-placement implementation flow and could be the result of non-optimal XDC constraints or non-optimal design architecture
Related violations: <none>

TIMING-16#982 Warning
Large setup violation  
There is a large setup violation of -5.959 ns between top_block_i/fakernet/reg_switch_0/inst/trg_en_r_reg/C (clocked by clk_out5_top_block_clk_wiz_0_0) and top_block_i/appUnit/das_rx_0/inst/genblk1[1].bus_r_reg[1][278]/CE (clocked by clk_out1_top_block_clk_wiz_1_0). Large setup violations at the end of those stages might be difficult to fix during the post-placement implementation flow and could be the result of non-optimal XDC constraints or non-optimal design architecture
Related violations: <none>

TIMING-16#983 Warning
Large setup violation  
There is a large setup violation of -5.959 ns between top_block_i/fakernet/reg_switch_0/inst/trg_en_r_reg/C (clocked by clk_out5_top_block_clk_wiz_0_0) and top_block_i/appUnit/das_rx_0/inst/genblk1[1].bus_r_reg[1][288]/CE (clocked by clk_out1_top_block_clk_wiz_1_0). Large setup violations at the end of those stages might be difficult to fix during the post-placement implementation flow and could be the result of non-optimal XDC constraints or non-optimal design architecture
Related violations: <none>

TIMING-16#984 Warning
Large setup violation  
There is a large setup violation of -5.959 ns between top_block_i/fakernet/reg_switch_0/inst/trg_en_r_reg/C (clocked by clk_out5_top_block_clk_wiz_0_0) and top_block_i/appUnit/das_rx_0/inst/genblk1[1].bus_r_reg[1][298]/CE (clocked by clk_out1_top_block_clk_wiz_1_0). Large setup violations at the end of those stages might be difficult to fix during the post-placement implementation flow and could be the result of non-optimal XDC constraints or non-optimal design architecture
Related violations: <none>

TIMING-16#985 Warning
Large setup violation  
There is a large setup violation of -5.973 ns between top_block_i/fakernet/reg_switch_0/inst/trg_en_r_reg/C (clocked by clk_out5_top_block_clk_wiz_0_0) and top_block_i/appUnit/das_rx_0/inst/genblk1[1].bus_r_reg[1][117]/CE (clocked by clk_out1_top_block_clk_wiz_1_0). Large setup violations at the end of those stages might be difficult to fix during the post-placement implementation flow and could be the result of non-optimal XDC constraints or non-optimal design architecture
Related violations: <none>

TIMING-16#986 Warning
Large setup violation  
There is a large setup violation of -5.973 ns between top_block_i/fakernet/reg_switch_0/inst/trg_en_r_reg/C (clocked by clk_out5_top_block_clk_wiz_0_0) and top_block_i/appUnit/das_rx_0/inst/genblk1[1].bus_r_reg[1][127]/CE (clocked by clk_out1_top_block_clk_wiz_1_0). Large setup violations at the end of those stages might be difficult to fix during the post-placement implementation flow and could be the result of non-optimal XDC constraints or non-optimal design architecture
Related violations: <none>

TIMING-16#987 Warning
Large setup violation  
There is a large setup violation of -5.973 ns between top_block_i/fakernet/reg_switch_0/inst/trg_en_r_reg/C (clocked by clk_out5_top_block_clk_wiz_0_0) and top_block_i/appUnit/das_rx_0/inst/genblk1[1].bus_r_reg[1][137]/CE (clocked by clk_out1_top_block_clk_wiz_1_0). Large setup violations at the end of those stages might be difficult to fix during the post-placement implementation flow and could be the result of non-optimal XDC constraints or non-optimal design architecture
Related violations: <none>

TIMING-16#988 Warning
Large setup violation  
There is a large setup violation of -5.973 ns between top_block_i/fakernet/reg_switch_0/inst/trg_en_r_reg/C (clocked by clk_out5_top_block_clk_wiz_0_0) and top_block_i/appUnit/das_rx_0/inst/genblk1[1].bus_r_reg[1][147]/CE (clocked by clk_out1_top_block_clk_wiz_1_0). Large setup violations at the end of those stages might be difficult to fix during the post-placement implementation flow and could be the result of non-optimal XDC constraints or non-optimal design architecture
Related violations: <none>

TIMING-16#989 Warning
Large setup violation  
There is a large setup violation of -5.979 ns between top_block_i/fakernet/reg_switch_0/inst/trg_en_r_reg/C (clocked by clk_out5_top_block_clk_wiz_0_0) and top_block_i/appUnit/das_rx_0/inst/genblk1[1].bus_r_reg[1][151]/CE (clocked by clk_out1_top_block_clk_wiz_1_0). Large setup violations at the end of those stages might be difficult to fix during the post-placement implementation flow and could be the result of non-optimal XDC constraints or non-optimal design architecture
Related violations: <none>

TIMING-16#990 Warning
Large setup violation  
There is a large setup violation of -5.979 ns between top_block_i/fakernet/reg_switch_0/inst/trg_en_r_reg/C (clocked by clk_out5_top_block_clk_wiz_0_0) and top_block_i/appUnit/das_rx_0/inst/genblk1[1].bus_r_reg[1][171]/CE (clocked by clk_out1_top_block_clk_wiz_1_0). Large setup violations at the end of those stages might be difficult to fix during the post-placement implementation flow and could be the result of non-optimal XDC constraints or non-optimal design architecture
Related violations: <none>

TIMING-16#991 Warning
Large setup violation  
There is a large setup violation of -5.982 ns between top_block_i/fakernet/reg_switch_0/inst/trg_en_r_reg/C (clocked by clk_out5_top_block_clk_wiz_0_0) and top_block_i/appUnit/das_rx_0/inst/genblk1[1].bus_r_reg[1][316]/CE (clocked by clk_out1_top_block_clk_wiz_1_0). Large setup violations at the end of those stages might be difficult to fix during the post-placement implementation flow and could be the result of non-optimal XDC constraints or non-optimal design architecture
Related violations: <none>

TIMING-16#992 Warning
Large setup violation  
There is a large setup violation of -5.985 ns between top_block_i/fakernet/reg_switch_0/inst/trg_en_r_reg/C (clocked by clk_out5_top_block_clk_wiz_0_0) and top_block_i/appUnit/das_rx_0/inst/genblk1[1].bus_r_reg[1][192]/CE (clocked by clk_out1_top_block_clk_wiz_1_0). Large setup violations at the end of those stages might be difficult to fix during the post-placement implementation flow and could be the result of non-optimal XDC constraints or non-optimal design architecture
Related violations: <none>

TIMING-16#993 Warning
Large setup violation  
There is a large setup violation of -5.990 ns between top_block_i/fakernet/reg_switch_0/inst/trg_en_r_reg/C (clocked by clk_out5_top_block_clk_wiz_0_0) and top_block_i/appUnit/das_rx_0/inst/genblk1[1].bus_r_reg[1][157]/CE (clocked by clk_out1_top_block_clk_wiz_1_0). Large setup violations at the end of those stages might be difficult to fix during the post-placement implementation flow and could be the result of non-optimal XDC constraints or non-optimal design architecture
Related violations: <none>

TIMING-16#994 Warning
Large setup violation  
There is a large setup violation of -5.990 ns between top_block_i/fakernet/reg_switch_0/inst/trg_en_r_reg/C (clocked by clk_out5_top_block_clk_wiz_0_0) and top_block_i/appUnit/das_rx_0/inst/genblk1[1].bus_r_reg[1][167]/CE (clocked by clk_out1_top_block_clk_wiz_1_0). Large setup violations at the end of those stages might be difficult to fix during the post-placement implementation flow and could be the result of non-optimal XDC constraints or non-optimal design architecture
Related violations: <none>

TIMING-16#995 Warning
Large setup violation  
There is a large setup violation of -5.990 ns between top_block_i/fakernet/reg_switch_0/inst/trg_en_r_reg/C (clocked by clk_out5_top_block_clk_wiz_0_0) and top_block_i/appUnit/das_rx_0/inst/genblk1[1].bus_r_reg[1][177]/CE (clocked by clk_out1_top_block_clk_wiz_1_0). Large setup violations at the end of those stages might be difficult to fix during the post-placement implementation flow and could be the result of non-optimal XDC constraints or non-optimal design architecture
Related violations: <none>

TIMING-16#996 Warning
Large setup violation  
There is a large setup violation of -5.990 ns between top_block_i/fakernet/reg_switch_0/inst/trg_en_r_reg/C (clocked by clk_out5_top_block_clk_wiz_0_0) and top_block_i/appUnit/das_rx_0/inst/genblk1[1].bus_r_reg[1][187]/CE (clocked by clk_out1_top_block_clk_wiz_1_0). Large setup violations at the end of those stages might be difficult to fix during the post-placement implementation flow and could be the result of non-optimal XDC constraints or non-optimal design architecture
Related violations: <none>

TIMING-16#997 Warning
Large setup violation  
There is a large setup violation of -5.991 ns between top_block_i/fakernet/reg_switch_0/inst/trg_en_r_reg/C (clocked by clk_out5_top_block_clk_wiz_0_0) and top_block_i/appUnit/das_rx_0/inst/genblk1[1].bus_r_reg[1][207]/CE (clocked by clk_out1_top_block_clk_wiz_1_0). Large setup violations at the end of those stages might be difficult to fix during the post-placement implementation flow and could be the result of non-optimal XDC constraints or non-optimal design architecture
Related violations: <none>

TIMING-16#998 Warning
Large setup violation  
There is a large setup violation of -5.991 ns between top_block_i/fakernet/reg_switch_0/inst/trg_en_r_reg/C (clocked by clk_out5_top_block_clk_wiz_0_0) and top_block_i/appUnit/das_rx_0/inst/genblk1[1].bus_r_reg[1][217]/CE (clocked by clk_out1_top_block_clk_wiz_1_0). Large setup violations at the end of those stages might be difficult to fix during the post-placement implementation flow and could be the result of non-optimal XDC constraints or non-optimal design architecture
Related violations: <none>

TIMING-16#999 Warning
Large setup violation  
There is a large setup violation of -5.991 ns between top_block_i/fakernet/reg_switch_0/inst/trg_en_r_reg/C (clocked by clk_out5_top_block_clk_wiz_0_0) and top_block_i/appUnit/das_rx_0/inst/genblk1[1].bus_r_reg[1][227]/CE (clocked by clk_out1_top_block_clk_wiz_1_0). Large setup violations at the end of those stages might be difficult to fix during the post-placement implementation flow and could be the result of non-optimal XDC constraints or non-optimal design architecture
Related violations: <none>

TIMING-16#1000 Warning
Large setup violation  
There is a large setup violation of -5.991 ns between top_block_i/fakernet/reg_switch_0/inst/trg_en_r_reg/C (clocked by clk_out5_top_block_clk_wiz_0_0) and top_block_i/appUnit/das_rx_0/inst/genblk1[1].bus_r_reg[1][237]/CE (clocked by clk_out1_top_block_clk_wiz_1_0). Large setup violations at the end of those stages might be difficult to fix during the post-placement implementation flow and could be the result of non-optimal XDC constraints or non-optimal design architecture
Related violations: <none>

TIMING-18#1 Warning
Missing input or output delay  
An input delay is missing on SO0N[0] relative to clock(s) BASECLK
Related violations: <none>

TIMING-18#2 Warning
Missing input or output delay  
An input delay is missing on SO0N[10] relative to clock(s) BASECLK
Related violations: <none>

TIMING-18#3 Warning
Missing input or output delay  
An input delay is missing on SO0N[1] relative to clock(s) BASECLK
Related violations: <none>

TIMING-18#4 Warning
Missing input or output delay  
An input delay is missing on SO0N[2] relative to clock(s) BASECLK
Related violations: <none>

TIMING-18#5 Warning
Missing input or output delay  
An input delay is missing on SO0N[3] relative to clock(s) BASECLK
Related violations: <none>

TIMING-18#6 Warning
Missing input or output delay  
An input delay is missing on SO0N[4] relative to clock(s) BASECLK
Related violations: <none>

TIMING-18#7 Warning
Missing input or output delay  
An input delay is missing on SO0N[5] relative to clock(s) BASECLK
Related violations: <none>

TIMING-18#8 Warning
Missing input or output delay  
An input delay is missing on SO0N[6] relative to clock(s) BASECLK
Related violations: <none>

TIMING-18#9 Warning
Missing input or output delay  
An input delay is missing on SO0N[7] relative to clock(s) BASECLK
Related violations: <none>

TIMING-18#10 Warning
Missing input or output delay  
An input delay is missing on SO0N[8] relative to clock(s) BASECLK
Related violations: <none>

TIMING-18#11 Warning
Missing input or output delay  
An input delay is missing on SO0N[9] relative to clock(s) BASECLK
Related violations: <none>

TIMING-18#12 Warning
Missing input or output delay  
An input delay is missing on SO0P[0] relative to clock(s) BASECLK
Related violations: <none>

TIMING-18#13 Warning
Missing input or output delay  
An input delay is missing on SO0P[10] relative to clock(s) BASECLK
Related violations: <none>

TIMING-18#14 Warning
Missing input or output delay  
An input delay is missing on SO0P[1] relative to clock(s) BASECLK
Related violations: <none>

TIMING-18#15 Warning
Missing input or output delay  
An input delay is missing on SO0P[2] relative to clock(s) BASECLK
Related violations: <none>

TIMING-18#16 Warning
Missing input or output delay  
An input delay is missing on SO0P[3] relative to clock(s) BASECLK
Related violations: <none>

TIMING-18#17 Warning
Missing input or output delay  
An input delay is missing on SO0P[4] relative to clock(s) BASECLK
Related violations: <none>

TIMING-18#18 Warning
Missing input or output delay  
An input delay is missing on SO0P[5] relative to clock(s) BASECLK
Related violations: <none>

TIMING-18#19 Warning
Missing input or output delay  
An input delay is missing on SO0P[6] relative to clock(s) BASECLK
Related violations: <none>

TIMING-18#20 Warning
Missing input or output delay  
An input delay is missing on SO0P[7] relative to clock(s) BASECLK
Related violations: <none>

TIMING-18#21 Warning
Missing input or output delay  
An input delay is missing on SO0P[8] relative to clock(s) BASECLK
Related violations: <none>

TIMING-18#22 Warning
Missing input or output delay  
An input delay is missing on SO0P[9] relative to clock(s) BASECLK
Related violations: <none>

TIMING-18#23 Warning
Missing input or output delay  
An input delay is missing on S_I2C_SCL relative to clock(s) BASECLK
Related violations: <none>

TIMING-18#24 Warning
Missing input or output delay  
An input delay is missing on S_I2C_SDA relative to clock(s) BASECLK
Related violations: <none>

XDCC-1#1 Warning
Scoped Clock constraint overwritten with the same name  
A new clock constraint create_clock overrides a previous scoped clock constraint with the same name. It is not recommended to override a scoped (typically an IP) clock constraint and could result in unexpected behaviors.
New: create_clock -period 25.000 -name BASECLK [get_ports BASECLK] (Source: /home/nagafusa/work/spadi/Fakernet/SAMIDARE/samidare.srcs/constrs_1/new/main_io.xdc (Line: 23))
Previous: create_clock -period 25.000 [get_ports BASECLK] (Source: /home/nagafusa/work/spadi/Fakernet/SAMIDARE/samidare.gen/sources_1/bd/top_block/ip/top_block_clk_wiz_0_0/top_block_clk_wiz_0_0.xdc (Line: 56))
Related violations: <none>

XDCC-7#1 Warning
Scoped Clock constraint overwritten on the same source  
A new clock constraint create_clock overrides a previous scoped clock constraint defined on the same source. It is not recommended to override a scoped (typically an IP) clock constraint and could result in unexpected behaviors.
New: create_clock -period 25.000 -name BASECLK [get_ports BASECLK] (Source: /home/nagafusa/work/spadi/Fakernet/SAMIDARE/samidare.srcs/constrs_1/new/main_io.xdc (Line: 23))
Previous: create_clock -period 25.000 [get_ports BASECLK] (Source: /home/nagafusa/work/spadi/Fakernet/SAMIDARE/samidare.gen/sources_1/bd/top_block/ip/top_block_clk_wiz_0_0/top_block_clk_wiz_0_0.xdc (Line: 56))
Related violations: <none>

CLKC-5#1 Advisory
BUFGCE with constant CE has BUFG driver  
The BUFGCE cell top_block_i/CLK_WRAPPER/clk_wiz_1/inst/clkin1_bufg top_block_i/CLK_WRAPPER/clk_wiz_1/inst/clkin1_bufg/I pin (and CE pin not ACTIVE) is driven by BUFGCE clock buffer top_block_i/CLK_WRAPPER/clk_wiz_0/inst/clkout1_buf. This may be an unnecessary use of multiple clocking resources and should be reviewed. Cascaded buffers introduce skew that can lead to difficult or impossible timing closure.
Related violations: <none>

CLKC-40#1 Advisory
Substitute PLLE4 for MMCME4 check  
The MMCME4 cell top_block_i/CONST_QRAPPER/clk_wiz_2/inst/mmcme4_adv_inst has a single input clock whose source driver, UNKNOWN, is not optimally located and the MMCM has a configuration which could be accommodated by a PLL.  Consider changing the MMCM to a PLL which could align better with the input clock driver.
Related violations: <none>

CLKC-56#1 Advisory
MMCME4 with global clock driver has no LOC  
The MMCME4_ADV cell top_block_i/CLK_WRAPPER/clk_wiz_1/inst/mmcme4_adv_inst CLKIN1 or CLKIN2 pin is driven by global Clock buffer(s) top_block_i/CLK_WRAPPER/clk_wiz_1/inst/clkin1_bufg and does not have a LOC constraint. It is recommended to LOC the MMCM and use the CLOCK_DEDICATED_ROUTE constraint on the net(s) driven by the global Clock buffer(s).
Related violations: <none>

CLKC-56#2 Advisory
MMCME4 with global clock driver has no LOC  
The MMCME4_ADV cell top_block_i/CONST_QRAPPER/clk_wiz_2/inst/mmcme4_adv_inst CLKIN1 or CLKIN2 pin is driven by global Clock buffer(s) top_block_i/CLK_WRAPPER/clk_wiz_0/inst/clkout1_buf and does not have a LOC constraint. It is recommended to LOC the MMCM and use the CLOCK_DEDICATED_ROUTE constraint on the net(s) driven by the global Clock buffer(s).
Related violations: <none>

LATCH-1#1 Advisory
Existing latches in the design  
There are 5 latches found in the design. Inferred latches are often the result of HDL coding mistakes, such as incomplete if or case statements.
Related violations: <none>


