Copyright 1986-2022 Xilinx, Inc. All Rights Reserved.
-----------------------------------------------------------------------------------------------------------------------------------------------------------------------------------------
| Tool Version      : Vivado v.2022.2 (lin64) Build 3671981 Fri Oct 14 04:59:54 MDT 2022
| Date              : Wed Jan 29 09:18:22 2025
| Host              : e16fpga01 running 64-bit Ubuntu 22.04.5 LTS
| Command           : report_bus_skew -warn_on_violation -file top_block_wrapper_bus_skew_routed.rpt -pb top_block_wrapper_bus_skew_routed.pb -rpx top_block_wrapper_bus_skew_routed.rpx
| Design            : top_block_wrapper
| Device            : xcau15p-sbvb484
| Speed File        : -1  PRODUCTION 1.29 03-25-2022
| Temperature Grade : I
-----------------------------------------------------------------------------------------------------------------------------------------------------------------------------------------

Bus Skew Report

Table of Contents
-----------------
1. Bus Skew Report Summary
2. Bus Skew Report Per Constraint

1. Bus Skew Report Summary
--------------------------

Id  Position  From                            To                              Corner  Requirement(ns)  Actual(ns)  Slack(ns)
--  --------  ------------------------------  ------------------------------  ------  ---------------  ----------  ---------
1   42        [get_cells [list {top_block_i/appUnit/async_fifos/xpm_afifo_wrapper_1/inst/xpm_fifo_async_inst/gnuram_async_fifo.xpm_fifo_base_inst/gen_cdc_pntr.rd_pntr_cdc_inst/src_gray_ff_reg[0]} {top_block_i/appUnit/async_fifos/xpm_afifo_wrapper_1/inst/xpm_fifo_async_inst/gnuram_async_fifo.xpm_fifo_base_inst/gen_cdc_pntr.rd_pntr_cdc_inst/src_gray_ff_reg[1]} {top_block_i/appUnit/async_fifos/xpm_afifo_wrapper_1/inst/xpm_fifo_async_inst/gnuram_async_fifo.xpm_fifo_base_inst/gen_cdc_pntr.rd_pntr_cdc_inst/src_gray_ff_reg[2]} {top_block_i/appUnit/async_fifos/xpm_afifo_wrapper_1/inst/xpm_fifo_async_inst/gnuram_async_fifo.xpm_fifo_base_inst/gen_cdc_pntr.rd_pntr_cdc_inst/src_gray_ff_reg[3]} {top_block_i/appUnit/async_fifos/xpm_afifo_wrapper_1/inst/xpm_fifo_async_inst/gnuram_async_fifo.xpm_fifo_base_inst/gen_cdc_pntr.rd_pntr_cdc_inst/src_gray_ff_reg[4]}]]
                                              [get_cells [list {top_block_i/appUnit/async_fifos/xpm_afifo_wrapper_1/inst/xpm_fifo_async_inst/gnuram_async_fifo.xpm_fifo_base_inst/gen_cdc_pntr.rd_pntr_cdc_inst/dest_graysync_ff_reg[0][0]} {top_block_i/appUnit/async_fifos/xpm_afifo_wrapper_1/inst/xpm_fifo_async_inst/gnuram_async_fifo.xpm_fifo_base_inst/gen_cdc_pntr.rd_pntr_cdc_inst/dest_graysync_ff_reg[0][1]} {top_block_i/appUnit/async_fifos/xpm_afifo_wrapper_1/inst/xpm_fifo_async_inst/gnuram_async_fifo.xpm_fifo_base_inst/gen_cdc_pntr.rd_pntr_cdc_inst/dest_graysync_ff_reg[0][2]} {top_block_i/appUnit/async_fifos/xpm_afifo_wrapper_1/inst/xpm_fifo_async_inst/gnuram_async_fifo.xpm_fifo_base_inst/gen_cdc_pntr.rd_pntr_cdc_inst/dest_graysync_ff_reg[0][3]} {top_block_i/appUnit/async_fifos/xpm_afifo_wrapper_1/inst/xpm_fifo_async_inst/gnuram_async_fifo.xpm_fifo_base_inst/gen_cdc_pntr.rd_pntr_cdc_inst/dest_graysync_ff_reg[0][4]}]]
                                                                              Slow              3.125       0.215      2.910
2   44        [get_cells [list {top_block_i/appUnit/async_fifos/xpm_afifo_wrapper_1/inst/xpm_fifo_async_inst/gnuram_async_fifo.xpm_fifo_base_inst/gen_cdc_pntr.wr_pntr_cdc_inst/src_gray_ff_reg[0]} {top_block_i/appUnit/async_fifos/xpm_afifo_wrapper_1/inst/xpm_fifo_async_inst/gnuram_async_fifo.xpm_fifo_base_inst/gen_cdc_pntr.wr_pntr_cdc_inst/src_gray_ff_reg[1]} {top_block_i/appUnit/async_fifos/xpm_afifo_wrapper_1/inst/xpm_fifo_async_inst/gnuram_async_fifo.xpm_fifo_base_inst/gen_cdc_pntr.wr_pntr_cdc_inst/src_gray_ff_reg[2]} {top_block_i/appUnit/async_fifos/xpm_afifo_wrapper_1/inst/xpm_fifo_async_inst/gnuram_async_fifo.xpm_fifo_base_inst/gen_cdc_pntr.wr_pntr_cdc_inst/src_gray_ff_reg[3]} {top_block_i/appUnit/async_fifos/xpm_afifo_wrapper_1/inst/xpm_fifo_async_inst/gnuram_async_fifo.xpm_fifo_base_inst/gen_cdc_pntr.wr_pntr_cdc_inst/src_gray_ff_reg[4]}]]
                                              [get_cells [list {top_block_i/appUnit/async_fifos/xpm_afifo_wrapper_1/inst/xpm_fifo_async_inst/gnuram_async_fifo.xpm_fifo_base_inst/gen_cdc_pntr.wr_pntr_cdc_inst/dest_graysync_ff_reg[0][0]} {top_block_i/appUnit/async_fifos/xpm_afifo_wrapper_1/inst/xpm_fifo_async_inst/gnuram_async_fifo.xpm_fifo_base_inst/gen_cdc_pntr.wr_pntr_cdc_inst/dest_graysync_ff_reg[0][1]} {top_block_i/appUnit/async_fifos/xpm_afifo_wrapper_1/inst/xpm_fifo_async_inst/gnuram_async_fifo.xpm_fifo_base_inst/gen_cdc_pntr.wr_pntr_cdc_inst/dest_graysync_ff_reg[0][2]} {top_block_i/appUnit/async_fifos/xpm_afifo_wrapper_1/inst/xpm_fifo_async_inst/gnuram_async_fifo.xpm_fifo_base_inst/gen_cdc_pntr.wr_pntr_cdc_inst/dest_graysync_ff_reg[0][3]} {top_block_i/appUnit/async_fifos/xpm_afifo_wrapper_1/inst/xpm_fifo_async_inst/gnuram_async_fifo.xpm_fifo_base_inst/gen_cdc_pntr.wr_pntr_cdc_inst/dest_graysync_ff_reg[0][4]}]]
                                                                              Slow              3.125       0.063      3.062
3   50        [get_cells [list {top_block_i/appUnit/async_fifos/xpm_afifo_wrapper_2/inst/xpm_fifo_async_inst/gnuram_async_fifo.xpm_fifo_base_inst/gen_cdc_pntr.rd_pntr_cdc_inst/src_gray_ff_reg[0]} {top_block_i/appUnit/async_fifos/xpm_afifo_wrapper_2/inst/xpm_fifo_async_inst/gnuram_async_fifo.xpm_fifo_base_inst/gen_cdc_pntr.rd_pntr_cdc_inst/src_gray_ff_reg[1]} {top_block_i/appUnit/async_fifos/xpm_afifo_wrapper_2/inst/xpm_fifo_async_inst/gnuram_async_fifo.xpm_fifo_base_inst/gen_cdc_pntr.rd_pntr_cdc_inst/src_gray_ff_reg[2]} {top_block_i/appUnit/async_fifos/xpm_afifo_wrapper_2/inst/xpm_fifo_async_inst/gnuram_async_fifo.xpm_fifo_base_inst/gen_cdc_pntr.rd_pntr_cdc_inst/src_gray_ff_reg[3]} {top_block_i/appUnit/async_fifos/xpm_afifo_wrapper_2/inst/xpm_fifo_async_inst/gnuram_async_fifo.xpm_fifo_base_inst/gen_cdc_pntr.rd_pntr_cdc_inst/src_gray_ff_reg[4]}]]
                                              [get_cells [list {top_block_i/appUnit/async_fifos/xpm_afifo_wrapper_2/inst/xpm_fifo_async_inst/gnuram_async_fifo.xpm_fifo_base_inst/gen_cdc_pntr.rd_pntr_cdc_inst/dest_graysync_ff_reg[0][0]} {top_block_i/appUnit/async_fifos/xpm_afifo_wrapper_2/inst/xpm_fifo_async_inst/gnuram_async_fifo.xpm_fifo_base_inst/gen_cdc_pntr.rd_pntr_cdc_inst/dest_graysync_ff_reg[0][1]} {top_block_i/appUnit/async_fifos/xpm_afifo_wrapper_2/inst/xpm_fifo_async_inst/gnuram_async_fifo.xpm_fifo_base_inst/gen_cdc_pntr.rd_pntr_cdc_inst/dest_graysync_ff_reg[0][2]} {top_block_i/appUnit/async_fifos/xpm_afifo_wrapper_2/inst/xpm_fifo_async_inst/gnuram_async_fifo.xpm_fifo_base_inst/gen_cdc_pntr.rd_pntr_cdc_inst/dest_graysync_ff_reg[0][3]} {top_block_i/appUnit/async_fifos/xpm_afifo_wrapper_2/inst/xpm_fifo_async_inst/gnuram_async_fifo.xpm_fifo_base_inst/gen_cdc_pntr.rd_pntr_cdc_inst/dest_graysync_ff_reg[0][4]}]]
                                                                              Slow              3.125      -0.037      3.162
4   52        [get_cells [list {top_block_i/appUnit/async_fifos/xpm_afifo_wrapper_2/inst/xpm_fifo_async_inst/gnuram_async_fifo.xpm_fifo_base_inst/gen_cdc_pntr.wr_pntr_cdc_inst/src_gray_ff_reg[0]} {top_block_i/appUnit/async_fifos/xpm_afifo_wrapper_2/inst/xpm_fifo_async_inst/gnuram_async_fifo.xpm_fifo_base_inst/gen_cdc_pntr.wr_pntr_cdc_inst/src_gray_ff_reg[1]} {top_block_i/appUnit/async_fifos/xpm_afifo_wrapper_2/inst/xpm_fifo_async_inst/gnuram_async_fifo.xpm_fifo_base_inst/gen_cdc_pntr.wr_pntr_cdc_inst/src_gray_ff_reg[2]} {top_block_i/appUnit/async_fifos/xpm_afifo_wrapper_2/inst/xpm_fifo_async_inst/gnuram_async_fifo.xpm_fifo_base_inst/gen_cdc_pntr.wr_pntr_cdc_inst/src_gray_ff_reg[3]} {top_block_i/appUnit/async_fifos/xpm_afifo_wrapper_2/inst/xpm_fifo_async_inst/gnuram_async_fifo.xpm_fifo_base_inst/gen_cdc_pntr.wr_pntr_cdc_inst/src_gray_ff_reg[4]}]]
                                              [get_cells [list {top_block_i/appUnit/async_fifos/xpm_afifo_wrapper_2/inst/xpm_fifo_async_inst/gnuram_async_fifo.xpm_fifo_base_inst/gen_cdc_pntr.wr_pntr_cdc_inst/dest_graysync_ff_reg[0][0]} {top_block_i/appUnit/async_fifos/xpm_afifo_wrapper_2/inst/xpm_fifo_async_inst/gnuram_async_fifo.xpm_fifo_base_inst/gen_cdc_pntr.wr_pntr_cdc_inst/dest_graysync_ff_reg[0][1]} {top_block_i/appUnit/async_fifos/xpm_afifo_wrapper_2/inst/xpm_fifo_async_inst/gnuram_async_fifo.xpm_fifo_base_inst/gen_cdc_pntr.wr_pntr_cdc_inst/dest_graysync_ff_reg[0][2]} {top_block_i/appUnit/async_fifos/xpm_afifo_wrapper_2/inst/xpm_fifo_async_inst/gnuram_async_fifo.xpm_fifo_base_inst/gen_cdc_pntr.wr_pntr_cdc_inst/dest_graysync_ff_reg[0][3]} {top_block_i/appUnit/async_fifos/xpm_afifo_wrapper_2/inst/xpm_fifo_async_inst/gnuram_async_fifo.xpm_fifo_base_inst/gen_cdc_pntr.wr_pntr_cdc_inst/dest_graysync_ff_reg[0][4]}]]
                                                                              Slow              3.125       0.154      2.971
5   58        [get_cells [list {top_block_i/appUnit/async_fifos/xpm_afifo_wrapper_3/inst/xpm_fifo_async_inst/gnuram_async_fifo.xpm_fifo_base_inst/gen_cdc_pntr.rd_pntr_cdc_inst/src_gray_ff_reg[0]} {top_block_i/appUnit/async_fifos/xpm_afifo_wrapper_3/inst/xpm_fifo_async_inst/gnuram_async_fifo.xpm_fifo_base_inst/gen_cdc_pntr.rd_pntr_cdc_inst/src_gray_ff_reg[1]} {top_block_i/appUnit/async_fifos/xpm_afifo_wrapper_3/inst/xpm_fifo_async_inst/gnuram_async_fifo.xpm_fifo_base_inst/gen_cdc_pntr.rd_pntr_cdc_inst/src_gray_ff_reg[2]} {top_block_i/appUnit/async_fifos/xpm_afifo_wrapper_3/inst/xpm_fifo_async_inst/gnuram_async_fifo.xpm_fifo_base_inst/gen_cdc_pntr.rd_pntr_cdc_inst/src_gray_ff_reg[3]} {top_block_i/appUnit/async_fifos/xpm_afifo_wrapper_3/inst/xpm_fifo_async_inst/gnuram_async_fifo.xpm_fifo_base_inst/gen_cdc_pntr.rd_pntr_cdc_inst/src_gray_ff_reg[4]}]]
                                              [get_cells [list {top_block_i/appUnit/async_fifos/xpm_afifo_wrapper_3/inst/xpm_fifo_async_inst/gnuram_async_fifo.xpm_fifo_base_inst/gen_cdc_pntr.rd_pntr_cdc_inst/dest_graysync_ff_reg[0][0]} {top_block_i/appUnit/async_fifos/xpm_afifo_wrapper_3/inst/xpm_fifo_async_inst/gnuram_async_fifo.xpm_fifo_base_inst/gen_cdc_pntr.rd_pntr_cdc_inst/dest_graysync_ff_reg[0][1]} {top_block_i/appUnit/async_fifos/xpm_afifo_wrapper_3/inst/xpm_fifo_async_inst/gnuram_async_fifo.xpm_fifo_base_inst/gen_cdc_pntr.rd_pntr_cdc_inst/dest_graysync_ff_reg[0][2]} {top_block_i/appUnit/async_fifos/xpm_afifo_wrapper_3/inst/xpm_fifo_async_inst/gnuram_async_fifo.xpm_fifo_base_inst/gen_cdc_pntr.rd_pntr_cdc_inst/dest_graysync_ff_reg[0][3]} {top_block_i/appUnit/async_fifos/xpm_afifo_wrapper_3/inst/xpm_fifo_async_inst/gnuram_async_fifo.xpm_fifo_base_inst/gen_cdc_pntr.rd_pntr_cdc_inst/dest_graysync_ff_reg[0][4]}]]
                                                                              Slow              3.125       0.084      3.041
6   60        [get_cells [list {top_block_i/appUnit/async_fifos/xpm_afifo_wrapper_3/inst/xpm_fifo_async_inst/gnuram_async_fifo.xpm_fifo_base_inst/gen_cdc_pntr.wr_pntr_cdc_inst/src_gray_ff_reg[0]} {top_block_i/appUnit/async_fifos/xpm_afifo_wrapper_3/inst/xpm_fifo_async_inst/gnuram_async_fifo.xpm_fifo_base_inst/gen_cdc_pntr.wr_pntr_cdc_inst/src_gray_ff_reg[1]} {top_block_i/appUnit/async_fifos/xpm_afifo_wrapper_3/inst/xpm_fifo_async_inst/gnuram_async_fifo.xpm_fifo_base_inst/gen_cdc_pntr.wr_pntr_cdc_inst/src_gray_ff_reg[2]} {top_block_i/appUnit/async_fifos/xpm_afifo_wrapper_3/inst/xpm_fifo_async_inst/gnuram_async_fifo.xpm_fifo_base_inst/gen_cdc_pntr.wr_pntr_cdc_inst/src_gray_ff_reg[3]} {top_block_i/appUnit/async_fifos/xpm_afifo_wrapper_3/inst/xpm_fifo_async_inst/gnuram_async_fifo.xpm_fifo_base_inst/gen_cdc_pntr.wr_pntr_cdc_inst/src_gray_ff_reg[4]}]]
                                              [get_cells [list {top_block_i/appUnit/async_fifos/xpm_afifo_wrapper_3/inst/xpm_fifo_async_inst/gnuram_async_fifo.xpm_fifo_base_inst/gen_cdc_pntr.wr_pntr_cdc_inst/dest_graysync_ff_reg[0][0]} {top_block_i/appUnit/async_fifos/xpm_afifo_wrapper_3/inst/xpm_fifo_async_inst/gnuram_async_fifo.xpm_fifo_base_inst/gen_cdc_pntr.wr_pntr_cdc_inst/dest_graysync_ff_reg[0][1]} {top_block_i/appUnit/async_fifos/xpm_afifo_wrapper_3/inst/xpm_fifo_async_inst/gnuram_async_fifo.xpm_fifo_base_inst/gen_cdc_pntr.wr_pntr_cdc_inst/dest_graysync_ff_reg[0][2]} {top_block_i/appUnit/async_fifos/xpm_afifo_wrapper_3/inst/xpm_fifo_async_inst/gnuram_async_fifo.xpm_fifo_base_inst/gen_cdc_pntr.wr_pntr_cdc_inst/dest_graysync_ff_reg[0][3]} {top_block_i/appUnit/async_fifos/xpm_afifo_wrapper_3/inst/xpm_fifo_async_inst/gnuram_async_fifo.xpm_fifo_base_inst/gen_cdc_pntr.wr_pntr_cdc_inst/dest_graysync_ff_reg[0][4]}]]
                                                                              Slow              3.125       0.085      3.040
7   66        [get_cells [list {top_block_i/appUnit/async_fifos/xpm_afifo_wrapper_0/inst/xpm_fifo_async_inst/gnuram_async_fifo.xpm_fifo_base_inst/gen_cdc_pntr.rd_pntr_cdc_inst/src_gray_ff_reg[0]} {top_block_i/appUnit/async_fifos/xpm_afifo_wrapper_0/inst/xpm_fifo_async_inst/gnuram_async_fifo.xpm_fifo_base_inst/gen_cdc_pntr.rd_pntr_cdc_inst/src_gray_ff_reg[1]} {top_block_i/appUnit/async_fifos/xpm_afifo_wrapper_0/inst/xpm_fifo_async_inst/gnuram_async_fifo.xpm_fifo_base_inst/gen_cdc_pntr.rd_pntr_cdc_inst/src_gray_ff_reg[2]} {top_block_i/appUnit/async_fifos/xpm_afifo_wrapper_0/inst/xpm_fifo_async_inst/gnuram_async_fifo.xpm_fifo_base_inst/gen_cdc_pntr.rd_pntr_cdc_inst/src_gray_ff_reg[3]} {top_block_i/appUnit/async_fifos/xpm_afifo_wrapper_0/inst/xpm_fifo_async_inst/gnuram_async_fifo.xpm_fifo_base_inst/gen_cdc_pntr.rd_pntr_cdc_inst/src_gray_ff_reg[4]}]]
                                              [get_cells [list {top_block_i/appUnit/async_fifos/xpm_afifo_wrapper_0/inst/xpm_fifo_async_inst/gnuram_async_fifo.xpm_fifo_base_inst/gen_cdc_pntr.rd_pntr_cdc_inst/dest_graysync_ff_reg[0][0]} {top_block_i/appUnit/async_fifos/xpm_afifo_wrapper_0/inst/xpm_fifo_async_inst/gnuram_async_fifo.xpm_fifo_base_inst/gen_cdc_pntr.rd_pntr_cdc_inst/dest_graysync_ff_reg[0][1]} {top_block_i/appUnit/async_fifos/xpm_afifo_wrapper_0/inst/xpm_fifo_async_inst/gnuram_async_fifo.xpm_fifo_base_inst/gen_cdc_pntr.rd_pntr_cdc_inst/dest_graysync_ff_reg[0][2]} {top_block_i/appUnit/async_fifos/xpm_afifo_wrapper_0/inst/xpm_fifo_async_inst/gnuram_async_fifo.xpm_fifo_base_inst/gen_cdc_pntr.rd_pntr_cdc_inst/dest_graysync_ff_reg[0][3]} {top_block_i/appUnit/async_fifos/xpm_afifo_wrapper_0/inst/xpm_fifo_async_inst/gnuram_async_fifo.xpm_fifo_base_inst/gen_cdc_pntr.rd_pntr_cdc_inst/dest_graysync_ff_reg[0][4]}]]
                                                                              Slow              3.125       0.377      2.748
8   68        [get_cells [list {top_block_i/appUnit/async_fifos/xpm_afifo_wrapper_0/inst/xpm_fifo_async_inst/gnuram_async_fifo.xpm_fifo_base_inst/gen_cdc_pntr.wr_pntr_cdc_inst/src_gray_ff_reg[0]} {top_block_i/appUnit/async_fifos/xpm_afifo_wrapper_0/inst/xpm_fifo_async_inst/gnuram_async_fifo.xpm_fifo_base_inst/gen_cdc_pntr.wr_pntr_cdc_inst/src_gray_ff_reg[1]} {top_block_i/appUnit/async_fifos/xpm_afifo_wrapper_0/inst/xpm_fifo_async_inst/gnuram_async_fifo.xpm_fifo_base_inst/gen_cdc_pntr.wr_pntr_cdc_inst/src_gray_ff_reg[2]} {top_block_i/appUnit/async_fifos/xpm_afifo_wrapper_0/inst/xpm_fifo_async_inst/gnuram_async_fifo.xpm_fifo_base_inst/gen_cdc_pntr.wr_pntr_cdc_inst/src_gray_ff_reg[3]} {top_block_i/appUnit/async_fifos/xpm_afifo_wrapper_0/inst/xpm_fifo_async_inst/gnuram_async_fifo.xpm_fifo_base_inst/gen_cdc_pntr.wr_pntr_cdc_inst/src_gray_ff_reg[4]}]]
                                              [get_cells [list {top_block_i/appUnit/async_fifos/xpm_afifo_wrapper_0/inst/xpm_fifo_async_inst/gnuram_async_fifo.xpm_fifo_base_inst/gen_cdc_pntr.wr_pntr_cdc_inst/dest_graysync_ff_reg[0][0]} {top_block_i/appUnit/async_fifos/xpm_afifo_wrapper_0/inst/xpm_fifo_async_inst/gnuram_async_fifo.xpm_fifo_base_inst/gen_cdc_pntr.wr_pntr_cdc_inst/dest_graysync_ff_reg[0][1]} {top_block_i/appUnit/async_fifos/xpm_afifo_wrapper_0/inst/xpm_fifo_async_inst/gnuram_async_fifo.xpm_fifo_base_inst/gen_cdc_pntr.wr_pntr_cdc_inst/dest_graysync_ff_reg[0][2]} {top_block_i/appUnit/async_fifos/xpm_afifo_wrapper_0/inst/xpm_fifo_async_inst/gnuram_async_fifo.xpm_fifo_base_inst/gen_cdc_pntr.wr_pntr_cdc_inst/dest_graysync_ff_reg[0][3]} {top_block_i/appUnit/async_fifos/xpm_afifo_wrapper_0/inst/xpm_fifo_async_inst/gnuram_async_fifo.xpm_fifo_base_inst/gen_cdc_pntr.wr_pntr_cdc_inst/dest_graysync_ff_reg[0][4]}]]
                                                                              Slow              3.125       0.158      2.967
9   252       [get_cells [list {dbg_hub/inst/BSCANID.u_xsdbm_id/CORE_XSDB.UUT_MASTER/U_ICON_INTERFACE/U_CMD6_RD/U_RD_FIFO/SUBCORE_FIFO.xsdbm_v3_0_0_rdfifo_inst/inst_fifo_gen/gconvfifo.rf/grf.rf/gntv_or_sync_fifo.gcx.clkx/gnxpm_cdc.rd_pntr_gc_reg[0]} {dbg_hub/inst/BSCANID.u_xsdbm_id/CORE_XSDB.UUT_MASTER/U_ICON_INTERFACE/U_CMD6_RD/U_RD_FIFO/SUBCORE_FIFO.xsdbm_v3_0_0_rdfifo_inst/inst_fifo_gen/gconvfifo.rf/grf.rf/gntv_or_sync_fifo.gcx.clkx/gnxpm_cdc.rd_pntr_gc_reg[1]} {dbg_hub/inst/BSCANID.u_xsdbm_id/CORE_XSDB.UUT_MASTER/U_ICON_INTERFACE/U_CMD6_RD/U_RD_FIFO/SUBCORE_FIFO.xsdbm_v3_0_0_rdfifo_inst/inst_fifo_gen/gconvfifo.rf/grf.rf/gntv_or_sync_fifo.gcx.clkx/gnxpm_cdc.rd_pntr_gc_reg[2]} {dbg_hub/inst/BSCANID.u_xsdbm_id/CORE_XSDB.UUT_MASTER/U_ICON_INTERFACE/U_CMD6_RD/U_RD_FIFO/SUBCORE_FIFO.xsdbm_v3_0_0_rdfifo_inst/inst_fifo_gen/gconvfifo.rf/grf.rf/gntv_or_sync_fifo.gcx.clkx/gnxpm_cdc.rd_pntr_gc_reg[3]}]]
                                              [get_cells [list {dbg_hub/inst/BSCANID.u_xsdbm_id/CORE_XSDB.UUT_MASTER/U_ICON_INTERFACE/U_CMD6_RD/U_RD_FIFO/SUBCORE_FIFO.xsdbm_v3_0_0_rdfifo_inst/inst_fifo_gen/gconvfifo.rf/grf.rf/gntv_or_sync_fifo.gcx.clkx/gnxpm_cdc.gsync_stage[1].wr_stg_inst/Q_reg_reg[0]} {dbg_hub/inst/BSCANID.u_xsdbm_id/CORE_XSDB.UUT_MASTER/U_ICON_INTERFACE/U_CMD6_RD/U_RD_FIFO/SUBCORE_FIFO.xsdbm_v3_0_0_rdfifo_inst/inst_fifo_gen/gconvfifo.rf/grf.rf/gntv_or_sync_fifo.gcx.clkx/gnxpm_cdc.gsync_stage[1].wr_stg_inst/Q_reg_reg[1]} {dbg_hub/inst/BSCANID.u_xsdbm_id/CORE_XSDB.UUT_MASTER/U_ICON_INTERFACE/U_CMD6_RD/U_RD_FIFO/SUBCORE_FIFO.xsdbm_v3_0_0_rdfifo_inst/inst_fifo_gen/gconvfifo.rf/grf.rf/gntv_or_sync_fifo.gcx.clkx/gnxpm_cdc.gsync_stage[1].wr_stg_inst/Q_reg_reg[2]} {dbg_hub/inst/BSCANID.u_xsdbm_id/CORE_XSDB.UUT_MASTER/U_ICON_INTERFACE/U_CMD6_RD/U_RD_FIFO/SUBCORE_FIFO.xsdbm_v3_0_0_rdfifo_inst/inst_fifo_gen/gconvfifo.rf/grf.rf/gntv_or_sync_fifo.gcx.clkx/gnxpm_cdc.gsync_stage[1].wr_stg_inst/Q_reg_reg[3]}]]
                                                                              Slow              8.000       0.516      7.484
10  254       [get_cells [list {dbg_hub/inst/BSCANID.u_xsdbm_id/CORE_XSDB.UUT_MASTER/U_ICON_INTERFACE/U_CMD6_RD/U_RD_FIFO/SUBCORE_FIFO.xsdbm_v3_0_0_rdfifo_inst/inst_fifo_gen/gconvfifo.rf/grf.rf/gntv_or_sync_fifo.gcx.clkx/gnxpm_cdc.wr_pntr_gc_reg[0]} {dbg_hub/inst/BSCANID.u_xsdbm_id/CORE_XSDB.UUT_MASTER/U_ICON_INTERFACE/U_CMD6_RD/U_RD_FIFO/SUBCORE_FIFO.xsdbm_v3_0_0_rdfifo_inst/inst_fifo_gen/gconvfifo.rf/grf.rf/gntv_or_sync_fifo.gcx.clkx/gnxpm_cdc.wr_pntr_gc_reg[1]} {dbg_hub/inst/BSCANID.u_xsdbm_id/CORE_XSDB.UUT_MASTER/U_ICON_INTERFACE/U_CMD6_RD/U_RD_FIFO/SUBCORE_FIFO.xsdbm_v3_0_0_rdfifo_inst/inst_fifo_gen/gconvfifo.rf/grf.rf/gntv_or_sync_fifo.gcx.clkx/gnxpm_cdc.wr_pntr_gc_reg[2]} {dbg_hub/inst/BSCANID.u_xsdbm_id/CORE_XSDB.UUT_MASTER/U_ICON_INTERFACE/U_CMD6_RD/U_RD_FIFO/SUBCORE_FIFO.xsdbm_v3_0_0_rdfifo_inst/inst_fifo_gen/gconvfifo.rf/grf.rf/gntv_or_sync_fifo.gcx.clkx/gnxpm_cdc.wr_pntr_gc_reg[3]}]]
                                              [get_cells [list {dbg_hub/inst/BSCANID.u_xsdbm_id/CORE_XSDB.UUT_MASTER/U_ICON_INTERFACE/U_CMD6_RD/U_RD_FIFO/SUBCORE_FIFO.xsdbm_v3_0_0_rdfifo_inst/inst_fifo_gen/gconvfifo.rf/grf.rf/gntv_or_sync_fifo.gcx.clkx/gnxpm_cdc.gsync_stage[1].rd_stg_inst/Q_reg_reg[0]} {dbg_hub/inst/BSCANID.u_xsdbm_id/CORE_XSDB.UUT_MASTER/U_ICON_INTERFACE/U_CMD6_RD/U_RD_FIFO/SUBCORE_FIFO.xsdbm_v3_0_0_rdfifo_inst/inst_fifo_gen/gconvfifo.rf/grf.rf/gntv_or_sync_fifo.gcx.clkx/gnxpm_cdc.gsync_stage[1].rd_stg_inst/Q_reg_reg[1]} {dbg_hub/inst/BSCANID.u_xsdbm_id/CORE_XSDB.UUT_MASTER/U_ICON_INTERFACE/U_CMD6_RD/U_RD_FIFO/SUBCORE_FIFO.xsdbm_v3_0_0_rdfifo_inst/inst_fifo_gen/gconvfifo.rf/grf.rf/gntv_or_sync_fifo.gcx.clkx/gnxpm_cdc.gsync_stage[1].rd_stg_inst/Q_reg_reg[2]} {dbg_hub/inst/BSCANID.u_xsdbm_id/CORE_XSDB.UUT_MASTER/U_ICON_INTERFACE/U_CMD6_RD/U_RD_FIFO/SUBCORE_FIFO.xsdbm_v3_0_0_rdfifo_inst/inst_fifo_gen/gconvfifo.rf/grf.rf/gntv_or_sync_fifo.gcx.clkx/gnxpm_cdc.gsync_stage[1].rd_stg_inst/Q_reg_reg[3]}]]
                                                                              Slow              8.000       0.327      7.673
11  257       [get_cells [list {dbg_hub/inst/BSCANID.u_xsdbm_id/CORE_XSDB.UUT_MASTER/U_ICON_INTERFACE/U_CMD6_WR/U_WR_FIFO/SUBCORE_FIFO.xsdbm_v3_0_0_wrfifo_inst/inst_fifo_gen/gconvfifo.rf/grf.rf/gntv_or_sync_fifo.gcx.clkx/gnxpm_cdc.rd_pntr_gc_reg[0]} {dbg_hub/inst/BSCANID.u_xsdbm_id/CORE_XSDB.UUT_MASTER/U_ICON_INTERFACE/U_CMD6_WR/U_WR_FIFO/SUBCORE_FIFO.xsdbm_v3_0_0_wrfifo_inst/inst_fifo_gen/gconvfifo.rf/grf.rf/gntv_or_sync_fifo.gcx.clkx/gnxpm_cdc.rd_pntr_gc_reg[1]} {dbg_hub/inst/BSCANID.u_xsdbm_id/CORE_XSDB.UUT_MASTER/U_ICON_INTERFACE/U_CMD6_WR/U_WR_FIFO/SUBCORE_FIFO.xsdbm_v3_0_0_wrfifo_inst/inst_fifo_gen/gconvfifo.rf/grf.rf/gntv_or_sync_fifo.gcx.clkx/gnxpm_cdc.rd_pntr_gc_reg[2]} {dbg_hub/inst/BSCANID.u_xsdbm_id/CORE_XSDB.UUT_MASTER/U_ICON_INTERFACE/U_CMD6_WR/U_WR_FIFO/SUBCORE_FIFO.xsdbm_v3_0_0_wrfifo_inst/inst_fifo_gen/gconvfifo.rf/grf.rf/gntv_or_sync_fifo.gcx.clkx/gnxpm_cdc.rd_pntr_gc_reg[3]}]]
                                              [get_cells [list {dbg_hub/inst/BSCANID.u_xsdbm_id/CORE_XSDB.UUT_MASTER/U_ICON_INTERFACE/U_CMD6_WR/U_WR_FIFO/SUBCORE_FIFO.xsdbm_v3_0_0_wrfifo_inst/inst_fifo_gen/gconvfifo.rf/grf.rf/gntv_or_sync_fifo.gcx.clkx/gnxpm_cdc.gsync_stage[1].wr_stg_inst/Q_reg_reg[0]} {dbg_hub/inst/BSCANID.u_xsdbm_id/CORE_XSDB.UUT_MASTER/U_ICON_INTERFACE/U_CMD6_WR/U_WR_FIFO/SUBCORE_FIFO.xsdbm_v3_0_0_wrfifo_inst/inst_fifo_gen/gconvfifo.rf/grf.rf/gntv_or_sync_fifo.gcx.clkx/gnxpm_cdc.gsync_stage[1].wr_stg_inst/Q_reg_reg[1]} {dbg_hub/inst/BSCANID.u_xsdbm_id/CORE_XSDB.UUT_MASTER/U_ICON_INTERFACE/U_CMD6_WR/U_WR_FIFO/SUBCORE_FIFO.xsdbm_v3_0_0_wrfifo_inst/inst_fifo_gen/gconvfifo.rf/grf.rf/gntv_or_sync_fifo.gcx.clkx/gnxpm_cdc.gsync_stage[1].wr_stg_inst/Q_reg_reg[2]} {dbg_hub/inst/BSCANID.u_xsdbm_id/CORE_XSDB.UUT_MASTER/U_ICON_INTERFACE/U_CMD6_WR/U_WR_FIFO/SUBCORE_FIFO.xsdbm_v3_0_0_wrfifo_inst/inst_fifo_gen/gconvfifo.rf/grf.rf/gntv_or_sync_fifo.gcx.clkx/gnxpm_cdc.gsync_stage[1].wr_stg_inst/Q_reg_reg[3]}]]
                                                                              Slow              8.000       0.488      7.512
12  259       [get_cells [list {dbg_hub/inst/BSCANID.u_xsdbm_id/CORE_XSDB.UUT_MASTER/U_ICON_INTERFACE/U_CMD6_WR/U_WR_FIFO/SUBCORE_FIFO.xsdbm_v3_0_0_wrfifo_inst/inst_fifo_gen/gconvfifo.rf/grf.rf/gntv_or_sync_fifo.gcx.clkx/gnxpm_cdc.wr_pntr_gc_reg[0]} {dbg_hub/inst/BSCANID.u_xsdbm_id/CORE_XSDB.UUT_MASTER/U_ICON_INTERFACE/U_CMD6_WR/U_WR_FIFO/SUBCORE_FIFO.xsdbm_v3_0_0_wrfifo_inst/inst_fifo_gen/gconvfifo.rf/grf.rf/gntv_or_sync_fifo.gcx.clkx/gnxpm_cdc.wr_pntr_gc_reg[1]} {dbg_hub/inst/BSCANID.u_xsdbm_id/CORE_XSDB.UUT_MASTER/U_ICON_INTERFACE/U_CMD6_WR/U_WR_FIFO/SUBCORE_FIFO.xsdbm_v3_0_0_wrfifo_inst/inst_fifo_gen/gconvfifo.rf/grf.rf/gntv_or_sync_fifo.gcx.clkx/gnxpm_cdc.wr_pntr_gc_reg[2]} {dbg_hub/inst/BSCANID.u_xsdbm_id/CORE_XSDB.UUT_MASTER/U_ICON_INTERFACE/U_CMD6_WR/U_WR_FIFO/SUBCORE_FIFO.xsdbm_v3_0_0_wrfifo_inst/inst_fifo_gen/gconvfifo.rf/grf.rf/gntv_or_sync_fifo.gcx.clkx/gnxpm_cdc.wr_pntr_gc_reg[3]}]]
                                              [get_cells [list {dbg_hub/inst/BSCANID.u_xsdbm_id/CORE_XSDB.UUT_MASTER/U_ICON_INTERFACE/U_CMD6_WR/U_WR_FIFO/SUBCORE_FIFO.xsdbm_v3_0_0_wrfifo_inst/inst_fifo_gen/gconvfifo.rf/grf.rf/gntv_or_sync_fifo.gcx.clkx/gnxpm_cdc.gsync_stage[1].rd_stg_inst/Q_reg_reg[0]} {dbg_hub/inst/BSCANID.u_xsdbm_id/CORE_XSDB.UUT_MASTER/U_ICON_INTERFACE/U_CMD6_WR/U_WR_FIFO/SUBCORE_FIFO.xsdbm_v3_0_0_wrfifo_inst/inst_fifo_gen/gconvfifo.rf/grf.rf/gntv_or_sync_fifo.gcx.clkx/gnxpm_cdc.gsync_stage[1].rd_stg_inst/Q_reg_reg[1]} {dbg_hub/inst/BSCANID.u_xsdbm_id/CORE_XSDB.UUT_MASTER/U_ICON_INTERFACE/U_CMD6_WR/U_WR_FIFO/SUBCORE_FIFO.xsdbm_v3_0_0_wrfifo_inst/inst_fifo_gen/gconvfifo.rf/grf.rf/gntv_or_sync_fifo.gcx.clkx/gnxpm_cdc.gsync_stage[1].rd_stg_inst/Q_reg_reg[2]} {dbg_hub/inst/BSCANID.u_xsdbm_id/CORE_XSDB.UUT_MASTER/U_ICON_INTERFACE/U_CMD6_WR/U_WR_FIFO/SUBCORE_FIFO.xsdbm_v3_0_0_wrfifo_inst/inst_fifo_gen/gconvfifo.rf/grf.rf/gntv_or_sync_fifo.gcx.clkx/gnxpm_cdc.gsync_stage[1].rd_stg_inst/Q_reg_reg[3]}]]
                                                                              Slow              8.000       0.606      7.394


2. Bus Skew Report Per Constraint
---------------------------------

Id: 1
set_bus_skew -from [get_cells [list {top_block_i/appUnit/async_fifos/xpm_afifo_wrapper_1/inst/xpm_fifo_async_inst/gnuram_async_fifo.xpm_fifo_base_inst/gen_cdc_pntr.rd_pntr_cdc_inst/src_gray_ff_reg[0]} {top_block_i/appUnit/async_fifos/xpm_afifo_wrapper_1/inst/xpm_fifo_async_inst/gnuram_async_fifo.xpm_fifo_base_inst/gen_cdc_pntr.rd_pntr_cdc_inst/src_gray_ff_reg[1]} {top_block_i/appUnit/async_fifos/xpm_afifo_wrapper_1/inst/xpm_fifo_async_inst/gnuram_async_fifo.xpm_fifo_base_inst/gen_cdc_pntr.rd_pntr_cdc_inst/src_gray_ff_reg[2]} {top_block_i/appUnit/async_fifos/xpm_afifo_wrapper_1/inst/xpm_fifo_async_inst/gnuram_async_fifo.xpm_fifo_base_inst/gen_cdc_pntr.rd_pntr_cdc_inst/src_gray_ff_reg[3]} {top_block_i/appUnit/async_fifos/xpm_afifo_wrapper_1/inst/xpm_fifo_async_inst/gnuram_async_fifo.xpm_fifo_base_inst/gen_cdc_pntr.rd_pntr_cdc_inst/src_gray_ff_reg[4]}]] -to [get_cells [list {top_block_i/appUnit/async_fifos/xpm_afifo_wrapper_1/inst/xpm_fifo_async_inst/gnuram_async_fifo.xpm_fifo_base_inst/gen_cdc_pntr.rd_pntr_cdc_inst/dest_graysync_ff_reg[0][0]} {top_block_i/appUnit/async_fifos/xpm_afifo_wrapper_1/inst/xpm_fifo_async_inst/gnuram_async_fifo.xpm_fifo_base_inst/gen_cdc_pntr.rd_pntr_cdc_inst/dest_graysync_ff_reg[0][1]} {top_block_i/appUnit/async_fifos/xpm_afifo_wrapper_1/inst/xpm_fifo_async_inst/gnuram_async_fifo.xpm_fifo_base_inst/gen_cdc_pntr.rd_pntr_cdc_inst/dest_graysync_ff_reg[0][2]} {top_block_i/appUnit/async_fifos/xpm_afifo_wrapper_1/inst/xpm_fifo_async_inst/gnuram_async_fifo.xpm_fifo_base_inst/gen_cdc_pntr.rd_pntr_cdc_inst/dest_graysync_ff_reg[0][3]} {top_block_i/appUnit/async_fifos/xpm_afifo_wrapper_1/inst/xpm_fifo_async_inst/gnuram_async_fifo.xpm_fifo_base_inst/gen_cdc_pntr.rd_pntr_cdc_inst/dest_graysync_ff_reg[0][4]}]] 3.125
Requirement: 3.125ns
Endpoints: 5

From Clock            To Clock              Endpoint Pin                    Reference Pin                   Corner  Actual(ns)  Slack(ns)
--------------------  --------------------  ------------------------------  ------------------------------  ------  ----------  ---------
clk_out5_top_block_clk_wiz_0_0
                      clk_out1_top_block_clk_wiz_1_0
                                            top_block_i/appUnit/async_fifos/xpm_afifo_wrapper_1/inst/xpm_fifo_async_inst/gnuram_async_fifo.xpm_fifo_base_inst/gen_cdc_pntr.rd_pntr_cdc_inst/dest_graysync_ff_reg[0][4]/D
                                                                            top_block_i/appUnit/async_fifos/xpm_afifo_wrapper_1/inst/xpm_fifo_async_inst/gnuram_async_fifo.xpm_fifo_base_inst/gen_cdc_pntr.rd_pntr_cdc_inst/dest_graysync_ff_reg[0][0]/D
                                                                                                            Slow         0.215      2.910


Slack (MET) :             2.910ns  (requirement - actual skew)
  Endpoint Source:        top_block_i/appUnit/async_fifos/xpm_afifo_wrapper_1/inst/xpm_fifo_async_inst/gnuram_async_fifo.xpm_fifo_base_inst/gen_cdc_pntr.rd_pntr_cdc_inst/src_gray_ff_reg[4]/C
                            (rising edge-triggered cell FDRE clocked by clk_out5_top_block_clk_wiz_0_0)
  Endpoint Destination:   top_block_i/appUnit/async_fifos/xpm_afifo_wrapper_1/inst/xpm_fifo_async_inst/gnuram_async_fifo.xpm_fifo_base_inst/gen_cdc_pntr.rd_pntr_cdc_inst/dest_graysync_ff_reg[0][4]/D
                            (rising edge-triggered cell FDRE clocked by clk_out1_top_block_clk_wiz_1_0)
  Reference Source:       top_block_i/appUnit/async_fifos/xpm_afifo_wrapper_1/inst/xpm_fifo_async_inst/gnuram_async_fifo.xpm_fifo_base_inst/gen_cdc_pntr.rd_pntr_cdc_inst/src_gray_ff_reg[0]/C
                            (rising edge-triggered cell FDRE clocked by clk_out5_top_block_clk_wiz_0_0)
  Reference Destination:  top_block_i/appUnit/async_fifos/xpm_afifo_wrapper_1/inst/xpm_fifo_async_inst/gnuram_async_fifo.xpm_fifo_base_inst/gen_cdc_pntr.rd_pntr_cdc_inst/dest_graysync_ff_reg[0][0]/D
                            (rising edge-triggered cell FDRE clocked by clk_out1_top_block_clk_wiz_1_0)
  Path Type:              Bus Skew (Max at Slow Process Corner)
  Requirement:            3.125ns
  Endpoint Relative Delay:   -2.217ns
  Reference Relative Delay:  -2.606ns
  Relative CRPR:              0.174ns
  Actual Bus Skew:            0.215ns  (Endpoint Relative Delay - Reference Relative Delay - Relative CRPR)

Endpoint path:
    Location             Delay type                Incr(ns)  Path(ns)    Netlist Resource(s)
  -------------------------------------------------------------------    -------------------
                         (clock clk_out5_top_block_clk_wiz_0_0 rise edge)
                                                      0.000     0.000 r  
    L17                                               0.000     0.000 r  BASECLK (IN)
                         net (fo=0)                   0.000     0.000    top_block_i/clock_wrapper/clk_wiz_0/inst/clkin1_ibuf/I
    L17                  INBUF (Prop_INBUF_HPIOB_M_PAD_O)
                                                      0.521     0.521 r  top_block_i/clock_wrapper/clk_wiz_0/inst/clkin1_ibuf/INBUF_INST/O
                         net (fo=1, routed)           0.000     0.521    top_block_i/clock_wrapper/clk_wiz_0/inst/clkin1_ibuf/OUT
    L17                  IBUFCTRL (Prop_IBUFCTRL_HPIOB_M_I_O)
                                                      0.000     0.521 r  top_block_i/clock_wrapper/clk_wiz_0/inst/clkin1_ibuf/IBUFCTRL_INST/O
                         net (fo=1, routed)           0.404     0.925    top_block_i/clock_wrapper/clk_wiz_0/inst/clk_in1_top_block_clk_wiz_0_0
    MMCM_X0Y1            MMCME4_ADV (Prop_MMCM_CLKIN1_CLKOUT4)
                                                     -0.106     0.819 r  top_block_i/clock_wrapper/clk_wiz_0/inst/mmcme4_adv_inst/CLKOUT4
                         net (fo=1, routed)           0.270     1.089    top_block_i/clock_wrapper/clk_wiz_0/inst/clk_out5_top_block_clk_wiz_0_0
    BUFGCE_X0Y44         BUFGCE (Prop_BUFCE_BUFGCE_I_O)
                                                      0.028     1.117 r  top_block_i/clock_wrapper/clk_wiz_0/inst/clkout5_buf/O
    X0Y1 (CLOCK_ROOT)    net (fo=10934, routed)       1.361     2.478    top_block_i/appUnit/async_fifos/xpm_afifo_wrapper_1/inst/xpm_fifo_async_inst/gnuram_async_fifo.xpm_fifo_base_inst/gen_cdc_pntr.rd_pntr_cdc_inst/src_clk
    SLICE_X11Y34         FDRE                                         r  top_block_i/appUnit/async_fifos/xpm_afifo_wrapper_1/inst/xpm_fifo_async_inst/gnuram_async_fifo.xpm_fifo_base_inst/gen_cdc_pntr.rd_pntr_cdc_inst/src_gray_ff_reg[4]/C
  -------------------------------------------------------------------    -------------------
    SLICE_X11Y34         FDRE (Prop_AFF_SLICEM_C_Q)
                                                      0.093     2.571 r  top_block_i/appUnit/async_fifos/xpm_afifo_wrapper_1/inst/xpm_fifo_async_inst/gnuram_async_fifo.xpm_fifo_base_inst/gen_cdc_pntr.rd_pntr_cdc_inst/src_gray_ff_reg[4]/Q
                         net (fo=1, routed)           0.458     3.029    top_block_i/appUnit/async_fifos/xpm_afifo_wrapper_1/inst/xpm_fifo_async_inst/gnuram_async_fifo.xpm_fifo_base_inst/gen_cdc_pntr.rd_pntr_cdc_inst/async_path[4]
    SLICE_X11Y33         FDRE                                         r  top_block_i/appUnit/async_fifos/xpm_afifo_wrapper_1/inst/xpm_fifo_async_inst/gnuram_async_fifo.xpm_fifo_base_inst/gen_cdc_pntr.rd_pntr_cdc_inst/dest_graysync_ff_reg[0][4]/D
  -------------------------------------------------------------------    -------------------

                         (clock clk_out1_top_block_clk_wiz_1_0 rise edge)
                                                      0.000     0.000 r  
    L17                                               0.000     0.000 r  BASECLK (IN)
                         net (fo=0)                   0.000     0.000    top_block_i/clock_wrapper/clk_wiz_0/inst/clkin1_ibuf/I
    L17                  INBUF (Prop_INBUF_HPIOB_M_PAD_O)
                                                      0.255     0.255 r  top_block_i/clock_wrapper/clk_wiz_0/inst/clkin1_ibuf/INBUF_INST/O
                         net (fo=1, routed)           0.000     0.255    top_block_i/clock_wrapper/clk_wiz_0/inst/clkin1_ibuf/OUT
    L17                  IBUFCTRL (Prop_IBUFCTRL_HPIOB_M_I_O)
                                                      0.000     0.255 r  top_block_i/clock_wrapper/clk_wiz_0/inst/clkin1_ibuf/IBUFCTRL_INST/O
                         net (fo=1, routed)           0.351     0.606    top_block_i/clock_wrapper/clk_wiz_0/inst/clk_in1_top_block_clk_wiz_0_0
    MMCM_X0Y1            MMCME4_ADV (Prop_MMCM_CLKIN1_CLKOUT0)
                                                      0.644     1.250 r  top_block_i/clock_wrapper/clk_wiz_0/inst/mmcme4_adv_inst/CLKOUT0
                         net (fo=1, routed)           0.227     1.477    top_block_i/clock_wrapper/clk_wiz_0/inst/clk_out1_top_block_clk_wiz_0_0
    BUFGCE_X0Y26         BUFGCE (Prop_BUFCE_BUFGCE_I_O)
                                                      0.024     1.501 r  top_block_i/clock_wrapper/clk_wiz_0/inst/clkout1_buf/O
                         net (fo=670, routed)         0.934     2.435    top_block_i/clock_wrapper/clk_wiz_1/inst/clk_in1
    BUFGCE_X0Y23         BUFGCE (Prop_BUFCE_BUFGCE_I_O)
                                                      0.024     2.459 r  top_block_i/clock_wrapper/clk_wiz_1/inst/clkin1_bufg/O
                         net (fo=1, routed)           0.552     3.011    top_block_i/clock_wrapper/clk_wiz_1/inst/clk_in1_top_block_clk_wiz_1_0
    MMCM_X0Y0            MMCME4_ADV (Prop_MMCM_CLKIN1_CLKOUT0)
                                                      0.644     3.655 r  top_block_i/clock_wrapper/clk_wiz_1/inst/mmcme4_adv_inst/CLKOUT0
                         net (fo=1, routed)           0.228     3.883    top_block_i/clock_wrapper/clk_wiz_1/inst/clk_out1_top_block_clk_wiz_1_0
    BUFGCE_X0Y22         BUFGCE (Prop_BUFCE_BUFGCE_I_O)
                                                      0.024     3.907 r  top_block_i/clock_wrapper/clk_wiz_1/inst/clkout1_buf/O
    X0Y1 (CLOCK_ROOT)    net (fo=3213, routed)        1.743     5.650    top_block_i/appUnit/async_fifos/xpm_afifo_wrapper_1/inst/xpm_fifo_async_inst/gnuram_async_fifo.xpm_fifo_base_inst/gen_cdc_pntr.rd_pntr_cdc_inst/dest_clk
    SLICE_X11Y33         FDRE                                         r  top_block_i/appUnit/async_fifos/xpm_afifo_wrapper_1/inst/xpm_fifo_async_inst/gnuram_async_fifo.xpm_fifo_base_inst/gen_cdc_pntr.rd_pntr_cdc_inst/dest_graysync_ff_reg[0][4]/C
                         clock pessimism             -0.430     5.219    
    SLICE_X11Y33         FDRE (Setup_FFF2_SLICEM_C_D)
                                                      0.027     5.246    top_block_i/appUnit/async_fifos/xpm_afifo_wrapper_1/inst/xpm_fifo_async_inst/gnuram_async_fifo.xpm_fifo_base_inst/gen_cdc_pntr.rd_pntr_cdc_inst/dest_graysync_ff_reg[0][4]
  -------------------------------------------------------------------
                         data arrival                           3.029    
                         clock arrival                          5.246    
  -------------------------------------------------------------------
                         relative delay                        -2.217    

Reference path:
    Location             Delay type                Incr(ns)  Path(ns)    Netlist Resource(s)
  -------------------------------------------------------------------    -------------------
                         (clock clk_out5_top_block_clk_wiz_0_0 rise edge)
                                                      0.000     0.000 r  
    L17                                               0.000     0.000 r  BASECLK (IN)
                         net (fo=0)                   0.000     0.000    top_block_i/clock_wrapper/clk_wiz_0/inst/clkin1_ibuf/I
    L17                  INBUF (Prop_INBUF_HPIOB_M_PAD_O)
                                                      0.255     0.255 r  top_block_i/clock_wrapper/clk_wiz_0/inst/clkin1_ibuf/INBUF_INST/O
                         net (fo=1, routed)           0.000     0.255    top_block_i/clock_wrapper/clk_wiz_0/inst/clkin1_ibuf/OUT
    L17                  IBUFCTRL (Prop_IBUFCTRL_HPIOB_M_I_O)
                                                      0.000     0.255 r  top_block_i/clock_wrapper/clk_wiz_0/inst/clkin1_ibuf/IBUFCTRL_INST/O
                         net (fo=1, routed)           0.351     0.606    top_block_i/clock_wrapper/clk_wiz_0/inst/clk_in1_top_block_clk_wiz_0_0
    MMCM_X0Y1            MMCME4_ADV (Prop_MMCM_CLKIN1_CLKOUT4)
                                                      0.644     1.250 r  top_block_i/clock_wrapper/clk_wiz_0/inst/mmcme4_adv_inst/CLKOUT4
                         net (fo=1, routed)           0.238     1.488    top_block_i/clock_wrapper/clk_wiz_0/inst/clk_out5_top_block_clk_wiz_0_0
    BUFGCE_X0Y44         BUFGCE (Prop_BUFCE_BUFGCE_I_O)
                                                      0.024     1.512 r  top_block_i/clock_wrapper/clk_wiz_0/inst/clkout5_buf/O
    X0Y1 (CLOCK_ROOT)    net (fo=10934, routed)       1.155     2.667    top_block_i/appUnit/async_fifos/xpm_afifo_wrapper_1/inst/xpm_fifo_async_inst/gnuram_async_fifo.xpm_fifo_base_inst/gen_cdc_pntr.rd_pntr_cdc_inst/src_clk
    SLICE_X12Y35         FDRE                                         r  top_block_i/appUnit/async_fifos/xpm_afifo_wrapper_1/inst/xpm_fifo_async_inst/gnuram_async_fifo.xpm_fifo_base_inst/gen_cdc_pntr.rd_pntr_cdc_inst/src_gray_ff_reg[0]/C
  -------------------------------------------------------------------    -------------------
    SLICE_X12Y35         FDRE (Prop_DFF_SLICEL_C_Q)
                                                      0.070     2.737 r  top_block_i/appUnit/async_fifos/xpm_afifo_wrapper_1/inst/xpm_fifo_async_inst/gnuram_async_fifo.xpm_fifo_base_inst/gen_cdc_pntr.rd_pntr_cdc_inst/src_gray_ff_reg[0]/Q
                         net (fo=1, routed)           0.087     2.824    top_block_i/appUnit/async_fifos/xpm_afifo_wrapper_1/inst/xpm_fifo_async_inst/gnuram_async_fifo.xpm_fifo_base_inst/gen_cdc_pntr.rd_pntr_cdc_inst/async_path[0]
    SLICE_X11Y35         FDRE                                         r  top_block_i/appUnit/async_fifos/xpm_afifo_wrapper_1/inst/xpm_fifo_async_inst/gnuram_async_fifo.xpm_fifo_base_inst/gen_cdc_pntr.rd_pntr_cdc_inst/dest_graysync_ff_reg[0][0]/D
  -------------------------------------------------------------------    -------------------

                         (clock clk_out1_top_block_clk_wiz_1_0 rise edge)
                                                      0.000     0.000 r  
    L17                                               0.000     0.000 r  BASECLK (IN)
                         net (fo=0)                   0.000     0.000    top_block_i/clock_wrapper/clk_wiz_0/inst/clkin1_ibuf/I
    L17                  INBUF (Prop_INBUF_HPIOB_M_PAD_O)
                                                      0.521     0.521 r  top_block_i/clock_wrapper/clk_wiz_0/inst/clkin1_ibuf/INBUF_INST/O
                         net (fo=1, routed)           0.000     0.521    top_block_i/clock_wrapper/clk_wiz_0/inst/clkin1_ibuf/OUT
    L17                  IBUFCTRL (Prop_IBUFCTRL_HPIOB_M_I_O)
                                                      0.000     0.521 r  top_block_i/clock_wrapper/clk_wiz_0/inst/clkin1_ibuf/IBUFCTRL_INST/O
                         net (fo=1, routed)           0.404     0.925    top_block_i/clock_wrapper/clk_wiz_0/inst/clk_in1_top_block_clk_wiz_0_0
    MMCM_X0Y1            MMCME4_ADV (Prop_MMCM_CLKIN1_CLKOUT0)
                                                     -0.106     0.819 r  top_block_i/clock_wrapper/clk_wiz_0/inst/mmcme4_adv_inst/CLKOUT0
                         net (fo=1, routed)           0.255     1.074    top_block_i/clock_wrapper/clk_wiz_0/inst/clk_out1_top_block_clk_wiz_0_0
    BUFGCE_X0Y26         BUFGCE (Prop_BUFCE_BUFGCE_I_O)
                                                      0.028     1.102 r  top_block_i/clock_wrapper/clk_wiz_0/inst/clkout1_buf/O
                         net (fo=670, routed)         1.030     2.132    top_block_i/clock_wrapper/clk_wiz_1/inst/clk_in1
    BUFGCE_X0Y23         BUFGCE (Prop_BUFCE_BUFGCE_I_O)
                                                      0.028     2.160 r  top_block_i/clock_wrapper/clk_wiz_1/inst/clkin1_bufg/O
                         net (fo=1, routed)           0.619     2.779    top_block_i/clock_wrapper/clk_wiz_1/inst/clk_in1_top_block_clk_wiz_1_0
    MMCM_X0Y0            MMCME4_ADV (Prop_MMCM_CLKIN1_CLKOUT0)
                                                     -0.106     2.673 r  top_block_i/clock_wrapper/clk_wiz_1/inst/mmcme4_adv_inst/CLKOUT0
                         net (fo=1, routed)           0.256     2.929    top_block_i/clock_wrapper/clk_wiz_1/inst/clk_out1_top_block_clk_wiz_1_0
    BUFGCE_X0Y22         BUFGCE (Prop_BUFCE_BUFGCE_I_O)
                                                      0.028     2.957 r  top_block_i/clock_wrapper/clk_wiz_1/inst/clkout1_buf/O
    X0Y1 (CLOCK_ROOT)    net (fo=3213, routed)        1.988     4.946    top_block_i/appUnit/async_fifos/xpm_afifo_wrapper_1/inst/xpm_fifo_async_inst/gnuram_async_fifo.xpm_fifo_base_inst/gen_cdc_pntr.rd_pntr_cdc_inst/dest_clk
    SLICE_X11Y35         FDRE                                         r  top_block_i/appUnit/async_fifos/xpm_afifo_wrapper_1/inst/xpm_fifo_async_inst/gnuram_async_fifo.xpm_fifo_base_inst/gen_cdc_pntr.rd_pntr_cdc_inst/dest_graysync_ff_reg[0][0]/C
                         clock pessimism              0.430     5.376    
    SLICE_X11Y35         FDRE (Hold_DFF2_SLICEM_C_D)
                                                      0.054     5.430    top_block_i/appUnit/async_fifos/xpm_afifo_wrapper_1/inst/xpm_fifo_async_inst/gnuram_async_fifo.xpm_fifo_base_inst/gen_cdc_pntr.rd_pntr_cdc_inst/dest_graysync_ff_reg[0][0]
  -------------------------------------------------------------------
                         data arrival                           2.824    
                         clock arrival                          5.430    
  -------------------------------------------------------------------
                         relative delay                        -2.606    



Id: 2
set_bus_skew -from [get_cells [list {top_block_i/appUnit/async_fifos/xpm_afifo_wrapper_1/inst/xpm_fifo_async_inst/gnuram_async_fifo.xpm_fifo_base_inst/gen_cdc_pntr.wr_pntr_cdc_inst/src_gray_ff_reg[0]} {top_block_i/appUnit/async_fifos/xpm_afifo_wrapper_1/inst/xpm_fifo_async_inst/gnuram_async_fifo.xpm_fifo_base_inst/gen_cdc_pntr.wr_pntr_cdc_inst/src_gray_ff_reg[1]} {top_block_i/appUnit/async_fifos/xpm_afifo_wrapper_1/inst/xpm_fifo_async_inst/gnuram_async_fifo.xpm_fifo_base_inst/gen_cdc_pntr.wr_pntr_cdc_inst/src_gray_ff_reg[2]} {top_block_i/appUnit/async_fifos/xpm_afifo_wrapper_1/inst/xpm_fifo_async_inst/gnuram_async_fifo.xpm_fifo_base_inst/gen_cdc_pntr.wr_pntr_cdc_inst/src_gray_ff_reg[3]} {top_block_i/appUnit/async_fifos/xpm_afifo_wrapper_1/inst/xpm_fifo_async_inst/gnuram_async_fifo.xpm_fifo_base_inst/gen_cdc_pntr.wr_pntr_cdc_inst/src_gray_ff_reg[4]}]] -to [get_cells [list {top_block_i/appUnit/async_fifos/xpm_afifo_wrapper_1/inst/xpm_fifo_async_inst/gnuram_async_fifo.xpm_fifo_base_inst/gen_cdc_pntr.wr_pntr_cdc_inst/dest_graysync_ff_reg[0][0]} {top_block_i/appUnit/async_fifos/xpm_afifo_wrapper_1/inst/xpm_fifo_async_inst/gnuram_async_fifo.xpm_fifo_base_inst/gen_cdc_pntr.wr_pntr_cdc_inst/dest_graysync_ff_reg[0][1]} {top_block_i/appUnit/async_fifos/xpm_afifo_wrapper_1/inst/xpm_fifo_async_inst/gnuram_async_fifo.xpm_fifo_base_inst/gen_cdc_pntr.wr_pntr_cdc_inst/dest_graysync_ff_reg[0][2]} {top_block_i/appUnit/async_fifos/xpm_afifo_wrapper_1/inst/xpm_fifo_async_inst/gnuram_async_fifo.xpm_fifo_base_inst/gen_cdc_pntr.wr_pntr_cdc_inst/dest_graysync_ff_reg[0][3]} {top_block_i/appUnit/async_fifos/xpm_afifo_wrapper_1/inst/xpm_fifo_async_inst/gnuram_async_fifo.xpm_fifo_base_inst/gen_cdc_pntr.wr_pntr_cdc_inst/dest_graysync_ff_reg[0][4]}]] 3.125
Requirement: 3.125ns
Endpoints: 5

From Clock            To Clock              Endpoint Pin                    Reference Pin                   Corner  Actual(ns)  Slack(ns)
--------------------  --------------------  ------------------------------  ------------------------------  ------  ----------  ---------
clk_out1_top_block_clk_wiz_1_0
                      clk_out5_top_block_clk_wiz_0_0
                                            top_block_i/appUnit/async_fifos/xpm_afifo_wrapper_1/inst/xpm_fifo_async_inst/gnuram_async_fifo.xpm_fifo_base_inst/gen_cdc_pntr.wr_pntr_cdc_inst/dest_graysync_ff_reg[0][0]/D
                                                                            top_block_i/appUnit/async_fifos/xpm_afifo_wrapper_1/inst/xpm_fifo_async_inst/gnuram_async_fifo.xpm_fifo_base_inst/gen_cdc_pntr.wr_pntr_cdc_inst/dest_graysync_ff_reg[0][3]/D
                                                                                                            Slow         0.063      3.062


Slack (MET) :             3.062ns  (requirement - actual skew)
  Endpoint Source:        top_block_i/appUnit/async_fifos/xpm_afifo_wrapper_1/inst/xpm_fifo_async_inst/gnuram_async_fifo.xpm_fifo_base_inst/gen_cdc_pntr.wr_pntr_cdc_inst/src_gray_ff_reg[0]/C
                            (rising edge-triggered cell FDRE clocked by clk_out1_top_block_clk_wiz_1_0)
  Endpoint Destination:   top_block_i/appUnit/async_fifos/xpm_afifo_wrapper_1/inst/xpm_fifo_async_inst/gnuram_async_fifo.xpm_fifo_base_inst/gen_cdc_pntr.wr_pntr_cdc_inst/dest_graysync_ff_reg[0][0]/D
                            (rising edge-triggered cell FDRE clocked by clk_out5_top_block_clk_wiz_0_0)
  Reference Source:       top_block_i/appUnit/async_fifos/xpm_afifo_wrapper_1/inst/xpm_fifo_async_inst/gnuram_async_fifo.xpm_fifo_base_inst/gen_cdc_pntr.wr_pntr_cdc_inst/src_gray_ff_reg[3]/C
                            (rising edge-triggered cell FDRE clocked by clk_out1_top_block_clk_wiz_1_0)
  Reference Destination:  top_block_i/appUnit/async_fifos/xpm_afifo_wrapper_1/inst/xpm_fifo_async_inst/gnuram_async_fifo.xpm_fifo_base_inst/gen_cdc_pntr.wr_pntr_cdc_inst/dest_graysync_ff_reg[0][3]/D
                            (rising edge-triggered cell FDRE clocked by clk_out5_top_block_clk_wiz_0_0)
  Path Type:              Bus Skew (Max at Slow Process Corner)
  Requirement:            3.125ns
  Endpoint Relative Delay:    3.083ns
  Reference Relative Delay:   2.845ns
  Relative CRPR:              0.175ns
  Actual Bus Skew:            0.063ns  (Endpoint Relative Delay - Reference Relative Delay - Relative CRPR)

Endpoint path:
    Location             Delay type                Incr(ns)  Path(ns)    Netlist Resource(s)
  -------------------------------------------------------------------    -------------------
                         (clock clk_out1_top_block_clk_wiz_1_0 rise edge)
                                                      0.000     0.000 r  
    L17                                               0.000     0.000 r  BASECLK (IN)
                         net (fo=0)                   0.000     0.000    top_block_i/clock_wrapper/clk_wiz_0/inst/clkin1_ibuf/I
    L17                  INBUF (Prop_INBUF_HPIOB_M_PAD_O)
                                                      0.521     0.521 r  top_block_i/clock_wrapper/clk_wiz_0/inst/clkin1_ibuf/INBUF_INST/O
                         net (fo=1, routed)           0.000     0.521    top_block_i/clock_wrapper/clk_wiz_0/inst/clkin1_ibuf/OUT
    L17                  IBUFCTRL (Prop_IBUFCTRL_HPIOB_M_I_O)
                                                      0.000     0.521 r  top_block_i/clock_wrapper/clk_wiz_0/inst/clkin1_ibuf/IBUFCTRL_INST/O
                         net (fo=1, routed)           0.404     0.925    top_block_i/clock_wrapper/clk_wiz_0/inst/clk_in1_top_block_clk_wiz_0_0
    MMCM_X0Y1            MMCME4_ADV (Prop_MMCM_CLKIN1_CLKOUT0)
                                                     -0.106     0.819 r  top_block_i/clock_wrapper/clk_wiz_0/inst/mmcme4_adv_inst/CLKOUT0
                         net (fo=1, routed)           0.255     1.074    top_block_i/clock_wrapper/clk_wiz_0/inst/clk_out1_top_block_clk_wiz_0_0
    BUFGCE_X0Y26         BUFGCE (Prop_BUFCE_BUFGCE_I_O)
                                                      0.028     1.102 r  top_block_i/clock_wrapper/clk_wiz_0/inst/clkout1_buf/O
                         net (fo=670, routed)         1.030     2.132    top_block_i/clock_wrapper/clk_wiz_1/inst/clk_in1
    BUFGCE_X0Y23         BUFGCE (Prop_BUFCE_BUFGCE_I_O)
                                                      0.028     2.160 r  top_block_i/clock_wrapper/clk_wiz_1/inst/clkin1_bufg/O
                         net (fo=1, routed)           0.619     2.779    top_block_i/clock_wrapper/clk_wiz_1/inst/clk_in1_top_block_clk_wiz_1_0
    MMCM_X0Y0            MMCME4_ADV (Prop_MMCM_CLKIN1_CLKOUT0)
                                                     -0.106     2.673 r  top_block_i/clock_wrapper/clk_wiz_1/inst/mmcme4_adv_inst/CLKOUT0
                         net (fo=1, routed)           0.256     2.929    top_block_i/clock_wrapper/clk_wiz_1/inst/clk_out1_top_block_clk_wiz_1_0
    BUFGCE_X0Y22         BUFGCE (Prop_BUFCE_BUFGCE_I_O)
                                                      0.028     2.957 r  top_block_i/clock_wrapper/clk_wiz_1/inst/clkout1_buf/O
    X0Y1 (CLOCK_ROOT)    net (fo=3213, routed)        1.974     4.931    top_block_i/appUnit/async_fifos/xpm_afifo_wrapper_1/inst/xpm_fifo_async_inst/gnuram_async_fifo.xpm_fifo_base_inst/gen_cdc_pntr.wr_pntr_cdc_inst/src_clk
    SLICE_X11Y33         FDRE                                         r  top_block_i/appUnit/async_fifos/xpm_afifo_wrapper_1/inst/xpm_fifo_async_inst/gnuram_async_fifo.xpm_fifo_base_inst/gen_cdc_pntr.wr_pntr_cdc_inst/src_gray_ff_reg[0]/C
  -------------------------------------------------------------------    -------------------
    SLICE_X11Y33         FDRE (Prop_HFF_SLICEM_C_Q)
                                                      0.096     5.027 r  top_block_i/appUnit/async_fifos/xpm_afifo_wrapper_1/inst/xpm_fifo_async_inst/gnuram_async_fifo.xpm_fifo_base_inst/gen_cdc_pntr.wr_pntr_cdc_inst/src_gray_ff_reg[0]/Q
                         net (fo=1, routed)           0.320     5.347    top_block_i/appUnit/async_fifos/xpm_afifo_wrapper_1/inst/xpm_fifo_async_inst/gnuram_async_fifo.xpm_fifo_base_inst/gen_cdc_pntr.wr_pntr_cdc_inst/async_path[0]
    SLICE_X11Y32         FDRE                                         r  top_block_i/appUnit/async_fifos/xpm_afifo_wrapper_1/inst/xpm_fifo_async_inst/gnuram_async_fifo.xpm_fifo_base_inst/gen_cdc_pntr.wr_pntr_cdc_inst/dest_graysync_ff_reg[0][0]/D
  -------------------------------------------------------------------    -------------------

                         (clock clk_out5_top_block_clk_wiz_0_0 rise edge)
                                                      0.000     0.000 r  
    L17                                               0.000     0.000 r  BASECLK (IN)
                         net (fo=0)                   0.000     0.000    top_block_i/clock_wrapper/clk_wiz_0/inst/clkin1_ibuf/I
    L17                  INBUF (Prop_INBUF_HPIOB_M_PAD_O)
                                                      0.255     0.255 r  top_block_i/clock_wrapper/clk_wiz_0/inst/clkin1_ibuf/INBUF_INST/O
                         net (fo=1, routed)           0.000     0.255    top_block_i/clock_wrapper/clk_wiz_0/inst/clkin1_ibuf/OUT
    L17                  IBUFCTRL (Prop_IBUFCTRL_HPIOB_M_I_O)
                                                      0.000     0.255 r  top_block_i/clock_wrapper/clk_wiz_0/inst/clkin1_ibuf/IBUFCTRL_INST/O
                         net (fo=1, routed)           0.351     0.606    top_block_i/clock_wrapper/clk_wiz_0/inst/clk_in1_top_block_clk_wiz_0_0
    MMCM_X0Y1            MMCME4_ADV (Prop_MMCM_CLKIN1_CLKOUT4)
                                                      0.644     1.250 r  top_block_i/clock_wrapper/clk_wiz_0/inst/mmcme4_adv_inst/CLKOUT4
                         net (fo=1, routed)           0.238     1.488    top_block_i/clock_wrapper/clk_wiz_0/inst/clk_out5_top_block_clk_wiz_0_0
    BUFGCE_X0Y44         BUFGCE (Prop_BUFCE_BUFGCE_I_O)
                                                      0.024     1.512 r  top_block_i/clock_wrapper/clk_wiz_0/inst/clkout5_buf/O
    X0Y1 (CLOCK_ROOT)    net (fo=10934, routed)       1.156     2.668    top_block_i/appUnit/async_fifos/xpm_afifo_wrapper_1/inst/xpm_fifo_async_inst/gnuram_async_fifo.xpm_fifo_base_inst/gen_cdc_pntr.wr_pntr_cdc_inst/dest_clk
    SLICE_X11Y32         FDRE                                         r  top_block_i/appUnit/async_fifos/xpm_afifo_wrapper_1/inst/xpm_fifo_async_inst/gnuram_async_fifo.xpm_fifo_base_inst/gen_cdc_pntr.wr_pntr_cdc_inst/dest_graysync_ff_reg[0][0]/C
                         clock pessimism             -0.430     2.237    
    SLICE_X11Y32         FDRE (Setup_DFF2_SLICEM_C_D)
                                                      0.027     2.264    top_block_i/appUnit/async_fifos/xpm_afifo_wrapper_1/inst/xpm_fifo_async_inst/gnuram_async_fifo.xpm_fifo_base_inst/gen_cdc_pntr.wr_pntr_cdc_inst/dest_graysync_ff_reg[0][0]
  -------------------------------------------------------------------
                         data arrival                           5.347    
                         clock arrival                          2.264    
  -------------------------------------------------------------------
                         relative delay                         3.083    

Reference path:
    Location             Delay type                Incr(ns)  Path(ns)    Netlist Resource(s)
  -------------------------------------------------------------------    -------------------
                         (clock clk_out1_top_block_clk_wiz_1_0 rise edge)
                                                      0.000     0.000 r  
    L17                                               0.000     0.000 r  BASECLK (IN)
                         net (fo=0)                   0.000     0.000    top_block_i/clock_wrapper/clk_wiz_0/inst/clkin1_ibuf/I
    L17                  INBUF (Prop_INBUF_HPIOB_M_PAD_O)
                                                      0.255     0.255 r  top_block_i/clock_wrapper/clk_wiz_0/inst/clkin1_ibuf/INBUF_INST/O
                         net (fo=1, routed)           0.000     0.255    top_block_i/clock_wrapper/clk_wiz_0/inst/clkin1_ibuf/OUT
    L17                  IBUFCTRL (Prop_IBUFCTRL_HPIOB_M_I_O)
                                                      0.000     0.255 r  top_block_i/clock_wrapper/clk_wiz_0/inst/clkin1_ibuf/IBUFCTRL_INST/O
                         net (fo=1, routed)           0.351     0.606    top_block_i/clock_wrapper/clk_wiz_0/inst/clk_in1_top_block_clk_wiz_0_0
    MMCM_X0Y1            MMCME4_ADV (Prop_MMCM_CLKIN1_CLKOUT0)
                                                      0.644     1.250 r  top_block_i/clock_wrapper/clk_wiz_0/inst/mmcme4_adv_inst/CLKOUT0
                         net (fo=1, routed)           0.227     1.477    top_block_i/clock_wrapper/clk_wiz_0/inst/clk_out1_top_block_clk_wiz_0_0
    BUFGCE_X0Y26         BUFGCE (Prop_BUFCE_BUFGCE_I_O)
                                                      0.024     1.501 r  top_block_i/clock_wrapper/clk_wiz_0/inst/clkout1_buf/O
                         net (fo=670, routed)         0.934     2.435    top_block_i/clock_wrapper/clk_wiz_1/inst/clk_in1
    BUFGCE_X0Y23         BUFGCE (Prop_BUFCE_BUFGCE_I_O)
                                                      0.024     2.459 r  top_block_i/clock_wrapper/clk_wiz_1/inst/clkin1_bufg/O
                         net (fo=1, routed)           0.552     3.011    top_block_i/clock_wrapper/clk_wiz_1/inst/clk_in1_top_block_clk_wiz_1_0
    MMCM_X0Y0            MMCME4_ADV (Prop_MMCM_CLKIN1_CLKOUT0)
                                                      0.644     3.655 r  top_block_i/clock_wrapper/clk_wiz_1/inst/mmcme4_adv_inst/CLKOUT0
                         net (fo=1, routed)           0.228     3.883    top_block_i/clock_wrapper/clk_wiz_1/inst/clk_out1_top_block_clk_wiz_1_0
    BUFGCE_X0Y22         BUFGCE (Prop_BUFCE_BUFGCE_I_O)
                                                      0.024     3.907 r  top_block_i/clock_wrapper/clk_wiz_1/inst/clkout1_buf/O
    X0Y1 (CLOCK_ROOT)    net (fo=3213, routed)        1.743     5.650    top_block_i/appUnit/async_fifos/xpm_afifo_wrapper_1/inst/xpm_fifo_async_inst/gnuram_async_fifo.xpm_fifo_base_inst/gen_cdc_pntr.wr_pntr_cdc_inst/src_clk
    SLICE_X11Y33         FDRE                                         r  top_block_i/appUnit/async_fifos/xpm_afifo_wrapper_1/inst/xpm_fifo_async_inst/gnuram_async_fifo.xpm_fifo_base_inst/gen_cdc_pntr.wr_pntr_cdc_inst/src_gray_ff_reg[3]/C
  -------------------------------------------------------------------    -------------------
    SLICE_X11Y33         FDRE (Prop_GFF2_SLICEM_C_Q)
                                                      0.072     5.722 r  top_block_i/appUnit/async_fifos/xpm_afifo_wrapper_1/inst/xpm_fifo_async_inst/gnuram_async_fifo.xpm_fifo_base_inst/gen_cdc_pntr.wr_pntr_cdc_inst/src_gray_ff_reg[3]/Q
                         net (fo=1, routed)           0.086     5.808    top_block_i/appUnit/async_fifos/xpm_afifo_wrapper_1/inst/xpm_fifo_async_inst/gnuram_async_fifo.xpm_fifo_base_inst/gen_cdc_pntr.wr_pntr_cdc_inst/async_path[3]
    SLICE_X11Y34         FDRE                                         r  top_block_i/appUnit/async_fifos/xpm_afifo_wrapper_1/inst/xpm_fifo_async_inst/gnuram_async_fifo.xpm_fifo_base_inst/gen_cdc_pntr.wr_pntr_cdc_inst/dest_graysync_ff_reg[0][3]/D
  -------------------------------------------------------------------    -------------------

                         (clock clk_out5_top_block_clk_wiz_0_0 rise edge)
                                                      0.000     0.000 r  
    L17                                               0.000     0.000 r  BASECLK (IN)
                         net (fo=0)                   0.000     0.000    top_block_i/clock_wrapper/clk_wiz_0/inst/clkin1_ibuf/I
    L17                  INBUF (Prop_INBUF_HPIOB_M_PAD_O)
                                                      0.521     0.521 r  top_block_i/clock_wrapper/clk_wiz_0/inst/clkin1_ibuf/INBUF_INST/O
                         net (fo=1, routed)           0.000     0.521    top_block_i/clock_wrapper/clk_wiz_0/inst/clkin1_ibuf/OUT
    L17                  IBUFCTRL (Prop_IBUFCTRL_HPIOB_M_I_O)
                                                      0.000     0.521 r  top_block_i/clock_wrapper/clk_wiz_0/inst/clkin1_ibuf/IBUFCTRL_INST/O
                         net (fo=1, routed)           0.404     0.925    top_block_i/clock_wrapper/clk_wiz_0/inst/clk_in1_top_block_clk_wiz_0_0
    MMCM_X0Y1            MMCME4_ADV (Prop_MMCM_CLKIN1_CLKOUT4)
                                                     -0.106     0.819 r  top_block_i/clock_wrapper/clk_wiz_0/inst/mmcme4_adv_inst/CLKOUT4
                         net (fo=1, routed)           0.270     1.089    top_block_i/clock_wrapper/clk_wiz_0/inst/clk_out5_top_block_clk_wiz_0_0
    BUFGCE_X0Y44         BUFGCE (Prop_BUFCE_BUFGCE_I_O)
                                                      0.028     1.117 r  top_block_i/clock_wrapper/clk_wiz_0/inst/clkout5_buf/O
    X0Y1 (CLOCK_ROOT)    net (fo=10934, routed)       1.361     2.478    top_block_i/appUnit/async_fifos/xpm_afifo_wrapper_1/inst/xpm_fifo_async_inst/gnuram_async_fifo.xpm_fifo_base_inst/gen_cdc_pntr.wr_pntr_cdc_inst/dest_clk
    SLICE_X11Y34         FDRE                                         r  top_block_i/appUnit/async_fifos/xpm_afifo_wrapper_1/inst/xpm_fifo_async_inst/gnuram_async_fifo.xpm_fifo_base_inst/gen_cdc_pntr.wr_pntr_cdc_inst/dest_graysync_ff_reg[0][3]/C
                         clock pessimism              0.430     2.909    
    SLICE_X11Y34         FDRE (Hold_CFF2_SLICEM_C_D)
                                                      0.054     2.963    top_block_i/appUnit/async_fifos/xpm_afifo_wrapper_1/inst/xpm_fifo_async_inst/gnuram_async_fifo.xpm_fifo_base_inst/gen_cdc_pntr.wr_pntr_cdc_inst/dest_graysync_ff_reg[0][3]
  -------------------------------------------------------------------
                         data arrival                           5.808    
                         clock arrival                          2.963    
  -------------------------------------------------------------------
                         relative delay                         2.845    



Id: 3
set_bus_skew -from [get_cells [list {top_block_i/appUnit/async_fifos/xpm_afifo_wrapper_2/inst/xpm_fifo_async_inst/gnuram_async_fifo.xpm_fifo_base_inst/gen_cdc_pntr.rd_pntr_cdc_inst/src_gray_ff_reg[0]} {top_block_i/appUnit/async_fifos/xpm_afifo_wrapper_2/inst/xpm_fifo_async_inst/gnuram_async_fifo.xpm_fifo_base_inst/gen_cdc_pntr.rd_pntr_cdc_inst/src_gray_ff_reg[1]} {top_block_i/appUnit/async_fifos/xpm_afifo_wrapper_2/inst/xpm_fifo_async_inst/gnuram_async_fifo.xpm_fifo_base_inst/gen_cdc_pntr.rd_pntr_cdc_inst/src_gray_ff_reg[2]} {top_block_i/appUnit/async_fifos/xpm_afifo_wrapper_2/inst/xpm_fifo_async_inst/gnuram_async_fifo.xpm_fifo_base_inst/gen_cdc_pntr.rd_pntr_cdc_inst/src_gray_ff_reg[3]} {top_block_i/appUnit/async_fifos/xpm_afifo_wrapper_2/inst/xpm_fifo_async_inst/gnuram_async_fifo.xpm_fifo_base_inst/gen_cdc_pntr.rd_pntr_cdc_inst/src_gray_ff_reg[4]}]] -to [get_cells [list {top_block_i/appUnit/async_fifos/xpm_afifo_wrapper_2/inst/xpm_fifo_async_inst/gnuram_async_fifo.xpm_fifo_base_inst/gen_cdc_pntr.rd_pntr_cdc_inst/dest_graysync_ff_reg[0][0]} {top_block_i/appUnit/async_fifos/xpm_afifo_wrapper_2/inst/xpm_fifo_async_inst/gnuram_async_fifo.xpm_fifo_base_inst/gen_cdc_pntr.rd_pntr_cdc_inst/dest_graysync_ff_reg[0][1]} {top_block_i/appUnit/async_fifos/xpm_afifo_wrapper_2/inst/xpm_fifo_async_inst/gnuram_async_fifo.xpm_fifo_base_inst/gen_cdc_pntr.rd_pntr_cdc_inst/dest_graysync_ff_reg[0][2]} {top_block_i/appUnit/async_fifos/xpm_afifo_wrapper_2/inst/xpm_fifo_async_inst/gnuram_async_fifo.xpm_fifo_base_inst/gen_cdc_pntr.rd_pntr_cdc_inst/dest_graysync_ff_reg[0][3]} {top_block_i/appUnit/async_fifos/xpm_afifo_wrapper_2/inst/xpm_fifo_async_inst/gnuram_async_fifo.xpm_fifo_base_inst/gen_cdc_pntr.rd_pntr_cdc_inst/dest_graysync_ff_reg[0][4]}]] 3.125
Requirement: 3.125ns
Endpoints: 5

From Clock            To Clock              Endpoint Pin                    Reference Pin                   Corner  Actual(ns)  Slack(ns)
--------------------  --------------------  ------------------------------  ------------------------------  ------  ----------  ---------
clk_out5_top_block_clk_wiz_0_0
                      clk_out1_top_block_clk_wiz_1_0
                                            top_block_i/appUnit/async_fifos/xpm_afifo_wrapper_2/inst/xpm_fifo_async_inst/gnuram_async_fifo.xpm_fifo_base_inst/gen_cdc_pntr.rd_pntr_cdc_inst/dest_graysync_ff_reg[0][3]/D
                                                                            top_block_i/appUnit/async_fifos/xpm_afifo_wrapper_2/inst/xpm_fifo_async_inst/gnuram_async_fifo.xpm_fifo_base_inst/gen_cdc_pntr.rd_pntr_cdc_inst/dest_graysync_ff_reg[0][0]/D
                                                                                                            Slow        -0.037      3.162


Slack (MET) :             3.162ns  (requirement - actual skew)
  Endpoint Source:        top_block_i/appUnit/async_fifos/xpm_afifo_wrapper_2/inst/xpm_fifo_async_inst/gnuram_async_fifo.xpm_fifo_base_inst/gen_cdc_pntr.rd_pntr_cdc_inst/src_gray_ff_reg[3]/C
                            (rising edge-triggered cell FDRE clocked by clk_out5_top_block_clk_wiz_0_0)
  Endpoint Destination:   top_block_i/appUnit/async_fifos/xpm_afifo_wrapper_2/inst/xpm_fifo_async_inst/gnuram_async_fifo.xpm_fifo_base_inst/gen_cdc_pntr.rd_pntr_cdc_inst/dest_graysync_ff_reg[0][3]/D
                            (rising edge-triggered cell FDRE clocked by clk_out1_top_block_clk_wiz_1_0)
  Reference Source:       top_block_i/appUnit/async_fifos/xpm_afifo_wrapper_2/inst/xpm_fifo_async_inst/gnuram_async_fifo.xpm_fifo_base_inst/gen_cdc_pntr.rd_pntr_cdc_inst/src_gray_ff_reg[0]/C
                            (rising edge-triggered cell FDRE clocked by clk_out5_top_block_clk_wiz_0_0)
  Reference Destination:  top_block_i/appUnit/async_fifos/xpm_afifo_wrapper_2/inst/xpm_fifo_async_inst/gnuram_async_fifo.xpm_fifo_base_inst/gen_cdc_pntr.rd_pntr_cdc_inst/dest_graysync_ff_reg[0][0]/D
                            (rising edge-triggered cell FDRE clocked by clk_out1_top_block_clk_wiz_1_0)
  Path Type:              Bus Skew (Max at Slow Process Corner)
  Requirement:            3.125ns
  Endpoint Relative Delay:   -2.430ns
  Reference Relative Delay:  -2.588ns
  Relative CRPR:              0.195ns
  Actual Bus Skew:           -0.037ns  (Endpoint Relative Delay - Reference Relative Delay - Relative CRPR)

Endpoint path:
    Location             Delay type                Incr(ns)  Path(ns)    Netlist Resource(s)
  -------------------------------------------------------------------    -------------------
                         (clock clk_out5_top_block_clk_wiz_0_0 rise edge)
                                                      0.000     0.000 r  
    L17                                               0.000     0.000 r  BASECLK (IN)
                         net (fo=0)                   0.000     0.000    top_block_i/clock_wrapper/clk_wiz_0/inst/clkin1_ibuf/I
    L17                  INBUF (Prop_INBUF_HPIOB_M_PAD_O)
                                                      0.521     0.521 r  top_block_i/clock_wrapper/clk_wiz_0/inst/clkin1_ibuf/INBUF_INST/O
                         net (fo=1, routed)           0.000     0.521    top_block_i/clock_wrapper/clk_wiz_0/inst/clkin1_ibuf/OUT
    L17                  IBUFCTRL (Prop_IBUFCTRL_HPIOB_M_I_O)
                                                      0.000     0.521 r  top_block_i/clock_wrapper/clk_wiz_0/inst/clkin1_ibuf/IBUFCTRL_INST/O
                         net (fo=1, routed)           0.404     0.925    top_block_i/clock_wrapper/clk_wiz_0/inst/clk_in1_top_block_clk_wiz_0_0
    MMCM_X0Y1            MMCME4_ADV (Prop_MMCM_CLKIN1_CLKOUT4)
                                                     -0.106     0.819 r  top_block_i/clock_wrapper/clk_wiz_0/inst/mmcme4_adv_inst/CLKOUT4
                         net (fo=1, routed)           0.270     1.089    top_block_i/clock_wrapper/clk_wiz_0/inst/clk_out5_top_block_clk_wiz_0_0
    BUFGCE_X0Y44         BUFGCE (Prop_BUFCE_BUFGCE_I_O)
                                                      0.028     1.117 r  top_block_i/clock_wrapper/clk_wiz_0/inst/clkout5_buf/O
    X0Y1 (CLOCK_ROOT)    net (fo=10934, routed)       1.327     2.444    top_block_i/appUnit/async_fifos/xpm_afifo_wrapper_2/inst/xpm_fifo_async_inst/gnuram_async_fifo.xpm_fifo_base_inst/gen_cdc_pntr.rd_pntr_cdc_inst/src_clk
    SLICE_X13Y30         FDRE                                         r  top_block_i/appUnit/async_fifos/xpm_afifo_wrapper_2/inst/xpm_fifo_async_inst/gnuram_async_fifo.xpm_fifo_base_inst/gen_cdc_pntr.rd_pntr_cdc_inst/src_gray_ff_reg[3]/C
  -------------------------------------------------------------------    -------------------
    SLICE_X13Y30         FDRE (Prop_GFF2_SLICEM_C_Q)
                                                      0.098     2.542 r  top_block_i/appUnit/async_fifos/xpm_afifo_wrapper_2/inst/xpm_fifo_async_inst/gnuram_async_fifo.xpm_fifo_base_inst/gen_cdc_pntr.rd_pntr_cdc_inst/src_gray_ff_reg[3]/Q
                         net (fo=1, routed)           0.271     2.813    top_block_i/appUnit/async_fifos/xpm_afifo_wrapper_2/inst/xpm_fifo_async_inst/gnuram_async_fifo.xpm_fifo_base_inst/gen_cdc_pntr.rd_pntr_cdc_inst/async_path[3]
    SLICE_X14Y30         FDRE                                         r  top_block_i/appUnit/async_fifos/xpm_afifo_wrapper_2/inst/xpm_fifo_async_inst/gnuram_async_fifo.xpm_fifo_base_inst/gen_cdc_pntr.rd_pntr_cdc_inst/dest_graysync_ff_reg[0][3]/D
  -------------------------------------------------------------------    -------------------

                         (clock clk_out1_top_block_clk_wiz_1_0 rise edge)
                                                      0.000     0.000 r  
    L17                                               0.000     0.000 r  BASECLK (IN)
                         net (fo=0)                   0.000     0.000    top_block_i/clock_wrapper/clk_wiz_0/inst/clkin1_ibuf/I
    L17                  INBUF (Prop_INBUF_HPIOB_M_PAD_O)
                                                      0.255     0.255 r  top_block_i/clock_wrapper/clk_wiz_0/inst/clkin1_ibuf/INBUF_INST/O
                         net (fo=1, routed)           0.000     0.255    top_block_i/clock_wrapper/clk_wiz_0/inst/clkin1_ibuf/OUT
    L17                  IBUFCTRL (Prop_IBUFCTRL_HPIOB_M_I_O)
                                                      0.000     0.255 r  top_block_i/clock_wrapper/clk_wiz_0/inst/clkin1_ibuf/IBUFCTRL_INST/O
                         net (fo=1, routed)           0.351     0.606    top_block_i/clock_wrapper/clk_wiz_0/inst/clk_in1_top_block_clk_wiz_0_0
    MMCM_X0Y1            MMCME4_ADV (Prop_MMCM_CLKIN1_CLKOUT0)
                                                      0.644     1.250 r  top_block_i/clock_wrapper/clk_wiz_0/inst/mmcme4_adv_inst/CLKOUT0
                         net (fo=1, routed)           0.227     1.477    top_block_i/clock_wrapper/clk_wiz_0/inst/clk_out1_top_block_clk_wiz_0_0
    BUFGCE_X0Y26         BUFGCE (Prop_BUFCE_BUFGCE_I_O)
                                                      0.024     1.501 r  top_block_i/clock_wrapper/clk_wiz_0/inst/clkout1_buf/O
                         net (fo=670, routed)         0.934     2.435    top_block_i/clock_wrapper/clk_wiz_1/inst/clk_in1
    BUFGCE_X0Y23         BUFGCE (Prop_BUFCE_BUFGCE_I_O)
                                                      0.024     2.459 r  top_block_i/clock_wrapper/clk_wiz_1/inst/clkin1_bufg/O
                         net (fo=1, routed)           0.552     3.011    top_block_i/clock_wrapper/clk_wiz_1/inst/clk_in1_top_block_clk_wiz_1_0
    MMCM_X0Y0            MMCME4_ADV (Prop_MMCM_CLKIN1_CLKOUT0)
                                                      0.644     3.655 r  top_block_i/clock_wrapper/clk_wiz_1/inst/mmcme4_adv_inst/CLKOUT0
                         net (fo=1, routed)           0.228     3.883    top_block_i/clock_wrapper/clk_wiz_1/inst/clk_out1_top_block_clk_wiz_1_0
    BUFGCE_X0Y22         BUFGCE (Prop_BUFCE_BUFGCE_I_O)
                                                      0.024     3.907 r  top_block_i/clock_wrapper/clk_wiz_1/inst/clkout1_buf/O
    X0Y1 (CLOCK_ROOT)    net (fo=3213, routed)        1.740     5.647    top_block_i/appUnit/async_fifos/xpm_afifo_wrapper_2/inst/xpm_fifo_async_inst/gnuram_async_fifo.xpm_fifo_base_inst/gen_cdc_pntr.rd_pntr_cdc_inst/dest_clk
    SLICE_X14Y30         FDRE                                         r  top_block_i/appUnit/async_fifos/xpm_afifo_wrapper_2/inst/xpm_fifo_async_inst/gnuram_async_fifo.xpm_fifo_base_inst/gen_cdc_pntr.rd_pntr_cdc_inst/dest_graysync_ff_reg[0][3]/C
                         clock pessimism             -0.430     5.216    
    SLICE_X14Y30         FDRE (Setup_FFF2_SLICEL_C_D)
                                                      0.027     5.243    top_block_i/appUnit/async_fifos/xpm_afifo_wrapper_2/inst/xpm_fifo_async_inst/gnuram_async_fifo.xpm_fifo_base_inst/gen_cdc_pntr.rd_pntr_cdc_inst/dest_graysync_ff_reg[0][3]
  -------------------------------------------------------------------
                         data arrival                           2.813    
                         clock arrival                          5.243    
  -------------------------------------------------------------------
                         relative delay                        -2.430    

Reference path:
    Location             Delay type                Incr(ns)  Path(ns)    Netlist Resource(s)
  -------------------------------------------------------------------    -------------------
                         (clock clk_out5_top_block_clk_wiz_0_0 rise edge)
                                                      0.000     0.000 r  
    L17                                               0.000     0.000 r  BASECLK (IN)
                         net (fo=0)                   0.000     0.000    top_block_i/clock_wrapper/clk_wiz_0/inst/clkin1_ibuf/I
    L17                  INBUF (Prop_INBUF_HPIOB_M_PAD_O)
                                                      0.255     0.255 r  top_block_i/clock_wrapper/clk_wiz_0/inst/clkin1_ibuf/INBUF_INST/O
                         net (fo=1, routed)           0.000     0.255    top_block_i/clock_wrapper/clk_wiz_0/inst/clkin1_ibuf/OUT
    L17                  IBUFCTRL (Prop_IBUFCTRL_HPIOB_M_I_O)
                                                      0.000     0.255 r  top_block_i/clock_wrapper/clk_wiz_0/inst/clkin1_ibuf/IBUFCTRL_INST/O
                         net (fo=1, routed)           0.351     0.606    top_block_i/clock_wrapper/clk_wiz_0/inst/clk_in1_top_block_clk_wiz_0_0
    MMCM_X0Y1            MMCME4_ADV (Prop_MMCM_CLKIN1_CLKOUT4)
                                                      0.644     1.250 r  top_block_i/clock_wrapper/clk_wiz_0/inst/mmcme4_adv_inst/CLKOUT4
                         net (fo=1, routed)           0.238     1.488    top_block_i/clock_wrapper/clk_wiz_0/inst/clk_out5_top_block_clk_wiz_0_0
    BUFGCE_X0Y44         BUFGCE (Prop_BUFCE_BUFGCE_I_O)
                                                      0.024     1.512 r  top_block_i/clock_wrapper/clk_wiz_0/inst/clkout5_buf/O
    X0Y1 (CLOCK_ROOT)    net (fo=10934, routed)       1.157     2.669    top_block_i/appUnit/async_fifos/xpm_afifo_wrapper_2/inst/xpm_fifo_async_inst/gnuram_async_fifo.xpm_fifo_base_inst/gen_cdc_pntr.rd_pntr_cdc_inst/src_clk
    SLICE_X13Y30         FDRE                                         r  top_block_i/appUnit/async_fifos/xpm_afifo_wrapper_2/inst/xpm_fifo_async_inst/gnuram_async_fifo.xpm_fifo_base_inst/gen_cdc_pntr.rd_pntr_cdc_inst/src_gray_ff_reg[0]/C
  -------------------------------------------------------------------    -------------------
    SLICE_X13Y30         FDRE (Prop_HFF_SLICEM_C_Q)
                                                      0.070     2.739 r  top_block_i/appUnit/async_fifos/xpm_afifo_wrapper_2/inst/xpm_fifo_async_inst/gnuram_async_fifo.xpm_fifo_base_inst/gen_cdc_pntr.rd_pntr_cdc_inst/src_gray_ff_reg[0]/Q
                         net (fo=1, routed)           0.083     2.822    top_block_i/appUnit/async_fifos/xpm_afifo_wrapper_2/inst/xpm_fifo_async_inst/gnuram_async_fifo.xpm_fifo_base_inst/gen_cdc_pntr.rd_pntr_cdc_inst/async_path[0]
    SLICE_X13Y31         FDRE                                         r  top_block_i/appUnit/async_fifos/xpm_afifo_wrapper_2/inst/xpm_fifo_async_inst/gnuram_async_fifo.xpm_fifo_base_inst/gen_cdc_pntr.rd_pntr_cdc_inst/dest_graysync_ff_reg[0][0]/D
  -------------------------------------------------------------------    -------------------

                         (clock clk_out1_top_block_clk_wiz_1_0 rise edge)
                                                      0.000     0.000 r  
    L17                                               0.000     0.000 r  BASECLK (IN)
                         net (fo=0)                   0.000     0.000    top_block_i/clock_wrapper/clk_wiz_0/inst/clkin1_ibuf/I
    L17                  INBUF (Prop_INBUF_HPIOB_M_PAD_O)
                                                      0.521     0.521 r  top_block_i/clock_wrapper/clk_wiz_0/inst/clkin1_ibuf/INBUF_INST/O
                         net (fo=1, routed)           0.000     0.521    top_block_i/clock_wrapper/clk_wiz_0/inst/clkin1_ibuf/OUT
    L17                  IBUFCTRL (Prop_IBUFCTRL_HPIOB_M_I_O)
                                                      0.000     0.521 r  top_block_i/clock_wrapper/clk_wiz_0/inst/clkin1_ibuf/IBUFCTRL_INST/O
                         net (fo=1, routed)           0.404     0.925    top_block_i/clock_wrapper/clk_wiz_0/inst/clk_in1_top_block_clk_wiz_0_0
    MMCM_X0Y1            MMCME4_ADV (Prop_MMCM_CLKIN1_CLKOUT0)
                                                     -0.106     0.819 r  top_block_i/clock_wrapper/clk_wiz_0/inst/mmcme4_adv_inst/CLKOUT0
                         net (fo=1, routed)           0.255     1.074    top_block_i/clock_wrapper/clk_wiz_0/inst/clk_out1_top_block_clk_wiz_0_0
    BUFGCE_X0Y26         BUFGCE (Prop_BUFCE_BUFGCE_I_O)
                                                      0.028     1.102 r  top_block_i/clock_wrapper/clk_wiz_0/inst/clkout1_buf/O
                         net (fo=670, routed)         1.030     2.132    top_block_i/clock_wrapper/clk_wiz_1/inst/clk_in1
    BUFGCE_X0Y23         BUFGCE (Prop_BUFCE_BUFGCE_I_O)
                                                      0.028     2.160 r  top_block_i/clock_wrapper/clk_wiz_1/inst/clkin1_bufg/O
                         net (fo=1, routed)           0.619     2.779    top_block_i/clock_wrapper/clk_wiz_1/inst/clk_in1_top_block_clk_wiz_1_0
    MMCM_X0Y0            MMCME4_ADV (Prop_MMCM_CLKIN1_CLKOUT0)
                                                     -0.106     2.673 r  top_block_i/clock_wrapper/clk_wiz_1/inst/mmcme4_adv_inst/CLKOUT0
                         net (fo=1, routed)           0.256     2.929    top_block_i/clock_wrapper/clk_wiz_1/inst/clk_out1_top_block_clk_wiz_1_0
    BUFGCE_X0Y22         BUFGCE (Prop_BUFCE_BUFGCE_I_O)
                                                      0.028     2.957 r  top_block_i/clock_wrapper/clk_wiz_1/inst/clkout1_buf/O
    X0Y1 (CLOCK_ROOT)    net (fo=3213, routed)        1.967     4.924    top_block_i/appUnit/async_fifos/xpm_afifo_wrapper_2/inst/xpm_fifo_async_inst/gnuram_async_fifo.xpm_fifo_base_inst/gen_cdc_pntr.rd_pntr_cdc_inst/dest_clk
    SLICE_X13Y31         FDRE                                         r  top_block_i/appUnit/async_fifos/xpm_afifo_wrapper_2/inst/xpm_fifo_async_inst/gnuram_async_fifo.xpm_fifo_base_inst/gen_cdc_pntr.rd_pntr_cdc_inst/dest_graysync_ff_reg[0][0]/C
                         clock pessimism              0.430     5.354    
    SLICE_X13Y31         FDRE (Hold_HFF2_SLICEM_C_D)
                                                      0.055     5.409    top_block_i/appUnit/async_fifos/xpm_afifo_wrapper_2/inst/xpm_fifo_async_inst/gnuram_async_fifo.xpm_fifo_base_inst/gen_cdc_pntr.rd_pntr_cdc_inst/dest_graysync_ff_reg[0][0]
  -------------------------------------------------------------------
                         data arrival                           2.822    
                         clock arrival                          5.409    
  -------------------------------------------------------------------
                         relative delay                        -2.588    



Id: 4
set_bus_skew -from [get_cells [list {top_block_i/appUnit/async_fifos/xpm_afifo_wrapper_2/inst/xpm_fifo_async_inst/gnuram_async_fifo.xpm_fifo_base_inst/gen_cdc_pntr.wr_pntr_cdc_inst/src_gray_ff_reg[0]} {top_block_i/appUnit/async_fifos/xpm_afifo_wrapper_2/inst/xpm_fifo_async_inst/gnuram_async_fifo.xpm_fifo_base_inst/gen_cdc_pntr.wr_pntr_cdc_inst/src_gray_ff_reg[1]} {top_block_i/appUnit/async_fifos/xpm_afifo_wrapper_2/inst/xpm_fifo_async_inst/gnuram_async_fifo.xpm_fifo_base_inst/gen_cdc_pntr.wr_pntr_cdc_inst/src_gray_ff_reg[2]} {top_block_i/appUnit/async_fifos/xpm_afifo_wrapper_2/inst/xpm_fifo_async_inst/gnuram_async_fifo.xpm_fifo_base_inst/gen_cdc_pntr.wr_pntr_cdc_inst/src_gray_ff_reg[3]} {top_block_i/appUnit/async_fifos/xpm_afifo_wrapper_2/inst/xpm_fifo_async_inst/gnuram_async_fifo.xpm_fifo_base_inst/gen_cdc_pntr.wr_pntr_cdc_inst/src_gray_ff_reg[4]}]] -to [get_cells [list {top_block_i/appUnit/async_fifos/xpm_afifo_wrapper_2/inst/xpm_fifo_async_inst/gnuram_async_fifo.xpm_fifo_base_inst/gen_cdc_pntr.wr_pntr_cdc_inst/dest_graysync_ff_reg[0][0]} {top_block_i/appUnit/async_fifos/xpm_afifo_wrapper_2/inst/xpm_fifo_async_inst/gnuram_async_fifo.xpm_fifo_base_inst/gen_cdc_pntr.wr_pntr_cdc_inst/dest_graysync_ff_reg[0][1]} {top_block_i/appUnit/async_fifos/xpm_afifo_wrapper_2/inst/xpm_fifo_async_inst/gnuram_async_fifo.xpm_fifo_base_inst/gen_cdc_pntr.wr_pntr_cdc_inst/dest_graysync_ff_reg[0][2]} {top_block_i/appUnit/async_fifos/xpm_afifo_wrapper_2/inst/xpm_fifo_async_inst/gnuram_async_fifo.xpm_fifo_base_inst/gen_cdc_pntr.wr_pntr_cdc_inst/dest_graysync_ff_reg[0][3]} {top_block_i/appUnit/async_fifos/xpm_afifo_wrapper_2/inst/xpm_fifo_async_inst/gnuram_async_fifo.xpm_fifo_base_inst/gen_cdc_pntr.wr_pntr_cdc_inst/dest_graysync_ff_reg[0][4]}]] 3.125
Requirement: 3.125ns
Endpoints: 5

From Clock            To Clock              Endpoint Pin                    Reference Pin                   Corner  Actual(ns)  Slack(ns)
--------------------  --------------------  ------------------------------  ------------------------------  ------  ----------  ---------
clk_out1_top_block_clk_wiz_1_0
                      clk_out5_top_block_clk_wiz_0_0
                                            top_block_i/appUnit/async_fifos/xpm_afifo_wrapper_2/inst/xpm_fifo_async_inst/gnuram_async_fifo.xpm_fifo_base_inst/gen_cdc_pntr.wr_pntr_cdc_inst/dest_graysync_ff_reg[0][1]/D
                                                                            top_block_i/appUnit/async_fifos/xpm_afifo_wrapper_2/inst/xpm_fifo_async_inst/gnuram_async_fifo.xpm_fifo_base_inst/gen_cdc_pntr.wr_pntr_cdc_inst/dest_graysync_ff_reg[0][4]/D
                                                                                                            Slow         0.154      2.971


Slack (MET) :             2.971ns  (requirement - actual skew)
  Endpoint Source:        top_block_i/appUnit/async_fifos/xpm_afifo_wrapper_2/inst/xpm_fifo_async_inst/gnuram_async_fifo.xpm_fifo_base_inst/gen_cdc_pntr.wr_pntr_cdc_inst/src_gray_ff_reg[1]/C
                            (rising edge-triggered cell FDRE clocked by clk_out1_top_block_clk_wiz_1_0)
  Endpoint Destination:   top_block_i/appUnit/async_fifos/xpm_afifo_wrapper_2/inst/xpm_fifo_async_inst/gnuram_async_fifo.xpm_fifo_base_inst/gen_cdc_pntr.wr_pntr_cdc_inst/dest_graysync_ff_reg[0][1]/D
                            (rising edge-triggered cell FDRE clocked by clk_out5_top_block_clk_wiz_0_0)
  Reference Source:       top_block_i/appUnit/async_fifos/xpm_afifo_wrapper_2/inst/xpm_fifo_async_inst/gnuram_async_fifo.xpm_fifo_base_inst/gen_cdc_pntr.wr_pntr_cdc_inst/src_gray_ff_reg[4]/C
                            (rising edge-triggered cell FDRE clocked by clk_out1_top_block_clk_wiz_1_0)
  Reference Destination:  top_block_i/appUnit/async_fifos/xpm_afifo_wrapper_2/inst/xpm_fifo_async_inst/gnuram_async_fifo.xpm_fifo_base_inst/gen_cdc_pntr.wr_pntr_cdc_inst/dest_graysync_ff_reg[0][4]/D
                            (rising edge-triggered cell FDRE clocked by clk_out5_top_block_clk_wiz_0_0)
  Path Type:              Bus Skew (Max at Slow Process Corner)
  Requirement:            3.125ns
  Endpoint Relative Delay:    3.172ns
  Reference Relative Delay:   2.911ns
  Relative CRPR:              0.107ns
  Actual Bus Skew:            0.154ns  (Endpoint Relative Delay - Reference Relative Delay - Relative CRPR)

Endpoint path:
    Location             Delay type                Incr(ns)  Path(ns)    Netlist Resource(s)
  -------------------------------------------------------------------    -------------------
                         (clock clk_out1_top_block_clk_wiz_1_0 rise edge)
                                                      0.000     0.000 r  
    L17                                               0.000     0.000 r  BASECLK (IN)
                         net (fo=0)                   0.000     0.000    top_block_i/clock_wrapper/clk_wiz_0/inst/clkin1_ibuf/I
    L17                  INBUF (Prop_INBUF_HPIOB_M_PAD_O)
                                                      0.521     0.521 r  top_block_i/clock_wrapper/clk_wiz_0/inst/clkin1_ibuf/INBUF_INST/O
                         net (fo=1, routed)           0.000     0.521    top_block_i/clock_wrapper/clk_wiz_0/inst/clkin1_ibuf/OUT
    L17                  IBUFCTRL (Prop_IBUFCTRL_HPIOB_M_I_O)
                                                      0.000     0.521 r  top_block_i/clock_wrapper/clk_wiz_0/inst/clkin1_ibuf/IBUFCTRL_INST/O
                         net (fo=1, routed)           0.404     0.925    top_block_i/clock_wrapper/clk_wiz_0/inst/clk_in1_top_block_clk_wiz_0_0
    MMCM_X0Y1            MMCME4_ADV (Prop_MMCM_CLKIN1_CLKOUT0)
                                                     -0.106     0.819 r  top_block_i/clock_wrapper/clk_wiz_0/inst/mmcme4_adv_inst/CLKOUT0
                         net (fo=1, routed)           0.255     1.074    top_block_i/clock_wrapper/clk_wiz_0/inst/clk_out1_top_block_clk_wiz_0_0
    BUFGCE_X0Y26         BUFGCE (Prop_BUFCE_BUFGCE_I_O)
                                                      0.028     1.102 r  top_block_i/clock_wrapper/clk_wiz_0/inst/clkout1_buf/O
                         net (fo=670, routed)         1.030     2.132    top_block_i/clock_wrapper/clk_wiz_1/inst/clk_in1
    BUFGCE_X0Y23         BUFGCE (Prop_BUFCE_BUFGCE_I_O)
                                                      0.028     2.160 r  top_block_i/clock_wrapper/clk_wiz_1/inst/clkin1_bufg/O
                         net (fo=1, routed)           0.619     2.779    top_block_i/clock_wrapper/clk_wiz_1/inst/clk_in1_top_block_clk_wiz_1_0
    MMCM_X0Y0            MMCME4_ADV (Prop_MMCM_CLKIN1_CLKOUT0)
                                                     -0.106     2.673 r  top_block_i/clock_wrapper/clk_wiz_1/inst/mmcme4_adv_inst/CLKOUT0
                         net (fo=1, routed)           0.256     2.929    top_block_i/clock_wrapper/clk_wiz_1/inst/clk_out1_top_block_clk_wiz_1_0
    BUFGCE_X0Y22         BUFGCE (Prop_BUFCE_BUFGCE_I_O)
                                                      0.028     2.957 r  top_block_i/clock_wrapper/clk_wiz_1/inst/clkout1_buf/O
    X0Y1 (CLOCK_ROOT)    net (fo=3213, routed)        1.975     4.933    top_block_i/appUnit/async_fifos/xpm_afifo_wrapper_2/inst/xpm_fifo_async_inst/gnuram_async_fifo.xpm_fifo_base_inst/gen_cdc_pntr.wr_pntr_cdc_inst/src_clk
    SLICE_X14Y30         FDRE                                         r  top_block_i/appUnit/async_fifos/xpm_afifo_wrapper_2/inst/xpm_fifo_async_inst/gnuram_async_fifo.xpm_fifo_base_inst/gen_cdc_pntr.wr_pntr_cdc_inst/src_gray_ff_reg[1]/C
  -------------------------------------------------------------------    -------------------
    SLICE_X14Y30         FDRE (Prop_HFF2_SLICEL_C_Q)
                                                      0.097     5.030 r  top_block_i/appUnit/async_fifos/xpm_afifo_wrapper_2/inst/xpm_fifo_async_inst/gnuram_async_fifo.xpm_fifo_base_inst/gen_cdc_pntr.wr_pntr_cdc_inst/src_gray_ff_reg[1]/Q
                         net (fo=1, routed)           0.417     5.447    top_block_i/appUnit/async_fifos/xpm_afifo_wrapper_2/inst/xpm_fifo_async_inst/gnuram_async_fifo.xpm_fifo_base_inst/gen_cdc_pntr.wr_pntr_cdc_inst/async_path[1]
    SLICE_X15Y30         FDRE                                         r  top_block_i/appUnit/async_fifos/xpm_afifo_wrapper_2/inst/xpm_fifo_async_inst/gnuram_async_fifo.xpm_fifo_base_inst/gen_cdc_pntr.wr_pntr_cdc_inst/dest_graysync_ff_reg[0][1]/D
  -------------------------------------------------------------------    -------------------

                         (clock clk_out5_top_block_clk_wiz_0_0 rise edge)
                                                      0.000     0.000 r  
    L17                                               0.000     0.000 r  BASECLK (IN)
                         net (fo=0)                   0.000     0.000    top_block_i/clock_wrapper/clk_wiz_0/inst/clkin1_ibuf/I
    L17                  INBUF (Prop_INBUF_HPIOB_M_PAD_O)
                                                      0.255     0.255 r  top_block_i/clock_wrapper/clk_wiz_0/inst/clkin1_ibuf/INBUF_INST/O
                         net (fo=1, routed)           0.000     0.255    top_block_i/clock_wrapper/clk_wiz_0/inst/clkin1_ibuf/OUT
    L17                  IBUFCTRL (Prop_IBUFCTRL_HPIOB_M_I_O)
                                                      0.000     0.255 r  top_block_i/clock_wrapper/clk_wiz_0/inst/clkin1_ibuf/IBUFCTRL_INST/O
                         net (fo=1, routed)           0.351     0.606    top_block_i/clock_wrapper/clk_wiz_0/inst/clk_in1_top_block_clk_wiz_0_0
    MMCM_X0Y1            MMCME4_ADV (Prop_MMCM_CLKIN1_CLKOUT4)
                                                      0.644     1.250 r  top_block_i/clock_wrapper/clk_wiz_0/inst/mmcme4_adv_inst/CLKOUT4
                         net (fo=1, routed)           0.238     1.488    top_block_i/clock_wrapper/clk_wiz_0/inst/clk_out5_top_block_clk_wiz_0_0
    BUFGCE_X0Y44         BUFGCE (Prop_BUFCE_BUFGCE_I_O)
                                                      0.024     1.512 r  top_block_i/clock_wrapper/clk_wiz_0/inst/clkout5_buf/O
    X0Y1 (CLOCK_ROOT)    net (fo=10934, routed)       1.166     2.678    top_block_i/appUnit/async_fifos/xpm_afifo_wrapper_2/inst/xpm_fifo_async_inst/gnuram_async_fifo.xpm_fifo_base_inst/gen_cdc_pntr.wr_pntr_cdc_inst/dest_clk
    SLICE_X15Y30         FDRE                                         r  top_block_i/appUnit/async_fifos/xpm_afifo_wrapper_2/inst/xpm_fifo_async_inst/gnuram_async_fifo.xpm_fifo_base_inst/gen_cdc_pntr.wr_pntr_cdc_inst/dest_graysync_ff_reg[0][1]/C
                         clock pessimism             -0.430     2.247    
    SLICE_X15Y30         FDRE (Setup_HFF2_SLICEM_C_D)
                                                      0.027     2.274    top_block_i/appUnit/async_fifos/xpm_afifo_wrapper_2/inst/xpm_fifo_async_inst/gnuram_async_fifo.xpm_fifo_base_inst/gen_cdc_pntr.wr_pntr_cdc_inst/dest_graysync_ff_reg[0][1]
  -------------------------------------------------------------------
                         data arrival                           5.447    
                         clock arrival                          2.274    
  -------------------------------------------------------------------
                         relative delay                         3.172    

Reference path:
    Location             Delay type                Incr(ns)  Path(ns)    Netlist Resource(s)
  -------------------------------------------------------------------    -------------------
                         (clock clk_out1_top_block_clk_wiz_1_0 rise edge)
                                                      0.000     0.000 r  
    L17                                               0.000     0.000 r  BASECLK (IN)
                         net (fo=0)                   0.000     0.000    top_block_i/clock_wrapper/clk_wiz_0/inst/clkin1_ibuf/I
    L17                  INBUF (Prop_INBUF_HPIOB_M_PAD_O)
                                                      0.255     0.255 r  top_block_i/clock_wrapper/clk_wiz_0/inst/clkin1_ibuf/INBUF_INST/O
                         net (fo=1, routed)           0.000     0.255    top_block_i/clock_wrapper/clk_wiz_0/inst/clkin1_ibuf/OUT
    L17                  IBUFCTRL (Prop_IBUFCTRL_HPIOB_M_I_O)
                                                      0.000     0.255 r  top_block_i/clock_wrapper/clk_wiz_0/inst/clkin1_ibuf/IBUFCTRL_INST/O
                         net (fo=1, routed)           0.351     0.606    top_block_i/clock_wrapper/clk_wiz_0/inst/clk_in1_top_block_clk_wiz_0_0
    MMCM_X0Y1            MMCME4_ADV (Prop_MMCM_CLKIN1_CLKOUT0)
                                                      0.644     1.250 r  top_block_i/clock_wrapper/clk_wiz_0/inst/mmcme4_adv_inst/CLKOUT0
                         net (fo=1, routed)           0.227     1.477    top_block_i/clock_wrapper/clk_wiz_0/inst/clk_out1_top_block_clk_wiz_0_0
    BUFGCE_X0Y26         BUFGCE (Prop_BUFCE_BUFGCE_I_O)
                                                      0.024     1.501 r  top_block_i/clock_wrapper/clk_wiz_0/inst/clkout1_buf/O
                         net (fo=670, routed)         0.934     2.435    top_block_i/clock_wrapper/clk_wiz_1/inst/clk_in1
    BUFGCE_X0Y23         BUFGCE (Prop_BUFCE_BUFGCE_I_O)
                                                      0.024     2.459 r  top_block_i/clock_wrapper/clk_wiz_1/inst/clkin1_bufg/O
                         net (fo=1, routed)           0.552     3.011    top_block_i/clock_wrapper/clk_wiz_1/inst/clk_in1_top_block_clk_wiz_1_0
    MMCM_X0Y0            MMCME4_ADV (Prop_MMCM_CLKIN1_CLKOUT0)
                                                      0.644     3.655 r  top_block_i/clock_wrapper/clk_wiz_1/inst/mmcme4_adv_inst/CLKOUT0
                         net (fo=1, routed)           0.228     3.883    top_block_i/clock_wrapper/clk_wiz_1/inst/clk_out1_top_block_clk_wiz_1_0
    BUFGCE_X0Y22         BUFGCE (Prop_BUFCE_BUFGCE_I_O)
                                                      0.024     3.907 r  top_block_i/clock_wrapper/clk_wiz_1/inst/clkout1_buf/O
    X0Y1 (CLOCK_ROOT)    net (fo=3213, routed)        1.740     5.647    top_block_i/appUnit/async_fifos/xpm_afifo_wrapper_2/inst/xpm_fifo_async_inst/gnuram_async_fifo.xpm_fifo_base_inst/gen_cdc_pntr.wr_pntr_cdc_inst/src_clk
    SLICE_X14Y30         FDRE                                         r  top_block_i/appUnit/async_fifos/xpm_afifo_wrapper_2/inst/xpm_fifo_async_inst/gnuram_async_fifo.xpm_fifo_base_inst/gen_cdc_pntr.wr_pntr_cdc_inst/src_gray_ff_reg[4]/C
  -------------------------------------------------------------------    -------------------
    SLICE_X14Y30         FDRE (Prop_EFF_SLICEL_C_Q)
                                                      0.070     5.717 r  top_block_i/appUnit/async_fifos/xpm_afifo_wrapper_2/inst/xpm_fifo_async_inst/gnuram_async_fifo.xpm_fifo_base_inst/gen_cdc_pntr.wr_pntr_cdc_inst/src_gray_ff_reg[4]/Q
                         net (fo=1, routed)           0.158     5.875    top_block_i/appUnit/async_fifos/xpm_afifo_wrapper_2/inst/xpm_fifo_async_inst/gnuram_async_fifo.xpm_fifo_base_inst/gen_cdc_pntr.wr_pntr_cdc_inst/async_path[4]
    SLICE_X14Y28         FDRE                                         r  top_block_i/appUnit/async_fifos/xpm_afifo_wrapper_2/inst/xpm_fifo_async_inst/gnuram_async_fifo.xpm_fifo_base_inst/gen_cdc_pntr.wr_pntr_cdc_inst/dest_graysync_ff_reg[0][4]/D
  -------------------------------------------------------------------    -------------------

                         (clock clk_out5_top_block_clk_wiz_0_0 rise edge)
                                                      0.000     0.000 r  
    L17                                               0.000     0.000 r  BASECLK (IN)
                         net (fo=0)                   0.000     0.000    top_block_i/clock_wrapper/clk_wiz_0/inst/clkin1_ibuf/I
    L17                  INBUF (Prop_INBUF_HPIOB_M_PAD_O)
                                                      0.521     0.521 r  top_block_i/clock_wrapper/clk_wiz_0/inst/clkin1_ibuf/INBUF_INST/O
                         net (fo=1, routed)           0.000     0.521    top_block_i/clock_wrapper/clk_wiz_0/inst/clkin1_ibuf/OUT
    L17                  IBUFCTRL (Prop_IBUFCTRL_HPIOB_M_I_O)
                                                      0.000     0.521 r  top_block_i/clock_wrapper/clk_wiz_0/inst/clkin1_ibuf/IBUFCTRL_INST/O
                         net (fo=1, routed)           0.404     0.925    top_block_i/clock_wrapper/clk_wiz_0/inst/clk_in1_top_block_clk_wiz_0_0
    MMCM_X0Y1            MMCME4_ADV (Prop_MMCM_CLKIN1_CLKOUT4)
                                                     -0.106     0.819 r  top_block_i/clock_wrapper/clk_wiz_0/inst/mmcme4_adv_inst/CLKOUT4
                         net (fo=1, routed)           0.270     1.089    top_block_i/clock_wrapper/clk_wiz_0/inst/clk_out5_top_block_clk_wiz_0_0
    BUFGCE_X0Y44         BUFGCE (Prop_BUFCE_BUFGCE_I_O)
                                                      0.028     1.117 r  top_block_i/clock_wrapper/clk_wiz_0/inst/clkout5_buf/O
    X0Y1 (CLOCK_ROOT)    net (fo=10934, routed)       1.361     2.478    top_block_i/appUnit/async_fifos/xpm_afifo_wrapper_2/inst/xpm_fifo_async_inst/gnuram_async_fifo.xpm_fifo_base_inst/gen_cdc_pntr.wr_pntr_cdc_inst/dest_clk
    SLICE_X14Y28         FDRE                                         r  top_block_i/appUnit/async_fifos/xpm_afifo_wrapper_2/inst/xpm_fifo_async_inst/gnuram_async_fifo.xpm_fifo_base_inst/gen_cdc_pntr.wr_pntr_cdc_inst/dest_graysync_ff_reg[0][4]/C
                         clock pessimism              0.430     2.909    
    SLICE_X14Y28         FDRE (Hold_DFF2_SLICEL_C_D)
                                                      0.055     2.964    top_block_i/appUnit/async_fifos/xpm_afifo_wrapper_2/inst/xpm_fifo_async_inst/gnuram_async_fifo.xpm_fifo_base_inst/gen_cdc_pntr.wr_pntr_cdc_inst/dest_graysync_ff_reg[0][4]
  -------------------------------------------------------------------
                         data arrival                           5.875    
                         clock arrival                          2.964    
  -------------------------------------------------------------------
                         relative delay                         2.911    



Id: 5
set_bus_skew -from [get_cells [list {top_block_i/appUnit/async_fifos/xpm_afifo_wrapper_3/inst/xpm_fifo_async_inst/gnuram_async_fifo.xpm_fifo_base_inst/gen_cdc_pntr.rd_pntr_cdc_inst/src_gray_ff_reg[0]} {top_block_i/appUnit/async_fifos/xpm_afifo_wrapper_3/inst/xpm_fifo_async_inst/gnuram_async_fifo.xpm_fifo_base_inst/gen_cdc_pntr.rd_pntr_cdc_inst/src_gray_ff_reg[1]} {top_block_i/appUnit/async_fifos/xpm_afifo_wrapper_3/inst/xpm_fifo_async_inst/gnuram_async_fifo.xpm_fifo_base_inst/gen_cdc_pntr.rd_pntr_cdc_inst/src_gray_ff_reg[2]} {top_block_i/appUnit/async_fifos/xpm_afifo_wrapper_3/inst/xpm_fifo_async_inst/gnuram_async_fifo.xpm_fifo_base_inst/gen_cdc_pntr.rd_pntr_cdc_inst/src_gray_ff_reg[3]} {top_block_i/appUnit/async_fifos/xpm_afifo_wrapper_3/inst/xpm_fifo_async_inst/gnuram_async_fifo.xpm_fifo_base_inst/gen_cdc_pntr.rd_pntr_cdc_inst/src_gray_ff_reg[4]}]] -to [get_cells [list {top_block_i/appUnit/async_fifos/xpm_afifo_wrapper_3/inst/xpm_fifo_async_inst/gnuram_async_fifo.xpm_fifo_base_inst/gen_cdc_pntr.rd_pntr_cdc_inst/dest_graysync_ff_reg[0][0]} {top_block_i/appUnit/async_fifos/xpm_afifo_wrapper_3/inst/xpm_fifo_async_inst/gnuram_async_fifo.xpm_fifo_base_inst/gen_cdc_pntr.rd_pntr_cdc_inst/dest_graysync_ff_reg[0][1]} {top_block_i/appUnit/async_fifos/xpm_afifo_wrapper_3/inst/xpm_fifo_async_inst/gnuram_async_fifo.xpm_fifo_base_inst/gen_cdc_pntr.rd_pntr_cdc_inst/dest_graysync_ff_reg[0][2]} {top_block_i/appUnit/async_fifos/xpm_afifo_wrapper_3/inst/xpm_fifo_async_inst/gnuram_async_fifo.xpm_fifo_base_inst/gen_cdc_pntr.rd_pntr_cdc_inst/dest_graysync_ff_reg[0][3]} {top_block_i/appUnit/async_fifos/xpm_afifo_wrapper_3/inst/xpm_fifo_async_inst/gnuram_async_fifo.xpm_fifo_base_inst/gen_cdc_pntr.rd_pntr_cdc_inst/dest_graysync_ff_reg[0][4]}]] 3.125
Requirement: 3.125ns
Endpoints: 5

From Clock            To Clock              Endpoint Pin                    Reference Pin                   Corner  Actual(ns)  Slack(ns)
--------------------  --------------------  ------------------------------  ------------------------------  ------  ----------  ---------
clk_out5_top_block_clk_wiz_0_0
                      clk_out1_top_block_clk_wiz_1_0
                                            top_block_i/appUnit/async_fifos/xpm_afifo_wrapper_3/inst/xpm_fifo_async_inst/gnuram_async_fifo.xpm_fifo_base_inst/gen_cdc_pntr.rd_pntr_cdc_inst/dest_graysync_ff_reg[0][1]/D
                                                                            top_block_i/appUnit/async_fifos/xpm_afifo_wrapper_3/inst/xpm_fifo_async_inst/gnuram_async_fifo.xpm_fifo_base_inst/gen_cdc_pntr.rd_pntr_cdc_inst/dest_graysync_ff_reg[0][4]/D
                                                                                                            Slow         0.084      3.041


Slack (MET) :             3.041ns  (requirement - actual skew)
  Endpoint Source:        top_block_i/appUnit/async_fifos/xpm_afifo_wrapper_3/inst/xpm_fifo_async_inst/gnuram_async_fifo.xpm_fifo_base_inst/gen_cdc_pntr.rd_pntr_cdc_inst/src_gray_ff_reg[1]/C
                            (rising edge-triggered cell FDRE clocked by clk_out5_top_block_clk_wiz_0_0)
  Endpoint Destination:   top_block_i/appUnit/async_fifos/xpm_afifo_wrapper_3/inst/xpm_fifo_async_inst/gnuram_async_fifo.xpm_fifo_base_inst/gen_cdc_pntr.rd_pntr_cdc_inst/dest_graysync_ff_reg[0][1]/D
                            (rising edge-triggered cell FDRE clocked by clk_out1_top_block_clk_wiz_1_0)
  Reference Source:       top_block_i/appUnit/async_fifos/xpm_afifo_wrapper_3/inst/xpm_fifo_async_inst/gnuram_async_fifo.xpm_fifo_base_inst/gen_cdc_pntr.rd_pntr_cdc_inst/src_gray_ff_reg[4]/C
                            (rising edge-triggered cell FDRE clocked by clk_out5_top_block_clk_wiz_0_0)
  Reference Destination:  top_block_i/appUnit/async_fifos/xpm_afifo_wrapper_3/inst/xpm_fifo_async_inst/gnuram_async_fifo.xpm_fifo_base_inst/gen_cdc_pntr.rd_pntr_cdc_inst/dest_graysync_ff_reg[0][4]/D
                            (rising edge-triggered cell FDRE clocked by clk_out1_top_block_clk_wiz_1_0)
  Path Type:              Bus Skew (Max at Slow Process Corner)
  Requirement:            3.125ns
  Endpoint Relative Delay:   -2.348ns
  Reference Relative Delay:  -2.540ns
  Relative CRPR:              0.107ns
  Actual Bus Skew:            0.084ns  (Endpoint Relative Delay - Reference Relative Delay - Relative CRPR)

Endpoint path:
    Location             Delay type                Incr(ns)  Path(ns)    Netlist Resource(s)
  -------------------------------------------------------------------    -------------------
                         (clock clk_out5_top_block_clk_wiz_0_0 rise edge)
                                                      0.000     0.000 r  
    L17                                               0.000     0.000 r  BASECLK (IN)
                         net (fo=0)                   0.000     0.000    top_block_i/clock_wrapper/clk_wiz_0/inst/clkin1_ibuf/I
    L17                  INBUF (Prop_INBUF_HPIOB_M_PAD_O)
                                                      0.521     0.521 r  top_block_i/clock_wrapper/clk_wiz_0/inst/clkin1_ibuf/INBUF_INST/O
                         net (fo=1, routed)           0.000     0.521    top_block_i/clock_wrapper/clk_wiz_0/inst/clkin1_ibuf/OUT
    L17                  IBUFCTRL (Prop_IBUFCTRL_HPIOB_M_I_O)
                                                      0.000     0.521 r  top_block_i/clock_wrapper/clk_wiz_0/inst/clkin1_ibuf/IBUFCTRL_INST/O
                         net (fo=1, routed)           0.404     0.925    top_block_i/clock_wrapper/clk_wiz_0/inst/clk_in1_top_block_clk_wiz_0_0
    MMCM_X0Y1            MMCME4_ADV (Prop_MMCM_CLKIN1_CLKOUT4)
                                                     -0.106     0.819 r  top_block_i/clock_wrapper/clk_wiz_0/inst/mmcme4_adv_inst/CLKOUT4
                         net (fo=1, routed)           0.270     1.089    top_block_i/clock_wrapper/clk_wiz_0/inst/clk_out5_top_block_clk_wiz_0_0
    BUFGCE_X0Y44         BUFGCE (Prop_BUFCE_BUFGCE_I_O)
                                                      0.028     1.117 r  top_block_i/clock_wrapper/clk_wiz_0/inst/clkout5_buf/O
    X0Y1 (CLOCK_ROOT)    net (fo=10934, routed)       1.323     2.440    top_block_i/appUnit/async_fifos/xpm_afifo_wrapper_3/inst/xpm_fifo_async_inst/gnuram_async_fifo.xpm_fifo_base_inst/gen_cdc_pntr.rd_pntr_cdc_inst/src_clk
    SLICE_X9Y35          FDRE                                         r  top_block_i/appUnit/async_fifos/xpm_afifo_wrapper_3/inst/xpm_fifo_async_inst/gnuram_async_fifo.xpm_fifo_base_inst/gen_cdc_pntr.rd_pntr_cdc_inst/src_gray_ff_reg[1]/C
  -------------------------------------------------------------------    -------------------
    SLICE_X9Y35          FDRE (Prop_HFF2_SLICEM_C_Q)
                                                      0.095     2.535 r  top_block_i/appUnit/async_fifos/xpm_afifo_wrapper_3/inst/xpm_fifo_async_inst/gnuram_async_fifo.xpm_fifo_base_inst/gen_cdc_pntr.rd_pntr_cdc_inst/src_gray_ff_reg[1]/Q
                         net (fo=1, routed)           0.379     2.914    top_block_i/appUnit/async_fifos/xpm_afifo_wrapper_3/inst/xpm_fifo_async_inst/gnuram_async_fifo.xpm_fifo_base_inst/gen_cdc_pntr.rd_pntr_cdc_inst/async_path[1]
    SLICE_X9Y34          FDRE                                         r  top_block_i/appUnit/async_fifos/xpm_afifo_wrapper_3/inst/xpm_fifo_async_inst/gnuram_async_fifo.xpm_fifo_base_inst/gen_cdc_pntr.rd_pntr_cdc_inst/dest_graysync_ff_reg[0][1]/D
  -------------------------------------------------------------------    -------------------

                         (clock clk_out1_top_block_clk_wiz_1_0 rise edge)
                                                      0.000     0.000 r  
    L17                                               0.000     0.000 r  BASECLK (IN)
                         net (fo=0)                   0.000     0.000    top_block_i/clock_wrapper/clk_wiz_0/inst/clkin1_ibuf/I
    L17                  INBUF (Prop_INBUF_HPIOB_M_PAD_O)
                                                      0.255     0.255 r  top_block_i/clock_wrapper/clk_wiz_0/inst/clkin1_ibuf/INBUF_INST/O
                         net (fo=1, routed)           0.000     0.255    top_block_i/clock_wrapper/clk_wiz_0/inst/clkin1_ibuf/OUT
    L17                  IBUFCTRL (Prop_IBUFCTRL_HPIOB_M_I_O)
                                                      0.000     0.255 r  top_block_i/clock_wrapper/clk_wiz_0/inst/clkin1_ibuf/IBUFCTRL_INST/O
                         net (fo=1, routed)           0.351     0.606    top_block_i/clock_wrapper/clk_wiz_0/inst/clk_in1_top_block_clk_wiz_0_0
    MMCM_X0Y1            MMCME4_ADV (Prop_MMCM_CLKIN1_CLKOUT0)
                                                      0.644     1.250 r  top_block_i/clock_wrapper/clk_wiz_0/inst/mmcme4_adv_inst/CLKOUT0
                         net (fo=1, routed)           0.227     1.477    top_block_i/clock_wrapper/clk_wiz_0/inst/clk_out1_top_block_clk_wiz_0_0
    BUFGCE_X0Y26         BUFGCE (Prop_BUFCE_BUFGCE_I_O)
                                                      0.024     1.501 r  top_block_i/clock_wrapper/clk_wiz_0/inst/clkout1_buf/O
                         net (fo=670, routed)         0.934     2.435    top_block_i/clock_wrapper/clk_wiz_1/inst/clk_in1
    BUFGCE_X0Y23         BUFGCE (Prop_BUFCE_BUFGCE_I_O)
                                                      0.024     2.459 r  top_block_i/clock_wrapper/clk_wiz_1/inst/clkin1_bufg/O
                         net (fo=1, routed)           0.552     3.011    top_block_i/clock_wrapper/clk_wiz_1/inst/clk_in1_top_block_clk_wiz_1_0
    MMCM_X0Y0            MMCME4_ADV (Prop_MMCM_CLKIN1_CLKOUT0)
                                                      0.644     3.655 r  top_block_i/clock_wrapper/clk_wiz_1/inst/mmcme4_adv_inst/CLKOUT0
                         net (fo=1, routed)           0.228     3.883    top_block_i/clock_wrapper/clk_wiz_1/inst/clk_out1_top_block_clk_wiz_1_0
    BUFGCE_X0Y22         BUFGCE (Prop_BUFCE_BUFGCE_I_O)
                                                      0.024     3.907 r  top_block_i/clock_wrapper/clk_wiz_1/inst/clkout1_buf/O
    X0Y1 (CLOCK_ROOT)    net (fo=3213, routed)        1.759     5.666    top_block_i/appUnit/async_fifos/xpm_afifo_wrapper_3/inst/xpm_fifo_async_inst/gnuram_async_fifo.xpm_fifo_base_inst/gen_cdc_pntr.rd_pntr_cdc_inst/dest_clk
    SLICE_X9Y34          FDRE                                         r  top_block_i/appUnit/async_fifos/xpm_afifo_wrapper_3/inst/xpm_fifo_async_inst/gnuram_async_fifo.xpm_fifo_base_inst/gen_cdc_pntr.rd_pntr_cdc_inst/dest_graysync_ff_reg[0][1]/C
                         clock pessimism             -0.430     5.235    
    SLICE_X9Y34          FDRE (Setup_GFF2_SLICEM_C_D)
                                                      0.027     5.262    top_block_i/appUnit/async_fifos/xpm_afifo_wrapper_3/inst/xpm_fifo_async_inst/gnuram_async_fifo.xpm_fifo_base_inst/gen_cdc_pntr.rd_pntr_cdc_inst/dest_graysync_ff_reg[0][1]
  -------------------------------------------------------------------
                         data arrival                           2.914    
                         clock arrival                          5.262    
  -------------------------------------------------------------------
                         relative delay                        -2.348    

Reference path:
    Location             Delay type                Incr(ns)  Path(ns)    Netlist Resource(s)
  -------------------------------------------------------------------    -------------------
                         (clock clk_out5_top_block_clk_wiz_0_0 rise edge)
                                                      0.000     0.000 r  
    L17                                               0.000     0.000 r  BASECLK (IN)
                         net (fo=0)                   0.000     0.000    top_block_i/clock_wrapper/clk_wiz_0/inst/clkin1_ibuf/I
    L17                  INBUF (Prop_INBUF_HPIOB_M_PAD_O)
                                                      0.255     0.255 r  top_block_i/clock_wrapper/clk_wiz_0/inst/clkin1_ibuf/INBUF_INST/O
                         net (fo=1, routed)           0.000     0.255    top_block_i/clock_wrapper/clk_wiz_0/inst/clkin1_ibuf/OUT
    L17                  IBUFCTRL (Prop_IBUFCTRL_HPIOB_M_I_O)
                                                      0.000     0.255 r  top_block_i/clock_wrapper/clk_wiz_0/inst/clkin1_ibuf/IBUFCTRL_INST/O
                         net (fo=1, routed)           0.351     0.606    top_block_i/clock_wrapper/clk_wiz_0/inst/clk_in1_top_block_clk_wiz_0_0
    MMCM_X0Y1            MMCME4_ADV (Prop_MMCM_CLKIN1_CLKOUT4)
                                                      0.644     1.250 r  top_block_i/clock_wrapper/clk_wiz_0/inst/mmcme4_adv_inst/CLKOUT4
                         net (fo=1, routed)           0.238     1.488    top_block_i/clock_wrapper/clk_wiz_0/inst/clk_out5_top_block_clk_wiz_0_0
    BUFGCE_X0Y44         BUFGCE (Prop_BUFCE_BUFGCE_I_O)
                                                      0.024     1.512 r  top_block_i/clock_wrapper/clk_wiz_0/inst/clkout5_buf/O
    X0Y1 (CLOCK_ROOT)    net (fo=10934, routed)       1.174     2.686    top_block_i/appUnit/async_fifos/xpm_afifo_wrapper_3/inst/xpm_fifo_async_inst/gnuram_async_fifo.xpm_fifo_base_inst/gen_cdc_pntr.rd_pntr_cdc_inst/src_clk
    SLICE_X11Y34         FDRE                                         r  top_block_i/appUnit/async_fifos/xpm_afifo_wrapper_3/inst/xpm_fifo_async_inst/gnuram_async_fifo.xpm_fifo_base_inst/gen_cdc_pntr.rd_pntr_cdc_inst/src_gray_ff_reg[4]/C
  -------------------------------------------------------------------    -------------------
    SLICE_X11Y34         FDRE (Prop_BFF_SLICEM_C_Q)
                                                      0.069     2.755 r  top_block_i/appUnit/async_fifos/xpm_afifo_wrapper_3/inst/xpm_fifo_async_inst/gnuram_async_fifo.xpm_fifo_base_inst/gen_cdc_pntr.rd_pntr_cdc_inst/src_gray_ff_reg[4]/Q
                         net (fo=1, routed)           0.108     2.863    top_block_i/appUnit/async_fifos/xpm_afifo_wrapper_3/inst/xpm_fifo_async_inst/gnuram_async_fifo.xpm_fifo_base_inst/gen_cdc_pntr.rd_pntr_cdc_inst/async_path[4]
    SLICE_X10Y33         FDRE                                         r  top_block_i/appUnit/async_fifos/xpm_afifo_wrapper_3/inst/xpm_fifo_async_inst/gnuram_async_fifo.xpm_fifo_base_inst/gen_cdc_pntr.rd_pntr_cdc_inst/dest_graysync_ff_reg[0][4]/D
  -------------------------------------------------------------------    -------------------

                         (clock clk_out1_top_block_clk_wiz_1_0 rise edge)
                                                      0.000     0.000 r  
    L17                                               0.000     0.000 r  BASECLK (IN)
                         net (fo=0)                   0.000     0.000    top_block_i/clock_wrapper/clk_wiz_0/inst/clkin1_ibuf/I
    L17                  INBUF (Prop_INBUF_HPIOB_M_PAD_O)
                                                      0.521     0.521 r  top_block_i/clock_wrapper/clk_wiz_0/inst/clkin1_ibuf/INBUF_INST/O
                         net (fo=1, routed)           0.000     0.521    top_block_i/clock_wrapper/clk_wiz_0/inst/clkin1_ibuf/OUT
    L17                  IBUFCTRL (Prop_IBUFCTRL_HPIOB_M_I_O)
                                                      0.000     0.521 r  top_block_i/clock_wrapper/clk_wiz_0/inst/clkin1_ibuf/IBUFCTRL_INST/O
                         net (fo=1, routed)           0.404     0.925    top_block_i/clock_wrapper/clk_wiz_0/inst/clk_in1_top_block_clk_wiz_0_0
    MMCM_X0Y1            MMCME4_ADV (Prop_MMCM_CLKIN1_CLKOUT0)
                                                     -0.106     0.819 r  top_block_i/clock_wrapper/clk_wiz_0/inst/mmcme4_adv_inst/CLKOUT0
                         net (fo=1, routed)           0.255     1.074    top_block_i/clock_wrapper/clk_wiz_0/inst/clk_out1_top_block_clk_wiz_0_0
    BUFGCE_X0Y26         BUFGCE (Prop_BUFCE_BUFGCE_I_O)
                                                      0.028     1.102 r  top_block_i/clock_wrapper/clk_wiz_0/inst/clkout1_buf/O
                         net (fo=670, routed)         1.030     2.132    top_block_i/clock_wrapper/clk_wiz_1/inst/clk_in1
    BUFGCE_X0Y23         BUFGCE (Prop_BUFCE_BUFGCE_I_O)
                                                      0.028     2.160 r  top_block_i/clock_wrapper/clk_wiz_1/inst/clkin1_bufg/O
                         net (fo=1, routed)           0.619     2.779    top_block_i/clock_wrapper/clk_wiz_1/inst/clk_in1_top_block_clk_wiz_1_0
    MMCM_X0Y0            MMCME4_ADV (Prop_MMCM_CLKIN1_CLKOUT0)
                                                     -0.106     2.673 r  top_block_i/clock_wrapper/clk_wiz_1/inst/mmcme4_adv_inst/CLKOUT0
                         net (fo=1, routed)           0.256     2.929    top_block_i/clock_wrapper/clk_wiz_1/inst/clk_out1_top_block_clk_wiz_1_0
    BUFGCE_X0Y22         BUFGCE (Prop_BUFCE_BUFGCE_I_O)
                                                      0.028     2.957 r  top_block_i/clock_wrapper/clk_wiz_1/inst/clkout1_buf/O
    X0Y1 (CLOCK_ROOT)    net (fo=3213, routed)        1.960     4.917    top_block_i/appUnit/async_fifos/xpm_afifo_wrapper_3/inst/xpm_fifo_async_inst/gnuram_async_fifo.xpm_fifo_base_inst/gen_cdc_pntr.rd_pntr_cdc_inst/dest_clk
    SLICE_X10Y33         FDRE                                         r  top_block_i/appUnit/async_fifos/xpm_afifo_wrapper_3/inst/xpm_fifo_async_inst/gnuram_async_fifo.xpm_fifo_base_inst/gen_cdc_pntr.rd_pntr_cdc_inst/dest_graysync_ff_reg[0][4]/C
                         clock pessimism              0.430     5.348    
    SLICE_X10Y33         FDRE (Hold_DFF2_SLICEL_C_D)
                                                      0.055     5.403    top_block_i/appUnit/async_fifos/xpm_afifo_wrapper_3/inst/xpm_fifo_async_inst/gnuram_async_fifo.xpm_fifo_base_inst/gen_cdc_pntr.rd_pntr_cdc_inst/dest_graysync_ff_reg[0][4]
  -------------------------------------------------------------------
                         data arrival                           2.863    
                         clock arrival                          5.403    
  -------------------------------------------------------------------
                         relative delay                        -2.540    



Id: 6
set_bus_skew -from [get_cells [list {top_block_i/appUnit/async_fifos/xpm_afifo_wrapper_3/inst/xpm_fifo_async_inst/gnuram_async_fifo.xpm_fifo_base_inst/gen_cdc_pntr.wr_pntr_cdc_inst/src_gray_ff_reg[0]} {top_block_i/appUnit/async_fifos/xpm_afifo_wrapper_3/inst/xpm_fifo_async_inst/gnuram_async_fifo.xpm_fifo_base_inst/gen_cdc_pntr.wr_pntr_cdc_inst/src_gray_ff_reg[1]} {top_block_i/appUnit/async_fifos/xpm_afifo_wrapper_3/inst/xpm_fifo_async_inst/gnuram_async_fifo.xpm_fifo_base_inst/gen_cdc_pntr.wr_pntr_cdc_inst/src_gray_ff_reg[2]} {top_block_i/appUnit/async_fifos/xpm_afifo_wrapper_3/inst/xpm_fifo_async_inst/gnuram_async_fifo.xpm_fifo_base_inst/gen_cdc_pntr.wr_pntr_cdc_inst/src_gray_ff_reg[3]} {top_block_i/appUnit/async_fifos/xpm_afifo_wrapper_3/inst/xpm_fifo_async_inst/gnuram_async_fifo.xpm_fifo_base_inst/gen_cdc_pntr.wr_pntr_cdc_inst/src_gray_ff_reg[4]}]] -to [get_cells [list {top_block_i/appUnit/async_fifos/xpm_afifo_wrapper_3/inst/xpm_fifo_async_inst/gnuram_async_fifo.xpm_fifo_base_inst/gen_cdc_pntr.wr_pntr_cdc_inst/dest_graysync_ff_reg[0][0]} {top_block_i/appUnit/async_fifos/xpm_afifo_wrapper_3/inst/xpm_fifo_async_inst/gnuram_async_fifo.xpm_fifo_base_inst/gen_cdc_pntr.wr_pntr_cdc_inst/dest_graysync_ff_reg[0][1]} {top_block_i/appUnit/async_fifos/xpm_afifo_wrapper_3/inst/xpm_fifo_async_inst/gnuram_async_fifo.xpm_fifo_base_inst/gen_cdc_pntr.wr_pntr_cdc_inst/dest_graysync_ff_reg[0][2]} {top_block_i/appUnit/async_fifos/xpm_afifo_wrapper_3/inst/xpm_fifo_async_inst/gnuram_async_fifo.xpm_fifo_base_inst/gen_cdc_pntr.wr_pntr_cdc_inst/dest_graysync_ff_reg[0][3]} {top_block_i/appUnit/async_fifos/xpm_afifo_wrapper_3/inst/xpm_fifo_async_inst/gnuram_async_fifo.xpm_fifo_base_inst/gen_cdc_pntr.wr_pntr_cdc_inst/dest_graysync_ff_reg[0][4]}]] 3.125
Requirement: 3.125ns
Endpoints: 5

From Clock            To Clock              Endpoint Pin                    Reference Pin                   Corner  Actual(ns)  Slack(ns)
--------------------  --------------------  ------------------------------  ------------------------------  ------  ----------  ---------
clk_out1_top_block_clk_wiz_1_0
                      clk_out5_top_block_clk_wiz_0_0
                                            top_block_i/appUnit/async_fifos/xpm_afifo_wrapper_3/inst/xpm_fifo_async_inst/gnuram_async_fifo.xpm_fifo_base_inst/gen_cdc_pntr.wr_pntr_cdc_inst/dest_graysync_ff_reg[0][4]/D
                                                                            top_block_i/appUnit/async_fifos/xpm_afifo_wrapper_3/inst/xpm_fifo_async_inst/gnuram_async_fifo.xpm_fifo_base_inst/gen_cdc_pntr.wr_pntr_cdc_inst/dest_graysync_ff_reg[0][1]/D
                                                                                                            Slow         0.085      3.040


Slack (MET) :             3.040ns  (requirement - actual skew)
  Endpoint Source:        top_block_i/appUnit/async_fifos/xpm_afifo_wrapper_3/inst/xpm_fifo_async_inst/gnuram_async_fifo.xpm_fifo_base_inst/gen_cdc_pntr.wr_pntr_cdc_inst/src_gray_ff_reg[4]/C
                            (rising edge-triggered cell FDRE clocked by clk_out1_top_block_clk_wiz_1_0)
  Endpoint Destination:   top_block_i/appUnit/async_fifos/xpm_afifo_wrapper_3/inst/xpm_fifo_async_inst/gnuram_async_fifo.xpm_fifo_base_inst/gen_cdc_pntr.wr_pntr_cdc_inst/dest_graysync_ff_reg[0][4]/D
                            (rising edge-triggered cell FDRE clocked by clk_out5_top_block_clk_wiz_0_0)
  Reference Source:       top_block_i/appUnit/async_fifos/xpm_afifo_wrapper_3/inst/xpm_fifo_async_inst/gnuram_async_fifo.xpm_fifo_base_inst/gen_cdc_pntr.wr_pntr_cdc_inst/src_gray_ff_reg[1]/C
                            (rising edge-triggered cell FDRE clocked by clk_out1_top_block_clk_wiz_1_0)
  Reference Destination:  top_block_i/appUnit/async_fifos/xpm_afifo_wrapper_3/inst/xpm_fifo_async_inst/gnuram_async_fifo.xpm_fifo_base_inst/gen_cdc_pntr.wr_pntr_cdc_inst/dest_graysync_ff_reg[0][1]/D
                            (rising edge-triggered cell FDRE clocked by clk_out5_top_block_clk_wiz_0_0)
  Path Type:              Bus Skew (Max at Slow Process Corner)
  Requirement:            3.125ns
  Endpoint Relative Delay:    3.049ns
  Reference Relative Delay:   2.857ns
  Relative CRPR:              0.107ns
  Actual Bus Skew:            0.085ns  (Endpoint Relative Delay - Reference Relative Delay - Relative CRPR)

Endpoint path:
    Location             Delay type                Incr(ns)  Path(ns)    Netlist Resource(s)
  -------------------------------------------------------------------    -------------------
                         (clock clk_out1_top_block_clk_wiz_1_0 rise edge)
                                                      0.000     0.000 r  
    L17                                               0.000     0.000 r  BASECLK (IN)
                         net (fo=0)                   0.000     0.000    top_block_i/clock_wrapper/clk_wiz_0/inst/clkin1_ibuf/I
    L17                  INBUF (Prop_INBUF_HPIOB_M_PAD_O)
                                                      0.521     0.521 r  top_block_i/clock_wrapper/clk_wiz_0/inst/clkin1_ibuf/INBUF_INST/O
                         net (fo=1, routed)           0.000     0.521    top_block_i/clock_wrapper/clk_wiz_0/inst/clkin1_ibuf/OUT
    L17                  IBUFCTRL (Prop_IBUFCTRL_HPIOB_M_I_O)
                                                      0.000     0.521 r  top_block_i/clock_wrapper/clk_wiz_0/inst/clkin1_ibuf/IBUFCTRL_INST/O
                         net (fo=1, routed)           0.404     0.925    top_block_i/clock_wrapper/clk_wiz_0/inst/clk_in1_top_block_clk_wiz_0_0
    MMCM_X0Y1            MMCME4_ADV (Prop_MMCM_CLKIN1_CLKOUT0)
                                                     -0.106     0.819 r  top_block_i/clock_wrapper/clk_wiz_0/inst/mmcme4_adv_inst/CLKOUT0
                         net (fo=1, routed)           0.255     1.074    top_block_i/clock_wrapper/clk_wiz_0/inst/clk_out1_top_block_clk_wiz_0_0
    BUFGCE_X0Y26         BUFGCE (Prop_BUFCE_BUFGCE_I_O)
                                                      0.028     1.102 r  top_block_i/clock_wrapper/clk_wiz_0/inst/clkout1_buf/O
                         net (fo=670, routed)         1.030     2.132    top_block_i/clock_wrapper/clk_wiz_1/inst/clk_in1
    BUFGCE_X0Y23         BUFGCE (Prop_BUFCE_BUFGCE_I_O)
                                                      0.028     2.160 r  top_block_i/clock_wrapper/clk_wiz_1/inst/clkin1_bufg/O
                         net (fo=1, routed)           0.619     2.779    top_block_i/clock_wrapper/clk_wiz_1/inst/clk_in1_top_block_clk_wiz_1_0
    MMCM_X0Y0            MMCME4_ADV (Prop_MMCM_CLKIN1_CLKOUT0)
                                                     -0.106     2.673 r  top_block_i/clock_wrapper/clk_wiz_1/inst/mmcme4_adv_inst/CLKOUT0
                         net (fo=1, routed)           0.256     2.929    top_block_i/clock_wrapper/clk_wiz_1/inst/clk_out1_top_block_clk_wiz_1_0
    BUFGCE_X0Y22         BUFGCE (Prop_BUFCE_BUFGCE_I_O)
                                                      0.028     2.957 r  top_block_i/clock_wrapper/clk_wiz_1/inst/clkout1_buf/O
    X0Y1 (CLOCK_ROOT)    net (fo=3213, routed)        1.981     4.938    top_block_i/appUnit/async_fifos/xpm_afifo_wrapper_3/inst/xpm_fifo_async_inst/gnuram_async_fifo.xpm_fifo_base_inst/gen_cdc_pntr.wr_pntr_cdc_inst/src_clk
    SLICE_X11Y37         FDRE                                         r  top_block_i/appUnit/async_fifos/xpm_afifo_wrapper_3/inst/xpm_fifo_async_inst/gnuram_async_fifo.xpm_fifo_base_inst/gen_cdc_pntr.wr_pntr_cdc_inst/src_gray_ff_reg[4]/C
  -------------------------------------------------------------------    -------------------
    SLICE_X11Y37         FDRE (Prop_AFF_SLICEM_C_Q)
                                                      0.093     5.031 r  top_block_i/appUnit/async_fifos/xpm_afifo_wrapper_3/inst/xpm_fifo_async_inst/gnuram_async_fifo.xpm_fifo_base_inst/gen_cdc_pntr.wr_pntr_cdc_inst/src_gray_ff_reg[4]/Q
                         net (fo=1, routed)           0.296     5.327    top_block_i/appUnit/async_fifos/xpm_afifo_wrapper_3/inst/xpm_fifo_async_inst/gnuram_async_fifo.xpm_fifo_base_inst/gen_cdc_pntr.wr_pntr_cdc_inst/async_path[4]
    SLICE_X9Y36          FDRE                                         r  top_block_i/appUnit/async_fifos/xpm_afifo_wrapper_3/inst/xpm_fifo_async_inst/gnuram_async_fifo.xpm_fifo_base_inst/gen_cdc_pntr.wr_pntr_cdc_inst/dest_graysync_ff_reg[0][4]/D
  -------------------------------------------------------------------    -------------------

                         (clock clk_out5_top_block_clk_wiz_0_0 rise edge)
                                                      0.000     0.000 r  
    L17                                               0.000     0.000 r  BASECLK (IN)
                         net (fo=0)                   0.000     0.000    top_block_i/clock_wrapper/clk_wiz_0/inst/clkin1_ibuf/I
    L17                  INBUF (Prop_INBUF_HPIOB_M_PAD_O)
                                                      0.255     0.255 r  top_block_i/clock_wrapper/clk_wiz_0/inst/clkin1_ibuf/INBUF_INST/O
                         net (fo=1, routed)           0.000     0.255    top_block_i/clock_wrapper/clk_wiz_0/inst/clkin1_ibuf/OUT
    L17                  IBUFCTRL (Prop_IBUFCTRL_HPIOB_M_I_O)
                                                      0.000     0.255 r  top_block_i/clock_wrapper/clk_wiz_0/inst/clkin1_ibuf/IBUFCTRL_INST/O
                         net (fo=1, routed)           0.351     0.606    top_block_i/clock_wrapper/clk_wiz_0/inst/clk_in1_top_block_clk_wiz_0_0
    MMCM_X0Y1            MMCME4_ADV (Prop_MMCM_CLKIN1_CLKOUT4)
                                                      0.644     1.250 r  top_block_i/clock_wrapper/clk_wiz_0/inst/mmcme4_adv_inst/CLKOUT4
                         net (fo=1, routed)           0.238     1.488    top_block_i/clock_wrapper/clk_wiz_0/inst/clk_out5_top_block_clk_wiz_0_0
    BUFGCE_X0Y44         BUFGCE (Prop_BUFCE_BUFGCE_I_O)
                                                      0.024     1.512 r  top_block_i/clock_wrapper/clk_wiz_0/inst/clkout5_buf/O
    X0Y1 (CLOCK_ROOT)    net (fo=10934, routed)       1.170     2.682    top_block_i/appUnit/async_fifos/xpm_afifo_wrapper_3/inst/xpm_fifo_async_inst/gnuram_async_fifo.xpm_fifo_base_inst/gen_cdc_pntr.wr_pntr_cdc_inst/dest_clk
    SLICE_X9Y36          FDRE                                         r  top_block_i/appUnit/async_fifos/xpm_afifo_wrapper_3/inst/xpm_fifo_async_inst/gnuram_async_fifo.xpm_fifo_base_inst/gen_cdc_pntr.wr_pntr_cdc_inst/dest_graysync_ff_reg[0][4]/C
                         clock pessimism             -0.430     2.251    
    SLICE_X9Y36          FDRE (Setup_HFF2_SLICEM_C_D)
                                                      0.027     2.278    top_block_i/appUnit/async_fifos/xpm_afifo_wrapper_3/inst/xpm_fifo_async_inst/gnuram_async_fifo.xpm_fifo_base_inst/gen_cdc_pntr.wr_pntr_cdc_inst/dest_graysync_ff_reg[0][4]
  -------------------------------------------------------------------
                         data arrival                           5.327    
                         clock arrival                          2.278    
  -------------------------------------------------------------------
                         relative delay                         3.049    

Reference path:
    Location             Delay type                Incr(ns)  Path(ns)    Netlist Resource(s)
  -------------------------------------------------------------------    -------------------
                         (clock clk_out1_top_block_clk_wiz_1_0 rise edge)
                                                      0.000     0.000 r  
    L17                                               0.000     0.000 r  BASECLK (IN)
                         net (fo=0)                   0.000     0.000    top_block_i/clock_wrapper/clk_wiz_0/inst/clkin1_ibuf/I
    L17                  INBUF (Prop_INBUF_HPIOB_M_PAD_O)
                                                      0.255     0.255 r  top_block_i/clock_wrapper/clk_wiz_0/inst/clkin1_ibuf/INBUF_INST/O
                         net (fo=1, routed)           0.000     0.255    top_block_i/clock_wrapper/clk_wiz_0/inst/clkin1_ibuf/OUT
    L17                  IBUFCTRL (Prop_IBUFCTRL_HPIOB_M_I_O)
                                                      0.000     0.255 r  top_block_i/clock_wrapper/clk_wiz_0/inst/clkin1_ibuf/IBUFCTRL_INST/O
                         net (fo=1, routed)           0.351     0.606    top_block_i/clock_wrapper/clk_wiz_0/inst/clk_in1_top_block_clk_wiz_0_0
    MMCM_X0Y1            MMCME4_ADV (Prop_MMCM_CLKIN1_CLKOUT0)
                                                      0.644     1.250 r  top_block_i/clock_wrapper/clk_wiz_0/inst/mmcme4_adv_inst/CLKOUT0
                         net (fo=1, routed)           0.227     1.477    top_block_i/clock_wrapper/clk_wiz_0/inst/clk_out1_top_block_clk_wiz_0_0
    BUFGCE_X0Y26         BUFGCE (Prop_BUFCE_BUFGCE_I_O)
                                                      0.024     1.501 r  top_block_i/clock_wrapper/clk_wiz_0/inst/clkout1_buf/O
                         net (fo=670, routed)         0.934     2.435    top_block_i/clock_wrapper/clk_wiz_1/inst/clk_in1
    BUFGCE_X0Y23         BUFGCE (Prop_BUFCE_BUFGCE_I_O)
                                                      0.024     2.459 r  top_block_i/clock_wrapper/clk_wiz_1/inst/clkin1_bufg/O
                         net (fo=1, routed)           0.552     3.011    top_block_i/clock_wrapper/clk_wiz_1/inst/clk_in1_top_block_clk_wiz_1_0
    MMCM_X0Y0            MMCME4_ADV (Prop_MMCM_CLKIN1_CLKOUT0)
                                                      0.644     3.655 r  top_block_i/clock_wrapper/clk_wiz_1/inst/mmcme4_adv_inst/CLKOUT0
                         net (fo=1, routed)           0.228     3.883    top_block_i/clock_wrapper/clk_wiz_1/inst/clk_out1_top_block_clk_wiz_1_0
    BUFGCE_X0Y22         BUFGCE (Prop_BUFCE_BUFGCE_I_O)
                                                      0.024     3.907 r  top_block_i/clock_wrapper/clk_wiz_1/inst/clkout1_buf/O
    X0Y1 (CLOCK_ROOT)    net (fo=3213, routed)        1.749     5.656    top_block_i/appUnit/async_fifos/xpm_afifo_wrapper_3/inst/xpm_fifo_async_inst/gnuram_async_fifo.xpm_fifo_base_inst/gen_cdc_pntr.wr_pntr_cdc_inst/src_clk
    SLICE_X11Y37         FDRE                                         r  top_block_i/appUnit/async_fifos/xpm_afifo_wrapper_3/inst/xpm_fifo_async_inst/gnuram_async_fifo.xpm_fifo_base_inst/gen_cdc_pntr.wr_pntr_cdc_inst/src_gray_ff_reg[1]/C
  -------------------------------------------------------------------    -------------------
    SLICE_X11Y37         FDRE (Prop_DFF2_SLICEM_C_Q)
                                                      0.073     5.729 r  top_block_i/appUnit/async_fifos/xpm_afifo_wrapper_3/inst/xpm_fifo_async_inst/gnuram_async_fifo.xpm_fifo_base_inst/gen_cdc_pntr.wr_pntr_cdc_inst/src_gray_ff_reg[1]/Q
                         net (fo=1, routed)           0.083     5.812    top_block_i/appUnit/async_fifos/xpm_afifo_wrapper_3/inst/xpm_fifo_async_inst/gnuram_async_fifo.xpm_fifo_base_inst/gen_cdc_pntr.wr_pntr_cdc_inst/async_path[1]
    SLICE_X11Y36         FDRE                                         r  top_block_i/appUnit/async_fifos/xpm_afifo_wrapper_3/inst/xpm_fifo_async_inst/gnuram_async_fifo.xpm_fifo_base_inst/gen_cdc_pntr.wr_pntr_cdc_inst/dest_graysync_ff_reg[0][1]/D
  -------------------------------------------------------------------    -------------------

                         (clock clk_out5_top_block_clk_wiz_0_0 rise edge)
                                                      0.000     0.000 r  
    L17                                               0.000     0.000 r  BASECLK (IN)
                         net (fo=0)                   0.000     0.000    top_block_i/clock_wrapper/clk_wiz_0/inst/clkin1_ibuf/I
    L17                  INBUF (Prop_INBUF_HPIOB_M_PAD_O)
                                                      0.521     0.521 r  top_block_i/clock_wrapper/clk_wiz_0/inst/clkin1_ibuf/INBUF_INST/O
                         net (fo=1, routed)           0.000     0.521    top_block_i/clock_wrapper/clk_wiz_0/inst/clkin1_ibuf/OUT
    L17                  IBUFCTRL (Prop_IBUFCTRL_HPIOB_M_I_O)
                                                      0.000     0.521 r  top_block_i/clock_wrapper/clk_wiz_0/inst/clkin1_ibuf/IBUFCTRL_INST/O
                         net (fo=1, routed)           0.404     0.925    top_block_i/clock_wrapper/clk_wiz_0/inst/clk_in1_top_block_clk_wiz_0_0
    MMCM_X0Y1            MMCME4_ADV (Prop_MMCM_CLKIN1_CLKOUT4)
                                                     -0.106     0.819 r  top_block_i/clock_wrapper/clk_wiz_0/inst/mmcme4_adv_inst/CLKOUT4
                         net (fo=1, routed)           0.270     1.089    top_block_i/clock_wrapper/clk_wiz_0/inst/clk_out5_top_block_clk_wiz_0_0
    BUFGCE_X0Y44         BUFGCE (Prop_BUFCE_BUFGCE_I_O)
                                                      0.028     1.117 r  top_block_i/clock_wrapper/clk_wiz_0/inst/clkout5_buf/O
    X0Y1 (CLOCK_ROOT)    net (fo=10934, routed)       1.352     2.470    top_block_i/appUnit/async_fifos/xpm_afifo_wrapper_3/inst/xpm_fifo_async_inst/gnuram_async_fifo.xpm_fifo_base_inst/gen_cdc_pntr.wr_pntr_cdc_inst/dest_clk
    SLICE_X11Y36         FDRE                                         r  top_block_i/appUnit/async_fifos/xpm_afifo_wrapper_3/inst/xpm_fifo_async_inst/gnuram_async_fifo.xpm_fifo_base_inst/gen_cdc_pntr.wr_pntr_cdc_inst/dest_graysync_ff_reg[0][1]/C
                         clock pessimism              0.430     2.900    
    SLICE_X11Y36         FDRE (Hold_HFF2_SLICEM_C_D)
                                                      0.055     2.955    top_block_i/appUnit/async_fifos/xpm_afifo_wrapper_3/inst/xpm_fifo_async_inst/gnuram_async_fifo.xpm_fifo_base_inst/gen_cdc_pntr.wr_pntr_cdc_inst/dest_graysync_ff_reg[0][1]
  -------------------------------------------------------------------
                         data arrival                           5.812    
                         clock arrival                          2.955    
  -------------------------------------------------------------------
                         relative delay                         2.857    



Id: 7
set_bus_skew -from [get_cells [list {top_block_i/appUnit/async_fifos/xpm_afifo_wrapper_0/inst/xpm_fifo_async_inst/gnuram_async_fifo.xpm_fifo_base_inst/gen_cdc_pntr.rd_pntr_cdc_inst/src_gray_ff_reg[0]} {top_block_i/appUnit/async_fifos/xpm_afifo_wrapper_0/inst/xpm_fifo_async_inst/gnuram_async_fifo.xpm_fifo_base_inst/gen_cdc_pntr.rd_pntr_cdc_inst/src_gray_ff_reg[1]} {top_block_i/appUnit/async_fifos/xpm_afifo_wrapper_0/inst/xpm_fifo_async_inst/gnuram_async_fifo.xpm_fifo_base_inst/gen_cdc_pntr.rd_pntr_cdc_inst/src_gray_ff_reg[2]} {top_block_i/appUnit/async_fifos/xpm_afifo_wrapper_0/inst/xpm_fifo_async_inst/gnuram_async_fifo.xpm_fifo_base_inst/gen_cdc_pntr.rd_pntr_cdc_inst/src_gray_ff_reg[3]} {top_block_i/appUnit/async_fifos/xpm_afifo_wrapper_0/inst/xpm_fifo_async_inst/gnuram_async_fifo.xpm_fifo_base_inst/gen_cdc_pntr.rd_pntr_cdc_inst/src_gray_ff_reg[4]}]] -to [get_cells [list {top_block_i/appUnit/async_fifos/xpm_afifo_wrapper_0/inst/xpm_fifo_async_inst/gnuram_async_fifo.xpm_fifo_base_inst/gen_cdc_pntr.rd_pntr_cdc_inst/dest_graysync_ff_reg[0][0]} {top_block_i/appUnit/async_fifos/xpm_afifo_wrapper_0/inst/xpm_fifo_async_inst/gnuram_async_fifo.xpm_fifo_base_inst/gen_cdc_pntr.rd_pntr_cdc_inst/dest_graysync_ff_reg[0][1]} {top_block_i/appUnit/async_fifos/xpm_afifo_wrapper_0/inst/xpm_fifo_async_inst/gnuram_async_fifo.xpm_fifo_base_inst/gen_cdc_pntr.rd_pntr_cdc_inst/dest_graysync_ff_reg[0][2]} {top_block_i/appUnit/async_fifos/xpm_afifo_wrapper_0/inst/xpm_fifo_async_inst/gnuram_async_fifo.xpm_fifo_base_inst/gen_cdc_pntr.rd_pntr_cdc_inst/dest_graysync_ff_reg[0][3]} {top_block_i/appUnit/async_fifos/xpm_afifo_wrapper_0/inst/xpm_fifo_async_inst/gnuram_async_fifo.xpm_fifo_base_inst/gen_cdc_pntr.rd_pntr_cdc_inst/dest_graysync_ff_reg[0][4]}]] 3.125
Requirement: 3.125ns
Endpoints: 5

From Clock            To Clock              Endpoint Pin                    Reference Pin                   Corner  Actual(ns)  Slack(ns)
--------------------  --------------------  ------------------------------  ------------------------------  ------  ----------  ---------
clk_out5_top_block_clk_wiz_0_0
                      clk_out1_top_block_clk_wiz_1_0
                                            top_block_i/appUnit/async_fifos/xpm_afifo_wrapper_0/inst/xpm_fifo_async_inst/gnuram_async_fifo.xpm_fifo_base_inst/gen_cdc_pntr.rd_pntr_cdc_inst/dest_graysync_ff_reg[0][3]/D
                                                                            top_block_i/appUnit/async_fifos/xpm_afifo_wrapper_0/inst/xpm_fifo_async_inst/gnuram_async_fifo.xpm_fifo_base_inst/gen_cdc_pntr.rd_pntr_cdc_inst/dest_graysync_ff_reg[0][4]/D
                                                                                                            Slow         0.377      2.748


Slack (MET) :             2.748ns  (requirement - actual skew)
  Endpoint Source:        top_block_i/appUnit/async_fifos/xpm_afifo_wrapper_0/inst/xpm_fifo_async_inst/gnuram_async_fifo.xpm_fifo_base_inst/gen_cdc_pntr.rd_pntr_cdc_inst/src_gray_ff_reg[3]/C
                            (rising edge-triggered cell FDRE clocked by clk_out5_top_block_clk_wiz_0_0)
  Endpoint Destination:   top_block_i/appUnit/async_fifos/xpm_afifo_wrapper_0/inst/xpm_fifo_async_inst/gnuram_async_fifo.xpm_fifo_base_inst/gen_cdc_pntr.rd_pntr_cdc_inst/dest_graysync_ff_reg[0][3]/D
                            (rising edge-triggered cell FDRE clocked by clk_out1_top_block_clk_wiz_1_0)
  Reference Source:       top_block_i/appUnit/async_fifos/xpm_afifo_wrapper_0/inst/xpm_fifo_async_inst/gnuram_async_fifo.xpm_fifo_base_inst/gen_cdc_pntr.rd_pntr_cdc_inst/src_gray_ff_reg[4]/C
                            (rising edge-triggered cell FDRE clocked by clk_out5_top_block_clk_wiz_0_0)
  Reference Destination:  top_block_i/appUnit/async_fifos/xpm_afifo_wrapper_0/inst/xpm_fifo_async_inst/gnuram_async_fifo.xpm_fifo_base_inst/gen_cdc_pntr.rd_pntr_cdc_inst/dest_graysync_ff_reg[0][4]/D
                            (rising edge-triggered cell FDRE clocked by clk_out1_top_block_clk_wiz_1_0)
  Path Type:              Bus Skew (Max at Slow Process Corner)
  Requirement:            3.125ns
  Endpoint Relative Delay:   -2.012ns
  Reference Relative Delay:  -2.566ns
  Relative CRPR:              0.177ns
  Actual Bus Skew:            0.377ns  (Endpoint Relative Delay - Reference Relative Delay - Relative CRPR)

Endpoint path:
    Location             Delay type                Incr(ns)  Path(ns)    Netlist Resource(s)
  -------------------------------------------------------------------    -------------------
                         (clock clk_out5_top_block_clk_wiz_0_0 rise edge)
                                                      0.000     0.000 r  
    L17                                               0.000     0.000 r  BASECLK (IN)
                         net (fo=0)                   0.000     0.000    top_block_i/clock_wrapper/clk_wiz_0/inst/clkin1_ibuf/I
    L17                  INBUF (Prop_INBUF_HPIOB_M_PAD_O)
                                                      0.521     0.521 r  top_block_i/clock_wrapper/clk_wiz_0/inst/clkin1_ibuf/INBUF_INST/O
                         net (fo=1, routed)           0.000     0.521    top_block_i/clock_wrapper/clk_wiz_0/inst/clkin1_ibuf/OUT
    L17                  IBUFCTRL (Prop_IBUFCTRL_HPIOB_M_I_O)
                                                      0.000     0.521 r  top_block_i/clock_wrapper/clk_wiz_0/inst/clkin1_ibuf/IBUFCTRL_INST/O
                         net (fo=1, routed)           0.404     0.925    top_block_i/clock_wrapper/clk_wiz_0/inst/clk_in1_top_block_clk_wiz_0_0
    MMCM_X0Y1            MMCME4_ADV (Prop_MMCM_CLKIN1_CLKOUT4)
                                                     -0.106     0.819 r  top_block_i/clock_wrapper/clk_wiz_0/inst/mmcme4_adv_inst/CLKOUT4
                         net (fo=1, routed)           0.270     1.089    top_block_i/clock_wrapper/clk_wiz_0/inst/clk_out5_top_block_clk_wiz_0_0
    BUFGCE_X0Y44         BUFGCE (Prop_BUFCE_BUFGCE_I_O)
                                                      0.028     1.117 r  top_block_i/clock_wrapper/clk_wiz_0/inst/clkout5_buf/O
    X0Y1 (CLOCK_ROOT)    net (fo=10934, routed)       1.346     2.463    top_block_i/appUnit/async_fifos/xpm_afifo_wrapper_0/inst/xpm_fifo_async_inst/gnuram_async_fifo.xpm_fifo_base_inst/gen_cdc_pntr.rd_pntr_cdc_inst/src_clk
    SLICE_X16Y33         FDRE                                         r  top_block_i/appUnit/async_fifos/xpm_afifo_wrapper_0/inst/xpm_fifo_async_inst/gnuram_async_fifo.xpm_fifo_base_inst/gen_cdc_pntr.rd_pntr_cdc_inst/src_gray_ff_reg[3]/C
  -------------------------------------------------------------------    -------------------
    SLICE_X16Y33         FDRE (Prop_HFF2_SLICEL_C_Q)
                                                      0.097     2.560 r  top_block_i/appUnit/async_fifos/xpm_afifo_wrapper_0/inst/xpm_fifo_async_inst/gnuram_async_fifo.xpm_fifo_base_inst/gen_cdc_pntr.rd_pntr_cdc_inst/src_gray_ff_reg[3]/Q
                         net (fo=1, routed)           0.667     3.227    top_block_i/appUnit/async_fifos/xpm_afifo_wrapper_0/inst/xpm_fifo_async_inst/gnuram_async_fifo.xpm_fifo_base_inst/gen_cdc_pntr.rd_pntr_cdc_inst/async_path[3]
    SLICE_X15Y33         FDRE                                         r  top_block_i/appUnit/async_fifos/xpm_afifo_wrapper_0/inst/xpm_fifo_async_inst/gnuram_async_fifo.xpm_fifo_base_inst/gen_cdc_pntr.rd_pntr_cdc_inst/dest_graysync_ff_reg[0][3]/D
  -------------------------------------------------------------------    -------------------

                         (clock clk_out1_top_block_clk_wiz_1_0 rise edge)
                                                      0.000     0.000 r  
    L17                                               0.000     0.000 r  BASECLK (IN)
                         net (fo=0)                   0.000     0.000    top_block_i/clock_wrapper/clk_wiz_0/inst/clkin1_ibuf/I
    L17                  INBUF (Prop_INBUF_HPIOB_M_PAD_O)
                                                      0.255     0.255 r  top_block_i/clock_wrapper/clk_wiz_0/inst/clkin1_ibuf/INBUF_INST/O
                         net (fo=1, routed)           0.000     0.255    top_block_i/clock_wrapper/clk_wiz_0/inst/clkin1_ibuf/OUT
    L17                  IBUFCTRL (Prop_IBUFCTRL_HPIOB_M_I_O)
                                                      0.000     0.255 r  top_block_i/clock_wrapper/clk_wiz_0/inst/clkin1_ibuf/IBUFCTRL_INST/O
                         net (fo=1, routed)           0.351     0.606    top_block_i/clock_wrapper/clk_wiz_0/inst/clk_in1_top_block_clk_wiz_0_0
    MMCM_X0Y1            MMCME4_ADV (Prop_MMCM_CLKIN1_CLKOUT0)
                                                      0.644     1.250 r  top_block_i/clock_wrapper/clk_wiz_0/inst/mmcme4_adv_inst/CLKOUT0
                         net (fo=1, routed)           0.227     1.477    top_block_i/clock_wrapper/clk_wiz_0/inst/clk_out1_top_block_clk_wiz_0_0
    BUFGCE_X0Y26         BUFGCE (Prop_BUFCE_BUFGCE_I_O)
                                                      0.024     1.501 r  top_block_i/clock_wrapper/clk_wiz_0/inst/clkout1_buf/O
                         net (fo=670, routed)         0.934     2.435    top_block_i/clock_wrapper/clk_wiz_1/inst/clk_in1
    BUFGCE_X0Y23         BUFGCE (Prop_BUFCE_BUFGCE_I_O)
                                                      0.024     2.459 r  top_block_i/clock_wrapper/clk_wiz_1/inst/clkin1_bufg/O
                         net (fo=1, routed)           0.552     3.011    top_block_i/clock_wrapper/clk_wiz_1/inst/clk_in1_top_block_clk_wiz_1_0
    MMCM_X0Y0            MMCME4_ADV (Prop_MMCM_CLKIN1_CLKOUT0)
                                                      0.644     3.655 r  top_block_i/clock_wrapper/clk_wiz_1/inst/mmcme4_adv_inst/CLKOUT0
                         net (fo=1, routed)           0.228     3.883    top_block_i/clock_wrapper/clk_wiz_1/inst/clk_out1_top_block_clk_wiz_1_0
    BUFGCE_X0Y22         BUFGCE (Prop_BUFCE_BUFGCE_I_O)
                                                      0.024     3.907 r  top_block_i/clock_wrapper/clk_wiz_1/inst/clkout1_buf/O
    X0Y1 (CLOCK_ROOT)    net (fo=3213, routed)        1.736     5.643    top_block_i/appUnit/async_fifos/xpm_afifo_wrapper_0/inst/xpm_fifo_async_inst/gnuram_async_fifo.xpm_fifo_base_inst/gen_cdc_pntr.rd_pntr_cdc_inst/dest_clk
    SLICE_X15Y33         FDRE                                         r  top_block_i/appUnit/async_fifos/xpm_afifo_wrapper_0/inst/xpm_fifo_async_inst/gnuram_async_fifo.xpm_fifo_base_inst/gen_cdc_pntr.rd_pntr_cdc_inst/dest_graysync_ff_reg[0][3]/C
                         clock pessimism             -0.430     5.212    
    SLICE_X15Y33         FDRE (Setup_GFF2_SLICEM_C_D)
                                                      0.027     5.239    top_block_i/appUnit/async_fifos/xpm_afifo_wrapper_0/inst/xpm_fifo_async_inst/gnuram_async_fifo.xpm_fifo_base_inst/gen_cdc_pntr.rd_pntr_cdc_inst/dest_graysync_ff_reg[0][3]
  -------------------------------------------------------------------
                         data arrival                           3.227    
                         clock arrival                          5.239    
  -------------------------------------------------------------------
                         relative delay                        -2.012    

Reference path:
    Location             Delay type                Incr(ns)  Path(ns)    Netlist Resource(s)
  -------------------------------------------------------------------    -------------------
                         (clock clk_out5_top_block_clk_wiz_0_0 rise edge)
                                                      0.000     0.000 r  
    L17                                               0.000     0.000 r  BASECLK (IN)
                         net (fo=0)                   0.000     0.000    top_block_i/clock_wrapper/clk_wiz_0/inst/clkin1_ibuf/I
    L17                  INBUF (Prop_INBUF_HPIOB_M_PAD_O)
                                                      0.255     0.255 r  top_block_i/clock_wrapper/clk_wiz_0/inst/clkin1_ibuf/INBUF_INST/O
                         net (fo=1, routed)           0.000     0.255    top_block_i/clock_wrapper/clk_wiz_0/inst/clkin1_ibuf/OUT
    L17                  IBUFCTRL (Prop_IBUFCTRL_HPIOB_M_I_O)
                                                      0.000     0.255 r  top_block_i/clock_wrapper/clk_wiz_0/inst/clkin1_ibuf/IBUFCTRL_INST/O
                         net (fo=1, routed)           0.351     0.606    top_block_i/clock_wrapper/clk_wiz_0/inst/clk_in1_top_block_clk_wiz_0_0
    MMCM_X0Y1            MMCME4_ADV (Prop_MMCM_CLKIN1_CLKOUT4)
                                                      0.644     1.250 r  top_block_i/clock_wrapper/clk_wiz_0/inst/mmcme4_adv_inst/CLKOUT4
                         net (fo=1, routed)           0.238     1.488    top_block_i/clock_wrapper/clk_wiz_0/inst/clk_out5_top_block_clk_wiz_0_0
    BUFGCE_X0Y44         BUFGCE (Prop_BUFCE_BUFGCE_I_O)
                                                      0.024     1.512 r  top_block_i/clock_wrapper/clk_wiz_0/inst/clkout5_buf/O
    X0Y1 (CLOCK_ROOT)    net (fo=10934, routed)       1.163     2.675    top_block_i/appUnit/async_fifos/xpm_afifo_wrapper_0/inst/xpm_fifo_async_inst/gnuram_async_fifo.xpm_fifo_base_inst/gen_cdc_pntr.rd_pntr_cdc_inst/src_clk
    SLICE_X16Y32         FDRE                                         r  top_block_i/appUnit/async_fifos/xpm_afifo_wrapper_0/inst/xpm_fifo_async_inst/gnuram_async_fifo.xpm_fifo_base_inst/gen_cdc_pntr.rd_pntr_cdc_inst/src_gray_ff_reg[4]/C
  -------------------------------------------------------------------    -------------------
    SLICE_X16Y32         FDRE (Prop_EFF_SLICEL_C_Q)
                                                      0.070     2.745 r  top_block_i/appUnit/async_fifos/xpm_afifo_wrapper_0/inst/xpm_fifo_async_inst/gnuram_async_fifo.xpm_fifo_base_inst/gen_cdc_pntr.rd_pntr_cdc_inst/src_gray_ff_reg[4]/Q
                         net (fo=1, routed)           0.101     2.846    top_block_i/appUnit/async_fifos/xpm_afifo_wrapper_0/inst/xpm_fifo_async_inst/gnuram_async_fifo.xpm_fifo_base_inst/gen_cdc_pntr.rd_pntr_cdc_inst/async_path[4]
    SLICE_X16Y32         FDRE                                         r  top_block_i/appUnit/async_fifos/xpm_afifo_wrapper_0/inst/xpm_fifo_async_inst/gnuram_async_fifo.xpm_fifo_base_inst/gen_cdc_pntr.rd_pntr_cdc_inst/dest_graysync_ff_reg[0][4]/D
  -------------------------------------------------------------------    -------------------

                         (clock clk_out1_top_block_clk_wiz_1_0 rise edge)
                                                      0.000     0.000 r  
    L17                                               0.000     0.000 r  BASECLK (IN)
                         net (fo=0)                   0.000     0.000    top_block_i/clock_wrapper/clk_wiz_0/inst/clkin1_ibuf/I
    L17                  INBUF (Prop_INBUF_HPIOB_M_PAD_O)
                                                      0.521     0.521 r  top_block_i/clock_wrapper/clk_wiz_0/inst/clkin1_ibuf/INBUF_INST/O
                         net (fo=1, routed)           0.000     0.521    top_block_i/clock_wrapper/clk_wiz_0/inst/clkin1_ibuf/OUT
    L17                  IBUFCTRL (Prop_IBUFCTRL_HPIOB_M_I_O)
                                                      0.000     0.521 r  top_block_i/clock_wrapper/clk_wiz_0/inst/clkin1_ibuf/IBUFCTRL_INST/O
                         net (fo=1, routed)           0.404     0.925    top_block_i/clock_wrapper/clk_wiz_0/inst/clk_in1_top_block_clk_wiz_0_0
    MMCM_X0Y1            MMCME4_ADV (Prop_MMCM_CLKIN1_CLKOUT0)
                                                     -0.106     0.819 r  top_block_i/clock_wrapper/clk_wiz_0/inst/mmcme4_adv_inst/CLKOUT0
                         net (fo=1, routed)           0.255     1.074    top_block_i/clock_wrapper/clk_wiz_0/inst/clk_out1_top_block_clk_wiz_0_0
    BUFGCE_X0Y26         BUFGCE (Prop_BUFCE_BUFGCE_I_O)
                                                      0.028     1.102 r  top_block_i/clock_wrapper/clk_wiz_0/inst/clkout1_buf/O
                         net (fo=670, routed)         1.030     2.132    top_block_i/clock_wrapper/clk_wiz_1/inst/clk_in1
    BUFGCE_X0Y23         BUFGCE (Prop_BUFCE_BUFGCE_I_O)
                                                      0.028     2.160 r  top_block_i/clock_wrapper/clk_wiz_1/inst/clkin1_bufg/O
                         net (fo=1, routed)           0.619     2.779    top_block_i/clock_wrapper/clk_wiz_1/inst/clk_in1_top_block_clk_wiz_1_0
    MMCM_X0Y0            MMCME4_ADV (Prop_MMCM_CLKIN1_CLKOUT0)
                                                     -0.106     2.673 r  top_block_i/clock_wrapper/clk_wiz_1/inst/mmcme4_adv_inst/CLKOUT0
                         net (fo=1, routed)           0.256     2.929    top_block_i/clock_wrapper/clk_wiz_1/inst/clk_out1_top_block_clk_wiz_1_0
    BUFGCE_X0Y22         BUFGCE (Prop_BUFCE_BUFGCE_I_O)
                                                      0.028     2.957 r  top_block_i/clock_wrapper/clk_wiz_1/inst/clkout1_buf/O
    X0Y1 (CLOCK_ROOT)    net (fo=3213, routed)        1.969     4.927    top_block_i/appUnit/async_fifos/xpm_afifo_wrapper_0/inst/xpm_fifo_async_inst/gnuram_async_fifo.xpm_fifo_base_inst/gen_cdc_pntr.rd_pntr_cdc_inst/dest_clk
    SLICE_X16Y32         FDRE                                         r  top_block_i/appUnit/async_fifos/xpm_afifo_wrapper_0/inst/xpm_fifo_async_inst/gnuram_async_fifo.xpm_fifo_base_inst/gen_cdc_pntr.rd_pntr_cdc_inst/dest_graysync_ff_reg[0][4]/C
                         clock pessimism              0.430     5.357    
    SLICE_X16Y32         FDRE (Hold_DFF2_SLICEL_C_D)
                                                      0.055     5.412    top_block_i/appUnit/async_fifos/xpm_afifo_wrapper_0/inst/xpm_fifo_async_inst/gnuram_async_fifo.xpm_fifo_base_inst/gen_cdc_pntr.rd_pntr_cdc_inst/dest_graysync_ff_reg[0][4]
  -------------------------------------------------------------------
                         data arrival                           2.846    
                         clock arrival                          5.412    
  -------------------------------------------------------------------
                         relative delay                        -2.566    



Id: 8
set_bus_skew -from [get_cells [list {top_block_i/appUnit/async_fifos/xpm_afifo_wrapper_0/inst/xpm_fifo_async_inst/gnuram_async_fifo.xpm_fifo_base_inst/gen_cdc_pntr.wr_pntr_cdc_inst/src_gray_ff_reg[0]} {top_block_i/appUnit/async_fifos/xpm_afifo_wrapper_0/inst/xpm_fifo_async_inst/gnuram_async_fifo.xpm_fifo_base_inst/gen_cdc_pntr.wr_pntr_cdc_inst/src_gray_ff_reg[1]} {top_block_i/appUnit/async_fifos/xpm_afifo_wrapper_0/inst/xpm_fifo_async_inst/gnuram_async_fifo.xpm_fifo_base_inst/gen_cdc_pntr.wr_pntr_cdc_inst/src_gray_ff_reg[2]} {top_block_i/appUnit/async_fifos/xpm_afifo_wrapper_0/inst/xpm_fifo_async_inst/gnuram_async_fifo.xpm_fifo_base_inst/gen_cdc_pntr.wr_pntr_cdc_inst/src_gray_ff_reg[3]} {top_block_i/appUnit/async_fifos/xpm_afifo_wrapper_0/inst/xpm_fifo_async_inst/gnuram_async_fifo.xpm_fifo_base_inst/gen_cdc_pntr.wr_pntr_cdc_inst/src_gray_ff_reg[4]}]] -to [get_cells [list {top_block_i/appUnit/async_fifos/xpm_afifo_wrapper_0/inst/xpm_fifo_async_inst/gnuram_async_fifo.xpm_fifo_base_inst/gen_cdc_pntr.wr_pntr_cdc_inst/dest_graysync_ff_reg[0][0]} {top_block_i/appUnit/async_fifos/xpm_afifo_wrapper_0/inst/xpm_fifo_async_inst/gnuram_async_fifo.xpm_fifo_base_inst/gen_cdc_pntr.wr_pntr_cdc_inst/dest_graysync_ff_reg[0][1]} {top_block_i/appUnit/async_fifos/xpm_afifo_wrapper_0/inst/xpm_fifo_async_inst/gnuram_async_fifo.xpm_fifo_base_inst/gen_cdc_pntr.wr_pntr_cdc_inst/dest_graysync_ff_reg[0][2]} {top_block_i/appUnit/async_fifos/xpm_afifo_wrapper_0/inst/xpm_fifo_async_inst/gnuram_async_fifo.xpm_fifo_base_inst/gen_cdc_pntr.wr_pntr_cdc_inst/dest_graysync_ff_reg[0][3]} {top_block_i/appUnit/async_fifos/xpm_afifo_wrapper_0/inst/xpm_fifo_async_inst/gnuram_async_fifo.xpm_fifo_base_inst/gen_cdc_pntr.wr_pntr_cdc_inst/dest_graysync_ff_reg[0][4]}]] 3.125
Requirement: 3.125ns
Endpoints: 5

From Clock            To Clock              Endpoint Pin                    Reference Pin                   Corner  Actual(ns)  Slack(ns)
--------------------  --------------------  ------------------------------  ------------------------------  ------  ----------  ---------
clk_out1_top_block_clk_wiz_1_0
                      clk_out5_top_block_clk_wiz_0_0
                                            top_block_i/appUnit/async_fifos/xpm_afifo_wrapper_0/inst/xpm_fifo_async_inst/gnuram_async_fifo.xpm_fifo_base_inst/gen_cdc_pntr.wr_pntr_cdc_inst/dest_graysync_ff_reg[0][2]/D
                                                                            top_block_i/appUnit/async_fifos/xpm_afifo_wrapper_0/inst/xpm_fifo_async_inst/gnuram_async_fifo.xpm_fifo_base_inst/gen_cdc_pntr.wr_pntr_cdc_inst/dest_graysync_ff_reg[0][3]/D
                                                                                                            Slow         0.158      2.967


Slack (MET) :             2.967ns  (requirement - actual skew)
  Endpoint Source:        top_block_i/appUnit/async_fifos/xpm_afifo_wrapper_0/inst/xpm_fifo_async_inst/gnuram_async_fifo.xpm_fifo_base_inst/gen_cdc_pntr.wr_pntr_cdc_inst/src_gray_ff_reg[2]/C
                            (rising edge-triggered cell FDRE clocked by clk_out1_top_block_clk_wiz_1_0)
  Endpoint Destination:   top_block_i/appUnit/async_fifos/xpm_afifo_wrapper_0/inst/xpm_fifo_async_inst/gnuram_async_fifo.xpm_fifo_base_inst/gen_cdc_pntr.wr_pntr_cdc_inst/dest_graysync_ff_reg[0][2]/D
                            (rising edge-triggered cell FDRE clocked by clk_out5_top_block_clk_wiz_0_0)
  Reference Source:       top_block_i/appUnit/async_fifos/xpm_afifo_wrapper_0/inst/xpm_fifo_async_inst/gnuram_async_fifo.xpm_fifo_base_inst/gen_cdc_pntr.wr_pntr_cdc_inst/src_gray_ff_reg[3]/C
                            (rising edge-triggered cell FDRE clocked by clk_out1_top_block_clk_wiz_1_0)
  Reference Destination:  top_block_i/appUnit/async_fifos/xpm_afifo_wrapper_0/inst/xpm_fifo_async_inst/gnuram_async_fifo.xpm_fifo_base_inst/gen_cdc_pntr.wr_pntr_cdc_inst/dest_graysync_ff_reg[0][3]/D
                            (rising edge-triggered cell FDRE clocked by clk_out5_top_block_clk_wiz_0_0)
  Path Type:              Bus Skew (Max at Slow Process Corner)
  Requirement:            3.125ns
  Endpoint Relative Delay:    3.118ns
  Reference Relative Delay:   2.852ns
  Relative CRPR:              0.107ns
  Actual Bus Skew:            0.158ns  (Endpoint Relative Delay - Reference Relative Delay - Relative CRPR)

Endpoint path:
    Location             Delay type                Incr(ns)  Path(ns)    Netlist Resource(s)
  -------------------------------------------------------------------    -------------------
                         (clock clk_out1_top_block_clk_wiz_1_0 rise edge)
                                                      0.000     0.000 r  
    L17                                               0.000     0.000 r  BASECLK (IN)
                         net (fo=0)                   0.000     0.000    top_block_i/clock_wrapper/clk_wiz_0/inst/clkin1_ibuf/I
    L17                  INBUF (Prop_INBUF_HPIOB_M_PAD_O)
                                                      0.521     0.521 r  top_block_i/clock_wrapper/clk_wiz_0/inst/clkin1_ibuf/INBUF_INST/O
                         net (fo=1, routed)           0.000     0.521    top_block_i/clock_wrapper/clk_wiz_0/inst/clkin1_ibuf/OUT
    L17                  IBUFCTRL (Prop_IBUFCTRL_HPIOB_M_I_O)
                                                      0.000     0.521 r  top_block_i/clock_wrapper/clk_wiz_0/inst/clkin1_ibuf/IBUFCTRL_INST/O
                         net (fo=1, routed)           0.404     0.925    top_block_i/clock_wrapper/clk_wiz_0/inst/clk_in1_top_block_clk_wiz_0_0
    MMCM_X0Y1            MMCME4_ADV (Prop_MMCM_CLKIN1_CLKOUT0)
                                                     -0.106     0.819 r  top_block_i/clock_wrapper/clk_wiz_0/inst/mmcme4_adv_inst/CLKOUT0
                         net (fo=1, routed)           0.255     1.074    top_block_i/clock_wrapper/clk_wiz_0/inst/clk_out1_top_block_clk_wiz_0_0
    BUFGCE_X0Y26         BUFGCE (Prop_BUFCE_BUFGCE_I_O)
                                                      0.028     1.102 r  top_block_i/clock_wrapper/clk_wiz_0/inst/clkout1_buf/O
                         net (fo=670, routed)         1.030     2.132    top_block_i/clock_wrapper/clk_wiz_1/inst/clk_in1
    BUFGCE_X0Y23         BUFGCE (Prop_BUFCE_BUFGCE_I_O)
                                                      0.028     2.160 r  top_block_i/clock_wrapper/clk_wiz_1/inst/clkin1_bufg/O
                         net (fo=1, routed)           0.619     2.779    top_block_i/clock_wrapper/clk_wiz_1/inst/clk_in1_top_block_clk_wiz_1_0
    MMCM_X0Y0            MMCME4_ADV (Prop_MMCM_CLKIN1_CLKOUT0)
                                                     -0.106     2.673 r  top_block_i/clock_wrapper/clk_wiz_1/inst/mmcme4_adv_inst/CLKOUT0
                         net (fo=1, routed)           0.256     2.929    top_block_i/clock_wrapper/clk_wiz_1/inst/clk_out1_top_block_clk_wiz_1_0
    BUFGCE_X0Y22         BUFGCE (Prop_BUFCE_BUFGCE_I_O)
                                                      0.028     2.957 r  top_block_i/clock_wrapper/clk_wiz_1/inst/clkout1_buf/O
    X0Y1 (CLOCK_ROOT)    net (fo=3213, routed)        1.985     4.942    top_block_i/appUnit/async_fifos/xpm_afifo_wrapper_0/inst/xpm_fifo_async_inst/gnuram_async_fifo.xpm_fifo_base_inst/gen_cdc_pntr.wr_pntr_cdc_inst/src_clk
    SLICE_X14Y33         FDRE                                         r  top_block_i/appUnit/async_fifos/xpm_afifo_wrapper_0/inst/xpm_fifo_async_inst/gnuram_async_fifo.xpm_fifo_base_inst/gen_cdc_pntr.wr_pntr_cdc_inst/src_gray_ff_reg[2]/C
  -------------------------------------------------------------------    -------------------
    SLICE_X14Y33         FDRE (Prop_CFF_SLICEL_C_Q)
                                                      0.097     5.039 r  top_block_i/appUnit/async_fifos/xpm_afifo_wrapper_0/inst/xpm_fifo_async_inst/gnuram_async_fifo.xpm_fifo_base_inst/gen_cdc_pntr.wr_pntr_cdc_inst/src_gray_ff_reg[2]/Q
                         net (fo=1, routed)           0.360     5.399    top_block_i/appUnit/async_fifos/xpm_afifo_wrapper_0/inst/xpm_fifo_async_inst/gnuram_async_fifo.xpm_fifo_base_inst/gen_cdc_pntr.wr_pntr_cdc_inst/async_path[2]
    SLICE_X15Y35         FDRE                                         r  top_block_i/appUnit/async_fifos/xpm_afifo_wrapper_0/inst/xpm_fifo_async_inst/gnuram_async_fifo.xpm_fifo_base_inst/gen_cdc_pntr.wr_pntr_cdc_inst/dest_graysync_ff_reg[0][2]/D
  -------------------------------------------------------------------    -------------------

                         (clock clk_out5_top_block_clk_wiz_0_0 rise edge)
                                                      0.000     0.000 r  
    L17                                               0.000     0.000 r  BASECLK (IN)
                         net (fo=0)                   0.000     0.000    top_block_i/clock_wrapper/clk_wiz_0/inst/clkin1_ibuf/I
    L17                  INBUF (Prop_INBUF_HPIOB_M_PAD_O)
                                                      0.255     0.255 r  top_block_i/clock_wrapper/clk_wiz_0/inst/clkin1_ibuf/INBUF_INST/O
                         net (fo=1, routed)           0.000     0.255    top_block_i/clock_wrapper/clk_wiz_0/inst/clkin1_ibuf/OUT
    L17                  IBUFCTRL (Prop_IBUFCTRL_HPIOB_M_I_O)
                                                      0.000     0.255 r  top_block_i/clock_wrapper/clk_wiz_0/inst/clkin1_ibuf/IBUFCTRL_INST/O
                         net (fo=1, routed)           0.351     0.606    top_block_i/clock_wrapper/clk_wiz_0/inst/clk_in1_top_block_clk_wiz_0_0
    MMCM_X0Y1            MMCME4_ADV (Prop_MMCM_CLKIN1_CLKOUT4)
                                                      0.644     1.250 r  top_block_i/clock_wrapper/clk_wiz_0/inst/mmcme4_adv_inst/CLKOUT4
                         net (fo=1, routed)           0.238     1.488    top_block_i/clock_wrapper/clk_wiz_0/inst/clk_out5_top_block_clk_wiz_0_0
    BUFGCE_X0Y44         BUFGCE (Prop_BUFCE_BUFGCE_I_O)
                                                      0.024     1.512 r  top_block_i/clock_wrapper/clk_wiz_0/inst/clkout5_buf/O
    X0Y1 (CLOCK_ROOT)    net (fo=10934, routed)       1.173     2.685    top_block_i/appUnit/async_fifos/xpm_afifo_wrapper_0/inst/xpm_fifo_async_inst/gnuram_async_fifo.xpm_fifo_base_inst/gen_cdc_pntr.wr_pntr_cdc_inst/dest_clk
    SLICE_X15Y35         FDRE                                         r  top_block_i/appUnit/async_fifos/xpm_afifo_wrapper_0/inst/xpm_fifo_async_inst/gnuram_async_fifo.xpm_fifo_base_inst/gen_cdc_pntr.wr_pntr_cdc_inst/dest_graysync_ff_reg[0][2]/C
                         clock pessimism             -0.430     2.254    
    SLICE_X15Y35         FDRE (Setup_GFF2_SLICEM_C_D)
                                                      0.027     2.281    top_block_i/appUnit/async_fifos/xpm_afifo_wrapper_0/inst/xpm_fifo_async_inst/gnuram_async_fifo.xpm_fifo_base_inst/gen_cdc_pntr.wr_pntr_cdc_inst/dest_graysync_ff_reg[0][2]
  -------------------------------------------------------------------
                         data arrival                           5.399    
                         clock arrival                          2.281    
  -------------------------------------------------------------------
                         relative delay                         3.118    

Reference path:
    Location             Delay type                Incr(ns)  Path(ns)    Netlist Resource(s)
  -------------------------------------------------------------------    -------------------
                         (clock clk_out1_top_block_clk_wiz_1_0 rise edge)
                                                      0.000     0.000 r  
    L17                                               0.000     0.000 r  BASECLK (IN)
                         net (fo=0)                   0.000     0.000    top_block_i/clock_wrapper/clk_wiz_0/inst/clkin1_ibuf/I
    L17                  INBUF (Prop_INBUF_HPIOB_M_PAD_O)
                                                      0.255     0.255 r  top_block_i/clock_wrapper/clk_wiz_0/inst/clkin1_ibuf/INBUF_INST/O
                         net (fo=1, routed)           0.000     0.255    top_block_i/clock_wrapper/clk_wiz_0/inst/clkin1_ibuf/OUT
    L17                  IBUFCTRL (Prop_IBUFCTRL_HPIOB_M_I_O)
                                                      0.000     0.255 r  top_block_i/clock_wrapper/clk_wiz_0/inst/clkin1_ibuf/IBUFCTRL_INST/O
                         net (fo=1, routed)           0.351     0.606    top_block_i/clock_wrapper/clk_wiz_0/inst/clk_in1_top_block_clk_wiz_0_0
    MMCM_X0Y1            MMCME4_ADV (Prop_MMCM_CLKIN1_CLKOUT0)
                                                      0.644     1.250 r  top_block_i/clock_wrapper/clk_wiz_0/inst/mmcme4_adv_inst/CLKOUT0
                         net (fo=1, routed)           0.227     1.477    top_block_i/clock_wrapper/clk_wiz_0/inst/clk_out1_top_block_clk_wiz_0_0
    BUFGCE_X0Y26         BUFGCE (Prop_BUFCE_BUFGCE_I_O)
                                                      0.024     1.501 r  top_block_i/clock_wrapper/clk_wiz_0/inst/clkout1_buf/O
                         net (fo=670, routed)         0.934     2.435    top_block_i/clock_wrapper/clk_wiz_1/inst/clk_in1
    BUFGCE_X0Y23         BUFGCE (Prop_BUFCE_BUFGCE_I_O)
                                                      0.024     2.459 r  top_block_i/clock_wrapper/clk_wiz_1/inst/clkin1_bufg/O
                         net (fo=1, routed)           0.552     3.011    top_block_i/clock_wrapper/clk_wiz_1/inst/clk_in1_top_block_clk_wiz_1_0
    MMCM_X0Y0            MMCME4_ADV (Prop_MMCM_CLKIN1_CLKOUT0)
                                                      0.644     3.655 r  top_block_i/clock_wrapper/clk_wiz_1/inst/mmcme4_adv_inst/CLKOUT0
                         net (fo=1, routed)           0.228     3.883    top_block_i/clock_wrapper/clk_wiz_1/inst/clk_out1_top_block_clk_wiz_1_0
    BUFGCE_X0Y22         BUFGCE (Prop_BUFCE_BUFGCE_I_O)
                                                      0.024     3.907 r  top_block_i/clock_wrapper/clk_wiz_1/inst/clkout1_buf/O
    X0Y1 (CLOCK_ROOT)    net (fo=3213, routed)        1.745     5.652    top_block_i/appUnit/async_fifos/xpm_afifo_wrapper_0/inst/xpm_fifo_async_inst/gnuram_async_fifo.xpm_fifo_base_inst/gen_cdc_pntr.wr_pntr_cdc_inst/src_clk
    SLICE_X14Y33         FDRE                                         r  top_block_i/appUnit/async_fifos/xpm_afifo_wrapper_0/inst/xpm_fifo_async_inst/gnuram_async_fifo.xpm_fifo_base_inst/gen_cdc_pntr.wr_pntr_cdc_inst/src_gray_ff_reg[3]/C
  -------------------------------------------------------------------    -------------------
    SLICE_X14Y33         FDRE (Prop_CFF2_SLICEL_C_Q)
                                                      0.071     5.723 r  top_block_i/appUnit/async_fifos/xpm_afifo_wrapper_0/inst/xpm_fifo_async_inst/gnuram_async_fifo.xpm_fifo_base_inst/gen_cdc_pntr.wr_pntr_cdc_inst/src_gray_ff_reg[3]/Q
                         net (fo=1, routed)           0.075     5.798    top_block_i/appUnit/async_fifos/xpm_afifo_wrapper_0/inst/xpm_fifo_async_inst/gnuram_async_fifo.xpm_fifo_base_inst/gen_cdc_pntr.wr_pntr_cdc_inst/async_path[3]
    SLICE_X14Y34         FDRE                                         r  top_block_i/appUnit/async_fifos/xpm_afifo_wrapper_0/inst/xpm_fifo_async_inst/gnuram_async_fifo.xpm_fifo_base_inst/gen_cdc_pntr.wr_pntr_cdc_inst/dest_graysync_ff_reg[0][3]/D
  -------------------------------------------------------------------    -------------------

                         (clock clk_out5_top_block_clk_wiz_0_0 rise edge)
                                                      0.000     0.000 r  
    L17                                               0.000     0.000 r  BASECLK (IN)
                         net (fo=0)                   0.000     0.000    top_block_i/clock_wrapper/clk_wiz_0/inst/clkin1_ibuf/I
    L17                  INBUF (Prop_INBUF_HPIOB_M_PAD_O)
                                                      0.521     0.521 r  top_block_i/clock_wrapper/clk_wiz_0/inst/clkin1_ibuf/INBUF_INST/O
                         net (fo=1, routed)           0.000     0.521    top_block_i/clock_wrapper/clk_wiz_0/inst/clkin1_ibuf/OUT
    L17                  IBUFCTRL (Prop_IBUFCTRL_HPIOB_M_I_O)
                                                      0.000     0.521 r  top_block_i/clock_wrapper/clk_wiz_0/inst/clkin1_ibuf/IBUFCTRL_INST/O
                         net (fo=1, routed)           0.404     0.925    top_block_i/clock_wrapper/clk_wiz_0/inst/clk_in1_top_block_clk_wiz_0_0
    MMCM_X0Y1            MMCME4_ADV (Prop_MMCM_CLKIN1_CLKOUT4)
                                                     -0.106     0.819 r  top_block_i/clock_wrapper/clk_wiz_0/inst/mmcme4_adv_inst/CLKOUT4
                         net (fo=1, routed)           0.270     1.089    top_block_i/clock_wrapper/clk_wiz_0/inst/clk_out5_top_block_clk_wiz_0_0
    BUFGCE_X0Y44         BUFGCE (Prop_BUFCE_BUFGCE_I_O)
                                                      0.028     1.117 r  top_block_i/clock_wrapper/clk_wiz_0/inst/clkout5_buf/O
    X0Y1 (CLOCK_ROOT)    net (fo=10934, routed)       1.343     2.460    top_block_i/appUnit/async_fifos/xpm_afifo_wrapper_0/inst/xpm_fifo_async_inst/gnuram_async_fifo.xpm_fifo_base_inst/gen_cdc_pntr.wr_pntr_cdc_inst/dest_clk
    SLICE_X14Y34         FDRE                                         r  top_block_i/appUnit/async_fifos/xpm_afifo_wrapper_0/inst/xpm_fifo_async_inst/gnuram_async_fifo.xpm_fifo_base_inst/gen_cdc_pntr.wr_pntr_cdc_inst/dest_graysync_ff_reg[0][3]/C
                         clock pessimism              0.430     2.890    
    SLICE_X14Y34         FDRE (Hold_GFF2_SLICEL_C_D)
                                                      0.055     2.945    top_block_i/appUnit/async_fifos/xpm_afifo_wrapper_0/inst/xpm_fifo_async_inst/gnuram_async_fifo.xpm_fifo_base_inst/gen_cdc_pntr.wr_pntr_cdc_inst/dest_graysync_ff_reg[0][3]
  -------------------------------------------------------------------
                         data arrival                           5.798    
                         clock arrival                          2.945    
  -------------------------------------------------------------------
                         relative delay                         2.852    



Id: 9
set_bus_skew -from [get_cells [list {dbg_hub/inst/BSCANID.u_xsdbm_id/CORE_XSDB.UUT_MASTER/U_ICON_INTERFACE/U_CMD6_RD/U_RD_FIFO/SUBCORE_FIFO.xsdbm_v3_0_0_rdfifo_inst/inst_fifo_gen/gconvfifo.rf/grf.rf/gntv_or_sync_fifo.gcx.clkx/gnxpm_cdc.rd_pntr_gc_reg[0]} {dbg_hub/inst/BSCANID.u_xsdbm_id/CORE_XSDB.UUT_MASTER/U_ICON_INTERFACE/U_CMD6_RD/U_RD_FIFO/SUBCORE_FIFO.xsdbm_v3_0_0_rdfifo_inst/inst_fifo_gen/gconvfifo.rf/grf.rf/gntv_or_sync_fifo.gcx.clkx/gnxpm_cdc.rd_pntr_gc_reg[1]} {dbg_hub/inst/BSCANID.u_xsdbm_id/CORE_XSDB.UUT_MASTER/U_ICON_INTERFACE/U_CMD6_RD/U_RD_FIFO/SUBCORE_FIFO.xsdbm_v3_0_0_rdfifo_inst/inst_fifo_gen/gconvfifo.rf/grf.rf/gntv_or_sync_fifo.gcx.clkx/gnxpm_cdc.rd_pntr_gc_reg[2]} {dbg_hub/inst/BSCANID.u_xsdbm_id/CORE_XSDB.UUT_MASTER/U_ICON_INTERFACE/U_CMD6_RD/U_RD_FIFO/SUBCORE_FIFO.xsdbm_v3_0_0_rdfifo_inst/inst_fifo_gen/gconvfifo.rf/grf.rf/gntv_or_sync_fifo.gcx.clkx/gnxpm_cdc.rd_pntr_gc_reg[3]}]] -to [get_cells [list {dbg_hub/inst/BSCANID.u_xsdbm_id/CORE_XSDB.UUT_MASTER/U_ICON_INTERFACE/U_CMD6_RD/U_RD_FIFO/SUBCORE_FIFO.xsdbm_v3_0_0_rdfifo_inst/inst_fifo_gen/gconvfifo.rf/grf.rf/gntv_or_sync_fifo.gcx.clkx/gnxpm_cdc.gsync_stage[1].wr_stg_inst/Q_reg_reg[0]} {dbg_hub/inst/BSCANID.u_xsdbm_id/CORE_XSDB.UUT_MASTER/U_ICON_INTERFACE/U_CMD6_RD/U_RD_FIFO/SUBCORE_FIFO.xsdbm_v3_0_0_rdfifo_inst/inst_fifo_gen/gconvfifo.rf/grf.rf/gntv_or_sync_fifo.gcx.clkx/gnxpm_cdc.gsync_stage[1].wr_stg_inst/Q_reg_reg[1]} {dbg_hub/inst/BSCANID.u_xsdbm_id/CORE_XSDB.UUT_MASTER/U_ICON_INTERFACE/U_CMD6_RD/U_RD_FIFO/SUBCORE_FIFO.xsdbm_v3_0_0_rdfifo_inst/inst_fifo_gen/gconvfifo.rf/grf.rf/gntv_or_sync_fifo.gcx.clkx/gnxpm_cdc.gsync_stage[1].wr_stg_inst/Q_reg_reg[2]} {dbg_hub/inst/BSCANID.u_xsdbm_id/CORE_XSDB.UUT_MASTER/U_ICON_INTERFACE/U_CMD6_RD/U_RD_FIFO/SUBCORE_FIFO.xsdbm_v3_0_0_rdfifo_inst/inst_fifo_gen/gconvfifo.rf/grf.rf/gntv_or_sync_fifo.gcx.clkx/gnxpm_cdc.gsync_stage[1].wr_stg_inst/Q_reg_reg[3]}]] 8.000
Requirement: 8.000ns
Endpoints: 4

From Clock            To Clock              Endpoint Pin                    Reference Pin                   Corner  Actual(ns)  Slack(ns)
--------------------  --------------------  ------------------------------  ------------------------------  ------  ----------  ---------
dbg_hub/inst/BSCANID.u_xsdbm_id/SWITCH_N_EXT_BSCAN.bscan_inst/SERIES7_BSCAN.bscan_inst/TCK
                      clk_out5_top_block_clk_wiz_0_0
                                            dbg_hub/inst/BSCANID.u_xsdbm_id/CORE_XSDB.UUT_MASTER/U_ICON_INTERFACE/U_CMD6_RD/U_RD_FIFO/SUBCORE_FIFO.xsdbm_v3_0_0_rdfifo_inst/inst_fifo_gen/gconvfifo.rf/grf.rf/gntv_or_sync_fifo.gcx.clkx/gnxpm_cdc.gsync_stage[1].wr_stg_inst/Q_reg_reg[2]/D
                                                                            dbg_hub/inst/BSCANID.u_xsdbm_id/CORE_XSDB.UUT_MASTER/U_ICON_INTERFACE/U_CMD6_RD/U_RD_FIFO/SUBCORE_FIFO.xsdbm_v3_0_0_rdfifo_inst/inst_fifo_gen/gconvfifo.rf/grf.rf/gntv_or_sync_fifo.gcx.clkx/gnxpm_cdc.gsync_stage[1].wr_stg_inst/Q_reg_reg[0]/D
                                                                                                            Slow         0.516      7.484


Slack (MET) :             7.484ns  (requirement - actual skew)
  Endpoint Source:        dbg_hub/inst/BSCANID.u_xsdbm_id/CORE_XSDB.UUT_MASTER/U_ICON_INTERFACE/U_CMD6_RD/U_RD_FIFO/SUBCORE_FIFO.xsdbm_v3_0_0_rdfifo_inst/inst_fifo_gen/gconvfifo.rf/grf.rf/gntv_or_sync_fifo.gcx.clkx/gnxpm_cdc.rd_pntr_gc_reg[2]/C
                            (rising edge-triggered cell FDCE clocked by dbg_hub/inst/BSCANID.u_xsdbm_id/SWITCH_N_EXT_BSCAN.bscan_inst/SERIES7_BSCAN.bscan_inst/TCK)
  Endpoint Destination:   dbg_hub/inst/BSCANID.u_xsdbm_id/CORE_XSDB.UUT_MASTER/U_ICON_INTERFACE/U_CMD6_RD/U_RD_FIFO/SUBCORE_FIFO.xsdbm_v3_0_0_rdfifo_inst/inst_fifo_gen/gconvfifo.rf/grf.rf/gntv_or_sync_fifo.gcx.clkx/gnxpm_cdc.gsync_stage[1].wr_stg_inst/Q_reg_reg[2]/D
                            (rising edge-triggered cell FDCE clocked by clk_out5_top_block_clk_wiz_0_0)
  Reference Source:       dbg_hub/inst/BSCANID.u_xsdbm_id/CORE_XSDB.UUT_MASTER/U_ICON_INTERFACE/U_CMD6_RD/U_RD_FIFO/SUBCORE_FIFO.xsdbm_v3_0_0_rdfifo_inst/inst_fifo_gen/gconvfifo.rf/grf.rf/gntv_or_sync_fifo.gcx.clkx/gnxpm_cdc.rd_pntr_gc_reg[0]/C
                            (rising edge-triggered cell FDCE clocked by dbg_hub/inst/BSCANID.u_xsdbm_id/SWITCH_N_EXT_BSCAN.bscan_inst/SERIES7_BSCAN.bscan_inst/TCK)
  Reference Destination:  dbg_hub/inst/BSCANID.u_xsdbm_id/CORE_XSDB.UUT_MASTER/U_ICON_INTERFACE/U_CMD6_RD/U_RD_FIFO/SUBCORE_FIFO.xsdbm_v3_0_0_rdfifo_inst/inst_fifo_gen/gconvfifo.rf/grf.rf/gntv_or_sync_fifo.gcx.clkx/gnxpm_cdc.gsync_stage[1].wr_stg_inst/Q_reg_reg[0]/D
                            (rising edge-triggered cell FDCE clocked by clk_out5_top_block_clk_wiz_0_0)
  Path Type:              Bus Skew (Max at Slow Process Corner)
  Requirement:            8.000ns
  Endpoint Relative Delay:    1.458ns
  Reference Relative Delay:   0.394ns
  Relative CRPR:              0.549ns
  Actual Bus Skew:            0.516ns  (Endpoint Relative Delay - Reference Relative Delay - Relative CRPR)

Endpoint path:
    Location             Delay type                Incr(ns)  Path(ns)    Netlist Resource(s)
  -------------------------------------------------------------------    -------------------
                         (clock dbg_hub/inst/BSCANID.u_xsdbm_id/SWITCH_N_EXT_BSCAN.bscan_inst/SERIES7_BSCAN.bscan_inst/TCK rise edge)
                                                      0.000     0.000 r  
    CONFIG_SITE_X0Y0     BSCANE2                      0.000     0.000 r  dbg_hub/inst/BSCANID.u_xsdbm_id/SWITCH_N_EXT_BSCAN.bscan_inst/SERIES7_BSCAN.bscan_inst/TCK
                         net (fo=1, routed)           1.663     1.663    dbg_hub/inst/BSCANID.u_xsdbm_id/tck_bs
    BUFGCE_X0Y48         BUFGCE (Prop_BUFCE_BUFGCE_I_O)
                                                      0.028     1.691 r  dbg_hub/inst/BSCANID.u_xsdbm_id/SWITCH_N_EXT_BSCAN.u_bufg_icon_tck/O
    X0Y0 (CLOCK_ROOT)    net (fo=490, routed)         1.915     3.606    dbg_hub/inst/BSCANID.u_xsdbm_id/CORE_XSDB.UUT_MASTER/U_ICON_INTERFACE/U_CMD6_RD/U_RD_FIFO/SUBCORE_FIFO.xsdbm_v3_0_0_rdfifo_inst/inst_fifo_gen/gconvfifo.rf/grf.rf/gntv_or_sync_fifo.gcx.clkx/rd_clk
    SLICE_X20Y28         FDCE                                         r  dbg_hub/inst/BSCANID.u_xsdbm_id/CORE_XSDB.UUT_MASTER/U_ICON_INTERFACE/U_CMD6_RD/U_RD_FIFO/SUBCORE_FIFO.xsdbm_v3_0_0_rdfifo_inst/inst_fifo_gen/gconvfifo.rf/grf.rf/gntv_or_sync_fifo.gcx.clkx/gnxpm_cdc.rd_pntr_gc_reg[2]/C
  -------------------------------------------------------------------    -------------------
    SLICE_X20Y28         FDCE (Prop_EFF2_SLICEL_C_Q)
                                                      0.099     3.705 r  dbg_hub/inst/BSCANID.u_xsdbm_id/CORE_XSDB.UUT_MASTER/U_ICON_INTERFACE/U_CMD6_RD/U_RD_FIFO/SUBCORE_FIFO.xsdbm_v3_0_0_rdfifo_inst/inst_fifo_gen/gconvfifo.rf/grf.rf/gntv_or_sync_fifo.gcx.clkx/gnxpm_cdc.rd_pntr_gc_reg[2]/Q
                         net (fo=1, routed)           0.485     4.190    dbg_hub/inst/BSCANID.u_xsdbm_id/CORE_XSDB.UUT_MASTER/U_ICON_INTERFACE/U_CMD6_RD/U_RD_FIFO/SUBCORE_FIFO.xsdbm_v3_0_0_rdfifo_inst/inst_fifo_gen/gconvfifo.rf/grf.rf/gntv_or_sync_fifo.gcx.clkx/gnxpm_cdc.gsync_stage[1].wr_stg_inst/Q[2]
    SLICE_X20Y28         FDCE                                         r  dbg_hub/inst/BSCANID.u_xsdbm_id/CORE_XSDB.UUT_MASTER/U_ICON_INTERFACE/U_CMD6_RD/U_RD_FIFO/SUBCORE_FIFO.xsdbm_v3_0_0_rdfifo_inst/inst_fifo_gen/gconvfifo.rf/grf.rf/gntv_or_sync_fifo.gcx.clkx/gnxpm_cdc.gsync_stage[1].wr_stg_inst/Q_reg_reg[2]/D
  -------------------------------------------------------------------    -------------------

                         (clock clk_out5_top_block_clk_wiz_0_0 rise edge)
                                                      0.000     0.000 r  
    L17                                               0.000     0.000 r  BASECLK (IN)
                         net (fo=0)                   0.000     0.000    top_block_i/clock_wrapper/clk_wiz_0/inst/clkin1_ibuf/I
    L17                  INBUF (Prop_INBUF_HPIOB_M_PAD_O)
                                                      0.255     0.255 r  top_block_i/clock_wrapper/clk_wiz_0/inst/clkin1_ibuf/INBUF_INST/O
                         net (fo=1, routed)           0.000     0.255    top_block_i/clock_wrapper/clk_wiz_0/inst/clkin1_ibuf/OUT
    L17                  IBUFCTRL (Prop_IBUFCTRL_HPIOB_M_I_O)
                                                      0.000     0.255 r  top_block_i/clock_wrapper/clk_wiz_0/inst/clkin1_ibuf/IBUFCTRL_INST/O
                         net (fo=1, routed)           0.351     0.606    top_block_i/clock_wrapper/clk_wiz_0/inst/clk_in1_top_block_clk_wiz_0_0
    MMCM_X0Y1            MMCME4_ADV (Prop_MMCM_CLKIN1_CLKOUT4)
                                                      0.644     1.250 r  top_block_i/clock_wrapper/clk_wiz_0/inst/mmcme4_adv_inst/CLKOUT4
                         net (fo=1, routed)           0.238     1.488    top_block_i/clock_wrapper/clk_wiz_0/inst/clk_out5_top_block_clk_wiz_0_0
    BUFGCE_X0Y44         BUFGCE (Prop_BUFCE_BUFGCE_I_O)
                                                      0.024     1.512 r  top_block_i/clock_wrapper/clk_wiz_0/inst/clkout5_buf/O
    X0Y1 (CLOCK_ROOT)    net (fo=10934, routed)       1.193     2.705    dbg_hub/inst/BSCANID.u_xsdbm_id/CORE_XSDB.UUT_MASTER/U_ICON_INTERFACE/U_CMD6_RD/U_RD_FIFO/SUBCORE_FIFO.xsdbm_v3_0_0_rdfifo_inst/inst_fifo_gen/gconvfifo.rf/grf.rf/gntv_or_sync_fifo.gcx.clkx/gnxpm_cdc.gsync_stage[1].wr_stg_inst/wr_clk
    SLICE_X20Y28         FDCE                                         r  dbg_hub/inst/BSCANID.u_xsdbm_id/CORE_XSDB.UUT_MASTER/U_ICON_INTERFACE/U_CMD6_RD/U_RD_FIFO/SUBCORE_FIFO.xsdbm_v3_0_0_rdfifo_inst/inst_fifo_gen/gconvfifo.rf/grf.rf/gntv_or_sync_fifo.gcx.clkx/gnxpm_cdc.gsync_stage[1].wr_stg_inst/Q_reg_reg[2]/C
                         clock pessimism              0.000     2.705    
    SLICE_X20Y28         FDCE (Setup_DFF2_SLICEL_C_D)
                                                      0.027     2.732    dbg_hub/inst/BSCANID.u_xsdbm_id/CORE_XSDB.UUT_MASTER/U_ICON_INTERFACE/U_CMD6_RD/U_RD_FIFO/SUBCORE_FIFO.xsdbm_v3_0_0_rdfifo_inst/inst_fifo_gen/gconvfifo.rf/grf.rf/gntv_or_sync_fifo.gcx.clkx/gnxpm_cdc.gsync_stage[1].wr_stg_inst/Q_reg_reg[2]
  -------------------------------------------------------------------
                         data arrival                           4.190    
                         clock arrival                          2.732    
  -------------------------------------------------------------------
                         relative delay                         1.458    

Reference path:
    Location             Delay type                Incr(ns)  Path(ns)    Netlist Resource(s)
  -------------------------------------------------------------------    -------------------
                         (clock dbg_hub/inst/BSCANID.u_xsdbm_id/SWITCH_N_EXT_BSCAN.bscan_inst/SERIES7_BSCAN.bscan_inst/TCK rise edge)
                                                      0.000     0.000 r  
    CONFIG_SITE_X0Y0     BSCANE2                      0.000     0.000 r  dbg_hub/inst/BSCANID.u_xsdbm_id/SWITCH_N_EXT_BSCAN.bscan_inst/SERIES7_BSCAN.bscan_inst/TCK
                         net (fo=1, routed)           1.086     1.086    dbg_hub/inst/BSCANID.u_xsdbm_id/tck_bs
    BUFGCE_X0Y48         BUFGCE (Prop_BUFCE_BUFGCE_I_O)
                                                      0.024     1.110 r  dbg_hub/inst/BSCANID.u_xsdbm_id/SWITCH_N_EXT_BSCAN.u_bufg_icon_tck/O
    X0Y0 (CLOCK_ROOT)    net (fo=490, routed)         1.684     2.794    dbg_hub/inst/BSCANID.u_xsdbm_id/CORE_XSDB.UUT_MASTER/U_ICON_INTERFACE/U_CMD6_RD/U_RD_FIFO/SUBCORE_FIFO.xsdbm_v3_0_0_rdfifo_inst/inst_fifo_gen/gconvfifo.rf/grf.rf/gntv_or_sync_fifo.gcx.clkx/rd_clk
    SLICE_X20Y28         FDCE                                         r  dbg_hub/inst/BSCANID.u_xsdbm_id/CORE_XSDB.UUT_MASTER/U_ICON_INTERFACE/U_CMD6_RD/U_RD_FIFO/SUBCORE_FIFO.xsdbm_v3_0_0_rdfifo_inst/inst_fifo_gen/gconvfifo.rf/grf.rf/gntv_or_sync_fifo.gcx.clkx/gnxpm_cdc.rd_pntr_gc_reg[0]/C
  -------------------------------------------------------------------    -------------------
    SLICE_X20Y28         FDCE (Prop_EFF_SLICEL_C_Q)
                                                      0.070     2.864 r  dbg_hub/inst/BSCANID.u_xsdbm_id/CORE_XSDB.UUT_MASTER/U_ICON_INTERFACE/U_CMD6_RD/U_RD_FIFO/SUBCORE_FIFO.xsdbm_v3_0_0_rdfifo_inst/inst_fifo_gen/gconvfifo.rf/grf.rf/gntv_or_sync_fifo.gcx.clkx/gnxpm_cdc.rd_pntr_gc_reg[0]/Q
                         net (fo=1, routed)           0.076     2.940    dbg_hub/inst/BSCANID.u_xsdbm_id/CORE_XSDB.UUT_MASTER/U_ICON_INTERFACE/U_CMD6_RD/U_RD_FIFO/SUBCORE_FIFO.xsdbm_v3_0_0_rdfifo_inst/inst_fifo_gen/gconvfifo.rf/grf.rf/gntv_or_sync_fifo.gcx.clkx/gnxpm_cdc.gsync_stage[1].wr_stg_inst/Q[0]
    SLICE_X20Y29         FDCE                                         r  dbg_hub/inst/BSCANID.u_xsdbm_id/CORE_XSDB.UUT_MASTER/U_ICON_INTERFACE/U_CMD6_RD/U_RD_FIFO/SUBCORE_FIFO.xsdbm_v3_0_0_rdfifo_inst/inst_fifo_gen/gconvfifo.rf/grf.rf/gntv_or_sync_fifo.gcx.clkx/gnxpm_cdc.gsync_stage[1].wr_stg_inst/Q_reg_reg[0]/D
  -------------------------------------------------------------------    -------------------

                         (clock clk_out5_top_block_clk_wiz_0_0 rise edge)
                                                      0.000     0.000 r  
    L17                                               0.000     0.000 r  BASECLK (IN)
                         net (fo=0)                   0.000     0.000    top_block_i/clock_wrapper/clk_wiz_0/inst/clkin1_ibuf/I
    L17                  INBUF (Prop_INBUF_HPIOB_M_PAD_O)
                                                      0.521     0.521 r  top_block_i/clock_wrapper/clk_wiz_0/inst/clkin1_ibuf/INBUF_INST/O
                         net (fo=1, routed)           0.000     0.521    top_block_i/clock_wrapper/clk_wiz_0/inst/clkin1_ibuf/OUT
    L17                  IBUFCTRL (Prop_IBUFCTRL_HPIOB_M_I_O)
                                                      0.000     0.521 r  top_block_i/clock_wrapper/clk_wiz_0/inst/clkin1_ibuf/IBUFCTRL_INST/O
                         net (fo=1, routed)           0.404     0.925    top_block_i/clock_wrapper/clk_wiz_0/inst/clk_in1_top_block_clk_wiz_0_0
    MMCM_X0Y1            MMCME4_ADV (Prop_MMCM_CLKIN1_CLKOUT4)
                                                     -0.106     0.819 r  top_block_i/clock_wrapper/clk_wiz_0/inst/mmcme4_adv_inst/CLKOUT4
                         net (fo=1, routed)           0.270     1.089    top_block_i/clock_wrapper/clk_wiz_0/inst/clk_out5_top_block_clk_wiz_0_0
    BUFGCE_X0Y44         BUFGCE (Prop_BUFCE_BUFGCE_I_O)
                                                      0.028     1.117 r  top_block_i/clock_wrapper/clk_wiz_0/inst/clkout5_buf/O
    X0Y1 (CLOCK_ROOT)    net (fo=10934, routed)       1.374     2.491    dbg_hub/inst/BSCANID.u_xsdbm_id/CORE_XSDB.UUT_MASTER/U_ICON_INTERFACE/U_CMD6_RD/U_RD_FIFO/SUBCORE_FIFO.xsdbm_v3_0_0_rdfifo_inst/inst_fifo_gen/gconvfifo.rf/grf.rf/gntv_or_sync_fifo.gcx.clkx/gnxpm_cdc.gsync_stage[1].wr_stg_inst/wr_clk
    SLICE_X20Y29         FDCE                                         r  dbg_hub/inst/BSCANID.u_xsdbm_id/CORE_XSDB.UUT_MASTER/U_ICON_INTERFACE/U_CMD6_RD/U_RD_FIFO/SUBCORE_FIFO.xsdbm_v3_0_0_rdfifo_inst/inst_fifo_gen/gconvfifo.rf/grf.rf/gntv_or_sync_fifo.gcx.clkx/gnxpm_cdc.gsync_stage[1].wr_stg_inst/Q_reg_reg[0]/C
                         clock pessimism              0.000     2.491    
    SLICE_X20Y29         FDCE (Hold_FFF2_SLICEL_C_D)
                                                      0.055     2.546    dbg_hub/inst/BSCANID.u_xsdbm_id/CORE_XSDB.UUT_MASTER/U_ICON_INTERFACE/U_CMD6_RD/U_RD_FIFO/SUBCORE_FIFO.xsdbm_v3_0_0_rdfifo_inst/inst_fifo_gen/gconvfifo.rf/grf.rf/gntv_or_sync_fifo.gcx.clkx/gnxpm_cdc.gsync_stage[1].wr_stg_inst/Q_reg_reg[0]
  -------------------------------------------------------------------
                         data arrival                           2.940    
                         clock arrival                          2.546    
  -------------------------------------------------------------------
                         relative delay                         0.394    



Id: 10
set_bus_skew -from [get_cells [list {dbg_hub/inst/BSCANID.u_xsdbm_id/CORE_XSDB.UUT_MASTER/U_ICON_INTERFACE/U_CMD6_RD/U_RD_FIFO/SUBCORE_FIFO.xsdbm_v3_0_0_rdfifo_inst/inst_fifo_gen/gconvfifo.rf/grf.rf/gntv_or_sync_fifo.gcx.clkx/gnxpm_cdc.wr_pntr_gc_reg[0]} {dbg_hub/inst/BSCANID.u_xsdbm_id/CORE_XSDB.UUT_MASTER/U_ICON_INTERFACE/U_CMD6_RD/U_RD_FIFO/SUBCORE_FIFO.xsdbm_v3_0_0_rdfifo_inst/inst_fifo_gen/gconvfifo.rf/grf.rf/gntv_or_sync_fifo.gcx.clkx/gnxpm_cdc.wr_pntr_gc_reg[1]} {dbg_hub/inst/BSCANID.u_xsdbm_id/CORE_XSDB.UUT_MASTER/U_ICON_INTERFACE/U_CMD6_RD/U_RD_FIFO/SUBCORE_FIFO.xsdbm_v3_0_0_rdfifo_inst/inst_fifo_gen/gconvfifo.rf/grf.rf/gntv_or_sync_fifo.gcx.clkx/gnxpm_cdc.wr_pntr_gc_reg[2]} {dbg_hub/inst/BSCANID.u_xsdbm_id/CORE_XSDB.UUT_MASTER/U_ICON_INTERFACE/U_CMD6_RD/U_RD_FIFO/SUBCORE_FIFO.xsdbm_v3_0_0_rdfifo_inst/inst_fifo_gen/gconvfifo.rf/grf.rf/gntv_or_sync_fifo.gcx.clkx/gnxpm_cdc.wr_pntr_gc_reg[3]}]] -to [get_cells [list {dbg_hub/inst/BSCANID.u_xsdbm_id/CORE_XSDB.UUT_MASTER/U_ICON_INTERFACE/U_CMD6_RD/U_RD_FIFO/SUBCORE_FIFO.xsdbm_v3_0_0_rdfifo_inst/inst_fifo_gen/gconvfifo.rf/grf.rf/gntv_or_sync_fifo.gcx.clkx/gnxpm_cdc.gsync_stage[1].rd_stg_inst/Q_reg_reg[0]} {dbg_hub/inst/BSCANID.u_xsdbm_id/CORE_XSDB.UUT_MASTER/U_ICON_INTERFACE/U_CMD6_RD/U_RD_FIFO/SUBCORE_FIFO.xsdbm_v3_0_0_rdfifo_inst/inst_fifo_gen/gconvfifo.rf/grf.rf/gntv_or_sync_fifo.gcx.clkx/gnxpm_cdc.gsync_stage[1].rd_stg_inst/Q_reg_reg[1]} {dbg_hub/inst/BSCANID.u_xsdbm_id/CORE_XSDB.UUT_MASTER/U_ICON_INTERFACE/U_CMD6_RD/U_RD_FIFO/SUBCORE_FIFO.xsdbm_v3_0_0_rdfifo_inst/inst_fifo_gen/gconvfifo.rf/grf.rf/gntv_or_sync_fifo.gcx.clkx/gnxpm_cdc.gsync_stage[1].rd_stg_inst/Q_reg_reg[2]} {dbg_hub/inst/BSCANID.u_xsdbm_id/CORE_XSDB.UUT_MASTER/U_ICON_INTERFACE/U_CMD6_RD/U_RD_FIFO/SUBCORE_FIFO.xsdbm_v3_0_0_rdfifo_inst/inst_fifo_gen/gconvfifo.rf/grf.rf/gntv_or_sync_fifo.gcx.clkx/gnxpm_cdc.gsync_stage[1].rd_stg_inst/Q_reg_reg[3]}]] 8.000
Requirement: 8.000ns
Endpoints: 4

From Clock            To Clock              Endpoint Pin                    Reference Pin                   Corner  Actual(ns)  Slack(ns)
--------------------  --------------------  ------------------------------  ------------------------------  ------  ----------  ---------
clk_out5_top_block_clk_wiz_0_0
                      dbg_hub/inst/BSCANID.u_xsdbm_id/SWITCH_N_EXT_BSCAN.bscan_inst/SERIES7_BSCAN.bscan_inst/TCK
                                            dbg_hub/inst/BSCANID.u_xsdbm_id/CORE_XSDB.UUT_MASTER/U_ICON_INTERFACE/U_CMD6_RD/U_RD_FIFO/SUBCORE_FIFO.xsdbm_v3_0_0_rdfifo_inst/inst_fifo_gen/gconvfifo.rf/grf.rf/gntv_or_sync_fifo.gcx.clkx/gnxpm_cdc.gsync_stage[1].rd_stg_inst/Q_reg_reg[3]/D
                                                                            dbg_hub/inst/BSCANID.u_xsdbm_id/CORE_XSDB.UUT_MASTER/U_ICON_INTERFACE/U_CMD6_RD/U_RD_FIFO/SUBCORE_FIFO.xsdbm_v3_0_0_rdfifo_inst/inst_fifo_gen/gconvfifo.rf/grf.rf/gntv_or_sync_fifo.gcx.clkx/gnxpm_cdc.gsync_stage[1].rd_stg_inst/Q_reg_reg[1]/D
                                                                                                            Slow         0.327      7.673


Slack (MET) :             7.673ns  (requirement - actual skew)
  Endpoint Source:        dbg_hub/inst/BSCANID.u_xsdbm_id/CORE_XSDB.UUT_MASTER/U_ICON_INTERFACE/U_CMD6_RD/U_RD_FIFO/SUBCORE_FIFO.xsdbm_v3_0_0_rdfifo_inst/inst_fifo_gen/gconvfifo.rf/grf.rf/gntv_or_sync_fifo.gcx.clkx/gnxpm_cdc.wr_pntr_gc_reg[3]/C
                            (rising edge-triggered cell FDCE clocked by clk_out5_top_block_clk_wiz_0_0)
  Endpoint Destination:   dbg_hub/inst/BSCANID.u_xsdbm_id/CORE_XSDB.UUT_MASTER/U_ICON_INTERFACE/U_CMD6_RD/U_RD_FIFO/SUBCORE_FIFO.xsdbm_v3_0_0_rdfifo_inst/inst_fifo_gen/gconvfifo.rf/grf.rf/gntv_or_sync_fifo.gcx.clkx/gnxpm_cdc.gsync_stage[1].rd_stg_inst/Q_reg_reg[3]/D
                            (rising edge-triggered cell FDCE clocked by dbg_hub/inst/BSCANID.u_xsdbm_id/SWITCH_N_EXT_BSCAN.bscan_inst/SERIES7_BSCAN.bscan_inst/TCK)
  Reference Source:       dbg_hub/inst/BSCANID.u_xsdbm_id/CORE_XSDB.UUT_MASTER/U_ICON_INTERFACE/U_CMD6_RD/U_RD_FIFO/SUBCORE_FIFO.xsdbm_v3_0_0_rdfifo_inst/inst_fifo_gen/gconvfifo.rf/grf.rf/gntv_or_sync_fifo.gcx.clkx/gnxpm_cdc.wr_pntr_gc_reg[1]/C
                            (rising edge-triggered cell FDCE clocked by clk_out5_top_block_clk_wiz_0_0)
  Reference Destination:  dbg_hub/inst/BSCANID.u_xsdbm_id/CORE_XSDB.UUT_MASTER/U_ICON_INTERFACE/U_CMD6_RD/U_RD_FIFO/SUBCORE_FIFO.xsdbm_v3_0_0_rdfifo_inst/inst_fifo_gen/gconvfifo.rf/grf.rf/gntv_or_sync_fifo.gcx.clkx/gnxpm_cdc.gsync_stage[1].rd_stg_inst/Q_reg_reg[1]/D
                            (rising edge-triggered cell FDCE clocked by dbg_hub/inst/BSCANID.u_xsdbm_id/SWITCH_N_EXT_BSCAN.bscan_inst/SERIES7_BSCAN.bscan_inst/TCK)
  Path Type:              Bus Skew (Max at Slow Process Corner)
  Requirement:            8.000ns
  Endpoint Relative Delay:    0.076ns
  Reference Relative Delay:  -0.798ns
  Relative CRPR:              0.547ns
  Actual Bus Skew:            0.327ns  (Endpoint Relative Delay - Reference Relative Delay - Relative CRPR)

Endpoint path:
    Location             Delay type                Incr(ns)  Path(ns)    Netlist Resource(s)
  -------------------------------------------------------------------    -------------------
                         (clock clk_out5_top_block_clk_wiz_0_0 rise edge)
                                                      0.000     0.000 r  
    L17                                               0.000     0.000 r  BASECLK (IN)
                         net (fo=0)                   0.000     0.000    top_block_i/clock_wrapper/clk_wiz_0/inst/clkin1_ibuf/I
    L17                  INBUF (Prop_INBUF_HPIOB_M_PAD_O)
                                                      0.521     0.521 r  top_block_i/clock_wrapper/clk_wiz_0/inst/clkin1_ibuf/INBUF_INST/O
                         net (fo=1, routed)           0.000     0.521    top_block_i/clock_wrapper/clk_wiz_0/inst/clkin1_ibuf/OUT
    L17                  IBUFCTRL (Prop_IBUFCTRL_HPIOB_M_I_O)
                                                      0.000     0.521 r  top_block_i/clock_wrapper/clk_wiz_0/inst/clkin1_ibuf/IBUFCTRL_INST/O
                         net (fo=1, routed)           0.404     0.925    top_block_i/clock_wrapper/clk_wiz_0/inst/clk_in1_top_block_clk_wiz_0_0
    MMCM_X0Y1            MMCME4_ADV (Prop_MMCM_CLKIN1_CLKOUT4)
                                                     -0.106     0.819 r  top_block_i/clock_wrapper/clk_wiz_0/inst/mmcme4_adv_inst/CLKOUT4
                         net (fo=1, routed)           0.270     1.089    top_block_i/clock_wrapper/clk_wiz_0/inst/clk_out5_top_block_clk_wiz_0_0
    BUFGCE_X0Y44         BUFGCE (Prop_BUFCE_BUFGCE_I_O)
                                                      0.028     1.117 r  top_block_i/clock_wrapper/clk_wiz_0/inst/clkout5_buf/O
    X0Y1 (CLOCK_ROOT)    net (fo=10934, routed)       1.377     2.494    dbg_hub/inst/BSCANID.u_xsdbm_id/CORE_XSDB.UUT_MASTER/U_ICON_INTERFACE/U_CMD6_RD/U_RD_FIFO/SUBCORE_FIFO.xsdbm_v3_0_0_rdfifo_inst/inst_fifo_gen/gconvfifo.rf/grf.rf/gntv_or_sync_fifo.gcx.clkx/wr_clk
    SLICE_X19Y28         FDCE                                         r  dbg_hub/inst/BSCANID.u_xsdbm_id/CORE_XSDB.UUT_MASTER/U_ICON_INTERFACE/U_CMD6_RD/U_RD_FIFO/SUBCORE_FIFO.xsdbm_v3_0_0_rdfifo_inst/inst_fifo_gen/gconvfifo.rf/grf.rf/gntv_or_sync_fifo.gcx.clkx/gnxpm_cdc.wr_pntr_gc_reg[3]/C
  -------------------------------------------------------------------    -------------------
    SLICE_X19Y28         FDCE (Prop_EFF_SLICEM_C_Q)
                                                      0.093     2.587 r  dbg_hub/inst/BSCANID.u_xsdbm_id/CORE_XSDB.UUT_MASTER/U_ICON_INTERFACE/U_CMD6_RD/U_RD_FIFO/SUBCORE_FIFO.xsdbm_v3_0_0_rdfifo_inst/inst_fifo_gen/gconvfifo.rf/grf.rf/gntv_or_sync_fifo.gcx.clkx/gnxpm_cdc.wr_pntr_gc_reg[3]/Q
                         net (fo=1, routed)           0.315     2.902    dbg_hub/inst/BSCANID.u_xsdbm_id/CORE_XSDB.UUT_MASTER/U_ICON_INTERFACE/U_CMD6_RD/U_RD_FIFO/SUBCORE_FIFO.xsdbm_v3_0_0_rdfifo_inst/inst_fifo_gen/gconvfifo.rf/grf.rf/gntv_or_sync_fifo.gcx.clkx/gnxpm_cdc.gsync_stage[1].rd_stg_inst/Q[3]
    SLICE_X19Y28         FDCE                                         r  dbg_hub/inst/BSCANID.u_xsdbm_id/CORE_XSDB.UUT_MASTER/U_ICON_INTERFACE/U_CMD6_RD/U_RD_FIFO/SUBCORE_FIFO.xsdbm_v3_0_0_rdfifo_inst/inst_fifo_gen/gconvfifo.rf/grf.rf/gntv_or_sync_fifo.gcx.clkx/gnxpm_cdc.gsync_stage[1].rd_stg_inst/Q_reg_reg[3]/D
  -------------------------------------------------------------------    -------------------

                         (clock dbg_hub/inst/BSCANID.u_xsdbm_id/SWITCH_N_EXT_BSCAN.bscan_inst/SERIES7_BSCAN.bscan_inst/TCK rise edge)
                                                      0.000     0.000 r  
    CONFIG_SITE_X0Y0     BSCANE2                      0.000     0.000 r  dbg_hub/inst/BSCANID.u_xsdbm_id/SWITCH_N_EXT_BSCAN.bscan_inst/SERIES7_BSCAN.bscan_inst/TCK
                         net (fo=1, routed)           1.086     1.086    dbg_hub/inst/BSCANID.u_xsdbm_id/tck_bs
    BUFGCE_X0Y48         BUFGCE (Prop_BUFCE_BUFGCE_I_O)
                                                      0.024     1.110 r  dbg_hub/inst/BSCANID.u_xsdbm_id/SWITCH_N_EXT_BSCAN.u_bufg_icon_tck/O
    X0Y0 (CLOCK_ROOT)    net (fo=490, routed)         1.689     2.799    dbg_hub/inst/BSCANID.u_xsdbm_id/CORE_XSDB.UUT_MASTER/U_ICON_INTERFACE/U_CMD6_RD/U_RD_FIFO/SUBCORE_FIFO.xsdbm_v3_0_0_rdfifo_inst/inst_fifo_gen/gconvfifo.rf/grf.rf/gntv_or_sync_fifo.gcx.clkx/gnxpm_cdc.gsync_stage[1].rd_stg_inst/rd_clk
    SLICE_X19Y28         FDCE                                         r  dbg_hub/inst/BSCANID.u_xsdbm_id/CORE_XSDB.UUT_MASTER/U_ICON_INTERFACE/U_CMD6_RD/U_RD_FIFO/SUBCORE_FIFO.xsdbm_v3_0_0_rdfifo_inst/inst_fifo_gen/gconvfifo.rf/grf.rf/gntv_or_sync_fifo.gcx.clkx/gnxpm_cdc.gsync_stage[1].rd_stg_inst/Q_reg_reg[3]/C
                         clock pessimism              0.000     2.799    
    SLICE_X19Y28         FDCE (Setup_CFF2_SLICEM_C_D)
                                                      0.027     2.826    dbg_hub/inst/BSCANID.u_xsdbm_id/CORE_XSDB.UUT_MASTER/U_ICON_INTERFACE/U_CMD6_RD/U_RD_FIFO/SUBCORE_FIFO.xsdbm_v3_0_0_rdfifo_inst/inst_fifo_gen/gconvfifo.rf/grf.rf/gntv_or_sync_fifo.gcx.clkx/gnxpm_cdc.gsync_stage[1].rd_stg_inst/Q_reg_reg[3]
  -------------------------------------------------------------------
                         data arrival                           2.902    
                         clock arrival                          2.826    
  -------------------------------------------------------------------
                         relative delay                         0.076    

Reference path:
    Location             Delay type                Incr(ns)  Path(ns)    Netlist Resource(s)
  -------------------------------------------------------------------    -------------------
                         (clock clk_out5_top_block_clk_wiz_0_0 rise edge)
                                                      0.000     0.000 r  
    L17                                               0.000     0.000 r  BASECLK (IN)
                         net (fo=0)                   0.000     0.000    top_block_i/clock_wrapper/clk_wiz_0/inst/clkin1_ibuf/I
    L17                  INBUF (Prop_INBUF_HPIOB_M_PAD_O)
                                                      0.255     0.255 r  top_block_i/clock_wrapper/clk_wiz_0/inst/clkin1_ibuf/INBUF_INST/O
                         net (fo=1, routed)           0.000     0.255    top_block_i/clock_wrapper/clk_wiz_0/inst/clkin1_ibuf/OUT
    L17                  IBUFCTRL (Prop_IBUFCTRL_HPIOB_M_I_O)
                                                      0.000     0.255 r  top_block_i/clock_wrapper/clk_wiz_0/inst/clkin1_ibuf/IBUFCTRL_INST/O
                         net (fo=1, routed)           0.351     0.606    top_block_i/clock_wrapper/clk_wiz_0/inst/clk_in1_top_block_clk_wiz_0_0
    MMCM_X0Y1            MMCME4_ADV (Prop_MMCM_CLKIN1_CLKOUT4)
                                                      0.644     1.250 r  top_block_i/clock_wrapper/clk_wiz_0/inst/mmcme4_adv_inst/CLKOUT4
                         net (fo=1, routed)           0.238     1.488    top_block_i/clock_wrapper/clk_wiz_0/inst/clk_out5_top_block_clk_wiz_0_0
    BUFGCE_X0Y44         BUFGCE (Prop_BUFCE_BUFGCE_I_O)
                                                      0.024     1.512 r  top_block_i/clock_wrapper/clk_wiz_0/inst/clkout5_buf/O
    X0Y1 (CLOCK_ROOT)    net (fo=10934, routed)       1.198     2.710    dbg_hub/inst/BSCANID.u_xsdbm_id/CORE_XSDB.UUT_MASTER/U_ICON_INTERFACE/U_CMD6_RD/U_RD_FIFO/SUBCORE_FIFO.xsdbm_v3_0_0_rdfifo_inst/inst_fifo_gen/gconvfifo.rf/grf.rf/gntv_or_sync_fifo.gcx.clkx/wr_clk
    SLICE_X19Y28         FDCE                                         r  dbg_hub/inst/BSCANID.u_xsdbm_id/CORE_XSDB.UUT_MASTER/U_ICON_INTERFACE/U_CMD6_RD/U_RD_FIFO/SUBCORE_FIFO.xsdbm_v3_0_0_rdfifo_inst/inst_fifo_gen/gconvfifo.rf/grf.rf/gntv_or_sync_fifo.gcx.clkx/gnxpm_cdc.wr_pntr_gc_reg[1]/C
  -------------------------------------------------------------------    -------------------
    SLICE_X19Y28         FDCE (Prop_HFF2_SLICEM_C_Q)
                                                      0.071     2.781 r  dbg_hub/inst/BSCANID.u_xsdbm_id/CORE_XSDB.UUT_MASTER/U_ICON_INTERFACE/U_CMD6_RD/U_RD_FIFO/SUBCORE_FIFO.xsdbm_v3_0_0_rdfifo_inst/inst_fifo_gen/gconvfifo.rf/grf.rf/gntv_or_sync_fifo.gcx.clkx/gnxpm_cdc.wr_pntr_gc_reg[1]/Q
                         net (fo=1, routed)           0.089     2.870    dbg_hub/inst/BSCANID.u_xsdbm_id/CORE_XSDB.UUT_MASTER/U_ICON_INTERFACE/U_CMD6_RD/U_RD_FIFO/SUBCORE_FIFO.xsdbm_v3_0_0_rdfifo_inst/inst_fifo_gen/gconvfifo.rf/grf.rf/gntv_or_sync_fifo.gcx.clkx/gnxpm_cdc.gsync_stage[1].rd_stg_inst/Q[1]
    SLICE_X19Y27         FDCE                                         r  dbg_hub/inst/BSCANID.u_xsdbm_id/CORE_XSDB.UUT_MASTER/U_ICON_INTERFACE/U_CMD6_RD/U_RD_FIFO/SUBCORE_FIFO.xsdbm_v3_0_0_rdfifo_inst/inst_fifo_gen/gconvfifo.rf/grf.rf/gntv_or_sync_fifo.gcx.clkx/gnxpm_cdc.gsync_stage[1].rd_stg_inst/Q_reg_reg[1]/D
  -------------------------------------------------------------------    -------------------

                         (clock dbg_hub/inst/BSCANID.u_xsdbm_id/SWITCH_N_EXT_BSCAN.bscan_inst/SERIES7_BSCAN.bscan_inst/TCK rise edge)
                                                      0.000     0.000 r  
    CONFIG_SITE_X0Y0     BSCANE2                      0.000     0.000 r  dbg_hub/inst/BSCANID.u_xsdbm_id/SWITCH_N_EXT_BSCAN.bscan_inst/SERIES7_BSCAN.bscan_inst/TCK
                         net (fo=1, routed)           1.663     1.663    dbg_hub/inst/BSCANID.u_xsdbm_id/tck_bs
    BUFGCE_X0Y48         BUFGCE (Prop_BUFCE_BUFGCE_I_O)
                                                      0.028     1.691 r  dbg_hub/inst/BSCANID.u_xsdbm_id/SWITCH_N_EXT_BSCAN.u_bufg_icon_tck/O
    X0Y0 (CLOCK_ROOT)    net (fo=490, routed)         1.923     3.614    dbg_hub/inst/BSCANID.u_xsdbm_id/CORE_XSDB.UUT_MASTER/U_ICON_INTERFACE/U_CMD6_RD/U_RD_FIFO/SUBCORE_FIFO.xsdbm_v3_0_0_rdfifo_inst/inst_fifo_gen/gconvfifo.rf/grf.rf/gntv_or_sync_fifo.gcx.clkx/gnxpm_cdc.gsync_stage[1].rd_stg_inst/rd_clk
    SLICE_X19Y27         FDCE                                         r  dbg_hub/inst/BSCANID.u_xsdbm_id/CORE_XSDB.UUT_MASTER/U_ICON_INTERFACE/U_CMD6_RD/U_RD_FIFO/SUBCORE_FIFO.xsdbm_v3_0_0_rdfifo_inst/inst_fifo_gen/gconvfifo.rf/grf.rf/gntv_or_sync_fifo.gcx.clkx/gnxpm_cdc.gsync_stage[1].rd_stg_inst/Q_reg_reg[1]/C
                         clock pessimism              0.000     3.614    
    SLICE_X19Y27         FDCE (Hold_DFF2_SLICEM_C_D)
                                                      0.054     3.668    dbg_hub/inst/BSCANID.u_xsdbm_id/CORE_XSDB.UUT_MASTER/U_ICON_INTERFACE/U_CMD6_RD/U_RD_FIFO/SUBCORE_FIFO.xsdbm_v3_0_0_rdfifo_inst/inst_fifo_gen/gconvfifo.rf/grf.rf/gntv_or_sync_fifo.gcx.clkx/gnxpm_cdc.gsync_stage[1].rd_stg_inst/Q_reg_reg[1]
  -------------------------------------------------------------------
                         data arrival                           2.870    
                         clock arrival                          3.668    
  -------------------------------------------------------------------
                         relative delay                        -0.798    



Id: 11
set_bus_skew -from [get_cells [list {dbg_hub/inst/BSCANID.u_xsdbm_id/CORE_XSDB.UUT_MASTER/U_ICON_INTERFACE/U_CMD6_WR/U_WR_FIFO/SUBCORE_FIFO.xsdbm_v3_0_0_wrfifo_inst/inst_fifo_gen/gconvfifo.rf/grf.rf/gntv_or_sync_fifo.gcx.clkx/gnxpm_cdc.rd_pntr_gc_reg[0]} {dbg_hub/inst/BSCANID.u_xsdbm_id/CORE_XSDB.UUT_MASTER/U_ICON_INTERFACE/U_CMD6_WR/U_WR_FIFO/SUBCORE_FIFO.xsdbm_v3_0_0_wrfifo_inst/inst_fifo_gen/gconvfifo.rf/grf.rf/gntv_or_sync_fifo.gcx.clkx/gnxpm_cdc.rd_pntr_gc_reg[1]} {dbg_hub/inst/BSCANID.u_xsdbm_id/CORE_XSDB.UUT_MASTER/U_ICON_INTERFACE/U_CMD6_WR/U_WR_FIFO/SUBCORE_FIFO.xsdbm_v3_0_0_wrfifo_inst/inst_fifo_gen/gconvfifo.rf/grf.rf/gntv_or_sync_fifo.gcx.clkx/gnxpm_cdc.rd_pntr_gc_reg[2]} {dbg_hub/inst/BSCANID.u_xsdbm_id/CORE_XSDB.UUT_MASTER/U_ICON_INTERFACE/U_CMD6_WR/U_WR_FIFO/SUBCORE_FIFO.xsdbm_v3_0_0_wrfifo_inst/inst_fifo_gen/gconvfifo.rf/grf.rf/gntv_or_sync_fifo.gcx.clkx/gnxpm_cdc.rd_pntr_gc_reg[3]}]] -to [get_cells [list {dbg_hub/inst/BSCANID.u_xsdbm_id/CORE_XSDB.UUT_MASTER/U_ICON_INTERFACE/U_CMD6_WR/U_WR_FIFO/SUBCORE_FIFO.xsdbm_v3_0_0_wrfifo_inst/inst_fifo_gen/gconvfifo.rf/grf.rf/gntv_or_sync_fifo.gcx.clkx/gnxpm_cdc.gsync_stage[1].wr_stg_inst/Q_reg_reg[0]} {dbg_hub/inst/BSCANID.u_xsdbm_id/CORE_XSDB.UUT_MASTER/U_ICON_INTERFACE/U_CMD6_WR/U_WR_FIFO/SUBCORE_FIFO.xsdbm_v3_0_0_wrfifo_inst/inst_fifo_gen/gconvfifo.rf/grf.rf/gntv_or_sync_fifo.gcx.clkx/gnxpm_cdc.gsync_stage[1].wr_stg_inst/Q_reg_reg[1]} {dbg_hub/inst/BSCANID.u_xsdbm_id/CORE_XSDB.UUT_MASTER/U_ICON_INTERFACE/U_CMD6_WR/U_WR_FIFO/SUBCORE_FIFO.xsdbm_v3_0_0_wrfifo_inst/inst_fifo_gen/gconvfifo.rf/grf.rf/gntv_or_sync_fifo.gcx.clkx/gnxpm_cdc.gsync_stage[1].wr_stg_inst/Q_reg_reg[2]} {dbg_hub/inst/BSCANID.u_xsdbm_id/CORE_XSDB.UUT_MASTER/U_ICON_INTERFACE/U_CMD6_WR/U_WR_FIFO/SUBCORE_FIFO.xsdbm_v3_0_0_wrfifo_inst/inst_fifo_gen/gconvfifo.rf/grf.rf/gntv_or_sync_fifo.gcx.clkx/gnxpm_cdc.gsync_stage[1].wr_stg_inst/Q_reg_reg[3]}]] 8.000
Requirement: 8.000ns
Endpoints: 4

From Clock            To Clock              Endpoint Pin                    Reference Pin                   Corner  Actual(ns)  Slack(ns)
--------------------  --------------------  ------------------------------  ------------------------------  ------  ----------  ---------
clk_out5_top_block_clk_wiz_0_0
                      dbg_hub/inst/BSCANID.u_xsdbm_id/SWITCH_N_EXT_BSCAN.bscan_inst/SERIES7_BSCAN.bscan_inst/TCK
                                            dbg_hub/inst/BSCANID.u_xsdbm_id/CORE_XSDB.UUT_MASTER/U_ICON_INTERFACE/U_CMD6_WR/U_WR_FIFO/SUBCORE_FIFO.xsdbm_v3_0_0_wrfifo_inst/inst_fifo_gen/gconvfifo.rf/grf.rf/gntv_or_sync_fifo.gcx.clkx/gnxpm_cdc.gsync_stage[1].wr_stg_inst/Q_reg_reg[0]/D
                                                                            dbg_hub/inst/BSCANID.u_xsdbm_id/CORE_XSDB.UUT_MASTER/U_ICON_INTERFACE/U_CMD6_WR/U_WR_FIFO/SUBCORE_FIFO.xsdbm_v3_0_0_wrfifo_inst/inst_fifo_gen/gconvfifo.rf/grf.rf/gntv_or_sync_fifo.gcx.clkx/gnxpm_cdc.gsync_stage[1].wr_stg_inst/Q_reg_reg[3]/D
                                                                                                            Slow         0.488      7.512


Slack (MET) :             7.512ns  (requirement - actual skew)
  Endpoint Source:        dbg_hub/inst/BSCANID.u_xsdbm_id/CORE_XSDB.UUT_MASTER/U_ICON_INTERFACE/U_CMD6_WR/U_WR_FIFO/SUBCORE_FIFO.xsdbm_v3_0_0_wrfifo_inst/inst_fifo_gen/gconvfifo.rf/grf.rf/gntv_or_sync_fifo.gcx.clkx/gnxpm_cdc.rd_pntr_gc_reg[0]/C
                            (rising edge-triggered cell FDCE clocked by clk_out5_top_block_clk_wiz_0_0)
  Endpoint Destination:   dbg_hub/inst/BSCANID.u_xsdbm_id/CORE_XSDB.UUT_MASTER/U_ICON_INTERFACE/U_CMD6_WR/U_WR_FIFO/SUBCORE_FIFO.xsdbm_v3_0_0_wrfifo_inst/inst_fifo_gen/gconvfifo.rf/grf.rf/gntv_or_sync_fifo.gcx.clkx/gnxpm_cdc.gsync_stage[1].wr_stg_inst/Q_reg_reg[0]/D
                            (rising edge-triggered cell FDCE clocked by dbg_hub/inst/BSCANID.u_xsdbm_id/SWITCH_N_EXT_BSCAN.bscan_inst/SERIES7_BSCAN.bscan_inst/TCK)
  Reference Source:       dbg_hub/inst/BSCANID.u_xsdbm_id/CORE_XSDB.UUT_MASTER/U_ICON_INTERFACE/U_CMD6_WR/U_WR_FIFO/SUBCORE_FIFO.xsdbm_v3_0_0_wrfifo_inst/inst_fifo_gen/gconvfifo.rf/grf.rf/gntv_or_sync_fifo.gcx.clkx/gnxpm_cdc.rd_pntr_gc_reg[3]/C
                            (rising edge-triggered cell FDCE clocked by clk_out5_top_block_clk_wiz_0_0)
  Reference Destination:  dbg_hub/inst/BSCANID.u_xsdbm_id/CORE_XSDB.UUT_MASTER/U_ICON_INTERFACE/U_CMD6_WR/U_WR_FIFO/SUBCORE_FIFO.xsdbm_v3_0_0_wrfifo_inst/inst_fifo_gen/gconvfifo.rf/grf.rf/gntv_or_sync_fifo.gcx.clkx/gnxpm_cdc.gsync_stage[1].wr_stg_inst/Q_reg_reg[3]/D
                            (rising edge-triggered cell FDCE clocked by dbg_hub/inst/BSCANID.u_xsdbm_id/SWITCH_N_EXT_BSCAN.bscan_inst/SERIES7_BSCAN.bscan_inst/TCK)
  Path Type:              Bus Skew (Max at Slow Process Corner)
  Requirement:            8.000ns
  Endpoint Relative Delay:    0.176ns
  Reference Relative Delay:  -0.789ns
  Relative CRPR:              0.477ns
  Actual Bus Skew:            0.488ns  (Endpoint Relative Delay - Reference Relative Delay - Relative CRPR)

Endpoint path:
    Location             Delay type                Incr(ns)  Path(ns)    Netlist Resource(s)
  -------------------------------------------------------------------    -------------------
                         (clock clk_out5_top_block_clk_wiz_0_0 rise edge)
                                                      0.000     0.000 r  
    L17                                               0.000     0.000 r  BASECLK (IN)
                         net (fo=0)                   0.000     0.000    top_block_i/clock_wrapper/clk_wiz_0/inst/clkin1_ibuf/I
    L17                  INBUF (Prop_INBUF_HPIOB_M_PAD_O)
                                                      0.521     0.521 r  top_block_i/clock_wrapper/clk_wiz_0/inst/clkin1_ibuf/INBUF_INST/O
                         net (fo=1, routed)           0.000     0.521    top_block_i/clock_wrapper/clk_wiz_0/inst/clkin1_ibuf/OUT
    L17                  IBUFCTRL (Prop_IBUFCTRL_HPIOB_M_I_O)
                                                      0.000     0.521 r  top_block_i/clock_wrapper/clk_wiz_0/inst/clkin1_ibuf/IBUFCTRL_INST/O
                         net (fo=1, routed)           0.404     0.925    top_block_i/clock_wrapper/clk_wiz_0/inst/clk_in1_top_block_clk_wiz_0_0
    MMCM_X0Y1            MMCME4_ADV (Prop_MMCM_CLKIN1_CLKOUT4)
                                                     -0.106     0.819 r  top_block_i/clock_wrapper/clk_wiz_0/inst/mmcme4_adv_inst/CLKOUT4
                         net (fo=1, routed)           0.270     1.089    top_block_i/clock_wrapper/clk_wiz_0/inst/clk_out5_top_block_clk_wiz_0_0
    BUFGCE_X0Y44         BUFGCE (Prop_BUFCE_BUFGCE_I_O)
                                                      0.028     1.117 r  top_block_i/clock_wrapper/clk_wiz_0/inst/clkout5_buf/O
    X0Y1 (CLOCK_ROOT)    net (fo=10934, routed)       1.373     2.490    dbg_hub/inst/BSCANID.u_xsdbm_id/CORE_XSDB.UUT_MASTER/U_ICON_INTERFACE/U_CMD6_WR/U_WR_FIFO/SUBCORE_FIFO.xsdbm_v3_0_0_wrfifo_inst/inst_fifo_gen/gconvfifo.rf/grf.rf/gntv_or_sync_fifo.gcx.clkx/rd_clk
    SLICE_X30Y30         FDCE                                         r  dbg_hub/inst/BSCANID.u_xsdbm_id/CORE_XSDB.UUT_MASTER/U_ICON_INTERFACE/U_CMD6_WR/U_WR_FIFO/SUBCORE_FIFO.xsdbm_v3_0_0_wrfifo_inst/inst_fifo_gen/gconvfifo.rf/grf.rf/gntv_or_sync_fifo.gcx.clkx/gnxpm_cdc.rd_pntr_gc_reg[0]/C
  -------------------------------------------------------------------    -------------------
    SLICE_X30Y30         FDCE (Prop_BFF_SLICEM_C_Q)
                                                      0.095     2.585 r  dbg_hub/inst/BSCANID.u_xsdbm_id/CORE_XSDB.UUT_MASTER/U_ICON_INTERFACE/U_CMD6_WR/U_WR_FIFO/SUBCORE_FIFO.xsdbm_v3_0_0_wrfifo_inst/inst_fifo_gen/gconvfifo.rf/grf.rf/gntv_or_sync_fifo.gcx.clkx/gnxpm_cdc.rd_pntr_gc_reg[0]/Q
                         net (fo=1, routed)           0.426     3.011    dbg_hub/inst/BSCANID.u_xsdbm_id/CORE_XSDB.UUT_MASTER/U_ICON_INTERFACE/U_CMD6_WR/U_WR_FIFO/SUBCORE_FIFO.xsdbm_v3_0_0_wrfifo_inst/inst_fifo_gen/gconvfifo.rf/grf.rf/gntv_or_sync_fifo.gcx.clkx/gnxpm_cdc.gsync_stage[1].wr_stg_inst/Q[0]
    SLICE_X30Y29         FDCE                                         r  dbg_hub/inst/BSCANID.u_xsdbm_id/CORE_XSDB.UUT_MASTER/U_ICON_INTERFACE/U_CMD6_WR/U_WR_FIFO/SUBCORE_FIFO.xsdbm_v3_0_0_wrfifo_inst/inst_fifo_gen/gconvfifo.rf/grf.rf/gntv_or_sync_fifo.gcx.clkx/gnxpm_cdc.gsync_stage[1].wr_stg_inst/Q_reg_reg[0]/D
  -------------------------------------------------------------------    -------------------

                         (clock dbg_hub/inst/BSCANID.u_xsdbm_id/SWITCH_N_EXT_BSCAN.bscan_inst/SERIES7_BSCAN.bscan_inst/TCK rise edge)
                                                      0.000     0.000 r  
    CONFIG_SITE_X0Y0     BSCANE2                      0.000     0.000 r  dbg_hub/inst/BSCANID.u_xsdbm_id/SWITCH_N_EXT_BSCAN.bscan_inst/SERIES7_BSCAN.bscan_inst/TCK
                         net (fo=1, routed)           1.086     1.086    dbg_hub/inst/BSCANID.u_xsdbm_id/tck_bs
    BUFGCE_X0Y48         BUFGCE (Prop_BUFCE_BUFGCE_I_O)
                                                      0.024     1.110 r  dbg_hub/inst/BSCANID.u_xsdbm_id/SWITCH_N_EXT_BSCAN.u_bufg_icon_tck/O
    X0Y0 (CLOCK_ROOT)    net (fo=490, routed)         1.698     2.808    dbg_hub/inst/BSCANID.u_xsdbm_id/CORE_XSDB.UUT_MASTER/U_ICON_INTERFACE/U_CMD6_WR/U_WR_FIFO/SUBCORE_FIFO.xsdbm_v3_0_0_wrfifo_inst/inst_fifo_gen/gconvfifo.rf/grf.rf/gntv_or_sync_fifo.gcx.clkx/gnxpm_cdc.gsync_stage[1].wr_stg_inst/wr_clk
    SLICE_X30Y29         FDCE                                         r  dbg_hub/inst/BSCANID.u_xsdbm_id/CORE_XSDB.UUT_MASTER/U_ICON_INTERFACE/U_CMD6_WR/U_WR_FIFO/SUBCORE_FIFO.xsdbm_v3_0_0_wrfifo_inst/inst_fifo_gen/gconvfifo.rf/grf.rf/gntv_or_sync_fifo.gcx.clkx/gnxpm_cdc.gsync_stage[1].wr_stg_inst/Q_reg_reg[0]/C
                         clock pessimism              0.000     2.808    
    SLICE_X30Y29         FDCE (Setup_GFF2_SLICEM_C_D)
                                                      0.027     2.835    dbg_hub/inst/BSCANID.u_xsdbm_id/CORE_XSDB.UUT_MASTER/U_ICON_INTERFACE/U_CMD6_WR/U_WR_FIFO/SUBCORE_FIFO.xsdbm_v3_0_0_wrfifo_inst/inst_fifo_gen/gconvfifo.rf/grf.rf/gntv_or_sync_fifo.gcx.clkx/gnxpm_cdc.gsync_stage[1].wr_stg_inst/Q_reg_reg[0]
  -------------------------------------------------------------------
                         data arrival                           3.011    
                         clock arrival                          2.835    
  -------------------------------------------------------------------
                         relative delay                         0.176    

Reference path:
    Location             Delay type                Incr(ns)  Path(ns)    Netlist Resource(s)
  -------------------------------------------------------------------    -------------------
                         (clock clk_out5_top_block_clk_wiz_0_0 rise edge)
                                                      0.000     0.000 r  
    L17                                               0.000     0.000 r  BASECLK (IN)
                         net (fo=0)                   0.000     0.000    top_block_i/clock_wrapper/clk_wiz_0/inst/clkin1_ibuf/I
    L17                  INBUF (Prop_INBUF_HPIOB_M_PAD_O)
                                                      0.255     0.255 r  top_block_i/clock_wrapper/clk_wiz_0/inst/clkin1_ibuf/INBUF_INST/O
                         net (fo=1, routed)           0.000     0.255    top_block_i/clock_wrapper/clk_wiz_0/inst/clkin1_ibuf/OUT
    L17                  IBUFCTRL (Prop_IBUFCTRL_HPIOB_M_I_O)
                                                      0.000     0.255 r  top_block_i/clock_wrapper/clk_wiz_0/inst/clkin1_ibuf/IBUFCTRL_INST/O
                         net (fo=1, routed)           0.351     0.606    top_block_i/clock_wrapper/clk_wiz_0/inst/clk_in1_top_block_clk_wiz_0_0
    MMCM_X0Y1            MMCME4_ADV (Prop_MMCM_CLKIN1_CLKOUT4)
                                                      0.644     1.250 r  top_block_i/clock_wrapper/clk_wiz_0/inst/mmcme4_adv_inst/CLKOUT4
                         net (fo=1, routed)           0.238     1.488    top_block_i/clock_wrapper/clk_wiz_0/inst/clk_out5_top_block_clk_wiz_0_0
    BUFGCE_X0Y44         BUFGCE (Prop_BUFCE_BUFGCE_I_O)
                                                      0.024     1.512 r  top_block_i/clock_wrapper/clk_wiz_0/inst/clkout5_buf/O
    X0Y1 (CLOCK_ROOT)    net (fo=10934, routed)       1.199     2.711    dbg_hub/inst/BSCANID.u_xsdbm_id/CORE_XSDB.UUT_MASTER/U_ICON_INTERFACE/U_CMD6_WR/U_WR_FIFO/SUBCORE_FIFO.xsdbm_v3_0_0_wrfifo_inst/inst_fifo_gen/gconvfifo.rf/grf.rf/gntv_or_sync_fifo.gcx.clkx/rd_clk
    SLICE_X30Y30         FDCE                                         r  dbg_hub/inst/BSCANID.u_xsdbm_id/CORE_XSDB.UUT_MASTER/U_ICON_INTERFACE/U_CMD6_WR/U_WR_FIFO/SUBCORE_FIFO.xsdbm_v3_0_0_wrfifo_inst/inst_fifo_gen/gconvfifo.rf/grf.rf/gntv_or_sync_fifo.gcx.clkx/gnxpm_cdc.rd_pntr_gc_reg[3]/C
  -------------------------------------------------------------------    -------------------
    SLICE_X30Y30         FDCE (Prop_CFF_SLICEM_C_Q)
                                                      0.069     2.780 r  dbg_hub/inst/BSCANID.u_xsdbm_id/CORE_XSDB.UUT_MASTER/U_ICON_INTERFACE/U_CMD6_WR/U_WR_FIFO/SUBCORE_FIFO.xsdbm_v3_0_0_wrfifo_inst/inst_fifo_gen/gconvfifo.rf/grf.rf/gntv_or_sync_fifo.gcx.clkx/gnxpm_cdc.rd_pntr_gc_reg[3]/Q
                         net (fo=1, routed)           0.085     2.865    dbg_hub/inst/BSCANID.u_xsdbm_id/CORE_XSDB.UUT_MASTER/U_ICON_INTERFACE/U_CMD6_WR/U_WR_FIFO/SUBCORE_FIFO.xsdbm_v3_0_0_wrfifo_inst/inst_fifo_gen/gconvfifo.rf/grf.rf/gntv_or_sync_fifo.gcx.clkx/gnxpm_cdc.gsync_stage[1].wr_stg_inst/Q[3]
    SLICE_X30Y30         FDCE                                         r  dbg_hub/inst/BSCANID.u_xsdbm_id/CORE_XSDB.UUT_MASTER/U_ICON_INTERFACE/U_CMD6_WR/U_WR_FIFO/SUBCORE_FIFO.xsdbm_v3_0_0_wrfifo_inst/inst_fifo_gen/gconvfifo.rf/grf.rf/gntv_or_sync_fifo.gcx.clkx/gnxpm_cdc.gsync_stage[1].wr_stg_inst/Q_reg_reg[3]/D
  -------------------------------------------------------------------    -------------------

                         (clock dbg_hub/inst/BSCANID.u_xsdbm_id/SWITCH_N_EXT_BSCAN.bscan_inst/SERIES7_BSCAN.bscan_inst/TCK rise edge)
                                                      0.000     0.000 r  
    CONFIG_SITE_X0Y0     BSCANE2                      0.000     0.000 r  dbg_hub/inst/BSCANID.u_xsdbm_id/SWITCH_N_EXT_BSCAN.bscan_inst/SERIES7_BSCAN.bscan_inst/TCK
                         net (fo=1, routed)           1.663     1.663    dbg_hub/inst/BSCANID.u_xsdbm_id/tck_bs
    BUFGCE_X0Y48         BUFGCE (Prop_BUFCE_BUFGCE_I_O)
                                                      0.028     1.691 r  dbg_hub/inst/BSCANID.u_xsdbm_id/SWITCH_N_EXT_BSCAN.u_bufg_icon_tck/O
    X0Y0 (CLOCK_ROOT)    net (fo=490, routed)         1.908     3.599    dbg_hub/inst/BSCANID.u_xsdbm_id/CORE_XSDB.UUT_MASTER/U_ICON_INTERFACE/U_CMD6_WR/U_WR_FIFO/SUBCORE_FIFO.xsdbm_v3_0_0_wrfifo_inst/inst_fifo_gen/gconvfifo.rf/grf.rf/gntv_or_sync_fifo.gcx.clkx/gnxpm_cdc.gsync_stage[1].wr_stg_inst/wr_clk
    SLICE_X30Y30         FDCE                                         r  dbg_hub/inst/BSCANID.u_xsdbm_id/CORE_XSDB.UUT_MASTER/U_ICON_INTERFACE/U_CMD6_WR/U_WR_FIFO/SUBCORE_FIFO.xsdbm_v3_0_0_wrfifo_inst/inst_fifo_gen/gconvfifo.rf/grf.rf/gntv_or_sync_fifo.gcx.clkx/gnxpm_cdc.gsync_stage[1].wr_stg_inst/Q_reg_reg[3]/C
                         clock pessimism              0.000     3.599    
    SLICE_X30Y30         FDCE (Hold_HFF2_SLICEM_C_D)
                                                      0.055     3.654    dbg_hub/inst/BSCANID.u_xsdbm_id/CORE_XSDB.UUT_MASTER/U_ICON_INTERFACE/U_CMD6_WR/U_WR_FIFO/SUBCORE_FIFO.xsdbm_v3_0_0_wrfifo_inst/inst_fifo_gen/gconvfifo.rf/grf.rf/gntv_or_sync_fifo.gcx.clkx/gnxpm_cdc.gsync_stage[1].wr_stg_inst/Q_reg_reg[3]
  -------------------------------------------------------------------
                         data arrival                           2.865    
                         clock arrival                          3.654    
  -------------------------------------------------------------------
                         relative delay                        -0.789    



Id: 12
set_bus_skew -from [get_cells [list {dbg_hub/inst/BSCANID.u_xsdbm_id/CORE_XSDB.UUT_MASTER/U_ICON_INTERFACE/U_CMD6_WR/U_WR_FIFO/SUBCORE_FIFO.xsdbm_v3_0_0_wrfifo_inst/inst_fifo_gen/gconvfifo.rf/grf.rf/gntv_or_sync_fifo.gcx.clkx/gnxpm_cdc.wr_pntr_gc_reg[0]} {dbg_hub/inst/BSCANID.u_xsdbm_id/CORE_XSDB.UUT_MASTER/U_ICON_INTERFACE/U_CMD6_WR/U_WR_FIFO/SUBCORE_FIFO.xsdbm_v3_0_0_wrfifo_inst/inst_fifo_gen/gconvfifo.rf/grf.rf/gntv_or_sync_fifo.gcx.clkx/gnxpm_cdc.wr_pntr_gc_reg[1]} {dbg_hub/inst/BSCANID.u_xsdbm_id/CORE_XSDB.UUT_MASTER/U_ICON_INTERFACE/U_CMD6_WR/U_WR_FIFO/SUBCORE_FIFO.xsdbm_v3_0_0_wrfifo_inst/inst_fifo_gen/gconvfifo.rf/grf.rf/gntv_or_sync_fifo.gcx.clkx/gnxpm_cdc.wr_pntr_gc_reg[2]} {dbg_hub/inst/BSCANID.u_xsdbm_id/CORE_XSDB.UUT_MASTER/U_ICON_INTERFACE/U_CMD6_WR/U_WR_FIFO/SUBCORE_FIFO.xsdbm_v3_0_0_wrfifo_inst/inst_fifo_gen/gconvfifo.rf/grf.rf/gntv_or_sync_fifo.gcx.clkx/gnxpm_cdc.wr_pntr_gc_reg[3]}]] -to [get_cells [list {dbg_hub/inst/BSCANID.u_xsdbm_id/CORE_XSDB.UUT_MASTER/U_ICON_INTERFACE/U_CMD6_WR/U_WR_FIFO/SUBCORE_FIFO.xsdbm_v3_0_0_wrfifo_inst/inst_fifo_gen/gconvfifo.rf/grf.rf/gntv_or_sync_fifo.gcx.clkx/gnxpm_cdc.gsync_stage[1].rd_stg_inst/Q_reg_reg[0]} {dbg_hub/inst/BSCANID.u_xsdbm_id/CORE_XSDB.UUT_MASTER/U_ICON_INTERFACE/U_CMD6_WR/U_WR_FIFO/SUBCORE_FIFO.xsdbm_v3_0_0_wrfifo_inst/inst_fifo_gen/gconvfifo.rf/grf.rf/gntv_or_sync_fifo.gcx.clkx/gnxpm_cdc.gsync_stage[1].rd_stg_inst/Q_reg_reg[1]} {dbg_hub/inst/BSCANID.u_xsdbm_id/CORE_XSDB.UUT_MASTER/U_ICON_INTERFACE/U_CMD6_WR/U_WR_FIFO/SUBCORE_FIFO.xsdbm_v3_0_0_wrfifo_inst/inst_fifo_gen/gconvfifo.rf/grf.rf/gntv_or_sync_fifo.gcx.clkx/gnxpm_cdc.gsync_stage[1].rd_stg_inst/Q_reg_reg[2]} {dbg_hub/inst/BSCANID.u_xsdbm_id/CORE_XSDB.UUT_MASTER/U_ICON_INTERFACE/U_CMD6_WR/U_WR_FIFO/SUBCORE_FIFO.xsdbm_v3_0_0_wrfifo_inst/inst_fifo_gen/gconvfifo.rf/grf.rf/gntv_or_sync_fifo.gcx.clkx/gnxpm_cdc.gsync_stage[1].rd_stg_inst/Q_reg_reg[3]}]] 8.000
Requirement: 8.000ns
Endpoints: 4

From Clock            To Clock              Endpoint Pin                    Reference Pin                   Corner  Actual(ns)  Slack(ns)
--------------------  --------------------  ------------------------------  ------------------------------  ------  ----------  ---------
dbg_hub/inst/BSCANID.u_xsdbm_id/SWITCH_N_EXT_BSCAN.bscan_inst/SERIES7_BSCAN.bscan_inst/TCK
                      clk_out5_top_block_clk_wiz_0_0
                                            dbg_hub/inst/BSCANID.u_xsdbm_id/CORE_XSDB.UUT_MASTER/U_ICON_INTERFACE/U_CMD6_WR/U_WR_FIFO/SUBCORE_FIFO.xsdbm_v3_0_0_wrfifo_inst/inst_fifo_gen/gconvfifo.rf/grf.rf/gntv_or_sync_fifo.gcx.clkx/gnxpm_cdc.gsync_stage[1].rd_stg_inst/Q_reg_reg[3]/D
                                                                            dbg_hub/inst/BSCANID.u_xsdbm_id/CORE_XSDB.UUT_MASTER/U_ICON_INTERFACE/U_CMD6_WR/U_WR_FIFO/SUBCORE_FIFO.xsdbm_v3_0_0_wrfifo_inst/inst_fifo_gen/gconvfifo.rf/grf.rf/gntv_or_sync_fifo.gcx.clkx/gnxpm_cdc.gsync_stage[1].rd_stg_inst/Q_reg_reg[0]/D
                                                                                                            Slow         0.606      7.394


Slack (MET) :             7.394ns  (requirement - actual skew)
  Endpoint Source:        dbg_hub/inst/BSCANID.u_xsdbm_id/CORE_XSDB.UUT_MASTER/U_ICON_INTERFACE/U_CMD6_WR/U_WR_FIFO/SUBCORE_FIFO.xsdbm_v3_0_0_wrfifo_inst/inst_fifo_gen/gconvfifo.rf/grf.rf/gntv_or_sync_fifo.gcx.clkx/gnxpm_cdc.wr_pntr_gc_reg[3]/C
                            (rising edge-triggered cell FDCE clocked by dbg_hub/inst/BSCANID.u_xsdbm_id/SWITCH_N_EXT_BSCAN.bscan_inst/SERIES7_BSCAN.bscan_inst/TCK)
  Endpoint Destination:   dbg_hub/inst/BSCANID.u_xsdbm_id/CORE_XSDB.UUT_MASTER/U_ICON_INTERFACE/U_CMD6_WR/U_WR_FIFO/SUBCORE_FIFO.xsdbm_v3_0_0_wrfifo_inst/inst_fifo_gen/gconvfifo.rf/grf.rf/gntv_or_sync_fifo.gcx.clkx/gnxpm_cdc.gsync_stage[1].rd_stg_inst/Q_reg_reg[3]/D
                            (rising edge-triggered cell FDCE clocked by clk_out5_top_block_clk_wiz_0_0)
  Reference Source:       dbg_hub/inst/BSCANID.u_xsdbm_id/CORE_XSDB.UUT_MASTER/U_ICON_INTERFACE/U_CMD6_WR/U_WR_FIFO/SUBCORE_FIFO.xsdbm_v3_0_0_wrfifo_inst/inst_fifo_gen/gconvfifo.rf/grf.rf/gntv_or_sync_fifo.gcx.clkx/gnxpm_cdc.wr_pntr_gc_reg[0]/C
                            (rising edge-triggered cell FDCE clocked by dbg_hub/inst/BSCANID.u_xsdbm_id/SWITCH_N_EXT_BSCAN.bscan_inst/SERIES7_BSCAN.bscan_inst/TCK)
  Reference Destination:  dbg_hub/inst/BSCANID.u_xsdbm_id/CORE_XSDB.UUT_MASTER/U_ICON_INTERFACE/U_CMD6_WR/U_WR_FIFO/SUBCORE_FIFO.xsdbm_v3_0_0_wrfifo_inst/inst_fifo_gen/gconvfifo.rf/grf.rf/gntv_or_sync_fifo.gcx.clkx/gnxpm_cdc.gsync_stage[1].rd_stg_inst/Q_reg_reg[0]/D
                            (rising edge-triggered cell FDCE clocked by clk_out5_top_block_clk_wiz_0_0)
  Path Type:              Bus Skew (Max at Slow Process Corner)
  Requirement:            8.000ns
  Endpoint Relative Delay:    1.591ns
  Reference Relative Delay:   0.598ns
  Relative CRPR:              0.388ns
  Actual Bus Skew:            0.606ns  (Endpoint Relative Delay - Reference Relative Delay - Relative CRPR)

Endpoint path:
    Location             Delay type                Incr(ns)  Path(ns)    Netlist Resource(s)
  -------------------------------------------------------------------    -------------------
                         (clock dbg_hub/inst/BSCANID.u_xsdbm_id/SWITCH_N_EXT_BSCAN.bscan_inst/SERIES7_BSCAN.bscan_inst/TCK rise edge)
                                                      0.000     0.000 r  
    CONFIG_SITE_X0Y0     BSCANE2                      0.000     0.000 r  dbg_hub/inst/BSCANID.u_xsdbm_id/SWITCH_N_EXT_BSCAN.bscan_inst/SERIES7_BSCAN.bscan_inst/TCK
                         net (fo=1, routed)           1.663     1.663    dbg_hub/inst/BSCANID.u_xsdbm_id/tck_bs
    BUFGCE_X0Y48         BUFGCE (Prop_BUFCE_BUFGCE_I_O)
                                                      0.028     1.691 r  dbg_hub/inst/BSCANID.u_xsdbm_id/SWITCH_N_EXT_BSCAN.u_bufg_icon_tck/O
    X0Y0 (CLOCK_ROOT)    net (fo=490, routed)         1.908     3.599    dbg_hub/inst/BSCANID.u_xsdbm_id/CORE_XSDB.UUT_MASTER/U_ICON_INTERFACE/U_CMD6_WR/U_WR_FIFO/SUBCORE_FIFO.xsdbm_v3_0_0_wrfifo_inst/inst_fifo_gen/gconvfifo.rf/grf.rf/gntv_or_sync_fifo.gcx.clkx/wr_clk
    SLICE_X30Y30         FDCE                                         r  dbg_hub/inst/BSCANID.u_xsdbm_id/CORE_XSDB.UUT_MASTER/U_ICON_INTERFACE/U_CMD6_WR/U_WR_FIFO/SUBCORE_FIFO.xsdbm_v3_0_0_wrfifo_inst/inst_fifo_gen/gconvfifo.rf/grf.rf/gntv_or_sync_fifo.gcx.clkx/gnxpm_cdc.wr_pntr_gc_reg[3]/C
  -------------------------------------------------------------------    -------------------
    SLICE_X30Y30         FDCE (Prop_EFF_SLICEM_C_Q)
                                                      0.093     3.692 r  dbg_hub/inst/BSCANID.u_xsdbm_id/CORE_XSDB.UUT_MASTER/U_ICON_INTERFACE/U_CMD6_WR/U_WR_FIFO/SUBCORE_FIFO.xsdbm_v3_0_0_wrfifo_inst/inst_fifo_gen/gconvfifo.rf/grf.rf/gntv_or_sync_fifo.gcx.clkx/gnxpm_cdc.wr_pntr_gc_reg[3]/Q
                         net (fo=1, routed)           0.637     4.329    dbg_hub/inst/BSCANID.u_xsdbm_id/CORE_XSDB.UUT_MASTER/U_ICON_INTERFACE/U_CMD6_WR/U_WR_FIFO/SUBCORE_FIFO.xsdbm_v3_0_0_wrfifo_inst/inst_fifo_gen/gconvfifo.rf/grf.rf/gntv_or_sync_fifo.gcx.clkx/gnxpm_cdc.gsync_stage[1].rd_stg_inst/Q[3]
    SLICE_X30Y30         FDCE                                         r  dbg_hub/inst/BSCANID.u_xsdbm_id/CORE_XSDB.UUT_MASTER/U_ICON_INTERFACE/U_CMD6_WR/U_WR_FIFO/SUBCORE_FIFO.xsdbm_v3_0_0_wrfifo_inst/inst_fifo_gen/gconvfifo.rf/grf.rf/gntv_or_sync_fifo.gcx.clkx/gnxpm_cdc.gsync_stage[1].rd_stg_inst/Q_reg_reg[3]/D
  -------------------------------------------------------------------    -------------------

                         (clock clk_out5_top_block_clk_wiz_0_0 rise edge)
                                                      0.000     0.000 r  
    L17                                               0.000     0.000 r  BASECLK (IN)
                         net (fo=0)                   0.000     0.000    top_block_i/clock_wrapper/clk_wiz_0/inst/clkin1_ibuf/I
    L17                  INBUF (Prop_INBUF_HPIOB_M_PAD_O)
                                                      0.255     0.255 r  top_block_i/clock_wrapper/clk_wiz_0/inst/clkin1_ibuf/INBUF_INST/O
                         net (fo=1, routed)           0.000     0.255    top_block_i/clock_wrapper/clk_wiz_0/inst/clkin1_ibuf/OUT
    L17                  IBUFCTRL (Prop_IBUFCTRL_HPIOB_M_I_O)
                                                      0.000     0.255 r  top_block_i/clock_wrapper/clk_wiz_0/inst/clkin1_ibuf/IBUFCTRL_INST/O
                         net (fo=1, routed)           0.351     0.606    top_block_i/clock_wrapper/clk_wiz_0/inst/clk_in1_top_block_clk_wiz_0_0
    MMCM_X0Y1            MMCME4_ADV (Prop_MMCM_CLKIN1_CLKOUT4)
                                                      0.644     1.250 r  top_block_i/clock_wrapper/clk_wiz_0/inst/mmcme4_adv_inst/CLKOUT4
                         net (fo=1, routed)           0.238     1.488    top_block_i/clock_wrapper/clk_wiz_0/inst/clk_out5_top_block_clk_wiz_0_0
    BUFGCE_X0Y44         BUFGCE (Prop_BUFCE_BUFGCE_I_O)
                                                      0.024     1.512 r  top_block_i/clock_wrapper/clk_wiz_0/inst/clkout5_buf/O
    X0Y1 (CLOCK_ROOT)    net (fo=10934, routed)       1.199     2.711    dbg_hub/inst/BSCANID.u_xsdbm_id/CORE_XSDB.UUT_MASTER/U_ICON_INTERFACE/U_CMD6_WR/U_WR_FIFO/SUBCORE_FIFO.xsdbm_v3_0_0_wrfifo_inst/inst_fifo_gen/gconvfifo.rf/grf.rf/gntv_or_sync_fifo.gcx.clkx/gnxpm_cdc.gsync_stage[1].rd_stg_inst/rd_clk
    SLICE_X30Y30         FDCE                                         r  dbg_hub/inst/BSCANID.u_xsdbm_id/CORE_XSDB.UUT_MASTER/U_ICON_INTERFACE/U_CMD6_WR/U_WR_FIFO/SUBCORE_FIFO.xsdbm_v3_0_0_wrfifo_inst/inst_fifo_gen/gconvfifo.rf/grf.rf/gntv_or_sync_fifo.gcx.clkx/gnxpm_cdc.gsync_stage[1].rd_stg_inst/Q_reg_reg[3]/C
                         clock pessimism              0.000     2.711    
    SLICE_X30Y30         FDCE (Setup_BFF2_SLICEM_C_D)
                                                      0.027     2.738    dbg_hub/inst/BSCANID.u_xsdbm_id/CORE_XSDB.UUT_MASTER/U_ICON_INTERFACE/U_CMD6_WR/U_WR_FIFO/SUBCORE_FIFO.xsdbm_v3_0_0_wrfifo_inst/inst_fifo_gen/gconvfifo.rf/grf.rf/gntv_or_sync_fifo.gcx.clkx/gnxpm_cdc.gsync_stage[1].rd_stg_inst/Q_reg_reg[3]
  -------------------------------------------------------------------
                         data arrival                           4.329    
                         clock arrival                          2.738    
  -------------------------------------------------------------------
                         relative delay                         1.591    

Reference path:
    Location             Delay type                Incr(ns)  Path(ns)    Netlist Resource(s)
  -------------------------------------------------------------------    -------------------
                         (clock dbg_hub/inst/BSCANID.u_xsdbm_id/SWITCH_N_EXT_BSCAN.bscan_inst/SERIES7_BSCAN.bscan_inst/TCK rise edge)
                                                      0.000     0.000 r  
    CONFIG_SITE_X0Y0     BSCANE2                      0.000     0.000 r  dbg_hub/inst/BSCANID.u_xsdbm_id/SWITCH_N_EXT_BSCAN.bscan_inst/SERIES7_BSCAN.bscan_inst/TCK
                         net (fo=1, routed)           1.086     1.086    dbg_hub/inst/BSCANID.u_xsdbm_id/tck_bs
    BUFGCE_X0Y48         BUFGCE (Prop_BUFCE_BUFGCE_I_O)
                                                      0.024     1.110 r  dbg_hub/inst/BSCANID.u_xsdbm_id/SWITCH_N_EXT_BSCAN.u_bufg_icon_tck/O
    X0Y0 (CLOCK_ROOT)    net (fo=490, routed)         1.769     2.879    dbg_hub/inst/BSCANID.u_xsdbm_id/CORE_XSDB.UUT_MASTER/U_ICON_INTERFACE/U_CMD6_WR/U_WR_FIFO/SUBCORE_FIFO.xsdbm_v3_0_0_wrfifo_inst/inst_fifo_gen/gconvfifo.rf/grf.rf/gntv_or_sync_fifo.gcx.clkx/wr_clk
    SLICE_X31Y28         FDCE                                         r  dbg_hub/inst/BSCANID.u_xsdbm_id/CORE_XSDB.UUT_MASTER/U_ICON_INTERFACE/U_CMD6_WR/U_WR_FIFO/SUBCORE_FIFO.xsdbm_v3_0_0_wrfifo_inst/inst_fifo_gen/gconvfifo.rf/grf.rf/gntv_or_sync_fifo.gcx.clkx/gnxpm_cdc.wr_pntr_gc_reg[0]/C
  -------------------------------------------------------------------    -------------------
    SLICE_X31Y28         FDCE (Prop_DFF_SLICEM_C_Q)
                                                      0.070     2.949 r  dbg_hub/inst/BSCANID.u_xsdbm_id/CORE_XSDB.UUT_MASTER/U_ICON_INTERFACE/U_CMD6_WR/U_WR_FIFO/SUBCORE_FIFO.xsdbm_v3_0_0_wrfifo_inst/inst_fifo_gen/gconvfifo.rf/grf.rf/gntv_or_sync_fifo.gcx.clkx/gnxpm_cdc.wr_pntr_gc_reg[0]/Q
                         net (fo=1, routed)           0.199     3.148    dbg_hub/inst/BSCANID.u_xsdbm_id/CORE_XSDB.UUT_MASTER/U_ICON_INTERFACE/U_CMD6_WR/U_WR_FIFO/SUBCORE_FIFO.xsdbm_v3_0_0_wrfifo_inst/inst_fifo_gen/gconvfifo.rf/grf.rf/gntv_or_sync_fifo.gcx.clkx/gnxpm_cdc.gsync_stage[1].rd_stg_inst/Q[0]
    SLICE_X29Y31         FDCE                                         r  dbg_hub/inst/BSCANID.u_xsdbm_id/CORE_XSDB.UUT_MASTER/U_ICON_INTERFACE/U_CMD6_WR/U_WR_FIFO/SUBCORE_FIFO.xsdbm_v3_0_0_wrfifo_inst/inst_fifo_gen/gconvfifo.rf/grf.rf/gntv_or_sync_fifo.gcx.clkx/gnxpm_cdc.gsync_stage[1].rd_stg_inst/Q_reg_reg[0]/D
  -------------------------------------------------------------------    -------------------

                         (clock clk_out5_top_block_clk_wiz_0_0 rise edge)
                                                      0.000     0.000 r  
    L17                                               0.000     0.000 r  BASECLK (IN)
                         net (fo=0)                   0.000     0.000    top_block_i/clock_wrapper/clk_wiz_0/inst/clkin1_ibuf/I
    L17                  INBUF (Prop_INBUF_HPIOB_M_PAD_O)
                                                      0.521     0.521 r  top_block_i/clock_wrapper/clk_wiz_0/inst/clkin1_ibuf/INBUF_INST/O
                         net (fo=1, routed)           0.000     0.521    top_block_i/clock_wrapper/clk_wiz_0/inst/clkin1_ibuf/OUT
    L17                  IBUFCTRL (Prop_IBUFCTRL_HPIOB_M_I_O)
                                                      0.000     0.521 r  top_block_i/clock_wrapper/clk_wiz_0/inst/clkin1_ibuf/IBUFCTRL_INST/O
                         net (fo=1, routed)           0.404     0.925    top_block_i/clock_wrapper/clk_wiz_0/inst/clk_in1_top_block_clk_wiz_0_0
    MMCM_X0Y1            MMCME4_ADV (Prop_MMCM_CLKIN1_CLKOUT4)
                                                     -0.106     0.819 r  top_block_i/clock_wrapper/clk_wiz_0/inst/mmcme4_adv_inst/CLKOUT4
                         net (fo=1, routed)           0.270     1.089    top_block_i/clock_wrapper/clk_wiz_0/inst/clk_out5_top_block_clk_wiz_0_0
    BUFGCE_X0Y44         BUFGCE (Prop_BUFCE_BUFGCE_I_O)
                                                      0.028     1.117 r  top_block_i/clock_wrapper/clk_wiz_0/inst/clkout5_buf/O
    X0Y1 (CLOCK_ROOT)    net (fo=10934, routed)       1.378     2.495    dbg_hub/inst/BSCANID.u_xsdbm_id/CORE_XSDB.UUT_MASTER/U_ICON_INTERFACE/U_CMD6_WR/U_WR_FIFO/SUBCORE_FIFO.xsdbm_v3_0_0_wrfifo_inst/inst_fifo_gen/gconvfifo.rf/grf.rf/gntv_or_sync_fifo.gcx.clkx/gnxpm_cdc.gsync_stage[1].rd_stg_inst/rd_clk
    SLICE_X29Y31         FDCE                                         r  dbg_hub/inst/BSCANID.u_xsdbm_id/CORE_XSDB.UUT_MASTER/U_ICON_INTERFACE/U_CMD6_WR/U_WR_FIFO/SUBCORE_FIFO.xsdbm_v3_0_0_wrfifo_inst/inst_fifo_gen/gconvfifo.rf/grf.rf/gntv_or_sync_fifo.gcx.clkx/gnxpm_cdc.gsync_stage[1].rd_stg_inst/Q_reg_reg[0]/C
                         clock pessimism              0.000     2.495    
    SLICE_X29Y31         FDCE (Hold_CFF2_SLICEL_C_D)
                                                      0.055     2.550    dbg_hub/inst/BSCANID.u_xsdbm_id/CORE_XSDB.UUT_MASTER/U_ICON_INTERFACE/U_CMD6_WR/U_WR_FIFO/SUBCORE_FIFO.xsdbm_v3_0_0_wrfifo_inst/inst_fifo_gen/gconvfifo.rf/grf.rf/gntv_or_sync_fifo.gcx.clkx/gnxpm_cdc.gsync_stage[1].rd_stg_inst/Q_reg_reg[0]
  -------------------------------------------------------------------
                         data arrival                           3.148    
                         clock arrival                          2.550    
  -------------------------------------------------------------------
                         relative delay                         0.598    



